/**
 * generated by fontconvert.py
 * name: notoserif_c15_italic
 * size: 0
 * mode: 2-bit  compressed: true
 * Command used: fontconvert.py notoserif_c15_italic 0 ../builtinFonts/source/NotoSerif/NotoSerif-Italic.ttf --2bit --compress --pnum --ppem 15 --additional-intervals 0x0250,0x02AF --additional-intervals 0x02B0,0x02FF
 */
#pragma once
#include "EpdFontData.h"

static const uint8_t notoserif_c15_italicBitmaps[17706] = {
    0x85, 0x56, 0x4F, 0x88, 0x24, 0x57, 0x19, 0xFF, 0xD5, 0x7B, 0x99, 0xAE, 0xE9, 0xAE, 0x3F, 0x3D,
    0xC2, 0x28, 0x93, 0xA5, 0x7A, 0xB7, 0x0F, 0x4D, 0xEC, 0x6C, 0x6A, 0xA6, 0x4B, 0x28, 0xA4, 0x74,
    0x9B, 0x9D, 0x87, 0x7B, 0x10, 0x0C, 0xE8, 0x1C, 0x0C, 0x06, 0xCC, 0x61, 0xBC, 0xE9, 0xB2, 0x98,
    0x42, 0x3A, 0xB0, 0xD1, 0xB0, 0x3C, 0x67, 0xC1, 0xE0, 0x45, 0x2A, 0x39, 0x09, 0xA2, 0x34, 0xB8,
    0x87, 0x75, 0x58, 0x4C, 0x21, 0x23, 0xCC, 0x61, 0xB3, 0xFB, 0x62, 0x40, 0x50, 0x2F, 0x65, 0xA2,
    0x84, 0x9C, 0x2C, 0x61, 0x0F, 0xA2, 0x31, 0xF6, 0x61, 0x0E, 0xA3, 0xEC, 0x64, 0xFC, 0xBD, 0xEA,
    0xEE, 0xCD, 0x6E, 0x44, 0xAD, 0xAA, 0x7E, 0x33, 0xAF, 0xEA, 0xAB, 0xEF, 0xFB, 0x7D, 0xBF, 0xEF,
    0x5F, 0x09, 0x25, 0x95, 0x0B, 0x17, 0x1D, 0x04, 0xF0, 0x79, 0x02, 0x43, 0x64, 0x76, 0x2D, 0xD2,
    0x2A, 0x31, 0x7D, 0x85, 0x3D, 0x38, 0xDF, 0x83, 0x58, 0xC5, 0xE8, 0x54, 0xB5, 0x36, 0xD0, 0x1E,
    0xC0, 0x4F, 0x70, 0xF7, 0x04, 0xEB, 0x3B, 0xE8, 0x6B, 0x24, 0x06, 0x58, 0x43, 0x22, 0xEF, 0x84,
    0x5F, 0x09, 0x74, 0xD7, 0xC8, 0x1A, 0xF7, 0x3F, 0xF6, 0xDC, 0x2F, 0xA2, 0x0B, 0x13, 0x57, 0x09,
    0x2A, 0x11, 0xC5, 0x2A, 0xC5, 0x53, 0x0C, 0x93, 0x29, 0x52, 0xCA, 0x26, 0x3F, 0x5D, 0x41, 0xFA,
    0x9B, 0x6F, 0xA9, 0xCE, 0xC6, 0x5B, 0x7C, 0xF7, 0x57, 0x1A, 0xAF, 0xBC, 0xA9, 0x9C, 0xEF, 0xBE,
    0x09, 0x89, 0xBF, 0xA3, 0x39, 0xEE, 0x40, 0x5E, 0xD7, 0xF2, 0x73, 0x5A, 0xBE, 0xAC, 0xC4, 0x5F,
    0xD6, 0xBD, 0xFA, 0x20, 0x4B, 0x4D, 0xBE, 0xA5, 0xF3, 0x2E, 0x52, 0x4F, 0x9F, 0xFB, 0xE5, 0x8C,
    0x22, 0x83, 0x34, 0xE9, 0xF3, 0xCF, 0x54, 0xAA, 0x0E, 0x22, 0xC4, 0x04, 0x9B, 0x22, 0x6F, 0xCE,
    0x14, 0x1B, 0x58, 0xE1, 0x23, 0xA9, 0x60, 0x50, 0x61, 0xCA, 0xB3, 0xE6, 0x59, 0x09, 0x23, 0xB5,
    0x47, 0xD9, 0x5D, 0x6B, 0x41, 0x0D, 0xCC, 0xD9, 0x1F, 0x3E, 0x75, 0xEF, 0x89, 0x89, 0x5C, 0x77,
    0xB8, 0x73, 0xB4, 0xA3, 0xB7, 0x4F, 0xEC, 0x0A, 0x1D, 0x6F, 0xFA, 0x03, 0x5C, 0xC6, 0x33, 0xC8,
    0x4B, 0xC0, 0x41, 0x9B, 0x6C, 0x0C, 0x90, 0xA0, 0x80, 0x71, 0x94, 0x44, 0x8B, 0xDB, 0x0D, 0x6E,
    0xFB, 0x70, 0x8E, 0xBD, 0xC0, 0xF7, 0x86, 0x5E, 0xCA, 0x33, 0x0F, 0xF3, 0x20, 0x8F, 0xD2, 0xF4,
    0x6C, 0x65, 0xA1, 0x39, 0x47, 0x61, 0x8E, 0x12, 0x33, 0x6B, 0xD5, 0x31, 0xD6, 0xEE, 0xE8, 0x9E,
    0x73, 0x07, 0xEE, 0x25, 0xE5, 0x4A, 0x6D, 0x71, 0x75, 0x40, 0x1C, 0x04, 0x42, 0x73, 0x1D, 0x07,
    0xC3, 0x0E, 0xB6, 0x4F, 0x96, 0x4E, 0xCF, 0x05, 0x42, 0xE0, 0x18, 0x76, 0xF5, 0xB0, 0xE6, 0x21,
    0x0D, 0xB0, 0x75, 0xD0, 0x10, 0x23, 0x14, 0xBA, 0x0A, 0x17, 0x80, 0x1F, 0x41, 0xFC, 0x00, 0xAD,
    0x00, 0x51, 0x84, 0xED, 0x53, 0x4D, 0xFF, 0x49, 0x80, 0xF8, 0x00, 0x62, 0xBF, 0xF5, 0xD5, 0x55,
    0xC7, 0xC7, 0xE3, 0xEA, 0xF1, 0x03, 0x8C, 0x79, 0x3B, 0xAE, 0xD2, 0xEF, 0x58, 0x4C, 0x3F, 0x87,
    0xBC, 0xA4, 0x3A, 0xC2, 0x9A, 0x8D, 0x77, 0x70, 0xF1, 0x8A, 0xD5, 0x69, 0xAF, 0x08, 0xC3, 0x21,
    0xC2, 0xDA, 0xEA, 0x3E, 0xFF, 0xB3, 0x17, 0xAE, 0xE8, 0x21, 0x09, 0x24, 0x66, 0xCB, 0xAA, 0x4F,
    0x95, 0x39, 0xC4, 0x71, 0xE8, 0x45, 0x6E, 0xD4, 0xE9, 0x0E, 0xDD, 0xD9, 0xF0, 0xA5, 0x32, 0xAA,
    0xFD, 0x32, 0xDE, 0xA2, 0xBC, 0x38, 0x0A, 0x83, 0xB8, 0x93, 0x79, 0x59, 0x18, 0x6F, 0x79, 0x3F,
    0xA6, 0xA5, 0x74, 0xB7, 0xBC, 0xA0, 0xA9, 0x26, 0x0C, 0xAC, 0xB2, 0x34, 0xB7, 0x11, 0xD0, 0x74,
    0x65, 0x71, 0xF4, 0xE8, 0x4D, 0x9B, 0x44, 0x36, 0x47, 0x1B, 0x07, 0xAE, 0x1A, 0xD3, 0x39, 0xA7,
    0xE6, 0x03, 0x7C, 0xFC, 0xCB, 0xE7, 0x6F, 0x2E, 0xD7, 0x94, 0x72, 0xCD, 0x5D, 0x4A, 0xD8, 0x04,
    0xF4, 0xEA, 0x2C, 0x4B, 0x6C, 0x78, 0x4B, 0x57, 0xCF, 0x13, 0x33, 0xA6, 0x63, 0x3C, 0xCE, 0x4C,
    0x81, 0x7B, 0x3D, 0x92, 0x25, 0x54, 0xD0, 0x99, 0x9A, 0x28, 0xCD, 0xCD, 0x60, 0x3A, 0x35, 0x49,
    0x55, 0xF1, 0xF7, 0x7B, 0x9D, 0xFC, 0xF9, 0x6D, 0xA4, 0x9B, 0x9B, 0xD6, 0x61, 0xD2, 0xBD, 0x0E,
    0xE7, 0x5F, 0x05, 0x96, 0x14, 0x7A, 0x1A, 0xA1, 0xC6, 0x13, 0x06, 0x5F, 0x33, 0x78, 0xC3, 0x38,
    0x7F, 0xAC, 0xE4, 0x33, 0x55, 0x1B, 0xB5, 0x8F, 0xD9, 0x35, 0x71, 0x2C, 0xF6, 0x35, 0xEA, 0x19,
    0xAA, 0x89, 0x63, 0x72, 0x61, 0x6A, 0x71, 0xAA, 0xA5, 0xAE, 0xA4, 0xAA, 0x5D, 0xD4, 0x9E, 0x30,
    0xA3, 0x0F, 0x80, 0xE7, 0x35, 0xEF, 0x7B, 0x28, 0x88, 0x7C, 0x6C, 0x79, 0x27, 0x66, 0x7B, 0xF1,
    0x9F, 0x4D, 0x01, 0xEF, 0xA4, 0x31, 0x62, 0x95, 0x4C, 0x50, 0xC5, 0x8E, 0xE9, 0x09, 0x13, 0x08,
    0xD3, 0x93, 0x3A, 0x96, 0x6A, 0xEC, 0x22, 0xF7, 0x9C, 0x6A, 0x64, 0x03, 0x75, 0x03, 0x75, 0x8A,
    0xAA, 0xEF, 0x18, 0x08, 0x5E, 0x7F, 0x55, 0xF3, 0xC0, 0xBB, 0x50, 0x1E, 0xCC, 0xE8, 0xD4, 0xFC,
    0x87, 0x00, 0x96, 0x02, 0xA4, 0x0D, 0x23, 0x3A, 0xF3, 0x7C, 0x25, 0xAA, 0x03, 0x0F, 0xC9, 0x87,
    0x30, 0xDC, 0xA3, 0xD4, 0x31, 0x99, 0x30, 0x31, 0x13, 0xFD, 0x1F, 0x96, 0x79, 0x71, 0xF3, 0x4C,
    0x81, 0x19, 0xE5, 0x2B, 0x52, 0x6D, 0x42, 0x2A, 0x0A, 0x20, 0x4E, 0xEF, 0x53, 0x55, 0x4C, 0x5D,
    0x63, 0x2A, 0xCB, 0xA8, 0x2D, 0xC5, 0x68, 0xEF, 0x84, 0xB2, 0x4C, 0xD8, 0x26, 0x5D, 0x6D, 0xC2,
    0xDA, 0x6E, 0xE0, 0x61, 0xA4, 0x71, 0x5E, 0xDB, 0x34, 0x0C, 0x9A, 0x84, 0x8D, 0x1F, 0xF2, 0x96,
    0xF1, 0x65, 0x79, 0x30, 0x11, 0x2A, 0x6A, 0x86, 0xAB, 0xF0, 0xA4, 0x35, 0x77, 0x1E, 0x98, 0x51,
    0xAA, 0x62, 0x6A, 0xB3, 0xAC, 0xC5, 0x6F, 0x79, 0xEF, 0x7D, 0xE6, 0xC1, 0x9F, 0xF8, 0xFB, 0x3C,
    0xB1, 0x4B, 0x03, 0x72, 0x48, 0xB5, 0x47, 0xD6, 0x1C, 0xED, 0xCD, 0xDF, 0x16, 0xCD, 0xB5, 0xF4,
    0xAF, 0x58, 0x10, 0x70, 0x83, 0x45, 0x78, 0x8C, 0x23, 0x1C, 0x8B, 0xD2, 0xB9, 0xD5, 0x2A, 0xC5,
    0x73, 0x7E, 0x2D, 0xA2, 0xF5, 0x4A, 0x06, 0x9F, 0x32, 0x32, 0x78, 0xD5, 0xB4, 0xBA, 0x7B, 0xBA,
    0xED, 0xB1, 0xB4, 0xBE, 0xD0, 0xAD, 0xC4, 0xF4, 0x8C, 0xC6, 0x8C, 0xD4, 0x1C, 0xB7, 0xE0, 0xDC,
    0x6A, 0x43, 0x7C, 0xD1, 0x87, 0xF0, 0x7C, 0x48, 0xF9, 0x2C, 0x7F, 0x7F, 0x40, 0xCB, 0x39, 0x62,
    0xCE, 0xCD, 0x30, 0x52, 0xF9, 0x3C, 0x7C, 0xE4, 0x24, 0xED, 0x21, 0x63, 0x5E, 0x65, 0xC8, 0x52,
    0x4C, 0x52, 0xCC, 0x32, 0xA7, 0xB2, 0xBC, 0xBD, 0x3E, 0x0F, 0x9F, 0x42, 0xCD, 0xE2, 0xCD, 0x9B,
    0x1C, 0x28, 0xC5, 0x1B, 0x95, 0x7C, 0xFF, 0x23, 0xE4, 0xFF, 0x3F, 0x25, 0x75, 0x73, 0xBD, 0x08,
    0xB6, 0xA2, 0x26, 0x19, 0xCA, 0x65, 0x46, 0x95, 0xE2, 0x1D, 0x2D, 0x7F, 0x02, 0xF9, 0x34, 0xE9,
    0x50, 0x9E, 0x34, 0xA3, 0x57, 0x6A, 0xE7, 0x04, 0x9E, 0x8B, 0x40, 0x58, 0x9A, 0x59, 0xDE, 0x6C,
    0x9F, 0x78, 0xC9, 0x56, 0x4C, 0x11, 0xA0, 0x8E, 0x71, 0xB1, 0x6C, 0xAA, 0x73, 0x5F, 0x4F, 0x6B,
    0xA3, 0x2B, 0xED, 0x3C, 0x42, 0x96, 0xC5, 0xD3, 0xB5, 0x70, 0x70, 0x79, 0xEF, 0x26, 0xDF, 0x88,
    0x60, 0x62, 0x98, 0xCC, 0xD1, 0xA9, 0x50, 0xA9, 0x40, 0x2E, 0x51, 0x72, 0x0D, 0x30, 0x3A, 0xB2,
    0x4A, 0x2E, 0x8B, 0x1B, 0x63, 0x0A, 0x08, 0x15, 0x49, 0x44, 0x6D, 0x04, 0x3E, 0x82, 0x04, 0xE1,
    0x2E, 0x42, 0x63, 0x6B, 0x82, 0xDA, 0x2E, 0x2B, 0xBD, 0x1F, 0x0B, 0x93, 0xC6, 0xD2, 0x24, 0x51,
    0xC7, 0x14, 0xD1, 0x6A, 0x65, 0x7A, 0xFD, 0xB7, 0x54, 0xD0, 0x7F, 0x1B, 0x41, 0xF1, 0x2E, 0x05,
    0xDF, 0x23, 0xC2, 0x23, 0x9A, 0x9C, 0x41, 0xDC, 0xF8, 0x86, 0xCD, 0xD0, 0xB2, 0xC0, 0x0B, 0x1A,
    0x17, 0x9B, 0xEC, 0xE0, 0xFA, 0x3B, 0x48, 0x57, 0xF9, 0xD2, 0x5C, 0xF3, 0xEA, 0xFD, 0x4E, 0x31,
    0x96, 0x2A, 0x6A, 0x59, 0x3B, 0xDD, 0x04, 0x6E, 0xF1, 0x08, 0x6A, 0x42, 0x66, 0x8E, 0x4B, 0xCC,
    0x56, 0x6C, 0x56, 0x28, 0xDB, 0x07, 0x32, 0x9B, 0x12, 0x76, 0x07, 0xD5, 0x83, 0xD9, 0x3E, 0x35,
    0xCE, 0x8E, 0xCB, 0x96, 0xED, 0x31, 0x03, 0x83, 0x07, 0x4D, 0xDE, 0xB6, 0xF9, 0x12, 0xFF, 0x64,
    0xFB, 0xEC, 0xF7, 0x93, 0xC5, 0xD1, 0xEF, 0x3B, 0x3B, 0x38, 0x68, 0x1E, 0x34, 0x2D, 0xD7, 0x79,
    0x28, 0x87, 0xBF, 0xC9, 0xF6, 0xCE, 0xDD, 0x4E, 0x3B, 0xF1, 0x07, 0x03, 0x3F, 0x69, 0x03, 0xDB,
    0xAC, 0xE1, 0x9D, 0x64, 0xC3, 0x36, 0xA8, 0xD7, 0x10, 0x84, 0x88, 0x9B, 0x56, 0x38, 0x89, 0x90,
    0x8F, 0x91, 0xDE, 0xC2, 0x68, 0xCB, 0x96, 0xCE, 0x0A, 0xE6, 0x86, 0xC3, 0xDB, 0x61, 0xD8, 0xEB,
    0xC6, 0x61, 0x16, 0xA4, 0x51, 0x9E, 0x7E, 0xDB, 0xF6, 0x52, 0xC8, 0xDB, 0x81, 0xCF, 0x86, 0x87,
    0x09, 0x2D, 0x66, 0x6B, 0xE7, 0x6C, 0xF7, 0x5C, 0xA1, 0x5B, 0x0B, 0xE7, 0xFE, 0x87, 0x52, 0xBE,
    0x7A, 0x18, 0x44, 0x71, 0xFC, 0x99, 0xF2, 0x45, 0xF5, 0xE0, 0x55, 0xA7, 0x40, 0x38, 0x41, 0xB4,
    0x66, 0x09, 0xBC, 0xAB, 0x6C, 0x6D, 0x25, 0x1F, 0x2D, 0x2F, 0xA7, 0x09, 0xB8, 0x6B, 0x87, 0xB2,
    0x9D, 0x79, 0xF8, 0xDB, 0xAE, 0xBC, 0xC4, 0xF4, 0x81, 0xEB, 0x41, 0xDE, 0xE4, 0x48, 0x42, 0xB8,
    0x63, 0x1B, 0x4F, 0xE2, 0x61, 0xDA, 0xB1, 0x36, 0x5B, 0x85, 0x9D, 0x80, 0xDE, 0x92, 0xEA, 0xF0,
    0x1A, 0xC2, 0xA7, 0x11, 0x72, 0x50, 0x06, 0x16, 0x57, 0x16, 0xD9, 0xBE, 0x9F, 0x74, 0x2D, 0x22,
    0x87, 0x22, 0x1C, 0x80, 0xD8, 0x6A, 0xE6, 0xFE, 0x9C, 0xE3, 0x8C, 0x3B, 0x1E, 0x8F, 0x71, 0xFB,
    0x18, 0xFF, 0x1E, 0x12, 0x52, 0xB2, 0xE4, 0x96, 0x43, 0x90, 0xCC, 0xBA, 0x04, 0xF2, 0x88, 0x81,
    0xAE, 0x66, 0x8C, 0xFD, 0x5D, 0xF4, 0x0C, 0x38, 0x1C, 0x32, 0x0E, 0xE1, 0x0C, 0xC9, 0x59, 0xAB,
    0x65, 0x7D, 0x33, 0x8A, 0xB3, 0x34, 0xC9, 0xCB, 0xBA, 0x3E, 0x6C, 0x18, 0xD8, 0xBA, 0xB6, 0x4D,
    0x34, 0xD7, 0x55, 0xC8, 0x94, 0x8F, 0x42, 0x97, 0x80, 0x3A, 0x44, 0x14, 0x22, 0x25, 0xB2, 0x24,
    0xEE, 0xEA, 0xC5, 0xBC, 0xD8, 0xFA, 0xEF, 0x98, 0xC9, 0xE2, 0xAD, 0x20, 0x1C, 0x73, 0xEC, 0x4E,
    0x38, 0x76, 0xD3, 0xE1, 0xD9, 0x66, 0x7C, 0xC1, 0x7B, 0x4D, 0xC9, 0x57, 0x8D, 0xDC, 0x33, 0xAE,
    0x30, 0xEC, 0x0B, 0xA1, 0xB4, 0x61, 0x38, 0x77, 0x68, 0x1B, 0xD7, 0xB0, 0xC9, 0xAD, 0x27, 0xE7,
    0xEF, 0x2E, 0xC3, 0x93, 0x3D, 0x08, 0xCF, 0x21, 0x46, 0x0F, 0xB3, 0xFE, 0x75, 0x4A, 0x6D, 0xDE,
    0x0E, 0xFD, 0xF0, 0x41, 0xCE, 0x25, 0x76, 0xAE, 0x95, 0xC3, 0x41, 0xCC, 0xE4, 0x17, 0x35, 0xCA,
    0x69, 0xFE, 0x59, 0x7E, 0xF1, 0xAC, 0xF2, 0xF9, 0x5D, 0xF5, 0x21, 0x39, 0x35, 0x5E, 0x5F, 0x60,
    0x67, 0x31, 0xBB, 0xF0, 0x89, 0x7D, 0x6E, 0x88, 0x4A, 0xAE, 0x60, 0xF4, 0xA5, 0x39, 0xF6, 0xAB,
    0xBD, 0x38, 0x8C, 0xDA, 0xBE, 0x1F, 0x6C, 0x04, 0xFD, 0x50, 0x7B, 0xF3, 0x9B, 0xE3, 0x8E, 0x17,
    0x75, 0x65, 0xF4, 0x94, 0x88, 0x3E, 0xB9, 0x1A, 0xBD, 0xCC, 0xAB, 0xDF, 0x75, 0x8B, 0xD0, 0x5D,
    0x90, 0xE1, 0x5E, 0xD7, 0xE2, 0xD7, 0xC0, 0x7B, 0x0D, 0x3A, 0x16, 0xDE, 0x55, 0x74, 0x88, 0xAC,
    0xDB, 0x74, 0xAA, 0x6A, 0x82, 0x19, 0x4B, 0x22, 0xE1, 0x87, 0x15, 0xB2, 0x02, 0xB1, 0xC1, 0xB9,
    0xE6, 0xC3, 0xC1, 0xB7, 0x0E, 0x7D, 0xA2, 0x5A, 0x38, 0xED, 0x9E, 0x62, 0xB5, 0xD7, 0xF4, 0xED,
    0xDA, 0x76, 0x0F, 0x46, 0x2D, 0x68, 0x63, 0xFB, 0x3E, 0xC3, 0xC3, 0x06, 0xBB, 0xF8, 0x46, 0xF1,
    0xB0, 0xC9, 0x58, 0x76, 0x16, 0xC5, 0xE6, 0xA9, 0xB5, 0xDD, 0x47, 0x8E, 0x35, 0x47, 0x71, 0x2E,
    0x2F, 0x0A, 0x8C, 0xEB, 0xC1, 0xB2, 0xC0, 0x42, 0x5C, 0x45, 0x7B, 0xE5, 0xD3, 0xDF, 0xEF, 0x5F,
    0xFD, 0x37, 0x8D, 0x56, 0x5D, 0x6C, 0x14, 0x55, 0x18, 0x3D, 0xF7, 0xDE, 0x76, 0x67, 0xBB, 0x33,
    0xB3, 0xBB, 0x26, 0x55, 0x4A, 0xDD, 0xB6, 0x1B, 0xD3, 0x90, 0x16, 0xA6, 0xDD, 0x91, 0x0C, 0xC9,
    0x40, 0x36, 0xF4, 0x56, 0x94, 0x60, 0x44, 0xAC, 0x09, 0x24, 0x3E, 0xE1, 0xF2, 0xDA, 0x68, 0xBA,
    0x26, 0xAB, 0x11, 0x1E, 0xF0, 0x0A, 0xA2, 0x09, 0xFE, 0x64, 0xE5, 0xC1, 0xF8, 0xE0, 0xC3, 0xFA,
    0x93, 0x40, 0x09, 0xE2, 0x4A, 0xFA, 0xD0, 0x10, 0xD0, 0x8B, 0x2F, 0x06, 0x7C, 0x19, 0x7F, 0x78,
    0x21, 0x3E, 0x4C, 0xF4, 0x01, 0xFC, 0x89, 0xD9, 0x87, 0x9A, 0x10, 0x53, 0xC0, 0xEF, 0xCE, 0x02,
    0x21, 0xD2, 0xBA, 0x3B, 0x73, 0x77, 0x76, 0x26, 0xDF, 0x99, 0x6F, 0xEE, 0x3D, 0xDF, 0x39, 0xDF,
    0x0C, 0x72, 0x19, 0x38, 0xCE, 0xC0, 0x58, 0xE0, 0x57, 0x1B, 0x90, 0x2C, 0x76, 0x97, 0xC3, 0x0F,
    0x5F, 0x96, 0x5F, 0xCA, 0x33, 0x38, 0x83, 0x2D, 0x95, 0x9C, 0x4C, 0x03, 0x1B, 0x14, 0xA2, 0x88,
    0x2B, 0xC5, 0x15, 0x68, 0xD8, 0xCB, 0x60, 0xDA, 0x0C, 0x21, 0x61, 0xBF, 0x2F, 0xD7, 0xDF, 0x04,
    0x6D, 0x12, 0x07, 0x5B, 0xBE, 0x3F, 0xE3, 0x57, 0xFC, 0xFD, 0xAD, 0xD7, 0xF3, 0xB3, 0x83, 0xB2,
    0xEC, 0xC2, 0x4B, 0xA3, 0xE0, 0xC3, 0xAD, 0x23, 0xA7, 0x30, 0xD7, 0xC0, 0xF3, 0x33, 0xD8, 0x3B,
    0x03, 0x17, 0xF8, 0x5A, 0x22, 0x5F, 0x31, 0x5B, 0x1E, 0x77, 0x4F, 0x76, 0x8B, 0xBD, 0x99, 0x54,
    0x06, 0xB6, 0x1A, 0x5C, 0x1A, 0x2D, 0x4F, 0x38, 0xB9, 0x77, 0x58, 0x0B, 0x94, 0xAE, 0xD9, 0x18,
    0x94, 0xC0, 0xAF, 0x72, 0xDA, 0xDC, 0x65, 0xC9, 0xEA, 0xC0, 0x7A, 0xC7, 0xBF, 0x70, 0x64, 0xA3,
    0xE2, 0x8F, 0x28, 0xB1, 0x51, 0x89, 0x47, 0xF5, 0xF6, 0x81, 0x03, 0x3B, 0x33, 0x18, 0x65, 0x7F,
    0x44, 0x34, 0x89, 0x54, 0xBD, 0xD0, 0x08, 0x22, 0x5F, 0x6F, 0x8E, 0x01, 0xBE, 0x23, 0x13, 0x78,
    0x71, 0x18, 0x39, 0x95, 0x9E, 0xE2, 0xD4, 0x0D, 0xF4, 0xA1, 0x97, 0x76, 0xCC, 0x62, 0xCF, 0xED,
    0x4C, 0x6B, 0xE7, 0x1D, 0xFF, 0x93, 0x23, 0xFE, 0xC7, 0x87, 0x8A, 0x67, 0x85, 0x7F, 0x5C, 0xF8,
    0x9F, 0x6E, 0x5F, 0xFB, 0xF7, 0xCF, 0x77, 0x33, 0x3D, 0xB8, 0x7B, 0x76, 0x7E, 0x44, 0xFA, 0xDA,
    0xAF, 0x6F, 0xD2, 0x19, 0x5A, 0x1D, 0x53, 0x4C, 0x4D, 0xDD, 0x30, 0x47, 0x28, 0x80, 0xCE, 0x64,
    0xB6, 0x9A, 0xF6, 0xD1, 0x60, 0xAA, 0x2F, 0x3F, 0xD9, 0x00, 0x18, 0xC6, 0xA3, 0x7C, 0x94, 0x92,
    0x5C, 0x4F, 0xEB, 0xE3, 0xAA, 0x07, 0xBD, 0x85, 0x22, 0x65, 0x11, 0x4A, 0x8B, 0x69, 0x2D, 0xB8,
    0xB6, 0x84, 0xB2, 0x85, 0xCC, 0x5A, 0xC8, 0xE6, 0x30, 0x72, 0x55, 0x8F, 0x02, 0x01, 0x50, 0x06,
    0xFA, 0x81, 0xDE, 0x3D, 0x72, 0xEA, 0x0A, 0xA6, 0x2E, 0xE2, 0xB5, 0x8B, 0xE6, 0x58, 0xBA, 0x08,
    0xDC, 0x3F, 0x2E, 0x81, 0xBF, 0xA9, 0xF2, 0xCD, 0x0A, 0xE0, 0xC0, 0x82, 0x0D, 0x4A, 0x80, 0x87,
    0xB1, 0x06, 0x19, 0x64, 0x89, 0xD0, 0x09, 0xBA, 0x1A, 0x94, 0x2F, 0xE9, 0xEF, 0xF5, 0x0F, 0xFA,
    0x38, 0x9D, 0xA7, 0x67, 0x5C, 0xDF, 0x0E, 0xB3, 0xC1, 0x58, 0xF4, 0x2C, 0x12, 0x60, 0x71, 0x0D,
    0xEA, 0x19, 0xA6, 0xB2, 0x02, 0x6E, 0x1F, 0x26, 0x06, 0x42, 0xF8, 0x8B, 0xF8, 0x26, 0xE0, 0x47,
    0x6B, 0x56, 0xEF, 0x82, 0x83, 0x16, 0x70, 0x17, 0xA6, 0x33, 0x5C, 0x1A, 0x98, 0x33, 0x33, 0xB1,
    0xEE, 0x23, 0xEC, 0x73, 0xA1, 0x0B, 0x42, 0x56, 0x52, 0xEC, 0x0D, 0xC7, 0x3E, 0x41, 0x18, 0x62,
    0x70, 0xB3, 0x2E, 0xE6, 0x75, 0xC5, 0x92, 0x5A, 0x1C, 0xC6, 0x63, 0x97, 0x70, 0x75, 0x67, 0xD8,
    0x4F, 0xD9, 0x8E, 0x05, 0xEC, 0x68, 0x4D, 0xF4, 0x2E, 0xF4, 0xDD, 0xC9, 0x16, 0xC3, 0xD0, 0xA8,
    0x99, 0xCA, 0xA0, 0x46, 0x17, 0x71, 0xA5, 0x19, 0x97, 0x14, 0x7A, 0x40, 0x93, 0x07, 0xA7, 0x41,
    0xD2, 0x51, 0xC8, 0x2A, 0xAC, 0xD3, 0xD8, 0xA7, 0x71, 0x41, 0xB3, 0xCB, 0x91, 0xD8, 0x13, 0xF5,
    0x21, 0xA6, 0xF9, 0x1C, 0xE4, 0xD7, 0x49, 0x18, 0xA0, 0x0C, 0x04, 0xEB, 0x88, 0x64, 0x12, 0x56,
    0x84, 0x74, 0xB1, 0x8B, 0x9C, 0x40, 0x6E, 0x07, 0x1E, 0x68, 0x75, 0x85, 0x74, 0xAB, 0xE8, 0xC9,
    0x77, 0x85, 0xCC, 0x68, 0x62, 0x1C, 0xB6, 0xEE, 0x80, 0xE4, 0x27, 0xE7, 0xC1, 0x16, 0x1D, 0x88,
    0x20, 0x8D, 0x74, 0x15, 0x18, 0x68, 0x02, 0xFE, 0x3F, 0x75, 0x5C, 0x8E, 0xC1, 0x3F, 0x88, 0x90,
    0x62, 0x3A, 0xEF, 0x70, 0xED, 0x7F, 0x65, 0xDF, 0x6A, 0x61, 0x4E, 0x71, 0x1D, 0xDB, 0xA8, 0x0F,
    0x25, 0x2A, 0x09, 0x13, 0xB9, 0x04, 0xC9, 0xC9, 0x04, 0x87, 0x7D, 0xC3, 0x50, 0x03, 0x4A, 0xD1,
    0x44, 0x4A, 0x26, 0x22, 0x72, 0x0D, 0xA9, 0xFC, 0xE4, 0x67, 0x88, 0x03, 0x44, 0x45, 0xB2, 0x26,
    0xA7, 0xF1, 0xBB, 0x14, 0xCA, 0x78, 0xD4, 0x82, 0xB4, 0xA1, 0x4B, 0xB7, 0xB4, 0x71, 0x29, 0xF9,
    0xB7, 0xB7, 0x0B, 0x24, 0x91, 0x9A, 0xD3, 0x18, 0xAD, 0x77, 0x91, 0x93, 0x66, 0x16, 0x21, 0x2F,
    0x3B, 0x23, 0x25, 0xCD, 0xBA, 0xC8, 0x4F, 0x90, 0x42, 0x22, 0xA6, 0x39, 0xED, 0x42, 0x09, 0x69,
    0xD4, 0x5C, 0x32, 0x73, 0xF2, 0x50, 0x59, 0x25, 0xD6, 0x8F, 0x65, 0xFE, 0xE4, 0x2A, 0x31, 0xF0,
    0xF7, 0xD8, 0xE3, 0x2B, 0xC7, 0xF8, 0x49, 0x85, 0xB8, 0x86, 0xC8, 0x63, 0x7A, 0x88, 0x6B, 0xD7,
    0xBE, 0x36, 0x24, 0x94, 0x27, 0x64, 0xD9, 0x42, 0xD5, 0x66, 0x51, 0xE9, 0x66, 0x5B, 0xA7, 0xD6,
    0x65, 0xF2, 0xCB, 0x22, 0x78, 0x63, 0x50, 0xA1, 0x65, 0x01, 0xD7, 0x53, 0x60, 0xA7, 0xFA, 0xC0,
    0x77, 0x39, 0xE0, 0x36, 0x15, 0x4B, 0x3C, 0x47, 0xBF, 0x9F, 0xA8, 0x3A, 0x4B, 0x30, 0xDA, 0x2E,
    0x49, 0xA2, 0x9D, 0x54, 0x9C, 0x4D, 0x54, 0x6C, 0xCA, 0xD4, 0xB2, 0x11, 0x0C, 0x21, 0xF4, 0x10,
    0x86, 0x08, 0x03, 0xD4, 0x02, 0xB4, 0x42, 0x16, 0x79, 0x64, 0xF8, 0xF3, 0xED, 0x27, 0x48, 0xC3,
    0x42, 0x5F, 0x77, 0x60, 0xF2, 0x57, 0x4E, 0xA2, 0xA8, 0xBA, 0xCB, 0x0C, 0x6C, 0x2D, 0x62, 0x9B,
    0xEE, 0x16, 0x9C, 0x94, 0xA9, 0x3B, 0x70, 0xA3, 0x3A, 0xAE, 0x6D, 0x0C, 0xAB, 0x6A, 0x43, 0xE6,
    0xCD, 0xF5, 0x5C, 0xD3, 0xDC, 0xC4, 0x16, 0x86, 0x78, 0xE8, 0xA5, 0xC3, 0x70, 0x34, 0x0C, 0x2A,
    0xB5, 0x40, 0xB5, 0xB6, 0xB0, 0x68, 0x42, 0xA8, 0xDC, 0x79, 0x63, 0x56, 0xCC, 0x90, 0x9C, 0x49,
    0xD5, 0x98, 0x3D, 0x74, 0x62, 0x08, 0xF5, 0x02, 0xB4, 0x07, 0x1D, 0x32, 0x15, 0x70, 0x19, 0x70,
    0x54, 0x05, 0x9A, 0x74, 0x74, 0x51, 0x5A, 0x4A, 0x1E, 0xC0, 0xC8, 0x36, 0x46, 0xB9, 0x5D, 0x81,
    0x89, 0xEF, 0x29, 0xE0, 0x58, 0x77, 0x60, 0xDA, 0x7E, 0x94, 0x98, 0xEE, 0x0E, 0x4C, 0x7C, 0x17,
    0x80, 0x22, 0x4E, 0x66, 0xEA, 0x65, 0x21, 0x0B, 0x29, 0x6A, 0x7C, 0xC8, 0xF9, 0xB0, 0xEA, 0xB8,
    0x23, 0x5E, 0xD3, 0xAF, 0xE6, 0xE8, 0xB5, 0x47, 0xDD, 0x8F, 0x3A, 0xDB, 0x4D, 0xC9, 0x2E, 0x44,
    0x64, 0x4D, 0x62, 0x43, 0xA8, 0x58, 0x6C, 0xD3, 0xD6, 0xBC, 0x01, 0x18, 0x21, 0x62, 0x37, 0xAC,
    0x5D, 0x70, 0x2D, 0x14, 0x2C, 0x2C, 0x9E, 0xA5, 0x36, 0x89, 0x4D, 0x1A, 0xD5, 0x25, 0x34, 0x3D,
    0xC4, 0x2E, 0xAE, 0xB8, 0xF8, 0x76, 0xD1, 0x38, 0x43, 0x99, 0x9C, 0x63, 0x30, 0x06, 0x03, 0x99,
    0xA7, 0x62, 0x66, 0x21, 0xBE, 0x80, 0x9B, 0x85, 0xE7, 0x22, 0x70, 0x51, 0x2B, 0xA0, 0x5A, 0x46,
    0x70, 0x0A, 0xA5, 0x49, 0x79, 0xEF, 0x0C, 0x3B, 0xC0, 0xA8, 0x00, 0xCB, 0xF4, 0xCA, 0xEB, 0x04,
    0x23, 0xD5, 0xFE, 0x82, 0xDE, 0x89, 0xCE, 0x30, 0xF1, 0x34, 0x58, 0x4F, 0x67, 0x18, 0xFE, 0x04,
    0xA3, 0x87, 0x5E, 0xEB, 0x22, 0xE1, 0xE7, 0x7F, 0xB9, 0xB6, 0xED, 0x65, 0xB3, 0xC1, 0xD0, 0xAB,
    0xD5, 0x49, 0x69, 0xA2, 0x2F, 0xF6, 0x94, 0xDE, 0x6A, 0x97, 0x41, 0x9C, 0x73, 0x1D, 0x8F, 0x1A,
    0x5C, 0x8D, 0x9A, 0x5A, 0x98, 0x1F, 0x89, 0x05, 0xF1, 0x24, 0xD4, 0x5A, 0x43, 0x52, 0x64, 0xD6,
    0x2E, 0x16, 0xDD, 0x82, 0xE7, 0x6D, 0x6E, 0xEE, 0x97, 0xED, 0x78, 0xC2, 0x8B, 0xB7, 0x4A, 0x24,
    0x8F, 0xEB, 0x3C, 0xBD, 0x62, 0x84, 0x56, 0x65, 0x16, 0x75, 0x7F, 0xA4, 0x87, 0x1A, 0x28, 0xD9,
    0x19, 0x93, 0xF4, 0xEF, 0x10, 0xDF, 0x64, 0x0C, 0xDA, 0x27, 0x13, 0xF7, 0x72, 0x95, 0x5A, 0x31,
    0xD2, 0x8B, 0x11, 0x49, 0x46, 0x5D, 0xE9, 0x1E, 0xAA, 0x3C, 0x19, 0x6D, 0xC5, 0x08, 0xFB, 0x0D,
    0x8B, 0xCC, 0x61, 0xA7, 0xED, 0x11, 0xCF, 0x0E, 0xED, 0x5A, 0xB6, 0xEA, 0x06, 0xDE, 0x70, 0x7C,
    0xA7, 0x32, 0x2C, 0xA9, 0xCC, 0xE4, 0x41, 0x64, 0x9F, 0x42, 0x36, 0x83, 0x82, 0x6B, 0xE8, 0x0C,
    0x0B, 0x08, 0x0A, 0xF0, 0x73, 0xB2, 0xDD, 0x4C, 0xDA, 0x84, 0x9C, 0x72, 0xB3, 0x65, 0x3B, 0x68,
    0x27, 0x18, 0x1B, 0x6E, 0x13, 0x52, 0x58, 0x25, 0x62, 0x08, 0xD9, 0xB1, 0x62, 0xE4, 0x9E, 0x87,
    0x8A, 0x53, 0xA6, 0x7A, 0x65, 0x6A, 0x0C, 0x36, 0x6A, 0x59, 0x63, 0x91, 0x60, 0x0C, 0xB7, 0x41,
    0x10, 0xEF, 0x26, 0xBC, 0xAD, 0x90, 0x80, 0x99, 0xB6, 0x4E, 0xDF, 0x43, 0x49, 0x2E, 0x9D, 0x18,
    0x5B, 0x9C, 0x4E, 0x32, 0x6D, 0x40, 0xF0, 0x36, 0x5E, 0xD9, 0x85, 0x03, 0x2E, 0xCA, 0x63, 0xD8,
    0x1A, 0x1B, 0xDC, 0xBD, 0xA2, 0x9F, 0xB4, 0x8C, 0x59, 0x1C, 0x5A, 0x65, 0x22, 0x1A, 0xD3, 0x8C,
    0x5E, 0x40, 0xE9, 0x99, 0xFF, 0x8A, 0xFE, 0xFF, 0x60, 0xF4, 0xE2, 0x3B, 0x07, 0xF6, 0x44, 0x27,
    0x18, 0x3D, 0xF7, 0x3B, 0xA0, 0x33, 0x6C, 0x26, 0xF9, 0xE2, 0x48, 0x56, 0x12, 0xD5, 0xD0, 0x0A,
    0x50, 0xF5, 0x11, 0xF8, 0x08, 0xEB, 0xF0, 0x34, 0x46, 0x92, 0x9E, 0xEF, 0x98, 0x1E, 0xF7, 0x50,
    0x84, 0xF1, 0x64, 0x2D, 0x3C, 0x79, 0xD3, 0x99, 0x4E, 0x31, 0x07, 0x71, 0x58, 0x59, 0xDB, 0xB4,
    0x2D, 0xE8, 0x23, 0x4B, 0x9A, 0x26, 0xE0, 0x62, 0x78, 0xC1, 0xF8, 0x3C, 0x4C, 0xC6, 0x78, 0x7B,
    0x1E, 0x5E, 0x8C, 0x7E, 0xD9, 0x65, 0xFE, 0x7F, 0x01, 0x95, 0x57, 0x41, 0x68, 0x23, 0xD7, 0x19,
    0xFE, 0xE6, 0xBD, 0xB5, 0xC6, 0xF6, 0x68, 0x46, 0x0A, 0x98, 0xB2, 0x4D, 0x47, 0xBB, 0x3E, 0xB8,
    0xAD, 0xB3, 0x19, 0x5B, 0x2A, 0x4C, 0x88, 0x36, 0xD5, 0xAE, 0x1F, 0x24, 0x25, 0x29, 0x0B, 0x8D,
    0x29, 0x04, 0x7A, 0x74, 0x21, 0x50, 0xD8, 0x04, 0x56, 0x07, 0x1D, 0x1A, 0x48, 0xC2, 0xEB, 0x16,
    0x1A, 0x72, 0x09, 0x6A, 0xCE, 0xA5, 0x18, 0xBA, 0x07, 0x63, 0x16, 0x56, 0x87, 0x1C, 0x0C, 0x75,
    0xE9, 0x4B, 0x7B, 0xEB, 0xA1, 0x0C, 0x4D, 0x4B, 0x5B, 0x28, 0x74, 0x08, 0x39, 0x84, 0x34, 0x34,
    0x2A, 0x98, 0xB2, 0x87, 0xDD, 0xBA, 0xDF, 0x7B, 0x23, 0xAF, 0xB4, 0xB6, 0x2C, 0x4D, 0xC6, 0x1A,
    0x21, 0x59, 0xEF, 0xFF, 0xDE, 0xFF, 0xFE, 0xFF, 0xFB, 0xFF, 0xFF, 0x1B, 0xD4, 0x86, 0x10, 0x0A,
    0x81, 0x46, 0xA4, 0xF1, 0x0D, 0x83, 0x1F, 0x1A, 0x7C, 0x68, 0xBC, 0xBF, 0x64, 0xF2, 0x95, 0x6C,
    0x09, 0x79, 0x15, 0xC3, 0xB7, 0xC5, 0x7D, 0xF1, 0x3F, 0xF0, 0x92, 0xF7, 0x10, 0x46, 0x48, 0x42,
    0xA4, 0x21, 0x7A, 0x31, 0xBA, 0x1D, 0xA4, 0x77, 0xD1, 0xDC, 0x54, 0x28, 0xAE, 0x6A, 0x0B, 0x7E,
    0x36, 0x17, 0x8A, 0x0B, 0xC5, 0x77, 0x81, 0xFB, 0xF3, 0x00, 0xE7, 0xE3, 0xF4, 0x21, 0x15, 0x64,
    0x1F, 0xD8, 0x9D, 0x05, 0xB5, 0x06, 0x64, 0xC0, 0x27, 0xC0, 0x3A, 0x57, 0x6D, 0xC3, 0x33, 0x10,
    0xC0, 0x2D, 0x2D, 0x4C, 0x1E, 0xA0, 0xDF, 0x00, 0x3A, 0x40, 0x1B, 0x48, 0xDD, 0x8B, 0x1F, 0x36,
    0x04, 0x82, 0x87, 0xEE, 0x38, 0x0B, 0x88, 0xB1, 0x4A, 0xE0, 0xC3, 0xB0, 0x9A, 0xF0, 0xC7, 0x1E,
    0xBA, 0x68, 0xD7, 0x2F, 0xE7, 0xFC, 0xC5, 0x03, 0x6A, 0x1A, 0x6B, 0xBA, 0x14, 0xCC, 0x0A, 0x0E,
    0xBD, 0xEF, 0x9C, 0x07, 0xE3, 0x2B, 0xFB, 0x5E, 0x06, 0xA6, 0xCE, 0xFF, 0xD4, 0xA7, 0xC2, 0x5C,
    0xB8, 0x00, 0xD9, 0x85, 0x30, 0xA5, 0x60, 0x94, 0xC2, 0xB3, 0x40, 0xE2, 0x82, 0x7F, 0x88, 0xB0,
    0x6A, 0x3F, 0x72, 0x4D, 0x0F, 0xC4, 0x23, 0x20, 0x1C, 0xE2, 0x18, 0x53, 0xEC, 0x6B, 0xE4, 0x3D,
    0x64, 0x89, 0x67, 0x1A, 0xC2, 0x84, 0xC2, 0x34, 0xA4, 0x4E, 0xA4, 0xEA, 0xF8, 0xE8, 0x06, 0x5E,
    0xD6, 0x24, 0x2B, 0x16, 0x5E, 0x80, 0xBF, 0x07, 0xB9, 0x03, 0x7F, 0x56, 0x36, 0x4F, 0xE1, 0x04,
    0x9F, 0x9E, 0xC5, 0x51, 0xF0, 0x35, 0x5E, 0xEB, 0x13, 0x47, 0xDC, 0x43, 0xE4, 0x70, 0xDA, 0xD5,
    0x31, 0xCE, 0x56, 0xC1, 0x8A, 0xAD, 0x4C, 0xEC, 0xDF, 0x41, 0x9E, 0x22, 0x5B, 0xB5, 0x99, 0xE4,
    0xEB, 0x33, 0x25, 0xB5, 0x25, 0x82, 0x0F, 0x15, 0xC0, 0x34, 0x8F, 0x8D, 0xE4, 0x49, 0xE5, 0x41,
    0x18, 0x27, 0xC9, 0xD5, 0xC1, 0x1B, 0xEA, 0x51, 0x98, 0x78, 0x31, 0x63, 0x35, 0x35, 0xD7, 0x9E,
    0xDE, 0xBE, 0x84, 0xA3, 0xA9, 0x18, 0xCC, 0x55, 0x60, 0xDF, 0xE7, 0x63, 0xD4, 0x31, 0x70, 0xE9,
    0x3A, 0x83, 0x31, 0xDF, 0x74, 0xD1, 0x65, 0xE4, 0x2A, 0xF0, 0x55, 0x9C, 0x05, 0x90, 0x6A, 0xC9,
    0x9E, 0x41, 0xE3, 0x02, 0x50, 0xD9, 0x85, 0x34, 0xF3, 0xF1, 0x26, 0x53, 0x7E, 0x80, 0x30, 0x46,
    0x92, 0xE0, 0xEA, 0x00, 0x6F, 0xA8, 0xC7, 0x53, 0x3E, 0x26, 0x75, 0x26, 0xB2, 0x0F, 0x02, 0xB4,
    0xC6, 0x34, 0xF2, 0x8F, 0x52, 0xCF, 0xB4, 0x85, 0x49, 0xA4, 0x0E, 0xBE, 0x70, 0x69, 0xE0, 0xEE,
    0xD7, 0x81, 0xDB, 0xB0, 0xB5, 0xF7, 0xAF, 0x1D, 0xF9, 0x3C, 0x7C, 0x09, 0x3F, 0x80, 0xDC, 0x43,
    0x05, 0x88, 0xB6, 0x2D, 0xDB, 0x5A, 0x01, 0x76, 0x97, 0x6D, 0xFE, 0x2A, 0xFD, 0x71, 0xF0, 0x4B,
    0x81, 0xF3, 0x7A, 0x5F, 0xE1, 0x5A, 0x69, 0xF0, 0x71, 0x1D, 0x95, 0xF3, 0xBC, 0xE1, 0xDE, 0x4B,
    0x82, 0x97, 0xC0, 0x2C, 0x5A, 0xCA, 0x28, 0x86, 0x4B, 0xEC, 0x83, 0xE5, 0xC3, 0xB2, 0x4D, 0x9B,
    0x21, 0x33, 0x79, 0x11, 0x62, 0xEF, 0xC9, 0x3E, 0x86, 0x64, 0x57, 0x16, 0x10, 0x30, 0x62, 0x2E,
    0x43, 0x88, 0xE3, 0x07, 0x60, 0x9D, 0x30, 0x9D, 0x1D, 0xE6, 0xB3, 0x4D, 0xEE, 0xA5, 0x68, 0xDE,
    0x7E, 0x38, 0x0E, 0xFF, 0x02, 0xF9, 0x68, 0x53, 0x6D, 0x59, 0x19, 0xBD, 0x8D, 0xE8, 0x06, 0xA2,
    0x65, 0xC4, 0xA1, 0xAB, 0x9D, 0x18, 0x69, 0x8C, 0x56, 0xCD, 0x55, 0xDF, 0x08, 0xDB, 0xCB, 0x6B,
    0xA8, 0x7C, 0x76, 0x4F, 0xCF, 0xC2, 0x2E, 0x20, 0xBF, 0x76, 0xC7, 0x41, 0x5E, 0x43, 0xF4, 0xDE,
    0x74, 0x48, 0x8B, 0xFA, 0x31, 0xBC, 0x0D, 0x62, 0x03, 0x43, 0xDB, 0x62, 0x47, 0xFC, 0x33, 0x38,
    0xE1, 0x9F, 0x45, 0x68, 0x6A, 0x2E, 0xBC, 0xB6, 0xFA, 0x22, 0x8B, 0x6A, 0x13, 0x21, 0x23, 0x43,
    0xF6, 0x71, 0xB3, 0x36, 0xBF, 0x11, 0xE0, 0x21, 0x8D, 0x87, 0xC8, 0x3C, 0xC3, 0x46, 0x63, 0xA4,
    0x96, 0xCA, 0xA7, 0x4D, 0x53, 0x6F, 0x4D, 0x5D, 0xED, 0xC6, 0xC6, 0xFD, 0xE9, 0x16, 0xCC, 0x8A,
    0xBE, 0xAC, 0xA6, 0xEE, 0x31, 0x75, 0xFD, 0x12, 0x87, 0xC1, 0x06, 0x96, 0x99, 0x2F, 0xDF, 0xE6,
    0xEC, 0x8C, 0xDD, 0x1A, 0xCF, 0xF3, 0x89, 0x9D, 0x1C, 0x75, 0x76, 0xC6, 0xFA, 0x79, 0x7B, 0x4E,
    0xDB, 0xED, 0xA6, 0xC2, 0x90, 0xA5, 0x96, 0x25, 0x8C, 0x47, 0x9B, 0xD1, 0x48, 0x79, 0x77, 0x19,
    0x92, 0x01, 0x63, 0x32, 0xE0, 0x6E, 0x39, 0x6D, 0x33, 0x34, 0x7F, 0x62, 0xBB, 0x0C, 0x6F, 0xC6,
    0xCA, 0x86, 0x09, 0xAF, 0x16, 0x2C, 0x96, 0xC6, 0xB3, 0xEE, 0x60, 0xF3, 0x32, 0x42, 0x1F, 0xD5,
    0x00, 0x71, 0x34, 0x0A, 0x3C, 0x5F, 0x9B, 0xEB, 0x8E, 0x7F, 0x2D, 0x10, 0xA4, 0xA2, 0x8A, 0x82,
    0x35, 0xB6, 0xAC, 0xAE, 0x70, 0x4C, 0x82, 0xBE, 0xD0, 0x15, 0x5B, 0xE6, 0x8F, 0x1A, 0x3F, 0xCB,
    0x7B, 0x60, 0x17, 0x17, 0xC9, 0x61, 0x89, 0x3C, 0xE5, 0xC6, 0xD1, 0x5B, 0xAE, 0x6E, 0x0F, 0xB8,
    0xA2, 0xC5, 0x25, 0x03, 0x2E, 0xC8, 0x60, 0x3C, 0x9E, 0xCC, 0x67, 0x54, 0xC4, 0xDE, 0x15, 0x14,
    0x27, 0xD8, 0x81, 0xF7, 0x3B, 0x0D, 0xF1, 0x07, 0x3A, 0xFA, 0x6F, 0x3A, 0xFA, 0x4F, 0xDE, 0x2F,
    0x2A, 0xEB, 0x22, 0x02, 0x7A, 0xDE, 0xD4, 0x47, 0x05, 0x0B, 0x76, 0x78, 0x1B, 0x8C, 0x06, 0xE6,
    0x04, 0x1B, 0x6B, 0x9A, 0xC3, 0xA5, 0xBA, 0x83, 0x86, 0xC1, 0x66, 0x8E, 0x76, 0x17, 0x69, 0x1B,
    0xAD, 0x4B, 0x76, 0x59, 0xA5, 0xA8, 0x10, 0x14, 0x07, 0x3D, 0x77, 0x99, 0x3D, 0x5F, 0x64, 0xFD,
    0x3D, 0x9F, 0x61, 0xFD, 0x51, 0x87, 0xDB, 0x16, 0xA6, 0xC2, 0x85, 0x1B, 0xA3, 0x5C, 0x8C, 0x0F,
    0x96, 0xF3, 0x98, 0x28, 0x01, 0xE0, 0xCE, 0xE0, 0x39, 0x5E, 0x7B, 0x4A, 0xB8, 0x54, 0xDB, 0x44,
    0xB3, 0x78, 0x79, 0x96, 0x88, 0x7F, 0x54, 0x22, 0xB8, 0x68, 0x43, 0x4F, 0xB0, 0x1D, 0x0C, 0x0D,
    0x32, 0x75, 0x1E, 0xD8, 0x4A, 0x7D, 0xA3, 0x1F, 0xEB, 0xF9, 0x7E, 0x28, 0xF1, 0x61, 0x26, 0xB5,
    0x7A, 0xCC, 0x74, 0x7C, 0x04, 0xF5, 0x2D, 0xD3, 0x55, 0xE7, 0x98, 0xFE, 0x0D, 0x22, 0xB3, 0x1E,
    0x4D, 0x9A, 0x2E, 0x30, 0xF4, 0x85, 0xB3, 0xA1, 0xAA, 0xA9, 0x37, 0xF1, 0xFA, 0x44, 0xDD, 0xAC,
    0xC0, 0x11, 0x01, 0xCC, 0xE6, 0xEE, 0x93, 0x1A, 0x43, 0x66, 0xE8, 0x7E, 0x05, 0xDE, 0xDD, 0x25,
    0x88, 0xEF, 0x55, 0x21, 0x82, 0x2A, 0xA4, 0xFC, 0x01, 0xEF, 0x3F, 0xA3, 0xE2, 0x1D, 0xB1, 0x81,
    0x0D, 0xD1, 0xE4, 0xB4, 0xB1, 0xE9, 0x24, 0xA7, 0xD6, 0x5C, 0x9A, 0x66, 0xF4, 0x96, 0x2F, 0x03,
    0x69, 0xAF, 0x56, 0xD1, 0xF6, 0x4E, 0x08, 0x70, 0x3E, 0xB2, 0x84, 0x1D, 0x85, 0x2E, 0x27, 0xA4,
    0x82, 0xF7, 0x0B, 0xD8, 0x10, 0x7C, 0xB9, 0xED, 0xC6, 0x93, 0x6F, 0xC6, 0x3E, 0x17, 0xA9, 0x8F,
    0x1C, 0x25, 0xBF, 0xFE, 0xDF, 0x21, 0x7E, 0x9C, 0x62, 0x90, 0x22, 0xEF, 0x22, 0x1B, 0xC0, 0xE4,
    0x9E, 0xC9, 0x85, 0x3E, 0x98, 0x79, 0xCA, 0x97, 0x46, 0xDB, 0x0E, 0x27, 0xB6, 0xB5, 0x35, 0xC1,
    0xEE, 0xCE, 0x29, 0xED, 0x66, 0x38, 0x37, 0x8F, 0x6E, 0x44, 0xCB, 0x71, 0x98, 0x84, 0xED, 0x38,
    0x4D, 0x5A, 0x96, 0x19, 0x5D, 0xE4, 0xAC, 0xE1, 0xAD, 0x42, 0xB4, 0xB1, 0x35, 0xA7, 0x0D, 0xB4,
    0x99, 0x78, 0x26, 0x8D, 0xDA, 0x2E, 0xC5, 0xB0, 0xED, 0x65, 0x76, 0xBE, 0xFC, 0xC6, 0xF5, 0x3D,
    0xCA, 0x23, 0x79, 0x37, 0x8C, 0x3A, 0x41, 0x1A, 0xF4, 0xA2, 0x6E, 0x98, 0xAE, 0x5F, 0x9A, 0x14,
    0x34, 0x65, 0x20, 0x18, 0xBF, 0x77, 0x2D, 0x91, 0xA6, 0xC0, 0x78, 0x2B, 0x88, 0x52, 0xAC, 0xE8,
    0x52, 0x30, 0x4F, 0x28, 0x7C, 0xA4, 0x28, 0x8F, 0x6C, 0x7A, 0xEE, 0x5A, 0xB5, 0xD7, 0xA1, 0x41,
    0x80, 0x5E, 0x84, 0x2E, 0x65, 0xDF, 0x3A, 0x46, 0x8E, 0xDD, 0xDA, 0xBF, 0x43, 0x29, 0xCA, 0x1F,
    0xF2, 0xD5, 0x06, 0x49, 0x4B, 0xD5, 0x87, 0x36, 0x95, 0x49, 0xCA, 0x52, 0x49, 0xC9, 0xDA, 0x36,
    0xC5, 0x49, 0xE2, 0xC3, 0x04, 0xF7, 0x8E, 0xCD, 0x09, 0x11, 0xE4, 0xE1, 0xAF, 0x55, 0x58, 0xFB,
    0xBD, 0xEE, 0x04, 0xCF, 0xAB, 0x34, 0xB8, 0x84, 0x5E, 0xAD, 0x8F, 0x6E, 0x8D, 0x7D, 0xAC, 0xE9,
    0xE1, 0xD2, 0xC7, 0x0F, 0x46, 0xAB, 0x46, 0xFA, 0xDD, 0xC9, 0xC9, 0x01, 0xB2, 0x9E, 0x67, 0xBA,
    0xC2, 0x0C, 0xC4, 0x5F, 0xB5, 0xFC, 0x25, 0xE4, 0x0D, 0x76, 0x27, 0x15, 0x48, 0xD3, 0xFC, 0x79,
    0x4E, 0xCE, 0x77, 0xC9, 0x77, 0x6C, 0x1C, 0x46, 0xD5, 0x68, 0xA2, 0x2D, 0xCC, 0x37, 0x2C, 0xD2,
    0x77, 0xE2, 0x56, 0x70, 0x0B, 0xF2, 0xA7, 0xB6, 0xC2, 0x47, 0x5D, 0xCD, 0x95, 0x44, 0xD1, 0xBD,
    0x58, 0x18, 0xAB, 0x38, 0x11, 0xCB, 0x95, 0xAE, 0x93, 0x62, 0xF3, 0xC0, 0x3D, 0xFC, 0x03, 0x1F,
    0x9C, 0xF5, 0xEA, 0x51, 0xAB, 0xF3, 0x1E, 0x22, 0xF0, 0x11, 0x0A, 0xBB, 0x0B, 0x13, 0x2B, 0xE9,
    0xCE, 0x9B, 0x56, 0xAF, 0xF4, 0x43, 0xE4, 0x09, 0xAE, 0x0F, 0x8A, 0xED, 0x68, 0x43, 0x76, 0x45,
    0x83, 0xF5, 0xB5, 0xC4, 0x6A, 0xC1, 0x1C, 0x83, 0xDD, 0xEE, 0x73, 0xA6, 0x28, 0xF4, 0xB7, 0xAC,
    0x2C, 0x28, 0x05, 0xB3, 0x2D, 0x86, 0x95, 0x95, 0x69, 0x30, 0x73, 0xAD, 0x7D, 0x47, 0x6D, 0x06,
    0xC5, 0x91, 0xFB, 0x34, 0x40, 0x08, 0xDB, 0x36, 0x39, 0xAB, 0xEA, 0xAA, 0x98, 0x4C, 0x65, 0xBC,
    0xF1, 0x2E, 0xB0, 0xC3, 0xE5, 0xD3, 0xBC, 0xB9, 0xB2, 0xAF, 0x77, 0x73, 0xA3, 0x33, 0xED, 0x9D,
    0x11, 0x17, 0x35, 0xFB, 0xE4, 0x64, 0xB3, 0x51, 0x7C, 0xE5, 0x0C, 0x15, 0xFC, 0xD8, 0xCC, 0x26,
    0xA7, 0x72, 0x53, 0xC5, 0x74, 0xA1, 0x61, 0x7F, 0x64, 0xAD, 0xFF, 0xC8, 0x8A, 0xB8, 0xB9, 0x88,
    0x9C, 0xFA, 0x3B, 0x8B, 0x3A, 0xC6, 0x6F, 0xD5, 0x64, 0x07, 0xB7, 0x05, 0x70, 0xCA, 0xF4, 0xB5,
    0x4F, 0x4F, 0x9B, 0x9E, 0x38, 0x10, 0xE2, 0xBA, 0x3E, 0x71, 0xA0, 0x20, 0xC9, 0x81, 0xC6, 0x0D,
    0x75, 0xF3, 0xF6, 0x1E, 0xCF, 0x1D, 0xC3, 0x24, 0x30, 0x6D, 0x4F, 0xA7, 0x42, 0xA5, 0x02, 0x5D,
    0x89, 0x81, 0xB0, 0xF5, 0xD3, 0x1C, 0x8D, 0x54, 0x88, 0xFF, 0xC0, 0x73, 0xAD, 0x7B, 0xD3, 0x77,
    0x3A, 0x60, 0xF9, 0x44, 0x07, 0x10, 0xF2, 0x75, 0x34, 0x5F, 0x76, 0x90, 0xC7, 0xA5, 0xD0, 0x8A,
    0x07, 0xF7, 0x59, 0x38, 0x56, 0x6D, 0x53, 0xA3, 0xA1, 0xA4, 0x6F, 0xDE, 0xCF, 0xE0, 0x26, 0xD2,
    0x3C, 0xCC, 0x6F, 0x03, 0xDF, 0x07, 0x9E, 0x2B, 0x0B, 0x8B, 0xCF, 0x6D, 0x87, 0xC2, 0xDE, 0x3C,
    0xE4, 0x95, 0x6D, 0x3C, 0x63, 0x48, 0xF1, 0x52, 0xB0, 0x64, 0xE0, 0xAF, 0x94, 0x85, 0x9D, 0x89,
    0x39, 0x17, 0x8A, 0x39, 0x26, 0x75, 0x23, 0xE5, 0x1A, 0xFA, 0x0C, 0xA8, 0x8B, 0x4E, 0x72, 0xF5,
    0xDC, 0x44, 0xB1, 0x23, 0x4E, 0x58, 0x65, 0xBF, 0x82, 0x9B, 0x4A, 0xEF, 0x27, 0x54, 0x82, 0x89,
    0x34, 0xAD, 0x78, 0xD9, 0xF4, 0xE3, 0xC5, 0xCC, 0x34, 0x56, 0xFF, 0xA4, 0xC2, 0xD5, 0x8F, 0x10,
    0xF6, 0xFF, 0x8E, 0xC8, 0x7C, 0x4E, 0xC6, 0x1F, 0x91, 0x41, 0x43, 0x2B, 0x3F, 0x10, 0x50, 0xD4,
    0xD9, 0x67, 0x83, 0xCE, 0x72, 0x10, 0xD7, 0x64, 0xFC, 0xB4, 0x88, 0xBF, 0xB9, 0x18, 0xBF, 0xC3,
    0xD7, 0x6A, 0xCD, 0xEF, 0x47, 0xBE, 0x1E, 0x8D, 0xF4, 0x07, 0x56, 0x0F, 0xEF, 0x2F, 0xF7, 0x3B,
    0x52, 0xC5, 0x15, 0xFB, 0x24, 0x5F, 0x6B, 0xC1, 0xEF, 0x3F, 0x46, 0x67, 0xCB, 0xE5, 0x09, 0x40,
    0x91, 0xF5, 0x30, 0xE4, 0xE8, 0x69, 0x21, 0x6D, 0xA1, 0xDD, 0x47, 0x62, 0x70, 0xD9, 0x35, 0x9E,
    0xAA, 0x9D, 0xCA, 0x5F, 0xC9, 0x9C, 0x3E, 0xE4, 0xB2, 0x3F, 0xC2, 0x7B, 0xA1, 0x1C, 0x32, 0xBF,
    0x2F, 0xDA, 0x27, 0x5A, 0x89, 0xE1, 0x82, 0x15, 0x86, 0xCA, 0x3E, 0x5B, 0xB5, 0xED, 0x9C, 0xB6,
    0xDF, 0xA0, 0x1A, 0x30, 0x5B, 0x6C, 0xF1, 0x0B, 0x4E, 0x9A, 0xBA, 0x6E, 0xE9, 0x1F, 0x63, 0xB1,
    0xE1, 0xD4, 0x69, 0x6E, 0x2B, 0x88, 0x68, 0xE1, 0x12, 0xB6, 0x1E, 0xB8, 0x47, 0x9A, 0xC8, 0xBE,
    0xCF, 0x47, 0xAB, 0x3B, 0xF3, 0xFA, 0x6C, 0xB4, 0x3A, 0xC2, 0x8C, 0x92, 0xB7, 0x04, 0xDA, 0xA8,
    0x4B, 0xCD, 0x42, 0xF3, 0xFA, 0x88, 0x7A, 0x88, 0xEB, 0x63, 0x75, 0xDD, 0x3A, 0xAD, 0xAE, 0x3D,
    0x33, 0x9A, 0x12, 0x6C, 0x7C, 0xFF, 0x07, 0xAD, 0x57, 0x4D, 0x68, 0x24, 0x59, 0x1D, 0xFF, 0xBD,
    0x57, 0x9D, 0x54, 0xD2, 0xF5, 0xD1, 0x2D, 0xE4, 0x30, 0x3B, 0x56, 0x4F, 0x22, 0x04, 0x09, 0x63,
    0x4D, 0x2A, 0x4A, 0xC9, 0xB6, 0x63, 0x98, 0x2D, 0x15, 0x51, 0x18, 0x59, 0xC7, 0xC3, 0x82, 0x07,
    0x0F, 0x11, 0x3C, 0x2D, 0xCA, 0xD4, 0xA1, 0x11, 0x3F, 0x96, 0xF5, 0x39, 0xCB, 0xAE, 0x5F, 0x08,
    0xD9, 0x8B, 0x20, 0x82, 0x34, 0xB8, 0x87, 0x18, 0xA3, 0xDB, 0x87, 0x1C, 0x72, 0x70, 0xF4, 0x39,
    0x82, 0x82, 0xA7, 0x3A, 0xB8, 0x78, 0x51, 0x2C, 0x58, 0x4F, 0x2A, 0xBB, 0x0D, 0xE6, 0x10, 0x64,
    0x66, 0xE2, 0xEF, 0xFF, 0xAA, 0x7B, 0x33, 0x3A, 0x1F, 0xDD, 0x01, 0xD3, 0x5D, 0x2F, 0x4D, 0xD5,
    0x7B, 0xBF, 0xF7, 0x7F, 0xFF, 0x8F, 0xDF, 0xFF, 0x57, 0x80, 0x02, 0x6E, 0xBE, 0x64, 0xB4, 0xFD,
    0x17, 0x02, 0xF4, 0xD1, 0xE3, 0x95, 0xF2, 0x92, 0x4F, 0x8E, 0x01, 0xAF, 0x31, 0xFA, 0xAA, 0x42,
    0xEA, 0x19, 0x04, 0xB7, 0x31, 0xF9, 0xEB, 0x02, 0x23, 0xEF, 0x60, 0x27, 0xEA, 0x14, 0xDB, 0x01,
    0xF2, 0x00, 0x83, 0x18, 0x65, 0x84, 0x7C, 0x03, 0x97, 0xEA, 0x66, 0xC2, 0xC2, 0xF3, 0xB7, 0x7E,
    0xD4, 0xC3, 0x0F, 0x13, 0xFC, 0x2D, 0x85, 0xED, 0x2B, 0x93, 0xEB, 0x22, 0xD7, 0x28, 0x3D, 0x8C,
    0xB4, 0xCC, 0xCC, 0x8E, 0xDF, 0xC1, 0xD9, 0xDE, 0xF4, 0xD7, 0x23, 0x7F, 0x37, 0x6C, 0x23, 0x89,
    0x91, 0x46, 0xE8, 0x73, 0xF7, 0x2F, 0x22, 0xFB, 0x74, 0x31, 0xDD, 0xCA, 0xFD, 0x78, 0xDA, 0x8D,
    0x3D, 0xE8, 0x7D, 0xD3, 0xDE, 0x37, 0xA8, 0x07, 0x17, 0x68, 0x4F, 0x95, 0xAE, 0x75, 0xA0, 0x6C,
    0x8F, 0x06, 0x6B, 0x1B, 0xE1, 0x90, 0x63, 0x4F, 0xD5, 0xF0, 0x8C, 0x18, 0xEB, 0x15, 0xDB, 0x1D,
    0xC0, 0x47, 0x99, 0x2A, 0x04, 0xAA, 0x3A, 0xF4, 0x90, 0xDD, 0xC7, 0xE9, 0x7D, 0x87, 0xA9, 0x08,
    0x83, 0x3F, 0x13, 0x85, 0x6B, 0xAA, 0x14, 0x82, 0xB1, 0x7A, 0x97, 0x10, 0x6B, 0x25, 0x11, 0x50,
    0x39, 0x00, 0xB7, 0x5E, 0x96, 0xCB, 0xEA, 0x72, 0x4D, 0x16, 0x8F, 0xB1, 0x50, 0x14, 0x05, 0x7C,
    0xF3, 0x34, 0x08, 0x9F, 0x0A, 0x3A, 0x7F, 0xBC, 0x1E, 0xDC, 0x47, 0x14, 0x87, 0xA9, 0x18, 0x5F,
    0x22, 0x8F, 0x50, 0x61, 0x90, 0xD0, 0x80, 0x92, 0xAE, 0x41, 0x7E, 0x90, 0x86, 0xC8, 0x36, 0xBF,
    0x71, 0xB7, 0x39, 0x8C, 0xDE, 0xC3, 0x7E, 0x41, 0x8F, 0x72, 0x6D, 0x45, 0x07, 0x2B, 0x4B, 0xFF,
    0x6A, 0x4B, 0x37, 0x73, 0x28, 0x69, 0x38, 0x46, 0x04, 0x46, 0x4D, 0xE0, 0xDD, 0x8A, 0xE1, 0xF8,
    0x8D, 0x45, 0x76, 0x7A, 0xC7, 0xCA, 0x42, 0x23, 0x5B, 0x89, 0x13, 0x02, 0xC1, 0xF9, 0x42, 0xE3,
    0x1A, 0xC2, 0xF5, 0x89, 0xD6, 0x25, 0x18, 0xB1, 0xD4, 0x98, 0x28, 0x23, 0x5E, 0xB5, 0xF8, 0xC6,
    0x2B, 0x94, 0xF5, 0xF1, 0xAA, 0x0D, 0x70, 0xC7, 0x64, 0xA7, 0xBF, 0x35, 0xCD, 0x72, 0xB1, 0x38,
    0x72, 0x00, 0x2B, 0xB8, 0xD2, 0x49, 0x5A, 0x74, 0xF6, 0x0B, 0x79, 0xB2, 0x95, 0x96, 0xFD, 0x51,
    0x5E, 0x97, 0x75, 0x79, 0x34, 0xE4, 0xEE, 0xD6, 0x33, 0x4F, 0x41, 0x0F, 0x2F, 0xBE, 0xF2, 0x1A,
    0xC6, 0x3E, 0xF1, 0x4E, 0x16, 0xB5, 0x55, 0x07, 0xCB, 0x9E, 0xD1, 0xCF, 0x86, 0x5E, 0xA1, 0x83,
    0xD0, 0x87, 0xE7, 0x7D, 0x36, 0xE0, 0xF0, 0xC7, 0x18, 0x8B, 0xEA, 0x38, 0xC6, 0x32, 0xC6, 0x0C,
    0x6A, 0x51, 0x26, 0x62, 0x56, 0x2A, 0x43, 0x5F, 0x86, 0x11, 0xAF, 0x45, 0x17, 0x39, 0x25, 0x78,
    0x2F, 0x19, 0xE2, 0x31, 0xDD, 0x4E, 0x16, 0x79, 0xE3, 0x60, 0x79, 0x15, 0xC4, 0x0B, 0x40, 0xBC,
    0xB6, 0xE0, 0x45, 0x82, 0x17, 0x0A, 0x5E, 0x22, 0x78, 0xA9, 0xE0, 0x39, 0x94, 0x5C, 0x86, 0x52,
    0x86, 0xFA, 0x1D, 0xBC, 0x42, 0x0E, 0xDC, 0xFC, 0x07, 0x36, 0x5F, 0x0C, 0x4C, 0x7C, 0xDD, 0x2B,
    0xE2, 0xB6, 0x87, 0x24, 0xF2, 0x19, 0x08, 0x66, 0x32, 0xB3, 0x29, 0x4F, 0x22, 0x6C, 0x75, 0x3E,
    0xC7, 0x19, 0xC9, 0xC4, 0xA2, 0xB2, 0xF1, 0xA4, 0x6A, 0x49, 0x24, 0x08, 0xA7, 0x0B, 0x04, 0x06,
    0xB1, 0xC1, 0x7B, 0x2D, 0x3E, 0x6F, 0xE9, 0x6F, 0xF5, 0x46, 0xE5, 0x3D, 0x57, 0x2D, 0xA3, 0x0E,
    0x31, 0x7E, 0x51, 0x9F, 0xC8, 0x06, 0x0C, 0xF6, 0x15, 0xB8, 0x40, 0x33, 0xCC, 0x12, 0x64, 0x86,
    0x78, 0x90, 0x30, 0xBC, 0x0C, 0x2E, 0x43, 0xDB, 0x98, 0xE3, 0xA6, 0xA5, 0x0E, 0x75, 0x2C, 0xB1,
    0xA5, 0x71, 0xDA, 0x7D, 0x5D, 0x26, 0x8A, 0xDB, 0x19, 0xB7, 0xCC, 0xA0, 0xD5, 0xF2, 0x98, 0x63,
    0x34, 0x99, 0x51, 0x08, 0x69, 0x56, 0x53, 0x6A, 0x9B, 0x82, 0xD1, 0xE2, 0xD9, 0x86, 0xF0, 0x2C,
    0x6E, 0xB2, 0x18, 0xC7, 0x2C, 0xAB, 0x9E, 0xAB, 0x05, 0x3E, 0x67, 0x1D, 0xB2, 0x0C, 0x59, 0x85,
    0x4C, 0xCB, 0x49, 0x0D, 0x4E, 0x37, 0x14, 0xBB, 0x0E, 0xC4, 0xAE, 0x47, 0xD7, 0x61, 0xB7, 0x8B,
    0x9E, 0x45, 0x07, 0xCF, 0xDF, 0xDA, 0xEB, 0x61, 0x37, 0x81, 0x7D, 0x62, 0x35, 0x16, 0x52, 0x66,
    0x3D, 0xE7, 0x51, 0x1F, 0xF4, 0xE3, 0xA3, 0x6B, 0xF2, 0xD7, 0x46, 0x28, 0xE3, 0xCD, 0x82, 0xE3,
    0x5C, 0xB0, 0xFB, 0xC0, 0x73, 0x50, 0xBF, 0x83, 0x7A, 0x65, 0x16, 0xB2, 0x72, 0x8E, 0x5A, 0x22,
    0xB8, 0xC1, 0x47, 0xE6, 0xB4, 0x19, 0x88, 0x81, 0x0D, 0xA8, 0x97, 0xA1, 0xBF, 0x3B, 0x0B, 0x9F,
    0x54, 0xF2, 0x61, 0xE0, 0xA9, 0x73, 0xE2, 0xD3, 0xEC, 0x6D, 0xC1, 0x57, 0x7F, 0x98, 0x85, 0xBF,
    0xE3, 0x72, 0xF5, 0xBC, 0xF6, 0x33, 0x52, 0x5B, 0xB2, 0xCB, 0x6C, 0x7C, 0xAC, 0xD6, 0xDD, 0x9C,
    0x6C, 0x7C, 0x74, 0x25, 0x2F, 0xCB, 0x51, 0xF5, 0x75, 0xB9, 0xD9, 0x39, 0x46, 0xAB, 0x8B, 0xA8,
    0x94, 0x71, 0x66, 0x36, 0x37, 0xA1, 0xF8, 0x8E, 0x7C, 0x67, 0x24, 0x74, 0x70, 0x82, 0x86, 0x75,
    0x18, 0xEA, 0xF9, 0x60, 0xB1, 0x36, 0x29, 0xD2, 0x27, 0xC1, 0x22, 0x6B, 0xF2, 0x52, 0xEF, 0xFF,
    0x14, 0xEA, 0x28, 0x84, 0x97, 0x2F, 0x61, 0x89, 0xAB, 0x2E, 0x90, 0x29, 0xB6, 0xFE, 0xBD, 0x8B,
    0x37, 0x58, 0x92, 0x3F, 0xA8, 0xC8, 0x01, 0xB6, 0x1B, 0x6A, 0xBB, 0xF5, 0xAB, 0x80, 0x9C, 0xEB,
    0x96, 0x78, 0x3F, 0x7F, 0x2B, 0x0A, 0x82, 0x34, 0x8E, 0xF3, 0xDE, 0x57, 0xCA, 0xCD, 0x42, 0x40,
    0xBF, 0xD4, 0xCA, 0xBE, 0xE5, 0x9C, 0x78, 0xB3, 0xD2, 0xD5, 0x61, 0x80, 0xAD, 0x9E, 0x04, 0x4A,
    0xCA, 0x3C, 0xF7, 0x8F, 0x73, 0x65, 0xFB, 0x41, 0x2D, 0xF5, 0xF2, 0x76, 0xB3, 0xF1, 0x10, 0xFF,
    0xD8, 0xF1, 0x3E, 0x06, 0xDF, 0x83, 0x4F, 0xE2, 0xDA, 0x03, 0x29, 0x28, 0xBE, 0x81, 0xE0, 0x1E,
    0x09, 0x02, 0xC3, 0xD7, 0x0D, 0x0D, 0x5D, 0xDC, 0x75, 0x45, 0xE8, 0x95, 0xD0, 0xD5, 0x63, 0x31,
    0xB5, 0x3D, 0xC3, 0x64, 0x71, 0x45, 0xD6, 0xF1, 0xF1, 0xE3, 0xC1, 0x03, 0x0C, 0xDB, 0x98, 0x80,
    0x93, 0x75, 0x1C, 0x41, 0x90, 0x21, 0xF4, 0xDE, 0x65, 0x08, 0xC5, 0xA1, 0xDA, 0x81, 0xBA, 0x63,
    0xA0, 0x19, 0x7B, 0xFD, 0x16, 0x8F, 0xF9, 0x57, 0x5E, 0x9F, 0x60, 0x19, 0x90, 0x06, 0x02, 0xF2,
    0x44, 0x66, 0x8E, 0x5D, 0x93, 0xBC, 0x68, 0x58, 0xC4, 0x0B, 0x0C, 0xCB, 0x94, 0x4A, 0xE2, 0x8E,
    0x89, 0x42, 0x84, 0x3B, 0x52, 0xDE, 0x9B, 0x35, 0xFA, 0x6C, 0x3C, 0x7D, 0x6C, 0x5D, 0x72, 0x47,
    0x9D, 0xC5, 0x1F, 0xEC, 0xE6, 0xA4, 0x24, 0x8F, 0x16, 0xED, 0x3A, 0xFA, 0x88, 0xE2, 0xED, 0x20,
    0x0F, 0x06, 0x71, 0x19, 0xE5, 0x1B, 0x97, 0x6A, 0x66, 0x1E, 0x39, 0x80, 0x27, 0x78, 0xC6, 0x9E,
    0x17, 0x4C, 0xDF, 0x7B, 0x02, 0x1C, 0x8B, 0xEF, 0x32, 0xB3, 0x08, 0x8B, 0xEC, 0xE0, 0x3F, 0x43,
    0x2B, 0x94, 0x72, 0x11, 0x96, 0x3C, 0x71, 0x15, 0xDC, 0xC1, 0x4E, 0x8C, 0x71, 0x0F, 0xD7, 0x8E,
    0xA7, 0x4D, 0xDF, 0x4D, 0x16, 0xFB, 0x4E, 0xCD, 0x22, 0x97, 0x5F, 0x98, 0xCC, 0x57, 0x47, 0xAE,
    0x81, 0xC5, 0x32, 0x0E, 0x13, 0x1C, 0x0E, 0x70, 0xB1, 0x38, 0xE3, 0x39, 0xF9, 0x3B, 0x72, 0x55,
    0xB8, 0xE5, 0xB2, 0x71, 0xE4, 0xCA, 0x8B, 0xDD, 0xD1, 0xCA, 0x5A, 0x72, 0xB1, 0x2F, 0x64, 0xF1,
    0x7F, 0x50, 0x11, 0x22, 0x20, 0x20, 0x02, 0x02, 0xE7, 0x15, 0x10, 0x44, 0x3B, 0xEB, 0xC5, 0x22,
    0x1E, 0x44, 0x3B, 0x88, 0x74, 0x10, 0xE5, 0x20, 0xC2, 0x41, 0x74, 0x83, 0xC8, 0x86, 0x33, 0xD5,
    0x50, 0x88, 0xE5, 0xCB, 0x98, 0x2B, 0x29, 0x95, 0xF3, 0xCD, 0xCA, 0xBC, 0x49, 0xA9, 0xF7, 0x2E,
    0x32, 0x74, 0x63, 0x49, 0xE2, 0x2A, 0x90, 0x73, 0x70, 0xB1, 0x78, 0x01, 0xFA, 0xF4, 0xEE, 0x33,
    0x86, 0xE7, 0x88, 0xC4, 0x05, 0x09, 0x6D, 0x65, 0xF8, 0x03, 0x49, 0x80, 0xCC, 0x6C, 0x4E, 0x34,
    0x1E, 0xF6, 0xD8, 0x8B, 0xAE, 0x5E, 0x2F, 0xB0, 0x4D, 0xF3, 0x06, 0x22, 0x5E, 0xE4, 0xE2, 0xA9,
    0xEA, 0xD8, 0x79, 0x45, 0xD9, 0x11, 0xF4, 0xEF, 0xE9, 0x43, 0x86, 0xD8, 0x9B, 0x9C, 0x99, 0x09,
    0x2C, 0x91, 0x85, 0x24, 0xB3, 0x13, 0x23, 0xBA, 0x29, 0x4F, 0xAA, 0x03, 0x11, 0x07, 0x4E, 0x1B,
    0x50, 0x1A, 0x88, 0x32, 0x10, 0x61, 0x20, 0xBA, 0x40, 0x64, 0x81, 0xA8, 0x02, 0x11, 0x05, 0xA2,
    0x09, 0x5C, 0xD3, 0x1F, 0x3A, 0xBE, 0x91, 0xD6, 0x8F, 0xF8, 0x3A, 0x62, 0x66, 0x59, 0xE4, 0xE8,
    0x32, 0x61, 0xD3, 0x67, 0x49, 0x17, 0x53, 0x75, 0x39, 0x94, 0xA6, 0xD2, 0xB6, 0x08, 0x6F, 0xC8,
    0x48, 0x1A, 0x6B, 0x1B, 0x7C, 0xC0, 0x52, 0x16, 0x91, 0xC6, 0xBC, 0xD3, 0x07, 0x38, 0x8C, 0x7E,
    0x6B, 0xBB, 0x2C, 0xFB, 0x27, 0xF0, 0x32, 0x70, 0x30, 0x93, 0xC9, 0x70, 0xA3, 0x91, 0x20, 0xFA,
    0x7C, 0x6C, 0xC6, 0x65, 0x92, 0xF5, 0x98, 0xC1, 0x69, 0x12, 0xF3, 0xC2, 0xC5, 0x7C, 0x24, 0xF5,
    0xA7, 0x0E, 0x7B, 0xBA, 0x9F, 0x2E, 0xF5, 0xFB, 0xEB, 0xFD, 0x7C, 0x67, 0x90, 0x9B, 0xF1, 0x55,
    0x55, 0x5D, 0xF1, 0x4C, 0xE7, 0xB6, 0x9C, 0x51, 0x7C, 0x99, 0x38, 0x7F, 0x28, 0x78, 0xBF, 0x70,
    0x62, 0xE0, 0x7D, 0xC8, 0xBF, 0x87, 0x2F, 0x3F, 0x8B, 0xAF, 0x45, 0xD8, 0xDE, 0xC0, 0xB5, 0xDA,
    0xE9, 0xA4, 0x77, 0x15, 0xF8, 0xA0, 0x15, 0xCE, 0xC0, 0x6C, 0x4E, 0x5F, 0xE8, 0xC2, 0xA7, 0x3E,
    0xFD, 0xE4, 0x6C, 0x37, 0xC0, 0xAF, 0xB1, 0xB4, 0x36, 0x87, 0x92, 0x02, 0xEE, 0x42, 0x7F, 0x7C,
    0x16, 0x20, 0x27, 0xBC, 0x09, 0xBC, 0xC7, 0xB8, 0x26, 0xF1, 0x1A, 0xEA, 0x1C, 0xD5, 0xDA, 0x44,
    0x4C, 0xFD, 0xBD, 0x98, 0x8A, 0xA9, 0x22, 0x80, 0xCD, 0x4E, 0x6D, 0xEB, 0x46, 0x3B, 0xD7, 0x34,
    0xD1, 0x3B, 0x8A, 0x92, 0x34, 0xFD, 0xD0, 0xE8, 0xAB, 0x4C, 0x8E, 0x7E, 0x77, 0x75, 0x92, 0x9E,
    0x1D, 0x8B, 0x35, 0x33, 0x13, 0x43, 0xCC, 0xD2, 0xAD, 0x47, 0x61, 0x2C, 0x74, 0xFD, 0x0D, 0xF5,
    0x6D, 0x47, 0xD9, 0x63, 0x54, 0xCA, 0x6A, 0x7E, 0xA4, 0xAA, 0x7D, 0xD6, 0x41, 0x66, 0x3E, 0x83,
    0xF7, 0xDB, 0x25, 0x96, 0x4E, 0xC0, 0x3B, 0xAC, 0x30, 0xDE, 0x8B, 0xF9, 0x09, 0x8C, 0xDB, 0xFA,
    0xB6, 0xFA, 0xE8, 0xE3, 0xD6, 0x71, 0x45, 0xB5, 0xB2, 0xF6, 0x48, 0x01, 0xC8, 0xA3, 0xFF, 0xA4,
    0xA0, 0xCD, 0xF3, 0xD0, 0xAE, 0xB4, 0xAA, 0xAE, 0xDF, 0x77, 0xA7, 0xFF, 0x1F, 0xC6, 0x6D, 0x4E,
    0xBF, 0x6A, 0x04, 0x69, 0x1E, 0x29, 0x39, 0x75, 0xC0, 0xC3, 0x30, 0x0F, 0x18, 0x24, 0x7C, 0x57,
    0x8F, 0x48, 0x50, 0xCA, 0x92, 0xE2, 0x46, 0xFA, 0x4F, 0xC6, 0xFB, 0x31, 0xBC, 0xEB, 0x64, 0x97,
    0x22, 0xF0, 0x6C, 0xF6, 0x6A, 0xBD, 0x52, 0x84, 0xE5, 0xE2, 0x3A, 0xA5, 0xF2, 0x2F, 0xE3, 0x30,
    0x9E, 0x9C, 0x2B, 0x17, 0x16, 0x9E, 0xDA, 0x32, 0x13, 0x81, 0x26, 0x8C, 0x97, 0x57, 0x1E, 0x46,
    0x50, 0x2B, 0xD0, 0xDF, 0x07, 0x6E, 0x09, 0xD2, 0x3C, 0x9A, 0x8A, 0x42, 0x28, 0xE0, 0x5B, 0xD5,
    0xA7, 0x66, 0xAA, 0x29, 0xB6, 0x38, 0xE0, 0x9B, 0x73, 0xEB, 0xB4, 0x69, 0xF6, 0x3E, 0x01, 0x53,
    0xDD, 0x43, 0xC0, 0xA7, 0x5A, 0x3A, 0x14, 0x39, 0xC8, 0xE3, 0x99, 0x5E, 0x90, 0xB7, 0xD6, 0xDD,
    0x08, 0x75, 0x8A, 0x6B, 0xF2, 0x3A, 0x24, 0x2C, 0x13, 0x4E, 0x95, 0xEB, 0x68, 0x63, 0x3D, 0xE5,
    0x44, 0x5D, 0x63, 0x34, 0x2C, 0xAF, 0x5A, 0x79, 0x22, 0xAC, 0x76, 0x79, 0xDF, 0x0C, 0x6B, 0x6B,
    0x2A, 0xA3, 0x1E, 0x7A, 0x85, 0xE8, 0x48, 0x6A, 0xC8, 0x5A, 0x62, 0xAC, 0x37, 0xCC, 0xC9, 0x27,
    0x59, 0xF5, 0x60, 0x32, 0x65, 0x85, 0xB4, 0xBF, 0x9D, 0x69, 0x1A, 0xD5, 0x5E, 0xE1, 0x7A, 0x20,
    0x61, 0x18, 0x70, 0x8A, 0x0B, 0x6A, 0x0B, 0xCF, 0xA1, 0x76, 0xA4, 0x59, 0x72, 0x76, 0xB7, 0x79,
    0x29, 0x7E, 0x9B, 0x4C, 0x5B, 0x28, 0x6E, 0x15, 0xB8, 0x26, 0x1A, 0x35, 0x42, 0x43, 0xEC, 0xE7,
    0x0B, 0xEA, 0xBB, 0x4D, 0x33, 0x8D, 0x3C, 0x89, 0xBF, 0x40, 0xEE, 0xB8, 0xD6, 0x21, 0x9D, 0x83,
    0x8D, 0x43, 0xFA, 0x86, 0xB4, 0x0D, 0x76, 0x0D, 0x69, 0x9C, 0xD2, 0x33, 0xA4, 0x65, 0x10, 0x20,
    0x47, 0x76, 0xEB, 0xDE, 0x59, 0x83, 0xFE, 0x2F, 0x0D, 0xF3, 0x78, 0xEE, 0xFE, 0x0F, 0x8D, 0x57,
    0x51, 0x8C, 0xDC, 0x56, 0x15, 0x3D, 0xB6, 0x77, 0xD7, 0x3B, 0xE3, 0xB1, 0xC7, 0x4A, 0x27, 0xD2,
    0x34, 0x78, 0x76, 0x07, 0x18, 0x51, 0x87, 0x78, 0x77, 0xDC, 0xF4, 0x75, 0xE3, 0x44, 0x93, 0xEC,
    0xAB, 0x84, 0x84, 0x50, 0xA5, 0x74, 0x90, 0x8A, 0x94, 0x1F, 0x60, 0x2A, 0x90, 0x88, 0x68, 0x69,
    0x0D, 0x4C, 0xA5, 0xD0, 0x44, 0xC9, 0x2B, 0xF9, 0xA8, 0x44, 0xA5, 0x76, 0x94, 0x08, 0x7E, 0xC8,
    0xC7, 0x80, 0x84, 0x08, 0x90, 0x10, 0xB7, 0x5A, 0xA4, 0xA5, 0xD9, 0x64, 0x1D, 0x90, 0x4A, 0xBE,
    0x90, 0xBF, 0x11, 0x1F, 0x0E, 0x15, 0x3F, 0x54, 0x55, 0x56, 0xA2, 0x1F, 0x8B, 0x68, 0xBA, 0xDC,
    0xF7, 0xEC, 0x6C, 0x76, 0xB3, 0x8B, 0x5A, 0x7B, 0x76, 0x76, 0xFC, 0xDE, 0xBD, 0xEF, 0xDE, 0x77,
    0xEE, 0xB9, 0xF7, 0x3E, 0x03, 0x73, 0x37, 0x1C, 0xC7, 0x73, 0x82, 0xE0, 0xD8, 0x88, 0x81, 0xC5,
    0xF3, 0x19, 0xE4, 0x65, 0xFE, 0x1B, 0xAD, 0x3A, 0x22, 0x07, 0xCC, 0x46, 0xEC, 0x21, 0xEE, 0x81,
    0x9D, 0x41, 0xF7, 0x9B, 0x28, 0xAE, 0xA3, 0x37, 0x51, 0xFF, 0x32, 0xEA, 0x06, 0xB7, 0x0D, 0xEE,
    0x99, 0x08, 0x2C, 0xF4, 0x3C, 0x3C, 0xF1, 0xA1, 0x9A, 0x1B, 0x18, 0x27, 0x4D, 0xD7, 0x81, 0xB3,
    0xE2, 0x38, 0xAD, 0x7A, 0xE0, 0x44, 0x36, 0xF3, 0x62, 0xF6, 0x8A, 0x5A, 0x75, 0x26, 0x67, 0x11,
    0x7A, 0x88, 0xE8, 0x8E, 0xB3, 0xFC, 0x3A, 0x97, 0x63, 0xC6, 0x8A, 0x5D, 0x0B, 0xC0, 0xF0, 0xF2,
    0xF8, 0x95, 0x5A, 0xAF, 0xB9, 0x98, 0xD3, 0xD0, 0x24, 0x87, 0x29, 0x60, 0xD0, 0x37, 0x8C, 0x6B,
    0xB0, 0x1D, 0x04, 0xB6, 0x74, 0x63, 0x58, 0xB8, 0xB1, 0x8C, 0x2E, 0x03, 0x42, 0x20, 0x06, 0x5E,
    0x06, 0x1E, 0x25, 0x85, 0x6F, 0x43, 0xBB, 0x04, 0xE3, 0x4B, 0xBB, 0xCB, 0x5F, 0x41, 0x77, 0x5E,
    0x59, 0x82, 0xB3, 0x16, 0x45, 0x2C, 0x3A, 0x7C, 0xAA, 0x3A, 0x44, 0xCC, 0xB3, 0x73, 0x6A, 0x70,
    0x36, 0x77, 0x19, 0x22, 0x6D, 0x79, 0x8E, 0xC5, 0x71, 0x92, 0x9D, 0x2E, 0x04, 0x67, 0x73, 0xD0,
    0x28, 0x8E, 0x42, 0x5B, 0xC5, 0xCC, 0x93, 0x6B, 0x71, 0xCC, 0x93, 0x0C, 0xE5, 0x1C, 0xAC, 0x15,
    0xAF, 0xE6, 0xA1, 0x3E, 0xA2, 0x3D, 0x20, 0x6E, 0x28, 0x87, 0x31, 0xB3, 0xD4, 0xF1, 0x11, 0x55,
    0x33, 0x24, 0x88, 0x45, 0x72, 0xAE, 0x80, 0x70, 0x66, 0x09, 0x9D, 0x45, 0xE0, 0x48, 0xBF, 0x9A,
    0xAD, 0xD1, 0x04, 0x89, 0x8B, 0x04, 0xE5, 0x9C, 0xDC, 0xB6, 0x1D, 0x78, 0x0B, 0xF9, 0x70, 0x18,
    0x07, 0x2C, 0x9A, 0x59, 0x53, 0x83, 0xCB, 0x84, 0x43, 0xA8, 0xAD, 0x93, 0x70, 0x8E, 0x0C, 0xA9,
    0x96, 0x1A, 0xC2, 0x84, 0xBF, 0xFB, 0x06, 0xA3, 0x1D, 0x80, 0x8C, 0xC6, 0x78, 0x2B, 0x55, 0x78,
    0xE0, 0x53, 0x8B, 0x5D, 0x85, 0x6D, 0x51, 0x34, 0xC8, 0x2E, 0xE2, 0x45, 0x19, 0xE8, 0x28, 0x90,
    0x7E, 0xAB, 0xEB, 0x54, 0x2B, 0xB0, 0xBD, 0x5A, 0xAD, 0x66, 0x77, 0x9C, 0xBE, 0x25, 0xEA, 0x38,
    0x80, 0xC7, 0xF0, 0x3C, 0x9A, 0x72, 0xEA, 0x86, 0x25, 0xCC, 0x01, 0x8C, 0x14, 0x7A, 0x8A, 0xA9,
    0x14, 0xD3, 0x29, 0x9A, 0x29, 0xEA, 0x25, 0x40, 0x98, 0x37, 0x61, 0x9B, 0xA8, 0x55, 0xE1, 0x15,
    0x2E, 0x04, 0x88, 0x5E, 0x40, 0xF7, 0xA4, 0xB2, 0x52, 0xC4, 0x8D, 0x7E, 0x93, 0xFA, 0x49, 0x98,
    0x2E, 0xAA, 0x80, 0x7D, 0x03, 0xCE, 0x71, 0xB4, 0x0A, 0x61, 0x0F, 0x2C, 0x40, 0x18, 0x20, 0x9E,
    0xE5, 0x9B, 0x6C, 0xAA, 0x92, 0x88, 0x73, 0xBC, 0xE5, 0x04, 0x76, 0xE4, 0xB1, 0x20, 0xF4, 0x63,
    0x82, 0x69, 0x22, 0xAE, 0x65, 0x53, 0x5C, 0x23, 0x48, 0x34, 0x69, 0x12, 0x36, 0x6A, 0x38, 0x8B,
    0x40, 0x91, 0x6B, 0x5E, 0x6A, 0xDA, 0x5E, 0x10, 0xB1, 0x30, 0x3E, 0x23, 0xC9, 0x9C, 0xEB, 0x04,
    0xA5, 0xC1, 0x4D, 0x58, 0x70, 0xD0, 0x15, 0x93, 0xDC, 0xA4, 0x27, 0x83, 0x74, 0xBB, 0xEE, 0x9B,
    0xA9, 0x0D, 0x8F, 0xEE, 0x00, 0xD2, 0x20, 0xCD, 0x70, 0x29, 0xD7, 0xC5, 0x5F, 0x71, 0x4D, 0x14,
    0xE3, 0x3E, 0x3D, 0xD1, 0x0C, 0xAC, 0x52, 0x5F, 0x5A, 0xF2, 0x94, 0x25, 0x26, 0x29, 0x40, 0xD1,
    0xFA, 0x03, 0x3A, 0x34, 0x4F, 0x02, 0xB4, 0x22, 0x89, 0xC0, 0xDA, 0x48, 0x1D, 0x03, 0xB5, 0x0A,
    0xBC, 0x0E, 0x82, 0x31, 0xA2, 0xEF, 0x81, 0x59, 0x08, 0xD5, 0x5C, 0xE8, 0x48, 0x3C, 0xA6, 0x46,
    0x25, 0x50, 0x86, 0xB0, 0x2D, 0x83, 0xD7, 0x1C, 0x13, 0x1E, 0x41, 0x16, 0xD4, 0xE4, 0xEC, 0x0C,
    0xA2, 0x2B, 0x73, 0xE8, 0x3E, 0xF3, 0xA6, 0xC0, 0x26, 0xA0, 0xBB, 0xC9, 0xB5, 0x4A, 0xB9, 0x4B,
    0x24, 0x11, 0xD0, 0x1F, 0x85, 0x51, 0x22, 0x8C, 0x76, 0xA1, 0x73, 0xB6, 0x0B, 0xE7, 0xE9, 0xF3,
    0xDC, 0xB1, 0x48, 0x87, 0xF4, 0x02, 0xBB, 0x4A, 0xE0, 0x52, 0x62, 0x10, 0xC8, 0x21, 0xA1, 0xAC,
    0x74, 0x34, 0xD2, 0xA9, 0x52, 0x3C, 0xF4, 0xC2, 0xD4, 0x1F, 0xD7, 0x71, 0x98, 0xF6, 0xE5, 0x83,
    0x00, 0x4E, 0x18, 0xF2, 0x18, 0x59, 0x8C, 0xF4, 0xA8, 0x96, 0x62, 0x8F, 0xC0, 0x0F, 0xA1, 0xA8,
    0x48, 0x0B, 0x3B, 0x4F, 0x3B, 0x55, 0xCF, 0x2E, 0x83, 0x21, 0x51, 0x60, 0x38, 0xAC, 0x78, 0x61,
    0xDE, 0x5A, 0xD7, 0xB3, 0xBE, 0x91, 0x08, 0x9D, 0xA5, 0x93, 0x81, 0xA8, 0x38, 0xA2, 0x66, 0x71,
    0x62, 0x03, 0x11, 0xED, 0x8A, 0xED, 0xF4, 0xAC, 0x63, 0xD7, 0x86, 0x4E, 0x6C, 0x33, 0x7F, 0x46,
    0x25, 0x0D, 0xF4, 0xBB, 0xBF, 0x77, 0xAC, 0x4A, 0x40, 0x35, 0xC6, 0x19, 0x0F, 0x5B, 0xC4, 0xBE,
    0x09, 0xE6, 0x4F, 0xCF, 0xDC, 0x2C, 0xE9, 0xA7, 0xFD, 0x2B, 0x75, 0x10, 0x07, 0x4D, 0x9F, 0xF9,
    0x41, 0xCC, 0x82, 0x38, 0x8C, 0x58, 0x12, 0xCF, 0xBF, 0xA1, 0xF2, 0x67, 0x02, 0x98, 0x06, 0x1A,
    0x20, 0xDC, 0xAD, 0x55, 0x1E, 0x1C, 0x4C, 0xE3, 0x41, 0x96, 0x8C, 0xF3, 0x24, 0xCB, 0x92, 0x5B,
    0x29, 0xFB, 0x0B, 0x9F, 0xBD, 0x27, 0xB7, 0x44, 0x15, 0x84, 0x3E, 0xBA, 0x5A, 0xCD, 0xDE, 0x0C,
    0x59, 0xC2, 0x92, 0x63, 0x92, 0x14, 0x7B, 0x81, 0x3A, 0x14, 0xFD, 0xD4, 0xC7, 0x53, 0x80, 0x14,
    0xA9, 0x90, 0x80, 0x25, 0x50, 0x42, 0xDB, 0x55, 0x97, 0x48, 0xB5, 0xC8, 0xCD, 0x7F, 0x92, 0x65,
    0x0A, 0xE7, 0x4B, 0x30, 0xCE, 0xC3, 0x10, 0x65, 0xD8, 0x1D, 0xB5, 0x50, 0x4D, 0xAD, 0xE5, 0xAB,
    0xB5, 0x54, 0x28, 0xE6, 0x56, 0x1C, 0x8A, 0xD7, 0xFD, 0x35, 0xC2, 0x92, 0x31, 0x12, 0x4B, 0x63,
    0xC9, 0xEE, 0x14, 0x0C, 0x63, 0x8A, 0x4B, 0xC0, 0x69, 0x5C, 0x14, 0x46, 0xC9, 0xCD, 0xAA, 0xE2,
    0x9A, 0xE4, 0x60, 0x43, 0x55, 0xE4, 0xBB, 0xD0, 0xCF, 0x0B, 0xE3, 0x3C, 0x37, 0x7E, 0x0E, 0xF3,
    0x0C, 0x2C, 0x0F, 0x8E, 0x8D, 0xEE, 0xEB, 0x32, 0x4B, 0xCC, 0x7F, 0x64, 0xFA, 0x6B, 0x30, 0x8E,
    0x13, 0xCC, 0x30, 0xBF, 0x0E, 0x8B, 0x58, 0x4A, 0x34, 0x5F, 0x56, 0xB8, 0x57, 0x2B, 0x16, 0x8C,
    0x8C, 0x4A, 0x4B, 0xE0, 0x7B, 0xC7, 0x92, 0x36, 0xD9, 0xEF, 0x11, 0xB6, 0x02, 0xD5, 0x04, 0x35,
    0x57, 0x6E, 0xD9, 0xDF, 0x92, 0x97, 0x54, 0xA5, 0x28, 0x34, 0x04, 0x71, 0x8A, 0x6D, 0x41, 0xDF,
    0x4D, 0x5E, 0x5B, 0x7E, 0x58, 0xBE, 0x00, 0x42, 0x91, 0x84, 0xF6, 0x01, 0xB9, 0x87, 0x07, 0xF9,
    0xE2, 0x71, 0x8F, 0xF2, 0x15, 0xDA, 0x08, 0x66, 0x0C, 0xDB, 0x2D, 0x61, 0xDA, 0x84, 0x3C, 0x56,
    0x9F, 0xB1, 0x5C, 0x8C, 0xCA, 0xE8, 0xC1, 0x1C, 0x87, 0x4E, 0x14, 0x35, 0xAA, 0x9E, 0x16, 0xA5,
    0xB0, 0xC8, 0xE0, 0xC5, 0x74, 0x8A, 0x22, 0xAF, 0xCB, 0xCC, 0xCD, 0xB6, 0xE6, 0xE1, 0x56, 0x54,
    0x1F, 0xD4, 0x9F, 0xB3, 0xD7, 0xB8, 0xCC, 0x92, 0xA2, 0xFE, 0x3C, 0x53, 0x96, 0xA7, 0xD9, 0x3A,
    0x97, 0xA5, 0xD1, 0x92, 0x39, 0x39, 0xAC, 0x23, 0x96, 0x29, 0x81, 0x92, 0x91, 0xA4, 0x5B, 0x57,
    0xBA, 0x06, 0xBC, 0x29, 0x04, 0xD3, 0x88, 0x9A, 0x88, 0x42, 0xAA, 0x18, 0x25, 0x25, 0x73, 0x3D,
    0xA9, 0xC5, 0x9D, 0x38, 0x64, 0x03, 0x96, 0x44, 0xC3, 0xB9, 0x72, 0x70, 0xA8, 0xE7, 0xEB, 0xD3,
    0xBF, 0x38, 0xD5, 0xF8, 0x65, 0x14, 0xFE, 0x2A, 0x1A, 0x2C, 0x47, 0xA3, 0xA5, 0x28, 0x89, 0xD5,
    0x24, 0xED, 0x76, 0xA6, 0x2F, 0x37, 0x76, 0xBF, 0x52, 0xD6, 0x72, 0x34, 0x12, 0x84, 0xB1, 0xCC,
    0xB0, 0x38, 0xC2, 0x70, 0xBE, 0x34, 0x7B, 0xAC, 0x4B, 0xF5, 0x0A, 0x4E, 0xB8, 0xD9, 0xF8, 0x24,
    0x9F, 0x0A, 0xB3, 0xE6, 0x06, 0xA6, 0x5B, 0x0A, 0xA3, 0x5C, 0x2E, 0x42, 0x53, 0x76, 0x05, 0x8B,
    0x1F, 0x29, 0xA2, 0xD5, 0x14, 0x87, 0x77, 0xCA, 0x1C, 0x80, 0x7D, 0x11, 0x8B, 0xF7, 0x80, 0xFB,
    0x25, 0xC4, 0xD8, 0x10, 0x53, 0x53, 0x90, 0x49, 0x3A, 0x90, 0x91, 0x92, 0xB1, 0xB3, 0x4B, 0xC2,
    0x8E, 0x3D, 0x2C, 0x0D, 0xB1, 0x8F, 0x17, 0xEB, 0xF0, 0x4A, 0x75, 0xBB, 0x98, 0x27, 0x65, 0xF6,
    0x7D, 0x20, 0x4B, 0x72, 0xF8, 0x0E, 0xAA, 0x4F, 0x61, 0x8A, 0x1F, 0x1D, 0x86, 0x91, 0x2B, 0x51,
    0xCF, 0x4D, 0xFE, 0xA0, 0x1C, 0x4E, 0x09, 0x3F, 0x8E, 0xC3, 0x9C, 0x3C, 0x48, 0x30, 0x57, 0x12,
    0x57, 0x12, 0x1B, 0x1C, 0x59, 0x19, 0x3E, 0xA1, 0xE5, 0x18, 0x82, 0x71, 0x6A, 0xFE, 0xA7, 0x95,
    0x67, 0x3A, 0x35, 0x7F, 0x4F, 0x51, 0x3F, 0x51, 0x4D, 0x4F, 0xEA, 0xFE, 0x68, 0xB4, 0x0F, 0x78,
    0x49, 0xE8, 0xE9, 0x1A, 0x85, 0x48, 0x46, 0xCF, 0x8D, 0xE8, 0x62, 0xED, 0x21, 0xC3, 0x5A, 0xA4,
    0x65, 0x81, 0x21, 0xAC, 0x1B, 0xE5, 0xAE, 0xCC, 0xF7, 0xEF, 0xA7, 0xC4, 0x55, 0x98, 0x55, 0x50,
    0xA5, 0x73, 0x2C, 0x74, 0x2F, 0xCB, 0x56, 0xBF, 0x14, 0x05, 0x91, 0x57, 0x7D, 0x61, 0x7F, 0x90,
    0xB0, 0xB5, 0xE4, 0x88, 0x32, 0xE6, 0x02, 0x1F, 0x4A, 0x26, 0xEB, 0x5C, 0x76, 0xC7, 0xFF, 0xDB,
    0xF6, 0x60, 0xDE, 0xF9, 0x8F, 0x9E, 0x26, 0x86, 0xC8, 0x8D, 0x9F, 0x66, 0xE6, 0x53, 0xA9, 0xA5,
    0xA5, 0x8E, 0x9E, 0x76, 0x5F, 0xCF, 0xA9, 0xEA, 0x38, 0xB2, 0xF2, 0xE0, 0xCC, 0x96, 0xE2, 0x3F,
    0x46, 0x56, 0xCD, 0x16, 0xF2, 0x43, 0x27, 0x0A, 0xB2, 0xEA, 0xE4, 0x8D, 0xD0, 0xFF, 0xCC, 0x71,
    0x17, 0xB8, 0x0E, 0xED, 0x27, 0xA8, 0xDA, 0x38, 0xBB, 0x49, 0x75, 0xCA, 0xBC, 0xFD, 0x0F, 0xB7,
    0xA3, 0x4A, 0xF7, 0x8A, 0xEA, 0xEF, 0x7F, 0xFF, 0xC4, 0xFE, 0x5E, 0x26, 0xE8, 0xC9, 0x1D, 0x11,
    0x98, 0xE7, 0xAD, 0x5D, 0x23, 0xF0, 0x62, 0x59, 0x5A, 0xE4, 0x81, 0x4A, 0x12, 0x4B, 0x32, 0x4B,
    0xF2, 0xC7, 0xB8, 0xB6, 0x91, 0xDB, 0xB4, 0xA7, 0xC0, 0x36, 0x39, 0xB3, 0xA5, 0x1D, 0x3A, 0xCB,
    0xF4, 0xA8, 0xE8, 0x5D, 0x4D, 0x45, 0x77, 0x76, 0x23, 0x55, 0x28, 0xEC, 0xD4, 0x49, 0x49, 0x87,
    0x07, 0x44, 0x3E, 0x66, 0xFB, 0xA4, 0x43, 0xBB, 0xEF, 0xBD, 0x48, 0xDE, 0x51, 0x2A, 0x0E, 0x4B,
    0x21, 0xCA, 0x28, 0xF4, 0x68, 0x9F, 0xB2, 0xBD, 0x7D, 0x2A, 0x9B, 0x6F, 0x8F, 0xD9, 0xD5, 0xDB,
    0x6D, 0xB2, 0x29, 0x50, 0x14, 0x39, 0x59, 0xD6, 0x09, 0xAB, 0xD5, 0xFF, 0x0A, 0x76, 0x2B, 0x0D,
    0x33, 0xC4, 0xCB, 0x48, 0x66, 0x71, 0xC7, 0xE0, 0xEF, 0x19, 0x58, 0xFD, 0xA0, 0xC8, 0x37, 0x01,
    0x3B, 0x99, 0xF6, 0x5C, 0xCF, 0xC7, 0xEA, 0x3A, 0x18, 0x53, 0xD9, 0x44, 0xF4, 0x19, 0x23, 0xCF,
    0x90, 0xA7, 0x58, 0x55, 0xB9, 0xF6, 0x88, 0xC0, 0xAF, 0x55, 0x2D, 0x2A, 0x17, 0xFC, 0xC6, 0x1A,
    0x63, 0x12, 0x9B, 0x38, 0xC3, 0x5B, 0xEF, 0x8A, 0x3B, 0xEB, 0x83, 0x3B, 0xF9, 0xE0, 0xE6, 0x39,
    0x51, 0x26, 0x29, 0x9C, 0x21, 0x89, 0xB9, 0x45, 0x1F, 0xBD, 0xB9, 0xF2, 0x11, 0xD8, 0x7C, 0x0D,
    0x21, 0x9D, 0x69, 0x63, 0x22, 0x46, 0x12, 0xFA, 0xD4, 0x0A, 0x19, 0xB2, 0x84, 0x69, 0x69, 0x1E,
    0x53, 0x5E, 0x10, 0x39, 0x08, 0x79, 0x32, 0xE3, 0xA3, 0x22, 0xFD, 0x9E, 0xDB, 0xAC, 0x65, 0xD7,
    0xA5, 0xDF, 0x8F, 0x6F, 0xF7, 0xFB, 0x1D, 0xE5, 0xF7, 0x56, 0xB1, 0xC5, 0x0D, 0xCE, 0xEA, 0xEA,
    0x90, 0x43, 0xC4, 0xCF, 0xF0, 0xDE, 0xAB, 0x78, 0x9F, 0xB6, 0xF7, 0x31, 0xF6, 0x7D, 0x4E, 0xD4,
    0x7E, 0x00, 0xFB, 0x6D, 0x54, 0x4F, 0xC1, 0x92, 0xED, 0x1C, 0xC3, 0x37, 0x70, 0xF0, 0x36, 0x16,
    0x32, 0x44, 0x39, 0x18, 0x6D, 0xEC, 0xB7, 0xC2, 0xF8, 0x59, 0x3A, 0x89, 0x74, 0x02, 0xF7, 0x0F,
    0x5B, 0xEA, 0xEA, 0x7E, 0x8C, 0xB0, 0x82, 0xF6, 0xB4, 0x2A, 0xBD, 0x5A, 0x7A, 0x91, 0x4E, 0x8E,
    0xBA, 0xA0, 0x43, 0x03, 0x9D, 0x19, 0x28, 0x23, 0x9C, 0xCF, 0xC0, 0xFA, 0xDB, 0x96, 0xDE, 0xB4,
    0xEF, 0x93, 0xC4, 0xA8, 0x3C, 0x3B, 0xB1, 0x3A, 0x14, 0xF8, 0xD4, 0xE7, 0x9E, 0x4C, 0xC3, 0xF4,
    0x39, 0x71, 0x81, 0x3F, 0x25, 0xA4, 0x6A, 0x1B, 0x0B, 0xE2, 0x71, 0xF1, 0x1C, 0xBF, 0xC0, 0x5F,
    0xA5, 0x67, 0x8D, 0xDC, 0x30, 0xE8, 0x9E, 0xA2, 0xF3, 0xCF, 0x34, 0x2D, 0x2F, 0xBB, 0xE2, 0x02,
    0x0F, 0xA9, 0x7C, 0x8C, 0x0A, 0x0F, 0x53, 0x4D, 0xE8, 0xFC, 0x11, 0x7C, 0x81, 0x3F, 0xF8, 0xFD,
    0x18, 0xD5, 0x6F, 0x9D, 0x9E, 0x9D, 0x41, 0x2D, 0xB5, 0xD3, 0x66, 0xBA, 0x9F, 0x7E, 0x7F, 0xFF,
    0xDD, 0x83, 0xB7, 0xD8, 0x6D, 0x96, 0xB5, 0x29, 0x16, 0xD5, 0xA6, 0xD1, 0x30, 0xDA, 0xFA, 0x88,
    0xA4, 0x89, 0xEC, 0x1D, 0x16, 0xB6, 0xFD, 0x11, 0xCB, 0xC2, 0xB4, 0xCD, 0x27, 0xDA, 0xF1, 0x29,
    0xB7, 0xD3, 0x6B, 0xB6, 0xD1, 0xEC, 0x85, 0x9D, 0x89, 0x76, 0xA7, 0xCD, 0x9B, 0x61, 0xE8, 0x36,
    0xF0, 0x1D, 0x72, 0xA1, 0x42, 0x09, 0x3E, 0x89, 0x43, 0x7C, 0x40, 0x4E, 0x4C, 0xD0, 0xA1, 0x70,
    0x8E, 0x98, 0x5F, 0x91, 0xC7, 0xA1, 0xD6, 0xCC, 0x80, 0x7C, 0x9B, 0xC3, 0xB7, 0xE8, 0x61, 0x0F,
    0x8E, 0xA8, 0x18, 0x6B, 0xA8, 0x8B, 0xB6, 0xE0, 0xF8, 0x2E, 0xE5, 0xA4, 0x1B, 0xB6, 0xFB, 0xD4,
    0x58, 0x26, 0xBD, 0x76, 0x3F, 0x6C, 0xB6, 0xFB, 0x23, 0xA2, 0x90, 0x70, 0xD9, 0xF4, 0x04, 0x1B,
    0xC9, 0xEA, 0x3A, 0xB9, 0x09, 0x72, 0x03, 0xA7, 0x80, 0xB5, 0xBE, 0xDB, 0x0E, 0xFB, 0x8D, 0xF6,
    0xC0, 0x45, 0x63, 0x05, 0x38, 0xDC, 0xC6, 0xC4, 0x9C, 0xEF, 0xEE, 0xA5, 0xE8, 0x5E, 0xA0, 0xF7,
    0x05, 0x37, 0x72, 0xF1, 0x9B, 0x3F, 0xAD, 0xA0, 0x33, 0x5E, 0x22, 0xEA, 0x75, 0xDD, 0x3D, 0xF9,
    0xA4, 0xEB, 0x8D, 0x3F, 0x2B, 0x7C, 0x7C, 0x85, 0x1B, 0x32, 0xAF, 0x2E, 0x45, 0x27, 0x08, 0xD4,
    0x41, 0xCD, 0xAD, 0x09, 0x59, 0x39, 0x1F, 0x95, 0x0C, 0xF5, 0x3B, 0x61, 0x38, 0xE8, 0x0F, 0x40,
    0xC0, 0xC4, 0x68, 0xE1, 0xC7, 0x78, 0x56, 0x1E, 0x3A, 0xFA, 0x74, 0x10, 0x45, 0x85, 0x9C, 0x04,
    0x81, 0x37, 0x20, 0x40, 0x7D, 0x72, 0xA0, 0x43, 0xF0, 0x7F, 0x0D, 0xBF, 0x53, 0x90, 0x6F, 0xBF,
    0x35, 0xF5, 0xBD, 0xBA, 0xEB, 0xE8, 0xC3, 0x33, 0xDA, 0x36, 0x99, 0xE7, 0xE9, 0xDE, 0x39, 0x5A,
    0xDC, 0x1B, 0x14, 0xC4, 0x74, 0xC7, 0xBD, 0x75, 0x74, 0x43, 0x76, 0xE7, 0xF2, 0x06, 0x3F, 0x24,
    0x39, 0x8E, 0xEE, 0xBD, 0xBD, 0xCF, 0x7E, 0xF1, 0x72, 0x67, 0xD4, 0x5B, 0x6B, 0x0E, 0xA4, 0xFF,
    0x1A, 0x16, 0x08, 0xE6, 0x06, 0xE4, 0x61, 0xDD, 0x11, 0x2E, 0x47, 0x75, 0xC9, 0x9F, 0x90, 0x44,
    0x33, 0xA9, 0x70, 0xB9, 0x14, 0xAC, 0x43, 0xF8, 0x3C, 0x41, 0xD1, 0x0F, 0x1B, 0x5F, 0xC5, 0x13,
    0xA2, 0x21, 0x0A, 0xCC, 0xE8, 0xFD, 0xAB, 0xFD, 0x5A, 0x8A, 0x96, 0x3C, 0xAA, 0x22, 0x91, 0x2F,
    0x48, 0x47, 0x68, 0xF7, 0xC5, 0xE1, 0xF6, 0x80, 0xF2, 0x8E, 0xAE, 0xD1, 0xE8, 0x86, 0x66, 0x18,
    0xF4, 0x96, 0xD5, 0x9F, 0x3C, 0x77, 0x4F, 0x0E, 0xF4, 0x51, 0xFC, 0xAF, 0xE0, 0xEC, 0xE5, 0x16,
    0x59, 0xFC, 0x1F, 0x35, 0x51, 0xB1, 0x6E, 0xD3, 0x50, 0x14, 0x3D, 0x4E, 0x9D, 0x26, 0x0D, 0x41,
    0x5C, 0x57, 0x31, 0xB8, 0x52, 0x51, 0x5F, 0x83, 0x1B, 0x52, 0xDA, 0x34, 0x46, 0x04, 0xD5, 0x2D,
    0x09, 0xB9, 0x95, 0x18, 0x90, 0x58, 0x5E, 0xA3, 0xA4, 0xEA, 0xE8, 0x09, 0x55, 0x66, 0x09, 0x52,
    0x87, 0x0A, 0x21, 0xE5, 0x6D, 0x30, 0x5A, 0x6C, 0x2C, 0xA8, 0x43, 0x07, 0xC8, 0x5C, 0x09, 0x06,
    0x06, 0x7F, 0x42, 0x3E, 0x21, 0x12, 0x3F, 0xD0, 0x81, 0xA1, 0x48, 0x95, 0xCA, 0x75, 0x0A, 0xEF,
    0xC9, 0x7E, 0xD7, 0xE7, 0xDD, 0xEB, 0x73, 0xEE, 0xB9, 0x14, 0x16, 0xF3, 0x9B, 0x91, 0x85, 0x3B,
    0xC6, 0x37, 0xC0, 0x96, 0x5A, 0x9C, 0x74, 0x27, 0xA3, 0x14, 0xF8, 0xC4, 0xCF, 0x41, 0xC7, 0x04,
    0xFC, 0xE2, 0x3D, 0xD8, 0x78, 0x88, 0x02, 0x2A, 0xC8, 0xD6, 0x33, 0xF4, 0xB0, 0x2B, 0xA7, 0xAD,
    0xC3, 0x49, 0x0F, 0xE0, 0x6D, 0x34, 0x40, 0x41, 0x04, 0xE7, 0xC1, 0x01, 0x88, 0x97, 0xA7, 0x0B,
    0xAA, 0x88, 0x65, 0x29, 0xEF, 0x48, 0xCE, 0x4A, 0xAA, 0x8C, 0xED, 0x07, 0x21, 0xF9, 0xED, 0xB2,
    0x0F, 0x75, 0x91, 0x26, 0x37, 0x11, 0xD5, 0x8B, 0x76, 0x2B, 0xC1, 0xBA, 0x07, 0x3A, 0xE9, 0xC3,
    0xC5, 0x3D, 0xCC, 0x21, 0x27, 0xF9, 0x14, 0x7A, 0x5A, 0xA5, 0xC2, 0x5E, 0xF9, 0x09, 0xEC, 0x28,
    0xA0, 0x7E, 0x4C, 0x47, 0xB0, 0xE4, 0xF6, 0x2E, 0xDA, 0xC2, 0x12, 0x34, 0x30, 0x14, 0xF4, 0x6D,
    0x4A, 0x0C, 0x6C, 0xF0, 0x63, 0xB3, 0x91, 0x29, 0x6A, 0x45, 0xF2, 0x2A, 0x8B, 0xC0, 0x5B, 0xF0,
    0xE1, 0x0F, 0xCF, 0x3D, 0x24, 0x06, 0xDD, 0xDF, 0x81, 0x9F, 0x5D, 0xBE, 0xE4, 0x9A, 0x21, 0xDE,
    0xE6, 0xFB, 0xC8, 0xA3, 0x89, 0x7D, 0xA9, 0x5B, 0x35, 0x5B, 0x82, 0x37, 0x39, 0x92, 0x7E, 0x57,
    0xFA, 0xAB, 0xD3, 0x51, 0x3A, 0xBA, 0xCA, 0x32, 0x47, 0x97, 0xAE, 0x8E, 0xCF, 0x80, 0x8E, 0xFA,
    0x90, 0xC6, 0x89, 0xCB, 0xF1, 0xF8, 0xD4, 0x1D, 0x30, 0x74, 0xC1, 0x9C, 0xE0, 0x66, 0xCD, 0x01,
    0xF3, 0x19, 0x93, 0xD0, 0x40, 0x38, 0x53, 0xE4, 0x38, 0xC3, 0x04, 0xF0, 0x80, 0x00, 0x48, 0x66,
    0x59, 0xE4, 0xF9, 0xA4, 0xEC, 0xDD, 0x73, 0x57, 0xBB, 0xFA, 0xE9, 0xA1, 0xF2, 0x5D, 0x0D, 0xC4,
    0xE6, 0x05, 0x63, 0x7D, 0x33, 0xD3, 0x1A, 0x0C, 0x45, 0x43, 0xF7, 0x2A, 0xE3, 0x12, 0x1B, 0xF2,
    0xB8, 0x0D, 0xE9, 0x48, 0x8C, 0xEF, 0x4D, 0x5A, 0xBE, 0xD8, 0x3D, 0xC7, 0xDF, 0x87, 0x2E, 0xB5,
    0x8E, 0xA9, 0x7B, 0xA1, 0x03, 0x90, 0xDB, 0x7F, 0xF4, 0x35, 0x3E, 0xCB, 0x7E, 0x51, 0xE5, 0x27,
    0x92, 0xD7, 0x2E, 0xDB, 0xA2, 0x5D, 0xBD, 0x9A, 0x40, 0xC8, 0x73, 0xDC, 0x8C, 0x9C, 0xA4, 0x24,
    0x70, 0x89, 0x6A, 0x53, 0x8F, 0xDE, 0x4C, 0x33, 0xFE, 0x5D, 0x53, 0xE3, 0xCC, 0xCA, 0x40, 0x1D,
    0xD5, 0xD7, 0x23, 0xE4, 0x69, 0x60, 0x5B, 0xE0, 0x3C, 0xA8, 0x8F, 0x35, 0x8D, 0xBC, 0xC4, 0xD6,
    0x1E, 0x4B, 0xF0, 0xBE, 0xDD, 0x41, 0x3D, 0x04, 0x86, 0x26, 0x5A, 0xC2, 0x6B, 0x3E, 0x94, 0xA9,
    0xA1, 0xDD, 0x26, 0x6C, 0x86, 0x16, 0xC2, 0x86, 0x4C, 0xF6, 0x3C, 0x7D, 0x97, 0xEC, 0x11, 0x02,
    0xFF, 0x94, 0x86, 0x64, 0xC7, 0xDF, 0xC8, 0xE1, 0x2F, 0xC9, 0xE7, 0xA4, 0xC6, 0x6A, 0x67, 0x01,
    0x0C, 0xCB, 0x47, 0xBD, 0x70, 0x9D, 0xF5, 0x4C, 0x32, 0x22, 0x0F, 0x4B, 0xC8, 0x5D, 0xCF, 0x04,
    0xA0, 0x7B, 0x3D, 0x8D, 0xC7, 0xE6, 0x9F, 0x69, 0xCD, 0x3F, 0x39, 0xE8, 0xD2, 0xA5, 0x78, 0xC0,
    0xA5, 0xC1, 0x0F, 0x25, 0x63, 0x98, 0xAD, 0x78, 0x9C, 0x0E, 0x0E, 0x44, 0xA7, 0x7C, 0x57, 0x65,
    0xD7, 0x50, 0xF9, 0x38, 0xD1, 0x20, 0xA5, 0xD4, 0x0D, 0x50, 0x81, 0x33, 0x3B, 0x25, 0x32, 0x46,
    0x5B, 0x3C, 0xFF, 0x3F, 0x0D, 0x6B, 0xB3, 0x68, 0x11, 0x2E, 0x55, 0x55, 0x55, 0x39, 0xAA, 0xAF,
    0x0D, 0x43, 0x29, 0x52, 0x0E, 0x56, 0xA5, 0xC8, 0x96, 0xA7, 0x28, 0xDB, 0xC1, 0x5F, 0xA5, 0x5A,
    0x7F, 0x6C, 0x1C, 0xD7, 0x71, 0xFE, 0x76, 0x1F, 0x75, 0x4B, 0xDD, 0xDE, 0xEE, 0x31, 0xAD, 0x5A,
    0xD0, 0xD2, 0x1E, 0xC9, 0x16, 0x42, 0x41, 0x2B, 0x4B, 0xDE, 0xA5, 0x59, 0xD7, 0x6B, 0x9B, 0x92,
    0xD6, 0x51, 0x12, 0xA5, 0x76, 0xDD, 0xB2, 0x05, 0xD2, 0x02, 0xB5, 0xDA, 0xD2, 0xAD, 0x81, 0xBA,
    0x8A, 0x65, 0xAF, 0x6D, 0x06, 0x95, 0x6D, 0x55, 0x5E, 0x49, 0xA8, 0x53, 0x58, 0x8E, 0x73, 0x70,
    0x80, 0xB4, 0x7F, 0x04, 0x09, 0x91, 0x12, 0x88, 0x4C, 0xC9, 0xF5, 0x2A, 0x55, 0x10, 0x22, 0x51,
    0xA4, 0x27, 0xA9, 0x8D, 0x52, 0x27, 0x71, 0xB6, 0x56, 0x53, 0x03, 0x69, 0x11, 0xAC, 0x1B, 0xA3,
    0xF0, 0x6F, 0xDF, 0x1F, 0x6C, 0x4B, 0xC7, 0x96, 0xD8, 0xEF, 0xBD, 0xBD, 0xA3, 0x48, 0x89, 0xBF,
    0xD4, 0x52, 0xB7, 0x67, 0xF2, 0x6E, 0xDF, 0xBC, 0x79, 0x33, 0xDF, 0xCC, 0x7C, 0x33, 0x6B, 0x74,
    0x01, 0x0E, 0x60, 0xC2, 0x9C, 0x9A, 0x44, 0x1E, 0x20, 0x1B, 0x30, 0x24, 0x4C, 0xBE, 0xE6, 0x22,
    0x91, 0x40, 0x44, 0xB0, 0x10, 0xD9, 0x90, 0xF5, 0x39, 0x89, 0x0D, 0xA3, 0x08, 0x27, 0x80, 0xD5,
    0xEF, 0xDC, 0x32, 0x95, 0x8C, 0x65, 0xF2, 0x80, 0x94, 0xFC, 0x56, 0xFC, 0x23, 0xC4, 0x1B, 0x99,
    0x88, 0x52, 0x0B, 0xB1, 0x8D, 0xD4, 0x45, 0xFE, 0xD8, 0xE1, 0x08, 0x88, 0xC0, 0x35, 0xEB, 0x28,
    0x6A, 0x02, 0x79, 0x03, 0x59, 0x83, 0xA2, 0x0A, 0x69, 0x1D, 0x51, 0xB0, 0x81, 0x7A, 0x13, 0xB8,
    0x3F, 0x31, 0x65, 0x6E, 0xA3, 0x49, 0x1D, 0x7D, 0x60, 0xFB, 0x2C, 0x42, 0xA8, 0xD7, 0x08, 0x50,
    0x33, 0x61, 0x5F, 0xA4, 0x3A, 0x30, 0xDE, 0x85, 0x65, 0xC3, 0x35, 0xE1, 0x72, 0x15, 0x05, 0xE7,
    0xC0, 0xB4, 0xBA, 0x7B, 0xD4, 0x43, 0xEA, 0x63, 0x5B, 0xAE, 0xEE, 0x31, 0x8F, 0xA0, 0x85, 0xCC,
    0x90, 0x06, 0x75, 0x12, 0x89, 0x88, 0x2C, 0xCA, 0xAF, 0x27, 0xF8, 0x4B, 0xE3, 0xF9, 0x65, 0xBF,
    0x9B, 0xD2, 0xBB, 0x04, 0x40, 0xAC, 0x5F, 0x29, 0x40, 0x49, 0xD9, 0x02, 0x35, 0x13, 0xA5, 0x26,
    0xF7, 0xBC, 0x9B, 0xF2, 0xA7, 0xA6, 0x22, 0x04, 0xBC, 0xBD, 0x41, 0xDD, 0xC6, 0xB8, 0xA6, 0xF9,
    0x48, 0x04, 0xF9, 0xF5, 0x16, 0x64, 0x2B, 0x34, 0x93, 0x3C, 0x14, 0xC8, 0x82, 0x3E, 0x43, 0xB6,
    0xF6, 0xD9, 0x73, 0x49, 0xA1, 0xCE, 0x96, 0x04, 0xAD, 0x2A, 0xE5, 0x39, 0x14, 0x58, 0xE3, 0xE5,
    0xC3, 0x7C, 0xFD, 0xD4, 0x09, 0x91, 0x84, 0x9E, 0x88, 0x02, 0x87, 0xC6, 0xAA, 0xD1, 0x5A, 0x23,
    0xF5, 0x83, 0x73, 0xF9, 0x52, 0xD6, 0xCC, 0x2D, 0xD0, 0x28, 0xB9, 0x8B, 0xEC, 0xB1, 0x03, 0x33,
    0xC0, 0x28, 0x94, 0x66, 0x30, 0x23, 0x25, 0x18, 0x68, 0x51, 0x89, 0x6C, 0x02, 0xC6, 0x8B, 0x09,
    0xF4, 0xF9, 0x68, 0x25, 0xF1, 0x39, 0x5E, 0x3B, 0x69, 0x58, 0x21, 0x79, 0xBA, 0x9C, 0xE7, 0xA3,
    0x89, 0x0C, 0x2E, 0x13, 0x4A, 0x9F, 0x84, 0xEB, 0x36, 0x4E, 0xA0, 0x65, 0x45, 0xC8, 0xAA, 0x54,
    0xA6, 0xCE, 0xEB, 0x05, 0x98, 0xE7, 0x1C, 0x88, 0xBF, 0xF1, 0x68, 0x50, 0x1F, 0x56, 0x12, 0x72,
    0x5D, 0x88, 0xFA, 0x81, 0x8B, 0x30, 0x92, 0xC8, 0x7C, 0x5D, 0x6D, 0xBA, 0xFB, 0xE3, 0x13, 0xBE,
    0x21, 0x3D, 0x01, 0xA7, 0x04, 0xB7, 0x02, 0x7B, 0x33, 0xAC, 0x31, 0x70, 0x03, 0x3A, 0x90, 0xDE,
    0xDB, 0x87, 0xF6, 0x49, 0x9B, 0x68, 0xF1, 0xCF, 0xCC, 0xA5, 0x50, 0x87, 0xB6, 0xAB, 0xF1, 0xA2,
    0xD0, 0xC4, 0xE7, 0x7D, 0x21, 0x4D, 0x18, 0xF0, 0xE6, 0x18, 0xF5, 0xB9, 0xF7, 0xB5, 0xBD, 0x95,
    0xC1, 0x31, 0x00, 0x7D, 0x18, 0x3A, 0xD3, 0x4E, 0xF0, 0xCB, 0x12, 0x7F, 0x2C, 0x71, 0x46, 0x1A,
    0x5F, 0xC8, 0xC4, 0xEF, 0x66, 0xEB, 0x91, 0x7B, 0xC8, 0x4F, 0x99, 0x33, 0xE6, 0x37, 0x3B, 0xD0,
    0xA1, 0x4F, 0x32, 0x98, 0x6F, 0x24, 0xE2, 0x00, 0x2D, 0x93, 0x59, 0x46, 0x66, 0x0B, 0x59, 0xBF,
    0x44, 0x6C, 0x45, 0x78, 0x99, 0x8E, 0x4D, 0x0D, 0x99, 0x1A, 0x67, 0x32, 0x05, 0xD3, 0x03, 0x1D,
    0xD3, 0x99, 0xC5, 0x0D, 0xAB, 0x81, 0x6F, 0x0B, 0xEF, 0x58, 0x4F, 0xA3, 0x54, 0xF8, 0xB7, 0xBA,
    0x36, 0xD0, 0xDB, 0x0D, 0x22, 0xB1, 0xE1, 0xD1, 0xC3, 0x84, 0xA3, 0x0C, 0xF5, 0x19, 0xFA, 0xE7,
    0x2E, 0xD1, 0x34, 0x2E, 0x1A, 0x58, 0x4F, 0xD5, 0xBB, 0x57, 0x0F, 0x10, 0xE3, 0xC8, 0xEE, 0xC7,
    0x9B, 0x74, 0x31, 0x3F, 0xEB, 0xF5, 0x2B, 0x94, 0xED, 0x37, 0x80, 0x52, 0x28, 0x81, 0x2A, 0xE3,
    0x0C, 0x23, 0x0F, 0xD0, 0x99, 0x69, 0xDA, 0xE2, 0xB9, 0xF2, 0x71, 0x9A, 0x3E, 0x0F, 0x31, 0x64,
    0xCD, 0xF4, 0xC3, 0x9C, 0x85, 0x6B, 0xA3, 0x52, 0xE8, 0x47, 0x33, 0xCE, 0xA8, 0x77, 0xEE, 0x3B,
    0xEA, 0x22, 0xAD, 0x61, 0xDB, 0x4C, 0x61, 0xEF, 0xB5, 0x3B, 0x12, 0xA5, 0x75, 0x14, 0x75, 0x84,
    0x40, 0x88, 0xAE, 0x69, 0xDD, 0x35, 0x81, 0x4C, 0x47, 0x06, 0xED, 0xD5, 0xA0, 0xBD, 0xC6, 0xB8,
    0xA6, 0x49, 0x07, 0xCB, 0x58, 0x5F, 0x66, 0x92, 0x42, 0xF0, 0xBE, 0x3E, 0x82, 0x77, 0x9F, 0x3D,
    0x53, 0xE0, 0x65, 0x12, 0xBB, 0x81, 0x59, 0xFE, 0xC3, 0xFB, 0x66, 0x0A, 0xE3, 0x98, 0x7A, 0xDB,
    0x55, 0x49, 0x61, 0x7A, 0xBD, 0x39, 0x84, 0xD3, 0xC8, 0x20, 0xDC, 0xDF, 0x96, 0x28, 0x55, 0xCF,
    0x4A, 0xAC, 0xB7, 0x77, 0x48, 0xD4, 0xCB, 0x76, 0xAE, 0xD4, 0x6F, 0xC3, 0xCC, 0xA6, 0xEA, 0x6D,
    0xA8, 0x11, 0x52, 0x05, 0xCC, 0xA8, 0x3E, 0x94, 0xFA, 0x01, 0xEA, 0x07, 0x2F, 0x16, 0x39, 0x85,
    0xF7, 0x06, 0x2E, 0x42, 0x1F, 0xE1, 0x08, 0xC2, 0x10, 0xE3, 0x21, 0x0F, 0x64, 0x64, 0x9E, 0x48,
    0xAC, 0x67, 0xB5, 0x1A, 0x53, 0x53, 0x4D, 0x15, 0x62, 0x1D, 0xD8, 0x1A, 0xCB, 0xC1, 0xF6, 0xE0,
    0xFB, 0x05, 0xD0, 0x72, 0x64, 0xB1, 0x21, 0xF9, 0x4A, 0xCD, 0xB3, 0x99, 0xB8, 0xB4, 0x52, 0x12,
    0x1B, 0xC1, 0x12, 0x49, 0x4C, 0x45, 0x79, 0x2E, 0x93, 0x4C, 0x2E, 0x42, 0x62, 0x47, 0xC8, 0xFD,
    0xC9, 0x9A, 0x82, 0x0D, 0xF5, 0x08, 0xF7, 0x45, 0xD5, 0x3D, 0x27, 0x42, 0xDF, 0x4F, 0xC3, 0x5A,
    0x1E, 0xD4, 0xF2, 0x86, 0x9F, 0xC6, 0x61, 0x78, 0x3C, 0x2F, 0xBD, 0x0B, 0xA3, 0xC8, 0x84, 0x93,
    0x7F, 0xA6, 0xC0, 0x99, 0x4E, 0xE0, 0xD3, 0x09, 0xB6, 0x69, 0x85, 0xF6, 0x03, 0xDF, 0x83, 0xB0,
    0xA2, 0x8A, 0x90, 0xFB, 0xED, 0x7C, 0xED, 0x11, 0xAB, 0x14, 0x27, 0x00, 0x41, 0x04, 0x13, 0xF5,
    0x5B, 0x0E, 0x1E, 0x71, 0x18, 0x9C, 0x4C, 0x65, 0x7C, 0x99, 0xD2, 0x17, 0x49, 0x75, 0xAE, 0xA3,
    0x3F, 0x33, 0xDD, 0x63, 0x89, 0x79, 0x64, 0xB7, 0xC2, 0x98, 0xAF, 0x40, 0x16, 0x2A, 0x37, 0x05,
    0x55, 0x0A, 0xA6, 0x17, 0x4C, 0x19, 0x13, 0x68, 0x49, 0xCA, 0x3D, 0x22, 0x05, 0x35, 0x7E, 0x0D,
    0xDB, 0x60, 0x70, 0xD5, 0xE7, 0xE6, 0x14, 0xDA, 0xAE, 0x6D, 0x59, 0xA0, 0x96, 0x5D, 0x52, 0x47,
    0x75, 0xD5, 0xDB, 0x7A, 0x14, 0xDA, 0x4D, 0xE2, 0xAE, 0x0C, 0x07, 0x0B, 0xCB, 0xBE, 0x02, 0x71,
    0x67, 0x44, 0x94, 0x32, 0x0F, 0xB8, 0x42, 0x3A, 0x36, 0x1E, 0x9B, 0xE5, 0x36, 0xE6, 0x33, 0xAC,
    0x03, 0x4C, 0x18, 0xC8, 0xE9, 0x83, 0xCC, 0x7C, 0x8D, 0xF5, 0xE0, 0xA5, 0xB3, 0xAC, 0x08, 0x17,
    0xA4, 0x88, 0x2E, 0x24, 0x96, 0x71, 0x21, 0xB2, 0xC5, 0x67, 0x50, 0xBF, 0x54, 0x97, 0xAC, 0x18,
    0xBC, 0xB1, 0x5D, 0x0C, 0x5E, 0x83, 0xF9, 0x12, 0xEF, 0x9A, 0xCF, 0x3D, 0x89, 0x4A, 0x2D, 0x45,
    0xA4, 0xAA, 0xBD, 0x94, 0x3B, 0xCD, 0x39, 0xBD, 0xAF, 0x15, 0x8D, 0x56, 0x17, 0x96, 0x24, 0xE2,
    0xB6, 0x35, 0xEE, 0x23, 0xCB, 0x5D, 0xE3, 0xAC, 0xAC, 0x1A, 0xE7, 0x92, 0x2A, 0x53, 0x85, 0x2B,
    0x0E, 0xC3, 0x11, 0xB7, 0xC3, 0xB7, 0x88, 0x59, 0x4A, 0x6B, 0xD5, 0x93, 0xF7, 0x74, 0xCD, 0xC0,
    0xC6, 0x67, 0x8C, 0xBC, 0x25, 0x64, 0xAE, 0xF6, 0x3A, 0x20, 0x8D, 0xFF, 0x94, 0xF8, 0x9F, 0x44,
    0x9C, 0x4B, 0xEC, 0x1D, 0x51, 0x9F, 0x85, 0xE9, 0x3A, 0x13, 0x07, 0xAC, 0xBF, 0x83, 0xE3, 0x20,
    0x74, 0x54, 0xC4, 0xC5, 0x3E, 0xD2, 0x10, 0xF1, 0x34, 0xB6, 0x0D, 0x17, 0xE0, 0x88, 0x08, 0x23,
    0xF1, 0x9A, 0xAA, 0xF6, 0xD7, 0x4D, 0xE2, 0x66, 0x17, 0x23, 0x8C, 0x67, 0x1B, 0xE3, 0xF4, 0xA5,
    0x8B, 0xC0, 0x47, 0xDF, 0x44, 0x71, 0x9B, 0x75, 0xD2, 0x73, 0x42, 0x7F, 0x5B, 0x1E, 0x8F, 0xC7,
    0x7E, 0x10, 0x16, 0x9F, 0x56, 0x5B, 0x74, 0x7A, 0x5C, 0x62, 0x0E, 0x48, 0xD1, 0xEA, 0x79, 0x8C,
    0x5B, 0x19, 0x4D, 0x18, 0xBE, 0x36, 0xB1, 0x0D, 0xF3, 0x28, 0x9C, 0xAA, 0x92, 0x15, 0x68, 0x59,
    0x71, 0x05, 0x41, 0x88, 0xE1, 0xBC, 0x2D, 0x6E, 0xDA, 0xF3, 0x42, 0xFF, 0x86, 0xF4, 0x91, 0x28,
    0x46, 0xD0, 0xD3, 0xDF, 0xFE, 0xD4, 0xCE, 0xCE, 0x4C, 0x77, 0x1D, 0x3F, 0xDF, 0x8B, 0x07, 0x7F,
    0x00, 0x3C, 0xFA, 0x26, 0xF0, 0x8D, 0x2F, 0x02, 0x17, 0x3C, 0x34, 0xCE, 0x3B, 0x3D, 0xB7, 0xD8,
    0x76, 0x56, 0xDC, 0xD5, 0x97, 0x06, 0x01, 0x82, 0x52, 0xD3, 0x98, 0x40, 0x9C, 0xA5, 0x8F, 0x48,
    0xFD, 0xE1, 0xB0, 0x05, 0x7A, 0xCC, 0x73, 0xE1, 0x39, 0x18, 0xF4, 0x54, 0xFC, 0x06, 0xC7, 0x50,
    0xEF, 0x8F, 0x8A, 0x25, 0xE6, 0xE3, 0x30, 0x66, 0x57, 0xBF, 0x6D, 0xB8, 0x3F, 0x72, 0x2A, 0xA8,
    0x0C, 0xA0, 0x4F, 0x62, 0x28, 0x47, 0x98, 0x2A, 0x95, 0xE3, 0x3E, 0x4D, 0x27, 0xDE, 0x93, 0x0A,
    0x27, 0xE7, 0x12, 0x1C, 0x8A, 0xCC, 0x9D, 0x8C, 0x0B, 0x25, 0x67, 0xDA, 0x6A, 0xAB, 0x04, 0x43,
    0x25, 0xC9, 0x94, 0x80, 0x9E, 0xF9, 0x20, 0x79, 0xC6, 0xA7, 0x60, 0xDE, 0xF3, 0x02, 0x44, 0x9F,
    0x03, 0x87, 0xD7, 0x74, 0xA5, 0x9A, 0xB4, 0x6F, 0x2B, 0xB6, 0xAF, 0xB8, 0xE8, 0x7B, 0x16, 0x43,
    0xBB, 0x10, 0x7A, 0xCA, 0xC4, 0x71, 0x67, 0x7B, 0xEB, 0x18, 0x3C, 0xBB, 0x63, 0xB1, 0x2A, 0x88,
    0x63, 0xE5, 0x80, 0xBC, 0xB3, 0x76, 0x3F, 0xDC, 0xDB, 0xE1, 0x96, 0x95, 0xEA, 0xBE, 0xA3, 0xD7,
    0x7A, 0x97, 0xD7, 0xDA, 0xCF, 0x45, 0xE2, 0x69, 0x29, 0x0E, 0x4A, 0xCB, 0x94, 0xC4, 0x87, 0x2B,
    0x22, 0xC7, 0x45, 0xFF, 0x34, 0x98, 0x63, 0x07, 0x75, 0x5A, 0xB9, 0xBE, 0xF0, 0x62, 0xA5, 0x12,
    0x2A, 0xA7, 0x61, 0xA1, 0xD9, 0x87, 0xF7, 0xD7, 0x29, 0xFA, 0x50, 0xE4, 0xDA, 0x16, 0x4D, 0x63,
    0x51, 0x7A, 0x99, 0xE2, 0x95, 0xFB, 0x1D, 0xE2, 0x65, 0x5E, 0xF9, 0x7E, 0xA6, 0x41, 0x72, 0xA1,
    0x8F, 0x24, 0xE2, 0x10, 0xCC, 0xB3, 0x30, 0xBE, 0x0B, 0xBC, 0xA2, 0x19, 0x50, 0x93, 0x39, 0x1B,
    0xF7, 0x15, 0x94, 0x87, 0x7F, 0x88, 0x7B, 0x50, 0x56, 0xF4, 0xD1, 0x3A, 0xDD, 0xA2, 0x93, 0xC3,
    0x41, 0x3F, 0x08, 0x46, 0xE2, 0x20, 0x8C, 0x09, 0x9D, 0x34, 0x1F, 0x26, 0x6C, 0x69, 0x34, 0x89,
    0x07, 0x13, 0x6C, 0x29, 0x34, 0xDF, 0x91, 0x98, 0xFF, 0x04, 0xE3, 0x55, 0x1D, 0x3C, 0x2D, 0x88,
    0x00, 0xEB, 0x7D, 0xEC, 0xED, 0x5B, 0xC1, 0x5B, 0x89, 0xA2, 0x01, 0xFD, 0x05, 0x29, 0x50, 0x3F,
    0xFB, 0xF4, 0x0D, 0xBE, 0x87, 0x41, 0x9A, 0x6B, 0x5A, 0x9F, 0x96, 0x5F, 0x6D, 0xC3, 0xBC, 0xD1,
    0x69, 0x0C, 0x5B, 0x44, 0xEA, 0x68, 0x1E, 0xE5, 0x0D, 0x52, 0x60, 0x38, 0x52, 0xA3, 0xAC, 0x21,
    0x0A, 0xFB, 0x5C, 0xB2, 0xC6, 0xFB, 0xA4, 0xA6, 0x44, 0x8A, 0x7E, 0x28, 0x8B, 0xA2, 0x87, 0xD7,
    0xF6, 0x99, 0xB1, 0xCC, 0x42, 0x35, 0xE7, 0x11, 0x89, 0xE6, 0xBE, 0x54, 0x8B, 0xD9, 0x8A, 0x69,
    0x1D, 0x69, 0x8D, 0xE1, 0x3C, 0x0E, 0x99, 0x70, 0xBD, 0x3C, 0xF4, 0xB3, 0xBE, 0x74, 0xBA, 0xD8,
    0x83, 0x76, 0xF1, 0xE8, 0xD3, 0x41, 0x3F, 0xF4, 0x06, 0x7D, 0x37, 0x6D, 0xE3, 0x39, 0x84, 0xBF,
    0x6E, 0xDF, 0xBA, 0xBD, 0x08, 0xB2, 0x89, 0x6F, 0x15, 0xFA, 0x0C, 0xDB, 0x27, 0x9C, 0x41, 0xAF,
    0x12, 0x3B, 0x7D, 0x2D, 0x67, 0x28, 0xF7, 0xC2, 0xDC, 0x0F, 0xD2, 0x38, 0xDE, 0x26, 0xDB, 0x78,
    0x7E, 0x23, 0xA1, 0xA2, 0x7C, 0x31, 0xF5, 0x18, 0xEF, 0x40, 0x3C, 0x05, 0xDB, 0xC5, 0x90, 0xAD,
    0x96, 0xB2, 0x6A, 0x67, 0x8A, 0x2A, 0x2D, 0x15, 0x61, 0xE2, 0x0E, 0xA3, 0x6B, 0xA9, 0x6F, 0xD6,
    0xF1, 0x54, 0x9B, 0x26, 0xC9, 0x96, 0xB7, 0xBA, 0x4F, 0xB9, 0x65, 0xCF, 0xF1, 0x9D, 0xD0, 0x0B,
    0xFC, 0xB8, 0x40, 0x4A, 0x4E, 0x63, 0x6F, 0xE0, 0x7F, 0x93, 0xA5, 0x02, 0xBE, 0x03, 0xA9, 0x9B,
    0xA2, 0x4F, 0x2F, 0xD8, 0xA7, 0xAF, 0x15, 0x90, 0xF2, 0xF6, 0x47, 0x66, 0x16, 0xE5, 0x72, 0xE2,
    0x91, 0x44, 0x91, 0x4A, 0x5B, 0x13, 0xCB, 0xE2, 0xFC, 0xF4, 0x14, 0x94, 0x70, 0xE5, 0xA2, 0xAE,
    0x68, 0x28, 0xEB, 0x8A, 0x96, 0xFA, 0x86, 0x26, 0x8E, 0x95, 0x99, 0x4D, 0x56, 0x51, 0x2C, 0xE0,
    0xE1, 0x16, 0xE1, 0xE5, 0x61, 0x0C, 0x9D, 0xB0, 0xC4, 0x21, 0x6E, 0x70, 0x8E, 0x22, 0x0E, 0xB1,
    0x2C, 0xEC, 0xB4, 0x22, 0x41, 0xBB, 0x38, 0xCC, 0x93, 0xD3, 0xE2, 0xAD, 0x79, 0xD7, 0xDA, 0x20,
    0xA6, 0x2B, 0x0E, 0xFA, 0x9E, 0x9B, 0xF4, 0x79, 0x7A, 0xCF, 0x09, 0xBC, 0x5A, 0x6C, 0x9F, 0x80,
    0x3A, 0xBB, 0x72, 0xE9, 0xA6, 0x49, 0x55, 0x90, 0xDC, 0xAD, 0x70, 0x9F, 0x5A, 0x26, 0xC4, 0xBA,
    0x34, 0xAE, 0x9A, 0x2B, 0xA5, 0x09, 0x9A, 0x9E, 0xC0, 0x2E, 0x34, 0x5B, 0x39, 0xD1, 0xE0, 0xAC,
    0x62, 0x33, 0x6B, 0x8E, 0xA9, 0x65, 0xA4, 0xFD, 0x51, 0xA4, 0x38, 0xBA, 0x54, 0xD5, 0x54, 0x19,
    0xDD, 0x4C, 0x26, 0x36, 0x99, 0x32, 0x15, 0xB7, 0xCA, 0x98, 0x95, 0x60, 0x8C, 0x57, 0xC6, 0x7C,
    0x20, 0xCD, 0xC7, 0x5F, 0x8C, 0xCC, 0xEF, 0xFF, 0x2B, 0xCD, 0xF8, 0xEF, 0xBC, 0x5A, 0x5C, 0xA0,
    0x93, 0xD6, 0x3E, 0xCF, 0xAD, 0x54, 0xCA, 0x4E, 0xC5, 0x71, 0x9D, 0x4A, 0x79, 0x68, 0x73, 0x79,
    0xCF, 0x98, 0x7D, 0x38, 0x61, 0xC7, 0x54, 0x54, 0xB1, 0x8D, 0xAF, 0xE3, 0x86, 0x0B, 0x9A, 0xA6,
    0xBE, 0x33, 0x4F, 0x90, 0xB3, 0x82, 0x20, 0x2F, 0x4A, 0x45, 0xD5, 0x09, 0xDF, 0xF1, 0xB5, 0x39,
    0xBD, 0x86, 0x3D, 0xAD, 0xEB, 0x57, 0x69, 0x86, 0xA4, 0xC9, 0x23, 0xC3, 0xEE, 0x26, 0xBF, 0xE6,
    0xA1, 0x14, 0xD5, 0x25, 0xD7, 0xA5, 0x93, 0xC4, 0x0E, 0x56, 0x3B, 0x56, 0x3C, 0xDB, 0xCC, 0x46,
    0xEB, 0xC9, 0xE9, 0xF9, 0xA4, 0x28, 0x4E, 0x3A, 0x8E, 0x53, 0xF1, 0x51, 0xFB, 0x8B, 0x51, 0xFF,
    0xE1, 0xD1, 0x90, 0xC9, 0x3D, 0xEC, 0x69, 0x54, 0x8B, 0x72, 0x58, 0x78, 0x27, 0xC2, 0x87, 0x13,
    0x3C, 0x2D, 0x31, 0x27, 0xCD, 0x9B, 0x64, 0x29, 0xC8, 0x2A, 0x8D, 0x7C, 0x30, 0xCE, 0x4F, 0x7E,
    0x4D, 0xB3, 0x43, 0x16, 0x9C, 0x5D, 0xC0, 0x67, 0x61, 0x7E, 0x09, 0xA5, 0xA3, 0xE8, 0x7E, 0x09,
    0x9B, 0xCF, 0x45, 0x5F, 0xFF, 0xA1, 0x2A, 0xC7, 0x64, 0x2C, 0xA4, 0x37, 0x99, 0x39, 0x61, 0xC8,
    0xEE, 0xD4, 0x94, 0xBD, 0x31, 0x35, 0x69, 0x89, 0xE4, 0xCE, 0x40, 0x44, 0xCF, 0x87, 0x96, 0x79,
    0xC7, 0x88, 0x6D, 0x39, 0x7E, 0xFD, 0xCB, 0xBB, 0x4E, 0x29, 0x2D, 0x8C, 0xCC, 0x31, 0x27, 0x2A,
    0xDD, 0x69, 0x6D, 0x4F, 0xEA, 0xFF, 0x79, 0x1C, 0xFE, 0x75, 0x10, 0x3C, 0x11, 0xDE, 0xF8, 0x83,
    0x7D, 0x9A, 0xAA, 0xFE, 0xD7, 0x9D, 0xC0, 0x38, 0x09, 0x8D, 0x62, 0xE4, 0x0E, 0x5D, 0x7C, 0x9A,
    0x66, 0x7C, 0x9E, 0x34, 0xFF, 0x37, 0x7D, 0xD8, 0x0E, 0x15, 0xF7, 0x7C, 0x4C, 0x9F, 0xAE, 0x6A,
    0x40, 0xCE, 0xCD, 0x40, 0x8E, 0xA9, 0xEC, 0x76, 0x3A, 0x12, 0xBB, 0xB2, 0xEA, 0xE0, 0x84, 0x17,
    0xC6, 0xE3, 0x27, 0x43, 0xF2, 0x27, 0x72, 0xC7, 0xD6, 0xD0, 0x27, 0x49, 0x22, 0x1C, 0x41, 0x8A,
    0x60, 0x57, 0x68, 0x5E, 0x91, 0x2A, 0xE3, 0x5C, 0x24, 0x0D, 0x78, 0x80, 0x5C, 0x2B, 0xFA, 0x8F,
    0xC3, 0xB0, 0xCC, 0x73, 0x3B, 0x61, 0x8B, 0x43, 0x3B, 0x51, 0xFF, 0x52, 0xFF, 0x39, 0x1D, 0x61,
    0xC3, 0xA4, 0xFF, 0x8E, 0x63, 0x92, 0x38, 0x74, 0xA3, 0xF6, 0x7B, 0x33, 0xF0, 0x1F, 0xFE, 0x09,
    0xC2, 0xE3, 0xE7, 0x11, 0xBC, 0x78, 0x0E, 0x37, 0x1E, 0xBE, 0x20, 0x31, 0xD0, 0xC4, 0x26, 0xA8,
    0xFD, 0xCE, 0x28, 0x47, 0x29, 0x06, 0x42, 0x23, 0x93, 0x86, 0xB1, 0x24, 0x29, 0x2A, 0x48, 0xDA,
    0x1D, 0x95, 0x66, 0x35, 0xC1, 0x1C, 0x46, 0xFF, 0x51, 0xAD, 0xE5, 0xED, 0xAC, 0x54, 0x20, 0xA9,
    0x5D, 0x5F, 0x56, 0xD5, 0xDA, 0x3C, 0xA1, 0xAD, 0xE8, 0xA9, 0xF7, 0x72, 0x8E, 0x71, 0xE0, 0xF8,
    0x09, 0x6C, 0xB9, 0x1B, 0xD7, 0x6F, 0xB9, 0x2D, 0x71, 0x5C, 0xA2, 0xAE, 0xA2, 0xD2, 0xAB, 0x07,
    0xDF, 0xF7, 0xE1, 0xD3, 0x3F, 0xB5, 0x20, 0x47, 0xE9, 0x67, 0x91, 0xEE, 0x80, 0x15, 0x58, 0xCD,
    0xD9, 0x22, 0x40, 0xBA, 0xD9, 0x0C, 0x01, 0x9B, 0x71, 0xE2, 0xC3, 0x32, 0x6C, 0xC8, 0x60, 0x2C,
    0x89, 0x27, 0x92, 0x38, 0x4B, 0xD2, 0x33, 0xD1, 0x03, 0xDF, 0x41, 0x7D, 0xA6, 0xCD, 0x5F, 0xF9,
    0xA2, 0x5B, 0xE7, 0xF9, 0x76, 0x0D, 0xE1, 0x50, 0x33, 0xDC, 0xBA, 0x7F, 0x36, 0x58, 0x37, 0x1E,
    0x68, 0xBE, 0x4D, 0x92, 0x68, 0x7F, 0xBB, 0xC0, 0x06, 0xA1, 0xE1, 0x8E, 0xD8, 0xDB, 0xBF, 0x3C,
    0x7E, 0x5F, 0xEC, 0x04, 0x83, 0xAA, 0x16, 0xEE, 0xC6, 0xF8, 0x88, 0xF1, 0x2F, 0xBE, 0x80, 0x57,
    0xA2, 0x5E, 0x70, 0x7A, 0xE1, 0x34, 0xE0, 0x8E, 0xC1, 0x95, 0xAA, 0x2D, 0x2C, 0x42, 0x61, 0xAF,
    0xC8, 0xFC, 0xF5, 0xF0, 0x7A, 0x51, 0x69, 0xC0, 0x19, 0x53, 0x1E, 0x73, 0x13, 0x15, 0xDF, 0xEA,
    0xE4, 0x5D, 0x30, 0x49, 0x2E, 0x3E, 0xAF, 0x7E, 0x5F, 0x55, 0xD4, 0xBA, 0x1E, 0x58, 0x83, 0x30,
    0x3E, 0xB1, 0x8A, 0x4C, 0xEC, 0xA7, 0x29, 0x18, 0x25, 0x8A, 0xD1, 0xB6, 0x14, 0xF9, 0xFD, 0xC6,
    0x99, 0x6C, 0x04, 0xC7, 0x25, 0x99, 0x67, 0x9A, 0x91, 0x79, 0xE6, 0xB9, 0x0C, 0x8C, 0xEC, 0x2B,
    0x51, 0x28, 0xE4, 0x43, 0xF0, 0x6D, 0x7A, 0x82, 0xA1, 0x12, 0xAA, 0x85, 0x0D, 0xF5, 0xA6, 0x9C,
    0x7C, 0xA7, 0x4A, 0x0C, 0x93, 0x1D, 0x6E, 0xD4, 0x0A, 0x6B, 0x3C, 0x6D, 0xE8, 0x86, 0x9B, 0x03,
    0xD7, 0x6F, 0x8C, 0x3B, 0xDE, 0x58, 0xEC, 0x55, 0x64, 0x10, 0x56, 0xA3, 0x3E, 0xD5, 0x7D, 0x68,
    0x6A, 0xCD, 0x0A, 0xF7, 0x0B, 0xDC, 0xF1, 0x3A, 0xFE, 0x5A, 0xD2, 0xC6, 0xFC, 0x31, 0x39, 0x9B,
    0x5F, 0x83, 0x37, 0x82, 0x1A, 0xCB, 0x49, 0x80, 0x91, 0x40, 0xB5, 0x30, 0xA9, 0xFF, 0x73, 0xD2,
    0xBA, 0xA4, 0xA7, 0x14, 0x01, 0xD8, 0x81, 0xB8, 0x22, 0x19, 0x21, 0x4F, 0x36, 0xE5, 0xB8, 0x48,
    0x62, 0x2B, 0x22, 0x61, 0xEE, 0x9F, 0x51, 0xE5, 0x54, 0x8F, 0x0B, 0x84, 0x0A, 0x84, 0xBB, 0xDA,
    0xAD, 0x36, 0x3F, 0xFB, 0x76, 0x7F, 0x22, 0x6E, 0x0B, 0x52, 0x17, 0x3D, 0x31, 0xB1, 0x41, 0xEA,
    0x08, 0xD6, 0x04, 0xC5, 0x1F, 0xD1, 0xE2, 0xF6, 0x6C, 0x40, 0x4D, 0x39, 0xD2, 0x67, 0x25, 0xD5,
    0xFF, 0xBE, 0xD8, 0x49, 0xB4, 0xD8, 0xDE, 0x44, 0x69, 0x4C, 0xD9, 0xAE, 0x4B, 0xD7, 0xF6, 0xBF,
    0x9F, 0xF6, 0x7E, 0xD5, 0x0B, 0x51, 0x09, 0xE0, 0xC5, 0xEA, 0x15, 0x36, 0x06, 0xE2, 0xE1, 0x9F,
    0x74, 0x58, 0x13, 0xB6, 0x7C, 0xF1, 0xDA, 0x53, 0x17, 0xC3, 0xE8, 0xAF, 0x46, 0x57, 0x48, 0x60,
    0xF3, 0x7D, 0x55, 0xAD, 0xD3, 0x54, 0x05, 0xFA, 0xC5, 0x5F, 0x86, 0xA8, 0x51, 0xAB, 0x3D, 0xB4,
    0x61, 0x62, 0x28, 0x4D, 0x16, 0x08, 0x63, 0xEA, 0x09, 0x08, 0x7A, 0x6A, 0x87, 0x7E, 0x56, 0x19,
    0x93, 0x55, 0xC6, 0xD4, 0x7A, 0xB1, 0x91, 0x38, 0xA6, 0xC7, 0x46, 0x47, 0x31, 0x70, 0x06, 0xE4,
    0x1D, 0xE4, 0x7B, 0x8E, 0xEA, 0xE5, 0xF5, 0xCF, 0xD8, 0xE9, 0x8C, 0x9D, 0x4C, 0x7E, 0x77, 0x63,
    0x60, 0x6C, 0x60, 0xA0, 0x41, 0x95, 0xEA, 0x59, 0xCF, 0x98, 0x8E, 0x00, 0xE0, 0x6D, 0xF5, 0x76,
    0xAB, 0x26, 0xC4, 0xA5, 0xA8, 0x74, 0x37, 0xAE, 0x93, 0x58, 0xFC, 0x53, 0xE7, 0x35, 0x3B, 0xC0,
    0xF4, 0xDD, 0x7D, 0xC5, 0x17, 0xA2, 0x85, 0xAA, 0xA4, 0xF1, 0x7A, 0xDA, 0x3C, 0x03, 0x3F, 0x9E,
    0xFF, 0x4A, 0xA3, 0x65, 0x4C, 0x25, 0x45, 0x7A, 0x53, 0x44, 0xD1, 0x46, 0xD5, 0x69, 0xEC, 0xD5,
    0xAC, 0x64, 0xC1, 0x0F, 0x63, 0xD1, 0x4A, 0x78, 0x76, 0x23, 0x5D, 0xF4, 0x71, 0x8F, 0x9A, 0x87,
    0xB0, 0x47, 0x4B, 0x7A, 0x7C, 0x15, 0xB4, 0x15, 0xB4, 0x8B, 0x59, 0x47, 0xB1, 0x75, 0x3C, 0xB2,
    0x75, 0x0F, 0x97, 0x8D, 0x2E, 0xE8, 0xFA, 0x55, 0x63, 0x35, 0x4C, 0xB3, 0x2F, 0xD7, 0xF5, 0x5F,
    0x2A, 0xD0, 0xA7, 0x01, 0x39, 0xD8, 0x16, 0x14, 0x89, 0x8F, 0x2C, 0x20, 0xDB, 0x16, 0x2A, 0x65,
    0x55, 0xB8, 0x54, 0x39, 0x65, 0x5B, 0x7D, 0x2F, 0xEA, 0xBF, 0x95, 0xA8, 0xF0, 0x2F, 0xE9, 0x01,
    0x63, 0xC1, 0xA3, 0xB4, 0x3F, 0x4A, 0xAF, 0xB7, 0xC7, 0x2D, 0x57, 0x57, 0x9C, 0x12, 0x0B, 0x7E,
    0xBD, 0xA9, 0xE8, 0xC1, 0xF0, 0x04, 0x89, 0x13, 0xC9, 0x49, 0xDF, 0x09, 0xE8, 0x06, 0x3B, 0x6F,
    0x37, 0xD8, 0xE6, 0x3F, 0xA4, 0xE6, 0xB9, 0x4C, 0xBC, 0x4D, 0xCF, 0x25, 0x97, 0x1B, 0xEC, 0xAB,
    0x59, 0xF1, 0xCF, 0xC3, 0xD9, 0x86, 0xFE, 0x93, 0xF0, 0xD6, 0x2D, 0x64, 0xC5, 0xB4, 0xF6, 0x66,
    0x73, 0xAA, 0xB5, 0x70, 0x92, 0xB7, 0xC4, 0xD8, 0xA7, 0x1B, 0xBD, 0xF5, 0x49, 0x87, 0x47, 0x65,
    0x1E, 0xD4, 0x1C, 0xA5, 0x31, 0x3F, 0x2B, 0x6A, 0x8F, 0x74, 0x36, 0xBD, 0x7A, 0xD5, 0x22, 0xD4,
    0x09, 0xAF, 0x0A, 0xF6, 0x44, 0x7B, 0x96, 0x5E, 0x62, 0x5E, 0x02, 0xB5, 0xD3, 0x87, 0x4D, 0x6D,
    0xA4, 0xF5, 0xA6, 0xD2, 0x81, 0x1D, 0x37, 0xFB, 0x44, 0x8D, 0xCE, 0x62, 0x79, 0x2D, 0x1A, 0x1A,
    0x0F, 0xC9, 0x31, 0x1B, 0xDC, 0x78, 0xB4, 0x71, 0x3C, 0xDB, 0x08, 0xEB, 0xC0, 0x33, 0x36, 0xCA,
    0xCD, 0xF8, 0xC6, 0x08, 0x8D, 0x94, 0xFB, 0x0C, 0xE4, 0x04, 0x41, 0xEF, 0x8B, 0x6A, 0x85, 0xF2,
    0xC9, 0xCB, 0xE7, 0x99, 0x63, 0xCF, 0xB2, 0x59, 0xB1, 0x76, 0xB0, 0x69, 0x71, 0xC5, 0xAD, 0x19,
    0xF6, 0xF5, 0x67, 0xD3, 0xED, 0x6A, 0xC9, 0x3B, 0xD5, 0xDB, 0x86, 0xCB, 0xE0, 0xA8, 0x9E, 0x39,
    0x7B, 0xB2, 0xE7, 0x6B, 0x4F, 0x54, 0xF0, 0xD0, 0x93, 0x6C, 0xBA, 0x88, 0xF9, 0xAF, 0x12, 0x56,
    0x2F, 0x85, 0x78, 0xF1, 0x09, 0xBF, 0xE7, 0x9B, 0x8E, 0x2E, 0xC5, 0xA3, 0x05, 0x56, 0x4A, 0x52,
    0x51, 0x26, 0xF3, 0x5D, 0x54, 0xAD, 0xC8, 0x29, 0x4E, 0xEB, 0x42, 0x14, 0x33, 0xA7, 0x2A, 0xD8,
    0xC9, 0xB6, 0xF4, 0xCC, 0x89, 0x19, 0xC5, 0x48, 0x34, 0x57, 0xD6, 0xF1, 0x7D, 0x62, 0x33, 0x69,
    0x5D, 0x39, 0xA3, 0xA7, 0x55, 0xC7, 0x96, 0x95, 0x20, 0x54, 0xC5, 0x52, 0x40, 0x63, 0x2A, 0xF9,
    0x53, 0x1E, 0x59, 0xC2, 0x20, 0x25, 0x32, 0xBF, 0xD3, 0x1E, 0x19, 0x1D, 0xE6, 0xB5, 0x23, 0x6A,
    0x93, 0x05, 0x89, 0x7A, 0xA2, 0x0A, 0xBD, 0xCA, 0x98, 0x9B, 0xDB, 0xC9, 0xA9, 0xCD, 0xEA, 0xA4,
    0xD3, 0x1B, 0x55, 0xC6, 0x3A, 0x3C, 0x2C, 0xD6, 0x3C, 0xAC, 0x5F, 0xB3, 0x06, 0xA1, 0x35, 0xDA,
    0xA0, 0xFA, 0xE9, 0x08, 0xAD, 0x5F, 0x23, 0x96, 0xD9, 0x9A, 0x7E, 0x9F, 0xD0, 0xFB, 0x21, 0xBF,
    0x9E, 0xE3, 0xF7, 0x5F, 0x65, 0x21, 0x7A, 0x90, 0xDC, 0xE9, 0x03, 0x0B, 0xA6, 0x52, 0x8A, 0x8B,
    0x64, 0x4E, 0x77, 0xE4, 0xE4, 0xE8, 0xCB, 0x30, 0xDC, 0xC2, 0xCD, 0xA1, 0x66, 0x80, 0x76, 0xD4,
    0xD1, 0xD4, 0x9A, 0x5D, 0x5D, 0xD3, 0x36, 0xA3, 0x9C, 0x50, 0x18, 0x28, 0x2F, 0xA9, 0xA2, 0x6E,
    0x6E, 0xCA, 0xF4, 0xE0, 0xE6, 0x94, 0x0E, 0xCC, 0x69, 0xD2, 0x7F, 0xA6, 0xA5, 0x2E, 0x30, 0xF8,
    0xE8, 0x3C, 0x93, 0xBE, 0xD3, 0x6C, 0xE9, 0x23, 0xD4, 0x8E, 0x31, 0x5B, 0x2F, 0xFC, 0x76, 0xB3,
    0x9C, 0xFD, 0xC0, 0xD9, 0x2E, 0xF3, 0xBB, 0xCA, 0xD8, 0xE2, 0x59, 0x58, 0x55, 0x58, 0x56, 0x54,
    0x36, 0xB3, 0x2B, 0x67, 0x5C, 0xE6, 0xA2, 0x19, 0xD7, 0xC8, 0xE2, 0x19, 0x97, 0x8E, 0xB9, 0xF5,
    0x7A, 0xF4, 0x31, 0x4F, 0xBE, 0x12, 0x47, 0x44, 0x15, 0x0B, 0xB5, 0x3B, 0xE1, 0xBB, 0x7A, 0x48,
    0xE0, 0xA0, 0x51, 0x95, 0xCA, 0xD9, 0x46, 0x52, 0x24, 0x72, 0x6E, 0x71, 0x84, 0x5B, 0x54, 0xB8,
    0x45, 0xF7, 0xEA, 0x5B, 0x50, 0xE4, 0x5B, 0x8E, 0xF8, 0xC4, 0x55, 0x22, 0x93, 0x62, 0x80, 0x96,
    0xA8, 0x01, 0x75, 0x31, 0xE1, 0xF6, 0x28, 0xC9, 0xE7, 0xB5, 0x3D, 0x17, 0x49, 0x38, 0x22, 0x58,
    0x8C, 0x2C, 0xF6, 0xBD, 0xEA, 0x79, 0x40, 0xFD, 0xE0, 0xAC, 0x5B, 0x8C, 0x91, 0x64, 0xC8, 0x4C,
    0xCD, 0x04, 0xB1, 0x5B, 0x43, 0xA9, 0x7E, 0x34, 0x87, 0x42, 0x5D, 0x85, 0xB0, 0xF3, 0xAC, 0x26,
    0x8B, 0xE9, 0x1F, 0x20, 0x64, 0xAC, 0xA8, 0xD9, 0x78, 0x43, 0x8D, 0x40, 0x55, 0xE7, 0xD9, 0xC5,
    0x43, 0xB2, 0xE6, 0xA0, 0xA4, 0x66, 0x6C, 0x2A, 0xC8, 0xEC, 0x52, 0xB3, 0x56, 0x8B, 0x47, 0xC2,
    0x20, 0x1C, 0x1F, 0x0F, 0xE2, 0x34, 0x48, 0x5B, 0xE1, 0x03, 0x99, 0x7F, 0x4B, 0x64, 0x9F, 0xEA,
    0x41, 0x49, 0xA9, 0x25, 0x5E, 0x85, 0xD3, 0x85, 0x91, 0x47, 0x11, 0xFC, 0x34, 0x1A, 0xBF, 0x10,
    0xC5, 0xE4, 0x56, 0x6F, 0xA3, 0xEF, 0xA2, 0x6E, 0x0E, 0x56, 0xA8, 0x26, 0xC5, 0x94, 0x2E, 0x53,
    0x39, 0xD9, 0xCC, 0xE6, 0xF9, 0xCA, 0xE5, 0x6A, 0xC2, 0x6E, 0x48, 0x30, 0x12, 0xEC, 0x62, 0x90,
    0x37, 0xA1, 0x06, 0x79, 0xC9, 0xD5, 0x23, 0xE5, 0xAA, 0x1E, 0xE4, 0xF1, 0x43, 0x95, 0xC7, 0x2F,
    0x37, 0xA3, 0xFB, 0xB7, 0x2F, 0xDB, 0x93, 0x37, 0x7C, 0xE5, 0x1F, 0xB4, 0x1B, 0x52, 0xE6, 0x69,
    0xFA, 0x68, 0xAA, 0xDC, 0xA4, 0x05, 0x49, 0x64, 0xD8, 0x99, 0x54, 0x1B, 0xA0, 0x6D, 0x16, 0xEE,
    0x71, 0xBF, 0x92, 0x3B, 0xE2, 0x7A, 0xB6, 0x2E, 0x98, 0xBD, 0x6E, 0xA3, 0x9C, 0x59, 0x91, 0xEA,
    0xA3, 0x5C, 0x94, 0xA3, 0x25, 0x97, 0xD6, 0x5F, 0x59, 0x69, 0x69, 0x7D, 0xA2, 0x58, 0xDA, 0x19,
    0x1B, 0x36, 0x2F, 0x8F, 0x0D, 0xB7, 0x2D, 0x1A, 0x1B, 0x6A, 0x8A, 0xD8, 0x98, 0x8F, 0x59, 0xEB,
    0x50, 0xA2, 0x22, 0xE7, 0x4D, 0x9D, 0xF3, 0x59, 0xCF, 0xF7, 0xA2, 0xCC, 0x6C, 0x5A, 0x5D, 0x14,
    0xB1, 0x5B, 0xA6, 0xB6, 0x24, 0x5F, 0x39, 0xEF, 0xE2, 0xE0, 0x59, 0x35, 0xC7, 0xF3, 0x16, 0x0D,
    0x6A, 0x5D, 0x7D, 0xC5, 0xBC, 0x31, 0xC5, 0xE9, 0xB9, 0xD9, 0x76, 0x3A, 0xAB, 0x2C, 0x04, 0xF4,
    0x2D, 0x6F, 0xC6, 0x7F, 0xF2, 0x64, 0x2A, 0x3E, 0xAA, 0xCA, 0x07, 0xC3, 0xA7, 0xCC, 0x5C, 0x5A,
    0x96, 0xD6, 0xCB, 0xB3, 0x3A, 0xDF, 0x0D, 0xA8, 0xAA, 0x68, 0x44, 0xBB, 0x3F, 0x7E, 0xA4, 0x46,
    0x9A, 0x69, 0xCA, 0x90, 0x2F, 0x62, 0xCF, 0x8A, 0xFA, 0xDF, 0xD3, 0x87, 0x75, 0xF5, 0xEB, 0x31,
    0xFD, 0x18, 0x87, 0xDD, 0x9C, 0xD1, 0xCE, 0x5F, 0x5B, 0x69, 0x1E, 0x4B, 0xCD, 0x66, 0x08, 0xE7,
    0xFE, 0xB7, 0xF4, 0x86, 0xE4, 0x43, 0x55, 0xED, 0x2F, 0x66, 0xBA, 0x4D, 0x5A, 0xED, 0x85, 0x83,
    0xCE, 0xDF, 0x91, 0xFE, 0x21, 0x3D, 0xE8, 0x3C, 0x0F, 0xE3, 0x70, 0x7B, 0xD0, 0x79, 0x79, 0x50,
    0xB1, 0x0B, 0xD7, 0xDF, 0x8B, 0xFE, 0x59, 0x08, 0x12, 0xA8, 0xCE, 0xA0, 0x62, 0xD1, 0xF0, 0xF0,
    0xDF, 0x9A, 0x66, 0x46, 0x7E, 0x16, 0x32, 0x24, 0x2C, 0x35, 0x8A, 0x4B, 0x19, 0x0F, 0x45, 0x56,
    0x29, 0x7C, 0xE2, 0x2E, 0x35, 0x0A, 0x6A, 0x54, 0xB5, 0xB6, 0xD6, 0x0C, 0x23, 0x02, 0xAD, 0xEA,
    0x2F, 0x65, 0xEE, 0x43, 0x72, 0xA4, 0xFE, 0x4E, 0xD3, 0xD2, 0x13, 0x63, 0x45, 0xBA, 0x65, 0x8C,
    0xD3, 0x1D, 0xEA, 0xF5, 0x68, 0x64, 0x9E, 0x4B, 0xFE, 0x76, 0x47, 0xF4, 0xAD, 0x3F, 0x44, 0x7F,
    0x53, 0xC9, 0xB4, 0x0C, 0x98, 0xEF, 0x63, 0x75, 0x09, 0x73, 0x19, 0xB6, 0xEA, 0x62, 0x3F, 0x9F,
    0x86, 0x97, 0x13, 0x95, 0x6B, 0x88, 0x26, 0x0B, 0x1F, 0xB4, 0x99, 0x8B, 0x1F, 0xA6, 0x15, 0x3F,
    0xA1, 0x2A, 0x2D, 0xEC, 0x8C, 0xFF, 0x8F, 0xCF, 0x3F, 0x8A, 0xB8, 0xFB, 0x75, 0xE8, 0x27, 0x1F,
    0x6B, 0x1C, 0x22, 0x2E, 0x59, 0x78, 0xE8, 0x2E, 0x71, 0x20, 0xE7, 0x39, 0xE3, 0xF6, 0x34, 0x9B,
    0x19, 0x2D, 0x29, 0x3A, 0x9C, 0x12, 0xF3, 0xB0, 0x6D, 0x45, 0xDA, 0x4B, 0x8B, 0x0A, 0x4F, 0xAE,
    0x28, 0x77, 0x7B, 0x62, 0xA7, 0xF1, 0xB3, 0x81, 0x78, 0x1E, 0xD7, 0x59, 0x65, 0xF7, 0x14, 0x51,
    0xC9, 0x94, 0xB1, 0x81, 0x2E, 0x1E, 0x50, 0x51, 0xC0, 0x6B, 0x94, 0xB0, 0x97, 0xB4, 0x4B, 0xC2,
    0xC6, 0xF8, 0x56, 0x89, 0xDF, 0x67, 0xD4, 0x9F, 0xD4, 0x8F, 0x38, 0x1A, 0x05, 0xB3, 0xC3, 0x65,
    0x9A, 0x78, 0x8B, 0x54, 0x73, 0x8D, 0x43, 0x91, 0xA1, 0x87, 0x8D, 0x25, 0x1B, 0x4F, 0xBA, 0x98,
    0xB1, 0xF5, 0xE8, 0x8C, 0x90, 0x13, 0xED, 0x53, 0xAC, 0x2D, 0xF5, 0xEB, 0x53, 0xB4, 0xB0, 0x4E,
    0x9D, 0x62, 0x27, 0x0D, 0x3D, 0xB9, 0x42, 0xEA, 0xD7, 0x4D, 0xE0, 0x40, 0x80, 0x38, 0xC5, 0xC6,
    0x68, 0xED, 0x5B, 0x1C, 0xBC, 0x54, 0xCC, 0x52, 0x74, 0x30, 0x86, 0xAB, 0x56, 0x17, 0x96, 0x16,
    0xA1, 0x93, 0x35, 0xED, 0xB4, 0x4A, 0x30, 0x46, 0x0A, 0x48, 0xC9, 0x7C, 0x2C, 0x2E, 0x13, 0x8C,
    0xA7, 0x54, 0xE0, 0x18, 0x45, 0x67, 0xD9, 0x7E, 0x5E, 0x34, 0xCB, 0x16, 0x77, 0xD6, 0x4C, 0x8D,
    0x63, 0xA5, 0xD4, 0xDC, 0x55, 0xC9, 0x4D, 0x6F, 0x43, 0x26, 0x9C, 0x0F, 0x49, 0xE1, 0x3C, 0x2D,
    0x4B, 0xD5, 0x83, 0xC9, 0x7A, 0x35, 0x94, 0xBF, 0x4D, 0x73, 0x9B, 0xB6, 0xE5, 0xCD, 0xF9, 0xEC,
    0x6B, 0xB4, 0xAC, 0x04, 0x29, 0x03, 0xEA, 0xC4, 0x07, 0x61, 0x8C, 0x7F, 0x8A, 0x91, 0xFA, 0x02,
    0x4A, 0xC3, 0x0E, 0x9E, 0xAC, 0x39, 0x98, 0xF1, 0x54, 0xF6, 0xE5, 0x01, 0xB4, 0x13, 0xCA, 0x58,
    0x11, 0xDF, 0x46, 0x31, 0xE8, 0x31, 0xF5, 0x33, 0x4B, 0x36, 0x8C, 0xBF, 0x22, 0x71, 0x97, 0x7E,
    0x6C, 0xF9, 0xA3, 0x4C, 0x7C, 0x52, 0x3D, 0xB6, 0xAC, 0xA0, 0xB5, 0x5F, 0xB7, 0xCF, 0x8C, 0x82,
    0x62, 0x3A, 0x24, 0x9E, 0x83, 0xA3, 0xF9, 0x32, 0x4D, 0x35, 0x4E, 0xF2, 0x51, 0xCC, 0x7A, 0x86,
    0x3B, 0xC7, 0x77, 0x62, 0x74, 0xF5, 0xAC, 0x45, 0xA0, 0xB8, 0x43, 0x35, 0xBB, 0xAB, 0x08, 0x34,
    0xA7, 0x9E, 0x81, 0x31, 0x5D, 0x81, 0x08, 0xBA, 0xD1, 0x4D, 0x94, 0xF4, 0x12, 0xA0, 0x8D, 0x9F,
    0x35, 0xF1, 0xA3, 0x1C, 0xE6, 0x17, 0x32, 0xE2, 0x5E, 0xF6, 0x54, 0x4C, 0xD9, 0x38, 0x65, 0xCF,
    0xB5, 0x94, 0xA4, 0x67, 0xDF, 0x76, 0x6C, 0xDB, 0x77, 0xDD, 0xA0, 0xB6, 0x37, 0x1E, 0x8E, 0x94,
    0xA4, 0x3D, 0x5D, 0xF5, 0xCF, 0xCC, 0xB4, 0x63, 0xF0, 0x63, 0x2A, 0x04, 0xAF, 0x7C, 0xCC, 0xF9,
    0xFA, 0x55, 0xFF, 0xC7, 0x00, 0x1A, 0x89, 0x4A, 0x79, 0x62, 0xDA, 0xF1, 0x7C, 0xFF, 0xA6, 0xF4,
    0xE1, 0xA8, 0x28, 0x95, 0x9A, 0xFD, 0x94, 0x77, 0x4A, 0xD5, 0xA7, 0x28, 0x97, 0xE7, 0xC6, 0xE9,
    0xAC, 0xCF, 0x60, 0x9F, 0x2A, 0x53, 0x2B, 0x8A, 0x6B, 0x18, 0x6E, 0x6F, 0xD3, 0x9F, 0xF7, 0xB0,
    0xB3, 0x35, 0xA6, 0x87, 0x82, 0x38, 0x4E, 0xB3, 0x47, 0xDB, 0x76, 0xF9, 0x69, 0xC4, 0x76, 0x6B,
    0x6D, 0x02, 0x6C, 0xDF, 0xD8, 0xB0, 0x9C, 0x18, 0xFE, 0x7C, 0x48, 0xC5, 0x60, 0xCF, 0xFF, 0x33,
    0x1D, 0xFD, 0x06, 0xDA, 0xC6, 0x5F, 0xE3, 0x33, 0x0D, 0x98, 0x4F, 0xC1, 0xF8, 0xE8, 0x9A, 0x9E,
    0xE5, 0x12, 0x73, 0xE1, 0xBA, 0x9E, 0xA5, 0x1E, 0x83, 0x94, 0xA6, 0x92, 0xF2, 0x51, 0x74, 0x55,
    0x14, 0xA0, 0x95, 0xF5, 0x67, 0x75, 0x00, 0x55, 0x31, 0xE6, 0xB6, 0x59, 0x79, 0x5B, 0xB9, 0xB9,
    0xA4, 0x54, 0xD2, 0x3D, 0x80, 0xBE, 0xCD, 0x98, 0xD6, 0xB4, 0xD0, 0x55, 0xEF, 0x13, 0x1E, 0x4E,
    0x8C, 0xAB, 0xB8, 0x27, 0xD1, 0xBD, 0xB6, 0x87, 0xBF, 0x97, 0x56, 0x68, 0xF8, 0xE6, 0x6D, 0x6B,
    0xB1, 0x5A, 0x1B, 0x1B, 0xAE, 0xED, 0x69, 0x34, 0x57, 0x7C, 0x0F, 0xF8, 0xD8, 0x1A, 0xC4, 0x07,
    0x99, 0x72, 0xDB, 0x82, 0xB1, 0x92, 0xAF, 0x06, 0x20, 0x21, 0xC9, 0xD8, 0xD5, 0x63, 0xA5, 0xCF,
    0x2A, 0xEF, 0x88, 0x63, 0x6A, 0xB8, 0x14, 0xD8, 0xE3, 0x6E, 0x67, 0xB8, 0x74, 0xC5, 0xEA, 0xED,
    0x73, 0xB3, 0x4B, 0xAE, 0xD6, 0xEB, 0xB6, 0x3D, 0xB7, 0x60, 0xDD, 0x32, 0xDB, 0x2F, 0x27, 0x60,
    0xC1, 0xF6, 0x57, 0x88, 0x59, 0x84, 0x83, 0x15, 0x9F, 0x14, 0x2E, 0xC0, 0xC1, 0x15, 0x8F, 0x0F,
    0x8C, 0xB9, 0x22, 0xAF, 0xAE, 0xE1, 0xD1, 0x70, 0xBF, 0x0A, 0x6B, 0x92, 0x0D, 0x35, 0xD0, 0x89,
    0x1B, 0x08, 0x1A, 0x08, 0xC9, 0xAA, 0xA5, 0x7A, 0xBA, 0xE2, 0xEA, 0xD4, 0xDA, 0xC0, 0x2F, 0x66,
    0x45, 0x97, 0x0C, 0xE3, 0xBC, 0x1A, 0x69, 0xAC, 0x49, 0xAC, 0x22, 0x66, 0x39, 0x36, 0x44, 0x6B,
    0x15, 0xCE, 0x3B, 0x1F, 0x4C, 0xF0, 0xF8, 0xDA, 0x84, 0xD3, 0x76, 0xE5, 0x00, 0xBD, 0xCD, 0xB5,
    0x6B, 0x5E, 0x64, 0x87, 0x55, 0x1F, 0x45, 0x2F, 0x4C, 0x9A, 0x2B, 0x3C, 0x53, 0xBA, 0xB2, 0x85,
    0xBF, 0x6A, 0x54, 0x60, 0xC8, 0xCB, 0xCC, 0xA7, 0xD3, 0xC2, 0x77, 0x86, 0x06, 0x5B, 0x59, 0xA1,
    0xD6, 0xE3, 0x5E, 0xDD, 0x4E, 0xB7, 0xB1, 0x4D, 0x70, 0x5F, 0xCB, 0x63, 0x66, 0xB5, 0xEC, 0x06,
    0xA9, 0xE7, 0x43, 0x2B, 0x3D, 0x6B, 0x5A, 0x7D, 0x36, 0xA1, 0x15, 0xD5, 0x2D, 0xFA, 0xE2, 0x21,
    0xC5, 0x36, 0x94, 0xA8, 0xE2, 0x5E, 0xAC, 0x81, 0xDC, 0x93, 0x4F, 0xC7, 0x45, 0xEF, 0xB3, 0x0C,
    0xB3, 0x8F, 0x54, 0xA5, 0xB2, 0xD4, 0xE4, 0xED, 0x0A, 0x69, 0xA5, 0xD3, 0x13, 0x57, 0x49, 0xBB,
    0x2C, 0xA4, 0x7C, 0x29, 0x5A, 0xD8, 0x1E, 0xFC, 0x2F, 0x9D, 0x96, 0xCF, 0x8B, 0x1B, 0x65, 0x18,
    0xC7, 0x3F, 0xF3, 0x4E, 0x7E, 0x27, 0x93, 0x1D, 0xB4, 0x96, 0x0A, 0x49, 0x37, 0xC8, 0x52, 0x56,
    0x89, 0xC9, 0x1E, 0xE6, 0x90, 0x42, 0x90, 0x01, 0x15, 0x2A, 0x2A, 0x2E, 0x82, 0xE0, 0xB1, 0x8A,
    0x07, 0x29, 0xC2, 0xE6, 0x90, 0x83, 0x05, 0x91, 0xA1, 0x82, 0x78, 0x9C, 0x93, 0x20, 0x22, 0xF4,
    0xE0, 0xA1, 0x94, 0x14, 0x73, 0x8C, 0x07, 0x61, 0xFA, 0x1F, 0xCC, 0xC5, 0x7B, 0x28, 0x9E, 0x3C,
    0x45, 0x5C, 0x61, 0xA9, 0x82, 0x3E, 0xCF, 0x24, 0xBB, 0x4B, 0x6B, 0x9A, 0x79, 0xB3, 0x6F, 0x26,
    0x03, 0xC9, 0xBC, 0xF3, 0x79, 0xBE, 0xEF, 0xF3, 0x7E, 0xDF, 0xE7, 0x7D, 0x31, 0x21, 0xF5, 0x88,
    0x66, 0xC4, 0xB5, 0x84, 0x8F, 0x12, 0x1E, 0x26, 0xCE, 0xAF, 0xA9, 0xFB, 0x41, 0x5A, 0x65, 0xDE,
    0x60, 0xF1, 0xA5, 0x39, 0xC1, 0x87, 0x29, 0x7A, 0x07, 0xF7, 0x27, 0xBC, 0x26, 0x5D, 0x8F, 0xC0,
    0x63, 0xDC, 0x62, 0x34, 0x24, 0x98, 0xD0, 0xEF, 0x85, 0x0E, 0x94, 0x41, 0xEE, 0x98, 0x14, 0x0E,
    0x70, 0x62, 0xFD, 0x61, 0x43, 0xFE, 0x01, 0x5A, 0xD0, 0xD9, 0x04, 0xD7, 0x67, 0x18, 0xB9, 0xBE,
    0x81, 0x5A, 0x4C, 0x26, 0x45, 0xD0, 0xCA, 0x56, 0xB8, 0xD2, 0x15, 0x2F, 0x7C, 0x24, 0x00, 0x12,
    0x01, 0x09, 0x81, 0xC4, 0x40, 0x83, 0x64, 0x2D, 0xE1, 0x67, 0xCC, 0x8D, 0xBC, 0x28, 0x87, 0xF0,
    0x52, 0x94, 0xC5, 0xF0, 0xF3, 0xC5, 0x23, 0x51, 0x70, 0x66, 0x16, 0x58, 0x0A, 0x50, 0x52, 0xF9,
    0x96, 0x64, 0x13, 0xE1, 0x44, 0x56, 0x82, 0x4B, 0x6F, 0x50, 0x9D, 0x6A, 0x7F, 0x6B, 0xCD, 0xFC,
    0x0D, 0x97, 0xC0, 0x46, 0xB6, 0x13, 0x52, 0x4E, 0xA9, 0x74, 0xB0, 0x77, 0x88, 0x5C, 0xFF, 0xE4,
    0x90, 0xC5, 0x17, 0x6E, 0x94, 0x59, 0x45, 0xDB, 0x5D, 0x0A, 0x87, 0xD4, 0xEE, 0x6A, 0xAC, 0xDC,
    0x28, 0x45, 0xB8, 0x82, 0xF3, 0xB5, 0x8A, 0xCF, 0x4B, 0xB8, 0x3C, 0x66, 0x0B, 0xF2, 0x61, 0xE6,
    0x59, 0x1B, 0xB2, 0xCC, 0x8B, 0xF4, 0xB6, 0x27, 0x4B, 0xEB, 0x5A, 0xCB, 0x36, 0xD9, 0x6C, 0x16,
    0xFC, 0x2D, 0xE0, 0x8F, 0xD5, 0x5C, 0xB6, 0x39, 0x69, 0x1C, 0xE8, 0x84, 0xDA, 0x60, 0x65, 0x36,
    0x6F, 0x66, 0x8A, 0xDE, 0x82, 0x93, 0x1C, 0x72, 0x5D, 0xCD, 0x8D, 0xB9, 0xFF, 0x23, 0xF3, 0x80,
    0xB4, 0xE3, 0x24, 0x18, 0xB9, 0x7E, 0x0F, 0x65, 0x96, 0x5D, 0x71, 0x10, 0x61, 0x9D, 0xA4, 0xFF,
    0x6F, 0xA2, 0xC9, 0x93, 0x5B, 0xA4, 0xB0, 0x99, 0xD7, 0xEA, 0x76, 0xAF, 0x4F, 0x6F, 0x87, 0x23,
    0x06, 0xFE, 0xEE, 0x1C, 0xDA, 0x54, 0xB2, 0xF5, 0x5C, 0x48, 0x28, 0x85, 0x32, 0xA2, 0x7C, 0x9A,
    0xCF, 0x84, 0x7D, 0xE2, 0x75, 0x30, 0x6D, 0xBD, 0x0E, 0xEF, 0xA7, 0x16, 0x9A, 0xDC, 0x47, 0x85,
    0x2F, 0xD6, 0x33, 0x8A, 0x98, 0x0F, 0xF1, 0x34, 0x90, 0xCD, 0xD0, 0xB4, 0xC2, 0xFC, 0x75, 0xEA,
    0xFC, 0x19, 0x5E, 0x8B, 0x6E, 0x97, 0xEB, 0x53, 0x6E, 0x87, 0x8C, 0x10, 0x26, 0x2B, 0x61, 0x32,
    0xFC, 0x8F, 0x43, 0x6B, 0x6C, 0x03, 0xE7, 0x58, 0x99, 0xEB, 0xF4, 0x5D, 0xD2, 0xC2, 0x69, 0x3E,
    0xB1, 0x65, 0x2D, 0x6B, 0x8A, 0x8D, 0xC4, 0x9A, 0xCF, 0x0B, 0x73, 0x75, 0x89, 0xF5, 0xE0, 0x9D,
    0xC7, 0x38, 0x22, 0xE7, 0xD8, 0x02, 0x2E, 0xB6, 0xDE, 0x49, 0xD8, 0x8B, 0xB7, 0xB0, 0x8B, 0xCF,
    0x89, 0xA9, 0x3C, 0xD3, 0x34, 0x9F, 0xF2, 0xAE, 0xF8, 0xC0, 0x37, 0xF7, 0xA4, 0xDA, 0xA7, 0x4E,
    0x62, 0xE4, 0xE3, 0x46, 0x6E, 0x58, 0x16, 0x5B, 0xF6, 0x23, 0x87, 0x6A, 0xE2, 0x24, 0x25, 0xF5,
    0x03, 0x9E, 0x64, 0x53, 0x54, 0x31, 0x90, 0x4F, 0x4F, 0xAD, 0xBD, 0xF6, 0x0D, 0xA4, 0x5F, 0x45,
    0xAA, 0x53, 0x39, 0xAB, 0x50, 0xFF, 0x7F, 0x6B, 0xAA, 0xB5, 0xE2, 0x28, 0x32, 0xC9, 0xA2, 0x4E,
    0xD0, 0x66, 0x20, 0x4F, 0xE4, 0x51, 0xC0, 0x38, 0x60, 0x31, 0x70, 0xD2, 0xAE, 0x1B, 0xD5, 0x7F,
    0x61, 0xA9, 0xDD, 0xC9, 0xAC, 0x3E, 0xF1, 0x9A, 0xC3, 0x7A, 0x50, 0x1F, 0x37, 0x47, 0x5E, 0xB0,
    0x7F, 0x75, 0xAE, 0xCB, 0xA5, 0xF4, 0x84, 0xD5, 0x6D, 0x68, 0x92, 0x83, 0x07, 0x22, 0xA3, 0xB3,
    0x8E, 0x87, 0xE8, 0x2D, 0xED, 0xF1, 0x4A, 0x84, 0x1F, 0x5A, 0xB1, 0x9E, 0xDA, 0x0E, 0x27, 0xBA,
    0xB0, 0x87, 0xF2, 0x4E, 0x9D, 0x71, 0x93, 0x91, 0xAC, 0xF0, 0x7D, 0xAE, 0x9E, 0x99, 0xF5, 0x5B,
    0xB6, 0x21, 0x8B, 0x5F, 0x67, 0x99, 0x5F, 0xD7, 0xA8, 0xF4, 0xD5, 0xAF, 0xA5, 0xCE, 0x16, 0xB8,
    0xA7, 0xB6, 0xC1, 0x0D, 0x42, 0xAB, 0x1D, 0xAE, 0xA5, 0x9A, 0xD7, 0x6D, 0xB2, 0x20, 0xAE, 0x7D,
    0x62, 0x27, 0xDC, 0xC0, 0x97, 0x9D, 0x67, 0x27, 0xA4, 0x13, 0x6D, 0x31, 0xF3, 0xEA, 0xDA, 0x1B,
    0xCF, 0x9C, 0x7F, 0xA4, 0x70, 0x8A, 0xDB, 0xA9, 0x8A, 0xCB, 0x8E, 0xBE, 0x12, 0xE8, 0x9F, 0xF2,
    0xFF, 0x40, 0x1C, 0x3D, 0x58, 0x79, 0x6D, 0x80, 0x90, 0xE5, 0xBB, 0x40, 0xD8, 0x08, 0x9C, 0x33,
    0xDD, 0xC5, 0xE5, 0x89, 0x49, 0xF7, 0x5C, 0x77, 0x72, 0xD3, 0xDB, 0x09, 0xD7, 0x6B, 0x16, 0x67,
    0xD1, 0xD4, 0x2C, 0x5E, 0x20, 0x84, 0x28, 0x4B, 0x2D, 0x42, 0xE8, 0x01, 0x4C, 0x6C, 0xAC, 0x3E,
    0xA6, 0x70, 0x81, 0x30, 0xC2, 0x7F, 0x60, 0x37, 0x18, 0x6D, 0xAF, 0x89, 0xFD, 0x5F, 0x7F, 0xB8,
    0x7D, 0x14, 0x49, 0xC1, 0x23, 0x8A, 0xAF, 0xE6, 0x86, 0xB8, 0xC0, 0x00, 0xD2, 0xE5, 0x22, 0xC9,
    0x46, 0xB2, 0x09, 0x5E, 0xCE, 0xB6, 0xC8, 0x5B, 0x77, 0xEE, 0xB5, 0x89, 0x5B, 0x24, 0x5D, 0x92,
    0x81, 0x13, 0x05, 0x26, 0x0C, 0x0C, 0x23, 0x97, 0xA9, 0xD1, 0xCE, 0xFD, 0x63, 0xCE, 0x36, 0x53,
    0x2D, 0x3D, 0x65, 0xBC, 0x32, 0x8D, 0x1A, 0xAD, 0x6C, 0xDB, 0x55, 0xBB, 0x7D, 0x46, 0xFF, 0x3D,
    0xDD, 0x70, 0x45, 0x81, 0x1E, 0x7F, 0xA5, 0x1C, 0x3D, 0x0F, 0x2F, 0x6A, 0x70, 0x1B, 0xF2, 0x2A,
    0xDB, 0x6D, 0x3D, 0xEA, 0x6C, 0xE6, 0x6B, 0x26, 0x6A, 0xB2, 0x36, 0x8A, 0xB7, 0xEE, 0x7C, 0xDF,
    0xE6, 0xBB, 0x16, 0xBF, 0x6D, 0xC2, 0x9E, 0xDB, 0x71, 0xD8, 0x2B, 0xEF, 0x79, 0xE5, 0x78, 0x3D,
    0x33, 0x3B, 0x62, 0x71, 0xC5, 0x8E, 0x29, 0x6F, 0xCC, 0x2D, 0x98, 0xE7, 0x19, 0xB0, 0xC3, 0x9E,
    0x67, 0x20, 0x8F, 0x2C, 0x6D, 0x16, 0xF1, 0xF6, 0x9B, 0x56, 0x58, 0x31, 0xD8, 0x1F, 0x38, 0xBD,
    0x5C, 0xA6, 0x95, 0x48, 0xA9, 0x0A, 0x66, 0xA5, 0x75, 0x13, 0x6D, 0xD9, 0xCD, 0x59, 0x2D, 0x54,
    0xEE, 0xD7, 0xE2, 0xA1, 0x1B, 0xB6, 0x4A, 0x78, 0x0D, 0x76, 0xE4, 0x94, 0x17, 0x73, 0xBA, 0x9D,
    0xAA, 0xA3, 0x8E, 0xA2, 0xAC, 0x1C, 0x78, 0x2C, 0xD1, 0x26, 0x1D, 0xB3, 0x08, 0x18, 0x1D, 0x10,
    0x1C, 0x30, 0x88, 0xE9, 0x26, 0xEC, 0x66, 0xB5, 0xA2, 0xA1, 0x73, 0x74, 0x39, 0xE5, 0x65, 0x2C,
    0x80, 0x59, 0x22, 0x2B, 0xE4, 0x02, 0xE7, 0x97, 0xD3, 0x58, 0x80, 0x7C, 0x0E, 0xEF, 0xC0, 0x9E,
    0x3A, 0xC1, 0x06, 0x4E, 0x2D, 0x45, 0x96, 0x9B, 0x6B, 0x2B, 0xF8, 0x74, 0x16, 0xEC, 0xE0, 0xBB,
    0x3E, 0xCF, 0xCD, 0x2D, 0xC9, 0xFF, 0x01, 0x7D, 0x54, 0xCF, 0x8B, 0x1C, 0x45, 0x14, 0xFE, 0xBA,
    0x7B, 0x76, 0x7A, 0x7E, 0xF4, 0x2C, 0xBD, 0x30, 0x23, 0x8D, 0xCE, 0xAC, 0x1D, 0x68, 0x42, 0xB3,
    0xE9, 0x5D, 0x1B, 0xED, 0x68, 0x23, 0x03, 0x53, 0xA8, 0x84, 0xA8, 0x01, 0x17, 0xDC, 0xB9, 0x37,
    0xEB, 0x1E, 0x92, 0x11, 0xB4, 0x0D, 0x73, 0x50, 0x31, 0x4C, 0x65, 0x73, 0xF5, 0x30, 0x8A, 0x04,
    0x0F, 0x0A, 0x43, 0x22, 0x6A, 0x3C, 0x48, 0x1F, 0xF6, 0xB0, 0x10, 0xDC, 0x14, 0x59, 0x12, 0xF4,
    0x36, 0xB8, 0xFE, 0x01, 0x73, 0x30, 0xC1, 0x8B, 0x64, 0x8E, 0x2E, 0x04, 0xC7, 0x57, 0x35, 0x93,
    0xCC, 0xC2, 0x2E, 0xBE, 0x7A, 0xDD, 0xBC, 0x7A, 0xFD, 0xFA, 0xAB, 0xF7, 0x5E, 0x7D, 0x55, 0x58,
    0x9F, 0x0B, 0x7C, 0xFF, 0x52, 0xF5, 0x89, 0x00, 0x0B, 0x78, 0x1F, 0x1B, 0x58, 0x3F, 0x36, 0x80,
    0x2A, 0x5E, 0x65, 0x0B, 0x4C, 0x3B, 0x36, 0x3A, 0x68, 0x43, 0x3E, 0xBD, 0x49, 0xAD, 0xCD, 0x6A,
    0x6D, 0xD4, 0xDA, 0xED, 0x63, 0x2F, 0x0D, 0x9B, 0xFF, 0x33, 0x96, 0xB0, 0xF2, 0x63, 0x6D, 0xA3,
    0xF7, 0x18, 0xC8, 0xB9, 0xE9, 0xC7, 0xB6, 0xD7, 0x74, 0x5C, 0x04, 0xAB, 0x96, 0x07, 0xA7, 0x19,
    0x7A, 0xB9, 0x9C, 0xED, 0xF2, 0x8F, 0xC4, 0x27, 0x23, 0x9B, 0x79, 0xFD, 0xE6, 0xD8, 0x49, 0x5C,
    0x0E, 0x04, 0xD9, 0xEA, 0x8E, 0x15, 0x7A, 0x7D, 0xC0, 0x49, 0x9A, 0xE3, 0x50, 0x78, 0xFD, 0x9C,
    0xAD, 0x31, 0x83, 0x19, 0xD0, 0x71, 0x7B, 0x5C, 0xC2, 0x22, 0x2C, 0xD4, 0xE1, 0xC0, 0x83, 0x4B,
    0xC3, 0x86, 0xD4, 0x08, 0x08, 0x61, 0xDE, 0x06, 0x12, 0x60, 0x04, 0x70, 0xA9, 0x9A, 0x80, 0xCE,
    0xD1, 0xDA, 0x85, 0x01, 0xA9, 0x79, 0x59, 0x7F, 0x8B, 0xB7, 0x44, 0x8B, 0x2F, 0x83, 0x61, 0x17,
    0x77, 0xF8, 0x2F, 0xA0, 0x45, 0x60, 0x67, 0x89, 0x6D, 0x67, 0xDD, 0xC4, 0x8D, 0xE2, 0x7A, 0x37,
    0x0E, 0xC8, 0xE3, 0xC7, 0xF4, 0xEA, 0x9C, 0xD0, 0x28, 0xD9, 0xAA, 0x95, 0x13, 0xDA, 0xA4, 0xB1,
    0xEA, 0xDE, 0xDE, 0xDE, 0xD3, 0x4E, 0x57, 0xBF, 0xE2, 0xB7, 0xE6, 0x93, 0x67, 0xF4, 0xCE, 0x53,
    0x5B, 0xEF, 0x17, 0x00, 0x2B, 0xA4, 0x74, 0xFD, 0x70, 0x40, 0x69, 0x87, 0x82, 0x12, 0xBF, 0xB9,
    0xA0, 0xAD, 0x47, 0xBF, 0x5D, 0x3E, 0x17, 0x95, 0x9C, 0xDF, 0x3F, 0xF7, 0x11, 0xDE, 0xFD, 0xC6,
    0xC7, 0x17, 0xFB, 0x17, 0x23, 0xED, 0xEA, 0xBE, 0x93, 0x1A, 0xF8, 0x7B, 0x91, 0x82, 0x48, 0xD4,
    0xBF, 0xB3, 0xBF, 0x67, 0xFF, 0xCF, 0x10, 0x66, 0x18, 0x55, 0x28, 0x94, 0x9B, 0x50, 0x38, 0xFB,
    0x4C, 0x22, 0xAD, 0x5C, 0x63, 0x12, 0xEB, 0xE5, 0xD7, 0x21, 0xD1, 0x2E, 0xBF, 0x05, 0x85, 0xF7,
    0x17, 0x66, 0xE2, 0x44, 0xA1, 0xED, 0x0C, 0xA2, 0x61, 0x28, 0x96, 0x98, 0x73, 0x83, 0x45, 0x07,
    0x08, 0xEF, 0x63, 0xE9, 0x3C, 0x3C, 0xBF, 0x5E, 0xF0, 0xFA, 0xFE, 0xB0, 0x9E, 0x14, 0x5C, 0xEF,
    0x4B, 0xF8, 0x07, 0xAC, 0xBE, 0xC9, 0x0A, 0xA7, 0x98, 0x86, 0x32, 0x4A, 0xCC, 0x13, 0x2E, 0xD3,
    0x59, 0x09, 0x01, 0x62, 0xDA, 0x8B, 0x1C, 0x0A, 0xA8, 0x90, 0x7F, 0x11, 0xBE, 0x6C, 0x90, 0x03,
    0x3F, 0xA8, 0x97, 0x90, 0xEA, 0x57, 0x05, 0x7E, 0x40, 0xDC, 0x6C, 0xD8, 0x9F, 0x16, 0xB4, 0xBB,
    0xDC, 0xC4, 0xA0, 0xEE, 0xF8, 0x76, 0x90, 0xD3, 0xCF, 0xC1, 0x78, 0x07, 0xE6, 0x22, 0xCC, 0x0A,
    0x4A, 0x16, 0x2A, 0x0E, 0x88, 0x0C, 0x96, 0xAB, 0x6A, 0x4A, 0x11, 0x67, 0xD2, 0x28, 0x8F, 0xE2,
    0xF8, 0x6C, 0x60, 0xC6, 0x66, 0x56, 0xE6, 0x15, 0x5A, 0x82, 0x48, 0x81, 0x26, 0xBD, 0x6B, 0x1B,
    0x9D, 0x5B, 0x0C, 0xB9, 0x04, 0x5B, 0xE5, 0x09, 0x97, 0x81, 0x97, 0x58, 0xA9, 0xBD, 0xE3, 0xA2,
    0x08, 0xC5, 0xE1, 0x90, 0xB6, 0x5F, 0x68, 0xDC, 0x80, 0xC9, 0x2D, 0xE1, 0x24, 0x61, 0x98, 0x38,
    0xC4, 0x4E, 0xE0, 0x3D, 0xB9, 0x6D, 0xC4, 0x8C, 0x0F, 0x69, 0xBB, 0xAF, 0x0F, 0x81, 0x8A, 0x0D,
    0xED, 0x0D, 0x1D, 0x67, 0xD9, 0x43, 0x94, 0x77, 0xD7, 0xC6, 0x3D, 0x31, 0x61, 0x7A, 0x7A, 0x61,
    0x98, 0x57, 0x2B, 0x51, 0x28, 0x91, 0xA4, 0x47, 0xFC, 0x61, 0x92, 0x36, 0xE4, 0xF2, 0x24, 0xB9,
    0x40, 0x6C, 0x62, 0x92, 0x44, 0x96, 0x62, 0x1B, 0xA1, 0x69, 0xEB, 0x26, 0x2F, 0xAB, 0xBA, 0x2B,
    0xC4, 0xC7, 0x35, 0x16, 0x93, 0x3F, 0x42, 0x8A, 0x0C, 0x87, 0xF4, 0x0D, 0x3B, 0xCA, 0x1C, 0x61,
    0xA8, 0x89, 0xB2, 0xD0, 0x85, 0xC1, 0x0D, 0x66, 0x52, 0xF4, 0x07, 0x54, 0xDC, 0x0B, 0x3C, 0x8E,
    0xB3, 0x71, 0x18, 0xF4, 0x33, 0x6A, 0x60, 0x86, 0x4C, 0x13, 0x26, 0x2F, 0x11, 0x30, 0xF5, 0x41,
    0xAE, 0xA4, 0xCA, 0x4D, 0xA9, 0x60, 0xD5, 0x0B, 0x8A, 0xF7, 0xE2, 0x38, 0x0D, 0x03, 0x0A, 0x1E,
    0x20, 0x1B, 0x9A, 0x5C, 0x58, 0x10, 0x96, 0x26, 0xEB, 0x0F, 0x0C, 0xD6, 0x34, 0x98, 0xE4, 0xC6,
    0x6B, 0xFF, 0xC0, 0x78, 0xBB, 0x0C, 0xB3, 0x68, 0x42, 0xAE, 0x52, 0x42, 0x83, 0xB2, 0x1A, 0xC0,
    0xA2, 0x9C, 0x2D, 0x63, 0xBA, 0xD7, 0xBE, 0x09, 0xC4, 0xE5, 0xA9, 0x6D, 0xE7, 0x5A, 0x8F, 0x17,
    0x2E, 0xD0, 0x72, 0xF2, 0x18, 0x85, 0x34, 0x52, 0xAA, 0xA8, 0x0F, 0xDE, 0xDE, 0xC0, 0xEA, 0x04,
    0xCE, 0x84, 0x29, 0x85, 0xF3, 0x2F, 0x1C, 0x71, 0x82, 0x6E, 0x7D, 0x27, 0x41, 0x9E, 0x7F, 0xC4,
    0x5A, 0xBF, 0x62, 0xAA, 0x64, 0x4F, 0x91, 0xD7, 0xEE, 0xA0, 0xD8, 0xE3, 0x53, 0x25, 0x5B, 0x0A,
    0xF1, 0x65, 0xF9, 0xEB, 0x33, 0x7F, 0x9E, 0xEE, 0x1A, 0x36, 0xED, 0x46, 0xA3, 0xA1, 0x0A, 0x8C,
    0x5D, 0x0F, 0xF9, 0x43, 0xF8, 0x3A, 0x4F, 0xD4, 0x29, 0x3C, 0x2A, 0x74, 0xD0, 0x22, 0xEA, 0xDA,
    0xCF, 0xD3, 0x54, 0x51, 0xA4, 0xA3, 0xFD, 0x3D, 0x4A, 0x87, 0x28, 0x7E, 0x0B, 0xDC, 0x93, 0x47,
    0xFB, 0x14, 0xC7, 0xF2, 0x16, 0xCE, 0xFC, 0x81, 0xCD, 0x01, 0xF2, 0x8A, 0x3A, 0x1E, 0x8F, 0xB9,
    0x4E, 0x57, 0x44, 0x9E, 0xC8, 0x28, 0xAB, 0x72, 0xF1, 0x22, 0xDE, 0xA5, 0x94, 0x8A, 0xDA, 0xE9,
    0x7B, 0xE1, 0x67, 0xE8, 0xB0, 0xC5, 0x27, 0x3C, 0xD1, 0xF1, 0x52, 0xF8, 0xEC, 0xF0, 0xD1, 0xEE,
    0x73, 0xFC, 0x95, 0x54, 0x75, 0xA6, 0x41, 0xBB, 0x87, 0x2E, 0x0D, 0x92, 0x3A, 0xCD, 0xE0, 0xDC,
    0x78, 0x33, 0x3A, 0xA8, 0x87, 0xF7, 0xBD, 0xA5, 0xF3, 0x0A, 0x7B, 0x0C, 0xA8, 0xB3, 0x16, 0xEB,
    0x82, 0x54, 0x5A, 0x03, 0xE5, 0x54, 0xD2, 0x35, 0x78, 0x64, 0x28, 0x2E, 0x8E, 0x94, 0x12, 0x3B,
    0x0C, 0xDE, 0x55, 0x9E, 0x34, 0x9B, 0xC5, 0x90, 0x21, 0x2F, 0x23, 0x31, 0x9B, 0x52, 0x17, 0xC6,
    0x26, 0x4B, 0xF4, 0xD9, 0xF4, 0xE8, 0xA7, 0xE8, 0x1A, 0x77, 0xB7, 0x39, 0x55, 0x58, 0x7B, 0xC0,
    0x48, 0xC9, 0x88, 0xB6, 0x39, 0x39, 0x53, 0xCA, 0xCE, 0xA6, 0x02, 0x40, 0x46, 0x96, 0xCD, 0x95,
    0xAE, 0x94, 0xF9, 0x05, 0x5F, 0xBD, 0xBE, 0xFD, 0xD3, 0x7C, 0x72, 0xA5, 0x39, 0xB7, 0x51, 0x6D,
    0x5E, 0x99, 0x4F, 0xFC, 0xF6, 0xFC, 0x8B, 0x7D, 0x14, 0xE0, 0x3F, 0x3D, 0x51, 0xCF, 0x6B, 0xD4,
    0x40, 0x14, 0xFE, 0x32, 0xC9, 0x36, 0xE9, 0xB2, 0xAB, 0x59, 0x49, 0xAD, 0x4A, 0x4B, 0x17, 0x5C,
    0x4A, 0x62, 0x8B, 0xCC, 0x96, 0x75, 0xC5, 0xF5, 0xF2, 0xF6, 0xE0, 0x3D, 0x20, 0xDE, 0xD7, 0x83,
    0x08, 0x1E, 0x24, 0x88, 0xB0, 0xD0, 0xD3, 0xF3, 0xE2, 0x39, 0xF4, 0x2F, 0x08, 0xF6, 0xD0, 0xEB,
    0xD6, 0x83, 0x07, 0x4F, 0x0F, 0xFC, 0x07, 0xA6, 0x1E, 0x7B, 0x8A, 0xFE, 0x25, 0xBE, 0xC9, 0x82,
    0xBC, 0x21, 0x33, 0x5F, 0xF2, 0xE6, 0xFB, 0xF1, 0x12, 0xA0, 0x90, 0xCA, 0x35, 0xAE, 0x75, 0x7F,
    0x64, 0x8D, 0x08, 0xC8, 0x60, 0xED, 0xAA, 0x5C, 0x01, 0x68, 0x8D, 0x4B, 0x64, 0xEE, 0xF6, 0x5D,
    0xCC, 0x8A, 0xF0, 0xC4, 0x8D, 0xB1, 0x80, 0x91, 0x2F, 0x72, 0x45, 0x11, 0x02, 0x1C, 0xCA, 0x8C,
    0xCE, 0xE9, 0x5A, 0xBE, 0xC9, 0x5A, 0x31, 0xB0, 0x68, 0x53, 0x36, 0x64, 0x30, 0xC0, 0x44, 0x51,
    0x80, 0xC2, 0xCD, 0xDC, 0x11, 0xAD, 0xF9, 0x46, 0x7E, 0xB0, 0xEF, 0x2F, 0xC4, 0x3A, 0xEB, 0x9E,
    0x8A, 0xE1, 0xF7, 0x2A, 0x02, 0x24, 0x5A, 0x1F, 0x39, 0xF1, 0x9A, 0xF8, 0xA0, 0x0A, 0x6F, 0x68,
    0xBB, 0xC7, 0x74, 0x80, 0x19, 0x2C, 0x2A, 0x2D, 0x8B, 0xBC, 0xFB, 0xBE, 0x83, 0x90, 0x0C, 0x1B,
    0x0E, 0x39, 0x44, 0x1F, 0xA7, 0x48, 0xF5, 0xDD, 0x33, 0xB1, 0xF2, 0x96, 0x2F, 0x68, 0xC9, 0xA0,
    0xE1, 0x26, 0xB7, 0xB3, 0xCA, 0x56, 0xB6, 0x59, 0xA8, 0x16, 0x28, 0x96, 0x98, 0x43, 0x0A, 0x11,
    0xE3, 0x48, 0x59, 0x03, 0x1A, 0x36, 0xD1, 0x06, 0xCE, 0x50, 0x82, 0x85, 0x74, 0x78, 0x13, 0x55,
    0x86, 0x03, 0x97, 0x36, 0x73, 0xF1, 0xFD, 0x46, 0x76, 0xE4, 0xBE, 0xAC, 0xDD, 0x7E, 0xBD, 0xCD,
    0x7A, 0x67, 0x13, 0xE1, 0x11, 0xA3, 0x1D, 0xB7, 0x73, 0xE9, 0x75, 0x59, 0x2D, 0xFD, 0xC4, 0x5F,
    0xFE, 0xCD, 0xDD, 0x8C, 0x70, 0x2E, 0xC4, 0x06, 0xBB, 0x9A, 0xC0, 0xA2, 0xE3, 0xAB, 0x0E, 0xEC,
    0x5D, 0x29, 0x9C, 0x6D, 0x5E, 0xB8, 0x9E, 0x76, 0xCC, 0xF9, 0x5A, 0xBE, 0xCB, 0x4B, 0xF5, 0x70,
    0xDB, 0x79, 0x35, 0x5A, 0x27, 0x8D, 0x7F, 0xEA, 0x1C, 0x1B, 0x60, 0xAF, 0xDC, 0xEE, 0xA6, 0xCB,
    0x5A, 0xA1, 0xD1, 0xF2, 0x69, 0xA3, 0x6E, 0x2E, 0x7D, 0xF5, 0x1D, 0xC2, 0xBB, 0x1F, 0x6A, 0xFE,
    0x5A, 0xF9, 0x1F, 0xF8, 0xAC, 0xF2, 0x89, 0x33, 0xEA, 0x61, 0x22, 0x67, 0xF4, 0x19, 0x53, 0x55,
    0xF7, 0x67, 0x5B, 0xAF, 0x64, 0xCA, 0x7B, 0x48, 0x69, 0xC0, 0x7D, 0xBD, 0xF9, 0x18, 0x4B, 0xED,
    0xB9, 0xA7, 0xD3, 0x3A, 0xA6, 0x0B, 0x9D, 0x73, 0xA6, 0xFF, 0x63, 0x97, 0x1E, 0xD6, 0xDA, 0xA9,
    0x95, 0x96, 0x1E, 0x27, 0x65, 0xC6, 0xC7, 0x78, 0x8E, 0x33, 0x4E, 0x29, 0x1B, 0x24, 0xD9, 0xD8,
    0xDA, 0x6C, 0xF4, 0x0A, 0xC5, 0x25, 0x26, 0xBF, 0x60, 0x75, 0x7D, 0x45, 0xBA, 0xC4, 0x88, 0x8A,
    0xFF, 0xB7, 0x46, 0x94, 0xD7, 0x93, 0xDA, 0xAA, 0xD2, 0x3B, 0xF5, 0x53, 0xAA, 0xF2, 0x94, 0x72,
    0xF5, 0xF7, 0x5A, 0xF9, 0xA3, 0xC3, 0xDC, 0x13, 0xFC, 0x03, 0x35, 0x93, 0x4F, 0x68, 0x1C, 0x55,
    0x1C, 0xC7, 0x3F, 0x33, 0x93, 0xEC, 0x6C, 0xF6, 0xED, 0x4C, 0x84, 0x06, 0x0F, 0xC9, 0xD6, 0x2C,
    0x1A, 0x6B, 0x4C, 0x37, 0xD9, 0x55, 0x86, 0xB2, 0x60, 0x8A, 0x23, 0x16, 0x22, 0x28, 0xB2, 0x14,
    0x8A, 0xF5, 0xE6, 0xA1, 0x88, 0xA2, 0xE2, 0xA4, 0xF4, 0x20, 0x58, 0xD3, 0x57, 0x73, 0x53, 0x84,
    0xF5, 0xD0, 0x63, 0x25, 0x88, 0xD4, 0x34, 0x14, 0xBA, 0x87, 0x0A, 0xB1, 0xB6, 0xCD, 0x6B, 0xA3,
    0x55, 0xC8, 0x65, 0xA2, 0x5E, 0x44, 0x0F, 0xA3, 0x44, 0xB1, 0xA9, 0xB4, 0x7B, 0xC8, 0x21, 0x2D,
    0x6D, 0xE2, 0xEF, 0x4D, 0xDA, 0xE1, 0xBD, 0xC7, 0xC2, 0x7E, 0xF9, 0xFD, 0x7E, 0xDF, 0x3F, 0x3F,
    0x77, 0x91, 0xA0, 0xC2, 0x28, 0x44, 0x87, 0xE2, 0xE4, 0x1B, 0xD3, 0x48, 0x74, 0x73, 0x8E, 0xDE,
    0xBF, 0xC1, 0xE0, 0x18, 0xED, 0xDF, 0x8C, 0x91, 0xEF, 0x30, 0xCE, 0x6D, 0xD4, 0xA7, 0x71, 0xE5,
    0x14, 0xF2, 0xEF, 0xF4, 0x1B, 0x1C, 0xAD, 0x72, 0xF4, 0x11, 0xF6, 0x1D, 0x60, 0xF8, 0x3F, 0x0A,
    0x29, 0x45, 0x6D, 0x51, 0xBC, 0x1F, 0x7B, 0x1F, 0xA7, 0x21, 0xA6, 0x06, 0xCD, 0x2F, 0xE3, 0xE8,
    0xA2, 0x4E, 0x3A, 0x24, 0x19, 0x0D, 0xC3, 0xFE, 0xEB, 0xA8, 0x7B, 0x16, 0xE2, 0x2E, 0xCC, 0x91,
    0xCE, 0x39, 0xA6, 0xE5, 0x1A, 0x5C, 0x8D, 0xB7, 0x8E, 0x17, 0x33, 0xD4, 0x42, 0xB5, 0x08, 0xE1,
    0x84, 0xD4, 0xD9, 0xAB, 0x49, 0x53, 0x57, 0x6B, 0xF9, 0x57, 0x8E, 0xFA, 0x17, 0x41, 0x16, 0x7E,
    0xB5, 0x30, 0xF5, 0x79, 0x3C, 0xB6, 0x95, 0x37, 0x62, 0x44, 0x6E, 0x95, 0x89, 0x99, 0x25, 0xC2,
    0x97, 0x97, 0xE3, 0x50, 0xF9, 0x54, 0x42, 0x9F, 0x5A, 0x50, 0xA2, 0x59, 0x0B, 0x89, 0x26, 0x03,
    0x1A, 0x97, 0xFA, 0x35, 0x52, 0xCE, 0xB1, 0x4D, 0xDB, 0x67, 0xE9, 0x8E, 0xD0, 0x6D, 0x38, 0xC7,
    0x1A, 0x6A, 0x6B, 0xD1, 0xAB, 0xB4, 0x86, 0xCF, 0x6F, 0x16, 0x42, 0xD3, 0xE7, 0x9B, 0xB2, 0xA7,
    0xEB, 0x5E, 0x5C, 0x38, 0x2B, 0xC0, 0x9F, 0x2D, 0xE3, 0x54, 0xDA, 0xA5, 0x78, 0x27, 0x7F, 0xC0,
    0x9B, 0xFA, 0x22, 0xF6, 0x6F, 0x8C, 0xE3, 0x8B, 0x38, 0x4A, 0xAE, 0x94, 0x95, 0xF9, 0x26, 0xD8,
    0x61, 0x21, 0xB2, 0xAC, 0xA6, 0x82, 0xCF, 0x04, 0xFF, 0xD7, 0x2D, 0xEF, 0xEA, 0xB2, 0xEF, 0xFD,
    0x3E, 0x15, 0x7B, 0xEF, 0xBA, 0x99, 0x1F, 0x70, 0x5C, 0xF5, 0xF7, 0x04, 0xA1, 0x2A, 0x97, 0x4F,
    0xCC, 0xAE, 0x5C, 0xB0, 0xF8, 0xC1, 0x76, 0x75, 0x4C, 0x2B, 0x3A, 0x81, 0x54, 0xEA, 0x96, 0xF1,
    0xDD, 0xCE, 0x88, 0x3C, 0x51, 0x83, 0xFA, 0xED, 0xAD, 0x3B, 0x78, 0x2F, 0x45, 0x06, 0xEF, 0xC8,
    0xBE, 0x18, 0xAF, 0xF3, 0x1C, 0x78, 0xE9, 0x7E, 0x79, 0xCC, 0xA4, 0xC8, 0xB1, 0x59, 0x4B, 0xC2,
    0x5A, 0xA2, 0x6A, 0xD3, 0x2B, 0xF9, 0xB9, 0x5E, 0x9B, 0x36, 0xA3, 0xD3, 0x26, 0x9A, 0xDE, 0xCE,
    0xE8, 0x8D, 0xF1, 0x35, 0xEF, 0xB4, 0x65, 0x3E, 0xF7, 0x3C, 0x61, 0x28, 0xE4, 0x69, 0x96, 0x39,
    0x56, 0x21, 0x99, 0x24, 0x3A, 0xC7, 0xF3, 0x13, 0xD6, 0xB9, 0xA5, 0x5C, 0x74, 0x26, 0x70, 0xAE,
    0x19, 0xCF, 0x89, 0x4B, 0xF0, 0x58, 0x8B, 0xDD, 0x30, 0xD3, 0x46, 0x4C, 0xAA, 0x40, 0xD0, 0x83,
    0xBF, 0x99, 0x53, 0x9A, 0x7F, 0x9B, 0x6E, 0x44, 0x6A, 0x9C, 0x65, 0xDC, 0x3F, 0x18, 0xDE, 0xCE,
    0xBC, 0xD3, 0x78, 0xAF, 0xE2, 0x2B, 0x94, 0x68, 0x74, 0x32, 0x2B, 0x2D, 0xB4, 0x47, 0x13, 0x53,
    0xED, 0x68, 0x24, 0x1C, 0x1B, 0x94, 0xC4, 0xBF, 0x4D, 0x86, 0x0C, 0xBB, 0xB4, 0xF5, 0xA6, 0x9E,
    0xEE, 0x18, 0xD3, 0x2B, 0xF7, 0x3D, 0xE8, 0x11, 0x46, 0x24, 0x09, 0xA4, 0x91, 0x24, 0x29, 0x12,
    0xA1, 0x22, 0x11, 0x4A, 0xAE, 0x7E, 0xF6, 0xAD, 0x5D, 0xF1, 0x99, 0xF2, 0x6B, 0xCE, 0x4A, 0x79,
    0x74, 0xA1, 0xFF, 0x2B, 0x28, 0x93, 0xCF, 0x61, 0x13, 0xF8, 0x11, 0xFC, 0x02, 0xCB, 0xF9, 0xFB,
    0x0F, 0x2C, 0xC2, 0x07, 0xF4, 0x34, 0x09, 0x2E, 0xF1, 0xD4, 0x67, 0x1C, 0x54, 0x58, 0xAA, 0x1E,
    0xEE, 0x27, 0x70, 0x24, 0x77, 0x60, 0x35, 0x53, 0x77, 0x37, 0x1D, 0xD3, 0x51, 0xEB, 0x1B, 0x92,
    0x3B, 0x89, 0x92, 0x8F, 0xE8, 0x4B, 0x3F, 0xD4, 0x1F, 0xE4, 0xB1, 0xED, 0xFE, 0x76, 0x41, 0x15,
    0x1B, 0xBB, 0x8B, 0x4C, 0x16, 0x69, 0x0E, 0x10, 0xED, 0xDD, 0x88, 0x9E, 0x31, 0xCD, 0xC7, 0x4D,
    0xED, 0x09, 0xAD, 0xB6, 0x63, 0x76, 0x60, 0xAE, 0x44, 0x4B, 0x13, 0x6A, 0xF6, 0x98, 0xD2, 0x77,
    0x37, 0xB8, 0x9A, 0x16, 0x4E, 0xAD, 0x0D, 0x1D, 0x5A, 0xEB, 0x23, 0x2B, 0xD3, 0x9D, 0x11, 0x96,
    0x33, 0xB8, 0xD7, 0x8C, 0xFB, 0x82, 0x30, 0x36, 0x83, 0x4B, 0x6D, 0xE7, 0x1E, 0xF5, 0xBB, 0x5A,
    0x44, 0xB4, 0x0A, 0x16, 0x1E, 0xE4, 0x3A, 0x6F, 0xA7, 0xDD, 0x9F, 0x32, 0x55, 0x6C, 0xDB, 0x76,
    0x03, 0x34, 0xAB, 0x44, 0xF9, 0x91, 0x1F, 0xE3, 0x07, 0x51, 0xF7, 0xED, 0x4A, 0xD9, 0x6E, 0x7D,
    0x48, 0x44, 0x54, 0x85, 0xFA, 0x15, 0x1D, 0x8C, 0x52, 0x8E, 0xA8, 0x34, 0xA8, 0x25, 0x34, 0x3B,
    0x44, 0x73, 0x34, 0xBE, 0xB5, 0x18, 0xE7, 0x32, 0xCA, 0x8F, 0x03, 0xD7, 0xEE, 0x84, 0x92, 0x58,
    0x74, 0xE1, 0x38, 0xE2, 0xDB, 0x9B, 0xA7, 0x39, 0x73, 0x8E, 0x0F, 0x33, 0x9E, 0xCE, 0x4B, 0x95,
    0x16, 0x2C, 0x81, 0xE1, 0x6D, 0xDD, 0xF8, 0x53, 0x57, 0x57, 0xE3, 0x7C, 0x65, 0xF3, 0xAD, 0xCA,
    0x2D, 0x19, 0x4E, 0x05, 0x10, 0x23, 0x26, 0x34, 0x19, 0xBC, 0x22, 0x76, 0xF0, 0x68, 0xCA, 0x64,
    0x3E, 0x76, 0x98, 0x0B, 0xE5, 0x4A, 0xD8, 0xE7, 0x21, 0xCB, 0x77, 0x7D, 0x0D, 0xF5, 0x3D, 0x9E,
    0xBC, 0x2F, 0x6A, 0xDF, 0xB1, 0xA7, 0xE4, 0x51, 0x9F, 0x67, 0x1C, 0x66, 0xE1, 0xEB, 0xCB, 0x8C,
    0x4D, 0xC5, 0xBD, 0x12, 0xA0, 0x83, 0x84, 0x77, 0x6C, 0x85, 0x57, 0xC4, 0x39, 0x09, 0xF2, 0xC6,
    0x43, 0xEE, 0xE2, 0x7B, 0x09, 0xE7, 0x56, 0xE6, 0x97, 0x93, 0xA0, 0x18, 0x55, 0x06, 0xA2, 0x5A,
    0x35, 0x6A, 0x36, 0x92, 0xA8, 0xD1, 0x49, 0xAA, 0x73, 0xAE, 0xCC, 0x99, 0x75, 0x48, 0x13, 0x4C,
    0x22, 0x2B, 0xA3, 0x6E, 0xC6, 0x32, 0xA1, 0x2F, 0xD1, 0x6D, 0xD9, 0x31, 0xAC, 0x59, 0x4F, 0x4A,
    0xD8, 0x71, 0xD7, 0x8D, 0x7A, 0x3D, 0x0E, 0x0E, 0x53, 0x39, 0x60, 0x23, 0x61, 0xD3, 0xF9, 0x70,
    0x4E, 0x9B, 0xE3, 0x3D, 0x14, 0x2E, 0xE2, 0xFE, 0xA8, 0xDD, 0x65, 0xE3, 0xCD, 0x6A, 0x6F, 0x0A,
    0xFF, 0x3E, 0x4A, 0xD2, 0xE9, 0x13, 0x2A, 0x82, 0x50, 0xB6, 0xC5, 0x72, 0x97, 0xEF, 0x7F, 0xCB,
    0x62, 0x08, 0x65, 0x00, 0x00, 0x9D, 0x90, 0x21, 0x4E, 0xC5, 0x40, 0x14, 0x45, 0xCF, 0xF0, 0x3F,
    0xF9, 0x49, 0x99, 0x16, 0x2C, 0x49, 0x83, 0x42, 0x8C, 0x18, 0x51, 0x31, 0xA2, 0x41, 0x90, 0xEE,
    0x80, 0x0D, 0x10, 0x14, 0xF8, 0x71, 0x28, 0x42, 0x59, 0x00, 0xC9, 0x37, 0x78, 0x04, 0x0B, 0x18,
    0x81, 0x25, 0x9D, 0x25, 0x74, 0x09, 0x5D, 0x08, 0x04, 0xDE, 0x9B, 0x1A, 0x1C, 0x09, 0x62, 0xDC,
    0xBB, 0x67, 0xCE, 0xBD, 0x30, 0xEC, 0xA9, 0xEE, 0x1D, 0xB6, 0x39, 0xC1, 0xD7, 0x30, 0x7D, 0x8F,
    0x84, 0x16, 0x3A, 0x07, 0x31, 0x40, 0x92, 0xB7, 0x44, 0x98, 0x13, 0x26, 0x2F, 0xF2, 0x66, 0x36,
    0x4F, 0x99, 0xDD, 0x66, 0xC4, 0x9D, 0x02, 0xE6, 0x8D, 0xCA, 0x63, 0xB7, 0x78, 0xC9, 0x7E, 0x12,
    0x3C, 0x5D, 0xAF, 0xC1, 0x14, 0x35, 0x36, 0x27, 0x93, 0x1F, 0x4C, 0x46, 0xAE, 0x77, 0xE0, 0xF4,
    0xFE, 0x85, 0xEA, 0x0C, 0x5B, 0xE3, 0x2D, 0xD3, 0xF5, 0xDF, 0xF7, 0x0C, 0xB7, 0x88, 0xE0, 0x0D,
    0x62, 0xB8, 0xA5, 0x28, 0x8A, 0xE3, 0x17, 0x92, 0xB4, 0x6A, 0xD9, 0xAA, 0xA6, 0x57, 0xCF, 0x5E,
    0x45, 0x83, 0x9A, 0x06, 0x55, 0xBD, 0x2C, 0xAE, 0x45, 0xB6, 0xD8, 0xAE, 0xBA, 0xC2, 0xBB, 0x53,
    0xDE, 0x95, 0xF2, 0x8E, 0x94, 0xD7, 0x28, 0xEF, 0xF9, 0xDF, 0x3C, 0xB3, 0x17, 0x9C, 0x84, 0xDA,
    0x7A, 0x95, 0xEB, 0x1F, 0x47, 0x2D, 0xA5, 0xAD, 0xD6, 0xFD, 0xE2, 0xAF, 0xFD, 0x94, 0x81, 0x96,
    0xD3, 0x76, 0x6B, 0xBD, 0x43, 0xC9, 0xF7, 0xBA, 0xB5, 0x7E, 0xEC, 0x69, 0xDE, 0xA7, 0xC1, 0x9D,
    0x07, 0x59, 0xB3, 0xE3, 0x78, 0x88, 0x1C, 0x2C, 0x49, 0x18, 0x0B, 0xAF, 0x71, 0xE6, 0x22, 0x7F,
    0x94, 0x06, 0x3F, 0x63, 0x60, 0x00, 0x02, 0x76, 0x07, 0x06, 0x06, 0xF9, 0x0B, 0x0C, 0x0C, 0x55,
    0x5B, 0x18, 0x18, 0x0F, 0xF1, 0x32, 0xB0, 0xDF, 0xF6, 0x76, 0x90, 0xFF, 0xEF, 0x7F, 0xC1, 0xFE,
    0x9F, 0xFE, 0x07, 0xF9, 0x3F, 0xFF, 0x2F, 0xB0, 0xFF, 0xFB, 0xEF, 0xC0, 0xF8, 0xF7, 0x2F, 0x03,
    0x43, 0xC9, 0x16, 0x88, 0x3A, 0x90, 0x7A, 0x20, 0x00, 0x00,
};

static const EpdGlyph notoserif_c15_italicGlyphs[] = {
    { 0, 0, 0, 0, 0, 0, 0 }, // U+0000
    { 0, 0, 62, 0, 0, 0, 0 }, // U+000D
    { 0, 0, 62, 0, 0, 0, 0 }, // U+0020
    { 5, 12, 80, 0, 11, 15, 0 }, // !
    { 6, 4, 98, 1, 11, 6, 15 }, // "
    { 9, 11, 134, 0, 11, 25, 21 }, // #
    { 8, 14, 134, 0, 12, 28, 46 }, // $
    { 13, 12, 215, 0, 11, 39, 74 }, // %
    { 12, 12, 178, 0, 11, 36, 113 }, // &
    { 3, 4, 53, 1, 11, 3, 149 }, // '
    { 7, 14, 83, 0, 12, 25, 152 }, // (
    { 6, 15, 83, -1, 12, 23, 177 }, // )
    { 8, 7, 120, 1, 12, 14, 200 }, // *
    { 8, 7, 134, 0, 9, 14, 214 }, // +
    { 4, 5, 60, -1, 2, 5, 228 }, // ,
    { 5, 2, 74, 0, 5, 3, 233 }, // -
    { 3, 3, 60, 0, 2, 3, 236 }, // .
    { 8, 14, 69, -2, 12, 28, 239 }, // /
    { 8, 12, 134, 0, 11, 24, 267 }, // 0
    { 7, 11, 110, -1, 11, 20, 291 }, // 1
    { 9, 11, 134, -1, 11, 25, 311 }, // 2
    { 9, 12, 134, -1, 11, 27, 336 }, // 3
    { 9, 11, 134, -1, 11, 25, 363 }, // 4
    { 8, 12, 134, 0, 11, 24, 388 }, // 5
    { 9, 12, 134, 0, 11, 27, 412 }, // 6
    { 8, 11, 134, 1, 11, 22, 439 }, // 7
    { 8, 12, 134, 0, 11, 24, 461 }, // 8
    { 8, 12, 134, 0, 11, 24, 485 }, // 9
    { 4, 10, 69, 0, 9, 10, 509 }, // :
    { 5, 12, 69, -1, 9, 15, 519 }, // ;
    { 8, 9, 134, 0, 10, 18, 534 }, // <
    { 8, 5, 134, 0, 8, 10, 552 }, // =
    { 8, 9, 134, 0, 10, 18, 562 }, // >
    { 7, 12, 120, 1, 11, 21, 580 }, // ?
    { 14, 14, 221, 0, 11, 49, 601 }, // @
    { 11, 11, 169, -1, 11, 31, 650 }, // A
    { 11, 11, 157, -1, 11, 31, 681 }, // B
    { 10, 12, 150, 0, 11, 30, 712 }, // C
    { 12, 11, 174, -1, 11, 33, 742 }, // D
    { 11, 11, 150, -1, 11, 31, 775 }, // E
    { 11, 11, 142, -1, 11, 31, 806 }, // F
    { 11, 12, 171, 0, 11, 33, 837 }, // G
    { 14, 11, 190, -1, 11, 39, 870 }, // H
    { 8, 11, 88, -1, 11, 22, 909 }, // I
    { 10, 15, 86, -3, 11, 38, 931 }, // J
    { 13, 11, 168, -1, 11, 36, 969 }, // K
    { 10, 11, 150, -1, 11, 28, 1005 }, // L
    { 16, 11, 225, -1, 11, 44, 1033 }, // M
    { 14, 11, 183, -1, 11, 39, 1077 }, // N
    { 11, 12, 178, 0, 11, 33, 1116 }, // O
    { 11, 11, 149, -1, 11, 31, 1149 }, // P
    { 11, 15, 178, 0, 11, 42, 1180 }, // Q
    { 11, 11, 159, -1, 11, 31, 1222 }, // R
    { 9, 12, 131, 0, 11, 27, 1253 }, // S
    { 10, 11, 147, 1, 11, 28, 1280 }, // T
    { 11, 12, 175, 1, 11, 33, 1308 }, // U
    { 11, 11, 162, 1, 11, 31, 1341 }, // V
    { 16, 11, 251, 1, 11, 44, 1372 }, // W
    { 12, 11, 158, -1, 11, 33, 1416 }, // X
    { 10, 11, 150, 1, 11, 28, 1449 }, // Y
    { 11, 11, 145, -1, 11, 31, 1477 }, // Z
    { 7, 14, 86, 0, 12, 25, 1508 }, // [
    { 3, 14, 69, 1, 12, 11, 1533 }, // <backslash>
    { 7, 14, 86, -1, 12, 25, 1544 }, // ]
    { 8, 8, 134, 0, 11, 16, 1569 }, // ^
    { 8, 2, 110, -2, -1, 4, 1585 }, // _
    { 3, 3, 67, 2, 12, 3, 1589 }, // `
    { 9, 10, 139, 0, 9, 23, 1592 }, // a
    { 8, 13, 135, 0, 12, 26, 1615 }, // b
    { 8, 10, 117, 0, 9, 20, 1641 }, // c
    { 9, 13, 139, 0, 12, 30, 1661 }, // d
    { 8, 10, 118, 0, 9, 20, 1691 }, // e
    { 11, 16, 76, -3, 12, 44, 1711 }, // f
    { 10, 13, 133, -1, 9, 33, 1755 }, // g
    { 9, 13, 144, 0, 12, 30, 1788 }, // h
    { 5, 13, 73, 0, 12, 17, 1818 }, // i
    { 8, 16, 70, -3, 12, 32, 1835 }, // j
    { 9, 13, 137, 0, 12, 30, 1867 }, // k
    { 4, 13, 73, 1, 12, 13, 1897 }, // l
    { 14, 10, 215, 0, 9, 35, 1910 }, // m
    { 9, 10, 144, 0, 9, 23, 1945 }, // n
    { 8, 10, 138, 0, 9, 20, 1968 }, // o
    { 10, 13, 138, -1, 9, 33, 1988 }, // p
    { 9, 13, 134, 0, 9, 30, 2021 }, // q
    { 8, 9, 112, 0, 9, 18, 2051 }, // r
    { 7, 10, 111, 0, 9, 18, 2069 }, // s
    { 5, 11, 88, 1, 10, 14, 2087 }, // t
    { 9, 10, 144, 0, 9, 23, 2101 }, // u
    { 8, 10, 129, 0, 9, 20, 2124 }, // v
    { 12, 10, 197, 0, 9, 30, 2144 }, // w
    { 10, 9, 131, -1, 9, 23, 2174 }, // x
    { 11, 13, 127, -3, 9, 36, 2197 }, // y
    { 9, 9, 123, -1, 9, 21, 2233 }, // z
    { 8, 14, 103, 0, 12, 28, 2254 }, // {
    { 2, 16, 134, 3, 12, 8, 2282 }, // |
    { 7, 14, 103, -1, 12, 25, 2290 }, // }
    { 8, 3, 134, 0, 7, 6, 2315 }, // ~
    { 0, 0, 62, 0, 0, 0, 0 }, // U+00A0
    { 4, 12, 80, 0, 9, 12, 0 }, // U+00A1
    { 7, 11, 134, 1, 11, 20, 12 }, // U+00A2
    { 10, 12, 134, -1, 11, 30, 32 }, // U+00A3
    { 7, 7, 134, 1, 9, 13, 62 }, // U+00A4
    { 9, 11, 134, 1, 11, 25, 75 }, // U+00A5
    { 2, 16, 134, 3, 12, 8, 100 }, // U+00A6
    { 8, 14, 131, 0, 12, 28, 108 }, // U+00A7
    { 5, 3, 138, 3, 12, 4, 136 }, // U+00A8
    { 12, 12, 203, 0, 11, 36, 140 }, // U+00A9
    { 7, 6, 94, 0, 11, 11, 176 }, // U+00AA
    { 8, 6, 123, 0, 7, 12, 187 }, // U+00AB
    { 8, 5, 134, 0, 6, 10, 199 }, // U+00AC
    { 5, 2, 74, 0, 5, 3, 209 }, // U+00AD
    { 12, 12, 203, 0, 11, 36, 212 }, // U+00AE
    { 8, 2, 110, 1, 13, 4, 248 }, // U+00AF
    { 6, 5, 96, 1, 11, 8, 252 }, // U+00B0
    { 8, 9, 134, 0, 9, 18, 260 }, // U+00B1
    { 7, 8, 96, 0, 13, 14, 278 }, // U+00B2
    { 6, 8, 96, 1, 13, 12, 292 }, // U+00B3
    { 4, 3, 63, 1, 12, 3, 304 }, // U+00B4
    { 10, 13, 145, -1, 9, 33, 307 }, // U+00B5
    { 9, 14, 148, 0, 12, 32, 340 }, // U+00B6
    { 3, 3, 69, 1, 7, 3, 372 }, // U+00B7
    { 5, 5, 80, 0, 1, 7, 375 }, // U+00B8
    { 5, 8, 96, 1, 13, 10, 382 }, // U+00B9
    { 6, 6, 95, 1, 11, 9, 392 }, // U+00BA
    { 7, 6, 123, 0, 7, 11, 401 }, // U+00BB
    { 12, 13, 209, 1, 12, 39, 412 }, // U+00BC
    { 12, 13, 209, 1, 12, 39, 451 }, // U+00BD
    { 12, 13, 209, 1, 12, 39, 490 }, // U+00BE
    { 6, 12, 120, 0, 9, 18, 529 }, // U+00BF
    { 11, 14, 169, -1, 14, 39, 547 }, // U+00C0
    { 11, 14, 169, -1, 14, 39, 586 }, // U+00C1
    { 11, 14, 169, -1, 14, 39, 625 }, // U+00C2
    { 11, 14, 169, -1, 14, 39, 664 }, // U+00C3
    { 11, 14, 169, -1, 14, 39, 703 }, // U+00C4
    { 11, 14, 169, -1, 14, 39, 742 }, // U+00C5
    { 16, 11, 228, -1, 11, 44, 781 }, // U+00C6
    { 10, 15, 150, 0, 11, 38, 825 }, // U+00C7
    { 11, 14, 150, -1, 14, 39, 863 }, // U+00C8
    { 11, 14, 150, -1, 14, 39, 902 }, // U+00C9
    { 11, 14, 150, -1, 14, 39, 941 }, // U+00CA
    { 11, 14, 150, -1, 14, 39, 980 }, // U+00CB
    { 8, 14, 88, -1, 14, 28, 1019 }, // U+00CC
    { 8, 14, 88, -1, 14, 28, 1047 }, // U+00CD
    { 8, 14, 88, -1, 14, 28, 1075 }, // U+00CE
    { 8, 14, 88, -1, 14, 28, 1103 }, // U+00CF
    { 12, 11, 174, -1, 11, 33, 1131 }, // U+00D0
    { 14, 14, 183, -1, 14, 49, 1164 }, // U+00D1
    { 11, 15, 178, 0, 14, 42, 1213 }, // U+00D2
    { 11, 15, 178, 0, 14, 42, 1255 }, // U+00D3
    { 11, 15, 178, 0, 14, 42, 1297 }, // U+00D4
    { 11, 15, 178, 0, 14, 42, 1339 }, // U+00D5
    { 11, 15, 178, 0, 14, 42, 1381 }, // U+00D6
    { 7, 7, 134, 1, 9, 13, 1423 }, // U+00D7
    { 11, 13, 178, 0, 12, 36, 1436 }, // U+00D8
    { 11, 15, 175, 1, 14, 42, 1472 }, // U+00D9
    { 11, 15, 175, 1, 14, 42, 1514 }, // U+00DA
    { 11, 15, 175, 1, 14, 42, 1556 }, // U+00DB
    { 11, 15, 175, 1, 14, 42, 1598 }, // U+00DC
    { 10, 14, 150, 1, 14, 35, 1640 }, // U+00DD
    { 10, 11, 145, -1, 11, 28, 1675 }, // U+00DE
    { 12, 16, 150, -3, 12, 48, 1703 }, // U+00DF
    { 9, 13, 139, 0, 12, 30, 1751 }, // U+00E0
    { 9, 13, 139, 0, 12, 30, 1781 }, // U+00E1
    { 9, 13, 139, 0, 12, 30, 1811 }, // U+00E2
    { 9, 13, 139, 0, 12, 30, 1841 }, // U+00E3
    { 9, 13, 139, 0, 12, 30, 1871 }, // U+00E4
    { 9, 14, 139, 0, 13, 32, 1901 }, // U+00E5
    { 12, 10, 195, 0, 9, 30, 1933 }, // U+00E6
    { 8, 13, 117, 0, 9, 26, 1963 }, // U+00E7
    { 8, 13, 118, 0, 12, 26, 1989 }, // U+00E8
    { 8, 13, 118, 0, 12, 26, 2015 }, // U+00E9
    { 8, 13, 118, 0, 12, 26, 2041 }, // U+00EA
    { 8, 13, 118, 0, 12, 26, 2067 }, // U+00EB
    { 5, 13, 73, 0, 12, 17, 2093 }, // U+00EC
    { 6, 13, 73, 0, 12, 20, 2110 }, // U+00ED
    { 5, 13, 73, 0, 12, 17, 2130 }, // U+00EE
    { 6, 13, 73, 0, 12, 20, 2147 }, // U+00EF
    { 8, 13, 138, 0, 12, 26, 2167 }, // U+00F0
    { 9, 13, 144, 0, 12, 30, 2193 }, // U+00F1
    { 8, 13, 138, 0, 12, 26, 2223 }, // U+00F2
    { 8, 13, 138, 0, 12, 26, 2249 }, // U+00F3
    { 8, 13, 138, 0, 12, 26, 2275 }, // U+00F4
    { 9, 13, 138, 0, 12, 30, 2301 }, // U+00F5
    { 8, 13, 138, 0, 12, 26, 2331 }, // U+00F6
    { 8, 9, 134, 0, 10, 18, 2357 }, // U+00F7
    { 9, 10, 138, 0, 9, 23, 2375 }, // U+00F8
    { 9, 13, 144, 0, 12, 30, 2398 }, // U+00F9
    { 9, 13, 144, 0, 12, 30, 2428 }, // U+00FA
    { 9, 13, 144, 0, 12, 30, 2458 }, // U+00FB
    { 9, 13, 144, 0, 12, 30, 2488 }, // U+00FC
    { 11, 16, 127, -3, 12, 44, 2518 }, // U+00FD
    { 9, 16, 135, -1, 12, 36, 2562 }, // U+00FE
    { 11, 16, 127, -3, 12, 44, 2598 }, // U+00FF
    { 11, 12, 169, -1, 12, 33, 0 }, // U+0100
    { 9, 11, 139, 0, 10, 25, 33 }, // U+0101
    { 11, 14, 169, -1, 14, 39, 58 }, // U+0102
    { 9, 13, 139, 0, 12, 30, 97 }, // U+0103
    { 11, 15, 169, -1, 11, 42, 127 }, // U+0104
    { 9, 13, 139, 0, 9, 30, 169 }, // U+0105
    { 10, 15, 150, 0, 14, 38, 199 }, // U+0106
    { 8, 13, 117, 0, 12, 26, 237 }, // U+0107
    { 10, 15, 150, 0, 14, 38, 263 }, // U+0108
    { 8, 13, 117, 0, 12, 26, 301 }, // U+0109
    { 10, 15, 150, 0, 14, 38, 327 }, // U+010A
    { 8, 13, 117, 0, 12, 26, 365 }, // U+010B
    { 11, 15, 150, 0, 14, 42, 391 }, // U+010C
    { 9, 13, 117, 0, 12, 30, 433 }, // U+010D
    { 12, 14, 174, -1, 14, 42, 463 }, // U+010E
    { 12, 13, 139, 0, 12, 39, 505 }, // U+010F
    { 12, 11, 174, -1, 11, 33, 544 }, // U+0110
    { 10, 13, 139, 0, 12, 33, 577 }, // U+0111
    { 11, 12, 150, -1, 12, 33, 610 }, // U+0112
    { 8, 11, 118, 0, 10, 22, 643 }, // U+0113
    { 11, 14, 150, -1, 14, 39, 665 }, // U+0114
    { 8, 13, 118, 0, 12, 26, 704 }, // U+0115
    { 11, 14, 150, -1, 14, 39, 730 }, // U+0116
    { 8, 13, 118, 0, 12, 26, 769 }, // U+0117
    { 11, 15, 150, -1, 11, 42, 795 }, // U+0118
    { 8, 13, 118, 0, 9, 26, 837 }, // U+0119
    { 11, 14, 150, -1, 14, 39, 863 }, // U+011A
    { 9, 13, 118, 0, 12, 30, 902 }, // U+011B
    { 11, 15, 171, 0, 14, 42, 932 }, // U+011C
    { 10, 16, 133, -1, 12, 40, 974 }, // U+011D
    { 11, 15, 171, 0, 14, 42, 1014 }, // U+011E
    { 10, 16, 133, -1, 12, 40, 1056 }, // U+011F
    { 11, 15, 171, 0, 14, 42, 1096 }, // U+0120
    { 10, 16, 133, -1, 12, 40, 1138 }, // U+0121
    { 11, 15, 171, 0, 11, 42, 1178 }, // U+0122
    { 10, 16, 133, -1, 12, 40, 1220 }, // U+0123
    { 14, 14, 190, -1, 14, 49, 1260 }, // U+0124
    { 9, 16, 144, 0, 15, 36, 1309 }, // U+0125
    { 14, 11, 190, -1, 11, 39, 1345 }, // U+0126
    { 9, 13, 144, 0, 12, 30, 1384 }, // U+0127
    { 9, 14, 88, -1, 14, 32, 1414 }, // U+0128
    { 6, 13, 73, 0, 12, 20, 1446 }, // U+0129
    { 8, 12, 88, -1, 12, 24, 1466 }, // U+012A
    { 6, 11, 73, 0, 10, 17, 1490 }, // U+012B
    { 8, 14, 88, -1, 14, 28, 1507 }, // U+012C
    { 6, 13, 73, 0, 12, 20, 1535 }, // U+012D
    { 8, 15, 88, -1, 11, 30, 1555 }, // U+012E
    { 5, 16, 73, 0, 12, 20, 1585 }, // U+012F
    { 8, 14, 88, -1, 14, 28, 1605 }, // U+0130
    { 5, 10, 73, 0, 9, 13, 1633 }, // U+0131
    { 13, 15, 174, -1, 11, 49, 1646 }, // U+0132
    { 9, 16, 143, 0, 12, 36, 1695 }, // U+0133
    { 10, 18, 86, -3, 14, 45, 1731 }, // U+0134
    { 8, 16, 70, -3, 12, 32, 1776 }, // U+0135
    { 13, 15, 168, -1, 11, 49, 1808 }, // U+0136
    { 9, 16, 137, 0, 12, 36, 1857 }, // U+0137
    { 9, 10, 137, 0, 9, 23, 1893 }, // U+0138
    { 10, 14, 150, -1, 14, 35, 1916 }, // U+0139
    { 6, 16, 73, 1, 15, 24, 1951 }, // U+013A
    { 10, 15, 150, -1, 11, 38, 1975 }, // U+013B
    { 6, 16, 73, -1, 12, 24, 2013 }, // U+013C
    { 10, 11, 150, -1, 11, 28, 2037 }, // U+013D
    { 7, 13, 73, 1, 12, 23, 2065 }, // U+013E
    { 10, 11, 150, -1, 11, 28, 2088 }, // U+013F
    { 6, 13, 95, 1, 12, 20, 2116 }, // U+0140
    { 10, 11, 150, -1, 11, 28, 2136 }, // U+0141
    { 5, 13, 78, 0, 12, 17, 2164 }, // U+0142
    { 14, 14, 183, -1, 14, 49, 2181 }, // U+0143
    { 9, 13, 144, 0, 12, 30, 2230 }, // U+0144
    { 14, 15, 183, -1, 11, 53, 2260 }, // U+0145
    { 9, 13, 144, 0, 9, 30, 2313 }, // U+0146
    { 14, 14, 183, -1, 14, 49, 2343 }, // U+0147
    { 9, 13, 144, 0, 12, 30, 2392 }, // U+0148
    { 12, 12, 185, 0, 11, 36, 2422 }, // U+0149
    { 14, 15, 183, -1, 11, 53, 2458 }, // U+014A
    { 8, 13, 135, 0, 9, 26, 2511 }, // U+014B
    { 11, 13, 178, 0, 12, 36, 2537 }, // U+014C
    { 8, 11, 138, 0, 10, 22, 2573 }, // U+014D
    { 11, 15, 178, 0, 14, 42, 2595 }, // U+014E
    { 8, 13, 138, 0, 12, 26, 2637 }, // U+014F
    { 12, 15, 178, 0, 14, 45, 2663 }, // U+0150
    { 10, 13, 138, 0, 12, 33, 2708 }, // U+0151
    { 15, 12, 231, 0, 11, 45, 2741 }, // U+0152
    { 13, 10, 207, 0, 9, 33, 2786 }, // U+0153
    { 11, 14, 159, -1, 14, 39, 2819 }, // U+0154
    { 8, 12, 112, 0, 12, 24, 2858 }, // U+0155
    { 11, 15, 159, -1, 11, 42, 2882 }, // U+0156
    { 9, 13, 112, -1, 9, 30, 2924 }, // U+0157
    { 11, 14, 159, -1, 14, 39, 2954 }, // U+0158
    { 8, 12, 112, 0, 12, 24, 2993 }, // U+0159
    { 9, 15, 131, 0, 14, 34, 3017 }, // U+015A
    { 8, 13, 111, 0, 12, 26, 3051 }, // U+015B
    { 9, 15, 131, 0, 14, 34, 3077 }, // U+015C
    { 7, 13, 111, 0, 12, 23, 3111 }, // U+015D
    { 9, 15, 131, 0, 11, 34, 3134 }, // U+015E
    { 7, 13, 111, 0, 9, 23, 3168 }, // U+015F
    { 10, 15, 131, 0, 14, 38, 3191 }, // U+0160
    { 8, 13, 111, 0, 12, 26, 3229 }, // U+0161
    { 10, 15, 147, 1, 11, 38, 3255 }, // U+0162
    { 6, 14, 88, 0, 10, 21, 3293 }, // U+0163
    { 10, 14, 147, 1, 14, 35, 3314 }, // U+0164
    { 7, 13, 88, 1, 12, 23, 3349 }, // U+0165
    { 10, 11, 147, 1, 11, 28, 3372 }, // U+0166
    { 6, 11, 88, 0, 10, 17, 3400 }, // U+0167
    { 11, 15, 175, 1, 14, 42, 3417 }, // U+0168
    { 9, 13, 144, 0, 12, 30, 3459 }, // U+0169
    { 11, 13, 175, 1, 12, 36, 3489 }, // U+016A
    { 9, 11, 144, 0, 10, 25, 3525 }, // U+016B
    { 11, 15, 175, 1, 14, 42, 3550 }, // U+016C
    { 9, 13, 144, 0, 12, 30, 3592 }, // U+016D
    { 11, 16, 175, 1, 15, 44, 3622 }, // U+016E
    { 9, 14, 144, 0, 13, 32, 3666 }, // U+016F
    { 11, 15, 175, 1, 14, 42, 3698 }, // U+0170
    { 10, 13, 144, 0, 12, 33, 3740 }, // U+0171
    { 11, 15, 175, 1, 11, 42, 3773 }, // U+0172
    { 9, 13, 144, 0, 9, 30, 3815 }, // U+0173
    { 16, 14, 251, 1, 14, 56, 3845 }, // U+0174
    { 12, 13, 197, 0, 12, 39, 3901 }, // U+0175
    { 10, 14, 150, 1, 14, 35, 3940 }, // U+0176
    { 11, 16, 127, -3, 12, 44, 3975 }, // U+0177
    { 10, 14, 150, 1, 14, 35, 4019 }, // U+0178
    { 11, 14, 145, -1, 14, 39, 4054 }, // U+0179
    { 9, 12, 123, -1, 12, 27, 4093 }, // U+017A
    { 11, 14, 145, -1, 14, 39, 4120 }, // U+017B
    { 9, 12, 123, -1, 12, 27, 4159 }, // U+017C
    { 11, 14, 145, -1, 14, 39, 4186 }, // U+017D
    { 10, 12, 123, -1, 12, 30, 4225 }, // U+017E
    { 11, 16, 72, -3, 12, 44, 4255 }, // U+017F
    { 13, 13, 187, 0, 12, 43, 0 }, // U+01A0
    { 11, 11, 146, 0, 10, 31, 43 }, // U+01A1
    { 12, 13, 187, 1, 12, 39, 74 }, // U+01AF
    { 11, 11, 157, 0, 10, 31, 113 }, // U+01B0
    { 22, 14, 319, -1, 14, 77, 144 }, // U+01C4
    { 20, 12, 297, -1, 12, 60, 221 }, // U+01C5
    { 17, 13, 262, 0, 12, 56, 281 }, // U+01C6
    { 17, 15, 235, -1, 11, 64, 337 }, // U+01C7
    { 15, 16, 219, -1, 12, 60, 401 }, // U+01C8
    { 8, 16, 143, 1, 12, 32, 461 }, // U+01C9
    { 19, 15, 269, -1, 11, 72, 493 }, // U+01CA
    { 17, 16, 253, -1, 12, 68, 565 }, // U+01CB
    { 14, 16, 214, 0, 12, 56, 633 }, // U+01CC
    { 12, 14, 169, -1, 14, 42, 689 }, // U+01CD
    { 9, 13, 139, 0, 12, 30, 731 }, // U+01CE
    { 9, 14, 88, -1, 14, 32, 761 }, // U+01CF
    { 7, 13, 73, 0, 12, 23, 793 }, // U+01D0
    { 11, 15, 178, 0, 14, 42, 816 }, // U+01D1
    { 9, 13, 138, 0, 12, 30, 858 }, // U+01D2
    { 11, 15, 175, 1, 14, 42, 888 }, // U+01D3
    { 10, 13, 144, 0, 12, 33, 930 }, // U+01D4
    { 11, 16, 175, 1, 15, 44, 963 }, // U+01D5
    { 9, 14, 144, 0, 13, 32, 1007 }, // U+01D6
    { 11, 17, 175, 1, 16, 47, 1039 }, // U+01D7
    { 9, 15, 144, 0, 14, 34, 1086 }, // U+01D8
    { 11, 17, 175, 1, 16, 47, 1120 }, // U+01D9
    { 9, 15, 144, 0, 14, 34, 1167 }, // U+01DA
    { 11, 17, 175, 1, 16, 47, 1201 }, // U+01DB
    { 9, 15, 144, 0, 14, 34, 1248 }, // U+01DC
    { 7, 10, 118, 0, 9, 18, 1282 }, // U+01DD
    { 11, 15, 169, -1, 15, 42, 1300 }, // U+01DE
    { 9, 14, 139, 0, 13, 32, 1342 }, // U+01DF
    { 11, 15, 169, -1, 15, 42, 1374 }, // U+01E0
    { 9, 14, 139, 0, 13, 32, 1416 }, // U+01E1
    { 16, 13, 228, -1, 13, 52, 1448 }, // U+01E2
    { 12, 11, 195, 0, 10, 33, 1500 }, // U+01E3
    { 11, 12, 171, 0, 11, 33, 1533 }, // U+01E4
    { 10, 13, 133, -1, 9, 33, 1566 }, // U+01E5
    { 11, 15, 171, 0, 14, 42, 1599 }, // U+01E6
    { 10, 16, 133, -1, 12, 40, 1641 }, // U+01E7
    { 13, 14, 168, -1, 14, 46, 1681 }, // U+01E8
    { 10, 16, 137, 0, 15, 40, 1727 }, // U+01E9
    { 11, 15, 178, 0, 11, 42, 1767 }, // U+01EA
    { 8, 13, 138, 0, 9, 26, 1809 }, // U+01EB
    { 11, 17, 178, 0, 13, 47, 1835 }, // U+01EC
    { 8, 14, 138, 0, 10, 28, 1882 }, // U+01ED
    { 10, 15, 145, 0, 14, 38, 1910 }, // U+01EE
    { 10, 16, 131, -1, 12, 40, 1948 }, // U+01EF
    { 10, 16, 70, -3, 12, 40, 1988 }, // U+01F0
    { 22, 11, 319, -1, 11, 61, 2028 }, // U+01F1
    { 19, 11, 297, -1, 11, 53, 2089 }, // U+01F2
    { 16, 13, 262, 0, 12, 52, 2142 }, // U+01F3
    { 11, 15, 171, 0, 14, 42, 2194 }, // U+01F4
    { 10, 16, 133, -1, 12, 40, 2236 }, // U+01F5
    { 17, 12, 249, -1, 11, 51, 2276 }, // U+01F6
    { 13, 15, 177, -2, 11, 49, 2327 }, // U+01F7
    { 14, 15, 183, -1, 15, 53, 2376 }, // U+01F8
    { 9, 13, 144, 0, 12, 30, 2429 }, // U+01F9
    { 11, 15, 169, -1, 15, 42, 2459 }, // U+01FA
    { 9, 16, 139, 0, 15, 36, 2501 }, // U+01FB
    { 16, 14, 228, -1, 14, 56, 2537 }, // U+01FC
    { 12, 13, 195, 0, 12, 39, 2593 }, // U+01FD
    { 11, 15, 178, 0, 14, 42, 2632 }, // U+01FE
    { 9, 13, 138, 0, 12, 30, 2674 }, // U+01FF
    { 11, 15, 169, -1, 15, 42, 2704 }, // U+0200
    { 9, 13, 139, 0, 12, 30, 2746 }, // U+0201
    { 11, 14, 169, -1, 14, 39, 2776 }, // U+0202
    { 9, 13, 139, 0, 12, 30, 2815 }, // U+0203
    { 11, 15, 150, -1, 15, 42, 2845 }, // U+0204
    { 8, 13, 118, 0, 12, 26, 2887 }, // U+0205
    { 11, 14, 150, -1, 14, 39, 2913 }, // U+0206
    { 8, 13, 118, 0, 12, 26, 2952 }, // U+0207
    { 8, 15, 88, -1, 15, 30, 2978 }, // U+0208
    { 6, 13, 73, -1, 12, 20, 3008 }, // U+0209
    { 8, 15, 88, -1, 15, 30, 3028 }, // U+020A
    { 6, 13, 73, 0, 12, 20, 3058 }, // U+020B
    { 11, 16, 178, 0, 15, 44, 3078 }, // U+020C
    { 8, 13, 138, 0, 12, 26, 3122 }, // U+020D
    { 11, 15, 178, 0, 14, 42, 3148 }, // U+020E
    { 8, 13, 138, 0, 12, 26, 3190 }, // U+020F
    { 11, 15, 159, -1, 15, 42, 3216 }, // U+0210
    { 8, 12, 112, 0, 12, 24, 3258 }, // U+0211
    { 11, 14, 159, -1, 14, 39, 3282 }, // U+0212
    { 8, 12, 112, 0, 12, 24, 3321 }, // U+0213
    { 11, 16, 175, 1, 15, 44, 3345 }, // U+0214
    { 9, 13, 144, 0, 12, 30, 3389 }, // U+0215
    { 11, 15, 175, 1, 14, 42, 3419 }, // U+0216
    { 9, 13, 144, 0, 12, 30, 3461 }, // U+0217
    { 9, 15, 131, 0, 11, 34, 3491 }, // U+0218
    { 7, 13, 111, 0, 9, 23, 3525 }, // U+0219
    { 10, 15, 147, 1, 11, 38, 3548 }, // U+021A
    { 6, 14, 88, 0, 10, 21, 3586 }, // U+021B
    { 10, 14, 145, -1, 11, 35, 3607 }, // U+021C
    { 9, 13, 113, -2, 9, 30, 3642 }, // U+021D
    { 14, 14, 190, -1, 14, 49, 3672 }, // U+021E
    { 10, 16, 144, 0, 15, 40, 3721 }, // U+021F
    { 8, 10, 127, 0, 9, 20, 0 }, // U+0250
    { 9, 10, 144, 0, 9, 23, 20 }, // U+0251
    { 9, 10, 144, 0, 9, 23, 43 }, // U+0252
    { 8, 13, 135, 0, 12, 26, 66 }, // U+0253
    { 7, 10, 119, 0, 9, 18, 92 }, // U+0254
    { 8, 10, 120, 0, 9, 20, 110 }, // U+0255
    { 9, 16, 139, 0, 12, 36, 130 }, // U+0256
    { 12, 13, 139, 0, 12, 39, 166 }, // U+0257
    { 7, 10, 118, 0, 9, 18, 205 }, // U+0258
    { 7, 10, 118, 0, 9, 18, 223 }, // U+0259
    { 11, 10, 163, 0, 9, 28, 241 }, // U+025A
    { 8, 10, 119, 0, 9, 20, 269 }, // U+025B
    { 7, 10, 114, 0, 9, 18, 289 }, // U+025C
    { 11, 10, 161, 0, 9, 28, 307 }, // U+025D
    { 8, 10, 124, 0, 9, 20, 335 }, // U+025E
    { 8, 13, 70, -3, 9, 26, 355 }, // U+025F
    { 12, 16, 139, 0, 12, 48, 381 }, // U+0260
    { 9, 13, 134, 0, 9, 30, 429 }, // U+0261
    { 9, 10, 139, 0, 9, 23, 459 }, // U+0262
    { 8, 13, 127, 0, 9, 26, 482 }, // U+0263
    { 9, 10, 129, 0, 9, 23, 508 }, // U+0264
    { 9, 13, 142, 0, 9, 30, 531 }, // U+0265
    { 9, 13, 141, 0, 12, 30, 561 }, // U+0266
    { 8, 16, 138, 0, 12, 32, 591 }, // U+0267
    { 5, 13, 73, 0, 12, 17, 623 }, // U+0268
    { 4, 10, 80, 0, 9, 10, 640 }, // U+0269
    { 7, 9, 80, -1, 9, 16, 650 }, // U+026A
    { 6, 13, 84, 0, 12, 20, 666 }, // U+026B
    { 5, 13, 80, 0, 12, 17, 686 }, // U+026C
    { 5, 16, 71, 0, 12, 20, 703 }, // U+026D
    { 10, 16, 155, 0, 12, 40, 723 }, // U+026E
    { 14, 10, 214, 0, 9, 35, 763 }, // U+026F
    { 13, 13, 214, 0, 9, 43, 798 }, // U+0270
    { 13, 13, 212, 0, 9, 43, 841 }, // U+0271
    { 12, 13, 144, -3, 9, 39, 884 }, // U+0272
    { 8, 13, 140, 0, 9, 26, 923 }, // U+0273
    { 12, 9, 155, -1, 9, 27, 949 }, // U+0274
    { 8, 10, 138, 0, 9, 20, 976 }, // U+0275
    { 12, 10, 191, 0, 9, 30, 996 }, // U+0276
    { 11, 10, 183, 0, 9, 28, 1026 }, // U+0277
    { 10, 16, 162, 0, 12, 40, 1054 }, // U+0278
    { 8, 10, 112, -1, 9, 20, 1094 }, // U+0279
    { 9, 13, 112, -1, 12, 30, 1114 }, // U+027A
    { 8, 13, 112, -1, 9, 26, 1144 }, // U+027B
    { 9, 13, 112, -1, 9, 30, 1170 }, // U+027C
    { 8, 13, 112, 0, 9, 26, 1200 }, // U+027D
    { 7, 9, 106, 0, 9, 16, 1226 }, // U+027E
    { 5, 13, 90, 0, 9, 17, 1242 }, // U+027F
    { 9, 9, 130, -1, 9, 21, 1259 }, // U+0280
    { 10, 9, 130, -1, 9, 23, 1280 }, // U+0281
    { 8, 12, 111, -1, 9, 24, 1303 }, // U+0282
    { 10, 16, 71, -3, 12, 40, 1327 }, // U+0283
    { 10, 16, 71, -3, 12, 40, 1367 }, // U+0284
    { 6, 13, 80, 0, 9, 20, 1407 }, // U+0285
    { 11, 16, 76, -3, 12, 44, 1427 }, // U+0286
    { 6, 11, 88, -1, 9, 17, 1471 }, // U+0287
    { 6, 14, 82, 0, 10, 21, 1488 }, // U+0288
    { 9, 10, 144, 0, 9, 23, 1509 }, // U+0289
    { 9, 10, 138, 0, 9, 23, 1532 }, // U+028A
    { 9, 10, 136, 0, 9, 23, 1555 }, // U+028B
    { 8, 10, 129, 0, 9, 20, 1578 }, // U+028C
    { 12, 10, 197, 0, 9, 30, 1598 }, // U+028D
    { 11, 13, 127, 0, 12, 36, 1628 }, // U+028E
    { 9, 9, 125, 0, 9, 21, 1664 }, // U+028F
    { 9, 12, 123, -1, 9, 27, 1685 }, // U+0290
    { 9, 11, 123, -1, 9, 25, 1712 }, // U+0291
    { 9, 13, 131, -1, 9, 30, 1737 }, // U+0292
    { 9, 13, 127, -1, 9, 30, 1767 }, // U+0293
    { 7, 12, 105, 0, 12, 21, 1797 }, // U+0294
    { 7, 12, 105, 1, 12, 21, 1818 }, // U+0295
    { 7, 13, 116, 0, 12, 23, 1839 }, // U+0296
    { 8, 13, 117, 0, 9, 26, 1862 }, // U+0297
    { 11, 12, 178, 0, 11, 33, 1888 }, // U+0298
    { 9, 9, 127, -1, 9, 21, 1921 }, // U+0299
    { 8, 10, 124, 0, 9, 20, 1942 }, // U+029A
    { 11, 13, 140, 0, 12, 36, 1962 }, // U+029B
    { 12, 9, 162, -1, 9, 27, 1998 }, // U+029C
    { 8, 16, 75, -3, 12, 32, 2025 }, // U+029D
    { 9, 13, 137, -1, 9, 30, 2057 }, // U+029E
    { 8, 9, 116, -1, 9, 18, 2087 }, // U+029F
    { 12, 16, 139, 0, 12, 48, 2105 }, // U+02A0
    { 7, 12, 105, 0, 12, 21, 2153 }, // U+02A1
    { 7, 12, 105, 1, 12, 21, 2174 }, // U+02A2
    { 14, 13, 231, 0, 12, 46, 2195 }, // U+02A3
    { 14, 16, 222, 0, 12, 56, 2241 }, // U+02A4
    { 14, 14, 231, 0, 12, 49, 2297 }, // U+02A5
    { 9, 11, 167, 1, 10, 25, 2346 }, // U+02A6
    { 10, 16, 133, 1, 12, 40, 2371 }, // U+02A7
    { 11, 11, 182, 1, 10, 31, 2411 }, // U+02A8
    { 16, 16, 206, -3, 12, 64, 2442 }, // U+02A9
    { 9, 13, 165, 1, 12, 30, 2506 }, // U+02AA
    { 9, 12, 163, 1, 12, 27, 2536 }, // U+02AB
    { 10, 11, 130, 0, 11, 28, 2563 }, // U+02AC
    { 10, 11, 125, -1, 11, 28, 2591 }, // U+02AD
    { 10, 13, 158, 0, 9, 33, 2619 }, // U+02AE
    { 10, 13, 158, 0, 9, 33, 2652 }, // U+02AF
    { 6, 8, 93, 1, 12, 12, 2685 }, // U+02B0
    { 6, 8, 92, 1, 12, 12, 2697 }, // U+02B1
    { 5, 10, 45, -1, 13, 13, 2709 }, // U+02B2
    { 5, 6, 73, 1, 10, 8, 2722 }, // U+02B3
    { 5, 6, 73, 0, 10, 8, 2730 }, // U+02B4
    { 6, 8, 73, 0, 10, 12, 2738 }, // U+02B5
    { 7, 6, 85, 0, 10, 11, 2750 }, // U+02B6
    { 8, 6, 128, 1, 10, 12, 2761 }, // U+02B7
    { 7, 8, 82, -1, 10, 14, 2773 }, // U+02B8
    { 3, 4, 53, 1, 11, 3, 2787 }, // U+02B9
    { 6, 4, 98, 1, 11, 6, 2790 }, // U+02BA
    { 4, 5, 60, 1, 11, 5, 2796 }, // U+02BB
    { 3, 5, 60, 1, 11, 4, 2801 }, // U+02BC
    { 4, 5, 60, 1, 11, 5, 2805 }, // U+02BD
    { 3, 4, 42, 1, 12, 3, 2810 }, // U+02BE
    { 3, 4, 42, 1, 12, 3, 2813 }, // U+02BF
    { 5, 5, 70, 1, 12, 7, 2816 }, // U+02C0
    { 5, 5, 70, 1, 12, 7, 2823 }, // U+02C1
    { 5, 5, 65, 1, 12, 7, 2830 }, // U+02C2
    { 4, 5, 65, 1, 12, 5, 2837 }, // U+02C3
    { 5, 4, 65, 1, 12, 5, 2842 }, // U+02C4
    { 5, 4, 65, 1, 12, 5, 2847 }, // U+02C5
    { 6, 3, 90, 1, 12, 5, 2852 }, // U+02C6
    { 5, 3, 90, 2, 12, 4, 2857 }, // U+02C7
    { 3, 5, 33, 1, 12, 4, 2861 }, // U+02C8
    { 6, 1, 89, 1, 10, 2, 2865 }, // U+02C9
    { 4, 3, 63, 1, 12, 3, 2867 }, // U+02CA
    { 3, 3, 67, 2, 12, 3, 2870 }, // U+02CB
    { 2, 5, 33, -1, 1, 3, 2873 }, // U+02CC
    { 5, 1, 89, -1, -1, 2, 2876 }, // U+02CD
    { 4, 3, 63, -1, -1, 3, 2878 }, // U+02CE
    { 4, 3, 67, -1, -1, 3, 2881 }, // U+02CF
    { 5, 9, 79, 0, 9, 12, 2884 }, // U+02D0
    { 3, 3, 79, 2, 9, 3, 2896 }, // U+02D1
    { 3, 4, 47, 0, 6, 3, 2899 }, // U+02D2
    { 3, 4, 47, 0, 6, 3, 2902 }, // U+02D3
    { 4, 4, 60, 0, 6, 4, 2905 }, // U+02D4
    { 4, 4, 60, 0, 6, 4, 2909 }, // U+02D5
    { 4, 4, 66, 0, 6, 4, 2913 }, // U+02D6
    { 4, 2, 66, 0, 5, 2, 2917 }, // U+02D7
    { 5, 3, 88, 2, 12, 4, 2919 }, // U+02D8
    { 3, 3, 47, 1, 12, 3, 2923 }, // U+02D9
    { 4, 5, 78, 2, 13, 5, 2926 }, // U+02DA
    { 4, 4, 72, -1, 0, 4, 2931 }, // U+02DB
    { 7, 3, 105, 1, 12, 6, 2935 }, // U+02DC
    { 7, 3, 106, 1, 12, 6, 2941 }, // U+02DD
    { 5, 4, 49, -2, 6, 5, 2947 }, // U+02DE
    { 4, 4, 74, 2, 13, 4, 2952 }, // U+02DF
    { 6, 8, 82, 0, 11, 12, 2956 }, // U+02E0
    { 3, 8, 48, 1, 13, 6, 2968 }, // U+02E1
    { 5, 6, 72, 1, 10, 8, 2974 }, // U+02E2
    { 7, 6, 85, 0, 10, 11, 2982 }, // U+02E3
    { 5, 8, 68, 1, 12, 10, 2993 }, // U+02E4
    { 5, 11, 100, 1, 11, 14, 3003 }, // U+02E5
    { 5, 11, 100, 1, 11, 14, 3017 }, // U+02E6
    { 5, 11, 100, 1, 11, 14, 3031 }, // U+02E7
    { 5, 11, 100, 1, 11, 14, 3045 }, // U+02E8
    { 5, 11, 100, 1, 11, 14, 3059 }, // U+02E9
    { 5, 11, 100, 1, 11, 14, 3073 }, // U+02EA
    { 5, 11, 100, 1, 11, 14, 3087 }, // U+02EB
    { 5, 3, 90, -1, 0, 4, 3101 }, // U+02EC
    { 8, 4, 120, 1, 13, 8, 3105 }, // U+02ED
    { 6, 5, 108, 1, 11, 8, 3113 }, // U+02EE
    { 5, 4, 81, -1, 0, 5, 3121 }, // U+02EF
    { 5, 4, 81, -2, 0, 5, 3126 }, // U+02F0
    { 4, 5, 67, -1, 1, 5, 3131 }, // U+02F1
    { 5, 5, 67, -2, 1, 7, 3136 }, // U+02F2
    { 5, 4, 80, -1, 0, 5, 3143 }, // U+02F3
    { 3, 3, 67, 1, 7, 3, 3148 }, // U+02F4
    { 6, 3, 106, 1, 7, 5, 3151 }, // U+02F5
    { 7, 3, 106, 0, 7, 6, 3156 }, // U+02F6
    { 6, 3, 105, -1, 0, 5, 3162 }, // U+02F7
    { 4, 10, 68, 1, 12, 10, 3167 }, // U+02F8
    { 5, 5, 71, 1, 11, 7, 3177 }, // U+02F9
    { 5, 5, 80, 1, 11, 7, 3184 }, // U+02FA
    { 4, 4, 80, 0, 4, 4, 3191 }, // U+02FB
    { 4, 4, 71, -1, 4, 4, 3195 }, // U+02FC
    { 8, 4, 135, -1, 0, 8, 3199 }, // U+02FD
    { 8, 4, 135, -1, 0, 8, 3207 }, // U+02FE
    { 7, 5, 126, -1, 1, 9, 3215 }, // U+02FF
    { 4, 3, 0, -6, 12, 3, 0 }, // U+0300
    { 4, 3, 0, -4, 12, 3, 3 }, // U+0301
    { 6, 3, 0, -2, 12, 5, 6 }, // U+0302
    { 7, 3, 0, -7, 12, 6, 11 }, // U+0303
    { 6, 1, 0, -2, 10, 2, 17 }, // U+0304
    { 5, 1, 0, -1, 12, 2, 19 }, // U+0305
    { 5, 3, 0, -1, 12, 4, 21 }, // U+0306
    { 3, 3, 0, 0, 12, 3, 25 }, // U+0307
    { 5, 3, 0, -1, 12, 4, 28 }, // U+0308
    { 5, 5, 0, -6, 13, 7, 32 }, // U+0309
    { 5, 5, 0, -1, 13, 7, 39 }, // U+030A
    { 7, 3, 0, -1, 12, 6, 46 }, // U+030B
    { 5, 3, 0, 0, 12, 4, 52 }, // U+030C
    { 2, 4, 0, 0, 12, 2, 56 }, // U+030D
    { 4, 4, 0, -1, 12, 4, 58 }, // U+030E
    { 7, 3, 0, -7, 12, 6, 62 }, // U+030F
    { 5, 4, 0, -1, 13, 5, 68 }, // U+0310
    { 6, 3, 0, -2, 12, 5, 73 }, // U+0311
    { 4, 5, 0, -1, 11, 5, 78 }, // U+0312
    { 4, 5, 0, -1, 11, 5, 83 }, // U+0313
    { 3, 5, 0, 0, 11, 4, 88 }, // U+0314
    { 4, 5, 0, -1, 11, 5, 92 }, // U+0315
    { 4, 3, 0, -3, -1, 3, 97 }, // U+0316
    { 4, 3, 0, -3, -1, 3, 100 }, // U+0317
    { 4, 4, 0, -3, 0, 4, 103 }, // U+0318
    { 4, 4, 0, -3, 0, 4, 107 }, // U+0319
    { 5, 5, 75, 1, 12, 7, 111 }, // U+031A
    { 3, 4, 0, -1, 12, 3, 118 }, // U+031B
    { 3, 4, 0, -2, 0, 3, 121 }, // U+031C
    { 4, 4, 0, -3, 0, 4, 124 }, // U+031D
    { 4, 4, 0, -3, 0, 4, 128 }, // U+031E
    { 4, 4, 0, -3, 0, 4, 132 }, // U+031F
    { 4, 2, 0, -3, -1, 2, 136 }, // U+0320
    { 5, 4, 0, -4, 1, 5, 138 }, // U+0321
    { 4, 4, 0, -2, 1, 4, 143 }, // U+0322
    { 3, 3, 0, -7, 0, 3, 147 }, // U+0323
    { 6, 3, 0, -4, 0, 5, 150 }, // U+0324
    { 5, 5, 0, -4, 0, 7, 155 }, // U+0325
    { 3, 4, 0, -3, 0, 3, 162 }, // U+0326
    { 5, 5, 0, -3, 1, 7, 165 }, // U+0327
    { 4, 4, 0, -3, 0, 4, 172 }, // U+0328
    { 2, 4, 0, -2, 0, 2, 176 }, // U+0329
    { 7, 3, 0, -5, -1, 6, 178 }, // U+032A
    { 6, 3, 0, -4, 0, 5, 184 }, // U+032B
    { 6, 3, 0, -3, 0, 5, 189 }, // U+032C
    { 5, 3, 0, -4, 0, 4, 194 }, // U+032D
    { 5, 3, 0, -4, 0, 4, 198 }, // U+032E
    { 5, 3, 0, -4, 0, 4, 202 }, // U+032F
    { 7, 3, 0, -5, 0, 6, 206 }, // U+0330
    { 5, 1, 0, -4, -1, 2, 212 }, // U+0331
    { 8, 2, 0, -8, -1, 4, 214 }, // U+0332
    { 8, 4, 0, -8, 0, 8, 218 }, // U+0333
    { 6, 3, 0, -3, 6, 5, 226 }, // U+0334
    { 6, 2, 0, -3, 5, 3, 231 }, // U+0335
    { 10, 2, 0, -5, 5, 5, 234 }, // U+0336
    { 6, 4, 0, -3, 6, 6, 239 }, // U+0337
    { 9, 14, 0, -4, 12, 32, 245 }, // U+0338
    { 3, 4, 0, -3, 0, 3, 277 }, // U+0339
    { 7, 3, 0, -5, -1, 6, 280 }, // U+033A
    { 7, 4, 0, -5, 0, 7, 286 }, // U+033B
    { 5, 3, 0, -4, 0, 4, 293 }, // U+033C
    { 4, 4, 0, -1, 12, 4, 297 }, // U+033D
    { 3, 6, 0, 0, 14, 5, 301 }, // U+033E
    { 8, 4, 0, -2, 15, 8, 306 }, // U+033F
    { 4, 3, 0, -1, 12, 3, 314 }, // U+0340
    { 5, 3, 0, -1, 12, 4, 317 }, // U+0341
    { 7, 3, 0, -2, 12, 6, 321 }, // U+0342
    { 3, 3, 0, 0, 12, 3, 327 }, // U+0343
    { 7, 4, 0, -2, 13, 7, 330 }, // U+0344
    { 3, 3, 0, -1, -1, 3, 337 }, // U+0345
    { 7, 3, 0, -2, 11, 6, 340 }, // U+0346
    { 8, 4, 0, -5, 0, 8, 346 }, // U+0347
    { 5, 4, 0, -4, 0, 5, 354 }, // U+0348
    { 4, 3, 0, -3, -1, 3, 359 }, // U+0349
    { 7, 4, 0, -2, 12, 7, 362 }, // U+034A
    { 7, 6, 0, -2, 14, 11, 369 }, // U+034B
    { 7, 5, 0, -2, 13, 9, 380 }, // U+034C
    { 5, 4, 0, -4, 0, 5, 389 }, // U+034D
    { 4, 4, 0, -3, 0, 4, 394 }, // U+034E
    { 12, 11, 0, -6, 11, 33, 398 }, // U+034F
    { 4, 4, 0, -1, 12, 4, 431 }, // U+0350
    { 3, 4, 0, 0, 13, 3, 435 }, // U+0351
    { 5, 4, 0, -1, 13, 5, 438 }, // U+0352
    { 4, 4, 0, -3, 0, 4, 443 }, // U+0353
    { 4, 4, 0, -3, 0, 4, 447 }, // U+0354
    { 4, 4, 0, -3, 0, 4, 451 }, // U+0355
    { 6, 4, 0, -4, 0, 6, 455 }, // U+0356
    { 3, 4, 0, 0, 13, 3, 461 }, // U+0357
    { 3, 3, 0, 2, 12, 3, 464 }, // U+0358
    { 4, 4, 0, -2, 0, 4, 467 }, // U+0359
    { 6, 4, 0, -4, 0, 6, 471 }, // U+035A
    { 4, 4, 0, -1, 12, 4, 477 }, // U+035B
    { 12, 4, 0, -7, 0, 12, 481 }, // U+035C
    { 13, 4, 0, -5, 12, 13, 493 }, // U+035D
    { 10, 1, 0, -4, 10, 3, 506 }, // U+035E
    { 10, 2, 0, -6, -1, 5, 509 }, // U+035F
    { 13, 3, 0, -5, 12, 10, 514 }, // U+0360
    { 12, 4, 0, -5, 13, 12, 524 }, // U+0361
    { 10, 4, 0, -6, 0, 10, 536 }, // U+0362
    { 5, 4, 0, -1, 13, 5, 546 }, // U+0363
    { 3, 4, 0, 0, 13, 3, 551 }, // U+0364
    { 3, 5, 0, 0, 14, 4, 554 }, // U+0365
    { 5, 4, 0, -1, 13, 5, 558 }, // U+0366
    { 5, 4, 0, -1, 13, 5, 563 }, // U+0367
    { 4, 4, 0, 0, 13, 4, 568 }, // U+0368
    { 5, 5, 0, -1, 14, 7, 572 }, // U+0369
    { 5, 5, 0, -1, 14, 7, 579 }, // U+036A
    { 7, 4, 0, -2, 13, 7, 586 }, // U+036B
    { 4, 4, 0, 0, 13, 4, 593 }, // U+036C
    { 3, 5, 0, 0, 14, 4, 597 }, // U+036D
    { 5, 4, 0, -1, 13, 5, 601 }, // U+036E
    { 5, 4, 0, -1, 13, 5, 606 }, // U+036F
    { 11, 14, 151, -1, 14, 39, 0 }, // U+0400
    { 11, 14, 151, -1, 14, 39, 39 }, // U+0401
    { 11, 11, 192, 1, 11, 31, 78 }, // U+0402
    { 11, 14, 135, -1, 14, 39, 109 }, // U+0403
    { 10, 12, 147, 0, 11, 30, 148 }, // U+0404
    { 9, 12, 132, 0, 11, 27, 178 }, // U+0405
    { 8, 11, 89, -1, 11, 22, 205 }, // U+0406
    { 8, 14, 89, -1, 14, 28, 227 }, // U+0407
    { 9, 15, 87, -2, 11, 34, 255 }, // U+0408
    { 15, 12, 231, -1, 11, 45, 289 }, // U+0409
    { 16, 11, 244, -1, 11, 44, 334 }, // U+040A
    { 11, 11, 204, 1, 11, 31, 378 }, // U+040B
    { 13, 14, 169, -1, 14, 46, 409 }, // U+040C
    { 14, 14, 194, -1, 14, 49, 455 }, // U+040D
    { 11, 15, 156, 1, 14, 42, 504 }, // U+040E
    { 14, 14, 189, -1, 11, 49, 546 }, // U+040F
    { 11, 11, 169, -1, 11, 31, 595 }, // U+0410
    { 11, 11, 151, -1, 11, 31, 626 }, // U+0411
    { 11, 11, 157, -1, 11, 31, 657 }, // U+0412
    { 11, 11, 135, -1, 11, 31, 688 }, // U+0413
    { 14, 14, 178, -2, 11, 49, 719 }, // U+0414
    { 11, 11, 151, -1, 11, 31, 768 }, // U+0415
    { 18, 11, 235, -2, 11, 50, 799 }, // U+0416
    { 9, 12, 143, 0, 11, 27, 849 }, // U+0417
    { 14, 11, 194, -1, 11, 39, 876 }, // U+0418
    { 14, 14, 194, -1, 14, 49, 915 }, // U+0419
    { 13, 11, 169, -1, 11, 36, 964 }, // U+041A
    { 13, 12, 176, -1, 11, 39, 1000 }, // U+041B
    { 17, 11, 229, -1, 11, 47, 1039 }, // U+041C
    { 14, 11, 191, -1, 11, 39, 1086 }, // U+041D
    { 11, 12, 178, 0, 11, 33, 1125 }, // U+041E
    { 14, 11, 189, -1, 11, 39, 1158 }, // U+041F
    { 11, 11, 146, -1, 11, 31, 1197 }, // U+0420
    { 10, 12, 147, 0, 11, 30, 1228 }, // U+0421
    { 10, 11, 150, 1, 11, 28, 1258 }, // U+0422
    { 11, 12, 156, 1, 11, 33, 1286 }, // U+0423
    { 12, 12, 206, 1, 11, 36, 1319 }, // U+0424
    { 12, 11, 159, -1, 11, 33, 1355 }, // U+0425
    { 14, 14, 189, -1, 11, 49, 1388 }, // U+0426
    { 12, 11, 182, 1, 11, 33, 1437 }, // U+0427
    { 18, 11, 258, -1, 11, 50, 1470 }, // U+0428
    { 18, 14, 258, -1, 11, 63, 1520 }, // U+0429
    { 9, 11, 172, 1, 11, 25, 1583 }, // U+042A
    { 16, 11, 220, -1, 11, 44, 1608 }, // U+042B
    { 10, 11, 149, -1, 11, 28, 1652 }, // U+042C
    { 9, 12, 150, 0, 11, 27, 1680 }, // U+042D
    { 16, 12, 245, -1, 11, 48, 1707 }, // U+042E
    { 12, 11, 156, -1, 11, 33, 1755 }, // U+042F
    { 9, 10, 137, 0, 9, 23, 1788 }, // U+0430
    { 9, 13, 139, 0, 12, 30, 1811 }, // U+0431
    { 8, 10, 127, 0, 9, 20, 1841 }, // U+0432
    { 7, 10, 108, 0, 9, 18, 1861 }, // U+0433
    { 9, 13, 138, 0, 12, 30, 1879 }, // U+0434
    { 8, 10, 118, 0, 9, 20, 1909 }, // U+0435
    { 15, 10, 221, -1, 9, 38, 1929 }, // U+0436
    { 7, 10, 115, 0, 9, 18, 1967 }, // U+0437
    { 9, 10, 142, 0, 9, 23, 1985 }, // U+0438
    { 9, 13, 142, 0, 12, 30, 2008 }, // U+0439
    { 9, 9, 139, 0, 9, 21, 2038 }, // U+043A
    { 10, 10, 142, -1, 9, 25, 2059 }, // U+043B
    { 13, 10, 197, -1, 9, 33, 2084 }, // U+043C
    { 9, 10, 143, 0, 9, 23, 2117 }, // U+043D
    { 9, 10, 138, 0, 9, 23, 2140 }, // U+043E
    { 9, 10, 144, 0, 9, 23, 2163 }, // U+043F
    { 10, 13, 137, -1, 9, 33, 2186 }, // U+0440
    { 8, 10, 117, 0, 9, 20, 2219 }, // U+0441
    { 14, 10, 215, 0, 9, 35, 2239 }, // U+0442
    { 9, 13, 130, -1, 9, 30, 2274 }, // U+0443
    { 11, 16, 183, 0, 12, 44, 2304 }, // U+0444
    { 10, 9, 127, -1, 9, 23, 2348 }, // U+0445
    { 9, 13, 143, 0, 9, 30, 2371 }, // U+0446
    { 9, 10, 135, 0, 9, 23, 2401 }, // U+0447
    { 14, 10, 213, 0, 9, 35, 2424 }, // U+0448
    { 14, 13, 214, 0, 9, 46, 2459 }, // U+0449
    { 8, 10, 125, 0, 9, 20, 2505 }, // U+044A
    { 12, 10, 184, 0, 9, 30, 2525 }, // U+044B
    { 8, 10, 126, 0, 9, 20, 2555 }, // U+044C
    { 7, 10, 120, 0, 9, 18, 2575 }, // U+044D
    { 12, 10, 192, 0, 9, 30, 2593 }, // U+044E
    { 10, 10, 137, -1, 9, 25, 2623 }, // U+044F
    { 8, 13, 118, 0, 12, 26, 2648 }, // U+0450
    { 8, 13, 118, 0, 12, 26, 2674 }, // U+0451
    { 8, 16, 134, 0, 12, 32, 2700 }, // U+0452
    { 7, 13, 108, 0, 12, 23, 2732 }, // U+0453
    { 8, 10, 117, 0, 9, 20, 2755 }, // U+0454
    { 7, 10, 108, 0, 9, 18, 2775 }, // U+0455
    { 5, 13, 71, 0, 12, 17, 2793 }, // U+0456
    { 6, 13, 71, 0, 12, 20, 2810 }, // U+0457
    { 7, 16, 68, -2, 12, 28, 2830 }, // U+0458
    { 13, 10, 194, -1, 9, 33, 2858 }, // U+0459
    { 12, 10, 196, 0, 9, 30, 2891 }, // U+045A
    { 9, 13, 144, 0, 12, 30, 2921 }, // U+045B
    { 9, 12, 139, 0, 12, 27, 2951 }, // U+045C
    { 9, 13, 142, 0, 12, 30, 2978 }, // U+045D
    { 9, 16, 130, -1, 12, 36, 3008 }, // U+045E
    { 9, 13, 142, 0, 9, 30, 3044 }, // U+045F
    { 15, 11, 231, 0, 11, 42, 3074 }, // U+0460
    { 12, 9, 192, 0, 9, 27, 3116 }, // U+0461
    { 10, 11, 147, -1, 11, 28, 3143 }, // U+0462
    { 12, 10, 193, 0, 9, 30, 3171 }, // U+0463
    { 16, 12, 219, -1, 11, 48, 3201 }, // U+0464
    { 12, 10, 184, 0, 9, 30, 3249 }, // U+0465
    { 11, 11, 166, -1, 11, 31, 3279 }, // U+0466
    { 9, 9, 138, -1, 9, 21, 3310 }, // U+0467
    { 16, 11, 249, -1, 11, 44, 3331 }, // U+0468
    { 12, 9, 192, 0, 9, 27, 3375 }, // U+0469
    { 13, 11, 189, -1, 11, 36, 3402 }, // U+046A
    { 11, 9, 168, -1, 9, 25, 3438 }, // U+046B
    { 18, 11, 272, -1, 11, 50, 3463 }, // U+046C
    { 14, 9, 218, 0, 9, 32, 3513 }, // U+046D
    { 10, 17, 145, -1, 13, 43, 3545 }, // U+046E
    { 9, 13, 114, -1, 10, 30, 3588 }, // U+046F
    { 14, 11, 199, 1, 11, 39, 3618 }, // U+0470
    { 10, 16, 170, 1, 12, 40, 3657 }, // U+0471
    { 11, 12, 178, 0, 11, 33, 3697 }, // U+0472
    { 8, 10, 138, 0, 9, 20, 3730 }, // U+0473
    { 11, 11, 167, 1, 11, 31, 3750 }, // U+0474
    { 10, 10, 141, 0, 9, 25, 3781 }, // U+0475
    { 11, 15, 167, 1, 15, 42, 3806 }, // U+0476
    { 10, 13, 141, 0, 12, 33, 3848 }, // U+0477
    { 18, 15, 284, 0, 11, 68, 3881 }, // U+0478
    { 15, 13, 240, 0, 9, 49, 3949 }, // U+0479
    { 12, 13, 188, 0, 12, 39, 3998 }, // U+047A
    { 9, 10, 152, 0, 9, 23, 4037 }, // U+047B
    { 15, 17, 236, 0, 16, 64, 4060 }, // U+047C
    { 12, 15, 189, 0, 14, 45, 4124 }, // U+047D
    { 15, 14, 231, 0, 14, 53, 4169 }, // U+047E
    { 12, 11, 192, 0, 11, 33, 4222 }, // U+047F
    { 10, 15, 150, 0, 11, 38, 4255 }, // U+0480
    { 8, 13, 117, 0, 9, 26, 4293 }, // U+0481
    { 9, 11, 146, 0, 10, 25, 4319 }, // U+0482
    { 6, 3, 0, -2, 11, 5, 4344 }, // U+0483
    { 6, 2, 0, -2, 11, 3, 4349 }, // U+0484
    { 3, 3, 0, 0, 12, 3, 4352 }, // U+0485
    { 3, 3, 0, 0, 12, 3, 4355 }, // U+0486
    { 7, 3, 0, -2, 14, 6, 4358 }, // U+0487
    { 20, 18, 0, -10, 13, 90, 4364 }, // U+0488
    { 18, 18, 0, -9, 13, 81, 4454 }, // U+0489
    { 14, 19, 193, -1, 15, 67, 4535 }, // U+048A
    { 9, 16, 144, 0, 12, 36, 4602 }, // U+048B
    { 10, 12, 147, -1, 12, 30, 4638 }, // U+048C
    { 8, 11, 127, 0, 10, 22, 4668 }, // U+048D
    { 11, 11, 149, -1, 11, 31, 4690 }, // U+048E
    { 10, 13, 138, -1, 9, 33, 4721 }, // U+048F
    { 11, 13, 131, -1, 13, 36, 4754 }, // U+0490
    { 7, 10, 107, 0, 10, 18, 4790 }, // U+0491
    { 11, 11, 135, -1, 11, 31, 4808 }, // U+0492
    { 8, 9, 110, 0, 9, 18, 4839 }, // U+0493
    { 11, 15, 158, -1, 11, 42, 4857 }, // U+0494
    { 8, 13, 125, 0, 9, 26, 4899 }, // U+0495
    { 17, 15, 246, -1, 11, 64, 4925 }, // U+0496
    { 16, 13, 242, 0, 9, 52, 4989 }, // U+0497
    { 9, 15, 145, 0, 11, 34, 5041 }, // U+0498
    { 7, 13, 114, 0, 9, 23, 5075 }, // U+0499
    { 13, 15, 178, -1, 11, 49, 5098 }, // U+049A
    { 10, 13, 145, 0, 9, 33, 5147 }, // U+049B
    { 13, 11, 175, -1, 11, 36, 5180 }, // U+049C
    { 10, 9, 152, 0, 9, 23, 5216 }, // U+049D
    { 13, 11, 168, -1, 11, 36, 5239 }, // U+049E
    { 10, 13, 145, 0, 12, 33, 5275 }, // U+049F
    { 13, 11, 188, 0, 11, 36, 5308 }, // U+04A0
    { 11, 9, 170, 0, 9, 25, 5344 }, // U+04A1
    { 14, 15, 190, -1, 11, 53, 5369 }, // U+04A2
    { 10, 13, 151, 0, 9, 33, 5422 }, // U+04A3
    { 16, 11, 211, -1, 11, 44, 5455 }, // U+04A4
    { 12, 10, 181, 0, 9, 30, 5499 }, // U+04A5
    { 16, 15, 253, -1, 11, 60, 5529 }, // U+04A6
    { 13, 13, 206, 0, 9, 43, 5589 }, // U+04A7
    { 11, 12, 175, 0, 11, 33, 5632 }, // U+04A8
    { 9, 10, 147, 0, 9, 23, 5665 }, // U+04A9
    { 10, 15, 150, 0, 11, 38, 5688 }, // U+04AA
    { 8, 13, 117, 0, 9, 26, 5726 }, // U+04AB
    { 10, 15, 147, 1, 11, 38, 5752 }, // U+04AC
    { 14, 13, 215, 0, 9, 46, 5790 }, // U+04AD
    { 10, 11, 150, 1, 11, 28, 5836 }, // U+04AE
    { 8, 13, 132, 0, 9, 26, 5864 }, // U+04AF
    { 10, 11, 150, 1, 11, 28, 5890 }, // U+04B0
    { 8, 13, 132, 0, 9, 26, 5918 }, // U+04B1
    { 12, 15, 158, -1, 11, 45, 5944 }, // U+04B2
    { 10, 13, 131, -1, 9, 33, 5989 }, // U+04B3
    { 14, 15, 214, 1, 11, 53, 6022 }, // U+04B4
    { 11, 13, 177, 0, 9, 36, 6075 }, // U+04B5
    { 11, 15, 181, 1, 11, 42, 6111 }, // U+04B6
    { 9, 13, 146, 0, 9, 30, 6153 }, // U+04B7
    { 12, 11, 182, 1, 11, 33, 6183 }, // U+04B8
    { 9, 10, 135, 0, 9, 23, 6216 }, // U+04B9
    { 12, 11, 181, -1, 11, 33, 6239 }, // U+04BA
    { 9, 13, 144, 0, 12, 30, 6272 }, // U+04BB
    { 12, 12, 192, 0, 11, 36, 6302 }, // U+04BC
    { 9, 10, 144, 0, 9, 23, 6338 }, // U+04BD
    { 12, 15, 192, 0, 11, 45, 6361 }, // U+04BE
    { 9, 13, 144, 0, 9, 30, 6406 }, // U+04BF
    { 8, 11, 88, -1, 11, 22, 6436 }, // U+04C0
    { 18, 14, 235, -2, 14, 63, 6458 }, // U+04C1
    { 15, 13, 221, -1, 12, 49, 6521 }, // U+04C2
    { 13, 15, 167, -1, 11, 49, 6570 }, // U+04C3
    { 10, 13, 147, 0, 9, 33, 6619 }, // U+04C4
    { 13, 15, 168, -1, 11, 49, 6652 }, // U+04C5
    { 10, 13, 154, 0, 9, 33, 6701 }, // U+04C6
    { 14, 15, 189, -1, 11, 53, 6734 }, // U+04C7
    { 9, 13, 148, 0, 9, 30, 6787 }, // U+04C8
    { 14, 15, 190, -1, 11, 53, 6817 }, // U+04C9
    { 10, 13, 151, 0, 9, 33, 6870 }, // U+04CA
    { 11, 15, 181, 1, 11, 42, 6903 }, // U+04CB
    { 9, 13, 146, 0, 9, 30, 6945 }, // U+04CC
    { 16, 15, 225, -1, 11, 60, 6975 }, // U+04CD
    { 14, 13, 216, 0, 9, 46, 7035 }, // U+04CE
    { 8, 11, 88, -1, 11, 22, 7081 }, // U+04CF
    { 11, 14, 169, -1, 14, 39, 7103 }, // U+04D0
    { 9, 13, 139, 0, 12, 30, 7142 }, // U+04D1
    { 11, 14, 169, -1, 14, 39, 7172 }, // U+04D2
    { 9, 13, 139, 0, 12, 30, 7211 }, // U+04D3
    { 16, 11, 228, -1, 11, 44, 7241 }, // U+04D4
    { 12, 10, 195, 0, 9, 30, 7285 }, // U+04D5
    { 11, 14, 150, -1, 14, 39, 7315 }, // U+04D6
    { 8, 13, 118, 0, 12, 26, 7354 }, // U+04D7
    { 10, 12, 160, 0, 11, 30, 7380 }, // U+04D8
    { 7, 10, 118, 0, 9, 18, 7410 }, // U+04D9
    { 10, 15, 160, 0, 14, 38, 7428 }, // U+04DA
    { 7, 13, 118, 0, 12, 23, 7466 }, // U+04DB
    { 18, 14, 235, -2, 14, 63, 7489 }, // U+04DC
    { 15, 13, 221, -1, 12, 49, 7552 }, // U+04DD
    { 9, 15, 143, 0, 14, 34, 7601 }, // U+04DE
    { 7, 13, 115, 0, 12, 23, 7635 }, // U+04DF
    { 9, 12, 145, 0, 11, 27, 7658 }, // U+04E0
    { 9, 13, 131, -1, 9, 30, 7685 }, // U+04E1
    { 14, 12, 194, -1, 12, 42, 7715 }, // U+04E2
    { 9, 11, 144, 0, 10, 25, 7757 }, // U+04E3
    { 14, 14, 194, -1, 14, 49, 7782 }, // U+04E4
    { 9, 13, 144, 0, 12, 30, 7831 }, // U+04E5
    { 11, 15, 178, 0, 14, 42, 7861 }, // U+04E6
    { 8, 13, 138, 0, 12, 26, 7903 }, // U+04E7
    { 11, 12, 178, 0, 11, 33, 7929 }, // U+04E8
    { 8, 10, 138, 0, 9, 20, 7962 }, // U+04E9
    { 11, 15, 178, 0, 14, 42, 7982 }, // U+04EA
    { 8, 13, 138, 0, 12, 26, 8024 }, // U+04EB
    { 9, 15, 150, 0, 14, 34, 8050 }, // U+04EC
    { 7, 13, 120, 0, 12, 23, 8084 }, // U+04ED
    { 11, 14, 156, 1, 13, 39, 8107 }, // U+04EE
    { 11, 14, 127, -3, 10, 39, 8146 }, // U+04EF
    { 11, 15, 156, 1, 14, 42, 8185 }, // U+04F0
    { 11, 16, 127, -3, 12, 44, 8227 }, // U+04F1
    { 11, 15, 156, 1, 14, 42, 8271 }, // U+04F2
    { 12, 16, 127, -3, 12, 48, 8313 }, // U+04F3
    { 12, 14, 182, 1, 14, 42, 8361 }, // U+04F4
    { 9, 13, 135, 0, 12, 30, 8403 }, // U+04F5
    { 11, 15, 135, -1, 11, 42, 8433 }, // U+04F6
    { 8, 13, 110, 0, 9, 26, 8475 }, // U+04F7
    { 16, 14, 220, -1, 14, 56, 8501 }, // U+04F8
    { 12, 13, 184, 0, 12, 39, 8557 }, // U+04F9
    { 11, 14, 135, -1, 11, 39, 8596 }, // U+04FA
    { 8, 12, 110, 0, 9, 24, 8635 }, // U+04FB
    { 12, 14, 158, -1, 11, 42, 8659 }, // U+04FC
    { 10, 12, 131, -1, 9, 30, 8701 }, // U+04FD
    { 12, 11, 158, -1, 11, 33, 8731 }, // U+04FE
    { 10, 9, 131, -1, 9, 23, 8764 }, // U+04FF
    { 11, 14, 169, -1, 11, 39, 0 }, // U+1EA0
    { 9, 12, 139, 0, 9, 27, 39 }, // U+1EA1
    { 11, 15, 169, -1, 15, 42, 66 }, // U+1EA2
    { 9, 14, 139, 0, 13, 32, 108 }, // U+1EA3
    { 13, 15, 169, -1, 15, 49, 140 }, // U+1EA4
    { 10, 14, 139, 0, 13, 35, 189 }, // U+1EA5
    { 11, 15, 169, -1, 15, 42, 224 }, // U+1EA6
    { 9, 14, 139, 0, 13, 32, 266 }, // U+1EA7
    { 12, 16, 169, -1, 16, 48, 298 }, // U+1EA8
    { 10, 14, 139, 0, 13, 35, 346 }, // U+1EA9
    { 11, 16, 169, -1, 16, 44, 381 }, // U+1EAA
    { 9, 15, 139, 0, 14, 34, 425 }, // U+1EAB
    { 11, 17, 169, -1, 14, 47, 459 }, // U+1EAC
    { 9, 15, 139, 0, 12, 34, 506 }, // U+1EAD
    { 11, 16, 169, -1, 16, 44, 540 }, // U+1EAE
    { 9, 14, 139, 0, 13, 32, 584 }, // U+1EAF
    { 11, 16, 169, -1, 16, 44, 616 }, // U+1EB0
    { 9, 14, 139, 0, 13, 32, 660 }, // U+1EB1
    { 11, 16, 169, -1, 16, 44, 692 }, // U+1EB2
    { 9, 15, 139, 0, 14, 34, 736 }, // U+1EB3
    { 11, 16, 169, -1, 16, 44, 770 }, // U+1EB4
    { 9, 15, 139, 0, 14, 34, 814 }, // U+1EB5
    { 11, 17, 169, -1, 14, 47, 848 }, // U+1EB6
    { 9, 15, 139, 0, 12, 34, 895 }, // U+1EB7
    { 11, 14, 150, -1, 11, 39, 929 }, // U+1EB8
    { 8, 12, 118, 0, 9, 24, 968 }, // U+1EB9
    { 11, 15, 150, -1, 15, 42, 992 }, // U+1EBA
    { 8, 14, 118, 0, 13, 28, 1034 }, // U+1EBB
    { 11, 14, 150, -1, 14, 39, 1062 }, // U+1EBC
    { 8, 13, 118, 0, 12, 26, 1101 }, // U+1EBD
    { 12, 15, 150, -1, 15, 45, 1127 }, // U+1EBE
    { 10, 14, 118, 0, 13, 35, 1172 }, // U+1EBF
    { 11, 15, 150, -1, 15, 42, 1207 }, // U+1EC0
    { 8, 14, 118, 0, 13, 28, 1249 }, // U+1EC1
    { 12, 16, 150, -1, 16, 48, 1277 }, // U+1EC2
    { 9, 14, 118, 0, 13, 32, 1325 }, // U+1EC3
    { 11, 16, 150, -1, 16, 44, 1357 }, // U+1EC4
    { 9, 15, 118, 0, 14, 34, 1401 }, // U+1EC5
    { 11, 17, 150, -1, 14, 47, 1435 }, // U+1EC6
    { 8, 15, 118, 0, 12, 30, 1482 }, // U+1EC7
    { 8, 15, 88, -1, 15, 30, 1512 }, // U+1EC8
    { 6, 14, 73, 0, 13, 21, 1542 }, // U+1EC9
    { 8, 14, 88, -1, 11, 28, 1563 }, // U+1ECA
    { 5, 15, 73, 0, 12, 19, 1591 }, // U+1ECB
    { 11, 14, 178, 0, 11, 39, 1610 }, // U+1ECC
    { 8, 12, 138, 0, 9, 24, 1649 }, // U+1ECD
    { 11, 16, 178, 0, 15, 44, 1673 }, // U+1ECE
    { 8, 14, 138, 0, 13, 28, 1717 }, // U+1ECF
    { 12, 16, 178, 0, 15, 48, 1745 }, // U+1ED0
    { 10, 14, 138, 0, 13, 35, 1793 }, // U+1ED1
    { 11, 16, 178, 0, 15, 44, 1828 }, // U+1ED2
    { 8, 14, 138, 0, 13, 28, 1872 }, // U+1ED3
    { 11, 17, 178, 0, 16, 47, 1900 }, // U+1ED4
    { 10, 14, 138, 0, 13, 35, 1947 }, // U+1ED5
    { 11, 17, 178, 0, 16, 47, 1982 }, // U+1ED6
    { 9, 15, 138, 0, 14, 34, 2029 }, // U+1ED7
    { 11, 17, 178, 0, 14, 47, 2063 }, // U+1ED8
    { 8, 15, 138, 0, 12, 30, 2110 }, // U+1ED9
    { 13, 15, 187, 0, 14, 49, 2140 }, // U+1EDA
    { 11, 13, 146, 0, 12, 36, 2189 }, // U+1EDB
    { 13, 15, 187, 0, 14, 49, 2225 }, // U+1EDC
    { 11, 13, 146, 0, 12, 36, 2274 }, // U+1EDD
    { 13, 16, 187, 0, 15, 52, 2310 }, // U+1EDE
    { 11, 14, 146, 0, 13, 39, 2362 }, // U+1EDF
    { 13, 15, 187, 0, 14, 49, 2401 }, // U+1EE0
    { 11, 13, 146, 0, 12, 36, 2450 }, // U+1EE1
    { 13, 15, 187, 0, 12, 49, 2486 }, // U+1EE2
    { 11, 13, 146, 0, 10, 36, 2535 }, // U+1EE3
    { 11, 14, 175, 1, 11, 39, 2571 }, // U+1EE4
    { 9, 12, 144, 0, 9, 27, 2610 }, // U+1EE5
    { 11, 16, 175, 1, 15, 44, 2637 }, // U+1EE6
    { 9, 14, 144, 0, 13, 32, 2681 }, // U+1EE7
    { 12, 15, 187, 1, 14, 45, 2713 }, // U+1EE8
    { 11, 13, 157, 0, 12, 36, 2758 }, // U+1EE9
    { 12, 15, 187, 1, 14, 45, 2794 }, // U+1EEA
    { 11, 13, 157, 0, 12, 36, 2839 }, // U+1EEB
    { 12, 16, 187, 1, 15, 48, 2875 }, // U+1EEC
    { 11, 14, 157, 0, 13, 39, 2923 }, // U+1EED
    { 12, 15, 187, 1, 14, 45, 2962 }, // U+1EEE
    { 11, 13, 157, 0, 12, 36, 3007 }, // U+1EEF
    { 12, 15, 187, 1, 12, 45, 3043 }, // U+1EF0
    { 11, 13, 157, 0, 10, 36, 3088 }, // U+1EF1
    { 10, 14, 150, 1, 14, 35, 3124 }, // U+1EF2
    { 11, 16, 127, -3, 12, 44, 3159 }, // U+1EF3
    { 10, 14, 150, 1, 11, 35, 3203 }, // U+1EF4
    { 11, 13, 127, -3, 9, 36, 3238 }, // U+1EF5
    { 10, 15, 150, 1, 15, 38, 3274 }, // U+1EF6
    { 11, 17, 127, -3, 13, 47, 3312 }, // U+1EF7
    { 10, 14, 150, 1, 14, 35, 3359 }, // U+1EF8
    { 11, 16, 127, -3, 12, 44, 3394 }, // U+1EF9
    { 0, 0, 120, 0, 0, 0, 0 }, // U+2000
    { 0, 0, 240, 0, 0, 0, 0 }, // U+2001
    { 0, 0, 120, 0, 0, 0, 0 }, // U+2002
    { 0, 0, 240, 0, 0, 0, 0 }, // U+2003
    { 0, 0, 80, 0, 0, 0, 0 }, // U+2004
    { 0, 0, 60, 0, 0, 0, 0 }, // U+2005
    { 0, 0, 40, 0, 0, 0, 0 }, // U+2006
    { 0, 0, 134, 0, 0, 0, 0 }, // U+2007
    { 0, 0, 60, 0, 0, 0, 0 }, // U+2008
    { 0, 0, 40, 0, 0, 0, 0 }, // U+2009
    { 0, 0, 24, 0, 0, 0, 0 }, // U+200A
    { 0, 0, 0, 0, 0, 0, 0 }, // U+200B
    { 2, 12, 0, -1, 10, 6, 0 }, // U+200C
    { 4, 13, 0, -2, 11, 13, 6 }, // U+200D
    { 5, 13, 0, -1, 11, 17, 19 }, // U+200E
    { 5, 13, 0, -4, 11, 17, 36 }, // U+200F
    { 5, 2, 74, 0, 5, 3, 53 }, // U+2010
    { 5, 2, 74, 0, 5, 3, 56 }, // U+2011
    { 8, 1, 134, 0, 6, 2, 59 }, // U+2012
    { 9, 2, 120, -1, 5, 5, 61 }, // U+2013
    { 17, 2, 240, -1, 5, 9, 66 }, // U+2014
    { 17, 2, 240, -1, 5, 9, 75 }, // U+2015
    { 5, 16, 134, 2, 12, 20, 84 }, // U+2016
    { 8, 4, 99, -2, 0, 8, 104 }, // U+2017
    { 4, 5, 60, 1, 11, 5, 112 }, // U+2018
    { 3, 5, 60, 1, 11, 4, 117 }, // U+2019
    { 4, 5, 60, -1, 2, 5, 121 }, // U+201A
    { 4, 5, 60, 1, 11, 5, 126 }, // U+201B
    { 7, 5, 108, 1, 11, 9, 131 }, // U+201C
    { 6, 5, 108, 1, 11, 8, 140 }, // U+201D
    { 7, 5, 108, -1, 2, 9, 148 }, // U+201E
    { 7, 5, 108, 1, 11, 9, 157 }, // U+201F
    { 7, 14, 108, 1, 12, 25, 166 }, // U+2020
    { 9, 14, 108, -1, 12, 32, 191 }, // U+2021
    { 5, 5, 87, 0, 8, 7, 223 }, // U+2022
    { 6, 6, 120, 2, 8, 9, 230 }, // U+2023
    { 3, 3, 69, 1, 7, 3, 239 }, // U+2024
    { 7, 3, 129, 1, 7, 6, 242 }, // U+2025
    { 12, 3, 206, 0, 2, 9, 248 }, // U+2026
    { 3, 3, 60, 0, 5, 3, 257 }, // U+2027
    { 0, 0, 144, 0, 0, 0, 260 }, // U+2028
    { 0, 0, 144, 0, 0, 0, 260 }, // U+2029
    { 5, 12, 0, -1, 10, 15, 260 }, // U+202A
    { 5, 12, 0, -4, 10, 15, 275 }, // U+202B
    { 4, 13, 0, -2, 11, 13, 290 }, // U+202C
    { 4, 13, 0, -2, 11, 13, 303 }, // U+202D
    { 4, 13, 0, -2, 11, 13, 316 }, // U+202E
    { 0, 0, 40, 0, 0, 0, 329 }, // U+202F
    { 19, 12, 308, 0, 11, 57, 329 }, // U+2030
    { 25, 12, 401, 0, 11, 75, 386 }, // U+2031
    { 4, 4, 53, 1, 11, 4, 461 }, // U+2032
    { 6, 4, 98, 1, 11, 6, 465 }, // U+2033
    { 9, 4, 143, 1, 11, 9, 471 }, // U+2034
    { 3, 4, 53, 1, 11, 3, 480 }, // U+2035
    { 6, 4, 98, 1, 11, 6, 483 }, // U+2036
    { 9, 4, 143, 1, 11, 9, 489 }, // U+2037
    { 6, 5, 96, -1, 1, 8, 498 }, // U+2038
    { 5, 6, 80, 0, 7, 8, 506 }, // U+2039
    { 5, 6, 80, 0, 7, 8, 514 }, // U+203A
    { 12, 11, 197, 0, 11, 33, 522 }, // U+203B
    { 9, 12, 134, 0, 11, 27, 555 }, // U+203C
    { 7, 12, 120, 1, 11, 21, 582 }, // U+203D
    { 8, 2, 110, 1, 13, 4, 603 }, // U+203E
    { 12, 4, 0, -11, 0, 12, 607 }, // U+203F
    { 12, 4, 0, -9, 13, 12, 619 }, // U+2040
    { 7, 11, 108, -1, 11, 20, 631 }, // U+2041
    { 15, 13, 240, 0, 12, 49, 651 }, // U+2042
    { 6, 3, 87, 0, 7, 5, 700 }, // U+2043
    { 9, 11, 15, -4, 11, 25, 705 }, // U+2044
    { 7, 14, 86, 0, 12, 25, 730 }, // U+2045
    { 7, 14, 86, -1, 12, 25, 755 }, // U+2046
    { 14, 12, 234, 1, 11, 42, 780 }, // U+2047
    { 11, 12, 189, 1, 11, 33, 822 }, // U+2048
    { 13, 12, 187, 0, 11, 39, 855 }, // U+2049
    { 8, 12, 134, 0, 9, 24, 894 }, // U+204A
    { 9, 14, 148, 1, 12, 32, 918 }, // U+204B
    { 9, 7, 143, 0, 9, 16, 950 }, // U+204C
    { 9, 7, 143, 0, 9, 16, 966 }, // U+204D
    { 8, 7, 120, 0, 9, 14, 982 }, // U+204E
    { 4, 12, 69, 0, 9, 12, 996 }, // U+204F
    { 10, 12, 175, 1, 11, 30, 1008 }, // U+2050
    { 9, 13, 120, 0, 12, 30, 1038 }, // U+2051
    { 6, 12, 79, 0, 11, 18, 1068 }, // U+2052
    { 8, 3, 134, 0, 7, 6, 1086 }, // U+2053
    { 12, 4, 0, -3, 0, 12, 1092 }, // U+2054
    { 7, 7, 130, 1, 9, 13, 1104 }, // U+2055
    { 8, 10, 147, 0, 9, 20, 1117 }, // U+2056
    { 12, 4, 188, 1, 11, 12, 1137 }, // U+2057
    { 10, 10, 170, 0, 9, 25, 1149 }, // U+2058
    { 9, 10, 170, 0, 9, 23, 1174 }, // U+2059
    { 3, 12, 69, 1, 11, 9, 1197 }, // U+205A
    { 9, 12, 170, 1, 11, 27, 1206 }, // U+205B
    { 9, 9, 167, 0, 9, 21, 1233 }, // U+205C
    { 3, 12, 69, 1, 11, 9, 1254 }, // U+205D
    { 3, 12, 69, 1, 11, 9, 1263 }, // U+205E
    { 0, 0, 53, 0, 0, 0, 1272 }, // U+205F
    { 0, 0, 144, 0, 0, 0, 1272 }, // U+2060
    { 0, 0, 144, 0, 0, 0, 1272 }, // U+2061
    { 0, 0, 144, 0, 0, 0, 1272 }, // U+2062
    { 0, 0, 144, 0, 0, 0, 1272 }, // U+2063
    { 0, 0, 144, 0, 0, 0, 1272 }, // U+2064
    { 0, 0, 144, 0, 0, 0, 1272 }, // U+2066
    { 0, 0, 144, 0, 0, 0, 1272 }, // U+2067
    { 0, 0, 144, 0, 0, 0, 1272 }, // U+2068
    { 0, 0, 144, 0, 0, 0, 1272 }, // U+2069
    { 4, 13, 0, -2, 11, 13, 1272 }, // U+206A
    { 4, 13, 0, -2, 11, 13, 1285 }, // U+206B
    { 4, 13, 0, -2, 11, 13, 1298 }, // U+206C
    { 4, 13, 0, -2, 11, 13, 1311 }, // U+206D
    { 4, 13, 0, -2, 11, 13, 1324 }, // U+206E
    { 4, 13, 0, -2, 11, 13, 1337 }, // U+206F
    { 6, 8, 96, 1, 13, 12, 0 }, // U+2070
    { 3, 8, 48, 1, 12, 6, 12 }, // U+2071
    { 7, 8, 96, 0, 13, 14, 18 }, // U+2074
    { 6, 8, 96, 1, 13, 12, 32 }, // U+2075
    { 6, 8, 96, 1, 13, 12, 44 }, // U+2076
    { 6, 8, 96, 1, 13, 12, 56 }, // U+2077
    { 6, 8, 96, 1, 13, 12, 68 }, // U+2078
    { 6, 8, 96, 1, 13, 12, 80 }, // U+2079
    { 6, 6, 94, 1, 12, 9, 92 }, // U+207A
    { 6, 2, 94, 1, 10, 3, 101 }, // U+207B
    { 6, 4, 94, 1, 11, 6, 104 }, // U+207C
    { 5, 10, 60, 1, 14, 13, 110 }, // U+207D
    { 5, 10, 60, -1, 14, 13, 123 }, // U+207E
    { 6, 6, 93, 1, 10, 9, 136 }, // U+207F
    { 7, 8, 96, -1, 6, 14, 145 }, // U+2080
    { 6, 8, 96, -1, 6, 12, 159 }, // U+2081
    { 6, 8, 96, -1, 6, 12, 171 }, // U+2082
    { 7, 8, 96, -1, 6, 14, 183 }, // U+2083
    { 6, 8, 96, -1, 6, 12, 197 }, // U+2084
    { 7, 8, 96, -1, 6, 14, 209 }, // U+2085
    { 6, 8, 96, 0, 6, 12, 223 }, // U+2086
    { 6, 8, 96, 0, 6, 12, 235 }, // U+2087
    { 7, 8, 96, -1, 6, 14, 247 }, // U+2088
    { 5, 8, 96, 0, 6, 10, 261 }, // U+2089
    { 6, 6, 94, -1, 5, 9, 271 }, // U+208A
    { 6, 2, 94, -1, 3, 3, 280 }, // U+208B
    { 6, 4, 94, -1, 4, 6, 283 }, // U+208C
    { 5, 10, 60, 0, 7, 13, 289 }, // U+208D
    { 5, 10, 60, -2, 7, 13, 302 }, // U+208E
    { 6, 6, 90, -1, 4, 9, 315 }, // U+2090
    { 5, 6, 77, -1, 4, 8, 324 }, // U+2091
    { 6, 6, 90, -1, 4, 9, 332 }, // U+2092
    { 6, 6, 85, -1, 4, 9, 341 }, // U+2093
    { 5, 6, 77, -1, 4, 8, 350 }, // U+2094
    { 6, 8, 93, -1, 6, 12, 358 }, // U+2095
    { 7, 8, 89, -1, 6, 14, 370 }, // U+2096
    { 4, 8, 48, -1, 6, 8, 384 }, // U+2097
    { 9, 6, 140, -1, 4, 14, 392 }, // U+2098
    { 6, 6, 93, -1, 4, 9, 406 }, // U+2099
    { 6, 8, 90, -1, 4, 12, 415 }, // U+209A
    { 5, 6, 72, -1, 4, 8, 427 }, // U+209B
    { 4, 7, 57, -1, 5, 7, 435 }, // U+209C
    { 10, 11, 153, 0, 11, 28, 0 }, // U+20A0
    { 9, 14, 134, 0, 12, 32, 28 }, // U+20A1
    { 10, 12, 145, 0, 11, 30, 60 }, // U+20A2
    { 10, 11, 134, -1, 11, 28, 90 }, // U+20A3
    { 10, 12, 134, -1, 11, 30, 118 }, // U+20A4
    { 14, 12, 215, 0, 10, 42, 148 }, // U+20A5
    { 12, 11, 166, -1, 11, 33, 190 }, // U+20A6
    { 13, 12, 197, -1, 11, 39, 223 }, // U+20A7
    { 16, 12, 245, -1, 11, 48, 262 }, // U+20A8
    { 17, 11, 251, 0, 11, 47, 310 }, // U+20A9
    { 11, 9, 214, 1, 9, 25, 357 }, // U+20AA
    { 10, 15, 139, 0, 12, 38, 382 }, // U+20AB
    { 9, 12, 134, 0, 11, 27, 420 }, // U+20AC
    { 12, 11, 156, -1, 11, 33, 447 }, // U+20AD
    { 10, 11, 134, 0, 11, 28, 480 }, // U+20AE
    { 16, 16, 240, -1, 13, 64, 508 }, // U+20AF
    { 9, 15, 134, -1, 11, 34, 572 }, // U+20B0
    { 11, 11, 149, -1, 11, 31, 606 }, // U+20B1
    { 11, 14, 171, 0, 12, 39, 637 }, // U+20B2
    { 12, 11, 169, -1, 11, 33, 676 }, // U+20B3
    { 10, 12, 132, -1, 11, 30, 709 }, // U+20B4
    { 10, 14, 150, 0, 12, 35, 739 }, // U+20B5
    { 9, 12, 132, 0, 11, 27, 774 }, // U+20B6
    { 9, 13, 134, 0, 11, 30, 801 }, // U+20B7
    { 10, 11, 134, 0, 11, 28, 831 }, // U+20B8
    { 9, 11, 134, 0, 11, 25, 859 }, // U+20B9
    { 9, 11, 134, -1, 11, 25, 884 }, // U+20BA
    { 9, 12, 157, 1, 11, 27, 909 }, // U+20BB
    { 11, 11, 189, 0, 11, 31, 936 }, // U+20BC
    { 11, 11, 142, -1, 11, 31, 967 }, // U+20BD
    { 9, 12, 134, 0, 12, 27, 998 }, // U+20BE
    { 9, 14, 134, -1, 12, 32, 1025 }, // U+20BF
    { 5, 2, 74, 0, 5, 3, 0 }, // U+2212
    { 15, 16, 148, -3, 12, 60, 0 }, // U+FB00
    { 12, 16, 143, -3, 12, 48, 60 }, // U+FB01
    { 12, 16, 142, -3, 12, 48, 108 }, // U+FB02
    { 17, 16, 214, -3, 12, 68, 156 }, // U+FB03
    { 17, 16, 214, -3, 12, 68, 224 }, // U+FB04
    { 13, 16, 158, -3, 12, 52, 292 }, // U+FB05
    { 13, 13, 200, 0, 12, 43, 344 }, // U+FB06
    { 15, 15, 240, 0, 12, 57, 0 }, // U+FFFD
};

static const EpdUnicodeInterval notoserif_c15_italicIntervals[] = {
    { 0x0, 0x0, 0x0 },
    { 0xD, 0xD, 0x1 },
    { 0x20, 0x7E, 0x2 },
    { 0xA0, 0x17F, 0x61 },
    { 0x1A0, 0x1A1, 0x141 },
    { 0x1AF, 0x1B0, 0x143 },
    { 0x1C4, 0x21F, 0x145 },
    { 0x250, 0x36F, 0x1A1 },
    { 0x400, 0x4FF, 0x2C1 },
    { 0x1EA0, 0x1EF9, 0x3C1 },
    { 0x2000, 0x2064, 0x41B },
    { 0x2066, 0x2071, 0x480 },
    { 0x2074, 0x208E, 0x48C },
    { 0x2090, 0x209C, 0x4A7 },
    { 0x20A0, 0x20BF, 0x4B4 },
    { 0x2212, 0x2212, 0x4D4 },
    { 0xFB00, 0xFB06, 0x4D5 },
    { 0xFFFD, 0xFFFD, 0x4DC },
};

static const EpdFontGroup notoserif_c15_italicGroups[] = {
    { 0, 1650, 2629, 97, 0 },
    { 1650, 1399, 2967, 96, 97 },
    { 3049, 1822, 4945, 128, 193 },
    { 4871, 1815, 4246, 96, 321 },
    { 6686, 2181, 3807, 176, 417 },
    { 8867, 555, 731, 112, 593 },
    { 9422, 4667, 9871, 256, 705 },
    { 14089, 990, 3873, 90, 961 },
    { 15079, 980, 1595, 111, 1051 },
    { 16059, 431, 585, 42, 1162 },
    { 16490, 917, 1235, 32, 1204 },
    { 17407, 6, 4, 1, 1236 },
    { 17413, 238, 436, 7, 1237 },
    { 17651, 55, 60, 1, 1244 },
};

static const uint16_t notoserif_c15_italicKernLeftCodepoints[] = {
    0x0022, 0x0026, 0x0027, 0x0028, 0x002A, 0x002C, 0x002D, 0x002E, 0x0041, 0x0042, 0x0043, 0x0044,
    0x0045, 0x0046, 0x0047, 0x004A, 0x004B, 0x004C, 0x004E, 0x004F, 0x0050, 0x0051, 0x0052, 0x0053,
    0x0054, 0x0055, 0x0056, 0x0057, 0x0058, 0x0059, 0x005B, 0x005F, 0x0061, 0x0062, 0x0063, 0x0065,
    0x0066, 0x0068, 0x006B, 0x006D, 0x006E, 0x006F, 0x0070, 0x0071, 0x0072, 0x0073, 0x0076, 0x0077,
    0x0079, 0x007A, 0x007B, 0x00A1, 0x00AB, 0x00BF, 0x00C0, 0x00C1, 0x00C2, 0x00C3, 0x00C4, 0x00C5,
    0x00C6, 0x00C7, 0x00C8, 0x00C9, 0x00CA, 0x00CB, 0x00D0, 0x00D1, 0x00D2, 0x00D3, 0x00D4, 0x00D5,
    0x00D6, 0x00D8, 0x00D9, 0x00DA, 0x00DB, 0x00DC, 0x00DD, 0x00DE, 0x00DF, 0x00E0, 0x00E1, 0x00E2,
    0x00E3, 0x00E4, 0x00E5, 0x00E6, 0x00E7, 0x00E8, 0x00E9, 0x00EA, 0x00EB, 0x00F0, 0x00F1, 0x00F2,
    0x00F3, 0x00F4, 0x00F5, 0x00F6, 0x00F8, 0x00F9, 0x00FA, 0x00FB, 0x00FC, 0x00FD, 0x00FE, 0x00FF,
    0x0100, 0x0101, 0x0102, 0x0103, 0x0104, 0x0105, 0x0106, 0x0107, 0x0108, 0x0109, 0x010A, 0x010B,
    0x010C, 0x010D, 0x010E, 0x010F, 0x0110, 0x0112, 0x0113, 0x0114, 0x0115, 0x0116, 0x0117, 0x0118,
    0x0119, 0x011A, 0x011B, 0x011C, 0x011E, 0x0120, 0x0122, 0x0125, 0x0127, 0x0132, 0x0134, 0x0136,
    0x0137, 0x0138, 0x0139, 0x013B, 0x013D, 0x013E, 0x0141, 0x0143, 0x0144, 0x0145, 0x0146, 0x0147,
    0x0148, 0x0149, 0x014A, 0x014B, 0x014C, 0x014D, 0x014E, 0x014F, 0x0150, 0x0151, 0x0152, 0x0153,
    0x0154, 0x0155, 0x0156, 0x0157, 0x0158, 0x0159, 0x015A, 0x015B, 0x015C, 0x015D, 0x015E, 0x015F,
    0x0160, 0x0161, 0x0162, 0x0164, 0x0166, 0x0168, 0x0169, 0x016A, 0x016B, 0x016C, 0x016D, 0x016E,
    0x016F, 0x0170, 0x0171, 0x0172, 0x0173, 0x0174, 0x0175, 0x0176, 0x0177, 0x0178, 0x017A, 0x017C,
    0x017E, 0x01A0, 0x01A1, 0x01AF, 0x01B0, 0x01FA, 0x01FB, 0x01FC, 0x01FD, 0x01FE, 0x01FF, 0x0218,
    0x0219, 0x021A, 0x02B0, 0x02B7, 0x02B8, 0x0400, 0x0401, 0x0402, 0x0403, 0x0404, 0x0405, 0x0406,
    0x0407, 0x0408, 0x0409, 0x040A, 0x040B, 0x040C, 0x040D, 0x040E, 0x040F, 0x0410, 0x0411, 0x0412,
    0x0413, 0x0414, 0x0415, 0x0416, 0x0417, 0x0418, 0x0419, 0x041A, 0x041B, 0x041C, 0x041D, 0x041E,
    0x041F, 0x0420, 0x0421, 0x0422, 0x0423, 0x0424, 0x0425, 0x0426, 0x0427, 0x0428, 0x0429, 0x042A,
    0x042B, 0x042C, 0x042D, 0x042E, 0x042F, 0x0430, 0x0431, 0x0432, 0x0433, 0x0434, 0x0435, 0x0436,
    0x0437, 0x0438, 0x0439, 0x043A, 0x043B, 0x043C, 0x043D, 0x043E, 0x043F, 0x0440, 0x0441, 0x0442,
    0x0443, 0x0444, 0x0445, 0x0446, 0x0447, 0x0448, 0x0449, 0x044A, 0x044B, 0x044C, 0x044D, 0x044E,
    0x044F, 0x0450, 0x0451, 0x0452, 0x0453, 0x0454, 0x0455, 0x0456, 0x0457, 0x0458, 0x0459, 0x045A,
    0x045B, 0x045C, 0x045D, 0x045E, 0x045F, 0x0460, 0x0461, 0x0462, 0x0464, 0x0465, 0x0466, 0x0468,
    0x046A, 0x046C, 0x046E, 0x046F, 0x0470, 0x0471, 0x0472, 0x0473, 0x0474, 0x0475, 0x0476, 0x0477,
    0x0478, 0x0479, 0x047A, 0x047B, 0x047C, 0x047D, 0x047E, 0x047F, 0x0480, 0x0481, 0x048A, 0x048B,
    0x048C, 0x048E, 0x048F, 0x0490, 0x0491, 0x0492, 0x0493, 0x0494, 0x0496, 0x0497, 0x0498, 0x0499,
    0x049A, 0x049B, 0x049C, 0x049D, 0x049E, 0x049F, 0x04A0, 0x04A1, 0x04A2, 0x04A3, 0x04A4, 0x04A6,
    0x04AA, 0x04AB, 0x04AC, 0x04AD, 0x04AE, 0x04AF, 0x04B0, 0x04B1, 0x04B2, 0x04B3, 0x04B4, 0x04B5,
    0x04B6, 0x04B7, 0x04B8, 0x04B9, 0x04BA, 0x04BB, 0x04BC, 0x04BD, 0x04BE, 0x04BF, 0x04C1, 0x04C2,
    0x04C3, 0x04C5, 0x04C6, 0x04C7, 0x04C9, 0x04CA, 0x04CC, 0x04CD, 0x04CE, 0x04D0, 0x04D1, 0x04D2,
    0x04D3, 0x04D4, 0x04D5, 0x04D6, 0x04D7, 0x04D8, 0x04D9, 0x04DA, 0x04DB, 0x04DC, 0x04DD, 0x04DE,
    0x04DF, 0x04E0, 0x04E1, 0x04E2, 0x04E3, 0x04E4, 0x04E5, 0x04E6, 0x04E7, 0x04E8, 0x04E9, 0x04EA,
    0x04EB, 0x04EC, 0x04ED, 0x04EE, 0x04EF, 0x04F0, 0x04F1, 0x04F2, 0x04F3, 0x04F4, 0x04F5, 0x04F6,
    0x04F7, 0x04F8, 0x04F9, 0x04FA, 0x04FB, 0x04FC, 0x04FD, 0x04FE, 0x04FF, 0x1EA0, 0x1EA1, 0x1EA2,
    0x1EA3, 0x1EA4, 0x1EA5, 0x1EA6, 0x1EA7, 0x1EA8, 0x1EA9, 0x1EAA, 0x1EAB, 0x1EAC, 0x1EAD, 0x1EAE,
    0x1EAF, 0x1EB0, 0x1EB1, 0x1EB2, 0x1EB3, 0x1EB4, 0x1EB5, 0x1EB6, 0x1EB7, 0x1EB8, 0x1EB9, 0x1EBA,
    0x1EBB, 0x1EBC, 0x1EBD, 0x1EBE, 0x1EBF, 0x1EC0, 0x1EC1, 0x1EC2, 0x1EC3, 0x1EC4, 0x1EC5, 0x1EC6,
    0x1EC7, 0x1ECC, 0x1ECD, 0x1ECE, 0x1ECF, 0x1ED0, 0x1ED1, 0x1ED2, 0x1ED3, 0x1ED4, 0x1ED5, 0x1ED6,
    0x1ED7, 0x1ED8, 0x1ED9, 0x1EDA, 0x1EDB, 0x1EDC, 0x1EDD, 0x1EDE, 0x1EDF, 0x1EE0, 0x1EE1, 0x1EE2,
    0x1EE3, 0x1EE4, 0x1EE5, 0x1EE6, 0x1EE7, 0x1EE8, 0x1EE9, 0x1EEA, 0x1EEB, 0x1EEC, 0x1EED, 0x1EEE,
    0x1EEF, 0x1EF0, 0x1EF1, 0x1EF2, 0x1EF3, 0x1EF4, 0x1EF5, 0x1EF6, 0x1EF7, 0x1EF8, 0x1EF9, 0x2013,
    0x2014, 0x2015, 0x2018, 0x2019, 0x201A, 0x201C, 0x201D, 0x201E, 0x2039, 0x207D, 0x208D, 0x2090,
    0x2092, 0xFB00,
};

static const uint8_t notoserif_c15_italicKernLeftClassIds[] = {
      1,   2,   1,   3,   4,   5,   6,   5,   7,   8,   9,  10,  11,  12,  13,  14,
     15,  16,  17,  10,  18,  10,  19,  20,  21,  22,  23,  24,  25,  26,   3,  27,
     28,  29,  30,  30,  31,  28,  32,  28,  28,  29,  29,  33,  34,  35,  36,  37,
     38,  39,   3,  40,  41,  42,  43,  43,  43,  43,  43,  43,  11,   9,  11,  11,
     11,  11,  10,  17,  10,  10,  10,  10,  10,  10,  22,  22,  22,  22,  26,  10,
     35,  28,  28,  28,  28,  28,  28,  30,  30,  30,  30,  30,  30,  29,  28,  29,
     29,  29,  29,  29,  29,  28,  28,  28,  28,  38,  29,  38,   7,  28,  43,  28,
     43,  28,   9,  30,   9,  30,   9,  30,   9,  30,  10,  44,  10,  11,  30,  11,
     30,  11,  30,  11,  30,  11,  30,  13,  13,  13,  13,  28,  28,  14,  14,  15,
     32,  32,  16,  16,  45,  44,  16,  17,  28,  17,  28,  17,  28,  28,  14,  28,
     10,  29,  10,  29,  10,  29,  11,  30,  19,  34,  19,  34,  19,  34,  20,  35,
     20,  35,  20,  35,  20,  35,  21,  21,  21,  22,  28,  22,  28,  22,  28,  22,
     28,  22,  28,  22,  28,  24,  37,  26,  38,  26,  39,  39,  39,  46,  47,  48,
     49,   7,  28,  11,  30,  10,  29,  20,  35,  21,  50,  51,  52,  53,  53,  54,
     55,  56,  57,  58,  58,  59,  60,  60,  61,  62,  58,  63,  58,  64,  65,  66,
     55,  67,  53,  62,  66,  58,  58,  62,  58,  58,  58,  68,  58,  69,  56,  55,
     63,  70,  71,  67,  58,  58,  67,  60,  58,  60,  68,  68,  58,  72,  73,  74,
     75,  76,  77,  78,  74,  72,  72,  79,  72,  72,  72,  80,  81,  80,  82,  81,
     83,  80,  79,  84,  72,  72,  84,  85,  72,  85,  80,  80,  72,  77,  77,  86,
     75,  82,  87,  72,  88,  89,  85,  85,  81,  79,  72,  83,  72,  68,  90,  60,
     56,  75,  64,  64,  91,  91,  66,  75,  92,  93,  68,  74,  63,  93,  63,  93,
     94,  83,  68,  74,  68,  74,  68,  90,  56,  75,  67,  84,  60,  69,  74,  95,
     96,  95,  96,  61,  62,  82,  66,  75,  62,  82,  62,  82,  62,  82,  62,  82,
     67,  84,  95,  61,  56,  75,  95,  84,  92,  93,  92,  93,  71,  79,  67,  84,
     67,  84,  58,  72,  61,  85,  97,  77,  97,  77,  62,  82,  61,  67,  84,  59,
     67,  84,  84,  67,  84,  64,  84,  64,  84,  53,  77,  53,  77,  68,  74,  68,
     74,  62,  82,  66,  74,  66,  98,  58,  84,  58,  84,  68,  74,  68,  74,  68,
     74,  68,  80,  63,  83,  63,  83,  63,  83,  58,  72,  95,  96,  58,  72,  95,
     96,  71,  79,  71,  99,  43,  28,  43,  28,  43,  28,  43,  28,  43,  28,  43,
     28,  43,  28,  43,  28,  43,  28,  43,  28,  43,  28,  43,  28,  11,  30,  11,
     30,  11,  30,  11,  30,  11,  30,  11,  30,  11,  30,  11,  30,  10,  29,  10,
     29,  10,  29,  10,  29,  10,  29,  10,  29,  10, 100,  46,  47,  46,  47,  46,
     47,  46,  47,  46,  47,  22,  28,  22,  28,  48,  49,  48,  49,  48,  49,  48,
     49,  48,  49,  26,  38,  26,  38,  26,  38,  26,  38,   6,   6,   6, 101, 102,
      5, 101, 102,   5,  41, 103, 104, 105, 106,  31,
};

static const uint16_t notoserif_c15_italicKernRightCodepoints[] = {
    0x0022, 0x0026, 0x0027, 0x0029, 0x002A, 0x002C, 0x002D, 0x002E, 0x003A, 0x003B, 0x003F, 0x0041,
    0x0042, 0x0043, 0x0044, 0x0045, 0x0046, 0x0047, 0x0048, 0x0049, 0x004A, 0x004B, 0x004C, 0x004D,
    0x004E, 0x004F, 0x0050, 0x0051, 0x0052, 0x0053, 0x0054, 0x0055, 0x0056, 0x0057, 0x0058, 0x0059,
    0x005A, 0x005C, 0x005D, 0x005F, 0x0061, 0x0062, 0x0063, 0x0064, 0x0065, 0x0067, 0x0068, 0x0069,
    0x006B, 0x006C, 0x006D, 0x006E, 0x006F, 0x0070, 0x0071, 0x0072, 0x0073, 0x0074, 0x0075, 0x0076,
    0x0077, 0x0078, 0x0079, 0x007A, 0x007D, 0x00A9, 0x00AE, 0x00BB, 0x00C0, 0x00C1, 0x00C2, 0x00C3,
    0x00C4, 0x00C5, 0x00C6, 0x00C7, 0x00C8, 0x00C9, 0x00CA, 0x00CB, 0x00CC, 0x00CD, 0x00CE, 0x00CF,
    0x00D0, 0x00D1, 0x00D2, 0x00D3, 0x00D4, 0x00D5, 0x00D6, 0x00D8, 0x00D9, 0x00DA, 0x00DB, 0x00DC,
    0x00DD, 0x00DE, 0x00E0, 0x00E1, 0x00E2, 0x00E3, 0x00E4, 0x00E5, 0x00E6, 0x00E7, 0x00E8, 0x00E9,
    0x00EA, 0x00EB, 0x00EC, 0x00ED, 0x00EE, 0x00EF, 0x00F0, 0x00F1, 0x00F2, 0x00F3, 0x00F4, 0x00F5,
    0x00F6, 0x00F8, 0x00F9, 0x00FA, 0x00FB, 0x00FC, 0x00FD, 0x00FE, 0x00FF, 0x0100, 0x0101, 0x0102,
    0x0103, 0x0104, 0x0105, 0x0106, 0x0107, 0x0108, 0x0109, 0x010A, 0x010B, 0x010C, 0x010D, 0x010E,
    0x010F, 0x0110, 0x0111, 0x0112, 0x0113, 0x0114, 0x0115, 0x0116, 0x0117, 0x0118, 0x0119, 0x011A,
    0x011B, 0x011C, 0x011D, 0x011E, 0x011F, 0x0120, 0x0121, 0x0122, 0x0123, 0x0124, 0x0125, 0x0126,
    0x0127, 0x0128, 0x0129, 0x012A, 0x012B, 0x012C, 0x012D, 0x012E, 0x012F, 0x0130, 0x0132, 0x0133,
    0x0134, 0x0136, 0x0137, 0x0138, 0x0139, 0x013A, 0x013B, 0x013C, 0x013D, 0x013E, 0x013F, 0x0140,
    0x0141, 0x0142, 0x0143, 0x0144, 0x0145, 0x0146, 0x0147, 0x0148, 0x0149, 0x014A, 0x014B, 0x014C,
    0x014D, 0x014E, 0x014F, 0x0150, 0x0151, 0x0152, 0x0153, 0x0154, 0x0155, 0x0156, 0x0157, 0x0158,
    0x0159, 0x015A, 0x015B, 0x015C, 0x015D, 0x015E, 0x015F, 0x0160, 0x0161, 0x0163, 0x0165, 0x0167,
    0x0168, 0x0169, 0x016A, 0x016B, 0x016C, 0x016D, 0x016E, 0x016F, 0x0170, 0x0171, 0x0172, 0x0173,
    0x0174, 0x0175, 0x0176, 0x0177, 0x0178, 0x0179, 0x017A, 0x017B, 0x017C, 0x017D, 0x017E, 0x01A0,
    0x01A1, 0x01AF, 0x01B0, 0x01FA, 0x01FB, 0x01FC, 0x01FD, 0x01FE, 0x01FF, 0x0218, 0x0219, 0x021B,
    0x021E, 0x0400, 0x0401, 0x0402, 0x0403, 0x0404, 0x0405, 0x0406, 0x0407, 0x0408, 0x0409, 0x040A,
    0x040B, 0x040C, 0x040D, 0x040E, 0x040F, 0x0410, 0x0411, 0x0412, 0x0413, 0x0414, 0x0415, 0x0416,
    0x0417, 0x0418, 0x0419, 0x041A, 0x041B, 0x041C, 0x041D, 0x041E, 0x041F, 0x0420, 0x0421, 0x0422,
    0x0423, 0x0424, 0x0425, 0x0426, 0x0427, 0x0428, 0x0429, 0x042A, 0x042B, 0x042C, 0x042D, 0x042E,
    0x042F, 0x0430, 0x0431, 0x0432, 0x0433, 0x0434, 0x0435, 0x0436, 0x0437, 0x0438, 0x0439, 0x043A,
    0x043B, 0x043C, 0x043D, 0x043E, 0x043F, 0x0440, 0x0441, 0x0442, 0x0443, 0x0444, 0x0445, 0x0446,
    0x0447, 0x0448, 0x0449, 0x044A, 0x044B, 0x044C, 0x044D, 0x044E, 0x044F, 0x0450, 0x0451, 0x0452,
    0x0453, 0x0454, 0x0455, 0x0456, 0x0457, 0x0458, 0x0459, 0x045A, 0x045B, 0x045C, 0x045D, 0x045E,
    0x045F, 0x0460, 0x0461, 0x0466, 0x046A, 0x046E, 0x0470, 0x0471, 0x0472, 0x0473, 0x0474, 0x0475,
    0x0476, 0x0477, 0x0478, 0x0479, 0x047A, 0x047B, 0x047C, 0x047D, 0x047E, 0x047F, 0x0480, 0x0481,
    0x048B, 0x048F, 0x0496, 0x0497, 0x0498, 0x0499, 0x049F, 0x04A0, 0x04A1, 0x04A8, 0x04A9, 0x04AA,
    0x04AB, 0x04AC, 0x04AE, 0x04AF, 0x04B0, 0x04B1, 0x04B2, 0x04B3, 0x04B4, 0x04B5, 0x04B6, 0x04B7,
    0x04B8, 0x04B9, 0x04C1, 0x04C2, 0x04C5, 0x04C6, 0x04CB, 0x04CC, 0x04CE, 0x04D0, 0x04D1, 0x04D2,
    0x04D3, 0x04D4, 0x04D5, 0x04D7, 0x04D9, 0x04DB, 0x04DC, 0x04DD, 0x04DE, 0x04DF, 0x04E0, 0x04E2,
    0x04E3, 0x04E4, 0x04E5, 0x04E6, 0x04E7, 0x04E8, 0x04E9, 0x04EA, 0x04EB, 0x04EC, 0x04ED, 0x04EE,
    0x04EF, 0x04F0, 0x04F1, 0x04F2, 0x04F3, 0x04F4, 0x04F5, 0x04F8, 0x04F9, 0x04FC, 0x04FD, 0x04FE,
    0x1EA0, 0x1EA1, 0x1EA2, 0x1EA3, 0x1EA4, 0x1EA5, 0x1EA6, 0x1EA7, 0x1EA8, 0x1EA9, 0x1EAA, 0x1EAB,
    0x1EAC, 0x1EAD, 0x1EAE, 0x1EAF, 0x1EB0, 0x1EB1, 0x1EB2, 0x1EB3, 0x1EB4, 0x1EB5, 0x1EB6, 0x1EB7,
    0x1EB8, 0x1EB9, 0x1EBA, 0x1EBB, 0x1EBC, 0x1EBD, 0x1EBE, 0x1EBF, 0x1EC0, 0x1EC1, 0x1EC2, 0x1EC3,
    0x1EC4, 0x1EC5, 0x1EC6, 0x1EC7, 0x1EC9, 0x1ECB, 0x1ECC, 0x1ECD, 0x1ECE, 0x1ECF, 0x1ED0, 0x1ED1,
    0x1ED2, 0x1ED3, 0x1ED4, 0x1ED5, 0x1ED6, 0x1ED7, 0x1ED8, 0x1ED9, 0x1EDA, 0x1EDB, 0x1EDC, 0x1EDD,
    0x1EDE, 0x1EDF, 0x1EE0, 0x1EE1, 0x1EE2, 0x1EE3, 0x1EE4, 0x1EE5, 0x1EE6, 0x1EE7, 0x1EE8, 0x1EE9,
    0x1EEA, 0x1EEB, 0x1EEC, 0x1EED, 0x1EEE, 0x1EEF, 0x1EF0, 0x1EF1, 0x1EF2, 0x1EF3, 0x1EF4, 0x1EF5,
    0x1EF6, 0x1EF7, 0x1EF8, 0x1EF9, 0x2013, 0x2014, 0x2015, 0x2018, 0x2019, 0x201A, 0x201C, 0x201D,
    0x201E, 0x2026, 0x203A, 0x207E, 0x208E,
};

static const uint8_t notoserif_c15_italicKernRightClassIds[] = {
      1,   2,   1,   3,   4,   5,   6,   7,   8,   8,   9,  10,  11,  12,  11,  11,
     11,  12,  11,  11,  11,  11,  11,  11,  11,  12,  11,  12,  11,  13,  14,  15,
     16,  17,  18,  19,  20,  21,   3,  22,  23,  24,  25,  25,  25,  26,  24,  27,
     24,  28,  29,  29,  25,  29,  25,  29,  30,  31,  32,  33,  34,  35,  36,  37,
      3,  38,  38,  39,  10,  10,  10,  10,  10,  10,  40,  12,  11,  11,  11,  11,
     11,  11,  11,  11,  11,  11,  12,  12,  12,  12,  12,  12,  15,  15,  15,  15,
     19,  11,  23,  23,  23,  23,  23,  23,  23,  25,  25,  25,  25,  25,  27,  27,
     27,  27,  25,  29,  25,  25,  25,  25,  25,  25,  32,  32,  32,  32,  36,  24,
     36,  10,  23,  10,  23,  10,  23,  12,  25,  12,  25,  12,  25,  12,  25,  11,
     25,  11,  25,  11,  25,  11,  25,  11,  25,  11,  25,  11,  25,  12,  25,  12,
     25,  12,  25,  12,  25,  11,  24,  11,  24,  11,  27,  11,  27,  11,  27,  11,
     27,  11,  11,  27,  11,  11,  24,  29,  11,  28,  11,  28,  11,  28,  11,  28,
     11,  28,  11,  29,  11,  29,  11,  29,  41,  11,  29,  12,  25,  12,  25,  12,
     25,  12,  25,  11,  29,  11,  29,  11,  29,  13,  30,  13,  30,  13,  30,  13,
     30,  31,  31,  31,  15,  32,  15,  32,  15,  32,  15,  32,  15,  32,  15,  32,
     17,  34,  19,  36,  19,  20,  37,  20,  37,  20,  37,  12,  25,  15,  32,  10,
     23,  40,  23,  12,  25,  13,  30,  31,  11,  42,  42,  43,  42,  44,  45,  42,
     42,  46,  47,  42,  43,  42,  42,  48,  42,  49,  42,  42,  42,  50,  42,  51,
     52,  42,  42,  42,  47,  42,  42,  44,  42,  42,  44,  43,  48,  53,  54,  42,
     55,  42,  42,  43,  42,  42,  52,  42,  56,  57,  58,  57,  59,  60,  57,  61,
     62,  63,  63,  64,  65,  65,  64,  57,  64,  66,  57,  64,  67,  57,  68,  63,
     69,  63,  63,  70,  63,  63,  61,  64,  71,  57,  57,  72,  59,  57,  73,  74,
     75,  76,  65,  64,  72,  64,  63,  67,  63,  77,  78,  49,  79,  52,  80,  63,
     77,  81,  80,  82,  80,  82,  77,  81,  77,  81,  77,  81,  77,  78,  77,  81,
     63,  66,  51,  61,  52,  61,  72,  83,  70,  77,  81,  77,  81,  83,  80,  82,
     80,  82,  54,  68,  83,  70,  55,  69,  55,  69,  51,  61,  50,  65,  55,  69,
     84,  49,  81,  49,  81,  85,  81,  81,  81,  81,  51,  61,  52,  61,  52,  42,
     63,  42,  63,  77,  81,  77,  81,  77,  81,  52,  61,  48,  67,  48,  67,  48,
     67,  55,  69,  42,  63,  54,  68,  54,  10,  23,  10,  23,  10,  23,  10,  23,
     10,  23,  10,  23,  10,  23,  10,  23,  10,  23,  10,  23,  10,  23,  10,  23,
     11,  25,  11,  25,  11,  25,  11,  25,  11,  25,  11,  25,  11,  25,  11,  25,
     86,  86,  12,  25,  12,  25,  12,  25,  12,  25,  12,  25,  12,  25,  12,  25,
     12,  25,  12,  25,  12,  25,  12,  25,  12,  25,  15,  32,  15,  32,  15,  32,
     15,  32,  15,  32,  15,  32,  15,  32,  19,  36,  19,  36,  19,  36,  19,  36,
      6,   6,   6,  87,   4,  88,  87,   4,  88,  88,  39,  89,  90,
};

static const uint16_t notoserif_c15_italicKernRowOffsets[] = {
        0,     8,    13,    23,    35,    56,    63,    81,    92,    93,   104,   107,   116,   121,   125,   132,
      141,   145,   151,   161,   170,   181,   187,   198,   210,   217,   231,   245,   252,   257,   260,   265,
      267,   269,   280,   284,   290,   296,   300,   305,   309,   314,   319,   337,   352,   355,   371,   382,
      401,   405,   407,   410,   413,   420,   441,   467,   471,   480,   482,   490,   511,   542,   564,   595,
      621,   643,   664,   679,   699,   719,   745,   763,   781,   800,   815,   826,   838,   843,   853,   866,
      885,   905,   914,   934,   962,   977,   983,   990,  1009,  1012,  1013,  1016,  1018,  1019,  1022,  1031,
     1039,  1043,  1045,  1046,  1047,  1064,  1088,  1089,  1090,  1092,  1093,
};

static const uint8_t notoserif_c15_italicKernSparseCols[] = {
      9,  25,  26,  39,  48,  49,  64,  84,  13,  14,  15,  16,  18,  43,  45,  46,
     47,  49,  52,  64,  68,  74,  75,   1,   4,   6,   9,  39,  47,  48,  49,  64,
     80,  84,  87,  11,  13,  14,  15,  16,  18,  32,  33,  35,  42,  43,  46,  47,
     49,  52,  54,  66,  68,  69,  76,  82,  42,  47,  48,  49,  53,  54,  67,   0,
      1,   3,  11,  13,  14,  15,  16,  18,  24,  25,  31,  32,  33,  35,  37,  40,
     86,   3,   9,  13,  15,  16,  17,  18,  19,  33,  35,  39,   1,   0,   4,   6,
      9,  13,  15,  16,  17,  18,  39,  87,  15,  16,  18,   1,   4,   6,   9,  22,
     24,  25,  39,  87,  13,  15,  16,  18,  39,   4,   6,   9,  87,   1,  11,  24,
     25,  31,  33,  35,   0,   3,  13,  14,  15,  16,  18,  32,  86,   1,   4,   6,
     87,   1,   4,   6,   9,  39,  87,   1,   3,  11,  13,  14,  15,  16,  18,  33,
     35,   9,  13,  15,  16,  17,  18,  33,  35,  39,   1,   4,   6,   9,  11,  22,
     24,  25,  39,  40,  87,   1,   4,   6,   9,  39,  87,   1,   4,   6,   9,  11,
     22,  24,  25,  29,  39,  87,   1,   4,   6,   9,  11,  22,  24,  25,  29,  34,
     39,  87,  11,  12,  24,  25,  33,  35,  37,   1,   4,   6,   9,  11,  12,  22,
     24,  25,  29,  34,  36,  39,  87,  42,  43,  45,  47,  49,  52,  54,  56,  57,
     59,  66,  68,  69,  75,   0,  13,  15,  16,  18,  35,  86,  13,  15,  16,  18,
     35,  15,  16,  18,   0,   2,   3,  20,  86,  24,  25,  16,  18,   3,   4,   6,
     15,  16,  17,  18,  22,  24,  25,  87,   0,  15,  16,  18,   4,   6,  15,  16,
     18,  87,   4,   6,  15,  16,  18,  87,   4,   6,  16,  87,   3,  15,  16,  18,
     86,  13,  14,  15,  18,  42,  47,  48,  52,  54,  13,  14,  15,  16,  18,   0,
      1,   3,  11,  13,  14,  15,  16,  18,  24,  25,  31,  32,  33,  35,  37,  40,
     86,   0,   2,   3,   8,  10,  13,  14,  15,  16,  17,  18,  19,  23,  27,  86,
      3,  13,  15,   4,   6,   9,  13,  15,  16,  18,  22,  24,  25,  29,  30,  33,
     34,  35,  87,   3,   4,   6,  26,  28,  30,  31,  33,  35,  85,  87,   4,   6,
      9,  11,  14,  15,  18,  22,  23,  24,  25,  28,  29,  30,  31,  33,  35,  36,
     87,   3,  26,  28,  85,   0,  35,   4,   6,  87,   4,   6,  87,  42,  47,  52,
     64,  69,  70,  83,   0,   2,   3,   7,  21,  42,  45,  47,  48,  49,  50,  52,
     53,  54,  55,  64,  66,  67,  68,  82,  86,   3,   4,   5,   6,   7,  21,  38,
     43,  44,  46,  48,  49,  52,  55,  56,  58,  59,  62,  64,  66,  68,  70,  72,
     73,  74,  87,  47,  52,  64,  67,  42,  47,  48,  49,  52,  53,  54,  78,  82,
     52,  64,  46,  48,  49,  52,  62,  64,  73,  74,   0,   2,   3,   7,  21,  42,
     45,  47,  48,  49,  50,  52,  53,  54,  55,  64,  66,  67,  68,  82,  86,   0,
      2,   3,   5,   7,  38,  42,  43,  44,  45,  47,  51,  52,  54,  56,  58,  59,
     61,  62,  64,  66,  68,  73,  74,  75,  76,  77,  79,  81,  82,  86,   5,  38,
     43,  44,  46,  49,  51,  52,  54,  56,  57,  59,  62,  66,  68,  69,  73,  74,
     76,  80,  83,  86,   2,   3,   4,   5,   6,   7,  20,  21,  38,  43,  44,  46,
     48,  49,  52,  55,  56,  58,  59,  60,  61,  62,  63,  64,  67,  70,  72,  73,
     74,  80,  87,   0,   3,   5,  38,  42,  43,  44,  47,  51,  52,  54,  56,  57,
     59,  62,  64,  66,  68,  69,  72,  73,  74,  76,  82,  83,  86,   3,   7,  21,
     42,  44,  45,  47,  48,  49,  50,  52,  53,  54,  55,  64,  65,  66,  67,  68,
     69,  70,  86,   3,   7,  21,  42,  44,  47,  48,  49,  50,  52,  53,  54,  64,
     67,  69,  70,  78,  82,  83,  84,  86,   2,  21,  43,  45,  52,  56,  58,  59,
     61,  62,  64,  69,  70,  73,  75,   2,   4,   6,   7,  21,  42,  45,  46,  47,
     48,  49,  50,  53,  54,  55,  64,  67,  78,  82,  87,   2,   4,   6,   7,  21,
     38,  46,  47,  48,  49,  50,  51,  53,  54,  55,  64,  66,  67,  70,  87,   2,
      3,   4,   6,   7,  21,  38,  41,  42,  44,  45,  46,  47,  48,  49,  50,  51,
     53,  54,  55,  64,  67,  70,  78,  86,  87,   5,  38,  43,  44,  52,  54,  56,
     58,  59,  62,  64,  66,  68,  69,  73,  74,  76,  83,   4,   6,  41,  42,  46,
     47,  48,  49,  50,  53,  54,  55,  60,  64,  67,  68,  69,  87,   4,   6,  21,
     42,  47,  48,  50,  53,  54,  60,  61,  64,  66,  67,  68,  69,  70,  75,  87,
      3,   4,   6,  42,  47,  54,  62,  64,  66,  67,  68,  73,  74,  82,  87,   3,
      4,   6,  42,  47,  54,  64,  67,  70,  82,  87,   4,   6,  21,  47,  48,  50,
     53,  54,  64,  67,  70,  87,  42,  47,  54,  64,  67,  42,  47,  54,  55,  56,
     59,  64,  66,  67,  80,   5,  42,  43,  46,  47,  49,  51,  52,  54,  56,  57,
     58,  59,   4,   6,  21,  42,  47,  48,  50,  53,  54,  60,  61,  64,  66,  67,
     68,  69,  70,  75,  87,   3,   4,   6,  41,  42,  46,  47,  48,  49,  50,  53,
     54,  55,  60,  64,  66,  67,  68,  86,  87,  42,  47,  54,  55,  56,  59,  64,
     67,  80,   2,   4,   6,  21,  42,  46,  47,  48,  49,  50,  51,  53,  54,  58,
     60,  61,  64,  67,  70,  87,   2,   3,   4,   6,  21,  38,  41,  42,  45,  46,
     47,  48,  49,  50,  52,  53,  54,  55,  60,  64,  67,  68,  69,  70,  72,  75,
     86,  87,   0,   3,  42,  46,  47,  52,  54,  62,  66,  68,  69,  70,  73,  74,
     86,  42,  47,  54,  64,  68,  86,   4,   6,  42,  47,  54,  67,  87,   4,   6,
     41,  42,  46,  47,  48,  49,  50,  53,  54,  55,  60,  64,  67,  68,  69,  71,
     87,  54,  64,  70,  64,  54,  69,  83,  49,  64,  64,   4,   6,  87,   4,   6,
     43,  48,  49,  64,  76,  80,  87,   3,   4,   6,  48,  49,  64,  80,  87,  47,
     49,  64,  78,   3,  86,  80,  35,   9,  26,  35,  39,  46,  48,  49,  62,  64,
     66,  68,  71,  73,  74,  75,  80,  84,   9,  22,  24,  25,  29,  39,  46,  47,
     48,  49,  56,  59,  62,  63,  64,  65,  66,  68,  69,  71,  73,  74,  75,  84,
     88,  89,   0,  35,  35,
};

static const int8_t notoserif_c15_italicKernSparseValues[] = {
     -19,  -10,    5,  -29,  -19,  -19,  -14,  -29,  -10,   -2,  -12,  -10,  -11,   -5,    7,   -5,
       5,    2,   -5,   -5,   -2,    7,   10,   -5,  -29,  -29,  -12,  -19,   -5,  -12,  -17,  -12,
     -12,  -19,  -29,   -5,  -17,   -2,  -22,  -19,  -17,  -12,   -5,   -5,  -14,   -5,    2,   -5,
       5,   -7,  -31,   -5,  -17,  -17,   -5,  -17,  -10,   -5,   -2,   -2,   -2,  -10,   -5,  -19,
      -5,  -17,   -5,  -14,   -5,  -19,  -17,  -17,   -5,   -5,   -5,  -14,   -7,  -12,  -12,  -12,
     -22,   -5,   -5,   -5,  -10,   -7,   -5,  -10,   -5,   -2,   -5,   -7,   -5,   -7,   -5,  -10,
      -5,   -5,   -5,   -5,   -5,   -7,  -12,   -5,   -5,   -5,   -5,  -10,  -19,  -19,  -17,  -10,
     -10,  -10,  -26,  -19,   -5,   -5,   -5,   -5,   -5,   -5,   -5,   -5,   -5,   -5,   -5,   -5,
      -5,   -5,   -7,   -7,  -14,  -19,  -17,   -5,  -19,  -12,  -14,   -7,  -22,   -5,   -5,   -5,
      -5,   -5,  -29,  -29,  -12,  -19,  -29,   -5,   -5,   -5,   -5,   -2,   -7,   -7,   -7,   -5,
      -5,   -5,   -5,   -5,   -5,   -5,   -5,   -2,   -5,   -5,   -5,  -22,  -22,  -14,   -5,   -7,
      -7,   -7,  -19,   12,  -22,   -5,   -5,   -5,   -5,   -5,   -5,   -7,  -26,  -26,  -19,   -5,
     -14,  -14,  -14,  -10,  -31,  -26,   -7,  -22,  -22,  -14,   -5,  -12,  -14,  -14,   -7,   -5,
     -31,  -22,   -5,   -2,   -2,   -2,   -7,  -12,  -10,   -7,  -19,  -19,  -17,   -7,   -5,  -14,
     -17,  -17,  -14,   -2,   -2,  -22,  -19,  -10,   -5,   14,   -7,   12,  -10,  -26,   -5,   -5,
      -5,   10,  -19,   -5,   14,  -10,   -5,  -12,  -10,  -12,   -5,  -10,   -7,  -14,  -14,  -17,
      -5,  -12,  -12,  -17,   19,   22,   19,   24,   14,   -5,   -5,  -10,   -5,    7,  -41,  -41,
      -7,  -10,  -12,   -7,   -5,   -5,   -5,  -41,   -5,   -7,   -7,  -12,  -12,  -17,   -7,   -5,
      -7,  -17,  -17,  -17,   -5,   -5,   -7,  -17,  -22,  -22,   -5,  -22,   -5,  -10,   -7,   -7,
      -5,   -5,   -2,  -12,  -14,  -12,  -10,   -5,   -2,  -10,   -7,   -2,  -12,  -12,  -12,  -19,
      -5,  -17,   -5,  -14,   -5,  -19,  -17,  -17,   -5,   -5,   -5,  -12,   -7,  -12,  -12,  -12,
     -22,    7,   17,   10,    7,   12,   17,   17,   22,   17,   17,   24,   19,   22,   22,    7,
      -7,   -7,  -12,   -7,   -7,  -10,    5,    5,    5,    5,   -5,   -5,   -5,   -5,   -5,   -5,
      -5,   -5,   -7,    5,   -2,   -2,    2,    5,    7,    5,    7,    7,    2,   -2,   -7,   -7,
     -14,   -5,    2,    7,    7,  -12,    2,  -14,  -14,   -7,  -14,   -5,   -7,   -5,   -5,   -7,
      -7,    5,    2,    5,    2,   -6,   -3,  -11,  -11,  -11,  -15,  -15,  -15,   -5,   -5,   -4,
      -5,   -5,   -5,   -5,  -41,   -5,  -19,   -2,   -2,  -19,   -4,  -58,   -2,   -2,   -2,   -5,
      -5,  -14,   -2,   -4,   -2,   -2,   -7,  -17,  -36,    7,  -14,  -10,  -14,   -7,  -10,  -12,
      -5,   -2,   -7,  -14,  -10,   -6,   -4,   -7,   -2,   -7,    5,  -14,   10,    2,   -7,   -4,
       5,    5,  -14,   -2,   -2,   -2,   -2,   -2,   -2,   -2,   -2,   -6,   -2,   -7,   -5,   -5,
      -2,   -5,   -5,   -5,   -4,   -5,    7,   -5,    7,    7,  -24,   -5,  -12,   -2,   -2,  -19,
      -4,  -29,   -2,   -2,   -2,   -5,   -5,  -14,   -2,   -4,   -2,   -2,   -7,  -10,  -22,  -29,
     -10,  -17,   -5,   -5,  -12,  -22,  -14,  -10,   -7,  -34,  -10,  -19,  -31,   -5,   -2,   -5,
      -2,   -5,   -5,  -10,  -12,   -5,   -5,   -5,   -2,   -5,  -12,   -7,  -17,  -24,   -5,   -7,
      -7,   -2,    2,    5,   -2,  -12,   -5,   -5,   -2,   -5,   -2,   -2,   -7,   -7,   -2,   -1,
      -2,   -5,   -7,   -5,    2,   10,  -26,   -5,  -26,   -5,    5,  -19,  -10,  -12,   -2,  -14,
     -31,  -19,  -14,  -10,  -12,   -7,  -19,  -10,   -2,   -2,   -5,  -29,   -2,   -5,   -7,   -2,
       7,  -10,  -26,  -19,  -17,   -2,   -5,  -14,   -7,   -2,  -19,   -2,  -12,  -29,   -7,   -5,
      -7,   -5,   -2,  -14,  -17,  -10,   -2,   -5,   -5,   -5,  -14,  -10,  -22,   -2,   -5,   -2,
      -6,   -2,   -7,   -7,   -2,   -5,   -2,   -5,   -2,  -10,   -2,   -5,   -2,   -4,   -6,   -5,
      -2,   -5,   -5,   -2,   -5,   -2,   -8,   -2,  -12,   -2,   -4,   -4,   -2,   -2,  -12,   -5,
      -2,   -5,   -2,   -5,   -5,   -5,   -7,   -5,    2,    7,   -2,    5,   -5,   -4,   -2,   -4,
      -2,   -2,   -5,   -2,   -2,   -2,    2,   -5,   -5,   -5,   -5,   -5,   -5,   -4,   -4,  -18,
      -5,   -8,   -5,   -5,   -2,   -2,  -10,   -2,   -5,   -5,   -5,   -5,  -29,  -29,   -5,  -10,
      -2,  -12,   -5,  -12,  -17,  -10,   -4,  -10,   -6,   -2,  -12,    7,   -2,   -2,  -29,   -5,
      -2,   -7,   -7,   -7,  -10,   -2,   -2,  -10,   -5,   -5,   -7,  -22,   -7,  -12,  -10,   -5,
     -10,   -7,   -7,  -10,   -5,   -1,   -5,   -7,   -7,   -5,   -5,   -5,   -2,  -10,   -5,   -4,
      -2,   -4,   -1,   -2,   -2,   -4,  -10,   -1,    5,   -5,   -7,    7,    7,    5,   -5,   12,
     -10,   11,   10,   14,   10,  -12,   12,    2,    7,    4,   -2,   -4,    7,   -5,   -5,   -5,
     -10,  -24,   -5,   -2,   -4,   -8,   -2,   -2,   -5,   -4,   -8,   -4,   -1,   -2,   -2,   -5,
      -2,   -2,   -2,   -7,  -17,  -12,   -4,   -4,   -2,   -4,   -4,   -4,   -4,   -5,   -2,    5,
      -5,   -5,   -2,  -12,   -5,   -7,   -2,   -2,   -5,   -5,   -5,   -5,   -5,  -12,   -5,   -2,
      -2,   -4,   -7,   -4,   -4,   -5,   -2,  -10,   -5,   -2,   -2,   -2,  -10,   -4,    1,   -2,
      -2,   -2,    2,   -1,   -5,   -7,   -4,   -2,    2,  -12,    2,   -2,   -2,  -12,   -5,   -1,
      -2,   -5,   -5,   -5,   -5,  -10,  -17,   -5,   -2,   -4,   -8,   -2,   -2,   -5,   -4,   -8,
      -4,   -1,   -2,   -2,   -5,    7,    5,    5,    6,  -10,   12,   -7,   11,   11,   14,   11,
     -14,   12,    2,    7,   -2,    4,   -5,   -7,    5,   -2,  -10,   -4,    1,   -2,   -2,   -2,
      -1,   -5,   -2,   -5,   -5,   -5,   -2,   -4,   -7,   -5,   -5,   -2,   -5,   -2,   -7,   -2,
      -5,   -2,  -17,   -8,   -2,   -5,   10,   -5,    5,    5,   19,    4,    7,   -5,    7,   13,
      -4,   13,   13,   17,   -2,   14,  -12,   16,    5,   10,    6,   -2,   -4,    4,    2,    7,
      -5,    5,  -17,  -14,  -17,    2,  -17,   -2,  -26,   -2,   -8,  -11,  -12,   -2,   -2,   -2,
     -14,   -5,  -24,  -13,   -7,   -2,   -5,   -5,   -5,   -5,  -12,  -12,   -4,   -5,    7,    7,
       5,   -6,   12,   -6,   11,   10,   14,   10,  -12,   12,    2,    7,    4,   -2,   -4,    2,
       7,   -5,  -12,   -5,  -10,   -5,   -7,   -7,  -14,  -17,  -17,  -22,  -22,  -22,  -17,  -17,
      -5,  -14,  -14,  -14,   -5,   -5,  -17,    7,  -17,  -17,  -14,  -10,  -14,  -10,  -17,   -5,
     -12,  -10,   -5,   -5,   -5,   -5,   -5,  -17,    2,    5,  -34,   -7,  -17,  -14,    5,   -7,
      17,   10,    7,   12,   12,    7,  -10,  -34,  -22,   -2,   -2,   -2,  -12,  -34,  -10,    5,
     -17,  -14,   -2,   -2,   10,   10,   -5,   10,   12,   14,   12,   12,   10,   10,    5,  -34,
      16,   17,   -7,   -4,   -4,
};

static const EpdLigaturePair notoserif_c15_italicLigaturePairs[] = {
    { 0x00660066, 0xFB00 }, // f f -> U+FB00
    { 0x00660069, 0xFB01 }, // f i -> U+FB01
    { 0x0066006C, 0xFB02 }, // f l -> U+FB02
    { 0xFB000069, 0xFB03 }, // U+FB00 i -> U+FB03
    { 0xFB00006C, 0xFB04 }, // U+FB00 l -> U+FB04
};

static const EpdFontData notoserif_c15_italic = {
    notoserif_c15_italicBitmaps,
    notoserif_c15_italicGlyphs,
    notoserif_c15_italicIntervals,
    18,
    20,
    17,
    -5,
    true,
    notoserif_c15_italicGroups,
    14,
    nullptr,
    nullptr,  // kernLeftClasses: built-in fonts use the split arrays below
    nullptr,  // kernRightClasses
    notoserif_c15_italicKernLeftCodepoints,
    notoserif_c15_italicKernLeftClassIds,
    notoserif_c15_italicKernRightCodepoints,
    notoserif_c15_italicKernRightClassIds,
    nullptr,  // kernMatrix: built-in fonts use the sparse form below
    notoserif_c15_italicKernRowOffsets,
    notoserif_c15_italicKernSparseCols,
    notoserif_c15_italicKernSparseValues,
    554,
    557,
    106,
    90,
    notoserif_c15_italicLigaturePairs,
    5,
};
