/**
 * generated by fontconvert.py
 * name: notosans_c19_italic
 * size: 0
 * mode: 2-bit  compressed: true
 * Command used: fontconvert.py notosans_c19_italic 0 ../builtinFonts/source/NotoSans/NotoSans-Italic.ttf --2bit --compress --pnum --ppem 19
 */
#pragma once
#include "EpdFontData.h"

static const uint8_t notosans_c19_italicBitmaps[20271] = {
    0x9D, 0x57, 0xCF, 0x6F, 0x1C, 0x67, 0x19, 0x7E, 0x66, 0xBE, 0x24, 0x13, 0x3C, 0xDD, 0x9D, 0x1C,
    0x92, 0xD2, 0x86, 0x9D, 0xB8, 0x87, 0x1C, 0xAA, 0x32, 0x6B, 0xE7, 0x30, 0x87, 0x29, 0x1A, 0x7B,
    0xBF, 0x9E, 0x39, 0x90, 0x03, 0x2E, 0x87, 0x4A, 0xA4, 0x87, 0x1E, 0x50, 0xA0, 0xC9, 0xAA, 0xDA,
    0x08, 0x17, 0x85, 0xEE, 0x28, 0x39, 0x70, 0xAA, 0xB4, 0x7F, 0x82, 0x11, 0x01, 0xC9, 0x46, 0x22,
    0x13, 0x6A, 0x84, 0x49, 0x9D, 0xF8, 0x73, 0x72, 0xE8, 0x01, 0x01, 0x93, 0x72, 0xC8, 0x01, 0x0A,
    0x83, 0x5A, 0x54, 0x89, 0xB4, 0x74, 0x0E, 0x2E, 0x32, 0xA9, 0xE3, 0xE1, 0x79, 0xBF, 0x59, 0x3B,
    0x76, 0xEA, 0x13, 0xB3, 0x33, 0xF6, 0xCE, 0xCC, 0xF7, 0xBD, 0xEF, 0xF3, 0xFE, 0x7A, 0xDE, 0x77,
    0x9D, 0x4C, 0x19, 0x95, 0x79, 0xDA, 0x87, 0x8F, 0x36, 0x5A, 0x78, 0x0A, 0x1D, 0xC8, 0x31, 0x8F,
    0x15, 0xFE, 0x3D, 0x3D, 0x1A, 0x94, 0x37, 0xCC, 0x4F, 0xCD, 0xFB, 0x99, 0x06, 0x8E, 0x1E, 0x05,
    0x22, 0xBE, 0x8D, 0x13, 0xE0, 0x4C, 0x8C, 0x89, 0x9B, 0x37, 0x31, 0xF1, 0xF0, 0x21, 0x50, 0x14,
    0x70, 0x8C, 0x81, 0x7B, 0xC7, 0x60, 0x58, 0x3F, 0x82, 0x52, 0x80, 0xE7, 0x01, 0x13, 0x13, 0x40,
    0xAB, 0x45, 0x21, 0x0E, 0x28, 0x19, 0x17, 0x47, 0x6A, 0xBB, 0xF4, 0x3B, 0xF0, 0x9F, 0x87, 0x1F,
    0x43, 0x6D, 0x00, 0x6B, 0xC0, 0x0F, 0x33, 0xFC, 0xCC, 0xE0, 0xCF, 0xD9, 0x9B, 0x9F, 0x61, 0x7A,
    0x13, 0x6E, 0x26, 0x27, 0x0F, 0x77, 0xE4, 0xEA, 0x76, 0xEE, 0x23, 0x89, 0x3B, 0x88, 0xE3, 0x18,
    0xFD, 0x33, 0x25, 0xFA, 0x6F, 0xAC, 0xA3, 0xFF, 0xF1, 0xD0, 0x7C, 0xE3, 0x0F, 0x79, 0x71, 0x32,
    0xA1, 0xCE, 0x1B, 0xC6, 0x38, 0xEB, 0xEB, 0x46, 0xBD, 0x74, 0x27, 0x9B, 0x70, 0xDE, 0x23, 0xEC,
    0x47, 0x16, 0x38, 0xA6, 0x08, 0xF5, 0x61, 0x09, 0xD7, 0x54, 0xBC, 0x72, 0xB8, 0xEB, 0x84, 0xF7,
    0x80, 0x62, 0x37, 0x01, 0x7F, 0xC5, 0x41, 0x37, 0x0C, 0x90, 0xF8, 0x21, 0x06, 0x6A, 0x13, 0x03,
    0xB7, 0xC2, 0xCC, 0xE4, 0x06, 0x82, 0xCD, 0xD4, 0x6E, 0x3D, 0x3D, 0xC8, 0x17, 0x0A, 0x8D, 0xE3,
    0xC8, 0x9D, 0x42, 0x65, 0xE2, 0x90, 0x0E, 0x22, 0x24, 0x88, 0x77, 0x3F, 0x09, 0xEF, 0x9F, 0x02,
    0xCE, 0x22, 0xC7, 0x19, 0x7B, 0xBB, 0xF3, 0x19, 0xF0, 0x49, 0xC9, 0x5D, 0xC6, 0x47, 0xC8, 0x5B,
    0x1C, 0x03, 0xFF, 0x1E, 0x8B, 0x31, 0x7B, 0x06, 0x47, 0x1E, 0x96, 0xCE, 0xE7, 0x23, 0xEF, 0x7B,
    0x68, 0x77, 0x70, 0xA8, 0x65, 0x15, 0x11, 0x62, 0x31, 0x3E, 0xE7, 0xFE, 0xA9, 0xD7, 0xEA, 0x62,
    0xF7, 0x56, 0xCE, 0x76, 0x94, 0xF4, 0xCF, 0xF6, 0xCC, 0xF9, 0x0C, 0xF3, 0x0C, 0x82, 0x93, 0x41,
    0x19, 0x78, 0xD6, 0x89, 0x91, 0x48, 0xA5, 0x26, 0xA7, 0xB0, 0xCF, 0x34, 0x02, 0x48, 0xBC, 0xEC,
    0x33, 0xE0, 0x77, 0xF0, 0x3E, 0xD3, 0x81, 0x32, 0x91, 0x6B, 0x12, 0xD7, 0x0C, 0x68, 0x3D, 0x9D,
    0xA0, 0x78, 0x66, 0x95, 0xA7, 0x2B, 0x1F, 0xF9, 0x29, 0xBC, 0x79, 0x19, 0xD3, 0x65, 0x63, 0xAB,
    0xBB, 0x31, 0x59, 0xA5, 0x39, 0x2A, 0x81, 0xED, 0x1A, 0xC9, 0x02, 0xA5, 0x25, 0x0F, 0x28, 0xF2,
    0x85, 0xCC, 0xF9, 0xA2, 0x72, 0xF4, 0xBC, 0x95, 0xDC, 0x28, 0x2C, 0xE1, 0x65, 0x98, 0x02, 0xB3,
    0xC2, 0x2D, 0x10, 0x68, 0xCC, 0x2E, 0x65, 0xBD, 0xDA, 0x70, 0xA5, 0x2B, 0x2B, 0x07, 0xCC, 0x0A,
    0xD0, 0x07, 0x5C, 0x76, 0x5D, 0xE3, 0x3A, 0x04, 0x1D, 0x31, 0xF2, 0x74, 0xCD, 0x8B, 0x5F, 0xCB,
    0xA6, 0xC7, 0xA1, 0x59, 0x80, 0x2A, 0xE1, 0x97, 0xE8, 0x16, 0xB8, 0x64, 0x9C, 0xF7, 0x8D, 0xBA,
    0x9A, 0xB5, 0x95, 0x4E, 0x3D, 0x7D, 0xF3, 0xFA, 0xC2, 0x5A, 0x5D, 0x89, 0x85, 0x2D, 0x31, 0xC8,
    0x59, 0x1A, 0xA9, 0xBA, 0x54, 0x5A, 0xAC, 0xF6, 0x69, 0xF8, 0x59, 0x04, 0xDB, 0x38, 0x44, 0xAD,
    0x14, 0x2B, 0x67, 0x06, 0x5F, 0x5F, 0xBB, 0x80, 0xE1, 0x86, 0x95, 0x3A, 0xB1, 0x80, 0xDB, 0x0B,
    0x44, 0xD5, 0xB8, 0x23, 0x3C, 0x8E, 0xA9, 0x5A, 0xCF, 0x2A, 0x93, 0x5A, 0x2F, 0xF0, 0x4C, 0x55,
    0x36, 0x35, 0x09, 0x7F, 0x53, 0xD6, 0xBE, 0xB0, 0x94, 0x0D, 0xEB, 0x46, 0x02, 0x97, 0x02, 0xA9,
    0xA0, 0x86, 0x64, 0x8B, 0x3C, 0x0B, 0x76, 0x9E, 0x89, 0x37, 0x2F, 0x68, 0xF7, 0x8B, 0xD2, 0xBA,
    0x2E, 0xA7, 0xF7, 0xD4, 0x5D, 0x83, 0x6D, 0x78, 0xFF, 0x46, 0xD7, 0xCB, 0x12, 0x25, 0xCE, 0x9D,
    0x57, 0x66, 0x66, 0x52, 0x07, 0x8D, 0x69, 0xE7, 0xA1, 0x1E, 0x98, 0xC0, 0x29, 0x42, 0x94, 0x91,
    0x3D, 0xBB, 0x6E, 0x11, 0x9C, 0x2B, 0xBC, 0xFF, 0x58, 0xB9, 0x16, 0xD9, 0x89, 0x55, 0x0C, 0xAD,
    0xEB, 0x1D, 0xFA, 0x2F, 0xC0, 0xDE, 0xA3, 0x29, 0x36, 0x68, 0xC5, 0xFC, 0xD9, 0xFB, 0xFC, 0x94,
    0xCD, 0xBE, 0x5C, 0xD2, 0x45, 0xAA, 0xA2, 0xC0, 0xB4, 0x76, 0x3F, 0x6A, 0xA2, 0x80, 0xC9, 0x11,
    0x9C, 0x5B, 0x74, 0x0F, 0x37, 0xE8, 0x13, 0x73, 0xCC, 0xA1, 0xF1, 0xCE, 0xB9, 0x39, 0x4D, 0x0B,
    0xB9, 0x63, 0x99, 0x6B, 0x34, 0x9C, 0x0D, 0xFB, 0xCF, 0x2B, 0xF0, 0x96, 0x78, 0xFE, 0x96, 0xE4,
    0x2E, 0x8E, 0x2C, 0xF4, 0x56, 0x8F, 0x9D, 0xA2, 0xBB, 0x43, 0xA4, 0x4E, 0xE5, 0x65, 0xED, 0x71,
    0xD1, 0x5F, 0x26, 0x12, 0x1E, 0x87, 0xAF, 0x01, 0xC3, 0xB5, 0x4C, 0x15, 0x4E, 0x49, 0x9C, 0xFD,
    0xC8, 0xFB, 0x28, 0x8E, 0x67, 0xE6, 0x93, 0x3C, 0x8F, 0x93, 0xB2, 0x38, 0x93, 0xDC, 0x33, 0x79,
    0x7C, 0xCF, 0x54, 0xF9, 0x3F, 0xEE, 0xFF, 0xA6, 0xC8, 0x6F, 0x4D, 0x4B, 0xF0, 0xD1, 0xE5, 0xE5,
    0xFF, 0x8B, 0xBA, 0x96, 0x04, 0xEB, 0xAB, 0x70, 0x2A, 0x29, 0x71, 0x6F, 0x80, 0x20, 0x41, 0xC8,
    0xFA, 0x48, 0x91, 0x47, 0x78, 0xB8, 0xEA, 0xD6, 0x5B, 0x2A, 0x0B, 0x7D, 0xB4, 0xA8, 0x3C, 0xA5,
    0xFE, 0x25, 0xED, 0xD6, 0x1B, 0x4A, 0x22, 0x14, 0x29, 0x1D, 0x79, 0x7A, 0xDE, 0xAF, 0x8B, 0xE0,
    0x97, 0xA6, 0x8D, 0x2A, 0xC4, 0x72, 0x07, 0xCB, 0x11, 0xAA, 0x99, 0x57, 0x8A, 0xDE, 0x36, 0x70,
    0x72, 0xC1, 0xA9, 0xB7, 0x68, 0x45, 0x60, 0x75, 0x35, 0x61, 0x5B, 0xB6, 0x81, 0xCA, 0xED, 0x77,
    0x3E, 0x99, 0x7E, 0x59, 0x7B, 0xB5, 0x75, 0x15, 0x41, 0x50, 0x2E, 0x53, 0xE5, 0xC7, 0xF4, 0x7E,
    0x1B, 0x8A, 0xEE, 0x6E, 0x18, 0x4E, 0xB2, 0x3B, 0xA0, 0x5E, 0xB1, 0xBC, 0x4B, 0xA3, 0x53, 0x44,
    0x44, 0x3A, 0x73, 0xD1, 0xA0, 0xF7, 0x5F, 0xD9, 0x77, 0xCD, 0xC2, 0x91, 0x90, 0x49, 0xF2, 0x69,
    0xF8, 0x75, 0x16, 0x2C, 0xE9, 0xB6, 0x4D, 0x8B, 0x8E, 0x2D, 0xBF, 0xD9, 0x45, 0xF4, 0xEA, 0x83,
    0x56, 0x32, 0xC4, 0x75, 0xD6, 0x9E, 0x7B, 0xBC, 0x32, 0xB5, 0xA5, 0x83, 0x93, 0xD7, 0x9C, 0xFA,
    0x91, 0x57, 0x1C, 0xDA, 0x07, 0xDC, 0xDF, 0xCA, 0x0F, 0xCF, 0xE7, 0x18, 0x90, 0x35, 0x52, 0x54,
    0xD3, 0x2F, 0x97, 0x1E, 0x29, 0x80, 0x47, 0xE6, 0x64, 0xB6, 0x14, 0xA5, 0x18, 0x49, 0xCA, 0x8A,
    0xA0, 0x3D, 0x82, 0xF7, 0xEB, 0x6D, 0x04, 0x4B, 0xB7, 0x2D, 0xEC, 0x90, 0xB2, 0x2D, 0x70, 0x4A,
    0x4F, 0x2D, 0x05, 0xF5, 0x59, 0x2F, 0x70, 0xB6, 0xAD, 0x64, 0x3A, 0xA3, 0x92, 0x7C, 0x96, 0xE2,
    0x33, 0x36, 0xAB, 0x77, 0x12, 0x90, 0x00, 0x87, 0xD4, 0xE1, 0xDA, 0x8A, 0x0A, 0x2C, 0x9B, 0x34,
    0x76, 0xED, 0x42, 0xE5, 0xF6, 0xFE, 0x3E, 0x09, 0xDC, 0x4B, 0x7F, 0xBE, 0x26, 0xB8, 0x26, 0x28,
    0xAB, 0xCB, 0x07, 0xCB, 0x50, 0x57, 0xF8, 0xE2, 0x9B, 0xB4, 0xF9, 0x75, 0xE1, 0x53, 0x8A, 0xDA,
    0xE2, 0x45, 0x31, 0xA1, 0x50, 0x11, 0x45, 0x47, 0x54, 0x97, 0x72, 0x67, 0x42, 0x01, 0xC8, 0xF6,
    0x13, 0x8B, 0xE0, 0x17, 0x46, 0x9D, 0x5D, 0xA4, 0x0F, 0x17, 0x70, 0x12, 0xE4, 0xDF, 0x9E, 0x24,
    0xCA, 0x6D, 0xA8, 0x65, 0x7C, 0x0A, 0x35, 0xAF, 0xFE, 0x0A, 0x2F, 0xF1, 0x22, 0x76, 0x09, 0xC9,
    0x8F, 0xA8, 0x93, 0x90, 0x34, 0x93, 0x01, 0xC2, 0x4E, 0x3F, 0x47, 0xA7, 0x55, 0xE4, 0x88, 0x02,
    0x53, 0x22, 0x09, 0x74, 0x89, 0x38, 0x10, 0x0D, 0x23, 0x8C, 0xDC, 0x8A, 0xBC, 0x5B, 0x51, 0xD3,
    0x0A, 0x75, 0xFD, 0x80, 0x7E, 0x0B, 0xE9, 0xB7, 0xB6, 0x87, 0xB6, 0x4F, 0x06, 0x57, 0xDF, 0x42,
    0xA8, 0xFE, 0x88, 0x8E, 0xF3, 0x01, 0xF5, 0x6E, 0xD1, 0xCC, 0x55, 0xFA, 0xEC, 0x32, 0xF0, 0x75,
    0x96, 0x4F, 0xBD, 0x09, 0x3F, 0xEB, 0x12, 0x55, 0x40, 0x0F, 0xB0, 0x2B, 0xD0, 0x33, 0x03, 0x5E,
    0xCB, 0xFC, 0x9E, 0xDB, 0x8B, 0x5D, 0x82, 0x6F, 0x52, 0x3E, 0x99, 0xFE, 0x0E, 0x09, 0xB0, 0x49,
    0x2E, 0xD8, 0xAC, 0x25, 0xAF, 0xAE, 0x28, 0x32, 0x81, 0x4E, 0x24, 0x6B, 0x51, 0x05, 0xD7, 0x8B,
    0x60, 0xF1, 0x4B, 0xC1, 0xFF, 0x7F, 0xB5, 0x08, 0x3D, 0x90, 0x6F, 0xA5, 0xE4, 0x9F, 0xD0, 0x98,
    0x5A, 0xBE, 0x9C, 0xF7, 0x9D, 0x4A, 0xD2, 0xED, 0xBB, 0x60, 0x31, 0x75, 0x3C, 0x4D, 0xA7, 0x0B,
    0xDD, 0xD1, 0x21, 0xE7, 0x35, 0x99, 0xD3, 0xB7, 0x4C, 0xC8, 0x93, 0x5F, 0xC8, 0xB8, 0x52, 0xF5,
    0x93, 0x90, 0x24, 0xB0, 0x79, 0xF0, 0xF3, 0xB7, 0x30, 0x1C, 0x93, 0xE1, 0x42, 0x8F, 0xAC, 0xBB,
    0x27, 0xE2, 0xEE, 0x13, 0x39, 0xB3, 0x93, 0x29, 0x47, 0xF8, 0xF1, 0xC7, 0x95, 0xD3, 0x24, 0xA1,
    0x84, 0x31, 0xB2, 0xB0, 0x13, 0xDB, 0x20, 0x07, 0xB6, 0x03, 0xF6, 0x29, 0x69, 0x40, 0x39, 0xB3,
    0xAF, 0x18, 0xA1, 0xEC, 0xA6, 0xD1, 0xE0, 0x19, 0x2E, 0x21, 0x8D, 0x25, 0x28, 0x09, 0x92, 0x50,
    0xA3, 0x00, 0x1D, 0x4A, 0x48, 0x11, 0x0E, 0xD0, 0x22, 0xEB, 0xB3, 0xAA, 0x8D, 0xF4, 0x14, 0x76,
    0xFD, 0xAF, 0x94, 0x9E, 0x09, 0xAB, 0xC0, 0xA4, 0xD5, 0x29, 0x93, 0x54, 0x2F, 0x9A, 0xBC, 0xBA,
    0x64, 0xCA, 0xFC, 0xC6, 0x1D, 0x93, 0xDF, 0xBB, 0x9B, 0xFD, 0xDA, 0xBC, 0xA7, 0xDF, 0xD1, 0x7F,
    0xC7, 0xBB, 0xF8, 0x80, 0x19, 0xB3, 0xC5, 0x30, 0x6E, 0x90, 0xB0, 0x2A, 0x76, 0xC8, 0x23, 0xCC,
    0x76, 0xC2, 0x2C, 0x85, 0xBA, 0x69, 0xCE, 0x25, 0xBA, 0xAD, 0x47, 0xF7, 0x91, 0x29, 0x31, 0xCB,
    0xEB, 0x5D, 0x7A, 0xF2, 0x3E, 0xAD, 0xBF, 0x9A, 0xA1, 0x4D, 0xFB, 0x52, 0x22, 0x5C, 0xE6, 0xBE,
    0xD3, 0x78, 0x95, 0x98, 0x22, 0x65, 0x3A, 0xBE, 0x6E, 0xB5, 0x85, 0x91, 0xFC, 0x01, 0xBC, 0xF2,
    0x00, 0xFB, 0xB1, 0xB4, 0xE8, 0xB0, 0x06, 0x25, 0xAC, 0xCB, 0xE2, 0x27, 0xCF, 0xF6, 0x8A, 0xE6,
    0xAE, 0x1C, 0x77, 0x8E, 0xD9, 0xA5, 0x51, 0x8F, 0x55, 0x7C, 0x1E, 0xEC, 0x13, 0x28, 0xF6, 0x78,
    0xB3, 0xA1, 0x88, 0x3D, 0x75, 0xD7, 0xDA, 0xC9, 0x92, 0x19, 0x2D, 0x30, 0x47, 0x65, 0xDE, 0xEF,
    0xC7, 0x71, 0x92, 0x46, 0x9D, 0x0E, 0x61, 0x2C, 0x72, 0x7F, 0x6B, 0x3C, 0x78, 0xC8, 0x5C, 0xD1,
    0x97, 0xC9, 0x02, 0x85, 0x63, 0xA4, 0x96, 0xBE, 0x9A, 0x0D, 0x35, 0xE9, 0x95, 0x86, 0x3B, 0x9F,
    0xC0, 0x7D, 0x1B, 0xCA, 0xC7, 0x84, 0xD2, 0x2D, 0xBA, 0x15, 0x45, 0x8C, 0xFC, 0xC4, 0x1C, 0xD6,
    0x6A, 0x9C, 0x8E, 0x5A, 0x0E, 0x87, 0x18, 0xB7, 0x8E, 0xBD, 0x2B, 0x55, 0x80, 0xAA, 0x2B, 0x8E,
    0x29, 0xA4, 0x19, 0x2A, 0x93, 0xF8, 0x66, 0xE6, 0x62, 0x16, 0x7C, 0xA8, 0x9B, 0x31, 0x64, 0x37,
    0xDA, 0xEA, 0x25, 0x78, 0xC3, 0xC2, 0x2F, 0xAA, 0x40, 0xE7, 0x4C, 0xCA, 0x10, 0x15, 0xB9, 0x37,
    0x72, 0x0A, 0x96, 0x72, 0xEF, 0x9C, 0x7E, 0xA3, 0xE9, 0x72, 0xC7, 0x99, 0xCD, 0x99, 0x9F, 0x8D,
    0x27, 0x91, 0x74, 0x67, 0x3C, 0xE0, 0x97, 0xA9, 0x67, 0xE0, 0x6F, 0x35, 0xF1, 0x3E, 0x64, 0x5F,
    0xDA, 0x49, 0xE5, 0x78, 0xE2, 0xD6, 0x03, 0xFF, 0x40, 0x0C, 0xDF, 0xDF, 0xC1, 0x20, 0x38, 0xB5,
    0x7F, 0xD5, 0xB4, 0x39, 0xB7, 0xF8, 0x9A, 0x54, 0x3F, 0x3B, 0xDA, 0x91, 0xF9, 0x34, 0xFC, 0xF1,
    0xE0, 0xF0, 0x1A, 0xD4, 0xD6, 0xE3, 0x80, 0xAC, 0x95, 0xFB, 0x78, 0x2B, 0x7E, 0x92, 0xB7, 0x1A,
    0xA3, 0x7A, 0x1A, 0xCF, 0x8F, 0xE5, 0xC7, 0x8F, 0x31, 0x38, 0xC4, 0x50, 0x3C, 0xC6, 0xF0, 0xB1,
    0x8D, 0x4C, 0x00, 0xDD, 0xC5, 0xDA, 0x26, 0x9E, 0xD6, 0x07, 0xF9, 0xA4, 0xA4, 0x4F, 0x64, 0xBB,
    0xF4, 0x76, 0xA7, 0x88, 0x1A, 0x13, 0x54, 0x36, 0x50, 0x96, 0xDD, 0x04, 0x9E, 0x87, 0x1D, 0x76,
    0x8B, 0x76, 0xC3, 0x36, 0xC6, 0xDA, 0x1C, 0x9D, 0xFD, 0x34, 0xDB, 0x74, 0xAD, 0x72, 0x1F, 0x5C,
    0xEA, 0x1B, 0x4A, 0xB1, 0xEC, 0x43, 0x20, 0x25, 0xEB, 0x16, 0xBE, 0xAF, 0x03, 0x12, 0xC8, 0x32,
    0x26, 0x2B, 0x4C, 0x93, 0x02, 0xA9, 0x80, 0x5A, 0xDA, 0x18, 0x50, 0x85, 0xDE, 0x65, 0xD8, 0x83,
    0x30, 0x1C, 0xC6, 0x59, 0xAF, 0x77, 0x77, 0xCB, 0xBF, 0xF7, 0x69, 0x18, 0xE8, 0x8D, 0x76, 0x80,
    0x32, 0x0C, 0x9D, 0xA2, 0x43, 0x1B, 0x22, 0xA6, 0x7D, 0x4A, 0x2B, 0x12, 0x52, 0xD8, 0x60, 0xE0,
    0x11, 0xCF, 0x61, 0xF8, 0x3D, 0x6B, 0x6C, 0xF6, 0xD8, 0xD8, 0x54, 0xA6, 0x27, 0xB1, 0x97, 0xC6,
    0x8E, 0x23, 0x75, 0xA5, 0x68, 0xCB, 0x80, 0x53, 0xA5, 0x28, 0x59, 0x3C, 0x89, 0xCD, 0x90, 0xA9,
    0x73, 0xBB, 0xD1, 0xD7, 0xCE, 0x9F, 0x36, 0xDC, 0x8D, 0x54, 0x15, 0x94, 0xCF, 0x86, 0x9E, 0xFA,
    0xE0, 0x39, 0xA0, 0xC0, 0xE0, 0x7E, 0x11, 0xAE, 0xE9, 0xBD, 0x41, 0x7B, 0xEE, 0xE0, 0xE8, 0x98,
    0x27, 0xA3, 0xB3, 0x5B, 0x37, 0x47, 0xC5, 0x20, 0xAF, 0x27, 0x73, 0x4C, 0xA0, 0xC7, 0xC3, 0xDA,
    0x4E, 0xAA, 0x8D, 0x3D, 0x8B, 0xB3, 0xC1, 0x76, 0xF7, 0x70, 0xC4, 0xC9, 0xC9, 0x2F, 0x38, 0xFA,
    0x90, 0x9F, 0x46, 0x2B, 0x6B, 0x32, 0x75, 0x69, 0x37, 0xF3, 0xB2, 0xDE, 0xD6, 0x5E, 0x1F, 0xF1,
    0xA5, 0x9E, 0x6C, 0xA6, 0xA6, 0xC6, 0x54, 0x2A, 0x8E, 0x25, 0xAE, 0x3A, 0x17, 0x42, 0x67, 0x5F,
    0xC6, 0xE7, 0xBF, 0xC2, 0xF0, 0xED, 0x71, 0x0C, 0x1B, 0x53, 0x49, 0xBE, 0xA4, 0xAF, 0x88, 0xC3,
    0x03, 0x07, 0x9B, 0x1C, 0xAD, 0xD2, 0x72, 0x97, 0xFD, 0xD5, 0x82, 0x72, 0x8A, 0xF3, 0xF6, 0x2C,
    0x47, 0xC6, 0x1F, 0x71, 0xFF, 0x83, 0x00, 0x37, 0x7E, 0x1F, 0xE2, 0x9D, 0x9F, 0xA4, 0xF8, 0xAD,
    0x17, 0xE3, 0xA6, 0x97, 0x63, 0x95, 0xF3, 0xCB, 0x8A, 0x67, 0x35, 0x2A, 0x5D, 0xB9, 0x77, 0x0A,
    0x87, 0xA4, 0xB4, 0x2D, 0xE3, 0x1F, 0xC9, 0xCC, 0xFD, 0x04, 0x7E, 0x5B, 0xE8, 0x7C, 0x5E, 0x89,
    0x34, 0x8E, 0x49, 0x76, 0x84, 0xE5, 0xA0, 0x59, 0x39, 0xEB, 0xF2, 0x1B, 0x09, 0x7F, 0x01, 0xFE,
    0x26, 0x2B, 0x65, 0xFA, 0xAB, 0xC6, 0xFD, 0x79, 0x0D, 0xB6, 0x3F, 0x73, 0x7D, 0x6D, 0x73, 0x26,
    0xB0, 0xEE, 0xD8, 0xC3, 0x4A, 0x33, 0xDF, 0x86, 0x8C, 0x4F, 0xCF, 0xB2, 0x07, 0xD8, 0x39, 0x9F,
    0xE9, 0xC2, 0x1F, 0x36, 0xAB, 0xE8, 0x5A, 0x26, 0x6F, 0x78, 0x66, 0x8A, 0x4D, 0xE1, 0x58, 0xFC,
    0xA5, 0xE3, 0x39, 0x47, 0xB3, 0x3F, 0xCB, 0xAF, 0x9E, 0x86, 0x82, 0x72, 0xCC, 0x60, 0xD3, 0xDD,
    0x4D, 0xB6, 0x0B, 0xC4, 0x31, 0x9D, 0xE9, 0x5F, 0x50, 0xF1, 0xB3, 0xF8, 0x1F, 0xA5, 0x58, 0x4F,
    0x6C, 0x1C, 0x57, 0x19, 0xFF, 0xBD, 0x19, 0xDB, 0x43, 0x3C, 0xDE, 0x99, 0x95, 0x6A, 0xC0, 0x8D,
    0x76, 0xBD, 0x3E, 0xF8, 0x60, 0xD1, 0xD9, 0xEC, 0x1E, 0x96, 0x6A, 0x14, 0x8D, 0xB3, 0xAF, 0x07,
    0x0E, 0x08, 0x24, 0xCC, 0x21, 0x20, 0x14, 0x89, 0xFA, 0xD0, 0x13, 0x05, 0x75, 0x0F, 0x0B, 0xB2,
    0x48, 0x8A, 0x87, 0x5A, 0x22, 0x07, 0x04, 0xF2, 0x01, 0x71, 0x41, 0x48, 0x45, 0xEA, 0xA1, 0xF8,
    0x50, 0xA6, 0x22, 0x87, 0x48, 0x44, 0xF5, 0x0B, 0x1C, 0x38, 0x81, 0xA6, 0xE9, 0x21, 0x07, 0x04,
    0x19, 0x54, 0x45, 0x50, 0x55, 0x48, 0x73, 0x70, 0x24, 0x83, 0xD6, 0x1E, 0x7E, 0xDF, 0x5B, 0x3B,
    0x4E, 0x4A, 0x68, 0xD6, 0xF5, 0x78, 0x66, 0x77, 0x76, 0xE6, 0xFB, 0xF3, 0xDE, 0xEF, 0xFB, 0xBE,
    0xDF, 0xF7, 0x9E, 0xA1, 0x9D, 0xC2, 0xC9, 0xC1, 0xC3, 0xD5, 0x2E, 0x3C, 0xF8, 0x08, 0x50, 0x43,
    0x13, 0x11, 0x12, 0xCC, 0x03, 0x5D, 0x0C, 0xDC, 0xC3, 0xD6, 0x17, 0x12, 0x0C, 0x91, 0xA1, 0xB4,
    0x7F, 0x37, 0xE7, 0x3B, 0x7B, 0xBE, 0x9E, 0x15, 0x15, 0xE7, 0x4D, 0x84, 0xBF, 0xA1, 0x20, 0x62,
    0x50, 0x80, 0x12, 0xEA, 0x81, 0x0E, 0x2B, 0x83, 0x1C, 0xCA, 0xC0, 0x31, 0xF0, 0x34, 0x3A, 0x3B,
    0xDB, 0xFD, 0xAA, 0x5C, 0x52, 0xE8, 0x57, 0xBA, 0x19, 0x20, 0xF6, 0xD0, 0x73, 0xB1, 0xE2, 0xA3,
    0xF3, 0x16, 0x9E, 0xFF, 0x87, 0xA6, 0x8D, 0x79, 0x2C, 0x47, 0x28, 0x9B, 0x2A, 0x0F, 0xDC, 0xD4,
    0x0F, 0xE1, 0x35, 0xE0, 0x6E, 0xE0, 0xB3, 0x0F, 0xD0, 0x3F, 0x84, 0x6B, 0xF0, 0xF2, 0x3F, 0xF1,
    0xF2, 0x9B, 0x1C, 0x16, 0xC7, 0x85, 0x7A, 0x6F, 0x7C, 0x88, 0xE7, 0xA5, 0xF1, 0xED, 0x12, 0x9E,
    0x85, 0x53, 0x19, 0x57, 0x8B, 0x2B, 0xB7, 0x80, 0x7B, 0x80, 0xC0, 0x47, 0xC3, 0xD5, 0x4D, 0xCE,
    0xE4, 0x97, 0x50, 0xFB, 0xE0, 0x44, 0x38, 0x9B, 0x97, 0xAE, 0x61, 0xB3, 0x10, 0xBD, 0x75, 0xF3,
    0x2B, 0xC3, 0xAF, 0xF3, 0x6F, 0x40, 0xDD, 0x7F, 0x91, 0x4A, 0xCA, 0xCC, 0xF9, 0x7B, 0x83, 0x95,
    0xD5, 0x7A, 0xAF, 0x3B, 0xC4, 0x42, 0x77, 0x80, 0x46, 0x37, 0xC3, 0x9C, 0x7C, 0x2F, 0xC7, 0x58,
    0x69, 0xB4, 0xF6, 0xBA, 0xB3, 0x6A, 0x8D, 0x00, 0x79, 0x29, 0x36, 0xFF, 0x2D, 0x06, 0x30, 0xB3,
    0xD6, 0xCE, 0xBA, 0x83, 0xC1, 0xFA, 0x7A, 0xFE, 0x3D, 0xF3, 0x6C, 0x8A, 0x1F, 0x6A, 0xF7, 0xBA,
    0x0E, 0x03, 0x24, 0x09, 0x92, 0x21, 0x1A, 0x09, 0x82, 0x26, 0x66, 0xCE, 0xE1, 0xF2, 0x65, 0xBD,
    0x5B, 0x11, 0xD6, 0x87, 0x67, 0xDA, 0x37, 0xDF, 0x4A, 0x1F, 0xF3, 0xDB, 0x29, 0x06, 0x2B, 0xED,
    0x8D, 0x5E, 0x37, 0x8A, 0x17, 0xBA, 0xD1, 0x46, 0xA3, 0xDB, 0x29, 0xE6, 0xBA, 0x51, 0xD1, 0x58,
    0x8E, 0x86, 0x2B, 0x8D, 0x28, 0xEA, 0xCE, 0xCE, 0x4F, 0x3D, 0xE6, 0xF7, 0x73, 0x3B, 0x9A, 0xE7,
    0x79, 0xFD, 0xDD, 0x22, 0x1F, 0xE4, 0xDD, 0x2C, 0xEB, 0xC8, 0x3C, 0xF4, 0x89, 0x87, 0xCB, 0xF7,
    0xE9, 0xD1, 0x9C, 0x38, 0xDC, 0xC6, 0xA7, 0x8F, 0xC6, 0xE0, 0x97, 0x53, 0x31, 0x7A, 0x18, 0x28,
    0xE3, 0x13, 0x8D, 0xDD, 0x52, 0xAC, 0x85, 0xF6, 0xD9, 0x4C, 0x3E, 0x5D, 0x60, 0x80, 0x6C, 0x93,
    0xB6, 0x66, 0x08, 0x53, 0x0F, 0x6B, 0xF2, 0x52, 0x99, 0x9A, 0x63, 0x1A, 0xAE, 0x89, 0xDC, 0x34,
    0xF1, 0x74, 0xEC, 0x63, 0xE8, 0xA3, 0x0C, 0x9D, 0x32, 0xBC, 0x52, 0x2C, 0xEE, 0x17, 0x04, 0x74,
    0x1C, 0x71, 0x06, 0x62, 0x89, 0xD2, 0x97, 0xD7, 0xC2, 0xAA, 0xEC, 0x8C, 0xBA, 0xFD, 0xC7, 0xCF,
    0xD6, 0xA8, 0xEB, 0x8D, 0xBA, 0xC4, 0xF2, 0x09, 0xE7, 0x54, 0x1D, 0xD7, 0x36, 0x30, 0xD7, 0xF4,
    0xBE, 0xF9, 0x12, 0xE0, 0xA5, 0x1D, 0xFD, 0x0C, 0x43, 0x3C, 0x6B, 0x33, 0xAF, 0x21, 0x10, 0xA7,
    0x84, 0xB8, 0x3B, 0x20, 0xCA, 0x9F, 0xCF, 0x67, 0xF5, 0xC2, 0x32, 0x6A, 0x11, 0xC2, 0x1A, 0xBC,
    0x2F, 0x81, 0x09, 0xD2, 0x8E, 0x30, 0xCC, 0xB0, 0x96, 0x5A, 0x50, 0x1C, 0x33, 0x83, 0x96, 0xA9,
    0xE1, 0x99, 0x34, 0x66, 0xFE, 0x66, 0x70, 0x99, 0x77, 0x1E, 0xB3, 0x61, 0x96, 0x59, 0x50, 0x8B,
    0x5A, 0xC0, 0xE0, 0xFB, 0x04, 0xE3, 0x4F, 0x70, 0xB7, 0xBE, 0x0C, 0xDF, 0xAF, 0xD0, 0x54, 0xDF,
    0xE1, 0xB0, 0x57, 0x70, 0x7C, 0xFC, 0x5F, 0xFD, 0xD9, 0xBE, 0xA9, 0x35, 0xEA, 0x39, 0xB3, 0x3A,
    0x47, 0xE1, 0x18, 0x87, 0xD0, 0x79, 0x04, 0xAF, 0x86, 0x02, 0xB1, 0x53, 0xA5, 0xC7, 0xFA, 0xAD,
    0x02, 0x29, 0x2B, 0x84, 0x97, 0x0F, 0x3F, 0x6D, 0x60, 0xC6, 0x10, 0x94, 0xBC, 0x80, 0xBE, 0x73,
    0x3B, 0xAF, 0xAE, 0x7B, 0x06, 0xB5, 0xC0, 0x20, 0x7E, 0x3E, 0x45, 0xF6, 0x9E, 0x56, 0xB7, 0xAB,
    0xDC, 0xD5, 0x57, 0x74, 0x80, 0xD9, 0xB1, 0xF2, 0x14, 0x16, 0x71, 0xC1, 0xDE, 0xC5, 0x18, 0x38,
    0x45, 0xA8, 0xDB, 0xBC, 0x19, 0x62, 0x63, 0xAA, 0x3F, 0x9A, 0xD9, 0x86, 0xA2, 0x13, 0xA6, 0xEC,
    0x80, 0x79, 0xCF, 0xB4, 0x85, 0x2A, 0xE1, 0xEE, 0xC1, 0x1B, 0x22, 0x8C, 0xD1, 0x8C, 0x11, 0x27,
    0xC8, 0x22, 0xFC, 0xE7, 0x96, 0x53, 0x8D, 0xDC, 0xB4, 0xC9, 0xC9, 0x2E, 0x22, 0x60, 0xEE, 0x49,
    0x18, 0x21, 0x5F, 0x12, 0x1F, 0x1B, 0xCC, 0x75, 0x88, 0xAA, 0xE8, 0x8A, 0xB2, 0x68, 0x8B, 0xBA,
    0xE8, 0x8B, 0x01, 0x5A, 0x60, 0xFD, 0x8C, 0x40, 0x1B, 0xAC, 0xB0, 0x1A, 0x07, 0xC4, 0x4C, 0xB6,
    0xFA, 0xCB, 0xBC, 0x46, 0xD4, 0xFB, 0x29, 0x30, 0xAD, 0x3E, 0xB9, 0x1D, 0xA7, 0x20, 0xA0, 0x9B,
    0x1A, 0x53, 0xD3, 0x67, 0xB0, 0x71, 0x9D, 0x3A, 0xD7, 0x8F, 0x10, 0xFF, 0xA4, 0xF3, 0x99, 0x87,
    0xFA, 0x2B, 0xD4, 0x8F, 0xA0, 0xFE, 0x25, 0xF7, 0xA7, 0x00, 0xF4, 0xFC, 0xCE, 0xEB, 0x20, 0x79,
    0xD1, 0xE7, 0x6F, 0x59, 0x25, 0xEA, 0x3D, 0x86, 0xC5, 0xFD, 0x23, 0xEB, 0xCE, 0x27, 0x23, 0x61,
    0x31, 0x64, 0x2E, 0x24, 0xE1, 0x8E, 0xC6, 0x3B, 0xEF, 0xF0, 0x67, 0x75, 0xC0, 0x97, 0x86, 0xC3,
    0xF0, 0x35, 0xC7, 0x13, 0xE2, 0xD2, 0xAF, 0xE9, 0x9D, 0x44, 0x86, 0xF3, 0xAF, 0xAB, 0x6A, 0xE4,
    0xE5, 0x7C, 0x84, 0xB6, 0x2D, 0x1F, 0x0E, 0xFD, 0x86, 0x10, 0xA6, 0x9C, 0x43, 0xFB, 0xA4, 0xF3,
    0x35, 0xED, 0x55, 0x5A, 0x2A, 0xB7, 0x10, 0xDA, 0xE5, 0xF0, 0x1C, 0x7A, 0x59, 0x00, 0x67, 0x21,
    0xFC, 0xC7, 0x18, 0xEC, 0xBC, 0xE1, 0x54, 0x7B, 0xE4, 0x44, 0xA6, 0xDB, 0x98, 0xF0, 0xFC, 0x2A,
    0xA5, 0xEB, 0x40, 0x08, 0x4E, 0xEA, 0x86, 0x7E, 0xE9, 0xB0, 0x5F, 0x59, 0x94, 0x54, 0x21, 0x72,
    0xD3, 0xA7, 0xD1, 0xA2, 0xBF, 0x90, 0xD9, 0x5A, 0x60, 0xAD, 0x7E, 0x0A, 0xAD, 0x95, 0x01, 0x7A,
    0x99, 0x44, 0x66, 0x72, 0x95, 0x75, 0x3B, 0xE7, 0x48, 0x2A, 0x40, 0xED, 0x40, 0x1D, 0x1E, 0x35,
    0x0F, 0xF6, 0x16, 0xCE, 0x5D, 0x1D, 0x37, 0x8F, 0xB1, 0x29, 0xB1, 0xA3, 0xB1, 0x49, 0x58, 0x94,
    0xFD, 0x51, 0xB3, 0xA1, 0x9C, 0x5C, 0x8B, 0x00, 0xF6, 0x01, 0x56, 0x1F, 0xF4, 0x29, 0xB4, 0xDE,
    0x4D, 0x71, 0x47, 0x8A, 0xFC, 0x14, 0x2A, 0xCC, 0x01, 0xCE, 0x9F, 0x8F, 0x5F, 0xE5, 0xF3, 0x80,
    0x10, 0xB0, 0x97, 0x69, 0x1F, 0xAD, 0x9F, 0xF9, 0xD8, 0x1C, 0x85, 0xCC, 0xA4, 0x80, 0x38, 0xB4,
    0x09, 0x44, 0x82, 0x88, 0xC1, 0x5D, 0x7D, 0xC5, 0xA0, 0x2F, 0xCC, 0xEE, 0xDD, 0xD1, 0x08, 0x76,
    0x89, 0xC5, 0x94, 0x70, 0xF6, 0xB6, 0x53, 0xAA, 0xDC, 0x2D, 0x1D, 0xE3, 0xDE, 0x74, 0x8D, 0xFB,
    0x6D, 0x37, 0xF5, 0x9A, 0xAE, 0xF6, 0x03, 0x8F, 0x6D, 0x8D, 0x9D, 0xD9, 0xFD, 0x0A, 0x9A, 0xEE,
    0x9F, 0xD1, 0x60, 0x2A, 0x47, 0xAC, 0xCE, 0x18, 0xB7, 0xC8, 0x66, 0xD7, 0x80, 0x73, 0xB0, 0x0D,
    0x52, 0x06, 0x64, 0x7B, 0xC2, 0x73, 0xA4, 0x8F, 0x6A, 0x9F, 0x8C, 0xD4, 0xA6, 0xD7, 0x90, 0x1E,
    0x43, 0xCA, 0x92, 0xC6, 0x79, 0xDD, 0xE0, 0x7D, 0x66, 0xAF, 0x26, 0x7F, 0xB3, 0x69, 0xF1, 0x49,
    0xE7, 0xEB, 0x05, 0x24, 0xF7, 0xC6, 0x87, 0x54, 0x7E, 0x26, 0x4D, 0xC0, 0x26, 0xDD, 0x99, 0x6C,
    0x09, 0x87, 0x79, 0x4C, 0xE7, 0xA6, 0xB0, 0xD8, 0xFC, 0xD9, 0x6C, 0xB5, 0xBE, 0x08, 0x5C, 0x24,
    0x23, 0xD5, 0xEB, 0x67, 0xB3, 0x53, 0x23, 0xFB, 0xCF, 0xC5, 0xE3, 0xFB, 0x33, 0xD8, 0x59, 0x52,
    0x3A, 0xF1, 0xD2, 0x70, 0x11, 0xEE, 0xBE, 0xD4, 0xAA, 0x77, 0x8B, 0x5C, 0x80, 0xD8, 0x7D, 0xD8,
    0x19, 0x9E, 0xDB, 0xD2, 0xEA, 0xB0, 0xA2, 0xE9, 0x55, 0x9A, 0xDE, 0x45, 0xA2, 0xEE, 0xF1, 0xED,
    0x8F, 0x31, 0x0C, 0x7D, 0x64, 0x09, 0xCD, 0x66, 0x21, 0xDE, 0xCE, 0x9B, 0xB8, 0x9A, 0x92, 0x20,
    0x68, 0xBA, 0x4F, 0xD3, 0xBF, 0xA3, 0x69, 0xDB, 0x7F, 0x3F, 0x75, 0xC4, 0xE1, 0x9E, 0x40, 0xA8,
    0x49, 0xE9, 0x33, 0x1C, 0xD0, 0x38, 0x85, 0x24, 0x89, 0x9A, 0x4C, 0xA2, 0xC8, 0x2E, 0xD0, 0x12,
    0x0E, 0x57, 0x5A, 0xFB, 0xD0, 0x2E, 0xCF, 0x06, 0xCC, 0xD0, 0x21, 0xF3, 0xF3, 0xD2, 0x15, 0x83,
    0xF0, 0xF0, 0x78, 0x20, 0xEC, 0xB0, 0xC2, 0x28, 0x32, 0x32, 0x85, 0xB3, 0xD9, 0x12, 0x42, 0x22,
    0x43, 0x20, 0x62, 0x7A, 0x90, 0x23, 0xCE, 0x64, 0xAB, 0xC1, 0x46, 0x19, 0x75, 0xC7, 0x2B, 0xAA,
    0x33, 0x8E, 0xC9, 0xB7, 0xF4, 0x52, 0x67, 0xE2, 0xAE, 0xC7, 0x28, 0x22, 0xD7, 0x34, 0x7C, 0x5D,
    0x0B, 0x84, 0xBE, 0xFD, 0xA1, 0xA4, 0xDF, 0x49, 0xA5, 0x0A, 0x27, 0x5B, 0x64, 0xD3, 0xE3, 0x0A,
    0xE6, 0xDA, 0xF1, 0xE7, 0xA5, 0xA7, 0x33, 0x06, 0x9D, 0x41, 0x09, 0x50, 0x2E, 0x5E, 0x31, 0xAD,
    0x43, 0x3C, 0x5C, 0xE3, 0x00, 0xDF, 0x80, 0xAC, 0x30, 0xE1, 0xBF, 0x90, 0x23, 0xA0, 0xF3, 0x1A,
    0xB5, 0x1A, 0x5C, 0x58, 0x44, 0x7C, 0x99, 0x10, 0x87, 0x78, 0x83, 0xF4, 0xC0, 0x2E, 0x9E, 0xF9,
    0x6C, 0xF2, 0x7C, 0x57, 0xF0, 0xBA, 0xEF, 0x6B, 0x75, 0xF7, 0x40, 0x5C, 0x88, 0x0F, 0x0B, 0xFD,
    0xE6, 0x51, 0x61, 0xC9, 0x47, 0x64, 0x39, 0x5D, 0x09, 0x91, 0x39, 0x55, 0xCF, 0x7B, 0xAD, 0x0C,
    0x51, 0xB6, 0x51, 0x24, 0xC8, 0x63, 0xC7, 0xC4, 0xAE, 0x89, 0x7D, 0xB3, 0xFA, 0x4A, 0x1A, 0xBE,
    0x3F, 0x4E, 0xB4, 0x6D, 0xB1, 0xE1, 0x0B, 0x57, 0x4E, 0x24, 0xCF, 0xFE, 0xDF, 0xD1, 0x78, 0xDB,
    0x40, 0xEB, 0x89, 0xE4, 0xAF, 0xF5, 0x70, 0xAF, 0xC4, 0x0B, 0x93, 0x09, 0x0F, 0x72, 0x64, 0x76,
    0xAF, 0x30, 0x89, 0x30, 0x7B, 0xCF, 0xC5, 0x14, 0x5D, 0x23, 0x9F, 0xD3, 0x93, 0xA9, 0xD4, 0xA1,
    0x9D, 0xC3, 0xAB, 0xFB, 0xFE, 0xD6, 0x28, 0xE2, 0x72, 0x33, 0x6A, 0xAB, 0x7C, 0x23, 0x71, 0xAA,
    0x22, 0x76, 0x3F, 0xE0, 0xC6, 0x81, 0xAD, 0x89, 0xC9, 0xB7, 0x7A, 0x75, 0x6F, 0xBD, 0x75, 0x77,
    0xBC, 0x98, 0x97, 0x4E, 0x50, 0xA5, 0x04, 0x3E, 0xC0, 0x49, 0xC4, 0x62, 0x7B, 0x73, 0x61, 0x01,
    0xFE, 0x08, 0x4E, 0x6A, 0x03, 0x90, 0x73, 0x5D, 0x66, 0x39, 0xF2, 0x91, 0xC6, 0x63, 0xC7, 0xA3,
    0xFD, 0x2D, 0x13, 0xB0, 0x61, 0xFB, 0x9A, 0x4D, 0xFA, 0xD2, 0xF6, 0xB1, 0xEE, 0x67, 0xE0, 0x1F,
    0x1C, 0xF3, 0x17, 0x17, 0xE0, 0xB6, 0xE5, 0x4C, 0x24, 0x7F, 0xCE, 0x36, 0x9B, 0xF7, 0x53, 0x75,
    0x04, 0xFE, 0xD3, 0xE4, 0xDF, 0x35, 0xB8, 0x63, 0x8E, 0xF1, 0x7C, 0x8A, 0xF0, 0x39, 0x26, 0x01,
    0xFB, 0xAA, 0x86, 0xDD, 0xA4, 0x85, 0xB6, 0x52, 0xA4, 0x4A, 0x62, 0xBB, 0x68, 0x64, 0x5E, 0xB1,
    0x69, 0x28, 0x3C, 0xF9, 0xAD, 0x4A, 0xFD, 0x3C, 0x1A, 0x08, 0x03, 0x3F, 0xE9, 0x6D, 0xA3, 0xD7,
    0xB0, 0x7B, 0xAA, 0x27, 0xDA, 0xE5, 0xB1, 0x7A, 0x43, 0xAA, 0x9E, 0x7B, 0x84, 0xAF, 0xCA, 0xE2,
    0x44, 0x1D, 0x64, 0xFE, 0x2F, 0xB8, 0x5F, 0x2B, 0x13, 0x14, 0x2C, 0xB7, 0x58, 0x49, 0x14, 0xDB,
    0x2D, 0x81, 0x5B, 0x8E, 0x57, 0x97, 0xF1, 0x61, 0x29, 0xC9, 0x37, 0x0D, 0xBF, 0x9F, 0xFB, 0x45,
    0x19, 0xA6, 0x12, 0xF2, 0x26, 0x0B, 0x53, 0xE5, 0x89, 0x63, 0x12, 0x57, 0xE4, 0x87, 0xAC, 0x89,
    0x75, 0x1B, 0xAB, 0xC6, 0x23, 0xC1, 0x78, 0x2D, 0x0F, 0x28, 0x86, 0x87, 0x96, 0x73, 0x0A, 0x5F,
    0x78, 0xF1, 0xD8, 0x32, 0x83, 0xE1, 0xDA, 0x50, 0xCF, 0x4F, 0x26, 0xFF, 0xBF, 0xC1, 0xF8, 0x78,
    0xF9, 0x9B, 0x5D, 0xE7, 0x5E, 0xAE, 0xD4, 0x64, 0xC2, 0xDC, 0x45, 0xFE, 0xFD, 0x91, 0xC8, 0x7D,
    0xBC, 0xF0, 0x98, 0x81, 0xED, 0xBE, 0xEB, 0x78, 0x5F, 0x28, 0x75, 0x2D, 0x4F, 0xF8, 0x39, 0xBF,
    0xC4, 0x14, 0xF7, 0xB7, 0xF2, 0xC0, 0x2B, 0xA2, 0x66, 0x19, 0xC7, 0x45, 0x5C, 0x14, 0x17, 0x6F,
    0x9B, 0x3E, 0x2D, 0xB4, 0xD0, 0x1F, 0xC9, 0xF2, 0x5F, 0xC4, 0x32, 0x0B, 0xD7, 0x94, 0xA8, 0x8E,
    0x91, 0x24, 0x8C, 0x3D, 0x37, 0x1D, 0xBA, 0x42, 0x5E, 0x02, 0x71, 0x07, 0x0F, 0xDE, 0xC2, 0xE6,
    0x4F, 0x3E, 0xCA, 0x8A, 0x13, 0xC9, 0x73, 0x95, 0xF4, 0x03, 0xA8, 0xBB, 0x90, 0xE9, 0x4F, 0x22,
    0xFF, 0x7B, 0xAD, 0xFE, 0x70, 0xD4, 0x4F, 0x9F, 0x2E, 0x2C, 0x91, 0xB6, 0xAB, 0x51, 0x65, 0xFF,
    0xCD, 0x90, 0x36, 0x5D, 0x43, 0x8D, 0xA1, 0x63, 0x4A, 0x75, 0xDB, 0x80, 0x0B, 0xEA, 0xBF, 0x00,
    0x7F, 0xB3, 0xBB, 0x8D, 0x9B, 0x82, 0x09, 0x49, 0x96, 0x45, 0xBB, 0x3B, 0xEE, 0x5C, 0xF5, 0x93,
    0x95, 0x17, 0x72, 0xAD, 0xEE, 0xED, 0x39, 0x7B, 0x89, 0x9B, 0x93, 0xE3, 0x23, 0x4F, 0x27, 0x3E,
    0x12, 0xCB, 0xDB, 0x65, 0x78, 0x37, 0x6F, 0xEE, 0xEA, 0x8F, 0x6E, 0x4C, 0xB9, 0x32, 0x8D, 0x07,
    0xE3, 0x11, 0x9C, 0xCA, 0xE9, 0x7F, 0x01, 0xA5, 0x58, 0xCF, 0x6F, 0x1C, 0x57, 0x1D, 0xFF, 0xCC,
    0xBC, 0xB8, 0x93, 0x78, 0xF0, 0x8E, 0x0F, 0x4E, 0x15, 0x85, 0xDD, 0xB8, 0x87, 0x1C, 0x2A, 0xB2,
    0xF6, 0xF6, 0x60, 0xD0, 0x20, 0x6D, 0xBC, 0x2F, 0x47, 0x84, 0x80, 0x3D, 0x34, 0xED, 0xA1, 0x82,
    0xF8, 0xC0, 0xA1, 0xA2, 0x54, 0x09, 0x68, 0x11, 0x11, 0x4A, 0xE3, 0xA9, 0x91, 0xE8, 0x01, 0x81,
    0xF6, 0x90, 0x3F, 0xC0, 0x87, 0x72, 0x88, 0x0F, 0xB0, 0x69, 0x2C, 0x61, 0x41, 0x1A, 0x3F, 0x92,
    0x03, 0x87, 0x22, 0x3A, 0xA8, 0x42, 0x3D, 0xA0, 0xC2, 0x40, 0x0F, 0x55, 0xA9, 0x84, 0xE6, 0x60,
    0x24, 0x13, 0xAD, 0x77, 0xF8, 0x7C, 0xDF, 0xEC, 0x38, 0xB6, 0xB5, 0xE9, 0xCE, 0xC6, 0xFB, 0xC3,
    0xDE, 0x99, 0x79, 0xEF, 0xFB, 0xF9, 0x7E, 0xBF, 0xEF, 0xFB, 0xFD, 0x7C, 0xBF, 0xEF, 0x41, 0x65,
    0x80, 0x73, 0x19, 0xC0, 0x0A, 0xFF, 0xA7, 0x80, 0xDA, 0x01, 0xBC, 0x0E, 0x10, 0x84, 0x40, 0x8D,
    0xDF, 0xB0, 0x09, 0xF4, 0xEA, 0xC0, 0xA3, 0x7B, 0x70, 0xB3, 0x3E, 0x54, 0x54, 0x83, 0x8F, 0x19,
    0x9C, 0x43, 0x05, 0x4D, 0x7E, 0xB1, 0x1D, 0xE3, 0xB2, 0xC6, 0x1C, 0x1F, 0x2E, 0x79, 0x6B, 0x69,
    0x80, 0x74, 0x01, 0x49, 0x13, 0x71, 0xE8, 0x9A, 0x50, 0x99, 0xD0, 0x37, 0x17, 0xAF, 0x46, 0xC1,
    0xC7, 0x1A, 0xC3, 0x97, 0x52, 0x1A, 0xEE, 0x80, 0x3F, 0x5E, 0x7C, 0x7A, 0x44, 0xBE, 0xD6, 0xD7,
    0xB1, 0x6A, 0x30, 0x85, 0x72, 0xB8, 0x2B, 0x02, 0x43, 0x14, 0x82, 0x10, 0x83, 0x10, 0x44, 0x20,
    0xC0, 0xA3, 0x7B, 0x14, 0x4F, 0xE9, 0x14, 0x4E, 0xD9, 0x56, 0xF4, 0xF3, 0x44, 0x06, 0x12, 0xE0,
    0x9E, 0xCC, 0x1B, 0x2B, 0x7C, 0xDA, 0xCE, 0x58, 0x02, 0x16, 0x73, 0xEB, 0xCE, 0x03, 0x29, 0x5C,
    0x03, 0x07, 0x38, 0xBB, 0xEE, 0x64, 0x7D, 0x2F, 0x46, 0x00, 0x2C, 0x80, 0x7A, 0x83, 0x06, 0x6E,
    0x5A, 0xE9, 0x3D, 0xFB, 0x9B, 0x77, 0x1A, 0x2F, 0x69, 0x2F, 0xB3, 0x1A, 0xBA, 0x11, 0x7C, 0x8D,
    0x1A, 0x30, 0x2B, 0xA0, 0x4E, 0x16, 0xF9, 0x91, 0x68, 0x53, 0xB7, 0xC3, 0x42, 0xFB, 0xE1, 0x8F,
    0xC5, 0x33, 0xF0, 0xFB, 0x28, 0xC6, 0xC7, 0xA8, 0x5F, 0xC3, 0xEC, 0xEC, 0x64, 0x40, 0x67, 0x80,
    0x55, 0x38, 0x1F, 0x68, 0x07, 0xBA, 0x14, 0x90, 0x32, 0x74, 0xBF, 0xFC, 0x98, 0x08, 0xA5, 0x6A,
    0x25, 0xA2, 0x9C, 0x2D, 0x73, 0x27, 0x31, 0xD3, 0x11, 0x73, 0x1C, 0x3D, 0x19, 0x8A, 0xD6, 0xF8,
    0x38, 0xC2, 0xB2, 0xA0, 0x94, 0x02, 0x3A, 0xC9, 0x70, 0xF1, 0xF8, 0x54, 0x31, 0xE4, 0x88, 0x85,
    0x0D, 0x46, 0x62, 0xB6, 0x43, 0x13, 0xDF, 0xA0, 0x8D, 0x15, 0x28, 0x1D, 0xC0, 0xD3, 0x3E, 0xE4,
    0x1D, 0xF0, 0x5D, 0xE1, 0xBB, 0x46, 0x35, 0xAA, 0x94, 0x52, 0x67, 0xFC, 0x5C, 0xBC, 0x6A, 0xD0,
    0xFA, 0x9F, 0x08, 0x3A, 0xC1, 0x55, 0xA2, 0xEF, 0x51, 0x8F, 0x09, 0x42, 0x3F, 0x86, 0x94, 0x43,
    0x0B, 0xD6, 0x52, 0xCE, 0x4A, 0x39, 0x23, 0xE1, 0x8C, 0x18, 0x8C, 0x15, 0x30, 0x58, 0xC0, 0x68,
    0xC1, 0xC5, 0xD7, 0x22, 0xEC, 0x27, 0xC1, 0x13, 0x70, 0xE7, 0x6F, 0xF9, 0x58, 0xED, 0x7F, 0x2E,
    0x2E, 0xAC, 0x75, 0xD3, 0xF7, 0xF3, 0xEF, 0x01, 0xDC, 0x0A, 0x71, 0xEB, 0xE3, 0x70, 0x5B, 0x29,
    0x4E, 0xB7, 0xB1, 0xF1, 0x36, 0xC1, 0xF3, 0x65, 0x65, 0x2A, 0x7A, 0x1A, 0x7E, 0x16, 0x05, 0x1B,
    0x9A, 0x8E, 0xAB, 0x15, 0x0B, 0xB7, 0x7C, 0x1B, 0x2D, 0x92, 0x42, 0x66, 0x8A, 0xC4, 0xD6, 0xFE,
    0x4F, 0x4D, 0x45, 0x99, 0xBA, 0xAF, 0x5B, 0x03, 0x2C, 0x77, 0x0B, 0xCF, 0x3E, 0x0B, 0x7F, 0xAF,
    0xC8, 0xEB, 0x17, 0x5E, 0x40, 0x2B, 0xC1, 0x94, 0x9E, 0x40, 0x3E, 0x5F, 0xC6, 0x20, 0x8B, 0xF2,
    0xF5, 0x1B, 0x8F, 0x92, 0x8B, 0x13, 0x07, 0x96, 0x86, 0xA8, 0xD9, 0x0F, 0xCA, 0xC9, 0x2F, 0x2F,
    0x96, 0x39, 0xBF, 0x0E, 0xBA, 0x1A, 0x5B, 0xE5, 0x84, 0x77, 0x64, 0xB0, 0x63, 0x80, 0x1D, 0x3B,
    0xFE, 0xB9, 0x39, 0xD4, 0x7B, 0x08, 0x2C, 0x7F, 0x95, 0x07, 0x8D, 0xDA, 0xB8, 0xCB, 0x48, 0x40,
    0x59, 0x77, 0x39, 0x11, 0xBC, 0x14, 0xB5, 0x25, 0xCC, 0x9E, 0xC0, 0xD9, 0xB7, 0x9D, 0x6C, 0xCF,
    0x8B, 0x4F, 0x1C, 0xCA, 0x2B, 0xBF, 0xDF, 0x9B, 0xBA, 0xDE, 0x43, 0xA7, 0x83, 0x5E, 0x13, 0x69,
    0xE3, 0xA5, 0xC4, 0xCB, 0x62, 0x99, 0x48, 0x52, 0x6B, 0x68, 0xBC, 0x63, 0x24, 0xC1, 0x2C, 0x03,
    0xFA, 0xFB, 0x0C, 0xE8, 0x90, 0x01, 0xE3, 0x21, 0x03, 0xBE, 0x16, 0x05, 0x9F, 0x50, 0x63, 0xD2,
    0x36, 0xF4, 0x02, 0xB6, 0x77, 0xF1, 0x6C, 0x1E, 0x67, 0xD5, 0x2A, 0x82, 0x1D, 0x9B, 0xCC, 0x93,
    0x80, 0xF2, 0xD5, 0x3D, 0xC4, 0xE9, 0x13, 0x80, 0xD2, 0xB3, 0x8C, 0x79, 0x21, 0xA9, 0x49, 0x10,
    0x39, 0xA8, 0xB2, 0xBF, 0x7C, 0x93, 0xC0, 0x4D, 0x84, 0x72, 0x4D, 0xAA, 0x89, 0x1B, 0xE5, 0x2B,
    0xA2, 0xA1, 0x2C, 0xE8, 0x89, 0xC9, 0x41, 0xD1, 0xCD, 0x89, 0xCB, 0x67, 0x40, 0xCC, 0x71, 0x7E,
    0xE4, 0x44, 0xAE, 0x51, 0xF2, 0x8E, 0x54, 0xE4, 0x69, 0x45, 0x02, 0xF1, 0x48, 0x24, 0x7E, 0x36,
    0x40, 0xB0, 0x71, 0xDF, 0x52, 0x48, 0x8D, 0xC1, 0x63, 0x49, 0x84, 0xA1, 0xD1, 0x64, 0x91, 0x0A,
    0x45, 0x99, 0x75, 0xB8, 0x3B, 0x22, 0xE4, 0x04, 0x65, 0x68, 0x71, 0xDB, 0x30, 0xF6, 0x2E, 0xC1,
    0x5B, 0x8D, 0xFD, 0x24, 0x0D, 0xB4, 0xA8, 0x54, 0x43, 0x52, 0x77, 0xE2, 0x7A, 0x5E, 0xED, 0x54,
    0xD4, 0xE1, 0x88, 0x21, 0xA0, 0xF7, 0xD7, 0x97, 0xBB, 0x8D, 0x2C, 0x4B, 0xBD, 0x68, 0x1C, 0x60,
    0x27, 0x07, 0xB4, 0x20, 0xFE, 0xBF, 0xE1, 0x7F, 0x6A, 0x03, 0xBC, 0x11, 0xFB, 0xFF, 0x4C, 0x83,
    0xE8, 0x30, 0x88, 0x5B, 0x80, 0xEC, 0xAC, 0xB8, 0xBF, 0x31, 0x8E, 0x03, 0x67, 0x03, 0xCE, 0xC0,
    0x3A, 0xB6, 0x27, 0x15, 0x95, 0x2E, 0x74, 0xE2, 0xE1, 0x32, 0xE7, 0xFA, 0x4A, 0xA2, 0x68, 0xAC,
    0xC6, 0x98, 0xFF, 0xDA, 0x57, 0xFA, 0xB3, 0x6D, 0x12, 0xBB, 0x65, 0xED, 0x8A, 0xD5, 0x41, 0xF0,
    0x43, 0x99, 0x4C, 0x6E, 0xB9, 0xAC, 0xCB, 0xCB, 0x6A, 0xEC, 0x9C, 0x7E, 0x92, 0xA4, 0x21, 0x57,
    0xD9, 0xA2, 0x59, 0x5A, 0x1E, 0x89, 0xE2, 0xF9, 0xF9, 0x54, 0x4A, 0xCD, 0x28, 0x99, 0xE5, 0xE5,
    0x3C, 0x63, 0x99, 0x80, 0xA4, 0x33, 0x9F, 0x27, 0x4A, 0x4F, 0x86, 0x4B, 0xD8, 0xDB, 0x08, 0x88,
    0xF2, 0xA2, 0x95, 0x97, 0x8D, 0x2A, 0x5D, 0xDE, 0xC3, 0x0D, 0x79, 0x5C, 0x1B, 0x16, 0xE1, 0x49,
    0xF4, 0x1D, 0xAD, 0xA7, 0xAB, 0x9D, 0x01, 0x07, 0x75, 0x7C, 0x8A, 0x60, 0xD0, 0xA7, 0x8C, 0xE0,
    0xA4, 0x46, 0x29, 0x55, 0x8A, 0xA9, 0x53, 0x4E, 0x93, 0x82, 0x42, 0x4A, 0xEA, 0x50, 0x54, 0x8F,
    0xB2, 0x52, 0x0A, 0x13, 0x0D, 0x13, 0xDB, 0x3F, 0x88, 0xD7, 0xF0, 0x2A, 0x7B, 0x16, 0xD3, 0x53,
    0x26, 0xCD, 0x2D, 0xF0, 0x5C, 0xE3, 0x2B, 0x13, 0xB0, 0xFC, 0x29, 0x5D, 0xF3, 0x74, 0xDD, 0x47,
    0x3D, 0x40, 0x58, 0x41, 0x38, 0x83, 0x4E, 0xB5, 0x28, 0xE1, 0x1D, 0xE1, 0x2F, 0x57, 0xEF, 0x77,
    0x3B, 0x3D, 0xE9, 0x76, 0x5C, 0xA6, 0x40, 0x91, 0xBB, 0x95, 0xC2, 0xC8, 0xBC, 0xDE, 0x77, 0x6C,
    0xB6, 0x1D, 0x30, 0x52, 0xD9, 0x15, 0xFB, 0x2E, 0xF1, 0xE8, 0xC1, 0xF9, 0x08, 0x3F, 0x20, 0xA5,
    0xB5, 0x1F, 0xF7, 0x27, 0xFB, 0xB3, 0x7A, 0x45, 0xD3, 0x67, 0x67, 0xED, 0xFB, 0x65, 0xD5, 0xF6,
    0x73, 0x88, 0xA6, 0x79, 0x6B, 0x81, 0xF7, 0x36, 0xA1, 0xD6, 0x28, 0xF4, 0xEB, 0x8C, 0xE2, 0xD7,
    0xA9, 0x05, 0xB9, 0x3F, 0x60, 0x63, 0x11, 0x48, 0x8D, 0xA1, 0x3E, 0x55, 0xAA, 0x55, 0xE7, 0xAC,
    0xA6, 0x94, 0x5E, 0x67, 0xC8, 0x69, 0x31, 0x2C, 0x33, 0xA9, 0xA2, 0x4A, 0xEA, 0x43, 0x5E, 0xF7,
    0xDC, 0xD8, 0xF7, 0x75, 0xB0, 0x80, 0xCA, 0x26, 0xE6, 0x53, 0x34, 0x7A, 0xA8, 0xD3, 0xE5, 0x75,
    0x71, 0x84, 0xF8, 0xDA, 0xCE, 0x55, 0xB6, 0xC9, 0x2C, 0xBC, 0x76, 0x74, 0x7C, 0xF3, 0xE0, 0xF8,
    0x69, 0xCB, 0x47, 0x1D, 0x41, 0x41, 0x74, 0x20, 0xB5, 0xF3, 0xB2, 0x52, 0x38, 0xED, 0x68, 0x59,
    0x39, 0x45, 0x3F, 0xF4, 0x38, 0x45, 0xE7, 0xC1, 0xA4, 0xF4, 0xC8, 0xF8, 0x8F, 0xF6, 0x9F, 0xEA,
    0xE2, 0x69, 0x95, 0x4F, 0x97, 0x6F, 0x8B, 0x08, 0x3E, 0xD3, 0x56, 0xC9, 0x59, 0x1B, 0x9A, 0x09,
    0xE2, 0x51, 0xA1, 0x29, 0xB8, 0x96, 0x11, 0xA4, 0x94, 0xB9, 0x26, 0x56, 0x0F, 0x22, 0xF5, 0xE6,
    0x38, 0xED, 0x2E, 0xC1, 0x7D, 0x0F, 0xEA, 0x4F, 0x50, 0xB7, 0xEC, 0x48, 0x1C, 0x1A, 0x59, 0xB7,
    0x9F, 0xB0, 0x58, 0xC6, 0x11, 0x46, 0x7B, 0x08, 0xFC, 0x51, 0x62, 0x0F, 0x1B, 0x1B, 0x56, 0x96,
    0x9E, 0x68, 0xEC, 0x66, 0x60, 0x6E, 0xE2, 0xF5, 0xC7, 0xC6, 0xEA, 0xC2, 0x30, 0xCE, 0x8C, 0x02,
    0xB3, 0x88, 0x77, 0x0F, 0xD1, 0xC4, 0xA9, 0xBC, 0x45, 0xB3, 0x66, 0x6A, 0x21, 0xED, 0xAE, 0x9B,
    0x3A, 0xB1, 0x4A, 0x39, 0x6B, 0x8B, 0xF3, 0xBE, 0xCF, 0x99, 0x35, 0x72, 0x75, 0xC5, 0x43, 0xC5,
    0xA7, 0x66, 0xEA, 0x5B, 0xA8, 0xA9, 0x3F, 0xA3, 0xEA, 0x7C, 0xC4, 0x59, 0x7D, 0xCA, 0xB8, 0x47,
    0x9E, 0xBE, 0x61, 0xD9, 0x9E, 0xA6, 0x78, 0xB6, 0x52, 0x4C, 0xC1, 0x6F, 0x59, 0x66, 0x3E, 0x40,
    0x9A, 0x4D, 0x26, 0x9D, 0x30, 0xB3, 0x11, 0xD2, 0x7C, 0x6A, 0x10, 0xD8, 0xAD, 0x8B, 0xC4, 0x3E,
    0xCC, 0x30, 0xC4, 0xC6, 0x82, 0xD9, 0x6A, 0x2B, 0xE1, 0x3B, 0x1C, 0xCF, 0x7C, 0x54, 0xDF, 0xE6,
    0x4D, 0xE9, 0x6C, 0xDA, 0x4F, 0x6F, 0x70, 0xFB, 0x39, 0x7C, 0x99, 0x64, 0xAE, 0xA5, 0xFC, 0x8F,
    0xD3, 0xC1, 0xB5, 0xF1, 0x62, 0x3B, 0xFD, 0xF6, 0xD2, 0x27, 0x7D, 0xEC, 0x2D, 0x38, 0x69, 0xCD,
    0x8D, 0x6B, 0xEC, 0x85, 0x54, 0xD4, 0xF4, 0x74, 0xE8, 0x6B, 0xA6, 0xC3, 0xA6, 0xF4, 0xE2, 0x4F,
    0xA5, 0x0E, 0x79, 0x41, 0x22, 0x4A, 0x68, 0xA4, 0xC5, 0x04, 0x3E, 0x6B, 0xDD, 0xE2, 0xB5, 0x3E,
    0xB7, 0x3A, 0xEE, 0xC7, 0xF0, 0x9E, 0x6D, 0x0D, 0xE7, 0x77, 0x21, 0xBD, 0x36, 0x2E, 0x74, 0xB9,
    0x2F, 0xD9, 0x65, 0xA4, 0x30, 0x67, 0xF9, 0xB4, 0xC9, 0x6F, 0xC8, 0x81, 0x6C, 0xDA, 0xB9, 0xAD,
    0x09, 0xE8, 0x79, 0xF9, 0xD6, 0x78, 0xDD, 0xE4, 0x7B, 0x13, 0x8D, 0x97, 0x13, 0x0C, 0x37, 0x37,
    0x87, 0xDB, 0xEF, 0xB5, 0xB8, 0x42, 0x4C, 0xA4, 0x4D, 0x24, 0x21, 0x3F, 0xF4, 0x87, 0x32, 0x8B,
    0x57, 0x8A, 0x8D, 0x8D, 0xDD, 0xD8, 0x31, 0xBE, 0xD9, 0x76, 0xD9, 0x8D, 0xCD, 0x71, 0x50, 0x25,
    0x16, 0x62, 0x6C, 0x47, 0x38, 0x8D, 0x72, 0xD8, 0x6B, 0x6C, 0x6A, 0x7E, 0x4E, 0xF2, 0xA9, 0xE6,
    0xFB, 0xA2, 0xE3, 0x60, 0x9F, 0x3A, 0x83, 0x6A, 0x07, 0xD7, 0x62, 0x5C, 0x2A, 0x67, 0xF7, 0x85,
    0x8D, 0x0D, 0xB8, 0x83, 0x2C, 0x23, 0x9A, 0x9C, 0x1E, 0x48, 0xD2, 0x09, 0x97, 0x11, 0x30, 0x15,
    0x42, 0xE0, 0x1E, 0x6B, 0xD3, 0x79, 0xB4, 0x8E, 0x9E, 0x50, 0xB0, 0xFD, 0xD3, 0x91, 0x72, 0xD4,
    0x94, 0x28, 0x6E, 0xBC, 0xB2, 0xC1, 0x45, 0xCB, 0xF6, 0x7B, 0xCF, 0x39, 0xB4, 0x9D, 0xEC, 0xAD,
    0x3D, 0x7F, 0xED, 0x3F, 0x41, 0x05, 0xBB, 0x01, 0x21, 0x17, 0x9A, 0xC8, 0x76, 0x43, 0x3C, 0xD2,
    0xA1, 0xC3, 0x7D, 0x15, 0x5B, 0xAF, 0xC5, 0x2B, 0x5B, 0xAF, 0xFA, 0xBB, 0x8D, 0xBC, 0x85, 0x97,
    0xAA, 0x92, 0x48, 0x1E, 0x38, 0xB2, 0x9F, 0x73, 0xB3, 0x54, 0x99, 0x2D, 0x06, 0x9F, 0xD2, 0x8C,
    0xBF, 0xEB, 0xBE, 0x93, 0x06, 0x59, 0x54, 0xF9, 0x0E, 0x6A, 0x3E, 0xAA, 0xAC, 0x6E, 0x7C, 0xC0,
    0x58, 0x91, 0xD2, 0xA2, 0x25, 0x44, 0xEA, 0x76, 0x9B, 0x2F, 0x21, 0x05, 0x3F, 0x41, 0x60, 0xEF,
    0x8D, 0x60, 0xB3, 0xF2, 0x62, 0x6D, 0xA1, 0xC9, 0x6B, 0x45, 0xDE, 0x66, 0x3A, 0xEF, 0x1B, 0x77,
    0x17, 0xCA, 0x56, 0xC0, 0x3C, 0x32, 0xFD, 0x03, 0x05, 0x33, 0x2F, 0x80, 0x61, 0x4E, 0x52, 0xC2,
    0xDA, 0x73, 0xA8, 0xDA, 0xED, 0xC8, 0x24, 0xB6, 0x38, 0x3A, 0xC2, 0x87, 0x9A, 0xEC, 0x27, 0xDB,
    0x91, 0xB1, 0xB6, 0x30, 0x11, 0xA9, 0x8A, 0x6F, 0xF9, 0xEC, 0x7B, 0x5A, 0x65, 0x89, 0x6F, 0x47,
    0xF2, 0xC3, 0x1F, 0x8A, 0x95, 0xF7, 0x5D, 0xDB, 0xDC, 0x78, 0x39, 0x6B, 0xEB, 0x5F, 0xDD, 0xC4,
    0xEA, 0xAE, 0xD5, 0x8D, 0x85, 0xFB, 0x9C, 0x65, 0xA9, 0xB6, 0x7C, 0x82, 0x01, 0x16, 0xA6, 0x44,
    0x32, 0xEF, 0xC9, 0x81, 0xC1, 0x8E, 0x2D, 0xE2, 0x4D, 0x74, 0xB7, 0xB0, 0x9D, 0xE0, 0xF1, 0xDE,
    0xE5, 0x8E, 0xDD, 0xBB, 0x4C, 0x04, 0xC4, 0x4A, 0xDF, 0x87, 0xFA, 0x25, 0xA6, 0x9C, 0x72, 0x40,
    0xA5, 0x85, 0x73, 0x51, 0x24, 0x4C, 0xB8, 0x10, 0xC6, 0x56, 0x87, 0x76, 0x30, 0x58, 0x98, 0xAA,
    0x53, 0xB0, 0x1F, 0x53, 0x2C, 0xB3, 0xA0, 0xBB, 0xB5, 0x9D, 0x4C, 0x53, 0x88, 0xD2, 0x5F, 0x14,
    0x2D, 0x72, 0x26, 0x6C, 0x58, 0x26, 0x9C, 0xC4, 0x02, 0xD7, 0xD1, 0xEE, 0xFB, 0x62, 0x44, 0x49,
    0x57, 0x7D, 0x69, 0x63, 0xBD, 0x95, 0xA5, 0x07, 0xDB, 0x25, 0xF7, 0x48, 0x4F, 0x58, 0x54, 0xDA,
    0x2F, 0x58, 0x21, 0x24, 0xFC, 0x2B, 0x36, 0xEC, 0x59, 0x02, 0x23, 0x2F, 0x6A, 0xF5, 0x0F, 0x76,
    0x09, 0x34, 0x43, 0xCF, 0x9B, 0x19, 0x5E, 0x7B, 0x54, 0xEE, 0x3C, 0x86, 0xD1, 0xF1, 0x86, 0x44,
    0x47, 0x79, 0x20, 0x09, 0x40, 0x5E, 0x7C, 0x03, 0xEE, 0x2D, 0x78, 0x11, 0x5A, 0xFD, 0x11, 0xD5,
    0x5E, 0x8C, 0xD0, 0x98, 0x37, 0xA3, 0x4D, 0xB8, 0xF0, 0x29, 0x56, 0x07, 0xA3, 0x24, 0x1F, 0xD0,
    0xF9, 0x6A, 0x77, 0xB5, 0xFB, 0x58, 0x67, 0x3E, 0x5B, 0xA4, 0x81, 0x3F, 0xA6, 0x0F, 0xD9, 0x1B,
    0x3E, 0xC3, 0xB7, 0x3F, 0x3C, 0xFB, 0xC9, 0x77, 0x34, 0xD5, 0xC2, 0x3E, 0x5B, 0xE2, 0x97, 0x18,
    0xCD, 0xDC, 0xE1, 0x31, 0x73, 0x52, 0x74, 0x88, 0xB7, 0xFC, 0x8A, 0x11, 0x4F, 0xE7, 0x69, 0xB7,
    0xD3, 0x55, 0x76, 0xF3, 0x22, 0x2D, 0x80, 0xAD, 0x58, 0x2C, 0x0F, 0x4B, 0x52, 0x1E, 0x74, 0xCF,
    0x87, 0xD4, 0x8D, 0x06, 0xFE, 0xFB, 0x6B, 0xAC, 0xFE, 0xA2, 0x38, 0x8C, 0x91, 0x0A, 0x71, 0x2C,
    0xC0, 0x4C, 0xDB, 0x73, 0xDB, 0x12, 0x68, 0xB6, 0xD4, 0x33, 0x8B, 0x1A, 0x44, 0x9D, 0xD2, 0xC7,
    0x42, 0x95, 0x50, 0x7B, 0x93, 0x8D, 0xB5, 0x4D, 0xFC, 0x32, 0xD8, 0x52, 0x91, 0x66, 0x48, 0x52,
    0x67, 0x56, 0xB8, 0x14, 0xB1, 0xBD, 0x3E, 0x16, 0x3E, 0x61, 0x3F, 0x03, 0x1E, 0xDA, 0xBF, 0x65,
    0x55, 0xF8, 0x19, 0xE3, 0xF7, 0x9B, 0x54, 0x83, 0x74, 0xC4, 0x3D, 0xC4, 0xB1, 0xE0, 0xCF, 0x9C,
    0x47, 0x98, 0xE2, 0x5F, 0x86, 0xAD, 0x69, 0x19, 0xEC, 0xA7, 0xC6, 0x8A, 0xED, 0x81, 0x57, 0xFE,
    0x4D, 0xF6, 0x5D, 0x3F, 0x06, 0xEF, 0xC8, 0xC1, 0x54, 0x71, 0x68, 0x50, 0x09, 0xED, 0xA1, 0x41,
    0xD7, 0xD5, 0xA7, 0x12, 0xCF, 0xD4, 0xD2, 0xC0, 0x34, 0xD3, 0x73, 0x26, 0x4C, 0xBF, 0x6A, 0x7A,
    0xE9, 0x8F, 0x4C, 0xD2, 0xBB, 0xF3, 0xC0, 0xF4, 0xFE, 0xF2, 0x30, 0x7A, 0xC7, 0xFC, 0x51, 0xDF,
    0xD5, 0xFF, 0xC0, 0xEF, 0xF1, 0x11, 0xEE, 0x93, 0x49, 0x6E, 0x60, 0x07, 0xD7, 0x25, 0xB7, 0xC8,
    0xC2, 0xB2, 0x7F, 0x42, 0x87, 0x92, 0xF5, 0xAC, 0x95, 0x9C, 0x2C, 0xBA, 0x26, 0x5D, 0x56, 0x51,
    0xFA, 0x13, 0xAA, 0xF0, 0x59, 0x80, 0x3B, 0xEF, 0xD5, 0x70, 0xF7, 0xAD, 0x26, 0x7E, 0xEB, 0x2D,
    0xE1, 0x77, 0x5E, 0x0F, 0xF7, 0xBC, 0x18, 0x5B, 0xA4, 0x3C, 0x39, 0x71, 0xBE, 0x09, 0xE7, 0x43,
    0x38, 0x8E, 0x3E, 0x8F, 0x15, 0x56, 0xF1, 0xBA, 0x32, 0x55, 0x5F, 0xCF, 0x54, 0xE4, 0xC4, 0xDD,
    0xE7, 0x1E, 0x2F, 0x19, 0x95, 0xAF, 0x52, 0x29, 0xB9, 0x8F, 0x5A, 0x47, 0x5B, 0xE0, 0x54, 0xC4,
    0xE6, 0x8E, 0x76, 0x77, 0x88, 0xE9, 0xFC, 0xC1, 0xE0, 0x83, 0x08, 0x7F, 0x03, 0xFE, 0x6E, 0xD9,
    0x6E, 0x4B, 0xB2, 0x3F, 0xDF, 0xEC, 0x6D, 0xE7, 0xFC, 0xF4, 0x20, 0x72, 0x1E, 0x46, 0x96, 0xD2,
    0x4B, 0xC3, 0x89, 0x96, 0xF9, 0x21, 0x1D, 0x4B, 0xE0, 0x6D, 0x27, 0x1B, 0x58, 0xA2, 0xD9, 0x14,
    0xB9, 0x24, 0xA2, 0xA0, 0xB8, 0xB2, 0x15, 0x9F, 0x57, 0xCB, 0x1B, 0xDD, 0x16, 0x5B, 0x07, 0xC7,
    0x56, 0xB5, 0x20, 0x3F, 0x98, 0x85, 0xCA, 0xCC, 0xF0, 0xB2, 0x7E, 0x68, 0xF0, 0xC5, 0x17, 0xD1,
    0x1A, 0x1C, 0x38, 0xA4, 0x2A, 0x2F, 0xBF, 0x52, 0x9C, 0x50, 0x8D, 0x15, 0x7E, 0x72, 0x4A, 0xD6,
    0x98, 0x71, 0xC2, 0xE4, 0x2A, 0x2F, 0xBF, 0xBD, 0x82, 0x1F, 0x1A, 0x34, 0xA4, 0x7E, 0x8F, 0x87,
    0xA0, 0x6B, 0x55, 0x7F, 0xD8, 0x47, 0xD4, 0x46, 0x6D, 0xA1, 0xD3, 0xA3, 0x5B, 0x68, 0xAF, 0xD8,
    0x42, 0xFF, 0x1F, 0xB5, 0x58, 0x4F, 0x6C, 0x1C, 0x57, 0x1D, 0xFE, 0x66, 0xDE, 0xDA, 0x93, 0xF6,
    0xD5, 0x3B, 0x7B, 0x30, 0x55, 0x14, 0x76, 0x63, 0x23, 0xE5, 0x10, 0xD1, 0x71, 0x5C, 0xA4, 0x20,
    0x4D, 0x61, 0xED, 0x7D, 0x01, 0x89, 0x0B, 0x12, 0xF8, 0x40, 0xE1, 0xC0, 0xBF, 0x9C, 0x29, 0x28,
    0x46, 0xDA, 0x83, 0x51, 0x12, 0xFC, 0x48, 0xA4, 0x5E, 0x10, 0x92, 0x6F, 0xDC, 0x90, 0x91, 0x0A,
    0x52, 0x7D, 0xA0, 0x0B, 0x35, 0xC2, 0x12, 0xA9, 0x3D, 0x88, 0x43, 0x0F, 0x48, 0x68, 0xA4, 0x0A,
    0x72, 0x42, 0x0C, 0xA4, 0x08, 0x71, 0x9B, 0xC3, 0x22, 0x85, 0x6A, 0xED, 0xE1, 0xFB, 0xFD, 0x66,
    0xED, 0x38, 0xB4, 0x90, 0x75, 0x6C, 0x66, 0x35, 0xE3, 0x8D, 0x3D, 0xEF, 0x7B, 0xBF, 0xBF, 0xDF,
    0xEF, 0x7B, 0x01, 0x30, 0x8B, 0x17, 0x36, 0xD6, 0x82, 0xEA, 0xE1, 0xC0, 0xFA, 0xC5, 0xAC, 0x89,
    0x18, 0x5D, 0xDE, 0x29, 0x2C, 0xFA, 0xBC, 0xB7, 0xF9, 0x7D, 0xA0, 0x77, 0x87, 0xFF, 0xEE, 0xF2,
    0xB3, 0x8D, 0xC5, 0x2F, 0x15, 0x88, 0x2A, 0x87, 0xFA, 0x0A, 0x1D, 0x66, 0xAD, 0x0B, 0xAB, 0x1F,
    0xC1, 0xDE, 0x19, 0xA2, 0x89, 0x02, 0x09, 0x4A, 0xBE, 0x57, 0x10, 0x83, 0x77, 0x90, 0xA3, 0x6B,
    0x32, 0x5C, 0xF9, 0x3A, 0x60, 0x47, 0x38, 0xBC, 0x1A, 0xD3, 0x98, 0x4E, 0x2C, 0xE2, 0x94, 0xFB,
    0x15, 0x4D, 0x5C, 0x24, 0x7A, 0x9B, 0xEB, 0x12, 0xDD, 0x21, 0xE5, 0xE7, 0x2A, 0x77, 0xEB, 0x73,
    0xD7, 0x55, 0x62, 0xF5, 0x89, 0xB1, 0xFC, 0xE5, 0x0C, 0xF1, 0xC1, 0xE1, 0xF2, 0xD0, 0x03, 0xC6,
    0x27, 0xC1, 0x9F, 0xD1, 0x0D, 0x1F, 0x22, 0x25, 0xFE, 0x55, 0xE3, 0xD1, 0x37, 0x0E, 0x03, 0x0B,
    0x94, 0x31, 0xEF, 0x45, 0xE0, 0x9F, 0x3F, 0x03, 0xD6, 0x7F, 0x70, 0xB4, 0x27, 0x66, 0xCF, 0xC9,
    0x73, 0xA6, 0x2F, 0x4F, 0x9B, 0xCB, 0x33, 0x70, 0xD8, 0x72, 0xC1, 0xD6, 0xEB, 0x61, 0x35, 0x0C,
    0xAB, 0x7D, 0x93, 0xDD, 0x06, 0xC1, 0x7C, 0x93, 0xCB, 0x8D, 0x8B, 0x61, 0xB2, 0xC8, 0x59, 0x58,
    0xB9, 0x69, 0x61, 0xAC, 0x91, 0x69, 0xF2, 0x53, 0xD2, 0xDA, 0x85, 0x30, 0xA3, 0xC5, 0x5D, 0xEB,
    0x90, 0x04, 0xE5, 0x45, 0x60, 0xE9, 0x46, 0xB6, 0xBC, 0xE5, 0x7B, 0xFF, 0xC2, 0x7A, 0x95, 0x09,
    0xB2, 0x5F, 0x21, 0x32, 0xDE, 0xCC, 0x88, 0x8C, 0x1E, 0x04, 0x79, 0x16, 0x8A, 0x0C, 0x22, 0x47,
    0x95, 0x22, 0x2B, 0x3A, 0x9A, 0x1F, 0x8C, 0x1C, 0x1D, 0x43, 0x5E, 0xFA, 0x02, 0x88, 0xBC, 0x27,
    0xE1, 0x6B, 0x4C, 0x4D, 0xF3, 0x99, 0x44, 0x89, 0x3C, 0xC3, 0x92, 0xCF, 0x14, 0x2B, 0x74, 0x2D,
    0x95, 0xA8, 0x54, 0xFD, 0xDE, 0x88, 0x59, 0x28, 0x35, 0x83, 0x25, 0x3F, 0x0B, 0x28, 0x88, 0xD6,
    0x45, 0x4E, 0x3B, 0xD3, 0x30, 0xBB, 0x28, 0xEE, 0x65, 0x7C, 0x35, 0xB5, 0x19, 0x97, 0x2E, 0xBD,
    0x72, 0xF7, 0x0F, 0x0E, 0xF1, 0x83, 0x4F, 0x57, 0xC5, 0x61, 0x88, 0x3C, 0xE6, 0xB9, 0x60, 0x95,
    0x01, 0x1D, 0x30, 0xA0, 0x8C, 0x02, 0x8A, 0xC8, 0x05, 0xB9, 0x45, 0x98, 0x49, 0x3C, 0x9A, 0xF4,
    0xA1, 0xC3, 0xBB, 0x4D, 0xDB, 0x13, 0xDA, 0xBE, 0xFC, 0x7A, 0x8C, 0x5E, 0x25, 0x5E, 0x75, 0x78,
    0x77, 0x81, 0x78, 0x08, 0x4C, 0x7B, 0xC1, 0x59, 0x0D, 0x05, 0x23, 0x93, 0x3C, 0x89, 0xCF, 0x41,
    0x1E, 0xB9, 0x30, 0xB3, 0xC4, 0x88, 0x35, 0x0E, 0xC6, 0x75, 0x10, 0xD1, 0x4F, 0xCB, 0x9C, 0xC7,
    0xC4, 0x69, 0x12, 0x47, 0x30, 0xDA, 0xE2, 0x97, 0x7A, 0x85, 0xA8, 0xD4, 0xE2, 0x82, 0xE3, 0xE6,
    0x44, 0x2A, 0x09, 0x44, 0x7B, 0x22, 0xA2, 0x10, 0x84, 0x18, 0x84, 0xA0, 0x15, 0x04, 0x60, 0xB5,
    0x36, 0x91, 0xCE, 0xA0, 0xDF, 0xD6, 0xB5, 0x34, 0xA3, 0x2F, 0x8B, 0x65, 0xED, 0x06, 0x36, 0x2E,
    0x85, 0x65, 0x90, 0xA7, 0xA6, 0x0C, 0xB3, 0xBE, 0xD9, 0x31, 0x44, 0xFA, 0xA6, 0xF1, 0x65, 0xD4,
    0x31, 0xAE, 0xB0, 0xCD, 0x08, 0x45, 0xD3, 0xDA, 0x20, 0x6F, 0x9A, 0xCF, 0x87, 0x59, 0xC7, 0xFC,
    0xDE, 0x64, 0xED, 0xE0, 0x4F, 0x2C, 0x2C, 0x8C, 0x22, 0x97, 0xE2, 0x5E, 0xC4, 0x32, 0xBC, 0x65,
    0x25, 0x2E, 0xB1, 0x3C, 0x16, 0x78, 0x47, 0x0F, 0x25, 0xD0, 0x1B, 0x8A, 0x7C, 0x55, 0x90, 0xFB,
    0x82, 0x0C, 0x41, 0x86, 0x20, 0x17, 0x82, 0x9C, 0x13, 0x39, 0xC8, 0x88, 0x1C, 0x66, 0x44, 0x36,
    0x8A, 0xEC, 0x89, 0x2C, 0x41, 0x1B, 0x45, 0xF4, 0xED, 0x9E, 0x15, 0x64, 0x89, 0x1B, 0xF4, 0x21,
    0x9E, 0x8B, 0xDD, 0x30, 0x43, 0xA9, 0xCA, 0x0D, 0xAD, 0xD0, 0xA3, 0x7D, 0x79, 0x4D, 0xC9, 0x2F,
    0x7A, 0x39, 0xE3, 0x55, 0x94, 0x0C, 0x98, 0x2F, 0x35, 0xC3, 0x29, 0x17, 0x16, 0x7D, 0xD6, 0x49,
    0x3E, 0x60, 0x23, 0x64, 0x03, 0xE9, 0xB4, 0x42, 0x52, 0x5C, 0xB0, 0x17, 0xBE, 0x27, 0x15, 0x1E,
    0x4A, 0x31, 0x1A, 0x7D, 0x30, 0x0D, 0x58, 0x17, 0xAC, 0x4B, 0xF2, 0x7B, 0x56, 0x7E, 0xF8, 0x3B,
    0x7E, 0x91, 0x9A, 0x62, 0xFD, 0xE0, 0x3A, 0xB7, 0x2D, 0xEB, 0xFD, 0x23, 0x36, 0x48, 0xCC, 0xF8,
    0x77, 0xA4, 0x50, 0x68, 0xD4, 0x80, 0x31, 0x7D, 0xEF, 0x1E, 0xAB, 0x6B, 0xA4, 0xD9, 0xB7, 0x98,
    0x61, 0x37, 0x34, 0xB5, 0x62, 0xB1, 0x32, 0x8F, 0x8F, 0xE7, 0x58, 0x74, 0x62, 0xE0, 0x2C, 0x5F,
    0xB9, 0x1A, 0xDD, 0x61, 0xF7, 0x95, 0xAC, 0x3B, 0x16, 0x1D, 0x2B, 0x4E, 0xCA, 0xCD, 0x66, 0x4B,
    0x37, 0x7C, 0xFC, 0xC0, 0x8D, 0xDB, 0xE2, 0x81, 0xC7, 0xB2, 0xBC, 0x1C, 0x6C, 0x21, 0x38, 0x90,
    0x54, 0xB1, 0xCB, 0x59, 0xAA, 0xE4, 0x0A, 0xB6, 0x79, 0x90, 0x89, 0xC9, 0x12, 0x4B, 0xCF, 0x12,
    0x63, 0xEF, 0x61, 0x3D, 0x67, 0xDF, 0xCE, 0xF4, 0x6D, 0x4E, 0x8B, 0x59, 0x31, 0xE4, 0x0C, 0xEE,
    0xDB, 0x51, 0xAE, 0x10, 0x9E, 0xE0, 0xF2, 0x06, 0xDB, 0x7A, 0x66, 0x8D, 0x7F, 0x2C, 0xB4, 0xA1,
    0xC9, 0x66, 0x20, 0x9B, 0xC1, 0xFA, 0x05, 0x9C, 0x98, 0xCD, 0x68, 0xDF, 0x2F, 0x32, 0x36, 0x2C,
    0xED, 0x53, 0x7F, 0x9C, 0xBD, 0x93, 0x93, 0xD2, 0xC8, 0x68, 0x24, 0x34, 0xF2, 0x19, 0xE9, 0x8C,
    0x31, 0x26, 0x99, 0x8D, 0xB9, 0xAC, 0xC5, 0xF7, 0xDA, 0xB4, 0x3F, 0x66, 0x88, 0x03, 0x96, 0x3E,
    0x3F, 0xB5, 0x85, 0x4D, 0xB5, 0xF2, 0x24, 0xAC, 0x16, 0x38, 0x8F, 0xFB, 0x0E, 0xB7, 0x75, 0x6F,
    0x48, 0x52, 0xBB, 0x1A, 0x3F, 0x32, 0x1B, 0x89, 0x8D, 0xBC, 0x26, 0x81, 0x5D, 0x14, 0x52, 0x1B,
    0x73, 0xDA, 0x14, 0xF3, 0x36, 0x37, 0xA6, 0xD4, 0xD9, 0x79, 0xD6, 0xCF, 0xAA, 0x7E, 0x3D, 0x8D,
    0x0D, 0x20, 0x79, 0xBD, 0x2C, 0xA1, 0x08, 0x7E, 0xEB, 0xF1, 0xA9, 0xC9, 0xCC, 0x60, 0x08, 0x25,
    0x73, 0xDA, 0x6E, 0x62, 0x46, 0x7A, 0x06, 0x66, 0x90, 0xDF, 0x99, 0xFA, 0xB6, 0xF6, 0xFE, 0xE4,
    0x96, 0x9C, 0x63, 0x21, 0x34, 0xD3, 0x47, 0x85, 0x70, 0xFE, 0x8C, 0x82, 0xC2, 0xEB, 0x2F, 0x39,
    0x3E, 0xE9, 0x94, 0x00, 0x34, 0x34, 0xD7, 0x26, 0x33, 0x48, 0x7A, 0x3B, 0xC2, 0xA3, 0xD0, 0x9C,
    0x85, 0x31, 0x4C, 0x3A, 0x51, 0x2E, 0xE3, 0x64, 0x49, 0x5A, 0x41, 0xBC, 0x8F, 0x06, 0xD9, 0x84,
    0x4D, 0x45, 0x32, 0x7E, 0xC3, 0xCD, 0xBD, 0x81, 0x94, 0x7D, 0xD0, 0xC1, 0xDA, 0x0E, 0x16, 0xC7,
    0xF4, 0xFF, 0x32, 0x21, 0x2B, 0x5F, 0x17, 0x23, 0x71, 0xCD, 0xF7, 0xC7, 0x5B, 0x3E, 0x25, 0x37,
    0xF4, 0x4A, 0x7C, 0x48, 0xA8, 0x05, 0x83, 0x1C, 0x2B, 0x7E, 0x22, 0x7A, 0x38, 0x6E, 0x02, 0xC3,
    0xA0, 0xEC, 0x70, 0x7A, 0x13, 0xA6, 0x94, 0x47, 0x1B, 0x93, 0x31, 0x14, 0x4C, 0x25, 0xFE, 0xD3,
    0x10, 0x5C, 0xD8, 0xDA, 0x24, 0x44, 0xC5, 0x7D, 0xDF, 0x94, 0xF6, 0x7E, 0x47, 0x06, 0xD9, 0xDB,
    0x7C, 0xC9, 0x0A, 0x35, 0x5F, 0x8C, 0x69, 0x67, 0x37, 0xE6, 0x90, 0xDF, 0xDD, 0x95, 0xC6, 0xD9,
    0x17, 0x9E, 0xA5, 0x29, 0xD6, 0xC9, 0x18, 0xE4, 0x44, 0xA3, 0x05, 0x3D, 0x26, 0x2D, 0x3A, 0xA8,
    0xD1, 0x5A, 0x70, 0xE1, 0xC1, 0xCD, 0x87, 0xF6, 0xEE, 0x28, 0x89, 0xC3, 0x32, 0x59, 0x08, 0xF2,
    0xB5, 0x6E, 0x58, 0x15, 0xA9, 0xF9, 0x07, 0xD2, 0x28, 0x63, 0x32, 0x32, 0x2C, 0xDD, 0x1C, 0x5E,
    0x9F, 0xBB, 0xBF, 0x5E, 0x67, 0xE3, 0xC2, 0x6B, 0x41, 0xB5, 0x1F, 0xE5, 0x92, 0xB3, 0x85, 0xF1,
    0x4C, 0xC3, 0xB6, 0x1D, 0x0D, 0xA6, 0xD6, 0x06, 0x53, 0x3B, 0xFD, 0x78, 0xBF, 0xCB, 0x04, 0x7F,
    0xB1, 0x88, 0x2A, 0xD5, 0x31, 0xEA, 0x98, 0x3D, 0x72, 0x2C, 0x18, 0x3B, 0xD6, 0xB5, 0xD9, 0x95,
    0x9B, 0xDE, 0xBE, 0x23, 0x44, 0x1A, 0x56, 0x99, 0xBB, 0x82, 0xBD, 0x87, 0x78, 0x9E, 0x1E, 0x34,
    0x1A, 0xD2, 0x28, 0xA6, 0x90, 0x36, 0xF9, 0x1F, 0x1B, 0xA1, 0xCF, 0x32, 0x7C, 0x6C, 0xA3, 0xF7,
    0xF1, 0xFD, 0xE3, 0x9B, 0xE6, 0xE3, 0x68, 0xBE, 0xE2, 0xE3, 0xBF, 0x3B, 0x29, 0xFD, 0x18, 0x6E,
    0xE1, 0x70, 0x53, 0x91, 0x5F, 0x22, 0xBE, 0xA2, 0xBC, 0x6E, 0x4F, 0xFF, 0x2C, 0xB9, 0x7E, 0x81,
    0x51, 0xDB, 0x86, 0xB9, 0x93, 0xC3, 0x7C, 0x96, 0x2B, 0xBE, 0xC5, 0x00, 0xEE, 0x70, 0x19, 0x69,
    0x2D, 0xE6, 0x50, 0xEC, 0xD0, 0xA8, 0x36, 0xA3, 0x9D, 0x70, 0x1C, 0x88, 0x8A, 0x14, 0x35, 0x39,
    0x15, 0xC2, 0x7C, 0x15, 0xE1, 0x50, 0x5B, 0xC1, 0x3D, 0x36, 0x2E, 0xA2, 0x30, 0xB7, 0xD6, 0xC5,
    0xE4, 0xFD, 0x6D, 0xCC, 0x95, 0x58, 0x1C, 0x20, 0x61, 0x3F, 0x25, 0x22, 0x0F, 0xFA, 0xF6, 0xE9,
    0x07, 0xC3, 0xE6, 0xA1, 0xE0, 0xE4, 0xCF, 0xF2, 0x50, 0x4B, 0x3E, 0x61, 0x38, 0x70, 0x90, 0x45,
    0x3A, 0xC3, 0x23, 0x95, 0x83, 0x98, 0xA3, 0x6E, 0x90, 0x6E, 0x38, 0x4B, 0x1B, 0x6A, 0xB2, 0x3E,
    0xA9, 0x25, 0xC7, 0x52, 0x18, 0x6E, 0x6D, 0x46, 0x2C, 0xEF, 0x30, 0x17, 0xB6, 0x4D, 0x64, 0x0A,
    0x87, 0xEF, 0x22, 0xDC, 0xE3, 0xAB, 0x5E, 0x83, 0xCA, 0x95, 0xFE, 0xDD, 0x1B, 0x92, 0x3F, 0xB9,
    0xE6, 0x67, 0x71, 0xB9, 0xA0, 0xF6, 0x50, 0x31, 0x42, 0x2F, 0x86, 0xD2, 0x92, 0x7C, 0x27, 0xD6,
    0xAA, 0x29, 0x75, 0x9A, 0x5B, 0x5D, 0x18, 0xD6, 0x53, 0xDC, 0xB7, 0xA8, 0x0E, 0xF7, 0x31, 0xBD,
    0xF1, 0x78, 0xDD, 0xD4, 0x2A, 0xAF, 0x16, 0x6A, 0xE9, 0xA1, 0x00, 0x18, 0x88, 0x00, 0xA8, 0x35,
    0xC0, 0x51, 0x46, 0xD7, 0x6B, 0xAD, 0xF2, 0xFF, 0x50, 0xE8, 0x5B, 0x4E, 0xF5, 0xF2, 0x50, 0xD5,
    0xD1, 0x6D, 0x95, 0x47, 0x67, 0xA0, 0xCD, 0x31, 0x16, 0xAF, 0xF5, 0x43, 0x24, 0xB9, 0xE8, 0x72,
    0x95, 0xE5, 0xAA, 0xCA, 0x55, 0x94, 0xAB, 0x26, 0x57, 0x49, 0xAE, 0x8A, 0x5C, 0x05, 0xB9, 0xEA,
    0x71, 0x95, 0xE3, 0xC7, 0xD5, 0xF8, 0x65, 0x99, 0xAD, 0x22, 0x8A, 0x70, 0xB2, 0x26, 0xA5, 0x36,
    0x65, 0x00, 0xED, 0x23, 0xCA, 0x3B, 0x41, 0x93, 0xFA, 0x50, 0x44, 0xA3, 0x85, 0x0A, 0xF5, 0x3A,
    0x2A, 0xC6, 0xCD, 0x44, 0x2E, 0x72, 0xEC, 0x43, 0x5B, 0x8D, 0x38, 0xB7, 0xB6, 0xEE, 0xC9, 0xE8,
    0x4A, 0x65, 0x72, 0xF5, 0x65, 0x74, 0x0D, 0x64, 0x76, 0x0D, 0xA4, 0x5E, 0xBF, 0xB3, 0x4D, 0xA7,
    0x0F, 0xA7, 0x09, 0x3E, 0xC2, 0x46, 0xFE, 0x15, 0xC9, 0x74, 0xC4, 0xC2, 0x2B, 0x69, 0x50, 0x61,
    0xB2, 0x20, 0x37, 0x59, 0x98, 0x19, 0x6F, 0xE4, 0x24, 0xE0, 0x2F, 0x32, 0xCA, 0x5D, 0x44, 0xAC,
    0x22, 0xCB, 0xAA, 0xE2, 0x80, 0x42, 0x9C, 0xD7, 0x5A, 0x38, 0x19, 0xCB, 0xE1, 0x74, 0x2C, 0x57,
    0x75, 0x82, 0xAA, 0x96, 0x15, 0xF0, 0x96, 0xAA, 0x6F, 0x11, 0xDF, 0xA2, 0xBD, 0x45, 0x7A, 0x8B,
    0xF2, 0x16, 0xE1, 0x2D, 0x8A, 0x9E, 0xB2, 0x1B, 0x54, 0xDD, 0xA0, 0xE8, 0x06, 0x35, 0x37, 0xB1,
    0x46, 0xA2, 0xB8, 0x45, 0x70, 0x2B, 0x58, 0xA2, 0x73, 0x39, 0x10, 0x4D, 0x4D, 0x45, 0x4D, 0x3D,
    0x4D, 0x35, 0xCD, 0xE8, 0x50, 0x49, 0xD7, 0x63, 0x94, 0x8D, 0xC3, 0x00, 0xF5, 0xCD, 0x78, 0x0A,
    0xC5, 0x63, 0x33, 0xD8, 0xBB, 0x3C, 0x6A, 0xC2, 0x3C, 0xC7, 0xFB, 0x2B, 0xEF, 0x9F, 0x44, 0xDD,
    0x27, 0x4C, 0x22, 0xE9, 0x98, 0x42, 0x38, 0x8A, 0x39, 0x61, 0x1B, 0x7C, 0xDB, 0xE3, 0x63, 0x1E,
    0x57, 0x26, 0x1C, 0x49, 0x75, 0x0C, 0x06, 0x82, 0x21, 0x31, 0x08, 0x70, 0x56, 0xC3, 0x09, 0xD3,
    0xE3, 0xC3, 0xC7, 0xD5, 0xDA, 0xC3, 0x93, 0x0E, 0x29, 0xD5, 0x21, 0x63, 0xFD, 0x27, 0x56, 0xBD,
    0x70, 0xD7, 0x05, 0x07, 0x15, 0x59, 0x60, 0x89, 0x3E, 0xEF, 0xA1, 0xCB, 0x03, 0x7A, 0x4A, 0x19,
    0xD1, 0x8F, 0x2D, 0x0B, 0x84, 0xCC, 0x36, 0x88, 0xF1, 0xF3, 0xBC, 0x83, 0x9B, 0x9E, 0xDB, 0x73,
    0x5D, 0x8F, 0xEC, 0xF6, 0x6B, 0xB2, 0x9B, 0xAA, 0x04, 0x52, 0x1C, 0x89, 0xA8, 0x8E, 0xD0, 0xEC,
    0x3C, 0x77, 0xB5, 0x77, 0xF3, 0x66, 0x54, 0x24, 0x9D, 0x32, 0x4D, 0x8B, 0xB4, 0x28, 0x3E, 0xF1,
    0x9B, 0xAC, 0x47, 0x4E, 0x9B, 0x03, 0xCF, 0xB8, 0x2D, 0x89, 0xC9, 0x75, 0x24, 0x7D, 0x34, 0x13,
    0x04, 0x0D, 0xD1, 0x07, 0xC2, 0x45, 0x43, 0x49, 0x09, 0x33, 0xC2, 0x84, 0x50, 0x19, 0x30, 0x1D,
    0xEF, 0xDD, 0x63, 0x32, 0x98, 0x0B, 0xA6, 0x82, 0x99, 0x60, 0x22, 0xA6, 0xCF, 0xC1, 0x7C, 0x0E,
    0xE1, 0xDB, 0xC0, 0x35, 0x37, 0x61, 0xEC, 0x79, 0x49, 0xF8, 0x7E, 0x48, 0x0F, 0x83, 0xA7, 0x57,
    0x22, 0xBC, 0x16, 0x3D, 0x7E, 0x99, 0xC3, 0xB5, 0x26, 0xD9, 0x37, 0xFC, 0x0C, 0x8D, 0x74, 0xF8,
    0xAB, 0x47, 0xCB, 0x61, 0xEB, 0x35, 0x32, 0x55, 0x4D, 0x89, 0x72, 0x00, 0xE6, 0x34, 0xAF, 0x3C,
    0x73, 0xDB, 0xD4, 0xD4, 0xD5, 0x54, 0xCA, 0x8C, 0xF6, 0x2A, 0x3C, 0x73, 0x09, 0xB6, 0x2D, 0x0E,
    0x8A, 0x40, 0xAD, 0xE7, 0xC2, 0x5D, 0x9E, 0x40, 0xB3, 0xC4, 0x3A, 0x66, 0x7B, 0x79, 0x43, 0x0A,
    0x99, 0x76, 0x5E, 0x79, 0x1E, 0x76, 0xFF, 0xD0, 0x37, 0xB6, 0xDC, 0x4B, 0x03, 0xB4, 0x5A, 0x93,
    0xEF, 0x82, 0xFA, 0x20, 0xF9, 0xC7, 0x2C, 0x70, 0x6E, 0x92, 0x5D, 0x68, 0x55, 0x9C, 0x8C, 0xAD,
    0x9A, 0xFC, 0xD0, 0x77, 0x7D, 0x23, 0x2D, 0xDB, 0x2F, 0x36, 0x66, 0xA5, 0xE6, 0xD9, 0xE4, 0x24,
    0x8D, 0x43, 0x4A, 0x6E, 0xD6, 0xC7, 0x65, 0xAC, 0x3B, 0xDA, 0x00, 0xE7, 0x26, 0xC7, 0x64, 0x03,
    0x94, 0x9D, 0xB5, 0x56, 0xE3, 0x83, 0x0F, 0x92, 0xC1, 0x1D, 0x46, 0xFE, 0x01, 0x9B, 0x69, 0x95,
    0x6F, 0xCE, 0xB6, 0x4E, 0x75, 0x90, 0x7C, 0xE6, 0x3C, 0x6C, 0x47, 0x15, 0xF4, 0xB5, 0xC9, 0x0E,
    0x92, 0x7A, 0xE2, 0xA7, 0xF1, 0x1D, 0x1E, 0x64, 0xC5, 0xC0, 0xD3, 0x1C, 0x62, 0x79, 0xF5, 0x1C,
    0xFE, 0x26, 0xB1, 0x99, 0x64, 0xEF, 0xE0, 0x55, 0xA5, 0x8F, 0x1F, 0x67, 0x5A, 0x6B, 0x14, 0x8A,
    0x24, 0xEB, 0x1D, 0xE3, 0xBB, 0xC6, 0x71, 0xD0, 0xAD, 0xD9, 0xA0, 0x24, 0x99, 0x34, 0xBF, 0x06,
    0x36, 0x51, 0x3B, 0x72, 0x54, 0x62, 0x72, 0xD4, 0x08, 0x72, 0x1E, 0xAE, 0x66, 0x52, 0x29, 0xB7,
    0x60, 0x4A, 0xA8, 0x34, 0xEA, 0xC1, 0x52, 0x1C, 0x38, 0xE1, 0xCB, 0x8E, 0x16, 0x4B, 0xA2, 0xBC,
    0x99, 0x1E, 0x69, 0x78, 0xFE, 0xF9, 0xA5, 0x55, 0x2D, 0xB4, 0x49, 0xB7, 0x90, 0x55, 0xBB, 0x08,
    0xEF, 0xBB, 0x00, 0xEE, 0x89, 0x5B, 0x84, 0xAF, 0xCA, 0x81, 0x88, 0x11, 0xA0, 0x1F, 0xE2, 0xC8,
    0x69, 0x0E, 0x59, 0xE7, 0x2F, 0x09, 0x59, 0x44, 0x33, 0xEA, 0xDB, 0x44, 0x67, 0xE0, 0xDA, 0x3F,
    0x71, 0x50, 0x3C, 0x3C, 0xED, 0x69, 0x73, 0x0F, 0xC1, 0x7D, 0x2F, 0x4E, 0x4F, 0xB2, 0xF7, 0x37,
    0x9C, 0x21, 0x57, 0x6A, 0x54, 0x62, 0x61, 0x78, 0x91, 0xF5, 0x78, 0x8B, 0x8A, 0x53, 0x0F, 0x7B,
    0x5A, 0xFB, 0x3F, 0xF9, 0x2E, 0xD6, 0x55, 0xC3, 0xB1, 0xB1, 0x39, 0x1E, 0x9E, 0x1B, 0x9F, 0x24,
    0xE3, 0x83, 0x85, 0xA9, 0x84, 0x14, 0x65, 0xF3, 0x60, 0x28, 0xB6, 0x6D, 0xEC, 0xEC, 0x71, 0xE9,
    0xB3, 0x34, 0x57, 0x06, 0xDE, 0x47, 0xB7, 0x36, 0x65, 0xBC, 0x1C, 0xEB, 0xA9, 0xF0, 0x3F, 0x7A,
    0x4A, 0x37, 0xAC, 0xB9, 0x6D, 0x46, 0x93, 0xF1, 0x62, 0x0D, 0xEC, 0x42, 0x1F, 0xF9, 0xDE, 0xE8,
    0x78, 0x87, 0x11, 0xDD, 0xCD, 0x65, 0xF2, 0x5E, 0xA2, 0xB3, 0x06, 0x17, 0x36, 0x83, 0x83, 0xB7,
    0xE0, 0x6B, 0xA3, 0xA9, 0xA4, 0x6E, 0xE1, 0xC3, 0x05, 0x76, 0x0B, 0x9D, 0x26, 0x47, 0x39, 0x2D,
    0x45, 0xB3, 0xAE, 0x63, 0x71, 0x28, 0x0C, 0x2C, 0xD1, 0x98, 0x72, 0xA0, 0x49, 0x1B, 0xB7, 0xC6,
    0xDA, 0x91, 0x44, 0xBC, 0x98, 0xE1, 0xA7, 0xB9, 0x9A, 0xA8, 0x56, 0x9A, 0x1C, 0x73, 0x6E, 0x7A,
    0x84, 0x9E, 0xD7, 0x19, 0xD1, 0x60, 0xFE, 0xE4, 0xBF, 0x4A, 0x8D, 0x48, 0x66, 0x51, 0x37, 0x81,
    0x57, 0x2E, 0x11, 0x09, 0x42, 0x3E, 0x31, 0x2A, 0xF4, 0x62, 0x32, 0xDD, 0x01, 0x65, 0xCD, 0xEE,
    0x38, 0x57, 0x89, 0x48, 0x3C, 0x65, 0x85, 0x2E, 0x6D, 0x4D, 0x99, 0xA5, 0xFF, 0x76, 0xE4, 0x30,
    0xD7, 0x10, 0xAD, 0xAB, 0x84, 0x70, 0x8F, 0x24, 0x44, 0x52, 0x93, 0xB9, 0xA4, 0xCB, 0xFF, 0x1B,
    0x65, 0x53, 0x4D, 0x8B, 0xDB, 0x56, 0x14, 0x3D, 0xB2, 0xA5, 0x99, 0x89, 0x3F, 0xEA, 0xB7, 0xB0,
    0xC0, 0x99, 0xD8, 0x63, 0x25, 0x38, 0xC5, 0x19, 0x44, 0xAC, 0x50, 0x91, 0x28, 0x66, 0xA6, 0x7A,
    0xE9, 0x6E, 0x76, 0xA2, 0xC4, 0x50, 0x08, 0x01, 0xB7, 0x64, 0x91, 0xA5, 0x5A, 0x06, 0x26, 0x30,
    0x06, 0xBF, 0xA6, 0x14, 0xB2, 0xE8, 0xC2, 0x94, 0x12, 0xE8, 0xA2, 0xE0, 0x75, 0x26, 0x13, 0x44,
    0x68, 0xA1, 0x10, 0x52, 0x0B, 0xFA, 0x07, 0x04, 0xCD, 0xB2, 0x0B, 0x17, 0x0A, 0xA5, 0xB4, 0x0B,
    0x2F, 0x66, 0x31, 0x85, 0x64, 0xD4, 0xF3, 0x9C, 0x0C, 0xA5, 0xAD, 0x6C, 0xAC, 0xAB, 0x73, 0xEF,
    0xBB, 0x3E, 0xE7, 0xDC, 0xAB, 0xCE, 0x56, 0xD5, 0x28, 0xC8, 0x1A, 0x5C, 0x08, 0xF0, 0x9E, 0xBA,
    0x49, 0x24, 0x2E, 0x57, 0x9E, 0x1D, 0xC9, 0x28, 0x5C, 0xD8, 0xD1, 0x38, 0xB7, 0x6F, 0x02, 0x59,
    0x36, 0x4B, 0x6D, 0x04, 0x3E, 0xA6, 0xE9, 0x2F, 0x29, 0xD0, 0x69, 0x97, 0x03, 0xC7, 0x42, 0x5F,
    0x79, 0x69, 0x5F, 0x59, 0x28, 0xEC, 0x94, 0x5D, 0x37, 0x16, 0x52, 0x46, 0x9F, 0xA4, 0x21, 0x4C,
    0x98, 0x6E, 0xE0, 0xC7, 0x43, 0x21, 0x3F, 0x4E, 0x9F, 0xA6, 0x1F, 0xC9, 0xCE, 0x64, 0x2B, 0xA9,
    0x06, 0x86, 0x09, 0xD4, 0xF0, 0x16, 0xB2, 0xC9, 0x98, 0x9D, 0x18, 0x67, 0xD7, 0x63, 0x21, 0x0A,
    0x28, 0xA3, 0x85, 0x2D, 0xDC, 0x23, 0xB2, 0xC2, 0x7C, 0x0B, 0x01, 0x62, 0xC6, 0xC3, 0x24, 0xF6,
    0xFC, 0x7F, 0x21, 0x4E, 0x50, 0xB1, 0x56, 0xB0, 0x01, 0x1F, 0x11, 0x0C, 0x59, 0x94, 0x21, 0x56,
    0x89, 0x0A, 0x66, 0xC3, 0x65, 0xDE, 0x8E, 0x36, 0x17, 0x0C, 0xA6, 0xFC, 0x90, 0x51, 0x8D, 0x95,
    0xBA, 0x67, 0x77, 0x9A, 0xE9, 0x64, 0x95, 0x6D, 0x66, 0x12, 0x18, 0xAB, 0x0A, 0x9A, 0x24, 0x58,
    0x65, 0xA4, 0xEF, 0x36, 0xD1, 0xA2, 0x5C, 0x25, 0x89, 0x1A, 0x9E, 0xE3, 0x0E, 0xFC, 0x38, 0x59,
    0x3C, 0xAF, 0x0F, 0x17, 0xE8, 0xC6, 0x7E, 0x02, 0x16, 0xEC, 0xC9, 0x2F, 0xD5, 0xBE, 0xAC, 0xA3,
    0x19, 0xC4, 0x28, 0xB1, 0xA8, 0x28, 0xCF, 0xA1, 0x83, 0x46, 0x3C, 0x1D, 0xA1, 0x1E, 0xF8, 0x14,
    0xC9, 0xE6, 0xBD, 0x1C, 0xFE, 0x2A, 0xBC, 0x12, 0x43, 0xDC, 0x3F, 0xF3, 0xEC, 0xCF, 0x7A, 0xA4,
    0x96, 0x3E, 0xD4, 0xE9, 0x66, 0x99, 0x6E, 0x0A, 0x71, 0xEA, 0x1F, 0x55, 0xCF, 0xB5, 0xEA, 0x77,
    0x1B, 0x07, 0x6F, 0xDC, 0xB5, 0x07, 0x18, 0xE7, 0x72, 0xFD, 0x91, 0xDC, 0x7C, 0x44, 0x7A, 0x98,
    0xE5, 0xBA, 0x49, 0xBB, 0x7A, 0xED, 0xA5, 0x88, 0x66, 0x27, 0xDA, 0x78, 0x72, 0xCE, 0xF3, 0xCC,
    0x1E, 0x0C, 0x98, 0x2E, 0xCC, 0xDB, 0xF2, 0x7B, 0x0D, 0x91, 0x18, 0x75, 0x6B, 0xD9, 0x73, 0x14,
    0x52, 0x92, 0xA2, 0x00, 0x6A, 0xFA, 0x3F, 0x56, 0x59, 0x62, 0xFA, 0x6A, 0x56, 0x2B, 0xBE, 0xF6,
    0xA3, 0xA8, 0xB9, 0x86, 0x27, 0x1A, 0xB2, 0x06, 0xD8, 0x3C, 0x80, 0xBF, 0x82, 0xFE, 0x21, 0xF8,
    0x57, 0xE5, 0x27, 0xE8, 0xFC, 0x04, 0x71, 0x03, 0x42, 0xF6, 0x64, 0x1B, 0xD7, 0x58, 0x61, 0x50,
    0x71, 0x85, 0x33, 0x2B, 0x71, 0x42, 0xC0, 0x7F, 0x58, 0x0E, 0x77, 0x5D, 0xF3, 0x74, 0x6D, 0x2E,
    0x57, 0xF6, 0x28, 0xE8, 0x5E, 0xAB, 0x29, 0x8C, 0xEC, 0x9D, 0x9F, 0xF7, 0x5C, 0x8B, 0xEE, 0x6C,
    0x37, 0xEC, 0x81, 0xEC, 0x1F, 0x28, 0xAF, 0x28, 0x87, 0x85, 0x7F, 0x0E, 0x53, 0xAE, 0x16, 0x20,
    0xDC, 0x24, 0x98, 0x77, 0x26, 0x3F, 0xDC, 0xAE, 0xAE, 0x41, 0xF6, 0xBE, 0xD8, 0x3F, 0xDE, 0x89,
    0x08, 0x2B, 0x23, 0xB5, 0xCC, 0xF0, 0xF1, 0x87, 0x47, 0xC5, 0xE5, 0x74, 0x69, 0xC5, 0x37, 0xDE,
    0xB7, 0x67, 0xD7, 0xF6, 0x8F, 0x25, 0xB3, 0xCD, 0xE1, 0xF8, 0xA8, 0x33, 0x21, 0xB8, 0xE5, 0x7B,
    0xCE, 0xDD, 0xF5, 0xF7, 0x26, 0xBF, 0x5A, 0x46, 0x92, 0x01, 0x9E, 0xBC, 0xA8, 0x84, 0xC1, 0x21,
    0x15, 0x70, 0x06, 0xFA, 0xF9, 0x05, 0x0C, 0xEF, 0x53, 0x98, 0x8E, 0x41, 0x9F, 0x8C, 0xE8, 0x26,
    0x52, 0x5B, 0x7A, 0x1A, 0x7F, 0xD9, 0xFB, 0x6C, 0x81, 0xCC, 0x1D, 0xA9, 0x6E, 0x3C, 0xF5, 0xF4,
    0xE0, 0xD4, 0x77, 0xD9, 0x8E, 0xDC, 0xD0, 0x6E, 0x1E, 0x8E, 0x0E, 0x81, 0x56, 0x32, 0x02, 0x76,
    0x6B, 0xDB, 0x4C, 0xED, 0x06, 0x1B, 0xA3, 0xEB, 0x5F, 0xE3, 0x06, 0xBC, 0x8E, 0x3F, 0xE7, 0xDA,
    0x9B, 0x5C, 0xA0, 0x50, 0xF6, 0xE8, 0x88, 0x55, 0xC7, 0xE6, 0x1F, 0xF0, 0x7E, 0x44, 0xFF, 0x37,
    0x58, 0x0D, 0x44, 0xBF, 0xDF, 0x5E, 0xD3, 0x44, 0x13, 0x9A, 0xBE, 0x8D, 0x36, 0xCA, 0xF9, 0x31,
    0x77, 0xF1, 0xB5, 0xE7, 0xB4, 0x3E, 0xA9, 0x71, 0x05, 0x0A, 0xF9, 0x2B, 0x62, 0x12, 0x61, 0x7E,
    0x64, 0x0F, 0xA2, 0x30, 0x5F, 0xF0, 0xB7, 0xFC, 0x17, 0xBA, 0x97, 0x6E, 0xE5, 0x0B, 0xA1, 0x13,
    0xE0, 0x77, 0x76, 0x22, 0x57, 0xB3, 0x95, 0xAC, 0xC5, 0x11, 0x0A, 0xBD, 0xD7, 0xAF, 0xAF, 0x61,
    0x98, 0xEB, 0x86, 0xD0, 0x7B, 0x86, 0x12, 0x5F, 0xB7, 0xF3, 0xEA, 0x2A, 0x8B, 0x2F, 0x3D, 0x7C,
    0xF1, 0x95, 0x80, 0x70, 0x22, 0xA5, 0x50, 0x92, 0x5E, 0xEA, 0xA8, 0xAB, 0xA4, 0x28, 0x94, 0xA3,
    0xDE, 0xE4, 0x23, 0x75, 0x47, 0x9F, 0x90, 0xA5, 0xF4, 0xF4, 0x88, 0x89, 0x06, 0xD6, 0x95, 0xC3,
    0xD2, 0xF3, 0x7C, 0x7A, 0xFB, 0xEE, 0x95, 0x07, 0x17, 0x2A, 0xEF, 0x93, 0xFA, 0x45, 0xCF, 0x89,
    0x60, 0x76, 0x1D, 0xCF, 0xC3, 0x7D, 0x7C, 0x8E, 0x0F, 0x96, 0x2F, 0x53, 0x5D, 0x95, 0xE8, 0xE5,
    0x05, 0x46, 0x7F, 0x03, 0xB5, 0x5A, 0x5D, 0x6C, 0x1C, 0xD7, 0x75, 0xFE, 0x66, 0x86, 0xE4, 0x24,
    0x9A, 0xEC, 0x8C, 0x0A, 0x38, 0xA9, 0x22, 0xEF, 0xEC, 0xFA, 0x41, 0x0F, 0x82, 0x33, 0x24, 0xF3,
    0xB0, 0x68, 0xC6, 0xF6, 0x90, 0x3B, 0x8A, 0x8B, 0xE4, 0x41, 0x88, 0xA3, 0x02, 0x72, 0x5A, 0x40,
    0x28, 0xA4, 0x16, 0x7D, 0x48, 0x93, 0xC6, 0x62, 0x91, 0xB1, 0x43, 0xD7, 0xB2, 0x38, 0xB1, 0x8B,
    0xE8, 0xC1, 0x68, 0xCD, 0x00, 0x79, 0x2A, 0x50, 0x94, 0x2D, 0x1C, 0xD4, 0xA6, 0x5B, 0x6B, 0x0C,
    0x2F, 0x50, 0x3A, 0xB1, 0xC4, 0xB1, 0xF4, 0xE0, 0x87, 0xA2, 0xCD, 0x28, 0x46, 0xE3, 0x07, 0xB7,
    0xC9, 0x38, 0x71, 0xDA, 0xC4, 0x8E, 0xA3, 0x29, 0xB2, 0x41, 0x28, 0x93, 0xE2, 0xF4, 0x3B, 0x77,
    0x66, 0x97, 0x4B, 0xFD, 0x44, 0xA2, 0x94, 0xAE, 0xB8, 0x2B, 0x89, 0x3B, 0xF7, 0x9E, 0x7B, 0xCF,
    0x3D, 0xE7, 0x3B, 0xDF, 0x39, 0xE7, 0x62, 0x0F, 0x60, 0x03, 0x26, 0xA0, 0x41, 0x5B, 0x5E, 0xD2,
    0xCB, 0xC2, 0x48, 0x61, 0xC4, 0x30, 0x43, 0x58, 0x80, 0x53, 0xC6, 0xCE, 0x72, 0xC8, 0xEF, 0x5D,
    0xC0, 0x03, 0x02, 0x60, 0xF6, 0x39, 0x2C, 0x6C, 0x42, 0x5E, 0x41, 0x02, 0x3F, 0xE7, 0xDF, 0x37,
    0x3F, 0x6A, 0xEF, 0xF2, 0x62, 0xB7, 0xCC, 0x91, 0x41, 0x4B, 0xA1, 0xF3, 0x79, 0xFE, 0x94, 0x99,
    0xF9, 0xF5, 0xC2, 0x42, 0x64, 0xC1, 0x77, 0x30, 0x6F, 0x23, 0x71, 0x3F, 0x92, 0x7B, 0xDD, 0x58,
    0x09, 0x38, 0x06, 0x2D, 0x83, 0x11, 0x62, 0xFC, 0x5A, 0x22, 0xD4, 0xAA, 0x47, 0x45, 0xF8, 0x40,
    0xC4, 0x41, 0x1F, 0x5B, 0xD2, 0x37, 0xD7, 0xAC, 0x18, 0xAD, 0xC1, 0x2F, 0x17, 0x4A, 0x9C, 0x5D,
    0x46, 0x01, 0x24, 0x40, 0x0F, 0x38, 0x01, 0x4C, 0x7F, 0x2E, 0x34, 0xCB, 0x50, 0x24, 0x3C, 0x14,
    0x1B, 0xEB, 0xB9, 0x15, 0xCA, 0x6C, 0xFC, 0xE1, 0x3F, 0x0C, 0x6E, 0xE8, 0x0C, 0xD0, 0x86, 0x88,
    0x11, 0x49, 0xE1, 0x37, 0x4F, 0x62, 0x61, 0x4D, 0x9E, 0xD5, 0x62, 0x3D, 0x35, 0x52, 0x23, 0x36,
    0x43, 0x8B, 0x0F, 0xDB, 0xFC, 0xE3, 0x52, 0x72, 0x40, 0x11, 0x22, 0xD6, 0xF8, 0x27, 0xE3, 0xF3,
    0x37, 0x78, 0x46, 0xC7, 0xAF, 0x5B, 0xF8, 0x9C, 0x5A, 0x20, 0x97, 0x99, 0xAB, 0x5D, 0xA7, 0xE0,
    0x0A, 0xFF, 0x84, 0x13, 0x4F, 0x2C, 0xC7, 0xA2, 0xD0, 0x94, 0x03, 0xA8, 0x32, 0x78, 0xFC, 0x06,
    0x01, 0xD5, 0x80, 0x8E, 0xB9, 0xC8, 0x51, 0x16, 0x1F, 0x4B, 0x2C, 0x33, 0x45, 0xEE, 0x68, 0xD4,
    0xAC, 0x8D, 0x5C, 0x4F, 0x5D, 0x2D, 0x33, 0x62, 0x3E, 0x78, 0x34, 0x9C, 0x39, 0x1E, 0x9E, 0x41,
    0xF7, 0x92, 0xD2, 0xA6, 0x2C, 0x8E, 0x8B, 0x48, 0xB9, 0x06, 0x23, 0xE5, 0x2A, 0x8C, 0x58, 0x8E,
    0x3D, 0x6C, 0xC8, 0xAA, 0x5C, 0x11, 0x51, 0xAE, 0xC1, 0x79, 0xF0, 0xF1, 0xE3, 0x68, 0xC0, 0xB7,
    0x42, 0x17, 0x91, 0x19, 0x7A, 0x98, 0x33, 0xC3, 0x00, 0x89, 0xC3, 0x35, 0xFE, 0xF2, 0x0C, 0x57,
    0xC9, 0xC3, 0xBB, 0xD6, 0x19, 0xE6, 0xE6, 0xD7, 0xFB, 0x3C, 0x40, 0x75, 0x86, 0x91, 0x9C, 0x21,
    0x0A, 0x8F, 0xFB, 0x00, 0x4D, 0x4B, 0x29, 0x27, 0xA3, 0xF0, 0x90, 0xF2, 0x77, 0x71, 0xC4, 0x24,
    0x87, 0x44, 0x30, 0xBE, 0x9A, 0xC3, 0xBC, 0x3F, 0x86, 0x25, 0x9A, 0xDF, 0xE0, 0xFB, 0x15, 0xA0,
    0x41, 0x75, 0xB8, 0x5C, 0x93, 0xC7, 0x15, 0x06, 0xD4, 0xBD, 0xCF, 0xB9, 0x23, 0xEA, 0x02, 0x7A,
    0x28, 0xEB, 0x86, 0xA8, 0x06, 0xD8, 0x2D, 0xFB, 0xA0, 0x9A, 0x2D, 0x2A, 0xBA, 0x1D, 0x1B, 0xF1,
    0x7D, 0xA1, 0x19, 0xFE, 0x2A, 0xB4, 0xF4, 0x7F, 0x85, 0x63, 0x7E, 0x16, 0xB6, 0x4D, 0xA5, 0xFB,
    0x2E, 0xDC, 0xA4, 0x89, 0xC9, 0xD4, 0x43, 0x97, 0xCB, 0x9F, 0xE5, 0xEA, 0x4F, 0xC8, 0x3A, 0x76,
    0xDF, 0xC1, 0xE5, 0x50, 0xC9, 0xD3, 0x99, 0xD2, 0xC7, 0x07, 0x31, 0xC1, 0xD3, 0x68, 0x71, 0xFB,
    0x01, 0xF5, 0xC0, 0x35, 0xC5, 0x05, 0xF4, 0x73, 0x29, 0xB4, 0xF3, 0xD4, 0xEE, 0x9B, 0x7C, 0xE0,
    0x3D, 0xBE, 0xB9, 0x2E, 0x39, 0x17, 0xEA, 0x16, 0x47, 0xB8, 0x84, 0xCA, 0xF2, 0x95, 0x2E, 0x43,
    0x3D, 0x35, 0x43, 0x23, 0x35, 0x39, 0xCE, 0xE2, 0x78, 0x87, 0xF3, 0xD8, 0x9C, 0xCF, 0xE5, 0xA7,
    0xA7, 0xDE, 0x2E, 0xE5, 0x7A, 0x7C, 0x07, 0x94, 0x3D, 0xBB, 0x5C, 0xD0, 0x10, 0x2B, 0x23, 0x54,
    0xDB, 0xC8, 0x6B, 0x03, 0x2F, 0x60, 0xF4, 0x61, 0x46, 0x70, 0x7C, 0xB8, 0x3E, 0x7C, 0x2A, 0xDB,
    0xC3, 0xFB, 0xAF, 0xE8, 0xE5, 0x86, 0x11, 0xBB, 0x16, 0x1A, 0x2D, 0xD8, 0x01, 0x6C, 0x6D, 0xF9,
    0x19, 0xBD, 0xEC, 0xF3, 0xD0, 0x6B, 0xF3, 0xA7, 0xC1, 0x96, 0x70, 0x8E, 0xA4, 0xB6, 0x96, 0xF1,
    0xAC, 0x3D, 0x2D, 0x0B, 0x8C, 0x94, 0x47, 0x4D, 0x3B, 0xD5, 0x9E, 0x0B, 0x95, 0xA3, 0xAC, 0x18,
    0x31, 0x55, 0xC8, 0x13, 0xE9, 0x39, 0x65, 0xE6, 0x3C, 0x1F, 0x37, 0xB4, 0x5C, 0x1D, 0x4A, 0x11,
    0x68, 0xF9, 0xCC, 0x91, 0x94, 0xBE, 0xB8, 0x03, 0x97, 0xD2, 0x96, 0x9F, 0xE5, 0x21, 0x6F, 0xF0,
    0x49, 0x5F, 0x29, 0xCA, 0xE2, 0x2E, 0x1C, 0x9A, 0x6A, 0x83, 0xBB, 0x68, 0xF2, 0x70, 0x03, 0x1E,
    0x52, 0x87, 0x07, 0xC4, 0xD9, 0x74, 0x5A, 0xDE, 0x9D, 0xEF, 0x3C, 0xBF, 0xD4, 0x2D, 0xCB, 0x82,
    0xA3, 0x73, 0x0E, 0xCF, 0x13, 0x1A, 0xF4, 0x0E, 0x90, 0x25, 0xFE, 0x00, 0x16, 0x91, 0x37, 0xF9,
    0xEC, 0x9C, 0xC7, 0x25, 0xF9, 0xC1, 0x24, 0x1F, 0xF0, 0xE9, 0xB9, 0x8D, 0x87, 0x73, 0x35, 0x8C,
    0xEE, 0xB9, 0x4E, 0x8B, 0x98, 0xFF, 0x11, 0xCF, 0xA3, 0xF8, 0x2E, 0xA7, 0x7C, 0x35, 0xCB, 0xE1,
    0xE8, 0x69, 0x82, 0x49, 0x31, 0xAD, 0x1E, 0xB7, 0x0E, 0xED, 0x85, 0x50, 0x5F, 0x2F, 0x94, 0xC3,
    0xCF, 0xAB, 0x4D, 0x14, 0x28, 0x63, 0xED, 0x74, 0x08, 0x3D, 0x53, 0xBA, 0xCF, 0xF9, 0x8F, 0x7B,
    0x8E, 0xC6, 0xDD, 0xCB, 0xF5, 0x61, 0xDE, 0x9A, 0x41, 0x8D, 0x8D, 0x53, 0x5F, 0x04, 0x1A, 0x73,
    0x0D, 0xB7, 0x33, 0xCF, 0x2D, 0x3B, 0xC6, 0xC4, 0xF2, 0x22, 0x15, 0x92, 0x83, 0x46, 0x00, 0x8F,
    0x07, 0x10, 0xF0, 0xDD, 0x11, 0xC5, 0x51, 0xCB, 0x09, 0x1F, 0xCC, 0x39, 0x20, 0x73, 0x38, 0xB7,
    0x4D, 0xBD, 0x37, 0x70, 0x94, 0x5E, 0x7D, 0x46, 0x94, 0x2D, 0x6B, 0x5D, 0xC2, 0x5E, 0xBD, 0xC0,
    0x49, 0xA3, 0xC0, 0xA6, 0xD1, 0xD3, 0xDE, 0x33, 0x23, 0xE3, 0x9F, 0x2C, 0xDF, 0x0C, 0x1C, 0xDF,
    0xF6, 0xED, 0xFD, 0x5E, 0xA7, 0xE1, 0x75, 0xA2, 0x66, 0x33, 0x49, 0x3C, 0x37, 0x2B, 0x02, 0x27,
    0xCD, 0x7D, 0x27, 0xCC, 0x22, 0x5B, 0x4B, 0xB5, 0x58, 0xA3, 0xE1, 0x1B, 0x31, 0x51, 0x2E, 0x14,
    0x9C, 0x13, 0xA4, 0x13, 0xAC, 0x73, 0xCA, 0x4D, 0x38, 0xCB, 0x67, 0x6A, 0xC3, 0xF7, 0x14, 0xEA,
    0x09, 0xEE, 0x09, 0xF2, 0x45, 0x62, 0xF5, 0xC7, 0x63, 0x7D, 0xBD, 0x6F, 0xC5, 0x41, 0x0B, 0x2E,
    0x2D, 0xDA, 0x87, 0x1D, 0xC1, 0x4E, 0xD0, 0x2A, 0x30, 0x99, 0x48, 0x24, 0x99, 0x9F, 0x47, 0x31,
    0x75, 0x24, 0xB5, 0x94, 0x83, 0x69, 0xCB, 0xCB, 0x34, 0xE3, 0x92, 0x42, 0xE8, 0x61, 0xDB, 0xBC,
    0xAB, 0xC1, 0xCF, 0x66, 0x2D, 0x24, 0x18, 0x7A, 0x97, 0x4F, 0x01, 0x22, 0x44, 0x7B, 0x0E, 0x7A,
    0x99, 0x1B, 0x29, 0x5D, 0x65, 0x9E, 0x86, 0x2A, 0xD6, 0xAF, 0x15, 0xC4, 0x4E, 0xE7, 0xB9, 0x1B,
    0x87, 0x89, 0x48, 0xF9, 0x66, 0x32, 0x08, 0x13, 0xC1, 0x48, 0x98, 0xD8, 0xBB, 0x4C, 0x7B, 0x2E,
    0xEA, 0xEF, 0x06, 0x08, 0x5D, 0x63, 0x5F, 0x2C, 0x01, 0x6A, 0xE8, 0x3F, 0xB7, 0x03, 0x29, 0x02,
    0xA8, 0x32, 0xA5, 0xB6, 0x7A, 0x19, 0xD6, 0xBB, 0x7F, 0x17, 0x4E, 0x9A, 0xF7, 0xA7, 0xBE, 0xA5,
    0x65, 0x89, 0xC3, 0x37, 0x3D, 0x3D, 0x21, 0xFE, 0x47, 0x9E, 0x19, 0xCF, 0x78, 0xD3, 0xD4, 0x36,
    0x2D, 0xEE, 0xD1, 0x1A, 0x5D, 0x95, 0xE5, 0x4D, 0x70, 0x38, 0x4D, 0x24, 0xE7, 0xBA, 0x13, 0x4E,
    0xFE, 0x30, 0xAD, 0x43, 0xA2, 0xE8, 0x34, 0xBF, 0x9C, 0xE5, 0xFB, 0xDB, 0x44, 0xD0, 0x37, 0xB8,
    0xD0, 0x27, 0x63, 0xD8, 0x62, 0x28, 0xDC, 0x40, 0x8F, 0x5B, 0xA9, 0x60, 0xCC, 0xD8, 0x01, 0x8C,
    0x5D, 0x22, 0x8C, 0xC9, 0x8A, 0x29, 0x4B, 0x74, 0xCA, 0x6F, 0x3E, 0x88, 0x3B, 0x6C, 0xD0, 0xB2,
    0x3B, 0x1E, 0x22, 0x0F, 0x49, 0x40, 0x8C, 0x41, 0xDE, 0x7E, 0x3E, 0x9B, 0x58, 0x4F, 0xB7, 0x94,
    0xA4, 0x34, 0xA4, 0xC5, 0x1F, 0xC4, 0x31, 0x3D, 0x6D, 0x08, 0x50, 0xB8, 0xC8, 0x19, 0xA3, 0x90,
    0x33, 0xBE, 0x68, 0x19, 0x03, 0x87, 0xCE, 0x90, 0x14, 0x19, 0xDC, 0xC2, 0x9C, 0x58, 0x6A, 0x62,
    0xD0, 0x54, 0x0B, 0x93, 0xB3, 0xD3, 0x84, 0xF9, 0x80, 0x83, 0xD9, 0xE7, 0xDF, 0x79, 0x81, 0xA2,
    0xCB, 0xCB, 0x5B, 0xB3, 0x24, 0x32, 0x4B, 0x71, 0xDD, 0x59, 0xEC, 0xC1, 0x2C, 0xE1, 0xB6, 0x59,
    0x4E, 0xC7, 0x9C, 0xA5, 0x94, 0x08, 0xA0, 0x42, 0x8A, 0xA1, 0x3E, 0xE2, 0xBD, 0x8B, 0xE8, 0xE6,
    0x12, 0xA8, 0xEA, 0x93, 0x65, 0x04, 0x2E, 0x63, 0xF3, 0x6B, 0xB9, 0x09, 0x92, 0x13, 0xC6, 0xBF,
    0xC2, 0xD6, 0xF2, 0xD6, 0x91, 0x74, 0x5A, 0xC4, 0x63, 0x8F, 0x68, 0x90, 0x03, 0x7D, 0x6E, 0xAC,
    0xC3, 0x9D, 0x45, 0xD6, 0x21, 0x3E, 0x53, 0xA2, 0x70, 0xEE, 0x4C, 0x73, 0x5B, 0xBF, 0x40, 0x50,
    0xBE, 0x90, 0x7A, 0x3C, 0xF7, 0xC0, 0x38, 0x4F, 0x5C, 0x36, 0xE2, 0x85, 0x35, 0x33, 0xE4, 0xB8,
    0x6D, 0xDA, 0x38, 0xA4, 0x30, 0xDC, 0x4C, 0x6D, 0x5D, 0x61, 0xB8, 0x9E, 0x2A, 0x0C, 0x17, 0xAE,
    0xA1, 0x7F, 0x0B, 0xD6, 0xC5, 0x4C, 0x59, 0x5A, 0xA4, 0x4C, 0xD3, 0xD7, 0xCB, 0x35, 0x7D, 0xB9,
    0x5F, 0x9B, 0x1F, 0x57, 0x68, 0xA6, 0xDF, 0x3C, 0x8E, 0xD5, 0x9A, 0x95, 0x4C, 0xBC, 0xCD, 0x89,
    0xBB, 0xAB, 0x9C, 0xBA, 0x6F, 0xC6, 0xC6, 0x13, 0x19, 0xC3, 0xD2, 0xFD, 0x29, 0xB5, 0x41, 0x91,
    0x19, 0x45, 0xF0, 0xE3, 0xB4, 0x20, 0x80, 0xC3, 0x07, 0x5C, 0x7E, 0xC4, 0x9E, 0x1C, 0x31, 0x61,
    0xA4, 0xC5, 0xF5, 0xFF, 0x78, 0x85, 0x22, 0x56, 0xB3, 0xDA, 0x00, 0x27, 0x96, 0x15, 0x5B, 0xE2,
    0x66, 0x89, 0x8E, 0x2E, 0x07, 0x79, 0xEA, 0xAD, 0x09, 0x92, 0x0B, 0x07, 0x7A, 0xB4, 0x47, 0xA3,
    0x4D, 0x38, 0x4F, 0x41, 0x03, 0xC9, 0x31, 0x49, 0x75, 0xCD, 0x0B, 0x0C, 0xED, 0x86, 0xBE, 0xF9,
    0x71, 0xEB, 0x49, 0xD1, 0x91, 0xA7, 0xE5, 0x54, 0x34, 0xCF, 0x81, 0x30, 0xE4, 0x5B, 0xF1, 0xCC,
    0x17, 0xC3, 0xF6, 0x8F, 0x14, 0xD3, 0xC2, 0x1D, 0x68, 0xAF, 0xE1, 0x92, 0x68, 0x96, 0xBB, 0x77,
    0xEE, 0x46, 0xEB, 0xDD, 0x74, 0x5A, 0xCB, 0x27, 0xC5, 0x62, 0x73, 0x9F, 0x3F, 0x2A, 0x88, 0xB5,
    0xDA, 0xB0, 0x36, 0xEA, 0xC7, 0xF5, 0x32, 0xB4, 0x9E, 0x4C, 0x5B, 0x5C, 0x81, 0x91, 0x76, 0x37,
    0x31, 0x7B, 0x9A, 0xD0, 0x16, 0x53, 0xE5, 0x53, 0x7C, 0x46, 0xC1, 0x36, 0xA8, 0xC2, 0x4D, 0x8C,
    0x3B, 0x8A, 0x56, 0x4D, 0x41, 0x5F, 0xC3, 0x74, 0x28, 0x68, 0x4F, 0x2D, 0x3D, 0xBA, 0x07, 0xD3,
    0x15, 0x26, 0xFF, 0x29, 0xE7, 0x89, 0x45, 0x67, 0x15, 0x03, 0x7C, 0x36, 0x31, 0xDF, 0xA5, 0x43,
    0xA9, 0x48, 0xA8, 0x84, 0x72, 0xA9, 0xBE, 0x19, 0x4F, 0x72, 0xCE, 0xB5, 0x6D, 0x72, 0x6D, 0x23,
    0xF5, 0xAC, 0x90, 0xF1, 0x61, 0x76, 0x51, 0x1D, 0x01, 0x25, 0x7C, 0xB4, 0x96, 0xAB, 0xF1, 0x1D,
    0x9A, 0x85, 0x67, 0xE5, 0x34, 0x78, 0x06, 0x27, 0xDF, 0xE7, 0x31, 0x05, 0x1D, 0x8A, 0x15, 0x62,
    0x84, 0xD9, 0xF7, 0xF9, 0x11, 0x15, 0x22, 0x31, 0xCF, 0xF1, 0x91, 0x2C, 0xEB, 0xA3, 0x7B, 0x20,
    0xED, 0xD6, 0x8E, 0x7A, 0xA8, 0xBD, 0x31, 0xD6, 0x12, 0x5E, 0x68, 0xF6, 0x27, 0x56, 0x04, 0x27,
    0x17, 0xE7, 0x57, 0x15, 0x17, 0xE0, 0x26, 0xE6, 0x1C, 0x24, 0x36, 0x0A, 0xBA, 0x46, 0x73, 0x60,
    0x11, 0x4A, 0x87, 0xF1, 0x40, 0x87, 0x2A, 0x98, 0x7E, 0x3B, 0xC5, 0x87, 0x6F, 0xF6, 0x79, 0x4B,
    0xCB, 0x1D, 0x7A, 0x82, 0x23, 0x2C, 0xA2, 0x5D, 0x60, 0x8A, 0x50, 0x4B, 0x48, 0xF6, 0xD0, 0xA1,
    0x87, 0x58, 0xEA, 0x89, 0x85, 0x0D, 0x71, 0x59, 0x9E, 0x40, 0xE6, 0x6B, 0x69, 0xC4, 0x20, 0x4A,
    0xC8, 0x32, 0xC3, 0xFC, 0x28, 0xB2, 0x0D, 0xC1, 0xA3, 0x6A, 0x96, 0xD4, 0xC8, 0x9D, 0xD4, 0xC9,
    0xEC, 0xAC, 0x95, 0x36, 0xF2, 0x7B, 0xD3, 0xE6, 0xD2, 0x4B, 0xB1, 0x37, 0xF7, 0x7A, 0xEC, 0x7F,
    0xF9, 0xB5, 0xD0, 0xBF, 0xCF, 0x42, 0x67, 0x96, 0x6B, 0x09, 0xEC, 0x6A, 0x51, 0x51, 0xB5, 0x28,
    0x12, 0xD1, 0x76, 0x99, 0x4D, 0x7E, 0x2E, 0x65, 0x4C, 0x62, 0xBC, 0xE2, 0xD1, 0x91, 0x4A, 0x2A,
    0xED, 0xC6, 0xD6, 0x27, 0xB3, 0x16, 0xF2, 0xFA, 0x04, 0xF8, 0xA3, 0x16, 0x3E, 0x35, 0x3C, 0xF9,
    0x71, 0x58, 0xDD, 0xD4, 0xBA, 0x90, 0x3B, 0x61, 0x4E, 0x2B, 0x1B, 0xFA, 0x06, 0x4F, 0xBE, 0x9E,
    0x04, 0xA1, 0xFE, 0x9D, 0xBE, 0xD1, 0x3F, 0x61, 0x64, 0xB4, 0x0C, 0x8F, 0xEE, 0x4D, 0x73, 0x76,
    0x44, 0x6E, 0xE1, 0xBC, 0x91, 0x35, 0x57, 0xC3, 0x51, 0x9C, 0x3F, 0x36, 0x3C, 0xD2, 0xAF, 0x0A,
    0xD4, 0x0F, 0xBF, 0xAA, 0x8F, 0x74, 0xCF, 0x96, 0xD0, 0x43, 0x56, 0xF7, 0xB5, 0x0D, 0xE7, 0xC2,
    0x7B, 0x93, 0x4E, 0x58, 0xB8, 0xB4, 0x64, 0xD7, 0xD5, 0x52, 0x4F, 0x44, 0x8B, 0x6C, 0x11, 0x4E,
    0x4F, 0x8F, 0xE6, 0x2C, 0x45, 0xE0, 0x88, 0x30, 0x34, 0x4B, 0xC2, 0xB1, 0x46, 0x57, 0xB8, 0x90,
    0xE1, 0xF5, 0x14, 0xFF, 0x13, 0xE2, 0xA2, 0x82, 0xF6, 0xCA, 0x00, 0x73, 0xF1, 0xF4, 0xD5, 0x8A,
    0xC1, 0xA3, 0xA6, 0xAF, 0x02, 0x35, 0x42, 0xDC, 0xB9, 0x05, 0x8D, 0xE1, 0xC4, 0x7A, 0xFA, 0x04,
    0x5A, 0x64, 0x05, 0x41, 0x83, 0xF4, 0x9A, 0x9E, 0xD9, 0xA1, 0x63, 0xFA, 0x01, 0xC3, 0x1A, 0x49,
    0x60, 0xFB, 0xE5, 0x02, 0xA6, 0x30, 0x1D, 0x91, 0x56, 0x54, 0x74, 0x51, 0x6C, 0x58, 0xAB, 0x12,
    0x23, 0xA2, 0x92, 0xF1, 0x64, 0x4A, 0x66, 0x81, 0xCB, 0x2A, 0x58, 0xF5, 0x99, 0x7E, 0xC0, 0x61,
    0xD8, 0x75, 0xD0, 0x13, 0x05, 0x5D, 0xCF, 0x36, 0xD2, 0x99, 0x2F, 0xA6, 0xED, 0x1F, 0x16, 0x75,
    0x10, 0x23, 0xCD, 0x02, 0xAA, 0xE3, 0x89, 0xCC, 0x78, 0xCE, 0x09, 0xA3, 0x69, 0x74, 0x2F, 0x62,
    0x9C, 0x07, 0xD9, 0x18, 0xD0, 0xB2, 0xEA, 0x4C, 0x09, 0x80, 0x02, 0x81, 0x34, 0xDB, 0xBC, 0x21,
    0x64, 0xA3, 0x89, 0xA6, 0x00, 0x03, 0xD5, 0x1F, 0x48, 0x2E, 0x32, 0x4F, 0xDE, 0x1F, 0xF7, 0x31,
    0xF3, 0xD8, 0x1B, 0x09, 0xDA, 0x6F, 0x5D, 0x9E, 0xC3, 0xD6, 0x6B, 0x07, 0x63, 0x57, 0x64, 0xAC,
    0xC4, 0x2A, 0x91, 0x0E, 0x46, 0x79, 0x54, 0x09, 0x84, 0x00, 0xB3, 0x56, 0xA5, 0x1B, 0xFF, 0x21,
    0xB9, 0x86, 0x11, 0x13, 0xD7, 0x23, 0xF9, 0xBC, 0x20, 0xA4, 0x6E, 0x28, 0x48, 0x02, 0x80, 0x62,
    0x3A, 0xA9, 0x7D, 0xD8, 0x88, 0xDB, 0xA5, 0x11, 0x7A, 0xE6, 0xA9, 0xD0, 0x33, 0x9E, 0x82, 0x47,
    0xFE, 0xD5, 0x6A, 0xDB, 0x3C, 0xEB, 0xC6, 0xD6, 0xBA, 0x6A, 0xBA, 0xDB, 0x3A, 0x8C, 0x76, 0xC9,
    0x27, 0x62, 0xAE, 0x25, 0x18, 0x01, 0x17, 0xE6, 0x2B, 0xC4, 0xAB, 0xB1, 0xA9, 0x2A, 0x31, 0x14,
    0xAC, 0x1E, 0x3F, 0x5A, 0x93, 0xE3, 0xDF, 0x5B, 0xC1, 0x42, 0xE5, 0xB2, 0x34, 0x2D, 0x53, 0xA3,
    0x41, 0x1B, 0xE7, 0x32, 0x47, 0x36, 0x49, 0x85, 0xB7, 0x2F, 0x93, 0xC7, 0x9C, 0xA0, 0x79, 0x93,
    0x95, 0xFB, 0x2E, 0x95, 0xEE, 0x1C, 0x0C, 0x23, 0xF3, 0xF2, 0x30, 0xC6, 0x93, 0x04, 0x67, 0x0C,
    0x29, 0x0C, 0x48, 0x99, 0xF9, 0xBD, 0x4C, 0x2B, 0x53, 0xFD, 0xF5, 0xD4, 0xBA, 0x3F, 0x6E, 0x31,
    0x82, 0x99, 0xCA, 0x5C, 0x7D, 0xB5, 0xF5, 0xB1, 0x9B, 0x42, 0x22, 0x7C, 0x3D, 0xC6, 0x0F, 0xD3,
    0x9B, 0x84, 0x2D, 0x9A, 0x21, 0xAD, 0xD0, 0x7A, 0x07, 0xD6, 0x4F, 0x15, 0x67, 0x99, 0x4E, 0xAD,
    0x6F, 0xE5, 0x4E, 0x5C, 0x70, 0xE1, 0xE2, 0x8E, 0xCA, 0x4A, 0x7C, 0xE5, 0x67, 0xD1, 0x48, 0x4A,
    0xA0, 0x71, 0xEC, 0x12, 0x43, 0x43, 0x28, 0x7B, 0xF7, 0x05, 0xEB, 0x6F, 0x0A, 0x76, 0x2B, 0x47,
    0x1F, 0xF8, 0x5C, 0x77, 0x03, 0x33, 0x87, 0xAF, 0xF2, 0xB9, 0x43, 0xD6, 0xE6, 0xE4, 0xB8, 0xC7,
    0x29, 0xAC, 0x4C, 0xEB, 0x0B, 0x5D, 0x5C, 0x5C, 0x11, 0x28, 0x94, 0x0C, 0xBA, 0x32, 0xF2, 0x2A,
    0x87, 0xAE, 0xD8, 0x64, 0xC5, 0x24, 0x77, 0xCD, 0xD9, 0x49, 0x75, 0x7C, 0xF2, 0x4D, 0x63, 0x98,
    0x5D, 0x77, 0x24, 0x7D, 0xAE, 0xCE, 0xB4, 0x7A, 0x0D, 0x1D, 0xBD, 0x33, 0x60, 0x76, 0x95, 0xC9,
    0x8F, 0xA4, 0xAD, 0xDC, 0xE1, 0x02, 0xB0, 0xAF, 0x1E, 0x40, 0x1C, 0x14, 0x20, 0x14, 0x44, 0x42,
    0xF6, 0x68, 0xA8, 0xA5, 0xAB, 0x6B, 0x04, 0xC3, 0x49, 0xA2, 0x61, 0xC3, 0x24, 0x20, 0x1C, 0x45,
    0xEF, 0xC4, 0x06, 0xA6, 0x8B, 0x2D, 0xFB, 0xA1, 0x03, 0x73, 0x42, 0x9B, 0x33, 0x32, 0x82, 0xD3,
    0x86, 0x4A, 0xA2, 0xD1, 0xAB, 0x05, 0x4D, 0x28, 0xA2, 0x06, 0x93, 0x8E, 0x7E, 0xA1, 0x98, 0x1B,
    0x58, 0xE7, 0x95, 0x8A, 0xCF, 0xAC, 0x1F, 0xD7, 0x8A, 0x77, 0x87, 0x8A, 0xD7, 0x07, 0x8A, 0xA7,
    0x57, 0x72, 0x71, 0x96, 0x32, 0x81, 0x1B, 0x02, 0xF8, 0x3E, 0xB5, 0x53, 0xBB, 0x8A, 0x49, 0x37,
    0x17, 0x41, 0x38, 0xB8, 0xD5, 0xC3, 0x78, 0xB8, 0x73, 0x18, 0xBB, 0xD1, 0xFC, 0xE1, 0x16, 0xC1,
    0xD9, 0x43, 0x4B, 0x5E, 0x24, 0x13, 0x24, 0x1B, 0x40, 0xA1, 0x67, 0xBE, 0x30, 0x3E, 0xF9, 0x88,
    0x7D, 0x9D, 0xC6, 0xEF, 0x1B, 0xDC, 0x7B, 0xE0, 0x70, 0x9A, 0xA0, 0x49, 0x9D, 0x33, 0xB9, 0x8B,
    0xE0, 0x25, 0x51, 0x01, 0x97, 0xC1, 0x05, 0x4E, 0xDA, 0x25, 0x41, 0x08, 0xA7, 0x46, 0x50, 0x24,
    0xA1, 0x64, 0xE2, 0x48, 0xC2, 0x77, 0xCE, 0xE8, 0x9D, 0x26, 0x6D, 0xAA, 0xB8, 0x6B, 0x22, 0x7A,
    0xD7, 0xC6, 0xEF, 0xBC, 0xC6, 0x64, 0x8A, 0x59, 0xCC, 0x24, 0x4F, 0x81, 0xF0, 0x48, 0xF9, 0x5F,
    0x7C, 0x47, 0xF2, 0xC8, 0xCA, 0x1A, 0x9C, 0x4B, 0x70, 0x4E, 0x87, 0xF4, 0xC3, 0x7A, 0xB1, 0x66,
    0xFC, 0xE8, 0x2A, 0x16, 0xFA, 0x02, 0xF8, 0x0C, 0x33, 0x19, 0xAC, 0x9C, 0x5C, 0x26, 0xAE, 0xF8,
    0x8C, 0x8B, 0x92, 0xA7, 0xF1, 0xE3, 0x9E, 0x40, 0xA2, 0xBC, 0x7D, 0xED, 0xAD, 0x62, 0xC8, 0x8E,
    0x62, 0x8D, 0x29, 0x49, 0xCA, 0x5C, 0x82, 0x2C, 0x4D, 0x60, 0x9C, 0x53, 0x18, 0x07, 0x68, 0x50,
    0xE4, 0x5A, 0x9C, 0xA9, 0x2C, 0xFB, 0x94, 0xF3, 0xCE, 0x12, 0x6C, 0x81, 0x5F, 0x57, 0x3E, 0x9A,
    0x72, 0x96, 0x55, 0xB5, 0x46, 0xBB, 0xF4, 0x79, 0x9A, 0x62, 0x55, 0x45, 0xAA, 0x82, 0x8D, 0x89,
    0x32, 0xB5, 0x8C, 0x2C, 0x74, 0xB8, 0x4A, 0xA2, 0x06, 0xCD, 0x67, 0x13, 0x53, 0x0F, 0x1D, 0x86,
    0xC7, 0xD3, 0x24, 0x95, 0x26, 0x26, 0x7E, 0x0A, 0x91, 0x39, 0xC8, 0x0C, 0xEE, 0xE2, 0x9B, 0x83,
    0xB5, 0x35, 0x29, 0x33, 0x51, 0x9A, 0x1C, 0x39, 0x31, 0x82, 0x64, 0x14, 0x8F, 0xFD, 0x1C, 0xF8,
    0xC5, 0xBF, 0x43, 0x7B, 0xFD, 0x29, 0x18, 0x4F, 0x1E, 0x84, 0x65, 0x9A, 0xB0, 0xC9, 0xFC, 0x02,
    0xDB, 0x50, 0xA6, 0xD7, 0x0E, 0x71, 0x5F, 0x88, 0x2F, 0x0B, 0x4A, 0xE8, 0x5C, 0xFA, 0xD9, 0xD4,
    0xB9, 0x27, 0x73, 0x3B, 0xB9, 0x3F, 0x97, 0x27, 0x49, 0xC1, 0x3D, 0x55, 0xE5, 0x2A, 0x86, 0x76,
    0x23, 0x76, 0x33, 0x23, 0x0C, 0x48, 0xA4, 0x93, 0x82, 0xBB, 0x29, 0x9C, 0xE7, 0x2F, 0x16, 0xB6,
    0xF9, 0x99, 0xC8, 0x75, 0x9A, 0x9D, 0xA6, 0xEB, 0xF9, 0x9E, 0xEF, 0x07, 0x41, 0xC2, 0xBF, 0xF2,
    0xC8, 0xAB, 0x9C, 0xF3, 0x15, 0x6A, 0xF8, 0x67, 0x4C, 0xBB, 0xFF, 0x8D, 0x7B, 0x7E, 0xA0, 0xDA,
    0xC0, 0xC9, 0x8B, 0x3C, 0xCB, 0x37, 0xE1, 0xBF, 0xF8, 0x1A, 0xEE, 0xF9, 0xEE, 0xF9, 0xF0, 0x2B,
    0xE7, 0x99, 0x6D, 0x7C, 0x61, 0x79, 0x09, 0xA5, 0x24, 0x4F, 0xC2, 0x97, 0xB9, 0x5B, 0xD9, 0xA1,
    0xCD, 0x90, 0x45, 0x9C, 0xD0, 0xD6, 0x7F, 0x0E, 0xE3, 0x14, 0x17, 0x6D, 0x31, 0xE5, 0x70, 0x48,
    0xF6, 0xA9, 0x3C, 0x9F, 0xDE, 0x96, 0x28, 0xFD, 0xF1, 0xB5, 0x5A, 0x32, 0xCF, 0x6D, 0x57, 0x63,
    0x1A, 0x89, 0xE2, 0xA0, 0xDA, 0x1B, 0x5F, 0x82, 0xF1, 0x14, 0xA1, 0x9C, 0xF9, 0xB1, 0x6D, 0x33,
    0xF0, 0x37, 0x38, 0x67, 0xBC, 0xBC, 0xBC, 0xA8, 0xA7, 0xA5, 0x64, 0x7E, 0x85, 0x54, 0xDF, 0x48,
    0x05, 0xB8, 0x17, 0xC9, 0xC0, 0xDC, 0xA2, 0x3E, 0x9B, 0xE7, 0xDF, 0x65, 0x6A, 0x6A, 0x1E, 0x64,
    0x5E, 0xE3, 0x50, 0xE7, 0x4D, 0x97, 0x43, 0x3D, 0x19, 0x1B, 0x44, 0x4D, 0xDA, 0x63, 0xE1, 0x55,
    0x64, 0xC8, 0x74, 0xCA, 0x0D, 0xCB, 0x3C, 0x50, 0x38, 0xC6, 0x39, 0x06, 0x92, 0x37, 0xC5, 0xAB,
    0xC3, 0xA9, 0xC7, 0x1F, 0xC9, 0x3C, 0x3F, 0xC9, 0xFD, 0xA4, 0xC8, 0xEF, 0xC9, 0xF2, 0xE4, 0x2B,
    0x69, 0xA6, 0x20, 0xC8, 0x3B, 0x01, 0x27, 0xC3, 0x74, 0xA6, 0xBF, 0xDF, 0xD7, 0x98, 0xCB, 0xD7,
    0x70, 0x93, 0x68, 0xA7, 0x63, 0xFE, 0xD4, 0x6C, 0xB3, 0xC2, 0x9D, 0x3B, 0xB3, 0xF6, 0x26, 0x1E,
    0x0D, 0xE5, 0x3F, 0x64, 0xD7, 0x7B, 0x49, 0xB2, 0xE3, 0x45, 0xBC, 0xB4, 0x88, 0x93, 0x92, 0x63,
    0x68, 0x86, 0xC2, 0x23, 0x33, 0x16, 0xA0, 0x65, 0x84, 0xA9, 0xB2, 0xC9, 0xE3, 0xA2, 0x9F, 0x9E,
    0x9A, 0x65, 0xE1, 0x32, 0xC6, 0x0F, 0x33, 0xE5, 0xC0, 0xA2, 0xC7, 0x64, 0x30, 0xB0, 0x68, 0x98,
    0x0E, 0x5D, 0x96, 0x40, 0x9F, 0xB8, 0xF4, 0x02, 0xAE, 0xBC, 0x47, 0xEA, 0x35, 0xE3, 0x9F, 0xE0,
    0x6A, 0x19, 0x28, 0x5F, 0xC6, 0x36, 0xD2, 0x20, 0xC0, 0x50, 0x41, 0xB9, 0x58, 0x1A, 0xBC, 0x86,
    0x1D, 0xB8, 0xB6, 0xEF, 0xD9, 0x9D, 0xA0, 0x11, 0xF9, 0x6E, 0xD2, 0xF1, 0x92, 0x39, 0x9F, 0xA6,
    0xF0, 0xF8, 0xAF, 0x64, 0x8D, 0xDA, 0x10, 0x1D, 0x63, 0x55, 0x73, 0xFB, 0xD8, 0x22, 0xE3, 0xD5,
    0x1A, 0xAC, 0x78, 0x52, 0x12, 0x7C, 0xEE, 0x50, 0xEA, 0x80, 0x16, 0x4E, 0x2E, 0x9F, 0xE6, 0xD1,
    0x94, 0xAA, 0x08, 0x94, 0xD0, 0x6B, 0x22, 0x95, 0xEA, 0xF7, 0x30, 0xFD, 0xFB, 0x39, 0xEA, 0xBA,
    0xEA, 0x20, 0x00, 0x3C, 0x21, 0x05, 0x49, 0x32, 0x3D, 0xA6, 0xCF, 0x33, 0x9F, 0xAB, 0x39, 0xFE,
    0xD4, 0xD1, 0x3A, 0x00, 0xEC, 0xC3, 0x5E, 0x1F, 0x67, 0x07, 0x0C, 0x30, 0xE6, 0x4E, 0x3C, 0x26,
    0xF7, 0x1E, 0x9A, 0x3E, 0xDC, 0x39, 0x34, 0x08, 0xAE, 0x19, 0xC1, 0x80, 0x50, 0xA0, 0x60, 0x4B,
    0x2F, 0x98, 0xB3, 0x90, 0xE7, 0x79, 0xC4, 0xFC, 0x00, 0xCD, 0x0E, 0xDC, 0x04, 0x8D, 0xEA, 0x81,
    0x18, 0x1F, 0xD8, 0x07, 0xDB, 0x83, 0xD9, 0x80, 0x76, 0x60, 0x07, 0xD3, 0xEE, 0x5B, 0x82, 0x17,
    0xA1, 0xB1, 0x1F, 0xDA, 0xD8, 0x8D, 0x45, 0x88, 0x36, 0xA0, 0xF4, 0x01, 0xA5, 0x11, 0xA8, 0x34,
    0x59, 0xCE, 0x9D, 0xC4, 0x2B, 0xA1, 0x5E, 0x6C, 0xA9, 0x76, 0x59, 0x44, 0xD4, 0x1E, 0x1C, 0x87,
    0x56, 0x0C, 0xC7, 0x52, 0xFA, 0xB1, 0x94, 0x86, 0x4C, 0xA5, 0x23, 0x23, 0x12, 0x2D, 0x19, 0x42,
    0xEE, 0xC2, 0x2A, 0xCA, 0x55, 0x7E, 0x5A, 0x99, 0x5F, 0x4B, 0xFD, 0xA2, 0x4A, 0xEB, 0x16, 0x95,
    0x0E, 0x25, 0x4B, 0x2D, 0x0F, 0x90, 0xD8, 0x50, 0x93, 0xB9, 0xE2, 0x50, 0xB9, 0x04, 0xC3, 0xA2,
    0x10, 0x9D, 0xE7, 0x74, 0x61, 0x6E, 0xF3, 0xC5, 0x0C, 0x54, 0xEC, 0x97, 0x55, 0x4A, 0xFA, 0x89,
    0x10, 0x54, 0x2F, 0x73, 0x0D, 0x6A, 0x38, 0xA8, 0xE0, 0xBE, 0x02, 0x50, 0x35, 0xA7, 0x22, 0x2D,
    0x55, 0x6D, 0xFD, 0xA3, 0x6A, 0x6A, 0x6A, 0xB6, 0xCD, 0x33, 0x2F, 0x37, 0x60, 0x7D, 0x6D, 0x0A,
    0x6D, 0x75, 0xC6, 0xF4, 0x41, 0x55, 0xBA, 0x30, 0xC3, 0x1E, 0x64, 0x17, 0x55, 0xB1, 0x2F, 0x62,
    0xB6, 0x17, 0x80, 0x36, 0xB6, 0x59, 0x13, 0xD3, 0xFE, 0x16, 0x3A, 0xCF, 0xA8, 0xA3, 0x7E, 0x8E,
    0xEB, 0x4B, 0x54, 0xFE, 0x4F, 0x65, 0x30, 0x63, 0xCC, 0x09, 0xA1, 0xAD, 0xF5, 0x58, 0xB8, 0x47,
    0x1D, 0x35, 0x25, 0xD4, 0x6A, 0x17, 0x85, 0xC9, 0xFE, 0xC1, 0x52, 0x5D, 0x3D, 0xC0, 0x87, 0xA0,
    0x4A, 0xBA, 0xC0, 0x17, 0xB4, 0x67, 0x39, 0xCD, 0xA9, 0x92, 0xBA, 0x85, 0x15, 0x52, 0xB1, 0x26,
    0xF3, 0x7A, 0x48, 0x29, 0x0F, 0x42, 0x12, 0xD5, 0x92, 0xF8, 0x45, 0x22, 0x19, 0x7E, 0x22, 0x19,
    0x7E, 0x4F, 0x12, 0xFF, 0x79, 0x33, 0x9C, 0xC7, 0xEC, 0xD1, 0xEF, 0x11, 0xC0, 0x2F, 0x0D, 0xA9,
    0xA0, 0xF6, 0x0C, 0x1F, 0xA7, 0x0F, 0x8E, 0xFF, 0x51, 0xAC, 0xE2, 0xBF, 0x70, 0x03, 0xE1, 0xE0,
    0x77, 0x68, 0xCC, 0x53, 0xDB, 0x99, 0xF5, 0x97, 0x63, 0xA4, 0xA3, 0xE8, 0x71, 0xFA, 0x48, 0xAA,
    0x25, 0x3E, 0x77, 0x49, 0x64, 0x2A, 0x02, 0x47, 0xCF, 0xA6, 0x8E, 0x1F, 0x89, 0xAD, 0xF5, 0x1A,
    0x77, 0x2D, 0xC9, 0xE6, 0xC6, 0xEF, 0x58, 0xAC, 0xFE, 0xF7, 0x9B, 0x0C, 0x69, 0x0F, 0x3E, 0x08,
    0x3C, 0xF2, 0x37, 0x3B, 0x0E, 0x6F, 0xD8, 0xBB, 0xC4, 0xB3, 0x32, 0x33, 0xB1, 0xBB, 0x49, 0x85,
    0x38, 0x91, 0xA2, 0xFF, 0x15, 0xD0, 0x44, 0x55, 0xD1, 0xEA, 0xB0, 0xAA, 0x46, 0x46, 0x23, 0xB4,
    0x67, 0x71, 0xE0, 0x8D, 0xB1, 0x30, 0x85, 0xD1, 0x14, 0x88, 0xFF, 0x98, 0x3A, 0x0C, 0xAB, 0x8F,
    0xD1, 0xDA, 0x16, 0x62, 0xB1, 0x0C, 0xCD, 0x0C, 0x8D, 0xEF, 0xAB, 0x5E, 0x08, 0x0D, 0xE6, 0xC5,
    0x2C, 0xC9, 0xD0, 0x25, 0x2B, 0x21, 0xD9, 0x79, 0x05, 0xCD, 0x31, 0xEC, 0xAF, 0x03, 0xD9, 0xDD,
    0x67, 0x1F, 0x3E, 0x4C, 0x85, 0xAF, 0x2C, 0xFC, 0xE1, 0xEE, 0xB1, 0xFD, 0xFE, 0xFE, 0xB1, 0x63,
    0xD1, 0x5C, 0xB8, 0x2B, 0xBE, 0x77, 0xF3, 0xAE, 0x71, 0x15, 0x7B, 0xF8, 0x7A, 0x38, 0x1D, 0x52,
    0x5F, 0xAE, 0xE3, 0x19, 0xEC, 0x5A, 0x81, 0xFE, 0xCF, 0x18, 0x1B, 0x83, 0xA6, 0xE1, 0xEA, 0xD7,
    0x82, 0xB2, 0xC8, 0x98, 0x2B, 0xB8, 0xEB, 0xD8, 0xD5, 0xDF, 0xEA, 0x83, 0x19, 0x8C, 0xAD, 0x19,
    0x76, 0xA9, 0x6F, 0xEE, 0x55, 0x52, 0x76, 0x2B, 0x89, 0x7A, 0x9D, 0x22, 0x0D, 0xFD, 0x2A, 0x55,
    0x99, 0x69, 0x3E, 0x26, 0xAD, 0x9F, 0x39, 0xD5, 0xE1, 0xE9, 0x08, 0xBD, 0xBF, 0xFA, 0x75, 0x52,
    0xA4, 0x87, 0x16, 0x3F, 0x27, 0x32, 0x5C, 0xF3, 0x95, 0x4A, 0xFF, 0x48, 0xDA, 0x33, 0xF9, 0x84,
    0xF2, 0x29, 0x0B, 0x1F, 0xAF, 0x6B, 0x61, 0xB5, 0x29, 0x57, 0xAC, 0x8D, 0x68, 0x8D, 0xA6, 0x10,
    0x90, 0xCB, 0x95, 0xE5, 0xA9, 0x40, 0x6B, 0x4A, 0xA0, 0x65, 0x74, 0xBA, 0x2F, 0x35, 0xC2, 0x97,
    0x62, 0x53, 0x3B, 0x1F, 0x5A, 0xE6, 0xA7, 0x55, 0x10, 0xB3, 0x09, 0xE0, 0x2E, 0x79, 0x95, 0x9B,
    0xB9, 0x98, 0xA6, 0x55, 0x77, 0xC9, 0x89, 0x03, 0xF1, 0x62, 0x35, 0x73, 0xB3, 0xF6, 0xE2, 0x63,
    0xC4, 0xF2, 0x43, 0xE6, 0x81, 0xCC, 0xB8, 0x18, 0xE3, 0xB0, 0x8A, 0x40, 0x84, 0xD3, 0x41, 0x72,
    0x1D, 0x19, 0x61, 0x62, 0x85, 0x42, 0x29, 0xA7, 0xF1, 0xCB, 0xD3, 0xE1, 0xC2, 0xD3, 0xA9, 0x44,
    0x12, 0x4B, 0xE5, 0x52, 0x7B, 0xE4, 0x48, 0x89, 0xEA, 0x64, 0xED, 0x35, 0x03, 0xE5, 0x37, 0xC2,
    0x8B, 0xEA, 0xDA, 0x93, 0x50, 0x39, 0xB2, 0x9A, 0xD3, 0x61, 0x97, 0xF1, 0x55, 0x51, 0xEB, 0xD5,
    0x62, 0x8B, 0x58, 0x2F, 0xAC, 0xBD, 0xFC, 0xA5, 0xC2, 0x2E, 0xEC, 0x95, 0x13, 0xD3, 0xE2, 0xF3,
    0xCB, 0x5B, 0xFD, 0x05, 0xC6, 0x58, 0xF3, 0x77, 0xE7, 0x2D, 0xA7, 0x70, 0x4E, 0x4B, 0x8B, 0xC1,
    0xD5, 0xE2, 0xE6, 0x88, 0x79, 0x71, 0xE3, 0xDA, 0x77, 0xFA, 0x7A, 0x3F, 0x18, 0xA4, 0xE9, 0x01,
    0xA3, 0xAD, 0x94, 0x07, 0x1A, 0x85, 0xF3, 0x83, 0xCC, 0x5D, 0x8D, 0x85, 0x91, 0x21, 0xAE, 0x28,
    0xFA, 0x5D, 0xB5, 0xEA, 0x84, 0xFE, 0x60, 0xB9, 0x37, 0x6C, 0x15, 0x8C, 0xD6, 0x56, 0xAB, 0x56,
    0xC1, 0x76, 0x11, 0x18, 0xD6, 0x16, 0xCD, 0x72, 0xDB, 0x63, 0x5E, 0x3D, 0xD7, 0xA0, 0xDC, 0x3B,
    0xD2, 0x7E, 0xA8, 0xE6, 0x6C, 0x7F, 0x43, 0xB2, 0x92, 0x6B, 0xCE, 0x39, 0x3A, 0xD5, 0xEA, 0x12,
    0x4E, 0x2E, 0x5E, 0x31, 0x95, 0xEA, 0xC5, 0x8C, 0x2E, 0xEF, 0x30, 0xD3, 0xC3, 0xD0, 0x36, 0x53,
    0x57, 0xCB, 0x9B, 0x55, 0x93, 0x45, 0x00, 0xB0, 0x10, 0xC0, 0x35, 0x24, 0x76, 0x4C, 0x6D, 0x62,
    0xD7, 0xD2, 0x95, 0x33, 0xB7, 0xFB, 0x98, 0x3A, 0x23, 0x19, 0xBB, 0xAF, 0x3A, 0x67, 0x51, 0xF5,
    0x85, 0x2A, 0x47, 0x77, 0xFB, 0xD8, 0x2B, 0xED, 0xB2, 0x3D, 0x5A, 0xCC, 0xA3, 0x31, 0x63, 0xCE,
    0xC6, 0xDF, 0x47, 0x1D, 0x61, 0x19, 0x84, 0x14, 0xB8, 0x2F, 0xA5, 0xD2, 0x08, 0x11, 0x7E, 0x27,
    0x50, 0x35, 0x23, 0x85, 0xE5, 0xFF, 0x3D, 0xCF, 0xE5, 0x9C, 0x3B, 0x47, 0x1F, 0xBD, 0x3F, 0xCD,
    0xC1, 0xBC, 0xE5, 0x12, 0x56, 0xCC, 0xF0, 0x24, 0x06, 0x40, 0xDB, 0xAC, 0xB3, 0x22, 0xC1, 0x02,
    0xE9, 0xC5, 0x85, 0x56, 0x11, 0x10, 0xFB, 0xE7, 0xC9, 0x1B, 0x10, 0x74, 0x38, 0x69, 0xF0, 0xE7,
    0x52, 0x32, 0x96, 0x3E, 0xE3, 0xEC, 0x3A, 0x3F, 0xA2, 0x1F, 0xD6, 0xDD, 0x15, 0xF3, 0xC2, 0xAB,
    0x6F, 0xA1, 0xFB, 0xC9, 0x74, 0x15, 0x03, 0x4B, 0x6F, 0x0C, 0x27, 0xDD, 0xB3, 0x93, 0x3E, 0x4B,
    0xAA, 0xFA, 0x80, 0x99, 0x8A, 0xA5, 0xD7, 0x2B, 0x84, 0x99, 0x54, 0xA9, 0x11, 0xAA, 0x22, 0x40,
    0x3C, 0x51, 0xF7, 0x44, 0x7A, 0x30, 0x9E, 0xA0, 0xC7, 0x3D, 0x45, 0x5D, 0x7F, 0x89, 0x1E, 0x47,
    0x49, 0x0E, 0x05, 0xDA, 0x14, 0xE7, 0x72, 0x3F, 0x4D, 0x47, 0xFA, 0x22, 0x21, 0x83, 0xDF, 0xDB,
    0x0C, 0x83, 0xFD, 0x1A, 0xED, 0x07, 0x5D, 0x36, 0x85, 0xDD, 0xA6, 0x9E, 0x59, 0x0C, 0x29, 0x93,
    0xC2, 0x3B, 0xB9, 0xE5, 0xA9, 0x8C, 0xC8, 0x0C, 0x9F, 0x69, 0x54, 0x2B, 0x8C, 0x9C, 0xEA, 0x1C,
    0x95, 0x11, 0xD1, 0x69, 0x87, 0x8D, 0x18, 0x0A, 0x7D, 0x9A, 0x42, 0x3F, 0x5B, 0x0B, 0x5D, 0xA1,
    0xD0, 0xB5, 0x5A, 0x28, 0x4F, 0xA1, 0x79, 0x72, 0x20, 0x94, 0xA4, 0xB6, 0x0A, 0xAB, 0xE6, 0x6F,
    0xE5, 0xD6, 0x27, 0x42, 0xE7, 0xF1, 0x11, 0x21, 0x05, 0xEE, 0x59, 0xC3, 0xBD, 0x7F, 0x2B, 0x95,
    0xA9, 0xC1, 0xC4, 0xCE, 0x5A, 0x0F, 0xD6, 0x7F, 0x73, 0xE2, 0x83, 0x57, 0xEC, 0x26, 0xAA, 0x27,
    0xB6, 0xAF, 0x98, 0x58, 0xE5, 0x54, 0x0E, 0xE3, 0xF3, 0x4F, 0x94, 0xB1, 0x5D, 0xB1, 0x93, 0x5C,
    0xED, 0x84, 0x7E, 0xDA, 0x12, 0x21, 0x77, 0x2F, 0x4E, 0x84, 0xDD, 0xBC, 0x45, 0x7C, 0x9A, 0x87,
    0xFE, 0x2A, 0x6D, 0xEF, 0x3C, 0x37, 0xF7, 0x34, 0x5D, 0x84, 0xE9, 0x9C, 0x49, 0xCD, 0x58, 0x14,
    0xE0, 0xD0, 0x90, 0x88, 0x38, 0x60, 0x46, 0x84, 0x26, 0xCF, 0xC8, 0xAB, 0x82, 0x73, 0x57, 0xFA,
    0x82, 0x85, 0xF6, 0x7A, 0xAA, 0xFF, 0x00, 0xC6, 0x86, 0x8C, 0x30, 0x1E, 0x80, 0x79, 0x30, 0xB4,
    0x08, 0x59, 0x5C, 0xC6, 0x30, 0x51, 0x30, 0x62, 0xE9, 0xF9, 0x18, 0x61, 0xDD, 0x29, 0x50, 0x3D,
    0x9F, 0xB3, 0x2A, 0x47, 0x17, 0xC0, 0x68, 0x0E, 0x5B, 0x32, 0xD2, 0xD9, 0x5A, 0xA8, 0xED, 0xA5,
    0x51, 0x5B, 0xDF, 0x9E, 0x0A, 0x96, 0x69, 0xEB, 0x9D, 0xAA, 0x4B, 0xDC, 0x2E, 0x8B, 0xA9, 0x07,
    0x25, 0xFF, 0xF5, 0x35, 0xE6, 0xBF, 0x59, 0x64, 0x14, 0xDB, 0x82, 0x10, 0x33, 0x2E, 0xA9, 0x05,
    0x94, 0x10, 0xB1, 0x10, 0xB9, 0x10, 0xC1, 0x4A, 0xB2, 0x12, 0xAD, 0xFA, 0x4D, 0x4A, 0xB8, 0x92,
    0xAE, 0xC4, 0x2B, 0xF9, 0xAA, 0x55, 0xC1, 0xBF, 0xEB, 0x42, 0x94, 0xC9, 0xED, 0xD1, 0xC7, 0x14,
    0x8B, 0xA1, 0x58, 0xF2, 0x64, 0x26, 0xD2, 0x0F, 0xE6, 0x82, 0x9F, 0x54, 0x72, 0x2A, 0x5D, 0x03,
    0x69, 0x1A, 0xD0, 0xB3, 0x97, 0xA9, 0xEE, 0xB2, 0x94, 0x24, 0x52, 0x84, 0xC5, 0xD2, 0x29, 0x57,
    0x54, 0x44, 0xDA, 0x94, 0x84, 0xE9, 0x43, 0x9C, 0x82, 0x1E, 0x47, 0x1A, 0x6D, 0xC5, 0xAE, 0x9C,
    0x51, 0x53, 0x98, 0x97, 0x27, 0xBD, 0xB8, 0x00, 0x73, 0xDC, 0x07, 0x92, 0xAD, 0x9E, 0x82, 0x29,
    0x66, 0xDE, 0x86, 0x2A, 0x7E, 0x80, 0x67, 0x53, 0x43, 0x4B, 0x7F, 0xD8, 0x3D, 0xB5, 0xAB, 0x94,
    0x33, 0xF4, 0xB4, 0x77, 0x73, 0x62, 0x61, 0x41, 0x20, 0x9F, 0x93, 0x1A, 0x80, 0x40, 0xF9, 0x96,
    0x09, 0x4B, 0x7A, 0x20, 0x9C, 0xFA, 0x59, 0x12, 0xD0, 0x18, 0xDA, 0x66, 0x26, 0x04, 0x09, 0x2D,
    0x8D, 0xFC, 0xCE, 0x7C, 0x81, 0x79, 0x22, 0x37, 0xE5, 0x92, 0x3A, 0x78, 0xF5, 0x3B, 0x20, 0xD9,
    0x24, 0x77, 0x0D, 0x5C, 0xD2, 0xF1, 0xA3, 0x19, 0xE5, 0x89, 0xF0, 0x15, 0x45, 0x00, 0x36, 0xA5,
    0x6F, 0xDC, 0xB2, 0x72, 0xAF, 0xD5, 0x0B, 0x82, 0x8E, 0xEF, 0x47, 0xBE, 0x9F, 0x04, 0xF7, 0xE4,
    0xAD, 0x6E, 0x6C, 0x51, 0x21, 0x8C, 0xCE, 0x37, 0xC3, 0x2E, 0xAA, 0x96, 0x58, 0xA2, 0xBC, 0x6C,
    0x0E, 0x66, 0x56, 0x73, 0x7D, 0xED, 0x7A, 0xEC, 0x42, 0x15, 0x7B, 0xA4, 0x90, 0x9C, 0xCA, 0x67,
    0xE5, 0xFA, 0x77, 0x0F, 0xDB, 0x69, 0x23, 0xBD, 0xB4, 0xED, 0x9D, 0x22, 0x79, 0xD2, 0x19, 0xF9,
    0xA5, 0x30, 0xD5, 0x71, 0x46, 0xBF, 0xEE, 0xF9, 0x0D, 0xEB, 0xC2, 0x7B, 0xAE, 0x13, 0xF6, 0x6D,
    0xA9, 0x0D, 0x4B, 0xF0, 0xA2, 0xEA, 0x3C, 0x29, 0x26, 0x52, 0x75, 0xBE, 0x6F, 0x84, 0x7E, 0x64,
    0x0E, 0x23, 0xA7, 0x5B, 0x43, 0xDE, 0x9E, 0x7D, 0x38, 0x46, 0x42, 0xCA, 0xA7, 0x9A, 0x56, 0xD8,
    0xB0, 0xA5, 0x96, 0x62, 0x91, 0xE0, 0xE6, 0xB8, 0xBA, 0xFB, 0x2D, 0xB1, 0x56, 0x65, 0x29, 0xC3,
    0xB4, 0xC1, 0xF5, 0x25, 0xF7, 0x1C, 0xE6, 0x0C, 0xD5, 0x63, 0x0D, 0x65, 0xD2, 0x7B, 0xA4, 0xE1,
    0xB7, 0xC7, 0x16, 0x93, 0x2E, 0xE8, 0x9A, 0xC6, 0xFD, 0x31, 0xDD, 0x4D, 0xFF, 0x2F, 0x95, 0xA8,
    0x17, 0xB8, 0xFB, 0x7D, 0xC2, 0xE9, 0xD6, 0x16, 0xD4, 0x9A, 0xA4, 0x48, 0xCD, 0x0C, 0xCE, 0xA2,
    0x35, 0xD3, 0x85, 0x1E, 0x80, 0xF1, 0x67, 0x30, 0x08, 0x35, 0x85, 0xB4, 0x45, 0x88, 0x91, 0xBF,
    0xFD, 0x0D, 0xE5, 0xE5, 0xE4, 0x1F, 0xBF, 0xA6, 0xA5, 0x37, 0x75, 0xBD, 0x96, 0xDE, 0x4F, 0x78,
    0x5A, 0x1B, 0x35, 0x59, 0x18, 0xD0, 0x5E, 0xC5, 0xA2, 0xF4, 0x74, 0x5E, 0xCB, 0x72, 0xFC, 0x22,
    0x15, 0x9F, 0xE4, 0x6C, 0x8F, 0x43, 0x63, 0xE6, 0xFD, 0x14, 0x1C, 0x63, 0x31, 0xD0, 0x8B, 0x1A,
    0xA7, 0x25, 0xF9, 0x8B, 0x79, 0x34, 0x8B, 0x3C, 0x9B, 0x9C, 0x79, 0x6C, 0x46, 0x96, 0x9B, 0xCA,
    0x6D, 0x12, 0x2D, 0x33, 0x52, 0xE9, 0xF8, 0x56, 0xD7, 0x1D, 0x2C, 0xEE, 0xC5, 0x51, 0x1E, 0xA1,
    0xFA, 0x84, 0xCB, 0x2F, 0x84, 0x8E, 0x78, 0x8C, 0xAC, 0x5B, 0x71, 0x2E, 0x4B, 0xD5, 0x37, 0xC4,
    0xEC, 0xCB, 0x07, 0xF4, 0xAC, 0xA1, 0xA7, 0x52, 0x7B, 0x51, 0x64, 0xC1, 0x37, 0xD1, 0x13, 0x45,
    0x9D, 0xEA, 0x19, 0x1B, 0x33, 0x23, 0x41, 0x77, 0x1F, 0x99, 0xF5, 0x30, 0x69, 0xA0, 0x2B, 0x25,
    0x24, 0xC0, 0x7A, 0xBA, 0x72, 0x24, 0xED, 0xAE, 0xC7, 0xDA, 0xF0, 0x6C, 0x2A, 0x83, 0x18, 0x86,
    0x5D, 0x45, 0xF2, 0xEA, 0x6A, 0x25, 0xF9, 0xFB, 0x68, 0xED, 0xDA, 0x55, 0x51, 0x74, 0x5A, 0xE9,
    0x71, 0xD0, 0x95, 0xA5, 0x08, 0x6F, 0x28, 0xE2, 0x40, 0x96, 0x5C, 0x48, 0x93, 0x73, 0xE9, 0xCB,
    0x6F, 0x8A, 0x08, 0xE3, 0x54, 0x68, 0x1C, 0x84, 0x31, 0xBC, 0xFC, 0x20, 0x79, 0xA0, 0x9A, 0xF6,
    0x54, 0xF8, 0xE2, 0x77, 0xC2, 0x47, 0x4E, 0xCB, 0xB4, 0x72, 0x52, 0x2E, 0x26, 0xAA, 0x25, 0x8F,
    0xF4, 0xF1, 0xC4, 0x78, 0x8E, 0xE4, 0xD6, 0xFB, 0x6B, 0xE4, 0xFE, 0x36, 0x9D, 0x0E, 0x7E, 0x73,
    0xD0, 0x03, 0xA5, 0xA0, 0xD1, 0x82, 0x98, 0x71, 0x00, 0xE6, 0x42, 0x66, 0xE5, 0x85, 0x13, 0x6E,
    0xAF, 0xFB, 0x0D, 0x0B, 0xAE, 0x92, 0xB9, 0xB7, 0x19, 0x7E, 0x4F, 0x10, 0x95, 0x0B, 0x2D, 0xFB,
    0xE3, 0x54, 0xCF, 0x7E, 0x14, 0x5B, 0x69, 0xF9, 0xCE, 0x26, 0xA6, 0x37, 0x17, 0x95, 0x5E, 0xD5,
    0x3B, 0xAC, 0xF0, 0x45, 0xFF, 0x25, 0xC3, 0xC7, 0x6A, 0x5D, 0x52, 0x62, 0x40, 0x27, 0x39, 0x5B,
    0x09, 0xF6, 0xE5, 0xC1, 0x23, 0x69, 0xAF, 0x5B, 0x66, 0xC2, 0xF3, 0x54, 0x2D, 0x4C, 0x7F, 0x6B,
    0xA9, 0xAE, 0x60, 0xDD, 0xEA, 0xFC, 0x03, 0x08, 0x77, 0x6B, 0x08, 0xBF, 0xA1, 0xAC, 0xA1, 0xFF,
    0xDF, 0x05, 0x22, 0xB8, 0xB6, 0xB9, 0xAD, 0x00, 0xAB, 0x8D, 0xDE, 0x1B, 0x1A, 0x5C, 0x66, 0x59,
    0x90, 0x05, 0x1E, 0x92, 0x2C, 0x50, 0xEC, 0x5C, 0x12, 0x8D, 0xEA, 0xF5, 0x1B, 0xB9, 0x09, 0xB2,
    0xD5, 0x38, 0x03, 0xFE, 0x42, 0x04, 0x7D, 0xF8, 0xF6, 0x3A, 0x78, 0xDB, 0x38, 0xC2, 0x13, 0x23,
    0xA1, 0x7C, 0xA5, 0x5A, 0x92, 0xF3, 0x69, 0x81, 0xF5, 0x82, 0xF6, 0xCD, 0x0C, 0x50, 0xD5, 0x46,
    0xE4, 0x7E, 0x42, 0xAF, 0x2A, 0xC9, 0x48, 0x48, 0x37, 0x53, 0xC5, 0xDD, 0x26, 0x9E, 0xC1, 0x55,
    0xE4, 0x84, 0x94, 0xF0, 0xAC, 0xC4, 0x7F, 0x5F, 0x35, 0x3A, 0xEB, 0x32, 0xBC, 0x23, 0x2E, 0xDF,
    0x5E, 0xC3, 0x2E, 0x86, 0x10, 0x7D, 0x99, 0xD9, 0x31, 0x0F, 0x91, 0x7B, 0x84, 0x2D, 0x21, 0x9C,
    0x8F, 0x78, 0x72, 0x23, 0x84, 0x47, 0x27, 0x34, 0x83, 0x49, 0x04, 0x8A, 0x06, 0xB5, 0xEC, 0x72,
    0x7D, 0x1E, 0xEE, 0x8C, 0x67, 0x71, 0xF6, 0x1A, 0x89, 0x84, 0xF0, 0x0A, 0xCE, 0x18, 0x44, 0x48,
    0xE6, 0xA8, 0x19, 0x2D, 0xA3, 0xAB, 0xE7, 0xC6, 0x57, 0x33, 0x42, 0xD3, 0x43, 0x46, 0xB6, 0x26,
    0x81, 0x78, 0x49, 0x20, 0x5B, 0x0E, 0x15, 0x3B, 0x8F, 0xFE, 0x9D, 0xFA, 0x4E, 0xDC, 0xB5, 0x37,
    0x7C, 0x5D, 0x06, 0x90, 0x46, 0xB5, 0x51, 0x88, 0xD3, 0x92, 0xF3, 0x4C, 0x2C, 0xE2, 0xD6, 0x98,
    0xC7, 0xC9, 0xDA, 0x64, 0x83, 0xFA, 0x82, 0xC4, 0xD2, 0x4D, 0x32, 0x8F, 0x2A, 0x10, 0x85, 0xDB,
    0xC0, 0xE2, 0x7A, 0x78, 0xF4, 0x10, 0xA8, 0x59, 0x0C, 0xAE, 0x0C, 0x54, 0x7D, 0xB9, 0x61, 0x42,
    0xE6, 0x9B, 0xB1, 0xDF, 0x0E, 0xA7, 0xD7, 0xC3, 0xF1, 0x83, 0x03, 0x56, 0x7F, 0x66, 0xC4, 0x01,
    0x62, 0x59, 0xD2, 0x5E, 0x10, 0x7A, 0xBB, 0x72, 0xFB, 0xEB, 0xAC, 0xC4, 0x80, 0xF7, 0x60, 0xCC,
    0x1B, 0xFF, 0x09, 0xD3, 0x37, 0x3D, 0x58, 0xFB, 0xE5, 0xD2, 0x97, 0xD7, 0xF4, 0x61, 0x37, 0x69,
    0x99, 0x6E, 0x73, 0x2E, 0x41, 0xB3, 0x91, 0x25, 0xCC, 0x16, 0xC8, 0xED, 0x7D, 0x27, 0x5C, 0xE3,
    0x46, 0x34, 0x55, 0x43, 0x13, 0x9C, 0x57, 0x14, 0x4E, 0xBA, 0x83, 0xC3, 0xF6, 0x60, 0xEA, 0xD0,
    0xB3, 0xDB, 0xA1, 0x9D, 0xDE, 0x87, 0x46, 0xF6, 0x2F, 0x68, 0x66, 0x6F, 0xC2, 0xFB, 0x87, 0xBF,
    0xC6, 0xFE, 0x7F, 0x6C, 0xC0, 0x3F, 0xD9, 0x44, 0xE7, 0xC4, 0x24, 0xE6, 0x3A, 0xA3, 0x66, 0x11,
    0x60, 0x87, 0xEE, 0xAA, 0x11, 0x06, 0x8C, 0x4F, 0x13, 0xE0, 0x06, 0x9D, 0x2D, 0x1A, 0x95, 0xC6,
    0x21, 0xDC, 0x8E, 0xDC, 0x66, 0x93, 0xEB, 0x6C, 0x12, 0x39, 0x85, 0x9C, 0x4A, 0x55, 0x08, 0xEF,
    0xBF, 0x42, 0x1A, 0x23, 0x37, 0xC8, 0x5C, 0xEA, 0xAF, 0x01, 0x21, 0xFE, 0x41, 0x1D, 0x6F, 0xE9,
    0xF3, 0xF4, 0xCB, 0xF1, 0xAA, 0x48, 0xD1, 0x31, 0x9F, 0x10, 0x7C, 0x54, 0xD7, 0x02, 0x54, 0x6F,
    0xBE, 0x6A, 0x5B, 0x1E, 0x8F, 0x9D, 0xAA, 0x81, 0xA1, 0x9F, 0xA2, 0x8C, 0x53, 0xB7, 0x27, 0x73,
    0x2E, 0x43, 0x92, 0x0D, 0x6A, 0x94, 0x37, 0x12, 0x28, 0x97, 0x7F, 0x04, 0x16, 0x28, 0x47, 0xB2,
    0x2E, 0xED, 0x75, 0x89, 0x75, 0xAF, 0xF1, 0x2B, 0x4B, 0xD0, 0xB2, 0x25, 0x1E, 0x1F, 0x38, 0xE4,
    0x8D, 0x67, 0x69, 0x0D, 0x28, 0x2F, 0x43, 0xF9, 0x1D, 0xB5, 0x24, 0x5C, 0x5B, 0x6E, 0xB4, 0x31,
    0x9B, 0xDB, 0x94, 0x0A, 0x57, 0xA8, 0x6F, 0x3E, 0xB6, 0x66, 0x3D, 0xB9, 0xE1, 0x39, 0x7A, 0xE1,
    0x4D, 0x92, 0xA2, 0x07, 0x7A, 0x99, 0xFB, 0xC6, 0x4F, 0xE1, 0xD3, 0x3D, 0x7C, 0x86, 0xB6, 0x99,
    0xC7, 0xFA, 0xC7, 0xDA, 0x6F, 0xD4, 0x8D, 0xC5, 0xDD, 0x77, 0x80, 0x07, 0xDF, 0x56, 0xFF, 0xB9,
    0x3A, 0xDF, 0x1C, 0xB9, 0x39, 0x57, 0x85, 0x24, 0xCA, 0xE9, 0x96, 0x15, 0xCC, 0xE5, 0xF5, 0xFD,
    0x80, 0x2B, 0x1A, 0x82, 0x9B, 0x75, 0x43, 0x50, 0x38, 0xD9, 0x47, 0x06, 0x0D, 0xC1, 0xE3, 0xB1,
    0xB1, 0xDE, 0xD7, 0xE4, 0x77, 0xAD, 0x2A, 0xC6, 0x62, 0xFC, 0xA8, 0x5E, 0x6E, 0xB6, 0x17, 0x99,
    0x8A, 0x04, 0x3E, 0x73, 0x43, 0xAD, 0x98, 0x3D, 0x92, 0x3A, 0x9B, 0x83, 0xCB, 0x16, 0x97, 0x31,
    0xA6, 0xD8, 0x30, 0xD7, 0xC1, 0x14, 0xAF, 0x7D, 0x5A, 0xAE, 0x7B, 0x26, 0x2E, 0xE6, 0x57, 0x30,
    0x5D, 0x2D, 0xFB, 0x43, 0xFB, 0xA5, 0x6A, 0xBA, 0xD3, 0x99, 0xCF, 0x85, 0xDA, 0xF9, 0xF0, 0x66,
    0x45, 0xC8, 0xE9, 0xD5, 0x1F, 0xBF, 0xC1, 0x10, 0x71, 0x4C, 0x42, 0xCE, 0x8B, 0x75, 0xDC, 0xB9,
    0xAD, 0xE8, 0xC0, 0xFD, 0x7B, 0xA2, 0x82, 0x1D, 0x5D, 0x40, 0xA4, 0x55, 0x57, 0x46, 0xAD, 0x1D,
    0x42, 0x7B, 0x03, 0x63, 0xAD, 0xBA, 0x8C, 0xC1, 0xAC, 0x8D, 0xB9, 0x71, 0x55, 0xCC, 0x58, 0x9C,
    0x47, 0x75, 0x51, 0x44, 0x5F, 0x5E, 0x32, 0x69, 0x8E, 0x9C, 0x87, 0xBE, 0xE8, 0xC9, 0xC4, 0xFA,
    0xDB, 0xD0, 0x57, 0x55, 0xC6, 0x61, 0x54, 0x9D, 0xCD, 0xF8, 0xED, 0xE3, 0x43, 0x6E, 0x40, 0x6E,
    0xDE, 0x57, 0xD7, 0x4C, 0x53, 0x39, 0x88, 0x40, 0xDD, 0x20, 0xDA, 0x94, 0x12, 0x36, 0xAA, 0xCE,
    0x83, 0x2A, 0xF7, 0xEF, 0x76, 0x84, 0x7E, 0x0A, 0xE0, 0x8A, 0x69, 0x8C, 0x1F, 0xBE, 0xF5, 0xAB,
    0x8C, 0x65, 0xA8, 0x3D, 0x78, 0xCD, 0xE2, 0x14, 0xEA, 0xE2, 0xD4, 0x0B, 0x58, 0xF8, 0xAB, 0x0A,
    0xA5, 0xE4, 0xE6, 0x71, 0xE3, 0xB6, 0x2E, 0x4E, 0x6E, 0x99, 0xCE, 0xCD, 0x08, 0xA4, 0x75, 0x4A,
    0x13, 0x40, 0xBD, 0x46, 0x5A, 0x1B, 0xF6, 0x48, 0x6B, 0x43, 0xEE, 0xB6, 0xF6, 0x54, 0x5B, 0xE3,
    0xD7, 0xB4, 0x36, 0xFE, 0x3E, 0xC5, 0x5B, 0x23, 0x4D, 0xF7, 0x41, 0x8F, 0x63, 0xF4, 0x1E, 0xD3,
    0xB0, 0xC7, 0xF1, 0xFF, 0xDD, 0x43, 0xC1, 0xFE, 0x8F, 0xD3, 0x40, 0xE7, 0x70, 0xDB, 0xB2, 0xB8,
    0xA9, 0xAD, 0x9B, 0x04, 0x37, 0x12, 0xBA, 0x54, 0x6B, 0x60, 0x47, 0x37, 0xD5, 0x8C, 0x5D, 0x30,
    0xED, 0x9B, 0xBE, 0x5A, 0xD1, 0xE5, 0x9C, 0x1F, 0x3E, 0x74, 0x7B, 0x17, 0x2A, 0x39, 0x07, 0xA7,
    0x90, 0x1A, 0x21, 0x93, 0x10, 0x1A, 0x47, 0xC4, 0x2C, 0x5B, 0x7B, 0x35, 0x05, 0x31, 0x9C, 0x43,
    0xBF, 0x0F, 0xC9, 0x96, 0x56, 0xEA, 0x85, 0x4A, 0x9F, 0x1B, 0xAA, 0xCF, 0xBD, 0x7F, 0x6E, 0xA8,
    0xD1, 0xDB, 0x92, 0xCE, 0x79, 0x06, 0x07, 0xB3, 0xB3, 0x05, 0x68, 0x9F, 0xA2, 0x73, 0x7C, 0x86,
    0x10, 0x46, 0x1C, 0xD9, 0x7D, 0x9B, 0x2A, 0xB8, 0x62, 0xAE, 0x7A, 0x31, 0x90, 0xCB, 0x37, 0x5C,
    0x0E, 0xDF, 0x94, 0xCD, 0x05, 0xC9, 0x8A, 0xD4, 0x5C, 0x5C, 0x13, 0xEA, 0x92, 0x81, 0xA2, 0x6F,
    0x59, 0x95, 0x0D, 0x48, 0xF1, 0x4F, 0xDD, 0x01, 0xE8, 0x1C, 0x83, 0x00, 0xE1, 0x0E, 0x2E, 0x7D,
    0x0A, 0xB6, 0x1D, 0xAC, 0x57, 0x73, 0x83, 0xCB, 0x46, 0x57, 0x47, 0xBA, 0xAB, 0x0A, 0xBF, 0x4C,
    0x7C, 0xBB, 0x75, 0x2F, 0x53, 0x7E, 0x3E, 0x70, 0x55, 0xC1, 0x76, 0xB4, 0xF6, 0xCB, 0x2C, 0xF3,
    0xE4, 0xC8, 0xF4, 0xD2, 0x4E, 0x13, 0xB8, 0xD0, 0x2B, 0xC8, 0xB8, 0xD5, 0x8B, 0x9C, 0x68, 0x34,
    0xAB, 0x2B, 0xD9, 0xB7, 0x72, 0xF3, 0xE8, 0x26, 0xEA, 0xD0, 0x33, 0x23, 0x5B, 0x3C, 0x53, 0xAB,
    0x1D, 0x72, 0x51, 0x68, 0xA0, 0xD6, 0xE9, 0x9F, 0xA0, 0xFD, 0xCC, 0x40, 0x07, 0x9C, 0x61, 0x30,
    0x1B, 0x47, 0xED, 0xBF, 0x95, 0xBA, 0xC1, 0xDB, 0xC4, 0x82, 0xB5, 0x9A, 0x4B, 0xD2, 0x8D, 0x85,
    0x0C, 0xEB, 0x8A, 0x48, 0x1A, 0x61, 0xA1, 0x9F, 0xCB, 0x34, 0x3E, 0xBC, 0xA9, 0xA2, 0xD8, 0x06,
    0xF4, 0x9F, 0x49, 0x9F, 0xD3, 0xB5, 0xC2, 0x79, 0x63, 0xC0, 0x0C, 0xEF, 0x8C, 0xB1, 0xEB, 0xBA,
    0x42, 0xA5, 0xDE, 0x35, 0xB1, 0x4A, 0x02, 0xB5, 0x7E, 0xED, 0xFB, 0xC7, 0x57, 0x08, 0x71, 0xCA,
    0x6C, 0xFC, 0x72, 0x68, 0xD4, 0x42, 0x30, 0x6F, 0xC4, 0xFF, 0x07, 0xAD, 0x98, 0xBD, 0x6F, 0x23,
    0x45, 0x18, 0xC6, 0x9F, 0xD9, 0x8D, 0xED, 0x84, 0xBD, 0x78, 0x5D, 0x44, 0x70, 0x90, 0xF8, 0x92,
    0x22, 0xC5, 0x45, 0xE7, 0xC4, 0x87, 0xE4, 0xC2, 0x85, 0x93, 0x8C, 0x28, 0xA0, 0x02, 0xA5, 0x40,
    0xA2, 0xA0, 0xB8, 0x14, 0x14, 0xD7, 0x71, 0x85, 0xC5, 0x51, 0x20, 0x65, 0x15, 0x24, 0xA8, 0x40,
    0xFE, 0x03, 0x10, 0x0A, 0x02, 0x09, 0x91, 0x93, 0x38, 0x23, 0x45, 0xE2, 0x0A, 0xA4, 0x1B, 0x1A,
    0x1A, 0x1A, 0x0B, 0x3A, 0x22, 0x71, 0x2B, 0x1D, 0x7F, 0xC0, 0x16, 0x46, 0x0A, 0x28, 0x17, 0xF3,
    0xBC, 0xB3, 0x8B, 0x9D, 0xD3, 0x49, 0xB0, 0xE3, 0xB5, 0x13, 0xE7, 0x63, 0xBD, 0x33, 0xCF, 0x6F,
    0xDE, 0xAF, 0x79, 0x67, 0x81, 0x7D, 0xA8, 0x04, 0xFE, 0x10, 0x95, 0x2E, 0xC2, 0x36, 0xEA, 0x6D,
    0xB4, 0x3B, 0xE8, 0x37, 0xF0, 0xF7, 0x0F, 0xDE, 0xE8, 0xDC, 0x8F, 0xEA, 0x01, 0x16, 0xAF, 0xA1,
    0xDA, 0x41, 0x15, 0x7C, 0xAD, 0x03, 0x6D, 0xA0, 0x06, 0x2C, 0xC1, 0x1B, 0xB5, 0x2A, 0x87, 0x49,
    0x88, 0x64, 0x13, 0x71, 0x07, 0x83, 0xB6, 0x67, 0xDA, 0xBE, 0x69, 0x07, 0x66, 0xFB, 0xDD, 0x28,
    0x7C, 0xAC, 0x79, 0xAF, 0x17, 0xC1, 0x8F, 0x60, 0x5F, 0xB7, 0x81, 0x65, 0xC8, 0x0C, 0x5D, 0x3B,
    0x38, 0xB7, 0xE2, 0x73, 0x40, 0xD9, 0x40, 0x19, 0x84, 0xC0, 0x95, 0x5C, 0xA2, 0xB0, 0x80, 0xEB,
    0x31, 0xF0, 0x04, 0xF0, 0x5F, 0x4D, 0xAF, 0x50, 0x50, 0x14, 0x45, 0x52, 0x34, 0x45, 0x54, 0x54,
    0x45, 0x56, 0x74, 0x29, 0xCC, 0x89, 0xCF, 0x49, 0x5B, 0x07, 0xB5, 0x41, 0x71, 0xA4, 0xEB, 0x55,
    0x7C, 0x2F, 0x02, 0xAB, 0xEF, 0x00, 0xEF, 0x19, 0x40, 0x6B, 0x61, 0x10, 0x08, 0x90, 0x82, 0x50,
    0x09, 0xC8, 0xC1, 0x7B, 0x07, 0x20, 0x09, 0x88, 0x02, 0xB2, 0x80, 0x30, 0x18, 0xD3, 0xD0, 0x62,
    0xB8, 0xC2, 0x1F, 0xEA, 0xBC, 0x30, 0x4F, 0x89, 0x23, 0x38, 0xF0, 0x96, 0x16, 0x18, 0xB2, 0xE4,
    0x33, 0xC7, 0x11, 0xDF, 0x37, 0xC9, 0x31, 0x00, 0xCE, 0x67, 0x60, 0x12, 0xAE, 0xBF, 0x2E, 0xDF,
    0xAB, 0x7B, 0x4E, 0x14, 0x54, 0xFB, 0xCB, 0xC0, 0x0F, 0x74, 0x6A, 0x91, 0x19, 0x90, 0x6C, 0x5C,
    0xC5, 0xD7, 0x09, 0x38, 0xDF, 0xAA, 0x93, 0x3D, 0xFE, 0x55, 0xFF, 0x14, 0x28, 0xA9, 0x02, 0x76,
    0xC8, 0xA6, 0xE2, 0xAD, 0x12, 0xD1, 0x28, 0x03, 0x4D, 0x8D, 0xEF, 0xF2, 0x72, 0x5C, 0xCA, 0x0D,
    0x81, 0xE0, 0x84, 0x8A, 0x86, 0xF5, 0x5F, 0xE3, 0xEF, 0x27, 0x05, 0x1D, 0xC4, 0x61, 0x03, 0x89,
    0x93, 0xDE, 0x11, 0x0E, 0x8C, 0xC4, 0x4C, 0x2E, 0xB3, 0xE8, 0x34, 0x52, 0xD4, 0xDA, 0xCC, 0x28,
    0xF8, 0xE9, 0x82, 0x2B, 0x45, 0x36, 0x4E, 0x72, 0x4E, 0xB5, 0x66, 0x43, 0x42, 0xC7, 0xA8, 0x08,
    0x95, 0x29, 0x48, 0x3C, 0x09, 0xD8, 0x65, 0x6D, 0x1D, 0x34, 0x0B, 0x92, 0x8D, 0x25, 0xDC, 0x4B,
    0x24, 0x3E, 0x9C, 0x49, 0x7C, 0x5F, 0xC3, 0xBB, 0xE0, 0x1F, 0x6F, 0xCE, 0x2E, 0x60, 0xC5, 0xDF,
    0x0E, 0x1C, 0x93, 0x80, 0x3D, 0xFE, 0xCA, 0x1B, 0x0D, 0x59, 0xE9, 0xF8, 0x2F, 0xB1, 0x2A, 0x1A,
    0xC1, 0x28, 0x0A, 0x8F, 0x75, 0xD5, 0xD6, 0x85, 0x15, 0xEB, 0xBF, 0x9D, 0x6F, 0xB0, 0x3B, 0x42,
    0x36, 0xCA, 0xD8, 0x51, 0x22, 0xA1, 0x83, 0x0F, 0x4D, 0xD5, 0x37, 0x8D, 0x40, 0xEF, 0x5E, 0x60,
    0xA7, 0x27, 0x28, 0x84, 0xDE, 0x7A, 0x1E, 0x81, 0xB5, 0xAC, 0xA7, 0x65, 0x4E, 0xB1, 0x76, 0x99,
    0xBF, 0x62, 0x09, 0x63, 0x96, 0x8B, 0x92, 0x8B, 0xE2, 0x8B, 0xC0, 0x0B, 0x16, 0xF4, 0x9A, 0x2D,
    0x54, 0x39, 0x44, 0xB1, 0xB3, 0x82, 0x7B, 0x43, 0xE8, 0x3D, 0x07, 0x95, 0xB3, 0x7D, 0xEF, 0xFE,
    0x40, 0x29, 0x9D, 0x6B, 0x7E, 0x99, 0xAC, 0xFC, 0x06, 0xFD, 0x44, 0x3B, 0x74, 0x8F, 0x90, 0x99,
    0x90, 0x03, 0x87, 0xD6, 0x34, 0x62, 0x54, 0xDE, 0x21, 0x7A, 0x22, 0x08, 0x2A, 0x5A, 0x6F, 0x51,
    0x53, 0x44, 0x6D, 0x36, 0x50, 0x36, 0xB3, 0x67, 0x49, 0x2E, 0xEC, 0xEE, 0xE3, 0xB1, 0x56, 0xD0,
    0x39, 0x6D, 0xAA, 0x7E, 0xD2, 0x58, 0x35, 0x99, 0x76, 0xEE, 0x45, 0xCE, 0x41, 0x36, 0x5F, 0x6F,
    0x17, 0xF9, 0xB5, 0xAC, 0xF9, 0xA5, 0xF2, 0x94, 0x5F, 0x9F, 0xD1, 0x72, 0x6B, 0xF6, 0xE2, 0x75,
    0xEC, 0xD6, 0x5C, 0x28, 0x58, 0x89, 0x3F, 0xC3, 0xCB, 0x27, 0x28, 0x6B, 0xA1, 0x70, 0x5C, 0x37,
    0x6E, 0xAF, 0xE1, 0x34, 0x96, 0x21, 0x4E, 0x4B, 0xF7, 0xAC, 0x56, 0x3B, 0xC6, 0x5E, 0x6D, 0xCA,
    0x04, 0x59, 0x48, 0x15, 0x23, 0xA5, 0xB5, 0x5B, 0xB2, 0xBC, 0x64, 0x63, 0x9E, 0x32, 0x9B, 0x12,
    0xF0, 0xEA, 0x18, 0xEA, 0xC2, 0xF6, 0x59, 0x7D, 0xB0, 0x3D, 0x81, 0x4D, 0x23, 0x36, 0x50, 0x6C,
    0x4F, 0x52, 0x24, 0xE1, 0xD1, 0x38, 0xE0, 0xC5, 0x9E, 0xEA, 0xE3, 0x8E, 0x37, 0xF0, 0x38, 0x47,
    0x85, 0xB5, 0x22, 0xA4, 0x23, 0xEA, 0x84, 0x6B, 0x50, 0xAA, 0xCD, 0x09, 0xF2, 0xCF, 0x94, 0xD2,
    0x73, 0x71, 0x0C, 0x1A, 0xDE, 0x9C, 0xD8, 0x3D, 0xC8, 0x78, 0xC6, 0x37, 0x7E, 0x54, 0xD1, 0x01,
    0xE7, 0xAE, 0xDA, 0xB9, 0xC5, 0x95, 0x1D, 0xF9, 0xF0, 0x46, 0x0F, 0x6A, 0x74, 0x86, 0x20, 0xDA,
    0xE4, 0xF5, 0x90, 0xD7, 0x42, 0x2A, 0x06, 0x94, 0x0A, 0x70, 0xC2, 0xBF, 0xFB, 0xF6, 0x5D, 0xE7,
    0xFF, 0x1D, 0x7E, 0x9D, 0xA0, 0xF9, 0x56, 0x8C, 0xCA, 0x28, 0xAB, 0x86, 0x3D, 0x48, 0x6D, 0x48,
    0x37, 0xAC, 0xD4, 0x4E, 0x87, 0x83, 0x2A, 0xE2, 0x06, 0x92, 0x0E, 0xE2, 0x36, 0xBF, 0xD5, 0xA0,
    0xE3, 0x9B, 0xAD, 0x5B, 0x08, 0xCE, 0x2D, 0xC7, 0xD8, 0xC0, 0x9E, 0x8C, 0xE4, 0x6A, 0x70, 0x27,
    0x0D, 0x43, 0xAF, 0x20, 0x08, 0x97, 0x5C, 0xB1, 0xD6, 0xA0, 0x63, 0xE7, 0x73, 0xB1, 0x88, 0x55,
    0xA0, 0x3E, 0x66, 0xE4, 0xFF, 0x41, 0x53, 0xB4, 0xD2, 0x4B, 0x45, 0x10, 0xD2, 0x7A, 0xD0, 0x5C,
    0xC3, 0x97, 0x7A, 0x12, 0x36, 0xFF, 0x8D, 0x20, 0xB6, 0xF8, 0x82, 0xAB, 0x5F, 0x8E, 0x67, 0x82,
    0x30, 0x27, 0xB1, 0x03, 0xD5, 0x84, 0x03, 0x82, 0x14, 0x16, 0xF1, 0x8B, 0xFA, 0x88, 0x96, 0x88,
    0x67, 0x64, 0x89, 0xB4, 0x54, 0xAC, 0xA0, 0x59, 0x73, 0x21, 0xE1, 0x2B, 0xFC, 0x8D, 0xFB, 0xE2,
    0x07, 0x16, 0x68, 0x66, 0x34, 0xD7, 0xD7, 0x71, 0x9A, 0x48, 0x88, 0x3A, 0xD9, 0x45, 0x08, 0x2A,
    0x24, 0xA8, 0x33, 0x40, 0x6B, 0x4B, 0xB3, 0xCB, 0x92, 0x67, 0x2B, 0x4B, 0xCE, 0x8C, 0x01, 0x8F,
    0x3D, 0x4C, 0x7B, 0x9B, 0x2D, 0x8A, 0x43, 0x6F, 0xF4, 0xDE, 0x27, 0x50, 0x3F, 0x88, 0x9A, 0xC6,
    0x19, 0x48, 0x16, 0x27, 0xF3, 0xD8, 0x23, 0x04, 0x8B, 0xD7, 0x52, 0xA0, 0xBD, 0xD1, 0xE7, 0x08,
    0x0E, 0x87, 0xBC, 0x14, 0x33, 0x8A, 0x13, 0x8E, 0x89, 0x39, 0x1F, 0xDF, 0xAC, 0x33, 0x04, 0x02,
    0x89, 0x26, 0x8E, 0x9A, 0x4F, 0xBB, 0x64, 0x89, 0x36, 0x28, 0x5D, 0x8C, 0x65, 0x3F, 0x6B, 0x83,
    0x64, 0xC3, 0x99, 0x9B, 0x82, 0xE5, 0xD9, 0x4A, 0x52, 0x8C, 0x67, 0x01, 0xB6, 0x94, 0x48, 0x2D,
    0xB1, 0x6B, 0x9C, 0x9F, 0x82, 0x69, 0x8B, 0xC7, 0xE3, 0xBB, 0x67, 0x74, 0xF8, 0x5E, 0x31, 0x96,
    0x07, 0x37, 0xA1, 0x1E, 0xB1, 0xCE, 0xAB, 0x57, 0xDC, 0x19, 0x50, 0xCC, 0x0E, 0x12, 0x22, 0x9E,
    0x19, 0x77, 0xDF, 0xCE, 0xFA, 0x5E, 0x16, 0x62, 0xB0, 0xC7, 0xB1, 0x72, 0xB6, 0xA5, 0xA5, 0x5B,
    0x4F, 0x9D, 0xCE, 0x96, 0xAD, 0x4D, 0x54, 0x65, 0x7B, 0x6B, 0x91, 0xA0, 0x4B, 0x92, 0x3B, 0x9C,
    0xB3, 0xCB, 0xB9, 0x76, 0xDE, 0x36, 0x08, 0x2F, 0x2E, 0x85, 0xAA, 0x99, 0x9C, 0x47, 0x98, 0x1E,
    0xB6, 0x1D, 0x6E, 0xF9, 0x51, 0xD7, 0xD7, 0xFD, 0x00, 0xD2, 0x27, 0x37, 0xF1, 0xE7, 0xB7, 0x38,
    0xF8, 0x24, 0x73, 0x5F, 0x35, 0xDD, 0xFB, 0xCA, 0x51, 0x96, 0x76, 0x71, 0xDA, 0xE1, 0x94, 0x8A,
    0x81, 0x70, 0xBB, 0x94, 0xC7, 0x26, 0x0C, 0xF9, 0x6D, 0x7B, 0x84, 0xCF, 0xC1, 0x92, 0x06, 0xF7,
    0x38, 0x67, 0xE7, 0x28, 0xDF, 0xA0, 0x7C, 0x9B, 0xBE, 0x88, 0xAB, 0xEC, 0x8A, 0x9D, 0xE4, 0xE9,
    0x02, 0x79, 0xF0, 0x62, 0x9B, 0xB2, 0x5A, 0x6A, 0xDD, 0x86, 0x7A, 0x84, 0x8E, 0x77, 0x66, 0x1F,
    0x75, 0x90, 0x01, 0x84, 0x00, 0x29, 0x04, 0x43, 0x38, 0x04, 0x64, 0x4C, 0x82, 0xAB, 0x4F, 0xE5,
    0x6C, 0x31, 0x96, 0x9E, 0x6D, 0x2D, 0x80, 0x96, 0xCD, 0x59, 0x77, 0x16, 0xEB, 0x9A, 0xE4, 0xB2,
    0x6B, 0x8A, 0xF1, 0x6C, 0xC0, 0xFA, 0xC6, 0xAE, 0x6D, 0x5B, 0x9E, 0xB0, 0x4C, 0xC1, 0x24, 0x39,
    0xFB, 0xFD, 0x50, 0x72, 0xB6, 0x10, 0x8B, 0x8A, 0x79, 0xDE, 0xE7, 0x41, 0x4E, 0x95, 0xA6, 0x60,
    0x40, 0x31, 0x3B, 0x3C, 0x9D, 0x2B, 0xEE, 0xFA, 0xD2, 0x0A, 0x84, 0x98, 0xF8, 0xB8, 0x6F, 0x2B,
    0xF3, 0x1C, 0x4F, 0xAA, 0xFB, 0x4C, 0xF3, 0x86, 0x6F, 0x56, 0x02, 0xBD, 0x58, 0x95, 0x87, 0x81,
    0x41, 0x57, 0x36, 0xC7, 0x49, 0xE7, 0x69, 0xC7, 0x55, 0xD3, 0x28, 0xAB, 0xA6, 0x5D, 0x88, 0x3D,
    0x6D, 0x45, 0x75, 0xDF, 0x30, 0x47, 0xBA, 0x9E, 0x49, 0xD4, 0x8F, 0x06, 0xBF, 0x46, 0x38, 0x05,
    0x7E, 0xB7, 0xCF, 0x7C, 0x1E, 0x48, 0x1F, 0x2B, 0x0F, 0x47, 0x0C, 0x1E, 0xDA, 0xCD, 0xCD, 0x41,
    0xC5, 0xEA, 0x34, 0xC6, 0x07, 0xF2, 0xFF, 0x55, 0xF9, 0x05, 0xFE, 0xCF, 0xFA, 0xA1, 0xB2, 0x5B,
    0x68, 0x9A, 0xC6, 0x81, 0x5D, 0xDA, 0x9A, 0x8B, 0xA8, 0x9C, 0xDE, 0x62, 0x79, 0x2E, 0xC3, 0x0F,
    0xCA, 0xCE, 0xAB, 0x53, 0xC3, 0x9E, 0x7F, 0xDF, 0x28, 0xE5, 0xA2, 0xC8, 0x90, 0xE4, 0x2E, 0xC2,
    0xD3, 0xB0, 0xA3, 0xD6, 0x3F, 0x95, 0x55, 0x4D, 0x88, 0x23, 0x45, 0x14, 0xFE, 0x2A, 0x9D, 0xA4,
    0x77, 0xA7, 0x93, 0x74, 0x1F, 0xF6, 0x67, 0x70, 0xF3, 0xB7, 0x30, 0x0B, 0x61, 0xCC, 0xEC, 0x04,
    0xE9, 0x43, 0x33, 0xF4, 0x9A, 0x9A, 0x9D, 0x83, 0x78, 0x91, 0x1C, 0x76, 0x4E, 0x5E, 0x72, 0x50,
    0xD4, 0x01, 0xA1, 0x47, 0x73, 0xC8, 0x61, 0x25, 0x25, 0x82, 0x5E, 0x3C, 0xC4, 0x93, 0x17, 0x91,
    0x20, 0x1E, 0x34, 0xAB, 0xD0, 0x83, 0x73, 0x88, 0xB8, 0xBA, 0xB5, 0x9B, 0x83, 0x27, 0xA1, 0x61,
    0xC1, 0x05, 0x51, 0x09, 0x2B, 0x28, 0xEE, 0x5E, 0x1A, 0x19, 0xC1, 0x9F, 0xDD, 0x69, 0x5F, 0x55,
    0x32, 0xCE, 0xAC, 0xEE, 0x8C, 0x58, 0x55, 0xDD, 0xA9, 0xBC, 0x7E, 0xEF, 0x7B, 0x55, 0xEF, 0x7D,
    0xAF, 0x0A, 0xC8, 0xE2, 0xB4, 0x78, 0x8E, 0xAF, 0xA3, 0xF5, 0xD0, 0xAE, 0xDA, 0x71, 0x2C, 0xF1,
    0x52, 0x3F, 0xD3, 0x3A, 0x4C, 0xA5, 0x29, 0x37, 0x84, 0x7A, 0xD6, 0xD7, 0xF9, 0xB5, 0x44, 0x34,
    0x13, 0xBE, 0x31, 0x44, 0x33, 0x49, 0x92, 0x68, 0x63, 0x38, 0x1C, 0x8A, 0xFD, 0x99, 0xE3, 0x34,
    0xDC, 0xFF, 0xEE, 0xD5, 0xEA, 0xE2, 0x10, 0x34, 0xA8, 0x25, 0x89, 0x7A, 0x67, 0xF2, 0x75, 0x2F,
    0xC4, 0xF1, 0xB2, 0xEF, 0x86, 0x40, 0x99, 0xE6, 0xBC, 0x1D, 0x87, 0x41, 0x80, 0xCC, 0xB1, 0x7C,
    0xBD, 0xEE, 0x79, 0x61, 0x38, 0xA1, 0x25, 0xCE, 0x97, 0x7D, 0xBF, 0xE3, 0x86, 0x61, 0xA4, 0x2C,
    0xCA, 0xBE, 0x96, 0x47, 0x9C, 0xBF, 0x25, 0x7E, 0x91, 0x5B, 0x32, 0x94, 0x01, 0xC9, 0x19, 0x4F,
    0x49, 0x43, 0x18, 0xFC, 0xCA, 0x47, 0x57, 0x3E, 0xC8, 0x62, 0x0E, 0x79, 0xE4, 0x50, 0x84, 0x0F,
    0x0F, 0x5D, 0x6C, 0x03, 0x69, 0xA0, 0xAE, 0x87, 0x0B, 0x3B, 0x91, 0x99, 0x4D, 0x0E, 0x72, 0x17,
    0x03, 0x84, 0x2E, 0xB1, 0x72, 0x07, 0x8F, 0xFE, 0x8C, 0x94, 0x80, 0xC1, 0x61, 0x72, 0x72, 0xB1,
    0x4C, 0x3B, 0xA6, 0x2E, 0x32, 0xA8, 0xE2, 0x02, 0x9A, 0xA2, 0x17, 0x7D, 0x0A, 0x92, 0xFB, 0x97,
    0x09, 0xA8, 0x7B, 0x7E, 0x74, 0x81, 0x54, 0xD2, 0x0C, 0xDD, 0xF3, 0x16, 0x1F, 0x2D, 0xD9, 0xCA,
    0x00, 0xCE, 0x68, 0x1B, 0x27, 0xF9, 0xB3, 0xFC, 0xD0, 0x30, 0xD2, 0xD7, 0x93, 0x7D, 0x1C, 0xFE,
    0x19, 0xDA, 0x23, 0xF5, 0x0C, 0x1E, 0xD6, 0x55, 0x5B, 0x11, 0x55, 0x5A, 0xCF, 0x8A, 0x38, 0x5C,
    0x63, 0x51, 0x42, 0x40, 0x2C, 0x1E, 0x8A, 0x91, 0xEA, 0xA7, 0x38, 0x0A, 0xA1, 0x05, 0x78, 0x6E,
    0x91, 0x62, 0xE1, 0xBA, 0x40, 0xD0, 0xA0, 0x18, 0x04, 0x2F, 0x5D, 0x87, 0x13, 0xFC, 0xD4, 0xBB,
    0x71, 0x6F, 0xE5, 0xAB, 0xF0, 0x56, 0xFE, 0x11, 0x2F, 0xFA, 0xBE, 0x80, 0x2D, 0xF9, 0x5D, 0x9E,
    0x5D, 0xBF, 0xFE, 0x6D, 0xCE, 0x58, 0xBD, 0xF1, 0x4E, 0x71, 0x8E, 0x7D, 0x99, 0x27, 0xA3, 0xFB,
    0xD6, 0x44, 0xBB, 0xD2, 0x50, 0x98, 0x82, 0xCD, 0xE0, 0x66, 0x80, 0x33, 0xC8, 0x19, 0x28, 0x83,
    0x86, 0xAD, 0x44, 0x1A, 0xD8, 0x9D, 0x68, 0xE8, 0x30, 0xD4, 0xE0, 0x93, 0x81, 0x82, 0xCF, 0x47,
    0x91, 0x76, 0x10, 0x49, 0xED, 0xE2, 0x07, 0xA1, 0x9D, 0xF4, 0x30, 0x6B, 0x29, 0xD8, 0x94, 0x48,
    0x0F, 0x81, 0x9A, 0x1F, 0xB7, 0xEB, 0x45, 0xD7, 0x0B, 0x03, 0xA9, 0xE6, 0x0B, 0x76, 0xBD, 0x53,
    0x74, 0x27, 0xDE, 0x96, 0x0C, 0xC6, 0x1C, 0x0C, 0x55, 0xD7, 0xAB, 0x15, 0xD3, 0x67, 0x85, 0x1B,
    0x79, 0x51, 0x6D, 0x50, 0x0C, 0xD2, 0xCE, 0xD9, 0xD7, 0xE1, 0xDE, 0x82, 0x77, 0x93, 0xD7, 0xDE,
    0x13, 0xC5, 0x4D, 0x99, 0x76, 0x38, 0xC5, 0x7A, 0x62, 0x04, 0xD9, 0x85, 0xDC, 0xBC, 0x9B, 0x6B,
    0x1D, 0x83, 0x30, 0x84, 0x4D, 0x24, 0xF1, 0xC9, 0x43, 0x81, 0x6A, 0x65, 0x9E, 0x68, 0x63, 0x13,
    0x05, 0x4C, 0x5E, 0x42, 0x47, 0xA5, 0x85, 0x38, 0x51, 0x37, 0xA4, 0x6B, 0xB1, 0xD5, 0x49, 0x4A,
    0x9A, 0x02, 0x61, 0x99, 0x48, 0xD4, 0x45, 0xCD, 0x9A, 0xD4, 0x7C, 0x53, 0xFA, 0x4E, 0x21, 0x74,
    0xE0, 0x11, 0xAB, 0x26, 0x16, 0x0C, 0x91, 0x92, 0x05, 0x43, 0x84, 0xF3, 0x86, 0x5C, 0x50, 0xEB,
    0x66, 0xA2, 0x6F, 0xDC, 0x88, 0x8C, 0xD7, 0xA4, 0xB9, 0x26, 0x2D, 0x43, 0x58, 0x26, 0x2F, 0x98,
    0xC8, 0x5B, 0xC8, 0x15, 0x50, 0xCC, 0xCF, 0xF6, 0xD6, 0xF5, 0x31, 0xF2, 0xD5, 0x24, 0x3B, 0x68,
    0xDE, 0x3B, 0xFD, 0xAE, 0xF9, 0x94, 0x55, 0x2A, 0xF8, 0x76, 0x6C, 0x8B, 0x32, 0x74, 0x3C, 0x71,
    0x99, 0xD8, 0x4B, 0x69, 0x1D, 0x72, 0x1A, 0x50, 0x54, 0xED, 0x07, 0x29, 0x71, 0xFE, 0x45, 0xB0,
    0xBE, 0x76, 0x91, 0xF0, 0x02, 0x93, 0x2E, 0x1A, 0x0E, 0xF1, 0x82, 0x71, 0x18, 0xAA, 0x9A, 0x95,
    0x65, 0x03, 0x68, 0x2B, 0xED, 0x94, 0x84, 0x29, 0x91, 0x93, 0xA8, 0xF5, 0xD1, 0x68, 0xA3, 0xE5,
    0x28, 0x23, 0x0D, 0x6C, 0x28, 0x38, 0x66, 0xEA, 0xE9, 0xD7, 0x5A, 0x72, 0xED, 0x63, 0xF5, 0x5E,
    0x7E, 0x5E, 0xBD, 0x3F, 0xD1, 0x81, 0xBF, 0x29, 0xD4, 0xCF, 0x45, 0x8A, 0x35, 0x15, 0x0B, 0x93,
    0xAA, 0x58, 0x08, 0x70, 0x3B, 0x62, 0xB7, 0x05, 0x96, 0xEF, 0x88, 0xDE, 0x10, 0xC6, 0x5D, 0x61,
    0xDD, 0x45, 0x61, 0x80, 0x25, 0x09, 0x3F, 0x00, 0xD5, 0x67, 0xD5, 0x43, 0x8B, 0xCA, 0xCA, 0xD1,
    0x8C, 0x16, 0x1B, 0xE4, 0x45, 0xF1, 0x4E, 0x6D, 0x46, 0x31, 0x83, 0x68, 0x41, 0x08, 0xBA, 0xC6,
    0x0A, 0xD0, 0xE5, 0xA8, 0xD3, 0x4A, 0xE5, 0x6B, 0x90, 0x2F, 0xEB, 0x80, 0x26, 0x36, 0x80, 0x5D,
    0xF5, 0x85, 0x45, 0xCA, 0x84, 0x86, 0x31, 0x2D, 0xCF, 0x1D, 0x58, 0x2D, 0xCA, 0x91, 0xB2, 0xCF,
    0x6B, 0x75, 0x02, 0xB9, 0xC0, 0xC9, 0x17, 0xF0, 0x21, 0x59, 0xE4, 0x49, 0x54, 0x27, 0xB6, 0x78,
    0xE8, 0x58, 0x71, 0x26, 0x26, 0x8F, 0x11, 0x93, 0x74, 0x32, 0xC8, 0xD3, 0xA2, 0xC7, 0xB3, 0x83,
    0xEC, 0xFB, 0xCD, 0xAB, 0xCD, 0xCF, 0x9D, 0x32, 0x99, 0x17, 0x08, 0xA5, 0x44, 0x6F, 0xCA, 0x3E,
    0x8B, 0x11, 0x9B, 0xC2, 0x90, 0x4A, 0x58, 0x9C, 0x45, 0x7E, 0x1A, 0x7D, 0x9F, 0xE2, 0x7F, 0x19,
    0xD3, 0x0C, 0x65, 0xD1, 0xBC, 0x6A, 0xC3, 0x29, 0x2B, 0xE7, 0xE4, 0xBD, 0x54, 0xA2, 0x03, 0xA1,
    0x0E, 0x16, 0xD7, 0x61, 0x0A, 0x8F, 0x2C, 0x5D, 0xB2, 0x6C, 0xEC, 0xDB, 0x12, 0x68, 0x97, 0x4D,
    0x6B, 0x85, 0x89, 0x0D, 0x18, 0xE3, 0x3F, 0xA5, 0xF1, 0x2A, 0x8B, 0x68, 0xEF, 0x44, 0x16, 0x16,
    0x11, 0x61, 0xC8, 0x5F, 0x85, 0x16, 0xDC, 0xA5, 0x93, 0x6A, 0x82, 0xA2, 0x0A, 0xF0, 0x1E, 0x2D,
    0x28, 0x69, 0x23, 0x4B, 0xEC, 0xFD, 0xA5, 0x13, 0x56, 0x67, 0x92, 0xAB, 0x7D, 0xD3, 0x76, 0x3D,
    0x75, 0x72, 0x51, 0x5C, 0x28, 0x22, 0x14, 0xB2, 0xF5, 0x4B, 0xEA, 0x24, 0x1D, 0x27, 0x52, 0x8F,
    0x68, 0x6F, 0xD0, 0x5C, 0x8C, 0x77, 0x31, 0xC6, 0x43, 0xC6, 0xAA, 0x86, 0xAD, 0x24, 0x51, 0x6F,
    0xA7, 0x7F, 0x6D, 0xA7, 0x9F, 0x1C, 0x18, 0x24, 0x59, 0x4E, 0x22, 0xB6, 0xAE, 0xE8, 0xD1, 0x4B,
    0xC4, 0x66, 0x12, 0x6D, 0x26, 0xF1, 0x83, 0x63, 0x42, 0xF2, 0x93, 0x97, 0x74, 0x8E, 0x3D, 0x38,
    0x2E, 0x1E, 0x6F, 0x20, 0xFB, 0xC7, 0x84, 0xFD, 0xDA, 0x37, 0xBB, 0x28, 0x14, 0x91, 0xD6, 0xE4,
    0x66, 0xB0, 0xB9, 0x8D, 0x83, 0xAD, 0x43, 0xDD, 0xA5, 0xEE, 0x4C, 0xFF, 0x56, 0x76, 0x88, 0x0E,
    0x45, 0x4A, 0xA9, 0x41, 0xBA, 0x29, 0xFC, 0xDF, 0x46, 0x95, 0x00, 0x2A, 0x05, 0x50, 0x2D, 0x4C,
    0x8B, 0x21, 0xAD, 0x28, 0x41, 0xBE, 0xED, 0x37, 0xC1, 0xBE, 0x18, 0xE1, 0x95, 0x67, 0xD8, 0x37,
    0x30, 0xDE, 0x00, 0xD3, 0x44, 0x57, 0xA5, 0x1C, 0x2B, 0x36, 0xFD, 0x26, 0x71, 0xE6, 0xAE, 0x30,
    0x7E, 0xE4, 0xA5, 0x01, 0xBC, 0x40, 0xAD, 0x9E, 0x5A, 0xFB, 0xC4, 0x8E, 0xD7, 0x0E, 0x30, 0x40,
    0xA4, 0xAE, 0x10, 0x93, 0x82, 0x9A, 0x9F, 0x9E, 0x38, 0x7E, 0xE8, 0xCF, 0xDC, 0x59, 0xBB, 0x9C,
    0xC9, 0xA5, 0x53, 0xBB, 0x4F, 0xF3, 0x06, 0xCE, 0xFC, 0x0E, 0xBC, 0x00, 0xF3, 0x6D, 0x51, 0x43,
    0xBF, 0x3D, 0xCD, 0x78, 0x15, 0xE9, 0x06, 0xCF, 0x3F, 0x26, 0x8D, 0xCF, 0x70, 0xEA, 0x7E, 0xAB,
    0x97, 0xC4, 0xA9, 0x5D, 0x58, 0x2F, 0x8B, 0x5C, 0x43, 0xCE, 0x18, 0x91, 0xA7, 0x4C, 0xA7, 0xA7,
    0x50, 0x21, 0xAD, 0xC4, 0xD9, 0xDB, 0x46, 0x01, 0x65, 0xA4, 0xE9, 0x24, 0x6B, 0xDB, 0xF5, 0x20,
    0x2A, 0xBA, 0xB7, 0xA5, 0xB7, 0x35, 0x46, 0x30, 0x7E, 0x92, 0x36, 0x95, 0x9E, 0x16, 0x29, 0x51,
    0x61, 0x56, 0xB2, 0x7F, 0x37, 0xA2, 0x40, 0x87, 0x16, 0x36, 0x4A, 0x63, 0x1F, 0x68, 0x5A, 0xD4,
    0x44, 0x19, 0x3A, 0xA4, 0x94, 0xFE, 0x80, 0x76, 0x4B, 0x24, 0x99, 0x90, 0x02, 0x7F, 0x40, 0x47,
    0xD5, 0x5D, 0xE5, 0xDF, 0xF1, 0x54, 0x84, 0x8A, 0x91, 0x52, 0x7C, 0xE5, 0x83, 0xB8, 0xB5, 0x2F,
    0x8F, 0x67, 0x9F, 0x11, 0xFF, 0x43, 0x7F, 0x3B, 0x56, 0xF7, 0xEA, 0x03, 0xA2, 0x99, 0x0E, 0x2D,
    0x9B, 0x19, 0xAB, 0xB0, 0xD6, 0xD4, 0xC1, 0xB7, 0xA6, 0xCB, 0x56, 0x3D, 0x8B, 0x57, 0x86, 0x83,
    0x5E, 0x92, 0xEC, 0xEC, 0xFD, 0xCF, 0x1A, 0x17, 0x61, 0xAF, 0x3D, 0x21, 0xE8, 0x97, 0x6B, 0x99,
    0xDA, 0xE6, 0x68, 0x44, 0x2B, 0x5E, 0x18, 0x75, 0xD4, 0x8D, 0x3A, 0x42, 0xCD, 0xAF, 0xC1, 0xF7,
    0x17, 0xE8, 0x39, 0x41, 0x8F, 0xBE, 0x98, 0xD5, 0x45, 0xB6, 0x7C, 0xC4, 0x15, 0xB8, 0x22, 0xAB,
    0xA2, 0x2A, 0x56, 0x8E, 0xB8, 0x46, 0x9B, 0xB2, 0x42, 0xD4, 0xCC, 0xE0, 0x70, 0x8D, 0x0C, 0x15,
    0x5A, 0x85, 0x1F, 0x75, 0x15, 0xCF, 0xE1, 0x9C, 0x38, 0x27, 0xE6, 0x8E, 0xC0, 0x58, 0xC2, 0xD1,
    0x2B, 0xFD, 0x0B, 0x45, 0x52, 0x3D, 0x6E, 0xDB, 0x30, 0x14, 0xFE, 0x64, 0xD9, 0x51, 0x6D, 0xCB,
    0x3F, 0x4B, 0xDA, 0x0C, 0x0A, 0xD4, 0xC1, 0x28, 0x04, 0xC3, 0x89, 0x39, 0x10, 0xA8, 0x80, 0xA0,
    0x15, 0x8F, 0xE0, 0x23, 0xE8, 0x08, 0x1C, 0x0C, 0x74, 0xAB, 0x75, 0x04, 0x21, 0x7B, 0x01, 0x8E,
    0x1D, 0x35, 0x74, 0xEA, 0x12, 0x1E, 0x81, 0xBD, 0x81, 0x8E, 0xA0, 0xC1, 0x43, 0x86, 0x00, 0xE9,
    0x47, 0xA6, 0x49, 0xF9, 0x40, 0x8A, 0xFC, 0xF8, 0xF8, 0xDE, 0xF7, 0xBE, 0x27, 0xA8, 0x64, 0x58,
    0x94, 0x45, 0x21, 0x0B, 0x59, 0x4A, 0x21, 0xBB, 0xDC, 0x02, 0xD3, 0xF1, 0xBB, 0xAC, 0x90, 0x42,
    0xAC, 0x01, 0x1C, 0x31, 0xC4, 0xDD, 0xC2, 0x14, 0xEE, 0x74, 0xBE, 0x74, 0x11, 0x2F, 0x81, 0xE4,
    0x71, 0x86, 0x14, 0xB9, 0x43, 0x07, 0x81, 0xAE, 0x0A, 0xD8, 0xBC, 0x2F, 0xA1, 0xF1, 0xD0, 0xF4,
    0xD6, 0xD9, 0x3F, 0xF6, 0xA4, 0x3C, 0x56, 0x0D, 0xE8, 0x23, 0x1B, 0xAB, 0x39, 0x32, 0x94, 0x74,
    0x0E, 0x7E, 0x43, 0x5A, 0xA4, 0x72, 0xEE, 0x6E, 0x7A, 0xA1, 0xB5, 0xAE, 0xDC, 0x0B, 0x96, 0x91,
    0x40, 0x51, 0xAE, 0xCE, 0xD0, 0x91, 0xAB, 0xC2, 0xDB, 0x94, 0xF6, 0x6C, 0xFD, 0x0A, 0x7E, 0xFF,
    0x4F, 0x66, 0x27, 0x56, 0xF8, 0xC4, 0x30, 0xE8, 0x39, 0x0D, 0xF7, 0xC0, 0x8C, 0x78, 0x1C, 0x2C,
    0xE1, 0x7E, 0x41, 0x0F, 0x4D, 0x74, 0x62, 0x6E, 0x65, 0xB9, 0x11, 0x1C, 0x75, 0x7D, 0x38, 0x40,
    0x31, 0x93, 0x2C, 0x4B, 0xC1, 0x3A, 0xB5, 0x96, 0xFD, 0xBE, 0x09, 0xF1, 0x54, 0x85, 0x0F, 0x98,
    0x63, 0xC9, 0x57, 0x29, 0x99, 0xFA, 0xB1, 0x1A, 0xC6, 0x92, 0x61, 0xCD, 0xC8, 0x2E, 0xC9, 0xFC,
    0xD9, 0xBD, 0x60, 0x20, 0x36, 0x73, 0x13, 0xE7, 0x13, 0x3F, 0x04, 0x2E, 0x38, 0x46, 0x41, 0x1D,
    0x49, 0x75, 0xDE, 0xBB, 0x51, 0x88, 0xB7, 0x3A, 0xFB, 0x28, 0x7B, 0x4B, 0x72, 0x1D, 0xFA, 0x53,
    0xC0, 0xE2, 0xC7, 0x25, 0x19, 0xDD, 0xF5, 0xA5, 0x16, 0x94, 0x78, 0x1F, 0xDE, 0xE6, 0x4F, 0x8C,
    0xD7, 0xC1, 0xC6, 0x4D, 0xC2, 0xCC, 0x3B, 0xBC, 0x2A, 0x91, 0x79, 0x75, 0x1C, 0xC5, 0x79, 0x53,
    0x76, 0x27, 0xA5, 0x2C, 0x8F, 0xF9, 0x80, 0x2E, 0xFA, 0xA7, 0xAC, 0xAF, 0xB3, 0x1A, 0xFC, 0x1A,
    0x54, 0x7E, 0x9B, 0xF4, 0x66, 0x6E, 0xC9, 0xDA, 0x0D, 0x5C, 0x30, 0x13, 0x74, 0x88, 0x55, 0xD4,
    0x44, 0xD6, 0xDB, 0x88, 0xFD, 0x48, 0x82, 0x3E, 0x40, 0xA4, 0x96, 0x3F, 0x25, 0xDB, 0x5C, 0x6B,
    0xDD, 0xDF, 0x1E, 0x78, 0x32, 0xB2, 0xBE, 0x6B, 0x34, 0x0B, 0xCF, 0x1B, 0x9E, 0x3A, 0x29, 0xB5,
    0xAC, 0x85, 0x30, 0x79, 0x33, 0x1E, 0x4F, 0x8B, 0x98, 0x6A, 0x24, 0x36, 0x6B, 0xC5, 0xC7, 0x09,
    0x3E, 0x59, 0xB4, 0x17, 0xEE, 0x68, 0xEF, 0x9B, 0xEF, 0xA1, 0x53, 0x57, 0x6A, 0xDB, 0x95, 0x5E,
    0x65, 0x6D, 0x4C, 0xD3, 0x06, 0x64, 0xBD, 0x71, 0x9F, 0xD5, 0x57, 0x7C, 0xC3, 0x7D, 0xD3, 0xD8,
    0x34, 0xBD, 0x62, 0x17, 0xB4, 0x69, 0xA1, 0xD4, 0xF6, 0x77, 0xC7, 0x1F, 0x4D, 0xE8, 0x5A, 0xD7,
    0xAD, 0x69, 0x6D, 0x6B, 0x2D, 0x0E, 0xF9, 0xAF, 0xDD, 0xC6, 0x33, 0xD1, 0x9A, 0x5D, 0x5A, 0x5F,
    0xFC, 0x98, 0xCF, 0xD2, 0x69, 0xBA, 0xC8, 0x76, 0xDB, 0xDE, 0xB7, 0x61, 0x4D, 0xA6, 0xD7, 0xED,
    0x86, 0x1D, 0x1A, 0xB1, 0x82, 0x13, 0xC6, 0xB8, 0xC6, 0x0D, 0x36, 0xBC, 0x11, 0xAC, 0xEE, 0x0B,
    0xFE, 0x02, 0x45, 0x54, 0x4D, 0x88, 0x1C, 0x45, 0x14, 0xFE, 0xBA, 0x6B, 0x36, 0x9D, 0x4C, 0x6D,
    0x77, 0x29, 0x18, 0x88, 0x66, 0x66, 0x07, 0x61, 0x0F, 0x71, 0xD3, 0x9B, 0x59, 0x70, 0x84, 0x26,
    0xCE, 0x66, 0x6A, 0xCD, 0x31, 0xFE, 0x44, 0x70, 0xBD, 0x48, 0x30, 0x5E, 0x23, 0x61, 0x1B, 0x6C,
    0x30, 0xFE, 0x90, 0x2D, 0xD6, 0x83, 0x07, 0x11, 0x56, 0x10, 0xCF, 0x0B, 0xD9, 0x43, 0x5C, 0x70,
    0xD3, 0x91, 0xFC, 0xA1, 0x71, 0xB6, 0x70, 0x0F, 0x41, 0x72, 0xE9, 0x04, 0x43, 0xF0, 0xA2, 0x9D,
    0x9F, 0x53, 0x20, 0xDA, 0x92, 0x01, 0xE3, 0x66, 0x66, 0xCA, 0x57, 0x3D, 0x46, 0xBB, 0xBB, 0xAA,
    0x87, 0xE9, 0xF7, 0xEA, 0x7D, 0xDF, 0x7B, 0xDF, 0x7B, 0xCE, 0x69, 0x88, 0x6F, 0x30, 0x0D, 0x44,
    0x40, 0xB2, 0xF3, 0x70, 0xBA, 0x98, 0xA5, 0x29, 0x92, 0x02, 0x07, 0xB6, 0x24, 0xDF, 0x92, 0x8E,
    0x86, 0xAB, 0xC1, 0x6E, 0x80, 0x19, 0xA0, 0xF2, 0x04, 0xC6, 0x63, 0x2C, 0xE4, 0x6C, 0xAB, 0x10,
    0xDF, 0xAA, 0xF0, 0x14, 0xA2, 0x2B, 0x38, 0xFB, 0x39, 0x1E, 0xBC, 0x8C, 0xBF, 0xF6, 0x60, 0x6B,
    0x06, 0x97, 0x63, 0x7C, 0x7C, 0x0D, 0x1D, 0x83, 0xF7, 0x96, 0x71, 0x0A, 0xE5, 0x35, 0xB5, 0xEC,
    0x9A, 0x82, 0x2B, 0x4C, 0x00, 0x6D, 0x3A, 0xDF, 0x91, 0xE9, 0x47, 0x3A, 0xBD, 0x84, 0xA2, 0x40,
    0x91, 0xE3, 0x6C, 0x86, 0x0F, 0x35, 0x3A, 0xBF, 0x80, 0x0F, 0x4A, 0xE3, 0x63, 0xA7, 0x61, 0xFA,
    0xC8, 0xE1, 0x64, 0x36, 0xA8, 0x8D, 0x4B, 0x8F, 0xD1, 0xDE, 0xBC, 0xE4, 0xC0, 0xC2, 0x2A, 0x16,
    0x56, 0xE0, 0x03, 0x35, 0xB2, 0x74, 0x09, 0xF4, 0x19, 0x7B, 0xA2, 0x05, 0x0D, 0xE7, 0xBC, 0xE4,
    0x46, 0x93, 0x63, 0xF5, 0x9E, 0x14, 0x46, 0x92, 0x97, 0x27, 0xD1, 0x5C, 0x5B, 0xEE, 0x98, 0x82,
    0x6C, 0x15, 0xC0, 0x24, 0xC6, 0xF8, 0x61, 0xAF, 0xF3, 0x5B, 0x9F, 0x5F, 0x1B, 0xD4, 0x85, 0xEC,
    0x05, 0x02, 0x79, 0xBD, 0xEE, 0x66, 0xB5, 0xD0, 0xD3, 0x61, 0x28, 0x74, 0x3B, 0xDA, 0xAB, 0xA2,
    0xE8, 0x7D, 0x99, 0x24, 0x37, 0x91, 0x52, 0x60, 0xB0, 0x11, 0x7C, 0x38, 0xCB, 0x93, 0x6E, 0xDE,
    0x62, 0x79, 0xCC, 0xD2, 0xD8, 0x8B, 0xD3, 0x8E, 0xE9, 0x37, 0x3E, 0xB8, 0x1B, 0xBC, 0xA0, 0x37,
    0x4C, 0x2F, 0x7C, 0x51, 0x85, 0x4D, 0x15, 0x35, 0x64, 0xAB, 0x81, 0x58, 0xC0, 0x59, 0x25, 0x2F,
    0xA3, 0xC0, 0x3E, 0x21, 0xD0, 0x73, 0x19, 0x3C, 0xE7, 0x3A, 0xB8, 0x7B, 0x15, 0xC2, 0xFB, 0x23,
    0x13, 0xDD, 0x09, 0xD9, 0x58, 0xAD, 0x23, 0x24, 0xF0, 0x21, 0xDD, 0x11, 0xDD, 0x2D, 0x82, 0x9F,
    0xA0, 0x29, 0xCB, 0x28, 0x5F, 0xFF, 0xEF, 0xEB, 0xCD, 0x65, 0x87, 0xB9, 0x73, 0xB5, 0xCF, 0xD9,
    0xAF, 0x95, 0x80, 0x1F, 0x81, 0x18, 0x04, 0x98, 0x38, 0xC1, 0x55, 0xD8, 0x76, 0x8B, 0x76, 0x88,
    0x34, 0xAA, 0x21, 0x6E, 0xD5, 0xBF, 0x28, 0xE2, 0x60, 0x43, 0x5B, 0xDF, 0x1D, 0xAE, 0x54, 0xBE,
    0x37, 0xA7, 0x7D, 0x71, 0x50, 0xF9, 0xC1, 0x41, 0xE9, 0xEF, 0x3D, 0x84, 0xF1, 0xE7, 0x5F, 0xC5,
    0xBE, 0xEF, 0xD7, 0x71, 0xF2, 0xD1, 0x10, 0xB5, 0xCD, 0x16, 0xEA, 0x9B, 0x31, 0x1A, 0x07, 0x57,
    0xD0, 0x64, 0x19, 0xF6, 0x51, 0x7A, 0xA6, 0x99, 0x82, 0xB3, 0x26, 0xB7, 0x33, 0xD3, 0xAB, 0x31,
    0xD5, 0x0E, 0x99, 0x0C, 0x43, 0x2F, 0x08, 0x23, 0xEE, 0x87, 0xAD, 0xA0, 0x16, 0xC5, 0xF4, 0x4A,
    0xE9, 0x95, 0xD3, 0x2B, 0x0F, 0x93, 0xD7, 0xB3, 0x28, 0x66, 0xBA, 0x75, 0xFE, 0x6D, 0x19, 0x9B,
    0x87, 0x14, 0xB1, 0x42, 0x2B, 0x04, 0xAA, 0xDD, 0xD1, 0x7A, 0x2A, 0x82, 0x6B, 0x12, 0xF0, 0xA5,
    0x02, 0x01, 0x0A, 0xFA, 0x92, 0x13, 0xB3, 0x0C, 0x11, 0xA5, 0x31, 0xA2, 0x58, 0x11, 0xD7, 0x98,
    0x7D, 0x57, 0x41, 0xDC, 0x29, 0xA9, 0x62, 0xE7, 0x3C, 0x60, 0x8C, 0xAD, 0xE1, 0x2A, 0x9A, 0x03,
    0x5C, 0xAA, 0x38, 0xB9, 0xAD, 0xF3, 0xEE, 0x7B, 0xB2, 0xB1, 0x06, 0xAA, 0xF3, 0xE2, 0x00, 0x8D,
    0x37, 0x20, 0x00, 0x2E, 0x49, 0x77, 0x0A, 0x94, 0x16, 0x5B, 0xC4, 0x2A, 0xE9, 0x61, 0x9A, 0x0C,
    0xCF, 0x81, 0x2D, 0x65, 0x60, 0x87, 0x24, 0xBC, 0xE3, 0x40, 0x73, 0xB8, 0x52, 0x2E, 0x51, 0x07,
    0xEA, 0xE4, 0x53, 0xA3, 0x03, 0x42, 0x22, 0xD7, 0xB6, 0x81, 0x49, 0x46, 0xD5, 0xB5, 0xD3, 0x82,
    0x24, 0x15, 0x96, 0xEA, 0xDB, 0xAF, 0x71, 0x12, 0xE8, 0x81, 0x3F, 0x90, 0xDB, 0x87, 0x70, 0x0A,
    0xF0, 0xCC, 0xFE, 0x67, 0x45, 0xA6, 0xF0, 0x0C, 0x95, 0x0F, 0x27, 0x37, 0x2C, 0x46, 0x37, 0xA3,
    0x6A, 0xA8, 0xC2, 0x6E, 0x09, 0x48, 0x4A, 0xA4, 0x31, 0x8E, 0xD1, 0x36, 0x46, 0x14, 0x93, 0x45,
    0xED, 0xE3, 0xCF, 0x5B, 0x79, 0xDD, 0xB9, 0xAD, 0xF3, 0x90, 0x6F, 0xAA, 0x7C, 0xB6, 0xCB, 0x36,
    0x75, 0xE7, 0xAE, 0x67, 0xA4, 0x35, 0xA2, 0x4B, 0xD8, 0x2D, 0xB0, 0x9B, 0x6F, 0xB7, 0xED, 0x76,
    0x23, 0xE0, 0xF7, 0xC1, 0x7D, 0x54, 0x7D, 0x04, 0x35, 0x04, 0x11, 0xAA, 0xA9, 0x05, 0xE0, 0x29,
    0x87, 0x4B, 0xAF, 0x21, 0xC5, 0x45, 0x35, 0x7D, 0x5B, 0xC7, 0x4B, 0xFA, 0xB1, 0xF4, 0x15, 0x16,
    0x81, 0x49, 0x2B, 0x0D, 0xD7, 0x64, 0x4C, 0x17, 0x4D, 0x33, 0xF0, 0x64, 0xCA, 0x65, 0xD1, 0x31,
    0x0F, 0x03, 0xA6, 0x85, 0xC1, 0xC4, 0xEA, 0xBF, 0xC4, 0x08, 0x5B, 0xCB, 0xAA, 0x08, 0xD8, 0x7D,
    0xD7, 0x21, 0xB3, 0x9B, 0x15, 0x51, 0xC5, 0xB4, 0x8F, 0xB6, 0x8F, 0x64, 0x1C, 0xE7, 0x1A, 0xFD,
    0xF4, 0xB9, 0x13, 0x69, 0x2B, 0x49, 0x66, 0xD2, 0x76, 0x5C, 0x34, 0x2F, 0xE4, 0x9E, 0xC9, 0xA8,
    0x40, 0xB6, 0x31, 0x70, 0x14, 0x36, 0x11, 0x60, 0x3D, 0x22, 0x4A, 0x64, 0x05, 0xD5, 0x72, 0xBD,
    0xAB, 0xDC, 0x61, 0x57, 0x21, 0x0D, 0x51, 0xDD, 0xEA, 0x4A, 0xEF, 0xDE, 0xBA, 0x64, 0xAA, 0x4E,
    0xC4, 0x7C, 0xEA, 0xE2, 0x80, 0xE2, 0x11, 0xB1, 0x29, 0xAA, 0x4B, 0xAF, 0x8C, 0x6D, 0x9F, 0x86,
    0x19, 0x8C, 0x2D, 0xFC, 0xEC, 0x0C, 0xA9, 0xF5, 0xFB, 0x13, 0xA5, 0x36, 0x68, 0x9C, 0x88, 0x37,
    0x55, 0x99, 0x90, 0x11, 0xAE, 0xDC, 0x31, 0x7D, 0xEF, 0x26, 0x2C, 0xAE, 0x1D, 0x8F, 0x71, 0xD5,
    0x90, 0xEE, 0x41, 0xDA, 0x42, 0x32, 0x83, 0xF6, 0x0C, 0x9A, 0x17, 0xA4, 0xB5, 0x1F, 0xE1, 0x92,
    0xD2, 0x55, 0xDA, 0x5B, 0xD2, 0x1D, 0x33, 0xE0, 0x9E, 0x12, 0x9E, 0x0C, 0xB8, 0xAD, 0x6F, 0x18,
    0x20, 0xF4, 0x11, 0xD5, 0x11, 0x4D, 0x20, 0x11, 0xF9, 0x68, 0x68, 0x90, 0x4C, 0x4C, 0x6E, 0xD5,
    0x52, 0xA6, 0xBD, 0x5C, 0xF4, 0x9B, 0xD9, 0xAF, 0x3F, 0xD0, 0x6A, 0xA0, 0xF2, 0xE4, 0x21, 0x79,
    0xE0, 0xBB, 0x2B, 0x72, 0xFF, 0xE4, 0x67, 0x98, 0x9E, 0xB9, 0x0F, 0x41, 0xD0, 0x77, 0xBD, 0xA3,
    0x50, 0x21, 0x60, 0x53, 0x76, 0x4A, 0x58, 0xD3, 0x63, 0x6B, 0x6A, 0xC3, 0x68, 0xE7, 0xBF, 0xB1,
    0xA3, 0xEC, 0x0C, 0xE1, 0xE5, 0x79, 0x41, 0xF9, 0x6C, 0x5B, 0x5B, 0xA9, 0x92, 0xD2, 0xDA, 0x18,
    0x3B, 0x2E, 0x9B, 0x34, 0x6D, 0xDA, 0x70, 0x7A, 0xE8, 0x28, 0x9B, 0xFC, 0xB0, 0x34, 0xE0, 0x56,
    0x30, 0xD6, 0x97, 0x08, 0xD8, 0x73, 0x7E, 0xD4, 0x6C, 0x28, 0x9B, 0x1A, 0x7B, 0xDF, 0x92, 0xBC,
    0x87, 0x0D, 0xE0, 0x35, 0xA4, 0xD4, 0x20, 0x75, 0x27, 0xA3, 0xA1, 0x33, 0xBB, 0x81, 0x4E, 0xCF,
    0xC2, 0x7F, 0x1A, 0xB8, 0x28, 0x71, 0x5D, 0xE1, 0x0E, 0x15, 0xDC, 0x3C, 0xE4, 0xF3, 0x47, 0x3C,
    0x6C, 0xAB, 0x3E, 0xBB, 0x2D, 0x78, 0xF4, 0x93, 0xA8, 0x5D, 0xA6, 0x3C, 0xAE, 0xD3, 0xC9, 0x5F,
    0x91, 0x06, 0x46, 0xF3, 0x68, 0x12, 0xA3, 0x5A, 0x53, 0xAD, 0x90, 0x02, 0x63, 0x74, 0x06, 0xC1,
    0x66, 0xB7, 0xAE, 0xE7, 0xFC, 0x25, 0x5D, 0x08, 0x57, 0xA7, 0xA4, 0x8D, 0xA2, 0xCE, 0x64, 0x41,
    0xA0, 0x72, 0xC2, 0x98, 0xB5, 0x2D, 0xA3, 0xA9, 0x65, 0xB2, 0x1B, 0x02, 0x05, 0xD1, 0xC9, 0x89,
    0x58, 0xE6, 0x49, 0x27, 0x13, 0x65, 0x4B, 0x35, 0x28, 0x1B, 0xBB, 0x6F, 0x58, 0x9D, 0x03, 0x1D,
    0x9A, 0xC3, 0xD4, 0x7C, 0x65, 0x12, 0x4B, 0xF9, 0x62, 0x8E, 0xD6, 0x15, 0x2A, 0xE1, 0xEF, 0xF4,
    0x81, 0x48, 0x2F, 0xBE, 0x22, 0x9D, 0x07, 0xE3, 0x60, 0x9B, 0xBB, 0xC0, 0x3E, 0x9D, 0x2C, 0x7D,
    0xAC, 0xE0, 0xED, 0xB2, 0xBF, 0x89, 0x3F, 0xA8, 0x9D, 0xB1, 0x73, 0xF8, 0x25, 0x69, 0x81, 0x66,
    0x45, 0x45, 0x62, 0x8F, 0x46, 0x57, 0xBB, 0x26, 0x67, 0xBA, 0x47, 0xFD, 0xC4, 0x64, 0xE2, 0xC9,
    0x82, 0x1B, 0x25, 0xCE, 0xC8, 0xC0, 0xCD, 0xEA, 0x4E, 0x5E, 0x73, 0xF2, 0x90, 0xE9, 0xD9, 0x05,
    0xD5, 0xF9, 0x1B, 0x7E, 0x8C, 0xF1, 0xA3, 0xF8, 0x07, 0xB3, 0x3F, 0x90, 0xD5, 0x00, 0x00, 0xA5,
    0x90, 0x21, 0x6E, 0xC3, 0x30, 0x14, 0x86, 0xFF, 0x34, 0xDA, 0x02, 0xAC, 0xC6, 0x3B, 0x40, 0x33,
    0x34, 0x50, 0xE0, 0xAA, 0x24, 0x20, 0xC0, 0x52, 0x32, 0xED, 0x1C, 0x63, 0x3D, 0xC0, 0x40, 0xF9,
    0x7A, 0x84, 0x1D, 0xC5, 0x70, 0x2C, 0x39, 0x82, 0xD9, 0xA8, 0x77, 0x03, 0x83, 0xC2, 0xA8, 0xDD,
    0xEF, 0x97, 0x44, 0x9A, 0x54, 0x58, 0xF0, 0x1E, 0xB0, 0x9F, 0xBF, 0xFF, 0xF9, 0x03, 0x0E, 0x8F,
    0x1D, 0xF2, 0xB1, 0xF5, 0x28, 0xBA, 0x23, 0xA0, 0xE0, 0x00, 0x8D, 0x08, 0xF4, 0xD7, 0x0B, 0x50,
    0x65, 0x1E, 0x30, 0xAB, 0x01, 0xB0, 0xA9, 0x35, 0xF9, 0x09, 0xA8, 0x53, 0xFB, 0x28, 0x3A, 0xC0,
    0x29, 0x00, 0x51, 0xB3, 0x85, 0x12, 0xC8, 0xFC, 0x1A, 0x58, 0x0D, 0x1B, 0x20, 0x1F, 0x2C, 0xD0,
    0xBE, 0x9D, 0x81, 0x6D, 0xC6, 0x59, 0xE0, 0xC0, 0xB3, 0xD1, 0x31, 0xC1, 0x21, 0x3D, 0x49, 0x2F,
    0xFA, 0x5F, 0x8F, 0x8A, 0x4C, 0x93, 0x0F, 0xB0, 0x24, 0x36, 0x04, 0xD6, 0x05, 0xC1, 0x1C, 0x70,
    0x1C, 0x88, 0x24, 0x86, 0x0A, 0x29, 0x3F, 0x25, 0x73, 0x0A, 0x2D, 0x23, 0xB7, 0x10, 0xDE, 0xD3,
    0xCC, 0x8B, 0xE4, 0x05, 0xF2, 0xFC, 0x9D, 0x3C, 0x3A, 0x48, 0x12, 0x7E, 0x90, 0x2C, 0xA8, 0x59,
    0xC3, 0xE4, 0x21, 0x89, 0xA8, 0xC4, 0x84, 0x11, 0x15, 0x46, 0x5C, 0x34, 0x22, 0xA3, 0x11, 0x1B,
    0x47, 0xD1, 0xE1, 0xC4, 0x47, 0x14, 0x21, 0x41, 0x8C, 0xF8, 0x49, 0xC9, 0xE4, 0x64, 0x92, 0x32,
    0x59, 0x59, 0xB4, 0x30, 0xF7, 0xF5, 0x26, 0x57, 0x4B, 0x6E, 0x79, 0x93, 0x6B, 0xFF, 0xE5, 0xD6,
    0xF7, 0xE6, 0xF2, 0xF8, 0xDA, 0x41, 0xD1, 0x44, 0xC9, 0xAA, 0x68, 0x63, 0xB3, 0x1F, 0x61, 0xE8,
    0xCC, 0x72, 0x8B, 0x86, 0x75, 0xE4, 0x1E, 0x8E, 0x5B, 0x44, 0xEE, 0x10, 0xCC, 0xEC, 0x4E, 0xFB,
    0xC5, 0x5D, 0x41, 0xD0, 0x27, 0x49, 0x2F, 0x0B, 0xAF, 0x20, 0x4F, 0xF3, 0x66, 0xCD, 0x7A, 0xCF,
    0x4F, 0xFA, 0xB2, 0x1F, 0x77, 0x0F, 0xAA, 0x33, 0xFC, 0xD2, 0x33, 0x3F, 0xA4, 0x7C, 0x89, 0xEC,
    0x4C, 0x96, 0x35, 0x52, 0x5F, 0xDF, 0x3B, 0xF4, 0x41, 0xFB, 0xF4, 0xFA, 0x0F, 0x63, 0x60, 0x00,
    0x83, 0x12, 0x20, 0x66, 0xFC, 0x0B, 0x24, 0xD8, 0xFF, 0x3B, 0x30, 0x30, 0xC8, 0xB9, 0x5D, 0x60,
    0x60, 0xA8, 0x60, 0xD8, 0x02, 0x14, 0xFA, 0x52, 0x0B, 0x14, 0xFA, 0x52, 0xEF, 0x20, 0xFF, 0xFF,
    0xC1, 0xFF, 0x0B, 0xF6, 0xFF, 0x9B, 0xFE, 0x7F, 0xE0, 0xFF, 0xCF, 0xFD, 0xFF, 0x00, 0xF3, 0xFF,
    0xF8, 0xFF, 0x0C, 0x0C, 0xFF, 0xFF, 0xFF, 0x61, 0x60, 0xB0, 0xE7, 0xFE, 0xC0, 0xC0, 0xC0, 0xCF,
    0x7D, 0x80, 0x81, 0x81, 0xF9, 0x3D, 0xC8, 0xA8, 0x3F, 0x20, 0x42, 0x81, 0x81, 0x01, 0x00,
};

static const EpdGlyph notosans_c19_italicGlyphs[] = {
    { 0, 0, 0, 0, 0, 0, 0 }, // U+0000
    { 0, 0, 79, 0, 0, 0, 0 }, // U+000D
    { 0, 0, 79, 0, 0, 0, 0 }, // U+0020
    { 6, 15, 79, 0, 14, 23, 0 }, // !
    { 6, 6, 119, 2, 14, 9, 23 }, // "
    { 13, 14, 196, 0, 14, 46, 32 }, // #
    { 10, 17, 168, 0, 15, 43, 78 }, // $
    { 14, 15, 243, 1, 14, 53, 121 }, // %
    { 13, 15, 205, 0, 14, 49, 174 }, // &
    { 3, 6, 67, 2, 14, 5, 223 }, // '
    { 7, 17, 88, 0, 14, 30, 228 }, // (
    { 7, 17, 88, -2, 14, 30, 258 }, // )
    { 10, 10, 168, 1, 15, 25, 288 }, // *
    { 10, 10, 174, 1, 12, 25, 313 }, // +
    { 4, 6, 78, -1, 3, 6, 338 }, // ,
    { 6, 2, 95, 0, 6, 3, 344 }, // -
    { 3, 4, 78, 0, 3, 3, 347 }, // .
    { 10, 14, 108, -1, 14, 35, 350 }, // /
    { 10, 15, 170, 1, 14, 38, 385 }, // 0
    { 7, 14, 139, 1, 14, 25, 423 }, // 1
    { 11, 14, 168, -1, 14, 39, 448 }, // 2
    { 11, 15, 168, -1, 14, 42, 487 }, // 3
    { 11, 14, 168, 0, 14, 39, 529 }, // 4
    { 10, 15, 168, 0, 14, 38, 568 }, // 5
    { 11, 15, 168, 0, 14, 42, 606 }, // 6
    { 10, 14, 145, 1, 14, 35, 648 }, // 7
    { 11, 15, 168, 0, 14, 42, 683 }, // 8
    { 10, 15, 168, 0, 14, 38, 725 }, // 9
    { 5, 12, 78, 0, 11, 15, 763 }, // :
    { 6, 14, 78, -1, 11, 21, 778 }, // ;
    { 10, 10, 174, 1, 12, 25, 799 }, // <
    { 10, 6, 174, 1, 10, 15, 824 }, // =
    { 10, 10, 174, 1, 12, 25, 839 }, // >
    { 8, 15, 131, 1, 14, 30, 864 }, // ?
    { 15, 16, 258, 1, 14, 60, 894 }, // @
    { 12, 14, 171, -2, 14, 42, 954 }, // A
    { 12, 14, 182, 0, 14, 42, 996 }, // B
    { 12, 15, 178, 1, 14, 45, 1038 }, // C
    { 13, 14, 203, 0, 14, 46, 1083 }, // D
    { 11, 14, 156, 0, 14, 39, 1129 }, // E
    { 11, 14, 145, 0, 14, 39, 1168 }, // F
    { 12, 15, 206, 1, 14, 45, 1207 }, // G
    { 13, 14, 207, 0, 14, 46, 1252 }, // H
    { 9, 14, 98, -1, 14, 32, 1298 }, // I
    { 9, 18, 83, -3, 14, 41, 1330 }, // J
    { 13, 14, 171, 0, 14, 46, 1371 }, // K
    { 8, 14, 145, 0, 14, 28, 1417 }, // L
    { 17, 14, 256, 0, 14, 60, 1445 }, // M
    { 14, 14, 215, 0, 14, 49, 1505 }, // N
    { 13, 15, 219, 1, 14, 49, 1554 }, // O
    { 11, 14, 172, 0, 14, 39, 1603 }, // P
    { 13, 18, 219, 1, 14, 59, 1642 }, // Q
    { 11, 14, 174, 0, 14, 39, 1701 }, // R
    { 10, 15, 154, 0, 14, 38, 1740 }, // S
    { 11, 14, 152, 1, 14, 39, 1778 }, // T
    { 13, 15, 206, 1, 14, 49, 1817 }, // U
    { 12, 14, 168, 1, 14, 42, 1866 }, // V
    { 16, 14, 260, 2, 14, 56, 1908 }, // W
    { 13, 14, 160, -1, 14, 46, 1964 }, // X
    { 11, 14, 155, 1, 14, 39, 2010 }, // Y
    { 12, 14, 161, -1, 14, 42, 2049 }, // Z
    { 9, 17, 88, -1, 14, 39, 2091 }, // [
    { 4, 14, 108, 2, 14, 14, 2130 }, // <backslash>
    { 8, 17, 88, -2, 14, 34, 2144 }, // ]
    { 11, 9, 174, 0, 14, 25, 2178 }, // ^
    { 9, 2, 120, -2, -1, 5, 2203 }, // _
    { 4, 4, 85, 2, 15, 4, 2208 }, // `
    { 11, 12, 173, 0, 11, 33, 2212 }, // a
    { 11, 16, 176, 0, 15, 44, 2245 }, // b
    { 9, 12, 138, 0, 11, 27, 2289 }, // c
    { 12, 16, 176, 0, 15, 48, 2316 }, // d
    { 9, 12, 152, 0, 11, 27, 2364 }, // e
    { 12, 20, 97, -3, 15, 60, 2391 }, // f
    { 11, 16, 176, 0, 11, 44, 2451 }, // g
    { 10, 15, 176, 0, 15, 38, 2495 }, // h
    { 6, 14, 78, 0, 14, 21, 2533 }, // i
    { 9, 19, 78, -3, 14, 43, 2554 }, // j
    { 10, 15, 150, 0, 15, 38, 2597 }, // k
    { 6, 15, 78, 0, 15, 23, 2635 }, // l
    { 16, 11, 266, 0, 11, 44, 2658 }, // m
    { 10, 11, 176, 0, 11, 28, 2702 }, // n
    { 10, 12, 171, 0, 11, 30, 2730 }, // o
    { 12, 16, 176, -1, 11, 48, 2760 }, // p
    { 11, 16, 176, 0, 11, 44, 2808 }, // q
    { 9, 11, 121, 0, 11, 25, 2852 }, // r
    { 8, 12, 131, 0, 11, 24, 2877 }, // s
    { 7, 14, 101, 0, 13, 25, 2901 }, // t
    { 10, 12, 176, 1, 11, 30, 2926 }, // u
    { 10, 11, 142, 0, 11, 28, 2956 }, // v
    { 14, 11, 220, 1, 11, 39, 2984 }, // w
    { 11, 11, 147, -1, 11, 31, 3023 }, // x
    { 12, 16, 142, -2, 11, 48, 3054 }, // y
    { 10, 11, 135, -1, 11, 28, 3102 }, // z
    { 8, 17, 106, 0, 14, 34, 3130 }, // {
    { 3, 20, 168, 4, 15, 15, 3164 }, // |
    { 8, 17, 106, -1, 14, 34, 3179 }, // }
    { 10, 3, 174, 1, 8, 8, 3213 }, // ~
    { 0, 0, 79, 0, 0, 0, 0 }, // U+00A0
    { 6, 15, 79, -1, 11, 23, 0 }, // U+00A1
    { 8, 15, 168, 2, 14, 30, 23 }, // U+00A2
    { 12, 14, 168, -1, 14, 42, 53 }, // U+00A3
    { 9, 9, 168, 1, 11, 21, 95 }, // U+00A4
    { 11, 14, 168, 1, 14, 39, 116 }, // U+00A5
    { 3, 20, 168, 4, 15, 15, 155 }, // U+00A6
    { 10, 16, 148, 0, 15, 40, 170 }, // U+00A7
    { 6, 3, 168, 4, 14, 5, 210 }, // U+00A8
    { 15, 15, 253, 0, 14, 57, 215 }, // U+00A9
    { 7, 7, 103, 1, 14, 13, 272 }, // U+00AA
    { 9, 8, 145, 0, 9, 18, 285 }, // U+00AB
    { 10, 6, 174, 1, 8, 15, 303 }, // U+00AC
    { 6, 2, 95, 0, 6, 3, 318 }, // U+00AD
    { 15, 15, 253, 0, 14, 57, 321 }, // U+00AE
    { 9, 2, 119, 1, 16, 5, 378 }, // U+00AF
    { 7, 7, 130, 1, 14, 13, 383 }, // U+00B0
    { 10, 12, 174, 1, 12, 30, 396 }, // U+00B1
    { 7, 10, 107, 1, 17, 18, 426 }, // U+00B2
    { 7, 10, 107, 1, 17, 18, 444 }, // U+00B3
    { 5, 4, 80, 2, 15, 5, 462 }, // U+00B4
    { 12, 16, 178, -1, 11, 48, 467 }, // U+00B5
    { 11, 18, 199, 1, 15, 50, 515 }, // U+00B6
    { 3, 4, 78, 1, 9, 3, 565 }, // U+00B7
    { 4, 5, 62, -2, 0, 5, 568 }, // U+00B8
    { 5, 10, 107, 2, 17, 13, 573 }, // U+00B9
    { 7, 7, 103, 1, 14, 13, 586 }, // U+00BA
    { 9, 8, 145, 0, 9, 18, 599 }, // U+00BB
    { 13, 16, 223, 1, 15, 52, 617 }, // U+00BC
    { 14, 16, 245, 1, 15, 56, 669 }, // U+00BD
    { 14, 16, 241, 1, 15, 56, 725 }, // U+00BE
    { 8, 15, 131, -1, 11, 30, 781 }, // U+00BF
    { 12, 18, 171, -2, 18, 54, 811 }, // U+00C0
    { 13, 18, 171, -2, 18, 59, 865 }, // U+00C1
    { 13, 18, 171, -2, 18, 59, 924 }, // U+00C2
    { 14, 17, 171, -2, 17, 60, 983 }, // U+00C3
    { 13, 17, 171, -2, 17, 56, 1043 }, // U+00C4
    { 12, 19, 171, -2, 19, 57, 1099 }, // U+00C5
    { 19, 14, 250, -2, 14, 67, 1156 }, // U+00C6
    { 12, 19, 178, 1, 14, 57, 1223 }, // U+00C7
    { 11, 18, 156, 0, 18, 50, 1280 }, // U+00C8
    { 11, 18, 156, 0, 18, 50, 1330 }, // U+00C9
    { 11, 18, 156, 0, 18, 50, 1380 }, // U+00CA
    { 11, 17, 156, 0, 17, 47, 1430 }, // U+00CB
    { 9, 18, 98, -1, 18, 41, 1477 }, // U+00CC
    { 10, 18, 98, -1, 18, 45, 1518 }, // U+00CD
    { 9, 18, 98, -1, 18, 41, 1563 }, // U+00CE
    { 9, 17, 98, -1, 17, 39, 1604 }, // U+00CF
    { 13, 14, 203, 0, 14, 46, 1643 }, // U+00D0
    { 14, 17, 215, 0, 17, 60, 1689 }, // U+00D1
    { 13, 19, 219, 1, 18, 62, 1749 }, // U+00D2
    { 13, 19, 219, 1, 18, 62, 1811 }, // U+00D3
    { 13, 19, 219, 1, 18, 62, 1873 }, // U+00D4
    { 13, 18, 219, 1, 17, 59, 1935 }, // U+00D5
    { 13, 18, 219, 1, 17, 59, 1994 }, // U+00D6
    { 9, 9, 174, 1, 11, 21, 2053 }, // U+00D7
    { 13, 16, 219, 1, 15, 52, 2074 }, // U+00D8
    { 13, 19, 206, 1, 18, 62, 2126 }, // U+00D9
    { 13, 19, 206, 1, 18, 62, 2188 }, // U+00DA
    { 13, 19, 206, 1, 18, 62, 2250 }, // U+00DB
    { 13, 18, 206, 1, 17, 59, 2312 }, // U+00DC
    { 11, 18, 155, 1, 18, 50, 2371 }, // U+00DD
    { 11, 14, 172, 0, 14, 39, 2421 }, // U+00DE
    { 14, 20, 178, -3, 15, 70, 2460 }, // U+00DF
    { 11, 16, 173, 0, 15, 44, 2530 }, // U+00E0
    { 11, 16, 173, 0, 15, 44, 2574 }, // U+00E1
    { 11, 16, 173, 0, 15, 44, 2618 }, // U+00E2
    { 11, 15, 173, 0, 14, 42, 2662 }, // U+00E3
    { 11, 15, 173, 0, 14, 42, 2704 }, // U+00E4
    { 11, 17, 173, 0, 16, 47, 2746 }, // U+00E5
    { 16, 12, 249, 0, 11, 48, 2793 }, // U+00E6
    { 9, 16, 138, 0, 11, 36, 2841 }, // U+00E7
    { 9, 16, 152, 0, 15, 36, 2877 }, // U+00E8
    { 10, 16, 152, 0, 15, 40, 2913 }, // U+00E9
    { 10, 16, 152, 0, 15, 40, 2953 }, // U+00EA
    { 10, 15, 152, 0, 14, 38, 2993 }, // U+00EB
    { 5, 15, 78, 0, 15, 19, 3031 }, // U+00EC
    { 7, 15, 78, 0, 15, 27, 3050 }, // U+00ED
    { 7, 15, 78, 0, 15, 27, 3077 }, // U+00EE
    { 7, 14, 78, 0, 14, 25, 3104 }, // U+00EF
    { 11, 16, 173, 0, 15, 44, 3129 }, // U+00F0
    { 11, 14, 176, 0, 14, 39, 3173 }, // U+00F1
    { 10, 16, 171, 0, 15, 40, 3212 }, // U+00F2
    { 10, 16, 171, 0, 15, 40, 3252 }, // U+00F3
    { 10, 16, 171, 0, 15, 40, 3292 }, // U+00F4
    { 11, 15, 171, 0, 14, 42, 3332 }, // U+00F5
    { 10, 15, 171, 0, 14, 38, 3374 }, // U+00F6
    { 10, 10, 174, 1, 12, 25, 3412 }, // U+00F7
    { 11, 12, 171, 0, 11, 33, 3437 }, // U+00F8
    { 10, 16, 176, 1, 15, 40, 3470 }, // U+00F9
    { 10, 16, 176, 1, 15, 40, 3510 }, // U+00FA
    { 10, 16, 176, 1, 15, 40, 3550 }, // U+00FB
    { 10, 15, 176, 1, 14, 38, 3590 }, // U+00FC
    { 12, 20, 142, -2, 15, 60, 3628 }, // U+00FD
    { 12, 20, 176, -1, 15, 60, 3688 }, // U+00FE
    { 12, 19, 142, -2, 14, 57, 3748 }, // U+00FF
    { 13, 16, 171, -2, 16, 52, 0 }, // U+0100
    { 11, 14, 173, 0, 13, 39, 52 }, // U+0101
    { 13, 18, 171, -2, 18, 59, 91 }, // U+0102
    { 11, 16, 173, 0, 15, 44, 150 }, // U+0103
    { 12, 19, 171, -2, 14, 57, 194 }, // U+0104
    { 11, 16, 173, 0, 11, 44, 251 }, // U+0105
    { 12, 19, 178, 1, 18, 57, 295 }, // U+0106
    { 10, 16, 138, 0, 15, 40, 352 }, // U+0107
    { 12, 19, 178, 1, 18, 57, 392 }, // U+0108
    { 9, 16, 138, 0, 15, 36, 449 }, // U+0109
    { 12, 18, 178, 1, 17, 54, 485 }, // U+010A
    { 9, 15, 138, 0, 14, 34, 539 }, // U+010B
    { 12, 19, 178, 1, 18, 57, 573 }, // U+010C
    { 10, 16, 138, 0, 15, 40, 630 }, // U+010D
    { 13, 18, 203, 0, 18, 59, 670 }, // U+010E
    { 15, 16, 186, 0, 15, 60, 729 }, // U+010F
    { 13, 14, 203, 0, 14, 46, 789 }, // U+0110
    { 13, 16, 176, 0, 15, 52, 835 }, // U+0111
    { 11, 16, 156, 0, 16, 44, 887 }, // U+0112
    { 10, 14, 152, 0, 13, 35, 931 }, // U+0113
    { 11, 18, 156, 0, 18, 50, 966 }, // U+0114
    { 10, 16, 152, 0, 15, 40, 1016 }, // U+0115
    { 11, 17, 156, 0, 17, 47, 1056 }, // U+0116
    { 9, 15, 152, 0, 14, 34, 1103 }, // U+0117
    { 11, 19, 156, 0, 14, 53, 1137 }, // U+0118
    { 9, 16, 152, 0, 11, 36, 1190 }, // U+0119
    { 11, 18, 156, 0, 18, 50, 1226 }, // U+011A
    { 10, 16, 152, 0, 15, 40, 1276 }, // U+011B
    { 12, 19, 206, 1, 18, 57, 1316 }, // U+011C
    { 11, 20, 176, 0, 15, 55, 1373 }, // U+011D
    { 12, 19, 206, 1, 18, 57, 1428 }, // U+011E
    { 11, 20, 176, 0, 15, 55, 1485 }, // U+011F
    { 12, 18, 206, 1, 17, 54, 1540 }, // U+0120
    { 11, 19, 176, 0, 14, 53, 1594 }, // U+0121
    { 12, 19, 206, 1, 14, 57, 1647 }, // U+0122
    { 11, 20, 176, 0, 15, 55, 1704 }, // U+0123
    { 13, 18, 207, 0, 18, 59, 1759 }, // U+0124
    { 10, 19, 176, 0, 19, 48, 1818 }, // U+0125
    { 15, 14, 207, 0, 14, 53, 1866 }, // U+0126
    { 10, 15, 176, 0, 15, 38, 1919 }, // U+0127
    { 10, 17, 98, -1, 17, 43, 1957 }, // U+0128
    { 8, 14, 78, 0, 14, 28, 2000 }, // U+0129
    { 9, 16, 98, -1, 16, 36, 2028 }, // U+012A
    { 7, 13, 78, 0, 13, 23, 2064 }, // U+012B
    { 10, 18, 98, -1, 18, 45, 2087 }, // U+012C
    { 7, 15, 78, 0, 15, 27, 2132 }, // U+012D
    { 9, 19, 98, -1, 14, 43, 2159 }, // U+012E
    { 7, 19, 78, -1, 14, 34, 2202 }, // U+012F
    { 9, 17, 98, -1, 17, 39, 2236 }, // U+0130
    { 5, 11, 78, 0, 11, 14, 2275 }, // U+0131
    { 13, 18, 181, -1, 14, 59, 2289 }, // U+0132
    { 11, 19, 157, 0, 14, 53, 2348 }, // U+0133
    { 11, 22, 83, -3, 18, 61, 2401 }, // U+0134
    { 10, 20, 78, -3, 15, 50, 2462 }, // U+0135
    { 13, 19, 171, 0, 14, 62, 2512 }, // U+0136
    { 10, 20, 150, 0, 15, 50, 2574 }, // U+0137
    { 10, 11, 150, 0, 11, 28, 2624 }, // U+0138
    { 9, 18, 145, 0, 18, 41, 2652 }, // U+0139
    { 8, 19, 78, 0, 19, 38, 2693 }, // U+013A
    { 8, 19, 145, 0, 14, 38, 2731 }, // U+013B
    { 7, 20, 78, -1, 15, 35, 2769 }, // U+013C
    { 10, 14, 145, 0, 14, 35, 2804 }, // U+013D
    { 9, 15, 88, 0, 15, 34, 2839 }, // U+013E
    { 9, 14, 145, 0, 14, 32, 2873 }, // U+013F
    { 7, 15, 90, 0, 15, 27, 2905 }, // U+0140
    { 8, 14, 145, 0, 14, 28, 2932 }, // U+0141
    { 6, 15, 78, 0, 15, 23, 2960 }, // U+0142
    { 14, 18, 215, 0, 18, 63, 2983 }, // U+0143
    { 10, 15, 176, 0, 15, 38, 3046 }, // U+0144
    { 14, 19, 215, 0, 14, 67, 3084 }, // U+0145
    { 10, 16, 176, 0, 11, 40, 3151 }, // U+0146
    { 14, 18, 215, 0, 18, 63, 3191 }, // U+0147
    { 11, 15, 176, 0, 15, 42, 3254 }, // U+0148
    { 12, 14, 200, 0, 14, 42, 3296 }, // U+0149
    { 14, 18, 215, 0, 14, 63, 3338 }, // U+014A
    { 10, 16, 176, 0, 11, 40, 3401 }, // U+014B
    { 13, 17, 219, 1, 16, 56, 3441 }, // U+014C
    { 10, 14, 171, 0, 13, 35, 3497 }, // U+014D
    { 13, 19, 219, 1, 18, 62, 3532 }, // U+014E
    { 10, 16, 171, 0, 15, 40, 3594 }, // U+014F
    { 13, 19, 219, 1, 18, 62, 3634 }, // U+0150
    { 12, 16, 171, 0, 15, 48, 3696 }, // U+0151
    { 17, 15, 261, 1, 14, 64, 3744 }, // U+0152
    { 16, 12, 263, 0, 11, 48, 3808 }, // U+0153
    { 11, 18, 174, 0, 18, 50, 3856 }, // U+0154
    { 9, 15, 121, 0, 15, 34, 3906 }, // U+0155
    { 11, 19, 174, 0, 14, 53, 3940 }, // U+0156
    { 10, 16, 121, -1, 11, 40, 3993 }, // U+0157
    { 11, 18, 174, 0, 18, 50, 4033 }, // U+0158
    { 10, 15, 121, 0, 15, 38, 4083 }, // U+0159
    { 10, 19, 154, 0, 18, 48, 4121 }, // U+015A
    { 9, 16, 131, 0, 15, 36, 4169 }, // U+015B
    { 10, 19, 154, 0, 18, 48, 4205 }, // U+015C
    { 9, 16, 131, 0, 15, 36, 4253 }, // U+015D
    { 10, 19, 154, 0, 14, 48, 4289 }, // U+015E
    { 8, 16, 131, 0, 11, 32, 4337 }, // U+015F
    { 11, 19, 154, 0, 18, 53, 4369 }, // U+0160
    { 9, 16, 131, 0, 15, 36, 4422 }, // U+0161
    { 11, 19, 152, 1, 14, 53, 4458 }, // U+0162
    { 7, 18, 101, 0, 13, 32, 4511 }, // U+0163
    { 11, 18, 152, 1, 18, 50, 4543 }, // U+0164
    { 9, 16, 101, 0, 15, 36, 4593 }, // U+0165
    { 11, 14, 152, 1, 14, 39, 4629 }, // U+0166
    { 7, 14, 101, 0, 13, 25, 4668 }, // U+0167
    { 13, 18, 206, 1, 17, 59, 4693 }, // U+0168
    { 10, 15, 176, 1, 14, 38, 4752 }, // U+0169
    { 13, 17, 206, 1, 16, 56, 4790 }, // U+016A
    { 10, 14, 176, 1, 13, 35, 4846 }, // U+016B
    { 13, 19, 206, 1, 18, 62, 4881 }, // U+016C
    { 10, 16, 176, 1, 15, 40, 4943 }, // U+016D
    { 13, 20, 206, 1, 19, 65, 4983 }, // U+016E
    { 10, 17, 176, 1, 16, 43, 5048 }, // U+016F
    { 13, 19, 206, 1, 18, 62, 5091 }, // U+0170
    { 11, 16, 176, 1, 15, 44, 5153 }, // U+0171
    { 13, 19, 206, 1, 14, 62, 5197 }, // U+0172
    { 10, 16, 176, 1, 11, 40, 5259 }, // U+0173
    { 16, 18, 260, 2, 18, 72, 5299 }, // U+0174
    { 14, 15, 220, 1, 15, 53, 5371 }, // U+0175
    { 11, 18, 155, 1, 18, 50, 5424 }, // U+0176
    { 12, 20, 142, -2, 15, 60, 5474 }, // U+0177
    { 11, 17, 155, 1, 17, 47, 5534 }, // U+0178
    { 12, 18, 161, -1, 18, 54, 5581 }, // U+0179
    { 10, 15, 135, -1, 15, 38, 5635 }, // U+017A
    { 12, 17, 161, -1, 17, 51, 5673 }, // U+017B
    { 10, 14, 135, -1, 14, 35, 5724 }, // U+017C
    { 12, 18, 161, -1, 18, 54, 5759 }, // U+017D
    { 11, 15, 135, -1, 15, 42, 5813 }, // U+017E
    { 12, 20, 86, -3, 15, 60, 5855 }, // U+017F
    { 15, 16, 219, 1, 15, 60, 0 }, // U+01A0
    { 13, 13, 173, 0, 12, 43, 60 }, // U+01A1
    { 16, 16, 221, 1, 15, 64, 103 }, // U+01AF
    { 14, 13, 190, 1, 12, 46, 167 }, // U+01B0
    { 24, 18, 364, 0, 18, 108, 213 }, // U+01C4
    { 22, 15, 338, 0, 15, 83, 321 }, // U+01C5
    { 21, 16, 311, 0, 15, 84, 404 }, // U+01C6
    { 15, 18, 228, 0, 14, 68, 488 }, // U+01C7
    { 15, 19, 224, 0, 14, 72, 556 }, // U+01C8
    { 11, 20, 157, 0, 15, 55, 628 }, // U+01C9
    { 19, 18, 298, 0, 14, 86, 683 }, // U+01CA
    { 19, 19, 293, 0, 14, 91, 769 }, // U+01CB
    { 17, 19, 254, 0, 14, 81, 860 }, // U+01CC
    { 13, 18, 171, -2, 18, 59, 941 }, // U+01CD
    { 11, 16, 173, 0, 15, 44, 1000 }, // U+01CE
    { 10, 18, 98, -1, 18, 45, 1044 }, // U+01CF
    { 8, 15, 78, 0, 15, 30, 1089 }, // U+01D0
    { 13, 19, 219, 1, 18, 62, 1119 }, // U+01D1
    { 10, 16, 171, 0, 15, 40, 1181 }, // U+01D2
    { 13, 19, 206, 1, 18, 62, 1221 }, // U+01D3
    { 10, 16, 176, 1, 15, 40, 1283 }, // U+01D4
    { 13, 21, 206, 1, 20, 69, 1323 }, // U+01D5
    { 10, 17, 176, 1, 16, 43, 1392 }, // U+01D6
    { 13, 21, 206, 1, 20, 69, 1435 }, // U+01D7
    { 10, 18, 176, 1, 17, 45, 1504 }, // U+01D8
    { 13, 22, 206, 1, 21, 72, 1549 }, // U+01D9
    { 10, 19, 176, 1, 18, 48, 1621 }, // U+01DA
    { 13, 21, 206, 1, 20, 69, 1669 }, // U+01DB
    { 10, 18, 176, 1, 17, 45, 1738 }, // U+01DC
    { 9, 12, 150, 0, 11, 27, 1783 }, // U+01DD
    { 13, 20, 171, -2, 20, 65, 1810 }, // U+01DE
    { 11, 17, 173, 0, 16, 47, 1875 }, // U+01DF
    { 13, 20, 171, -2, 20, 65, 1922 }, // U+01E0
    { 11, 17, 173, 0, 16, 47, 1987 }, // U+01E1
    { 19, 16, 250, -2, 16, 76, 2034 }, // U+01E2
    { 16, 14, 249, 0, 13, 56, 2110 }, // U+01E3
    { 12, 15, 206, 1, 14, 45, 2166 }, // U+01E4
    { 11, 16, 154, 0, 11, 44, 2211 }, // U+01E5
    { 12, 19, 206, 1, 18, 57, 2255 }, // U+01E6
    { 11, 20, 176, 0, 15, 55, 2312 }, // U+01E7
    { 13, 18, 171, 0, 18, 59, 2367 }, // U+01E8
    { 10, 19, 150, 0, 19, 48, 2426 }, // U+01E9
    { 13, 19, 219, 1, 14, 62, 2474 }, // U+01EA
    { 10, 16, 171, 0, 11, 40, 2536 }, // U+01EB
    { 13, 21, 219, 1, 16, 69, 2576 }, // U+01EC
    { 10, 18, 171, 0, 13, 45, 2645 }, // U+01ED
    { 11, 19, 161, 0, 18, 53, 2690 }, // U+01EE
    { 11, 20, 141, -2, 15, 55, 2743 }, // U+01EF
    { 11, 20, 78, -3, 15, 55, 2798 }, // U+01F0
    { 24, 14, 364, 0, 14, 84, 2853 }, // U+01F1
    { 22, 14, 338, 0, 14, 77, 2937 }, // U+01F2
    { 20, 16, 311, 0, 15, 80, 3014 }, // U+01F3
    { 12, 19, 206, 1, 18, 57, 3094 }, // U+01F4
    { 11, 20, 176, 0, 15, 55, 3151 }, // U+01F5
    { 17, 15, 273, 0, 14, 64, 3206 }, // U+01F6
    { 13, 19, 192, -1, 14, 62, 3270 }, // U+01F7
    { 14, 18, 215, 0, 18, 63, 3332 }, // U+01F8
    { 10, 15, 176, 0, 15, 38, 3395 }, // U+01F9
    { 13, 19, 171, -2, 19, 62, 3433 }, // U+01FA
    { 11, 20, 173, 0, 19, 55, 3495 }, // U+01FB
    { 19, 18, 250, -2, 18, 86, 3550 }, // U+01FC
    { 16, 16, 249, 0, 15, 64, 3636 }, // U+01FD
    { 13, 19, 219, 1, 18, 62, 3700 }, // U+01FE
    { 11, 16, 171, 0, 15, 44, 3762 }, // U+01FF
    { 12, 18, 171, -2, 18, 54, 3806 }, // U+0200
    { 11, 16, 173, 0, 15, 44, 3860 }, // U+0201
    { 13, 18, 171, -2, 18, 59, 3904 }, // U+0202
    { 11, 16, 173, 0, 15, 44, 3963 }, // U+0203
    { 11, 18, 156, 0, 18, 50, 4007 }, // U+0204
    { 9, 16, 152, 0, 15, 36, 4057 }, // U+0205
    { 11, 18, 156, 0, 18, 50, 4093 }, // U+0206
    { 9, 16, 152, 0, 15, 36, 4143 }, // U+0207
    { 9, 18, 98, -1, 18, 41, 4179 }, // U+0208
    { 7, 15, 78, -1, 15, 27, 4220 }, // U+0209
    { 9, 18, 98, -1, 18, 41, 4247 }, // U+020A
    { 7, 15, 78, 0, 15, 27, 4288 }, // U+020B
    { 13, 19, 219, 1, 18, 62, 4315 }, // U+020C
    { 10, 16, 171, 0, 15, 40, 4377 }, // U+020D
    { 13, 19, 219, 1, 18, 62, 4417 }, // U+020E
    { 10, 16, 171, 0, 15, 40, 4479 }, // U+020F
    { 11, 18, 174, 0, 18, 50, 4519 }, // U+0210
    { 9, 15, 121, 0, 15, 34, 4569 }, // U+0211
    { 11, 18, 174, 0, 18, 50, 4603 }, // U+0212
    { 9, 15, 121, 0, 15, 34, 4653 }, // U+0213
    { 13, 19, 206, 1, 18, 62, 4687 }, // U+0214
    { 10, 16, 176, 1, 15, 40, 4749 }, // U+0215
    { 13, 19, 206, 1, 18, 62, 4789 }, // U+0216
    { 10, 16, 176, 1, 15, 40, 4851 }, // U+0217
    { 10, 19, 154, 0, 14, 48, 4891 }, // U+0218
    { 8, 16, 131, 0, 11, 32, 4939 }, // U+0219
    { 11, 19, 152, 1, 14, 53, 4971 }, // U+021A
    { 7, 18, 101, 0, 13, 32, 5024 }, // U+021B
    { 12, 18, 175, -1, 14, 54, 5056 }, // U+021C
    { 11, 16, 151, -2, 11, 44, 5110 }, // U+021D
    { 13, 18, 207, 0, 18, 59, 5154 }, // U+021E
    { 10, 19, 176, 0, 19, 48, 5213 }, // U+021F
    { 4, 4, 0, -8, 15, 4, 0 }, // U+0300
    { 5, 4, 0, -5, 15, 5, 4 }, // U+0301
    { 7, 4, 0, -2, 15, 7, 9 }, // U+0302
    { 8, 3, 0, -8, 14, 6, 16 }, // U+0303
    { 7, 2, 0, -2, 13, 4, 22 }, // U+0304
    { 8, 2, 0, -2, 16, 4, 26 }, // U+0305
    { 6, 4, 0, -1, 15, 6, 30 }, // U+0306
    { 3, 3, 0, 0, 14, 3, 36 }, // U+0307
    { 6, 3, 0, -1, 14, 5, 39 }, // U+0308
    { 4, 5, 0, -6, 16, 5, 44 }, // U+0309
    { 5, 5, 0, -1, 16, 7, 49 }, // U+030A
    { 8, 4, 0, -2, 15, 8, 56 }, // U+030B
    { 6, 4, 0, -1, 15, 6, 64 }, // U+030C
    { 4, 6, 0, 0, 15, 6, 70 }, // U+030D
    { 6, 4, 0, -1, 15, 6, 76 }, // U+030E
    { 8, 4, 0, -10, 15, 8, 82 }, // U+030F
    { 6, 6, 0, -1, 17, 9, 90 }, // U+0310
    { 7, 4, 0, -2, 15, 7, 99 }, // U+0311
    { 5, 6, 0, -1, 14, 8, 106 }, // U+0312
    { 5, 6, 0, -1, 14, 8, 114 }, // U+0313
    { 3, 6, 0, 0, 14, 5, 122 }, // U+0314
    { 5, 6, 0, -1, 14, 8, 127 }, // U+0315
    { 4, 4, 0, -4, 0, 4, 135 }, // U+0316
    { 5, 4, 0, -3, 0, 5, 139 }, // U+0317
    { 5, 5, 0, -4, 0, 7, 144 }, // U+0318
    { 5, 5, 0, -4, 0, 7, 151 }, // U+0319
    { 7, 6, 99, 1, 15, 11, 158 }, // U+031A
    { 5, 5, 0, -1, 15, 7, 169 }, // U+031B
    { 3, 5, 0, -1, 0, 4, 176 }, // U+031C
    { 5, 4, 0, -4, 0, 5, 180 }, // U+031D
    { 5, 4, 0, -4, 0, 5, 185 }, // U+031E
    { 5, 5, 0, -4, 0, 7, 190 }, // U+031F
    { 5, 2, 0, -4, -1, 3, 197 }, // U+0320
    { 5, 6, 0, -4, 1, 8, 200 }, // U+0321
    { 4, 6, 0, -2, 1, 6, 208 }, // U+0322
    { 3, 3, 0, -8, -1, 3, 214 }, // U+0323
    { 7, 3, 0, -5, -1, 6, 217 }, // U+0324
    { 5, 5, 0, -4, 0, 7, 223 }, // U+0325
    { 4, 4, 0, 1, -1, 4, 230 }, // U+0326
    { 5, 5, 0, -4, 0, 7, 234 }, // U+0327
    { 4, 5, 0, -3, 0, 5, 241 }, // U+0328
    { 3, 6, 0, -3, 0, 5, 246 }, // U+0329
    { 9, 5, 0, -6, 0, 12, 251 }, // U+032A
    { 8, 3, 0, -5, -1, 6, 263 }, // U+032B
    { 6, 4, 0, -4, 0, 6, 269 }, // U+032C
    { 7, 4, 0, -5, 0, 7, 275 }, // U+032D
    { 6, 4, 0, -4, 0, 6, 282 }, // U+032E
    { 7, 4, 0, -5, 0, 7, 288 }, // U+032F
    { 7, 3, 0, -5, -1, 6, 295 }, // U+0330
    { 7, 2, 0, -5, -1, 4, 301 }, // U+0331
    { 9, 2, 0, -6, -1, 5, 305 }, // U+0332
    { 9, 5, 0, -6, 0, 12, 310 }, // U+0333
    { 8, 3, 0, -4, 6, 6, 322 }, // U+0334
    { 8, 2, 0, -4, 6, 4, 328 }, // U+0335
    { 14, 3, 0, -7, 7, 11, 332 }, // U+0336
    { 6, 5, 0, -3, 8, 8, 343 }, // U+0337
    { 12, 17, 0, -6, 15, 51, 351 }, // U+0338
    { 4, 5, 0, -2, 1, 5, 402 }, // U+0339
    { 9, 5, 0, -6, 0, 12, 407 }, // U+033A
    { 9, 5, 0, -6, 0, 12, 419 }, // U+033B
    { 9, 3, 0, -6, -1, 7, 431 }, // U+033C
    { 5, 5, 0, -1, 15, 7, 438 }, // U+033D
    { 5, 7, 0, -1, 17, 9, 445 }, // U+033E
    { 9, 5, 0, -2, 19, 12, 454 }, // U+033F
    { 4, 4, 0, -1, 15, 4, 466 }, // U+0340
    { 5, 4, 0, 0, 15, 5, 470 }, // U+0341
    { 8, 3, 0, 3, 14, 6, 475 }, // U+0342
    { 4, 4, 0, 0, 15, 4, 481 }, // U+0343
    { 8, 4, 0, -2, 15, 8, 485 }, // U+0344
    { 4, 4, 0, -3, -1, 4, 493 }, // U+0345
    { 9, 4, 0, -3, 15, 9, 497 }, // U+0346
    { 9, 5, 0, -6, 0, 12, 506 }, // U+0347
    { 7, 4, 0, -5, 0, 7, 518 }, // U+0348
    { 4, 4, 0, -3, -1, 4, 525 }, // U+0349
    { 8, 5, 0, -2, 15, 10, 529 }, // U+034A
    { 8, 8, 0, -2, 18, 16, 539 }, // U+034B
    { 8, 6, 0, -2, 17, 12, 555 }, // U+034C
    { 7, 5, 0, -5, 0, 9, 567 }, // U+034D
    { 4, 5, 0, -3, 0, 5, 576 }, // U+034E
    { 14, 14, 0, -7, 14, 49, 581 }, // U+034F
    { 4, 5, 0, 0, 16, 5, 630 }, // U+0350
    { 3, 5, 0, 2, 15, 4, 635 }, // U+0351
    { 6, 6, 0, -1, 17, 9, 639 }, // U+0352
    { 4, 5, 0, -3, 0, 5, 648 }, // U+0353
    { 4, 5, 0, -3, 0, 5, 653 }, // U+0354
    { 4, 5, 0, -3, 0, 5, 658 }, // U+0355
    { 8, 5, 0, -5, 0, 10, 663 }, // U+0356
    { 3, 5, 0, 2, 16, 4, 673 }, // U+0357
    { 3, 3, 0, 0, 14, 3, 677 }, // U+0358
    { 5, 5, 0, -4, 0, 7, 680 }, // U+0359
    { 9, 5, 0, -6, 0, 12, 687 }, // U+035A
    { 4, 4, 0, 0, 15, 4, 699 }, // U+035B
    { 14, 5, 0, -8, 0, 18, 703 }, // U+035C
    { 15, 5, 0, -6, 16, 19, 721 }, // U+035D
    { 11, 2, 0, -4, 13, 6, 740 }, // U+035E
    { 11, 2, 0, -7, -1, 6, 746 }, // U+035F
    { 15, 3, 0, -6, 14, 12, 752 }, // U+0360
    { 15, 5, 0, -6, 17, 19, 764 }, // U+0361
    { 15, 5, 0, -10, 0, 19, 783 }, // U+0362
    { 6, 5, 0, -1, 16, 8, 802 }, // U+0363
    { 4, 5, 0, 0, 16, 5, 810 }, // U+0364
    { 3, 7, 0, 1, 18, 6, 815 }, // U+0365
    { 5, 5, 0, -1, 16, 7, 821 }, // U+0366
    { 6, 5, 0, -1, 16, 8, 828 }, // U+0367
    { 4, 5, 0, 0, 16, 5, 836 }, // U+0368
    { 6, 7, 0, -1, 18, 11, 841 }, // U+0369
    { 5, 7, 0, -1, 18, 9, 852 }, // U+036A
    { 8, 5, 0, -2, 16, 10, 861 }, // U+036B
    { 4, 5, 0, 0, 16, 5, 871 }, // U+036C
    { 4, 6, 0, 0, 17, 6, 876 }, // U+036D
    { 5, 5, 0, 0, 16, 7, 882 }, // U+036E
    { 6, 5, 0, -1, 16, 8, 889 }, // U+036F
    { 11, 18, 154, 0, 18, 50, 0 }, // U+0400
    { 11, 18, 154, 0, 18, 50, 50 }, // U+0401
    { 11, 15, 202, 1, 14, 42, 100 }, // U+0402
    { 11, 18, 143, 0, 18, 50, 142 }, // U+0403
    { 11, 15, 177, 1, 14, 42, 192 }, // U+0404
    { 10, 15, 154, 0, 14, 38, 234 }, // U+0405
    { 6, 14, 82, 0, 14, 21, 272 }, // U+0406
    { 8, 18, 82, 0, 18, 36, 293 }, // U+0407
    { 9, 18, 83, -3, 14, 41, 329 }, // U+0408
    { 18, 15, 282, -1, 14, 68, 370 }, // U+0409
    { 17, 14, 280, 0, 14, 60, 438 }, // U+040A
    { 11, 14, 207, 1, 14, 39, 498 }, // U+040B
    { 13, 18, 171, 0, 18, 59, 537 }, // U+040C
    { 14, 18, 209, 0, 18, 63, 596 }, // U+040D
    { 13, 19, 171, 0, 18, 62, 659 }, // U+040E
    { 13, 17, 201, 0, 14, 56, 721 }, // U+040F
    { 12, 14, 173, -2, 14, 42, 777 }, // U+0410
    { 11, 14, 168, 0, 14, 39, 819 }, // U+0411
    { 12, 14, 178, 0, 14, 42, 858 }, // U+0412
    { 11, 14, 143, 0, 14, 39, 900 }, // U+0413
    { 15, 17, 209, -2, 14, 64, 939 }, // U+0414
    { 11, 14, 154, 0, 14, 39, 1003 }, // U+0415
    { 18, 14, 244, -1, 14, 63, 1042 }, // U+0416
    { 11, 15, 159, -1, 14, 42, 1105 }, // U+0417
    { 14, 14, 209, 0, 14, 49, 1147 }, // U+0418
    { 14, 18, 209, 0, 18, 63, 1196 }, // U+0419
    { 13, 14, 171, 0, 14, 46, 1259 }, // U+041A
    { 14, 15, 204, -1, 14, 53, 1305 }, // U+041B
    { 16, 14, 255, 0, 14, 56, 1358 }, // U+041C
    { 13, 14, 205, 0, 14, 46, 1414 }, // U+041D
    { 12, 15, 212, 1, 14, 45, 1460 }, // U+041E
    { 13, 14, 202, 0, 14, 46, 1505 }, // U+041F
    { 11, 14, 166, 0, 14, 39, 1551 }, // U+0420
    { 11, 15, 177, 1, 14, 42, 1590 }, // U+0421
    { 11, 14, 159, 1, 14, 39, 1632 }, // U+0422
    { 13, 15, 171, 0, 14, 49, 1671 }, // U+0423
    { 14, 15, 240, 1, 14, 53, 1720 }, // U+0424
    { 13, 14, 163, -1, 14, 46, 1773 }, // U+0425
    { 13, 17, 206, 0, 14, 56, 1819 }, // U+0426
    { 11, 14, 189, 1, 14, 39, 1875 }, // U+0427
    { 19, 14, 289, 0, 14, 67, 1914 }, // U+0428
    { 19, 17, 294, 0, 14, 81, 1981 }, // U+0429
    { 11, 14, 193, 1, 14, 39, 2062 }, // U+042A
    { 16, 14, 241, 0, 14, 56, 2101 }, // U+042B
    { 10, 14, 166, 0, 14, 35, 2157 }, // U+042C
    { 11, 15, 178, 0, 14, 42, 2192 }, // U+042D
    { 18, 15, 286, 0, 14, 68, 2234 }, // U+042E
    { 13, 14, 175, -1, 14, 46, 2302 }, // U+042F
    { 11, 12, 172, 0, 11, 33, 2348 }, // U+0430
    { 11, 16, 168, 0, 15, 44, 2381 }, // U+0431
    { 10, 12, 157, 0, 11, 30, 2425 }, // U+0432
    { 9, 12, 140, 0, 11, 27, 2455 }, // U+0433
    { 11, 16, 169, 0, 15, 44, 2482 }, // U+0434
    { 9, 12, 149, 0, 11, 27, 2526 }, // U+0435
    { 18, 12, 267, -1, 11, 54, 2553 }, // U+0436
    { 8, 12, 136, 0, 11, 24, 2607 }, // U+0437
    { 11, 12, 173, 0, 11, 33, 2631 }, // U+0438
    { 11, 16, 173, 0, 15, 44, 2664 }, // U+0439
    { 11, 11, 153, 0, 11, 31, 2708 }, // U+043A
    { 12, 12, 172, -1, 11, 36, 2739 }, // U+043B
    { 14, 11, 227, 0, 11, 39, 2775 }, // U+043C
    { 11, 11, 174, 0, 11, 31, 2814 }, // U+043D
    { 10, 12, 170, 0, 11, 30, 2845 }, // U+043E
    { 10, 11, 172, 0, 11, 28, 2875 }, // U+043F
    { 12, 16, 174, -1, 11, 48, 2903 }, // U+0440
    { 9, 12, 140, 0, 11, 27, 2951 }, // U+0441
    { 16, 11, 263, 0, 11, 44, 2978 }, // U+0442
    { 12, 16, 148, -2, 11, 48, 3022 }, // U+0443
    { 13, 20, 204, 0, 15, 65, 3070 }, // U+0444
    { 11, 11, 139, -1, 11, 31, 3135 }, // U+0445
    { 11, 14, 181, 0, 11, 39, 3166 }, // U+0446
    { 10, 11, 169, 1, 11, 28, 3205 }, // U+0447
    { 17, 12, 263, 0, 11, 51, 3233 }, // U+0448
    { 17, 14, 271, 0, 11, 60, 3284 }, // U+0449
    { 11, 12, 181, 0, 11, 33, 3344 }, // U+044A
    { 14, 12, 223, 0, 11, 42, 3377 }, // U+044B
    { 9, 12, 156, 0, 11, 27, 3419 }, // U+044C
    { 9, 12, 144, 0, 11, 27, 3446 }, // U+044D
    { 15, 12, 236, 0, 11, 45, 3473 }, // U+044E
    { 11, 11, 155, -1, 11, 31, 3518 }, // U+044F
    { 9, 16, 149, 0, 15, 36, 3549 }, // U+0450
    { 10, 15, 149, 0, 14, 38, 3585 }, // U+0451
    { 10, 20, 175, 0, 15, 50, 3623 }, // U+0452
    { 9, 16, 140, 0, 15, 36, 3673 }, // U+0453
    { 9, 12, 141, 0, 11, 27, 3709 }, // U+0454
    { 8, 12, 131, 0, 11, 24, 3736 }, // U+0455
    { 6, 14, 78, 0, 14, 21, 3760 }, // U+0456
    { 7, 14, 75, 0, 14, 25, 3781 }, // U+0457
    { 9, 19, 75, -3, 14, 43, 3806 }, // U+0458
    { 16, 12, 248, -1, 11, 48, 3849 }, // U+0459
    { 15, 12, 245, 0, 11, 45, 3897 }, // U+045A
    { 10, 15, 175, 0, 15, 38, 3942 }, // U+045B
    { 11, 15, 153, 0, 15, 42, 3980 }, // U+045C
    { 11, 16, 173, 0, 15, 44, 4022 }, // U+045D
    { 12, 20, 148, -2, 15, 60, 4066 }, // U+045E
    { 11, 15, 173, 0, 11, 42, 4126 }, // U+045F
    { 18, 15, 279, 1, 14, 68, 4168 }, // U+0460
    { 15, 11, 240, 1, 11, 42, 4236 }, // U+0461
    { 10, 14, 179, 1, 14, 35, 4278 }, // U+0462
    { 15, 12, 254, 0, 11, 45, 4313 }, // U+0463
    { 18, 15, 262, 0, 14, 68, 4358 }, // U+0464
    { 14, 12, 211, 0, 11, 42, 4426 }, // U+0465
    { 13, 14, 185, -2, 14, 46, 4468 }, // U+0466
    { 10, 11, 162, -1, 11, 28, 4514 }, // U+0467
    { 16, 14, 258, 0, 14, 56, 4542 }, // U+0468
    { 13, 11, 222, 0, 11, 36, 4598 }, // U+0469
    { 15, 14, 202, -1, 14, 53, 4634 }, // U+046A
    { 14, 11, 183, -2, 11, 39, 4687 }, // U+046B
    { 18, 14, 280, 0, 14, 63, 4726 }, // U+046C
    { 15, 11, 244, 0, 11, 42, 4789 }, // U+046D
    { 11, 21, 164, -1, 17, 58, 4831 }, // U+046E
    { 10, 17, 138, -1, 13, 43, 4889 }, // U+046F
    { 14, 14, 226, 2, 14, 49, 4932 }, // U+0470
    { 12, 20, 220, 1, 15, 60, 4981 }, // U+0471
    { 13, 15, 219, 1, 14, 49, 5041 }, // U+0472
    { 10, 12, 171, 0, 11, 30, 5090 }, // U+0473
    { 12, 14, 172, 1, 14, 42, 5120 }, // U+0474
    { 10, 11, 137, 0, 11, 28, 5162 }, // U+0475
    { 12, 18, 172, 1, 18, 54, 5190 }, // U+0476
    { 10, 15, 137, 0, 15, 38, 5244 }, // U+0477
    { 23, 19, 361, 1, 14, 110, 5282 }, // U+0478
    { 21, 16, 313, 0, 11, 84, 5392 }, // U+0479
    { 13, 17, 225, 1, 15, 56, 5476 }, // U+047A
    { 11, 14, 177, 0, 12, 39, 5532 }, // U+047B
    { 17, 21, 292, 1, 20, 90, 5571 }, // U+047C
    { 15, 18, 243, 0, 17, 68, 5661 }, // U+047D
    { 18, 18, 279, 1, 17, 81, 5729 }, // U+047E
    { 15, 14, 240, 1, 14, 53, 5810 }, // U+047F
    { 12, 19, 178, 1, 14, 57, 5863 }, // U+0480
    { 9, 16, 138, 0, 11, 36, 5920 }, // U+0481
    { 10, 13, 185, 1, 12, 33, 5956 }, // U+0482
    { 8, 4, 0, -8, 14, 8, 5989 }, // U+0483
    { 8, 3, 0, -8, 14, 6, 5997 }, // U+0484
    { 4, 4, 0, -6, 15, 4, 6003 }, // U+0485
    { 3, 4, 0, -5, 15, 3, 6007 }, // U+0486
    { 8, 3, 0, -2, 17, 6, 6010 }, // U+0487
    { 22, 20, 0, -11, 15, 110, 6016 }, // U+0488
    { 22, 22, 0, -11, 16, 121, 6126 }, // U+0489
    { 14, 22, 216, 0, 18, 77, 6247 }, // U+048A
    { 10, 19, 177, 1, 15, 48, 6324 }, // U+048B
    { 10, 14, 168, 0, 14, 35, 6372 }, // U+048C
    { 8, 16, 159, 1, 15, 32, 6407 }, // U+048D
    { 11, 14, 173, 0, 14, 39, 6439 }, // U+048E
    { 12, 16, 176, -1, 11, 48, 6478 }, // U+048F
    { 12, 17, 145, 0, 17, 51, 6526 }, // U+0490
    { 9, 14, 119, 0, 14, 32, 6577 }, // U+0491
    { 11, 14, 144, 0, 14, 39, 6609 }, // U+0492
    { 9, 11, 119, 0, 11, 25, 6648 }, // U+0493
    { 11, 19, 185, 0, 14, 53, 6673 }, // U+0494
    { 9, 16, 151, 0, 11, 36, 6726 }, // U+0495
    { 18, 18, 253, -1, 14, 81, 6762 }, // U+0496
    { 18, 15, 258, -1, 11, 68, 6843 }, // U+0497
    { 11, 19, 159, -1, 14, 53, 6911 }, // U+0498
    { 8, 16, 136, 0, 11, 32, 6964 }, // U+0499
    { 13, 18, 185, 0, 14, 59, 6996 }, // U+049A
    { 10, 15, 161, 0, 11, 38, 7055 }, // U+049B
    { 13, 14, 175, 0, 14, 46, 7093 }, // U+049C
    { 11, 11, 147, 0, 11, 31, 7139 }, // U+049D
    { 13, 14, 171, 0, 14, 46, 7170 }, // U+049E
    { 11, 15, 148, 0, 15, 42, 7216 }, // U+049F
    { 13, 14, 194, 1, 14, 46, 7258 }, // U+04A0
    { 12, 11, 173, 0, 11, 33, 7304 }, // U+04A1
    { 13, 18, 209, 0, 14, 59, 7337 }, // U+04A2
    { 11, 15, 184, 0, 11, 42, 7396 }, // U+04A3
    { 17, 14, 230, 0, 14, 60, 7438 }, // U+04A4
    { 15, 11, 210, 0, 11, 42, 7498 }, // U+04A5
    { 18, 19, 304, 0, 14, 86, 7540 }, // U+04A6
    { 15, 16, 250, 0, 11, 60, 7626 }, // U+04A7
    { 13, 15, 219, 1, 14, 49, 7686 }, // U+04A8
    { 11, 12, 182, 0, 11, 33, 7735 }, // U+04A9
    { 12, 19, 178, 1, 14, 57, 7768 }, // U+04AA
    { 9, 16, 138, 0, 11, 36, 7825 }, // U+04AB
    { 11, 18, 152, 1, 14, 50, 7861 }, // U+04AC
    { 16, 15, 270, 0, 11, 60, 7911 }, // U+04AD
    { 11, 14, 155, 1, 14, 39, 7971 }, // U+04AE
    { 10, 16, 142, 0, 11, 40, 8010 }, // U+04AF
    { 12, 14, 155, 0, 14, 42, 8050 }, // U+04B0
    { 11, 16, 142, -1, 11, 44, 8092 }, // U+04B1
    { 13, 18, 176, -1, 14, 59, 8136 }, // U+04B2
    { 12, 15, 160, -1, 11, 45, 8195 }, // U+04B3
    { 14, 18, 238, 1, 14, 63, 8240 }, // U+04B4
    { 12, 15, 200, 0, 11, 45, 8303 }, // U+04B5
    { 11, 18, 196, 2, 14, 50, 8348 }, // U+04B6
    { 10, 15, 168, 1, 11, 38, 8398 }, // U+04B7
    { 11, 14, 195, 2, 14, 39, 8436 }, // U+04B8
    { 10, 11, 170, 1, 11, 28, 8475 }, // U+04B9
    { 11, 14, 196, 0, 14, 39, 8503 }, // U+04BA
    { 10, 15, 176, 0, 15, 38, 8542 }, // U+04BB
    { 14, 15, 233, 1, 14, 53, 8580 }, // U+04BC
    { 11, 12, 182, 0, 11, 33, 8633 }, // U+04BD
    { 14, 18, 233, 1, 14, 63, 8666 }, // U+04BE
    { 11, 15, 182, 0, 11, 42, 8729 }, // U+04BF
    { 9, 14, 98, -1, 14, 32, 8771 }, // U+04C0
    { 18, 18, 244, -1, 18, 81, 8803 }, // U+04C1
    { 18, 16, 267, -1, 15, 72, 8884 }, // U+04C2
    { 13, 19, 193, 0, 14, 62, 8956 }, // U+04C3
    { 10, 16, 159, 0, 11, 40, 9018 }, // U+04C4
    { 14, 18, 201, -1, 14, 63, 9058 }, // U+04C5
    { 11, 15, 166, -1, 11, 42, 9121 }, // U+04C6
    { 13, 19, 207, 0, 14, 62, 9163 }, // U+04C7
    { 11, 16, 183, 0, 11, 44, 9225 }, // U+04C8
    { 13, 18, 210, 0, 14, 59, 9269 }, // U+04C9
    { 11, 15, 184, 0, 11, 42, 9328 }, // U+04CA
    { 11, 18, 195, 2, 14, 50, 9370 }, // U+04CB
    { 10, 15, 176, 1, 11, 38, 9420 }, // U+04CC
    { 17, 18, 259, 0, 14, 77, 9458 }, // U+04CD
    { 13, 15, 213, 0, 11, 49, 9535 }, // U+04CE
    { 9, 14, 98, -1, 14, 32, 9584 }, // U+04CF
    { 13, 18, 171, -2, 18, 59, 9616 }, // U+04D0
    { 11, 16, 173, 0, 15, 44, 9675 }, // U+04D1
    { 13, 17, 171, -2, 17, 56, 9719 }, // U+04D2
    { 11, 15, 173, 0, 14, 42, 9775 }, // U+04D3
    { 19, 14, 250, -2, 14, 67, 9817 }, // U+04D4
    { 16, 12, 249, 0, 11, 48, 9884 }, // U+04D5
    { 11, 18, 156, 0, 18, 50, 9932 }, // U+04D6
    { 10, 16, 152, 0, 15, 40, 9982 }, // U+04D7
    { 12, 15, 201, 0, 14, 45, 10022 }, // U+04D8
    { 9, 12, 150, 0, 11, 27, 10067 }, // U+04D9
    { 12, 18, 201, 0, 17, 54, 10094 }, // U+04DA
    { 9, 15, 150, 0, 14, 34, 10148 }, // U+04DB
    { 18, 17, 244, -1, 17, 77, 10182 }, // U+04DC
    { 18, 15, 267, -1, 14, 68, 10259 }, // U+04DD
    { 11, 18, 159, -1, 17, 50, 10327 }, // U+04DE
    { 9, 15, 136, 0, 14, 34, 10377 }, // U+04DF
    { 11, 15, 161, 0, 14, 42, 10411 }, // U+04E0
    { 11, 16, 141, -2, 11, 44, 10453 }, // U+04E1
    { 14, 16, 209, 0, 16, 56, 10497 }, // U+04E2
    { 10, 14, 176, 1, 13, 35, 10553 }, // U+04E3
    { 14, 17, 209, 0, 17, 60, 10588 }, // U+04E4
    { 10, 15, 176, 1, 14, 38, 10648 }, // U+04E5
    { 13, 18, 219, 1, 17, 59, 10686 }, // U+04E6
    { 10, 15, 171, 0, 14, 38, 10745 }, // U+04E7
    { 13, 15, 219, 1, 14, 49, 10783 }, // U+04E8
    { 10, 12, 171, 0, 11, 30, 10832 }, // U+04E9
    { 13, 18, 219, 1, 17, 59, 10862 }, // U+04EA
    { 10, 15, 171, 0, 14, 38, 10921 }, // U+04EB
    { 11, 18, 178, 0, 17, 50, 10959 }, // U+04EC
    { 9, 15, 144, 0, 14, 34, 11009 }, // U+04ED
    { 13, 17, 171, 0, 16, 56, 11043 }, // U+04EE
    { 12, 18, 142, -2, 13, 54, 11099 }, // U+04EF
    { 13, 18, 171, 0, 17, 59, 11153 }, // U+04F0
    { 12, 19, 142, -2, 14, 57, 11212 }, // U+04F1
    { 13, 19, 171, 0, 18, 62, 11269 }, // U+04F2
    { 13, 20, 142, -2, 15, 65, 11331 }, // U+04F3
    { 11, 17, 189, 1, 17, 47, 11396 }, // U+04F4
    { 10, 14, 169, 1, 14, 35, 11443 }, // U+04F5
    { 11, 18, 146, 0, 14, 50, 11478 }, // U+04F6
    { 9, 15, 119, 0, 11, 34, 11528 }, // U+04F7
    { 16, 17, 241, 0, 17, 68, 11562 }, // U+04F8
    { 14, 15, 223, 0, 14, 53, 11630 }, // U+04F9
    { 11, 18, 144, 0, 14, 50, 11683 }, // U+04FA
    { 10, 15, 119, -1, 11, 38, 11733 }, // U+04FB
    { 13, 18, 160, -1, 14, 59, 11771 }, // U+04FC
    { 11, 15, 146, -1, 11, 42, 11830 }, // U+04FD
    { 13, 14, 160, -1, 14, 46, 11872 }, // U+04FE
    { 11, 11, 147, -1, 11, 31, 11918 }, // U+04FF
    { 12, 18, 171, -2, 14, 54, 0 }, // U+1EA0
    { 11, 15, 173, 0, 11, 42, 54 }, // U+1EA1
    { 12, 19, 171, -2, 19, 57, 96 }, // U+1EA2
    { 11, 17, 173, 0, 16, 47, 153 }, // U+1EA3
    { 15, 19, 171, -2, 19, 72, 200 }, // U+1EA4
    { 13, 17, 173, 0, 16, 56, 272 }, // U+1EA5
    { 13, 19, 171, -2, 19, 62, 328 }, // U+1EA6
    { 11, 17, 173, 0, 16, 47, 390 }, // U+1EA7
    { 15, 20, 171, -2, 20, 75, 437 }, // U+1EA8
    { 12, 18, 173, 0, 17, 54, 512 }, // U+1EA9
    { 14, 21, 171, -2, 21, 74, 566 }, // U+1EAA
    { 11, 18, 173, 0, 17, 50, 640 }, // U+1EAB
    { 13, 22, 171, -2, 18, 72, 690 }, // U+1EAC
    { 11, 19, 173, 0, 15, 53, 762 }, // U+1EAD
    { 13, 20, 171, -2, 20, 65, 815 }, // U+1EAE
    { 11, 18, 173, 0, 17, 50, 880 }, // U+1EAF
    { 13, 20, 171, -2, 20, 65, 930 }, // U+1EB0
    { 11, 18, 173, 0, 17, 50, 995 }, // U+1EB1
    { 13, 21, 171, -2, 21, 69, 1045 }, // U+1EB2
    { 11, 18, 173, 0, 17, 50, 1114 }, // U+1EB3
    { 14, 21, 171, -2, 21, 74, 1164 }, // U+1EB4
    { 11, 18, 173, 0, 17, 50, 1238 }, // U+1EB5
    { 13, 22, 171, -2, 18, 72, 1288 }, // U+1EB6
    { 11, 19, 173, 0, 15, 53, 1360 }, // U+1EB7
    { 11, 18, 156, 0, 14, 50, 1413 }, // U+1EB8
    { 9, 15, 152, 0, 11, 34, 1463 }, // U+1EB9
    { 11, 19, 156, 0, 19, 53, 1497 }, // U+1EBA
    { 9, 17, 152, 0, 16, 39, 1550 }, // U+1EBB
    { 11, 17, 156, 0, 17, 47, 1589 }, // U+1EBC
    { 10, 15, 152, 0, 14, 38, 1636 }, // U+1EBD
    { 13, 19, 156, 0, 19, 62, 1674 }, // U+1EBE
    { 12, 17, 152, 0, 16, 51, 1736 }, // U+1EBF
    { 11, 19, 156, 0, 19, 53, 1787 }, // U+1EC0
    { 9, 17, 152, 0, 16, 39, 1840 }, // U+1EC1
    { 13, 20, 156, 0, 20, 65, 1879 }, // U+1EC2
    { 11, 18, 152, 0, 17, 50, 1944 }, // U+1EC3
    { 12, 21, 156, 0, 21, 63, 1994 }, // U+1EC4
    { 11, 18, 152, 0, 17, 50, 2057 }, // U+1EC5
    { 11, 22, 156, 0, 18, 61, 2107 }, // U+1EC6
    { 10, 19, 152, 0, 15, 48, 2168 }, // U+1EC7
    { 9, 19, 98, -1, 19, 43, 2216 }, // U+1EC8
    { 7, 16, 78, 0, 16, 28, 2259 }, // U+1EC9
    { 9, 18, 98, -1, 14, 41, 2287 }, // U+1ECA
    { 7, 18, 78, -1, 14, 32, 2328 }, // U+1ECB
    { 13, 18, 219, 1, 14, 59, 2360 }, // U+1ECC
    { 10, 15, 171, 0, 11, 38, 2419 }, // U+1ECD
    { 13, 20, 219, 1, 19, 65, 2457 }, // U+1ECE
    { 10, 17, 171, 0, 16, 43, 2522 }, // U+1ECF
    { 14, 20, 219, 1, 19, 70, 2565 }, // U+1ED0
    { 12, 17, 171, 0, 16, 51, 2635 }, // U+1ED1
    { 13, 20, 219, 1, 19, 65, 2686 }, // U+1ED2
    { 10, 17, 171, 0, 16, 43, 2751 }, // U+1ED3
    { 13, 21, 219, 1, 20, 69, 2794 }, // U+1ED4
    { 12, 18, 171, 0, 17, 54, 2863 }, // U+1ED5
    { 13, 22, 219, 1, 21, 72, 2917 }, // U+1ED6
    { 11, 18, 171, 0, 17, 50, 2989 }, // U+1ED7
    { 13, 22, 219, 1, 18, 72, 3039 }, // U+1ED8
    { 10, 19, 171, 0, 15, 48, 3111 }, // U+1ED9
    { 15, 19, 219, 1, 18, 72, 3159 }, // U+1EDA
    { 13, 16, 173, 0, 15, 52, 3231 }, // U+1EDB
    { 15, 19, 219, 1, 18, 72, 3283 }, // U+1EDC
    { 13, 16, 173, 0, 15, 52, 3355 }, // U+1EDD
    { 15, 20, 219, 1, 19, 75, 3407 }, // U+1EDE
    { 13, 17, 173, 0, 16, 56, 3482 }, // U+1EDF
    { 15, 18, 219, 1, 17, 68, 3538 }, // U+1EE0
    { 13, 15, 173, 0, 14, 49, 3606 }, // U+1EE1
    { 15, 19, 219, 1, 15, 72, 3655 }, // U+1EE2
    { 13, 16, 173, 0, 12, 52, 3727 }, // U+1EE3
    { 13, 18, 206, 1, 14, 59, 3779 }, // U+1EE4
    { 10, 15, 176, 1, 11, 38, 3838 }, // U+1EE5
    { 13, 20, 206, 1, 19, 65, 3876 }, // U+1EE6
    { 10, 17, 176, 1, 16, 43, 3941 }, // U+1EE7
    { 16, 19, 221, 1, 18, 76, 3984 }, // U+1EE8
    { 14, 16, 190, 1, 15, 56, 4060 }, // U+1EE9
    { 16, 19, 221, 1, 18, 76, 4116 }, // U+1EEA
    { 14, 16, 190, 1, 15, 56, 4192 }, // U+1EEB
    { 16, 20, 221, 1, 19, 80, 4248 }, // U+1EEC
    { 14, 17, 190, 1, 16, 60, 4328 }, // U+1EED
    { 16, 18, 221, 1, 17, 72, 4388 }, // U+1EEE
    { 14, 15, 190, 1, 14, 53, 4460 }, // U+1EEF
    { 16, 19, 221, 1, 15, 76, 4513 }, // U+1EF0
    { 14, 16, 190, 1, 12, 56, 4589 }, // U+1EF1
    { 11, 18, 155, 1, 18, 50, 4645 }, // U+1EF2
    { 12, 20, 142, -2, 15, 60, 4695 }, // U+1EF3
    { 11, 18, 155, 1, 14, 50, 4755 }, // U+1EF4
    { 12, 16, 142, -2, 11, 48, 4805 }, // U+1EF5
    { 11, 19, 155, 1, 19, 53, 4853 }, // U+1EF6
    { 12, 21, 142, -2, 16, 63, 4906 }, // U+1EF7
    { 11, 17, 155, 1, 17, 47, 4969 }, // U+1EF8
    { 12, 19, 142, -2, 14, 57, 5016 }, // U+1EF9
    { 0, 0, 152, 0, 0, 0, 0 }, // U+2000
    { 0, 0, 304, 0, 0, 0, 0 }, // U+2001
    { 0, 0, 152, 0, 0, 0, 0 }, // U+2002
    { 0, 0, 304, 0, 0, 0, 0 }, // U+2003
    { 0, 0, 101, 0, 0, 0, 0 }, // U+2004
    { 0, 0, 76, 0, 0, 0, 0 }, // U+2005
    { 0, 0, 51, 0, 0, 0, 0 }, // U+2006
    { 0, 0, 168, 0, 0, 0, 0 }, // U+2007
    { 0, 0, 78, 0, 0, 0, 0 }, // U+2008
    { 0, 0, 50, 0, 0, 0, 0 }, // U+2009
    { 0, 0, 30, 0, 0, 0, 0 }, // U+200A
    { 0, 0, 0, 0, 0, 0, 0 }, // U+200B
    { 0, 0, 0, 0, 0, 0, 0 }, // U+200C
    { 0, 0, 0, 0, 0, 0, 0 }, // U+200D
    { 6, 17, 0, -1, 14, 26, 0 }, // U+200E
    { 6, 17, 0, -5, 14, 26, 26 }, // U+200F
    { 6, 2, 95, 0, 6, 3, 52 }, // U+2010
    { 6, 2, 95, 0, 6, 3, 55 }, // U+2011
    { 9, 2, 168, 1, 8, 5, 58 }, // U+2012
    { 9, 2, 146, 0, 6, 5, 63 }, // U+2013
    { 18, 2, 292, 0, 6, 9, 68 }, // U+2014
    { 18, 2, 292, 0, 6, 9, 77 }, // U+2015
    { 7, 20, 168, 2, 15, 35, 86 }, // U+2016
    { 9, 5, 120, -2, 0, 12, 121 }, // U+2017
    { 4, 6, 53, 1, 14, 6, 133 }, // U+2018
    { 4, 6, 53, 1, 14, 6, 139 }, // U+2019
    { 4, 6, 74, -1, 3, 6, 145 }, // U+201A
    { 3, 6, 53, 2, 14, 5, 151 }, // U+201B
    { 8, 6, 109, 1, 14, 12, 156 }, // U+201C
    { 8, 6, 109, 1, 14, 12, 168 }, // U+201D
    { 8, 6, 130, -1, 3, 12, 180 }, // U+201E
    { 6, 6, 109, 2, 14, 9, 192 }, // U+201F
    { 8, 15, 143, 2, 15, 30, 201 }, // U+2020
    { 10, 15, 143, 0, 15, 38, 231 }, // U+2021
    { 6, 6, 114, 1, 10, 9, 269 }, // U+2022
    { 6, 6, 112, 1, 10, 9, 278 }, // U+2023
    { 4, 4, 152, 2, 3, 4, 287 }, // U+2024
    { 8, 4, 154, 0, 3, 8, 291 }, // U+2025
    { 13, 4, 234, 0, 3, 13, 299 }, // U+2026
    { 3, 4, 78, 1, 7, 3, 312 }, // U+2027
    { 0, 0, 182, 0, 0, 0, 315 }, // U+2028
    { 0, 0, 182, 0, 0, 0, 315 }, // U+2029
    { 6, 15, 0, -1, 12, 23, 315 }, // U+202A
    { 6, 15, 0, -5, 12, 23, 338 }, // U+202B
    { 6, 17, 0, -3, 14, 26, 361 }, // U+202C
    { 6, 17, 0, -3, 14, 26, 387 }, // U+202D
    { 6, 17, 0, -3, 14, 26, 413 }, // U+202E
    { 0, 0, 50, 0, 0, 0, 439 }, // U+202F
    { 20, 15, 342, 1, 14, 75, 439 }, // U+2030
    { 26, 15, 442, 1, 14, 98, 514 }, // U+2031
    { 5, 6, 67, 1, 14, 8, 612 }, // U+2032
    { 8, 6, 118, 1, 14, 12, 620 }, // U+2033
    { 11, 6, 170, 1, 14, 17, 632 }, // U+2034
    { 4, 6, 82, 2, 14, 6, 649 }, // U+2035
    { 6, 6, 129, 2, 14, 9, 655 }, // U+2036
    { 9, 6, 176, 2, 14, 14, 664 }, // U+2037
    { 8, 7, 121, -2, 2, 14, 678 }, // U+2038
    { 6, 8, 87, 0, 9, 12, 692 }, // U+2039
    { 5, 8, 87, 0, 9, 10, 704 }, // U+203A
    { 15, 15, 254, 0, 14, 57, 714 }, // U+203B
    { 10, 15, 150, 0, 14, 38, 771 }, // U+203C
    { 8, 15, 131, 1, 14, 30, 809 }, // U+203D
    { 9, 2, 119, 1, 16, 5, 839 }, // U+203E
    { 10, 5, 165, -1, 0, 13, 844 }, // U+203F
    { 11, 5, 165, 1, 16, 14, 857 }, // U+2040
    { 9, 13, 104, -2, 8, 30, 871 }, // U+2041
    { 21, 18, 340, 0, 15, 95, 901 }, // U+2042
    { 5, 2, 87, 0, 6, 3, 996 }, // U+2043
    { 13, 14, 40, -5, 14, 46, 999 }, // U+2044
    { 9, 17, 88, -1, 14, 39, 1045 }, // U+2045
    { 8, 17, 88, -2, 14, 34, 1084 }, // U+2046
    { 16, 15, 261, 1, 14, 60, 1118 }, // U+2047
    { 13, 15, 210, 1, 14, 49, 1178 }, // U+2048
    { 14, 15, 210, 0, 14, 53, 1227 }, // U+2049
    { 10, 11, 158, 1, 11, 28, 1280 }, // U+204A
    { 10, 18, 182, 2, 15, 45, 1308 }, // U+204B
    { 10, 11, 194, 1, 11, 28, 1353 }, // U+204C
    { 11, 11, 194, 1, 11, 31, 1381 }, // U+204D
    { 10, 10, 168, -1, 5, 25, 1412 }, // U+204E
    { 5, 14, 78, 0, 11, 18, 1437 }, // U+204F
    { 13, 21, 165, -1, 16, 69, 1455 }, // U+2050
    { 11, 20, 168, 0, 15, 55, 1524 }, // U+2051
    { 7, 15, 113, 0, 14, 27, 1579 }, // U+2052
    { 17, 4, 304, 1, 8, 17, 1606 }, // U+2053
    { 10, 5, 165, -2, 0, 13, 1623 }, // U+2054
    { 11, 11, 174, 0, 10, 31, 1636 }, // U+2055
    { 8, 15, 157, 1, 14, 30, 1667 }, // U+2056
    { 15, 6, 220, 1, 14, 23, 1697 }, // U+2057
    { 15, 15, 250, 0, 14, 57, 1720 }, // U+2058
    { 14, 15, 252, 1, 14, 53, 1777 }, // U+2059
    { 3, 15, 67, 1, 14, 12, 1830 }, // U+205A
    { 11, 16, 199, 1, 15, 44, 1842 }, // U+205B
    { 15, 15, 242, 0, 14, 57, 1886 }, // U+205C
    { 3, 15, 81, 1, 14, 12, 1943 }, // U+205D
    { 4, 15, 81, 1, 14, 15, 1955 }, // U+205E
    { 0, 0, 67, 0, 0, 0, 1970 }, // U+205F
    { 0, 0, 182, 0, 0, 0, 1970 }, // U+2060
    { 0, 0, 182, 0, 0, 0, 1970 }, // U+2061
    { 0, 0, 182, 0, 0, 0, 1970 }, // U+2062
    { 0, 0, 182, 0, 0, 0, 1970 }, // U+2063
    { 0, 0, 182, 0, 0, 0, 1970 }, // U+2064
    { 0, 0, 182, 0, 0, 0, 1970 }, // U+2066
    { 0, 0, 182, 0, 0, 0, 1970 }, // U+2067
    { 0, 0, 182, 0, 0, 0, 1970 }, // U+2068
    { 0, 0, 182, 0, 0, 0, 1970 }, // U+2069
    { 6, 17, 0, -3, 14, 26, 1970 }, // U+206A
    { 6, 17, 0, -3, 14, 26, 1996 }, // U+206B
    { 6, 17, 0, -3, 14, 26, 2022 }, // U+206C
    { 6, 17, 0, -3, 14, 26, 2048 }, // U+206D
    { 6, 17, 0, -3, 14, 26, 2074 }, // U+206E
    { 6, 17, 0, -3, 14, 26, 2100 }, // U+206F
    { 7, 10, 107, 1, 17, 18, 0 }, // U+2070
    { 4, 9, 68, 1, 14, 9, 18 }, // U+2071
    { 7, 10, 107, 1, 17, 18, 27 }, // U+2074
    { 7, 10, 107, 1, 17, 18, 45 }, // U+2075
    { 6, 10, 107, 2, 17, 15, 63 }, // U+2076
    { 7, 10, 107, 2, 17, 18, 78 }, // U+2077
    { 7, 10, 107, 1, 17, 18, 96 }, // U+2078
    { 7, 10, 107, 1, 17, 18, 114 }, // U+2079
    { 6, 7, 103, 2, 15, 11, 132 }, // U+207A
    { 6, 1, 103, 2, 12, 2, 143 }, // U+207B
    { 6, 5, 103, 2, 14, 8, 145 }, // U+207C
    { 5, 12, 57, 2, 18, 15, 153 }, // U+207D
    { 5, 11, 57, 0, 17, 14, 168 }, // U+207E
    { 7, 7, 114, 1, 12, 13, 182 }, // U+207F
    { 7, 10, 107, -1, 7, 18, 195 }, // U+2080
    { 5, 10, 107, 0, 7, 13, 213 }, // U+2081
    { 7, 10, 107, -1, 7, 18, 226 }, // U+2082
    { 7, 10, 107, -1, 7, 18, 244 }, // U+2083
    { 7, 10, 107, -1, 7, 18, 262 }, // U+2084
    { 7, 10, 107, -1, 7, 18, 280 }, // U+2085
    { 7, 10, 107, -1, 7, 18, 298 }, // U+2086
    { 7, 10, 107, -1, 7, 18, 316 }, // U+2087
    { 7, 10, 107, -1, 7, 18, 334 }, // U+2088
    { 7, 10, 107, -1, 7, 18, 352 }, // U+2089
    { 6, 7, 103, -1, 5, 11, 370 }, // U+208A
    { 7, 1, 103, -1, 2, 2, 381 }, // U+208B
    { 6, 5, 103, -1, 4, 8, 383 }, // U+208C
    { 5, 12, 57, 0, 8, 15, 391 }, // U+208D
    { 5, 11, 57, -3, 7, 14, 406 }, // U+208E
    { 7, 7, 112, -1, 5, 13, 420 }, // U+2090
    { 6, 7, 98, -1, 5, 11, 433 }, // U+2091
    { 7, 7, 111, -1, 5, 13, 444 }, // U+2092
    { 8, 7, 95, -2, 5, 14, 457 }, // U+2093
    { 6, 7, 98, -1, 5, 11, 471 }, // U+2094
    { 7, 9, 133, 0, 7, 16, 482 }, // U+2095
    { 7, 9, 106, 0, 7, 16, 498 }, // U+2096
    { 4, 9, 71, 0, 7, 9, 514 }, // U+2097
    { 10, 7, 191, 0, 5, 18, 523 }, // U+2098
    { 7, 7, 114, -1, 5, 13, 541 }, // U+2099
    { 8, 10, 114, -2, 5, 20, 554 }, // U+209A
    { 6, 7, 94, -1, 5, 11, 574 }, // U+209B
    { 5, 8, 66, -1, 6, 10, 585 }, // U+209C
    { 10, 14, 168, 1, 14, 35, 0 }, // U+20A0
    { 11, 17, 168, 1, 15, 47, 35 }, // U+20A1
    { 11, 15, 168, 1, 14, 42, 82 }, // U+20A2
    { 12, 14, 168, 0, 14, 42, 124 }, // U+20A3
    { 12, 14, 168, -1, 14, 42, 166 }, // U+20A4
    { 16, 16, 266, 0, 13, 64, 208 }, // U+20A5
    { 12, 14, 168, 0, 14, 42, 272 }, // U+20A6
    { 14, 15, 224, 0, 14, 53, 314 }, // U+20A7
    { 16, 15, 244, 0, 14, 60, 367 }, // U+20A8
    { 14, 14, 188, 0, 14, 49, 427 }, // U+20A9
    { 16, 14, 243, 0, 14, 56, 476 }, // U+20AA
    { 13, 18, 176, 0, 15, 59, 532 }, // U+20AB
    { 12, 15, 168, 0, 14, 45, 591 }, // U+20AC
    { 13, 14, 171, 0, 14, 46, 636 }, // U+20AD
    { 12, 14, 152, 0, 14, 42, 682 }, // U+20AE
    { 18, 19, 295, 0, 14, 86, 724 }, // U+20AF
    { 12, 19, 168, -1, 14, 57, 810 }, // U+20B0
    { 12, 14, 168, 0, 14, 42, 867 }, // U+20B1
    { 12, 17, 206, 1, 15, 51, 909 }, // U+20B2
    { 14, 14, 171, -2, 14, 49, 960 }, // U+20B3
    { 12, 15, 154, -1, 14, 45, 1009 }, // U+20B4
    { 12, 17, 178, 1, 15, 51, 1054 }, // U+20B5
    { 12, 14, 173, 0, 13, 42, 1105 }, // U+20B6
    { 14, 16, 200, -1, 14, 56, 1147 }, // U+20B7
    { 10, 14, 150, 1, 14, 35, 1203 }, // U+20B8
    { 11, 14, 168, 1, 14, 39, 1238 }, // U+20B9
    { 11, 15, 168, 0, 14, 42, 1277 }, // U+20BA
    { 12, 15, 204, 1, 14, 45, 1319 }, // U+20BB
    { 15, 14, 226, -1, 14, 53, 1364 }, // U+20BC
    { 13, 14, 177, -1, 14, 46, 1417 }, // U+20BD
    { 13, 16, 178, -1, 16, 52, 1463 }, // U+20BE
    { 11, 18, 168, 0, 16, 50, 1515 }, // U+20BF
    { 6, 2, 95, 0, 6, 3, 0 }, // U+2212
    { 18, 20, 194, -3, 15, 90, 0 }, // U+FB00
    { 15, 20, 175, -3, 15, 75, 90 }, // U+FB01
    { 15, 20, 175, -3, 15, 75, 165 }, // U+FB02
    { 21, 20, 272, -3, 15, 105, 240 }, // U+FB03
    { 21, 20, 272, -3, 15, 105, 345 }, // U+FB04
    { 16, 20, 187, -3, 15, 80, 450 }, // U+FB05
    { 16, 16, 232, 0, 15, 64, 530 }, // U+FB06
    { 19, 18, 304, 0, 15, 86, 0 }, // U+FFFD
};

static const EpdUnicodeInterval notosans_c19_italicIntervals[] = {
    { 0x0, 0x0, 0x0 },
    { 0xD, 0xD, 0x1 },
    { 0x20, 0x7E, 0x2 },
    { 0xA0, 0x17F, 0x61 },
    { 0x1A0, 0x1A1, 0x141 },
    { 0x1AF, 0x1B0, 0x143 },
    { 0x1C4, 0x21F, 0x145 },
    { 0x300, 0x36F, 0x1A1 },
    { 0x400, 0x4FF, 0x211 },
    { 0x1EA0, 0x1EF9, 0x311 },
    { 0x2000, 0x2064, 0x36B },
    { 0x2066, 0x2071, 0x3D0 },
    { 0x2074, 0x208E, 0x3DC },
    { 0x2090, 0x209C, 0x3F7 },
    { 0x20A0, 0x20BF, 0x404 },
    { 0x2212, 0x2212, 0x424 },
    { 0xFB00, 0xFB06, 0x425 },
    { 0xFFFD, 0xFFFD, 0x42C },
};

static const EpdFontGroup notosans_c19_italicGroups[] = {
    { 0, 2093, 3655, 97, 0 },
    { 2093, 1882, 4371, 96, 97 },
    { 3975, 2316, 6755, 128, 193 },
    { 6291, 2349, 5982, 96, 321 },
    { 8640, 772, 1053, 112, 417 },
    { 9412, 6103, 13470, 256, 529 },
    { 15515, 1338, 5702, 90, 785 },
    { 16853, 1342, 2459, 111, 875 },
    { 18195, 479, 707, 42, 986 },
    { 18674, 1207, 1682, 32, 1028 },
    { 19881, 6, 4, 1, 1060 },
    { 19887, 302, 644, 7, 1061 },
    { 20189, 82, 90, 1, 1068 },
};

static const uint16_t notosans_c19_italicKernLeftCodepoints[] = {
    0x0020, 0x0022, 0x0026, 0x0027, 0x0028, 0x002C, 0x002D, 0x002E, 0x0041, 0x0042, 0x0043, 0x0044,
    0x0045, 0x0046, 0x004B, 0x004C, 0x004F, 0x0050, 0x0051, 0x0052, 0x0054, 0x0055, 0x0056, 0x0057,
    0x0058, 0x0059, 0x005A, 0x005B, 0x005F, 0x0061, 0x0062, 0x0063, 0x0065, 0x0066, 0x006B, 0x006F,
    0x0070, 0x0072, 0x0074, 0x0076, 0x0077, 0x0078, 0x0079, 0x007B, 0x00A1, 0x00AB, 0x00BB, 0x00BF,
    0x00C0, 0x00C1, 0x00C2, 0x00C3, 0x00C4, 0x00C5, 0x00C6, 0x00C7, 0x00C8, 0x00C9, 0x00CA, 0x00CB,
    0x00D0, 0x00D2, 0x00D3, 0x00D4, 0x00D5, 0x00D6, 0x00D8, 0x00D9, 0x00DA, 0x00DB, 0x00DC, 0x00DD,
    0x00DE, 0x00E0, 0x00E1, 0x00E2, 0x00E3, 0x00E4, 0x00E5, 0x00E6, 0x00E8, 0x00E9, 0x00EA, 0x00EB,
    0x00EF, 0x00F0, 0x00F2, 0x00F3, 0x00F4, 0x00F5, 0x00F6, 0x00F8, 0x00FD, 0x00FE, 0x00FF, 0x0100,
    0x0101, 0x0102, 0x0103, 0x0104, 0x0105, 0x0106, 0x0108, 0x010A, 0x010C, 0x010E, 0x010F, 0x0110,
    0x0112, 0x0113, 0x0114, 0x0115, 0x0116, 0x0117, 0x0118, 0x0119, 0x011A, 0x011B, 0x0129, 0x012B,
    0x012E, 0x0136, 0x0137, 0x0138, 0x0139, 0x013B, 0x013D, 0x013E, 0x013F, 0x0141, 0x014C, 0x014D,
    0x014E, 0x014F, 0x0150, 0x0151, 0x0152, 0x0153, 0x0155, 0x0157, 0x0159, 0x0162, 0x0163, 0x0164,
    0x0165, 0x0166, 0x0167, 0x0168, 0x016A, 0x016C, 0x016E, 0x0170, 0x0172, 0x0174, 0x0175, 0x0176,
    0x0177, 0x0178, 0x0179, 0x017B, 0x017D, 0x01A0, 0x01A1, 0x01AF, 0x01B0, 0x01D0, 0x01FA, 0x01FB,
    0x01FC, 0x01FD, 0x01FE, 0x01FF, 0x020B, 0x021A, 0x021B, 0x0402, 0x0403, 0x0404, 0x0405, 0x0408,
    0x0409, 0x040A, 0x040B, 0x040C, 0x040E, 0x0410, 0x0411, 0x0412, 0x0413, 0x0414, 0x0416, 0x0417,
    0x041A, 0x041E, 0x0420, 0x0421, 0x0422, 0x0423, 0x0424, 0x0425, 0x0426, 0x0429, 0x042A, 0x042C,
    0x042D, 0x042E, 0x0430, 0x0431, 0x0432, 0x0433, 0x0434, 0x0435, 0x0436, 0x0437, 0x0438, 0x0439,
    0x043A, 0x043B, 0x043C, 0x043D, 0x043E, 0x043F, 0x0440, 0x0441, 0x0442, 0x0443, 0x0444, 0x0445,
    0x0446, 0x0447, 0x0448, 0x0449, 0x044A, 0x044B, 0x044C, 0x044D, 0x044E, 0x044F, 0x0450, 0x0451,
    0x0452, 0x0453, 0x0454, 0x0455, 0x0457, 0x0458, 0x0459, 0x045A, 0x045B, 0x045C, 0x045D, 0x045E,
    0x045F, 0x0460, 0x0461, 0x0462, 0x0463, 0x0464, 0x0466, 0x0467, 0x0468, 0x0469, 0x046E, 0x046F,
    0x0472, 0x0473, 0x0474, 0x0475, 0x0476, 0x0477, 0x0478, 0x0479, 0x047A, 0x047B, 0x047C, 0x047D,
    0x047E, 0x047F, 0x0480, 0x048A, 0x048B, 0x048C, 0x048D, 0x048E, 0x048F, 0x0490, 0x0491, 0x0492,
    0x0493, 0x0495, 0x0496, 0x0497, 0x0498, 0x0499, 0x049A, 0x049B, 0x049C, 0x049D, 0x049E, 0x049F,
    0x04A0, 0x04A1, 0x04A2, 0x04A3, 0x04A4, 0x04A5, 0x04A7, 0x04A9, 0x04AA, 0x04AC, 0x04AD, 0x04AE,
    0x04AF, 0x04B0, 0x04B1, 0x04B2, 0x04B3, 0x04B4, 0x04B5, 0x04B6, 0x04B7, 0x04BB, 0x04BC, 0x04BD,
    0x04BE, 0x04BF, 0x04C1, 0x04C2, 0x04C4, 0x04C5, 0x04C6, 0x04C9, 0x04CA, 0x04CD, 0x04CE, 0x04D0,
    0x04D1, 0x04D2, 0x04D3, 0x04D5, 0x04D7, 0x04D8, 0x04D9, 0x04DA, 0x04DB, 0x04DC, 0x04DD, 0x04DE,
    0x04DF, 0x04E6, 0x04E7, 0x04E8, 0x04E9, 0x04EA, 0x04EB, 0x04EC, 0x04ED, 0x04EE, 0x04EF, 0x04F0,
    0x04F1, 0x04F2, 0x04F3, 0x04F5, 0x04F6, 0x04F7, 0x04F9, 0x04FA, 0x04FB, 0x04FC, 0x04FD, 0x04FE,
    0x04FF, 0x1EA0, 0x1EA1, 0x1EA2, 0x1EA3, 0x1EA4, 0x1EA5, 0x1EA6, 0x1EA7, 0x1EA8, 0x1EA9, 0x1EAA,
    0x1EAB, 0x1EAC, 0x1EAD, 0x1EAE, 0x1EAF, 0x1EB0, 0x1EB1, 0x1EB2, 0x1EB3, 0x1EB4, 0x1EB5, 0x1EB6,
    0x1EB7, 0x1EB8, 0x1EB9, 0x1EBA, 0x1EBB, 0x1EBC, 0x1EBD, 0x1EBE, 0x1EBF, 0x1EC0, 0x1EC1, 0x1EC2,
    0x1EC3, 0x1EC4, 0x1EC5, 0x1EC6, 0x1EC7, 0x1ECC, 0x1ECD, 0x1ECE, 0x1ECF, 0x1ED0, 0x1ED1, 0x1ED2,
    0x1ED3, 0x1ED4, 0x1ED5, 0x1ED6, 0x1ED7, 0x1ED8, 0x1ED9, 0x1EDA, 0x1EDB, 0x1EDC, 0x1EDD, 0x1EDE,
    0x1EDF, 0x1EE0, 0x1EE1, 0x1EE2, 0x1EE3, 0x1EE4, 0x1EE6, 0x1EE8, 0x1EE9, 0x1EEA, 0x1EEB, 0x1EEC,
    0x1EED, 0x1EEE, 0x1EEF, 0x1EF0, 0x1EF1, 0x1EF2, 0x1EF3, 0x1EF4, 0x1EF5, 0x1EF6, 0x1EF7, 0x1EF8,
    0x1EF9, 0x2013, 0x2014, 0x2015, 0x2018, 0x2019, 0x201A, 0x201C, 0x201D, 0x201E, 0x2039, 0x203A,
    0x207D, 0x208D, 0xFB00,
};

static const uint8_t notosans_c19_italicKernLeftClassIds[] = {
      1,   2,   3,   2,   4,   5,   6,   5,   7,   8,   9,  10,  11,  12,  13,  14,
     10,  15,  10,  16,  17,  18,  19,  19,  13,  20,  21,   4,  22,  23,  24,  25,
     24,  26,  27,  24,  24,  28,  29,  30,  30,  27,  30,   4,  31,  32,  33,  34,
      7,   7,   7,   7,   7,   7,  11,   9,  11,  11,  11,  11,  10,  10,  10,  10,
     10,  10,  10,  18,  18,  18,  18,  20,  15,  23,  23,  23,  23,  23,  23,  24,
     24,  24,  24,  24,  35,  24,  24,  24,  24,  24,  24,  24,  30,  24,  30,   7,
     23,   7,  23,   7,  23,   9,   9,   9,   9,  10,  36,  10,  11,  24,  11,  24,
     11,  24,  11,  24,  11,  24,  37,  35,  38,  13,  27,  27,  14,  14,  14,  36,
     14,  14,  10,  24,  10,  24,  10,  24,  11,  24,  28,  28,  28,  17,  29,  17,
     39,  17,  29,  18,  18,  18,  18,  18,  18,  19,  30,  20,  30,  20,  21,  21,
     21,  40,  41,  42,  43,  35,   7,  23,  11,  24,  10,  24,  35,  17,  29,  44,
     45,  46,  47,  48,  44,  44,  49,  50,  51,  52,  53,  54,  45,  55,  50,  54,
     50,  56,  57,  46,  45,  51,  58,  50,  55,  55,  44,  44,  56,  56,  59,  60,
     61,  62,  63,  62,  64,  61,  59,  59,  65,  59,  59,  59,  66,  67,  66,  64,
     67,  68,  66,  65,  69,  59,  59,  69,  70,  59,  70,  66,  66,  59,  62,  62,
     71,  62,  64,  72,  73,  74,  70,  70,  67,  65,  59,  75,  59,  51,  76,  77,
     70,  46,  52,  78,  52,  78,  54,  61,  56,  66,  51,  76,  51,  76,  68,  68,
     56,  66,  56,  66,  51,  76,  46,  55,  63,  77,  70,  57,  66,  79,  80,  81,
     82,  83,  84,  85,  54,  61,  84,  85,  50,  64,  50,  64,  50,  64,  55,  63,
     81,  80,  83,  66,  46,  79,  63,  86,  87,  86,  87,  84,  85,  55,  63,  55,
     63,  83,  88,  62,  88,  62,  50,  64,  64,  55,  63,  55,  63,  55,  63,  52,
     23,  52,  23,  62,  62,  56,  66,  56,  66,  50,  64,  54,  61,  56,  66,  56,
     66,  56,  66,  56,  66,  51,  68,  51,  68,  51,  68,  59,  79,  80,  59,  81,
     82,  84,  85,  50,  85,   7,  23,   7,  23,   7,  23,   7,  23,   7,  23,   7,
     23,   7,  23,   7,  23,   7,  23,   7,  23,   7,  23,   7,  23,  11,  24,  11,
     24,  11,  24,  11,  24,  11,  24,  11,  24,  11,  24,  11,  24,  10,  24,  10,
     24,  10,  24,  10,  24,  10,  24,  10,  24,  10,  24,  40,  41,  40,  41,  40,
     41,  40,  41,  40,  41,  18,  18,  42,  43,  42,  43,  42,  43,  42,  43,  42,
     43,  20,  30,  20,  30,  20,  30,  20,  30,   6,   6,   6,   2,   2,   5,   2,
      2,   5,  32,  33,  89,  90,  26,
};

static const uint16_t notosans_c19_italicKernRightCodepoints[] = {
    0x0021, 0x0022, 0x0026, 0x0027, 0x0029, 0x002C, 0x002D, 0x002E, 0x003A, 0x003B, 0x003F, 0x0041,
    0x0043, 0x0047, 0x0049, 0x004A, 0x004F, 0x0051, 0x0053, 0x0054, 0x0055, 0x0056, 0x0057, 0x0058,
    0x0059, 0x005A, 0x005D, 0x0061, 0x0063, 0x0064, 0x0065, 0x0066, 0x0067, 0x006A, 0x006D, 0x006E,
    0x006F, 0x0070, 0x0071, 0x0072, 0x0073, 0x0074, 0x0075, 0x0076, 0x0077, 0x0079, 0x007A, 0x007D,
    0x00AB, 0x00BB, 0x00C0, 0x00C1, 0x00C2, 0x00C3, 0x00C4, 0x00C5, 0x00C6, 0x00C7, 0x00D2, 0x00D3,
    0x00D4, 0x00D5, 0x00D6, 0x00D8, 0x00D9, 0x00DA, 0x00DB, 0x00DC, 0x00DD, 0x00DF, 0x00E0, 0x00E1,
    0x00E2, 0x00E3, 0x00E4, 0x00E5, 0x00E6, 0x00E7, 0x00E8, 0x00E9, 0x00EA, 0x00EB, 0x00F1, 0x00F2,
    0x00F3, 0x00F4, 0x00F5, 0x00F6, 0x00F8, 0x00F9, 0x00FA, 0x00FB, 0x00FC, 0x00FD, 0x00FF, 0x0100,
    0x0101, 0x0102, 0x0103, 0x0104, 0x0105, 0x0106, 0x0107, 0x0108, 0x0109, 0x010A, 0x010B, 0x010C,
    0x010D, 0x010F, 0x0111, 0x0113, 0x0115, 0x0117, 0x0119, 0x011B, 0x011C, 0x011D, 0x011E, 0x011F,
    0x0120, 0x0121, 0x0122, 0x0123, 0x0127, 0x0129, 0x0135, 0x0138, 0x0144, 0x0146, 0x0148, 0x014B,
    0x014C, 0x014D, 0x014E, 0x014F, 0x0150, 0x0151, 0x0152, 0x0153, 0x0155, 0x0157, 0x015B, 0x015D,
    0x015F, 0x0161, 0x0162, 0x0163, 0x0164, 0x0165, 0x0166, 0x0167, 0x0168, 0x0169, 0x016A, 0x016B,
    0x016C, 0x016D, 0x016E, 0x016F, 0x0170, 0x0171, 0x0172, 0x0173, 0x0174, 0x0175, 0x0176, 0x0177,
    0x0178, 0x0179, 0x017A, 0x017B, 0x017C, 0x017D, 0x017E, 0x01A0, 0x01A1, 0x01AF, 0x01B0, 0x01FA,
    0x01FB, 0x01FC, 0x01FD, 0x01FE, 0x01FF, 0x0219, 0x021A, 0x021B, 0x0402, 0x0404, 0x0405, 0x0408,
    0x0409, 0x040B, 0x040E, 0x0410, 0x0414, 0x0416, 0x0417, 0x041B, 0x041E, 0x0421, 0x0422, 0x0423,
    0x0424, 0x0425, 0x0427, 0x042A, 0x042D, 0x042F, 0x0430, 0x0431, 0x0432, 0x0433, 0x0434, 0x0435,
    0x0436, 0x0437, 0x0438, 0x0439, 0x043A, 0x043B, 0x043C, 0x043D, 0x043E, 0x043F, 0x0440, 0x0441,
    0x0442, 0x0443, 0x0444, 0x0445, 0x0446, 0x0447, 0x0448, 0x0449, 0x044A, 0x044B, 0x044C, 0x044D,
    0x044E, 0x044F, 0x0450, 0x0451, 0x0452, 0x0453, 0x0454, 0x0455, 0x0457, 0x0458, 0x0459, 0x045A,
    0x045B, 0x045C, 0x045D, 0x045E, 0x045F, 0x0460, 0x0461, 0x0462, 0x0465, 0x0466, 0x0467, 0x0469,
    0x046D, 0x046E, 0x046F, 0x0470, 0x0471, 0x0472, 0x0473, 0x0474, 0x0475, 0x0476, 0x0477, 0x0478,
    0x0479, 0x047A, 0x047B, 0x047C, 0x047D, 0x047E, 0x047F, 0x0480, 0x0481, 0x048B, 0x048C, 0x048D,
    0x048F, 0x0491, 0x0492, 0x0495, 0x0496, 0x0497, 0x0498, 0x0499, 0x049B, 0x049D, 0x049E, 0x049F,
    0x04A0, 0x04A1, 0x04A3, 0x04A5, 0x04A7, 0x04A8, 0x04A9, 0x04AA, 0x04AB, 0x04AC, 0x04AD, 0x04AE,
    0x04AF, 0x04B0, 0x04B1, 0x04B2, 0x04B3, 0x04B4, 0x04B5, 0x04B6, 0x04B7, 0x04B8, 0x04B9, 0x04BB,
    0x04BC, 0x04BD, 0x04BE, 0x04BF, 0x04C1, 0x04C2, 0x04C4, 0x04C5, 0x04C6, 0x04C8, 0x04CA, 0x04CB,
    0x04CC, 0x04CE, 0x04D0, 0x04D1, 0x04D2, 0x04D3, 0x04D4, 0x04D5, 0x04D7, 0x04D8, 0x04D9, 0x04DA,
    0x04DB, 0x04DC, 0x04DD, 0x04DE, 0x04DF, 0x04E3, 0x04E5, 0x04E6, 0x04E7, 0x04E8, 0x04E9, 0x04EA,
    0x04EB, 0x04EC, 0x04ED, 0x04EE, 0x04EF, 0x04F0, 0x04F1, 0x04F2, 0x04F3, 0x04F4, 0x04F5, 0x04F7,
    0x04F9, 0x04FA, 0x04FC, 0x04FD, 0x04FE, 0x04FF, 0x1EA0, 0x1EA1, 0x1EA2, 0x1EA3, 0x1EA4, 0x1EA5,
    0x1EA6, 0x1EA7, 0x1EA8, 0x1EA9, 0x1EAA, 0x1EAB, 0x1EAC, 0x1EAD, 0x1EAE, 0x1EAF, 0x1EB0, 0x1EB1,
    0x1EB2, 0x1EB3, 0x1EB4, 0x1EB5, 0x1EB6, 0x1EB7, 0x1EB9, 0x1EBB, 0x1EBD, 0x1EBF, 0x1EC1, 0x1EC3,
    0x1EC5, 0x1EC7, 0x1ECC, 0x1ECD, 0x1ECE, 0x1ECF, 0x1ED0, 0x1ED1, 0x1ED2, 0x1ED3, 0x1ED4, 0x1ED5,
    0x1ED6, 0x1ED7, 0x1ED8, 0x1ED9, 0x1EDA, 0x1EDB, 0x1EDC, 0x1EDD, 0x1EDE, 0x1EDF, 0x1EE0, 0x1EE1,
    0x1EE2, 0x1EE3, 0x1EE4, 0x1EE5, 0x1EE6, 0x1EE7, 0x1EE8, 0x1EE9, 0x1EEA, 0x1EEB, 0x1EEC, 0x1EED,
    0x1EEE, 0x1EEF, 0x1EF0, 0x1EF1, 0x1EF2, 0x1EF3, 0x1EF4, 0x1EF5, 0x1EF6, 0x1EF7, 0x1EF8, 0x1EF9,
    0x2013, 0x2014, 0x2015, 0x2018, 0x2019, 0x201A, 0x201C, 0x201D, 0x201E, 0x2026, 0x2039, 0x203A,
    0x207E, 0x208E, 0xFB00,
};

static const uint8_t notosans_c19_italicKernRightClassIds[] = {
      1,   2,   3,   2,   4,   5,   6,   5,   7,   7,   8,   9,  10,  10,  11,  12,
     10,  10,  13,  14,  15,  16,  16,  17,  18,  19,   4,  20,  21,  21,  21,  22,
     23,  24,  25,  25,  21,  25,  21,  25,  26,  27,  25,  28,  28,  28,  29,   4,
     30,  31,   9,   9,   9,   9,   9,   9,  32,  10,  10,  10,  10,  10,  10,  10,
     15,  15,  15,  15,  18,  24,  21,  20,  20,  20,  20,  20,  20,  21,  21,  21,
     21,  21,  25,  21,  21,  21,  21,  21,  21,  25,  25,  25,  25,  28,  28,   9,
     20,   9,  20,   9,  20,  10,  21,  10,  21,  10,  21,  10,  21,  21,  21,  21,
     21,  21,  21,  21,  10,  23,  10,  23,  10,  23,  10,  23,  33,  34,  24,  25,
     25,  25,  25,  25,  10,  21,  10,  21,  10,  21,  10,  21,  25,  25,  26,  26,
     26,  26,  14,  27,  14,  27,  14,  27,  15,  25,  15,  25,  15,  25,  15,  25,
     15,  25,  15,  25,  16,  28,  18,  28,  18,  19,  29,  19,  29,  19,  29,  10,
     21,  15,  25,   9,  20,  32,  20,  10,  21,  26,  14,  27,  35,  36,  37,  38,
     39,  35,  40,  41,  42,  43,  44,  39,  36,  36,  35,  40,  45,  43,  46,  35,
     44,  47,  48,  49,  48,  50,  51,  48,  52,  50,  53,  53,  54,  55,  54,  54,
     48,  54,  54,  48,  54,  56,  48,  57,  53,  58,  53,  53,  59,  53,  53,  52,
     54,  60,  48,  48,  61,  50,  48,  62,  63,  64,  55,  54,  61,  54,  53,  65,
     53,  66,  67,  68,  69,  41,  70,  69,  69,  44,  50,  46,  69,  71,  72,  66,
     67,  66,  67,  71,  72,  71,  72,  71,  72,  66,  67,  71,  72,  69,  68,  61,
     69,  69,  68,  69,  43,  50,  44,  50,  69,  69,  68,  61,  73,  59,  69,  69,
     69,  71,  72,  71,  72,  35,  69,  74,  75,  74,  75,  43,  52,  73,  59,  46,
     58,  46,  58,  69,  76,  77,  76,  77,  43,  52,  69,  78,  70,  69,  69,  46,
     58,  69,  41,  79,  41,  79,  41,  79,  72,  80,  50,  80,  50,  43,  52,  44,
     50,  69,  69,  71,  72,  71,  72,  71,  72,  44,  52,  40,  56,  40,  56,  40,
     56,  46,  58,  69,  53,  68,  43,  52,  43,  52,   9,  20,   9,  20,   9,  20,
      9,  20,   9,  20,   9,  20,   9,  20,   9,  20,   9,  20,   9,  20,   9,  20,
      9,  20,  21,  21,  21,  21,  21,  21,  21,  21,  10,  21,  10,  21,  10,  21,
     10,  21,  10,  21,  10,  21,  10,  21,  10,  21,  10,  21,  10,  21,  10,  21,
     10,  21,  15,  25,  15,  25,  15,  25,  15,  25,  15,  25,  15,  25,  15,  25,
     18,  28,  18,  28,  18,  28,  18,  28,   6,   6,   6,  81,   2,   5,  81,   2,
      5,   5,  30,  31,  82,  83,  22,
};

static const uint16_t notosans_c19_italicKernRowOffsets[] = {
        0,     2,    32,    35,    50,    65,    78,    84,    85,    88,    96,    97,   100,   102,   109,   115,
      116,   132,   134,   146,   160,   163,   164,   165,   168,   169,   171,   172,   177,   179,   182,   185,
      192,   200,   204,   205,   211,   213,   214,   217,   224,   230,   244,   252,   268,   297,   307,   312,
      314,   321,   340,   369,   393,   407,   421,   437,   450,   466,   485,   486,   502,   511,   519,   524,
      532,   542,   558,   567,   579,   597,   614,   623,   628,   636,   638,   650,   652,   659,   671,   695,
      699,   717,   721,   729,   736,   738,   753,   755,   758,   759,   760,
};

static const uint8_t notosans_c19_italicKernSparseCols[] = {
     70,  71,   8,  13,  15,  17,  19,  20,  22,  24,  25,  33,  34,  36,  38,  39,
     40,  41,  42,  43,  45,  49,  54,  55,  60,  62,  64,  68,  69,  71,  77,  78,
     13,  15,  17,  11,  21,  23,  34,  37,  38,  41,  42,  43,  44,  55,  60,  62,
     63,  64,   9,  13,  14,  15,  17,  34,  44,  45,  57,  58,  65,  70,  72,  73,
     75,  13,  34,  39,  41,  42,  45,  54,  55,  56,  57,  58,  64,  72,   1,   9,
     11,  13,  15,  17,   4,   2,   9,  29,   4,   8,  13,  15,  16,  17,  18,  36,
     11,   4,   7,   8,   9,  29,   1,   9,  13,  14,  15,  17,  29,   2,   4,   8,
     16,  18,  29,  29,   2,   4,   5,   7,   8,   9,  13,  19,  20,  22,  24,  25,
     27,  28,  29,  30,   4,   8,   2,   4,   7,   8,   9,  19,  20,  22,  24,  25,
     29,  30,   2,   4,   7,   8,   9,  19,  20,  22,  24,  25,  28,  29,  30,  31,
      2,   9,  29,  11,   1,   1,  27,  28,   1,   1,   3,  20,   1,   4,  19,  20,
     22,   1,   3,   1,   4,   7,  11,  13,  17,  13,  15,  17,  34,  39,  45,  72,
     13,  15,  17,  34,  39,  42,  45,  72,  11,  13,  15,  17,   3,   0,   1,   3,
      7,  32,  80,   3,  33,  11,   1,   3,   7,   7,  12,  13,  15,  16,  17,  20,
      1,  21,  25,  26,  27,  80,   1,   4,   7,   8,  10,  12,  13,  15,  16,  17,
     19,  20,  24,  80,   1,   4,   7,  21,  25,  26,  27,  80,   1,   3,   4,  34,
     35,  39,  42,  44,  45,  46,  51,  55,  57,  58,  64,  80,   3,   4,   5,   6,
     30,  34,  35,  38,  40,  41,  43,  44,  46,  47,  49,  50,  51,  52,  53,  54,
     55,  56,  57,  58,  59,  60,  61,  62,  64,  29,  35,  37,  44,  45,  47,  50,
     57,  70,  75,   4,  44,  45,  57,  80,  37,  63,   1,  34,  39,  45,  57,  58,
     80,   3,   4,   5,  29,  35,  37,  41,  44,  45,  47,  50,  52,  55,  57,  58,
     62,  64,  70,  75,   4,   5,   6,  29,  30,  35,  38,  40,  41,  44,  46,  47,
     48,  49,  50,  52,  53,  54,  57,  59,  60,  61,  62,  69,  70,  71,  75,  76,
     77,   1,  34,  35,  37,  38,  39,  44,  45,  47,  48,  50,  52,  54,  55,  57,
     58,  64,  65,  67,  72,  73,  75,  79,  80,   1,  35,  40,  42,  44,  45,  51,
     55,  56,  57,  58,  64,  75,  80,   4,  34,  36,  39,  40,  42,  43,  44,  45,
     46,  51,  57,  65,  73,   3,  34,  35,  37,  38,  40,  41,  42,  44,  45,  54,
     55,  57,  58,  63,  64,   4,  34,  39,  40,  42,  43,  45,  46,  57,  65,  69,
     72,  73,   4,   5,  29,  34,  38,  39,  40,  41,  42,  43,  46,  47,  50,  54,
     69,  77,   3,   4,   6,  34,  36,  38,  39,  40,  41,  42,  43,  45,  46,  54,
     65,  69,  72,  73,  77,  34,   1,   4,  34,  39,  42,  45,  49,  51,  55,  56,
     57,  58,  59,  61,  64,  80,   4,  34,  45,  49,  51,  55,  57,  58,  64,   1,
     34,  45,  47,  50,  55,  57,  64,   1,   4,  34,  42,  56,  34,  45,  47,  50,
     54,  57,  71,  76,   4,   5,  34,  45,  47,  48,  50,  52,  57,  80,   1,   4,
     34,  39,  42,  45,  49,  51,  55,  56,  57,  58,  59,  61,  64,  80,   1,  34,
     42,  45,  55,  57,  58,  64,  80,   4,   5,  34,  38,  40,  42,  47,  50,  54,
     59,  69,  80,   1,   3,  34,  37,  38,  40,  41,  42,  44,  45,  52,  54,  55,
     57,  58,  63,  64,  80,   1,  34,  35,  38,  45,  48,  51,  52,  55,  56,  57,
     58,  64,  66,  74,  76,  80,   1,  34,  37,  55,  57,  58,  63,  64,  80,  34,
     39,  47,  50,  57,   1,   3,  34,  39,  42,  60,  62,  80,  37,  63,   4,   5,
     34,  38,  40,  42,  47,  50,  54,  59,  69,  80,   4,  69,   1,  34,  45,  58,
     65,  72,  73,   1,  55,  57,  58,  59,  64,  66,  68,  71,  74,  76,  78,   4,
      5,  29,  30,  34,  40,  44,  49,  51,  55,  57,  58,  59,  61,  64,  66,  68,
     69,  70,  71,  74,  75,  76,  77,   4,   5,  69,  71,   4,   5,  34,  40,  44,
     49,  51,  57,  60,  61,  68,  69,  70,  71,  72,  75,  76,  77,   4,  66,  69,
     71,   1,  55,  57,  58,  64,  66,  74,  76,  37,  44,  57,  58,  70,  75,  76,
     57,  71,   4,  40,  44,  49,  57,  59,  60,  68,  69,  70,  71,  76,  77,  78,
     79,   4,  69,  34,  65,  73,  81,  82,
};

static const int8_t notosans_c19_italicKernSparseValues[] = {
      -6,   -6,  -21,    6,    6,    3,  -12,  -18,   -9,   -9,   -9,   21,    6,    9,  -15,    9,
     -21,  -18,    9,   12,    6,    3,   -9,    6,   12,   12,    6,   -3,  -21,  -18,  -18,   -6,
     -18,  -12,  -18,   27,   12,   12,    9,   33,   -3,   12,    6,    9,   -6,    9,   12,    9,
      27,    9,  -15,  -21,   -6,  -18,  -18,  -18,  -12,  -24,  -18,  -15,  -18,  -15,  -21,  -18,
     -18,  -12,  -12,   -6,   -3,   -6,  -15,   -3,   -3,   -3,   -6,   -6,   -3,  -12,  -21,   -6,
      23,  -15,   -3,   -9,   -6,   -3,   -6,   -6,  -12,   -6,   -9,   -3,   -6,   -3,   -3,   -3,
      18,  -18,    6,   -6,   -6,   -6,  -24,   -6,  -12,   -3,   -6,  -12,  -12,   -6,  -40,  -15,
      -6,   -3,   -3,   -3,   -6,  -18,  -12,    6,  -15,   -6,    3,  -24,  -21,  -21,  -15,  -18,
      -6,  -12,  -18,  -12,   -6,   -3,   -3,  -15,    6,   -3,   -3,   -6,   -6,   -3,   -3,   -3,
     -12,   -6,   -9,  -18,    6,   -9,   -6,  -15,  -15,   -6,   -9,  -12,   -6,  -12,  -12,   -6,
      -6,   -3,   -3,   27,   -3,   -3,   -6,   -3,    6,   18,   12,   -6,   12,  -36,   -6,   -6,
      -3,    6,    6,   12,  -12,    6,   18,   -6,   -3,  -12,   -6,  -12,  -12,   -3,   -6,   -9,
     -18,  -12,  -12,  -18,   -6,   -6,  -18,  -12,   30,  -15,   -3,   -9,   12,   18,   21,   26,
      24,   21,   12,   12,   33,   15,   12,   18,    6,    9,    6,    9,   12,    9,   18,    6,
       6,   12,    6,   12,   15,   18,    6,  -12,   15,   -6,    9,    6,   21,   24,   18,   24,
      -6,    3,   -3,    6,    6,   -3,    6,   15,    6,   15,   15,   15,  -24,   -3,   -6,  -21,
      -3,   -6,   -3,   -3,  -24,   -3,   -3,   -9,   -9,  -18,   -9,  -21,    9,  -18,  -12,   -6,
     -12,    3,   -6,  -18,  -15,  -18,    3,  -11,   -3,  -21,   -9,  -30,   -9,   -9,   -9,  -21,
      -6,   -9,  -15,   -6,   -9,   15,   -9,    6,  -12,   -6,   -3,    6,   -6,   -3,   -3,   -3,
      -6,   -6,   -6,   -3,   -3,   -6,   -5,   -3,   15,    9,  -24,  -21,   -6,  -24,   -9,  -15,
     -15,    6,   -3,   -9,   -6,   -8,    6,    3,  -12,   -6,   -3,   -6,   -3,   -3,   -9,   -3,
       3,   -3,   -6,  -15,  -24,   -6,   -6,  -12,   -6,   -6,  -24,  -24,  -21,   -9,   -9,   -9,
      -6,   -3,  -18,   -3,   -6,  -15,   -6,   -3,   15,   -6,    6,  -12,   -3,   -6,   -6,   -9,
     -15,  -21,  -18,  -12,    9,    6,   -6,  -12,  -27,   -3,   -3,   -3,   -3,    6,   -9,  -18,
     -18,   -9,  -12,   -6,  -15,  -18,  -15,   -6,  -21,   -6,   -3,   -3,   -3,   -3,   -6,   -3,
      -9,   -3,   -9,  -12,   -9,   -6,   -6,   -6,   -6,   -3,   -3,   -3,   -3,   -3,   -3,   -6,
      -3,   -3,   -3,   -3,   -3,   12,   -3,   -3,   36,    9,    5,    9,    3,   -3,   -9,   12,
       9,  -12,   -6,   30,    9,  -12,  -12,  -12,   -6,   -8,   -3,   -6,   -3,   -3,   -3,   -3,
      -3,   -3,  -40,   -3,   -3,   -6,  -15,   -9,  -15,  -15,   -9,   -3,   -3,   -3,   -3,  -12,
     -15,  -18,   -6,  -12,   -3,  -15,   -3,   -6,  -18,   -6,   -5,  -12,   -6,   -6,   -9,   -6,
      -3,   -3,   -6,   -9,   -6,   -9,   -3,   -6,  -33,   -9,   -3,   -9,   -3,   -6,  -12,   -6,
      -6,   -6,   -3,   -3,  -12,   -6,   -6,  -18,   -3,   -3,   -3,   -9,   -6,   -3,   -9,   -3,
     -15,   -3,   -3,   -3,   -6,   -3,   -6,   -3,   -6,   -6,   -3,   -3,  -12,   -3,   -6,   -6,
       3,   -6,   -6,   -6,   -3,   -6,   -9,   -3,   -6,   -3,   -6,   -5,   -3,    3,   -3,   -6,
     -21,   -9,   -3,   -9,   -3,   -6,  -12,   -6,   -6,   -6,   -3,   -3,  -12,   -6,   -9,  -12,
      -3,   -6,  -15,   -6,   -6,  -15,  -12,  -12,   -3,   -6,   -9,   -3,   -3,   -9,   -9,  -15,
      -3,   -6,    6,   -6,   12,  -15,   40,   12,    6,   12,    6,   -6,  -12,   -3,    6,    3,
      -6,   -6,   15,    3,   -9,  -18,  -27,   -9,    3,  -36,   -3,   -5,   -3,  -18,   -2,  -21,
     -21,  -18,   -6,   -9,   -6,  -27,   -9,  -27,   24,  -12,   -6,   -6,    6,  -12,  -12,   -9,
      -6,   -3,   -3,   -6,   12,    9,    6,    6,    3,    6,    3,   12,   24,    9,  -12,   -3,
     -12,   -9,   -3,   -3,   -9,   -9,  -15,   -3,   -6,    6,  -12,   -6,  -12,  -12,  -18,   -6,
      -9,  -15,   -9,  -21,   -9,   -9,  -15,    9,   -9,   -6,   -3,   -6,   -6,   -6,   -6,  -18,
     -12,  -18,  -12,    3,  -15,  -12,   -6,   -6,  -12,  -15,  -12,   -9,  -18,  -12,   -6,  -15,
     -18,   -6,  -21,  -12,  -15,  -21,  -15,  -15,   -6,   -9,   -3,  -15,   -6,    6,  -18,   -9,
      -6,   -6,  -15,    6,   -9,   -9,  -15,   -6,  -12,    6,   -6,   -9,  -12,   -9,   15,   -9,
      -6,  -21,   -6,  -24,  -15,   -6,   -6,   -6,   -6,   67,   -9,  -12,   -6,   -6,   -9,   -6,
      -3,   -3,  -18,  -18,   -9,  -12,  -12,   -6,    6,   -9,  -15,   -6,  -15,  -12,  -12,  -12,
      -3,  -12,   -3,   -6,   -3,   -3,   16,   15,
};

static const EpdLigaturePair notosans_c19_italicLigaturePairs[] = {
    { 0x00660066, 0xFB00 }, // f f -> U+FB00
    { 0x00660069, 0xFB01 }, // f i -> U+FB01
    { 0x0066006C, 0xFB02 }, // f l -> U+FB02
    { 0xFB000069, 0xFB03 }, // U+FB00 i -> U+FB03
    { 0xFB00006C, 0xFB04 }, // U+FB00 l -> U+FB04
};

static const EpdFontData notosans_c19_italic = {
    notosans_c19_italicBitmaps,
    notosans_c19_italicGlyphs,
    notosans_c19_italicIntervals,
    18,
    26,
    21,
    -6,
    true,
    notosans_c19_italicGroups,
    13,
    nullptr,
    nullptr,  // kernLeftClasses: built-in fonts use the split arrays below
    nullptr,  // kernRightClasses
    notosans_c19_italicKernLeftCodepoints,
    notosans_c19_italicKernLeftClassIds,
    notosans_c19_italicKernRightCodepoints,
    notosans_c19_italicKernRightClassIds,
    nullptr,  // kernMatrix: built-in fonts use the sparse form below
    notosans_c19_italicKernRowOffsets,
    notosans_c19_italicKernSparseCols,
    notosans_c19_italicKernSparseValues,
    471,
    471,
    90,
    83,
    notosans_c19_italicLigaturePairs,
    5,
};
