/**
 * generated by fontconvert.py
 * name: notosans_c17_italic
 * size: 0
 * mode: 2-bit  compressed: true
 * Command used: fontconvert.py notosans_c17_italic 0 ../builtinFonts/source/NotoSans/NotoSans-Italic.ttf --2bit --compress --pnum --ppem 17 --additional-intervals 0x0250,0x02AF --additional-intervals 0x02B0,0x02FF
 */
#pragma once
#include "EpdFontData.h"

static const uint8_t notosans_c17_italicBitmaps[19363] = {
    0x8D, 0x56, 0xCF, 0x8F, 0x1C, 0xC5, 0x15, 0xFE, 0xBA, 0x6B, 0xED, 0x42, 0xD3, 0xDB, 0x5D, 0x3E,
    0xD8, 0x52, 0x14, 0xF7, 0xEC, 0x70, 0xE0, 0x30, 0x82, 0x5E, 0xEF, 0x1C, 0x8A, 0xA8, 0x37, 0x3B,
    0xCB, 0x94, 0xF1, 0x81, 0x03, 0x17, 0x47, 0xF2, 0x0A, 0x45, 0x48, 0x88, 0x03, 0x27, 0x88, 0xA1,
    0x49, 0x5A, 0x0A, 0x91, 0x2C, 0x6F, 0xE1, 0x95, 0xF0, 0x81, 0x8B, 0xF3, 0x07, 0x44, 0x19, 0x85,
    0x03, 0x9C, 0xA0, 0x85, 0x38, 0x38, 0x4A, 0xD0, 0x96, 0xEC, 0x83, 0x0F, 0x08, 0x54, 0x88, 0x1B,
    0x22, 0x52, 0x43, 0x10, 0xB2, 0x8C, 0x40, 0x7D, 0xD8, 0x83, 0x23, 0xED, 0xEE, 0xF0, 0xAA, 0xBA,
    0x67, 0x76, 0xB1, 0x9C, 0x28, 0xD5, 0x35, 0xD3, 0xD3, 0x3D, 0xAF, 0xEA, 0xFD, 0xFA, 0xDE, 0xF7,
    0x0A, 0xE0, 0x9A, 0xAB, 0x08, 0x02, 0x09, 0x62, 0xA4, 0x74, 0x9D, 0x06, 0x50, 0xE2, 0x23, 0xB8,
    0x91, 0x55, 0x79, 0x2D, 0xCD, 0xC8, 0xF8, 0x07, 0x8C, 0x0A, 0x14, 0x53, 0x4C, 0x4D, 0xEF, 0xDE,
    0xDD, 0x5F, 0x7E, 0x7F, 0x37, 0xD8, 0x51, 0xEC, 0x02, 0x5E, 0xF9, 0x60, 0x7A, 0xF6, 0x85, 0x8B,
    0xBD, 0x65, 0xC4, 0x29, 0x96, 0x87, 0xC0, 0x2F, 0x80, 0xCB, 0x60, 0x33, 0x2D, 0x46, 0x88, 0x47,
    0x10, 0x05, 0x58, 0x03, 0x1C, 0x00, 0x9F, 0xB8, 0xF9, 0x9B, 0xBF, 0x60, 0x7B, 0x0F, 0x4C, 0x81,
    0x01, 0x01, 0x30, 0x30, 0x99, 0x9C, 0x16, 0xC5, 0xD4, 0x4E, 0xBF, 0xD0, 0xD3, 0x4F, 0x4E, 0xFF,
    0xED, 0x5F, 0x3F, 0x4E, 0xFE, 0x78, 0x7D, 0xE9, 0x1D, 0x1E, 0xDC, 0xE9, 0x31, 0x1E, 0xC7, 0x3C,
    0x1D, 0xBA, 0xC5, 0x70, 0x16, 0xCD, 0x14, 0xBB, 0x65, 0xD8, 0xD3, 0x86, 0x3D, 0xA3, 0xC2, 0x1F,
    0x10, 0x36, 0x58, 0x29, 0x87, 0x79, 0x26, 0x8B, 0xA4, 0x2E, 0xB8, 0xC9, 0x07, 0x66, 0xB0, 0xE7,
    0x25, 0xB3, 0x5C, 0x8E, 0xDC, 0x7D, 0x1A, 0x1A, 0xA6, 0x12, 0x72, 0x26, 0x43, 0x0E, 0x89, 0xC2,
    0x5F, 0x23, 0xFA, 0x35, 0xC4, 0x23, 0xEE, 0x7F, 0x8B, 0x69, 0xF7, 0x6A, 0xE4, 0xEF, 0x15, 0x6C,
    0x60, 0x98, 0x8E, 0x68, 0xC5, 0xA3, 0xA0, 0x67, 0xFA, 0x3B, 0xBF, 0x81, 0xB3, 0xF7, 0x54, 0xF8,
    0x9D, 0xEA, 0x15, 0x48, 0x25, 0xF0, 0x98, 0x5B, 0x17, 0x98, 0x6E, 0xBE, 0x72, 0xCF, 0xCD, 0xC5,
    0x23, 0x8D, 0x98, 0xAC, 0xA1, 0xDB, 0xB6, 0x76, 0xE1, 0x6B, 0xA3, 0xC7, 0x41, 0x41, 0x25, 0x13,
    0x48, 0x2F, 0x69, 0x20, 0xA5, 0xA1, 0x01, 0x57, 0xEE, 0x5D, 0x0A, 0xB2, 0xCB, 0xBD, 0x23, 0xDF,
    0x82, 0x19, 0xD8, 0x8E, 0x16, 0xA1, 0xE9, 0x07, 0x26, 0x0B, 0x4C, 0x1E, 0xFA, 0xC9, 0x74, 0xCE,
    0x55, 0x2E, 0xB0, 0x9A, 0x41, 0xEC, 0xB5, 0xE1, 0x0F, 0x6B, 0x61, 0xD7, 0xC9, 0x4E, 0xF2, 0x4D,
    0x33, 0xC5, 0x31, 0x4F, 0x1A, 0x96, 0x68, 0x0F, 0x1D, 0x9E, 0xB7, 0x40, 0x7D, 0xA4, 0x65, 0xC5,
    0x65, 0x31, 0xB4, 0x24, 0x85, 0x73, 0x5B, 0x98, 0xCC, 0x14, 0x89, 0x85, 0x9D, 0x98, 0x45, 0x60,
    0x29, 0xEF, 0x01, 0xE5, 0xE5, 0x55, 0x38, 0x61, 0xA6, 0x29, 0x2B, 0x8F, 0x0D, 0xB0, 0x76, 0x1F,
    0xDD, 0xE0, 0x06, 0x42, 0x63, 0x43, 0xE1, 0xDF, 0x08, 0xEF, 0x20, 0xEA, 0x21, 0x4D, 0x50, 0xC6,
    0x98, 0xCD, 0xCC, 0x99, 0xCB, 0xDE, 0x78, 0xE9, 0xA4, 0x28, 0xD1, 0xB4, 0x9A, 0x54, 0x90, 0x15,
    0xF1, 0x45, 0x0C, 0xF6, 0xBD, 0xC7, 0x91, 0x9F, 0x09, 0x6E, 0x5C, 0xC1, 0x6E, 0xED, 0x77, 0xA3,
    0x64, 0xEF, 0x1A, 0x66, 0x3B, 0xC9, 0xEC, 0x25, 0x4C, 0xDE, 0xC7, 0x98, 0x43, 0xB6, 0x33, 0xC2,
    0x78, 0x75, 0xE1, 0x25, 0xB6, 0x67, 0xF8, 0x59, 0x88, 0x2C, 0x98, 0x79, 0x30, 0x94, 0x14, 0xB6,
    0x70, 0xA6, 0xF8, 0x05, 0x13, 0x85, 0x26, 0x62, 0x86, 0xBD, 0x8D, 0xF0, 0x3E, 0xC4, 0xEF, 0x40,
    0x01, 0x2B, 0x38, 0x8A, 0x08, 0xF9, 0x0A, 0x06, 0xAD, 0x2F, 0xA7, 0xC0, 0x0E, 0x21, 0xB8, 0x4A,
    0x99, 0xCE, 0x28, 0xA8, 0xF4, 0x1D, 0x29, 0xF1, 0x0F, 0x04, 0xCF, 0x76, 0x3B, 0x9E, 0xFA, 0x08,
    0xDB, 0xD6, 0x4B, 0x8A, 0xD8, 0xDF, 0x7C, 0xF2, 0x68, 0x4F, 0x85, 0xC5, 0xE8, 0x93, 0x9C, 0x24,
    0x4C, 0xB4, 0x83, 0x9C, 0xF8, 0x18, 0xD1, 0x0D, 0xBC, 0x01, 0xFC, 0x9D, 0x9E, 0x68, 0xF1, 0x55,
    0xE0, 0xA4, 0xFB, 0xE7, 0xCC, 0x16, 0x76, 0x67, 0x9D, 0x14, 0xFD, 0xA0, 0x47, 0xF8, 0x9C, 0x9C,
    0x73, 0xC9, 0xF3, 0xB7, 0x35, 0x9C, 0xFC, 0xD6, 0x89, 0xDF, 0xE8, 0xC2, 0x32, 0x69, 0x1E, 0xCD,
    0xE1, 0xAE, 0x86, 0x99, 0x84, 0xB4, 0x1C, 0x2F, 0x3E, 0x1A, 0x83, 0x43, 0x60, 0x8F, 0x3B, 0x5B,
    0x6C, 0x72, 0xF2, 0xDB, 0x2A, 0x5D, 0x2D, 0x8B, 0xBC, 0x18, 0x15, 0xB2, 0x2E, 0x8A, 0x91, 0x9D,
    0x4E, 0x47, 0x5F, 0x7F, 0x6D, 0xE4, 0xD5, 0x89, 0xA2, 0xB8, 0x38, 0x67, 0xC0, 0xEE, 0x51, 0x15,
    0xFC, 0xB6, 0x35, 0x3C, 0x52, 0x18, 0x28, 0x6C, 0x68, 0xFC, 0x5E, 0xE3, 0x1B, 0x13, 0x50, 0xF5,
    0x5C, 0x33, 0xD1, 0xCC, 0x24, 0x81, 0xCD, 0x60, 0x25, 0xEA, 0xCA, 0x19, 0x46, 0x09, 0x34, 0xEC,
    0xCD, 0x86, 0xA3, 0x8A, 0x68, 0x06, 0x56, 0xCC, 0x90, 0x3C, 0xA7, 0xD3, 0xB0, 0x03, 0xE2, 0xFA,
    0xF3, 0x6A, 0xF2, 0x1F, 0xE0, 0x04, 0xE1, 0xAB, 0x8E, 0xB4, 0x22, 0x48, 0x8D, 0x9D, 0x79, 0x2E,
    0x03, 0x34, 0x1B, 0xFF, 0x4D, 0x8F, 0x9B, 0x27, 0x10, 0x1D, 0x74, 0x16, 0x13, 0x22, 0xFC, 0x86,
    0x25, 0xE5, 0x80, 0xF2, 0x9A, 0x60, 0x1C, 0x23, 0x4F, 0x51, 0x66, 0x68, 0xF2, 0xD0, 0xAE, 0xBF,
    0xA6, 0x26, 0xF7, 0x5B, 0x31, 0x4B, 0x98, 0xE3, 0x73, 0xAC, 0x38, 0xBD, 0x5B, 0x2E, 0xE5, 0x99,
    0xCF, 0xFA, 0xFA, 0x25, 0x4C, 0xF6, 0x1F, 0x26, 0xB6, 0x05, 0x71, 0x78, 0x24, 0xD6, 0xA1, 0xD0,
    0x99, 0xD7, 0x44, 0xFA, 0xC5, 0x23, 0xF3, 0x4E, 0xA8, 0x6A, 0x60, 0x9B, 0xC0, 0x54, 0x81, 0x29,
    0x43, 0xB3, 0xC9, 0x75, 0x34, 0xEB, 0xB2, 0xC9, 0x74, 0xCC, 0x54, 0xCC, 0x91, 0x72, 0x64, 0x64,
    0xA1, 0x98, 0xED, 0x25, 0x5B, 0x55, 0x8A, 0x22, 0x43, 0x35, 0x46, 0x9D, 0x53, 0x64, 0x5C, 0x35,
    0x87, 0x07, 0x14, 0x9C, 0x1A, 0x8B, 0x5A, 0x6B, 0xAB, 0x6D, 0x62, 0x7C, 0x98, 0x5B, 0x96, 0x9C,
    0x13, 0x4B, 0x45, 0x61, 0xF0, 0x92, 0x5C, 0xEF, 0xCE, 0x55, 0x94, 0xEC, 0xBC, 0xE5, 0x44, 0xAA,
    0x7D, 0x44, 0x25, 0x44, 0x03, 0x51, 0x22, 0x1D, 0x23, 0x4B, 0x91, 0x27, 0x2E, 0x28, 0xD2, 0x41,
    0x6B, 0x5E, 0xC2, 0x51, 0xB7, 0xA3, 0xDB, 0x6F, 0xFD, 0x52, 0xE7, 0xB5, 0x0D, 0x1A, 0x56, 0xB3,
    0x86, 0x4F, 0x79, 0x15, 0x15, 0x71, 0xDD, 0x2B, 0x32, 0x1B, 0x8F, 0x9E, 0x34, 0xF1, 0xE8, 0x43,
    0x93, 0xCA, 0x5B, 0x26, 0xFB, 0xD5, 0x8E, 0xCE, 0xD7, 0x98, 0x92, 0xE7, 0x38, 0x46, 0xE4, 0x86,
    0x5F, 0x63, 0x38, 0xAD, 0x8B, 0xC0, 0xAB, 0x04, 0xB4, 0x06, 0x3D, 0x0A, 0x7A, 0x9C, 0x65, 0x88,
    0xE3, 0x9C, 0x4A, 0x57, 0x22, 0xE3, 0x12, 0x39, 0xAB, 0x20, 0x89, 0x3B, 0x47, 0x41, 0xDD, 0x56,
    0x90, 0x89, 0xDE, 0x6C, 0xFA, 0x28, 0x09, 0x7F, 0x25, 0xF2, 0xCA, 0xCF, 0x06, 0x25, 0xB9, 0x54,
    0x86, 0x76, 0xF3, 0xAC, 0x3E, 0x96, 0x54, 0xC5, 0xAE, 0x59, 0x8E, 0x3A, 0x72, 0xD3, 0x26, 0xDC,
    0x50, 0x1A, 0xFA, 0x0F, 0xA4, 0xE1, 0x7F, 0x6F, 0x18, 0xCC, 0x37, 0x1C, 0x7B, 0xA8, 0x72, 0xD5,
    0x6D, 0xFB, 0xD6, 0x7C, 0xDB, 0xC0, 0x26, 0xCF, 0x6B, 0x71, 0x80, 0x34, 0x43, 0x16, 0x1F, 0x8B,
    0x94, 0xDB, 0x56, 0x8B, 0xF3, 0xC4, 0xE6, 0x8E, 0x3A, 0x04, 0xAD, 0x22, 0xE3, 0xFF, 0xE9, 0x6A,
    0x12, 0xFE, 0xD5, 0xC5, 0x05, 0xC9, 0x38, 0xEA, 0x30, 0x44, 0x6C, 0x94, 0x41, 0xA2, 0x40, 0x4F,
    0x69, 0x4E, 0x0F, 0xEF, 0xD8, 0xC8, 0x2D, 0x4F, 0xBD, 0x18, 0x6D, 0x1F, 0x43, 0xB6, 0x59, 0xCF,
    0x51, 0x53, 0x31, 0x14, 0xB0, 0x84, 0x95, 0x2A, 0x34, 0x15, 0x53, 0x7F, 0x1A, 0xCC, 0xA9, 0xC3,
    0x75, 0x82, 0xBA, 0x08, 0x8D, 0x64, 0x9A, 0x38, 0x8A, 0xD6, 0xE4, 0x19, 0x86, 0x14, 0xCA, 0x0A,
    0x99, 0xC5, 0x8A, 0x71, 0xF5, 0x25, 0x5A, 0x39, 0x92, 0xC8, 0x65, 0x64, 0x4A, 0x99, 0x98, 0x4A,
    0xAE, 0x1A, 0x2B, 0x9F, 0xBC, 0x65, 0xE4, 0xEB, 0xB7, 0x55, 0xFE, 0xF9, 0x1D, 0xAC, 0x9B, 0xCF,
    0xA8, 0x0C, 0xBF, 0xC2, 0x06, 0xEE, 0x12, 0x03, 0x34, 0x14, 0xB4, 0xBA, 0x85, 0xC9, 0x98, 0x34,
    0xE2, 0x73, 0x8B, 0x77, 0x94, 0x63, 0x84, 0xB1, 0xF3, 0x2A, 0xF8, 0x14, 0xEC, 0x59, 0x24, 0x04,
    0x4E, 0xA6, 0xC9, 0x1A, 0x67, 0x01, 0x33, 0xAD, 0xEE, 0x34, 0xC7, 0x72, 0x85, 0x84, 0x38, 0x54,
    0x2F, 0x08, 0xF6, 0xC8, 0xA5, 0x70, 0x76, 0xDF, 0x55, 0x23, 0x79, 0x4F, 0x7E, 0x0B, 0x9F, 0x99,
    0x63, 0x4F, 0xAB, 0x6D, 0x03, 0x00, 0xF6, 0x17, 0x88, 0x06, 0x5F, 0x40, 0x2F, 0xA5, 0xAE, 0xF8,
    0x14, 0x1E, 0x27, 0x2F, 0x64, 0x3E, 0x4C, 0xD3, 0xE5, 0x38, 0xEE, 0x45, 0xDC, 0x09, 0x77, 0x20,
    0x1F, 0x79, 0x98, 0x7B, 0x90, 0xD3, 0x72, 0xCD, 0xF4, 0x13, 0xEA, 0x71, 0xB4, 0x5D, 0x94, 0xC0,
    0xC4, 0x86, 0x70, 0xDD, 0x9F, 0x1A, 0x04, 0x23, 0x70, 0xE9, 0x53, 0x50, 0x67, 0x2E, 0xBD, 0xFC,
    0x1E, 0xCA, 0xA1, 0x6B, 0xB4, 0x6C, 0xDF, 0x88, 0x67, 0x4C, 0x9F, 0x99, 0xB1, 0xA3, 0x5E, 0x45,
    0x9E, 0x48, 0x81, 0xF1, 0x55, 0x0C, 0xBE, 0x6C, 0x43, 0xE0, 0x53, 0x44, 0xCE, 0x2C, 0xA1, 0xB7,
    0xAD, 0xC4, 0x8E, 0x71, 0x5D, 0x90, 0xC8, 0x27, 0x74, 0xF2, 0xD4, 0x1F, 0x36, 0x57, 0xF0, 0x87,
    0x8E, 0xC5, 0xC3, 0x43, 0xA1, 0x52, 0x6F, 0x8E, 0xBB, 0x36, 0x4F, 0xB7, 0xED, 0xA2, 0xF0, 0x14,
    0xE4, 0xBA, 0x1E, 0x3B, 0x30, 0x82, 0x3F, 0x4C, 0xD3, 0x67, 0xED, 0x7A, 0x76, 0x20, 0xA2, 0x34,
    0x1A, 0x5F, 0x9E, 0xD4, 0x7E, 0xFD, 0x23, 0xC2, 0xED, 0x4B, 0xDC, 0xBD, 0xAA, 0x1C, 0x78, 0x4B,
    0xC2, 0xE2, 0x62, 0xAB, 0x0E, 0x40, 0x47, 0x18, 0xF2, 0xD1, 0x26, 0x76, 0xE9, 0x50, 0x71, 0xCA,
    0xBB, 0xF5, 0xDF, 0x94, 0xB9, 0xFE, 0x86, 0x8B, 0x6F, 0x74, 0x4D, 0xE5, 0xE1, 0x2E, 0xBA, 0x56,
    0xA4, 0x5C, 0x7F, 0xF7, 0xCD, 0xAF, 0x48, 0xA8, 0x11, 0x30, 0x1D, 0xF8, 0xD6, 0x72, 0xC4, 0x06,
    0x2D, 0xBF, 0x50, 0xD7, 0x4E, 0xE8, 0x83, 0x63, 0x84, 0x43, 0x99, 0x98, 0x53, 0x13, 0x57, 0x4F,
    0xFD, 0x4C, 0x09, 0x4D, 0xAE, 0x92, 0x3E, 0xE2, 0x12, 0x7D, 0x8B, 0x35, 0x8B, 0x71, 0x03, 0x59,
    0x42, 0x8E, 0x51, 0xA4, 0x0F, 0xA5, 0x1C, 0xD9, 0x29, 0x09, 0xC8, 0xBA, 0x81, 0x15, 0x3B, 0x55,
    0x23, 0x98, 0xA9, 0xC8, 0xC0, 0x3A, 0xA3, 0xBA, 0xA4, 0x12, 0xB4, 0x79, 0x14, 0x18, 0x99, 0x84,
    0xA6, 0x88, 0x49, 0x0D, 0x19, 0xB3, 0xAB, 0xC4, 0xED, 0x85, 0x13, 0x94, 0x24, 0x45, 0x42, 0xA5,
    0x77, 0xC2, 0xC1, 0x70, 0xDE, 0x6A, 0x73, 0xE6, 0xAB, 0xC6, 0xC7, 0x66, 0xF3, 0x58, 0x73, 0x0F,
    0xFF, 0x6A, 0x59, 0x4D, 0xBD, 0xAE, 0xE2, 0xCA, 0xB5, 0x1C, 0x81, 0x5A, 0x04, 0x04, 0x11, 0x9D,
    0x1E, 0x76, 0x64, 0x22, 0x7D, 0x52, 0xFF, 0xAF, 0x30, 0x2F, 0xFA, 0x00, 0x8D, 0xA5, 0xDE, 0x15,
    0xA1, 0x85, 0x6F, 0xD4, 0x8B, 0xC8, 0x29, 0xB1, 0x9F, 0x2D, 0xE5, 0x94, 0x38, 0x3A, 0xCB, 0x34,
    0x28, 0x74, 0xB3, 0xEB, 0x0F, 0x6A, 0xCC, 0x51, 0x79, 0x73, 0x3C, 0xCE, 0x39, 0xD6, 0xB4, 0xDF,
    0x25, 0x09, 0x4C, 0x4C, 0x33, 0x34, 0x69, 0x9B, 0x21, 0xAF, 0x30, 0x5F, 0x80, 0xC8, 0xD5, 0xB9,
    0xEA, 0x98, 0x80, 0xF8, 0xBC, 0x44, 0x56, 0xA3, 0x4F, 0x34, 0xA0, 0x17, 0x34, 0x90, 0x90, 0xCF,
    0x6B, 0x1C, 0xF9, 0x06, 0xD1, 0xD7, 0xBB, 0x7D, 0xE4, 0x77, 0x32, 0xFC, 0xFA, 0xBA, 0xC4, 0xC6,
    0x85, 0x0A, 0x6B, 0x74, 0xFC, 0x59, 0x65, 0xDE, 0x02, 0x4E, 0xA9, 0xBB, 0xAE, 0xA8, 0xD6, 0x1D,
    0xA2, 0x1A, 0x84, 0x7B, 0x88, 0x32, 0xF4, 0x3D, 0xE9, 0x39, 0xFB, 0x14, 0x45, 0xAE, 0x62, 0xDA,
    0x86, 0xB7, 0x0D, 0x1D, 0xBD, 0x02, 0xD2, 0xFD, 0x55, 0x27, 0x49, 0xA9, 0x6F, 0x0F, 0x77, 0x1F,
    0xE3, 0x88, 0x99, 0xBB, 0x72, 0x2F, 0xFD, 0x49, 0x69, 0x5E, 0xFC, 0x6D, 0x23, 0xB9, 0x19, 0xD8,
    0xF9, 0x61, 0xF1, 0x32, 0x6E, 0x62, 0x99, 0x2E, 0xE7, 0xF3, 0x90, 0x78, 0xA8, 0x87, 0xE9, 0x83,
    0xC3, 0x77, 0x1E, 0xC2, 0x57, 0x8B, 0x30, 0x43, 0xDF, 0x37, 0xDD, 0x31, 0xBA, 0x25, 0x8A, 0x2B,
    0x78, 0xC9, 0x33, 0xEC, 0x35, 0xFC, 0xF9, 0xD0, 0xFD, 0xF8, 0x09, 0x95, 0x57, 0x4D, 0x88, 0x24,
    0x45, 0x16, 0xFE, 0x22, 0xA2, 0xBB, 0x73, 0xA6, 0xA2, 0x2A, 0xB3, 0x0E, 0x0D, 0x3B, 0x6A, 0x56,
    0x57, 0x1F, 0x1A, 0x6C, 0x96, 0x9C, 0x99, 0x3C, 0x24, 0x4E, 0x8A, 0xD5, 0x56, 0xCC, 0x2E, 0x28,
    0x8B, 0x97, 0x3E, 0x28, 0x0B, 0x9E, 0x1A, 0xBC, 0x0D, 0xC8, 0xA6, 0x52, 0xE2, 0x0C, 0xEA, 0x56,
    0xB4, 0x7D, 0xD8, 0xD3, 0x2E, 0x25, 0xEA, 0xD9, 0x52, 0x0F, 0x82, 0x5E, 0x52, 0x10, 0x76, 0x61,
    0x59, 0x3A, 0xD8, 0x39, 0x78, 0x58, 0x58, 0x12, 0x76, 0xBD, 0x2C, 0xBB, 0x92, 0x2A, 0x82, 0x0C,
    0xE2, 0xD4, 0xA1, 0x90, 0x56, 0xA6, 0xAB, 0x7C, 0x11, 0x99, 0x35, 0x23, 0x33, 0xAE, 0x5D, 0x1D,
    0x15, 0xDD, 0x9D, 0x59, 0xF1, 0xDE, 0x8B, 0xF7, 0xF3, 0xBD, 0x2F, 0xA2, 0x01, 0x61, 0x84, 0x01,
    0x38, 0x04, 0xD6, 0xD0, 0x40, 0x8B, 0x3E, 0x21, 0x7A, 0xF4, 0x71, 0x23, 0x66, 0x33, 0xF9, 0x66,
    0x07, 0x11, 0x52, 0x24, 0xF4, 0xE9, 0xA1, 0xFB, 0x17, 0x31, 0x12, 0x76, 0x85, 0x29, 0x74, 0x8F,
    0x90, 0xB6, 0x91, 0x03, 0x25, 0x50, 0x60, 0xED, 0x06, 0xE4, 0x0D, 0x70, 0x03, 0xA1, 0xE1, 0x01,
    0x1B, 0x4F, 0xA9, 0xFE, 0xDC, 0xB4, 0x57, 0x86, 0xC7, 0x69, 0x14, 0x37, 0xE3, 0x66, 0x1A, 0x0D,
    0x8F, 0xDB, 0x2B, 0xA4, 0x98, 0x72, 0x13, 0x09, 0x15, 0xFA, 0x68, 0x45, 0xF0, 0x13, 0xC8, 0x12,
    0xFD, 0x23, 0xFC, 0xE2, 0x0D, 0x3C, 0xB0, 0x8B, 0xC3, 0x29, 0x79, 0x40, 0x0E, 0x60, 0xEC, 0xC6,
    0xAE, 0xDD, 0xA7, 0x7A, 0x04, 0x9B, 0xC1, 0xBB, 0x0C, 0x09, 0x67, 0xFD, 0x08, 0x21, 0xF9, 0xD4,
    0x42, 0x27, 0x84, 0x9C, 0x00, 0x1F, 0x91, 0x51, 0xEC, 0x0E, 0x30, 0x2C, 0xAC, 0x42, 0x5B, 0x25,
    0xF6, 0xEF, 0x2A, 0xB9, 0xF8, 0xFD, 0x94, 0x3C, 0xF1, 0xD1, 0xEC, 0x1E, 0xA8, 0xAD, 0x17, 0x94,
    0x89, 0x4B, 0x98, 0xB8, 0xC0, 0xC8, 0xFD, 0xD0, 0xF3, 0xD6, 0xB5, 0x7D, 0xD3, 0xBC, 0xFF, 0x40,
    0x79, 0xAA, 0x03, 0x1C, 0x96, 0x55, 0xC4, 0xB8, 0x50, 0xC4, 0x66, 0xCF, 0xBC, 0x66, 0x5E, 0xD4,
    0xEB, 0xE0, 0x8F, 0xC9, 0x56, 0x94, 0x26, 0x93, 0xED, 0xBC, 0x99, 0x9C, 0x3D, 0x07, 0x5C, 0x79,
    0x1F, 0x57, 0x3E, 0x20, 0x1F, 0x16, 0x13, 0x43, 0x7D, 0xD7, 0x56, 0x8F, 0xFE, 0x9A, 0xB6, 0x2A,
    0x4C, 0x9C, 0x8D, 0x4D, 0xFC, 0x42, 0x31, 0x8A, 0x5F, 0xD2, 0xA3, 0xF8, 0x39, 0x63, 0xB6, 0xB2,
    0xCF, 0x4C, 0x73, 0xF3, 0x99, 0xBB, 0xB6, 0xEA, 0xCF, 0x48, 0x13, 0x1B, 0x65, 0x1C, 0xC7, 0x49,
    0x9A, 0x49, 0xEB, 0x36, 0x33, 0xF5, 0xFC, 0xE0, 0x06, 0xAE, 0xDC, 0xB8, 0xF3, 0x0A, 0x85, 0xF9,
    0x9C, 0x92, 0xBE, 0x51, 0x62, 0x0F, 0x05, 0xD7, 0x3E, 0x85, 0x7C, 0x68, 0x56, 0xD5, 0x7D, 0xF4,
    0xBE, 0x6A, 0xA4, 0x86, 0x61, 0x66, 0xA8, 0xAC, 0x51, 0x4F, 0xB5, 0xB0, 0x69, 0x1F, 0xB8, 0x49,
    0x84, 0xCE, 0x84, 0xCA, 0x3D, 0x94, 0x12, 0x85, 0xCF, 0x0A, 0x5F, 0x98, 0xA0, 0x6B, 0xBA, 0xDF,
    0xEA, 0xC8, 0x66, 0x8C, 0xEA, 0x89, 0xCC, 0xF9, 0x21, 0xE7, 0xE6, 0xE2, 0x77, 0xA6, 0x3F, 0x35,
    0xC3, 0xC5, 0xA4, 0xE7, 0xEE, 0xD4, 0xB0, 0x81, 0xC1, 0xD6, 0x3D, 0x93, 0xC6, 0xE0, 0x23, 0x34,
    0x3B, 0x8D, 0x97, 0xC1, 0xBA, 0x57, 0x5A, 0xCD, 0xF0, 0xDC, 0x36, 0xC3, 0x05, 0x13, 0x8F, 0xF6,
    0x46, 0x63, 0x73, 0x49, 0xAF, 0xE2, 0xDC, 0x5E, 0x98, 0xF8, 0x91, 0xEC, 0x74, 0x7A, 0x49, 0xF9,
    0x9A, 0xB6, 0x21, 0x42, 0xAA, 0xE4, 0x41, 0x8C, 0x3D, 0x66, 0x1A, 0x02, 0xAD, 0xD6, 0x4A, 0x73,
    0x3B, 0x6D, 0x66, 0x53, 0x5C, 0xCF, 0xC4, 0x6F, 0xE2, 0xC6, 0xC6, 0x51, 0xB8, 0x3A, 0x8E, 0x31,
    0xBA, 0x47, 0x6C, 0xBD, 0xB9, 0x7D, 0xB3, 0x99, 0x79, 0xA0, 0x37, 0x15, 0x35, 0x30, 0x0E, 0xB9,
    0x8E, 0xBD, 0x5B, 0x04, 0x3C, 0x34, 0x72, 0xA1, 0x90, 0x34, 0xC0, 0xC6, 0x21, 0xD6, 0x4C, 0x0C,
    0xEC, 0x15, 0xAA, 0xFD, 0xCE, 0x81, 0xEE, 0xFF, 0x21, 0x50, 0x68, 0x5E, 0xA2, 0xD0, 0xDE, 0x05,
    0xDE, 0xBE, 0xA9, 0x99, 0x79, 0x1A, 0x42, 0x9D, 0xB5, 0x2E, 0xF7, 0x6C, 0xC4, 0x94, 0x98, 0x8C,
    0x15, 0x52, 0x45, 0x14, 0x7B, 0x86, 0x74, 0xFD, 0xE2, 0x94, 0xB9, 0x04, 0xF8, 0xB0, 0x90, 0x65,
    0x2E, 0x7F, 0x92, 0x80, 0xAD, 0xF0, 0x88, 0xC6, 0xF3, 0x1A, 0x9F, 0x1B, 0xF6, 0x77, 0x23, 0x5E,
    0x35, 0x94, 0x20, 0x4A, 0x5F, 0x84, 0x22, 0x41, 0x99, 0xA3, 0x2A, 0x5F, 0x6E, 0xCB, 0xC2, 0x71,
    0x0A, 0x15, 0xEA, 0xB3, 0x56, 0x81, 0xAD, 0xCD, 0x65, 0x55, 0x56, 0x57, 0xD0, 0xFF, 0x0A, 0x9B,
    0xE3, 0x65, 0xE5, 0x57, 0xDA, 0x08, 0xB3, 0x1A, 0x5A, 0xCB, 0xC8, 0x7B, 0x1A, 0xCD, 0x3D, 0x34,
    0x47, 0x58, 0xD3, 0xA7, 0x09, 0x9C, 0xCF, 0xA9, 0x17, 0xAF, 0xC2, 0x36, 0x2F, 0xA2, 0x01, 0xE5,
    0x9A, 0xF6, 0x9C, 0x1C, 0x4E, 0x58, 0xF1, 0xE5, 0xAE, 0x98, 0x17, 0x90, 0x94, 0x96, 0x0E, 0xD1,
    0x40, 0xCA, 0x3F, 0x51, 0xB9, 0x98, 0x1B, 0x6A, 0x0F, 0x36, 0x2F, 0xA5, 0x56, 0x1B, 0xB6, 0x08,
    0x18, 0xD8, 0xCC, 0xD9, 0x39, 0x71, 0xBF, 0xE9, 0x75, 0x67, 0x15, 0xF2, 0x18, 0x4C, 0x5B, 0xEE,
    0x20, 0x1E, 0x91, 0xBA, 0x0E, 0xC1, 0x16, 0x2C, 0x74, 0xDD, 0x45, 0xA9, 0x9B, 0x17, 0x15, 0xAD,
    0x48, 0x37, 0x83, 0x39, 0xFC, 0xA7, 0xEC, 0x62, 0x05, 0xE4, 0x87, 0x9F, 0x44, 0xFF, 0x16, 0xEA,
    0x14, 0xD3, 0xF2, 0x99, 0xD3, 0xA8, 0x74, 0x81, 0x17, 0x15, 0xB4, 0x5E, 0x56, 0xA5, 0xAD, 0xF0,
    0xA1, 0xA9, 0x1C, 0x5C, 0x72, 0x8B, 0x92, 0xB0, 0xB6, 0x4E, 0x79, 0x3B, 0xA6, 0xA7, 0x12, 0x05,
    0x33, 0xDC, 0x08, 0x2D, 0x94, 0x50, 0x1E, 0x69, 0xF5, 0x9D, 0x2D, 0xE9, 0x42, 0xAD, 0xDA, 0xF6,
    0xD8, 0x11, 0xAA, 0xE3, 0x54, 0x8B, 0x30, 0x47, 0xA8, 0x04, 0x77, 0x9A, 0xD5, 0x4E, 0x95, 0x86,
    0xCD, 0xE5, 0xFF, 0xC0, 0xF9, 0xD2, 0x2A, 0x97, 0xC1, 0x3E, 0xAE, 0x13, 0xBB, 0xE4, 0x16, 0x62,
    0xAE, 0xC5, 0xFE, 0xC4, 0xC3, 0x40, 0x22, 0x95, 0xE8, 0x5D, 0x1C, 0xD3, 0x4C, 0x43, 0x0C, 0x22,
    0x4C, 0x52, 0x5E, 0x3C, 0xFC, 0x3B, 0x45, 0xC4, 0x6D, 0x41, 0x8A, 0xEE, 0xD7, 0xE4, 0xFB, 0x5E,
    0x5D, 0x00, 0x0F, 0xA2, 0x90, 0xF0, 0x72, 0x1F, 0x32, 0x6B, 0xA1, 0x41, 0x0A, 0xAD, 0x28, 0xA2,
    0x6E, 0x4E, 0x11, 0x12, 0x62, 0x22, 0x2F, 0x41, 0x2A, 0x72, 0x24, 0x7C, 0x42, 0x87, 0x4B, 0x05,
    0xA8, 0xC8, 0x71, 0x3E, 0x45, 0x42, 0x84, 0x3B, 0x37, 0x72, 0x7F, 0xD2, 0xC1, 0x20, 0x45, 0x3A,
    0x40, 0x9A, 0xBB, 0x39, 0xC1, 0x20, 0xC7, 0x64, 0xC0, 0x8B, 0x9D, 0x07, 0x34, 0x21, 0xA5, 0x1E,
    0xAC, 0xB0, 0xFE, 0x9E, 0x3D, 0xA5, 0x16, 0xF1, 0xC3, 0x2F, 0x0D, 0x76, 0x47, 0xA7, 0xD0, 0x5A,
    0x6F, 0x63, 0x98, 0x63, 0x5F, 0x9F, 0x42, 0x85, 0x30, 0x92, 0xB8, 0xD8, 0x96, 0x56, 0x69, 0xB3,
    0xD4, 0xF7, 0x53, 0x51, 0x8A, 0xD2, 0xBF, 0x9A, 0xFA, 0x6D, 0x86, 0x55, 0x62, 0xA6, 0xC3, 0x19,
    0x78, 0xF1, 0x32, 0x31, 0xFA, 0x2B, 0xF0, 0xD9, 0xA7, 0xE8, 0x88, 0x3F, 0x21, 0xF2, 0x7D, 0x44,
    0x91, 0x8F, 0x5E, 0xD6, 0xC1, 0xF9, 0x82, 0xCE, 0x63, 0x35, 0x40, 0xF0, 0x58, 0x89, 0x0B, 0x73,
    0x85, 0xF6, 0xBD, 0x7D, 0xD3, 0x42, 0xDA, 0x42, 0x12, 0x22, 0x8B, 0x90, 0xA7, 0x28, 0xA9, 0x8B,
    0x33, 0x14, 0x39, 0x33, 0x39, 0x37, 0x44, 0xA1, 0xD7, 0xBA, 0xF6, 0x0C, 0x5F, 0x80, 0xC2, 0xD8,
    0xE2, 0x9F, 0x39, 0xA5, 0x56, 0x00, 0x5C, 0xAA, 0xBB, 0x67, 0x59, 0x2D, 0x4A, 0xCE, 0x73, 0x75,
    0x03, 0x9D, 0x62, 0x23, 0xDF, 0xC5, 0xE5, 0xAE, 0x04, 0x99, 0x30, 0x89, 0xB4, 0x9A, 0x61, 0x8A,
    0x66, 0x0E, 0xDF, 0x71, 0x46, 0xD5, 0x82, 0xBE, 0x83, 0x52, 0x58, 0x41, 0xD1, 0x61, 0xDA, 0x9B,
    0x41, 0xFE, 0xD6, 0x10, 0x29, 0xF9, 0xCC, 0xB4, 0xB8, 0x09, 0xA5, 0xBE, 0x38, 0xC3, 0x8E, 0xAA,
    0xCF, 0x3F, 0xD7, 0x0A, 0xF2, 0x09, 0xD2, 0x22, 0xD1, 0x88, 0x0C, 0x44, 0xD4, 0x56, 0x54, 0x1E,
    0xD8, 0x3B, 0x04, 0x9D, 0x50, 0xC8, 0xCF, 0x53, 0x9F, 0x90, 0xD5, 0x92, 0x02, 0xFD, 0xF7, 0x06,
    0xD8, 0x3F, 0x8E, 0x1C, 0x4D, 0x91, 0x6D, 0x2A, 0x0B, 0xF0, 0x28, 0xEE, 0x8C, 0xDC, 0x59, 0xAC,
    0xB8, 0xE7, 0x96, 0x09, 0x1E, 0x37, 0x1D, 0x61, 0x7A, 0x42, 0xA7, 0x42, 0x91, 0xB7, 0x49, 0x80,
    0xDE, 0xEF, 0xD1, 0xFD, 0xCF, 0x42, 0x98, 0x94, 0x5B, 0x16, 0x1E, 0x4B, 0x09, 0x93, 0x0F, 0x7F,
    0x05, 0x7B, 0x55, 0x9D, 0x2C, 0xBC, 0xAB, 0xD8, 0xCC, 0xF0, 0xB5, 0x25, 0xCC, 0x5E, 0x06, 0xFE,
    0xA5, 0x6A, 0x1A, 0xFB, 0x79, 0x49, 0xDA, 0xFD, 0x75, 0xE0, 0x3D, 0x60, 0x7B, 0x19, 0x6F, 0x19,
    0xC4, 0x77, 0x37, 0x4D, 0x20, 0xCB, 0xB2, 0xE3, 0xE9, 0xA2, 0xE7, 0x3D, 0x6E, 0x52, 0x39, 0xB3,
    0x32, 0x48, 0x88, 0x69, 0xD3, 0xE1, 0xBE, 0xEA, 0xFE, 0x71, 0x5E, 0x6D, 0xDC, 0xE6, 0xB3, 0x40,
    0x85, 0xF5, 0xD5, 0x32, 0xC1, 0xCE, 0x7A, 0x30, 0x15, 0x54, 0x32, 0x6E, 0xBA, 0xD5, 0x7A, 0xC5,
    0x9B, 0x6D, 0x71, 0x1C, 0xC8, 0x50, 0xF6, 0x9E, 0xED, 0x97, 0x4E, 0xEA, 0x4C, 0x70, 0x74, 0x1B,
    0x7A, 0x91, 0xE3, 0xCC, 0x36, 0xC4, 0x31, 0x02, 0x89, 0x90, 0x48, 0xEA, 0x59, 0xF4, 0x4B, 0x5B,
    0x06, 0x9A, 0x3B, 0x67, 0x10, 0xDC, 0x86, 0xCF, 0x6D, 0xB6, 0x3C, 0x51, 0xF8, 0x36, 0x4F, 0x9E,
    0x6C, 0xB6, 0x45, 0x90, 0xE3, 0x8E, 0xBD, 0x7D, 0x77, 0x6D, 0xB6, 0xD7, 0xE4, 0xD4, 0x5D, 0x2D,
    0x68, 0x4C, 0xB8, 0xF9, 0x7F, 0x6B, 0x9E, 0xEE, 0x14, 0x96, 0x2F, 0xEF, 0x5D, 0x5B, 0x69, 0x47,
    0x39, 0x7E, 0x5A, 0x6B, 0x53, 0xA3, 0xAF, 0x30, 0x04, 0x0E, 0x14, 0xB8, 0xE6, 0xDF, 0x1B, 0xFF,
    0x09, 0xBA, 0x48, 0xDB, 0x3B, 0x5E, 0xE2, 0xCA, 0xD0, 0xEB, 0x20, 0x98, 0xDE, 0x01, 0x01, 0x5B,
    0x53, 0x58, 0x81, 0x7F, 0xA8, 0x82, 0xEB, 0x26, 0xE0, 0x54, 0x30, 0x1D, 0x09, 0xDD, 0xF3, 0x14,
    0x31, 0x39, 0xF1, 0x79, 0xE6, 0xD7, 0x19, 0x46, 0x5C, 0xA3, 0x90, 0xCF, 0x10, 0x78, 0x2A, 0xB4,
    0x45, 0xBD, 0x63, 0x73, 0xE7, 0xFC, 0xC2, 0xE6, 0x5D, 0x67, 0xD4, 0x89, 0xC2, 0x94, 0xEF, 0x6F,
    0xC0, 0x7F, 0xB5, 0x84, 0xF0, 0xAE, 0xE2, 0x33, 0xCD, 0x1B, 0x4B, 0x48, 0xFE, 0xF8, 0x04, 0xFB,
    0x59, 0x49, 0xEE, 0xCE, 0x34, 0x54, 0xF7, 0xF5, 0xF7, 0x7F, 0xFC, 0x8D, 0xE2, 0x73, 0x1D, 0x48,
    0x15, 0x76, 0x75, 0xFA, 0x90, 0x4E, 0xBE, 0xD0, 0x0F, 0x1D, 0xA8, 0x3E, 0x29, 0x76, 0xD0, 0x9F,
    0x2E, 0xE8, 0x33, 0x73, 0x44, 0xE3, 0xDA, 0xD8, 0x52, 0x46, 0xC5, 0x1A, 0x36, 0x7B, 0x36, 0x75,
    0x84, 0xE3, 0x94, 0xB0, 0xFE, 0xCF, 0x45, 0x98, 0xC4, 0x03, 0x7E, 0x9D, 0xC0, 0x93, 0x85, 0xA9,
    0x91, 0xFE, 0x0C, 0xB6, 0xAF, 0x4E, 0x16, 0x26, 0x91, 0x2F, 0xEA, 0x6B, 0xD0, 0xC9, 0x66, 0xAB,
    0x83, 0xB0, 0xE2, 0x1D, 0x45, 0xC9, 0xC8, 0x85, 0x2E, 0xF8, 0x75, 0xC3, 0x3F, 0x06, 0x23, 0x99,
    0xFF, 0x02, 0x47, 0xEE, 0xB2, 0x55, 0x3A, 0x86, 0x57, 0xF8, 0x1B, 0x16, 0xA5, 0x5F, 0x1C, 0xFE,
    0xFC, 0xAD, 0x42, 0x94, 0x13, 0x61, 0x72, 0x4F, 0xE5, 0x12, 0x79, 0x40, 0x64, 0xC7, 0xA8, 0xC9,
    0x75, 0x38, 0xC3, 0x5D, 0xFF, 0x28, 0xB8, 0x83, 0xAD, 0xA8, 0x43, 0x5F, 0x7A, 0xAF, 0x1F, 0x00,
    0x9D, 0x58, 0x4D, 0x6C, 0xDC, 0xC6, 0x15, 0xFE, 0xC8, 0x59, 0x89, 0xB2, 0x28, 0x92, 0x7B, 0x50,
    0x00, 0xD7, 0xE1, 0x5A, 0x2A, 0x90, 0x83, 0x6A, 0x50, 0x91, 0x53, 0xB0, 0x00, 0x6D, 0xAD, 0xBA,
    0xE3, 0xF6, 0x90, 0x43, 0x2F, 0x3A, 0x44, 0xA7, 0x5E, 0x0C, 0xB4, 0x87, 0xA4, 0x68, 0x10, 0x26,
    0x20, 0xD0, 0xB4, 0x10, 0xA2, 0xB1, 0x0D, 0x34, 0xA7, 0x16, 0x02, 0x9A, 0x7B, 0x75, 0x2B, 0xE0,
    0x5E, 0x88, 0x56, 0x87, 0x1E, 0x52, 0x78, 0x60, 0x03, 0xF5, 0x2D, 0x98, 0xF4, 0x58, 0xB8, 0x28,
    0x51, 0xA0, 0x40, 0x80, 0xF4, 0xC0, 0x83, 0x0E, 0x42, 0x21, 0x69, 0xFB, 0x66, 0xF8, 0xE3, 0x95,
    0xF5, 0xC7, 0x0D, 0x77, 0x56, 0xBB, 0x4B, 0xBD, 0xF9, 0xDE, 0x9B, 0x79, 0x6F, 0xBE, 0xF7, 0x1E,
    0x71, 0x63, 0x0F, 0x34, 0xE8, 0x72, 0x39, 0x96, 0x38, 0xD6, 0x05, 0x3E, 0x12, 0xF8, 0xB7, 0xB4,
    0x9E, 0x4A, 0xF6, 0x50, 0xBA, 0x63, 0xE9, 0x5B, 0x2A, 0x82, 0x8A, 0x51, 0xE4, 0x28, 0xF0, 0x18,
    0x7A, 0x00, 0xEC, 0x48, 0x06, 0x6F, 0xCB, 0x01, 0x93, 0x43, 0x26, 0x12, 0xC6, 0x63, 0x17, 0x71,
    0x80, 0xE1, 0x27, 0x58, 0xFA, 0x87, 0xFE, 0x2F, 0x16, 0xFB, 0xB8, 0x99, 0x63, 0x56, 0x74, 0x85,
    0xE5, 0x1C, 0x5F, 0x73, 0x7C, 0xA7, 0x03, 0x72, 0x47, 0x40, 0x4B, 0xC0, 0x01, 0x1C, 0x0E, 0x5B,
    0x5C, 0x81, 0x79, 0x1D, 0x48, 0x81, 0x7D, 0x60, 0xC5, 0x80, 0xDB, 0x52, 0xCF, 0x9A, 0x03, 0x66,
    0x60, 0x8D, 0x0B, 0x57, 0xF0, 0x9B, 0xC0, 0x10, 0xC8, 0x80, 0xDC, 0x8C, 0xD2, 0xFC, 0xA5, 0x9F,
    0x1B, 0x33, 0x70, 0x8F, 0x1B, 0x93, 0x02, 0x20, 0x02, 0x96, 0x81, 0x3E, 0xEC, 0x13, 0x04, 0x1C,
    0x21, 0x90, 0x00, 0x71, 0x33, 0x36, 0x16, 0x11, 0x1C, 0x4C, 0x08, 0xDF, 0x15, 0xD8, 0x15, 0x53,
    0xA9, 0xF8, 0xD8, 0xFA, 0xA7, 0x3D, 0x8B, 0xBE, 0x7D, 0x12, 0xF0, 0x90, 0xA0, 0x63, 0xF3, 0xDA,
    0x58, 0x34, 0xA8, 0x33, 0x06, 0x13, 0xD3, 0xD8, 0xDC, 0xA7, 0xD9, 0xFD, 0x0B, 0xE0, 0xE8, 0xBA,
    0xBD, 0x87, 0x35, 0x81, 0xF9, 0xE9, 0x76, 0xC1, 0xFE, 0x14, 0xF8, 0x2F, 0xF0, 0xD3, 0x6E, 0xBB,
    0x10, 0xC6, 0x08, 0x14, 0x66, 0xB9, 0x76, 0xCF, 0x58, 0xB0, 0x07, 0xA5, 0x83, 0xCC, 0x45, 0xE2,
    0x62, 0xE8, 0x63, 0xE8, 0x21, 0x09, 0x91, 0x45, 0x28, 0x13, 0x5B, 0xDD, 0xF9, 0x80, 0x8F, 0x0E,
    0x49, 0xEA, 0x23, 0x09, 0xFC, 0x99, 0x3E, 0xFF, 0x43, 0x6F, 0x05, 0x76, 0x2C, 0x11, 0x38, 0x12,
    0xE4, 0x54, 0x90, 0x57, 0x41, 0x6E, 0x05, 0xF9, 0x55, 0x3B, 0x56, 0x7B, 0x16, 0x4B, 0x5F, 0x34,
    0x8A, 0x5E, 0x85, 0x5F, 0xDB, 0xA3, 0x71, 0x16, 0x3E, 0xC5, 0x6B, 0xFB, 0xB8, 0x75, 0x88, 0xBE,
    0x22, 0x68, 0x42, 0x0E, 0xCF, 0x46, 0x4B, 0x05, 0xF9, 0x33, 0x8E, 0xC7, 0x26, 0xA8, 0xC6, 0x8A,
    0x99, 0x28, 0x73, 0xCD, 0x08, 0xC6, 0xF0, 0xB7, 0xF4, 0x8A, 0x23, 0xB3, 0xE8, 0x3B, 0xEF, 0x60,
    0x74, 0x04, 0xEB, 0xB1, 0x1E, 0xB4, 0x1F, 0xEC, 0x18, 0x81, 0x8B, 0x90, 0xD4, 0xBF, 0x8F, 0x51,
    0xD1, 0xEC, 0xC7, 0x1C, 0x82, 0x43, 0x83, 0x49, 0xF1, 0xFF, 0x2B, 0x89, 0x5B, 0xE8, 0x0A, 0x6B,
    0xC1, 0xFA, 0x1A, 0x78, 0xB7, 0x03, 0x72, 0x0F, 0xF0, 0xCD, 0xDF, 0x6E, 0xC8, 0x04, 0x98, 0xE8,
    0xC0, 0x60, 0xC7, 0x81, 0x1B, 0xBA, 0xC3, 0xF7, 0x47, 0x85, 0x09, 0x8C, 0xB9, 0x1A, 0xAD, 0x13,
    0xC4, 0x7D, 0x40, 0xC2, 0x52, 0x00, 0xB1, 0xCA, 0x79, 0x40, 0x7B, 0x96, 0xB0, 0x77, 0x61, 0x28,
    0x27, 0x55, 0x18, 0x71, 0x7C, 0xAB, 0x33, 0x34, 0x60, 0x3D, 0xE3, 0xA0, 0x80, 0x7B, 0xA3, 0xC3,
    0xD2, 0x2B, 0xAA, 0x58, 0x95, 0xB8, 0xBF, 0x69, 0xE2, 0xB8, 0x74, 0xC5, 0xFD, 0x97, 0x71, 0x3C,
    0xC3, 0xF3, 0x25, 0x55, 0x5A, 0x32, 0xB7, 0x64, 0x66, 0xCB, 0x0D, 0x47, 0xB8, 0x63, 0x5E, 0xCF,
    0xDA, 0x00, 0xFE, 0x08, 0xEB, 0x07, 0x46, 0xC5, 0x91, 0x8E, 0x85, 0xC1, 0xB9, 0xB1, 0xE0, 0x69,
    0xE3, 0x36, 0x3F, 0xC6, 0x8E, 0x32, 0xB3, 0x96, 0xFB, 0xB8, 0xAB, 0x30, 0xCF, 0xA7, 0xD0, 0x55,
    0xD1, 0xDE, 0x7B, 0x53, 0x2A, 0xB2, 0xCC, 0x06, 0x59, 0x98, 0x42, 0x51, 0xCF, 0xEC, 0x23, 0xA6,
    0x54, 0xD4, 0x1D, 0x5F, 0x6A, 0x9E, 0xB5, 0xAB, 0xDD, 0x23, 0xD6, 0x08, 0x1B, 0x07, 0x75, 0xD7,
    0xA5, 0x23, 0x40, 0xC2, 0x53, 0x58, 0x5E, 0xD6, 0x5F, 0x85, 0xC7, 0xB8, 0xE7, 0x20, 0x74, 0x10,
    0xD1, 0xA9, 0x0D, 0xC6, 0x07, 0xFE, 0x56, 0x1E, 0x22, 0x8D, 0x90, 0x0F, 0x51, 0x24, 0x44, 0xF3,
    0x96, 0xD4, 0x8C, 0xA3, 0xE0, 0xA6, 0xB8, 0xBE, 0x68, 0x66, 0x0B, 0x10, 0x05, 0xE8, 0xF8, 0xE9,
    0x61, 0x7E, 0x87, 0x07, 0x8F, 0x64, 0x60, 0x93, 0x6A, 0x11, 0x31, 0x9E, 0x38, 0x34, 0x34, 0x3B,
    0xA4, 0x7E, 0xA5, 0x48, 0xF8, 0x24, 0x3B, 0xC0, 0x68, 0x3C, 0x16, 0x2E, 0x59, 0x41, 0x1A, 0x28,
    0xDE, 0x0E, 0x28, 0xE0, 0x72, 0x32, 0x3D, 0xA7, 0x3B, 0x39, 0xDD, 0x29, 0xE8, 0xAD, 0xA0, 0x15,
    0xE9, 0xB8, 0xFC, 0x0C, 0x4B, 0x5F, 0x69, 0x74, 0x0D, 0xFD, 0x6C, 0x02, 0x9A, 0x56, 0xD5, 0x42,
    0x6F, 0x72, 0xF6, 0x3F, 0x61, 0xCF, 0x1B, 0x2E, 0xA4, 0x18, 0x2D, 0xCC, 0x50, 0x20, 0x04, 0x5B,
    0xD6, 0xF6, 0xD5, 0x26, 0x02, 0x23, 0x89, 0x5E, 0x6F, 0xB4, 0xBF, 0xB9, 0xAB, 0x7F, 0xF9, 0xB4,
    0x1B, 0x21, 0xA9, 0x4D, 0x0C, 0x15, 0xA7, 0x0D, 0x6D, 0x74, 0x83, 0xB9, 0xB1, 0x7B, 0x6B, 0xEF,
    0x5C, 0x90, 0x96, 0x24, 0xBA, 0xE1, 0xF4, 0x97, 0xDF, 0x2C, 0x28, 0x7A, 0xCF, 0x41, 0x32, 0xF3,
    0x0B, 0x7A, 0x29, 0x4B, 0xDA, 0x92, 0x09, 0xC6, 0x19, 0x77, 0x48, 0x6E, 0x24, 0xAF, 0x51, 0xD6,
    0x5C, 0xC1, 0x35, 0x8A, 0x64, 0x9D, 0xC4, 0x75, 0xF6, 0xD4, 0xFF, 0x75, 0x0C, 0x46, 0x85, 0xB2,
    0x42, 0xF3, 0xF7, 0x75, 0x6E, 0x5D, 0x34, 0xC4, 0x72, 0x21, 0x12, 0x5C, 0xDF, 0x0B, 0xA3, 0x24,
    0x89, 0x2B, 0x75, 0x21, 0x8A, 0x08, 0xC5, 0x10, 0x2A, 0xB1, 0x64, 0x6C, 0xCB, 0x94, 0x89, 0x9C,
    0xF1, 0x82, 0x71, 0xE5, 0x58, 0xCA, 0xB5, 0xE4, 0xE8, 0xA9, 0x59, 0x01, 0x19, 0x7E, 0x5C, 0x9D,
    0x08, 0xCE, 0x1E, 0x49, 0xAB, 0x3A, 0xF2, 0x0E, 0x7C, 0x17, 0x9E, 0x8F, 0xD0, 0x47, 0x64, 0xF2,
    0x48, 0x12, 0x21, 0x4E, 0x90, 0x56, 0xF4, 0x90, 0xEA, 0x5D, 0x70, 0xE5, 0x19, 0x82, 0x80, 0xE1,
    0x49, 0xCF, 0xC4, 0x6E, 0xCB, 0x3A, 0x95, 0x7C, 0x95, 0xEF, 0x9A, 0xBD, 0x73, 0x04, 0x9E, 0xB4,
    0xA9, 0x85, 0x4E, 0xC6, 0x2F, 0x38, 0x1E, 0x98, 0x3A, 0xE7, 0x95, 0x29, 0x46, 0x7E, 0x72, 0xBB,
    0xA9, 0xAC, 0xF8, 0x7E, 0x1B, 0xEA, 0x22, 0x63, 0xF7, 0x94, 0xE3, 0x70, 0x77, 0x00, 0x37, 0x43,
    0x50, 0x22, 0xC8, 0x10, 0x0E, 0x11, 0x91, 0xB5, 0xBE, 0xCE, 0x52, 0x31, 0xE3, 0x55, 0x31, 0xC2,
    0x34, 0x9F, 0x4C, 0x04, 0xB7, 0x5E, 0x20, 0xF7, 0x07, 0xF0, 0x32, 0x0C, 0x14, 0xD6, 0x14, 0x86,
    0x25, 0xE2, 0x0C, 0xF1, 0x10, 0x69, 0x68, 0x90, 0xB9, 0x96, 0x99, 0xAB, 0x0A, 0x8D, 0x4B, 0x25,
    0x87, 0x64, 0xA5, 0xD0, 0xD0, 0x95, 0x0B, 0x26, 0xDD, 0x7E, 0xE7, 0x1D, 0x43, 0xB6, 0x74, 0x06,
    0x2C, 0x7E, 0xBE, 0x44, 0x5C, 0x07, 0xC6, 0xC5, 0xB3, 0xF5, 0xFD, 0x39, 0x34, 0xAE, 0x9E, 0x0C,
    0x0C, 0xCF, 0x48, 0xEA, 0x0D, 0x8B, 0x61, 0x36, 0x9E, 0x3D, 0x12, 0xEC, 0x6D, 0x38, 0xBD, 0x9A,
    0xFA, 0x5B, 0x3F, 0x4C, 0x52, 0x3F, 0xFB, 0x0D, 0x7B, 0xD7, 0xB9, 0x7F, 0xA5, 0x11, 0x3D, 0x6F,
    0x10, 0xF6, 0x1A, 0x23, 0x26, 0xEE, 0xF7, 0xBD, 0xF2, 0x82, 0x39, 0xFD, 0xA0, 0xB8, 0x89, 0xCF,
    0x71, 0x76, 0x4E, 0x20, 0x02, 0xBE, 0x8D, 0x9F, 0x4F, 0xCC, 0xD1, 0x57, 0x66, 0xAA, 0x0F, 0xD8,
    0xBC, 0xA6, 0x2C, 0x07, 0x4C, 0xB9, 0x70, 0x72, 0x9F, 0x98, 0xC8, 0xC3, 0x3C, 0x85, 0x9B, 0x17,
    0x45, 0xF0, 0xBC, 0x84, 0xE2, 0x2F, 0x46, 0xE4, 0xC4, 0x54, 0x99, 0xE4, 0x88, 0xED, 0x12, 0xB7,
    0xAD, 0xA2, 0xF6, 0xBD, 0x5E, 0xE1, 0xA2, 0x26, 0x65, 0xFF, 0xC9, 0x24, 0x99, 0x88, 0x21, 0xF1,
    0x94, 0xAB, 0xCB, 0x94, 0x86, 0xA7, 0xBE, 0x01, 0xBA, 0xC9, 0xAB, 0xB2, 0x36, 0xF0, 0x2A, 0x0D,
    0x55, 0xC2, 0xBD, 0x56, 0x2F, 0x6D, 0x81, 0x4E, 0xA9, 0x43, 0x28, 0xA6, 0x64, 0xFE, 0x66, 0xDA,
    0xBF, 0x94, 0x18, 0x99, 0x4A, 0xFA, 0x2A, 0xCD, 0x41, 0x95, 0x00, 0x2C, 0xFE, 0xD6, 0xBF, 0x4A,
    0xFB, 0x20, 0x67, 0xE6, 0x84, 0x3B, 0xBC, 0x74, 0x51, 0xB8, 0x50, 0xBE, 0x25, 0x3D, 0x5B, 0x9E,
    0x31, 0xE2, 0x76, 0x6D, 0x44, 0x58, 0x1B, 0x31, 0xAF, 0x8D, 0xC8, 0xC8, 0x88, 0xB2, 0x32, 0x42,
    0x9F, 0x39, 0xED, 0x1C, 0x4A, 0x24, 0xD8, 0xA9, 0x17, 0x75, 0x79, 0x32, 0xA8, 0xE2, 0x6C, 0x08,
    0x9A, 0xAD, 0xAF, 0x5B, 0x42, 0x8F, 0x45, 0xD8, 0x63, 0xE9, 0x3E, 0x28, 0x07, 0xC8, 0x88, 0x01,
    0x09, 0x3F, 0x37, 0xA3, 0x44, 0x96, 0xA3, 0xCC, 0x6C, 0xB5, 0xF1, 0xBA, 0xA8, 0x6B, 0xDE, 0x96,
    0xA6, 0x4F, 0xF4, 0x59, 0x0B, 0x75, 0x92, 0x93, 0x31, 0x13, 0xB1, 0x49, 0x75, 0x1B, 0xAB, 0x4D,
    0xB5, 0xDB, 0x6F, 0x2A, 0x83, 0xCE, 0xC8, 0xD6, 0xBD, 0x09, 0xEE, 0xBE, 0x1C, 0x9C, 0x2E, 0x27,
    0xC2, 0x42, 0x8A, 0xE5, 0x69, 0x2C, 0xD7, 0xE7, 0xBF, 0xC0, 0x9F, 0x04, 0x1E, 0x76, 0x50, 0xF1,
    0x1A, 0x49, 0x8C, 0xA9, 0x12, 0xB8, 0xA7, 0x30, 0x20, 0x3A, 0x4B, 0xC8, 0x35, 0x19, 0x85, 0x4E,
    0xCE, 0xC6, 0x32, 0x77, 0xB6, 0x40, 0x4E, 0x43, 0x4E, 0xEF, 0x8C, 0x36, 0x74, 0xE3, 0xE6, 0x16,
    0xDC, 0xF1, 0xB8, 0x56, 0x61, 0x11, 0xF2, 0x5A, 0x11, 0x38, 0x07, 0x69, 0xC8, 0x54, 0x9A, 0xB0,
    0xBF, 0x15, 0x31, 0x1B, 0x73, 0xD2, 0x40, 0xFB, 0x2F, 0xB0, 0xB1, 0xA4, 0x44, 0x70, 0xF0, 0xA4,
    0xE5, 0x62, 0xDD, 0x7A, 0xD5, 0xD4, 0x45, 0x52, 0xEC, 0xD7, 0xCA, 0xD1, 0xC1, 0x50, 0xB8, 0x96,
    0xF2, 0x7F, 0x2C, 0x82, 0x63, 0x90, 0xDB, 0x35, 0xA1, 0x4F, 0xF0, 0x23, 0x7D, 0x25, 0x06, 0xE9,
    0xCD, 0x6F, 0xD3, 0x59, 0xC5, 0xE0, 0x54, 0xC6, 0xEA, 0x0A, 0xD1, 0x52, 0xAC, 0x36, 0xF6, 0xF7,
    0x60, 0x85, 0x8E, 0x1E, 0x87, 0xD7, 0x3C, 0xD4, 0x86, 0x48, 0xC5, 0xEF, 0x44, 0xEE, 0x9B, 0x75,
    0x83, 0x44, 0x8C, 0xCA, 0xAB, 0x93, 0xD3, 0x51, 0x11, 0xFB, 0x11, 0x70, 0x64, 0x8E, 0x27, 0x85,
    0xE4, 0x36, 0xB1, 0x8B, 0x3E, 0x03, 0x83, 0x86, 0xE4, 0xDA, 0xCC, 0x61, 0xFC, 0xC9, 0xB5, 0xD6,
    0x37, 0x60, 0xFC, 0x29, 0x82, 0x7B, 0xBC, 0x32, 0x83, 0xE4, 0xC9, 0x3C, 0xE2, 0x2A, 0x3D, 0xCD,
    0xDC, 0xDA, 0xDC, 0xC6, 0x93, 0xFA, 0xD8, 0x13, 0x4E, 0x4A, 0x74, 0xCE, 0x83, 0xA3, 0xA8, 0x97,
    0x50, 0x5E, 0xA2, 0xD6, 0xA8, 0x44, 0x2A, 0xCA, 0x66, 0x7B, 0xEB, 0x9A, 0x96, 0x4F, 0x85, 0x59,
    0xB2, 0xBF, 0x5C, 0x9B, 0xBB, 0x00, 0xB3, 0x1B, 0x4E, 0xDB, 0x84, 0xAF, 0x55, 0x88, 0xE7, 0x60,
    0x2D, 0x90, 0xBC, 0xA3, 0xED, 0x33, 0xD7, 0xDF, 0x05, 0x3E, 0x41, 0x55, 0x2F, 0x74, 0xB6, 0xD3,
    0xF1, 0xEC, 0x03, 0xEC, 0x5E, 0xB8, 0xF6, 0x9D, 0xB1, 0xB4, 0x4E, 0x97, 0x3D, 0x4E, 0x93, 0x4B,
    0x5B, 0xFF, 0x5E, 0x6F, 0x80, 0x3F, 0x6F, 0x32, 0xB4, 0xAE, 0x4A, 0xCA, 0xC9, 0x4A, 0x28, 0xA1,
    0x96, 0x78, 0x81, 0xA4, 0xE6, 0xB1, 0x5D, 0x8B, 0xB4, 0x1E, 0xED, 0xA6, 0x83, 0x3E, 0x22, 0xB6,
    0x7C, 0x1E, 0xEC, 0x79, 0x66, 0xEE, 0x1C, 0xE2, 0xF5, 0xCF, 0xCE, 0x40, 0x4C, 0xD8, 0xB5, 0x23,
    0x4F, 0x01, 0x2C, 0xF6, 0x71, 0xB2, 0x87, 0x87, 0xC2, 0xE8, 0x49, 0x3C, 0xC4, 0x55, 0xB9, 0x4C,
    0x39, 0x3C, 0x46, 0x91, 0x42, 0x51, 0xC9, 0x9E, 0xDB, 0x92, 0xAA, 0xA8, 0x5F, 0x2E, 0x61, 0xA9,
    0x6A, 0x90, 0x36, 0xB9, 0x75, 0x22, 0x2D, 0xD3, 0x82, 0x6B, 0xC6, 0x35, 0xA4, 0x1B, 0x56, 0x24,
    0x69, 0x2A, 0xF5, 0xE4, 0x65, 0xCF, 0x2B, 0xF4, 0xE8, 0x8E, 0xFC, 0x98, 0xEB, 0x71, 0x25, 0x6C,
    0xD5, 0xF6, 0xDE, 0xC0, 0x14, 0xC8, 0xE2, 0xE5, 0x93, 0xA2, 0x2B, 0xC0, 0xA9, 0x36, 0x7B, 0x4B,
    0xE0, 0xBB, 0x7C, 0x3A, 0xFC, 0x55, 0xE0, 0x77, 0xC0, 0x4F, 0xD0, 0x49, 0x85, 0x96, 0x48, 0xB0,
    0xB2, 0x87, 0x6F, 0xF3, 0x29, 0x54, 0xD0, 0x35, 0x48, 0x11, 0xCB, 0x8A, 0x7B, 0xAF, 0x54, 0xD1,
    0x05, 0xD6, 0xAE, 0x3A, 0xE7, 0xFA, 0x71, 0xD7, 0xA5, 0x98, 0xAF, 0x3C, 0xEF, 0xD2, 0x3D, 0x94,
    0x6E, 0xA2, 0xEA, 0x2E, 0x8A, 0xC8, 0x4A, 0x24, 0xB1, 0x2B, 0xB3, 0xD8, 0x97, 0x79, 0xBC, 0x2A,
    0x55, 0xFC, 0xBD, 0xA7, 0x32, 0xFE, 0xF0, 0x19, 0x4F, 0xBE, 0x7C, 0x8E, 0x3B, 0xF2, 0x0B, 0xAC,
    0x8B, 0x17, 0x58, 0xC7, 0x57, 0x78, 0x93, 0x8E, 0x58, 0x84, 0xA2, 0xAD, 0xA2, 0x75, 0x19, 0x5D,
    0xD7, 0xD1, 0x88, 0x7D, 0xCA, 0x21, 0x6B, 0x0E, 0x92, 0x75, 0xE2, 0xBF, 0x3F, 0x0C, 0x90, 0x3C,
    0x8F, 0x70, 0xF7, 0xD3, 0x18, 0xEB, 0x3F, 0xCC, 0xB1, 0xC6, 0x14, 0x56, 0x59, 0x75, 0x30, 0xF7,
    0x61, 0xBF, 0xC0, 0xEC, 0x8C, 0x79, 0x10, 0x40, 0x89, 0xC7, 0xD5, 0x0B, 0x0D, 0x13, 0x2C, 0xE4,
    0xF0, 0xA9, 0xB1, 0x13, 0xAF, 0x96, 0x83, 0xA7, 0x9E, 0x9D, 0xE9, 0x02, 0x33, 0xD6, 0x5D, 0x81,
    0x50, 0xF6, 0x33, 0x69, 0x3F, 0x87, 0x45, 0x6B, 0x7B, 0x01, 0x1C, 0xD6, 0xC5, 0x7A, 0xF5, 0x1C,
    0xEF, 0xAF, 0x6D, 0xC1, 0xFD, 0xDB, 0xFA, 0x4B, 0x57, 0x45, 0x84, 0x42, 0x10, 0xB3, 0x66, 0x87,
    0xC6, 0x87, 0xBA, 0xA2, 0xA7, 0xC3, 0xC9, 0x44, 0xFD, 0xA4, 0x6F, 0xE2, 0xD7, 0xEA, 0x16, 0xF5,
    0x91, 0xFC, 0x14, 0x6D, 0x9B, 0x9C, 0x50, 0x4B, 0x66, 0xE6, 0x61, 0x55, 0x33, 0x4F, 0x17, 0xC6,
    0x96, 0x91, 0xB4, 0x3A, 0x23, 0xB7, 0xBD, 0xFB, 0xE5, 0xB0, 0x74, 0xAD, 0xA4, 0xF0, 0xA7, 0xB4,
    0xB9, 0xA5, 0xDB, 0xCB, 0xC1, 0xA9, 0xC2, 0x0A, 0x36, 0xEB, 0x92, 0x7C, 0x78, 0xA6, 0xCF, 0x39,
    0xDD, 0x56, 0xBA, 0x4D, 0x9F, 0xF3, 0x7F, 0xAD, 0x58, 0xCF, 0x6B, 0xE4, 0xE6, 0x19, 0x7E, 0x24,
    0x79, 0x57, 0xAE, 0x55, 0x49, 0x3E, 0x2C, 0x74, 0x9B, 0x68, 0x76, 0x7C, 0xC8, 0xC1, 0x04, 0x39,
    0x0E, 0x45, 0x04, 0xB9, 0x2B, 0x67, 0xBE, 0x6D, 0xA0, 0xE9, 0xA1, 0x05, 0x17, 0x76, 0x4F, 0x6D,
    0x21, 0x85, 0x5C, 0xD3, 0x9D, 0x84, 0x39, 0xB8, 0x64, 0xB3, 0xFB, 0x39, 0xA1, 0xB9, 0x6D, 0x59,
    0xF2, 0x17, 0xA4, 0x90, 0x53, 0x4E, 0xA2, 0xF4, 0xD6, 0x04, 0x7F, 0xE9, 0x1E, 0x0A, 0x0D, 0x14,
    0xB1, 0xA1, 0x14, 0x5A, 0x28, 0xA2, 0x6D, 0xE8, 0xA1, 0xB4, 0xD1, 0x61, 0x0F, 0x0E, 0x5D, 0x5B,
    0x7D, 0xDE, 0x6F, 0x34, 0xF6, 0x38, 0x64, 0x77, 0x35, 0x26, 0x23, 0x69, 0xCC, 0xCC, 0x48, 0xCF,
    0xFB, 0xE3, 0x7B, 0xDF, 0xE7, 0x7D, 0x3E, 0xE3, 0x82, 0x6B, 0xDC, 0xF6, 0xAE, 0x0E, 0xF6, 0x8E,
    0x30, 0xC0, 0x2E, 0x72, 0x1E, 0x13, 0x5E, 0x65, 0x77, 0x35, 0xFC, 0x54, 0xCA, 0xBB, 0x5B, 0x61,
    0xFB, 0x49, 0x8D, 0xE0, 0x10, 0xDD, 0x6B, 0x19, 0x48, 0xDD, 0xA3, 0x49, 0xEC, 0x57, 0x89, 0xA7,
    0x73, 0xCF, 0x64, 0x9E, 0xCE, 0x3C, 0x95, 0x05, 0xD8, 0xDE, 0x40, 0x7C, 0xBF, 0xBB, 0xA9, 0x0E,
    0xB1, 0x65, 0x42, 0x8C, 0x54, 0x42, 0x9C, 0xD4, 0x22, 0xD6, 0xC8, 0x78, 0x8D, 0x51, 0xA1, 0x74,
    0x0C, 0x4A, 0x97, 0x97, 0xA7, 0xB0, 0x3B, 0x04, 0x86, 0x07, 0x33, 0x6C, 0x57, 0x01, 0xBE, 0x8A,
    0x9C, 0xBF, 0x21, 0x74, 0xEE, 0x23, 0xE4, 0x3D, 0xB4, 0x81, 0x94, 0xF7, 0xE5, 0x01, 0x90, 0xC5,
    0x40, 0x7E, 0x93, 0xF7, 0xFF, 0x11, 0xA7, 0x5F, 0xCE, 0x5D, 0x25, 0x7F, 0x3E, 0xB4, 0x1F, 0x9E,
    0xEA, 0xBE, 0xF4, 0x5A, 0x1D, 0xB7, 0xC6, 0xDB, 0x6B, 0xE0, 0x6B, 0x9F, 0x5E, 0x44, 0x08, 0xE8,
    0x45, 0xC1, 0xF7, 0x82, 0xFE, 0x44, 0x28, 0x9C, 0x0A, 0x21, 0x72, 0xE2, 0xD3, 0x47, 0x22, 0xA7,
    0x68, 0x0A, 0xE2, 0xBB, 0x55, 0x09, 0x6C, 0x5D, 0xBF, 0xF2, 0xE9, 0x55, 0x8C, 0x0E, 0xDC, 0xF6,
    0xC1, 0xB1, 0x91, 0x95, 0x84, 0x88, 0x5E, 0x49, 0x40, 0xC7, 0xE2, 0x09, 0xDC, 0xE8, 0x40, 0xD0,
    0xC6, 0x16, 0xCC, 0x62, 0x59, 0x28, 0x22, 0xA5, 0x02, 0x34, 0x16, 0x9C, 0x8A, 0x30, 0x5E, 0x6B,
    0x3A, 0x90, 0xF1, 0xB3, 0xEF, 0x02, 0xE5, 0xA6, 0x66, 0x86, 0x56, 0xF8, 0xB1, 0xA2, 0x9B, 0x87,
    0x1F, 0xB5, 0x26, 0xF6, 0x8D, 0xA7, 0x07, 0x9E, 0x21, 0x9A, 0xA7, 0xF9, 0xAC, 0xA7, 0x26, 0x60,
    0x46, 0x2B, 0x86, 0x4C, 0xFF, 0x8A, 0x9B, 0xB1, 0x04, 0x3D, 0x3C, 0x3A, 0x89, 0xD8, 0xD3, 0xAE,
    0xF1, 0x94, 0x47, 0x47, 0x3C, 0x15, 0xC0, 0xA7, 0x2F, 0x01, 0x43, 0x8A, 0x18, 0x50, 0xC4, 0x70,
    0x42, 0xBA, 0x90, 0x30, 0xD8, 0x14, 0x5B, 0x57, 0x73, 0x8C, 0x1E, 0x64, 0x62, 0x99, 0x69, 0x6A,
    0x80, 0xCD, 0x99, 0x27, 0x0E, 0x9F, 0xE6, 0xA1, 0x1C, 0x3E, 0x0D, 0xFB, 0xFC, 0x0C, 0x41, 0x8E,
    0x84, 0x47, 0xCA, 0x43, 0xCA, 0x62, 0xEB, 0x6A, 0x46, 0x0C, 0x3E, 0xCF, 0xB4, 0xD9, 0x8B, 0x89,
    0x43, 0xAC, 0x3B, 0x3F, 0x94, 0xF7, 0x82, 0xF1, 0x05, 0x00, 0x81, 0x8F, 0x28, 0x40, 0x48, 0x07,
    0x22, 0xA4, 0xCC, 0x46, 0x82, 0x2C, 0x45, 0x96, 0x63, 0x4C, 0xF3, 0x99, 0x75, 0xA0, 0x46, 0x60,
    0x4E, 0x42, 0x30, 0x3E, 0xED, 0x57, 0x81, 0xA7, 0xFC, 0x32, 0xF2, 0x55, 0x30, 0x0E, 0x7D, 0xAC,
    0xE4, 0x09, 0x11, 0xD2, 0x94, 0x6E, 0x84, 0x39, 0xBD, 0x88, 0x32, 0xBA, 0xE1, 0x67, 0x92, 0x91,
    0xB2, 0x40, 0xE6, 0x36, 0x39, 0x9E, 0x75, 0xEA, 0x0C, 0xD3, 0x78, 0xE0, 0xD4, 0x98, 0x8B, 0x88,
    0x9F, 0x8F, 0x41, 0x19, 0x55, 0x19, 0xD1, 0xA5, 0x71, 0x18, 0x08, 0x68, 0x24, 0xA0, 0xA1, 0x80,
    0x26, 0x02, 0x9A, 0x0A, 0x68, 0x2E, 0xA0, 0xB9, 0x80, 0x66, 0x02, 0x2A, 0x78, 0x36, 0x40, 0x08,
    0xA8, 0x84, 0x38, 0x8B, 0x51, 0x5E, 0xAB, 0xBC, 0x26, 0xF6, 0xEF, 0x12, 0x10, 0xED, 0xAB, 0x3A,
    0xBE, 0x6B, 0xAA, 0xD8, 0xFD, 0xC8, 0x0C, 0xBC, 0x37, 0x4D, 0xCA, 0xAB, 0xF0, 0x5F, 0xD0, 0x39,
    0x63, 0x99, 0x30, 0x0B, 0x63, 0xA6, 0x81, 0x77, 0xF1, 0x0A, 0x21, 0x75, 0x05, 0xE7, 0xFE, 0x31,
    0x50, 0x92, 0x21, 0xA8, 0x6C, 0x9D, 0xD3, 0x3B, 0x85, 0xA1, 0xC2, 0x65, 0x8D, 0xD7, 0x34, 0xFE,
    0x6E, 0x9C, 0xDF, 0x19, 0xE2, 0x04, 0xAD, 0x89, 0x9C, 0x2A, 0x45, 0xC5, 0x66, 0x29, 0xAD, 0x2B,
    0xB8, 0xA7, 0xC1, 0xA2, 0x5F, 0xB7, 0x39, 0x7B, 0x60, 0xE2, 0x17, 0x69, 0xD3, 0x14, 0xD2, 0x7A,
    0xD2, 0x74, 0xEC, 0x89, 0xE2, 0x26, 0x86, 0x7F, 0x99, 0xEB, 0x84, 0xC3, 0xAE, 0x07, 0xDC, 0x43,
    0x1B, 0x4B, 0x2D, 0x65, 0xC6, 0x8E, 0x63, 0x33, 0xB1, 0x96, 0xD8, 0x4A, 0x3C, 0xA7, 0x0B, 0x36,
    0x92, 0xCC, 0xAD, 0x8F, 0x23, 0x73, 0xDE, 0x56, 0x40, 0x64, 0xD7, 0x7D, 0xBA, 0xE6, 0x99, 0xCD,
    0x2F, 0xD7, 0xED, 0x5D, 0x0C, 0x35, 0x58, 0xAA, 0x17, 0xE0, 0xB6, 0x26, 0xD8, 0x6B, 0x06, 0x98,
    0xF0, 0x77, 0x32, 0x45, 0x69, 0x4F, 0x12, 0x04, 0x59, 0x82, 0x24, 0x41, 0x8E, 0x38, 0xA6, 0x08,
    0x71, 0xE2, 0xC3, 0x99, 0x13, 0x47, 0x88, 0x7D, 0xF5, 0x08, 0xA6, 0xC0, 0x98, 0x1D, 0xA2, 0xF0,
    0x35, 0xD8, 0x74, 0x71, 0xD1, 0xB9, 0xE4, 0x63, 0x32, 0x06, 0x09, 0x83, 0x29, 0x20, 0x5D, 0x90,
    0x2D, 0x48, 0x16, 0xE4, 0x8A, 0x9F, 0x0F, 0xE7, 0x98, 0xE2, 0x9E, 0xC1, 0xA8, 0x4B, 0x4A, 0xE4,
    0x98, 0x90, 0xA7, 0x6B, 0x68, 0x85, 0x54, 0x91, 0xDB, 0xA4, 0x90, 0x27, 0x4E, 0x68, 0x62, 0x64,
    0xF3, 0xF8, 0xAA, 0xC1, 0x4F, 0xF5, 0x62, 0x56, 0xF6, 0x6D, 0x6D, 0xBD, 0xA3, 0xE4, 0x7C, 0xAC,
    0x21, 0xE6, 0x98, 0xA9, 0x5D, 0x5E, 0xDC, 0x10, 0x97, 0x25, 0xB0, 0xBC, 0x7A, 0x4F, 0xE1, 0xCD,
    0x1E, 0x86, 0x56, 0x57, 0xB1, 0x5E, 0x21, 0x56, 0x67, 0x0A, 0x4A, 0xE1, 0x5B, 0x06, 0x9B, 0x90,
    0x3A, 0xEE, 0x19, 0x17, 0x93, 0xFC, 0x75, 0xE0, 0xDC, 0xE2, 0xB6, 0xC6, 0xF6, 0xD9, 0xE5, 0xDE,
    0x86, 0xD4, 0xF0, 0x60, 0x75, 0x43, 0x48, 0x28, 0x38, 0xDC, 0x4E, 0xCA, 0xA2, 0x2C, 0x47, 0x5D,
    0x6B, 0xC7, 0x16, 0x2F, 0x19, 0xE3, 0xE2, 0x4B, 0x0B, 0xF4, 0xCD, 0x74, 0xF1, 0x3E, 0x61, 0x4E,
    0x7B, 0xB5, 0x4E, 0x67, 0x85, 0x8B, 0xE1, 0x62, 0x61, 0x2B, 0x6C, 0xF2, 0x8B, 0x7D, 0xAC, 0x3C,
    0x71, 0x07, 0x78, 0xFA, 0xCE, 0x74, 0xD6, 0xB5, 0x47, 0xF0, 0x77, 0x99, 0x14, 0xD2, 0x59, 0x4A,
    0x6E, 0xC9, 0x98, 0xAE, 0x66, 0xBF, 0x71, 0xAA, 0x4F, 0x77, 0xBC, 0xB6, 0x42, 0xC0, 0x72, 0x1A,
    0xB0, 0x67, 0x73, 0xF7, 0x4F, 0xAA, 0x94, 0x01, 0xB2, 0xF2, 0x1E, 0xEC, 0x25, 0x2C, 0xF7, 0xF9,
    0x67, 0x26, 0x0E, 0xEA, 0x7A, 0xE0, 0xEB, 0xAA, 0xF0, 0x5F, 0x34, 0x79, 0x70, 0x64, 0x87, 0x63,
    0xC6, 0x61, 0x9A, 0xDF, 0xDA, 0x53, 0xC3, 0xDB, 0xAD, 0x2D, 0x0E, 0x2E, 0x9A, 0xD3, 0x36, 0x81,
    0x7E, 0xE9, 0x12, 0x38, 0xA6, 0x84, 0xC0, 0xCA, 0x73, 0xAA, 0x1C, 0x56, 0x0D, 0xD7, 0x6A, 0xB3,
    0x99, 0x7C, 0xA3, 0xDA, 0xF6, 0x75, 0x30, 0xBD, 0x75, 0xD5, 0xBA, 0xEE, 0x7F, 0xD1, 0xF5, 0xED,
    0x9B, 0x88, 0x6F, 0x83, 0x0A, 0xC1, 0x6B, 0xB1, 0x33, 0xC1, 0xAD, 0x6A, 0x96, 0xAC, 0xAC, 0x44,
    0x6C, 0x84, 0x18, 0x1E, 0x61, 0xC2, 0x31, 0x13, 0xD7, 0x9C, 0x98, 0x98, 0xA7, 0xB2, 0x87, 0x98,
    0x2B, 0xA6, 0xB5, 0x10, 0x4A, 0x42, 0x77, 0x76, 0x4F, 0x9B, 0x9B, 0xF2, 0x90, 0x2C, 0xD0, 0xC4,
    0xBB, 0x52, 0xF9, 0x9C, 0x18, 0x03, 0x04, 0x13, 0xC4, 0x0D, 0xE2, 0x09, 0x92, 0x02, 0x29, 0x27,
    0x5E, 0x24, 0x3A, 0x81, 0x1C, 0x23, 0x45, 0x9A, 0xC0, 0x2B, 0xE1, 0xEA, 0x6E, 0x4D, 0x8F, 0x49,
    0x2F, 0xA0, 0xBE, 0x18, 0x20, 0x9C, 0x60, 0x50, 0x61, 0xB3, 0x42, 0xD1, 0x20, 0xE3, 0xAC, 0xE5,
    0x10, 0x4F, 0xFA, 0x92, 0x9C, 0xF4, 0xB9, 0xC8, 0x94, 0x0E, 0xFC, 0x11, 0x0C, 0x47, 0xA3, 0x2B,
    0x76, 0x10, 0x9C, 0xA7, 0x47, 0x4F, 0x6B, 0x39, 0xCF, 0x60, 0xE2, 0x7D, 0x38, 0xEF, 0x2F, 0x62,
    0xE8, 0xF4, 0xC8, 0x60, 0xC9, 0x52, 0x00, 0x71, 0x05, 0xB9, 0x36, 0x9C, 0x6A, 0xDE, 0x3F, 0xE1,
    0xBC, 0xC2, 0x5A, 0xB7, 0xB9, 0x88, 0x70, 0xE7, 0x06, 0xF6, 0x9B, 0x39, 0x26, 0xDE, 0xEC, 0x98,
    0xD8, 0x6D, 0x6B, 0xCE, 0x52, 0xB9, 0x27, 0x95, 0xA9, 0x28, 0x03, 0xEC, 0x67, 0x90, 0x0C, 0x4A,
    0x1E, 0x15, 0xBF, 0x7F, 0x6A, 0x03, 0xA3, 0x63, 0x0A, 0xFF, 0x95, 0xC1, 0xE5, 0xAE, 0x01, 0xE4,
    0xFE, 0x7C, 0x36, 0xEF, 0xCB, 0x6E, 0xFA, 0xCC, 0x0F, 0x20, 0x3E, 0xFD, 0xFC, 0x9C, 0x74, 0xFB,
    0x4A, 0x55, 0x1A, 0xC1, 0xF8, 0x46, 0x2C, 0x9C, 0x45, 0xA0, 0x9D, 0x56, 0x00, 0x67, 0xD7, 0x66,
    0x7C, 0x9C, 0x3F, 0x9C, 0x5B, 0xB0, 0x35, 0x98, 0x97, 0xD0, 0xCE, 0xCC, 0x45, 0x5B, 0x43, 0x9C,
    0x22, 0x97, 0x32, 0x64, 0x4A, 0x0B, 0x8C, 0xD9, 0x00, 0xE3, 0x2C, 0x6E, 0x9B, 0x49, 0x74, 0xAD,
    0x66, 0x4D, 0x57, 0x65, 0xEA, 0x98, 0x3A, 0x77, 0x4C, 0x95, 0x3B, 0x9F, 0x98, 0x0C, 0xFB, 0x6A,
    0x36, 0x06, 0xFE, 0x7A, 0x80, 0x83, 0x0D, 0xA7, 0x8E, 0x5C, 0x23, 0xA7, 0x84, 0xA8, 0x0A, 0x1F,
    0xBF, 0x09, 0xDC, 0x2A, 0x1A, 0xAA, 0xE8, 0x40, 0xD4, 0x4F, 0x32, 0xB7, 0x9C, 0xB3, 0x97, 0x48,
    0x1B, 0xDB, 0x60, 0x7A, 0xA6, 0xE2, 0x40, 0xBD, 0x65, 0xE5, 0x16, 0xD5, 0x96, 0x88, 0x2D, 0xD1,
    0x5A, 0x22, 0xB5, 0x44, 0x69, 0x89, 0xD0, 0x12, 0x9D, 0x25, 0x32, 0x4B, 0x54, 0xD6, 0xE9, 0xB9,
    0xB0, 0x24, 0x52, 0x8A, 0x4A, 0x2A, 0x76, 0x19, 0x2D, 0x27, 0x82, 0x2E, 0x7C, 0x19, 0x0A, 0x93,
    0x40, 0x56, 0xCC, 0x8A, 0xAE, 0x5A, 0x6C, 0xB1, 0xA8, 0x2F, 0x1A, 0x39, 0x49, 0x01, 0x8F, 0xE1,
    0x63, 0xD5, 0xE5, 0xF1, 0x82, 0xB4, 0x0D, 0xEE, 0x02, 0x6F, 0xCC, 0x12, 0xFA, 0x68, 0xEE, 0xB7,
    0xF9, 0xB7, 0x72, 0x6D, 0x0D, 0x67, 0x62, 0x67, 0xFB, 0xCA, 0xA7, 0xB5, 0xE3, 0xA8, 0xC5, 0x58,
    0xFA, 0x8B, 0xCF, 0x9E, 0x73, 0x38, 0x56, 0x8E, 0xE0, 0x56, 0x37, 0xE8, 0xD5, 0x1B, 0x90, 0xED,
    0xD0, 0xC0, 0xFB, 0x25, 0xD2, 0x88, 0xBA, 0x9A, 0xD2, 0xB8, 0x18, 0x0F, 0xB0, 0x51, 0x15, 0x9C,
    0x4E, 0x64, 0xBF, 0xEF, 0xD6, 0x78, 0x86, 0x30, 0xAB, 0xC7, 0xC5, 0x20, 0x2C, 0x20, 0x9D, 0xA8,
    0x5C, 0x76, 0x56, 0xA0, 0x92, 0xA1, 0xCE, 0x9F, 0xD3, 0xD9, 0x3F, 0xF4, 0x73, 0x6F, 0xA9, 0x11,
    0xE9, 0x62, 0x20, 0x6D, 0xDB, 0xDD, 0xFD, 0x67, 0x85, 0x5F, 0x1B, 0xAC, 0xE9, 0xFE, 0xD3, 0x2E,
    0xCE, 0xE1, 0x7D, 0x1F, 0xCE, 0x2F, 0x7A, 0x8C, 0x3A, 0x32, 0x57, 0xD4, 0xE0, 0xC2, 0x5A, 0x5F,
    0xF0, 0x6F, 0x02, 0xFF, 0x53, 0xD8, 0x53, 0x7D, 0x46, 0xB5, 0xFF, 0x63, 0xB8, 0x7F, 0x40, 0x37,
    0xD7, 0xDB, 0x4A, 0x58, 0x65, 0xCA, 0xED, 0xF4, 0xB0, 0x45, 0x74, 0xED, 0xA4, 0x70, 0xB7, 0xC8,
    0x0F, 0x42, 0x0E, 0xE1, 0x24, 0x58, 0x77, 0x97, 0xB1, 0xEA, 0x1D, 0xC6, 0x41, 0x12, 0x14, 0xAF,
    0x8C, 0xA8, 0x5A, 0x32, 0x6C, 0x2F, 0xDB, 0x99, 0x4F, 0xC6, 0x7B, 0xDD, 0x40, 0xEB, 0xBE, 0x68,
    0x2F, 0x3B, 0xFF, 0x75, 0xDD, 0x87, 0x60, 0x89, 0xA5, 0x94, 0x96, 0x44, 0x7D, 0xD7, 0x3C, 0x2A,
    0xC7, 0x70, 0xA7, 0xC6, 0x7D, 0x16, 0xB7, 0x39, 0x44, 0x14, 0x45, 0xF3, 0x9A, 0x59, 0xAF, 0x97,
    0x99, 0x97, 0xE9, 0xF7, 0xFE, 0xF1, 0xBE, 0x2B, 0xB1, 0x6D, 0xF1, 0x19, 0x9C, 0xEF, 0xF4, 0x55,
    0xEF, 0xE7, 0xD5, 0xA5, 0x7A, 0x6D, 0xED, 0x21, 0xDA, 0xDD, 0x23, 0x5B, 0xFC, 0x1E, 0xF8, 0xA1,
    0x5A, 0x48, 0xBB, 0x87, 0x19, 0xFC, 0x14, 0xEE, 0xF7, 0x7A, 0x68, 0x77, 0xB6, 0xE5, 0xF3, 0x15,
    0xD6, 0x76, 0x16, 0xC0, 0x67, 0x7C, 0xFF, 0x9E, 0xC5, 0xF7, 0xB8, 0x8D, 0x81, 0x77, 0x1B, 0xCE,
    0xC7, 0xD4, 0x8E, 0xD3, 0x45, 0x56, 0xDE, 0xDB, 0x95, 0x8F, 0x3A, 0xE0, 0xE9, 0x54, 0xD1, 0x8F,
    0x74, 0x7C, 0x88, 0x24, 0xB5, 0xDB, 0xCC, 0x93, 0x99, 0x9F, 0x36, 0x61, 0xE6, 0x5E, 0xC4, 0xD2,
    0xCA, 0x8D, 0x58, 0xC7, 0x9C, 0x78, 0x73, 0xE9, 0xE0, 0x74, 0xFC, 0xB6, 0xC1, 0x8E, 0xEE, 0x8B,
    0xF5, 0xB2, 0xFB, 0x1F, 0xD7, 0xF9, 0x52, 0x24, 0x02, 0xFC, 0x04, 0xEE, 0xC7, 0x5D, 0xF5, 0xF5,
    0xDF, 0x4B, 0x04, 0x05, 0xBC, 0x1F, 0x00, 0x6F, 0xF7, 0xD8, 0xB1, 0xD0, 0xD9, 0xCB, 0x9D, 0xB3,
    0x7D, 0xF1, 0xD9, 0x3D, 0xBF, 0x55, 0xD0, 0x3D, 0x44, 0xB6, 0x2C, 0x96, 0x8E, 0xAF, 0xA8, 0xC8,
    0xD2, 0x1D, 0xE9, 0xC8, 0x63, 0x89, 0x7D, 0x20, 0x12, 0x0F, 0xF6, 0xAB, 0x1D, 0x2A, 0x02, 0x4B,
    0xD3, 0xBE, 0xBD, 0xC1, 0x52, 0x49, 0xFC, 0x20, 0x5D, 0xCA, 0x71, 0x09, 0xBE, 0x41, 0x83, 0xB1,
    0x6E, 0x44, 0xF3, 0x86, 0x5C, 0x4C, 0xDB, 0xDC, 0xB7, 0x5A, 0xE3, 0x9C, 0x2E, 0x51, 0x7F, 0x56,
    0xA2, 0x53, 0x1B, 0xC9, 0x74, 0xE3, 0x6B, 0xA7, 0xC8, 0x8E, 0x4D, 0xA0, 0x34, 0x42, 0x33, 0x5F,
    0xB2, 0x39, 0xE4, 0x5F, 0x22, 0xF2, 0x2F, 0x8B, 0x35, 0x61, 0x4E, 0x8E, 0x4D, 0x57, 0xEF, 0x76,
    0x93, 0x87, 0x43, 0xE3, 0xBA, 0xC6, 0xBF, 0xCC, 0xAC, 0x1D, 0x6A, 0x31, 0x14, 0x2B, 0xE7, 0x03,
    0x5C, 0xAF, 0xF0, 0xDE, 0x34, 0xB9, 0xDC, 0xCC, 0x90, 0x94, 0x55, 0xD3, 0x49, 0x8E, 0x40, 0x83,
    0x9C, 0xC8, 0xDB, 0xA6, 0x5E, 0xD1, 0x9F, 0x67, 0xF0, 0x64, 0x8D, 0xAD, 0xF9, 0x5D, 0x78, 0xDC,
    0xED, 0xC2, 0x3D, 0x1D, 0x7A, 0x2A, 0xF4, 0x91, 0xF8, 0x48, 0x29, 0x18, 0xE2, 0xF6, 0x7E, 0x74,
    0xAD, 0x9C, 0x26, 0xBC, 0x40, 0x9D, 0x93, 0x9F, 0x1C, 0xF3, 0x50, 0x39, 0xB9, 0x84, 0x95, 0x5B,
    0x2A, 0x7E, 0xEB, 0x78, 0x80, 0xA9, 0x9C, 0x03, 0xCC, 0x17, 0x79, 0xC0, 0x01, 0xF6, 0x7F, 0x95,
    0x57, 0x5D, 0x68, 0x1C, 0xD7, 0x15, 0xFE, 0x66, 0xAE, 0xEC, 0x51, 0x34, 0x9A, 0x99, 0xA5, 0xD8,
    0x54, 0xB1, 0x47, 0xBB, 0x7A, 0x50, 0x41, 0xB1, 0x47, 0xDE, 0x25, 0x4C, 0xCC, 0x24, 0xDE, 0xF5,
    0xDE, 0xD4, 0x0F, 0x79, 0x08, 0x04, 0x3F, 0x34, 0x4E, 0xA1, 0x85, 0x88, 0x50, 0x68, 0x92, 0xE2,
    0x64, 0x68, 0xB6, 0xD4, 0x4D, 0x94, 0xE8, 0x26, 0x79, 0x08, 0xF4, 0x0F, 0xD1, 0xBE, 0xB6, 0xD4,
    0xD0, 0x96, 0x80, 0xF3, 0xD0, 0x29, 0xB8, 0xAD, 0x9A, 0xBF, 0xBD, 0x54, 0x0F, 0xA5, 0x84, 0x36,
    0x43, 0x68, 0xE9, 0x4F, 0x4A, 0x99, 0x34, 0x2F, 0xA5, 0x50, 0x18, 0x8A, 0x68, 0x05, 0x95, 0xB4,
    0x3D, 0xE7, 0xCE, 0xAC, 0x7E, 0x6C, 0x39, 0x75, 0x77, 0x46, 0xD2, 0x6A, 0xE6, 0xDC, 0x73, 0xCE,
    0x3D, 0xE7, 0x3B, 0xE7, 0x7C, 0x17, 0x80, 0x37, 0x42, 0x70, 0x41, 0xCF, 0x0A, 0x1D, 0x3A, 0xEA,
    0xCC, 0xDB, 0xE8, 0x49, 0xC4, 0x40, 0x72, 0x0C, 0xAD, 0x0D, 0x54, 0x1F, 0xB1, 0xA5, 0x83, 0x07,
    0x58, 0xA0, 0x2B, 0x54, 0x22, 0x64, 0xEC, 0x22, 0x0E, 0xD0, 0x5D, 0x41, 0xEB, 0xF7, 0x9A, 0x5F,
    0x4F, 0xA0, 0x37, 0x94, 0xC1, 0xCB, 0x3A, 0xB0, 0xF5, 0xAC, 0xAD, 0x23, 0x9B, 0xC5, 0xBA, 0x2E,
    0x7A, 0x4D, 0x3C, 0xB3, 0xC9, 0xEF, 0xAD, 0x12, 0x62, 0x15, 0x0E, 0xE0, 0x4E, 0x60, 0x6A, 0xE5,
    0x26, 0x49, 0x67, 0x4F, 0x12, 0xD2, 0xDD, 0x9A, 0x68, 0xC2, 0xA5, 0x2B, 0x80, 0x8F, 0xA8, 0x71,
    0xBD, 0x9F, 0x1B, 0x03, 0x18, 0x2A, 0x91, 0xB3, 0x0A, 0x9F, 0xDC, 0x9D, 0x80, 0xCF, 0x1E, 0xCB,
    0xE0, 0x01, 0x9C, 0xDE, 0xC6, 0x1C, 0xAF, 0x4B, 0x81, 0x0C, 0x28, 0x80, 0x5C, 0x6C, 0xEB, 0xC0,
    0xB9, 0xC9, 0xD7, 0x17, 0xD0, 0xFA, 0x0D, 0xAD, 0x04, 0x42, 0x60, 0x16, 0x08, 0x94, 0xB1, 0xD6,
    0x03, 0xAE, 0xFF, 0xEF, 0x55, 0xEC, 0x56, 0xB0, 0x11, 0x45, 0x91, 0xD7, 0xF4, 0x9D, 0x6D, 0x5A,
    0x1E, 0xC9, 0xEB, 0x43, 0x76, 0x4B, 0xB6, 0x36, 0x1B, 0x8B, 0xE4, 0x91, 0xEF, 0x6E, 0xF7, 0xC2,
    0xAC, 0x9B, 0x65, 0x7D, 0x5D, 0xC5, 0xCB, 0x04, 0x8E, 0x2C, 0xC1, 0xBF, 0x08, 0x3C, 0x5D, 0xC0,
    0xFD, 0xEE, 0x4F, 0x90, 0x84, 0xE7, 0x91, 0x26, 0xE4, 0x29, 0xF9, 0x39, 0x96, 0xA3, 0x88, 0x6C,
    0xF9, 0x13, 0x21, 0x7C, 0xE9, 0xEA, 0x98, 0xF6, 0x30, 0x68, 0xB4, 0x4B, 0x7A, 0xD8, 0x80, 0xB3,
    0x03, 0xCB, 0x05, 0xEF, 0xF7, 0x32, 0xEC, 0x4D, 0xE3, 0xB8, 0x87, 0xB9, 0x08, 0xFD, 0x2A, 0x23,
    0x0D, 0xB0, 0x04, 0x89, 0x90, 0xB4, 0x43, 0xFA, 0x2E, 0xF7, 0x49, 0xEA, 0x4E, 0x23, 0xC6, 0x3F,
    0x24, 0x38, 0x96, 0x64, 0x59, 0x7B, 0x24, 0x83, 0x4F, 0x72, 0xB0, 0x93, 0x93, 0x32, 0x7E, 0x0B,
    0xB1, 0x23, 0x63, 0x21, 0x17, 0x03, 0xB2, 0x5D, 0x8B, 0x44, 0x48, 0x10, 0x5B, 0x6B, 0xF6, 0x16,
    0x85, 0x22, 0x47, 0x6E, 0x69, 0x5B, 0x0B, 0xE5, 0xC8, 0xF3, 0xFF, 0x47, 0x8C, 0x3C, 0xD6, 0x72,
    0xF1, 0x0A, 0x56, 0xF2, 0xDA, 0x28, 0x43, 0xE6, 0x36, 0x85, 0x61, 0x3C, 0xBC, 0x9F, 0x03, 0x46,
    0xF1, 0x89, 0xFB, 0x60, 0x61, 0x1F, 0xBD, 0xD9, 0x3D, 0x0F, 0xC9, 0xE1, 0x24, 0x40, 0x14, 0x22,
    0x4A, 0x10, 0x66, 0xF0, 0x72, 0xCE, 0x60, 0x40, 0x81, 0x06, 0xCE, 0x49, 0x3C, 0x23, 0xF1, 0x65,
    0xE0, 0xFC, 0x38, 0xA6, 0x89, 0xA3, 0xA7, 0x3D, 0x4C, 0x25, 0x70, 0x0A, 0x08, 0x0D, 0x57, 0x23,
    0x34, 0x77, 0x9D, 0x74, 0xCA, 0x8A, 0xA5, 0x3D, 0xBA, 0x6D, 0x1D, 0x0A, 0x15, 0x91, 0x66, 0xE3,
    0x5B, 0xB2, 0x1F, 0x22, 0x91, 0x71, 0xE5, 0x56, 0xC8, 0xAD, 0x56, 0x39, 0x74, 0xB3, 0xAB, 0xA9,
    0x7F, 0xBB, 0x62, 0xB5, 0xF2, 0x2E, 0xEC, 0xD2, 0x28, 0x87, 0x50, 0x16, 0x63, 0x80, 0x20, 0xE4,
    0xE1, 0x29, 0x0C, 0x39, 0x0D, 0x60, 0x1C, 0xC0, 0x3C, 0xF1, 0x48, 0xD8, 0xA4, 0x86, 0x7E, 0xFA,
    0xD2, 0xA0, 0x65, 0x83, 0x33, 0x23, 0xA4, 0x20, 0x5B, 0xBC, 0x6A, 0x45, 0x55, 0xD9, 0xB2, 0x95,
    0x50, 0x27, 0x3F, 0xB5, 0x52, 0x3E, 0x28, 0x79, 0xDD, 0xAC, 0x59, 0x37, 0xCE, 0xE4, 0x49, 0x35,
    0x94, 0x3F, 0x93, 0xFD, 0xA2, 0xB2, 0xC2, 0x6F, 0x58, 0x83, 0x63, 0x6A, 0xCC, 0xDF, 0x67, 0x83,
    0xED, 0x66, 0x94, 0xE7, 0x12, 0x2F, 0x70, 0xC5, 0x2B, 0x08, 0x69, 0x76, 0x44, 0xF7, 0xA8, 0xF4,
    0xAD, 0xC2, 0x13, 0x2A, 0xF4, 0x39, 0xFE, 0xC9, 0xCF, 0x11, 0x7F, 0x86, 0x20, 0xA4, 0x53, 0x5B,
    0x83, 0x6E, 0xA1, 0x8E, 0xB5, 0xD0, 0xDA, 0x1C, 0x47, 0xDF, 0xB7, 0x75, 0x87, 0x42, 0x9B, 0xD2,
    0xF6, 0xB3, 0x50, 0xC8, 0x22, 0x72, 0x90, 0x27, 0xAE, 0xA5, 0xE3, 0x96, 0xD0, 0xC9, 0x73, 0x81,
    0x6E, 0xAF, 0xFF, 0x4B, 0x7D, 0xB4, 0xAC, 0x5D, 0xCB, 0xB6, 0x48, 0xF6, 0xDF, 0x24, 0x4B, 0x8E,
    0xB0, 0x27, 0xEC, 0x0A, 0x97, 0xBF, 0xE9, 0x38, 0x16, 0xC5, 0xB9, 0x95, 0x07, 0x2F, 0x67, 0x65,
    0x20, 0x74, 0x46, 0xEB, 0x79, 0x6D, 0x41, 0x99, 0xAC, 0x6C, 0x91, 0xE2, 0x94, 0x1C, 0xDE, 0x5B,
    0x4B, 0x58, 0xC1, 0x9B, 0xB5, 0x55, 0x89, 0x57, 0x37, 0xB0, 0xD9, 0x45, 0x19, 0x59, 0x79, 0x42,
    0xC6, 0x84, 0x1A, 0x08, 0x95, 0x0A, 0x99, 0x91, 0x06, 0xD7, 0x98, 0xA0, 0x0E, 0xB1, 0x56, 0x1B,
    0xBA, 0x8D, 0x7C, 0x72, 0x3F, 0xA9, 0x0B, 0xDA, 0x95, 0x59, 0xA0, 0x0B, 0x5F, 0xE7, 0xE1, 0x07,
    0x3A, 0xFA, 0xA2, 0x4E, 0xCE, 0xAA, 0xF8, 0xB4, 0xEC, 0xB4, 0x64, 0x1A, 0x18, 0x98, 0xEF, 0x20,
    0x70, 0x64, 0x28, 0x74, 0xEF, 0x11, 0xDD, 0x1F, 0xA9, 0xD8, 0x94, 0xC5, 0x22, 0xC1, 0x7C, 0x5C,
    0xAB, 0xB0, 0xB7, 0x47, 0x45, 0xE0, 0xE4, 0x20, 0x19, 0x24, 0xE2, 0x77, 0x14, 0xE5, 0x11, 0x17,
    0x2B, 0xDB, 0x43, 0xAF, 0x4D, 0x76, 0x46, 0xA3, 0x4A, 0x90, 0x70, 0x33, 0x2A, 0x1D, 0x15, 0x51,
    0xF3, 0x89, 0x26, 0xDD, 0x38, 0xA4, 0xDB, 0x8F, 0xBB, 0x5E, 0xB2, 0x1C, 0xB5, 0xDE, 0x31, 0xE0,
    0xAA, 0x52, 0x37, 0xC5, 0xDB, 0xB1, 0x47, 0x79, 0xF0, 0xD9, 0x2C, 0x8A, 0x12, 0xFA, 0xC4, 0x71,
    0x12, 0x77, 0xE2, 0x24, 0xCD, 0x16, 0x7F, 0xAA, 0xDD, 0x1D, 0x06, 0x89, 0xA5, 0xF9, 0xB6, 0xC7,
    0x39, 0xA9, 0xE0, 0xC0, 0x80, 0xC8, 0x50, 0x3A, 0xC5, 0x72, 0xBE, 0xAB, 0xCB, 0x3F, 0x58, 0x1C,
    0x5C, 0xAA, 0xA6, 0xE9, 0x96, 0x5C, 0x67, 0xCB, 0xF9, 0xE1, 0xEB, 0x9F, 0x27, 0x0C, 0xF2, 0x85,
    0x4D, 0xE3, 0xB4, 0xFD, 0x3D, 0x08, 0x53, 0x94, 0x8E, 0xAC, 0x55, 0xDE, 0xA0, 0x35, 0x36, 0xAD,
    0xDC, 0x44, 0x7E, 0x6A, 0x39, 0x50, 0x01, 0x77, 0xDB, 0x5A, 0xDF, 0x18, 0x9E, 0xCB, 0x26, 0x87,
    0x4E, 0xB9, 0x1F, 0xBC, 0xFC, 0x6E, 0x02, 0x7D, 0x4A, 0x37, 0x43, 0xDB, 0x39, 0x00, 0x6D, 0x7E,
    0x5F, 0x25, 0x67, 0x07, 0xBE, 0x23, 0x19, 0xC7, 0x8E, 0x6C, 0x6F, 0xA3, 0x97, 0x21, 0xA6, 0x77,
    0x11, 0x52, 0xCF, 0xBC, 0xB5, 0x73, 0x7E, 0xDB, 0x44, 0x73, 0x19, 0xED, 0x1D, 0x10, 0x94, 0xB8,
    0x2F, 0x34, 0xB1, 0x42, 0x9E, 0x37, 0xC4, 0xC8, 0xB5, 0x7C, 0x38, 0x8A, 0x0A, 0xBD, 0x8B, 0x70,
    0xAE, 0xDB, 0x2F, 0xD9, 0x62, 0x86, 0xE7, 0xCD, 0x74, 0xA4, 0x6E, 0x24, 0x19, 0x05, 0xD1, 0xC1,
    0x5D, 0x54, 0x03, 0xA9, 0xA8, 0x83, 0x6C, 0x2A, 0x85, 0x00, 0x32, 0xEE, 0x53, 0x87, 0xAD, 0xB2,
    0xD6, 0x40, 0x4D, 0xF8, 0x23, 0x56, 0x35, 0xDE, 0xF2, 0xBD, 0x30, 0x8C, 0x92, 0x38, 0xCD, 0xCA,
    0x92, 0x8D, 0x6F, 0xB0, 0x9E, 0x2A, 0x98, 0xB7, 0x4A, 0x51, 0x8A, 0xD6, 0x16, 0x92, 0x02, 0x5F,
    0xCA, 0xD1, 0x56, 0x15, 0x76, 0x08, 0xAE, 0x05, 0xF7, 0xFA, 0xAA, 0xD3, 0x0B, 0x35, 0xCC, 0x1D,
    0xDC, 0x51, 0x79, 0x45, 0x6A, 0xFA, 0xE5, 0xC1, 0xE0, 0xED, 0xEF, 0x0B, 0xFB, 0xBB, 0xE7, 0x53,
    0xAF, 0xE5, 0x6F, 0xFF, 0x28, 0x3F, 0xD0, 0x3D, 0xCD, 0xA7, 0xFF, 0x6E, 0x19, 0xB8, 0x88, 0x04,
    0x01, 0x9C, 0x8B, 0x2B, 0xA5, 0x2F, 0x66, 0xC4, 0x07, 0x9B, 0x75, 0x49, 0x25, 0xD4, 0xE2, 0x1D,
    0xBE, 0x53, 0x17, 0x99, 0x8F, 0x22, 0xA4, 0xCA, 0xC5, 0x8F, 0x4B, 0xF4, 0x77, 0x1B, 0x43, 0x17,
    0xF8, 0x07, 0xAC, 0x5F, 0x43, 0x7C, 0x03, 0x0E, 0x41, 0x7C, 0x0A, 0xA1, 0x49, 0x47, 0xE6, 0x54,
    0xAF, 0xCB, 0x16, 0xAC, 0x8D, 0x36, 0xC4, 0xF5, 0x73, 0x70, 0xE2, 0x57, 0xE1, 0xC6, 0xBF, 0x84,
    0x77, 0xF6, 0x15, 0x44, 0xA7, 0x49, 0x6B, 0xDB, 0x41, 0xB6, 0x58, 0xC9, 0xD1, 0xE4, 0xA4, 0xC8,
    0x99, 0x69, 0xC3, 0x1A, 0xDF, 0x84, 0xF5, 0x67, 0xA3, 0xD1, 0x83, 0xEF, 0x1F, 0xD0, 0x48, 0x45,
    0x1D, 0x51, 0xBF, 0x4D, 0xE0, 0x67, 0x70, 0xF4, 0x5E, 0xE7, 0x0B, 0xAA, 0x98, 0x8C, 0x24, 0x7F,
    0x23, 0x25, 0x03, 0xCE, 0x8A, 0x50, 0xF5, 0x7F, 0xFD, 0xAD, 0x71, 0x88, 0xE9, 0x77, 0x7B, 0x4C,
    0x95, 0x6E, 0x10, 0xFE, 0x9A, 0x0C, 0xEE, 0xD3, 0xD1, 0x5F, 0xA9, 0xDE, 0x09, 0x9A, 0x5C, 0xB6,
    0x66, 0xDC, 0x55, 0x83, 0xC9, 0x88, 0x65, 0xB4, 0x15, 0x50, 0xF7, 0x67, 0x93, 0x6C, 0x98, 0x73,
    0x39, 0xBF, 0xB8, 0x37, 0xBF, 0x6F, 0x25, 0x7C, 0xE4, 0x82, 0xEC, 0xFF, 0x47, 0xA6, 0x6D, 0x0C,
    0x9E, 0x46, 0xFB, 0x9F, 0x3C, 0x1E, 0xDA, 0xF9, 0x3D, 0xD7, 0x4D, 0xCA, 0x06, 0x56, 0xE9, 0xAA,
    0xDE, 0xBE, 0xDC, 0xB9, 0x1B, 0xBD, 0x4F, 0x0F, 0x0C, 0x60, 0x07, 0x58, 0xDC, 0xED, 0xFC, 0x9C,
    0xE3, 0x5A, 0x80, 0xB1, 0x90, 0xC3, 0x80, 0x9B, 0x13, 0x3F, 0x77, 0xA5, 0x5F, 0xD4, 0xD4, 0x61,
    0x2F, 0x82, 0x89, 0xD9, 0x52, 0x85, 0xEB, 0xDD, 0x3B, 0xB9, 0x88, 0x56, 0x61, 0xFC, 0x3C, 0x46,
    0xC2, 0xDA, 0x7D, 0xB1, 0x9C, 0xC5, 0x80, 0x7C, 0x18, 0x20, 0xC9, 0x06, 0x49, 0x76, 0x3D, 0x29,
    0x31, 0xA0, 0x46, 0x30, 0xB0, 0xF3, 0xDE, 0x49, 0xE5, 0x6E, 0x63, 0xB7, 0x12, 0x5D, 0x47, 0xFA,
    0x42, 0xFA, 0x8F, 0x32, 0x38, 0xA9, 0x8B, 0x75, 0x09, 0x42, 0x67, 0xCC, 0xA6, 0x69, 0xFF, 0xDB,
    0x58, 0x34, 0xF8, 0x69, 0x5E, 0x50, 0xEE, 0x3A, 0xB7, 0xC9, 0xCC, 0xC5, 0x95, 0x45, 0xB4, 0xEB,
    0x90, 0xAC, 0xD5, 0xB5, 0xF1, 0x31, 0x55, 0xF1, 0x86, 0x68, 0x3F, 0x6F, 0x98, 0xC2, 0xA2, 0xB7,
    0xC7, 0x1B, 0x5C, 0x14, 0x3E, 0x72, 0x82, 0xEB, 0xEC, 0x25, 0xDD, 0x1E, 0x11, 0x11, 0x31, 0x5C,
    0xC4, 0x00, 0x8F, 0x73, 0x41, 0xA9, 0xB4, 0x6A, 0xB9, 0x43, 0x1A, 0x91, 0xA9, 0x9D, 0x60, 0x0B,
    0xF7, 0x16, 0xB8, 0x37, 0x47, 0x6B, 0x0C, 0x4E, 0x1A, 0x05, 0xCE, 0x05, 0x25, 0xD6, 0xA5, 0xF5,
    0x0E, 0x35, 0x61, 0xE0, 0xEF, 0x10, 0xDF, 0x84, 0xEF, 0x11, 0xC1, 0xBB, 0xB9, 0x89, 0xDD, 0xD8,
    0x87, 0x56, 0xCA, 0x3D, 0x42, 0xD5, 0xB8, 0x0D, 0xAA, 0x3A, 0xE6, 0x21, 0xEE, 0x86, 0x77, 0x99,
    0x89, 0x26, 0xF5, 0x8B, 0xAE, 0x5D, 0x04, 0x34, 0xE6, 0x87, 0x7A, 0xD1, 0x68, 0xBD, 0x39, 0xB5,
    0x43, 0xDD, 0xAC, 0x52, 0x6B, 0x9C, 0xA0, 0x1C, 0x71, 0x33, 0x61, 0x28, 0x6E, 0x8F, 0xB6, 0xC8,
    0x5C, 0x42, 0xF6, 0x8A, 0xAE, 0x78, 0x49, 0x27, 0xE2, 0x41, 0x8A, 0xD8, 0x2C, 0xD9, 0x8C, 0x89,
    0xCB, 0x17, 0x68, 0xBD, 0x3B, 0xAA, 0x32, 0x79, 0xF8, 0xBA, 0x2B, 0xD5, 0xBA, 0x97, 0xC9, 0xD3,
    0x87, 0x68, 0xDD, 0x79, 0x5A, 0xF7, 0xF1, 0x9C, 0x9C, 0x2D, 0xC9, 0xDB, 0x6C, 0x77, 0xC1, 0x11,
    0x2A, 0x1F, 0xA6, 0xA6, 0xB7, 0xD6, 0x73, 0xA3, 0xFD, 0xE5, 0x38, 0xB8, 0xE7, 0xFD, 0xEE, 0xCA,
    0x87, 0x0F, 0x91, 0xFD, 0xCD, 0x8A, 0x35, 0xD7, 0x9D, 0x88, 0xF6, 0x22, 0xFB, 0xA3, 0x6D, 0xDF,
    0x9F, 0xF0, 0x88, 0xD2, 0x04, 0x32, 0x12, 0xD4, 0x26, 0xAE, 0x50, 0x20, 0xBB, 0x18, 0xB4, 0xC8,
    0x57, 0x8B, 0x9B, 0x9F, 0xA0, 0x66, 0x4F, 0x2D, 0x6B, 0x87, 0x4B, 0xDA, 0xA3, 0x6D, 0x53, 0xAC,
    0x29, 0x2C, 0x24, 0x14, 0x33, 0x08, 0x99, 0x4E, 0x9B, 0x36, 0x4C, 0x7D, 0x34, 0x90, 0xFB, 0x54,
    0x93, 0x6E, 0x9A, 0x17, 0xE5, 0x50, 0xF9, 0x54, 0x5B, 0x1E, 0x95, 0x1E, 0x71, 0x1B, 0x44, 0x74,
    0xB2, 0x48, 0xE8, 0x68, 0x91, 0xD0, 0xD9, 0x22, 0x59, 0x79, 0x00, 0xED, 0x0F, 0x6B, 0xC0, 0xBA,
    0x34, 0xDD, 0x16, 0xA5, 0x49, 0x2C, 0x85, 0x59, 0x8A, 0xD1, 0xFB, 0x1B, 0xC8, 0x36, 0x13, 0x7C,
    0x40, 0x0E, 0xBD, 0xA7, 0x13, 0xEB, 0x17, 0x3A, 0xB6, 0xD7, 0x55, 0x6A, 0xAF, 0xCB, 0x4C, 0xBC,
    0x82, 0x82, 0x36, 0x46, 0x0D, 0xD5, 0xD2, 0x2E, 0x99, 0x6D, 0xD2, 0xD4, 0xD8, 0xA4, 0xC9, 0x84,
    0x03, 0xA4, 0xCA, 0x82, 0xDB, 0x2E, 0xFD, 0x41, 0xC3, 0xCB, 0x10, 0x76, 0x11, 0xB5, 0x24, 0xF3,
    0x10, 0xE4, 0x3D, 0x5B, 0x3F, 0x37, 0x92, 0x37, 0xD1, 0xAF, 0x82, 0xE8, 0x8C, 0x47, 0xC4, 0xC1,
    0x33, 0xF4, 0xAB, 0xC4, 0x59, 0xCD, 0xAC, 0x77, 0xC5, 0x50, 0x81, 0x30, 0x5E, 0x9A, 0x5E, 0xD3,
    0xD3, 0x7F, 0x54, 0xFE, 0x83, 0x08, 0x7C, 0xDC, 0x31, 0x89, 0x8B, 0x2F, 0xC9, 0x6F, 0xAD, 0xE3,
    0xFB, 0x5F, 0xC5, 0xE5, 0xEF, 0x60, 0x79, 0x0D, 0x83, 0xB4, 0x6A, 0x4B, 0x85, 0xF3, 0x70, 0x4E,
    0xF4, 0x68, 0xCA, 0xDA, 0x3D, 0x7B, 0x98, 0x5E, 0x3D, 0xC2, 0xBD, 0x8F, 0x32, 0xDB, 0xA6, 0x21,
    0x48, 0xA7, 0x8A, 0xB7, 0x90, 0xFB, 0x15, 0x33, 0xAE, 0xC8, 0xB1, 0xC3, 0xB4, 0xBB, 0xDB, 0x47,
    0xEB, 0x4F, 0xF5, 0x19, 0xA4, 0x06, 0x25, 0x3E, 0x52, 0xF8, 0x2F, 0x63, 0x61, 0xAF, 0x66, 0x46,
    0x93, 0x98, 0xC1, 0x27, 0xE4, 0x5D, 0x57, 0x3B, 0x4B, 0x9D, 0xD5, 0x25, 0xBD, 0xAA, 0x99, 0x98,
    0x84, 0x38, 0x7E, 0xE0, 0x09, 0x15, 0x3E, 0x55, 0x98, 0x4D, 0xC9, 0x11, 0x38, 0x4A, 0xD3, 0x68,
    0x9A, 0x24, 0x96, 0x60, 0xC9, 0xBB, 0xD0, 0xA1, 0x6B, 0x09, 0xAB, 0x15, 0x75, 0xD3, 0x96, 0xB2,
    0x89, 0xFF, 0x9E, 0xBE, 0xE1, 0xBF, 0xA3, 0x74, 0xD9, 0x12, 0x8D, 0xF9, 0xD5, 0xBB, 0xD5, 0x7D,
    0x7A, 0x49, 0xBF, 0xC1, 0xD5, 0x7A, 0x3F, 0x1E, 0x5B, 0xC7, 0x63, 0xBF, 0xC2, 0x13, 0x5F, 0xC7,
    0xE3, 0x3F, 0x30, 0x07, 0x2F, 0xFE, 0x1C, 0x9D, 0x3E, 0xBA, 0x20, 0x3A, 0x62, 0x95, 0x06, 0x1F,
    0xB9, 0x31, 0x4F, 0xFB, 0x49, 0x52, 0x66, 0x2F, 0xD1, 0x20, 0x29, 0x53, 0xFD, 0x1E, 0x2F, 0x9C,
    0x5E, 0x18, 0x94, 0xE3, 0xE7, 0x71, 0x92, 0x2C, 0xA0, 0x31, 0x33, 0x4D, 0xB9, 0xBF, 0xAA, 0xD9,
    0x09, 0x3A, 0x6B, 0x29, 0x5B, 0x35, 0x6B, 0x56, 0xD1, 0x56, 0x29, 0xE1, 0x3C, 0x21, 0x77, 0x8D,
    0x6E, 0x72, 0x74, 0xC1, 0xF4, 0x94, 0xCF, 0xD1, 0xF7, 0x3B, 0x41, 0xC7, 0x3F, 0xDA, 0xCA, 0x51,
    0xCC, 0xC9, 0x06, 0xA5, 0x75, 0x4E, 0x1D, 0x91, 0x53, 0xE6, 0xAD, 0xD0, 0x7E, 0x31, 0x4F, 0x07,
    0xD7, 0x34, 0x6F, 0xCB, 0x3B, 0xB0, 0x40, 0xF3, 0x7C, 0xEE, 0xC4, 0xEA, 0x29, 0xD2, 0x4E, 0x0C,
    0x84, 0x0F, 0xB4, 0x83, 0x85, 0x49, 0x4C, 0xD3, 0x9C, 0x6F, 0x3C, 0x29, 0xAF, 0x29, 0xE2, 0x28,
    0x93, 0x98, 0x8D, 0x57, 0x99, 0x33, 0x58, 0x6A, 0x2F, 0x77, 0x1E, 0xCE, 0x50, 0x37, 0x99, 0x41,
    0x63, 0x61, 0x26, 0xC5, 0x44, 0xD2, 0x89, 0x29, 0xCE, 0xD3, 0x58, 0xA1, 0x37, 0xA7, 0xCC, 0x19,
    0x80, 0x47, 0xED, 0x2C, 0x4D, 0xED, 0x19, 0x9C, 0x92, 0xC7, 0x21, 0xE5, 0xEB, 0xFA, 0x14, 0x1A,
    0x25, 0x75, 0x89, 0x6F, 0xE3, 0x55, 0xF2, 0x72, 0xFE, 0xEA, 0xD5, 0xF9, 0x23, 0x13, 0xED, 0xBF,
    0xCD, 0x5D, 0x25, 0xB3, 0xD1, 0x74, 0x3A, 0xA7, 0x26, 0x48, 0xD8, 0x6D, 0x38, 0x86, 0x3F, 0x9E,
    0x20, 0xEE, 0x75, 0xCE, 0x98, 0x59, 0xD2, 0x77, 0xCB, 0xB3, 0x34, 0x19, 0x12, 0x3C, 0x8E, 0x3F,
    0x90, 0x73, 0x93, 0x33, 0xF3, 0x73, 0x9D, 0xCE, 0xD2, 0x2A, 0xE5, 0xC6, 0x93, 0x21, 0x0F, 0x2C,
    0x7D, 0x9A, 0xBC, 0x9A, 0x68, 0x4C, 0x2F, 0x1D, 0xD5, 0x02, 0x9E, 0xEA, 0x70, 0x7E, 0x65, 0x2C,
    0x39, 0x6F, 0x21, 0x79, 0x34, 0x4D, 0x1E, 0x00, 0x4F, 0xAA, 0x4B, 0xDA, 0x3A, 0xE4, 0x82, 0xE2,
    0xDF, 0xC3, 0x5B, 0x3C, 0xE7, 0xEB, 0x0B, 0xFA, 0xD2, 0xA1, 0xCF, 0xAB, 0x6B, 0x77, 0xA5, 0x3A,
    0x4C, 0xFB, 0x90, 0x52, 0x36, 0xBE, 0x86, 0xE4, 0x25, 0xFF, 0xFD, 0xA1, 0x7C, 0x5D, 0xAD, 0x56,
    0x78, 0x42, 0xC7, 0x24, 0xE0, 0xC4, 0x35, 0xBE, 0x8F, 0x3F, 0xCC, 0x7D, 0x64, 0x3F, 0x10, 0xE6,
    0x96, 0xE2, 0xBC, 0x25, 0xCD, 0x99, 0x43, 0x89, 0xDC, 0x4F, 0x17, 0x3A, 0x86, 0x5A, 0xEB, 0xAF,
    0x10, 0xF1, 0xAB, 0x28, 0x46, 0x13, 0x76, 0x7E, 0x52, 0x31, 0x14, 0xCE, 0x53, 0x58, 0x3F, 0xCF,
    0x3B, 0x4D, 0x93, 0x49, 0x80, 0xB8, 0x7F, 0x3E, 0x49, 0x89, 0x74, 0xBB, 0x61, 0x36, 0xA7, 0x8E,
    0x35, 0x86, 0xD9, 0x8B, 0x6A, 0xA2, 0x59, 0x35, 0xB7, 0xAC, 0xC4, 0x13, 0xBF, 0xD5, 0x5A, 0x3D,
    0x89, 0x47, 0x0C, 0xDA, 0x6D, 0x0E, 0xB2, 0xB9, 0x38, 0x77, 0xB6, 0xE4, 0xCB, 0x9C, 0xF7, 0x96,
    0x04, 0x9E, 0x7D, 0x0D, 0xA7, 0xAE, 0x99, 0x2C, 0x00, 0xCF, 0x5E, 0xAB, 0xBF, 0x13, 0x59, 0xA7,
    0xCC, 0x53, 0xFD, 0x37, 0x69, 0x8A, 0x19, 0x40, 0xFC, 0x17, 0x6D, 0x52, 0xCF, 0x6B, 0x13, 0x41,
    0x14, 0xFE, 0x36, 0xD9, 0xFC, 0x68, 0xBB, 0x8D, 0x4B, 0x4D, 0x20, 0xD6, 0x24, 0xDD, 0xD6, 0xA4,
    0xA4, 0xDB, 0xB4, 0xD9, 0x96, 0x2D, 0x06, 0x9B, 0x66, 0xE7, 0x50, 0xF0, 0x60, 0x0F, 0x2B, 0x26,
    0x08, 0x82, 0x10, 0xEA, 0xA5, 0x06, 0x0F, 0x8B, 0x46, 0x5A, 0xB4, 0xD2, 0xB9, 0x08, 0x1E, 0xF7,
    0x58, 0xD0, 0x43, 0xC4, 0x1E, 0xDA, 0xD5, 0x43, 0x90, 0x1C, 0x82, 0x82, 0x9D, 0x3F, 0x21, 0xE0,
    0x3F, 0x50, 0xC4, 0x83, 0x07, 0x0F, 0x3D, 0xF4, 0x50, 0x24, 0xB6, 0xBE, 0xAD, 0xC4, 0x93, 0x97,
    0x99, 0x37, 0x6F, 0xBE, 0xF7, 0xCD, 0x37, 0xEF, 0x7B, 0x70, 0xF2, 0x51, 0xA4, 0x4B, 0x36, 0x10,
    0xE1, 0x69, 0xA1, 0xD5, 0x43, 0x72, 0xF1, 0xA7, 0xD6, 0x1A, 0x77, 0x75, 0x37, 0x51, 0xDD, 0xE9,
    0x33, 0xFE, 0x99, 0xCF, 0x40, 0x6D, 0xAA, 0xC0, 0x37, 0x01, 0x74, 0x95, 0x2D, 0x37, 0x83, 0x45,
    0xB6, 0xC8, 0xAE, 0x80, 0x0A, 0x0A, 0x8A, 0xA3, 0x71, 0xE0, 0xAD, 0x58, 0x46, 0x12, 0x79, 0xD3,
    0x70, 0xEC, 0x45, 0xFE, 0x84, 0xBF, 0x63, 0xC0, 0x52, 0x2F, 0xD5, 0x8E, 0x6A, 0x40, 0x0C, 0xAB,
    0xFC, 0x13, 0xD7, 0x11, 0x66, 0xF3, 0x47, 0x9A, 0x86, 0xE1, 0x54, 0xB9, 0x49, 0xC9, 0x54, 0xC9,
    0x01, 0xDA, 0x8E, 0x63, 0x0C, 0xE2, 0x92, 0x12, 0x02, 0x2E, 0xA1, 0x00, 0x0D, 0xA1, 0xFB, 0x8F,
    0xA2, 0x71, 0xCC, 0xE0, 0x06, 0xC5, 0x56, 0x0F, 0x3D, 0x08, 0x49, 0x48, 0x6C, 0x24, 0xB6, 0x65,
    0xC3, 0x71, 0xEB, 0xF4, 0xEA, 0x10, 0x32, 0xD0, 0x69, 0xB7, 0xB8, 0x82, 0x28, 0x42, 0x74, 0x9A,
    0x67, 0x0A, 0x74, 0x96, 0x40, 0x00, 0x41, 0x44, 0xE8, 0xBC, 0x4D, 0xB7, 0x9A, 0xE3, 0x74, 0xCA,
    0x30, 0x4D, 0x95, 0x7D, 0x24, 0xDD, 0x03, 0xCD, 0x79, 0xC3, 0x4E, 0x16, 0x46, 0xBB, 0x48, 0x1A,
    0xCD, 0x7C, 0x8A, 0x04, 0x93, 0x42, 0xAB, 0x5F, 0x4F, 0xDA, 0xF1, 0xF5, 0xB5, 0xCA, 0x09, 0x55,
    0xC1, 0xE9, 0x59, 0x6C, 0x88, 0xF6, 0xA0, 0x88, 0x1D, 0x65, 0x35, 0x9B, 0x3D, 0x13, 0xE3, 0x18,
    0xC6, 0x73, 0xC1, 0xB8, 0x2C, 0x5B, 0x1D, 0xDB, 0x6D, 0x30, 0x8F, 0xD7, 0xAA, 0xDE, 0xFE, 0xB0,
    0x87, 0x71, 0x0F, 0x89, 0x1A, 0xAC, 0x33, 0x50, 0xC7, 0x7E, 0x68, 0xAD, 0x44, 0xD5, 0xEA, 0x27,
    0x6A, 0xB5, 0xC3, 0xF3, 0xDF, 0x60, 0x11, 0x31, 0x47, 0xEA, 0x41, 0xE2, 0x25, 0x81, 0x20, 0x23,
    0x06, 0x28, 0xF4, 0x49, 0xA2, 0xFF, 0x7F, 0x0E, 0x8A, 0x92, 0xA7, 0xD5, 0x48, 0x3D, 0xDD, 0x68,
    0xEC, 0xE9, 0x7B, 0x4B, 0x1B, 0xF5, 0xEC, 0xCE, 0x71, 0xB1, 0xBB, 0xBE, 0xE6, 0x4B, 0x9A, 0x65,
    0x19, 0x2C, 0xD3, 0x1E, 0x26, 0xBC, 0x82, 0x51, 0x6A, 0x12, 0xE8, 0x6D, 0xFD, 0x80, 0xEC, 0xF9,
    0x8D, 0x76, 0x29, 0xFA, 0xAF, 0x71, 0x17, 0x32, 0xB0, 0x9D, 0x22, 0xAF, 0x2E, 0xF7, 0x36, 0x4B,
    0x21, 0xD8, 0xAD, 0x0E, 0x8A, 0xE7, 0x30, 0x82, 0x30, 0xC2, 0xD0, 0x0F, 0xF4, 0xFD, 0x44, 0xF5,
    0xB0, 0xBF, 0x20, 0x1E, 0xF3, 0x07, 0xEC, 0xCB, 0xA8, 0xE2, 0x53, 0xAE, 0x5A, 0x9D, 0x7B, 0x2E,
    0x20, 0xF1, 0x00, 0xCF, 0x24, 0xAF, 0x1F, 0x4B, 0x2C, 0x42, 0xD9, 0x90, 0x3C, 0x7B, 0xAA, 0xAA,
    0x96, 0x73, 0x9B, 0x6E, 0xD2, 0xED, 0xCA, 0xB1, 0xCC, 0x50, 0x36, 0x0D, 0x5F, 0x0A, 0x56, 0x26,
    0x6E, 0x0A, 0x8A, 0x84, 0x9A, 0xE3, 0x0C, 0x5C, 0xC3, 0x18, 0xA2, 0x6C, 0x01, 0xB2, 0x58, 0xA0,
    0x5C, 0x80, 0xDC, 0xF0, 0x73, 0x5A, 0x8E, 0x73, 0x1F, 0x53, 0x99, 0xB8, 0x25, 0x58, 0xA7, 0xDC,
    0x83, 0x23, 0x5A, 0x90, 0xC9, 0x2E, 0x57, 0xA4, 0x7D, 0xC8, 0x8B, 0x72, 0x1C, 0x85, 0x66, 0x9A,
    0xFE, 0x1E, 0x33, 0x89, 0xF2, 0xFB, 0xD1, 0x4A, 0xFB, 0x6B, 0x96, 0x82, 0x94, 0x62, 0xFA, 0x83,
    0x26, 0x93, 0x59, 0x45, 0x5C, 0xA5, 0x44, 0xDC, 0xDE, 0x7C, 0x73, 0x67, 0xAD, 0x72, 0x4A, 0xA1,
    0xFB, 0x21, 0xCA, 0x20, 0xA1, 0x85, 0x34, 0x2A, 0xB5, 0x13, 0x84, 0xCF, 0x68, 0xC4, 0xE8, 0xEC,
    0x60, 0x04, 0xF3, 0xB5, 0x2E, 0x02, 0xE7, 0x2E, 0x1A, 0x1E, 0xF3, 0x3C, 0xA6, 0x7B, 0xAC, 0xE1,
    0xF1, 0x90, 0x0D, 0x56, 0x39, 0x7C, 0xCD, 0x6C, 0x69, 0x9F, 0x7A, 0xC5, 0x10, 0xF9, 0xD5, 0xC7,
    0x1C, 0x61, 0x35, 0x04, 0xFC, 0x42, 0xF2, 0xED, 0x2E, 0xD7, 0xBD, 0xF7, 0xC2, 0xE7, 0x00, 0xA6,
    0xF9, 0x24, 0xBB, 0x86, 0x04, 0xF0, 0x70, 0x97, 0x67, 0x65, 0xC4, 0x35, 0x8D, 0x3A, 0x38, 0xCD,
    0x26, 0xD9, 0x14, 0xE2, 0xFE, 0x24, 0x0D, 0xAE, 0xB3, 0x9C, 0xC7, 0x41, 0xDF, 0x1E, 0xE0, 0x09,
    0x8A, 0xDC, 0x05, 0xEC, 0x82, 0x65, 0x77, 0x4A, 0x1E, 0x53, 0x25, 0x15, 0x26, 0x8D, 0x0D, 0xE2,
    0xA6, 0xCF, 0xF2, 0xF2, 0x55, 0x5D, 0xFD, 0x6B, 0x5C, 0x8E, 0x30, 0x7F, 0x00, 0xAD, 0x5A, 0x5D,
    0x8C, 0xDC, 0xD6, 0x75, 0xFE, 0x48, 0xAE, 0x4C, 0x47, 0xF4, 0x90, 0x1B, 0x40, 0x05, 0x5C, 0x8B,
    0xB3, 0xE3, 0x02, 0x2A, 0xA0, 0x06, 0xDC, 0x1D, 0xB5, 0xA0, 0x6D, 0x6E, 0x32, 0xAB, 0xB9, 0xB2,
    0x82, 0xE8, 0xC1, 0x6D, 0xB0, 0x40, 0x6D, 0x07, 0xA8, 0xD3, 0xC8, 0x05, 0x02, 0x34, 0x6E, 0xFD,
    0x43, 0xDB, 0x93, 0x44, 0x4D, 0x64, 0x2F, 0x15, 0x3D, 0xE4, 0xA1, 0xB0, 0xA1, 0x87, 0xF4, 0x2D,
    0x46, 0xB6, 0xAD, 0x8B, 0x06, 0x09, 0x02, 0x33, 0xB6, 0x12, 0xA8, 0x8E, 0xE2, 0xBD, 0xF5, 0x3E,
    0xF8, 0x21, 0x48, 0x4A, 0xDB, 0x48, 0x8D, 0xD6, 0x8E, 0x41, 0xCB, 0x4A, 0x13, 0xA4, 0x6E, 0x3B,
    0x41, 0xA6, 0xE8, 0xC6, 0x5E, 0x69, 0xFA, 0x9D, 0x4B, 0xCE, 0xCF, 0xEA, 0x77, 0x95, 0x64, 0x3C,
    0x23, 0x4B, 0xE4, 0xE5, 0xB9, 0xF7, 0x9E, 0x9F, 0xEF, 0x7C, 0xE7, 0x5C, 0x02, 0x40, 0x02, 0xDC,
    0x00, 0xEC, 0xE0, 0xDF, 0xE0, 0x0C, 0xB5, 0xA3, 0xE0, 0x02, 0x1E, 0xE0, 0x03, 0xC1, 0x10, 0xCD,
    0x3B, 0x11, 0x02, 0x91, 0x19, 0xB5, 0x78, 0x27, 0x56, 0x36, 0x65, 0x18, 0x1E, 0xD1, 0x78, 0xBF,
    0xDA, 0xFE, 0xF8, 0xEE, 0x30, 0x73, 0x34, 0x9C, 0x0C, 0x32, 0xF8, 0x4E, 0x78, 0x43, 0x15, 0xD8,
    0xDA, 0xB7, 0x8A, 0x06, 0x8A, 0xD0, 0xD6, 0x91, 0x9B, 0x25, 0x2F, 0xA0, 0xFE, 0x70, 0x1C, 0x65,
    0x5D, 0x7F, 0x89, 0xC5, 0x34, 0x80, 0x26, 0x26, 0xC2, 0x63, 0x20, 0x85, 0x2C, 0xDB, 0x1E, 0x16,
    0x5E, 0xA6, 0xE6, 0xCD, 0x45, 0x5E, 0x59, 0xDB, 0xC4, 0xFF, 0xDE, 0x89, 0x12, 0xE8, 0x03, 0x39,
    0xB0, 0x34, 0x03, 0xEF, 0x9C, 0x91, 0xBC, 0x8B, 0x02, 0xB3, 0xE0, 0x80, 0xC8, 0xE1, 0x37, 0xA0,
    0x7C, 0x0E, 0x3A, 0x65, 0x84, 0x1A, 0xE9, 0xCB, 0x47, 0xB1, 0x56, 0xD6, 0x8B, 0xC8, 0x1C, 0xE5,
    0x72, 0x5A, 0x9F, 0x97, 0x9B, 0x9C, 0x32, 0xA2, 0xEC, 0x98, 0xC2, 0x2D, 0xB8, 0xA9, 0x75, 0xF3,
    0xE5, 0xEF, 0x03, 0xE6, 0x52, 0x38, 0x75, 0x29, 0xE7, 0x3A, 0x4A, 0x14, 0x96, 0x76, 0xB3, 0xB5,
    0xD1, 0x1E, 0xD1, 0x1A, 0x8A, 0xDA, 0xB9, 0x04, 0xC4, 0x9C, 0x1A, 0x29, 0xD7, 0x83, 0x7C, 0x8E,
    0x0A, 0x2D, 0xDB, 0xD4, 0x57, 0xD1, 0x99, 0x83, 0xA5, 0x13, 0x0F, 0xB6, 0x8E, 0x03, 0xAA, 0x2C,
    0xF5, 0xD1, 0xC2, 0xB7, 0x8E, 0xE2, 0xBB, 0x18, 0x96, 0x63, 0x11, 0x5C, 0x43, 0xC4, 0x7B, 0x09,
    0xF5, 0x13, 0x73, 0x25, 0x3D, 0x6E, 0xE8, 0x24, 0xF5, 0x3F, 0x2C, 0x9B, 0x28, 0x4F, 0x86, 0x28,
    0x92, 0x88, 0x22, 0x12, 0x5B, 0xF7, 0x62, 0xFB, 0x5F, 0xFB, 0x29, 0x77, 0x7E, 0x29, 0x33, 0x64,
    0x62, 0x06, 0x14, 0x0D, 0x4B, 0x8B, 0x19, 0x6C, 0x9D, 0x38, 0x99, 0x91, 0x5D, 0xC2, 0xCE, 0x60,
    0x57, 0xB3, 0xF4, 0x1C, 0x55, 0xBA, 0x4E, 0xE6, 0x05, 0xF0, 0x3B, 0x08, 0xFA, 0x68, 0xE6, 0x08,
    0x13, 0x44, 0xDC, 0x5F, 0x03, 0xB1, 0x87, 0xD4, 0x15, 0x3F, 0x10, 0x13, 0x51, 0x28, 0x32, 0xF3,
    0xC8, 0x9C, 0xA3, 0x96, 0x5C, 0xBC, 0xE3, 0xD9, 0x5F, 0xF6, 0xBD, 0xA8, 0x11, 0x26, 0xCD, 0x38,
    0x0E, 0xCB, 0x74, 0x41, 0xE7, 0x5D, 0x94, 0x4B, 0x28, 0x8F, 0xA0, 0xC0, 0x89, 0x13, 0xF8, 0xB6,
    0xC6, 0x07, 0xE4, 0xD1, 0x06, 0x12, 0x1F, 0xB9, 0x67, 0x15, 0x9C, 0xC5, 0x39, 0x04, 0xE7, 0x49,
    0xD8, 0x6F, 0x00, 0x03, 0x31, 0xA0, 0xAD, 0x71, 0x8F, 0xC2, 0xB9, 0xC9, 0x96, 0x43, 0x47, 0x45,
    0x2E, 0x22, 0x4F, 0x1E, 0x89, 0x1B, 0x48, 0x9B, 0xC8, 0x43, 0x94, 0x11, 0xB7, 0x8B, 0x62, 0xF1,
    0x6E, 0xBD, 0x32, 0xD4, 0x94, 0x6D, 0x69, 0x58, 0xD5, 0x3E, 0x3C, 0x85, 0x96, 0xC2, 0x87, 0x32,
    0x3C, 0x92, 0xE1, 0x8C, 0xB6, 0x5E, 0xD4, 0xCE, 0x17, 0xB4, 0x37, 0x14, 0xCF, 0xE3, 0x23, 0x31,
    0xCA, 0x5C, 0xFC, 0x84, 0x6E, 0x51, 0x8C, 0xFD, 0x2C, 0x58, 0x46, 0x70, 0x0E, 0x4D, 0x4F, 0xC9,
    0x4C, 0x54, 0xAF, 0x87, 0xC5, 0x07, 0xB1, 0x32, 0xA8, 0xDC, 0x31, 0x73, 0x3E, 0x52, 0xB8, 0x28,
    0x3D, 0x94, 0xBE, 0xAD, 0x83, 0xF3, 0x68, 0xDE, 0x83, 0xD0, 0xA9, 0xF5, 0xB6, 0x78, 0x18, 0x2B,
    0x1B, 0xDB, 0xF6, 0xDA, 0x6A, 0x60, 0x01, 0xEE, 0x1A, 0x3E, 0xD7, 0xDB, 0xE0, 0x4E, 0x43, 0x2A,
    0x9F, 0x53, 0x22, 0xE1, 0xB3, 0x29, 0x1F, 0xEE, 0x7B, 0xDC, 0x89, 0x0F, 0xF7, 0x87, 0x9F, 0x50,
    0xDD, 0xE1, 0x30, 0x8B, 0xB9, 0x7D, 0xFE, 0xD4, 0xBD, 0xB8, 0xEE, 0x5A, 0x22, 0x95, 0x32, 0xE8,
    0x3F, 0x28, 0x72, 0x5E, 0xCD, 0x73, 0xC6, 0x44, 0x7C, 0x46, 0x73, 0xD4, 0xEB, 0xE2, 0x85, 0xA2,
    0xD8, 0x0F, 0xFE, 0x88, 0x7F, 0xBC, 0xFD, 0x24, 0x05, 0xAE, 0x1F, 0xA2, 0x30, 0xE7, 0x20, 0x17,
    0xE1, 0x72, 0x35, 0x3D, 0x8F, 0x9A, 0xAC, 0x62, 0xC6, 0xB2, 0x0B, 0x71, 0x09, 0xFE, 0xDB, 0xD1,
    0xF6, 0x39, 0x58, 0x87, 0x61, 0x7C, 0x48, 0xBE, 0x7B, 0x5A, 0xE8, 0x6E, 0x8C, 0xAD, 0xB3, 0x0D,
    0xBB, 0xEF, 0xDA, 0x23, 0x0E, 0x74, 0xDD, 0xB6, 0xFD, 0x64, 0xFB, 0x1E, 0xC8, 0xA0, 0xA2, 0xEE,
    0xA8, 0x0D, 0x5E, 0x82, 0x6C, 0x39, 0xE7, 0xAF, 0xA4, 0xFA, 0x8B, 0x90, 0x3A, 0x88, 0xE8, 0x4B,
    0x09, 0xB5, 0x17, 0x33, 0x94, 0x52, 0x46, 0x52, 0x3E, 0x89, 0xA3, 0xC2, 0xEA, 0x3B, 0x85, 0xD3,
    0x77, 0x57, 0x3D, 0xFE, 0xD7, 0x28, 0xFD, 0x34, 0x2A, 0x1A, 0xE9, 0xEF, 0xEB, 0x70, 0xDF, 0xDF,
    0xF1, 0xB7, 0x9E, 0xED, 0xBD, 0xED, 0xB8, 0x4A, 0x3E, 0xC4, 0x27, 0xE7, 0x5D, 0xA4, 0xF4, 0x3C,
    0xB3, 0xA4, 0x86, 0xA3, 0x42, 0xE3, 0x87, 0x91, 0xCF, 0x38, 0x1E, 0x0E, 0x9A, 0x77, 0xD1, 0x0F,
    0xF3, 0x08, 0x65, 0x82, 0x32, 0x46, 0x91, 0xD2, 0xA4, 0xBB, 0x08, 0x4C, 0x84, 0x1B, 0x3A, 0x27,
    0x55, 0xDF, 0x4B, 0x11, 0xE7, 0xE8, 0xF5, 0x91, 0x96, 0xA0, 0x11, 0x8A, 0xDC, 0xD1, 0x4B, 0x2D,
    0x15, 0x6C, 0x8E, 0x5D, 0xE1, 0xDC, 0xA5, 0x1C, 0xBB, 0x12, 0x58, 0xC4, 0x34, 0x21, 0x2D, 0x22,
    0xC3, 0x94, 0x73, 0x48, 0xBB, 0x56, 0x41, 0xDB, 0xD0, 0x6B, 0x1A, 0x6E, 0xD6, 0xA2, 0x13, 0xAA,
    0xAB, 0x00, 0x62, 0x6E, 0xA0, 0xF0, 0x12, 0x80, 0x28, 0x80, 0xA0, 0xAD, 0x12, 0x96, 0x09, 0x19,
    0x7B, 0x8C, 0x0C, 0x55, 0x20, 0x8C, 0xBC, 0xF7, 0x5A, 0x22, 0x94, 0x86, 0x90, 0x85, 0x3E, 0x74,
    0x16, 0xCE, 0x7F, 0x3E, 0x83, 0x80, 0xCE, 0x14, 0xD2, 0x97, 0x22, 0x8F, 0xBA, 0xF7, 0x9D, 0xAC,
    0xD3, 0x70, 0x55, 0x33, 0x6C, 0x11, 0x77, 0xE8, 0x32, 0x8F, 0x2B, 0xB3, 0xBE, 0xB1, 0xEF, 0x74,
    0x2C, 0x9D, 0xE3, 0xE5, 0x02, 0x7F, 0xAF, 0xF0, 0x38, 0xD0, 0x01, 0x4E, 0xC3, 0xFA, 0x3E, 0x9C,
    0x3B, 0xE0, 0x53, 0x2D, 0x4E, 0x96, 0x57, 0x0A, 0xB8, 0x2C, 0x00, 0x94, 0x06, 0x00, 0x8A, 0x15,
    0x11, 0x5D, 0x29, 0xE2, 0x5E, 0x48, 0xD8, 0x19, 0x6C, 0x20, 0x12, 0x12, 0x4A, 0x39, 0x87, 0xA3,
    0xE8, 0x24, 0xD6, 0x3D, 0x53, 0xB1, 0x19, 0x8E, 0xE6, 0x8F, 0x5D, 0x41, 0x5A, 0x8F, 0xBB, 0xA7,
    0xDF, 0x78, 0xE2, 0x38, 0x02, 0x8C, 0x68, 0x58, 0x74, 0x9F, 0x50, 0xFC, 0x27, 0x14, 0x07, 0x8A,
    0x24, 0x06, 0x13, 0x0E, 0xC4, 0xE2, 0x3D, 0x7F, 0x93, 0x63, 0x65, 0x38, 0xEC, 0x5F, 0x4D, 0x80,
    0xF8, 0x5F, 0xF3, 0xD2, 0x02, 0x4E, 0x8A, 0x00, 0xA3, 0xBB, 0x1B, 0x80, 0x7A, 0x2D, 0x37, 0x1A,
    0xBB, 0x68, 0x4C, 0x80, 0xFA, 0x04, 0x15, 0x06, 0xCF, 0xCD, 0x88, 0x39, 0x84, 0x09, 0xA2, 0xC4,
    0xFC, 0xE1, 0x51, 0xD0, 0x71, 0x04, 0xA1, 0x8B, 0xB9, 0x85, 0x6A, 0x97, 0x74, 0x11, 0x2C, 0x3B,
    0x59, 0x40, 0x57, 0x6A, 0x7A, 0x2E, 0x42, 0xF7, 0x0E, 0x46, 0xF2, 0x47, 0x19, 0x12, 0x3E, 0x16,
    0x1F, 0x68, 0x60, 0xE5, 0x6C, 0x58, 0x3F, 0x72, 0x11, 0xD8, 0x61, 0x02, 0x76, 0x0F, 0x18, 0xB0,
    0x5B, 0x16, 0x3C, 0x99, 0x71, 0xB5, 0xB8, 0x86, 0x04, 0x61, 0x49, 0xAC, 0xB2, 0xEE, 0x2E, 0x6A,
    0x1F, 0xF1, 0xB0, 0xFC, 0xD8, 0x38, 0x55, 0xEE, 0xE0, 0x95, 0x95, 0xBE, 0x73, 0x7B, 0x79, 0xD4,
    0xA5, 0x75, 0x19, 0xA3, 0x0D, 0xDF, 0x87, 0x4F, 0xCF, 0x6E, 0x34, 0xEF, 0x47, 0x33, 0x8C, 0x18,
    0xA7, 0x21, 0x92, 0x84, 0x76, 0x8A, 0xBD, 0x8F, 0x14, 0xA9, 0x3D, 0x54, 0x23, 0x9B, 0xAF, 0x6C,
    0x58, 0x67, 0x13, 0x47, 0xEC, 0x92, 0x3A, 0x3A, 0xB7, 0x7E, 0x5C, 0x62, 0xAD, 0xC0, 0x5B, 0x85,
    0xF3, 0xCF, 0x9A, 0xFE, 0xD2, 0x74, 0xB2, 0x23, 0x8E, 0x61, 0x18, 0x9B, 0x3A, 0xF0, 0x34, 0xD5,
    0x46, 0xA5, 0xC5, 0xAE, 0x28, 0xB8, 0x17, 0x20, 0x79, 0x1C, 0xAD, 0xEF, 0x1B, 0x21, 0x37, 0x15,
    0x38, 0xAF, 0x2A, 0xCE, 0xD0, 0xB8, 0x0F, 0x73, 0xCF, 0xA8, 0x79, 0x31, 0x73, 0x16, 0xCB, 0x57,
    0x11, 0x09, 0xA2, 0x26, 0x82, 0xC1, 0xC8, 0xC9, 0xCE, 0x23, 0xE0, 0x15, 0x17, 0xC9, 0x9C, 0x28,
    0xB0, 0xD7, 0x94, 0xEC, 0xDB, 0xE1, 0x80, 0x1A, 0xC1, 0x82, 0x8D, 0x19, 0x49, 0xE6, 0xA7, 0x82,
    0x2C, 0x61, 0xA0, 0xF4, 0x66, 0xDB, 0x95, 0x6D, 0x1D, 0x42, 0x1E, 0x13, 0x89, 0x23, 0x21, 0x62,
    0xFD, 0x83, 0xF6, 0xBE, 0x42, 0x1B, 0xE8, 0x6A, 0xE1, 0xFB, 0x5C, 0xC5, 0x0C, 0xDD, 0x89, 0x04,
    0x95, 0xEA, 0xB1, 0x81, 0x17, 0x79, 0xC9, 0x03, 0x5D, 0xA2, 0x40, 0x8C, 0xCE, 0xAE, 0x91, 0x68,
    0x78, 0x45, 0xDA, 0x15, 0x00, 0xA6, 0xD6, 0x52, 0x01, 0xE0, 0xDE, 0xDB, 0x84, 0xC0, 0x15, 0x51,
    0xC6, 0xB3, 0x2F, 0xF1, 0xF6, 0x2B, 0xC7, 0x05, 0x80, 0x8F, 0x67, 0xE8, 0x3A, 0x07, 0x06, 0x63,
    0x96, 0x30, 0x60, 0x1C, 0x44, 0x56, 0x2F, 0x28, 0x98, 0xDE, 0x63, 0x95, 0x0F, 0x0B, 0x73, 0x59,
    0x22, 0xDF, 0xF8, 0x41, 0x24, 0x5F, 0xB1, 0x5A, 0x6C, 0x34, 0xD2, 0xAE, 0x34, 0x72, 0x2C, 0xC3,
    0x6B, 0x0A, 0xF7, 0x6D, 0x63, 0x24, 0x07, 0x10, 0xC9, 0x48, 0x58, 0x3A, 0x02, 0xA9, 0xED, 0x02,
    0x49, 0x1F, 0x71, 0x8A, 0x34, 0x41, 0x5A, 0x85, 0xC5, 0x1A, 0xA9, 0x4B, 0x6E, 0xE9, 0xD2, 0xD6,
    0x85, 0x73, 0x4C, 0x3B, 0x07, 0x34, 0x83, 0x79, 0xCE, 0xC9, 0x4E, 0x3B, 0x23, 0x1B, 0x06, 0xAA,
    0x85, 0x20, 0xEB, 0xC2, 0xD7, 0xCF, 0x23, 0xD4, 0x6F, 0x62, 0xEF, 0x8B, 0x4F, 0x20, 0x79, 0x2D,
    0x44, 0xFC, 0x8D, 0x08, 0xE9, 0x69, 0xCA, 0xE9, 0xC5, 0x93, 0x75, 0x34, 0x1C, 0xDD, 0xFC, 0x58,
    0xD6, 0x1E, 0x2A, 0x26, 0x38, 0x81, 0x6D, 0x42, 0x4A, 0x63, 0x64, 0x16, 0x57, 0x19, 0x0B, 0x4F,
    0xEC, 0xD6, 0x99, 0xB2, 0x5B, 0x63, 0x0D, 0xC1, 0xF1, 0xCC, 0x97, 0xE0, 0x37, 0xDB, 0xB8, 0xE0,
    0xF1, 0x87, 0x0A, 0xA7, 0xEC, 0xD3, 0x83, 0x5C, 0x95, 0x7B, 0xC8, 0x03, 0x94, 0x81, 0xA5, 0x5B,
    0x87, 0xB2, 0xF0, 0xFC, 0x25, 0x52, 0xEE, 0xF9, 0xA0, 0x26, 0x66, 0x3D, 0x31, 0xCF, 0xEC, 0x68,
    0x8A, 0xC6, 0x5A, 0xAB, 0x08, 0x8E, 0xAF, 0x96, 0x3E, 0xC5, 0x30, 0x16, 0x4A, 0xFA, 0x48, 0x91,
    0x78, 0x96, 0x8E, 0x19, 0x73, 0x29, 0x97, 0x9E, 0x37, 0x9C, 0x2A, 0x63, 0x25, 0x06, 0x89, 0x0A,
    0x32, 0x09, 0x6B, 0x5D, 0xE1, 0x7B, 0x00, 0xB3, 0xE7, 0x66, 0x8D, 0xAF, 0xC4, 0x50, 0x37, 0x13,
    0xF0, 0x92, 0xCF, 0x38, 0x31, 0xFB, 0x84, 0x63, 0x1D, 0xFC, 0x69, 0x3F, 0x8A, 0xE2, 0x24, 0x49,
    0xE2, 0x38, 0x49, 0xD3, 0x38, 0x4E, 0xF3, 0xF9, 0x6F, 0x17, 0xDE, 0x79, 0x60, 0x0A, 0x79, 0x6B,
    0x3F, 0x71, 0x34, 0x31, 0xCF, 0xFE, 0x32, 0x2C, 0x03, 0xAF, 0x4E, 0x1F, 0x01, 0x41, 0x23, 0x44,
    0xAF, 0x71, 0x79, 0x83, 0xAE, 0xA0, 0xFD, 0xD2, 0x48, 0x8A, 0x25, 0xC3, 0xC6, 0xEA, 0xC9, 0x97,
    0xF0, 0x4F, 0x9B, 0x58, 0xB8, 0x7F, 0xAB, 0x1E, 0xCC, 0xA6, 0xB8, 0x11, 0xCA, 0xC9, 0xA3, 0xD1,
    0x6E, 0xC9, 0x04, 0xE3, 0x39, 0xFA, 0xF5, 0xE7, 0x83, 0xAC, 0xBD, 0xFE, 0x8B, 0xD1, 0x72, 0xAE,
    0x36, 0x56, 0xB7, 0xD7, 0x7F, 0x2E, 0xAE, 0x9F, 0x1B, 0xD2, 0x68, 0x12, 0x80, 0x80, 0x57, 0x9D,
    0x4B, 0x7E, 0x06, 0xF7, 0xEB, 0x4C, 0x57, 0x9A, 0x9A, 0x74, 0x0F, 0x6A, 0x7B, 0x38, 0x16, 0x4A,
    0xDD, 0x34, 0x0C, 0x53, 0x6E, 0x60, 0xEE, 0x6C, 0x03, 0x0B, 0x0F, 0x10, 0x22, 0x7C, 0x1A, 0xC6,
    0xE7, 0x5E, 0x9B, 0x31, 0x2D, 0x9F, 0x8E, 0x47, 0x0A, 0x9B, 0x5E, 0x78, 0x7A, 0xE1, 0x1B, 0x49,
    0x90, 0xF8, 0x9D, 0x66, 0x15, 0x4F, 0xAD, 0x3E, 0x03, 0x23, 0xDC, 0xF1, 0x71, 0xA2, 0x0C, 0x1F,
    0x52, 0xF9, 0x8A, 0x1E, 0x29, 0xEF, 0x1C, 0xA1, 0x87, 0xB2, 0xB9, 0xD2, 0x26, 0xE1, 0xA3, 0x3D,
    0xA0, 0x8E, 0x88, 0xCB, 0x09, 0xE3, 0x3C, 0x66, 0x94, 0xA6, 0x63, 0x97, 0x12, 0xA3, 0xB8, 0xB7,
    0x6B, 0xFA, 0x94, 0xC7, 0x94, 0x36, 0x54, 0xF6, 0xEB, 0x20, 0x5C, 0x36, 0x7D, 0xA1, 0x14, 0x66,
    0x2B, 0xFB, 0x98, 0xBF, 0x2F, 0x1D, 0xCD, 0x07, 0x60, 0xBD, 0x24, 0x7F, 0x56, 0xC8, 0x20, 0x80,
    0xC2, 0x64, 0xF4, 0x00, 0xBA, 0xA5, 0x28, 0x98, 0xDF, 0xCE, 0xAE, 0x1A, 0x50, 0xA8, 0x01, 0xF7,
    0x4B, 0x68, 0xFD, 0x54, 0x1C, 0xC1, 0xDB, 0x8F, 0xE0, 0xB5, 0x2C, 0x70, 0x04, 0xD7, 0xC4, 0x70,
    0x53, 0x5E, 0x5C, 0x67, 0xA1, 0xA3, 0xB0, 0x6B, 0x0C, 0x21, 0x5F, 0x8C, 0x71, 0xE2, 0x72, 0x70,
    0x54, 0xB9, 0xF0, 0xD2, 0x72, 0xB7, 0xDF, 0xAB, 0xD6, 0x34, 0xA8, 0xA0, 0x2B, 0x9A, 0x49, 0xB0,
    0x00, 0xB7, 0xA0, 0xD3, 0xA4, 0x59, 0x7F, 0x8D, 0x1A, 0xB1, 0xB8, 0x02, 0xCB, 0x50, 0xF3, 0x4A,
    0x8B, 0xE2, 0xF8, 0x55, 0x4D, 0x32, 0xA3, 0x1A, 0xC5, 0x8C, 0x42, 0x6D, 0x81, 0xE9, 0x5A, 0x05,
    0x33, 0xBC, 0x30, 0x63, 0x6A, 0xC2, 0xB8, 0xBE, 0x64, 0x8A, 0x17, 0x4B, 0xDB, 0xDA, 0xC9, 0x76,
    0x63, 0xFF, 0x48, 0x7F, 0x6B, 0xE2, 0xF2, 0xE2, 0xF3, 0x2C, 0x15, 0xF4, 0xBB, 0xCA, 0x39, 0xF6,
    0xB3, 0xD2, 0xB9, 0x9D, 0x31, 0xC8, 0x58, 0x99, 0xB3, 0x5E, 0x2E, 0x4F, 0x63, 0x6D, 0xDA, 0x85,
    0x20, 0xF1, 0x43, 0xCE, 0x84, 0xB9, 0xAF, 0x3F, 0x8D, 0x85, 0x67, 0x9E, 0xA1, 0xE7, 0x32, 0xD0,
    0xF9, 0x4B, 0xBD, 0x43, 0x2A, 0xB7, 0xCF, 0x63, 0x8B, 0xBE, 0x18, 0x3B, 0x3B, 0x57, 0x54, 0xF0,
    0xAA, 0x54, 0x27, 0x63, 0x7D, 0xC5, 0x63, 0x7D, 0xC1, 0x94, 0x1A, 0x0D, 0x21, 0xA7, 0x57, 0x87,
    0x30, 0x3A, 0xD2, 0xDE, 0xBA, 0x9C, 0xBC, 0x0A, 0x1A, 0xDE, 0x7C, 0x33, 0x16, 0x4B, 0xEC, 0x54,
    0xD7, 0x16, 0xE7, 0x57, 0x14, 0x6B, 0xA9, 0x3A, 0xDD, 0x5A, 0xD5, 0x50, 0xB2, 0x10, 0x3F, 0x76,
    0x74, 0x83, 0x28, 0x17, 0xF5, 0x38, 0x49, 0xCF, 0xCB, 0xE2, 0x38, 0xD0, 0x79, 0xFC, 0x01, 0x5D,
    0x26, 0x8F, 0xBC, 0xA8, 0x93, 0xB7, 0xD6, 0xD5, 0xBC, 0x7E, 0x9D, 0x35, 0xCB, 0xA6, 0x29, 0xE7,
    0x46, 0x1F, 0x89, 0xBE, 0xD2, 0x44, 0x1F, 0x79, 0x45, 0xC7, 0xC7, 0xEA, 0x51, 0x72, 0xC3, 0x77,
    0x12, 0x3C, 0xFA, 0x87, 0x39, 0xF6, 0xFB, 0x1A, 0x1D, 0x4F, 0xD5, 0x98, 0xB3, 0xFB, 0x4E, 0xA9,
    0x7F, 0x2B, 0xA7, 0x6A, 0x6D, 0x60, 0xFE, 0x41, 0x61, 0xC4, 0xD5, 0x92, 0x3E, 0x7D, 0xDA, 0xE4,
    0x6C, 0x1A, 0xD7, 0x5F, 0x53, 0x08, 0xD6, 0x35, 0xA8, 0x5E, 0x34, 0x9D, 0x2F, 0x91, 0x93, 0x0C,
    0xB3, 0x0E, 0x2D, 0x97, 0x30, 0x54, 0x7B, 0xCE, 0x71, 0x92, 0xCD, 0x71, 0xA4, 0x2A, 0x27, 0x6B,
    0x6F, 0x3A, 0x6A, 0x63, 0xC6, 0x65, 0x0D, 0xE0, 0x49, 0xEE, 0x17, 0xDA, 0x30, 0x64, 0x09, 0xF5,
    0x89, 0xBB, 0x54, 0xC8, 0x79, 0xC8, 0x7F, 0x4D, 0x21, 0x9B, 0xB8, 0x2F, 0xAB, 0xD8, 0x1A, 0xD6,
    0x81, 0x38, 0xEB, 0xD9, 0xE7, 0xFD, 0x40, 0x35, 0xC8, 0x7C, 0x1E, 0x5B, 0x6E, 0x0F, 0x07, 0x09,
    0x39, 0x0F, 0x3D, 0x6A, 0x69, 0x66, 0x12, 0x81, 0x94, 0x15, 0x68, 0xCC, 0x69, 0x2C, 0x6A, 0xE4,
    0x05, 0x58, 0x82, 0xFD, 0xA8, 0x74, 0xC3, 0xDC, 0x8F, 0xF2, 0x28, 0x21, 0x42, 0xC6, 0x79, 0x6A,
    0x52, 0x07, 0x1D, 0xEE, 0x73, 0xC0, 0xEB, 0x60, 0x80, 0x3A, 0x64, 0x41, 0x8F, 0xAA, 0xF0, 0xB9,
    0x2C, 0x39, 0x93, 0xA5, 0xAF, 0xE8, 0x4A, 0x88, 0x4F, 0xF5, 0x76, 0xB9, 0xF3, 0xCF, 0xD3, 0xCD,
    0xDF, 0x86, 0x67, 0xAF, 0x2B, 0xAE, 0x2E, 0xF3, 0x0F, 0x7F, 0x36, 0x0B, 0x1B, 0x8F, 0xE8, 0x28,
    0xF9, 0xA6, 0x4E, 0xD2, 0xBF, 0xD5, 0x49, 0x59, 0x14, 0xB7, 0x6A, 0x2D, 0x08, 0xE5, 0x59, 0x7D,
    0xDF, 0xC9, 0x1B, 0xDE, 0xBE, 0xE6, 0x27, 0x7A, 0xED, 0xE1, 0x46, 0xF2, 0xE8, 0xA7, 0x92, 0xB7,
    0xA3, 0x5B, 0x5F, 0x0A, 0x3F, 0x7B, 0x47, 0xC5, 0x75, 0xF9, 0x34, 0x33, 0x08, 0x84, 0x7B, 0x23,
    0x61, 0x40, 0x2C, 0x70, 0x22, 0xEA, 0xCD, 0x79, 0xF3, 0x08, 0xBC, 0x46, 0x04, 0xBF, 0xC9, 0x70,
    0x09, 0x09, 0x57, 0xC4, 0xE4, 0x34, 0xA9, 0x18, 0xD5, 0x70, 0xC3, 0xD6, 0x7D, 0x70, 0x45, 0xDF,
    0x81, 0x4B, 0xCD, 0xC4, 0x65, 0x14, 0xAF, 0x12, 0xE2, 0xF3, 0xDC, 0xA0, 0x98, 0x73, 0x7C, 0x38,
    0x74, 0x0E, 0xEA, 0x79, 0xD2, 0x76, 0xD6, 0x54, 0x3F, 0x27, 0x77, 0xFF, 0x90, 0xAC, 0xB1, 0xF0,
    0x0F, 0xDF, 0xDF, 0x0F, 0x9B, 0x49, 0x1A, 0x75, 0x92, 0x38, 0xE9, 0x31, 0x31, 0x70, 0xC7, 0x71,
    0x91, 0x9B, 0x5D, 0x7B, 0x2D, 0xCA, 0xF1, 0x5D, 0xD5, 0x70, 0x1B, 0x68, 0x7E, 0xEC, 0x14, 0xDA,
    0xC3, 0xFF, 0x46, 0xF2, 0xF0, 0x4B, 0x48, 0x5E, 0x59, 0xC7, 0xAD, 0xEB, 0xC7, 0xD5, 0xA3, 0x07,
    0x59, 0xA6, 0xCD, 0x2E, 0x63, 0xB1, 0x60, 0x39, 0x43, 0xAD, 0xDB, 0xAA, 0xE2, 0xF6, 0x12, 0x8C,
    0x8C, 0x26, 0x8B, 0x94, 0x9C, 0xB6, 0xAD, 0x52, 0xCB, 0x6E, 0xC5, 0x3A, 0xEF, 0xAF, 0xCC, 0xED,
    0xEE, 0x39, 0xEC, 0xF8, 0xB0, 0xD9, 0xE5, 0xF7, 0x14, 0xF9, 0x35, 0x13, 0xAF, 0xE5, 0x1A, 0xB7,
    0x79, 0x10, 0xF6, 0x46, 0x9D, 0xAD, 0x30, 0x8F, 0xD6, 0x59, 0xF1, 0xBD, 0x7C, 0x79, 0x52, 0xDA,
    0x21, 0x09, 0xE9, 0x43, 0xB4, 0x75, 0xDA, 0x61, 0x52, 0xE1, 0xB6, 0xCB, 0x98, 0x94, 0x9B, 0x51,
    0xC6, 0x4D, 0xE2, 0xF1, 0xF7, 0x48, 0xBF, 0x7E, 0x09, 0x43, 0x14, 0x39, 0x25, 0x2A, 0xA6, 0x4E,
    0xD7, 0xAF, 0xB3, 0xA0, 0xEF, 0x87, 0x8D, 0x46, 0xD8, 0x08, 0xC3, 0x30, 0x0A, 0xA3, 0xBD, 0x51,
    0x22, 0x69, 0x30, 0x9F, 0xFF, 0x8C, 0xC9, 0x7F, 0xA6, 0xAA, 0x84, 0x59, 0x6A, 0xD5, 0xA2, 0x21,
    0x2E, 0x7B, 0xC7, 0xFA, 0x4D, 0xF4, 0x88, 0x55, 0x3D, 0x24, 0x6B, 0xC3, 0x8D, 0x6F, 0xDD, 0x75,
    0xAA, 0x8F, 0x5E, 0x8E, 0x7E, 0xCF, 0x2E, 0x96, 0x76, 0x67, 0xE3, 0xDA, 0xC5, 0x36, 0xB4, 0x81,
    0x54, 0x6C, 0xE9, 0x63, 0xBA, 0x3B, 0xAC, 0x69, 0xC3, 0x7C, 0x13, 0xDE, 0xC8, 0xC3, 0x52, 0x6B,
    0x23, 0x35, 0xB4, 0x9C, 0xE8, 0x9F, 0x08, 0x07, 0xC5, 0xDE, 0x14, 0x51, 0x89, 0x79, 0xBA, 0x5D,
    0x46, 0xBD, 0x49, 0x89, 0x23, 0xC9, 0xD2, 0xD5, 0x32, 0x80, 0x18, 0x18, 0x23, 0xCA, 0x65, 0x40,
    0x53, 0xA3, 0x95, 0xD5, 0x77, 0x79, 0xC5, 0x8F, 0x61, 0x5F, 0x7F, 0x0D, 0x02, 0x93, 0x02, 0x61,
    0x8E, 0xF7, 0xDD, 0x7C, 0x35, 0xE1, 0xBB, 0xAA, 0x34, 0x44, 0x15, 0x1D, 0xEB, 0x0B, 0xE8, 0xF7,
    0x04, 0x75, 0x93, 0xD2, 0xE7, 0xB6, 0x73, 0x0A, 0x48, 0x72, 0xBA, 0x5F, 0x92, 0xB2, 0x5A, 0xEC,
    0xA5, 0x05, 0xB7, 0x7F, 0xAB, 0xA6, 0x02, 0x6E, 0x53, 0x54, 0x41, 0x57, 0x0A, 0xB8, 0x79, 0x11,
    0xDF, 0xA9, 0x21, 0x0E, 0x96, 0xB8, 0x76, 0x2B, 0x9B, 0x74, 0x87, 0xA8, 0x1E, 0x21, 0x43, 0xEE,
    0x21, 0x96, 0x1F, 0xCE, 0x71, 0xE9, 0x50, 0xAC, 0x1F, 0x54, 0xB1, 0x73, 0xFC, 0xAF, 0x11, 0x3B,
    0x07, 0x9F, 0x20, 0x94, 0xDA, 0x5F, 0xC5, 0xD2, 0xBC, 0x45, 0x7A, 0x31, 0x30, 0xCF, 0x5A, 0x55,
    0x79, 0x85, 0x7A, 0x13, 0x9B, 0x53, 0x92, 0xC4, 0xC3, 0x0A, 0xEF, 0xA9, 0x41, 0x53, 0x76, 0x1C,
    0xF5, 0xCC, 0x3E, 0x72, 0x74, 0xFA, 0x12, 0x1E, 0xBD, 0x1E, 0xCA, 0xFD, 0xEF, 0x69, 0x9A, 0xD2,
    0x2A, 0x46, 0xE3, 0x8F, 0x70, 0x57, 0x08, 0xFE, 0x3C, 0x93, 0xBE, 0x08, 0x29, 0x94, 0x54, 0x5E,
    0xFC, 0xAA, 0xF9, 0x37, 0xE1, 0x6D, 0x54, 0xF3, 0x2C, 0x73, 0xAA, 0x17, 0x14, 0x76, 0xFC, 0x59,
    0xBD, 0x7A, 0x26, 0xBB, 0x59, 0x8B, 0x2B, 0x6E, 0x97, 0xC1, 0x87, 0x67, 0x48, 0xCB, 0x91, 0x70,
    0x63, 0x9D, 0x5E, 0x15, 0x80, 0x49, 0x6E, 0x21, 0xEE, 0x73, 0x33, 0x7D, 0x9F, 0x6C, 0x94, 0xC9,
    0xE4, 0x68, 0xF7, 0x0E, 0xD5, 0xFA, 0xBF, 0xDA, 0x0D, 0x5C, 0x2E, 0xFE, 0x86, 0x07, 0x51, 0x4D,
    0x6F, 0x92, 0x5E, 0x85, 0x2E, 0x9B, 0x2B, 0xDC, 0x88, 0x69, 0x91, 0x49, 0xD9, 0xAF, 0xE3, 0xEB,
    0x69, 0x38, 0x26, 0xA0, 0x98, 0x7E, 0xDC, 0x59, 0x9A, 0x47, 0xF0, 0xDE, 0x60, 0xB2, 0xC1, 0xB9,
    0xF7, 0x50, 0x27, 0xF4, 0x5F, 0x19, 0xA1, 0x31, 0xA4, 0x3C, 0x35, 0xBB, 0x7D, 0xB4, 0xDE, 0x41,
    0xA5, 0x96, 0xAC, 0xD2, 0xE7, 0x8C, 0x11, 0x7B, 0x26, 0x3C, 0xF3, 0x51, 0x89, 0xCE, 0x7F, 0x2E,
    0xCD, 0xC2, 0xEB, 0xD7, 0xF1, 0x51, 0xC5, 0xB1, 0xC1, 0x55, 0xFB, 0x7C, 0xA0, 0xC2, 0x3A, 0x39,
    0xC7, 0x1C, 0x14, 0x94, 0x55, 0x7E, 0x36, 0xF7, 0x2D, 0x09, 0x3B, 0x02, 0x25, 0x1E, 0x63, 0xA8,
    0x67, 0xB3, 0x69, 0x36, 0x5F, 0x08, 0x21, 0x70, 0x4E, 0xC1, 0xBB, 0xBE, 0xAA, 0x30, 0xF9, 0xF9,
    0xAD, 0x23, 0xCF, 0xAF, 0x8A, 0x09, 0x1E, 0x3A, 0xF9, 0xC9, 0x5D, 0x48, 0xEF, 0xDD, 0x85, 0x64,
    0xCF, 0x72, 0xEB, 0x44, 0x7C, 0x7A, 0xBC, 0x13, 0x93, 0x8C, 0x6F, 0x87, 0x24, 0x2F, 0x4B, 0xED,
    0xA4, 0xFB, 0x17, 0x33, 0xDC, 0xD7, 0xEC, 0x64, 0xAB, 0xBF, 0xCD, 0xDF, 0x27, 0xFF, 0x92, 0x77,
    0xFF, 0x0D, 0x5B, 0x3F, 0x76, 0x86, 0xEB, 0xD4, 0xCE, 0x14, 0x8D, 0xD5, 0x99, 0xEA, 0xC2, 0x51,
    0xF9, 0xE3, 0xB5, 0xF1, 0xFD, 0x71, 0x91, 0xAB, 0x12, 0x71, 0xB8, 0x3D, 0x16, 0x91, 0x56, 0xFA,
    0x73, 0x69, 0x95, 0x9F, 0xEB, 0x8F, 0x84, 0x45, 0xD6, 0x16, 0x1F, 0x14, 0x5B, 0xCE, 0x4C, 0xDD,
    0x99, 0x95, 0x71, 0x03, 0x62, 0x94, 0x93, 0xDD, 0xE8, 0x48, 0x6C, 0x72, 0x89, 0x30, 0x78, 0x29,
    0xB1, 0x76, 0xF3, 0x8D, 0x48, 0x8E, 0x60, 0x77, 0xD5, 0x32, 0x6A, 0x39, 0x6A, 0xBF, 0x8B, 0xFF,
    0xF2, 0xEC, 0x37, 0x76, 0xBA, 0x44, 0x9F, 0xA8, 0x91, 0x24, 0x61, 0x1E, 0xCF, 0xEB, 0xB4, 0xAB,
    0xD2, 0xFD, 0x38, 0xD9, 0x11, 0x07, 0x8F, 0x8D, 0xAE, 0x0B, 0xB3, 0xF0, 0xC2, 0x7A, 0x4D, 0x4F,
    0x6A, 0xA6, 0x49, 0x46, 0x1F, 0x53, 0x6C, 0xD5, 0xFA, 0x17, 0x5D, 0x17, 0xCE, 0x8D, 0x49, 0x06,
    0xDB, 0xFD, 0x53, 0xB4, 0x9E, 0x36, 0xFC, 0x0E, 0x52, 0x49, 0xFB, 0x87, 0x31, 0xDD, 0x36, 0xEC,
    0x9E, 0x35, 0xFC, 0x6A, 0xAD, 0xA8, 0xF8, 0xD5, 0x3E, 0x7C, 0x5A, 0xAD, 0x0D, 0xCA, 0xA4, 0x8C,
    0xFA, 0xBD, 0x6E, 0x59, 0xF7, 0x7D, 0x94, 0xF3, 0x05, 0x69, 0x29, 0x4A, 0x57, 0x71, 0x57, 0xE1,
    0xB7, 0xB4, 0xF4, 0xF1, 0x5C, 0x29, 0x5C, 0x3A, 0x23, 0xCE, 0x2E, 0xEB, 0xFB, 0xCA, 0x45, 0x25,
    0xCE, 0xEF, 0xEA, 0xE0, 0x70, 0x16, 0x0E, 0x4D, 0x35, 0x6B, 0x4D, 0x97, 0x38, 0xF7, 0x56, 0x4E,
    0x23, 0xED, 0xC1, 0xAC, 0xAE, 0x42, 0xA6, 0x9B, 0x1D, 0x55, 0x49, 0x54, 0x4B, 0xDE, 0x29, 0x0C,
    0xD0, 0xDB, 0xBC, 0x90, 0x1E, 0xD6, 0xDD, 0xC5, 0xA9, 0xC7, 0xDB, 0xAB, 0x58, 0x58, 0xBD, 0xE8,
    0x71, 0x54, 0x8F, 0x36, 0x31, 0xD4, 0x5B, 0x1E, 0x2D, 0xAA, 0x47, 0xEB, 0x1E, 0xC3, 0xD3, 0x08,
    0x5E, 0x40, 0x28, 0x05, 0x9E, 0xEE, 0xD8, 0x55, 0x23, 0xC6, 0x54, 0x07, 0x01, 0x66, 0x1F, 0x43,
    0xBB, 0x0E, 0xC3, 0x5A, 0x92, 0x6A, 0xF7, 0x93, 0x4E, 0x1C, 0xC6, 0xCD, 0xD4, 0xAC, 0xE7, 0xFD,
    0xFD, 0xAE, 0x1E, 0x9D, 0x0A, 0xE4, 0xF3, 0x56, 0x51, 0xF6, 0xD0, 0x7F, 0x8B, 0xC5, 0xF0, 0x6B,
    0x19, 0x96, 0xDE, 0x34, 0x04, 0x07, 0xDD, 0x53, 0xC0, 0x2F, 0x3E, 0x0E, 0x7B, 0x9D, 0x35, 0x85,
    0x4B, 0xFC, 0xF7, 0x9C, 0x13, 0x3D, 0xDF, 0x9E, 0x2E, 0x49, 0x0C, 0x2E, 0xD1, 0x95, 0x66, 0x82,
    0x22, 0x7F, 0x01, 0xF9, 0x19, 0x3E, 0xFF, 0xAA, 0xC2, 0x2D, 0xAF, 0x4B, 0xF9, 0xCD, 0xEA, 0xFB,
    0x49, 0xE0, 0xED, 0x3B, 0xA4, 0xF9, 0xA9, 0xBA, 0xAE, 0x3D, 0xA8, 0x01, 0x49, 0x9E, 0x5D, 0x9D,
    0x1C, 0x1A, 0x5C, 0xB5, 0x01, 0x2A, 0xA8, 0xA6, 0x71, 0x9D, 0xA6, 0x46, 0x2F, 0x59, 0xB7, 0x5F,
    0x47, 0x65, 0xEC, 0x16, 0x22, 0x5A, 0xB5, 0x33, 0x0F, 0x94, 0xEE, 0xA1, 0xCC, 0x9D, 0x83, 0x77,
    0x04, 0x0C, 0x60, 0xDF, 0xE4, 0x8B, 0x28, 0x91, 0x9A, 0x37, 0xF1, 0x08, 0xD2, 0x17, 0x16, 0x85,
    0x3B, 0x5D, 0xE5, 0x37, 0xD1, 0xE8, 0xA1, 0x59, 0xA0, 0x9D, 0x09, 0x61, 0x8A, 0xC9, 0x72, 0x17,
    0x91, 0xB6, 0xA7, 0x6C, 0x8B, 0xB1, 0xF0, 0xC2, 0x6D, 0x2B, 0x77, 0xC1, 0x08, 0xEF, 0xC3, 0xEF,
    0x1B, 0xE1, 0x1B, 0xE8, 0x3C, 0x25, 0x3C, 0x2D, 0xAE, 0x20, 0x9E, 0xBC, 0xE9, 0x1B, 0x68, 0x0C,
    0x8C, 0x40, 0x8D, 0x0F, 0x6A, 0xDC, 0xDA, 0xC7, 0x6D, 0x47, 0xF0, 0x70, 0x54, 0x0B, 0xF1, 0xDE,
    0x2A, 0x5A, 0xFF, 0xA8, 0xBC, 0xE6, 0x85, 0x2B, 0x4C, 0x9A, 0xB5, 0x10, 0xB1, 0xF0, 0x09, 0x21,
    0x0A, 0xE2, 0x1F, 0xD3, 0xCB, 0xD3, 0xC2, 0x49, 0x64, 0x79, 0x64, 0xE0, 0x26, 0x45, 0xAD, 0x48,
    0x73, 0xBC, 0x74, 0x0E, 0x66, 0xEE, 0x47, 0xE1, 0x26, 0x02, 0x6A, 0x7E, 0x29, 0x83, 0xA5, 0x33,
    0xE4, 0x9B, 0xDA, 0xC9, 0xD1, 0xA6, 0x68, 0x2C, 0xED, 0xF5, 0xCC, 0x79, 0x52, 0xD0, 0x8A, 0x45,
    0xAF, 0x8C, 0x0C, 0x59, 0xCB, 0x61, 0x54, 0x78, 0x13, 0xBB, 0x1B, 0xD2, 0xD3, 0x32, 0x4F, 0x04,
    0xC3, 0x81, 0x2F, 0x0D, 0xD7, 0x34, 0x42, 0xDE, 0x91, 0xD6, 0xDF, 0xD9, 0xD8, 0x1A, 0xF7, 0xFD,
    0xEA, 0x40, 0x90, 0x26, 0xBD, 0x39, 0xD9, 0x68, 0xDE, 0xAD, 0xDB, 0x43, 0x21, 0xF4, 0xA3, 0x06,
    0xD2, 0x54, 0xAB, 0x73, 0xA4, 0xB5, 0xA0, 0x4F, 0xF1, 0xB4, 0x51, 0xC8, 0xC7, 0x22, 0xFE, 0x12,
    0x72, 0x5C, 0x02, 0xCD, 0x5D, 0x39, 0xAF, 0x70, 0xE3, 0xFC, 0x25, 0xB4, 0x7F, 0x42, 0x07, 0x88,
    0x6B, 0xA6, 0xE2, 0x61, 0xA8, 0x28, 0x1F, 0x9C, 0x00, 0x9C, 0x81, 0x0C, 0x2D, 0x83, 0x9C, 0x9E,
    0x70, 0x12, 0x26, 0xFD, 0xAA, 0x81, 0x5F, 0x77, 0x76, 0x4D, 0x1A, 0x92, 0x98, 0x66, 0xA8, 0xF2,
    0xB9, 0x98, 0x06, 0xFB, 0x5C, 0xD6, 0xC0, 0xF3, 0x03, 0xCA, 0x66, 0x51, 0x5A, 0xB2, 0x76, 0x29,
    0x7C, 0x66, 0x4A, 0x9F, 0xA9, 0x52, 0x0C, 0x19, 0x55, 0x47, 0x72, 0x07, 0xE8, 0xC4, 0xC3, 0x71,
    0x46, 0xF7, 0x86, 0x45, 0x55, 0x48, 0x99, 0x83, 0x82, 0x13, 0xE4, 0xEC, 0xE7, 0xC9, 0xB9, 0x0F,
    0xA9, 0xD8, 0x14, 0x52, 0x2C, 0xD2, 0x7D, 0x51, 0x94, 0xFC, 0x38, 0xB9, 0xC5, 0xAC, 0xE2, 0xD6,
    0xDC, 0x6D, 0x86, 0x89, 0x46, 0x79, 0x19, 0x9A, 0x76, 0x99, 0xF8, 0x27, 0x7B, 0x9D, 0x24, 0x27,
    0xD3, 0xEC, 0x25, 0xFD, 0xB4, 0x97, 0xA7, 0xFD, 0xDE, 0x2D, 0xC5, 0x52, 0x37, 0xF3, 0x86, 0xAB,
    0xB0, 0x4F, 0x10, 0x5E, 0x1D, 0x49, 0x6A, 0x88, 0x5A, 0x3A, 0x59, 0x2C, 0xE2, 0xBC, 0x88, 0xBF,
    0xA9, 0xE3, 0xE7, 0xB2, 0x79, 0x66, 0x52, 0xAE, 0x63, 0x87, 0xBA, 0x7A, 0xCE, 0xDA, 0x61, 0x3A,
    0xCB, 0xBA, 0xCE, 0x59, 0xD7, 0xA9, 0x8B, 0x13, 0x16, 0xCB, 0x55, 0x3B, 0xB3, 0x33, 0x37, 0x33,
    0x81, 0xB2, 0x32, 0xD4, 0x17, 0xF6, 0x9E, 0xA7, 0x8E, 0x34, 0x7C, 0x25, 0x8C, 0xA6, 0xC2, 0x5C,
    0xB7, 0xDE, 0x8C, 0xC5, 0xCA, 0x50, 0x5A, 0x35, 0x79, 0x9F, 0xB5, 0x74, 0xDE, 0x94, 0x44, 0x4B,
    0xE8, 0x24, 0xDC, 0x4E, 0xB5, 0x6B, 0xAC, 0x8B, 0xA2, 0x5F, 0xA2, 0x9A, 0x1C, 0xC0, 0x93, 0xEA,
    0x3E, 0x4C, 0x70, 0x83, 0x24, 0x35, 0x78, 0xD9, 0x85, 0xD8, 0x28, 0x7C, 0xCD, 0x60, 0x37, 0xDD,
    0x9C, 0xCE, 0x1E, 0xA5, 0x08, 0x4B, 0xA9, 0x50, 0x02, 0x25, 0x6A, 0xA9, 0xC6, 0x54, 0x18, 0x58,
    0x7D, 0x42, 0xF4, 0x69, 0x0E, 0xDF, 0x51, 0x2E, 0x53, 0x12, 0x99, 0xC6, 0x49, 0xD8, 0x24, 0xE0,
    0x05, 0xBA, 0x9B, 0x93, 0x2E, 0xAB, 0xE9, 0x9E, 0x17, 0x5C, 0x17, 0xD9, 0xBC, 0xE7, 0x8B, 0x53,
    0xD3, 0xB5, 0xDD, 0x1C, 0x8E, 0x60, 0x89, 0x40, 0xC7, 0x78, 0xC7, 0xDB, 0x6B, 0x84, 0x9F, 0xC8,
    0xED, 0x29, 0x5A, 0x50, 0x3F, 0x22, 0xA1, 0xC3, 0x1A, 0x89, 0x23, 0x69, 0x06, 0x8B, 0xB3, 0x3F,
    0xC1, 0xD0, 0x51, 0x1D, 0xF7, 0x22, 0x4F, 0x5F, 0x19, 0xBE, 0x04, 0x39, 0x3D, 0x90, 0x73, 0x25,
    0x39, 0xF9, 0x63, 0x5C, 0xF1, 0x26, 0xD7, 0xA4, 0xA6, 0xBD, 0xB3, 0x47, 0xCF, 0x3F, 0x89, 0xD6,
    0x70, 0xB3, 0x4E, 0xD7, 0xB5, 0x43, 0xD6, 0x47, 0x06, 0xE7, 0xE2, 0xBA, 0x67, 0xAB, 0x72, 0xC9,
    0x5A, 0x56, 0xE1, 0x3B, 0xDA, 0x0B, 0xB4, 0x3B, 0xE8, 0x8F, 0x4E, 0x1B, 0xEA, 0xCE, 0xB0, 0x61,
    0x7E, 0xA3, 0x71, 0xE6, 0xD8, 0xEC, 0xDD, 0x17, 0xB0, 0xF0, 0xD4, 0x48, 0x87, 0x4B, 0x94, 0x25,
    0x29, 0xA8, 0x3E, 0x8F, 0xC5, 0xD6, 0xC6, 0x55, 0x67, 0xAA, 0x71, 0x95, 0x18, 0x46, 0x53, 0x3D,
    0x35, 0x52, 0xFE, 0x44, 0xF8, 0x21, 0x9C, 0xF9, 0x22, 0xCE, 0xDC, 0x81, 0xF7, 0xCE, 0xA3, 0xFD,
    0x14, 0xDC, 0x10, 0x3B, 0xC7, 0xD9, 0x73, 0x24, 0xF0, 0xD9, 0x3F, 0xC2, 0x73, 0x4B, 0xF8, 0xCE,
    0x26, 0xDA, 0xF7, 0x63, 0x67, 0x82, 0xF7, 0x8D, 0xD2, 0xE5, 0x16, 0x9F, 0x7B, 0x28, 0x0B, 0xFE,
    0xA3, 0x6C, 0xA0, 0xAC, 0xCE, 0x0C, 0x3A, 0xA3, 0x33, 0x83, 0x49, 0xBF, 0x7C, 0xC6, 0x74, 0x25,
    0x8E, 0xEB, 0x49, 0x57, 0xC2, 0x9D, 0xEA, 0xE2, 0x40, 0xA1, 0xBD, 0x89, 0x53, 0x73, 0x76, 0xE1,
    0xFD, 0x71, 0x16, 0xBC, 0x8E, 0xC7, 0x86, 0xC3, 0x41, 0xEB, 0xAE, 0xBA, 0xA6, 0x92, 0xD3, 0xD1,
    0x22, 0xB5, 0xAA, 0xE3, 0x5B, 0xE6, 0xA2, 0x6E, 0x81, 0xB2, 0xFC, 0x03, 0x5D, 0x7E, 0xF6, 0x8B,
    0xBA, 0x7B, 0xBE, 0xF6, 0x6F, 0xE7, 0x98, 0xB2, 0xEA, 0xE6, 0xF8, 0xF6, 0x44, 0x4D, 0x33, 0x84,
    0x2B, 0xCB, 0x1C, 0x87, 0xAA, 0x21, 0x13, 0xE7, 0x30, 0x26, 0x8D, 0x72, 0x8E, 0x5D, 0x9D, 0x64,
    0x33, 0xD1, 0x5A, 0xC7, 0x04, 0x6D, 0x7E, 0x22, 0x4B, 0xB8, 0x0F, 0xBF, 0x81, 0xB3, 0x43, 0xEB,
    0x76, 0x8A, 0xB2, 0x0C, 0xFD, 0xFB, 0xD4, 0xAF, 0xD1, 0x05, 0x1F, 0x25, 0x35, 0x57, 0xB9, 0xCC,
    0x47, 0x3D, 0x69, 0x0B, 0x93, 0x24, 0xC9, 0xB9, 0xAB, 0xA5, 0x3B, 0xE6, 0xE0, 0x37, 0xB6, 0xCC,
    0xC9, 0x84, 0x9B, 0xCD, 0xB4, 0xC6, 0xBD, 0xFC, 0xAD, 0x49, 0x73, 0x20, 0x25, 0x98, 0x34, 0x01,
    0xFD, 0x51, 0xC7, 0x2D, 0xC2, 0x2C, 0xCB, 0xEA, 0xC9, 0x71, 0x3A, 0x45, 0xA2, 0x19, 0xD4, 0xFD,
    0x0C, 0xDE, 0x8F, 0xE9, 0x6E, 0x4C, 0x2F, 0x92, 0x5C, 0x64, 0x0E, 0x4B, 0xF7, 0xB8, 0x8E, 0x14,
    0x9E, 0x3A, 0x89, 0xEF, 0x9A, 0xEA, 0x28, 0xAE, 0xA9, 0xC2, 0x44, 0x04, 0xA5, 0x9D, 0x2C, 0xF0,
    0x72, 0x7D, 0xCC, 0x4C, 0x65, 0x78, 0x8E, 0x6A, 0xBA, 0x6A, 0x43, 0x12, 0x8E, 0x71, 0x22, 0x6F,
    0xBC, 0xA1, 0x2B, 0x67, 0x33, 0x39, 0xF0, 0x33, 0x91, 0xAB, 0xB8, 0xA1, 0xD6, 0xF8, 0x04, 0xE1,
    0xD2, 0x09, 0xCD, 0x64, 0x1A, 0x5F, 0xEA, 0xC7, 0x99, 0xA3, 0xE3, 0x63, 0x88, 0x6D, 0x26, 0xCC,
    0xB4, 0xEA, 0x18, 0x6C, 0x23, 0x61, 0x6E, 0x59, 0xFF, 0x96, 0xC0, 0xF6, 0x2E, 0x0A, 0xEC, 0xA3,
    0xA0, 0xEC, 0x0B, 0x80, 0x47, 0xE2, 0xC4, 0x15, 0x26, 0x9D, 0x2E, 0x60, 0xF1, 0xBB, 0x68, 0x7D,
    0xD9, 0x8C, 0x3C, 0x02, 0x6C, 0x5C, 0xD8, 0x00, 0xAF, 0xCE, 0x63, 0x4B, 0x39, 0x8F, 0x75, 0x73,
    0x2F, 0x6D, 0x94, 0x3B, 0xE5, 0x3C, 0x76, 0xDF, 0x2D, 0xBA, 0xB1, 0xEF, 0x59, 0x1D, 0xC6, 0x2F,
    0xEA, 0xE8, 0xD6, 0xE3, 0x59, 0xD2, 0xE6, 0xD2, 0x16, 0x5C, 0xB5, 0x2F, 0xF2, 0x8A, 0xAA, 0xE1,
    0x20, 0x33, 0x05, 0xE3, 0x64, 0xA9, 0x96, 0x82, 0xEC, 0xB4, 0x9F, 0xBD, 0xD3, 0x7C, 0xF1, 0xAB,
    0x7B, 0xD7, 0xE3, 0xE4, 0x07, 0x71, 0xFC, 0x4E, 0xBA, 0x6F, 0x70, 0x32, 0xCD, 0x4F, 0x8F, 0x58,
    0x42, 0x79, 0xE5, 0x58, 0xD8, 0xB3, 0x07, 0xF3, 0xF5, 0x31, 0xF5, 0xB6, 0x5E, 0x22, 0xC8, 0x32,
    0xFC, 0x24, 0xC3, 0xEF, 0xA1, 0x3E, 0xB0, 0x3A, 0x44, 0x84, 0xD0, 0x9D, 0x4A, 0x83, 0xA6, 0x80,
    0xE8, 0x3C, 0x8E, 0xD6, 0xBF, 0x57, 0x29, 0x6C, 0x16, 0x61, 0x3A, 0x5E, 0xE7, 0xD5, 0x25, 0xB3,
    0x2E, 0x7D, 0x55, 0x8D, 0x8A, 0xDA, 0x2B, 0x4A, 0xAE, 0xDA, 0xDA, 0x0C, 0x7D, 0xAA, 0xD5, 0xE7,
    0x2E, 0x59, 0xAA, 0x4B, 0x2F, 0x14, 0xFD, 0xB5, 0xBE, 0x55, 0xFC, 0x78, 0xB9, 0x7A, 0xDD, 0x80,
    0x6C, 0x85, 0xEA, 0x4A, 0xEC, 0x1F, 0xAA, 0xDC, 0x19, 0x56, 0x4D, 0xE2, 0x5F, 0xFE, 0x8F, 0x0E,
    0xBC, 0xB2, 0x6C, 0xBA, 0x59, 0xD1, 0x71, 0x0F, 0xE9, 0x84, 0xC5, 0x3C, 0xE5, 0x22, 0x6E, 0xD1,
    0x6C, 0x2B, 0xC7, 0x54, 0xEB, 0x89, 0x1A, 0x95, 0x96, 0x4F, 0xE0, 0x33, 0x1A, 0x37, 0x6D, 0xE1,
    0xF8, 0x75, 0xE9, 0x33, 0x64, 0xC6, 0xD8, 0xF2, 0xF2, 0x01, 0x53, 0xA0, 0x35, 0x3E, 0x88, 0x9A,
    0xAD, 0x1B, 0xE5, 0x52, 0x7B, 0x4F, 0x35, 0xCA, 0x97, 0xAE, 0x1F, 0x45, 0xAB, 0x90, 0x6C, 0xBD,
    0x43, 0xF2, 0x76, 0xAF, 0x06, 0xFC, 0x3F, 0x39, 0xE5, 0xBD, 0x3B, 0x58, 0x42, 0x4E, 0x25, 0xF4,
    0xCC, 0x51, 0x79, 0x1D, 0x06, 0xFC, 0xFF, 0xEC, 0x3C, 0xDD, 0xDD, 0xF7, 0xCE, 0x2D, 0x85, 0x79,
    0x27, 0xCF, 0x4D, 0x81, 0x30, 0x4B, 0xCE, 0x55, 0x5E, 0x9B, 0x20, 0x39, 0xC4, 0xBE, 0x9C, 0x38,
    0xD3, 0x0B, 0x90, 0x26, 0xFF, 0xE4, 0xF3, 0x6B, 0x01, 0xA1, 0x91, 0x67, 0x6F, 0x91, 0xF7, 0x2B,
    0x00, 0xA1, 0x6C, 0xB2, 0xD8, 0x7E, 0x49, 0x22, 0x8B, 0x9E, 0x71, 0x6F, 0xB8, 0xC2, 0x39, 0x22,
    0x3D, 0x4D, 0x1A, 0xD9, 0x4D, 0x43, 0x1A, 0x28, 0xE7, 0x2C, 0xAC, 0x07, 0x4C, 0x10, 0x19, 0x40,
    0x39, 0x71, 0xD4, 0xF4, 0xF8, 0x6B, 0xAF, 0x2A, 0xEB, 0xF7, 0xB2, 0x22, 0x49, 0x23, 0x72, 0x34,
    0xF5, 0x60, 0x95, 0x5F, 0x4C, 0xF6, 0xF4, 0xB0, 0x67, 0x1E, 0xDD, 0x6A, 0x9D, 0x3B, 0x57, 0x71,
    0xD3, 0xEA, 0x76, 0x5F, 0xEE, 0xF8, 0x9A, 0x92, 0xEF, 0xE5, 0x6A, 0x6E, 0x3A, 0xF6, 0x0F, 0xC6,
    0x21, 0x13, 0x5F, 0xC3, 0x3B, 0x26, 0x14, 0xF9, 0x76, 0x36, 0x69, 0xCE, 0x5F, 0x41, 0xF2, 0x94,
    0x4E, 0x2F, 0x68, 0x3C, 0xE6, 0xE6, 0x7B, 0x89, 0xC6, 0xE3, 0x81, 0x89, 0x67, 0x8C, 0x3A, 0x90,
    0x59, 0x75, 0x18, 0x5C, 0x75, 0x20, 0xA5, 0xB9, 0x34, 0xF8, 0x4D, 0x37, 0x33, 0xB9, 0xCE, 0x6F,
    0xEA, 0x6B, 0x93, 0x79, 0x89, 0x75, 0x5E, 0x46, 0x38, 0x47, 0xAE, 0x57, 0x01, 0xBE, 0xDD, 0x53,
    0x7F, 0x6B, 0xC6, 0x8B, 0x2E, 0x7B, 0x0E, 0xF7, 0x17, 0x99, 0x7C, 0xB7, 0xFF, 0xD2, 0xC8, 0x07,
    0xEA, 0xF1, 0x5C, 0x95, 0x93, 0xE5, 0x4E, 0x56, 0xD8, 0xEB, 0x9A, 0xC1, 0x62, 0xD1, 0x42, 0x6F,
    0x48, 0x7E, 0xA8, 0x0E, 0x5D, 0x24, 0xBF, 0x2B, 0xA6, 0xDE, 0x91, 0x3A, 0x1E, 0xAE, 0xB3, 0xD6,
    0x76, 0x67, 0x19, 0x5B, 0xFA, 0x9A, 0x26, 0x12, 0x0F, 0x4A, 0xB0, 0x77, 0x15, 0xBF, 0xA3, 0xAE,
    0xE9, 0x45, 0x35, 0x50, 0x3F, 0x44, 0xF9, 0x9B, 0xB3, 0x6B, 0x9E, 0xEE, 0x8C, 0x1E, 0xD5, 0x16,
    0x57, 0x7F, 0x73, 0xC5, 0x9A, 0x11, 0xBA, 0x7B, 0x21, 0x73, 0xBE, 0xD4, 0x91, 0xEF, 0x05, 0x3D,
    0x99, 0xE9, 0x6E, 0x10, 0x59, 0xE4, 0xA2, 0x39, 0x66, 0xD9, 0xF2, 0x3E, 0x0C, 0xB6, 0x76, 0x85,
    0x12, 0x12, 0xF0, 0xEA, 0xEF, 0xC6, 0xFA, 0x98, 0xCC, 0xFB, 0x2B, 0xBC, 0x83, 0x22, 0xED, 0xC4,
    0x68, 0xF2, 0xFE, 0xD5, 0xF6, 0x0F, 0x83, 0xAF, 0xDE, 0x95, 0xDA, 0x6F, 0xF6, 0x70, 0x83, 0x51,
    0xEF, 0x6C, 0x0D, 0x5D, 0x13, 0x96, 0xDF, 0xED, 0xD7, 0x1C, 0x5A, 0x0E, 0xC7, 0x46, 0xE7, 0x13,
    0x4B, 0xA3, 0x91, 0xDB, 0xA8, 0xBC, 0x46, 0xA7, 0x15, 0x64, 0x44, 0xA6, 0xCF, 0x4C, 0x88, 0x77,
    0xBE, 0xA8, 0x38, 0xA6, 0x32, 0xA7, 0x3D, 0x10, 0xBB, 0x37, 0xE9, 0x26, 0xC1, 0xA8, 0x68, 0xD8,
    0x5F, 0x77, 0x30, 0x2F, 0x10, 0xCE, 0x6A, 0xDE, 0x3A, 0xA7, 0x2E, 0x7E, 0xBF, 0x69, 0x2C, 0x70,
    0x07, 0x13, 0xE6, 0x50, 0x4D, 0x04, 0xFA, 0xF8, 0x7F, 0xA5, 0x97, 0xC1, 0x6F, 0x1B, 0x45, 0x14,
    0xC6, 0xBF, 0x9D, 0xA5, 0x76, 0xF0, 0xC6, 0xDE, 0x20, 0xE5, 0x90, 0x0A, 0x27, 0x0E, 0x52, 0x0E,
    0x06, 0x39, 0x21, 0x07, 0x1F, 0x5C, 0x35, 0xC6, 0x43, 0x84, 0xC4, 0x01, 0x09, 0xE5, 0x00, 0xFF,
    0x00, 0xE2, 0x5A, 0xC9, 0x42, 0x96, 0x48, 0x2F, 0x68, 0x92, 0x0B, 0xA8, 0x52, 0xA5, 0x88, 0x33,
    0x87, 0x1C, 0xF8, 0x03, 0xF6, 0xD0, 0x0B, 0xA0, 0x8A, 0x11, 0x3D, 0x20, 0xF5, 0x80, 0xF6, 0x8C,
    0x00, 0x59, 0x5C, 0x51, 0x51, 0x0E, 0x3D, 0x04, 0xB5, 0xB1, 0xF9, 0xDE, 0xAC, 0x1D, 0xB7, 0xA8,
    0xD4, 0x33, 0xCE, 0x6A, 0xE2, 0x8D, 0xBD, 0x3B, 0xEF, 0xF7, 0xDE, 0xCC, 0xFB, 0xDE, 0xCC, 0x00,
    0x40, 0xA2, 0xD1, 0xD0, 0xB8, 0x69, 0xF0, 0x99, 0xC1, 0x9F, 0x36, 0xFA, 0xC9, 0xC6, 0xC7, 0x36,
    0x19, 0xDB, 0x5A, 0x94, 0xB7, 0x90, 0xB7, 0x31, 0xCC, 0x30, 0xE4, 0x5B, 0x91, 0x95, 0xC6, 0x2B,
    0x7E, 0x6A, 0xD3, 0xF7, 0xED, 0x7A, 0x6C, 0xF7, 0x62, 0xD3, 0x89, 0x75, 0x3B, 0x41, 0x3B, 0xC5,
    0xDE, 0x17, 0x68, 0xFC, 0xEA, 0x9E, 0x02, 0x65, 0xDE, 0x94, 0x01, 0x4E, 0x11, 0xE5, 0xF2, 0x3D,
    0xF2, 0x43, 0xEC, 0xB8, 0xCE, 0x1B, 0xC0, 0xD6, 0x7C, 0x0A, 0x9F, 0x6B, 0xA8, 0xBB, 0x40, 0x2D,
    0x07, 0x36, 0x37, 0x8B, 0x9F, 0x08, 0x11, 0x8A, 0x60, 0x84, 0x43, 0x10, 0x48, 0x02, 0x51, 0x20,
    0x0B, 0x84, 0x81, 0x34, 0x10, 0x87, 0x22, 0xA4, 0x26, 0xD6, 0x4E, 0xF1, 0x3D, 0xA2, 0x77, 0x3D,
    0x80, 0x0C, 0xFD, 0x13, 0x23, 0xB8, 0x82, 0xE6, 0x11, 0xD0, 0xAB, 0xB4, 0xB9, 0x06, 0x5F, 0xFB,
    0x90, 0xD7, 0xA1, 0xBE, 0x0A, 0x42, 0x00, 0x27, 0x32, 0x5C, 0x6B, 0x27, 0xDE, 0x14, 0x20, 0xFD,
    0x06, 0xAB, 0xF7, 0x64, 0x7E, 0xC2, 0x40, 0xC0, 0xFD, 0x13, 0x7C, 0x69, 0x10, 0x10, 0x11, 0xDF,
    0xB0, 0xA8, 0xE6, 0xD8, 0x0A, 0xA0, 0x5C, 0x66, 0x19, 0xB6, 0x81, 0x1F, 0x10, 0x1D, 0x6B, 0xDF,
    0x8C, 0xC3, 0x0A, 0x38, 0xB9, 0xAF, 0xAD, 0x60, 0x23, 0x43, 0xC9, 0xF8, 0x12, 0x23, 0xD7, 0xF9,
    0x3D, 0x8D, 0xBF, 0x34, 0xDE, 0xF4, 0x08, 0xEA, 0x15, 0xF7, 0x7E, 0x28, 0x85, 0xAE, 0xB5, 0x43,
    0x28, 0x8A, 0x43, 0x60, 0x82, 0x29, 0xD7, 0x81, 0x52, 0x08, 0xA5, 0x48, 0x86, 0xAD, 0x7B, 0x58,
    0x09, 0x04, 0xF1, 0xFA, 0xCE, 0x25, 0x83, 0xF6, 0x66, 0xAD, 0x06, 0x23, 0x26, 0x99, 0xE0, 0x8D,
    0x98, 0xA6, 0x01, 0xE2, 0x71, 0x1E, 0x1B, 0xF9, 0x3F, 0x71, 0x2D, 0x1D, 0xA3, 0xF6, 0x31, 0xEA,
    0xA0, 0xF6, 0xD1, 0x01, 0x6E, 0x7C, 0x84, 0xDE, 0xD3, 0x49, 0x01, 0x61, 0xC3, 0x4A, 0x7C, 0x91,
    0x26, 0xF5, 0x64, 0xEF, 0x56, 0x6F, 0xD8, 0xE6, 0x24, 0x75, 0x97, 0xD2, 0x73, 0xB1, 0xC5, 0xEE,
    0x15, 0xDE, 0x69, 0x47, 0x63, 0x59, 0xA6, 0xDD, 0xCB, 0x6A, 0x97, 0x9D, 0xB6, 0xB1, 0xFB, 0x62,
    0xA3, 0x32, 0xCC, 0xA3, 0x1C, 0xFB, 0xC6, 0xD7, 0x47, 0xAD, 0xE3, 0x27, 0x46, 0x55, 0x24, 0xB3,
    0xE3, 0x0B, 0xA4, 0x09, 0xEA, 0x09, 0xF6, 0x6E, 0xA1, 0x37, 0x94, 0x64, 0x62, 0xEB, 0x2E, 0xC1,
    0xD9, 0xE5, 0x55, 0x47, 0x65, 0x17, 0x37, 0x35, 0x8C, 0xF6, 0x1E, 0x80, 0x5D, 0x34, 0x73, 0x3C,
    0x82, 0x52, 0xF3, 0xED, 0x4B, 0x0D, 0xBF, 0xC3, 0xBA, 0x0A, 0x7F, 0xFB, 0xCB, 0x28, 0x35, 0xF1,
    0x88, 0xC6, 0x5F, 0x3C, 0x14, 0x52, 0xE3, 0xE9, 0xF3, 0x66, 0x90, 0x4D, 0x57, 0xED, 0xE8, 0xB6,
    0xF1, 0x74, 0x5B, 0xAE, 0x77, 0xFA, 0xF8, 0x3A, 0x97, 0xA9, 0x0C, 0x03, 0x01, 0xFF, 0x58, 0xF5,
    0x81, 0xE6, 0x0A, 0x11, 0xC0, 0x6A, 0x00, 0x9F, 0x73, 0x0A, 0x4C, 0x70, 0x0E, 0xF2, 0xDA, 0x03,
    0x7E, 0xF7, 0x9D, 0x8B, 0xB2, 0x5B, 0xBA, 0x2A, 0x58, 0x97, 0x4C, 0x53, 0x17, 0x54, 0xCB, 0x10,
    0x79, 0x64, 0x95, 0x8D, 0x4D, 0xAC, 0x63, 0x5D, 0x26, 0xB1, 0x67, 0xE3, 0x1C, 0xA7, 0xFC, 0x45,
    0xE4, 0x86, 0x1A, 0xAA, 0x84, 0xB7, 0x88, 0xEE, 0xD0, 0x56, 0x5F, 0x0A, 0xCC, 0xFF, 0xF4, 0x92,
    0x59, 0xA1, 0x9B, 0x9A, 0xCF, 0xB4, 0x94, 0x21, 0x79, 0x56, 0x76, 0x16, 0x0A, 0x1B, 0xE2, 0x0B,
    0xBD, 0x59, 0x85, 0x1A, 0xDB, 0xE4, 0xE8, 0x6C, 0x1D, 0x03, 0xDA, 0x1C, 0xA0, 0x93, 0xB9, 0x76,
    0x86, 0x41, 0x86, 0xB3, 0x81, 0xCA, 0xBB, 0xAF, 0x9B, 0xE4, 0x62, 0x52, 0xC8, 0x94, 0xD3, 0xBC,
    0x1A, 0x21, 0x2D, 0xEB, 0xBA, 0x08, 0xD7, 0xB6, 0x63, 0xD3, 0x76, 0xF2, 0xED, 0x6E, 0x23, 0x7D,
    0xFC, 0xCC, 0x38, 0x54, 0xB4, 0x48, 0xBE, 0x64, 0x65, 0x2D, 0xF4, 0x46, 0x50, 0x74, 0x32, 0x22,
    0xEB, 0x92, 0x1A, 0x73, 0x41, 0xA2, 0xEA, 0x4A, 0x13, 0x3B, 0x06, 0x07, 0x3A, 0x00, 0xC1, 0x98,
    0x0B, 0xB1, 0xEC, 0xCF, 0x47, 0x28, 0x06, 0xF2, 0x10, 0xA1, 0x08, 0xD6, 0x98, 0x52, 0x91, 0x6C,
    0xFB, 0x3E, 0x51, 0x34, 0xA5, 0x47, 0x65, 0x2B, 0x3C, 0x90, 0x93, 0x99, 0xF0, 0xBD, 0x40, 0xC0,
    0xDB, 0x9F, 0xE2, 0x8D, 0xA1, 0x28, 0x28, 0x98, 0x25, 0x22, 0x8A, 0x2E, 0x45, 0xE4, 0x89, 0x4B,
    0x35, 0xDE, 0xB2, 0x38, 0x38, 0x59, 0x20, 0xC7, 0x44, 0x44, 0x7F, 0x7B, 0x81, 0x66, 0xBA, 0x73,
    0x4B, 0xAD, 0x08, 0x6A, 0x49, 0x16, 0x29, 0x65, 0xD5, 0xF8, 0x81, 0x49, 0x8E, 0x46, 0x4C, 0xA7,
    0x43, 0x27, 0x17, 0x72, 0xB9, 0x59, 0x2C, 0xFE, 0x88, 0xE6, 0x9D, 0x9F, 0x2A, 0x07, 0xE9, 0x98,
    0xC5, 0xE9, 0x44, 0x4E, 0x75, 0x6C, 0xD2, 0x4A, 0x4B, 0x8D, 0x06, 0x69, 0x39, 0x7F, 0x59, 0x8C,
    0x52, 0x03, 0x9C, 0x98, 0xAE, 0x5D, 0x0D, 0x3A, 0x74, 0x39, 0xBF, 0xEA, 0x01, 0xA5, 0xB2, 0xDC,
    0x6A, 0x4A, 0x6D, 0x89, 0xB8, 0x16, 0x86, 0xCE, 0xB4, 0xE6, 0x01, 0xE5, 0x9A, 0x8F, 0xD1, 0x29,
    0x70, 0x6C, 0x16, 0x07, 0x1E, 0x68, 0x35, 0xE2, 0x1A, 0xE8, 0x43, 0x5B, 0x8C, 0x20, 0x79, 0x50,
    0xE4, 0xC2, 0x7C, 0xC6, 0xE5, 0x16, 0xA3, 0x8A, 0x4E, 0x15, 0xED, 0x3A, 0xFA, 0x2D, 0x64, 0x1D,
    0x70, 0x61, 0x1B, 0xF6, 0x91, 0x67, 0x91, 0xCD, 0x94, 0xCD, 0x62, 0x7D, 0xBB, 0x81, 0xC6, 0xF9,
    0x73, 0x69, 0x56, 0x8B, 0x6C, 0x95, 0x4D, 0x59, 0x5A, 0x6E, 0xC5, 0xBA, 0xE3, 0x76, 0x2E, 0x1D,
    0xEE, 0x5C, 0x7E, 0x91, 0xA7, 0xE5, 0xC2, 0x6C, 0xC5, 0x9D, 0x9A, 0x8A, 0xFD, 0x86, 0x37, 0xE2,
    0x3F, 0xA7, 0xA6, 0x97, 0x83, 0xA6, 0x7B, 0x72, 0xC9, 0x56, 0x97, 0xF0, 0x4C, 0xA1, 0x2A, 0x6E,
    0xD8, 0x2A, 0x7A, 0xBA, 0xCE, 0xF1, 0x69, 0xB9, 0x91, 0x1A, 0xBA, 0x13, 0x12, 0x69, 0x20, 0x0E,
    0xE4, 0x81, 0x40, 0x1C, 0x72, 0x75, 0x6B, 0x9C, 0xCF, 0x72, 0x4F, 0x1C, 0xE5, 0xA2, 0x20, 0xE3,
    0xAE, 0xE5, 0x4B, 0x2D, 0xFA, 0x03, 0xD5, 0xE8, 0x31, 0xC8, 0x06, 0xE1, 0x20, 0x1D, 0xC4, 0x0B,
    0x5F, 0x1C, 0x78, 0xD6, 0x83, 0xE7, 0xF3, 0xFF, 0x2A, 0x3E, 0x64, 0x13, 0x5B, 0x4B, 0x81, 0x3E,
    0x54, 0x26, 0x27, 0x54, 0x89, 0x61, 0xF9, 0x0A, 0x3E, 0xEC, 0x4C, 0x12, 0x68, 0x43, 0x76, 0x34,
    0x81, 0x3E, 0xAC, 0x88, 0x3A, 0x78, 0x7A, 0xDD, 0xD7, 0x8B, 0xF3, 0x59, 0x8F, 0xA3, 0x11, 0xCB,
    0x5F, 0x29, 0x78, 0x0E, 0x16, 0xE2, 0xCD, 0xB4, 0x12, 0xC6, 0x9B, 0xF5, 0x73, 0x45, 0x88, 0x25,
    0xC1, 0x9D, 0x08, 0xFB, 0xD4, 0x58, 0x22, 0x69, 0x5E, 0xEF, 0x60, 0x39, 0x93, 0xF3, 0x68, 0x62,
    0x26, 0x1B, 0xA6, 0x9A, 0x08, 0xC0, 0xA5, 0x08, 0xDC, 0xA6, 0xA9, 0xEA, 0x8E, 0x36, 0x62, 0x85,
    0xAA, 0xCC, 0x62, 0x93, 0xAB, 0x07, 0x56, 0xFD, 0x8C, 0x88, 0x80, 0xDF, 0x00, 0xBA, 0x77, 0x26,
    0xD5, 0x90, 0x6E, 0x70, 0x46, 0xEF, 0x4F, 0x63, 0xF4, 0xB4, 0xDF, 0x2C, 0x72, 0x68, 0xAE, 0xF1,
    0x87, 0x28, 0x7F, 0x38, 0x35, 0xFE, 0xAD, 0xEB, 0x7C, 0x28, 0x27, 0x4E, 0x5F, 0x50, 0x6A, 0x24,
    0xF8, 0xA9, 0xBC, 0xFD, 0x03, 0xE1, 0x59, 0x3B, 0x7E, 0x82, 0x6B, 0xD7, 0xBD, 0x41, 0x2C, 0xBB,
    0x3F, 0x66, 0x38, 0x32, 0x41, 0x94, 0x7F, 0x01, 0x85, 0x54, 0x4F, 0x68, 0xE4, 0x54, 0x18, 0xFF,
    0x25, 0xE9, 0x4C, 0x76, 0x26, 0x93, 0x99, 0x41, 0xA6, 0xB8, 0x60, 0x4A, 0x7B, 0x98, 0xC3, 0x30,
    0x1B, 0xBA, 0xD9, 0x92, 0x5D, 0x72, 0x18, 0x76, 0xDE, 0x1E, 0x44, 0x04, 0x85, 0x11, 0x5A, 0x3D,
    0xE8, 0xA1, 0x14, 0x44, 0x3C, 0x19, 0x96, 0x80, 0xBD, 0xE8, 0x84, 0x45, 0x58, 0x50, 0x16, 0x2A,
    0xFE, 0xB9, 0xE8, 0x61, 0xB4, 0x1E, 0xBA, 0xE3, 0xC1, 0x60, 0xC7, 0xC3, 0x5E, 0xDA, 0x07, 0x0B,
    0x16, 0xD1, 0x43, 0x54, 0xBC, 0x2C, 0x5D, 0x18, 0x11, 0x04, 0x57, 0xD4, 0x20, 0x1E, 0x56, 0x69,
    0x1B, 0xBF, 0xF7, 0x92, 0x59, 0x66, 0xA4, 0xEA, 0xCB, 0x7B, 0x49, 0xDE, 0xFB, 0xBE, 0xF7, 0xFB,
    0xFE, 0xFD, 0xDE, 0x9B, 0x83, 0x8E, 0x17, 0xB0, 0x8A, 0xDE, 0x29, 0x0F, 0x30, 0x07, 0x17, 0x97,
    0x58, 0x81, 0x29, 0xA7, 0x3C, 0x24, 0x46, 0x3F, 0x9C, 0xBC, 0x87, 0xC3, 0xE1, 0xCD, 0xF9, 0xD5,
    0xFE, 0x31, 0x30, 0xBF, 0xB6, 0xB6, 0xDA, 0x4F, 0xD3, 0x13, 0x21, 0x99, 0xFE, 0x5F, 0xDF, 0xF2,
    0x07, 0xFF, 0xFD, 0x00, 0xED, 0x9B, 0x6D, 0x81, 0x72, 0x84, 0x4A, 0x2B, 0x48, 0x00, 0xDB, 0xF3,
    0x63, 0x2C, 0xD8, 0x2E, 0x49, 0x5C, 0xCF, 0x6B, 0x11, 0x48, 0xC5, 0x69, 0x45, 0x41, 0xFC, 0x3B,
    0x17, 0x80, 0x76, 0xE0, 0x25, 0x3E, 0xFF, 0x86, 0x8C, 0x2F, 0xB8, 0x76, 0xE4, 0xC6, 0x1F, 0xC8,
    0x55, 0x37, 0x76, 0x63, 0x2F, 0x6E, 0xD1, 0x16, 0xC4, 0x0A, 0x57, 0x78, 0x7B, 0xE7, 0xDC, 0x8E,
    0x06, 0x0D, 0x45, 0x94, 0x61, 0xC2, 0x82, 0x8D, 0x0E, 0x29, 0x01, 0x0E, 0xE0, 0xA3, 0x96, 0xA2,
    0xF0, 0x1D, 0x29, 0x42, 0xE1, 0xA2, 0x3F, 0xF4, 0x1A, 0xC8, 0xB6, 0x06, 0xCA, 0x09, 0x0C, 0x11,
    0x7D, 0x17, 0x7D, 0xD6, 0x67, 0xCB, 0x58, 0xA2, 0x4D, 0x7D, 0xB6, 0xC7, 0xC6, 0xC2, 0x42, 0x30,
    0x12, 0x2F, 0x6F, 0xB4, 0x09, 0x39, 0xF3, 0xEC, 0x91, 0xD7, 0x11, 0x7F, 0x11, 0x79, 0x8C, 0xE7,
    0x59, 0xEF, 0x5F, 0x72, 0x09, 0x3C, 0x7D, 0x6A, 0x1E, 0x45, 0x26, 0x87, 0x69, 0x9A, 0x36, 0x1E,
    0x34, 0x0C, 0xC3, 0xF0, 0xDE, 0xF4, 0x54, 0x55, 0x3F, 0x9E, 0x9A, 0x2A, 0x02, 0x6B, 0x91, 0xDB,
    0x14, 0xC6, 0xC0, 0xA7, 0x28, 0x06, 0x31, 0x30, 0xF8, 0x96, 0xD2, 0x30, 0xF8, 0xB2, 0x51, 0xC0,
    0x87, 0x77, 0x7F, 0x5D, 0xE6, 0xDD, 0x97, 0xAF, 0x3B, 0xF1, 0xDC, 0xB6, 0x3E, 0x88, 0x95, 0x83,
    0xF2, 0x80, 0x6B, 0xBA, 0xF9, 0x35, 0x37, 0x75, 0xEB, 0x07, 0xD6, 0xD2, 0x92, 0x57, 0xA5, 0x2F,
    0x19, 0x4A, 0x06, 0x93, 0xE1, 0x64, 0x40, 0x19, 0x52, 0x06, 0xD5, 0x13, 0x58, 0xB7, 0xEF, 0x0B,
    0xB0, 0x3B, 0x96, 0x40, 0xBB, 0x6B, 0x09, 0xB8, 0x43, 0x4B, 0xE0, 0x1D, 0xBA, 0x02, 0xF0, 0x09,
    0x5F, 0x20, 0x1A, 0x71, 0x86, 0x89, 0xAA, 0xE5, 0xAC, 0x8B, 0x8F, 0x6B, 0x45, 0x0E, 0xDF, 0x60,
    0xD9, 0xDA, 0xC5, 0xD8, 0xFA, 0x34, 0x74, 0x6E, 0x63, 0xE3, 0x71, 0x39, 0x8F, 0x7C, 0xA7, 0x49,
    0x9F, 0x5D, 0x76, 0x35, 0xBC, 0xC0, 0x9B, 0xB2, 0x66, 0xBB, 0xCF, 0x5D, 0xBD, 0x71, 0xE1, 0x8B,
    0xE6, 0xE7, 0xF4, 0xCB, 0x94, 0x58, 0x5B, 0x2F, 0x39, 0x67, 0x1D, 0xA1, 0xA4, 0x32, 0x83, 0xEA,
    0xE5, 0xA2, 0x85, 0x0A, 0x4A, 0x24, 0x3C, 0x4B, 0xF5, 0xAB, 0x52, 0x65, 0xAA, 0xB4, 0xB6, 0x95,
    0x9B, 0x6C, 0xD6, 0x14, 0x6E, 0x16, 0x75, 0xA6, 0xB1, 0x05, 0x2A, 0x64, 0x00, 0x5C, 0x8C, 0xE1,
    0xD5, 0xAE, 0x70, 0x6F, 0xF1, 0x0A, 0x47, 0x40, 0x8E, 0xC5, 0x2E, 0x34, 0x66, 0xC2, 0x2C, 0x6A,
    0xAC, 0x59, 0x43, 0x98, 0x6F, 0xD3, 0xAF, 0x33, 0xFD, 0x31, 0x18, 0x06, 0x6A, 0x55, 0x54, 0x49,
    0x4A, 0xD4, 0xB0, 0x60, 0xD9, 0xA0, 0xFC, 0x8A, 0xA2, 0x06, 0x18, 0x8D, 0x64, 0x96, 0x58, 0x37,
    0x39, 0xEF, 0x55, 0x3D, 0xD3, 0x33, 0xA3, 0x45, 0xBE, 0x4C, 0xDE, 0x08, 0x39, 0x49, 0x25, 0x48,
    0x57, 0x12, 0x1B, 0xA1, 0xCA, 0x9C, 0x32, 0x16, 0xFF, 0x90, 0x93, 0x55, 0x18, 0xCF, 0xA2, 0xA9,
    0x10, 0x0D, 0xA4, 0x29, 0x95, 0x38, 0x2B, 0x1C, 0x17, 0x7C, 0x23, 0x97, 0x39, 0xB4, 0x10, 0xC5,
    0x10, 0x15, 0x0E, 0x0A, 0xDD, 0xC9, 0x83, 0xB0, 0x26, 0xAF, 0x2A, 0x29, 0xA2, 0xF8, 0x97, 0x58,
    0xBE, 0x45, 0x2F, 0xF5, 0x2B, 0xE1, 0xA9, 0x29, 0x4C, 0x94, 0xCE, 0x88, 0xCD, 0x15, 0x3C, 0xC5,
    0x0B, 0x15, 0xEC, 0xBD, 0xA3, 0xFF, 0xD4, 0xD3, 0x7F, 0xC3, 0xE5, 0xC4, 0xE4, 0x38, 0x84, 0x17,
    0x6B, 0xAF, 0xA3, 0x1E, 0x29, 0x7A, 0x1E, 0x1B, 0x51, 0x35, 0xFF, 0xB1, 0x05, 0xC9, 0x89, 0xDE,
    0x64, 0xD4, 0x90, 0x16, 0x88, 0xF8, 0x03, 0xC1, 0x74, 0xE2, 0x38, 0xC1, 0xB6, 0xA4, 0xD2, 0x91,
    0xC2, 0x55, 0xAE, 0x85, 0x1A, 0xD3, 0xA0, 0xF7, 0x8C, 0x71, 0x55, 0x1E, 0x13, 0x8B, 0x84, 0x97,
    0xD1, 0x96, 0x72, 0x82, 0xF1, 0x68, 0xA7, 0x03, 0x5F, 0x89, 0x8C, 0x71, 0x76, 0xAC, 0xD4, 0x50,
    0x0B, 0xCF, 0xB1, 0x36, 0xD1, 0xA8, 0x80, 0x6E, 0xB2, 0x1F, 0x2F, 0x79, 0xBD, 0x84, 0xB4, 0x22,
    0x39, 0x12, 0x35, 0xD6, 0xB8, 0xC1, 0xAA, 0xB4, 0xD1, 0xA6, 0x6D, 0x8D, 0x9C, 0xFF, 0x01, 0xC6,
    0x18, 0x29, 0xE3, 0x09, 0xFD, 0xBA, 0x49, 0x67, 0xC9, 0xF3, 0xE0, 0x05, 0xF0, 0x7C, 0x24, 0x91,
    0xC6, 0xC9, 0x74, 0x6C, 0x83, 0x37, 0x64, 0xE6, 0x02, 0x2D, 0x1C, 0xE9, 0x59, 0xB5, 0xEA, 0xD0,
    0xDF, 0x38, 0x86, 0xFE, 0xA8, 0x41, 0x41, 0xE8, 0xA8, 0x49, 0x02, 0x2C, 0x90, 0x97, 0x23, 0x58,
    0x6A, 0x0C, 0x8B, 0x62, 0x69, 0xA8, 0x59, 0xBC, 0x41, 0x0D, 0x18, 0x55, 0x27, 0x69, 0x40, 0x9A,
    0x32, 0x11, 0x37, 0x45, 0xEA, 0xE5, 0x89, 0x50, 0xB9, 0x38, 0xDB, 0xA4, 0xD1, 0x3D, 0xC6, 0xA5,
    0x34, 0x5C, 0x49, 0xF9, 0x6C, 0x67, 0x2B, 0x6F, 0x63, 0x85, 0xFD, 0xB3, 0x67, 0xCD, 0x48, 0xE3,
    0xF3, 0xF7, 0xB7, 0xBA, 0x53, 0x9D, 0xA6, 0xB5, 0x34, 0x56, 0xD6, 0x84, 0xC6, 0xFE, 0x09, 0xB6,
    0x53, 0xB6, 0x9D, 0xF2, 0xA9, 0x1E, 0xEE, 0xA7, 0x98, 0xEF, 0x49, 0xD3, 0x3E, 0xBC, 0x75, 0x3C,
    0x72, 0x8F, 0xA9, 0x3F, 0x32, 0xC3, 0x81, 0x45, 0x75, 0x20, 0x7E, 0xD7, 0x4C, 0x09, 0xEC, 0xFB,
    0x3E, 0xB1, 0xA3, 0xC0, 0xF0, 0x59, 0xA4, 0x32, 0x3A, 0x77, 0x67, 0xF0, 0x7F, 0x6D, 0x86, 0x71,
    0x96, 0x28, 0x64, 0xB5, 0x29, 0x79, 0x73, 0x6B, 0x4B, 0x7D, 0x5F, 0x32, 0xA6, 0x24, 0x45, 0xF2,
    0x56, 0xFB, 0x3E, 0xC4, 0x4B, 0x43, 0xE8, 0x77, 0x60, 0x13, 0xE3, 0x28, 0xFB, 0xE2, 0x84, 0x26,
    0xFE, 0xFA, 0x18, 0xA2, 0xEC, 0x4C, 0xA7, 0x7B, 0xB1, 0x22, 0x4F, 0x99, 0x1F, 0x0D, 0x22, 0xC1,
    0x78, 0xBA, 0x15, 0x4E, 0x98, 0xE5, 0x14, 0xD3, 0x44, 0x3A, 0xB5, 0x83, 0xF2, 0x33, 0xE4, 0x2C,
    0xAF, 0x53, 0x59, 0x18, 0xE6, 0xDE, 0x84, 0xF9, 0x1E, 0xB4, 0x23, 0xF4, 0x53, 0xFE, 0xF0, 0x9F,
    0xCC, 0xF8, 0x05, 0xD6, 0x5B, 0xC8, 0x0F, 0xE3, 0x1C, 0xD5, 0x26, 0xB3, 0x4B, 0xF9, 0xF6, 0x26,
    0xBE, 0x96, 0x69, 0x35, 0xBF, 0x08, 0x0E, 0x60, 0xED, 0xDE, 0x80, 0x73, 0x60, 0x61, 0xE3, 0x49,
    0x07, 0xF9, 0x1E, 0x48, 0x79, 0x69, 0x36, 0x40, 0x8F, 0x2A, 0x25, 0xC6, 0xCC, 0x62, 0x29, 0xD7,
    0x95, 0x94, 0x00, 0xEB, 0x90, 0xBC, 0x09, 0x25, 0x9C, 0xD1, 0xA9, 0x49, 0x8B, 0x33, 0xAD, 0x09,
    0x35, 0xEC, 0x40, 0xCB, 0xB0, 0x3A, 0xCD, 0x07, 0x26, 0xE8, 0xD2, 0x5E, 0x12, 0xA4, 0x14, 0x60,
    0x93, 0xD6, 0x41, 0xD4, 0x92, 0x09, 0xCA, 0x5B, 0x20, 0x7B, 0xEE, 0xA7, 0x29, 0x2A, 0xB6, 0x20,
    0x87, 0xF8, 0x17, 0xA3, 0xFD, 0xC9, 0x30, 0x14, 0x63, 0x32, 0x17, 0xB2, 0xB2, 0x69, 0x65, 0x72,
    0xDA, 0xE3, 0x8F, 0x08, 0x3C, 0x92, 0xAF, 0x08, 0xF5, 0xCD, 0x00, 0xEE, 0x66, 0xBD, 0xBE, 0xE9,
    0x22, 0xD8, 0xC4, 0xB0, 0xD1, 0xD8, 0x9B, 0xBE, 0xE4, 0xAF, 0x5D, 0xFB, 0x79, 0x7A, 0xFA, 0x4A,
    0xA7, 0x31, 0x35, 0x45, 0xAB, 0x33, 0xAD, 0xDC, 0x78, 0xF1, 0xDD, 0xD6, 0xD4, 0xF4, 0xA3, 0x59,
    0xA8, 0xBF, 0x01, 0x6D, 0x91, 0xC1, 0x6E, 0xD4, 0x30, 0x10, 0x86, 0xFF, 0x24, 0x4D, 0x76, 0xD9,
    0x64, 0x43, 0x0F, 0xB4, 0x2C, 0xAB, 0x94, 0xED, 0xC1, 0x5A, 0x6D, 0x5B, 0xD4, 0x75, 0x45, 0x90,
    0xA0, 0x12, 0xD4, 0xE2, 0x09, 0xF2, 0x08, 0x3E, 0x73, 0x32, 0x67, 0x24, 0x18, 0xDE, 0xC0, 0xA8,
    0x2F, 0xE0, 0x47, 0xD8, 0x03, 0x37, 0x0E, 0x8C, 0x7A, 0xE5, 0xE2, 0x47, 0xC8, 0x23, 0xF0, 0x08,
    0x9D, 0xA4, 0xB4, 0x48, 0x08, 0x8F, 0x6C, 0x69, 0xEC, 0xF1, 0xFC, 0xF3, 0xCD, 0xA4, 0xA6, 0xEE,
    0x37, 0x4E, 0x8B, 0xB9, 0x70, 0xC1, 0x5B, 0x03, 0xEC, 0x4D, 0xA1, 0xB4, 0xB6, 0x1D, 0xD0, 0x25,
    0x31, 0x8B, 0x73, 0x7E, 0xC5, 0x3F, 0xE2, 0x53, 0xCA, 0x90, 0x77, 0x75, 0xA8, 0x70, 0x6E, 0x0E,
    0x18, 0x11, 0xFC, 0x45, 0x42, 0xD1, 0x95, 0xA1, 0xC1, 0x25, 0xBD, 0x8E, 0xDA, 0xEB, 0xF1, 0x73,
    0xDE, 0x2D, 0x7F, 0x23, 0x24, 0x9C, 0x99, 0x19, 0x2A, 0x28, 0x24, 0xE6, 0x28, 0x6C, 0x5C, 0x1D,
    0xB7, 0xE4, 0xA2, 0xE3, 0x2B, 0x89, 0x48, 0xCC, 0xF3, 0xD8, 0xBA, 0x76, 0x77, 0xDE, 0xEF, 0xC5,
    0x94, 0x3E, 0x4B, 0x92, 0x04, 0x05, 0xB6, 0xBE, 0x90, 0x13, 0x38, 0xF5, 0xB2, 0x09, 0xB8, 0x8A,
    0xE2, 0x54, 0xAD, 0x0B, 0x91, 0x39, 0x5A, 0xCC, 0x67, 0x45, 0x31, 0x9B, 0x37, 0xAD, 0x4F, 0xCC,
    0x9B, 0xD0, 0x5A, 0xED, 0x2D, 0x7B, 0x06, 0xD2, 0x87, 0xE2, 0x75, 0xB8, 0xD3, 0x4F, 0xB0, 0xC2,
    0x29, 0xE6, 0xA2, 0x5D, 0xA1, 0xC1, 0x66, 0x50, 0xEB, 0x61, 0x21, 0x4A, 0x35, 0x5A, 0xFC, 0xE4,
    0xDC, 0x3C, 0x13, 0x3F, 0xE7, 0x92, 0xC0, 0x7F, 0x18, 0xF6, 0xD1, 0x0F, 0x94, 0x8A, 0x3F, 0xF5,
    0x87, 0x94, 0x1A, 0xA1, 0xF4, 0x8D, 0x50, 0x1E, 0x0A, 0x65, 0xF2, 0x2F, 0x65, 0xD0, 0x71, 0x35,
    0x52, 0xCE, 0x76, 0x7F, 0x29, 0x07, 0x95, 0x7A, 0xB7, 0xD0, 0x75, 0x5C, 0x91, 0x8E, 0x4E, 0x58,
    0x47, 0xCA, 0x5E, 0xB9, 0xD6, 0x8D, 0x94, 0xFC, 0x5F, 0x4A, 0x7F, 0x4F, 0xA9, 0x46, 0x4A, 0x6F,
    0xF1, 0xA8, 0x98, 0x4C, 0x06, 0x4A, 0x5B, 0x06, 0xE5, 0xB4, 0xB5, 0xFE, 0x23, 0x9F, 0x98, 0x92,
    0x95, 0xBF, 0x24, 0x0B, 0x8D, 0xA5, 0x29, 0x49, 0xD8, 0xE5, 0x41, 0xF3, 0x12, 0x53, 0x55, 0x84,
    0x8C, 0x26, 0xD4, 0xF0, 0x71, 0x77, 0x66, 0xC0, 0xB9, 0xCC, 0xE9, 0xDA, 0x9C, 0x48, 0xC2, 0x05,
    0x9E, 0x60, 0xCD, 0xF7, 0x5D, 0x22, 0x73, 0x77, 0x73, 0x4C, 0x2F, 0xF1, 0x16, 0x1F, 0x70, 0x8D,
    0xAF, 0x06, 0xD3, 0xC5, 0x30, 0x62, 0x4F, 0xEB, 0x5F, 0xA6, 0xDD, 0xB1, 0xFE, 0x46, 0xF6, 0xC6,
    0xF8, 0x1B, 0xD0, 0x7B, 0x2C, 0xFB, 0x17, 0x7A, 0x68, 0xA7, 0x8D, 0x1D, 0xE5, 0xDF, 0xCB, 0x4A,
    0xD6, 0xA2, 0xD1, 0x6B, 0xAF, 0xA5, 0x00, 0xE0, 0x31, 0x29, 0x1C, 0x21, 0x33, 0xE9, 0x28, 0x34,
    0xC5, 0x3B, 0x19, 0xB1, 0x1E, 0x6D, 0x83, 0x5B, 0x45, 0x94, 0x4F, 0x68, 0x1C, 0x55, 0x1C, 0xC7,
    0xBF, 0x3B, 0x2F, 0xED, 0xB3, 0xFB, 0x32, 0x33, 0x01, 0x5B, 0xAA, 0x74, 0xB2, 0xE3, 0xC1, 0x43,
    0x8C, 0x93, 0xEC, 0x52, 0xA7, 0x32, 0xDB, 0x6E, 0x98, 0x17, 0x04, 0xAB, 0x88, 0xD0, 0x43, 0x82,
    0x1E, 0x84, 0x44, 0x4F, 0x1E, 0x5A, 0x3B, 0xD1, 0xF5, 0x20, 0x6A, 0xF6, 0x85, 0xA2, 0x41, 0xF4,
    0x10, 0x90, 0xE2, 0xA5, 0x87, 0x5A, 0x7B, 0xD0, 0x82, 0x75, 0x8A, 0x0A, 0x4A, 0x0B, 0x79, 0xD2,
    0x83, 0x78, 0x50, 0x86, 0x5A, 0x11, 0x54, 0x64, 0x2C, 0x2A, 0x82, 0x58, 0xE6, 0xB0, 0x87, 0xA8,
    0xDD, 0x8C, 0xBF, 0x37, 0x9B, 0xAD, 0x8F, 0x37, 0x97, 0xE1, 0xF7, 0xE7, 0xFB, 0xFB, 0xFD, 0x3E,
    0xBF, 0x07, 0x09, 0xD1, 0x47, 0x00, 0x74, 0x81, 0x74, 0x51, 0xA6, 0xFF, 0xC8, 0x42, 0xE3, 0x92,
    0x46, 0xBC, 0x0D, 0xA6, 0xC0, 0xA4, 0xB9, 0xFC, 0x16, 0xB0, 0x67, 0x19, 0x4E, 0x86, 0xB2, 0x60,
    0x9F, 0x2A, 0xE7, 0x01, 0x78, 0xEF, 0xA0, 0xF3, 0x15, 0xDA, 0x6F, 0xE1, 0xC8, 0x5D, 0x88, 0x5B,
    0x98, 0x4D, 0xE0, 0x96, 0xB8, 0xFB, 0x3A, 0x0E, 0x29, 0x60, 0x2F, 0xAC, 0x52, 0xB9, 0xF3, 0x92,
    0x62, 0x86, 0x40, 0xF2, 0x30, 0xD2, 0x9B, 0xF8, 0x25, 0xC7, 0x0D, 0x8D, 0x1B, 0x0A, 0x1F, 0x4B,
    0xC4, 0x0B, 0xF0, 0xB7, 0x30, 0x3C, 0xB5, 0xB2, 0xA8, 0x69, 0x58, 0x7A, 0x27, 0x17, 0x3F, 0x0D,
    0x51, 0xA2, 0x0E, 0x34, 0x24, 0x7A, 0x39, 0x3C, 0x18, 0x61, 0xA8, 0x49, 0xE3, 0x10, 0x4D, 0x20,
    0x05, 0x72, 0xEC, 0xFA, 0x8D, 0x6C, 0x24, 0x79, 0x51, 0x46, 0xF2, 0xE2, 0x64, 0xBC, 0x28, 0xE3,
    0x52, 0x0F, 0x03, 0xDA, 0xC0, 0xD8, 0x7D, 0xA8, 0xF7, 0x7A, 0x99, 0x7B, 0xAA, 0x28, 0x5C, 0xA6,
    0xD3, 0x49, 0xA6, 0xF2, 0xC0, 0x45, 0x1E, 0xF9, 0xC8, 0xA2, 0xB8, 0xA6, 0xC3, 0x8B, 0x96, 0x5E,
    0xF9, 0x9A, 0x29, 0x46, 0xD6, 0xBB, 0x87, 0x4E, 0x4C, 0x67, 0x4C, 0x6B, 0xFE, 0x85, 0xAE, 0x5F,
    0xD3, 0x71, 0x99, 0xDB, 0xEF, 0xC9, 0xE7, 0x2E, 0xAB, 0xD5, 0x4D, 0x35, 0x75, 0x18, 0xE1, 0x1C,
    0x5A, 0x73, 0x48, 0x3A, 0x43, 0xBB, 0x01, 0xC0, 0x97, 0x00, 0x41, 0x52, 0xEB, 0xEC, 0x11, 0x38,
    0x7C, 0x0A, 0xB6, 0x5F, 0x92, 0xBA, 0x2E, 0x09, 0x4D, 0x10, 0x91, 0xC2, 0x90, 0x24, 0xB6, 0xE8,
    0x4B, 0x70, 0x05, 0xA3, 0x53, 0xF9, 0x3D, 0x46, 0x7E, 0x7C, 0x9E, 0x7C, 0x4E, 0x66, 0x8E, 0xE8,
    0xC2, 0x39, 0x91, 0xC0, 0xEF, 0x47, 0x08, 0x12, 0x1F, 0x51, 0xC2, 0x54, 0x18, 0x32, 0xD5, 0x6A,
    0x73, 0x95, 0xCC, 0x6C, 0x8F, 0xDC, 0xC6, 0x9D, 0xFA, 0x78, 0xC3, 0xF6, 0x0E, 0x7B, 0x5E, 0x7B,
    0xCA, 0xFB, 0x20, 0x5C, 0x2D, 0xB7, 0x66, 0x7F, 0xFE, 0x75, 0xFA, 0x71, 0x7D, 0xBF, 0xA3, 0x67,
    0x5D, 0x39, 0xE3, 0x22, 0x70, 0x86, 0xE1, 0x4B, 0x75, 0x96, 0x23, 0xCF, 0x04, 0xD2, 0xAC, 0x1E,
    0x5C, 0xD2, 0x76, 0x74, 0x4E, 0x8F, 0x87, 0xDF, 0x2A, 0x2F, 0xB9, 0x2A, 0x83, 0x95, 0xAB, 0x88,
    0xCE, 0xAD, 0x23, 0xCC, 0x1C, 0xB4, 0xB2, 0xE3, 0x58, 0x29, 0x73, 0xF2, 0x48, 0xB0, 0xEF, 0x13,
    0x4C, 0x6F, 0x61, 0x22, 0x63, 0x03, 0xED, 0x72, 0xED, 0x31, 0xDD, 0x61, 0x2A, 0x62, 0x32, 0x14,
    0x08, 0x5D, 0x74, 0x56, 0xE1, 0x7F, 0x63, 0x22, 0x2F, 0x2E, 0xE0, 0xC2, 0xFB, 0x34, 0x00, 0xA0,
    0x59, 0xA0, 0x3F, 0x61, 0xE6, 0x24, 0xD1, 0x1C, 0xC0, 0x5F, 0x40, 0xE3, 0x18, 0x7A, 0x7D, 0xD3,
    0x6E, 0xD2, 0xC0, 0xD7, 0x68, 0xE4, 0xA3, 0x5A, 0x55, 0x97, 0xCD, 0x67, 0x9C, 0x4B, 0x31, 0x09,
    0x2A, 0xB3, 0x57, 0x2A, 0xFF, 0x73, 0x78, 0x1D, 0x04, 0x1E, 0x22, 0x07, 0x11, 0xC5, 0xA7, 0x10,
    0x80, 0x5F, 0x16, 0x86, 0xB8, 0x04, 0xB8, 0x0C, 0x6C, 0xC1, 0xCA, 0xD1, 0xF8, 0x0B, 0xB5, 0x3E,
    0x38, 0x91, 0xA7, 0x70, 0xA7, 0x34, 0x73, 0xA5, 0xB9, 0xA3, 0x47, 0xAD, 0x9B, 0xF0, 0x89, 0x42,
    0xA6, 0xC1, 0x6B, 0x19, 0x04, 0x32, 0xCA, 0x98, 0x51, 0xE2, 0xEC, 0xBC, 0x67, 0x5D, 0xBD, 0xE8,
    0xB1, 0x37, 0x45, 0xE0, 0xDA, 0xA2, 0x7D, 0xC5, 0x9E, 0x8C, 0x33, 0xC3, 0x95, 0x21, 0x26, 0x42,
    0xC5, 0x9E, 0x09, 0x5F, 0x1D, 0x0A, 0x57, 0xC0, 0x0E, 0xE1, 0xD1, 0x4D, 0xE0, 0x51, 0x08, 0xC2,
    0xC7, 0x48, 0xB7, 0x66, 0xE1, 0xBE, 0x8C, 0xE9, 0x2F, 0xB1, 0x72, 0x94, 0xA4, 0xC3, 0x64, 0xA5,
    0xFF, 0xB7, 0x46, 0xB5, 0x10, 0x61, 0x47, 0x55, 0xF3, 0xCF, 0x5C, 0x58, 0xDA, 0x7F, 0x42, 0x37,
    0x3F, 0xDA, 0xB0, 0x97, 0x0C, 0x8A, 0x41, 0x95, 0x21, 0x1C, 0xC6, 0xAF, 0x1B, 0x88, 0xC5, 0x99,
    0xE5, 0x86, 0x87, 0xCE, 0x14, 0xBA, 0xF7, 0x22, 0x6D, 0xCB, 0x34, 0xCE, 0x8A, 0xA7, 0x75, 0xFA,
    0xAE, 0xEE, 0x5E, 0xD3, 0x73, 0xDF, 0x2B, 0xC3, 0xAB, 0x1A, 0x4D, 0x55, 0x10, 0xCD, 0x12, 0x47,
    0x14, 0x9E, 0x57, 0xF5, 0x7F, 0xFF, 0xE0, 0xBF, 0x5F, 0x67, 0x6B, 0x04, 0x5D, 0x9F, 0x8A, 0x0A,
    0x08, 0x50, 0xE4, 0x29, 0xC1, 0x33, 0x06, 0x10, 0xD0, 0xF3, 0x34, 0x2A, 0x42, 0xBE, 0xF0, 0xCB,
    0x3E, 0x36, 0xE5, 0xFE, 0xC1, 0xB1, 0xF8, 0xC2, 0x46, 0x50, 0x15, 0xD8, 0xD8, 0x0D, 0x31, 0xC4,
    0xC4, 0x64, 0xCF, 0xC4, 0x19, 0xF9, 0x7F, 0xF6, 0x96, 0xB9, 0xC5, 0x32, 0xD2, 0xB3, 0xE8, 0x66,
    0x98, 0xFB, 0x0E, 0x62, 0x80, 0xDB, 0xD9, 0x19, 0x23, 0x08, 0x11, 0x97, 0x85, 0xE3, 0xC0, 0xB6,
    0xE1, 0x79, 0x08, 0x02, 0x44, 0x53, 0x88, 0x22, 0x84, 0x11, 0x92, 0xE6, 0xD0, 0x6E, 0x82, 0x1A,
    0x41, 0xF3, 0x74, 0xAC, 0x61, 0x37, 0xCD, 0xD7, 0x30, 0xCA, 0x33, 0x98, 0x11, 0x01, 0x1D, 0xCC,
    0xFC, 0xE8, 0x61, 0xE6, 0xE0, 0x71, 0x74, 0x9E, 0xF9, 0x8C, 0xF6, 0x30, 0xC3, 0xDE, 0xB7, 0xAB,
    0x2E, 0x9B, 0x43, 0x13, 0x37, 0xE4, 0x2C, 0xA2, 0x2C, 0x47, 0x5B, 0x4D, 0xAE, 0x15, 0x27, 0x76,
    0x75, 0xBD, 0xCA, 0xCC, 0x25, 0xB3, 0x02, 0xBB, 0x5E, 0x44, 0xB3, 0x34, 0x55, 0xEE, 0xCF, 0xF0,
    0x52, 0xD5, 0xD5, 0xA0, 0xB2, 0x21, 0xFB, 0x0A, 0x13, 0x5A, 0x4D, 0xB0, 0xD7, 0xCD, 0x02, 0x35,
    0x25, 0x0E, 0x9C, 0x80, 0xBF, 0x81, 0x0F, 0x21, 0x27, 0x2D, 0x22, 0x56, 0x05, 0x02, 0xED, 0x57,
    0x11, 0xE7, 0x3B, 0xA5, 0xF9, 0x0A, 0x2D, 0x8D, 0x50, 0x53, 0xC0, 0x3E, 0x3B, 0xFD, 0x14, 0x93,
    0x7B, 0xD8, 0x83, 0x8F, 0xB2, 0x9B, 0x3F, 0x89, 0xB1, 0x7B, 0x9A, 0x14, 0x67, 0x8D, 0x1A, 0x75,
    0x7B, 0x21, 0x61, 0x9C, 0x4C, 0x35, 0xF4, 0x6A, 0x50, 0xE6, 0x5A, 0xB9, 0x0D, 0x7E, 0x6A, 0x5D,
    0xBA, 0xFC, 0x21, 0x65, 0x73, 0xA6, 0x3C, 0x5A, 0xF0, 0x00, 0x5C, 0x76, 0x48, 0x7A, 0x64, 0xB4,
    0xD0, 0xA1, 0x19, 0xE4, 0xAF, 0xD4, 0xB4, 0x67, 0x99, 0xDB, 0x61, 0xAF, 0x15, 0xCD, 0x52, 0x51,
    0x61, 0x07, 0x16, 0xD0, 0x3C, 0xBF, 0x53, 0x1B, 0xAC, 0x27, 0xC1, 0x9E, 0x85, 0x3F, 0xC0, 0xE6,
    0xA1, 0xDA, 0x0F, 0x2D, 0xF6, 0xC6, 0x32, 0x1F, 0xDF, 0x10, 0x55, 0x31, 0xA2, 0x42, 0x8B, 0xDA,
    0xB1, 0xEF, 0x6F, 0x7A, 0xAB, 0x72, 0x1C, 0x04, 0x5E, 0x20, 0xBC, 0x24, 0x5B, 0xD7, 0x44, 0xB5,
    0xA8, 0x69, 0xC1, 0x95, 0x3B, 0x80, 0xB3, 0x04, 0x8F, 0x52, 0xD3, 0x2A, 0x72, 0xD9, 0x3E, 0x89,
    0x78, 0x0B, 0xE3, 0x1A, 0x77, 0x28, 0xFC, 0x07, 0x63, 0x60, 0xA8, 0x6F, 0x60, 0x60, 0x00, 0x00,
    0x9D, 0x91, 0x31, 0x4E, 0xC3, 0x30, 0x18, 0x85, 0x5F, 0x62, 0x24, 0x0F, 0x56, 0xD2, 0x0B, 0xA4,
    0x61, 0x65, 0x70, 0xC5, 0xE2, 0xC1, 0x03, 0x42, 0x96, 0x18, 0x39, 0x04, 0x2B, 0x63, 0x06, 0xF6,
    0xA6, 0x37, 0xF2, 0x0D, 0xEA, 0x23, 0xB8, 0x62, 0x60, 0xF5, 0x11, 0x32, 0x30, 0x64, 0x40, 0x2A,
    0xEF, 0x77, 0xA9, 0x18, 0xD8, 0x48, 0x94, 0x2D, 0xEF, 0x7B, 0xFE, 0x9E, 0x61, 0x4E, 0x2B, 0x76,
    0x4F, 0x33, 0x9C, 0x01, 0xDE, 0x7A, 0xA8, 0xF3, 0x39, 0x23, 0x6E, 0x81, 0x32, 0x00, 0xD9, 0xA2,
    0x49, 0x1E, 0x6D, 0x72, 0xFC, 0x26, 0xA8, 0x39, 0x42, 0x85, 0x08, 0x8D, 0x02, 0x83, 0x8C, 0xB1,
    0x4D, 0x58, 0x6F, 0x03, 0xEA, 0x63, 0x4E, 0xD8, 0x3D, 0xC3, 0x11, 0x42, 0xC6, 0x80, 0x68, 0x51,
    0x2C, 0xB2, 0x6F, 0x92, 0x63, 0xB4, 0x4D, 0x51, 0xCD, 0x45, 0x85, 0xAC, 0xF9, 0x23, 0x30, 0x02,
    0xEB, 0x4F, 0xEA, 0x03, 0x12, 0x83, 0xEB, 0x19, 0xEC, 0x6A, 0x52, 0xA2, 0x28, 0x9E, 0xED, 0x9E,
    0xED, 0x97, 0x66, 0xE6, 0xD9, 0x5E, 0xD8, 0x9E, 0xD9, 0x5E, 0x19, 0x02, 0xB9, 0x52, 0xA4, 0x7D,
    0x0D, 0xD4, 0x38, 0x64, 0xF1, 0x08, 0x22, 0x22, 0x26, 0xEF, 0x33, 0x55, 0x54, 0xA0, 0x8B, 0x16,
    0x19, 0x2D, 0x36, 0x46, 0x74, 0x7A, 0xA1, 0x76, 0x22, 0x34, 0x88, 0x91, 0xAD, 0x4A, 0xD5, 0xA9,
    0x4A, 0xFD, 0x5A, 0x55, 0x72, 0x96, 0x81, 0x84, 0xDC, 0x24, 0x92, 0xDB, 0xF4, 0x97, 0x6C, 0xFE,
    0x43, 0x6E, 0x79, 0xFA, 0xCD, 0x0B, 0x20, 0x08, 0x12, 0xF0, 0xB0, 0x5F, 0xE0, 0x3B, 0x6E, 0xC1,
    0x0D, 0x26, 0x6E, 0x10, 0xFD, 0x65, 0x87, 0xC2, 0x51, 0xB3, 0x63, 0xC3, 0x7D, 0x10, 0x82, 0x9A,
    0xC9, 0x23, 0xE4, 0xF1, 0xCA, 0xD1, 0x9F, 0x64, 0xF3, 0xC6, 0xEE, 0x28, 0xFD, 0xBA, 0xC5, 0xE6,
    0xEB, 0x98, 0xED, 0x8D, 0x85, 0xE7, 0x3B, 0xF2, 0x42, 0x34, 0x37, 0xC4, 0x32, 0x91, 0x19, 0x31,
    0x2F, 0x11, 0xC7, 0xB4, 0xAF, 0xB1, 0x6F, 0x63, 0x60, 0x68, 0x60, 0x60, 0x60, 0x60, 0xFE, 0x00,
    0x24, 0xF8, 0xFF, 0x00, 0x09, 0xDB, 0x78, 0x20, 0xF1, 0x81, 0xF9, 0x00, 0x03, 0xF3, 0xEF, 0x4B,
    0x1F, 0x18, 0xF8, 0xFF, 0x5F, 0xFA, 0xC3, 0x60, 0xFF, 0xDF, 0xFD, 0x3F, 0x83, 0xFE, 0x3F, 0xF9,
    0x7F, 0x0C, 0xDC, 0x7F, 0xED, 0x7F, 0x30, 0x30, 0xFD, 0xFF, 0xFF, 0x80, 0x81, 0x61, 0xAF, 0x3D,
    0x50, 0x9F, 0x8E, 0x1E, 0x50, 0x31, 0xF7, 0x0E, 0x20, 0xC1, 0x04, 0x14, 0x62, 0x60, 0x70, 0x60,
    0x60, 0x00, 0x00,
};

static const EpdGlyph notosans_c17_italicGlyphs[] = {
    { 0, 0, 0, 0, 0, 0, 0 }, // U+0000
    { 0, 0, 71, 0, 0, 0, 0 }, // U+000D
    { 0, 0, 71, 0, 0, 0, 0 }, // U+0020
    { 5, 14, 71, 0, 13, 18, 0 }, // !
    { 6, 6, 107, 1, 13, 9, 18 }, // "
    { 12, 13, 176, 0, 13, 39, 27 }, // #
    { 9, 14, 150, 0, 13, 32, 66 }, // $
    { 12, 14, 217, 1, 13, 42, 98 }, // %
    { 11, 14, 183, 0, 13, 39, 140 }, // &
    { 4, 6, 60, 1, 13, 6, 179 }, // '
    { 7, 16, 79, 0, 13, 28, 185 }, // (
    { 7, 16, 79, -2, 13, 28, 213 }, // )
    { 9, 8, 150, 1, 13, 18, 241 }, // *
    { 9, 10, 156, 1, 11, 23, 259 }, // +
    { 4, 5, 70, -1, 2, 5, 282 }, // ,
    { 5, 3, 85, 0, 6, 4, 287 }, // -
    { 3, 4, 70, 0, 3, 3, 291 }, // .
    { 9, 13, 97, -1, 13, 30, 294 }, // /
    { 10, 14, 152, 0, 13, 35, 324 }, // 0
    { 6, 13, 124, 1, 13, 20, 359 }, // 1
    { 10, 13, 150, -1, 13, 33, 379 }, // 2
    { 10, 14, 150, -1, 13, 35, 412 }, // 3
    { 10, 13, 150, 0, 13, 33, 447 }, // 4
    { 9, 14, 150, 0, 13, 32, 480 }, // 5
    { 9, 14, 150, 0, 13, 32, 512 }, // 6
    { 9, 13, 130, 1, 13, 30, 544 }, // 7
    { 10, 14, 150, 0, 13, 35, 574 }, // 8
    { 9, 14, 150, 0, 13, 32, 609 }, // 9
    { 4, 11, 70, 0, 10, 11, 641 }, // :
    { 5, 13, 70, -1, 10, 17, 652 }, // ;
    { 9, 10, 156, 1, 11, 23, 669 }, // <
    { 9, 6, 156, 1, 9, 14, 692 }, // =
    { 9, 10, 156, 1, 11, 23, 706 }, // >
    { 7, 14, 117, 1, 13, 25, 729 }, // ?
    { 14, 15, 231, 0, 13, 53, 754 }, // @
    { 10, 13, 153, -1, 13, 33, 807 }, // A
    { 11, 13, 163, 0, 13, 36, 840 }, // B
    { 10, 14, 160, 1, 13, 35, 876 }, // C
    { 11, 13, 181, 0, 13, 36, 911 }, // D
    { 10, 13, 140, 0, 13, 33, 947 }, // E
    { 10, 13, 130, 0, 13, 33, 980 }, // F
    { 11, 14, 184, 1, 13, 39, 1013 }, // G
    { 12, 13, 185, 0, 13, 39, 1052 }, // H
    { 8, 13, 88, -1, 13, 26, 1091 }, // I
    { 8, 17, 74, -3, 13, 34, 1117 }, // J
    { 12, 13, 153, 0, 13, 39, 1151 }, // K
    { 8, 13, 130, 0, 13, 26, 1190 }, // L
    { 15, 13, 229, 0, 13, 49, 1216 }, // M
    { 13, 13, 192, 0, 13, 43, 1265 }, // N
    { 11, 14, 196, 1, 13, 39, 1308 }, // O
    { 10, 13, 154, 0, 13, 33, 1347 }, // P
    { 11, 16, 196, 1, 13, 44, 1380 }, // Q
    { 10, 13, 156, 0, 13, 33, 1424 }, // R
    { 9, 14, 137, 0, 13, 32, 1457 }, // S
    { 10, 13, 136, 1, 13, 33, 1489 }, // T
    { 11, 14, 184, 1, 13, 39, 1522 }, // U
    { 10, 13, 150, 1, 13, 33, 1561 }, // V
    { 16, 13, 233, 1, 13, 52, 1594 }, // W
    { 12, 13, 143, -1, 13, 39, 1646 }, // X
    { 10, 13, 138, 1, 13, 33, 1685 }, // Y
    { 11, 13, 144, -1, 13, 36, 1718 }, // Z
    { 8, 16, 79, -1, 13, 32, 1754 }, // [
    { 4, 13, 97, 1, 13, 13, 1786 }, // <backslash>
    { 8, 16, 79, -2, 13, 32, 1799 }, // ]
    { 10, 9, 156, 0, 13, 23, 1831 }, // ^
    { 8, 2, 107, -2, -1, 4, 1854 }, // _
    { 4, 4, 76, 2, 14, 4, 1858 }, // `
    { 10, 11, 154, 0, 10, 28, 1862 }, // a
    { 10, 14, 157, 0, 13, 35, 1890 }, // b
    { 8, 11, 123, 0, 10, 22, 1925 }, // c
    { 11, 14, 157, 0, 13, 39, 1947 }, // d
    { 8, 11, 136, 0, 10, 22, 1986 }, // e
    { 10, 18, 86, -2, 13, 45, 2008 }, // f
    { 10, 15, 157, 0, 10, 38, 2053 }, // g
    { 9, 13, 157, 0, 13, 30, 2091 }, // h
    { 5, 13, 70, 0, 13, 17, 2121 }, // i
    { 8, 18, 70, -3, 13, 36, 2138 }, // j
    { 9, 13, 135, 0, 13, 30, 2174 }, // k
    { 5, 13, 70, 0, 13, 17, 2204 }, // l
    { 14, 10, 238, 0, 10, 35, 2221 }, // m
    { 9, 10, 157, 0, 10, 23, 2256 }, // n
    { 9, 11, 153, 0, 10, 25, 2279 }, // o
    { 11, 15, 157, -1, 10, 42, 2304 }, // p
    { 10, 15, 157, 0, 10, 38, 2346 }, // q
    { 8, 10, 108, 0, 10, 20, 2384 }, // r
    { 7, 11, 118, 0, 10, 20, 2404 }, // s
    { 7, 13, 90, 0, 12, 23, 2424 }, // t
    { 10, 11, 157, 0, 10, 28, 2447 }, // u
    { 9, 10, 127, 0, 10, 23, 2475 }, // v
    { 13, 10, 197, 0, 10, 33, 2498 }, // w
    { 10, 10, 131, -1, 10, 25, 2531 }, // x
    { 11, 15, 127, -2, 10, 42, 2556 }, // y
    { 9, 10, 121, -1, 10, 23, 2598 }, // z
    { 7, 16, 95, 0, 13, 28, 2621 }, // {
    { 2, 18, 150, 4, 13, 9, 2649 }, // |
    { 7, 16, 95, -1, 13, 28, 2658 }, // }
    { 9, 4, 156, 1, 8, 9, 2686 }, // ~
    { 0, 0, 71, 0, 0, 0, 0 }, // U+00A0
    { 6, 14, 71, -1, 10, 21, 0 }, // U+00A1
    { 8, 14, 150, 1, 13, 28, 21 }, // U+00A2
    { 11, 13, 150, -1, 13, 36, 49 }, // U+00A3
    { 8, 8, 150, 1, 10, 16, 85 }, // U+00A4
    { 10, 13, 150, 1, 13, 33, 101 }, // U+00A5
    { 2, 18, 150, 4, 13, 9, 134 }, // U+00A6
    { 9, 14, 132, 0, 13, 32, 143 }, // U+00A7
    { 6, 3, 151, 3, 13, 5, 175 }, // U+00A8
    { 14, 14, 226, 0, 13, 49, 180 }, // U+00A9
    { 6, 7, 92, 1, 13, 11, 229 }, // U+00AA
    { 8, 8, 130, 0, 8, 16, 240 }, // U+00AB
    { 9, 5, 156, 1, 7, 12, 256 }, // U+00AC
    { 5, 3, 85, 0, 6, 4, 268 }, // U+00AD
    { 14, 14, 226, 0, 13, 49, 272 }, // U+00AE
    { 8, 3, 107, 1, 15, 6, 321 }, // U+00AF
    { 7, 6, 116, 0, 13, 11, 327 }, // U+00B0
    { 9, 11, 156, 1, 11, 25, 338 }, // U+00B1
    { 6, 8, 96, 1, 15, 12, 363 }, // U+00B2
    { 6, 9, 96, 1, 15, 14, 375 }, // U+00B3
    { 5, 4, 72, 1, 14, 5, 389 }, // U+00B4
    { 11, 15, 159, -1, 10, 42, 394 }, // U+00B5
    { 10, 16, 178, 1, 13, 40, 436 }, // U+00B6
    { 3, 4, 70, 1, 8, 3, 476 }, // U+00B7
    { 4, 5, 56, -2, 0, 5, 479 }, // U+00B8
    { 4, 8, 96, 2, 15, 8, 484 }, // U+00B9
    { 6, 7, 92, 1, 13, 11, 492 }, // U+00BA
    { 8, 8, 130, 0, 8, 16, 503 }, // U+00BB
    { 11, 13, 199, 1, 13, 36, 519 }, // U+00BC
    { 12, 13, 219, 1, 13, 39, 555 }, // U+00BD
    { 13, 13, 216, 0, 13, 43, 594 }, // U+00BE
    { 8, 14, 117, -1, 10, 28, 637 }, // U+00BF
    { 10, 17, 153, -1, 17, 43, 665 }, // U+00C0
    { 11, 17, 153, -1, 17, 47, 708 }, // U+00C1
    { 11, 17, 153, -1, 17, 47, 755 }, // U+00C2
    { 11, 16, 153, -1, 16, 44, 802 }, // U+00C3
    { 11, 16, 153, -1, 16, 44, 846 }, // U+00C4
    { 10, 17, 153, -1, 17, 43, 890 }, // U+00C5
    { 16, 13, 224, -1, 13, 52, 933 }, // U+00C6
    { 10, 18, 160, 1, 13, 45, 985 }, // U+00C7
    { 10, 17, 140, 0, 17, 43, 1030 }, // U+00C8
    { 10, 17, 140, 0, 17, 43, 1073 }, // U+00C9
    { 10, 17, 140, 0, 17, 43, 1116 }, // U+00CA
    { 10, 16, 140, 0, 16, 40, 1159 }, // U+00CB
    { 8, 17, 88, -1, 17, 34, 1199 }, // U+00CC
    { 9, 17, 88, -1, 17, 39, 1233 }, // U+00CD
    { 9, 17, 88, -1, 17, 39, 1272 }, // U+00CE
    { 9, 16, 88, -1, 16, 36, 1311 }, // U+00CF
    { 11, 13, 181, 0, 13, 36, 1347 }, // U+00D0
    { 13, 16, 192, 0, 16, 52, 1383 }, // U+00D1
    { 11, 18, 196, 1, 17, 50, 1435 }, // U+00D2
    { 11, 18, 196, 1, 17, 50, 1485 }, // U+00D3
    { 11, 18, 196, 1, 17, 50, 1535 }, // U+00D4
    { 11, 17, 196, 1, 16, 47, 1585 }, // U+00D5
    { 11, 17, 196, 1, 16, 47, 1632 }, // U+00D6
    { 8, 8, 156, 1, 10, 16, 1679 }, // U+00D7
    { 13, 14, 196, 0, 13, 46, 1695 }, // U+00D8
    { 11, 18, 184, 1, 17, 50, 1741 }, // U+00D9
    { 11, 18, 184, 1, 17, 50, 1791 }, // U+00DA
    { 11, 18, 184, 1, 17, 50, 1841 }, // U+00DB
    { 11, 17, 184, 1, 16, 47, 1891 }, // U+00DC
    { 10, 17, 138, 1, 17, 43, 1938 }, // U+00DD
    { 10, 13, 154, 0, 13, 33, 1981 }, // U+00DE
    { 13, 18, 159, -3, 13, 59, 2014 }, // U+00DF
    { 10, 15, 154, 0, 14, 38, 2073 }, // U+00E0
    { 10, 15, 154, 0, 14, 38, 2111 }, // U+00E1
    { 10, 15, 154, 0, 14, 38, 2149 }, // U+00E2
    { 10, 14, 154, 0, 13, 35, 2187 }, // U+00E3
    { 10, 14, 154, 0, 13, 35, 2222 }, // U+00E4
    { 10, 15, 154, 0, 14, 38, 2257 }, // U+00E5
    { 14, 11, 223, 0, 10, 39, 2295 }, // U+00E6
    { 8, 15, 123, 0, 10, 30, 2334 }, // U+00E7
    { 8, 15, 136, 0, 14, 30, 2364 }, // U+00E8
    { 9, 15, 136, 0, 14, 34, 2394 }, // U+00E9
    { 9, 15, 136, 0, 14, 34, 2428 }, // U+00EA
    { 9, 14, 136, 0, 13, 32, 2462 }, // U+00EB
    { 5, 14, 70, 0, 14, 18, 2494 }, // U+00EC
    { 7, 14, 70, 0, 14, 25, 2512 }, // U+00ED
    { 6, 14, 70, 0, 14, 21, 2537 }, // U+00EE
    { 6, 13, 70, 0, 13, 20, 2558 }, // U+00EF
    { 10, 14, 155, 0, 13, 35, 2578 }, // U+00F0
    { 10, 13, 157, 0, 13, 33, 2613 }, // U+00F1
    { 9, 15, 153, 0, 14, 34, 2646 }, // U+00F2
    { 9, 15, 153, 0, 14, 34, 2680 }, // U+00F3
    { 9, 15, 153, 0, 14, 34, 2714 }, // U+00F4
    { 10, 14, 153, 0, 13, 35, 2748 }, // U+00F5
    { 9, 14, 153, 0, 13, 32, 2783 }, // U+00F6
    { 9, 8, 156, 1, 10, 18, 2815 }, // U+00F7
    { 10, 11, 153, 0, 10, 28, 2833 }, // U+00F8
    { 10, 15, 157, 0, 14, 38, 2861 }, // U+00F9
    { 10, 15, 157, 0, 14, 38, 2899 }, // U+00FA
    { 10, 15, 157, 0, 14, 38, 2937 }, // U+00FB
    { 10, 14, 157, 0, 13, 35, 2975 }, // U+00FC
    { 11, 19, 127, -2, 14, 53, 3010 }, // U+00FD
    { 11, 18, 157, -1, 13, 50, 3063 }, // U+00FE
    { 11, 18, 127, -2, 13, 50, 3113 }, // U+00FF
    { 11, 15, 153, -1, 15, 42, 0 }, // U+0100
    { 10, 13, 154, 0, 12, 33, 42 }, // U+0101
    { 11, 16, 153, -1, 16, 44, 75 }, // U+0102
    { 10, 14, 154, 0, 13, 35, 119 }, // U+0103
    { 10, 17, 153, -1, 13, 43, 154 }, // U+0104
    { 10, 14, 154, 0, 10, 35, 197 }, // U+0105
    { 10, 18, 160, 1, 17, 45, 232 }, // U+0106
    { 9, 15, 123, 0, 14, 34, 277 }, // U+0107
    { 10, 18, 160, 1, 17, 45, 311 }, // U+0108
    { 8, 15, 123, 0, 14, 30, 356 }, // U+0109
    { 10, 17, 160, 1, 16, 43, 386 }, // U+010A
    { 8, 14, 123, 0, 13, 28, 429 }, // U+010B
    { 10, 18, 160, 1, 17, 45, 457 }, // U+010C
    { 9, 15, 123, 0, 14, 34, 502 }, // U+010D
    { 11, 17, 181, 0, 17, 47, 536 }, // U+010E
    { 13, 14, 167, 0, 13, 46, 583 }, // U+010F
    { 11, 13, 181, 0, 13, 36, 629 }, // U+0110
    { 12, 14, 157, 0, 13, 42, 665 }, // U+0111
    { 10, 15, 140, 0, 15, 38, 707 }, // U+0112
    { 9, 13, 136, 0, 12, 30, 745 }, // U+0113
    { 10, 16, 140, 0, 16, 40, 775 }, // U+0114
    { 9, 14, 136, 0, 13, 32, 815 }, // U+0115
    { 10, 16, 140, 0, 16, 40, 847 }, // U+0116
    { 8, 14, 136, 0, 13, 28, 887 }, // U+0117
    { 10, 17, 140, 0, 13, 43, 915 }, // U+0118
    { 8, 14, 136, 0, 10, 28, 958 }, // U+0119
    { 10, 17, 140, 0, 17, 43, 986 }, // U+011A
    { 9, 15, 136, 0, 14, 34, 1029 }, // U+011B
    { 11, 18, 184, 1, 17, 50, 1063 }, // U+011C
    { 10, 19, 157, 0, 14, 48, 1113 }, // U+011D
    { 11, 17, 184, 1, 16, 47, 1161 }, // U+011E
    { 10, 18, 157, 0, 13, 45, 1208 }, // U+011F
    { 11, 17, 184, 1, 16, 47, 1253 }, // U+0120
    { 10, 18, 157, 0, 13, 45, 1300 }, // U+0121
    { 11, 17, 184, 1, 13, 47, 1345 }, // U+0122
    { 10, 19, 157, 0, 14, 48, 1392 }, // U+0123
    { 12, 17, 185, 0, 17, 51, 1440 }, // U+0124
    { 9, 18, 157, 0, 18, 41, 1491 }, // U+0125
    { 13, 13, 185, 0, 13, 43, 1532 }, // U+0126
    { 9, 13, 157, 0, 13, 30, 1575 }, // U+0127
    { 9, 16, 88, -1, 16, 36, 1605 }, // U+0128
    { 7, 13, 70, 0, 13, 23, 1641 }, // U+0129
    { 9, 15, 88, -1, 15, 34, 1664 }, // U+012A
    { 6, 12, 70, 0, 12, 18, 1698 }, // U+012B
    { 9, 16, 88, -1, 16, 36, 1716 }, // U+012C
    { 7, 13, 70, 0, 13, 23, 1752 }, // U+012D
    { 8, 17, 88, -1, 13, 34, 1775 }, // U+012E
    { 6, 17, 70, -1, 13, 26, 1809 }, // U+012F
    { 8, 16, 88, -1, 16, 32, 1835 }, // U+0130
    { 4, 10, 70, 0, 10, 10, 1867 }, // U+0131
    { 12, 17, 162, -1, 13, 51, 1877 }, // U+0132
    { 9, 18, 140, 0, 13, 41, 1928 }, // U+0133
    { 10, 21, 74, -3, 17, 53, 1969 }, // U+0134
    { 9, 19, 70, -3, 14, 43, 2022 }, // U+0135
    { 12, 17, 153, 0, 13, 51, 2065 }, // U+0136
    { 9, 17, 135, 0, 13, 39, 2116 }, // U+0137
    { 9, 10, 135, 0, 10, 23, 2155 }, // U+0138
    { 8, 17, 130, 0, 17, 34, 2178 }, // U+0139
    { 7, 18, 70, 0, 18, 32, 2212 }, // U+013A
    { 8, 17, 130, 0, 13, 34, 2244 }, // U+013B
    { 6, 17, 70, -1, 13, 26, 2278 }, // U+013C
    { 9, 13, 130, 0, 13, 30, 2304 }, // U+013D
    { 8, 13, 78, 0, 13, 26, 2334 }, // U+013E
    { 8, 13, 130, 0, 13, 26, 2360 }, // U+013F
    { 6, 13, 81, 0, 13, 20, 2386 }, // U+0140
    { 8, 13, 130, 0, 13, 26, 2406 }, // U+0141
    { 5, 13, 70, 0, 13, 17, 2432 }, // U+0142
    { 13, 17, 192, 0, 17, 56, 2449 }, // U+0143
    { 9, 14, 157, 0, 14, 32, 2505 }, // U+0144
    { 13, 17, 192, 0, 13, 56, 2537 }, // U+0145
    { 9, 14, 157, 0, 10, 32, 2593 }, // U+0146
    { 13, 17, 192, 0, 17, 56, 2625 }, // U+0147
    { 10, 14, 157, 0, 14, 35, 2681 }, // U+0148
    { 11, 13, 179, 0, 13, 36, 2716 }, // U+0149
    { 13, 17, 192, 0, 13, 56, 2752 }, // U+014A
    { 9, 15, 157, 0, 10, 34, 2808 }, // U+014B
    { 11, 16, 196, 1, 15, 44, 2842 }, // U+014C
    { 9, 13, 153, 0, 12, 30, 2886 }, // U+014D
    { 11, 17, 196, 1, 16, 47, 2916 }, // U+014E
    { 9, 14, 153, 0, 13, 32, 2963 }, // U+014F
    { 12, 18, 196, 1, 17, 54, 2995 }, // U+0150
    { 10, 15, 153, 0, 14, 38, 3049 }, // U+0151
    { 15, 14, 234, 1, 13, 53, 3087 }, // U+0152
    { 15, 11, 236, 0, 10, 42, 3140 }, // U+0153
    { 10, 17, 156, 0, 17, 43, 3182 }, // U+0154
    { 8, 14, 108, 0, 14, 28, 3225 }, // U+0155
    { 10, 17, 156, 0, 13, 43, 3253 }, // U+0156
    { 9, 14, 108, -1, 10, 32, 3296 }, // U+0157
    { 10, 17, 156, 0, 17, 43, 3328 }, // U+0158
    { 9, 14, 108, 0, 14, 32, 3371 }, // U+0159
    { 9, 18, 137, 0, 17, 41, 3403 }, // U+015A
    { 8, 15, 118, 0, 14, 30, 3444 }, // U+015B
    { 9, 18, 137, 0, 17, 41, 3474 }, // U+015C
    { 8, 15, 118, 0, 14, 30, 3515 }, // U+015D
    { 9, 18, 137, 0, 13, 41, 3545 }, // U+015E
    { 7, 15, 118, 0, 10, 27, 3586 }, // U+015F
    { 10, 18, 137, 0, 17, 45, 3613 }, // U+0160
    { 8, 15, 118, 0, 14, 30, 3658 }, // U+0161
    { 10, 18, 136, 1, 13, 45, 3688 }, // U+0162
    { 7, 17, 90, 0, 12, 30, 3733 }, // U+0163
    { 10, 17, 136, 1, 17, 43, 3763 }, // U+0164
    { 8, 14, 90, 0, 13, 28, 3806 }, // U+0165
    { 10, 13, 136, 1, 13, 33, 3834 }, // U+0166
    { 7, 13, 90, 0, 12, 23, 3867 }, // U+0167
    { 11, 17, 184, 1, 16, 47, 3890 }, // U+0168
    { 10, 14, 157, 0, 13, 35, 3937 }, // U+0169
    { 11, 16, 184, 1, 15, 44, 3972 }, // U+016A
    { 10, 13, 157, 0, 12, 33, 4016 }, // U+016B
    { 11, 17, 184, 1, 16, 47, 4049 }, // U+016C
    { 10, 14, 157, 0, 13, 35, 4096 }, // U+016D
    { 11, 18, 184, 1, 17, 50, 4131 }, // U+016E
    { 10, 15, 157, 0, 14, 38, 4181 }, // U+016F
    { 11, 18, 184, 1, 17, 50, 4219 }, // U+0170
    { 11, 15, 157, 0, 14, 42, 4269 }, // U+0171
    { 11, 17, 184, 1, 13, 47, 4311 }, // U+0172
    { 10, 14, 157, 0, 10, 35, 4358 }, // U+0173
    { 16, 17, 233, 1, 17, 68, 4393 }, // U+0174
    { 13, 14, 197, 0, 14, 46, 4461 }, // U+0175
    { 10, 17, 138, 1, 17, 43, 4507 }, // U+0176
    { 11, 19, 127, -2, 14, 53, 4550 }, // U+0177
    { 10, 16, 138, 1, 16, 40, 4603 }, // U+0178
    { 11, 17, 144, -1, 17, 47, 4643 }, // U+0179
    { 9, 14, 121, -1, 14, 32, 4690 }, // U+017A
    { 11, 16, 144, -1, 16, 44, 4722 }, // U+017B
    { 9, 13, 121, -1, 13, 30, 4766 }, // U+017C
    { 11, 17, 144, -1, 17, 47, 4796 }, // U+017D
    { 10, 14, 121, -1, 14, 35, 4843 }, // U+017E
    { 11, 18, 77, -3, 13, 50, 4878 }, // U+017F
    { 14, 14, 196, 1, 13, 49, 0 }, // U+01A0
    { 12, 12, 154, 0, 11, 36, 49 }, // U+01A1
    { 14, 14, 198, 1, 13, 49, 85 }, // U+01AF
    { 13, 12, 170, 0, 11, 39, 134 }, // U+01B0
    { 22, 17, 326, 0, 17, 94, 173 }, // U+01C4
    { 20, 14, 302, 0, 14, 70, 267 }, // U+01C5
    { 18, 15, 279, 0, 14, 68, 337 }, // U+01C6
    { 13, 17, 204, 0, 13, 56, 405 }, // U+01C7
    { 13, 18, 200, 0, 13, 59, 461 }, // U+01C8
    { 9, 18, 140, 0, 13, 41, 520 }, // U+01C9
    { 17, 17, 267, 0, 13, 73, 561 }, // U+01CA
    { 17, 18, 262, 0, 13, 77, 634 }, // U+01CB
    { 15, 18, 228, 0, 13, 68, 711 }, // U+01CC
    { 11, 17, 153, -1, 17, 47, 779 }, // U+01CD
    { 10, 15, 154, 0, 14, 38, 826 }, // U+01CE
    { 9, 17, 88, -1, 17, 39, 864 }, // U+01CF
    { 7, 14, 70, 0, 14, 25, 903 }, // U+01D0
    { 11, 18, 196, 1, 17, 50, 928 }, // U+01D1
    { 9, 15, 153, 0, 14, 34, 978 }, // U+01D2
    { 11, 18, 184, 1, 17, 50, 1012 }, // U+01D3
    { 10, 15, 157, 0, 14, 38, 1062 }, // U+01D4
    { 11, 19, 184, 1, 18, 53, 1100 }, // U+01D5
    { 10, 16, 157, 0, 15, 40, 1153 }, // U+01D6
    { 11, 19, 184, 1, 18, 53, 1193 }, // U+01D7
    { 10, 16, 157, 0, 15, 40, 1246 }, // U+01D8
    { 11, 20, 184, 1, 19, 55, 1286 }, // U+01D9
    { 10, 17, 157, 0, 16, 43, 1341 }, // U+01DA
    { 11, 19, 184, 1, 18, 53, 1384 }, // U+01DB
    { 10, 16, 157, 0, 15, 40, 1437 }, // U+01DC
    { 8, 11, 134, 0, 10, 22, 1477 }, // U+01DD
    { 11, 18, 153, -1, 18, 50, 1499 }, // U+01DE
    { 10, 16, 154, 0, 15, 40, 1549 }, // U+01DF
    { 11, 18, 153, -1, 18, 50, 1589 }, // U+01E0
    { 10, 16, 154, 0, 15, 40, 1639 }, // U+01E1
    { 16, 15, 224, -1, 15, 60, 1679 }, // U+01E2
    { 14, 13, 223, 0, 12, 46, 1739 }, // U+01E3
    { 11, 14, 184, 1, 13, 39, 1785 }, // U+01E4
    { 10, 15, 137, 0, 10, 38, 1824 }, // U+01E5
    { 11, 18, 184, 1, 17, 50, 1862 }, // U+01E6
    { 10, 19, 157, 0, 14, 48, 1912 }, // U+01E7
    { 12, 17, 153, 0, 17, 51, 1960 }, // U+01E8
    { 9, 18, 135, 0, 18, 41, 2011 }, // U+01E9
    { 11, 17, 196, 1, 13, 47, 2052 }, // U+01EA
    { 9, 14, 153, 0, 10, 32, 2099 }, // U+01EB
    { 11, 19, 196, 1, 15, 53, 2131 }, // U+01EC
    { 9, 16, 153, 0, 12, 36, 2184 }, // U+01ED
    { 10, 18, 144, 0, 17, 45, 2220 }, // U+01EE
    { 10, 19, 126, -2, 14, 48, 2265 }, // U+01EF
    { 10, 19, 70, -3, 14, 48, 2313 }, // U+01F0
    { 22, 13, 326, 0, 13, 72, 2361 }, // U+01F1
    { 19, 13, 302, 0, 13, 62, 2433 }, // U+01F2
    { 18, 14, 279, 0, 13, 63, 2495 }, // U+01F3
    { 11, 18, 184, 1, 17, 50, 2558 }, // U+01F4
    { 10, 19, 157, 0, 14, 48, 2608 }, // U+01F5
    { 15, 14, 244, 0, 13, 53, 2656 }, // U+01F6
    { 12, 18, 172, -1, 13, 54, 2709 }, // U+01F7
    { 13, 17, 192, 0, 17, 56, 2763 }, // U+01F8
    { 9, 14, 157, 0, 14, 32, 2819 }, // U+01F9
    { 11, 17, 153, -1, 17, 47, 2851 }, // U+01FA
    { 10, 18, 154, 0, 17, 45, 2898 }, // U+01FB
    { 16, 17, 224, -1, 17, 68, 2943 }, // U+01FC
    { 14, 15, 223, 0, 14, 53, 3011 }, // U+01FD
    { 13, 18, 196, 0, 17, 59, 3064 }, // U+01FE
    { 10, 15, 153, 0, 14, 38, 3123 }, // U+01FF
    { 10, 17, 153, -1, 17, 43, 3161 }, // U+0200
    { 10, 15, 154, 0, 14, 38, 3204 }, // U+0201
    { 11, 16, 153, -1, 16, 44, 3242 }, // U+0202
    { 10, 14, 154, 0, 13, 35, 3286 }, // U+0203
    { 10, 17, 140, 0, 17, 43, 3321 }, // U+0204
    { 8, 15, 136, 0, 14, 30, 3364 }, // U+0205
    { 10, 16, 140, 0, 16, 40, 3394 }, // U+0206
    { 8, 14, 136, 0, 13, 28, 3434 }, // U+0207
    { 8, 17, 88, -1, 17, 34, 3462 }, // U+0208
    { 7, 14, 70, -1, 14, 25, 3496 }, // U+0209
    { 9, 16, 88, -1, 16, 36, 3521 }, // U+020A
    { 6, 13, 70, 0, 13, 20, 3557 }, // U+020B
    { 11, 18, 196, 1, 17, 50, 3577 }, // U+020C
    { 9, 15, 153, 0, 14, 34, 3627 }, // U+020D
    { 11, 17, 196, 1, 16, 47, 3661 }, // U+020E
    { 9, 14, 153, 0, 13, 32, 3708 }, // U+020F
    { 10, 17, 156, 0, 17, 43, 3740 }, // U+0210
    { 8, 14, 108, 0, 14, 28, 3783 }, // U+0211
    { 10, 16, 156, 0, 16, 40, 3811 }, // U+0212
    { 8, 13, 108, 0, 13, 26, 3851 }, // U+0213
    { 11, 18, 184, 1, 17, 50, 3877 }, // U+0214
    { 10, 15, 157, 0, 14, 38, 3927 }, // U+0215
    { 11, 17, 184, 1, 16, 47, 3965 }, // U+0216
    { 10, 14, 157, 0, 13, 35, 4012 }, // U+0217
    { 9, 17, 137, 0, 13, 39, 4047 }, // U+0218
    { 7, 14, 118, 0, 10, 25, 4086 }, // U+0219
    { 10, 17, 136, 1, 13, 43, 4111 }, // U+021A
    { 7, 16, 90, 0, 12, 28, 4154 }, // U+021B
    { 11, 17, 156, -1, 13, 47, 4182 }, // U+021C
    { 10, 15, 135, -2, 10, 38, 4229 }, // U+021D
    { 12, 17, 185, 0, 17, 51, 4267 }, // U+021E
    { 9, 18, 157, 0, 18, 41, 4318 }, // U+021F
    { 9, 11, 150, 0, 10, 25, 0 }, // U+0250
    { 10, 11, 156, 0, 10, 28, 25 }, // U+0251
    { 10, 11, 156, 0, 10, 28, 53 }, // U+0252
    { 10, 14, 157, 0, 13, 35, 81 }, // U+0253
    { 8, 11, 123, -1, 10, 22, 116 }, // U+0254
    { 9, 11, 131, -1, 10, 25, 138 }, // U+0255
    { 11, 18, 157, 0, 13, 50, 163 }, // U+0256
    { 12, 14, 157, 0, 13, 42, 213 }, // U+0257
    { 8, 11, 134, 0, 10, 22, 255 }, // U+0258
    { 8, 11, 136, 0, 10, 22, 277 }, // U+0259
    { 13, 11, 193, 0, 10, 36, 299 }, // U+025A
    { 8, 11, 123, 0, 10, 22, 335 }, // U+025B
    { 9, 11, 121, -1, 10, 25, 357 }, // U+025C
    { 13, 11, 177, -1, 10, 36, 382 }, // U+025D
    { 9, 11, 150, 0, 10, 25, 418 }, // U+025E
    { 8, 15, 70, -3, 10, 30, 443 }, // U+025F
    { 12, 18, 157, 0, 13, 54, 473 }, // U+0260
    { 10, 15, 157, 0, 10, 38, 527 }, // U+0261
    { 9, 11, 148, 0, 10, 25, 565 }, // U+0262
    { 9, 15, 127, 0, 10, 34, 590 }, // U+0263
    { 9, 11, 128, 0, 10, 25, 624 }, // U+0264
    { 10, 15, 157, 0, 10, 38, 649 }, // U+0265
    { 9, 13, 157, 0, 13, 30, 687 }, // U+0266
    { 9, 18, 157, 0, 13, 41, 717 }, // U+0267
    { 5, 13, 70, 0, 13, 17, 758 }, // U+0268
    { 5, 11, 83, 0, 10, 14, 775 }, // U+0269
    { 7, 10, 80, -1, 10, 18, 789 }, // U+026A
    { 7, 13, 95, 0, 13, 23, 807 }, // U+026B
    { 6, 13, 91, 0, 13, 20, 830 }, // U+026C
    { 5, 18, 70, 0, 13, 23, 850 }, // U+026D
    { 11, 18, 168, 0, 13, 50, 873 }, // U+026E
    { 15, 11, 238, 0, 10, 42, 923 }, // U+026F
    { 15, 15, 238, 0, 10, 57, 965 }, // U+0270
    { 14, 15, 238, 0, 10, 53, 1022 }, // U+0271
    { 11, 15, 157, -2, 10, 42, 1075 }, // U+0272
    { 9, 15, 157, 0, 10, 34, 1117 }, // U+0273
    { 10, 10, 166, 0, 10, 25, 1151 }, // U+0274
    { 9, 11, 153, 0, 10, 25, 1176 }, // U+0275
    { 14, 11, 221, 0, 10, 39, 1201 }, // U+0276
    { 12, 11, 205, 0, 10, 33, 1240 }, // U+0277
    { 11, 18, 183, 0, 13, 50, 1273 }, // U+0278
    { 8, 11, 108, -1, 10, 22, 1323 }, // U+0279
    { 9, 14, 112, -1, 13, 32, 1345 }, // U+027A
    { 8, 15, 108, -1, 10, 30, 1377 }, // U+027B
    { 9, 15, 108, -1, 10, 34, 1407 }, // U+027C
    { 8, 15, 108, 0, 10, 30, 1441 }, // U+027D
    { 7, 10, 86, 0, 10, 18, 1471 }, // U+027E
    { 5, 15, 86, 0, 10, 19, 1489 }, // U+027F
    { 9, 10, 147, 0, 10, 23, 1508 }, // U+0280
    { 10, 10, 147, 0, 10, 25, 1531 }, // U+0281
    { 8, 15, 118, -1, 10, 30, 1556 }, // U+0282
    { 10, 18, 70, -3, 13, 45, 1586 }, // U+0283
    { 10, 18, 70, -3, 13, 45, 1631 }, // U+0284
    { 4, 15, 70, 0, 10, 15, 1676 }, // U+0285
    { 11, 18, 70, -4, 13, 50, 1691 }, // U+0286
    { 6, 13, 90, -1, 10, 20, 1741 }, // U+0287
    { 7, 17, 90, 0, 12, 30, 1761 }, // U+0288
    { 10, 11, 157, 0, 10, 28, 1791 }, // U+0289
    { 10, 11, 153, 0, 10, 28, 1819 }, // U+028A
    { 9, 11, 153, 1, 10, 25, 1847 }, // U+028B
    { 9, 10, 127, -1, 10, 23, 1872 }, // U+028C
    { 13, 10, 197, -1, 10, 33, 1895 }, // U+028D
    { 11, 14, 127, -1, 14, 39, 1928 }, // U+028E
    { 9, 10, 123, 0, 10, 23, 1967 }, // U+028F
    { 9, 15, 121, -1, 10, 34, 1990 }, // U+0290
    { 10, 12, 142, -1, 10, 30, 2024 }, // U+0291
    { 10, 15, 126, -2, 10, 38, 2054 }, // U+0292
    { 10, 15, 126, -2, 10, 38, 2092 }, // U+0293
    { 7, 13, 110, 1, 13, 23, 2130 }, // U+0294
    { 8, 13, 110, 1, 13, 26, 2153 }, // U+0295
    { 8, 14, 110, -1, 13, 28, 2179 }, // U+0296
    { 9, 15, 128, 0, 10, 34, 2207 }, // U+0297
    { 11, 14, 196, 1, 13, 39, 2241 }, // U+0298
    { 9, 10, 144, 0, 10, 23, 2280 }, // U+0299
    { 9, 11, 150, 0, 10, 25, 2303 }, // U+029A
    { 11, 14, 149, 0, 13, 39, 2328 }, // U+029B
    { 10, 10, 163, 0, 10, 25, 2367 }, // U+029C
    { 9, 18, 70, -4, 13, 41, 2392 }, // U+029D
    { 9, 15, 135, -1, 10, 34, 2433 }, // U+029E
    { 7, 10, 113, 0, 10, 18, 2467 }, // U+029F
    { 12, 18, 157, 0, 13, 54, 2485 }, // U+02A0
    { 8, 13, 110, 0, 13, 26, 2539 }, // U+02A1
    { 8, 13, 110, 1, 13, 26, 2565 }, // U+02A2
    { 16, 14, 244, 0, 13, 56, 2591 }, // U+02A3
    { 16, 18, 248, 0, 13, 72, 2647 }, // U+02A4
    { 16, 15, 265, 0, 13, 60, 2719 }, // U+02A5
    { 12, 12, 190, 0, 12, 36, 2779 }, // U+02A6
    { 11, 18, 134, 0, 13, 50, 2815 }, // U+02A7
    { 13, 13, 211, 0, 12, 43, 2865 }, // U+02A8
    { 15, 18, 219, -2, 13, 68, 2908 }, // U+02A9
    { 11, 14, 169, 0, 13, 39, 2976 }, // U+02AA
    { 10, 13, 157, 0, 13, 33, 3015 }, // U+02AB
    { 11, 13, 136, 0, 13, 36, 3048 }, // U+02AC
    { 10, 13, 155, 0, 13, 33, 3084 }, // U+02AD
    { 10, 15, 160, 0, 10, 38, 3117 }, // U+02AE
    { 10, 15, 160, 0, 10, 38, 3155 }, // U+02AF
    { 6, 9, 102, 1, 13, 14, 3193 }, // U+02B0
    { 6, 9, 102, 1, 13, 14, 3207 }, // U+02B1
    { 5, 11, 46, -1, 13, 14, 3221 }, // U+02B2
    { 5, 7, 70, 1, 11, 9, 3235 }, // U+02B3
    { 5, 7, 70, 0, 11, 9, 3244 }, // U+02B4
    { 5, 9, 70, 0, 11, 12, 3253 }, // U+02B5
    { 7, 7, 95, 1, 11, 13, 3265 }, // U+02B6
    { 9, 7, 128, 1, 11, 16, 3278 }, // U+02B7
    { 8, 9, 83, -1, 11, 18, 3294 }, // U+02B8
    { 4, 6, 47, 1, 13, 6, 3312 }, // U+02B9
    { 7, 6, 97, 1, 13, 11, 3318 }, // U+02BA
    { 4, 6, 47, 1, 13, 6, 3329 }, // U+02BB
    { 4, 6, 47, 1, 13, 6, 3335 }, // U+02BC
    { 3, 6, 47, 1, 13, 5, 3341 }, // U+02BD
    { 3, 5, 46, 1, 14, 4, 3346 }, // U+02BE
    { 3, 5, 46, 2, 14, 4, 3350 }, // U+02BF
    { 5, 7, 73, 1, 14, 9, 3354 }, // U+02C0
    { 6, 7, 73, 1, 14, 11, 3363 }, // U+02C1
    { 5, 5, 78, 2, 14, 7, 3374 }, // U+02C2
    { 5, 5, 78, 2, 14, 7, 3381 }, // U+02C3
    { 6, 5, 78, 1, 14, 8, 3388 }, // U+02C4
    { 6, 5, 78, 1, 14, 8, 3396 }, // U+02C5
    { 7, 4, 107, 1, 14, 7, 3404 }, // U+02C6
    { 6, 4, 107, 2, 14, 6, 3411 }, // U+02C7
    { 3, 5, 43, 1, 13, 4, 3417 }, // U+02C8
    { 6, 2, 95, 1, 12, 3, 3421 }, // U+02C9
    { 5, 4, 72, 1, 14, 5, 3424 }, // U+02CA
    { 4, 4, 76, 2, 14, 4, 3429 }, // U+02CB
    { 4, 6, 44, -2, 2, 6, 3433 }, // U+02CC
    { 6, 2, 95, -1, -1, 3, 3439 }, // U+02CD
    { 4, 4, 76, -1, 0, 4, 3442 }, // U+02CE
    { 4, 4, 72, -1, 0, 4, 3446 }, // U+02CF
    { 6, 10, 81, -1, 10, 15, 3450 }, // U+02D0
    { 4, 4, 81, 1, 10, 4, 3465 }, // U+02D1
    { 3, 5, 52, 0, 8, 4, 3469 }, // U+02D2
    { 4, 5, 52, 0, 8, 5, 3473 }, // U+02D3
    { 5, 4, 73, 0, 7, 5, 3478 }, // U+02D4
    { 5, 4, 73, 0, 7, 5, 3483 }, // U+02D5
    { 5, 4, 73, 0, 7, 5, 3488 }, // U+02D6
    { 5, 2, 76, 0, 6, 3, 3493 }, // U+02D7
    { 6, 3, 100, 2, 13, 5, 3496 }, // U+02D8
    { 2, 3, 50, 2, 13, 2, 3501 }, // U+02D9
    { 5, 4, 82, 2, 14, 5, 3503 }, // U+02DA
    { 4, 4, 66, -1, 0, 4, 3508 }, // U+02DB
    { 8, 3, 113, 1, 13, 6, 3512 }, // U+02DC
    { 8, 4, 115, 1, 14, 8, 3518 }, // U+02DD
    { 7, 5, 66, -2, 7, 9, 3526 }, // U+02DE
    { 5, 5, 77, 1, 14, 7, 3535 }, // U+02DF
    { 6, 9, 83, 1, 11, 14, 3542 }, // U+02E0
    { 3, 9, 46, 1, 13, 7, 3556 }, // U+02E1
    { 6, 7, 76, 0, 11, 11, 3563 }, // U+02E2
    { 7, 7, 85, 0, 11, 13, 3574 }, // U+02E3
    { 6, 9, 72, 1, 13, 14, 3587 }, // U+02E4
    { 5, 12, 114, 1, 12, 15, 3601 }, // U+02E5
    { 5, 12, 114, 1, 12, 15, 3616 }, // U+02E6
    { 5, 12, 114, 1, 12, 15, 3631 }, // U+02E7
    { 5, 12, 114, 1, 12, 15, 3646 }, // U+02E8
    { 5, 12, 114, 1, 12, 15, 3661 }, // U+02E9
    { 5, 7, 114, 1, 9, 9, 3676 }, // U+02EA
    { 5, 7, 114, 1, 9, 9, 3685 }, // U+02EB
    { 6, 4, 107, -1, 0, 6, 3694 }, // U+02EC
    { 9, 4, 130, 1, 14, 9, 3700 }, // U+02ED
    { 7, 6, 97, 1, 13, 11, 3709 }, // U+02EE
    { 7, 5, 112, -1, 0, 9, 3720 }, // U+02EF
    { 7, 5, 112, -2, 0, 9, 3729 }, // U+02F0
    { 6, 6, 90, -1, 1, 9, 3738 }, // U+02F1
    { 6, 6, 90, -2, 1, 9, 3747 }, // U+02F2
    { 5, 4, 91, -1, -1, 5, 3756 }, // U+02F3
    { 4, 4, 76, 1, 9, 4, 3761 }, // U+02F4
    { 7, 4, 122, 1, 8, 7, 3765 }, // U+02F5
    { 8, 4, 115, 0, 8, 8, 3772 }, // U+02F6
    { 7, 3, 113, -1, -1, 6, 3780 }, // U+02F7
    { 4, 11, 69, 1, 14, 11, 3786 }, // U+02F8
    { 4, 5, 81, 2, 12, 5, 3797 }, // U+02F9
    { 5, 5, 98, 2, 12, 7, 3802 }, // U+02FA
    { 5, 5, 92, 0, 5, 7, 3809 }, // U+02FB
    { 5, 5, 81, -1, 5, 7, 3816 }, // U+02FC
    { 9, 4, 153, -1, 0, 9, 3823 }, // U+02FD
    { 9, 4, 153, -1, 0, 9, 3832 }, // U+02FE
    { 9, 7, 149, -1, 2, 16, 3841 }, // U+02FF
    { 4, 4, 0, -7, 14, 4, 0 }, // U+0300
    { 4, 4, 0, -4, 14, 4, 4 }, // U+0301
    { 6, 4, 0, -2, 14, 6, 8 }, // U+0302
    { 8, 3, 0, -8, 13, 6, 14 }, // U+0303
    { 6, 2, 0, -2, 12, 3, 20 }, // U+0304
    { 8, 2, 0, -2, 15, 4, 23 }, // U+0305
    { 6, 3, 0, -1, 13, 5, 27 }, // U+0306
    { 3, 3, 0, 0, 13, 3, 32 }, // U+0307
    { 5, 3, 0, -1, 13, 4, 35 }, // U+0308
    { 4, 4, 0, -5, 14, 4, 39 }, // U+0309
    { 5, 4, 0, -1, 14, 5, 43 }, // U+030A
    { 8, 4, 0, -2, 14, 8, 48 }, // U+030B
    { 6, 4, 0, -1, 14, 6, 56 }, // U+030C
    { 3, 5, 0, 0, 13, 4, 62 }, // U+030D
    { 5, 3, 0, -1, 13, 4, 66 }, // U+030E
    { 7, 4, 0, -9, 14, 7, 70 }, // U+030F
    { 6, 5, 0, -1, 15, 8, 77 }, // U+0310
    { 6, 3, 0, -2, 13, 5, 85 }, // U+0311
    { 4, 6, 0, -1, 13, 6, 90 }, // U+0312
    { 4, 6, 0, -1, 13, 6, 96 }, // U+0313
    { 3, 6, 0, 0, 13, 5, 102 }, // U+0314
    { 4, 6, 0, -1, 13, 6, 107 }, // U+0315
    { 4, 4, 0, -4, 0, 4, 113 }, // U+0316
    { 5, 4, 0, -3, 0, 5, 117 }, // U+0317
    { 4, 4, 0, -3, 0, 4, 122 }, // U+0318
    { 5, 4, 0, -4, 0, 5, 126 }, // U+0319
    { 6, 5, 89, 1, 13, 8, 131 }, // U+031A
    { 4, 4, 0, -1, 13, 4, 139 }, // U+031B
    { 3, 5, 0, -1, 0, 4, 143 }, // U+031C
    { 5, 4, 0, -4, 0, 5, 147 }, // U+031D
    { 5, 4, 0, -4, 0, 5, 152 }, // U+031E
    { 5, 4, 0, -4, 0, 5, 157 }, // U+031F
    { 5, 2, 0, -4, -1, 3, 162 }, // U+0320
    { 5, 6, 0, -4, 1, 8, 165 }, // U+0321
    { 4, 6, 0, -2, 1, 6, 173 }, // U+0322
    { 3, 2, 0, -8, -1, 2, 179 }, // U+0323
    { 5, 3, 0, -4, -1, 4, 181 }, // U+0324
    { 5, 4, 0, -4, 0, 5, 185 }, // U+0325
    { 3, 3, 0, 1, -1, 3, 190 }, // U+0326
    { 4, 5, 0, -3, 0, 5, 193 }, // U+0327
    { 4, 4, 0, -3, 0, 4, 198 }, // U+0328
    { 3, 5, 0, -3, -1, 4, 202 }, // U+0329
    { 7, 4, 0, -5, 0, 7, 206 }, // U+032A
    { 8, 3, 0, -5, -1, 6, 213 }, // U+032B
    { 6, 4, 0, -4, 0, 6, 219 }, // U+032C
    { 7, 4, 0, -5, 0, 7, 225 }, // U+032D
    { 6, 3, 0, -4, 0, 5, 232 }, // U+032E
    { 6, 3, 0, -4, 0, 5, 237 }, // U+032F
    { 7, 3, 0, -5, 0, 6, 242 }, // U+0330
    { 6, 2, 0, -4, -1, 3, 248 }, // U+0331
    { 8, 2, 0, -5, -1, 4, 251 }, // U+0332
    { 9, 4, 0, -6, 0, 9, 255 }, // U+0333
    { 8, 3, 0, -4, 6, 6, 264 }, // U+0334
    { 8, 2, 0, -4, 6, 4, 270 }, // U+0335
    { 12, 2, 0, -6, 6, 6, 274 }, // U+0336
    { 6, 4, 0, -3, 7, 6, 280 }, // U+0337
    { 10, 14, 0, -5, 13, 35, 286 }, // U+0338
    { 4, 5, 0, -2, 0, 5, 321 }, // U+0339
    { 7, 4, 0, -5, 0, 7, 326 }, // U+033A
    { 7, 4, 0, -5, 0, 7, 333 }, // U+033B
    { 7, 3, 0, -5, -1, 6, 340 }, // U+033C
    { 5, 5, 0, -1, 14, 7, 346 }, // U+033D
    { 5, 6, 0, -1, 15, 8, 353 }, // U+033E
    { 8, 4, 0, -2, 17, 8, 361 }, // U+033F
    { 4, 4, 0, -1, 14, 4, 369 }, // U+0340
    { 5, 4, 0, 0, 14, 5, 373 }, // U+0341
    { 8, 3, 0, 2, 13, 6, 378 }, // U+0342
    { 3, 4, 0, 0, 14, 3, 384 }, // U+0343
    { 7, 4, 0, -2, 14, 7, 387 }, // U+0344
    { 3, 4, 0, -2, -1, 3, 394 }, // U+0345
    { 9, 3, 0, -3, 13, 7, 397 }, // U+0346
    { 8, 4, 0, -5, 0, 8, 404 }, // U+0347
    { 5, 3, 0, -4, -1, 4, 412 }, // U+0348
    { 4, 4, 0, -3, -1, 4, 416 }, // U+0349
    { 7, 5, 0, -2, 14, 9, 420 }, // U+034A
    { 7, 7, 0, -2, 16, 13, 429 }, // U+034B
    { 7, 5, 0, -2, 15, 9, 442 }, // U+034C
    { 7, 4, 0, -5, 0, 7, 451 }, // U+034D
    { 4, 5, 0, -3, 0, 5, 458 }, // U+034E
    { 14, 13, 0, -7, 13, 46, 463 }, // U+034F
    { 3, 4, 0, 0, 14, 3, 509 }, // U+0350
    { 3, 5, 0, 2, 14, 4, 512 }, // U+0351
    { 5, 5, 0, -1, 15, 7, 516 }, // U+0352
    { 4, 4, 0, -3, 0, 4, 523 }, // U+0353
    { 4, 5, 0, -3, 0, 5, 527 }, // U+0354
    { 4, 5, 0, -3, 0, 5, 532 }, // U+0355
    { 7, 5, 0, -4, 0, 9, 537 }, // U+0356
    { 4, 5, 0, 1, 14, 5, 546 }, // U+0357
    { 3, 3, 0, 0, 13, 3, 551 }, // U+0358
    { 5, 5, 0, -4, 0, 7, 554 }, // U+0359
    { 7, 5, 0, -5, 0, 9, 561 }, // U+035A
    { 4, 4, 0, 0, 14, 4, 570 }, // U+035B
    { 13, 4, 0, -7, 0, 13, 574 }, // U+035C
    { 13, 4, 0, -5, 14, 13, 587 }, // U+035D
    { 9, 2, 0, -3, 12, 5, 600 }, // U+035E
    { 10, 2, 0, -6, -1, 5, 605 }, // U+035F
    { 13, 3, 0, -5, 13, 10, 610 }, // U+0360
    { 13, 4, 0, -5, 15, 13, 620 }, // U+0361
    { 14, 4, 0, -9, 0, 14, 633 }, // U+0362
    { 5, 5, 0, -1, 15, 7, 647 }, // U+0363
    { 4, 5, 0, 0, 15, 5, 654 }, // U+0364
    { 3, 6, 0, 0, 16, 5, 659 }, // U+0365
    { 5, 5, 0, -1, 15, 7, 664 }, // U+0366
    { 5, 5, 0, -1, 15, 7, 671 }, // U+0367
    { 4, 5, 0, 0, 15, 5, 678 }, // U+0368
    { 6, 6, 0, -1, 16, 9, 683 }, // U+0369
    { 5, 6, 0, -1, 16, 8, 692 }, // U+036A
    { 7, 5, 0, -2, 15, 9, 700 }, // U+036B
    { 4, 5, 0, 0, 15, 5, 709 }, // U+036C
    { 4, 6, 0, 0, 16, 6, 714 }, // U+036D
    { 4, 5, 0, 0, 15, 5, 720 }, // U+036E
    { 5, 5, 0, -1, 15, 7, 725 }, // U+036F
    { 10, 17, 138, 0, 17, 43, 0 }, // U+0400
    { 10, 16, 138, 0, 16, 40, 43 }, // U+0401
    { 10, 14, 181, 1, 13, 35, 83 }, // U+0402
    { 10, 17, 128, 0, 17, 43, 118 }, // U+0403
    { 10, 14, 158, 1, 13, 35, 161 }, // U+0404
    { 9, 14, 137, 0, 13, 32, 196 }, // U+0405
    { 5, 13, 73, 0, 13, 17, 228 }, // U+0406
    { 7, 16, 74, 0, 16, 28, 245 }, // U+0407
    { 8, 17, 74, -3, 13, 34, 273 }, // U+0408
    { 17, 14, 252, -1, 13, 60, 307 }, // U+0409
    { 15, 13, 250, 0, 13, 49, 367 }, // U+040A
    { 10, 13, 185, 1, 13, 33, 416 }, // U+040B
    { 11, 17, 153, 0, 17, 47, 449 }, // U+040C
    { 12, 17, 187, 0, 17, 51, 496 }, // U+040D
    { 11, 17, 153, 0, 16, 47, 547 }, // U+040E
    { 12, 16, 180, 0, 13, 48, 594 }, // U+040F
    { 10, 13, 155, -1, 13, 33, 642 }, // U+0410
    { 10, 13, 150, 0, 13, 33, 675 }, // U+0411
    { 10, 13, 160, 0, 13, 33, 708 }, // U+0412
    { 10, 13, 128, 0, 13, 33, 741 }, // U+0413
    { 14, 16, 187, -2, 13, 56, 774 }, // U+0414
    { 10, 13, 138, 0, 13, 33, 830 }, // U+0415
    { 17, 13, 218, -1, 13, 56, 863 }, // U+0416
    { 10, 14, 142, -1, 13, 35, 919 }, // U+0417
    { 12, 13, 187, 0, 13, 39, 954 }, // U+0418
    { 12, 16, 187, 0, 16, 48, 993 }, // U+0419
    { 11, 13, 153, 0, 13, 36, 1041 }, // U+041A
    { 13, 14, 183, -1, 13, 46, 1077 }, // U+041B
    { 15, 13, 228, 0, 13, 49, 1123 }, // U+041C
    { 12, 13, 184, 0, 13, 39, 1172 }, // U+041D
    { 11, 14, 189, 1, 13, 39, 1211 }, // U+041E
    { 12, 13, 181, 0, 13, 39, 1250 }, // U+041F
    { 10, 13, 149, 0, 13, 33, 1289 }, // U+0420
    { 10, 14, 158, 1, 13, 35, 1322 }, // U+0421
    { 10, 13, 142, 1, 13, 33, 1357 }, // U+0422
    { 11, 14, 153, 0, 13, 39, 1390 }, // U+0423
    { 14, 14, 214, 0, 13, 49, 1429 }, // U+0424
    { 12, 13, 146, -1, 13, 39, 1478 }, // U+0425
    { 12, 16, 184, 0, 13, 48, 1517 }, // U+0426
    { 10, 13, 169, 1, 13, 33, 1565 }, // U+0427
    { 17, 13, 259, 0, 13, 56, 1598 }, // U+0428
    { 17, 16, 263, 0, 13, 68, 1654 }, // U+0429
    { 10, 13, 173, 1, 13, 33, 1722 }, // U+042A
    { 14, 13, 216, 0, 13, 46, 1755 }, // U+042B
    { 9, 13, 149, 0, 13, 30, 1801 }, // U+042C
    { 10, 14, 159, 0, 13, 35, 1831 }, // U+042D
    { 16, 14, 256, 0, 13, 56, 1866 }, // U+042E
    { 11, 13, 157, -1, 13, 36, 1922 }, // U+042F
    { 10, 11, 154, 0, 10, 28, 1958 }, // U+0430
    { 10, 14, 151, 0, 13, 35, 1986 }, // U+0431
    { 9, 11, 141, 0, 10, 25, 2021 }, // U+0432
    { 8, 11, 125, 0, 10, 22, 2046 }, // U+0433
    { 10, 15, 152, 0, 14, 38, 2068 }, // U+0434
    { 8, 11, 134, 0, 10, 22, 2106 }, // U+0435
    { 17, 11, 239, -1, 10, 47, 2128 }, // U+0436
    { 8, 11, 121, 0, 10, 22, 2175 }, // U+0437
    { 10, 11, 155, 0, 10, 28, 2197 }, // U+0438
    { 10, 14, 155, 0, 13, 35, 2225 }, // U+0439
    { 10, 10, 137, 0, 10, 25, 2260 }, // U+043A
    { 11, 11, 154, -1, 10, 31, 2285 }, // U+043B
    { 13, 10, 203, 0, 10, 33, 2316 }, // U+043C
    { 10, 10, 156, 0, 10, 25, 2349 }, // U+043D
    { 9, 11, 152, 0, 10, 25, 2374 }, // U+043E
    { 9, 10, 154, 0, 10, 23, 2399 }, // U+043F
    { 11, 15, 156, -1, 10, 42, 2422 }, // U+0440
    { 8, 11, 125, 0, 10, 22, 2464 }, // U+0441
    { 14, 10, 236, 0, 10, 35, 2486 }, // U+0442
    { 11, 15, 132, -2, 10, 42, 2521 }, // U+0443
    { 11, 18, 182, 0, 13, 50, 2563 }, // U+0444
    { 10, 10, 124, -1, 10, 25, 2613 }, // U+0445
    { 10, 13, 162, 0, 10, 33, 2638 }, // U+0446
    { 9, 10, 151, 1, 10, 23, 2671 }, // U+0447
    { 15, 11, 236, 0, 10, 42, 2694 }, // U+0448
    { 15, 13, 242, 0, 10, 49, 2736 }, // U+0449
    { 10, 11, 162, 0, 10, 28, 2785 }, // U+044A
    { 13, 11, 199, 0, 10, 36, 2813 }, // U+044B
    { 8, 11, 140, 0, 10, 22, 2849 }, // U+044C
    { 8, 11, 129, 0, 10, 22, 2871 }, // U+044D
    { 13, 11, 211, 0, 10, 36, 2893 }, // U+044E
    { 10, 10, 139, -1, 10, 25, 2929 }, // U+044F
    { 8, 15, 134, 0, 14, 30, 2954 }, // U+0450
    { 9, 14, 134, 0, 13, 32, 2984 }, // U+0451
    { 9, 18, 156, 0, 13, 41, 3016 }, // U+0452
    { 8, 15, 125, 0, 14, 30, 3057 }, // U+0453
    { 8, 11, 126, 0, 10, 22, 3087 }, // U+0454
    { 7, 11, 118, 0, 10, 20, 3109 }, // U+0455
    { 5, 13, 70, 0, 13, 17, 3129 }, // U+0456
    { 6, 13, 67, 0, 13, 20, 3146 }, // U+0457
    { 8, 18, 67, -3, 13, 36, 3166 }, // U+0458
    { 15, 11, 222, -1, 10, 42, 3202 }, // U+0459
    { 13, 11, 220, 0, 10, 36, 3244 }, // U+045A
    { 9, 13, 157, 0, 13, 30, 3280 }, // U+045B
    { 10, 14, 137, 0, 14, 35, 3310 }, // U+045C
    { 10, 15, 155, 0, 14, 38, 3345 }, // U+045D
    { 11, 18, 132, -2, 13, 50, 3383 }, // U+045E
    { 10, 14, 155, 0, 10, 35, 3433 }, // U+045F
    { 16, 14, 250, 1, 13, 56, 3468 }, // U+0460
    { 13, 10, 215, 1, 10, 33, 3524 }, // U+0461
    { 9, 13, 160, 1, 13, 30, 3557 }, // U+0462
    { 14, 11, 227, 0, 10, 39, 3587 }, // U+0463
    { 16, 14, 235, 0, 13, 56, 3626 }, // U+0464
    { 12, 11, 188, 0, 10, 33, 3682 }, // U+0465
    { 11, 13, 165, -1, 13, 36, 3715 }, // U+0466
    { 9, 10, 145, -1, 10, 23, 3751 }, // U+0467
    { 14, 13, 231, 0, 13, 46, 3774 }, // U+0468
    { 12, 10, 199, 0, 10, 30, 3820 }, // U+0469
    { 13, 13, 181, -1, 13, 43, 3850 }, // U+046A
    { 11, 10, 163, -1, 10, 28, 3893 }, // U+046B
    { 16, 13, 251, 0, 13, 52, 3921 }, // U+046C
    { 14, 10, 218, 0, 10, 35, 3973 }, // U+046D
    { 10, 19, 146, -1, 15, 48, 4008 }, // U+046E
    { 9, 16, 123, -1, 12, 36, 4056 }, // U+046F
    { 13, 13, 202, 2, 13, 43, 4092 }, // U+0470
    { 12, 18, 197, 0, 13, 54, 4135 }, // U+0471
    { 11, 14, 196, 1, 13, 39, 4189 }, // U+0472
    { 9, 11, 153, 0, 10, 25, 4228 }, // U+0473
    { 11, 13, 154, 1, 13, 36, 4253 }, // U+0474
    { 9, 10, 122, 0, 10, 23, 4289 }, // U+0475
    { 11, 17, 154, 1, 17, 47, 4312 }, // U+0476
    { 9, 14, 122, 0, 14, 32, 4359 }, // U+0477
    { 20, 18, 323, 1, 13, 90, 4391 }, // U+0478
    { 19, 15, 280, 0, 10, 72, 4481 }, // U+0479
    { 12, 16, 202, 1, 14, 48, 4553 }, // U+047A
    { 10, 12, 159, 0, 11, 30, 4601 }, // U+047B
    { 15, 19, 261, 1, 18, 72, 4631 }, // U+047C
    { 13, 16, 217, 0, 15, 52, 4703 }, // U+047D
    { 16, 17, 250, 1, 16, 68, 4755 }, // U+047E
    { 13, 13, 215, 1, 13, 43, 4823 }, // U+047F
    { 10, 18, 160, 1, 13, 45, 4866 }, // U+0480
    { 8, 15, 123, 0, 10, 30, 4911 }, // U+0481
    { 10, 12, 166, 0, 11, 30, 4941 }, // U+0482
    { 7, 4, 0, -7, 13, 7, 4971 }, // U+0483
    { 7, 3, 0, -7, 13, 6, 4978 }, // U+0484
    { 3, 4, 0, -5, 14, 3, 4984 }, // U+0485
    { 3, 4, 0, -5, 14, 3, 4987 }, // U+0486
    { 8, 3, 0, -2, 15, 6, 4990 }, // U+0487
    { 20, 19, 0, -10, 14, 95, 4996 }, // U+0488
    { 20, 19, 0, -10, 14, 95, 5091 }, // U+0489
    { 12, 20, 193, 0, 16, 60, 5186 }, // U+048A
    { 10, 17, 159, 0, 13, 43, 5246 }, // U+048B
    { 9, 13, 151, 0, 13, 30, 5289 }, // U+048C
    { 7, 14, 142, 1, 13, 25, 5319 }, // U+048D
    { 10, 13, 154, 0, 13, 33, 5344 }, // U+048E
    { 11, 15, 157, -1, 10, 42, 5377 }, // U+048F
    { 10, 15, 130, 0, 15, 38, 5419 }, // U+0490
    { 8, 12, 106, 0, 12, 24, 5457 }, // U+0491
    { 10, 13, 129, 0, 13, 33, 5481 }, // U+0492
    { 8, 10, 106, 0, 10, 20, 5514 }, // U+0493
    { 10, 18, 166, 0, 13, 45, 5534 }, // U+0494
    { 8, 15, 135, 0, 10, 30, 5579 }, // U+0495
    { 16, 17, 226, -1, 13, 68, 5609 }, // U+0496
    { 16, 14, 231, -1, 10, 56, 5677 }, // U+0497
    { 10, 17, 142, -1, 13, 43, 5733 }, // U+0498
    { 8, 14, 121, 0, 10, 28, 5776 }, // U+0499
    { 12, 17, 166, 0, 13, 51, 5804 }, // U+049A
    { 9, 14, 144, 0, 10, 32, 5855 }, // U+049B
    { 12, 13, 156, 0, 13, 39, 5887 }, // U+049C
    { 10, 10, 132, 0, 10, 25, 5926 }, // U+049D
    { 12, 13, 153, 0, 13, 39, 5951 }, // U+049E
    { 10, 13, 132, 0, 13, 33, 5990 }, // U+049F
    { 12, 13, 173, 1, 13, 39, 6023 }, // U+04A0
    { 11, 10, 154, 0, 10, 28, 6062 }, // U+04A1
    { 12, 17, 187, 0, 13, 51, 6090 }, // U+04A2
    { 10, 14, 165, 0, 10, 35, 6141 }, // U+04A3
    { 15, 13, 206, 0, 13, 49, 6176 }, // U+04A4
    { 13, 10, 188, 0, 10, 33, 6225 }, // U+04A5
    { 16, 18, 272, 0, 13, 72, 6258 }, // U+04A6
    { 13, 15, 224, 0, 10, 49, 6330 }, // U+04A7
    { 11, 14, 196, 1, 13, 39, 6379 }, // U+04A8
    { 10, 11, 163, 0, 10, 28, 6418 }, // U+04A9
    { 10, 17, 160, 1, 13, 43, 6446 }, // U+04AA
    { 8, 14, 123, 0, 10, 28, 6489 }, // U+04AB
    { 10, 17, 136, 1, 13, 43, 6517 }, // U+04AC
    { 15, 14, 242, 0, 10, 53, 6560 }, // U+04AD
    { 10, 13, 138, 1, 13, 33, 6613 }, // U+04AE
    { 9, 15, 127, 0, 10, 34, 6646 }, // U+04AF
    { 11, 13, 138, 0, 13, 36, 6680 }, // U+04B0
    { 10, 15, 127, -1, 10, 38, 6716 }, // U+04B1
    { 12, 17, 158, -1, 13, 51, 6754 }, // U+04B2
    { 11, 14, 143, -1, 10, 39, 6805 }, // U+04B3
    { 13, 17, 213, 1, 13, 56, 6844 }, // U+04B4
    { 11, 14, 179, 0, 10, 39, 6900 }, // U+04B5
    { 9, 17, 176, 2, 13, 39, 6939 }, // U+04B6
    { 9, 14, 150, 1, 10, 32, 6978 }, // U+04B7
    { 9, 13, 175, 2, 13, 30, 7010 }, // U+04B8
    { 9, 10, 152, 1, 10, 23, 7040 }, // U+04B9
    { 10, 13, 175, 0, 13, 33, 7063 }, // U+04BA
    { 9, 13, 157, 0, 13, 30, 7096 }, // U+04BB
    { 12, 14, 208, 1, 13, 42, 7126 }, // U+04BC
    { 10, 11, 163, 0, 10, 28, 7168 }, // U+04BD
    { 12, 17, 208, 1, 13, 51, 7196 }, // U+04BE
    { 10, 14, 163, 0, 10, 35, 7247 }, // U+04BF
    { 8, 13, 88, -1, 13, 26, 7282 }, // U+04C0
    { 17, 16, 218, -1, 16, 68, 7308 }, // U+04C1
    { 17, 14, 239, -1, 13, 60, 7376 }, // U+04C2
    { 12, 18, 173, 0, 13, 54, 7436 }, // U+04C3
    { 9, 15, 143, 0, 10, 34, 7490 }, // U+04C4
    { 13, 17, 180, -1, 13, 56, 7524 }, // U+04C5
    { 10, 14, 149, -1, 10, 35, 7580 }, // U+04C6
    { 12, 18, 185, 0, 13, 54, 7615 }, // U+04C7
    { 10, 15, 163, 0, 10, 38, 7669 }, // U+04C8
    { 12, 17, 188, 0, 13, 51, 7707 }, // U+04C9
    { 10, 14, 165, 0, 10, 35, 7758 }, // U+04CA
    { 9, 17, 175, 2, 13, 39, 7793 }, // U+04CB
    { 9, 14, 158, 1, 10, 32, 7832 }, // U+04CC
    { 15, 17, 231, 0, 13, 64, 7864 }, // U+04CD
    { 12, 14, 191, 0, 10, 42, 7928 }, // U+04CE
    { 8, 13, 88, -1, 13, 26, 7970 }, // U+04CF
    { 11, 16, 153, -1, 16, 44, 7996 }, // U+04D0
    { 10, 14, 154, 0, 13, 35, 8040 }, // U+04D1
    { 11, 16, 153, -1, 16, 44, 8075 }, // U+04D2
    { 10, 14, 154, 0, 13, 35, 8119 }, // U+04D3
    { 16, 13, 224, -1, 13, 52, 8154 }, // U+04D4
    { 14, 11, 223, 0, 10, 39, 8206 }, // U+04D5
    { 10, 16, 140, 0, 16, 40, 8245 }, // U+04D6
    { 9, 14, 136, 0, 13, 32, 8285 }, // U+04D7
    { 11, 14, 180, 0, 13, 39, 8317 }, // U+04D8
    { 8, 11, 134, 0, 10, 22, 8356 }, // U+04D9
    { 11, 17, 180, 0, 16, 47, 8378 }, // U+04DA
    { 8, 14, 134, 0, 13, 28, 8425 }, // U+04DB
    { 17, 16, 218, -1, 16, 68, 8453 }, // U+04DC
    { 17, 14, 239, -1, 13, 60, 8521 }, // U+04DD
    { 10, 17, 142, -1, 16, 43, 8581 }, // U+04DE
    { 8, 14, 121, 0, 13, 28, 8624 }, // U+04DF
    { 10, 14, 144, 0, 13, 35, 8652 }, // U+04E0
    { 10, 15, 126, -2, 10, 38, 8687 }, // U+04E1
    { 12, 15, 187, 0, 15, 45, 8725 }, // U+04E2
    { 10, 13, 157, 0, 12, 33, 8770 }, // U+04E3
    { 12, 16, 187, 0, 16, 48, 8803 }, // U+04E4
    { 10, 14, 157, 0, 13, 35, 8851 }, // U+04E5
    { 11, 17, 196, 1, 16, 47, 8886 }, // U+04E6
    { 9, 14, 153, 0, 13, 32, 8933 }, // U+04E7
    { 11, 14, 196, 1, 13, 39, 8965 }, // U+04E8
    { 9, 11, 153, 0, 10, 25, 9004 }, // U+04E9
    { 11, 17, 196, 1, 16, 47, 9029 }, // U+04EA
    { 9, 14, 153, 0, 13, 32, 9076 }, // U+04EB
    { 10, 17, 159, 0, 16, 43, 9108 }, // U+04EC
    { 8, 14, 129, 0, 13, 28, 9151 }, // U+04ED
    { 11, 16, 153, 0, 15, 44, 9179 }, // U+04EE
    { 11, 17, 127, -2, 12, 47, 9223 }, // U+04EF
    { 11, 17, 153, 0, 16, 47, 9270 }, // U+04F0
    { 11, 18, 127, -2, 13, 50, 9317 }, // U+04F1
    { 11, 18, 153, 0, 17, 50, 9367 }, // U+04F2
    { 12, 19, 127, -2, 14, 57, 9417 }, // U+04F3
    { 10, 16, 169, 1, 16, 40, 9474 }, // U+04F4
    { 9, 13, 151, 1, 13, 30, 9514 }, // U+04F5
    { 10, 17, 130, 0, 13, 43, 9544 }, // U+04F6
    { 8, 14, 106, 0, 10, 28, 9587 }, // U+04F7
    { 14, 16, 216, 0, 16, 56, 9615 }, // U+04F8
    { 13, 14, 199, 0, 13, 46, 9671 }, // U+04F9
    { 10, 17, 129, 0, 13, 43, 9717 }, // U+04FA
    { 9, 14, 106, -1, 10, 32, 9760 }, // U+04FB
    { 12, 17, 143, -1, 13, 51, 9792 }, // U+04FC
    { 10, 14, 131, -1, 10, 35, 9843 }, // U+04FD
    { 12, 13, 143, -1, 13, 39, 9878 }, // U+04FE
    { 10, 10, 131, -1, 10, 25, 9917 }, // U+04FF
    { 10, 16, 153, -1, 13, 40, 0 }, // U+1EA0
    { 10, 13, 154, 0, 10, 33, 40 }, // U+1EA1
    { 10, 17, 153, -1, 17, 43, 73 }, // U+1EA2
    { 10, 15, 154, 0, 14, 38, 116 }, // U+1EA3
    { 13, 17, 153, -1, 17, 56, 154 }, // U+1EA4
    { 11, 15, 154, 0, 14, 42, 210 }, // U+1EA5
    { 10, 17, 153, -1, 17, 43, 252 }, // U+1EA6
    { 10, 15, 154, 0, 14, 38, 295 }, // U+1EA7
    { 12, 18, 153, -1, 18, 54, 333 }, // U+1EA8
    { 11, 16, 154, 0, 15, 44, 387 }, // U+1EA9
    { 12, 19, 153, -1, 19, 57, 431 }, // U+1EAA
    { 10, 17, 154, 0, 16, 43, 488 }, // U+1EAB
    { 11, 20, 153, -1, 17, 55, 531 }, // U+1EAC
    { 10, 17, 154, 0, 14, 43, 586 }, // U+1EAD
    { 11, 18, 153, -1, 18, 50, 629 }, // U+1EAE
    { 10, 16, 154, 0, 15, 40, 679 }, // U+1EAF
    { 11, 18, 153, -1, 18, 50, 719 }, // U+1EB0
    { 10, 16, 154, 0, 15, 40, 769 }, // U+1EB1
    { 11, 18, 153, -1, 18, 50, 809 }, // U+1EB2
    { 10, 16, 154, 0, 15, 40, 859 }, // U+1EB3
    { 12, 19, 153, -1, 19, 57, 899 }, // U+1EB4
    { 10, 17, 154, 0, 16, 43, 956 }, // U+1EB5
    { 11, 19, 153, -1, 16, 53, 999 }, // U+1EB6
    { 10, 16, 154, 0, 13, 40, 1052 }, // U+1EB7
    { 10, 16, 140, 0, 13, 40, 1092 }, // U+1EB8
    { 8, 13, 136, 0, 10, 26, 1132 }, // U+1EB9
    { 10, 17, 140, 0, 17, 43, 1158 }, // U+1EBA
    { 8, 15, 136, 0, 14, 30, 1201 }, // U+1EBB
    { 10, 16, 140, 0, 16, 40, 1231 }, // U+1EBC
    { 9, 14, 136, 0, 13, 32, 1271 }, // U+1EBD
    { 12, 17, 140, 0, 17, 51, 1303 }, // U+1EBE
    { 11, 15, 136, 0, 14, 42, 1354 }, // U+1EBF
    { 10, 17, 140, 0, 17, 43, 1396 }, // U+1EC0
    { 8, 15, 136, 0, 14, 30, 1439 }, // U+1EC1
    { 11, 18, 140, 0, 18, 50, 1469 }, // U+1EC2
    { 10, 16, 136, 0, 15, 40, 1519 }, // U+1EC3
    { 11, 19, 140, 0, 19, 53, 1559 }, // U+1EC4
    { 10, 17, 136, 0, 16, 43, 1612 }, // U+1EC5
    { 10, 20, 140, 0, 17, 50, 1655 }, // U+1EC6
    { 9, 17, 136, 0, 14, 39, 1705 }, // U+1EC7
    { 8, 17, 88, -1, 17, 34, 1744 }, // U+1EC8
    { 6, 14, 70, 0, 14, 21, 1778 }, // U+1EC9
    { 8, 16, 88, -1, 13, 32, 1799 }, // U+1ECA
    { 6, 16, 70, -1, 13, 24, 1831 }, // U+1ECB
    { 11, 16, 196, 1, 13, 44, 1855 }, // U+1ECC
    { 9, 13, 153, 0, 10, 30, 1899 }, // U+1ECD
    { 11, 18, 196, 1, 17, 50, 1929 }, // U+1ECE
    { 9, 15, 153, 0, 14, 34, 1979 }, // U+1ECF
    { 12, 18, 196, 1, 17, 54, 2013 }, // U+1ED0
    { 11, 15, 153, 0, 14, 42, 2067 }, // U+1ED1
    { 11, 18, 196, 1, 17, 50, 2109 }, // U+1ED2
    { 9, 15, 153, 0, 14, 34, 2159 }, // U+1ED3
    { 12, 19, 196, 1, 18, 57, 2193 }, // U+1ED4
    { 10, 16, 153, 0, 15, 40, 2250 }, // U+1ED5
    { 11, 20, 196, 1, 19, 55, 2290 }, // U+1ED6
    { 10, 17, 153, 0, 16, 43, 2345 }, // U+1ED7
    { 11, 20, 196, 1, 17, 55, 2388 }, // U+1ED8
    { 9, 17, 153, 0, 14, 39, 2443 }, // U+1ED9
    { 14, 18, 196, 1, 17, 63, 2482 }, // U+1EDA
    { 12, 15, 154, 0, 14, 45, 2545 }, // U+1EDB
    { 14, 18, 196, 1, 17, 63, 2590 }, // U+1EDC
    { 12, 15, 154, 0, 14, 45, 2653 }, // U+1EDD
    { 14, 18, 196, 1, 17, 63, 2698 }, // U+1EDE
    { 12, 15, 154, 0, 14, 45, 2761 }, // U+1EDF
    { 14, 17, 196, 1, 16, 60, 2806 }, // U+1EE0
    { 12, 14, 154, 0, 13, 42, 2866 }, // U+1EE1
    { 14, 16, 196, 1, 13, 56, 2908 }, // U+1EE2
    { 12, 14, 154, 0, 11, 42, 2964 }, // U+1EE3
    { 11, 16, 184, 1, 13, 44, 3006 }, // U+1EE4
    { 10, 13, 157, 0, 10, 33, 3050 }, // U+1EE5
    { 11, 18, 184, 1, 17, 50, 3083 }, // U+1EE6
    { 10, 15, 157, 0, 14, 38, 3133 }, // U+1EE7
    { 14, 18, 198, 1, 17, 63, 3171 }, // U+1EE8
    { 13, 15, 170, 0, 14, 49, 3234 }, // U+1EE9
    { 14, 18, 198, 1, 17, 63, 3283 }, // U+1EEA
    { 13, 15, 170, 0, 14, 49, 3346 }, // U+1EEB
    { 14, 18, 198, 1, 17, 63, 3395 }, // U+1EEC
    { 13, 15, 170, 0, 14, 49, 3458 }, // U+1EED
    { 14, 17, 198, 1, 16, 60, 3507 }, // U+1EEE
    { 13, 14, 170, 0, 13, 46, 3567 }, // U+1EEF
    { 14, 16, 198, 1, 13, 56, 3613 }, // U+1EF0
    { 13, 14, 170, 0, 11, 46, 3669 }, // U+1EF1
    { 10, 17, 138, 1, 17, 43, 3715 }, // U+1EF2
    { 11, 19, 127, -2, 14, 53, 3758 }, // U+1EF3
    { 10, 16, 138, 1, 13, 40, 3811 }, // U+1EF4
    { 11, 15, 127, -2, 10, 42, 3851 }, // U+1EF5
    { 10, 17, 138, 1, 17, 43, 3893 }, // U+1EF6
    { 11, 19, 127, -2, 14, 53, 3936 }, // U+1EF7
    { 10, 16, 138, 1, 16, 40, 3989 }, // U+1EF8
    { 11, 18, 127, -2, 13, 50, 4029 }, // U+1EF9
    { 0, 0, 136, 0, 0, 0, 0 }, // U+2000
    { 0, 0, 272, 0, 0, 0, 0 }, // U+2001
    { 0, 0, 136, 0, 0, 0, 0 }, // U+2002
    { 0, 0, 272, 0, 0, 0, 0 }, // U+2003
    { 0, 0, 91, 0, 0, 0, 0 }, // U+2004
    { 0, 0, 68, 0, 0, 0, 0 }, // U+2005
    { 0, 0, 45, 0, 0, 0, 0 }, // U+2006
    { 0, 0, 150, 0, 0, 0, 0 }, // U+2007
    { 0, 0, 70, 0, 0, 0, 0 }, // U+2008
    { 0, 0, 45, 0, 0, 0, 0 }, // U+2009
    { 0, 0, 27, 0, 0, 0, 0 }, // U+200A
    { 0, 0, 0, 0, 0, 0, 0 }, // U+200B
    { 0, 0, 0, 0, 0, 0, 0 }, // U+200C
    { 0, 0, 0, 0, 0, 0, 0 }, // U+200D
    { 5, 15, 0, -1, 12, 19, 0 }, // U+200E
    { 5, 15, 0, -4, 12, 19, 19 }, // U+200F
    { 5, 3, 85, 0, 6, 4, 38 }, // U+2010
    { 5, 3, 85, 0, 6, 4, 42 }, // U+2011
    { 8, 2, 150, 1, 7, 4, 46 }, // U+2012
    { 8, 3, 131, 0, 6, 6, 50 }, // U+2013
    { 16, 3, 261, 0, 6, 12, 56 }, // U+2014
    { 16, 3, 261, 0, 6, 12, 68 }, // U+2015
    { 6, 18, 150, 2, 13, 27, 80 }, // U+2016
    { 8, 4, 107, -2, 0, 8, 107 }, // U+2017
    { 4, 6, 47, 1, 13, 6, 115 }, // U+2018
    { 4, 6, 47, 1, 13, 6, 121 }, // U+2019
    { 4, 5, 66, -1, 2, 5, 127 }, // U+201A
    { 3, 6, 47, 1, 13, 5, 132 }, // U+201B
    { 7, 6, 97, 1, 13, 11, 137 }, // U+201C
    { 7, 6, 97, 1, 13, 11, 148 }, // U+201D
    { 7, 5, 116, -1, 2, 9, 159 }, // U+201E
    { 6, 6, 97, 1, 13, 9, 168 }, // U+201F
    { 8, 13, 128, 1, 13, 26, 177 }, // U+2020
    { 9, 13, 128, 0, 13, 30, 203 }, // U+2021
    { 5, 5, 102, 1, 9, 7, 233 }, // U+2022
    { 6, 6, 100, 1, 9, 9, 240 }, // U+2023
    { 3, 4, 136, 2, 3, 3, 249 }, // U+2024
    { 7, 4, 138, 0, 3, 7, 252 }, // U+2025
    { 12, 4, 209, 0, 3, 12, 259 }, // U+2026
    { 3, 4, 70, 1, 6, 3, 271 }, // U+2027
    { 0, 0, 163, 0, 0, 0, 274 }, // U+2028
    { 0, 0, 163, 0, 0, 0, 274 }, // U+2029
    { 5, 14, 0, -1, 11, 18, 274 }, // U+202A
    { 5, 14, 0, -4, 11, 18, 292 }, // U+202B
    { 4, 15, 0, -2, 12, 15, 310 }, // U+202C
    { 4, 15, 0, -2, 12, 15, 325 }, // U+202D
    { 4, 15, 0, -2, 12, 15, 340 }, // U+202E
    { 0, 0, 45, 0, 0, 0, 355 }, // U+202F
    { 18, 14, 306, 1, 13, 63, 355 }, // U+2030
    { 23, 14, 395, 1, 13, 81, 418 }, // U+2031
    { 4, 6, 60, 1, 13, 6, 499 }, // U+2032
    { 7, 6, 106, 1, 13, 11, 505 }, // U+2033
    { 10, 6, 152, 1, 13, 15, 516 }, // U+2034
    { 3, 6, 73, 2, 13, 5, 531 }, // U+2035
    { 6, 6, 115, 2, 13, 9, 536 }, // U+2036
    { 8, 6, 157, 2, 13, 12, 545 }, // U+2037
    { 7, 7, 109, -2, 2, 13, 557 }, // U+2038
    { 5, 8, 78, 0, 8, 10, 570 }, // U+2039
    { 5, 8, 78, 0, 8, 10, 580 }, // U+203A
    { 14, 14, 228, 0, 13, 49, 590 }, // U+203B
    { 9, 14, 134, 0, 13, 32, 639 }, // U+203C
    { 7, 14, 117, 1, 13, 25, 671 }, // U+203D
    { 8, 3, 107, 1, 15, 6, 696 }, // U+203E
    { 9, 5, 147, -1, 0, 12, 702 }, // U+203F
    { 9, 5, 147, 1, 14, 12, 714 }, // U+2040
    { 9, 12, 93, -2, 7, 27, 726 }, // U+2041
    { 18, 16, 304, 0, 13, 72, 753 }, // U+2042
    { 5, 3, 78, 0, 6, 4, 825 }, // U+2043
    { 12, 13, 35, -5, 13, 39, 829 }, // U+2044
    { 8, 16, 79, -1, 13, 32, 868 }, // U+2045
    { 8, 16, 79, -2, 13, 32, 900 }, // U+2046
    { 15, 14, 234, 1, 13, 53, 932 }, // U+2047
    { 11, 14, 188, 1, 13, 39, 985 }, // U+2048
    { 13, 14, 188, 0, 13, 46, 1024 }, // U+2049
    { 9, 10, 141, 1, 10, 23, 1070 }, // U+204A
    { 10, 16, 163, 1, 13, 40, 1093 }, // U+204B
    { 10, 10, 174, 0, 10, 25, 1133 }, // U+204C
    { 9, 10, 174, 1, 10, 23, 1158 }, // U+204D
    { 9, 8, 150, -1, 4, 18, 1181 }, // U+204E
    { 4, 13, 70, 0, 10, 13, 1199 }, // U+204F
    { 11, 19, 147, -1, 14, 53, 1212 }, // U+2050
    { 10, 17, 150, 0, 13, 43, 1265 }, // U+2051
    { 7, 14, 101, 0, 13, 25, 1308 }, // U+2052
    { 16, 4, 272, 1, 7, 16, 1333 }, // U+2053
    { 10, 4, 147, -2, 0, 10, 1349 }, // U+2054
    { 10, 10, 156, 0, 9, 25, 1359 }, // U+2055
    { 8, 14, 141, 0, 13, 28, 1384 }, // U+2056
    { 13, 6, 197, 1, 13, 20, 1412 }, // U+2057
    { 14, 14, 224, 0, 13, 49, 1432 }, // U+2058
    { 14, 14, 225, 0, 13, 49, 1481 }, // U+2059
    { 3, 14, 60, 0, 13, 11, 1530 }, // U+205A
    { 11, 14, 178, 0, 13, 39, 1541 }, // U+205B
    { 13, 14, 217, 0, 13, 46, 1580 }, // U+205C
    { 3, 13, 73, 1, 12, 10, 1626 }, // U+205D
    { 3, 14, 73, 1, 13, 11, 1636 }, // U+205E
    { 0, 0, 60, 0, 0, 0, 1647 }, // U+205F
    { 0, 0, 163, 0, 0, 0, 1647 }, // U+2060
    { 0, 0, 163, 0, 0, 0, 1647 }, // U+2061
    { 0, 0, 163, 0, 0, 0, 1647 }, // U+2062
    { 0, 0, 163, 0, 0, 0, 1647 }, // U+2063
    { 0, 0, 163, 0, 0, 0, 1647 }, // U+2064
    { 0, 0, 163, 0, 0, 0, 1647 }, // U+2066
    { 0, 0, 163, 0, 0, 0, 1647 }, // U+2067
    { 0, 0, 163, 0, 0, 0, 1647 }, // U+2068
    { 0, 0, 163, 0, 0, 0, 1647 }, // U+2069
    { 4, 15, 0, -2, 12, 15, 1647 }, // U+206A
    { 4, 15, 0, -2, 12, 15, 1662 }, // U+206B
    { 4, 15, 0, -2, 12, 15, 1677 }, // U+206C
    { 4, 15, 0, -2, 12, 15, 1692 }, // U+206D
    { 4, 15, 0, -2, 12, 15, 1707 }, // U+206E
    { 4, 15, 0, -2, 12, 15, 1722 }, // U+206F
    { 6, 9, 96, 1, 15, 14, 0 }, // U+2070
    { 4, 9, 61, 1, 13, 9, 14 }, // U+2071
    { 6, 8, 96, 1, 15, 12, 23 }, // U+2074
    { 6, 9, 96, 1, 15, 14, 35 }, // U+2075
    { 7, 9, 96, 1, 15, 16, 49 }, // U+2076
    { 7, 8, 96, 1, 15, 14, 65 }, // U+2077
    { 6, 9, 96, 1, 15, 14, 79 }, // U+2078
    { 6, 9, 96, 1, 15, 14, 93 }, // U+2079
    { 6, 6, 92, 1, 13, 9, 107 }, // U+207A
    { 6, 2, 92, 1, 11, 3, 116 }, // U+207B
    { 6, 4, 92, 1, 12, 6, 119 }, // U+207C
    { 4, 10, 51, 2, 16, 10, 125 }, // U+207D
    { 4, 10, 51, 0, 16, 10, 135 }, // U+207E
    { 6, 7, 102, 1, 11, 11, 145 }, // U+207F
    { 6, 9, 96, -1, 6, 14, 156 }, // U+2080
    { 5, 8, 96, 0, 6, 10, 170 }, // U+2081
    { 6, 8, 96, -1, 6, 12, 180 }, // U+2082
    { 6, 9, 96, -1, 6, 14, 192 }, // U+2083
    { 6, 8, 96, -1, 6, 12, 206 }, // U+2084
    { 6, 9, 96, -1, 6, 14, 218 }, // U+2085
    { 7, 9, 96, -1, 6, 16, 232 }, // U+2086
    { 7, 8, 96, -1, 6, 14, 248 }, // U+2087
    { 6, 9, 96, -1, 6, 14, 262 }, // U+2088
    { 6, 9, 96, -1, 6, 14, 276 }, // U+2089
    { 6, 6, 92, -1, 4, 9, 290 }, // U+208A
    { 6, 2, 92, -1, 2, 3, 299 }, // U+208B
    { 6, 4, 92, -1, 3, 6, 302 }, // U+208C
    { 4, 10, 51, 0, 7, 10, 308 }, // U+208D
    { 4, 10, 51, -2, 7, 10, 318 }, // U+208E
    { 7, 6, 100, -1, 4, 11, 328 }, // U+2090
    { 6, 6, 88, -1, 4, 9, 339 }, // U+2091
    { 6, 6, 100, -1, 4, 9, 348 }, // U+2092
    { 7, 6, 85, -2, 4, 11, 357 }, // U+2093
    { 6, 6, 88, -1, 4, 9, 368 }, // U+2094
    { 6, 9, 119, 0, 7, 14, 377 }, // U+2095
    { 6, 9, 95, 0, 7, 14, 391 }, // U+2096
    { 3, 9, 64, 0, 7, 7, 405 }, // U+2097
    { 9, 6, 171, 0, 4, 14, 412 }, // U+2098
    { 6, 6, 102, -1, 4, 9, 426 }, // U+2099
    { 7, 9, 102, -2, 4, 16, 435 }, // U+209A
    { 6, 6, 84, -1, 4, 9, 451 }, // U+209B
    { 5, 8, 59, -1, 6, 10, 460 }, // U+209C
    { 9, 13, 150, 1, 13, 30, 0 }, // U+20A0
    { 11, 14, 150, 0, 13, 39, 30 }, // U+20A1
    { 9, 14, 150, 1, 13, 32, 69 }, // U+20A2
    { 10, 13, 150, 0, 13, 33, 101 }, // U+20A3
    { 11, 13, 150, -1, 13, 36, 134 }, // U+20A4
    { 14, 14, 238, 0, 12, 49, 170 }, // U+20A5
    { 10, 13, 150, 0, 13, 33, 219 }, // U+20A6
    { 13, 14, 200, 0, 13, 46, 252 }, // U+20A7
    { 14, 14, 218, 0, 13, 49, 298 }, // U+20A8
    { 12, 13, 169, 0, 13, 39, 347 }, // U+20A9
    { 14, 13, 217, 0, 13, 46, 386 }, // U+20AA
    { 12, 16, 157, 0, 13, 48, 432 }, // U+20AB
    { 11, 14, 150, 0, 13, 39, 480 }, // U+20AC
    { 12, 13, 153, 0, 13, 39, 519 }, // U+20AD
    { 11, 13, 136, 0, 13, 36, 558 }, // U+20AE
    { 16, 18, 264, 0, 13, 72, 594 }, // U+20AF
    { 11, 18, 150, -1, 13, 50, 666 }, // U+20B0
    { 11, 13, 150, 0, 13, 36, 716 }, // U+20B1
    { 11, 15, 184, 1, 13, 42, 752 }, // U+20B2
    { 12, 13, 153, -1, 13, 39, 794 }, // U+20B3
    { 11, 14, 137, -1, 13, 39, 833 }, // U+20B4
    { 10, 15, 160, 1, 13, 38, 872 }, // U+20B5
    { 11, 13, 155, 0, 12, 36, 910 }, // U+20B6
    { 13, 15, 179, -1, 13, 49, 946 }, // U+20B7
    { 9, 13, 134, 1, 13, 30, 995 }, // U+20B8
    { 9, 13, 150, 1, 13, 30, 1025 }, // U+20B9
    { 10, 14, 150, 0, 13, 35, 1055 }, // U+20BA
    { 12, 14, 182, 0, 13, 42, 1090 }, // U+20BB
    { 13, 13, 202, -1, 13, 43, 1132 }, // U+20BC
    { 12, 13, 158, -1, 13, 39, 1175 }, // U+20BD
    { 12, 14, 160, -1, 14, 42, 1214 }, // U+20BE
    { 10, 16, 150, 0, 14, 40, 1256 }, // U+20BF
    { 5, 3, 85, 0, 6, 4, 0 }, // U+2212
    { 15, 18, 174, -2, 13, 68, 0 }, // U+FB00
    { 12, 18, 157, -2, 13, 54, 68 }, // U+FB01
    { 13, 18, 157, -2, 13, 59, 122 }, // U+FB02
    { 18, 18, 244, -2, 13, 81, 181 }, // U+FB03
    { 18, 18, 244, -2, 13, 81, 262 }, // U+FB04
    { 14, 18, 167, -3, 13, 63, 343 }, // U+FB05
    { 14, 14, 208, 0, 13, 49, 406 }, // U+FB06
    { 17, 16, 272, 0, 13, 68, 0 }, // U+FFFD
};

static const EpdUnicodeInterval notosans_c17_italicIntervals[] = {
    { 0x0, 0x0, 0x0 },
    { 0xD, 0xD, 0x1 },
    { 0x20, 0x7E, 0x2 },
    { 0xA0, 0x17F, 0x61 },
    { 0x1A0, 0x1A1, 0x141 },
    { 0x1AF, 0x1B0, 0x143 },
    { 0x1C4, 0x21F, 0x145 },
    { 0x250, 0x36F, 0x1A1 },
    { 0x400, 0x4FF, 0x2C1 },
    { 0x1EA0, 0x1EF9, 0x3C1 },
    { 0x2000, 0x2064, 0x41B },
    { 0x2066, 0x2071, 0x480 },
    { 0x2074, 0x208E, 0x48C },
    { 0x2090, 0x209C, 0x4A7 },
    { 0x20A0, 0x20BF, 0x4B4 },
    { 0x2212, 0x2212, 0x4D4 },
    { 0xFB00, 0xFB06, 0x4D5 },
    { 0xFFFD, 0xFFFD, 0x4DC },
};

static const EpdFontGroup notosans_c17_italicGroups[] = {
    { 0, 1739, 3128, 97, 0 },
    { 1739, 1589, 3684, 96, 97 },
    { 3328, 1959, 5722, 128, 193 },
    { 5287, 1928, 4963, 96, 321 },
    { 7215, 2379, 4549, 176, 417 },
    { 9594, 675, 874, 112, 593 },
    { 10269, 5052, 11177, 256, 705 },
    { 15321, 1119, 4616, 90, 961 },
    { 16440, 1131, 2004, 111, 1051 },
    { 17571, 405, 586, 42, 1162 },
    { 17976, 1024, 1445, 32, 1204 },
    { 19000, 8, 6, 1, 1236 },
    { 19008, 279, 506, 7, 1237 },
    { 19287, 76, 80, 1, 1244 },
};

static const uint16_t notosans_c17_italicKernLeftCodepoints[] = {
    0x0020, 0x0022, 0x0026, 0x0027, 0x0028, 0x002C, 0x002D, 0x002E, 0x0041, 0x0042, 0x0043, 0x0044,
    0x0045, 0x0046, 0x004B, 0x004C, 0x004F, 0x0050, 0x0051, 0x0052, 0x0054, 0x0055, 0x0056, 0x0057,
    0x0058, 0x0059, 0x005A, 0x005B, 0x005F, 0x0061, 0x0062, 0x0063, 0x0065, 0x0066, 0x006B, 0x006F,
    0x0070, 0x0072, 0x0074, 0x0076, 0x0077, 0x0078, 0x0079, 0x007B, 0x00A1, 0x00AB, 0x00BB, 0x00BF,
    0x00C0, 0x00C1, 0x00C2, 0x00C3, 0x00C4, 0x00C5, 0x00C6, 0x00C7, 0x00C8, 0x00C9, 0x00CA, 0x00CB,
    0x00D0, 0x00D2, 0x00D3, 0x00D4, 0x00D5, 0x00D6, 0x00D8, 0x00D9, 0x00DA, 0x00DB, 0x00DC, 0x00DD,
    0x00DE, 0x00E0, 0x00E1, 0x00E2, 0x00E3, 0x00E4, 0x00E5, 0x00E6, 0x00E8, 0x00E9, 0x00EA, 0x00EB,
    0x00EF, 0x00F0, 0x00F2, 0x00F3, 0x00F4, 0x00F5, 0x00F6, 0x00F8, 0x00FD, 0x00FE, 0x00FF, 0x0100,
    0x0101, 0x0102, 0x0103, 0x0104, 0x0105, 0x0106, 0x0108, 0x010A, 0x010C, 0x010E, 0x010F, 0x0110,
    0x0112, 0x0113, 0x0114, 0x0115, 0x0116, 0x0117, 0x0118, 0x0119, 0x011A, 0x011B, 0x0129, 0x012B,
    0x012E, 0x0136, 0x0137, 0x0138, 0x0139, 0x013B, 0x013D, 0x013E, 0x013F, 0x0141, 0x014C, 0x014D,
    0x014E, 0x014F, 0x0150, 0x0151, 0x0152, 0x0153, 0x0155, 0x0157, 0x0159, 0x0162, 0x0163, 0x0164,
    0x0165, 0x0166, 0x0167, 0x0168, 0x016A, 0x016C, 0x016E, 0x0170, 0x0172, 0x0174, 0x0175, 0x0176,
    0x0177, 0x0178, 0x0179, 0x017B, 0x017D, 0x01A0, 0x01A1, 0x01AF, 0x01B0, 0x01D0, 0x01FA, 0x01FB,
    0x01FC, 0x01FD, 0x01FE, 0x01FF, 0x020B, 0x021A, 0x021B, 0x02BC, 0x0402, 0x0403, 0x0404, 0x0405,
    0x0408, 0x0409, 0x040A, 0x040B, 0x040C, 0x040E, 0x0410, 0x0411, 0x0412, 0x0413, 0x0414, 0x0416,
    0x0417, 0x041A, 0x041E, 0x0420, 0x0421, 0x0422, 0x0423, 0x0424, 0x0425, 0x0426, 0x0429, 0x042A,
    0x042C, 0x042D, 0x042E, 0x0430, 0x0431, 0x0432, 0x0433, 0x0434, 0x0435, 0x0436, 0x0437, 0x0438,
    0x0439, 0x043A, 0x043B, 0x043C, 0x043D, 0x043E, 0x043F, 0x0440, 0x0441, 0x0442, 0x0443, 0x0444,
    0x0445, 0x0446, 0x0447, 0x0448, 0x0449, 0x044A, 0x044B, 0x044C, 0x044D, 0x044E, 0x044F, 0x0450,
    0x0451, 0x0452, 0x0453, 0x0454, 0x0455, 0x0457, 0x0458, 0x0459, 0x045A, 0x045B, 0x045C, 0x045D,
    0x045E, 0x045F, 0x0460, 0x0461, 0x0462, 0x0463, 0x0464, 0x0466, 0x0467, 0x0468, 0x0469, 0x046E,
    0x046F, 0x0472, 0x0473, 0x0474, 0x0475, 0x0476, 0x0477, 0x0478, 0x0479, 0x047A, 0x047B, 0x047C,
    0x047D, 0x047E, 0x047F, 0x0480, 0x048A, 0x048B, 0x048C, 0x048D, 0x048E, 0x048F, 0x0490, 0x0491,
    0x0492, 0x0493, 0x0495, 0x0496, 0x0497, 0x0498, 0x0499, 0x049A, 0x049B, 0x049C, 0x049D, 0x049E,
    0x049F, 0x04A0, 0x04A1, 0x04A2, 0x04A3, 0x04A4, 0x04A5, 0x04A7, 0x04A9, 0x04AA, 0x04AC, 0x04AD,
    0x04AE, 0x04AF, 0x04B0, 0x04B1, 0x04B2, 0x04B3, 0x04B4, 0x04B5, 0x04B6, 0x04B7, 0x04BB, 0x04BC,
    0x04BD, 0x04BE, 0x04BF, 0x04C1, 0x04C2, 0x04C4, 0x04C5, 0x04C6, 0x04C9, 0x04CA, 0x04CD, 0x04CE,
    0x04D0, 0x04D1, 0x04D2, 0x04D3, 0x04D5, 0x04D7, 0x04D8, 0x04D9, 0x04DA, 0x04DB, 0x04DC, 0x04DD,
    0x04DE, 0x04DF, 0x04E6, 0x04E7, 0x04E8, 0x04E9, 0x04EA, 0x04EB, 0x04EC, 0x04ED, 0x04EE, 0x04EF,
    0x04F0, 0x04F1, 0x04F2, 0x04F3, 0x04F5, 0x04F6, 0x04F7, 0x04F9, 0x04FA, 0x04FB, 0x04FC, 0x04FD,
    0x04FE, 0x04FF, 0x1EA0, 0x1EA1, 0x1EA2, 0x1EA3, 0x1EA4, 0x1EA5, 0x1EA6, 0x1EA7, 0x1EA8, 0x1EA9,
    0x1EAA, 0x1EAB, 0x1EAC, 0x1EAD, 0x1EAE, 0x1EAF, 0x1EB0, 0x1EB1, 0x1EB2, 0x1EB3, 0x1EB4, 0x1EB5,
    0x1EB6, 0x1EB7, 0x1EB8, 0x1EB9, 0x1EBA, 0x1EBB, 0x1EBC, 0x1EBD, 0x1EBE, 0x1EBF, 0x1EC0, 0x1EC1,
    0x1EC2, 0x1EC3, 0x1EC4, 0x1EC5, 0x1EC6, 0x1EC7, 0x1ECC, 0x1ECD, 0x1ECE, 0x1ECF, 0x1ED0, 0x1ED1,
    0x1ED2, 0x1ED3, 0x1ED4, 0x1ED5, 0x1ED6, 0x1ED7, 0x1ED8, 0x1ED9, 0x1EDA, 0x1EDB, 0x1EDC, 0x1EDD,
    0x1EDE, 0x1EDF, 0x1EE0, 0x1EE1, 0x1EE2, 0x1EE3, 0x1EE4, 0x1EE6, 0x1EE8, 0x1EE9, 0x1EEA, 0x1EEB,
    0x1EEC, 0x1EED, 0x1EEE, 0x1EEF, 0x1EF0, 0x1EF1, 0x1EF2, 0x1EF3, 0x1EF4, 0x1EF5, 0x1EF6, 0x1EF7,
    0x1EF8, 0x1EF9, 0x2013, 0x2014, 0x2015, 0x2018, 0x2019, 0x201A, 0x201C, 0x201D, 0x201E, 0x2039,
    0x203A, 0x207D, 0x208D, 0xFB00,
};

static const uint8_t notosans_c17_italicKernLeftClassIds[] = {
      1,   2,   3,   2,   4,   5,   6,   5,   7,   8,   9,  10,  11,  12,  13,  14,
     10,  15,  10,  16,  17,  18,  19,  19,  13,  20,  21,   4,  22,  23,  24,  25,
     24,  26,  27,  24,  24,  28,  29,  30,  30,  27,  30,   4,  31,  32,  33,  34,
      7,   7,   7,   7,   7,   7,  11,   9,  11,  11,  11,  11,  10,  10,  10,  10,
     10,  10,  10,  18,  18,  18,  18,  20,  15,  23,  23,  23,  23,  23,  23,  24,
     24,  24,  24,  24,  35,  24,  24,  24,  24,  24,  24,  24,  30,  24,  30,   7,
     23,   7,  23,   7,  23,   9,   9,   9,   9,  10,  36,  10,  11,  24,  11,  24,
     11,  24,  11,  24,  11,  24,  37,  35,  38,  13,  27,  27,  14,  14,  14,  36,
     14,  14,  10,  24,  10,  24,  10,  24,  11,  24,  28,  28,  28,  17,  29,  17,
     39,  17,  29,  18,  18,  18,  18,  18,  18,  19,  30,  20,  30,  20,  21,  21,
     21,  40,  41,  42,  43,  35,   7,  23,  11,  24,  10,  24,  35,  17,  29,  44,
     45,  46,  47,  48,  49,  45,  45,  50,  51,  52,  53,  54,  55,  46,  56,  51,
     55,  51,  57,  58,  47,  46,  52,  59,  51,  56,  56,  45,  45,  57,  57,  60,
     61,  62,  63,  64,  63,  65,  62,  60,  60,  66,  60,  60,  60,  67,  68,  67,
     65,  68,  69,  67,  66,  70,  60,  60,  70,  71,  60,  71,  67,  67,  60,  63,
     63,  72,  63,  65,  73,  74,  75,  71,  71,  68,  66,  60,  76,  60,  52,  77,
     78,  71,  47,  53,  79,  53,  79,  55,  62,  57,  67,  52,  77,  52,  77,  69,
     69,  57,  67,  57,  67,  52,  77,  47,  56,  64,  78,  71,  58,  67,  80,  81,
     82,  83,  84,  85,  86,  55,  62,  85,  86,  51,  65,  51,  65,  51,  65,  56,
     64,  82,  81,  84,  67,  47,  80,  64,  87,  88,  87,  88,  85,  86,  56,  64,
     56,  64,  84,  89,  63,  89,  63,  51,  65,  65,  56,  64,  56,  64,  56,  64,
     53,  23,  53,  23,  63,  63,  57,  67,  57,  67,  51,  65,  55,  62,  57,  67,
     57,  67,  57,  67,  57,  67,  52,  69,  52,  69,  52,  69,  60,  80,  81,  60,
     82,  83,  85,  86,  51,  86,   7,  23,   7,  23,   7,  23,   7,  23,   7,  23,
      7,  23,   7,  23,   7,  23,   7,  23,   7,  23,   7,  23,   7,  23,  11,  24,
     11,  24,  11,  24,  11,  24,  11,  24,  11,  24,  11,  24,  11,  24,  10,  24,
     10,  24,  10,  24,  10,  24,  10,  24,  10,  24,  10,  24,  40,  41,  40,  41,
     40,  41,  40,  41,  40,  41,  18,  18,  42,  43,  42,  43,  42,  43,  42,  43,
     42,  43,  20,  30,  20,  30,  20,  30,  20,  30,   6,   6,   6,   2,   2,   5,
      2,   2,   5,  32,  33,  90,  91,  26,
};

static const uint16_t notosans_c17_italicKernRightCodepoints[] = {
    0x0021, 0x0022, 0x0026, 0x0027, 0x0029, 0x002C, 0x002D, 0x002E, 0x003A, 0x003B, 0x003F, 0x0041,
    0x0043, 0x0047, 0x0049, 0x004A, 0x004F, 0x0051, 0x0053, 0x0054, 0x0055, 0x0056, 0x0057, 0x0058,
    0x0059, 0x005A, 0x005D, 0x0061, 0x0063, 0x0064, 0x0065, 0x0066, 0x0067, 0x006A, 0x006D, 0x006E,
    0x006F, 0x0070, 0x0071, 0x0072, 0x0073, 0x0074, 0x0075, 0x0076, 0x0077, 0x0079, 0x007A, 0x007D,
    0x00AB, 0x00BB, 0x00C0, 0x00C1, 0x00C2, 0x00C3, 0x00C4, 0x00C5, 0x00C6, 0x00C7, 0x00D2, 0x00D3,
    0x00D4, 0x00D5, 0x00D6, 0x00D8, 0x00D9, 0x00DA, 0x00DB, 0x00DC, 0x00DD, 0x00DF, 0x00E0, 0x00E1,
    0x00E2, 0x00E3, 0x00E4, 0x00E5, 0x00E6, 0x00E7, 0x00E8, 0x00E9, 0x00EA, 0x00EB, 0x00F1, 0x00F2,
    0x00F3, 0x00F4, 0x00F5, 0x00F6, 0x00F8, 0x00F9, 0x00FA, 0x00FB, 0x00FC, 0x00FD, 0x00FF, 0x0100,
    0x0101, 0x0102, 0x0103, 0x0104, 0x0105, 0x0106, 0x0107, 0x0108, 0x0109, 0x010A, 0x010B, 0x010C,
    0x010D, 0x010F, 0x0111, 0x0113, 0x0115, 0x0117, 0x0119, 0x011B, 0x011C, 0x011D, 0x011E, 0x011F,
    0x0120, 0x0121, 0x0122, 0x0123, 0x0127, 0x0129, 0x0135, 0x0138, 0x0144, 0x0146, 0x0148, 0x014B,
    0x014C, 0x014D, 0x014E, 0x014F, 0x0150, 0x0151, 0x0152, 0x0153, 0x0155, 0x0157, 0x015B, 0x015D,
    0x015F, 0x0161, 0x0162, 0x0163, 0x0164, 0x0165, 0x0166, 0x0167, 0x0168, 0x0169, 0x016A, 0x016B,
    0x016C, 0x016D, 0x016E, 0x016F, 0x0170, 0x0171, 0x0172, 0x0173, 0x0174, 0x0175, 0x0176, 0x0177,
    0x0178, 0x0179, 0x017A, 0x017B, 0x017C, 0x017D, 0x017E, 0x01A0, 0x01A1, 0x01AF, 0x01B0, 0x01FA,
    0x01FB, 0x01FC, 0x01FD, 0x01FE, 0x01FF, 0x0219, 0x021A, 0x021B, 0x0402, 0x0404, 0x0405, 0x0408,
    0x0409, 0x040B, 0x040E, 0x0410, 0x0414, 0x0416, 0x0417, 0x041B, 0x041E, 0x0421, 0x0422, 0x0423,
    0x0424, 0x0425, 0x0427, 0x042A, 0x042D, 0x042F, 0x0430, 0x0431, 0x0432, 0x0433, 0x0434, 0x0435,
    0x0436, 0x0437, 0x0438, 0x0439, 0x043A, 0x043B, 0x043C, 0x043D, 0x043E, 0x043F, 0x0440, 0x0441,
    0x0442, 0x0443, 0x0444, 0x0445, 0x0446, 0x0447, 0x0448, 0x0449, 0x044A, 0x044B, 0x044C, 0x044D,
    0x044E, 0x044F, 0x0450, 0x0451, 0x0452, 0x0453, 0x0454, 0x0455, 0x0457, 0x0458, 0x0459, 0x045A,
    0x045B, 0x045C, 0x045D, 0x045E, 0x045F, 0x0460, 0x0461, 0x0462, 0x0465, 0x0466, 0x0467, 0x0469,
    0x046D, 0x046E, 0x046F, 0x0470, 0x0471, 0x0472, 0x0473, 0x0474, 0x0475, 0x0476, 0x0477, 0x0478,
    0x0479, 0x047A, 0x047B, 0x047C, 0x047D, 0x047E, 0x047F, 0x0480, 0x0481, 0x048B, 0x048C, 0x048D,
    0x048F, 0x0491, 0x0492, 0x0495, 0x0496, 0x0497, 0x0498, 0x0499, 0x049B, 0x049D, 0x049E, 0x049F,
    0x04A0, 0x04A1, 0x04A3, 0x04A5, 0x04A7, 0x04A8, 0x04A9, 0x04AA, 0x04AB, 0x04AC, 0x04AD, 0x04AE,
    0x04AF, 0x04B0, 0x04B1, 0x04B2, 0x04B3, 0x04B4, 0x04B5, 0x04B6, 0x04B7, 0x04B8, 0x04B9, 0x04BB,
    0x04BC, 0x04BD, 0x04BE, 0x04BF, 0x04C1, 0x04C2, 0x04C4, 0x04C5, 0x04C6, 0x04C8, 0x04CA, 0x04CB,
    0x04CC, 0x04CE, 0x04D0, 0x04D1, 0x04D2, 0x04D3, 0x04D4, 0x04D5, 0x04D7, 0x04D8, 0x04D9, 0x04DA,
    0x04DB, 0x04DC, 0x04DD, 0x04DE, 0x04DF, 0x04E3, 0x04E5, 0x04E6, 0x04E7, 0x04E8, 0x04E9, 0x04EA,
    0x04EB, 0x04EC, 0x04ED, 0x04EE, 0x04EF, 0x04F0, 0x04F1, 0x04F2, 0x04F3, 0x04F4, 0x04F5, 0x04F7,
    0x04F9, 0x04FA, 0x04FC, 0x04FD, 0x04FE, 0x04FF, 0x1EA0, 0x1EA1, 0x1EA2, 0x1EA3, 0x1EA4, 0x1EA5,
    0x1EA6, 0x1EA7, 0x1EA8, 0x1EA9, 0x1EAA, 0x1EAB, 0x1EAC, 0x1EAD, 0x1EAE, 0x1EAF, 0x1EB0, 0x1EB1,
    0x1EB2, 0x1EB3, 0x1EB4, 0x1EB5, 0x1EB6, 0x1EB7, 0x1EB9, 0x1EBB, 0x1EBD, 0x1EBF, 0x1EC1, 0x1EC3,
    0x1EC5, 0x1EC7, 0x1ECC, 0x1ECD, 0x1ECE, 0x1ECF, 0x1ED0, 0x1ED1, 0x1ED2, 0x1ED3, 0x1ED4, 0x1ED5,
    0x1ED6, 0x1ED7, 0x1ED8, 0x1ED9, 0x1EDA, 0x1EDB, 0x1EDC, 0x1EDD, 0x1EDE, 0x1EDF, 0x1EE0, 0x1EE1,
    0x1EE2, 0x1EE3, 0x1EE4, 0x1EE5, 0x1EE6, 0x1EE7, 0x1EE8, 0x1EE9, 0x1EEA, 0x1EEB, 0x1EEC, 0x1EED,
    0x1EEE, 0x1EEF, 0x1EF0, 0x1EF1, 0x1EF2, 0x1EF3, 0x1EF4, 0x1EF5, 0x1EF6, 0x1EF7, 0x1EF8, 0x1EF9,
    0x2013, 0x2014, 0x2015, 0x2018, 0x2019, 0x201A, 0x201C, 0x201D, 0x201E, 0x2026, 0x2039, 0x203A,
    0x207E, 0x208E, 0xFB00,
};

static const uint8_t notosans_c17_italicKernRightClassIds[] = {
      1,   2,   3,   2,   4,   5,   6,   5,   7,   7,   8,   9,  10,  10,  11,  12,
     10,  10,  13,  14,  15,  16,  16,  17,  18,  19,   4,  20,  21,  21,  21,  22,
     23,  24,  25,  25,  21,  25,  21,  25,  26,  27,  25,  28,  28,  28,  29,   4,
     30,  31,   9,   9,   9,   9,   9,   9,  32,  10,  10,  10,  10,  10,  10,  10,
     15,  15,  15,  15,  18,  24,  21,  20,  20,  20,  20,  20,  20,  21,  21,  21,
     21,  21,  25,  21,  21,  21,  21,  21,  21,  25,  25,  25,  25,  28,  28,   9,
     20,   9,  20,   9,  20,  10,  21,  10,  21,  10,  21,  10,  21,  21,  21,  21,
     21,  21,  21,  21,  10,  23,  10,  23,  10,  23,  10,  23,  33,  34,  24,  25,
     25,  25,  25,  25,  10,  21,  10,  21,  10,  21,  10,  21,  25,  25,  26,  26,
     26,  26,  14,  27,  14,  27,  14,  27,  15,  25,  15,  25,  15,  25,  15,  25,
     15,  25,  15,  25,  16,  28,  18,  28,  18,  19,  29,  19,  29,  19,  29,  10,
     21,  15,  25,   9,  20,  32,  20,  10,  21,  26,  14,  27,  35,  36,  37,  38,
     39,  35,  40,  41,  42,  43,  44,  39,  36,  36,  35,  40,  45,  43,  46,  35,
     44,  47,  48,  49,  48,  50,  51,  48,  52,  50,  53,  53,  54,  55,  54,  54,
     48,  54,  54,  48,  54,  56,  48,  57,  53,  58,  53,  53,  59,  53,  53,  52,
     54,  60,  48,  48,  61,  50,  48,  62,  63,  64,  55,  54,  61,  54,  53,  65,
     53,  66,  67,  68,  69,  41,  70,  69,  69,  44,  50,  46,  69,  71,  72,  66,
     67,  66,  67,  71,  72,  71,  72,  71,  72,  66,  67,  71,  72,  69,  68,  61,
     69,  69,  68,  69,  43,  50,  44,  50,  69,  69,  68,  61,  73,  59,  69,  69,
     69,  71,  72,  71,  72,  35,  69,  74,  75,  74,  75,  43,  52,  73,  59,  46,
     58,  46,  58,  69,  76,  77,  76,  77,  43,  52,  69,  78,  70,  69,  69,  46,
     58,  69,  41,  79,  41,  79,  41,  79,  72,  80,  50,  80,  50,  43,  52,  44,
     50,  69,  69,  71,  72,  71,  72,  71,  72,  44,  52,  40,  56,  40,  56,  40,
     56,  46,  58,  69,  53,  68,  43,  52,  43,  52,   9,  20,   9,  20,   9,  20,
      9,  20,   9,  20,   9,  20,   9,  20,   9,  20,   9,  20,   9,  20,   9,  20,
      9,  20,  21,  21,  21,  21,  21,  21,  21,  21,  10,  21,  10,  21,  10,  21,
     10,  21,  10,  21,  10,  21,  10,  21,  10,  21,  10,  21,  10,  21,  10,  21,
     10,  21,  15,  25,  15,  25,  15,  25,  15,  25,  15,  25,  15,  25,  15,  25,
     18,  28,  18,  28,  18,  28,  18,  28,   6,   6,   6,  81,   2,   5,  81,   2,
      5,   5,  30,  31,  82,  83,  22,
};

static const uint16_t notosans_c17_italicKernRowOffsets[] = {
        0,     2,    32,    35,    50,    65,    78,    84,    85,    88,    96,    97,   100,   102,   109,   115,
      116,   132,   134,   146,   160,   163,   164,   165,   168,   169,   171,   172,   177,   179,   182,   185,
      192,   200,   204,   205,   211,   213,   214,   217,   224,   230,   244,   252,   253,   269,   298,   308,
      313,   315,   322,   341,   370,   394,   408,   422,   438,   451,   467,   486,   487,   503,   512,   520,
      525,   533,   543,   559,   568,   580,   598,   615,   624,   629,   637,   639,   651,   653,   660,   672,
      696,   700,   718,   722,   730,   737,   739,   754,   756,   759,   760,   761,
};

static const uint8_t notosans_c17_italicKernSparseCols[] = {
     70,  71,   8,  13,  15,  17,  19,  20,  22,  24,  25,  33,  34,  36,  38,  39,
     40,  41,  42,  43,  45,  49,  54,  55,  60,  62,  64,  68,  69,  71,  77,  78,
     13,  15,  17,  11,  21,  23,  34,  37,  38,  41,  42,  43,  44,  55,  60,  62,
     63,  64,   9,  13,  14,  15,  17,  34,  44,  45,  57,  58,  65,  70,  72,  73,
     75,  13,  34,  39,  41,  42,  45,  54,  55,  56,  57,  58,  64,  72,   1,   9,
     11,  13,  15,  17,   4,   2,   9,  29,   4,   8,  13,  15,  16,  17,  18,  36,
     11,   4,   7,   8,   9,  29,   1,   9,  13,  14,  15,  17,  29,   2,   4,   8,
     16,  18,  29,  29,   2,   4,   5,   7,   8,   9,  13,  19,  20,  22,  24,  25,
     27,  28,  29,  30,   4,   8,   2,   4,   7,   8,   9,  19,  20,  22,  24,  25,
     29,  30,   2,   4,   7,   8,   9,  19,  20,  22,  24,  25,  28,  29,  30,  31,
      2,   9,  29,  11,   1,   1,  27,  28,   1,   1,   3,  20,   1,   4,  19,  20,
     22,   1,   3,   1,   4,   7,  11,  13,  17,  13,  15,  17,  34,  39,  45,  72,
     13,  15,  17,  34,  39,  42,  45,  72,  11,  13,  15,  17,   3,   0,   1,   3,
      7,  32,  80,   3,  33,  11,   1,   3,   7,   7,  12,  13,  15,  16,  17,  20,
      1,  21,  25,  26,  27,  80,   1,   4,   7,   8,  10,  12,  13,  15,  16,  17,
     19,  20,  24,  80,   1,   4,   7,  21,  25,  26,  27,  80,  33,   1,   3,   4,
     34,  35,  39,  42,  44,  45,  46,  51,  55,  57,  58,  64,  80,   3,   4,   5,
      6,  30,  34,  35,  38,  40,  41,  43,  44,  46,  47,  49,  50,  51,  52,  53,
     54,  55,  56,  57,  58,  59,  60,  61,  62,  64,  29,  35,  37,  44,  45,  47,
     50,  57,  70,  75,   4,  44,  45,  57,  80,  37,  63,   1,  34,  39,  45,  57,
     58,  80,   3,   4,   5,  29,  35,  37,  41,  44,  45,  47,  50,  52,  55,  57,
     58,  62,  64,  70,  75,   4,   5,   6,  29,  30,  35,  38,  40,  41,  44,  46,
     47,  48,  49,  50,  52,  53,  54,  57,  59,  60,  61,  62,  69,  70,  71,  75,
     76,  77,   1,  34,  35,  37,  38,  39,  44,  45,  47,  48,  50,  52,  54,  55,
     57,  58,  64,  65,  67,  72,  73,  75,  79,  80,   1,  35,  40,  42,  44,  45,
     51,  55,  56,  57,  58,  64,  75,  80,   4,  34,  36,  39,  40,  42,  43,  44,
     45,  46,  51,  57,  65,  73,   3,  34,  35,  37,  38,  40,  41,  42,  44,  45,
     54,  55,  57,  58,  63,  64,   4,  34,  39,  40,  42,  43,  45,  46,  57,  65,
     69,  72,  73,   4,   5,  29,  34,  38,  39,  40,  41,  42,  43,  46,  47,  50,
     54,  69,  77,   3,   4,   6,  34,  36,  38,  39,  40,  41,  42,  43,  45,  46,
     54,  65,  69,  72,  73,  77,  34,   1,   4,  34,  39,  42,  45,  49,  51,  55,
     56,  57,  58,  59,  61,  64,  80,   4,  34,  45,  49,  51,  55,  57,  58,  64,
      1,  34,  45,  47,  50,  55,  57,  64,   1,   4,  34,  42,  56,  34,  45,  47,
     50,  54,  57,  71,  76,   4,   5,  34,  45,  47,  48,  50,  52,  57,  80,   1,
      4,  34,  39,  42,  45,  49,  51,  55,  56,  57,  58,  59,  61,  64,  80,   1,
     34,  42,  45,  55,  57,  58,  64,  80,   4,   5,  34,  38,  40,  42,  47,  50,
     54,  59,  69,  80,   1,   3,  34,  37,  38,  40,  41,  42,  44,  45,  52,  54,
     55,  57,  58,  63,  64,  80,   1,  34,  35,  38,  45,  48,  51,  52,  55,  56,
     57,  58,  64,  66,  74,  76,  80,   1,  34,  37,  55,  57,  58,  63,  64,  80,
     34,  39,  47,  50,  57,   1,   3,  34,  39,  42,  60,  62,  80,  37,  63,   4,
      5,  34,  38,  40,  42,  47,  50,  54,  59,  69,  80,   4,  69,   1,  34,  45,
     58,  65,  72,  73,   1,  55,  57,  58,  59,  64,  66,  68,  71,  74,  76,  78,
      4,   5,  29,  30,  34,  40,  44,  49,  51,  55,  57,  58,  59,  61,  64,  66,
     68,  69,  70,  71,  74,  75,  76,  77,   4,   5,  69,  71,   4,   5,  34,  40,
     44,  49,  51,  57,  60,  61,  68,  69,  70,  71,  72,  75,  76,  77,   4,  66,
     69,  71,   1,  55,  57,  58,  64,  66,  74,  76,  37,  44,  57,  58,  70,  75,
     76,  57,  71,   4,  40,  44,  49,  57,  59,  60,  68,  69,  70,  71,  76,  77,
     78,  79,   4,  69,  34,  65,  73,  81,  82,
};

static const int8_t notosans_c17_italicKernSparseValues[] = {
      -5,   -5,  -19,    5,    5,    3,  -11,  -16,   -8,   -8,   -8,   19,    5,    8,  -14,    8,
     -19,  -16,    8,   11,    5,    3,   -8,    5,   11,   11,    5,   -3,  -19,  -16,  -16,   -5,
     -16,  -11,  -16,   24,   11,   11,    8,   30,   -3,   11,    5,    8,   -5,    8,   11,    8,
      24,    8,  -14,  -19,   -5,  -16,  -16,  -16,  -11,  -22,  -16,  -14,  -16,  -14,  -19,  -16,
     -16,  -11,  -11,   -5,   -3,   -5,  -14,   -3,   -3,   -3,   -5,   -5,   -3,  -11,  -19,   -5,
      20,  -14,   -3,   -8,   -5,   -3,   -5,   -5,  -11,   -5,   -8,   -3,   -5,   -3,   -3,   -3,
      16,  -16,    5,   -5,   -5,   -5,  -22,   -5,  -11,   -3,   -5,  -11,  -11,   -5,  -35,  -14,
      -5,   -3,   -3,   -3,   -5,  -16,  -11,    5,  -14,   -5,    3,  -22,  -19,  -19,  -14,  -16,
      -5,  -11,  -16,  -11,   -5,   -3,   -3,  -14,    5,   -3,   -3,   -5,   -5,   -3,   -3,   -3,
     -11,   -5,   -8,  -16,    5,   -8,   -5,  -14,  -14,   -5,   -8,  -11,   -5,  -11,  -11,   -5,
      -5,   -3,   -3,   24,   -3,   -3,   -5,   -3,    5,   16,   11,   -5,   11,  -33,   -5,   -5,
      -3,    5,    5,   11,  -11,    5,   16,   -5,   -3,  -11,   -5,  -11,  -11,   -3,   -5,   -8,
     -16,  -11,  -11,  -16,   -5,   -5,  -16,  -11,   27,  -14,   -3,   -8,   11,   16,   19,   23,
      22,   19,   11,   11,   30,   14,   11,   16,    5,    8,    5,    8,   11,    8,   16,    5,
       5,   11,    5,   11,   14,   16,    5,  -11,   14,   -5,    8,    5,   19,   22,   16,   22,
      -5,    3,   -3,    5,    5,   -3,    5,   14,    5,   14,   14,   14,   19,  -22,   -3,   -5,
     -19,   -3,   -5,   -3,   -3,  -22,   -3,   -3,   -8,   -8,  -16,   -8,  -19,    8,  -16,  -11,
      -5,  -11,    3,   -5,  -16,  -14,  -16,    3,  -10,   -3,  -19,   -8,  -27,   -8,   -8,   -8,
     -19,   -5,   -8,  -14,   -5,   -8,   14,   -8,    5,  -11,   -5,   -3,    5,   -5,   -3,   -3,
      -3,   -5,   -5,   -5,   -3,   -3,   -5,   -4,   -3,   14,    8,  -22,  -19,   -5,  -22,   -8,
     -14,  -14,    5,   -3,   -8,   -5,   -7,    5,    3,  -11,   -5,   -3,   -5,   -3,   -3,   -8,
      -3,    3,   -3,   -5,  -14,  -22,   -5,   -5,  -11,   -5,   -5,  -22,  -22,  -19,   -8,   -8,
      -8,   -5,   -3,  -16,   -3,   -5,  -14,   -5,   -3,   14,   -5,    5,  -11,   -3,   -5,   -5,
      -8,  -14,  -19,  -16,  -11,    8,    5,   -5,  -11,  -24,   -3,   -3,   -3,   -3,    5,   -8,
     -16,  -16,   -8,  -11,   -5,  -14,  -16,  -14,   -5,  -19,   -5,   -3,   -3,   -3,   -3,   -5,
      -3,   -8,   -3,   -8,  -11,   -8,   -5,   -5,   -5,   -5,   -3,   -3,   -3,   -3,   -3,   -3,
      -5,   -3,   -3,   -3,   -3,   -3,   11,   -3,   -3,   33,    8,    4,    8,    3,   -3,   -8,
      11,    8,  -11,   -5,   27,    8,  -11,  -11,  -11,   -5,   -7,   -3,   -5,   -3,   -3,   -3,
      -3,   -3,   -3,  -35,   -3,   -3,   -5,  -14,   -8,  -14,  -14,   -8,   -3,   -3,   -3,   -3,
     -11,  -14,  -16,   -5,  -11,   -3,  -14,   -3,   -5,  -16,   -5,   -4,  -11,   -5,   -5,   -8,
      -5,   -3,   -3,   -5,   -8,   -5,   -8,   -3,   -5,  -30,   -8,   -3,   -8,   -3,   -5,  -11,
      -5,   -5,   -5,   -3,   -3,  -11,   -5,   -5,  -16,   -3,   -3,   -3,   -8,   -5,   -3,   -8,
      -3,  -14,   -3,   -3,   -3,   -5,   -3,   -5,   -3,   -5,   -5,   -3,   -3,  -11,   -3,   -5,
      -5,    3,   -5,   -5,   -5,   -3,   -5,   -8,   -3,   -5,   -3,   -5,   -4,   -3,    3,   -3,
      -5,  -19,   -8,   -3,   -8,   -3,   -5,  -11,   -5,   -5,   -5,   -3,   -3,  -11,   -5,   -8,
     -11,   -3,   -5,  -14,   -5,   -5,  -14,  -11,  -11,   -3,   -5,   -8,   -3,   -3,   -8,   -8,
     -14,   -3,   -5,    5,   -5,   11,  -14,   35,   11,    5,   11,    5,   -5,  -11,   -3,    5,
       3,   -5,   -5,   14,    3,   -8,  -16,  -24,   -8,    3,  -33,   -3,   -4,   -3,  -16,   -1,
     -19,  -19,  -16,   -5,   -8,   -5,  -24,   -8,  -24,   22,  -11,   -5,   -5,    5,  -11,  -11,
      -8,   -5,   -3,   -3,   -5,   11,    8,    5,    5,    3,    5,    3,   11,   22,    8,  -11,
      -3,  -11,   -8,   -3,   -3,   -8,   -8,  -14,   -3,   -5,    5,  -11,   -5,  -11,  -11,  -16,
      -5,   -8,  -14,   -8,  -19,   -8,   -8,  -14,    8,   -8,   -5,   -3,   -5,   -5,   -5,   -5,
     -16,  -11,  -16,  -11,    3,  -14,  -11,   -5,   -5,  -11,  -14,  -11,   -8,  -16,  -11,   -5,
     -14,  -16,   -5,  -19,  -11,  -14,  -19,  -14,  -14,   -5,   -8,   -3,  -14,   -5,    5,  -16,
      -8,   -5,   -5,  -14,    5,   -8,   -8,  -14,   -5,  -11,    5,   -5,   -8,  -11,   -8,   14,
      -8,   -5,  -19,   -5,  -22,  -14,   -5,   -5,   -5,   -5,   60,   -8,  -11,   -5,   -5,   -8,
      -5,   -3,   -3,  -16,  -16,   -8,  -11,  -11,   -5,    5,   -8,  -14,   -5,  -14,  -11,  -11,
     -11,   -3,  -11,   -3,   -5,   -3,   -3,   14,   14,
};

static const EpdLigaturePair notosans_c17_italicLigaturePairs[] = {
    { 0x00660066, 0xFB00 }, // f f -> U+FB00
    { 0x00660069, 0xFB01 }, // f i -> U+FB01
    { 0x0066006C, 0xFB02 }, // f l -> U+FB02
    { 0xFB000069, 0xFB03 }, // U+FB00 i -> U+FB03
    { 0xFB00006C, 0xFB04 }, // U+FB00 l -> U+FB04
};

static const EpdFontData notosans_c17_italic = {
    notosans_c17_italicBitmaps,
    notosans_c17_italicGlyphs,
    notosans_c17_italicIntervals,
    18,
    23,
    19,
    -5,
    true,
    notosans_c17_italicGroups,
    14,
    nullptr,
    nullptr,  // kernLeftClasses: built-in fonts use the split arrays below
    nullptr,  // kernRightClasses
    notosans_c17_italicKernLeftCodepoints,
    notosans_c17_italicKernLeftClassIds,
    notosans_c17_italicKernRightCodepoints,
    notosans_c17_italicKernRightClassIds,
    nullptr,  // kernMatrix: built-in fonts use the sparse form below
    notosans_c17_italicKernRowOffsets,
    notosans_c17_italicKernSparseCols,
    notosans_c17_italicKernSparseValues,
    472,
    471,
    91,
    83,
    notosans_c17_italicLigaturePairs,
    5,
};
