/**
 * generated by fontconvert.py
 * name: notosans_c21_bold
 * size: 0
 * mode: 2-bit  compressed: true
 * Command used: fontconvert.py notosans_c21_bold 0 ../builtinFonts/source/NotoSans/NotoSans-Bold.ttf --2bit --compress --pnum --ppem 21
 */
#pragma once
#include "EpdFontData.h"

static const uint8_t notosans_c21_boldBitmaps[21679] = {
    0x9D, 0x57, 0x3F, 0x6C, 0xDD, 0xC6, 0x19, 0xFF, 0x48, 0x36, 0xA1, 0x61, 0x0E, 0xE7, 0x41, 0x72,
    0x0B, 0xA3, 0x28, 0x3B, 0xAA, 0x4E, 0x11, 0x2E, 0x59, 0x02, 0x58, 0x3C, 0xC6, 0x1E, 0x33, 0xC4,
    0x83, 0x94, 0x25, 0x83, 0xE6, 0x7A, 0x51, 0xC7, 0x0C, 0xCF, 0x3C, 0xDA, 0x19, 0x32, 0x74, 0x48,
    0x86, 0x6E, 0x1E, 0xE2, 0xA1, 0x83, 0x2C, 0x15, 0x75, 0x46, 0x17, 0x78, 0xEF, 0x91, 0xB0, 0x06,
    0x0F, 0x19, 0x42, 0xDB, 0x30, 0x32, 0x9A, 0x70, 0x2A, 0x1B, 0x88, 0x81, 0xFA, 0xE2, 0xD0, 0x31,
    0x15, 0x93, 0xBC, 0xFE, 0xBE, 0xE3, 0x7B, 0xB2, 0x64, 0x4B, 0x31, 0xD0, 0xBB, 0xEF, 0xBB, 0x47,
    0x1E, 0xBF, 0xBB, 0xF7, 0xDD, 0xF7, 0xFF, 0xFA, 0x7E, 0x3A, 0x9D, 0x4E, 0x2E, 0xA2, 0x11, 0x4D,
    0xFA, 0x09, 0x4D, 0xE2, 0x31, 0xFA, 0x68, 0x79, 0xB4, 0xBC, 0xB0, 0x40, 0x67, 0x96, 0x89, 0x46,
    0x67, 0x88, 0x6E, 0x30, 0x8E, 0x28, 0x32, 0xA6, 0x90, 0xC0, 0x93, 0xCF, 0x9E, 0x25, 0x8E, 0xD6,
    0x74, 0xF2, 0xE1, 0x33, 0xCA, 0x8D, 0x49, 0x14, 0xD0, 0xDB, 0x2E, 0xC8, 0x07, 0x06, 0x9F, 0x17,
    0x24, 0x3E, 0xCC, 0x88, 0x96, 0x88, 0x2E, 0x92, 0x6F, 0x9A, 0xC8, 0x34, 0x72, 0xF4, 0x57, 0xB9,
    0x44, 0xB2, 0xA1, 0xB0, 0x27, 0xCF, 0x54, 0xFC, 0xF4, 0x6E, 0x4B, 0x4B, 0x6D, 0x9C, 0xB6, 0xD2,
    0xD4, 0x91, 0x29, 0xE9, 0xCF, 0x96, 0x7E, 0xD6, 0x44, 0x4D, 0x0D, 0xC9, 0xD6, 0xD1, 0xB4, 0x1C,
    0x7B, 0x25, 0x8D, 0xE2, 0xA0, 0xA0, 0x51, 0x24, 0x12, 0x3C, 0x45, 0x84, 0xB9, 0x91, 0xCA, 0xA2,
    0xB6, 0x31, 0x95, 0x78, 0xF6, 0xF4, 0x47, 0x4D, 0xDE, 0xF7, 0x95, 0xC6, 0x3F, 0x57, 0x35, 0x89,
    0x73, 0x78, 0x8A, 0x5C, 0xCC, 0x2D, 0x13, 0xFE, 0x65, 0x4C, 0x2A, 0xDB, 0xDB, 0xD3, 0xC1, 0x9F,
    0xF8, 0x06, 0x34, 0x0F, 0x1A, 0x12, 0x45, 0x43, 0xC1, 0x9D, 0x1A, 0xEF, 0x9A, 0x5C, 0x93, 0x51,
    0x60, 0x9C, 0x36, 0x34, 0x37, 0x1B, 0xF9, 0xB7, 0xE7, 0x5A, 0xBA, 0xA6, 0x92, 0x49, 0x5E, 0xC8,
    0x87, 0xA6, 0x08, 0x8D, 0xA9, 0x5D, 0xF3, 0xA0, 0xE3, 0xF5, 0x93, 0xF1, 0x78, 0x34, 0x5A, 0x70,
    0xB4, 0x57, 0x05, 0x85, 0xC8, 0xC2, 0x24, 0x22, 0x49, 0xF1, 0x5E, 0x97, 0x14, 0x51, 0x98, 0x88,
    0xC2, 0x2F, 0x5D, 0x4D, 0xE7, 0x63, 0xFB, 0x1C, 0x14, 0x5E, 0xE5, 0x69, 0x17, 0xDD, 0xA9, 0x9D,
    0x9A, 0x7F, 0x3D, 0xAC, 0xF6, 0x4B, 0x51, 0x88, 0x44, 0xD2, 0x02, 0x81, 0x3F, 0x86, 0x11, 0xC5,
    0xFF, 0xBE, 0xA1, 0x4C, 0x73, 0xD2, 0xFC, 0xDD, 0x35, 0xE4, 0xDF, 0xCF, 0xC4, 0xAD, 0xD2, 0x39,
    0x6B, 0xC5, 0x71, 0x66, 0x06, 0xA7, 0xA7, 0x1B, 0xD2, 0xB4, 0xA7, 0xCD, 0xC6, 0xDE, 0x0C, 0xBE,
    0xBE, 0x95, 0x84, 0x19, 0x33, 0xB1, 0x8C, 0x67, 0xA5, 0x95, 0xBE, 0x70, 0xD5, 0xAA, 0x8F, 0x5B,
    0x94, 0x60, 0x1E, 0x5C, 0x11, 0x5E, 0x5B, 0x72, 0x1A, 0x02, 0x53, 0x1E, 0x64, 0x54, 0xE2, 0xE4,
    0x24, 0xB2, 0xD9, 0xF7, 0xD4, 0x7E, 0x1F, 0x9A, 0xDF, 0x53, 0x08, 0xD5, 0x7E, 0x55, 0x29, 0x4F,
    0x4F, 0xBC, 0xBA, 0x73, 0x01, 0xCD, 0x1C, 0x6A, 0xCC, 0x60, 0x5E, 0x7E, 0xA5, 0x41, 0xE3, 0x1B,
    0xBB, 0x60, 0xEA, 0xF6, 0xA2, 0x57, 0xFD, 0x72, 0x7A, 0x22, 0xA5, 0xD7, 0x3B, 0x36, 0x34, 0x59,
    0x64, 0xB4, 0xBC, 0xD2, 0x1C, 0x73, 0x07, 0x0E, 0x1A, 0xF2, 0x35, 0x89, 0x92, 0x64, 0x46, 0xB0,
    0x81, 0xDA, 0x3E, 0xFE, 0xB0, 0xA1, 0x4C, 0x0B, 0x00, 0x7D, 0x60, 0x32, 0x69, 0x74, 0xF8, 0x49,
    0xC3, 0xC4, 0x0E, 0x13, 0x7B, 0x26, 0x03, 0x38, 0xD7, 0x6B, 0x72, 0x5A, 0x7B, 0x8C, 0xF6, 0xFD,
    0x4F, 0x60, 0x2D, 0x3A, 0x32, 0x56, 0xA9, 0xBC, 0x9B, 0x26, 0xA9, 0x71, 0x76, 0x7A, 0xA1, 0xBD,
    0xEF, 0xB5, 0xBF, 0xAD, 0xC5, 0x39, 0x2D, 0x3D, 0x9D, 0x6E, 0xED, 0xE6, 0xA6, 0x07, 0xF0, 0x99,
    0x2D, 0x48, 0xB6, 0xDA, 0x42, 0x6E, 0x66, 0xA9, 0x3D, 0x75, 0xFA, 0x0F, 0x18, 0x6D, 0xA6, 0x60,
    0x10, 0x62, 0x46, 0x80, 0xDD, 0x76, 0xD7, 0x2B, 0x18, 0x76, 0xDE, 0xCF, 0x25, 0x92, 0x57, 0xBE,
    0xA9, 0xC2, 0x9D, 0xF3, 0x32, 0xE1, 0x25, 0xE3, 0x0B, 0x49, 0x6F, 0x2A, 0xF3, 0x44, 0x1B, 0xAF,
    0xE9, 0x9C, 0x66, 0xE2, 0x34, 0xA9, 0xDB, 0xC8, 0x2B, 0x10, 0x08, 0xC8, 0x12, 0x90, 0x1B, 0xD3,
    0x02, 0x36, 0xB7, 0x5A, 0x3E, 0x1B, 0x36, 0x0C, 0xAC, 0xAC, 0xA3, 0x6C, 0x26, 0xE8, 0x8E, 0x0F,
    0x81, 0x2F, 0xCC, 0x75, 0xC5, 0xDB, 0xBB, 0xA6, 0x14, 0xA6, 0x09, 0xEF, 0xB4, 0x51, 0xD2, 0x86,
    0x59, 0x2B, 0x1E, 0xD5, 0x9E, 0x29, 0x5D, 0x53, 0x88, 0x17, 0x75, 0x74, 0xA9, 0x95, 0x34, 0x61,
    0xB8, 0xD4, 0x85, 0xA6, 0x01, 0x1B, 0x03, 0x47, 0xB0, 0x54, 0x81, 0xE3, 0x7F, 0xD7, 0xC8, 0x64,
    0x4E, 0x90, 0xF4, 0xD1, 0xE3, 0x4E, 0x98, 0x89, 0x73, 0x63, 0xCC, 0x22, 0x72, 0x9B, 0xB7, 0xD6,
    0xB4, 0xC0, 0x26, 0xF6, 0x14, 0x4B, 0x7D, 0xFF, 0xA9, 0x5D, 0xC8, 0x66, 0x71, 0x1C, 0xBC, 0x44,
    0xD9, 0x71, 0x7A, 0xD9, 0xF6, 0xDB, 0x8F, 0x6D, 0xBF, 0x67, 0x1E, 0xC3, 0xC6, 0x31, 0x59, 0x58,
    0xB3, 0x9A, 0xA2, 0xDA, 0x3A, 0x47, 0xD8, 0x5A, 0x05, 0x1C, 0x3B, 0xBD, 0x69, 0x8D, 0x70, 0x73,
    0x03, 0xA4, 0xFB, 0x9F, 0xDF, 0x23, 0x82, 0x8C, 0x2C, 0x71, 0x42, 0x58, 0xE9, 0xF2, 0x26, 0x58,
    0x28, 0x6B, 0x9E, 0xFF, 0xE3, 0x60, 0x90, 0x3D, 0x24, 0x5E, 0xC4, 0x6B, 0x70, 0xC1, 0x8A, 0x45,
    0x13, 0x16, 0x94, 0x27, 0x20, 0x64, 0xE1, 0xCF, 0x4E, 0x37, 0x68, 0x81, 0xC7, 0xBD, 0xE6, 0x43,
    0x43, 0xA4, 0x4C, 0xC7, 0xC6, 0xA3, 0x12, 0x58, 0x2F, 0x3C, 0xEF, 0xAC, 0xB9, 0x5B, 0x86, 0xE2,
    0xF1, 0x9D, 0xEA, 0xDD, 0xD0, 0xBB, 0xAD, 0x11, 0x1E, 0xF6, 0x06, 0xFF, 0x4E, 0xB5, 0x1C, 0xAD,
    0x3D, 0x2A, 0x22, 0xD1, 0x99, 0x24, 0xFC, 0xE0, 0xEA, 0x9F, 0xF8, 0x8F, 0xB0, 0xED, 0xEE, 0xC7,
    0x5F, 0x43, 0x9B, 0xF0, 0x74, 0x7A, 0xFB, 0x5A, 0x32, 0x6C, 0x2C, 0x79, 0x5F, 0x4C, 0xE4, 0xC0,
    0x0E, 0xF6, 0xD5, 0x40, 0x74, 0x35, 0x73, 0x33, 0x05, 0x0B, 0x92, 0x82, 0x4A, 0x92, 0x30, 0x10,
    0x03, 0x47, 0xBB, 0x7B, 0x6B, 0xA5, 0x4C, 0x44, 0xA5, 0xF0, 0x85, 0xED, 0x56, 0x9A, 0x2F, 0x25,
    0xE2, 0xD9, 0x56, 0x27, 0xA9, 0x97, 0xD4, 0x49, 0x87, 0x03, 0x98, 0x34, 0xFF, 0x91, 0x1F, 0x63,
    0x26, 0x97, 0xA4, 0x78, 0xDC, 0xEA, 0x21, 0x1D, 0x50, 0x5A, 0x3B, 0xDA, 0xF5, 0x4D, 0x1F, 0xEE,
    0x8E, 0x65, 0x41, 0x0A, 0x6E, 0x43, 0xB0, 0x7E, 0x58, 0x03, 0x8F, 0x78, 0xC6, 0x0C, 0x0B, 0x7A,
    0xF7, 0x9F, 0x81, 0x69, 0x1D, 0xD3, 0x30, 0x6B, 0x58, 0x85, 0x3F, 0x20, 0xB9, 0x65, 0xA0, 0x9B,
    0x1C, 0x81, 0x22, 0x2A, 0x24, 0xE4, 0x05, 0x8E, 0xF6, 0x21, 0xBF, 0xCB, 0xCC, 0x7E, 0xDF, 0xEA,
    0x07, 0x7A, 0x68, 0x4A, 0x22, 0x72, 0x01, 0x36, 0xBF, 0x84, 0xCD, 0xCD, 0x60, 0x6E, 0xF8, 0x2F,
    0x67, 0xF0, 0x75, 0x20, 0x33, 0x25, 0xC3, 0x7E, 0x62, 0x90, 0x0D, 0xF4, 0x7B, 0x33, 0x73, 0x18,
    0x3C, 0xA2, 0x87, 0x46, 0x0C, 0x85, 0xBB, 0xEB, 0x84, 0xC3, 0x40, 0x23, 0x98, 0xE2, 0x48, 0xE0,
    0xAC, 0x52, 0x0F, 0x77, 0x9F, 0x32, 0xC2, 0xCA, 0x14, 0x50, 0xC2, 0xD6, 0xA2, 0xDD, 0x3C, 0x0B,
    0x20, 0x45, 0xC7, 0x0C, 0x3E, 0x75, 0xF0, 0x04, 0xFB, 0x70, 0x96, 0x53, 0xE4, 0xE6, 0xF5, 0xE2,
    0x28, 0x1A, 0xD5, 0xAB, 0x4E, 0xD4, 0x41, 0xF5, 0x6A, 0x17, 0xB5, 0xEA, 0x54, 0x0F, 0xCB, 0xFF,
    0x95, 0xEE, 0xB4, 0xBF, 0x6D, 0xF2, 0x3A, 0x2F, 0x17, 0x69, 0x90, 0x19, 0xE4, 0x05, 0xCB, 0x93,
    0xB0, 0x35, 0xC9, 0x31, 0x08, 0xF2, 0x97, 0x39, 0x4B, 0xCA, 0x4A, 0x8B, 0xE4, 0x47, 0xE5, 0xF0,
    0xCD, 0x83, 0x4C, 0xA1, 0x28, 0xC8, 0x78, 0xB6, 0x8E, 0xDE, 0x0C, 0x9B, 0x57, 0x11, 0x9F, 0x18,
    0x4A, 0x42, 0x02, 0xA9, 0x08, 0x87, 0xD2, 0x3C, 0x20, 0x89, 0x14, 0x71, 0xE3, 0x3D, 0x29, 0xE2,
    0xB1, 0x77, 0xBF, 0x88, 0x47, 0xC1, 0xB7, 0x45, 0x1C, 0x8B, 0x2F, 0x8A, 0x58, 0x8A, 0x8F, 0x8A,
    0x38, 0x8C, 0x44, 0x11, 0x8B, 0x94, 0x87, 0x0E, 0x43, 0xD0, 0x62, 0xF0, 0x1A, 0x1E, 0x6A, 0x9C,
    0xBE, 0x70, 0xB5, 0x44, 0xEA, 0xC0, 0x1E, 0x5A, 0xB6, 0xAE, 0x8E, 0x7B, 0xA0, 0x02, 0x46, 0x97,
    0x75, 0x2C, 0x6E, 0xEA, 0x38, 0x78, 0xAA, 0x63, 0xEF, 0x67, 0x1D, 0x3B, 0xBD, 0x8E, 0xC9, 0x00,
    0x15, 0x30, 0x02, 0x0A, 0x3D, 0xA4, 0x3D, 0xA4, 0x3A, 0x64, 0x67, 0x68, 0xA3, 0x90, 0xD9, 0x60,
    0xC7, 0x53, 0xD8, 0x71, 0xBF, 0x0F, 0x73, 0x20, 0xCF, 0xF3, 0xF7, 0xE8, 0x97, 0xBC, 0x60, 0xFA,
    0xC1, 0x1A, 0x59, 0x26, 0x1C, 0x97, 0xE5, 0xF5, 0x86, 0x2D, 0x9D, 0x2C, 0x78, 0x83, 0xC9, 0x97,
    0xF2, 0xDA, 0x61, 0x66, 0xF2, 0xFF, 0xFF, 0x21, 0x82, 0x8C, 0xC3, 0xA6, 0xC2, 0x49, 0x3B, 0x82,
    0x87, 0x1E, 0xBF, 0x3A, 0x18, 0x35, 0x94, 0x81, 0xB0, 0x8A, 0xFF, 0xC7, 0x5F, 0xCC, 0xD0, 0x6F,
    0x86, 0x79, 0x56, 0xD8, 0xDA, 0x3E, 0x85, 0x59, 0x1A, 0xAB, 0xB0, 0xC4, 0x06, 0xCC, 0x4A, 0xA0,
    0xBA, 0x78, 0xA8, 0xF1, 0xC6, 0x21, 0x0A, 0x21, 0xB9, 0x43, 0xF9, 0x51, 0xB0, 0xEF, 0xFB, 0x9C,
    0x92, 0x4E, 0x38, 0x4D, 0x7C, 0xA5, 0xDE, 0xCB, 0x29, 0x43, 0xD6, 0xB8, 0x60, 0xAE, 0xB1, 0x6B,
    0xBE, 0x09, 0x8E, 0x34, 0xE7, 0xC3, 0x30, 0x8B, 0x8A, 0x68, 0xC7, 0x24, 0x02, 0xAE, 0xE0, 0xA0,
    0x06, 0xE1, 0xD6, 0x21, 0x3C, 0xA5, 0x73, 0x67, 0x4E, 0x22, 0x04, 0x63, 0x6B, 0xE8, 0xC8, 0x8B,
    0x13, 0x04, 0x49, 0x04, 0xA3, 0x1F, 0x81, 0x4F, 0x11, 0x9C, 0x9E, 0x43, 0x8F, 0x2F, 0x10, 0x24,
    0x6D, 0x30, 0x2C, 0x6C, 0xC0, 0x68, 0x11, 0x38, 0x10, 0xFE, 0xED, 0x49, 0x53, 0x32, 0x49, 0x8A,
    0x93, 0x9B, 0x6C, 0x02, 0xC3, 0x7E, 0x51, 0xB4, 0x14, 0x9D, 0xE3, 0x31, 0xFC, 0xEC, 0xD1, 0x6D,
    0x54, 0x3A, 0xB7, 0xEE, 0x3E, 0x40, 0xAE, 0xFD, 0x66, 0xFB, 0x27, 0xA4, 0xA4, 0xFB, 0x37, 0x31,
    0xFA, 0x4F, 0x2E, 0x3D, 0xAF, 0x20, 0x85, 0x04, 0xFB, 0x79, 0x06, 0xD6, 0x09, 0x31, 0xC1, 0x5A,
    0x59, 0xF4, 0x10, 0xBC, 0xA2, 0xB0, 0x8C, 0x58, 0x6F, 0x25, 0xEB, 0x07, 0x91, 0xF7, 0x17, 0x68,
    0x85, 0x63, 0xA7, 0x02, 0x07, 0xEC, 0xF5, 0x79, 0x65, 0x4F, 0xE0, 0x3D, 0x6B, 0x29, 0x40, 0x40,
    0x0C, 0x0B, 0x95, 0xF0, 0xE9, 0x72, 0xA4, 0xB5, 0xA9, 0x0D, 0x55, 0x38, 0x4B, 0x86, 0x37, 0x70,
    0x10, 0xA0, 0xD2, 0xF2, 0x9E, 0x73, 0x85, 0xC5, 0xDC, 0x17, 0x83, 0x62, 0x25, 0x1D, 0x8A, 0x88,
    0xF2, 0x80, 0xD3, 0x43, 0xFA, 0x0C, 0x34, 0x27, 0x08, 0x68, 0x6C, 0x3A, 0xCB, 0x9A, 0x48, 0x99,
    0x3C, 0xF1, 0xC3, 0xB5, 0x41, 0x43, 0x79, 0x99, 0x43, 0x48, 0xE3, 0x23, 0x3B, 0x7F, 0x5F, 0x64,
    0x03, 0x18, 0xDB, 0xDC, 0x2B, 0x6D, 0x41, 0x84, 0xB2, 0x07, 0x09, 0x19, 0x49, 0x04, 0x19, 0x06,
    0xE5, 0x10, 0x4A, 0x0C, 0x88, 0x91, 0x0B, 0xA0, 0x78, 0x4E, 0x01, 0x2E, 0x4A, 0x55, 0xFA, 0xA5,
    0x77, 0x64, 0xE7, 0xEF, 0x76, 0x63, 0x14, 0x6D, 0xBC, 0xD4, 0x90, 0xFB, 0x24, 0xF1, 0xBE, 0x29,
    0x82, 0xCF, 0x4A, 0x71, 0x56, 0x47, 0x54, 0x2F, 0xD3, 0x78, 0xC9, 0xA6, 0x53, 0x04, 0xD8, 0xC5,
    0x55, 0x50, 0x46, 0x45, 0x50, 0x39, 0x35, 0x9D, 0xA0, 0x0B, 0x50, 0xBE, 0xF6, 0x1F, 0x37, 0x8E,
    0x2D, 0x66, 0xDE, 0x36, 0x6D, 0xD8, 0xB7, 0x36, 0x8F, 0xB7, 0xF2, 0x73, 0xF8, 0x53, 0x2B, 0x5A,
    0x6C, 0x49, 0xE9, 0x7E, 0x38, 0x95, 0xA4, 0xA6, 0x52, 0xA6, 0x56, 0x67, 0x5B, 0x45, 0x6D, 0xCA,
    0xD0, 0xE1, 0x41, 0x39, 0xAD, 0xFA, 0xAE, 0x51, 0x46, 0x8F, 0x14, 0xE7, 0x37, 0xEC, 0xEC, 0x19,
    0x24, 0xFD, 0x2A, 0xB2, 0x22, 0x93, 0xB6, 0xB4, 0x63, 0x6B, 0x47, 0xE6, 0xDE, 0xF9, 0x3A, 0x30,
    0xDA, 0x9D, 0xD5, 0x0F, 0xFB, 0xF6, 0xDE, 0x48, 0x7D, 0x33, 0x85, 0x31, 0x46, 0x45, 0x2F, 0x93,
    0x94, 0x81, 0xEC, 0x98, 0x4D, 0xC3, 0x87, 0x3D, 0xE6, 0xBD, 0x3E, 0x7E, 0xB9, 0xF3, 0x8B, 0x36,
    0xCA, 0x3A, 0x99, 0x5C, 0x94, 0xA6, 0x67, 0x18, 0x76, 0xAE, 0x7E, 0xB7, 0x97, 0xB1, 0xAC, 0xCF,
    0x67, 0x08, 0xFE, 0xC1, 0xCF, 0x09, 0x02, 0xAA, 0xD8, 0x81, 0x32, 0xE1, 0x4A, 0x5C, 0xE0, 0x1D,
    0x05, 0xB4, 0xB1, 0xE8, 0x9B, 0xF4, 0x20, 0x03, 0xF1, 0x8C, 0x81, 0x9D, 0x81, 0x81, 0x81, 0xD5,
    0xFE, 0x0F, 0x57, 0x50, 0x98, 0x37, 0x81, 0x4D, 0xA5, 0xAF, 0x09, 0x47, 0x73, 0xF5, 0x78, 0x89,
    0x85, 0x33, 0x97, 0xCF, 0x01, 0x58, 0xCE, 0x53, 0x5A, 0x4C, 0x5F, 0x36, 0xAA, 0xDD, 0x96, 0xD5,
    0x4E, 0x2B, 0x4E, 0x73, 0x78, 0x77, 0x9B, 0x77, 0x1A, 0xA9, 0xD9, 0xCC, 0xB9, 0x84, 0x55, 0x07,
    0x70, 0x95, 0x14, 0xD2, 0x86, 0x82, 0x6D, 0x2A, 0x48, 0x3A, 0xC5, 0xA4, 0xEA, 0xD8, 0x6E, 0x19,
    0xE1, 0x37, 0x38, 0x95, 0x42, 0x14, 0xB2, 0x34, 0x48, 0x31, 0xE9, 0x2B, 0x6D, 0xE1, 0x54, 0xF2,
    0x17, 0xBA, 0x68, 0x7E, 0x32, 0x05, 0xAE, 0x4A, 0xD0, 0xEA, 0xD9, 0x3E, 0xD0, 0x50, 0xA4, 0x37,
    0x0C, 0xE9, 0xAF, 0x0E, 0x58, 0x7B, 0xF1, 0x4D, 0x67, 0x85, 0xAE, 0xE0, 0xCD, 0x28, 0x2E, 0x11,
    0x45, 0x21, 0x54, 0x18, 0x00, 0x22, 0x04, 0x8A, 0x07, 0xDB, 0xB9, 0x88, 0x40, 0x5A, 0x0E, 0x6F,
    0x23, 0xE6, 0x40, 0x65, 0x7C, 0x13, 0xE2, 0x36, 0xDF, 0xB7, 0x39, 0xCA, 0xC0, 0x52, 0x55, 0xA6,
    0x07, 0xC5, 0xCE, 0xED, 0x10, 0xDD, 0xA5, 0x87, 0xE9, 0xEE, 0xC0, 0xBA, 0x85, 0x53, 0x34, 0xCA,
    0x59, 0x5A, 0xEA, 0x1E, 0xCB, 0x53, 0xBD, 0x46, 0x01, 0x70, 0xAE, 0x81, 0xFD, 0x52, 0x6E, 0xD9,
    0xFA, 0xA3, 0xE4, 0xAB, 0xA2, 0x8F, 0xA8, 0xB1, 0xCE, 0x35, 0xE3, 0xFB, 0x28, 0xC9, 0x4C, 0x11,
    0xD9, 0xAB, 0x87, 0x07, 0x2F, 0x2E, 0x06, 0x33, 0xC3, 0xBD, 0x33, 0xE1, 0x1B, 0xCD, 0x2B, 0xB0,
    0x93, 0x04, 0x26, 0x71, 0x6D, 0x59, 0xBE, 0x4A, 0x2B, 0x53, 0x6A, 0x5F, 0x87, 0xDC, 0x6D, 0xD5,
    0x95, 0x97, 0x7E, 0xB7, 0x42, 0x8B, 0x53, 0x9A, 0xE2, 0xEC, 0xF2, 0x83, 0x36, 0xBC, 0x5C, 0x8B,
    0x6D, 0x1D, 0xDC, 0xAA, 0xFC, 0xC7, 0x25, 0x92, 0x05, 0x97, 0xC0, 0x86, 0x5D, 0x7D, 0xC5, 0x59,
    0x71, 0xCE, 0x4F, 0xBD, 0x36, 0x28, 0x91, 0x01, 0x11, 0xB7, 0x7D, 0x24, 0xEB, 0xE8, 0xC3, 0x7F,
    0x85, 0x59, 0xF8, 0xC5, 0x5A, 0x94, 0x88, 0x6F, 0x05, 0xE2, 0xF7, 0x7D, 0xA1, 0x28, 0xF8, 0x6F,
    0x30, 0x21, 0xAF, 0xF3, 0x11, 0xB9, 0x5A, 0x0C, 0x6E, 0x8B, 0xC4, 0xB4, 0x8A, 0x8E, 0xAD, 0x29,
    0xDC, 0x46, 0x72, 0x7C, 0xAC, 0x6D, 0x12, 0x82, 0xD3, 0x00, 0x13, 0xFB, 0x1C, 0x20, 0xC0, 0x8B,
    0x6D, 0x14, 0xCC, 0x97, 0x5A, 0x04, 0xF5, 0x7E, 0xC6, 0x0F, 0xD7, 0x97, 0xB8, 0x1D, 0x5C, 0x6E,
    0x98, 0x9F, 0xBB, 0x95, 0x67, 0xF9, 0x71, 0x06, 0x7E, 0xF2, 0xD9, 0xE5, 0xEE, 0x9D, 0x86, 0xB3,
    0x99, 0xB4, 0x57, 0x22, 0x44, 0x9C, 0xA1, 0xB0, 0xB3, 0xD1, 0x92, 0x53, 0xCC, 0xEC, 0xD6, 0x85,
    0xB7, 0x7B, 0xE7, 0x15, 0x07, 0x93, 0x8A, 0x26, 0x5E, 0xE7, 0xD5, 0xB8, 0x98, 0xDA, 0x1E, 0x54,
    0x79, 0x96, 0x27, 0xEB, 0xE5, 0xFC, 0x1D, 0x17, 0xD4, 0xCE, 0xE9, 0xE8, 0x37, 0xA3, 0x43, 0xDA,
    0xA7, 0x71, 0x22, 0x8B, 0x10, 0xF1, 0x71, 0xD6, 0x6B, 0xCE, 0x1B, 0xDE, 0xEE, 0xFC, 0x1D, 0x62,
    0x41, 0xDE, 0x38, 0x61, 0xAB, 0xFD, 0xFA, 0x18, 0x24, 0xFB, 0xDE, 0x3A, 0x7C, 0x2D, 0xF9, 0x1F,
    0xAD, 0x58, 0x3D, 0x6C, 0xDC, 0xC8, 0x15, 0x7E, 0x24, 0x25, 0x33, 0x67, 0x42, 0x37, 0x02, 0xB2,
    0x02, 0x92, 0xB3, 0x4F, 0x6C, 0x5C, 0x28, 0x8E, 0x65, 0x36, 0x29, 0x36, 0xC0, 0x6A, 0x49, 0x5F,
    0x0A, 0x17, 0x29, 0x6C, 0x04, 0xBA, 0x2A, 0x08, 0xDC, 0xB8, 0x08, 0xDC, 0x48, 0xC5, 0x16, 0x32,
    0xB0, 0xBB, 0xC3, 0xB3, 0x8B, 0x2B, 0x52, 0xC4, 0x7D, 0x1A, 0x15, 0x87, 0xE0, 0x4E, 0x08, 0x20,
    0x97, 0x2A, 0x56, 0xBB, 0x03, 0xAB, 0x48, 0xCB, 0x3B, 0xC3, 0x71, 0x99, 0x89, 0xCE, 0xD7, 0xC8,
    0x01, 0x3C, 0x97, 0xA3, 0x2F, 0x54, 0xCC, 0xE5, 0xE4, 0x1B, 0x72, 0xB5, 0xB2, 0xCE, 0x3A, 0x78,
    0x25, 0x8B, 0x7C, 0x33, 0xCB, 0x1D, 0xCE, 0xFB, 0x99, 0xF7, 0xDE, 0x7C, 0x33, 0xC3, 0x5A, 0x5F,
    0x77, 0x88, 0x3A, 0xB8, 0xB6, 0xFB, 0xE6, 0x22, 0x5C, 0x75, 0xA2, 0xED, 0xC8, 0xD3, 0x32, 0xD0,
    0x22, 0x8C, 0x23, 0x4E, 0xD4, 0x25, 0xC2, 0x0B, 0x5E, 0x52, 0xF8, 0xE4, 0x81, 0xAF, 0x13, 0x57,
    0x0B, 0x5A, 0x2B, 0x7B, 0x56, 0xD7, 0x20, 0xB3, 0x75, 0xEE, 0xEC, 0xDF, 0x76, 0x15, 0x55, 0x14,
    0x6A, 0x09, 0xBA, 0xF0, 0x32, 0x32, 0x7F, 0x25, 0x31, 0x41, 0xE1, 0xDE, 0x17, 0xA1, 0x2E, 0x40,
    0xE8, 0xFE, 0xAB, 0xDF, 0x89, 0x81, 0x4E, 0xC2, 0x41, 0xBC, 0xE4, 0x89, 0x86, 0x23, 0x96, 0x5C,
    0x11, 0x6E, 0xC6, 0x68, 0xB9, 0xFB, 0x57, 0x41, 0x46, 0x57, 0x3F, 0xA4, 0x3C, 0xB8, 0x96, 0xB1,
    0x1D, 0xE5, 0x3D, 0x95, 0xCE, 0x73, 0x61, 0xEB, 0x78, 0x5A, 0xDF, 0x64, 0x5A, 0x9D, 0xEF, 0x3F,
    0xC0, 0x6B, 0xF3, 0xA0, 0xD7, 0xC9, 0x18, 0x4E, 0xED, 0xD1, 0x55, 0x03, 0xE3, 0xC2, 0xE8, 0x19,
    0x96, 0x91, 0x3F, 0x24, 0xAE, 0xA9, 0x37, 0x4D, 0x3D, 0xD8, 0x1C, 0x53, 0x90, 0x51, 0xA7, 0x4F,
    0x5B, 0x3E, 0xF5, 0x18, 0xF1, 0x4D, 0xF2, 0x73, 0xB2, 0x34, 0x51, 0x40, 0x91, 0x4F, 0x45, 0x01,
    0xF3, 0xCD, 0x20, 0x16, 0xE6, 0xA9, 0x13, 0x52, 0x63, 0x7E, 0x34, 0xA4, 0x7D, 0x72, 0xA4, 0x1F,
    0xBF, 0x6F, 0x5D, 0x93, 0x75, 0x3F, 0x6D, 0xAD, 0x76, 0x66, 0x1B, 0xEB, 0x8A, 0x2E, 0x4A, 0x49,
    0x33, 0x09, 0x8A, 0xF9, 0x35, 0xFF, 0x57, 0xD7, 0x66, 0xAF, 0xD4, 0x83, 0xB4, 0x35, 0x8F, 0x7E,
    0xEE, 0x33, 0x3F, 0xA6, 0xC1, 0x70, 0xE4, 0x93, 0x20, 0xFD, 0x45, 0xCF, 0x6A, 0x07, 0x79, 0xBB,
    0xD1, 0xE9, 0x85, 0xFF, 0x9E, 0x22, 0x8A, 0x88, 0xAC, 0xB4, 0x49, 0x8E, 0x1A, 0x12, 0xFB, 0x2A,
    0xA3, 0xE0, 0x53, 0xB8, 0xE9, 0x46, 0x42, 0xFE, 0x4E, 0x4A, 0xEE, 0xB7, 0x39, 0xD9, 0x19, 0xDC,
    0x2B, 0x17, 0x4A, 0xDE, 0xCB, 0x1B, 0x9F, 0x87, 0x3A, 0xBF, 0xBC, 0x91, 0x13, 0x35, 0x0E, 0xA8,
    0xC6, 0x15, 0x57, 0x77, 0xD6, 0x8F, 0x18, 0x47, 0x96, 0xAC, 0x73, 0xD5, 0x5A, 0xBD, 0xBB, 0xD6,
    0x58, 0x6F, 0x35, 0x2E, 0xCA, 0x56, 0x7D, 0x26, 0xE1, 0x6A, 0x46, 0x76, 0xE5, 0xCC, 0x7A, 0xEB,
    0xE1, 0xC5, 0xD5, 0x56, 0xFD, 0x4A, 0xBD, 0xB5, 0xD8, 0x9A, 0x47, 0xBF, 0xA3, 0xC6, 0xD1, 0x38,
    0x16, 0xB8, 0x3C, 0x18, 0x53, 0x50, 0x83, 0x19, 0x5A, 0xF2, 0x8D, 0xEB, 0xDC, 0x67, 0xE5, 0x8B,
    0xB1, 0xEE, 0x0E, 0xFA, 0xE7, 0xA0, 0xC3, 0x96, 0x06, 0xCD, 0x7D, 0xBC, 0x5C, 0x35, 0x5E, 0x90,
    0x3C, 0xBB, 0xD4, 0xA3, 0x9E, 0x95, 0xBA, 0x89, 0x1F, 0xF1, 0x9C, 0xE7, 0x73, 0xCB, 0x17, 0x64,
    0x98, 0xCF, 0xB6, 0x69, 0x8B, 0xA9, 0x73, 0x3D, 0x5A, 0xBA, 0xDB, 0xE3, 0xD9, 0x34, 0x86, 0xEF,
    0xA4, 0x2C, 0x09, 0xA8, 0x46, 0x73, 0xB4, 0xDC, 0xA5, 0xFC, 0x4D, 0xE2, 0x56, 0xCE, 0xFF, 0x92,
    0x73, 0x9D, 0xF3, 0x61, 0xBB, 0x5B, 0xE6, 0xDD, 0x98, 0x8C, 0x99, 0xA5, 0x36, 0x3E, 0x6C, 0xE8,
    0xD7, 0x68, 0x30, 0x6C, 0xA0, 0x25, 0x18, 0x36, 0xAC, 0x3F, 0x34, 0x68, 0xE6, 0x38, 0x7A, 0x6F,
    0x81, 0xB6, 0x8B, 0x6D, 0xFA, 0x90, 0xFC, 0xD8, 0x15, 0x2B, 0x62, 0x60, 0xC2, 0xB0, 0xEE, 0xA9,
    0x50, 0x5D, 0x56, 0xF6, 0xF8, 0x36, 0xC1, 0x61, 0x69, 0xB3, 0xD7, 0x5E, 0x5C, 0xBB, 0xDA, 0x5E,
    0x6C, 0xF6, 0xFC, 0x94, 0xA2, 0x29, 0x34, 0x06, 0x9E, 0x28, 0x03, 0xE5, 0xED, 0xE6, 0xB0, 0xBE,
    0x5F, 0x06, 0xC9, 0x55, 0x39, 0x31, 0x04, 0x2D, 0xFC, 0xAD, 0xA4, 0xF7, 0xEC, 0xB8, 0xB4, 0xCD,
    0x91, 0x90, 0xE1, 0x4B, 0x47, 0x10, 0x97, 0x2C, 0xA6, 0x9F, 0x4A, 0xDF, 0xB4, 0x35, 0x4D, 0xD5,
    0x36, 0x55, 0x1A, 0x92, 0xB3, 0xAB, 0x38, 0x39, 0x5F, 0x27, 0xC8, 0x3B, 0x6F, 0xE7, 0x05, 0xD4,
    0xB9, 0xB7, 0x88, 0x9A, 0x6C, 0x25, 0xA2, 0xB6, 0x8F, 0xE9, 0x94, 0x4D, 0xAF, 0x44, 0x16, 0x64,
    0xBC, 0x55, 0xD4, 0x4B, 0x1D, 0x3B, 0xBB, 0xDF, 0x69, 0x01, 0x51, 0xBF, 0x49, 0xC8, 0x13, 0xAE,
    0x20, 0x46, 0x7E, 0x44, 0x4D, 0xE3, 0xA6, 0xB6, 0x85, 0x54, 0xCE, 0x1C, 0x2D, 0x2D, 0x85, 0xAA,
    0x34, 0x0D, 0x43, 0xC9, 0xE8, 0x6A, 0x0E, 0xA1, 0xD4, 0x70, 0x12, 0x9A, 0xDE, 0xC2, 0x90, 0x3C,
    0xC5, 0x30, 0xE0, 0xF6, 0x55, 0xBC, 0x5E, 0x6A, 0x07, 0x51, 0xB3, 0x97, 0x85, 0x51, 0xF0, 0x52,
    0xE9, 0x08, 0x56, 0xFE, 0x33, 0x22, 0x77, 0xE7, 0xCF, 0x11, 0xB1, 0x1B, 0xB7, 0x30, 0x7E, 0x06,
    0x29, 0x4B, 0xD3, 0x2B, 0x0F, 0x68, 0x8B, 0xC0, 0x72, 0x9B, 0x68, 0x58, 0xD2, 0x5A, 0x29, 0xFA,
    0x8F, 0x84, 0xE9, 0x65, 0xE5, 0xE4, 0xA5, 0x14, 0x08, 0x83, 0x0E, 0xDB, 0x66, 0xF6, 0xC6, 0x5C,
    0x27, 0x81, 0x96, 0xE7, 0xF6, 0x47, 0x13, 0xC9, 0xD8, 0x00, 0x2F, 0xB9, 0xC6, 0x9C, 0x9B, 0xA3,
    0xEC, 0x4B, 0x00, 0x26, 0x30, 0x68, 0x80, 0x32, 0x4C, 0xC9, 0xCA, 0x90, 0xFE, 0x29, 0x3C, 0xAC,
    0xFA, 0xF0, 0x6E, 0x48, 0x9E, 0x0C, 0x31, 0xC9, 0x75, 0xEC, 0x6B, 0x40, 0xD0, 0x93, 0x5B, 0x49,
    0x18, 0x31, 0x69, 0xFC, 0x5E, 0x20, 0x06, 0x25, 0x3F, 0x74, 0xA2, 0x33, 0x7C, 0x08, 0xB9, 0x53,
    0x74, 0x36, 0x32, 0x83, 0xA4, 0xE4, 0xB5, 0x52, 0x0C, 0x29, 0x9A, 0x7A, 0x77, 0x99, 0x1D, 0xCC,
    0x4E, 0x3D, 0x24, 0xFB, 0x69, 0x46, 0x16, 0x9D, 0x81, 0x8D, 0xEB, 0x2D, 0xD8, 0x86, 0x71, 0xAB,
    0x2D, 0xA2, 0xB3, 0x90, 0x77, 0x3E, 0xAA, 0xF8, 0x5B, 0xE0, 0xFD, 0xB5, 0x7C, 0x37, 0x59, 0x9E,
    0x06, 0x36, 0x30, 0x53, 0xF9, 0x7A, 0xEF, 0x33, 0x0A, 0x81, 0xF7, 0xD4, 0x35, 0xD5, 0xB6, 0xA9,
    0x72, 0xA6, 0x53, 0x3B, 0x45, 0xE5, 0xA4, 0xFE, 0xDE, 0x3A, 0xFA, 0x0A, 0xD3, 0x57, 0x90, 0xFF,
    0x64, 0x05, 0xEB, 0x42, 0xC4, 0xF6, 0x3E, 0xE3, 0x68, 0xC8, 0x87, 0xA6, 0xAA, 0xD0, 0xCD, 0xD5,
    0x85, 0xBF, 0xDF, 0x0B, 0xCB, 0x9C, 0xC2, 0xD2, 0x53, 0x94, 0x39, 0x57, 0x1C, 0x2C, 0x43, 0x06,
    0xCF, 0xF7, 0xFF, 0x06, 0x38, 0xB0, 0x74, 0x46, 0xF3, 0x65, 0x76, 0x61, 0xB6, 0x40, 0x16, 0x8F,
    0x2A, 0xB7, 0xB0, 0xA4, 0xCC, 0x8E, 0xDE, 0x28, 0x39, 0xAA, 0xC5, 0x28, 0xDC, 0x78, 0x10, 0xE2,
    0xB9, 0x22, 0x8C, 0x01, 0xB4, 0x11, 0x1F, 0xB6, 0xE0, 0x6D, 0xD9, 0xAD, 0x64, 0x88, 0xA1, 0xC9,
    0x82, 0x0F, 0xA2, 0xD3, 0xB0, 0x3B, 0x43, 0xF8, 0xC3, 0x20, 0x47, 0xCD, 0xA0, 0xCA, 0xC9, 0xD8,
    0xCF, 0xBB, 0x91, 0x7F, 0x43, 0x30, 0x2F, 0x3E, 0x40, 0xE9, 0x13, 0xA9, 0xE6, 0xE4, 0x0B, 0x0C,
    0x1C, 0x93, 0x8C, 0x17, 0x7C, 0xC8, 0x52, 0x4F, 0xFE, 0xF0, 0x66, 0x29, 0x1F, 0x72, 0x03, 0xFB,
    0x43, 0x27, 0xF5, 0xC4, 0x34, 0x4D, 0xD0, 0xD3, 0x31, 0x91, 0x05, 0x10, 0xC4, 0xB5, 0xD2, 0x1D,
    0xBE, 0x49, 0x81, 0x08, 0x63, 0xB4, 0xB3, 0x1F, 0x25, 0xBC, 0x45, 0x1F, 0xF4, 0xAC, 0x2F, 0xF6,
    0xC2, 0xF6, 0x22, 0xBD, 0x55, 0x0D, 0xD3, 0xCF, 0xA0, 0xA4, 0x20, 0xB6, 0xA7, 0x05, 0x13, 0x41,
    0xC2, 0x04, 0x10, 0x4A, 0xB8, 0x8A, 0xEF, 0x39, 0x6A, 0xA0, 0xAB, 0x62, 0xFE, 0x33, 0xC1, 0x64,
    0xF9, 0x7E, 0x4F, 0xC7, 0x65, 0x7F, 0x33, 0x6A, 0x4C, 0x34, 0xC2, 0xB3, 0xFD, 0x34, 0x2F, 0xD7,
    0xD8, 0xD2, 0x6F, 0xC2, 0x06, 0xC0, 0xA3, 0xA4, 0x28, 0x80, 0xBE, 0x66, 0x81, 0xC2, 0x51, 0x82,
    0x7B, 0xAA, 0xC9, 0x1E, 0xA9, 0xA6, 0xF7, 0x1F, 0xD5, 0x74, 0xBE, 0x57, 0x4D, 0xAB, 0x50, 0x4D,
    0xD2, 0x28, 0x1C, 0x25, 0x40, 0x61, 0xEA, 0x10, 0xB4, 0x84, 0x81, 0xDB, 0x31, 0x68, 0x99, 0x64,
    0x43, 0xEE, 0x46, 0xC1, 0xFE, 0x00, 0xFB, 0xA2, 0x2A, 0xF9, 0xFB, 0x48, 0xFE, 0xE2, 0xB5, 0x32,
    0x40, 0x31, 0xED, 0xE6, 0x7D, 0xF0, 0xBF, 0x81, 0x30, 0xFD, 0x0D, 0xDF, 0xF8, 0xB2, 0x86, 0x87,
    0xC0, 0x35, 0x4D, 0x67, 0x27, 0xF7, 0x18, 0xF0, 0x7A, 0x67, 0xB9, 0xAF, 0x01, 0xD8, 0xD8, 0xFC,
    0x77, 0x95, 0x39, 0x06, 0xB1, 0xB5, 0xB3, 0x93, 0x49, 0x74, 0xC9, 0x8A, 0x3B, 0x5E, 0x12, 0xAC,
    0xC4, 0x5E, 0x61, 0xD2, 0xD5, 0x1B, 0x52, 0xB0, 0x19, 0x75, 0xBD, 0xA4, 0x6E, 0x8B, 0x4A, 0x05,
    0x3A, 0xBF, 0x32, 0x4C, 0x71, 0xA5, 0x24, 0x84, 0x12, 0xAD, 0xFA, 0xD6, 0x77, 0x69, 0xE1, 0xEC,
    0xA4, 0x05, 0xBB, 0x9F, 0x16, 0x3E, 0x56, 0xF7, 0x06, 0x94, 0x64, 0x50, 0xA2, 0x2A, 0x25, 0xC0,
    0x28, 0xE4, 0x70, 0x46, 0x3F, 0x19, 0x69, 0xB1, 0x0D, 0x38, 0x71, 0xAA, 0x82, 0x57, 0x41, 0x03,
    0xE6, 0x1F, 0x13, 0x13, 0x97, 0x38, 0x10, 0xC1, 0x37, 0x3A, 0x32, 0x89, 0x6B, 0xE9, 0xF4, 0x30,
    0x78, 0x2E, 0x9E, 0x0D, 0x4E, 0x62, 0x32, 0x53, 0x8D, 0xCE, 0x4E, 0x2E, 0xF0, 0x93, 0x30, 0x41,
    0x1C, 0x89, 0x15, 0x28, 0xAA, 0x9D, 0x89, 0x5C, 0x4B, 0x3E, 0x24, 0xE7, 0x5B, 0xC8, 0x93, 0x87,
    0x7A, 0xCE, 0xC4, 0x56, 0xB3, 0x08, 0x03, 0xB6, 0xB1, 0x25, 0x1F, 0xFB, 0xA0, 0x8F, 0x4D, 0x45,
    0x88, 0xF5, 0x21, 0x88, 0x07, 0xE0, 0x44, 0x58, 0x77, 0x81, 0x2C, 0xFF, 0x55, 0x64, 0x9B, 0x49,
    0x8F, 0xE5, 0x83, 0x78, 0x5C, 0xF9, 0xEC, 0x98, 0x72, 0x00, 0x8D, 0x15, 0x82, 0x66, 0xA1, 0x9D,
    0xE3, 0x48, 0x61, 0xC8, 0xCA, 0xC3, 0xCD, 0x2C, 0xD4, 0x2A, 0xD4, 0x87, 0x08, 0x5A, 0x06, 0x57,
    0x63, 0x27, 0x8E, 0xE5, 0x27, 0xFC, 0x07, 0x0E, 0x0E, 0x50, 0xDD, 0xC5, 0x8A, 0xD3, 0x45, 0xC4,
    0xBB, 0x4C, 0x52, 0x17, 0x48, 0xD0, 0xF5, 0xF1, 0xCB, 0x4C, 0x9B, 0x8E, 0xBA, 0xF0, 0x6C, 0x17,
    0xF0, 0xD0, 0xBD, 0x14, 0x88, 0x2E, 0x04, 0x75, 0x83, 0x82, 0x5E, 0xCB, 0x11, 0x5E, 0x66, 0x08,
    0x12, 0xE4, 0x0E, 0x86, 0xA9, 0xDC, 0xE7, 0x99, 0x65, 0xB6, 0x2B, 0xF9, 0x39, 0x9D, 0xFB, 0x45,
    0x1E, 0x46, 0xA5, 0x19, 0x9F, 0x9A, 0xAD, 0x2C, 0xCB, 0xDB, 0x07, 0x19, 0xA0, 0x4C, 0x02, 0x34,
    0xCB, 0xA1, 0x4F, 0xCE, 0x35, 0x88, 0x6C, 0x2D, 0xDC, 0xAF, 0xD4, 0x34, 0xCD, 0x4E, 0xC8, 0x65,
    0xA5, 0x75, 0x57, 0xA7, 0xDE, 0xAD, 0x72, 0x95, 0x9B, 0x8C, 0xC5, 0xFE, 0x24, 0x71, 0x1F, 0x2B,
    0xE7, 0xD1, 0x09, 0x58, 0xE8, 0xE7, 0x88, 0x4F, 0x44, 0x8F, 0x05, 0x7D, 0x2D, 0x60, 0xA4, 0x59,
    0x84, 0x27, 0x34, 0x6F, 0xE3, 0xDA, 0x17, 0xC0, 0xF4, 0x17, 0x3A, 0x76, 0x9F, 0xEB, 0x4D, 0x09,
    0xB4, 0x04, 0x56, 0x5A, 0xB9, 0x9D, 0x9E, 0xD3, 0x5A, 0xA7, 0xFE, 0x2B, 0x54, 0x61, 0x0C, 0x01,
    0xA1, 0x81, 0xD1, 0xF0, 0xBA, 0xBE, 0xB6, 0x1E, 0xA0, 0xB3, 0xF4, 0x0A, 0x17, 0xD1, 0xA3, 0xCA,
    0x40, 0x47, 0x2B, 0xAC, 0x0A, 0x81, 0xD9, 0x58, 0x94, 0x44, 0xA6, 0x0E, 0x62, 0xF2, 0xBF, 0x79,
    0xE8, 0x69, 0x65, 0x72, 0xA7, 0x51, 0x06, 0x1D, 0x21, 0x7A, 0x11, 0x51, 0x71, 0x7C, 0xDC, 0x8C,
    0x90, 0x57, 0x79, 0x10, 0x0F, 0xC3, 0xA8, 0x53, 0x9D, 0x94, 0x46, 0x42, 0xE4, 0xCF, 0x46, 0xDB,
    0x8E, 0xE3, 0xE2, 0x36, 0x29, 0xD7, 0xD1, 0xB8, 0x4D, 0xC2, 0xF5, 0x83, 0x20, 0x4C, 0xA6, 0x28,
    0x10, 0x9E, 0xC4, 0x26, 0xA6, 0x66, 0xDD, 0x74, 0xE5, 0x71, 0x37, 0xCE, 0x21, 0xCA, 0x17, 0x4D,
    0x18, 0x31, 0x87, 0x74, 0x3F, 0xEE, 0xAE, 0x56, 0xFF, 0xD1, 0x66, 0x06, 0x8E, 0x59, 0xC6, 0xAE,
    0xF0, 0x2D, 0xB4, 0xF0, 0xE1, 0x76, 0xD8, 0xC0, 0x8A, 0xFF, 0xE3, 0x4A, 0xC9, 0xFE, 0x52, 0x38,
    0x88, 0x17, 0x36, 0x11, 0x38, 0xC4, 0xFC, 0x09, 0xF8, 0xA4, 0x3C, 0xCC, 0x50, 0x9D, 0x0F, 0xAE,
    0xE7, 0x43, 0x0B, 0xBB, 0x40, 0x43, 0x05, 0x4E, 0x82, 0xD7, 0x53, 0x9C, 0x22, 0x5C, 0x6D, 0x80,
    0xD6, 0x96, 0xAB, 0xC8, 0x9F, 0xF7, 0x57, 0x92, 0x29, 0x8B, 0x6A, 0x1F, 0x44, 0x1D, 0xAD, 0xCC,
    0x21, 0xF1, 0x93, 0x9C, 0x93, 0xA1, 0x37, 0x0F, 0x92, 0x07, 0x4B, 0x6D, 0x39, 0xBB, 0x0D, 0xB4,
    0x1A, 0xB8, 0xBE, 0x83, 0xD3, 0x8D, 0x56, 0xE5, 0x26, 0x33, 0x10, 0x05, 0xD2, 0x82, 0xA3, 0x00,
    0x60, 0xCC, 0x8D, 0xDF, 0x20, 0xC6, 0xF6, 0xE9, 0x4B, 0xB3, 0x77, 0xC3, 0x40, 0x0E, 0xF2, 0xE9,
    0x38, 0x68, 0x3A, 0xAD, 0x1C, 0xC0, 0x95, 0xF9, 0xEF, 0xFC, 0x0B, 0x1B, 0x4B, 0x38, 0xFD, 0x54,
    0x72, 0xB2, 0x2B, 0xE0, 0xC9, 0xC8, 0xFD, 0xBD, 0xAA, 0x0E, 0x15, 0xA7, 0x90, 0x61, 0x27, 0x70,
    0xF9, 0x6E, 0x8A, 0x30, 0xA8, 0x83, 0x39, 0x73, 0x72, 0x3B, 0x6A, 0x54, 0x7D, 0x7E, 0xC1, 0xC3,
    0xC1, 0xB7, 0x8A, 0xCF, 0x0F, 0x1B, 0x17, 0x20, 0xF4, 0x36, 0x84, 0xE6, 0x95, 0xD0, 0x47, 0x85,
    0x99, 0xAC, 0x38, 0x15, 0x40, 0xF0, 0x55, 0x08, 0xED, 0x41, 0x28, 0xCE, 0xD2, 0xFE, 0xF7, 0x95,
    0x50, 0x06, 0xA1, 0xA3, 0x13, 0x92, 0x93, 0x95, 0x3B, 0x7D, 0x78, 0xDA, 0xA2, 0x8F, 0x69, 0xB9,
    0x4F, 0xF9, 0x9B, 0x34, 0xB0, 0xCD, 0x47, 0x82, 0x23, 0x40, 0x08, 0x8C, 0x46, 0xF6, 0x43, 0xF1,
    0xEC, 0x49, 0xB8, 0x34, 0x2C, 0x8C, 0xD9, 0x7D, 0x39, 0x4D, 0x37, 0x27, 0xE4, 0x72, 0x3F, 0x8A,
    0xD9, 0xDF, 0xA5, 0x7B, 0xDF, 0xEC, 0x2A, 0x4E, 0xA0, 0xC8, 0x53, 0xE6, 0x88, 0x52, 0x9A, 0xB7,
    0x4C, 0x73, 0xE5, 0xE7, 0x2D, 0xCC, 0xDC, 0xDC, 0xBF, 0x57, 0x7E, 0xE1, 0x7A, 0x2C, 0x9D, 0xE7,
    0x09, 0xA6, 0x82, 0xA5, 0x63, 0x98, 0x64, 0x76, 0x9E, 0x38, 0x45, 0xE7, 0xF4, 0xCB, 0xCC, 0x9C,
    0xC6, 0xC2, 0xF2, 0x20, 0x70, 0xE4, 0x5B, 0xC8, 0x07, 0x51, 0x57, 0x4B, 0xAE, 0x53, 0xFE, 0xD1,
    0x38, 0xF7, 0x87, 0xBC, 0xFA, 0x76, 0xF2, 0x34, 0xE3, 0x5A, 0x75, 0x79, 0xF2, 0xE6, 0xB7, 0x13,
    0xF7, 0x5E, 0xE2, 0xED, 0x48, 0xD4, 0x78, 0x3E, 0x9D, 0x0D, 0xFF, 0x07, 0xAD, 0x59, 0x3D, 0x6C,
    0xDC, 0xC8, 0x15, 0x7E, 0x24, 0xA5, 0x23, 0x62, 0x02, 0x19, 0x17, 0x12, 0x92, 0x38, 0x80, 0xD9,
    0x3B, 0x88, 0xD9, 0x3A, 0xC0, 0x99, 0x43, 0xC0, 0xA5, 0x8B, 0xA8, 0x90, 0xBA, 0x00, 0x6E, 0x5C,
    0xE4, 0xDC, 0x28, 0xE5, 0x15, 0xF2, 0x92, 0xBE, 0x2B, 0xAE, 0x48, 0x11, 0x97, 0x01, 0xDC, 0xB8,
    0xF4, 0x4F, 0x90, 0xA4, 0x50, 0x80, 0x14, 0xD6, 0x72, 0x70, 0x0E, 0x70, 0xC5, 0x15, 0x47, 0xC7,
    0x70, 0x7D, 0xCC, 0x25, 0x72, 0x00, 0x19, 0xC8, 0x4D, 0x7C, 0xEB, 0x78, 0x75, 0xE2, 0x72, 0xF2,
    0xBD, 0x19, 0xAE, 0xB4, 0x96, 0x25, 0x6B, 0x57, 0x6B, 0x71, 0xDE, 0x88, 0x4B, 0xCE, 0xCC, 0x7B,
    0x33, 0xF3, 0x7E, 0xBE, 0x37, 0x24, 0x33, 0x24, 0x62, 0x5A, 0x5B, 0x21, 0xFB, 0x27, 0x2B, 0xA2,
    0x5C, 0x13, 0x95, 0xA0, 0xD1, 0x80, 0xBC, 0x61, 0x43, 0xFE, 0xA0, 0xA1, 0x40, 0xF7, 0x29, 0xD4,
    0x92, 0xA2, 0x5A, 0x92, 0x30, 0xA6, 0x88, 0x8D, 0x51, 0xF2, 0xD9, 0xB5, 0x4A, 0x66, 0xA2, 0xCE,
    0xF1, 0xA6, 0xA5, 0x60, 0x10, 0x98, 0x3A, 0x30, 0xDA, 0x5B, 0xCB, 0xE8, 0x46, 0x26, 0x8C, 0x0E,
    0x5F, 0x0C, 0x3D, 0xAF, 0x21, 0x6A, 0x3E, 0x30, 0x4D, 0xDC, 0x36, 0x32, 0x6B, 0x24, 0x35, 0xF2,
    0xB3, 0x46, 0x9A, 0x46, 0x34, 0x1B, 0x8E, 0x1B, 0x79, 0xF5, 0xCF, 0xC1, 0xBF, 0x71, 0x3C, 0x3D,
    0x9A, 0x5B, 0x06, 0xF4, 0x0E, 0x8B, 0x4D, 0x88, 0x41, 0x46, 0xD1, 0x02, 0xCD, 0x20, 0xC9, 0x7C,
    0x5C, 0x7D, 0x74, 0x8E, 0x0A, 0x22, 0x91, 0xE1, 0x3F, 0xFF, 0xD6, 0xD3, 0xB1, 0xDE, 0xC4, 0x0A,
    0x50, 0x50, 0x91, 0x3F, 0x22, 0x7A, 0xC4, 0x52, 0x04, 0x43, 0x70, 0xA2, 0x38, 0xA3, 0x25, 0x2B,
    0x54, 0xB9, 0x1B, 0x9A, 0x36, 0xDE, 0x7D, 0x24, 0x15, 0xE5, 0x44, 0x7D, 0xA2, 0x16, 0xC2, 0xD9,
    0x1A, 0xF7, 0x78, 0x22, 0x0B, 0x4A, 0x76, 0xFF, 0x10, 0x99, 0xC6, 0xE3, 0x4D, 0xB4, 0x7F, 0x91,
    0xA6, 0xB8, 0xA0, 0x94, 0xE8, 0x2C, 0x4F, 0x1F, 0x4B, 0x21, 0x4C, 0x9D, 0x28, 0x92, 0x99, 0x2D,
    0xC4, 0x75, 0x52, 0x50, 0xBC, 0xFD, 0xE7, 0xC8, 0x68, 0xDF, 0xD4, 0xE3, 0xD9, 0x2B, 0xC2, 0xF6,
    0xD5, 0x43, 0xCF, 0x31, 0x3E, 0x05, 0x5F, 0x43, 0xBE, 0x51, 0xD1, 0x63, 0xBD, 0x48, 0x2B, 0xD3,
    0xF2, 0x4D, 0xDC, 0xD3, 0xF1, 0x0E, 0xCC, 0xCA, 0xF4, 0x26, 0xBA, 0xD8, 0x9A, 0x66, 0x98, 0x69,
    0x50, 0x6F, 0xD0, 0xF7, 0x03, 0xCA, 0x2B, 0x5A, 0xCE, 0x4E, 0x37, 0x53, 0x71, 0x6B, 0x10, 0xEC,
    0xD5, 0x64, 0x0A, 0x5A, 0x9E, 0x65, 0x85, 0xC3, 0xEA, 0x11, 0x79, 0x7B, 0x50, 0x2E, 0xB0, 0xE6,
    0x9E, 0x76, 0xD5, 0xCD, 0x6D, 0xD0, 0x90, 0xE4, 0x43, 0x83, 0x8E, 0x65, 0x26, 0x29, 0x51, 0x92,
    0x62, 0x90, 0x98, 0x20, 0xFE, 0x2D, 0x0B, 0xFB, 0xFE, 0x61, 0xEB, 0xDA, 0x83, 0x39, 0x51, 0x8F,
    0x57, 0xAE, 0x97, 0x72, 0xF5, 0x21, 0x57, 0xD8, 0xB9, 0x7B, 0x3D, 0x30, 0x32, 0x90, 0x5C, 0x18,
    0xCC, 0x20, 0x51, 0x2D, 0x4B, 0xD3, 0x1B, 0x57, 0xB4, 0x7F, 0x57, 0xA0, 0x49, 0xFC, 0xBC, 0xED,
    0xDA, 0x05, 0x6D, 0xDA, 0x09, 0x29, 0xCC, 0xBF, 0xEC, 0x23, 0xB1, 0x63, 0x94, 0x50, 0x49, 0x25,
    0x54, 0xA4, 0x85, 0x0A, 0x75, 0xBE, 0x13, 0xE8, 0xD2, 0x38, 0xE2, 0xDF, 0x42, 0x89, 0xDA, 0xBE,
    0xDF, 0x31, 0x85, 0x6D, 0x6F, 0xA7, 0x89, 0x91, 0x17, 0x4B, 0x4C, 0xDE, 0x54, 0x74, 0x8E, 0x25,
    0xEC, 0x41, 0xAF, 0x7B, 0x76, 0xBC, 0x78, 0x0F, 0x82, 0xAB, 0x3E, 0x18, 0xF7, 0xAC, 0x04, 0xF6,
    0x3F, 0x7E, 0x27, 0xCF, 0x5B, 0xFB, 0x3E, 0x18, 0xA5, 0x1D, 0x7F, 0x0C, 0xA7, 0x16, 0xD7, 0xDC,
    0xE2, 0xD4, 0x5C, 0x1E, 0xDC, 0xE6, 0x25, 0x75, 0x05, 0xA6, 0x87, 0xF2, 0xA0, 0x38, 0x78, 0x82,
    0xB7, 0xB6, 0xD9, 0xA4, 0xF3, 0xE1, 0x1D, 0xD9, 0x6B, 0x92, 0x62, 0x24, 0xB3, 0x9B, 0xD2, 0xB4,
    0x5C, 0xDC, 0x8E, 0xD4, 0x3F, 0x9E, 0xDC, 0xC7, 0xF3, 0x7E, 0x05, 0x5E, 0xA1, 0xB1, 0x96, 0x32,
    0x23, 0xBB, 0xB7, 0xFD, 0xCC, 0x54, 0x4C, 0x87, 0xC4, 0xCE, 0x60, 0x6C, 0x31, 0xB3, 0x71, 0x4C,
    0xAD, 0x3A, 0xA6, 0x13, 0xDA, 0x7E, 0x12, 0xBB, 0xD9, 0xC6, 0x8F, 0x32, 0x3A, 0x4F, 0x74, 0x11,
    0x7A, 0x81, 0xFB, 0x6A, 0x2A, 0x16, 0x3E, 0x7C, 0x97, 0xC2, 0x42, 0x50, 0x88, 0xFB, 0x6E, 0x56,
    0x49, 0x50, 0x8B, 0x6F, 0x8B, 0x00, 0xAB, 0xBA, 0x7A, 0x9A, 0x55, 0x8D, 0xD4, 0xD0, 0x67, 0xE3,
    0x52, 0x07, 0xC6, 0x35, 0xC5, 0x56, 0x82, 0x6D, 0x65, 0x3D, 0xB7, 0x37, 0x80, 0x91, 0x65, 0x0B,
    0x9D, 0x3F, 0x69, 0x61, 0x0B, 0x86, 0xE2, 0xDD, 0x75, 0x76, 0x6F, 0x94, 0x67, 0xD6, 0x5F, 0x50,
    0xDF, 0x5B, 0xA3, 0x36, 0x34, 0x45, 0x9F, 0x09, 0x83, 0xE5, 0x20, 0x59, 0x24, 0x45, 0xB2, 0x5B,
    0x16, 0x11, 0x3C, 0xBC, 0xC7, 0x26, 0x31, 0x76, 0x49, 0x99, 0x67, 0xAA, 0xF0, 0x89, 0xF6, 0xA0,
    0x23, 0xF7, 0x96, 0x43, 0xD3, 0x83, 0xB2, 0xC2, 0xAA, 0xA0, 0xC2, 0x5C, 0x28, 0xE5, 0xBA, 0xE8,
    0xC7, 0xDB, 0x2D, 0x9E, 0x07, 0x6D, 0xCF, 0x9A, 0x40, 0x7B, 0xFE, 0x4E, 0x13, 0x9B, 0x61, 0x04,
    0xDB, 0x3E, 0x14, 0xE4, 0xE4, 0x44, 0x90, 0x9B, 0x5F, 0xB8, 0xA0, 0xF8, 0xD8, 0x2A, 0x60, 0xC5,
    0x0A, 0x78, 0x3A, 0xE1, 0x04, 0x8C, 0x34, 0x06, 0x77, 0xA1, 0xE8, 0x60, 0xCA, 0x73, 0x0A, 0x96,
    0x8E, 0xB7, 0x95, 0xE8, 0xF4, 0x4B, 0x36, 0xB7, 0x14, 0x67, 0x8A, 0x6E, 0x76, 0xB8, 0xFF, 0x49,
    0x17, 0x18, 0x33, 0xFE, 0x05, 0xC1, 0x96, 0x66, 0x12, 0x6C, 0xF4, 0xA6, 0x60, 0x2C, 0x0D, 0x56,
    0xDD, 0xD7, 0xB0, 0xE5, 0xCC, 0x05, 0xE9, 0x37, 0xBD, 0xF5, 0x04, 0x31, 0x54, 0x60, 0x7A, 0xF0,
    0x27, 0x75, 0x5C, 0x1B, 0xBB, 0x91, 0x50, 0x8D, 0x08, 0x06, 0x93, 0x44, 0x8A, 0x96, 0xBC, 0xCC,
    0xE9, 0xCC, 0xF0, 0x30, 0x7D, 0x84, 0xE8, 0x61, 0x94, 0x67, 0xE0, 0xE5, 0xDA, 0x50, 0x7B, 0x4D,
    0xE0, 0x68, 0x78, 0x34, 0x09, 0x15, 0x68, 0xB2, 0x95, 0xC1, 0x9F, 0xAB, 0x0E, 0x9E, 0x01, 0xC8,
    0x8C, 0xAB, 0x9D, 0x87, 0x7A, 0xF2, 0xC5, 0x11, 0x15, 0xD0, 0x04, 0xAD, 0x3F, 0xC3, 0xAC, 0x21,
    0x62, 0xB9, 0xE3, 0x14, 0x26, 0xFE, 0xED, 0x80, 0x62, 0xF6, 0xEB, 0xBB, 0xD8, 0xA3, 0xCA, 0x85,
    0xA8, 0x63, 0xE9, 0x4A, 0x21, 0x4D, 0xF6, 0x17, 0xE3, 0xDC, 0x2C, 0xBA, 0x01, 0x43, 0x65, 0xC1,
    0x88, 0x3D, 0xC6, 0x71, 0x05, 0x6F, 0xD1, 0x06, 0x2D, 0x2F, 0x5E, 0xC9, 0x72, 0x43, 0xAF, 0x5A,
    0xC2, 0xAA, 0x78, 0x2B, 0x14, 0xD6, 0x27, 0x94, 0x7C, 0x94, 0xB7, 0xCB, 0x70, 0x3C, 0x79, 0x9B,
    0x8F, 0xC4, 0x20, 0xAA, 0x0F, 0x5F, 0x62, 0xC0, 0x2D, 0xF8, 0x5A, 0x5E, 0xF5, 0x56, 0xC2, 0xFA,
    0xA8, 0x0B, 0x32, 0x6E, 0x0A, 0x8C, 0x40, 0x31, 0xD6, 0xDD, 0xEE, 0x06, 0xEE, 0xF3, 0x11, 0x89,
    0x01, 0x43, 0xB3, 0xE3, 0x0A, 0xDE, 0xA2, 0x4D, 0x6E, 0xD5, 0x6F, 0x33, 0xCA, 0xA4, 0xE9, 0xBA,
    0x4F, 0x25, 0xF5, 0x3B, 0xA5, 0xA5, 0x4D, 0x0F, 0xC8, 0x0C, 0x08, 0x71, 0x4B, 0x64, 0x89, 0xE2,
    0xDD, 0x58, 0xCC, 0xE2, 0xE2, 0xA8, 0x4B, 0xD0, 0x87, 0xB8, 0xA4, 0x8A, 0x54, 0x58, 0x45, 0xDA,
    0xCE, 0xE4, 0x84, 0xB1, 0x97, 0x7B, 0x07, 0x7F, 0x79, 0x1B, 0x55, 0xF9, 0x28, 0xAA, 0xD0, 0xBA,
    0x42, 0x8B, 0x13, 0x89, 0xDB, 0x71, 0x7B, 0xEE, 0x07, 0x63, 0xAB, 0xC8, 0x5B, 0x57, 0x14, 0x20,
    0xEE, 0x07, 0xAD, 0xDD, 0xAC, 0xCB, 0xBE, 0x2E, 0x83, 0x41, 0x0F, 0x1A, 0x04, 0xBC, 0xE3, 0xAD,
    0xE0, 0xE6, 0xDD, 0x85, 0x5C, 0x59, 0xD7, 0x54, 0xD6, 0x54, 0x16, 0xCE, 0xDC, 0x30, 0xED, 0x10,
    0x9A, 0x70, 0x55, 0x2D, 0xB8, 0xAD, 0x68, 0x66, 0x28, 0x88, 0xB5, 0x3F, 0x1A, 0x52, 0x39, 0xA0,
    0xB2, 0xEA, 0x00, 0x17, 0x2C, 0x0D, 0x86, 0x96, 0x08, 0xC5, 0x66, 0xB6, 0xCA, 0x86, 0x75, 0x62,
    0x81, 0x36, 0xFE, 0x6C, 0xC8, 0x9E, 0x5B, 0x2A, 0x67, 0xEB, 0x8C, 0xC4, 0x00, 0x66, 0xFC, 0x86,
    0x64, 0x88, 0xA7, 0x98, 0xB7, 0x04, 0x46, 0x94, 0x25, 0x47, 0x36, 0x1B, 0xDD, 0x48, 0xFE, 0xB2,
    0x72, 0xEF, 0x00, 0xE6, 0x25, 0xC0, 0x24, 0x90, 0x9B, 0xED, 0x67, 0x45, 0xB8, 0xE0, 0x5C, 0x24,
    0x31, 0x62, 0xBB, 0x6E, 0x7D, 0x0C, 0x87, 0xF5, 0x09, 0x5A, 0xA3, 0x1C, 0x63, 0xE7, 0x80, 0xF1,
    0x39, 0x40, 0x65, 0x0F, 0x0F, 0xA1, 0x57, 0x04, 0x2B, 0x00, 0x15, 0x94, 0x83, 0x5F, 0x8E, 0xB1,
    0x6D, 0x1B, 0xEA, 0x9C, 0xDD, 0xAF, 0xDD, 0xC2, 0x10, 0xA7, 0x3F, 0x77, 0x19, 0x5C, 0x62, 0x0C,
    0x4C, 0xDE, 0xB6, 0x83, 0x8B, 0xC9, 0x11, 0x33, 0x59, 0x31, 0xDF, 0x31, 0x46, 0x38, 0x60, 0x5F,
    0x94, 0x12, 0x8D, 0x3D, 0xDA, 0x14, 0xE5, 0xC1, 0x5D, 0x69, 0x34, 0x0A, 0xA7, 0x1C, 0xB1, 0x4A,
    0xAD, 0x79, 0xF7, 0x4E, 0xB8, 0x66, 0x1C, 0x18, 0x8E, 0xDA, 0xCE, 0x0C, 0xB7, 0xB7, 0xA9, 0x77,
    0xE8, 0x8F, 0x2E, 0xA4, 0x1B, 0xD7, 0xA5, 0x37, 0x90, 0xBE, 0x96, 0x41, 0x25, 0xBD, 0xEC, 0xC4,
    0x01, 0x01, 0x98, 0x01, 0x97, 0x01, 0x96, 0x01, 0x95, 0x9D, 0x7F, 0x7F, 0x77, 0x39, 0x3C, 0x4E,
    0xA8, 0xA4, 0xA8, 0x65, 0x54, 0x1D, 0x3D, 0xF8, 0xE4, 0x44, 0x6F, 0xF6, 0xFA, 0xA0, 0x37, 0xA6,
    0x8E, 0xF5, 0x3D, 0x28, 0x7F, 0x23, 0xD1, 0x90, 0x18, 0x51, 0x62, 0x01, 0x64, 0xAE, 0xD8, 0xA9,
    0xF2, 0xF3, 0x9D, 0x7B, 0x02, 0x99, 0xA1, 0x69, 0xE0, 0x87, 0xF4, 0xFE, 0x35, 0x0C, 0x47, 0x51,
    0x23, 0x75, 0xA2, 0xA3, 0xFD, 0x67, 0x6E, 0xDF, 0xA1, 0x17, 0x9C, 0x7C, 0x72, 0x14, 0x59, 0x1C,
    0x47, 0x27, 0x2C, 0x86, 0x06, 0x0D, 0x40, 0x8D, 0xAF, 0xD3, 0x16, 0x94, 0x83, 0x92, 0x4F, 0x74,
    0x2A, 0x3E, 0xD7, 0x69, 0xF4, 0x52, 0xA7, 0xC1, 0xFF, 0x74, 0xEA, 0xB5, 0x3A, 0x45, 0x1C, 0x4B,
    0x91, 0xF2, 0xA6, 0x90, 0x22, 0x25, 0x61, 0xC7, 0x14, 0x35, 0xA3, 0xAB, 0x9B, 0x0C, 0x89, 0x97,
    0xCE, 0x65, 0x37, 0x8D, 0xCE, 0x4D, 0x93, 0xDF, 0x6A, 0x72, 0xE2, 0xD2, 0x7B, 0xAB, 0xCC, 0xCB,
    0xCE, 0x85, 0x69, 0xE5, 0xF2, 0xE6, 0x1F, 0xD0, 0x54, 0x3C, 0xB9, 0xDB, 0x47, 0x36, 0x5B, 0xFE,
    0xAB, 0xD5, 0x76, 0x0E, 0x96, 0x03, 0x64, 0x42, 0x7D, 0xBC, 0xC1, 0x72, 0xC2, 0x39, 0xBE, 0x8F,
    0x95, 0x10, 0xB7, 0x74, 0xF0, 0xA2, 0xF2, 0x4C, 0x06, 0x6B, 0x9A, 0x46, 0x2A, 0x9E, 0x04, 0xBB,
    0x66, 0x64, 0xEE, 0x94, 0x2C, 0x9F, 0xB9, 0x7D, 0x59, 0xE6, 0x70, 0x10, 0x06, 0xC6, 0x8F, 0x1C,
    0x4C, 0x02, 0xA7, 0xC8, 0xEC, 0x58, 0x92, 0x55, 0x27, 0xEA, 0x10, 0x34, 0x82, 0x88, 0x06, 0x24,
    0x21, 0x62, 0xFC, 0xF7, 0x4E, 0x4C, 0x88, 0xE8, 0xB1, 0x88, 0x25, 0x48, 0x82, 0x62, 0x50, 0x04,
    0x62, 0xDF, 0xEA, 0x83, 0xA0, 0x10, 0x9C, 0x68, 0xFA, 0x9C, 0x74, 0xAD, 0x4E, 0xB9, 0x8A, 0xB6,
    0xFC, 0xB4, 0xE1, 0x30, 0x15, 0xDB, 0x48, 0x61, 0x8F, 0x82, 0x9A, 0xFD, 0xA3, 0x20, 0x06, 0xD7,
    0x80, 0x54, 0x19, 0xA0, 0x95, 0x92, 0x85, 0x3B, 0xEC, 0xE8, 0x43, 0xDF, 0xDA, 0x09, 0x2A, 0x41,
    0xFC, 0x9C, 0xDF, 0x27, 0xDF, 0x97, 0x8A, 0xDB, 0x8F, 0x41, 0xB9, 0x0F, 0x03, 0x66, 0x7C, 0xEA,
    0xF1, 0x78, 0x37, 0x32, 0x7B, 0x0F, 0xCD, 0xB6, 0x49, 0xA9, 0x9B, 0xB8, 0x24, 0x7B, 0x71, 0xD6,
    0x8B, 0x05, 0x8A, 0x9F, 0x8C, 0xC0, 0x0F, 0x3E, 0x17, 0x80, 0x96, 0xDE, 0x81, 0x9C, 0xE7, 0x95,
    0xCB, 0xC6, 0x01, 0xF5, 0x31, 0xE4, 0x81, 0xE9, 0x20, 0x32, 0x30, 0x7A, 0x3E, 0xAD, 0x7C, 0x34,
    0xDA, 0x22, 0xEF, 0xD5, 0x80, 0x82, 0xA7, 0x88, 0x7E, 0xEF, 0x51, 0x3E, 0x7F, 0x17, 0x18, 0xE8,
    0x9F, 0x00, 0x15, 0x57, 0x0B, 0x5A, 0x98, 0x47, 0x3E, 0xC0, 0x45, 0xA3, 0x23, 0xAE, 0x92, 0xED,
    0x72, 0xE7, 0x2E, 0x62, 0x17, 0x42, 0x01, 0x1F, 0x50, 0xF4, 0xBB, 0xCA, 0x68, 0x3E, 0x51, 0x80,
    0x80, 0x48, 0xC2, 0xEC, 0x33, 0xFB, 0xD6, 0xB6, 0x4B, 0x5E, 0xA1, 0x87, 0xED, 0x6B, 0x47, 0xA1,
    0x2E, 0xF3, 0xBC, 0x91, 0x85, 0xE6, 0x35, 0x9F, 0x79, 0x98, 0x17, 0x4D, 0xA2, 0x4C, 0xB1, 0xC5,
    0xC2, 0x00, 0x3F, 0x73, 0x6E, 0xD6, 0x55, 0x30, 0x81, 0xA2, 0x04, 0xDA, 0x7E, 0x6E, 0xAA, 0x5F,
    0xF1, 0x00, 0x48, 0xD4, 0x9E, 0x4C, 0xCC, 0x8E, 0xBD, 0x0C, 0xBB, 0x19, 0x7B, 0x74, 0x73, 0x76,
    0x9C, 0x0B, 0x17, 0x2C, 0x07, 0xC9, 0x87, 0x30, 0x1B, 0xC4, 0x2E, 0x49, 0x1D, 0x85, 0x43, 0xF7,
    0x9C, 0xE3, 0xEA, 0xB5, 0x89, 0xB8, 0x6A, 0xDB, 0xD8, 0xB8, 0xEA, 0x20, 0x1A, 0x47, 0xFB, 0xA0,
    0x66, 0x25, 0x59, 0x3A, 0x47, 0x1B, 0x25, 0x07, 0xBB, 0xFC, 0x19, 0x87, 0xD4, 0xFC, 0x48, 0xCF,
    0x3E, 0x27, 0xBB, 0xFD, 0x30, 0xBE, 0xE1, 0xC2, 0xF8, 0x34, 0x3C, 0x5D, 0xAF, 0xD4, 0xF6, 0xB9,
    0xBE, 0x7F, 0x94, 0x44, 0xC1, 0x1E, 0x74, 0x87, 0x0D, 0x77, 0xF9, 0xBD, 0xAC, 0xC4, 0x64, 0xFE,
    0xBD, 0xF8, 0x41, 0x11, 0x03, 0x31, 0x1A, 0x15, 0xBF, 0xCA, 0x62, 0x1B, 0x63, 0xE0, 0xA2, 0x0E,
    0x15, 0x0B, 0xC9, 0x2B, 0xDE, 0x33, 0x98, 0xD9, 0x8A, 0x33, 0xDC, 0x5A, 0x98, 0x41, 0xF2, 0x5C,
    0xBB, 0x03, 0x2D, 0x64, 0xD6, 0x08, 0x54, 0x01, 0x87, 0x29, 0xED, 0x12, 0xFD, 0xB3, 0xDE, 0x30,
    0xBD, 0x33, 0x80, 0x2C, 0x89, 0xE9, 0x50, 0x1A, 0x0F, 0x9D, 0xDB, 0x83, 0x0D, 0x00, 0xDE, 0xFB,
    0x50, 0xD3, 0x4A, 0x3E, 0x54, 0xD2, 0x9E, 0xA9, 0xC6, 0x9C, 0xC8, 0x29, 0x5A, 0xAF, 0x00, 0x74,
    0x7F, 0x11, 0x21, 0xCB, 0x57, 0x89, 0xA1, 0xFD, 0x23, 0x43, 0xC0, 0x45, 0xF1, 0x69, 0xBD, 0x68,
    0x19, 0x9F, 0x82, 0x6F, 0x87, 0xE7, 0x22, 0xC6, 0x73, 0xD3, 0xF3, 0x9D, 0x8D, 0xD1, 0x26, 0xD1,
    0x16, 0xE7, 0x91, 0x7E, 0x49, 0xBE, 0x0D, 0x3E, 0x53, 0x31, 0xD2, 0x76, 0x3D, 0x53, 0xF2, 0xB7,
    0xF8, 0x48, 0x77, 0xE2, 0xE0, 0xB0, 0x8B, 0x29, 0xA7, 0x9B, 0xEF, 0xE4, 0xE6, 0x4E, 0x39, 0xDF,
    0xD2, 0xB4, 0x28, 0x37, 0xCC, 0x7D, 0x3E, 0xCF, 0x3C, 0xB1, 0x5C, 0xB2, 0xBA, 0x2B, 0x32, 0xAF,
    0x24, 0x6F, 0xE4, 0x3C, 0x25, 0x85, 0xC0, 0x25, 0xDB, 0xD0, 0x6D, 0x64, 0x62, 0xD9, 0x1B, 0x20,
    0xC6, 0x95, 0xED, 0x2C, 0x32, 0x99, 0x8F, 0x49, 0x5D, 0xB2, 0x5A, 0x3E, 0xD1, 0xF7, 0xF0, 0x59,
    0xE9, 0xAC, 0xC2, 0xB0, 0x52, 0x5E, 0x0E, 0xD4, 0x46, 0xA8, 0xCE, 0x4E, 0x25, 0xC0, 0x51, 0xE3,
    0x9F, 0x31, 0x77, 0x05, 0x3B, 0x2B, 0xFD, 0xF6, 0xF8, 0x47, 0x4C, 0xAD, 0xB2, 0x26, 0x6C, 0x8E,
    0x18, 0xD9, 0x1B, 0x5C, 0xC2, 0xFA, 0x22, 0x03, 0xBC, 0x56, 0xD3, 0xC2, 0xF8, 0x28, 0xE0, 0xB8,
    0xBC, 0xFF, 0x28, 0x2A, 0x12, 0x95, 0x6C, 0x83, 0x0B, 0x92, 0x66, 0x8F, 0x23, 0x0F, 0x2B, 0x40,
    0xFD, 0x1B, 0x08, 0xF6, 0xC3, 0xF5, 0x6A, 0xC1, 0x03, 0x62, 0x5F, 0xED, 0x53, 0xF3, 0x76, 0x29,
    0xFD, 0x26, 0xBF, 0x73, 0xF0, 0xA5, 0x82, 0xBB, 0xFA, 0xDC, 0xBD, 0x0B, 0xD2, 0xF3, 0x8A, 0x10,
    0x19, 0xC4, 0x9E, 0xCA, 0x5B, 0xCB, 0xA6, 0xE4, 0xEF, 0x54, 0xE2, 0x43, 0x1B, 0xE4, 0x38, 0x4D,
    0x1B, 0x07, 0xE5, 0x79, 0xE5, 0x60, 0x55, 0x21, 0x04, 0xAA, 0xCA, 0x42, 0x98, 0x69, 0x57, 0xC3,
    0x9E, 0xEC, 0x94, 0x40, 0x5E, 0xFF, 0x05, 0xBD, 0xE4, 0x63, 0xA2, 0x82, 0xC6, 0xBB, 0x33, 0xB7,
    0x44, 0xD7, 0x71, 0x4B, 0xFE, 0x17, 0x99, 0xFF, 0x65, 0xC6, 0x39, 0xD2, 0x59, 0x9A, 0x61, 0x89,
    0xA8, 0x41, 0x30, 0x7A, 0x09, 0x33, 0xFE, 0x4C, 0xED, 0xE3, 0x82, 0xF7, 0xB0, 0x44, 0xE1, 0x77,
    0x5A, 0x7C, 0xA5, 0x2E, 0x9E, 0xA7, 0xA5, 0x85, 0x69, 0xA5, 0x39, 0x3D, 0x57, 0x3E, 0x74, 0x82,
    0x17, 0x0B, 0xAA, 0x8E, 0x9A, 0x2E, 0xC9, 0x9C, 0x76, 0x77, 0x34, 0x7F, 0x14, 0x43, 0x4F, 0xEE,
    0xF8, 0xE8, 0xC0, 0xE3, 0x5B, 0xC7, 0xC7, 0xA9, 0x74, 0xF4, 0x98, 0x21, 0x85, 0x73, 0xFD, 0x6E,
    0xCD, 0x18, 0x7B, 0xC0, 0xD7, 0x96, 0xF6, 0x43, 0x85, 0xE1, 0xAF, 0x04, 0x88, 0x8B, 0x5B, 0x48,
    0xB5, 0xF7, 0x14, 0x60, 0xCF, 0x15, 0xAE, 0xE3, 0x4F, 0xFF, 0xFD, 0x64, 0x48, 0xE2, 0x8B, 0xA7,
    0xDF, 0x20, 0x61, 0xFD, 0xF2, 0xF1, 0x77, 0x9A, 0xA2, 0xAF, 0x3F, 0x47, 0x1D, 0x7E, 0x7B, 0xEB,
    0x75, 0x0D, 0xE7, 0x99, 0x01, 0xFC, 0xC0, 0x3D, 0x82, 0x81, 0x6F, 0x58, 0x33, 0xBC, 0xD6, 0xEA,
    0xC4, 0x38, 0x58, 0xF0, 0x07, 0x06, 0x76, 0xA3, 0x7C, 0x32, 0x68, 0x8F, 0x00, 0xBC, 0x55, 0x6F,
    0xA5, 0x1F, 0x34, 0x48, 0xE9, 0x02, 0x40, 0x78, 0x19, 0x8E, 0x84, 0x4A, 0xAE, 0xFE, 0x31, 0x2E,
    0xE2, 0xDF, 0x5D, 0x4B, 0x32, 0xF1, 0x95, 0xC0, 0xB2, 0x7C, 0x2D, 0x72, 0x8A, 0xFE, 0x13, 0xC1,
    0x8F, 0x8F, 0x42, 0xEC, 0x6A, 0x83, 0xCA, 0x6F, 0xC6, 0x3E, 0x1D, 0x83, 0x33, 0xDE, 0x0A, 0xFE,
    0x31, 0x20, 0xAF, 0x83, 0x32, 0x7D, 0xFB, 0x0D, 0x47, 0x66, 0x80, 0x40, 0x58, 0x53, 0x04, 0xA8,
    0x6F, 0x80, 0xE5, 0x5E, 0x3B, 0x80, 0xCE, 0x82, 0x59, 0x81, 0x24, 0x1D, 0x4D, 0x5D, 0x50, 0x54,
    0xD1, 0x63, 0x0E, 0x8A, 0xAB, 0xB4, 0xDC, 0xA7, 0xBE, 0xA4, 0x91, 0xCC, 0x9A, 0xF8, 0x93, 0xA1,
    0x78, 0xAC, 0xA3, 0xA7, 0x35, 0xD2, 0x92, 0x80, 0xCF, 0x01, 0x0B, 0x5E, 0xCC, 0xD2, 0x06, 0xA7,
    0x86, 0x8F, 0x28, 0x10, 0x35, 0xDC, 0x11, 0x83, 0x5F, 0x61, 0x25, 0xB0, 0x3E, 0xFE, 0x13, 0xBD,
    0x8F, 0xB8, 0xE6, 0x15, 0x0A, 0x88, 0x0D, 0x21, 0xEA, 0x51, 0x87, 0x10, 0x72, 0x33, 0x42, 0xB9,
    0x00, 0x80, 0x82, 0xF4, 0x93, 0xBF, 0x37, 0x2A, 0x87, 0x26, 0x3D, 0xFB, 0x00, 0x6D, 0xF9, 0xC1,
    0xCE, 0x7D, 0xE7, 0x8D, 0x0F, 0xC1, 0x83, 0xE5, 0xB5, 0xCC, 0x1E, 0xF6, 0x57, 0xB6, 0x11, 0xE7,
    0xB0, 0xFE, 0x90, 0xF3, 0x17, 0xF8, 0x5B, 0xF9, 0x6C, 0x25, 0x37, 0x75, 0x7E, 0xE8, 0x5B, 0xC7,
    0xAC, 0xEC, 0x06, 0x1C, 0xA6, 0x3D, 0xBB, 0x3F, 0x53, 0xF1, 0x7A, 0x2B, 0x48, 0xCD, 0x3A, 0xBB,
    0xC9, 0xA0, 0x3C, 0x1D, 0xC7, 0x68, 0x24, 0x1B, 0xF9, 0xFB, 0x9C, 0x8E, 0xBB, 0xFE, 0x0F, 0xBD,
    0x59, 0x31, 0x70, 0xDC, 0xC6, 0x15, 0xFD, 0x0B, 0x88, 0x44, 0x26, 0x57, 0x80, 0x85, 0x38, 0x93,
    0xF1, 0x4C, 0x8C, 0x26, 0x45, 0x46, 0xC9, 0x08, 0x4D, 0x9A, 0xCC, 0x38, 0x04, 0x98, 0xC6, 0xA5,
    0x54, 0xF0, 0x26, 0x45, 0x0A, 0xA9, 0x70, 0x63, 0x35, 0xAC, 0x33, 0x63, 0x1D, 0x60, 0xA5, 0x70,
    0x19, 0x56, 0x69, 0x5C, 0x98, 0x85, 0x0A, 0xE9, 0x54, 0xD0, 0x85, 0x8A, 0x64, 0x46, 0xBA, 0xC3,
    0xC8, 0x85, 0x0B, 0x15, 0x39, 0xC7, 0xA3, 0x71, 0x19, 0x24, 0xB6, 0x54, 0x50, 0x85, 0x90, 0x04,
    0x51, 0xA0, 0x10, 0x87, 0xCD, 0x7B, 0x1F, 0xE0, 0xF1, 0x48, 0x89, 0x12, 0x49, 0x5D, 0x42, 0xEE,
    0x7E, 0xF0, 0x0E, 0x8B, 0xFD, 0x7F, 0xFF, 0xFE, 0x7D, 0xFF, 0x7D, 0x50, 0x44, 0x82, 0xCC, 0xD8,
    0x2A, 0x4C, 0x7B, 0xD6, 0x26, 0x12, 0xBE, 0x18, 0x37, 0x12, 0xA5, 0x7E, 0x29, 0x89, 0x78, 0x85,
    0x8C, 0xC4, 0x2D, 0xA5, 0x39, 0x2C, 0xC6, 0x14, 0x7A, 0x17, 0xE3, 0x72, 0x09, 0xFF, 0x33, 0xCE,
    0x04, 0xCF, 0xC6, 0x82, 0x59, 0x64, 0xFE, 0xC7, 0xD4, 0x72, 0x6D, 0xBD, 0x72, 0xED, 0xBF, 0x0B,
    0xDF, 0xDA, 0x49, 0x98, 0x59, 0x89, 0xE2, 0x04, 0x3D, 0x12, 0xFD, 0xC5, 0x35, 0x4C, 0xC7, 0x12,
    0x3C, 0x99, 0xE2, 0xF1, 0x0A, 0x4F, 0x4F, 0xF6, 0x1F, 0xF4, 0xF2, 0x48, 0xFC, 0x87, 0x13, 0x88,
    0xBF, 0x64, 0x10, 0x16, 0x23, 0x61, 0x10, 0x44, 0xF6, 0x26, 0x11, 0x87, 0x99, 0x84, 0x8F, 0x61,
    0x8B, 0x6F, 0x1B, 0x18, 0x60, 0xCB, 0x43, 0x06, 0xC9, 0xA8, 0x2F, 0x1B, 0xF5, 0x48, 0x1A, 0x74,
    0x5B, 0xE0, 0x1A, 0x8F, 0xA4, 0x96, 0xF9, 0x3E, 0x76, 0x6A, 0x49, 0x3E, 0xAD, 0x25, 0xB2, 0xB5,
    0xF8, 0xF5, 0x47, 0x72, 0xE4, 0xE7, 0x9E, 0x9F, 0xF2, 0x12, 0x8E, 0xF5, 0x93, 0x5F, 0xB7, 0xCB,
    0xBC, 0xBC, 0x7F, 0x3B, 0xB2, 0x5B, 0xAE, 0xB5, 0x45, 0x64, 0x2B, 0xBD, 0xDC, 0xB1, 0xCE, 0x70,
    0x07, 0xAB, 0x18, 0xC7, 0x12, 0x62, 0x1D, 0x30, 0x0D, 0xAB, 0x87, 0xB7, 0x65, 0xAA, 0xD6, 0x3A,
    0x95, 0x5E, 0xE8, 0x47, 0x5C, 0xFC, 0x89, 0xDE, 0x8B, 0x52, 0xBA, 0x26, 0x4D, 0x30, 0x19, 0x9E,
    0x83, 0x82, 0xE8, 0x4E, 0xE3, 0x36, 0xC3, 0xED, 0xFD, 0x39, 0x6D, 0xCA, 0xCB, 0x9C, 0x8F, 0xCB,
    0x90, 0x6A, 0x65, 0x40, 0x9B, 0x2B, 0x09, 0x31, 0xD9, 0x1D, 0x2B, 0x4B, 0x31, 0x1F, 0x5F, 0xEF,
    0xF7, 0x71, 0x09, 0x1F, 0x58, 0xCB, 0xA9, 0xDB, 0x0B, 0x9C, 0x54, 0xEB, 0xC5, 0x6D, 0x1D, 0xDA,
    0xCB, 0x55, 0x6D, 0x90, 0xA9, 0xDA, 0x48, 0x9F, 0x8B, 0x1B, 0x55, 0xEB, 0x4C, 0xFB, 0xD2, 0xAA,
    0x95, 0x56, 0xED, 0x4C, 0xE9, 0xC0, 0x9B, 0xDC, 0x83, 0x74, 0xF6, 0x60, 0xC8, 0x40, 0xB0, 0xFD,
    0x90, 0xAB, 0x22, 0xB7, 0x06, 0x4B, 0xFD, 0x0D, 0xCF, 0x8E, 0x7C, 0x5B, 0xC3, 0xFD, 0x3E, 0x62,
    0x2A, 0x43, 0xC0, 0x14, 0x51, 0x3C, 0x10, 0x7F, 0x42, 0x19, 0xA6, 0x11, 0x46, 0x32, 0x04, 0x06,
    0xB4, 0x22, 0x1D, 0xC1, 0x88, 0xE0, 0x49, 0xD3, 0xFB, 0xD7, 0x86, 0x8E, 0xAF, 0xDD, 0x66, 0x0D,
    0xB2, 0xF3, 0xA5, 0x48, 0x72, 0xAA, 0x3E, 0xDC, 0x4E, 0x22, 0x5B, 0x68, 0xC7, 0xE3, 0xE8, 0xAB,
    0x58, 0x46, 0x88, 0xD9, 0x42, 0x04, 0x01, 0x1C, 0x22, 0x72, 0x1D, 0xE3, 0x46, 0x51, 0x7B, 0xE5,
    0xFC, 0xFD, 0xEE, 0xF3, 0xF1, 0x7D, 0xB8, 0x3D, 0xC2, 0x7C, 0xDA, 0x19, 0x3D, 0x6D, 0xFF, 0xFE,
    0x14, 0x47, 0x06, 0xF3, 0x22, 0xF6, 0xE9, 0x0B, 0xA7, 0x18, 0xB8, 0xE5, 0xC0, 0x2D, 0x06, 0xF8,
    0xDB, 0x5C, 0xE6, 0x1F, 0xAF, 0x6D, 0xD2, 0xB6, 0xCD, 0x42, 0xC6, 0xB9, 0x8C, 0x19, 0x4E, 0x51,
    0xE6, 0x14, 0x7E, 0x16, 0x15, 0x2A, 0x4B, 0x95, 0x35, 0xE5, 0x5A, 0xA3, 0x32, 0x51, 0x19, 0xDE,
    0xA0, 0xF4, 0x1F, 0x50, 0xF6, 0xFE, 0x41, 0xE9, 0x3E, 0xA7, 0x34, 0x0D, 0x25, 0xA2, 0x99, 0x32,
    0x51, 0x19, 0xAA, 0xF4, 0x21, 0x35, 0x48, 0x29, 0x4D, 0x42, 0xE9, 0x59, 0x7A, 0xC1, 0x9B, 0xCE,
    0x05, 0xAD, 0x9F, 0x52, 0x7B, 0xD0, 0x6A, 0x4F, 0xA9, 0x1D, 0xF6, 0x40, 0xFB, 0x52, 0x4C, 0xED,
    0x81, 0x6A, 0x0F, 0x54, 0x7B, 0xA0, 0xDA, 0x03, 0xD5, 0x1E, 0xA8, 0xF6, 0x40, 0xB5, 0x07, 0xAA,
    0x3D, 0x50, 0xED, 0x81, 0x6A, 0x0F, 0x54, 0x7B, 0xA0, 0xDA, 0xE7, 0xA4, 0xA3, 0x8B, 0x75, 0x35,
    0x8A, 0xDC, 0xE9, 0x41, 0x04, 0x7B, 0x3C, 0xF6, 0xEA, 0x4B, 0xAF, 0x05, 0x80, 0xF3, 0xEF, 0xC4,
    0x4B, 0xF1, 0x75, 0x5B, 0xF4, 0xF2, 0xC4, 0xD6, 0x10, 0x1F, 0x53, 0xC8, 0xBE, 0x18, 0xBC, 0x56,
    0xE0, 0x71, 0x15, 0x3E, 0xA7, 0xDA, 0x99, 0x10, 0x02, 0xA0, 0xDB, 0x34, 0x07, 0xEA, 0x9C, 0x62,
    0x0D, 0xBB, 0x08, 0xA0, 0x8A, 0x8A, 0x2E, 0x2C, 0xB8, 0x05, 0x18, 0x99, 0xE0, 0xF3, 0x18, 0x7D,
    0x5A, 0x8A, 0xA9, 0x6A, 0x71, 0xCA, 0x1A, 0xFB, 0x34, 0x02, 0xCC, 0x45, 0x98, 0x92, 0x28, 0x64,
    0xD3, 0xC0, 0xDA, 0x2C, 0x7A, 0x74, 0x05, 0xB1, 0xEC, 0xE7, 0x04, 0x40, 0x85, 0x43, 0x68, 0xCC,
    0x2A, 0x1E, 0x05, 0x68, 0xC2, 0x21, 0xB8, 0x16, 0xFB, 0xB6, 0xF0, 0x9E, 0x56, 0x06, 0xE8, 0x27,
    0xF5, 0xB2, 0xAD, 0x83, 0xA6, 0x8E, 0xE2, 0x3A, 0x92, 0x3A, 0xFA, 0xA4, 0x06, 0xAC, 0xCC, 0x50,
    0x65, 0xCD, 0x9B, 0xF8, 0xCF, 0x62, 0x0F, 0xA6, 0x6D, 0xA8, 0x8F, 0x38, 0x7D, 0x0C, 0xC7, 0x00,
    0x16, 0x8E, 0x6B, 0xB8, 0x8B, 0x31, 0x18, 0x49, 0x0C, 0x72, 0x73, 0xFF, 0x59, 0x4A, 0x77, 0x6E,
    0xB0, 0x99, 0xEA, 0x0D, 0xED, 0x60, 0xED, 0xF5, 0xA1, 0xB5, 0x13, 0xB4, 0x89, 0xDE, 0x00, 0xFE,
    0x8C, 0x78, 0xCE, 0x75, 0x11, 0xF5, 0x9B, 0xB9, 0x4E, 0xC4, 0xE7, 0xF7, 0xBC, 0x4F, 0xB8, 0xE7,
    0xF8, 0x79, 0xB0, 0x27, 0x1C, 0x18, 0x82, 0x01, 0xA1, 0x00, 0x3E, 0x80, 0x13, 0xB0, 0xD1, 0x85,
    0xF0, 0x30, 0x13, 0x03, 0x5E, 0x86, 0xFD, 0x44, 0x82, 0xAF, 0x5E, 0x82, 0x7D, 0x71, 0xF7, 0xE7,
    0x49, 0xF0, 0xDD, 0x6A, 0xDC, 0xE1, 0x80, 0x9F, 0x9D, 0xB8, 0xA7, 0x61, 0x46, 0xF4, 0x27, 0xF8,
    0xCF, 0x61, 0xBF, 0xFF, 0x71, 0xE1, 0xEE, 0x4D, 0x0C, 0xA2, 0x7F, 0x55, 0x90, 0x00, 0x80, 0xF3,
    0x2F, 0x37, 0x00, 0x3F, 0x70, 0x7F, 0xB6, 0x3F, 0xA6, 0x7F, 0x59, 0x1C, 0xCC, 0xC0, 0xAB, 0x6C,
    0x6D, 0x8B, 0xF9, 0x3B, 0x66, 0xCB, 0x8B, 0x85, 0x58, 0xD4, 0xB3, 0x93, 0x9E, 0x2E, 0xDA, 0xFB,
    0x32, 0xEB, 0x7D, 0x99, 0x19, 0x13, 0x9F, 0xD0, 0xA8, 0xD6, 0x47, 0x15, 0xF3, 0x23, 0x16, 0x15,
    0x2F, 0xDC, 0x30, 0x59, 0xDE, 0x6A, 0x33, 0xA9, 0x7C, 0x70, 0x26, 0xDB, 0x9C, 0xFC, 0xAE, 0x10,
    0xD5, 0xB0, 0xBF, 0x0B, 0xB7, 0x6D, 0x49, 0xB6, 0xBC, 0x6F, 0xC0, 0x53, 0x18, 0xEB, 0x67, 0xB2,
    0x8D, 0xD1, 0x7A, 0x9F, 0xE7, 0x4C, 0x16, 0x6E, 0xDB, 0x72, 0x4A, 0x32, 0xC4, 0x33, 0xF6, 0xE3,
    0x53, 0xDB, 0x66, 0x6E, 0xE3, 0x48, 0xE7, 0xC1, 0x4E, 0x45, 0xB6, 0x24, 0xD3, 0x0B, 0xC3, 0x26,
    0xB2, 0x4D, 0x34, 0x9C, 0x02, 0x2F, 0xC2, 0x1B, 0x48, 0xA3, 0x85, 0xA3, 0xA7, 0x5D, 0xFA, 0x38,
    0xE5, 0x4C, 0x8D, 0xBC, 0x5E, 0xBD, 0x2A, 0x52, 0x42, 0xDB, 0xE7, 0x77, 0xDF, 0x1A, 0xBD, 0x5C,
    0x9B, 0xBB, 0x4A, 0x27, 0xDC, 0xAF, 0x27, 0xEE, 0xD7, 0xB9, 0xC4, 0xF1, 0x49, 0x01, 0x4C, 0x0D,
    0x82, 0x11, 0xC3, 0x9B, 0xC8, 0x88, 0x9A, 0x49, 0x10, 0xD9, 0x0B, 0x81, 0x53, 0x18, 0x04, 0xB3,
    0xE4, 0x1C, 0x20, 0x52, 0xDB, 0xB9, 0x13, 0x83, 0xAA, 0xC3, 0xA5, 0xB4, 0xEB, 0xE9, 0xEF, 0x93,
    0x32, 0x60, 0x55, 0x4D, 0x6D, 0x35, 0xFC, 0xBC, 0x7B, 0x53, 0x22, 0xE6, 0xC3, 0x01, 0xC5, 0x7D,
    0x0A, 0x78, 0xB8, 0x74, 0x4A, 0x08, 0xB7, 0x0C, 0x76, 0xB7, 0x31, 0x36, 0xE3, 0xD8, 0x4C, 0x82,
    0x47, 0x9B, 0x64, 0x93, 0xFE, 0xEE, 0xCD, 0x84, 0x28, 0x36, 0x55, 0x28, 0xEB, 0x31, 0x97, 0xE8,
    0xD1, 0x35, 0x7D, 0xB0, 0xDD, 0xE1, 0xFA, 0x6D, 0x7C, 0xFD, 0xCC, 0xA6, 0xDE, 0x53, 0xBB, 0x93,
    0x8B, 0x99, 0x22, 0xAD, 0x9B, 0xDA, 0x29, 0x97, 0xAD, 0xB5, 0x65, 0xB0, 0x07, 0x11, 0xA5, 0xC4,
    0x5A, 0x83, 0x64, 0x17, 0xBD, 0x6F, 0xD7, 0xB7, 0x43, 0x0C, 0xCE, 0x7B, 0x8D, 0x37, 0x87, 0x78,
    0x02, 0xB6, 0xED, 0x81, 0x59, 0x05, 0x2F, 0x36, 0xC1, 0x03, 0xE0, 0x35, 0x78, 0x90, 0xE4, 0x72,
    0x84, 0x5C, 0x8D, 0x81, 0xE9, 0x68, 0x79, 0x9C, 0x8E, 0xCC, 0xE6, 0x56, 0x82, 0x55, 0x45, 0x37,
    0xC6, 0x79, 0xF8, 0x5D, 0x42, 0x9E, 0x9E, 0x1A, 0xDB, 0xA5, 0xB4, 0x5B, 0xAB, 0xB0, 0x68, 0x80,
    0xB5, 0x35, 0x1D, 0xD2, 0x0E, 0x0E, 0xF5, 0xF0, 0xAB, 0x46, 0xA9, 0xB0, 0xD7, 0x80, 0xB8, 0xAC,
    0x0C, 0x48, 0x51, 0x33, 0xB2, 0xB9, 0x1F, 0xFE, 0x92, 0xA9, 0xA4, 0x6A, 0x57, 0x33, 0x9F, 0x19,
    0x9B, 0x23, 0x99, 0xF1, 0x38, 0xFB, 0x4C, 0x5F, 0xD4, 0x3E, 0x76, 0xC5, 0x73, 0x70, 0xBB, 0x34,
    0x4C, 0x91, 0x45, 0x0E, 0xDB, 0xA7, 0xC9, 0x81, 0xD9, 0x71, 0xAC, 0xD9, 0xF1, 0xD6, 0xAA, 0x67,
    0x07, 0x30, 0x08, 0xB6, 0xC2, 0x3C, 0x36, 0x59, 0xA3, 0x4C, 0x47, 0xC1, 0x63, 0x30, 0x40, 0x50,
    0x5D, 0xD2, 0x28, 0x98, 0xF1, 0xEE, 0xA7, 0x35, 0xEC, 0xEB, 0x81, 0xD9, 0x1E, 0xA4, 0x18, 0x67,
    0x3E, 0xC5, 0xE8, 0xB9, 0x05, 0x63, 0x45, 0x4D, 0x12, 0x81, 0xB4, 0x47, 0xA4, 0xD1, 0xE4, 0xD0,
    0x24, 0xD0, 0x63, 0xAE, 0xB3, 0x5B, 0xEB, 0xA5, 0x49, 0x7B, 0xCF, 0x25, 0xDB, 0x26, 0xF1, 0x1E,
    0xEB, 0x73, 0x4A, 0xE3, 0x81, 0xA3, 0xC8, 0xA1, 0x2D, 0x27, 0xD9, 0xE8, 0xF8, 0x74, 0xA5, 0x75,
    0xCB, 0x5C, 0x37, 0x1B, 0xA6, 0xEE, 0x15, 0xA6, 0x0E, 0x33, 0x53, 0x8F, 0xC5, 0xBC, 0xA8, 0xF5,
    0xDC, 0x1B, 0xCB, 0x2B, 0x30, 0x00, 0x71, 0x68, 0x6A, 0x54, 0x50, 0x3A, 0xC6, 0xAD, 0xDE, 0x3A,
    0xA5, 0x12, 0xD7, 0xDF, 0xC5, 0x24, 0x17, 0x69, 0x20, 0x36, 0xA7, 0x37, 0x39, 0x7D, 0x3A, 0xE5,
    0xB3, 0x3C, 0x10, 0x7F, 0x20, 0x11, 0xC6, 0x52, 0xC3, 0xB8, 0x3D, 0xAB, 0x0A, 0x20, 0x97, 0xDF,
    0x3E, 0xED, 0xF7, 0xE6, 0x6C, 0x0C, 0x72, 0xB5, 0x91, 0x47, 0x4F, 0x4F, 0x1E, 0xE7, 0x3F, 0x8B,
    0xBD, 0xEF, 0xB1, 0xBC, 0xEA, 0xEC, 0x0D, 0xE2, 0x36, 0x6D, 0x97, 0xB3, 0xB4, 0xAD, 0xC5, 0x15,
    0x4F, 0xFA, 0x85, 0x1D, 0x94, 0x0C, 0x13, 0xC4, 0x21, 0x4E, 0x95, 0xDB, 0xC4, 0xAE, 0x2D, 0xCD,
    0xAF, 0x09, 0x9C, 0xCA, 0xCC, 0xA7, 0xBF, 0xF9, 0x55, 0x9D, 0xD8, 0x32, 0xDC, 0x8F, 0x1A, 0x26,
    0xFE, 0xA7, 0xDD, 0x0C, 0xAB, 0xFD, 0x8D, 0x76, 0x06, 0xE9, 0x15, 0x2C, 0xC5, 0x46, 0x82, 0xA8,
    0x71, 0x59, 0xD7, 0x14, 0xE2, 0x11, 0x55, 0x74, 0x92, 0x29, 0x36, 0x74, 0x70, 0xA7, 0x4A, 0x6C,
    0x11, 0xDA, 0xEE, 0x04, 0x20, 0x4A, 0x4E, 0x45, 0xB4, 0x8C, 0x52, 0xB5, 0x9F, 0x54, 0x3C, 0x46,
    0x51, 0xF6, 0x7F, 0x2D, 0x0B, 0xA3, 0x76, 0xE1, 0x51, 0x4B, 0xCD, 0x58, 0x08, 0xEA, 0x29, 0xF9,
    0x5F, 0x14, 0x82, 0x83, 0xB6, 0x10, 0x3C, 0x2A, 0x17, 0x5A, 0x02, 0xCE, 0xF8, 0x0E, 0x29, 0x3D,
    0x63, 0xE2, 0x9C, 0x2C, 0x0A, 0x94, 0x98, 0x69, 0x5A, 0xAA, 0x73, 0xFE, 0x8C, 0xA0, 0xC4, 0x60,
    0x3E, 0x22, 0x36, 0x28, 0xEA, 0x56, 0xC0, 0xBC, 0x4E, 0x0C, 0xC7, 0xFB, 0xDF, 0x75, 0x82, 0x79,
    0x2B, 0xFC, 0xA6, 0x66, 0x0E, 0x2C, 0x23, 0x99, 0xCF, 0x06, 0xBF, 0x40, 0xF9, 0xBE, 0x36, 0x86,
    0x5B, 0x9E, 0xE3, 0xD0, 0x64, 0x73, 0x87, 0x46, 0x7F, 0x19, 0x25, 0x1D, 0xD8, 0xF5, 0xB0, 0x67,
    0x49, 0xCE, 0xDD, 0x90, 0x68, 0xDA, 0xE6, 0xDB, 0xAE, 0xA6, 0x3D, 0xD4, 0x67, 0x3F, 0x49, 0x57,
    0x84, 0xB9, 0x4C, 0x8D, 0x2D, 0x00, 0xB0, 0xEE, 0x63, 0xD5, 0xC7, 0x9A, 0x8F, 0x15, 0x1F, 0xEB,
    0x3D, 0x56, 0x7B, 0xAC, 0xF5, 0x58, 0xE9, 0xB1, 0xCE, 0x63, 0x95, 0xC7, 0x1A, 0x8F, 0x15, 0x1E,
    0xEB, 0x3B, 0x56, 0x77, 0xAC, 0xED, 0xBA, 0x6D, 0x81, 0xE6, 0x10, 0x48, 0xC2, 0x82, 0x0D, 0xE5,
    0x1A, 0x8A, 0x35, 0x94, 0x6A, 0xA8, 0xD1, 0xD0, 0x06, 0x2F, 0xB5, 0xD9, 0x5E, 0x92, 0x27, 0x2C,
    0x75, 0x1C, 0xE1, 0x67, 0x45, 0xDB, 0xA3, 0x7C, 0x8E, 0x2F, 0x54, 0xCA, 0x17, 0xDC, 0xF2, 0xBE,
    0xB0, 0xA6, 0xEE, 0xB8, 0x42, 0x4C, 0xAE, 0x10, 0xEE, 0xEE, 0x64, 0x47, 0xB8, 0x02, 0x0B, 0xBD,
    0x35, 0xDD, 0x44, 0x9C, 0xA6, 0x6F, 0x33, 0xF9, 0x5B, 0xC6, 0x9A, 0xFA, 0x55, 0x65, 0x58, 0x38,
    0x63, 0x0C, 0xEF, 0xD7, 0xE1, 0x21, 0x46, 0x2D, 0x44, 0x04, 0xF8, 0x87, 0x39, 0x61, 0x8D, 0x1F,
    0x57, 0x64, 0xF1, 0xDC, 0xA1, 0xFD, 0xD1, 0x42, 0x58, 0x77, 0x46, 0x4F, 0x28, 0xE2, 0x76, 0x31,
    0x2C, 0x82, 0x37, 0xB9, 0xB7, 0xFB, 0xCE, 0x15, 0x03, 0xA0, 0xDE, 0x23, 0x60, 0xA7, 0x2D, 0xC0,
    0x47, 0x70, 0x9A, 0x2D, 0x46, 0xE6, 0x9F, 0x65, 0xE3, 0x7E, 0x51, 0x36, 0xFE, 0x6F, 0xCB, 0x26,
    0x70, 0xCB, 0xD1, 0x7B, 0x00, 0xF8, 0x0A, 0x00, 0x5F, 0xB4, 0x00, 0xDF, 0x3A, 0xBA, 0x92, 0xEF,
    0xCD, 0x3B, 0x86, 0x7E, 0xB9, 0xDE, 0x79, 0xE5, 0xDA, 0x07, 0x80, 0xCC, 0xBA, 0x05, 0xF6, 0x07,
    0x0D, 0xED, 0x81, 0x53, 0x10, 0x97, 0x17, 0x11, 0x9F, 0xF7, 0x10, 0xD5, 0xE5, 0x48, 0x82, 0xE7,
    0x2D, 0xB0, 0xFB, 0xB0, 0xCF, 0xEC, 0x17, 0x60, 0x7F, 0xCA, 0x84, 0xEC, 0x52, 0x0A, 0xCC, 0xB7,
    0xB2, 0xB2, 0x08, 0x92, 0x18, 0xE1, 0xEE, 0xEF, 0x52, 0xF7, 0x8B, 0xEC, 0x14, 0x94, 0x55, 0x4F,
    0x42, 0xAE, 0xA9, 0xD0, 0x99, 0x20, 0xDF, 0xC4, 0xE7, 0x16, 0x61, 0x89, 0x68, 0x0E, 0xE9, 0xA5,
    0x9F, 0x1B, 0xB8, 0xE8, 0xC4, 0x96, 0x1C, 0xB2, 0x1F, 0x1E, 0xB2, 0x15, 0xDB, 0xEE, 0x4D, 0x04,
    0x56, 0xD7, 0x6C, 0xC1, 0xB6, 0xBB, 0x7D, 0xF0, 0x0D, 0xEE, 0xEA, 0xB0, 0xEE, 0xF1, 0x4B, 0x07,
    0xCB, 0x87, 0x01, 0xFE, 0x5E, 0x1D, 0xA6, 0xD3, 0x28, 0xBE, 0xCE, 0xFA, 0x01, 0x2D, 0x66, 0x15,
    0x16, 0xE4, 0x3F, 0xE8, 0xD9, 0x7A, 0x56, 0xAA, 0xBB, 0x24, 0x83, 0xD9, 0x45, 0x27, 0x3B, 0xC7,
    0xD0, 0x03, 0x7C, 0xE4, 0x6C, 0xC3, 0x2D, 0xC5, 0x2F, 0x6D, 0x58, 0x21, 0xDA, 0x30, 0x3D, 0xF8,
    0x06, 0x77, 0x75, 0xD8, 0xCB, 0x2B, 0x3D, 0xA1, 0x52, 0x98, 0x1A, 0x5C, 0x89, 0x51, 0x17, 0xB5,
    0x2B, 0xF5, 0x6C, 0xCE, 0xD0, 0x45, 0x76, 0x1D, 0xC9, 0xB1, 0xCD, 0xC6, 0x18, 0xE3, 0xA9, 0x52,
    0x3E, 0x7E, 0x29, 0xF6, 0xDA, 0x95, 0xAE, 0x2A, 0x0E, 0xBF, 0xBE, 0x21, 0x62, 0x2B, 0x49, 0x1A,
    0x29, 0x7D, 0x89, 0x35, 0x00, 0xF1, 0x77, 0x32, 0xE5, 0x0B, 0x64, 0xA4, 0x91, 0xE3, 0x1A, 0xDF,
    0x77, 0x4F, 0x39, 0x72, 0xF6, 0xF8, 0x5D, 0x5F, 0x56, 0x0C, 0x5F, 0x93, 0x81, 0x24, 0xBE, 0xBE,
    0xCD, 0x22, 0xFC, 0xDB, 0xC3, 0x11, 0xBE, 0x88, 0x37, 0x2B, 0x21, 0xA8, 0x9B, 0xFF, 0x10, 0x73,
    0xFF, 0x19, 0x31, 0x4A, 0xFF, 0x9D, 0xF1, 0xCD, 0x8A, 0x42, 0x2C, 0x9E, 0x71, 0xF2, 0x9F, 0xCE,
    0xE2, 0x7E, 0x11, 0xF6, 0x91, 0x8E, 0x2B, 0x83, 0x4A, 0xEF, 0x0A, 0xA3, 0xE2, 0xAC, 0xF6, 0x0D,
    0xB0, 0x71, 0x21, 0x4A, 0xF3, 0xDE, 0x27, 0x59, 0xBB, 0x4E, 0x0D, 0x4F, 0x64, 0x37, 0xCB, 0x17,
    0xDA, 0xC8, 0x78, 0x86, 0x64, 0xA5, 0xEB, 0x5E, 0xD5, 0x7E, 0x4F, 0x7A, 0x7F, 0x65, 0x8E, 0xDE,
    0xEB, 0x18, 0xA5, 0xF7, 0xF1, 0x91, 0xC0, 0x31, 0xEB, 0xDB, 0xDE, 0xC3, 0xC2, 0xC3, 0xD1, 0x9C,
    0x5E, 0xC6, 0x68, 0xB6, 0x57, 0x6E, 0xA3, 0x83, 0xB0, 0x64, 0x49, 0xE4, 0xAF, 0x17, 0x20, 0x1B,
    0x2B, 0x8B, 0x30, 0x03, 0xD1, 0x14, 0xED, 0x47, 0xD3, 0xF9, 0x77, 0xE4, 0xA3, 0xB1, 0x24, 0x56,
    0x92, 0x47, 0x4C, 0xC9, 0xC9, 0xAB, 0xC3, 0x17, 0xCF, 0x7C, 0x96, 0xF2, 0x45, 0x82, 0x98, 0xBF,
    0x1E, 0x44, 0xD3, 0x02, 0xDE, 0x83, 0x5D, 0x07, 0xFD, 0x0A, 0xE1, 0xE2, 0x14, 0x1E, 0x39, 0xCD,
    0x2B, 0xA7, 0x64, 0xA2, 0xB3, 0xB8, 0xC0, 0x4C, 0xD3, 0x71, 0xB0, 0x05, 0x58, 0x03, 0x5F, 0xC3,
    0xD5, 0xBE, 0xC9, 0x01, 0x46, 0x27, 0xB7, 0xC6, 0xB1, 0x39, 0x32, 0x6E, 0xF8, 0xA4, 0x20, 0x43,
    0x8D, 0x59, 0x21, 0xF9, 0x28, 0x04, 0xB0, 0x05, 0x00, 0x70, 0x8F, 0xCC, 0x7B, 0xC5, 0x54, 0x6B,
    0x9F, 0x96, 0x11, 0x09, 0xBC, 0x16, 0x79, 0x1F, 0x6A, 0x59, 0x81, 0x88, 0xDD, 0xE6, 0xBB, 0x16,
    0x64, 0xA5, 0xE8, 0x4E, 0x16, 0x29, 0xE6, 0x07, 0x64, 0x91, 0x99, 0x6C, 0x4E, 0xB0, 0xFB, 0x3F,
    0x07, 0xC8, 0x83, 0x60, 0xB4, 0xFF, 0xE2, 0xB8, 0xC5, 0xF1, 0x06, 0x69, 0x78, 0x4B, 0xC6, 0xB6,
    0x41, 0xBB, 0x66, 0x6F, 0xBF, 0x0E, 0xAD, 0x66, 0x0D, 0x3F, 0x17, 0xC0, 0xE2, 0xB4, 0xF8, 0xBA,
    0x2A, 0x6E, 0x26, 0x1E, 0x50, 0xFB, 0x31, 0x36, 0x3C, 0x46, 0x3B, 0xC0, 0xF1, 0x59, 0x7B, 0x0C,
    0x0F, 0xC4, 0x4E, 0x5B, 0x68, 0x40, 0x69, 0xD9, 0x29, 0x95, 0x16, 0x26, 0xF5, 0x9F, 0x50, 0xE1,
    0xEF, 0x1B, 0xB8, 0xBC, 0xFB, 0x8F, 0x06, 0xD3, 0xFC, 0x66, 0xD5, 0xBE, 0x98, 0x7C, 0xD1, 0xEC,
    0x13, 0xBD, 0xB8, 0xEB, 0xF8, 0x1B, 0xDF, 0xF5, 0x6A, 0x59, 0xD6, 0xA8, 0x84, 0x7F, 0xBE, 0x13,
    0xF9, 0x11, 0xDF, 0x4F, 0xDD, 0xE4, 0x47, 0xAC, 0x6F, 0x05, 0x85, 0x1A, 0x1A, 0xFF, 0xDF, 0x47,
    0xCD, 0xDE, 0x67, 0x19, 0x03, 0xDF, 0xD5, 0xD3, 0xE0, 0x4F, 0xCC, 0x38, 0xDB, 0x6C, 0xF8, 0xFE,
    0xEE, 0x8F, 0x07, 0x2C, 0x39, 0x47, 0xE6, 0x6F, 0xCA, 0x16, 0x3E, 0x96, 0xDE, 0xF0, 0x42, 0x96,
    0xE9, 0x91, 0x7D, 0xB8, 0x73, 0x6C, 0x28, 0x48, 0xFB, 0xE2, 0xFA, 0xD5, 0x55, 0xF7, 0xA1, 0xFE,
    0xA1, 0x98, 0x3D, 0x0B, 0x3B, 0x6D, 0x61, 0x1A, 0x8F, 0x95, 0x75, 0xDB, 0xAB, 0x57, 0xF7, 0xFF,
    0x02, 0x7D, 0x54, 0xCD, 0x8B, 0x1C, 0x45, 0x14, 0xFF, 0xF5, 0x7C, 0xD8, 0xDA, 0x6D, 0xEC, 0x39,
    0xCC, 0x40, 0xB2, 0x64, 0xB7, 0x83, 0x28, 0x4C, 0x24, 0xB3, 0x3D, 0x87, 0x41, 0x66, 0xA5, 0x7B,
    0xBB, 0xC8, 0x55, 0x08, 0x7D, 0xD8, 0x46, 0xCC, 0x25, 0x0B, 0x5E, 0xC2, 0x0A, 0x66, 0x0F, 0x8B,
    0x6C, 0xC4, 0x49, 0xD7, 0xFA, 0x07, 0xC8, 0xF8, 0x0F, 0xC8, 0x88, 0xCA, 0xE2, 0x1C, 0x92, 0x49,
    0x48, 0x70, 0xD1, 0xD9, 0xED, 0xBA, 0x05, 0x3D, 0x95, 0x07, 0x2F, 0x09, 0x48, 0x1D, 0xBC, 0x3B,
    0xC2, 0x0A, 0x8B, 0xCE, 0x4C, 0xF9, 0xAA, 0x47, 0xA3, 0xBB, 0x82, 0xF5, 0x7A, 0x98, 0xF7, 0x55,
    0xEF, 0xBD, 0x7A, 0xEF, 0x57, 0x05, 0x04, 0xC2, 0x55, 0xD6, 0x31, 0x6A, 0x80, 0x3B, 0xF1, 0xF9,
    0xBA, 0x61, 0x80, 0xF2, 0x14, 0xDE, 0x1C, 0xB1, 0xC7, 0xEB, 0x16, 0x73, 0x3F, 0x12, 0xB1, 0x16,
    0xB7, 0x73, 0xD4, 0x2A, 0xC8, 0x66, 0xD9, 0xAC, 0xB1, 0xB1, 0x35, 0xEC, 0x67, 0x5A, 0x36, 0x52,
    0x46, 0x9E, 0x0F, 0x3D, 0x64, 0x73, 0xF8, 0x27, 0x00, 0x43, 0xEF, 0xA8, 0x87, 0xDD, 0xD6, 0x78,
    0x7D, 0x37, 0xAA, 0x43, 0xB3, 0x1B, 0xC2, 0xA3, 0x70, 0xE7, 0x71, 0x01, 0x99, 0xB8, 0x2F, 0x1F,
    0xC8, 0x98, 0x57, 0x4C, 0x68, 0xF7, 0xA9, 0xF4, 0x6F, 0xF0, 0x28, 0x42, 0xAD, 0xC8, 0xB4, 0x6E,
    0x4B, 0xEF, 0x17, 0x56, 0x9E, 0x03, 0x1B, 0x40, 0x18, 0x86, 0x75, 0xE0, 0xB7, 0x89, 0xA1, 0x24,
    0x21, 0xEB, 0xE1, 0x21, 0xE2, 0x00, 0xDE, 0x9B, 0xCC, 0xB2, 0x50, 0x16, 0xB6, 0x7C, 0xF0, 0xF1,
    0x9D, 0x71, 0x70, 0x6C, 0x99, 0x8D, 0x36, 0x65, 0xD5, 0x2C, 0x2A, 0x8B, 0x1A, 0x98, 0x4D, 0xA9,
    0x3C, 0x16, 0xB0, 0x98, 0xF4, 0x1E, 0xF1, 0x3E, 0x0B, 0xB0, 0x4E, 0x7C, 0x8C, 0x80, 0xF9, 0xCC,
    0xE3, 0xB6, 0x38, 0xAD, 0x27, 0x0B, 0xF7, 0x64, 0x69, 0x62, 0x0E, 0xEB, 0xA9, 0x80, 0x1D, 0x22,
    0x81, 0xE5, 0x6A, 0xB7, 0xCA, 0x94, 0x56, 0x49, 0x2E, 0x1B, 0x12, 0x0B, 0xA2, 0x5D, 0xBE, 0xC8,
    0xD8, 0x0C, 0x7D, 0x3C, 0x1F, 0xEE, 0x74, 0x97, 0xE1, 0x10, 0xC5, 0xA2, 0xC1, 0x62, 0xE1, 0x33,
    0x07, 0x55, 0x22, 0x23, 0x1B, 0x3E, 0x23, 0x2D, 0x9D, 0x4E, 0x18, 0xF2, 0x45, 0xCE, 0x8F, 0x8A,
    0x3C, 0x27, 0x05, 0xCD, 0x90, 0xF3, 0x98, 0x03, 0xCD, 0xF9, 0x61, 0x7D, 0xD1, 0xA0, 0x7F, 0x37,
    0xE5, 0xB5, 0xDE, 0x87, 0x9B, 0x2F, 0xC1, 0x17, 0x65, 0x79, 0x8B, 0x72, 0x01, 0x16, 0x3C, 0xB4,
    0x10, 0x51, 0x5C, 0x57, 0x14, 0x2D, 0xC9, 0xE7, 0x5F, 0x5E, 0x1F, 0x38, 0x49, 0x75, 0xEF, 0xEA,
    0xFE, 0x93, 0xCB, 0x37, 0xCF, 0x36, 0x6D, 0x31, 0x2D, 0x8D, 0xA0, 0x98, 0x16, 0x89, 0x93, 0x62,
    0x24, 0x41, 0x31, 0x92, 0x33, 0x8D, 0x72, 0xF7, 0x44, 0xA0, 0x45, 0x37, 0x67, 0xCF, 0x66, 0x49,
    0x0E, 0x5A, 0x4F, 0xD2, 0x34, 0xD9, 0x1A, 0x32, 0xAD, 0xA9, 0x46, 0x0C, 0x87, 0x3C, 0xD7, 0xDC,
    0xFD, 0x44, 0x92, 0x67, 0x94, 0x19, 0xCF, 0x67, 0xF3, 0xCE, 0xB5, 0x9E, 0x9B, 0x5F, 0x23, 0x4D,
    0x37, 0x50, 0x41, 0xCF, 0x9E, 0x05, 0xF2, 0x0E, 0x5E, 0xA1, 0x0A, 0x84, 0xF9, 0x5C, 0x46, 0x95,
    0x63, 0x85, 0xE6, 0x58, 0x7C, 0x0F, 0xA9, 0x14, 0x58, 0x0A, 0x25, 0x79, 0xCA, 0xD8, 0x2A, 0x8C,
    0xB4, 0x2E, 0x85, 0xCB, 0x57, 0x76, 0x30, 0x70, 0x06, 0xCE, 0x37, 0x77, 0xB7, 0xBE, 0x4A, 0xD3,
    0xDF, 0xEF, 0x89, 0xF2, 0x8F, 0x6F, 0x69, 0x7D, 0xF9, 0xE6, 0xFE, 0x93, 0xBD, 0xAB, 0xC0, 0x1B,
    0xD4, 0xD7, 0x80, 0xBF, 0x6A, 0x6A, 0x6A, 0x6D, 0x77, 0x2F, 0x5E, 0xDC, 0x19, 0x9E, 0x2E, 0x91,
    0xA6, 0xC8, 0x3C, 0x41, 0x53, 0x24, 0xA4, 0x94, 0x8F, 0x3D, 0x19, 0xA3, 0x0E, 0x77, 0xCF, 0x94,
    0x1D, 0x16, 0x07, 0x4C, 0x66, 0x11, 0x25, 0x6A, 0xA0, 0x19, 0x37, 0x7B, 0xBD, 0x5E, 0x38, 0x0E,
    0x69, 0xDC, 0x27, 0x27, 0x3A, 0x43, 0xAE, 0xD5, 0xA3, 0x54, 0x8D, 0xA0, 0x12, 0x24, 0xFF, 0x89,
    0xF9, 0x37, 0xFA, 0x86, 0xEF, 0xDA, 0x36, 0xA9, 0x2B, 0x3F, 0x64, 0x3F, 0xED, 0x4F, 0x9F, 0x23,
    0xAE, 0xC4, 0x6D, 0x59, 0xE2, 0xF1, 0xB5, 0x6F, 0x67, 0xFD, 0x2F, 0xCA, 0x82, 0x4E, 0x64, 0x60,
    0x74, 0xED, 0x83, 0x69, 0xAD, 0x16, 0x7F, 0xFA, 0xFE, 0xD4, 0x40, 0xE9, 0xC5, 0x76, 0x36, 0x6B,
    0xED, 0x92, 0x3A, 0xEC, 0x35, 0x9B, 0xC8, 0x5D, 0x35, 0x1F, 0x00, 0xCE, 0xC0, 0x22, 0x74, 0x9C,
    0xA7, 0x26, 0xF1, 0x12, 0x4A, 0x0C, 0xDC, 0xE8, 0x3E, 0x07, 0xBE, 0x37, 0xFF, 0x46, 0x36, 0x7A,
    0x63, 0x37, 0x7E, 0x46, 0x67, 0xF6, 0xB1, 0x83, 0x95, 0x03, 0xF6, 0x42, 0xD4, 0x8D, 0xCE, 0xB9,
    0x2A, 0x9E, 0xEE, 0xAC, 0xBC, 0xF3, 0x5D, 0x91, 0xEF, 0x6E, 0x78, 0x64, 0xC1, 0x39, 0x38, 0x70,
    0x80, 0xC1, 0xEA, 0xEA, 0xC0, 0x54, 0xA0, 0x42, 0xB4, 0x42, 0x44, 0x43, 0xC8, 0xC7, 0x46, 0xEC,
    0x44, 0xE7, 0xA2, 0xCE, 0x78, 0x36, 0x26, 0x76, 0x01, 0xCC, 0x25, 0xC2, 0x40, 0xB5, 0x8A, 0xD5,
    0x3F, 0x78, 0x7B, 0x20, 0x3A, 0xBF, 0x0A, 0xFF, 0x9E, 0x01, 0x45, 0x6D, 0xA0, 0x9D, 0xE2, 0x36,
    0x9A, 0xEB, 0x60, 0x0B, 0xFF, 0x67, 0x2B, 0x63, 0xB6, 0xD6, 0x53, 0xE0, 0x96, 0xEE, 0xE3, 0x9F,
    0xF5, 0xBF, 0xD6, 0x4C, 0x6B, 0x79, 0x96, 0x77, 0xE7, 0xFD, 0x12, 0x41, 0x4C, 0xD3, 0x0C, 0xAA,
    0xB9, 0x5E, 0x3C, 0x26, 0x0B, 0x94, 0x52, 0xD3, 0x41, 0x41, 0x08, 0x8C, 0x1C, 0x01, 0x0F, 0x0B,
    0xCC, 0xFC, 0xB5, 0x96, 0x09, 0x82, 0x5A, 0xB3, 0x34, 0x4D, 0xDF, 0x33, 0x62, 0x05, 0x4B, 0xAC,
    0x2A, 0x03, 0xD9, 0x91, 0x31, 0xC5, 0x74, 0xD8, 0x9A, 0x8C, 0x55, 0x87, 0xEE, 0x07, 0x95, 0xBD,
    0xB9, 0x39, 0x1A, 0x8D, 0xB6, 0x8D, 0x6A, 0x5B, 0x75, 0x94, 0x51, 0x5D, 0xEA, 0xB7, 0x55, 0x9B,
    0xF8, 0x58, 0x01, 0x4B, 0x78, 0x04, 0x85, 0x11, 0xCC, 0x33, 0x40, 0xD8, 0x57, 0x17, 0xD4, 0x9A,
    0x32, 0x7E, 0x01, 0xD9, 0x6A, 0xE8, 0xE0, 0x75, 0xBE, 0x46, 0x92, 0xA1, 0xEB, 0x6F, 0xE3, 0xEB,
    0xA7, 0xB8, 0xFF, 0x18, 0x9F, 0x15, 0xDF, 0xCB, 0x74, 0xD0, 0x76, 0x41, 0x75, 0xE2, 0xD6, 0xD0,
    0x25, 0x0A, 0x0C, 0x42, 0x93, 0x8E, 0x6C, 0xD1, 0xBB, 0xE1, 0x52, 0x9A, 0x55, 0xE1, 0x31, 0x9F,
    0x77, 0xE4, 0x9F, 0xC5, 0x5B, 0x4F, 0x8C, 0xDC, 0xE6, 0x75, 0x7F, 0x24, 0x2D, 0x0D, 0x60, 0xA2,
    0xA5, 0x0E, 0xDA, 0x3A, 0x95, 0x93, 0x30, 0x28, 0x12, 0x20, 0x71, 0x12, 0xF3, 0x92, 0x02, 0x49,
    0x60, 0x2D, 0xE9, 0x04, 0x6D, 0x0E, 0x39, 0x78, 0x0F, 0xBB, 0xC9, 0x41, 0x07, 0xE5, 0x98, 0x0A,
    0x05, 0xF6, 0xD2, 0xA2, 0x6E, 0xAA, 0x1D, 0x52, 0xF6, 0xA1, 0x07, 0x1F, 0x2C, 0xA0, 0x69, 0x0F,
    0xC9, 0x21, 0x42, 0x21, 0x04, 0xD1, 0x6E, 0x8A, 0xCD, 0xC1, 0x05, 0xDC, 0x42, 0x33, 0xA4, 0xA4,
    0x83, 0x0F, 0x3E, 0x78, 0x5C, 0x47, 0xF0, 0xA1, 0x07, 0x33, 0xB1, 0xE4, 0x38, 0xAB, 0x83, 0xE8,
    0x84, 0x42, 0xB8, 0x2B, 0x92, 0x5F, 0x7F, 0xBF, 0x47, 0xCE, 0xEC, 0x1F, 0xAD, 0xE4, 0x95, 0x56,
    0x41, 0x67, 0xBF, 0xF7, 0x76, 0x86, 0x7F, 0x1F, 0xBF, 0xEF, 0xFD, 0x7F, 0x8F, 0x22, 0xE2, 0xE5,
    0xE2, 0x94, 0x22, 0x97, 0x45, 0x8E, 0x0B, 0x3E, 0xA1, 0xC9, 0x39, 0x56, 0xCF, 0x87, 0xF8, 0xDE,
    0x0D, 0x33, 0xE1, 0x58, 0x4D, 0xB6, 0xB7, 0x60, 0xAF, 0x1E, 0xF6, 0xE4, 0xD1, 0xC8, 0x7F, 0x21,
    0xF3, 0x5E, 0x48, 0x44, 0x1E, 0xFA, 0xDC, 0xD4, 0xB4, 0x42, 0x38, 0xD3, 0x5E, 0x12, 0xA9, 0xA5,
    0x07, 0xD0, 0x60, 0xCC, 0x04, 0x50, 0x48, 0xFB, 0xDD, 0x5A, 0x6A, 0x0B, 0x20, 0xFD, 0xFF, 0xA7,
    0x00, 0x61, 0x09, 0x98, 0x88, 0x3C, 0xA1, 0x37, 0xF4, 0x26, 0x12, 0x46, 0x72, 0x56, 0xE4, 0x58,
    0x77, 0xFB, 0x82, 0x63, 0xF5, 0xC2, 0xF6, 0xCD, 0xEE, 0x3F, 0xF0, 0xB1, 0xD2, 0x4D, 0xD7, 0xB4,
    0xFE, 0xE6, 0xE5, 0x30, 0x91, 0x58, 0x64, 0xCC, 0x5B, 0x17, 0x1C, 0xAB, 0x17, 0xF0, 0x3D, 0xC5,
    0x61, 0x89, 0x04, 0x5B, 0xFF, 0xE1, 0x9A, 0xC6, 0x32, 0x55, 0xF7, 0x84, 0xB6, 0xC9, 0x3D, 0x53,
    0x06, 0x1F, 0x14, 0xB8, 0x2D, 0x46, 0x30, 0x11, 0xAF, 0x11, 0xC7, 0x64, 0x12, 0x17, 0xE2, 0x96,
    0x62, 0x57, 0xC7, 0xEC, 0x6A, 0xFE, 0x54, 0x89, 0xC7, 0x0B, 0x4C, 0x44, 0x92, 0x76, 0x7F, 0x3E,
    0xFB, 0xBD, 0xCB, 0xD5, 0xE5, 0xF2, 0xD8, 0x02, 0x28, 0xCF, 0x1E, 0xF4, 0x27, 0xF5, 0x83, 0xFE,
    0xAC, 0xFA, 0xA9, 0x2A, 0x2D, 0xD3, 0xC9, 0x1C, 0xC8, 0xC1, 0x5C, 0x4D, 0x71, 0xBB, 0x4E, 0x5C,
    0x78, 0x33, 0xEC, 0x14, 0x9E, 0xB9, 0xA0, 0xB8, 0x51, 0x6C, 0x88, 0x27, 0x61, 0x42, 0x1C, 0xF4,
    0x78, 0x90, 0x73, 0xCB, 0xFA, 0xC4, 0xDB, 0x32, 0x91, 0xC9, 0x3C, 0xAC, 0x87, 0x89, 0x3C, 0x73,
    0x43, 0xFA, 0x05, 0x15, 0x3F, 0x7B, 0x00, 0x5E, 0x5A, 0xBE, 0xCE, 0x59, 0x37, 0xA6, 0x54, 0xDC,
    0xE8, 0x16, 0xA3, 0x7B, 0xC3, 0x68, 0x1B, 0xC7, 0xC4, 0xB7, 0x74, 0x3B, 0x8F, 0x01, 0xCE, 0x65,
    0xFF, 0xD5, 0x97, 0x1D, 0xAB, 0x7F, 0xAA, 0xDA, 0x5E, 0xFD, 0x3D, 0x7F, 0xFC, 0xB8, 0x85, 0x28,
    0x11, 0xF3, 0xD2, 0x33, 0x2E, 0xA9, 0x0A, 0xC1, 0x67, 0x31, 0xFE, 0xD7, 0x12, 0x3A, 0x95, 0x84,
    0x83, 0x42, 0x42, 0x1C, 0x13, 0x9A, 0x04, 0x80, 0x05, 0x5B, 0xC7, 0x77, 0x0F, 0xDB, 0xC0, 0xEF,
    0xA1, 0x8D, 0x63, 0x84, 0x34, 0x91, 0xC6, 0x20, 0xD3, 0x0B, 0x60, 0xC9, 0x25, 0x00, 0x2F, 0x0F,
    0x30, 0x79, 0x12, 0xF5, 0xD7, 0x0C, 0x72, 0x1C, 0x03, 0x48, 0x01, 0x60, 0x5C, 0xFB, 0x6E, 0x1E,
    0x3A, 0xBF, 0xC9, 0x43, 0xF7, 0x8D, 0x3C, 0xF4, 0x5E, 0xC9, 0xC3, 0xC0, 0xCD, 0xC3, 0x79, 0xC0,
    0x65, 0x40, 0x05, 0x28, 0x00, 0x39, 0x20, 0x73, 0x73, 0xFB, 0xFC, 0xF7, 0x31, 0xE3, 0x20, 0x17,
    0xF3, 0x23, 0xCF, 0x24, 0xFD, 0x2D, 0x30, 0xDF, 0x58, 0xFD, 0x20, 0x09, 0x22, 0x2F, 0x0B, 0xC5,
    0x9D, 0x0C, 0x65, 0x80, 0x63, 0x78, 0x9C, 0xB5, 0x85, 0xE3, 0xF0, 0xE8, 0x12, 0xE7, 0xB8, 0x71,
    0xA6, 0xFC, 0x77, 0xC2, 0x80, 0xA4, 0x06, 0x50, 0x4E, 0x9F, 0x91, 0x67, 0x3D, 0x04, 0xAC, 0xAE,
    0x67, 0x58, 0x1B, 0x05, 0xF1, 0x41, 0xC3, 0x14, 0xA6, 0x1F, 0x0A, 0x13, 0x98, 0x57, 0x52, 0x40,
    0x53, 0x8A, 0x55, 0xD5, 0x62, 0x97, 0xA4, 0x67, 0x0C, 0xBA, 0x40, 0x1F, 0x9E, 0x1A, 0x9C, 0x93,
    0xF8, 0xBC, 0xC6, 0xF5, 0xD3, 0x93, 0x30, 0xF2, 0xF2, 0x18, 0x7B, 0x5A, 0x28, 0x8D, 0xD0, 0x54,
    0x1C, 0xAB, 0x17, 0x7B, 0xA1, 0x5A, 0xE8, 0x14, 0x40, 0x15, 0x7E, 0xA7, 0x09, 0xA5, 0x0D, 0x65,
    0x1C, 0x4A, 0x13, 0xAE, 0xD5, 0xA1, 0xC1, 0x91, 0x49, 0x68, 0x20, 0xF7, 0x75, 0xB8, 0xD6, 0xED,
    0x6A, 0x43, 0xAB, 0xDB, 0x7E, 0x43, 0x0F, 0x4E, 0xB1, 0x6C, 0xC4, 0x6B, 0x2D, 0x8F, 0xA1, 0xCE,
    0x78, 0x18, 0x49, 0x26, 0xBB, 0x74, 0xA8, 0x5D, 0x03, 0xAA, 0x9C, 0x1E, 0x59, 0xDB, 0xA8, 0x04,
    0xB2, 0x15, 0x15, 0x40, 0x0E, 0x91, 0x9B, 0x03, 0xAD, 0x6F, 0xAC, 0x6D, 0xE1, 0x54, 0x88, 0x86,
    0xA2, 0x86, 0x17, 0xDC, 0x46, 0x0F, 0xAF, 0xD4, 0xC8, 0x4C, 0x31, 0x19, 0x1F, 0x17, 0xC0, 0xD4,
    0xD9, 0x15, 0xEE, 0x45, 0x36, 0xC4, 0xD3, 0x52, 0x22, 0xC7, 0x31, 0xD9, 0x0B, 0x6B, 0x21, 0x53,
    0x9C, 0xA6, 0x69, 0xC2, 0xBD, 0x60, 0x53, 0xA7, 0x0A, 0xC1, 0xD4, 0x6E, 0x41, 0xD6, 0x05, 0x93,
    0x80, 0xF7, 0xC9, 0xCE, 0x06, 0x2C, 0x43, 0x26, 0xC5, 0xB1, 0x4F, 0x73, 0x16, 0xCB, 0x67, 0x4F,
    0x81, 0x53, 0x6A, 0x0A, 0xCB, 0xA0, 0x74, 0xCC, 0xC4, 0x31, 0xE7, 0xED, 0xF5, 0x4A, 0xB7, 0x80,
    0xE6, 0x66, 0xFE, 0x14, 0xE7, 0x35, 0x30, 0xC9, 0x61, 0x79, 0xF7, 0xC2, 0x17, 0x30, 0x61, 0x30,
    0x0A, 0xD4, 0x7C, 0x27, 0xCE, 0x1F, 0x5A, 0x16, 0x0E, 0x23, 0x9B, 0xD0, 0x6F, 0xB9, 0x42, 0xBB,
    0x9E, 0xDB, 0x05, 0xD7, 0xED, 0xFE, 0x30, 0xC0, 0xFD, 0xD6, 0x27, 0x6E, 0x6E, 0x70, 0x4F, 0x83,
    0x25, 0xE8, 0x59, 0x3C, 0xCD, 0xC2, 0x5C, 0xC0, 0xC1, 0x05, 0x51, 0x69, 0x9B, 0x6C, 0xBE, 0x72,
    0x6E, 0x67, 0xF3, 0x97, 0x9D, 0xF7, 0xB2, 0xF9, 0xB3, 0xEE, 0x5B, 0xD9, 0xFC, 0xBC, 0xF7, 0x6A,
    0x36, 0x1F, 0x7A, 0x2F, 0x64, 0xF3, 0x7E, 0xE0, 0x65, 0xF3, 0xDE, 0x90, 0xA8, 0x01, 0x72, 0x6B,
    0x20, 0xA7, 0x22, 0x2A, 0x55, 0xA4, 0x26, 0xFB, 0x82, 0x31, 0x1D, 0xAC, 0xAE, 0x4F, 0xEE, 0x77,
    0x8C, 0x9A, 0x1C, 0x4C, 0xA7, 0x8B, 0x85, 0x0F, 0x36, 0x41, 0x51, 0xE2, 0x4F, 0x52, 0xAC, 0x37,
    0x05, 0x8D, 0x0A, 0x7A, 0x0A, 0xFC, 0xCD, 0xED, 0xDC, 0xCF, 0xE3, 0x78, 0xFC, 0xD4, 0x00, 0x4D,
    0x45, 0x59, 0xC5, 0xFA, 0x61, 0x55, 0x01, 0xD9, 0xA7, 0x08, 0xD7, 0x2B, 0xCA, 0x9E, 0xE8, 0xB0,
    0x3B, 0x21, 0xCC, 0xC3, 0xAD, 0xFB, 0x99, 0xC7, 0x66, 0xA7, 0x79, 0x6C, 0x95, 0xC7, 0x5A, 0xFD,
    0xDE, 0x9B, 0xC7, 0xCD, 0x6D, 0xF3, 0x08, 0x75, 0x8E, 0x71, 0xC6, 0x5C, 0xE2, 0xEE, 0x8F, 0x1B,
    0x87, 0xD5, 0x83, 0x62, 0x51, 0x22, 0x28, 0xE9, 0xF2, 0xD4, 0x1D, 0x68, 0x6C, 0x8A, 0xBF, 0xAF,
    0x26, 0xE8, 0x5F, 0x3E, 0x82, 0xC8, 0x40, 0xEA, 0xA2, 0xC6, 0x29, 0xFC, 0x84, 0x28, 0x1B, 0x39,
    0x45, 0x90, 0xE8, 0xB6, 0xF0, 0xDD, 0x3B, 0x86, 0xC7, 0xD5, 0x34, 0x9A, 0xB8, 0xFA, 0xA0, 0x98,
    0x5E, 0xC5, 0x82, 0x51, 0x8E, 0x85, 0x26, 0x31, 0x48, 0x48, 0x9A, 0xAE, 0xC9, 0x66, 0xDD, 0x11,
    0x92, 0xF6, 0x84, 0xE0, 0x14, 0x0B, 0xCA, 0xDC, 0xF9, 0xA8, 0x06, 0x6B, 0xB5, 0x9D, 0x81, 0x8B,
    0x82, 0x6C, 0x0C, 0x27, 0xEA, 0x11, 0x14, 0xF3, 0x87, 0x58, 0xC9, 0x9A, 0x20, 0xBB, 0x4D, 0x20,
    0xA6, 0x27, 0xDC, 0x17, 0x68, 0x48, 0xA9, 0x36, 0xF0, 0x00, 0x62, 0xFF, 0x77, 0x2C, 0xDD, 0x4A,
    0xED, 0x06, 0x0A, 0xD9, 0xF8, 0x51, 0xD1, 0xAA, 0x59, 0x6D, 0x69, 0xC9, 0x7B, 0x24, 0x43, 0xA1,
    0xBD, 0x3E, 0x34, 0xC6, 0x65, 0xC9, 0x7B, 0xA6, 0x13, 0x12, 0xF5, 0x56, 0xA4, 0x17, 0x88, 0x9D,
    0xF8, 0x48, 0x94, 0x62, 0x85, 0x09, 0x67, 0x00, 0x32, 0x05, 0xF3, 0xDB, 0xA9, 0x57, 0x50, 0x4A,
    0x03, 0xD5, 0xD1, 0x40, 0xD7, 0x29, 0xE0, 0xBB, 0x59, 0x2F, 0x85, 0x0B, 0x69, 0x5A, 0x4C, 0x8D,
    0x04, 0xFB, 0xA3, 0x36, 0x02, 0x32, 0x05, 0x51, 0x0D, 0x64, 0x35, 0xDC, 0xB1, 0x1B, 0xAD, 0x71,
    0x07, 0xF4, 0x26, 0x50, 0xA2, 0xA7, 0xED, 0x1A, 0x5B, 0x91, 0x1A, 0xA4, 0x1A, 0xA7, 0xAA, 0x55,
    0xDB, 0x65, 0xD8, 0xA4, 0xD3, 0xCC, 0x58, 0x98, 0x52, 0xFC, 0x1F, 0x37, 0xBD, 0x1B, 0xA1, 0x8B,
    0x11, 0x39, 0xB0, 0x9C, 0x04, 0x7B, 0x35, 0xA5, 0xDE, 0x8F, 0x7A, 0x7B, 0x25, 0xF3, 0xA7, 0x1A,
    0x3D, 0xBE, 0xD3, 0xD3, 0x33, 0x67, 0x2B, 0x68, 0xA9, 0xF7, 0x20, 0xDD, 0x4E, 0xBB, 0x4C, 0xB3,
    0x01, 0x13, 0x0B, 0x4D, 0xAC, 0xA6, 0x03, 0x37, 0xCB, 0xA6, 0x68, 0x9D, 0x48, 0xB7, 0xE9, 0x5E,
    0x3D, 0xCE, 0xE6, 0x19, 0x7A, 0x2E, 0xAF, 0xD2, 0x7D, 0x52, 0x43, 0x02, 0x22, 0x6F, 0x2B, 0x8D,
    0xC0, 0xD1, 0x11, 0xB9, 0xD5, 0x23, 0x94, 0x61, 0x04, 0x79, 0x89, 0x84, 0xD0, 0xC6, 0x11, 0x2E,
    0x11, 0xC1, 0xD4, 0xC3, 0xB0, 0x93, 0x97, 0xC3, 0x08, 0x5C, 0x16, 0x59, 0xAB, 0xF0, 0x02, 0x0B,
    0xEF, 0x76, 0x67, 0x58, 0xEA, 0xA3, 0xA6, 0xF6, 0xF1, 0xF8, 0x51, 0x4D, 0xD5, 0xF1, 0xCF, 0x20,
    0xA3, 0xF6, 0xEA, 0xB3, 0x53, 0xBA, 0x9F, 0xA6, 0x90, 0xC0, 0x1A, 0x41, 0x09, 0x78, 0x65, 0xE7,
    0x5C, 0x04, 0x7E, 0x2E, 0x61, 0x0A, 0x2D, 0xBE, 0x85, 0x27, 0x4A, 0x62, 0xD5, 0xE3, 0x53, 0x08,
    0xF0, 0xDB, 0xBB, 0xD9, 0xE2, 0x78, 0x48, 0xBA, 0x51, 0x05, 0x2D, 0x73, 0x4B, 0x12, 0x9B, 0x49,
    0xBC, 0x5E, 0x0C, 0x9D, 0x72, 0xE8, 0x14, 0xFC, 0x6E, 0x26, 0xC3, 0x41, 0x39, 0xB4, 0xAB, 0x78,
    0x50, 0xC5, 0x06, 0x5B, 0x92, 0xB9, 0xA5, 0x08, 0x98, 0x83, 0x82, 0xBA, 0xFF, 0xB0, 0x96, 0x96,
    0xE0, 0x8D, 0xB7, 0x0A, 0x83, 0x1C, 0x8A, 0x74, 0xB2, 0x0D, 0x2E, 0xC5, 0x14, 0xB0, 0x7C, 0x7D,
    0x1C, 0x81, 0x07, 0x33, 0x42, 0x8D, 0x2D, 0x1D, 0xB8, 0x99, 0x9C, 0xC1, 0x6C, 0x15, 0xDE, 0xDD,
    0x2A, 0x48, 0xF0, 0xA4, 0xA3, 0xD0, 0x34, 0x1C, 0x11, 0x95, 0x8F, 0x7F, 0xE3, 0xFB, 0xAE, 0xA9,
    0x29, 0xF9, 0x20, 0x55, 0x16, 0x8F, 0x44, 0xE1, 0xF3, 0x30, 0x08, 0xDE, 0x95, 0x0A, 0x13, 0xF7,
    0xAB, 0x6A, 0x2C, 0xCE, 0x9D, 0x8A, 0x73, 0xC0, 0xFD, 0x44, 0xCE, 0xD6, 0x16, 0xA6, 0xE3, 0xA3,
    0xAA, 0x15, 0xEF, 0x6D, 0x1C, 0x12, 0x9E, 0xAB, 0xFC, 0x2C, 0xB5, 0x2A, 0x2F, 0x3F, 0x7A, 0x09,
    0xAB, 0x9E, 0x85, 0xEB, 0x39, 0x88, 0x83, 0xC6, 0x1B, 0x18, 0xAC, 0x43, 0x42, 0x23, 0xE5, 0x14,
    0x9F, 0x7B, 0xBA, 0x50, 0xB7, 0x22, 0xEA, 0x6E, 0x31, 0xB4, 0x9B, 0xA1, 0xD3, 0x0C, 0xDD, 0x66,
    0xE8, 0x8D, 0x86, 0xF3, 0x2B, 0xC3, 0xB3, 0xA3, 0x61, 0x35, 0x8A, 0x8B, 0x51, 0x9C, 0x8F, 0xE2,
    0x6C, 0x14, 0x27, 0x23, 0x0A, 0xCD, 0xB5, 0xC2, 0xBD, 0x05, 0xC3, 0x98, 0xC0, 0xFF, 0x3D, 0xC8,
    0x29, 0x38, 0x26, 0xB6, 0xEA, 0x18, 0xD3, 0xEB, 0x4D, 0xE0, 0x87, 0xC4, 0x46, 0x38, 0xE2, 0x84,
    0x3F, 0x07, 0x45, 0xEC, 0xD4, 0x31, 0xC4, 0x6A, 0x69, 0x69, 0x60, 0x5A, 0x0C, 0x77, 0x32, 0xE6,
    0xC8, 0x38, 0x3C, 0x1D, 0xCB, 0xD9, 0xD8, 0x44, 0xE3, 0x96, 0xEA, 0x5B, 0xE6, 0x22, 0x6B, 0x31,
    0x9E, 0xB8, 0x75, 0x5C, 0x78, 0x00, 0xBF, 0x1E, 0x56, 0xF3, 0xF5, 0xF0, 0xF2, 0xC9, 0x7A, 0x78,
    0xF6, 0x72, 0x3D, 0x9C, 0xAF, 0xEA, 0x61, 0x50, 0xD4, 0x43, 0x8F, 0x30, 0xA9, 0x87, 0x6E, 0x56,
    0xF3, 0xD6, 0x52, 0x6F, 0x0F, 0xA3, 0x63, 0xA9, 0xDE, 0xB9, 0x11, 0xF3, 0x8F, 0x75, 0x2B, 0xC5,
    0xBB, 0x5B, 0x83, 0x47, 0xC6, 0x1D, 0xBF, 0xEC, 0xFC, 0x8B, 0xE0, 0x58, 0xBD, 0x0D, 0xB7, 0x0A,
    0x7C, 0x66, 0x75, 0x2A, 0x04, 0x7C, 0xB3, 0xD8, 0x5F, 0x4B, 0xEE, 0x3B, 0x8E, 0x9F, 0x88, 0x86,
    0x29, 0x18, 0xA8, 0x8A, 0xBF, 0xC1, 0x27, 0xDC, 0x31, 0xEA, 0xF8, 0x5D, 0x9C, 0x5B, 0x0E, 0xE3,
    0xC9, 0x1E, 0x36, 0xE2, 0xE7, 0x4C, 0x42, 0x6E, 0x40, 0x1C, 0x97, 0x51, 0x6E, 0xB7, 0x75, 0x01,
    0xB8, 0xE1, 0xE6, 0x05, 0xC8, 0x86, 0xAD, 0xAC, 0xBB, 0xB4, 0xB4, 0x80, 0x15, 0x4F, 0x4D, 0x69,
    0xA9, 0x53, 0xB6, 0xEF, 0x98, 0x83, 0x62, 0x53, 0xAB, 0x42, 0xD9, 0xA3, 0x65, 0x01, 0x63, 0xD2,
    0xCC, 0xD9, 0x25, 0xAC, 0xE6, 0x5E, 0x53, 0xC7, 0x48, 0x24, 0xE8, 0xF4, 0xC4, 0x93, 0x90, 0x63,
    0x1F, 0x7C, 0xE5, 0xE7, 0xBD, 0xA0, 0x39, 0xC5, 0xBD, 0xE8, 0xE9, 0x4D, 0xE9, 0x4C, 0x99, 0x77,
    0x97, 0xF3, 0x76, 0x0D, 0x8E, 0x79, 0xF8, 0xCD, 0x02, 0x12, 0x07, 0x6B, 0xB7, 0x03, 0x05, 0x2F,
    0xC3, 0xAD, 0xF0, 0xDF, 0xFF, 0x5D, 0x43, 0x4B, 0x59, 0x52, 0x35, 0x24, 0xFB, 0x5F, 0x4F, 0x11,
    0x3F, 0x4B, 0xF8, 0x83, 0xC0, 0x8B, 0x7F, 0x0D, 0x62, 0xFD, 0x9B, 0x42, 0x83, 0x5C, 0x0B, 0x67,
    0x59, 0x26, 0xD2, 0xEF, 0x60, 0x3D, 0xEC, 0x83, 0xB3, 0x76, 0xAE, 0x86, 0xC2, 0x6B, 0xC9, 0x81,
    0x32, 0xC4, 0xD3, 0x3E, 0x08, 0xE2, 0xEF, 0x34, 0xE0, 0x39, 0x13, 0x11, 0xBA, 0xC7, 0xEC, 0x60,
    0x51, 0x16, 0x47, 0x56, 0x35, 0x1B, 0xE9, 0x5F, 0x33, 0xAE, 0xF0, 0xB1, 0xCE, 0xCF, 0x63, 0xA9,
    0xFB, 0x31, 0x67, 0x41, 0xEE, 0x62, 0xBB, 0x02, 0xB3, 0x1E, 0x00, 0x7D, 0x67, 0xF3, 0x34, 0x54,
    0x88, 0x31, 0x1D, 0x9A, 0xB3, 0x16, 0xBA, 0x73, 0xB3, 0x83, 0xA0, 0xEF, 0x6E, 0x9E, 0xBE, 0xC1,
    0xD3, 0x6A, 0x45, 0x32, 0x35, 0xCA, 0x1D, 0x5A, 0x5A, 0xE8, 0xC2, 0xB9, 0x14, 0x60, 0x13, 0xCC,
    0x87, 0x9C, 0xFF, 0xC8, 0x6E, 0xD3, 0xCC, 0x86, 0x83, 0xA8, 0xB0, 0xB9, 0x9C, 0xE9, 0x36, 0xB3,
    0x89, 0x69, 0x21, 0xEB, 0x93, 0xDB, 0x7A, 0x68, 0xA3, 0x26, 0x36, 0x79, 0x03, 0x5D, 0xD7, 0xC4,
    0x4E, 0xD9, 0xC1, 0xA9, 0xA2, 0xDB, 0x86, 0x7D, 0x73, 0x3B, 0x39, 0x71, 0x0B, 0x33, 0x95, 0xC7,
    0xEB, 0x65, 0xEC, 0x54, 0x20, 0x2D, 0x3E, 0x55, 0xAA, 0x26, 0x8C, 0x8E, 0x5E, 0xA4, 0xCB, 0x1C,
    0x60, 0x11, 0x98, 0xBB, 0x29, 0x5C, 0xC3, 0x41, 0x57, 0xC6, 0x2D, 0x3E, 0xB7, 0x3C, 0xA1, 0x9B,
    0xD7, 0xA8, 0x70, 0x40, 0xA2, 0x62, 0x1B, 0x67, 0x40, 0x77, 0xC5, 0x5E, 0xD6, 0xC4, 0x7E, 0x12,
    0x43, 0x7D, 0x86, 0x0A, 0xCB, 0xF8, 0xEE, 0x67, 0xE3, 0xD8, 0xFB, 0xA0, 0x89, 0xA1, 0xB9, 0xE3,
    0xA9, 0x44, 0x2D, 0x2D, 0xE2, 0x68, 0x7F, 0xAB, 0x0E, 0xA9, 0x04, 0xEB, 0xE0, 0x7A, 0xED, 0x99,
    0xDA, 0x31, 0x35, 0x5C, 0x33, 0x88, 0x32, 0x34, 0x63, 0xAC, 0xF3, 0x00, 0xCB, 0x2B, 0x50, 0x41,
    0x01, 0x6C, 0xB6, 0x1C, 0x50, 0x6F, 0x5A, 0xE7, 0xCE, 0x3B, 0xEF, 0x17, 0xCE, 0xFF, 0x28, 0x33,
    0x1F, 0xEC, 0x14, 0x86, 0xF7, 0xCC, 0x30, 0x90, 0x5B, 0xD2, 0x8D, 0x48, 0x7F, 0xFB, 0x6F, 0x96,
    0x9A, 0x45, 0xF0, 0xB7, 0xE0, 0x06, 0x4D, 0xBA, 0x50, 0xEB, 0x7E, 0x30, 0x73, 0x8B, 0x9E, 0x84,
    0xF3, 0xE8, 0x61, 0x4E, 0xBC, 0x72, 0xDB, 0xD8, 0x26, 0x78, 0x00, 0xAB, 0x64, 0x98, 0x7F, 0x10,
    0xC3, 0x22, 0x67, 0xCE, 0xEF, 0x52, 0x07, 0x74, 0x67, 0x92, 0x9E, 0xE2, 0x9B, 0xDF, 0x9B, 0xA9,
    0x03, 0xEB, 0x12, 0x88, 0x9B, 0x84, 0x6B, 0xBC, 0x39, 0xA2, 0x0E, 0x9F, 0xE2, 0x96, 0xC9, 0xF2,
    0x04, 0x3A, 0xFE, 0x6B, 0x0C, 0x12, 0xB2, 0x80, 0x31, 0x9F, 0x9C, 0x8C, 0xE7, 0x65, 0x2E, 0xDE,
    0xFE, 0x7C, 0x35, 0x5F, 0x29, 0xCE, 0x16, 0x74, 0x80, 0xFC, 0x6C, 0xBF, 0x3F, 0x29, 0xED, 0xDA,
    0xA2, 0x8B, 0xBD, 0x68, 0x55, 0xFB, 0xFF, 0xD9, 0xD5, 0x17, 0xAB, 0xB0, 0xA0, 0x02, 0xB1, 0x96,
    0x16, 0xB1, 0x3E, 0x98, 0x21, 0xDC, 0x9A, 0x68, 0xA2, 0x08, 0x9C, 0x08, 0x64, 0xB2, 0xC1, 0x04,
    0x31, 0x94, 0x9B, 0x35, 0x83, 0x42, 0xD1, 0x72, 0xD6, 0x9E, 0xCE, 0x4D, 0x82, 0x1D, 0x2D, 0x5C,
    0xA8, 0x6E, 0x66, 0x28, 0xC8, 0xA2, 0xCB, 0xBC, 0x03, 0x7D, 0xA7, 0x59, 0xA0, 0xE4, 0xAA, 0xE8,
    0x9A, 0x0C, 0xDB, 0x98, 0x05, 0xA8, 0x5D, 0xA0, 0x66, 0x19, 0xAB, 0xA0, 0xDB, 0x4C, 0xFB, 0x18,
    0x56, 0x4C, 0x13, 0x3B, 0x70, 0x21, 0xE6, 0x99, 0xD3, 0x3B, 0x88, 0xC5, 0xC2, 0x19, 0x83, 0x52,
    0xA5, 0x73, 0x9E, 0xDC, 0x78, 0x40, 0xDB, 0x29, 0x76, 0x81, 0xE5, 0x6F, 0xEB, 0x2E, 0xF7, 0x61,
    0xC9, 0x63, 0x53, 0xD2, 0x7B, 0x2D, 0xDD, 0xCE, 0xB1, 0xD4, 0x1B, 0x3E, 0x8A, 0x8E, 0x8E, 0x14,
    0xE4, 0x8F, 0xA9, 0x3C, 0xC7, 0x70, 0xBE, 0xA9, 0x1F, 0xB0, 0x81, 0x66, 0x0E, 0xC8, 0x08, 0xA4,
    0xCD, 0x44, 0xB5, 0x7F, 0xC5, 0x9C, 0xAB, 0xBD, 0xAB, 0xE6, 0x6A, 0xE5, 0xBE, 0x73, 0xFB, 0x5A,
    0x31, 0xF8, 0xC3, 0xFF, 0x42, 0x88, 0xEE, 0x5E, 0xBB, 0x3B, 0xB1, 0xCC, 0xCB, 0x60, 0x2D, 0xF3,
    0xBC, 0x61, 0x70, 0x96, 0x42, 0x59, 0x2F, 0x5A, 0x0B, 0x63, 0xAB, 0x1A, 0xE4, 0x50, 0xB4, 0xAE,
    0x2E, 0x0E, 0x9E, 0x02, 0x42, 0x1B, 0x3E, 0x8F, 0x28, 0xD6, 0x7F, 0xB9, 0xF5, 0x13, 0xEF, 0x0D,
    0x13, 0x44, 0xEE, 0x7B, 0xEB, 0x31, 0xD8, 0x03, 0xD2, 0x60, 0xB7, 0x2E, 0x5D, 0x3B, 0xC4, 0xDB,
    0x0C, 0x82, 0x06, 0x9A, 0x42, 0xC9, 0x15, 0x4E, 0xDD, 0x89, 0xBA, 0x6D, 0xD0, 0xC0, 0x30, 0x17,
    0x32, 0xB8, 0x93, 0x66, 0x83, 0xC2, 0xEB, 0xC1, 0xCF, 0x06, 0x5B, 0x26, 0xD1, 0xED, 0xE6, 0x06,
    0x1D, 0x19, 0x3D, 0x96, 0xE7, 0xD0, 0x49, 0x5F, 0xDF, 0x3A, 0x3F, 0xBB, 0x1E, 0x19, 0x10, 0xC7,
    0x25, 0x83, 0x22, 0xE8, 0xCF, 0xC5, 0x7F, 0x43, 0xA7, 0x67, 0x73, 0xEA, 0xF1, 0xBA, 0x90, 0x16,
    0x2C, 0x6A, 0x11, 0x5A, 0xE6, 0xC7, 0x39, 0xF3, 0x02, 0x9A, 0x18, 0x90, 0x90, 0x81, 0x3B, 0x43,
    0x85, 0x1E, 0xAD, 0x6F, 0x5D, 0xEA, 0xB7, 0xE9, 0x5E, 0x3D, 0xCE, 0x36, 0x3F, 0x62, 0x26, 0x02,
    0xC1, 0x2B, 0x65, 0xAE, 0x9F, 0xFC, 0x13, 0xE7, 0x87, 0x96, 0xA9, 0x87, 0x4E, 0x5B, 0x0D, 0x71,
    0x38, 0xDC, 0x0F, 0x72, 0x6D, 0xAE, 0x70, 0xFA, 0x7A, 0xC4, 0xDF, 0x43, 0xB7, 0xFC, 0xC4, 0x10,
    0x1A, 0x6D, 0x28, 0x69, 0x35, 0xD3, 0x06, 0x01, 0xAF, 0x0A, 0x18, 0x62, 0xD3, 0x65, 0xCC, 0x4A,
    0xB5, 0x02, 0xDD, 0x30, 0x8F, 0x79, 0x32, 0x84, 0xC8, 0xBD, 0x7D, 0x3B, 0xF3, 0xDE, 0x7C, 0x33,
    0xF3, 0x5F, 0x79, 0x23, 0x0F, 0xBE, 0x7D, 0xAD, 0x08, 0xDD, 0xAB, 0xE5, 0xD0, 0xBD, 0x52, 0x37,
    0x70, 0x6D, 0xE0, 0x0B, 0xC1, 0x1A, 0x30, 0x36, 0x9C, 0x88, 0xF5, 0x7B, 0xD8, 0xC9, 0x8F, 0x30,
    0xA1, 0x37, 0x19, 0xE5, 0xC3, 0xB1, 0x34, 0x63, 0x09, 0x96, 0x61, 0x82, 0x03, 0x3F, 0x1A, 0x06,
    0x70, 0x33, 0x03, 0x37, 0x9B, 0x3D, 0x79, 0xA5, 0xC9, 0xBC, 0x5A, 0x93, 0xA9, 0x23, 0x8D, 0xDC,
    0xE6, 0x89, 0x4F, 0x06, 0xC4, 0x97, 0xBD, 0x48, 0x1F, 0x3D, 0x53, 0x3C, 0x91, 0x70, 0xED, 0xEE,
    0x5D, 0xB8, 0xD4, 0xCE, 0xFB, 0xB8, 0x43, 0xE8, 0xBE, 0x83, 0x7B, 0x84, 0x70, 0xFF, 0xE0, 0x60,
    0xFB, 0x2F, 0x13, 0x07, 0xDF, 0x2C, 0x86, 0x12, 0xAA, 0xA5, 0x3F, 0x4E, 0x82, 0x56, 0x24, 0xCC,
    0x81, 0xD2, 0x02, 0x68, 0xB3, 0x94, 0x15, 0xAB, 0xAC, 0x39, 0x11, 0x8A, 0x5A, 0x19, 0x9E, 0x7E,
    0x6F, 0x5D, 0x56, 0xBC, 0xB7, 0x7E, 0x12, 0xAD, 0xF8, 0x2F, 0xBC, 0x9A, 0xAD, 0x84, 0xDE, 0x2B,
    0x93, 0x95, 0xA1, 0xF7, 0x72, 0xEE, 0x19, 0x25, 0x9A, 0xCE, 0xFC, 0xD6, 0x1A, 0xB3, 0xD9, 0x2E,
    0xE6, 0x75, 0x44, 0x87, 0x3E, 0xA4, 0x0E, 0x8C, 0x5B, 0x26, 0x30, 0x40, 0x8D, 0xC3, 0x68, 0xDB,
    0x7D, 0xFF, 0x77, 0x95, 0x28, 0x11, 0xA0, 0xA1, 0x11, 0x90, 0x30, 0xEE, 0x7C, 0x8D, 0x98, 0x81,
    0xF6, 0x1C, 0x3C, 0x71, 0x86, 0xAA, 0xDE, 0x06, 0x78, 0xE0, 0xED, 0x4A, 0xEC, 0x3F, 0x14, 0xEA,
    0xED, 0xD3, 0x7B, 0xF3, 0xD2, 0x91, 0x04, 0x78, 0xDA, 0xF9, 0x30, 0x10, 0xDC, 0x3C, 0xBA, 0x1C,
    0x7A, 0x49, 0xE8, 0xEA, 0x42, 0x0F, 0x48, 0x1F, 0x82, 0x99, 0x35, 0x66, 0x80, 0x6A, 0x38, 0x23,
    0x98, 0x16, 0x26, 0xF9, 0xC5, 0xBF, 0xDD, 0x4D, 0x48, 0xA2, 0x18, 0xDB, 0xD7, 0x0C, 0xAE, 0x14,
    0x3A, 0x1F, 0xC1, 0xF3, 0x0E, 0xD5, 0x09, 0x0F, 0xE9, 0x6C, 0x03, 0xD3, 0x2B, 0x0F, 0xFD, 0x73,
    0xB0, 0x2D, 0xA1, 0xBA, 0xE9, 0xC7, 0x49, 0xCA, 0x0A, 0x42, 0xE6, 0x68, 0xC5, 0xDB, 0x30, 0xB2,
    0x42, 0xA9, 0x5E, 0xB1, 0xB6, 0x0A, 0xCE, 0x45, 0xD1, 0xCD, 0xCA, 0xF0, 0xF4, 0xED, 0x31, 0x26,
    0xE4, 0xF4, 0xB2, 0xAC, 0x04, 0xFE, 0x0B, 0xD1, 0xCA, 0xBC, 0xFF, 0x42, 0xB6, 0x72, 0xD2, 0xFF,
    0xB6, 0x2E, 0xD6, 0x00, 0x6B, 0x6C, 0xFF, 0xFE, 0x06, 0x16, 0x18, 0xAE, 0x3A, 0x9E, 0x00, 0xC1,
    0x8F, 0x04, 0xFF, 0xD6, 0xCA, 0x13, 0x6A, 0x17, 0x18, 0x74, 0x34, 0xEA, 0xB7, 0x3A, 0x4C, 0x0E,
    0x9C, 0x6A, 0xBA, 0x6D, 0x5D, 0xAC, 0x17, 0xC9, 0x9F, 0x99, 0x2E, 0xE7, 0xCD, 0x8C, 0x77, 0xA4,
    0xA9, 0x0F, 0x72, 0x3B, 0xE2, 0xBE, 0x12, 0x8A, 0x7A, 0x41, 0x43, 0x5F, 0xBB, 0x1C, 0xBC, 0xC9,
    0x50, 0x80, 0x35, 0x83, 0x35, 0x26, 0x60, 0xA1, 0x73, 0x6C, 0x33, 0xA1, 0x41, 0x19, 0x54, 0x9A,
    0xE6, 0x83, 0x2B, 0xC4, 0x00, 0x68, 0xA4, 0x45, 0x9A, 0x98, 0x09, 0xA0, 0xC9, 0x91, 0xA5, 0x28,
    0x74, 0xF2, 0xE1, 0x7D, 0xE1, 0x9B, 0x79, 0xE3, 0xDF, 0xBA, 0x5B, 0x63, 0x52, 0x0B, 0x8B, 0x93,
    0x46, 0x31, 0x75, 0x76, 0x80, 0x97, 0xED, 0x82, 0x45, 0xEF, 0xCA, 0xC2, 0xD8, 0xBB, 0x5A, 0x8D,
    0xBD, 0x2B, 0x35, 0x7C, 0xFD, 0x5D, 0x30, 0x04, 0xC4, 0xD8, 0x1E, 0xBE, 0x77, 0xAB, 0xF4, 0xBB,
    0x4C, 0x5C, 0xA4, 0x01, 0xFB, 0x9E, 0x6B, 0x4C, 0x3F, 0x7D, 0x8A, 0x2B, 0x0A, 0x6E, 0xC6, 0x59,
    0x97, 0x2D, 0x76, 0xA0, 0x6B, 0x9D, 0x92, 0x65, 0x02, 0x42, 0xBB, 0xBA, 0x56, 0xF2, 0x37, 0xB7,
    0x87, 0x91, 0x9B, 0x07, 0x37, 0x35, 0xC5, 0x15, 0xCD, 0x6A, 0x2C, 0x1A, 0x07, 0x14, 0xE0, 0x43,
    0xCC, 0x33, 0xEC, 0x12, 0x15, 0x62, 0xD8, 0x69, 0x02, 0x09, 0x97, 0x52, 0x8D, 0x0D, 0xFC, 0x0F,
    0x76, 0xC7, 0x01, 0xA2, 0xA9, 0x02, 0xA7, 0x1A, 0x8A, 0x5B, 0x43, 0xA8, 0x3E, 0x44, 0x20, 0x9B,
    0xF8, 0x49, 0x9F, 0x6A, 0x61, 0xFC, 0x97, 0x77, 0x99, 0x25, 0x0A, 0xA7, 0x05, 0x4E, 0x94, 0xBB,
    0x85, 0x0A, 0xAC, 0xC4, 0x5D, 0x76, 0x69, 0x51, 0x8E, 0x32, 0xC1, 0x02, 0x0F, 0x80, 0x56, 0x1D,
    0x1C, 0xFD, 0x92, 0xB2, 0xB6, 0xB8, 0xD7, 0xB0, 0x08, 0xB7, 0x26, 0xEA, 0xF0, 0x32, 0xD0, 0x12,
    0x23, 0x1D, 0xD0, 0x3B, 0xF9, 0x09, 0xA6, 0xF5, 0x0D, 0x38, 0xC5, 0x1F, 0xE1, 0x5A, 0xC7, 0x8E,
    0x1D, 0x9A, 0x06, 0x55, 0x0B, 0xB0, 0x28, 0x60, 0x40, 0x19, 0x5C, 0xC3, 0xB6, 0x28, 0x7A, 0x24,
    0xBA, 0x74, 0x09, 0xD4, 0xD1, 0xF1, 0x3A, 0x93, 0x8E, 0x09, 0xD6, 0x6C, 0x70, 0x14, 0x5C, 0x59,
    0x40, 0xD8, 0x26, 0xDE, 0x3B, 0xA5, 0x53, 0x22, 0x16, 0xFE, 0x15, 0xBC, 0x3A, 0x84, 0xC5, 0x79,
    0xCD, 0x54, 0x96, 0x9B, 0x33, 0xC6, 0xC3, 0x3F, 0x7A, 0x85, 0x4C, 0x67, 0x05, 0x11, 0xB3, 0x61,
    0x3E, 0x63, 0xF7, 0x20, 0xF3, 0x5A, 0x09, 0x3E, 0x80, 0x1E, 0x6C, 0xF4, 0x9A, 0x83, 0xBA, 0xCB,
    0x82, 0x55, 0xDB, 0x51, 0x49, 0x9F, 0x49, 0x13, 0x6B, 0x7D, 0xD2, 0x95, 0xC9, 0xF4, 0x79, 0xAC,
    0x66, 0x3B, 0xBB, 0x71, 0x26, 0x9A, 0x83, 0x66, 0xC2, 0xC2, 0x32, 0x65, 0x86, 0xB5, 0x85, 0x78,
    0x72, 0x79, 0x79, 0x53, 0xAC, 0xB0, 0x3B, 0xA9, 0x19, 0xF0, 0x71, 0x8E, 0x18, 0xB1, 0xFC, 0xAE,
    0xE4, 0x2F, 0xEA, 0x0C, 0x66, 0x0B, 0xA0, 0xF9, 0x18, 0xF8, 0xA5, 0x13, 0x5D, 0xF3, 0x38, 0xD3,
    0x65, 0x9F, 0xCE, 0x98, 0xCC, 0x2A, 0x37, 0x22, 0x27, 0xBA, 0xFB, 0x05, 0x1D, 0x61, 0xC1, 0x36,
    0x6F, 0x74, 0x8E, 0x05, 0x4E, 0x4C, 0xC9, 0x37, 0x26, 0x03, 0x1F, 0x17, 0xE1, 0xD5, 0x6F, 0x81,
    0x07, 0xED, 0x3A, 0x45, 0x8C, 0x86, 0x79, 0x22, 0x34, 0xFC, 0xCF, 0xDF, 0xDC, 0xCE, 0xFD, 0x3C,
    0x8E, 0xC7, 0x6B, 0x52, 0x6A, 0xAA, 0xBB, 0x8F, 0xF2, 0xDA, 0xE7, 0xF1, 0x8C, 0xAA, 0x2B, 0xC5,
    0x7F, 0x6B, 0x79, 0x9A, 0x58, 0xE9, 0x52, 0xBD, 0xF8, 0x1F, 0x9C, 0xF3, 0x33, 0xEF, 0x76, 0xAA,
    0x56, 0x52, 0x43, 0x05, 0x2F, 0xEA, 0x89, 0x58, 0xD4, 0x29, 0x33, 0x4C, 0xA8, 0x0F, 0x6E, 0x93,
    0xCE, 0xC1, 0xD2, 0xCF, 0xB8, 0x69, 0xBE, 0xE3, 0x29, 0xC5, 0x5F, 0x56, 0xFC, 0x99, 0x6E, 0x1E,
    0x53, 0x84, 0x76, 0x26, 0xC3, 0xBD, 0xC2, 0x77, 0xA3, 0x9F, 0xB6, 0xFA, 0xBC, 0xB1, 0xEA, 0x11,
    0x38, 0xCE, 0x5A, 0xAE, 0x6A, 0x7A, 0x3C, 0x07, 0x3C, 0x62, 0x12, 0x89, 0xB1, 0x73, 0x27, 0x35,
    0x5A, 0x11, 0x03, 0xEF, 0xD0, 0xF7, 0xBA, 0xA5, 0x4F, 0xAE, 0x32, 0xF3, 0x3F, 0x66, 0xF7, 0xCC,
    0x04, 0x37, 0x54, 0x2D, 0x61, 0x42, 0x5F, 0x5C, 0x4E, 0x3A, 0xFD, 0x00, 0xFF, 0x88, 0xEB, 0xC7,
    0x6F, 0x0E, 0x48, 0xB7, 0x2E, 0xDA, 0x17, 0xC5, 0x6F, 0x3D, 0x48, 0x60, 0x0D, 0x8F, 0x36, 0x65,
    0xC6, 0x8E, 0x33, 0x92, 0x77, 0xC8, 0x2E, 0x7B, 0x34, 0x76, 0x4A, 0xB8, 0x66, 0x3F, 0x6E, 0xE3,
    0x4C, 0x75, 0xB5, 0xDB, 0xBA, 0x53, 0x0E, 0xF0, 0xC9, 0x92, 0xDE, 0x18, 0x57, 0x7D, 0xE2, 0xF8,
    0xB1, 0xE9, 0x9A, 0x3D, 0x36, 0xEF, 0x87, 0x3E, 0x3C, 0x1D, 0x06, 0xAC, 0xD0, 0x57, 0xFF, 0x3D,
    0x99, 0x06, 0xB0, 0x8F, 0xEE, 0x11, 0x75, 0xF4, 0xB5, 0xEA, 0xFD, 0xF8, 0x9B, 0xEB, 0xEA, 0xF4,
    0xC5, 0x3D, 0x9B, 0x71, 0xEE, 0xDB, 0xFE, 0xFF, 0x78, 0xAA, 0xED, 0x59, 0x54, 0xDB, 0xFC, 0xBE,
    0x1A, 0x7D, 0x49, 0x01, 0xD6, 0xDE, 0x9C, 0x6E, 0x3D, 0x95, 0x82, 0x01, 0xC3, 0x88, 0x62, 0x57,
    0x56, 0xA1, 0x0F, 0x23, 0x12, 0x38, 0x43, 0xE4, 0x6C, 0x6F, 0xF7, 0xE8, 0x3F, 0x13, 0xCB, 0xCE,
    0x9C, 0xDF, 0x24, 0x24, 0xC1, 0x9F, 0xC8, 0xC9, 0x72, 0xE1, 0x17, 0xC7, 0x46, 0x39, 0xF7, 0xC3,
    0x48, 0x78, 0xCF, 0xCA, 0xA7, 0x44, 0x3E, 0x31, 0x3D, 0x74, 0xEE, 0x34, 0x5C, 0x31, 0xF9, 0x4F,
    0x65, 0x35, 0xAB, 0xC5, 0xCA, 0x46, 0xE9, 0xB7, 0x11, 0xB8, 0xCB, 0x9F, 0xE3, 0x6E, 0xCF, 0xC9,
    0xB3, 0xFD, 0x37, 0x0F, 0x7C, 0xA6, 0x2B, 0xE1, 0xB3, 0x7A, 0x9B, 0x3D, 0xF7, 0x74, 0xB6, 0x9D,
    0x57, 0x17, 0x4F, 0xA5, 0xF9, 0xB3, 0x9F, 0x9D, 0x5E, 0x92, 0xA1, 0x6E, 0x10, 0x3D, 0xF9, 0xB7,
    0x22, 0x7F, 0x3F, 0x79, 0xE2, 0x09, 0xE8, 0xA6, 0x63, 0x72, 0xCF, 0x27, 0xE0, 0xD9, 0xD5, 0x4F,
    0x71, 0x19, 0xE7, 0x47, 0x11, 0x99, 0xC6, 0xBA, 0xF7, 0x18, 0xEB, 0x02, 0xA4, 0x34, 0x1A, 0xFC,
    0x5C, 0xE4, 0x07, 0x7A, 0x9D, 0x85, 0x85, 0xFB, 0xDD, 0x71, 0xF6, 0x51, 0xB2, 0x6C, 0xC5, 0x0E,
    0xF1, 0xC4, 0xE1, 0x02, 0xFF, 0x02, 0x8C, 0x97, 0xC8, 0x57, 0xD5, 0x91, 0xFE, 0x52, 0x27, 0x2C,
    0x7B, 0x3F, 0xFF, 0xC5, 0xF3, 0xCE, 0xD3, 0x57, 0xB7, 0x1B, 0xBD, 0xC7, 0x91, 0x7D, 0x0E, 0x02,
    0x0D, 0x9F, 0x57, 0xE9, 0x7B, 0x8E, 0xCF, 0x18, 0xFD, 0x09, 0xA8, 0xB1, 0x33, 0x57, 0xEF, 0x65,
    0xF5, 0xCC, 0x0F, 0x4C, 0x98, 0xF8, 0x91, 0x5A, 0x2C, 0x08, 0x10, 0x97, 0x7F, 0x79, 0xBB, 0x46,
    0xEE, 0x96, 0x74, 0x50, 0x88, 0x42, 0xA2, 0x94, 0xA8, 0x01, 0x72, 0xEE, 0x00, 0x0D, 0xD4, 0x57,
    0x7B, 0xBB, 0x94, 0xF9, 0xE0, 0x1C, 0x50, 0x88, 0x98, 0x73, 0xBE, 0x01, 0x0A, 0x6B, 0xA2, 0xC2,
    0x6A, 0x2F, 0x84, 0x39, 0x1C, 0xA3, 0x30, 0xB3, 0xC8, 0xBD, 0x9D, 0x21, 0xD5, 0xFA, 0x6C, 0x10,
    0x4D, 0xD5, 0x1B, 0x62, 0x13, 0xB8, 0x75, 0x3E, 0xA4, 0xDB, 0xFB, 0xA0, 0x56, 0x3F, 0x83, 0x64,
    0x43, 0x9D, 0xCA, 0x50, 0x4C, 0x34, 0xB4, 0x01, 0x0E, 0xC0, 0xBB, 0x0D, 0x27, 0xF3, 0x27, 0xD1,
    0x10, 0xAA, 0x7B, 0xD8, 0x40, 0x7D, 0x57, 0x80, 0x22, 0xF8, 0x61, 0x3C, 0x09, 0x9A, 0x38, 0x09,
    0xC8, 0x80, 0x70, 0x1F, 0x04, 0x3A, 0x87, 0x61, 0xAF, 0xCA, 0xB7, 0xDE, 0x2D, 0xB8, 0xCE, 0x74,
    0x50, 0x07, 0x8C, 0xD7, 0xD4, 0xB4, 0x33, 0x0F, 0x07, 0xBF, 0xC5, 0xBB, 0x6E, 0xC4, 0x9B, 0x6A,
    0x37, 0xC2, 0x2D, 0xD3, 0x6D, 0x07, 0x0D, 0x5A, 0x48, 0xC6, 0xF1, 0x8C, 0xF3, 0xE8, 0x62, 0x30,
    0xEE, 0xD3, 0x78, 0x6F, 0x27, 0x30, 0x27, 0xAE, 0x71, 0xE1, 0x34, 0xEE, 0x4B, 0xBB, 0x58, 0x10,
    0x91, 0x43, 0x5F, 0x8E, 0x5A, 0xAB, 0xFB, 0x72, 0xD4, 0x27, 0xEB, 0x30, 0x98, 0x96, 0xA3, 0x56,
    0xE1, 0x46, 0xE6, 0x3B, 0x53, 0xF0, 0xC7, 0x4F, 0x44, 0x2B, 0xDB, 0x49, 0xBC, 0x69, 0x1E, 0xEF,
    0x53, 0x4D, 0x1C, 0xD4, 0xF1, 0x7B, 0x88, 0xA9, 0x8A, 0x61, 0x0C, 0x65, 0xFE, 0xDA, 0xDE, 0x24,
    0x9E, 0x74, 0x0F, 0xCC, 0xB1, 0xB7, 0x58, 0xFD, 0xE0, 0x92, 0xF2, 0xD1, 0x84, 0x73, 0xE3, 0x65,
    0x73, 0xA7, 0x33, 0x38, 0x5C, 0x1C, 0xF7, 0xCF, 0x0D, 0x60, 0x42, 0x38, 0x36, 0x7E, 0xA6, 0x67,
    0x70, 0xC4, 0x1B, 0x49, 0xAA, 0x67, 0xCD, 0xB6, 0xCC, 0xC6, 0xDC, 0xD2, 0x42, 0x00, 0xF1, 0xC7,
    0x48, 0xD8, 0x6A, 0x90, 0x6E, 0x50, 0x54, 0x81, 0xBB, 0x9F, 0xDD, 0x08, 0xB5, 0x9F, 0x02, 0xB0,
    0x7A, 0x61, 0x77, 0x71, 0x67, 0x49, 0xFA, 0x7D, 0x2D, 0x6B, 0x2A, 0xCC, 0x8F, 0x4E, 0xCB, 0x49,
    0x3B, 0x8A, 0x8C, 0x5E, 0x17, 0xA0, 0x9E, 0x61, 0x08, 0x0E, 0x46, 0x8D, 0xAB, 0x3E, 0x53, 0x1A,
    0xED, 0x7A, 0x90, 0x8B, 0xA2, 0x39, 0x8F, 0x3C, 0x76, 0x4B, 0xA6, 0x96, 0xBA, 0x0C, 0x2C, 0x86,
    0x5D, 0xD9, 0xEB, 0x85, 0x43, 0x2F, 0x2F, 0x52, 0xDD, 0x36, 0x12, 0x66, 0x63, 0x47, 0xD0, 0x89,
    0x5E, 0x36, 0x1A, 0x30, 0xCB, 0x34, 0xC2, 0x0D, 0xEC, 0x6A, 0x44, 0x07, 0xB7, 0x1E, 0x0D, 0x49,
    0xD6, 0xB8, 0xD6, 0xCA, 0x24, 0x6F, 0x34, 0x1E, 0x35, 0x54, 0x7E, 0x23, 0x90, 0xEB, 0x94, 0xA3,
    0x80, 0xC9, 0xED, 0x11, 0x88, 0xF2, 0x71, 0xEE, 0x16, 0x3C, 0x98, 0x91, 0x6D, 0x60, 0xEF, 0x47,
    0xA2, 0xAC, 0xDE, 0x3B, 0x8D, 0xF7, 0xE2, 0x23, 0xD1, 0x91, 0x88, 0x59, 0x08, 0x98, 0x12, 0xDC,
    0x17, 0xD1, 0x3F, 0x42, 0x39, 0xD8, 0x64, 0x32, 0xD4, 0x38, 0xD6, 0x89, 0xA0, 0x39, 0xC6, 0x1D,
    0xB5, 0xD8, 0xC2, 0x2D, 0xDD, 0x5E, 0xF8, 0x94, 0xEE, 0x4D, 0xF8, 0x2E, 0x31, 0xA4, 0x21, 0xC8,
    0x62, 0x4B, 0x1F, 0x41, 0xFC, 0xFB, 0x60, 0x91, 0x87, 0x2E, 0xA9, 0xC3, 0x30, 0x7B, 0x6A, 0xCB,
    0x53, 0x86, 0x58, 0x07, 0xCA, 0xE6, 0xBF, 0x2E, 0x72, 0x52, 0xA0, 0x73, 0xED, 0x86, 0x9E, 0x7D,
    0x57, 0x01, 0x81, 0x7D, 0x66, 0x71, 0x9F, 0xD1, 0x0D, 0x63, 0x1B, 0xAE, 0x38, 0x96, 0x24, 0x6C,
    0xE9, 0xFF, 0x45, 0x5D, 0x55, 0xDC, 0x2D, 0xBA, 0x2A, 0xB9, 0xD5, 0x5E, 0xA4, 0x42, 0x51, 0xCD,
    0xD2, 0xE5, 0x1B, 0x77, 0x80, 0x2C, 0x68, 0xD2, 0xD5, 0x46, 0x00, 0x83, 0x95, 0x19, 0xE2, 0xBC,
    0x21, 0xCE, 0x1F, 0x82, 0xE6, 0x18, 0x30, 0x8C, 0xA3, 0x6E, 0x9B, 0x7B, 0x47, 0xA0, 0x1F, 0x92,
    0x21, 0x03, 0x98, 0x5D, 0x2D, 0x20, 0x5D, 0x1B, 0x88, 0xD2, 0x74, 0x1C, 0x1C, 0xF5, 0x75, 0xD0,
    0x84, 0x20, 0x38, 0x0C, 0x41, 0x53, 0xB8, 0x87, 0x26, 0x18, 0xC0, 0x6E, 0x1F, 0x68, 0xFA, 0x1A,
    0xEB, 0x7A, 0xDA, 0x94, 0x90, 0x30, 0xDB, 0xF2, 0x17, 0xF5, 0xF0, 0x9F, 0x20, 0x7E, 0x19, 0xEE,
    0x87, 0x5B, 0xE3, 0xCE, 0xFC, 0xC2, 0x9F, 0xC5, 0xF0, 0x1F, 0xE0, 0x0C, 0xC3, 0xC3, 0xF3, 0xF2,
    0xE0, 0x43, 0x48, 0x3F, 0xA4, 0x3C, 0x84, 0x97, 0x85, 0x50, 0x42, 0xBC, 0x37, 0x0A, 0xD5, 0x21,
    0x1E, 0xCD, 0xDD, 0x2D, 0x7C, 0xBF, 0xC6, 0x2A, 0x0C, 0xF4, 0x0A, 0xF4, 0x03, 0xF8, 0x99, 0x3D,
    0x50, 0x13, 0x2F, 0x73, 0x0B, 0xCD, 0x27, 0xFD, 0x92, 0x99, 0x09, 0xEA, 0x19, 0xEA, 0x94, 0xB9,
    0x4E, 0x87, 0x5C, 0xA9, 0x35, 0xF9, 0xEC, 0xBF, 0x05, 0xDE, 0xBA, 0x0D, 0xE3, 0x89, 0x47, 0xD3,
    0xEF, 0xB8, 0xAE, 0x7F, 0xB5, 0xEE, 0x8E, 0xC9, 0xC2, 0xC4, 0x54, 0x56, 0x6D, 0x2A, 0xA7, 0x58,
    0xAB, 0xBC, 0x89, 0x8D, 0x88, 0x90, 0x9C, 0x6E, 0xB3, 0xC3, 0xE5, 0x2E, 0xA2, 0x5B, 0xC4, 0x18,
    0xF6, 0x16, 0x39, 0xBE, 0x05, 0xC4, 0x11, 0xF6, 0x67, 0x76, 0xE5, 0xE5, 0x76, 0xE5, 0x94, 0x36,
    0xCE, 0x5B, 0x82, 0xFB, 0x60, 0x70, 0x9E, 0xC1, 0x79, 0x16, 0x1E, 0x84, 0x9D, 0x31, 0xD6, 0x5D,
    0x46, 0xB1, 0x80, 0x4D, 0x7C, 0x47, 0xCC, 0x69, 0xE9, 0x3E, 0x6F, 0xC2, 0x26, 0x13, 0x4A, 0xA2,
    0xDC, 0x1F, 0xF5, 0xB1, 0x3C, 0xD0, 0xEA, 0xFA, 0x7E, 0x87, 0xB0, 0x02, 0x4F, 0xFF, 0x8A, 0x68,
    0xAA, 0xF8, 0xF7, 0xA0, 0x39, 0xCD, 0xCD, 0x31, 0xE7, 0xB5, 0x0B, 0x4C, 0x0F, 0x4B, 0xB3, 0x6D,
    0x0B, 0xF0, 0xF9, 0x8A, 0x58, 0x53, 0x56, 0xF6, 0x1E, 0xD0, 0xA4, 0x83, 0x49, 0xA6, 0x68, 0x23,
    0x7A, 0x58, 0x3A, 0x77, 0xA2, 0x39, 0x59, 0x42, 0x3C, 0xC1, 0xEA, 0x8B, 0xA9, 0x1F, 0x40, 0xCE,
    0x0C, 0x42, 0xCD, 0xFB, 0xF7, 0x78, 0x35, 0x8D, 0xA4, 0xEF, 0x6C, 0xD9, 0x83, 0xFF, 0x95, 0x9E,
    0x11, 0xF5, 0x49, 0x57, 0xED, 0x06, 0xDE, 0x20, 0xB1, 0x5A, 0x9D, 0x94, 0xCE, 0xCD, 0x66, 0xE0,
    0xB8, 0x13, 0x6F, 0x17, 0x91, 0xB5, 0x95, 0xEB, 0x07, 0x1A, 0x7F, 0xC4, 0x3A, 0x93, 0xF1, 0x34,
    0xCD, 0x33, 0xC7, 0xCC, 0x68, 0x4C, 0x35, 0xD5, 0x21, 0x6B, 0x1B, 0xB5, 0x11, 0x10, 0x63, 0x0B,
    0x04, 0xCB, 0xC2, 0x94, 0x63, 0x84, 0x1D, 0x7E, 0x02, 0xE4, 0x65, 0x8A, 0xA6, 0xBA, 0x89, 0xED,
    0x3B, 0xCF, 0x28, 0xF9, 0xF4, 0x01, 0x82, 0x72, 0x87, 0x67, 0xC3, 0x74, 0x3C, 0x20, 0xB8, 0xC9,
    0xCE, 0xC0, 0xBF, 0x91, 0x98, 0xAA, 0x6E, 0x60, 0xF2, 0x91, 0xFB, 0x4E, 0xD1, 0x78, 0x57, 0xA1,
    0x36, 0xAF, 0x16, 0x63, 0xF7, 0x5A, 0x11, 0x0F, 0xDE, 0x29, 0xC2, 0x97, 0xCD, 0x24, 0xB8, 0x0B,
    0xFF, 0xD8, 0x98, 0x0F, 0x2D, 0xFA, 0xE4, 0x72, 0xB4, 0x94, 0x33, 0x4C, 0x98, 0x89, 0x2E, 0x7F,
    0x70, 0xE5, 0x75, 0x09, 0xBF, 0x85, 0x27, 0xF7, 0x6E, 0x27, 0xA1, 0xF7, 0x0A, 0xE0, 0xD5, 0x24,
    0x7C, 0xF5, 0xBD, 0x84, 0x4D, 0x74, 0xAE, 0x69, 0x13, 0x8B, 0xEB, 0x23, 0x27, 0x54, 0x7C, 0xD3,
    0xCD, 0x41, 0xD7, 0xC3, 0x98, 0xED, 0xD3, 0xA4, 0x11, 0xF7, 0x4D, 0x1A, 0x3F, 0xD7, 0x9C, 0x7A,
    0x45, 0xED, 0x35, 0x40, 0xD4, 0x9A, 0x71, 0xEB, 0xFC, 0x34, 0x0D, 0x3F, 0x4B, 0x6A, 0x47, 0xBD,
    0x37, 0x1A, 0xD0, 0x1B, 0xFD, 0x85, 0xDB, 0x25, 0xB5, 0x9F, 0xDD, 0xA5, 0xF3, 0x0E, 0xD4, 0xE3,
    0x91, 0xFE, 0x8C, 0xB9, 0xB5, 0x74, 0xBB, 0x76, 0xC3, 0x21, 0x8B, 0x98, 0xFF, 0xB4, 0xCB, 0x7F,
    0x36, 0xB2, 0x77, 0xB4, 0x0B, 0xE4, 0x56, 0x4A, 0xE4, 0x8E, 0xC1, 0x8B, 0x75, 0x4B, 0x1E, 0x24,
    0x69, 0x57, 0xA5, 0xFD, 0x75, 0x25, 0x0E, 0xA2, 0x42, 0xCD, 0xB6, 0x73, 0x0E, 0xE2, 0x64, 0xBF,
    0x1E, 0x08, 0x85, 0x45, 0xB0, 0x67, 0xAA, 0x6D, 0x13, 0x60, 0xBC, 0xE7, 0xFB, 0x42, 0x16, 0x63,
    0xE7, 0x77, 0xF7, 0x89, 0x9D, 0xD3, 0x1D, 0x0E, 0xFD, 0x4E, 0x38, 0x20, 0x0D, 0x47, 0xE2, 0x1F,
    0xF6, 0x7E, 0x4D, 0x83, 0xEF, 0x8B, 0x8F, 0x4C, 0x43, 0x80, 0x35, 0x22, 0x1C, 0x49, 0x17, 0x76,
    0xD1, 0xF0, 0x08, 0x8D, 0x29, 0xCC, 0x3F, 0xD4, 0x63, 0x4D, 0x30, 0xDE, 0x13, 0x88, 0x2C, 0xCE,
    0xB1, 0xB8, 0x87, 0x98, 0x91, 0xF4, 0xB8, 0x7F, 0x60, 0x71, 0x6F, 0xA2, 0xC5, 0x3D, 0x9A, 0x08,
    0xD2, 0x34, 0x80, 0x9E, 0xF3, 0xDE, 0xD9, 0x8C, 0xC2, 0x73, 0x74, 0x18, 0xD2, 0x6C, 0xBF, 0x64,
    0x4F, 0xCA, 0x06, 0x11, 0x45, 0x60, 0x87, 0x50, 0xB4, 0xDB, 0xE3, 0xC0, 0xC8, 0xAC, 0x82, 0x49,
    0xB4, 0xBC, 0xB6, 0x4F, 0x8D, 0x6D, 0x86, 0xC0, 0x32, 0x7F, 0x05, 0xC6, 0x33, 0x6F, 0xE6, 0x10,
    0xD9, 0x37, 0xB5, 0xD6, 0xF5, 0x20, 0xB4, 0x79, 0xFA, 0x26, 0x53, 0x93, 0xDA, 0xF5, 0xA0, 0xB6,
    0x3F, 0xD8, 0x07, 0x29, 0x01, 0xD1, 0x7E, 0xC0, 0x54, 0x53, 0xBA, 0xC6, 0x44, 0x9C, 0x89, 0xFC,
    0x36, 0x8E, 0x66, 0x49, 0x3C, 0x09, 0x7F, 0x0B, 0x68, 0x3A, 0x60, 0xC0, 0xB1, 0x0B, 0x8E, 0x2F,
    0x62, 0x99, 0xE9, 0x26, 0xED, 0x84, 0x31, 0xAB, 0x9D, 0x4C, 0x60, 0xB5, 0x30, 0x14, 0x0B, 0x7C,
    0x98, 0x66, 0xA1, 0x5B, 0x31, 0x82, 0xB3, 0x07, 0x94, 0xC9, 0x92, 0x5D, 0xF0, 0xC9, 0x0E, 0x52,
    0x40, 0x7C, 0x5B, 0x9B, 0x67, 0xA0, 0x2D, 0xD6, 0x13, 0xC1, 0xEF, 0x19, 0x3C, 0x41, 0x6D, 0x14,
    0x24, 0xB8, 0x7F, 0x23, 0x0D, 0xC7, 0xB1, 0xA6, 0xF9, 0x4A, 0xD3, 0xFE, 0x65, 0x93, 0x6A, 0x41,
    0xED, 0xC8, 0x6B, 0x8D, 0x7C, 0xA5, 0x91, 0xCF, 0x50, 0xC2, 0xF6, 0x95, 0x91, 0xE5, 0x4E, 0x23,
    0x87, 0x5B, 0x69, 0x5F, 0x7E, 0xD9, 0xBF, 0x53, 0x09, 0x3E, 0xDE, 0xF6, 0x38, 0x11, 0x0D, 0x99,
    0x8C, 0xAC, 0xE3, 0x73, 0x7D, 0x55, 0x63, 0x78, 0xCF, 0xD8, 0x4E, 0x03, 0x6A, 0x7E, 0x84, 0xF9,
    0x27, 0xE8, 0x26, 0xA8, 0xED, 0x8A, 0x9D, 0x6D, 0x35, 0x5B, 0xDC, 0xD8, 0x04, 0x54, 0xB0, 0x94,
    0x54, 0x1C, 0x6D, 0x57, 0xE1, 0xE5, 0x36, 0xB3, 0x1C, 0x0E, 0x14, 0xD3, 0x79, 0x28, 0x2C, 0x96,
    0xCC, 0x98, 0x69, 0xB6, 0xD2, 0x69, 0x33, 0x8B, 0x75, 0x49, 0x58, 0x2D, 0x90, 0xE0, 0x56, 0x71,
    0x32, 0xB4, 0xAA, 0x93, 0x63, 0xD1, 0xD6, 0x29, 0xED, 0xE5, 0x9A, 0x85, 0xE1, 0xE7, 0xBF, 0xA7,
    0x21, 0x87, 0x6D, 0x72, 0xD9, 0x95, 0x8F, 0x7C, 0x0C, 0x84, 0x68, 0xD0, 0xB7, 0x6D, 0x08, 0xB6,
    0xD1, 0x91, 0xE8, 0x11, 0x88, 0xDB, 0xCB, 0x44, 0x4C, 0xAE, 0xC7, 0x8D, 0x57, 0xBA, 0xF9, 0xDE,
    0x3F, 0xAF, 0x8C, 0x9B, 0xB8, 0x45, 0x40, 0xC2, 0x34, 0x91, 0xF3, 0xAB, 0x4A, 0xB3, 0x42, 0x45,
    0x9F, 0x27, 0x9D, 0x86, 0xA0, 0x7F, 0xCC, 0xAE, 0x53, 0x9E, 0xC4, 0x07, 0xF5, 0xC1, 0x7D, 0xE2,
    0xEA, 0x72, 0x1C, 0x3B, 0x5C, 0x1B, 0x4C, 0xD7, 0x0B, 0x9A, 0xDE, 0xEB, 0x05, 0x0F, 0x49, 0xDF,
    0x8D, 0x69, 0x7C, 0x43, 0xA6, 0x9C, 0x74, 0x1D, 0xC8, 0xEC, 0x44, 0xA6, 0x87, 0xC5, 0x24, 0x23,
    0x8D, 0x3D, 0x4E, 0xF8, 0x7A, 0x9A, 0x75, 0x8D, 0xA3, 0x75, 0x5F, 0xFA, 0x59, 0x8A, 0xED, 0x3A,
    0x76, 0x0B, 0x04, 0x02, 0x71, 0x4C, 0x37, 0x94, 0xC1, 0x0D, 0xF8, 0xD4, 0x42, 0xA4, 0x38, 0xC6,
    0x06, 0xA6, 0xC3, 0xC8, 0xC1, 0x63, 0x59, 0xAB, 0x19, 0xA2, 0xA7, 0xEA, 0x2D, 0xEC, 0x68, 0x1D,
    0x5E, 0x07, 0xAA, 0x39, 0x69, 0xD5, 0x14, 0xD9, 0x25, 0x90, 0xA3, 0xA8, 0x98, 0xA2, 0x01, 0x91,
    0x9B, 0x03, 0x9D, 0x9E, 0x20, 0xA4, 0x31, 0xD9, 0xC0, 0x64, 0xAC, 0x84, 0x25, 0xD3, 0xB8, 0x22,
    0x94, 0x7E, 0xBD, 0x35, 0x49, 0x04, 0xD5, 0xD0, 0xF5, 0x24, 0x99, 0x0E, 0xF8, 0x1C, 0x79, 0x07,
    0x03, 0x3E, 0xDB, 0xA4, 0x13, 0xB2, 0xF5, 0x2C, 0x5C, 0x84, 0x20, 0xC2, 0x3B, 0x0E, 0x77, 0xC4,
    0xE7, 0x54, 0x0D, 0x83, 0xFC, 0x81, 0x5D, 0xDF, 0x07, 0x68, 0x07, 0xED, 0x22, 0x71, 0x18, 0x89,
    0xD5, 0x3E, 0x22, 0x4C, 0xCB, 0xED, 0x4A, 0xE5, 0x8E, 0x76, 0x18, 0xA3, 0x63, 0x69, 0x67, 0x83,
    0x4C, 0x43, 0x3D, 0x6C, 0xD5, 0xD6, 0x5A, 0x65, 0xB1, 0x8E, 0x90, 0xF4, 0x94, 0x1C, 0xC6, 0xCB,
    0xA5, 0xBF, 0x69, 0xA2, 0x5D, 0x5E, 0xEE, 0x50, 0xFA, 0x46, 0x3F, 0x4D, 0x9A, 0x59, 0x8B, 0x8F,
    0xE0, 0xE5, 0x32, 0x65, 0xC9, 0xA6, 0x7D, 0x77, 0x66, 0x9D, 0xEE, 0x51, 0xA8, 0x3D, 0xB0, 0x7E,
    0x10, 0x6F, 0xEC, 0x50, 0xA8, 0xD2, 0x29, 0x51, 0xB1, 0x53, 0x9A, 0xBE, 0x1E, 0xF6, 0xE8, 0x67,
    0x6B, 0x41, 0xD8, 0xA2, 0x82, 0x78, 0x77, 0x3A, 0xA0, 0xDF, 0xC1, 0x5C, 0xD0, 0xEE, 0x54, 0xEE,
    0x47, 0x6A, 0x96, 0x80, 0x39, 0xA2, 0xED, 0xD1, 0xB7, 0x1D, 0x8B, 0xF6, 0x1D, 0x8B, 0x36, 0x1E,
    0x8B, 0x76, 0x1E, 0x8B, 0xB6, 0x1E, 0x8B, 0xF6, 0x1E, 0x8B, 0x36, 0x1F, 0x8B, 0x76, 0x1F, 0x8B,
    0xB6, 0x1F, 0x8B, 0xF6, 0x1F, 0x8B, 0x36, 0x20, 0x8B, 0x76, 0x20, 0x0B, 0x5B, 0x90, 0x37, 0x84,
    0x3D, 0xC8, 0x46, 0xD8, 0x84, 0xDC, 0xE5, 0xF9, 0x87, 0x32, 0x9D, 0xB6, 0xDE, 0x58, 0xDA, 0xEA,
    0xE7, 0x82, 0x54, 0x36, 0x67, 0x09, 0xBB, 0xB3, 0x84, 0xED, 0x59, 0xC2, 0xFE, 0x2C, 0x19, 0x56,
    0x01, 0xD0, 0xE5, 0x93, 0x40, 0x2B, 0x67, 0x81, 0xE6, 0x21, 0xA9, 0xC3, 0xA0, 0x04, 0xF2, 0x8A,
    0x66, 0x61, 0xE8, 0xE5, 0xA6, 0x18, 0x0E, 0x32, 0x55, 0x9B, 0x9A, 0xFE, 0xD5, 0x37, 0x20, 0xB6,
    0x75, 0xDC, 0xC7, 0xA9, 0x27, 0xEB, 0xC2, 0x17, 0x20, 0x32, 0x23, 0xED, 0x03, 0x9C, 0x76, 0x8B,
    0x1F, 0xE6, 0xCD, 0x02, 0x25, 0xA3, 0x72, 0x10, 0xA5, 0x41, 0xA9, 0x3E, 0x41, 0x55, 0xE7, 0x99,
    0x62, 0x70, 0xAB, 0xB2, 0x66, 0xDD, 0x88, 0xAD, 0x76, 0x23, 0xCA, 0xEE, 0x6E, 0xC4, 0x0B, 0x7F,
    0x27, 0xAC, 0x74, 0x4A, 0xF1, 0xFA, 0x63, 0x79, 0xBF, 0xC1, 0x3E, 0x37, 0x81, 0xB3, 0xEE, 0x5C,
    0xED, 0x5B, 0x56, 0x0E, 0x44, 0x82, 0x3B, 0x2B, 0xA1, 0xFA, 0x66, 0xE3, 0x62, 0xA7, 0x39, 0xB9,
    0x94, 0xC2, 0xB4, 0x89, 0xD4, 0x9E, 0x29, 0x6D, 0xAC, 0x60, 0xE9, 0x94, 0xFE, 0xC6, 0x05, 0xAD,
    0x2C, 0x78, 0xFA, 0x62, 0xC6, 0xF5, 0x65, 0xBA, 0xE0, 0xDE, 0xC6, 0xC5, 0x98, 0x75, 0x2F, 0x26,
    0xD8, 0x6A, 0x6B, 0xF5, 0xF9, 0x4B, 0xF8, 0x0F, 0xE3, 0x3F, 0xB8, 0x65, 0xD6, 0xE1, 0xDF, 0x35,
    0x7C, 0x91, 0xA1, 0xB6, 0xCB, 0xA3, 0xAC, 0xA2, 0xF9, 0x77, 0x81, 0xC2, 0x84, 0xE5, 0x63, 0x56,
    0x59, 0x10, 0x2D, 0x3C, 0x7F, 0x21, 0xC0, 0xC1, 0xB9, 0xDB, 0x0E, 0xFA, 0xF4, 0xFE, 0x17, 0xEC,
    0x24, 0x78, 0x21, 0x43, 0x9C, 0x67, 0x5F, 0xBA, 0xDF, 0x7B, 0x0C, 0x19, 0xC7, 0x7E, 0xEF, 0x31,
    0x28, 0x0B, 0x60, 0x01, 0x8A, 0xD9, 0x02, 0x68, 0xC3, 0x4E, 0x1D, 0x24, 0x4D, 0x18, 0xAD, 0x84,
    0x6C, 0x10, 0x6E, 0xFB, 0x48, 0x21, 0xFF, 0x44, 0x1F, 0x5C, 0x4C, 0xDF, 0x90, 0xDA, 0x64, 0x7F,
    0x72, 0x02, 0x63, 0x3B, 0xF9, 0xBC, 0xBE, 0xA5, 0xC3, 0xE5, 0xB4, 0xAB, 0x67, 0x56, 0x57, 0xD9,
    0x50, 0xA5, 0x76, 0x31, 0x64, 0x79, 0x05, 0x96, 0x27, 0x48, 0x06, 0x85, 0xB7, 0x99, 0xE6, 0x6C,
    0x12, 0xD0, 0x12, 0xCB, 0xB4, 0x85, 0x26, 0xF7, 0xA7, 0xF9, 0x97, 0x67, 0x56, 0xF5, 0x56, 0xAB,
    0xF0, 0x60, 0xEA, 0xE0, 0xA5, 0x5A, 0x3B, 0x6D, 0x34, 0xEE, 0x79, 0xED, 0xF3, 0xCC, 0x3F, 0xE1,
    0xFF, 0x73, 0xB3, 0xA5, 0x3E, 0xEC, 0xAD, 0x9D, 0x97, 0x26, 0x08, 0xD6, 0x06, 0x57, 0x27, 0x0F,
    0x41, 0x86, 0x7D, 0x45, 0x65, 0xE6, 0xD7, 0xDA, 0x3B, 0xF7, 0x76, 0xBE, 0x3B, 0xB9, 0xFC, 0x47,
    0xB4, 0xCB, 0x7F, 0xEA, 0xB2, 0x73, 0x4E, 0xB5, 0xBB, 0x1B, 0xCD, 0x5A, 0x4F, 0x1E, 0xD9, 0x24,
    0xF3, 0xD1, 0xAF, 0xE5, 0x83, 0x97, 0x26, 0x8F, 0x92, 0x16, 0x13, 0x79, 0x72, 0xA0, 0xEF, 0x01,
    0xBA, 0xFC, 0x7E, 0xC0, 0x26, 0x57, 0x7D, 0xD1, 0xA7, 0x7E, 0x66, 0xBD, 0x64, 0x39, 0x23, 0x8E,
    0x58, 0x44, 0x6F, 0xC1, 0x64, 0xA5, 0x75, 0xAA, 0xBB, 0x3E, 0xDC, 0xA6, 0xE6, 0x1F, 0xBF, 0xCB,
    0xFE, 0xCC, 0x40, 0xAB, 0x65, 0x88, 0x1E, 0xBB, 0x53, 0xB8, 0xB0, 0x08, 0x58, 0xC7, 0x58, 0x48,
    0x2A, 0x6B, 0x96, 0x8A, 0x07, 0x4A, 0x64, 0x17, 0x4A, 0x5A, 0xF5, 0x70, 0x8D, 0x1D, 0xC3, 0xDD,
    0xFB, 0x77, 0xFA, 0xFA, 0x0A, 0x95, 0x52, 0x57, 0x6C, 0x3F, 0xD4, 0x2B, 0x2C, 0x90, 0x2B, 0xC4,
    0xF3, 0xD6, 0x52, 0x74, 0xA0, 0x1E, 0xA3, 0x7D, 0x74, 0xD1, 0x61, 0x6E, 0xAE, 0x0B, 0xD4, 0xF3,
    0xE6, 0xC3, 0xDD, 0xFF, 0xC5, 0x7B, 0x2B, 0xF3, 0xFA, 0xF2, 0x49, 0xA7, 0xE7, 0xC0, 0x22, 0x65,
    0xBB, 0x03, 0x52, 0xAD, 0xCC, 0x43, 0x33, 0x62, 0x7F, 0xB0, 0xB5, 0xBB, 0x32, 0x6F, 0x4F, 0xB0,
    0x88, 0xBF, 0x86, 0x07, 0xFB, 0x76, 0x71, 0xFF, 0x4A, 0xFD, 0xB4, 0x6B, 0xB7, 0xEF, 0xF4, 0xDE,
    0xDB, 0xB1, 0xFB, 0xFF, 0xD6, 0x21, 0xB0, 0x67, 0x3D, 0x0E, 0x4B, 0x43, 0x37, 0x17, 0xC5, 0x83,
    0xE7, 0xE2, 0x63, 0x68, 0x1A, 0x7C, 0x23, 0x11, 0xEF, 0x0D, 0x04, 0x18, 0x2F, 0x67, 0x3B, 0x13,
    0xD2, 0x87, 0x7A, 0x93, 0xE0, 0xD3, 0x2E, 0x6C, 0x4E, 0xF2, 0x69, 0xAD, 0x37, 0x1F, 0xB0, 0x4F,
    0xD4, 0xD2, 0xA0, 0xA4, 0x9C, 0xC9, 0xC8, 0x61, 0x5F, 0xCD, 0xD9, 0x79, 0xBD, 0xC7, 0xD5, 0x56,
    0x67, 0x4D, 0x2E, 0x88, 0xF3, 0x11, 0xA6, 0x2E, 0x2F, 0x66, 0x53, 0x75, 0x68, 0x3A, 0xF3, 0xD7,
    0xE0, 0x66, 0xF3, 0x9A, 0x53, 0x87, 0xF8, 0x31, 0xF5, 0x69, 0x6B, 0x8D, 0xE1, 0xAD, 0x4C, 0xBB,
    0x39, 0x5E, 0x87, 0xF8, 0x2D, 0x1C, 0x7B, 0x2C, 0xF4, 0xAA, 0xBF, 0xD7, 0xD8, 0x77, 0x4A, 0xE7,
    0x5A, 0x66, 0x59, 0xCC, 0x2D, 0x8D, 0xBB, 0x37, 0x51, 0xA2, 0xDA, 0x7F, 0xA9, 0xE2, 0xDB, 0x00,
    0xEF, 0xE4, 0xCE, 0x2D, 0xA8, 0xE9, 0x8C, 0xAE, 0xBA, 0x51, 0xEE, 0x19, 0x51, 0x31, 0x7E, 0xB1,
    0xA2, 0x07, 0xD4, 0x35, 0x4C, 0xD8, 0xE7, 0xA0, 0x97, 0xDF, 0x47, 0x30, 0x73, 0x65, 0x9B, 0xDA,
    0xC3, 0xBC, 0x6E, 0xE4, 0x0E, 0x12, 0xEF, 0x95, 0xCC, 0xFB, 0x56, 0xA2, 0xB1, 0xCE, 0xC7, 0xB7,
    0x71, 0x6B, 0x81, 0xAF, 0xFC, 0x98, 0x37, 0x3B, 0x3F, 0x64, 0x54, 0x17, 0x76, 0x4A, 0x7D, 0x36,
    0x16, 0x1F, 0xD8, 0xA8, 0xBB, 0xC0, 0x3C, 0x6F, 0x5C, 0xCD, 0xCA, 0x7D, 0x3A, 0xD8, 0x4B, 0xF1,
    0x24, 0xC9, 0xE4, 0x4A, 0x7D, 0xD9, 0xDB, 0x65, 0x9A, 0x1F, 0xDF, 0xDB, 0x42, 0xF2, 0xE2, 0x97,
    0x44, 0x2E, 0xCF, 0x8B, 0xBC, 0x78, 0xB2, 0xE7, 0xA3, 0x87, 0x6B, 0xF9, 0x3E, 0x50, 0xFD, 0x70,
    0x83, 0x61, 0x93, 0x67, 0xFA, 0x2C, 0xAD, 0x95, 0xCA, 0xA0, 0xD5, 0xF6, 0x30, 0x79, 0x60, 0x45,
    0xF1, 0x87, 0x02, 0xB7, 0x9F, 0xA5, 0xDF, 0xB3, 0x1C, 0x47, 0xD8, 0x4B, 0x46, 0xAB, 0x0C, 0xB5,
    0x3C, 0x09, 0x68, 0x02, 0x26, 0xB1, 0xA6, 0x13, 0x59, 0x06, 0xD9, 0xC5, 0x7D, 0x69, 0x9F, 0x4E,
    0xBC, 0x43, 0x6B, 0xAB, 0xE5, 0xDB, 0x2A, 0x4C, 0x82, 0x3A, 0x9D, 0xA5, 0x13, 0xE9, 0x04, 0x3C,
    0x55, 0x75, 0xBC, 0xD9, 0xF5, 0xD9, 0xE8, 0xFB, 0x02, 0x7D, 0x8A, 0xD3, 0xBD, 0xB5, 0xCF, 0xFB,
    0x02, 0x77, 0x73, 0xF1, 0xAE, 0xDD, 0x11, 0xA6, 0x14, 0x53, 0xCD, 0x9B, 0x4E, 0x53, 0x89, 0xEC,
    0x39, 0xA1, 0xB1, 0x1E, 0xDD, 0x43, 0x97, 0xD3, 0xD3, 0x35, 0x0D, 0x73, 0x9F, 0x31, 0x5B, 0xC9,
    0x1E, 0xBA, 0x22, 0xD0, 0xC5, 0xA2, 0x51, 0xBE, 0xF3, 0xFE, 0x5E, 0x7F, 0x7F, 0x7A, 0x0B, 0x84,
    0xA7, 0xCC, 0x2F, 0xFB, 0xFB, 0x6F, 0xBF, 0xAF, 0xF0, 0x7F, 0xB5, 0x59, 0x3D, 0x6F, 0xDB, 0x56,
    0x14, 0x3D, 0x14, 0x2D, 0xB3, 0x28, 0x81, 0xD0, 0x83, 0x8D, 0x3A, 0x49, 0x5D, 0x2E, 0x19, 0x0C,
    0xE4, 0x83, 0x6B, 0x86, 0xC4, 0x64, 0xD3, 0x02, 0x2D, 0xD0, 0xA1, 0x1E, 0x5C, 0x20, 0x40, 0x80,
    0x7A, 0xC9, 0x10, 0x64, 0x49, 0x7E, 0x40, 0x22, 0xB2, 0x59, 0xBA, 0x7A, 0x0F, 0x50, 0x78, 0xC8,
    0xE4, 0x29, 0x83, 0x51, 0xB8, 0x40, 0x2D, 0x11, 0x6D, 0xB6, 0x2E, 0x4C, 0xFA, 0x91, 0xA1, 0x43,
    0x99, 0x02, 0xF5, 0x92, 0xA1, 0x1C, 0x58, 0x44, 0x49, 0x29, 0xBD, 0x9E, 0xFB, 0x48, 0xD9, 0xB2,
    0x9D, 0xA4, 0xFA, 0xA4, 0x78, 0x65, 0x5B, 0x22, 0xDF, 0x3D, 0xEF, 0xBE, 0x73, 0xCF, 0x7D, 0x97,
    0x06, 0x78, 0xF8, 0x09, 0x10, 0x66, 0x40, 0x8B, 0xD6, 0xC9, 0x61, 0xB4, 0x0B, 0xD4, 0xF2, 0x02,
    0x66, 0xD6, 0x84, 0x95, 0xF9, 0xB0, 0x53, 0x1F, 0x8E, 0x52, 0x91, 0xAB, 0x54, 0xEC, 0xFF, 0xBA,
    0x9E, 0xF8, 0x81, 0x93, 0x86, 0xFC, 0xA6, 0x0B, 0x33, 0x97, 0xDB, 0x31, 0x1B, 0x00, 0x6E, 0x5C,
    0x5A, 0x9D, 0x7F, 0xDF, 0x0C, 0x1C, 0x95, 0x59, 0xCF, 0xDB, 0x86, 0x51, 0x00, 0xC5, 0xAC, 0x2A,
    0xDC, 0x6E, 0xE1, 0x07, 0x85, 0x8F, 0xC2, 0xFF, 0xBA, 0xF0, 0x55, 0xE1, 0x14, 0x77, 0xE4, 0xB6,
    0x93, 0xF4, 0xAA, 0xCF, 0x79, 0x60, 0xA1, 0x82, 0xF1, 0x5E, 0x0A, 0x98, 0x34, 0x27, 0x2A, 0x87,
    0x1A, 0x17, 0xDE, 0x1A, 0xA0, 0x02, 0xAC, 0x47, 0x32, 0xE0, 0x8A, 0xF6, 0x34, 0x20, 0x38, 0x18,
    0x1B, 0xA8, 0x7F, 0x94, 0xC0, 0xFF, 0x3D, 0xC0, 0x77, 0x74, 0x9A, 0x5E, 0x1C, 0x1F, 0x8C, 0x3E,
    0xEC, 0x18, 0xAD, 0x0F, 0x60, 0xA8, 0x5F, 0x60, 0xFE, 0x90, 0xC2, 0xC0, 0x9C, 0x40, 0xE2, 0x3D,
    0x19, 0x08, 0x0A, 0x1A, 0x15, 0x0A, 0x10, 0x17, 0x08, 0x0C, 0x44, 0x06, 0x42, 0x03, 0xB1, 0x81,
    0xE0, 0xD0, 0x43, 0x77, 0x83, 0xB6, 0x52, 0x0F, 0x60, 0xFB, 0x0C, 0x96, 0xC6, 0xB7, 0x3C, 0x11,
    0x7C, 0x97, 0x69, 0xAE, 0x17, 0xC3, 0x90, 0x31, 0xF2, 0x1D, 0x20, 0x98, 0x01, 0x4E, 0x6D, 0xC0,
    0xA4, 0x6F, 0xE3, 0x55, 0x97, 0x7F, 0x87, 0xE2, 0x04, 0x46, 0x4B, 0xC1, 0x52, 0x2D, 0x38, 0x09,
    0xC7, 0x8B, 0x69, 0xCF, 0x94, 0x8C, 0xCB, 0xEB, 0xDC, 0x6A, 0xD5, 0xDE, 0x25, 0x29, 0xAC, 0x18,
    0xF5, 0x2B, 0x31, 0xFC, 0xA7, 0x13, 0xC4, 0x38, 0xA3, 0xFD, 0x73, 0x6C, 0xDE, 0xBF, 0xC4, 0x38,
    0x3E, 0x82, 0xF9, 0x64, 0xF4, 0x38, 0x96, 0x78, 0xBE, 0x01, 0xBE, 0x95, 0xEB, 0x57, 0x49, 0x3C,
    0x62, 0x5A, 0xE1, 0xBC, 0x1F, 0x2C, 0x8D, 0x8F, 0xF5, 0xFA, 0xBC, 0xA1, 0xF2, 0xDA, 0x95, 0x0D,
    0x9C, 0x0A, 0x10, 0x26, 0x46, 0x9A, 0x0B, 0xCA, 0x41, 0xF9, 0xC7, 0xC3, 0x4B, 0xB4, 0x5F, 0x23,
    0xFF, 0x1E, 0x86, 0xAC, 0xC3, 0x34, 0x72, 0x95, 0x47, 0x2B, 0xA8, 0xA9, 0xD8, 0x7A, 0x92, 0x0D,
    0x81, 0x6E, 0xB9, 0x2F, 0x75, 0xE5, 0x30, 0x89, 0xEA, 0x93, 0x8F, 0x81, 0xF4, 0x12, 0x87, 0x6B,
    0x03, 0xA7, 0x37, 0xC6, 0x47, 0x3B, 0xCB, 0xA4, 0x85, 0x79, 0xF5, 0xB6, 0xB9, 0x97, 0x41, 0xC5,
    0xB2, 0xEE, 0x43, 0x84, 0xEE, 0x02, 0xED, 0xB3, 0x99, 0xC9, 0x02, 0x7A, 0x00, 0x5C, 0x82, 0xF9,
    0xE9, 0xF0, 0x80, 0x1C, 0xC6, 0x7C, 0x36, 0xD6, 0x11, 0x32, 0x34, 0xA0, 0x7C, 0x32, 0x80, 0xE6,
    0xF5, 0x3C, 0x4F, 0xC0, 0xBA, 0xFA, 0xD0, 0xDC, 0x4B, 0x8D, 0xA1, 0x83, 0xD4, 0xE3, 0xFD, 0x2A,
    0x07, 0x7A, 0x48, 0xBE, 0xFB, 0xFC, 0xDD, 0x4E, 0x27, 0xC4, 0x7B, 0xE3, 0xDE, 0x66, 0x2D, 0x3A,
    0x63, 0xFC, 0x93, 0xA3, 0x95, 0x0E, 0x87, 0xCB, 0x48, 0xCF, 0x53, 0xB5, 0x79, 0x95, 0x4F, 0xDF,
    0x06, 0xA6, 0xC5, 0x7B, 0x2B, 0xDA, 0x31, 0xD5, 0x90, 0x2B, 0x49, 0xDE, 0xB7, 0x80, 0x86, 0xF0,
    0xDE, 0x57, 0xA9, 0x9C, 0x5B, 0x1B, 0xBE, 0xD6, 0x23, 0x39, 0xE9, 0x9A, 0xE7, 0x56, 0x74, 0xF0,
    0x09, 0xBF, 0xD5, 0x97, 0xC9, 0xBD, 0x9B, 0x02, 0x45, 0xD0, 0xAC, 0x8A, 0x3B, 0xBA, 0x76, 0xFE,
    0x2D, 0xBC, 0xA8, 0xE3, 0x07, 0x77, 0x7D, 0xD5, 0x95, 0x33, 0x80, 0x17, 0xC1, 0x4D, 0x17, 0x6D,
    0x55, 0x18, 0xAA, 0x5D, 0x55, 0x48, 0x7E, 0xCA, 0xB3, 0x0E, 0x63, 0x15, 0x16, 0x25, 0x78, 0x17,
    0xB8, 0x43, 0x41, 0x00, 0x34, 0x7D, 0x86, 0xC3, 0xC0, 0x1A, 0x1B, 0xC6, 0x38, 0x1D, 0x4B, 0x09,
    0xF2, 0x02, 0xBC, 0x33, 0x28, 0x0C, 0x2B, 0x49, 0x5C, 0x15, 0x5F, 0x0E, 0xA3, 0x39, 0x0C, 0xED,
    0xD4, 0xC8, 0x2F, 0x5A, 0x2A, 0xB7, 0xD7, 0xD3, 0x19, 0x0C, 0x3C, 0x6B, 0x2C, 0x1B, 0xAB, 0x3B,
    0x76, 0x27, 0x71, 0x1B, 0xB8, 0x68, 0x0F, 0x3F, 0xCD, 0x5E, 0x95, 0x0D, 0x3F, 0x27, 0x8B, 0x58,
    0x65, 0x1F, 0x67, 0xFB, 0xD5, 0x41, 0xD6, 0x9B, 0xFE, 0xE9, 0xB1, 0xC3, 0xA8, 0xDE, 0xE5, 0x30,
    0xDD, 0xD2, 0x48, 0x0E, 0xA2, 0x10, 0x18, 0xB0, 0xA5, 0xD2, 0xF5, 0x80, 0x88, 0x92, 0xB0, 0xCA,
    0x5A, 0x21, 0x87, 0xDD, 0x65, 0xD4, 0xD3, 0x73, 0xE5, 0xF0, 0x64, 0x9A, 0xB6, 0xEE, 0x56, 0x80,
    0xB2, 0xD0, 0x94, 0xC6, 0x0A, 0xA8, 0xAD, 0xBB, 0x85, 0x43, 0x9F, 0xCB, 0x75, 0xBD, 0x7B, 0xAA,
    0x2A, 0xEB, 0xB8, 0x49, 0x55, 0x65, 0xEF, 0xEC, 0x57, 0x59, 0x61, 0xBD, 0xD9, 0x55, 0xC2, 0xE6,
    0xC0, 0x49, 0xDC, 0x40, 0x18, 0xAD, 0x2D, 0x29, 0x13, 0xD3, 0x6A, 0xCF, 0xA2, 0x26, 0xE3, 0x87,
    0xDD, 0x2A, 0x55, 0x36, 0x61, 0x6C, 0x1B, 0xAB, 0xDB, 0x76, 0x11, 0x8F, 0x1A, 0x2D, 0x59, 0x18,
    0x4F, 0x56, 0x99, 0x35, 0xEA, 0x4B, 0x22, 0x78, 0x34, 0x56, 0xC4, 0x24, 0xF4, 0x7B, 0xF1, 0x52,
    0x2B, 0xE0, 0xB8, 0xB5, 0x02, 0xF6, 0xDF, 0x58, 0xAA, 0x45, 0x43, 0x83, 0xBA, 0xB1, 0x08, 0xD5,
    0xA6, 0x80, 0xE0, 0x54, 0x24, 0x85, 0x33, 0xDB, 0x96, 0x00, 0x0D, 0xCA, 0x1E, 0x98, 0xF4, 0xAB,
    0xE0, 0x39, 0xF1, 0xBC, 0x11, 0x8C, 0xC2, 0x9E, 0xFE, 0x44, 0xED, 0x2B, 0x8F, 0x75, 0x5D, 0x1E,
    0x87, 0xCD, 0x5B, 0x77, 0xC3, 0xCD, 0x8C, 0xCC, 0xCA, 0xAC, 0x48, 0x56, 0x2D, 0xEC, 0x38, 0xB9,
    0x9D, 0x1E, 0x7D, 0x39, 0x79, 0xD8, 0x09, 0xBB, 0x6B, 0xDC, 0xA9, 0xAE, 0xC7, 0x4E, 0xB4, 0x82,
    0x45, 0xA6, 0x6A, 0xE3, 0xB5, 0xAF, 0xB7, 0x8F, 0x20, 0x2A, 0xE7, 0xC4, 0x4E, 0x6C, 0xE0, 0x72,
    0xAB, 0x81, 0x85, 0xC6, 0xC1, 0x81, 0xE5, 0x30, 0xD4, 0xA5, 0x5A, 0x00, 0xDA, 0x4A, 0x05, 0xDE,
    0xCB, 0x56, 0xEC, 0x47, 0xA5, 0x46, 0x36, 0x39, 0xD9, 0x6E, 0x9F, 0xB5, 0x68, 0xF2, 0xB9, 0x7C,
    0xEF, 0xBD, 0x6A, 0xC5, 0x72, 0xFD, 0x7E, 0x70, 0x8F, 0xEF, 0xF5, 0x4B, 0x8E, 0x90, 0x03, 0x5E,
    0x2C, 0xBC, 0x08, 0x69, 0x3E, 0xF4, 0x8B, 0x3F, 0xBD, 0x28, 0x84, 0xFB, 0xB8, 0x43, 0x9F, 0xDC,
    0x93, 0xA9, 0xA4, 0x1C, 0xE3, 0x64, 0xB5, 0x85, 0x13, 0xD3, 0xF4, 0x63, 0x6C, 0x3C, 0x66, 0x42,
    0x8D, 0x66, 0x71, 0x09, 0xEC, 0x40, 0xEB, 0xFE, 0xD8, 0x58, 0xA5, 0xA9, 0xA0, 0xE2, 0x89, 0xE4,
    0x89, 0x20, 0x88, 0xE8, 0x89, 0xEA, 0x8D, 0x84, 0xF9, 0xA0, 0x1F, 0x00, 0x5E, 0x32, 0x3F, 0x92,
    0xB2, 0x1F, 0x18, 0x1B, 0x63, 0x59, 0x8A, 0xDE, 0xAC, 0x56, 0x43, 0x60, 0x3C, 0xDE, 0x13, 0x4C,
    0x0E, 0xE3, 0x5B, 0x15, 0x8B, 0x8A, 0x64, 0xCB, 0x9D, 0x89, 0x1B, 0x3B, 0x89, 0x10, 0xD0, 0xD1,
    0x3F, 0xED, 0xD4, 0x8D, 0xAD, 0x3C, 0x64, 0xFA, 0x90, 0x99, 0x61, 0xDE, 0xD7, 0x17, 0xD8, 0x55,
    0x5F, 0xF0, 0xDB, 0x84, 0x63, 0x79, 0x54, 0xCB, 0xC6, 0x8B, 0xE7, 0x1B, 0x7B, 0x83, 0xED, 0xA5,
    0xC9, 0xE0, 0xA5, 0xCC, 0x41, 0xFC, 0x7D, 0xB5, 0x09, 0x51, 0x3A, 0xC8, 0xBA, 0xF5, 0x7A, 0xAE,
    0x51, 0xF1, 0x7A, 0xE5, 0x3E, 0x49, 0x7A, 0x06, 0x54, 0x3D, 0xC3, 0xC4, 0x73, 0x5E, 0x8E, 0x30,
    0xD2, 0x7E, 0xCD, 0x67, 0xF9, 0xE8, 0xF1, 0x3D, 0xAA, 0x03, 0x25, 0x5A, 0x09, 0xB6, 0x99, 0xA1,
    0x7C, 0x06, 0xD0, 0xFB, 0xDC, 0x8D, 0x89, 0xC6, 0x8B, 0x08, 0x2B, 0x04, 0xE7, 0x41, 0x07, 0x91,
    0x93, 0x43, 0x10, 0x43, 0xA6, 0x82, 0xEE, 0xE1, 0x37, 0x99, 0x4E, 0xF9, 0xAD, 0x4C, 0x08, 0x32,
    0x23, 0x1D, 0x02, 0x1C, 0xCE, 0x3B, 0xAD, 0xF2, 0x52, 0x5C, 0x85, 0x34, 0xF3, 0xF4, 0x7C, 0xF3,
    0xC3, 0xB6, 0xA9, 0x5E, 0x64, 0xAC, 0xB9, 0x89, 0x17, 0xAB, 0xD7, 0xCC, 0xA2, 0x05, 0x77, 0xEF,
    0x35, 0x51, 0x87, 0xAE, 0xC7, 0x52, 0x14, 0xB5, 0xD0, 0x30, 0xF4, 0x53, 0x44, 0x5D, 0x93, 0x08,
    0x35, 0x65, 0x78, 0xD1, 0xC9, 0x11, 0x51, 0x2F, 0xF4, 0x36, 0xD5, 0xFA, 0x91, 0x8B, 0x7E, 0xE6,
    0x52, 0x06, 0xBC, 0x3E, 0xB5, 0x80, 0x4B, 0x01, 0x6A, 0xD1, 0xC5, 0xB5, 0x4A, 0x8E, 0xA5, 0x47,
    0x5B, 0x1C, 0x11, 0xFE, 0xDD, 0x13, 0xC2, 0xEB, 0x0E, 0x83, 0xF1, 0xB4, 0x2F, 0x34, 0x53, 0x00,
    0xDD, 0x3E, 0x47, 0x5E, 0xB7, 0x61, 0x5D, 0x13, 0x1D, 0x19, 0x99, 0x21, 0x53, 0x00, 0x26, 0x49,
    0xA9, 0x33, 0xB2, 0x7C, 0xAB, 0xA3, 0x2F, 0x81, 0x46, 0x01, 0x79, 0x24, 0x19, 0xAB, 0xC7, 0x3A,
    0x83, 0x59, 0xE4, 0xC5, 0xDE, 0x5F, 0x8A, 0xDB, 0xD5, 0x2E, 0xC7, 0xCB, 0x0F, 0xC6, 0x0B, 0x2B,
    0xE3, 0xCA, 0x7F, 0x81, 0xB5, 0x26, 0x8A, 0xE3, 0x67, 0xAB, 0x56, 0x84, 0xF7, 0xFB, 0x3A, 0xAC,
    0xEB, 0x6C, 0xEF, 0xF4, 0x9E, 0x79, 0xAE, 0xE4, 0x78, 0xAB, 0x22, 0x8B, 0x4B, 0xE2, 0x9C, 0xAF,
    0x24, 0x79, 0x5C, 0x68, 0x6B, 0xFC, 0x15, 0xB8, 0x15, 0xC0, 0x25, 0x91, 0x80, 0x33, 0x03, 0x83,
    0x2B, 0x35, 0x43, 0x96, 0xC0, 0x96, 0xA8, 0xC9, 0x7E, 0xA2, 0xF7, 0x04, 0xC4, 0x92, 0x06, 0xF4,
    0x27, 0x79, 0x1A, 0xF6, 0x87, 0x38, 0x56, 0x0C, 0x33, 0x57, 0x58, 0x20, 0xFC, 0xDF, 0x5B, 0xE0,
    0xB1, 0x1D, 0x23, 0x44, 0x08, 0xC6, 0x03, 0x90, 0xE5, 0xC1, 0xD5, 0xD7, 0x6E, 0x76, 0x75, 0x05,
    0x6A, 0x12, 0x28, 0x71, 0x75, 0x69, 0x8A, 0x12, 0xDE, 0x0D, 0x88, 0x11, 0xFD, 0x46, 0xC0, 0x20,
    0xE2, 0xE3, 0x8F, 0xB8, 0xB4, 0x66, 0xE8, 0x80, 0x6A, 0xD5, 0x80, 0x11, 0x4C, 0x11, 0xB5, 0x2D,
    0x7D, 0xBB, 0x44, 0xA9, 0xA1, 0x89, 0x39, 0x1A, 0xEA, 0x06, 0xAA, 0xD5, 0x97, 0xDD, 0x51, 0xB9,
    0xFE, 0x3D, 0x02, 0x4C, 0x01, 0xF5, 0x1A, 0x34, 0x27, 0xB0, 0x1E, 0x94, 0x01, 0x22, 0x2D, 0xC8,
    0x8B, 0xD1, 0x90, 0xEF, 0xBC, 0x0F, 0xFD, 0xBC, 0x14, 0xE6, 0xFD, 0x5C, 0x36, 0xB2, 0xD3, 0x0A,
    0x75, 0x2D, 0x7D, 0xA8, 0x9F, 0x77, 0x9E, 0xB8, 0x15, 0x63, 0xC6, 0x18, 0x99, 0x1C, 0x53, 0x88,
    0xE6, 0x49, 0x54, 0x89, 0x5F, 0xBE, 0xCD, 0x1F, 0x50, 0x63, 0x34, 0x90, 0xD7, 0xFB, 0x5A, 0xE9,
    0xB9, 0x4A, 0xE5, 0x3A, 0x95, 0x56, 0x11, 0x48, 0x8F, 0xCD, 0x4D, 0x6E, 0x3D, 0x44, 0xE1, 0x44,
    0xDF, 0x9C, 0x98, 0x5D, 0xE0, 0x9F, 0x6D, 0x98, 0x2F, 0x32, 0xB6, 0xCC, 0xCC, 0x22, 0x15, 0xEB,
    0x4D, 0xCB, 0xBE, 0xC6, 0x1D, 0xB5, 0x32, 0xB1, 0x9B, 0x7A, 0xF9, 0x0D, 0xF2, 0x61, 0xA1, 0x89,
    0xA6, 0x0F, 0xB6, 0x79, 0x85, 0x7B, 0xAF, 0xED, 0xFC, 0x98, 0xD9, 0x3F, 0xA7, 0xE6, 0xF3, 0xC4,
    0x54, 0x54, 0x72, 0xF6, 0xF1, 0xFA, 0x39, 0xD0, 0xAE, 0x20, 0x3A, 0xDB, 0x96, 0xFD, 0x96, 0x1F,
    0x4D, 0x00, 0xC0, 0x31, 0x11, 0x1E, 0x18, 0xC5, 0xF2, 0xD9, 0x76, 0x27, 0xCC, 0x3A, 0x7E, 0xA4,
    0x43, 0xDD, 0x08, 0xCA, 0xCC, 0xB1, 0x2A, 0xDD, 0xBC, 0x80, 0xF1, 0xC3, 0x23, 0xFF, 0x48, 0x81,
    0xFE, 0x47, 0x4A, 0x20, 0xFF, 0x48, 0x39, 0x33, 0x62, 0x84, 0x0E, 0xD7, 0xD3, 0xF1, 0x71, 0xD5,
    0xD2, 0xDB, 0x36, 0x3B, 0x72, 0x2F, 0x99, 0x19, 0x75, 0xCD, 0xFE, 0x03, 0x9D, 0x56, 0x31, 0x8C,
    0xDC, 0x44, 0x14, 0x7D, 0x6B, 0xE7, 0x30, 0xB9, 0x81, 0x0C, 0xC5, 0x1E, 0x82, 0x88, 0x60, 0x8A,
    0x14, 0x97, 0x4B, 0x88, 0x29, 0x52, 0x20, 0xB4, 0x67, 0x1B, 0x10, 0x4A, 0x41, 0x91, 0x53, 0x94,
    0xD0, 0x26, 0x42, 0xA2, 0xE0, 0x84, 0x14, 0x8A, 0x2B, 0x6F, 0xCF, 0x56, 0x52, 0xD2, 0x6C, 0x01,
    0xA2, 0xA0, 0xB9, 0x22, 0x45, 0x74, 0x14, 0x50, 0x50, 0x04, 0x69, 0xD7, 0x6B, 0xEE, 0x8A, 0x94,
    0x38, 0x41, 0x40, 0x19, 0x27, 0x08, 0x09, 0x89, 0x82, 0x49, 0x70, 0x88, 0x21, 0x3E, 0x0F, 0xFF,
    0x8F, 0xF7, 0x36, 0x1B, 0x2E, 0xD9, 0xA0, 0xCC, 0x7C, 0x8F, 0xE7, 0xFF, 0xF9, 0xFF, 0xCF, 0xFF,
    0x33, 0xFF, 0xCF, 0x0C, 0x60, 0x63, 0x39, 0x7D, 0x3F, 0x3E, 0x89, 0xA5, 0x47, 0x56, 0xE0, 0x19,
    0xBC, 0xD1, 0x9B, 0xEF, 0x3D, 0xFD, 0x68, 0x96, 0xA5, 0x48, 0x45, 0x6A, 0x79, 0xBD, 0x69, 0x17,
    0x36, 0x2E, 0x05, 0x7A, 0x3B, 0xD0, 0x55, 0xA0, 0x73, 0x82, 0x85, 0x8D, 0x5E, 0xA0, 0xA9, 0xA0,
    0x69, 0x17, 0x36, 0xA8, 0x60, 0x37, 0xA5, 0x23, 0xE2, 0x27, 0x07, 0x27, 0x34, 0xB3, 0xE4, 0x64,
    0x6B, 0xD3, 0x91, 0xF0, 0x10, 0x60, 0x0D, 0x03, 0xA2, 0x04, 0x54, 0x7D, 0xAC, 0xA2, 0x4F, 0x7D,
    0x2F, 0x66, 0xFA, 0x22, 0x61, 0xA0, 0xB1, 0x35, 0xA2, 0x7B, 0x90, 0xD4, 0x97, 0x4E, 0xEA, 0xC9,
    0x34, 0x90, 0xF1, 0x9A, 0x17, 0x0E, 0x02, 0xB0, 0x94, 0x41, 0x7D, 0x37, 0x5C, 0xF5, 0xD0, 0xF7,
    0x99, 0xE2, 0x7E, 0x92, 0x79, 0x27, 0x88, 0x98, 0xFA, 0x32, 0xEC, 0xB8, 0x4C, 0x21, 0x4E, 0xE2,
    0xF7, 0x65, 0xEC, 0xC9, 0x98, 0x34, 0x10, 0xC5, 0xCE, 0x0D, 0x64, 0xB0, 0x32, 0x0C, 0x75, 0xAC,
    0x75, 0xFC, 0xDE, 0x8F, 0xA1, 0x95, 0x32, 0x6A, 0x8F, 0x21, 0x9F, 0x00, 0xC5, 0xAD, 0x95, 0xE3,
    0xE4, 0xD5, 0x50, 0x1B, 0x7E, 0x6B, 0x87, 0x81, 0x3A, 0x0D, 0xE5, 0x24, 0x69, 0xD8, 0x61, 0xF6,
    0xE2, 0x61, 0xA6, 0x15, 0xD5, 0x3C, 0xCA, 0xF6, 0x23, 0x44, 0x81, 0x1A, 0x3A, 0x27, 0x3C, 0x2C,
    0xD1, 0x63, 0x93, 0x10, 0x61, 0x48, 0x9F, 0x29, 0x03, 0x27, 0xAF, 0x85, 0xA2, 0x16, 0x23, 0x5C,
    0x64, 0x83, 0x5A, 0xE6, 0x35, 0xFF, 0x1B, 0x42, 0x3D, 0xC0, 0x72, 0xEF, 0xEC, 0x94, 0xBD, 0x5F,
    0xA2, 0x71, 0x52, 0x3C, 0x85, 0x61, 0x2E, 0x8C, 0xB2, 0xA6, 0xCE, 0xE0, 0x51, 0x75, 0x2E, 0xFC,
    0x20, 0x64, 0xE6, 0xE9, 0x3C, 0x73, 0x66, 0x9E, 0x69, 0x3C, 0xA3, 0x22, 0x0B, 0x94, 0xBC, 0x43,
    0x55, 0x4B, 0xD1, 0x6F, 0xD1, 0xA7, 0x35, 0x05, 0x56, 0x7D, 0xC1, 0x1B, 0xB0, 0xEA, 0xC9, 0xD0,
    0x60, 0x1E, 0xCC, 0xD8, 0x6A, 0x14, 0x47, 0xB1, 0x57, 0x95, 0xFA, 0x06, 0x05, 0xC5, 0x9D, 0xDB,
    0xB7, 0x6E, 0xDF, 0xA6, 0x15, 0xFF, 0x25, 0xFF, 0xF3, 0x86, 0x82, 0xB3, 0x95, 0xDF, 0xCD, 0x15,
    0xE4, 0xDB, 0x06, 0xF3, 0x2C, 0x33, 0xB6, 0xC8, 0xCB, 0x99, 0x53, 0xAC, 0xB0, 0x1C, 0xFE, 0x53,
    0x46, 0x13, 0x8F, 0xA7, 0x36, 0x93, 0x37, 0xAB, 0x3B, 0x9A, 0x7E, 0x6C, 0xC0, 0xD8, 0x04, 0xE6,
    0x59, 0x8C, 0x52, 0xAE, 0x6C, 0x86, 0x62, 0xF5, 0xC6, 0x10, 0xAA, 0x64, 0xCA, 0x4D, 0xF5, 0x97,
    0xBA, 0xAB, 0x0A, 0x32, 0x46, 0xDD, 0x25, 0x73, 0x0A, 0xC8, 0xF3, 0x44, 0xF9, 0x8B, 0x28, 0x5E,
    0x6B, 0xC4, 0x43, 0x26, 0x99, 0x1D, 0x67, 0xA3, 0x8C, 0x9E, 0xB1, 0x3D, 0x96, 0xB2, 0x73, 0x91,
    0x4A, 0x1C, 0x45, 0x9B, 0xFA, 0x95, 0x7D, 0x43, 0x89, 0xAD, 0x9C, 0x02, 0xF1, 0xA8, 0x44, 0x7B,
    0x86, 0x29, 0x5D, 0x22, 0x55, 0x62, 0xEB, 0x86, 0x92, 0xE4, 0xEC, 0x51, 0x1A, 0x69, 0xCF, 0xCC,
    0x90, 0x1A, 0x1F, 0x2E, 0x44, 0x6C, 0xA7, 0x08, 0xFB, 0x94, 0x1A, 0x6E, 0xE8, 0x8A, 0x54, 0x5C,
    0xC8, 0xEC, 0xEF, 0x14, 0xC2, 0xA5, 0x7E, 0xE0, 0x86, 0xBE, 0xFB, 0x6E, 0xEA, 0x8A, 0xAD, 0x4C,
    0x5C, 0xB8, 0xAA, 0x88, 0xFA, 0x0D, 0x91, 0xDB, 0xAD, 0x98, 0x63, 0xD7, 0x51, 0xD8, 0xB7, 0x82,
    0x03, 0x1D, 0x74, 0x0E, 0x60, 0x45, 0x1A, 0x23, 0xC2, 0x56, 0x61, 0x2B, 0x99, 0x79, 0x71, 0x10,
    0xBA, 0xA9, 0xA3, 0xAC, 0x12, 0xB4, 0x22, 0x7B, 0x28, 0xAF, 0xBC, 0x58, 0xE4, 0x76, 0x61, 0x95,
    0x8E, 0xA2, 0x54, 0x0A, 0xF7, 0x8E, 0x6C, 0x6E, 0x3B, 0xD9, 0x73, 0x8B, 0x22, 0xEB, 0x7B, 0xC7,
    0x37, 0x4B, 0x91, 0x89, 0xDC, 0x2A, 0xBC, 0x18, 0x83, 0x04, 0x7D, 0xAF, 0x5C, 0xDC, 0x96, 0x2A,
    0xEA, 0x7B, 0x85, 0x8F, 0x64, 0x00, 0xAB, 0xF4, 0x42, 0x91, 0x8B, 0xCC, 0x3B, 0x7F, 0xBE, 0xF0,
    0x89, 0xFF, 0x05, 0x91, 0x1D, 0x44, 0x2B, 0x04, 0x07, 0xB0, 0xCC, 0x13, 0xD1, 0x40, 0x46, 0xB1,
    0xDC, 0x25, 0x70, 0x1A, 0x48, 0xC7, 0x81, 0x4E, 0x3C, 0xD4, 0x36, 0xA8, 0x57, 0x53, 0x2E, 0xA6,
    0xC1, 0xF5, 0x4C, 0x5C, 0xC9, 0xC5, 0x95, 0xCC, 0xB9, 0x9E, 0x3A, 0x1A, 0x4E, 0xC9, 0xCE, 0xD8,
    0x3B, 0xB9, 0x41, 0xB9, 0xC5, 0xA8, 0x1A, 0xA1, 0x81, 0xAE, 0x09, 0x46, 0xC8, 0xC7, 0x74, 0x48,
    0x1E, 0xC1, 0xB3, 0x10, 0x9F, 0x5D, 0x46, 0x4B, 0x37, 0x69, 0x86, 0xE5, 0x10, 0xCE, 0x3D, 0x85,
    0x03, 0x34, 0x72, 0x0C, 0x0E, 0x45, 0xAE, 0x05, 0xB4, 0x00, 0x01, 0xEC, 0x03, 0xD1, 0xF0, 0x3A,
    0xCB, 0xD1, 0x52, 0xB4, 0xD2, 0xD1, 0xBA, 0xC9, 0x66, 0xDD, 0x5E, 0xC2, 0xCA, 0xBE, 0x46, 0x43,
    0x13, 0x30, 0x4D, 0xEB, 0x70, 0xAC, 0xD9, 0xBF, 0x7F, 0x41, 0x3F, 0x87, 0x52, 0x9E, 0x54, 0x9D,
    0xFB, 0x9B, 0xC3, 0xC8, 0x33, 0x06, 0x75, 0x4D, 0xD4, 0x55, 0x5D, 0x6A, 0x2E, 0x1E, 0x7C, 0xE5,
    0x10, 0x28, 0xED, 0x29, 0x2A, 0x40, 0x63, 0x1D, 0x5C, 0xBC, 0xF5, 0xF5, 0xA1, 0xCE, 0x47, 0x5A,
    0x2B, 0x3A, 0x70, 0xBF, 0xD2, 0xEB, 0x87, 0xF5, 0x6F, 0xF6, 0x36, 0xA0, 0x43, 0xF1, 0x07, 0xAC,
    0x7B, 0xA9, 0x7B, 0x22, 0x76, 0x7E, 0xC8, 0xC5, 0x2C, 0xAC, 0xCD, 0x51, 0x34, 0x73, 0xFC, 0x6D,
    0xF4, 0x8C, 0x7C, 0x9F, 0x15, 0x59, 0xE4, 0x75, 0x0A, 0x19, 0x53, 0x48, 0x50, 0x5C, 0xF0, 0xC1,
    0xD8, 0xD0, 0x32, 0xB6, 0x8C, 0x42, 0x99, 0x68, 0xC3, 0x6C, 0x48, 0x07, 0x46, 0x7F, 0x5C, 0x1F,
    0x86, 0x37, 0xC7, 0x80, 0x93, 0xD9, 0xE3, 0x1A, 0xE5, 0x51, 0xFE, 0x00, 0x4E, 0x75, 0x2E, 0x1C,
    0x6D, 0x88, 0xA5, 0xF3, 0xA1, 0xFE, 0x5E, 0x57, 0xFE, 0x99, 0x9F, 0x7F, 0xDA, 0x06, 0x9D, 0x50,
    0x03, 0xD0, 0x6E, 0x0D, 0xE0, 0xA6, 0x56, 0x85, 0x61, 0x28, 0x14, 0xFD, 0xBC, 0x94, 0xB6, 0x23,
    0xE0, 0x2D, 0x5A, 0x9C, 0xC8, 0x41, 0xA2, 0x45, 0xBC, 0x9C, 0xC3, 0xA6, 0x37, 0x2E, 0x5E, 0x6D,
    0x97, 0x43, 0xBD, 0x59, 0xFA, 0x67, 0xAE, 0xD1, 0xCE, 0xDE, 0x2C, 0x21, 0xE8, 0xEF, 0x6E, 0x16,
    0x18, 0xBE, 0x59, 0x58, 0x15, 0xC7, 0x28, 0x7D, 0x79, 0xAB, 0xB8, 0xAF, 0xC7, 0x2A, 0x1C, 0x65,
    0x57, 0xFC, 0xDF, 0xA1, 0xD5, 0x42, 0xC7, 0xB5, 0xA7, 0x55, 0x22, 0x3F, 0x2F, 0x12, 0xB4, 0xCA,
    0x04, 0x56, 0x31, 0xA0, 0xC9, 0xBA, 0xF0, 0xB2, 0x2E, 0xCD, 0xD8, 0x45, 0x45, 0x5F, 0x39, 0x9E,
    0x73, 0x40, 0x78, 0xDD, 0xAA, 0xCC, 0x9F, 0xCB, 0xDC, 0xE9, 0x53, 0xE6, 0xDA, 0xAB, 0x40, 0xF3,
    0x90, 0xDD, 0xB4, 0x82, 0x6E, 0x4C, 0x2E, 0x90, 0x10, 0x71, 0xD0, 0x3C, 0xE4, 0x68, 0xA4, 0x7B,
    0x91, 0x2E, 0x56, 0x74, 0xB5, 0xA2, 0xB7, 0x27, 0xA0, 0x32, 0xA0, 0x56, 0xEE, 0x84, 0x2B, 0x39,
    0x76, 0xC3, 0xD9, 0x1E, 0x5A, 0xA7, 0x4F, 0xB9, 0xAC, 0xBC, 0x3F, 0xAC, 0x8F, 0xE8, 0x09, 0x88,
    0xEA, 0x23, 0x34, 0xA3, 0xD0, 0x95, 0x31, 0x20, 0x0C, 0xB4, 0xF2, 0x75, 0x75, 0x4C, 0x6F, 0x1F,
    0xD3, 0xF5, 0x04, 0x90, 0x60, 0xD9, 0x5C, 0x90, 0xBC, 0xED, 0x7D, 0xDE, 0x68, 0xFF, 0xDB, 0xCB,
    0x91, 0x2E, 0x9F, 0xD7, 0x9F, 0x5A, 0x94, 0x0D, 0xD7, 0x63, 0x79, 0x25, 0x6B, 0xBD, 0x85, 0x79,
    0x24, 0x54, 0xE7, 0x27, 0x16, 0xFC, 0x14, 0xB9, 0xE7, 0x93, 0x13, 0x2E, 0x66, 0x1F, 0x1E, 0xF5,
    0x4F, 0x50, 0x1E, 0x9A, 0x51, 0x53, 0xED, 0xFA, 0x3F, 0x0C, 0x03, 0x19, 0xD7, 0x2E, 0x06, 0xDE,
    0x4E, 0x70, 0x97, 0x68, 0xA9, 0xD1, 0x75, 0xDC, 0xC4, 0x32, 0x87, 0x38, 0x5F, 0xE8, 0x69, 0xDF,
    0xE5, 0x6C, 0x68, 0xD5, 0x3D, 0x3C, 0x05, 0xA9, 0xF5, 0xAF, 0xE7, 0xE0, 0xBF, 0x33, 0xA4, 0x15,
    0x3C, 0x08, 0xBE, 0xEF, 0xF0, 0x21, 0x79, 0xA9, 0x15, 0x5E, 0x36, 0x5E, 0x0A, 0x9C, 0x65, 0x2F,
    0x0F, 0x62, 0x4F, 0x07, 0xB2, 0xA3, 0x84, 0xCE, 0x2C, 0x1D, 0x47, 0xBA, 0x3A, 0xAC, 0x2F, 0xD9,
    0x3A, 0x95, 0x6B, 0x6A, 0x6F, 0x67, 0x9D, 0xF2, 0x90, 0xCF, 0x26, 0x0A, 0x4B, 0xA1, 0xF8, 0xE2,
    0xDE, 0x29, 0xB4, 0xEF, 0x1A, 0x18, 0x4C, 0xBA, 0x6E, 0xF5, 0x98, 0x87, 0x38, 0x5B, 0xA1, 0xA5,
    0xCA, 0x7E, 0x97, 0x6E, 0x80, 0x82, 0x8E, 0xE8, 0x6B, 0xB7, 0x94, 0x14, 0x17, 0xF8, 0x90, 0x16,
    0xC7, 0xD3, 0xF6, 0x1E, 0x3A, 0xA6, 0x59, 0x21, 0x98, 0x11, 0x2C, 0x80, 0x49, 0xB5, 0x13, 0xEA,
    0x7D, 0x9E, 0x20, 0xE2, 0x29, 0x82, 0x5D, 0xC3, 0x56, 0x6F, 0x47, 0xD6, 0x68, 0x61, 0x7D, 0x6D,
    0x86, 0x84, 0x25, 0x6A, 0x6E, 0x28, 0xDB, 0x5F, 0xDD, 0x25, 0x66, 0xDE, 0x0B, 0x8D, 0x58, 0xBE,
    0x6B, 0x90, 0x22, 0xE3, 0x50, 0xA3, 0xC0, 0x34, 0x46, 0x1F, 0x12, 0x7D, 0xDF, 0xC5, 0x01, 0xF7,
    0xDB, 0xE6, 0x21, 0xD2, 0x7C, 0xFE, 0x83, 0x0A, 0x56, 0xE9, 0xB6, 0xAA, 0x11, 0x84, 0x09, 0x7D,
    0xF3, 0x78, 0xF1, 0xC1, 0xC1, 0x60, 0x24, 0x33, 0xF6, 0x65, 0x9D, 0xCD, 0x56, 0x6D, 0xC8, 0x4C,
    0x25, 0x90, 0xB9, 0x1A, 0xD2, 0x4E, 0x2A, 0x3E, 0x07, 0xCD, 0xB9, 0x48, 0xCD, 0xC2, 0x97, 0xFF,
    0x6C, 0xC4, 0xFC, 0x8E, 0x4C, 0x4D, 0xEF, 0xFE, 0x80, 0xC8, 0x88, 0xCF, 0x48, 0x18, 0x59, 0xA3,
    0xC5, 0xE8, 0xEB, 0x0E, 0x13, 0xB6, 0x3A, 0x19, 0xB2, 0x9A, 0xAE, 0x4E, 0xDA, 0xED, 0xA4, 0x5E,
    0x25, 0x17, 0xBA, 0x8C, 0x60, 0x3E, 0x49, 0xDA, 0x73, 0xE1, 0xFE, 0x90, 0x9F, 0x1B, 0x8F, 0x79,
    0xD2, 0xF4, 0x96, 0xA8, 0x4C, 0xE7, 0x09, 0x52, 0x37, 0x94, 0x98, 0xC1, 0xB4, 0x27, 0xCD, 0x2C,
    0x3D, 0x40, 0xE9, 0xF2, 0x4C, 0xA7, 0xF1, 0x48, 0xBC, 0x96, 0x2E, 0xC4, 0xB3, 0x53, 0xF4, 0xB4,
    0x69, 0x29, 0x1F, 0x67, 0xF3, 0xBF, 0xD5, 0x91, 0xBF, 0x6A, 0xDC, 0x40, 0x10, 0xC6, 0x3F, 0x9D,
    0x72, 0x31, 0x44, 0x70, 0x72, 0x73, 0x24, 0xC1, 0xD8, 0x6A, 0x92, 0x26, 0x44, 0x51, 0x15, 0x70,
    0xB1, 0x2B, 0xE9, 0x11, 0xAE, 0x70, 0xE1, 0x32, 0x4D, 0x1A, 0xD7, 0x29, 0x64, 0x58, 0xDD, 0xEA,
    0x11, 0xFC, 0x08, 0xD7, 0xA6, 0x4B, 0x71, 0xC5, 0x15, 0x7B, 0xE0, 0x47, 0xD0, 0x23, 0x88, 0x34,
    0xD7, 0xA4, 0x98, 0xC0, 0x82, 0x07, 0xBC, 0xD2, 0x65, 0x65, 0x73, 0x07, 0x81, 0xBC, 0x40, 0xE6,
    0xDB, 0x62, 0xE6, 0x2B, 0x7E, 0xF3, 0x67, 0xA3, 0xAE, 0xE0, 0xA5, 0x51, 0xD2, 0xE4, 0x46, 0x2A,
    0x59, 0xB8, 0xC4, 0x06, 0xE5, 0x1B, 0x01, 0xF1, 0x1C, 0xB0, 0x21, 0x9F, 0xF0, 0x8C, 0x3F, 0x72,
    0xC5, 0xFB, 0xFD, 0x4D, 0x0F, 0xC6, 0x69, 0xC2, 0x19, 0x0B, 0xE4, 0x77, 0x05, 0x43, 0x41, 0x7E,
    0x36, 0x85, 0x9D, 0x96, 0x13, 0x4E, 0x5C, 0x0E, 0xB5, 0xD0, 0x6E, 0xA4, 0xC8, 0x3A, 0xE1, 0x60,
    0x71, 0xF3, 0x5D, 0xF7, 0x10, 0xD8, 0xC0, 0x4E, 0x28, 0x6C, 0xA3, 0xFB, 0xB8, 0x99, 0x22, 0xEA,
    0x0A, 0x27, 0x44, 0x6E, 0x12, 0xCA, 0xDD, 0x46, 0xD6, 0x75, 0xC1, 0xD3, 0xC5, 0xE8, 0xF9, 0xFE,
    0x72, 0xB9, 0xCD, 0xB6, 0x10, 0x73, 0x2E, 0x68, 0x8E, 0x49, 0x19, 0x36, 0xAF, 0xEF, 0xB4, 0x0B,
    0x9B, 0xB0, 0x09, 0xCA, 0xB9, 0xE7, 0x02, 0xF3, 0x2B, 0xCD, 0x80, 0x76, 0xF3, 0x2B, 0x60, 0xE6,
    0xC1, 0x97, 0xF8, 0x86, 0x35, 0x7E, 0x78, 0xAD, 0x51, 0xF9, 0x3A, 0xC5, 0x2B, 0x60, 0x2D, 0xD2,
    0x8B, 0x59, 0x1C, 0xCF, 0xCE, 0xC5, 0xE5, 0x17, 0x60, 0x47, 0x3D, 0x93, 0x38, 0x28, 0xFA, 0xC7,
    0xAA, 0xC1, 0x2A, 0xA2, 0x82, 0x3E, 0xD0, 0xE4, 0x28, 0x94, 0x67, 0x9D, 0xE6, 0x77, 0x06, 0x26,
    0xB0, 0x27, 0x6D, 0x52, 0x6A, 0x37, 0xB6, 0x3C, 0xF3, 0x43, 0x9E, 0x2A, 0x6C, 0x62, 0x7A, 0x69,
    0x20, 0x6F, 0x8D, 0xE6, 0x69, 0xF9, 0x5F, 0x1F, 0x27, 0xB1, 0x6F, 0x0D, 0x44, 0xE6, 0x94, 0xA8,
    0x4D, 0xF1, 0x0B, 0x88, 0x6C, 0xAE, 0x44, 0xAA, 0x07, 0x85, 0xFC, 0x3A, 0x76, 0x4F, 0xF5, 0x56,
    0x5C, 0x54, 0xB1, 0x48, 0xF2, 0x3A, 0xF6, 0xE8, 0x4A, 0x4A, 0xBF, 0x7C, 0xD4, 0xC6, 0x24, 0xAB,
    0x8D, 0x04, 0xB2, 0xEE, 0xBD, 0x41, 0xAA, 0xFB, 0xDB, 0x5A, 0xAA, 0xC4, 0x02, 0x2B, 0x90, 0xD7,
    0x03, 0x0D, 0x6C, 0x8F, 0x07, 0x3F, 0xB8, 0x54, 0xFD, 0xA6, 0x87, 0xFB, 0x7D, 0xF3, 0xD8, 0x92,
    0x25, 0xE5, 0x5D, 0x3A, 0x04, 0x76, 0x3F, 0xED, 0x30, 0x18, 0x52, 0x92, 0xAA, 0xF4, 0xF8, 0x30,
    0xFE, 0xDC, 0xDF, 0xA0, 0x5D, 0x37, 0x30, 0x29, 0x9F, 0xAB, 0x9E, 0x1F, 0xBB, 0x27, 0x28, 0xC6,
    0x21, 0xEA, 0x55, 0x8D, 0xAC, 0x0D, 0xE8, 0x2B, 0xE9, 0x0E, 0x78, 0x81, 0x73, 0xE8, 0x76, 0xD9,
    0xA4, 0x18, 0xF5, 0x69, 0x11, 0xB7, 0xC0, 0x1F, 0x7D, 0x55, 0x3D, 0x6C, 0x1C, 0x45, 0x14, 0x7E,
    0x7B, 0x9B, 0xE4, 0x14, 0x8D, 0x60, 0x28, 0x12, 0x09, 0x05, 0xC4, 0x52, 0x52, 0x04, 0x4F, 0x43,
    0x01, 0x92, 0x7D, 0xB3, 0x0A, 0x45, 0x0A, 0x14, 0xE1, 0x22, 0x16, 0x05, 0x05, 0x0D, 0x95, 0x89,
    0x64, 0x0A, 0x2A, 0xE4, 0xDB, 0x5D, 0x85, 0x22, 0x45, 0x84, 0xB0, 0x22, 0x7E, 0x8A, 0x14, 0xA4,
    0x48, 0x91, 0x58, 0x48, 0xE7, 0xC2, 0xC5, 0x01, 0xE7, 0xDB, 0x01, 0x84, 0x10, 0x4A, 0xC1, 0x4A,
    0x08, 0x1A, 0x0A, 0x56, 0x82, 0x04, 0x70, 0x10, 0x1E, 0xA2, 0x25, 0x3A, 0xC7, 0xBB, 0x33, 0x7C,
    0x6F, 0xEF, 0xEC, 0x44, 0x80, 0x58, 0xBD, 0xF9, 0xF6, 0xED, 0xFC, 0xBC, 0x7D, 0xF3, 0xDE, 0xF7,
    0x66, 0x88, 0xA8, 0xEB, 0xE3, 0xC8, 0x93, 0x7E, 0x9F, 0x52, 0xA2, 0xAD, 0xE3, 0x67, 0xB7, 0x94,
    0xEB, 0xAB, 0x26, 0x55, 0xA4, 0xFD, 0xB5, 0xC8, 0x37, 0x9D, 0xBC, 0x26, 0x45, 0xA4, 0xDE, 0x25,
    0xE5, 0x58, 0xC2, 0x33, 0x44, 0xE2, 0x23, 0x22, 0xEF, 0xB1, 0xD0, 0x93, 0x74, 0x3D, 0x52, 0x6F,
    0x3F, 0x43, 0xFA, 0xF1, 0xD7, 0x49, 0x9F, 0xDC, 0xA0, 0xF4, 0xD9, 0x92, 0x34, 0xB7, 0x37, 0x0A,
    0xD2, 0x7F, 0x1A, 0x8A, 0xEE, 0x7C, 0x49, 0xC2, 0x3B, 0xEA, 0xA0, 0xD1, 0xED, 0x35, 0x0A, 0xBE,
    0xA2, 0x83, 0x27, 0x9F, 0x84, 0xBE, 0x96, 0xBB, 0xE7, 0x22, 0x43, 0x3A, 0x26, 0x4D, 0x87, 0xB4,
    0xEC, 0x6B, 0xD9, 0x68, 0xF9, 0xB3, 0x96, 0x46, 0xBF, 0x68, 0xD4, 0x37, 0x46, 0xFA, 0xDF, 0xBB,
    0xBE, 0x0E, 0xFC, 0x04, 0xD3, 0x25, 0x26, 0x43, 0xB6, 0xAF, 0x49, 0x43, 0x33, 0xF1, 0x95, 0xF4,
    0x13, 0xB9, 0x7D, 0x15, 0xFA, 0xCA, 0x36, 0xE5, 0xD8, 0xC8, 0x77, 0xB3, 0xA1, 0xA9, 0xFD, 0x8E,
    0xAF, 0xC3, 0xDD, 0x57, 0xBB, 0x96, 0x20, 0xDA, 0x17, 0x90, 0xFB, 0x4A, 0xC9, 0xD3, 0xF4, 0xF6,
    0x75, 0xED, 0x9D, 0x66, 0xE7, 0x3A, 0x25, 0x96, 0x84, 0x86, 0x8E, 0x9D, 0x38, 0xFD, 0x1B, 0xF5,
    0xBD, 0xF7, 0x26, 0x05, 0x94, 0xE9, 0x29, 0x27, 0x6C, 0x1A, 0xD4, 0xE1, 0x14, 0x92, 0x16, 0x3A,
    0x0C, 0x21, 0x83, 0x60, 0x90, 0x0C, 0x0A, 0x40, 0xF3, 0xFC, 0xDF, 0x21, 0xC3, 0x22, 0x9A, 0x32,
    0x43, 0x96, 0x72, 0xA8, 0xEC, 0x70, 0xCE, 0x0E, 0x73, 0xEF, 0x20, 0x73, 0xF3, 0xC3, 0x3C, 0x67,
    0x45, 0xC9, 0xA1, 0x92, 0x13, 0xD5, 0x9D, 0xA8, 0x90, 0x25, 0x6D, 0xB0, 0x22, 0xF5, 0x70, 0x3D,
    0xCD, 0xE1, 0x4A, 0x02, 0x4F, 0x29, 0x09, 0xAD, 0x9D, 0x81, 0xB8, 0x73, 0x2F, 0x4B, 0xFD, 0x8F,
    0xEC, 0xD5, 0xE9, 0xDD, 0x38, 0xBD, 0xDA, 0x41, 0x1F, 0x3D, 0x00, 0x55, 0x9C, 0x50, 0xE0, 0x4D,
    0x82, 0x6D, 0x4F, 0x77, 0x3F, 0xB3, 0x17, 0xB3, 0x3D, 0xF4, 0x24, 0xD2, 0x2C, 0xC7, 0x89, 0xF8,
    0xD6, 0x17, 0x89, 0xBC, 0xB1, 0x67, 0x92, 0x95, 0x1B, 0x06, 0xA3, 0xC2, 0x62, 0x5E, 0xE8, 0x28,
    0x19, 0x13, 0xD6, 0x6A, 0x8A, 0x8A, 0x44, 0x65, 0xDD, 0x32, 0x91, 0x5F, 0x8B, 0x22, 0x11, 0x3F,
    0xA0, 0xAF, 0xBB, 0xC7, 0x26, 0xF0, 0x8C, 0x84, 0x59, 0x5D, 0x95, 0xC5, 0x68, 0x5E, 0x96, 0x93,
    0x05, 0x59, 0x56, 0x0B, 0x4F, 0xD8, 0x6A, 0xEE, 0x69, 0x6B, 0x55, 0xFF, 0xAF, 0x0A, 0x81, 0x6A,
    0xA2, 0xFE, 0x27, 0x95, 0x5C, 0x7D, 0xB3, 0x94, 0x43, 0x5D, 0x88, 0x4A, 0x1B, 0x6E, 0x5D, 0xAB,
    0x4C, 0x68, 0xA3, 0x4C, 0xFB, 0x52, 0x02, 0x6A, 0x99, 0xF5, 0x96, 0x1C, 0x80, 0x34, 0x40, 0xAB,
    0xFF, 0x87, 0x28, 0xEE, 0x69, 0x52, 0x80, 0xA5, 0x9C, 0x7A, 0x58, 0xCC, 0xC0, 0x39, 0xC2, 0x16,
    0x0F, 0xE7, 0x31, 0x29, 0x5F, 0xD0, 0x09, 0x9F, 0xF1, 0x77, 0xA7, 0x49, 0xC0, 0x05, 0x47, 0xD1,
    0x9E, 0x23, 0x6D, 0xC6, 0xA4, 0xB3, 0x04, 0x8C, 0x4A, 0xA6, 0x6F, 0x7C, 0xAB, 0x5B, 0xAE, 0x1D,
    0x0F, 0x9B, 0xDE, 0x01, 0xF9, 0x04, 0x0C, 0x06, 0x4B, 0x67, 0x5B, 0x5D, 0x35, 0xE4, 0x5D, 0xE8,
    0xCE, 0x21, 0xE4, 0x12, 0xB4, 0xE5, 0x18, 0x17, 0x92, 0xC3, 0x13, 0xA7, 0x3E, 0x43, 0x0F, 0xA2,
    0x84, 0xD1, 0xC0, 0x37, 0xA4, 0x6A, 0x9E, 0x9E, 0xC1, 0x64, 0x86, 0xB2, 0x38, 0x5F, 0x91, 0xBA,
    0x60, 0x49, 0xBD, 0x63, 0x48, 0x7D, 0x98, 0xD1, 0x8A, 0x3F, 0x8B, 0xB2, 0xA8, 0xC1, 0xC3, 0x5F,
    0x09, 0xDC, 0x25, 0x75, 0xB1, 0x20, 0xF5, 0x16, 0xC6, 0xCF, 0x4F, 0xA6, 0xF3, 0xB1, 0x6E, 0xCA,
    0x81, 0x65, 0x7F, 0x9D, 0xC6, 0x8F, 0x50, 0x6E, 0x39, 0x59, 0x63, 0xEA, 0xB8, 0x27, 0xA5, 0xB7,
    0x47, 0xF3, 0x0C, 0x3A, 0x92, 0x21, 0x1D, 0x1D, 0x1A, 0x13, 0xF4, 0xE9, 0xA3, 0x78, 0x93, 0x70,
    0xA6, 0x02, 0x3E, 0xF7, 0x32, 0x67, 0x35, 0x58, 0xCC, 0x81, 0x5D, 0xAB, 0x19, 0x4B, 0x85, 0xFC,
    0x88, 0x82, 0x51, 0x9A, 0x29, 0x6A, 0xD1, 0x50, 0x94, 0xA5, 0xCA, 0x23, 0x7C, 0xAE, 0x87, 0xC8,
    0x9F, 0xAA, 0x57, 0x81, 0x83, 0x6A, 0x24, 0x63, 0xEC, 0xCE, 0xE7, 0x94, 0xEE, 0x92, 0xE7, 0xAD,
    0x04, 0x6C, 0x94, 0x19, 0x74, 0x80, 0x61, 0xD9, 0x62, 0x41, 0x0F, 0x3C, 0xAA, 0x22, 0x9C, 0x02,
    0xCD, 0x16, 0xD5, 0x3D, 0xAA, 0x17, 0xA8, 0xE9, 0xD3, 0xB8, 0x26, 0x8D, 0xCD, 0xDB, 0x40, 0x16,
    0x42, 0x5A, 0x39, 0xA8, 0x94, 0xAB, 0x17, 0xAA, 0x7A, 0xF3, 0xCA, 0x56, 0xEB, 0x77, 0x42, 0x87,
    0x1D, 0x89, 0x9A, 0x03, 0xC7, 0xFE, 0xC7, 0xCA, 0x5B, 0xF5, 0x41, 0x95, 0xDF, 0x6E, 0x69, 0x1F,
    0xD7, 0xA0, 0x0B, 0x74, 0x75, 0xD9, 0x22, 0x87, 0xCA, 0xC5, 0x70, 0xFA, 0x40, 0x48, 0xA0, 0xE5,
    0xAE, 0x3D, 0x5B, 0x22, 0x3F, 0x20, 0x7D, 0x03, 0x5B, 0x7F, 0x01, 0x5D, 0x02, 0x86, 0xC5, 0x7B,
    0xE4, 0x84, 0xCF, 0xC6, 0x6D, 0x5B, 0xC9, 0x52, 0xA1, 0x32, 0x7D, 0x51, 0x65, 0xCA, 0xE7, 0x99,
    0xF0, 0x3E, 0x0B, 0xB8, 0x8C, 0x79, 0xFD, 0x11, 0xFC, 0x55, 0x23, 0x68, 0x29, 0x78, 0x0F, 0x96,
    0xD0, 0x5E, 0x49, 0xC1, 0x5D, 0x4B, 0x2F, 0xDD, 0xDB, 0x8D, 0xF1, 0xEB, 0x42, 0x94, 0x0D, 0xBD,
    0x72, 0x73, 0xDC, 0xEA, 0xB0, 0x10, 0x6B, 0x78, 0x00, 0xEA, 0xA3, 0x76, 0xA4, 0x69, 0x10, 0xCA,
    0x96, 0x1D, 0x26, 0xF2, 0x56, 0x5E, 0x9E, 0x50, 0x00, 0x9A, 0xD4, 0xD3, 0xAC, 0x85, 0x3E, 0x1B,
    0xF8, 0x75, 0x28, 0x7C, 0x5A, 0xC1, 0xDB, 0x9B, 0x23, 0x9C, 0x47, 0x9D, 0x36, 0x2F, 0x24, 0x28,
    0xC8, 0x27, 0x5D, 0x54, 0x81, 0x1F, 0xE9, 0x8B, 0x94, 0x0A, 0x38, 0xCB, 0xE2, 0xF6, 0x15, 0xF4,
    0xA0, 0x5F, 0xF9, 0x91, 0x98, 0x1E, 0x67, 0x82, 0xBD, 0x0C, 0xCD, 0x90, 0xBA, 0x66, 0x42, 0xF2,
    0x56, 0xB3, 0x88, 0xC3, 0xC6, 0xA2, 0x95, 0xF2, 0x73, 0x7C, 0xFF, 0x57, 0xFB, 0xAC, 0x59, 0x94,
    0x06, 0x3E, 0x99, 0xD4, 0x1E, 0x24, 0x26, 0x44, 0x41, 0xC0, 0x4F, 0xD2, 0xDF, 0xA3, 0xF1, 0xA6,
    0xB9, 0xC1, 0xFF, 0xA8, 0xE1, 0x63, 0x1D, 0x11, 0x00, 0xC3, 0x48, 0x54, 0x0B, 0x1F, 0xDF, 0xAD,
    0x06, 0x83, 0xD5, 0x2A, 0x7D, 0x68, 0xCE, 0x46, 0x7F, 0xA4, 0x25, 0x82, 0x15, 0x8B, 0x87, 0x4F,
    0xD2, 0x91, 0xA3, 0x8F, 0xEE, 0x13, 0x72, 0xFD, 0x7A, 0xCB, 0xB1, 0x06, 0x7A, 0x8A, 0x30, 0x4E,
    0xE9, 0xF7, 0x2F, 0xC9, 0xBD, 0x7D, 0xCD, 0xAD, 0x51, 0x4D, 0xCB, 0x7E, 0x0D, 0x3A, 0x35, 0x74,
    0xA4, 0x6E, 0x59, 0xDC, 0x06, 0x04, 0xE7, 0xB8, 0x2C, 0xA9, 0x5B, 0x51, 0x07, 0xD4, 0x72, 0xFB,
    0x67, 0xF4, 0x4E, 0x0C, 0x3E, 0x23, 0x0B, 0x3B, 0xB7, 0x59, 0xC9, 0x8B, 0x63, 0xDE, 0xF4, 0xA5,
    0xD9, 0x92, 0xA6, 0xC6, 0xB6, 0xE4, 0x8E, 0x95, 0xA8, 0x35, 0x77, 0x9F, 0x6A, 0x1C, 0xFD, 0x0D,
    0xDE, 0xE1, 0xC6, 0x26, 0x60, 0xEC, 0xD6, 0xAF, 0xC0, 0x2D, 0xAE, 0x6D, 0x64, 0x8B, 0x68, 0x93,
    0x44, 0x46, 0x9B, 0x97, 0xC2, 0x8C, 0x3E, 0xF5, 0x5F, 0xC4, 0x34, 0xEE, 0xA1, 0x6F, 0x74, 0xE8,
    0x18, 0x57, 0x0D, 0x08, 0xAC, 0xB6, 0xAF, 0x70, 0xEA, 0xC0, 0xE0, 0xA0, 0x3D, 0x29, 0x0E, 0xF8,
    0xFC, 0x0F, 0xC8, 0x5D, 0x8C, 0x69, 0x48, 0x9C, 0xE2, 0x72, 0xD5, 0xCF, 0x97, 0x63, 0x1A, 0x87,
    0xA5, 0xA6, 0x7A, 0x06, 0xA0, 0x68, 0xB0, 0x08, 0x80, 0x3B, 0x0F, 0x80, 0x84, 0x4D, 0x24, 0x9C,
    0xE4, 0x36, 0xAE, 0x3D, 0x93, 0x72, 0x9D, 0xB5, 0xEF, 0x15, 0x7C, 0xB3, 0x1D, 0xEF, 0xDB, 0x2B,
    0x85, 0x70, 0x07, 0x41, 0x8F, 0x11, 0x2C, 0x6A, 0xBF, 0x67, 0xB7, 0x11, 0xD1, 0x3C, 0xFE, 0x9D,
    0x56, 0x53, 0x6A, 0x3B, 0x6F, 0xF4, 0x68, 0xA7, 0x4C, 0xE7, 0x7F, 0xB1, 0xE3, 0xF9, 0x9F, 0xAA,
    0x86, 0xDB, 0x53, 0x97, 0xAE, 0x72, 0xCD, 0xA7, 0x9C, 0x44, 0xAE, 0x63, 0x84, 0xE2, 0x31, 0xB7,
    0xBE, 0xA6, 0x61, 0x98, 0x1B, 0x7B, 0x7F, 0x86, 0x45, 0xBB, 0xF6, 0x0E, 0x1B, 0x58, 0xDD, 0x6D,
    0x45, 0x60, 0xD8, 0xB0, 0xA0, 0x27, 0x84, 0x54, 0x2C, 0xD0, 0x31, 0xC7, 0xCD, 0x96, 0xF0, 0xB3,
    0x1C, 0x87, 0xA0, 0x8F, 0x2F, 0xD5, 0xEC, 0xBA, 0xDD, 0x97, 0x8C, 0xA2, 0x9B, 0x1B, 0x38, 0x7F,
    0x3A, 0x5C, 0x2A, 0x74, 0x7C, 0x69, 0x51, 0x7B, 0xAC, 0xB5, 0x7F, 0x03, 0xD3, 0x5A, 0xB5, 0xC2,
    0xFE, 0xFF, 0x1F, 0xAD, 0x55, 0x2B, 0x00, 0x95, 0x90, 0x3D, 0x6A, 0xC4, 0x30, 0x10, 0x85, 0x9F,
    0xB3, 0x04, 0x17, 0x2A, 0x74, 0x04, 0x1D, 0x61, 0x9B, 0xF4, 0x72, 0x9F, 0x62, 0x1B, 0xF7, 0x39,
    0xCA, 0x38, 0x55, 0xCA, 0x1C, 0x61, 0x8F, 0x90, 0x13, 0xC4, 0x1A, 0xC8, 0x01, 0x56, 0x10, 0x48,
    0xBB, 0x6E, 0x9C, 0x76, 0xBB, 0xC5, 0x85, 0xBD, 0x93, 0x91, 0x04, 0xF9, 0x81, 0x40, 0x62, 0xC1,
    0xFB, 0x40, 0x83, 0x78, 0x6F, 0x9E, 0x00, 0x3D, 0x95, 0xDC, 0x0B, 0xD7, 0xF2, 0x20, 0x6C, 0xCE,
    0xB7, 0xE7, 0xC6, 0x46, 0x13, 0x61, 0x47, 0x3B, 0x82, 0x84, 0x04, 0x21, 0xC1, 0x46, 0x1B, 0xFF,
    0x8D, 0xE2, 0xF9, 0xD8, 0xD5, 0xB2, 0x57, 0xC7, 0x5D, 0x97, 0x46, 0x76, 0xBC, 0x6E, 0x48, 0x1C,
    0x07, 0x95, 0x8D, 0x7F, 0xAB, 0x78, 0xEC, 0xB9, 0x78, 0xDC, 0x95, 0xF9, 0xE8, 0x78, 0xAD, 0x47,
    0x69, 0x77, 0xE8, 0x52, 0xBD, 0x63, 0xEE, 0xB7, 0xE3, 0x5C, 0x30, 0x37, 0x4C, 0x3B, 0x91, 0x58,
    0x0E, 0x99, 0x69, 0xF9, 0xF5, 0xFC, 0x4A, 0x39, 0xE6, 0x4F, 0x3C, 0x7C, 0x4B, 0xD1, 0x37, 0x9A,
    0x62, 0xF9, 0x67, 0x4A, 0x9E, 0xAF, 0x64, 0xCA, 0xB8, 0x92, 0x08, 0x27, 0x33, 0xFC, 0xDB, 0x02,
    0xC2, 0xB3, 0xEA, 0xD2, 0xD2, 0x46, 0xA6, 0xAC, 0x7C, 0xFF, 0x4D, 0xA1, 0x25, 0xD0, 0x4C, 0xD8,
    0x4E, 0xF8, 0x3C, 0x95, 0x0C, 0x80, 0x91, 0x45, 0x7F, 0xE1, 0xFD, 0xA2, 0x68, 0x7A, 0x54, 0x4F,
    0x5D, 0x68, 0x9D, 0xBC, 0xCA, 0xEC, 0x4F, 0x2F, 0x32, 0x79, 0xA0, 0x87, 0x8F, 0x0A, 0xB7, 0x28,
    0x6A, 0xE1, 0x1E, 0xA0, 0xA8, 0x30, 0x43, 0x8F, 0x1B, 0x33, 0x84, 0xD6, 0x0B, 0xFB, 0x79, 0x2B,
    0x70, 0xC5, 0xF8, 0x03, 0x35, 0xCC, 0xB1, 0x0D, 0x80, 0x20, 0x14, 0x04, 0xD0, 0x23, 0x16, 0xD8,
    0x31, 0x81, 0x61, 0x11, 0x13, 0x58, 0xCC, 0xB0, 0x98, 0x85, 0xE8, 0x02, 0xEC, 0x61, 0x43, 0x41,
    0x27, 0x70, 0x7E, 0x4C, 0xBC, 0xE2, 0x15, 0x97, 0xDC, 0x01, 0x33, 0x46, 0xDC, 0x27, 0x0F, 0x61,
    0x62, 0x16, 0x8D, 0xDF, 0xC5, 0x15, 0x56, 0xEC, 0x9B, 0x39, 0xA4, 0xEE, 0x26, 0xC3, 0xB0, 0xDA,
    0x0A, 0xC7, 0xEC, 0x08, 0xCB, 0xC8, 0x06, 0xCD, 0x8B, 0x05, 0x8A, 0x64, 0x02, 0xC2, 0x43, 0x0F,
    0xD8, 0xB3, 0xC9, 0x4A, 0xC7, 0x22, 0xAA, 0x3B, 0x8D, 0xE7, 0xE0, 0x87, 0x0B, 0xFE, 0xBC,
};

static const EpdGlyph notosans_c21_boldGlyphs[] = {
    { 0, 0, 0, 0, 0, 0, 0 }, // U+0000
    { 0, 0, 87, 0, 0, 0, 0 }, // U+000D
    { 0, 0, 87, 0, 0, 0, 0 }, // U+0020
    { 4, 16, 95, 1, 15, 16, 0 }, // !
    { 8, 6, 161, 1, 15, 12, 16 }, // "
    { 14, 15, 217, 0, 15, 53, 28 }, // #
    { 12, 18, 192, 0, 16, 54, 81 }, // $
    { 19, 17, 303, 0, 16, 81, 135 }, // %
    { 16, 17, 252, 0, 16, 68, 216 }, // &
    { 4, 6, 89, 1, 15, 6, 284 }, // '
    { 7, 19, 114, 0, 15, 34, 290 }, // (
    { 7, 19, 114, 0, 15, 34, 324 }, // )
    { 11, 10, 182, 0, 16, 28, 358 }, // *
    { 12, 11, 192, 0, 13, 33, 386 }, // +
    { 5, 6, 96, 0, 3, 8, 419 }, // ,
    { 7, 3, 108, 0, 7, 6, 427 }, // -
    { 4, 5, 94, 1, 4, 5, 433 }, // .
    { 9, 17, 139, 0, 16, 39, 438 }, // /
    { 11, 17, 203, 1, 16, 47, 477 }, // 0
    { 8, 15, 174, 0, 15, 30, 524 }, // 1
    { 12, 16, 188, 0, 16, 48, 554 }, // 2
    { 12, 17, 192, 0, 16, 51, 602 }, // 3
    { 12, 15, 195, 0, 15, 45, 653 }, // 4
    { 11, 16, 194, 1, 15, 44, 698 }, // 5
    { 11, 17, 202, 1, 16, 47, 742 }, // 6
    { 11, 15, 179, 0, 15, 42, 789 }, // 7
    { 12, 17, 200, 0, 16, 51, 831 }, // 8
    { 12, 17, 202, 0, 16, 51, 882 }, // 9
    { 4, 13, 94, 1, 12, 13, 933 }, // :
    { 5, 15, 96, 0, 12, 19, 946 }, // ;
    { 12, 12, 192, 0, 14, 36, 965 }, // <
    { 12, 7, 192, 0, 11, 21, 1001 }, // =
    { 12, 12, 192, 0, 14, 36, 1022 }, // >
    { 10, 17, 160, 0, 16, 43, 1058 }, // ?
    { 18, 18, 302, 0, 16, 81, 1101 }, // @
    { 15, 16, 233, 0, 16, 60, 1182 }, // A
    { 12, 15, 223, 1, 15, 45, 1242 }, // B
    { 12, 17, 216, 1, 16, 51, 1287 }, // C
    { 14, 15, 246, 1, 15, 53, 1338 }, // D
    { 10, 15, 188, 1, 15, 38, 1391 }, // E
    { 10, 15, 184, 1, 15, 38, 1429 }, // F
    { 13, 17, 243, 1, 16, 56, 1467 }, // G
    { 14, 15, 257, 1, 15, 53, 1523 }, // H
    { 8, 15, 131, 0, 15, 30, 1576 }, // I
    { 8, 20, 111, -2, 15, 40, 1606 }, // J
    { 13, 15, 223, 1, 15, 49, 1646 }, // K
    { 11, 15, 188, 1, 15, 42, 1695 }, // L
    { 17, 15, 317, 1, 15, 64, 1737 }, // M
    { 15, 15, 273, 1, 15, 57, 1801 }, // N
    { 15, 17, 266, 1, 16, 64, 1858 }, // O
    { 12, 15, 209, 1, 15, 45, 1922 }, // P
    { 15, 20, 266, 1, 16, 75, 1967 }, // Q
    { 13, 15, 220, 1, 15, 49, 2042 }, // R
    { 11, 17, 185, 0, 16, 47, 2091 }, // S
    { 12, 15, 194, 0, 15, 45, 2138 }, // T
    { 14, 16, 254, 1, 15, 56, 2183 }, // U
    { 14, 15, 218, 0, 15, 53, 2239 }, // V
    { 21, 15, 325, 0, 15, 79, 2292 }, // W
    { 14, 15, 225, 0, 15, 53, 2371 }, // X
    { 14, 15, 210, 0, 15, 53, 2424 }, // Y
    { 12, 15, 195, 0, 15, 45, 2477 }, // Z
    { 6, 19, 111, 1, 15, 29, 2522 }, // [
    { 9, 17, 139, 0, 16, 39, 2551 }, // <backslash>
    { 6, 19, 111, 0, 15, 29, 2590 }, // ]
    { 12, 11, 192, 0, 16, 33, 2619 }, // ^
    { 10, 3, 138, -1, -1, 8, 2652 }, // _
    { 7, 5, 123, 0, 17, 9, 2660 }, // `
    { 12, 13, 201, 0, 12, 39, 2669 }, // a
    { 12, 17, 212, 1, 16, 51, 2708 }, // b
    { 11, 13, 173, 0, 12, 36, 2759 }, // c
    { 12, 17, 212, 0, 16, 51, 2795 }, // d
    { 12, 13, 201, 0, 12, 39, 2846 }, // e
    { 10, 17, 130, 0, 17, 43, 2885 }, // f
    { 12, 18, 212, 0, 12, 54, 2928 }, // g
    { 12, 16, 218, 1, 16, 48, 2982 }, // h
    { 4, 16, 100, 1, 16, 16, 3030 }, // i
    { 7, 22, 100, -2, 16, 39, 3046 }, // j
    { 13, 16, 208, 1, 16, 52, 3085 }, // k
    { 4, 16, 100, 1, 16, 16, 3137 }, // l
    { 18, 12, 328, 1, 12, 54, 3153 }, // m
    { 12, 12, 218, 1, 12, 36, 3207 }, // n
    { 13, 13, 210, 0, 12, 43, 3243 }, // o
    { 12, 18, 212, 1, 12, 54, 3286 }, // p
    { 12, 18, 212, 0, 12, 54, 3340 }, // q
    { 9, 12, 150, 1, 12, 27, 3394 }, // r
    { 10, 13, 169, 0, 12, 33, 3421 }, // s
    { 9, 15, 146, 0, 14, 34, 3454 }, // t
    { 12, 13, 218, 1, 12, 39, 3488 }, // u
    { 12, 12, 192, 0, 12, 36, 3527 }, // v
    { 18, 12, 288, 0, 12, 54, 3563 }, // w
    { 13, 12, 194, 0, 12, 39, 3617 }, // x
    { 12, 18, 192, 0, 12, 54, 3656 }, // y
    { 10, 12, 166, 0, 12, 30, 3710 }, // z
    { 8, 19, 132, 0, 15, 38, 3740 }, // {
    { 3, 21, 185, 4, 16, 16, 3778 }, // |
    { 8, 19, 132, 0, 15, 38, 3794 }, // }
    { 12, 5, 192, 0, 10, 15, 3832 }, // ~
    { 0, 0, 87, 0, 0, 0, 0 }, // U+00A0
    { 4, 16, 96, 1, 12, 16, 0 }, // U+00A1
    { 10, 17, 192, 1, 16, 43, 16 }, // U+00A2
    { 12, 16, 192, 0, 16, 48, 59 }, // U+00A3
    { 10, 11, 191, 1, 13, 28, 107 }, // U+00A4
    { 12, 15, 192, 0, 15, 45, 135 }, // U+00A5
    { 3, 21, 185, 4, 16, 16, 180 }, // U+00A6
    { 9, 18, 163, 1, 17, 41, 196 }, // U+00A7
    { 9, 3, 199, 2, 16, 7, 237 }, // U+00A8
    { 16, 17, 280, 1, 16, 68, 244 }, // U+00A9
    { 8, 9, 128, 0, 16, 18, 312 }, // U+00AA
    { 13, 11, 206, 0, 11, 36, 330 }, // U+00AB
    { 12, 7, 192, 0, 9, 21, 366 }, // U+00AC
    { 7, 3, 108, 0, 7, 6, 387 }, // U+00AD
    { 16, 17, 280, 1, 16, 68, 393 }, // U+00AE
    { 12, 4, 168, -1, 19, 12, 461 }, // U+00AF
    { 9, 8, 142, 0, 16, 18, 473 }, // U+00B0
    { 12, 14, 192, 0, 14, 42, 491 }, // U+00B1
    { 8, 10, 127, 0, 18, 20, 533 }, // U+00B2
    { 8, 10, 128, 0, 18, 20, 553 }, // U+00B3
    { 7, 5, 123, 0, 17, 9, 573 }, // U+00B4
    { 12, 18, 219, 1, 12, 54, 582 }, // U+00B5
    { 11, 19, 218, 1, 16, 53, 636 }, // U+00B6
    { 4, 5, 94, 1, 10, 5, 689 }, // U+00B7
    { 6, 6, 88, 0, 0, 9, 694 }, // U+00B8
    { 6, 10, 128, 0, 18, 15, 703 }, // U+00B9
    { 8, 9, 130, 0, 16, 18, 718 }, // U+00BA
    { 13, 11, 206, 0, 11, 36, 736 }, // U+00BB
    { 18, 15, 279, 0, 15, 68, 772 }, // U+00BC
    { 18, 15, 294, 0, 15, 68, 840 }, // U+00BD
    { 18, 16, 284, 0, 16, 72, 908 }, // U+00BE
    { 10, 16, 160, 0, 12, 40, 980 }, // U+00BF
    { 15, 21, 233, 0, 21, 79, 1020 }, // U+00C0
    { 15, 21, 233, 0, 21, 79, 1099 }, // U+00C1
    { 15, 21, 233, 0, 21, 79, 1178 }, // U+00C2
    { 15, 20, 233, 0, 20, 75, 1257 }, // U+00C3
    { 15, 20, 233, 0, 20, 75, 1332 }, // U+00C4
    { 15, 19, 233, 0, 19, 72, 1407 }, // U+00C5
    { 19, 15, 320, 0, 15, 72, 1479 }, // U+00C6
    { 12, 22, 216, 1, 16, 66, 1551 }, // U+00C7
    { 10, 21, 188, 1, 21, 53, 1617 }, // U+00C8
    { 10, 21, 188, 1, 21, 53, 1670 }, // U+00C9
    { 10, 21, 188, 1, 21, 53, 1723 }, // U+00CA
    { 10, 20, 188, 1, 20, 50, 1776 }, // U+00CB
    { 8, 21, 131, 0, 21, 42, 1826 }, // U+00CC
    { 8, 21, 131, 0, 21, 42, 1868 }, // U+00CD
    { 10, 21, 131, -1, 21, 53, 1910 }, // U+00CE
    { 8, 20, 131, 0, 20, 40, 1963 }, // U+00CF
    { 15, 15, 246, 0, 15, 57, 2003 }, // U+00D0
    { 15, 20, 270, 1, 20, 75, 2060 }, // U+00D1
    { 15, 22, 266, 1, 21, 83, 2135 }, // U+00D2
    { 15, 22, 266, 1, 21, 83, 2218 }, // U+00D3
    { 15, 22, 266, 1, 21, 83, 2301 }, // U+00D4
    { 15, 21, 266, 1, 20, 79, 2384 }, // U+00D5
    { 15, 21, 266, 1, 20, 79, 2463 }, // U+00D6
    { 10, 11, 192, 1, 13, 28, 2542 }, // U+00D7
    { 15, 17, 266, 1, 16, 64, 2570 }, // U+00D8
    { 14, 22, 254, 1, 21, 77, 2634 }, // U+00D9
    { 14, 22, 254, 1, 21, 77, 2711 }, // U+00DA
    { 14, 22, 254, 1, 21, 77, 2788 }, // U+00DB
    { 14, 21, 254, 1, 20, 74, 2865 }, // U+00DC
    { 14, 21, 210, 0, 21, 74, 2939 }, // U+00DD
    { 12, 15, 211, 1, 15, 45, 3013 }, // U+00DE
    { 14, 18, 237, 1, 17, 63, 3058 }, // U+00DF
    { 12, 18, 201, 0, 17, 54, 3121 }, // U+00E0
    { 12, 18, 201, 0, 17, 54, 3175 }, // U+00E1
    { 12, 18, 201, 0, 17, 54, 3229 }, // U+00E2
    { 12, 17, 201, 0, 16, 51, 3283 }, // U+00E3
    { 12, 17, 201, 0, 16, 51, 3334 }, // U+00E4
    { 12, 19, 201, 0, 18, 57, 3385 }, // U+00E5
    { 19, 13, 308, 0, 12, 62, 3442 }, // U+00E6
    { 11, 18, 173, 0, 12, 50, 3504 }, // U+00E7
    { 12, 18, 201, 0, 17, 54, 3554 }, // U+00E8
    { 12, 18, 201, 0, 17, 54, 3608 }, // U+00E9
    { 12, 18, 201, 0, 17, 54, 3662 }, // U+00EA
    { 12, 17, 201, 0, 16, 51, 3716 }, // U+00EB
    { 7, 17, 100, -1, 17, 30, 3767 }, // U+00EC
    { 7, 17, 100, 1, 17, 30, 3797 }, // U+00ED
    { 10, 17, 100, -2, 17, 43, 3827 }, // U+00EE
    { 8, 16, 100, -1, 16, 32, 3870 }, // U+00EF
    { 12, 18, 211, 1, 17, 54, 3902 }, // U+00F0
    { 12, 16, 218, 1, 16, 48, 3956 }, // U+00F1
    { 13, 18, 210, 0, 17, 59, 4004 }, // U+00F2
    { 13, 18, 210, 0, 17, 59, 4063 }, // U+00F3
    { 13, 18, 210, 0, 17, 59, 4122 }, // U+00F4
    { 13, 17, 210, 0, 16, 56, 4181 }, // U+00F5
    { 13, 17, 210, 0, 16, 56, 4237 }, // U+00F6
    { 12, 11, 192, 0, 13, 33, 4293 }, // U+00F7
    { 13, 13, 208, 0, 12, 43, 4326 }, // U+00F8
    { 12, 18, 218, 1, 17, 54, 4369 }, // U+00F9
    { 12, 18, 218, 1, 17, 54, 4423 }, // U+00FA
    { 12, 18, 218, 1, 17, 54, 4477 }, // U+00FB
    { 12, 17, 218, 1, 16, 51, 4531 }, // U+00FC
    { 12, 23, 192, 0, 17, 69, 4582 }, // U+00FD
    { 12, 22, 212, 1, 16, 66, 4651 }, // U+00FE
    { 12, 22, 192, 0, 16, 66, 4717 }, // U+00FF
    { 15, 19, 233, 0, 19, 72, 0 }, // U+0100
    { 12, 16, 201, 0, 15, 48, 72 }, // U+0101
    { 15, 21, 233, 0, 21, 79, 120 }, // U+0102
    { 12, 18, 201, 0, 17, 54, 199 }, // U+0103
    { 15, 21, 233, 0, 16, 79, 253 }, // U+0104
    { 12, 17, 201, 0, 12, 51, 332 }, // U+0105
    { 12, 22, 216, 1, 21, 66, 383 }, // U+0106
    { 11, 18, 173, 0, 17, 50, 449 }, // U+0107
    { 12, 22, 216, 1, 21, 66, 499 }, // U+0108
    { 11, 18, 173, 0, 17, 50, 565 }, // U+0109
    { 12, 21, 216, 1, 20, 63, 615 }, // U+010A
    { 11, 17, 173, 0, 16, 47, 678 }, // U+010B
    { 12, 22, 216, 1, 21, 66, 725 }, // U+010C
    { 11, 18, 173, 0, 17, 50, 791 }, // U+010D
    { 14, 21, 246, 1, 21, 74, 841 }, // U+010E
    { 17, 17, 212, 0, 16, 73, 915 }, // U+010F
    { 15, 15, 246, 0, 15, 57, 988 }, // U+0110
    { 14, 17, 217, 0, 16, 60, 1045 }, // U+0111
    { 10, 19, 188, 1, 19, 48, 1105 }, // U+0112
    { 12, 16, 201, 0, 15, 48, 1153 }, // U+0113
    { 10, 21, 188, 1, 21, 53, 1201 }, // U+0114
    { 12, 18, 201, 0, 17, 54, 1254 }, // U+0115
    { 10, 20, 188, 1, 20, 50, 1308 }, // U+0116
    { 12, 17, 201, 0, 16, 51, 1358 }, // U+0117
    { 10, 20, 188, 1, 15, 50, 1409 }, // U+0118
    { 12, 18, 199, 0, 12, 54, 1459 }, // U+0119
    { 10, 21, 188, 1, 21, 53, 1513 }, // U+011A
    { 12, 18, 201, 0, 17, 54, 1566 }, // U+011B
    { 13, 22, 243, 1, 21, 72, 1620 }, // U+011C
    { 12, 23, 212, 0, 17, 69, 1692 }, // U+011D
    { 13, 22, 243, 1, 21, 72, 1761 }, // U+011E
    { 12, 23, 212, 0, 17, 69, 1833 }, // U+011F
    { 13, 21, 243, 1, 20, 69, 1902 }, // U+0120
    { 12, 22, 212, 0, 16, 66, 1971 }, // U+0121
    { 13, 21, 243, 1, 16, 69, 2037 }, // U+0122
    { 12, 23, 212, 0, 17, 69, 2106 }, // U+0123
    { 14, 21, 257, 1, 21, 74, 2175 }, // U+0124
    { 15, 22, 218, -2, 22, 83, 2249 }, // U+0125
    { 17, 15, 257, 0, 15, 64, 2332 }, // U+0126
    { 13, 16, 221, 0, 16, 52, 2396 }, // U+0127
    { 9, 20, 131, -1, 20, 45, 2448 }, // U+0128
    { 9, 16, 100, -1, 16, 36, 2493 }, // U+0129
    { 8, 19, 131, 0, 19, 38, 2529 }, // U+012A
    { 8, 15, 100, -1, 15, 30, 2567 }, // U+012B
    { 9, 21, 131, 0, 21, 48, 2597 }, // U+012C
    { 9, 17, 100, -1, 17, 39, 2645 }, // U+012D
    { 8, 20, 131, 0, 15, 40, 2684 }, // U+012E
    { 6, 21, 100, 0, 16, 32, 2724 }, // U+012F
    { 8, 20, 131, 0, 20, 40, 2756 }, // U+0130
    { 4, 12, 100, 1, 12, 12, 2796 }, // U+0131
    { 14, 20, 243, 0, 15, 70, 2808 }, // U+0132
    { 11, 22, 205, 1, 16, 61, 2878 }, // U+0133
    { 10, 26, 111, -2, 21, 65, 2939 }, // U+0134
    { 10, 23, 100, -2, 17, 58, 3004 }, // U+0135
    { 13, 20, 222, 1, 15, 65, 3062 }, // U+0136
    { 13, 21, 208, 1, 16, 69, 3127 }, // U+0137
    { 13, 12, 208, 1, 12, 39, 3196 }, // U+0138
    { 11, 21, 188, 1, 21, 58, 3235 }, // U+0139
    { 7, 22, 100, 1, 22, 39, 3293 }, // U+013A
    { 11, 20, 188, 1, 15, 55, 3332 }, // U+013B
    { 4, 21, 100, 1, 16, 21, 3387 }, // U+013C
    { 11, 15, 188, 1, 15, 42, 3408 }, // U+013D
    { 9, 16, 100, 1, 16, 36, 3450 }, // U+013E
    { 11, 15, 188, 1, 15, 42, 3486 }, // U+013F
    { 8, 16, 124, 1, 16, 32, 3528 }, // U+0140
    { 12, 15, 190, 0, 15, 45, 3560 }, // U+0141
    { 8, 16, 102, -1, 16, 32, 3605 }, // U+0142
    { 15, 21, 270, 1, 21, 79, 3637 }, // U+0143
    { 12, 17, 218, 1, 17, 51, 3716 }, // U+0144
    { 15, 20, 270, 1, 15, 75, 3767 }, // U+0145
    { 12, 17, 218, 1, 12, 51, 3842 }, // U+0146
    { 15, 21, 270, 1, 21, 79, 3893 }, // U+0147
    { 12, 17, 218, 1, 17, 51, 3972 }, // U+0148
    { 16, 15, 260, -1, 15, 60, 4023 }, // U+0149
    { 15, 20, 273, 1, 15, 75, 4083 }, // U+014A
    { 12, 18, 218, 1, 12, 54, 4158 }, // U+014B
    { 15, 20, 266, 1, 19, 75, 4212 }, // U+014C
    { 13, 16, 210, 0, 15, 52, 4287 }, // U+014D
    { 15, 22, 266, 1, 21, 83, 4339 }, // U+014E
    { 13, 18, 210, 0, 17, 59, 4422 }, // U+014F
    { 15, 22, 266, 1, 21, 83, 4481 }, // U+0150
    { 13, 18, 210, 0, 17, 59, 4564 }, // U+0151
    { 19, 17, 327, 1, 16, 81, 4623 }, // U+0152
    { 20, 13, 329, 0, 12, 65, 4704 }, // U+0153
    { 13, 21, 220, 1, 21, 69, 4769 }, // U+0154
    { 9, 17, 150, 1, 17, 39, 4838 }, // U+0155
    { 13, 20, 220, 1, 15, 65, 4877 }, // U+0156
    { 9, 17, 150, 1, 12, 39, 4942 }, // U+0157
    { 13, 21, 220, 1, 21, 69, 4981 }, // U+0158
    { 10, 17, 150, 0, 17, 43, 5050 }, // U+0159
    { 11, 22, 185, 0, 21, 61, 5093 }, // U+015A
    { 10, 18, 169, 0, 17, 45, 5154 }, // U+015B
    { 11, 22, 185, 0, 21, 61, 5199 }, // U+015C
    { 10, 18, 169, 0, 17, 45, 5260 }, // U+015D
    { 11, 22, 185, 0, 16, 61, 5305 }, // U+015E
    { 10, 18, 169, 0, 12, 45, 5366 }, // U+015F
    { 11, 22, 185, 0, 21, 61, 5411 }, // U+0160
    { 10, 18, 169, 0, 17, 45, 5472 }, // U+0161
    { 12, 21, 194, 0, 15, 63, 5517 }, // U+0162
    { 9, 20, 146, 0, 14, 45, 5580 }, // U+0163
    { 12, 21, 194, 0, 21, 63, 5625 }, // U+0164
    { 12, 17, 146, 0, 16, 51, 5688 }, // U+0165
    { 12, 15, 194, 0, 15, 45, 5739 }, // U+0166
    { 9, 15, 146, 0, 14, 34, 5784 }, // U+0167
    { 14, 21, 254, 1, 20, 74, 5818 }, // U+0168
    { 12, 17, 218, 1, 16, 51, 5892 }, // U+0169
    { 14, 20, 254, 1, 19, 70, 5943 }, // U+016A
    { 12, 16, 218, 1, 15, 48, 6013 }, // U+016B
    { 14, 22, 254, 1, 21, 77, 6061 }, // U+016C
    { 12, 18, 218, 1, 17, 54, 6138 }, // U+016D
    { 14, 23, 254, 1, 22, 81, 6192 }, // U+016E
    { 12, 19, 218, 1, 18, 57, 6273 }, // U+016F
    { 14, 22, 254, 1, 21, 77, 6330 }, // U+0170
    { 12, 18, 218, 1, 17, 54, 6407 }, // U+0171
    { 14, 21, 254, 1, 15, 74, 6461 }, // U+0172
    { 12, 17, 218, 1, 12, 51, 6535 }, // U+0173
    { 21, 21, 325, 0, 21, 111, 6586 }, // U+0174
    { 18, 17, 290, 0, 17, 77, 6697 }, // U+0175
    { 14, 21, 210, 0, 21, 74, 6774 }, // U+0176
    { 12, 23, 192, 0, 17, 69, 6848 }, // U+0177
    { 14, 20, 210, 0, 20, 70, 6917 }, // U+0178
    { 12, 21, 195, 0, 21, 63, 6987 }, // U+0179
    { 10, 17, 166, 0, 17, 43, 7050 }, // U+017A
    { 12, 20, 195, 0, 20, 60, 7093 }, // U+017B
    { 10, 16, 166, 0, 16, 40, 7153 }, // U+017C
    { 12, 21, 195, 0, 21, 63, 7193 }, // U+017D
    { 10, 17, 166, 0, 17, 43, 7256 }, // U+017E
    { 8, 17, 129, 1, 17, 34, 7299 }, // U+017F
    { 17, 17, 276, 1, 16, 73, 0 }, // U+01A0
    { 15, 15, 229, 0, 14, 57, 73 }, // U+01A1
    { 18, 17, 297, 1, 16, 77, 130 }, // U+01AF
    { 16, 15, 254, 1, 14, 60, 207 }, // U+01B0
    { 26, 21, 440, 1, 21, 137, 267 }, // U+01C4
    { 25, 17, 412, 1, 17, 107, 404 }, // U+01C5
    { 24, 18, 378, 0, 17, 108, 511 }, // U+01C6
    { 16, 20, 301, 1, 15, 80, 619 }, // U+01C7
    { 16, 22, 292, 1, 16, 88, 699 }, // U+01C8
    { 11, 22, 205, 1, 16, 61, 787 }, // U+01C9
    { 22, 20, 384, 1, 15, 110, 848 }, // U+01CA
    { 21, 22, 376, 1, 16, 116, 958 }, // U+01CB
    { 18, 22, 323, 1, 16, 99, 1074 }, // U+01CC
    { 15, 21, 233, 0, 21, 79, 1173 }, // U+01CD
    { 12, 18, 201, 0, 17, 54, 1252 }, // U+01CE
    { 10, 21, 131, -1, 21, 53, 1306 }, // U+01CF
    { 10, 17, 100, -2, 17, 43, 1359 }, // U+01D0
    { 15, 22, 266, 1, 21, 83, 1402 }, // U+01D1
    { 13, 18, 210, 0, 17, 59, 1485 }, // U+01D2
    { 14, 22, 254, 1, 21, 77, 1544 }, // U+01D3
    { 12, 18, 218, 1, 17, 54, 1621 }, // U+01D4
    { 14, 23, 254, 1, 22, 81, 1675 }, // U+01D5
    { 12, 19, 218, 1, 18, 57, 1756 }, // U+01D6
    { 14, 24, 254, 1, 23, 84, 1813 }, // U+01D7
    { 12, 20, 218, 1, 19, 60, 1897 }, // U+01D8
    { 14, 24, 254, 1, 23, 84, 1957 }, // U+01D9
    { 12, 20, 218, 1, 19, 60, 2041 }, // U+01DA
    { 14, 24, 254, 1, 23, 84, 2101 }, // U+01DB
    { 12, 20, 218, 1, 19, 60, 2185 }, // U+01DC
    { 12, 13, 201, 0, 12, 39, 2245 }, // U+01DD
    { 15, 22, 233, 0, 22, 83, 2284 }, // U+01DE
    { 12, 19, 201, 0, 18, 57, 2367 }, // U+01DF
    { 15, 22, 233, 0, 22, 83, 2424 }, // U+01E0
    { 12, 20, 201, 0, 19, 60, 2507 }, // U+01E1
    { 19, 19, 320, 0, 19, 91, 2567 }, // U+01E2
    { 19, 16, 308, 0, 15, 76, 2658 }, // U+01E3
    { 14, 17, 243, 1, 16, 60, 2734 }, // U+01E4
    { 13, 18, 214, 0, 12, 59, 2794 }, // U+01E5
    { 13, 22, 243, 1, 21, 72, 2853 }, // U+01E6
    { 12, 23, 212, 0, 17, 69, 2925 }, // U+01E7
    { 13, 21, 222, 1, 21, 69, 2994 }, // U+01E8
    { 16, 22, 208, -2, 22, 88, 3063 }, // U+01E9
    { 15, 21, 266, 1, 16, 79, 3151 }, // U+01EA
    { 13, 17, 210, 0, 12, 56, 3230 }, // U+01EB
    { 15, 24, 266, 1, 19, 90, 3286 }, // U+01EC
    { 13, 20, 210, 0, 15, 65, 3376 }, // U+01ED
    { 12, 22, 199, 0, 21, 66, 3441 }, // U+01EE
    { 12, 23, 195, 0, 17, 69, 3507 }, // U+01EF
    { 10, 23, 100, -2, 17, 58, 3576 }, // U+01F0
    { 26, 15, 440, 1, 15, 98, 3634 }, // U+01F1
    { 25, 15, 412, 1, 15, 94, 3732 }, // U+01F2
    { 23, 17, 378, 0, 16, 98, 3826 }, // U+01F3
    { 13, 22, 243, 1, 21, 72, 3924 }, // U+01F4
    { 12, 23, 212, 0, 17, 69, 3996 }, // U+01F5
    { 20, 16, 352, 1, 15, 80, 4065 }, // U+01F6
    { 13, 22, 227, 1, 16, 72, 4145 }, // U+01F7
    { 15, 21, 270, 1, 21, 79, 4217 }, // U+01F8
    { 12, 17, 218, 1, 17, 51, 4296 }, // U+01F9
    { 15, 21, 232, 0, 21, 79, 4347 }, // U+01FA
    { 12, 22, 201, 0, 21, 66, 4426 }, // U+01FB
    { 19, 21, 320, 0, 21, 100, 4492 }, // U+01FC
    { 19, 18, 308, 0, 17, 86, 4592 }, // U+01FD
    { 15, 22, 266, 1, 21, 83, 4678 }, // U+01FE
    { 13, 18, 208, 0, 17, 59, 4761 }, // U+01FF
    { 15, 21, 233, 0, 21, 79, 4820 }, // U+0200
    { 12, 18, 201, 0, 17, 54, 4899 }, // U+0201
    { 15, 21, 233, 0, 21, 79, 4953 }, // U+0202
    { 12, 18, 201, 0, 17, 54, 5032 }, // U+0203
    { 11, 21, 188, 0, 21, 58, 5086 }, // U+0204
    { 12, 18, 201, 0, 17, 54, 5144 }, // U+0205
    { 10, 21, 188, 1, 21, 53, 5198 }, // U+0206
    { 12, 18, 201, 0, 17, 54, 5251 }, // U+0207
    { 10, 21, 131, -2, 21, 53, 5305 }, // U+0208
    { 10, 17, 100, -3, 17, 43, 5358 }, // U+0209
    { 9, 21, 131, 0, 21, 48, 5401 }, // U+020A
    { 9, 17, 100, -1, 17, 39, 5449 }, // U+020B
    { 15, 22, 266, 1, 21, 83, 5488 }, // U+020C
    { 13, 18, 210, 0, 17, 59, 5571 }, // U+020D
    { 15, 22, 266, 1, 21, 83, 5630 }, // U+020E
    { 13, 18, 210, 0, 17, 59, 5713 }, // U+020F
    { 13, 21, 220, 1, 21, 69, 5772 }, // U+0210
    { 11, 17, 150, -1, 17, 47, 5841 }, // U+0211
    { 13, 21, 220, 1, 21, 69, 5888 }, // U+0212
    { 9, 17, 150, 1, 17, 39, 5957 }, // U+0213
    { 14, 22, 254, 1, 21, 77, 5996 }, // U+0214
    { 12, 18, 218, 1, 17, 54, 6073 }, // U+0215
    { 14, 22, 254, 1, 21, 77, 6127 }, // U+0216
    { 12, 18, 218, 1, 17, 54, 6204 }, // U+0217
    { 11, 21, 185, 0, 16, 58, 6258 }, // U+0218
    { 10, 17, 169, 0, 12, 43, 6316 }, // U+0219
    { 12, 20, 194, 0, 15, 60, 6359 }, // U+021A
    { 9, 19, 146, 0, 14, 43, 6419 }, // U+021B
    { 13, 20, 211, 0, 16, 65, 6462 }, // U+021C
    { 10, 18, 170, 0, 12, 45, 6527 }, // U+021D
    { 14, 21, 257, 1, 21, 74, 6572 }, // U+021E
    { 15, 22, 218, -2, 22, 83, 6646 }, // U+021F
    { 7, 5, 0, -12, 17, 9, 0 }, // U+0300
    { 7, 5, 0, -8, 17, 9, 9 }, // U+0301
    { 10, 5, 0, -5, 17, 13, 18 }, // U+0302
    { 10, 4, 0, -12, 16, 10, 31 }, // U+0303
    { 8, 3, 0, -4, 15, 6, 41 }, // U+0304
    { 10, 3, 0, -5, 18, 8, 47 }, // U+0305
    { 9, 5, 0, -4, 17, 12, 55 }, // U+0306
    { 4, 4, 0, -2, 16, 4, 67 }, // U+0307
    { 8, 3, 0, -4, 16, 6, 71 }, // U+0308
    { 5, 6, 0, -9, 18, 8, 77 }, // U+0309
    { 6, 6, 0, -3, 18, 9, 85 }, // U+030A
    { 10, 5, 0, -4, 17, 13, 94 }, // U+030B
    { 10, 5, 0, -5, 17, 13, 107 }, // U+030C
    { 4, 5, 0, -2, 17, 5, 120 }, // U+030D
    { 6, 5, 0, -3, 17, 8, 125 }, // U+030E
    { 9, 5, 0, -12, 17, 12, 133 }, // U+030F
    { 8, 6, 0, -4, 18, 12, 145 }, // U+0310
    { 10, 5, 0, -5, 17, 13, 157 }, // U+0311
    { 6, 6, 0, -3, 15, 9, 170 }, // U+0312
    { 6, 6, 0, -3, 15, 9, 179 }, // U+0313
    { 6, 6, 0, -3, 15, 9, 188 }, // U+0314
    { 6, 6, 0, -3, 15, 9, 197 }, // U+0315
    { 7, 5, 0, -4, 0, 9, 206 }, // U+0316
    { 7, 5, 0, -3, 0, 9, 215 }, // U+0317
    { 4, 5, 0, -2, 0, 5, 224 }, // U+0318
    { 4, 5, 0, -2, 0, 5, 229 }, // U+0319
    { 6, 6, 101, 0, 16, 9, 234 }, // U+031A
    { 6, 5, 0, -2, 16, 8, 243 }, // U+031B
    { 4, 6, 0, -2, 0, 6, 251 }, // U+031C
    { 6, 4, 0, -3, -1, 6, 257 }, // U+031D
    { 6, 4, 0, -3, -1, 6, 263 }, // U+031E
    { 6, 5, 0, -3, 0, 8, 269 }, // U+031F
    { 6, 2, 0, -3, -2, 3, 277 }, // U+0320
    { 5, 8, 0, -5, 2, 10, 280 }, // U+0321
    { 5, 8, 0, 0, 2, 10, 290 }, // U+0322
    { 4, 4, 0, -9, -1, 4, 300 }, // U+0323
    { 8, 3, 0, -4, -1, 6, 304 }, // U+0324
    { 6, 6, 0, -3, 1, 9, 310 }, // U+0325
    { 4, 4, 0, -2, -1, 4, 319 }, // U+0326
    { 6, 6, 0, -3, 0, 9, 323 }, // U+0327
    { 6, 6, 0, -3, 1, 9, 332 }, // U+0328
    { 4, 5, 0, -2, 0, 5, 341 }, // U+0329
    { 8, 4, 0, -4, -1, 8, 346 }, // U+032A
    { 8, 3, 0, -4, -1, 6, 354 }, // U+032B
    { 10, 5, 0, -5, 0, 13, 360 }, // U+032C
    { 10, 5, 0, -5, 0, 13, 373 }, // U+032D
    { 9, 5, 0, -4, 0, 12, 386 }, // U+032E
    { 10, 5, 0, -5, 0, 13, 398 }, // U+032F
    { 10, 4, 0, -5, -1, 10, 411 }, // U+0330
    { 8, 3, 0, -4, -1, 6, 421 }, // U+0331
    { 10, 3, 0, -5, -1, 8, 427 }, // U+0332
    { 9, 5, 0, -5, 0, 12, 435 }, // U+0333
    { 10, 4, 0, -5, 8, 10, 447 }, // U+0334
    { 10, 3, 0, -5, 7, 8, 457 }, // U+0335
    { 16, 3, 0, -8, 7, 12, 465 }, // U+0336
    { 8, 6, 0, -4, 9, 12, 477 }, // U+0337
    { 10, 18, 0, -5, 16, 45, 489 }, // U+0338
    { 4, 6, 0, -2, 0, 6, 534 }, // U+0339
    { 8, 4, 0, -4, -1, 8, 540 }, // U+033A
    { 8, 5, 0, -4, 0, 10, 548 }, // U+033B
    { 8, 3, 0, -4, -1, 6, 558 }, // U+033C
    { 6, 6, 0, -3, 17, 9, 564 }, // U+033D
    { 4, 7, 0, -2, 19, 7, 573 }, // U+033E
    { 9, 5, 0, -5, 21, 12, 580 }, // U+033F
    { 7, 5, 0, -5, 17, 9, 592 }, // U+0340
    { 7, 5, 0, -2, 17, 9, 601 }, // U+0341
    { 10, 4, 0, -5, 16, 10, 610 }, // U+0342
    { 4, 5, 0, -2, 17, 5, 620 }, // U+0343
    { 12, 5, 0, -5, 17, 15, 625 }, // U+0344
    { 4, 5, 0, -1, -1, 5, 640 }, // U+0345
    { 10, 4, 0, -5, 16, 10, 645 }, // U+0346
    { 9, 5, 0, -5, 0, 12, 655 }, // U+0347
    { 6, 5, 0, -3, 0, 8, 667 }, // U+0348
    { 4, 5, 0, -2, -1, 5, 675 }, // U+0349
    { 8, 6, 0, -4, 17, 12, 680 }, // U+034A
    { 8, 9, 0, -4, 20, 18, 692 }, // U+034B
    { 8, 7, 0, -4, 19, 14, 710 }, // U+034C
    { 8, 5, 0, -4, 0, 10, 724 }, // U+034D
    { 4, 6, 0, -2, 0, 6, 734 }, // U+034E
    { 16, 15, 0, -8, 15, 60, 740 }, // U+034F
    { 4, 5, 0, -2, 17, 5, 800 }, // U+0350
    { 4, 5, 0, -2, 17, 5, 805 }, // U+0351
    { 8, 6, 0, -4, 18, 12, 810 }, // U+0352
    { 4, 5, 0, -2, 0, 5, 822 }, // U+0353
    { 4, 6, 0, -2, 0, 6, 827 }, // U+0354
    { 4, 6, 0, -2, 0, 6, 833 }, // U+0355
    { 9, 6, 0, -4, 0, 14, 839 }, // U+0356
    { 4, 5, 0, -2, 17, 5, 853 }, // U+0357
    { 4, 4, 0, 2, 16, 4, 858 }, // U+0358
    { 6, 6, 0, -3, 0, 9, 862 }, // U+0359
    { 10, 6, 0, -5, 0, 15, 871 }, // U+035A
    { 4, 5, 0, -2, 17, 5, 886 }, // U+035B
    { 18, 6, 0, -9, 0, 27, 891 }, // U+035C
    { 18, 6, 0, -9, 17, 27, 918 }, // U+035D
    { 14, 3, 0, -7, 15, 11, 945 }, // U+035E
    { 14, 3, 0, -7, -1, 11, 956 }, // U+035F
    { 18, 4, 0, -9, 16, 18, 967 }, // U+0360
    { 18, 5, 0, -9, 19, 23, 985 }, // U+0361
    { 17, 5, 0, -8, 0, 22, 1008 }, // U+0362
    { 6, 6, 0, -3, 18, 9, 1030 }, // U+0363
    { 6, 6, 0, -3, 18, 9, 1039 }, // U+0364
    { 2, 7, 0, -1, 20, 4, 1048 }, // U+0365
    { 6, 6, 0, -3, 18, 9, 1052 }, // U+0366
    { 6, 6, 0, -3, 18, 9, 1061 }, // U+0367
    { 5, 6, 0, -2, 18, 8, 1070 }, // U+0368
    { 6, 8, 0, -3, 20, 12, 1078 }, // U+0369
    { 6, 7, 0, -3, 20, 11, 1090 }, // U+036A
    { 9, 5, 0, -4, 18, 12, 1101 }, // U+036B
    { 5, 5, 0, -2, 18, 7, 1113 }, // U+036C
    { 5, 7, 0, -2, 19, 9, 1120 }, // U+036D
    { 6, 5, 0, -3, 18, 8, 1129 }, // U+036E
    { 6, 5, 0, -3, 18, 8, 1137 }, // U+036F
    { 10, 21, 188, 1, 21, 53, 0 }, // U+0400
    { 10, 20, 188, 1, 20, 50, 53 }, // U+0401
    { 16, 16, 257, 0, 15, 64, 103 }, // U+0402
    { 11, 21, 189, 1, 21, 58, 167 }, // U+0403
    { 12, 17, 219, 1, 16, 51, 225 }, // U+0404
    { 11, 17, 184, 0, 16, 47, 276 }, // U+0405
    { 4, 15, 109, 1, 15, 15, 323 }, // U+0406
    { 7, 20, 111, 0, 20, 35, 338 }, // U+0407
    { 8, 20, 111, -2, 15, 40, 373 }, // U+0408
    { 21, 16, 347, 0, 15, 84, 413 }, // U+0409
    { 21, 15, 357, 1, 15, 79, 497 }, // U+040A
    { 15, 15, 261, 0, 15, 57, 576 }, // U+040B
    { 14, 21, 230, 1, 21, 74, 633 }, // U+040C
    { 14, 21, 266, 1, 21, 74, 707 }, // U+040D
    { 14, 21, 217, 0, 20, 74, 781 }, // U+040E
    { 14, 19, 257, 1, 15, 67, 855 }, // U+040F
    { 15, 16, 233, 0, 16, 60, 922 }, // U+0410
    { 12, 15, 218, 1, 15, 45, 982 }, // U+0411
    { 12, 15, 222, 1, 15, 45, 1027 }, // U+0412
    { 11, 15, 189, 1, 15, 42, 1072 }, // U+0413
    { 17, 19, 261, 0, 15, 81, 1114 }, // U+0414
    { 10, 15, 188, 1, 15, 38, 1195 }, // U+0415
    { 21, 15, 335, 0, 15, 79, 1233 }, // U+0416
    { 12, 17, 199, 0, 16, 51, 1312 }, // U+0417
    { 14, 15, 266, 1, 15, 53, 1363 }, // U+0418
    { 14, 20, 266, 1, 20, 70, 1416 }, // U+0419
    { 14, 15, 233, 1, 15, 53, 1486 }, // U+041A
    { 14, 16, 246, 0, 15, 56, 1539 }, // U+041B
    { 17, 15, 317, 1, 15, 64, 1595 }, // U+041C
    { 14, 15, 259, 1, 15, 53, 1659 }, // U+041D
    { 15, 17, 261, 1, 16, 64, 1712 }, // U+041E
    { 14, 15, 256, 1, 15, 53, 1776 }, // U+041F
    { 12, 15, 209, 1, 15, 45, 1829 }, // U+0420
    { 12, 17, 217, 1, 16, 51, 1874 }, // U+0421
    { 12, 15, 194, 0, 15, 45, 1925 }, // U+0422
    { 14, 16, 217, 0, 15, 56, 1970 }, // U+0423
    { 17, 17, 303, 1, 16, 73, 2026 }, // U+0424
    { 14, 15, 224, 0, 15, 53, 2099 }, // U+0425
    { 16, 19, 261, 1, 15, 76, 2152 }, // U+0426
    { 13, 15, 242, 1, 15, 49, 2228 }, // U+0427
    { 20, 15, 359, 1, 15, 75, 2277 }, // U+0428
    { 22, 19, 361, 1, 15, 105, 2352 }, // U+0429
    { 15, 15, 253, 0, 15, 57, 2457 }, // U+042A
    { 17, 15, 309, 1, 15, 64, 2514 }, // U+042B
    { 12, 15, 217, 1, 15, 45, 2578 }, // U+042C
    { 13, 17, 220, 0, 16, 56, 2623 }, // U+042D
    { 20, 17, 342, 1, 16, 85, 2679 }, // U+042E
    { 13, 15, 229, 0, 15, 49, 2764 }, // U+042F
    { 12, 13, 200, 0, 12, 39, 2813 }, // U+0430
    { 13, 18, 210, 0, 17, 59, 2852 }, // U+0431
    { 11, 12, 200, 1, 12, 33, 2911 }, // U+0432
    { 9, 12, 160, 1, 12, 27, 2944 }, // U+0433
    { 14, 15, 214, 0, 12, 53, 2971 }, // U+0434
    { 12, 13, 196, 0, 12, 39, 3024 }, // U+0435
    { 19, 12, 291, 0, 12, 57, 3063 }, // U+0436
    { 10, 13, 173, 0, 12, 33, 3120 }, // U+0437
    { 12, 12, 226, 1, 12, 36, 3153 }, // U+0438
    { 12, 17, 226, 1, 17, 51, 3189 }, // U+0439
    { 12, 12, 207, 1, 12, 36, 3240 }, // U+043A
    { 12, 13, 209, 0, 12, 39, 3276 }, // U+043B
    { 15, 12, 281, 1, 12, 45, 3315 }, // U+043C
    { 12, 12, 220, 1, 12, 36, 3360 }, // U+043D
    { 13, 13, 209, 0, 12, 43, 3396 }, // U+043E
    { 11, 12, 218, 1, 12, 33, 3439 }, // U+043F
    { 12, 18, 213, 1, 12, 54, 3472 }, // U+0440
    { 11, 13, 176, 0, 12, 36, 3526 }, // U+0441
    { 11, 12, 170, 0, 12, 33, 3562 }, // U+0442
    { 13, 18, 192, -1, 12, 59, 3595 }, // U+0443
    { 17, 22, 272, 0, 16, 94, 3654 }, // U+0444
    { 13, 12, 194, 0, 12, 39, 3748 }, // U+0445
    { 13, 15, 218, 1, 12, 49, 3787 }, // U+0446
    { 11, 12, 214, 1, 12, 33, 3836 }, // U+0447
    { 18, 12, 320, 1, 12, 54, 3869 }, // U+0448
    { 19, 15, 321, 1, 12, 72, 3923 }, // U+0449
    { 14, 12, 225, 0, 12, 42, 3995 }, // U+044A
    { 16, 12, 287, 1, 12, 48, 4037 }, // U+044B
    { 11, 12, 199, 1, 12, 33, 4085 }, // U+044C
    { 11, 13, 176, 0, 12, 36, 4118 }, // U+044D
    { 16, 13, 286, 1, 12, 52, 4154 }, // U+044E
    { 12, 12, 203, 0, 12, 36, 4206 }, // U+044F
    { 12, 18, 196, 0, 17, 54, 4242 }, // U+0450
    { 12, 17, 196, 0, 16, 51, 4296 }, // U+0451
    { 13, 22, 219, 0, 16, 72, 4347 }, // U+0452
    { 9, 17, 161, 1, 17, 39, 4419 }, // U+0453
    { 11, 13, 176, 0, 12, 36, 4458 }, // U+0454
    { 10, 13, 167, 0, 12, 33, 4494 }, // U+0455
    { 4, 16, 103, 1, 16, 16, 4527 }, // U+0456
    { 7, 16, 100, 0, 16, 28, 4543 }, // U+0457
    { 7, 22, 100, -2, 16, 39, 4571 }, // U+0458
    { 18, 13, 301, 0, 12, 59, 4610 }, // U+0459
    { 18, 12, 311, 1, 12, 54, 4669 }, // U+045A
    { 13, 16, 219, 0, 16, 52, 4723 }, // U+045B
    { 12, 17, 207, 1, 17, 51, 4775 }, // U+045C
    { 12, 17, 226, 1, 17, 51, 4826 }, // U+045D
    { 13, 23, 192, -1, 17, 75, 4877 }, // U+045E
    { 11, 15, 218, 1, 12, 42, 4952 }, // U+045F
    { 20, 15, 320, 0, 15, 75, 4994 }, // U+0460
    { 18, 12, 297, 0, 12, 54, 5069 }, // U+0461
    { 14, 15, 226, 0, 15, 53, 5123 }, // U+0462
    { 14, 14, 224, 0, 14, 49, 5176 }, // U+0463
    { 19, 17, 319, 1, 16, 81, 5225 }, // U+0464
    { 16, 13, 270, 1, 12, 52, 5306 }, // U+0465
    { 16, 16, 245, 0, 16, 64, 5358 }, // U+0466
    { 14, 12, 215, 0, 12, 42, 5422 }, // U+0467
    { 21, 16, 338, 1, 16, 84, 5464 }, // U+0468
    { 18, 12, 303, 1, 12, 54, 5548 }, // U+0469
    { 17, 15, 270, 0, 15, 64, 5602 }, // U+046A
    { 13, 12, 209, 0, 12, 39, 5666 }, // U+046B
    { 22, 15, 361, 1, 15, 83, 5705 }, // U+046C
    { 18, 12, 296, 1, 12, 54, 5788 }, // U+046D
    { 13, 24, 212, 0, 19, 78, 5842 }, // U+046E
    { 11, 20, 186, 0, 15, 55, 5920 }, // U+046F
    { 16, 15, 296, 1, 15, 60, 5975 }, // U+0470
    { 16, 22, 283, 1, 16, 88, 6035 }, // U+0471
    { 15, 17, 266, 1, 16, 64, 6123 }, // U+0472
    { 13, 13, 208, 0, 12, 43, 6187 }, // U+0473
    { 15, 16, 241, 0, 16, 60, 6230 }, // U+0474
    { 13, 12, 203, 0, 12, 39, 6290 }, // U+0475
    { 15, 21, 241, 0, 21, 79, 6329 }, // U+0476
    { 13, 17, 203, 0, 17, 56, 6408 }, // U+0477
    { 27, 22, 443, 1, 16, 149, 6464 }, // U+0478
    { 25, 18, 395, 0, 12, 113, 6613 }, // U+0479
    { 16, 19, 279, 1, 17, 76, 6726 }, // U+047A
    { 14, 15, 230, 0, 13, 53, 6802 }, // U+047B
    { 21, 24, 366, 1, 23, 126, 6855 }, // U+047C
    { 18, 21, 322, 1, 20, 95, 6981 }, // U+047D
    { 20, 19, 321, 0, 19, 95, 7076 }, // U+047E
    { 18, 16, 297, 0, 16, 72, 7171 }, // U+047F
    { 13, 22, 227, 1, 16, 72, 7243 }, // U+0480
    { 11, 18, 176, 0, 12, 50, 7315 }, // U+0481
    { 11, 15, 205, 1, 14, 42, 7365 }, // U+0482
    { 9, 5, 0, -10, 16, 12, 7407 }, // U+0483
    { 9, 4, 0, -10, 16, 9, 7419 }, // U+0484
    { 5, 5, 0, -8, 17, 7, 7428 }, // U+0485
    { 5, 5, 0, -8, 17, 7, 7435 }, // U+0486
    { 10, 5, 0, -5, 20, 13, 7442 }, // U+0487
    { 24, 23, 0, -12, 17, 138, 7455 }, // U+0488
    { 24, 24, 0, -12, 18, 144, 7593 }, // U+0489
    { 18, 25, 308, 1, 20, 113, 7737 }, // U+048A
    { 16, 22, 269, 1, 17, 88, 7850 }, // U+048B
    { 13, 15, 214, 0, 15, 49, 7938 }, // U+048C
    { 13, 16, 206, 0, 16, 52, 7987 }, // U+048D
    { 12, 15, 211, 1, 15, 45, 8039 }, // U+048E
    { 12, 18, 213, 1, 12, 54, 8084 }, // U+048F
    { 11, 19, 194, 1, 19, 53, 8138 }, // U+0490
    { 9, 15, 172, 1, 15, 34, 8191 }, // U+0491
    { 12, 15, 188, 0, 15, 45, 8225 }, // U+0492
    { 10, 12, 165, 0, 12, 30, 8270 }, // U+0493
    { 14, 21, 247, 1, 15, 74, 8300 }, // U+0494
    { 11, 18, 202, 1, 12, 50, 8374 }, // U+0495
    { 22, 20, 346, 0, 15, 110, 8424 }, // U+0496
    { 21, 17, 314, -1, 12, 90, 8534 }, // U+0497
    { 12, 21, 199, 0, 16, 63, 8624 }, // U+0498
    { 10, 17, 173, 0, 12, 43, 8687 }, // U+0499
    { 15, 20, 254, 1, 15, 75, 8730 }, // U+049A
    { 13, 17, 221, 1, 12, 56, 8805 }, // U+049B
    { 14, 15, 225, 1, 15, 53, 8861 }, // U+049C
    { 12, 12, 208, 1, 12, 36, 8914 }, // U+049D
    { 15, 15, 233, 0, 15, 57, 8950 }, // U+049E
    { 14, 16, 211, 0, 16, 56, 9007 }, // U+049F
    { 16, 15, 246, 0, 15, 60, 9063 }, // U+04A0
    { 15, 12, 234, 0, 12, 45, 9123 }, // U+04A1
    { 17, 20, 283, 1, 15, 85, 9168 }, // U+04A2
    { 15, 17, 250, 1, 12, 64, 9253 }, // U+04A3
    { 17, 15, 280, 1, 15, 64, 9317 }, // U+04A4
    { 15, 12, 255, 1, 12, 45, 9381 }, // U+04A5
    { 22, 21, 378, 1, 15, 116, 9426 }, // U+04A6
    { 17, 18, 299, 1, 12, 77, 9542 }, // U+04A7
    { 15, 17, 261, 1, 16, 64, 9619 }, // U+04A8
    { 14, 13, 220, 0, 12, 46, 9683 }, // U+04A9
    { 12, 21, 216, 1, 16, 63, 9729 }, // U+04AA
    { 11, 17, 173, 0, 12, 47, 9792 }, // U+04AB
    { 12, 20, 195, 0, 15, 60, 9839 }, // U+04AC
    { 12, 17, 185, 0, 12, 51, 9899 }, // U+04AD
    { 14, 15, 210, 0, 15, 53, 9950 }, // U+04AE
    { 13, 18, 193, 0, 12, 59, 10003 }, // U+04AF
    { 14, 15, 210, 0, 15, 53, 10062 }, // U+04B0
    { 13, 18, 193, 0, 12, 59, 10115 }, // U+04B1
    { 16, 20, 250, 0, 15, 80, 10174 }, // U+04B2
    { 14, 17, 213, 0, 12, 60, 10254 }, // U+04B3
    { 20, 20, 312, 0, 15, 100, 10314 }, // U+04B4
    { 17, 17, 266, 0, 12, 73, 10414 }, // U+04B5
    { 16, 20, 270, 1, 15, 80, 10487 }, // U+04B6
    { 14, 17, 244, 1, 12, 60, 10567 }, // U+04B7
    { 13, 15, 247, 1, 15, 49, 10627 }, // U+04B8
    { 12, 12, 221, 1, 12, 36, 10676 }, // U+04B9
    { 14, 15, 247, 1, 15, 53, 10712 }, // U+04BA
    { 12, 16, 218, 1, 16, 48, 10765 }, // U+04BB
    { 19, 17, 319, 0, 16, 81, 10813 }, // U+04BC
    { 15, 13, 238, -1, 12, 49, 10894 }, // U+04BD
    { 19, 21, 319, 0, 16, 100, 10943 }, // U+04BE
    { 15, 17, 238, -1, 12, 64, 11043 }, // U+04BF
    { 8, 15, 131, 0, 15, 30, 11107 }, // U+04C0
    { 21, 20, 336, 0, 20, 105, 11137 }, // U+04C1
    { 19, 17, 291, 0, 17, 81, 11242 }, // U+04C2
    { 14, 21, 255, 1, 15, 74, 11323 }, // U+04C3
    { 12, 18, 219, 1, 12, 54, 11397 }, // U+04C4
    { 18, 20, 282, 0, 15, 90, 11451 }, // U+04C5
    { 15, 17, 244, 0, 12, 64, 11541 }, // U+04C6
    { 14, 21, 257, 1, 15, 74, 11605 }, // U+04C7
    { 12, 18, 222, 1, 12, 54, 11679 }, // U+04C8
    { 17, 20, 288, 1, 15, 85, 11733 }, // U+04C9
    { 15, 17, 250, 1, 12, 64, 11818 }, // U+04CA
    { 13, 20, 247, 1, 15, 65, 11882 }, // U+04CB
    { 12, 17, 220, 1, 12, 51, 11947 }, // U+04CC
    { 21, 20, 348, 1, 15, 105, 11998 }, // U+04CD
    { 19, 17, 311, 1, 12, 81, 12103 }, // U+04CE
    { 8, 15, 131, 0, 15, 30, 12184 }, // U+04CF
    { 15, 20, 233, 0, 20, 75, 12214 }, // U+04D0
    { 12, 18, 201, 0, 17, 54, 12289 }, // U+04D1
    { 15, 20, 233, 0, 20, 75, 12343 }, // U+04D2
    { 12, 17, 201, 0, 16, 51, 12418 }, // U+04D3
    { 19, 15, 320, 0, 15, 72, 12469 }, // U+04D4
    { 19, 13, 308, 0, 12, 62, 12541 }, // U+04D5
    { 10, 20, 188, 1, 20, 50, 12603 }, // U+04D6
    { 12, 18, 201, 0, 17, 54, 12653 }, // U+04D7
    { 15, 17, 275, 1, 16, 64, 12707 }, // U+04D8
    { 12, 13, 201, 0, 12, 39, 12771 }, // U+04D9
    { 15, 21, 275, 1, 20, 79, 12810 }, // U+04DA
    { 12, 17, 201, 0, 16, 51, 12889 }, // U+04DB
    { 21, 20, 336, 0, 20, 105, 12940 }, // U+04DC
    { 19, 16, 291, 0, 16, 76, 13045 }, // U+04DD
    { 12, 21, 199, 0, 20, 63, 13121 }, // U+04DE
    { 10, 17, 173, 0, 16, 43, 13184 }, // U+04DF
    { 12, 16, 199, 0, 15, 48, 13227 }, // U+04E0
    { 12, 18, 195, 0, 12, 54, 13275 }, // U+04E1
    { 14, 19, 266, 1, 19, 67, 13329 }, // U+04E2
    { 12, 15, 226, 1, 15, 45, 13396 }, // U+04E3
    { 14, 20, 266, 1, 20, 70, 13441 }, // U+04E4
    { 12, 16, 226, 1, 16, 48, 13511 }, // U+04E5
    { 15, 21, 266, 1, 20, 79, 13559 }, // U+04E6
    { 13, 17, 210, 0, 16, 56, 13638 }, // U+04E7
    { 15, 17, 266, 1, 16, 64, 13694 }, // U+04E8
    { 13, 13, 210, 0, 12, 43, 13758 }, // U+04E9
    { 15, 20, 266, 1, 19, 75, 13801 }, // U+04EA
    { 13, 17, 210, 0, 16, 56, 13876 }, // U+04EB
    { 13, 21, 219, 0, 20, 69, 13932 }, // U+04EC
    { 11, 17, 176, 0, 16, 47, 14001 }, // U+04ED
    { 14, 20, 217, 0, 19, 70, 14048 }, // U+04EE
    { 13, 21, 192, -1, 15, 69, 14118 }, // U+04EF
    { 14, 21, 217, 0, 20, 74, 14187 }, // U+04F0
    { 13, 22, 192, -1, 16, 72, 14261 }, // U+04F1
    { 14, 22, 217, 0, 21, 77, 14333 }, // U+04F2
    { 12, 23, 192, 0, 17, 69, 14410 }, // U+04F3
    { 13, 20, 242, 1, 20, 65, 14479 }, // U+04F4
    { 11, 16, 214, 1, 16, 44, 14544 }, // U+04F5
    { 11, 20, 188, 1, 15, 55, 14588 }, // U+04F6
    { 9, 17, 161, 1, 12, 39, 14643 }, // U+04F7
    { 17, 20, 309, 1, 20, 85, 14682 }, // U+04F8
    { 16, 16, 287, 1, 16, 64, 14767 }, // U+04F9
    { 12, 21, 188, 0, 15, 63, 14831 }, // U+04FA
    { 10, 17, 165, 0, 12, 43, 14894 }, // U+04FB
    { 15, 21, 245, 0, 15, 79, 14937 }, // U+04FC
    { 13, 17, 217, 0, 12, 56, 15016 }, // U+04FD
    { 14, 15, 225, 0, 15, 53, 15072 }, // U+04FE
    { 13, 12, 194, 0, 12, 39, 15125 }, // U+04FF
    { 15, 21, 233, 0, 16, 79, 0 }, // U+1EA0
    { 12, 17, 201, 0, 12, 51, 79 }, // U+1EA1
    { 15, 22, 233, 0, 22, 83, 130 }, // U+1EA2
    { 12, 19, 201, 0, 18, 57, 213 }, // U+1EA3
    { 15, 21, 233, 0, 21, 79, 270 }, // U+1EA4
    { 14, 19, 201, 0, 18, 67, 349 }, // U+1EA5
    { 15, 21, 233, 0, 21, 79, 416 }, // U+1EA6
    { 13, 19, 201, -1, 18, 62, 495 }, // U+1EA7
    { 15, 22, 233, 0, 22, 83, 557 }, // U+1EA8
    { 13, 20, 201, 0, 19, 65, 640 }, // U+1EA9
    { 15, 23, 233, 0, 23, 87, 705 }, // U+1EAA
    { 12, 20, 201, 0, 19, 60, 792 }, // U+1EAB
    { 15, 26, 233, 0, 21, 98, 852 }, // U+1EAC
    { 12, 22, 201, 0, 17, 66, 950 }, // U+1EAD
    { 15, 22, 233, 0, 22, 83, 1016 }, // U+1EAE
    { 12, 19, 201, 0, 18, 57, 1099 }, // U+1EAF
    { 15, 22, 233, 0, 22, 83, 1156 }, // U+1EB0
    { 12, 19, 201, 0, 18, 57, 1239 }, // U+1EB1
    { 15, 22, 233, 0, 22, 83, 1296 }, // U+1EB2
    { 12, 20, 201, 0, 19, 60, 1379 }, // U+1EB3
    { 15, 23, 233, 0, 23, 87, 1439 }, // U+1EB4
    { 12, 20, 201, 0, 19, 60, 1526 }, // U+1EB5
    { 15, 26, 233, 0, 21, 98, 1586 }, // U+1EB6
    { 12, 22, 201, 0, 17, 66, 1684 }, // U+1EB7
    { 10, 20, 188, 1, 15, 50, 1750 }, // U+1EB8
    { 12, 17, 201, 0, 12, 51, 1800 }, // U+1EB9
    { 10, 22, 188, 1, 22, 55, 1851 }, // U+1EBA
    { 12, 19, 201, 0, 18, 57, 1906 }, // U+1EBB
    { 10, 20, 188, 1, 20, 50, 1963 }, // U+1EBC
    { 12, 17, 201, 0, 16, 51, 2013 }, // U+1EBD
    { 12, 21, 188, 1, 21, 63, 2064 }, // U+1EBE
    { 14, 19, 201, 0, 18, 67, 2127 }, // U+1EBF
    { 13, 21, 188, -2, 21, 69, 2194 }, // U+1EC0
    { 13, 19, 201, -1, 18, 62, 2263 }, // U+1EC1
    { 11, 22, 188, 1, 22, 61, 2325 }, // U+1EC2
    { 13, 20, 201, 0, 19, 65, 2386 }, // U+1EC3
    { 10, 23, 188, 1, 23, 58, 2451 }, // U+1EC4
    { 12, 20, 201, 0, 19, 60, 2509 }, // U+1EC5
    { 10, 26, 188, 1, 21, 65, 2569 }, // U+1EC6
    { 12, 22, 201, 0, 17, 66, 2634 }, // U+1EC7
    { 8, 21, 131, 0, 21, 42, 2700 }, // U+1EC8
    { 5, 18, 100, 1, 18, 23, 2742 }, // U+1EC9
    { 8, 20, 131, 0, 15, 40, 2765 }, // U+1ECA
    { 4, 21, 100, 1, 16, 21, 2805 }, // U+1ECB
    { 15, 21, 266, 1, 16, 79, 2826 }, // U+1ECC
    { 13, 17, 210, 0, 12, 56, 2905 }, // U+1ECD
    { 15, 22, 266, 1, 21, 83, 2961 }, // U+1ECE
    { 13, 19, 210, 0, 18, 62, 3044 }, // U+1ECF
    { 15, 22, 266, 1, 21, 83, 3106 }, // U+1ED0
    { 14, 19, 210, 0, 18, 67, 3189 }, // U+1ED1
    { 15, 22, 266, 1, 21, 83, 3256 }, // U+1ED2
    { 14, 19, 210, -1, 18, 67, 3339 }, // U+1ED3
    { 15, 23, 266, 1, 22, 87, 3406 }, // U+1ED4
    { 13, 20, 210, 0, 19, 65, 3493 }, // U+1ED5
    { 15, 24, 266, 1, 23, 90, 3558 }, // U+1ED6
    { 13, 20, 210, 0, 19, 65, 3648 }, // U+1ED7
    { 15, 26, 266, 1, 21, 98, 3713 }, // U+1ED8
    { 13, 22, 210, 0, 17, 72, 3811 }, // U+1ED9
    { 17, 22, 276, 1, 21, 94, 3883 }, // U+1EDA
    { 15, 18, 229, 0, 17, 68, 3977 }, // U+1EDB
    { 17, 22, 276, 1, 21, 94, 4045 }, // U+1EDC
    { 15, 18, 229, 0, 17, 68, 4139 }, // U+1EDD
    { 17, 23, 276, 1, 22, 98, 4207 }, // U+1EDE
    { 15, 19, 229, 0, 18, 72, 4305 }, // U+1EDF
    { 17, 21, 276, 1, 20, 90, 4377 }, // U+1EE0
    { 15, 17, 229, 0, 16, 64, 4467 }, // U+1EE1
    { 17, 21, 276, 1, 16, 90, 4531 }, // U+1EE2
    { 15, 19, 229, 0, 14, 72, 4621 }, // U+1EE3
    { 14, 20, 254, 1, 15, 70, 4693 }, // U+1EE4
    { 12, 17, 218, 1, 12, 51, 4763 }, // U+1EE5
    { 14, 22, 254, 1, 21, 77, 4814 }, // U+1EE6
    { 12, 19, 218, 1, 18, 57, 4891 }, // U+1EE7
    { 18, 22, 297, 1, 21, 99, 4948 }, // U+1EE8
    { 16, 18, 254, 1, 17, 72, 5047 }, // U+1EE9
    { 18, 22, 297, 1, 21, 99, 5119 }, // U+1EEA
    { 16, 18, 254, 1, 17, 72, 5218 }, // U+1EEB
    { 18, 22, 297, 1, 21, 99, 5290 }, // U+1EEC
    { 16, 19, 254, 1, 18, 76, 5389 }, // U+1EED
    { 18, 21, 297, 1, 20, 95, 5465 }, // U+1EEE
    { 16, 17, 254, 1, 16, 68, 5560 }, // U+1EEF
    { 18, 21, 297, 1, 16, 95, 5628 }, // U+1EF0
    { 16, 19, 254, 1, 14, 76, 5723 }, // U+1EF1
    { 14, 21, 210, 0, 21, 74, 5799 }, // U+1EF2
    { 12, 23, 192, 0, 17, 69, 5873 }, // U+1EF3
    { 14, 20, 210, 0, 15, 70, 5942 }, // U+1EF4
    { 12, 18, 192, 0, 12, 54, 6012 }, // U+1EF5
    { 14, 21, 210, 0, 21, 74, 6066 }, // U+1EF6
    { 12, 24, 192, 0, 18, 72, 6140 }, // U+1EF7
    { 14, 20, 210, 0, 20, 70, 6212 }, // U+1EF8
    { 12, 22, 192, 0, 16, 66, 6282 }, // U+1EF9
    { 0, 0, 168, 0, 0, 0, 0 }, // U+2000
    { 0, 0, 336, 0, 0, 0, 0 }, // U+2001
    { 0, 0, 168, 0, 0, 0, 0 }, // U+2002
    { 0, 0, 336, 0, 0, 0, 0 }, // U+2003
    { 0, 0, 112, 0, 0, 0, 0 }, // U+2004
    { 0, 0, 84, 0, 0, 0, 0 }, // U+2005
    { 0, 0, 56, 0, 0, 0, 0 }, // U+2006
    { 0, 0, 192, 0, 0, 0, 0 }, // U+2007
    { 0, 0, 94, 0, 0, 0, 0 }, // U+2008
    { 0, 0, 56, 0, 0, 0, 0 }, // U+2009
    { 0, 0, 34, 0, 0, 0, 0 }, // U+200A
    { 0, 0, 0, 0, 0, 0, 0 }, // U+200B
    { 0, 0, 0, 0, 0, 0, 0 }, // U+200C
    { 0, 0, 0, 0, 0, 0, 0 }, // U+200D
    { 6, 18, 0, -1, 15, 27, 0 }, // U+200E
    { 6, 18, 0, -5, 15, 27, 27 }, // U+200F
    { 7, 3, 108, 0, 7, 6, 54 }, // U+2010
    { 7, 3, 108, 0, 7, 6, 60 }, // U+2011
    { 12, 3, 194, 0, 9, 9, 66 }, // U+2012
    { 10, 3, 168, 0, 7, 8, 75 }, // U+2013
    { 21, 3, 336, 0, 7, 16, 83 }, // U+2014
    { 21, 3, 336, 0, 7, 16, 99 }, // U+2015
    { 9, 21, 185, 1, 16, 48, 115 }, // U+2016
    { 10, 5, 138, -1, 0, 13, 163 }, // U+2017
    { 5, 6, 73, 0, 15, 8, 176 }, // U+2018
    { 5, 6, 73, 0, 15, 8, 184 }, // U+2019
    { 5, 6, 96, 0, 3, 8, 192 }, // U+201A
    { 5, 6, 73, 0, 15, 8, 200 }, // U+201B
    { 10, 6, 150, 0, 15, 15, 208 }, // U+201C
    { 10, 6, 150, 0, 15, 15, 223 }, // U+201D
    { 10, 6, 172, 0, 2, 15, 238 }, // U+201E
    { 10, 6, 150, 0, 15, 15, 253 }, // U+201F
    { 9, 16, 172, 1, 16, 36, 268 }, // U+2020
    { 9, 16, 174, 1, 16, 36, 304 }, // U+2021
    { 6, 7, 126, 1, 11, 11, 340 }, // U+2022
    { 7, 9, 126, 1, 12, 16, 351 }, // U+2023
    { 5, 5, 168, 3, 4, 7, 367 }, // U+2024
    { 10, 5, 193, 1, 4, 13, 374 }, // U+2025
    { 16, 5, 287, 1, 4, 20, 387 }, // U+2026
    { 4, 5, 94, 1, 8, 5, 407 }, // U+2027
    { 0, 0, 202, 0, 0, 0, 412 }, // U+2028
    { 0, 0, 202, 0, 0, 0, 412 }, // U+2029
    { 6, 16, 0, -1, 13, 24, 412 }, // U+202A
    { 6, 16, 0, -5, 13, 24, 436 }, // U+202B
    { 6, 18, 0, -3, 15, 27, 460 }, // U+202C
    { 6, 18, 0, -3, 15, 27, 487 }, // U+202D
    { 6, 18, 0, -3, 15, 27, 514 }, // U+202E
    { 0, 0, 56, 0, 0, 0, 541 }, // U+202F
    { 27, 17, 430, 0, 16, 115, 541 }, // U+2030
    { 35, 17, 560, 0, 16, 149, 656 }, // U+2031
    { 7, 6, 102, 0, 15, 11, 805 }, // U+2032
    { 12, 6, 176, 0, 15, 18, 816 }, // U+2033
    { 16, 6, 250, 0, 15, 24, 834 }, // U+2034
    { 6, 6, 142, 1, 15, 9, 858 }, // U+2035
    { 11, 6, 216, 1, 15, 17, 867 }, // U+2036
    { 15, 6, 290, 1, 15, 23, 884 }, // U+2037
    { 9, 8, 137, 0, 2, 18, 907 }, // U+2038
    { 7, 11, 123, 0, 11, 20, 925 }, // U+2039
    { 7, 11, 123, 0, 11, 20, 945 }, // U+203A
    { 16, 17, 286, 1, 16, 68, 965 }, // U+203B
    { 10, 16, 192, 1, 15, 40, 1033 }, // U+203C
    { 10, 17, 160, 0, 16, 43, 1073 }, // U+203D
    { 12, 4, 168, -1, 19, 12, 1116 }, // U+203E
    { 13, 6, 205, 0, 0, 20, 1128 }, // U+203F
    { 13, 5, 205, 0, 17, 17, 1148 }, // U+2040
    { 9, 15, 142, 0, 9, 34, 1165 }, // U+2041
    { 24, 20, 376, 0, 16, 120, 1199 }, // U+2042
    { 6, 3, 108, 1, 7, 5, 1319 }, // U+2043
    { 12, 15, 44, -5, 15, 45, 1324 }, // U+2044
    { 6, 19, 111, 1, 15, 29, 1369 }, // U+2045
    { 6, 19, 111, 0, 15, 29, 1398 }, // U+2046
    { 20, 17, 319, 0, 16, 85, 1427 }, // U+2047
    { 15, 17, 256, 0, 16, 64, 1512 }, // U+2048
    { 15, 17, 256, 1, 16, 64, 1576 }, // U+2049
    { 12, 12, 198, 0, 12, 36, 1640 }, // U+204A
    { 12, 19, 218, 1, 16, 57, 1676 }, // U+204B
    { 11, 12, 220, 1, 12, 33, 1733 }, // U+204C
    { 12, 12, 220, 1, 12, 36, 1766 }, // U+204D
    { 11, 10, 182, 0, 6, 28, 1802 }, // U+204E
    { 5, 15, 96, 1, 12, 19, 1830 }, // U+204F
    { 13, 23, 202, 0, 17, 75, 1849 }, // U+2050
    { 11, 21, 182, 0, 16, 58, 1924 }, // U+2051
    { 9, 17, 142, 0, 16, 39, 1982 }, // U+2052
    { 21, 4, 336, 0, 8, 21, 2021 }, // U+2053
    { 13, 5, 202, 0, 0, 17, 2042 }, // U+2054
    { 12, 11, 188, 0, 11, 33, 2059 }, // U+2055
    { 10, 17, 195, 1, 16, 43, 2092 }, // U+2056
    { 20, 6, 314, 0, 15, 30, 2135 }, // U+2057
    { 17, 17, 293, 1, 16, 73, 2165 }, // U+2058
    { 17, 17, 293, 1, 16, 73, 2238 }, // U+2059
    { 4, 17, 96, 1, 16, 17, 2311 }, // U+205A
    { 13, 18, 233, 1, 17, 59, 2328 }, // U+205B
    { 18, 17, 287, 0, 16, 77, 2387 }, // U+205C
    { 4, 17, 94, 1, 16, 17, 2464 }, // U+205D
    { 4, 17, 96, 1, 16, 17, 2481 }, // U+205E
    { 0, 0, 75, 0, 0, 0, 2498 }, // U+205F
    { 0, 0, 202, 0, 0, 0, 2498 }, // U+2060
    { 0, 0, 202, 0, 0, 0, 2498 }, // U+2061
    { 0, 0, 202, 0, 0, 0, 2498 }, // U+2062
    { 0, 0, 202, 0, 0, 0, 2498 }, // U+2063
    { 0, 0, 202, 0, 0, 0, 2498 }, // U+2064
    { 0, 0, 0, 0, 0, 0, 2498 }, // U+2066
    { 0, 0, 0, 0, 0, 0, 2498 }, // U+2067
    { 0, 0, 0, 0, 0, 0, 2498 }, // U+2068
    { 0, 0, 0, 0, 0, 0, 2498 }, // U+2069
    { 6, 18, 0, -3, 15, 27, 2498 }, // U+206A
    { 6, 18, 0, -3, 15, 27, 2525 }, // U+206B
    { 6, 18, 0, -3, 15, 27, 2552 }, // U+206C
    { 6, 18, 0, -3, 15, 27, 2579 }, // U+206D
    { 6, 18, 0, -3, 15, 27, 2606 }, // U+206E
    { 6, 18, 0, -3, 15, 27, 2633 }, // U+206F
    { 8, 10, 127, 0, 18, 20, 0 }, // U+2070
    { 4, 10, 65, 0, 16, 10, 20 }, // U+2071
    { 8, 10, 128, 0, 18, 20, 30 }, // U+2074
    { 8, 10, 128, 0, 18, 20, 50 }, // U+2075
    { 8, 10, 128, 0, 18, 20, 70 }, // U+2076
    { 8, 10, 128, 0, 18, 20, 90 }, // U+2077
    { 8, 10, 128, 0, 18, 20, 110 }, // U+2078
    { 8, 10, 128, 0, 18, 20, 130 }, // U+2079
    { 7, 7, 121, 0, 16, 13, 150 }, // U+207A
    { 7, 3, 121, 0, 14, 6, 163 }, // U+207B
    { 7, 5, 121, 0, 15, 9, 169 }, // U+207C
    { 5, 13, 81, 1, 20, 17, 178 }, // U+207D
    { 4, 13, 81, 0, 20, 13, 195 }, // U+207E
    { 7, 8, 142, 1, 14, 14, 208 }, // U+207F
    { 8, 10, 128, 0, 7, 20, 222 }, // U+2080
    { 6, 10, 128, 0, 7, 15, 242 }, // U+2081
    { 8, 10, 128, 0, 7, 20, 257 }, // U+2082
    { 8, 10, 128, 0, 7, 20, 277 }, // U+2083
    { 8, 10, 128, 0, 7, 20, 297 }, // U+2084
    { 8, 10, 128, 0, 7, 20, 317 }, // U+2085
    { 8, 10, 128, 0, 7, 20, 337 }, // U+2086
    { 8, 10, 128, 0, 7, 20, 357 }, // U+2087
    { 8, 10, 128, 0, 7, 20, 377 }, // U+2088
    { 8, 10, 128, 0, 7, 20, 397 }, // U+2089
    { 7, 7, 121, 0, 5, 13, 417 }, // U+208A
    { 7, 3, 121, 0, 3, 6, 430 }, // U+208B
    { 7, 5, 121, 0, 4, 9, 436 }, // U+208C
    { 5, 13, 81, 1, 9, 17, 445 }, // U+208D
    { 4, 13, 81, 0, 9, 13, 462 }, // U+208E
    { 8, 8, 131, 0, 5, 16, 475 }, // U+2090
    { 8, 8, 130, 0, 5, 16, 491 }, // U+2091
    { 8, 8, 136, 0, 5, 16, 507 }, // U+2092
    { 8, 8, 126, 0, 5, 16, 523 }, // U+2093
    { 8, 8, 130, 0, 5, 16, 539 }, // U+2094
    { 7, 11, 142, 1, 8, 20, 555 }, // U+2095
    { 8, 11, 133, 1, 8, 22, 575 }, // U+2096
    { 3, 11, 65, 1, 8, 9, 597 }, // U+2097
    { 12, 8, 213, 1, 5, 24, 606 }, // U+2098
    { 7, 8, 142, 1, 5, 14, 630 }, // U+2099
    { 7, 11, 138, 1, 5, 20, 644 }, // U+209A
    { 7, 8, 110, 0, 5, 14, 664 }, // U+209B
    { 6, 10, 92, 0, 7, 15, 678 }, // U+209C
    { 12, 16, 192, 0, 16, 48, 0 }, // U+20A0
    { 13, 18, 205, 0, 16, 59, 48 }, // U+20A1
    { 12, 17, 192, 0, 16, 51, 107 }, // U+20A2
    { 11, 15, 192, 0, 15, 42, 158 }, // U+20A3
    { 12, 16, 192, 0, 16, 48, 200 }, // U+20A4
    { 18, 17, 328, 1, 14, 77, 248 }, // U+20A5
    { 12, 15, 192, 0, 15, 45, 325 }, // U+20A6
    { 17, 16, 299, 1, 15, 68, 370 }, // U+20A7
    { 18, 16, 308, 1, 15, 72, 438 }, // U+20A8
    { 16, 15, 248, 0, 15, 60, 510 }, // U+20A9
    { 17, 15, 309, 1, 15, 64, 570 }, // U+20AA
    { 14, 20, 217, 0, 16, 70, 634 }, // U+20AB
    { 12, 17, 192, 0, 16, 51, 704 }, // U+20AC
    { 13, 15, 192, 0, 15, 49, 755 }, // U+20AD
    { 12, 15, 192, 0, 15, 45, 804 }, // U+20AE
    { 21, 22, 339, 0, 16, 116, 849 }, // U+20AF
    { 12, 22, 205, 0, 16, 66, 965 }, // U+20B0
    { 12, 15, 192, 0, 15, 45, 1031 }, // U+20B1
    { 13, 18, 247, 1, 16, 59, 1076 }, // U+20B2
    { 14, 15, 218, 0, 15, 53, 1135 }, // U+20B3
    { 12, 17, 192, 0, 16, 51, 1188 }, // U+20B4
    { 12, 18, 214, 1, 16, 54, 1239 }, // U+20B5
    { 14, 15, 234, 0, 14, 53, 1293 }, // U+20B6
    { 15, 18, 246, 0, 16, 68, 1346 }, // U+20B7
    { 12, 15, 193, 0, 15, 45, 1414 }, // U+20B8
    { 10, 15, 192, 1, 15, 38, 1459 }, // U+20B9
    { 12, 16, 192, 0, 15, 48, 1497 }, // U+20BA
    { 17, 17, 273, 0, 16, 73, 1545 }, // U+20BB
    { 17, 15, 294, 1, 15, 64, 1618 }, // U+20BC
    { 13, 15, 202, 0, 15, 49, 1682 }, // U+20BD
    { 15, 17, 265, 1, 17, 64, 1731 }, // U+20BE
    { 11, 21, 192, 1, 18, 58, 1795 }, // U+20BF
    { 11, 16, 176, 0, 12, 44, 1853 }, // U+20C0
    { 12, 3, 195, 0, 9, 9, 0 }, // U+2212
    { 18, 17, 259, 0, 17, 77, 0 }, // U+FB00
    { 13, 17, 230, 0, 17, 56, 77 }, // U+FB01
    { 13, 17, 233, 0, 17, 56, 133 }, // U+FB02
    { 22, 17, 360, 0, 17, 94, 189 }, // U+FB03
    { 21, 17, 363, 0, 17, 90, 283 }, // U+FB04
    { 15, 18, 263, 1, 17, 68, 373 }, // U+FB05
    { 19, 18, 313, 0, 17, 86, 441 }, // U+FB06
    { 21, 20, 336, 0, 16, 105, 0 }, // U+FFFD
};

static const EpdUnicodeInterval notosans_c21_boldIntervals[] = {
    { 0x0, 0x0, 0x0 },
    { 0xD, 0xD, 0x1 },
    { 0x20, 0x7E, 0x2 },
    { 0xA0, 0x17F, 0x61 },
    { 0x1A0, 0x1A1, 0x141 },
    { 0x1AF, 0x1B0, 0x143 },
    { 0x1C4, 0x21F, 0x145 },
    { 0x300, 0x36F, 0x1A1 },
    { 0x400, 0x4FF, 0x211 },
    { 0x1EA0, 0x1EF9, 0x311 },
    { 0x2000, 0x2064, 0x36B },
    { 0x2066, 0x2071, 0x3D0 },
    { 0x2074, 0x208E, 0x3DC },
    { 0x2090, 0x209C, 0x3F7 },
    { 0x20A0, 0x20C0, 0x404 },
    { 0x2212, 0x2212, 0x425 },
    { 0xFB00, 0xFB06, 0x426 },
    { 0xFFFD, 0xFFFD, 0x42D },
};

static const EpdFontGroup notosans_c21_boldGroups[] = {
    { 0, 2176, 4190, 97, 0 },
    { 2176, 2012, 5162, 96, 97 },
    { 4188, 2531, 8086, 128, 193 },
    { 6719, 2482, 7365, 96, 321 },
    { 9201, 882, 1330, 112, 417 },
    { 10083, 6503, 16634, 256, 529 },
    { 16586, 1634, 6914, 90, 785 },
    { 18220, 1450, 3053, 111, 875 },
    { 19670, 402, 737, 42, 986 },
    { 20072, 1268, 2074, 33, 1028 },
    { 21340, 11, 9, 1, 1061 },
    { 21351, 237, 587, 7, 1062 },
    { 21588, 91, 120, 1, 1069 },
};

static const uint16_t notosans_c21_boldKernLeftCodepoints[] = {
    0x0022, 0x0026, 0x0027, 0x0028, 0x002C, 0x002D, 0x002E, 0x003A, 0x0041, 0x0042, 0x0043, 0x0044,
    0x0045, 0x0046, 0x004B, 0x004C, 0x004F, 0x0050, 0x0051, 0x0052, 0x0054, 0x0055, 0x0056, 0x0057,
    0x0058, 0x0059, 0x005A, 0x005B, 0x005F, 0x0061, 0x0062, 0x0063, 0x0065, 0x0066, 0x0068, 0x006D,
    0x006E, 0x006F, 0x0070, 0x0072, 0x0074, 0x0076, 0x0077, 0x0078, 0x0079, 0x007B, 0x00A1, 0x00AB,
    0x00BB, 0x00BF, 0x00C0, 0x00C1, 0x00C2, 0x00C3, 0x00C4, 0x00C5, 0x00C6, 0x00C7, 0x00C8, 0x00C9,
    0x00CA, 0x00CB, 0x00D0, 0x00D2, 0x00D3, 0x00D4, 0x00D5, 0x00D6, 0x00D8, 0x00D9, 0x00DA, 0x00DB,
    0x00DC, 0x00DD, 0x00DE, 0x00E0, 0x00E1, 0x00E2, 0x00E3, 0x00E4, 0x00E5, 0x00E6, 0x00E8, 0x00E9,
    0x00EA, 0x00EB, 0x00EE, 0x00EF, 0x00F0, 0x00F2, 0x00F3, 0x00F4, 0x00F5, 0x00F6, 0x00F8, 0x00FD,
    0x00FE, 0x00FF, 0x0100, 0x0101, 0x0102, 0x0103, 0x0104, 0x0105, 0x0106, 0x0108, 0x010A, 0x010C,
    0x010E, 0x010F, 0x0110, 0x0112, 0x0113, 0x0114, 0x0115, 0x0116, 0x0117, 0x0118, 0x0119, 0x011A,
    0x011B, 0x0125, 0x0129, 0x012B, 0x012E, 0x0136, 0x0138, 0x0139, 0x013B, 0x013D, 0x013E, 0x013F,
    0x0141, 0x0144, 0x0146, 0x0149, 0x014B, 0x014C, 0x014D, 0x014E, 0x014F, 0x0150, 0x0151, 0x0152,
    0x0153, 0x0155, 0x0157, 0x0159, 0x0162, 0x0163, 0x0164, 0x0165, 0x0166, 0x0167, 0x0168, 0x016A,
    0x016C, 0x016E, 0x0170, 0x0172, 0x0174, 0x0175, 0x0176, 0x0177, 0x0178, 0x0179, 0x017B, 0x017D,
    0x01A0, 0x01A1, 0x01AF, 0x01B0, 0x01FA, 0x01FB, 0x01FC, 0x01FD, 0x01FE, 0x020B, 0x021A, 0x021B,
    0x0400, 0x0401, 0x0402, 0x0403, 0x0404, 0x0405, 0x0409, 0x040A, 0x040B, 0x040C, 0x040E, 0x0410,
    0x0411, 0x0412, 0x0413, 0x0414, 0x0415, 0x0416, 0x0417, 0x041A, 0x041E, 0x0420, 0x0421, 0x0422,
    0x0423, 0x0424, 0x0425, 0x0426, 0x0429, 0x042A, 0x042C, 0x042D, 0x042E, 0x0430, 0x0431, 0x0432,
    0x0433, 0x0434, 0x0435, 0x0436, 0x0437, 0x0438, 0x0439, 0x043A, 0x043B, 0x043C, 0x043D, 0x043E,
    0x043F, 0x0440, 0x0441, 0x0442, 0x0443, 0x0444, 0x0445, 0x0446, 0x0447, 0x0448, 0x0449, 0x044A,
    0x044B, 0x044C, 0x044D, 0x044E, 0x044F, 0x0450, 0x0451, 0x0452, 0x0453, 0x0454, 0x0455, 0x0457,
    0x0458, 0x0459, 0x045A, 0x045B, 0x045C, 0x045D, 0x045E, 0x045F, 0x0460, 0x0461, 0x0462, 0x0463,
    0x0464, 0x0465, 0x0466, 0x0467, 0x0468, 0x0469, 0x046E, 0x0471, 0x0472, 0x0473, 0x0474, 0x0475,
    0x0476, 0x0477, 0x0478, 0x0479, 0x047A, 0x047B, 0x047C, 0x047D, 0x047E, 0x047F, 0x0480, 0x048A,
    0x048B, 0x048C, 0x048D, 0x048E, 0x048F, 0x0490, 0x0491, 0x0492, 0x0493, 0x0496, 0x0497, 0x0498,
    0x0499, 0x049A, 0x049B, 0x049C, 0x049D, 0x049E, 0x049F, 0x04A0, 0x04A1, 0x04A2, 0x04A3, 0x04A4,
    0x04A5, 0x04A9, 0x04AA, 0x04AB, 0x04AC, 0x04AD, 0x04AE, 0x04AF, 0x04B0, 0x04B1, 0x04B2, 0x04B3,
    0x04B4, 0x04B5, 0x04B6, 0x04B7, 0x04BC, 0x04BD, 0x04BE, 0x04BF, 0x04C1, 0x04C2, 0x04C5, 0x04C6,
    0x04C9, 0x04CA, 0x04CD, 0x04CE, 0x04D0, 0x04D1, 0x04D2, 0x04D3, 0x04D4, 0x04D5, 0x04D6, 0x04D7,
    0x04D8, 0x04D9, 0x04DA, 0x04DB, 0x04DC, 0x04DD, 0x04DE, 0x04DF, 0x04E3, 0x04E5, 0x04E6, 0x04E7,
    0x04E8, 0x04E9, 0x04EA, 0x04EB, 0x04EC, 0x04ED, 0x04EE, 0x04EF, 0x04F0, 0x04F1, 0x04F2, 0x04F3,
    0x04F5, 0x04F6, 0x04F7, 0x04F9, 0x04FA, 0x04FB, 0x04FC, 0x04FD, 0x04FE, 0x04FF, 0x1EA0, 0x1EA1,
    0x1EA2, 0x1EA3, 0x1EA4, 0x1EA5, 0x1EA6, 0x1EA7, 0x1EA8, 0x1EA9, 0x1EAA, 0x1EAB, 0x1EAC, 0x1EAD,
    0x1EAE, 0x1EAF, 0x1EB0, 0x1EB1, 0x1EB2, 0x1EB3, 0x1EB4, 0x1EB5, 0x1EB6, 0x1EB7, 0x1EB8, 0x1EB9,
    0x1EBA, 0x1EBB, 0x1EBC, 0x1EBD, 0x1EBE, 0x1EBF, 0x1EC0, 0x1EC1, 0x1EC2, 0x1EC3, 0x1EC4, 0x1EC5,
    0x1EC6, 0x1EC7, 0x1ECC, 0x1ECD, 0x1ECE, 0x1ECF, 0x1ED0, 0x1ED1, 0x1ED2, 0x1ED3, 0x1ED4, 0x1ED5,
    0x1ED6, 0x1ED7, 0x1ED8, 0x1ED9, 0x1EDA, 0x1EDB, 0x1EDC, 0x1EDD, 0x1EDE, 0x1EDF, 0x1EE0, 0x1EE1,
    0x1EE2, 0x1EE3, 0x1EE4, 0x1EE6, 0x1EE8, 0x1EE9, 0x1EEA, 0x1EEB, 0x1EEC, 0x1EED, 0x1EEE, 0x1EEF,
    0x1EF0, 0x1EF1, 0x1EF2, 0x1EF3, 0x1EF4, 0x1EF5, 0x1EF6, 0x1EF7, 0x1EF8, 0x1EF9, 0x2013, 0x2014,
    0x2015, 0x2018, 0x2019, 0x201A, 0x201C, 0x201D, 0x201E, 0x2039, 0x203A, 0xFB00,
};

static const uint8_t notosans_c21_boldKernLeftClassIds[] = {
      1,   2,   1,   3,   4,   5,   4,   6,   7,   8,   9,  10,  11,  12,   9,  13,
     10,  14,  10,  15,  16,  17,  18,  18,   9,  19,  20,   3,  21,  22,  23,  24,
     23,  25,  22,  22,  22,  23,  23,  26,  24,  27,  27,  28,  27,   3,  29,  30,
     31,  32,   7,   7,   7,   7,   7,   7,  11,   9,  11,  11,  11,  11,  10,  10,
     10,  10,  10,  10,  10,  17,  17,  17,  17,  19,  14,  22,  22,  22,  22,  22,
     22,  23,  23,  23,  23,  23,  33,  33,  23,  23,  23,  23,  23,  23,  23,  27,
     23,  27,   7,  22,   7,  22,  34,  22,   9,   9,   9,   9,  10,  35,  10,  11,
     23,  11,  23,  11,  23,  11,  23,  11,  23,  22,  36,  33,  37,   9,  28,  13,
     13,  13,  35,  13,  13,  22,  22,  22,  22,  10,  23,  10,  23,  10,  23,  11,
     23,  26,  26,  26,  16,  24,  16,  38,  16,  24,  17,  17,  17,  17,  17,  17,
     18,  27,  19,  27,  19,  20,  20,  20,  39,  40,  41,  42,   7,  22,  11,  23,
     10,  33,  16,  24,  43,  43,  44,  45,  46,  47,  48,  48,  44,  49,  50,  51,
     52,  53,  45,  54,  43,  49,  53,  49,  55,  56,  46,  45,  50,  57,  49,  54,
     54,  48,  48,  55,  55,  58,  59,  60,  61,  62,  63,  64,  60,  65,  65,  64,
     65,  65,  65,  63,  65,  63,  66,  61,  67,  63,  64,  62,  65,  65,  62,  68,
     65,  68,  63,  63,  65,  63,  63,  69,  70,  66,  71,  72,  73,  68,  68,  74,
     64,  65,  67,  65,  55,  75,  76,  68,  46,  66,  51,  77,  51,  77,  78,  63,
     55,  63,  50,  75,  50,  75,  67,  67,  55,  63,  55,  63,  55,  75,  46,  54,
     62,  76,  68,  56,  63,  79,  80,  81,  82,  83,  84,  78,  60,  83,  84,  49,
     64,  49,  64,  49,  64,  54,  62,  81,  80,  63,  46,  66,  79,  80,  85,  86,
     85,  86,  83,  84,  54,  62,  54,  62,  87,  88,  87,  88,  49,  64,  54,  62,
     54,  62,  54,  62,  51,  58,  51,  58,  43,  88,  43,  88,  55,  63,  55,  63,
     49,  64,  78,  60,  65,  65,  55,  63,  55,  63,  55,  63,  55,  63,  50,  67,
     50,  67,  50,  67,  65,  79,  80,  65,  81,  82,  83,  84,  49,  84,   7,  22,
      7,  22,   7,  22,   7,  22,   7,  22,   7,  22,   7,  22,   7,  22,   7,  22,
      7,  22,   7,  22,   7,  22,  11,  23,  11,  23,  11,  23,  11,  23,  11,  23,
     11,  23,  11,  23,  11,  23,  10,  23,  10,  23,  10,  23,  10,  23,  10,  23,
     10,  23,  10,  23,  39,  40,  39,  40,  39,  40,  39,  40,  39,  40,  17,  17,
     41,  42,  41,  42,  41,  42,  41,  42,  41,  42,  19,  27,  19,  27,  19,  27,
     19,  27,   5,   5,   5,   1,   1,   4,   1,   1,   4,  30,  31,  25,
};

static const uint16_t notosans_c21_boldKernRightCodepoints[] = {
    0x0021, 0x0022, 0x0026, 0x0027, 0x0029, 0x002C, 0x002D, 0x002E, 0x003A, 0x003B, 0x003F, 0x0041,
    0x0043, 0x0047, 0x0049, 0x004A, 0x004F, 0x0051, 0x0054, 0x0055, 0x0056, 0x0057, 0x0058, 0x0059,
    0x005A, 0x005D, 0x0061, 0x0062, 0x0063, 0x0064, 0x0065, 0x0066, 0x0067, 0x0068, 0x006A, 0x006B,
    0x006C, 0x006D, 0x006E, 0x006F, 0x0070, 0x0071, 0x0072, 0x0073, 0x0074, 0x0075, 0x0076, 0x0077,
    0x0078, 0x0079, 0x007A, 0x007D, 0x00AB, 0x00BB, 0x00C0, 0x00C1, 0x00C2, 0x00C3, 0x00C4, 0x00C5,
    0x00C6, 0x00C7, 0x00D2, 0x00D3, 0x00D4, 0x00D5, 0x00D6, 0x00D8, 0x00D9, 0x00DA, 0x00DB, 0x00DC,
    0x00DD, 0x00E0, 0x00E1, 0x00E2, 0x00E3, 0x00E4, 0x00E5, 0x00E6, 0x00E7, 0x00E8, 0x00E9, 0x00EA,
    0x00EB, 0x00F2, 0x00F3, 0x00F4, 0x00F5, 0x00F6, 0x00F8, 0x00F9, 0x00FA, 0x00FB, 0x00FC, 0x00FD,
    0x00FE, 0x00FF, 0x0100, 0x0101, 0x0102, 0x0103, 0x0104, 0x0105, 0x0106, 0x0107, 0x0108, 0x0109,
    0x010A, 0x010B, 0x010C, 0x010D, 0x010F, 0x0111, 0x0113, 0x0115, 0x0117, 0x0119, 0x011B, 0x011C,
    0x011D, 0x011E, 0x011F, 0x0120, 0x0121, 0x0122, 0x0123, 0x0125, 0x0127, 0x0129, 0x0137, 0x0138,
    0x013A, 0x013C, 0x013E, 0x0140, 0x0144, 0x0146, 0x014B, 0x014C, 0x014D, 0x014E, 0x014F, 0x0150,
    0x0151, 0x0152, 0x0153, 0x0155, 0x0157, 0x015B, 0x015F, 0x0162, 0x0163, 0x0164, 0x0165, 0x0166,
    0x0167, 0x0168, 0x0169, 0x016A, 0x016B, 0x016C, 0x016D, 0x016E, 0x016F, 0x0170, 0x0171, 0x0172,
    0x0173, 0x0174, 0x0175, 0x0176, 0x0177, 0x0178, 0x0179, 0x017A, 0x017B, 0x017C, 0x017D, 0x017E,
    0x01A0, 0x01A1, 0x01AF, 0x01B0, 0x01FA, 0x01FB, 0x01FC, 0x01FD, 0x01FE, 0x01FF, 0x0219, 0x021A,
    0x021B, 0x0402, 0x0404, 0x0405, 0x0408, 0x0409, 0x040B, 0x040E, 0x0410, 0x0414, 0x0416, 0x0417,
    0x041B, 0x041E, 0x0421, 0x0422, 0x0423, 0x0424, 0x0425, 0x0427, 0x042A, 0x042D, 0x042F, 0x0430,
    0x0431, 0x0432, 0x0433, 0x0434, 0x0435, 0x0436, 0x0437, 0x0438, 0x0439, 0x043A, 0x043B, 0x043C,
    0x043D, 0x043E, 0x043F, 0x0440, 0x0441, 0x0442, 0x0443, 0x0444, 0x0445, 0x0446, 0x0447, 0x0448,
    0x0449, 0x044A, 0x044B, 0x044C, 0x044D, 0x044E, 0x044F, 0x0450, 0x0451, 0x0452, 0x0453, 0x0454,
    0x0455, 0x0457, 0x0458, 0x0459, 0x045A, 0x045B, 0x045C, 0x045D, 0x045E, 0x045F, 0x0460, 0x0461,
    0x0462, 0x0465, 0x0466, 0x0467, 0x0469, 0x046D, 0x046E, 0x0470, 0x0472, 0x0473, 0x0474, 0x0475,
    0x0476, 0x0477, 0x0478, 0x0479, 0x047A, 0x047B, 0x047C, 0x047D, 0x047E, 0x047F, 0x0480, 0x0481,
    0x048B, 0x048C, 0x048D, 0x048F, 0x0491, 0x0492, 0x0495, 0x0496, 0x0497, 0x0498, 0x0499, 0x049B,
    0x049D, 0x049F, 0x04A0, 0x04A1, 0x04A3, 0x04A5, 0x04A7, 0x04A8, 0x04A9, 0x04AA, 0x04AB, 0x04AC,
    0x04AD, 0x04AE, 0x04AF, 0x04B0, 0x04B1, 0x04B2, 0x04B3, 0x04B4, 0x04B5, 0x04B6, 0x04B7, 0x04B8,
    0x04B9, 0x04BB, 0x04BC, 0x04BD, 0x04BE, 0x04BF, 0x04C1, 0x04C2, 0x04C4, 0x04C5, 0x04C6, 0x04C8,
    0x04CA, 0x04CB, 0x04CC, 0x04CE, 0x04D0, 0x04D1, 0x04D2, 0x04D3, 0x04D4, 0x04D5, 0x04D7, 0x04D8,
    0x04D9, 0x04DA, 0x04DB, 0x04DC, 0x04DD, 0x04DE, 0x04DF, 0x04E3, 0x04E5, 0x04E6, 0x04E7, 0x04E8,
    0x04E9, 0x04EA, 0x04EB, 0x04EC, 0x04ED, 0x04EE, 0x04EF, 0x04F0, 0x04F1, 0x04F2, 0x04F3, 0x04F4,
    0x04F5, 0x04F7, 0x04F9, 0x04FA, 0x04FC, 0x04FD, 0x04FE, 0x04FF, 0x1EA0, 0x1EA1, 0x1EA2, 0x1EA3,
    0x1EA4, 0x1EA5, 0x1EA6, 0x1EA7, 0x1EA8, 0x1EA9, 0x1EAA, 0x1EAB, 0x1EAC, 0x1EAD, 0x1EAE, 0x1EAF,
    0x1EB0, 0x1EB1, 0x1EB2, 0x1EB3, 0x1EB4, 0x1EB5, 0x1EB6, 0x1EB7, 0x1EB9, 0x1EBB, 0x1EBD, 0x1EBF,
    0x1EC1, 0x1EC3, 0x1EC5, 0x1EC7, 0x1ECC, 0x1ECD, 0x1ECE, 0x1ECF, 0x1ED0, 0x1ED1, 0x1ED2, 0x1ED3,
    0x1ED4, 0x1ED5, 0x1ED6, 0x1ED7, 0x1ED8, 0x1ED9, 0x1EDA, 0x1EDB, 0x1EDC, 0x1EDD, 0x1EDE, 0x1EDF,
    0x1EE0, 0x1EE1, 0x1EE2, 0x1EE3, 0x1EE4, 0x1EE5, 0x1EE6, 0x1EE7, 0x1EE8, 0x1EE9, 0x1EEA, 0x1EEB,
    0x1EEC, 0x1EED, 0x1EEE, 0x1EEF, 0x1EF0, 0x1EF1, 0x1EF2, 0x1EF4, 0x1EF5, 0x1EF6, 0x1EF7, 0x1EF8,
    0x1EF9, 0x2013, 0x2014, 0x2015, 0x2018, 0x2019, 0x201A, 0x201C, 0x201D, 0x201E, 0x2026, 0x2039,
    0x203A, 0xFB00, 0xFB01, 0xFB02, 0xFB03, 0xFB04,
};

static const uint8_t notosans_c21_boldKernRightClassIds[] = {
      1,   2,   3,   2,   4,   5,   6,   5,   7,   7,   8,   9,  10,  10,  11,  12,
     10,  10,  13,  14,  15,  15,  16,  17,  18,   4,  19,  20,  21,  21,  21,  22,
     23,  20,  24,  20,  20,  25,  25,  21,  25,  21,  25,  26,  22,  25,  27,  27,
     27,  27,  28,   4,  29,  30,   9,   9,   9,   9,   9,   9,  31,  10,  10,  10,
     10,  10,  10,  10,  14,  14,  14,  14,  17,  21,  19,  19,  19,  19,  19,  19,
     21,  21,  21,  21,  21,  21,  21,  21,  21,  21,  21,  25,  25,  25,  25,  27,
     20,  27,   9,  19,   9,  19,   9,  19,  10,  21,  10,  21,  10,  21,  10,  21,
     21,  21,  21,  21,  21,  21,  21,  10,  23,  10,  23,  10,  23,  10,  23,  20,
     32,  33,  20,  25,  20,  20,  20,  20,  25,  25,  25,  10,  21,  10,  21,  10,
     21,  10,  21,  25,  25,  26,  26,  13,  22,  13,  22,  13,  22,  14,  25,  14,
     25,  14,  25,  14,  25,  14,  25,  14,  25,  15,  27,  17,  27,  17,  18,  28,
     18,  28,  18,  28,  10,  21,  14,  25,   9,  19,  31,  19,  10,  21,  26,  13,
     22,  34,  35,  36,  37,  38,  34,  39,  40,  41,  42,  43,  38,  35,  35,  34,
     39,  44,  42,  45,  34,  43,  46,  47,  48,  49,  49,  50,  51,  52,  53,  49,
     49,  49,  54,  49,  49,  51,  49,  49,  51,  55,  56,  51,  52,  49,  57,  49,
     49,  55,  49,  49,  53,  49,  58,  51,  51,  59,  49,  51,  60,  61,  62,  54,
     49,  59,  49,  49,  56,  49,  63,  64,  65,  66,  40,  50,  66,  66,  43,  45,
     63,  47,  67,  64,  67,  64,  63,  47,  63,  47,  63,  47,  63,  64,  63,  47,
     66,  65,  59,  66,  66,  65,  66,  42,  52,  43,  53,  66,  66,  59,  68,  55,
     66,  66,  66,  63,  47,  63,  47,  34,  55,  69,  70,  69,  70,  42,  52,  68,
     55,  45,  57,  45,  57,  66,  71,  72,  71,  72,  42,  52,  66,  73,  50,  66,
     66,  45,  57,  66,  40,  74,  40,  74,  40,  74,  47,  75,  74,  75,  74,  42,
     52,  43,  53,  49,  49,  63,  47,  63,  47,  63,  47,  43,  53,  39,  56,  39,
     56,  39,  56,  45,  57,  66,  49,  65,  42,  52,  42,  52,   9,  19,   9,  19,
      9,  19,   9,  19,   9,  19,   9,  19,   9,  19,   9,  19,   9,  19,   9,  19,
      9,  19,   9,  19,  21,  21,  21,  21,  21,  21,  21,  21,  10,  21,  10,  21,
     10,  21,  10,  21,  10,  21,  10,  21,  10,  21,  10,  21,  10,  21,  10,  21,
     10,  21,  10,  21,  14,  25,  14,  25,  14,  25,  14,  25,  14,  25,  14,  25,
     14,  25,  17,  17,  27,  17,  27,  17,  27,   6,   6,   6,  76,   2,   5,  76,
      2,   5,   5,  29,  30,  22,  22,  22,  22,  22,
};

static const uint16_t notosans_c21_boldKernRowOffsets[] = {
        0,    29,    32,    37,    54,    61,    66,    72,    73,    75,    82,    83,    87,    93,   100,   101,
      117,   119,   130,   143,   145,   146,   147,   150,   151,   154,   159,   162,   163,   167,   173,   182,
      186,   187,   193,   200,   202,   203,   208,   214,   217,   227,   230,   231,   244,   269,   275,   277,
      288,   303,   332,   351,   353,   357,   369,   385,   402,   420,   426,   438,   446,   457,   469,   481,
      493,   495,   499,   511,   529,   535,   549,   553,   557,   559,   564,   566,   573,   581,   584,   609,
      616,   632,   635,   640,   642,   654,   656,   659,   662,
};

static const uint8_t notosans_c21_boldKernSparseCols[] = {
      8,  12,  14,  16,  18,  20,  22,  24,  25,  30,  32,  33,  37,  38,  39,  40,
     41,  43,  46,  49,  52,  53,  54,  55,  58,  60,  67,  72,  73,  12,  14,  16,
     11,  23,  36,  43,  61,   9,  12,  13,  14,  16,  33,  36,  38,  43,  44,  54,
     56,  62,  66,  67,  68,  70,  12,  33,  38,  41,  51,  54,  67,  33,  41,  43,
     44,  56,   1,   9,  11,  12,  14,  16,   4,   9,  28,   4,   8,  12,  14,  15,
     16,  17,  11,   3,   4,   7,   8,   1,   9,  12,  13,  14,  16,   2,   4,   8,
     15,  17,  28,  30,  28,   2,   4,   5,   7,   8,   9,  12,  18,  20,  22,  24,
     25,  26,  27,  28,  29,   4,   8,   4,   7,   8,   9,  18,  20,  22,  24,  25,
     28,  29,   2,   4,   7,   8,   9,  18,  20,  22,  24,  25,  27,  28,  29,   9,
     28,  11,   1,   1,  26,  27,   1,   1,   3,   4,   1,   4,  18,  20,  22,   1,
      4,   7,  20,  11,  12,  14,  16,  12,  14,  16,  33,  39,  67,  12,  14,  15,
     16,  33,  38,  41,  44,  67,  11,  12,  14,  16,   3,   1,   9,  11,  12,  14,
     16,   0,   1,   3,   7,  19,  31,  75,   3,  32,  11,   0,   1,   3,   7,  75,
      8,  10,  12,  14,  15,  16,  19,  21,  26,   8,   9,  10,  12,  14,  15,  16,
     18,  20,  22,  19,  21,  26,  36,   1,  33,  38,  44,  54,  55,  56,  64,  66,
     67,  68,  69,  75,   1,   4,   5,   6,  29,  33,  34,  37,  39,  40,  43,  46,
     47,  48,  49,  50,  51,  52,  53,  54,  55,  56,  57,  59,  67,  28,  34,  43,
     56,  62,  70,   4,  43,   1,   4,  33,  38,  44,  51,  54,  55,  57,  67,  75,
      1,   5,   6,  28,  34,  43,  44,  46,  47,  50,  54,  55,  56,  62,  70,   1,
      4,   5,   6,  28,  29,  34,  35,  37,  39,  40,  43,  45,  46,  47,  48,  49,
     50,  51,  52,  53,  56,  57,  58,  59,  62,  70,  71,  72,   1,  29,  33,  34,
     36,  38,  43,  44,  50,  54,  55,  56,  64,  66,  67,  68,  70,  74,  75,  51,
     55,   3,  51,  56,  57,   4,  36,  37,  40,  43,  44,  49,  53,  54,  55,  56,
     61,   4,  33,  37,  38,  39,  40,  41,  42,  49,  51,  53,  57,  66,  67,  68,
     72,   4,   5,   6,  28,  29,  37,  38,  39,  40,  41,  43,  46,  49,  50,  53,
     57,  72,   1,   3,   4,   6,  33,  35,  37,  38,  39,  40,  41,  42,  45,  49,
     51,  53,  57,  67,   1,  33,  38,  51,  54,  55,   1,  33,  38,  39,  41,  45,
     49,  51,  54,  55,  56,  57,   3,  33,  38,  41,  45,  51,  54,  55,   1,   4,
      5,  37,  39,  40,  41,  49,  50,  53,  75,   1,   4,  33,  36,  37,  40,  44,
     49,  53,  54,  56,  61,   1,  33,  38,  39,  41,  45,  49,  51,  54,  55,  56,
     57,   5,  33,  34,  38,  43,  44,  46,  50,  56,  57,  71,  75,  33,  58,   1,
     33,  50,  57,   1,   4,  37,  39,  40,  41,  46,  49,  50,  53,  57,  75,   1,
      6,  33,  38,  39,  41,  43,  44,  45,  51,  54,  55,  56,  57,  63,  69,  71,
     75,   1,  33,  36,  54,  55,  61,   1,   4,   5,  37,  38,  39,  40,  41,  49,
     50,  53,  58,  60,  75,  33,  38,  45,  57,   1,  33,  58,  60,  36,  61,   1,
     33,  36,  54,  55,   4,  49,   1,  33,  44,  54,  66,  67,  68,   1,  46,  54,
     55,  56,  63,  69,  71,   4,  66,  68,   4,   5,  28,  29,  33,  34,  37,  39,
     40,  43,  46,  49,  51,  52,  54,  55,  56,  62,  63,  65,  69,  70,  71,  72,
     73,   4,   5,  39,  46,  49,  50,  53,   4,   5,  33,  39,  46,  49,  51,  52,
     56,  58,  62,  65,  67,  70,  71,  72,   4,  46,  49,  54,  56,  62,  70,  71,
     46,  56,   4,  39,  46,  49,  56,  58,  62,  65,  71,  72,  73,  74,   4,  49,
     33,  66,  68,   1,  51,  55,
};

static const int8_t notosans_c21_boldKernSparseValues[] = {
     -24,    7,    7,    3,  -13,  -20,  -10,  -10,  -10,  -27,   24,    7,  -10,    7,  -24,  -20,
       7,   -3,  -13,  -24,    7,  -17,   10,    7,   10,   10,    7,  -20,   -7,  -20,   -7,  -10,
      30,   13,   34,  -10,   20,  -17,  -24,   -7,  -20,  -20,  -17,   20,   -7,  -13,  -27,  -13,
     -20,  -17,  -20,  -24,  -20,  -20,  -13,  -13,   -7,   -3,   -3,   -7,  -13,   -4,   -1,   -1,
      -1,   -1,  -24,   -7,   17,  -24,  -13,  -20,   -3,   -7,   -7,  -13,   -7,  -10,   -3,   -7,
      -3,   -3,   20,    7,  -20,    7,   -7,  -27,   -7,   -7,   -3,   -7,  -10,   -3,  -44,  -17,
      -7,   -3,   -7,  -10,   -3,   -7,  -20,  -13,    7,  -24,   -7,    7,  -27,  -24,  -24,  -17,
     -20,   -7,  -13,  -20,  -10,   -7,   -3,  -17,    7,  -13,   -3,   -7,   -7,   -3,   -3,   -3,
     -10,   -3,  -10,  -20,    7,  -20,   -7,  -17,  -17,  -17,  -10,  -13,   -7,  -27,  -10,   -3,
      -7,   32,   -3,   -3,   -7,   -3,    7,   20,   13,   -7,   13,  -54,   -7,   -7,   -3,   13,
     -13,    7,   -7,   17,   -7,   -3,  -10,  -10,   -3,  -10,  -10,   -3,   -3,  -20,  -10,   -7,
     -27,  -20,   -7,   -7,   -7,  -13,   34,  -13,  -10,  -13,   17,  -24,   -7,   37,  -24,  -13,
     -20,   39,   35,   49,   45,   10,   24,   31,   17,   40,   17,   44,   45,   55,   47,   32,
      -7,    7,   20,   24,   17,   20,    7,   13,   17,  -10,   -3,    7,   24,   24,   17,   20,
     -10,   -7,   -7,    7,   17,   17,   17,  -24,  -17,   -7,  -10,   -7,   -7,   -7,   -7,  -13,
     -20,  -17,   -7,  -10,    7,  -17,  -13,  -10,  -10,    7,   -7,   -8,  -24,   -8,  -12,  -13,
      -7,  -10,  -13,  -13,   -3,   -3,  -10,   -3,   -3,  -10,  -13,   -7,    3,   -7,   -7,  -10,
      -7,   -7,   -7,   -7,   -3,  -30,   -3,  -20,   -7,  -10,   -7,   -7,   -7,   -7,  -10,  -20,
       7,   -3,   -3,   -7,   -7,  -13,   -3,   -3,   -7,   -7,   -3,   -3,   -7,   -7,  -17,    7,
     -24,   -7,   -3,  -17,   -7,  -13,   -7,  -26,  -40,  -36,  -10,  -12,  -17,  -13,   -3,  -32,
     -24,  -10,   -7,  -17,   -7,  -17,   17,  -10,   -3,   -7,  -10,  -17,  -24,   -3,  -24,   -7,
      17,   -6,  -12,  -20,   -3,  -10,   -7,  -10,   -7,  -13,  -17,  -20,  -17,   -3,  -13,   -3,
      -3,   -3,   -3,   -5,   -3,   10,   30,   10,   13,   -3,   -8,   10,   10,   -3,   10,   -7,
      24,  -13,   -7,   -3,  -13,   -7,   -3,   -7,   -3,   -3,   -5,   -3,   -3,   -3,   -3,   -3,
      -7,  -44,   -3,   -3,   -7,   -3,  -20,   -7,  -17,  -20,   -7,   -3,   -8,  -17,   -3,  -13,
      -3,  -20,   -3,   -4,  -13,   -3,  -12,   -3,   -6,  -10,  -12,  -10,  -13,  -10,   -3,   -8,
      -5,   -5,   -3,   -7,   -3,  -13,  -11,   -7,   -3,   -3,   -2,  -20,  -12,   -3,  -10,   -7,
      -3,   -7,   -3,  -10,   -3,   -3,   -1,  -10,   -3,   -3,   -3,   -7,   -3,   -3,   10,  -13,
      -7,   -7,  -10,  -10,   -3,  -13,   -3,  -10,   13,   -3,    7,  -10,   34,    7,   10,   -5,
       7,    8,   -5,  -10,   20,   -2,  -13,  -12,   -3,   -7,   -7,   -3,   -7,   -3,  -10,   -3,
      -3,   -3,   -3,   -5,   -3,   -5,   -3,   -7,   -7,   -7,   -3,   -7,   10,  -10,   -1,    7,
      -7,   -3,   -3,    7,  -13,   -7,   -7,  -10,   -3,   -3,  -17,  -10,  -17,  -10,   13,  -27,
      -3,  -20,   -7,   -3,   -3,   -3,  -24,   -7,   -7,  -20,  -15,  -13,   -7,   -7,  -10,   -7,
     -10,   -3,  -13,   27,  -10,  -17,    7,   10,  -13,   -7,   -7,    8,  -10,  -10,   -3,  -13,
      -3,  -10,    8,    8,   13,   -7,  -10,   -3,   -7,   10,    7,   14,    5,   10,    7,   -3,
     -13,   13,  -10,  -17,  -13,   -7,  -13,  -13,  -13,   -7,  -10,   -7,  -10,  -24,   -7,  -17,
     -10,  -10,   -7,   -7,   -7,  -13,   -3,   -3,  -20,  -13,  -20,  -10,    7,   -7,  -13,  -24,
     -17,  -10,  -24,  -20,   -7,   -7,  -13,  -13,  -17,   -7,   -7,  -17,  -13,  -17,  -24,  -17,
     -27,  -17,   -7,  -10,   -3,  -13,   -3,  -10,  -17,   -7,    7,  -20,  -13,  -17,   -7,   -7,
     -17,    7,   -7,  -10,    7,   -7,  -10,  -13,  -10,   -7,  -10,   -7,  -17,   -7,  -17,   -7,
      -3,   -3,  -20,  -20,  -17,  -17,  -13,    7,   -7,  -10,  -13,  -13,  -13,   -3,  -13,   -3,
      -7,   -3,   -3,   -3,   -7,   -3,
};

static const EpdLigaturePair notosans_c21_boldLigaturePairs[] = {
    { 0x00660066, 0xFB00 }, // f f -> U+FB00
    { 0x00660069, 0xFB01 }, // f i -> U+FB01
    { 0x0066006C, 0xFB02 }, // f l -> U+FB02
    { 0xFB000069, 0xFB03 }, // U+FB00 i -> U+FB03
    { 0xFB00006C, 0xFB04 }, // U+FB00 l -> U+FB04
};

static const EpdFontData notosans_c21_bold = {
    notosans_c21_boldBitmaps,
    notosans_c21_boldGlyphs,
    notosans_c21_boldIntervals,
    18,
    29,
    23,
    -7,
    true,
    notosans_c21_boldGroups,
    13,
    nullptr,
    nullptr,  // kernLeftClasses: built-in fonts use the split arrays below
    nullptr,  // kernRightClasses
    notosans_c21_boldKernLeftCodepoints,
    notosans_c21_boldKernLeftClassIds,
    notosans_c21_boldKernRightCodepoints,
    notosans_c21_boldKernRightClassIds,
    nullptr,  // kernMatrix: built-in fonts use the sparse form below
    notosans_c21_boldKernRowOffsets,
    notosans_c21_boldKernSparseCols,
    notosans_c21_boldKernSparseValues,
    478,
    474,
    88,
    76,
    notosans_c21_boldLigaturePairs,
    5,
};
