/**
 * generated by fontconvert.py
 * name: notoserif_c17_bolditalic
 * size: 0
 * mode: 2-bit  compressed: true
 * Command used: fontconvert.py notoserif_c17_bolditalic 0 ../builtinFonts/source/NotoSerif/NotoSerif-BoldItalic.ttf --2bit --compress --pnum --ppem 17
 */
#pragma once
#include "EpdFontData.h"

static const uint8_t notoserif_c17_bolditalicBitmaps[19673] = {
    0x85, 0x57, 0x4F, 0x8C, 0x14, 0x59, 0x1D, 0xFE, 0xAA, 0x1E, 0x58, 0xD9, 0xA9, 0x19, 0x1E, 0x26,
    0xBB, 0x09, 0x9A, 0x81, 0xE2, 0xB0, 0x31, 0x13, 0x33, 0x50, 0x73, 0x18, 0x75, 0x0E, 0xDD, 0x55,
    0x6F, 0xE1, 0xB0, 0x31, 0xEB, 0x1F, 0x0E, 0xEE, 0x49, 0x13, 0x2F, 0x9E, 0xD4, 0xC0, 0x6C, 0x32,
    0x89, 0x24, 0x76, 0x4F, 0x97, 0x33, 0x31, 0x24, 0x62, 0x22, 0x89, 0x89, 0x47, 0xE5, 0x68, 0x76,
    0x63, 0x76, 0xB2, 0x62, 0x32, 0xD1, 0x86, 0x7E, 0xC3, 0x1C, 0x38, 0xB0, 0x3A, 0x0F, 0xC2, 0x0D,
    0xB3, 0x14, 0xE1, 0x00, 0x26, 0x46, 0x0A, 0x53, 0x64, 0x0B, 0xA8, 0xA6, 0xFC, 0x5E, 0x55, 0xF5,
    0x0C, 0x60, 0x5C, 0xAB, 0xFA, 0xD5, 0x34, 0xD5, 0xEF, 0xFD, 0xFE, 0x7C, 0xBF, 0xEF, 0xF7, 0x07,
    0xC0, 0x37, 0xBE, 0x96, 0x89, 0x54, 0x12, 0x07, 0x30, 0xCB, 0x1B, 0x78, 0x13, 0x43, 0xDE, 0xF6,
    0xEA, 0xF6, 0x3A, 0x67, 0x97, 0x2E, 0x2D, 0x6F, 0x1C, 0x3C, 0x65, 0xFF, 0xF5, 0x9E, 0xC6, 0xAF,
    0x15, 0xB6, 0x11, 0x54, 0xC6, 0xFB, 0xAD, 0x12, 0xDF, 0x84, 0x98, 0xC6, 0x99, 0x2B, 0xEA, 0xF4,
    0x9F, 0xD5, 0xF4, 0x02, 0x66, 0x97, 0x31, 0x77, 0x11, 0x98, 0x06, 0x4E, 0xC3, 0x7B, 0x68, 0xE4,
    0x97, 0x8C, 0x7C, 0x4F, 0xC9, 0x0C, 0xA2, 0x04, 0x2A, 0x1C, 0xFC, 0x50, 0xAD, 0x5C, 0x57, 0xC3,
    0x1D, 0xC4, 0x63, 0xB8, 0x17, 0xE0, 0x02, 0x0E, 0x05, 0x2A, 0x40, 0x66, 0x33, 0xE8, 0x2C, 0xCE,
    0x61, 0x65, 0x69, 0x19, 0x1B, 0x2B, 0x06, 0xD9, 0x47, 0x3F, 0xC7, 0xC6, 0xFD, 0x48, 0xC7, 0xBF,
    0xCC, 0x52, 0x7C, 0x25, 0x4D, 0xF1, 0xD1, 0x0D, 0x83, 0xAB, 0x57, 0xB5, 0x38, 0xB1, 0x9D, 0x4C,
    0xE1, 0x79, 0x6D, 0x15, 0xF6, 0x73, 0x8D, 0x52, 0x38, 0x59, 0xC6, 0xB5, 0x01, 0xE7, 0x51, 0x4A,
    0x1D, 0x0A, 0xEE, 0x58, 0x26, 0xC1, 0x99, 0xC3, 0xE8, 0xCA, 0x07, 0xE8, 0x79, 0x19, 0x7A, 0x6E,
    0x8E, 0xC8, 0x2B, 0x21, 0xC7, 0x71, 0x52, 0x9F, 0xEB, 0xF4, 0x56, 0x96, 0x0F, 0xF2, 0xEF, 0x14,
    0x86, 0x6E, 0xE6, 0xD1, 0xEB, 0x00, 0x31, 0x22, 0xDE, 0x7D, 0x74, 0x79, 0x1F, 0x87, 0x84, 0xA8,
    0x77, 0xBA, 0x09, 0x32, 0x6C, 0xA2, 0xC7, 0x1F, 0xEC, 0x3D, 0x44, 0x89, 0xC2, 0xC9, 0x44, 0xEA,
    0xEB, 0x10, 0x97, 0xEC, 0x86, 0xB4, 0x63, 0x8E, 0x7C, 0x72, 0xE6, 0xE9, 0x57, 0x37, 0xC5, 0xF7,
    0x5C, 0xE5, 0x2A, 0xC1, 0xFB, 0x83, 0x7F, 0xFC, 0xE8, 0xF7, 0xF6, 0xAF, 0x43, 0xF3, 0x88, 0xA6,
    0xF2, 0x70, 0x0C, 0x07, 0xF1, 0x43, 0x35, 0xD2, 0x6F, 0xE0, 0x50, 0xBF, 0x57, 0x0B, 0x15, 0x56,
    0xB7, 0xC5, 0x68, 0x0E, 0x58, 0x00, 0x88, 0x97, 0xAE, 0x5F, 0x2B, 0xF8, 0xC0, 0x0C, 0x30, 0x0F,
    0x2C, 0x02, 0xCB, 0x8D, 0x97, 0xAF, 0xC3, 0xA9, 0x94, 0xB7, 0xAD, 0xE5, 0x09, 0x13, 0xB8, 0x69,
    0xE4, 0xA6, 0x5D, 0x61, 0x7A, 0x42, 0xF7, 0x3C, 0xDD, 0xF3, 0x93, 0x8E, 0x44, 0xF7, 0x18, 0x64,
    0xDE, 0x6C, 0xC5, 0xAA, 0x37, 0x0E, 0x7A, 0x8D, 0x9D, 0xC8, 0x9D, 0xCC, 0xA5, 0xAD, 0x22, 0x1D,
    0x8C, 0x2D, 0x52, 0x15, 0xBF, 0xE5, 0x42, 0xE7, 0x48, 0x32, 0xB8, 0x06, 0x9E, 0xC2, 0x61, 0x60,
    0x83, 0x6A, 0x4F, 0x1D, 0x80, 0x89, 0x2B, 0xCD, 0x4F, 0xBB, 0xCD, 0xD4, 0xDB, 0x9C, 0x0C, 0x9E,
    0x61, 0xC8, 0xF0, 0x7D, 0x0D, 0x91, 0xEE, 0x13, 0x69, 0x47, 0x98, 0x48, 0xEA, 0xA0, 0xC5, 0x9E,
    0x21, 0xD3, 0x08, 0x35, 0xCE, 0x24, 0xCE, 0x8E, 0x12, 0x01, 0x66, 0x42, 0xCC, 0x45, 0xF8, 0xD3,
    0xAA, 0xAA, 0x28, 0x87, 0x5E, 0x96, 0xF0, 0x2B, 0xBB, 0x4B, 0x50, 0xE0, 0xFB, 0x66, 0x0A, 0x86,
    0x6E, 0xCD, 0x9C, 0x82, 0x3D, 0x1E, 0x28, 0xC8, 0x84, 0x9F, 0x0D, 0x89, 0x3C, 0x42, 0x9C, 0x4F,
    0x62, 0x39, 0x4A, 0xC5, 0x8D, 0xCC, 0x4F, 0x8C, 0x04, 0xC2, 0xD7, 0x11, 0x3F, 0x54, 0x91, 0xAF,
    0xBB, 0x9E, 0xEE, 0x78, 0xBA, 0xEB, 0x27, 0xC7, 0x03, 0xF8, 0xC5, 0x44, 0x73, 0x95, 0xCB, 0x0F,
    0xB2, 0x69, 0xA1, 0xF7, 0x79, 0x94, 0x43, 0x7A, 0x02, 0x67, 0x81, 0xC6, 0x2D, 0x6D, 0x5F, 0x1C,
    0xAF, 0x61, 0x73, 0x9F, 0x25, 0xFE, 0x5A, 0x2A, 0x4F, 0xA4, 0xF2, 0xA4, 0xF1, 0x6F, 0x2B, 0x32,
    0xD0, 0x1F, 0xA1, 0x23, 0x93, 0x4D, 0x5F, 0x17, 0x7E, 0xD2, 0x93, 0x2A, 0x18, 0xB7, 0x00, 0xBB,
    0x95, 0xF2, 0xD7, 0xB5, 0x14, 0x26, 0x6C, 0x3E, 0xCC, 0x84, 0x67, 0xDA, 0x79, 0xC7, 0x0A, 0x3F,
    0x7A, 0x1C, 0xCB, 0x3D, 0xC4, 0x69, 0xA3, 0xD9, 0xD7, 0xBE, 0x76, 0x55, 0xF3, 0xFD, 0x10, 0x09,
    0xD3, 0xAD, 0xBF, 0xB9, 0x04, 0x1A, 0x17, 0x9A, 0xB7, 0x9F, 0x63, 0xD0, 0x7D, 0x06, 0xFD, 0x30,
    0x2C, 0xC3, 0x70, 0xD8, 0xC9, 0xFD, 0xC4, 0x32, 0xC8, 0x4F, 0x48, 0x24, 0x62, 0xF0, 0xEE, 0x77,
    0xAA, 0x5A, 0x6B, 0xF3, 0x4C, 0x69, 0x2A, 0x51, 0xEE, 0x91, 0xA7, 0xA6, 0x0F, 0x83, 0x3A, 0x19,
    0x68, 0x56, 0x37, 0x44, 0x87, 0x30, 0x85, 0xA0, 0x0E, 0x27, 0x87, 0xAF, 0x2C, 0x5F, 0x78, 0xBD,
    0x06, 0x32, 0xB5, 0x76, 0xAF, 0xBD, 0x82, 0x2B, 0x70, 0x52, 0xC7, 0x10, 0x87, 0xE5, 0x03, 0xDE,
    0x93, 0xA5, 0xF9, 0x63, 0xC7, 0xE6, 0x97, 0xCE, 0xCE, 0xCF, 0x2F, 0x5D, 0xEA, 0xCC, 0xAF, 0xE4,
    0x9D, 0xA5, 0xC5, 0xFC, 0xEC, 0xC2, 0x52, 0xFF, 0x0F, 0x69, 0xE7, 0x8B, 0x53, 0x8A, 0xE1, 0x66,
    0xD4, 0x9D, 0xC4, 0x79, 0x72, 0x9A, 0x70, 0xB7, 0x4E, 0x50, 0x38, 0x04, 0x71, 0x9D, 0xE2, 0x9A,
    0x66, 0xB2, 0xCF, 0x71, 0xD1, 0x5F, 0xA4, 0x7D, 0xB2, 0x6E, 0x4C, 0x46, 0x46, 0xA4, 0x64, 0x84,
    0x23, 0x54, 0x3B, 0x5A, 0x63, 0x64, 0xEB, 0x88, 0xD2, 0xF4, 0x21, 0xCD, 0x28, 0x69, 0x61, 0x41,
    0x13, 0x19, 0x44, 0xA7, 0xCA, 0x89, 0xC2, 0x10, 0x22, 0x8B, 0x48, 0x96, 0x08, 0xD6, 0x1B, 0x7F,
    0xAB, 0xC4, 0xA0, 0x4A, 0x6B, 0x5D, 0xA3, 0xDC, 0x33, 0xA5, 0x54, 0x9B, 0x3C, 0xD5, 0x87, 0x2D,
    0x2A, 0xE5, 0xE4, 0x73, 0x19, 0x2A, 0xFE, 0x8D, 0xF6, 0x77, 0x59, 0x25, 0x2A, 0x7E, 0x1D, 0x06,
    0x1A, 0x25, 0x71, 0x29, 0x44, 0x8A, 0x5C, 0xA4, 0x36, 0xE5, 0x98, 0xA8, 0xA9, 0xC8, 0x7C, 0x2D,
    0x52, 0xA9, 0x3D, 0x13, 0xB7, 0xD2, 0x4D, 0x7B, 0x86, 0x59, 0x3F, 0xF4, 0x28, 0x8F, 0xCB, 0x92,
    0x84, 0x4E, 0x39, 0x15, 0xF9, 0x90, 0xF1, 0x37, 0xBB, 0x68, 0x84, 0x67, 0x66, 0x19, 0xBD, 0x25,
    0x9E, 0xC9, 0x5F, 0x39, 0x23, 0xF6, 0xCE, 0x3C, 0x39, 0x05, 0xF7, 0xE9, 0xC5, 0x17, 0xCE, 0xD8,
    0x88, 0x03, 0x03, 0xFB, 0xBB, 0x43, 0x2F, 0x68, 0x53, 0x24, 0x55, 0x77, 0xCF, 0x0B, 0xFF, 0x79,
    0xE9, 0x16, 0x25, 0x3D, 0x17, 0x59, 0xCC, 0xB2, 0x50, 0x5D, 0x98, 0xB8, 0xE1, 0x56, 0xE7, 0x49,
    0xFF, 0x21, 0x2B, 0x0F, 0x4A, 0x6B, 0x46, 0x61, 0x65, 0xD2, 0x15, 0xDA, 0x45, 0xA3, 0x5D, 0x3A,
    0x42, 0x2D, 0xD2, 0x66, 0x16, 0x53, 0xC1, 0x33, 0x7C, 0xF8, 0x26, 0x54, 0xD4, 0x54, 0xA5, 0x8D,
    0x75, 0x49, 0x8B, 0x52, 0x61, 0x2D, 0x73, 0x6A, 0x5F, 0x28, 0x82, 0x02, 0x68, 0x94, 0x6F, 0x1A,
    0x93, 0x48, 0x86, 0xC2, 0x1A, 0x48, 0x39, 0x36, 0xA1, 0xC8, 0x1C, 0x58, 0xCA, 0xC4, 0x96, 0x35,
    0xAD, 0x85, 0x43, 0x2B, 0x81, 0x41, 0xE6, 0xC1, 0x91, 0xDA, 0xC3, 0xF8, 0x57, 0x05, 0x7D, 0x4F,
    0x50, 0x92, 0x90, 0xC5, 0x0A, 0xF0, 0xD8, 0xC0, 0x79, 0x46, 0xB3, 0x9E, 0x51, 0xC3, 0xBF, 0xB9,
    0xF9, 0x6E, 0x41, 0x35, 0x4C, 0x17, 0xB3, 0x4A, 0x45, 0x61, 0xF2, 0x99, 0x06, 0xBD, 0xE6, 0x99,
    0x69, 0x5F, 0xCF, 0x0F, 0xAA, 0xA2, 0x95, 0x8D, 0x38, 0xC3, 0x08, 0x83, 0x04, 0x0F, 0xD5, 0x43,
    0x85, 0x3B, 0x6F, 0x3D, 0x04, 0x76, 0xD6, 0x07, 0x70, 0x76, 0x7E, 0x11, 0xC1, 0x3D, 0xFF, 0x71,
    0x17, 0xE2, 0x9D, 0x07, 0x3D, 0x08, 0x8F, 0x74, 0xF1, 0xBC, 0x94, 0x5A, 0x84, 0x2E, 0x30, 0xD8,
    0xFE, 0x76, 0xD5, 0x9C, 0x2F, 0x9D, 0xE7, 0xB8, 0xC2, 0xDA, 0x57, 0xB1, 0x2C, 0xDE, 0x49, 0x0C,
    0xAE, 0x6B, 0xED, 0x6C, 0xDF, 0xD5, 0xEE, 0xDA, 0x23, 0x2D, 0xD4, 0xD3, 0x44, 0xD0, 0x0F, 0x8F,
    0x2E, 0xFA, 0xF4, 0x74, 0xA0, 0x0F, 0x34, 0x85, 0x83, 0xEC, 0x62, 0x3A, 0x47, 0x31, 0xE2, 0x3E,
    0xE2, 0x21, 0xE2, 0x12, 0x51, 0x89, 0x7E, 0x89, 0x72, 0xE8, 0x64, 0x91, 0x67, 0x5E, 0x64, 0x57,
    0xF1, 0x02, 0x77, 0xB9, 0xF2, 0x90, 0xE8, 0xD0, 0xAE, 0xA7, 0x05, 0xC4, 0x63, 0xB5, 0x17, 0x75,
    0xAE, 0x41, 0x89, 0x89, 0x74, 0xFD, 0x7F, 0xA4, 0xDB, 0x2C, 0x2A, 0x6A, 0x74, 0xC2, 0xE4, 0x25,
    0x1E, 0x33, 0xA4, 0x65, 0x90, 0x50, 0x53, 0x52, 0x6B, 0x7A, 0x7C, 0xB9, 0xC5, 0x98, 0xEB, 0x6E,
    0xDE, 0x60, 0xAC, 0x2F, 0x53, 0x13, 0xF7, 0xD9, 0x2A, 0x64, 0xFC, 0xB5, 0x4C, 0x2A, 0x4B, 0x09,
    0x99, 0x42, 0x50, 0x00, 0x51, 0x0F, 0xF4, 0xA2, 0xA7, 0x37, 0x3D, 0x7D, 0xD9, 0x57, 0xE1, 0xB8,
    0x15, 0x1E, 0x57, 0xE3, 0xE5, 0xDE, 0xF4, 0xC5, 0xE1, 0x74, 0x13, 0x10, 0xC7, 0x26, 0xDF, 0x4B,
    0x0C, 0x89, 0x27, 0xF4, 0x18, 0x68, 0xA9, 0x67, 0xC8, 0x8E, 0x59, 0xD2, 0x63, 0x9E, 0xFC, 0x98,
    0x23, 0x6C, 0x8B, 0x84, 0x6F, 0x81, 0x14, 0x59, 0x26, 0x47, 0x2E, 0xC2, 0x96, 0x9D, 0x98, 0xED,
    0x4E, 0x3E, 0xDF, 0xAB, 0x2A, 0x83, 0xAC, 0x52, 0x41, 0x32, 0xCF, 0x73, 0x0B, 0x5C, 0x29, 0xE4,
    0x96, 0x86, 0xBF, 0x4D, 0x8E, 0x5E, 0x23, 0x3C, 0x7F, 0xE5, 0xFA, 0x27, 0x1D, 0xCC, 0x9B, 0x24,
    0x11, 0x7A, 0xF7, 0xD0, 0xBC, 0x4F, 0x48, 0x3B, 0xAE, 0x96, 0x6A, 0x28, 0x12, 0x99, 0x8C, 0x3D,
    0xC8, 0xB5, 0x2B, 0x07, 0x20, 0xCF, 0x45, 0x54, 0xFF, 0xB7, 0x70, 0x0E, 0xFE, 0xDF, 0xC3, 0x05,
    0x96, 0xF1, 0xE0, 0x22, 0xFC, 0x8C, 0x29, 0xEE, 0xD5, 0xE4, 0xE7, 0xF6, 0x36, 0x65, 0xCE, 0xE5,
    0xB8, 0x42, 0x4B, 0x62, 0xD6, 0xBA, 0xF0, 0xC7, 0x76, 0x26, 0xE0, 0x62, 0x20, 0x88, 0x05, 0xBE,
    0xC6, 0xEF, 0x37, 0xC8, 0x4C, 0xC5, 0x36, 0x8E, 0x31, 0x46, 0xEB, 0x95, 0xDA, 0x33, 0xB4, 0xC3,
    0x0C, 0x58, 0x26, 0x92, 0x2C, 0xFF, 0x37, 0xD9, 0x45, 0xEF, 0xA3, 0x9E, 0x36, 0x6C, 0xEE, 0xED,
    0x56, 0x00, 0xAE, 0xB8, 0x6C, 0x0D, 0x65, 0x87, 0x72, 0x74, 0xCC, 0xCE, 0x37, 0x86, 0xE3, 0x12,
    0x28, 0x8F, 0xF2, 0x69, 0x8D, 0xCD, 0x1B, 0x8A, 0xE6, 0xB9, 0xFD, 0xF0, 0xD3, 0x19, 0xBE, 0x9A,
    0x27, 0xD0, 0x25, 0x33, 0xB6, 0x86, 0x96, 0x01, 0xA9, 0xDB, 0xCB, 0x7F, 0xE7, 0x5B, 0x34, 0xC9,
    0xB7, 0x51, 0x1D, 0xFC, 0x05, 0x5E, 0x8B, 0x8B, 0x8B, 0x6F, 0xCE, 0xCD, 0xCD, 0x1D, 0x9A, 0x9D,
    0x9D, 0xA5, 0x5F, 0x75, 0xA3, 0xE8, 0xD7, 0xD3, 0xD4, 0xA4, 0x2D, 0xDB, 0xC6, 0xCC, 0x81, 0x6B,
    0xD4, 0x82, 0x67, 0x6C, 0x46, 0x89, 0x15, 0x78, 0xB3, 0x98, 0x99, 0xC1, 0xEC, 0x14, 0xE6, 0x04,
    0x8E, 0x3A, 0xEA, 0xCB, 0xEF, 0xAB, 0x37, 0xDE, 0xE5, 0xCF, 0x3D, 0x16, 0x60, 0xB7, 0xC1, 0x28,
    0xF3, 0xB7, 0xB3, 0x80, 0x25, 0x56, 0x18, 0xB6, 0xC6, 0xBE, 0xAF, 0xFB, 0x52, 0x47, 0x3F, 0xD5,
    0xC1, 0x35, 0x5B, 0xD5, 0x82, 0x3A, 0xF6, 0xD6, 0xC6, 0x2D, 0xC8, 0x0F, 0xB5, 0xBC, 0x97, 0xCA,
    0xB5, 0x2C, 0x70, 0xB3, 0xB0, 0xD9, 0xCF, 0xCD, 0x01, 0xFE, 0xD2, 0x30, 0x63, 0x1F, 0xDD, 0x4A,
    0xFC, 0x73, 0x3A, 0xB0, 0x15, 0xDE, 0xB6, 0xB1, 0x7E, 0xFD, 0x24, 0xF4, 0x7E, 0xD9, 0xE6, 0x61,
    0x4D, 0xE9, 0x02, 0x9F, 0xCF, 0x3F, 0x5B, 0x69, 0x2B, 0xEA, 0xBC, 0x0E, 0x7C, 0x1D, 0x05, 0x8A,
    0xCC, 0x7B, 0x55, 0x54, 0xDD, 0x67, 0x98, 0xDD, 0xDE, 0x75, 0x82, 0xF6, 0x33, 0x58, 0xE0, 0x60,
    0xAB, 0x70, 0x88, 0x06, 0x73, 0x1A, 0x60, 0xCF, 0xD8, 0xA9, 0xA1, 0x9E, 0x37, 0x27, 0xD5, 0x38,
    0x6B, 0xE3, 0x47, 0x8C, 0x56, 0x27, 0x72, 0xF6, 0x1D, 0xC6, 0xE8, 0x5F, 0xE2, 0x66, 0xEA, 0x5D,
    0x4D, 0xBD, 0x75, 0x23, 0x6E, 0x27, 0xEE, 0x13, 0x3B, 0x33, 0x49, 0x3E, 0x2B, 0xDD, 0xFD, 0xAE,
    0xCE, 0x38, 0xBA, 0x30, 0x51, 0x9E, 0xE0, 0x55, 0x38, 0xEE, 0x18, 0x79, 0x3F, 0x0B, 0xB6, 0xD3,
    0xE0, 0x64, 0x1A, 0xB2, 0x8A, 0xDB, 0x99, 0x82, 0xF3, 0xD3, 0xAD, 0xA1, 0xD7, 0xB6, 0x03, 0xE3,
    0x19, 0x56, 0x78, 0xC4, 0xCC, 0x17, 0x3B, 0x05, 0x07, 0xB4, 0x8E, 0x09, 0x7F, 0x30, 0x68, 0x03,
    0x64, 0x83, 0xAD, 0xEA, 0x81, 0xD3, 0x8E, 0xB1, 0x6D, 0x89, 0xED, 0xD6, 0x36, 0x0F, 0x5B, 0xA0,
    0x9C, 0xBA, 0x2C, 0x8A, 0x7A, 0x6C, 0x1A, 0xA8, 0x97, 0x0D, 0x20, 0x61, 0xAE, 0x15, 0x72, 0x3D,
    0x09, 0xBE, 0x05, 0xCE, 0x67, 0x61, 0x89, 0x78, 0x15, 0x6C, 0x23, 0xBD, 0x20, 0x19, 0xFA, 0x69,
    0x90, 0x7A, 0xC6, 0xE3, 0x60, 0x61, 0x35, 0x07, 0xB5, 0x66, 0x3B, 0x8B, 0x46, 0xAA, 0xAD, 0x25,
    0x07, 0x11, 0xEF, 0xDC, 0x23, 0xED, 0xEF, 0x15, 0x43, 0xC8, 0xED, 0x9C, 0x8F, 0x75, 0x56, 0xCD,
    0x40, 0x98, 0x02, 0xA1, 0xC7, 0x41, 0x2D, 0xF2, 0xB7, 0x32, 0xFB, 0x78, 0x8C, 0xBE, 0x4C, 0xF6,
    0x92, 0x38, 0xDE, 0x49, 0xE5, 0xA7, 0x99, 0xBC, 0x9A, 0xC9, 0x75, 0x1B, 0x3B, 0x8E, 0x35, 0x74,
    0x3A, 0xF2, 0x6E, 0xF5, 0x45, 0xD1, 0x44, 0xCD, 0x65, 0xD4, 0xD6, 0x4D, 0x1D, 0xD6, 0xAC, 0x2B,
    0xD2, 0x7E, 0xCD, 0x90, 0x28, 0x80, 0x6C, 0xC7, 0x2C, 0x25, 0x6F, 0x67, 0xE2, 0x41, 0xE1, 0xA5,
    0x43, 0x4F, 0x0F, 0x39, 0x32, 0xC9, 0x24, 0x97, 0x27, 0xB2, 0xE0, 0x6D, 0x1D, 0x56, 0x7B, 0xFE,
    0x0F, 0x26, 0x36, 0xFE, 0x0F, 0x92, 0x24, 0xC1, 0x8E, 0xB2, 0x13, 0x59, 0x93, 0x29, 0x61, 0x8D,
    0xA6, 0x83, 0x98, 0xD1, 0xF8, 0xA3, 0x91, 0x5B, 0x2C, 0x12, 0x68, 0xC6, 0x9C, 0xDD, 0x9E, 0x45,
    0x51, 0x1C, 0x1C, 0x8F, 0x48, 0x84, 0xFB, 0x11, 0x98, 0x9A, 0x42, 0xEC, 0x06, 0xC7, 0xB1, 0xD9,
    0x9D, 0x4C, 0x8A, 0x2C, 0x02, 0x52, 0x55, 0x59, 0x5C, 0x67, 0x55, 0x33, 0xEC, 0x8E, 0x55, 0x6B,
    0x47, 0xAC, 0x73, 0xB9, 0x95, 0x91, 0xF5, 0xF2, 0x64, 0xED, 0x34, 0x27, 0x05, 0xA9, 0xE3, 0x9F,
    0xDC, 0x0A, 0xB6, 0x5B, 0xA7, 0x46, 0x82, 0x43, 0xB4, 0x09, 0x60, 0xE4, 0x5B, 0x5A, 0xAE, 0x2B,
    0x79, 0x0E, 0xFE, 0xC7, 0x20, 0x07, 0xBC, 0x74, 0x17, 0x37, 0x27, 0xCB, 0x79, 0x7A, 0x45, 0xBE,
    0x9D, 0x2D, 0xCA, 0xAF, 0x67, 0xCB, 0xF2, 0x1B, 0x99, 0x91, 0x3F, 0x78, 0xA4, 0xE5, 0xC6, 0xA7,
    0x4C, 0xFC, 0x31, 0x33, 0x7F, 0x32, 0x6C, 0xC3, 0xCB, 0x3A, 0x4E, 0x9E, 0xE2, 0x69, 0x82, 0x41,
    0x6D, 0xFE, 0x08, 0xEE, 0xEF, 0x94, 0x2F, 0x75, 0xC7, 0xCF, 0x6A, 0x3B, 0x0B, 0xB2, 0xA6, 0xE4,
    0xEC, 0xD6, 0xE3, 0x98, 0xD1, 0x25, 0x4B, 0x23, 0xB6, 0xDB, 0x90, 0xFF, 0xB3, 0x0A, 0x16, 0xDA,
    0xC2, 0x46, 0xA3, 0xF9, 0xDA, 0x8E, 0xFB, 0xB6, 0x83, 0x8C, 0x92, 0xBD, 0xB1, 0xAE, 0xD2, 0x73,
    0xA1, 0x3A, 0xDA, 0xB7, 0xBC, 0x22, 0xA3, 0xC8, 0x9F, 0xF0, 0x84, 0x5A, 0xF5, 0x58, 0xBA, 0xEA,
    0x16, 0x53, 0xD6, 0x3D, 0x38, 0x6F, 0x4B, 0xBE, 0xAD, 0xF7, 0x75, 0x05, 0xDB, 0x2D, 0x4D, 0x41,
    0xCD, 0x56, 0x59, 0xFB, 0x64, 0x5E, 0xBD, 0x60, 0x6B, 0x5E, 0xFF, 0x85, 0x41, 0xAC, 0xE9, 0x5C,
    0x31, 0x9C, 0xE2, 0x85, 0x11, 0xA3, 0x16, 0x35, 0xAA, 0x8D, 0x99, 0x72, 0x54, 0x7C, 0x33, 0x59,
    0x18, 0xE1, 0xE8, 0x17, 0xF0, 0x1F, 0xA5, 0x57, 0x4F, 0x6C, 0x1C, 0x57, 0x19, 0xFF, 0xCD, 0x3C,
    0x27, 0x8F, 0x64, 0x6C, 0x8F, 0x85, 0x1A, 0x29, 0x45, 0xB6, 0x27, 0x48, 0x41, 0xAC, 0x94, 0xB5,
    0x77, 0x91, 0x8C, 0x58, 0xC4, 0xEE, 0xCE, 0x6B, 0x73, 0x88, 0x84, 0x40, 0xF4, 0x12, 0x71, 0xA9,
    0x44, 0xCE, 0xA5, 0x12, 0x8B, 0xB0, 0xC0, 0x6A, 0x76, 0xE3, 0xD7, 0xF8, 0x90, 0x03, 0x87, 0xFA,
    0x04, 0x57, 0x4B, 0x5C, 0x02, 0x05, 0xB1, 0x20, 0x8B, 0x58, 0x68, 0xD3, 0x7D, 0xAE, 0x85, 0x7C,
    0xE0, 0x90, 0x97, 0xA4, 0x12, 0x12, 0x48, 0x74, 0x5A, 0x0E, 0x14, 0x2A, 0xC4, 0x80, 0x96, 0x74,
    0x89, 0x36, 0x1E, 0x7E, 0x6F, 0xC6, 0xAE, 0xDD, 0xA6, 0xC8, 0x8E, 0x33, 0x33, 0x6F, 0xF6, 0xCF,
    0x7C, 0xBF, 0xEF, 0xBD, 0xF7, 0x7D, 0xBF, 0xEF, 0xCF, 0x00, 0xC2, 0x4A, 0xEB, 0x29, 0x40, 0x40,
    0x22, 0xC4, 0x24, 0xE6, 0xD1, 0xE0, 0xD9, 0x43, 0x71, 0x9C, 0x87, 0xF7, 0x06, 0x82, 0xBE, 0x9E,
    0xFF, 0x92, 0xAE, 0x5F, 0x41, 0x6F, 0x15, 0x23, 0xE3, 0xAE, 0xDB, 0xBF, 0x43, 0x3C, 0x82, 0x5C,
    0x25, 0x0A, 0x20, 0x3A, 0x1E, 0x20, 0xED, 0x79, 0xE9, 0xA2, 0x9F, 0xC2, 0x4B, 0x11, 0x66, 0x86,
    0x77, 0xF0, 0x7B, 0x02, 0xA1, 0x11, 0x65, 0xDD, 0x2F, 0x7F, 0xC7, 0x50, 0x70, 0x6A, 0x6C, 0xF9,
    0x51, 0xAD, 0x5C, 0x1D, 0xAF, 0x8E, 0xD7, 0xEB, 0x57, 0xFF, 0x91, 0xEB, 0x8F, 0xFE, 0x3D, 0x94,
    0x26, 0x11, 0x9B, 0x46, 0xDC, 0x87, 0xF8, 0x23, 0xFC, 0x11, 0x2A, 0x99, 0xA2, 0x96, 0x38, 0x83,
    0x48, 0x20, 0xAD, 0x9B, 0xC6, 0x16, 0x07, 0xA5, 0x57, 0xF7, 0xBE, 0xF5, 0x95, 0xD8, 0x32, 0xF2,
    0x79, 0x23, 0xB5, 0x13, 0x9B, 0x7C, 0x84, 0x72, 0x45, 0xCD, 0x49, 0x1D, 0xDE, 0x57, 0x62, 0x07,
    0x68, 0x63, 0x6A, 0x06, 0xDD, 0x19, 0x2C, 0xD5, 0x50, 0x49, 0x50, 0xAE, 0xD5, 0xDB, 0x53, 0x53,
    0x38, 0xC1, 0x85, 0x3E, 0x1C, 0x40, 0xAA, 0x49, 0x8C, 0x57, 0xEE, 0xEB, 0x52, 0xB7, 0x65, 0xAA,
    0x16, 0xF6, 0x0B, 0x16, 0xAB, 0x6E, 0x2C, 0x24, 0xB0, 0xA5, 0xF5, 0xCF, 0x9A, 0x89, 0x68, 0x45,
    0x49, 0x3D, 0xCB, 0x29, 0x06, 0xBB, 0x26, 0x98, 0xDC, 0xA8, 0x2F, 0xAE, 0x77, 0xD7, 0xD3, 0xDF,
    0x0E, 0x9E, 0x99, 0x12, 0x5F, 0xC5, 0x6C, 0x1D, 0xED, 0x01, 0x1E, 0x24, 0x58, 0x4F, 0x51, 0x6F,
    0x61, 0xFC, 0x3C, 0x7E, 0xF6, 0xD3, 0x97, 0x7E, 0x81, 0x09, 0x9E, 0x63, 0x2F, 0xA9, 0xBE, 0x39,
    0x83, 0x8F, 0x4C, 0x95, 0xAD, 0xE8, 0xD2, 0x42, 0xD7, 0x54, 0x17, 0x5A, 0xB6, 0xFA, 0xC5, 0x64,
    0xB5, 0xFA, 0x15, 0xBD, 0xBA, 0xB0, 0x60, 0x6D, 0x69, 0xE1, 0x57, 0x66, 0xE2, 0xE6, 0x85, 0x8F,
    0x4C, 0x15, 0x67, 0x9A, 0xF7, 0x31, 0x2C, 0xEB, 0x84, 0x9B, 0xFC, 0x8D, 0x99, 0x87, 0xAF, 0x04,
    0xCF, 0xD7, 0xFF, 0xF6, 0xED, 0x9B, 0xEE, 0xD3, 0xE3, 0xD3, 0xEC, 0x11, 0x10, 0x24, 0xE5, 0xC5,
    0xB1, 0xAE, 0x67, 0x25, 0x4A, 0xE7, 0xB2, 0xE4, 0x32, 0x7D, 0x17, 0xA4, 0xD3, 0x8B, 0xE8, 0x06,
    0xB4, 0xFA, 0x0B, 0xE9, 0x83, 0xE4, 0x59, 0xCA, 0x49, 0x1B, 0xD2, 0x77, 0xEE, 0xF0, 0xD2, 0x26,
    0xFC, 0xB4, 0x43, 0x3B, 0xB5, 0xE9, 0xEB, 0x1E, 0xA4, 0x19, 0x22, 0x30, 0x03, 0x84, 0x6F, 0x72,
    0xFC, 0xE1, 0x3F, 0x98, 0x1D, 0xEE, 0xA0, 0x4C, 0xB9, 0x3A, 0x47, 0x73, 0x77, 0xB8, 0xA3, 0x92,
    0xD9, 0xFE, 0x9F, 0x90, 0x6D, 0xBB, 0xAB, 0xBF, 0x8D, 0xE5, 0x6D, 0x9C, 0xDC, 0x06, 0x1E, 0xBB,
    0xBC, 0x6D, 0x04, 0xDB, 0xF6, 0x99, 0x76, 0x7B, 0x0A, 0x38, 0x8D, 0x40, 0x0B, 0x7D, 0x8D, 0x60,
    0xDF, 0x44, 0x46, 0x18, 0xA1, 0xA5, 0x0A, 0x10, 0xA9, 0x33, 0x5C, 0x62, 0x94, 0xD6, 0x97, 0xD6,
    0x97, 0xD2, 0xEE, 0x2B, 0xF6, 0x0C, 0x26, 0x4A, 0x08, 0x66, 0x20, 0x5F, 0x83, 0xBC, 0xA3, 0xC2,
    0x79, 0x94, 0x17, 0x71, 0x65, 0x35, 0x9F, 0xD3, 0x37, 0xA7, 0x71, 0xC1, 0x4C, 0x93, 0x34, 0x0B,
    0xB4, 0x5E, 0x82, 0xC0, 0x37, 0x08, 0x84, 0x30, 0xD1, 0xD7, 0x43, 0x7D, 0xF9, 0xE5, 0xCF, 0x2B,
    0xB4, 0x7E, 0xAC, 0x70, 0xEF, 0x6D, 0x2D, 0x5E, 0xFD, 0x96, 0x92, 0x88, 0x88, 0x38, 0xB3, 0x8B,
    0x9B, 0x20, 0xAE, 0x44, 0x5C, 0x8B, 0x38, 0x4B, 0x8C, 0x46, 0x10, 0xC4, 0x3A, 0x7A, 0xF1, 0xD7,
    0xF6, 0xF2, 0xFA, 0xA7, 0x0D, 0xD6, 0x24, 0x3C, 0x53, 0x86, 0x50, 0x6B, 0x7A, 0x52, 0xD0, 0xCC,
    0xDE, 0xE5, 0x1C, 0x27, 0x86, 0xBE, 0x09, 0xCA, 0x92, 0x9B, 0x9F, 0x80, 0x9F, 0xD0, 0x0A, 0x4B,
    0x2D, 0x9C, 0xAB, 0xDB, 0xB4, 0x71, 0x6B, 0x25, 0x39, 0x79, 0xE9, 0x94, 0xC5, 0xF8, 0xE7, 0x2C,
    0x6A, 0xB7, 0x12, 0x74, 0xBF, 0x69, 0x3D, 0x23, 0xC9, 0xE1, 0x13, 0xDC, 0x0A, 0xF9, 0xD5, 0xCB,
    0x8D, 0xDB, 0xF2, 0xD2, 0x48, 0x77, 0x30, 0xC2, 0x70, 0x6E, 0xD4, 0x8C, 0x87, 0xBB, 0x86, 0x73,
    0x62, 0x24, 0x3E, 0x70, 0xAE, 0xF8, 0xED, 0x0D, 0xDC, 0x44, 0xB4, 0x0E, 0xC7, 0x38, 0xE3, 0xAA,
    0xC4, 0xD1, 0x6A, 0x03, 0x49, 0x07, 0x1E, 0xDD, 0x29, 0x54, 0x13, 0x01, 0xAD, 0x3E, 0x8B, 0x18,
    0xFD, 0xEB, 0x99, 0x29, 0x40, 0x21, 0xE7, 0x69, 0xF0, 0xF3, 0xCA, 0x53, 0xE8, 0x18, 0x11, 0xF3,
    0x67, 0xE0, 0xA4, 0x7F, 0x3C, 0x1D, 0xFE, 0x3B, 0x34, 0x62, 0xA6, 0x30, 0xF6, 0xEC, 0xF1, 0xF0,
    0xF2, 0x12, 0x89, 0xF9, 0x9A, 0x82, 0xE7, 0x1D, 0x73, 0x0F, 0x6B, 0x94, 0x7F, 0x91, 0xE3, 0x6B,
    0x74, 0xF0, 0xF0, 0x18, 0xFB, 0x47, 0x96, 0x31, 0x0B, 0x5D, 0x35, 0x5D, 0xE0, 0x8E, 0x69, 0x41,
    0x7C, 0x83, 0xE1, 0x75, 0x3A, 0xA2, 0x61, 0xA7, 0x2B, 0x19, 0x50, 0x8D, 0x9D, 0x04, 0xB3, 0x85,
    0x4F, 0x17, 0x32, 0xF7, 0x75, 0x3C, 0x33, 0x8B, 0x9E, 0xD0, 0xFD, 0x1B, 0x19, 0x37, 0x4D, 0x3F,
    0xF7, 0x07, 0xD2, 0x8E, 0x42, 0xB5, 0x41, 0x39, 0x0A, 0xF4, 0x72, 0x7B, 0x16, 0xD7, 0x6D, 0xA8,
    0xF8, 0x47, 0x26, 0xD8, 0x81, 0x67, 0x5D, 0x96, 0x43, 0x17, 0xA1, 0xC5, 0xDE, 0xE1, 0x58, 0x29,
    0x5D, 0x20, 0xEB, 0x82, 0x62, 0x4E, 0x5B, 0x8F, 0x14, 0x1B, 0x71, 0x38, 0x8A, 0xD0, 0x0A, 0x1E,
    0xD7, 0xC5, 0x1C, 0x07, 0xE1, 0x46, 0xE2, 0x82, 0x75, 0x9A, 0x21, 0x59, 0xC3, 0x72, 0xB6, 0x97,
    0x73, 0x1A, 0xBB, 0x82, 0x4F, 0xA1, 0xC3, 0xA3, 0xA0, 0xFC, 0x39, 0x70, 0xEA, 0xD4, 0xF1, 0x74,
    0x4C, 0xCC, 0x00, 0xB3, 0x73, 0xCC, 0x47, 0x63, 0xC7, 0x5D, 0x83, 0xAB, 0x01, 0x4B, 0xC0, 0xA7,
    0x0A, 0xB8, 0xDE, 0x35, 0xE1, 0xD0, 0x41, 0xBD, 0x1C, 0x48, 0x5C, 0x91, 0xE4, 0x03, 0x8B, 0xE5,
    0x22, 0x7C, 0x84, 0x75, 0xD4, 0x2F, 0x3D, 0x09, 0x84, 0xFE, 0xB9, 0xA5, 0x3D, 0xAD, 0x8F, 0x08,
    0xF1, 0xEE, 0x1A, 0xFF, 0x2F, 0x16, 0x4A, 0x3D, 0xC9, 0xAA, 0x1C, 0x4F, 0x7A, 0x11, 0x4B, 0x1F,
    0xFF, 0x1E, 0xF2, 0xE9, 0x40, 0x24, 0x61, 0x76, 0x31, 0xF1, 0x53, 0x99, 0x88, 0x34, 0x30, 0xFC,
    0x65, 0xA4, 0x8D, 0x11, 0x6C, 0x8E, 0xB8, 0x79, 0xEB, 0xB8, 0xCE, 0xC2, 0xD4, 0x37, 0xF0, 0x4E,
    0x17, 0xF8, 0x91, 0xB7, 0x83, 0x37, 0xD0, 0x42, 0x46, 0x52, 0xBF, 0xAD, 0x2D, 0x7E, 0x6F, 0x8C,
    0xB7, 0xF5, 0x8E, 0xF1, 0xAF, 0xFF, 0xCB, 0x08, 0xF5, 0x50, 0x0B, 0x16, 0x34, 0xC9, 0x8D, 0x04,
    0xA8, 0x60, 0xD9, 0x4C, 0xE6, 0x18, 0xB2, 0x9B, 0xA5, 0xE1, 0x64, 0x5E, 0x4D, 0x1C, 0x15, 0xDB,
    0xA1, 0x6A, 0xC6, 0x88, 0x3B, 0x88, 0x7B, 0xAE, 0x28, 0x36, 0x47, 0xE8, 0x8C, 0x30, 0x62, 0xD1,
    0x6D, 0x4A, 0x4B, 0x2A, 0xEE, 0x1D, 0x43, 0x67, 0xC2, 0x27, 0x45, 0x71, 0xA7, 0x73, 0x29, 0xAE,
    0x9C, 0x7B, 0x02, 0xD4, 0xFC, 0x59, 0x57, 0xB6, 0x9E, 0x5B, 0x7D, 0x02, 0x48, 0x6D, 0x11, 0x4B,
    0x1B, 0x28, 0x4A, 0xF1, 0x51, 0xD7, 0xD6, 0x2A, 0xCF, 0xB1, 0xAE, 0x05, 0xA6, 0xDC, 0x6D, 0xB9,
    0x22, 0x75, 0xE2, 0x14, 0xFA, 0xF4, 0x41, 0x2F, 0x54, 0x3B, 0xB1, 0xDF, 0xEF, 0xC8, 0xB8, 0x37,
    0x1E, 0x8F, 0x16, 0x9A, 0xA3, 0xB5, 0xCE, 0x23, 0x33, 0xEA, 0xE7, 0xC8, 0xCA, 0xCE, 0x5E, 0xE2,
    0xCD, 0xA3, 0x28, 0x74, 0xE5, 0x41, 0x15, 0x44, 0x19, 0x2E, 0x9B, 0x90, 0x95, 0x22, 0xD4, 0xD3,
    0x24, 0x59, 0x99, 0x91, 0x5A, 0xA2, 0xBD, 0x17, 0x68, 0xF7, 0x2A, 0x73, 0x47, 0x8B, 0x51, 0xBE,
    0xC6, 0xC1, 0x96, 0x83, 0xD5, 0x23, 0xDC, 0xB7, 0x68, 0x91, 0x49, 0x7D, 0xF2, 0x7B, 0x37, 0x91,
    0x1E, 0x5B, 0x8F, 0xA4, 0x8E, 0xD9, 0x75, 0x36, 0x55, 0x67, 0x8F, 0xAF, 0xA7, 0x56, 0x63, 0xB5,
    0x62, 0x54, 0xD1, 0x8C, 0x4F, 0xB5, 0x16, 0x17, 0x9C, 0x82, 0x89, 0xB2, 0xC8, 0x0E, 0x58, 0x4E,
    0x33, 0x15, 0xE9, 0x3A, 0x42, 0x26, 0xCA, 0xC0, 0x58, 0xC8, 0x7B, 0x24, 0xF0, 0x5F, 0x1D, 0x73,
    0xB9, 0x6D, 0x46, 0xF3, 0x87, 0x61, 0xCE, 0x41, 0x5F, 0x1D, 0x88, 0xCF, 0x2C, 0xC1, 0xF0, 0x36,
    0x06, 0x4D, 0x2F, 0x8D, 0xFD, 0xB4, 0x29, 0xD2, 0x8E, 0x78, 0x30, 0x90, 0x7F, 0x57, 0xFB, 0xC1,
    0xC3, 0x34, 0xC1, 0x62, 0xB0, 0xC9, 0xB6, 0x50, 0xA5, 0x88, 0x38, 0x6F, 0x56, 0x59, 0x43, 0xCC,
    0x76, 0xA3, 0x49, 0x8A, 0x37, 0x62, 0x85, 0x76, 0x64, 0x99, 0x78, 0x53, 0xFC, 0x97, 0x32, 0x0F,
    0xDF, 0x4D, 0xBC, 0x41, 0xA6, 0xBD, 0xBD, 0x8C, 0xC2, 0x15, 0x5E, 0x3B, 0xB0, 0xEA, 0x41, 0x1E,
    0x17, 0x79, 0x46, 0xF1, 0xB3, 0x34, 0xD8, 0x4A, 0x23, 0x91, 0x34, 0x85, 0x6D, 0x48, 0xD3, 0x09,
    0x4C, 0x27, 0x34, 0xCD, 0xAB, 0x26, 0xDA, 0xDE, 0x4B, 0xA2, 0x54, 0xC0, 0x5C, 0x72, 0xF6, 0x68,
    0xC2, 0x07, 0xB2, 0xC8, 0x21, 0xC2, 0x1B, 0x55, 0xEF, 0x9F, 0x89, 0xE7, 0x1F, 0x2E, 0xE9, 0xDD,
    0x33, 0xFE, 0x7D, 0x53, 0x64, 0x9A, 0x43, 0x74, 0x7E, 0x06, 0xF8, 0xBE, 0xC6, 0x77, 0x35, 0x7D,
    0x77, 0x84, 0xD5, 0x7A, 0xCA, 0xCF, 0x7E, 0x39, 0x08, 0x36, 0x07, 0xBD, 0xC8, 0x4F, 0x37, 0x9A,
    0xE2, 0x6E, 0xDA, 0x90, 0x99, 0xEE, 0xD0, 0xE4, 0x94, 0x43, 0xF3, 0x7B, 0xE9, 0x5A, 0xB4, 0x99,
    0x15, 0xA5, 0x63, 0x8C, 0xD6, 0xD7, 0xC1, 0x0D, 0x13, 0xB9, 0x12, 0xE9, 0x02, 0xA2, 0x93, 0xDF,
    0x63, 0xB6, 0x6A, 0x23, 0x56, 0xBE, 0x9C, 0xD6, 0x09, 0x22, 0x7D, 0xC0, 0xC0, 0xF5, 0xDC, 0xC0,
    0x05, 0xF0, 0x87, 0x26, 0x0A, 0x4C, 0x33, 0x52, 0x6C, 0x6E, 0x0E, 0x02, 0x3F, 0x6E, 0xE0, 0xA3,
    0x08, 0xD3, 0xC0, 0x1F, 0x68, 0xFF, 0x55, 0x7D, 0xA8, 0xB0, 0xBF, 0x65, 0xD8, 0xDC, 0xE3, 0xB9,
    0xA3, 0xA8, 0xAD, 0x20, 0x50, 0xAE, 0x48, 0xC6, 0x0C, 0x82, 0x50, 0x87, 0x2A, 0xE2, 0x3F, 0x4C,
    0x29, 0x53, 0x51, 0xD1, 0x02, 0xB4, 0xBD, 0xD4, 0xC5, 0xFE, 0x27, 0x3F, 0x95, 0xC9, 0x6C, 0xF7,
    0xFC, 0xF9, 0x4F, 0x7E, 0x5A, 0xAB, 0xD5, 0x97, 0x5C, 0x84, 0xFD, 0x1F, 0xBD, 0x9E, 0xD5, 0x58,
    0x56, 0xCC, 0xE6, 0xDE, 0x45, 0x83, 0xD7, 0xAD, 0x7C, 0x3F, 0xC9, 0x9D, 0x95, 0x36, 0x44, 0xD2,
    0xA1, 0xCB, 0xF2, 0xE5, 0x86, 0x05, 0xFB, 0xDB, 0xFB, 0x6C, 0x89, 0xEF, 0x24, 0xE1, 0x07, 0x69,
    0xF8, 0x66, 0x1A, 0xAE, 0x38, 0xE7, 0x56, 0x84, 0x6D, 0x4A, 0xD3, 0x94, 0x6F, 0x75, 0xC4, 0xF0,
    0xE3, 0xF4, 0x1E, 0x23, 0x07, 0x74, 0xB0, 0x62, 0x1F, 0x53, 0x8B, 0x70, 0x4F, 0xD6, 0x85, 0x64,
    0xA0, 0x8F, 0x2A, 0x5C, 0x51, 0xB8, 0x65, 0x1C, 0xBD, 0x0F, 0x15, 0xFE, 0x90, 0xDE, 0x87, 0x4A,
    0xDE, 0xB5, 0xDE, 0xBB, 0x79, 0x21, 0x3D, 0x4C, 0xD2, 0x63, 0x63, 0xEE, 0xFC, 0xC0, 0x17, 0xA5,
    0x9B, 0x64, 0x8D, 0x12, 0xF9, 0x7B, 0xCE, 0x9A, 0x9F, 0x99, 0xE0, 0x86, 0x8D, 0xC2, 0xA4, 0x79,
    0x21, 0x6D, 0xFC, 0x24, 0xB9, 0xB6, 0x65, 0xE3, 0x1C, 0x54, 0x19, 0xEE, 0xB5, 0xBD, 0x05, 0x1B,
    0xF3, 0x14, 0x15, 0x9B, 0x41, 0xB8, 0x99, 0x86, 0xD7, 0xD3, 0xF0, 0x62, 0x6E, 0x3C, 0x96, 0xDB,
    0xD0, 0xC4, 0x3F, 0x78, 0x2B, 0xDA, 0x1A, 0xEE, 0xDB, 0x83, 0x7D, 0xD7, 0x11, 0x85, 0xC9, 0xF8,
    0x57, 0x0C, 0x56, 0x5F, 0x38, 0x5C, 0xB8, 0xDB, 0x45, 0x9A, 0x62, 0x4A, 0x1D, 0x49, 0xED, 0x63,
    0x9D, 0xDB, 0x90, 0x01, 0x32, 0x0A, 0x98, 0xE3, 0xD8, 0x35, 0x35, 0x02, 0xE6, 0xBC, 0x09, 0xFA,
    0x62, 0x9A, 0xF3, 0x57, 0x91, 0x37, 0x8D, 0x21, 0xE5, 0xF8, 0xB7, 0x7B, 0x03, 0x73, 0xFD, 0x71,
    0x7F, 0x37, 0x10, 0xE5, 0xD0, 0xFD, 0xCC, 0xFB, 0x11, 0x25, 0xDE, 0x4F, 0xC5, 0x7B, 0x43, 0x99,
    0xF4, 0xA4, 0xE9, 0x05, 0x66, 0x18, 0xEA, 0x41, 0xF8, 0x7C, 0x1A, 0x5D, 0x32, 0x6C, 0x62, 0xE3,
    0xFC, 0x75, 0x8D, 0x53, 0x2E, 0x17, 0xB8, 0x19, 0x6A, 0x9E, 0x6F, 0xEC, 0xF7, 0x6C, 0xC7, 0x9C,
    0xFD, 0x7F, 0x9D, 0x58, 0x3D, 0x6C, 0x1C, 0xC7, 0x15, 0xFE, 0x76, 0x97, 0xD4, 0x5A, 0x5C, 0x8A,
    0xC3, 0x20, 0x42, 0x60, 0x28, 0x92, 0x57, 0x85, 0x0A, 0x5A, 0xA0, 0xB5, 0x2A, 0x58, 0x38, 0x30,
    0x6F, 0x77, 0x20, 0x15, 0x49, 0x80, 0x20, 0x50, 0x97, 0x22, 0x40, 0xC2, 0x42, 0x95, 0x1B, 0x33,
    0x80, 0x90, 0x18, 0xF1, 0x9D, 0xB8, 0x21, 0x0B, 0x17, 0x2E, 0xCC, 0x2A, 0xAD, 0x59, 0xA4, 0x10,
    0x9C, 0x14, 0x02, 0xC2, 0x20, 0x44, 0x7C, 0x12, 0x47, 0x66, 0x21, 0x04, 0x02, 0x92, 0x8D, 0x21,
    0x40, 0x45, 0x02, 0x68, 0x85, 0x14, 0x0E, 0x90, 0xC0, 0x59, 0x07, 0x27, 0x68, 0x25, 0x2F, 0xB9,
    0xF9, 0x66, 0x7F, 0xEE, 0x4E, 0x34, 0x75, 0xDA, 0xBB, 0xC3, 0xCD, 0xE9, 0xC4, 0x9B, 0x79, 0xDF,
    0x9B, 0x99, 0xEF, 0x7D, 0xEF, 0xBD, 0x85, 0xF9, 0x31, 0xA0, 0x87, 0x7E, 0x19, 0x3D, 0xC0, 0x4A,
    0x81, 0x19, 0x8E, 0xD9, 0x2E, 0xB0, 0xC0, 0xB1, 0xDA, 0x06, 0xE2, 0x0E, 0x8C, 0x7C, 0x1F, 0x96,
    0xF4, 0xE1, 0xC0, 0xC7, 0x6B, 0x08, 0xB0, 0xBB, 0x9E, 0x2B, 0x7C, 0x1C, 0xEA, 0x37, 0xD7, 0xE7,
    0x89, 0xB3, 0x97, 0xB8, 0x56, 0xEC, 0x5B, 0x51, 0xCB, 0x56, 0x1D, 0x47, 0x75, 0x84, 0xF2, 0xDF,
    0x53, 0xEE, 0xDD, 0x9E, 0x36, 0x6B, 0x59, 0x9C, 0x72, 0xC0, 0x2F, 0xBF, 0x99, 0x0C, 0x26, 0x52,
    0xD8, 0x0D, 0xF1, 0x3A, 0x5E, 0x8E, 0x34, 0x89, 0x75, 0x5C, 0xE3, 0xA2, 0x98, 0xEB, 0x38, 0xB0,
    0x5F, 0x5B, 0x19, 0x05, 0x64, 0x4B, 0x9C, 0x01, 0xDE, 0x00, 0x84, 0xAA, 0xA7, 0x77, 0xF5, 0x72,
    0x53, 0x62, 0x5A, 0x62, 0xB7, 0x67, 0x47, 0x99, 0x90, 0x3B, 0x01, 0xD0, 0xD1, 0x3F, 0x20, 0xAB,
    0xDF, 0xB7, 0x20, 0x83, 0x5F, 0x2B, 0xE7, 0xA0, 0x5E, 0x64, 0xC5, 0x70, 0x42, 0xBC, 0x02, 0x4C,
    0xD1, 0xB3, 0xD0, 0x79, 0x5F, 0xB9, 0xDA, 0x39, 0xB4, 0x8A, 0x85, 0xFC, 0x0C, 0x66, 0xE0, 0x64,
    0xF5, 0x64, 0x27, 0xC2, 0x1B, 0x09, 0x56, 0xCE, 0x8E, 0x07, 0xE1, 0x49, 0xFC, 0x51, 0x19, 0x61,
    0xD8, 0x08, 0xC2, 0x56, 0x70, 0x14, 0x0C, 0x8C, 0x09, 0x41, 0x2B, 0x7A, 0x0B, 0x8D, 0x20, 0x16,
    0x96, 0x21, 0x12, 0xCC, 0x84, 0xE3, 0x41, 0xFC, 0x2D, 0xC2, 0x27, 0x52, 0x13, 0xA0, 0x09, 0x04,
    0x66, 0xE6, 0x4A, 0x02, 0x98, 0x5B, 0xE5, 0x29, 0xE7, 0xB4, 0xD3, 0x75, 0x15, 0x32, 0x3B, 0x42,
    0xCA, 0x33, 0xEF, 0x59, 0xB1, 0x91, 0x58, 0xB1, 0x99, 0xD8, 0xB1, 0x95, 0x38, 0xCA, 0x8A, 0x85,
    0xB2, 0xA3, 0x00, 0xCE, 0x9D, 0x0C, 0x6B, 0x79, 0xC4, 0x05, 0xD9, 0x36, 0x90, 0x92, 0x0D, 0x4F,
    0x43, 0x7C, 0xA3, 0xA7, 0x99, 0x00, 0x52, 0x01, 0xE4, 0x02, 0x48, 0x06, 0x90, 0x0D, 0x20, 0x1D,
    0x40, 0x3E, 0x80, 0x84, 0xC0, 0x10, 0xF5, 0x8E, 0xC4, 0x12, 0xF9, 0xE5, 0x51, 0x58, 0x5C, 0x45,
    0x5F, 0xCF, 0x1F, 0x94, 0xC4, 0xFD, 0x53, 0x02, 0xFB, 0x41, 0x02, 0x71, 0x39, 0x86, 0x37, 0x0A,
    0x6B, 0xE6, 0x46, 0x39, 0x0A, 0xCC, 0x5C, 0xA2, 0x6B, 0xF3, 0xE0, 0xEC, 0xC2, 0x14, 0x38, 0xC5,
    0xA0, 0xCF, 0x66, 0xC2, 0xDF, 0x92, 0x82, 0x65, 0xB0, 0xA3, 0xD3, 0xBC, 0xDA, 0x37, 0x89, 0xC9,
    0x1F, 0xCB, 0xA8, 0x2D, 0x8F, 0xF2, 0x03, 0xE5, 0x3A, 0xCA, 0x77, 0x65, 0x90, 0x7E, 0xED, 0x28,
    0x67, 0x67, 0x49, 0x70, 0x4E, 0x37, 0x37, 0x27, 0x83, 0x51, 0x0A, 0xF9, 0xD0, 0xA5, 0x8D, 0x40,
    0xAA, 0x62, 0xA1, 0x18, 0x90, 0x93, 0xA1, 0xF1, 0xE5, 0x17, 0xEF, 0xA9, 0x66, 0x80, 0x63, 0x03,
    0x98, 0x14, 0x3A, 0x87, 0xF3, 0x84, 0x0E, 0x94, 0xB8, 0x34, 0x32, 0x12, 0x88, 0x82, 0x60, 0x85,
    0xB0, 0x14, 0xCC, 0x01, 0x3F, 0x4E, 0x50, 0x37, 0x9C, 0xED, 0xC9, 0xCF, 0xB4, 0x8C, 0x85, 0xF7,
    0xC2, 0xA6, 0xC7, 0x5A, 0x8A, 0xC6, 0xD9, 0x73, 0x30, 0x18, 0x6E, 0xE4, 0xA4, 0x2F, 0x64, 0x6B,
    0x10, 0x6E, 0xCE, 0x41, 0x66, 0xA6, 0x99, 0x99, 0x74, 0xAD, 0x24, 0xB0, 0x62, 0x27, 0xDF, 0xAC,
    0x56, 0xB9, 0x21, 0x7E, 0xA9, 0xB0, 0x79, 0x05, 0x53, 0x67, 0xB0, 0xFB, 0x85, 0xF5, 0x59, 0x6C,
    0x7F, 0x1A, 0xDB, 0x1B, 0x91, 0xF5, 0xF7, 0xD0, 0x7C, 0xAA, 0xCF, 0x40, 0xF0, 0x33, 0x57, 0xAD,
    0x1F, 0xAB, 0xC4, 0x52, 0x3D, 0x47, 0x7A, 0x4F, 0xCB, 0xD0, 0x5E, 0xD0, 0xA1, 0x7D, 0x2C, 0x1C,
    0x03, 0x6B, 0x75, 0x05, 0x81, 0xC2, 0x29, 0x8C, 0x07, 0x34, 0xAC, 0x54, 0x63, 0xED, 0x4B, 0x84,
    0xFA, 0x6D, 0x8C, 0x09, 0xD7, 0x18, 0x42, 0x5F, 0x38, 0x6F, 0xBB, 0xCA, 0x42, 0x0A, 0x76, 0x88,
    0x99, 0xF1, 0xB7, 0xC6, 0xD7, 0x75, 0xBD, 0xFE, 0xDF, 0x3A, 0x09, 0x5D, 0x92, 0x75, 0x36, 0xFA,
    0x20, 0x27, 0xB0, 0x66, 0x52, 0xA6, 0xC9, 0x91, 0x6A, 0x76, 0x50, 0x5B, 0x48, 0x01, 0xAA, 0x88,
    0x49, 0x65, 0x21, 0x5F, 0xA8, 0x11, 0xD4, 0x97, 0x90, 0x8C, 0xE1, 0x87, 0x13, 0x51, 0xFA, 0xD7,
    0xD2, 0xBC, 0x64, 0x2A, 0x7F, 0xFA, 0x4E, 0x84, 0xCD, 0x15, 0x37, 0xE6, 0xAF, 0xC5, 0xE9, 0xDD,
    0x81, 0x78, 0x18, 0x89, 0xCF, 0x13, 0x77, 0x2F, 0x76, 0x2F, 0xC7, 0x1E, 0xF7, 0x67, 0xAB, 0x96,
    0xA3, 0xDA, 0xCE, 0xFD, 0xAE, 0xDD, 0x1B, 0x24, 0xC1, 0x1A, 0x76, 0x7A, 0xFF, 0x47, 0x8F, 0x71,
    0xEC, 0xE0, 0xB7, 0x4F, 0x1B, 0xC3, 0x96, 0x50, 0xDE, 0x33, 0x7D, 0x51, 0xE2, 0x9E, 0x12, 0x9F,
    0xC4, 0x2F, 0x84, 0xDA, 0x59, 0x31, 0xF3, 0xC8, 0x38, 0x26, 0x8B, 0x88, 0x08, 0xAB, 0x4C, 0x90,
    0xEA, 0x68, 0x30, 0x8A, 0x58, 0xE0, 0x66, 0xAD, 0xC2, 0x1A, 0xE9, 0xBC, 0x96, 0xC2, 0x9D, 0x7D,
    0x2B, 0xBD, 0x42, 0x6D, 0x0F, 0x94, 0x50, 0x22, 0x14, 0xD2, 0x65, 0x0A, 0x0A, 0x10, 0xCC, 0xBB,
    0x3A, 0x1B, 0x6B, 0x71, 0x6B, 0x6A, 0xE8, 0xD4, 0xD6, 0xF9, 0x17, 0x99, 0x51, 0x83, 0x92, 0xA3,
    0x89, 0xA5, 0x57, 0x17, 0x44, 0x42, 0xE6, 0x1F, 0x6D, 0xAB, 0x99, 0x09, 0x72, 0x62, 0xB1, 0x28,
    0x2A, 0xAA, 0x35, 0xB0, 0x22, 0x3B, 0x22, 0xF7, 0x8E, 0xB0, 0x79, 0x86, 0x25, 0xCB, 0xB6, 0x4E,
    0xBA, 0xC5, 0xEB, 0x42, 0x9D, 0x7F, 0x9B, 0xE1, 0xBC, 0xD0, 0x49, 0xAE, 0xFE, 0xF0, 0x00, 0x24,
    0x34, 0x32, 0xCE, 0x4F, 0x99, 0x7D, 0x7A, 0xB6, 0x32, 0x78, 0xC7, 0x26, 0xAF, 0x98, 0xD7, 0x1C,
    0x5A, 0xB1, 0x2B, 0xED, 0xC8, 0xD5, 0x77, 0x4C, 0x43, 0x41, 0xA9, 0xB8, 0x68, 0x97, 0xB2, 0xE5,
    0x85, 0x7D, 0x65, 0x65, 0xBD, 0x14, 0x75, 0x0C, 0x79, 0x52, 0x43, 0xED, 0x65, 0x42, 0x65, 0x22,
    0x4C, 0x85, 0xEC, 0xB9, 0x46, 0xE2, 0x99, 0x8C, 0x96, 0x24, 0xF8, 0x66, 0xEC, 0xDE, 0x8D, 0xAA,
    0x18, 0x76, 0xE5, 0xA0, 0xE6, 0x22, 0xB4, 0x78, 0x17, 0xAF, 0xBE, 0xA2, 0xBF, 0x53, 0xCF, 0x34,
    0x71, 0x54, 0x11, 0xB4, 0x12, 0x6E, 0x5D, 0x67, 0xF8, 0x75, 0x08, 0x76, 0xF5, 0x26, 0x99, 0x32,
    0xE9, 0xEB, 0xAE, 0x3C, 0x54, 0xEE, 0x14, 0x01, 0x9F, 0xD7, 0xF3, 0x5B, 0x85, 0x93, 0xC5, 0xFC,
    0x72, 0x89, 0x51, 0x1C, 0x0A, 0x4F, 0x64, 0x4D, 0x0E, 0xD2, 0xC1, 0x87, 0x29, 0x95, 0x38, 0x44,
    0x76, 0x82, 0x93, 0x58, 0x11, 0x3E, 0x8E, 0x60, 0x7C, 0x45, 0x8E, 0x7F, 0xC5, 0xB9, 0xFF, 0x23,
    0xCA, 0xA3, 0x94, 0x0B, 0x32, 0xEE, 0xFD, 0x3A, 0xF7, 0x5E, 0x6D, 0x76, 0x19, 0x65, 0xF1, 0x78,
    0x05, 0x18, 0x04, 0x16, 0x3D, 0xBE, 0x9B, 0x8A, 0x8D, 0xD0, 0xFD, 0x21, 0xDC, 0x36, 0xBC, 0x0C,
    0xC1, 0x75, 0x50, 0x38, 0xDA, 0x6E, 0xD8, 0x75, 0x74, 0x30, 0x52, 0x22, 0x28, 0xF6, 0xC7, 0x0B,
    0x03, 0xC1, 0xC8, 0x99, 0xFA, 0xF2, 0xE8, 0xD1, 0xF1, 0xD1, 0x37, 0x7B, 0xDC, 0x8E, 0x66, 0x1D,
    0xB5, 0xB8, 0x96, 0xA7, 0x55, 0x31, 0xF6, 0x2E, 0xB0, 0xF9, 0xBC, 0x3F, 0xC5, 0x21, 0xBA, 0xF5,
    0x21, 0x96, 0x69, 0xD2, 0x97, 0x83, 0x2B, 0x6B, 0x6A, 0x7C, 0x5B, 0xD7, 0xC9, 0x06, 0x23, 0x3D,
    0x35, 0x7A, 0x46, 0x62, 0x26, 0x16, 0xAB, 0x28, 0x3B, 0xB2, 0x95, 0xA3, 0xE9, 0x14, 0x8A, 0x4D,
    0xED, 0xB5, 0x20, 0x8B, 0xCF, 0xD6, 0x47, 0xCA, 0x53, 0x67, 0xC2, 0xCB, 0x4E, 0x0E, 0x92, 0x5B,
    0x82, 0xA1, 0xE4, 0x76, 0x9C, 0x3E, 0xCE, 0xD2, 0xC3, 0x45, 0x68, 0x00, 0xF7, 0x9F, 0xCA, 0x7E,
    0x20, 0xED, 0x3F, 0x4F, 0xE0, 0xB2, 0x6F, 0x24, 0xBE, 0x99, 0x4C, 0x1D, 0x72, 0xF9, 0x88, 0x33,
    0xF8, 0x29, 0x5C, 0x0F, 0xDE, 0xD4, 0x68, 0x83, 0x21, 0xF2, 0xD0, 0xE0, 0x75, 0x27, 0xF8, 0xF6,
    0xF3, 0x06, 0x87, 0xF6, 0xFD, 0x2F, 0xBB, 0x27, 0x54, 0x30, 0xB4, 0xEF, 0x7E, 0x86, 0xD1, 0xF1,
    0x58, 0x9F, 0x40, 0x66, 0x1C, 0xE0, 0x36, 0x56, 0x49, 0xC5, 0x2D, 0x3C, 0x0C, 0x23, 0xDC, 0x53,
    0xCA, 0xD8, 0x7B, 0xA4, 0xCC, 0xF5, 0x2F, 0x95, 0x25, 0x9F, 0x85, 0x16, 0x99, 0x6B, 0x93, 0xA4,
    0x0E, 0xF7, 0xB8, 0xA6, 0xE6, 0x70, 0xE8, 0xCE, 0x83, 0xBF, 0xC6, 0xE2, 0x49, 0x22, 0x3E, 0x4D,
    0xC4, 0x86, 0x6E, 0x44, 0x58, 0x0F, 0x52, 0x38, 0x7D, 0xFB, 0x7E, 0xC7, 0x4A, 0x6B, 0xA7, 0x27,
    0x00, 0x60, 0xE3, 0x53, 0x32, 0xB7, 0xF4, 0x71, 0x34, 0x88, 0x6E, 0x6A, 0xFA, 0x29, 0x0D, 0xD6,
    0x06, 0xB3, 0xE7, 0x17, 0xFC, 0x72, 0x63, 0x62, 0xF4, 0x9B, 0x37, 0xAB, 0x8C, 0xDF, 0x64, 0x7B,
    0x6E, 0x35, 0x1C, 0xE6, 0xEC, 0x13, 0x6B, 0xEF, 0xA8, 0xAB, 0xEE, 0x03, 0xE6, 0x95, 0x0D, 0x66,
    0x15, 0xDE, 0xAB, 0xCF, 0x5B, 0x65, 0x16, 0x41, 0x9B, 0x67, 0xDE, 0x15, 0xF7, 0x99, 0x92, 0x13,
    0x4C, 0x7C, 0x2C, 0x7A, 0x9C, 0x46, 0x11, 0x3B, 0xA2, 0x7F, 0x99, 0x47, 0x3B, 0xA8, 0x1B, 0xC1,
    0x5A, 0x92, 0x7C, 0x54, 0xBE, 0x32, 0x8F, 0xF0, 0x3D, 0x8D, 0xA2, 0xA7, 0x69, 0x0B, 0xE9, 0x53,
    0x57, 0x3B, 0x08, 0xBA, 0x08, 0x32, 0xF8, 0x19, 0x3A, 0x19, 0xB2, 0x2E, 0x39, 0x6A, 0x47, 0x55,
    0x4F, 0x53, 0x97, 0xE0, 0x26, 0x2B, 0xB8, 0x8D, 0xA8, 0xE8, 0x32, 0x93, 0x96, 0x15, 0x77, 0xA8,
    0x9D, 0xBA, 0x9A, 0x83, 0x28, 0xCD, 0x2E, 0x2D, 0xC1, 0x8B, 0x31, 0x23, 0xC7, 0xB0, 0xDC, 0xEF,
    0x95, 0x5F, 0x6A, 0xBC, 0xA8, 0x0F, 0x3F, 0xE2, 0xDE, 0xDF, 0x04, 0xCE, 0xAD, 0x40, 0x63, 0x10,
    0x84, 0x21, 0xD3, 0xE6, 0xEE, 0x7C, 0x9D, 0x19, 0xA8, 0xB4, 0x01, 0x83, 0x22, 0x60, 0x54, 0xF8,
    0x1C, 0x1D, 0x8E, 0x0C, 0x44, 0x83, 0xAF, 0xB3, 0xC9, 0xC1, 0xA0, 0x60, 0x69, 0xED, 0xE0, 0x0F,
    0x11, 0xD6, 0xE5, 0xCB, 0x41, 0x35, 0x08, 0x76, 0x59, 0xF6, 0xDA, 0x11, 0xEB, 0x5E, 0x21, 0xBB,
    0xFA, 0x1E, 0x52, 0xAD, 0xE9, 0xFC, 0xE8, 0xEA, 0xDA, 0xB7, 0xA8, 0x6F, 0x32, 0xAB, 0xF8, 0xE0,
    0x55, 0x74, 0x2D, 0x4A, 0x04, 0xF1, 0x96, 0x59, 0x2E, 0xE5, 0xB5, 0xE3, 0x53, 0x90, 0x66, 0xFE,
    0x51, 0xEA, 0x6C, 0xA4, 0x6D, 0xD7, 0x4A, 0xDA, 0x84, 0xEA, 0xB5, 0xAC, 0x3C, 0xEA, 0x70, 0x41,
    0x8B, 0xC1, 0xE8, 0xBB, 0xBD, 0x55, 0x91, 0xEE, 0x46, 0x03, 0x07, 0xFD, 0x4A, 0x7E, 0xC2, 0xA1,
    0x2E, 0x8D, 0xB9, 0x22, 0x63, 0xA5, 0x9B, 0x72, 0xF4, 0x3C, 0x18, 0x8F, 0x6F, 0x55, 0x62, 0xCF,
    0xF1, 0xA8, 0x57, 0x8A, 0xBD, 0xBA, 0x85, 0xB5, 0xCC, 0x93, 0x55, 0x64, 0x33, 0x37, 0xF3, 0x98,
    0x0C, 0x04, 0x2C, 0x9C, 0x7E, 0x1F, 0x89, 0x3B, 0x61, 0x29, 0x51, 0xC3, 0x79, 0x69, 0x52, 0xEB,
    0xDA, 0x36, 0x78, 0x0F, 0x1A, 0x80, 0x2D, 0x90, 0x78, 0xD2, 0xB3, 0xFE, 0xD3, 0xB3, 0x92, 0x95,
    0x2A, 0x71, 0x0F, 0x09, 0x62, 0x19, 0xC0, 0xCB, 0x75, 0xF8, 0x1E, 0xD1, 0x52, 0x8C, 0x8D, 0xCE,
    0xB0, 0xD6, 0x51, 0x7D, 0xA3, 0xC1, 0xDE, 0x78, 0xF7, 0xD4, 0x53, 0xAA, 0xD3, 0x49, 0x5E, 0x74,
    0xE4, 0xAC, 0x27, 0x42, 0xEA, 0xD2, 0x8F, 0x31, 0x63, 0x11, 0x96, 0x12, 0xEA, 0xAA, 0x25, 0x5B,
    0xED, 0xD8, 0xEA, 0x16, 0x4B, 0xDA, 0x7E, 0x5E, 0xA7, 0xFF, 0xF4, 0xF9, 0x1C, 0x30, 0xCF, 0x4B,
    0xC4, 0x6B, 0x02, 0xDE, 0x34, 0xDC, 0xA8, 0x68, 0x53, 0x18, 0xA5, 0x17, 0xB0, 0xD3, 0x42, 0xD0,
    0xAF, 0x39, 0xAB, 0xE6, 0x63, 0x73, 0x3C, 0x08, 0x6E, 0xF0, 0x21, 0x8E, 0x99, 0x0D, 0x20, 0x9A,
    0x99, 0x35, 0x48, 0x1E, 0x52, 0xF0, 0x26, 0x44, 0xC9, 0xA2, 0x91, 0x66, 0x2D, 0x59, 0xA8, 0x64,
    0x84, 0xA0, 0x5F, 0x04, 0xC5, 0xB1, 0xFE, 0xCF, 0xF9, 0xF1, 0x0E, 0xCA, 0x5C, 0x57, 0xBA, 0x6A,
    0xB9, 0xD1, 0xE8, 0xA0, 0x82, 0x7C, 0x7F, 0xB5, 0x3D, 0xBB, 0xD5, 0x9D, 0x2D, 0x93, 0x20, 0xCB,
    0x1A, 0xF3, 0xF9, 0x72, 0x8F, 0x15, 0x94, 0x55, 0x94, 0x1B, 0xF4, 0x2D, 0xA8, 0x0B, 0x9D, 0xC8,
    0x8A, 0x82, 0xEC, 0xB9, 0xF2, 0xEF, 0x8A, 0x1B, 0xCF, 0xC1, 0x91, 0x76, 0x78, 0xFB, 0xF0, 0xC3,
    0x96, 0x66, 0x18, 0xBA, 0x21, 0x3E, 0x03, 0xEB, 0xAA, 0x96, 0x44, 0x86, 0xEF, 0xA1, 0x92, 0x8B,
    0xEB, 0xF6, 0xD9, 0x10, 0x84, 0x47, 0x3B, 0x7D, 0xEA, 0x99, 0xFC, 0xD6, 0x63, 0x79, 0xD8, 0xE0,
    0x90, 0x97, 0xEF, 0xC4, 0x9E, 0xAC, 0xBD, 0xD4, 0xDC, 0xF8, 0x1E, 0xF0, 0x16, 0x57, 0xCE, 0x97,
    0x4F, 0x76, 0x82, 0x74, 0x8D, 0xA5, 0xEC, 0x09, 0x46, 0xC6, 0x69, 0xA2, 0x2F, 0x52, 0x91, 0x17,
    0xB8, 0xA7, 0x25, 0xCE, 0xBF, 0x48, 0x27, 0x56, 0x49, 0xDA, 0x2D, 0x0E, 0x1A, 0x65, 0x1F, 0x2E,
    0x6A, 0xB9, 0x6A, 0x9D, 0xC3, 0x7F, 0x13, 0x5C, 0x0A, 0x8B, 0x42, 0xB8, 0x27, 0xEE, 0x24, 0x82,
    0x97, 0x73, 0xB9, 0x10, 0x78, 0x3B, 0x0A, 0x98, 0xD4, 0x7F, 0x71, 0xDF, 0xDD, 0x4B, 0x2B, 0x51,
    0x2F, 0xC6, 0xA4, 0x48, 0x6F, 0x6F, 0xE2, 0xED, 0x06, 0x30, 0x4B, 0x17, 0xA1, 0x55, 0x5E, 0xCB,
    0xFC, 0xC4, 0x50, 0x5B, 0x5B, 0x4C, 0x64, 0x55, 0x5A, 0x1D, 0x8D, 0xA6, 0x51, 0x5E, 0x27, 0xA7,
    0xCF, 0x45, 0x65, 0xB5, 0x32, 0x29, 0x22, 0xB1, 0x7E, 0x1E, 0xE2, 0x67, 0xA1, 0x96, 0x88, 0x97,
    0x82, 0x16, 0x22, 0xF0, 0x13, 0xF2, 0x84, 0x12, 0x77, 0x76, 0x73, 0x72, 0x50, 0xAD, 0xC3, 0xCB,
    0x58, 0xBE, 0x89, 0x95, 0xB0, 0x11, 0xE8, 0xB8, 0x20, 0x3A, 0xEA, 0x6D, 0x1E, 0x10, 0x2B, 0xB0,
    0xA2, 0x44, 0xAD, 0xCD, 0x8C, 0x00, 0xE2, 0xCA, 0xB9, 0x22, 0x06, 0x9C, 0xA1, 0x74, 0x53, 0xB4,
    0x66, 0x4F, 0x42, 0xFD, 0xD0, 0xA8, 0x62, 0xFE, 0x5A, 0xB2, 0xE8, 0xA4, 0xAE, 0x5C, 0x36, 0x15,
    0x73, 0x9E, 0x45, 0x75, 0xDD, 0x67, 0xF6, 0x5B, 0xBF, 0x3D, 0x07, 0xF1, 0xBE, 0x4F, 0xDF, 0xFE,
    0xE2, 0x2D, 0xC0, 0xF9, 0x87, 0x77, 0x11, 0x9C, 0xB4, 0x05, 0x27, 0x61, 0x4B, 0x66, 0x17, 0x3D,
    0x35, 0xA7, 0x57, 0xCA, 0xCB, 0x3D, 0xD9, 0xBF, 0x63, 0xE3, 0x50, 0x75, 0x0E, 0x46, 0xD2, 0xA3,
    0x37, 0xD7, 0xC4, 0x77, 0x93, 0x25, 0xF1, 0xFD, 0x64, 0x55, 0xFC, 0x20, 0x89, 0xC4, 0xD5, 0x2F,
    0x95, 0xB8, 0xF9, 0x84, 0xB9, 0x62, 0x9F, 0x3B, 0x1E, 0x3C, 0x74, 0xD2, 0x92, 0xAA, 0x35, 0x55,
    0x8B, 0x6A, 0xE9, 0x4B, 0x2E, 0xDD, 0x70, 0x99, 0xF3, 0x56, 0x29, 0xCD, 0xAC, 0x90, 0x3F, 0x0B,
    0x61, 0x7D, 0x5E, 0x3E, 0x8B, 0xD4, 0x4F, 0x18, 0xFA, 0x05, 0x3A, 0x47, 0x50, 0x3F, 0x4A, 0x3A,
    0x84, 0x6F, 0xB1, 0xA3, 0x63, 0xC9, 0x25, 0xD1, 0x66, 0x33, 0xD3, 0x62, 0xEF, 0xEA, 0xB3, 0x6F,
    0xF2, 0x58, 0x42, 0xB9, 0x64, 0xB3, 0xA8, 0xB8, 0xA5, 0x1F, 0x97, 0x2D, 0x96, 0xCF, 0x35, 0x77,
    0x6B, 0x05, 0xB8, 0xB6, 0xCA, 0x7E, 0x9F, 0xE9, 0x6A, 0x7E, 0x7E, 0x72, 0x5F, 0x8A, 0x74, 0xBE,
    0xDD, 0x4F, 0xE7, 0xC8, 0x73, 0x65, 0xA8, 0x80, 0x87, 0x4D, 0xDD, 0x36, 0xD3, 0xF2, 0xF1, 0x9C,
    0x6E, 0x6A, 0x83, 0xF2, 0x81, 0xBE, 0xD9, 0x9B, 0x86, 0x13, 0x9F, 0xE0, 0x9F, 0x16, 0x29, 0x40,
    0x59, 0x5D, 0xA8, 0x5F, 0xA8, 0x72, 0xA8, 0x9B, 0xAB, 0x05, 0x4F, 0x9E, 0xED, 0x68, 0x41, 0x22,
    0x0C, 0x93, 0x95, 0x77, 0x49, 0x5E, 0xB7, 0x69, 0xB5, 0x9F, 0xF3, 0x0A, 0x37, 0xAA, 0x27, 0x93,
    0x93, 0xA0, 0x95, 0x5A, 0x38, 0xDF, 0x04, 0x6D, 0xEE, 0xF9, 0x87, 0xD7, 0x13, 0xA0, 0x99, 0xAC,
    0xD2, 0x0F, 0xAA, 0x1A, 0xFD, 0xA5, 0x7B, 0xE3, 0xBF, 0xF6, 0x3D, 0x92, 0xFF, 0x57, 0xD0, 0xFA,
    0x5D, 0x54, 0xDB, 0x5E, 0x45, 0x60, 0x7D, 0xC8, 0xAD, 0xAA, 0xC1, 0xEF, 0xE2, 0xEB, 0x2D, 0x9C,
    0x2A, 0x1F, 0x54, 0xE9, 0xD7, 0xFF, 0x01, 0xB5, 0x58, 0x31, 0x6C, 0x1C, 0xC7, 0x15, 0xFD, 0xBB,
    0x43, 0x6A, 0x49, 0x2E, 0xA5, 0x51, 0x00, 0x19, 0x51, 0x12, 0x8A, 0xCB, 0x82, 0x85, 0xEC, 0x50,
    0x5A, 0x17, 0x2C, 0x58, 0xF0, 0x6E, 0x17, 0x50, 0x91, 0x22, 0x40, 0xCC, 0x3E, 0x8D, 0x02, 0xA4,
    0x70, 0x17, 0x06, 0x11, 0x12, 0x21, 0xBA, 0xE3, 0x6D, 0xC8, 0x42, 0x85, 0x0A, 0x2B, 0x45, 0x90,
    0x32, 0x07, 0x24, 0x45, 0xEC, 0x26, 0x04, 0x62, 0x03, 0x0A, 0xBC, 0xD2, 0x0D, 0xC5, 0x00, 0x2A,
    0x52, 0x68, 0x94, 0x08, 0x48, 0xE1, 0xC2, 0x2B, 0xA7, 0x08, 0xA0, 0xC0, 0xCE, 0x48, 0x58, 0x27,
    0x2B, 0x7B, 0xC9, 0xCD, 0xFB, 0xB3, 0x77, 0xE4, 0xD1, 0x4E, 0xC4, 0x23, 0xA5, 0x1C, 0x6E, 0x86,
    0xC7, 0xBD, 0xDB, 0xFF, 0xFE, 0xFC, 0xF9, 0xFF, 0xFD, 0x37, 0x4B, 0x84, 0xD7, 0x38, 0x5D, 0xA5,
    0x5E, 0xDE, 0xF2, 0x74, 0x6B, 0x51, 0xC6, 0x91, 0x8E, 0x28, 0xA2, 0x36, 0x46, 0x8A, 0x51, 0x52,
    0x13, 0xA3, 0x8D, 0x51, 0x52, 0xEA, 0x18, 0x6A, 0x7A, 0x9A, 0xFC, 0x5D, 0xEA, 0xBF, 0x4E, 0x10,
    0x8D, 0x49, 0x72, 0xAB, 0x1B, 0xE4, 0x6F, 0x7C, 0x4C, 0x81, 0xC0, 0xF7, 0x18, 0x0D, 0x91, 0x51,
    0x5B, 0x68, 0x6A, 0xF8, 0x8A, 0x9A, 0x01, 0x91, 0x2C, 0x68, 0xF8, 0x75, 0x35, 0x2A, 0xDA, 0x2D,
    0xA9, 0xA6, 0x97, 0x64, 0x72, 0xAE, 0x2B, 0xE3, 0x0B, 0x14, 0xD0, 0x79, 0x0A, 0x69, 0x11, 0x68,
    0xAF, 0x03, 0x6D, 0x15, 0x68, 0x5D, 0x0C, 0x4D, 0x91, 0x48, 0x48, 0xEE, 0x61, 0xD1, 0x4D, 0x22,
    0xC7, 0x44, 0x2A, 0x37, 0x72, 0xCB, 0x68, 0xB9, 0xBE, 0x4B, 0xF2, 0x92, 0x01, 0x66, 0x46, 0x21,
    0x7C, 0x8A, 0xA4, 0xA2, 0xE8, 0x27, 0x0F, 0x29, 0xD8, 0x3E, 0x08, 0x86, 0x97, 0xBB, 0xAE, 0xEC,
    0xDF, 0xAA, 0xFE, 0xF7, 0xB7, 0x83, 0xEB, 0xA2, 0xDA, 0xA5, 0xA8, 0x32, 0x94, 0x06, 0x6A, 0x55,
    0x6A, 0x2A, 0x3D, 0xDD, 0x0D, 0x63, 0x2A, 0x44, 0x16, 0xDF, 0x21, 0xCA, 0x45, 0xE6, 0x94, 0xC0,
    0x13, 0x19, 0x16, 0xE4, 0x1A, 0x2F, 0x83, 0x7D, 0x61, 0x7C, 0x15, 0xC5, 0x24, 0xF0, 0xF9, 0x8E,
    0x13, 0x7B, 0x3A, 0x72, 0x0A, 0x11, 0xFB, 0x5B, 0xA5, 0x67, 0x7C, 0xEA, 0x54, 0x5A, 0x56, 0xD5,
    0x10, 0xEA, 0xD2, 0x12, 0xDB, 0x9F, 0xCD, 0xD8, 0xFC, 0x54, 0xC2, 0xD6, 0x71, 0xB1, 0x10, 0x8F,
    0xAA, 0x12, 0xB6, 0x3F, 0xDA, 0xCA, 0x61, 0xFA, 0x23, 0x2F, 0xB3, 0x96, 0x13, 0x6B, 0xD8, 0xDA,
    0x4D, 0x89, 0xCD, 0xE6, 0xF3, 0x6C, 0x35, 0x5B, 0xB5, 0x46, 0xCD, 0xC0, 0xDD, 0xD2, 0xF7, 0xAD,
    0x89, 0x92, 0x67, 0xA7, 0x4B, 0xF4, 0x95, 0x9C, 0x57, 0x57, 0x99, 0xA8, 0x22, 0x7F, 0xDB, 0xAC,
    0xAE, 0x71, 0x30, 0x56, 0xB0, 0x61, 0x42, 0xF3, 0x26, 0x78, 0x0A, 0xE1, 0x6F, 0xFB, 0x2A, 0x88,
    0xA9, 0x2D, 0x55, 0xF3, 0x04, 0x35, 0xAF, 0xA9, 0xF2, 0x24, 0x05, 0xF7, 0xFE, 0x55, 0x95, 0x07,
    0xE2, 0x23, 0xAA, 0xC4, 0x87, 0xE7, 0x29, 0xB9, 0xB0, 0x57, 0x62, 0xB1, 0x30, 0x8F, 0xB5, 0x22,
    0x06, 0x70, 0x09, 0x21, 0x80, 0x4B, 0x7C, 0xD1, 0xE7, 0x00, 0x10, 0x87, 0x21, 0x9B, 0x94, 0x09,
    0x2E, 0x4E, 0x63, 0xF6, 0xD5, 0x02, 0xEC, 0x77, 0xAA, 0x22, 0xB4, 0xA6, 0x22, 0x3B, 0x37, 0xEC,
    0x6C, 0xF7, 0x21, 0xD0, 0x5F, 0xDC, 0x0D, 0x04, 0xB4, 0x4A, 0x60, 0x37, 0x25, 0x8A, 0xA9, 0xAC,
    0x7F, 0x18, 0x2A, 0x60, 0xF9, 0x0A, 0x50, 0x32, 0x71, 0x79, 0x02, 0x50, 0x10, 0x03, 0x27, 0x64,
    0x98, 0x90, 0x51, 0x9A, 0x0C, 0x62, 0x0D, 0xB7, 0x78, 0x4A, 0x79, 0xE2, 0xE5, 0xCB, 0x7D, 0x80,
    0x20, 0x6B, 0x78, 0xBA, 0xED, 0xA9, 0x33, 0xF0, 0x54, 0x6E, 0x97, 0x32, 0x29, 0x83, 0xB8, 0x08,
    0x28, 0x0F, 0x1D, 0xD3, 0x74, 0x0D, 0x12, 0xB3, 0x79, 0x29, 0x0B, 0xAF, 0x6B, 0xF2, 0x14, 0xAF,
    0x05, 0x6E, 0xEF, 0x0C, 0x79, 0x55, 0x3A, 0xBB, 0x1D, 0x43, 0x77, 0x68, 0x15, 0x8B, 0xAA, 0xA8,
    0x8B, 0xAC, 0xFD, 0x30, 0xD1, 0x58, 0xD4, 0x9F, 0x14, 0x76, 0xC6, 0xD9, 0x7E, 0xA4, 0x9A, 0xC8,
    0xA3, 0x27, 0xAA, 0x4D, 0x22, 0xFE, 0x2C, 0x69, 0x91, 0xA0, 0x5E, 0x8C, 0xBD, 0xB2, 0x05, 0xE2,
    0x23, 0x79, 0x0B, 0xEA, 0xA8, 0x53, 0x4E, 0x6E, 0xD3, 0xCD, 0xD4, 0xCB, 0xE4, 0xD9, 0xB7, 0x99,
    0xB7, 0xFB, 0xC5, 0x18, 0x50, 0xC8, 0x78, 0x11, 0xC3, 0x8D, 0x31, 0x1A, 0x83, 0x3D, 0xD8, 0x61,
    0xAC, 0x16, 0x43, 0xA5, 0x8C, 0x54, 0x32, 0x50, 0xC1, 0x38, 0x39, 0x60, 0x1C, 0xA4, 0x58, 0xE8,
    0x1A, 0x80, 0x58, 0xC3, 0x82, 0x57, 0xED, 0xB1, 0x71, 0xB8, 0xFB, 0x25, 0x00, 0x8B, 0x2A, 0x79,
    0x72, 0xEA, 0x0B, 0xD1, 0xFD, 0xAC, 0x13, 0xCB, 0x7F, 0x9B, 0x80, 0xE4, 0x5D, 0x13, 0x92, 0xDC,
    0x30, 0x11, 0xE7, 0x4A, 0x13, 0x7E, 0xE8, 0x06, 0x4A, 0x5A, 0xB5, 0x30, 0x3D, 0x4C, 0x51, 0xB4,
    0x45, 0x31, 0xD8, 0x3A, 0xC7, 0x0C, 0x56, 0x11, 0x25, 0xC3, 0xDB, 0xF7, 0xAD, 0x98, 0xDC, 0x8F,
    0xF1, 0xE1, 0x37, 0xF5, 0xFF, 0xBC, 0x66, 0x81, 0xDF, 0x4F, 0x61, 0x4C, 0x63, 0x57, 0xCE, 0x63,
    0xAC, 0x62, 0x8B, 0xB2, 0x36, 0x39, 0xD5, 0x0E, 0xA2, 0xD5, 0x44, 0x7C, 0x9A, 0x34, 0x8B, 0x48,
    0xF5, 0xD6, 0x2B, 0x1B, 0x8E, 0x2C, 0xA3, 0x6B, 0x09, 0xBD, 0x46, 0x75, 0xF2, 0x22, 0x73, 0xD9,
    0x15, 0x38, 0xE2, 0x29, 0x64, 0x2B, 0xA7, 0xEA, 0x35, 0x15, 0xDC, 0xCB, 0xFB, 0x78, 0x0F, 0x34,
    0xBD, 0x1F, 0xD3, 0xAB, 0xFD, 0x3C, 0xE5, 0x7D, 0x2F, 0xAD, 0x7F, 0x39, 0x3B, 0x88, 0x50, 0x23,
    0x53, 0xE0, 0x24, 0x93, 0x92, 0xA6, 0x0E, 0xFB, 0x7D, 0x7E, 0x59, 0x1A, 0xD4, 0x1B, 0x45, 0x4A,
    0x2A, 0x99, 0xC8, 0x38, 0xC0, 0xEE, 0x80, 0xD0, 0x4E, 0x07, 0x6A, 0x50, 0x97, 0x24, 0x33, 0xC2,
    0x2F, 0xC6, 0x09, 0x9C, 0x07, 0xCA, 0x93, 0x71, 0x13, 0xDF, 0x83, 0xEF, 0x40, 0x77, 0x28, 0x1E,
    0x90, 0x1D, 0xB8, 0x0E, 0x54, 0x07, 0xA6, 0xDB, 0x27, 0xBA, 0x3D, 0x9F, 0xC7, 0xE0, 0x73, 0xE2,
    0x6F, 0x68, 0xEB, 0xB3, 0x01, 0xD3, 0x81, 0xE8, 0xC0, 0x73, 0xA0, 0xB9, 0x21, 0x96, 0x3B, 0xBF,
    0x44, 0x0C, 0xC2, 0x28, 0x36, 0xFC, 0x45, 0x07, 0xCE, 0x9C, 0xC4, 0x5E, 0xCD, 0x90, 0x8C, 0x17,
    0x46, 0xE5, 0x3B, 0x5A, 0xDD, 0xC4, 0x2A, 0xE8, 0xEB, 0xD6, 0x84, 0xCA, 0xC1, 0x7A, 0x72, 0xDD,
    0x80, 0xF3, 0x00, 0x0D, 0xC6, 0x03, 0xE1, 0x81, 0xEF, 0x86, 0xE8, 0x2E, 0xE8, 0x57, 0xF5, 0x02,
    0xC0, 0x17, 0x16, 0x8F, 0x0F, 0xFC, 0xCA, 0x0A, 0x45, 0x19, 0x17, 0xE7, 0x66, 0x46, 0x97, 0x6F,
    0x8E, 0x80, 0x3D, 0x8F, 0x81, 0x64, 0x71, 0x92, 0x17, 0xC7, 0x76, 0x32, 0x12, 0x8A, 0x4E, 0x8C,
    0x8C, 0x3D, 0x71, 0x16, 0xD9, 0xBE, 0x89, 0x3C, 0x7A, 0x09, 0xD8, 0x8B, 0x9B, 0x84, 0x1C, 0x79,
    0x25, 0x26, 0x33, 0x1A, 0xF6, 0xD7, 0xB8, 0xC8, 0x38, 0x87, 0xE3, 0x17, 0xC7, 0xBE, 0x8A, 0xDB,
    0x89, 0xB1, 0x47, 0x5C, 0xF7, 0x0A, 0xF7, 0xE0, 0x19, 0x50, 0x18, 0xAA, 0x3C, 0x50, 0xFE, 0x3F,
    0x93, 0xA6, 0x8C, 0x5B, 0x01, 0xB5, 0x96, 0xED, 0xD6, 0xED, 0xF1, 0x7A, 0xFD, 0xD7, 0x7B, 0x03,
    0xE3, 0xDB, 0xC7, 0x2B, 0x57, 0xB8, 0xD4, 0xD1, 0x9C, 0x0C, 0x4F, 0x34, 0xFD, 0x3C, 0x19, 0xA9,
    0x62, 0x81, 0x8B, 0x88, 0x9C, 0xC6, 0x87, 0x5B, 0x18, 0xEF, 0x1E, 0x1B, 0xB7, 0xA7, 0x51, 0x6C,
    0x74, 0x91, 0xE8, 0xDC, 0x28, 0x4C, 0xE1, 0xBC, 0x13, 0xF3, 0x34, 0xF0, 0xA1, 0xE2, 0xB6, 0x79,
    0x4D, 0x21, 0x35, 0xEE, 0xAB, 0x55, 0x12, 0x6F, 0xC0, 0xF5, 0x29, 0x84, 0x8B, 0x66, 0x42, 0x04,
    0xE5, 0x75, 0x6E, 0x53, 0x68, 0xCE, 0x48, 0x9B, 0x36, 0x42, 0x43, 0x6D, 0x47, 0xCD, 0x52, 0x2A,
    0x92, 0xDE, 0xF5, 0x0A, 0xAE, 0xBB, 0x6F, 0x43, 0xD7, 0xBC, 0xCD, 0x26, 0x63, 0xB7, 0xFA, 0x5D,
    0xEE, 0x6F, 0xE5, 0x69, 0xE0, 0x9A, 0x5B, 0x4D, 0xF1, 0xC0, 0x34, 0xBC, 0x2A, 0x69, 0x83, 0x68,
    0x00, 0x4D, 0xCD, 0x1F, 0x99, 0x6E, 0xB0, 0x55, 0xD5, 0x15, 0xEE, 0xC0, 0x5D, 0x74, 0x78, 0xEC,
    0x42, 0x03, 0xB6, 0xDB, 0xB6, 0x3F, 0x95, 0xFE, 0x6E, 0xE9, 0x16, 0xE5, 0x37, 0x9E, 0xA5, 0x5F,
    0xCD, 0x23, 0x91, 0xF9, 0x15, 0xEF, 0x2B, 0x8D, 0x9D, 0xA3, 0xDE, 0x27, 0xE2, 0xCF, 0x99, 0x77,
    0x37, 0xF3, 0x36, 0xB4, 0xF8, 0x20, 0x71, 0x9F, 0x61, 0xE5, 0x24, 0x31, 0x57, 0xAA, 0xF1, 0x5D,
    0x65, 0x7A, 0x79, 0xEE, 0x27, 0xE1, 0xB3, 0xC1, 0x42, 0x16, 0x16, 0x48, 0x1A, 0x3A, 0x91, 0x3C,
    0x0F, 0xC2, 0x35, 0xA9, 0x30, 0xFB, 0x10, 0xCC, 0x1C, 0x57, 0x28, 0xD2, 0x34, 0x15, 0x1F, 0x0E,
    0x27, 0x54, 0xEE, 0xC7, 0xFB, 0x70, 0x96, 0xDF, 0x9D, 0x4F, 0xF6, 0xF8, 0x5D, 0x54, 0x6F, 0x15,
    0x94, 0x7A, 0xD0, 0x2F, 0x27, 0x41, 0xBB, 0x57, 0x88, 0x3E, 0xD5, 0xE4, 0x7C, 0x0E, 0x3D, 0xF0,
    0x39, 0x78, 0xF7, 0x29, 0x04, 0xC2, 0xA3, 0x02, 0xE4, 0x8B, 0x1E, 0xA8, 0xD7, 0x40, 0xBF, 0xA1,
    0x8D, 0xC6, 0x66, 0x9F, 0xB6, 0x02, 0xCB, 0xCB, 0x75, 0xB7, 0x95, 0xF7, 0x0A, 0xB9, 0x91, 0x04,
    0xDF, 0xA1, 0xA0, 0x45, 0x61, 0x49, 0xD1, 0x1A, 0x61, 0x15, 0xAD, 0x20, 0x49, 0xFD, 0x6C, 0x44,
    0x22, 0x76, 0x34, 0xB2, 0x84, 0xE0, 0x89, 0xA8, 0x05, 0xD1, 0x73, 0x89, 0x98, 0x6B, 0xCB, 0x56,
    0xA7, 0x5F, 0x97, 0xC3, 0x6B, 0x5D, 0x7E, 0x1F, 0x0F, 0xE8, 0x9D, 0x84, 0xDF, 0x47, 0x82, 0x3B,
    0xC8, 0xDD, 0xA2, 0x2A, 0xBC, 0xC7, 0x66, 0x4A, 0x24, 0x63, 0x88, 0xE1, 0x15, 0xDB, 0xAD, 0x59,
    0x4B, 0xE9, 0x39, 0x91, 0x19, 0xA1, 0x53, 0x99, 0x84, 0x7B, 0x42, 0x64, 0x73, 0xF8, 0xAE, 0xDC,
    0x7B, 0x9C, 0xE1, 0x2E, 0xAA, 0xEF, 0xC2, 0x6F, 0x82, 0x84, 0xA3, 0x69, 0x63, 0x7A, 0xC5, 0x57,
    0x57, 0xD1, 0xD9, 0x8A, 0xFF, 0x72, 0x23, 0xEB, 0x5C, 0x64, 0x48, 0xD3, 0xEA, 0xB0, 0x96, 0xCD,
    0x93, 0x82, 0xDF, 0x8E, 0x6D, 0x99, 0xC2, 0xCA, 0xB9, 0x4E, 0x7C, 0x40, 0xFF, 0xFD, 0xBF, 0x74,
    0x30, 0x5B, 0x66, 0xB1, 0x66, 0x7B, 0xEF, 0x8B, 0x28, 0x60, 0x51, 0xEE, 0x4B, 0xCA, 0x7A, 0x7E,
    0x29, 0xDA, 0x17, 0x21, 0x41, 0xBB, 0x99, 0xA2, 0xA3, 0x15, 0x57, 0x7D, 0xD7, 0x24, 0x1D, 0xBD,
    0xB8, 0x10, 0x90, 0x1B, 0x1C, 0x9B, 0x94, 0x95, 0x36, 0x95, 0x56, 0x29, 0x16, 0x36, 0xCD, 0x72,
    0x56, 0x5A, 0x4E, 0x55, 0xFD, 0xA5, 0x8A, 0x5D, 0x84, 0xA2, 0x44, 0x8C, 0xA5, 0x2A, 0x38, 0x20,
    0x49, 0x8E, 0x80, 0xC8, 0x9F, 0x41, 0x1F, 0x6B, 0xE8, 0x36, 0x14, 0x99, 0xA8, 0xF6, 0xF5, 0x18,
    0xF4, 0x5D, 0x2F, 0x32, 0x14, 0xEA, 0x82, 0xA2, 0xB8, 0xB4, 0x6A, 0xB4, 0x81, 0xF8, 0xB4, 0x20,
    0x8F, 0x52, 0x58, 0x2F, 0xA0, 0x13, 0x0B, 0x99, 0x38, 0x39, 0xC4, 0xEB, 0x93, 0x1C, 0xE1, 0x8A,
    0xAD, 0xA2, 0x63, 0xF5, 0xC8, 0x9B, 0x11, 0x0D, 0x1F, 0x95, 0xAC, 0xA4, 0x64, 0x57, 0xE6, 0xF6,
    0x04, 0x31, 0xEB, 0x53, 0x2B, 0x4F, 0x21, 0x85, 0x59, 0x9C, 0xB2, 0x36, 0x65, 0x69, 0xCA, 0xCA,
    0x94, 0x85, 0x29, 0xCB, 0x5F, 0x16, 0xBF, 0x50, 0xA5, 0xD4, 0x17, 0xE5, 0x17, 0xEC, 0x99, 0xD0,
    0x2A, 0x4E, 0xE8, 0x4D, 0xA8, 0x4D, 0xF8, 0xCC, 0xFD, 0x4B, 0x68, 0xA8, 0x4C, 0x68, 0xCC, 0xB6,
    0xA8, 0x31, 0x65, 0x5C, 0x1F, 0x13, 0x20, 0x7D, 0xF9, 0x24, 0x23, 0xDE, 0xC4, 0x98, 0xC1, 0xC8,
    0xEB, 0x71, 0x12, 0xBF, 0x9A, 0xC1, 0x58, 0x84, 0xC9, 0x6E, 0x8B, 0x9C, 0xC7, 0x68, 0x11, 0xBF,
    0xB8, 0xFD, 0x25, 0x25, 0xC9, 0x27, 0x14, 0xCD, 0x80, 0x48, 0xFC, 0x1F, 0x27, 0xF4, 0xC3, 0x84,
    0xC2, 0xD1, 0x54, 0xE5, 0xC0, 0x85, 0xFA, 0xA8, 0x72, 0xF9, 0x25, 0x74, 0x8D, 0x5A, 0xD6, 0xD7,
    0xAD, 0x9C, 0x4F, 0xAA, 0x47, 0xE9, 0x1E, 0x75, 0x52, 0xD7, 0x2B, 0x19, 0x9F, 0xB4, 0x99, 0x98,
    0xCA, 0x78, 0x37, 0x72, 0x7B, 0x6D, 0x2F, 0x4A, 0xA7, 0xA3, 0x72, 0xB1, 0x59, 0x76, 0xDB, 0x3B,
    0xAA, 0xEC, 0x59, 0x8E, 0x0A, 0x77, 0xFB, 0x7B, 0x64, 0x4F, 0x65, 0x09, 0x4D, 0x20, 0x13, 0xBB,
    0x6E, 0xA5, 0xFC, 0xEB, 0x3A, 0x90, 0x59, 0xF3, 0x9B, 0xA6, 0xF1, 0xEB, 0x6C, 0x6D, 0x5B, 0x47,
    0x96, 0x9D, 0x40, 0x11, 0x83, 0xE5, 0x2D, 0xA3, 0x17, 0xCB, 0x65, 0xDC, 0x35, 0x79, 0x5C, 0xE9,
    0x2E, 0xEE, 0x93, 0xF3, 0x37, 0x45, 0x97, 0x47, 0x11, 0x02, 0x30, 0x26, 0xD0, 0x47, 0x5C, 0xF7,
    0x78, 0x60, 0x60, 0xA0, 0xF7, 0x15, 0x25, 0x23, 0x4A, 0x8E, 0xA7, 0x48, 0xDE, 0x65, 0xEC, 0xDD,
    0xC4, 0x7C, 0xBF, 0xCC, 0xB0, 0x23, 0xA9, 0xC7, 0x9C, 0x53, 0xD3, 0x45, 0xCE, 0xC5, 0x65, 0xCF,
    0x0B, 0x96, 0xD5, 0xB9, 0x08, 0x3C, 0x3D, 0x03, 0x1A, 0x5E, 0x02, 0x61, 0x59, 0x2B, 0xF2, 0x02,
    0xAF, 0x8E, 0xD6, 0xD1, 0x32, 0xF1, 0xD3, 0xC4, 0xBF, 0xA1, 0x02, 0x8E, 0x5F, 0x8C, 0x1A, 0x69,
    0xDB, 0x34, 0x89, 0xA6, 0xC8, 0xAF, 0xB9, 0xC3, 0xC3, 0xDD, 0xA7, 0x10, 0xCB, 0x33, 0x67, 0x8E,
    0x07, 0x86, 0x2C, 0xA9, 0x97, 0x76, 0x28, 0x12, 0x1A, 0xC5, 0xAF, 0xC8, 0xBD, 0x17, 0xD7, 0xD2,
    0x6B, 0xB4, 0xF3, 0xCF, 0x7B, 0xD9, 0xC2, 0xBB, 0x93, 0x90, 0xC5, 0xD2, 0x08, 0x26, 0x6D, 0xCD,
    0x54, 0x88, 0x93, 0xD0, 0x1F, 0x3D, 0xAE, 0xED, 0xA1, 0xA8, 0x8E, 0x62, 0xCD, 0xCD, 0xFD, 0x74,
    0x62, 0xE2, 0x7F, 0x9E, 0xA5, 0x38, 0x17, 0xDE, 0xCB, 0xE8, 0xEC, 0xE5, 0x23, 0x9D, 0xA5, 0xBC,
    0xFB, 0xE4, 0xFE, 0x35, 0xA1, 0xEF, 0x25, 0x87, 0x9F, 0xA5, 0xE0, 0xC5, 0x45, 0x43, 0x73, 0x73,
    0x47, 0xB0, 0x3F, 0x14, 0xDC, 0x11, 0x0E, 0x6A, 0x7F, 0x40, 0x50, 0x16, 0xD0, 0x5C, 0xA7, 0xCE,
    0xEE, 0xF7, 0xAB, 0x14, 0x41, 0x2A, 0xD1, 0x6A, 0x0B, 0x8C, 0x3C, 0x24, 0xE7, 0xD3, 0xDB, 0x7D,
    0xB5, 0x83, 0xF1, 0x28, 0xAF, 0xD5, 0x8E, 0xBA, 0x4D, 0x9D, 0x32, 0xE4, 0xAA, 0x97, 0x0D, 0xF2,
    0xDE, 0x22, 0x67, 0x9D, 0xB9, 0x38, 0xFA, 0x50, 0xCB, 0xDF, 0x6B, 0xB9, 0x95, 0xE0, 0x50, 0x0E,
    0xDA, 0x08, 0x07, 0x7D, 0xB8, 0xDD, 0x7F, 0x2A, 0x20, 0x11, 0x6F, 0x0E, 0xE7, 0x71, 0x90, 0xF0,
    0xD5, 0x3F, 0x6C, 0x31, 0x3D, 0x1F, 0x86, 0x4D, 0x7F, 0x80, 0xED, 0x7D, 0x8A, 0x1D, 0x9A, 0xBF,
    0xF9, 0x22, 0xA7, 0xCF, 0xE1, 0xCC, 0x3B, 0xE4, 0x34, 0xC2, 0xBD, 0x64, 0x16, 0xA4, 0x39, 0x37,
    0x7F, 0x7C, 0x40, 0x84, 0xE0, 0xA7, 0x9A, 0x6E, 0xAE, 0x1C, 0x8E, 0x76, 0x06, 0x1B, 0xAB, 0x7D,
    0x7C, 0x1B, 0xA3, 0x39, 0xF2, 0x31, 0x5B, 0xC0, 0x06, 0x92, 0x39, 0x50, 0x8B, 0x9E, 0xBA, 0xE5,
    0xA9, 0xDB, 0x68, 0xB9, 0x56, 0x50, 0xA1, 0x49, 0xA3, 0x1B, 0x73, 0xBC, 0x4F, 0xA3, 0x21, 0xD3,
    0xAC, 0xA4, 0x70, 0x9C, 0x1F, 0x48, 0x71, 0x71, 0xA1, 0xB3, 0x5D, 0xA4, 0x5B, 0x0D, 0x8A, 0xEA,
    0xE2, 0x27, 0x16, 0x59, 0x75, 0x0E, 0x44, 0xD5, 0xCE, 0x6A, 0x6B, 0xBA, 0x9B, 0x4E, 0xD7, 0xA5,
    0x01, 0xDE, 0x72, 0x0F, 0x96, 0x46, 0xDD, 0x35, 0xFD, 0x98, 0x4E, 0x0D, 0x6E, 0xD1, 0x42, 0x47,
    0xE5, 0x81, 0x0A, 0x59, 0x81, 0xF6, 0x45, 0x2F, 0x5C, 0x62, 0xEE, 0x1D, 0x87, 0xB6, 0x28, 0x38,
    0xFD, 0x54, 0x83, 0xE2, 0x16, 0x1B, 0xFC, 0x41, 0x42, 0xBF, 0xCC, 0xAC, 0x1E, 0xB3, 0xF6, 0x61,
    0x19, 0x89, 0x7E, 0x07, 0x5D, 0x9C, 0xBE, 0x6F, 0x1F, 0xC6, 0x42, 0x60, 0x8B, 0xBB, 0x46, 0xAC,
    0x5B, 0x44, 0x9F, 0x9F, 0x47, 0xB1, 0x60, 0xEC, 0x0B, 0x69, 0x05, 0xFB, 0x27, 0x0A, 0x5A, 0x1B,
    0x52, 0x70, 0xEE, 0x5D, 0x35, 0x78, 0xBC, 0xF9, 0xE6, 0xE0, 0x92, 0x15, 0x1A, 0x56, 0x67, 0x58,
    0x99, 0x61, 0x55, 0x06, 0x8B, 0x0C, 0x68, 0x0C, 0x7E, 0x9A, 0x67, 0x1F, 0xE6, 0xD9, 0x67, 0x79,
    0xF6, 0x51, 0x1E, 0x3F, 0xC9, 0xD3, 0xC8, 0xB2, 0x4E, 0x51, 0x65, 0x83, 0x03, 0x44, 0xC8, 0x07,
    0x88, 0x7D, 0x0D, 0xBF, 0x45, 0x12, 0x79, 0xF7, 0x77, 0x13, 0x6C, 0x67, 0xC1, 0x25, 0xDE, 0x14,
    0x34, 0x74, 0xD4, 0x53, 0xCB, 0x7F, 0x98, 0x7A, 0x1C, 0xC4, 0xFF, 0x00, 0x35, 0x52, 0x4D, 0x6B,
    0x13, 0x51, 0x14, 0x3D, 0x93, 0xAF, 0xA6, 0xCD, 0xD7, 0x54, 0x3B, 0x90, 0xC6, 0x26, 0x19, 0x31,
    0x95, 0x10, 0xDB, 0x64, 0xAA, 0xD3, 0x1A, 0xDB, 0x24, 0xF3, 0x22, 0x88, 0x88, 0x20, 0x5D, 0x34,
    0x0B, 0xC1, 0x45, 0xB0, 0x15, 0x4A, 0xA0, 0x10, 0xDA, 0x80, 0x01, 0x53, 0xF3, 0x36, 0x75, 0x5D,
    0xFF, 0xC1, 0x40, 0x0B, 0xB6, 0x83, 0x60, 0x17, 0x5D, 0x14, 0x6C, 0xC9, 0xFB, 0x01, 0x82, 0xF9,
    0x09, 0xDD, 0xB8, 0xD2, 0xC5, 0x20, 0x5D, 0x04, 0x89, 0xAD, 0x77, 0x12, 0xFB, 0x36, 0xEF, 0xBE,
    0x77, 0xCF, 0xBD, 0xF7, 0xDC, 0x73, 0x2F, 0x4E, 0x67, 0x7D, 0x40, 0x40, 0x24, 0x90, 0x02, 0x10,
    0x11, 0xC5, 0xF3, 0xAA, 0x1A, 0xD9, 0xC9, 0xF5, 0xD5, 0xB5, 0x8C, 0x99, 0x31, 0x6B, 0xDC, 0xE2,
    0x9A, 0x66, 0x74, 0xC7, 0x18, 0x5A, 0xA7, 0xB2, 0xDE, 0x68, 0x1E, 0xCB, 0x32, 0xCE, 0x5E, 0xCC,
    0x68, 0x31, 0x6C, 0xB2, 0xD7, 0x3C, 0x4B, 0x21, 0x89, 0x42, 0xDE, 0xFE, 0xC8, 0x81, 0x7C, 0x3E,
    0x71, 0x3E, 0x46, 0xE0, 0x3A, 0xEE, 0xF3, 0x2D, 0xB6, 0x07, 0xE7, 0xB4, 0xEC, 0x78, 0xD3, 0x17,
    0x0D, 0x23, 0x8C, 0xAE, 0xE8, 0xF0, 0x49, 0x2A, 0x53, 0xB2, 0x55, 0x95, 0xCA, 0x21, 0x8F, 0x26,
    0x5A, 0x28, 0x38, 0xA0, 0x92, 0x11, 0x9E, 0x32, 0x81, 0x6C, 0xA9, 0xA1, 0x07, 0xE9, 0x1A, 0xBE,
    0x50, 0x44, 0x04, 0x2E, 0x46, 0x8C, 0x58, 0x11, 0x55, 0x48, 0xB1, 0x59, 0x8F, 0xAC, 0xE7, 0x65,
    0xA3, 0xAB, 0x74, 0x21, 0x24, 0x21, 0x0D, 0x3C, 0x11, 0x16, 0x20, 0xD6, 0x7E, 0xBD, 0xAE, 0x53,
    0x80, 0x17, 0x09, 0x28, 0xC0, 0xFB, 0x94, 0x8C, 0xF4, 0x99, 0xA6, 0x20, 0x03, 0x89, 0xBB, 0xB8,
    0x9B, 0x19, 0xF0, 0x40, 0x35, 0xCD, 0x33, 0xB9, 0xD5, 0x97, 0x0B, 0xF9, 0x42, 0x4B, 0x96, 0x63,
    0x58, 0xE0, 0x73, 0x22, 0xC7, 0x22, 0x98, 0x01, 0x91, 0xC1, 0x08, 0xDC, 0xC2, 0x25, 0x0C, 0x4A,
    0x19, 0x1E, 0xF0, 0xCA, 0x91, 0x95, 0xD6, 0x35, 0xE4, 0xFA, 0xF3, 0xAF, 0x96, 0xFD, 0x3B, 0xEA,
    0xD7, 0xAE, 0x43, 0xD3, 0xB4, 0x0D, 0x91, 0xA1, 0x3B, 0xD0, 0x8D, 0x1F, 0xA9, 0x29, 0xD3, 0x6C,
    0x8B, 0x18, 0xD9, 0xD9, 0x23, 0x55, 0xCD, 0xFA, 0xDF, 0x5D, 0x94, 0x77, 0x1D, 0xA9, 0x94, 0x4A,
    0xFB, 0x52, 0xA9, 0x20, 0x63, 0x41, 0x59, 0x41, 0xED, 0x10, 0x91, 0x67, 0x4B, 0x7D, 0xD9, 0x54,
    0x56, 0x6A, 0x07, 0x4A, 0xA5, 0x52, 0xB3, 0x0E, 0x29, 0x7C, 0x0A, 0x17, 0x01, 0xDE, 0xC4, 0xFF,
    0x53, 0x07, 0xBA, 0x70, 0x71, 0xB8, 0x81, 0x51, 0xC7, 0x07, 0xEA, 0x84, 0xBA, 0x17, 0x70, 0x33,
    0xA2, 0x05, 0xD2, 0x23, 0x3D, 0x00, 0xD1, 0xF1, 0x84, 0x42, 0x79, 0xA8, 0x7E, 0x7D, 0xAA, 0xDD,
    0x03, 0x16, 0x3F, 0x2F, 0x07, 0x3B, 0xBD, 0x52, 0xF7, 0x03, 0xF1, 0xBF, 0x81, 0x38, 0x1E, 0x11,
    0x20, 0xAA, 0x69, 0x7A, 0x1D, 0xC6, 0x95, 0x03, 0xEE, 0xFC, 0x1D, 0xE6, 0xBF, 0x56, 0x71, 0x38,
    0xDF, 0xE1, 0x5C, 0xA3, 0xC5, 0xA0, 0x4A, 0x45, 0x0A, 0x3F, 0x51, 0xFC, 0x8E, 0xF1, 0x27, 0x34,
    0xA5, 0xD3, 0x6D, 0x18, 0xBD, 0x37, 0xEB, 0x7C, 0x82, 0x98, 0x1E, 0x2A, 0x2B, 0xD6, 0xC1, 0x3C,
    0x77, 0x66, 0x08, 0x18, 0xB8, 0x85, 0x31, 0x27, 0x8F, 0x8C, 0xC0, 0x6F, 0xE4, 0x2E, 0x71, 0x73,
    0x7F, 0x90, 0x96, 0x28, 0xDA, 0x90, 0x1E, 0x23, 0x79, 0x89, 0xF9, 0x13, 0xD2, 0x19, 0x2E, 0xE1,
    0x7C, 0xFB, 0xCA, 0xC9, 0xCB, 0xD4, 0x89, 0xCF, 0x9B, 0xFB, 0x35, 0xD7, 0x73, 0xDE, 0x0B, 0xBC,
    0x4D, 0x8B, 0xE1, 0x29, 0x90, 0x96, 0x03, 0x32, 0xC9, 0xA7, 0x82, 0x2C, 0x21, 0x4F, 0x73, 0x06,
    0xAE, 0x12, 0x71, 0x3F, 0x9B, 0x83, 0x47, 0xCC, 0xD1, 0x9F, 0x0B, 0x7E, 0x38, 0x7F, 0xEA, 0x34,
    0xE7, 0x0E, 0xA6, 0x94, 0x7C, 0x2E, 0xB0, 0x96, 0x68, 0x20, 0x65, 0xEE, 0x6A, 0x3E, 0x9E, 0xB5,
    0x35, 0x6D, 0x84, 0x91, 0x22, 0x1B, 0x85, 0x97, 0x40, 0xFC, 0x78, 0x12, 0x38, 0x9E, 0x75, 0xD6,
    0xA4, 0xA1, 0x25, 0x4E, 0xAA, 0xDF, 0xA8, 0xF9, 0x50, 0x50, 0x47, 0x71, 0x7B, 0x42, 0x42, 0x86,
    0xDD, 0x63, 0xA3, 0x4E, 0x59, 0x2C, 0x1D, 0xDF, 0x89, 0x1A, 0x36, 0x81, 0xB4, 0x9C, 0x57, 0x06,
    0x58, 0x1E, 0x23, 0x2C, 0x62, 0x9D, 0x02, 0x35, 0x36, 0xE0, 0xA3, 0x91, 0xF2, 0x89, 0xCA, 0x06,
    0x5C, 0x57, 0xBB, 0xA8, 0x59, 0xFB, 0x96, 0x65, 0x66, 0xAC, 0x03, 0x32, 0x02, 0x3F, 0x90, 0x2A,
    0x75, 0xFE, 0xD8, 0x55, 0xE9, 0x0B, 0x87, 0x77, 0x99, 0xFC, 0x57, 0x2C, 0xC1, 0x5C, 0xE7, 0xA4,
    0xB5, 0xB3, 0x2E, 0x4A, 0xA5, 0xDE, 0xBE, 0xB2, 0x31, 0x6C, 0x70, 0x95, 0x7D, 0xC2, 0x38, 0xA5,
    0x8B, 0xF1, 0x45, 0xCA, 0x37, 0x8A, 0x28, 0x74, 0x4D, 0x9B, 0x00, 0xEE, 0xF2, 0x4D, 0x52, 0x90,
    0x0C, 0x90, 0x96, 0xEC, 0x2D, 0xBB, 0x4D, 0x98, 0x49, 0xEA, 0x4C, 0x27, 0x8C, 0xC4, 0x25, 0x71,
    0x1D, 0x99, 0xA2, 0xB1, 0x2C, 0xF1, 0x07, 0x6C, 0x15, 0x65, 0x42, 0x3C, 0x3C, 0xD8, 0x5A, 0xDF,
    0xD3, 0xCB, 0x14, 0x36, 0xCB, 0xD3, 0x94, 0x8F, 0x58, 0x47, 0x75, 0xAD, 0x9E, 0x72, 0xB2, 0x4C,
    0xB3, 0x49, 0xEA, 0x89, 0x3C, 0x2C, 0x44, 0xBB, 0x5D, 0xC6, 0x3F, 0xB5, 0x5A, 0x6D, 0x6C, 0x15,
    0xE9, 0x75, 0x3E, 0x33, 0x83, 0x19, 0xD6, 0x03, 0xBC, 0x8E, 0xB4, 0x69, 0xC8, 0xAE, 0x97, 0xD9,
    0x1F, 0x48, 0x45, 0x1B, 0x60, 0xFC, 0xC3, 0x51, 0x50, 0xE3, 0x3B, 0x33, 0xE0, 0x1F, 0xAB, 0x16,
    0x55, 0x46, 0x55, 0xF2, 0x2B, 0xA9, 0x96, 0xB4, 0x7F, 0x9A, 0x0F, 0x95, 0x2B, 0xAD, 0x9B, 0xA0,
    0xEC, 0xBD, 0xBE, 0x03, 0xFC, 0x40, 0x2A, 0xAA, 0x70, 0xBA, 0x51, 0xFE, 0x24, 0xD2, 0x3A, 0x52,
    0xD5, 0xE6, 0x4B, 0x5A, 0xAA, 0xA2, 0xCA, 0x51, 0xC6, 0xDC, 0x31, 0xAE, 0x84, 0xD4, 0xDD, 0x8A,
    0x61, 0x59, 0x25, 0x55, 0x56, 0xCD, 0xCE, 0x7E, 0xB4, 0x6C, 0x36, 0x49, 0x79, 0x59, 0xC6, 0x30,
    0xC0, 0xF8, 0x4E, 0x9F, 0xF3, 0xCE, 0xDC, 0x0F, 0x03, 0xE6, 0xC3, 0xA1, 0x5E, 0xCF, 0x5D, 0x6C,
    0xBF, 0xEF, 0x39, 0xEF, 0x7B, 0x3E, 0x9F, 0x73, 0xCE, 0x10, 0xE1, 0x4B, 0xF8, 0x44, 0x46, 0x84,
    0x7F, 0x04, 0xFC, 0x13, 0x19, 0x45, 0xE1, 0x53, 0x6E, 0x92, 0x7A, 0x32, 0x22, 0x2D, 0x25, 0xD2,
    0x0B, 0x49, 0x86, 0xC4, 0xDF, 0x12, 0x3C, 0x31, 0x91, 0x19, 0x6F, 0x26, 0x11, 0xED, 0xA5, 0x56,
    0x81, 0x3F, 0x6E, 0xDA, 0x46, 0xB4, 0x67, 0x82, 0x68, 0xDB, 0x93, 0xEB, 0xDB, 0x8F, 0x2F, 0xAF,
    0x58, 0xA1, 0x7A, 0x38, 0x4A, 0xB3, 0xF9, 0xE6, 0x6A, 0x8F, 0x8F, 0x3D, 0x39, 0xE9, 0xB2, 0x85,
    0x3D, 0x8E, 0x7A, 0xCC, 0xD8, 0x23, 0x2B, 0x6A, 0x52, 0xEB, 0x46, 0x42, 0xE5, 0x57, 0x13, 0x0F,
    0x88, 0xEA, 0x7E, 0x97, 0x2F, 0x78, 0x5A, 0xD8, 0x3F, 0xC0, 0x97, 0x79, 0xAE, 0xE2, 0x4B, 0xA0,
    0x41, 0xD4, 0xC2, 0xDF, 0x49, 0xF3, 0xA9, 0x95, 0xEB, 0xD2, 0x35, 0xA3, 0xDD, 0x22, 0x20, 0xC7,
    0x27, 0xAF, 0x43, 0xDE, 0xE7, 0xC9, 0xC5, 0x71, 0xF8, 0x7B, 0x44, 0x5C, 0x4C, 0x8C, 0x42, 0xC9,
    0x64, 0x88, 0xA8, 0x9D, 0xEA, 0xF1, 0xBC, 0x11, 0x4D, 0x83, 0x8A, 0x91, 0x91, 0x86, 0x2B, 0xB6,
    0x22, 0xB2, 0x92, 0x4D, 0x46, 0x32, 0xA1, 0x27, 0x9E, 0x11, 0x59, 0x45, 0x75, 0x28, 0xDE, 0x92,
    0x13, 0x7F, 0x67, 0x7C, 0x04, 0x5D, 0x5D, 0x1C, 0xFC, 0xB1, 0x11, 0xDC, 0x45, 0x44, 0x2D, 0x9C,
    0xEB, 0x5B, 0x81, 0x76, 0x2D, 0xA2, 0x6F, 0xF9, 0x0F, 0xBB, 0x9E, 0x45, 0x94, 0xF1, 0x0F, 0xFC,
    0x1D, 0x90, 0xED, 0x93, 0xA3, 0x4E, 0x89, 0xB3, 0xD6, 0x94, 0x1C, 0xC2, 0x3E, 0x05, 0xEC, 0xF5,
    0x02, 0xEA, 0x7D, 0xB5, 0x59, 0xC4, 0xA3, 0xD8, 0x44, 0x3B, 0xB1, 0x8D, 0xC6, 0x6D, 0xFC, 0x6E,
    0xCC, 0xF9, 0x36, 0x51, 0xDD, 0x6B, 0x13, 0xCD, 0xB9, 0xF8, 0x4B, 0xDC, 0x14, 0x91, 0x1E, 0x85,
    0x22, 0x32, 0x83, 0xDC, 0xF6, 0xDB, 0x94, 0xCF, 0xD0, 0x82, 0x55, 0xBC, 0xDF, 0xA7, 0x81, 0x43,
    0x9E, 0x5A, 0x01, 0x07, 0x16, 0x63, 0xCE, 0x72, 0xCC, 0x70, 0x34, 0x2D, 0xB5, 0x62, 0x28, 0x09,
    0xDA, 0x36, 0xA4, 0x38, 0x11, 0x1B, 0x89, 0x3D, 0x29, 0x8D, 0xD8, 0x36, 0xA4, 0x19, 0x3B, 0x66,
    0x2C, 0x22, 0xCF, 0x0E, 0x5A, 0xD7, 0x8B, 0x9B, 0xF7, 0xD1, 0xEF, 0x0A, 0x6E, 0xEB, 0x55, 0xFA,
    0xF5, 0x70, 0x5B, 0x17, 0xBA, 0x71, 0x71, 0xDF, 0x56, 0x54, 0x72, 0xC5, 0x1D, 0xE9, 0x08, 0x9E,
    0xD9, 0xEE, 0x19, 0x24, 0xF4, 0x0B, 0xDB, 0x7A, 0x06, 0x34, 0xA6, 0x49, 0x5B, 0x8E, 0x40, 0x03,
    0xEA, 0xB8, 0x01, 0x79, 0xBD, 0x8B, 0xE7, 0x62, 0x06, 0x1A, 0x39, 0x44, 0x34, 0x03, 0x1A, 0x4E,
    0x25, 0x02, 0x43, 0x19, 0x8B, 0xE4, 0x8F, 0x1D, 0xBD, 0xCB, 0x9C, 0x64, 0x4B, 0xD1, 0x53, 0xBE,
    0x0C, 0xFE, 0x92, 0x09, 0x89, 0x03, 0x79, 0x09, 0x4E, 0x73, 0x19, 0xE4, 0xAE, 0x1D, 0x88, 0xC8,
    0x58, 0x81, 0xA0, 0x8D, 0x14, 0xB2, 0xC1, 0x4D, 0x7C, 0x90, 0x84, 0x75, 0xB4, 0xD2, 0x02, 0xB4,
    0xEA, 0x30, 0xF2, 0x9B, 0xA7, 0x89, 0xCD, 0x85, 0xBF, 0x5A, 0x49, 0xE1, 0xDB, 0xC1, 0x04, 0x94,
    0x52, 0xC7, 0x2A, 0xA8, 0xEC, 0x0D, 0xEC, 0xBB, 0x0C, 0x1E, 0x10, 0x97, 0x96, 0x57, 0x9C, 0x21,
    0x30, 0x2F, 0x52, 0xFA, 0x1A, 0x14, 0x68, 0x47, 0x71, 0x67, 0x99, 0x42, 0x9A, 0x5A, 0x6A, 0x46,
    0xBA, 0xB4, 0x22, 0x88, 0x32, 0x32, 0x12, 0x11, 0x40, 0x90, 0x3E, 0xE4, 0x08, 0x9A, 0x1E, 0x9C,
    0x04, 0xB7, 0x64, 0x59, 0x6C, 0xC1, 0xB3, 0x79, 0x80, 0x08, 0x6B, 0x9D, 0xC0, 0x48, 0x3F, 0x0B,
    0xCB, 0x86, 0x29, 0x6C, 0x01, 0x87, 0x51, 0x2C, 0x1C, 0x77, 0x58, 0xED, 0xE0, 0x6B, 0xFB, 0x46,
    0x20, 0x02, 0xD3, 0x17, 0x81, 0x17, 0xB7, 0x65, 0xDF, 0x49, 0x86, 0xCB, 0xA7, 0xE7, 0x9C, 0xB0,
    0x36, 0x99, 0x41, 0x54, 0x21, 0xAC, 0x2E, 0xC4, 0x95, 0x61, 0x6A, 0x4B, 0x12, 0x7C, 0xBB, 0x01,
    0x01, 0x0B, 0x73, 0xD0, 0xCE, 0xCA, 0x47, 0x4B, 0xC3, 0x72, 0xCF, 0xD5, 0x1C, 0x7B, 0x9A, 0xD8,
    0xD3, 0xC4, 0x9E, 0x05, 0x12, 0xE7, 0x32, 0xEC, 0x89, 0xD7, 0xE7, 0x8C, 0xEA, 0xCB, 0xE6, 0x5D,
    0x26, 0xAF, 0xB3, 0xF8, 0x63, 0x0B, 0xAF, 0xDE, 0xCC, 0xCB, 0x47, 0x79, 0xED, 0x5E, 0x5E, 0x3C,
    0x06, 0xC5, 0xD0, 0x1C, 0x14, 0xA3, 0x45, 0x50, 0x8C, 0x11, 0x40, 0x0F, 0x4E, 0x81, 0xC3, 0x4C,
    0x90, 0x16, 0xD3, 0x18, 0xCB, 0xBA, 0x4E, 0x14, 0x0D, 0x0A, 0xFA, 0xD1, 0xA3, 0x11, 0x56, 0x15,
    0x4E, 0xDE, 0xF6, 0x69, 0x97, 0x19, 0x23, 0xAE, 0x6D, 0xB1, 0x22, 0x2C, 0x34, 0xC5, 0x12, 0xC4,
    0x61, 0x9C, 0x3A, 0x85, 0x3F, 0x5B, 0x7C, 0x4E, 0x72, 0x0E, 0x1F, 0xC6, 0xE7, 0x8C, 0xC3, 0xBE,
    0x95, 0x7B, 0x6C, 0x30, 0xD2, 0x85, 0x4B, 0x58, 0xF1, 0x0C, 0x88, 0x7B, 0x93, 0xC5, 0xD1, 0x8C,
    0x23, 0x87, 0x56, 0xC0, 0x2B, 0x72, 0x23, 0x52, 0x1E, 0xAA, 0x49, 0xF6, 0xCD, 0x4F, 0x24, 0x38,
    0xC6, 0x06, 0xCA, 0x26, 0xB4, 0xD4, 0x35, 0xA5, 0x5D, 0xF8, 0xF4, 0x38, 0x2C, 0x53, 0x0F, 0xF8,
    0x7C, 0x3F, 0xC7, 0x87, 0x76, 0xF3, 0x71, 0xD0, 0x5B, 0xAF, 0xCB, 0xB5, 0x61, 0x2E, 0xA3, 0x20,
    0xBA, 0x13, 0x34, 0xC7, 0x41, 0x72, 0x0C, 0x61, 0xA7, 0x0E, 0x8B, 0x9C, 0x83, 0xF5, 0xC0, 0xC5,
    0x75, 0x84, 0x70, 0x33, 0x08, 0x09, 0x61, 0x86, 0x16, 0xCC, 0xFE, 0xDD, 0xC1, 0x8C, 0xBC, 0x94,
    0x0A, 0xBF, 0x15, 0xD0, 0x15, 0xFF, 0x8A, 0x4F, 0x6F, 0x1F, 0xBD, 0x42, 0xDA, 0x85, 0xE3, 0x87,
    0x49, 0x3F, 0xF5, 0xEF, 0x88, 0x12, 0x53, 0xAF, 0xBB, 0x64, 0x1C, 0xF8, 0x00, 0xE6, 0x66, 0x49,
    0xD8, 0xA8, 0x99, 0xE4, 0xB4, 0xD5, 0x88, 0x72, 0x6A, 0x2D, 0x1D, 0x28, 0x06, 0x5C, 0x4A, 0x97,
    0xEA, 0xAA, 0x99, 0x91, 0xC0, 0xA5, 0x62, 0x84, 0xA7, 0x01, 0x97, 0x82, 0x2B, 0xC0, 0x25, 0x70,
    0x45, 0x6A, 0x2D, 0xE3, 0x16, 0x88, 0xFF, 0x6C, 0x7B, 0x1C, 0x83, 0xCC, 0x08, 0xBF, 0x87, 0xAB,
    0x38, 0xEC, 0x2A, 0x64, 0xF3, 0xE3, 0x7B, 0xC4, 0xFF, 0xB9, 0xF0, 0xBC, 0x90, 0xC4, 0x31, 0x89,
    0x8B, 0x07, 0x83, 0x56, 0xB5, 0xF2, 0xD0, 0xEE, 0xBB, 0x5C, 0xFA, 0x44, 0xE9, 0x46, 0x33, 0x10,
    0xA4, 0xA3, 0x1E, 0x28, 0x02, 0xBC, 0x17, 0xF0, 0x7B, 0xC4, 0xEC, 0xE5, 0xBE, 0x4B, 0x88, 0xB5,
    0xF3, 0x53, 0x37, 0xE6, 0xDF, 0x99, 0x9F, 0x54, 0x80, 0x45, 0x7C, 0x9D, 0x0D, 0x37, 0xDF, 0x33,
    0x91, 0xC0, 0x2A, 0xBD, 0x6C, 0xFD, 0xF1, 0x4A, 0xFB, 0x3C, 0xAC, 0xAB, 0x43, 0xF4, 0x54, 0xC7,
    0x37, 0x6E, 0xDD, 0x4A, 0xC5, 0xA2, 0x0C, 0x9D, 0xFD, 0xD2, 0xF5, 0x8C, 0x04, 0x4F, 0x3C, 0xE3,
    0x99, 0x71, 0x68, 0x1F, 0x38, 0x97, 0x99, 0xC5, 0x95, 0x98, 0x5E, 0x78, 0x93, 0x99, 0x10, 0x7D,
    0xBC, 0x9B, 0x94, 0x0F, 0x48, 0x5A, 0x30, 0x02, 0x72, 0x11, 0x6F, 0xBC, 0x5D, 0x70, 0x71, 0x59,
    0xDE, 0xD0, 0x06, 0x93, 0x6F, 0xC0, 0x1A, 0xDF, 0x48, 0xC9, 0xF4, 0x33, 0xB2, 0x11, 0xC7, 0xDA,
    0xC7, 0x4B, 0x6B, 0x50, 0xC9, 0xE6, 0x51, 0x62, 0x23, 0x6C, 0x0A, 0x87, 0xE4, 0xA7, 0xA7, 0x21,
    0x08, 0x3D, 0x12, 0x81, 0x0B, 0x35, 0x36, 0x41, 0x3B, 0x84, 0x12, 0x73, 0x3C, 0x88, 0x6B, 0xBF,
    0x81, 0x64, 0xFE, 0x51, 0xAE, 0x0E, 0x46, 0x5E, 0xDE, 0x53, 0xEB, 0xAB, 0x2B, 0xA0, 0x97, 0x5B,
    0xB0, 0x53, 0x7C, 0xC2, 0x52, 0xE1, 0x32, 0xF0, 0x5C, 0x0D, 0xFE, 0xC1, 0x60, 0xC4, 0xC6, 0x49,
    0x0D, 0xE9, 0x10, 0x27, 0x59, 0x87, 0x53, 0x6D, 0xEC, 0x81, 0x0E, 0x12, 0x17, 0x28, 0x89, 0xA8,
    0x09, 0x5A, 0x38, 0x4F, 0xF1, 0xFF, 0x41, 0x6D, 0x42, 0x7D, 0xEE, 0xA4, 0xC1, 0x3C, 0xA6, 0xD4,
    0xEE, 0xD7, 0x33, 0x9A, 0x4D, 0x95, 0xC2, 0x6F, 0xFA, 0xC6, 0x6D, 0x69, 0x24, 0x90, 0x18, 0x98,
    0xE5, 0xD6, 0x62, 0x2A, 0xCE, 0x27, 0xED, 0x4E, 0x57, 0x0F, 0x01, 0x9C, 0x8B, 0x3D, 0x95, 0x3F,
    0x02, 0x48, 0xC2, 0xF6, 0xB5, 0x5B, 0xBE, 0x43, 0xFA, 0x6D, 0x98, 0xA1, 0x21, 0x73, 0x97, 0xC3,
    0xBF, 0xCB, 0xF1, 0x9F, 0x83, 0x79, 0x06, 0x93, 0x3F, 0x2F, 0xE1, 0x5C, 0x2A, 0x80, 0xDC, 0x01,
    0x52, 0x6E, 0xF9, 0xD8, 0x84, 0x2D, 0xD8, 0x80, 0xE5, 0x58, 0x8C, 0xA5, 0x9C, 0x2B, 0xAA, 0x58,
    0x17, 0x1A, 0x51, 0xAD, 0xB2, 0x52, 0x00, 0xAA, 0x8F, 0xC3, 0xE0, 0x17, 0x36, 0x50, 0x3E, 0xA1,
    0xC1, 0x90, 0x63, 0xBB, 0x53, 0x1D, 0xFC, 0x49, 0x90, 0x3C, 0xC6, 0xC2, 0x61, 0xCF, 0x02, 0xF3,
    0x8C, 0xC0, 0x32, 0xD7, 0xD2, 0x1C, 0x1E, 0x0C, 0x3F, 0xC9, 0x8D, 0x8F, 0x52, 0xF8, 0xF0, 0xBB,
    0xA9, 0x96, 0x1A, 0x17, 0x53, 0x86, 0x14, 0x19, 0x43, 0x8A, 0xD0, 0xF6, 0x5B, 0xA9, 0x9D, 0x0D,
    0x64, 0x40, 0x07, 0xA1, 0x3C, 0x77, 0x4A, 0x1C, 0x21, 0x5D, 0xF5, 0x68, 0x19, 0x04, 0xDD, 0x46,
    0xAC, 0xCD, 0x72, 0x95, 0xD6, 0xAC, 0x8B, 0x29, 0xD9, 0xC7, 0x52, 0xEA, 0x08, 0x30, 0x1F, 0xE1,
    0xE0, 0x2F, 0x8E, 0x27, 0x8E, 0x11, 0xD7, 0xCC, 0xA8, 0x61, 0x31, 0xEA, 0x09, 0xED, 0xA0, 0x79,
    0x78, 0xD6, 0x3B, 0x29, 0x2B, 0x9A, 0x43, 0xF3, 0xD4, 0x96, 0xB8, 0x31, 0x62, 0xD7, 0xE8, 0x57,
    0xE8, 0x53, 0x6F, 0x45, 0x6C, 0xE8, 0x46, 0x52, 0xC3, 0xB7, 0x19, 0xD7, 0xAC, 0x68, 0x8F, 0xF0,
    0xAD, 0xF2, 0x0C, 0x1B, 0x38, 0x28, 0x08, 0xFC, 0x06, 0xB8, 0xE5, 0xB0, 0xDF, 0x5A, 0x21, 0x1C,
    0xB0, 0x21, 0x82, 0x9A, 0xED, 0xDB, 0x2B, 0x6A, 0x81, 0x2F, 0x56, 0x9E, 0x74, 0x60, 0x78, 0xF3,
    0x36, 0x22, 0x1E, 0xAE, 0x35, 0xEA, 0x95, 0x19, 0x86, 0xDD, 0xCD, 0x46, 0xC8, 0x85, 0xF3, 0x25,
    0xDA, 0x3F, 0x25, 0xE2, 0x6D, 0x1C, 0x88, 0x19, 0x34, 0xE0, 0x4A, 0x38, 0x16, 0x93, 0x20, 0xBB,
    0xCF, 0xC3, 0x2F, 0x79, 0x80, 0x2E, 0x78, 0x2C, 0x10, 0x35, 0x20, 0xDC, 0xE1, 0xEE, 0x02, 0x28,
    0x18, 0xE7, 0xD9, 0x63, 0xA5, 0x9B, 0x1B, 0xEE, 0xAE, 0xBD, 0x54, 0xAB, 0x4D, 0x8C, 0x50, 0xAD,
    0x39, 0xCF, 0xC6, 0x01, 0x66, 0x8D, 0x2C, 0xA5, 0x91, 0xF9, 0x34, 0xA5, 0x23, 0x52, 0xE6, 0xB3,
    0xDE, 0x51, 0xD9, 0xC5, 0x86, 0x88, 0xF5, 0x2B, 0x34, 0xE1, 0xD0, 0x36, 0x87, 0x01, 0xA4, 0x91,
    0x32, 0x92, 0x3C, 0xE8, 0x92, 0x6C, 0x76, 0x01, 0x27, 0x08, 0x2C, 0x4A, 0xA8, 0x47, 0x4C, 0x4A,
    0x1B, 0x06, 0x0A, 0xBB, 0xC4, 0x2D, 0xED, 0xC8, 0xFB, 0xEA, 0x9B, 0xCE, 0x89, 0xEE, 0x8A, 0xB9,
    0x43, 0x74, 0x3D, 0xA2, 0x2F, 0x3F, 0xD4, 0x62, 0xEF, 0x7C, 0x2A, 0x8E, 0x07, 0xE2, 0x4F, 0xC8,
    0xFE, 0x1A, 0x39, 0x2B, 0xE4, 0x21, 0xB6, 0x3A, 0x54, 0x13, 0x41, 0xC3, 0x4C, 0x54, 0xC6, 0xCD,
    0xE8, 0x50, 0x4A, 0xDF, 0x92, 0x74, 0x4E, 0x6A, 0xE7, 0xA4, 0x7E, 0x3C, 0x31, 0x27, 0xE3, 0x96,
    0xF1, 0x7E, 0xC3, 0xE8, 0xAA, 0x5B, 0xEB, 0x20, 0x40, 0xB5, 0xF0, 0x63, 0x7B, 0x38, 0xA5, 0xB7,
    0xB7, 0xA4, 0xDA, 0x85, 0xBF, 0x91, 0xFA, 0xA9, 0x77, 0xA5, 0x79, 0x60, 0x29, 0x69, 0x59, 0x93,
    0x69, 0xC3, 0xD4, 0xF3, 0xBB, 0x0E, 0x3E, 0x99, 0x38, 0x45, 0xEC, 0x99, 0x11, 0x8E, 0x53, 0xB3,
    0xDE, 0x6C, 0x98, 0xEA, 0x2C, 0x23, 0x4A, 0xA4, 0xCF, 0xC7, 0x95, 0xCC, 0x61, 0xC7, 0x2C, 0xF3,
    0xA8, 0x2F, 0x73, 0x50, 0x78, 0x25, 0x11, 0xD7, 0xA4, 0x38, 0xA7, 0x28, 0xC0, 0x31, 0x71, 0x21,
    0x53, 0x51, 0x30, 0xD2, 0x4A, 0xB1, 0x97, 0x53, 0xE3, 0x03, 0x04, 0x29, 0xD8, 0x7F, 0x08, 0x6F,
    0x13, 0x51, 0x26, 0x8E, 0x82, 0x63, 0x8C, 0x6C, 0xEE, 0x28, 0xEB, 0xC7, 0x77, 0x85, 0x63, 0x4B,
    0x0D, 0x3E, 0x1F, 0x39, 0x86, 0x5F, 0x53, 0xBA, 0x0B, 0xEF, 0xD0, 0xA0, 0xE2, 0x77, 0x29, 0x13,
    0xEF, 0xDD, 0xCC, 0x81, 0xBB, 0x42, 0xB0, 0xCC, 0x1D, 0x23, 0xCA, 0x70, 0xEC, 0xD4, 0xB5, 0x16,
    0x65, 0x4D, 0x1C, 0x5D, 0x86, 0x49, 0xAC, 0x74, 0x41, 0x52, 0x84, 0xC4, 0x76, 0xC4, 0x48, 0xC6,
    0x75, 0x59, 0xD7, 0xD2, 0x39, 0xCA, 0x22, 0xEA, 0x04, 0x48, 0xA7, 0x5C, 0x09, 0xEC, 0x05, 0x40,
    0xA5, 0xCF, 0x46, 0xAB, 0xA0, 0x26, 0x4E, 0xA1, 0x5D, 0x8D, 0x54, 0xA0, 0xFB, 0x04, 0x02, 0x3E,
    0x32, 0xA2, 0x38, 0x70, 0x3E, 0x76, 0xE1, 0x04, 0x35, 0x3C, 0x0D, 0x7B, 0x32, 0x0E, 0x1D, 0x33,
    0x0A, 0x1D, 0x04, 0xA8, 0x19, 0x1B, 0x0E, 0x95, 0xAB, 0xD3, 0xF1, 0x21, 0xC7, 0x71, 0x57, 0x2F,
    0xEE, 0x11, 0xB2, 0x64, 0x43, 0x97, 0x31, 0xDD, 0xF6, 0xE9, 0xAC, 0xAA, 0x39, 0x0A, 0xD2, 0x5F,
    0xF1, 0x2D, 0x01, 0x2F, 0x92, 0x6B, 0xEB, 0xFF, 0x3F, 0x9D, 0x13, 0x19, 0x07, 0x2E, 0x13, 0x31,
    0x2D, 0xA6, 0x67, 0xBA, 0x67, 0x9A, 0x4C, 0x6C, 0x03, 0x65, 0x42, 0x04, 0xAE, 0xCE, 0xE1, 0xC8,
    0x7A, 0x3B, 0xE0, 0x2A, 0x54, 0xCC, 0x92, 0x48, 0xFA, 0x2A, 0xAC, 0x81, 0x5E, 0x43, 0x4C, 0x26,
    0x21, 0x96, 0x66, 0x58, 0x9B, 0xB9, 0x62, 0x31, 0x75, 0xED, 0x25, 0xE9, 0xBD, 0xF4, 0xAB, 0x65,
    0xE7, 0xBC, 0x5C, 0xE9, 0x87, 0x41, 0x2C, 0xE6, 0x1C, 0xDD, 0x20, 0x5E, 0x4E, 0xBC, 0x9E, 0x78,
    0x03, 0xF1, 0x0E, 0xE2, 0x2D, 0x84, 0x3D, 0xD7, 0x09, 0x9B, 0x54, 0x38, 0x1B, 0xE6, 0x8F, 0x05,
    0xF6, 0x43, 0x56, 0x80, 0xE1, 0x0F, 0xC4, 0x53, 0x1A, 0x6F, 0xD2, 0x97, 0x24, 0x59, 0xBF, 0x26,
    0xFB, 0x95, 0x88, 0xEF, 0x81, 0x4C, 0x23, 0x22, 0xAB, 0xD3, 0x5B, 0x11, 0x08, 0x29, 0x7C, 0x14,
    0x3B, 0x3E, 0xCE, 0xFF, 0x43, 0x5C, 0xE0, 0xF0, 0x49, 0x18, 0xD7, 0x85, 0x80, 0x1F, 0x4F, 0x9C,
    0x9A, 0x15, 0x1D, 0xAB, 0x77, 0x05, 0x55, 0xAB, 0xE1, 0x5E, 0xF6, 0x0F, 0x81, 0x15, 0x03, 0x96,
    0x08, 0x6E, 0x2B, 0x82, 0x8A, 0x18, 0xEE, 0x9B, 0x2B, 0x07, 0x04, 0x3E, 0x42, 0x42, 0x2B, 0xB8,
    0xA6, 0x3B, 0x04, 0x07, 0x0C, 0x55, 0xFE, 0x2C, 0x0D, 0xC7, 0x5B, 0x84, 0xB6, 0x4E, 0x2C, 0x49,
    0x31, 0xB5, 0x5F, 0xDA, 0x87, 0x75, 0xE9, 0x14, 0x88, 0x74, 0x55, 0xDE, 0xAD, 0xD9, 0xF0, 0x1D,
    0xAB, 0x12, 0xC2, 0x10, 0x6C, 0x0C, 0x21, 0x32, 0xB3, 0x60, 0x1C, 0x17, 0x25, 0x62, 0x9C, 0x7E,
    0x23, 0x31, 0xDF, 0x4B, 0xC4, 0xD2, 0xFB, 0xDE, 0xFE, 0xCA, 0xC8, 0x80, 0x3D, 0xB9, 0x9A, 0xDA,
    0xF4, 0xE0, 0x90, 0xA2, 0x2F, 0x45, 0xC6, 0x52, 0x44, 0xFB, 0x1E, 0xBC, 0x12, 0xEA, 0x82, 0x5D,
    0x39, 0x05, 0xE3, 0x78, 0xEB, 0xB5, 0x40, 0xFC, 0x4C, 0x8A, 0x4B, 0xD2, 0x56, 0xE1, 0xD5, 0xA9,
    0x9C, 0x8E, 0xA3, 0x99, 0x12, 0x02, 0xD1, 0x9E, 0x12, 0x62, 0x50, 0xD5, 0x74, 0x80, 0xBD, 0x1E,
    0xAA, 0xE2, 0x10, 0x82, 0x24, 0x57, 0x38, 0xF3, 0x1C, 0x14, 0x43, 0x85, 0xD3, 0xF3, 0x51, 0xAA,
    0x62, 0xE5, 0x6A, 0xF7, 0x69, 0xC9, 0xBB, 0xDC, 0x67, 0x04, 0xB9, 0xC4, 0x17, 0x93, 0x81, 0xD8,
    0x47, 0xC0, 0xB7, 0x1C, 0x5A, 0x5B, 0xB4, 0x43, 0xD0, 0x44, 0xDF, 0x9D, 0x8D, 0x18, 0x28, 0x42,
    0x69, 0x04, 0x20, 0xCF, 0x87, 0x91, 0xC3, 0x3B, 0xF1, 0x9F, 0x5F, 0x22, 0xD6, 0xED, 0xD3, 0x7B,
    0xE6, 0x37, 0x8C, 0xAC, 0xF5, 0x57, 0x75, 0x54, 0xA8, 0x68, 0x48, 0xFD, 0xBB, 0xE8, 0xD6, 0xDC,
    0x8D, 0x7E, 0xCD, 0x8D, 0x04, 0x0E, 0xD9, 0xEA, 0x25, 0xD8, 0x82, 0xEF, 0xF5, 0xCC, 0x49, 0xE3,
    0x00, 0xFC, 0x25, 0x3C, 0x7F, 0x0F, 0xD1, 0x9F, 0xBB, 0x15, 0x68, 0x4B, 0xD7, 0x53, 0xFD, 0x78,
    0x9C, 0x23, 0xB2, 0xE5, 0x2D, 0xE3, 0x9D, 0xB4, 0xA1, 0x15, 0x3D, 0xEF, 0xF2, 0xCE, 0x49, 0x85,
    0x32, 0x61, 0xC0, 0x64, 0x7F, 0xF7, 0xBF, 0x7D, 0xE7, 0xD5, 0xDF, 0x48, 0x0F, 0x39, 0x1C, 0x01,
    0x20, 0xAD, 0x99, 0xE7, 0xE0, 0x7A, 0x25, 0xD4, 0xBB, 0xAF, 0xC4, 0xEF, 0x08, 0x52, 0xAA, 0xBC,
    0xDA, 0x5E, 0x01, 0x86, 0xFB, 0x87, 0x5F, 0xDC, 0x81, 0x31, 0xC6, 0xA6, 0x87, 0x0B, 0xFB, 0xF5,
    0x31, 0xFA, 0x69, 0x4C, 0xCF, 0x3D, 0x72, 0x34, 0xBA, 0x1F, 0xE5, 0x71, 0x16, 0x22, 0x4B, 0xD0,
    0x2F, 0x95, 0xCE, 0xD6, 0xCF, 0x10, 0xF9, 0x70, 0x90, 0x0A, 0xC0, 0x96, 0xCC, 0xC2, 0x65, 0x32,
    0xC1, 0x1F, 0x5B, 0x90, 0x37, 0x61, 0x1E, 0xE6, 0xB9, 0x7C, 0x9C, 0xCC, 0xF3, 0xE1, 0x69, 0x32,
    0xFF, 0x2B, 0x8C, 0xC8, 0xCC, 0x50, 0xB0, 0x99, 0xF2, 0x2C, 0x6B, 0x7B, 0xBE, 0x64, 0xB7, 0x60,
    0x1D, 0x4D, 0x1C, 0x2B, 0x48, 0x84, 0x19, 0xC5, 0xC2, 0x5C, 0x8C, 0xC4, 0xF3, 0x4B, 0x81, 0x98,
    0x3A, 0x4F, 0xD6, 0xBF, 0xBC, 0x4E, 0xD6, 0xA5, 0x94, 0xAC, 0xC9, 0xB8, 0x0F, 0x6E, 0xBC, 0x22,
    0xF9, 0x74, 0x96, 0x7C, 0x2C, 0xF5, 0x51, 0xE0, 0x18, 0x57, 0x51, 0x3F, 0xE4, 0x2A, 0x17, 0xE7,
    0xE2, 0x5C, 0x5A, 0x15, 0xC2, 0xDE, 0x85, 0x84, 0x04, 0x2A, 0x1F, 0xA1, 0x54, 0xB5, 0x8C, 0x30,
    0x73, 0x5B, 0x3A, 0x80, 0x27, 0x2E, 0xC7, 0x69, 0x94, 0x43, 0xCD, 0xBE, 0x3A, 0x35, 0x50, 0x09,
    0xCE, 0x66, 0x14, 0x22, 0xBD, 0x00, 0xE3, 0x04, 0x7B, 0x29, 0xE3, 0xBE, 0x0B, 0xAE, 0x03, 0xA3,
    0x50, 0x7D, 0x8F, 0x05, 0x86, 0x9F, 0xFC, 0x81, 0x02, 0x5A, 0xB5, 0x3E, 0x00, 0xD2, 0x9D, 0xEF,
    0x44, 0xAD, 0xAC, 0x5F, 0x12, 0x69, 0xB0, 0xC8, 0x96, 0x14, 0x8B, 0x09, 0x00, 0x4B, 0x34, 0x27,
    0x50, 0xAC, 0x71, 0x7D, 0xCC, 0xE5, 0x26, 0x37, 0x6D, 0x5C, 0xEB, 0x62, 0xD4, 0xD4, 0x07, 0xEA,
    0x27, 0xB6, 0x44, 0xCE, 0x80, 0x06, 0x4C, 0x73, 0x0B, 0xA4, 0x3F, 0x8A, 0x07, 0x00, 0x8C, 0x7E,
    0xDC, 0x46, 0x19, 0xE5, 0xA0, 0x80, 0xB2, 0xC9, 0xB4, 0x6D, 0x7F, 0xEB, 0x76, 0x3B, 0x68, 0xEF,
    0xAE, 0x42, 0x0C, 0x27, 0x05, 0xF8, 0x0C, 0x7D, 0x12, 0xCF, 0xA7, 0xA1, 0x5D, 0x24, 0x61, 0xED,
    0x57, 0x21, 0x19, 0xBB, 0x1B, 0x34, 0x3C, 0xD1, 0x24, 0xAF, 0xD6, 0xA5, 0x0F, 0x19, 0x71, 0xF5,
    0x1D, 0x72, 0x10, 0x87, 0xB0, 0x3E, 0xC3, 0x3D, 0x20, 0x7A, 0x31, 0x61, 0xBB, 0x79, 0x43, 0xF2,
    0x9D, 0x0A, 0xF6, 0x00, 0xB3, 0xC9, 0x2A, 0xDC, 0x72, 0x84, 0xB1, 0xEC, 0xE8, 0x19, 0xAE, 0x0D,
    0xC7, 0x19, 0x80, 0x45, 0x92, 0xA1, 0xE4, 0x8D, 0xE5, 0x6B, 0x45, 0x15, 0x17, 0x05, 0xFE, 0x73,
    0xE0, 0x6D, 0x2F, 0xA2, 0xE4, 0xBC, 0x94, 0xE0, 0x56, 0x90, 0x63, 0x53, 0xBA, 0xD8, 0xE8, 0xEE,
    0x3A, 0x93, 0x35, 0x17, 0xAE, 0x75, 0x7A, 0x5D, 0xA3, 0x3D, 0xB0, 0x22, 0xE1, 0x27, 0x64, 0xA2,
    0xFA, 0x36, 0x3E, 0x24, 0x7A, 0x1A, 0x27, 0xBA, 0x79, 0x23, 0xD6, 0xAF, 0x7E, 0x94, 0x18, 0x6F,
    0xBC, 0x23, 0xAD, 0xA5, 0x77, 0x90, 0xA2, 0xE3, 0x74, 0xC1, 0x49, 0x17, 0xAA, 0x3D, 0x92, 0x6C,
    0xD4, 0x02, 0xE2, 0x04, 0xC4, 0xFA, 0x5B, 0xAE, 0x46, 0x7D, 0xED, 0xDA, 0xE5, 0xC8, 0xB8, 0x74,
    0x29, 0xB2, 0xCE, 0x5F, 0x8A, 0x5D, 0xFB, 0x6A, 0xDA, 0xBD, 0xD1, 0x51, 0x3E, 0x74, 0x48, 0xA9,
    0xC6, 0x98, 0xB8, 0xA1, 0xDA, 0x03, 0xB5, 0x67, 0xF8, 0x46, 0xF6, 0xB4, 0xBA, 0x11, 0x97, 0x86,
    0xE6, 0x5B, 0xAF, 0xE0, 0x46, 0x62, 0x6A, 0x0A, 0x37, 0x72, 0xC4, 0x14, 0xEA, 0x8E, 0x9A, 0x6D,
    0x41, 0x14, 0x39, 0x12, 0x57, 0xEB, 0x46, 0x52, 0x2C, 0xC9, 0xEA, 0x4A, 0x9C, 0x56, 0xA3, 0x06,
    0xB7, 0x5A, 0xF6, 0x8C, 0xE2, 0xC0, 0xF6, 0x69, 0x56, 0x56, 0x07, 0x59, 0xE8, 0xB5, 0x53, 0x50,
    0xD7, 0x29, 0x7C, 0x60, 0x7B, 0xD0, 0xCC, 0x5B, 0xE7, 0x63, 0x1A, 0x79, 0x92, 0x76, 0x65, 0x9C,
    0x1B, 0x8A, 0x54, 0xC1, 0x65, 0x15, 0x4B, 0x80, 0xE0, 0x61, 0x66, 0x5F, 0x88, 0x39, 0x90, 0x68,
    0x2A, 0xA2, 0x98, 0x31, 0x32, 0x05, 0xBB, 0x91, 0x15, 0x78, 0x45, 0xA4, 0x71, 0xB9, 0x4A, 0xDA,
    0xA5, 0x18, 0xD9, 0xD7, 0xBC, 0xC2, 0x01, 0x71, 0xA3, 0x19, 0x69, 0x2F, 0xF8, 0x1C, 0xEF, 0x38,
    0x77, 0x72, 0xFA, 0x78, 0x3A, 0xE3, 0x08, 0x7F, 0xFA, 0x93, 0x34, 0x53, 0xD0, 0xD0, 0x50, 0xE5,
    0x73, 0xAF, 0x75, 0x90, 0xB3, 0x8E, 0x01, 0xD7, 0x21, 0xB4, 0x0C, 0x26, 0x48, 0xDB, 0x5C, 0x84,
    0x1D, 0x5B, 0x4B, 0x8C, 0x09, 0x50, 0x6E, 0x93, 0xCD, 0x6D, 0x36, 0xD1, 0xED, 0xBB, 0x95, 0xB6,
    0x8C, 0xC2, 0x0D, 0xFE, 0x08, 0xD1, 0x58, 0xD4, 0x16, 0x0D, 0x67, 0xEB, 0x6E, 0x67, 0xFB, 0x56,
    0x6F, 0xF7, 0x13, 0xEE, 0xC4, 0x13, 0xB5, 0x89, 0xCD, 0xB5, 0xC6, 0x4E, 0x6F, 0x21, 0x11, 0x50,
    0x48, 0x2F, 0x00, 0x4A, 0xEA, 0xB5, 0x4B, 0x19, 0x52, 0xF9, 0x2E, 0x6A, 0x80, 0xE6, 0x41, 0xAF,
    0xBD, 0xD2, 0xCA, 0xED, 0x4E, 0x4E, 0x4D, 0xC0, 0xFB, 0x50, 0x15, 0x02, 0x55, 0x0E, 0x54, 0x00,
    0xDA, 0x3A, 0x1E, 0x23, 0x1E, 0x78, 0x2F, 0x4B, 0xAF, 0x9D, 0x34, 0x15, 0xC2, 0x76, 0x6D, 0x12,
    0x3D, 0x68, 0x04, 0x17, 0x88, 0xEC, 0xA0, 0x16, 0xA9, 0x92, 0x35, 0x88, 0x49, 0x2C, 0x22, 0xF2,
    0x2D, 0xF9, 0x88, 0x7E, 0xD0, 0xF0, 0x7F, 0xE0, 0xF9, 0x60, 0xA0, 0xAD, 0x54, 0x22, 0xAE, 0x36,
    0x35, 0x6D, 0x7A, 0xD3, 0x36, 0x02, 0xF1, 0x3C, 0x89, 0xBF, 0x23, 0xF1, 0x3D, 0xB2, 0x52, 0x46,
    0x20, 0x66, 0x2F, 0xDC, 0xEA, 0x97, 0xB1, 0xF2, 0x9F, 0xF1, 0xE3, 0x8E, 0x43, 0xEB, 0x65, 0x62,
    0xBE, 0x42, 0xFA, 0x2F, 0x7C, 0xFA, 0x52, 0xF0, 0x60, 0x86, 0x43, 0x65, 0x36, 0x48, 0x54, 0x44,
    0xE6, 0x8B, 0xD9, 0xAA, 0x75, 0xE7, 0x52, 0x73, 0x81, 0xCB, 0xC2, 0x26, 0x22, 0x48, 0x48, 0x0B,
    0x8E, 0x81, 0xB2, 0x10, 0x60, 0xC7, 0x87, 0x94, 0x40, 0x07, 0xD5, 0x90, 0xF8, 0x53, 0x8E, 0x20,
    0xE2, 0x07, 0x70, 0xF6, 0x08, 0x20, 0x0B, 0x89, 0xB2, 0x24, 0x68, 0xAA, 0x78, 0xB4, 0x55, 0xD1,
    0x3E, 0xA2, 0x94, 0xDC, 0x47, 0x69, 0x48, 0x64, 0x23, 0x7A, 0x31, 0x85, 0xAA, 0xEC, 0xC4, 0x52,
    0x72, 0xC4, 0x31, 0x2E, 0x25, 0x7B, 0x5D, 0xE3, 0x0D, 0x39, 0x56, 0x03, 0x2E, 0x98, 0x6B, 0x02,
    0x1F, 0x44, 0x08, 0xFA, 0x37, 0x7C, 0x04, 0xFF, 0x82, 0x85, 0xCC, 0xE7, 0xA0, 0x69, 0x3E, 0x9E,
    0x3A, 0x1D, 0x08, 0x9B, 0x37, 0x07, 0x5B, 0x8C, 0xFC, 0x9B, 0x36, 0x3C, 0xF9, 0xE7, 0x1E, 0x5B,
    0xB5, 0x8F, 0xCF, 0x00, 0x96, 0x84, 0x6A, 0x86, 0x6B, 0x58, 0xDB, 0xCF, 0x55, 0x65, 0xED, 0x82,
    0x4C, 0x48, 0xEE, 0xBF, 0x02, 0x37, 0x71, 0xC0, 0x48, 0xFB, 0xDB, 0x77, 0x43, 0xC1, 0x11, 0xAC,
    0xCF, 0x86, 0xD6, 0xB5, 0xB4, 0xA6, 0xC9, 0xA6, 0x2E, 0x6B, 0x46, 0xEC, 0xBE, 0x10, 0xE0, 0x32,
    0x1A, 0x9F, 0x7A, 0x06, 0x1B, 0xB4, 0x2B, 0x10, 0xAD, 0xF6, 0xC7, 0x07, 0xAB, 0x1E, 0x27, 0x3D,
    0xA9, 0x4C, 0x63, 0x04, 0x22, 0x3B, 0x56, 0xF8, 0xD6, 0xD2, 0xF9, 0xA5, 0xC8, 0x36, 0x4E, 0xEC,
    0x4F, 0x5C, 0x2E, 0xDB, 0x9B, 0xAC, 0x88, 0x90, 0x3F, 0x38, 0xD6, 0x25, 0x39, 0x07, 0xCE, 0x1C,
    0x78, 0x3C, 0x0A, 0xF5, 0xC8, 0xF1, 0x5D, 0x2B, 0x59, 0x40, 0xDA, 0xF7, 0xBA, 0x18, 0x8C, 0x0E,
    0x96, 0xF1, 0x7D, 0xF8, 0x53, 0x11, 0x27, 0x23, 0xE2, 0x16, 0x21, 0x57, 0x4C, 0x23, 0xE4, 0x1B,
    0x85, 0xC8, 0xC4, 0x81, 0xDD, 0x35, 0x67, 0x68, 0xD3, 0x1E, 0x2E, 0x58, 0xF9, 0x81, 0x27, 0xD6,
    0x26, 0x74, 0x0A, 0x5D, 0x0B, 0x69, 0x2A, 0xAB, 0x9A, 0x2B, 0x82, 0xFF, 0xBF, 0xE1, 0x63, 0x8F,
    0x23, 0x29, 0xA1, 0x2C, 0xA5, 0x7D, 0x1B, 0x1E, 0x3E, 0x39, 0x0D, 0xF9, 0xEC, 0x49, 0x71, 0x2E,
    0xFC, 0x79, 0x6F, 0xA0, 0xCF, 0x5F, 0x7E, 0x23, 0xE0, 0x79, 0xDF, 0x26, 0x6B, 0x60, 0x78, 0x20,
    0xBA, 0x5E, 0xA5, 0xC1, 0xAB, 0x4E, 0x40, 0x68, 0x7E, 0x6F, 0x40, 0x50, 0x53, 0xFD, 0x1C, 0x6B,
    0x10, 0xAA, 0x24, 0x55, 0x96, 0x81, 0x8B, 0xEB, 0xBF, 0x54, 0x8B, 0xBC, 0x60, 0xA4, 0x1E, 0xD4,
    0x62, 0x55, 0x97, 0xCE, 0xD3, 0xF0, 0xA6, 0x6E, 0xB7, 0x79, 0xC3, 0x53, 0x3F, 0xF9, 0xE6, 0x3F,
    0x40, 0x1D, 0xF3, 0xDE, 0xEF, 0x76, 0x0C, 0xD1, 0xDE, 0xFA, 0x08, 0x8D, 0x8F, 0x41, 0x88, 0xCE,
    0xFB, 0xA7, 0x17, 0x06, 0x4A, 0x71, 0x95, 0x2A, 0x0E, 0xF5, 0x7A, 0xAF, 0x1C, 0xC7, 0x32, 0xDA,
    0x38, 0x4A, 0xC6, 0x9F, 0xD3, 0xDD, 0x5F, 0x4F, 0x31, 0x0C, 0xF7, 0xBF, 0x89, 0xD5, 0x7F, 0x14,
    0x95, 0x0A, 0x59, 0xF5, 0x55, 0x36, 0x82, 0x52, 0x4E, 0x68, 0x43, 0x9B, 0x48, 0x1F, 0xEA, 0x23,
    0x74, 0xA5, 0x93, 0x83, 0xEA, 0x53, 0x2F, 0xFD, 0x90, 0x7A, 0x90, 0x3E, 0x52, 0x2E, 0x71, 0x9A,
    0x81, 0x24, 0xD2, 0x06, 0x37, 0xD4, 0x9E, 0xBD, 0x93, 0xEF, 0x0E, 0x65, 0x5E, 0x0C, 0xED, 0x9C,
    0x40, 0x45, 0x54, 0xFF, 0xCE, 0x15, 0xF8, 0xC5, 0x2E, 0xEE, 0x28, 0x69, 0xA9, 0x46, 0xDC, 0x24,
    0xB4, 0x94, 0xDD, 0x0C, 0xAB, 0x13, 0x2A, 0xEB, 0x2C, 0x51, 0x52, 0x99, 0x44, 0x02, 0x30, 0x30,
    0x16, 0xB9, 0xF5, 0xD4, 0x59, 0xD5, 0x73, 0x0D, 0x57, 0xF5, 0x5C, 0x29, 0xFD, 0x6C, 0x02, 0xC1,
    0xFF, 0x02, 0xC1, 0xFD, 0x8E, 0x9E, 0x6B, 0x82, 0x0F, 0x4B, 0xF5, 0x5C, 0xB3, 0xB2, 0xF9, 0xCC,
    0xBC, 0x88, 0x35, 0xC3, 0x3D, 0xAD, 0xEE, 0x68, 0x4B, 0x6E, 0xA3, 0xE5, 0x39, 0x7A, 0xCE, 0x57,
    0x99, 0x86, 0xFB, 0x6F, 0x83, 0x28, 0xCA, 0x13, 0x91, 0xF7, 0x8D, 0x37, 0xED, 0x25, 0x18, 0xC1,
    0xB8, 0xDA, 0x9F, 0x70, 0x1F, 0x4C, 0x69, 0x5D, 0x2F, 0x66, 0xFB, 0x10, 0xB5, 0x48, 0xF4, 0xAB,
    0x5C, 0xB0, 0x72, 0xB9, 0x1B, 0xE7, 0x16, 0xC3, 0x9A, 0x59, 0x43, 0xE9, 0xDA, 0xF9, 0x75, 0xB7,
    0x50, 0xF9, 0x1C, 0x39, 0xED, 0x80, 0x69, 0xA2, 0xEA, 0xB1, 0x06, 0xAA, 0x1E, 0xD5, 0xBB, 0x0C,
    0x61, 0x40, 0x39, 0x90, 0x70, 0x86, 0x67, 0xD9, 0x21, 0xED, 0xC6, 0x0C, 0xE9, 0xB7, 0x33, 0x32,
    0x96, 0x63, 0xD8, 0xD2, 0xC1, 0xB2, 0x9D, 0x8F, 0xA7, 0x95, 0x97, 0x05, 0xF2, 0x5B, 0xD2, 0xF8,
    0x20, 0x33, 0xB9, 0xB6, 0x0E, 0xD9, 0x49, 0xE0, 0x31, 0x7F, 0x26, 0xED, 0xA9, 0x08, 0xD0, 0xD5,
    0x33, 0x2A, 0x10, 0xDD, 0x0A, 0xBA, 0x48, 0xA7, 0x54, 0xE3, 0x56, 0x30, 0x5A, 0x29, 0xC7, 0x1A,
    0x79, 0x09, 0x68, 0x38, 0x96, 0x68, 0x77, 0xB4, 0xEB, 0x7A, 0x8C, 0xB2, 0x52, 0x5D, 0x3A, 0x27,
    0x29, 0x54, 0x6E, 0xA2, 0x57, 0x6F, 0xA9, 0x14, 0x56, 0xD6, 0xE0, 0xCD, 0x81, 0x31, 0x40, 0x68,
    0xF5, 0xC6, 0x00, 0x4C, 0x97, 0x33, 0xD7, 0x3D, 0xE9, 0xE6, 0x15, 0x92, 0x88, 0xC4, 0xB9, 0x40,
    0x1C, 0xF5, 0x41, 0x11, 0x40, 0xE1, 0x61, 0x28, 0x6A, 0xB7, 0x66, 0x49, 0xBF, 0x9E, 0x97, 0xAD,
    0x28, 0x35, 0xB2, 0x74, 0x40, 0xD1, 0x03, 0x45, 0x86, 0xC0, 0x33, 0xB8, 0x63, 0x4E, 0x62, 0x3F,
    0xD2, 0x42, 0xBF, 0x95, 0x3C, 0xC8, 0xC5, 0x66, 0x74, 0x17, 0x21, 0x19, 0xE0, 0x1B, 0x91, 0x1A,
    0xB7, 0xD9, 0x69, 0xFB, 0x13, 0x2E, 0x39, 0xFD, 0x80, 0x6A, 0xC8, 0x96, 0x9C, 0x31, 0xA6, 0xC5,
    0xBE, 0x5F, 0xD2, 0xA8, 0x6D, 0x10, 0x6D, 0x76, 0x60, 0x92, 0xC3, 0x7B, 0x76, 0xE2, 0xF4, 0x3C,
    0xE0, 0x99, 0x39, 0xCB, 0xEA, 0x6E, 0x70, 0x23, 0x0C, 0xDA, 0xB2, 0x62, 0xA8, 0xCA, 0x86, 0xE0,
    0xA3, 0x8E, 0xD5, 0x31, 0x65, 0x6F, 0x10, 0x36, 0xD7, 0xFB, 0xF0, 0x4B, 0xD7, 0x13, 0x99, 0x6D,
    0x74, 0x68, 0xC7, 0xCC, 0x1E, 0x81, 0xFC, 0xEF, 0xEC, 0xAE, 0x81, 0xA6, 0x33, 0xD1, 0x50, 0xA7,
    0x63, 0x59, 0xD4, 0x1A, 0xB8, 0xDF, 0xE9, 0xC6, 0x3C, 0xFE, 0x2D, 0x65, 0xDA, 0xDC, 0x09, 0xBD,
    0xC9, 0xEA, 0x4C, 0x63, 0x54, 0x79, 0x1C, 0x3C, 0x5A, 0xC5, 0x93, 0xA7, 0x03, 0xF6, 0x2F, 0x60,
    0x68, 0x6E, 0x87, 0x00, 0x5B, 0x29, 0x1C, 0xA3, 0x77, 0x48, 0x7B, 0x81, 0x27, 0x0C, 0xCF, 0x1A,
    0xB1, 0x04, 0xAC, 0x06, 0xFA, 0xEB, 0xA8, 0x36, 0xB3, 0xA4, 0x21, 0x49, 0x1B, 0x03, 0x0E, 0xD3,
    0x56, 0x41, 0xDB, 0x45, 0xB0, 0x49, 0xF8, 0xDA, 0x5F, 0x13, 0xB7, 0xD7, 0x1C, 0x3A, 0xED, 0x50,
    0xEA, 0xB2, 0x96, 0x0D, 0x9E, 0xF6, 0xD0, 0xC6, 0x08, 0x01, 0xA3, 0x12, 0xFD, 0x31, 0x24, 0x2E,
    0x6B, 0x9A, 0x8B, 0x44, 0xCA, 0x70, 0x84, 0x74, 0x96, 0xB4, 0xDB, 0x11, 0xE9, 0x3C, 0x96, 0xB8,
    0xCA, 0xED, 0x54, 0x86, 0x9E, 0x21, 0x4F, 0x62, 0xB0, 0xDD, 0x81, 0x23, 0xC1, 0xC8, 0x99, 0x8A,
    0x2A, 0x2E, 0xF4, 0xB2, 0xDC, 0x4A, 0xC5, 0xC9, 0x69, 0xFB, 0x8B, 0x64, 0xD7, 0xC9, 0xC9, 0x38,
    0xF8, 0xD7, 0x1C, 0x6A, 0xD8, 0x41, 0xC8, 0xD5, 0x7B, 0xCC, 0xEC, 0x90, 0x30, 0x9C, 0x32, 0x8E,
    0x15, 0xC8, 0x74, 0x0D, 0xE3, 0x8B, 0x14, 0x3E, 0x41, 0x74, 0x1B, 0x1C, 0x6F, 0x8C, 0xA9, 0x5C,
    0xAE, 0xDF, 0xE6, 0x9E, 0x2B, 0x94, 0xFD, 0x5B, 0x1E, 0x81, 0xB9, 0x6A, 0x3E, 0xED, 0x65, 0xDC,
    0xDB, 0x86, 0x93, 0x2E, 0x88, 0x63, 0xDF, 0xB3, 0xBF, 0x41, 0x76, 0xC8, 0xB5, 0x96, 0x7B, 0x85,
    0x6A, 0xA7, 0xFC, 0x06, 0x52, 0x94, 0x29, 0x7B, 0x0E, 0x55, 0x5E, 0xC1, 0x2C, 0x40, 0x30, 0xBD,
    0xE3, 0x0A, 0xEF, 0x30, 0x7E, 0xC6, 0x15, 0x00, 0x0A, 0xAC, 0x72, 0xB2, 0x12, 0xD9, 0x09, 0x9B,
    0xA7, 0xC3, 0x60, 0x1A, 0xB5, 0xC7, 0x7D, 0xCE, 0x5E, 0x19, 0xD5, 0xB1, 0xB4, 0x1E, 0x6E, 0xAD,
    0xCF, 0x65, 0xA5, 0x80, 0xB4, 0x14, 0x91, 0x07, 0xD4, 0x8D, 0x1B, 0x49, 0x39, 0xB7, 0x89, 0xCB,
    0xB9, 0x8D, 0x15, 0x9D, 0x55, 0xD4, 0xD5, 0x9E, 0xDC, 0x0E, 0xEA, 0xF9, 0xD7, 0x83, 0x43, 0xA8,
    0xE0, 0xB8, 0xC7, 0x83, 0x14, 0x82, 0x68, 0x85, 0xF5, 0xEF, 0x74, 0xD7, 0xB7, 0x06, 0xA7, 0x6A,
    0xFD, 0x20, 0xC7, 0x2E, 0x94, 0xB1, 0x0F, 0xA5, 0x70, 0x22, 0x8D, 0xFB, 0xF1, 0xDC, 0xAC, 0x27,
    0xEE, 0xD6, 0x33, 0x74, 0x56, 0x83, 0xA5, 0x80, 0xAB, 0x1B, 0x15, 0xE4, 0x54, 0x68, 0x53, 0x68,
    0x25, 0xEA, 0x7D, 0xF8, 0x25, 0x84, 0x86, 0xEC, 0x52, 0xB6, 0x9A, 0xFD, 0xD2, 0xE6, 0x82, 0x20,
    0x71, 0x21, 0x55, 0xF3, 0xFD, 0xA6, 0x01, 0xB3, 0x1B, 0xE5, 0x98, 0x3C, 0x74, 0x86, 0xCC, 0xA4,
    0xC7, 0x1E, 0xD0, 0x5D, 0x97, 0xA7, 0x99, 0x7D, 0xFD, 0x11, 0xD9, 0x2B, 0xB8, 0x8E, 0x3F, 0xA7,
    0x75, 0x70, 0x3B, 0xC4, 0xFE, 0x68, 0xB3, 0x7F, 0x63, 0x3B, 0x38, 0x12, 0x58, 0x52, 0xD3, 0xC8,
    0x56, 0x4D, 0x10, 0x3B, 0x7C, 0x57, 0xD9, 0x0D, 0xE8, 0x1C, 0x2B, 0x52, 0x1E, 0x80, 0x4B, 0xF3,
    0x43, 0x1F, 0xCC, 0xDE, 0x4A, 0x98, 0x59, 0xC6, 0xCC, 0x72, 0x1E, 0x30, 0x85, 0x60, 0x46, 0x79,
    0xEB, 0x66, 0x11, 0xB3, 0xF3, 0xF0, 0xC0, 0x71, 0x17, 0xEF, 0xAB, 0x71, 0x01, 0xD5, 0x6B, 0x80,
    0x2B, 0x2D, 0x75, 0x80, 0x33, 0xBB, 0x65, 0x3F, 0x4E, 0x61, 0x14, 0x31, 0xEA, 0x49, 0x1E, 0xF8,
    0xA4, 0x58, 0x9C, 0x36, 0xC5, 0xD1, 0x72, 0x6A, 0x6A, 0x82, 0xA3, 0xC0, 0x6E, 0xB3, 0x43, 0x3D,
    0x38, 0xD9, 0x2E, 0xC1, 0xA5, 0xD8, 0x87, 0x52, 0xDE, 0xBA, 0xE0, 0x37, 0xED, 0xA9, 0x20, 0x44,
    0x69, 0x98, 0xBB, 0xFC, 0xD8, 0x94, 0xBB, 0xC0, 0x64, 0x80, 0x33, 0xAE, 0xCD, 0x98, 0xEC, 0x7F,
    0xB0, 0xE1, 0x87, 0x25, 0xDA, 0xE6, 0x10, 0xE9, 0x88, 0xB4, 0x56, 0x6B, 0x4C, 0x34, 0x1A, 0x8D,
    0x30, 0x9C, 0x68, 0xA4, 0xAE, 0x17, 0x5B, 0xC5, 0x07, 0xEC, 0x83, 0x0F, 0x80, 0x1B, 0xBE, 0xF7,
    0x1D, 0x95, 0x13, 0x12, 0xF6, 0xF8, 0xCA, 0x71, 0xD7, 0xC2, 0x1A, 0xC3, 0x0C, 0x4C, 0x78, 0x26,
    0x93, 0xD0, 0xC6, 0xB8, 0x72, 0x5C, 0x1E, 0x52, 0x35, 0x36, 0xCF, 0xAD, 0x1E, 0x52, 0xF5, 0xE6,
    0x54, 0x66, 0x39, 0xA4, 0x9A, 0x57, 0x69, 0x6C, 0xAC, 0x4A, 0xDD, 0x23, 0xA8, 0xBA, 0xDF, 0x43,
    0xD0, 0x7C, 0x8F, 0x27, 0x12, 0x4B, 0x29, 0x3E, 0x8E, 0x03, 0xF2, 0x75, 0x1B, 0x7C, 0x29, 0x71,
    0x7F, 0x94, 0x3F, 0x96, 0xA9, 0x29, 0x82, 0xA2, 0x07, 0x07, 0x18, 0x07, 0xE8, 0x8C, 0x4D, 0xB4,
    0x33, 0x15, 0xBC, 0xAF, 0xC6, 0x5E, 0x51, 0x1D, 0x46, 0xCF, 0x63, 0xAF, 0xA0, 0x1C, 0x7B, 0xE1,
    0x20, 0xFA, 0xE0, 0x68, 0x5A, 0xF6, 0xA6, 0x41, 0x6D, 0x23, 0xB6, 0xF5, 0xD8, 0xA6, 0x58, 0xEC,
    0x8B, 0xC4, 0x71, 0x1F, 0xF5, 0xA4, 0xF5, 0x3A, 0x99, 0x29, 0x9B, 0x20, 0xA2, 0x89, 0x55, 0xBE,
    0x8A, 0x21, 0xFB, 0x45, 0xCA, 0x7D, 0x18, 0xE0, 0x56, 0x9F, 0xBA, 0xE5, 0x3F, 0x02, 0x83, 0xD6,
    0xCA, 0x5D, 0x0C, 0xF4, 0xE2, 0x44, 0x4A, 0x67, 0x11, 0xC3, 0x20, 0x59, 0x72, 0xBE, 0x56, 0x96,
    0xED, 0x1C, 0x6C, 0xB8, 0x63, 0xFA, 0x19, 0xFC, 0xFB, 0x22, 0x82, 0x06, 0xE0, 0xB8, 0xE8, 0x0D,
    0xD2, 0xF8, 0xB5, 0x1E, 0xB3, 0x12, 0x88, 0xC2, 0x4F, 0xA6, 0x9C, 0xD0, 0xD2, 0x84, 0x6E, 0x05,
    0xD4, 0x52, 0x89, 0xAC, 0x5D, 0xF5, 0x6F, 0x27, 0xB8, 0x7F, 0xAB, 0x70, 0xC3, 0x1F, 0xC6, 0x54,
    0x35, 0xBD, 0xBC, 0xE2, 0x5A, 0x11, 0xD4, 0xB3, 0x7A, 0x48, 0xDF, 0x4F, 0xEB, 0x6A, 0x6E, 0xCD,
    0xD5, 0x30, 0x0F, 0xA9, 0xA4, 0x42, 0x8F, 0x6A, 0x50, 0x05, 0xA5, 0x59, 0x11, 0xDB, 0x66, 0xC4,
    0x6F, 0xAA, 0x70, 0x83, 0xA0, 0x5D, 0x94, 0x28, 0x46, 0xF6, 0xA0, 0x4C, 0xBD, 0x02, 0xE1, 0x8A,
    0xE6, 0xA9, 0xE0, 0xC5, 0x6B, 0x53, 0xFE, 0xCB, 0xEF, 0xDA, 0x5C, 0x4D, 0x43, 0x8C, 0xAE, 0x8A,
    0x6F, 0x62, 0x71, 0x85, 0xC4, 0x2F, 0x67, 0x7C, 0x33, 0xF3, 0xAA, 0x39, 0x1E, 0x87, 0xEA, 0x17,
    0x7C, 0xCE, 0x98, 0x4A, 0xB6, 0x1F, 0x15, 0x01, 0xBC, 0x4A, 0x55, 0x1A, 0x1E, 0xCE, 0xE1, 0x21,
    0xD5, 0x7A, 0xD0, 0x9A, 0x83, 0xAA, 0x61, 0xE3, 0xCB, 0xF7, 0x02, 0x05, 0x67, 0x2A, 0xC6, 0x75,
    0xAA, 0x80, 0x65, 0xEB, 0xA8, 0xB4, 0xF7, 0x2B, 0xBC, 0x04, 0xC6, 0xAF, 0xC6, 0xE2, 0xBB, 0xA5,
    0x06, 0xFF, 0x0D, 0x00, 0x5D, 0x4D, 0xD5, 0xC6, 0x69, 0x58, 0xAA, 0xED, 0x77, 0x4C, 0x0E, 0x37,
    0x80, 0xEB, 0x36, 0xD4, 0x38, 0x3B, 0x50, 0xAE, 0xE3, 0x66, 0x3A, 0x2A, 0x1C, 0xFA, 0x0B, 0x3C,
    0x7F, 0xB9, 0x6A, 0x72, 0xD8, 0xEF, 0x66, 0x7F, 0x15, 0xF0, 0x26, 0xB2, 0xAE, 0x04, 0x74, 0x61,
    0x75, 0x37, 0x5B, 0xCD, 0x69, 0x07, 0x61, 0xCD, 0xCD, 0x9F, 0x02, 0x31, 0xB6, 0x11, 0x3D, 0x44,
    0x60, 0xF0, 0x93, 0x94, 0x23, 0x4D, 0x8B, 0x47, 0x9A, 0x37, 0x8B, 0x2A, 0xDC, 0xB3, 0x9D, 0x2D,
    0x92, 0x78, 0x3B, 0x16, 0x97, 0xA5, 0xBD, 0x94, 0xF0, 0x28, 0xA2, 0x6A, 0xF1, 0x45, 0x0D, 0xEB,
    0xCD, 0xB0, 0x1C, 0x66, 0x70, 0xB1, 0x84, 0x1A, 0x8B, 0x6C, 0x44, 0x90, 0x9A, 0x2E, 0x77, 0xE4,
    0x46, 0x32, 0x9D, 0x81, 0x4E, 0x07, 0xC5, 0xE2, 0x72, 0xDF, 0xAA, 0x81, 0x66, 0x7D, 0xEA, 0x7C,
    0x01, 0xB6, 0x93, 0xF7, 0x70, 0xAE, 0x9D, 0xD1, 0x91, 0xC6, 0xB4, 0x6C, 0x7C, 0x5D, 0xA6, 0x4E,
    0x11, 0x97, 0x25, 0x81, 0x9E, 0xD6, 0xA9, 0x1D, 0xAF, 0x97, 0x30, 0x8B, 0x90, 0x73, 0xAC, 0x51,
    0x81, 0xBA, 0xFB, 0x33, 0xD9, 0xA3, 0x02, 0xFB, 0x68, 0x59, 0xEF, 0x29, 0x19, 0xDD, 0xDD, 0x52,
    0xED, 0x86, 0x06, 0x50, 0xEE, 0xBF, 0x27, 0x42, 0x96, 0x4A, 0xE2, 0xE2, 0x27, 0xCA, 0x33, 0xE6,
    0xE8, 0x71, 0xBF, 0xB5, 0x51, 0x7E, 0x9D, 0xE6, 0x08, 0x74, 0x93, 0x33, 0xD4, 0x73, 0xEB, 0x1F,
    0xB3, 0xAD, 0x09, 0x57, 0x90, 0xA7, 0x96, 0xEF, 0x44, 0x8A, 0x0E, 0xEE, 0x38, 0x88, 0x14, 0xD3,
    0x55, 0x48, 0x71, 0x10, 0xB2, 0x9C, 0xE5, 0x1E, 0x20, 0xDB, 0x81, 0x42, 0xD7, 0xF0, 0xC0, 0xBB,
    0x90, 0xA2, 0x83, 0x63, 0x0D, 0xE3, 0x92, 0x5B, 0x80, 0xD6, 0x37, 0x03, 0xC9, 0x6C, 0x03, 0xE1,
    0x71, 0x78, 0xFD, 0x18, 0xA2, 0xF3, 0x1C, 0xB0, 0x1D, 0xC0, 0x85, 0x0E, 0x60, 0xF3, 0x33, 0x48,
    0x7B, 0x41, 0x55, 0xB8, 0xAC, 0x37, 0xAB, 0xAA, 0x71, 0xB6, 0x29, 0xF5, 0x41, 0x75, 0x63, 0x29,
    0x7D, 0x5F, 0x8D, 0xE4, 0x96, 0xA4, 0x3E, 0x99, 0x18, 0x46, 0xFC, 0xBF, 0xC6, 0xFB, 0x39, 0x07,
    0xB5, 0x9D, 0xCA, 0xBB, 0x64, 0xFF, 0xA5, 0xC1, 0x47, 0x07, 0x04, 0x36, 0x67, 0x64, 0x85, 0xB1,
    0x3C, 0x76, 0x79, 0x2E, 0xEC, 0xB9, 0x39, 0xA2, 0xF7, 0x9B, 0xE2, 0x6B, 0xA2, 0x82, 0x0A, 0x1E,
    0x03, 0x2D, 0xEE, 0x72, 0x07, 0xA6, 0x68, 0xBF, 0x07, 0x2E, 0x59, 0xB3, 0xF8, 0xBA, 0x2F, 0x2E,
    0xD9, 0x59, 0x05, 0xCE, 0x52, 0x0A, 0x8F, 0x1C, 0xA8, 0xE6, 0x2B, 0x76, 0xFD, 0x97, 0x2F, 0xD7,
    0x08, 0x54, 0x11, 0xE7, 0x7B, 0xC9, 0x0B, 0x11, 0x1E, 0x35, 0xBF, 0xFF, 0xC2, 0x8C, 0x44, 0x14,
    0xEF, 0xBD, 0x30, 0xB3, 0xEF, 0x0A, 0xD1, 0x85, 0xE3, 0x2D, 0xD2, 0x2E, 0xFC, 0xAD, 0x4B, 0xFA,
    0xC9, 0xD7, 0x6B, 0xFC, 0xC2, 0x4C, 0x83, 0x0C, 0xB3, 0xFB, 0xC2, 0x8C, 0xC5, 0x02, 0x6E, 0x2D,
    0x4D, 0x29, 0xA3, 0x52, 0x8D, 0x76, 0x56, 0x78, 0x59, 0xD5, 0x6E, 0xAB, 0x86, 0xAC, 0xC4, 0x43,
    0xD6, 0x9C, 0xDA, 0x88, 0x8C, 0x6F, 0x6F, 0x4E, 0xB5, 0x53, 0x9F, 0x4E, 0x8D, 0xA9, 0x77, 0xA5,
    0x29, 0xCE, 0xC9, 0xDF, 0x59, 0x93, 0x57, 0xB3, 0x61, 0x55, 0xE8, 0xC2, 0x90, 0xB9, 0xBB, 0xAF,
    0x04, 0x36, 0xFB, 0x28, 0xBE, 0xBB, 0x17, 0xAE, 0x5E, 0x43, 0xB9, 0xF0, 0x54, 0x75, 0x07, 0x46,
    0x47, 0x0C, 0xB6, 0x86, 0xF1, 0x6C, 0x06, 0x85, 0x9D, 0x78, 0xEA, 0xB0, 0xCE, 0xA4, 0x09, 0x95,
    0xAD, 0x10, 0x83, 0x0A, 0x0B, 0xB9, 0x6A, 0x3B, 0x64, 0xD9, 0x3E, 0x56, 0x44, 0xA5, 0xEB, 0xC3,
    0xEF, 0x4B, 0xA7, 0xD7, 0x0B, 0x69, 0x2D, 0xB1, 0xB4, 0x5C, 0x35, 0xCE, 0x87, 0x51, 0x34, 0x51,
    0x3F, 0xBD, 0x14, 0xD9, 0xE7, 0x95, 0x3A, 0xCD, 0xE7, 0xB1, 0xFC, 0x14, 0xA0, 0xAC, 0xB6, 0x2E,
    0x66, 0xDA, 0x1B, 0x91, 0x7E, 0x29, 0x22, 0xDF, 0x7F, 0x30, 0xA7, 0xF2, 0x8B, 0xFB, 0xC9, 0xF4,
    0x52, 0x84, 0xEB, 0x5D, 0x00, 0x0C, 0x30, 0xA6, 0x20, 0xE5, 0x61, 0x7E, 0xE7, 0x72, 0x14, 0x35,
    0x2F, 0x8D, 0xB1, 0x63, 0x33, 0x92, 0xD4, 0xD9, 0xD2, 0x4D, 0x6A, 0x6A, 0xD1, 0x76, 0x0A, 0x8D,
    0xA0, 0x7D, 0x82, 0x0B, 0x49, 0x35, 0x31, 0x78, 0x35, 0xB5, 0x16, 0xD3, 0xD0, 0xD6, 0xE5, 0xBC,
    0x0B, 0x18, 0x58, 0x83, 0xEF, 0x37, 0x21, 0x3A, 0x30, 0x22, 0xF7, 0x45, 0x39, 0x67, 0x2F, 0x0E,
    0xBC, 0x80, 0x14, 0x23, 0xA5, 0x5E, 0xC7, 0x8F, 0x5F, 0x1E, 0x2C, 0x46, 0xCD, 0xD5, 0xC5, 0xA8,
    0x6A, 0xC9, 0x0F, 0x96, 0xB7, 0xA3, 0xB0, 0xA5, 0xDE, 0x5B, 0x6E, 0x5B, 0x86, 0x48, 0xFC, 0x15,
    0x6D, 0x9C, 0xED, 0x42, 0xB8, 0x93, 0x91, 0xCD, 0x8D, 0x57, 0x1F, 0x18, 0x6C, 0x10, 0xC2, 0x95,
    0x89, 0x40, 0x2F, 0x12, 0x6B, 0x7F, 0xB6, 0x81, 0x75, 0xDC, 0xE4, 0xEF, 0x3F, 0x58, 0x30, 0x6F,
    0xE5, 0xB6, 0x9F, 0xD7, 0xB4, 0xB4, 0x09, 0x99, 0x58, 0x41, 0xF5, 0xBE, 0x03, 0xCA, 0xB8, 0x0E,
    0x0A, 0x53, 0x7E, 0x8F, 0x8C, 0x6C, 0x4E, 0x84, 0xAE, 0xF0, 0x1B, 0x36, 0x35, 0x26, 0xA8, 0xEA,
    0xC8, 0x4D, 0x4F, 0xD3, 0xFC, 0x19, 0x1A, 0x19, 0x79, 0x78, 0x9A, 0xC6, 0x09, 0xDF, 0x3C, 0x19,
    0xB0, 0x0A, 0x1F, 0x48, 0x9C, 0xB6, 0x2A, 0x4B, 0x16, 0xDB, 0x55, 0xCF, 0x6A, 0xC3, 0xE3, 0x4F,
    0x0B, 0xA7, 0xB9, 0xD0, 0x4D, 0x19, 0xDC, 0x8C, 0x1C, 0x5C, 0x77, 0x46, 0x18, 0x9F, 0xA6, 0x23,
    0x4A, 0x04, 0x0F, 0xFD, 0x6E, 0xA0, 0x79, 0x80, 0xAC, 0x29, 0x65, 0xC5, 0x0F, 0xF1, 0xD2, 0x86,
    0x51, 0x64, 0xE6, 0x87, 0x72, 0xD8, 0x08, 0x36, 0x6C, 0x51, 0x8D, 0xDD, 0x8E, 0x9A, 0x02, 0x1A,
    0x28, 0xBD, 0x13, 0x7E, 0x39, 0x47, 0x04, 0xCE, 0x4A, 0x6F, 0x65, 0x6A, 0x7E, 0x98, 0x60, 0x25,
    0x95, 0x2B, 0x7B, 0xEF, 0xA4, 0x28, 0xE8, 0x31, 0x6D, 0x45, 0x47, 0x6C, 0xAE, 0x2F, 0x95, 0x08,
    0x7F, 0xC4, 0x26, 0xFA, 0xA3, 0xC7, 0xF1, 0x5A, 0xE1, 0x57, 0x66, 0xE9, 0x2B, 0xC1, 0x7D, 0x1B,
    0x59, 0x8A, 0xA5, 0xA1, 0x14, 0x74, 0x9E, 0x01, 0xA1, 0xF6, 0x38, 0xD8, 0x42, 0x75, 0x52, 0xD2,
    0x88, 0xFF, 0x60, 0xCE, 0x7B, 0xA1, 0x9F, 0xF9, 0x52, 0x3F, 0xAA, 0x1A, 0xEA, 0x8E, 0x31, 0xC8,
    0x0B, 0x19, 0xEF, 0xB9, 0xF7, 0x18, 0x63, 0x5C, 0x8C, 0xB5, 0x77, 0x63, 0x0E, 0x14, 0x03, 0xF3,
    0x0C, 0xD7, 0x90, 0x35, 0x23, 0x69, 0x1A, 0xAB, 0xE7, 0x19, 0x77, 0xD1, 0x6C, 0xF3, 0x1B, 0x5E,
    0x33, 0x0F, 0x18, 0x8D, 0x18, 0xD2, 0xFB, 0xF1, 0x5D, 0xA4, 0xD6, 0x3E, 0xE7, 0x9A, 0x34, 0xEF,
    0x75, 0xCE, 0x7B, 0x13, 0x9F, 0xAE, 0x57, 0x7E, 0xFA, 0xD0, 0x2F, 0x75, 0x59, 0x16, 0x09, 0x18,
    0xE9, 0xD0, 0x43, 0xBC, 0xD8, 0xF0, 0xDC, 0x6C, 0xF9, 0xAC, 0xF7, 0x7D, 0xC4, 0x8D, 0xA8, 0x65,
    0x37, 0xFE, 0xA0, 0xB4, 0x89, 0x0C, 0x6A, 0xE6, 0x37, 0x54, 0x79, 0x7E, 0x57, 0x43, 0x36, 0x73,
    0xB9, 0x77, 0x85, 0xF4, 0x64, 0x03, 0x67, 0xF1, 0xAC, 0x92, 0xFD, 0x99, 0x93, 0xDC, 0xAE, 0x32,
    0xFC, 0xB7, 0xBB, 0x21, 0x74, 0x1A, 0xAE, 0x7C, 0x06, 0xC4, 0x47, 0x46, 0xD6, 0x7F, 0x8E, 0x67,
    0xC0, 0x87, 0x47, 0x07, 0x55, 0xA8, 0x59, 0xF7, 0x59, 0x54, 0xD0, 0xDA, 0x8D, 0xDF, 0xC3, 0x09,
    0x9F, 0x0D, 0x7E, 0xAF, 0xF7, 0xCA, 0x49, 0x7B, 0x0F, 0x0B, 0x11, 0xD6, 0x9E, 0xD8, 0xF6, 0x78,
    0xE5, 0xF3, 0x88, 0xEF, 0x53, 0xAA, 0xDC, 0x19, 0x97, 0xB9, 0xF3, 0xC1, 0x2F, 0xFB, 0xDC, 0xB3,
    0x97, 0xBA, 0x56, 0xD7, 0x37, 0xAF, 0x86, 0x5E, 0xE3, 0xD5, 0xF3, 0x6C, 0x35, 0xA4, 0x91, 0x86,
    0x9C, 0x33, 0x92, 0x83, 0x65, 0x4B, 0xDB, 0x2A, 0x7B, 0xC1, 0x81, 0x7A, 0xDF, 0x74, 0x8E, 0x45,
    0xC5, 0xFD, 0x3C, 0xBF, 0xBA, 0x98, 0xBA, 0x59, 0xF7, 0x6A, 0xBF, 0xDF, 0xBB, 0x91, 0x5B, 0x9F,
    0x81, 0x2C, 0xF7, 0xF4, 0x6C, 0xE0, 0x11, 0x5E, 0x0F, 0x7A, 0xF4, 0x9E, 0xF4, 0xB6, 0xF2, 0xC6,
    0x6A, 0xCA, 0xEA, 0xDF, 0xB7, 0x47, 0xCD, 0xEF, 0x7C, 0xA9, 0xD1, 0xAD, 0xA7, 0xA6, 0x56, 0xEB,
    0x68, 0x20, 0x04, 0x25, 0xFE, 0x65, 0x90, 0xE8, 0x51, 0x45, 0xE4, 0xBE, 0x0D, 0x84, 0x31, 0x6E,
    0x0A, 0xE1, 0xA8, 0xDA, 0x9A, 0xDC, 0x34, 0x4E, 0xB4, 0xF6, 0x5A, 0xED, 0x8A, 0x3E, 0xF5, 0xA1,
    0xE2, 0xE0, 0x50, 0xFB, 0xE0, 0x20, 0xF5, 0xFF, 0x03, 0xAD, 0x58, 0x4D, 0x68, 0x1C, 0x65, 0x18,
    0x7E, 0x66, 0xA7, 0x66, 0x9A, 0x4E, 0xB6, 0x5F, 0x50, 0xC4, 0x50, 0xD6, 0x4C, 0xC4, 0x14, 0x62,
    0x48, 0x9A, 0x1C, 0x22, 0x14, 0x6C, 0x66, 0x3E, 0x7F, 0x90, 0xE2, 0x29, 0x68, 0x8F, 0x15, 0x73,
    0xF0, 0x20, 0x5E, 0xDC, 0x83, 0x60, 0xA0, 0xBB, 0xCD, 0x67, 0x0A, 0x7A, 0xE8, 0x25, 0x78, 0xF4,
    0xB4, 0x82, 0x47, 0x0F, 0x1E, 0x0A, 0x2D, 0x34, 0x98, 0x4F, 0x7A, 0xF0, 0x3A, 0x14, 0xF1, 0x28,
    0x7B, 0x10, 0x3C, 0x15, 0xE7, 0xB0, 0xE2, 0x82, 0x9B, 0xAC, 0xCF, 0x3B, 0xB3, 0xC9, 0xA6, 0x88,
    0xEC, 0xFC, 0x38, 0xF0, 0xC1, 0x64, 0xF6, 0x9B, 0x79, 0x9E, 0xF7, 0x7D, 0x9F, 0xF7, 0xE7, 0x0B,
    0xC0, 0xCB, 0xE9, 0x01, 0x6E, 0x1F, 0xB8, 0xC0, 0x35, 0x73, 0x00, 0x2C, 0x71, 0x35, 0x5B, 0x40,
    0xB7, 0x0D, 0x67, 0x78, 0x04, 0x57, 0x87, 0xF0, 0x11, 0x62, 0x1E, 0x11, 0x0E, 0xF7, 0x86, 0x56,
    0x5E, 0x01, 0xB7, 0x60, 0xC0, 0x35, 0x9B, 0xFE, 0x55, 0x1B, 0x26, 0xFE, 0xA3, 0x24, 0x70, 0xBB,
    0xA1, 0x1B, 0x6F, 0x7A, 0xB6, 0xED, 0xDB, 0xB6, 0xB2, 0xE1, 0x2D, 0x1B, 0xFC, 0xD4, 0x93, 0x5F,
    0x13, 0xB8, 0x09, 0xA0, 0x79, 0xFB, 0x80, 0xEB, 0x7D, 0xAE, 0x15, 0xAE, 0xED, 0xF4, 0xD5, 0x32,
    0xE8, 0x6B, 0x1A, 0xCF, 0x19, 0x3E, 0xC5, 0xCC, 0x64, 0xF0, 0x0C, 0xE8, 0x46, 0x0C, 0xE7, 0x09,
    0x30, 0xE5, 0x95, 0xC4, 0x6C, 0x60, 0x79, 0x1D, 0x0F, 0x8D, 0x63, 0xCC, 0x64, 0xC0, 0x39, 0xAE,
    0xFA, 0x0D, 0x6E, 0x2B, 0x0F, 0xC8, 0xB7, 0x6A, 0x1F, 0x03, 0x0F, 0x75, 0x2E, 0xC0, 0xD4, 0xB5,
    0x4E, 0x87, 0x56, 0xEE, 0x57, 0xB3, 0x72, 0x01, 0xB8, 0x59, 0xC0, 0xD0, 0xDA, 0x9F, 0x06, 0xEE,
    0x27, 0xBC, 0xA1, 0xB1, 0x95, 0x70, 0x81, 0x1F, 0x3A, 0xF8, 0xD2, 0x60, 0xB9, 0x80, 0xC9, 0x99,
    0xFE, 0xDC, 0x5F, 0x09, 0x5B, 0x2B, 0x0D, 0x8B, 0x4D, 0xAE, 0xF6, 0xA9, 0x8C, 0xF9, 0x0B, 0xEE,
    0xE7, 0xB2, 0xFD, 0x8C, 0xA4, 0xE5, 0xAA, 0x13, 0xFD, 0x32, 0xD1, 0xBF, 0xE6, 0x7D, 0xBF, 0x24,
    0x1B, 0xCD, 0x67, 0x78, 0x4B, 0xD3, 0xF9, 0x78, 0x05, 0x39, 0x3D, 0xD0, 0x25, 0xCE, 0x4B, 0xD5,
    0x70, 0x69, 0xF9, 0x12, 0x8A, 0xE0, 0x72, 0xB7, 0xE4, 0x5D, 0x55, 0x5C, 0x66, 0xAF, 0x0B, 0x5C,
    0xCF, 0x8F, 0x4B, 0xB1, 0xD5, 0x3E, 0x20, 0x8E, 0x53, 0xD1, 0xCF, 0xC0, 0xED, 0x0E, 0xBE, 0x32,
    0xD0, 0xB9, 0xA1, 0x5D, 0x12, 0xAD, 0x1D, 0xF3, 0xE6, 0xDB, 0xF2, 0x42, 0x6B, 0x9D, 0xA9, 0x97,
    0xB1, 0xC5, 0x61, 0x2E, 0x64, 0x37, 0x86, 0xDB, 0x85, 0x93, 0xA9, 0xCC, 0x1D, 0x0E, 0x35, 0x0E,
    0x98, 0x62, 0x03, 0x2F, 0x33, 0x9E, 0x3B, 0x9C, 0x61, 0x22, 0x52, 0x4C, 0xB5, 0xC8, 0x9D, 0xF0,
    0xE2, 0x06, 0x7C, 0x7B, 0x15, 0xBB, 0xC3, 0x91, 0x46, 0x92, 0x8C, 0x2D, 0xB6, 0xB8, 0xCE, 0x71,
    0xBB, 0xF1, 0xEF, 0xDA, 0xC0, 0xB7, 0x61, 0xA0, 0xA3, 0xBE, 0x08, 0x9F, 0xFA, 0x8F, 0x2E, 0xC0,
    0x17, 0x66, 0x50, 0x1A, 0x81, 0xC6, 0x33, 0xC2, 0x4A, 0x74, 0xF5, 0x29, 0x6F, 0xBE, 0xE7, 0xBD,
    0x29, 0x8D, 0x7E, 0x9B, 0x8F, 0x40, 0x37, 0x60, 0x71, 0x32, 0x38, 0xFC, 0x2F, 0x58, 0xD7, 0x8F,
    0xE8, 0xA0, 0x0F, 0xCB, 0xE1, 0xF5, 0xF6, 0xDD, 0x43, 0xEB, 0x4C, 0xE5, 0x40, 0x02, 0x0C, 0x9C,
    0xF7, 0x34, 0x3C, 0x36, 0xA3, 0x46, 0xA3, 0xA4, 0x75, 0x73, 0x58, 0x6E, 0xB2, 0x58, 0xD5, 0x3E,
    0x37, 0x93, 0x01, 0xA5, 0xD1, 0xBD, 0xCA, 0x08, 0xF8, 0xF7, 0x4A, 0x03, 0xD2, 0x2E, 0x97, 0x0D,
    0xE1, 0xEF, 0x7C, 0x80, 0x60, 0x8E, 0x60, 0xCA, 0xC2, 0x79, 0x97, 0x56, 0xDE, 0xAB, 0x60, 0x25,
    0x99, 0x7F, 0x84, 0xE5, 0xED, 0xBC, 0x86, 0x7A, 0xBF, 0xB0, 0x14, 0x52, 0xE9, 0x0E, 0x8D, 0xAD,
    0x84, 0x0B, 0x1C, 0xED, 0x9F, 0x36, 0x84, 0x7C, 0x26, 0x8B, 0xD5, 0xFC, 0xB6, 0xF7, 0x1D, 0x30,
    0x3D, 0xFD, 0xFF, 0x24, 0x4C, 0xD6, 0x10, 0xFE, 0x32, 0x79, 0x08, 0x8C, 0x93, 0xE7, 0x0A, 0xF0,
    0xB2, 0x96, 0xF2, 0xD6, 0xC8, 0x48, 0x18, 0x99, 0x95, 0x06, 0x29, 0x83, 0x1E, 0x9C, 0x64, 0xD4,
    0x3A, 0x08, 0xEE, 0xC5, 0xF0, 0x63, 0xEC, 0x0A, 0x33, 0x3E, 0x68, 0x3A, 0xDD, 0x1A, 0x13, 0x3D,
    0xB2, 0xCA, 0x2A, 0xA3, 0x74, 0x80, 0x35, 0x82, 0x47, 0xB3, 0x81, 0x45, 0xFE, 0xCF, 0x40, 0xE1,
    0x84, 0x05, 0x6B, 0x87, 0x17, 0x3B, 0xFF, 0xF1, 0xC1, 0x16, 0x3F, 0xC4, 0x42, 0xC4, 0x7D, 0x87,
    0x3D, 0x2F, 0x6E, 0x29, 0x1D, 0xF2, 0x97, 0x36, 0xA2, 0x03, 0x44, 0x03, 0x84, 0x03, 0xB4, 0x07,
    0x18, 0x1C, 0x38, 0x49, 0xE8, 0xC5, 0xFE, 0x31, 0xB2, 0x7A, 0x30, 0xAA, 0x43, 0xE7, 0x58, 0xB1,
    0x8C, 0x7F, 0x27, 0x4E, 0x2B, 0x56, 0xB2, 0xE9, 0x76, 0xDB, 0xAC, 0x5B, 0xE2, 0x12, 0xA8, 0x94,
    0x80, 0xC7, 0xC2, 0x6E, 0x53, 0xF9, 0x79, 0x06, 0xE7, 0xF9, 0x4E, 0x2C, 0x55, 0x3E, 0x37, 0xD0,
    0x53, 0xC3, 0x5D, 0x63, 0x32, 0x1C, 0xA9, 0x69, 0x38, 0xEF, 0x00, 0x17, 0x19, 0xCB, 0x8D, 0x8D,
    0x14, 0x89, 0x50, 0xF4, 0x49, 0x8B, 0x11, 0x09, 0xC5, 0x60, 0x06, 0x2A, 0xA2, 0xEB, 0x22, 0x9A,
    0x1C, 0x72, 0xB5, 0xB9, 0x06, 0x20, 0x26, 0x42, 0x71, 0xDC, 0x29, 0x6A, 0x1D, 0x97, 0x36, 0x70,
    0x2B, 0xED, 0xFD, 0x13, 0x41, 0x59, 0x11, 0xBF, 0xD1, 0x98, 0xEF, 0x0A, 0x62, 0x6E, 0xD3, 0xE8,
    0x06, 0x87, 0x6D, 0x2B, 0x27, 0x04, 0x77, 0x00, 0x2F, 0x20, 0xB3, 0xED, 0xB7, 0x8A, 0xB6, 0x2D,
    0xCA, 0x58, 0x97, 0xDF, 0xBC, 0xE0, 0x26, 0x2E, 0xF7, 0x24, 0xDA, 0x17, 0x8B, 0x59, 0x98, 0x96,
    0xFC, 0x26, 0xF6, 0x2C, 0x2E, 0xE5, 0xB7, 0x13, 0x22, 0xDE, 0xD5, 0x04, 0xDB, 0x0B, 0x65, 0xE4,
    0x98, 0xC9, 0xE5, 0xBE, 0xCD, 0x83, 0x35, 0x96, 0x66, 0x7A, 0xF5, 0xD3, 0xF6, 0x2A, 0x85, 0x95,
    0xC0, 0x3B, 0x44, 0x6E, 0x11, 0x7A, 0x43, 0xE9, 0x28, 0xCE, 0xEF, 0xD8, 0x6C, 0x10, 0x84, 0x4F,
    0x41, 0x9C, 0x97, 0xCE, 0xA3, 0x48, 0xE1, 0x2E, 0xFC, 0x3B, 0x4F, 0x10, 0x30, 0x37, 0xC9, 0x02,
    0xA4, 0x01, 0xF2, 0x00, 0x89, 0x80, 0x4C, 0xCE, 0x98, 0x3D, 0x9A, 0x09, 0xE6, 0x51, 0x9D, 0x43,
    0x6F, 0xF4, 0xAD, 0xA2, 0x1C, 0x3C, 0xE1, 0x2D, 0xAD, 0x3E, 0x4E, 0xE5, 0x59, 0x89, 0x03, 0xC3,
    0x20, 0x69, 0x2B, 0x79, 0x8B, 0x46, 0x41, 0x1E, 0x57, 0xE6, 0x52, 0x61, 0xE3, 0xF5, 0xFD, 0xF2,
    0x1C, 0x1E, 0x6C, 0xB3, 0x40, 0xF3, 0x90, 0x37, 0xF5, 0x76, 0xF1, 0x38, 0x94, 0xC4, 0xE4, 0x9F,
    0x69, 0xF8, 0xB3, 0x53, 0x40, 0x31, 0x9B, 0x45, 0x7A, 0xD2, 0x7F, 0x46, 0x22, 0x46, 0xD4, 0xDF,
    0x65, 0x9D, 0xAE, 0x43, 0x99, 0x06, 0x93, 0x7B, 0x05, 0x01, 0xC7, 0xEC, 0x35, 0x6C, 0x90, 0xC1,
    0x3A, 0x19, 0x34, 0xC9, 0xA0, 0xC3, 0x15, 0x23, 0x72, 0x0D, 0xD4, 0x08, 0xDF, 0xB5, 0xD2, 0xBF,
    0x70, 0x22, 0xE9, 0xC8, 0xF6, 0xD4, 0x8F, 0x89, 0xDA, 0x4B, 0xD4, 0x9B, 0x32, 0x50, 0xAE, 0x79,
    0x71, 0xA4, 0x6C, 0xF4, 0xD9, 0xCF, 0xC1, 0xA3, 0x7E, 0xD6, 0xD8, 0xA4, 0xAF, 0xE9, 0x91, 0x5A,
    0x09, 0x5D, 0xB3, 0xE9, 0x78, 0x56, 0x16, 0x3D, 0xAD, 0x14, 0x06, 0xCF, 0x5A, 0x78, 0x3A, 0x3B,
    0x87, 0x4F, 0x20, 0x70, 0x72, 0x64, 0x93, 0xE1, 0x32, 0x3B, 0xB1, 0xED, 0x44, 0xFD, 0x76, 0x4B,
    0xD9, 0x99, 0xAB, 0xCA, 0xBC, 0xD8, 0x51, 0x7A, 0x35, 0x37, 0x6E, 0xEA, 0x76, 0x51, 0xEF, 0x34,
    0xF6, 0x25, 0x0E, 0x44, 0x4E, 0x08, 0x1D, 0xAB, 0xBD, 0x63, 0x10, 0x9C, 0xDE, 0xEF, 0x82, 0xF0,
    0x20, 0x3E, 0x48, 0x00, 0x67, 0x19, 0xA4, 0x47, 0x3E, 0x95, 0x75, 0x8E, 0x4A, 0x1C, 0x24, 0xF2,
    0x3B, 0x92, 0x75, 0x05, 0x39, 0xFC, 0xDB, 0xFF, 0xE5, 0x39, 0x30, 0x00, 0x12, 0x01, 0x09, 0x01,
    0x63, 0x50, 0x8C, 0x47, 0x70, 0x1D, 0x78, 0x8D, 0xF1, 0x98, 0xED, 0x94, 0xE7, 0xD0, 0x5E, 0x00,
    0xFE, 0xA0, 0x23, 0xDE, 0x30, 0xC5, 0xE3, 0x50, 0x12, 0xF3, 0xE9, 0xAC, 0x2B, 0x68, 0x73, 0x6F,
    0x74, 0x6E, 0xDC, 0x1A, 0x37, 0x01, 0x5C, 0x83, 0xE8, 0x28, 0xBD, 0x76, 0x93, 0xA1, 0x0E, 0xCC,
    0x35, 0x28, 0xDB, 0x64, 0xAF, 0x88, 0xE1, 0x3D, 0x36, 0x70, 0x7F, 0x67, 0xA6, 0x89, 0x6C, 0x7B,
    0x18, 0x4F, 0x8E, 0x5C, 0xD1, 0xC9, 0xDC, 0xC9, 0xC9, 0x2F, 0x4D, 0x45, 0x8C, 0x0E, 0x4A, 0x7D,
    0x3E, 0x18, 0xF8, 0x1A, 0x2D, 0x06, 0x77, 0x93, 0xE5, 0x30, 0xAC, 0xB3, 0x3A, 0x72, 0x96, 0x09,
    0xD6, 0xB9, 0x97, 0xE9, 0xAA, 0x46, 0x55, 0x72, 0x25, 0x9B, 0x34, 0x0F, 0xCD, 0xD8, 0x21, 0x65,
    0xF0, 0x45, 0x4E, 0x34, 0xF3, 0xB4, 0xB1, 0xE5, 0xC6, 0x5F, 0x65, 0x8F, 0xEF, 0xF5, 0x89, 0xBF,
    0x35, 0xFE, 0xD0, 0xF3, 0xFC, 0x90, 0x6B, 0xAA, 0xF9, 0x43, 0xA6, 0x70, 0x47, 0xFE, 0xBF, 0x27,
    0x07, 0x48, 0x5B, 0xCD, 0x27, 0x9B, 0x8B, 0x27, 0xFA, 0x2A, 0xC7, 0xC7, 0x7D, 0xCC, 0x29, 0x66,
    0xC8, 0xCA, 0xBC, 0x54, 0x89, 0xC7, 0x3F, 0x85, 0x55, 0x41, 0x88, 0x1B, 0x55, 0x18, 0xFE, 0x32,
    0x93, 0xEE, 0xB8, 0x3B, 0x9B, 0x4C, 0x84, 0x2C, 0xD4, 0x9A, 0x74, 0xF6, 0x10, 0x25, 0xD4, 0x64,
    0xB3, 0x87, 0x54, 0x52, 0x98, 0x64, 0x5E, 0x4B, 0xC1, 0x43, 0x0F, 0xCD, 0xA1, 0xEB, 0x45, 0x85,
    0x3D, 0x54, 0xC4, 0x2A, 0x74, 0x0F, 0x83, 0x14, 0xCC, 0xBA, 0x43, 0x45, 0x3C, 0x54, 0xD0, 0x53,
    0xBD, 0x86, 0xE2, 0x29, 0x22, 0x84, 0xB2, 0x87, 0x3D, 0x8C, 0xCD, 0xA3, 0x1E, 0x0A, 0x82, 0x76,
    0xB4, 0x94, 0xA2, 0x85, 0x12, 0xF0, 0x50, 0x68, 0x2D, 0xE6, 0xB0, 0x87, 0x68, 0xD3, 0x8E, 0xDF,
    0x9B, 0x4C, 0x6B, 0xAA, 0x2D, 0xCE, 0x7B, 0xF3, 0x98, 0xFF, 0xBD, 0xF7, 0x7F, 0xFF, 0xFF, 0xFE,
    0xEF, 0x7F, 0xFF, 0xA0, 0x3D, 0xF3, 0xE0, 0x70, 0xD9, 0xE9, 0xE5, 0x1F, 0x3F, 0x48, 0xC3, 0xC0,
    0x3B, 0x38, 0x81, 0xF6, 0x53, 0x1A, 0xB8, 0x5A, 0xC7, 0xAB, 0x62, 0x8F, 0x48, 0x3D, 0xA5, 0x01,
    0xA7, 0xC4, 0x40, 0x2E, 0x25, 0xE3, 0x81, 0x9E, 0xCF, 0x4E, 0x15, 0x37, 0x1A, 0x22, 0x79, 0xDC,
    0x28, 0x8A, 0x46, 0xC0, 0x7F, 0xC5, 0x8D, 0xEE, 0xFF, 0x35, 0x10, 0x50, 0x2C, 0xAD, 0x89, 0x53,
    0x3D, 0xAC, 0xAD, 0x51, 0xC3, 0x10, 0x05, 0x38, 0x68, 0xA1, 0x1A, 0xEB, 0xDB, 0x6C, 0x26, 0x32,
    0x38, 0xC9, 0xEF, 0x3D, 0xB0, 0x85, 0x25, 0x0C, 0x54, 0x90, 0x03, 0x3A, 0xC1, 0xA8, 0x5B, 0x56,
    0x3B, 0x8C, 0x63, 0x28, 0x34, 0xE0, 0x78, 0x68, 0x05, 0xA8, 0x3A, 0x53, 0xFB, 0x76, 0xD3, 0x6E,
    0x99, 0xD9, 0x4C, 0xE5, 0x24, 0x1D, 0x9C, 0x9B, 0x87, 0x75, 0x1A, 0xE6, 0x71, 0x18, 0x59, 0x14,
    0xCB, 0xC8, 0x09, 0xB5, 0x6E, 0xBB, 0xAD, 0x46, 0xA3, 0x5C, 0x9F, 0x9F, 0xA7, 0x30, 0x42, 0x08,
    0xF9, 0xD2, 0xF5, 0xAD, 0x07, 0xBA, 0x6F, 0xFA, 0xA6, 0xB0, 0x90, 0xA5, 0xBD, 0x45, 0xB6, 0xBD,
    0x28, 0x81, 0x02, 0x25, 0xED, 0xAD, 0xB6, 0xC1, 0xC3, 0x36, 0x68, 0x16, 0x58, 0x05, 0x96, 0x81,
    0xBE, 0x52, 0xA4, 0xA6, 0x1B, 0xE1, 0xE5, 0xEB, 0xD0, 0x24, 0x74, 0x1F, 0xFB, 0xB0, 0x25, 0x07,
    0xE1, 0x40, 0x6E, 0xC9, 0x7D, 0x10, 0xD8, 0xC1, 0xC0, 0x1F, 0xF8, 0x3B, 0xFC, 0xCA, 0x77, 0x3A,
    0xB9, 0x7C, 0x1A, 0x9D, 0x9A, 0xEA, 0xB9, 0x34, 0xF2, 0x1A, 0xFC, 0xA6, 0xF5, 0xF1, 0xD0, 0xB1,
    0x8E, 0xC4, 0x11, 0x2C, 0x05, 0x01, 0xC7, 0xB7, 0x45, 0xFB, 0x19, 0xDC, 0x00, 0xAF, 0x3F, 0x95,
    0x17, 0xC5, 0x4C, 0x8F, 0xA1, 0x9E, 0x21, 0xB9, 0xE7, 0xFB, 0x77, 0x66, 0x45, 0x4D, 0xFB, 0x7A,
    0x46, 0x84, 0x3A, 0x3C, 0xAC, 0x51, 0x86, 0xA3, 0x53, 0x57, 0xE1, 0xF3, 0x1A, 0x1B, 0x1C, 0xFB,
    0x5E, 0xA8, 0x02, 0x71, 0xF1, 0x13, 0xE4, 0xD1, 0xBF, 0xDD, 0x92, 0x7F, 0xC0, 0xFD, 0x6C, 0xF4,
    0xDB, 0x15, 0x81, 0x83, 0xC3, 0xDB, 0xAF, 0xF9, 0xB8, 0xF8, 0xD3, 0x4D, 0x43, 0xE0, 0xF2, 0xE5,
    0xAB, 0x26, 0xF4, 0x23, 0xDF, 0x9D, 0xCB, 0x62, 0x01, 0x0F, 0xF5, 0xF1, 0x23, 0xB2, 0x63, 0xCC,
    0x04, 0x34, 0x41, 0x4D, 0x60, 0x13, 0xDC, 0x04, 0xB8, 0x1D, 0x23, 0x1B, 0x41, 0x0C, 0x7D, 0xBC,
    0x18, 0x63, 0x7F, 0x53, 0x8C, 0xC1, 0x3B, 0xD5, 0x18, 0xDD, 0x71, 0x62, 0x78, 0xC7, 0x8B, 0xF1,
    0xED, 0xF0, 0x91, 0x85, 0x96, 0xE3, 0xF5, 0x69, 0xA5, 0xD5, 0x74, 0x3A, 0x9E, 0xD7, 0xEF, 0x0A,
    0x65, 0xB1, 0xD5, 0xA4, 0x74, 0x86, 0x62, 0xBF, 0x3B, 0x14, 0xC2, 0x47, 0xB3, 0x59, 0xCC, 0xA4,
    0x81, 0x66, 0xA7, 0xE9, 0x14, 0x2B, 0x99, 0x4C, 0x9A, 0xDF, 0x14, 0x28, 0x51, 0xA4, 0x5C, 0x48,
    0xA7, 0x9F, 0xD3, 0x7C, 0x23, 0xCC, 0xF6, 0x0B, 0x8D, 0x46, 0x05, 0xD0, 0xC5, 0x7E, 0x72, 0xB9,
    0x0B, 0x8F, 0xB9, 0xB6, 0x48, 0x86, 0x4D, 0x18, 0xBE, 0x21, 0x2D, 0xE6, 0xD6, 0xBA, 0xB2, 0xD8,
    0x76, 0xE6, 0xBD, 0x4E, 0xB5, 0x98, 0xDF, 0x36, 0x8E, 0x84, 0xCF, 0xDF, 0x3C, 0x3A, 0xDE, 0xAC,
    0x8D, 0xBF, 0x5D, 0xD1, 0x6E, 0x08, 0xF3, 0x70, 0x58, 0x2D, 0x79, 0xDB, 0x9B, 0xC5, 0x9C, 0xA3,
    0x0C, 0x98, 0x37, 0x86, 0xE6, 0x15, 0x69, 0x9D, 0x93, 0xD6, 0x31, 0x61, 0x31, 0x71, 0x2C, 0x14,
    0x32, 0x28, 0x2C, 0xC6, 0x9C, 0x96, 0x11, 0x6C, 0x22, 0xE8, 0xC4, 0x07, 0x68, 0xA3, 0x16, 0xC1,
    0xB1, 0xE4, 0x81, 0xBB, 0x52, 0xBB, 0x29, 0xF5, 0xAB, 0x42, 0x9F, 0x40, 0x0F, 0xE9, 0x84, 0x5A,
    0x9C, 0x63, 0xF0, 0x7C, 0x58, 0x62, 0x7A, 0x71, 0xFC, 0x69, 0x44, 0x85, 0xC7, 0xDB, 0x6A, 0xF7,
    0xC6, 0x48, 0xF5, 0x28, 0x2D, 0xB5, 0xA1, 0x45, 0x91, 0x58, 0xC1, 0x5C, 0xC8, 0xD4, 0x53, 0x1E,
    0xD2, 0x0C, 0x2F, 0xEC, 0x06, 0xC2, 0x94, 0xD4, 0xA5, 0xB1, 0x9E, 0x59, 0x2D, 0xEC, 0xAD, 0x2F,
    0x6E, 0xCC, 0xA9, 0x8C, 0x04, 0x1A, 0x92, 0xC3, 0xFE, 0x5B, 0x1C, 0x4E, 0xFF, 0xC9, 0xE1, 0x83,
    0x1D, 0x0E, 0xFA, 0x9B, 0x1C, 0xCE, 0x8B, 0x75, 0xD4, 0xC3, 0x42, 0x1F, 0x2B, 0xBF, 0xD8, 0x5F,
    0xE2, 0x8D, 0x87, 0x2F, 0x46, 0xF8, 0x70, 0xB7, 0x39, 0x86, 0xFE, 0xBE, 0xF6, 0x23, 0x8C, 0xA3,
    0xBA, 0x9C, 0xC6, 0x7B, 0xA9, 0xED, 0x0E, 0xDD, 0x70, 0x69, 0x4A, 0xEC, 0x86, 0xC2, 0x64, 0x72,
    0x1B, 0xCA, 0xA8, 0xBA, 0x02, 0x7D, 0xA4, 0xA4, 0x72, 0x7D, 0x01, 0xF4, 0x81, 0x4E, 0x20, 0x15,
    0x41, 0x1B, 0x41, 0x1F, 0xAA, 0x23, 0x19, 0x12, 0xA6, 0x84, 0xC5, 0x3E, 0x56, 0x47, 0xB2, 0x81,
    0x1A, 0xB9, 0x8A, 0xFB, 0x26, 0xB0, 0xA5, 0x4E, 0xC7, 0xA3, 0x50, 0x6C, 0x52, 0x0E, 0xD8, 0xC6,
    0xF6, 0x6E, 0x6A, 0xA4, 0x8D, 0xF4, 0x91, 0x3E, 0xD4, 0x43, 0x53, 0x0E, 0x64, 0x7C, 0xFE, 0x3C,
    0xEC, 0x07, 0x46, 0x24, 0x9A, 0x35, 0xEB, 0x98, 0x74, 0xEC, 0xE3, 0x46, 0x48, 0x18, 0xE2, 0xB6,
    0x18, 0xA9, 0xD4, 0x2E, 0x35, 0x4D, 0xA1, 0x85, 0x74, 0x40, 0x4B, 0x1C, 0x9E, 0x87, 0x26, 0xE0,
    0x2A, 0xB3, 0x2B, 0x30, 0xFD, 0x7F, 0xF2, 0xD2, 0x7E, 0x60, 0x49, 0x62, 0xF8, 0x84, 0x10, 0xA8,
    0xD1, 0x99, 0xD6, 0x7E, 0xA4, 0x76, 0x2B, 0x54, 0xAF, 0x50, 0xBB, 0x91, 0xE8, 0xAE, 0x53, 0x75,
    0x42, 0xCD, 0x47, 0x19, 0x9D, 0x27, 0xAF, 0x91, 0x6F, 0x5E, 0xFD, 0x34, 0xB4, 0x3E, 0xD7, 0x43,
    0x56, 0x9C, 0xD0, 0xA2, 0xDD, 0x2C, 0x3E, 0x42, 0x21, 0x35, 0xE4, 0x3B, 0x35, 0x5A, 0xA2, 0xC9,
    0x80, 0x3E, 0x05, 0xC6, 0x54, 0xCE, 0xA7, 0x84, 0x1B, 0x49, 0x76, 0xF3, 0xBE, 0xAF, 0xC2, 0xC3,
    0x78, 0x99, 0x49, 0xF9, 0x50, 0x71, 0xAA, 0xC4, 0xB1, 0xAB, 0x4F, 0x49, 0x96, 0x0B, 0xEE, 0x68,
    0xA6, 0x0F, 0x17, 0x0E, 0x89, 0x85, 0x3A, 0xFE, 0xDD, 0x1B, 0x68, 0xB9, 0xC0, 0x9A, 0xB0, 0xEF,
    0x87, 0xEE, 0x35, 0x6C, 0x5D, 0x83, 0xAB, 0xBA, 0x30, 0xA3, 0xE1, 0xD2, 0x09, 0xD4, 0x06, 0x52,
    0x29, 0xC6, 0xEA, 0x59, 0x37, 0x74, 0x1F, 0x0A, 0x12, 0x43, 0x66, 0xCD, 0xBB, 0x78, 0xE5, 0x2F,
    0x1C, 0xBA, 0x07, 0x32, 0xAA, 0xA9, 0x50, 0x98, 0xD2, 0x94, 0xDA, 0x94, 0x4A, 0x56, 0xD0, 0x1A,
    0x63, 0x58, 0xA7, 0x33, 0x7B, 0x94, 0x40, 0x26, 0x76, 0xE9, 0x61, 0x95, 0x9E, 0x19, 0x78, 0xD6,
    0x53, 0xE1, 0x9A, 0x25, 0xAA, 0x64, 0x39, 0xA9, 0xF6, 0x59, 0xE8, 0x3F, 0x20, 0x75, 0x6F, 0x38,
    0x17, 0x75, 0x8D, 0xF7, 0x7C, 0x1C, 0x94, 0xAA, 0x4C, 0xF6, 0x51, 0x9C, 0xB1, 0x9D, 0xFA, 0x7E,
    0x4A, 0x4D, 0xAB, 0xDE, 0x5A, 0x4D, 0x6F, 0x60, 0x08, 0xC9, 0x34, 0xF5, 0x75, 0x22, 0x65, 0x4B,
    0x8B, 0x41, 0x81, 0x97, 0x62, 0x81, 0xD1, 0xFA, 0xD9, 0x5F, 0x1D, 0x60, 0xF9, 0x05, 0x60, 0xDF,
    0x17, 0x30, 0xEE, 0x5C, 0x42, 0x99, 0x0E, 0xE7, 0x14, 0x6F, 0x21, 0x0A, 0xB7, 0x60, 0xFE, 0x4E,
    0x30, 0xC1, 0xCE, 0x8F, 0xC2, 0xAF, 0xD3, 0xC4, 0x46, 0x92, 0x5F, 0x29, 0xFA, 0xA3, 0x52, 0x4A,
    0xFD, 0x23, 0x78, 0x36, 0xCE, 0x24, 0x24, 0xC4, 0x75, 0xA1, 0xE3, 0x74, 0x3A, 0x3B, 0xAC, 0x0C,
    0x23, 0x96, 0x86, 0x90, 0xB5, 0x21, 0x4E, 0x08, 0xDE, 0x81, 0x09, 0xF8, 0xE3, 0x38, 0x83, 0xED,
    0x09, 0x26, 0x1E, 0x2F, 0xFE, 0x72, 0x3C, 0xB3, 0x93, 0xE8, 0x31, 0x13, 0xD9, 0x73, 0xDC, 0xB1,
    0x1D, 0xCF, 0x7B, 0x3C, 0xD5, 0xFA, 0x24, 0x9E, 0xE4, 0x6A, 0x2E, 0x08, 0x72, 0xD3, 0x7D, 0xA5,
    0x49, 0xA0, 0x60, 0xD4, 0x96, 0x18, 0x4F, 0x2D, 0x22, 0xF7, 0x78, 0xA3, 0x7A, 0x9E, 0x04, 0xF6,
    0x2E, 0x84, 0x3B, 0x17, 0x42, 0xF0, 0x3F, 0xD7, 0xC5, 0x20, 0x52, 0x1F, 0xB9, 0xAE, 0xE0, 0x0C,
    0xE7, 0x63, 0xD4, 0xBC, 0x2A, 0xFE, 0x25, 0x16, 0x0A, 0x4A, 0x38, 0x13, 0x2C, 0x9F, 0x0C, 0xBC,
    0x5C, 0xB0, 0x03, 0xFE, 0xB9, 0x2F, 0xCD, 0x16, 0xF2, 0xB3, 0x67, 0xEF, 0xCE, 0x8A, 0x9B, 0x4E,
    0x7E, 0xB6, 0xAE, 0x97, 0x9D, 0xD9, 0xCD, 0xF9, 0x77, 0xCF, 0x97, 0x67, 0xC4, 0xAF, 0x9E, 0x84,
    0xFA, 0x1B, 0x35, 0x92, 0xBD, 0x6E, 0x1A, 0x41, 0x10, 0xC7, 0xE7, 0xEE, 0x92, 0x3B, 0x03, 0xE1,
    0xA0, 0x80, 0x24, 0x60, 0x30, 0x29, 0x28, 0x20, 0x3A, 0xB0, 0x15, 0x5D, 0xA4, 0xC5, 0x39, 0x9B,
    0x6D, 0xD3, 0x44, 0xD7, 0xB8, 0x4A, 0x73, 0x85, 0x2B, 0xA7, 0xA1, 0x58, 0x2C, 0x1C, 0x25, 0x82,
    0x47, 0xB8, 0xCE, 0xED, 0x59, 0xA2, 0xB0, 0x68, 0xB2, 0x8A, 0x90, 0x42, 0xB9, 0x8F, 0xB0, 0x8F,
    0xB0, 0x45, 0x1E, 0x60, 0x2C, 0x9D, 0x22, 0x77, 0xC9, 0x9C, 0x51, 0x34, 0xC5, 0x6A, 0x46, 0xF3,
    0xF1, 0xFF, 0xCD, 0x2C, 0x80, 0x87, 0xDD, 0x30, 0x62, 0x2C, 0x14, 0x33, 0x81, 0x13, 0x55, 0x82,
    0xD2, 0x41, 0x23, 0x8A, 0x98, 0xF8, 0x0E, 0x10, 0xC1, 0xCE, 0x5E, 0x94, 0xC4, 0xE8, 0xB1, 0x99,
    0x5B, 0x68, 0xC5, 0xB5, 0xDC, 0x97, 0x7D, 0x98, 0x6A, 0xC0, 0x04, 0xE7, 0xBA, 0x05, 0x00, 0xF6,
    0xCE, 0x1F, 0x04, 0x70, 0x8E, 0x4C, 0x84, 0x72, 0x62, 0x5C, 0xBE, 0xC4, 0x8D, 0xE1, 0xCA, 0xE1,
    0x65, 0xE8, 0x40, 0x08, 0x75, 0xCA, 0xA8, 0x60, 0x10, 0x8E, 0x66, 0x35, 0xF5, 0x1E, 0xA5, 0x9C,
    0x9B, 0x16, 0xA7, 0x88, 0x09, 0x68, 0x5C, 0xB0, 0x2B, 0x6F, 0x01, 0xDF, 0xA9, 0x16, 0x38, 0x64,
    0xAF, 0xE2, 0x2F, 0xEB, 0xE2, 0x05, 0x68, 0xC6, 0x57, 0xEB, 0xAB, 0x75, 0x33, 0x06, 0x58, 0xE6,
    0xE4, 0x66, 0x1E, 0xF7, 0x21, 0x20, 0x21, 0x8C, 0x2C, 0x82, 0x2E, 0xB8, 0x14, 0xF4, 0xC0, 0x56,
    0x96, 0x06, 0x03, 0xC6, 0xD2, 0xB6, 0x72, 0x56, 0x3E, 0xF4, 0xA1, 0x11, 0x9F, 0x6F, 0x23, 0xC1,
    0xA4, 0x40, 0xB9, 0x83, 0x62, 0xAE, 0x8E, 0xA4, 0x90, 0x12, 0xD1, 0x3C, 0xE8, 0x5F, 0xAB, 0x16,
    0x58, 0xC6, 0xD7, 0x4F, 0xD9, 0x94, 0x7F, 0x98, 0x16, 0xFD, 0xBD, 0xBC, 0x1A, 0x3D, 0x63, 0x60,
    0x1C, 0xDE, 0x69, 0x2C, 0x71, 0x1F, 0xF1, 0x69, 0x90, 0x6D, 0x60, 0xFB, 0x46, 0xDC, 0x60, 0x9B,
    0x83, 0xB0, 0xD0, 0x95, 0xAF, 0xF1, 0x34, 0x7F, 0xF9, 0xDB, 0x35, 0xCF, 0x63, 0xEF, 0xB1, 0x7C,
    0xFF, 0x02, 0x7A, 0x08, 0xE2, 0x44, 0x9C, 0xA1, 0x4B, 0x2C, 0x1E, 0x06, 0x27, 0x0C, 0xBE, 0x6A,
    0x89, 0xD2, 0x5C, 0x13, 0xCB, 0x34, 0x3F, 0x95, 0xF5, 0xD4, 0x52, 0x0E, 0x54, 0x49, 0x75, 0xC1,
    0x4F, 0x3D, 0x83, 0x1E, 0x23, 0xE6, 0x3C, 0x5C, 0x30, 0x59, 0xD4, 0xF4, 0x34, 0xA9, 0x94, 0x0C,
    0x5B, 0xA4, 0xFE, 0x96, 0x0F, 0x88, 0xC8, 0x85, 0xCF, 0xF1, 0x8F, 0xCC, 0x7D, 0x62, 0xBB, 0x88,
    0x37, 0xD9, 0x26, 0xBB, 0x20, 0x35, 0x7F, 0x11, 0xD2, 0x82, 0xBE, 0x60, 0x17, 0x64, 0x05, 0x7F,
    0x95, 0x32, 0x4A, 0xE0, 0x71, 0x47, 0xD9, 0x6A, 0xCF, 0x52, 0xA1, 0x9D, 0x88, 0x82, 0xF7, 0x3E,
    0x08, 0x43, 0x3A, 0xE0, 0x1C, 0x87, 0x97, 0xAE, 0x09, 0xE4, 0x44, 0xDF, 0xC0, 0x82, 0xB7, 0x79,
    0x99, 0xB6, 0x1D, 0x16, 0xA7, 0x35, 0x6D, 0x5E, 0xF9, 0xE8, 0xAC, 0x6D, 0x6D, 0x9B, 0x03, 0xD9,
    0x1F, 0x1C, 0xAE, 0xEA, 0xC6, 0x45, 0x66, 0x7E, 0xAA, 0x21, 0x55, 0x1F, 0x51, 0x97, 0x2E, 0x8E,
    0xC4, 0x7E, 0x83, 0xC9, 0xE5, 0x3E, 0xD2, 0x59, 0x04, 0xE9, 0x74, 0xF5, 0x41, 0xCD, 0x4D, 0x92,
    0xC0, 0x51, 0xB7, 0x13, 0xD0, 0xAF, 0x18, 0x8C, 0xFE, 0x98, 0x71, 0x84, 0x91, 0x30, 0x4C, 0xEA,
    0xF0, 0x41, 0x27, 0x59, 0x36, 0xCA, 0xC7, 0x8C, 0x0A, 0x67, 0xA1, 0x4C, 0x06, 0xB5, 0x6F, 0x95,
    0x4F, 0xB5, 0xAA, 0xDF, 0xE9, 0xB2, 0x71, 0x1A, 0xC1, 0x19, 0xB5, 0x6E, 0x2B, 0x96, 0x1E, 0x83,
    0xA7, 0xEE, 0xD4, 0x5B, 0xF2, 0x5C, 0x38, 0x5E, 0xFD, 0x3F, 0xE7, 0x10, 0xFE, 0x01, 0x55, 0x54,
    0x41, 0x88, 0x1C, 0x45, 0x14, 0x7D, 0xDD, 0x95, 0x4D, 0x63, 0x7A, 0x36, 0xB5, 0x62, 0x82, 0x9A,
    0x84, 0x74, 0x0E, 0x12, 0x96, 0x05, 0xA7, 0x17, 0x72, 0x88, 0xC2, 0x4C, 0x57, 0x49, 0xC0, 0x08,
    0x5E, 0x02, 0x26, 0x07, 0x4F, 0xD9, 0x43, 0xD0, 0x93, 0xB8, 0x4A, 0x0E, 0xD1, 0xF4, 0x64, 0x9A,
    0xCD, 0x31, 0x07, 0x73, 0x57, 0x34, 0x08, 0x7A, 0xC8, 0x69, 0x0E, 0x82, 0xAB, 0xCC, 0x3A, 0x95,
    0xEC, 0x21, 0x20, 0x01, 0x5B, 0x73, 0x08, 0xA2, 0x60, 0x85, 0x28, 0x68, 0x2E, 0x96, 0x6E, 0xEF,
    0xDA, 0x49, 0x6A, 0xBB, 0xFC, 0x35, 0xB3, 0x59, 0x4D, 0x51, 0xF5, 0xE9, 0x99, 0xEE, 0xFA, 0xFF,
    0xBF, 0xF7, 0xDF, 0xFF, 0xD8, 0x03, 0x84, 0x4E, 0x81, 0x1F, 0x53, 0x48, 0x01, 0x74, 0xF7, 0x9E,
    0x42, 0x27, 0xF9, 0x49, 0x76, 0xF9, 0x31, 0xB4, 0x39, 0x10, 0xBB, 0x1A, 0xE3, 0x17, 0x99, 0x7F,
    0x39, 0x8D, 0xC0, 0x59, 0xBA, 0x70, 0x08, 0xD1, 0x22, 0x3D, 0xC5, 0x3F, 0x6F, 0x26, 0xAF, 0xE7,
    0xE2, 0x08, 0xB2, 0x37, 0x90, 0x7D, 0x84, 0xEC, 0x26, 0xC4, 0x99, 0x99, 0x64, 0x30, 0x88, 0x5D,
    0xD1, 0x2A, 0xF1, 0x6C, 0x01, 0x4C, 0x49, 0x8C, 0xAA, 0xA8, 0xB4, 0x5C, 0x2E, 0x0B, 0xA0, 0xB7,
    0xE7, 0xC4, 0xF0, 0x42, 0x65, 0x3B, 0x0B, 0xB6, 0x03, 0x7B, 0x0E, 0x2B, 0x5F, 0x48, 0xB1, 0xA1,
    0xE2, 0x06, 0x93, 0x15, 0xBA, 0x06, 0xC3, 0x69, 0x0C, 0x5B, 0xA0, 0x90, 0x15, 0x82, 0xFB, 0x32,
    0x7C, 0x50, 0x30, 0x8D, 0xA4, 0x41, 0x54, 0x22, 0x56, 0x10, 0xF4, 0x7F, 0x20, 0x21, 0x2A, 0x98,
    0x61, 0x60, 0xCE, 0x86, 0x06, 0x81, 0x01, 0x77, 0x8A, 0x6C, 0xE2, 0x64, 0xA8, 0xC1, 0x0A, 0x7A,
    0x18, 0xBC, 0xF8, 0xB6, 0x9A, 0x38, 0x94, 0x74, 0x98, 0x37, 0xD1, 0x0C, 0xC4, 0x77, 0x7F, 0x5A,
    0xF0, 0xBB, 0x76, 0x08, 0xBE, 0x5A, 0x91, 0xB9, 0xA8, 0x2D, 0x12, 0x56, 0xD6, 0x48, 0x63, 0x55,
    0x21, 0xE3, 0xD7, 0x0C, 0x32, 0x71, 0x6D, 0x1D, 0xBD, 0x7E, 0x41, 0xF9, 0xA8, 0x47, 0x37, 0xB7,
    0x17, 0xB3, 0x41, 0x83, 0x6F, 0xB0, 0x08, 0x87, 0x2B, 0xF8, 0xA5, 0x28, 0xB9, 0x73, 0x36, 0x5C,
    0xBD, 0xA3, 0x12, 0xE7, 0x6A, 0x26, 0x1F, 0x16, 0x0C, 0x23, 0x19, 0x41, 0x20, 0x26, 0xB2, 0xFA,
    0x6A, 0xF7, 0xD6, 0x25, 0x57, 0x91, 0xB5, 0x3D, 0x32, 0x35, 0xC1, 0x0F, 0x2A, 0xB1, 0x03, 0xA1,
    0xC9, 0x66, 0xC9, 0xAC, 0xBC, 0x07, 0xF6, 0x70, 0xC3, 0x81, 0xFD, 0x06, 0x43, 0xF0, 0x08, 0x42,
    0xAC, 0x02, 0x0D, 0xAE, 0x08, 0xC6, 0xA8, 0x46, 0xF3, 0x58, 0x6C, 0xCF, 0x39, 0x30, 0x14, 0xDE,
    0xDA, 0x14, 0x33, 0xE4, 0x2E, 0x8D, 0x1D, 0x91, 0x94, 0x1D, 0xE4, 0x08, 0xD6, 0xEB, 0x74, 0x8A,
    0xC8, 0x2B, 0x93, 0x12, 0x6C, 0x4D, 0xC7, 0x16, 0xEC, 0xAE, 0xA1, 0x54, 0xA3, 0xEF, 0xAB, 0xC5,
    0x36, 0x79, 0xB5, 0xCB, 0x5D, 0xF4, 0x6D, 0x5F, 0x54, 0xFF, 0x77, 0x99, 0xD8, 0x38, 0x6C, 0xA2,
    0x92, 0x63, 0xC0, 0xCA, 0x14, 0x9A, 0x69, 0xF1, 0x92, 0x62, 0xDA, 0x5D, 0x2C, 0x84, 0x73, 0xCE,
    0xB0, 0xB5, 0x4B, 0xDF, 0x22, 0xFC, 0x27, 0xBE, 0x09, 0xFA, 0xE8, 0x77, 0x84, 0x36, 0x22, 0xAA,
    0x6B, 0x2A, 0x45, 0x60, 0x58, 0x39, 0xBE, 0xDF, 0x77, 0x17, 0x55, 0x1E, 0xDD, 0x52, 0x79, 0x78,
    0x57, 0xE5, 0x9F, 0xAE, 0xA9, 0x7C, 0x63, 0xEB, 0x54, 0xAF, 0xD1, 0x61, 0x2A, 0xBF, 0x7F, 0xBA,
    0xC8, 0xA9, 0x9E, 0xC4, 0x9B, 0x07, 0x0F, 0xCC, 0x35, 0x1E, 0x3F, 0xF0, 0x35, 0xA1, 0xBD, 0x4D,
    0x55, 0x3B, 0xA6, 0x91, 0x92, 0xAF, 0x6E, 0xA4, 0xD0, 0xA3, 0xD2, 0xF6, 0xB8, 0x42, 0x76, 0x5E,
    0x21, 0xB9, 0x31, 0x49, 0x73, 0xEE, 0x6A, 0x81, 0xBD, 0xA7, 0xA8, 0x02, 0x01, 0xC5, 0x32, 0x81,
    0x26, 0x97, 0x26, 0x2E, 0x90, 0xFE, 0x81, 0xF4, 0x24, 0xFA, 0x57, 0xFC, 0x4E, 0xC7, 0xBA, 0xE4,
    0x4B, 0x32, 0x6A, 0xFE, 0x23, 0xEA, 0x83, 0x1A, 0xC3, 0xA8, 0x80, 0x9D, 0xA6, 0xA0, 0x67, 0x81,
    0xF5, 0x92, 0x04, 0xE1, 0x54, 0xB8, 0x66, 0xC0, 0xFE, 0xAE, 0xC0, 0xEE, 0xD4, 0xC4, 0xB5, 0x45,
    0x5C, 0x5E, 0x40, 0xBF, 0x4E, 0x49, 0x9F, 0x10, 0x6E, 0x73, 0x31, 0x6F, 0x5D, 0x21, 0xD1, 0x6D,
    0x16, 0x68, 0xE4, 0xCE, 0x0A, 0xE9, 0x43, 0xC9, 0xC8, 0x1A, 0x3C, 0xA5, 0xBD, 0xEE, 0xBC, 0xE8,
    0xB0, 0xE0, 0xE5, 0x49, 0xC8, 0x83, 0xD1, 0xAF, 0xC0, 0xCE, 0xD3, 0x6D, 0xFA, 0xD9, 0xE6, 0x94,
    0x5D, 0x97, 0x72, 0x42, 0x4E, 0xF9, 0x63, 0xE8, 0x4D, 0xED, 0x4D, 0xC5, 0x2F, 0x69, 0x18, 0xFE,
    0x56, 0x9E, 0x9A, 0xA4, 0x93, 0xBF, 0x6B, 0xF2, 0xFC, 0x9C, 0xF8, 0x44, 0x8F, 0xF4, 0x84, 0x07,
    0xAF, 0x6C, 0x78, 0xDD, 0xD2, 0x3A, 0x31, 0x86, 0x97, 0x6A, 0x9C, 0x1B, 0x60, 0x79, 0x80, 0xE1,
    0x00, 0xB9, 0x86, 0x20, 0x9D, 0x17, 0x61, 0x22, 0xE3, 0xD3, 0x05, 0x49, 0xBB, 0xBD, 0xA6, 0x17,
    0xAF, 0x8F, 0x75, 0xAE, 0x0D, 0x8C, 0x21, 0x69, 0x6D, 0x43, 0xAD, 0xC7, 0x8A, 0x88, 0x9C, 0x2B,
    0x51, 0x27, 0x92, 0xF4, 0xA8, 0x82, 0x2A, 0x43, 0xF8, 0xA0, 0x06, 0x5B, 0x97, 0xA0, 0x62, 0xF9,
    0xEC, 0x09, 0x2A, 0x11, 0x68, 0x27, 0x72, 0x1E, 0xD9, 0xE8, 0x56, 0xC6, 0x5F, 0x7E, 0x5E, 0x3C,
    0x81, 0x5E, 0xCB, 0xF7, 0x99, 0xE5, 0x8D, 0xDD, 0x57, 0xDB, 0xC3, 0x66, 0x78, 0xC4, 0x88, 0x23,
    0x3A, 0x76, 0x97, 0x49, 0xDC, 0x8F, 0x96, 0xAF, 0x16, 0xA3, 0x20, 0xBB, 0xE8, 0xB4, 0x86, 0xC0,
    0x2C, 0x75, 0x8D, 0x73, 0x1A, 0xBA, 0x87, 0x94, 0x82, 0x32, 0x99, 0x91, 0xD8, 0x33, 0x1C, 0x24,
    0xD1, 0x8F, 0x96, 0x68, 0x82, 0x10, 0x14, 0x8C, 0x7C, 0xAA, 0x1D, 0x04, 0xBA, 0x83, 0xA9, 0x53,
    0x2B, 0xD8, 0x37, 0x6A, 0x30, 0x35, 0x22, 0x32, 0xDD, 0x55, 0x70, 0x4A, 0x24, 0xA1, 0x4F, 0x0E,
    0xE2, 0x10, 0x38, 0x29, 0x3D, 0x72, 0x5B, 0xFD, 0x15, 0x8D, 0x47, 0xC4, 0x8F, 0x96, 0xBF, 0xB2,
    0x2C, 0x5A, 0xE3, 0xC4, 0x9E, 0x81, 0x7D, 0x0E, 0x76, 0xDE, 0xEF, 0x95, 0x43, 0x52, 0x7C, 0x3E,
    0x1E, 0x11, 0xDB, 0xC0, 0x57, 0x75, 0xB4, 0x5A, 0xC6, 0x37, 0x94, 0x70, 0x96, 0xBF, 0x5A, 0x24,
    0x5C, 0xD2, 0x6E, 0x27, 0xC8, 0x52, 0x74, 0x33, 0xE4, 0x02, 0xC3, 0x74, 0xFC, 0xE9, 0x1E, 0xDF,
    0x12, 0xF1, 0x92, 0xE1, 0x52, 0xF3, 0x02, 0x9C, 0x02, 0x92, 0x13, 0x47, 0x03, 0x42, 0x1D, 0x7E,
    0x53, 0x7D, 0xFC, 0xA5, 0xBA, 0x77, 0x5E, 0x52, 0x69, 0x8F, 0x2E, 0xE0, 0xC9, 0x71, 0x1E, 0xDC,
    0xF3, 0x49, 0x89, 0x9A, 0x17, 0x86, 0x83, 0xF9, 0x7A, 0x71, 0xA6, 0xF2, 0x9C, 0xD3, 0x84, 0x61,
    0xC6, 0x53, 0xE9, 0x75, 0x30, 0x16, 0x66, 0xEA, 0xD9, 0xC6, 0xDE, 0x4D, 0x39, 0xD7, 0xC8, 0xB0,
    0xC2, 0x7E, 0x8D, 0x4D, 0x60, 0x85, 0x64, 0x44, 0x5B, 0x92, 0x6F, 0xC4, 0x66, 0x32, 0xCA, 0x24,
    0x96, 0x81, 0xAF, 0x4A, 0x6A, 0xE4, 0xE8, 0xAF, 0x62, 0x57, 0x23, 0x23, 0x7D, 0x79, 0xFF, 0x0F,
    0x86, 0xA9, 0x41, 0x44, 0x42, 0xBE, 0x56, 0x8A, 0x06, 0x3B, 0xE8, 0x4A, 0x81, 0x77, 0x14, 0xDE,
    0x77, 0xA5, 0xB8, 0x67, 0x42, 0x39, 0x1F, 0x9E, 0x9C, 0x67, 0x4D, 0x19, 0x1F, 0x25, 0x66, 0xF1,
    0x34, 0x64, 0xF4, 0xA1, 0x0C, 0x9B, 0xED, 0x49, 0x16, 0x92, 0xD2, 0xA2, 0xCB, 0x34, 0x7F, 0x37,
    0x11, 0xAD, 0xA6, 0xE0, 0xC7, 0x39, 0x92, 0x5D, 0x1C, 0xE9, 0x34, 0x41, 0x6F, 0x25, 0xE8, 0x1E,
    0x68, 0xA3, 0x73, 0xA0, 0x8B, 0x7C, 0xB6, 0x3B, 0x49, 0x80, 0x1A, 0x21, 0x83, 0x15, 0x34, 0x78,
    0x82, 0xAA, 0x17, 0xAE, 0xD7, 0x71, 0xF3, 0xF8, 0x2C, 0x25, 0x4D, 0x4C, 0x01, 0xBB, 0x7D, 0xCD,
    0xD8, 0x46, 0x15, 0x7F, 0x66, 0xF8, 0x19, 0x24, 0xB3, 0x5B, 0x5D, 0x45, 0x85, 0x22, 0xD2, 0x68,
    0x14, 0xF5, 0x9D, 0x1C, 0xD1, 0xA0, 0xD9, 0x21, 0xD1, 0x52, 0x8C, 0x8A, 0x6F, 0xAA, 0xC0, 0xD4,
    0xA1, 0xA9, 0xC2, 0x3B, 0x86, 0xB9, 0x82, 0xDD, 0x2E, 0xA3, 0xEB, 0xC6, 0x93, 0xBC, 0xA4, 0xF9,
    0x71, 0x45, 0xD5, 0x0E, 0x17, 0x10, 0xCC, 0xE0, 0x5F, 0xCB, 0x72, 0xD8, 0x7F, 0x40, 0x94, 0x01,
    0x00, 0x7D, 0xD0, 0x31, 0x4E, 0x84, 0x40, 0x14, 0x06, 0xE0, 0x1F, 0x88, 0xA1, 0xA0, 0x78, 0x37,
    0x90, 0xD6, 0x4A, 0x4E, 0x00, 0xE8, 0x9E, 0xC0, 0xA3, 0x78, 0x80, 0xC5, 0xB0, 0x9E, 0x60, 0x0B,
    0x0F, 0x43, 0x41, 0x56, 0xB6, 0xB6, 0x21, 0xC6, 0x03, 0xCC, 0x11, 0x5E, 0xE2, 0x98, 0x4C, 0x22,
    0xEB, 0xF8, 0xDE, 0x4C, 0x62, 0x24, 0x71, 0xA5, 0x98, 0x8A, 0xF9, 0xFE, 0xF9, 0x7F, 0x40, 0xBF,
    0xE4, 0x50, 0x19, 0xE4, 0x2F, 0x8E, 0x41, 0x8F, 0x7C, 0x07, 0xDA, 0x30, 0xE0, 0xBD, 0x07, 0xAA,
    0xCC, 0x00, 0x6D, 0x3E, 0x03, 0x4D, 0x31, 0x01, 0x9D, 0x1E, 0x5B, 0xEA, 0x81, 0x91, 0x6E, 0x00,
    0x57, 0xCA, 0x5D, 0x5B, 0xC9, 0x7D, 0x6E, 0x80, 0x94, 0x6B, 0x20, 0x9B, 0x06, 0xE0, 0xA1, 0x30,
    0xF8, 0xFD, 0x3D, 0x1B, 0x64, 0xAF, 0x62, 0xEF, 0xF6, 0xD0, 0x6B, 0xDE, 0x1B, 0x81, 0x67, 0x71,
    0xA7, 0xC0, 0x76, 0x34, 0x05, 0x54, 0x4D, 0x47, 0x7B, 0x58, 0x32, 0x09, 0xAB, 0xA7, 0x9C, 0x68,
    0x6B, 0x6B, 0x10, 0xCB, 0x8A, 0x65, 0xC3, 0x33, 0xFD, 0x3B, 0x87, 0x47, 0xB6, 0xE2, 0x35, 0xE2,
    0xE9, 0x0B, 0xA3, 0xD5, 0x47, 0xAB, 0xE0, 0xF3, 0x96, 0xD4, 0x5E, 0xB4, 0x76, 0xAB, 0xB5, 0xAF,
    0x7E, 0x6A, 0x2F, 0x2A, 0x8E, 0x5A, 0xDB, 0xA9, 0xE9, 0x04, 0x3D, 0x5A, 0x51, 0x77, 0x2C, 0xAC,
    0xFC, 0xE3, 0xCA, 0xF4, 0x43, 0x6A, 0x27, 0xA7, 0x84, 0xDB, 0xFF, 0x6A, 0xAB, 0xFF, 0x89, 0x18,
    0xA0, 0x09, 0x7A, 0x6E, 0x74, 0x29, 0xEF, 0xBF, 0xBA, 0xB0, 0xED, 0x36, 0x8C, 0x3B, 0x22, 0xC6,
    0xE8, 0xE3, 0xAD, 0xEE, 0x2B, 0xDD, 0x24, 0xE9, 0x96, 0x11, 0xA3, 0x74, 0xE2, 0x13, 0x42, 0x58,
    0x4C, 0x8B, 0x71, 0x7F, 0xE4, 0xF9, 0x19, 0xF9, 0x51, 0x86, 0xEE, 0x39, 0x94, 0x29, 0xC9, 0xAF,
    0xC6, 0xA9, 0x57, 0xE3, 0xBC, 0xC9, 0x38, 0xF6, 0xEC, 0x38, 0x6A, 0x15, 0xD2, 0x98, 0x20, 0x4E,
    0xCA, 0x85, 0x27, 0x7F, 0x49, 0x99, 0xA9, 0x2E, 0xF2, 0xB9, 0x9C, 0xF3, 0xA9, 0x58, 0xC4, 0x3A,
    0x50, 0x7F, 0x7F, 0x4D, 0xFD, 0x50, 0xD3, 0x53, 0x2B, 0x96, 0x5E, 0xFB, 0x06, 0x63, 0x60, 0x68,
    0x60, 0x60, 0x60, 0x60, 0xFE, 0x00, 0x24, 0xF8, 0xFF, 0x00, 0x09, 0xCB, 0x7C, 0x20, 0xF1, 0xE0,
    0xD0, 0x01, 0x06, 0xE6, 0x4F, 0x0F, 0x3F, 0x30, 0xF0, 0xFF, 0xBF, 0xF8, 0x87, 0xC1, 0xFE, 0xFF,
    0xE1, 0xFF, 0x0C, 0xFA, 0xFF, 0xE5, 0xFF, 0x31, 0x70, 0xFF, 0xB7, 0xFF, 0xC1, 0xC0, 0xF4, 0xFF,
    0xFF, 0x03, 0x06, 0x86, 0x7D, 0xF6, 0x40, 0x7D, 0xBA, 0x7A, 0x40, 0xC5, 0xDC, 0x3B, 0x80, 0x04,
    0x13, 0x50, 0x88, 0x81, 0xC1, 0x81, 0x81, 0x01, 0x00,
};

static const EpdGlyph notoserif_c17_bolditalicGlyphs[] = {
    { 0, 0, 0, 0, 0, 0, 0 }, // U+0000
    { 0, 0, 71, 0, 0, 0, 0 }, // U+000D
    { 0, 0, 71, 0, 0, 0, 0 }, // U+0020
    { 6, 14, 107, 1, 13, 21, 0 }, // !
    { 8, 6, 138, 2, 13, 12, 21 }, // "
    { 10, 13, 152, 0, 13, 33, 33 }, // #
    { 10, 15, 152, 0, 13, 38, 66 }, // $
    { 14, 14, 244, 1, 13, 49, 104 }, // %
    { 14, 14, 218, 0, 13, 49, 153 }, // &
    { 4, 6, 79, 2, 13, 6, 202 }, // '
    { 8, 17, 109, 0, 14, 34, 208 }, // (
    { 8, 17, 109, -1, 14, 34, 242 }, // )
    { 8, 7, 168, 2, 13, 14, 276 }, // *
    { 8, 8, 152, 1, 10, 16, 290 }, // +
    { 5, 6, 83, -1, 3, 8, 306 }, // ,
    { 5, 3, 84, 0, 6, 4, 314 }, // -
    { 4, 4, 83, 0, 3, 4, 318 }, // .
    { 9, 16, 78, -2, 13, 36, 322 }, // /
    { 10, 14, 152, 0, 13, 35, 358 }, // 0
    { 8, 13, 140, 0, 13, 26, 393 }, // 1
    { 11, 13, 152, -1, 13, 36, 419 }, // 2
    { 11, 14, 152, -1, 13, 39, 455 }, // 3
    { 10, 13, 152, 0, 13, 33, 494 }, // 4
    { 10, 14, 152, 0, 13, 35, 527 }, // 5
    { 11, 14, 152, 0, 13, 39, 562 }, // 6
    { 11, 13, 152, 0, 13, 36, 601 }, // 7
    { 10, 14, 152, 0, 13, 35, 637 }, // 8
    { 10, 14, 152, 0, 13, 35, 672 }, // 9
    { 6, 11, 97, 0, 10, 17, 707 }, // :
    { 7, 13, 97, -1, 10, 23, 724 }, // ;
    { 8, 10, 152, 1, 11, 20, 747 }, // <
    { 8, 6, 152, 1, 9, 12, 767 }, // =
    { 8, 10, 152, 1, 11, 20, 779 }, // >
    { 9, 14, 146, 1, 13, 32, 799 }, // ?
    { 15, 16, 251, 0, 13, 60, 831 }, // @
    { 14, 13, 205, -1, 13, 46, 891 }, // A
    { 13, 13, 183, -1, 13, 43, 937 }, // B
    { 11, 14, 182, 1, 13, 39, 980 }, // C
    { 14, 13, 209, -1, 13, 46, 1019 }, // D
    { 13, 13, 172, -1, 13, 43, 1065 }, // E
    { 13, 13, 169, -1, 13, 43, 1108 }, // F
    { 12, 14, 217, 1, 13, 42, 1151 }, // G
    { 17, 13, 223, -1, 13, 56, 1193 }, // H
    { 10, 13, 109, -1, 13, 33, 1249 }, // I
    { 12, 18, 109, -3, 13, 54, 1282 }, // J
    { 15, 13, 202, -1, 13, 49, 1336 }, // K
    { 12, 13, 178, -1, 13, 39, 1385 }, // L
    { 19, 13, 259, -1, 13, 62, 1424 }, // M
    { 16, 13, 214, -1, 13, 52, 1486 }, // N
    { 12, 14, 215, 1, 13, 42, 1538 }, // O
    { 13, 13, 180, -1, 13, 43, 1580 }, // P
    { 12, 18, 214, 1, 13, 54, 1623 }, // Q
    { 13, 13, 192, -1, 13, 43, 1677 }, // R
    { 11, 14, 159, 0, 13, 39, 1720 }, // S
    { 12, 13, 178, 1, 13, 39, 1759 }, // T
    { 14, 14, 203, 1, 13, 49, 1798 }, // U
    { 13, 13, 190, 1, 13, 43, 1847 }, // V
    { 19, 13, 290, 1, 13, 62, 1890 }, // W
    { 15, 13, 199, -1, 13, 49, 1952 }, // X
    { 13, 13, 188, 1, 13, 43, 2001 }, // Y
    { 13, 13, 181, -1, 13, 43, 2044 }, // Z
    { 9, 16, 113, 0, 13, 36, 2087 }, // [
    { 3, 16, 78, 1, 13, 12, 2123 }, // <backslash>
    { 8, 16, 113, -1, 13, 32, 2135 }, // ]
    { 9, 9, 152, 0, 13, 21, 2167 }, // ^
    { 9, 2, 125, -2, -1, 5, 2188 }, // _
    { 5, 4, 91, 2, 14, 5, 2193 }, // `
    { 11, 11, 181, 0, 10, 31, 2198 }, // a
    { 10, 14, 169, 0, 13, 35, 2229 }, // b
    { 9, 11, 144, 0, 10, 25, 2264 }, // c
    { 12, 14, 181, 0, 13, 42, 2289 }, // d
    { 10, 11, 146, 0, 10, 28, 2331 }, // e
    { 13, 19, 110, -3, 14, 62, 2359 }, // f
    { 12, 15, 158, -1, 10, 45, 2421 }, // g
    { 11, 14, 178, 0, 13, 39, 2466 }, // h
    { 6, 15, 96, 0, 14, 23, 2505 }, // i
    { 9, 19, 92, -3, 14, 43, 2528 }, // j
    { 11, 13, 162, 0, 13, 36, 2571 }, // k
    { 6, 14, 96, 0, 13, 21, 2607 }, // l
    { 17, 11, 264, 0, 10, 47, 2628 }, // m
    { 12, 11, 183, 0, 10, 33, 2675 }, // n
    { 10, 11, 168, 0, 10, 28, 2708 }, // o
    { 11, 15, 169, -1, 10, 42, 2736 }, // p
    { 11, 15, 172, 0, 10, 42, 2778 }, // q
    { 10, 10, 150, 0, 10, 25, 2820 }, // r
    { 9, 11, 140, 0, 10, 25, 2845 }, // s
    { 7, 13, 113, 1, 12, 23, 2870 }, // t
    { 12, 11, 183, 0, 10, 33, 2893 }, // u
    { 10, 11, 159, 0, 10, 28, 2926 }, // v
    { 15, 11, 238, 0, 10, 42, 2954 }, // w
    { 12, 10, 164, -1, 10, 30, 2996 }, // x
    { 13, 15, 159, -3, 10, 49, 3026 }, // y
    { 10, 10, 152, 0, 10, 25, 3075 }, // z
    { 9, 16, 120, 0, 13, 36, 3100 }, // {
    { 2, 18, 152, 4, 13, 9, 3136 }, // |
    { 9, 16, 120, -1, 13, 36, 3145 }, // }
    { 9, 4, 152, 0, 8, 9, 3181 }, // ~
    { 0, 0, 71, 0, 0, 0, 0 }, // U+00A0
    { 6, 14, 107, 0, 10, 21, 0 }, // U+00A1
    { 9, 13, 152, 1, 13, 30, 21 }, // U+00A2
    { 11, 14, 152, -1, 13, 39, 51 }, // U+00A3
    { 8, 8, 152, 1, 10, 16, 90 }, // U+00A4
    { 11, 13, 152, 0, 13, 36, 106 }, // U+00A5
    { 2, 18, 152, 4, 13, 9, 142 }, // U+00A6
    { 10, 15, 148, 0, 13, 38, 151 }, // U+00A7
    { 7, 3, 157, 2, 13, 6, 189 }, // U+00A8
    { 14, 14, 230, 0, 13, 49, 195 }, // U+00A9
    { 8, 7, 117, 1, 13, 14, 244 }, // U+00AA
    { 9, 7, 151, 1, 8, 16, 258 }, // U+00AB
    { 8, 5, 152, 1, 7, 10, 274 }, // U+00AC
    { 5, 3, 84, 0, 6, 4, 284 }, // U+00AD
    { 14, 14, 230, 0, 13, 49, 288 }, // U+00AE
    { 9, 2, 125, 1, 14, 5, 337 }, // U+00AF
    { 6, 6, 109, 2, 13, 9, 342 }, // U+00B0
    { 8, 10, 152, 1, 10, 20, 351 }, // U+00B1
    { 7, 9, 109, 1, 15, 16, 371 }, // U+00B2
    { 7, 9, 109, 1, 15, 16, 387 }, // U+00B3
    { 6, 4, 88, 1, 14, 6, 403 }, // U+00B4
    { 13, 15, 184, -1, 10, 49, 409 }, // U+00B5
    { 10, 15, 171, 1, 13, 38, 458 }, // U+00B6
    { 4, 4, 83, 1, 8, 4, 496 }, // U+00B7
    { 5, 6, 91, 0, 1, 8, 500 }, // U+00B8
    { 6, 8, 109, 1, 14, 12, 508 }, // U+00B9
    { 7, 7, 111, 1, 13, 13, 520 }, // U+00BA
    { 9, 7, 151, 0, 8, 16, 533 }, // U+00BB
    { 14, 14, 240, 1, 13, 49, 549 }, // U+00BC
    { 14, 14, 240, 1, 13, 49, 598 }, // U+00BD
    { 15, 14, 240, 0, 13, 53, 647 }, // U+00BE
    { 8, 14, 146, 0, 10, 28, 700 }, // U+00BF
    { 14, 17, 205, -1, 17, 60, 728 }, // U+00C0
    { 14, 17, 205, -1, 17, 60, 788 }, // U+00C1
    { 14, 17, 205, -1, 17, 60, 848 }, // U+00C2
    { 14, 16, 205, -1, 16, 56, 908 }, // U+00C3
    { 14, 16, 205, -1, 16, 56, 964 }, // U+00C4
    { 14, 15, 205, -1, 15, 53, 1020 }, // U+00C5
    { 19, 13, 270, -1, 13, 62, 1073 }, // U+00C6
    { 11, 18, 182, 1, 13, 50, 1135 }, // U+00C7
    { 13, 17, 172, -1, 17, 56, 1185 }, // U+00C8
    { 13, 17, 172, -1, 17, 56, 1241 }, // U+00C9
    { 13, 17, 172, -1, 17, 56, 1297 }, // U+00CA
    { 13, 16, 172, -1, 16, 52, 1353 }, // U+00CB
    { 10, 17, 109, -1, 17, 43, 1405 }, // U+00CC
    { 10, 17, 109, -1, 17, 43, 1448 }, // U+00CD
    { 10, 17, 109, -1, 17, 43, 1491 }, // U+00CE
    { 10, 16, 109, -1, 16, 40, 1534 }, // U+00CF
    { 14, 13, 209, -1, 13, 46, 1574 }, // U+00D0
    { 16, 16, 214, -1, 16, 64, 1620 }, // U+00D1
    { 12, 18, 215, 1, 17, 54, 1684 }, // U+00D2
    { 12, 18, 215, 1, 17, 54, 1738 }, // U+00D3
    { 12, 18, 215, 1, 17, 54, 1792 }, // U+00D4
    { 12, 17, 215, 1, 16, 51, 1846 }, // U+00D5
    { 12, 17, 215, 1, 16, 51, 1897 }, // U+00D6
    { 8, 8, 152, 1, 10, 16, 1948 }, // U+00D7
    { 12, 14, 215, 1, 13, 42, 1964 }, // U+00D8
    { 14, 18, 203, 1, 17, 63, 2006 }, // U+00D9
    { 14, 18, 203, 1, 17, 63, 2069 }, // U+00DA
    { 14, 18, 203, 1, 17, 63, 2132 }, // U+00DB
    { 14, 17, 203, 1, 16, 60, 2195 }, // U+00DC
    { 13, 17, 188, 1, 17, 56, 2255 }, // U+00DD
    { 12, 13, 174, -1, 13, 39, 2311 }, // U+00DE
    { 15, 19, 189, -3, 14, 72, 2350 }, // U+00DF
    { 11, 15, 181, 0, 14, 42, 2422 }, // U+00E0
    { 11, 15, 181, 0, 14, 42, 2464 }, // U+00E1
    { 11, 15, 181, 0, 14, 42, 2506 }, // U+00E2
    { 11, 14, 181, 0, 13, 39, 2548 }, // U+00E3
    { 11, 14, 181, 0, 13, 39, 2587 }, // U+00E4
    { 11, 15, 181, 0, 14, 42, 2626 }, // U+00E5
    { 15, 11, 239, 0, 10, 42, 2668 }, // U+00E6
    { 9, 15, 144, 0, 10, 34, 2710 }, // U+00E7
    { 10, 15, 146, 0, 14, 38, 2744 }, // U+00E8
    { 10, 15, 146, 0, 14, 38, 2782 }, // U+00E9
    { 10, 15, 146, 0, 14, 38, 2820 }, // U+00EA
    { 10, 14, 146, 0, 13, 35, 2858 }, // U+00EB
    { 6, 15, 96, 0, 14, 23, 2893 }, // U+00EC
    { 8, 15, 96, 0, 14, 30, 2916 }, // U+00ED
    { 7, 15, 96, 0, 14, 27, 2946 }, // U+00EE
    { 7, 14, 96, 0, 13, 25, 2973 }, // U+00EF
    { 10, 15, 167, 0, 14, 38, 2998 }, // U+00F0
    { 12, 14, 183, 0, 13, 42, 3036 }, // U+00F1
    { 10, 15, 168, 0, 14, 38, 3078 }, // U+00F2
    { 11, 15, 168, 0, 14, 42, 3116 }, // U+00F3
    { 10, 15, 168, 0, 14, 38, 3158 }, // U+00F4
    { 11, 14, 168, 0, 13, 39, 3196 }, // U+00F5
    { 10, 14, 168, 0, 13, 35, 3235 }, // U+00F6
    { 8, 10, 152, 1, 11, 20, 3270 }, // U+00F7
    { 11, 11, 168, 0, 10, 31, 3290 }, // U+00F8
    { 12, 15, 183, 0, 14, 45, 3321 }, // U+00F9
    { 12, 15, 183, 0, 14, 45, 3366 }, // U+00FA
    { 12, 15, 183, 0, 14, 45, 3411 }, // U+00FB
    { 12, 14, 183, 0, 13, 42, 3456 }, // U+00FC
    { 13, 19, 159, -3, 14, 62, 3498 }, // U+00FD
    { 11, 18, 169, -1, 13, 50, 3560 }, // U+00FE
    { 13, 18, 159, -3, 13, 59, 3610 }, // U+00FF
    { 14, 15, 205, -1, 15, 53, 0 }, // U+0100
    { 11, 13, 181, 0, 12, 36, 53 }, // U+0101
    { 14, 16, 205, -1, 16, 56, 89 }, // U+0102
    { 11, 14, 181, 0, 13, 39, 145 }, // U+0103
    { 14, 18, 205, -1, 13, 63, 184 }, // U+0104
    { 11, 15, 181, 0, 10, 42, 247 }, // U+0105
    { 12, 18, 182, 1, 17, 54, 289 }, // U+0106
    { 11, 15, 144, 0, 14, 42, 343 }, // U+0107
    { 11, 18, 182, 1, 17, 50, 385 }, // U+0108
    { 10, 15, 144, 0, 14, 38, 435 }, // U+0109
    { 11, 18, 182, 1, 17, 50, 473 }, // U+010A
    { 9, 15, 144, 0, 14, 34, 523 }, // U+010B
    { 12, 18, 182, 1, 17, 54, 557 }, // U+010C
    { 10, 15, 144, 0, 14, 38, 611 }, // U+010D
    { 14, 17, 209, -1, 17, 60, 649 }, // U+010E
    { 15, 14, 181, 0, 13, 53, 709 }, // U+010F
    { 14, 13, 209, -1, 13, 46, 762 }, // U+0110
    { 13, 14, 181, 0, 13, 46, 808 }, // U+0111
    { 13, 15, 172, -1, 15, 49, 854 }, // U+0112
    { 10, 13, 146, 0, 12, 33, 903 }, // U+0113
    { 13, 16, 172, -1, 16, 52, 936 }, // U+0114
    { 10, 14, 146, 0, 13, 35, 988 }, // U+0115
    { 13, 17, 172, -1, 17, 56, 1023 }, // U+0116
    { 10, 15, 146, 0, 14, 38, 1079 }, // U+0117
    { 13, 18, 172, -1, 13, 59, 1117 }, // U+0118
    { 10, 15, 146, 0, 10, 38, 1176 }, // U+0119
    { 13, 17, 172, -1, 17, 56, 1214 }, // U+011A
    { 10, 15, 146, 0, 14, 38, 1270 }, // U+011B
    { 12, 18, 217, 1, 17, 54, 1308 }, // U+011C
    { 12, 19, 158, -1, 14, 57, 1362 }, // U+011D
    { 12, 17, 217, 1, 16, 51, 1419 }, // U+011E
    { 12, 18, 158, -1, 13, 54, 1470 }, // U+011F
    { 12, 18, 217, 1, 17, 54, 1524 }, // U+0120
    { 12, 19, 158, -1, 14, 57, 1578 }, // U+0121
    { 12, 17, 217, 1, 13, 51, 1635 }, // U+0122
    { 12, 19, 158, -1, 14, 57, 1686 }, // U+0123
    { 17, 17, 223, -1, 17, 73, 1743 }, // U+0124
    { 11, 18, 178, 0, 17, 50, 1816 }, // U+0125
    { 17, 13, 223, -1, 13, 56, 1866 }, // U+0126
    { 11, 14, 178, 0, 13, 39, 1922 }, // U+0127
    { 10, 16, 109, -1, 16, 40, 1961 }, // U+0128
    { 8, 14, 96, 0, 13, 28, 2001 }, // U+0129
    { 10, 15, 109, -1, 15, 38, 2029 }, // U+012A
    { 7, 13, 96, 0, 12, 23, 2067 }, // U+012B
    { 10, 16, 109, -1, 16, 40, 2090 }, // U+012C
    { 7, 14, 96, 0, 13, 25, 2130 }, // U+012D
    { 10, 18, 109, -1, 13, 45, 2155 }, // U+012E
    { 6, 19, 96, 0, 14, 29, 2200 }, // U+012F
    { 10, 17, 109, -1, 17, 43, 2229 }, // U+0130
    { 6, 11, 96, 0, 10, 17, 2272 }, // U+0131
    { 16, 18, 218, -1, 13, 72, 2289 }, // U+0132
    { 12, 19, 188, 0, 14, 57, 2361 }, // U+0133
    { 12, 22, 109, -3, 17, 66, 2418 }, // U+0134
    { 10, 19, 92, -3, 14, 48, 2484 }, // U+0135
    { 15, 17, 202, -1, 13, 64, 2532 }, // U+0136
    { 11, 17, 162, 0, 13, 47, 2596 }, // U+0137
    { 11, 10, 162, 0, 10, 28, 2643 }, // U+0138
    { 12, 17, 178, -1, 17, 51, 2671 }, // U+0139
    { 9, 18, 96, 0, 17, 41, 2722 }, // U+013A
    { 12, 17, 178, -1, 13, 51, 2763 }, // U+013B
    { 7, 17, 96, -1, 13, 30, 2814 }, // U+013C
    { 13, 13, 178, -1, 13, 43, 2844 }, // U+013D
    { 10, 14, 96, 0, 13, 35, 2887 }, // U+013E
    { 12, 13, 178, -1, 13, 39, 2922 }, // U+013F
    { 9, 14, 126, 0, 13, 32, 2961 }, // U+0140
    { 12, 13, 178, -1, 13, 39, 2993 }, // U+0141
    { 7, 14, 96, -1, 13, 25, 3032 }, // U+0142
    { 16, 17, 214, -1, 17, 68, 3057 }, // U+0143
    { 12, 15, 183, 0, 14, 45, 3125 }, // U+0144
    { 16, 17, 214, -1, 13, 68, 3170 }, // U+0145
    { 12, 14, 183, 0, 10, 42, 3238 }, // U+0146
    { 16, 17, 214, -1, 17, 68, 3280 }, // U+0147
    { 12, 15, 183, 0, 14, 45, 3348 }, // U+0148
    { 15, 14, 239, 0, 13, 53, 3393 }, // U+0149
    { 16, 18, 208, -1, 13, 72, 3446 }, // U+014A
    { 11, 15, 177, 0, 10, 42, 3518 }, // U+014B
    { 12, 16, 215, 1, 15, 48, 3560 }, // U+014C
    { 10, 13, 168, 0, 12, 33, 3608 }, // U+014D
    { 12, 17, 215, 1, 16, 51, 3641 }, // U+014E
    { 10, 14, 168, 0, 13, 35, 3692 }, // U+014F
    { 13, 18, 215, 1, 17, 59, 3727 }, // U+0150
    { 11, 15, 168, 0, 14, 42, 3786 }, // U+0151
    { 17, 14, 270, 1, 13, 60, 3828 }, // U+0152
    { 16, 11, 245, 0, 10, 44, 3888 }, // U+0153
    { 13, 17, 192, -1, 17, 56, 3932 }, // U+0154
    { 10, 14, 150, 0, 14, 35, 3988 }, // U+0155
    { 13, 17, 192, -1, 13, 56, 4023 }, // U+0156
    { 11, 14, 150, -1, 10, 39, 4079 }, // U+0157
    { 13, 17, 192, -1, 17, 56, 4118 }, // U+0158
    { 10, 14, 150, 0, 14, 35, 4174 }, // U+0159
    { 11, 18, 159, 0, 17, 50, 4209 }, // U+015A
    { 10, 15, 140, 0, 14, 38, 4259 }, // U+015B
    { 11, 18, 159, 0, 17, 50, 4297 }, // U+015C
    { 9, 15, 140, 0, 14, 34, 4347 }, // U+015D
    { 11, 18, 159, 0, 13, 50, 4381 }, // U+015E
    { 9, 15, 140, 0, 10, 34, 4431 }, // U+015F
    { 11, 18, 159, 0, 17, 50, 4465 }, // U+0160
    { 10, 15, 140, 0, 14, 38, 4515 }, // U+0161
    { 12, 18, 178, 1, 13, 54, 4553 }, // U+0162
    { 8, 17, 113, 0, 12, 34, 4607 }, // U+0163
    { 12, 17, 178, 1, 17, 51, 4641 }, // U+0164
    { 9, 14, 113, 1, 13, 32, 4692 }, // U+0165
    { 12, 13, 178, 1, 13, 39, 4724 }, // U+0166
    { 8, 13, 113, 0, 12, 26, 4763 }, // U+0167
    { 14, 17, 203, 1, 16, 60, 4789 }, // U+0168
    { 12, 14, 183, 0, 13, 42, 4849 }, // U+0169
    { 14, 16, 203, 1, 15, 56, 4891 }, // U+016A
    { 12, 13, 183, 0, 12, 39, 4947 }, // U+016B
    { 14, 17, 203, 1, 16, 60, 4986 }, // U+016C
    { 12, 14, 183, 0, 13, 42, 5046 }, // U+016D
    { 14, 18, 203, 1, 17, 63, 5088 }, // U+016E
    { 12, 15, 183, 0, 14, 45, 5151 }, // U+016F
    { 14, 18, 203, 1, 17, 63, 5196 }, // U+0170
    { 12, 15, 183, 0, 14, 45, 5259 }, // U+0171
    { 14, 18, 203, 1, 13, 63, 5304 }, // U+0172
    { 12, 15, 183, 0, 10, 45, 5367 }, // U+0173
    { 19, 17, 290, 1, 17, 81, 5412 }, // U+0174
    { 15, 15, 238, 0, 14, 57, 5493 }, // U+0175
    { 13, 17, 188, 1, 17, 56, 5550 }, // U+0176
    { 13, 19, 159, -3, 14, 62, 5606 }, // U+0177
    { 13, 16, 188, 1, 16, 52, 5668 }, // U+0178
    { 13, 17, 181, -1, 17, 56, 5720 }, // U+0179
    { 10, 14, 152, 0, 14, 35, 5776 }, // U+017A
    { 13, 17, 181, -1, 17, 56, 5811 }, // U+017B
    { 10, 14, 152, 0, 14, 35, 5867 }, // U+017C
    { 13, 17, 181, -1, 17, 56, 5902 }, // U+017D
    { 10, 14, 152, 0, 14, 35, 5958 }, // U+017E
    { 13, 19, 110, -3, 14, 62, 5993 }, // U+017F
    { 15, 15, 229, 1, 14, 57, 0 }, // U+01A0
    { 13, 12, 182, 0, 11, 39, 57 }, // U+01A1
    { 15, 15, 232, 1, 14, 57, 96 }, // U+01AF
    { 15, 12, 212, 0, 11, 45, 153 }, // U+01B0
    { 27, 17, 390, -1, 17, 115, 198 }, // U+01C4
    { 24, 14, 361, -1, 14, 84, 313 }, // U+01C5
    { 21, 15, 333, 0, 14, 79, 397 }, // U+01C6
    { 21, 18, 287, -1, 13, 95, 476 }, // U+01C7
    { 18, 19, 270, -1, 14, 86, 571 }, // U+01C8
    { 12, 19, 188, 0, 14, 57, 657 }, // U+01C9
    { 23, 18, 323, -1, 13, 104, 714 }, // U+01CA
    { 20, 19, 306, -1, 14, 95, 818 }, // U+01CB
    { 18, 19, 275, 0, 14, 86, 913 }, // U+01CC
    { 14, 17, 205, -1, 17, 60, 999 }, // U+01CD
    { 11, 15, 181, 0, 14, 42, 1059 }, // U+01CE
    { 10, 17, 109, -1, 17, 43, 1101 }, // U+01CF
    { 8, 15, 96, 0, 14, 30, 1144 }, // U+01D0
    { 12, 18, 215, 1, 17, 54, 1174 }, // U+01D1
    { 11, 15, 168, 0, 14, 42, 1228 }, // U+01D2
    { 14, 18, 203, 1, 17, 63, 1270 }, // U+01D3
    { 12, 15, 183, 0, 14, 45, 1333 }, // U+01D4
    { 14, 19, 203, 1, 18, 67, 1378 }, // U+01D5
    { 12, 16, 183, 0, 15, 48, 1445 }, // U+01D6
    { 14, 19, 203, 1, 18, 67, 1493 }, // U+01D7
    { 12, 16, 183, 0, 15, 48, 1560 }, // U+01D8
    { 14, 19, 203, 1, 18, 67, 1608 }, // U+01D9
    { 12, 16, 183, 0, 15, 48, 1675 }, // U+01DA
    { 14, 19, 203, 1, 18, 67, 1723 }, // U+01DB
    { 12, 16, 183, 0, 15, 48, 1790 }, // U+01DC
    { 9, 11, 153, 0, 10, 25, 1838 }, // U+01DD
    { 14, 18, 205, -1, 18, 63, 1863 }, // U+01DE
    { 11, 16, 181, 0, 15, 44, 1926 }, // U+01DF
    { 14, 18, 205, -1, 18, 63, 1970 }, // U+01E0
    { 11, 16, 181, 0, 15, 44, 2033 }, // U+01E1
    { 19, 15, 270, -1, 15, 72, 2077 }, // U+01E2
    { 15, 13, 239, 0, 12, 49, 2149 }, // U+01E3
    { 12, 14, 217, 1, 13, 42, 2198 }, // U+01E4
    { 12, 15, 158, -1, 10, 45, 2240 }, // U+01E5
    { 12, 18, 217, 1, 17, 54, 2285 }, // U+01E6
    { 12, 19, 158, -1, 14, 57, 2339 }, // U+01E7
    { 15, 17, 202, -1, 17, 64, 2396 }, // U+01E8
    { 11, 17, 162, 0, 17, 47, 2460 }, // U+01E9
    { 12, 18, 215, 1, 13, 54, 2507 }, // U+01EA
    { 10, 15, 168, 0, 10, 38, 2561 }, // U+01EB
    { 12, 20, 215, 1, 15, 60, 2599 }, // U+01EC
    { 10, 17, 168, 0, 12, 43, 2659 }, // U+01ED
    { 11, 18, 165, 0, 17, 50, 2702 }, // U+01EE
    { 11, 19, 152, -1, 14, 53, 2752 }, // U+01EF
    { 11, 19, 92, -3, 14, 53, 2805 }, // U+01F0
    { 27, 13, 390, -1, 13, 88, 2858 }, // U+01F1
    { 24, 13, 361, -1, 13, 78, 2946 }, // U+01F2
    { 21, 14, 333, 0, 13, 74, 3024 }, // U+01F3
    { 12, 18, 217, 1, 17, 54, 3098 }, // U+01F4
    { 12, 19, 158, -1, 14, 57, 3152 }, // U+01F5
    { 21, 14, 310, -1, 13, 74, 3209 }, // U+01F6
    { 15, 18, 204, -2, 13, 68, 3283 }, // U+01F7
    { 16, 17, 214, -1, 17, 68, 3351 }, // U+01F8
    { 12, 15, 183, 0, 14, 45, 3419 }, // U+01F9
    { 14, 17, 205, -1, 17, 60, 3464 }, // U+01FA
    { 11, 19, 181, 0, 18, 53, 3524 }, // U+01FB
    { 19, 17, 270, -1, 17, 81, 3577 }, // U+01FC
    { 15, 15, 239, 0, 14, 57, 3658 }, // U+01FD
    { 12, 18, 215, 1, 17, 54, 3715 }, // U+01FE
    { 11, 15, 168, 0, 14, 42, 3769 }, // U+01FF
    { 14, 17, 205, -1, 17, 60, 3811 }, // U+0200
    { 11, 15, 181, 0, 14, 42, 3871 }, // U+0201
    { 14, 16, 205, -1, 16, 56, 3913 }, // U+0202
    { 11, 14, 181, 0, 13, 39, 3969 }, // U+0203
    { 13, 17, 172, -1, 17, 56, 4008 }, // U+0204
    { 10, 15, 146, 0, 14, 38, 4064 }, // U+0205
    { 13, 16, 172, -1, 16, 52, 4102 }, // U+0206
    { 10, 14, 146, 0, 13, 35, 4154 }, // U+0207
    { 10, 17, 109, -1, 17, 43, 4189 }, // U+0208
    { 7, 15, 96, -1, 14, 27, 4232 }, // U+0209
    { 10, 16, 109, -1, 16, 40, 4259 }, // U+020A
    { 8, 14, 96, 0, 13, 28, 4299 }, // U+020B
    { 12, 18, 215, 1, 17, 54, 4327 }, // U+020C
    { 10, 15, 168, 0, 14, 38, 4381 }, // U+020D
    { 12, 17, 215, 1, 16, 51, 4419 }, // U+020E
    { 10, 14, 168, 0, 13, 35, 4470 }, // U+020F
    { 13, 17, 192, -1, 17, 56, 4505 }, // U+0210
    { 10, 14, 150, 0, 14, 35, 4561 }, // U+0211
    { 13, 16, 192, -1, 16, 52, 4596 }, // U+0212
    { 10, 13, 150, 0, 13, 33, 4648 }, // U+0213
    { 14, 18, 203, 1, 17, 63, 4681 }, // U+0214
    { 12, 15, 183, 0, 14, 45, 4744 }, // U+0215
    { 14, 17, 203, 1, 16, 60, 4789 }, // U+0216
    { 12, 14, 183, 0, 13, 42, 4849 }, // U+0217
    { 11, 17, 159, 0, 13, 47, 4891 }, // U+0218
    { 9, 14, 140, 0, 10, 32, 4938 }, // U+0219
    { 12, 17, 178, 1, 13, 51, 4970 }, // U+021A
    { 8, 16, 113, 0, 12, 32, 5021 }, // U+021B
    { 12, 16, 167, -1, 13, 48, 5053 }, // U+021C
    { 11, 15, 138, -2, 10, 42, 5101 }, // U+021D
    { 17, 17, 223, -1, 17, 73, 5143 }, // U+021E
    { 11, 18, 178, 0, 17, 50, 5216 }, // U+021F
    { 4, 4, 0, -8, 14, 4, 0 }, // U+0300
    { 6, 4, 0, -6, 14, 6, 4 }, // U+0301
    { 7, 4, 0, -2, 14, 7, 10 }, // U+0302
    { 8, 3, 0, -9, 13, 6, 17 }, // U+0303
    { 6, 2, 0, -2, 12, 3, 23 }, // U+0304
    { 6, 2, 0, -1, 15, 3, 26 }, // U+0305
    { 7, 3, 0, -2, 13, 6, 29 }, // U+0306
    { 4, 4, 0, 0, 14, 4, 35 }, // U+0307
    { 7, 3, 0, -2, 13, 6, 39 }, // U+0308
    { 4, 5, 0, -6, 15, 5, 45 }, // U+0309
    { 5, 4, 0, -1, 14, 5, 50 }, // U+030A
    { 8, 4, 0, -2, 14, 8, 55 }, // U+030B
    { 8, 4, 0, -2, 14, 8, 63 }, // U+030C
    { 3, 4, 0, 0, 13, 3, 71 }, // U+030D
    { 5, 4, 0, -1, 13, 5, 74 }, // U+030E
    { 8, 4, 0, -8, 14, 8, 79 }, // U+030F
    { 6, 5, 0, -1, 15, 8, 87 }, // U+0310
    { 7, 3, 0, -2, 13, 6, 95 }, // U+0311
    { 5, 7, 0, -1, 13, 9, 101 }, // U+0312
    { 4, 7, 0, -1, 13, 7, 110 }, // U+0313
    { 4, 7, 0, -1, 13, 7, 117 }, // U+0314
    { 4, 7, 0, -1, 13, 7, 124 }, // U+0315
    { 5, 4, 0, -4, 0, 5, 131 }, // U+0316
    { 5, 4, 0, -4, 0, 5, 136 }, // U+0317
    { 4, 4, 0, -3, 0, 4, 141 }, // U+0318
    { 4, 4, 0, -3, 0, 4, 145 }, // U+0319
    { 6, 5, 102, 1, 13, 8, 149 }, // U+031A
    { 5, 5, 0, -2, 14, 7, 157 }, // U+031B
    { 4, 5, 0, -3, 0, 5, 164 }, // U+031C
    { 5, 4, 0, -4, 0, 5, 169 }, // U+031D
    { 4, 4, 0, -3, 0, 4, 174 }, // U+031E
    { 4, 4, 0, -3, 0, 4, 178 }, // U+031F
    { 5, 2, 0, -4, -1, 3, 182 }, // U+0320
    { 5, 5, 0, -5, 1, 7, 185 }, // U+0321
    { 4, 5, 0, -2, 1, 5, 192 }, // U+0322
    { 4, 3, 0, -8, -1, 3, 197 }, // U+0323
    { 7, 3, 0, -5, -1, 6, 200 }, // U+0324
    { 5, 4, 0, -4, -1, 5, 206 }, // U+0325
    { 5, 3, 0, -4, -1, 4, 211 }, // U+0326
    { 6, 6, 0, -4, 1, 9, 215 }, // U+0327
    { 5, 5, 0, -4, 0, 7, 224 }, // U+0328
    { 3, 4, 0, -3, -1, 3, 231 }, // U+0329
    { 8, 3, 0, -5, -1, 6, 234 }, // U+032A
    { 6, 3, 0, -4, -1, 5, 240 }, // U+032B
    { 7, 4, 0, -4, 0, 7, 245 }, // U+032C
    { 7, 4, 0, -5, 0, 7, 252 }, // U+032D
    { 6, 3, 0, -4, -1, 5, 259 }, // U+032E
    { 7, 3, 0, -5, -1, 6, 264 }, // U+032F
    { 7, 3, 0, -5, -1, 6, 270 }, // U+0330
    { 6, 2, 0, -4, -1, 3, 276 }, // U+0331
    { 8, 2, 0, -9, -1, 4, 279 }, // U+0332
    { 9, 4, 0, -9, 0, 9, 283 }, // U+0333
    { 8, 3, 0, -4, 6, 6, 292 }, // U+0334
    { 8, 2, 0, -4, 6, 4, 298 }, // U+0335
    { 12, 2, 0, -6, 6, 6, 302 }, // U+0336
    { 8, 6, 0, -4, 8, 12, 308 }, // U+0337
    { 11, 16, 0, -5, 14, 44, 320 }, // U+0338
    { 4, 5, 0, -3, 0, 5, 364 }, // U+0339
    { 8, 3, 0, -5, -1, 6, 369 }, // U+033A
    { 8, 4, 0, -5, 0, 8, 375 }, // U+033B
    { 6, 3, 0, -4, -1, 5, 383 }, // U+033C
    { 5, 4, 0, -1, 13, 5, 388 }, // U+033D
    { 4, 6, 0, 0, 15, 6, 393 }, // U+033E
    { 9, 4, 0, -2, 16, 9, 399 }, // U+033F
    { 5, 4, 0, -2, 14, 5, 408 }, // U+0340
    { 6, 4, 0, -1, 14, 6, 413 }, // U+0341
    { 8, 3, 0, -3, 13, 6, 419 }, // U+0342
    { 4, 4, 0, 0, 14, 4, 425 }, // U+0343
    { 9, 4, 0, -3, 13, 9, 429 }, // U+0344
    { 4, 5, 0, -1, 0, 5, 438 }, // U+0345
    { 7, 3, 0, -2, 13, 6, 443 }, // U+0346
    { 8, 4, 0, -5, 0, 8, 449 }, // U+0347
    { 5, 4, 0, -4, -1, 5, 457 }, // U+0348
    { 5, 4, 0, -3, -1, 5, 462 }, // U+0349
    { 9, 5, 0, -3, 14, 12, 467 }, // U+034A
    { 9, 8, 0, -3, 17, 18, 479 }, // U+034B
    { 8, 7, 0, -3, 16, 14, 497 }, // U+034C
    { 6, 4, 0, -4, 0, 6, 511 }, // U+034D
    { 4, 5, 0, -3, 0, 5, 517 }, // U+034E
    { 14, 13, 0, -7, 13, 46, 522 }, // U+034F
    { 4, 5, 0, -1, 14, 5, 568 }, // U+0350
    { 3, 4, 0, 0, 14, 3, 573 }, // U+0351
    { 7, 5, 0, -2, 15, 9, 576 }, // U+0352
    { 4, 5, 0, -3, 0, 5, 585 }, // U+0353
    { 4, 5, 0, -3, 0, 5, 590 }, // U+0354
    { 4, 5, 0, -3, 0, 5, 595 }, // U+0355
    { 8, 5, 0, -5, 0, 10, 600 }, // U+0356
    { 4, 4, 0, -1, 14, 4, 610 }, // U+0357
    { 4, 4, 0, 2, 14, 4, 614 }, // U+0358
    { 6, 5, 0, -3, 0, 8, 618 }, // U+0359
    { 7, 5, 0, -5, 0, 9, 626 }, // U+035A
    { 4, 4, 0, -1, 14, 4, 635 }, // U+035B
    { 14, 4, 0, -8, 0, 14, 639 }, // U+035C
    { 14, 4, 0, -5, 14, 14, 653 }, // U+035D
    { 11, 2, 0, -4, 12, 6, 667 }, // U+035E
    { 11, 2, 0, -7, -1, 6, 673 }, // U+035F
    { 15, 3, 0, -6, 13, 12, 679 }, // U+0360
    { 15, 4, 0, -6, 15, 15, 691 }, // U+0361
    { 11, 4, 0, -7, 0, 11, 706 }, // U+0362
    { 5, 5, 0, -1, 15, 7, 717 }, // U+0363
    { 5, 5, 0, -1, 15, 7, 724 }, // U+0364
    { 3, 6, 0, 0, 16, 5, 731 }, // U+0365
    { 5, 5, 0, -1, 15, 7, 736 }, // U+0366
    { 6, 5, 0, -1, 15, 8, 743 }, // U+0367
    { 5, 5, 0, -1, 15, 7, 751 }, // U+0368
    { 6, 6, 0, -1, 16, 9, 758 }, // U+0369
    { 6, 6, 0, -1, 16, 9, 767 }, // U+036A
    { 8, 5, 0, -2, 15, 10, 776 }, // U+036B
    { 5, 5, 0, -1, 15, 7, 786 }, // U+036C
    { 4, 6, 0, 0, 16, 6, 793 }, // U+036D
    { 5, 5, 0, -1, 15, 7, 799 }, // U+036E
    { 5, 5, 0, -1, 15, 7, 806 }, // U+036F
    { 13, 17, 178, -1, 17, 56, 0 }, // U+0400
    { 13, 16, 178, -1, 16, 52, 56 }, // U+0401
    { 13, 13, 224, 1, 13, 43, 108 }, // U+0402
    { 13, 17, 161, -1, 17, 56, 151 }, // U+0403
    { 12, 14, 179, 0, 13, 42, 207 }, // U+0404
    { 11, 14, 159, -1, 13, 39, 249 }, // U+0405
    { 9, 13, 109, -1, 13, 30, 288 }, // U+0406
    { 10, 16, 109, -1, 16, 40, 318 }, // U+0407
    { 11, 18, 107, -3, 13, 50, 358 }, // U+0408
    { 17, 14, 265, -1, 13, 60, 408 }, // U+0409
    { 18, 13, 281, -1, 13, 59, 468 }, // U+040A
    { 13, 13, 242, 1, 13, 43, 527 }, // U+040B
    { 15, 17, 199, -1, 17, 64, 570 }, // U+040C
    { 17, 17, 223, -1, 17, 73, 634 }, // U+040D
    { 13, 17, 190, 1, 16, 56, 707 }, // U+040E
    { 16, 17, 219, -1, 13, 68, 763 }, // U+040F
    { 14, 13, 204, -2, 13, 46, 831 }, // U+0410
    { 13, 13, 174, -1, 13, 43, 877 }, // U+0411
    { 13, 13, 184, -1, 13, 43, 920 }, // U+0412
    { 13, 13, 161, -1, 13, 43, 963 }, // U+0413
    { 17, 17, 209, -2, 13, 73, 1006 }, // U+0414
    { 13, 13, 178, -1, 13, 43, 1079 }, // U+0415
    { 21, 13, 282, -2, 13, 69, 1122 }, // U+0416
    { 12, 14, 169, -1, 13, 42, 1191 }, // U+0417
    { 17, 13, 224, -1, 13, 56, 1233 }, // U+0418
    { 17, 16, 224, -1, 16, 68, 1289 }, // U+0419
    { 15, 13, 199, -1, 13, 49, 1357 }, // U+041A
    { 15, 14, 204, -1, 13, 53, 1406 }, // U+041B
    { 19, 13, 264, -1, 13, 62, 1459 }, // U+041C
    { 16, 13, 222, -1, 13, 52, 1521 }, // U+041D
    { 13, 14, 209, 0, 13, 46, 1573 }, // U+041E
    { 16, 13, 219, -1, 13, 52, 1619 }, // U+041F
    { 13, 13, 174, -1, 13, 43, 1671 }, // U+0420
    { 12, 14, 179, 0, 13, 42, 1714 }, // U+0421
    { 12, 13, 180, 1, 13, 39, 1756 }, // U+0422
    { 13, 14, 190, 1, 13, 46, 1795 }, // U+0423
    { 16, 14, 257, 0, 13, 56, 1841 }, // U+0424
    { 15, 13, 199, -1, 13, 49, 1897 }, // U+0425
    { 16, 17, 220, -1, 13, 68, 1946 }, // U+0426
    { 14, 13, 213, 1, 13, 46, 2014 }, // U+0427
    { 22, 13, 310, -1, 13, 72, 2060 }, // U+0428
    { 22, 17, 311, -1, 13, 94, 2132 }, // U+0429
    { 11, 13, 201, 1, 13, 36, 2226 }, // U+042A
    { 19, 13, 266, -1, 13, 62, 2262 }, // U+042B
    { 12, 13, 174, -1, 13, 39, 2324 }, // U+042C
    { 12, 14, 179, -1, 13, 42, 2363 }, // U+042D
    { 19, 14, 293, -1, 13, 67, 2405 }, // U+042E
    { 15, 13, 192, -1, 13, 49, 2472 }, // U+042F
    { 11, 11, 170, 0, 10, 31, 2521 }, // U+0430
    { 11, 15, 166, 0, 14, 42, 2552 }, // U+0431
    { 10, 11, 155, 0, 10, 28, 2594 }, // U+0432
    { 8, 11, 131, 0, 10, 22, 2622 }, // U+0433
    { 10, 15, 163, 0, 14, 38, 2644 }, // U+0434
    { 9, 11, 145, 0, 10, 25, 2682 }, // U+0435
    { 19, 11, 279, -1, 10, 53, 2707 }, // U+0436
    { 9, 11, 139, 0, 10, 25, 2760 }, // U+0437
    { 11, 11, 176, 0, 10, 31, 2785 }, // U+0438
    { 11, 15, 176, 0, 14, 42, 2816 }, // U+0439
    { 11, 10, 167, 0, 10, 28, 2858 }, // U+043A
    { 12, 11, 167, -1, 10, 33, 2886 }, // U+043B
    { 16, 11, 235, -1, 10, 44, 2919 }, // U+043C
    { 11, 11, 176, 0, 10, 31, 2963 }, // U+043D
    { 10, 11, 163, 0, 10, 28, 2994 }, // U+043E
    { 11, 11, 177, 0, 10, 31, 3022 }, // U+043F
    { 12, 15, 169, -1, 10, 45, 3053 }, // U+0440
    { 9, 11, 141, 0, 10, 25, 3098 }, // U+0441
    { 16, 11, 258, 0, 10, 44, 3123 }, // U+0442
    { 11, 15, 158, -1, 10, 42, 3167 }, // U+0443
    { 14, 19, 226, 0, 14, 67, 3209 }, // U+0444
    { 12, 10, 162, -1, 10, 30, 3276 }, // U+0445
    { 11, 15, 177, 0, 10, 42, 3306 }, // U+0446
    { 11, 11, 167, 0, 10, 31, 3348 }, // U+0447
    { 16, 11, 259, 0, 10, 44, 3379 }, // U+0448
    { 17, 15, 260, 0, 10, 64, 3423 }, // U+0449
    { 10, 11, 160, 0, 10, 28, 3487 }, // U+044A
    { 15, 11, 234, 0, 10, 42, 3515 }, // U+044B
    { 10, 11, 157, 0, 10, 28, 3557 }, // U+044C
    { 9, 11, 143, 0, 10, 25, 3585 }, // U+044D
    { 15, 11, 235, 0, 10, 42, 3610 }, // U+044E
    { 12, 11, 171, -1, 10, 33, 3652 }, // U+044F
    { 9, 15, 145, 0, 14, 34, 3685 }, // U+0450
    { 10, 14, 145, 0, 13, 35, 3719 }, // U+0451
    { 10, 18, 169, 0, 13, 45, 3754 }, // U+0452
    { 9, 15, 131, 0, 14, 34, 3799 }, // U+0453
    { 9, 11, 141, 0, 10, 25, 3833 }, // U+0454
    { 9, 11, 131, -1, 10, 25, 3858 }, // U+0455
    { 6, 15, 89, 0, 14, 23, 3883 }, // U+0456
    { 7, 15, 89, 0, 14, 27, 3906 }, // U+0457
    { 9, 19, 86, -3, 14, 43, 3933 }, // U+0458
    { 15, 11, 232, -1, 10, 42, 3976 }, // U+0459
    { 15, 11, 242, 0, 10, 42, 4018 }, // U+045A
    { 11, 14, 177, 0, 13, 39, 4060 }, // U+045B
    { 11, 14, 167, 0, 14, 39, 4099 }, // U+045C
    { 11, 15, 176, 0, 14, 42, 4138 }, // U+045D
    { 11, 19, 158, -1, 14, 53, 4180 }, // U+045E
    { 11, 15, 176, 0, 10, 42, 4233 }, // U+045F
    { 17, 13, 279, 1, 13, 56, 4275 }, // U+0460
    { 14, 10, 223, 0, 10, 35, 4331 }, // U+0461
    { 12, 13, 194, 0, 13, 39, 4366 }, // U+0462
    { 15, 11, 243, 0, 10, 42, 4405 }, // U+0463
    { 20, 14, 281, -1, 13, 70, 4447 }, // U+0464
    { 15, 11, 228, 0, 10, 42, 4517 }, // U+0465
    { 14, 13, 216, -1, 13, 46, 4559 }, // U+0466
    { 13, 10, 176, -2, 10, 33, 4605 }, // U+0467
    { 21, 13, 316, -1, 13, 69, 4638 }, // U+0468
    { 16, 10, 259, 0, 10, 40, 4707 }, // U+0469
    { 16, 13, 245, -1, 13, 52, 4747 }, // U+046A
    { 15, 10, 213, -2, 10, 38, 4799 }, // U+046B
    { 23, 13, 349, -1, 13, 75, 4837 }, // U+046C
    { 18, 10, 295, 0, 10, 45, 4912 }, // U+046D
    { 12, 19, 165, -1, 15, 57, 4957 }, // U+046E
    { 10, 16, 140, -1, 12, 40, 5014 }, // U+046F
    { 17, 13, 265, 1, 13, 56, 5054 }, // U+0470
    { 12, 18, 196, 1, 13, 54, 5110 }, // U+0471
    { 12, 14, 215, 1, 13, 42, 5164 }, // U+0472
    { 10, 11, 168, 0, 10, 28, 5206 }, // U+0473
    { 14, 13, 202, 1, 13, 46, 5234 }, // U+0474
    { 12, 11, 171, 0, 10, 33, 5280 }, // U+0475
    { 14, 17, 202, 1, 17, 60, 5313 }, // U+0476
    { 12, 15, 171, 0, 14, 45, 5373 }, // U+0477
    { 21, 18, 355, 1, 13, 95, 5418 }, // U+0478
    { 19, 15, 304, 0, 10, 72, 5513 }, // U+0479
    { 13, 16, 226, 1, 14, 52, 5585 }, // U+047A
    { 11, 12, 176, 0, 11, 33, 5637 }, // U+047B
    { 18, 19, 311, 1, 18, 86, 5670 }, // U+047C
    { 16, 17, 262, 0, 16, 68, 5756 }, // U+047D
    { 17, 15, 279, 1, 15, 64, 5824 }, // U+047E
    { 14, 12, 223, 0, 12, 42, 5888 }, // U+047F
    { 11, 18, 182, 1, 13, 50, 5930 }, // U+0480
    { 9, 15, 144, 0, 10, 34, 5980 }, // U+0481
    { 10, 12, 166, 0, 11, 30, 6014 }, // U+0482
    { 8, 4, 0, -3, 13, 8, 6044 }, // U+0483
    { 8, 3, 0, -3, 13, 6, 6052 }, // U+0484
    { 3, 4, 0, 0, 14, 3, 6058 }, // U+0485
    { 3, 4, 0, 0, 14, 3, 6061 }, // U+0486
    { 8, 4, 0, -2, 16, 8, 6064 }, // U+0487
    { 22, 20, 0, -11, 15, 110, 6072 }, // U+0488
    { 22, 21, 0, -11, 15, 116, 6182 }, // U+0489
    { 17, 21, 228, -1, 17, 90, 6298 }, // U+048A
    { 12, 18, 183, 0, 14, 54, 6388 }, // U+048B
    { 12, 13, 181, -1, 13, 39, 6442 }, // U+048C
    { 10, 12, 162, 0, 11, 30, 6481 }, // U+048D
    { 13, 13, 180, -1, 13, 43, 6511 }, // U+048E
    { 11, 15, 169, -1, 10, 42, 6554 }, // U+048F
    { 13, 15, 147, -1, 15, 49, 6596 }, // U+0490
    { 9, 12, 131, 0, 12, 27, 6645 }, // U+0491
    { 13, 13, 161, -1, 13, 43, 6672 }, // U+0492
    { 9, 10, 138, 0, 10, 23, 6715 }, // U+0493
    { 13, 18, 196, -1, 13, 59, 6738 }, // U+0494
    { 10, 15, 163, 0, 10, 38, 6797 }, // U+0495
    { 20, 17, 289, -1, 13, 85, 6835 }, // U+0496
    { 21, 14, 320, 0, 10, 74, 6920 }, // U+0497
    { 11, 17, 167, 0, 13, 47, 6994 }, // U+0498
    { 9, 14, 141, 0, 10, 32, 7041 }, // U+0499
    { 15, 17, 206, -1, 13, 64, 7073 }, // U+049A
    { 11, 14, 165, 0, 10, 39, 7137 }, // U+049B
    { 16, 13, 212, -1, 13, 52, 7176 }, // U+049C
    { 12, 11, 179, 0, 10, 33, 7228 }, // U+049D
    { 15, 13, 202, -1, 13, 49, 7261 }, // U+049E
    { 11, 14, 165, 0, 13, 39, 7310 }, // U+049F
    { 15, 13, 232, 1, 13, 49, 7349 }, // U+04A0
    { 13, 11, 200, 0, 10, 36, 7398 }, // U+04A1
    { 17, 17, 223, -1, 13, 73, 7434 }, // U+04A2
    { 12, 14, 186, 0, 10, 42, 7507 }, // U+04A3
    { 19, 13, 254, -1, 13, 62, 7549 }, // U+04A4
    { 15, 11, 222, 0, 10, 42, 7611 }, // U+04A5
    { 20, 18, 307, -1, 13, 90, 7653 }, // U+04A6
    { 15, 15, 249, 0, 10, 57, 7743 }, // U+04A7
    { 13, 14, 229, 1, 13, 46, 7800 }, // U+04A8
    { 11, 11, 186, 0, 10, 31, 7846 }, // U+04A9
    { 11, 17, 182, 1, 13, 47, 7877 }, // U+04AA
    { 9, 14, 144, 0, 10, 32, 7924 }, // U+04AB
    { 12, 17, 178, 1, 13, 51, 7956 }, // U+04AC
    { 17, 14, 264, 0, 10, 60, 8007 }, // U+04AD
    { 13, 13, 188, 1, 13, 43, 8067 }, // U+04AE
    { 10, 15, 159, 0, 10, 38, 8110 }, // U+04AF
    { 13, 13, 188, 1, 13, 43, 8148 }, // U+04B0
    { 10, 15, 159, 0, 10, 38, 8191 }, // U+04B1
    { 15, 17, 205, -1, 13, 64, 8229 }, // U+04B2
    { 12, 14, 164, -1, 10, 42, 8293 }, // U+04B3
    { 17, 17, 267, 1, 13, 73, 8335 }, // U+04B4
    { 14, 14, 217, 0, 10, 49, 8408 }, // U+04B5
    { 14, 17, 205, 1, 13, 60, 8457 }, // U+04B6
    { 11, 14, 178, 0, 10, 39, 8517 }, // U+04B7
    { 14, 13, 213, 1, 13, 46, 8556 }, // U+04B8
    { 11, 11, 167, 0, 10, 31, 8602 }, // U+04B9
    { 14, 13, 212, -1, 13, 46, 8633 }, // U+04BA
    { 11, 14, 178, 0, 13, 39, 8679 }, // U+04BB
    { 14, 14, 223, 0, 13, 49, 8718 }, // U+04BC
    { 12, 11, 181, 0, 10, 33, 8767 }, // U+04BD
    { 14, 17, 223, 0, 13, 60, 8800 }, // U+04BE
    { 12, 14, 181, 0, 10, 42, 8860 }, // U+04BF
    { 10, 13, 109, -1, 13, 33, 8902 }, // U+04C0
    { 21, 17, 282, -2, 17, 90, 8935 }, // U+04C1
    { 19, 15, 279, -1, 14, 72, 9025 }, // U+04C2
    { 15, 18, 198, -1, 13, 68, 9097 }, // U+04C3
    { 11, 15, 168, 0, 10, 42, 9165 }, // U+04C4
    { 15, 17, 201, -1, 13, 64, 9207 }, // U+04C5
    { 12, 14, 186, 0, 10, 42, 9271 }, // U+04C6
    { 17, 18, 223, -1, 13, 77, 9313 }, // U+04C7
    { 11, 15, 181, 0, 10, 42, 9390 }, // U+04C8
    { 17, 17, 228, -1, 13, 73, 9432 }, // U+04C9
    { 12, 14, 186, 0, 10, 42, 9505 }, // U+04CA
    { 14, 17, 205, 1, 13, 60, 9547 }, // U+04CB
    { 11, 14, 178, 0, 10, 39, 9607 }, // U+04CC
    { 19, 17, 264, -1, 13, 81, 9646 }, // U+04CD
    { 16, 14, 258, 0, 10, 56, 9727 }, // U+04CE
    { 10, 13, 109, -1, 13, 33, 9783 }, // U+04CF
    { 14, 17, 205, -1, 17, 60, 9816 }, // U+04D0
    { 11, 15, 181, 0, 14, 42, 9876 }, // U+04D1
    { 14, 16, 205, -1, 16, 56, 9918 }, // U+04D2
    { 11, 14, 181, 0, 13, 39, 9974 }, // U+04D3
    { 19, 13, 270, -1, 13, 62, 10013 }, // U+04D4
    { 15, 11, 239, 0, 10, 42, 10075 }, // U+04D5
    { 13, 17, 172, -1, 17, 56, 10117 }, // U+04D6
    { 10, 15, 146, 0, 14, 38, 10173 }, // U+04D7
    { 12, 14, 191, 0, 13, 42, 10211 }, // U+04D8
    { 9, 11, 153, 0, 10, 25, 10253 }, // U+04D9
    { 12, 17, 191, 0, 16, 51, 10278 }, // U+04DA
    { 9, 14, 153, 0, 13, 32, 10329 }, // U+04DB
    { 21, 16, 282, -2, 16, 84, 10361 }, // U+04DC
    { 19, 14, 279, -1, 13, 67, 10445 }, // U+04DD
    { 12, 17, 169, -1, 16, 51, 10512 }, // U+04DE
    { 9, 14, 139, 0, 13, 32, 10563 }, // U+04DF
    { 11, 14, 165, 0, 13, 39, 10595 }, // U+04E0
    { 11, 15, 152, -1, 10, 42, 10634 }, // U+04E1
    { 17, 15, 224, -1, 15, 64, 10676 }, // U+04E2
    { 12, 13, 183, 0, 12, 39, 10740 }, // U+04E3
    { 17, 16, 224, -1, 16, 68, 10779 }, // U+04E4
    { 12, 14, 183, 0, 13, 42, 10847 }, // U+04E5
    { 12, 17, 215, 1, 16, 51, 10889 }, // U+04E6
    { 10, 14, 168, 0, 13, 35, 10940 }, // U+04E7
    { 12, 14, 215, 1, 13, 42, 10975 }, // U+04E8
    { 10, 11, 168, 0, 10, 28, 11017 }, // U+04E9
    { 12, 17, 215, 1, 16, 51, 11045 }, // U+04EA
    { 10, 14, 168, 0, 13, 35, 11096 }, // U+04EB
    { 12, 17, 179, -1, 16, 51, 11131 }, // U+04EC
    { 9, 14, 143, 0, 13, 32, 11182 }, // U+04ED
    { 13, 16, 190, 1, 15, 52, 11214 }, // U+04EE
    { 13, 17, 159, -3, 12, 56, 11266 }, // U+04EF
    { 13, 17, 190, 1, 16, 56, 11322 }, // U+04F0
    { 13, 18, 159, -3, 13, 59, 11378 }, // U+04F1
    { 13, 18, 190, 1, 17, 59, 11437 }, // U+04F2
    { 14, 19, 159, -3, 14, 67, 11496 }, // U+04F3
    { 14, 16, 213, 1, 16, 56, 11563 }, // U+04F4
    { 11, 14, 167, 0, 13, 39, 11619 }, // U+04F5
    { 13, 17, 161, -1, 13, 56, 11658 }, // U+04F6
    { 10, 14, 138, -1, 10, 35, 11714 }, // U+04F7
    { 19, 16, 266, -1, 16, 76, 11749 }, // U+04F8
    { 15, 14, 234, 0, 13, 53, 11825 }, // U+04F9
    { 13, 17, 161, -1, 13, 56, 11878 }, // U+04FA
    { 9, 14, 138, 0, 10, 32, 11934 }, // U+04FB
    { 15, 17, 202, -1, 13, 64, 11966 }, // U+04FC
    { 12, 14, 164, -1, 10, 42, 12030 }, // U+04FD
    { 15, 13, 199, -1, 13, 49, 12072 }, // U+04FE
    { 12, 10, 164, -1, 10, 30, 12121 }, // U+04FF
    { 14, 17, 205, -1, 13, 60, 0 }, // U+1EA0
    { 11, 14, 181, 0, 10, 39, 60 }, // U+1EA1
    { 14, 17, 205, -1, 17, 60, 99 }, // U+1EA2
    { 11, 16, 181, 0, 15, 44, 159 }, // U+1EA3
    { 15, 17, 205, -1, 17, 64, 203 }, // U+1EA4
    { 12, 15, 181, 0, 14, 45, 267 }, // U+1EA5
    { 14, 17, 205, -1, 17, 60, 312 }, // U+1EA6
    { 11, 15, 181, 0, 14, 42, 372 }, // U+1EA7
    { 14, 18, 205, -1, 18, 63, 414 }, // U+1EA8
    { 11, 16, 181, 0, 15, 44, 477 }, // U+1EA9
    { 14, 18, 205, -1, 18, 63, 521 }, // U+1EAA
    { 11, 17, 181, 0, 16, 47, 584 }, // U+1EAB
    { 14, 21, 205, -1, 17, 74, 631 }, // U+1EAC
    { 11, 18, 181, 0, 14, 50, 705 }, // U+1EAD
    { 14, 18, 205, -1, 18, 63, 755 }, // U+1EAE
    { 11, 16, 181, 0, 15, 44, 818 }, // U+1EAF
    { 14, 18, 205, -1, 18, 63, 862 }, // U+1EB0
    { 11, 16, 181, 0, 15, 44, 925 }, // U+1EB1
    { 14, 18, 205, -1, 18, 63, 969 }, // U+1EB2
    { 11, 16, 181, 0, 15, 44, 1032 }, // U+1EB3
    { 14, 18, 205, -1, 18, 63, 1076 }, // U+1EB4
    { 11, 17, 181, 0, 16, 47, 1139 }, // U+1EB5
    { 14, 20, 205, -1, 16, 70, 1186 }, // U+1EB6
    { 11, 17, 181, 0, 13, 47, 1256 }, // U+1EB7
    { 13, 17, 172, -1, 13, 56, 1303 }, // U+1EB8
    { 10, 14, 146, 0, 10, 35, 1359 }, // U+1EB9
    { 13, 17, 172, -1, 17, 56, 1394 }, // U+1EBA
    { 10, 16, 146, 0, 15, 40, 1450 }, // U+1EBB
    { 13, 16, 172, -1, 16, 52, 1490 }, // U+1EBC
    { 10, 14, 146, 0, 13, 35, 1542 }, // U+1EBD
    { 14, 17, 172, -1, 17, 60, 1577 }, // U+1EBE
    { 12, 15, 146, 0, 14, 45, 1637 }, // U+1EBF
    { 13, 17, 172, -1, 17, 56, 1682 }, // U+1EC0
    { 10, 15, 146, 0, 14, 38, 1738 }, // U+1EC1
    { 13, 18, 172, -1, 18, 59, 1776 }, // U+1EC2
    { 11, 16, 146, 0, 15, 44, 1835 }, // U+1EC3
    { 13, 18, 172, -1, 18, 59, 1879 }, // U+1EC4
    { 10, 17, 146, 0, 16, 43, 1938 }, // U+1EC5
    { 13, 21, 172, -1, 17, 69, 1981 }, // U+1EC6
    { 10, 18, 146, 0, 14, 45, 2050 }, // U+1EC7
    { 10, 17, 109, -1, 17, 43, 2095 }, // U+1EC8
    { 7, 16, 96, 0, 15, 28, 2138 }, // U+1EC9
    { 10, 17, 109, -1, 13, 43, 2166 }, // U+1ECA
    { 6, 18, 96, 0, 14, 27, 2209 }, // U+1ECB
    { 12, 17, 215, 1, 13, 51, 2236 }, // U+1ECC
    { 10, 14, 168, 0, 10, 35, 2287 }, // U+1ECD
    { 12, 18, 215, 1, 17, 54, 2322 }, // U+1ECE
    { 10, 16, 168, 0, 15, 40, 2376 }, // U+1ECF
    { 13, 18, 215, 1, 17, 59, 2416 }, // U+1ED0
    { 12, 15, 168, 0, 14, 45, 2475 }, // U+1ED1
    { 12, 18, 215, 1, 17, 54, 2520 }, // U+1ED2
    { 10, 15, 168, 0, 14, 38, 2574 }, // U+1ED3
    { 13, 19, 215, 1, 18, 62, 2612 }, // U+1ED4
    { 12, 16, 168, 0, 15, 48, 2674 }, // U+1ED5
    { 12, 19, 215, 1, 18, 57, 2722 }, // U+1ED6
    { 11, 17, 168, 0, 16, 47, 2779 }, // U+1ED7
    { 12, 21, 215, 1, 17, 63, 2826 }, // U+1ED8
    { 10, 18, 168, 0, 14, 45, 2889 }, // U+1ED9
    { 15, 18, 229, 1, 17, 68, 2934 }, // U+1EDA
    { 13, 15, 182, 0, 14, 49, 3002 }, // U+1EDB
    { 15, 18, 229, 1, 17, 68, 3051 }, // U+1EDC
    { 13, 15, 182, 0, 14, 49, 3119 }, // U+1EDD
    { 15, 18, 229, 1, 17, 68, 3168 }, // U+1EDE
    { 13, 16, 182, 0, 15, 52, 3236 }, // U+1EDF
    { 15, 17, 229, 1, 16, 64, 3288 }, // U+1EE0
    { 13, 14, 182, 0, 13, 46, 3352 }, // U+1EE1
    { 15, 18, 229, 1, 14, 68, 3398 }, // U+1EE2
    { 13, 15, 182, 0, 11, 49, 3466 }, // U+1EE3
    { 14, 17, 203, 1, 13, 60, 3515 }, // U+1EE4
    { 12, 14, 183, 0, 10, 42, 3575 }, // U+1EE5
    { 14, 18, 203, 1, 17, 63, 3617 }, // U+1EE6
    { 12, 16, 183, 0, 15, 48, 3680 }, // U+1EE7
    { 15, 18, 232, 1, 17, 68, 3728 }, // U+1EE8
    { 15, 15, 212, 0, 14, 57, 3796 }, // U+1EE9
    { 15, 18, 232, 1, 17, 68, 3853 }, // U+1EEA
    { 15, 15, 212, 0, 14, 57, 3921 }, // U+1EEB
    { 15, 18, 232, 1, 17, 68, 3978 }, // U+1EEC
    { 15, 16, 212, 0, 15, 60, 4046 }, // U+1EED
    { 15, 17, 232, 1, 16, 64, 4106 }, // U+1EEE
    { 15, 14, 212, 0, 13, 53, 4170 }, // U+1EEF
    { 15, 18, 232, 1, 14, 68, 4223 }, // U+1EF0
    { 15, 15, 212, 0, 11, 57, 4291 }, // U+1EF1
    { 13, 17, 188, 1, 17, 56, 4348 }, // U+1EF2
    { 13, 19, 159, -3, 14, 62, 4404 }, // U+1EF3
    { 13, 17, 188, 1, 13, 56, 4466 }, // U+1EF4
    { 13, 15, 159, -3, 10, 49, 4522 }, // U+1EF5
    { 13, 17, 188, 1, 17, 56, 4571 }, // U+1EF6
    { 13, 20, 159, -3, 15, 65, 4627 }, // U+1EF7
    { 13, 16, 188, 1, 16, 52, 4692 }, // U+1EF8
    { 13, 18, 159, -3, 13, 59, 4744 }, // U+1EF9
    { 0, 0, 136, 0, 0, 0, 0 }, // U+2000
    { 0, 0, 272, 0, 0, 0, 0 }, // U+2001
    { 0, 0, 136, 0, 0, 0, 0 }, // U+2002
    { 0, 0, 272, 0, 0, 0, 0 }, // U+2003
    { 0, 0, 91, 0, 0, 0, 0 }, // U+2004
    { 0, 0, 68, 0, 0, 0, 0 }, // U+2005
    { 0, 0, 45, 0, 0, 0, 0 }, // U+2006
    { 0, 0, 152, 0, 0, 0, 0 }, // U+2007
    { 0, 0, 83, 0, 0, 0, 0 }, // U+2008
    { 0, 0, 45, 0, 0, 0, 0 }, // U+2009
    { 0, 0, 27, 0, 0, 0, 0 }, // U+200A
    { 0, 0, 0, 0, 0, 0, 0 }, // U+200B
    { 2, 14, 0, -1, 11, 7, 0 }, // U+200C
    { 4, 15, 0, -2, 12, 15, 7 }, // U+200D
    { 5, 15, 0, -1, 12, 19, 22 }, // U+200E
    { 5, 15, 0, -4, 12, 19, 41 }, // U+200F
    { 5, 3, 84, 0, 6, 4, 60 }, // U+2010
    { 5, 3, 84, 0, 6, 4, 64 }, // U+2011
    { 10, 2, 152, 0, 7, 5, 68 }, // U+2012
    { 10, 3, 136, -1, 6, 8, 73 }, // U+2013
    { 19, 3, 272, -1, 6, 15, 81 }, // U+2014
    { 19, 3, 272, -1, 6, 15, 96 }, // U+2015
    { 6, 18, 152, 2, 13, 27, 111 }, // U+2016
    { 9, 4, 112, -2, 0, 9, 138 }, // U+2017
    { 5, 7, 76, 1, 13, 9, 147 }, // U+2018
    { 5, 7, 76, 1, 13, 9, 156 }, // U+2019
    { 5, 6, 76, -1, 3, 8, 165 }, // U+201A
    { 4, 7, 76, 2, 13, 7, 173 }, // U+201B
    { 9, 7, 133, 1, 13, 16, 180 }, // U+201C
    { 8, 7, 133, 1, 13, 14, 196 }, // U+201D
    { 9, 6, 133, -1, 3, 14, 210 }, // U+201E
    { 8, 7, 133, 1, 13, 14, 224 }, // U+201F
    { 8, 15, 130, 1, 13, 30, 238 }, // U+2020
    { 10, 15, 130, -1, 13, 38, 268 }, // U+2021
    { 6, 6, 109, 1, 9, 9, 306 }, // U+2022
    { 6, 6, 136, 2, 9, 9, 315 }, // U+2023
    { 4, 4, 83, 1, 8, 4, 324 }, // U+2024
    { 9, 4, 160, 1, 8, 9, 328 }, // U+2025
    { 14, 4, 249, 0, 3, 14, 337 }, // U+2026
    { 4, 4, 83, 1, 7, 4, 351 }, // U+2027
    { 0, 0, 163, 0, 0, 0, 355 }, // U+2028
    { 0, 0, 163, 0, 0, 0, 355 }, // U+2029
    { 5, 14, 0, -1, 11, 18, 355 }, // U+202A
    { 5, 14, 0, -4, 11, 18, 373 }, // U+202B
    { 4, 15, 0, -2, 12, 15, 391 }, // U+202C
    { 4, 15, 0, -2, 12, 15, 406 }, // U+202D
    { 4, 15, 0, -2, 12, 15, 421 }, // U+202E
    { 0, 0, 45, 0, 0, 0, 436 }, // U+202F
    { 21, 14, 354, 1, 13, 74, 436 }, // U+2030
    { 28, 14, 464, 1, 13, 98, 510 }, // U+2031
    { 4, 6, 79, 2, 13, 6, 608 }, // U+2032
    { 8, 6, 141, 2, 13, 12, 614 }, // U+2033
    { 12, 6, 203, 2, 13, 18, 626 }, // U+2034
    { 4, 6, 79, 2, 13, 6, 644 }, // U+2035
    { 8, 6, 141, 2, 13, 12, 650 }, // U+2036
    { 12, 6, 203, 2, 13, 18, 662 }, // U+2037
    { 8, 6, 120, -1, 1, 12, 680 }, // U+2038
    { 5, 7, 96, 1, 8, 9, 692 }, // U+2039
    { 5, 7, 96, 0, 8, 9, 701 }, // U+203A
    { 12, 13, 223, 1, 13, 39, 710 }, // U+203B
    { 10, 14, 171, 1, 13, 35, 749 }, // U+203C
    { 10, 14, 157, 1, 13, 35, 784 }, // U+203D
    { 9, 2, 125, 1, 14, 5, 819 }, // U+203E
    { 14, 4, 0, -12, 0, 14, 824 }, // U+203F
    { 15, 4, 0, -11, 15, 15, 838 }, // U+2040
    { 8, 13, 122, -1, 13, 26, 853 }, // U+2041
    { 17, 14, 272, 0, 13, 60, 879 }, // U+2042
    { 6, 4, 98, 0, 8, 6, 939 }, // U+2043
    { 11, 13, 17, -5, 13, 36, 945 }, // U+2044
    { 9, 16, 113, 0, 13, 36, 981 }, // U+2045
    { 8, 16, 113, -1, 13, 32, 1017 }, // U+2046
    { 18, 14, 290, 1, 13, 63, 1049 }, // U+2047
    { 14, 14, 230, 1, 13, 49, 1112 }, // U+2048
    { 14, 14, 229, 1, 13, 49, 1161 }, // U+2049
    { 9, 14, 166, 0, 10, 32, 1210 }, // U+204A
    { 11, 15, 171, 1, 13, 42, 1242 }, // U+204B
    { 10, 7, 168, 0, 10, 18, 1284 }, // U+204C
    { 10, 7, 168, 0, 10, 18, 1302 }, // U+204D
    { 9, 7, 137, 0, 9, 16, 1320 }, // U+204E
    { 6, 13, 97, 0, 10, 20, 1336 }, // U+204F
    { 13, 14, 209, 0, 13, 46, 1356 }, // U+2050
    { 10, 14, 137, -1, 13, 35, 1402 }, // U+2051
    { 8, 14, 119, 0, 13, 28, 1437 }, // U+2052
    { 9, 4, 152, 0, 8, 9, 1465 }, // U+2053
    { 14, 4, 0, -5, 0, 14, 1474 }, // U+2054
    { 9, 8, 147, 0, 10, 18, 1488 }, // U+2055
    { 10, 11, 171, 0, 10, 28, 1506 }, // U+2056
    { 16, 6, 265, 2, 13, 24, 1534 }, // U+2057
    { 11, 11, 208, 1, 10, 31, 1558 }, // U+2058
    { 11, 11, 208, 1, 10, 31, 1589 }, // U+2059
    { 3, 14, 83, 1, 13, 11, 1620 }, // U+205A
    { 11, 14, 208, 1, 13, 39, 1631 }, // U+205B
    { 10, 10, 190, 1, 10, 25, 1670 }, // U+205C
    { 4, 14, 83, 1, 13, 14, 1695 }, // U+205D
    { 3, 14, 83, 1, 13, 11, 1709 }, // U+205E
    { 0, 0, 60, 0, 0, 0, 1720 }, // U+205F
    { 0, 0, 163, 0, 0, 0, 1720 }, // U+2060
    { 0, 0, 163, 0, 0, 0, 1720 }, // U+2061
    { 0, 0, 163, 0, 0, 0, 1720 }, // U+2062
    { 0, 0, 163, 0, 0, 0, 1720 }, // U+2063
    { 0, 0, 163, 0, 0, 0, 1720 }, // U+2064
    { 0, 0, 163, 0, 0, 0, 1720 }, // U+2066
    { 0, 0, 163, 0, 0, 0, 1720 }, // U+2067
    { 0, 0, 163, 0, 0, 0, 1720 }, // U+2068
    { 0, 0, 163, 0, 0, 0, 1720 }, // U+2069
    { 4, 15, 0, -2, 12, 15, 1720 }, // U+206A
    { 4, 15, 0, -2, 12, 15, 1735 }, // U+206B
    { 4, 15, 0, -2, 12, 15, 1750 }, // U+206C
    { 4, 15, 0, -2, 12, 15, 1765 }, // U+206D
    { 4, 15, 0, -2, 12, 15, 1780 }, // U+206E
    { 4, 15, 0, -2, 12, 15, 1795 }, // U+206F
    { 7, 9, 109, 1, 15, 16, 0 }, // U+2070
    { 4, 9, 63, 1, 13, 9, 16 }, // U+2071
    { 8, 8, 109, 0, 14, 16, 25 }, // U+2074
    { 7, 8, 109, 1, 14, 14, 41 }, // U+2075
    { 7, 9, 109, 1, 15, 16, 55 }, // U+2076
    { 7, 8, 109, 2, 14, 14, 71 }, // U+2077
    { 7, 9, 109, 1, 15, 16, 85 }, // U+2078
    { 7, 9, 109, 1, 15, 16, 101 }, // U+2079
    { 7, 7, 109, 1, 13, 13, 117 }, // U+207A
    { 7, 2, 109, 1, 11, 4, 130 }, // U+207B
    { 7, 4, 109, 1, 12, 7, 134 }, // U+207C
    { 6, 11, 68, 1, 16, 17, 141 }, // U+207D
    { 6, 11, 68, -1, 16, 17, 158 }, // U+207E
    { 8, 7, 119, 1, 11, 14, 175 }, // U+207F
    { 7, 9, 109, 0, 7, 16, 189 }, // U+2080
    { 6, 8, 109, -1, 6, 12, 205 }, // U+2081
    { 7, 9, 109, -1, 7, 16, 217 }, // U+2082
    { 7, 9, 109, -1, 7, 16, 233 }, // U+2083
    { 7, 8, 109, -1, 6, 14, 249 }, // U+2084
    { 7, 8, 109, -1, 6, 14, 263 }, // U+2085
    { 7, 9, 109, 0, 7, 16, 277 }, // U+2086
    { 7, 8, 109, 0, 6, 14, 293 }, // U+2087
    { 7, 9, 109, -1, 7, 16, 307 }, // U+2088
    { 7, 9, 109, 0, 7, 16, 323 }, // U+2089
    { 7, 7, 109, 0, 5, 13, 339 }, // U+208A
    { 7, 2, 109, 0, 3, 4, 352 }, // U+208B
    { 6, 4, 109, 0, 4, 6, 356 }, // U+208C
    { 6, 11, 68, 0, 7, 17, 362 }, // U+208D
    { 6, 11, 68, -2, 7, 17, 379 }, // U+208E
    { 8, 6, 118, -1, 4, 12, 396 }, // U+2090
    { 6, 6, 95, -1, 4, 9, 408 }, // U+2091
    { 7, 6, 109, -1, 4, 11, 417 }, // U+2092
    { 8, 6, 107, -2, 4, 12, 428 }, // U+2093
    { 6, 6, 99, -1, 4, 9, 440 }, // U+2094
    { 8, 9, 116, -1, 7, 18, 449 }, // U+2095
    { 8, 9, 106, -1, 7, 18, 467 }, // U+2096
    { 4, 9, 63, -1, 7, 9, 485 }, // U+2097
    { 11, 6, 171, -1, 4, 17, 494 }, // U+2098
    { 8, 6, 119, -1, 4, 12, 511 }, // U+2099
    { 8, 9, 110, -2, 4, 18, 523 }, // U+209A
    { 6, 6, 91, -1, 4, 9, 541 }, // U+209B
    { 5, 8, 74, -1, 6, 10, 550 }, // U+209C
    { 13, 13, 209, 0, 13, 43, 0 }, // U+20A0
    { 12, 14, 182, 0, 13, 42, 43 }, // U+20A1
    { 11, 14, 182, 1, 13, 39, 85 }, // U+20A2
    { 12, 13, 152, -1, 13, 39, 124 }, // U+20A3
    { 11, 14, 152, -1, 13, 39, 163 }, // U+20A4
    { 17, 15, 264, 0, 12, 64, 202 }, // U+20A5
    { 16, 13, 214, -1, 13, 52, 266 }, // U+20A6
    { 17, 14, 250, -1, 13, 60, 318 }, // U+20A7
    { 21, 14, 316, -1, 13, 74, 378 }, // U+20A8
    { 20, 13, 290, 0, 13, 65, 452 }, // U+20A9
    { 14, 11, 243, 1, 11, 39, 517 }, // U+20AA
    { 13, 16, 181, 0, 13, 52, 556 }, // U+20AB
    { 11, 14, 152, 0, 13, 39, 608 }, // U+20AC
    { 15, 13, 202, -1, 13, 49, 647 }, // U+20AD
    { 12, 13, 178, 1, 13, 39, 696 }, // U+20AE
    { 19, 18, 301, -1, 14, 86, 735 }, // U+20AF
    { 11, 18, 173, -1, 13, 50, 821 }, // U+20B0
    { 14, 13, 184, -1, 13, 46, 871 }, // U+20B1
    { 12, 15, 217, 1, 13, 45, 917 }, // U+20B2
    { 14, 13, 205, -1, 13, 46, 962 }, // U+20B3
    { 13, 14, 167, -1, 13, 46, 1008 }, // U+20B4
    { 11, 15, 182, 1, 13, 42, 1054 }, // U+20B5
    { 11, 14, 162, 0, 13, 39, 1096 }, // U+20B6
    { 11, 15, 152, 0, 13, 42, 1135 }, // U+20B7
    { 11, 13, 152, 0, 13, 36, 1177 }, // U+20B8
    { 10, 13, 152, 1, 13, 33, 1213 }, // U+20B9
    { 11, 13, 152, -1, 13, 36, 1246 }, // U+20BA
    { 11, 14, 178, 1, 13, 39, 1282 }, // U+20BB
    { 13, 12, 214, 0, 12, 39, 1321 }, // U+20BC
    { 12, 13, 160, -1, 13, 39, 1360 }, // U+20BD
    { 11, 14, 152, 0, 14, 39, 1399 }, // U+20BE
    { 11, 16, 152, -1, 14, 44, 1438 }, // U+20BF
    { 5, 3, 84, 0, 6, 4, 0 }, // U+2212
    { 19, 19, 198, -3, 14, 91, 0 }, // U+FB00
    { 15, 19, 187, -3, 14, 72, 91 }, // U+FB01
    { 15, 19, 193, -3, 14, 72, 163 }, // U+FB02
    { 20, 19, 275, -3, 14, 95, 235 }, // U+FB03
    { 21, 19, 282, -3, 14, 100, 330 }, // U+FB04
    { 16, 19, 206, -3, 14, 76, 430 }, // U+FB05
    { 16, 15, 253, 0, 14, 60, 506 }, // U+FB06
    { 17, 16, 272, 0, 13, 68, 0 }, // U+FFFD
};

static const EpdUnicodeInterval notoserif_c17_bolditalicIntervals[] = {
    { 0x0, 0x0, 0x0 },
    { 0xD, 0xD, 0x1 },
    { 0x20, 0x7E, 0x2 },
    { 0xA0, 0x17F, 0x61 },
    { 0x1A0, 0x1A1, 0x141 },
    { 0x1AF, 0x1B0, 0x143 },
    { 0x1C4, 0x21F, 0x145 },
    { 0x300, 0x36F, 0x1A1 },
    { 0x400, 0x4FF, 0x211 },
    { 0x1EA0, 0x1EF9, 0x311 },
    { 0x2000, 0x2064, 0x36B },
    { 0x2066, 0x2071, 0x3D0 },
    { 0x2074, 0x208E, 0x3DC },
    { 0x2090, 0x209C, 0x3F7 },
    { 0x20A0, 0x20BF, 0x404 },
    { 0x2212, 0x2212, 0x424 },
    { 0xFB00, 0xFB06, 0x425 },
    { 0xFFFD, 0xFFFD, 0x42C },
};

static const EpdFontGroup notoserif_c17_bolditalicGroups[] = {
    { 0, 2150, 3624, 97, 0 },
    { 2150, 1772, 4117, 96, 97 },
    { 3922, 2277, 6725, 128, 193 },
    { 6199, 2245, 5705, 96, 321 },
    { 8444, 735, 953, 112, 417 },
    { 9179, 5966, 13479, 256, 529 },
    { 15145, 1262, 5414, 90, 785 },
    { 16407, 1243, 2085, 111, 875 },
    { 17650, 508, 636, 42, 986 },
    { 18158, 1131, 1621, 32, 1028 },
    { 19289, 8, 6, 1, 1060 },
    { 19297, 300, 592, 7, 1061 },
    { 19597, 76, 80, 1, 1068 },
};

static const uint16_t notoserif_c17_bolditalicKernLeftCodepoints[] = {
    0x0022, 0x0026, 0x0027, 0x0028, 0x002A, 0x002C, 0x002D, 0x002E, 0x0041, 0x0042, 0x0043, 0x0044,
    0x0045, 0x0046, 0x0047, 0x004A, 0x004B, 0x004C, 0x004E, 0x004F, 0x0050, 0x0051, 0x0052, 0x0053,
    0x0054, 0x0055, 0x0056, 0x0057, 0x0058, 0x0059, 0x005B, 0x005F, 0x0061, 0x0062, 0x0063, 0x0065,
    0x0066, 0x0068, 0x006B, 0x006D, 0x006E, 0x006F, 0x0070, 0x0071, 0x0072, 0x0073, 0x0076, 0x0077,
    0x0079, 0x007A, 0x007B, 0x00A1, 0x00AB, 0x00BF, 0x00C0, 0x00C1, 0x00C2, 0x00C3, 0x00C4, 0x00C5,
    0x00C6, 0x00C7, 0x00C8, 0x00C9, 0x00CA, 0x00CB, 0x00D0, 0x00D1, 0x00D2, 0x00D3, 0x00D4, 0x00D5,
    0x00D6, 0x00D8, 0x00D9, 0x00DA, 0x00DB, 0x00DC, 0x00DD, 0x00DE, 0x00DF, 0x00E0, 0x00E1, 0x00E2,
    0x00E3, 0x00E4, 0x00E5, 0x00E6, 0x00E7, 0x00E8, 0x00E9, 0x00EA, 0x00EB, 0x00F0, 0x00F1, 0x00F2,
    0x00F3, 0x00F4, 0x00F5, 0x00F6, 0x00F8, 0x00F9, 0x00FA, 0x00FB, 0x00FC, 0x00FD, 0x00FE, 0x00FF,
    0x0100, 0x0101, 0x0102, 0x0103, 0x0104, 0x0105, 0x0106, 0x0107, 0x0108, 0x0109, 0x010A, 0x010B,
    0x010C, 0x010D, 0x010E, 0x010F, 0x0110, 0x0112, 0x0113, 0x0114, 0x0115, 0x0116, 0x0117, 0x0118,
    0x0119, 0x011A, 0x011B, 0x011C, 0x011E, 0x0120, 0x0122, 0x0125, 0x0127, 0x0132, 0x0134, 0x0136,
    0x0137, 0x0138, 0x0139, 0x013B, 0x013D, 0x013E, 0x0141, 0x0143, 0x0144, 0x0145, 0x0146, 0x0147,
    0x0148, 0x0149, 0x014A, 0x014B, 0x014C, 0x014D, 0x014E, 0x014F, 0x0150, 0x0151, 0x0152, 0x0153,
    0x0154, 0x0155, 0x0156, 0x0157, 0x0158, 0x0159, 0x015A, 0x015B, 0x015C, 0x015D, 0x015E, 0x015F,
    0x0160, 0x0161, 0x0162, 0x0164, 0x0166, 0x0168, 0x0169, 0x016A, 0x016B, 0x016C, 0x016D, 0x016E,
    0x016F, 0x0170, 0x0171, 0x0172, 0x0173, 0x0174, 0x0175, 0x0176, 0x0177, 0x0178, 0x017A, 0x017C,
    0x017E, 0x01A0, 0x01A1, 0x01AF, 0x01B0, 0x01FA, 0x01FB, 0x01FC, 0x01FD, 0x01FE, 0x01FF, 0x0218,
    0x0219, 0x021A, 0x0400, 0x0401, 0x0402, 0x0403, 0x0404, 0x0405, 0x0406, 0x0407, 0x0408, 0x0409,
    0x040A, 0x040B, 0x040C, 0x040D, 0x040E, 0x040F, 0x0410, 0x0411, 0x0412, 0x0413, 0x0414, 0x0415,
    0x0416, 0x0417, 0x0418, 0x0419, 0x041A, 0x041B, 0x041C, 0x041D, 0x041E, 0x041F, 0x0420, 0x0421,
    0x0422, 0x0423, 0x0424, 0x0425, 0x0426, 0x0427, 0x0428, 0x0429, 0x042A, 0x042B, 0x042C, 0x042D,
    0x042E, 0x042F, 0x0430, 0x0431, 0x0432, 0x0433, 0x0434, 0x0435, 0x0436, 0x0437, 0x0438, 0x0439,
    0x043A, 0x043B, 0x043C, 0x043D, 0x043E, 0x043F, 0x0440, 0x0441, 0x0442, 0x0443, 0x0444, 0x0445,
    0x0446, 0x0447, 0x0448, 0x0449, 0x044A, 0x044B, 0x044C, 0x044D, 0x044E, 0x044F, 0x0450, 0x0451,
    0x0452, 0x0453, 0x0454, 0x0455, 0x0456, 0x0457, 0x0458, 0x0459, 0x045A, 0x045B, 0x045C, 0x045D,
    0x045E, 0x045F, 0x0460, 0x0461, 0x0462, 0x0464, 0x0465, 0x0466, 0x0468, 0x046A, 0x046C, 0x046E,
    0x046F, 0x0470, 0x0471, 0x0472, 0x0473, 0x0474, 0x0475, 0x0476, 0x0477, 0x0478, 0x0479, 0x047A,
    0x047B, 0x047C, 0x047D, 0x047E, 0x047F, 0x0480, 0x0481, 0x048A, 0x048B, 0x048C, 0x048E, 0x048F,
    0x0490, 0x0491, 0x0492, 0x0493, 0x0494, 0x0496, 0x0497, 0x0498, 0x0499, 0x049A, 0x049B, 0x049C,
    0x049D, 0x049E, 0x049F, 0x04A0, 0x04A1, 0x04A2, 0x04A3, 0x04A4, 0x04A6, 0x04AA, 0x04AB, 0x04AC,
    0x04AD, 0x04AE, 0x04AF, 0x04B0, 0x04B1, 0x04B2, 0x04B3, 0x04B4, 0x04B5, 0x04B6, 0x04B7, 0x04B8,
    0x04B9, 0x04BA, 0x04BB, 0x04BC, 0x04BD, 0x04BE, 0x04BF, 0x04C1, 0x04C2, 0x04C3, 0x04C5, 0x04C6,
    0x04C7, 0x04C9, 0x04CA, 0x04CC, 0x04CD, 0x04CE, 0x04D0, 0x04D1, 0x04D2, 0x04D3, 0x04D4, 0x04D5,
    0x04D6, 0x04D7, 0x04D8, 0x04D9, 0x04DA, 0x04DB, 0x04DC, 0x04DD, 0x04DE, 0x04DF, 0x04E0, 0x04E1,
    0x04E2, 0x04E3, 0x04E4, 0x04E5, 0x04E6, 0x04E7, 0x04E8, 0x04E9, 0x04EA, 0x04EB, 0x04EC, 0x04ED,
    0x04EE, 0x04EF, 0x04F0, 0x04F1, 0x04F2, 0x04F3, 0x04F4, 0x04F5, 0x04F6, 0x04F7, 0x04F8, 0x04F9,
    0x04FA, 0x04FB, 0x04FC, 0x04FD, 0x04FE, 0x04FF, 0x1EA0, 0x1EA1, 0x1EA2, 0x1EA3, 0x1EA4, 0x1EA5,
    0x1EA6, 0x1EA7, 0x1EA8, 0x1EA9, 0x1EAA, 0x1EAB, 0x1EAC, 0x1EAD, 0x1EAE, 0x1EAF, 0x1EB0, 0x1EB1,
    0x1EB2, 0x1EB3, 0x1EB4, 0x1EB5, 0x1EB6, 0x1EB7, 0x1EB8, 0x1EB9, 0x1EBA, 0x1EBB, 0x1EBC, 0x1EBD,
    0x1EBE, 0x1EBF, 0x1EC0, 0x1EC1, 0x1EC2, 0x1EC3, 0x1EC4, 0x1EC5, 0x1EC6, 0x1EC7, 0x1ECC, 0x1ECD,
    0x1ECE, 0x1ECF, 0x1ED0, 0x1ED1, 0x1ED2, 0x1ED3, 0x1ED4, 0x1ED5, 0x1ED6, 0x1ED7, 0x1ED8, 0x1ED9,
    0x1EDA, 0x1EDB, 0x1EDC, 0x1EDD, 0x1EDE, 0x1EDF, 0x1EE0, 0x1EE1, 0x1EE2, 0x1EE3, 0x1EE4, 0x1EE5,
    0x1EE6, 0x1EE7, 0x1EE8, 0x1EE9, 0x1EEA, 0x1EEB, 0x1EEC, 0x1EED, 0x1EEE, 0x1EEF, 0x1EF0, 0x1EF1,
    0x1EF2, 0x1EF3, 0x1EF4, 0x1EF5, 0x1EF6, 0x1EF7, 0x1EF8, 0x1EF9, 0x2013, 0x2014, 0x2015, 0x2018,
    0x2019, 0x201A, 0x201C, 0x201D, 0x201E, 0x2039, 0x207D, 0x208D, 0x2090, 0x2092, 0xFB00,
};

static const uint8_t notoserif_c17_bolditalicKernLeftClassIds[] = {
      1,   2,   1,   3,   4,   5,   6,   5,   7,   8,   9,  10,  11,  12,  13,  14,
     15,  16,  17,  10,  18,  10,  19,  20,  21,  22,  23,  24,  25,  26,   3,  27,
     28,  29,  30,  30,  31,  28,  32,  28,  28,  29,  29,  33,  34,  35,  36,  37,
     38,  39,   3,  40,  41,  42,  43,  43,  43,  43,  43,  43,  11,   9,  11,  11,
     11,  11,  10,  17,  10,  10,  10,  10,  10,  10,  22,  22,  22,  22,  26,  10,
     35,  28,  28,  28,  28,  28,  28,  30,  30,  30,  30,  30,  30,  29,  28,  29,
     29,  29,  29,  29,  29,  28,  28,  28,  28,  38,  29,  38,   7,  28,  43,  28,
     43,  28,   9,  30,   9,  30,   9,  30,   9,  30,  10,  44,  10,  11,  30,  11,
     30,  11,  30,  11,  30,  11,  30,  13,  13,  13,  13,  28,  28,  14,  14,  15,
     32,  32,  16,  16,  45,  44,  16,  17,  28,  17,  28,  17,  28,  28,  14,  28,
     10,  29,  10,  29,  10,  29,  11,  30,  19,  34,  19,  34,  19,  34,  20,  35,
     20,  35,  20,  35,  20,  35,  21,  21,  21,  22,  28,  22,  28,  22,  28,  22,
     28,  22,  28,  22,  28,  24,  37,  26,  38,  26,  39,  39,  39,  46,  47,  48,
     49,   7,  28,  11,  30,  10,  29,  20,  35,  21,  50,  50,  51,  52,  53,  54,
     55,  55,  56,  57,  57,  58,  59,  55,  60,  55,  61,  62,  63,  52,  64,  50,
     59,  63,  55,  55,  59,  55,  55,  55,  65,  55,  66,  53,  52,  60,  67,  68,
     64,  55,  55,  64,  57,  55,  57,  65,  65,  55,  69,  70,  71,  72,  73,  74,
     75,  71,  69,  69,  76,  69,  69,  69,  77,  78,  77,  79,  78,  80,  77,  76,
     81,  69,  69,  81,  82,  69,  82,  77,  77,  69,  74,  74,  83,  72,  79,  84,
     69,  85,  86,  82,  82,  78,  76,  69,  80,  69,  65,  87,  57,  53,  72,  61,
     61,  88,  88,  63,  72,  89,  90,  65,  71,  60,  90,  60,  90,  91,  80,  65,
     71,  65,  71,  65,  87,  53,  72,  64,  81,  57,  66,  71,  92,  93,  92,  93,
     58,  59,  79,  63,  72,  59,  79,  59,  79,  59,  79,  59,  79,  64,  81,  92,
     58,  53,  72,  92,  81,  89,  90,  89,  90,  68,  76,  64,  81,  64,  81,  55,
     69,  58,  82,  94,  74,  94,  74,  59,  79,  58,  64,  81,  56,  64,  81,  81,
     64,  81,  61,  81,  61,  81,  50,  74,  50,  74,  65,  71,  65,  71,  59,  79,
     63,  71,  63,  95,  55,  81,  55,  81,  65,  71,  65,  71,  65,  71,  65,  77,
     60,  80,  60,  80,  60,  80,  55,  69,  92,  93,  55,  69,  92,  93,  68,  76,
     68,  96,  43,  28,  43,  28,  43,  28,  43,  28,  43,  28,  43,  28,  43,  28,
     43,  28,  43,  28,  43,  28,  43,  28,  43,  28,  11,  30,  11,  30,  11,  30,
     11,  30,  11,  30,  11,  30,  11,  30,  11,  30,  10,  29,  10,  29,  10,  29,
     10,  29,  10,  29,  10,  29,  10,  97,  46,  47,  46,  47,  46,  47,  46,  47,
     46,  47,  22,  28,  22,  28,  48,  49,  48,  49,  48,  49,  48,  49,  48,  49,
     26,  38,  26,  38,  26,  38,  26,  38,   6,   6,   6,  98,  99,   5,  98,  99,
      5,  41, 100, 101, 102, 103,  31,
};

static const uint16_t notoserif_c17_bolditalicKernRightCodepoints[] = {
    0x0022, 0x0026, 0x0027, 0x0029, 0x002A, 0x002C, 0x002D, 0x002E, 0x003A, 0x003B, 0x003F, 0x0041,
    0x0042, 0x0043, 0x0044, 0x0045, 0x0046, 0x0047, 0x0048, 0x0049, 0x004A, 0x004B, 0x004C, 0x004D,
    0x004E, 0x004F, 0x0050, 0x0051, 0x0052, 0x0053, 0x0054, 0x0055, 0x0056, 0x0057, 0x0058, 0x0059,
    0x005A, 0x005C, 0x005D, 0x005F, 0x0061, 0x0062, 0x0063, 0x0064, 0x0065, 0x0067, 0x0068, 0x0069,
    0x006B, 0x006C, 0x006D, 0x006E, 0x006F, 0x0070, 0x0071, 0x0072, 0x0073, 0x0074, 0x0075, 0x0076,
    0x0077, 0x0078, 0x0079, 0x007A, 0x007D, 0x00A9, 0x00AE, 0x00BB, 0x00C0, 0x00C1, 0x00C2, 0x00C3,
    0x00C4, 0x00C5, 0x00C6, 0x00C7, 0x00C8, 0x00C9, 0x00CA, 0x00CB, 0x00CC, 0x00CD, 0x00CE, 0x00CF,
    0x00D0, 0x00D1, 0x00D2, 0x00D3, 0x00D4, 0x00D5, 0x00D6, 0x00D8, 0x00D9, 0x00DA, 0x00DB, 0x00DC,
    0x00DD, 0x00DE, 0x00E0, 0x00E1, 0x00E2, 0x00E3, 0x00E4, 0x00E5, 0x00E6, 0x00E7, 0x00E8, 0x00E9,
    0x00EA, 0x00EB, 0x00EC, 0x00ED, 0x00EE, 0x00EF, 0x00F0, 0x00F1, 0x00F2, 0x00F3, 0x00F4, 0x00F5,
    0x00F6, 0x00F8, 0x00F9, 0x00FA, 0x00FB, 0x00FC, 0x00FD, 0x00FE, 0x00FF, 0x0100, 0x0101, 0x0102,
    0x0103, 0x0104, 0x0105, 0x0106, 0x0107, 0x0108, 0x0109, 0x010A, 0x010B, 0x010C, 0x010D, 0x010E,
    0x010F, 0x0110, 0x0111, 0x0112, 0x0113, 0x0114, 0x0115, 0x0116, 0x0117, 0x0118, 0x0119, 0x011A,
    0x011B, 0x011C, 0x011D, 0x011E, 0x011F, 0x0120, 0x0121, 0x0122, 0x0123, 0x0124, 0x0125, 0x0126,
    0x0127, 0x0128, 0x0129, 0x012A, 0x012B, 0x012C, 0x012D, 0x012E, 0x012F, 0x0130, 0x0132, 0x0133,
    0x0134, 0x0136, 0x0137, 0x0138, 0x0139, 0x013A, 0x013B, 0x013C, 0x013D, 0x013E, 0x013F, 0x0140,
    0x0141, 0x0142, 0x0143, 0x0144, 0x0145, 0x0146, 0x0147, 0x0148, 0x0149, 0x014A, 0x014B, 0x014C,
    0x014D, 0x014E, 0x014F, 0x0150, 0x0151, 0x0152, 0x0153, 0x0154, 0x0155, 0x0156, 0x0157, 0x0158,
    0x0159, 0x015A, 0x015B, 0x015C, 0x015D, 0x015E, 0x015F, 0x0160, 0x0161, 0x0163, 0x0165, 0x0167,
    0x0168, 0x0169, 0x016A, 0x016B, 0x016C, 0x016D, 0x016E, 0x016F, 0x0170, 0x0171, 0x0172, 0x0173,
    0x0174, 0x0175, 0x0176, 0x0177, 0x0178, 0x0179, 0x017A, 0x017B, 0x017C, 0x017D, 0x017E, 0x01A0,
    0x01A1, 0x01AF, 0x01B0, 0x01FA, 0x01FB, 0x01FC, 0x01FD, 0x01FE, 0x01FF, 0x0218, 0x0219, 0x021B,
    0x021E, 0x0400, 0x0401, 0x0402, 0x0403, 0x0404, 0x0405, 0x0406, 0x0407, 0x0408, 0x0409, 0x040A,
    0x040B, 0x040C, 0x040D, 0x040E, 0x040F, 0x0410, 0x0411, 0x0412, 0x0413, 0x0414, 0x0415, 0x0416,
    0x0417, 0x0418, 0x0419, 0x041A, 0x041B, 0x041C, 0x041D, 0x041E, 0x041F, 0x0420, 0x0421, 0x0422,
    0x0423, 0x0424, 0x0425, 0x0426, 0x0427, 0x0428, 0x0429, 0x042A, 0x042B, 0x042C, 0x042D, 0x042E,
    0x042F, 0x0430, 0x0431, 0x0432, 0x0433, 0x0434, 0x0435, 0x0436, 0x0437, 0x0438, 0x0439, 0x043A,
    0x043B, 0x043C, 0x043D, 0x043E, 0x043F, 0x0440, 0x0441, 0x0442, 0x0443, 0x0444, 0x0445, 0x0446,
    0x0447, 0x0448, 0x0449, 0x044A, 0x044B, 0x044C, 0x044D, 0x044E, 0x044F, 0x0450, 0x0451, 0x0452,
    0x0453, 0x0454, 0x0455, 0x0456, 0x0457, 0x0458, 0x0459, 0x045A, 0x045B, 0x045C, 0x045D, 0x045E,
    0x045F, 0x0460, 0x0461, 0x0466, 0x046A, 0x046E, 0x0470, 0x0471, 0x0472, 0x0473, 0x0474, 0x0475,
    0x0476, 0x0477, 0x0478, 0x0479, 0x047A, 0x047B, 0x047C, 0x047D, 0x047E, 0x047F, 0x0480, 0x0481,
    0x048B, 0x048F, 0x0496, 0x0497, 0x0498, 0x0499, 0x049F, 0x04A0, 0x04A1, 0x04A8, 0x04A9, 0x04AA,
    0x04AB, 0x04AC, 0x04AE, 0x04AF, 0x04B0, 0x04B1, 0x04B2, 0x04B3, 0x04B4, 0x04B5, 0x04B6, 0x04B7,
    0x04B8, 0x04B9, 0x04C1, 0x04C2, 0x04C5, 0x04C6, 0x04CB, 0x04CC, 0x04CE, 0x04D0, 0x04D1, 0x04D2,
    0x04D3, 0x04D4, 0x04D5, 0x04D7, 0x04D9, 0x04DB, 0x04DC, 0x04DD, 0x04DE, 0x04DF, 0x04E0, 0x04E2,
    0x04E3, 0x04E4, 0x04E5, 0x04E6, 0x04E7, 0x04E8, 0x04E9, 0x04EA, 0x04EB, 0x04EC, 0x04ED, 0x04EE,
    0x04EF, 0x04F0, 0x04F1, 0x04F2, 0x04F3, 0x04F4, 0x04F5, 0x04F8, 0x04F9, 0x04FC, 0x04FD, 0x04FE,
    0x1EA0, 0x1EA1, 0x1EA2, 0x1EA3, 0x1EA4, 0x1EA5, 0x1EA6, 0x1EA7, 0x1EA8, 0x1EA9, 0x1EAA, 0x1EAB,
    0x1EAC, 0x1EAD, 0x1EAE, 0x1EAF, 0x1EB0, 0x1EB1, 0x1EB2, 0x1EB3, 0x1EB4, 0x1EB5, 0x1EB6, 0x1EB7,
    0x1EB8, 0x1EB9, 0x1EBA, 0x1EBB, 0x1EBC, 0x1EBD, 0x1EBE, 0x1EBF, 0x1EC0, 0x1EC1, 0x1EC2, 0x1EC3,
    0x1EC4, 0x1EC5, 0x1EC6, 0x1EC7, 0x1EC9, 0x1ECB, 0x1ECC, 0x1ECD, 0x1ECE, 0x1ECF, 0x1ED0, 0x1ED1,
    0x1ED2, 0x1ED3, 0x1ED4, 0x1ED5, 0x1ED6, 0x1ED7, 0x1ED8, 0x1ED9, 0x1EDA, 0x1EDB, 0x1EDC, 0x1EDD,
    0x1EDE, 0x1EDF, 0x1EE0, 0x1EE1, 0x1EE2, 0x1EE3, 0x1EE4, 0x1EE5, 0x1EE6, 0x1EE7, 0x1EE8, 0x1EE9,
    0x1EEA, 0x1EEB, 0x1EEC, 0x1EED, 0x1EEE, 0x1EEF, 0x1EF0, 0x1EF1, 0x1EF2, 0x1EF3, 0x1EF4, 0x1EF5,
    0x1EF6, 0x1EF7, 0x1EF8, 0x1EF9, 0x2013, 0x2014, 0x2015, 0x2018, 0x2019, 0x201A, 0x201C, 0x201D,
    0x201E, 0x2026, 0x203A, 0x207E, 0x208E,
};

static const uint8_t notoserif_c17_bolditalicKernRightClassIds[] = {
      1,   2,   1,   3,   4,   5,   6,   7,   8,   8,   9,  10,  11,  12,  11,  11,
     11,  12,  11,  11,  11,  11,  11,  11,  11,  12,  11,  12,  11,  13,  14,  15,
     16,  17,  18,  19,  20,  21,   3,  22,  23,  24,  25,  25,  25,  26,  24,  27,
     24,  28,  29,  29,  25,  29,  25,  29,  30,  31,  32,  33,  34,  35,  36,  37,
      3,  38,  38,  39,  10,  10,  10,  10,  10,  10,  40,  12,  11,  11,  11,  11,
     11,  11,  11,  11,  11,  11,  12,  12,  12,  12,  12,  12,  15,  15,  15,  15,
     19,  11,  23,  23,  23,  23,  23,  23,  23,  25,  25,  25,  25,  25,  27,  27,
     27,  27,  25,  29,  25,  25,  25,  25,  25,  25,  32,  32,  32,  32,  36,  24,
     36,  10,  23,  10,  23,  10,  23,  12,  25,  12,  25,  12,  25,  12,  25,  11,
     25,  11,  25,  11,  25,  11,  25,  11,  25,  11,  25,  11,  25,  12,  25,  12,
     25,  12,  25,  12,  25,  11,  24,  11,  24,  11,  27,  11,  27,  11,  27,  11,
     27,  11,  11,  27,  11,  11,  24,  29,  11,  28,  11,  28,  11,  28,  11,  28,
     11,  28,  11,  29,  11,  29,  11,  29,  41,  11,  29,  12,  25,  12,  25,  12,
     25,  12,  25,  11,  29,  11,  29,  11,  29,  13,  30,  13,  30,  13,  30,  13,
     30,  31,  31,  31,  15,  32,  15,  32,  15,  32,  15,  32,  15,  32,  15,  32,
     17,  34,  19,  36,  19,  20,  37,  20,  37,  20,  37,  12,  25,  15,  32,  10,
     23,  40,  23,  12,  25,  13,  30,  31,  11,  42,  42,  43,  42,  44,  45,  42,
     42,  46,  47,  42,  43,  42,  42,  48,  42,  49,  42,  42,  42,  50,  42,  51,
     52,  42,  42,  42,  47,  42,  42,  44,  42,  42,  44,  43,  48,  53,  54,  42,
     55,  42,  42,  43,  42,  42,  52,  42,  56,  57,  58,  57,  59,  60,  57,  61,
     62,  63,  63,  64,  65,  65,  64,  57,  64,  66,  57,  64,  67,  57,  68,  63,
     69,  63,  63,  70,  63,  63,  61,  64,  71,  57,  57,  72,  59,  57,  73,  74,
     75,  76,  65,  64,  72,  64,  63,  67,  63,  77,  78,  49,  79,  52,  80,  63,
     77,  81,  80,  82,  80,  82,  77,  81,  77,  81,  77,  81,  77,  78,  77,  81,
     63,  66,  51,  61,  52,  61,  72,  83,  70,  77,  81,  77,  81,  83,  80,  82,
     80,  82,  54,  68,  83,  70,  55,  69,  55,  69,  51,  61,  50,  65,  55,  69,
     84,  49,  81,  49,  81,  85,  81,  81,  81,  81,  51,  61,  52,  61,  52,  42,
     63,  42,  63,  77,  81,  77,  81,  77,  81,  52,  61,  48,  67,  48,  67,  48,
     67,  55,  69,  42,  63,  54,  68,  54,  10,  23,  10,  23,  10,  23,  10,  23,
     10,  23,  10,  23,  10,  23,  10,  23,  10,  23,  10,  23,  10,  23,  10,  23,
     11,  25,  11,  25,  11,  25,  11,  25,  11,  25,  11,  25,  11,  25,  11,  25,
     86,  86,  12,  25,  12,  25,  12,  25,  12,  25,  12,  25,  12,  25,  12,  25,
     12,  25,  12,  25,  12,  25,  12,  25,  12,  25,  15,  32,  15,  32,  15,  32,
     15,  32,  15,  32,  15,  32,  15,  32,  19,  36,  19,  36,  19,  36,  19,  36,
      6,   6,   6,  87,   4,  88,  87,   4,  88,  88,  39,  89,  90,
};

static const uint16_t notoserif_c17_bolditalicKernRowOffsets[] = {
        0,     8,    13,    23,    35,    56,    63,    81,    92,    93,   104,   107,   116,   121,   125,   132,
      141,   145,   151,   161,   170,   181,   187,   198,   210,   217,   231,   245,   252,   257,   260,   265,
      267,   269,   280,   284,   290,   296,   300,   305,   309,   314,   319,   337,   352,   355,   371,   382,
      401,   405,   412,   433,   459,   463,   472,   474,   482,   503,   534,   556,   587,   614,   636,   657,
      673,   693,   713,   739,   757,   773,   792,   807,   818,   830,   835,   845,   858,   877,   896,   905,
      925,   951,   966,   972,   979,   996,   999,  1000,  1003,  1005,  1006,  1009,  1018,  1026,  1030,  1032,
     1033,  1034,  1051,  1075,  1076,  1077,  1079,  1080,
};

static const uint8_t notoserif_c17_bolditalicKernSparseCols[] = {
      9,  25,  26,  39,  48,  49,  64,  84,  13,  14,  15,  16,  18,  43,  45,  46,
     47,  49,  52,  64,  68,  74,  75,   1,   4,   6,   9,  39,  47,  48,  49,  64,
     80,  84,  87,  11,  13,  14,  15,  16,  18,  32,  33,  35,  42,  43,  46,  47,
     49,  52,  54,  66,  68,  69,  76,  82,  42,  47,  48,  49,  53,  54,  67,   0,
      1,   3,  11,  13,  14,  15,  16,  18,  24,  25,  31,  32,  33,  35,  37,  40,
     86,   3,   9,  13,  15,  16,  17,  18,  19,  33,  35,  39,   1,   0,   4,   6,
      9,  13,  15,  16,  17,  18,  39,  87,  15,  16,  18,   1,   4,   6,   9,  22,
     24,  25,  39,  87,  13,  15,  16,  18,  39,   4,   6,   9,  87,   1,  11,  24,
     25,  31,  33,  35,   0,   3,  13,  14,  15,  16,  18,  32,  86,   1,   4,   6,
     87,   1,   4,   6,   9,  39,  87,   1,   3,  11,  13,  14,  15,  16,  18,  33,
     35,   9,  13,  15,  16,  17,  18,  33,  35,  39,   1,   4,   6,   9,  11,  22,
     24,  25,  39,  40,  87,   1,   4,   6,   9,  39,  87,   1,   4,   6,   9,  11,
     22,  24,  25,  29,  39,  87,   1,   4,   6,   9,  11,  22,  24,  25,  29,  34,
     39,  87,  11,  12,  24,  25,  33,  35,  37,   1,   4,   6,   9,  11,  12,  22,
     24,  25,  29,  34,  36,  39,  87,  42,  43,  45,  47,  49,  52,  54,  56,  57,
     59,  66,  68,  69,  75,   0,  13,  15,  16,  18,  35,  86,  13,  15,  16,  18,
     35,  15,  16,  18,   0,   2,   3,  20,  86,  24,  25,  16,  18,   3,   4,   6,
     15,  16,  17,  18,  22,  24,  25,  87,   0,  15,  16,  18,   4,   6,  15,  16,
     18,  87,   4,   6,  15,  16,  18,  87,   4,   6,  16,  87,   3,  15,  16,  18,
     86,  13,  14,  15,  18,  42,  47,  48,  52,  54,  13,  14,  15,  16,  18,   0,
      1,   3,  11,  13,  14,  15,  16,  18,  24,  25,  31,  32,  33,  35,  37,  40,
     86,   0,   2,   3,   8,  10,  13,  14,  15,  16,  17,  18,  19,  23,  27,  86,
      3,  13,  15,   4,   6,   9,  13,  15,  16,  18,  22,  24,  25,  29,  30,  33,
     34,  35,  87,   3,   4,   6,  26,  28,  30,  31,  33,  35,  85,  87,   4,   6,
      9,  11,  14,  15,  18,  22,  23,  24,  25,  28,  29,  30,  31,  33,  35,  36,
     87,   3,  26,  28,  85,  42,  47,  52,  64,  69,  70,  83,   0,   2,   3,   7,
     21,  42,  45,  47,  48,  49,  50,  52,  53,  54,  55,  64,  66,  67,  68,  82,
     86,   3,   4,   5,   6,   7,  21,  38,  43,  44,  46,  48,  49,  52,  55,  56,
     58,  59,  62,  64,  66,  68,  70,  72,  73,  74,  87,  47,  52,  64,  67,  42,
     47,  48,  49,  52,  53,  54,  78,  82,  52,  64,  46,  48,  49,  52,  62,  64,
     73,  74,   0,   2,   3,   7,  21,  42,  45,  47,  48,  49,  50,  52,  53,  54,
     55,  64,  66,  67,  68,  82,  86,   0,   2,   3,   5,   7,  38,  42,  43,  44,
     45,  47,  51,  52,  54,  56,  58,  59,  61,  62,  64,  66,  68,  73,  74,  75,
     76,  77,  79,  81,  82,  86,   5,  38,  43,  44,  46,  49,  51,  52,  54,  56,
     57,  59,  62,  66,  68,  69,  73,  74,  76,  80,  83,  86,   2,   3,   4,   5,
      6,   7,  20,  21,  38,  43,  44,  46,  48,  49,  52,  55,  56,  58,  59,  60,
     61,  62,  63,  64,  67,  70,  72,  73,  74,  80,  87,   0,   3,   5,  38,  42,
     43,  44,  47,  49,  51,  52,  54,  56,  57,  59,  62,  64,  66,  68,  69,  72,
     73,  74,  76,  82,  83,  86,   3,   7,  21,  42,  44,  45,  47,  48,  49,  50,
     52,  53,  54,  55,  64,  65,  66,  67,  68,  69,  70,  86,   3,   7,  21,  42,
     44,  47,  48,  49,  50,  52,  53,  54,  64,  67,  69,  70,  78,  82,  83,  84,
     86,   2,  21,  43,  45,  52,  56,  58,  59,  61,  62,  64,  69,  70,  73,  74,
     75,   2,   4,   6,   7,  21,  42,  45,  46,  47,  48,  49,  50,  53,  54,  55,
     64,  67,  78,  82,  87,   2,   4,   6,   7,  21,  38,  46,  47,  48,  49,  50,
     51,  53,  54,  55,  64,  66,  67,  70,  87,   2,   3,   4,   6,   7,  21,  38,
     41,  42,  44,  45,  46,  47,  48,  49,  50,  51,  53,  54,  55,  64,  67,  70,
     78,  86,  87,   5,  38,  43,  44,  52,  54,  56,  58,  59,  62,  64,  66,  68,
     69,  73,  74,  76,  83,  41,  42,  46,  47,  48,  49,  50,  53,  54,  55,  60,
     64,  67,  68,  69,  70,   4,   6,  21,  42,  47,  48,  50,  53,  54,  60,  61,
     64,  66,  67,  68,  69,  70,  75,  87,   3,   4,   6,  42,  47,  54,  62,  64,
     66,  67,  68,  73,  74,  82,  87,   3,   4,   6,  42,  47,  54,  64,  67,  70,
     82,  87,   4,   6,  21,  47,  48,  50,  53,  54,  64,  67,  70,  87,  42,  47,
     54,  64,  67,  42,  47,  54,  55,  56,  59,  64,  66,  67,  80,   5,  42,  43,
     46,  47,  49,  51,  52,  54,  56,  57,  58,  59,   4,   6,  21,  42,  47,  48,
     50,  53,  54,  60,  61,  64,  66,  67,  68,  69,  70,  75,  87,   3,  41,  42,
     46,  47,  48,  49,  50,  53,  54,  55,  60,  61,  64,  66,  67,  68,  70,  86,
     42,  47,  54,  55,  56,  59,  64,  67,  80,   2,   4,   6,  21,  42,  46,  47,
     48,  49,  50,  51,  53,  54,  58,  60,  61,  64,  67,  70,  87,   2,   3,  21,
     38,  41,  42,  45,  46,  47,  48,  49,  50,  52,  53,  54,  55,  60,  61,  64,
     67,  68,  69,  70,  72,  75,  86,   0,   3,  42,  46,  47,  52,  54,  62,  66,
     68,  69,  70,  73,  74,  86,  42,  47,  54,  64,  68,  86,   4,   6,  42,  47,
     54,  67,  87,  41,  42,  46,  47,  48,  49,  50,  53,  54,  55,  60,  64,  67,
     68,  69,  70,  71,  54,  64,  70,  64,  54,  69,  83,  49,  64,  64,   4,   6,
     87,   4,   6,  43,  48,  49,  64,  76,  80,  87,   3,   4,   6,  48,  49,  64,
     80,  87,  47,  49,  64,  78,   3,  86,  80,  35,   9,  26,  35,  39,  46,  48,
     49,  62,  64,  66,  68,  71,  73,  74,  75,  80,  84,   9,  22,  24,  25,  29,
     39,  46,  47,  48,  49,  56,  59,  62,  63,  64,  65,  66,  68,  69,  71,  73,
     74,  75,  84,  88,  89,   0,  35,  35,
};

static const int8_t notoserif_c17_bolditalicKernSparseValues[] = {
     -22,  -11,    5,  -33,  -22,  -22,  -16,  -33,  -11,   -3,  -14,  -11,  -12,   -5,    8,   -5,
       5,    3,   -5,   -5,   -3,    8,   11,   -5,  -33,  -33,  -14,  -22,   -5,  -14,  -19,  -14,
     -14,  -22,  -33,   -5,  -19,   -3,  -24,  -22,  -19,  -14,   -5,   -5,  -16,   -5,    3,   -5,
       5,   -8,  -35,   -5,  -19,  -19,   -5,  -19,  -11,   -5,   -3,   -3,   -3,  -11,   -5,  -22,
      -5,  -19,   -5,  -16,   -5,  -22,  -19,  -19,   -5,   -5,   -5,  -16,   -8,  -14,  -14,  -14,
     -24,   -5,   -5,   -5,  -11,   -8,   -5,  -11,   -5,   -3,   -5,   -8,   -5,   -8,   -5,  -11,
      -5,   -5,   -5,   -5,   -5,   -8,  -14,   -5,   -5,   -5,   -5,  -11,  -22,  -22,  -19,  -11,
     -11,  -11,  -30,  -22,   -5,   -5,   -5,   -5,   -5,   -5,   -5,   -5,   -5,   -5,   -5,   -5,
      -5,   -5,   -8,   -8,  -16,  -22,  -19,   -5,  -22,  -14,  -16,   -8,  -24,   -5,   -5,   -5,
      -5,   -5,  -33,  -33,  -14,  -22,  -33,   -5,   -5,   -5,   -5,   -3,   -8,   -8,   -8,   -5,
      -5,   -5,   -5,   -5,   -5,   -5,   -5,   -3,   -5,   -5,   -5,  -24,  -24,  -16,   -5,   -8,
      -8,   -8,  -22,   14,  -24,   -5,   -5,   -5,   -5,   -5,   -5,   -8,  -30,  -30,  -22,   -5,
     -16,  -16,  -16,  -11,  -35,  -30,   -8,  -24,  -24,  -16,   -5,  -14,  -16,  -16,   -8,   -5,
     -35,  -24,   -5,   -3,   -3,   -3,   -8,  -14,  -11,   -8,  -22,  -22,  -19,   -8,   -5,  -16,
     -19,  -19,  -16,   -3,   -3,  -24,  -22,  -11,   -5,   16,   -8,   14,  -11,  -30,   -5,   -5,
      -5,   11,  -22,   -5,   16,  -11,   -5,  -14,  -11,  -14,   -5,  -11,   -8,  -16,  -16,  -19,
      -5,  -14,  -14,  -19,   22,   24,   22,   27,   16,   -5,   -5,  -11,   -5,    8,  -57,  -57,
      -8,  -11,  -14,   -8,   -5,   -5,   -5,  -57,   -5,   -8,   -8,  -14,  -14,  -19,   -8,   -5,
      -8,  -19,  -19,  -19,   -5,   -5,   -8,  -19,  -24,  -24,   -5,  -24,   -5,  -11,   -8,   -8,
      -5,   -5,   -3,  -14,  -16,  -14,  -11,   -5,   -3,  -11,   -8,   -3,  -14,  -14,  -14,  -22,
      -5,  -19,   -5,  -16,   -5,  -22,  -19,  -19,   -5,   -5,   -5,  -14,   -8,  -14,  -14,  -14,
     -24,    8,   19,   11,    8,   14,   19,   19,   24,   19,   19,   27,   22,   24,   24,    8,
      -8,   -8,  -14,   -8,   -8,  -11,    5,    5,    5,    5,   -5,   -5,   -5,   -5,   -5,   -5,
      -5,   -5,   -8,    5,   -3,   -3,    3,    5,    8,    5,    8,    8,    3,   -3,   -8,   -8,
     -16,   -5,    3,    8,    8,  -14,    3,  -16,  -16,   -8,  -16,   -5,   -8,   -5,   -5,   -8,
      -8,    5,    3,    5,    3,   -5,   -5,   -4,   -5,   -5,   -5,   -5,  -46,   -5,  -22,   -3,
      -3,  -22,   -4,  -49,   -3,   -3,   -3,   -5,   -5,  -16,   -3,   -4,   -3,   -3,   -8,  -19,
     -41,    8,  -16,  -11,  -16,   -8,  -11,  -14,   -5,   -3,   -8,  -16,  -11,   -7,   -4,   -8,
      -3,   -8,    5,  -16,   11,    3,   -8,   -4,    5,    5,  -16,   -3,   -3,   -3,   -3,   -3,
      -3,   -3,   -3,   -7,   -3,   -8,   -5,   -5,   -3,   -5,   -5,   -5,   -4,   -5,    8,   -5,
       8,    8,  -27,   -5,  -14,   -3,   -3,  -22,   -4,  -24,   -3,   -3,   -3,   -5,   -5,  -16,
      -3,   -4,   -3,   -3,   -8,  -11,  -24,  -33,  -11,  -19,   -5,   -5,  -14,  -24,  -16,  -11,
      -8,  -38,  -11,  -22,  -35,   -5,   -3,   -5,   -3,   -5,   -5,  -11,  -14,   -5,   -5,   -5,
      -3,   -5,  -14,   -8,  -19,  -27,   -5,   -8,   -8,   -3,    3,    5,   -3,  -14,   -5,   -5,
      -3,   -5,   -3,   -3,   -8,   -8,   -3,    1,   -3,   -5,   -8,   -5,    3,   11,  -30,   -5,
     -30,   -5,    5,  -22,  -11,  -14,   -3,  -16,  -38,  -22,  -16,  -11,  -14,   -8,  -22,  -11,
      -3,   -3,   -5,  -33,   -3,   -5,  -11,   -3,    8,  -11,  -30,  -22,  -19,   -3,   -5,  -16,
      -8,   -3,  -22,    4,   -3,  -14,  -33,   -8,   -5,   -8,   -5,   -3,  -16,  -19,  -11,   -3,
      -5,   -5,   -5,  -16,  -11,  -24,   -3,   -5,   -3,   -7,   -3,   -8,   -8,   -3,   -5,   -3,
      -5,   -3,  -11,   -3,   -5,   -3,   -4,   -7,   -5,   -3,   -5,   -5,   -3,   -5,   -3,  -10,
      -3,  -14,   -3,   -4,   -4,   -3,   -3,  -14,   -5,   -3,   -5,   -3,   -5,   -5,   -5,   -8,
      -5,    3,    8,   -3,    5,   -5,   -4,   -3,   -4,   -3,   -3,   -3,   -3,   -3,   -3,    3,
       5,   -5,   -5,   -5,   -5,   -5,   -5,   -4,   -4,  -20,   -5,  -10,   -5,   -5,   -3,   -3,
     -11,   -3,   -5,   -5,   -5,   -5,  -33,  -33,   -5,  -11,   -3,  -14,   -5,  -14,  -19,  -11,
      -4,  -11,   -7,   -3,  -14,    8,   -3,   -3,  -33,   -5,   -3,   -8,   -8,   -8,  -11,   -3,
      -3,  -11,   -5,   -5,   -8,  -24,   -8,  -14,  -11,   -5,  -11,   -8,   -8,  -11,   -5,   -1,
      -5,   -8,   -8,   -5,   -5,   -5,   -3,  -11,   -5,   -4,   -3,   -4,   -1,   -3,   -3,   -4,
     -11,   -1,    5,   -5,   -8,    7,   -5,   14,  -11,   12,   14,   16,   11,  -14,   14,    3,
       8,    4,   -3,   -4,    1,   -5,   -5,   -5,  -11,  -27,   -5,   -3,   -4,  -10,   -3,   -3,
      -5,   -4,  -10,   -4,   -1,   -3,   -3,   -5,   -3,   -3,   -3,   -8,  -16,  -14,   -4,   -4,
      -3,   -4,   -4,   -4,   -4,   -5,   -3,    5,   -5,   -5,   -3,  -11,   -5,   -8,   -3,   -3,
      -5,   -5,   -5,   -5,   -5,  -14,   -5,   -3,   -3,   -4,   -8,   -4,   -4,   -5,   -3,  -11,
      -5,   -3,   -3,   -3,  -11,   -4,    1,   -3,   -3,   -3,    5,   -1,   -5,   -8,   -4,   -3,
       3,  -14,    5,   -3,   -3,  -14,   -5,   -1,   -3,   -5,   -5,   -5,   -5,  -11,  -19,   -5,
      -3,   -4,  -10,   -3,   -3,   -5,   -4,  -10,   -4,   -1,   -3,   -3,   -5,    8,   11,  -11,
      14,   -8,   14,   15,   16,   12,  -16,   14,    7,    1,   10,   -3,    4,   -5,    4,   -8,
      -3,  -11,   -4,    1,   -3,   -3,   -3,   -1,   -5,   -3,   -5,   -5,   -5,   -3,   -4,   -8,
      -5,   -5,   -3,   -5,   -3,   -8,   -3,   -5,   -3,  -19,  -10,   -3,   -5,   11,   -5,   22,
       4,   11,   -5,   16,   15,   -4,   16,   16,   19,   -3,   16,  -14,   18,    7,    3,   11,
       7,   -3,   -4,    5,    5,    8,   -5,  -19,  -16,  -19,    3,  -19,   -3,  -30,   -3,  -10,
     -12,  -14,   -3,   -3,   -3,  -16,   -5,  -27,  -15,   -8,   -3,   -5,   -5,   -5,   -5,  -16,
     -14,   -4,   -5,    7,   -7,   14,   -8,   12,   14,   16,   11,  -14,   14,    3,    8,    4,
      -3,   -4,    1,    3,   -5,  -14,   -5,  -11,   -5,   -8,   -8,  -16,  -19,  -19,  -24,  -24,
     -24,  -19,  -19,   -5,  -16,  -16,  -16,   -5,   -5,  -19,    8,  -19,  -19,  -16,  -11,  -16,
     -11,  -19,   -5,  -14,  -11,   -5,   -5,   -5,   -5,   -5,  -19,    3,    5,  -38,   -8,  -19,
     -16,    5,   -8,   19,   11,    8,   11,   11,    8,  -11,  -38,  -24,   -3,   -3,   -3,  -14,
     -38,  -11,    5,  -19,  -16,   -3,   -3,   11,   11,   -5,   11,   14,   16,   14,   14,   11,
      11,    5,  -38,   19,   22,   -8,   -4,   -4,
};

static const EpdLigaturePair notoserif_c17_bolditalicLigaturePairs[] = {
    { 0x00660066, 0xFB00 }, // f f -> U+FB00
    { 0x00660069, 0xFB01 }, // f i -> U+FB01
    { 0x0066006C, 0xFB02 }, // f l -> U+FB02
    { 0xFB000069, 0xFB03 }, // U+FB00 i -> U+FB03
    { 0xFB00006C, 0xFB04 }, // U+FB00 l -> U+FB04
};

static const EpdFontData notoserif_c17_bolditalic = {
    notoserif_c17_bolditalicBitmaps,
    notoserif_c17_bolditalicGlyphs,
    notoserif_c17_bolditalicIntervals,
    18,
    23,
    19,
    -5,
    true,
    notoserif_c17_bolditalicGroups,
    13,
    nullptr,
    nullptr,  // kernLeftClasses: built-in fonts use the split arrays below
    nullptr,  // kernRightClasses
    notoserif_c17_bolditalicKernLeftCodepoints,
    notoserif_c17_bolditalicKernLeftClassIds,
    notoserif_c17_bolditalicKernRightCodepoints,
    notoserif_c17_bolditalicKernRightClassIds,
    nullptr,  // kernMatrix: built-in fonts use the sparse form below
    notoserif_c17_bolditalicKernRowOffsets,
    notoserif_c17_bolditalicKernSparseCols,
    notoserif_c17_bolditalicKernSparseValues,
    551,
    557,
    103,
    90,
    notoserif_c17_bolditalicLigaturePairs,
    5,
};
