/**
 * generated by fontconvert.py
 * name: notosans_c15_bolditalic
 * size: 0
 * mode: 2-bit  compressed: true
 * Command used: fontconvert.py notosans_c15_bolditalic 0 ../builtinFonts/source/NotoSans/NotoSans-BoldItalic.ttf --2bit --compress --pnum --ppem 15
 */
#pragma once
#include "EpdFontData.h"

static const uint8_t notosans_c15_bolditalicBitmaps[16129] = {
    0x75, 0x56, 0x41, 0x8B, 0xDD, 0xD6, 0x15, 0xFE, 0x24, 0x4D, 0x46, 0x74, 0x44, 0xE7, 0xBA, 0xE0,
    0x40, 0x3B, 0x75, 0xDE, 0xDD, 0xA6, 0xA9, 0x47, 0xDA, 0x64, 0xF1, 0xA0, 0xD2, 0xD3, 0x2D, 0x2D,
    0x78, 0x61, 0x8A, 0xA7, 0x30, 0x90, 0xEE, 0x5C, 0x8A, 0x17, 0xA6, 0xA5, 0xC4, 0x05, 0xBB, 0x98,
    0x54, 0xAE, 0x6E, 0xF1, 0xA2, 0x8B, 0x2C, 0xFC, 0x7E, 0xC2, 0xA3, 0x84, 0x32, 0x99, 0x86, 0x78,
    0x68, 0x07, 0x22, 0xE8, 0xCC, 0xE8, 0x92, 0x2C, 0xB2, 0xF0, 0xC2, 0x6A, 0x67, 0xD1, 0x45, 0xA0,
    0x56, 0x71, 0xA1, 0xB4, 0x86, 0x8E, 0x52, 0x54, 0xF2, 0x9A, 0x79, 0x6F, 0x94, 0x73, 0xAE, 0xDE,
    0x8C, 0x6D, 0x70, 0xF5, 0xC4, 0x43, 0x4F, 0xEF, 0x9E, 0x73, 0xCF, 0x39, 0xDF, 0xF9, 0xBE, 0x73,
    0x57, 0x94, 0x50, 0x02, 0x12, 0x03, 0xAC, 0x23, 0xC6, 0x79, 0x9C, 0xC3, 0x1E, 0x0A, 0x00, 0xAF,
    0x4E, 0x86, 0xF5, 0xAD, 0xEA, 0x67, 0x86, 0x1E, 0x7F, 0xA3, 0x71, 0xA8, 0x9D, 0x8F, 0xF1, 0xCD,
    0xA3, 0x49, 0xD4, 0xD5, 0xDE, 0xF7, 0xF0, 0x93, 0xF7, 0x55, 0xD9, 0x99, 0xD5, 0x21, 0x2E, 0xDC,
    0xC0, 0xC5, 0x1D, 0x90, 0x0D, 0x5E, 0x87, 0xDF, 0x41, 0x7C, 0x8E, 0xC1, 0x18, 0xB2, 0x42, 0x30,
    0x85, 0x33, 0x87, 0xF3, 0x3E, 0x7E, 0xBB, 0x8F, 0x72, 0x0A, 0x5F, 0xC1, 0x05, 0x7C, 0xF3, 0x55,
    0xC8, 0xE6, 0x75, 0xC4, 0x4D, 0x8D, 0xF8, 0x3F, 0x06, 0xC3, 0x7F, 0xFC, 0x00, 0xE9, 0x5F, 0x3B,
    0xC8, 0x3B, 0x9F, 0x28, 0xFC, 0xFE, 0x01, 0x9C, 0xC3, 0x87, 0xF0, 0xEE, 0xFE, 0x1B, 0xC2, 0x99,
    0xC1, 0x5E, 0xFB, 0xF0, 0x3A, 0xF8, 0xF7, 0x94, 0x7F, 0x0F, 0xDE, 0x1C, 0x41, 0xB3, 0x93, 0xFE,
    0xB7, 0xC9, 0xF2, 0x2A, 0x8B, 0x74, 0xDE, 0xE9, 0xE8, 0xB3, 0x8A, 0xA3, 0x1C, 0xDE, 0xBC, 0x01,
    0x4C, 0x3C, 0x13, 0x50, 0x12, 0x9C, 0x40, 0x8C, 0xDB, 0x8B, 0x0F, 0x3F, 0x2F, 0x01, 0x35, 0x1A,
    0xEC, 0xE2, 0xA6, 0x7D, 0xB5, 0x8B, 0x16, 0x8D, 0x53, 0xF3, 0xEA, 0x01, 0xA5, 0x0A, 0xE5, 0x54,
    0x3F, 0x32, 0xF9, 0x3F, 0x83, 0x79, 0x64, 0x86, 0x35, 0xC6, 0x8E, 0x01, 0xDF, 0x15, 0xD2, 0x0E,
    0xAF, 0xFD, 0x0B, 0xFD, 0x4F, 0x28, 0xAC, 0x25, 0xF1, 0x8D, 0x5C, 0x95, 0x38, 0x57, 0x4C, 0x81,
    0x00, 0x54, 0x2A, 0x72, 0x4D, 0xEE, 0xC8, 0xB3, 0x5B, 0xC3, 0x33, 0x08, 0x14, 0x04, 0x90, 0xD8,
    0x77, 0x74, 0x39, 0x85, 0x2D, 0xC6, 0x15, 0x15, 0x09, 0x95, 0x08, 0x15, 0x0B, 0xC4, 0x12, 0x59,
    0x84, 0x38, 0x41, 0x3A, 0x83, 0xAC, 0xED, 0xA2, 0x77, 0xFC, 0x36, 0x6A, 0x92, 0xC6, 0x69, 0xDC,
    0xDA, 0xAB, 0x3C, 0xE3, 0x9B, 0x40, 0x93, 0x9B, 0x03, 0xB2, 0xD4, 0xDE, 0x25, 0x43, 0xC5, 0x82,
    0xD0, 0x88, 0x40, 0x68, 0x78, 0x35, 0x3F, 0x52, 0x4C, 0x79, 0x87, 0xE5, 0xA9, 0x3C, 0x59, 0x92,
    0x90, 0xCE, 0x7E, 0xD0, 0x38, 0x7B, 0xB4, 0x65, 0xFC, 0xF9, 0xAC, 0x63, 0x87, 0xCB, 0x1A, 0xC2,
    0x20, 0xD5, 0xE8, 0x94, 0xFB, 0x08, 0xC1, 0x15, 0x0C, 0x06, 0x64, 0xA2, 0xD3, 0x4E, 0x71, 0xAC,
    0x19, 0x96, 0xB7, 0x11, 0x50, 0x4C, 0x36, 0xD0, 0x68, 0x82, 0x68, 0x66, 0xE3, 0x4D, 0xF8, 0xAF,
    0xE3, 0x29, 0xCA, 0x3E, 0xA6, 0x92, 0x0B, 0x4E, 0x7B, 0x85, 0xF4, 0xCF, 0x14, 0xE9, 0x1C, 0x59,
    0x88, 0xDB, 0x21, 0xB2, 0x67, 0xE2, 0x5E, 0xDB, 0x56, 0xEC, 0x33, 0xB2, 0xB6, 0x05, 0x9C, 0x86,
    0xC3, 0x0B, 0x0C, 0x7B, 0x1E, 0xB1, 0x33, 0xB8, 0x53, 0x08, 0xC2, 0x94, 0x5A, 0x4A, 0x42, 0xEC,
    0x13, 0x6A, 0x18, 0x51, 0x43, 0x25, 0x68, 0x13, 0x1C, 0xEC, 0x21, 0x6A, 0xD8, 0x09, 0xAF, 0x39,
    0x41, 0x24, 0x90, 0xD0, 0x2D, 0x11, 0x95, 0x10, 0x47, 0x20, 0xF8, 0xC8, 0xFE, 0x5B, 0x2D, 0xD2,
    0xAA, 0x87, 0x9F, 0xD2, 0xEC, 0x1F, 0xA8, 0xBF, 0x0A, 0x4C, 0xED, 0x93, 0x4F, 0x85, 0x5A, 0xBC,
    0xC4, 0x1A, 0x85, 0x30, 0xC4, 0x8E, 0x7D, 0x26, 0x54, 0x0E, 0x10, 0xD4, 0x1C, 0x43, 0x34, 0x86,
    0x3B, 0x67, 0x6B, 0x38, 0x78, 0x6D, 0x9B, 0xEB, 0x46, 0xD7, 0xD9, 0xC3, 0x90, 0x16, 0x68, 0x0E,
    0x80, 0x52, 0x70, 0x28, 0x86, 0x8A, 0xF3, 0xE0, 0xCD, 0xC6, 0x65, 0x73, 0x8E, 0xBA, 0xC3, 0xAF,
    0xA5, 0xEA, 0x69, 0x50, 0x58, 0x1A, 0x60, 0x6D, 0x4C, 0xEB, 0xA8, 0xFB, 0xB4, 0xC0, 0xE0, 0xEB,
    0x87, 0x3A, 0x7E, 0xEB, 0xB1, 0x1E, 0xFE, 0xED, 0x50, 0xDF, 0xFA, 0xF3, 0x47, 0xEA, 0xD6, 0xE1,
    0x03, 0x0C, 0xBB, 0x39, 0xE2, 0xF3, 0x1B, 0x90, 0x4A, 0x11, 0x74, 0x14, 0xDB, 0x79, 0xB6, 0x51,
    0x8C, 0x44, 0xAE, 0xF1, 0x99, 0x71, 0x1F, 0x1B, 0xEF, 0x23, 0x13, 0xFC, 0xC5, 0x88, 0xCE, 0x44,
    0x6F, 0x54, 0xB1, 0x57, 0x15, 0x6E, 0xB5, 0xFC, 0x2E, 0x81, 0x61, 0xC4, 0xAF, 0x8D, 0xF0, 0x8C,
    0x78, 0x53, 0xC9, 0x39, 0xC2, 0xAB, 0xB0, 0x9D, 0xA2, 0x08, 0x63, 0x22, 0x0C, 0xD9, 0x7A, 0x5D,
    0x2D, 0x2A, 0x4D, 0x59, 0x84, 0xB6, 0xD4, 0xB1, 0xFD, 0xA6, 0xF4, 0x64, 0x87, 0xE0, 0x84, 0x03,
    0xB3, 0x4E, 0xB4, 0x78, 0xBB, 0x12, 0xDF, 0xA9, 0x85, 0x5B, 0x4B, 0xB7, 0x0E, 0xBD, 0x2A, 0xF1,
    0x4D, 0x2C, 0x75, 0x7E, 0x82, 0xF2, 0xEF, 0x04, 0xB9, 0x0A, 0x3A, 0x45, 0x70, 0x12, 0xE4, 0x62,
    0x0B, 0xBC, 0xCB, 0xE6, 0xC2, 0x55, 0x4E, 0x90, 0xB7, 0xCF, 0x2F, 0x00, 0x2F, 0xA0, 0xB6, 0xE8,
    0x17, 0x64, 0xDC, 0x78, 0xC0, 0x9B, 0x63, 0xAF, 0x6B, 0x82, 0x6A, 0x43, 0x2A, 0x1B, 0x46, 0x54,
    0xC7, 0x51, 0x95, 0x78, 0x66, 0xE4, 0x1B, 0xD9, 0x69, 0x9F, 0xFA, 0x80, 0x1B, 0xEF, 0x9D, 0x40,
    0xB7, 0x42, 0x35, 0xE2, 0xDB, 0x8D, 0xF8, 0x5D, 0x2D, 0xBB, 0x2A, 0x7C, 0x83, 0xD7, 0xC4, 0xBE,
    0xC9, 0x02, 0xBD, 0x27, 0x94, 0xFB, 0xAE, 0x3F, 0x3B, 0xED, 0xF2, 0xBE, 0xCF, 0xA3, 0x2A, 0xAF,
    0xB0, 0x62, 0x21, 0x3A, 0x4B, 0xAE, 0xDF, 0x90, 0x2A, 0xDE, 0x32, 0xAD, 0x1C, 0xCB, 0xAC, 0xDC,
    0x20, 0x57, 0x36, 0xD5, 0x5F, 0x4D, 0x82, 0xBB, 0xB5, 0xB8, 0xA2, 0x45, 0x04, 0xB1, 0x07, 0xD9,
    0x22, 0x9A, 0x22, 0xC9, 0x98, 0x50, 0x44, 0xAB, 0x42, 0x52, 0x10, 0x84, 0x0F, 0x29, 0x00, 0x0B,
    0x59, 0xC8, 0xAC, 0xA0, 0x0C, 0xCB, 0x76, 0x79, 0xBC, 0xA2, 0x83, 0x5A, 0x1A, 0x51, 0xA7, 0x46,
    0x34, 0xB9, 0x5E, 0x6D, 0x8E, 0xD5, 0xE0, 0xD3, 0x47, 0x58, 0xFF, 0xC3, 0x43, 0xC4, 0x1F, 0x5C,
    0x45, 0x5C, 0x52, 0x7B, 0xEF, 0xAF, 0xA3, 0xC8, 0x62, 0xF2, 0xF0, 0xB5, 0xA0, 0x8E, 0x45, 0x13,
    0x8B, 0x36, 0x1B, 0x14, 0xC5, 0x20, 0xDE, 0x5D, 0x4F, 0x9A, 0x38, 0xA4, 0xDF, 0x75, 0x26, 0xEA,
    0x22, 0xA8, 0x28, 0x14, 0x86, 0xE4, 0xC3, 0x46, 0xA2, 0x0D, 0xB9, 0x9B, 0xDB, 0x18, 0x4D, 0xE2,
    0x36, 0x23, 0xBF, 0xE2, 0x5A, 0xCC, 0x9F, 0x81, 0xA4, 0xC7, 0x95, 0x6A, 0x54, 0xEA, 0x68, 0xFE,
    0x34, 0x3F, 0x6E, 0xA7, 0xDE, 0xC9, 0x9F, 0x5E, 0xEC, 0x84, 0x71, 0x25, 0x84, 0x89, 0x4A, 0xCB,
    0xCA, 0xBA, 0x52, 0xE2, 0xB2, 0x11, 0x97, 0x8C, 0x10, 0x9A, 0x50, 0x67, 0x6C, 0x4E, 0x53, 0xE6,
    0xB2, 0xFE, 0xCF, 0xF2, 0x6C, 0x89, 0xAB, 0x48, 0x10, 0x12, 0xCF, 0x9C, 0xA9, 0xAD, 0x61, 0xC6,
    0xD0, 0xE6, 0x96, 0x43, 0x3F, 0xDE, 0x46, 0xD9, 0xB1, 0x94, 0xD0, 0x1D, 0xE8, 0x05, 0xFB, 0xFB,
    0xAA, 0x8F, 0x6C, 0xE1, 0xD7, 0xDC, 0x71, 0xE8, 0x99, 0x33, 0xB4, 0x0A, 0xA1, 0xA6, 0x02, 0x2D,
    0x05, 0x37, 0x42, 0x39, 0x5B, 0x90, 0xF5, 0x9A, 0xAB, 0x8B, 0x40, 0xDF, 0x16, 0x56, 0x09, 0x48,
    0x54, 0x0B, 0x12, 0x70, 0x8C, 0x6A, 0xA4, 0x24, 0x37, 0xD4, 0xE7, 0xB4, 0x60, 0xC5, 0x19, 0xEF,
    0x4A, 0xAF, 0xDA, 0x4D, 0x7D, 0xB3, 0x9B, 0x0B, 0xB5, 0x7B, 0x2C, 0x70, 0xEB, 0x49, 0x88, 0x9F,
    0x3F, 0xC8, 0xF0, 0x8B, 0xB7, 0x0B, 0xE4, 0x97, 0x1B, 0xE4, 0x7E, 0x8D, 0x3B, 0x7E, 0x05, 0x57,
    0x5F, 0xF7, 0xAA, 0xD6, 0x7D, 0x5C, 0x3B, 0xC7, 0x06, 0x44, 0xC8, 0x39, 0xDC, 0x13, 0xF8, 0x8F,
    0x58, 0x2C, 0xC3, 0xC0, 0x64, 0xBE, 0xB9, 0xBE, 0xA2, 0x32, 0xC9, 0x59, 0x26, 0x05, 0xEF, 0x4F,
    0xB3, 0xA4, 0xEF, 0x4F, 0x79, 0x1A, 0xB8, 0xBB, 0x3D, 0xF1, 0x49, 0xF1, 0x48, 0xEC, 0x48, 0x83,
    0xEE, 0x80, 0x74, 0xC1, 0x6B, 0x58, 0x80, 0xA8, 0x45, 0x7B, 0x89, 0x74, 0xB6, 0xDC, 0x29, 0x75,
    0x9A, 0xF6, 0x75, 0x60, 0x3B, 0x62, 0x15, 0xAF, 0xE0, 0x22, 0x41, 0x90, 0xAA, 0x97, 0x69, 0x4A,
    0x0D, 0xED, 0x5C, 0xB8, 0x48, 0x62, 0xF3, 0x0A, 0xE9, 0xB8, 0xB0, 0x1F, 0x72, 0x3A, 0xF1, 0x1B,
    0x9E, 0x0C, 0xAE, 0xED, 0x51, 0xB2, 0x55, 0xBD, 0xED, 0x09, 0x36, 0x81, 0x1F, 0xA2, 0x71, 0xA7,
    0x7E, 0xB6, 0x7A, 0xE1, 0xE2, 0x97, 0x6F, 0xAE, 0x92, 0x94, 0x6C, 0xBD, 0xBC, 0xB9, 0x99, 0x5D,
    0xA0, 0xB9, 0x10, 0x1C, 0x6B, 0x59, 0xAA, 0x11, 0xC9, 0xBB, 0x40, 0x36, 0xB0, 0x32, 0x49, 0x14,
    0xDA, 0xB3, 0x23, 0x40, 0x71, 0xC1, 0x79, 0x2E, 0x6C, 0x42, 0x1C, 0x40, 0xDE, 0x47, 0xC8, 0xB3,
    0x80, 0x07, 0x41, 0x1C, 0x22, 0x9F, 0xE1, 0x83, 0xD6, 0xCA, 0xCE, 0x86, 0x3F, 0x93, 0x5B, 0x23,
    0x8A, 0x28, 0xA3, 0x4F, 0xBA, 0x23, 0x9B, 0xDE, 0xD6, 0xB3, 0x90, 0x5D, 0xD2, 0xBC, 0xC3, 0xFD,
    0xE7, 0x77, 0x20, 0x58, 0xDE, 0x5B, 0x98, 0xCE, 0xE5, 0xD5, 0x44, 0xA6, 0xF3, 0x5F, 0x4E, 0xC8,
    0x74, 0x4B, 0xB2, 0x40, 0xBE, 0x44, 0xCA, 0x6C, 0x70, 0x47, 0xF1, 0xD4, 0xE8, 0x40, 0x2D, 0x72,
    0xC6, 0x25, 0xAF, 0x5A, 0x38, 0xF5, 0x6D, 0xA9, 0x4A, 0xE0, 0x3A, 0xB0, 0xC8, 0xE1, 0xFE, 0x8B,
    0x72, 0xC8, 0xF0, 0xFD, 0x96, 0xE7, 0x02, 0x69, 0xD9, 0xD3, 0x64, 0xBE, 0x0B, 0x51, 0x42, 0x1E,
    0x91, 0x74, 0x5B, 0x13, 0x9B, 0x4C, 0xB6, 0xCE, 0xF2, 0xEE, 0x10, 0x06, 0x34, 0xE6, 0xCF, 0x18,
    0x98, 0xD8, 0x9C, 0x0A, 0xD8, 0xF3, 0xC4, 0x4D, 0xDA, 0xCA, 0x4E, 0xBA, 0xA7, 0xB3, 0x4E, 0x28,
    0x49, 0xD5, 0xBD, 0xF6, 0x8C, 0x6F, 0xBA, 0xA9, 0xCF, 0x47, 0x08, 0x69, 0xF2, 0x34, 0x7C, 0xC7,
    0x53, 0x64, 0x99, 0xF5, 0xAD, 0x82, 0x05, 0xBF, 0x4F, 0xD9, 0xBD, 0xF0, 0xBD, 0xB4, 0x84, 0xD5,
    0x32, 0x55, 0xF2, 0xE8, 0xC8, 0x44, 0xC4, 0xBA, 0x91, 0x08, 0x74, 0x2C, 0x49, 0x46, 0x43, 0xCA,
    0x85, 0x8A, 0x5D, 0x50, 0x80, 0xE0, 0x25, 0x2F, 0x0E, 0x19, 0x1B, 0x20, 0xDA, 0x12, 0x34, 0x49,
    0x9F, 0xBD, 0xE4, 0x71, 0xC7, 0x83, 0xCE, 0xB6, 0x3D, 0x5E, 0x82, 0x57, 0x6A, 0xFF, 0x89, 0x09,
    0xEE, 0x92, 0xC2, 0x32, 0x9D, 0xC9, 0x3B, 0xD1, 0x30, 0x7C, 0x86, 0xD1, 0xD7, 0xFE, 0x5F, 0x09,
    0x67, 0x8B, 0x12, 0x2E, 0x04, 0x6D, 0x42, 0x61, 0xAC, 0x16, 0xB2, 0x8D, 0x88, 0x76, 0xA7, 0x85,
    0x71, 0x94, 0x9C, 0x8E, 0xAE, 0x8D, 0x08, 0x2F, 0x9F, 0x4A, 0xF3, 0xA4, 0x29, 0x69, 0x76, 0x78,
    0x94, 0x66, 0xDA, 0x46, 0x1B, 0xA7, 0x69, 0xA6, 0x3A, 0xEA, 0xA7, 0x1D, 0x6F, 0x2D, 0x54, 0x68,
    0x07, 0x66, 0x4C, 0x07, 0x89, 0x91, 0x45, 0xE9, 0xBD, 0xC5, 0x20, 0xE4, 0x03, 0x46, 0x88, 0xD8,
    0x72, 0x73, 0xBD, 0xE1, 0x99, 0x26, 0x2D, 0xC8, 0xF6, 0xBF, 0x94, 0xEA, 0x91, 0x53, 0xD6, 0x7F,
    0x24, 0x87, 0x47, 0x19, 0x46, 0x0F, 0x77, 0x91, 0xDE, 0xA3, 0xFA, 0x5E, 0xAE, 0x10, 0x05, 0xD6,
    0x7B, 0xF0, 0xB1, 0xF1, 0x1E, 0x2A, 0xEF, 0x84, 0x05, 0xC4, 0x9B, 0x22, 0xA0, 0xE0, 0x13, 0xAE,
    0x06, 0x5D, 0x9E, 0x69, 0xBC, 0x0F, 0x6B, 0x1A, 0x60, 0xEE, 0x27, 0x9A, 0x8E, 0x15, 0x34, 0x30,
    0xF9, 0x6C, 0xD6, 0x72, 0x4F, 0x11, 0x99, 0x69, 0xC6, 0x7D, 0xA3, 0x9F, 0xCA, 0x74, 0x30, 0x39,
    0x60, 0xF1, 0xE1, 0xF7, 0xF6, 0x2C, 0x90, 0x6E, 0x21, 0xA5, 0x86, 0x7C, 0x15, 0x33, 0x26, 0x95,
    0x4B, 0x90, 0x53, 0xA6, 0xE8, 0x49, 0x45, 0x40, 0x1A, 0x47, 0x9D, 0xDB, 0x79, 0xEE, 0xDA, 0x58,
    0x56, 0x41, 0xC5, 0x2B, 0x99, 0x80, 0x4E, 0xEB, 0x35, 0x0C, 0xF7, 0x2A, 0x7E, 0x8A, 0x19, 0xC1,
    0xF4, 0x25, 0x20, 0x3D, 0xC6, 0x57, 0x0E, 0xF0, 0x05, 0x8D, 0x56, 0x51, 0x68, 0x1C, 0x55, 0x14,
    0x3D, 0x33, 0x93, 0xEC, 0xD0, 0x0E, 0xDD, 0x17, 0xA1, 0x05, 0x9B, 0x26, 0x79, 0x7E, 0xF4, 0x23,
    0x2D, 0xC9, 0x4E, 0x84, 0x7C, 0x04, 0x9C, 0xD9, 0x79, 0xB5, 0xE0, 0x8F, 0x88, 0x2B, 0x54, 0xFA,
    0xD9, 0x2A, 0x45, 0x8A, 0x08, 0x96, 0xB2, 0x96, 0x22, 0xDB, 0xCE, 0x83, 0x82, 0xD2, 0xF6, 0xC3,
    0xFC, 0xE8, 0x8F, 0x4A, 0x83, 0x88, 0x24, 0x45, 0xE9, 0xAA, 0xF9, 0x58, 0x30, 0x76, 0x5F, 0xD3,
    0x4F, 0x91, 0x0E, 0x06, 0x29, 0x58, 0xB0, 0x43, 0x5B, 0xAD, 0x5A, 0x6C, 0x06, 0xBA, 0xE2, 0x62,
    0x76, 0x33, 0xDE, 0x37, 0x9B, 0xB4, 0xB5, 0xB6, 0xDD, 0x9D, 0x99, 0x2C, 0x99, 0x99, 0x33, 0xF7,
    0xBE, 0x77, 0xEF, 0xB9, 0xE7, 0x5E, 0xC0, 0x56, 0x8E, 0x32, 0xD0, 0x0F, 0x46, 0xE7, 0x08, 0xC6,
    0xE1, 0xC3, 0xC3, 0x41, 0x20, 0x32, 0x1B, 0xBC, 0x59, 0x44, 0x05, 0x35, 0x34, 0x50, 0x1B, 0x08,
    0x63, 0x2E, 0x37, 0x81, 0x0E, 0x1E, 0x21, 0x8C, 0xE9, 0x11, 0x12, 0x18, 0x09, 0x58, 0x0A, 0xE7,
    0x77, 0x58, 0x0A, 0x8E, 0x84, 0x9B, 0x8A, 0x20, 0x15, 0x03, 0x7D, 0x41, 0x7B, 0xA4, 0x32, 0x36,
    0x34, 0x34, 0xE6, 0xB6, 0x76, 0x7C, 0x0C, 0x6C, 0x35, 0x25, 0x77, 0x24, 0x63, 0x70, 0x8E, 0xC1,
    0x6E, 0xC2, 0x6E, 0x20, 0x68, 0xE9, 0x0F, 0x82, 0x26, 0xB6, 0x4D, 0x83, 0x09, 0x0C, 0x54, 0xF5,
    0xB1, 0x1F, 0xD8, 0x9F, 0xFD, 0x53, 0x42, 0xC9, 0x69, 0xB3, 0x3E, 0x26, 0x58, 0x32, 0x76, 0xD4,
    0x9B, 0x72, 0xAB, 0x76, 0x8C, 0xE4, 0xFD, 0xA4, 0xAE, 0xB4, 0xF3, 0x3B, 0xEA, 0x13, 0x81, 0xF3,
    0xC2, 0xDE, 0x55, 0x1D, 0x2A, 0x8C, 0x4D, 0xFE, 0xB2, 0xE9, 0x69, 0x95, 0x3B, 0x2C, 0x73, 0xF4,
    0x3B, 0x11, 0x6D, 0x18, 0x0D, 0x87, 0xF2, 0x28, 0x1B, 0xA9, 0x24, 0xDC, 0xF0, 0xF4, 0xDB, 0xEA,
    0x4B, 0x75, 0x4D, 0x7E, 0x23, 0x9F, 0x80, 0x61, 0xC0, 0x7E, 0x0F, 0xBC, 0x00, 0x7F, 0x01, 0x5E,
    0x0D, 0xBE, 0x87, 0x11, 0x0F, 0x9D, 0x23, 0x48, 0xB1, 0xF3, 0x1C, 0xE0, 0x64, 0x17, 0x10, 0x8A,
    0x3A, 0xD6, 0xAC, 0xCF, 0x8D, 0x4D, 0xDE, 0x7C, 0x61, 0x62, 0xE9, 0xB9, 0x43, 0xB7, 0x72, 0x13,
    0xB7, 0x73, 0x13, 0x4B, 0x1B, 0x46, 0x7F, 0xF8, 0xE8, 0xAE, 0xF5, 0xA0, 0xF5, 0xFA, 0x2C, 0x97,
    0xC5, 0xE8, 0xD0, 0xCC, 0x5B, 0xB1, 0xAB, 0xD7, 0x25, 0x60, 0x28, 0x7D, 0xED, 0xFC, 0x43, 0x9B,
    0x34, 0xA2, 0xF5, 0xDB, 0xB3, 0xFA, 0x36, 0x17, 0xE5, 0x1B, 0xA8, 0x1A, 0xB1, 0x23, 0xDC, 0x99,
    0x20, 0xDE, 0x26, 0x77, 0x46, 0xA6, 0xE2, 0xC2, 0x52, 0x1F, 0xCA, 0xF3, 0xE8, 0x17, 0x1C, 0x53,
    0xDA, 0xB5, 0x75, 0x21, 0xB6, 0x17, 0x63, 0xE7, 0x44, 0xC4, 0x76, 0x2B, 0x66, 0x2B, 0xC6, 0x24,
    0x4F, 0x85, 0xBB, 0x22, 0x7C, 0x50, 0x36, 0x28, 0x09, 0x38, 0x00, 0xF4, 0xBF, 0x1C, 0xA4, 0xF5,
    0xCB, 0x69, 0x76, 0xD6, 0x2F, 0xBB, 0x97, 0x71, 0xEF, 0xFC, 0x60, 0xA0, 0xD9, 0xC0, 0x18, 0x7B,
    0xF3, 0x80, 0x29, 0x5C, 0x19, 0x0A, 0x87, 0x52, 0x99, 0xC7, 0x26, 0x0C, 0xE2, 0x19, 0xF5, 0x95,
    0xFA, 0x5A, 0xD5, 0xC5, 0x93, 0xE8, 0xEB, 0xF3, 0x3D, 0xEE, 0x33, 0xD7, 0xF5, 0x2B, 0xCD, 0x6A,
    0x0C, 0xE4, 0xC4, 0x8C, 0xBB, 0x2B, 0xAA, 0x5B, 0x3A, 0x35, 0xF9, 0xB1, 0xD1, 0xE1, 0x72, 0x73,
    0xF8, 0x7A, 0xD3, 0xFA, 0xAE, 0xEC, 0x8C, 0x34, 0x87, 0x07, 0x9B, 0x53, 0x88, 0xFF, 0x03, 0x18,
    0xAF, 0x0D, 0x1F, 0xB9, 0x3D, 0x1C, 0xE7, 0x2D, 0xE5, 0x39, 0x46, 0x3C, 0x6C, 0xFF, 0x36, 0xE5,
    0xB4, 0x9C, 0xE9, 0x0D, 0xC8, 0x27, 0xB4, 0xBC, 0xA4, 0x0A, 0x76, 0x81, 0x36, 0xBD, 0x74, 0x0A,
    0xAF, 0x5D, 0x75, 0xE1, 0xBE, 0x11, 0x02, 0xE5, 0x9F, 0x81, 0xEB, 0xCB, 0xB0, 0x16, 0xEB, 0x14,
    0xDB, 0x21, 0x60, 0x00, 0x0B, 0xC4, 0x24, 0x60, 0x86, 0x02, 0xA1, 0x5C, 0xDA, 0x51, 0xE5, 0xA9,
    0xA0, 0xB1, 0x71, 0x9A, 0x78, 0x47, 0x6B, 0x85, 0x25, 0x74, 0x10, 0x06, 0x05, 0x02, 0x89, 0x50,
    0xE2, 0x6F, 0x65, 0x5E, 0x57, 0xD6, 0x45, 0xE5, 0x5C, 0x56, 0x2C, 0x55, 0xEE, 0xDE, 0xC8, 0xB3,
    0xA2, 0x9A, 0x19, 0x01, 0x25, 0x58, 0x51, 0x27, 0x57, 0xDD, 0xC1, 0xFD, 0x42, 0x73, 0xB5, 0x5C,
    0xED, 0x09, 0xDC, 0x37, 0x80, 0x60, 0x1E, 0xAF, 0xC6, 0xBD, 0x2D, 0x83, 0x92, 0x92, 0x60, 0x74,
    0xBA, 0x27, 0x70, 0x4E, 0x20, 0xAF, 0x30, 0x14, 0xE9, 0x0A, 0xE9, 0x09, 0x7F, 0x76, 0x96, 0xAA,
    0xAA, 0x09, 0x77, 0x01, 0x9A, 0xAE, 0x68, 0xFE, 0x33, 0x6D, 0x24, 0x69, 0x6C, 0xFD, 0xFA, 0x97,
    0x70, 0xD2, 0x18, 0x7C, 0x6F, 0x04, 0xDF, 0x4A, 0xD5, 0x02, 0xFD, 0x91, 0x19, 0x2B, 0x8D, 0x59,
    0x24, 0x39, 0x50, 0x00, 0x3A, 0x5C, 0xA1, 0xDF, 0x22, 0x55, 0x29, 0xD5, 0xE5, 0x2A, 0x40, 0xFB,
    0xA9, 0xC2, 0x4C, 0x60, 0x4A, 0x1D, 0x3B, 0x9D, 0x80, 0x31, 0xBD, 0x88, 0xDC, 0x59, 0xB2, 0x25,
    0x98, 0xD4, 0xA1, 0x67, 0xB3, 0xE0, 0x6D, 0x14, 0xF6, 0xAC, 0x7D, 0x1E, 0x36, 0x51, 0xA7, 0xE2,
    0xD6, 0xC1, 0x43, 0x87, 0x9A, 0xDD, 0xC1, 0x5B, 0x80, 0x14, 0xD6, 0x09, 0xD1, 0x13, 0x18, 0x30,
    0x6E, 0x09, 0xBC, 0xD3, 0x9B, 0xE5, 0x12, 0xA9, 0xCC, 0x24, 0x60, 0xCE, 0xD9, 0x2D, 0x23, 0x31,
    0x63, 0x2B, 0xB2, 0x94, 0xA5, 0x48, 0xB0, 0xA4, 0x1B, 0x85, 0x91, 0xE6, 0x0E, 0xA1, 0xE7, 0xB5,
    0x29, 0x73, 0x0E, 0x76, 0x4B, 0x0B, 0x92, 0x19, 0x6B, 0x8A, 0x90, 0xBE, 0xD0, 0x65, 0x77, 0x64,
    0x89, 0x04, 0x8B, 0x72, 0xB6, 0x07, 0x46, 0x1B, 0xF6, 0xF3, 0xBD, 0x81, 0x61, 0x5D, 0x32, 0x4E,
    0x3E, 0xCA, 0x6F, 0x6E, 0x0E, 0x4E, 0x2A, 0xD9, 0x69, 0xAA, 0xD5, 0x98, 0x3F, 0x1B, 0xD7, 0xAF,
    0xC5, 0xE1, 0x89, 0xC8, 0xB7, 0x95, 0xC7, 0x65, 0xB8, 0x8A, 0xFA, 0x0D, 0xA0, 0x0F, 0x9A, 0x4D,
    0x87, 0x35, 0x9B, 0x72, 0x72, 0xAB, 0x13, 0x7B, 0x2C, 0xF1, 0x58, 0xA3, 0x32, 0x52, 0xAB, 0x8D,
    0x78, 0xF3, 0xE3, 0x7E, 0xE2, 0x15, 0xE8, 0x3E, 0xAE, 0xB0, 0xB8, 0xE6, 0x44, 0xD8, 0x0C, 0x92,
    0xDD, 0x35, 0x52, 0x87, 0x42, 0x27, 0x74, 0x31, 0xE1, 0x68, 0x14, 0xD0, 0xF0, 0xD1, 0xF0, 0x90,
    0xF8, 0x66, 0x52, 0xB4, 0x23, 0x9E, 0x4A, 0xBB, 0x9D, 0x61, 0x8C, 0x92, 0x5E, 0x6B, 0xBE, 0x67,
    0x3C, 0xA5, 0x32, 0x50, 0xA8, 0xC6, 0xBD, 0xE2, 0xA9, 0x14, 0xC2, 0x2A, 0x3E, 0x8B, 0x7A, 0xC5,
    0xD3, 0xE1, 0xC7, 0xD8, 0x2E, 0x7B, 0xC4, 0x0F, 0x0C, 0xCC, 0xD7, 0x8A, 0x31, 0x53, 0x6E, 0x74,
    0xB4, 0xB1, 0x7F, 0xA2, 0xF3, 0x7D, 0x58, 0xB6, 0xD2, 0x84, 0x5D, 0x4C, 0xB8, 0xDD, 0x28, 0xE4,
    0xE7, 0xFD, 0xA9, 0x86, 0x97, 0x24, 0xC5, 0x0B, 0x49, 0xB0, 0x3B, 0x72, 0x53, 0x19, 0xB4, 0x49,
    0x3C, 0x32, 0xFA, 0x36, 0xD6, 0x18, 0x39, 0x68, 0x4E, 0x17, 0x2C, 0xE5, 0x93, 0x16, 0xD9, 0xAA,
    0xE2, 0xC8, 0x1A, 0x13, 0x4D, 0x86, 0x06, 0xF9, 0x2C, 0xA2, 0xDE, 0x82, 0x9B, 0x74, 0xB6, 0x9D,
    0xD5, 0xC4, 0xD1, 0x9E, 0xF1, 0x9B, 0x33, 0x12, 0xBF, 0x2B, 0x7A, 0xC5, 0x53, 0x22, 0xAE, 0xAC,
    0xF1, 0xB8, 0x57, 0xFB, 0x35, 0x18, 0x59, 0x16, 0x0E, 0x6E, 0x14, 0x15, 0x0E, 0xCF, 0x87, 0x5F,
    0xD3, 0x6F, 0x49, 0xA5, 0x3A, 0x35, 0xC0, 0xB3, 0xAB, 0xA0, 0x49, 0xA3, 0xB9, 0xC8, 0xDA, 0xBA,
    0xBD, 0xEA, 0x56, 0xC0, 0x64, 0x81, 0x8B, 0x60, 0x15, 0xC1, 0x0D, 0xDD, 0x0A, 0x16, 0xF4, 0xEE,
    0x4A, 0xBA, 0x8D, 0x7E, 0x7B, 0x4C, 0x07, 0x39, 0x59, 0x30, 0xEE, 0xC4, 0xE6, 0x4D, 0x65, 0x2D,
    0x25, 0x56, 0xD4, 0xD2, 0xAB, 0xF8, 0xA9, 0xE5, 0x9C, 0x49, 0x58, 0x56, 0xC2, 0xAB, 0x59, 0xEB,
    0xD0, 0xD1, 0xA3, 0x65, 0x4C, 0xEA, 0x56, 0xE5, 0xAC, 0x48, 0x5E, 0x17, 0x45, 0x06, 0x8F, 0xA1,
    0x32, 0x82, 0x8A, 0x0F, 0x8A, 0xB0, 0x56, 0x9B, 0x4E, 0xD0, 0xA8, 0xA2, 0xCA, 0xDD, 0x60, 0x54,
    0x4B, 0xAB, 0xB0, 0x4F, 0x77, 0x83, 0x09, 0x61, 0xAD, 0x48, 0xAB, 0xD0, 0x0D, 0x46, 0x75, 0x76,
    0x09, 0xC6, 0xA9, 0x6E, 0xB0, 0xED, 0xC0, 0x9F, 0xC0, 0xF7, 0x99, 0x8A, 0x75, 0xF1, 0xDB, 0x47,
    0xAF, 0x53, 0xF0, 0xFA, 0x15, 0x59, 0xA4, 0xD9, 0xC3, 0xE3, 0x75, 0x54, 0xDC, 0x4F, 0x51, 0x29,
    0xEA, 0x8E, 0xFF, 0x05, 0xDC, 0xFA, 0x1A, 0x71, 0x4B, 0x76, 0x8B, 0xCF, 0x16, 0x49, 0x6E, 0xA8,
    0x1B, 0x21, 0xA8, 0xF2, 0xC4, 0x81, 0x2D, 0xB7, 0xC9, 0xAD, 0xEB, 0xBA, 0x53, 0xB2, 0xDB, 0x7C,
    0x9F, 0xCF, 0x83, 0xF6, 0xF1, 0x19, 0x7A, 0x3F, 0xCB, 0x9B, 0x77, 0x23, 0x34, 0xAF, 0x21, 0xC4,
    0x67, 0xBE, 0x0F, 0x3E, 0xD7, 0x9E, 0x8F, 0xCF, 0xE8, 0xCC, 0x04, 0x24, 0x62, 0xCD, 0xF5, 0x08,
    0x75, 0xD4, 0xE6, 0xF1, 0xB0, 0x8E, 0xCE, 0x3C, 0xC4, 0xCF, 0x16, 0xE2, 0x83, 0x2D, 0x74, 0x6F,
    0xE4, 0x44, 0x08, 0x3F, 0x1B, 0xCA, 0xF4, 0x28, 0x86, 0x92, 0x15, 0x69, 0xA9, 0x78, 0xF0, 0x79,
    0xBF, 0x70, 0x23, 0xDD, 0xEA, 0xFE, 0x87, 0xA7, 0x4E, 0xB5, 0x7D, 0xFA, 0x61, 0xCF, 0x81, 0x15,
    0x81, 0x36, 0xCC, 0xDB, 0x30, 0x5E, 0xD4, 0x3C, 0x0B, 0x42, 0x78, 0x1C, 0xC4, 0x4B, 0x0A, 0x53,
    0x71, 0x01, 0x3C, 0x59, 0x4B, 0xA1, 0x49, 0x29, 0xDC, 0xA7, 0x25, 0x2D, 0x5F, 0x07, 0x5F, 0x86,
    0xCB, 0xB2, 0xA0, 0x13, 0x7D, 0x0B, 0xA8, 0x8C, 0xA3, 0xE6, 0x6B, 0x3D, 0xD2, 0xDC, 0x2A, 0xAF,
    0xEF, 0xF5, 0x1C, 0xFC, 0x4E, 0x56, 0xC8, 0x54, 0x41, 0xB3, 0x94, 0x27, 0xF7, 0x71, 0x6B, 0xBE,
    0x1B, 0xEC, 0x81, 0xC8, 0x3D, 0x0A, 0x26, 0x60, 0xAD, 0x08, 0xBB, 0xD0, 0x0D, 0xA6, 0x23, 0x0C,
    0xF3, 0x64, 0x17, 0x18, 0xCD, 0x6A, 0xBA, 0xAD, 0x8B, 0x6C, 0x20, 0x3C, 0x7B, 0xEF, 0x16, 0x2F,
    0xC1, 0x26, 0x1E, 0x85, 0xF0, 0x29, 0x38, 0xCB, 0x08, 0xCF, 0x20, 0xA4, 0xAF, 0x16, 0x10, 0x26,
    0xEB, 0x92, 0x94, 0xAC, 0x49, 0x12, 0x73, 0xA8, 0x4A, 0x45, 0x81, 0x65, 0xF6, 0x5D, 0x78, 0xC5,
    0x8C, 0x8E, 0x9F, 0xDF, 0xA7, 0x44, 0xE5, 0x6E, 0xB0, 0xBB, 0x45, 0xF5, 0x78, 0xD8, 0xDD, 0x6A,
    0x79, 0x3C, 0xCC, 0x10, 0x5A, 0x42, 0x46, 0xB2, 0x08, 0xA8, 0xC4, 0x5A, 0x8C, 0x69, 0xD4, 0x30,
    0xAF, 0x48, 0xF3, 0xAA, 0xF6, 0x62, 0xB4, 0xB4, 0x98, 0x52, 0x03, 0xB4, 0x23, 0x3D, 0x8D, 0xEC,
    0xC8, 0xF6, 0x42, 0xCD, 0x50, 0xF7, 0xC3, 0x1F, 0x61, 0x2D, 0x4B, 0xFB, 0x96, 0x72, 0x2E, 0xAE,
    0xCF, 0xA2, 0xE4, 0x25, 0x45, 0xA1, 0x8D, 0xFB, 0x67, 0x51, 0xBD, 0xFF, 0x23, 0x0A, 0xAF, 0xC8,
    0x1E, 0xED, 0xFF, 0x0B, 0x8D, 0x58, 0xCF, 0x6B, 0x24, 0xC7, 0x15, 0xFE, 0xBA, 0x6B, 0xA5, 0x86,
    0x6D, 0xA2, 0xDA, 0x83, 0x0C, 0xF6, 0x26, 0xAB, 0xD2, 0x21, 0x87, 0x24, 0x48, 0xD3, 0x57, 0x61,
    0xBA, 0xA7, 0xCB, 0xEB, 0x18, 0x07, 0x74, 0xC8, 0x04, 0x16, 0x7C, 0xDC, 0x1C, 0xF6, 0x10, 0x42,
    0x20, 0x26, 0x6C, 0x8C, 0x88, 0x7B, 0x77, 0xDA, 0x2C, 0xE4, 0x10, 0x1F, 0xAC, 0xBF, 0x20, 0xE8,
    0xE0, 0xC3, 0xAE, 0x62, 0x22, 0x1D, 0x86, 0xD0, 0x90, 0xDD, 0x4C, 0xE1, 0x3D, 0xE4, 0x10, 0x82,
    0xDB, 0x01, 0x63, 0x88, 0x09, 0xEE, 0xFC, 0x80, 0x40, 0x16, 0xA3, 0x86, 0x0C, 0x78, 0x82, 0x66,
    0xD4, 0x79, 0xAF, 0x7A, 0x66, 0x24, 0xAD, 0x35, 0x9A, 0x9E, 0x69, 0x84, 0x86, 0xAA, 0xFA, 0xEA,
    0xD5, 0xFB, 0xF1, 0xBD, 0xAF, 0x1A, 0xD7, 0x77, 0x11, 0x17, 0xA0, 0xCF, 0x75, 0x8D, 0x38, 0x45,
    0x37, 0xC5, 0x97, 0xC6, 0xFD, 0xA7, 0x11, 0x4F, 0x8D, 0xFF, 0xA9, 0x91, 0x95, 0x09, 0xDE, 0xC8,
    0x43, 0x91, 0x67, 0x6E, 0xEE, 0xEC, 0xC3, 0x3D, 0x01, 0x34, 0xFC, 0xE3, 0x54, 0xF5, 0x75, 0x5B,
    0x22, 0x94, 0x48, 0xD6, 0x90, 0x44, 0x88, 0xC7, 0x08, 0x1E, 0x33, 0x06, 0xD6, 0xD7, 0xD1, 0x2E,
    0xA1, 0xD2, 0x46, 0x80, 0x2E, 0xC4, 0x11, 0x30, 0x5A, 0x84, 0xB9, 0x08, 0x07, 0x9E, 0xC6, 0x0A,
    0x20, 0x35, 0x96, 0xF5, 0x65, 0x50, 0x87, 0x70, 0x72, 0x38, 0x03, 0xE0, 0x87, 0x80, 0x43, 0xF3,
    0x52, 0x5E, 0x45, 0x9F, 0x6E, 0x2A, 0xAA, 0x42, 0xE6, 0xA9, 0x02, 0x5A, 0x40, 0x04, 0x84, 0xF6,
    0x6F, 0x1B, 0x50, 0x15, 0xFC, 0x13, 0x3B, 0xE7, 0x05, 0x24, 0x28, 0xD0, 0xF1, 0x46, 0xEA, 0x61,
    0x9B, 0xC6, 0x13, 0xFA, 0xC6, 0x87, 0xAA, 0xA4, 0x91, 0x25, 0x20, 0x36, 0xF8, 0x7B, 0xDE, 0x14,
    0xE9, 0x96, 0x18, 0xF9, 0x2B, 0xF3, 0x90, 0x68, 0x61, 0x73, 0x9B, 0xAE, 0x61, 0x80, 0xBD, 0x0B,
    0x91, 0x3A, 0x1D, 0xFC, 0x22, 0x47, 0xA0, 0x1B, 0x22, 0x2D, 0x2D, 0x41, 0x7C, 0x01, 0x97, 0x3C,
    0xD3, 0x81, 0x37, 0x82, 0x7A, 0xC8, 0xA3, 0x34, 0x2D, 0xB1, 0x4F, 0x7C, 0x08, 0x0B, 0x6A, 0x61,
    0xDF, 0x36, 0x88, 0xF9, 0xDF, 0xE5, 0x47, 0xF0, 0xAB, 0x54, 0xBE, 0x9B, 0xCB, 0x57, 0x0B, 0xE9,
    0x16, 0xCA, 0x2D, 0x5A, 0x22, 0x8F, 0x3C, 0x13, 0xAA, 0xB4, 0x7B, 0x82, 0xFE, 0xBF, 0xC8, 0xC3,
    0xAF, 0x01, 0xE2, 0x23, 0xC0, 0xFB, 0x1B, 0xF0, 0x7A, 0xCA, 0x51, 0x81, 0x3A, 0xD0, 0xA0, 0xB8,
    0x70, 0x60, 0x38, 0x32, 0x1C, 0x1A, 0xC4, 0x14, 0xFE, 0xE0, 0x03, 0x0B, 0x7F, 0x0E, 0x54, 0xDD,
    0x2C, 0xFA, 0xFF, 0x28, 0xBA, 0x0F, 0x9E, 0x03, 0xD5, 0xF0, 0x72, 0x74, 0x4B, 0xF8, 0x46, 0x3C,
    0x4B, 0x65, 0xA5, 0xDB, 0xEA, 0x4C, 0x98, 0x47, 0x53, 0xA4, 0x7D, 0x38, 0x95, 0x05, 0xDC, 0xD7,
    0x7E, 0xA5, 0x65, 0x0A, 0xDA, 0x50, 0x3E, 0x84, 0x1A, 0xA3, 0x75, 0x6B, 0xE2, 0x82, 0xEE, 0x10,
    0xFD, 0x01, 0x9C, 0x47, 0xE2, 0x84, 0x3C, 0x38, 0x56, 0xB7, 0x23, 0x15, 0x8F, 0xEF, 0xEF, 0x91,
    0x07, 0x1F, 0xAA, 0x21, 0xED, 0xF3, 0x8A, 0x76, 0x9E, 0x69, 0x3C, 0x69, 0x04, 0xE2, 0xDA, 0x3C,
    0x76, 0x86, 0xD6, 0x7D, 0x63, 0xA8, 0xDB, 0x88, 0x14, 0xE7, 0xDC, 0xFD, 0x3D, 0xEB, 0x3E, 0x5A,
    0x32, 0xB4, 0x56, 0xAD, 0xDA, 0x35, 0xDF, 0x6A, 0x84, 0x49, 0xC1, 0xCD, 0x70, 0xF7, 0x22, 0xD3,
    0x16, 0x2F, 0xCD, 0x21, 0x52, 0x88, 0x02, 0xCE, 0x2E, 0xBE, 0x0A, 0xE0, 0xE4, 0x22, 0xA5, 0xB1,
    0x5D, 0x3A, 0x21, 0x1A, 0x9F, 0x90, 0x26, 0xBB, 0x9F, 0xDB, 0x4A, 0xBD, 0xFC, 0x84, 0x4B, 0x1A,
    0x81, 0xC1, 0xA1, 0xA5, 0x93, 0x9F, 0xEE, 0x8A, 0xAA, 0xF4, 0xF3, 0x8E, 0xD2, 0x36, 0xEF, 0x82,
    0x22, 0x0C, 0xF2, 0x48, 0x98, 0xB6, 0x67, 0x54, 0x95, 0x7A, 0x95, 0xCD, 0xCD, 0x5B, 0x70, 0xC6,
    0xF0, 0xB6, 0xA7, 0x04, 0x70, 0x70, 0x51, 0xD5, 0x26, 0xF8, 0xC1, 0x00, 0xFD, 0x82, 0x59, 0xC0,
    0xB2, 0x4B, 0x31, 0x61, 0x97, 0x06, 0xF8, 0x13, 0x82, 0x19, 0x36, 0xC6, 0x77, 0x2C, 0x8B, 0xF8,
    0x68, 0x6A, 0xFF, 0x35, 0x80, 0x10, 0xEE, 0x36, 0xC6, 0x6F, 0x62, 0x73, 0x01, 0xD7, 0xB0, 0x21,
    0xB8, 0x02, 0x6C, 0x01, 0xBD, 0xC6, 0xE0, 0x67, 0x88, 0x68, 0x39, 0x7D, 0xDF, 0x4F, 0x07, 0x52,
    0x97, 0xF2, 0x95, 0x52, 0xFE, 0xA6, 0x50, 0x55, 0xDE, 0x7A, 0x83, 0x37, 0x0A, 0x3D, 0x93, 0xF8,
    0xE9, 0x63, 0xA9, 0x9D, 0x0E, 0x64, 0x89, 0x8D, 0xAD, 0x09, 0x0F, 0xFA, 0x1A, 0xF2, 0xBB, 0x90,
    0x7D, 0xA8, 0x23, 0x04, 0xD2, 0x6E, 0x44, 0x75, 0xD5, 0x42, 0xB2, 0x89, 0x2C, 0x62, 0xB4, 0xAF,
    0x7F, 0x32, 0x8C, 0xAB, 0xB1, 0xBC, 0x39, 0x07, 0x8D, 0x40, 0x88, 0x17, 0x86, 0xEC, 0x3C, 0x79,
    0x8F, 0x79, 0x25, 0x90, 0x5C, 0xE8, 0xD1, 0x19, 0x10, 0x3A, 0x85, 0x38, 0xD6, 0x5E, 0x8B, 0xDD,
    0xE6, 0x3E, 0x62, 0x9A, 0x71, 0x4A, 0xB8, 0x05, 0x04, 0x65, 0xAB, 0xE1, 0xC7, 0x33, 0x6C, 0x49,
    0x40, 0xD5, 0x9D, 0xD3, 0xD1, 0xE3, 0xDE, 0xCF, 0x28, 0x8B, 0x24, 0x11, 0x62, 0x8B, 0x32, 0x31,
    0xB2, 0xF4, 0x96, 0xD5, 0xE5, 0x4A, 0xCB, 0xBD, 0x91, 0x53, 0xBA, 0x85, 0xC8, 0x85, 0x11, 0xC6,
    0x33, 0x7E, 0x1A, 0xE4, 0xDD, 0xFC, 0xFA, 0x6E, 0x7C, 0xC1, 0x8A, 0xD3, 0xDA, 0x6C, 0xB0, 0xED,
    0xFA, 0x7A, 0xBB, 0xE4, 0xE4, 0xFA, 0x0A, 0xC8, 0x85, 0x1B, 0xFA, 0xF8, 0x06, 0x02, 0x5C, 0xA5,
    0x93, 0xB9, 0x25, 0x35, 0x16, 0xD4, 0x23, 0x52, 0xD3, 0xD7, 0xAE, 0xDF, 0xC0, 0x9B, 0xB8, 0xC7,
    0xE5, 0x7E, 0x8D, 0x92, 0xE4, 0xEE, 0x3C, 0xB3, 0x2F, 0xDA, 0xED, 0xBA, 0x37, 0x6A, 0x39, 0x65,
    0xE4, 0x16, 0xD4, 0xDF, 0x12, 0x61, 0x32, 0x61, 0x86, 0x9E, 0x19, 0xF8, 0x69, 0x19, 0x7C, 0x5C,
    0x76, 0xFF, 0x62, 0x8D, 0xEF, 0x1B, 0xF4, 0xF9, 0x4C, 0x0E, 0xB4, 0xFF, 0x34, 0xF7, 0x6E, 0x72,
    0x49, 0x48, 0x3F, 0x55, 0x52, 0xB7, 0xAC, 0xDF, 0x27, 0xAE, 0x8F, 0x90, 0x59, 0x1E, 0x27, 0x07,
    0x78, 0x74, 0xEE, 0xF4, 0x7C, 0x89, 0x5E, 0xB5, 0x0D, 0x67, 0xD6, 0x15, 0x12, 0x9B, 0xCD, 0x19,
    0xA8, 0xAD, 0xA0, 0x9C, 0xF8, 0xA9, 0x6B, 0xD0, 0xD5, 0x75, 0xDF, 0x82, 0x5B, 0xD7, 0x2A, 0x4E,
    0x47, 0x67, 0x8E, 0xAC, 0xBD, 0x48, 0xE1, 0x27, 0x3C, 0x8A, 0xD0, 0x1D, 0x4A, 0xC1, 0x77, 0xF6,
    0xFC, 0x07, 0x85, 0xFC, 0x7E, 0x2A, 0x03, 0xC8, 0xC7, 0x50, 0x03, 0x04, 0x43, 0x44, 0x09, 0xC2,
    0x08, 0x49, 0x80, 0x4C, 0x31, 0x0C, 0x2D, 0xF4, 0x6D, 0x9E, 0x9F, 0x66, 0x21, 0x3D, 0x32, 0x55,
    0x6D, 0xB4, 0x86, 0x88, 0x4B, 0x7E, 0xC2, 0x21, 0x92, 0xC4, 0x26, 0x10, 0xEC, 0x16, 0x76, 0x3E,
    0x1F, 0x76, 0xDE, 0xB4, 0x55, 0x0C, 0x48, 0x12, 0x50, 0xD2, 0xDA, 0x58, 0xCC, 0xBC, 0x1B, 0x12,
    0x95, 0x11, 0x93, 0xDD, 0x72, 0x4A, 0x91, 0x3A, 0xDA, 0x9F, 0x8C, 0x4E, 0xC7, 0x6A, 0xCF, 0xCF,
    0x59, 0x43, 0xBF, 0x6F, 0xF0, 0xAE, 0x1D, 0xB7, 0xA8, 0xA3, 0x37, 0x89, 0xF3, 0x64, 0x1E, 0xFB,
    0xEE, 0x2E, 0x05, 0x79, 0xF9, 0x97, 0xDA, 0x7F, 0x0F, 0xF2, 0x7B, 0x96, 0x45, 0xCF, 0x7B, 0x76,
    0xC2, 0xA2, 0xAF, 0xF9, 0xBF, 0xF6, 0xB3, 0x4B, 0xB6, 0xBD, 0xA2, 0xDA, 0xAD, 0x8D, 0xE9, 0xB6,
    0x67, 0x8C, 0x5C, 0x6D, 0x25, 0xD1, 0xD6, 0x74, 0xB6, 0xB3, 0x67, 0x8D, 0xC8, 0xC5, 0xD0, 0x2F,
    0xE2, 0x54, 0xF1, 0xF8, 0x89, 0x1A, 0x3B, 0x9A, 0x8D, 0xF2, 0x39, 0xF9, 0x4C, 0x60, 0x4E, 0x28,
    0xF1, 0x78, 0xFE, 0x0E, 0x37, 0x6D, 0x0E, 0x91, 0xAF, 0x2D, 0x2B, 0xBC, 0xE4, 0x17, 0xA1, 0x2C,
    0x43, 0x39, 0x48, 0xD6, 0xB2, 0x6C, 0x2D, 0xEC, 0x6D, 0x46, 0x65, 0xD8, 0xA2, 0xDF, 0x45, 0x22,
    0x8B, 0xCC, 0xCF, 0x99, 0x42, 0xC8, 0xE6, 0x1D, 0xF6, 0xF1, 0xCA, 0x5C, 0x32, 0x58, 0x04, 0x02,
    0x9B, 0x16, 0x53, 0x0E, 0x9B, 0x87, 0x73, 0x2E, 0x9C, 0xAB, 0xAB, 0xD8, 0x2C, 0x21, 0x4D, 0x13,
    0x23, 0x4F, 0x5B, 0xF3, 0x7C, 0x70, 0x4A, 0xEC, 0x4D, 0x72, 0xBC, 0x83, 0xB7, 0x3E, 0xCF, 0xC5,
    0x71, 0x29, 0x3E, 0x2E, 0xC5, 0x87, 0x85, 0xF7, 0x34, 0xF7, 0x1F, 0x18, 0xF9, 0xAA, 0x91, 0x9E,
    0x59, 0x4E, 0x5F, 0x9C, 0xEE, 0xB2, 0xB3, 0xB2, 0x63, 0x77, 0xD9, 0x2C, 0x43, 0xC5, 0xBB, 0xEC,
    0x78, 0x79, 0x56, 0x53, 0xC3, 0x41, 0x8A, 0x5A, 0x68, 0x5D, 0x72, 0x8A, 0x90, 0x6B, 0xC6, 0x1B,
    0xD8, 0xD2, 0xFA, 0x0E, 0x29, 0xE9, 0x5A, 0x06, 0x6A, 0x96, 0x5C, 0x1F, 0x96, 0x0A, 0x83, 0x16,
    0x06, 0x11, 0x06, 0x21, 0xA8, 0x9A, 0xCB, 0xB6, 0x97, 0x33, 0xCD, 0x8F, 0x6D, 0xDD, 0x3E, 0x02,
    0x53, 0x59, 0xDD, 0x4E, 0x0F, 0x10, 0xD5, 0xD4, 0xAE, 0x90, 0xB4, 0x58, 0xC6, 0x4C, 0xF4, 0xD6,
    0x7A, 0x07, 0x2F, 0x4F, 0xDB, 0x5D, 0x03, 0xCC, 0xE7, 0x75, 0xC8, 0x3C, 0xD8, 0xA5, 0x17, 0xB0,
    0xB6, 0x83, 0xAD, 0xA2, 0x21, 0x2C, 0x56, 0x3B, 0xF8, 0xAF, 0x71, 0x7F, 0xB5, 0x08, 0xB6, 0xBB,
    0xBF, 0x27, 0xAA, 0xAA, 0x24, 0x30, 0x90, 0x1C, 0x44, 0x4B, 0xFC, 0x47, 0x47, 0xA2, 0x4A, 0x43,
    0xEF, 0x13, 0x84, 0x5E, 0x8A, 0x36, 0x85, 0x5B, 0x55, 0x24, 0x39, 0xAB, 0xAA, 0x56, 0x7B, 0x9D,
    0x55, 0xF8, 0xE3, 0x4A, 0xAB, 0xFE, 0x67, 0x26, 0x52, 0xDB, 0x24, 0xF2, 0x2A, 0x82, 0x7C, 0x1F,
    0x09, 0xE9, 0xCB, 0xB8, 0xDA, 0x87, 0xFA, 0x77, 0xBD, 0x3B, 0x33, 0x16, 0xD1, 0xC2, 0xC6, 0x4C,
    0x20, 0x6A, 0xB9, 0x6D, 0xE4, 0xEB, 0x86, 0x09, 0x80, 0x1A, 0xCD, 0xE8, 0x94, 0x54, 0xA8, 0x13,
    0x51, 0xF5, 0x67, 0xC4, 0xC5, 0x57, 0x56, 0x32, 0x35, 0x08, 0x48, 0xC5, 0x4E, 0x39, 0x75, 0xF1,
    0x42, 0x58, 0x0E, 0xAB, 0xD3, 0xD1, 0x11, 0xBF, 0xF5, 0xC6, 0xBE, 0x91, 0x33, 0x8A, 0xE0, 0x38,
    0x6F, 0x71, 0xB7, 0xD7, 0x1A, 0x5F, 0xA6, 0xB8, 0xDF, 0xC8, 0x16, 0x52, 0xD5, 0xDE, 0x63, 0x88,
    0xD2, 0xE6, 0x4F, 0x66, 0x19, 0xD0, 0xCA, 0xEE, 0x19, 0xD9, 0x66, 0xB5, 0xE6, 0x8F, 0xAC, 0x82,
    0xA0, 0xF0, 0xFD, 0x0F, 0xB2, 0x82, 0xBA, 0xC2, 0xCC, 0x41, 0x5A, 0xCC, 0x2F, 0x6D, 0x28, 0x6D,
    0x93, 0x27, 0xF2, 0xE8, 0xE6, 0x13, 0x0D, 0x49, 0xEC, 0xE6, 0x68, 0x35, 0x6C, 0xDF, 0x69, 0x13,
    0x91, 0x7B, 0xA5, 0x53, 0x3E, 0x2B, 0xFB, 0xA6, 0xD6, 0x52, 0x27, 0x13, 0x7E, 0x6E, 0x82, 0xE4,
    0x74, 0xBC, 0xC1, 0x8D, 0x8D, 0x8B, 0x90, 0x16, 0xAE, 0xA6, 0xA2, 0xA5, 0x78, 0xD2, 0xED, 0xE2,
    0x25, 0x66, 0xEE, 0xE7, 0x01, 0x6E, 0xD0, 0x78, 0x40, 0x6D, 0xEF, 0x54, 0x33, 0x36, 0x33, 0x68,
    0x69, 0xC9, 0x4F, 0x44, 0x79, 0x91, 0x41, 0x3F, 0xDE, 0x47, 0xBF, 0xE2, 0xF0, 0xCC, 0xBA, 0xCC,
    0x8C, 0x5E, 0x67, 0xEE, 0xA4, 0xDB, 0xC4, 0x13, 0xDB, 0x77, 0x04, 0x91, 0x66, 0x3C, 0x08, 0x3A,
    0x53, 0x8A, 0x8D, 0xD3, 0xC0, 0xAC, 0x4C, 0x4C, 0x3A, 0x8D, 0x48, 0x03, 0x50, 0x0E, 0xCD, 0x0A,
    0xC4, 0x07, 0x3C, 0x1A, 0x53, 0xEC, 0x3A, 0xE7, 0x18, 0x9D, 0x2E, 0xA4, 0x81, 0x39, 0x87, 0x43,
    0x0A, 0x88, 0x8E, 0xD6, 0x2F, 0x71, 0xB0, 0x77, 0x0E, 0xE7, 0xD4, 0xA0, 0x7E, 0x7E, 0x5F, 0xD7,
    0x06, 0x81, 0x33, 0xC9, 0x3D, 0x4E, 0xC5, 0x6D, 0x7B, 0xBF, 0x75, 0x77, 0x5B, 0xC2, 0xCC, 0x04,
    0x15, 0x75, 0x88, 0xA1, 0xC4, 0x80, 0x2A, 0xB2, 0x8D, 0x3E, 0x5D, 0x69, 0xEA, 0xEA, 0xD2, 0x5A,
    0xD0, 0xFC, 0x35, 0x9C, 0xEB, 0xF3, 0x54, 0x87, 0x01, 0xC2, 0xB6, 0x55, 0x83, 0xD3, 0x9B, 0x8F,
    0x5B, 0x35, 0xC5, 0x74, 0xA6, 0x93, 0x2F, 0x01, 0xE4, 0x28, 0x4E, 0xAF, 0x09, 0x8D, 0x30, 0x6F,
    0xC2, 0x3D, 0x42, 0x3D, 0xFF, 0x32, 0x3B, 0xBF, 0x09, 0x7C, 0x01, 0xFC, 0xD5, 0xD6, 0x41, 0x43,
    0x0F, 0xD4, 0x4B, 0xFE, 0x5C, 0xD7, 0xCD, 0xA5, 0xE0, 0x44, 0x58, 0xBF, 0xCB, 0x9D, 0x4F, 0x75,
    0x53, 0xE4, 0x7A, 0xFE, 0x1F, 0x17, 0xC0, 0x2E, 0x84, 0xF2, 0x34, 0xBE, 0x46, 0x39, 0x64, 0x5F,
    0x43, 0x5C, 0x06, 0xF5, 0x26, 0x5F, 0xD1, 0xF8, 0x3D, 0xC4, 0x1D, 0x4B, 0x6E, 0x2C, 0x3E, 0xD1,
    0x3B, 0xB4, 0x96, 0xDC, 0xB9, 0xEA, 0xEC, 0xF6, 0x94, 0xC8, 0x7B, 0xB1, 0x67, 0x7A, 0x5D, 0xA9,
    0x7B, 0xC7, 0x12, 0x3F, 0x7F, 0xD6, 0xC2, 0x5B, 0x7F, 0x4A, 0xF0, 0xF6, 0xBB, 0x19, 0xBA, 0xDB,
    0x25, 0xBA, 0x5E, 0x81, 0x7B, 0x74, 0x0B, 0xB6, 0x6B, 0x49, 0xF1, 0xA3, 0xA8, 0xA9, 0x21, 0x8C,
    0xA5, 0x0E, 0xBB, 0xD4, 0x9C, 0x7E, 0x4F, 0x79, 0x7F, 0x94, 0xA0, 0xFD, 0x51, 0x0F, 0xF1, 0x7B,
    0xA4, 0x8E, 0xB6, 0x73, 0x04, 0x94, 0x9D, 0xAC, 0x04, 0x46, 0x58, 0xB9, 0xC1, 0x73, 0x7F, 0x74,
    0x55, 0x13, 0x7D, 0x13, 0x55, 0x45, 0x19, 0x5B, 0xAE, 0x72, 0xD4, 0xB7, 0x3F, 0x35, 0xAD, 0x81,
    0xB3, 0xB7, 0x09, 0x61, 0xB8, 0x7D, 0x8A, 0xA7, 0xC6, 0xFD, 0x2C, 0xA5, 0x92, 0x26, 0x9A, 0x71,
    0x46, 0x2C, 0x12, 0x49, 0x03, 0x92, 0x19, 0x54, 0x09, 0xDF, 0xB6, 0x37, 0x27, 0xEF, 0x27, 0x58,
    0x7E, 0xB1, 0x19, 0x78, 0xAD, 0xF7, 0xAC, 0x25, 0xEE, 0xFE, 0x9E, 0x57, 0x15, 0xDC, 0xFB, 0x89,
    0x1D, 0xEF, 0xF1, 0x65, 0x4D, 0xF0, 0xED, 0x9E, 0xDD, 0x18, 0x57, 0xE8, 0x56, 0x98, 0x88, 0x12,
    0x4B, 0x91, 0x5E, 0x85, 0xE5, 0x3F, 0x30, 0x71, 0xF0, 0xD6, 0x86, 0x8B, 0x96, 0xEE, 0x9E, 0x74,
    0xEF, 0x38, 0xFB, 0xEA, 0x64, 0x31, 0xE0, 0xAA, 0xCD, 0xBA, 0xAD, 0x4B, 0x01, 0xCF, 0xBC, 0x41,
    0x59, 0x08, 0xC8, 0x8A, 0xE4, 0x68, 0xC2, 0x74, 0xF3, 0x2D, 0xD4, 0xEC, 0xCF, 0x27, 0x13, 0x71,
    0x3D, 0x53, 0xD0, 0x33, 0xF9, 0x4C, 0x8C, 0xCA, 0x0D, 0x52, 0x4F, 0xE4, 0xF3, 0xFF, 0x01, 0x9D,
    0x57, 0x4F, 0x6C, 0x1C, 0x57, 0x1D, 0xFE, 0x66, 0xC6, 0xDE, 0x91, 0x3C, 0x24, 0xCF, 0x07, 0x57,
    0xE0, 0x50, 0x65, 0x2E, 0x20, 0x21, 0xA8, 0x77, 0x2E, 0x39, 0xF8, 0x30, 0xB3, 0xFB, 0x4C, 0x28,
    0x3E, 0x80, 0xC4, 0x56, 0x6A, 0x94, 0x23, 0x97, 0x9C, 0x2A, 0xA4, 0x06, 0x54, 0x89, 0xAA, 0x9A,
    0xB0, 0xD3, 0x5A, 0xEA, 0xA5, 0x6A, 0xE5, 0x72, 0xE1, 0x80, 0x04, 0x3E, 0xF4, 0xE0, 0xB8, 0x20,
    0x73, 0xB0, 0xC4, 0x1C, 0x1C, 0x76, 0x92, 0x1C, 0x90, 0xA8, 0x10, 0xC3, 0x89, 0x43, 0x0F, 0x4C,
    0x05, 0x02, 0x89, 0x1C, 0xFC, 0xA4, 0x2E, 0xEA, 0x96, 0xAE, 0x3D, 0x7C, 0xBF, 0x37, 0x6B, 0xBB,
    0x0D, 0xA9, 0x3D, 0xC6, 0xEB, 0x37, 0x4A, 0xD6, 0xEF, 0x7D, 0xEF, 0xF7, 0xEF, 0xFB, 0x7E, 0xBF,
    0x01, 0x1C, 0x8D, 0xE1, 0x7A, 0xE1, 0xD5, 0x07, 0x5A, 0xDD, 0x3F, 0x44, 0x88, 0x31, 0xBA, 0x5C,
    0x09, 0x57, 0x0C, 0x83, 0xD8, 0x35, 0xE8, 0xF9, 0x25, 0xC2, 0x3A, 0x43, 0x70, 0x88, 0xD9, 0xCF,
    0x12, 0x06, 0xB9, 0x7F, 0x68, 0xC2, 0xDD, 0x22, 0x51, 0x88, 0x15, 0xD2, 0x10, 0x69, 0x17, 0xFD,
    0x29, 0x42, 0xD3, 0x6C, 0x70, 0xF4, 0x15, 0xF7, 0xE7, 0x59, 0xD7, 0x3B, 0x40, 0xE2, 0x4D, 0x10,
    0xFB, 0x05, 0xD2, 0x20, 0x43, 0xAE, 0x34, 0x17, 0x30, 0x0E, 0xB9, 0x7A, 0xC0, 0x68, 0x0A, 0x44,
    0xD5, 0x31, 0xE8, 0x3C, 0x57, 0x08, 0xC5, 0x5B, 0x42, 0x45, 0x23, 0xB8, 0x8F, 0xE0, 0x88, 0x23,
    0x2E, 0xEE, 0xED, 0xF3, 0xF2, 0xE8, 0x57, 0x38, 0xB1, 0x60, 0x89, 0x8F, 0xCB, 0x7B, 0x7C, 0x04,
    0xA5, 0xFD, 0xA2, 0x73, 0x17, 0x3B, 0xDB, 0x41, 0x9D, 0xD5, 0x13, 0xF5, 0x46, 0xE9, 0x1A, 0x75,
    0xBD, 0xF2, 0x4B, 0xE5, 0x56, 0x2A, 0x0B, 0xDD, 0xAA, 0x87, 0xAE, 0x57, 0xEE, 0x23, 0xF1, 0xEF,
    0xD3, 0xA1, 0x70, 0xA3, 0xC4, 0xF0, 0x48, 0xD5, 0xC5, 0xE8, 0xEF, 0x7C, 0xF0, 0xE4, 0x60, 0xC0,
    0xB3, 0xAF, 0x94, 0x3C, 0x1B, 0x69, 0x9E, 0x05, 0xD4, 0xF5, 0x0F, 0xEA, 0x42, 0xB9, 0x1F, 0xEC,
    0x16, 0x3C, 0x1B, 0xCA, 0xD9, 0x94, 0x67, 0x8B, 0xB1, 0x9C, 0xAD, 0x78, 0x36, 0xF8, 0x17, 0xE4,
    0x2C, 0xBD, 0x5C, 0x5B, 0xD3, 0xF0, 0x1E, 0xFC, 0x15, 0xF0, 0x0B, 0xBA, 0xB2, 0x9E, 0xD1, 0x9A,
    0x4F, 0xDE, 0xA8, 0x11, 0xEE, 0x7E, 0xFB, 0x77, 0xE8, 0x29, 0xEC, 0x33, 0x36, 0x8C, 0x5F, 0x7A,
    0x55, 0xFC, 0x4F, 0xE8, 0x7C, 0x7F, 0xDA, 0xDF, 0xA6, 0x17, 0xC3, 0x49, 0xE3, 0x44, 0x27, 0xEB,
    0x64, 0x01, 0x3F, 0x4A, 0xF3, 0x03, 0xF9, 0x84, 0xFC, 0x44, 0x4C, 0x40, 0x97, 0x09, 0x48, 0x98,
    0x80, 0x18, 0xC3, 0x49, 0x8A, 0xD1, 0x38, 0xE7, 0xEE, 0x31, 0x03, 0xC0, 0xF0, 0x46, 0xC5, 0x2C,
    0x04, 0x0E, 0xCF, 0x2B, 0x9E, 0xF6, 0x41, 0x64, 0x7B, 0x56, 0xF1, 0x5C, 0xC8, 0x73, 0xA7, 0xA7,
    0x53, 0x9E, 0xCF, 0x79, 0x9E, 0x67, 0x99, 0x4C, 0x74, 0xB8, 0x14, 0x3D, 0x5C, 0xD0, 0xCC, 0x90,
    0x0E, 0x36, 0xCA, 0xE0, 0x35, 0x5E, 0xCE, 0x98, 0x67, 0xA1, 0xD2, 0x8C, 0x78, 0x12, 0xD2, 0x47,
    0xC4, 0x5D, 0x5A, 0x8B, 0x3C, 0x06, 0x8F, 0x3B, 0x13, 0xF8, 0x06, 0x6E, 0xC6, 0xBB, 0x96, 0x17,
    0x10, 0x54, 0x4C, 0xB6, 0x32, 0xDC, 0xA3, 0xC6, 0x4C, 0xF8, 0xD5, 0x3C, 0xE7, 0x23, 0xDE, 0x4B,
    0xB0, 0x92, 0x18, 0x5E, 0xD7, 0x35, 0x29, 0x3D, 0xAE, 0x72, 0xA4, 0xAA, 0x1A, 0x23, 0x0F, 0x4A,
    0xA9, 0x06, 0x47, 0x1E, 0x7D, 0xC9, 0x72, 0x3F, 0xC3, 0x69, 0xAE, 0x89, 0xA7, 0x04, 0x6F, 0x41,
    0xF0, 0x20, 0x78, 0x89, 0xE0, 0x25, 0x82, 0x17, 0x0B, 0x5E, 0x2A, 0x78, 0xB9, 0xE0, 0x8D, 0x05,
    0xCF, 0x10, 0xEF, 0xCF, 0x27, 0x78, 0xBE, 0x24, 0xDD, 0x46, 0x62, 0xD9, 0xE2, 0xE9, 0xE6, 0x7B,
    0xA7, 0xC4, 0x1C, 0xCB, 0x62, 0xE4, 0x15, 0xE1, 0x81, 0x5F, 0x44, 0x6A, 0xBD, 0xE8, 0xD1, 0xB7,
    0x98, 0xCE, 0xC5, 0xF4, 0x2E, 0x5D, 0x09, 0x91, 0x27, 0x5D, 0x6E, 0x97, 0x95, 0x02, 0x2C, 0x4D,
    0x38, 0x9B, 0xB6, 0x98, 0x56, 0x0C, 0x94, 0x0D, 0xEC, 0x15, 0x2D, 0x76, 0x0E, 0x33, 0x7C, 0x54,
    0xB8, 0x7F, 0x2B, 0xBC, 0x87, 0x45, 0xF0, 0x97, 0x82, 0x75, 0x12, 0xDD, 0x2C, 0x63, 0xAF, 0xCC,
    0xDD, 0xD2, 0x59, 0xD3, 0x2E, 0x13, 0x3E, 0x95, 0x3B, 0x83, 0x4F, 0xB2, 0x70, 0xA4, 0x7B, 0x0D,
    0x05, 0xAE, 0x4A, 0xD0, 0x58, 0xA5, 0xD1, 0xBE, 0x4D, 0xCE, 0xC9, 0x36, 0xC0, 0xBD, 0x0B, 0x7F,
    0x2A, 0xF6, 0xB9, 0x15, 0xBC, 0x12, 0x5E, 0x21, 0xBF, 0x2C, 0x09, 0x32, 0x22, 0x62, 0x2D, 0x96,
    0x58, 0x5C, 0x5A, 0x31, 0x72, 0xBB, 0xE4, 0xF0, 0x38, 0x77, 0x29, 0x98, 0xF3, 0xC5, 0x45, 0xF4,
    0x2A, 0x84, 0x36, 0x6E, 0x43, 0xED, 0xD5, 0x95, 0x7A, 0x60, 0xC8, 0x50, 0x12, 0x94, 0xFC, 0x24,
    0x3D, 0x13, 0xD7, 0x90, 0x9C, 0xE4, 0xA6, 0x7F, 0xF8, 0xD9, 0x4B, 0x07, 0xE0, 0x37, 0xE1, 0x2E,
    0x9E, 0x48, 0x4F, 0x6E, 0x73, 0x1E, 0x69, 0xDC, 0xB3, 0xEE, 0xBA, 0x9B, 0x5D, 0xAF, 0x48, 0xBC,
    0x82, 0x1C, 0x25, 0x45, 0xC9, 0xD0, 0x89, 0x12, 0x7E, 0x92, 0x9E, 0x64, 0x67, 0x74, 0xB2, 0xFF,
    0xD8, 0x97, 0xD3, 0x52, 0x51, 0x42, 0x4D, 0x32, 0x53, 0x5C, 0x6E, 0x78, 0x79, 0x43, 0x83, 0x2A,
    0xB1, 0x06, 0xE7, 0x7D, 0xE0, 0xD9, 0x56, 0xC8, 0xA8, 0x35, 0x76, 0xB4, 0xF3, 0x07, 0xB8, 0x7F,
    0x3A, 0x0F, 0x9C, 0x25, 0x7B, 0x95, 0x57, 0xC0, 0x7D, 0xAF, 0x35, 0xB8, 0x20, 0x52, 0x3C, 0xE0,
    0xBC, 0xDE, 0x02, 0xFF, 0xA7, 0x4C, 0xBA, 0xE0, 0x5F, 0xC0, 0x78, 0xFE, 0xFC, 0x53, 0xE3, 0x0E,
    0x5A, 0xD9, 0xBF, 0x05, 0xBC, 0x6C, 0xED, 0x27, 0xFE, 0x5A, 0x6B, 0x7C, 0xFE, 0x63, 0xD5, 0xDA,
    0xFF, 0xDE, 0x39, 0xF8, 0x8E, 0x0E, 0xA7, 0xCB, 0x77, 0xD0, 0x0D, 0x8E, 0xFA, 0xF7, 0xF2, 0xF8,
    0xDE, 0xA4, 0x2F, 0x04, 0x99, 0x1F, 0x20, 0x1A, 0x0B, 0x23, 0x62, 0x83, 0x25, 0x7D, 0x6E, 0x69,
    0xDB, 0x6C, 0x1C, 0x7B, 0x73, 0x66, 0x75, 0x5B, 0x64, 0x43, 0x05, 0x42, 0x20, 0x3A, 0xD4, 0x12,
    0x19, 0x5F, 0x01, 0xAE, 0x9D, 0x87, 0x8C, 0x17, 0xC8, 0xE5, 0xBA, 0x51, 0x8A, 0xCE, 0xCE, 0x36,
    0x54, 0x3D, 0xB1, 0x7F, 0x8A, 0x49, 0x87, 0xC9, 0x7F, 0x36, 0x1D, 0x53, 0x57, 0xDE, 0x3F, 0xFE,
    0xAD, 0x83, 0x9A, 0xBC, 0xB8, 0x59, 0xB2, 0xBD, 0xD4, 0xC5, 0x3E, 0x17, 0xAE, 0x6C, 0x35, 0xF2,
    0xA8, 0xE7, 0x08, 0x4F, 0x09, 0x1E, 0xBD, 0x9F, 0xF5, 0x42, 0xE1, 0xFE, 0x08, 0x69, 0xF4, 0x0E,
    0x52, 0x69, 0x21, 0xF5, 0xAF, 0x11, 0x8D, 0x66, 0x4D, 0xEC, 0xC5, 0x4D, 0xAF, 0x36, 0x41, 0x39,
    0x08, 0x35, 0xBA, 0xF3, 0x83, 0x24, 0xAA, 0xE2, 0x2F, 0x96, 0x49, 0xDF, 0xF4, 0xBE, 0x51, 0x86,
    0xBB, 0x99, 0x4F, 0x7B, 0x71, 0x6C, 0xE9, 0xAE, 0x96, 0x70, 0x5B, 0x0A, 0xA5, 0x77, 0x84, 0x45,
    0x0B, 0x31, 0xFC, 0x23, 0x7C, 0xF3, 0x63, 0xD4, 0x46, 0x3C, 0x17, 0x96, 0x26, 0xC7, 0x2C, 0xFD,
    0x34, 0x2C, 0x1B, 0x18, 0x61, 0xA3, 0x92, 0x69, 0xEE, 0xF9, 0x85, 0xB0, 0xD4, 0xC2, 0x3E, 0xAE,
    0x20, 0xBB, 0x4F, 0x8A, 0x44, 0x8A, 0xE7, 0xC6, 0x18, 0x55, 0x16, 0x7F, 0x30, 0xC0, 0x8F, 0x0B,
    0xF4, 0x6D, 0x44, 0x5E, 0xDD, 0x0A, 0x36, 0x2A, 0xF5, 0xBD, 0x4C, 0x45, 0x50, 0xFB, 0x08, 0xC7,
    0x88, 0x26, 0x48, 0x28, 0x95, 0x09, 0xBD, 0x44, 0x1E, 0x62, 0x6E, 0x09, 0x2A, 0x87, 0x5F, 0x49,
    0x5B, 0xA7, 0xBE, 0x04, 0x5A, 0x9A, 0x83, 0x62, 0x17, 0x64, 0x0F, 0x9C, 0xA0, 0x6F, 0xE4, 0x37,
    0x9E, 0x20, 0xA5, 0xBC, 0x24, 0xE7, 0x6B, 0x0A, 0xF5, 0xD4, 0xCB, 0xE0, 0x55, 0x56, 0x25, 0x3F,
    0x5F, 0x53, 0x7C, 0xE0, 0x12, 0x7B, 0xB7, 0x46, 0x87, 0x26, 0x7E, 0x7D, 0x13, 0xB6, 0xF8, 0x2E,
    0x04, 0xEE, 0xDC, 0x85, 0x77, 0xD4, 0xFA, 0x0A, 0x06, 0xE4, 0xB7, 0x12, 0x10, 0x77, 0x67, 0x53,
    0x52, 0x1F, 0x5A, 0x12, 0x52, 0x5E, 0x65, 0x44, 0x80, 0x75, 0x58, 0xF7, 0x46, 0xE8, 0x4F, 0x1E,
    0x17, 0x3B, 0xB6, 0xF8, 0xCE, 0x48, 0x4B, 0x57, 0x33, 0x72, 0x2F, 0x45, 0x19, 0x3D, 0xDB, 0x0C,
    0x7A, 0x78, 0x7B, 0x9F, 0x5D, 0x52, 0xA2, 0xED, 0x38, 0xDA, 0x3B, 0x16, 0x3B, 0xD2, 0xAF, 0x51,
    0xED, 0x13, 0xE1, 0x6E, 0x54, 0x9B, 0x37, 0x70, 0x82, 0xA1, 0xBD, 0xB7, 0xFE, 0xEF, 0xB9, 0x83,
    0xC7, 0xAC, 0x3D, 0x34, 0xF7, 0x62, 0x23, 0x87, 0x54, 0x90, 0x27, 0x9D, 0xCA, 0x97, 0xC7, 0x85,
    0x47, 0x0E, 0x38, 0x03, 0x39, 0xAE, 0xD0, 0xB2, 0x58, 0x65, 0x2A, 0x63, 0xA1, 0xBC, 0xD4, 0xB6,
    0x58, 0x3B, 0xD9, 0x16, 0x23, 0xC4, 0x66, 0xBA, 0xC6, 0xE5, 0x54, 0xB9, 0x7A, 0xB7, 0x1A, 0x87,
    0x75, 0x69, 0xBA, 0x37, 0xEF, 0x9B, 0xC4, 0x7F, 0x50, 0xC5, 0xFE, 0xC3, 0x32, 0xF5, 0xEB, 0x22,
    0x77, 0xEB, 0xC6, 0x9C, 0x9F, 0x95, 0x6E, 0x3D, 0xF6, 0xCC, 0x84, 0x1E, 0x7B, 0x45, 0x4E, 0x97,
    0x83, 0xD7, 0x8C, 0xFA, 0x4E, 0xA1, 0x86, 0x3A, 0x24, 0xF1, 0x37, 0xAD, 0x61, 0x22, 0xE2, 0xF8,
    0x1A, 0x77, 0x3F, 0x65, 0x15, 0xDD, 0xD7, 0x76, 0x76, 0x5A, 0x96, 0x69, 0xC4, 0xC4, 0x9C, 0x1C,
    0x38, 0x37, 0x70, 0x6A, 0x90, 0x19, 0xA4, 0xCB, 0xFF, 0x57, 0x9C, 0x16, 0x38, 0x7B, 0xB0, 0x98,
    0x64, 0x64, 0x5A, 0x05, 0x05, 0xF0, 0xF2, 0x08, 0xE1, 0x01, 0x22, 0x65, 0x8D, 0x6F, 0x06, 0x9C,
    0x15, 0x4B, 0x00, 0x6E, 0xA2, 0x3A, 0xB1, 0xA6, 0xA2, 0x0C, 0x5F, 0x2D, 0xAC, 0x88, 0x69, 0x7C,
    0x94, 0x39, 0x1F, 0x66, 0x14, 0x31, 0xBF, 0x11, 0xB1, 0x77, 0x8B, 0x99, 0x88, 0x39, 0xB6, 0x05,
    0x2D, 0x4A, 0x71, 0x38, 0x7F, 0x9C, 0xB5, 0xD9, 0x33, 0xA5, 0x4C, 0x26, 0x5A, 0xB9, 0x64, 0x0F,
    0x17, 0x96, 0x33, 0xB1, 0x9E, 0x55, 0x67, 0x7D, 0x6D, 0x2B, 0x69, 0x4D, 0x6A, 0xA9, 0xC8, 0xC3,
    0x97, 0x98, 0x57, 0xF5, 0xD0, 0x84, 0xFE, 0xB8, 0x7B, 0x79, 0x2F, 0x59, 0x1D, 0xC7, 0xC6, 0xF4,
    0xEE, 0x9B, 0xFE, 0xF5, 0x32, 0xAA, 0x33, 0xDA, 0xB7, 0xD8, 0xD8, 0xD6, 0xB5, 0x79, 0x7D, 0x0E,
    0x3E, 0xB1, 0x87, 0x48, 0x86, 0x88, 0x0F, 0x30, 0xFC, 0x25, 0x86, 0xE4, 0xDC, 0x3E, 0x86, 0x46,
    0xB6, 0x39, 0x37, 0xC0, 0x70, 0xE0, 0x87, 0xAD, 0x46, 0xA3, 0xF9, 0xE7, 0xA1, 0x62, 0x78, 0xDF,
    0x3D, 0x4F, 0xE2, 0x3B, 0x5A, 0x94, 0xFA, 0xDA, 0xED, 0x36, 0x98, 0xA4, 0x98, 0x53, 0xC3, 0x5B,
    0x3F, 0x07, 0x73, 0x7E, 0x09, 0xFE, 0x0F, 0xE0, 0xBE, 0xD5, 0x84, 0x99, 0xE1, 0xD4, 0x2A, 0x93,
    0x52, 0x51, 0xDB, 0x08, 0x0F, 0xD1, 0x7D, 0x7E, 0x56, 0x43, 0x64, 0x01, 0x59, 0xFE, 0xD4, 0x40,
    0xBD, 0xEC, 0x3F, 0x8D, 0x81, 0x7F, 0x18, 0x7E, 0x3F, 0x09, 0xFB, 0x87, 0x3F, 0xD9, 0x4A, 0xD1,
    0xDF, 0x0E, 0x85, 0x21, 0x5F, 0x92, 0x91, 0xC4, 0xDD, 0xC8, 0xDA, 0xC0, 0xE0, 0x96, 0x77, 0xE4,
    0x05, 0x4F, 0x82, 0x99, 0x1F, 0xA8, 0x55, 0xEF, 0x69, 0x19, 0xFC, 0xFC, 0xA9, 0x63, 0xDC, 0xCA,
    0x2B, 0xBD, 0xC2, 0x2B, 0xFC, 0x22, 0xC8, 0xA2, 0x72, 0x58, 0xDE, 0xD0, 0x49, 0xF5, 0x85, 0xDB,
    0xC2, 0x62, 0xF9, 0xA6, 0x99, 0xFD, 0x65, 0xEE, 0xA3, 0xAB, 0x6E, 0xE3, 0x6A, 0x8B, 0x91, 0xB1,
    0xA3, 0x23, 0x23, 0x11, 0x7C, 0x7C, 0x64, 0x74, 0x9E, 0x85, 0xC8, 0xDD, 0x8F, 0xDA, 0x8E, 0x8C,
    0x6C, 0xE4, 0x6A, 0x15, 0x62, 0xEC, 0x99, 0x23, 0xA3, 0xE4, 0x8C, 0xAA, 0x7E, 0x7B, 0xAB, 0x25,
    0xEC, 0xA9, 0x2F, 0x67, 0xC2, 0x32, 0x6D, 0xDE, 0x2F, 0xE0, 0xFC, 0x7E, 0xF6, 0x02, 0x27, 0xF1,
    0x26, 0xF5, 0xD7, 0x0B, 0x69, 0x58, 0x35, 0xA2, 0xE9, 0x69, 0x6B, 0xDB, 0x57, 0x7A, 0x69, 0xF0,
    0x8C, 0xB9, 0x74, 0x0D, 0x73, 0x97, 0xF3, 0x70, 0x1C, 0x51, 0xB2, 0x4F, 0xA6, 0xE4, 0x65, 0x3B,
    0x30, 0x3C, 0x28, 0xDA, 0x80, 0x30, 0x5D, 0xD3, 0x85, 0x4B, 0xFF, 0x0B, 0x42, 0x4B, 0x82, 0x18,
    0xEE, 0x9B, 0x6D, 0x67, 0x62, 0xEE, 0x9F, 0xD5, 0xFA, 0xD9, 0x63, 0xDF, 0x92, 0x94, 0xAF, 0xBB,
    0xA1, 0x5B, 0xC2, 0x36, 0xFB, 0xBD, 0x8D, 0x73, 0x60, 0xDD, 0x8F, 0x29, 0x24, 0x08, 0xE7, 0xA4,
    0x0D, 0xB1, 0x42, 0x03, 0x23, 0xEF, 0x69, 0xB0, 0x4A, 0xCC, 0xC2, 0x1C, 0x96, 0xB3, 0xD1, 0xF7,
    0x19, 0xAB, 0x56, 0x1C, 0x0D, 0x27, 0xBD, 0x5B, 0x3D, 0xBE, 0x2E, 0xF9, 0xC6, 0x31, 0x8F, 0xCC,
    0x88, 0x81, 0x5A, 0xA1, 0x2E, 0x2E, 0xE2, 0x85, 0x1D, 0x8C, 0x6A, 0x29, 0xAB, 0x93, 0xB6, 0xA6,
    0xE4, 0x15, 0xBC, 0xE9, 0x88, 0x56, 0xB9, 0x6C, 0xB9, 0xFF, 0xC6, 0xBE, 0x5F, 0x79, 0x7C, 0xD5,
    0xEC, 0x8F, 0xA3, 0x41, 0x53, 0x6F, 0x31, 0x69, 0x1B, 0x59, 0xA0, 0x58, 0xEE, 0x78, 0x31, 0xA3,
    0xE2, 0xB8, 0x7A, 0x2C, 0x2D, 0x33, 0xA8, 0x9C, 0x3A, 0xA3, 0xAE, 0xCF, 0x6A, 0x37, 0x28, 0x58,
    0x30, 0x5F, 0x9E, 0x0A, 0xC7, 0x07, 0x33, 0x07, 0x0B, 0xE7, 0x51, 0x39, 0xFB, 0x13, 0xBB, 0xC0,
    0x81, 0x86, 0x9F, 0xD9, 0xCA, 0x46, 0x67, 0x8A, 0xFE, 0x26, 0x96, 0x9A, 0x16, 0xFF, 0x4A, 0x89,
    0xA8, 0x51, 0xFA, 0x77, 0x82, 0x6C, 0xAC, 0xB4, 0x61, 0x4F, 0x61, 0x3B, 0x61, 0x37, 0xE9, 0xDE,
    0x2C, 0x4F, 0xC2, 0x28, 0x85, 0xC1, 0x5C, 0xEC, 0x7D, 0x76, 0xE6, 0xF9, 0x16, 0xD4, 0xE7, 0x48,
    0xFE, 0x7F, 0x01, 0x5D, 0x52, 0x4D, 0x4B, 0x1B, 0x41, 0x18, 0x7E, 0xD6, 0xEC, 0xD6, 0xC6, 0x04,
    0x1D, 0xCB, 0xA6, 0x44, 0x09, 0x49, 0x0E, 0x49, 0x4D, 0x82, 0x31, 0x41, 0xA3, 0xAE, 0xBA, 0xE9,
    0x8E, 0xFF, 0x60, 0x2D, 0xC9, 0x51, 0xD8, 0x8A, 0xFD, 0x5A, 0x5A, 0x58, 0x30, 0x87, 0x54, 0xFC,
    0x98, 0x83, 0x3F, 0x20, 0x3F, 0x21, 0x94, 0x1C, 0x52, 0x0F, 0xED, 0x42, 0x17, 0x1A, 0x4A, 0xC5,
    0xA5, 0xB7, 0x4A, 0x0F, 0xFB, 0x13, 0xF6, 0xD6, 0xD2, 0x53, 0x0E, 0x85, 0x7A, 0x68, 0x49, 0x5F,
    0x6B, 0xBD, 0x74, 0x06, 0x66, 0x9E, 0x79, 0xDF, 0x67, 0xDE, 0x67, 0xDE, 0x87, 0x51, 0xCB, 0x93,
    0x0A, 0x16, 0xA0, 0x41, 0xE1, 0x15, 0xDF, 0x0B, 0x65, 0x18, 0xDE, 0x4E, 0x58, 0xEA, 0x18, 0x81,
    0xDD, 0x3B, 0xFF, 0x91, 0xCD, 0xDE, 0x0F, 0x33, 0x82, 0x5D, 0xBA, 0x40, 0x3D, 0xCC, 0x75, 0xD4,
    0xA3, 0x49, 0x0D, 0x33, 0xD8, 0xC0, 0x1E, 0x5F, 0x80, 0xA2, 0x96, 0xBD, 0x56, 0xC0, 0x58, 0x9D,
    0x18, 0xB9, 0x9A, 0xE3, 0x9A, 0x3B, 0xFC, 0x1D, 0xFF, 0x0A, 0x60, 0x8B, 0xAF, 0x05, 0x29, 0x37,
    0x82, 0x39, 0x6B, 0x8D, 0x52, 0xB7, 0xB8, 0x11, 0x3A, 0xDD, 0x68, 0x59, 0x1F, 0xCC, 0xD4, 0x75,
    0xB7, 0x3B, 0x74, 0xDD, 0xAB, 0xDD, 0x6C, 0xCF, 0x2B, 0x3C, 0x43, 0xAA, 0xF2, 0xF3, 0x14, 0x58,
    0xBB, 0x87, 0x04, 0xB7, 0xC5, 0x18, 0x8F, 0x60, 0x0C, 0x0A, 0x32, 0x38, 0x44, 0x17, 0x70, 0x3A,
    0x0E, 0x55, 0x8B, 0xA2, 0x42, 0xAB, 0xFA, 0xB2, 0x0A, 0xB5, 0xDD, 0x62, 0x06, 0x8F, 0x88, 0x71,
    0x11, 0xE3, 0x06, 0x0A, 0xD0, 0x5A, 0xDE, 0x91, 0x8A, 0x81, 0x47, 0xE9, 0xF7, 0xFE, 0x43, 0x11,
    0xC5, 0x06, 0x5F, 0x14, 0x19, 0x20, 0xAD, 0x33, 0x3D, 0x7D, 0xB6, 0x5B, 0x70, 0x3F, 0x16, 0x92,
    0xF3, 0x5A, 0x2D, 0xAB, 0x98, 0xEB, 0x83, 0x6A, 0x8E, 0x58, 0xF8, 0x6C, 0x3D, 0x16, 0xA6, 0xB9,
    0x1F, 0x54, 0xB8, 0xC4, 0xA7, 0x86, 0x5A, 0xCB, 0x34, 0x3F, 0x10, 0x56, 0x70, 0xEC, 0x77, 0x03,
    0x59, 0x36, 0x06, 0x8B, 0xA1, 0x2D, 0xCE, 0x7D, 0xBB, 0x9F, 0x68, 0x94, 0xFA, 0x09, 0xD3, 0xEE,
    0x36, 0x4D, 0x59, 0xAE, 0xFC, 0x5A, 0x1E, 0x96, 0xFA, 0xC7, 0x97, 0x74, 0xFD, 0x78, 0xF4, 0xBB,
    0x74, 0xDA, 0x07, 0xA4, 0x20, 0x23, 0x0E, 0xC1, 0x28, 0xC2, 0x31, 0x26, 0x30, 0x0E, 0x4C, 0x02,
    0x29, 0xA0, 0x06, 0x90, 0x51, 0xC1, 0xFF, 0x31, 0xA4, 0xE2, 0x1A, 0xAD, 0xB9, 0xE4, 0xBA, 0x97,
    0x30, 0x67, 0x7B, 0xB9, 0xDC, 0xB2, 0x93, 0x30, 0x81, 0xA3, 0xF0, 0x84, 0x4D, 0x93, 0xF3, 0x75,
    0xCA, 0x4D, 0x24, 0xE3, 0x29, 0x46, 0x9A, 0x0D, 0xBB, 0xD7, 0x34, 0x55, 0x0A, 0xC6, 0x90, 0xA0,
    0x84, 0x0B, 0x99, 0x19, 0xEE, 0xAB, 0xC0, 0x6A, 0x53, 0x99, 0x1E, 0xF4, 0x9F, 0xE2, 0xDE, 0x27,
    0xD2, 0x18, 0xEC, 0x2A, 0x8D, 0xE2, 0x76, 0x35, 0x0E, 0xDC, 0x3C, 0x33, 0x2F, 0x56, 0xFC, 0x3D,
    0x41, 0x85, 0x0E, 0xE3, 0xB7, 0x25, 0x18, 0x8E, 0x1D, 0x5C, 0xB5, 0x1B, 0x21, 0x47, 0x0D, 0xE7,
    0x8E, 0x98, 0x22, 0x4F, 0xD3, 0xD6, 0xBD, 0xA0, 0x6C, 0x3D, 0xF1, 0x81, 0x7D, 0x7F, 0x85, 0x98,
    0xB2, 0x9E, 0x63, 0x4F, 0x0B, 0x45, 0x0B, 0x0A, 0x6B, 0xCA, 0x12, 0xC8, 0x04, 0xD6, 0x40, 0xDE,
    0x84, 0x42, 0x58, 0xDA, 0xE4, 0x04, 0x0E, 0xF4, 0xBA, 0xA8, 0x85, 0x24, 0xE7, 0x77, 0x11, 0x13,
    0x6B, 0xE1, 0x9C, 0x45, 0x4D, 0xE9, 0xF4, 0xDA, 0x79, 0x4D, 0x86, 0xD7, 0xE2, 0x40, 0x3B, 0x28,
    0xBA, 0x9B, 0x0C, 0xB5, 0x42, 0x0B, 0xF4, 0x45, 0x58, 0x5B, 0x57, 0xF3, 0xE2, 0xC2, 0xBA, 0xB0,
    0xF2, 0x82, 0x7F, 0x4B, 0x92, 0x3F, 0x8A, 0x86, 0x83, 0xCC, 0x68, 0x28, 0xBD, 0xBE, 0xC2, 0x3A,
    0x5E, 0x4C, 0x11, 0x7E, 0x86, 0xD2, 0x29, 0x19, 0x89, 0xD9, 0x53, 0x61, 0x8C, 0x84, 0xC4, 0x25,
    0x54, 0x46, 0x6F, 0xE1, 0xCC, 0x92, 0xBF, 0xE7, 0x21, 0x62, 0xDF, 0xCF, 0x50, 0xA6, 0xE6, 0xAF,
    0x87, 0x4C, 0xDC, 0x37, 0x48, 0x34, 0xB7, 0xFF, 0x9E, 0xA2, 0x58, 0xA2, 0x59, 0xC4, 0x04, 0x56,
    0xC9, 0xD5, 0x22, 0x54, 0x56, 0xAD, 0x9A, 0x37, 0xC1, 0xE9, 0x7F, 0x7B, 0xA1, 0xE3, 0xEF, 0x4A,
    0x7C, 0x82, 0x5F, 0x9F, 0x54, 0x94, 0x88, 0xBC, 0x84, 0x07, 0xB8, 0x6B, 0xAD, 0x3A, 0x4B, 0xD5,
    0xAD, 0x6C, 0xD2, 0xE9, 0x08, 0x68, 0x8E, 0x65, 0x9D, 0x7C, 0xF1, 0xAC, 0x69, 0xA4, 0x49, 0xED,
    0x11, 0xFE, 0x00, 0xA5, 0x5A, 0x5D, 0x6C, 0x1C, 0xD7, 0x75, 0x3E, 0x33, 0x43, 0x72, 0x62, 0x0E,
    0xAC, 0x6B, 0xA4, 0x32, 0x10, 0xCB, 0x30, 0xC7, 0x05, 0xFC, 0x60, 0x1B, 0xE1, 0x4C, 0x1F, 0xF2,
    0xE0, 0x20, 0xF3, 0x67, 0xA9, 0x80, 0x5B, 0xB8, 0x80, 0xF9, 0xE0, 0xC0, 0x05, 0x8C, 0x56, 0x0D,
    0xE0, 0x07, 0xC1, 0x45, 0x25, 0x05, 0x30, 0x0A, 0xAA, 0x1D, 0x72, 0xAF, 0x2D, 0x20, 0x42, 0xEA,
    0x87, 0xB0, 0x41, 0xD0, 0x16, 0x28, 0x1A, 0xF1, 0x41, 0x0F, 0x14, 0x95, 0x56, 0x02, 0xCA, 0xD4,
    0x93, 0x78, 0xC5, 0x1D, 0x89, 0x0F, 0x7A, 0xD0, 0x83, 0xC6, 0xB5, 0x01, 0xA3, 0x10, 0x6A, 0x4E,
    0x2D, 0xB5, 0x6A, 0xAA, 0xB6, 0xBC, 0xB2, 0xC7, 0xD1, 0xCA, 0xDA, 0xDD, 0xE9, 0x77, 0xEE, 0x2C,
    0x7F, 0xF4, 0x4B, 0x1A, 0x5D, 0xEE, 0x02, 0xAB, 0x9D, 0x7B, 0xCF, 0xBD, 0xF7, 0xFC, 0x7C, 0xE7,
    0x3B, 0xE7, 0x8A, 0xA6, 0x88, 0xDE, 0x22, 0xFA, 0x26, 0xE1, 0x35, 0xB6, 0x98, 0x38, 0x75, 0x22,
    0x12, 0x12, 0x44, 0xEE, 0x02, 0xF9, 0x3D, 0xF2, 0x5E, 0xA5, 0x90, 0x28, 0x20, 0x6A, 0x75, 0xA9,
    0x53, 0x91, 0x71, 0x91, 0xCC, 0x4B, 0x3B, 0x1A, 0xF9, 0xE6, 0x22, 0x75, 0x6A, 0xB2, 0x73, 0x72,
    0x24, 0x39, 0x57, 0x49, 0x60, 0xF0, 0xFE, 0xDC, 0xB5, 0x73, 0xCF, 0xCE, 0xC3, 0x8E, 0x0C, 0x97,
    0x59, 0x08, 0x8D, 0x26, 0xE4, 0x12, 0xBD, 0x70, 0xB7, 0x40, 0x96, 0x49, 0xE4, 0xD1, 0x50, 0x60,
    0x4A, 0x94, 0x61, 0x44, 0x4B, 0x5A, 0x75, 0x21, 0xF2, 0x04, 0x8F, 0xA2, 0x57, 0x29, 0xEE, 0x51,
    0xB4, 0xC0, 0x4F, 0x23, 0x0C, 0x1E, 0x90, 0x33, 0x60, 0x21, 0x66, 0x1F, 0x0B, 0xF1, 0x5C, 0xBC,
    0x05, 0xD6, 0x55, 0x64, 0x74, 0x89, 0xDA, 0x2C, 0x02, 0x5B, 0x6A, 0x15, 0x7A, 0x21, 0xE9, 0x48,
    0x91, 0x08, 0x0C, 0xF1, 0xF0, 0x17, 0x42, 0x44, 0x0A, 0xF1, 0xCE, 0x61, 0x71, 0xE6, 0x41, 0xCF,
    0x68, 0xFC, 0x7E, 0xFB, 0x81, 0xE0, 0x8A, 0x08, 0x2B, 0x28, 0xB2, 0x4A, 0x6A, 0xE5, 0xD4, 0x4A,
    0xF4, 0x99, 0x9E, 0x3F, 0x89, 0xAD, 0xF6, 0x31, 0x04, 0xC3, 0x2A, 0x7C, 0x54, 0x67, 0xCE, 0x28,
    0xEB, 0xCA, 0x2A, 0xAA, 0xB6, 0x95, 0xAB, 0xB6, 0x73, 0x4E, 0x75, 0x3B, 0x7B, 0x6B, 0x75, 0xD6,
    0xAA, 0x65, 0xB3, 0x9D, 0x79, 0x72, 0xDE, 0x56, 0x24, 0x5E, 0xC4, 0xC7, 0x2C, 0xC9, 0x3D, 0x75,
    0x8B, 0xFC, 0xBA, 0x86, 0x9E, 0x2E, 0x14, 0xA1, 0x73, 0xB4, 0x08, 0xC4, 0xB1, 0x3C, 0x15, 0xB5,
    0xCC, 0x44, 0xFF, 0x4E, 0x9D, 0xFE, 0x4A, 0xEB, 0xF4, 0xF5, 0x46, 0xA7, 0x32, 0x74, 0x64, 0x08,
    0xE5, 0x19, 0x09, 0x3F, 0xDB, 0x35, 0x14, 0xEC, 0x1C, 0x2D, 0xC5, 0xCB, 0xB9, 0x70, 0xC9, 0x6D,
    0x93, 0xDB, 0x25, 0xAF, 0x4D, 0x61, 0x40, 0x41, 0x44, 0xA9, 0x4B, 0x19, 0x06, 0xEF, 0x26, 0x9A,
    0x20, 0x72, 0xF4, 0xE0, 0xE4, 0x84, 0xB3, 0xAF, 0x12, 0x76, 0x25, 0x84, 0x72, 0x43, 0xE5, 0x1D,
    0x29, 0x27, 0x3F, 0x2B, 0xE2, 0x0F, 0xF3, 0xF8, 0x68, 0xDE, 0xB2, 0xF3, 0xB3, 0x8E, 0x34, 0x57,
    0x72, 0xAA, 0x79, 0xCA, 0x13, 0x34, 0xEF, 0x5A, 0xA5, 0xB0, 0x73, 0xF1, 0x4A, 0xE2, 0x1C, 0x27,
    0xBB, 0x4F, 0x56, 0x97, 0x4C, 0xAD, 0x83, 0x4E, 0x4E, 0xDA, 0x0A, 0x7A, 0x69, 0xA9, 0x70, 0x22,
    0x1C, 0xC8, 0xB5, 0x0A, 0xCF, 0xD2, 0x56, 0xB7, 0xF3, 0xC0, 0x91, 0xAD, 0x3A, 0xC1, 0x11, 0xAC,
    0x9C, 0xDF, 0xD8, 0x2C, 0xED, 0x49, 0x28, 0x96, 0x30, 0x2D, 0xDD, 0xCC, 0x8D, 0x2B, 0xB9, 0xB5,
    0x92, 0x3B, 0x1F, 0xE7, 0xA2, 0xCE, 0xFD, 0xD7, 0x8A, 0xC0, 0x2C, 0x32, 0xB3, 0xB8, 0xC3, 0xCF,
    0x4E, 0xB0, 0xA5, 0xBD, 0x43, 0x14, 0x0A, 0x0A, 0x7C, 0x56, 0x32, 0x8C, 0x3A, 0x76, 0x92, 0x9C,
    0x3A, 0x17, 0xEF, 0xE6, 0xC2, 0xCA, 0xC5, 0x21, 0xE9, 0xF6, 0xC9, 0xDB, 0x8F, 0x01, 0x49, 0x20,
    0x92, 0x56, 0x4D, 0x9D, 0xEE, 0x0E, 0x1C, 0x6B, 0x7C, 0x11, 0x6E, 0x88, 0xC3, 0x79, 0x18, 0x04,
    0xD1, 0x14, 0x60, 0xCC, 0x34, 0x06, 0x55, 0x21, 0x8C, 0x1B, 0x90, 0x55, 0xA4, 0x78, 0x5C, 0xB3,
    0x55, 0x30, 0xCF, 0xC5, 0x44, 0x0F, 0x7A, 0x18, 0xD9, 0x3E, 0x04, 0x4C, 0x39, 0xFF, 0x9C, 0x59,
    0xA8, 0xB6, 0xA1, 0x6E, 0x28, 0xFA, 0xE2, 0x4A, 0x41, 0x38, 0x3C, 0x1B, 0xD0, 0xB8, 0xBD, 0x46,
    0xD6, 0xB5, 0x4B, 0x89, 0xB8, 0xF0, 0x6E, 0xEE, 0x3B, 0x2F, 0xE5, 0x33, 0xC2, 0x2A, 0x9C, 0x2E,
    0x7B, 0xEE, 0x08, 0x4B, 0x4B, 0x8C, 0x59, 0x72, 0x2A, 0x1A, 0x3D, 0xAB, 0x77, 0x1A, 0xD1, 0x97,
    0x3D, 0x16, 0xB6, 0x13, 0x23, 0xD1, 0x19, 0xC5, 0x4E, 0x3E, 0xBA, 0xFD, 0xC8, 0xED, 0x9D, 0x03,
    0x6E, 0x0C, 0x05, 0xC3, 0x89, 0x55, 0x6A, 0xA8, 0xD4, 0x2C, 0x33, 0x38, 0x30, 0xFC, 0x17, 0xEE,
    0xDB, 0xDA, 0x5B, 0x9E, 0x85, 0xA3, 0x62, 0x3F, 0x73, 0xE3, 0xD2, 0x29, 0xDD, 0x5C, 0x94, 0x71,
    0x2E, 0xD4, 0x9F, 0xCB, 0x09, 0x75, 0x3B, 0x99, 0xB8, 0xB1, 0x4A, 0x93, 0x9F, 0x5F, 0xA2, 0xE0,
    0xBD, 0x3F, 0xA4, 0xA0, 0xE3, 0xD1, 0xF4, 0xD9, 0x90, 0x96, 0xDA, 0x01, 0x5C, 0xE2, 0x84, 0x23,
    0x2B, 0x91, 0x28, 0x61, 0x28, 0xF7, 0x54, 0xE9, 0xD7, 0x85, 0xF7, 0x5A, 0xE3, 0x12, 0x79, 0xEA,
    0x48, 0x5E, 0xB0, 0x93, 0x58, 0x75, 0x29, 0xCE, 0x2B, 0x97, 0xAA, 0x88, 0x55, 0x5F, 0x05, 0xA4,
    0x02, 0x53, 0x45, 0x76, 0xE1, 0xD6, 0xD2, 0x1E, 0x34, 0x18, 0x31, 0xEF, 0xD4, 0x4A, 0xEC, 0xDD,
    0xF0, 0x2B, 0x76, 0xAD, 0xC6, 0xAF, 0x52, 0x91, 0x64, 0x82, 0xC6, 0x16, 0x88, 0x4D, 0x82, 0x63,
    0xD9, 0xB9, 0xEB, 0xE4, 0x6E, 0x27, 0xF1, 0xFB, 0x0F, 0x06, 0x91, 0x75, 0x37, 0xB8, 0x0B, 0x44,
    0x36, 0xA3, 0x4C, 0x07, 0xDA, 0xD0, 0xC0, 0x43, 0x63, 0xF0, 0x94, 0x9D, 0x84, 0x00, 0xFB, 0x37,
    0xBD, 0x5E, 0x90, 0x5D, 0x0F, 0xC8, 0x3D, 0x7E, 0x3C, 0x89, 0x84, 0x93, 0x07, 0x98, 0x12, 0x4E,
    0x38, 0x32, 0x3E, 0xE8, 0xC3, 0xD8, 0x7D, 0x32, 0x96, 0xE7, 0xF4, 0xE2, 0x1A, 0xB9, 0xE4, 0x01,
    0x28, 0xD8, 0xBC, 0x52, 0x1A, 0xB7, 0x11, 0x68, 0x44, 0x7D, 0x32, 0x07, 0x64, 0xAF, 0x12, 0x96,
    0x88, 0x1C, 0xD9, 0xB6, 0xF3, 0x87, 0xC6, 0x94, 0xEA, 0xD4, 0x25, 0xFC, 0xB4, 0x09, 0xAA, 0xE7,
    0x4C, 0xB9, 0xA1, 0x93, 0xB6, 0xA0, 0xD9, 0x0E, 0xC5, 0xF0, 0xB9, 0x2D, 0x4E, 0x3F, 0xF6, 0xF6,
    0xFC, 0x01, 0xE7, 0x9D, 0x32, 0x13, 0xFB, 0x8A, 0x0A, 0x51, 0xC3, 0x1F, 0xE5, 0xDA, 0xE7, 0x94,
    0x87, 0x1F, 0x43, 0xFC, 0x18, 0xE0, 0x87, 0x16, 0x20, 0xA8, 0x83, 0xCF, 0x5D, 0x63, 0xF5, 0xB8,
    0x09, 0xFC, 0xE0, 0x39, 0xFB, 0x8A, 0x2D, 0x63, 0xB1, 0x81, 0x5A, 0x11, 0x63, 0x21, 0x69, 0xD7,
    0xA0, 0x37, 0x25, 0xEB, 0x02, 0x4A, 0xB4, 0x01, 0x55, 0xB7, 0x34, 0x54, 0x09, 0x36, 0x89, 0x27,
    0x24, 0x76, 0x13, 0x23, 0x2C, 0xA5, 0x09, 0xB0, 0x45, 0xCC, 0x26, 0xD0, 0x23, 0xF4, 0xEC, 0xC2,
    0x39, 0xDC, 0x81, 0x20, 0xCF, 0x77, 0x11, 0x84, 0x88, 0x32, 0xDF, 0x83, 0x03, 0x86, 0xD4, 0xB9,
    0xCA, 0xCE, 0xB3, 0xC5, 0x10, 0x5D, 0x04, 0x23, 0x79, 0xEE, 0x1D, 0x20, 0xB0, 0x1E, 0x3D, 0x18,
    0x97, 0x1B, 0xAF, 0xE7, 0x4E, 0x2D, 0xC7, 0x4E, 0x4B, 0x1E, 0x1D, 0x53, 0xA7, 0x47, 0xAD, 0xB2,
    0x01, 0xA5, 0x56, 0xE2, 0xBC, 0x03, 0x17, 0x7B, 0xF9, 0x03, 0x25, 0x44, 0x52, 0xB9, 0xA7, 0xA9,
    0x82, 0xCD, 0x2B, 0x6F, 0x96, 0x54, 0x18, 0x21, 0xD0, 0x7D, 0x04, 0x3A, 0xA0, 0x27, 0xB3, 0x86,
    0x16, 0x7C, 0xFE, 0x84, 0x01, 0xD8, 0xFE, 0x37, 0x65, 0x9D, 0x53, 0xD6, 0xF9, 0xD2, 0xAC, 0x0B,
    0xA3, 0xCE, 0xAD, 0x6B, 0xB9, 0xB8, 0x88, 0xA0, 0x95, 0x33, 0xD8, 0x0D, 0xB0, 0xF6, 0x76, 0xE2,
    0x77, 0x28, 0x74, 0x29, 0x9D, 0xA0, 0xD4, 0xA3, 0x76, 0x48, 0xB3, 0x3D, 0xF2, 0xDB, 0x7A, 0xBA,
    0x41, 0x70, 0x69, 0x7B, 0x90, 0x60, 0x53, 0xDE, 0x1B, 0x14, 0x0F, 0x28, 0xF2, 0x39, 0xB6, 0xF8,
    0x1D, 0x72, 0xF6, 0x72, 0x95, 0x1E, 0x36, 0x45, 0x4E, 0x9F, 0xFC, 0x43, 0x0C, 0x3A, 0xAD, 0x1E,
    0xCD, 0xB6, 0xF9, 0x69, 0x84, 0x88, 0xAC, 0x9A, 0xA7, 0x4E, 0x7F, 0xEC, 0x20, 0x45, 0x76, 0xCF,
    0x2D, 0x22, 0x8A, 0x17, 0x04, 0x92, 0x8E, 0x81, 0x19, 0x3D, 0x32, 0x5A, 0x8C, 0x66, 0x63, 0x3F,
    0x4A, 0x00, 0x5C, 0x91, 0x9F, 0xA4, 0x62, 0x28, 0x38, 0x82, 0xE0, 0x72, 0x38, 0xB5, 0xE7, 0x1E,
    0x0C, 0xBD, 0x56, 0xAF, 0x35, 0x97, 0x52, 0x94, 0xB1, 0x40, 0x6C, 0x69, 0x44, 0x14, 0xAA, 0x3F,
    0x76, 0xE3, 0x4A, 0x45, 0x9F, 0x5D, 0x83, 0xA3, 0xD5, 0xD2, 0xA8, 0xEB, 0xC4, 0x04, 0x18, 0xF9,
    0x17, 0xDE, 0x2D, 0x63, 0x67, 0x9F, 0xDE, 0x94, 0x91, 0xF8, 0xD5, 0xE3, 0xD8, 0x89, 0x50, 0xE3,
    0x8A, 0xB2, 0xC5, 0xAA, 0xA3, 0x13, 0x27, 0xB9, 0x8E, 0x04, 0x44, 0x7A, 0x82, 0x0F, 0x0C, 0xD5,
    0xA7, 0x11, 0x45, 0xD8, 0xFA, 0xCF, 0xB4, 0xFB, 0xEE, 0x25, 0x6B, 0x95, 0x8C, 0xFE, 0x36, 0xC3,
    0xF0, 0x12, 0x42, 0xBA, 0x11, 0xA3, 0x4D, 0xAC, 0xF8, 0x9D, 0x56, 0x34, 0xDD, 0xA6, 0x2C, 0xD4,
    0xCB, 0xD6, 0xCA, 0xBC, 0x5E, 0x5A, 0x2B, 0x05, 0xD2, 0x80, 0x7D, 0x2C, 0x17, 0x2F, 0xC9, 0x56,
    0xA3, 0xE8, 0x66, 0x62, 0xDE, 0x77, 0xCF, 0xF7, 0xFC, 0x95, 0x5E, 0x74, 0x31, 0x0B, 0x3F, 0x59,
    0x3A, 0xD2, 0x53, 0x47, 0xBA, 0xEA, 0xE7, 0x37, 0x54, 0xB3, 0xA2, 0xAB, 0x57, 0x84, 0x6B, 0x45,
    0xCB, 0xAC, 0x06, 0x08, 0xCC, 0x02, 0xAD, 0x5C, 0xD8, 0xA3, 0xA5, 0x2D, 0xE4, 0xDE, 0xA3, 0xA1,
    0xDD, 0xB4, 0x0B, 0x64, 0xE1, 0x34, 0xF9, 0x42, 0x3B, 0x93, 0xCB, 0x26, 0x9C, 0x06, 0x5C, 0x61,
    0xE2, 0x28, 0x59, 0x9D, 0xDC, 0xBE, 0x5E, 0x38, 0x2B, 0x05, 0x9C, 0x9C, 0x53, 0xCB, 0xCB, 0xB9,
    0xBB, 0x96, 0x78, 0x5B, 0xD0, 0xE4, 0x8D, 0x46, 0xC7, 0xFE, 0x42, 0xA8, 0x49, 0x42, 0x4A, 0xF1,
    0x19, 0x2D, 0x77, 0xF7, 0x08, 0xED, 0x1A, 0xB4, 0x12, 0xF7, 0xF4, 0x9A, 0xF4, 0xC5, 0xCB, 0x32,
    0xC4, 0xE6, 0x82, 0x09, 0x91, 0xA4, 0xD8, 0xDE, 0x34, 0xF6, 0xB1, 0x14, 0x78, 0xFA, 0x34, 0x56,
    0x01, 0x91, 0x0E, 0x00, 0x64, 0x3F, 0xD9, 0x6D, 0xB2, 0xBB, 0x64, 0x69, 0x00, 0x41, 0xC4, 0xEC,
    0x97, 0x0C, 0x00, 0x27, 0x98, 0x1E, 0x6D, 0x66, 0x2C, 0xBB, 0x2E, 0xDC, 0x65, 0x15, 0x06, 0x59,
    0x3A, 0x9D, 0xA5, 0x4B, 0x55, 0xFA, 0x85, 0x8A, 0x81, 0x63, 0x83, 0xC4, 0x28, 0xC9, 0x2C, 0x38,
    0xF4, 0x4D, 0xCD, 0x26, 0x90, 0x07, 0xED, 0x4B, 0x64, 0x01, 0x3D, 0x20, 0xB0, 0x22, 0xD1, 0x26,
    0x3F, 0xE4, 0x63, 0xDD, 0x6D, 0x16, 0x4F, 0x9B, 0xA5, 0x4E, 0xFC, 0xE3, 0xEB, 0x79, 0x91, 0x5F,
    0x59, 0xB8, 0x14, 0x54, 0xE9, 0xAD, 0x6E, 0xA7, 0xBB, 0xBB, 0x22, 0x65, 0xA8, 0x66, 0xDA, 0x3E,
    0x04, 0xED, 0x4B, 0xF9, 0xA4, 0x00, 0xC3, 0x80, 0x96, 0x03, 0x08, 0x49, 0xE1, 0xCA, 0x51, 0xDD,
    0x21, 0xFF, 0x95, 0x4F, 0x68, 0xFD, 0xF5, 0x90, 0x71, 0xB9, 0xFF, 0xCA, 0x45, 0xA0, 0x21, 0x90,
    0x80, 0x9C, 0xA1, 0x31, 0x29, 0xCE, 0xE9, 0x49, 0xC0, 0xEB, 0x4F, 0x34, 0x32, 0xBC, 0x2C, 0x85,
    0x2D, 0xC5, 0xF1, 0xC4, 0xEE, 0xAF, 0x0B, 0x23, 0x0F, 0xF4, 0xCB, 0x9B, 0x0A, 0xE2, 0x5E, 0x10,
    0xCE, 0xA4, 0x69, 0x98, 0x45, 0xED, 0xCA, 0x55, 0x6A, 0xFD, 0x21, 0x79, 0x53, 0x71, 0x2F, 0x8C,
    0x52, 0x2F, 0x9A, 0x69, 0xFC, 0x3A, 0x2E, 0x1F, 0xAF, 0x90, 0xB6, 0xBA, 0x7B, 0xB0, 0xEF, 0x53,
    0x65, 0x47, 0xEB, 0x02, 0x88, 0xD3, 0x75, 0xFD, 0x19, 0x2F, 0xF0, 0xE2, 0x9E, 0x17, 0x75, 0xC3,
    0x34, 0x0B, 0xA6, 0x67, 0xBB, 0xD9, 0xD0, 0xF8, 0x64, 0x81, 0x35, 0x5C, 0x96, 0xBC, 0xF6, 0x1A,
    0x32, 0x0F, 0x01, 0xC8, 0x81, 0x38, 0xF0, 0x0F, 0xB0, 0x12, 0x45, 0x87, 0xEF, 0x17, 0x3E, 0x98,
    0xF3, 0xAF, 0xE6, 0xEF, 0xDD, 0x37, 0xB0, 0x12, 0x4E, 0x16, 0x40, 0x35, 0x17, 0xEA, 0x9C, 0x61,
    0x80, 0x82, 0x4F, 0x45, 0xEB, 0x3E, 0x95, 0x36, 0xCE, 0x18, 0x70, 0x06, 0xB2, 0x2B, 0x6D, 0x29,
    0x58, 0x76, 0x52, 0xD3, 0x6E, 0x1D, 0xFE, 0x08, 0x71, 0xA4, 0x16, 0x1B, 0x8E, 0x59, 0x70, 0x8A,
    0x89, 0x17, 0x88, 0x03, 0x7D, 0xD3, 0xBF, 0x5A, 0xE5, 0xF2, 0x5C, 0x9B, 0x5A, 0x67, 0xFC, 0x92,
    0x97, 0x72, 0xAB, 0xE8, 0x8F, 0x22, 0xF2, 0x73, 0x1B, 0x16, 0xBA, 0x5E, 0xD6, 0x39, 0x9F, 0xDF,
    0x91, 0x76, 0xC2, 0x66, 0x74, 0x37, 0x68, 0x2B, 0xFB, 0xE4, 0x48, 0x32, 0x51, 0x7C, 0x23, 0x67,
    0x8D, 0xB9, 0x5B, 0xE8, 0x2C, 0xD2, 0xE0, 0x08, 0xFE, 0xF9, 0x14, 0xD1, 0xF0, 0x07, 0x6D, 0x6B,
    0x43, 0x99, 0xA5, 0x55, 0x3C, 0x99, 0xC7, 0xF2, 0xB9, 0x06, 0xBE, 0x90, 0x51, 0xCC, 0xEB, 0x70,
    0xAD, 0x95, 0x8F, 0xC8, 0xBA, 0x80, 0x0C, 0x7C, 0xEC, 0x02, 0x82, 0x80, 0xF9, 0xC3, 0xE5, 0x7C,
    0xC6, 0x1C, 0x6C, 0xDA, 0x1D, 0xF1, 0xE9, 0xC2, 0x7F, 0xBC, 0xFD, 0x60, 0x72, 0x48, 0x6A, 0xE1,
    0xEC, 0x21, 0x1C, 0x18, 0x1C, 0xC2, 0x9F, 0x65, 0x83, 0x34, 0xB2, 0x76, 0xA2, 0x9E, 0x51, 0x9D,
    0x61, 0xDF, 0x7A, 0x28, 0x46, 0x4C, 0x31, 0xE1, 0xA6, 0x6F, 0x6D, 0x83, 0x32, 0xC6, 0xDB, 0xD2,
    0xB8, 0x26, 0x69, 0x79, 0xC7, 0x71, 0xF6, 0x60, 0x69, 0xBC, 0x73, 0xA6, 0x64, 0x74, 0x60, 0xDC,
    0x94, 0x6D, 0xD7, 0xCA, 0x33, 0x64, 0xDD, 0x0C, 0x19, 0x39, 0x9B, 0x15, 0x94, 0x0D, 0x7C, 0xFA,
    0xC5, 0x00, 0x98, 0xFF, 0xBF, 0x30, 0xCE, 0xF1, 0x8A, 0x62, 0x51, 0xE2, 0x93, 0xB3, 0xBC, 0x2A,
    0x9D, 0x54, 0xD3, 0x81, 0xCA, 0xD2, 0x1B, 0xDD, 0xEA, 0xE6, 0x2D, 0xD5, 0x69, 0xE5, 0xAD, 0x58,
    0x42, 0xB0, 0x39, 0x47, 0xF6, 0x47, 0x9C, 0x0C, 0x9E, 0xFC, 0xA8, 0xA9, 0x8A, 0x48, 0xEC, 0x97,
    0xCD, 0xE2, 0xBE, 0x4E, 0x8B, 0x30, 0xCD, 0xAE, 0x0E, 0xB9, 0x6B, 0xD0, 0x10, 0x38, 0x43, 0x3F,
    0x70, 0x3B, 0xC1, 0x84, 0x9B, 0xBA, 0xB3, 0x99, 0xD3, 0xD5, 0x39, 0xEC, 0xD0, 0x9C, 0x73, 0x94,
    0x73, 0x58, 0x01, 0xEF, 0xC6, 0xE9, 0x3A, 0x27, 0xA1, 0x4D, 0x50, 0xDE, 0x59, 0x30, 0x4F, 0x46,
    0x26, 0x78, 0x4F, 0x0A, 0xF5, 0x66, 0xF6, 0xBA, 0x81, 0xA6, 0x04, 0x72, 0x87, 0xFB, 0x37, 0x1E,
    0xB2, 0x47, 0xAD, 0xA2, 0xE5, 0xB9, 0x00, 0x9E, 0x11, 0x9F, 0xC9, 0x9A, 0xE4, 0x83, 0xD4, 0xE4,
    0xE7, 0x1C, 0x8A, 0x20, 0xDF, 0x37, 0x0B, 0x10, 0x23, 0x7B, 0x50, 0x8A, 0x99, 0xD2, 0x0F, 0x54,
    0x30, 0xAD, 0xB2, 0x25, 0x3D, 0x06, 0x5A, 0xAC, 0xC9, 0x5C, 0x25, 0x7B, 0x8D, 0x43, 0x75, 0xE2,
    0xB6, 0x0C, 0x6E, 0xCA, 0xEC, 0x0A, 0xE8, 0xC8, 0x0C, 0x9C, 0x6E, 0x80, 0xB2, 0x05, 0xBF, 0x5B,
    0x97, 0x48, 0x9C, 0x5A, 0x65, 0x92, 0x9C, 0x78, 0xB3, 0xB7, 0x93, 0x30, 0xBC, 0x29, 0x83, 0x5F,
    0x5C, 0x93, 0x33, 0x9F, 0x7D, 0x9C, 0xBF, 0x7F, 0x65, 0x85, 0x15, 0x22, 0xCC, 0xEE, 0x84, 0xDD,
    0x9D, 0x14, 0x69, 0x5C, 0xF7, 0xA2, 0x4E, 0x2F, 0x78, 0xFF, 0x7F, 0xA6, 0x3F, 0xFF, 0xE9, 0x7B,
    0x1F, 0xFF, 0xD4, 0x58, 0x5C, 0x24, 0x13, 0xBC, 0x9A, 0x2A, 0x24, 0x4D, 0x5E, 0x10, 0x9B, 0x31,
    0xC1, 0x24, 0xEC, 0x35, 0x80, 0x97, 0x97, 0x91, 0x1B, 0x4E, 0x83, 0x96, 0x62, 0xCF, 0x69, 0xCA,
    0x9B, 0xB1, 0xEB, 0xD2, 0xBA, 0x9C, 0x1B, 0xAB, 0x4C, 0x8E, 0xB0, 0x9B, 0xC9, 0x9B, 0x49, 0xF0,
    0xB9, 0xFC, 0xF9, 0x15, 0x39, 0xF6, 0x83, 0xC5, 0x05, 0xE7, 0xDD, 0xBA, 0x2B, 0xF6, 0x9D, 0x57,
    0xC2, 0x42, 0x05, 0xB1, 0x58, 0xF3, 0x6E, 0x24, 0x76, 0x93, 0x87, 0xC1, 0xAF, 0x8B, 0x20, 0xFB,
    0xAC, 0x4C, 0x6F, 0x7C, 0x56, 0xFE, 0xF2, 0xD3, 0x4F, 0x75, 0xF4, 0x0B, 0x1F, 0x47, 0x11, 0xB3,
    0x34, 0xE9, 0x4C, 0x43, 0x2F, 0x15, 0x61, 0x4B, 0x14, 0xDC, 0xFC, 0x6F, 0x3A, 0x72, 0xED, 0xEF,
    0xE8, 0xBD, 0x8B, 0x7F, 0x40, 0xF4, 0x3D, 0xC5, 0x65, 0x09, 0x53, 0xD2, 0xC2, 0xDC, 0xAB, 0x98,
    0xD3, 0xFC, 0x71, 0x6E, 0x40, 0xA7, 0xF0, 0x19, 0x4D, 0x0C, 0xC7, 0xEA, 0x24, 0xBE, 0x45, 0x60,
    0xE8, 0xCB, 0x27, 0x38, 0x97, 0x37, 0x2F, 0xE3, 0x42, 0x0E, 0xDE, 0x66, 0xD7, 0x34, 0xB6, 0x9F,
    0x7D, 0xC6, 0x64, 0x86, 0xC7, 0xC1, 0x37, 0xB6, 0xCC, 0x96, 0x45, 0xD8, 0xFD, 0x72, 0x9E, 0x62,
    0x8D, 0x23, 0x4F, 0x8C, 0x8F, 0xD3, 0xE4, 0x04, 0x02, 0x00, 0x3C, 0x26, 0x08, 0x11, 0x02, 0x41,
    0xA8, 0x8F, 0xC8, 0x7B, 0x71, 0xEB, 0x42, 0x57, 0x96, 0x34, 0xE4, 0x53, 0x9C, 0xB5, 0xD7, 0xAB,
    0x17, 0x31, 0x11, 0xBA, 0x5E, 0xE8, 0x85, 0x61, 0x18, 0x04, 0x41, 0x9A, 0x06, 0xD3, 0x5D, 0x58,
    0x95, 0x4B, 0x17, 0x5D, 0x86, 0x62, 0x97, 0x06, 0x18, 0x65, 0x4B, 0x13, 0xE9, 0x73, 0x4C, 0xA4,
    0xFD, 0xEF, 0x56, 0x10, 0x19, 0x7E, 0x57, 0x05, 0x86, 0x8A, 0xAC, 0xC2, 0x5D, 0x93, 0x43, 0x88,
    0x9D, 0x62, 0xD6, 0xEA, 0xEA, 0x4A, 0x0A, 0x39, 0x13, 0x14, 0x11, 0x71, 0xB8, 0xC1, 0x49, 0xDE,
    0x00, 0xDB, 0x77, 0xD4, 0xB4, 0x48, 0xA6, 0x79, 0x67, 0x14, 0x64, 0x14, 0x28, 0x8A, 0x4A, 0xB6,
    0x4D, 0x8C, 0x20, 0xD7, 0x02, 0x02, 0x01, 0x77, 0x4E, 0x02, 0xFD, 0x74, 0x52, 0x91, 0x5F, 0x90,
    0x9B, 0x73, 0x78, 0xEF, 0x9E, 0xA2, 0xA7, 0xCE, 0xD0, 0xF8, 0x0B, 0x3B, 0x92, 0x83, 0xC1, 0x93,
    0x18, 0xFC, 0xAD, 0x87, 0x09, 0xD4, 0x65, 0x35, 0x0E, 0x84, 0xE3, 0x9F, 0x57, 0xAC, 0xCD, 0x4A,
    0x21, 0x7B, 0x55, 0x0A, 0x70, 0x50, 0x29, 0x54, 0x67, 0xEA, 0xD7, 0x65, 0x68, 0xAA, 0xF7, 0x72,
    0xD4, 0x09, 0x48, 0xBA, 0xB5, 0x6C, 0xF1, 0xC9, 0x34, 0x9D, 0x60, 0x8F, 0x31, 0x58, 0x91, 0x82,
    0x6D, 0x3E, 0x9E, 0x68, 0xF8, 0xC0, 0x53, 0x14, 0xCC, 0xEE, 0x69, 0x30, 0xC0, 0x50, 0x30, 0xCD,
    0x14, 0x02, 0xAA, 0x77, 0x05, 0x5C, 0xCC, 0x43, 0xD1, 0x15, 0xF7, 0x6C, 0x05, 0x2D, 0xD8, 0x4C,
    0x78, 0x1C, 0xA9, 0x93, 0x0D, 0x0D, 0x69, 0xCD, 0x3C, 0x3E, 0x8F, 0x34, 0x05, 0x84, 0x12, 0xFF,
    0xD2, 0x75, 0xA9, 0x1D, 0x31, 0x74, 0xE1, 0x60, 0xBC, 0x95, 0xE8, 0x37, 0x60, 0x87, 0x9C, 0xC3,
    0xEE, 0x0C, 0x21, 0x7B, 0xE0, 0x0B, 0xCC, 0xC2, 0x34, 0xDC, 0xE6, 0xFA, 0x06, 0x4C, 0x1C, 0x6A,
    0x06, 0x1A, 0x1A, 0x52, 0x2B, 0x9F, 0xAC, 0x7F, 0x80, 0xD8, 0xEF, 0xE3, 0xFB, 0x6F, 0x71, 0xA2,
    0x22, 0x42, 0x49, 0x66, 0x0F, 0x5C, 0x85, 0x80, 0x84, 0x60, 0xCA, 0x22, 0xCE, 0xC5, 0x06, 0x60,
    0xD1, 0x96, 0x55, 0xE8, 0xBC, 0xA8, 0x22, 0xB1, 0xAF, 0x84, 0x3F, 0xE7, 0xCE, 0x17, 0x9B, 0xC0,
    0x4B, 0xEE, 0x55, 0xA2, 0xAF, 0xBF, 0x4A, 0x3A, 0x9F, 0x98, 0x2C, 0xF6, 0x31, 0x94, 0x8D, 0x58,
    0x77, 0xFE, 0x34, 0xCE, 0x8F, 0x04, 0x8C, 0x62, 0x32, 0x9D, 0x04, 0x2F, 0x0C, 0x7D, 0x0D, 0xCC,
    0xEE, 0xE5, 0x6A, 0xC8, 0x6B, 0x17, 0x88, 0xBE, 0xB3, 0xA4, 0xBF, 0x7E, 0x45, 0x54, 0x43, 0xCA,
    0x34, 0x1F, 0x4F, 0x1E, 0x02, 0x6F, 0x5A, 0x3B, 0xA5, 0x28, 0xE4, 0xD6, 0x2A, 0x3B, 0x6C, 0xCA,
    0xAB, 0x1E, 0x73, 0x31, 0x8E, 0x82, 0x4A, 0xBF, 0xA1, 0xCE, 0x29, 0x40, 0xD3, 0x42, 0x34, 0xCC,
    0x56, 0xF1, 0xBC, 0x5B, 0x58, 0xB9, 0x8D, 0xBF, 0x31, 0xCD, 0x11, 0x1E, 0x25, 0xEB, 0x67, 0x7A,
    0xF8, 0x29, 0x7A, 0xFA, 0x1C, 0xB9, 0x88, 0xBB, 0x82, 0x1E, 0x7D, 0x9A, 0xBE, 0xD6, 0x9C, 0xE1,
    0x70, 0xA7, 0x9C, 0x02, 0x38, 0x1F, 0x2A, 0xBB, 0xF3, 0x6F, 0x95, 0x87, 0xE9, 0x9B, 0x8F, 0x3E,
    0x0B, 0x03, 0xC7, 0xDD, 0xA7, 0xDF, 0x68, 0xEC, 0x64, 0xFE, 0xFE, 0x50, 0x47, 0x4E, 0x81, 0x20,
    0x1D, 0x79, 0x8C, 0x5E, 0xDC, 0x54, 0x1B, 0x6F, 0xC6, 0xC9, 0xF7, 0x12, 0x7D, 0x6D, 0x6A, 0xF3,
    0x37, 0x93, 0x5B, 0x1B, 0x8F, 0xCC, 0xD3, 0x5F, 0xAD, 0x87, 0x32, 0xEB, 0xCA, 0x18, 0xE1, 0xAF,
    0x8F, 0xD1, 0xD0, 0x4C, 0x2C, 0xD9, 0x4C, 0xE6, 0xF0, 0x63, 0x4E, 0xD3, 0x44, 0x73, 0xB4, 0x65,
    0x3E, 0x7D, 0x9B, 0x68, 0x17, 0xF7, 0x89, 0xC6, 0x72, 0xDA, 0xFA, 0x7A, 0x8C, 0x40, 0xD0, 0x0E,
    0x63, 0xDA, 0xE1, 0x67, 0x59, 0x00, 0x0B, 0xDC, 0x3A, 0x40, 0x4D, 0x53, 0x47, 0xD1, 0x68, 0x32,
    0x96, 0x1C, 0x70, 0x92, 0x9E, 0xB0, 0x7A, 0xC2, 0xE9, 0x0A, 0x37, 0x9B, 0x08, 0x96, 0x26, 0x2B,
    0x15, 0x95, 0x2A, 0x3E, 0x57, 0xB6, 0xCC, 0xC1, 0xB2, 0x05, 0xC5, 0x4D, 0x33, 0x20, 0x98, 0x1C,
    0x9F, 0x63, 0x7B, 0xA5, 0x7D, 0x59, 0x36, 0x29, 0x58, 0xAC, 0x33, 0xDF, 0xA6, 0x1A, 0x0A, 0x18,
    0xE6, 0xA5, 0x7F, 0x3A, 0xD7, 0x59, 0x8B, 0x39, 0x06, 0x4A, 0x27, 0xF8, 0x09, 0x50, 0x87, 0x21,
    0x64, 0x8E, 0xB8, 0x3D, 0xD2, 0x1A, 0x26, 0x39, 0x2E, 0x9D, 0xAE, 0x42, 0x89, 0xB6, 0xF4, 0xBB,
    0xFE, 0xD5, 0x86, 0x3B, 0xC4, 0xDD, 0x68, 0x39, 0x18, 0xB2, 0x2A, 0xDD, 0x59, 0x91, 0xE2, 0x98,
    0xEE, 0xAC, 0x7C, 0x07, 0xC5, 0xB4, 0xF4, 0x07, 0x14, 0x3E, 0xBA, 0xA5, 0x98, 0x66, 0x96, 0x2C,
    0xED, 0xEB, 0xB9, 0x73, 0x14, 0x2C, 0x99, 0x6B, 0x6E, 0xD1, 0x92, 0x5C, 0x9C, 0x61, 0x98, 0xBD,
    0x85, 0x25, 0x5B, 0x5C, 0x08, 0xA2, 0x20, 0xE3, 0xD2, 0x5C, 0xDE, 0xBF, 0x0D, 0xD3, 0xD6, 0xD2,
    0x26, 0x68, 0x52, 0xC0, 0x25, 0x98, 0xAA, 0xAC, 0x93, 0x95, 0x61, 0x93, 0x45, 0x4F, 0x03, 0x1A,
    0x40, 0x5B, 0xAD, 0xF9, 0x3B, 0xA7, 0xB1, 0x5B, 0x26, 0xF6, 0x7F, 0x71, 0xB8, 0xFA, 0x15, 0xD3,
    0x85, 0x0D, 0xE9, 0x77, 0x77, 0x7E, 0xBA, 0x84, 0x1C, 0xCB, 0xAD, 0x21, 0x04, 0x24, 0x7C, 0x5D,
    0x97, 0x94, 0x23, 0x2D, 0x12, 0x3D, 0x1A, 0x9F, 0x63, 0x5D, 0xF6, 0x79, 0xE9, 0x78, 0x2E, 0xEE,
    0x06, 0xED, 0x34, 0x00, 0x25, 0x49, 0x1F, 0xEF, 0xC6, 0x6A, 0x4F, 0x62, 0xCA, 0xF9, 0x03, 0xD6,
    0x07, 0x65, 0x65, 0x7E, 0xFA, 0x61, 0x41, 0x9F, 0x5F, 0x96, 0xF4, 0xFE, 0x1A, 0x71, 0x59, 0x69,
    0xDC, 0x3E, 0x4B, 0xD6, 0xE5, 0x83, 0x24, 0x7E, 0x84, 0xAA, 0x55, 0x88, 0xB2, 0xED, 0xDA, 0x00,
    0x1A, 0x50, 0x71, 0x5D, 0xFB, 0x5B, 0xDA, 0xCE, 0xA3, 0x4D, 0xC5, 0x75, 0x76, 0xFC, 0xC6, 0xA7,
    0xA8, 0xB8, 0xAE, 0x34, 0x15, 0xD7, 0xED, 0x35, 0x69, 0x5D, 0xB9, 0x28, 0xFD, 0x0B, 0xC7, 0xAE,
    0xC6, 0xCE, 0x5E, 0xF6, 0xB4, 0xA5, 0x06, 0xEE, 0x49, 0x6D, 0xDB, 0x06, 0xB2, 0x24, 0x99, 0x39,
    0x43, 0xE3, 0x23, 0xF7, 0x2B, 0xD3, 0x6C, 0x3C, 0xF7, 0x93, 0x27, 0xB8, 0xC2, 0x67, 0x9B, 0xBC,
    0x22, 0x85, 0xC7, 0x35, 0x00, 0x60, 0xDD, 0xAB, 0x28, 0x6C, 0x13, 0xE0, 0x35, 0x8D, 0x8B, 0xCC,
    0x2D, 0x1A, 0x9B, 0x34, 0x10, 0x77, 0x17, 0xE1, 0x8A, 0x14, 0x05, 0x15, 0xA5, 0x9D, 0x24, 0x8B,
    0xD7, 0x35, 0x37, 0xA1, 0x3B, 0x7A, 0x7F, 0x5D, 0x8A, 0x43, 0x52, 0xC4, 0x04, 0xAC, 0xDC, 0x14,
    0xD8, 0xA7, 0x74, 0x8D, 0xDA, 0xBA, 0x46, 0x73, 0xFE, 0x36, 0x17, 0x1D, 0x12, 0x67, 0xB9, 0x76,
    0xE5, 0xA7, 0x3D, 0x0A, 0xFB, 0xEC, 0x67, 0xD8, 0x8C, 0xFF, 0x61, 0x11, 0xAF, 0x4A, 0x71, 0xE8,
    0xCE, 0xCD, 0x84, 0xCC, 0xB3, 0xDA, 0xEE, 0x26, 0x3D, 0xE4, 0x63, 0xDF, 0xBB, 0x13, 0x4D, 0xFD,
    0xDE, 0x94, 0x27, 0x3A, 0x2B, 0xCA, 0xB9, 0x98, 0x83, 0xA7, 0x63, 0x09, 0x40, 0xA9, 0xDB, 0x26,
    0x2F, 0xA0, 0x30, 0xD2, 0xDE, 0xAC, 0x37, 0x10, 0xFF, 0xB3, 0x7A, 0xF2, 0x42, 0x6E, 0xAF, 0x72,
    0x06, 0x70, 0xDA, 0x24, 0x60, 0x1A, 0xC1, 0xCC, 0x6E, 0x6B, 0xEF, 0x49, 0x9C, 0x02, 0x90, 0x16,
    0xDE, 0x6B, 0x45, 0x68, 0x35, 0xD8, 0xDC, 0xCD, 0x44, 0xB5, 0xD9, 0xC9, 0x6D, 0xB4, 0xC1, 0xCD,
    0x23, 0xA6, 0x64, 0x5C, 0x4E, 0x76, 0x34, 0x4B, 0xF5, 0xF3, 0x2C, 0xDE, 0x68, 0x67, 0x24, 0x63,
    0x72, 0x51, 0x3A, 0x12, 0xB1, 0x91, 0x20, 0xAE, 0x30, 0x0B, 0x42, 0x75, 0xDA, 0x86, 0x58, 0x82,
    0x5C, 0x82, 0x60, 0x82, 0x87, 0xE9, 0x3E, 0x9A, 0x96, 0xD7, 0x77, 0x9D, 0x8F, 0x86, 0xF2, 0x4E,
    0x0F, 0x59, 0x2F, 0xCE, 0x34, 0xB6, 0x38, 0x8F, 0x08, 0xC3, 0xF4, 0xB7, 0x9B, 0xD6, 0x2F, 0xB8,
    0x2A, 0xB9, 0x70, 0x66, 0x0F, 0xAC, 0x23, 0xB4, 0xCF, 0x2B, 0xF8, 0xA9, 0x42, 0xE6, 0x50, 0x99,
    0x60, 0xE7, 0x40, 0xEC, 0x1B, 0x80, 0x33, 0xB3, 0x96, 0x64, 0x9C, 0xD4, 0x62, 0x6B, 0xE9, 0xEE,
    0x47, 0xEC, 0x23, 0x91, 0x9D, 0x08, 0xDC, 0x1E, 0xC2, 0x16, 0xBC, 0x3B, 0x0B, 0x26, 0xD8, 0x59,
    0x46, 0x71, 0xFC, 0x8A, 0xC6, 0x25, 0xB5, 0x10, 0x1D, 0x24, 0x00, 0xA0, 0x42, 0x79, 0x51, 0x15,
    0x06, 0x4B, 0x60, 0x76, 0xC1, 0x11, 0x15, 0xC5, 0x05, 0xE2, 0xD9, 0xC6, 0xE2, 0x06, 0xE3, 0x18,
    0xAA, 0x12, 0xF7, 0x27, 0x14, 0xB6, 0x28, 0xB8, 0x9D, 0xA4, 0xD7, 0x12, 0x98, 0x14, 0xF4, 0x97,
    0x79, 0xC5, 0xD8, 0x43, 0x21, 0xBD, 0xD6, 0x1D, 0xB3, 0x33, 0xCC, 0xC8, 0xC1, 0xAA, 0xC1, 0x6D,
    0xEF, 0x82, 0xF4, 0x33, 0xAE, 0xB2, 0xA4, 0x99, 0xBB, 0xF9, 0xF8, 0x66, 0x53, 0xCD, 0xBE, 0xA7,
    0xA9, 0x86, 0x54, 0x1F, 0xAF, 0x3B, 0xA4, 0xDD, 0x38, 0xE4, 0x08, 0xB3, 0xE0, 0x38, 0x71, 0xD7,
    0xD6, 0x72, 0x1F, 0x00, 0x14, 0x01, 0xE6, 0x82, 0xA6, 0xA6, 0x44, 0x3A, 0x13, 0x79, 0x16, 0x38,
    0xC3, 0x08, 0x6B, 0x6A, 0xCA, 0x03, 0xE3, 0x49, 0xCA, 0x44, 0x8A, 0xC2, 0x8C, 0x7C, 0xC5, 0x55,
    0xD4, 0x10, 0x30, 0xD6, 0x97, 0xD0, 0xFC, 0x82, 0xAB, 0xDE, 0x7B, 0xF9, 0x05, 0x06, 0xF8, 0x7A,
    0x0C, 0x00, 0x7A, 0x8F, 0x39, 0x07, 0x72, 0x00, 0x6A, 0x00, 0xD7, 0x41, 0xB2, 0x82, 0x56, 0x50,
    0x29, 0xC4, 0x7D, 0x6E, 0xCC, 0x6C, 0x04, 0x0B, 0x83, 0xA1, 0x23, 0xE1, 0x58, 0x08, 0x2D, 0x27,
    0xE5, 0x08, 0x05, 0x63, 0x40, 0x6E, 0x02, 0x7B, 0x3A, 0xF4, 0x9F, 0x3C, 0x66, 0xFC, 0x7E, 0xCD,
    0x3C, 0x70, 0x47, 0x6B, 0x8D, 0x9B, 0x79, 0x20, 0x19, 0x29, 0x26, 0x6C, 0x10, 0x36, 0xFD, 0xB2,
    0x57, 0x0A, 0x6B, 0x95, 0x11, 0xDD, 0xE8, 0x91, 0xA9, 0xF3, 0xA4, 0xEB, 0xE7, 0xA1, 0xAB, 0x9B,
    0xE4, 0xDA, 0xE1, 0xDE, 0x5C, 0x7C, 0xB6, 0x33, 0x48, 0x91, 0xA3, 0xED, 0xBC, 0x1A, 0x76, 0x01,
    0x8D, 0xD2, 0x35, 0x4B, 0xCF, 0x2A, 0xFC, 0xBA, 0xCB, 0xAC, 0x91, 0xD4, 0x56, 0x0F, 0x8E, 0xBF,
    0x2C, 0xDD, 0x8F, 0x0B, 0x54, 0xE4, 0x28, 0xC8, 0x75, 0x8A, 0x90, 0xA2, 0x53, 0x38, 0xD7, 0x8A,
    0x61, 0xE3, 0xDD, 0x96, 0xCF, 0x99, 0x32, 0x68, 0x7A, 0x84, 0x4E, 0x02, 0x2F, 0x3D, 0x7B, 0x88,
    0x5A, 0x35, 0x8D, 0x1E, 0xD4, 0x96, 0x8D, 0x75, 0x49, 0xB0, 0x61, 0x27, 0x4D, 0xA5, 0xBC, 0x2C,
    0x5C, 0x4A, 0x6F, 0xF5, 0x5A, 0xDD, 0xDD, 0x4B, 0x34, 0xC0, 0xDF, 0x53, 0x48, 0x2D, 0xC1, 0x66,
    0xA3, 0xF1, 0xA2, 0xCC, 0x2E, 0x25, 0xCB, 0x6B, 0x2C, 0xC4, 0x3E, 0x48, 0x56, 0x48, 0x66, 0xE3,
    0x27, 0x7A, 0xE2, 0x7B, 0xE9, 0xED, 0x5E, 0xAB, 0xB7, 0x27, 0x7B, 0x04, 0x75, 0xE6, 0x66, 0x27,
    0x2F, 0xD1, 0xFE, 0xBB, 0x96, 0x73, 0x07, 0xD7, 0xDA, 0xA4, 0x49, 0xCD, 0x05, 0x06, 0x67, 0xAF,
    0xDF, 0x46, 0x75, 0xB3, 0x51, 0x08, 0x71, 0xD0, 0x70, 0xD3, 0x62, 0x52, 0x97, 0x81, 0x30, 0x0C,
    0xAC, 0xD2, 0xF7, 0x8E, 0x28, 0xEF, 0xFD, 0x2F, 0xFA, 0x38, 0xBE, 0xFD, 0xEF, 0xFA, 0x64, 0x25,
    0xB7, 0x90, 0xA8, 0x53, 0x0E, 0x91, 0xB7, 0x93, 0x7F, 0xFD, 0x66, 0x71, 0x73, 0xA5, 0xE8, 0xD4,
    0xB9, 0xFF, 0x2B, 0x16, 0x6B, 0x5F, 0x4F, 0xCC, 0xBA, 0xD1, 0xF8, 0x76, 0x12, 0x36, 0x5C, 0xFD,
    0xE1, 0xA2, 0x1A, 0xAD, 0xA3, 0x52, 0x3E, 0x69, 0xF7, 0x9A, 0x0A, 0xDA, 0xCA, 0x99, 0xC5, 0x38,
    0xD2, 0x2F, 0x5A, 0x5C, 0x3C, 0x03, 0xAE, 0x6B, 0xDD, 0x6A, 0xFA, 0x2A, 0x97, 0x01, 0xDC, 0x4E,
    0xE3, 0x7E, 0x1A, 0xDF, 0x5E, 0xED, 0xB4, 0x67, 0x77, 0x37, 0xE4, 0x73, 0xB2, 0x03, 0x32, 0x68,
    0xCD, 0x5A, 0xEC, 0x38, 0xD8, 0xF5, 0x88, 0x9F, 0x88, 0x3E, 0x8D, 0xCD, 0xDF, 0x53, 0x63, 0xA3,
    0xFA, 0x99, 0xD5, 0x8D, 0x7F, 0x1D, 0x2E, 0xA3, 0x33, 0x8C, 0xAF, 0x9C, 0x13, 0x9F, 0x3F, 0xC9,
    0xCF, 0x50, 0x98, 0x64, 0x29, 0x55, 0x99, 0xA1, 0x2A, 0xB3, 0x54, 0xD6, 0x07, 0xCA, 0x06, 0x2D,
    0xD9, 0x3B, 0x98, 0x65, 0x5A, 0xC2, 0x97, 0x5C, 0x0D, 0x2D, 0x61, 0x35, 0xB5, 0x94, 0x71, 0xBB,
    0xB4, 0x3E, 0xE4, 0x06, 0x9E, 0x73, 0x94, 0x9D, 0xAF, 0xE5, 0x94, 0x33, 0x42, 0x6B, 0x48, 0xBB,
    0xDD, 0x26, 0x12, 0xBF, 0x78, 0x2F, 0x12, 0xCB, 0xB6, 0x46, 0x85, 0x61, 0x46, 0x9E, 0x7F, 0x00,
    0x12, 0x6B, 0xE4, 0x84, 0x61, 0x46, 0x75, 0xB5, 0x02, 0x84, 0xDB, 0x1E, 0xDD, 0xF9, 0x86, 0xAE,
    0x60, 0x87, 0x7E, 0x20, 0xBA, 0x17, 0x8C, 0xEE, 0x8E, 0xC6, 0x0C, 0x8F, 0x1E, 0x12, 0x1B, 0x38,
    0xB1, 0xDD, 0x5B, 0x77, 0xD0, 0x61, 0x2B, 0x6B, 0x4B, 0x6C, 0x54, 0x4E, 0x25, 0x94, 0x60, 0x1A,
    0x73, 0xCF, 0xDD, 0xC8, 0xAE, 0xF5, 0xBB, 0x91, 0x7F, 0xE4, 0xBB, 0x91, 0xFD, 0xC3, 0xBB, 0x11,
    0x2C, 0x9C, 0x62, 0x65, 0x0D, 0x2D, 0xA2, 0xA1, 0xA6, 0xB4, 0xD1, 0xED, 0x24, 0xF7, 0x5C, 0x8F,
    0xFC, 0x95, 0x1E, 0x79, 0x97, 0x33, 0x0A, 0x57, 0x51, 0x08, 0xF7, 0x97, 0x68, 0xBA, 0xF7, 0x25,
    0xEA, 0xE4, 0x01, 0x35, 0xBE, 0x39, 0x4D, 0x5A, 0xFD, 0xF7, 0x77, 0xBE, 0x17, 0x96, 0x28, 0x2E,
    0xD9, 0x2A, 0x5B, 0xEE, 0xD8, 0xCC, 0xBB, 0xEE, 0xD8, 0x2C, 0xBE, 0x63, 0x33, 0xF6, 0x26, 0xD6,
    0xE5, 0x84, 0xAB, 0x59, 0xEE, 0x68, 0x4B, 0xB7, 0xA3, 0x03, 0x4E, 0xE8, 0xA6, 0x76, 0xC8, 0x71,
    0x32, 0xEC, 0x68, 0xF3, 0xA2, 0x8A, 0x9E, 0x65, 0xAE, 0xB4, 0xAD, 0x4C, 0xE6, 0xD4, 0x97, 0xC8,
    0xF8, 0x8B, 0xED, 0x64, 0x8E, 0x2D, 0x2E, 0x00, 0x08, 0xBA, 0xFA, 0x9F, 0x01, 0xDF, 0xAA, 0x7E,
    0x39, 0x67, 0x28, 0x54, 0xF9, 0xFF, 0xF1, 0x05, 0xB8, 0x1B, 0xB2, 0xAA, 0xCE, 0xA8, 0x75, 0xDE,
    0xC6, 0x87, 0x92, 0x11, 0x88, 0x42, 0x61, 0xDF, 0xB9, 0x2C, 0x23, 0xEE, 0xAA, 0xBA, 0x28, 0x5B,
    0xFD, 0x13, 0x4C, 0x22, 0xC0, 0x7A, 0xFF, 0x9E, 0xFC, 0x4E, 0x53, 0xDB, 0x9A, 0x2B, 0xB9, 0xA1,
    0xAF, 0x2A, 0xB7, 0x72, 0x47, 0xB1, 0xA0, 0xB9, 0xEF, 0x5D, 0xB7, 0xD9, 0xEF, 0x24, 0x66, 0x73,
    0xF0, 0xA6, 0x1E, 0xDE, 0xCF, 0x5C, 0x02, 0x7B, 0x9B, 0x9D, 0x67, 0xBF, 0x8E, 0x17, 0x38, 0x8A,
    0x78, 0x8F, 0x7D, 0x26, 0xC2, 0x23, 0xC8, 0x39, 0x7C, 0xC5, 0x52, 0x38, 0x75, 0x11, 0x5F, 0x87,
    0x6F, 0xE5, 0xA9, 0x9B, 0xB4, 0x06, 0x4C, 0x3A, 0x75, 0x8B, 0xCB, 0xED, 0x3D, 0x31, 0x43, 0x9E,
    0x33, 0x88, 0xCF, 0x66, 0xC1, 0xD9, 0x6E, 0xDC, 0xB4, 0xCC, 0xE9, 0xF3, 0x9C, 0x7E, 0x9C, 0xEC,
    0x50, 0x06, 0x62, 0xFE, 0x13, 0xF3, 0x77, 0x1E, 0x24, 0x49, 0x5F, 0xBC, 0xB3, 0x42, 0xF5, 0x6D,
    0xD1, 0x57, 0x00, 0x13, 0x2D, 0x18, 0x73, 0xCD, 0xDF, 0xDD, 0x31, 0x98, 0xF0, 0x12, 0xAB, 0x64,
    0xFC, 0x80, 0x76, 0x72, 0x2D, 0x09, 0x34, 0xFD, 0x13, 0xF3, 0x1B, 0xF7, 0xBB, 0x33, 0x30, 0x17,
    0xE7, 0xD8, 0x6E, 0xC8, 0xB2, 0x33, 0x3A, 0xDD, 0xF5, 0x75, 0xAE, 0xD5, 0xC2, 0x10, 0x79, 0x71,
    0x77, 0xBD, 0x48, 0xAB, 0xE5, 0x58, 0x27, 0x81, 0xCA, 0x9B, 0xAB, 0x74, 0x44, 0x18, 0x07, 0x82,
    0x5E, 0xE4, 0x2F, 0xDB, 0xBC, 0x08, 0x9C, 0x8D, 0x9E, 0x97, 0x7C, 0xC7, 0xBE, 0x83, 0x4B, 0x50,
    0x63, 0xB1, 0x81, 0xDC, 0xFB, 0xD5, 0x46, 0x5B, 0xEE, 0x21, 0xE8, 0xCF, 0x0A, 0xFA, 0x4D, 0xB9,
    0xA3, 0x5B, 0xD5, 0x0D, 0x57, 0xDE, 0x56, 0xE6, 0xB7, 0x4B, 0x7A, 0x46, 0xB3, 0x84, 0xD6, 0xE6,
    0x65, 0xA6, 0xB7, 0x7E, 0x99, 0x19, 0x6E, 0x5C, 0x66, 0xAE, 0xB7, 0xB9, 0x61, 0x15, 0xF3, 0x87,
    0xEB, 0xCE, 0x77, 0x5A, 0xCB, 0x6C, 0xEE, 0x71, 0xB6, 0x34, 0x63, 0xFE, 0xFF, 0xED, 0x1C, 0x7E,
    0xFD, 0x53, 0x4E, 0xDF, 0x93, 0x3B, 0x12, 0xC5, 0x4E, 0xC8, 0xAE, 0xB2, 0xAD, 0xCC, 0x66, 0xF3,
    0x3B, 0xB9, 0x79, 0x83, 0xDA, 0x82, 0xF1, 0x67, 0xEE, 0xDB, 0xA4, 0x5F, 0x44, 0xBE, 0xD5, 0x0D,
    0xB1, 0x9D, 0x5C, 0xA9, 0x3E, 0xAF, 0xEF, 0x14, 0x99, 0xF8, 0xF1, 0x85, 0x1C, 0x30, 0xC7, 0x44,
    0x19, 0xBC, 0xCA, 0xDC, 0x0A, 0xBC, 0x89, 0x34, 0xCE, 0x33, 0x11, 0x93, 0xF4, 0x5C, 0xD3, 0x35,
    0xBB, 0x96, 0xD0, 0x8F, 0x77, 0x2C, 0x1C, 0x65, 0xFE, 0x9F, 0x6A, 0x25, 0xED, 0x50, 0xFE, 0xEE,
    0x29, 0x3A, 0x52, 0xD2, 0x87, 0xC9, 0x4E, 0xE5, 0x8F, 0xEE, 0xA6, 0xC9, 0x25, 0xFA, 0xFE, 0x8E,
    0xF7, 0xAF, 0x15, 0x6C, 0xFC, 0x90, 0xBF, 0x6C, 0x7B, 0xA1, 0xCB, 0x0A, 0x7E, 0xE4, 0x99, 0x7B,
    0xEF, 0x6F, 0x1E, 0xF2, 0x5F, 0x1F, 0x10, 0x4B, 0x9D, 0x2D, 0x4C, 0xBC, 0xB1, 0x52, 0xBF, 0xA9,
    0xBD, 0xC1, 0x91, 0xE1, 0x2A, 0x1D, 0xEE, 0x37, 0xF2, 0x7F, 0x10, 0xD1, 0x8F, 0x5E, 0x20, 0xE2,
    0x15, 0x74, 0x0F, 0x7A, 0xE7, 0x17, 0xB7, 0xFC, 0x0A, 0x87, 0x31, 0xF1, 0x90, 0x3B, 0x9D, 0x07,
    0x15, 0xF9, 0xE1, 0x9D, 0xFB, 0xEC, 0x10, 0x1D, 0x78, 0x50, 0xC1, 0xAF, 0x98, 0xF8, 0x83, 0x4F,
    0x43, 0x81, 0x7E, 0x4E, 0x7B, 0x76, 0xC8, 0xC1, 0x61, 0x24, 0x51, 0xE8, 0xD6, 0x20, 0x39, 0xC7,
    0x72, 0xEB, 0x52, 0x62, 0xF5, 0x99, 0x73, 0xC1, 0x7C, 0xCC, 0xC1, 0xE3, 0x02, 0x75, 0xDF, 0x90,
    0x08, 0xB7, 0xB8, 0x40, 0xD8, 0x94, 0x79, 0x33, 0x1F, 0xAD, 0xE7, 0x44, 0x5D, 0xC2, 0xDF, 0x9B,
    0x4B, 0x7A, 0x0F, 0x50, 0xAE, 0x19, 0xC6, 0x86, 0x1C, 0x51, 0x27, 0xA8, 0x8E, 0x58, 0x0E, 0xEA,
    0x5C, 0x9F, 0xFE, 0x0F, 0x9D, 0x57, 0x3D, 0x6C, 0x1C, 0x45, 0x18, 0x7D, 0xB3, 0xAB, 0xF3, 0x86,
    0x5B, 0xC1, 0xBA, 0x38, 0x24, 0x27, 0x02, 0xAF, 0x2B, 0x14, 0x24, 0x67, 0x4F, 0x48, 0x01, 0xA2,
    0xE8, 0xD6, 0x37, 0xD0, 0x20, 0x05, 0x29, 0x72, 0x61, 0x89, 0xD2, 0x6E, 0x90, 0xDC, 0x20, 0x45,
    0xC8, 0x05, 0xC5, 0xD9, 0x5E, 0x89, 0x8E, 0x14, 0xA4, 0xA3, 0x08, 0x85, 0xCB, 0x80, 0x90, 0xE2,
    0xC2, 0x85, 0x0B, 0xC0, 0x4B, 0xA8, 0x51, 0xB6, 0xA3, 0xA0, 0xF0, 0x4A, 0x94, 0x48, 0x78, 0x8B,
    0x93, 0x38, 0xC9, 0x5E, 0x8E, 0xF7, 0xCD, 0xDA, 0x8E, 0x09, 0x26, 0x33, 0x77, 0xA7, 0xB3, 0x7D,
    0xE7, 0x99, 0x7D, 0xEF, 0xFB, 0xBE, 0x79, 0xDF, 0xCF, 0xE0, 0x9A, 0x46, 0x3F, 0xC3, 0x76, 0x86,
    0xBF, 0x72, 0xEF, 0xF7, 0xDC, 0xFF, 0x39, 0x0F, 0x7F, 0xCD, 0xA3, 0x71, 0xDE, 0xFD, 0xA8, 0xE8,
    0xF9, 0xC5, 0xBE, 0x57, 0x00, 0xE0, 0x2F, 0x5F, 0xFE, 0x02, 0x1A, 0xE1, 0x71, 0x16, 0x1F, 0xE8,
    0xA5, 0x08, 0xBD, 0x08, 0x83, 0x79, 0x0C, 0x52, 0xF4, 0x6B, 0x74, 0xBF, 0x97, 0xC5, 0xC8, 0xBC,
    0xE5, 0x15, 0x66, 0x98, 0x29, 0x10, 0xE4, 0x68, 0x01, 0x56, 0xFC, 0x0E, 0xF0, 0x03, 0xF0, 0x3A,
    0xB0, 0x61, 0xC1, 0x07, 0x66, 0xC8, 0xF0, 0x0B, 0x90, 0xD2, 0x98, 0xD9, 0x59, 0x03, 0x2D, 0xD8,
    0x02, 0x4E, 0x74, 0x10, 0x1E, 0xC4, 0x07, 0x09, 0x40, 0x06, 0x90, 0x02, 0xE4, 0x40, 0xE3, 0x04,
    0xD0, 0xD9, 0x45, 0xAD, 0xFD, 0xFB, 0x16, 0x16, 0x8F, 0x60, 0x4F, 0x73, 0xE1, 0x20, 0x85, 0x43,
    0x70, 0x5E, 0xEB, 0xA0, 0x55, 0xC3, 0x0A, 0x0B, 0x5C, 0x01, 0xDA, 0x88, 0xBE, 0x36, 0xC8, 0xCB,
    0x2E, 0xC8, 0x40, 0x89, 0xCE, 0x8E, 0xD8, 0xFC, 0x85, 0x0D, 0xBC, 0xBD, 0x80, 0xDB, 0x25, 0xDA,
    0x19, 0x12, 0x57, 0x70, 0x75, 0xAC, 0xD5, 0x55, 0xE0, 0x04, 0x76, 0xF0, 0x96, 0x46, 0x5C, 0x60,
    0x63, 0x57, 0x3E, 0x4F, 0xA4, 0x96, 0x15, 0xA8, 0xBF, 0x11, 0xDC, 0x77, 0x96, 0x8D, 0x3C, 0x9C,
    0xE3, 0xED, 0x7B, 0xE8, 0x16, 0x4E, 0xCA, 0xB9, 0x02, 0xF5, 0x0E, 0xBC, 0x87, 0xC0, 0xC8, 0x1A,
    0x7C, 0x6A, 0x12, 0x78, 0xCB, 0x19, 0x79, 0x0D, 0xEA, 0x53, 0x37, 0x64, 0x4F, 0x8B, 0x62, 0xDC,
    0x6D, 0xE6, 0xEB, 0xBA, 0xB3, 0xD9, 0xED, 0x35, 0xBC, 0x51, 0x62, 0x61, 0x01, 0xDD, 0xD2, 0x11,
    0x5C, 0x8D, 0xB5, 0x6A, 0xC1, 0xFF, 0x0A, 0xA8, 0x6D, 0xE0, 0x84, 0x5D, 0xAA, 0x10, 0x67, 0x93,
    0x1E, 0xAB, 0x7A, 0x1F, 0xFE, 0x91, 0xC9, 0x59, 0xB7, 0x63, 0x9D, 0xF9, 0x56, 0x87, 0x63, 0x1D,
    0x65, 0xE6, 0x3F, 0x8F, 0x10, 0xD7, 0x48, 0x56, 0x90, 0x02, 0x3D, 0x26, 0xEE, 0x08, 0x07, 0x43,
    0x73, 0x38, 0x1A, 0x91, 0x36, 0xBB, 0x97, 0x83, 0x3A, 0x5E, 0x4D, 0xE3, 0x7E, 0xBD, 0xB5, 0x33,
    0x40, 0xFF, 0x51, 0x3C, 0x92, 0x45, 0xB3, 0xB6, 0x09, 0xC4, 0xC0, 0x0D, 0x1A, 0xEE, 0x00, 0xB9,
    0x42, 0xFB, 0x16, 0x59, 0x51, 0x2E, 0x81, 0xC3, 0xAC, 0x56, 0xE3, 0xDC, 0x5F, 0xD5, 0x4E, 0xB6,
    0x69, 0xF8, 0xC7, 0x7A, 0x26, 0xA1, 0x61, 0x08, 0x6A, 0xC4, 0xAB, 0x48, 0x63, 0xF1, 0x71, 0x6B,
    0x07, 0x03, 0x16, 0x1F, 0x3E, 0x32, 0x6A, 0xE4, 0x75, 0x1D, 0x9B, 0xBB, 0xEA, 0x0F, 0x28, 0xE5,
    0xE4, 0x2F, 0x6B, 0x91, 0x62, 0x5E, 0xDF, 0xB1, 0xC0, 0xBE, 0x44, 0x09, 0x6C, 0xC2, 0x19, 0x76,
    0xB1, 0xD3, 0x3A, 0x21, 0xE6, 0x65, 0x3E, 0x93, 0x07, 0xF7, 0xB0, 0xF9, 0x60, 0x02, 0x13, 0x55,
    0x89, 0x95, 0x1D, 0x5A, 0x19, 0xDC, 0xB5, 0x39, 0xFF, 0x71, 0xA6, 0x0E, 0x35, 0xD6, 0xA1, 0x8E,
    0xA0, 0xDE, 0x73, 0x02, 0xF7, 0x8E, 0xE1, 0xCD, 0x41, 0xB1, 0xFA, 0x58, 0xC1, 0x5F, 0x05, 0xC6,
    0xF0, 0x3F, 0xD7, 0x13, 0x2B, 0x89, 0xD5, 0xA7, 0x46, 0xF0, 0xA1, 0x05, 0xFF, 0xD9, 0xFE, 0x7D,
    0x7C, 0x42, 0xA4, 0x35, 0xEF, 0x9B, 0xE0, 0x44, 0x55, 0x5E, 0xE9, 0x17, 0x7E, 0xEE, 0xE7, 0x41,
    0x1E, 0x66, 0xDD, 0x62, 0xBB, 0x68, 0xE9, 0xB0, 0x50, 0x45, 0xA0, 0x15, 0xB9, 0x63, 0x24, 0x64,
    0x4D, 0xB9, 0x79, 0xC0, 0x87, 0x2E, 0xDF, 0x0F, 0xCC, 0x73, 0x97, 0x74, 0x4C, 0xAF, 0x52, 0xFC,
    0xD6, 0xAC, 0x44, 0x54, 0x72, 0xF3, 0xBC, 0x18, 0xDD, 0x93, 0xF5, 0x6D, 0xED, 0x8F, 0xCB, 0xE8,
    0x49, 0x15, 0x63, 0x98, 0x60, 0x98, 0x62, 0xD8, 0x43, 0x95, 0x7A, 0xD5, 0x52, 0x50, 0xC4, 0xE3,
    0x8C, 0x76, 0x4B, 0xB0, 0x4A, 0x9C, 0xF6, 0x83, 0xC6, 0x93, 0xC7, 0x48, 0x9B, 0x84, 0x8B, 0x31,
    0x48, 0xD0, 0x3F, 0x41, 0x5C, 0xFD, 0xDB, 0x13, 0x46, 0x88, 0xBD, 0x37, 0xC8, 0x44, 0x3F, 0x0E,
    0xF8, 0xA2, 0x0D, 0xA6, 0xEC, 0x22, 0xB0, 0x67, 0xA1, 0x90, 0x0E, 0x26, 0x2D, 0x0C, 0xB7, 0x73,
    0xEE, 0xD4, 0x82, 0x0E, 0xC2, 0x83, 0xF8, 0xF4, 0x6A, 0x48, 0xBF, 0x86, 0x8C, 0xCB, 0x90, 0x9E,
    0x55, 0x20, 0x09, 0xC8, 0x02, 0xD2, 0xE0, 0x94, 0xE7, 0x32, 0xE5, 0xFF, 0x0F, 0x13, 0xCB, 0xAA,
    0x7A, 0x9A, 0x09, 0x0F, 0x69, 0x5C, 0x7C, 0x10, 0xF5, 0xA3, 0x45, 0x41, 0xDD, 0xB1, 0xFA, 0x30,
    0x27, 0xD3, 0x46, 0xBC, 0x3E, 0x11, 0xF8, 0x79, 0x36, 0xD8, 0xF1, 0xAF, 0xAE, 0xE1, 0xDD, 0x02,
    0x6D, 0x3D, 0x11, 0x3E, 0x13, 0x42, 0xCD, 0x99, 0x76, 0x7C, 0xD7, 0x86, 0xCF, 0x76, 0xDC, 0xCF,
    0xB1, 0x5B, 0x4E, 0xAC, 0x9E, 0xE7, 0x12, 0xC2, 0x2A, 0x23, 0xA5, 0xCD, 0x24, 0x87, 0x57, 0x4E,
    0xBF, 0x6C, 0x7F, 0x90, 0xFB, 0xE3, 0x23, 0x1D, 0xFD, 0x54, 0xFF, 0xE7, 0xB0, 0x7B, 0x17, 0x0E,
    0x3B, 0x3C, 0xF3, 0x89, 0x1D, 0x8B, 0xC9, 0xB9, 0xD7, 0xC1, 0xF2, 0x7E, 0x50, 0x57, 0xF1, 0xE3,
    0xFC, 0x72, 0x7F, 0x38, 0xFF, 0x99, 0x84, 0x08, 0xA7, 0xA3, 0x51, 0x54, 0x2F, 0x81, 0x36, 0x6C,
    0x34, 0x4C, 0x0A, 0xC9, 0x0A, 0x49, 0x0B, 0xB4, 0xA6, 0xF0, 0xE6, 0x59, 0x92, 0xD8, 0x98, 0x64,
    0x34, 0x3D, 0xE0, 0xF1, 0x70, 0x0C, 0x9D, 0x2A, 0x6E, 0xA6, 0xE5, 0x04, 0x89, 0x8D, 0x66, 0x9A,
    0x58, 0x95, 0x46, 0x0F, 0x67, 0x99, 0xF8, 0x62, 0x02, 0x06, 0x2A, 0x6C, 0x86, 0x03, 0xEF, 0x41,
    0xE2, 0xE7, 0xA9, 0x9F, 0xF7, 0x82, 0x7C, 0x10, 0x66, 0xFB, 0x91, 0x1E, 0x45, 0x18, 0x92, 0x6F,
    0x09, 0x07, 0x27, 0xE8, 0x56, 0xCF, 0x0F, 0x71, 0x51, 0x98, 0xC5, 0x91, 0x4E, 0x22, 0xA3, 0xAF,
    0x2E, 0x7A, 0x4B, 0x66, 0x28, 0xF8, 0xCE, 0x2C, 0xE9, 0xB3, 0x6D, 0x17, 0xBA, 0xB9, 0x0B, 0xBE,
    0xA8, 0x64, 0xCB, 0xDC, 0x12, 0x6E, 0x5A, 0x28, 0x44, 0x76, 0x46, 0x4F, 0x9F, 0x35, 0x31, 0xBA,
    0xE6, 0x3D, 0xCC, 0x12, 0x0E, 0x2C, 0xA9, 0x3F, 0x02, 0x09, 0x40, 0x06, 0x90, 0x82, 0x3F, 0x10,
    0x12, 0x61, 0x11, 0x1A, 0x19, 0xB1, 0xCE, 0x65, 0x2B, 0xBA, 0xC5, 0x86, 0x7C, 0x88, 0x49, 0xC5,
    0xD8, 0x46, 0x8C, 0x2D, 0xF7, 0x93, 0x4D, 0xE8, 0x84, 0x4F, 0x08, 0xCF, 0x18, 0x8D, 0x38, 0xA4,
    0x78, 0xE2, 0xD6, 0x94, 0x9C, 0xF2, 0xBC, 0xF8, 0x79, 0x6B, 0x02, 0xCE, 0x4D, 0xB3, 0xD5, 0xC4,
    0x10, 0x0B, 0x53, 0x70, 0x4A, 0xDE, 0x31, 0xA4, 0x12, 0x53, 0xDC, 0x9C, 0x80, 0x57, 0x73, 0xE2,
    0x3D, 0xCE, 0xE0, 0xCF, 0x4F, 0xE9, 0xAB, 0x36, 0xFA, 0x46, 0x90, 0x4C, 0xC0, 0x39, 0x05, 0x4F,
    0x84, 0x8B, 0xF7, 0x0A, 0x77, 0x2E, 0xD1, 0x7C, 0xA8, 0xCF, 0x33, 0x4C, 0x6A, 0xA7, 0xB9, 0xF9,
    0xAC, 0xB7, 0x35, 0x13, 0xA4, 0xC7, 0xC6, 0xBF, 0x2F, 0x9A, 0xE4, 0x8D, 0xA8, 0x19, 0x44, 0x62,
    0xF3, 0x4E, 0x9A, 0x80, 0xDE, 0x30, 0x1D, 0x52, 0xDA, 0x7D, 0xE5, 0x3F, 0x29, 0x39, 0x47, 0x7B,
    0xBF, 0x65, 0xDE, 0xA1, 0x5C, 0x83, 0x38, 0xEB, 0x30, 0x31, 0x55, 0x05, 0xA6, 0x24, 0x47, 0xED,
    0x37, 0x5D, 0x00, 0xCD, 0x64, 0x33, 0x38, 0x73, 0xE1, 0x45, 0x98, 0x87, 0xBA, 0xFF, 0xA5, 0x26,
    0x26, 0x73, 0x5E, 0xED, 0x19, 0x29, 0x65, 0x0E, 0xF8, 0x0C, 0x0A, 0xC7, 0x7F, 0x3F, 0x6B, 0x2A,
    0xBC, 0x8B, 0xCD, 0x9C, 0x1D, 0xC3, 0x3F, 0xF1, 0xF2, 0xC0, 0x2D, 0x20, 0x2C, 0x84, 0x3F, 0x96,
    0x4D, 0x19, 0x74, 0x01, 0xFF, 0x07, 0x7D, 0x54, 0x4F, 0x6C, 0xDB, 0x54, 0x18, 0xFF, 0xD9, 0x6E,
    0x62, 0x5A, 0x93, 0xD8, 0x12, 0x2E, 0x94, 0xAD, 0x8D, 0x7B, 0xA8, 0x44, 0x56, 0x39, 0x0D, 0x87,
    0x1E, 0x3C, 0x64, 0xD7, 0x16, 0x87, 0x4D, 0xDA, 0xA5, 0x39, 0xAC, 0x12, 0x1C, 0x10, 0x41, 0xDB,
    0x85, 0x02, 0x82, 0x43, 0x91, 0x2A, 0x91, 0x2E, 0x06, 0xC4, 0x0E, 0x1C, 0x50, 0x0E, 0x13, 0x37,
    0xA4, 0x08, 0xF5, 0xD0, 0x71, 0xCA, 0xA6, 0x08, 0xF9, 0x50, 0x35, 0x3E, 0x70, 0x1B, 0xD2, 0x2C,
    0x76, 0xE0, 0x30, 0x09, 0x2C, 0xC6, 0x1F, 0x69, 0x13, 0xF0, 0xD8, 0x82, 0xE4, 0x95, 0xB4, 0xE6,
    0x7B, 0x4E, 0xDB, 0x14, 0x36, 0x78, 0xEF, 0xF9, 0xBD, 0xEF, 0x7D, 0xFF, 0xFC, 0xFD, 0x7D, 0x40,
    0x0E, 0x6F, 0xE0, 0x3C, 0x6A, 0x8F, 0x4C, 0x40, 0xC7, 0x0B, 0x5E, 0xCE, 0x13, 0x1E, 0x99, 0x4D,
    0xAF, 0x07, 0xFE, 0x01, 0x6E, 0x3A, 0x7F, 0xB5, 0x99, 0xF4, 0x92, 0x66, 0x9A, 0xB2, 0x5E, 0x9A,
    0xC6, 0x87, 0xA7, 0x56, 0xEB, 0xFC, 0xCF, 0xA8, 0xD5, 0xE6, 0xB7, 0x26, 0xCF, 0xAF, 0x6E, 0x4E,
    0xD6, 0xF2, 0x50, 0xB1, 0x00, 0x1B, 0x13, 0x74, 0x56, 0x60, 0xE1, 0x84, 0x63, 0x77, 0xE6, 0xD6,
    0x2D, 0x2B, 0x3F, 0xAE, 0x9A, 0x0B, 0xB6, 0xDD, 0x9D, 0x78, 0x56, 0xB5, 0x2B, 0xEB, 0x56, 0xE7,
    0x44, 0xD9, 0x09, 0x6C, 0x76, 0x2D, 0xBA, 0xD8, 0x5E, 0x67, 0x16, 0xB3, 0x3A, 0x82, 0x27, 0x85,
    0x92, 0xFF, 0xDC, 0x95, 0x66, 0x5F, 0x81, 0x82, 0x22, 0x66, 0x48, 0xDA, 0xA6, 0x49, 0x66, 0x77,
    0xC0, 0x8A, 0xBB, 0xC6, 0xBE, 0x10, 0x4A, 0xE1, 0x53, 0x7E, 0x33, 0x79, 0xA6, 0xA6, 0x90, 0xEE,
    0x53, 0x48, 0xB3, 0x59, 0x21, 0x9B, 0xA7, 0x51, 0x85, 0x1B, 0x2E, 0x61, 0x91, 0xE0, 0x31, 0xC7,
    0x86, 0x86, 0xA0, 0x91, 0x34, 0x00, 0x4D, 0xD3, 0x82, 0xED, 0x46, 0x12, 0x04, 0x84, 0xD7, 0x82,
    0x84, 0xF6, 0xD5, 0xC7, 0x44, 0x85, 0xC7, 0x65, 0xFE, 0x31, 0x31, 0x11, 0x3C, 0x7D, 0x67, 0x67,
    0x47, 0x3F, 0x1A, 0x57, 0xFC, 0xAB, 0xA3, 0xCB, 0xD3, 0xE2, 0xEA, 0x11, 0x2C, 0x87, 0x53, 0x80,
    0xC1, 0xE8, 0xEF, 0x36, 0x8B, 0x69, 0xBB, 0x1F, 0x02, 0xD6, 0x2F, 0x2F, 0xE5, 0x3D, 0xF7, 0xBB,
    0xD4, 0x88, 0x8C, 0x8D, 0xDB, 0x8D, 0x18, 0xD7, 0x6F, 0x04, 0xB1, 0x70, 0xEB, 0xE6, 0xBB, 0x91,
    0xF4, 0xE1, 0x6F, 0xEF, 0x85, 0xAA, 0x30, 0x70, 0x3D, 0xF0, 0x91, 0xC9, 0x0E, 0x85, 0x87, 0xD2,
    0x43, 0xF1, 0xA1, 0x7C, 0x9B, 0x2B, 0xB8, 0x35, 0xE0, 0x1A, 0xEE, 0xBD, 0xC9, 0x55, 0xFC, 0x6E,
    0x72, 0x1D, 0xDF, 0xDB, 0x5C, 0xC9, 0xCD, 0x80, 0x6B, 0x39, 0x1B, 0x67, 0x6A, 0x20, 0xFA, 0x8A,
    0x57, 0x84, 0xC9, 0xA1, 0xCB, 0x9E, 0xB2, 0x8C, 0xA2, 0x09, 0x73, 0x31, 0x23, 0x5C, 0x3E, 0x07,
    0x65, 0xB9, 0x42, 0x08, 0x8B, 0x30, 0x2C, 0x63, 0xAE, 0x5B, 0x66, 0x01, 0xF5, 0xB6, 0xD5, 0x31,
    0xAD, 0x02, 0x89, 0xD4, 0x3F, 0xF7, 0xAD, 0x6B, 0xB1, 0x69, 0x75, 0x0A, 0x43, 0x11, 0x88, 0x14,
    0xE9, 0x42, 0x38, 0xD5, 0x9A, 0xAD, 0x09, 0x90, 0x7D, 0x03, 0x0E, 0xE5, 0xC1, 0x41, 0x89, 0x47,
    0x97, 0x4E, 0x83, 0xA2, 0x5F, 0x45, 0x83, 0xD2, 0x42, 0xF7, 0x0A, 0x61, 0x2A, 0x15, 0xA8, 0x5E,
    0x00, 0xE9, 0x9B, 0x18, 0xDA, 0x5F, 0x1F, 0xA1, 0xB1, 0xA4, 0x62, 0xAE, 0x77, 0x0E, 0xE2, 0x9D,
    0x08, 0x8A, 0xDF, 0xC7, 0xC2, 0xB4, 0x83, 0xB2, 0xF3, 0x24, 0x17, 0xC6, 0xC4, 0x19, 0x5F, 0x5D,
    0xF6, 0x55, 0xD5, 0x33, 0x54, 0x94, 0x0C, 0x54, 0xA8, 0x52, 0x2A, 0xD0, 0xA7, 0x28, 0x53, 0xD8,
    0xDE, 0x46, 0x96, 0x28, 0x9C, 0x8C, 0x7A, 0x6C, 0xA1, 0x3B, 0xC3, 0xAA, 0xB1, 0xEB, 0xD9, 0x54,
    0xB1, 0x94, 0x4D, 0x70, 0x82, 0x3B, 0x58, 0xDD, 0xF2, 0x84, 0xD6, 0xF8, 0xE9, 0x6E, 0xDE, 0x97,
    0x7F, 0x2C, 0x4F, 0xD7, 0xC4, 0xA1, 0xEB, 0x32, 0x40, 0xCA, 0xCB, 0xC0, 0x3B, 0x40, 0x48, 0xB6,
    0x53, 0x4C, 0x51, 0x68, 0xA1, 0xDC, 0xC6, 0xAC, 0xC6, 0x13, 0xCF, 0x79, 0xA8, 0x8E, 0x30, 0x61,
    0xD1, 0xA6, 0xEE, 0xFA, 0xB4, 0xA7, 0x14, 0x62, 0x69, 0xC0, 0x65, 0x5F, 0xA1, 0x8D, 0x3D, 0x61,
    0x42, 0x8F, 0x73, 0x26, 0xDC, 0x9F, 0xD5, 0x87, 0x9E, 0x4C, 0x55, 0x15, 0x2A, 0x4C, 0x1C, 0xA0,
    0xB4, 0x26, 0x7D, 0x06, 0x2A, 0xAA, 0xC2, 0x41, 0x6B, 0xB4, 0x20, 0x85, 0x54, 0x9B, 0x54, 0x9A,
    0x54, 0xD7, 0x60, 0xD9, 0xAF, 0x3C, 0x2A, 0x55, 0xAE, 0xBD, 0x0B, 0x08, 0x5B, 0x62, 0xC2, 0x6B,
    0x58, 0xA6, 0x54, 0xA8, 0xB1, 0xDA, 0xE2, 0x35, 0x6C, 0x12, 0xCD, 0xF5, 0x26, 0x21, 0xB6, 0x65,
    0x06, 0x26, 0xC4, 0x62, 0x24, 0x85, 0xD5, 0xF0, 0xA4, 0x2F, 0x7B, 0xC4, 0x43, 0x71, 0xDC, 0xA7,
    0x3E, 0x35, 0x5A, 0x3B, 0xE8, 0x3D, 0x48, 0x7D, 0xED, 0xCF, 0xB3, 0x21, 0x98, 0x1C, 0xCA, 0x71,
    0x15, 0x86, 0xB7, 0x4D, 0x92, 0x8C, 0xBC, 0xF7, 0x32, 0x07, 0x02, 0x29, 0xA2, 0x2F, 0xCC, 0xFC,
    0x35, 0x5A, 0x9B, 0x3D, 0xD6, 0xD7, 0xFA, 0x0C, 0x7F, 0x30, 0xF9, 0x87, 0xD8, 0x78, 0x31, 0xB2,
    0xA5, 0x50, 0x17, 0x3D, 0x4D, 0x40, 0xA0, 0xF8, 0x81, 0xCA, 0x1D, 0x9C, 0x38, 0xD3, 0x57, 0x97,
    0xF7, 0xD4, 0xB1, 0x05, 0x4A, 0x5E, 0x09, 0x83, 0x8A, 0x14, 0xDB, 0x8A, 0xAF, 0xE7, 0xB8, 0xAE,
    0x6D, 0x03, 0x81, 0x31, 0x8C, 0x1C, 0x35, 0x3B, 0x26, 0xDF, 0x06, 0xEF, 0xA1, 0x06, 0x77, 0x48,
    0x88, 0x33, 0x0F, 0x3D, 0x4C, 0xD6, 0xD0, 0xDC, 0xC3, 0x85, 0xF4, 0x9F, 0x6B, 0x80, 0x0B, 0xF8,
    0xF7, 0xE2, 0x21, 0x4D, 0x7D, 0xF7, 0x81, 0xEF, 0xDE, 0x1F, 0x2D, 0x23, 0xF5, 0x85, 0x15, 0x1E,
    0xE6, 0xE4, 0xF6, 0xDE, 0xB7, 0x69, 0x36, 0xF7, 0xD3, 0xC1, 0x4A, 0x8D, 0x9C, 0x89, 0x17, 0x23,
    0xF7, 0xAE, 0x9C, 0x1A, 0xB1, 0xD9, 0x41, 0x9D, 0x7C, 0xC1, 0xA1, 0x29, 0xC0, 0x45, 0xAC, 0x63,
    0x8D, 0xF7, 0xF0, 0x25, 0x4F, 0x7C, 0x3F, 0xCC, 0x61, 0x16, 0xFF, 0x3D, 0x3C, 0x01, 0xAD, 0x71,
    0x9C, 0xEE, 0x22, 0xEF, 0x67, 0x75, 0x35, 0x83, 0xBC, 0x09, 0x79, 0xBF, 0x85, 0x5E, 0x44, 0x89,
    0x93, 0x3E, 0x01, 0xC6, 0x89, 0x09, 0x88, 0xB1, 0x18, 0xC1, 0xBD, 0x0B, 0x4A, 0xAA, 0x1A, 0x63,
    0x9A, 0x4A, 0xB6, 0x8E, 0x6E, 0x3D, 0x61, 0xAF, 0x51, 0x1E, 0x28, 0x4F, 0x94, 0x3C, 0xFE, 0xCA,
    0xAC, 0xB1, 0x0E, 0x35, 0x46, 0xFE, 0x27, 0xCC, 0x55, 0xD3, 0x5D, 0xB6, 0x98, 0xEB, 0x45, 0xFC,
    0x1F, 0xC2, 0x26, 0x8A, 0x2F, 0xE3, 0x79, 0x29, 0x83, 0x7D, 0x9C, 0xFA, 0x1A, 0xD5, 0x01, 0x5E,
    0x7D, 0x88, 0x1E, 0xE9, 0x4A, 0xB0, 0xF4, 0x2B, 0x84, 0xAF, 0x32, 0x5B, 0x2A, 0x58, 0xE2, 0x26,
    0xE8, 0xD4, 0x1A, 0x26, 0x46, 0x18, 0xF1, 0xE3, 0x72, 0x5B, 0x79, 0xEB, 0xCB, 0xA8, 0x68, 0xDD,
    0xF1, 0xCD, 0xEB, 0x37, 0x0E, 0x29, 0x44, 0xE2, 0xDC, 0x9C, 0x7F, 0xDC, 0x41, 0xD5, 0xCC, 0xDA,
    0xEA, 0x38, 0xC9, 0x46, 0x89, 0x7A, 0x4C, 0x1F, 0x32, 0x4D, 0x65, 0xC8, 0x99, 0x03, 0x16, 0x1B,
    0x86, 0x4D, 0xAD, 0x87, 0x31, 0xDB, 0xD1, 0x0F, 0x30, 0x36, 0xF7, 0x08, 0x49, 0xB6, 0x0F, 0x31,
    0x42, 0xEC, 0x88, 0x4C, 0x87, 0x7F, 0x70, 0xEF, 0x67, 0xD4, 0xAC, 0x09, 0xC8, 0xBC, 0x92, 0xD9,
    0xA8, 0x9A, 0x8D, 0x31, 0x93, 0xC3, 0xF4, 0xAA, 0xAF, 0x5C, 0x5A, 0x39, 0x86, 0xD4, 0xC8, 0xA6,
    0x31, 0xC7, 0xA1, 0x5E, 0x72, 0xA8, 0x9B, 0x38, 0xD0, 0x4D, 0xB4, 0xA3, 0x45, 0x0F, 0xDD, 0xEB,
    0xA3, 0xF7, 0xEF, 0xD3, 0x0F, 0xBE, 0x18, 0x5D, 0x36, 0xEC, 0x11, 0x0C, 0xDD, 0xDE, 0x18, 0x5D,
    0xCA, 0x2B, 0x23, 0x8A, 0x76, 0x5C, 0xC1, 0xDF, 0x1D, 0x90, 0xB1, 0x6E, 0xD3, 0x50, 0x14, 0x86,
    0x7F, 0xC7, 0x49, 0xAC, 0xD8, 0x75, 0xED, 0x21, 0xAD, 0x20, 0x24, 0x31, 0x43, 0x07, 0x14, 0x62,
    0xA7, 0x83, 0x07, 0x27, 0x05, 0xFB, 0xF0, 0x06, 0x59, 0x2A, 0x06, 0x96, 0xEE, 0x08, 0xC9, 0x95,
    0xAA, 0xA2, 0x80, 0xD4, 0xDE, 0x47, 0xB0, 0x58, 0x18, 0x58, 0x3C, 0xB7, 0x52, 0x15, 0x2A, 0x10,
    0x12, 0x08, 0x7A, 0x1E, 0xE1, 0x3C, 0xC2, 0x95, 0x78, 0x01, 0x6F, 0xAC, 0x5C, 0x47, 0x47, 0xE7,
    0xE8, 0x4A, 0xF7, 0xFC, 0xFA, 0xFE, 0xF3, 0x7B, 0xAA, 0x90, 0x8D, 0xFE, 0x2E, 0xF7, 0x72, 0xCD,
    0x09, 0x30, 0x46, 0x96, 0x96, 0xDB, 0x0A, 0x75, 0xA7, 0x71, 0x9A, 0x89, 0xCE, 0x9B, 0xE7, 0xBA,
    0xC3, 0x23, 0x95, 0xAB, 0x25, 0x0A, 0x65, 0xF3, 0x17, 0xF5, 0x07, 0x7D, 0x49, 0xAA, 0x0D, 0x1E,
    0xF8, 0x2B, 0xBF, 0x37, 0x8A, 0x59, 0xDD, 0x6E, 0x38, 0x14, 0x60, 0x8E, 0x14, 0x9E, 0xCA, 0x25,
    0xE7, 0x05, 0xFD, 0xE0, 0x7F, 0x5C, 0x90, 0x47, 0xB9, 0x5C, 0x48, 0x21, 0x87, 0xFC, 0x46, 0xFD,
    0x06, 0x30, 0x40, 0xA2, 0xA6, 0x34, 0x30, 0xAF, 0x03, 0x9A, 0xA9, 0xB6, 0xDB, 0x69, 0xC1, 0xC5,
    0x1E, 0x9E, 0x19, 0xF5, 0xF1, 0xAE, 0x8E, 0xD0, 0xF5, 0x5D, 0xD7, 0xF5, 0xC7, 0xE9, 0x19, 0x28,
    0x68, 0x26, 0xE5, 0xBC, 0xCC, 0xEA, 0xA3, 0xCA, 0x51, 0x91, 0x7E, 0xD1, 0x64, 0xCD, 0x46, 0x17,
    0x1C, 0x91, 0xA5, 0x02, 0x2E, 0xD8, 0x66, 0x47, 0x39, 0xE4, 0x19, 0xEC, 0x54, 0x43, 0xDB, 0x1C,
    0xE0, 0x4A, 0x3D, 0xB0, 0xA7, 0x46, 0xDA, 0x92, 0x40, 0x75, 0xF8, 0x33, 0x5F, 0xC1, 0xAA, 0x6C,
    0x09, 0x64, 0xC5, 0xBF, 0xE4, 0x56, 0x6C, 0x72, 0xAB, 0x69, 0x15, 0x63, 0xC1, 0x96, 0xBC, 0x36,
    0x7F, 0x1D, 0x1D, 0x55, 0x2F, 0xA9, 0x90, 0x0B, 0xBD, 0x92, 0x88, 0x46, 0xF5, 0xAC, 0xB1, 0xC4,
    0x66, 0x0F, 0x13, 0x63, 0xC7, 0x53, 0xB1, 0x8E, 0x75, 0xC4, 0x97, 0x72, 0x29, 0x0B, 0xF2, 0x54,
    0xA2, 0xB3, 0x26, 0xD7, 0x03, 0x79, 0x62, 0x74, 0xC0, 0x23, 0xDC, 0xE1, 0x9D, 0x99, 0xC0, 0x29,
    0x6E, 0xDA, 0xA6, 0x1B, 0x3A, 0x05, 0xF6, 0xD2, 0xB2, 0x16, 0xA9, 0xCF, 0xE0, 0x3A, 0x8E, 0x63,
    0x4E, 0x38, 0xEE, 0x85, 0x89, 0x4E, 0xE5, 0x9C, 0x4F, 0x78, 0x48, 0x7D, 0x8A, 0x8D, 0x8F, 0x0D,
    0x56, 0x26, 0x82, 0x3E, 0x25, 0x92, 0x4A, 0x29, 0x27, 0x3C, 0x40, 0x6F, 0xE8, 0x6D, 0x0D, 0x95,
    0x27, 0x32, 0x5C, 0xBB, 0x38, 0xE4, 0x3E, 0x7F, 0xE0, 0x8F, 0xF4, 0x18, 0x6D, 0x30, 0xFB, 0x55,
    0xB0, 0x1D, 0x97, 0xF3, 0x6D, 0xA6, 0xC3, 0x5D, 0x50, 0xFE, 0xD0, 0xD7, 0x91, 0x5A, 0xF0, 0x52,
    0xC2, 0xB5, 0xE5, 0xED, 0xFB, 0xE3, 0x79, 0x16, 0x76, 0x3F, 0x51, 0xF0, 0x93, 0xC7, 0xE7, 0x3C,
    0xBF, 0xE7, 0xEC, 0xAF, 0x0A, 0x5F, 0xE1, 0xA0, 0x75, 0xBB, 0xE3, 0x86, 0xD4, 0x5B, 0x7B, 0xDF,
    0xFC, 0xCC, 0x4F, 0xA7, 0x4D, 0x4C, 0x19, 0x9E, 0x1A, 0x72, 0x4C, 0x31, 0x1C, 0x7A, 0x6B, 0x08,
    0x5D, 0x4C, 0x91, 0x23, 0x33, 0xD1, 0x2F, 0xCD, 0x2D, 0xFF, 0x01, 0x2D, 0x54, 0x4F, 0x68, 0x1D,
    0x45, 0x18, 0xFF, 0xBD, 0xDD, 0xF6, 0x3D, 0x93, 0x95, 0x4C, 0x0B, 0x0A, 0x6A, 0xD3, 0x37, 0xE0,
    0x49, 0x24, 0xD9, 0xF1, 0x90, 0x43, 0x85, 0xD9, 0xDD, 0xB9, 0x78, 0x13, 0xFA, 0x0E, 0xF6, 0xE2,
    0x25, 0x17, 0x4F, 0x8A, 0x24, 0xD0, 0x22, 0x8F, 0xB2, 0x2F, 0x3B, 0x56, 0xA1, 0x87, 0x82, 0xE6,
    0x22, 0xF4, 0x22, 0x06, 0x2C, 0x88, 0xA9, 0x60, 0xC1, 0x80, 0xAF, 0x25, 0x74, 0x07, 0x72, 0xF0,
    0x52, 0x75, 0x85, 0x82, 0x48, 0xD4, 0xAC, 0x92, 0x9E, 0x52, 0xED, 0x42, 0xDF, 0x61, 0xD3, 0xEE,
    0xCB, 0xF8, 0xCD, 0xC6, 0x65, 0xE7, 0xB0, 0xF0, 0xCD, 0xF7, 0xFD, 0xFE, 0x7D, 0xEB, 0xD5, 0x60,
    0x0D, 0x04, 0x20, 0x9F, 0x57, 0x32, 0xD7, 0x72, 0x82, 0xE4, 0x09, 0x98, 0x45, 0xA7, 0x80, 0x77,
    0x08, 0x7F, 0x0A, 0x9C, 0x50, 0x38, 0x6B, 0x3C, 0x6B, 0xD8, 0x53, 0x23, 0xBE, 0x44, 0xF4, 0x1B,
    0xD2, 0x7B, 0x58, 0xBB, 0x8E, 0x6C, 0x09, 0xC9, 0x25, 0x88, 0x06, 0x73, 0xFB, 0x78, 0x51, 0x03,
    0xB9, 0xEA, 0x51, 0xCD, 0x87, 0x2A, 0xA6, 0x56, 0x2F, 0x23, 0xCD, 0x91, 0x4E, 0x90, 0x56, 0x18,
    0x95, 0x48, 0x1A, 0x37, 0x82, 0x1E, 0x6F, 0x53, 0xF7, 0xAC, 0x0E, 0x34, 0x98, 0x02, 0xFB, 0x0C,
    0xEC, 0x08, 0xFC, 0x2D, 0x84, 0x80, 0x2D, 0x20, 0x81, 0x94, 0x2A, 0x78, 0x81, 0xAC, 0xC4, 0x04,
    0xA8, 0x08, 0x83, 0xEA, 0x3E, 0x70, 0x48, 0x82, 0x07, 0xA0, 0x2B, 0xC2, 0xAA, 0xC4, 0x2A, 0x60,
    0x81, 0x00, 0x0D, 0x31, 0x97, 0x5B, 0xC5, 0x1F, 0x3D, 0x32, 0x82, 0x5D, 0x35, 0x31, 0x0B, 0xB4,
    0x14, 0x4C, 0xC9, 0x35, 0x86, 0x74, 0xCA, 0x70, 0xA7, 0xE1, 0xF0, 0xA9, 0x72, 0x86, 0xFA, 0x75,
    0xAF, 0xE8, 0x60, 0x47, 0xB3, 0x1D, 0x3D, 0xF7, 0x03, 0x5D, 0x37, 0x8B, 0x7B, 0xA0, 0x8B, 0xD1,
    0xBF, 0x58, 0x6A, 0x70, 0xA9, 0xC1, 0xAD, 0x6D, 0x74, 0x6F, 0x00, 0x81, 0x05, 0xD8, 0x32, 0x41,
    0x0A, 0xDE, 0x04, 0x63, 0x29, 0x78, 0x6E, 0xB5, 0xA8, 0x6F, 0x23, 0xC2, 0x16, 0xE1, 0xAA, 0x08,
    0xD8, 0x21, 0x86, 0xB8, 0xEB, 0x18, 0xB4, 0xF5, 0x84, 0x1B, 0x6C, 0xE5, 0x24, 0xD5, 0x26, 0x05,
    0x17, 0xB7, 0xB5, 0x98, 0x8E, 0x91, 0x4C, 0xD6, 0x20, 0x27, 0x5C, 0xA7, 0xE3, 0x9E, 0x1E, 0x5E,
    0xFE, 0x56, 0x6F, 0x8D, 0x8E, 0xDA, 0xFA, 0x67, 0x66, 0x66, 0xE6, 0xC3, 0xB3, 0xF3, 0xF1, 0xC2,
    0xFC, 0xE8, 0xDC, 0xC2, 0x3F, 0xAB, 0xB9, 0x6D, 0xC2, 0x3F, 0x4B, 0xF1, 0x89, 0x49, 0x98, 0x4E,
    0x98, 0x8A, 0x18, 0x69, 0xE2, 0x91, 0x28, 0x3B, 0x3A, 0xF0, 0x7E, 0xD5, 0x2C, 0xDA, 0x55, 0xEC,
    0xF2, 0x1E, 0xFA, 0xDF, 0xFF, 0x8C, 0xC5, 0xC7, 0x3F, 0x41, 0x3E, 0xFE, 0x1C, 0xF2, 0x2F, 0x89,
    0xD7, 0x9F, 0xD4, 0xF8, 0x80, 0x44, 0x42, 0x47, 0xA1, 0x47, 0x0A, 0x55, 0x08, 0x8C, 0x7F, 0xA0,
    0x49, 0xA1, 0x98, 0x43, 0x12, 0xEB, 0x3E, 0xD2, 0xC8, 0xC9, 0x2C, 0xBE, 0x71, 0x33, 0xDF, 0xDD,
    0xC0, 0x85, 0x01, 0xB0, 0xA2, 0x3A, 0xD6, 0x50, 0x39, 0xD3, 0x48, 0x6A, 0x88, 0x81, 0x53, 0x36,
    0x1B, 0x38, 0xAB, 0xC9, 0x8D, 0x5E, 0x6B, 0x48, 0xF7, 0xCA, 0x46, 0x70, 0xD5, 0xB0, 0xF3, 0x8A,
    0xC5, 0x20, 0xE2, 0xB9, 0x45, 0x36, 0x45, 0x94, 0x42, 0x4A, 0xD7, 0x70, 0x1C, 0xE2, 0xA5, 0x4D,
    0x2D, 0xAC, 0xE9, 0x54, 0xE8, 0x4C, 0xE1, 0x4D, 0xD0, 0xBB, 0x0F, 0x51, 0x3B, 0x08, 0x9C, 0x0C,
    0x69, 0x6D, 0x14, 0x25, 0x90, 0x11, 0xD5, 0x53, 0xC2, 0xE9, 0xA7, 0xC1, 0x7B, 0x06, 0x7D, 0x3A,
    0x8B, 0xC1, 0xA7, 0x55, 0xC4, 0xDE, 0x1F, 0xCA, 0x44, 0x9E, 0xCB, 0x9A, 0xD1, 0x56, 0x5E, 0xD2,
    0x74, 0xDC, 0x82, 0x73, 0xF6, 0xF8, 0xAC, 0xC3, 0xD9, 0x9A, 0x94, 0xD8, 0xAE, 0x30, 0x2E, 0x71,
    0x87, 0x78, 0xD1, 0x27, 0xBA, 0x84, 0x24, 0x87, 0xD8, 0xC3, 0xC5, 0xF3, 0x04, 0x94, 0x12, 0x01,
    0x50, 0xFB, 0x77, 0x30, 0x7B, 0xA3, 0xCD, 0xCB, 0x0A, 0xD9, 0xA8, 0xC5, 0xB2, 0xCA, 0x72, 0x45,
    0x7C, 0xE9, 0x36, 0xA5, 0x66, 0x0C, 0x97, 0x18, 0x9C, 0x24, 0xCA, 0xEB, 0xBE, 0xAD, 0xD8, 0xC3,
    0x01, 0x9F, 0x47, 0xFC, 0x0A, 0xA2, 0xA4, 0x94, 0x49, 0x21, 0x2F, 0x16, 0xF1, 0x77, 0x86, 0x93,
    0x14, 0x14, 0x1F, 0xD3, 0x9A, 0x42, 0x3D, 0x13, 0x17, 0x58, 0x3C, 0x55, 0x67, 0x6C, 0x79, 0x66,
    0xB7, 0x10, 0x07, 0x85, 0xB8, 0x59, 0x84, 0xBE, 0x91, 0xBE, 0x19, 0xFB, 0xC6, 0xAB, 0x5D, 0x26,
    0x3A, 0x2E, 0xA5, 0x2A, 0xB3, 0x9A, 0xD5, 0x4E, 0x99, 0xD1, 0x05, 0x37, 0x2B, 0xD9, 0x06, 0xAF,
    0xDB, 0x26, 0x1D, 0x22, 0xAE, 0x7D, 0x5B, 0xB0, 0x3F, 0x34, 0x8D, 0x0B, 0x69, 0xDC, 0x12, 0x24,
    0xBD, 0xAB, 0x88, 0x57, 0xC1, 0x29, 0xB6, 0x04, 0xBB, 0x70, 0x85, 0xFE, 0x47, 0x3A, 0xB8, 0xA6,
    0x13, 0x3B, 0x11, 0x2B, 0x03, 0xCE, 0x11, 0x86, 0x88, 0xA2, 0x56, 0xE1, 0x58, 0x0F, 0x45, 0x0B,
    0xA8, 0x5B, 0x83, 0x37, 0x88, 0x4F, 0x50, 0xE2, 0x1C, 0x30, 0x5A, 0x02, 0xBF, 0x7A, 0xEE, 0x8D,
    0x49, 0x78, 0x54, 0x45, 0xBB, 0x15, 0xB7, 0xFA, 0x85, 0x1F, 0x5D, 0x55, 0xEB, 0x05, 0x2D, 0x1A,
    0x12, 0xB2, 0xC9, 0xC2, 0xA7, 0x2A, 0x03, 0x92, 0xFA, 0xFF, 0x7D, 0x52, 0x78, 0xF5, 0xEB, 0xE4,
    0xBE, 0x5F, 0x66, 0x8D, 0x5F, 0xE4, 0xBA, 0x26, 0xB0, 0x11, 0xED, 0x16, 0x05, 0x4C, 0xA3, 0xF7,
    0x31, 0x02, 0x12, 0x8B, 0xDC, 0x19, 0x23, 0x5B, 0xC7, 0xDD, 0x59, 0x44, 0x94, 0x9B, 0xC8, 0xC5,
    0x22, 0x6B, 0x21, 0x2E, 0x02, 0x5F, 0x01, 0x07, 0xB4, 0x89, 0x24, 0xEE, 0x4D, 0xF3, 0xAC, 0x32,
    0x73, 0x87, 0xA6, 0xFF, 0xB6, 0x23, 0xBC, 0x4C, 0xAE, 0x57, 0xC7, 0x84, 0xC9, 0x31, 0x1A, 0xEA,
    0xA6, 0xE2, 0xBD, 0x7D, 0x78, 0xF6, 0x08, 0xC1, 0xEE, 0x17, 0xB4, 0x05, 0x4C, 0x71, 0x3A, 0xE1,
    0x2C, 0xA3, 0x89, 0xD4, 0x17, 0x7D, 0x60, 0x93, 0xB2, 0x57, 0x78, 0x7F, 0x57, 0xFE, 0x2F, 0x95,
    0xBF, 0x53, 0x92, 0xF8, 0x82, 0x8A, 0x15, 0x92, 0x0A, 0x62, 0xC3, 0xC9, 0xDF, 0xB2, 0x7E, 0x0D,
    0xBC, 0x82, 0xAD, 0xFD, 0x66, 0x3F, 0xF8, 0xDD, 0xB0, 0xEB, 0xFA, 0x98, 0x05, 0xD1, 0xF1, 0xE9,
    0x9F, 0x61, 0x0D, 0xBD, 0xAE, 0xEC, 0x1E, 0xBA, 0x0F, 0x9D, 0x1D, 0xB4, 0xA1, 0x8C, 0x81, 0xAD,
    0x39, 0xFD, 0xC3, 0x11, 0x64, 0xE8, 0x18, 0x64, 0x0D, 0xF2, 0xD2, 0xFD, 0x7E, 0x4E, 0x03, 0xFF,
    0x01, 0xAB, 0x77, 0xD8, 0xCF, 0x00, 0x00, 0xA5, 0xD0, 0x31, 0x4E, 0x84, 0x40, 0x18, 0x86, 0xE1,
    0x17, 0xC8, 0x86, 0x44, 0x8B, 0x3D, 0x02, 0x37, 0x80, 0x0B, 0xC0, 0x2E, 0x14, 0xC6, 0xC4, 0x06,
    0xD4, 0x2B, 0x50, 0x58, 0xE9, 0x05, 0x40, 0xF1, 0x4E, 0x5B, 0x50, 0x98, 0x65, 0xFA, 0x2D, 0xE4,
    0x08, 0xF4, 0x36, 0x93, 0x48, 0xE1, 0x36, 0xE0, 0xFF, 0x83, 0x9D, 0x9D, 0x16, 0xD3, 0xCD, 0xFB,
    0x65, 0x9E, 0x61, 0x93, 0x15, 0xEC, 0x4F, 0x96, 0x3A, 0x2F, 0x68, 0x23, 0xBC, 0x79, 0x36, 0xEE,
    0xF9, 0x39, 0xC5, 0xC6, 0x38, 0xB6, 0xC2, 0x1D, 0x5A, 0xBC, 0x7E, 0xC4, 0x33, 0x16, 0x5F, 0xCF,
    0xAB, 0x25, 0xB8, 0x1E, 0xE8, 0x22, 0x43, 0x79, 0x01, 0x6C, 0x32, 0x88, 0xDE, 0x53, 0xEA, 0x1B,
    0x78, 0x43, 0xFA, 0x10, 0xF7, 0x9C, 0x80, 0x4D, 0xA4, 0x8F, 0xA5, 0xAF, 0xA4, 0x97, 0x0D, 0x33,
    0xAE, 0xBD, 0x81, 0x20, 0x85, 0x4E, 0xD2, 0x07, 0xB4, 0xBF, 0xFA, 0xE9, 0x73, 0xE9, 0x83, 0x3F,
    0xF4, 0x59, 0x91, 0x0A, 0xE0, 0xB3, 0x97, 0x85, 0xBB, 0x46, 0x09, 0x6A, 0x38, 0x35, 0x82, 0xC8,
    0x55, 0xB1, 0x55, 0xC6, 0x56, 0x1D, 0x81, 0x42, 0x42, 0x95, 0x24, 0x3A, 0x15, 0x2F, 0x96, 0x05,
    0xB3, 0x68, 0x56, 0x8E, 0xEC, 0xDD, 0x2E, 0x7B, 0x46, 0xF6, 0xEE, 0x8D, 0xEC, 0xF9, 0xE6, 0x5F,
    0x7B, 0x4E, 0x21, 0xBE, 0x09, 0xEA, 0x27, 0x90, 0xDB, 0xD8, 0x6E, 0xC0, 0x1E, 0xD3, 0xDF, 0xB6,
    0x09, 0xBF, 0x79, 0xE1, 0xB2, 0x59, 0x7D, 0x52, 0x50, 0x2E, 0xEF, 0x91, 0x7E, 0xAF, 0xFD, 0x23,
    0xCE, 0x21, 0x24, 0xF8, 0x9A, 0xFB, 0x5D, 0x79, 0x4C, 0x77, 0x54, 0x44, 0xA6, 0xC5, 0xB7, 0x07,
    0xD9, 0x1C, 0xF9, 0xB0, 0x13, 0x9D, 0xD1, 0x5F, 0x81, 0x6F, 0x63, 0x60, 0x00, 0x02, 0x76, 0x07,
    0x06, 0x06, 0xF9, 0x0B, 0x0C, 0x0C, 0x55, 0x5B, 0x18, 0x18, 0x0F, 0xC8, 0x32, 0xB0, 0xFF, 0xF7,
    0x77, 0x90, 0xFF, 0xCF, 0x7F, 0xC1, 0xFE, 0x8F, 0xFD, 0x07, 0xF9, 0x2F, 0xFF, 0x2F, 0xB0, 0xFF,
    0xFB, 0xEF, 0xC0, 0xF8, 0xF3, 0x2F, 0x03, 0x43, 0xC9, 0x17, 0x88, 0x3A, 0x90, 0x7A, 0x20, 0x00,
    0x00,
};

static const EpdGlyph notosans_c15_bolditalicGlyphs[] = {
    { 0, 0, 0, 0, 0, 0, 0 }, // U+0000
    { 0, 0, 62, 0, 0, 0, 0 }, // U+000D
    { 0, 0, 62, 0, 0, 0, 0 }, // U+0020
    { 5, 12, 69, 0, 11, 15, 0 }, // !
    { 6, 5, 109, 1, 11, 8, 15 }, // "
    { 10, 11, 155, 0, 11, 28, 23 }, // #
    { 9, 13, 132, 0, 12, 30, 51 }, // $
    { 13, 12, 205, 0, 11, 39, 81 }, // %
    { 11, 12, 170, 0, 11, 33, 120 }, // &
    { 4, 5, 61, 1, 11, 5, 153 }, // '
    { 7, 14, 81, 0, 11, 25, 158 }, // (
    { 7, 14, 82, -2, 11, 25, 183 }, // )
    { 8, 8, 131, 1, 12, 16, 208 }, // *
    { 9, 8, 137, 0, 9, 18, 224 }, // +
    { 4, 4, 69, -1, 2, 4, 242 }, // ,
    { 5, 2, 78, 0, 5, 3, 246 }, // -
    { 3, 4, 69, 0, 3, 3, 249 }, // .
    { 9, 12, 102, -1, 11, 27, 252 }, // /
    { 9, 12, 142, 0, 11, 27, 279 }, // 0
    { 7, 11, 114, 0, 11, 20, 306 }, // 1
    { 10, 11, 132, -1, 11, 28, 326 }, // 2
    { 8, 12, 132, 0, 11, 24, 354 }, // 3
    { 10, 11, 132, -1, 11, 28, 378 }, // 4
    { 9, 12, 132, 0, 11, 27, 406 }, // 5
    { 9, 12, 137, 0, 11, 27, 433 }, // 6
    { 9, 11, 122, 0, 11, 25, 460 }, // 7
    { 9, 12, 133, 0, 11, 27, 485 }, // 8
    { 9, 12, 133, 0, 11, 27, 512 }, // 9
    { 5, 10, 69, 0, 9, 13, 539 }, // :
    { 6, 11, 69, -1, 9, 17, 552 }, // ;
    { 9, 9, 137, 0, 10, 21, 569 }, // <
    { 9, 5, 137, 0, 8, 12, 590 }, // =
    { 9, 9, 137, 0, 10, 21, 602 }, // >
    { 7, 12, 110, 1, 11, 21, 623 }, // ?
    { 13, 13, 205, 0, 11, 43, 644 }, // @
    { 10, 11, 151, -1, 11, 28, 687 }, // A
    { 10, 11, 149, 0, 11, 28, 715 }, // B
    { 10, 12, 147, 0, 11, 30, 743 }, // C
    { 10, 11, 162, 0, 11, 28, 773 }, // D
    { 9, 11, 130, 0, 11, 25, 801 }, // E
    { 9, 11, 128, 0, 11, 25, 826 }, // F
    { 11, 12, 166, 0, 11, 33, 851 }, // G
    { 11, 11, 168, 0, 11, 31, 884 }, // H
    { 8, 11, 92, -1, 11, 22, 915 }, // I
    { 9, 15, 80, -3, 11, 34, 937 }, // J
    { 11, 11, 147, 0, 11, 31, 971 }, // K
    { 7, 11, 124, 0, 11, 20, 1002 }, // L
    { 14, 11, 211, 0, 11, 39, 1022 }, // M
    { 12, 11, 182, 0, 11, 33, 1061 }, // N
    { 11, 12, 175, 0, 11, 33, 1094 }, // O
    { 10, 11, 146, 0, 11, 28, 1127 }, // P
    { 11, 14, 175, 0, 11, 39, 1155 }, // Q
    { 9, 11, 149, 0, 11, 25, 1194 }, // R
    { 9, 12, 127, 0, 11, 27, 1219 }, // S
    { 9, 11, 128, 1, 11, 25, 1246 }, // T
    { 10, 12, 166, 1, 11, 30, 1271 }, // U
    { 10, 11, 142, 1, 11, 28, 1301 }, // V
    { 14, 11, 215, 1, 11, 39, 1329 }, // W
    { 12, 11, 146, -1, 11, 33, 1368 }, // X
    { 9, 11, 135, 1, 11, 25, 1401 }, // Y
    { 10, 11, 129, -1, 11, 28, 1426 }, // Z
    { 7, 14, 79, -1, 11, 25, 1454 }, // [
    { 5, 12, 102, 1, 11, 15, 1479 }, // <backslash>
    { 7, 14, 79, -1, 11, 25, 1494 }, // ]
    { 8, 8, 132, 0, 11, 16, 1519 }, // ^
    { 7, 2, 96, -2, -1, 4, 1535 }, // _
    { 4, 3, 78, 2, 12, 3, 1539 }, // `
    { 9, 10, 142, 0, 9, 23, 1542 }, // a
    { 9, 13, 143, 0, 12, 30, 1565 }, // b
    { 8, 10, 116, 0, 9, 20, 1595 }, // c
    { 10, 13, 143, 0, 12, 33, 1615 }, // d
    { 8, 10, 134, 0, 9, 20, 1648 }, // e
    { 10, 16, 90, -2, 12, 40, 1668 }, // f
    { 9, 13, 143, 0, 9, 30, 1708 }, // g
    { 9, 12, 145, 0, 12, 27, 1738 }, // h
    { 5, 12, 72, 0, 12, 15, 1765 }, // i
    { 7, 16, 72, -2, 12, 28, 1780 }, // j
    { 10, 12, 136, 0, 12, 30, 1808 }, // k
    { 5, 12, 72, 0, 12, 15, 1838 }, // l
    { 13, 9, 217, 0, 9, 30, 1853 }, // m
    { 9, 9, 145, 0, 9, 21, 1883 }, // n
    { 9, 10, 140, 0, 9, 23, 1904 }, // o
    { 10, 13, 143, -1, 9, 33, 1927 }, // p
    { 9, 13, 143, 0, 9, 30, 1960 }, // q
    { 7, 9, 101, 0, 9, 16, 1990 }, // r
    { 7, 10, 114, 0, 9, 18, 2006 }, // s
    { 7, 11, 98, 0, 10, 20, 2024 }, // t
    { 9, 10, 145, 0, 9, 23, 2044 }, // u
    { 9, 9, 123, 0, 9, 21, 2067 }, // v
    { 13, 9, 189, 0, 9, 30, 2088 }, // w
    { 10, 9, 128, -1, 9, 23, 2118 }, // x
    { 11, 13, 125, -2, 9, 36, 2141 }, // y
    { 9, 9, 113, -1, 9, 21, 2177 }, // z
    { 8, 14, 85, -1, 11, 28, 2198 }, // {
    { 2, 16, 132, 3, 12, 8, 2226 }, // |
    { 7, 14, 85, -1, 11, 25, 2234 }, // }
    { 9, 3, 137, 0, 7, 7, 2259 }, // ~
    { 0, 0, 62, 0, 0, 0, 0 }, // U+00A0
    { 6, 12, 69, -1, 9, 18, 0 }, // U+00A1
    { 7, 12, 132, 1, 11, 21, 18 }, // U+00A2
    { 11, 11, 132, -1, 11, 31, 39 }, // U+00A3
    { 8, 8, 132, 0, 9, 16, 70 }, // U+00A4
    { 10, 11, 132, 0, 11, 28, 86 }, // U+00A5
    { 2, 16, 132, 3, 12, 8, 114 }, // U+00A6
    { 8, 13, 117, 0, 12, 26, 122 }, // U+00A7
    { 5, 3, 133, 3, 12, 4, 148 }, // U+00A8
    { 12, 12, 200, 0, 11, 36, 152 }, // U+00A9
    { 6, 6, 91, 1, 11, 9, 188 }, // U+00AA
    { 9, 8, 136, 0, 8, 18, 197 }, // U+00AB
    { 9, 6, 137, 0, 7, 14, 215 }, // U+00AC
    { 5, 2, 78, 0, 5, 3, 229 }, // U+00AD
    { 12, 12, 200, 0, 11, 36, 232 }, // U+00AE
    { 8, 2, 103, 1, 13, 4, 268 }, // U+00AF
    { 6, 6, 102, 0, 11, 9, 272 }, // U+00B0
    { 9, 10, 137, 0, 10, 23, 281 }, // U+00B1
    { 7, 7, 91, 0, 13, 13, 304 }, // U+00B2
    { 6, 7, 91, 1, 13, 11, 317 }, // U+00B3
    { 5, 3, 77, 1, 12, 4, 328 }, // U+00B4
    { 10, 13, 146, -1, 9, 33, 332 }, // U+00B5
    { 8, 14, 157, 1, 12, 28, 365 }, // U+00B6
    { 3, 4, 69, 1, 7, 3, 393 }, // U+00B7
    { 4, 4, 49, -2, 0, 4, 396 }, // U+00B8
    { 5, 7, 91, 1, 13, 9, 400 }, // U+00B9
    { 5, 6, 88, 1, 11, 8, 409 }, // U+00BA
    { 8, 8, 135, 0, 8, 16, 417 }, // U+00BB
    { 11, 11, 200, 1, 11, 31, 433 }, // U+00BC
    { 12, 11, 214, 1, 11, 33, 464 }, // U+00BD
    { 13, 11, 207, 0, 11, 36, 497 }, // U+00BE
    { 7, 12, 112, -1, 9, 21, 533 }, // U+00BF
    { 10, 15, 151, -1, 15, 38, 554 }, // U+00C0
    { 11, 15, 151, -1, 15, 42, 592 }, // U+00C1
    { 11, 15, 151, -1, 15, 42, 634 }, // U+00C2
    { 11, 15, 151, -1, 15, 42, 676 }, // U+00C3
    { 10, 15, 151, -1, 15, 38, 718 }, // U+00C4
    { 10, 16, 151, -1, 16, 40, 756 }, // U+00C5
    { 15, 11, 215, -1, 11, 42, 796 }, // U+00C6
    { 10, 15, 147, 0, 11, 38, 838 }, // U+00C7
    { 9, 15, 130, 0, 15, 34, 876 }, // U+00C8
    { 9, 15, 130, 0, 15, 34, 910 }, // U+00C9
    { 9, 15, 130, 0, 15, 34, 944 }, // U+00CA
    { 9, 15, 130, 0, 15, 34, 978 }, // U+00CB
    { 8, 15, 92, -1, 15, 30, 1012 }, // U+00CC
    { 9, 15, 92, -1, 15, 34, 1042 }, // U+00CD
    { 9, 15, 92, -1, 15, 34, 1076 }, // U+00CE
    { 8, 15, 92, -1, 15, 30, 1110 }, // U+00CF
    { 10, 11, 162, 0, 11, 28, 1140 }, // U+00D0
    { 12, 15, 182, 0, 15, 45, 1168 }, // U+00D1
    { 11, 16, 175, 0, 15, 44, 1213 }, // U+00D2
    { 11, 16, 175, 0, 15, 44, 1257 }, // U+00D3
    { 11, 16, 175, 0, 15, 44, 1301 }, // U+00D4
    { 11, 16, 175, 0, 15, 44, 1345 }, // U+00D5
    { 11, 16, 175, 0, 15, 44, 1389 }, // U+00D6
    { 7, 8, 137, 1, 9, 14, 1433 }, // U+00D7
    { 11, 13, 175, 0, 12, 36, 1447 }, // U+00D8
    { 10, 16, 166, 1, 15, 40, 1483 }, // U+00D9
    { 10, 16, 166, 1, 15, 40, 1523 }, // U+00DA
    { 10, 16, 166, 1, 15, 40, 1563 }, // U+00DB
    { 10, 16, 166, 1, 15, 40, 1603 }, // U+00DC
    { 9, 15, 135, 1, 15, 34, 1643 }, // U+00DD
    { 9, 11, 144, 0, 11, 25, 1677 }, // U+00DE
    { 12, 16, 158, -2, 12, 48, 1702 }, // U+00DF
    { 9, 13, 142, 0, 12, 30, 1750 }, // U+00E0
    { 9, 13, 142, 0, 12, 30, 1780 }, // U+00E1
    { 9, 13, 142, 0, 12, 30, 1810 }, // U+00E2
    { 9, 13, 142, 0, 12, 30, 1840 }, // U+00E3
    { 9, 13, 142, 0, 12, 30, 1870 }, // U+00E4
    { 9, 14, 142, 0, 13, 32, 1900 }, // U+00E5
    { 13, 10, 209, 0, 9, 33, 1932 }, // U+00E6
    { 8, 13, 116, 0, 9, 26, 1965 }, // U+00E7
    { 8, 13, 134, 0, 12, 26, 1991 }, // U+00E8
    { 9, 13, 134, 0, 12, 30, 2017 }, // U+00E9
    { 9, 13, 134, 0, 12, 30, 2047 }, // U+00EA
    { 8, 13, 134, 0, 12, 26, 2077 }, // U+00EB
    { 5, 12, 72, 0, 12, 15, 2103 }, // U+00EC
    { 7, 12, 72, 0, 12, 21, 2118 }, // U+00ED
    { 7, 12, 72, 0, 12, 21, 2139 }, // U+00EE
    { 6, 12, 72, 0, 12, 18, 2160 }, // U+00EF
    { 9, 13, 138, 0, 12, 30, 2178 }, // U+00F0
    { 9, 12, 145, 0, 12, 27, 2208 }, // U+00F1
    { 9, 13, 142, 0, 12, 30, 2235 }, // U+00F2
    { 9, 13, 142, 0, 12, 30, 2265 }, // U+00F3
    { 9, 13, 142, 0, 12, 30, 2295 }, // U+00F4
    { 9, 13, 142, 0, 12, 30, 2325 }, // U+00F5
    { 9, 13, 142, 0, 12, 30, 2355 }, // U+00F6
    { 9, 8, 137, 0, 9, 18, 2385 }, // U+00F7
    { 9, 10, 140, 0, 9, 23, 2403 }, // U+00F8
    { 9, 13, 145, 0, 12, 30, 2426 }, // U+00F9
    { 9, 13, 145, 0, 12, 30, 2456 }, // U+00FA
    { 9, 13, 145, 0, 12, 30, 2486 }, // U+00FB
    { 9, 13, 145, 0, 12, 30, 2516 }, // U+00FC
    { 11, 16, 125, -2, 12, 44, 2546 }, // U+00FD
    { 10, 16, 143, -1, 12, 40, 2590 }, // U+00FE
    { 11, 16, 125, -2, 12, 44, 2630 }, // U+00FF
    { 10, 14, 151, -1, 14, 35, 0 }, // U+0100
    { 9, 12, 142, 0, 11, 27, 35 }, // U+0101
    { 11, 15, 151, -1, 15, 42, 62 }, // U+0102
    { 9, 13, 142, 0, 12, 30, 104 }, // U+0103
    { 10, 15, 151, -1, 11, 38, 134 }, // U+0104
    { 9, 13, 142, 0, 9, 30, 172 }, // U+0105
    { 10, 16, 147, 0, 15, 40, 202 }, // U+0106
    { 8, 13, 116, 0, 12, 26, 242 }, // U+0107
    { 10, 16, 147, 0, 15, 40, 268 }, // U+0108
    { 8, 13, 116, 0, 12, 26, 308 }, // U+0109
    { 10, 16, 147, 0, 15, 40, 334 }, // U+010A
    { 8, 13, 116, 0, 12, 26, 374 }, // U+010B
    { 11, 16, 147, 0, 15, 44, 400 }, // U+010C
    { 9, 13, 116, 0, 12, 30, 444 }, // U+010D
    { 10, 15, 162, 0, 15, 38, 474 }, // U+010E
    { 13, 13, 163, 0, 12, 43, 512 }, // U+010F
    { 10, 11, 162, 0, 11, 28, 555 }, // U+0110
    { 11, 13, 143, 0, 12, 36, 583 }, // U+0111
    { 9, 14, 130, 0, 14, 32, 619 }, // U+0112
    { 8, 12, 134, 0, 11, 24, 651 }, // U+0113
    { 9, 15, 130, 0, 15, 34, 675 }, // U+0114
    { 9, 13, 134, 0, 12, 30, 709 }, // U+0115
    { 9, 15, 130, 0, 15, 34, 739 }, // U+0116
    { 8, 13, 134, 0, 12, 26, 773 }, // U+0117
    { 9, 15, 130, 0, 11, 34, 799 }, // U+0118
    { 8, 13, 134, 0, 9, 26, 833 }, // U+0119
    { 10, 15, 130, 0, 15, 38, 859 }, // U+011A
    { 9, 13, 134, 0, 12, 30, 897 }, // U+011B
    { 11, 16, 166, 0, 15, 44, 927 }, // U+011C
    { 9, 16, 143, 0, 12, 36, 971 }, // U+011D
    { 11, 16, 166, 0, 15, 44, 1007 }, // U+011E
    { 9, 16, 143, 0, 12, 36, 1051 }, // U+011F
    { 11, 16, 166, 0, 15, 44, 1087 }, // U+0120
    { 9, 16, 143, 0, 12, 36, 1131 }, // U+0121
    { 11, 15, 166, 0, 11, 42, 1167 }, // U+0122
    { 9, 16, 143, 0, 12, 36, 1209 }, // U+0123
    { 11, 15, 168, 0, 15, 42, 1245 }, // U+0124
    { 9, 15, 145, 0, 15, 34, 1287 }, // U+0125
    { 12, 11, 168, 0, 11, 33, 1321 }, // U+0126
    { 9, 12, 145, 0, 12, 27, 1354 }, // U+0127
    { 9, 15, 92, -1, 15, 34, 1381 }, // U+0128
    { 7, 12, 72, 0, 12, 21, 1415 }, // U+0129
    { 8, 14, 92, -1, 14, 28, 1436 }, // U+012A
    { 6, 11, 72, 0, 11, 17, 1464 }, // U+012B
    { 9, 15, 92, -1, 15, 34, 1481 }, // U+012C
    { 7, 12, 72, 0, 12, 21, 1515 }, // U+012D
    { 8, 15, 92, -1, 11, 30, 1536 }, // U+012E
    { 6, 16, 72, -1, 12, 24, 1566 }, // U+012F
    { 8, 15, 92, -1, 15, 30, 1590 }, // U+0130
    { 5, 9, 72, 0, 9, 12, 1620 }, // U+0131
    { 12, 15, 171, -1, 11, 45, 1632 }, // U+0132
    { 10, 16, 144, 0, 12, 40, 1677 }, // U+0133
    { 10, 19, 80, -3, 15, 48, 1717 }, // U+0134
    { 9, 16, 72, -2, 12, 36, 1765 }, // U+0135
    { 11, 15, 150, 0, 11, 42, 1801 }, // U+0136
    { 10, 16, 136, 0, 12, 40, 1843 }, // U+0137
    { 10, 9, 136, 0, 9, 23, 1883 }, // U+0138
    { 8, 15, 124, 0, 15, 30, 1906 }, // U+0139
    { 7, 15, 72, 0, 15, 27, 1936 }, // U+013A
    { 7, 15, 124, 0, 11, 27, 1963 }, // U+013B
    { 6, 16, 72, -1, 12, 24, 1990 }, // U+013C
    { 9, 11, 124, 0, 11, 25, 2014 }, // U+013D
    { 8, 12, 91, 0, 12, 24, 2039 }, // U+013E
    { 8, 11, 124, 0, 11, 22, 2063 }, // U+013F
    { 8, 12, 106, 0, 12, 24, 2085 }, // U+0140
    { 8, 11, 124, -1, 11, 22, 2109 }, // U+0141
    { 6, 12, 78, 0, 12, 18, 2131 }, // U+0142
    { 12, 15, 182, 0, 15, 45, 2149 }, // U+0143
    { 9, 12, 145, 0, 12, 27, 2194 }, // U+0144
    { 12, 15, 182, 0, 11, 45, 2221 }, // U+0145
    { 9, 13, 145, 0, 9, 30, 2266 }, // U+0146
    { 12, 15, 182, 0, 15, 45, 2296 }, // U+0147
    { 10, 12, 145, 0, 12, 30, 2341 }, // U+0148
    { 10, 11, 169, 0, 11, 28, 2371 }, // U+0149
    { 12, 15, 181, 0, 11, 45, 2399 }, // U+014A
    { 9, 13, 145, 0, 9, 30, 2444 }, // U+014B
    { 11, 15, 175, 0, 14, 42, 2474 }, // U+014C
    { 9, 12, 142, 0, 11, 27, 2516 }, // U+014D
    { 11, 16, 175, 0, 15, 44, 2543 }, // U+014E
    { 9, 13, 142, 0, 12, 30, 2587 }, // U+014F
    { 12, 16, 175, 0, 15, 48, 2617 }, // U+0150
    { 10, 13, 142, 0, 12, 33, 2665 }, // U+0151
    { 15, 12, 216, 0, 11, 45, 2698 }, // U+0152
    { 13, 10, 212, 0, 9, 33, 2743 }, // U+0153
    { 10, 15, 149, 0, 15, 38, 2776 }, // U+0154
    { 8, 12, 101, 0, 12, 24, 2814 }, // U+0155
    { 9, 15, 149, 0, 11, 34, 2838 }, // U+0156
    { 8, 13, 101, -1, 9, 26, 2872 }, // U+0157
    { 10, 15, 149, 0, 15, 38, 2898 }, // U+0158
    { 9, 12, 101, 0, 12, 27, 2936 }, // U+0159
    { 9, 16, 127, 0, 15, 36, 2963 }, // U+015A
    { 8, 13, 114, 0, 12, 26, 2999 }, // U+015B
    { 9, 16, 127, 0, 15, 36, 3025 }, // U+015C
    { 8, 13, 114, 0, 12, 26, 3061 }, // U+015D
    { 9, 15, 127, 0, 11, 34, 3087 }, // U+015E
    { 7, 13, 114, 0, 9, 23, 3121 }, // U+015F
    { 9, 16, 127, 0, 15, 36, 3144 }, // U+0160
    { 8, 13, 114, 0, 12, 26, 3180 }, // U+0161
    { 9, 15, 128, 1, 11, 34, 3206 }, // U+0162
    { 7, 14, 98, 0, 10, 25, 3240 }, // U+0163
    { 9, 15, 128, 1, 15, 34, 3265 }, // U+0164
    { 9, 13, 98, 0, 12, 30, 3299 }, // U+0165
    { 9, 11, 128, 1, 11, 25, 3329 }, // U+0166
    { 7, 11, 98, 0, 10, 20, 3354 }, // U+0167
    { 10, 16, 166, 1, 15, 40, 3374 }, // U+0168
    { 9, 13, 145, 0, 12, 30, 3414 }, // U+0169
    { 10, 15, 166, 1, 14, 38, 3444 }, // U+016A
    { 9, 12, 145, 0, 11, 27, 3482 }, // U+016B
    { 10, 16, 166, 1, 15, 40, 3509 }, // U+016C
    { 9, 13, 145, 0, 12, 30, 3549 }, // U+016D
    { 10, 17, 166, 1, 16, 43, 3579 }, // U+016E
    { 9, 14, 145, 0, 13, 32, 3622 }, // U+016F
    { 11, 16, 166, 1, 15, 44, 3654 }, // U+0170
    { 11, 13, 145, 0, 12, 36, 3698 }, // U+0171
    { 10, 15, 166, 1, 11, 38, 3734 }, // U+0172
    { 9, 13, 145, 0, 9, 30, 3772 }, // U+0173
    { 14, 15, 217, 1, 15, 53, 3802 }, // U+0174
    { 13, 12, 189, 0, 12, 39, 3855 }, // U+0175
    { 9, 15, 135, 1, 15, 34, 3894 }, // U+0176
    { 11, 16, 125, -2, 12, 44, 3928 }, // U+0177
    { 9, 15, 135, 1, 15, 34, 3972 }, // U+0178
    { 10, 15, 129, -1, 15, 38, 4006 }, // U+0179
    { 9, 12, 113, -1, 12, 27, 4044 }, // U+017A
    { 10, 15, 129, -1, 15, 38, 4071 }, // U+017B
    { 9, 12, 113, -1, 12, 27, 4109 }, // U+017C
    { 11, 15, 129, -1, 15, 42, 4136 }, // U+017D
    { 9, 12, 113, -1, 12, 27, 4178 }, // U+017E
    { 10, 16, 86, -2, 12, 40, 4205 }, // U+017F
    { 14, 13, 185, 0, 12, 46, 0 }, // U+01A0
    { 11, 11, 154, 0, 10, 31, 46 }, // U+01A1
    { 13, 13, 186, 1, 12, 43, 77 }, // U+01AF
    { 13, 11, 171, 0, 10, 36, 120 }, // U+01B0
    { 20, 15, 291, 0, 15, 75, 156 }, // U+01C4
    { 19, 12, 272, 0, 12, 57, 231 }, // U+01C5
    { 17, 13, 252, 0, 12, 56, 288 }, // U+01C6
    { 13, 15, 204, 0, 11, 49, 344 }, // U+01C7
    { 13, 16, 196, 0, 12, 52, 393 }, // U+01C8
    { 10, 16, 144, 0, 12, 40, 445 }, // U+01C9
    { 17, 15, 261, 0, 11, 64, 485 }, // U+01CA
    { 17, 16, 252, 0, 12, 68, 549 }, // U+01CB
    { 14, 16, 216, 0, 12, 56, 617 }, // U+01CC
    { 11, 15, 151, -1, 15, 42, 673 }, // U+01CD
    { 9, 13, 142, 0, 12, 30, 715 }, // U+01CE
    { 9, 15, 92, -1, 15, 34, 745 }, // U+01CF
    { 7, 12, 72, 0, 12, 21, 779 }, // U+01D0
    { 11, 16, 175, 0, 15, 44, 800 }, // U+01D1
    { 9, 13, 142, 0, 12, 30, 844 }, // U+01D2
    { 10, 16, 166, 1, 15, 40, 874 }, // U+01D3
    { 9, 13, 145, 0, 12, 30, 914 }, // U+01D4
    { 10, 17, 166, 1, 16, 43, 944 }, // U+01D5
    { 9, 14, 145, 0, 13, 32, 987 }, // U+01D6
    { 10, 17, 166, 1, 16, 43, 1019 }, // U+01D7
    { 9, 15, 145, 0, 14, 34, 1062 }, // U+01D8
    { 10, 17, 166, 1, 16, 43, 1096 }, // U+01D9
    { 10, 15, 145, 0, 14, 38, 1139 }, // U+01DA
    { 10, 17, 166, 1, 16, 43, 1177 }, // U+01DB
    { 9, 15, 145, 0, 14, 34, 1220 }, // U+01DC
    { 8, 10, 134, 0, 9, 20, 1254 }, // U+01DD
    { 11, 16, 151, -1, 16, 44, 1274 }, // U+01DE
    { 9, 14, 142, 0, 13, 32, 1318 }, // U+01DF
    { 11, 16, 151, -1, 16, 44, 1350 }, // U+01E0
    { 9, 14, 142, 0, 13, 32, 1394 }, // U+01E1
    { 15, 14, 215, -1, 14, 53, 1426 }, // U+01E2
    { 13, 12, 209, 0, 11, 39, 1479 }, // U+01E3
    { 11, 12, 166, 0, 11, 33, 1518 }, // U+01E4
    { 9, 13, 143, 0, 9, 30, 1551 }, // U+01E5
    { 11, 16, 166, 0, 15, 44, 1581 }, // U+01E6
    { 9, 16, 143, 0, 12, 36, 1625 }, // U+01E7
    { 11, 15, 150, 0, 15, 42, 1661 }, // U+01E8
    { 10, 15, 136, 0, 15, 38, 1703 }, // U+01E9
    { 11, 15, 175, 0, 11, 42, 1741 }, // U+01EA
    { 9, 13, 142, 0, 9, 30, 1783 }, // U+01EB
    { 11, 18, 175, 0, 14, 50, 1813 }, // U+01EC
    { 9, 15, 142, 0, 11, 34, 1863 }, // U+01ED
    { 10, 15, 133, -1, 14, 38, 1897 }, // U+01EE
    { 10, 16, 131, -1, 12, 40, 1935 }, // U+01EF
    { 9, 16, 72, -2, 12, 36, 1975 }, // U+01F0
    { 19, 11, 291, 0, 11, 53, 2011 }, // U+01F1
    { 18, 11, 275, 0, 11, 50, 2064 }, // U+01F2
    { 17, 13, 255, 0, 12, 56, 2114 }, // U+01F3
    { 11, 16, 166, 0, 15, 44, 2170 }, // U+01F4
    { 9, 16, 143, 0, 12, 36, 2214 }, // U+01F5
    { 15, 12, 242, 0, 11, 45, 2250 }, // U+01F6
    { 11, 15, 155, -1, 11, 42, 2295 }, // U+01F7
    { 12, 15, 182, 0, 15, 45, 2337 }, // U+01F8
    { 9, 12, 145, 0, 12, 27, 2382 }, // U+01F9
    { 11, 15, 151, -1, 15, 42, 2409 }, // U+01FA
    { 10, 16, 142, 0, 15, 40, 2451 }, // U+01FB
    { 15, 15, 215, -1, 15, 57, 2491 }, // U+01FC
    { 13, 13, 209, 0, 12, 43, 2548 }, // U+01FD
    { 11, 15, 175, 0, 14, 42, 2591 }, // U+01FE
    { 9, 13, 140, 0, 12, 30, 2633 }, // U+01FF
    { 10, 15, 151, -1, 15, 38, 2663 }, // U+0200
    { 9, 13, 142, 0, 12, 30, 2701 }, // U+0201
    { 11, 15, 151, -1, 15, 42, 2731 }, // U+0202
    { 9, 13, 142, 0, 12, 30, 2773 }, // U+0203
    { 9, 15, 130, 0, 15, 34, 2803 }, // U+0204
    { 8, 13, 134, 0, 12, 26, 2837 }, // U+0205
    { 9, 15, 130, 0, 15, 34, 2863 }, // U+0206
    { 8, 13, 134, 0, 12, 26, 2897 }, // U+0207
    { 8, 15, 92, -1, 15, 30, 2923 }, // U+0208
    { 7, 12, 72, -1, 12, 21, 2953 }, // U+0209
    { 9, 15, 92, -1, 15, 34, 2974 }, // U+020A
    { 7, 12, 72, 0, 12, 21, 3008 }, // U+020B
    { 11, 16, 175, 0, 15, 44, 3029 }, // U+020C
    { 9, 13, 142, 0, 12, 30, 3073 }, // U+020D
    { 11, 16, 175, 0, 15, 44, 3103 }, // U+020E
    { 9, 13, 142, 0, 12, 30, 3147 }, // U+020F
    { 9, 15, 149, 0, 15, 34, 3177 }, // U+0210
    { 7, 12, 101, 0, 12, 21, 3211 }, // U+0211
    { 9, 15, 149, 0, 15, 34, 3232 }, // U+0212
    { 8, 12, 101, 0, 12, 24, 3266 }, // U+0213
    { 10, 16, 166, 1, 15, 40, 3290 }, // U+0214
    { 9, 13, 145, 0, 12, 30, 3330 }, // U+0215
    { 10, 16, 166, 1, 15, 40, 3360 }, // U+0216
    { 9, 13, 145, 0, 12, 30, 3400 }, // U+0217
    { 9, 15, 127, 0, 11, 34, 3430 }, // U+0218
    { 7, 13, 114, 0, 9, 23, 3464 }, // U+0219
    { 9, 15, 128, 1, 11, 34, 3487 }, // U+021A
    { 7, 14, 98, 0, 10, 25, 3521 }, // U+021B
    { 11, 14, 151, -1, 11, 39, 3546 }, // U+021C
    { 10, 13, 121, -2, 9, 33, 3585 }, // U+021D
    { 11, 15, 168, 0, 15, 42, 3618 }, // U+021E
    { 9, 15, 145, 0, 15, 34, 3660 }, // U+021F
    { 4, 3, 0, -7, 12, 3, 0 }, // U+0300
    { 5, 3, 0, -4, 12, 4, 3 }, // U+0301
    { 7, 3, 0, -2, 12, 6, 7 }, // U+0302
    { 7, 3, 0, -7, 12, 6, 13 }, // U+0303
    { 6, 2, 0, -2, 11, 3, 19 }, // U+0304
    { 7, 2, 0, -2, 13, 4, 22 }, // U+0305
    { 7, 3, 0, -2, 12, 6, 26 }, // U+0306
    { 3, 3, 0, 0, 12, 3, 32 }, // U+0307
    { 6, 3, 0, -2, 12, 5, 35 }, // U+0308
    { 4, 5, 0, -5, 13, 5, 40 }, // U+0309
    { 5, 4, 0, -1, 13, 5, 45 }, // U+030A
    { 8, 3, 0, -2, 12, 6, 50 }, // U+030B
    { 7, 3, 0, -2, 12, 6, 56 }, // U+030C
    { 3, 5, 0, 0, 12, 4, 62 }, // U+030D
    { 5, 4, 0, -1, 12, 5, 66 }, // U+030E
    { 6, 3, 0, -7, 12, 5, 71 }, // U+030F
    { 7, 4, 0, -2, 13, 7, 76 }, // U+0310
    { 6, 3, 0, -2, 12, 5, 83 }, // U+0311
    { 4, 4, 0, -1, 11, 4, 88 }, // U+0312
    { 4, 4, 0, -1, 11, 4, 92 }, // U+0313
    { 3, 4, 0, 0, 11, 3, 96 }, // U+0314
    { 4, 4, 0, -1, 11, 4, 99 }, // U+0315
    { 4, 3, 0, -3, 0, 3, 103 }, // U+0316
    { 5, 3, 0, -4, 0, 4, 106 }, // U+0317
    { 4, 4, 0, -3, 0, 4, 110 }, // U+0318
    { 4, 4, 0, -3, 0, 4, 114 }, // U+0319
    { 5, 5, 75, 1, 12, 7, 118 }, // U+031A
    { 5, 4, 0, -1, 12, 5, 125 }, // U+031B
    { 3, 5, 0, -1, 0, 4, 130 }, // U+031C
    { 5, 4, 0, -4, 0, 5, 134 }, // U+031D
    { 4, 4, 0, -3, 0, 4, 139 }, // U+031E
    { 4, 4, 0, -3, 0, 4, 143 }, // U+031F
    { 5, 1, 0, -4, -2, 2, 147 }, // U+0320
    { 5, 5, 0, -4, 1, 7, 149 }, // U+0321
    { 4, 5, 0, -2, 1, 5, 156 }, // U+0322
    { 3, 4, 0, -7, 0, 3, 161 }, // U+0323
    { 6, 3, 0, -4, 0, 5, 164 }, // U+0324
    { 5, 4, 0, -4, 0, 5, 169 }, // U+0325
    { 4, 4, 0, 0, 0, 4, 174 }, // U+0326
    { 4, 4, 0, -3, 0, 4, 178 }, // U+0327
    { 4, 4, 0, -3, 0, 4, 182 }, // U+0328
    { 4, 5, 0, -3, 0, 5, 186 }, // U+0329
    { 7, 4, 0, -5, 0, 7, 191 }, // U+032A
    { 6, 3, 0, -4, 0, 5, 198 }, // U+032B
    { 7, 3, 0, -4, 0, 6, 203 }, // U+032C
    { 7, 3, 0, -5, 0, 6, 209 }, // U+032D
    { 6, 3, 0, -4, 0, 5, 215 }, // U+032E
    { 6, 3, 0, -4, 0, 5, 220 }, // U+032F
    { 7, 3, 0, -5, 0, 6, 225 }, // U+0330
    { 6, 2, 0, -4, -1, 3, 231 }, // U+0331
    { 8, 2, 0, -5, -1, 4, 234 }, // U+0332
    { 7, 4, 0, -5, 0, 7, 238 }, // U+0333
    { 8, 3, 0, -4, 6, 6, 245 }, // U+0334
    { 7, 2, 0, -4, 5, 4, 251 }, // U+0335
    { 12, 3, 0, -6, 6, 9, 255 }, // U+0336
    { 6, 5, 0, -3, 7, 8, 264 }, // U+0337
    { 10, 13, 0, -5, 12, 33, 272 }, // U+0338
    { 4, 5, 0, -2, 1, 5, 305 }, // U+0339
    { 7, 4, 0, -5, 0, 7, 310 }, // U+033A
    { 7, 4, 0, -5, 0, 7, 317 }, // U+033B
    { 6, 3, 0, -4, 0, 5, 324 }, // U+033C
    { 5, 4, 0, -1, 12, 5, 329 }, // U+033D
    { 4, 5, 0, -1, 13, 5, 334 }, // U+033E
    { 7, 4, 0, -2, 15, 7, 339 }, // U+033F
    { 5, 3, 0, -2, 12, 4, 346 }, // U+0340
    { 5, 3, 0, 0, 12, 4, 350 }, // U+0341
    { 7, 3, 0, 2, 12, 6, 354 }, // U+0342
    { 3, 4, 0, 0, 12, 3, 360 }, // U+0343
    { 9, 3, 0, -3, 12, 7, 363 }, // U+0344
    { 3, 4, 0, -2, 0, 3, 370 }, // U+0345
    { 8, 4, 0, -3, 12, 8, 373 }, // U+0346
    { 7, 4, 0, -5, 0, 7, 381 }, // U+0347
    { 6, 4, 0, -4, 0, 6, 388 }, // U+0348
    { 4, 4, 0, -3, 0, 4, 394 }, // U+0349
    { 7, 4, 0, -2, 12, 7, 398 }, // U+034A
    { 7, 7, 0, -2, 15, 13, 405 }, // U+034B
    { 7, 4, 0, -2, 13, 7, 418 }, // U+034C
    { 6, 4, 0, -4, 0, 6, 425 }, // U+034D
    { 4, 4, 0, -3, 0, 4, 431 }, // U+034E
    { 12, 11, 0, -6, 11, 33, 435 }, // U+034F
    { 3, 4, 0, 0, 12, 3, 468 }, // U+0350
    { 3, 5, 0, 2, 13, 4, 471 }, // U+0351
    { 6, 4, 0, -2, 13, 6, 475 }, // U+0352
    { 4, 4, 0, -3, 0, 4, 481 }, // U+0353
    { 4, 4, 0, -3, 0, 4, 485 }, // U+0354
    { 3, 4, 0, -2, 0, 3, 489 }, // U+0355
    { 7, 4, 0, -4, 0, 7, 492 }, // U+0356
    { 3, 5, 0, 1, 13, 4, 499 }, // U+0357
    { 3, 3, 0, 0, 12, 3, 503 }, // U+0358
    { 4, 4, 0, -3, 0, 4, 506 }, // U+0359
    { 6, 4, 0, -4, 0, 6, 510 }, // U+035A
    { 3, 4, 0, 0, 12, 3, 516 }, // U+035B
    { 12, 4, 0, -7, 0, 12, 519 }, // U+035C
    { 12, 4, 0, -5, 12, 12, 531 }, // U+035D
    { 9, 2, 0, -3, 11, 5, 543 }, // U+035E
    { 9, 2, 0, -6, 0, 5, 548 }, // U+035F
    { 13, 3, 0, -5, 12, 10, 553 }, // U+0360
    { 13, 4, 0, -5, 13, 13, 563 }, // U+0361
    { 13, 4, 0, -8, 0, 13, 576 }, // U+0362
    { 5, 4, 0, -1, 13, 5, 589 }, // U+0363
    { 5, 4, 0, -1, 13, 5, 594 }, // U+0364
    { 3, 5, 0, 0, 14, 4, 599 }, // U+0365
    { 5, 4, 0, -1, 13, 5, 603 }, // U+0366
    { 5, 4, 0, -1, 13, 5, 608 }, // U+0367
    { 4, 4, 0, 0, 13, 4, 613 }, // U+0368
    { 5, 5, 0, -1, 14, 7, 617 }, // U+0369
    { 5, 5, 0, -1, 14, 7, 624 }, // U+036A
    { 7, 4, 0, -2, 13, 7, 631 }, // U+036B
    { 4, 4, 0, 0, 13, 4, 638 }, // U+036C
    { 3, 5, 0, 0, 14, 4, 642 }, // U+036D
    { 4, 4, 0, 0, 13, 4, 646 }, // U+036E
    { 5, 4, 0, -1, 13, 5, 650 }, // U+036F
    { 9, 15, 127, 0, 15, 34, 0 }, // U+0400
    { 9, 14, 127, 0, 14, 32, 34 }, // U+0401
    { 10, 12, 171, 1, 11, 30, 66 }, // U+0402
    { 9, 15, 121, 0, 15, 34, 96 }, // U+0403
    { 10, 12, 145, 0, 11, 30, 130 }, // U+0404
    { 9, 12, 127, 0, 11, 27, 160 }, // U+0405
    { 5, 11, 74, 0, 11, 14, 187 }, // U+0406
    { 7, 14, 74, 0, 14, 25, 201 }, // U+0407
    { 9, 15, 77, -3, 11, 34, 226 }, // U+0408
    { 16, 12, 232, -1, 11, 48, 260 }, // U+0409
    { 14, 11, 225, 0, 11, 39, 308 }, // U+040A
    { 10, 11, 175, 1, 11, 28, 347 }, // U+040B
    { 11, 15, 150, 0, 15, 42, 375 }, // U+040C
    { 11, 15, 168, 0, 15, 42, 417 }, // U+040D
    { 11, 15, 142, 0, 14, 42, 459 }, // U+040E
    { 11, 14, 162, 0, 11, 39, 501 }, // U+040F
    { 10, 11, 151, -1, 11, 28, 540 }, // U+0410
    { 9, 11, 142, 0, 11, 25, 568 }, // U+0411
    { 10, 11, 148, 0, 11, 28, 593 }, // U+0412
    { 9, 11, 121, 0, 11, 25, 621 }, // U+0413
    { 13, 14, 173, -2, 11, 46, 646 }, // U+0414
    { 9, 11, 127, 0, 11, 25, 692 }, // U+0415
    { 16, 11, 217, -1, 11, 44, 717 }, // U+0416
    { 9, 12, 137, 0, 11, 27, 761 }, // U+0417
    { 11, 11, 168, 0, 11, 31, 788 }, // U+0418
    { 11, 14, 168, 0, 14, 39, 819 }, // U+0419
    { 11, 11, 150, 0, 11, 31, 858 }, // U+041A
    { 12, 12, 167, -1, 11, 36, 889 }, // U+041B
    { 14, 11, 209, 0, 11, 39, 925 }, // U+041C
    { 11, 11, 165, 0, 11, 31, 964 }, // U+041D
    { 11, 12, 172, 0, 11, 33, 995 }, // U+041E
    { 11, 11, 162, 0, 11, 31, 1028 }, // U+041F
    { 10, 11, 141, 0, 11, 28, 1059 }, // U+0420
    { 10, 12, 143, 0, 11, 30, 1087 }, // U+0421
    { 9, 11, 125, 1, 11, 25, 1117 }, // U+0422
    { 11, 12, 143, 0, 11, 33, 1142 }, // U+0423
    { 14, 12, 211, 0, 11, 42, 1175 }, // U+0424
    { 12, 11, 146, -1, 11, 33, 1217 }, // U+0425
    { 11, 14, 167, 0, 11, 39, 1250 }, // U+0426
    { 10, 11, 158, 1, 11, 28, 1289 }, // U+0427
    { 15, 11, 237, 0, 11, 42, 1317 }, // U+0428
    { 15, 14, 239, 0, 11, 53, 1359 }, // U+0429
    { 9, 11, 168, 1, 11, 25, 1412 }, // U+042A
    { 14, 11, 210, 0, 11, 39, 1437 }, // U+042B
    { 9, 11, 143, 0, 11, 25, 1476 }, // U+042C
    { 10, 12, 146, 0, 11, 30, 1501 }, // U+042D
    { 15, 12, 237, 0, 11, 45, 1531 }, // U+042E
    { 11, 11, 148, -1, 11, 31, 1576 }, // U+042F
    { 9, 10, 139, 0, 9, 23, 1607 }, // U+0430
    { 9, 13, 136, 0, 12, 30, 1630 }, // U+0431
    { 9, 10, 133, 0, 9, 23, 1660 }, // U+0432
    { 8, 10, 111, -1, 9, 20, 1683 }, // U+0433
    { 9, 13, 138, 0, 12, 30, 1703 }, // U+0434
    { 8, 10, 126, 0, 9, 20, 1733 }, // U+0435
    { 16, 10, 229, -1, 9, 40, 1753 }, // U+0436
    { 8, 10, 119, 0, 9, 20, 1793 }, // U+0437
    { 9, 10, 143, 0, 9, 23, 1813 }, // U+0438
    { 9, 13, 142, 0, 12, 30, 1836 }, // U+0439
    { 10, 9, 134, 0, 9, 23, 1866 }, // U+043A
    { 10, 10, 146, -1, 9, 25, 1889 }, // U+043B
    { 12, 9, 185, 0, 9, 27, 1914 }, // U+043C
    { 9, 9, 141, 0, 9, 21, 1941 }, // U+043D
    { 9, 10, 137, 0, 9, 23, 1962 }, // U+043E
    { 9, 9, 143, 0, 9, 21, 1985 }, // U+043F
    { 10, 13, 145, -1, 9, 33, 2006 }, // U+0440
    { 8, 10, 113, 0, 9, 20, 2039 }, // U+0441
    { 13, 9, 215, 0, 9, 30, 2059 }, // U+0442
    { 10, 13, 128, -1, 9, 33, 2089 }, // U+0443
    { 11, 16, 178, 0, 12, 44, 2122 }, // U+0444
    { 10, 9, 125, -1, 9, 23, 2166 }, // U+0445
    { 9, 12, 147, 0, 9, 27, 2189 }, // U+0446
    { 8, 9, 139, 1, 9, 18, 2216 }, // U+0447
    { 14, 10, 215, 0, 9, 35, 2234 }, // U+0448
    { 14, 12, 219, 0, 9, 42, 2269 }, // U+0449
    { 9, 10, 150, 0, 9, 23, 2311 }, // U+044A
    { 12, 10, 192, 0, 9, 30, 2334 }, // U+044B
    { 8, 10, 132, 0, 9, 20, 2364 }, // U+044C
    { 7, 10, 114, 0, 9, 18, 2384 }, // U+044D
    { 12, 10, 193, 0, 9, 30, 2402 }, // U+044E
    { 10, 9, 132, -1, 9, 23, 2432 }, // U+044F
    { 8, 13, 126, 0, 12, 26, 2455 }, // U+0450
    { 8, 13, 126, 0, 12, 26, 2481 }, // U+0451
    { 9, 16, 143, 0, 12, 36, 2507 }, // U+0452
    { 9, 13, 111, -1, 12, 30, 2543 }, // U+0453
    { 8, 10, 113, 0, 9, 20, 2573 }, // U+0454
    { 7, 10, 109, 0, 9, 18, 2593 }, // U+0455
    { 5, 12, 70, 0, 12, 15, 2611 }, // U+0456
    { 6, 12, 69, 0, 12, 18, 2626 }, // U+0457
    { 8, 16, 69, -3, 12, 32, 2644 }, // U+0458
    { 14, 10, 206, -1, 9, 35, 2676 }, // U+0459
    { 13, 10, 201, 0, 9, 33, 2711 }, // U+045A
    { 9, 12, 143, 0, 12, 27, 2744 }, // U+045B
    { 10, 12, 133, 0, 12, 30, 2771 }, // U+045C
    { 9, 13, 142, 0, 12, 30, 2801 }, // U+045D
    { 10, 16, 128, -1, 12, 40, 2831 }, // U+045E
    { 9, 12, 143, 0, 9, 27, 2871 }, // U+045F
    { 14, 11, 213, 1, 11, 39, 2898 }, // U+0460
    { 12, 9, 194, 1, 9, 27, 2937 }, // U+0461
    { 9, 11, 151, 0, 11, 25, 2964 }, // U+0462
    { 12, 10, 207, 0, 9, 30, 2989 }, // U+0463
    { 14, 12, 213, 0, 11, 42, 3019 }, // U+0464
    { 12, 10, 180, 0, 9, 30, 3061 }, // U+0465
    { 11, 11, 161, -1, 11, 31, 3091 }, // U+0466
    { 9, 9, 139, -1, 9, 21, 3122 }, // U+0467
    { 13, 11, 222, 0, 11, 36, 3143 }, // U+0468
    { 12, 9, 201, 0, 9, 27, 3179 }, // U+0469
    { 13, 11, 175, -1, 11, 36, 3206 }, // U+046A
    { 10, 9, 139, -1, 9, 23, 3242 }, // U+046B
    { 16, 11, 236, 0, 11, 44, 3265 }, // U+046C
    { 13, 9, 199, 0, 9, 30, 3309 }, // U+046D
    { 10, 17, 143, -1, 13, 43, 3339 }, // U+046E
    { 9, 15, 126, -1, 11, 34, 3382 }, // U+046F
    { 13, 11, 198, 1, 11, 36, 3416 }, // U+0470
    { 12, 16, 194, 0, 12, 48, 3452 }, // U+0471
    { 11, 12, 175, 0, 11, 33, 3500 }, // U+0472
    { 9, 10, 140, 0, 9, 23, 3533 }, // U+0473
    { 10, 11, 156, 1, 11, 28, 3556 }, // U+0474
    { 9, 9, 131, 0, 9, 21, 3584 }, // U+0475
    { 10, 15, 156, 1, 15, 38, 3605 }, // U+0476
    { 9, 12, 131, 0, 12, 27, 3643 }, // U+0477
    { 20, 15, 300, 0, 11, 75, 3670 }, // U+0478
    { 18, 13, 265, 0, 9, 59, 3745 }, // U+0479
    { 11, 13, 182, 0, 12, 36, 3804 }, // U+047A
    { 9, 10, 152, 0, 9, 23, 3840 }, // U+047B
    { 15, 17, 243, 0, 16, 64, 3863 }, // U+047C
    { 13, 15, 207, 0, 14, 49, 3927 }, // U+047D
    { 14, 14, 213, 1, 14, 49, 3976 }, // U+047E
    { 12, 12, 195, 1, 12, 36, 4025 }, // U+047F
    { 10, 15, 147, 0, 11, 38, 4061 }, // U+0480
    { 8, 13, 116, 0, 9, 26, 4099 }, // U+0481
    { 9, 11, 146, 0, 10, 25, 4125 }, // U+0482
    { 6, 3, 0, -6, 11, 5, 4150 }, // U+0483
    { 6, 3, 0, -6, 12, 5, 4155 }, // U+0484
    { 3, 4, 0, -4, 12, 3, 4160 }, // U+0485
    { 4, 4, 0, -5, 12, 4, 4163 }, // U+0486
    { 7, 3, 0, -2, 14, 6, 4167 }, // U+0487
    { 18, 16, 0, -9, 12, 72, 4173 }, // U+0488
    { 18, 18, 0, -9, 13, 81, 4245 }, // U+0489
    { 12, 19, 197, 0, 15, 57, 4326 }, // U+048A
    { 10, 15, 151, 0, 12, 38, 4383 }, // U+048B
    { 9, 11, 141, 0, 11, 25, 4421 }, // U+048C
    { 8, 13, 136, 0, 12, 26, 4446 }, // U+048D
    { 10, 11, 146, 0, 11, 28, 4472 }, // U+048E
    { 10, 13, 143, -1, 9, 33, 4500 }, // U+048F
    { 10, 13, 122, 0, 13, 33, 4533 }, // U+0490
    { 8, 11, 110, 0, 11, 22, 4566 }, // U+0491
    { 9, 11, 121, 0, 11, 25, 4588 }, // U+0492
    { 9, 9, 111, -1, 9, 21, 4613 }, // U+0493
    { 9, 15, 160, 0, 11, 34, 4634 }, // U+0494
    { 8, 13, 138, 0, 9, 26, 4668 }, // U+0495
    { 16, 15, 221, -1, 11, 60, 4694 }, // U+0496
    { 16, 12, 230, -1, 9, 48, 4754 }, // U+0497
    { 9, 15, 137, 0, 11, 34, 4802 }, // U+0498
    { 8, 13, 119, 0, 9, 26, 4836 }, // U+0499
    { 11, 15, 165, 0, 11, 42, 4862 }, // U+049A
    { 10, 12, 147, 0, 9, 30, 4904 }, // U+049B
    { 11, 11, 151, 0, 11, 31, 4934 }, // U+049C
    { 10, 9, 141, 0, 9, 23, 4965 }, // U+049D
    { 11, 11, 147, 0, 11, 31, 4988 }, // U+049E
    { 10, 12, 139, 0, 12, 30, 5019 }, // U+049F
    { 11, 11, 168, 1, 11, 31, 5049 }, // U+04A0
    { 11, 9, 156, 0, 9, 25, 5080 }, // U+04A1
    { 11, 15, 184, 0, 11, 42, 5105 }, // U+04A2
    { 10, 12, 161, 0, 9, 30, 5147 }, // U+04A3
    { 13, 11, 185, 0, 11, 36, 5177 }, // U+04A4
    { 12, 9, 171, 0, 9, 27, 5213 }, // U+04A5
    { 15, 15, 248, 0, 11, 57, 5240 }, // U+04A6
    { 12, 13, 207, 0, 9, 39, 5297 }, // U+04A7
    { 11, 12, 175, 0, 11, 33, 5336 }, // U+04A8
    { 9, 10, 147, 0, 9, 23, 5369 }, // U+04A9
    { 10, 15, 147, 0, 11, 38, 5392 }, // U+04AA
    { 8, 13, 116, 0, 9, 26, 5430 }, // U+04AB
    { 9, 15, 127, 1, 11, 34, 5456 }, // U+04AC
    { 14, 12, 222, 0, 9, 42, 5490 }, // U+04AD
    { 9, 11, 135, 1, 11, 25, 5532 }, // U+04AE
    { 9, 13, 123, 0, 9, 30, 5557 }, // U+04AF
    { 10, 11, 135, 0, 11, 28, 5587 }, // U+04B0
    { 10, 13, 123, -1, 9, 33, 5615 }, // U+04B1
    { 12, 15, 166, -1, 11, 45, 5648 }, // U+04B2
    { 10, 12, 144, -1, 9, 30, 5693 }, // U+04B3
    { 12, 15, 201, 1, 11, 45, 5723 }, // U+04B4
    { 10, 12, 164, 0, 9, 30, 5768 }, // U+04B5
    { 10, 15, 180, 1, 11, 38, 5798 }, // U+04B6
    { 8, 12, 153, 1, 9, 24, 5836 }, // U+04B7
    { 10, 11, 162, 1, 11, 28, 5860 }, // U+04B8
    { 8, 9, 145, 1, 9, 18, 5888 }, // U+04B9
    { 10, 11, 162, 0, 11, 28, 5906 }, // U+04BA
    { 9, 12, 145, 0, 12, 27, 5934 }, // U+04BB
    { 12, 12, 187, 0, 11, 36, 5961 }, // U+04BC
    { 10, 10, 159, 0, 9, 25, 5997 }, // U+04BD
    { 12, 15, 187, 0, 11, 45, 6022 }, // U+04BE
    { 10, 12, 159, 0, 9, 30, 6067 }, // U+04BF
    { 8, 11, 92, -1, 11, 22, 6097 }, // U+04C0
    { 16, 14, 217, -1, 14, 56, 6119 }, // U+04C1
    { 16, 13, 229, -1, 12, 52, 6175 }, // U+04C2
    { 11, 15, 166, 0, 11, 42, 6227 }, // U+04C3
    { 10, 13, 149, 0, 9, 33, 6269 }, // U+04C4
    { 12, 15, 182, -1, 11, 45, 6302 }, // U+04C5
    { 11, 12, 158, -1, 9, 33, 6347 }, // U+04C6
    { 11, 15, 168, 0, 11, 42, 6380 }, // U+04C7
    { 9, 13, 148, 0, 9, 30, 6422 }, // U+04C8
    { 11, 15, 184, 0, 11, 42, 6452 }, // U+04C9
    { 10, 12, 162, 0, 9, 30, 6494 }, // U+04CA
    { 10, 15, 162, 1, 11, 38, 6524 }, // U+04CB
    { 8, 12, 143, 1, 9, 24, 6562 }, // U+04CC
    { 14, 15, 227, 0, 11, 53, 6586 }, // U+04CD
    { 13, 12, 201, 0, 9, 39, 6639 }, // U+04CE
    { 8, 11, 92, -1, 11, 22, 6678 }, // U+04CF
    { 11, 14, 151, -1, 14, 39, 6700 }, // U+04D0
    { 9, 13, 142, 0, 12, 30, 6739 }, // U+04D1
    { 10, 15, 151, -1, 15, 38, 6769 }, // U+04D2
    { 9, 13, 142, 0, 12, 30, 6807 }, // U+04D3
    { 15, 11, 215, -1, 11, 42, 6837 }, // U+04D4
    { 13, 10, 209, 0, 9, 33, 6879 }, // U+04D5
    { 10, 14, 130, 0, 14, 35, 6912 }, // U+04D6
    { 9, 13, 134, 0, 12, 30, 6947 }, // U+04D7
    { 10, 12, 158, 0, 11, 30, 6977 }, // U+04D8
    { 8, 10, 134, 0, 9, 20, 7007 }, // U+04D9
    { 10, 16, 158, 0, 15, 40, 7027 }, // U+04DA
    { 8, 13, 134, 0, 12, 26, 7067 }, // U+04DB
    { 16, 15, 217, -1, 15, 60, 7093 }, // U+04DC
    { 16, 13, 229, -1, 12, 52, 7153 }, // U+04DD
    { 9, 15, 137, 0, 14, 34, 7205 }, // U+04DE
    { 8, 13, 119, 0, 12, 26, 7239 }, // U+04DF
    { 10, 12, 133, -1, 11, 30, 7265 }, // U+04E0
    { 9, 13, 131, -1, 9, 30, 7295 }, // U+04E1
    { 11, 14, 168, 0, 14, 39, 7325 }, // U+04E2
    { 9, 12, 145, 0, 11, 27, 7364 }, // U+04E3
    { 11, 15, 168, 0, 15, 42, 7391 }, // U+04E4
    { 9, 13, 145, 0, 12, 30, 7433 }, // U+04E5
    { 11, 16, 175, 0, 15, 44, 7463 }, // U+04E6
    { 9, 13, 142, 0, 12, 30, 7507 }, // U+04E7
    { 11, 12, 175, 0, 11, 33, 7537 }, // U+04E8
    { 9, 10, 142, 0, 9, 23, 7570 }, // U+04E9
    { 11, 15, 175, 0, 14, 42, 7593 }, // U+04EA
    { 9, 13, 142, 0, 12, 30, 7635 }, // U+04EB
    { 10, 15, 146, 0, 14, 38, 7665 }, // U+04EC
    { 7, 13, 114, 0, 12, 23, 7703 }, // U+04ED
    { 11, 15, 142, 0, 14, 42, 7726 }, // U+04EE
    { 11, 15, 125, -2, 11, 42, 7768 }, // U+04EF
    { 11, 16, 142, 0, 15, 44, 7810 }, // U+04F0
    { 11, 16, 125, -2, 12, 44, 7854 }, // U+04F1
    { 11, 16, 142, 0, 15, 44, 7898 }, // U+04F2
    { 12, 16, 125, -2, 12, 48, 7942 }, // U+04F3
    { 10, 15, 157, 1, 15, 38, 7990 }, // U+04F4
    { 8, 12, 138, 1, 12, 24, 8028 }, // U+04F5
    { 9, 15, 121, 0, 11, 34, 8052 }, // U+04F6
    { 8, 12, 111, 0, 9, 24, 8086 }, // U+04F7
    { 14, 15, 210, 0, 15, 53, 8110 }, // U+04F8
    { 12, 13, 193, 0, 12, 39, 8163 }, // U+04F9
    { 9, 15, 121, 0, 11, 34, 8202 }, // U+04FA
    { 9, 13, 111, -1, 9, 30, 8236 }, // U+04FB
    { 12, 15, 166, -1, 11, 45, 8266 }, // U+04FC
    { 10, 13, 144, -1, 9, 33, 8311 }, // U+04FD
    { 12, 11, 146, -1, 11, 33, 8344 }, // U+04FE
    { 10, 9, 127, -1, 9, 23, 8377 }, // U+04FF
    { 10, 15, 151, -1, 11, 38, 0 }, // U+1EA0
    { 9, 13, 142, 0, 9, 30, 38 }, // U+1EA1
    { 10, 15, 151, -1, 15, 38, 68 }, // U+1EA2
    { 9, 14, 142, 0, 13, 32, 106 }, // U+1EA3
    { 13, 15, 151, -1, 15, 49, 138 }, // U+1EA4
    { 11, 14, 142, 0, 13, 39, 187 }, // U+1EA5
    { 10, 15, 151, -1, 15, 38, 226 }, // U+1EA6
    { 9, 14, 142, 0, 13, 32, 264 }, // U+1EA7
    { 12, 16, 151, -1, 16, 48, 296 }, // U+1EA8
    { 10, 15, 142, 0, 14, 38, 344 }, // U+1EA9
    { 11, 16, 151, -1, 16, 44, 382 }, // U+1EAA
    { 9, 15, 142, 0, 14, 34, 426 }, // U+1EAB
    { 11, 19, 151, -1, 15, 53, 460 }, // U+1EAC
    { 9, 16, 142, 0, 12, 36, 513 }, // U+1EAD
    { 11, 16, 151, -1, 16, 44, 549 }, // U+1EAE
    { 9, 14, 142, 0, 13, 32, 593 }, // U+1EAF
    { 11, 16, 151, -1, 16, 44, 625 }, // U+1EB0
    { 9, 14, 142, 0, 13, 32, 669 }, // U+1EB1
    { 11, 16, 151, -1, 16, 44, 701 }, // U+1EB2
    { 9, 15, 142, 0, 14, 34, 745 }, // U+1EB3
    { 11, 16, 151, -1, 16, 44, 779 }, // U+1EB4
    { 9, 15, 142, 0, 14, 34, 823 }, // U+1EB5
    { 11, 19, 151, -1, 15, 53, 857 }, // U+1EB6
    { 9, 16, 142, 0, 12, 36, 910 }, // U+1EB7
    { 9, 15, 130, 0, 11, 34, 946 }, // U+1EB8
    { 8, 13, 134, 0, 9, 26, 980 }, // U+1EB9
    { 9, 15, 130, 0, 15, 34, 1006 }, // U+1EBA
    { 8, 14, 134, 0, 13, 28, 1040 }, // U+1EBB
    { 10, 15, 130, 0, 15, 38, 1068 }, // U+1EBC
    { 9, 13, 134, 0, 12, 30, 1106 }, // U+1EBD
    { 12, 15, 130, 0, 15, 45, 1136 }, // U+1EBE
    { 11, 14, 134, 0, 13, 39, 1181 }, // U+1EBF
    { 9, 15, 130, 0, 15, 34, 1220 }, // U+1EC0
    { 8, 14, 134, 0, 13, 28, 1254 }, // U+1EC1
    { 11, 16, 130, 0, 16, 44, 1282 }, // U+1EC2
    { 10, 15, 134, 0, 14, 38, 1326 }, // U+1EC3
    { 9, 16, 130, 0, 16, 36, 1364 }, // U+1EC4
    { 9, 15, 134, 0, 14, 34, 1400 }, // U+1EC5
    { 9, 19, 130, 0, 15, 43, 1434 }, // U+1EC6
    { 9, 16, 134, 0, 12, 36, 1477 }, // U+1EC7
    { 8, 15, 92, -1, 15, 30, 1513 }, // U+1EC8
    { 6, 13, 72, 0, 13, 20, 1543 }, // U+1EC9
    { 8, 15, 92, -1, 11, 30, 1563 }, // U+1ECA
    { 6, 16, 72, -1, 12, 24, 1593 }, // U+1ECB
    { 11, 15, 175, 0, 11, 42, 1617 }, // U+1ECC
    { 9, 13, 142, 0, 9, 30, 1659 }, // U+1ECD
    { 11, 16, 175, 0, 15, 44, 1689 }, // U+1ECE
    { 9, 14, 142, 0, 13, 32, 1733 }, // U+1ECF
    { 13, 16, 175, 0, 15, 52, 1765 }, // U+1ED0
    { 11, 14, 142, 0, 13, 39, 1817 }, // U+1ED1
    { 11, 16, 175, 0, 15, 44, 1856 }, // U+1ED2
    { 9, 14, 142, 0, 13, 32, 1900 }, // U+1ED3
    { 12, 17, 175, 0, 16, 51, 1932 }, // U+1ED4
    { 10, 15, 142, 0, 14, 38, 1983 }, // U+1ED5
    { 11, 17, 175, 0, 16, 47, 2021 }, // U+1ED6
    { 9, 15, 142, 0, 14, 34, 2068 }, // U+1ED7
    { 11, 19, 175, 0, 15, 53, 2102 }, // U+1ED8
    { 9, 16, 142, 0, 12, 36, 2155 }, // U+1ED9
    { 14, 16, 185, 0, 15, 56, 2191 }, // U+1EDA
    { 11, 13, 157, 0, 12, 36, 2247 }, // U+1EDB
    { 14, 16, 185, 0, 15, 56, 2283 }, // U+1EDC
    { 11, 13, 157, 0, 12, 36, 2339 }, // U+1EDD
    { 14, 16, 185, 0, 15, 56, 2375 }, // U+1EDE
    { 11, 14, 157, 0, 13, 39, 2431 }, // U+1EDF
    { 14, 16, 185, 0, 15, 56, 2470 }, // U+1EE0
    { 11, 13, 157, 0, 12, 36, 2526 }, // U+1EE1
    { 14, 16, 185, 0, 12, 56, 2562 }, // U+1EE2
    { 11, 14, 157, 0, 10, 39, 2618 }, // U+1EE3
    { 10, 15, 166, 1, 11, 38, 2657 }, // U+1EE4
    { 9, 13, 145, 0, 9, 30, 2695 }, // U+1EE5
    { 10, 16, 166, 1, 15, 40, 2725 }, // U+1EE6
    { 9, 14, 145, 0, 13, 32, 2765 }, // U+1EE7
    { 13, 16, 186, 1, 15, 52, 2797 }, // U+1EE8
    { 13, 13, 171, 0, 12, 43, 2849 }, // U+1EE9
    { 13, 16, 186, 1, 15, 52, 2892 }, // U+1EEA
    { 13, 13, 171, 0, 12, 43, 2944 }, // U+1EEB
    { 13, 16, 186, 1, 15, 52, 2987 }, // U+1EEC
    { 13, 14, 171, 0, 13, 46, 3039 }, // U+1EED
    { 13, 16, 186, 1, 15, 52, 3085 }, // U+1EEE
    { 13, 13, 171, 0, 12, 43, 3137 }, // U+1EEF
    { 13, 16, 186, 1, 12, 52, 3180 }, // U+1EF0
    { 13, 14, 171, 0, 10, 46, 3232 }, // U+1EF1
    { 9, 15, 135, 1, 15, 34, 3278 }, // U+1EF2
    { 11, 16, 125, -2, 12, 44, 3312 }, // U+1EF3
    { 9, 15, 135, 1, 11, 34, 3356 }, // U+1EF4
    { 11, 13, 125, -2, 9, 36, 3390 }, // U+1EF5
    { 9, 15, 135, 1, 15, 34, 3426 }, // U+1EF6
    { 11, 17, 125, -2, 13, 47, 3460 }, // U+1EF7
    { 9, 15, 135, 1, 15, 34, 3507 }, // U+1EF8
    { 11, 16, 125, -2, 12, 44, 3541 }, // U+1EF9
    { 0, 0, 120, 0, 0, 0, 0 }, // U+2000
    { 0, 0, 240, 0, 0, 0, 0 }, // U+2001
    { 0, 0, 120, 0, 0, 0, 0 }, // U+2002
    { 0, 0, 240, 0, 0, 0, 0 }, // U+2003
    { 0, 0, 80, 0, 0, 0, 0 }, // U+2004
    { 0, 0, 60, 0, 0, 0, 0 }, // U+2005
    { 0, 0, 40, 0, 0, 0, 0 }, // U+2006
    { 0, 0, 132, 0, 0, 0, 0 }, // U+2007
    { 0, 0, 69, 0, 0, 0, 0 }, // U+2008
    { 0, 0, 40, 0, 0, 0, 0 }, // U+2009
    { 0, 0, 24, 0, 0, 0, 0 }, // U+200A
    { 0, 0, 0, 0, 0, 0, 0 }, // U+200B
    { 0, 0, 0, 0, 0, 0, 0 }, // U+200C
    { 0, 0, 0, 0, 0, 0, 0 }, // U+200D
    { 5, 13, 0, -1, 11, 17, 0 }, // U+200E
    { 5, 13, 0, -4, 11, 17, 17 }, // U+200F
    { 5, 2, 78, 0, 5, 3, 34 }, // U+2010
    { 5, 2, 78, 0, 5, 3, 37 }, // U+2011
    { 8, 3, 132, 0, 7, 6, 40 }, // U+2012
    { 7, 2, 115, 0, 5, 4, 46 }, // U+2013
    { 15, 2, 230, 0, 5, 8, 50 }, // U+2014
    { 15, 2, 230, 0, 5, 8, 58 }, // U+2015
    { 6, 16, 132, 1, 12, 24, 66 }, // U+2016
    { 8, 4, 96, -2, 0, 8, 90 }, // U+2017
    { 5, 4, 52, 0, 11, 5, 98 }, // U+2018
    { 5, 4, 52, 0, 11, 5, 103 }, // U+2019
    { 4, 4, 67, -1, 2, 4, 108 }, // U+201A
    { 3, 4, 52, 1, 11, 3, 112 }, // U+201B
    { 8, 4, 104, 0, 11, 8, 115 }, // U+201C
    { 8, 4, 104, 0, 11, 8, 123 }, // U+201D
    { 8, 4, 119, -1, 2, 8, 131 }, // U+201E
    { 6, 4, 104, 1, 11, 6, 139 }, // U+201F
    { 7, 12, 123, 1, 12, 21, 145 }, // U+2020
    { 8, 12, 123, 0, 12, 24, 166 }, // U+2021
    { 5, 5, 90, 1, 8, 7, 190 }, // U+2022
    { 6, 7, 84, 0, 9, 11, 197 }, // U+2023
    { 4, 4, 120, 1, 3, 4, 208 }, // U+2024
    { 8, 4, 138, 0, 3, 8, 212 }, // U+2025
    { 11, 4, 200, 0, 3, 11, 220 }, // U+2026
    { 3, 4, 77, 1, 6, 3, 231 }, // U+2027
    { 0, 0, 144, 0, 0, 0, 234 }, // U+2028
    { 0, 0, 144, 0, 0, 0, 234 }, // U+2029
    { 5, 12, 0, -1, 10, 15, 234 }, // U+202A
    { 5, 12, 0, -4, 10, 15, 249 }, // U+202B
    { 4, 13, 0, -2, 11, 13, 264 }, // U+202C
    { 4, 13, 0, -2, 11, 13, 277 }, // U+202D
    { 4, 13, 0, -2, 11, 13, 290 }, // U+202E
    { 0, 0, 40, 0, 0, 0, 303 }, // U+202F
    { 18, 12, 292, 0, 11, 54, 303 }, // U+2030
    { 24, 12, 379, 0, 11, 72, 357 }, // U+2031
    { 6, 5, 68, 0, 11, 8, 429 }, // U+2032
    { 9, 5, 123, 0, 11, 12, 437 }, // U+2033
    { 13, 5, 178, 0, 11, 17, 449 }, // U+2034
    { 4, 5, 68, 1, 11, 5, 466 }, // U+2035
    { 8, 5, 123, 1, 11, 10, 471 }, // U+2036
    { 11, 5, 178, 1, 11, 14, 481 }, // U+2037
    { 6, 6, 84, -2, 2, 9, 495 }, // U+2038
    { 5, 8, 78, 0, 8, 10, 504 }, // U+2039
    { 5, 8, 78, 0, 8, 10, 514 }, // U+203A
    { 13, 12, 203, 0, 11, 39, 524 }, // U+203B
    { 9, 12, 135, 0, 11, 27, 563 }, // U+203C
    { 7, 12, 110, 1, 11, 21, 590 }, // U+203D
    { 8, 2, 120, 1, 13, 4, 611 }, // U+203E
    { 8, 4, 129, -1, 0, 8, 615 }, // U+203F
    { 8, 4, 129, 1, 12, 8, 623 }, // U+2040
    { 9, 11, 92, -2, 7, 25, 631 }, // U+2041
    { 18, 14, 277, -1, 12, 63, 656 }, // U+2042
    { 5, 2, 78, 0, 5, 3, 719 }, // U+2043
    { 10, 11, 30, -4, 11, 28, 722 }, // U+2044
    { 7, 14, 79, -1, 11, 25, 750 }, // U+2045
    { 7, 14, 79, -1, 11, 25, 775 }, // U+2046
    { 13, 12, 217, 1, 11, 39, 800 }, // U+2047
    { 11, 12, 181, 1, 11, 33, 839 }, // U+2048
    { 12, 12, 179, 0, 11, 36, 872 }, // U+2049
    { 9, 9, 128, 0, 9, 21, 908 }, // U+204A
    { 9, 14, 149, 1, 12, 32, 929 }, // U+204B
    { 9, 9, 154, 0, 9, 21, 961 }, // U+204C
    { 8, 9, 154, 1, 9, 18, 982 }, // U+204D
    { 8, 8, 130, -1, 5, 16, 1000 }, // U+204E
    { 5, 11, 68, 0, 9, 14, 1016 }, // U+204F
    { 10, 16, 129, -1, 12, 40, 1030 }, // U+2050
    { 10, 16, 130, -1, 12, 40, 1070 }, // U+2051
    { 7, 12, 101, 0, 11, 21, 1110 }, // U+2052
    { 15, 4, 240, 0, 6, 15, 1131 }, // U+2053
    { 9, 4, 129, -2, 0, 9, 1146 }, // U+2054
    { 9, 9, 138, 0, 8, 21, 1155 }, // U+2055
    { 8, 12, 134, 0, 11, 24, 1176 }, // U+2056
    { 15, 5, 212, 0, 11, 19, 1200 }, // U+2057
    { 12, 12, 204, 0, 11, 36, 1219 }, // U+2058
    { 12, 12, 204, 0, 11, 36, 1255 }, // U+2059
    { 4, 12, 66, 0, 11, 12, 1291 }, // U+205A
    { 10, 13, 171, 0, 12, 33, 1303 }, // U+205B
    { 12, 13, 199, 0, 12, 39, 1336 }, // U+205C
    { 4, 13, 67, 0, 12, 13, 1375 }, // U+205D
    { 3, 13, 68, 1, 12, 10, 1388 }, // U+205E
    { 0, 0, 53, 0, 0, 0, 1398 }, // U+205F
    { 0, 0, 144, 0, 0, 0, 1398 }, // U+2060
    { 0, 0, 144, 0, 0, 0, 1398 }, // U+2061
    { 0, 0, 144, 0, 0, 0, 1398 }, // U+2062
    { 0, 0, 144, 0, 0, 0, 1398 }, // U+2063
    { 0, 0, 144, 0, 0, 0, 1398 }, // U+2064
    { 0, 0, 144, 0, 0, 0, 1398 }, // U+2066
    { 0, 0, 144, 0, 0, 0, 1398 }, // U+2067
    { 0, 0, 144, 0, 0, 0, 1398 }, // U+2068
    { 0, 0, 144, 0, 0, 0, 1398 }, // U+2069
    { 4, 13, 0, -2, 11, 13, 1398 }, // U+206A
    { 4, 13, 0, -2, 11, 13, 1411 }, // U+206B
    { 4, 13, 0, -2, 11, 13, 1424 }, // U+206C
    { 4, 13, 0, -2, 11, 13, 1437 }, // U+206D
    { 4, 13, 0, -2, 11, 13, 1450 }, // U+206E
    { 4, 13, 0, -2, 11, 13, 1463 }, // U+206F
    { 6, 7, 91, 1, 13, 11, 0 }, // U+2070
    { 4, 8, 59, 1, 12, 8, 11 }, // U+2071
    { 7, 7, 91, 0, 13, 13, 19 }, // U+2074
    { 6, 7, 91, 1, 13, 11, 32 }, // U+2075
    { 6, 7, 91, 1, 13, 11, 43 }, // U+2076
    { 6, 7, 91, 1, 13, 11, 54 }, // U+2077
    { 6, 7, 91, 1, 13, 11, 65 }, // U+2078
    { 6, 7, 91, 1, 13, 11, 76 }, // U+2079
    { 6, 6, 90, 1, 12, 9, 87 }, // U+207A
    { 6, 2, 90, 1, 10, 3, 96 }, // U+207B
    { 6, 4, 97, 1, 11, 6, 99 }, // U+207C
    { 5, 9, 54, 1, 14, 12, 105 }, // U+207D
    { 4, 9, 54, 0, 14, 9, 117 }, // U+207E
    { 7, 6, 94, 0, 10, 11, 126 }, // U+207F
    { 6, 7, 91, -1, 5, 11, 137 }, // U+2080
    { 6, 7, 91, -1, 5, 11, 148 }, // U+2081
    { 6, 7, 91, -1, 5, 11, 159 }, // U+2082
    { 6, 7, 91, -1, 5, 11, 170 }, // U+2083
    { 6, 7, 91, -1, 5, 11, 181 }, // U+2084
    { 6, 7, 91, -1, 5, 11, 192 }, // U+2085
    { 6, 7, 91, -1, 5, 11, 203 }, // U+2086
    { 7, 7, 91, -1, 5, 13, 214 }, // U+2087
    { 6, 7, 91, -1, 5, 11, 227 }, // U+2088
    { 6, 7, 91, -1, 5, 11, 238 }, // U+2089
    { 5, 6, 90, 0, 4, 8, 249 }, // U+208A
    { 5, 2, 90, 0, 2, 3, 257 }, // U+208B
    { 5, 4, 97, 0, 3, 5, 260 }, // U+208C
    { 4, 9, 54, 0, 6, 9, 265 }, // U+208D
    { 4, 9, 54, -2, 6, 9, 274 }, // U+208E
    { 6, 6, 92, -1, 4, 9, 283 }, // U+2090
    { 6, 6, 85, -1, 4, 9, 292 }, // U+2091
    { 6, 6, 92, -1, 4, 9, 301 }, // U+2092
    { 7, 6, 83, -2, 4, 11, 310 }, // U+2093
    { 6, 6, 85, -1, 4, 9, 321 }, // U+2094
    { 7, 8, 107, -1, 6, 14, 330 }, // U+2095
    { 7, 8, 94, -1, 6, 14, 344 }, // U+2096
    { 4, 8, 61, -1, 6, 8, 358 }, // U+2097
    { 10, 6, 154, -1, 4, 15, 366 }, // U+2098
    { 6, 6, 94, -1, 4, 9, 381 }, // U+2099
    { 7, 8, 93, -2, 4, 14, 390 }, // U+209A
    { 5, 6, 81, -1, 4, 8, 404 }, // U+209B
    { 5, 7, 64, -1, 5, 9, 412 }, // U+209C
    { 9, 11, 137, 0, 11, 25, 0 }, // U+20A0
    { 10, 13, 132, 0, 12, 33, 25 }, // U+20A1
    { 10, 12, 137, 0, 11, 30, 58 }, // U+20A2
    { 9, 11, 132, 0, 11, 25, 88 }, // U+20A3
    { 11, 11, 132, -1, 11, 31, 113 }, // U+20A4
    { 13, 12, 217, 0, 10, 39, 144 }, // U+20A5
    { 10, 11, 139, 0, 11, 28, 183 }, // U+20A6
    { 13, 12, 205, 0, 11, 39, 211 }, // U+20A7
    { 14, 12, 215, 0, 11, 42, 250 }, // U+20A8
    { 12, 11, 174, 0, 11, 33, 292 }, // U+20A9
    { 13, 11, 208, 0, 11, 36, 325 }, // U+20AA
    { 11, 15, 143, 0, 12, 42, 361 }, // U+20AB
    { 10, 12, 132, 0, 11, 30, 403 }, // U+20AC
    { 11, 11, 137, 0, 11, 31, 433 }, // U+20AD
    { 10, 11, 127, 0, 11, 28, 464 }, // U+20AE
    { 15, 15, 242, 0, 11, 57, 492 }, // U+20AF
    { 10, 15, 142, -1, 11, 38, 549 }, // U+20B0
    { 10, 11, 137, 0, 11, 28, 587 }, // U+20B1
    { 11, 14, 166, 0, 12, 39, 615 }, // U+20B2
    { 11, 11, 144, -1, 11, 31, 654 }, // U+20B3
    { 9, 12, 137, 0, 11, 27, 685 }, // U+20B4
    { 10, 14, 147, 0, 12, 35, 712 }, // U+20B5
    { 11, 11, 162, 0, 10, 31, 747 }, // U+20B6
    { 12, 13, 165, -1, 11, 39, 778 }, // U+20B7
    { 9, 11, 127, 0, 11, 25, 817 }, // U+20B8
    { 8, 11, 132, 1, 11, 22, 842 }, // U+20B9
    { 9, 12, 132, 0, 11, 27, 864 }, // U+20BA
    { 10, 12, 154, 1, 11, 30, 891 }, // U+20BB
    { 13, 11, 196, -1, 11, 36, 921 }, // U+20BC
    { 10, 11, 140, -1, 11, 28, 957 }, // U+20BD
    { 11, 13, 147, -1, 13, 36, 985 }, // U+20BE
    { 9, 15, 132, 0, 13, 34, 1021 }, // U+20BF
    { 5, 2, 78, 0, 5, 3, 0 }, // U+2212
    { 15, 16, 171, -2, 12, 60, 0 }, // U+FB00
    { 13, 16, 161, -2, 12, 52, 60 }, // U+FB01
    { 13, 16, 161, -2, 12, 52, 112 }, // U+FB02
    { 18, 16, 240, -2, 12, 72, 164 }, // U+FB03
    { 18, 16, 240, -2, 12, 72, 236 }, // U+FB04
    { 14, 16, 182, -2, 12, 56, 308 }, // U+FB05
    { 14, 13, 212, 0, 12, 46, 364 }, // U+FB06
    { 15, 15, 240, 0, 12, 57, 0 }, // U+FFFD
};

static const EpdUnicodeInterval notosans_c15_bolditalicIntervals[] = {
    { 0x0, 0x0, 0x0 },
    { 0xD, 0xD, 0x1 },
    { 0x20, 0x7E, 0x2 },
    { 0xA0, 0x17F, 0x61 },
    { 0x1A0, 0x1A1, 0x141 },
    { 0x1AF, 0x1B0, 0x143 },
    { 0x1C4, 0x21F, 0x145 },
    { 0x300, 0x36F, 0x1A1 },
    { 0x400, 0x4FF, 0x211 },
    { 0x1EA0, 0x1EF9, 0x311 },
    { 0x2000, 0x2064, 0x36B },
    { 0x2066, 0x2071, 0x3D0 },
    { 0x2074, 0x208E, 0x3DC },
    { 0x2090, 0x209C, 0x3F7 },
    { 0x20A0, 0x20BF, 0x404 },
    { 0x2212, 0x2212, 0x424 },
    { 0xFB00, 0xFB06, 0x425 },
    { 0xFFFD, 0xFFFD, 0x42C },
};

static const EpdFontGroup notosans_c15_bolditalicGroups[] = {
    { 0, 1689, 2733, 97, 0 },
    { 1689, 1483, 3175, 96, 97 },
    { 3172, 1915, 5015, 128, 193 },
    { 5087, 1860, 4337, 96, 321 },
    { 6947, 624, 771, 112, 417 },
    { 7571, 4705, 9575, 256, 529 },
    { 12276, 1138, 4235, 90, 785 },
    { 13414, 1074, 1701, 111, 875 },
    { 14488, 435, 523, 42, 986 },
    { 14923, 902, 1226, 32, 1028 },
    { 15825, 6, 4, 1, 1060 },
    { 15831, 243, 468, 7, 1061 },
    { 16074, 55, 60, 1, 1068 },
};

static const uint16_t notosans_c15_bolditalicKernLeftCodepoints[] = {
    0x0020, 0x0022, 0x0026, 0x0027, 0x0028, 0x002C, 0x002D, 0x002E, 0x0041, 0x0042, 0x0043, 0x0044,
    0x0045, 0x0046, 0x004B, 0x004C, 0x004F, 0x0050, 0x0051, 0x0052, 0x0054, 0x0055, 0x0056, 0x0057,
    0x0058, 0x0059, 0x005A, 0x005B, 0x005F, 0x0061, 0x0062, 0x0063, 0x0065, 0x0066, 0x006B, 0x006F,
    0x0070, 0x0072, 0x0074, 0x0076, 0x0077, 0x0078, 0x0079, 0x007B, 0x00A1, 0x00AB, 0x00BB, 0x00BF,
    0x00C0, 0x00C1, 0x00C2, 0x00C3, 0x00C4, 0x00C5, 0x00C6, 0x00C7, 0x00C8, 0x00C9, 0x00CA, 0x00CB,
    0x00D0, 0x00D2, 0x00D3, 0x00D4, 0x00D5, 0x00D6, 0x00D8, 0x00D9, 0x00DA, 0x00DB, 0x00DC, 0x00DD,
    0x00DE, 0x00E0, 0x00E1, 0x00E2, 0x00E3, 0x00E4, 0x00E5, 0x00E6, 0x00E8, 0x00E9, 0x00EA, 0x00EB,
    0x00EF, 0x00F0, 0x00F2, 0x00F3, 0x00F4, 0x00F5, 0x00F6, 0x00F8, 0x00FD, 0x00FE, 0x00FF, 0x0100,
    0x0101, 0x0102, 0x0103, 0x0104, 0x0105, 0x0106, 0x0108, 0x010A, 0x010C, 0x010E, 0x010F, 0x0110,
    0x0112, 0x0113, 0x0114, 0x0115, 0x0116, 0x0117, 0x0118, 0x0119, 0x011A, 0x011B, 0x0129, 0x012B,
    0x012E, 0x0136, 0x0137, 0x0138, 0x0139, 0x013B, 0x013D, 0x013E, 0x013F, 0x0141, 0x014C, 0x014D,
    0x014E, 0x014F, 0x0150, 0x0151, 0x0152, 0x0153, 0x0155, 0x0157, 0x0159, 0x0162, 0x0163, 0x0164,
    0x0165, 0x0166, 0x0167, 0x0168, 0x016A, 0x016C, 0x016E, 0x0170, 0x0172, 0x0174, 0x0175, 0x0176,
    0x0177, 0x0178, 0x0179, 0x017B, 0x017D, 0x01A0, 0x01A1, 0x01AF, 0x01B0, 0x01D0, 0x01FA, 0x01FB,
    0x01FC, 0x01FD, 0x01FE, 0x01FF, 0x020B, 0x021A, 0x021B, 0x0402, 0x0403, 0x0404, 0x0405, 0x0408,
    0x0409, 0x040A, 0x040B, 0x040C, 0x040E, 0x0410, 0x0411, 0x0412, 0x0413, 0x0414, 0x0416, 0x0417,
    0x041A, 0x041E, 0x0420, 0x0421, 0x0422, 0x0423, 0x0424, 0x0425, 0x0426, 0x0429, 0x042A, 0x042C,
    0x042D, 0x042E, 0x0430, 0x0431, 0x0432, 0x0433, 0x0434, 0x0435, 0x0436, 0x0437, 0x0438, 0x0439,
    0x043A, 0x043B, 0x043C, 0x043D, 0x043E, 0x043F, 0x0440, 0x0441, 0x0442, 0x0443, 0x0444, 0x0445,
    0x0446, 0x0447, 0x0448, 0x0449, 0x044A, 0x044B, 0x044C, 0x044D, 0x044E, 0x044F, 0x0450, 0x0451,
    0x0452, 0x0453, 0x0454, 0x0455, 0x0457, 0x0458, 0x0459, 0x045A, 0x045B, 0x045C, 0x045D, 0x045E,
    0x045F, 0x0460, 0x0461, 0x0462, 0x0463, 0x0464, 0x0466, 0x0467, 0x0468, 0x0469, 0x046E, 0x046F,
    0x0472, 0x0473, 0x0474, 0x0475, 0x0476, 0x0477, 0x0478, 0x0479, 0x047A, 0x047B, 0x047C, 0x047D,
    0x047E, 0x047F, 0x0480, 0x048A, 0x048B, 0x048C, 0x048D, 0x048E, 0x048F, 0x0490, 0x0491, 0x0492,
    0x0493, 0x0495, 0x0496, 0x0497, 0x0498, 0x0499, 0x049A, 0x049B, 0x049C, 0x049D, 0x049E, 0x049F,
    0x04A0, 0x04A1, 0x04A2, 0x04A3, 0x04A4, 0x04A5, 0x04A7, 0x04A9, 0x04AA, 0x04AC, 0x04AD, 0x04AE,
    0x04AF, 0x04B0, 0x04B1, 0x04B2, 0x04B3, 0x04B4, 0x04B5, 0x04B6, 0x04B7, 0x04BB, 0x04BC, 0x04BD,
    0x04BE, 0x04BF, 0x04C1, 0x04C2, 0x04C4, 0x04C5, 0x04C6, 0x04C9, 0x04CA, 0x04CD, 0x04CE, 0x04D0,
    0x04D1, 0x04D2, 0x04D3, 0x04D5, 0x04D7, 0x04D8, 0x04D9, 0x04DA, 0x04DB, 0x04DC, 0x04DD, 0x04DE,
    0x04DF, 0x04E6, 0x04E7, 0x04E8, 0x04E9, 0x04EA, 0x04EB, 0x04EC, 0x04ED, 0x04EE, 0x04EF, 0x04F0,
    0x04F1, 0x04F2, 0x04F3, 0x04F5, 0x04F6, 0x04F7, 0x04F9, 0x04FA, 0x04FB, 0x04FC, 0x04FD, 0x04FE,
    0x04FF, 0x1EA0, 0x1EA1, 0x1EA2, 0x1EA3, 0x1EA4, 0x1EA5, 0x1EA6, 0x1EA7, 0x1EA8, 0x1EA9, 0x1EAA,
    0x1EAB, 0x1EAC, 0x1EAD, 0x1EAE, 0x1EAF, 0x1EB0, 0x1EB1, 0x1EB2, 0x1EB3, 0x1EB4, 0x1EB5, 0x1EB6,
    0x1EB7, 0x1EB8, 0x1EB9, 0x1EBA, 0x1EBB, 0x1EBC, 0x1EBD, 0x1EBE, 0x1EBF, 0x1EC0, 0x1EC1, 0x1EC2,
    0x1EC3, 0x1EC4, 0x1EC5, 0x1EC6, 0x1EC7, 0x1ECC, 0x1ECD, 0x1ECE, 0x1ECF, 0x1ED0, 0x1ED1, 0x1ED2,
    0x1ED3, 0x1ED4, 0x1ED5, 0x1ED6, 0x1ED7, 0x1ED8, 0x1ED9, 0x1EDA, 0x1EDB, 0x1EDC, 0x1EDD, 0x1EDE,
    0x1EDF, 0x1EE0, 0x1EE1, 0x1EE2, 0x1EE3, 0x1EE4, 0x1EE6, 0x1EE8, 0x1EE9, 0x1EEA, 0x1EEB, 0x1EEC,
    0x1EED, 0x1EEE, 0x1EEF, 0x1EF0, 0x1EF1, 0x1EF2, 0x1EF3, 0x1EF4, 0x1EF5, 0x1EF6, 0x1EF7, 0x1EF8,
    0x1EF9, 0x2013, 0x2014, 0x2015, 0x2018, 0x2019, 0x201A, 0x201C, 0x201D, 0x201E, 0x2039, 0x203A,
    0x207D, 0x208D, 0xFB00,
};

static const uint8_t notosans_c15_bolditalicKernLeftClassIds[] = {
      1,   2,   3,   2,   4,   5,   6,   5,   7,   8,   9,  10,  11,  12,  13,  14,
     10,  15,  10,  16,  17,  18,  19,  19,  13,  20,  21,   4,  22,  23,  24,  25,
     24,  26,  27,  24,  24,  28,  29,  30,  30,  27,  30,   4,  31,  32,  33,  34,
      7,   7,   7,   7,   7,   7,  11,   9,  11,  11,  11,  11,  10,  10,  10,  10,
     10,  10,  10,  18,  18,  18,  18,  20,  15,  23,  23,  23,  23,  23,  23,  24,
     24,  24,  24,  24,  35,  24,  24,  24,  24,  24,  24,  24,  30,  24,  30,   7,
     23,   7,  23,   7,  23,   9,   9,   9,   9,  10,  36,  10,  11,  24,  11,  24,
     11,  24,  11,  24,  11,  24,  37,  35,  38,  13,  27,  27,  14,  14,  14,  36,
     14,  14,  10,  24,  10,  24,  10,  24,  11,  24,  28,  28,  28,  17,  29,  17,
     39,  17,  29,  18,  18,  18,  18,  18,  18,  19,  30,  20,  30,  20,  21,  21,
     21,  40,  41,  42,  43,  35,   7,  23,  11,  24,  10,  24,  35,  17,  29,  44,
     45,  46,  47,  48,  44,  44,  49,  50,  51,  52,  53,  54,  45,  55,  50,  54,
     50,  56,  57,  46,  45,  51,  58,  50,  55,  55,  44,  44,  56,  56,  59,  60,
     61,  62,  63,  62,  64,  61,  59,  59,  65,  59,  59,  59,  66,  67,  66,  64,
     67,  68,  66,  65,  69,  59,  59,  69,  70,  59,  70,  66,  66,  59,  62,  62,
     71,  62,  64,  72,  73,  74,  70,  70,  67,  65,  59,  75,  59,  51,  76,  77,
     70,  46,  52,  78,  52,  78,  54,  61,  56,  66,  51,  76,  51,  76,  68,  68,
     56,  66,  56,  66,  51,  76,  46,  55,  63,  77,  70,  57,  66,  79,  80,  81,
     82,  83,  84,  85,  54,  61,  84,  85,  50,  64,  50,  64,  50,  64,  55,  63,
     81,  80,  83,  66,  46,  79,  63,  86,  87,  86,  87,  84,  85,  55,  63,  55,
     63,  83,  88,  62,  88,  62,  50,  64,  64,  55,  63,  55,  63,  55,  63,  52,
     23,  52,  23,  62,  62,  56,  66,  56,  66,  50,  64,  54,  61,  56,  66,  56,
     66,  56,  66,  56,  66,  51,  68,  51,  68,  51,  68,  59,  79,  80,  59,  81,
     82,  84,  85,  50,  85,   7,  23,   7,  23,   7,  23,   7,  23,   7,  23,   7,
     23,   7,  23,   7,  23,   7,  23,   7,  23,   7,  23,   7,  23,  11,  24,  11,
     24,  11,  24,  11,  24,  11,  24,  11,  24,  11,  24,  11,  24,  10,  24,  10,
     24,  10,  24,  10,  24,  10,  24,  10,  24,  10,  24,  40,  41,  40,  41,  40,
     41,  40,  41,  40,  41,  18,  18,  42,  43,  42,  43,  42,  43,  42,  43,  42,
     43,  20,  30,  20,  30,  20,  30,  20,  30,   6,   6,   6,   2,   2,   5,   2,
      2,   5,  32,  33,  89,  90,  26,
};

static const uint16_t notosans_c15_bolditalicKernRightCodepoints[] = {
    0x0021, 0x0022, 0x0026, 0x0027, 0x0029, 0x002C, 0x002D, 0x002E, 0x003A, 0x003B, 0x003F, 0x0041,
    0x0043, 0x0047, 0x0049, 0x004A, 0x004F, 0x0051, 0x0053, 0x0054, 0x0055, 0x0056, 0x0057, 0x0058,
    0x0059, 0x005A, 0x005D, 0x0061, 0x0063, 0x0064, 0x0065, 0x0066, 0x0067, 0x006A, 0x006D, 0x006E,
    0x006F, 0x0070, 0x0071, 0x0072, 0x0073, 0x0074, 0x0075, 0x0076, 0x0077, 0x0079, 0x007A, 0x007D,
    0x00AB, 0x00BB, 0x00C0, 0x00C1, 0x00C2, 0x00C3, 0x00C4, 0x00C5, 0x00C6, 0x00C7, 0x00D2, 0x00D3,
    0x00D4, 0x00D5, 0x00D6, 0x00D8, 0x00D9, 0x00DA, 0x00DB, 0x00DC, 0x00DD, 0x00DF, 0x00E0, 0x00E1,
    0x00E2, 0x00E3, 0x00E4, 0x00E5, 0x00E6, 0x00E7, 0x00E8, 0x00E9, 0x00EA, 0x00EB, 0x00F1, 0x00F2,
    0x00F3, 0x00F4, 0x00F5, 0x00F6, 0x00F8, 0x00F9, 0x00FA, 0x00FB, 0x00FC, 0x00FD, 0x00FF, 0x0100,
    0x0101, 0x0102, 0x0103, 0x0104, 0x0105, 0x0106, 0x0107, 0x0108, 0x0109, 0x010A, 0x010B, 0x010C,
    0x010D, 0x010F, 0x0111, 0x0113, 0x0115, 0x0117, 0x0119, 0x011B, 0x011C, 0x011D, 0x011E, 0x011F,
    0x0120, 0x0121, 0x0122, 0x0123, 0x0127, 0x0129, 0x0135, 0x0138, 0x0144, 0x0146, 0x0148, 0x014B,
    0x014C, 0x014D, 0x014E, 0x014F, 0x0150, 0x0151, 0x0152, 0x0153, 0x0155, 0x0157, 0x015B, 0x015D,
    0x015F, 0x0161, 0x0162, 0x0163, 0x0164, 0x0165, 0x0166, 0x0167, 0x0168, 0x0169, 0x016A, 0x016B,
    0x016C, 0x016D, 0x016E, 0x016F, 0x0170, 0x0171, 0x0172, 0x0173, 0x0174, 0x0175, 0x0176, 0x0177,
    0x0178, 0x0179, 0x017A, 0x017B, 0x017C, 0x017D, 0x017E, 0x01A0, 0x01A1, 0x01AF, 0x01B0, 0x01FA,
    0x01FB, 0x01FC, 0x01FD, 0x01FE, 0x01FF, 0x0219, 0x021A, 0x021B, 0x0402, 0x0404, 0x0405, 0x0408,
    0x0409, 0x040B, 0x040E, 0x0410, 0x0414, 0x0416, 0x0417, 0x041B, 0x041E, 0x0421, 0x0422, 0x0423,
    0x0424, 0x0425, 0x0427, 0x042A, 0x042D, 0x042F, 0x0430, 0x0431, 0x0432, 0x0433, 0x0434, 0x0435,
    0x0436, 0x0437, 0x0438, 0x0439, 0x043A, 0x043B, 0x043C, 0x043D, 0x043E, 0x043F, 0x0440, 0x0441,
    0x0442, 0x0443, 0x0444, 0x0445, 0x0446, 0x0447, 0x0448, 0x0449, 0x044A, 0x044B, 0x044C, 0x044D,
    0x044E, 0x044F, 0x0450, 0x0451, 0x0452, 0x0453, 0x0454, 0x0455, 0x0457, 0x0458, 0x0459, 0x045A,
    0x045B, 0x045C, 0x045D, 0x045E, 0x045F, 0x0460, 0x0461, 0x0462, 0x0465, 0x0466, 0x0467, 0x0469,
    0x046D, 0x046E, 0x046F, 0x0470, 0x0471, 0x0472, 0x0473, 0x0474, 0x0475, 0x0476, 0x0477, 0x0478,
    0x0479, 0x047A, 0x047B, 0x047C, 0x047D, 0x047E, 0x047F, 0x0480, 0x0481, 0x048B, 0x048C, 0x048D,
    0x048F, 0x0491, 0x0492, 0x0495, 0x0496, 0x0497, 0x0498, 0x0499, 0x049B, 0x049D, 0x049E, 0x049F,
    0x04A0, 0x04A1, 0x04A3, 0x04A5, 0x04A7, 0x04A8, 0x04A9, 0x04AA, 0x04AB, 0x04AC, 0x04AD, 0x04AE,
    0x04AF, 0x04B0, 0x04B1, 0x04B2, 0x04B3, 0x04B4, 0x04B5, 0x04B6, 0x04B7, 0x04B8, 0x04B9, 0x04BB,
    0x04BC, 0x04BD, 0x04BE, 0x04BF, 0x04C1, 0x04C2, 0x04C4, 0x04C5, 0x04C6, 0x04C8, 0x04CA, 0x04CB,
    0x04CC, 0x04CE, 0x04D0, 0x04D1, 0x04D2, 0x04D3, 0x04D4, 0x04D5, 0x04D7, 0x04D8, 0x04D9, 0x04DA,
    0x04DB, 0x04DC, 0x04DD, 0x04DE, 0x04DF, 0x04E3, 0x04E5, 0x04E6, 0x04E7, 0x04E8, 0x04E9, 0x04EA,
    0x04EB, 0x04EC, 0x04ED, 0x04EE, 0x04EF, 0x04F0, 0x04F1, 0x04F2, 0x04F3, 0x04F4, 0x04F5, 0x04F7,
    0x04F9, 0x04FA, 0x04FC, 0x04FD, 0x04FE, 0x04FF, 0x1EA0, 0x1EA1, 0x1EA2, 0x1EA3, 0x1EA4, 0x1EA5,
    0x1EA6, 0x1EA7, 0x1EA8, 0x1EA9, 0x1EAA, 0x1EAB, 0x1EAC, 0x1EAD, 0x1EAE, 0x1EAF, 0x1EB0, 0x1EB1,
    0x1EB2, 0x1EB3, 0x1EB4, 0x1EB5, 0x1EB6, 0x1EB7, 0x1EB9, 0x1EBB, 0x1EBD, 0x1EBF, 0x1EC1, 0x1EC3,
    0x1EC5, 0x1EC7, 0x1ECC, 0x1ECD, 0x1ECE, 0x1ECF, 0x1ED0, 0x1ED1, 0x1ED2, 0x1ED3, 0x1ED4, 0x1ED5,
    0x1ED6, 0x1ED7, 0x1ED8, 0x1ED9, 0x1EDA, 0x1EDB, 0x1EDC, 0x1EDD, 0x1EDE, 0x1EDF, 0x1EE0, 0x1EE1,
    0x1EE2, 0x1EE3, 0x1EE4, 0x1EE5, 0x1EE6, 0x1EE7, 0x1EE8, 0x1EE9, 0x1EEA, 0x1EEB, 0x1EEC, 0x1EED,
    0x1EEE, 0x1EEF, 0x1EF0, 0x1EF1, 0x1EF2, 0x1EF3, 0x1EF4, 0x1EF5, 0x1EF6, 0x1EF7, 0x1EF8, 0x1EF9,
    0x2013, 0x2014, 0x2015, 0x2018, 0x2019, 0x201A, 0x201C, 0x201D, 0x201E, 0x2026, 0x2039, 0x203A,
    0x207E, 0x208E, 0xFB00,
};

static const uint8_t notosans_c15_bolditalicKernRightClassIds[] = {
      1,   2,   3,   2,   4,   5,   6,   5,   7,   7,   8,   9,  10,  10,  11,  12,
     10,  10,  13,  14,  15,  16,  16,  17,  18,  19,   4,  20,  21,  21,  21,  22,
     23,  24,  25,  25,  21,  25,  21,  25,  26,  27,  25,  28,  28,  28,  29,   4,
     30,  31,   9,   9,   9,   9,   9,   9,  32,  10,  10,  10,  10,  10,  10,  10,
     15,  15,  15,  15,  18,  24,  21,  20,  20,  20,  20,  20,  20,  21,  21,  21,
     21,  21,  25,  21,  21,  21,  21,  21,  21,  25,  25,  25,  25,  28,  28,   9,
     20,   9,  20,   9,  20,  10,  21,  10,  21,  10,  21,  10,  21,  21,  21,  21,
     21,  21,  21,  21,  10,  23,  10,  23,  10,  23,  10,  23,  33,  34,  24,  25,
     25,  25,  25,  25,  10,  21,  10,  21,  10,  21,  10,  21,  25,  25,  26,  26,
     26,  26,  14,  27,  14,  27,  14,  27,  15,  25,  15,  25,  15,  25,  15,  25,
     15,  25,  15,  25,  16,  28,  18,  28,  18,  19,  29,  19,  29,  19,  29,  10,
     21,  15,  25,   9,  20,  32,  20,  10,  21,  26,  14,  27,  35,  36,  37,  38,
     39,  35,  40,  41,  42,  43,  44,  39,  36,  36,  35,  40,  45,  43,  46,  35,
     44,  47,  48,  49,  48,  50,  51,  48,  52,  50,  53,  53,  54,  55,  54,  54,
     48,  54,  54,  48,  54,  56,  48,  57,  53,  58,  53,  53,  59,  53,  53,  52,
     54,  60,  48,  48,  61,  50,  48,  62,  63,  64,  55,  54,  61,  54,  53,  65,
     53,  66,  67,  68,  69,  41,  70,  69,  69,  44,  50,  46,  69,  71,  72,  66,
     67,  66,  67,  71,  72,  71,  72,  71,  72,  66,  67,  71,  72,  69,  68,  61,
     69,  69,  68,  69,  43,  50,  44,  50,  69,  69,  68,  61,  73,  59,  69,  69,
     69,  71,  72,  71,  72,  35,  69,  74,  75,  74,  75,  43,  52,  73,  59,  46,
     58,  46,  58,  69,  76,  77,  76,  77,  43,  52,  69,  78,  70,  69,  69,  46,
     58,  69,  41,  79,  41,  79,  41,  79,  72,  80,  50,  80,  50,  43,  52,  44,
     50,  69,  69,  71,  72,  71,  72,  71,  72,  44,  52,  40,  56,  40,  56,  40,
     56,  46,  58,  69,  53,  68,  43,  52,  43,  52,   9,  20,   9,  20,   9,  20,
      9,  20,   9,  20,   9,  20,   9,  20,   9,  20,   9,  20,   9,  20,   9,  20,
      9,  20,  21,  21,  21,  21,  21,  21,  21,  21,  10,  21,  10,  21,  10,  21,
     10,  21,  10,  21,  10,  21,  10,  21,  10,  21,  10,  21,  10,  21,  10,  21,
     10,  21,  15,  25,  15,  25,  15,  25,  15,  25,  15,  25,  15,  25,  15,  25,
     18,  28,  18,  28,  18,  28,  18,  28,   6,   6,   6,  81,   2,   5,  81,   2,
      5,   5,  30,  31,  82,  83,  22,
};

static const uint16_t notosans_c15_bolditalicKernRowOffsets[] = {
        0,     2,    32,    35,    50,    65,    78,    84,    85,    88,    96,    97,   100,   102,   109,   115,
      116,   132,   134,   146,   160,   163,   164,   165,   168,   169,   171,   172,   177,   179,   182,   185,
      192,   200,   204,   205,   211,   213,   214,   219,   226,   232,   246,   254,   270,   299,   309,   314,
      316,   323,   342,   371,   395,   409,   423,   439,   452,   468,   487,   488,   504,   514,   522,   527,
      535,   545,   561,   570,   582,   600,   619,   628,   633,   641,   643,   655,   657,   664,   676,   700,
      704,   722,   726,   734,   741,   743,   758,   760,   763,   764,   765,
};

static const uint8_t notosans_c15_bolditalicKernSparseCols[] = {
     70,  71,   8,  13,  15,  17,  19,  20,  22,  24,  25,  33,  34,  36,  38,  39,
     40,  41,  42,  43,  45,  49,  54,  55,  60,  62,  64,  68,  69,  71,  77,  78,
     13,  15,  17,  11,  21,  23,  34,  37,  38,  41,  42,  43,  44,  55,  60,  62,
     63,  64,   9,  13,  14,  15,  17,  34,  44,  45,  57,  58,  65,  70,  72,  73,
     75,  13,  34,  39,  41,  42,  45,  54,  55,  56,  57,  58,  64,  72,   1,   9,
     11,  13,  15,  17,   4,   2,   9,  29,   4,   8,  13,  15,  16,  17,  18,  36,
     11,   4,   7,   8,   9,  29,   1,   9,  13,  14,  15,  17,  29,   2,   4,   8,
     16,  18,  29,  29,   2,   4,   5,   7,   8,   9,  13,  19,  20,  22,  24,  25,
     27,  28,  29,  30,   4,   8,   2,   4,   7,   8,   9,  19,  20,  22,  24,  25,
     29,  30,   2,   4,   7,   8,   9,  19,  20,  22,  24,  25,  28,  29,  30,  31,
      2,   9,  29,  11,   1,   1,  27,  28,   1,   1,   3,  20,   1,   4,  19,  20,
     22,   1,   3,   1,   4,   7,  11,  13,  17,  13,  15,  17,  34,  39,  45,  72,
     13,  15,  17,  34,  39,  42,  45,  72,  11,  13,  15,  17,   3,   0,   1,   3,
      7,  32,  80,   3,  33,  11,   0,   1,   3,   7,  80,   7,  12,  13,  15,  16,
     17,  20,   1,  21,  25,  26,  27,  80,   1,   4,   7,   8,  10,  12,  13,  15,
     16,  17,  19,  20,  24,  80,   1,   4,   7,  21,  25,  26,  27,  80,   1,   3,
      4,  34,  35,  39,  42,  44,  45,  46,  51,  55,  57,  58,  64,  80,   3,   4,
      5,   6,  30,  34,  35,  38,  40,  41,  43,  44,  46,  47,  49,  50,  51,  52,
     53,  54,  55,  56,  57,  58,  59,  60,  61,  62,  64,  29,  35,  37,  44,  45,
     47,  50,  57,  70,  75,   4,  44,  45,  57,  80,  37,  63,   1,  34,  39,  45,
     57,  58,  80,   3,   4,   5,  29,  35,  37,  41,  44,  45,  47,  50,  52,  55,
     57,  58,  62,  64,  70,  75,   4,   5,   6,  29,  30,  35,  38,  40,  41,  44,
     46,  47,  48,  49,  50,  52,  53,  54,  57,  59,  60,  61,  62,  69,  70,  71,
     75,  76,  77,   1,  34,  35,  37,  38,  39,  44,  45,  47,  48,  50,  52,  54,
     55,  57,  58,  64,  65,  67,  72,  73,  75,  79,  80,   1,  35,  40,  42,  44,
     45,  51,  55,  56,  57,  58,  64,  75,  80,   4,  34,  36,  39,  40,  42,  43,
     44,  45,  46,  51,  57,  65,  73,   3,  34,  35,  37,  38,  40,  41,  42,  44,
     45,  54,  55,  57,  58,  63,  64,   4,  34,  39,  40,  42,  43,  45,  46,  57,
     65,  69,  72,  73,   4,   5,  29,  34,  38,  39,  40,  41,  42,  43,  46,  47,
     50,  54,  69,  77,   3,   4,   6,  34,  36,  38,  39,  40,  41,  42,  43,  45,
     46,  54,  65,  69,  72,  73,  77,  34,   1,   4,  34,  39,  42,  45,  49,  51,
     55,  56,  57,  58,  59,  61,  64,  80,   4,  34,  45,  49,  51,  55,  57,  58,
     59,  64,   1,  34,  45,  47,  50,  55,  57,  64,   1,   4,  34,  42,  56,  34,
     45,  47,  50,  54,  57,  71,  76,   4,   5,  34,  45,  47,  48,  50,  52,  57,
     80,   1,   4,  34,  39,  42,  45,  49,  51,  55,  56,  57,  58,  59,  61,  64,
     80,   1,  34,  42,  45,  55,  57,  58,  64,  80,   4,   5,  34,  38,  40,  42,
     47,  50,  54,  59,  69,  80,   1,   3,  34,  37,  38,  40,  41,  42,  44,  45,
     52,  54,  55,  57,  58,  63,  64,  80,   1,  34,  35,  38,  39,  41,  45,  48,
     51,  52,  55,  56,  57,  58,  64,  66,  74,  76,  80,   1,  34,  37,  55,  57,
     58,  63,  64,  80,  34,  39,  47,  50,  57,   1,   3,  34,  39,  42,  60,  62,
     80,  37,  63,   4,   5,  34,  38,  40,  42,  47,  50,  54,  59,  69,  80,   4,
     69,   1,  34,  45,  58,  65,  72,  73,   1,  55,  57,  58,  59,  64,  66,  68,
     71,  74,  76,  78,   4,   5,  29,  30,  34,  40,  44,  49,  51,  55,  57,  58,
     59,  61,  64,  66,  68,  69,  70,  71,  74,  75,  76,  77,   4,   5,  69,  71,
      4,   5,  34,  40,  44,  49,  51,  57,  60,  61,  68,  69,  70,  71,  72,  75,
     76,  77,   4,  66,  69,  71,   1,  55,  57,  58,  64,  66,  74,  76,  37,  44,
     57,  58,  70,  75,  76,  57,  71,   4,  40,  44,  49,  57,  59,  60,  68,  69,
     70,  71,  76,  77,  78,  79,   4,  69,  34,  65,  73,  81,  82,
};

static const int8_t notosans_c15_bolditalicKernSparseValues[] = {
      -5,   -5,  -17,    5,    5,    2,  -10,  -14,   -7,   -7,   -7,   15,    5,    7,  -12,    7,
     -17,  -14,    7,   10,    5,    2,   -7,    5,   10,   10,    5,   -2,  -17,  -14,  -14,   -5,
     -14,  -10,  -14,   22,   10,   10,    7,   26,   -2,   10,    5,    7,   -5,    7,   10,    7,
      22,    7,  -12,  -17,   -5,  -14,  -14,  -14,  -10,  -19,  -14,  -12,  -14,  -12,  -17,  -14,
     -14,  -10,  -10,   -5,   -2,   -5,  -12,   -2,   -2,   -2,   -5,   -5,   -2,  -10,  -17,   -5,
      18,  -12,   -2,   -7,   -5,   -2,   -5,   -5,  -10,   -5,   -7,   -2,   -5,   -2,   -2,   -2,
      14,  -14,    5,   -5,   -5,   -5,  -19,   -5,  -10,   -2,   -5,  -10,  -10,   -5,  -31,  -12,
      -5,   -2,   -2,   -2,   -5,  -14,  -10,    5,  -12,   -5,    2,  -19,  -17,  -17,  -12,  -14,
      -5,  -10,  -14,  -10,   -5,   -2,   -2,  -12,    5,   -2,   -2,   -5,   -5,   -2,   -2,   -2,
     -10,   -5,   -7,  -14,    5,   -7,   -5,  -12,  -12,   -5,   -7,  -10,   -5,  -10,  -10,   -5,
      -5,   -2,   -2,   26,   -2,   -2,   -5,   -2,    5,   14,   10,   -5,   10,  -27,   -5,   -5,
      -2,    5,    5,   10,  -10,    5,   14,   -5,   -2,  -10,   -5,  -10,  -10,   -2,   -5,   -7,
     -14,  -10,  -10,  -14,   -5,   -5,  -14,  -10,   24,  -12,   -2,   -7,   10,   14,   18,   21,
      19,   17,    8,   10,   28,   12,    9,   14,   19,    9,    4,    7,    5,    7,   10,    7,
      14,    5,    5,   10,    5,   10,   12,   14,    5,  -10,   12,   -5,    7,    5,   17,   19,
      14,   19,   -5,    2,   -2,    5,    5,   -2,    5,   12,    5,   12,   12,   12,  -19,   -2,
      -5,  -17,   -2,   -5,   -2,   -2,  -19,   -2,   -2,   -7,   -7,  -14,   -7,  -17,    7,  -14,
     -10,   -5,  -10,    2,   -5,  -14,  -12,  -14,    2,   -8,   -2,  -17,   -5,  -23,   -4,   -7,
      -7,  -17,   -3,   -5,   -9,   -3,   -7,   12,   -7,    5,   -7,   -5,   -2,    5,   -5,   -2,
      -2,   -2,   -5,   -5,   -5,   -2,   -2,   -5,   -4,   -2,   12,    7,  -19,  -17,   -5,  -19,
      -7,  -12,  -12,    5,   -2,   -7,   -5,   -6,    5,    2,  -10,   -5,   -2,   -5,   -2,   -2,
      -7,   -2,    2,   -2,   -5,  -12,  -19,   -5,   -5,  -10,   -5,   -5,  -18,  -18,  -17,   -7,
      -7,   -7,   -5,   -2,  -12,   -2,   -5,  -13,   -5,   -2,   13,   -5,    5,  -10,   -2,   -5,
      -5,   -7,  -12,  -17,  -14,  -10,    7,    5,   -6,  -10,  -22,   -2,   -2,   -2,   -2,    3,
      -7,  -14,  -14,   -7,  -10,   -5,  -12,  -14,  -12,   -5,  -17,   -5,   -2,   -2,   -2,   -2,
      -5,   -2,   -7,   -2,   -7,  -10,   -7,   -5,   -5,   -5,   -5,   -2,   -2,   -2,   -2,   -2,
      -2,   -5,   -2,   -2,   -2,   -2,   -2,   10,   -2,   -2,   29,    7,    4,    7,    2,   -2,
      -7,   10,    7,  -10,   -5,   24,    7,  -10,  -10,  -10,   -5,   -6,   -2,   -5,   -2,   -2,
      -2,   -2,   -2,   -2,  -31,   -2,   -2,   -5,  -12,   -7,  -12,  -12,   -7,   -2,   -2,   -2,
      -2,  -10,  -12,  -14,   -5,  -10,   -2,  -12,   -2,   -5,  -13,   -5,   -4,  -10,   -5,   -5,
      -7,   -5,   -2,   -2,   -5,   -7,   -5,   -7,   -2,   -5,  -25,   -7,   -2,   -7,   -2,   -5,
     -10,   -5,   -5,   -5,   -2,   -2,  -10,   -5,   -5,  -14,   -2,   -2,   -2,   -7,   -5,   -2,
       1,   -7,   -2,  -12,   -2,   -2,   -2,   -5,   -2,   -5,   -2,   -5,   -5,   -2,   -2,  -10,
      -2,   -5,   -5,    2,   -5,   -5,   -5,   -2,   -5,   -4,   -2,   -5,   -2,   -5,   -4,   -2,
       2,   -2,   -5,  -17,   -7,   -2,   -7,   -2,   -5,  -10,   -5,   -5,   -5,   -2,   -2,  -10,
      -5,   -7,  -10,   -2,   -5,  -12,   -5,   -5,  -12,  -10,  -10,   -2,   -3,   -7,   -2,   -2,
      -6,   -6,  -12,   -2,   -5,    5,   -5,   10,  -12,   31,   10,    5,   10,    5,   -5,  -10,
      -2,    5,    2,   -5,   -5,   18,    2,   -7,  -14,  -22,   -7,    4,   -3,    1,  -29,   -2,
      -4,   -2,  -14,   -1,  -17,  -17,  -14,   -5,   -7,   -5,  -22,   -7,  -22,   21,  -10,   -5,
      -5,    6,  -10,  -10,   -7,   -5,   -2,   -2,   -5,   10,    7,    6,    5,    2,    9,    2,
      10,   19,    7,  -10,   -2,   -7,   -7,   -2,   -2,   -6,   -6,  -12,   -2,   -5,    5,  -10,
      -5,  -10,  -10,  -14,   -5,   -7,  -12,   -7,  -17,   -7,   -7,  -12,    7,   -7,   -5,   -2,
      -5,   -5,   -5,   -5,  -14,  -10,  -14,  -10,    2,  -12,  -10,   -5,   -5,  -10,  -12,  -10,
      -7,  -14,  -10,   -5,  -12,  -14,   -5,  -17,  -10,  -12,  -17,  -12,  -12,   -5,   -7,   -2,
     -12,   -5,    5,  -14,   -7,   -5,   -5,  -12,    5,   -7,   -7,  -12,   -5,  -10,    5,   -5,
      -7,  -10,   -7,   12,   -7,   -5,  -17,   -5,  -19,  -12,   -5,   -5,   -5,   -5,   53,   -7,
     -10,   -5,   -5,   -7,   -5,   -2,   -2,  -14,  -14,   -7,  -10,  -10,   -5,    5,   -7,  -12,
      -5,  -12,  -10,  -10,  -10,   -2,  -10,   -2,   -5,   -2,   -2,    8,    9,
};

static const EpdLigaturePair notosans_c15_bolditalicLigaturePairs[] = {
    { 0x00660066, 0xFB00 }, // f f -> U+FB00
    { 0x00660069, 0xFB01 }, // f i -> U+FB01
    { 0x0066006C, 0xFB02 }, // f l -> U+FB02
    { 0xFB000069, 0xFB03 }, // U+FB00 i -> U+FB03
    { 0xFB00006C, 0xFB04 }, // U+FB00 l -> U+FB04
};

static const EpdFontData notosans_c15_bolditalic = {
    notosans_c15_bolditalicBitmaps,
    notosans_c15_bolditalicGlyphs,
    notosans_c15_bolditalicIntervals,
    18,
    20,
    17,
    -5,
    true,
    notosans_c15_bolditalicGroups,
    13,
    nullptr,
    nullptr,  // kernLeftClasses: built-in fonts use the split arrays below
    nullptr,  // kernRightClasses
    notosans_c15_bolditalicKernLeftCodepoints,
    notosans_c15_bolditalicKernLeftClassIds,
    notosans_c15_bolditalicKernRightCodepoints,
    notosans_c15_bolditalicKernRightClassIds,
    nullptr,  // kernMatrix: built-in fonts use the sparse form below
    notosans_c15_bolditalicKernRowOffsets,
    notosans_c15_bolditalicKernSparseCols,
    notosans_c15_bolditalicKernSparseValues,
    471,
    471,
    90,
    83,
    notosans_c15_bolditalicLigaturePairs,
    5,
};
