/**
 * generated by fontconvert.py
 * name: notosans_c19_regular
 * size: 0
 * mode: 2-bit  compressed: true
 * Command used: fontconvert.py notosans_c19_regular 0 ../builtinFonts/source/NotoSans/NotoSans-Regular.ttf --2bit --compress --pnum --ppem 19
 */
#pragma once
#include "EpdFontData.h"

static const uint8_t notosans_c19_regularBitmaps[17992] = {
    0x9D, 0x57, 0x4F, 0x6C, 0x23, 0x57, 0x19, 0xFF, 0xCD, 0xBC, 0xD4, 0x4F, 0xEC, 0x90, 0x19, 0x1F,
    0xB2, 0xEA, 0xD2, 0xDA, 0x71, 0x0E, 0x39, 0xA4, 0xC1, 0x8E, 0x73, 0x98, 0xB6, 0x13, 0xED, 0x38,
    0x7E, 0x82, 0x63, 0x25, 0xC8, 0xA1, 0x41, 0x42, 0x5B, 0x09, 0x1F, 0xF6, 0xB4, 0xEC, 0x0A, 0xB7,
    0x4C, 0x5B, 0x4B, 0xE4, 0xCF, 0x03, 0x8E, 0x15, 0x90, 0x43, 0x81, 0xAB, 0x0F, 0x7B, 0x68, 0x0D,
    0xA2, 0x73, 0x70, 0xA5, 0x08, 0x6D, 0xD7, 0x0F, 0xF5, 0xC8, 0x81, 0x91, 0xAA, 0x9E, 0xF8, 0xD3,
    0x41, 0xCA, 0xA5, 0x5B, 0xDA, 0x1D, 0xA9, 0x06, 0x99, 0x6D, 0x92, 0xE1, 0x7B, 0x6F, 0x9C, 0xB0,
    0xD9, 0x6C, 0xA8, 0xC4, 0x7C, 0x9F, 0x3D, 0xE3, 0x37, 0xDF, 0x7B, 0xDF, 0xFF, 0x3F, 0xBE, 0xDE,
    0x8B, 0xA2, 0xC8, 0xF7, 0x57, 0x57, 0x57, 0x51, 0xDE, 0xDF, 0x47, 0x67, 0x2F, 0x4E, 0x34, 0x74,
    0x14, 0x04, 0x16, 0x16, 0xD0, 0xED, 0xA2, 0xDF, 0x47, 0x92, 0x3E, 0x75, 0xEF, 0xE3, 0xAF, 0x7F,
    0x72, 0xCF, 0xFA, 0x83, 0xB2, 0x7F, 0xA2, 0x9E, 0xFC, 0xF5, 0x9B, 0xA3, 0xFC, 0x90, 0x31, 0x70,
    0x0E, 0xC7, 0x81, 0x7B, 0x09, 0x44, 0x0B, 0x05, 0xE7, 0x63, 0xB4, 0xEF, 0x23, 0x56, 0xC8, 0x14,
    0x86, 0x0A, 0xED, 0x04, 0xA5, 0x63, 0xE0, 0xCF, 0x02, 0xEF, 0x2B, 0xBC, 0x2F, 0xEF, 0xDD, 0xC7,
    0x68, 0xA2, 0xC9, 0x34, 0x02, 0x25, 0x69, 0xA3, 0x9A, 0x39, 0x08, 0xFC, 0xAF, 0xC2, 0xF7, 0x03,
    0xF8, 0x41, 0x97, 0xEE, 0x7F, 0x17, 0xC1, 0xB3, 0x7F, 0xCA, 0xE6, 0x3F, 0x7F, 0xC9, 0x2F, 0xBD,
    0xB1, 0xB4, 0x84, 0xD9, 0xA0, 0x8E, 0xFA, 0x52, 0x1D, 0xAB, 0xF5, 0x25, 0xA4, 0x15, 0xDF, 0x52,
    0x4E, 0xAA, 0xF7, 0xDA, 0x07, 0x80, 0x77, 0x17, 0xA8, 0x7B, 0xF4, 0x71, 0x80, 0xAA, 0x4B, 0xBF,
    0xB7, 0x00, 0x4E, 0x6F, 0x9B, 0xD9, 0x25, 0xF4, 0x5A, 0x2E, 0x32, 0xEF, 0x16, 0x32, 0x36, 0x41,
    0x66, 0x8D, 0xB1, 0x7D, 0xED, 0x08, 0xB5, 0x23, 0x4F, 0xE8, 0xBD, 0x9D, 0x38, 0x8E, 0x3B, 0xB0,
    0x24, 0x13, 0x1E, 0xAA, 0xA8, 0x23, 0x44, 0x40, 0xE0, 0x13, 0xE8, 0x7B, 0x48, 0x6B, 0x2E, 0x1C,
    0x30, 0xB5, 0x40, 0xEF, 0xF4, 0x13, 0x17, 0x4C, 0x32, 0x75, 0x0A, 0x92, 0x0B, 0xD2, 0x18, 0x15,
    0xA2, 0xC5, 0x06, 0x10, 0x6B, 0x5C, 0x7C, 0x79, 0xAF, 0x9D, 0xA7, 0x98, 0xC0, 0xFE, 0x0B, 0xF8,
    0xB7, 0xC1, 0x2F, 0x69, 0x3E, 0x28, 0x03, 0xDD, 0x29, 0x5E, 0x7E, 0x77, 0xA3, 0x9D, 0x67, 0xA7,
    0x3F, 0xB1, 0x0A, 0xCC, 0xD7, 0x43, 0xBF, 0xDC, 0x4E, 0x96, 0xA5, 0x36, 0x3A, 0xE6, 0x88, 0x7D,
    0x8C, 0xD4, 0x4A, 0x6C, 0xC3, 0xC1, 0x23, 0x0E, 0x5A, 0xB2, 0x88, 0x16, 0x4B, 0x07, 0xA8, 0xBD,
    0x87, 0xC0, 0x41, 0xCC, 0x64, 0xCC, 0x54, 0x66, 0xAB, 0xD4, 0x20, 0x3D, 0x64, 0x4C, 0xD1, 0x62,
    0xC4, 0x45, 0xE3, 0x7B, 0x70, 0x26, 0x86, 0xE9, 0x1E, 0x4F, 0x57, 0xD2, 0x28, 0xC5, 0x63, 0xC0,
    0x7E, 0x0B, 0xCD, 0x77, 0xC4, 0x22, 0x53, 0xB0, 0x0D, 0xD2, 0x03, 0x17, 0x98, 0x07, 0x7A, 0xA0,
    0xD7, 0x4C, 0x12, 0x4F, 0xAC, 0x0F, 0xF6, 0x76, 0xF3, 0xD4, 0x7E, 0x9B, 0x28, 0xE5, 0x1C, 0xD1,
    0x58, 0x09, 0x2C, 0x22, 0x53, 0xF6, 0x5D, 0xD8, 0x23, 0x01, 0x3B, 0xD1, 0xA4, 0xC8, 0x60, 0xA5,
    0x6B, 0x4F, 0xAB, 0xE6, 0xB1, 0x61, 0x59, 0x12, 0xF0, 0x24, 0x9A, 0x12, 0x3F, 0x94, 0xF8, 0x40,
    0xB2, 0x9F, 0x4A, 0x87, 0xC9, 0x59, 0x26, 0x03, 0x26, 0x7F, 0xFF, 0x9B, 0x83, 0x51, 0x3E, 0xD6,
    0x47, 0x1B, 0x5C, 0x7E, 0x1B, 0xED, 0x9C, 0x14, 0xD5, 0x18, 0x01, 0xAF, 0x0A, 0xEC, 0x1E, 0xA1,
    0x5C, 0x83, 0x79, 0xAB, 0xF4, 0x37, 0x17, 0xB7, 0x7F, 0x60, 0x82, 0x84, 0xAE, 0x01, 0x9C, 0x7B,
    0x68, 0x40, 0xDB, 0x99, 0x2C, 0x16, 0xBF, 0x88, 0x2F, 0x8E, 0x31, 0xE1, 0x32, 0x33, 0x26, 0x20,
    0x43, 0x44, 0x4C, 0xB6, 0x6A, 0x70, 0x0E, 0x35, 0xED, 0x8D, 0x81, 0xCC, 0x73, 0xA3, 0x11, 0x13,
    0xE4, 0x32, 0xAD, 0x49, 0xDD, 0xEC, 0x8C, 0x8D, 0xB0, 0xC9, 0x54, 0x57, 0x8A, 0x96, 0xD2, 0x6D,
    0x52, 0x0D, 0x3D, 0x2E, 0xBB, 0x64, 0x38, 0x26, 0xF4, 0x09, 0x13, 0x78, 0xDA, 0xBE, 0xA2, 0x30,
    0x2E, 0x9D, 0xBF, 0xED, 0x88, 0xDA, 0x91, 0x3E, 0xD6, 0x7A, 0x0B, 0xDE, 0x7D, 0xD1, 0x60, 0x2A,
    0x44, 0x12, 0x20, 0x0D, 0x90, 0x85, 0x56, 0x56, 0xBB, 0x96, 0xD9, 0x93, 0x54, 0xDB, 0xC1, 0xD2,
    0x1C, 0x67, 0x6A, 0xF0, 0x8C, 0xC0, 0xE5, 0xFD, 0x5E, 0xE1, 0x76, 0xF2, 0xE7, 0xCC, 0xCA, 0x8A,
    0x79, 0x46, 0x23, 0x0C, 0xFC, 0xB2, 0x0E, 0x05, 0x2B, 0x43, 0x4D, 0x5A, 0x13, 0xD4, 0x04, 0x5A,
    0x80, 0x8E, 0xE2, 0x1D, 0x81, 0x52, 0x06, 0x2C, 0x5C, 0xDE, 0x84, 0x96, 0xDD, 0x5C, 0x9B, 0x9B,
    0x22, 0xCF, 0x25, 0x6D, 0xD0, 0x34, 0x64, 0xEB, 0xF7, 0xCC, 0x8D, 0xF6, 0x36, 0x05, 0x1F, 0x63,
    0x9D, 0xA8, 0x81, 0xA7, 0xFA, 0x77, 0x0F, 0x49, 0x41, 0xD7, 0x84, 0xC8, 0x98, 0xE2, 0x45, 0x70,
    0x2D, 0x2A, 0x1C, 0xE1, 0xE8, 0xF8, 0x2E, 0xED, 0xC1, 0x3A, 0x1E, 0x81, 0x4B, 0x3B, 0xA9, 0x92,
    0xFE, 0x81, 0x73, 0x10, 0x74, 0x5B, 0x5B, 0xF5, 0x7E, 0xBC, 0x54, 0x49, 0xD3, 0xA5, 0x4A, 0x92,
    0x04, 0x74, 0x0F, 0x82, 0xFE, 0xBB, 0x9F, 0xC6, 0xDD, 0xE6, 0x0B, 0x8A, 0x6C, 0xA4, 0x43, 0x00,
    0xFC, 0x01, 0xF1, 0xBA, 0xB1, 0x07, 0x2C, 0xC1, 0x70, 0x07, 0x65, 0x17, 0x3E, 0xA1, 0x73, 0x3F,
    0x20, 0xAF, 0x53, 0xFA, 0xB2, 0x1F, 0x93, 0x05, 0x49, 0x67, 0x6F, 0x40, 0x8A, 0x90, 0x4F, 0x8B,
    0xBC, 0xA9, 0x93, 0x1F, 0x29, 0xD3, 0xC8, 0xB0, 0xCB, 0xB7, 0xC9, 0xB7, 0x2A, 0xB0, 0xB5, 0x91,
    0x34, 0x5A, 0x49, 0x3B, 0x17, 0xEB, 0xEF, 0x48, 0xF3, 0x73, 0x68, 0x30, 0x5B, 0xBB, 0x96, 0xD2,
    0x22, 0x71, 0xE1, 0x79, 0x56, 0x43, 0x39, 0x34, 0x51, 0x60, 0x3C, 0x34, 0xC5, 0xA1, 0x89, 0x45,
    0xE2, 0xEE, 0x7D, 0xD8, 0xB7, 0x73, 0x9D, 0xE9, 0xD3, 0x63, 0xAD, 0x31, 0x65, 0x66, 0x80, 0x46,
    0x80, 0xF9, 0x00, 0xEE, 0x09, 0x56, 0xCD, 0xE2, 0xB8, 0xF5, 0xFD, 0xB4, 0x7D, 0x8C, 0xE5, 0x01,
    0x51, 0x8A, 0xC0, 0x78, 0xBD, 0x40, 0x8A, 0xB5, 0xF5, 0x01, 0x1E, 0x5E, 0x59, 0x37, 0x34, 0xE7,
    0x29, 0xD7, 0x36, 0x35, 0x31, 0x7D, 0x3F, 0xBC, 0xA8, 0x2D, 0xA3, 0x45, 0x3D, 0xAC, 0x89, 0x99,
    0x33, 0xA2, 0xF2, 0xA3, 0xCC, 0xBA, 0x35, 0x44, 0xB5, 0x87, 0x6A, 0x0B, 0x55, 0xEF, 0xC3, 0x5B,
    0x76, 0xAE, 0x03, 0x60, 0x11, 0x57, 0xC8, 0x20, 0x0F, 0x63, 0x3B, 0x3F, 0x5C, 0x1F, 0xDC, 0x79,
    0x64, 0x91, 0x70, 0x79, 0xAF, 0xB9, 0xE7, 0xE0, 0x3C, 0x78, 0xA2, 0x9D, 0x62, 0xCF, 0x4A, 0x2E,
    0x06, 0x5B, 0xED, 0xCA, 0x67, 0x88, 0x53, 0x27, 0xB0, 0xD2, 0x80, 0xCB, 0xC0, 0x45, 0x40, 0x6E,
    0xC8, 0x70, 0x35, 0x41, 0x3B, 0x43, 0xD8, 0x43, 0xD0, 0x40, 0xE0, 0x21, 0x60, 0x4A, 0x13, 0x60,
    0xB8, 0x88, 0x47, 0x55, 0x3A, 0x8F, 0xEB, 0x03, 0x41, 0xE6, 0x78, 0x06, 0xE8, 0xB7, 0x61, 0x8F,
    0xDB, 0x60, 0xE3, 0xE7, 0x25, 0x8F, 0x9E, 0x57, 0x4E, 0xF4, 0x6C, 0x32, 0x1B, 0xF9, 0x69, 0x25,
    0xF2, 0xE3, 0x80, 0x1A, 0x84, 0x1F, 0xF9, 0x61, 0x1C, 0xF9, 0x95, 0x34, 0xF2, 0x3D, 0x15, 0xF9,
    0x0E, 0x7D, 0xB8, 0x88, 0x96, 0xF0, 0x95, 0x16, 0xDC, 0x36, 0xDC, 0xAB, 0xCA, 0x7D, 0x2E, 0x71,
    0xFD, 0xCC, 0xF5, 0x03, 0xD7, 0x6F, 0xB8, 0xBE, 0xE7, 0xFA, 0xFC, 0xE7, 0xBE, 0xFD, 0x37, 0x1F,
    0xC7, 0x3E, 0x76, 0x7C, 0xAC, 0xE0, 0x77, 0x94, 0x9A, 0x5F, 0x8C, 0xE9, 0xA1, 0x45, 0xB1, 0xE3,
    0x91, 0x41, 0x29, 0xE5, 0x28, 0x4E, 0x33, 0x4A, 0xFC, 0x93, 0xCF, 0x90, 0xB2, 0xB4, 0x47, 0xEF,
    0x5A, 0x14, 0x93, 0xDE, 0x2F, 0xEF, 0xA0, 0x08, 0x82, 0x69, 0x18, 0x88, 0x80, 0x93, 0x5A, 0x89,
    0xD6, 0x8C, 0xBE, 0x99, 0xD2, 0x01, 0x76, 0xFB, 0x9C, 0xCB, 0xFE, 0x5F, 0x2E, 0x8C, 0xD2, 0x0D,
    0xE3, 0x69, 0xF0, 0x3F, 0x96, 0x23, 0x57, 0x14, 0x66, 0x6B, 0x37, 0x8D, 0x81, 0x1D, 0x71, 0x62,
    0xE3, 0xCC, 0x1A, 0x08, 0x2F, 0x57, 0x0D, 0x08, 0x0A, 0x92, 0xD0, 0x24, 0x93, 0x43, 0xDD, 0x69,
    0x44, 0x37, 0x53, 0x3E, 0x75, 0x9D, 0x48, 0xD6, 0xAE, 0x4D, 0x8B, 0xE5, 0x8D, 0x41, 0x3F, 0xA7,
    0xEC, 0x89, 0xF1, 0xA5, 0xB8, 0x80, 0x2B, 0x11, 0xEA, 0x17, 0x21, 0x45, 0x11, 0x39, 0xBE, 0xF6,
    0xAB, 0x8C, 0xE5, 0x52, 0x57, 0x7D, 0x5C, 0x89, 0x8D, 0xFB, 0xA9, 0x65, 0xD4, 0x91, 0xB9, 0x48,
    0x3D, 0x5B, 0xF1, 0x6F, 0x2A, 0x2A, 0xC6, 0xEC, 0x8F, 0xB0, 0x3E, 0x02, 0x3E, 0x05, 0xEE, 0xE8,
    0xEC, 0xEA, 0x10, 0xAD, 0x8C, 0x2C, 0x2A, 0x74, 0x81, 0x3D, 0xA6, 0xC2, 0xC6, 0xF6, 0x99, 0xAC,
    0xF3, 0x9B, 0x5C, 0x54, 0x9D, 0x0A, 0xF5, 0x35, 0x77, 0xD6, 0x83, 0x37, 0xEB, 0x51, 0xDF, 0xAB,
    0x38, 0x55, 0xD0, 0xFA, 0x4D, 0x10, 0xC5, 0x3E, 0x05, 0x85, 0x3D, 0x86, 0x9D, 0x59, 0xBA, 0xF2,
    0x53, 0x12, 0x5C, 0xC7, 0x62, 0x88, 0x78, 0xDE, 0x4A, 0xA8, 0xD4, 0x6B, 0x06, 0xC5, 0xE9, 0x87,
    0xB0, 0x3E, 0x03, 0x7B, 0x03, 0x0E, 0x53, 0x55, 0x2B, 0x09, 0x91, 0xC5, 0x08, 0x3A, 0x58, 0xA4,
    0x26, 0x16, 0x22, 0xAD, 0xDA, 0xCA, 0xA3, 0xD6, 0xF6, 0x0B, 0xD8, 0x7F, 0xD5, 0x94, 0x3A, 0xD7,
    0xBB, 0x67, 0x70, 0x79, 0xD0, 0xD7, 0x3D, 0xD2, 0x36, 0xC5, 0x9A, 0x2A, 0x75, 0xC3, 0x98, 0xF3,
    0xA4, 0x7A, 0xD3, 0x42, 0x55, 0xC7, 0x6A, 0x7F, 0x37, 0xCF, 0x6E, 0x88, 0x5D, 0xD9, 0xC5, 0x45,
    0xF0, 0xAA, 0xD8, 0x55, 0x1D, 0xBA, 0xEB, 0xEA, 0x34, 0xED, 0xE5, 0x82, 0x29, 0xAA, 0xD5, 0x29,
    0x59, 0x35, 0x42, 0xA0, 0x77, 0xB3, 0x0B, 0xE1, 0x49, 0x39, 0x92, 0x64, 0x24, 0x8A, 0x04, 0xEB,
    0x1F, 0xB0, 0x7F, 0x06, 0xE6, 0xE0, 0x12, 0x13, 0xB3, 0xB6, 0xAA, 0x23, 0xA1, 0x16, 0x7D, 0x79,
    0x93, 0x92, 0x25, 0x59, 0x24, 0xE1, 0x1C, 0x58, 0x02, 0x2F, 0xC2, 0xC9, 0xC5, 0x13, 0x7C, 0xDA,
    0x51, 0x79, 0xAE, 0x56, 0x6C, 0x15, 0x92, 0x69, 0x99, 0x6A, 0xD5, 0x94, 0x37, 0x51, 0xC5, 0x14,
    0x10, 0x9D, 0xE2, 0x06, 0x5E, 0xCF, 0xB1, 0xCD, 0x55, 0xCF, 0x4E, 0x22, 0xA4, 0x53, 0xB4, 0xD2,
    0x2D, 0x5B, 0xED, 0xBC, 0x20, 0x5F, 0x29, 0xDA, 0xE9, 0x86, 0x77, 0xD4, 0x9A, 0x19, 0x92, 0xE2,
    0x05, 0x0C, 0xD1, 0xFA, 0xAE, 0x69, 0x72, 0xC4, 0xCE, 0x9E, 0x32, 0xB2, 0xBE, 0xA1, 0x6A, 0x0F,
    0x54, 0xE8, 0xA8, 0x61, 0xD1, 0xB2, 0x4E, 0x70, 0x58, 0xF0, 0xFD, 0xA7, 0xE6, 0x6B, 0x6D, 0xC0,
    0x3B, 0x42, 0xE8, 0xE9, 0xB1, 0x21, 0x63, 0xBA, 0x3D, 0x16, 0x35, 0x96, 0xC4, 0x58, 0xFF, 0x8E,
    0x70, 0x72, 0xC3, 0xEB, 0x3A, 0x3B, 0xA4, 0xB2, 0x43, 0x30, 0x1A, 0x7B, 0x78, 0x14, 0x88, 0x61,
    0xED, 0xDF, 0x9A, 0x4B, 0xFC, 0x58, 0x2E, 0x0F, 0xA6, 0x43, 0x44, 0x99, 0x4B, 0x2A, 0x9E, 0xA5,
    0x37, 0xCF, 0x6A, 0x3A, 0xA7, 0x35, 0xDD, 0xD1, 0x9A, 0xAA, 0xC8, 0x7A, 0x1C, 0x6A, 0xA2, 0xD3,
    0x4B, 0xD7, 0x36, 0xD3, 0x70, 0x2F, 0xAC, 0x7B, 0x6D, 0xF5, 0xB5, 0xB3, 0x0C, 0x08, 0x29, 0xBB,
    0x29, 0xDE, 0x33, 0xBC, 0xA6, 0xF0, 0x23, 0x85, 0x9D, 0x14, 0xD1, 0xD0, 0xAC, 0xD0, 0x3A, 0x97,
    0xE5, 0xE8, 0xCC, 0x85, 0x0D, 0x4B, 0xBC, 0x9E, 0x37, 0xC7, 0xDB, 0x4E, 0xBA, 0xD5, 0x63, 0xAA,
    0x1E, 0x31, 0x55, 0xB9, 0xE8, 0x03, 0x2D, 0xBC, 0xD8, 0xBE, 0x58, 0x78, 0x1A, 0xFC, 0xBC, 0x63,
    0xB4, 0x1C, 0xA9, 0xED, 0x6F, 0x25, 0xA7, 0x48, 0x9B, 0x5B, 0x4F, 0x0B, 0xE7, 0xA8, 0xF0, 0xE3,
    0xFF, 0xF2, 0xF5, 0x6B, 0xC7, 0x67, 0x54, 0x59, 0xC0, 0x97, 0x59, 0xFB, 0x5F, 0xEA, 0xD4, 0xFB,
    0x1A, 0x2D, 0x89, 0xF2, 0x2B, 0xE3, 0x5D, 0xB1, 0x45, 0xBB, 0x1F, 0x06, 0x2D, 0x59, 0x8E, 0xF0,
    0x09, 0x5D, 0x0A, 0x57, 0x8A, 0x4A, 0x44, 0x8D, 0x9C, 0x26, 0x22, 0x0E, 0xBF, 0x86, 0xB6, 0x19,
    0x96, 0x66, 0x30, 0x4B, 0x55, 0x6A, 0x34, 0xAE, 0xE2, 0xBF, 0x30, 0x4B, 0xCD, 0x87, 0x8F, 0x8D,
    0xDC, 0x31, 0x4D, 0x57, 0x67, 0xB1, 0x4B, 0x66, 0x30, 0x52, 0x90, 0x80, 0xC5, 0x9C, 0x12, 0x1B,
    0x5D, 0x43, 0x5D, 0x3A, 0x84, 0xA9, 0x18, 0xE0, 0x75, 0x2A, 0x14, 0xD4, 0x3F, 0xF4, 0xB0, 0x62,
    0x28, 0x1C, 0x19, 0x44, 0x9E, 0xEA, 0x06, 0x55, 0x15, 0x87, 0xF5, 0x34, 0xAD, 0x07, 0x71, 0x32,
    0xEB, 0xBF, 0xAC, 0xDC, 0xF8, 0x39, 0xE5, 0xF4, 0xAF, 0x4A, 0x9E, 0x34, 0x29, 0x2B, 0x3D, 0x4D,
    0x1A, 0x32, 0x35, 0x4F, 0xC3, 0xCB, 0xB7, 0xC0, 0x0E, 0x4D, 0xBE, 0x4F, 0xC0, 0x7E, 0x0B, 0xCF,
    0x43, 0x83, 0xC9, 0x9E, 0x1E, 0x38, 0x0D, 0x37, 0x7B, 0xCA, 0xCD, 0xF5, 0xE0, 0xB8, 0xE0, 0x2F,
    0x81, 0xDD, 0x01, 0x0D, 0xF6, 0x3A, 0xA2, 0xD3, 0x69, 0x89, 0xA0, 0x92, 0x7B, 0xDD, 0xF0, 0xA6,
    0x70, 0x9C, 0x4E, 0x80, 0x91, 0x99, 0x6C, 0x95, 0x36, 0x00, 0xD5, 0xE5, 0xD6, 0x26, 0x76, 0xE9,
    0xD5, 0x9C, 0x35, 0xD1, 0x73, 0xBC, 0x01, 0x9A, 0xE5, 0xB7, 0xD1, 0x2C, 0x66, 0xFC, 0x02, 0x52,
    0xEC, 0x97, 0xBB, 0xE7, 0xAE, 0xCE, 0x1C, 0x76, 0xCC, 0x7F, 0x81, 0x02, 0xE8, 0xC8, 0x7D, 0xFB,
    0x40, 0x4F, 0xEA, 0x05, 0x34, 0xA9, 0xB2, 0xD6, 0x92, 0x85, 0xB5, 0x51, 0x46, 0xD3, 0xF0, 0x7F,
    0x00, 0xA5, 0x57, 0x4F, 0x68, 0x24, 0x59, 0x19, 0xFF, 0xBD, 0xAA, 0x49, 0xCA, 0xE9, 0x9A, 0xAE,
    0x6A, 0x30, 0x0B, 0x31, 0xD3, 0xE9, 0xCE, 0x21, 0x42, 0x13, 0x6A, 0xA6, 0x0B, 0x69, 0xB4, 0x82,
    0xDD, 0xE9, 0x37, 0x2C, 0xEC, 0x22, 0x2B, 0xD2, 0xC8, 0x8E, 0xF8, 0x67, 0x61, 0x23, 0x78, 0x5A,
    0x64, 0xA7, 0xC1, 0x5A, 0x6D, 0x98, 0x3F, 0x29, 0x77, 0x0E, 0x1E, 0x04, 0x6D, 0x61, 0xF5, 0x9C,
    0xC3, 0x78, 0x30, 0x87, 0xB5, 0x84, 0x08, 0xA3, 0x0E, 0xE6, 0xAD, 0x39, 0xEC, 0xC1, 0x4B, 0xCD,
    0x2E, 0xE2, 0x65, 0x57, 0x0B, 0x56, 0x4F, 0x7A, 0x28, 0xB1, 0x0F, 0x99, 0x9D, 0x24, 0xE5, 0xEF,
    0x55, 0x67, 0x32, 0x99, 0x6C, 0x1C, 0x3A, 0x99, 0xAA, 0xEF, 0x55, 0xBF, 0xAE, 0xFA, 0xDE, 0xF7,
    0x7D, 0xEF, 0xFB, 0xFF, 0x2A, 0x77, 0x07, 0xA8, 0xF8, 0xBE, 0xDF, 0x0A, 0x79, 0x0D, 0x2A, 0x58,
    0x05, 0x62, 0x58, 0x39, 0xEA, 0x2F, 0xA0, 0x0D, 0x04, 0x40, 0x0B, 0x08, 0x8B, 0x09, 0xFF, 0xD6,
    0x04, 0xEC, 0x1C, 0xD8, 0x04, 0xD6, 0xA1, 0xAF, 0xD7, 0xA4, 0xF1, 0x30, 0xB5, 0x22, 0x58, 0x80,
    0x5D, 0xC0, 0xC5, 0xAB, 0x58, 0xCB, 0x0F, 0xE6, 0x04, 0x17, 0x58, 0xD9, 0x58, 0x5F, 0xCB, 0xB3,
    0x6F, 0x7F, 0x55, 0xF2, 0x7D, 0xE0, 0xC0, 0x37, 0xD1, 0x37, 0xD1, 0xB2, 0xD0, 0x79, 0x1D, 0x7F,
    0x78, 0x28, 0x21, 0xC8, 0x70, 0x21, 0x40, 0xEC, 0x21, 0x71, 0x4C, 0x65, 0x5B, 0xD2, 0xFC, 0x29,
    0x8C, 0x0F, 0x31, 0xB5, 0x27, 0xDD, 0x5C, 0xA1, 0x8F, 0xD2, 0x7E, 0x54, 0xFA, 0x7D, 0xC4, 0x09,
    0xA1, 0xD2, 0x2F, 0xAE, 0x55, 0xCD, 0x79, 0xF5, 0x60, 0x3E, 0x3D, 0xEC, 0xEE, 0xC6, 0x94, 0x78,
    0x45, 0x36, 0xB3, 0xB8, 0xBD, 0x5E, 0xDE, 0x2C, 0x37, 0x6F, 0x18, 0x3B, 0xB8, 0x84, 0xF2, 0x5B,
    0xDF, 0xDD, 0x1A, 0x51, 0xFA, 0x7E, 0x8B, 0x6B, 0x31, 0x77, 0x07, 0xE2, 0x9F, 0xAF, 0xC2, 0x92,
    0x42, 0x5D, 0xB0, 0x47, 0xFD, 0x46, 0xA7, 0xD2, 0xF2, 0x43, 0xCC, 0xFA, 0x7D, 0x54, 0xFD, 0x18,
    0x17, 0xF4, 0xEF, 0x62, 0x80, 0x46, 0xB5, 0x3E, 0xF2, 0x4B, 0xA2, 0x97, 0x1A, 0x09, 0x37, 0xB5,
    0xF6, 0xA0, 0xD8, 0xE3, 0x5C, 0xF4, 0xD9, 0x14, 0xFD, 0xCB, 0x59, 0xBF, 0xFF, 0x46, 0x36, 0xB7,
    0x20, 0xDE, 0x94, 0xD6, 0x8F, 0xA4, 0x33, 0x8F, 0x76, 0xA0, 0xC1, 0xA9, 0x81, 0x7F, 0xF9, 0xF2,
    0xB9, 0xAB, 0xBD, 0x6E, 0x9E, 0x61, 0x2C, 0xA8, 0x86, 0x5E, 0x37, 0x59, 0x8A, 0x9E, 0xE0, 0xDB,
    0x4C, 0xFB, 0x8D, 0x4B, 0x83, 0x96, 0xEF, 0x05, 0xB3, 0xBE, 0x37, 0xA8, 0xFA, 0xCD, 0xF4, 0x82,
    0xEF, 0xA5, 0xD5, 0x45, 0x2F, 0x6C, 0x54, 0x3D, 0xCF, 0x2F, 0xCD, 0x9C, 0x7B, 0x82, 0xEF, 0xD2,
    0xC6, 0x1D, 0xC2, 0x9C, 0x7C, 0x23, 0x4D, 0xFA, 0x89, 0x1F, 0xC7, 0x4D, 0xC5, 0x97, 0x95, 0xC7,
    0x1C, 0x9E, 0xFB, 0x6D, 0xC1, 0xF1, 0x90, 0xA1, 0x8F, 0x47, 0x32, 0x74, 0x93, 0x8A, 0x56, 0x49,
    0x62, 0x46, 0x0E, 0xED, 0xB6, 0x95, 0x69, 0x6A, 0x6B, 0xFA, 0xDD, 0xFA, 0x45, 0x35, 0xCD, 0xBD,
    0x20, 0xDE, 0x4A, 0x80, 0x69, 0xE9, 0xC2, 0xD3, 0x04, 0x69, 0x5F, 0xA1, 0x8E, 0x83, 0xA1, 0x42,
    0x53, 0xDD, 0xAC, 0xAB, 0xEB, 0x0F, 0x54, 0x58, 0x38, 0xC0, 0x18, 0x16, 0x00, 0x71, 0x55, 0x36,
    0xF7, 0x93, 0xB5, 0xD1, 0x30, 0x3F, 0x02, 0x5B, 0xA3, 0x61, 0x77, 0x34, 0xAC, 0x8F, 0x86, 0x58,
    0x3C, 0x09, 0x2A, 0xB2, 0x72, 0xF7, 0x2E, 0x66, 0x69, 0x16, 0x0B, 0xD7, 0xF0, 0x1D, 0xB2, 0xB4,
    0xA3, 0x6E, 0xF4, 0xE9, 0xC8, 0x3C, 0xBC, 0x81, 0x52, 0xB4, 0x1C, 0xD3, 0x58, 0x8D, 0x7E, 0x6B,
    0x39, 0x2E, 0x45, 0x8B, 0x3E, 0xBC, 0x36, 0x5C, 0x07, 0xE6, 0xBB, 0x11, 0x81, 0x13, 0xFE, 0x5D,
    0x5C, 0x80, 0x21, 0xA7, 0x51, 0x8F, 0xCA, 0xF8, 0x42, 0xE4, 0xC1, 0x8C, 0x7C, 0x8E, 0x14, 0xE6,
    0x0F, 0x15, 0xCC, 0xDB, 0xCF, 0x2B, 0xF3, 0xC7, 0xB6, 0x12, 0xAF, 0xCC, 0x29, 0x04, 0x9F, 0xA3,
    0xEB, 0xBC, 0xA7, 0x70, 0x3F, 0xCF, 0x8C, 0xC8, 0x50, 0x16, 0x0C, 0x35, 0x8D, 0x4F, 0xA1, 0x29,
    0x3D, 0x7C, 0x4F, 0xB6, 0x60, 0x4A, 0xAE, 0xB9, 0xC2, 0x35, 0xCF, 0x5F, 0x81, 0xF9, 0x52, 0x37,
    0x31, 0xBF, 0x5C, 0x89, 0x0D, 0xFA, 0x20, 0x35, 0x93, 0x50, 0x6B, 0xD2, 0x50, 0x65, 0xCA, 0x49,
    0xE3, 0x52, 0x77, 0x73, 0x52, 0xD0, 0x02, 0xA6, 0x44, 0x5C, 0x82, 0x48, 0xAA, 0xA8, 0x2B, 0xC6,
    0x43, 0x1C, 0x53, 0xE3, 0xEF, 0xA4, 0xBF, 0xFC, 0xE8, 0x76, 0xBA, 0xF4, 0xE2, 0xF9, 0x14, 0xE5,
    0x6A, 0x0A, 0xCF, 0x4F, 0xE1, 0x6F, 0xED, 0x20, 0x45, 0x2A, 0x14, 0x9F, 0x52, 0x64, 0x28, 0x34,
    0xCF, 0x79, 0x62, 0xAA, 0x3A, 0xC3, 0x87, 0x8A, 0xC7, 0x40, 0x34, 0xF3, 0xE9, 0x3B, 0x18, 0x42,
    0x87, 0x59, 0x11, 0x53, 0x38, 0xC7, 0xD1, 0xE0, 0xE8, 0x70, 0xFC, 0x91, 0xE3, 0x5F, 0xD4, 0xF1,
    0xFB, 0x12, 0xC6, 0xB6, 0x2A, 0x76, 0x66, 0x91, 0x80, 0xBB, 0x91, 0xA1, 0x9E, 0x8F, 0x68, 0xAF,
    0x36, 0xE5, 0xF2, 0x68, 0x09, 0x87, 0xC4, 0x19, 0x5D, 0x86, 0x2C, 0x82, 0x0C, 0xF3, 0x63, 0xDF,
    0x38, 0x33, 0x9D, 0xC6, 0x78, 0x8D, 0xF8, 0x6B, 0xC4, 0x88, 0x94, 0x67, 0xA6, 0x63, 0xFC, 0x63,
    0x08, 0xF3, 0x9A, 0x82, 0x10, 0x67, 0x97, 0x45, 0xFC, 0x89, 0x59, 0x61, 0x3B, 0x2A, 0x54, 0x77,
    0xE6, 0xFD, 0xCC, 0x8C, 0xF1, 0xB1, 0x7D, 0xF0, 0x7B, 0x16, 0x1A, 0x62, 0x63, 0x43, 0xC2, 0xCC,
    0xF3, 0x08, 0x76, 0x95, 0x4B, 0x1D, 0xFD, 0xF0, 0xF4, 0xA3, 0xAD, 0x1F, 0x61, 0x9D, 0x89, 0x30,
    0xAB, 0x6D, 0x40, 0x7C, 0x7C, 0x0F, 0x44, 0xDB, 0x05, 0xA3, 0xBC, 0xAA, 0xAD, 0x51, 0xD5, 0xE6,
    0xA8, 0x6D, 0xC8, 0x36, 0xC9, 0x46, 0x78, 0x6D, 0x68, 0xE5, 0x59, 0x1D, 0x95, 0x76, 0x11, 0x3F,
    0xB4, 0x79, 0xF6, 0x08, 0x98, 0x45, 0x07, 0x85, 0x64, 0xEE, 0x5F, 0xD6, 0x8D, 0x3C, 0xD5, 0x7B,
    0xBD, 0x04, 0x9D, 0x4A, 0x5F, 0x07, 0x43, 0x64, 0x9A, 0xBC, 0x95, 0x76, 0x1E, 0xDA, 0x75, 0x69,
    0x03, 0xDD, 0x5C, 0x06, 0x45, 0x16, 0x1E, 0x43, 0x37, 0x67, 0x62, 0xC5, 0xD1, 0x37, 0x2B, 0x05,
    0x0E, 0x3E, 0x53, 0xF8, 0x14, 0xD9, 0xC8, 0xD3, 0xAC, 0xA2, 0xD5, 0x46, 0xB0, 0xE7, 0x71, 0x6E,
    0xEA, 0x14, 0xAB, 0x4A, 0x65, 0x10, 0x8A, 0x4C, 0x35, 0xE9, 0x92, 0x45, 0xEE, 0xD0, 0x86, 0x90,
    0x4B, 0xC3, 0xE6, 0xD0, 0xC6, 0x27, 0x6F, 0x57, 0x76, 0x53, 0xAC, 0x1B, 0x8C, 0x41, 0x0A, 0xF2,
    0x14, 0x1C, 0xE6, 0x00, 0x15, 0xA6, 0xB2, 0xF2, 0x34, 0x1C, 0x7F, 0xBD, 0xCF, 0x22, 0xF5, 0x34,
    0x8C, 0xD2, 0xAF, 0xA8, 0x7B, 0x26, 0x4C, 0x07, 0x37, 0x38, 0x5C, 0x0E, 0x5B, 0x3A, 0xB0, 0xA2,
    0xFA, 0xCB, 0x66, 0xB4, 0xB6, 0xAB, 0xB3, 0xA7, 0x1E, 0x96, 0x1C, 0x7F, 0xEB, 0xC0, 0xFD, 0xE6,
    0x0E, 0xF1, 0x19, 0x21, 0xA3, 0x55, 0xF3, 0x5A, 0x42, 0x1F, 0x6F, 0xE0, 0x7C, 0x07, 0x4E, 0x17,
    0xCE, 0x17, 0x95, 0xF3, 0xF9, 0xC4, 0x69, 0x65, 0x4E, 0x2B, 0x70, 0x5A, 0x97, 0x9C, 0x96, 0xEB,
    0xB4, 0xAC, 0x9F, 0xB4, 0x8C, 0xBF, 0xB5, 0xB0, 0xDF, 0xC2, 0xAD, 0x16, 0x2E, 0x17, 0xF5, 0x92,
    0xD6, 0xD6, 0xCE, 0x81, 0x29, 0x8E, 0xB7, 0x25, 0xEC, 0x87, 0x23, 0x7E, 0xE8, 0xD0, 0x5E, 0x2E,
    0x5D, 0xC3, 0x96, 0x2C, 0xBB, 0x51, 0x46, 0x96, 0x8F, 0xC6, 0x26, 0x59, 0x0F, 0xF8, 0xAD, 0x83,
    0x1A, 0xDC, 0x9F, 0xDF, 0x83, 0xF6, 0x91, 0xE2, 0x32, 0x18, 0x1C, 0xAC, 0x13, 0x94, 0x69, 0xEC,
    0xE8, 0xCF, 0x42, 0x6B, 0x96, 0xA3, 0xCB, 0xF1, 0x11, 0x83, 0x56, 0xF6, 0x9E, 0x8D, 0xD6, 0x88,
    0xE9, 0xF8, 0xD7, 0x09, 0x83, 0x5F, 0x3E, 0x1B, 0x9D, 0xFB, 0xF4, 0xFB, 0xF7, 0xD4, 0x78, 0xFE,
    0x0C, 0x74, 0x16, 0x0C, 0x0C, 0x6C, 0xD4, 0x3C, 0x58, 0xC4, 0x4A, 0x61, 0xDF, 0x85, 0x57, 0x43,
    0x6C, 0x49, 0x1C, 0x5C, 0x6F, 0x7F, 0x85, 0xA4, 0x77, 0x49, 0xFA, 0x26, 0x49, 0xE7, 0x08, 0x8D,
    0x3F, 0xCB, 0xD8, 0x7A, 0x31, 0xCA, 0x1C, 0x92, 0xF5, 0x38, 0x42, 0x92, 0x4E, 0x2D, 0x79, 0x5D,
    0xB9, 0xD4, 0x50, 0x0D, 0x75, 0x92, 0x5E, 0x21, 0xE9, 0xA2, 0x62, 0x0E, 0x8B, 0x08, 0x0E, 0x74,
    0xF2, 0x5E, 0xC0, 0x6C, 0x08, 0xEF, 0xFF, 0x41, 0xA0, 0xEB, 0x56, 0x50, 0xFF, 0x45, 0x66, 0xE6,
    0x45, 0x4A, 0x63, 0xC2, 0x66, 0x6A, 0xF1, 0x74, 0x54, 0x9F, 0x6E, 0x61, 0x43, 0x27, 0x30, 0xE3,
    0x5D, 0xC9, 0xF4, 0x7C, 0xAA, 0x85, 0x62, 0x5B, 0x1A, 0xDB, 0x7A, 0xCF, 0xA7, 0x63, 0x57, 0x2A,
    0x6A, 0x0A, 0x37, 0xD8, 0x63, 0x83, 0xB6, 0x18, 0x22, 0x6E, 0x23, 0x9D, 0x37, 0x94, 0x6B, 0x46,
    0x56, 0xD1, 0xA0, 0x61, 0xB7, 0x48, 0x60, 0xFD, 0x27, 0x60, 0xF1, 0x30, 0xFE, 0xF7, 0xB1, 0xFC,
    0x2D, 0x15, 0x18, 0x49, 0x20, 0xD2, 0x40, 0x24, 0x81, 0xA1, 0x96, 0xAF, 0x45, 0xDD, 0xBD, 0xC7,
    0xE9, 0x40, 0xBC, 0xC5, 0xE4, 0x88, 0xB6, 0xA9, 0xBB, 0x8C, 0xD0, 0x8A, 0xC2, 0x1A, 0xC2, 0x00,
    0x61, 0x88, 0xB0, 0x83, 0xD0, 0x8D, 0x42, 0x91, 0x92, 0xA3, 0x86, 0x9F, 0x65, 0x61, 0xAE, 0xC6,
    0x2E, 0x2F, 0x92, 0x22, 0xAF, 0xD1, 0xE1, 0x5F, 0x66, 0x13, 0x2A, 0xA7, 0x2C, 0xC5, 0xB2, 0x4E,
    0xB0, 0x72, 0x75, 0xD9, 0x50, 0x6D, 0x43, 0x05, 0xA6, 0xEA, 0xD4, 0x95, 0xBB, 0xA3, 0x8E, 0xC9,
    0x3F, 0x11, 0xFE, 0x2A, 0xC4, 0x2E, 0xD8, 0x7B, 0x4E, 0x89, 0x89, 0xF0, 0xAD, 0xFB, 0x91, 0xB3,
    0x25, 0x99, 0x2E, 0x27, 0x41, 0x36, 0x5F, 0x60, 0x9B, 0x51, 0xB8, 0xDC, 0x24, 0x92, 0xF4, 0x60,
    0x7C, 0x00, 0xE3, 0x4B, 0x10, 0xFF, 0x9E, 0x58, 0xF8, 0xDE, 0x14, 0xDC, 0xFD, 0x6E, 0x76, 0xDE,
    0xCA, 0x6E, 0xC0, 0x4C, 0xD8, 0x18, 0xA9, 0x79, 0x2B, 0xCF, 0xF7, 0x2E, 0xB3, 0x80, 0x50, 0xC5,
    0x08, 0xCC, 0x04, 0x9D, 0xDA, 0xEF, 0xBE, 0xEE, 0xEE, 0x34, 0x77, 0x0A, 0x31, 0x7A, 0xEE, 0x5E,
    0xE7, 0xDC, 0x26, 0xB2, 0x83, 0x7B, 0x13, 0x9D, 0x6F, 0xD8, 0xBB, 0x42, 0x09, 0x76, 0x30, 0x53,
    0xF1, 0xB4, 0x2C, 0x15, 0xE9, 0x85, 0x5D, 0x0C, 0xF9, 0x8B, 0x1E, 0xDC, 0x3D, 0xB4, 0x5D, 0xC4,
    0x8C, 0x08, 0x33, 0xCA, 0x73, 0x35, 0x2E, 0x5E, 0xAC, 0x65, 0x2B, 0x5F, 0x93, 0xFA, 0x30, 0x30,
    0xF6, 0xCD, 0x81, 0x2E, 0x55, 0x0C, 0xFC, 0x49, 0xF0, 0x45, 0xA4, 0x43, 0xD2, 0x69, 0x63, 0x66,
    0x6A, 0x22, 0xFC, 0x72, 0x15, 0x65, 0xAF, 0x58, 0x38, 0x01, 0x72, 0x83, 0xA1, 0xCA, 0x76, 0x5B,
    0xEA, 0x72, 0xFC, 0xC9, 0x7B, 0x9A, 0x5F, 0x83, 0x22, 0x84, 0xC3, 0x13, 0x6E, 0xB6, 0xC4, 0x2A,
    0x88, 0x7B, 0x33, 0x27, 0xAF, 0x3D, 0x38, 0x4A, 0x9C, 0xF8, 0x8D, 0x5E, 0x63, 0xFD, 0x5D, 0xBB,
    0x90, 0xB5, 0x87, 0x29, 0x06, 0xB8, 0x19, 0xD9, 0x1F, 0xAB, 0x95, 0x57, 0xD5, 0xA6, 0x91, 0x64,
    0x22, 0x61, 0x07, 0xC8, 0x67, 0x6C, 0xA8, 0xCE, 0x45, 0x69, 0xEF, 0x69, 0x1A, 0xF6, 0x9B, 0x72,
    0x3E, 0x47, 0x65, 0x46, 0xFB, 0xF3, 0x0F, 0x72, 0x79, 0xD3, 0x52, 0x03, 0x43, 0x9D, 0xD0, 0x86,
    0x0B, 0x36, 0xAE, 0x8F, 0xFB, 0x00, 0xDA, 0xC3, 0xDD, 0x47, 0xC7, 0x8E, 0x36, 0x4D, 0x45, 0x82,
    0x87, 0xC0, 0x20, 0x3A, 0xA4, 0x7C, 0xB4, 0x03, 0x98, 0x08, 0xFF, 0x48, 0xED, 0x9F, 0x04, 0xDF,
    0xBE, 0x8D, 0x03, 0xC9, 0x27, 0x40, 0x2E, 0x5D, 0x80, 0x53, 0x1E, 0xBB, 0xDC, 0x04, 0x92, 0x14,
    0x56, 0xD1, 0x59, 0x05, 0x87, 0x47, 0x99, 0xE2, 0xC4, 0xB1, 0x59, 0x3C, 0x7B, 0x3C, 0x11, 0x46,
    0x1D, 0x37, 0xDA, 0xAC, 0xAB, 0x6C, 0x39, 0xC9, 0x7E, 0x93, 0xFC, 0xE7, 0x9D, 0xE4, 0xBF, 0x57,
    0x92, 0x5B, 0xA6, 0x5A, 0xB9, 0x28, 0xAF, 0xEF, 0x69, 0xF5, 0x1C, 0xED, 0x99, 0x74, 0x83, 0x6D,
    0xA8, 0x63, 0xD0, 0x2F, 0x8E, 0x35, 0x0C, 0x9C, 0xFA, 0x03, 0x75, 0x5C, 0x57, 0x93, 0xE0, 0x1F,
    0xEA, 0x4A, 0x4C, 0x84, 0xCF, 0xF6, 0xC8, 0x2E, 0x1F, 0xEC, 0xEC, 0xD4, 0xC2, 0x50, 0x39, 0x8C,
    0x74, 0x33, 0xF2, 0xD8, 0x80, 0xB8, 0xB0, 0xD9, 0x88, 0xBC, 0x02, 0xF3, 0x1E, 0x9B, 0x8F, 0xC2,
    0xE5, 0x53, 0x9D, 0x0F, 0xB9, 0xD9, 0x2D, 0xDD, 0x2B, 0xEA, 0xED, 0x3E, 0x3E, 0xA5, 0xF5, 0xE8,
    0x51, 0x28, 0x3C, 0x2A, 0x09, 0x91, 0x1E, 0x80, 0x48, 0x6F, 0x18, 0xEA, 0xD6, 0x4B, 0xD1, 0xF7,
    0xF7, 0x71, 0xEC, 0x3C, 0xF7, 0x84, 0x90, 0xA7, 0x61, 0xFA, 0x3F, 0xA5, 0x58, 0x41, 0x6C, 0x23,
    0x57, 0x19, 0xFE, 0xDE, 0x8C, 0xED, 0x69, 0x32, 0x9B, 0x19, 0x1F, 0x52, 0x69, 0x57, 0xC4, 0x31,
    0x87, 0x1C, 0xD2, 0x95, 0xB3, 0xE1, 0x30, 0x2C, 0x53, 0x76, 0x1C, 0xBF, 0x16, 0x51, 0x0E, 0x48,
    0xC8, 0x87, 0x0D, 0x12, 0x14, 0xA1, 0x1C, 0x38, 0x95, 0x6D, 0x37, 0x20, 0x6F, 0x37, 0x88, 0x65,
    0x33, 0x70, 0xAD, 0xD4, 0xFA, 0x40, 0x39, 0x1B, 0xA9, 0x87, 0xD4, 0x48, 0xC5, 0x07, 0x1F, 0x56,
    0x68, 0xD9, 0x3C, 0x69, 0x0F, 0x20, 0x21, 0x90, 0x25, 0x54, 0x38, 0x15, 0x8D, 0xC4, 0xDE, 0x90,
    0xD0, 0x08, 0x19, 0x29, 0x6C, 0x9D, 0x1D, 0xFE, 0xFF, 0x8D, 0x9D, 0x38, 0x1B, 0x27, 0x99, 0x69,
    0xFD, 0xFE, 0xE7, 0x64, 0xC6, 0x6F, 0xFE, 0xFF, 0x7F, 0xEF, 0xFD, 0xEF, 0xFB, 0xBF, 0x7F, 0x8C,
    0x24, 0x84, 0xD8, 0x94, 0xC0, 0x2A, 0x80, 0x3A, 0xF5, 0x47, 0xD4, 0xFF, 0x05, 0x88, 0xBF, 0x4A,
    0x18, 0x8F, 0x15, 0xCC, 0x9F, 0x2B, 0x58, 0x88, 0xE0, 0x76, 0x63, 0x54, 0x93, 0x21, 0x6A, 0x08,
    0xE0, 0xD3, 0x77, 0x0B, 0x0E, 0x62, 0xB8, 0xB0, 0x12, 0x7A, 0x1C, 0xB8, 0x09, 0x3B, 0x91, 0x45,
    0x4B, 0xC1, 0x60, 0xB1, 0x12, 0x75, 0xCD, 0x50, 0x81, 0xA1, 0x7C, 0x53, 0xD5, 0xAB, 0xCA, 0x3D,
    0x50, 0x48, 0x3F, 0xE6, 0x2B, 0x0A, 0x22, 0x21, 0x6B, 0x8B, 0xF8, 0xCC, 0x16, 0xE9, 0x33, 0x6F,
    0xC2, 0x7C, 0xC6, 0x46, 0x33, 0xD9, 0xFD, 0xCC, 0x76, 0x2E, 0x51, 0xF7, 0xA9, 0x7B, 0xD4, 0xD7,
    0xD3, 0x09, 0x5C, 0x68, 0xCF, 0x08, 0x49, 0x29, 0x6C, 0x9A, 0x6A, 0xC4, 0xE3, 0xE9, 0xD2, 0x96,
    0xA8, 0xE8, 0x09, 0xBF, 0xD1, 0xB6, 0x92, 0xB8, 0x8A, 0x72, 0x00, 0xB2, 0x81, 0x1E, 0xC8, 0xCA,
    0x58, 0xFA, 0xC0, 0x8E, 0xF6, 0xD1, 0xFD, 0xB8, 0x63, 0x24, 0x51, 0xEA, 0xF4, 0x0E, 0x22, 0x21,
    0xD1, 0x74, 0x0F, 0xEB, 0x85, 0x3E, 0x0D, 0x4A, 0x5B, 0x1F, 0xF5, 0xEF, 0xD8, 0x23, 0xFA, 0xFD,
    0x32, 0xB0, 0x4B, 0x53, 0x09, 0x05, 0x64, 0x2E, 0xC5, 0x22, 0xB4, 0x62, 0x27, 0x58, 0x2C, 0x9E,
    0xA9, 0xB8, 0xA6, 0x05, 0xF9, 0xDC, 0x15, 0x4A, 0x0C, 0xE8, 0xCF, 0x19, 0x3A, 0x85, 0x0C, 0xC9,
    0x53, 0xDC, 0xCF, 0xBD, 0x0A, 0x8B, 0x45, 0x27, 0x30, 0xE3, 0xB3, 0x57, 0xC1, 0x10, 0xA1, 0xF1,
    0x07, 0x89, 0xDF, 0xB3, 0xE2, 0xAB, 0x1F, 0xA0, 0x91, 0x28, 0x5F, 0x0C, 0x7D, 0x04, 0x3E, 0xD6,
    0x7C, 0x2C, 0xFB, 0x70, 0x26, 0x52, 0xD1, 0x37, 0x87, 0xF5, 0x1F, 0x46, 0x0D, 0x8A, 0x1B, 0xF1,
    0x75, 0x7A, 0xF4, 0x4F, 0xD4, 0xFF, 0x4C, 0xFD, 0x8F, 0x10, 0xAF, 0x2A, 0x54, 0x9F, 0x2A, 0x04,
    0xB6, 0x42, 0xDF, 0x54, 0x88, 0x8D, 0x93, 0x9D, 0xEF, 0xD1, 0xEE, 0xC2, 0xFD, 0x6F, 0x1A, 0xC6,
    0xF3, 0x1F, 0x92, 0x8B, 0x49, 0x4C, 0x61, 0x72, 0x8F, 0xBA, 0x4B, 0xDD, 0x96, 0x0E, 0xAC, 0xB0,
    0x7A, 0xD3, 0x0C, 0x77, 0x47, 0x66, 0xE8, 0x80, 0xBB, 0x25, 0xD3, 0xDF, 0xEA, 0x70, 0xBF, 0x7B,
    0x40, 0xE3, 0x43, 0x5E, 0x07, 0x8A, 0x19, 0x91, 0x0C, 0xC5, 0x6F, 0x9E, 0xE0, 0x55, 0x45, 0x26,
    0xEB, 0xB6, 0x22, 0xE5, 0x64, 0xE3, 0x48, 0xFA, 0x69, 0x20, 0x69, 0x4B, 0xEE, 0x33, 0x14, 0x37,
    0x71, 0xB5, 0x4B, 0xF3, 0x92, 0xBE, 0x8E, 0xC4, 0x54, 0x1A, 0x09, 0x36, 0xBA, 0x98, 0xBE, 0xB3,
    0xA1, 0xC7, 0x54, 0x47, 0x28, 0xDE, 0x84, 0x68, 0xC2, 0x3D, 0x44, 0xE0, 0xA2, 0x67, 0x86, 0xB1,
    0x19, 0x26, 0x89, 0x4A, 0x57, 0x97, 0x16, 0x7B, 0xE3, 0xDB, 0xD2, 0x4E, 0xC6, 0x27, 0xF1, 0xD2,
    0x3C, 0x68, 0x05, 0x69, 0x70, 0x76, 0xFD, 0x1C, 0x75, 0x97, 0xE0, 0x1E, 0xF0, 0x53, 0x99, 0xAC,
    0x44, 0x5A, 0x90, 0xC3, 0x84, 0x20, 0x78, 0xE0, 0x40, 0xCA, 0xA4, 0x3F, 0x87, 0xE7, 0x0B, 0x1A,
    0x05, 0xE8, 0xBA, 0x2A, 0x33, 0x29, 0xAF, 0x4C, 0x9E, 0xD7, 0xC7, 0xFE, 0x85, 0x12, 0xEC, 0x0A,
    0xCC, 0x21, 0x05, 0x78, 0x0E, 0xA3, 0x74, 0xC6, 0x9C, 0x00, 0x66, 0xCC, 0xDB, 0x9E, 0x69, 0xB9,
    0xE6, 0x48, 0x97, 0xC4, 0x7F, 0x14, 0x64, 0x53, 0x9F, 0x92, 0x51, 0x55, 0x16, 0x4E, 0x9C, 0x12,
    0xEB, 0x30, 0x16, 0x6F, 0xF6, 0x51, 0xD9, 0x41, 0xA5, 0x8E, 0x8A, 0xFB, 0xF1, 0x9B, 0x46, 0x72,
    0xC0, 0x0F, 0xB6, 0xD9, 0x37, 0xB7, 0x86, 0x42, 0x91, 0x6D, 0x55, 0xFF, 0xA7, 0x28, 0x92, 0x7B,
    0x33, 0xE3, 0xEA, 0xA9, 0x06, 0x2E, 0x53, 0x95, 0xAD, 0x90, 0xDC, 0x2E, 0xFD, 0x52, 0xDB, 0x55,
    0x1D, 0xEC, 0x2B, 0xBC, 0x88, 0x7C, 0x46, 0x29, 0x84, 0xE6, 0xC6, 0x21, 0x94, 0xDB, 0x28, 0x6D,
    0x87, 0x73, 0x84, 0x31, 0x99, 0x2D, 0x0E, 0xC6, 0xE1, 0x94, 0xDB, 0x5C, 0x2E, 0x2B, 0xF3, 0xDA,
    0xBD, 0x25, 0xED, 0x5E, 0x19, 0xE8, 0xB0, 0x5D, 0xDE, 0xC1, 0xBC, 0x46, 0x57, 0x39, 0xE1, 0x88,
    0xBF, 0x33, 0x40, 0xAF, 0xE0, 0x32, 0x25, 0x96, 0x69, 0x69, 0x24, 0xA3, 0x8D, 0xEE, 0xC3, 0xE7,
    0x6E, 0x92, 0x94, 0x24, 0x5C, 0x05, 0xBF, 0x87, 0xE6, 0x22, 0x04, 0x08, 0x43, 0x26, 0xF2, 0x8A,
    0xB4, 0x76, 0x63, 0x2B, 0xBA, 0x67, 0x85, 0x35, 0x4B, 0x2E, 0x9D, 0x96, 0x39, 0x94, 0x18, 0x87,
    0xF0, 0xFD, 0xCD, 0xD7, 0x9B, 0x49, 0x92, 0xC4, 0x29, 0x26, 0xD9, 0x84, 0x3B, 0x09, 0x25, 0xB8,
    0xDF, 0xEA, 0xDF, 0x66, 0xF5, 0x82, 0x8E, 0xF5, 0xFD, 0x3D, 0xBC, 0xB5, 0xC7, 0xFF, 0x54, 0xF6,
    0xC3, 0xEA, 0xDF, 0xA2, 0x2A, 0x7A, 0x15, 0x6C, 0x9F, 0x96, 0xEA, 0x6B, 0xD7, 0x0F, 0xCB, 0xE5,
    0xF9, 0x0F, 0xEC, 0x27, 0x86, 0x3A, 0xDD, 0xCC, 0x81, 0x7B, 0xE0, 0x7E, 0xED, 0xAB, 0x87, 0x65,
    0x02, 0x79, 0x31, 0x38, 0xDD, 0xF6, 0xE3, 0xCD, 0xE6, 0xD5, 0xF6, 0x7A, 0xDB, 0xC6, 0xE9, 0xE6,
    0xCA, 0x46, 0xB4, 0x1B, 0xBF, 0xD8, 0xE4, 0x29, 0x9F, 0x6E, 0xB4, 0x0B, 0x5F, 0x6A, 0x44, 0x45,
    0x9C, 0xF7, 0x34, 0xB0, 0xE5, 0x35, 0xE2, 0xA2, 0x9C, 0xAD, 0xE1, 0xBC, 0x27, 0x8D, 0xD0, 0xA2,
    0x94, 0xCD, 0xE9, 0xBA, 0xC2, 0x2B, 0x70, 0xF4, 0x59, 0xDD, 0xDE, 0xDE, 0xD0, 0x83, 0x70, 0xBE,
    0xE1, 0xD6, 0xD1, 0xE7, 0x6A, 0x7B, 0x6B, 0xBD, 0x1D, 0xDB, 0x38, 0x4F, 0x5C, 0x19, 0x37, 0x22,
    0x7D, 0xF8, 0x45, 0x84, 0x86, 0xC2, 0x4B, 0x68, 0x2D, 0xB5, 0x74, 0xB4, 0xF1, 0xDF, 0xE7, 0x1B,
    0xB8, 0xD5, 0xCC, 0x03, 0xD1, 0x16, 0x6D, 0x33, 0x76, 0x6A, 0x84, 0x29, 0xED, 0x59, 0x6B, 0x3B,
    0x69, 0x86, 0xDA, 0x0D, 0x5F, 0xC2, 0xD1, 0x58, 0x9C, 0x3D, 0xAE, 0xA1, 0xAE, 0x60, 0x05, 0x5B,
    0xBE, 0x88, 0x7C, 0x2B, 0xF4, 0x1D, 0xF8, 0x44, 0x7E, 0x62, 0xDC, 0x18, 0xA0, 0x11, 0x23, 0xD8,
    0x81, 0xBF, 0x06, 0xDF, 0x05, 0xD1, 0x1A, 0x1E, 0xC0, 0x99, 0x59, 0xB3, 0xA0, 0x6D, 0x7D, 0x08,
    0xF5, 0xB9, 0x68, 0x4D, 0x8B, 0x8B, 0x56, 0x80, 0x56, 0x8C, 0xB7, 0x15, 0x7E, 0xAA, 0x70, 0x9F,
    0xD6, 0xA4, 0xAF, 0xEF, 0xD0, 0x7D, 0x2B, 0xD4, 0xF4, 0x40, 0x9F, 0x0E, 0x39, 0xCE, 0x3D, 0xE3,
    0xF1, 0x7D, 0xDC, 0x89, 0x66, 0x8C, 0x2F, 0x81, 0xC9, 0x57, 0xA0, 0xAD, 0xAC, 0xE0, 0x04, 0xB0,
    0xCE, 0x94, 0x8D, 0xAE, 0x24, 0xB4, 0x2D, 0x61, 0x99, 0x2E, 0xCA, 0xD4, 0x5A, 0xE7, 0xB4, 0xEC,
    0xFA, 0xD8, 0xCF, 0xF4, 0xEC, 0xEB, 0xA4, 0x5F, 0x6E, 0x9D, 0xF8, 0xC0, 0xDB, 0xEE, 0x60, 0xC5,
    0x90, 0xBE, 0x05, 0x7F, 0x1E, 0x7E, 0xE1, 0x02, 0x65, 0x65, 0x79, 0x47, 0xBD, 0x1D, 0xDE, 0xC9,
    0xEE, 0x54, 0x4D, 0xCB, 0x69, 0x3D, 0x27, 0x9E, 0xBB, 0xAB, 0xEE, 0xAA, 0xE9, 0xEB, 0x39, 0x8D,
    0xAA, 0xC7, 0xB2, 0x08, 0xE7, 0x80, 0xE1, 0x84, 0x78, 0xD7, 0x5B, 0x93, 0x9B, 0x6E, 0xB7, 0xED,
    0x26, 0x03, 0x31, 0x1D, 0xC5, 0x5B, 0x76, 0x54, 0x95, 0x8D, 0xA9, 0x3B, 0xD3, 0xA4, 0x75, 0x15,
    0x73, 0x75, 0x38, 0x0D, 0x38, 0x37, 0x94, 0x73, 0x7D, 0xE0, 0x78, 0xB1, 0xE3, 0xF9, 0x8E, 0xB7,
    0xE6, 0x78, 0xAE, 0xE3, 0x59, 0xEF, 0x7A, 0xC6, 0x3F, 0x3C, 0x3C, 0xF3, 0x70, 0xDF, 0xC3, 0x35,
    0x5C, 0xD1, 0x9B, 0x46, 0xE8, 0xAA, 0xE9, 0xFD, 0xDD, 0x44, 0xFE, 0xCC, 0x52, 0x3B, 0x86, 0x6A,
    0x89, 0x19, 0x92, 0x43, 0x2D, 0x34, 0x1E, 0xD7, 0x52, 0x16, 0x7E, 0xB1, 0x66, 0x1E, 0xD3, 0xD3,
    0x89, 0x42, 0xA5, 0xB9, 0xE2, 0x98, 0x7A, 0x66, 0x37, 0x9A, 0x26, 0x7C, 0x43, 0x27, 0xFC, 0x0B,
    0x2D, 0xA6, 0xDB, 0xC7, 0x89, 0x45, 0xC8, 0x7F, 0xDE, 0x3E, 0x30, 0xA3, 0xC0, 0x54, 0x15, 0x62,
    0x80, 0xA7, 0x85, 0x1C, 0xD8, 0xD0, 0x0E, 0x7C, 0x45, 0x39, 0x5F, 0x8E, 0xB4, 0x03, 0x81, 0xE3,
    0x2D, 0x3B, 0x9E, 0xED, 0x78, 0xE6, 0x5F, 0x3C, 0xF1, 0x6F, 0x0F, 0x8F, 0x3C, 0x6C, 0x78, 0x14,
    0xCA, 0xBC, 0x57, 0x6B, 0xB0, 0x46, 0x30, 0xDA, 0x54, 0x73, 0x90, 0x03, 0xF7, 0xCF, 0x99, 0x72,
    0x2A, 0x74, 0xC2, 0x1A, 0x21, 0xED, 0x82, 0x48, 0x68, 0xE6, 0x5C, 0xD1, 0x7D, 0x24, 0x61, 0x7F,
    0x3A, 0xA4, 0x25, 0xAC, 0xD3, 0xC6, 0xD0, 0xD1, 0xA2, 0x4D, 0xED, 0x11, 0x4D, 0x8D, 0x89, 0x9E,
    0x4E, 0x7A, 0x9F, 0xD0, 0x72, 0x87, 0x7E, 0xAB, 0x93, 0x49, 0xF7, 0xFD, 0x87, 0x18, 0x17, 0x1F,
    0x4C, 0x56, 0x88, 0x7A, 0xD2, 0xEC, 0x89, 0x83, 0xD6, 0xED, 0x90, 0x49, 0xAA, 0x18, 0x1C, 0x49,
    0x8B, 0x72, 0xDE, 0x17, 0xA4, 0x7D, 0x38, 0x3E, 0xCE, 0x54, 0x53, 0x10, 0x2A, 0x30, 0xC1, 0x25,
    0x0E, 0xF1, 0x79, 0xAC, 0x4E, 0xD3, 0xD2, 0x4C, 0xB6, 0xB7, 0xDA, 0x60, 0xBE, 0x24, 0x1E, 0x53,
    0x7E, 0x2E, 0x7E, 0x3E, 0xDB, 0xC6, 0x6B, 0xB0, 0x1D, 0x2C, 0xF8, 0x58, 0x2C, 0x67, 0xB3, 0xFD,
    0x51, 0xF7, 0x43, 0xFB, 0xD3, 0xE4, 0xF0, 0x1A, 0x45, 0x5B, 0x40, 0xBD, 0x45, 0x9D, 0x5B, 0x8C,
    0xFD, 0x51, 0x8C, 0xDF, 0xED, 0xC5, 0xE3, 0xEB, 0x1D, 0xEA, 0x75, 0xEA, 0xEE, 0xFB, 0x4F, 0xF7,
    0x8C, 0x24, 0x49, 0x9F, 0x6D, 0x0A, 0xE9, 0x1E, 0xAE, 0x0F, 0x03, 0xBB, 0xBF, 0xD6, 0x33, 0x23,
    0x27, 0x36, 0x06, 0x6E, 0x4C, 0x3F, 0xD2, 0x5F, 0x70, 0x6F, 0x11, 0x69, 0xAC, 0x57, 0x7F, 0x72,
    0xC5, 0x1E, 0x55, 0x0F, 0x27, 0xCC, 0x70, 0x72, 0xB4, 0x74, 0x99, 0x43, 0xB8, 0x43, 0xC0, 0x3C,
    0x60, 0x6C, 0xA6, 0x6F, 0x4B, 0x51, 0x51, 0xF3, 0xF2, 0x2D, 0x0D, 0xD8, 0xB6, 0x9C, 0x60, 0x76,
    0x8C, 0x2D, 0x11, 0x99, 0x44, 0x3F, 0x50, 0xFE, 0xF1, 0x70, 0x57, 0xDE, 0x7B, 0x0E, 0x74, 0x72,
    0xE8, 0x39, 0x89, 0xFD, 0xB3, 0xD5, 0xF1, 0x90, 0x6D, 0x06, 0x4C, 0xBC, 0x60, 0x1C, 0x9F, 0x9D,
    0xEC, 0x46, 0x9A, 0x8B, 0x7E, 0xCF, 0x55, 0x44, 0xB2, 0x66, 0x6B, 0x27, 0x52, 0xB6, 0xAC, 0x8F,
    0x19, 0x91, 0xCD, 0xAE, 0x74, 0x13, 0xB5, 0x06, 0x19, 0xE8, 0x45, 0xA1, 0xDB, 0xF6, 0x13, 0x62,
    0x30, 0xF4, 0x27, 0xAD, 0x1D, 0x22, 0xFA, 0x7E, 0xF9, 0x75, 0xB5, 0xFE, 0x4C, 0x3B, 0x7B, 0x59,
    0xD7, 0x94, 0x91, 0x06, 0x25, 0xDA, 0xD5, 0x04, 0x41, 0x91, 0xD5, 0x5C, 0x4B, 0x9F, 0x7A, 0xA4,
    0x2B, 0x75, 0x0B, 0x5E, 0x15, 0x8D, 0x51, 0x1A, 0x51, 0x10, 0x23, 0x98, 0xEF, 0xA1, 0x28, 0x64,
    0x2E, 0x43, 0xA2, 0xCD, 0x4C, 0xDF, 0xA9, 0x81, 0xB3, 0x6E, 0x06, 0x43, 0x39, 0x94, 0xD3, 0xD5,
    0x90, 0xE9, 0xA4, 0xF1, 0x80, 0xC1, 0xE0, 0x42, 0xE5, 0x0C, 0x06, 0x11, 0x6F, 0x87, 0xE8, 0xC1,
    0x90, 0x3C, 0x11, 0x9A, 0x0E, 0x46, 0xB9, 0x97, 0x8E, 0xCB, 0x97, 0x1A, 0x4F, 0x0A, 0xCD, 0x4C,
    0x33, 0x7A, 0xA3, 0xDB, 0x49, 0x92, 0x21, 0x07, 0xE9, 0x85, 0x42, 0xA1, 0xF4, 0x80, 0x29, 0xB6,
    0xB8, 0xC5, 0xEB, 0x56, 0x20, 0x7C, 0x5F, 0xC6, 0xFE, 0xB0, 0x82, 0xE3, 0xB6, 0x40, 0xD4, 0xCA,
    0x1A, 0x1A, 0x21, 0x1D, 0x86, 0xED, 0x52, 0x54, 0x92, 0x45, 0x03, 0xE6, 0xBB, 0xBC, 0x35, 0xE4,
    0x49, 0x0E, 0x43, 0x14, 0x4F, 0x66, 0x58, 0x30, 0xB1, 0x20, 0x78, 0xB2, 0xFB, 0x43, 0x4D, 0x71,
    0x4F, 0x0A, 0xE5, 0x16, 0x97, 0xF8, 0xF5, 0x70, 0xF6, 0x14, 0xE6, 0x9F, 0x86, 0x55, 0x82, 0xD3,
    0x53, 0x9A, 0xA7, 0x7D, 0xBE, 0xDD, 0xD9, 0xED, 0x1C, 0xFB, 0x4C, 0x48, 0x12, 0xB5, 0xAD, 0xDB,
    0x4A, 0x08, 0x7C, 0x11, 0x97, 0x5B, 0xA8, 0x9D, 0x25, 0xC4, 0xF6, 0x89, 0x72, 0x55, 0x7F, 0x15,
    0x9B, 0x8C, 0x9C, 0xB0, 0x7F, 0x21, 0x2B, 0x09, 0x98, 0x3B, 0x93, 0x7E, 0x43, 0x3D, 0x27, 0xDB,
    0x04, 0xFD, 0xBA, 0xD0, 0xA0, 0x1A, 0x84, 0x5F, 0xA3, 0x25, 0xA1, 0xD8, 0x94, 0xB9, 0xF4, 0xA7,
    0x2F, 0x13, 0xB2, 0x28, 0x67, 0xFD, 0x42, 0xF1, 0x5B, 0xBA, 0xC5, 0x7C, 0x53, 0x60, 0xF8, 0x2E,
    0x4D, 0xE0, 0x3B, 0x8B, 0xA1, 0x45, 0xFD, 0x3E, 0xEE, 0xB1, 0xFE, 0xCE, 0x6B, 0xAB, 0x09, 0x73,
    0x0F, 0xE6, 0x25, 0xFE, 0x46, 0x46, 0x73, 0xBF, 0x66, 0x2A, 0x60, 0xBE, 0x03, 0x51, 0xC8, 0x67,
    0x8B, 0x52, 0x83, 0xF5, 0x2D, 0x2C, 0xAC, 0xA2, 0x50, 0xCE, 0x64, 0x28, 0xB3, 0x72, 0x4D, 0x89,
    0x2D, 0x3E, 0x45, 0xE3, 0xB7, 0x85, 0x17, 0x2A, 0xA7, 0xF1, 0xF3, 0x9A, 0x1B, 0x58, 0x29, 0x16,
    0xB7, 0x79, 0xB3, 0x38, 0x76, 0x09, 0x72, 0x81, 0x82, 0x60, 0x00, 0x6B, 0x23, 0x6C, 0x09, 0xAA,
    0x4C, 0x7D, 0x63, 0x68, 0xAA, 0xC0, 0x7C, 0x60, 0x52, 0xC9, 0x78, 0xCB, 0x92, 0x15, 0x7B, 0x89,
    0x4A, 0x3E, 0x67, 0xC1, 0x85, 0xBB, 0xE0, 0x52, 0xE9, 0xB7, 0x44, 0x8F, 0xD0, 0xFD, 0x5B, 0xA0,
    0x11, 0x0F, 0x48, 0x09, 0x21, 0xB6, 0x11, 0x0B, 0x5D, 0x96, 0xD0, 0x99, 0xA7, 0x42, 0x94, 0xA9,
    0x23, 0x97, 0xA2, 0x5C, 0x8B, 0x6A, 0xD7, 0xEC, 0xD0, 0x6F, 0xB9, 0x6A, 0xDB, 0xAF, 0xA8, 0x5E,
    0x50, 0x8B, 0xA2, 0x9A, 0xDF, 0x1B, 0x2C, 0x78, 0x3F, 0x52, 0x4E, 0xEF, 0xBA, 0xB2, 0x3B, 0x37,
    0x42, 0x6B, 0xB0, 0x2E, 0x4D, 0xE5, 0x9E, 0xC0, 0xD0, 0x2D, 0xAC, 0x50, 0x62, 0x0C, 0x10, 0x55,
    0x0C, 0xE5, 0x9A, 0xA1, 0xF5, 0x1E, 0x8C, 0x4F, 0x34, 0x18, 0xF5, 0x35, 0x0A, 0x4C, 0x8B, 0x7E,
    0x89, 0x41, 0x3E, 0xF1, 0x24, 0x98, 0x4B, 0x0D, 0x5A, 0x06, 0x79, 0xCF, 0xE5, 0xAE, 0xE3, 0x72,
    0x6A, 0xB6, 0xBE, 0x07, 0xF3, 0x21, 0xC4, 0x50, 0x57, 0xEF, 0x8C, 0x54, 0x54, 0x6D, 0x33, 0x76,
    0xFD, 0x80, 0x56, 0xE0, 0x1B, 0x30, 0xBF, 0x99, 0xA2, 0x77, 0x66, 0x73, 0xA5, 0x49, 0x46, 0x29,
    0xE3, 0x6A, 0xB7, 0xD3, 0x48, 0x62, 0x18, 0x5A, 0xA3, 0xCB, 0xBC, 0x8B, 0xD1, 0x31, 0x1E, 0x9B,
    0x70, 0x35, 0x4C, 0x6C, 0x74, 0x3B, 0xBB, 0x34, 0x66, 0x3A, 0x9D, 0xE8, 0x37, 0x3F, 0xBC, 0x17,
    0x35, 0xCD, 0xFE, 0x22, 0x1E, 0x6C, 0x6B, 0xAD, 0xF5, 0x4D, 0xEC, 0x26, 0x93, 0xE2, 0x08, 0x39,
    0xF4, 0xD3, 0x9D, 0xF4, 0xF5, 0xD7, 0x85, 0xCA, 0x19, 0xD6, 0xDF, 0x19, 0xC3, 0x7A, 0x76, 0xFD,
    0xD3, 0xAF, 0xA4, 0x2E, 0x36, 0xD1, 0x5C, 0xA7, 0xCC, 0x7C, 0x56, 0x25, 0xF5, 0x7F, 0xB5, 0x58,
    0x4F, 0x6C, 0x1C, 0x57, 0x19, 0xFF, 0xBD, 0x19, 0xAF, 0x27, 0xEE, 0xC8, 0x1E, 0x1F, 0x0C, 0x4A,
    0x15, 0xAF, 0xC7, 0x07, 0x1F, 0xA2, 0x68, 0x6D, 0x5F, 0xDC, 0x6A, 0xA2, 0xAE, 0x3D, 0x2F, 0x70,
    0x88, 0x44, 0xA5, 0xE2, 0x43, 0x5C, 0x10, 0x7F, 0x2A, 0x1F, 0x38, 0xA0, 0xD2, 0x56, 0x11, 0xDA,
    0x0A, 0xA3, 0x26, 0xF1, 0x00, 0x07, 0x6E, 0xED, 0x0A, 0x41, 0xCE, 0x3D, 0xE4, 0xD2, 0x15, 0x6A,
    0x07, 0xE4, 0x03, 0x48, 0x21, 0x79, 0x69, 0x0E, 0x1C, 0xB8, 0x8C, 0x84, 0xAA, 0x9E, 0x80, 0x91,
    0x00, 0x21, 0x84, 0x80, 0x41, 0x2C, 0x92, 0x9B, 0xDA, 0x1E, 0x7E, 0xDF, 0x9B, 0xB1, 0xB1, 0x63,
    0xA7, 0xDD, 0x75, 0xC2, 0xCE, 0x7B, 0x5F, 0x36, 0xBB, 0xFB, 0xBE, 0xEF, 0x7B, 0xEF, 0xFB, 0xBE,
    0xDF, 0xF7, 0x7B, 0x06, 0xB0, 0x8A, 0x77, 0x75, 0xEA, 0x7F, 0xDC, 0xCF, 0x17, 0x10, 0x9B, 0x36,
    0x02, 0x74, 0xE0, 0xEB, 0x14, 0x5E, 0x52, 0xC0, 0x3D, 0x98, 0x5B, 0xF0, 0xF4, 0x06, 0xBF, 0x5B,
    0xC6, 0x0C, 0x82, 0x9F, 0xDC, 0x86, 0x53, 0xE6, 0xA8, 0x5E, 0x67, 0xB1, 0xDA, 0x0E, 0xF6, 0x36,
    0x96, 0xFD, 0x3C, 0x75, 0x4C, 0xA1, 0xB2, 0x83, 0xD1, 0x71, 0xCD, 0xF2, 0x39, 0xED, 0xEF, 0xD6,
    0xBF, 0x9B, 0x9C, 0xC5, 0xD9, 0x4E, 0x07, 0xAD, 0xB4, 0x83, 0xC5, 0xAC, 0x83, 0x79, 0x9A, 0x69,
    0x9D, 0x38, 0x23, 0xCE, 0x36, 0x65, 0x70, 0xB3, 0xA0, 0x99, 0xA4, 0x5E, 0xEE, 0x69, 0xC0, 0x47,
    0xEA, 0xFC, 0x81, 0x73, 0x9B, 0xD3, 0x1C, 0x99, 0x57, 0x39, 0x69, 0x0F, 0xCB, 0xA1, 0x41, 0xF8,
    0x91, 0xA9, 0xD7, 0xC0, 0xD1, 0xB2, 0x5C, 0xFD, 0xD6, 0x2A, 0xB9, 0x61, 0x3F, 0x9A, 0xC2, 0x85,
    0x5B, 0x78, 0xAA, 0x77, 0x2B, 0x2E, 0x4D, 0x58, 0x6E, 0x47, 0xAA, 0x0F, 0x14, 0x11, 0xED, 0xA9,
    0x2C, 0xA2, 0x4F, 0xAE, 0x89, 0x64, 0x83, 0xB4, 0x3E, 0x81, 0xA6, 0x95, 0x6D, 0x2B, 0x0B, 0xCA,
    0xA6, 0xCA, 0x28, 0xDB, 0xB4, 0x12, 0xA1, 0x1F, 0x00, 0xCB, 0xDF, 0xCA, 0x43, 0xEA, 0xD9, 0xC3,
    0x62, 0xB9, 0x43, 0xC5, 0x0D, 0x47, 0x53, 0xB3, 0xFB, 0x26, 0xA8, 0x59, 0xED, 0x40, 0x34, 0xAF,
    0xCA, 0xEF, 0xF9, 0x15, 0x35, 0x07, 0xA5, 0xD5, 0xEC, 0x25, 0xA2, 0xAD, 0xD2, 0xDF, 0xB2, 0x72,
    0x43, 0x34, 0x5B, 0xFD, 0x6D, 0xC7, 0x6A, 0xE6, 0x46, 0xA9, 0x39, 0x58, 0xD3, 0xD4, 0x1C, 0x96,
    0x06, 0x4A, 0x77, 0x67, 0xE1, 0x98, 0x4E, 0x4E, 0x11, 0x26, 0x14, 0x0D, 0xA8, 0xCF, 0x71, 0x87,
    0xE1, 0x83, 0x7B, 0xE5, 0x4E, 0xDB, 0xE7, 0xBE, 0xB7, 0xE8, 0x52, 0x5E, 0x38, 0xC6, 0x35, 0x14,
    0x9E, 0xA6, 0xA0, 0xC3, 0x0E, 0x43, 0xC9, 0x2F, 0x52, 0x1E, 0xC9, 0xBD, 0x3F, 0x5F, 0x09, 0xFE,
    0xF3, 0xBE, 0x75, 0x12, 0x98, 0x83, 0x43, 0x2B, 0x9E, 0x1E, 0x74, 0xAE, 0xF4, 0x2E, 0xEB, 0xB8,
    0xBC, 0xAC, 0xF7, 0x23, 0x00, 0x67, 0x8F, 0x5A, 0x6E, 0x51, 0x8F, 0x57, 0xEB, 0x91, 0xFD, 0xC9,
    0xF4, 0x3E, 0x71, 0x52, 0x0F, 0x4F, 0xE6, 0xB2, 0x44, 0xB2, 0x9E, 0xD4, 0x05, 0xD1, 0xF5, 0x0D,
    0x4C, 0xA2, 0x33, 0xCD, 0x87, 0xD1, 0xB7, 0xFF, 0x3E, 0xF4, 0x40, 0x9E, 0x96, 0xBB, 0xAD, 0xBA,
    0xE7, 0x31, 0xA6, 0x92, 0x65, 0x4C, 0xB8, 0x26, 0x16, 0xF1, 0x9C, 0xA1, 0x78, 0x36, 0xA3, 0x58,
    0x2A, 0x44, 0x44, 0x22, 0xE6, 0x45, 0x04, 0x22, 0xBC, 0x37, 0x29, 0x9C, 0xDF, 0x53, 0x60, 0x4F,
    0xC4, 0x0D, 0x11, 0x0B, 0xAE, 0x24, 0x87, 0x15, 0x9E, 0x64, 0x45, 0x09, 0xBB, 0x1B, 0x6A, 0x76,
    0x0F, 0x34, 0x03, 0xD4, 0x0C, 0x88, 0xE6, 0x44, 0x34, 0x27, 0xA2, 0x39, 0x11, 0xCD, 0x89, 0x68,
    0x4E, 0x44, 0x73, 0x22, 0x9A, 0x13, 0xD1, 0x9C, 0x88, 0xE6, 0x44, 0x34, 0x8B, 0xBE, 0x87, 0xC4,
    0x5D, 0x51, 0xFF, 0x4D, 0x11, 0x69, 0x3D, 0x25, 0x03, 0xF1, 0x9D, 0x52, 0xA7, 0xD7, 0x3D, 0x93,
    0x6E, 0x38, 0x26, 0xED, 0xA8, 0x47, 0xCF, 0x43, 0xEB, 0x0A, 0x46, 0x3C, 0x03, 0x9E, 0xD2, 0x0E,
    0x12, 0xA8, 0x0F, 0x19, 0x8B, 0x3B, 0x95, 0x2E, 0xFA, 0xCE, 0x5C, 0x44, 0xF5, 0xFF, 0xBF, 0x49,
    0xB6, 0x6B, 0x38, 0xF7, 0x0D, 0xDC, 0xEF, 0x19, 0x1E, 0x73, 0x8E, 0xA0, 0x57, 0x30, 0x8F, 0xFA,
    0x75, 0x51, 0x49, 0x89, 0x49, 0x3A, 0x07, 0x92, 0xAF, 0x4C, 0x56, 0x66, 0x2A, 0xD3, 0x14, 0x57,
    0xE0, 0x97, 0xBA, 0xE1, 0x19, 0xA6, 0x17, 0x87, 0x57, 0x9A, 0x05, 0xE6, 0x8F, 0x63, 0x22, 0x96,
    0x70, 0x68, 0x82, 0x6D, 0x39, 0xAE, 0xD5, 0xD9, 0x4E, 0x1E, 0x32, 0xF9, 0x2E, 0x74, 0x17, 0xBB,
    0x3E, 0x8E, 0x3F, 0x81, 0x8E, 0xF3, 0xD5, 0xA9, 0xA8, 0x08, 0xF8, 0x1B, 0x49, 0x96, 0xE3, 0x8F,
    0xD2, 0xB4, 0xF4, 0x47, 0xEA, 0x8A, 0x6B, 0xCF, 0xDF, 0xD5, 0x20, 0xEE, 0x60, 0x81, 0xEE, 0x0F,
    0x8B, 0x3B, 0x67, 0x1A, 0xF0, 0x5B, 0x70, 0xFB, 0xD6, 0xFB, 0x55, 0x04, 0x7B, 0x58, 0xF6, 0x13,
    0xE6, 0xFB, 0xA3, 0x00, 0x88, 0xA7, 0xE6, 0xF0, 0xD0, 0xEE, 0x88, 0x61, 0x01, 0x22, 0xB4, 0x1E,
    0x35, 0x78, 0x46, 0x3C, 0xA8, 0xF0, 0x66, 0xE1, 0x5A, 0xEC, 0x39, 0x33, 0x0A, 0xBF, 0x09, 0xA7,
    0x32, 0x04, 0x01, 0x9B, 0x87, 0x06, 0xA1, 0xA7, 0x63, 0x8F, 0xA9, 0xC6, 0x9D, 0x35, 0xB8, 0xA5,
    0xBC, 0x51, 0xDF, 0xD7, 0xCE, 0x7D, 0xD1, 0x30, 0x94, 0x39, 0x6E, 0xA4, 0xB1, 0x26, 0x6A, 0x82,
    0x71, 0x34, 0xCE, 0x0C, 0x66, 0x91, 0x85, 0x39, 0x21, 0x85, 0x7D, 0x3A, 0x8B, 0x78, 0x1A, 0x02,
    0x52, 0xE9, 0x90, 0x46, 0x99, 0xE0, 0x3F, 0x48, 0xA4, 0x7E, 0xCF, 0x9F, 0xD2, 0xEE, 0xD8, 0x28,
    0xBC, 0x9F, 0x42, 0x15, 0xC3, 0xD9, 0x75, 0x32, 0xEB, 0xEA, 0x69, 0x8D, 0x8E, 0x56, 0x75, 0x99,
    0x0D, 0x67, 0x54, 0xAD, 0x22, 0xDC, 0xC3, 0x94, 0x9F, 0x58, 0xF3, 0xF9, 0x67, 0xD6, 0xF2, 0xB8,
    0xCC, 0xDB, 0xC8, 0x5A, 0x8E, 0x09, 0x9E, 0x4F, 0xBC, 0x3D, 0x54, 0x71, 0xAF, 0x03, 0x6F, 0x43,
    0x8F, 0xCA, 0xB9, 0xD3, 0x97, 0xA7, 0x57, 0x42, 0xD9, 0x44, 0xF0, 0x9E, 0x87, 0xD3, 0x18, 0xA8,
    0x42, 0x6D, 0x50, 0xA4, 0x63, 0xAC, 0xE9, 0xCA, 0x6C, 0x1B, 0x4F, 0xC2, 0x85, 0x59, 0x60, 0x8B,
    0xED, 0x7B, 0x30, 0x17, 0x94, 0x3D, 0x02, 0x71, 0x40, 0xF5, 0x7A, 0x9A, 0xEE, 0xF0, 0xD8, 0xFD,
    0x69, 0x7E, 0x34, 0x21, 0xA2, 0x25, 0xA2, 0x2D, 0xA2, 0x13, 0x12, 0x79, 0x8B, 0x99, 0x1E, 0xD4,
    0x83, 0xDB, 0xE2, 0xF5, 0x8E, 0xA4, 0x31, 0xBF, 0x08, 0x88, 0xF5, 0xEC, 0x87, 0x33, 0x3D, 0xDD,
    0xA6, 0x4F, 0x09, 0x42, 0x7E, 0xD1, 0xB8, 0xC2, 0xE2, 0x6B, 0xB0, 0x34, 0xE2, 0x62, 0xCC, 0x2B,
    0xAE, 0xC1, 0xCD, 0x58, 0xF9, 0xA6, 0xE9, 0x95, 0xE5, 0xAE, 0xC0, 0xB9, 0xED, 0xC8, 0x6E, 0x86,
    0xE5, 0x99, 0x5F, 0x7E, 0x39, 0xD8, 0x5E, 0xDC, 0xB6, 0x5B, 0x7E, 0xB9, 0x4B, 0xF7, 0x77, 0x10,
    0xEA, 0x11, 0x7B, 0x0A, 0x9D, 0x7D, 0x14, 0x55, 0x57, 0x50, 0x78, 0xBB, 0xDC, 0x5E, 0x13, 0xA9,
    0x7A, 0x0D, 0x1B, 0x4C, 0x8B, 0x65, 0xBE, 0x0F, 0x3E, 0x78, 0x95, 0xD0, 0x52, 0x2D, 0x55, 0x5A,
    0x28, 0x04, 0x3B, 0x6B, 0x6A, 0x1B, 0x6A, 0x35, 0xF8, 0x7E, 0xC3, 0x33, 0x8B, 0x77, 0xCC, 0xE8,
    0x8F, 0x0C, 0x5E, 0xCC, 0x50, 0x16, 0x93, 0x5E, 0x12, 0x97, 0x18, 0xFD, 0x31, 0x90, 0xAC, 0xE2,
    0xE7, 0x06, 0xB1, 0x46, 0x43, 0xEC, 0xD2, 0x2C, 0xAD, 0xB6, 0xAD, 0xCD, 0xD4, 0xE2, 0x36, 0x0D,
    0x16, 0xEA, 0xD5, 0x2D, 0x34, 0x37, 0xD0, 0xA4, 0x31, 0xDA, 0xAA, 0x4C, 0x4D, 0x71, 0x4F, 0xDC,
    0x49, 0x21, 0xD0, 0x72, 0xA2, 0x51, 0x8E, 0xAD, 0xEA, 0x70, 0x1F, 0xD8, 0x43, 0x77, 0xCD, 0x81,
    0xD1, 0x86, 0xD2, 0xEE, 0x5B, 0x80, 0x45, 0xEF, 0x39, 0xAC, 0x47, 0x2A, 0x8F, 0xC8, 0x2D, 0x26,
    0x10, 0x31, 0x84, 0x05, 0x9E, 0xCB, 0x10, 0x17, 0x68, 0x93, 0x5B, 0xCC, 0x23, 0x22, 0xDB, 0x20,
    0xAD, 0xE1, 0x0F, 0xB0, 0xB5, 0x3A, 0x25, 0xDF, 0x06, 0x46, 0x3C, 0x55, 0x16, 0x38, 0x0E, 0x8D,
    0xC2, 0xFB, 0xBC, 0xF1, 0xBE, 0x08, 0xEF, 0x15, 0x78, 0xB7, 0xE1, 0xFD, 0x83, 0x89, 0xA7, 0xE5,
    0x13, 0x7E, 0x4E, 0x04, 0x3E, 0x2D, 0x54, 0x37, 0x6B, 0x7A, 0xB0, 0xC4, 0xB9, 0x58, 0xA7, 0xE3,
    0xA7, 0xC2, 0x75, 0x0E, 0x65, 0xF7, 0x2B, 0xE4, 0xAC, 0x4E, 0x29, 0xC9, 0xA8, 0xD3, 0xFA, 0x30,
    0x2E, 0x99, 0x57, 0x97, 0x41, 0xA8, 0xAD, 0x0B, 0xC1, 0xAE, 0x85, 0xD9, 0x21, 0x3D, 0x69, 0x38,
    0xF0, 0x5E, 0x80, 0xDA, 0x96, 0x85, 0x17, 0x7A, 0xDD, 0xB8, 0xCC, 0x84, 0x44, 0xCC, 0x80, 0x24,
    0x4E, 0xE5, 0x70, 0xFF, 0x0A, 0xE7, 0x3D, 0x23, 0xEF, 0x6C, 0xD0, 0x39, 0x5E, 0x3F, 0x67, 0x62,
    0x0B, 0x0E, 0x8C, 0xF4, 0x44, 0x5B, 0x22, 0xAD, 0xAC, 0xF9, 0xCD, 0x92, 0xD1, 0xAE, 0x51, 0x97,
    0xCA, 0xA9, 0x23, 0xA0, 0xCE, 0xD0, 0x62, 0x93, 0x6B, 0xEC, 0x48, 0x74, 0x80, 0xBB, 0xBB, 0xF8,
    0x6C, 0x97, 0x6B, 0x27, 0xDA, 0x6E, 0x21, 0x0B, 0x55, 0x76, 0xF2, 0xE3, 0x98, 0xD8, 0x3C, 0xFD,
    0x7F, 0xA1, 0xB5, 0xD4, 0xC9, 0x57, 0x6C, 0x6B, 0xDA, 0xEA, 0x7C, 0x32, 0x84, 0x56, 0x70, 0xDC,
    0x1C, 0x16, 0x8F, 0x43, 0x68, 0xA1, 0xEC, 0xA1, 0xD1, 0xF3, 0x91, 0xE1, 0xCA, 0x8F, 0x37, 0x17,
    0x49, 0x4D, 0xFE, 0x42, 0x0F, 0x5D, 0x7E, 0x2C, 0x39, 0xAE, 0x2D, 0x0E, 0xCF, 0x96, 0xCC, 0xB8,
    0x2C, 0x5A, 0x2B, 0xBD, 0xEA, 0xFD, 0xD1, 0xF9, 0xDD, 0x5F, 0x44, 0x58, 0xB4, 0xCD, 0x6E, 0xF6,
    0x35, 0xFD, 0xEC, 0xC7, 0xD9, 0x0A, 0x8A, 0x36, 0x3A, 0x11, 0xA2, 0x08, 0x4B, 0x91, 0xBC, 0x49,
    0x23, 0xE4, 0x52, 0xA8, 0x81, 0x8E, 0xAE, 0x23, 0xCE, 0x05, 0x4F, 0x22, 0xFC, 0x6F, 0xCC, 0x71,
    0x65, 0xD7, 0x22, 0x71, 0x4B, 0x76, 0x4A, 0xC2, 0x4A, 0xBA, 0x4A, 0xB2, 0x4A, 0xAA, 0x4A, 0xA2,
    0x4A, 0x9A, 0x4A, 0x92, 0x4A, 0x8A, 0x4A, 0x82, 0x4A, 0x7A, 0x4A, 0x72, 0x4A, 0x6A, 0x4A, 0x62,
    0x4A, 0x5A, 0x3A, 0xAA, 0x2D, 0xDD, 0xCD, 0x2D, 0x84, 0x4F, 0x09, 0xF5, 0x24, 0xF3, 0x24, 0xF1,
    0x24, 0xBF, 0x3C, 0x3E, 0xEC, 0x81, 0xFA, 0xBA, 0xAA, 0xDB, 0xA9, 0xBA, 0x65, 0xDC, 0xE7, 0xFC,
    0x90, 0xF3, 0x7A, 0xFD, 0xFF, 0xBF, 0xF0, 0xCC, 0xD9, 0xDD, 0xDC, 0xF7, 0x79, 0x24, 0x3A, 0x23,
    0xF5, 0x23, 0xA4, 0xB0, 0x7D, 0xCC, 0xAF, 0x6D, 0x30, 0x39, 0xA4, 0x7D, 0xCC, 0xD8, 0xF6, 0x21,
    0xAF, 0x05, 0xF0, 0xA0, 0x04, 0xDE, 0x7E, 0x07, 0xE7, 0x0B, 0x50, 0x7F, 0x1F, 0x94, 0x6C, 0x32,
    0x2D, 0x92, 0xFA, 0xD2, 0x27, 0xDC, 0xA6, 0xF2, 0xE5, 0xC9, 0x74, 0x14, 0x0B, 0x03, 0xD2, 0x0F,
    0x72, 0x0B, 0xF5, 0x43, 0x77, 0x16, 0xA6, 0x9B, 0xBD, 0x3A, 0x88, 0x5B, 0x23, 0x42, 0x62, 0x5F,
    0x20, 0x2A, 0xED, 0x70, 0xA7, 0xD7, 0xB9, 0xFB, 0x12, 0x1D, 0xE7, 0x37, 0x3A, 0xF5, 0x2E, 0x27,
    0x72, 0x6F, 0x28, 0x5A, 0x9C, 0x1D, 0xA2, 0x52, 0xEE, 0xE9, 0x37, 0x4C, 0x40, 0xDE, 0x3B, 0x83,
    0x90, 0xA8, 0xB4, 0x42, 0x54, 0x9A, 0x3C, 0x42, 0xBD, 0xC4, 0x0F, 0x1D, 0xB0, 0x17, 0x05, 0xC9,
    0x56, 0x68, 0x8A, 0x8B, 0x59, 0xF1, 0xB3, 0xEC, 0x5F, 0xF7, 0xB2, 0x7F, 0x5F, 0xCA, 0x78, 0x6B,
    0x59, 0x39, 0xA7, 0xDF, 0xD8, 0x95, 0x05, 0x63, 0xCC, 0x58, 0x9F, 0x70, 0xE3, 0xFC, 0x9A, 0x6B,
    0x2F, 0xE9, 0x53, 0x37, 0xF6, 0xB3, 0xEB, 0x68, 0xB6, 0xE1, 0x8D, 0x43, 0xA9, 0x81, 0x89, 0x85,
    0x5C, 0x65, 0x9C, 0x9B, 0xAC, 0x5E, 0x9C, 0xDE, 0xAE, 0x84, 0x75, 0x17, 0xDE, 0x97, 0x30, 0x32,
    0x98, 0xDD, 0xB9, 0x2E, 0xDA, 0x5C, 0xDB, 0x82, 0x1A, 0x21, 0xDE, 0x12, 0x87, 0xF4, 0xE1, 0x8A,
    0x60, 0x25, 0xAE, 0xF4, 0x8E, 0xD4, 0xC8, 0x8A, 0xFD, 0xCD, 0x7A, 0x57, 0x9A, 0xDC, 0xF4, 0x12,
    0x1A, 0x23, 0xC2, 0xDC, 0x08, 0xF5, 0xED, 0x00, 0x29, 0x23, 0xE1, 0x26, 0x65, 0x69, 0x2A, 0x68,
    0x66, 0xFC, 0x57, 0x5E, 0xD4, 0x7E, 0xB9, 0xCF, 0x9A, 0xB6, 0x31, 0xF1, 0x92, 0x78, 0x35, 0xB8,
    0x15, 0xC9, 0xCE, 0x3E, 0x9A, 0x5F, 0xC3, 0xC8, 0x60, 0x56, 0xCE, 0xAF, 0x37, 0x23, 0x7F, 0x5C,
    0x29, 0xE7, 0x1D, 0xE7, 0x23, 0x46, 0xFC, 0xF8, 0xD3, 0x77, 0xF7, 0xD6, 0xBB, 0x51, 0x31, 0x1D,
    0xD1, 0xED, 0x13, 0xA1, 0x9E, 0x0D, 0x34, 0x7B, 0x3D, 0xD5, 0x93, 0x9F, 0x74, 0x01, 0x93, 0x4B,
    0xE2, 0x33, 0x57, 0x27, 0x27, 0x4F, 0xBE, 0x80, 0x8D, 0x8E, 0x71, 0xAB, 0x6F, 0x55, 0xD5, 0xCB,
    0x7C, 0x7B, 0xAC, 0x0B, 0x98, 0xC4, 0x26, 0xC5, 0xB8, 0x8D, 0xCD, 0x20, 0x17, 0x30, 0xFB, 0xDA,
    0x24, 0xD2, 0x7E, 0xC0, 0xC8, 0xEA, 0xC7, 0xB3, 0x5D, 0x47, 0xEC, 0xEB, 0x36, 0x8F, 0x06, 0xB0,
    0x3D, 0xF7, 0xB6, 0xDC, 0x05, 0x88, 0x17, 0x92, 0x47, 0xB7, 0x6C, 0x84, 0x3D, 0x32, 0xA2, 0x4C,
    0x48, 0x11, 0xA5, 0x27, 0x5D, 0xFA, 0xE2, 0x2B, 0x96, 0x29, 0xF9, 0x7A, 0x9F, 0x2C, 0x15, 0x8C,
    0x46, 0x3A, 0x1E, 0x71, 0xC9, 0xC8, 0xF4, 0xAF, 0xC2, 0x2C, 0x24, 0x86, 0x1C, 0x7E, 0x6A, 0x1F,
    0xBE, 0x62, 0xB3, 0x66, 0x60, 0x9D, 0x8C, 0x4F, 0xFE, 0x4C, 0x87, 0xF1, 0x99, 0xFC, 0x76, 0x7F,
    0x53, 0x5F, 0x43, 0xE7, 0xC8, 0xC3, 0xFA, 0xE6, 0x5D, 0xD3, 0xFD, 0x21, 0x8B, 0x7B, 0xB8, 0x6B,
    0x0D, 0x37, 0x78, 0x50, 0x28, 0x03, 0xDE, 0xDE, 0x58, 0xCF, 0xCE, 0xCD, 0x84, 0xD5, 0x3C, 0xDC,
    0x65, 0xF1, 0xD0, 0xAE, 0x07, 0xBA, 0x39, 0xF5, 0x88, 0x6A, 0x66, 0x1E, 0xC4, 0x5E, 0x41, 0x3A,
    0x62, 0x97, 0xFF, 0x27, 0x0B, 0x25, 0x6C, 0xF3, 0x92, 0xD1, 0xE4, 0x57, 0xD9, 0xC5, 0xAF, 0x9A,
    0xC5, 0xEA, 0x0A, 0x95, 0x5A, 0x50, 0x36, 0xFB, 0x24, 0xB1, 0x44, 0xBB, 0x21, 0x05, 0xB7, 0x50,
    0xAD, 0xBA, 0x63, 0xFF, 0x64, 0xE4, 0x61, 0x29, 0x44, 0x5C, 0xB5, 0xFE, 0x5C, 0x6E, 0x72, 0xCA,
    0xFA, 0xF5, 0x72, 0xEF, 0xED, 0x92, 0x88, 0x93, 0xE2, 0xD3, 0x47, 0xC5, 0x46, 0xAF, 0xD6, 0xB7,
    0xC0, 0x11, 0xD2, 0xC3, 0x19, 0xDC, 0xED, 0x1F, 0x8E, 0xED, 0x38, 0x6B, 0x89, 0xC5, 0x4D, 0xEE,
    0x47, 0x0E, 0xC2, 0x54, 0x1D, 0x7D, 0x07, 0xF1, 0x7B, 0x66, 0xCE, 0xA9, 0x1D, 0x96, 0x7E, 0xBA,
    0x09, 0xF7, 0x9F, 0x5A, 0xC9, 0x27, 0x35, 0xD7, 0x83, 0x93, 0xCB, 0xA6, 0x36, 0x71, 0xAE, 0x8F,
    0x1B, 0x96, 0xE5, 0x11, 0x15, 0xE2, 0x5D, 0x4C, 0x05, 0xD6, 0x6D, 0x5F, 0x36, 0xEF, 0xEC, 0xC0,
    0x7F, 0xC9, 0xF6, 0xD7, 0x8A, 0x73, 0x0B, 0xDB, 0x12, 0x14, 0x61, 0x59, 0x4C, 0xDA, 0x3F, 0x51,
    0xA8, 0xFD, 0x3F, 0x51, 0xCC, 0xE1, 0x6C, 0x64, 0x0F, 0xFF, 0x60, 0xC4, 0xE5, 0xCE, 0x4A, 0xEF,
    0xF6, 0x43, 0x1F, 0x72, 0x3C, 0x92, 0xD2, 0x5F, 0xD2, 0xDE, 0x66, 0xE1, 0xE5, 0xD7, 0xBC, 0xA4,
    0xC5, 0x3E, 0x78, 0x7C, 0xFC, 0x17, 0x6D, 0x53, 0x4F, 0x68, 0xD3, 0x50, 0x18, 0xFF, 0xA5, 0x4D,
    0xF6, 0x2F, 0x1D, 0x7D, 0x87, 0x56, 0xCA, 0xD6, 0xAE, 0x39, 0x6C, 0x90, 0x8D, 0x76, 0xCD, 0xA1,
    0x48, 0xB6, 0x75, 0xF6, 0x4D, 0x50, 0xF0, 0x16, 0xC7, 0x22, 0xC8, 0x2E, 0x45, 0x26, 0x0C, 0x05,
    0xC9, 0xA1, 0xB8, 0x8A, 0xE2, 0xA2, 0xB2, 0x81, 0xB7, 0xA2, 0xC8, 0x2E, 0x1E, 0x7A, 0x50, 0xC4,
    0x0A, 0xA3, 0x87, 0x0A, 0x75, 0x60, 0x17, 0xE6, 0xC9, 0x5B, 0x0E, 0x5E, 0x07, 0x39, 0xE8, 0x4D,
    0xA1, 0x07, 0x0F, 0x43, 0xBA, 0xC5, 0x2F, 0xED, 0xC6, 0x40, 0xCC, 0x17, 0xF2, 0x7D, 0xEF, 0xF7,
    0xBE, 0xF7, 0x7D, 0xBF, 0xFC, 0xDE, 0x7B, 0x93, 0xC8, 0x40, 0x86, 0x80, 0x01, 0x1E, 0xA5, 0x88,
    0x21, 0x64, 0xCB, 0x5E, 0xAA, 0xC2, 0xC4, 0xF4, 0xD5, 0x8B, 0x5D, 0xC6, 0xF6, 0x3D, 0xD3, 0xF0,
    0x7D, 0xD3, 0x04, 0x5C, 0x6B, 0xD3, 0x95, 0xD0, 0xE9, 0xC0, 0x72, 0x1B, 0x1E, 0x30, 0x8D, 0x71,
    0x84, 0x79, 0x0A, 0x09, 0x48, 0x98, 0x77, 0x34, 0x67, 0xDE, 0x91, 0x30, 0x90, 0x48, 0x15, 0xF4,
    0x06, 0xE3, 0xCA, 0x50, 0xAA, 0x2C, 0x7B, 0x02, 0x37, 0x3A, 0x9D, 0x1A, 0xE3, 0x96, 0x6B, 0xB9,
    0x8A, 0x5D, 0xAA, 0xEA, 0x9D, 0x64, 0x5E, 0x12, 0x81, 0x28, 0x59, 0xBF, 0x18, 0x90, 0x73, 0xDE,
    0xD6, 0x38, 0x1B, 0x4A, 0x66, 0xF4, 0x0A, 0x12, 0x99, 0x42, 0xDE, 0xC2, 0x5A, 0xA5, 0x90, 0x89,
    0x9C, 0xC6, 0x25, 0x3D, 0x25, 0x0C, 0x67, 0xCB, 0x5C, 0x1A, 0x69, 0x8F, 0xC0, 0xA8, 0xB5, 0x6B,
    0x30, 0x79, 0xDD, 0x41, 0xDF, 0xA8, 0x6F, 0x14, 0x59, 0x1C, 0x81, 0x43, 0x71, 0x9D, 0x06, 0xA0,
    0xAA, 0x3E, 0x7C, 0x55, 0x8D, 0xA9, 0xBE, 0x8A, 0x38, 0x2F, 0x3A, 0x83, 0xB2, 0x2C, 0x3F, 0x8E,
    0xB9, 0x9E, 0xE7, 0x7D, 0x8E, 0x95, 0x9A, 0xAC, 0x4F, 0xFB, 0x9C, 0x6C, 0x32, 0xA3, 0x41, 0x5D,
    0x94, 0xEF, 0xAD, 0x41, 0xB5, 0x1A, 0x97, 0x10, 0x70, 0x05, 0x36, 0x8F, 0xAD, 0x51, 0x6B, 0x14,
    0xB8, 0x7E, 0x65, 0xE1, 0xA7, 0xC8, 0xCE, 0xFE, 0x23, 0x90, 0x24, 0x59, 0x66, 0x22, 0xFE, 0xE1,
    0x3D, 0x3B, 0x7C, 0xFF, 0x54, 0xA2, 0xB8, 0xC9, 0x8B, 0xBE, 0x73, 0xE7, 0x7D, 0xBD, 0x0E, 0xF8,
    0x3E, 0x90, 0xBE, 0x16, 0x88, 0xD7, 0x17, 0x2E, 0x40, 0xFC, 0x4E, 0xDC, 0x34, 0x39, 0x10, 0xF2,
    0xD2, 0xBC, 0x15, 0x40, 0x12, 0x46, 0x91, 0x84, 0x0E, 0x0D, 0x0D, 0xB8, 0x82, 0x13, 0xB6, 0xC3,
    0x5C, 0xEE, 0x41, 0x2A, 0xF2, 0x04, 0x01, 0xB6, 0xA5, 0x11, 0x5D, 0x04, 0x74, 0x36, 0x8F, 0x01,
    0xD3, 0xDC, 0xDB, 0xAD, 0x0E, 0xEC, 0xED, 0xC6, 0x57, 0x66, 0x5B, 0xB7, 0x9E, 0x03, 0x4B, 0xED,
    0x42, 0x1D, 0xA2, 0x9E, 0xCF, 0x44, 0x74, 0x9C, 0xB7, 0x55, 0x31, 0x81, 0x41, 0x08, 0x7C, 0x84,
    0x84, 0xC9, 0xC3, 0x40, 0x9F, 0x60, 0x25, 0x99, 0x64, 0x61, 0xFB, 0xDD, 0xFA, 0x07, 0x5D, 0x82,
    0xD1, 0x68, 0x25, 0x88, 0xEC, 0x7C, 0xDD, 0xD1, 0x10, 0xBC, 0xE7, 0x6B, 0xCF, 0x36, 0xAA, 0x3D,
    0x3E, 0x28, 0x81, 0xE7, 0xBE, 0x6E, 0x74, 0x2F, 0x30, 0x50, 0xAD, 0xB0, 0x23, 0x89, 0xC5, 0xD7,
    0xA5, 0x56, 0xC8, 0x0E, 0xD9, 0x80, 0x48, 0xB1, 0xD6, 0x1C, 0x1E, 0x5A, 0xE8, 0x32, 0x03, 0x88,
    0x68, 0xC5, 0xEE, 0x90, 0x42, 0x34, 0x0B, 0xA4, 0xFB, 0xFA, 0xD8, 0xE5, 0xEA, 0x77, 0x49, 0x68,
    0xB8, 0x80, 0xC6, 0xA7, 0x6C, 0x26, 0xF0, 0x18, 0x42, 0x18, 0x46, 0x30, 0xFE, 0x06, 0x41, 0x7B,
    0x02, 0x51, 0x11, 0x20, 0x42, 0x30, 0x56, 0xE0, 0xC4, 0xB9, 0x16, 0xE0, 0xDD, 0xDC, 0xB3, 0x0E,
    0x6A, 0xD9, 0x45, 0x43, 0x73, 0x5D, 0x0B, 0x39, 0xFB, 0x63, 0x6D, 0x4B, 0x89, 0x92, 0x38, 0x68,
    0x17, 0xF6, 0x80, 0x54, 0x33, 0x2B, 0xA0, 0x39, 0x51, 0x21, 0xE1, 0xCA, 0xFA, 0xC4, 0xA3, 0x07,
    0x87, 0x7C, 0xC9, 0xD5, 0x48, 0x96, 0x72, 0x99, 0x5A, 0x8E, 0xF1, 0x9C, 0x9D, 0xA6, 0x99, 0x58,
    0xEC, 0xE1, 0xAF, 0x17, 0xDB, 0x1B, 0x87, 0x89, 0xC9, 0xD2, 0xA7, 0x9B, 0x62, 0xA0, 0xAD, 0x0E,
    0x64, 0xA2, 0x5C, 0xE8, 0x84, 0x7C, 0xDF, 0x86, 0x64, 0xE0, 0x7F, 0xD8, 0xBE, 0x7F, 0x42, 0x68,
    0xFF, 0x2B, 0xFF, 0xE1, 0x91, 0xB9, 0x55, 0xFF, 0x88, 0x41, 0xE2, 0xBD, 0xE4, 0xFD, 0x13, 0xC8,
    0x3F, 0x56, 0xBD, 0x0C, 0x2D, 0x23, 0x09, 0x7A, 0x35, 0xE9, 0xA9, 0xD2, 0x36, 0xFE, 0x0E, 0x7C,
    0x30, 0x98, 0x0E, 0xEF, 0xEC, 0xB0, 0x69, 0xBC, 0xC4, 0x2B, 0xDC, 0x0E, 0x32, 0x18, 0x53, 0x14,
    0x85, 0x2E, 0xC5, 0x01, 0x0E, 0xF8, 0x0D, 0x02, 0x9E, 0x06, 0x11, 0x76, 0xE8, 0x3E, 0xCD, 0x94,
    0x8C, 0x29, 0x51, 0x20, 0x25, 0xEE, 0xE2, 0x4B, 0x0F, 0x02, 0x9D, 0x58, 0x1B, 0x75, 0x4A, 0x09,
    0x0C, 0x98, 0x59, 0xD7, 0xB6, 0x94, 0x6D, 0x65, 0x1B, 0x78, 0xE3, 0x38, 0x0E, 0xD8, 0x9C, 0xA2,
    0x24, 0x68, 0x62, 0x19, 0x53, 0x74, 0x1F, 0x41, 0x5E, 0x25, 0xBF, 0x4C, 0xD1, 0x5F, 0xB5, 0x5A,
    0x4D, 0x70, 0x1C, 0xC7, 0x75, 0x7E, 0x33, 0x03, 0x62, 0x04, 0x8C, 0x31, 0x83, 0x03, 0x63, 0xD1,
    0x24, 0x76, 0x57, 0xAE, 0xC2, 0xC1, 0x62, 0x2D, 0x08, 0x1D, 0xA0, 0xD2, 0x50, 0x5A, 0x60, 0x9B,
    0x71, 0x55, 0x74, 0x60, 0x95, 0xC5, 0x03, 0x41, 0xDB, 0x45, 0x57, 0xC8, 0x83, 0x4E, 0xAC, 0x98,
    0x58, 0x49, 0x43, 0x12, 0x10, 0x41, 0x60, 0x24, 0x1D, 0x7C, 0x48, 0xC5, 0x46, 0x9C, 0x92, 0x7D,
    0x72, 0x82, 0x03, 0x0F, 0xF4, 0xD2, 0x16, 0x47, 0xD6, 0x3A, 0x45, 0x2A, 0x20, 0xD1, 0x24, 0x0F,
    0x3A, 0xA8, 0x4A, 0x1E, 0x4A, 0xA1, 0x73, 0x50, 0xA2, 0x1A, 0xC7, 0x54, 0x14, 0x8B, 0xB2, 0x34,
    0xA9, 0x82, 0x2A, 0x4B, 0x12, 0xC0, 0xE4, 0x7B, 0x3D, 0xB3, 0x8B, 0xC5, 0x1F, 0xB9, 0x60, 0x29,
    0xD8, 0xD7, 0x8D, 0x99, 0xD9, 0xD9, 0xFE, 0x79, 0xFD, 0x7E, 0xBE, 0xF7, 0xBA, 0x3B, 0x05, 0x19,
    0x92, 0x28, 0x22, 0xEA, 0xA5, 0xDD, 0x55, 0x2A, 0x27, 0xC2, 0x25, 0x6A, 0x52, 0x39, 0xA1, 0x91,
    0x2A, 0xB5, 0x3E, 0x19, 0x51, 0xEF, 0x58, 0x7D, 0x04, 0xC2, 0x5F, 0xFB, 0x3F, 0x39, 0x56, 0x9D,
    0xA1, 0x24, 0x89, 0x49, 0x47, 0x6F, 0xAB, 0x4A, 0xB2, 0x48, 0xFA, 0xAD, 0x31, 0x5C, 0x9B, 0x42,
    0x97, 0x86, 0x9F, 0x16, 0x5C, 0x5F, 0x3D, 0x42, 0xFA, 0xF5, 0x45, 0x52, 0x7F, 0x3B, 0x54, 0x43,
    0x18, 0xA4, 0x48, 0x7B, 0x5C, 0xD5, 0xFE, 0x66, 0x44, 0xC7, 0x66, 0xCC, 0x24, 0x2E, 0x50, 0x6F,
    0x89, 0xC8, 0x23, 0x0A, 0x88, 0xEE, 0x56, 0x45, 0x92, 0x88, 0x58, 0x5D, 0x8F, 0x13, 0x0D, 0x13,
    0x39, 0x37, 0x03, 0x1D, 0x83, 0x22, 0xD2, 0xAA, 0xC2, 0x49, 0xE4, 0x00, 0x09, 0xBC, 0x0C, 0xCA,
    0x13, 0x59, 0xB7, 0x88, 0xE6, 0xF1, 0x4F, 0x92, 0x16, 0x72, 0xDF, 0x5A, 0xB8, 0xF7, 0xB0, 0x1C,
    0x5C, 0xE6, 0xE1, 0xF4, 0xBB, 0xAD, 0x7F, 0x44, 0xA7, 0xFC, 0x97, 0x7C, 0xA2, 0x2E, 0xB2, 0x37,
    0xFD, 0xD0, 0x8C, 0x16, 0x6E, 0xFE, 0xD1, 0xE5, 0xB4, 0xFF, 0x38, 0x86, 0x70, 0x2E, 0x65, 0x07,
    0x56, 0xA4, 0xAF, 0x51, 0xF9, 0xAA, 0xCA, 0x1D, 0x40, 0x55, 0x48, 0x7C, 0x5C, 0x75, 0x46, 0x86,
    0xE8, 0xA3, 0x98, 0xAB, 0xC0, 0xE4, 0xCA, 0x22, 0xDC, 0x8E, 0x51, 0xFE, 0x70, 0xB8, 0x48, 0x85,
    0xE5, 0x94, 0x5F, 0xFD, 0xF8, 0x80, 0x05, 0xEE, 0x06, 0xD5, 0x38, 0x2F, 0x51, 0xB2, 0x4C, 0x7B,
    0x47, 0x27, 0x8E, 0x48, 0x3C, 0xD3, 0x43, 0x54, 0x5A, 0xD4, 0xA8, 0xF8, 0x76, 0x78, 0xCC, 0x77,
    0xA9, 0xBC, 0x44, 0x1B, 0x2F, 0x99, 0xD8, 0x64, 0xC9, 0x56, 0x0A, 0x75, 0x13, 0x0D, 0x28, 0x9E,
    0x1F, 0xC0, 0x38, 0x8E, 0x72, 0xC3, 0x86, 0x74, 0x2D, 0x72, 0xF3, 0xE4, 0x96, 0xA8, 0x1C, 0xD3,
    0xC8, 0x02, 0x5F, 0xF0, 0xAD, 0x25, 0xF8, 0x2B, 0xEE, 0xB9, 0x46, 0xB3, 0xEA, 0x27, 0x98, 0xEF,
    0x36, 0xFC, 0xEA, 0x1B, 0x2E, 0x8D, 0xB8, 0x74, 0xC5, 0xD5, 0x3E, 0x72, 0x8D, 0x1F, 0xBB, 0x96,
    0xED, 0xF6, 0xD8, 0x6E, 0xC9, 0x76, 0x2B, 0xB6, 0x1B, 0xD9, 0x4F, 0x49, 0xBB, 0x2C, 0xEC, 0x11,
    0xB2, 0x4B, 0xCC, 0x59, 0xD2, 0xAF, 0x49, 0x4A, 0x04, 0x6D, 0xA7, 0xA3, 0xD4, 0x35, 0x4E, 0xC5,
    0x12, 0x95, 0xF2, 0xE4, 0x39, 0x14, 0x9B, 0xAF, 0x84, 0xC6, 0x75, 0xA9, 0xFD, 0xD1, 0xA7, 0x7B,
    0x44, 0x53, 0x6A, 0x59, 0xC7, 0xA9, 0x33, 0xA6, 0x82, 0x4C, 0x59, 0xB4, 0xC3, 0xA5, 0xE2, 0xFD,
    0x69, 0x78, 0x74, 0xB2, 0x8C, 0xB9, 0xA6, 0x22, 0x01, 0xFA, 0x16, 0x29, 0xA1, 0xA1, 0x2B, 0x28,
    0xB7, 0x21, 0x33, 0x1F, 0x80, 0x17, 0xD7, 0x25, 0x19, 0xAF, 0x48, 0x32, 0x21, 0x21, 0x4E, 0x15,
    0x8D, 0x27, 0x0B, 0x54, 0xC4, 0xBB, 0xF8, 0x35, 0x66, 0x63, 0x53, 0x4C, 0x0E, 0x44, 0xD6, 0x2F,
    0x27, 0x72, 0x95, 0x92, 0x80, 0xFF, 0x87, 0xD3, 0x79, 0x2B, 0xD2, 0xC3, 0xE1, 0x31, 0x09, 0x8E,
    0xEF, 0x3E, 0x4B, 0xFC, 0xA6, 0x8E, 0x87, 0x31, 0x93, 0x16, 0x42, 0x73, 0x46, 0x2E, 0xF8, 0xEA,
    0xB6, 0xA6, 0x28, 0xDE, 0x7B, 0x38, 0xC2, 0xC3, 0x2D, 0xA8, 0x41, 0xB5, 0x4A, 0x5A, 0x92, 0x40,
    0x7E, 0x1D, 0xD2, 0xE4, 0x4A, 0xD1, 0xB3, 0x62, 0x70, 0xF1, 0x1D, 0x32, 0x85, 0x43, 0xFC, 0x19,
    0xAB, 0x5E, 0x98, 0x49, 0x92, 0x24, 0x82, 0x56, 0x34, 0x4B, 0xFB, 0x6A, 0xFE, 0x18, 0xF9, 0xBA,
    0x28, 0x71, 0x5F, 0xB6, 0x16, 0xE6, 0xC8, 0xD2, 0x20, 0x4F, 0xC6, 0xD5, 0x10, 0x0A, 0xF7, 0x87,
    0x1B, 0x50, 0xA3, 0xF9, 0x04, 0xCC, 0xBF, 0x7B, 0x0F, 0x3A, 0x75, 0xE3, 0x46, 0xC4, 0x5F, 0xD4,
    0xF8, 0x95, 0x12, 0xE5, 0xB5, 0x30, 0x4F, 0xEA, 0x67, 0x35, 0x2D, 0x34, 0xE4, 0xCE, 0x3B, 0x54,
    0x9E, 0xF7, 0xD9, 0x32, 0x41, 0xF7, 0x40, 0x86, 0x34, 0x97, 0xA9, 0xF3, 0x02, 0xD8, 0x8D, 0x36,
    0x62, 0x26, 0x2D, 0x9A, 0x38, 0x2C, 0xCB, 0xA9, 0x36, 0x3E, 0x84, 0xB0, 0x74, 0x6C, 0xE1, 0x57,
    0xED, 0x8B, 0x30, 0x34, 0x58, 0x4F, 0x96, 0x0C, 0x99, 0x63, 0xF2, 0x5B, 0x48, 0x30, 0x99, 0x22,
    0x67, 0x51, 0x6E, 0x8C, 0x72, 0x8B, 0x94, 0xC3, 0x48, 0x1E, 0x27, 0x9A, 0x2D, 0x93, 0xBE, 0x50,
    0x26, 0x63, 0xE1, 0x29, 0xDF, 0xF4, 0x9E, 0x92, 0x96, 0xF7, 0x64, 0xD8, 0xE3, 0x0D, 0x45, 0x7D,
    0xDE, 0x50, 0xE0, 0x7A, 0x43, 0x43, 0x43, 0xDE, 0x50, 0x29, 0xF0, 0x86, 0xFA, 0x22, 0x6F, 0xC8,
    0x91, 0xDE, 0x90, 0x85, 0x62, 0x0A, 0xAF, 0x9F, 0x1E, 0x71, 0x29, 0xD7, 0x4A, 0xE5, 0x64, 0x69,
    0xA4, 0x7A, 0x79, 0xCD, 0x43, 0x10, 0xBD, 0x21, 0xC8, 0xBA, 0x17, 0xD3, 0x1E, 0x9A, 0x84, 0x44,
    0xE6, 0xA1, 0x62, 0x0E, 0x2C, 0x9F, 0x05, 0xEE, 0x59, 0x30, 0x82, 0x26, 0x8A, 0x85, 0x7B, 0x07,
    0x5A, 0xE1, 0x40, 0xAC, 0x07, 0xC8, 0x79, 0xBD, 0x0E, 0xDD, 0x0E, 0x29, 0x35, 0xEC, 0xE7, 0x20,
    0xFA, 0x0F, 0xD4, 0x10, 0x90, 0x92, 0x59, 0xE1, 0x9A, 0xE0, 0x41, 0xC8, 0x6C, 0x40, 0x6D, 0x48,
    0x16, 0xDB, 0xB3, 0x0F, 0x36, 0xC8, 0x71, 0x83, 0xD6, 0x1B, 0xE4, 0x63, 0xD5, 0xD9, 0x04, 0xBA,
    0x14, 0xD0, 0x03, 0x69, 0x4B, 0x6A, 0x4F, 0x86, 0x60, 0x83, 0x4A, 0xDA, 0xFC, 0x32, 0x59, 0x9F,
    0x7C, 0x28, 0xF3, 0x86, 0x1F, 0x97, 0x0C, 0xDF, 0x43, 0x19, 0x72, 0x0D, 0xDF, 0xE5, 0xEB, 0x01,
    0x3C, 0x73, 0x5E, 0xFB, 0x51, 0xA8, 0xC3, 0x59, 0xD0, 0xA3, 0xA1, 0x7A, 0x9F, 0x34, 0xA2, 0xE7,
    0xA9, 0xBF, 0x44, 0x01, 0x44, 0xD5, 0x32, 0xA4, 0xF1, 0x2E, 0x69, 0x7F, 0x26, 0x9A, 0x23, 0x5A,
    0x24, 0xED, 0x73, 0x32, 0xFE, 0x96, 0xF0, 0x30, 0xC7, 0xA2, 0x1C, 0x07, 0x54, 0x82, 0x71, 0x51,
    0x16, 0xA0, 0xDD, 0x32, 0x52, 0xBD, 0x22, 0x60, 0x95, 0x25, 0x29, 0x67, 0x9C, 0x96, 0xA3, 0x74,
    0x34, 0xE0, 0xC6, 0x56, 0x68, 0x9C, 0xE2, 0xF2, 0xF9, 0xD8, 0xBA, 0x13, 0xB7, 0x30, 0x8E, 0xA9,
    0x9F, 0x66, 0x74, 0x28, 0x67, 0x04, 0x31, 0xDC, 0x72, 0x35, 0x52, 0xBD, 0x7B, 0x1E, 0xAB, 0x85,
    0xBE, 0x1B, 0xAD, 0x98, 0x0F, 0x51, 0x71, 0x2B, 0xB3, 0xDC, 0xCA, 0x02, 0xB3, 0xD8, 0x5B, 0xA9,
    0x8E, 0x81, 0x73, 0xC9, 0x5A, 0x8F, 0x7F, 0x93, 0xDD, 0xDC, 0x02, 0xAE, 0xCF, 0x34, 0x8D, 0x50,
    0x5A, 0x6C, 0xD2, 0x7F, 0x3F, 0x87, 0xEF, 0x22, 0x76, 0x5F, 0x30, 0x7A, 0x6C, 0x3C, 0x56, 0xCA,
    0x5E, 0x01, 0x73, 0xB8, 0x8C, 0xEB, 0x5D, 0x57, 0x43, 0x57, 0xBF, 0x01, 0x61, 0xFB, 0x03, 0x0A,
    0xFE, 0xEB, 0x57, 0x61, 0x3E, 0x5F, 0x09, 0xCB, 0x4B, 0x5A, 0xD8, 0xBF, 0x5A, 0xE2, 0xF6, 0x0A,
    0x36, 0xB5, 0xEE, 0x2E, 0xA9, 0xFC, 0x5A, 0xC4, 0xE2, 0xC9, 0xA6, 0xD6, 0x87, 0xA9, 0xED, 0xFE,
    0x13, 0x9B, 0x98, 0x5E, 0x1D, 0x0C, 0xAC, 0xA5, 0xF6, 0x5D, 0xAF, 0xCE, 0x19, 0xEC, 0x7D, 0x8B,
    0x99, 0xCC, 0xB0, 0xA9, 0x0D, 0x33, 0x87, 0x4F, 0xC7, 0x67, 0xC8, 0x35, 0xEE, 0xD5, 0xC9, 0x75,
    0xC4, 0x1E, 0x56, 0x7B, 0x87, 0xDC, 0x22, 0x99, 0x90, 0x17, 0x08, 0x47, 0xB9, 0x8E, 0xE5, 0x1A,
    0xB9, 0x88, 0x8A, 0x6F, 0x55, 0xE5, 0xBB, 0x03, 0x50, 0x32, 0xD7, 0xA1, 0x02, 0xB9, 0xE6, 0xC7,
    0x73, 0x18, 0xCB, 0x7C, 0x94, 0xBA, 0x66, 0x3A, 0x36, 0x6B, 0x26, 0x0B, 0x05, 0xF2, 0x8A, 0x8A,
    0x06, 0x20, 0xB3, 0xC2, 0x33, 0xC0, 0x8E, 0x2F, 0x6B, 0x7A, 0xE8, 0x41, 0xFA, 0x1C, 0xF2, 0x72,
    0xE4, 0x95, 0xC0, 0xC0, 0x03, 0xE4, 0x24, 0xD4, 0x65, 0xFA, 0xCC, 0x35, 0xF8, 0xDA, 0x44, 0xEE,
    0xF9, 0x4B, 0x4C, 0x44, 0x42, 0xBD, 0x86, 0x0B, 0xB2, 0xF0, 0xA5, 0x92, 0xE7, 0x4E, 0xA1, 0x27,
    0xBE, 0x33, 0xC3, 0x23, 0xAE, 0x10, 0xFD, 0x66, 0x89, 0x96, 0x8F, 0x88, 0x05, 0x43, 0xC6, 0x7A,
    0x18, 0x6B, 0x4C, 0x01, 0x37, 0x8A, 0xF7, 0x85, 0xB5, 0x94, 0xF5, 0x3F, 0xBD, 0x4C, 0xDE, 0x2E,
    0xC1, 0x3D, 0x59, 0x34, 0xBD, 0x44, 0x13, 0x47, 0x70, 0x2D, 0x41, 0xB8, 0x98, 0xE6, 0x77, 0xA6,
    0x17, 0x3D, 0x5A, 0xFB, 0x61, 0xBD, 0x49, 0x62, 0xA8, 0x85, 0x21, 0x62, 0xD8, 0x0D, 0x93, 0x98,
    0x60, 0x48, 0xE0, 0xDF, 0x8E, 0x8F, 0x2E, 0x24, 0xC9, 0x52, 0x4C, 0x39, 0xD0, 0x2C, 0x3D, 0x42,
    0x07, 0xC9, 0x4C, 0xC8, 0x31, 0x65, 0x11, 0xBA, 0xA0, 0xC1, 0x53, 0x45, 0xC3, 0xA3, 0x8C, 0xA9,
    0x80, 0x07, 0x9C, 0xD7, 0x7D, 0x3D, 0x91, 0xD9, 0x28, 0x60, 0x4B, 0xA3, 0x1C, 0x54, 0xC6, 0xB1,
    0x2C, 0x28, 0x8F, 0xAD, 0x30, 0x85, 0xF1, 0xC5, 0xAF, 0xC9, 0xDA, 0x0F, 0xCF, 0x61, 0x99, 0x7E,
    0xC9, 0xD2, 0xC3, 0x1A, 0x7A, 0xD0, 0x04, 0x23, 0x91, 0xDE, 0x02, 0x80, 0x18, 0xA3, 0x32, 0xA7,
    0x4E, 0xDB, 0x8E, 0xE3, 0x5A, 0xC0, 0x7C, 0x3D, 0x5F, 0xA0, 0x72, 0x86, 0x0F, 0xC9, 0x33, 0xA5,
    0x07, 0x1B, 0x99, 0x97, 0xDE, 0x93, 0xD2, 0x7B, 0x53, 0x7A, 0x37, 0xE4, 0xA9, 0x57, 0xE4, 0x69,
    0x4D, 0x4E, 0x69, 0x72, 0x52, 0xE3, 0x3E, 0x6D, 0x9B, 0xCC, 0x39, 0x06, 0x24, 0xED, 0xBC, 0x0C,
    0xCE, 0x78, 0xB6, 0x5A, 0x83, 0x80, 0xA6, 0x23, 0x7A, 0x39, 0x26, 0x6F, 0x5C, 0xAD, 0x16, 0xD6,
    0x06, 0xCB, 0x41, 0x98, 0x62, 0x64, 0xEE, 0x8B, 0x30, 0x85, 0x26, 0xD9, 0x8A, 0x7E, 0x48, 0x51,
    0x9D, 0xB2, 0x85, 0x9E, 0xA4, 0xC1, 0x29, 0x2A, 0x9F, 0xA6, 0xD3, 0xA7, 0xC4, 0xED, 0x17, 0xAF,
    0x7E, 0xF8, 0xC2, 0xB5, 0x77, 0x2B, 0x7F, 0xDC, 0x5F, 0x39, 0x6D, 0x55, 0x46, 0xAC, 0x4A, 0xD1,
    0xE2, 0x5E, 0x74, 0xD9, 0xA4, 0xE9, 0x44, 0x4E, 0x7C, 0x57, 0xB6, 0x3E, 0x51, 0x8C, 0x14, 0x8E,
    0x1E, 0x16, 0x29, 0x86, 0xD5, 0x71, 0xC9, 0x73, 0x79, 0x44, 0xC1, 0x00, 0xC5, 0xCE, 0xB3, 0x30,
    0x4D, 0x22, 0x5B, 0xCD, 0x44, 0xA6, 0xCB, 0xB7, 0x21, 0x61, 0xBE, 0xA7, 0x12, 0x3A, 0x63, 0xCA,
    0x71, 0x88, 0x81, 0x16, 0x79, 0xA4, 0x48, 0x8B, 0x26, 0x75, 0x39, 0xB5, 0xDF, 0x3F, 0xB9, 0xCC,
    0x4B, 0xDB, 0xA4, 0xC7, 0xD0, 0xDC, 0x76, 0xAC, 0xB3, 0x70, 0xF6, 0x65, 0x3A, 0x90, 0x2A, 0x51,
    0xB6, 0x7A, 0xA3, 0xD4, 0xEC, 0x74, 0x3E, 0xF1, 0xE1, 0x88, 0xC1, 0xAA, 0x0D, 0x09, 0x7F, 0x81,
    0x16, 0x62, 0x0A, 0xB0, 0xA5, 0x45, 0x53, 0xD8, 0x0E, 0x59, 0x60, 0xFE, 0xDF, 0x90, 0x01, 0xD5,
    0x5E, 0x50, 0x16, 0x2B, 0xE2, 0xD7, 0x4C, 0xC9, 0xF0, 0xFA, 0x79, 0x62, 0xBC, 0x87, 0xE6, 0x5B,
    0x4A, 0x81, 0x21, 0x66, 0x9D, 0x9C, 0xE7, 0x0A, 0x34, 0xE0, 0x40, 0x14, 0x1C, 0xE8, 0x94, 0xA3,
    0xAB, 0xC2, 0xD7, 0xFC, 0xCC, 0xF9, 0xC9, 0xA0, 0x7A, 0x67, 0xD5, 0xEF, 0x9C, 0xAC, 0x2D, 0x8C,
    0x1A, 0xB6, 0xD8, 0x22, 0x27, 0x47, 0x46, 0x9D, 0xB4, 0x98, 0xBB, 0x35, 0x27, 0xC9, 0xB1, 0xA9,
    0x04, 0xFF, 0xA9, 0xAB, 0x15, 0xDE, 0x84, 0x61, 0x13, 0xDF, 0x0D, 0xA7, 0xD9, 0x88, 0x0D, 0x29,
    0x82, 0x35, 0x21, 0x25, 0xF5, 0x19, 0xD5, 0x4C, 0x00, 0x39, 0xBF, 0xF3, 0x1F, 0x7C, 0xF6, 0x08,
    0x29, 0xE1, 0xAF, 0x82, 0x46, 0xEF, 0x57, 0x26, 0x0E, 0xBF, 0x5E, 0x9B, 0x6E, 0x98, 0x46, 0xDC,
    0xDF, 0xAF, 0xE0, 0xDD, 0x4B, 0x78, 0x37, 0x69, 0x99, 0x51, 0x27, 0x33, 0x5C, 0xB2, 0x53, 0x60,
    0xBA, 0xA9, 0x14, 0x51, 0x4E, 0x1A, 0xE0, 0x2E, 0xE8, 0xE6, 0x82, 0xA1, 0x1C, 0xB6, 0x47, 0x4E,
    0x4A, 0x13, 0x07, 0x9C, 0xE9, 0x65, 0xC7, 0xB3, 0x1C, 0xCF, 0x7C, 0x0E, 0x34, 0x31, 0xE6, 0x4C,
    0xD7, 0x1D, 0x6A, 0x59, 0xE5, 0x89, 0x03, 0xCA, 0x02, 0x58, 0x82, 0xBB, 0x33, 0xC5, 0xC4, 0x18,
    0x4D, 0x43, 0xA7, 0xA0, 0x65, 0x75, 0xEA, 0xDD, 0xA3, 0x7A, 0x04, 0x10, 0x4C, 0xC4, 0xB6, 0xC3,
    0xAC, 0x62, 0xB8, 0xED, 0x3F, 0x43, 0xE5, 0x85, 0x74, 0xD9, 0x0F, 0x40, 0x01, 0x96, 0xC8, 0x1B,
    0xC6, 0x6F, 0x99, 0x5B, 0x01, 0xC4, 0x16, 0x76, 0x66, 0x22, 0xD6, 0xD5, 0xB5, 0x7A, 0x06, 0x43,
    0xE3, 0x35, 0x2D, 0x0D, 0x59, 0x49, 0xB8, 0x67, 0x1F, 0xCC, 0x00, 0x53, 0xE1, 0x50, 0x68, 0x26,
    0x21, 0x10, 0x9F, 0xB5, 0x2F, 0xCC, 0xAB, 0x27, 0x9A, 0xAF, 0x42, 0x3A, 0x8F, 0xA5, 0xAE, 0x1D,
    0xB3, 0xA1, 0xFF, 0x15, 0xBB, 0x59, 0xFE, 0x6B, 0xE3, 0xE5, 0x0E, 0x62, 0x90, 0x05, 0x09, 0x39,
    0x7E, 0x96, 0x2F, 0x72, 0xF3, 0x7E, 0xE1, 0xF7, 0x51, 0x01, 0xDE, 0x9B, 0x2A, 0xB9, 0x75, 0x44,
    0x19, 0x01, 0x24, 0x44, 0xD4, 0x2D, 0x20, 0x94, 0x98, 0x93, 0xB6, 0x99, 0x2D, 0x5C, 0xAD, 0x23,
    0xF0, 0x2F, 0xC3, 0xA3, 0x7C, 0x51, 0x6C, 0xD1, 0x11, 0xED, 0x00, 0x87, 0x62, 0xEE, 0x36, 0x16,
    0x22, 0x80, 0x1A, 0x0B, 0xD3, 0xBC, 0xAC, 0x78, 0x6B, 0x51, 0x7F, 0x9E, 0x59, 0xCD, 0x2B, 0xC2,
    0xEB, 0xD1, 0xFC, 0x7B, 0x49, 0x9C, 0x52, 0xCA, 0x95, 0xDB, 0xE0, 0xC3, 0x21, 0x22, 0x7F, 0xB7,
    0x79, 0xF8, 0x58, 0x96, 0xDF, 0x50, 0x8C, 0x01, 0x87, 0xC9, 0xDC, 0x17, 0x32, 0xA6, 0x46, 0xF9,
    0x58, 0x58, 0x5A, 0x52, 0xC7, 0xF5, 0x00, 0x63, 0x71, 0x2E, 0x3F, 0xD4, 0x3E, 0x9E, 0xAB, 0x6B,
    0x49, 0xC3, 0x15, 0xB1, 0x1A, 0xAC, 0x2A, 0x10, 0xBD, 0x08, 0xFF, 0x27, 0x51, 0x8A, 0x28, 0x25,
    0xCF, 0xB8, 0x79, 0x11, 0xCE, 0x29, 0xCC, 0xB8, 0xB9, 0x48, 0xC7, 0xCF, 0x29, 0x6E, 0x4E, 0xFB,
    0x85, 0xFF, 0x8A, 0x15, 0x37, 0xD9, 0x57, 0xAD, 0xA1, 0xD6, 0x68, 0xFD, 0x81, 0xC6, 0xB4, 0x53,
    0x28, 0x4C, 0xA0, 0xF2, 0x0F, 0x6D, 0xD9, 0x71, 0x04, 0x2A, 0x97, 0x33, 0x3B, 0xBE, 0x35, 0x2B,
    0x73, 0x3F, 0xA5, 0x67, 0xFB, 0xCB, 0x63, 0x00, 0xCD, 0x00, 0x4F, 0xFA, 0x9A, 0xEF, 0x71, 0x18,
    0xE2, 0x35, 0x61, 0x52, 0x89, 0xED, 0x40, 0x49, 0x43, 0x55, 0x34, 0x16, 0x4C, 0x91, 0x37, 0x2E,
    0xC2, 0xBC, 0x98, 0x25, 0x74, 0xEA, 0xE4, 0x7A, 0xC8, 0xF8, 0x3B, 0xA7, 0x48, 0xC6, 0x67, 0xD6,
    0x38, 0x69, 0x75, 0x03, 0x3D, 0x2F, 0xE8, 0x4D, 0x0E, 0x13, 0x07, 0xE8, 0x43, 0x15, 0xF0, 0x00,
    0xCA, 0x56, 0x01, 0xC2, 0x0C, 0x4A, 0x96, 0x8C, 0x8A, 0xCE, 0xD5, 0xD0, 0x2E, 0xBE, 0x2F, 0xAD,
    0xA1, 0xB7, 0x7C, 0x23, 0x9E, 0x46, 0x58, 0x33, 0x4C, 0xBA, 0xCA, 0xC4, 0x9C, 0xFF, 0x54, 0xC0,
    0xBA, 0x66, 0xCA, 0x9E, 0xCC, 0x18, 0x9F, 0x2E, 0x1A, 0x72, 0x0F, 0xDC, 0xA4, 0xA2, 0xBC, 0x71,
    0x13, 0x10, 0x85, 0xDB, 0xB6, 0x14, 0x25, 0x4B, 0xD9, 0x05, 0x53, 0x12, 0x59, 0xA3, 0x18, 0x55,
    0x91, 0x09, 0x17, 0x09, 0xB0, 0xD0, 0xCE, 0xB3, 0x2E, 0x02, 0x78, 0xD7, 0x08, 0x39, 0x4A, 0x01,
    0x74, 0xC1, 0xBA, 0xD8, 0x2A, 0xFC, 0x8F, 0x47, 0xE6, 0xAB, 0xB3, 0x40, 0x31, 0xE9, 0x33, 0x2E,
    0xE0, 0x93, 0xAB, 0xDF, 0xF9, 0xBE, 0x4B, 0xD3, 0x99, 0xF6, 0x1E, 0xC4, 0x5A, 0x24, 0xC2, 0x83,
    0x9C, 0x63, 0xAD, 0xD8, 0xF9, 0x40, 0x38, 0x80, 0x16, 0xCE, 0x1C, 0xE4, 0xA5, 0x4C, 0x9F, 0x39,
    0x87, 0xC0, 0xD2, 0xA4, 0x99, 0xA1, 0xA1, 0x72, 0x56, 0xDE, 0x82, 0x62, 0xFF, 0x27, 0x87, 0x78,
    0x08, 0xDC, 0x3E, 0x45, 0xA0, 0x01, 0xD3, 0x67, 0x21, 0x1E, 0xB1, 0x73, 0x45, 0x2A, 0xE6, 0x10,
    0xE6, 0xE5, 0x18, 0xE2, 0x00, 0x46, 0xE4, 0x0C, 0xE5, 0x2C, 0x60, 0xA2, 0x3F, 0x23, 0xFD, 0x3D,
    0x32, 0xF6, 0x63, 0x12, 0xC2, 0xF9, 0x17, 0xD9, 0xF7, 0x42, 0x58, 0xAA, 0x44, 0x5E, 0x25, 0x08,
    0x2A, 0x6E, 0x7F, 0x2A, 0x4D, 0xC3, 0x5C, 0xCD, 0x73, 0xF5, 0x09, 0x26, 0xA2, 0x7D, 0xE0, 0xC3,
    0xC4, 0x23, 0x92, 0xC3, 0x54, 0x22, 0x1A, 0xB9, 0x70, 0x25, 0xC6, 0xC4, 0x8A, 0x1E, 0xB9, 0x39,
    0x84, 0x01, 0x6E, 0xA9, 0x08, 0x50, 0x3D, 0x5E, 0xB4, 0xC9, 0x0D, 0x8A, 0x80, 0x69, 0x11, 0xA4,
    0x23, 0x5D, 0xFD, 0x08, 0x53, 0x0A, 0x30, 0x6C, 0x38, 0xD2, 0x9E, 0x62, 0x3A, 0x9D, 0xB7, 0xBF,
    0x20, 0xEF, 0xCD, 0x77, 0xC8, 0xFB, 0x9F, 0xEB, 0xFE, 0x89, 0x1B, 0xD7, 0xE4, 0xA9, 0xAB, 0x32,
    0xDC, 0x89, 0x78, 0xB9, 0x00, 0xE4, 0x0F, 0x1C, 0x42, 0xBC, 0xF0, 0x2A, 0x02, 0x3E, 0x89, 0xE9,
    0x00, 0xC1, 0x99, 0x5F, 0x5C, 0x26, 0xC7, 0x71, 0x28, 0xE7, 0x98, 0xA2, 0xE8, 0x18, 0xCA, 0x35,
    0x79, 0x70, 0x4B, 0x81, 0x93, 0x6A, 0xE8, 0x20, 0x54, 0x84, 0x63, 0x2C, 0xE3, 0x55, 0xCC, 0xEC,
    0x13, 0xA1, 0xA2, 0x29, 0xE7, 0x4C, 0x4C, 0x45, 0x04, 0x4A, 0x3C, 0x2C, 0xAF, 0xD8, 0x43, 0x3C,
    0xA8, 0x7E, 0xEE, 0xC4, 0x1D, 0x44, 0x2F, 0x2E, 0x77, 0x03, 0xB1, 0x28, 0x71, 0xFE, 0x05, 0xD3,
    0xE0, 0x9E, 0xB2, 0x59, 0xA1, 0x2F, 0x97, 0x3B, 0x73, 0xD1, 0x1B, 0xD0, 0x26, 0xBA, 0x73, 0x5D,
    0x76, 0x85, 0xDC, 0xA1, 0x1B, 0x38, 0xA4, 0x7A, 0xF4, 0xE6, 0x93, 0xD8, 0x2B, 0xC1, 0xFA, 0xDA,
    0x10, 0x31, 0xE3, 0x17, 0xAC, 0xC1, 0x62, 0xE2, 0xF2, 0xFF, 0xC2, 0x22, 0x07, 0x91, 0x17, 0x07,
    0xC1, 0x89, 0x30, 0x18, 0x3A, 0x29, 0x83, 0x12, 0xCB, 0x8C, 0x25, 0xF5, 0xCF, 0xA8, 0x73, 0x89,
    0xCA, 0x17, 0x64, 0xBF, 0x16, 0x65, 0x3A, 0x62, 0xC8, 0xEE, 0x65, 0xEA, 0x9E, 0x17, 0x94, 0x3D,
    0x51, 0x51, 0x99, 0xC2, 0xBD, 0x13, 0xCA, 0x36, 0x97, 0x93, 0xB0, 0xBB, 0x3A, 0xCB, 0xD0, 0xA0,
    0x93, 0x10, 0x10, 0x9B, 0x31, 0xE3, 0xB1, 0xED, 0x4E, 0x86, 0xC7, 0x4C, 0x2C, 0xDE, 0x71, 0x76,
    0x19, 0x4C, 0x47, 0xD8, 0xB2, 0xD5, 0x54, 0x13, 0xD3, 0x09, 0x6D, 0x1B, 0xA5, 0xFE, 0x2E, 0x4D,
    0x78, 0x36, 0x58, 0xB4, 0xA6, 0xB8, 0x36, 0x26, 0x6C, 0x9B, 0xA2, 0xF0, 0x9D, 0x02, 0xA4, 0xA3,
    0xAE, 0x3C, 0xBE, 0x8A, 0xCE, 0x1B, 0x65, 0xBB, 0x32, 0xA7, 0x0D, 0x0A, 0x8A, 0x3D, 0x41, 0xD1,
    0x06, 0xDF, 0x14, 0x01, 0x3D, 0x39, 0x5E, 0xD1, 0x76, 0x8B, 0x03, 0x7B, 0xCE, 0x5C, 0x64, 0x83,
    0x57, 0x6A, 0x79, 0x19, 0xC2, 0xA2, 0x82, 0xDE, 0x05, 0x04, 0xBD, 0xC3, 0xF8, 0x06, 0x92, 0x06,
    0xB0, 0x18, 0x00, 0xA9, 0xDF, 0xAD, 0x9E, 0xF7, 0xE1, 0x58, 0xFD, 0x18, 0x5E, 0x1B, 0xF7, 0x22,
    0x0D, 0x7A, 0x81, 0x28, 0x5F, 0x4F, 0x23, 0x8E, 0xCC, 0xC3, 0x39, 0x30, 0xE7, 0x96, 0x0F, 0x77,
    0x06, 0xEC, 0x9C, 0x24, 0xE1, 0x97, 0x87, 0x18, 0x44, 0x33, 0x82, 0xDE, 0x95, 0x21, 0xE8, 0x19,
    0x38, 0x88, 0x80, 0x06, 0xFD, 0x71, 0xAC, 0x15, 0xE0, 0x18, 0x3A, 0x8D, 0x31, 0xE4, 0x88, 0x1C,
    0x36, 0x36, 0xDF, 0x86, 0xD2, 0xBE, 0x06, 0xBC, 0xFE, 0x0E, 0xD8, 0xF9, 0x21, 0x5E, 0xFE, 0x9C,
    0x94, 0xE1, 0x07, 0x16, 0xC4, 0x5F, 0x6F, 0xAC, 0xC5, 0x68, 0xC9, 0x35, 0x04, 0x74, 0x34, 0x67,
    0x93, 0xD3, 0xC3, 0x49, 0x54, 0x63, 0x12, 0xF1, 0x3F, 0x83, 0x94, 0x2E, 0x8C, 0xDD, 0x82, 0x71,
    0x35, 0x7E, 0x84, 0x77, 0xF7, 0x3D, 0x7C, 0x47, 0xFD, 0xB3, 0x04, 0x55, 0xB0, 0xFB, 0x48, 0xEB,
    0x78, 0x70, 0xA7, 0xDA, 0xDB, 0x42, 0xF9, 0x69, 0x9E, 0xFF, 0x1E, 0xBA, 0xC8, 0xD0, 0x89, 0xF9,
    0x89, 0x55, 0xCC, 0x79, 0x1C, 0x73, 0xDA, 0xF0, 0xD3, 0xE8, 0x36, 0x07, 0x7E, 0x00, 0x42, 0x03,
    0x04, 0x31, 0x38, 0xC7, 0xB0, 0x72, 0xE6, 0x7E, 0x44, 0x48, 0x45, 0xE3, 0x3D, 0xBC, 0x3D, 0xAE,
    0xFD, 0x3B, 0x39, 0x3F, 0x8B, 0x11, 0x08, 0x23, 0x14, 0xE1, 0xF5, 0x27, 0x25, 0x02, 0x44, 0x29,
    0x12, 0x56, 0x78, 0x8B, 0xA6, 0x15, 0x54, 0x7A, 0x9C, 0x52, 0xD3, 0xED, 0x2C, 0x5B, 0x94, 0x1F,
    0xB6, 0x5E, 0xF3, 0x8B, 0x35, 0xC4, 0xEA, 0xA5, 0x18, 0xA6, 0xC2, 0x03, 0x9F, 0xA3, 0x80, 0x23,
    0x96, 0x08, 0xD5, 0x93, 0xCC, 0xF3, 0xA7, 0x99, 0xEB, 0x05, 0x1F, 0x7C, 0x67, 0x04, 0x93, 0x56,
    0x9C, 0x39, 0x51, 0x23, 0xB4, 0x62, 0x15, 0xFD, 0x70, 0xDA, 0x15, 0xAD, 0xCF, 0x40, 0x8E, 0x16,
    0xA9, 0xD0, 0x55, 0xC0, 0x77, 0xA6, 0xEF, 0x41, 0xAA, 0x03, 0x18, 0x55, 0xCC, 0xAF, 0x59, 0x6A,
    0x18, 0x88, 0x8B, 0xE7, 0x03, 0xE4, 0x08, 0x07, 0xAA, 0xA5, 0xBC, 0x60, 0x61, 0xC5, 0x4C, 0x2F,
    0xB0, 0xF1, 0x19, 0xFE, 0x67, 0xBC, 0x17, 0xC3, 0x43, 0x35, 0x09, 0x5C, 0xD8, 0x73, 0x2F, 0xC4,
    0x57, 0x3C, 0x31, 0xEE, 0x8E, 0xF2, 0x1C, 0x11, 0x6E, 0xFF, 0x59, 0x73, 0x7E, 0x33, 0xEC, 0x99,
    0xF1, 0x85, 0x76, 0xAE, 0x73, 0x96, 0x9C, 0xCF, 0x9D, 0xCB, 0xCA, 0xE3, 0x43, 0xBE, 0x94, 0xA0,
    0xA1, 0x57, 0x55, 0xC5, 0xA4, 0xC6, 0xA1, 0xAA, 0x48, 0xC3, 0xB3, 0x48, 0x97, 0xE3, 0xA9, 0x67,
    0x89, 0x2C, 0x51, 0xF8, 0xF9, 0x9D, 0x29, 0xCC, 0x60, 0xAC, 0x9E, 0x0D, 0x66, 0x37, 0xCA, 0xDB,
    0xB8, 0x39, 0xB4, 0x43, 0xE9, 0x16, 0x19, 0x29, 0xA2, 0xD1, 0xC4, 0x36, 0x2A, 0xC4, 0xE5, 0xB0,
    0xD4, 0xDB, 0x5B, 0x43, 0xAB, 0x2E, 0xDA, 0x2B, 0xA1, 0x14, 0x11, 0x93, 0x71, 0x29, 0xC1, 0xC5,
    0xB8, 0xC3, 0x85, 0x1B, 0xB1, 0x53, 0x9F, 0x4F, 0xE3, 0xAC, 0x41, 0x46, 0x23, 0xFD, 0x3F, 0xCD,
    0x5A, 0xFD, 0x2A, 0x1D, 0xDB, 0xE8, 0x41, 0xA2, 0xDB, 0xBF, 0x82, 0xA0, 0x76, 0x6C, 0xC9, 0xC9,
    0xA9, 0x14, 0xD0, 0x42, 0x41, 0x6C, 0x90, 0x02, 0xAA, 0xAD, 0xA4, 0x80, 0x14, 0x8A, 0x32, 0x5B,
    0x48, 0x87, 0xD8, 0x38, 0xCB, 0xC3, 0x1D, 0x58, 0x9C, 0xEC, 0x53, 0xA3, 0xE1, 0x83, 0x56, 0x5D,
    0x25, 0xB5, 0xF9, 0xD3, 0xCF, 0xEB, 0xB0, 0x4F, 0x65, 0x7D, 0x06, 0xD1, 0x42, 0x08, 0x15, 0x70,
    0x87, 0xC8, 0x89, 0x18, 0x0B, 0x18, 0x6F, 0x00, 0x0B, 0x29, 0x31, 0xC1, 0xDF, 0x23, 0xC7, 0xE6,
    0x7E, 0x0B, 0x09, 0xD4, 0xEB, 0x57, 0x7E, 0xD0, 0xDB, 0xD1, 0x1F, 0x3C, 0xD1, 0xD1, 0x8F, 0xF7,
    0x76, 0x8A, 0x97, 0xEF, 0x1C, 0xD8, 0x9E, 0x9A, 0x21, 0xA2, 0x13, 0x8D, 0x18, 0x95, 0x34, 0xAC,
    0xED, 0x59, 0xEA, 0xBE, 0x48, 0xFA, 0xAF, 0xA9, 0xA3, 0x83, 0x34, 0x8D, 0xD6, 0xFF, 0x4D, 0xE3,
    0x37, 0x85, 0xD0, 0x87, 0x78, 0x3F, 0x76, 0x74, 0xFD, 0xB7, 0x7A, 0xA3, 0x05, 0x63, 0xA5, 0x85,
    0x6E, 0xF5, 0xCD, 0xD3, 0xAA, 0x97, 0x5E, 0xD5, 0xA3, 0x9E, 0x82, 0xB7, 0x14, 0x33, 0x73, 0x25,
    0x6D, 0x25, 0x5E, 0x1D, 0xAC, 0xCF, 0x15, 0x82, 0xE3, 0x02, 0x90, 0xD4, 0xC4, 0x06, 0xBD, 0x4F,
    0x71, 0xEF, 0x02, 0xCE, 0x9D, 0x3A, 0x43, 0xDA, 0xF0, 0x4F, 0xB2, 0x51, 0xE0, 0x14, 0x6A, 0xD4,
    0xA9, 0xB4, 0xD2, 0xA2, 0x27, 0x32, 0x23, 0x4B, 0xF4, 0x35, 0x55, 0x77, 0xA8, 0x11, 0xF0, 0x0E,
    0x03, 0x10, 0x13, 0x83, 0xE7, 0xED, 0x1C, 0x0B, 0x76, 0xA1, 0xCB, 0x11, 0x94, 0x2B, 0x28, 0x9F,
    0xD2, 0x10, 0x34, 0x7D, 0xC8, 0xFA, 0x0E, 0x0D, 0x21, 0x8E, 0x1E, 0x2A, 0xA1, 0xD4, 0x50, 0x10,
    0xF1, 0x3E, 0x85, 0x91, 0x96, 0x85, 0x8D, 0x37, 0x9D, 0x99, 0x12, 0xF3, 0x5D, 0x05, 0x80, 0xEC,
    0xD7, 0x39, 0x4E, 0xEE, 0xA4, 0x0E, 0x4D, 0xC0, 0x6A, 0x58, 0x5F, 0x30, 0x9E, 0xE0, 0x50, 0xC9,
    0x88, 0x2A, 0x56, 0x54, 0xE9, 0x89, 0x2A, 0xA5, 0xA8, 0x52, 0x89, 0x2A, 0x51, 0xF4, 0xA2, 0x8C,
    0x4E, 0x8B, 0x68, 0x8A, 0x16, 0x26, 0x29, 0x4D, 0xBD, 0xB8, 0x2A, 0xF2, 0x3A, 0xDA, 0xA5, 0xC6,
    0x88, 0xD0, 0x64, 0xEC, 0x2C, 0x5F, 0xD8, 0x6C, 0x33, 0x84, 0x73, 0x1E, 0x5D, 0xA2, 0x67, 0x57,
    0x51, 0xCD, 0x3E, 0x1C, 0x3B, 0x89, 0x9F, 0x62, 0x53, 0x86, 0xA7, 0x71, 0x76, 0xD1, 0xA4, 0x42,
    0xE2, 0xE7, 0x0F, 0xC5, 0x0A, 0xE3, 0x07, 0xB8, 0xC0, 0x6D, 0x4B, 0xB2, 0x52, 0x25, 0xDE, 0xBF,
    0x19, 0xB9, 0xCF, 0xA8, 0x64, 0xE5, 0x79, 0x38, 0xE1, 0x55, 0x09, 0xEE, 0x55, 0xA1, 0x33, 0x35,
    0x43, 0xE7, 0x70, 0xF2, 0x69, 0x39, 0x75, 0xC4, 0x3F, 0x99, 0xA8, 0xF0, 0xBD, 0x35, 0x74, 0xD6,
    0x28, 0x0D, 0x09, 0x77, 0x9F, 0xE7, 0x20, 0xB1, 0xAD, 0xCC, 0x3C, 0x5B, 0x32, 0x7C, 0x36, 0x8A,
    0x32, 0xBA, 0xAB, 0x33, 0x4E, 0x12, 0xA5, 0x33, 0x4F, 0x69, 0xEC, 0x20, 0xCD, 0x2F, 0x51, 0xEB,
    0x13, 0x3B, 0x5B, 0xC7, 0x42, 0x92, 0xC6, 0x09, 0xF3, 0x67, 0xA7, 0xCE, 0x36, 0x62, 0x86, 0xDD,
    0x55, 0xB1, 0x66, 0x14, 0x7B, 0x0F, 0xA4, 0x53, 0x0F, 0xD5, 0x66, 0x02, 0x00, 0x9D, 0x9B, 0x92,
    0x52, 0xBB, 0x00, 0xCE, 0xC0, 0x48, 0xA4, 0xF6, 0x4B, 0x25, 0xD2, 0x8B, 0x2B, 0xE1, 0x22, 0x23,
    0xF6, 0xCB, 0x29, 0x56, 0x57, 0x39, 0xA3, 0x34, 0xEA, 0x55, 0x91, 0x21, 0x62, 0x41, 0x7D, 0x96,
    0x8E, 0x6A, 0x7E, 0x17, 0x01, 0x80, 0x14, 0xC9, 0xD6, 0x65, 0x8D, 0xCC, 0x57, 0xAF, 0x42, 0xE9,
    0xDE, 0xBF, 0x8E, 0xD5, 0xFF, 0xCD, 0xEF, 0x18, 0x0F, 0x7E, 0xC6, 0x15, 0xA7, 0x69, 0xF8, 0x56,
    0xE3, 0x2F, 0xF0, 0x0A, 0x50, 0x11, 0xBF, 0x8C, 0x9F, 0x8D, 0x88, 0x9A, 0x2E, 0x1D, 0xD6, 0x05,
    0x63, 0x75, 0x95, 0x8A, 0x3B, 0xA7, 0x81, 0xD8, 0xE3, 0x98, 0xFB, 0x6D, 0x38, 0x3A, 0x8C, 0x75,
    0x1E, 0x96, 0xE2, 0x76, 0x8D, 0x8C, 0x77, 0x8B, 0xE4, 0x58, 0x0E, 0xA0, 0xAE, 0xF1, 0xAF, 0x35,
    0x8B, 0x45, 0x47, 0x39, 0x85, 0x46, 0xD9, 0xBE, 0x85, 0x0D, 0x84, 0x40, 0x09, 0x9C, 0x4B, 0x9A,
    0x8A, 0x72, 0x1F, 0x98, 0x6F, 0x62, 0xF9, 0x9E, 0xE5, 0x5F, 0x19, 0x51, 0x9A, 0x19, 0x54, 0x9B,
    0x03, 0xA6, 0x9F, 0xEE, 0x0C, 0xC0, 0x24, 0x3F, 0x23, 0x99, 0xF6, 0x02, 0xCB, 0x8D, 0xA7, 0xFB,
    0x03, 0xBE, 0xAB, 0xFF, 0xB7, 0xCB, 0xDE, 0xB9, 0xA7, 0x41, 0x6C, 0x8B, 0x98, 0xA5, 0x2A, 0x26,
    0x02, 0xE0, 0x3B, 0x2D, 0xE8, 0x94, 0xA4, 0x13, 0x91, 0x8A, 0x8C, 0xF2, 0x88, 0xA0, 0xC3, 0x6C,
    0xD8, 0x8C, 0x2A, 0xFD, 0xAC, 0x8B, 0x67, 0xFD, 0xBD, 0x1F, 0xD1, 0xDE, 0x45, 0x6E, 0xB9, 0xD9,
    0xC5, 0xDE, 0x3A, 0xE1, 0xA1, 0xBB, 0xDF, 0x57, 0xF9, 0x4D, 0x76, 0xBD, 0x27, 0x1C, 0x3A, 0x39,
    0x47, 0x27, 0x63, 0x6E, 0xF0, 0xB4, 0xCF, 0xF5, 0xC9, 0x88, 0x4E, 0xD6, 0xE9, 0xE4, 0x2F, 0x38,
    0xE6, 0xEF, 0xA2, 0x1D, 0x36, 0x8D, 0xCF, 0x87, 0xF1, 0xD8, 0xAB, 0xD2, 0x36, 0x7D, 0x04, 0x4D,
    0x0E, 0x00, 0xEB, 0x65, 0x8E, 0xAA, 0xF8, 0x16, 0xBC, 0xE6, 0x9C, 0xDE, 0xB8, 0x4D, 0x03, 0xA9,
    0x56, 0xCD, 0x9F, 0x6B, 0xC4, 0xCF, 0x86, 0x04, 0x6A, 0x07, 0x80, 0xCF, 0x05, 0x94, 0x0F, 0x55,
    0xB2, 0x6F, 0x9C, 0x80, 0xE5, 0x79, 0x53, 0x43, 0x0F, 0x8F, 0xF9, 0xBA, 0x48, 0xD4, 0x56, 0x12,
    0xE7, 0x3F, 0x81, 0xB0, 0xAE, 0x81, 0xE3, 0xEF, 0x22, 0x9E, 0xF9, 0x33, 0xA5, 0xE5, 0x77, 0xB8,
    0xE6, 0x8D, 0x32, 0xFE, 0x4E, 0xBD, 0x53, 0xE0, 0x15, 0xF1, 0x55, 0x66, 0xA3, 0xC4, 0x58, 0xEB,
    0xBA, 0xD4, 0x54, 0x42, 0x5D, 0xFB, 0x88, 0xB4, 0x77, 0x7C, 0xED, 0x2A, 0x5C, 0xA4, 0xA7, 0xC9,
    0x81, 0x34, 0x8F, 0xDE, 0xB7, 0xAE, 0xF0, 0xAE, 0xDC, 0x48, 0x75, 0x6E, 0x83, 0xEF, 0xF2, 0x50,
    0xE2, 0xC2, 0xAA, 0x3C, 0x7A, 0x26, 0x4A, 0x1E, 0x85, 0x4D, 0x9A, 0x4E, 0xC2, 0x89, 0x43, 0xCD,
    0xDB, 0x5B, 0x5E, 0x66, 0x7A, 0x32, 0x08, 0x89, 0xB8, 0x69, 0xD6, 0xA5, 0xC1, 0x85, 0xB5, 0x49,
    0xFA, 0x95, 0x4E, 0x37, 0x4E, 0xE2, 0xA7, 0x59, 0xEF, 0x04, 0xE8, 0x23, 0xE2, 0xDE, 0x54, 0x41,
    0x4F, 0x84, 0xAE, 0x9A, 0xF7, 0x8D, 0xB2, 0xBB, 0x7A, 0x96, 0xA1, 0x75, 0x7D, 0xB3, 0x5D, 0x5A,
    0x28, 0xAB, 0x9B, 0x6E, 0xF0, 0xB9, 0x96, 0x6C, 0xEC, 0xCD, 0x72, 0x16, 0x30, 0xD5, 0xDC, 0xAC,
    0x6A, 0x22, 0x2D, 0xC6, 0x42, 0x2C, 0xD9, 0x26, 0x00, 0x18, 0xE9, 0xBF, 0x6C, 0x64, 0x06, 0xD7,
    0xC4, 0xF7, 0xCB, 0xD0, 0xE0, 0xDB, 0x1C, 0xDF, 0xD7, 0x18, 0x11, 0xA6, 0xF1, 0xBD, 0x6C, 0xA8,
    0x8C, 0xAB, 0x50, 0x1F, 0x95, 0x21, 0xD5, 0x3B, 0x85, 0xF6, 0x06, 0x64, 0xFE, 0x1E, 0x43, 0x42,
    0xCE, 0x8B, 0x03, 0xD4, 0x5B, 0xFF, 0x44, 0x81, 0x63, 0x71, 0xC8, 0xE6, 0x37, 0x4A, 0x00, 0x00,
    0x3F, 0x8E, 0xF0, 0x64, 0xD8, 0xFC, 0x47, 0x72, 0x7E, 0xCE, 0xE0, 0x8F, 0x7D, 0xC7, 0x2E, 0x9F,
    0x73, 0x1F, 0x31, 0x37, 0x19, 0x14, 0x64, 0x3C, 0x11, 0x23, 0x06, 0x89, 0x83, 0x0A, 0x6A, 0xCF,
    0x8D, 0x86, 0x07, 0xA5, 0xC5, 0x79, 0xB0, 0xA3, 0xF7, 0xD9, 0x09, 0x6A, 0x81, 0x01, 0xB3, 0x8C,
    0xCB, 0x8B, 0x4A, 0x63, 0xEC, 0x0C, 0x43, 0x03, 0x06, 0x2C, 0xAD, 0x81, 0x01, 0xDF, 0xB7, 0x16,
    0xC1, 0xD0, 0x80, 0x7D, 0x4B, 0x9B, 0xBB, 0x46, 0x97, 0xD4, 0xC6, 0xBE, 0xD3, 0xA0, 0xAE, 0x2C,
    0xA5, 0xA9, 0xB5, 0x68, 0xDD, 0x0A, 0xDD, 0x22, 0x6D, 0x91, 0x56, 0xB6, 0x80, 0x79, 0x97, 0xB9,
    0xDF, 0x23, 0x04, 0x54, 0x11, 0x40, 0x31, 0x62, 0x32, 0xF3, 0x27, 0xA4, 0xFF, 0x07, 0xEF, 0x02,
    0xF1, 0xC8, 0x2B, 0xAB, 0x69, 0x55, 0x8A, 0x82, 0x95, 0x0C, 0xE8, 0x9B, 0x53, 0x14, 0x17, 0x57,
    0x52, 0x14, 0x2B, 0x34, 0x73, 0xBF, 0x96, 0xBB, 0x97, 0x7D, 0x07, 0xEC, 0x6D, 0xBB, 0xE5, 0x41,
    0xC4, 0x5F, 0x1F, 0xAF, 0xB4, 0xDC, 0xB2, 0x73, 0xE5, 0x6F, 0xBE, 0x73, 0x75, 0x27, 0x80, 0x1F,
    0x5F, 0x71, 0x2C, 0xCC, 0x97, 0x92, 0x21, 0xF3, 0x96, 0x80, 0xE3, 0x37, 0x16, 0x95, 0xD1, 0xAC,
    0x93, 0xF1, 0x2B, 0x44, 0xC0, 0x34, 0x60, 0xCC, 0x8C, 0xF3, 0xD6, 0x49, 0x73, 0x40, 0x8F, 0x81,
    0xF3, 0x47, 0x13, 0xC4, 0xA2, 0x78, 0xAB, 0xBD, 0x72, 0xB7, 0x7A, 0x89, 0xD2, 0x4C, 0xA7, 0xD5,
    0x52, 0x3A, 0xD3, 0xC5, 0x78, 0x4E, 0x6D, 0x4B, 0xEB, 0x9B, 0x95, 0x9B, 0x47, 0x04, 0xC4, 0x8D,
    0x11, 0x4F, 0x6B, 0xF1, 0x8F, 0xC2, 0x11, 0x57, 0xD0, 0xF4, 0xDA, 0xC2, 0x9F, 0xE1, 0xAF, 0x2F,
    0xC0, 0x51, 0x62, 0x8D, 0x84, 0x97, 0xED, 0x4E, 0x71, 0x79, 0x99, 0x15, 0x65, 0xA3, 0x21, 0x20,
    0x02, 0x6C, 0x92, 0x67, 0x02, 0x22, 0xC8, 0xCE, 0x9F, 0x4A, 0xB5, 0x11, 0x13, 0x02, 0x3C, 0xB6,
    0xB8, 0xD5, 0x7E, 0x74, 0x8A, 0x3E, 0x32, 0xEA, 0xF5, 0x2A, 0x4F, 0x78, 0xDE, 0x13, 0xDE, 0xF0,
    0xC9, 0x05, 0xEE, 0xAC, 0xE2, 0xD1, 0x13, 0x8A, 0x32, 0x6F, 0x4A, 0x01, 0x02, 0x13, 0xD0, 0xB7,
    0x65, 0x70, 0x5D, 0x7A, 0xEF, 0x70, 0xB3, 0xDD, 0x1F, 0x48, 0xBA, 0xAE, 0xC8, 0x90, 0x6B, 0x77,
    0xAF, 0xE6, 0xFD, 0xF2, 0x6D, 0xF8, 0xEA, 0xF1, 0xA6, 0xAF, 0x6E, 0x52, 0x6F, 0x4B, 0x46, 0xD7,
    0xDB, 0xCE, 0x48, 0x65, 0x8A, 0x91, 0x0A, 0x1B, 0xCD, 0xF5, 0x44, 0xFA, 0x25, 0x06, 0x09, 0x92,
    0x26, 0x35, 0xD6, 0x19, 0xEF, 0x9B, 0x11, 0xB9, 0x2F, 0x20, 0x6E, 0x9E, 0xFE, 0xB4, 0x3A, 0x57,
    0x48, 0x92, 0x45, 0x8E, 0xD0, 0x54, 0xFE, 0x82, 0xCD, 0x08, 0xC7, 0x80, 0xE5, 0xD1, 0x80, 0xB7,
    0x38, 0x94, 0xC2, 0x6D, 0x03, 0x83, 0xF0, 0xAB, 0xD2, 0x8B, 0x32, 0xF7, 0x96, 0xB4, 0xCB, 0xC9,
    0x72, 0x9A, 0x9B, 0x62, 0x6B, 0xF3, 0xE5, 0xF7, 0x68, 0x50, 0x6D, 0xC0, 0x6C, 0xD0, 0xFE, 0x8B,
    0x6D, 0xB5, 0xDF, 0xBA, 0x14, 0x8F, 0xB5, 0xD1, 0x57, 0x4B, 0x40, 0xB0, 0x7B, 0x66, 0x70, 0xC6,
    0xA2, 0xF5, 0x1F, 0x47, 0x94, 0xB3, 0x18, 0xA5, 0xA7, 0x87, 0x17, 0x54, 0x0D, 0x50, 0x70, 0xF3,
    0x5F, 0xC5, 0xC1, 0x84, 0x34, 0xD8, 0x81, 0xBC, 0x8F, 0x44, 0x8D, 0xBD, 0x86, 0xB6, 0xB7, 0xB2,
    0x56, 0x41, 0x05, 0x57, 0x41, 0x85, 0x90, 0x21, 0xD9, 0xDE, 0x47, 0xB1, 0xC6, 0x17, 0x11, 0x77,
    0x37, 0xB7, 0xD4, 0x1B, 0x7B, 0x90, 0x0B, 0x9C, 0x3F, 0xAA, 0xD2, 0x1A, 0xB4, 0x30, 0x7D, 0x8B,
    0xA6, 0xAE, 0xA8, 0x0C, 0xBE, 0xD1, 0xD8, 0x2B, 0x02, 0x01, 0x95, 0x59, 0x02, 0x20, 0x47, 0x83,
    0x63, 0x39, 0x06, 0x0F, 0x90, 0x00, 0xDA, 0x30, 0x7E, 0x84, 0x4B, 0xD7, 0xB8, 0xF0, 0xE6, 0xAA,
    0xE4, 0x8C, 0x16, 0x8A, 0x9F, 0x16, 0x13, 0xC0, 0xDD, 0x82, 0xA6, 0xFF, 0x35, 0x39, 0x3E, 0x60,
    0x40, 0xB6, 0x3D, 0xCB, 0x9B, 0x1A, 0x1C, 0x73, 0x76, 0xA6, 0xBB, 0x7E, 0xA1, 0xF1, 0x8A, 0xA2,
    0x7D, 0xA1, 0x09, 0x82, 0x05, 0x41, 0x6B, 0x5A, 0x38, 0xA0, 0xDD, 0xAA, 0xB3, 0x5D, 0x4C, 0xD1,
    0x3A, 0xF8, 0x71, 0x40, 0x9D, 0xA7, 0xE9, 0x6B, 0x25, 0xF8, 0x4B, 0xB8, 0xCB, 0x35, 0x0F, 0x5B,
    0x66, 0x57, 0xE3, 0x10, 0x3C, 0x9D, 0xDD, 0xA6, 0xBE, 0x99, 0xA9, 0x09, 0xE1, 0x34, 0x44, 0x85,
    0xE7, 0xE8, 0x21, 0x30, 0x81, 0x9F, 0x61, 0x82, 0x6C, 0x66, 0x9C, 0x48, 0xE8, 0xA2, 0xF6, 0x30,
    0x81, 0xAB, 0x84, 0xF3, 0xE8, 0x2A, 0x25, 0x57, 0x04, 0x9B, 0x02, 0x93, 0xC2, 0x4A, 0x2E, 0x1A,
    0x9A, 0xA8, 0xD5, 0x38, 0xAB, 0x62, 0x34, 0xF6, 0x6A, 0x74, 0x71, 0x3F, 0x3B, 0x62, 0x4A, 0xE6,
    0x78, 0x8B, 0xB1, 0xE5, 0xF3, 0x20, 0xC4, 0x07, 0x42, 0x88, 0x4F, 0x84, 0xD0, 0x33, 0xBE, 0xE9,
    0x11, 0x9F, 0x09, 0x21, 0x3E, 0x14, 0x42, 0x7C, 0x2A, 0x84, 0xF8, 0x58, 0x08, 0xF1, 0xB9, 0x10,
    0xE2, 0x83, 0x21, 0xC4, 0x27, 0x43, 0x88, 0x8F, 0x86, 0x20, 0x34, 0x93, 0x2F, 0xD3, 0x90, 0x29,
    0xD8, 0x94, 0xA5, 0x31, 0x01, 0xCB, 0x7E, 0x8A, 0x49, 0xBE, 0x95, 0xED, 0x46, 0x8E, 0xD0, 0x14,
    0x3E, 0xA7, 0x69, 0x99, 0x4E, 0x89, 0x8F, 0xE8, 0xA5, 0x57, 0xDF, 0xA3, 0x17, 0xAE, 0xFF, 0x98,
    0x2A, 0xFF, 0x66, 0x53, 0x65, 0x1E, 0x65, 0xD8, 0x16, 0x95, 0xD2, 0x7A, 0x19, 0x78, 0x90, 0x9A,
    0x31, 0xAC, 0xE3, 0x03, 0x35, 0x1C, 0x34, 0x3E, 0xEC, 0xF9, 0x28, 0x8E, 0x7D, 0x0D, 0x61, 0xA4,
    0x41, 0xE2, 0x41, 0xCE, 0xC3, 0x6C, 0x33, 0xE5, 0xCA, 0xA6, 0xB7, 0xCE, 0x10, 0x31, 0xDD, 0xF4,
    0x76, 0xEA, 0x2A, 0x34, 0xB8, 0x2E, 0x50, 0xFC, 0x54, 0xFB, 0x1E, 0xB2, 0x4F, 0xA3, 0x9B, 0xF3,
    0xCD, 0x69, 0xA2, 0xFB, 0x81, 0x1D, 0x92, 0x56, 0xAD, 0x02, 0xC1, 0x26, 0x40, 0x57, 0xEA, 0xD8,
    0xA3, 0xCD, 0x55, 0x91, 0xAB, 0x12, 0x57, 0x5E, 0x01, 0x5E, 0x2C, 0xCE, 0x57, 0x49, 0xBB, 0x3B,
    0xC7, 0x2A, 0xB3, 0xC8, 0xCC, 0xEB, 0x63, 0x39, 0xEB, 0x63, 0x14, 0x9D, 0xAF, 0x8A, 0x12, 0x87,
    0xA2, 0x74, 0x60, 0x1B, 0x82, 0xD8, 0x72, 0xDC, 0x65, 0xC6, 0x93, 0x64, 0x84, 0x45, 0xC8, 0x48,
    0xCE, 0x4C, 0x92, 0xA5, 0x3D, 0x90, 0x15, 0xF8, 0x59, 0xE2, 0x3C, 0xFD, 0x70, 0xFE, 0xD2, 0xF7,
    0x9C, 0xFA, 0x60, 0x23, 0x0F, 0xC4, 0xBB, 0xD6, 0x8B, 0x1C, 0x8A, 0xB6, 0x7F, 0x00, 0x2B, 0x35,
    0x7C, 0xD6, 0x1C, 0xEF, 0x41, 0x81, 0x10, 0xA4, 0x95, 0x1C, 0xB8, 0x1D, 0xDE, 0xBE, 0x04, 0x40,
    0x4B, 0x31, 0x16, 0xA4, 0x75, 0xE4, 0x90, 0xB0, 0x54, 0xEA, 0xBE, 0x13, 0x91, 0xD2, 0x17, 0x61,
    0x6F, 0x76, 0x08, 0x02, 0x50, 0xDF, 0x1E, 0x1D, 0x3D, 0x92, 0xF0, 0xB1, 0x3F, 0x27, 0x20, 0xDB,
    0xA3, 0x81, 0x12, 0x4D, 0x16, 0x0E, 0xC5, 0x0A, 0x59, 0x66, 0xFB, 0x5A, 0xDB, 0x2D, 0x5F, 0xD9,
    0xE4, 0xE8, 0x2F, 0x46, 0x79, 0xF3, 0xAD, 0x44, 0x61, 0x11, 0x5E, 0x79, 0xBF, 0x6F, 0xAA, 0xB3,
    0x12, 0xFA, 0xB3, 0x69, 0x0A, 0x73, 0x6B, 0x2D, 0x9B, 0xDD, 0x4C, 0x6D, 0x76, 0x41, 0x3D, 0xCD,
    0x55, 0x20, 0xFA, 0xCA, 0x4C, 0x7B, 0x05, 0x61, 0x1D, 0x97, 0x2D, 0x9E, 0x50, 0xE8, 0x06, 0xB7,
    0x95, 0xB6, 0x6D, 0xE9, 0xD0, 0x1A, 0x66, 0xD0, 0x53, 0x6C, 0x2B, 0xE0, 0x54, 0x87, 0xB1, 0x66,
    0xCA, 0xBC, 0xB3, 0xE7, 0xF3, 0xB9, 0xD4, 0x71, 0xCE, 0xD4, 0x1B, 0x7F, 0x22, 0xFD, 0x82, 0x6C,
    0xE4, 0xEC, 0x99, 0x4E, 0xEC, 0xCA, 0x5A, 0x56, 0xD0, 0x5F, 0x70, 0x6A, 0x93, 0x31, 0xB8, 0x32,
    0x35, 0x3E, 0x37, 0xCB, 0x4F, 0x0C, 0xBF, 0x61, 0x9E, 0x7C, 0xE1, 0x70, 0x3A, 0xE1, 0xEB, 0x33,
    0x98, 0x97, 0xD4, 0x46, 0x45, 0xFB, 0xC7, 0xE1, 0x9C, 0x65, 0x4E, 0xED, 0x3F, 0x70, 0xAF, 0x4E,
    0xBB, 0xE6, 0xA7, 0x3A, 0xDA, 0x7E, 0xCB, 0x4D, 0x4E, 0x3E, 0x78, 0x23, 0xF0, 0x06, 0x96, 0xF4,
    0xFD, 0x2C, 0x4F, 0xB7, 0x49, 0xC2, 0x9F, 0x13, 0xFD, 0x8D, 0x52, 0xDB, 0x24, 0xE1, 0xDF, 0xFD,
    0x35, 0xB2, 0x7B, 0x56, 0x65, 0xFE, 0x6B, 0x86, 0x4C, 0x0F, 0xCE, 0xA4, 0xD4, 0x9A, 0xF9, 0xFF,
    0xFF, 0xDE, 0x59, 0x68, 0x67, 0x52, 0xED, 0xF4, 0xB5, 0x7E, 0x52, 0xF7, 0xE9, 0xB4, 0xC9, 0xF3,
    0x2D, 0x9D, 0x87, 0xEA, 0xEB, 0x67, 0x4F, 0xCE, 0xE8, 0xB0, 0x8D, 0x83, 0x03, 0x06, 0x42, 0xAB,
    0x51, 0xB1, 0xA5, 0x53, 0x7A, 0x4D, 0x19, 0xDB, 0xD2, 0x16, 0xAF, 0xFE, 0x9A, 0xD0, 0xAF, 0x0B,
    0x95, 0xE8, 0xDE, 0x42, 0x5F, 0xAD, 0x52, 0xB7, 0xB5, 0x1D, 0xE5, 0x1D, 0xFD, 0xE4, 0x06, 0xF4,
    0xA6, 0xA4, 0x7D, 0x5B, 0x3C, 0x83, 0xF8, 0xF7, 0xBE, 0xF6, 0x81, 0x0F, 0xF7, 0xA3, 0x76, 0x68,
    0x36, 0xEA, 0xF4, 0x07, 0xDC, 0xA9, 0xD6, 0xEC, 0x94, 0x6D, 0x49, 0xD6, 0x29, 0xDB, 0x49, 0x3B,
    0x4D, 0xE6, 0xB7, 0x7B, 0x3C, 0xB0, 0x67, 0x47, 0x66, 0x6A, 0x1E, 0x78, 0x9A, 0x65, 0x7D, 0xD2,
    0x70, 0x3D, 0x8D, 0xA8, 0x3D, 0x5E, 0xB3, 0x41, 0x9D, 0xB4, 0xC1, 0x31, 0x89, 0x09, 0xC4, 0x54,
    0xE9, 0x61, 0x62, 0x40, 0xE4, 0xCA, 0x0C, 0x4A, 0x94, 0x1D, 0x4B, 0x7F, 0xB8, 0x53, 0x7D, 0x6C,
    0x4B, 0xAE, 0x65, 0xFE, 0xFE, 0xFE, 0x27, 0x5D, 0xDA, 0x49, 0x9B, 0x3A, 0x3E, 0x23, 0x2F, 0x4D,
    0x39, 0xFC, 0x5D, 0x32, 0x4D, 0xC7, 0xAF, 0x4F, 0xA1, 0x16, 0x7C, 0x84, 0xCA, 0xFE, 0x2E, 0x3F,
    0xFF, 0x10, 0xC1, 0xF3, 0x65, 0x4E, 0xFA, 0xB7, 0x19, 0x3C, 0xE3, 0x42, 0xF7, 0xD7, 0x77, 0x51,
    0x4E, 0xE2, 0x9D, 0xCB, 0xB3, 0xEB, 0x4E, 0x96, 0xBA, 0x6B, 0x9A, 0x05, 0x9E, 0x7C, 0x74, 0x49,
    0x34, 0x9A, 0xF5, 0xC7, 0xF5, 0xF0, 0xFF, 0x00, 0xAD, 0x58, 0x3F, 0x6C, 0x1B, 0x55, 0x1C, 0xFE,
    0xEE, 0x9E, 0x9D, 0x0B, 0x39, 0xE2, 0xF3, 0x60, 0x89, 0xA0, 0x62, 0x9C, 0xA1, 0x43, 0xA9, 0x9C,
    0xB4, 0x43, 0x07, 0x0B, 0x39, 0xF1, 0x23, 0x08, 0xE6, 0x0C, 0x88, 0x89, 0x8A, 0x0C, 0x1D, 0x18,
    0x90, 0xC8, 0xE0, 0x21, 0x03, 0xAA, 0xAE, 0x42, 0x8C, 0x50, 0x83, 0x44, 0x57, 0x32, 0x30, 0x65,
    0x28, 0x1E, 0x32, 0x96, 0xE6, 0x49, 0x0C, 0x1D, 0xBA, 0x18, 0x21, 0xB1, 0x21, 0x4E, 0x15, 0x1B,
    0xCB, 0x81, 0x2C, 0x94, 0x8A, 0x24, 0xC7, 0xF7, 0x7B, 0x77, 0x31, 0x71, 0xDA, 0xA2, 0x3B, 0x5F,
    0x9C, 0xF7, 0x73, 0xDE, 0xD9, 0xEF, 0xBD, 0xEF, 0xFB, 0xFD, 0xBD, 0xDF, 0x19, 0x57, 0x00, 0xAC,
    0x51, 0x1E, 0x52, 0xFE, 0x00, 0x9C, 0x9F, 0x35, 0xDC, 0x1F, 0x0D, 0xD4, 0x1D, 0x03, 0x0F, 0x11,
    0x82, 0xBD, 0x18, 0xAD, 0x64, 0x8C, 0x36, 0xBA, 0xE8, 0xF0, 0xBD, 0x8F, 0x1A, 0x62, 0x04, 0xB0,
    0xAF, 0x25, 0x4A, 0x37, 0x9D, 0xE2, 0x3D, 0xF8, 0x89, 0xAE, 0x7A, 0x06, 0xAE, 0x0C, 0x2F, 0x31,
    0xAB, 0xAE, 0xE9, 0xBA, 0xA6, 0xA3, 0xCC, 0x5A, 0xCB, 0x04, 0x87, 0x46, 0xD6, 0x6C, 0x01, 0xFB,
    0x40, 0x1D, 0xB8, 0xC5, 0x8B, 0x16, 0xC5, 0xA7, 0xAC, 0x50, 0x2E, 0x53, 0x66, 0x25, 0xB2, 0x0B,
    0x7C, 0x0C, 0xBC, 0x0C, 0x7E, 0x22, 0x00, 0x79, 0x78, 0x08, 0xF1, 0xC6, 0x0D, 0xE0, 0xF6, 0xA6,
    0x85, 0x71, 0xA0, 0x67, 0x87, 0x17, 0x75, 0x22, 0x3C, 0x0D, 0xD5, 0x97, 0xA8, 0x3A, 0xB9, 0xE0,
    0x1B, 0x94, 0x45, 0xBE, 0x39, 0xB7, 0x51, 0x1A, 0x7E, 0x13, 0xBC, 0xC4, 0xFC, 0x21, 0x08, 0xEF,
    0x38, 0x39, 0xB5, 0xDF, 0x4D, 0x2D, 0xDE, 0xA0, 0xB5, 0x7E, 0x20, 0xFC, 0xA3, 0x92, 0x16, 0x70,
    0x42, 0x60, 0x1B, 0x18, 0xE0, 0x50, 0x17, 0x60, 0x31, 0xE6, 0x57, 0x1F, 0x72, 0x67, 0x85, 0xF3,
    0x0B, 0x30, 0x84, 0xFB, 0x35, 0xE6, 0x0E, 0xEC, 0x69, 0xB4, 0xC5, 0x17, 0x79, 0x5D, 0x61, 0xD1,
    0x1E, 0x0A, 0x4A, 0x58, 0x32, 0x0A, 0xCE, 0x65, 0xC3, 0x16, 0x9C, 0x23, 0xA8, 0xBB, 0xE4, 0xA1,
    0xF3, 0x66, 0xC6, 0xD0, 0x86, 0x12, 0xB2, 0xAC, 0x78, 0x0D, 0x70, 0x09, 0x8A, 0x24, 0x0B, 0x98,
    0x12, 0xC4, 0x78, 0xD4, 0x0D, 0xCC, 0x29, 0xA8, 0x13, 0xB1, 0x49, 0xBE, 0x10, 0xE1, 0x2B, 0x4E,
    0xA3, 0xC4, 0xBD, 0x13, 0x5E, 0x04, 0x0B, 0x82, 0x31, 0xEE, 0x8A, 0xB1, 0x60, 0x64, 0xE3, 0xA5,
    0x14, 0xF5, 0x42, 0x58, 0xEC, 0x5A, 0x1F, 0x15, 0xB5, 0xC5, 0xEF, 0x59, 0xA0, 0x8A, 0x12, 0x6F,
    0x95, 0x67, 0xE1, 0x7E, 0x95, 0x05, 0x6A, 0x61, 0x8F, 0xB8, 0xDA, 0xC0, 0x49, 0x74, 0xE9, 0x78,
    0x98, 0x0A, 0x54, 0x90, 0x87, 0x2E, 0xC0, 0x63, 0x37, 0x0D, 0x0C, 0x5C, 0xDD, 0x43, 0x2F, 0xD1,
    0x1D, 0xEB, 0xA4, 0x74, 0xF4, 0x12, 0xAC, 0xEF, 0xE1, 0xEC, 0x27, 0xEB, 0x76, 0x8D, 0xAC, 0x1E,
    0xC0, 0x89, 0xC0, 0xFC, 0x72, 0x36, 0x11, 0x1C, 0xA3, 0x1B, 0x60, 0xA8, 0xC2, 0x58, 0x85, 0x49,
    0x62, 0x62, 0x7B, 0x1E, 0x4B, 0xF7, 0xFA, 0xFB, 0xDA, 0x4F, 0x30, 0xB5, 0x98, 0x93, 0x1D, 0xAB,
    0x29, 0x2F, 0x4D, 0x01, 0xC4, 0x73, 0x1B, 0xF3, 0x80, 0xFA, 0x9F, 0xA1, 0x99, 0xA0, 0xDE, 0x28,
    0x80, 0xD2, 0x7A, 0x1B, 0x6F, 0x1E, 0xCB, 0x96, 0x5C, 0x4A, 0x51, 0xAB, 0x0D, 0xA3, 0xFE, 0xC6,
    0x42, 0x5B, 0x6A, 0x54, 0x11, 0xEB, 0xD1, 0xB1, 0x46, 0xFD, 0x05, 0xBF, 0x83, 0x4A, 0x25, 0x17,
    0x16, 0x93, 0xB6, 0x5D, 0x47, 0xF5, 0x01, 0xDC, 0x47, 0x2C, 0x6A, 0x58, 0xD8, 0x0B, 0x83, 0x64,
    0x54, 0x03, 0x26, 0x23, 0x48, 0x4C, 0xB0, 0x17, 0x4E, 0x7D, 0x62, 0xD7, 0xD4, 0x6D, 0x58, 0xCC,
    0x1F, 0xC1, 0x7D, 0x9C, 0x95, 0x71, 0x95, 0xE8, 0x40, 0x99, 0x36, 0xA2, 0x2E, 0xA2, 0x5E, 0x12,
    0x77, 0xED, 0x82, 0x26, 0xD7, 0x7F, 0x33, 0x70, 0x13, 0x1B, 0x0F, 0x73, 0x5A, 0x4C, 0xBC, 0x11,
    0xAA, 0x3F, 0x8B, 0xAB, 0x36, 0xC7, 0xB8, 0x65, 0xA4, 0xC9, 0xDE, 0x5A, 0x6E, 0xED, 0xFC, 0xCF,
    0xB1, 0xF8, 0x40, 0xAC, 0xA2, 0xE2, 0xC2, 0x88, 0x0B, 0xEF, 0xA0, 0x79, 0x24, 0x65, 0x56, 0xF6,
    0xE6, 0x46, 0xA4, 0xEB, 0xD4, 0x18, 0x7E, 0x13, 0x15, 0x67, 0xD6, 0xB0, 0x1F, 0x08, 0x62, 0xAD,
    0x8D, 0x46, 0xB5, 0x58, 0x0A, 0x2C, 0xE8, 0xEA, 0xC8, 0x19, 0x79, 0x9A, 0xC0, 0x83, 0x6B, 0x03,
    0x1F, 0xCF, 0xFE, 0x05, 0xBA, 0x17, 0xDD, 0xBA, 0x59, 0xEB, 0x5C, 0x47, 0x7F, 0xF2, 0xFA, 0xBF,
    0xB5, 0xF4, 0x18, 0xCB, 0x80, 0xC3, 0xD5, 0x38, 0xB3, 0x03, 0xCB, 0xFD, 0x3A, 0xEE, 0x6B, 0xF8,
    0xFF, 0x8C, 0xB1, 0xCA, 0xBA, 0xD2, 0xE5, 0x9A, 0x3E, 0x7C, 0x3D, 0x84, 0x17, 0xC6, 0x50, 0x13,
    0xD9, 0x87, 0xA7, 0x77, 0xF8, 0xDD, 0x1A, 0x5E, 0x67, 0x0C, 0x30, 0xC2, 0x92, 0xE8, 0xBF, 0x92,
    0x22, 0x8D, 0x9C, 0xDC, 0xCD, 0xA9, 0xE0, 0x09, 0xD6, 0xFC, 0x70, 0x5F, 0x99, 0xD8, 0x19, 0x4D,
    0x46, 0x9F, 0x65, 0xE4, 0x92, 0xF6, 0x8F, 0xA7, 0x14, 0xC4, 0x55, 0x5E, 0xBC, 0xC2, 0xFF, 0x8A,
    0xB2, 0xC8, 0xF9, 0x3C, 0xA5, 0x04, 0x91, 0x2C, 0xF5, 0xDB, 0xD6, 0xA4, 0x61, 0x3E, 0x2E, 0x82,
    0x59, 0x11, 0x4F, 0xB2, 0x99, 0x7A, 0x22, 0x85, 0x5E, 0x97, 0xA2, 0x20, 0xA0, 0x8E, 0x71, 0x99,
    0xB1, 0x8C, 0xCE, 0x6A, 0x2E, 0x0A, 0xA2, 0xF4, 0x02, 0x4D, 0xE7, 0xF4, 0x38, 0x79, 0xC2, 0xBC,
    0xD2, 0xE5, 0x28, 0xD4, 0xAD, 0x05, 0x58, 0x01, 0x1C, 0x49, 0x64, 0xCD, 0x1B, 0x86, 0x4A, 0xC2,
    0x60, 0x23, 0x5A, 0x01, 0x53, 0xB8, 0x3F, 0x19, 0x4D, 0xC4, 0xC1, 0xBB, 0x23, 0x37, 0x8D, 0x55,
    0xDB, 0x93, 0xB3, 0x55, 0xA8, 0xB0, 0x2F, 0xEE, 0xD5, 0x2F, 0xC6, 0x12, 0xAE, 0xB6, 0x09, 0x5E,
    0xCC, 0x18, 0xD8, 0xA7, 0x0F, 0xBF, 0x35, 0x69, 0x2C, 0x59, 0x83, 0x94, 0x67, 0x32, 0xB7, 0x81,
    0xC5, 0x63, 0xB1, 0x8B, 0x1B, 0xC3, 0xCB, 0xCF, 0xE4, 0xD5, 0x53, 0x06, 0xBC, 0x89, 0xE8, 0x4D,
    0x5C, 0x58, 0x86, 0x4C, 0x0A, 0x4A, 0xB5, 0x60, 0xB6, 0xB8, 0x34, 0x85, 0x9F, 0x65, 0x4A, 0x83,
    0x5B, 0xEF, 0xEB, 0x21, 0x09, 0x45, 0xAB, 0xE8, 0x99, 0x59, 0x08, 0x75, 0x6C, 0x9A, 0xE8, 0x25,
    0x6C, 0x76, 0x83, 0x93, 0x9D, 0x35, 0x3F, 0x1A, 0xBA, 0x2F, 0x26, 0x21, 0x4F, 0x0D, 0x3B, 0x69,
    0x8C, 0xA0, 0x5A, 0x0E, 0x9B, 0x85, 0x5F, 0x19, 0x7B, 0x77, 0xAE, 0xE7, 0xC3, 0x7E, 0x83, 0x72,
    0x09, 0x69, 0x95, 0x68, 0x5A, 0xEE, 0xA5, 0xF0, 0xB3, 0x2A, 0xD1, 0x49, 0x1B, 0x84, 0x7C, 0x14,
    0xC6, 0xD7, 0xA1, 0xBE, 0x1F, 0x49, 0x3A, 0x95, 0x82, 0x66, 0xA3, 0xB1, 0x22, 0x8D, 0x46, 0x3E,
    0x50, 0x94, 0xF7, 0xF1, 0x24, 0xE8, 0x90, 0x0F, 0x72, 0x60, 0x8D, 0xA2, 0xB1, 0x8C, 0xA5, 0x3E,
    0xDA, 0x2F, 0x1A, 0xEC, 0x29, 0xD9, 0x58, 0xB6, 0xEE, 0xC5, 0x2C, 0x2C, 0x59, 0xCF, 0x71, 0xDA,
    0x51, 0xF2, 0xF0, 0x73, 0x63, 0xDB, 0x35, 0x7D, 0xDB, 0x43, 0xB6, 0x9E, 0x9A, 0xA9, 0x70, 0xFE,
    0xC8, 0x7A, 0xD5, 0xB7, 0xD5, 0xAA, 0x51, 0x0C, 0xF1, 0x7C, 0xA1, 0xCF, 0x83, 0x2B, 0xBD, 0x8A,
    0xB4, 0xC0, 0x6D, 0x5B, 0x22, 0xEB, 0x82, 0xC7, 0x83, 0x87, 0x7D, 0x5C, 0x1B, 0xF5, 0x69, 0xA6,
    0xBE, 0xED, 0x93, 0x9F, 0x95, 0x4E, 0xD6, 0x45, 0x07, 0xF7, 0x62, 0x5A, 0x36, 0x7D, 0x12, 0xB0,
    0xA5, 0x41, 0x34, 0x1E, 0x4A, 0x6D, 0xF2, 0xB4, 0x68, 0x31, 0x74, 0x7F, 0xA3, 0x1C, 0x0A, 0x91,
    0x29, 0x21, 0x0D, 0x90, 0x07, 0x48, 0x04, 0x19, 0x13, 0x6B, 0x66, 0xDB, 0x48, 0x77, 0xAC, 0x77,
    0x4A, 0x71, 0x11, 0xB5, 0x24, 0x9D, 0xC4, 0x6F, 0xA8, 0xCF, 0xC0, 0xE5, 0x34, 0xBB, 0xBC, 0xCC,
    0x36, 0x8D, 0x72, 0x7C, 0x1C, 0xD1, 0xED, 0xD3, 0xEC, 0x2C, 0xD1, 0x31, 0x2C, 0xCE, 0xC9, 0x8D,
    0x06, 0xF0, 0x3E, 0xE1, 0xDC, 0x29, 0xC7, 0x85, 0xE9, 0x26, 0x8D, 0x3D, 0x13, 0x6E, 0x06, 0xBB,
    0xA0, 0x64, 0x8C, 0x5C, 0x39, 0xFB, 0x9C, 0x35, 0x03, 0x3E, 0x8F, 0x91, 0x44, 0xC9, 0x0A, 0xBF,
    0x4C, 0xB7, 0xC5, 0x39, 0x5B, 0xB8, 0xDC, 0xC7, 0x90, 0x1D, 0x79, 0xD3, 0x35, 0x81, 0x0A, 0xBD,
    0xBB, 0x70, 0x7F, 0x05, 0x8E, 0xEC, 0x6F, 0x6B, 0xDB, 0x53, 0x83, 0x91, 0x71, 0x5A, 0x67, 0x6D,
    0x86, 0x30, 0xD5, 0xF9, 0x44, 0xA7, 0xC2, 0xB6, 0xA7, 0x6B, 0x01, 0xFC, 0x1A, 0xBC, 0x0F, 0xA0,
    0xD8, 0x25, 0x8C, 0xAD, 0x9F, 0x22, 0x38, 0x23, 0x59, 0x7F, 0x60, 0x7B, 0x81, 0xFC, 0x28, 0x53,
    0xBF, 0xEC, 0xE5, 0x41, 0xF9, 0x05, 0xEA, 0xB1, 0x3E, 0x70, 0x6C, 0xC7, 0xF1, 0x1D, 0x70, 0xD3,
    0xDE, 0xCF, 0xD8, 0x8F, 0x2E, 0x17, 0x00, 0x7D, 0x4E, 0xFE, 0x17, 0xD1, 0xCE, 0xFB, 0xC9, 0xD4,
    0x0E, 0x34, 0xEF, 0xBF, 0xF9, 0x11, 0x27, 0x8F, 0x88, 0x45, 0xB1, 0xFE, 0x05, 0x8D, 0x55, 0x4F,
    0x68, 0xE4, 0x54, 0x18, 0xFF, 0x25, 0x99, 0x36, 0xB5, 0xE9, 0xA4, 0x73, 0x68, 0xDD, 0xA1, 0x9B,
    0x4E, 0xE7, 0xD0, 0x85, 0x30, 0x64, 0xDC, 0x20, 0x11, 0x42, 0x09, 0xE4, 0xAD, 0x85, 0xF5, 0xB4,
    0xEB, 0x80, 0xEE, 0x49, 0x0F, 0x3D, 0x28, 0xE2, 0xEE, 0x25, 0xC5, 0x01, 0x7B, 0x58, 0x98, 0x77,
    0x10, 0x3C, 0x2C, 0xC2, 0xE0, 0x61, 0xCF, 0x51, 0xBC, 0x38, 0x45, 0x08, 0xD2, 0xC5, 0x88, 0xB2,
    0x7D, 0xE2, 0xD1, 0x83, 0x41, 0x8F, 0x7A, 0xC8, 0xE2, 0x51, 0x84, 0xE0, 0xCE, 0x61, 0x5D, 0xBA,
    0x8D, 0xDF, 0x4B, 0xA7, 0xB4, 0xDD, 0xDD, 0x8E, 0xBE, 0xEF, 0xCB, 0xF7, 0xDE, 0xFB, 0xDE, 0x97,
    0xEF, 0xDF, 0xFB, 0xDE, 0x7B, 0xC0, 0x2C, 0x2E, 0xF0, 0xF7, 0xD8, 0x0D, 0xF4, 0x9E, 0x0B, 0xB2,
    0xBD, 0x80, 0x2E, 0x5B, 0x1D, 0xCE, 0xF4, 0xCE, 0x13, 0x09, 0xB3, 0x0E, 0x97, 0xDF, 0xF2, 0x8D,
    0x5E, 0x58, 0x16, 0x61, 0xC9, 0x3B, 0x23, 0x16, 0x96, 0x65, 0x59, 0x74, 0x46, 0xA3, 0x51, 0x7C,
    0x32, 0x6A, 0x34, 0x92, 0xE8, 0xBF, 0xA1, 0xD7, 0xA6, 0xDF, 0x3B, 0x23, 0x4E, 0x86, 0xC3, 0x52,
    0x10, 0x9D, 0x73, 0xFC, 0x7E, 0x82, 0x66, 0xE0, 0x47, 0x31, 0x9A, 0x4E, 0xE0, 0x45, 0xD8, 0xDA,
    0xF3, 0x7D, 0x0B, 0x73, 0x4B, 0x8E, 0xE7, 0x27, 0xFD, 0x22, 0xC9, 0x01, 0x7B, 0x3D, 0xD8, 0xF3,
    0x92, 0x28, 0x8F, 0xE9, 0x87, 0xA6, 0xED, 0xF8, 0x41, 0x5F, 0xCE, 0x80, 0xAD, 0xE1, 0x5E, 0xE1,
    0x25, 0x7E, 0x64, 0x79, 0x80, 0xC2, 0x34, 0x4E, 0xC0, 0x76, 0xBF, 0xDA, 0xFD, 0x52, 0x63, 0x13,
    0xE0, 0xC7, 0x70, 0xBC, 0x5A, 0x1E, 0xBE, 0xF1, 0xD1, 0x84, 0xC7, 0x76, 0xFF, 0xAA, 0x24, 0x69,
    0x5C, 0x43, 0xC8, 0x06, 0x7C, 0xC0, 0x43, 0x56, 0x03, 0x43, 0x8A, 0x7D, 0xBE, 0xCF, 0xF6, 0x68,
    0x84, 0xDB, 0xB7, 0xD1, 0xA8, 0xA5, 0xAD, 0xB4, 0x05, 0xEA, 0x15, 0xA4, 0x2F, 0x19, 0x5C, 0x7E,
    0x32, 0x6D, 0x8D, 0x34, 0xC5, 0x32, 0x7B, 0x97, 0x9D, 0x9B, 0x37, 0x5A, 0x5D, 0x1E, 0xE2, 0xFC,
    0x65, 0x84, 0xE2, 0x08, 0x66, 0xF0, 0x3C, 0x90, 0x6D, 0x83, 0xB7, 0xD1, 0x26, 0x7A, 0xBE, 0x44,
    0x47, 0x80, 0x83, 0x77, 0xCE, 0xD5, 0x31, 0xCB, 0x55, 0xA2, 0xAB, 0x85, 0x41, 0xD4, 0xF7, 0x16,
    0x88, 0x7A, 0x9E, 0x2F, 0xA9, 0x1F, 0x55, 0xE3, 0x07, 0x14, 0xB1, 0xFF, 0xCA, 0xCF, 0xC5, 0x80,
    0xB5, 0x1E, 0xBE, 0xED, 0x3D, 0x10, 0xB3, 0x77, 0x6C, 0x3B, 0xCB, 0x50, 0xF7, 0x1D, 0x91, 0xC1,
    0xB1, 0x25, 0x75, 0x1D, 0xC9, 0xC9, 0x2D, 0xEF, 0x73, 0xA1, 0x08, 0x23, 0x0F, 0x59, 0x65, 0x78,
    0xA2, 0x19, 0x68, 0x55, 0xBA, 0xA5, 0xF6, 0x7A, 0xD5, 0x7B, 0xBE, 0x33, 0xE9, 0xDD, 0x49, 0x9F,
    0xB3, 0x19, 0x34, 0xC8, 0xCA, 0x4F, 0x45, 0xF8, 0xC3, 0x13, 0xB4, 0x1E, 0x7E, 0x12, 0x24, 0xBF,
    0xDE, 0xC1, 0xEC, 0xC7, 0x96, 0x95, 0xFF, 0xB1, 0xC9, 0x50, 0x77, 0xAC, 0xFC, 0x1B, 0x8D, 0xC1,
    0x99, 0xF4, 0xDE, 0x84, 0x9F, 0xD4, 0xFD, 0x6D, 0x92, 0x83, 0xD0, 0x8B, 0x90, 0x3F, 0xC1, 0x71,
    0x53, 0x99, 0xCE, 0x4C, 0x58, 0xF0, 0x48, 0xA7, 0x7A, 0x15, 0xFA, 0x75, 0x98, 0x0E, 0xA8, 0x00,
    0xBC, 0x18, 0x0D, 0x46, 0x9C, 0x39, 0xFD, 0xBA, 0x63, 0x3A, 0x9E, 0xE5, 0xC5, 0x5E, 0x2C, 0x88,
    0xD3, 0x46, 0x80, 0x3A, 0x0C, 0x90, 0x66, 0xB4, 0x87, 0x41, 0x52, 0xF7, 0x0C, 0x47, 0xBB, 0x46,
    0xE3, 0x4F, 0x59, 0xF0, 0xB5, 0xA8, 0x7B, 0x99, 0xE1, 0x44, 0xDA, 0x35, 0x2A, 0x20, 0xDA, 0x5F,
    0x8D, 0xCF, 0x8B, 0x85, 0x2D, 0xDB, 0x75, 0x9B, 0xBD, 0x39, 0x85, 0xEB, 0xDC, 0xA4, 0x7F, 0x03,
    0x98, 0xD0, 0xB9, 0xC2, 0xD7, 0xE1, 0x60, 0x11, 0x9A, 0xD0, 0xC4, 0x22, 0x8D, 0xD6, 0xC9, 0x11,
    0x0E, 0x47, 0x13, 0x9E, 0xA1, 0x5C, 0xC9, 0x55, 0xA1, 0x73, 0x24, 0x54, 0x24, 0xCE, 0x0E, 0x6C,
    0x23, 0xB7, 0x03, 0x5D, 0x04, 0x0D, 0x33, 0xA1, 0xA0, 0x29, 0x17, 0x39, 0xD9, 0xE6, 0xAA, 0x30,
    0x35, 0x9E, 0x34, 0x35, 0xB1, 0x2E, 0x63, 0x78, 0xC7, 0xDE, 0x09, 0xFA, 0x15, 0x78, 0x3E, 0xE5,
    0xC9, 0x96, 0x40, 0x15, 0x85, 0x34, 0x48, 0x03, 0x60, 0x25, 0x1E, 0x7C, 0x6F, 0x98, 0xBA, 0xA1,
    0x9B, 0xFA, 0xAA, 0xDE, 0xD7, 0x33, 0x9D, 0x69, 0x55, 0xE4, 0x3A, 0x33, 0x28, 0x86, 0xCE, 0xE8,
    0x0B, 0x42, 0x9A, 0x46, 0x58, 0xB0, 0x11, 0x19, 0x77, 0x05, 0xDE, 0xAF, 0xF2, 0x52, 0x32, 0x53,
    0xC9, 0x3D, 0xD8, 0x3D, 0xCC, 0x61, 0x89, 0xD2, 0x13, 0x61, 0x08, 0xA1, 0x72, 0x0D, 0x3A, 0x4C,
    0x6E, 0x09, 0x6F, 0xE8, 0xBA, 0xBD, 0x36, 0x85, 0x59, 0xE9, 0xAA, 0x9F, 0xD0, 0xD9, 0x85, 0x26,
    0x51, 0xA3, 0x3C, 0x90, 0x93, 0xCB, 0x15, 0xFF, 0xC3, 0xAA, 0xC2, 0xFF, 0xCE, 0x24, 0xCD, 0x24,
    0xCD, 0xA1, 0x50, 0x97, 0x41, 0x11, 0x92, 0x42, 0xE0, 0xDB, 0x3F, 0xC5, 0x3F, 0xBF, 0x89, 0x5B,
    0x8F, 0xF9, 0xAD, 0xC7, 0x4C, 0x2B, 0x40, 0x68, 0x04, 0x58, 0xF4, 0x61, 0xB6, 0xB0, 0xDA, 0x45,
    0xAD, 0x26, 0x51, 0x5E, 0x1A, 0x74, 0x46, 0xE5, 0x1F, 0xAA, 0x00, 0xC5, 0x60, 0x82, 0xF6, 0x8D,
    0x3C, 0x43, 0x22, 0x15, 0x69, 0x9C, 0x3C, 0x93, 0x2E, 0xD8, 0x32, 0x16, 0xDC, 0x64, 0xFB, 0x3C,
    0xC1, 0x09, 0xEC, 0xF3, 0x7B, 0xA7, 0x66, 0xF7, 0x68, 0x7E, 0x93, 0x0D, 0x84, 0x76, 0x0A, 0xF6,
    0xC5, 0x85, 0x53, 0xB3, 0x0B, 0x34, 0x5F, 0x89, 0x57, 0xE2, 0xFB, 0x07, 0xF7, 0x0F, 0xC8, 0xD2,
    0x09, 0x38, 0x04, 0x63, 0x8C, 0x55, 0xA1, 0x0A, 0x79, 0x27, 0xE8, 0xD2, 0x2A, 0x35, 0x85, 0xC0,
    0x60, 0x47, 0x20, 0xE7, 0x2B, 0x71, 0xF3, 0xFE, 0x41, 0x17, 0x66, 0x57, 0xD6, 0x93, 0x69, 0xC1,
    0xB1, 0x30, 0xB6, 0x54, 0x61, 0x69, 0xCC, 0xD2, 0xB1, 0x50, 0xFD, 0x50, 0x33, 0x58, 0x97, 0x50,
    0x6E, 0xE0, 0xCA, 0x70, 0xE7, 0xF0, 0xA0, 0x8F, 0x6E, 0x1F, 0xF5, 0x3E, 0x56, 0x3D, 0x04, 0x1E,
    0x0A, 0x57, 0x13, 0xAE, 0x0E, 0x77, 0xBE, 0xBA, 0x1D, 0x80, 0x74, 0x51, 0xE2, 0x51, 0x1B, 0x94,
    0x85, 0xCC, 0xA0, 0x26, 0xA4, 0x71, 0x4A, 0x03, 0x95, 0x45, 0x1F, 0x28, 0xAA, 0xBC, 0x70, 0x2C,
    0xBF, 0x89, 0x8D, 0x52, 0xB8, 0x65, 0xEE, 0x96, 0xC5, 0x59, 0xCC, 0xDC, 0x92, 0xB9, 0x02, 0xCF,
    0x62, 0xA3, 0xF2, 0x79, 0xAD, 0xCC, 0x06, 0xE3, 0xE1, 0xFE, 0x78, 0x58, 0x9E, 0x42, 0xE2, 0x5C,
    0x2E, 0x33, 0xE5, 0x06, 0xAB, 0xEC, 0xF2, 0xED, 0x32, 0xDB, 0x2E, 0x8B, 0xB3, 0x98, 0x13, 0x9F,
    0x8C, 0xCA, 0x6B, 0x28, 0x91, 0xB8, 0xBE, 0x3D, 0x0C, 0xCB, 0x1C, 0x8F, 0xA0, 0xFE, 0x0E, 0xFD,
    0x75, 0xE8, 0x55, 0x08, 0x4B, 0x41, 0x70, 0xE4, 0x7C, 0xB0, 0x5A, 0x9F, 0x57, 0x9E, 0xAE, 0xB0,
    0xFF, 0xD1, 0xCE, 0x14, 0xE8, 0x54, 0x53, 0xD3, 0x57, 0xB7, 0x96, 0xC6, 0xFE, 0x56, 0x84, 0x18,
    0x19, 0xED, 0x20, 0xD7, 0xE9, 0x2C, 0xD7, 0xA9, 0x8E, 0x7C, 0x44, 0x41, 0x32, 0xF1, 0x10, 0xC6,
    0x21, 0x53, 0x99, 0x7F, 0xF1, 0xF1, 0x5B, 0x54, 0x6E, 0x17, 0x1F, 0x81, 0x0C, 0x1A, 0x77, 0x33,
    0x1B, 0xEE, 0x56, 0xB5, 0x73, 0x74, 0x07, 0xD4, 0x5C, 0x56, 0x7F, 0x59, 0x68, 0xDF, 0xE1, 0xC5,
    0x27, 0x3D, 0xDA, 0x0C, 0xF5, 0x10, 0xC6, 0x07, 0x7C, 0x41, 0xE6, 0x72, 0x72, 0x10, 0xD6, 0x26,
    0x07, 0x83, 0x9C, 0x28, 0xE4, 0xEE, 0x1D, 0x35, 0x13, 0x2D, 0xD4, 0xD4, 0xAB, 0xCD, 0xB6, 0x7E,
    0xCD, 0x4F, 0x4C, 0x27, 0xCA, 0x2C, 0xF7, 0x17, 0xEE, 0x7D, 0xF6, 0x23, 0x1A, 0x57, 0x68, 0x55,
    0x5E, 0x29, 0xBA, 0x90, 0x95, 0x71, 0xA6, 0xC9, 0xCD, 0x25, 0xC7, 0xD2, 0x1A, 0x4E, 0x14, 0x55,
    0x8D, 0xB6, 0x9A, 0xAE, 0x92, 0x4A, 0x3E, 0xA6, 0x53, 0x41, 0x25, 0x91, 0x93, 0x00, 0x3B, 0x23,
    0x63, 0xCA, 0x6D, 0x7D, 0x36, 0x97, 0xB2, 0x7C, 0xA8, 0x5C, 0xE8, 0xCD, 0x03, 0x8B, 0x8B, 0xDE,
    0x09, 0xBF, 0x98, 0x2C, 0xA3, 0x78, 0x4A, 0x7E, 0x8F, 0xF0, 0x29, 0xD6, 0x44, 0x86, 0xDC, 0x56,
    0xB4, 0x2B, 0x30, 0x36, 0x37, 0x85, 0xA1, 0x6D, 0xF2, 0x2A, 0x0C, 0xFA, 0x3A, 0xBB, 0xA3, 0x78,
    0x50, 0x96, 0xE3, 0xE3, 0xF9, 0xAC, 0xF6, 0x2A, 0x16, 0x37, 0x5F, 0xE3, 0xD4, 0xB3, 0x8A, 0x27,
    0xC3, 0x4C, 0x53, 0xF2, 0x78, 0x3D, 0xED, 0x1F, 0xBD, 0x7F, 0x7D, 0x1A, 0xF4, 0xD3, 0x36, 0x76,
    0xD2, 0x86, 0x9C, 0xD2, 0xF5, 0x51, 0x3D, 0x55, 0x97, 0xA7, 0x3C, 0x58, 0x1B, 0xA2, 0xCD, 0xDB,
    0x7C, 0x63, 0xCA, 0xA3, 0x17, 0x8A, 0x35, 0xB6, 0x88, 0x19, 0x9C, 0x2F, 0x31, 0x43, 0x17, 0xF1,
    0x1A, 0x9B, 0xF6, 0x70, 0xCE, 0xE3, 0x12, 0xBF, 0xC4, 0xE7, 0xA7, 0xE8, 0xE8, 0x62, 0xBA, 0xA7,
    0xFF, 0x02, 0xD5, 0x51, 0xB1, 0x4A, 0x03, 0x41, 0x10, 0x7D, 0xC7, 0x91, 0xA4, 0x48, 0x8C, 0x07,
    0x12, 0x88, 0x1A, 0x49, 0x0A, 0x91, 0x20, 0xE8, 0x4D, 0xB1, 0x81, 0x60, 0x73, 0xD7, 0xA4, 0xF7,
    0x13, 0xEE, 0x13, 0xA6, 0xD0, 0xC2, 0xEA, 0xB6, 0xB6, 0xCA, 0x27, 0xEC, 0x27, 0xEC, 0x1F, 0x64,
    0x51, 0x2C, 0x85, 0xA9, 0x6D, 0xDC, 0x3A, 0x55, 0x8A, 0x94, 0x82, 0xEE, 0x6D, 0x30, 0x22, 0xF8,
    0x03, 0xCE, 0xDB, 0x5D, 0x98, 0xB7, 0x33, 0x6F, 0x67, 0x66, 0x81, 0xDC, 0x29, 0x6B, 0x69, 0x07,
    0x65, 0x73, 0x01, 0x28, 0x9B, 0x50, 0x63, 0x13, 0x20, 0x91, 0x54, 0x0E, 0x64, 0x2A, 0x2C, 0x9F,
    0xDB, 0x81, 0x20, 0x5C, 0x02, 0x85, 0x27, 0x10, 0x0A, 0x07, 0x0B, 0x86, 0xAD, 0x23, 0x77, 0xE8,
    0xE7, 0xC1, 0x59, 0x79, 0xCB, 0x46, 0x31, 0xE7, 0x91, 0xAB, 0x37, 0x21, 0x42, 0x12, 0x97, 0xEA,
    0x0E, 0xFA, 0xE8, 0x35, 0x14, 0x72, 0x21, 0x1B, 0x1E, 0x71, 0x37, 0x9E, 0x83, 0x15, 0x31, 0x2E,
    0x77, 0xCC, 0x86, 0x2C, 0x17, 0x36, 0xC8, 0xFA, 0x42, 0x03, 0xED, 0x80, 0xDA, 0x77, 0xC2, 0x19,
    0x54, 0xFC, 0x6E, 0x5F, 0x9A, 0x41, 0x89, 0x29, 0x99, 0xA5, 0x88, 0x61, 0x1A, 0x81, 0xD5, 0xA8,
    0x17, 0x6C, 0xA8, 0xAA, 0xC7, 0xD2, 0x8B, 0xAB, 0x76, 0xD0, 0x19, 0xFE, 0x68, 0x08, 0xE8, 0xEA,
    0x42, 0x1F, 0xE9, 0x74, 0x8F, 0xD8, 0x87, 0x64, 0xB6, 0xA9, 0x30, 0xD5, 0x7D, 0xCC, 0xB1, 0xDA,
    0xC4, 0x9A, 0x1B, 0xCE, 0x9C, 0xBA, 0xB6, 0x6F, 0x7A, 0x5B, 0xC5, 0xDC, 0xFF, 0x30, 0x83, 0x56,
    0x79, 0xEC, 0x41, 0x27, 0x1B, 0x26, 0xB6, 0x79, 0x95, 0x94, 0x57, 0x86, 0xA8, 0xDE, 0x12, 0x14,
    0xBA, 0x3E, 0x78, 0x96, 0xA6, 0x3C, 0xA2, 0xA1, 0x52, 0x5D, 0x41, 0x46, 0xE6, 0xCC, 0x75, 0xD1,
    0xD7, 0xE7, 0x52, 0x51, 0x0B, 0x17, 0x02, 0x1A, 0xDC, 0xDD, 0x87, 0xC4, 0xB1, 0x76, 0x70, 0x78,
    0xC1, 0x3A, 0xA8, 0x7F, 0xCF, 0xB3, 0x61, 0x5C, 0xF9, 0x54, 0xBE, 0xE2, 0x03, 0x6F, 0x78, 0x2E,
    0xDD, 0x8F, 0x2D, 0x5A, 0x58, 0xAF, 0x5D, 0x13, 0xBB, 0xDC, 0xAF, 0xDB, 0xC5, 0xAF, 0xEC, 0xE8,
    0x55, 0x8E, 0x1C, 0x7B, 0xF3, 0x1E, 0xD5, 0x35, 0x5A, 0x98, 0x69, 0xC6, 0x35, 0x12, 0x07, 0x29,
    0xC2, 0x77, 0xCD, 0xF0, 0x00, 0x8A, 0x50, 0x18, 0xE3, 0x0B, 0x75, 0x55, 0x4F, 0x68, 0x1C, 0x55,
    0x18, 0xFF, 0xCD, 0x4C, 0x92, 0xA9, 0x99, 0x9D, 0x99, 0x3D, 0xB4, 0x50, 0xD2, 0x9D, 0x4C, 0x0F,
    0x3D, 0x84, 0x9A, 0x90, 0x43, 0x03, 0x4E, 0xDB, 0xD9, 0xEC, 0x8B, 0x1E, 0x3C, 0x14, 0x21, 0x48,
    0xB7, 0x17, 0x51, 0x7A, 0x8E, 0x24, 0x3B, 0xEA, 0x48, 0x57, 0xB0, 0xD9, 0x01, 0xBD, 0x0A, 0x11,
    0xAF, 0x1E, 0x82, 0x89, 0xD8, 0x6E, 0xD5, 0x0C, 0x18, 0x44, 0x4A, 0xC9, 0xBE, 0x90, 0x83, 0xA0,
    0x1E, 0x96, 0xF6, 0x2A, 0x3A, 0xD1, 0x04, 0xD4, 0x1C, 0x7C, 0xC2, 0x06, 0xB6, 0xF9, 0xF7, 0xFC,
    0xDE, 0x6C, 0x62, 0x40, 0xE8, 0xF0, 0xFD, 0xDE, 0xBE, 0x37, 0xEF, 0x9B, 0xF7, 0xDE, 0xF7, 0xFB,
    0x7D, 0xEF, 0x5B, 0x7D, 0x19, 0xEE, 0x97, 0x08, 0x81, 0x00, 0x88, 0xCF, 0x4D, 0xC7, 0x15, 0x11,
    0x04, 0x08, 0x03, 0xF8, 0x6B, 0x0B, 0xFA, 0xDA, 0xA2, 0x7A, 0x4B, 0x56, 0x9E, 0x46, 0x45, 0xA0,
    0x6F, 0x1A, 0x23, 0x6D, 0x34, 0x32, 0x63, 0x4F, 0xB8, 0x6F, 0xF1, 0xB1, 0xB7, 0x93, 0x70, 0x89,
    0x05, 0x9F, 0x20, 0x78, 0x82, 0xF0, 0x7B, 0x8C, 0xFD, 0x00, 0xFF, 0x23, 0xB8, 0x3F, 0x15, 0x0D,
    0x29, 0x8C, 0x31, 0x66, 0x8E, 0x80, 0x1E, 0xAD, 0xC9, 0xDC, 0x1D, 0x3E, 0x06, 0xD4, 0x81, 0x14,
    0x10, 0x1A, 0x13, 0x92, 0x67, 0x5D, 0x08, 0x81, 0x54, 0x20, 0x16, 0x08, 0x05, 0xFC, 0x5D, 0x66,
    0xCA, 0x84, 0x9C, 0x07, 0x9A, 0x0B, 0x96, 0x14, 0x16, 0x70, 0x6A, 0x55, 0x66, 0xC9, 0xB6, 0xC5,
    0x54, 0x7F, 0xFC, 0x9E, 0xB2, 0xDE, 0x7B, 0xCC, 0x30, 0x7D, 0x3F, 0x33, 0x12, 0x98, 0x0C, 0x26,
    0x70, 0xA1, 0x8A, 0x86, 0x54, 0x9D, 0xF1, 0xA6, 0x32, 0x72, 0x70, 0x81, 0xC9, 0xE6, 0x62, 0x43,
    0x0A, 0xE0, 0x0C, 0xB9, 0x8F, 0x02, 0xD3, 0x57, 0xD9, 0x1D, 0xD9, 0xE8, 0xDC, 0xB5, 0xC4, 0xFB,
    0x75, 0x83, 0x8F, 0xC6, 0x06, 0x2F, 0xC5, 0x26, 0xC1, 0x3D, 0xC6, 0xF3, 0x84, 0x2B, 0x84, 0x25,
    0x5E, 0x42, 0x1B, 0xD0, 0x39, 0xF2, 0xE7, 0x39, 0x24, 0xBE, 0xC6, 0xFD, 0x29, 0x3E, 0xBC, 0xCE,
    0xBD, 0x75, 0xDE, 0x92, 0xDD, 0xD9, 0x6F, 0xDB, 0xA5, 0x77, 0xDB, 0x52, 0x76, 0xBD, 0xB1, 0x76,
    0xC9, 0xE1, 0x25, 0x8B, 0x97, 0x68, 0x1D, 0x83, 0xCF, 0x30, 0xA0, 0xD5, 0xA5, 0x30, 0x29, 0xDA,
    0xD4, 0x21, 0xB8, 0xE7, 0xE9, 0x77, 0x84, 0xC6, 0xAD, 0xA4, 0xD5, 0xBD, 0xCB, 0x1E, 0x26, 0x01,
    0x51, 0x70, 0x82, 0x90, 0x30, 0x4A, 0xF0, 0xF3, 0x7D, 0x2E, 0xD3, 0xB7, 0x8D, 0x0E, 0x10, 0x91,
    0x0C, 0x91, 0xA7, 0xB1, 0xC8, 0xAB, 0x88, 0xC8, 0x8B, 0x8B, 0x51, 0x98, 0xA2, 0x21, 0xEA, 0x78,
    0x2F, 0x1B, 0x67, 0x51, 0x6A, 0x66, 0x51, 0x00, 0x41, 0x3E, 0x69, 0xE4, 0x7D, 0x2C, 0x22, 0xB7,
    0x95, 0x7F, 0x7B, 0xFB, 0xBC, 0x8E, 0x68, 0xCC, 0x44, 0x34, 0x69, 0x62, 0xE2, 0xBA, 0x85, 0xE0,
    0x85, 0x41, 0x04, 0xEF, 0x38, 0x98, 0xDF, 0xFF, 0x9A, 0xAD, 0xED, 0x4B, 0x56, 0x7A, 0xFC, 0x29,
    0xEC, 0xF5, 0x9F, 0xE1, 0xF0, 0x3F, 0x60, 0xF1, 0x2E, 0xAC, 0xA4, 0x43, 0xB4, 0xA5, 0xB8, 0xBC,
    0xAC, 0xB3, 0x86, 0x34, 0x92, 0xC8, 0xFC, 0x20, 0x89, 0xF4, 0x8D, 0x24, 0xDA, 0x7C, 0x16, 0x68,
    0x3E, 0x33, 0x59, 0xB4, 0x5D, 0x43, 0x24, 0x29, 0x40, 0x8D, 0x11, 0x3B, 0x9A, 0xEC, 0x68, 0x0F,
    0xB6, 0xF0, 0x22, 0xF7, 0xF7, 0x78, 0xD9, 0xE2, 0xAB, 0x06, 0x17, 0xFA, 0xA9, 0xD1, 0xB0, 0xEC,
    0x73, 0x77, 0x57, 0x1D, 0xB0, 0xBF, 0xCA, 0x2A, 0x32, 0xC3, 0xD0, 0x02, 0x7D, 0x62, 0xF0, 0x22,
    0x89, 0x49, 0xE2, 0xD4, 0x9A, 0xCA, 0x6C, 0x62, 0xEC, 0x08, 0xFE, 0x4D, 0xA5, 0x98, 0x99, 0x40,
    0xDF, 0xBD, 0x4D, 0xD1, 0xE6, 0xA4, 0x5F, 0x74, 0x20, 0x1C, 0x83, 0x3B, 0x16, 0x1C, 0x0F, 0x4E,
    0x1D, 0xB5, 0xBD, 0x85, 0xDA, 0xD1, 0x82, 0x1B, 0xC2, 0x71, 0xE0, 0x98, 0x4C, 0x4D, 0x91, 0x03,
    0xEA, 0x33, 0xCD, 0x65, 0x92, 0x04, 0x31, 0x94, 0xDD, 0xE1, 0x98, 0x07, 0x28, 0xC2, 0x5D, 0x6E,
    0x37, 0x18, 0x1E, 0xC1, 0xE8, 0xC0, 0xE9, 0x4D, 0xC5, 0x18, 0x5A, 0xA6, 0x85, 0xE7, 0x5B, 0x44,
    0x34, 0x74, 0xD2, 0xD7, 0x48, 0x84, 0x6A, 0x68, 0xCA, 0x64, 0x81, 0xCA, 0xA9, 0x5E, 0xD3, 0x0F,
    0x07, 0x71, 0x83, 0xDB, 0xF8, 0x67, 0x33, 0xF3, 0xB4, 0xDF, 0x78, 0x36, 0x6A, 0x6D, 0x24, 0x59,
    0x79, 0xCD, 0xD8, 0xE0, 0x95, 0x2D, 0x53, 0xB2, 0x5E, 0xF6, 0xA9, 0x08, 0x40, 0x9E, 0xF4, 0xD8,
    0xAA, 0x51, 0x29, 0x46, 0x71, 0x4D, 0xB6, 0x11, 0x65, 0xC7, 0x36, 0xD1, 0xC6, 0x35, 0x8E, 0x71,
    0x15, 0x6C, 0xBF, 0x0B, 0xB7, 0xC2, 0xFC, 0x6F, 0xF8, 0xB5, 0x4D, 0x1E, 0x71, 0xDA, 0x3B, 0xA3,
    0x8B, 0xA0, 0x5A, 0xD2, 0x7E, 0x10, 0x83, 0x74, 0xFD, 0x24, 0xB3, 0x0D, 0x95, 0x5A, 0xC3, 0x5A,
    0x46, 0x46, 0x1D, 0xDB, 0xE4, 0xAE, 0x84, 0xBB, 0xAC, 0x96, 0xFF, 0xCF, 0xD0, 0x47, 0xBC, 0x2D,
    0x98, 0xF2, 0xC0, 0x7F, 0xA5, 0x2F, 0xB4, 0x11, 0xDB, 0x48, 0x6D, 0x08, 0x32, 0xF7, 0x50, 0x38,
    0xB3, 0xAB, 0xB6, 0x57, 0xB7, 0xBD, 0xB2, 0xED, 0xB9, 0xBF, 0xCC, 0xEA, 0x44, 0x89, 0x9D, 0xFB,
    0x5F, 0x02, 0xD1, 0x80, 0x43, 0xE0, 0x57, 0xE8, 0x3F, 0xE2, 0xCD, 0x9D, 0x7B, 0x2B, 0x3B, 0x7F,
    0x5A, 0x3A, 0x5F, 0x79, 0xF0, 0x74, 0xAE, 0xD9, 0x0D, 0x11, 0x07, 0x08, 0x62, 0x75, 0x07, 0xBD,
    0x81, 0xFB, 0xF0, 0x25, 0xEF, 0x23, 0x6A, 0x34, 0x65, 0x52, 0x76, 0xD0, 0x60, 0x66, 0x86, 0x96,
    0x14, 0xE5, 0xEA, 0x34, 0x91, 0x43, 0x99, 0x39, 0x7E, 0xAB, 0x6D, 0xE5, 0x17, 0x55, 0xAD, 0x3C,
    0x47, 0x27, 0x11, 0x7E, 0xA1, 0x18, 0x16, 0x10, 0x17, 0x90, 0x16, 0x20, 0x4E, 0x6C, 0xB5, 0x80,
    0x7A, 0x01, 0xE5, 0x02, 0xDC, 0xAF, 0x16, 0x75, 0x52, 0xBE, 0xA4, 0x08, 0xEA, 0xD7, 0x31, 0x68,
    0x80, 0xF4, 0x6C, 0xC8, 0x83, 0xE1, 0x0B, 0xAA, 0xF3, 0x7F, 0x33, 0x3F, 0x74, 0x8C, 0x03, 0xB5,
    0xB8, 0x7E, 0x9F, 0xB6, 0x5A, 0x61, 0x4A, 0x11, 0x25, 0x5D, 0x8E, 0x32, 0xC1, 0x57, 0xD7, 0xF2,
    0x50, 0x75, 0x58, 0x71, 0xEA, 0x25, 0x3E, 0xF7, 0xF0, 0x33, 0xFE, 0xFA, 0xC8, 0x95, 0xA4, 0x3C,
    0x72, 0x9D, 0x18, 0xEC, 0xA2, 0x30, 0x12, 0xA1, 0xEF, 0x6C, 0x11, 0x33, 0xCD, 0xC5, 0x96, 0xBA,
    0xF7, 0x27, 0x9D, 0x14, 0xCF, 0xB2, 0x19, 0x4A, 0xC2, 0xBF, 0x54, 0xBC, 0xE7, 0x76, 0xE9, 0x58,
    0x8C, 0x44, 0x19, 0xA0, 0xEA, 0x96, 0x6F, 0xEC, 0xE5, 0x1A, 0x53, 0x4E, 0x1A, 0x5C, 0x29, 0x35,
    0xD0, 0xAB, 0x46, 0x16, 0xAC, 0xA7, 0xCA, 0xE1, 0x35, 0x1F, 0xD6, 0x16, 0x5A, 0xB8, 0x78, 0x03,
    0x91, 0x85, 0xD4, 0x82, 0xB0, 0xF4, 0xB6, 0x55, 0x63, 0x56, 0x57, 0x9D, 0x7F, 0x08, 0x79, 0x2A,
    0x62, 0x91, 0x90, 0xD2, 0x99, 0x2B, 0x52, 0x26, 0xDA, 0x76, 0x55, 0x50, 0x59, 0x99, 0xC0, 0xE3,
    0x33, 0x97, 0xF0, 0xF7, 0xDA, 0x04, 0x3A, 0x4F, 0x84, 0x4E, 0x87, 0x34, 0x57, 0xC9, 0x79, 0xB2,
    0x4A, 0x6B, 0x1F, 0x9D, 0xD4, 0x9B, 0x9E, 0xD6, 0x27, 0x98, 0xA3, 0xDA, 0x27, 0x0F, 0x30, 0x69,
    0xFB, 0xA8, 0xDB, 0x66, 0x92, 0x52, 0xA2, 0x08, 0x5B, 0xEF, 0x01, 0xA7, 0x18, 0xFC, 0x9C, 0x38,
    0xE0, 0x8E, 0x46, 0x77, 0x82, 0x6A, 0x4F, 0xAC, 0x5A, 0x5D, 0xD0, 0xBE, 0xB5, 0x9B, 0x2A, 0x4D,
    0xA9, 0x2C, 0xCD, 0xE5, 0x1D, 0x95, 0xB2, 0xAF, 0x12, 0xBE, 0x60, 0x30, 0x48, 0x19, 0xFF, 0xF7,
    0x47, 0x08, 0x97, 0xDE, 0x40, 0xBC, 0x74, 0x03, 0xE9, 0xD2, 0xCB, 0x2C, 0x87, 0xA6, 0x29, 0x76,
    0x72, 0xD6, 0xC3, 0xE3, 0x2C, 0xB7, 0xB6, 0xAB, 0x14, 0xC5, 0x11, 0xB4, 0x22, 0xCC, 0x09, 0x8C,
    0x7F, 0x47, 0x03, 0x04, 0x56, 0x12, 0x18, 0x3C, 0x30, 0x92, 0xC0, 0x64, 0x95, 0x43, 0x4C, 0xB6,
    0xA0, 0x86, 0x7A, 0x6E, 0x06, 0xBF, 0x5A, 0x53, 0x2F, 0xC9, 0x79, 0x80, 0x32, 0xF0, 0x2C, 0x4C,
    0x4A, 0xE6, 0x29, 0x55, 0x85, 0x7B, 0x7F, 0x33, 0xBD, 0x74, 0xA2, 0xA1, 0x7B, 0x8B, 0xCE, 0x91,
    0x17, 0xC0, 0xA6, 0x5A, 0xF3, 0x5F, 0x13, 0x0D, 0x0D, 0xB0, 0xFF, 0xFF, 0x01, 0x00, 0x63, 0x48,
    0x61, 0x0B, 0x60, 0xFE, 0xA3, 0xFF, 0x80, 0x9B, 0xC1, 0x82, 0x81, 0x9F, 0xA1, 0x04, 0x8C, 0xF7,
    0x7F, 0xFF, 0x7F, 0x00, 0xC6, 0xC6, 0x87, 0x19, 0x52, 0x18, 0x98, 0xFF, 0x7C, 0xE0, 0x66, 0xF8,
    0xC0, 0xCF, 0x00, 0xE4, 0x33, 0xEC, 0xFF, 0x02, 0x64, 0xE0, 0x44, 0x0C, 0x29, 0x01, 0x30, 0xC5,
    0x20, 0x44, 0x48, 0x31, 0x5B, 0x00, 0xD0, 0x6C, 0xFD, 0xE7, 0x0E, 0x40, 0x77, 0xB1, 0x3B, 0x80,
    0x2D, 0x03, 0x13, 0x40, 0xA7, 0x1D, 0x07, 0x71, 0xD9, 0x89, 0x26, 0x80, 0x46, 0x05, 0xA2, 0x1A,
    0x05, 0x25, 0x48, 0x37, 0x8A, 0x71, 0x02, 0x83, 0xFC, 0x3F, 0x06, 0x1B, 0x6E, 0x07, 0x20, 0x1B,
    0x84, 0xF4, 0xFF, 0x42, 0x19, 0x68, 0x88, 0xF9, 0x42, 0x09, 0xE3, 0x5F, 0x06, 0x10, 0x08, 0x61,
    0x60, 0x60, 0xFF, 0x0F, 0x74, 0x3A, 0xD0, 0x19, 0xBC, 0xCC, 0x0D, 0x0C, 0x71, 0xEC, 0x0D, 0xFC,
    0xFF, 0xE5, 0xFF, 0xDA, 0xB0, 0xB2, 0x37, 0x58, 0x30, 0x30, 0x37, 0xE8, 0x01, 0x31, 0xF7, 0x13,
    0xA0, 0xF8, 0x3E, 0x20, 0xE6, 0x06, 0x62, 0x76, 0xE6, 0x06, 0x13, 0x79, 0xE6, 0x0B, 0xF6, 0x7F,
    0x18, 0xFF, 0x81, 0x74, 0x03, 0x00, 0x63, 0x60, 0x00, 0x83, 0x12, 0x20, 0x66, 0xFC, 0x0B, 0x24,
    0xD8, 0xFF, 0x3B, 0x30, 0x30, 0xC8, 0xB9, 0x5D, 0x60, 0x60, 0xA8, 0x60, 0xD8, 0x02, 0x14, 0xFA,
    0x52, 0x0B, 0x14, 0xFA, 0x52, 0xEF, 0x20, 0xFF, 0xFF, 0xC1, 0xFF, 0x0B, 0xF6, 0xFF, 0x9B, 0xFE,
    0x7F, 0xE0, 0xFF, 0xCF, 0xFD, 0xFF, 0x00, 0xF3, 0xFF, 0xF8, 0xFF, 0x0C, 0x0C, 0xFF, 0xFF, 0xFF,
    0x61, 0x60, 0xB0, 0xE7, 0xFE, 0xC0, 0xC0, 0xC0, 0xCF, 0x7D, 0x80, 0x81, 0x81, 0xF9, 0x3D, 0xC8,
    0xA8, 0x3F, 0x20, 0x42, 0x81, 0x81, 0x01, 0x00,
};

static const EpdGlyph notosans_c19_regularGlyphs[] = {
    { 0, 0, 0, 0, 0, 0, 0 }, // U+0000
    { 0, 0, 79, 0, 0, 0, 0 }, // U+000D
    { 0, 0, 79, 0, 0, 0, 0 }, // U+0020
    { 3, 15, 82, 1, 14, 12, 0 }, // !
    { 6, 6, 124, 1, 14, 9, 12 }, // "
    { 12, 14, 196, 0, 14, 42, 21 }, // #
    { 9, 17, 174, 1, 15, 39, 63 }, // $
    { 15, 15, 253, 0, 14, 57, 102 }, // %
    { 13, 15, 223, 1, 14, 49, 159 }, // &
    { 3, 6, 68, 1, 14, 5, 208 }, // '
    { 6, 17, 91, 0, 14, 26, 213 }, // (
    { 5, 17, 91, 0, 14, 22, 239 }, // )
    { 10, 10, 168, 0, 15, 25, 261 }, // *
    { 10, 10, 174, 0, 12, 25, 286 }, // +
    { 4, 6, 81, 0, 3, 6, 311 }, // ,
    { 6, 2, 98, 0, 6, 3, 317 }, // -
    { 3, 4, 81, 1, 3, 3, 320 }, // .
    { 7, 14, 113, 0, 14, 25, 323 }, // /
    { 10, 15, 178, 1, 14, 38, 348 }, // 0
    { 6, 14, 134, 0, 14, 21, 386 }, // 1
    { 10, 14, 169, 0, 14, 35, 407 }, // 2
    { 10, 15, 174, 0, 14, 38, 442 }, // 3
    { 11, 14, 174, 0, 14, 39, 480 }, // 4
    { 9, 15, 174, 1, 14, 34, 519 }, // 5
    { 9, 15, 174, 1, 14, 34, 553 }, // 6
    { 10, 14, 155, 0, 14, 35, 587 }, // 7
    { 10, 15, 179, 1, 14, 38, 622 }, // 8
    { 10, 15, 174, 0, 14, 38, 660 }, // 9
    { 3, 12, 81, 1, 11, 9, 698 }, // :
    { 4, 14, 81, 0, 11, 14, 707 }, // ;
    { 10, 10, 174, 0, 12, 25, 721 }, // <
    { 9, 6, 174, 1, 10, 14, 746 }, // =
    { 10, 10, 174, 0, 12, 25, 760 }, // >
    { 8, 15, 132, 0, 14, 30, 785 }, // ?
    { 15, 16, 273, 1, 14, 60, 815 }, // @
    { 13, 14, 194, 0, 14, 46, 875 }, // A
    { 11, 14, 198, 1, 14, 39, 921 }, // B
    { 11, 15, 192, 1, 14, 42, 960 }, // C
    { 12, 14, 222, 1, 14, 42, 1002 }, // D
    { 9, 14, 169, 1, 14, 32, 1044 }, // E
    { 9, 14, 158, 1, 14, 32, 1076 }, // F
    { 12, 15, 221, 1, 14, 45, 1108 }, // G
    { 12, 14, 225, 1, 14, 42, 1153 }, // H
    { 6, 14, 103, 0, 14, 21, 1195 }, // I
    { 6, 18, 83, -2, 14, 27, 1216 }, // J
    { 11, 14, 188, 1, 14, 39, 1243 }, // K
    { 9, 14, 159, 1, 14, 32, 1282 }, // L
    { 15, 14, 276, 1, 14, 53, 1314 }, // M
    { 12, 14, 231, 1, 14, 42, 1367 }, // N
    { 13, 15, 237, 1, 14, 49, 1409 }, // O
    { 10, 14, 184, 1, 14, 35, 1458 }, // P
    { 13, 18, 237, 1, 14, 59, 1493 }, // Q
    { 11, 14, 189, 1, 14, 39, 1552 }, // R
    { 10, 15, 167, 0, 14, 38, 1591 }, // S
    { 11, 14, 169, 0, 14, 39, 1629 }, // T
    { 12, 15, 222, 1, 14, 45, 1668 }, // U
    { 12, 14, 182, 0, 14, 42, 1713 }, // V
    { 18, 14, 283, 0, 14, 63, 1755 }, // W
    { 12, 14, 178, 0, 14, 42, 1818 }, // X
    { 11, 14, 172, 0, 14, 39, 1860 }, // Y
    { 11, 14, 174, 0, 14, 39, 1899 }, // Z
    { 5, 17, 100, 1, 14, 22, 1938 }, // [
    { 7, 14, 113, 0, 14, 25, 1960 }, // <backslash>
    { 5, 17, 100, 0, 14, 22, 1985 }, // ]
    { 11, 9, 174, 0, 14, 25, 2007 }, // ^
    { 10, 2, 135, -1, -1, 5, 2032 }, // _
    { 5, 4, 85, 0, 15, 5, 2037 }, // `
    { 10, 12, 171, 0, 11, 30, 2042 }, // a
    { 10, 16, 187, 1, 15, 40, 2072 }, // b
    { 8, 12, 146, 1, 11, 24, 2112 }, // c
    { 10, 16, 187, 1, 15, 40, 2136 }, // d
    { 9, 12, 171, 1, 11, 27, 2176 }, // e
    { 8, 15, 105, 0, 15, 30, 2203 }, // f
    { 10, 16, 187, 1, 11, 40, 2233 }, // g
    { 10, 15, 188, 1, 15, 38, 2273 }, // h
    { 3, 14, 78, 1, 14, 11, 2311 }, // i
    { 6, 19, 78, -2, 14, 29, 2322 }, // j
    { 9, 15, 162, 1, 15, 34, 2351 }, // k
    { 3, 15, 78, 1, 15, 12, 2385 }, // l
    { 16, 11, 284, 1, 11, 44, 2397 }, // m
    { 10, 11, 188, 1, 11, 28, 2441 }, // n
    { 10, 12, 184, 1, 11, 30, 2469 }, // o
    { 10, 16, 187, 1, 11, 40, 2499 }, // p
    { 10, 16, 187, 1, 11, 40, 2539 }, // q
    { 7, 11, 126, 1, 11, 20, 2579 }, // r
    { 9, 12, 146, 0, 11, 27, 2599 }, // s
    { 7, 14, 110, 0, 13, 25, 2626 }, // t
    { 10, 12, 188, 1, 11, 30, 2651 }, // u
    { 10, 11, 154, 0, 11, 28, 2681 }, // v
    { 15, 11, 239, 0, 11, 42, 2709 }, // w
    { 10, 11, 161, 0, 11, 28, 2751 }, // x
    { 10, 16, 155, 0, 11, 40, 2779 }, // y
    { 9, 11, 143, 0, 11, 25, 2819 }, // z
    { 7, 17, 116, 0, 14, 30, 2844 }, // {
    { 2, 20, 168, 4, 15, 10, 2874 }, // |
    { 7, 17, 116, 0, 14, 30, 2884 }, // }
    { 10, 3, 174, 0, 8, 8, 2914 }, // ~
    { 0, 0, 79, 0, 0, 0, 0 }, // U+00A0
    { 3, 15, 82, 1, 11, 12, 0 }, // U+00A1
    { 9, 15, 174, 1, 14, 34, 12 }, // U+00A2
    { 11, 14, 174, 0, 14, 39, 46 }, // U+00A3
    { 9, 9, 174, 1, 11, 21, 85 }, // U+00A4
    { 11, 14, 174, 0, 14, 39, 106 }, // U+00A5
    { 2, 20, 168, 4, 15, 10, 145 }, // U+00A6
    { 8, 16, 156, 1, 15, 32, 155 }, // U+00A7
    { 7, 3, 176, 2, 14, 6, 187 }, // U+00A8
    { 15, 15, 253, 0, 14, 57, 193 }, // U+00A9
    { 6, 7, 109, 0, 14, 11, 250 }, // U+00AA
    { 9, 8, 155, 0, 9, 18, 261 }, // U+00AB
    { 10, 6, 174, 0, 8, 15, 279 }, // U+00AC
    { 6, 2, 98, 0, 6, 3, 294 }, // U+00AD
    { 15, 15, 253, 0, 14, 57, 297 }, // U+00AE
    { 11, 2, 152, -1, 16, 6, 354 }, // U+00AF
    { 7, 7, 130, 1, 14, 13, 360 }, // U+00B0
    { 10, 12, 174, 0, 12, 30, 373 }, // U+00B1
    { 6, 10, 106, 0, 17, 15, 403 }, // U+00B2
    { 7, 10, 106, 0, 17, 18, 418 }, // U+00B3
    { 5, 4, 85, 0, 15, 5, 436 }, // U+00B4
    { 10, 16, 189, 1, 11, 40, 441 }, // U+00B5
    { 10, 18, 199, 1, 15, 45, 481 }, // U+00B6
    { 3, 4, 81, 1, 9, 3, 526 }, // U+00B7
    { 5, 5, 68, 0, 0, 7, 529 }, // U+00B8
    { 5, 10, 106, 0, 17, 13, 536 }, // U+00B9
    { 7, 7, 114, 0, 14, 13, 549 }, // U+00BA
    { 9, 8, 155, 0, 9, 18, 562 }, // U+00BB
    { 14, 14, 226, 0, 14, 49, 580 }, // U+00BC
    { 14, 14, 234, 0, 14, 49, 629 }, // U+00BD
    { 15, 14, 237, 0, 14, 53, 678 }, // U+00BE
    { 8, 15, 132, 0, 11, 30, 731 }, // U+00BF
    { 13, 18, 194, 0, 18, 59, 761 }, // U+00C0
    { 13, 18, 194, 0, 18, 59, 820 }, // U+00C1
    { 13, 18, 194, 0, 18, 59, 879 }, // U+00C2
    { 13, 17, 194, 0, 17, 56, 938 }, // U+00C3
    { 13, 17, 194, 0, 17, 56, 994 }, // U+00C4
    { 13, 17, 194, 0, 17, 56, 1050 }, // U+00C5
    { 17, 14, 268, -1, 14, 60, 1106 }, // U+00C6
    { 11, 19, 192, 1, 14, 53, 1166 }, // U+00C7
    { 9, 18, 169, 1, 18, 41, 1219 }, // U+00C8
    { 9, 18, 169, 1, 18, 41, 1260 }, // U+00C9
    { 9, 18, 169, 1, 18, 41, 1301 }, // U+00CA
    { 9, 17, 169, 1, 17, 39, 1342 }, // U+00CB
    { 6, 18, 103, 0, 18, 27, 1381 }, // U+00CC
    { 7, 18, 103, 0, 18, 32, 1408 }, // U+00CD
    { 7, 18, 103, 0, 18, 32, 1440 }, // U+00CE
    { 6, 17, 103, 0, 17, 26, 1472 }, // U+00CF
    { 13, 14, 222, 0, 14, 46, 1498 }, // U+00D0
    { 12, 17, 231, 1, 17, 51, 1544 }, // U+00D1
    { 13, 19, 237, 1, 18, 62, 1595 }, // U+00D2
    { 13, 19, 237, 1, 18, 62, 1657 }, // U+00D3
    { 13, 19, 237, 1, 18, 62, 1719 }, // U+00D4
    { 13, 18, 237, 1, 17, 59, 1781 }, // U+00D5
    { 13, 18, 237, 1, 17, 59, 1840 }, // U+00D6
    { 9, 9, 174, 1, 11, 21, 1899 }, // U+00D7
    { 13, 16, 237, 1, 15, 52, 1920 }, // U+00D8
    { 12, 19, 222, 1, 18, 57, 1972 }, // U+00D9
    { 12, 19, 222, 1, 18, 57, 2029 }, // U+00DA
    { 12, 19, 222, 1, 18, 57, 2086 }, // U+00DB
    { 12, 18, 222, 1, 17, 54, 2143 }, // U+00DC
    { 11, 18, 172, 0, 18, 50, 2197 }, // U+00DD
    { 10, 14, 184, 1, 14, 35, 2247 }, // U+00DE
    { 11, 16, 192, 1, 15, 44, 2282 }, // U+00DF
    { 10, 16, 171, 0, 15, 40, 2326 }, // U+00E0
    { 10, 16, 171, 0, 15, 40, 2366 }, // U+00E1
    { 10, 16, 171, 0, 15, 40, 2406 }, // U+00E2
    { 10, 15, 171, 0, 14, 38, 2446 }, // U+00E3
    { 10, 15, 171, 0, 14, 38, 2484 }, // U+00E4
    { 10, 17, 171, 0, 16, 43, 2522 }, // U+00E5
    { 16, 12, 263, 0, 11, 48, 2565 }, // U+00E6
    { 8, 16, 146, 1, 11, 32, 2613 }, // U+00E7
    { 9, 16, 171, 1, 15, 36, 2645 }, // U+00E8
    { 9, 16, 171, 1, 15, 36, 2681 }, // U+00E9
    { 9, 16, 171, 1, 15, 36, 2717 }, // U+00EA
    { 9, 15, 171, 1, 14, 34, 2753 }, // U+00EB
    { 5, 15, 78, -1, 15, 19, 2787 }, // U+00EC
    { 5, 15, 78, 1, 15, 19, 2806 }, // U+00ED
    { 7, 15, 78, -1, 15, 27, 2825 }, // U+00EE
    { 7, 14, 78, -1, 14, 25, 2852 }, // U+00EF
    { 10, 16, 184, 1, 15, 40, 2877 }, // U+00F0
    { 10, 14, 188, 1, 14, 35, 2917 }, // U+00F1
    { 10, 16, 184, 1, 15, 40, 2952 }, // U+00F2
    { 10, 16, 184, 1, 15, 40, 2992 }, // U+00F3
    { 10, 16, 184, 1, 15, 40, 3032 }, // U+00F4
    { 10, 15, 184, 1, 14, 38, 3072 }, // U+00F5
    { 10, 15, 184, 1, 14, 38, 3110 }, // U+00F6
    { 10, 10, 174, 0, 12, 25, 3148 }, // U+00F7
    { 10, 12, 184, 1, 11, 30, 3173 }, // U+00F8
    { 10, 16, 188, 1, 15, 40, 3203 }, // U+00F9
    { 10, 16, 188, 1, 15, 40, 3243 }, // U+00FA
    { 10, 16, 188, 1, 15, 40, 3283 }, // U+00FB
    { 10, 15, 188, 1, 14, 38, 3323 }, // U+00FC
    { 10, 20, 155, 0, 15, 50, 3361 }, // U+00FD
    { 10, 20, 187, 1, 15, 50, 3411 }, // U+00FE
    { 10, 19, 155, 0, 14, 48, 3461 }, // U+00FF
    { 13, 16, 194, 0, 16, 52, 0 }, // U+0100
    { 10, 14, 171, 0, 13, 35, 52 }, // U+0101
    { 13, 18, 194, 0, 18, 59, 87 }, // U+0102
    { 10, 16, 171, 0, 15, 40, 146 }, // U+0103
    { 13, 19, 194, 0, 14, 62, 186 }, // U+0104
    { 10, 16, 171, 0, 11, 40, 248 }, // U+0105
    { 11, 19, 192, 1, 18, 53, 288 }, // U+0106
    { 8, 16, 146, 1, 15, 32, 341 }, // U+0107
    { 11, 19, 192, 1, 18, 53, 373 }, // U+0108
    { 8, 16, 146, 1, 15, 32, 426 }, // U+0109
    { 11, 18, 192, 1, 17, 50, 458 }, // U+010A
    { 8, 15, 146, 1, 14, 30, 508 }, // U+010B
    { 11, 19, 192, 1, 18, 53, 538 }, // U+010C
    { 8, 16, 146, 1, 15, 32, 591 }, // U+010D
    { 12, 18, 222, 1, 18, 54, 623 }, // U+010E
    { 13, 16, 187, 1, 15, 52, 677 }, // U+010F
    { 13, 14, 222, 0, 14, 46, 729 }, // U+0110
    { 11, 16, 188, 1, 15, 44, 775 }, // U+0111
    { 9, 16, 169, 1, 16, 36, 819 }, // U+0112
    { 9, 14, 171, 1, 13, 32, 855 }, // U+0113
    { 9, 18, 169, 1, 18, 41, 887 }, // U+0114
    { 9, 16, 171, 1, 15, 36, 928 }, // U+0115
    { 9, 17, 169, 1, 17, 39, 964 }, // U+0116
    { 9, 15, 171, 1, 14, 34, 1003 }, // U+0117
    { 9, 19, 169, 1, 14, 43, 1037 }, // U+0118
    { 9, 16, 171, 1, 11, 36, 1080 }, // U+0119
    { 9, 18, 169, 1, 18, 41, 1116 }, // U+011A
    { 9, 16, 171, 1, 15, 36, 1157 }, // U+011B
    { 12, 19, 221, 1, 18, 57, 1193 }, // U+011C
    { 10, 20, 187, 1, 15, 50, 1250 }, // U+011D
    { 12, 19, 221, 1, 18, 57, 1300 }, // U+011E
    { 10, 20, 187, 1, 15, 50, 1357 }, // U+011F
    { 12, 18, 221, 1, 17, 54, 1407 }, // U+0120
    { 10, 19, 187, 1, 14, 48, 1461 }, // U+0121
    { 12, 19, 221, 1, 14, 57, 1509 }, // U+0122
    { 10, 20, 187, 1, 15, 50, 1566 }, // U+0123
    { 12, 18, 225, 1, 18, 54, 1616 }, // U+0124
    { 12, 19, 188, -1, 19, 57, 1670 }, // U+0125
    { 15, 14, 225, 0, 14, 53, 1727 }, // U+0126
    { 11, 15, 188, 0, 15, 42, 1780 }, // U+0127
    { 8, 17, 103, -1, 17, 34, 1822 }, // U+0128
    { 8, 14, 78, -2, 14, 28, 1856 }, // U+0129
    { 7, 16, 103, 0, 16, 28, 1884 }, // U+012A
    { 7, 13, 78, -1, 13, 23, 1912 }, // U+012B
    { 7, 18, 103, 0, 18, 32, 1935 }, // U+012C
    { 7, 15, 78, -1, 15, 27, 1967 }, // U+012D
    { 6, 19, 103, 0, 14, 29, 1994 }, // U+012E
    { 4, 19, 78, 0, 14, 19, 2023 }, // U+012F
    { 6, 17, 103, 0, 17, 26, 2042 }, // U+0130
    { 3, 11, 78, 1, 11, 9, 2068 }, // U+0131
    { 10, 18, 186, 0, 14, 45, 2077 }, // U+0132
    { 8, 19, 157, 1, 14, 38, 2122 }, // U+0133
    { 8, 22, 83, -2, 18, 44, 2160 }, // U+0134
    { 8, 20, 78, -2, 15, 40, 2204 }, // U+0135
    { 11, 19, 188, 1, 14, 53, 2244 }, // U+0136
    { 9, 20, 162, 1, 15, 45, 2297 }, // U+0137
    { 9, 11, 162, 1, 11, 25, 2342 }, // U+0138
    { 9, 18, 159, 1, 18, 41, 2367 }, // U+0139
    { 5, 19, 78, 1, 19, 24, 2408 }, // U+013A
    { 9, 19, 159, 1, 14, 43, 2432 }, // U+013B
    { 3, 20, 78, 1, 15, 15, 2475 }, // U+013C
    { 9, 14, 159, 1, 14, 32, 2490 }, // U+013D
    { 6, 15, 78, 1, 15, 23, 2522 }, // U+013E
    { 9, 14, 159, 1, 14, 32, 2545 }, // U+013F
    { 5, 15, 81, 1, 15, 19, 2577 }, // U+0140
    { 10, 14, 159, 0, 14, 35, 2596 }, // U+0141
    { 7, 15, 78, -1, 15, 27, 2631 }, // U+0142
    { 12, 18, 231, 1, 18, 54, 2658 }, // U+0143
    { 10, 15, 188, 1, 15, 38, 2712 }, // U+0144
    { 12, 19, 231, 1, 14, 57, 2750 }, // U+0145
    { 10, 16, 188, 1, 11, 40, 2807 }, // U+0146
    { 12, 18, 231, 1, 18, 54, 2847 }, // U+0147
    { 10, 15, 188, 1, 15, 38, 2901 }, // U+0148
    { 12, 14, 209, 0, 14, 42, 2939 }, // U+0149
    { 12, 18, 231, 1, 14, 54, 2981 }, // U+014A
    { 10, 16, 188, 1, 11, 40, 3035 }, // U+014B
    { 13, 17, 237, 1, 16, 56, 3075 }, // U+014C
    { 10, 14, 184, 1, 13, 35, 3131 }, // U+014D
    { 13, 19, 237, 1, 18, 62, 3166 }, // U+014E
    { 10, 16, 184, 1, 15, 40, 3228 }, // U+014F
    { 13, 19, 237, 1, 18, 62, 3268 }, // U+0150
    { 10, 16, 184, 1, 15, 40, 3330 }, // U+0151
    { 16, 15, 282, 1, 14, 60, 3370 }, // U+0152
    { 16, 12, 288, 1, 11, 48, 3430 }, // U+0153
    { 11, 18, 189, 1, 18, 50, 3478 }, // U+0154
    { 7, 15, 126, 1, 15, 27, 3528 }, // U+0155
    { 11, 19, 189, 1, 14, 53, 3555 }, // U+0156
    { 7, 16, 126, 1, 11, 28, 3608 }, // U+0157
    { 11, 18, 189, 1, 18, 50, 3636 }, // U+0158
    { 7, 15, 126, 1, 15, 27, 3686 }, // U+0159
    { 10, 19, 167, 0, 18, 48, 3713 }, // U+015A
    { 9, 16, 146, 0, 15, 36, 3761 }, // U+015B
    { 10, 19, 167, 0, 18, 48, 3797 }, // U+015C
    { 9, 16, 146, 0, 15, 36, 3845 }, // U+015D
    { 10, 19, 167, 0, 14, 48, 3881 }, // U+015E
    { 9, 16, 146, 0, 11, 36, 3929 }, // U+015F
    { 10, 19, 167, 0, 18, 48, 3965 }, // U+0160
    { 9, 16, 146, 0, 15, 36, 4013 }, // U+0161
    { 11, 19, 169, 0, 14, 53, 4049 }, // U+0162
    { 7, 18, 110, 0, 13, 32, 4102 }, // U+0163
    { 11, 18, 169, 0, 18, 50, 4134 }, // U+0164
    { 9, 16, 110, 0, 15, 36, 4184 }, // U+0165
    { 11, 14, 169, 0, 14, 39, 4220 }, // U+0166
    { 7, 14, 110, 0, 13, 25, 4259 }, // U+0167
    { 12, 18, 222, 1, 17, 54, 4284 }, // U+0168
    { 10, 15, 188, 1, 14, 38, 4338 }, // U+0169
    { 12, 17, 222, 1, 16, 51, 4376 }, // U+016A
    { 10, 14, 188, 1, 13, 35, 4427 }, // U+016B
    { 12, 19, 222, 1, 18, 57, 4462 }, // U+016C
    { 10, 16, 188, 1, 15, 40, 4519 }, // U+016D
    { 12, 20, 222, 1, 19, 60, 4559 }, // U+016E
    { 10, 17, 188, 1, 16, 43, 4619 }, // U+016F
    { 12, 19, 222, 1, 18, 57, 4662 }, // U+0170
    { 10, 16, 188, 1, 15, 40, 4719 }, // U+0171
    { 12, 19, 222, 1, 14, 57, 4759 }, // U+0172
    { 10, 16, 188, 1, 11, 40, 4816 }, // U+0173
    { 18, 18, 283, 0, 18, 81, 4856 }, // U+0174
    { 15, 15, 239, 0, 15, 57, 4937 }, // U+0175
    { 11, 18, 172, 0, 18, 50, 4994 }, // U+0176
    { 10, 20, 155, 0, 15, 50, 5044 }, // U+0177
    { 11, 17, 172, 0, 17, 47, 5094 }, // U+0178
    { 11, 18, 174, 0, 18, 50, 5141 }, // U+0179
    { 9, 15, 143, 0, 15, 34, 5191 }, // U+017A
    { 11, 17, 174, 0, 17, 47, 5225 }, // U+017B
    { 9, 14, 143, 0, 14, 32, 5272 }, // U+017C
    { 11, 18, 174, 0, 18, 50, 5304 }, // U+017D
    { 9, 15, 143, 0, 15, 34, 5354 }, // U+017E
    { 6, 15, 99, 1, 15, 23, 5388 }, // U+017F
    { 15, 16, 238, 1, 15, 60, 0 }, // U+01A0
    { 12, 13, 187, 1, 12, 39, 60 }, // U+01A1
    { 15, 16, 237, 1, 15, 60, 99 }, // U+01AF
    { 13, 13, 205, 1, 12, 43, 159 }, // U+01B0
    { 23, 18, 393, 1, 18, 104, 202 }, // U+01C4
    { 22, 15, 365, 1, 15, 83, 306 }, // U+01C5
    { 19, 16, 330, 1, 15, 76, 389 }, // U+01C6
    { 13, 18, 242, 1, 14, 59, 465 }, // U+01C7
    { 13, 19, 238, 1, 14, 62, 524 }, // U+01C8
    { 8, 20, 157, 1, 15, 40, 586 }, // U+01C9
    { 17, 18, 314, 1, 14, 77, 626 }, // U+01CA
    { 17, 19, 309, 1, 14, 81, 703 }, // U+01CB
    { 15, 19, 266, 1, 14, 72, 784 }, // U+01CC
    { 13, 18, 194, 0, 18, 59, 856 }, // U+01CD
    { 10, 16, 171, 0, 15, 40, 915 }, // U+01CE
    { 7, 18, 103, 0, 18, 32, 955 }, // U+01CF
    { 7, 15, 78, -1, 15, 27, 987 }, // U+01D0
    { 13, 19, 237, 1, 18, 62, 1014 }, // U+01D1
    { 10, 16, 184, 1, 15, 40, 1076 }, // U+01D2
    { 12, 19, 222, 1, 18, 57, 1116 }, // U+01D3
    { 10, 16, 188, 1, 15, 40, 1173 }, // U+01D4
    { 12, 21, 222, 1, 20, 63, 1213 }, // U+01D5
    { 10, 17, 188, 1, 16, 43, 1276 }, // U+01D6
    { 12, 21, 222, 1, 20, 63, 1319 }, // U+01D7
    { 10, 18, 188, 1, 17, 45, 1382 }, // U+01D8
    { 12, 22, 222, 1, 21, 66, 1427 }, // U+01D9
    { 10, 18, 188, 1, 17, 45, 1493 }, // U+01DA
    { 12, 21, 222, 1, 20, 63, 1538 }, // U+01DB
    { 10, 18, 188, 1, 17, 45, 1601 }, // U+01DC
    { 10, 12, 171, 0, 11, 30, 1646 }, // U+01DD
    { 13, 20, 194, 0, 20, 65, 1676 }, // U+01DE
    { 10, 17, 171, 0, 16, 43, 1741 }, // U+01DF
    { 13, 20, 194, 0, 20, 65, 1784 }, // U+01E0
    { 10, 17, 171, 0, 16, 43, 1849 }, // U+01E1
    { 17, 16, 268, -1, 16, 68, 1892 }, // U+01E2
    { 16, 14, 263, 0, 13, 56, 1960 }, // U+01E3
    { 13, 15, 221, 1, 14, 49, 2016 }, // U+01E4
    { 11, 16, 187, 1, 11, 44, 2065 }, // U+01E5
    { 12, 19, 221, 1, 18, 57, 2109 }, // U+01E6
    { 10, 20, 187, 1, 15, 50, 2166 }, // U+01E7
    { 11, 18, 188, 1, 18, 50, 2216 }, // U+01E8
    { 11, 19, 162, -1, 19, 53, 2266 }, // U+01E9
    { 13, 19, 237, 1, 14, 62, 2319 }, // U+01EA
    { 10, 16, 184, 1, 11, 40, 2381 }, // U+01EB
    { 13, 21, 237, 1, 16, 69, 2421 }, // U+01EC
    { 10, 18, 184, 1, 13, 45, 2490 }, // U+01ED
    { 11, 19, 178, 0, 18, 53, 2535 }, // U+01EE
    { 9, 20, 151, 0, 15, 45, 2588 }, // U+01EF
    { 8, 20, 78, -2, 15, 40, 2633 }, // U+01F0
    { 23, 14, 393, 1, 14, 81, 2673 }, // U+01F1
    { 22, 14, 365, 1, 14, 77, 2754 }, // U+01F2
    { 19, 16, 330, 1, 15, 76, 2831 }, // U+01F3
    { 12, 19, 221, 1, 18, 57, 2907 }, // U+01F4
    { 10, 20, 187, 1, 15, 50, 2964 }, // U+01F5
    { 16, 15, 285, 1, 14, 60, 3014 }, // U+01F6
    { 11, 19, 201, 1, 14, 53, 3074 }, // U+01F7
    { 12, 18, 231, 1, 18, 54, 3127 }, // U+01F8
    { 10, 15, 188, 1, 15, 38, 3181 }, // U+01F9
    { 13, 19, 195, 0, 19, 62, 3219 }, // U+01FA
    { 10, 20, 171, 0, 19, 50, 3281 }, // U+01FB
    { 17, 18, 268, -1, 18, 77, 3331 }, // U+01FC
    { 16, 16, 263, 0, 15, 64, 3408 }, // U+01FD
    { 13, 19, 237, 1, 18, 62, 3472 }, // U+01FE
    { 10, 16, 184, 1, 15, 40, 3534 }, // U+01FF
    { 13, 18, 194, 0, 18, 59, 3574 }, // U+0200
    { 10, 16, 171, 0, 15, 40, 3633 }, // U+0201
    { 13, 18, 194, 0, 18, 59, 3673 }, // U+0202
    { 10, 16, 171, 0, 15, 40, 3732 }, // U+0203
    { 9, 18, 169, 1, 18, 41, 3772 }, // U+0204
    { 9, 16, 171, 1, 15, 36, 3813 }, // U+0205
    { 9, 18, 169, 1, 18, 41, 3849 }, // U+0206
    { 9, 16, 171, 1, 15, 36, 3890 }, // U+0207
    { 8, 18, 103, -2, 18, 36, 3926 }, // U+0208
    { 8, 15, 78, -2, 15, 30, 3962 }, // U+0209
    { 7, 18, 103, 0, 18, 32, 3992 }, // U+020A
    { 7, 15, 78, -1, 15, 27, 4024 }, // U+020B
    { 13, 19, 237, 1, 18, 62, 4051 }, // U+020C
    { 10, 16, 184, 1, 15, 40, 4113 }, // U+020D
    { 13, 19, 237, 1, 18, 62, 4153 }, // U+020E
    { 10, 16, 184, 1, 15, 40, 4215 }, // U+020F
    { 11, 18, 189, 1, 18, 50, 4255 }, // U+0210
    { 8, 15, 126, 0, 15, 30, 4305 }, // U+0211
    { 11, 18, 189, 1, 18, 50, 4335 }, // U+0212
    { 7, 15, 126, 1, 15, 27, 4385 }, // U+0213
    { 12, 19, 222, 1, 18, 57, 4412 }, // U+0214
    { 10, 16, 188, 1, 15, 40, 4469 }, // U+0215
    { 12, 19, 222, 1, 18, 57, 4509 }, // U+0216
    { 10, 16, 188, 1, 15, 40, 4566 }, // U+0217
    { 10, 19, 167, 0, 14, 48, 4606 }, // U+0218
    { 9, 16, 146, 0, 11, 36, 4654 }, // U+0219
    { 11, 19, 169, 0, 14, 53, 4690 }, // U+021A
    { 7, 18, 110, 0, 13, 32, 4743 }, // U+021B
    { 10, 18, 175, 0, 14, 45, 4775 }, // U+021C
    { 9, 16, 151, 0, 11, 36, 4820 }, // U+021D
    { 12, 18, 225, 1, 18, 54, 4856 }, // U+021E
    { 12, 19, 188, -1, 19, 57, 4910 }, // U+021F
    { 5, 4, 0, -10, 15, 5, 0 }, // U+0300
    { 5, 4, 0, -7, 15, 5, 5 }, // U+0301
    { 8, 4, 0, -4, 15, 8, 10 }, // U+0302
    { 8, 3, 0, -10, 14, 6, 18 }, // U+0303
    { 6, 2, 0, -3, 13, 3, 24 }, // U+0304
    { 8, 2, 0, -4, 16, 4, 27 }, // U+0305
    { 6, 4, 0, -3, 15, 6, 31 }, // U+0306
    { 2, 3, 0, -1, 14, 2, 37 }, // U+0307
    { 6, 3, 0, -3, 14, 5, 39 }, // U+0308
    { 5, 5, 0, -8, 16, 7, 44 }, // U+0309
    { 6, 5, 0, -3, 16, 8, 51 }, // U+030A
    { 8, 4, 0, -3, 15, 8, 59 }, // U+030B
    { 8, 4, 0, -4, 15, 8, 67 }, // U+030C
    { 2, 4, 0, -1, 15, 2, 75 }, // U+030D
    { 6, 4, 0, -3, 15, 6, 77 }, // U+030E
    { 7, 4, 0, -10, 15, 7, 83 }, // U+030F
    { 6, 6, 0, -3, 17, 9, 90 }, // U+0310
    { 6, 4, 0, -3, 15, 6, 99 }, // U+0311
    { 4, 6, 0, -2, 14, 6, 105 }, // U+0312
    { 4, 6, 0, -2, 14, 6, 111 }, // U+0313
    { 4, 6, 0, -2, 14, 6, 117 }, // U+0314
    { 4, 6, 0, -2, 14, 6, 123 }, // U+0315
    { 4, 4, 0, -2, 0, 4, 129 }, // U+0316
    { 4, 4, 0, -2, 0, 4, 133 }, // U+0317
    { 4, 5, 0, -2, 0, 5, 137 }, // U+0318
    { 4, 5, 0, -2, 0, 5, 142 }, // U+0319
    { 6, 6, 95, 0, 15, 9, 147 }, // U+031A
    { 5, 5, 0, -2, 15, 7, 156 }, // U+031B
    { 3, 5, 0, -1, 0, 4, 163 }, // U+031C
    { 4, 4, 0, -2, 0, 4, 167 }, // U+031D
    { 4, 4, 0, -2, 0, 4, 171 }, // U+031E
    { 4, 5, 0, -2, 0, 5, 175 }, // U+031F
    { 6, 2, 0, -3, -1, 3, 180 }, // U+0320
    { 4, 6, 0, -4, 1, 6, 183 }, // U+0321
    { 4, 6, 0, 0, 1, 6, 189 }, // U+0322
    { 3, 3, 0, -7, -1, 3, 195 }, // U+0323
    { 6, 3, 0, -3, -1, 5, 198 }, // U+0324
    { 6, 5, 0, -3, 0, 8, 203 }, // U+0325
    { 4, 4, 0, -2, -1, 4, 211 }, // U+0326
    { 4, 5, 0, -2, 0, 5, 215 }, // U+0327
    { 4, 6, 0, -2, 1, 6, 220 }, // U+0328
    { 2, 4, 0, -1, 0, 2, 226 }, // U+0329
    { 8, 5, 0, -4, 0, 10, 228 }, // U+032A
    { 8, 3, 0, -4, -1, 6, 238 }, // U+032B
    { 8, 4, 0, -4, 0, 8, 244 }, // U+032C
    { 8, 4, 0, -4, 0, 8, 252 }, // U+032D
    { 6, 4, 0, -3, 0, 6, 260 }, // U+032E
    { 6, 4, 0, -3, 0, 6, 266 }, // U+032F
    { 8, 3, 0, -4, -1, 6, 272 }, // U+0330
    { 6, 2, 0, -3, -1, 3, 278 }, // U+0331
    { 10, 2, 0, -5, -1, 5, 281 }, // U+0332
    { 8, 5, 0, -4, 0, 10, 286 }, // U+0333
    { 8, 3, 0, -4, 6, 6, 296 }, // U+0334
    { 8, 2, 0, -4, 6, 4, 302 }, // U+0335
    { 14, 3, 0, -7, 7, 11, 306 }, // U+0336
    { 6, 5, 0, -3, 8, 8, 317 }, // U+0337
    { 8, 17, 0, -4, 15, 34, 325 }, // U+0338
    { 3, 5, 0, -1, 0, 4, 359 }, // U+0339
    { 8, 5, 0, -4, 0, 10, 363 }, // U+033A
    { 8, 5, 0, -4, 0, 10, 373 }, // U+033B
    { 8, 3, 0, -4, -1, 6, 383 }, // U+033C
    { 4, 5, 0, -2, 15, 5, 389 }, // U+033D
    { 4, 7, 0, -2, 17, 7, 394 }, // U+033E
    { 8, 5, 0, -4, 19, 10, 401 }, // U+033F
    { 5, 4, 0, -4, 15, 5, 411 }, // U+0340
    { 5, 4, 0, -1, 15, 5, 416 }, // U+0341
    { 8, 3, 0, -4, 14, 6, 421 }, // U+0342
    { 4, 4, 0, -2, 15, 4, 427 }, // U+0343
    { 7, 4, 0, -3, 15, 7, 431 }, // U+0344
    { 3, 4, 0, -1, -1, 3, 438 }, // U+0345
    { 10, 4, 0, -5, 15, 10, 441 }, // U+0346
    { 8, 5, 0, -4, 0, 10, 451 }, // U+0347
    { 6, 4, 0, -3, 0, 6, 461 }, // U+0348
    { 4, 4, 0, -2, -1, 4, 467 }, // U+0349
    { 8, 5, 0, -4, 15, 10, 471 }, // U+034A
    { 8, 8, 0, -4, 18, 16, 481 }, // U+034B
    { 8, 6, 0, -4, 17, 12, 497 }, // U+034C
    { 8, 5, 0, -4, 0, 10, 509 }, // U+034D
    { 4, 5, 0, -2, 0, 5, 519 }, // U+034E
    { 14, 14, 0, -7, 14, 49, 524 }, // U+034F
    { 4, 5, 0, -2, 16, 5, 573 }, // U+0350
    { 3, 5, 0, -1, 15, 4, 578 }, // U+0351
    { 6, 5, 0, -3, 16, 8, 582 }, // U+0352
    { 4, 5, 0, -2, 0, 5, 590 }, // U+0353
    { 4, 5, 0, -2, 0, 5, 595 }, // U+0354
    { 4, 5, 0, -2, 0, 5, 600 }, // U+0355
    { 8, 5, 0, -4, 0, 10, 605 }, // U+0356
    { 3, 5, 0, -1, 15, 4, 615 }, // U+0357
    { 3, 3, 0, 2, 14, 3, 619 }, // U+0358
    { 6, 5, 0, -3, 0, 8, 622 }, // U+0359
    { 8, 5, 0, -4, 0, 10, 630 }, // U+035A
    { 4, 4, 0, -2, 15, 4, 640 }, // U+035B
    { 16, 5, 0, -8, 0, 20, 644 }, // U+035C
    { 16, 5, 0, -8, 16, 20, 664 }, // U+035D
    { 12, 2, 0, -6, 13, 6, 684 }, // U+035E
    { 12, 2, 0, -6, -1, 6, 690 }, // U+035F
    { 16, 3, 0, -8, 14, 12, 696 }, // U+0360
    { 16, 5, 0, -8, 17, 20, 708 }, // U+0361
    { 15, 5, 0, -7, 0, 19, 728 }, // U+0362
    { 4, 5, 0, -2, 16, 5, 747 }, // U+0363
    { 5, 5, 0, -2, 16, 7, 752 }, // U+0364
    { 2, 7, 0, -1, 18, 4, 759 }, // U+0365
    { 5, 5, 0, -2, 16, 7, 763 }, // U+0366
    { 5, 5, 0, -2, 16, 7, 770 }, // U+0367
    { 4, 5, 0, -2, 16, 5, 777 }, // U+0368
    { 5, 7, 0, -2, 18, 9, 782 }, // U+0369
    { 5, 7, 0, -2, 18, 9, 791 }, // U+036A
    { 8, 5, 0, -4, 16, 10, 800 }, // U+036B
    { 3, 5, 0, -1, 16, 4, 810 }, // U+036C
    { 4, 6, 0, -2, 17, 6, 814 }, // U+036D
    { 5, 5, 0, -2, 16, 7, 820 }, // U+036E
    { 5, 5, 0, -2, 16, 7, 827 }, // U+036F
    { 9, 18, 169, 1, 18, 41, 0 }, // U+0400
    { 9, 17, 169, 1, 17, 39, 41 }, // U+0401
    { 13, 15, 218, 0, 14, 49, 80 }, // U+0402
    { 9, 18, 155, 1, 18, 41, 129 }, // U+0403
    { 11, 15, 194, 1, 14, 42, 170 }, // U+0404
    { 10, 15, 167, 0, 14, 38, 212 }, // U+0405
    { 3, 14, 86, 1, 14, 11, 250 }, // U+0406
    { 5, 18, 86, 0, 18, 23, 261 }, // U+0407
    { 6, 18, 83, -2, 14, 27, 284 }, // U+0408
    { 19, 15, 307, 0, 14, 72, 311 }, // U+0409
    { 18, 14, 312, 1, 14, 63, 383 }, // U+040A
    { 13, 14, 217, 0, 14, 46, 446 }, // U+040B
    { 11, 18, 190, 1, 18, 50, 492 }, // U+040C
    { 12, 18, 230, 1, 18, 54, 542 }, // U+040D
    { 12, 19, 187, 0, 18, 57, 596 }, // U+040E
    { 12, 17, 222, 1, 14, 51, 653 }, // U+040F
    { 13, 14, 194, 0, 14, 46, 704 }, // U+0410
    { 10, 14, 187, 1, 14, 35, 750 }, // U+0411
    { 11, 14, 198, 1, 14, 39, 785 }, // U+0412
    { 9, 14, 155, 1, 14, 32, 824 }, // U+0413
    { 14, 17, 222, 0, 14, 60, 856 }, // U+0414
    { 9, 14, 169, 1, 14, 32, 916 }, // U+0415
    { 18, 14, 275, 0, 14, 63, 948 }, // U+0416
    { 10, 15, 175, 0, 14, 38, 1011 }, // U+0417
    { 12, 14, 230, 1, 14, 42, 1049 }, // U+0418
    { 12, 18, 230, 1, 18, 54, 1091 }, // U+0419
    { 11, 14, 190, 1, 14, 39, 1145 }, // U+041A
    { 12, 15, 212, 0, 14, 45, 1184 }, // U+041B
    { 15, 14, 276, 1, 14, 53, 1229 }, // U+041C
    { 12, 14, 226, 1, 14, 42, 1282 }, // U+041D
    { 13, 15, 231, 1, 14, 49, 1324 }, // U+041E
    { 12, 14, 223, 1, 14, 42, 1373 }, // U+041F
    { 10, 14, 184, 1, 14, 35, 1415 }, // U+0420
    { 11, 15, 195, 1, 14, 42, 1450 }, // U+0421
    { 11, 14, 169, 0, 14, 39, 1492 }, // U+0422
    { 12, 15, 187, 0, 14, 45, 1531 }, // U+0423
    { 15, 15, 248, 0, 14, 57, 1576 }, // U+0424
    { 12, 14, 179, 0, 14, 42, 1633 }, // U+0425
    { 13, 17, 225, 1, 14, 56, 1675 }, // U+0426
    { 10, 14, 205, 1, 14, 35, 1731 }, // U+0427
    { 17, 14, 315, 1, 14, 60, 1766 }, // U+0428
    { 19, 17, 312, 1, 14, 81, 1826 }, // U+0429
    { 13, 14, 208, 0, 14, 46, 1907 }, // U+042A
    { 14, 14, 258, 1, 14, 49, 1953 }, // U+042B
    { 10, 14, 185, 1, 14, 35, 2002 }, // U+042C
    { 12, 15, 197, 0, 14, 45, 2037 }, // U+042D
    { 17, 15, 304, 1, 14, 64, 2082 }, // U+042E
    { 11, 14, 194, 0, 14, 39, 2146 }, // U+042F
    { 10, 12, 169, 0, 11, 30, 2185 }, // U+0430
    { 10, 16, 181, 1, 15, 40, 2215 }, // U+0431
    { 9, 11, 171, 1, 11, 25, 2255 }, // U+0432
    { 7, 11, 133, 1, 11, 20, 2280 }, // U+0433
    { 12, 14, 185, 0, 11, 42, 2300 }, // U+0434
    { 10, 12, 168, 0, 11, 30, 2342 }, // U+0435
    { 15, 11, 231, 0, 11, 42, 2372 }, // U+0436
    { 9, 12, 148, 0, 11, 27, 2414 }, // U+0437
    { 10, 11, 189, 1, 11, 28, 2441 }, // U+0438
    { 10, 15, 189, 1, 15, 38, 2469 }, // U+0439
    { 9, 11, 161, 1, 11, 25, 2507 }, // U+043A
    { 10, 12, 178, 0, 11, 30, 2532 }, // U+043B
    { 12, 11, 233, 1, 11, 33, 2562 }, // U+043C
    { 10, 11, 187, 1, 11, 28, 2595 }, // U+043D
    { 11, 12, 181, 0, 11, 33, 2623 }, // U+043E
    { 9, 11, 184, 1, 11, 25, 2656 }, // U+043F
    { 10, 16, 185, 1, 11, 40, 2681 }, // U+0440
    { 9, 12, 150, 0, 11, 27, 2721 }, // U+0441
    { 9, 11, 141, 0, 11, 25, 2748 }, // U+0442
    { 10, 16, 155, 0, 11, 40, 2773 }, // U+0443
    { 14, 20, 224, 0, 15, 70, 2813 }, // U+0444
    { 10, 11, 155, 0, 11, 28, 2883 }, // U+0445
    { 11, 14, 186, 1, 11, 39, 2911 }, // U+0446
    { 9, 11, 179, 1, 11, 25, 2950 }, // U+0447
    { 15, 11, 272, 1, 11, 42, 2975 }, // U+0448
    { 16, 14, 273, 1, 11, 56, 3017 }, // U+0449
    { 11, 11, 189, 0, 11, 31, 3073 }, // U+044A
    { 12, 11, 231, 1, 11, 33, 3104 }, // U+044B
    { 9, 11, 166, 1, 11, 25, 3137 }, // U+044C
    { 9, 12, 150, 0, 11, 27, 3162 }, // U+044D
    { 14, 12, 243, 1, 11, 42, 3189 }, // U+044E
    { 10, 11, 175, 0, 11, 28, 3231 }, // U+044F
    { 10, 16, 168, 0, 15, 40, 3259 }, // U+0450
    { 10, 15, 168, 0, 14, 38, 3299 }, // U+0451
    { 11, 20, 188, 0, 15, 55, 3337 }, // U+0452
    { 7, 15, 133, 1, 15, 27, 3392 }, // U+0453
    { 9, 12, 150, 0, 11, 27, 3419 }, // U+0454
    { 9, 12, 142, 0, 11, 27, 3446 }, // U+0455
    { 3, 14, 78, 1, 14, 11, 3473 }, // U+0456
    { 5, 14, 78, 0, 14, 18, 3484 }, // U+0457
    { 6, 19, 78, -2, 14, 29, 3502 }, // U+0458
    { 16, 12, 261, 0, 11, 48, 3531 }, // U+0459
    { 16, 11, 271, 1, 11, 44, 3579 }, // U+045A
    { 11, 15, 189, 0, 15, 42, 3623 }, // U+045B
    { 9, 15, 161, 1, 15, 34, 3665 }, // U+045C
    { 10, 15, 189, 1, 15, 38, 3699 }, // U+045D
    { 10, 20, 155, 0, 15, 50, 3737 }, // U+045E
    { 9, 14, 184, 1, 11, 32, 3787 }, // U+045F
    { 17, 15, 279, 0, 14, 64, 3819 }, // U+0460
    { 15, 11, 240, 0, 11, 42, 3883 }, // U+0461
    { 12, 14, 205, 0, 14, 42, 3925 }, // U+0462
    { 12, 13, 193, 0, 13, 39, 3967 }, // U+0463
    { 16, 15, 280, 1, 14, 60, 4006 }, // U+0464
    { 13, 12, 226, 1, 11, 39, 4066 }, // U+0465
    { 13, 14, 208, 0, 14, 46, 4105 }, // U+0466
    { 11, 11, 174, 0, 11, 31, 4151 }, // U+0467
    { 17, 14, 282, 1, 14, 60, 4182 }, // U+0468
    { 14, 11, 237, 1, 11, 39, 4242 }, // U+0469
    { 14, 14, 222, 0, 14, 49, 4281 }, // U+046A
    { 13, 11, 195, 0, 11, 36, 4330 }, // U+046B
    { 18, 14, 299, 1, 14, 63, 4366 }, // U+046C
    { 16, 11, 258, 1, 11, 44, 4429 }, // U+046D
    { 11, 22, 178, 0, 17, 61, 4473 }, // U+046E
    { 9, 17, 149, 0, 13, 39, 4534 }, // U+046F
    { 13, 14, 244, 1, 14, 46, 4573 }, // U+0470
    { 12, 20, 231, 1, 15, 60, 4619 }, // U+0471
    { 13, 15, 238, 1, 14, 49, 4679 }, // U+0472
    { 10, 12, 184, 1, 11, 30, 4728 }, // U+0473
    { 13, 14, 193, 0, 14, 46, 4758 }, // U+0474
    { 11, 11, 157, 0, 11, 31, 4804 }, // U+0475
    { 13, 18, 193, 0, 18, 59, 4835 }, // U+0476
    { 11, 15, 157, 0, 15, 42, 4894 }, // U+0477
    { 23, 19, 371, 1, 14, 110, 4936 }, // U+0478
    { 20, 16, 333, 1, 11, 80, 5046 }, // U+0479
    { 14, 17, 250, 1, 15, 60, 5126 }, // U+047A
    { 11, 13, 200, 1, 12, 36, 5186 }, // U+047B
    { 18, 21, 312, 1, 20, 95, 5222 }, // U+047C
    { 16, 18, 275, 1, 17, 72, 5317 }, // U+047D
    { 17, 18, 279, 0, 17, 77, 5389 }, // U+047E
    { 15, 14, 240, 0, 14, 53, 5466 }, // U+047F
    { 11, 19, 195, 1, 14, 53, 5519 }, // U+0480
    { 8, 16, 150, 1, 11, 32, 5572 }, // U+0481
    { 11, 13, 185, 0, 12, 36, 5604 }, // U+0482
    { 8, 4, 0, -9, 14, 8, 5640 }, // U+0483
    { 8, 3, 0, -9, 14, 6, 5648 }, // U+0484
    { 3, 4, 0, -7, 15, 3, 5654 }, // U+0485
    { 3, 4, 0, -7, 15, 3, 5657 }, // U+0486
    { 8, 3, 0, -4, 17, 6, 5660 }, // U+0487
    { 22, 20, 0, -11, 15, 110, 5666 }, // U+0488
    { 22, 22, 0, -11, 16, 121, 5776 }, // U+0489
    { 14, 22, 239, 1, 18, 77, 5897 }, // U+048A
    { 12, 19, 200, 1, 15, 57, 5974 }, // U+048B
    { 11, 14, 187, 0, 14, 39, 6031 }, // U+048C
    { 11, 15, 181, 0, 15, 42, 6070 }, // U+048D
    { 10, 14, 186, 1, 14, 35, 6112 }, // U+048E
    { 10, 16, 187, 1, 11, 40, 6147 }, // U+048F
    { 9, 17, 162, 1, 17, 39, 6187 }, // U+0490
    { 7, 14, 133, 1, 14, 25, 6226 }, // U+0491
    { 10, 14, 161, 0, 14, 35, 6251 }, // U+0492
    { 8, 11, 132, 0, 11, 22, 6286 }, // U+0493
    { 11, 19, 198, 1, 14, 53, 6308 }, // U+0494
    { 9, 16, 162, 1, 11, 36, 6361 }, // U+0495
    { 17, 18, 275, 0, 14, 77, 6397 }, // U+0496
    { 15, 15, 242, 0, 11, 57, 6474 }, // U+0497
    { 10, 19, 175, 0, 14, 48, 6531 }, // U+0498
    { 9, 16, 148, 0, 11, 36, 6579 }, // U+0499
    { 12, 18, 204, 1, 14, 54, 6615 }, // U+049A
    { 10, 15, 169, 1, 11, 38, 6669 }, // U+049B
    { 11, 14, 190, 1, 14, 39, 6707 }, // U+049C
    { 9, 11, 161, 1, 11, 25, 6746 }, // U+049D
    { 12, 14, 190, 0, 14, 42, 6771 }, // U+049E
    { 10, 15, 162, 0, 15, 38, 6813 }, // U+049F
    { 14, 14, 211, 0, 14, 49, 6851 }, // U+04A0
    { 12, 11, 189, 0, 11, 33, 6900 }, // U+04A1
    { 13, 18, 230, 1, 14, 59, 6933 }, // U+04A2
    { 11, 15, 200, 1, 11, 42, 6992 }, // U+04A3
    { 15, 14, 248, 1, 14, 53, 7034 }, // U+04A4
    { 13, 11, 224, 1, 11, 36, 7087 }, // U+04A5
    { 19, 19, 321, 1, 14, 91, 7123 }, // U+04A6
    { 15, 16, 262, 1, 11, 60, 7214 }, // U+04A7
    { 13, 15, 237, 1, 14, 49, 7274 }, // U+04A8
    { 11, 12, 195, 1, 11, 33, 7323 }, // U+04A9
    { 11, 19, 192, 1, 14, 53, 7356 }, // U+04AA
    { 8, 16, 146, 1, 11, 32, 7409 }, // U+04AB
    { 11, 18, 169, 0, 14, 50, 7441 }, // U+04AC
    { 9, 15, 144, 0, 11, 34, 7491 }, // U+04AD
    { 11, 14, 172, 0, 14, 39, 7525 }, // U+04AE
    { 10, 16, 154, 0, 11, 40, 7564 }, // U+04AF
    { 11, 14, 172, 0, 14, 39, 7604 }, // U+04B0
    { 10, 16, 154, 0, 11, 40, 7643 }, // U+04B1
    { 12, 18, 192, 0, 14, 54, 7683 }, // U+04B2
    { 11, 15, 168, 0, 11, 42, 7737 }, // U+04B3
    { 16, 18, 262, 0, 14, 72, 7779 }, // U+04B4
    { 14, 15, 220, 0, 11, 53, 7851 }, // U+04B5
    { 13, 18, 214, 1, 14, 59, 7904 }, // U+04B6
    { 11, 15, 189, 1, 11, 42, 7963 }, // U+04B7
    { 11, 14, 212, 1, 14, 39, 8005 }, // U+04B8
    { 9, 11, 184, 1, 11, 25, 8044 }, // U+04B9
    { 11, 14, 212, 1, 14, 39, 8069 }, // U+04BA
    { 10, 15, 188, 1, 15, 38, 8108 }, // U+04BB
    { 15, 15, 258, 0, 14, 57, 8146 }, // U+04BC
    { 12, 12, 202, 0, 11, 36, 8203 }, // U+04BD
    { 15, 18, 258, 0, 14, 68, 8239 }, // U+04BE
    { 12, 15, 202, 0, 11, 45, 8307 }, // U+04BF
    { 6, 14, 103, 0, 14, 21, 8352 }, // U+04C0
    { 18, 18, 275, 0, 18, 81, 8373 }, // U+04C1
    { 15, 15, 231, 0, 15, 57, 8454 }, // U+04C2
    { 12, 19, 212, 1, 14, 57, 8511 }, // U+04C3
    { 9, 16, 170, 1, 11, 36, 8568 }, // U+04C4
    { 14, 18, 219, 0, 14, 63, 8604 }, // U+04C5
    { 12, 15, 178, 0, 11, 45, 8667 }, // U+04C6
    { 12, 19, 222, 1, 14, 57, 8712 }, // U+04C7
    { 10, 16, 189, 1, 11, 40, 8769 }, // U+04C8
    { 14, 18, 230, 1, 14, 63, 8809 }, // U+04C9
    { 12, 15, 201, 1, 11, 45, 8872 }, // U+04CA
    { 11, 18, 212, 1, 14, 50, 8917 }, // U+04CB
    { 10, 15, 186, 1, 11, 38, 8967 }, // U+04CC
    { 17, 18, 279, 1, 14, 77, 9005 }, // U+04CD
    { 14, 15, 230, 1, 11, 53, 9082 }, // U+04CE
    { 6, 14, 103, 0, 14, 21, 9135 }, // U+04CF
    { 13, 18, 194, 0, 18, 59, 9156 }, // U+04D0
    { 10, 16, 171, 0, 15, 40, 9215 }, // U+04D1
    { 13, 17, 194, 0, 17, 56, 9255 }, // U+04D2
    { 10, 15, 171, 0, 14, 38, 9311 }, // U+04D3
    { 17, 14, 268, -1, 14, 60, 9349 }, // U+04D4
    { 16, 12, 263, 0, 11, 48, 9409 }, // U+04D5
    { 9, 18, 169, 1, 18, 41, 9457 }, // U+04D6
    { 9, 16, 171, 1, 15, 36, 9498 }, // U+04D7
    { 12, 15, 225, 1, 14, 45, 9534 }, // U+04D8
    { 10, 12, 171, 0, 11, 30, 9579 }, // U+04D9
    { 12, 18, 225, 1, 17, 54, 9609 }, // U+04DA
    { 10, 15, 171, 0, 14, 38, 9663 }, // U+04DB
    { 18, 17, 275, 0, 17, 77, 9701 }, // U+04DC
    { 15, 14, 231, 0, 14, 53, 9778 }, // U+04DD
    { 10, 18, 175, 0, 17, 45, 9831 }, // U+04DE
    { 9, 15, 148, 0, 14, 34, 9876 }, // U+04DF
    { 11, 15, 178, 0, 14, 42, 9910 }, // U+04E0
    { 9, 16, 151, 0, 11, 36, 9952 }, // U+04E1
    { 12, 16, 230, 1, 16, 48, 9988 }, // U+04E2
    { 10, 13, 189, 1, 13, 33, 10036 }, // U+04E3
    { 12, 17, 230, 1, 17, 51, 10069 }, // U+04E4
    { 10, 14, 189, 1, 14, 35, 10120 }, // U+04E5
    { 13, 18, 237, 1, 17, 59, 10155 }, // U+04E6
    { 10, 15, 184, 1, 14, 38, 10214 }, // U+04E7
    { 13, 15, 238, 1, 14, 49, 10252 }, // U+04E8
    { 10, 12, 184, 1, 11, 30, 10301 }, // U+04E9
    { 13, 18, 238, 1, 17, 59, 10331 }, // U+04EA
    { 10, 15, 184, 1, 14, 38, 10390 }, // U+04EB
    { 12, 18, 197, 0, 17, 54, 10428 }, // U+04EC
    { 9, 15, 150, 0, 14, 34, 10482 }, // U+04ED
    { 12, 17, 187, 0, 16, 51, 10516 }, // U+04EE
    { 10, 18, 155, 0, 13, 45, 10567 }, // U+04EF
    { 12, 18, 187, 0, 17, 54, 10612 }, // U+04F0
    { 10, 19, 155, 0, 14, 48, 10666 }, // U+04F1
    { 12, 19, 187, 0, 18, 57, 10714 }, // U+04F2
    { 10, 20, 155, 0, 15, 50, 10771 }, // U+04F3
    { 10, 17, 205, 1, 17, 43, 10821 }, // U+04F4
    { 9, 14, 179, 1, 14, 32, 10864 }, // U+04F5
    { 9, 18, 161, 1, 14, 41, 10896 }, // U+04F6
    { 7, 15, 132, 1, 11, 27, 10937 }, // U+04F7
    { 14, 17, 258, 1, 17, 60, 10964 }, // U+04F8
    { 12, 14, 231, 1, 14, 42, 11024 }, // U+04F9
    { 10, 18, 161, 0, 14, 45, 11066 }, // U+04FA
    { 8, 15, 132, 0, 11, 30, 11111 }, // U+04FB
    { 12, 18, 192, 0, 14, 54, 11141 }, // U+04FC
    { 11, 15, 167, 0, 11, 42, 11195 }, // U+04FD
    { 12, 14, 178, 0, 14, 42, 11237 }, // U+04FE
    { 10, 11, 161, 0, 11, 28, 11279 }, // U+04FF
    { 13, 18, 194, 0, 14, 59, 0 }, // U+1EA0
    { 10, 15, 171, 0, 11, 38, 59 }, // U+1EA1
    { 13, 19, 194, 0, 19, 62, 97 }, // U+1EA2
    { 10, 17, 171, 0, 16, 43, 159 }, // U+1EA3
    { 13, 19, 194, 0, 19, 62, 202 }, // U+1EA4
    { 11, 17, 171, 0, 16, 47, 264 }, // U+1EA5
    { 13, 19, 194, 0, 19, 62, 311 }, // U+1EA6
    { 10, 17, 171, 0, 16, 43, 373 }, // U+1EA7
    { 13, 20, 194, 0, 20, 65, 416 }, // U+1EA8
    { 10, 18, 171, 0, 17, 45, 481 }, // U+1EA9
    { 13, 20, 194, 0, 20, 65, 526 }, // U+1EAA
    { 10, 18, 171, 0, 17, 45, 591 }, // U+1EAB
    { 13, 22, 194, 0, 18, 72, 636 }, // U+1EAC
    { 10, 19, 171, 0, 15, 48, 708 }, // U+1EAD
    { 13, 20, 194, 0, 20, 65, 756 }, // U+1EAE
    { 10, 18, 171, 0, 17, 45, 821 }, // U+1EAF
    { 13, 20, 194, 0, 20, 65, 866 }, // U+1EB0
    { 10, 18, 171, 0, 17, 45, 931 }, // U+1EB1
    { 13, 20, 194, 0, 20, 65, 976 }, // U+1EB2
    { 10, 18, 171, 0, 17, 45, 1041 }, // U+1EB3
    { 13, 20, 194, 0, 20, 65, 1086 }, // U+1EB4
    { 10, 18, 171, 0, 17, 45, 1151 }, // U+1EB5
    { 13, 22, 194, 0, 18, 72, 1196 }, // U+1EB6
    { 10, 19, 171, 0, 15, 48, 1268 }, // U+1EB7
    { 9, 18, 169, 1, 14, 41, 1316 }, // U+1EB8
    { 9, 15, 171, 1, 11, 34, 1357 }, // U+1EB9
    { 9, 19, 169, 1, 19, 43, 1391 }, // U+1EBA
    { 9, 17, 171, 1, 16, 39, 1434 }, // U+1EBB
    { 9, 17, 169, 1, 17, 39, 1473 }, // U+1EBC
    { 9, 15, 171, 1, 14, 34, 1512 }, // U+1EBD
    { 10, 19, 169, 1, 19, 48, 1546 }, // U+1EBE
    { 10, 17, 171, 1, 16, 43, 1594 }, // U+1EBF
    { 10, 19, 169, 0, 19, 48, 1637 }, // U+1EC0
    { 10, 17, 171, 0, 16, 43, 1685 }, // U+1EC1
    { 10, 20, 169, 1, 20, 50, 1728 }, // U+1EC2
    { 9, 18, 171, 1, 17, 41, 1778 }, // U+1EC3
    { 9, 20, 169, 1, 20, 45, 1819 }, // U+1EC4
    { 9, 18, 171, 1, 17, 41, 1864 }, // U+1EC5
    { 9, 22, 169, 1, 18, 50, 1905 }, // U+1EC6
    { 9, 19, 171, 1, 15, 43, 1955 }, // U+1EC7
    { 6, 19, 103, 0, 19, 29, 1998 }, // U+1EC8
    { 4, 16, 78, 1, 16, 16, 2027 }, // U+1EC9
    { 6, 18, 103, 0, 14, 27, 2043 }, // U+1ECA
    { 3, 18, 78, 1, 14, 14, 2070 }, // U+1ECB
    { 13, 18, 237, 1, 14, 59, 2084 }, // U+1ECC
    { 10, 15, 184, 1, 11, 38, 2143 }, // U+1ECD
    { 13, 20, 237, 1, 19, 65, 2181 }, // U+1ECE
    { 10, 17, 184, 1, 16, 43, 2246 }, // U+1ECF
    { 13, 20, 237, 1, 19, 65, 2289 }, // U+1ED0
    { 10, 17, 184, 1, 16, 43, 2354 }, // U+1ED1
    { 13, 20, 237, 1, 19, 65, 2397 }, // U+1ED2
    { 11, 17, 184, 0, 16, 47, 2462 }, // U+1ED3
    { 13, 21, 237, 1, 20, 69, 2509 }, // U+1ED4
    { 10, 18, 184, 1, 17, 45, 2578 }, // U+1ED5
    { 13, 21, 237, 1, 20, 69, 2623 }, // U+1ED6
    { 10, 18, 184, 1, 17, 45, 2692 }, // U+1ED7
    { 13, 22, 237, 1, 18, 72, 2737 }, // U+1ED8
    { 10, 19, 184, 1, 15, 48, 2809 }, // U+1ED9
    { 15, 19, 238, 1, 18, 72, 2857 }, // U+1EDA
    { 12, 16, 187, 1, 15, 48, 2929 }, // U+1EDB
    { 15, 19, 238, 1, 18, 72, 2977 }, // U+1EDC
    { 12, 16, 187, 1, 15, 48, 3049 }, // U+1EDD
    { 15, 20, 238, 1, 19, 75, 3097 }, // U+1EDE
    { 12, 17, 187, 1, 16, 51, 3172 }, // U+1EDF
    { 15, 18, 238, 1, 17, 68, 3223 }, // U+1EE0
    { 12, 15, 187, 1, 14, 45, 3291 }, // U+1EE1
    { 15, 19, 238, 1, 15, 72, 3336 }, // U+1EE2
    { 12, 16, 187, 1, 12, 48, 3408 }, // U+1EE3
    { 12, 18, 222, 1, 14, 54, 3456 }, // U+1EE4
    { 10, 15, 188, 1, 11, 38, 3510 }, // U+1EE5
    { 12, 20, 222, 1, 19, 60, 3548 }, // U+1EE6
    { 10, 17, 188, 1, 16, 43, 3608 }, // U+1EE7
    { 15, 19, 237, 1, 18, 72, 3651 }, // U+1EE8
    { 13, 16, 205, 1, 15, 52, 3723 }, // U+1EE9
    { 15, 19, 237, 1, 18, 72, 3775 }, // U+1EEA
    { 13, 16, 205, 1, 15, 52, 3847 }, // U+1EEB
    { 15, 20, 237, 1, 19, 75, 3899 }, // U+1EEC
    { 13, 17, 205, 1, 16, 56, 3974 }, // U+1EED
    { 15, 18, 237, 1, 17, 68, 4030 }, // U+1EEE
    { 13, 15, 205, 1, 14, 49, 4098 }, // U+1EEF
    { 15, 19, 237, 1, 15, 72, 4147 }, // U+1EF0
    { 13, 16, 205, 1, 12, 52, 4219 }, // U+1EF1
    { 11, 18, 172, 0, 18, 50, 4271 }, // U+1EF2
    { 10, 20, 155, 0, 15, 50, 4321 }, // U+1EF3
    { 11, 18, 172, 0, 14, 50, 4371 }, // U+1EF4
    { 10, 16, 155, 0, 11, 40, 4421 }, // U+1EF5
    { 11, 19, 172, 0, 19, 53, 4461 }, // U+1EF6
    { 10, 21, 155, 0, 16, 53, 4514 }, // U+1EF7
    { 11, 17, 172, 0, 17, 47, 4567 }, // U+1EF8
    { 10, 19, 155, 0, 14, 48, 4614 }, // U+1EF9
    { 0, 0, 152, 0, 0, 0, 0 }, // U+2000
    { 0, 0, 304, 0, 0, 0, 0 }, // U+2001
    { 0, 0, 152, 0, 0, 0, 0 }, // U+2002
    { 0, 0, 304, 0, 0, 0, 0 }, // U+2003
    { 0, 0, 101, 0, 0, 0, 0 }, // U+2004
    { 0, 0, 76, 0, 0, 0, 0 }, // U+2005
    { 0, 0, 51, 0, 0, 0, 0 }, // U+2006
    { 0, 0, 174, 0, 0, 0, 0 }, // U+2007
    { 0, 0, 81, 0, 0, 0, 0 }, // U+2008
    { 0, 0, 50, 0, 0, 0, 0 }, // U+2009
    { 0, 0, 30, 0, 0, 0, 0 }, // U+200A
    { 0, 0, 0, 0, 0, 0, 0 }, // U+200B
    { 0, 0, 0, 0, 0, 0, 0 }, // U+200C
    { 0, 0, 0, 0, 0, 0, 0 }, // U+200D
    { 6, 17, 0, -1, 14, 26, 0 }, // U+200E
    { 6, 17, 0, -5, 14, 26, 26 }, // U+200F
    { 6, 2, 98, 0, 6, 3, 52 }, // U+2010
    { 6, 2, 98, 0, 6, 3, 55 }, // U+2011
    { 11, 2, 174, 0, 8, 6, 58 }, // U+2012
    { 9, 2, 152, 0, 6, 5, 64 }, // U+2013
    { 19, 2, 304, 0, 6, 10, 69 }, // U+2014
    { 19, 2, 304, 0, 6, 10, 79 }, // U+2015
    { 7, 20, 168, 2, 15, 35, 89 }, // U+2016
    { 9, 5, 125, -1, 0, 12, 124 }, // U+2017
    { 4, 6, 53, 0, 14, 6, 136 }, // U+2018
    { 4, 6, 53, 0, 14, 6, 142 }, // U+2019
    { 4, 6, 76, 0, 3, 6, 148 }, // U+201A
    { 4, 6, 53, 0, 14, 6, 154 }, // U+201B
    { 7, 6, 109, 0, 14, 11, 160 }, // U+201C
    { 7, 6, 109, 0, 14, 11, 171 }, // U+201D
    { 7, 6, 126, 0, 3, 11, 182 }, // U+201E
    { 7, 6, 109, 0, 14, 11, 193 }, // U+201F
    { 8, 15, 156, 1, 15, 30, 204 }, // U+2020
    { 8, 15, 156, 1, 15, 30, 234 }, // U+2021
    { 5, 6, 114, 1, 10, 8, 264 }, // U+2022
    { 6, 6, 112, 1, 10, 9, 272 }, // U+2023
    { 3, 4, 152, 3, 3, 3, 281 }, // U+2024
    { 8, 4, 163, 1, 3, 8, 284 }, // U+2025
    { 13, 4, 240, 1, 3, 13, 292 }, // U+2026
    { 3, 4, 81, 1, 7, 3, 305 }, // U+2027
    { 0, 0, 182, 0, 0, 0, 308 }, // U+2028
    { 0, 0, 182, 0, 0, 0, 308 }, // U+2029
    { 6, 15, 0, -1, 12, 23, 308 }, // U+202A
    { 6, 15, 0, -5, 12, 23, 331 }, // U+202B
    { 6, 17, 0, -3, 14, 26, 354 }, // U+202C
    { 6, 17, 0, -3, 14, 26, 380 }, // U+202D
    { 6, 17, 0, -3, 14, 26, 406 }, // U+202E
    { 0, 0, 50, 0, 0, 0, 432 }, // U+202F
    { 22, 15, 358, 0, 14, 83, 432 }, // U+2030
    { 29, 15, 469, 0, 14, 109, 515 }, // U+2031
    { 5, 6, 71, 0, 14, 8, 624 }, // U+2032
    { 9, 6, 124, 0, 14, 14, 632 }, // U+2033
    { 12, 6, 178, 0, 14, 18, 646 }, // U+2034
    { 5, 6, 71, -1, 14, 8, 664 }, // U+2035
    { 8, 6, 134, -1, 14, 12, 672 }, // U+2036
    { 11, 6, 183, -1, 14, 17, 684 }, // U+2037
    { 8, 7, 121, 0, 2, 14, 701 }, // U+2038
    { 6, 8, 94, 0, 9, 12, 715 }, // U+2039
    { 6, 8, 94, 0, 9, 12, 727 }, // U+203A
    { 15, 15, 254, 0, 14, 57, 739 }, // U+203B
    { 8, 15, 152, 1, 14, 30, 796 }, // U+203C
    { 8, 15, 135, 0, 14, 30, 826 }, // U+203D
    { 11, 2, 152, -1, 16, 6, 856 }, // U+203E
    { 12, 5, 185, 0, 0, 15, 862 }, // U+203F
    { 12, 5, 185, 0, 16, 15, 877 }, // U+2040
    { 7, 13, 114, 0, 8, 23, 892 }, // U+2041
    { 21, 18, 340, 0, 15, 95, 915 }, // U+2042
    { 6, 2, 98, 0, 6, 3, 1010 }, // U+2043
    { 11, 14, 40, -4, 14, 39, 1013 }, // U+2044
    { 5, 17, 98, 1, 14, 22, 1052 }, // U+2045
    { 5, 17, 98, 0, 14, 22, 1074 }, // U+2046
    { 16, 15, 260, 0, 14, 60, 1096 }, // U+2047
    { 12, 15, 206, 0, 14, 45, 1156 }, // U+2048
    { 12, 15, 207, 1, 14, 45, 1201 }, // U+2049
    { 10, 11, 174, 0, 11, 28, 1246 }, // U+204A
    { 11, 18, 199, 1, 15, 50, 1274 }, // U+204B
    { 10, 11, 194, 1, 11, 28, 1324 }, // U+204C
    { 11, 11, 194, 1, 11, 31, 1352 }, // U+204D
    { 10, 10, 168, 0, 5, 25, 1383 }, // U+204E
    { 4, 14, 72, 0, 11, 14, 1408 }, // U+204F
    { 12, 21, 184, 0, 16, 63, 1422 }, // U+2050
    { 10, 20, 168, 0, 15, 50, 1485 }, // U+2051
    { 7, 15, 113, 0, 14, 27, 1535 }, // U+2052
    { 17, 4, 304, 1, 8, 17, 1562 }, // U+2053
    { 12, 5, 184, 0, 0, 15, 1579 }, // U+2054
    { 11, 11, 174, 0, 10, 31, 1594 }, // U+2055
    { 8, 15, 157, 1, 14, 30, 1625 }, // U+2056
    { 15, 6, 226, 0, 14, 23, 1655 }, // U+2057
    { 15, 15, 250, 0, 14, 57, 1678 }, // U+2058
    { 14, 15, 252, 1, 14, 53, 1735 }, // U+2059
    { 3, 15, 67, 1, 14, 12, 1788 }, // U+205A
    { 11, 16, 199, 1, 15, 44, 1800 }, // U+205B
    { 15, 15, 242, 0, 14, 57, 1844 }, // U+205C
    { 3, 15, 81, 1, 14, 12, 1901 }, // U+205D
    { 3, 15, 81, 1, 14, 12, 1913 }, // U+205E
    { 0, 0, 67, 0, 0, 0, 1925 }, // U+205F
    { 0, 0, 182, 0, 0, 0, 1925 }, // U+2060
    { 0, 0, 182, 0, 0, 0, 1925 }, // U+2061
    { 0, 0, 182, 0, 0, 0, 1925 }, // U+2062
    { 0, 0, 182, 0, 0, 0, 1925 }, // U+2063
    { 0, 0, 182, 0, 0, 0, 1925 }, // U+2064
    { 0, 0, 0, 0, 0, 0, 1925 }, // U+2066
    { 0, 0, 0, 0, 0, 0, 1925 }, // U+2067
    { 0, 0, 0, 0, 0, 0, 1925 }, // U+2068
    { 0, 0, 0, 0, 0, 0, 1925 }, // U+2069
    { 6, 17, 0, -3, 14, 26, 1925 }, // U+206A
    { 6, 17, 0, -3, 14, 26, 1951 }, // U+206B
    { 6, 17, 0, -3, 14, 26, 1977 }, // U+206C
    { 6, 17, 0, -3, 14, 26, 2003 }, // U+206D
    { 6, 17, 0, -3, 14, 26, 2029 }, // U+206E
    { 6, 17, 0, -3, 14, 26, 2055 }, // U+206F
    { 7, 10, 106, 0, 17, 18, 0 }, // U+2070
    { 3, 9, 51, 0, 14, 7, 18 }, // U+2071
    { 7, 10, 106, 0, 17, 18, 25 }, // U+2074
    { 7, 10, 106, 0, 17, 18, 43 }, // U+2075
    { 7, 10, 106, 0, 17, 18, 61 }, // U+2076
    { 7, 10, 106, 0, 17, 18, 79 }, // U+2077
    { 7, 10, 106, 0, 17, 18, 97 }, // U+2078
    { 7, 10, 106, 0, 17, 18, 115 }, // U+2079
    { 6, 6, 103, 0, 14, 9, 133 }, // U+207A
    { 6, 2, 103, 0, 12, 3, 142 }, // U+207B
    { 6, 4, 103, 0, 13, 6, 145 }, // U+207C
    { 4, 11, 69, 1, 18, 11, 151 }, // U+207D
    { 4, 11, 69, 0, 18, 11, 162 }, // U+207E
    { 6, 7, 122, 1, 12, 11, 173 }, // U+207F
    { 7, 10, 106, 0, 7, 18, 184 }, // U+2080
    { 5, 10, 106, 0, 7, 13, 202 }, // U+2081
    { 6, 10, 106, 0, 7, 15, 215 }, // U+2082
    { 7, 10, 106, 0, 7, 18, 230 }, // U+2083
    { 7, 10, 106, 0, 7, 18, 248 }, // U+2084
    { 7, 10, 106, 0, 7, 18, 266 }, // U+2085
    { 7, 10, 106, 0, 7, 18, 284 }, // U+2086
    { 7, 10, 106, 0, 7, 18, 302 }, // U+2087
    { 7, 10, 106, 0, 7, 18, 320 }, // U+2088
    { 7, 10, 106, 0, 7, 18, 338 }, // U+2089
    { 6, 6, 103, 0, 4, 9, 356 }, // U+208A
    { 6, 2, 103, 0, 2, 3, 365 }, // U+208B
    { 6, 4, 103, 0, 3, 6, 368 }, // U+208C
    { 4, 11, 69, 1, 8, 11, 374 }, // U+208D
    { 4, 11, 69, 0, 8, 11, 385 }, // U+208E
    { 6, 7, 111, 0, 5, 11, 396 }, // U+2090
    { 7, 7, 112, 0, 5, 13, 407 }, // U+2091
    { 7, 7, 119, 0, 5, 13, 420 }, // U+2092
    { 7, 7, 105, 0, 5, 13, 433 }, // U+2093
    { 7, 7, 112, 0, 5, 13, 446 }, // U+2094
    { 6, 9, 122, 1, 7, 14, 459 }, // U+2095
    { 6, 9, 105, 1, 7, 14, 473 }, // U+2096
    { 2, 9, 51, 1, 7, 5, 487 }, // U+2097
    { 10, 7, 185, 1, 5, 18, 492 }, // U+2098
    { 6, 7, 122, 1, 5, 11, 510 }, // U+2099
    { 6, 10, 122, 1, 5, 15, 521 }, // U+209A
    { 6, 7, 95, 0, 5, 11, 536 }, // U+209B
    { 5, 8, 71, 0, 6, 10, 547 }, // U+209C
    { 11, 14, 174, 0, 14, 39, 0 }, // U+20A0
    { 11, 17, 174, 0, 15, 47, 39 }, // U+20A1
    { 10, 15, 174, 1, 14, 38, 86 }, // U+20A2
    { 10, 14, 174, 0, 14, 35, 124 }, // U+20A3
    { 11, 14, 174, 0, 14, 39, 159 }, // U+20A4
    { 16, 16, 284, 1, 13, 64, 198 }, // U+20A5
    { 11, 14, 174, 0, 14, 39, 262 }, // U+20A6
    { 14, 15, 236, 1, 14, 53, 301 }, // U+20A7
    { 15, 15, 253, 1, 14, 57, 354 }, // U+20A8
    { 13, 14, 204, 0, 14, 46, 411 }, // U+20A9
    { 13, 14, 243, 1, 14, 46, 457 }, // U+20AA
    { 11, 18, 188, 1, 15, 50, 503 }, // U+20AB
    { 11, 15, 174, 0, 14, 42, 553 }, // U+20AC
    { 11, 14, 174, 0, 14, 39, 595 }, // U+20AD
    { 11, 14, 174, 0, 14, 39, 634 }, // U+20AE
    { 18, 19, 295, 0, 14, 86, 673 }, // U+20AF
    { 10, 19, 174, 0, 14, 48, 759 }, // U+20B0
    { 11, 14, 174, 0, 14, 39, 807 }, // U+20B1
    { 12, 17, 221, 1, 15, 51, 846 }, // U+20B2
    { 12, 14, 185, 0, 14, 42, 897 }, // U+20B3
    { 11, 15, 167, 0, 14, 42, 939 }, // U+20B4
    { 11, 17, 192, 1, 15, 47, 981 }, // U+20B5
    { 12, 14, 189, 0, 13, 42, 1028 }, // U+20B6
    { 13, 16, 221, 0, 14, 52, 1070 }, // U+20B7
    { 11, 14, 166, 0, 14, 39, 1122 }, // U+20B8
    { 9, 14, 174, 1, 14, 32, 1161 }, // U+20B9
    { 11, 15, 174, 0, 14, 42, 1193 }, // U+20BA
    { 15, 15, 237, 0, 14, 57, 1235 }, // U+20BB
    { 14, 14, 246, 1, 14, 49, 1292 }, // U+20BC
    { 11, 14, 177, 0, 14, 39, 1341 }, // U+20BD
    { 13, 15, 234, 1, 15, 49, 1380 }, // U+20BE
    { 10, 18, 174, 1, 16, 45, 1429 }, // U+20BF
    { 9, 14, 150, 0, 11, 32, 1474 }, // U+20C0
    { 10, 2, 174, 0, 8, 5, 0 }, // U+2212
    { 14, 15, 209, 0, 15, 53, 0 }, // U+FB00
    { 10, 15, 183, 0, 15, 38, 53 }, // U+FB01
    { 10, 15, 183, 0, 15, 38, 91 }, // U+FB02
    { 17, 15, 288, 0, 15, 64, 129 }, // U+FB03
    { 17, 15, 288, 0, 15, 64, 193 }, // U+FB04
    { 12, 16, 205, 1, 15, 48, 257 }, // U+FB05
    { 16, 16, 255, 0, 15, 64, 305 }, // U+FB06
    { 19, 18, 304, 0, 15, 86, 0 }, // U+FFFD
};

static const EpdUnicodeInterval notosans_c19_regularIntervals[] = {
    { 0x0, 0x0, 0x0 },
    { 0xD, 0xD, 0x1 },
    { 0x20, 0x7E, 0x2 },
    { 0xA0, 0x17F, 0x61 },
    { 0x1A0, 0x1A1, 0x141 },
    { 0x1AF, 0x1B0, 0x143 },
    { 0x1C4, 0x21F, 0x145 },
    { 0x300, 0x36F, 0x1A1 },
    { 0x400, 0x4FF, 0x211 },
    { 0x1EA0, 0x1EF9, 0x311 },
    { 0x2000, 0x2064, 0x36B },
    { 0x2066, 0x2071, 0x3D0 },
    { 0x2074, 0x208E, 0x3DC },
    { 0x2090, 0x209C, 0x3F7 },
    { 0x20A0, 0x20C0, 0x404 },
    { 0x2212, 0x2212, 0x425 },
    { 0xFB00, 0xFB06, 0x426 },
    { 0xFFFD, 0xFFFD, 0x42D },
};

static const EpdFontGroup notosans_c19_regularGroups[] = {
    { 0, 1873, 3409, 97, 0 },
    { 1873, 1738, 4154, 96, 97 },
    { 3611, 2083, 6200, 128, 193 },
    { 5694, 2072, 5626, 96, 321 },
    { 7766, 696, 938, 112, 417 },
    { 8462, 5354, 12753, 256, 529 },
    { 13816, 1237, 5475, 90, 785 },
    { 15053, 1221, 2362, 111, 875 },
    { 16274, 328, 655, 42, 986 },
    { 16602, 1132, 1675, 33, 1028 },
    { 17734, 8, 6, 1, 1061 },
    { 17742, 168, 412, 7, 1062 },
    { 17910, 82, 90, 1, 1069 },
};

static const uint16_t notosans_c19_regularKernLeftCodepoints[] = {
    0x0022, 0x0026, 0x0027, 0x0028, 0x002C, 0x002D, 0x002E, 0x003A, 0x0041, 0x0042, 0x0043, 0x0044,
    0x0045, 0x0046, 0x004B, 0x004C, 0x004F, 0x0050, 0x0051, 0x0052, 0x0054, 0x0055, 0x0056, 0x0057,
    0x0058, 0x0059, 0x005A, 0x005B, 0x005F, 0x0061, 0x0062, 0x0063, 0x0065, 0x0066, 0x0068, 0x006D,
    0x006E, 0x006F, 0x0070, 0x0072, 0x0074, 0x0076, 0x0077, 0x0078, 0x0079, 0x007B, 0x00A1, 0x00AB,
    0x00BB, 0x00BF, 0x00C0, 0x00C1, 0x00C2, 0x00C3, 0x00C4, 0x00C5, 0x00C6, 0x00C7, 0x00C8, 0x00C9,
    0x00CA, 0x00CB, 0x00D0, 0x00D2, 0x00D3, 0x00D4, 0x00D5, 0x00D6, 0x00D8, 0x00D9, 0x00DA, 0x00DB,
    0x00DC, 0x00DD, 0x00DE, 0x00E0, 0x00E1, 0x00E2, 0x00E3, 0x00E4, 0x00E5, 0x00E6, 0x00E8, 0x00E9,
    0x00EA, 0x00EB, 0x00EE, 0x00EF, 0x00F0, 0x00F2, 0x00F3, 0x00F4, 0x00F5, 0x00F6, 0x00F8, 0x00FD,
    0x00FE, 0x00FF, 0x0100, 0x0101, 0x0102, 0x0103, 0x0104, 0x0105, 0x0106, 0x0108, 0x010A, 0x010C,
    0x010E, 0x010F, 0x0110, 0x0112, 0x0113, 0x0114, 0x0115, 0x0116, 0x0117, 0x0118, 0x0119, 0x011A,
    0x011B, 0x0125, 0x0129, 0x012B, 0x012E, 0x0136, 0x0138, 0x0139, 0x013B, 0x013D, 0x013E, 0x013F,
    0x0141, 0x0144, 0x0146, 0x0149, 0x014B, 0x014C, 0x014D, 0x014E, 0x014F, 0x0150, 0x0151, 0x0152,
    0x0153, 0x0155, 0x0157, 0x0159, 0x0162, 0x0163, 0x0164, 0x0165, 0x0166, 0x0167, 0x0168, 0x016A,
    0x016C, 0x016E, 0x0170, 0x0172, 0x0174, 0x0175, 0x0176, 0x0177, 0x0178, 0x0179, 0x017B, 0x017D,
    0x01A0, 0x01A1, 0x01AF, 0x01B0, 0x01FA, 0x01FB, 0x01FC, 0x01FD, 0x01FE, 0x020B, 0x021A, 0x021B,
    0x0400, 0x0401, 0x0402, 0x0403, 0x0404, 0x0405, 0x0409, 0x040A, 0x040B, 0x040C, 0x040E, 0x0410,
    0x0411, 0x0412, 0x0413, 0x0414, 0x0415, 0x0416, 0x0417, 0x041A, 0x041E, 0x0420, 0x0421, 0x0422,
    0x0423, 0x0424, 0x0425, 0x0426, 0x0429, 0x042A, 0x042C, 0x042D, 0x042E, 0x0430, 0x0431, 0x0432,
    0x0433, 0x0434, 0x0435, 0x0436, 0x0437, 0x0438, 0x0439, 0x043A, 0x043B, 0x043C, 0x043D, 0x043E,
    0x043F, 0x0440, 0x0441, 0x0442, 0x0443, 0x0444, 0x0445, 0x0446, 0x0447, 0x0448, 0x0449, 0x044A,
    0x044B, 0x044C, 0x044D, 0x044E, 0x044F, 0x0450, 0x0451, 0x0452, 0x0453, 0x0454, 0x0455, 0x0457,
    0x0458, 0x0459, 0x045A, 0x045B, 0x045C, 0x045D, 0x045E, 0x045F, 0x0460, 0x0461, 0x0462, 0x0463,
    0x0464, 0x0465, 0x0466, 0x0467, 0x0468, 0x0469, 0x046E, 0x0471, 0x0472, 0x0473, 0x0474, 0x0475,
    0x0476, 0x0477, 0x0478, 0x0479, 0x047A, 0x047B, 0x047C, 0x047D, 0x047E, 0x047F, 0x0480, 0x048A,
    0x048B, 0x048C, 0x048D, 0x048E, 0x048F, 0x0490, 0x0491, 0x0492, 0x0493, 0x0496, 0x0497, 0x0498,
    0x0499, 0x049A, 0x049B, 0x049C, 0x049D, 0x049E, 0x049F, 0x04A0, 0x04A1, 0x04A2, 0x04A3, 0x04A4,
    0x04A5, 0x04A9, 0x04AA, 0x04AB, 0x04AC, 0x04AD, 0x04AE, 0x04AF, 0x04B0, 0x04B1, 0x04B2, 0x04B3,
    0x04B4, 0x04B5, 0x04B6, 0x04B7, 0x04BC, 0x04BD, 0x04BE, 0x04BF, 0x04C1, 0x04C2, 0x04C5, 0x04C6,
    0x04C9, 0x04CA, 0x04CD, 0x04CE, 0x04D0, 0x04D1, 0x04D2, 0x04D3, 0x04D4, 0x04D5, 0x04D6, 0x04D7,
    0x04D8, 0x04D9, 0x04DA, 0x04DB, 0x04DC, 0x04DD, 0x04DE, 0x04DF, 0x04E3, 0x04E5, 0x04E6, 0x04E7,
    0x04E8, 0x04E9, 0x04EA, 0x04EB, 0x04EC, 0x04ED, 0x04EE, 0x04EF, 0x04F0, 0x04F1, 0x04F2, 0x04F3,
    0x04F5, 0x04F6, 0x04F7, 0x04F9, 0x04FA, 0x04FB, 0x04FC, 0x04FD, 0x04FE, 0x04FF, 0x1EA0, 0x1EA1,
    0x1EA2, 0x1EA3, 0x1EA4, 0x1EA5, 0x1EA6, 0x1EA7, 0x1EA8, 0x1EA9, 0x1EAA, 0x1EAB, 0x1EAC, 0x1EAD,
    0x1EAE, 0x1EAF, 0x1EB0, 0x1EB1, 0x1EB2, 0x1EB3, 0x1EB4, 0x1EB5, 0x1EB6, 0x1EB7, 0x1EB8, 0x1EB9,
    0x1EBA, 0x1EBB, 0x1EBC, 0x1EBD, 0x1EBE, 0x1EBF, 0x1EC0, 0x1EC1, 0x1EC2, 0x1EC3, 0x1EC4, 0x1EC5,
    0x1EC6, 0x1EC7, 0x1ECC, 0x1ECD, 0x1ECE, 0x1ECF, 0x1ED0, 0x1ED1, 0x1ED2, 0x1ED3, 0x1ED4, 0x1ED5,
    0x1ED6, 0x1ED7, 0x1ED8, 0x1ED9, 0x1EDA, 0x1EDB, 0x1EDC, 0x1EDD, 0x1EDE, 0x1EDF, 0x1EE0, 0x1EE1,
    0x1EE2, 0x1EE3, 0x1EE4, 0x1EE6, 0x1EE8, 0x1EE9, 0x1EEA, 0x1EEB, 0x1EEC, 0x1EED, 0x1EEE, 0x1EEF,
    0x1EF0, 0x1EF1, 0x1EF2, 0x1EF3, 0x1EF4, 0x1EF5, 0x1EF6, 0x1EF7, 0x1EF8, 0x1EF9, 0x2013, 0x2014,
    0x2015, 0x2018, 0x2019, 0x201A, 0x201C, 0x201D, 0x201E, 0x2039, 0x203A, 0xFB00,
};

static const uint8_t notosans_c19_regularKernLeftClassIds[] = {
      1,   2,   1,   3,   4,   5,   4,   6,   7,   8,   9,  10,  11,  12,   9,  13,
     10,  14,  10,  15,  16,  17,  18,  18,   9,  19,  20,   3,  21,  22,  23,  24,
     23,  25,  22,  22,  22,  23,  23,  26,  24,  27,  27,  28,  27,   3,  29,  30,
     31,  32,   7,   7,   7,   7,   7,   7,  11,   9,  11,  11,  11,  11,  10,  10,
     10,  10,  10,  10,  10,  17,  17,  17,  17,  19,  14,  22,  22,  22,  22,  22,
     22,  23,  23,  23,  23,  23,  33,  33,  23,  23,  23,  23,  23,  23,  23,  27,
     23,  27,   7,  22,   7,  22,  34,  22,   9,   9,   9,   9,  10,  35,  10,  11,
     23,  11,  23,  11,  23,  11,  23,  11,  23,  22,  36,  33,  37,   9,  28,  13,
     13,  13,  35,  13,  13,  22,  22,  22,  22,  10,  23,  10,  23,  10,  23,  11,
     23,  26,  26,  26,  16,  24,  16,  38,  16,  24,  17,  17,  17,  17,  17,  17,
     18,  27,  19,  27,  19,  20,  20,  20,  39,  40,  41,  42,   7,  22,  11,  23,
     10,  33,  16,  24,  43,  43,  44,  45,  46,  47,  48,  48,  44,  49,  50,  51,
     52,  53,  45,  54,  43,  49,  53,  49,  55,  56,  46,  45,  50,  57,  49,  54,
     54,  48,  48,  55,  55,  58,  59,  60,  61,  62,  63,  64,  60,  65,  65,  64,
     65,  65,  65,  63,  65,  63,  66,  61,  67,  63,  64,  62,  65,  65,  62,  68,
     65,  68,  63,  63,  65,  63,  63,  69,  61,  66,  70,  71,  72,  68,  68,  73,
     64,  65,  67,  65,  55,  74,  75,  68,  46,  66,  51,  76,  51,  76,  77,  63,
     55,  63,  50,  74,  50,  74,  67,  67,  55,  63,  55,  63,  55,  74,  46,  54,
     62,  75,  68,  56,  63,  78,  79,  80,  81,  82,  83,  77,  60,  82,  83,  49,
     64,  49,  64,  49,  64,  54,  62,  80,  79,  63,  46,  66,  78,  79,  84,  85,
     84,  85,  82,  83,  54,  62,  54,  62,  86,  87,  86,  87,  49,  64,  54,  62,
     54,  62,  54,  62,  51,  58,  51,  58,  43,  87,  43,  87,  55,  63,  55,  63,
     49,  64,  77,  60,  65,  65,  55,  63,  55,  63,  55,  63,  55,  63,  50,  67,
     50,  67,  50,  67,  65,  78,  79,  65,  80,  81,  82,  83,  49,  83,   7,  22,
      7,  22,   7,  22,   7,  22,   7,  22,   7,  22,   7,  22,   7,  22,   7,  22,
      7,  22,   7,  22,   7,  22,  11,  23,  11,  23,  11,  23,  11,  23,  11,  23,
     11,  23,  11,  23,  11,  23,  10,  23,  10,  23,  10,  23,  10,  23,  10,  23,
     10,  23,  10,  23,  39,  40,  39,  40,  39,  40,  39,  40,  39,  40,  17,  17,
     41,  42,  41,  42,  41,  42,  41,  42,  41,  42,  19,  27,  19,  27,  19,  27,
     19,  27,   5,   5,   5,   1,   1,   4,   1,   1,   4,  30,  31,  25,
};

static const uint16_t notosans_c19_regularKernRightCodepoints[] = {
    0x0021, 0x0022, 0x0026, 0x0027, 0x0029, 0x002C, 0x002D, 0x002E, 0x003A, 0x003B, 0x003F, 0x0041,
    0x0043, 0x0047, 0x0049, 0x004A, 0x004F, 0x0051, 0x0054, 0x0055, 0x0056, 0x0057, 0x0058, 0x0059,
    0x005A, 0x005D, 0x0061, 0x0062, 0x0063, 0x0064, 0x0065, 0x0066, 0x0067, 0x0068, 0x006A, 0x006B,
    0x006C, 0x006D, 0x006E, 0x006F, 0x0070, 0x0071, 0x0072, 0x0073, 0x0074, 0x0075, 0x0076, 0x0077,
    0x0078, 0x0079, 0x007A, 0x007D, 0x00AB, 0x00BB, 0x00C0, 0x00C1, 0x00C2, 0x00C3, 0x00C4, 0x00C5,
    0x00C6, 0x00C7, 0x00D2, 0x00D3, 0x00D4, 0x00D5, 0x00D6, 0x00D8, 0x00D9, 0x00DA, 0x00DB, 0x00DC,
    0x00DD, 0x00E0, 0x00E1, 0x00E2, 0x00E3, 0x00E4, 0x00E5, 0x00E6, 0x00E7, 0x00E8, 0x00E9, 0x00EA,
    0x00EB, 0x00F2, 0x00F3, 0x00F4, 0x00F5, 0x00F6, 0x00F8, 0x00F9, 0x00FA, 0x00FB, 0x00FC, 0x00FD,
    0x00FE, 0x00FF, 0x0100, 0x0101, 0x0102, 0x0103, 0x0104, 0x0105, 0x0106, 0x0107, 0x0108, 0x0109,
    0x010A, 0x010B, 0x010C, 0x010D, 0x010F, 0x0111, 0x0113, 0x0115, 0x0117, 0x0119, 0x011B, 0x011C,
    0x011D, 0x011E, 0x011F, 0x0120, 0x0121, 0x0122, 0x0123, 0x0125, 0x0127, 0x0129, 0x0137, 0x0138,
    0x013A, 0x013C, 0x013E, 0x0140, 0x0144, 0x0146, 0x014B, 0x014C, 0x014D, 0x014E, 0x014F, 0x0150,
    0x0151, 0x0152, 0x0153, 0x0155, 0x0157, 0x015B, 0x015F, 0x0162, 0x0163, 0x0164, 0x0165, 0x0166,
    0x0167, 0x0168, 0x0169, 0x016A, 0x016B, 0x016C, 0x016D, 0x016E, 0x016F, 0x0170, 0x0171, 0x0172,
    0x0173, 0x0174, 0x0175, 0x0176, 0x0177, 0x0178, 0x0179, 0x017A, 0x017B, 0x017C, 0x017D, 0x017E,
    0x01A0, 0x01A1, 0x01AF, 0x01B0, 0x01FA, 0x01FB, 0x01FC, 0x01FD, 0x01FE, 0x01FF, 0x0219, 0x021A,
    0x021B, 0x0402, 0x0404, 0x0405, 0x0408, 0x0409, 0x040B, 0x040E, 0x0410, 0x0414, 0x0416, 0x0417,
    0x041B, 0x041E, 0x0421, 0x0422, 0x0423, 0x0424, 0x0425, 0x0427, 0x042A, 0x042D, 0x042F, 0x0430,
    0x0431, 0x0432, 0x0433, 0x0434, 0x0435, 0x0436, 0x0437, 0x0438, 0x0439, 0x043A, 0x043B, 0x043C,
    0x043D, 0x043E, 0x043F, 0x0440, 0x0441, 0x0442, 0x0443, 0x0444, 0x0445, 0x0446, 0x0447, 0x0448,
    0x0449, 0x044A, 0x044B, 0x044C, 0x044D, 0x044E, 0x044F, 0x0450, 0x0451, 0x0452, 0x0453, 0x0454,
    0x0455, 0x0457, 0x0458, 0x0459, 0x045A, 0x045B, 0x045C, 0x045D, 0x045E, 0x045F, 0x0460, 0x0461,
    0x0462, 0x0465, 0x0466, 0x0467, 0x0469, 0x046D, 0x046E, 0x0470, 0x0472, 0x0473, 0x0474, 0x0475,
    0x0476, 0x0477, 0x0478, 0x0479, 0x047A, 0x047B, 0x047C, 0x047D, 0x047E, 0x047F, 0x0480, 0x0481,
    0x048B, 0x048C, 0x048D, 0x048F, 0x0491, 0x0492, 0x0495, 0x0496, 0x0497, 0x0498, 0x0499, 0x049B,
    0x049D, 0x049F, 0x04A0, 0x04A1, 0x04A3, 0x04A5, 0x04A7, 0x04A8, 0x04A9, 0x04AA, 0x04AB, 0x04AC,
    0x04AD, 0x04AE, 0x04AF, 0x04B0, 0x04B1, 0x04B2, 0x04B3, 0x04B4, 0x04B5, 0x04B6, 0x04B7, 0x04B8,
    0x04B9, 0x04BB, 0x04BC, 0x04BD, 0x04BE, 0x04BF, 0x04C1, 0x04C2, 0x04C4, 0x04C5, 0x04C6, 0x04C8,
    0x04CA, 0x04CB, 0x04CC, 0x04CE, 0x04D0, 0x04D1, 0x04D2, 0x04D3, 0x04D4, 0x04D5, 0x04D7, 0x04D8,
    0x04D9, 0x04DA, 0x04DB, 0x04DC, 0x04DD, 0x04DE, 0x04DF, 0x04E3, 0x04E5, 0x04E6, 0x04E7, 0x04E8,
    0x04E9, 0x04EA, 0x04EB, 0x04EC, 0x04ED, 0x04EE, 0x04EF, 0x04F0, 0x04F1, 0x04F2, 0x04F3, 0x04F4,
    0x04F5, 0x04F7, 0x04F9, 0x04FA, 0x04FC, 0x04FD, 0x04FE, 0x04FF, 0x1EA0, 0x1EA1, 0x1EA2, 0x1EA3,
    0x1EA4, 0x1EA5, 0x1EA6, 0x1EA7, 0x1EA8, 0x1EA9, 0x1EAA, 0x1EAB, 0x1EAC, 0x1EAD, 0x1EAE, 0x1EAF,
    0x1EB0, 0x1EB1, 0x1EB2, 0x1EB3, 0x1EB4, 0x1EB5, 0x1EB6, 0x1EB7, 0x1EB9, 0x1EBB, 0x1EBD, 0x1EBF,
    0x1EC1, 0x1EC3, 0x1EC5, 0x1EC7, 0x1ECC, 0x1ECD, 0x1ECE, 0x1ECF, 0x1ED0, 0x1ED1, 0x1ED2, 0x1ED3,
    0x1ED4, 0x1ED5, 0x1ED6, 0x1ED7, 0x1ED8, 0x1ED9, 0x1EDA, 0x1EDB, 0x1EDC, 0x1EDD, 0x1EDE, 0x1EDF,
    0x1EE0, 0x1EE1, 0x1EE2, 0x1EE3, 0x1EE4, 0x1EE5, 0x1EE6, 0x1EE7, 0x1EE8, 0x1EE9, 0x1EEA, 0x1EEB,
    0x1EEC, 0x1EED, 0x1EEE, 0x1EEF, 0x1EF0, 0x1EF1, 0x1EF2, 0x1EF4, 0x1EF5, 0x1EF6, 0x1EF7, 0x1EF8,
    0x1EF9, 0x2013, 0x2014, 0x2015, 0x2018, 0x2019, 0x201A, 0x201C, 0x201D, 0x201E, 0x2026, 0x2039,
    0x203A, 0xFB00, 0xFB01, 0xFB02, 0xFB03, 0xFB04,
};

static const uint8_t notosans_c19_regularKernRightClassIds[] = {
      1,   2,   3,   2,   4,   5,   6,   5,   7,   7,   8,   9,  10,  10,  11,  12,
     10,  10,  13,  14,  15,  15,  16,  17,  18,   4,  19,  20,  21,  21,  21,  22,
     23,  20,  24,  20,  20,  25,  25,  21,  25,  21,  25,  26,  22,  25,  27,  27,
     27,  27,  28,   4,  29,  30,   9,   9,   9,   9,   9,   9,  31,  10,  10,  10,
     10,  10,  10,  10,  14,  14,  14,  14,  17,  21,  19,  19,  19,  19,  19,  19,
     21,  21,  21,  21,  21,  21,  21,  21,  21,  21,  21,  25,  25,  25,  25,  27,
     20,  27,   9,  19,   9,  19,   9,  19,  10,  21,  10,  21,  10,  21,  10,  21,
     21,  21,  21,  21,  21,  21,  21,  10,  23,  10,  23,  10,  23,  10,  23,  20,
     32,  33,  20,  25,  20,  20,  20,  20,  25,  25,  25,  10,  21,  10,  21,  10,
     21,  10,  21,  25,  25,  26,  26,  13,  22,  13,  22,  13,  22,  14,  25,  14,
     25,  14,  25,  14,  25,  14,  25,  14,  25,  15,  27,  17,  27,  17,  18,  28,
     18,  28,  18,  28,  10,  21,  14,  25,   9,  19,  31,  19,  10,  21,  26,  13,
     22,  34,  35,  36,  37,  38,  34,  39,  40,  41,  42,  43,  38,  35,  35,  34,
     39,  44,  42,  45,  34,  43,  46,  47,  48,  49,  49,  50,  51,  52,  53,  49,
     49,  49,  54,  49,  49,  51,  49,  49,  51,  55,  56,  51,  52,  49,  57,  49,
     49,  55,  49,  49,  53,  49,  58,  51,  51,  59,  49,  51,  60,  61,  62,  54,
     49,  59,  49,  49,  56,  49,  63,  64,  65,  66,  40,  50,  66,  66,  43,  45,
     63,  47,  67,  64,  67,  64,  63,  47,  63,  47,  63,  47,  63,  64,  63,  47,
     66,  65,  59,  66,  66,  65,  66,  42,  52,  43,  53,  66,  66,  59,  68,  55,
     66,  66,  66,  63,  47,  63,  47,  34,  55,  69,  70,  69,  70,  42,  52,  68,
     55,  45,  57,  45,  57,  66,  71,  72,  71,  72,  42,  52,  66,  73,  50,  66,
     66,  45,  57,  66,  40,  74,  40,  74,  40,  74,  47,  75,  74,  75,  74,  42,
     52,  43,  53,  49,  49,  63,  47,  63,  47,  63,  47,  43,  53,  39,  56,  39,
     56,  39,  56,  45,  57,  66,  49,  65,  42,  52,  42,  52,   9,  19,   9,  19,
      9,  19,   9,  19,   9,  19,   9,  19,   9,  19,   9,  19,   9,  19,   9,  19,
      9,  19,   9,  19,  21,  21,  21,  21,  21,  21,  21,  21,  10,  21,  10,  21,
     10,  21,  10,  21,  10,  21,  10,  21,  10,  21,  10,  21,  10,  21,  10,  21,
     10,  21,  10,  21,  14,  25,  14,  25,  14,  25,  14,  25,  14,  25,  14,  25,
     14,  25,  17,  17,  27,  17,  27,  17,  27,   6,   6,   6,  76,   2,   5,  76,
      2,   5,   5,  29,  30,  22,  22,  22,  22,  22,
};

static const uint16_t notosans_c19_regularKernRowOffsets[] = {
        0,    29,    32,    37,    54,    61,    66,    72,    73,    75,    82,    83,    87,    93,   100,   101,
      117,   119,   130,   143,   145,   146,   147,   150,   151,   154,   159,   162,   163,   167,   173,   182,
      186,   187,   193,   200,   202,   203,   208,   214,   217,   227,   230,   231,   244,   269,   275,   277,
      288,   303,   332,   351,   353,   357,   369,   385,   402,   420,   426,   437,   445,   456,   468,   479,
      491,   493,   497,   509,   527,   533,   537,   541,   543,   548,   550,   557,   565,   568,   593,   600,
      616,   619,   624,   626,   638,   640,   643,   646,
};

static const uint8_t notosans_c19_regularKernSparseCols[] = {
      8,  12,  14,  16,  18,  20,  22,  24,  25,  30,  32,  33,  37,  38,  39,  40,
     41,  43,  46,  49,  52,  53,  54,  55,  58,  60,  67,  72,  73,  12,  14,  16,
     11,  23,  36,  43,  61,   9,  12,  13,  14,  16,  33,  36,  38,  43,  44,  54,
     56,  62,  66,  67,  68,  70,  12,  33,  38,  41,  51,  54,  67,  33,  41,  43,
     44,  56,   1,   9,  11,  12,  14,  16,   4,   9,  28,   4,   8,  12,  14,  15,
     16,  17,  11,   3,   4,   7,   8,   1,   9,  12,  13,  14,  16,   2,   4,   8,
     15,  17,  28,  30,  28,   2,   4,   5,   7,   8,   9,  12,  18,  20,  22,  24,
     25,  26,  27,  28,  29,   4,   8,   4,   7,   8,   9,  18,  20,  22,  24,  25,
     28,  29,   2,   4,   7,   8,   9,  18,  20,  22,  24,  25,  27,  28,  29,   9,
     28,  11,   1,   1,  26,  27,   1,   1,   3,   4,   1,   4,  18,  20,  22,   1,
      4,   7,  20,  11,  12,  14,  16,  12,  14,  16,  33,  39,  67,  12,  14,  15,
     16,  33,  38,  41,  44,  67,  11,  12,  14,  16,   3,   1,   9,  11,  12,  14,
     16,   0,   1,   3,   7,  19,  31,  75,   3,  32,  11,   0,   1,   3,   7,  75,
      8,  10,  12,  14,  15,  16,  19,  21,  26,   8,   9,  10,  12,  14,  15,  16,
     18,  20,  22,  19,  21,  26,  36,   1,  33,  38,  44,  54,  55,  56,  64,  66,
     67,  68,  69,  75,   1,   4,   5,   6,  29,  33,  34,  37,  39,  40,  43,  46,
     47,  48,  49,  50,  51,  52,  53,  54,  55,  56,  57,  59,  67,  28,  34,  43,
     56,  62,  70,   4,  43,   1,   4,  33,  38,  44,  51,  54,  55,  57,  67,  75,
      1,   5,   6,  28,  34,  43,  44,  46,  47,  50,  54,  55,  56,  62,  70,   1,
      4,   5,   6,  28,  29,  34,  35,  37,  39,  40,  43,  45,  46,  47,  48,  49,
     50,  51,  52,  53,  56,  57,  58,  59,  62,  70,  71,  72,   1,  29,  33,  34,
     36,  38,  43,  44,  50,  54,  55,  56,  64,  66,  67,  68,  70,  74,  75,  51,
     55,   3,  51,  56,  57,   4,  36,  37,  40,  43,  44,  49,  53,  54,  55,  56,
     61,   4,  33,  37,  38,  39,  40,  41,  42,  49,  51,  53,  57,  66,  67,  68,
     72,   4,   5,   6,  28,  29,  37,  38,  39,  40,  41,  43,  46,  49,  50,  53,
     57,  72,   1,   3,   4,   6,  33,  35,  37,  38,  39,  40,  41,  42,  45,  49,
     51,  53,  57,  67,   1,  33,  38,  51,  54,  55,  33,  38,  39,  41,  45,  49,
     51,  54,  55,  56,  57,   3,  33,  38,  41,  45,  51,  54,  55,   1,   4,   5,
     37,  39,  40,  41,  49,  50,  53,  75,   1,   4,  33,  36,  37,  40,  44,  49,
     53,  54,  56,  61,  33,  38,  39,  41,  45,  49,  51,  54,  55,  56,  57,   5,
     33,  34,  38,  43,  44,  46,  50,  56,  57,  71,  75,  33,  58,   1,  33,  50,
     57,   1,   4,  37,  39,  40,  41,  46,  49,  50,  53,  57,  75,   1,   6,  33,
     38,  39,  41,  43,  44,  45,  51,  54,  55,  56,  57,  63,  69,  71,  75,   1,
     33,  36,  54,  55,  61,  33,  38,  45,  57,   1,  33,  58,  60,  36,  61,   1,
     33,  36,  54,  55,   4,  49,   1,  33,  44,  54,  66,  67,  68,   1,  46,  54,
     55,  56,  63,  69,  71,   4,  66,  68,   4,   5,  28,  29,  33,  34,  37,  39,
     40,  43,  46,  49,  51,  52,  54,  55,  56,  62,  63,  65,  69,  70,  71,  72,
     73,   4,   5,  39,  46,  49,  50,  53,   4,   5,  33,  39,  46,  49,  51,  52,
     56,  58,  62,  65,  67,  70,  71,  72,   4,  46,  49,  54,  56,  62,  70,  71,
     46,  56,   4,  39,  46,  49,  56,  58,  62,  65,  71,  72,  73,  74,   4,  49,
     33,  66,  68,   1,  51,  55,
};

static const int8_t notosans_c19_regularKernSparseValues[] = {
     -21,    6,    6,    3,  -12,  -18,   -9,   -9,   -9,  -24,   21,    6,   -9,    6,  -21,  -18,
       6,   -3,  -12,  -21,    6,  -15,    9,    6,    9,    9,    6,  -18,   -6,  -18,   -6,   -9,
      27,   12,   30,   -9,   18,  -15,  -21,   -6,  -18,  -18,  -15,   18,   -6,  -12,  -24,  -12,
     -18,  -15,  -18,  -21,  -18,  -18,  -12,  -12,   -6,   -3,   -3,   -6,  -12,   -9,   -3,   -3,
      -3,   -3,  -21,   -6,   15,  -21,  -12,  -18,   -3,   -6,   -6,  -12,   -6,   -9,   -3,   -6,
      -3,   -3,   18,    6,  -18,    6,   -6,  -24,   -6,   -6,   -3,   -6,   -9,   -3,  -40,  -15,
      -6,   -3,   -6,   -9,   -3,   -6,  -18,  -12,    6,  -21,   -6,    6,  -24,  -21,  -21,  -15,
     -18,   -6,  -12,  -18,   -9,   -6,   -3,  -15,    6,  -12,   -3,   -6,   -6,   -3,   -3,   -3,
      -9,   -3,   -9,  -18,    6,  -18,   -6,  -15,  -15,  -15,   -9,  -12,   -6,  -24,   -9,   -3,
      -6,   29,   -3,   -3,   -6,   -3,    6,   18,   12,   -6,   12,  -49,   -6,   -6,   -3,   12,
     -12,    6,   -6,   15,   -6,   -3,   -9,   -9,   -3,   -9,   -9,   -3,   -3,  -18,   -9,   -6,
     -24,  -18,   -6,   -6,   -6,  -12,   30,  -12,   -9,  -12,   15,  -21,   -6,   33,  -21,  -12,
     -18,   15,   15,   27,   27,    9,   21,   21,   15,   40,   15,   21,   33,   36,   33,   21,
      -6,    6,   18,   21,   15,   18,    6,   12,   15,   -9,   -3,    6,   21,   21,   15,   18,
      -9,   -6,   -6,    6,   15,   15,   15,  -21,  -15,   -6,   -9,   -6,   -6,   -6,   -6,  -12,
     -18,  -15,   -6,   -9,    6,  -15,  -12,   -9,   -9,    6,   -6,   -8,  -21,   -8,  -11,  -12,
      -6,   -9,  -12,  -12,   -3,   -3,   -9,   -3,   -6,   -9,  -12,   -6,    3,   -6,   -6,   -9,
      -6,   -6,   -6,   -6,   -3,  -27,   -3,  -18,   -6,   -9,   -6,   -6,   -6,   -6,   -9,  -18,
       6,   -3,   -3,   -6,   -6,  -12,   -3,   -3,   -6,   -6,   -3,   -3,   -6,   -6,  -15,    6,
     -21,   -6,   -3,  -15,   -6,  -12,   -6,  -27,  -36,  -30,   -9,   -9,  -15,  -12,   -3,  -30,
     -18,   -9,   -6,  -15,   -6,  -15,   15,   -9,   -3,   -6,   -9,  -15,  -21,   -3,  -21,   -6,
      15,   -9,  -11,  -18,   -3,   -9,   -6,   -9,   -6,  -12,  -15,  -18,  -15,   -3,  -12,   -3,
      -3,   -8,   -3,   -5,   -3,    9,   27,    9,   12,   -3,   -8,    9,    9,   -3,    9,   -6,
      21,  -12,   -6,   -3,  -12,   -6,   -3,   -6,   -3,   -3,   -5,   -3,   -3,   -3,   -3,   -3,
      -6,  -40,   -3,   -3,   -6,   -3,  -18,   -6,  -15,  -18,   -6,   -3,   -8,  -15,   -3,  -12,
      -3,  -18,   -3,   -9,  -12,   -3,  -11,   -3,   -8,   -9,  -11,   -9,  -12,   -9,   -3,   -8,
      -5,   -5,   -3,   -6,   -3,  -12,  -12,   -6,   -3,   -3,  -18,  -12,   -3,   -9,   -6,   -3,
      -6,   -3,   -9,   -3,   -3,   -3,   -9,   -3,   -3,   -3,   -6,   -3,   -3,    9,  -12,   -6,
      -6,   -9,   -9,   -3,  -12,   -3,   -9,   12,   -3,    6,   -9,   30,    6,    9,   -5,    6,
       8,   -5,   -9,   18,  -12,  -12,   -3,   -6,   -6,   -3,   -6,   -3,   -9,   -3,   -3,   -3,
      -3,   -5,   -3,   -5,   -3,   -6,   -6,   -6,   -3,   -6,    9,   -9,   -2,    6,   -6,   -3,
      -3,    6,  -12,   -6,   -6,   -9,   -3,   -3,  -15,   -9,  -15,   -9,   12,  -24,   -3,  -18,
      -6,   -3,   -3,   -3,  -21,   -6,   -6,  -18,  -14,  -12,   -6,   -6,   -9,   -6,   -9,   -3,
     -12,   24,   -9,  -15,    6,   -6,   -9,   -3,   -6,    9,    6,    9,    3,    9,    6,   -3,
     -12,   12,   -9,  -15,  -12,   -6,  -12,  -12,  -12,   -6,   -9,   -6,   -9,  -21,   -6,  -15,
      -9,   -9,   -6,   -6,   -6,  -12,   -3,   -3,  -18,  -12,  -18,   -9,    6,   -6,  -12,  -21,
     -15,  -11,  -21,  -18,   -6,   -6,  -12,  -12,  -15,   -6,   -6,  -15,  -12,  -15,  -21,  -15,
     -24,  -15,   -6,   -9,   -3,  -12,   -3,   -9,  -15,   -6,    6,  -18,  -12,  -15,   -6,   -6,
     -15,    6,   -6,   -9,    6,   -6,   -9,  -12,   -9,   -6,   -9,   -6,  -15,   -6,  -15,   -6,
      -3,   -3,  -18,  -18,  -15,  -15,  -12,    6,   -6,   -9,  -12,  -12,  -12,   -3,  -12,   -3,
      -6,   -3,   -3,   -3,   -6,   -3,
};

static const EpdLigaturePair notosans_c19_regularLigaturePairs[] = {
    { 0x00660066, 0xFB00 }, // f f -> U+FB00
    { 0x00660069, 0xFB01 }, // f i -> U+FB01
    { 0x0066006C, 0xFB02 }, // f l -> U+FB02
    { 0xFB000069, 0xFB03 }, // U+FB00 i -> U+FB03
    { 0xFB00006C, 0xFB04 }, // U+FB00 l -> U+FB04
};

static const EpdFontData notosans_c19_regular = {
    notosans_c19_regularBitmaps,
    notosans_c19_regularGlyphs,
    notosans_c19_regularIntervals,
    18,
    26,
    21,
    -6,
    true,
    notosans_c19_regularGroups,
    13,
    nullptr,
    nullptr,  // kernLeftClasses: built-in fonts use the split arrays below
    nullptr,  // kernRightClasses
    notosans_c19_regularKernLeftCodepoints,
    notosans_c19_regularKernLeftClassIds,
    notosans_c19_regularKernRightCodepoints,
    notosans_c19_regularKernRightClassIds,
    nullptr,  // kernMatrix: built-in fonts use the sparse form below
    notosans_c19_regularKernRowOffsets,
    notosans_c19_regularKernSparseCols,
    notosans_c19_regularKernSparseValues,
    478,
    474,
    87,
    76,
    notosans_c19_regularLigaturePairs,
    5,
};
