/**
 * generated by fontconvert.py
 * name: notoserif_c19_bold
 * size: 0
 * mode: 2-bit  compressed: true
 * Command used: fontconvert.py notoserif_c19_bold 0 ../builtinFonts/source/NotoSerif/NotoSerif-Bold.ttf --2bit --compress --pnum --ppem 19
 */
#pragma once
#include "EpdFontData.h"

static const uint8_t notoserif_c19_boldBitmaps[20766] = {
    0x9D, 0x57, 0x3D, 0x6C, 0x1C, 0xC7, 0x15, 0x7E, 0xBB, 0x63, 0x71, 0x83, 0x5B, 0x1D, 0x87, 0x85,
    0x88, 0xD8, 0x32, 0xAD, 0x75, 0xA1, 0x82, 0x21, 0x48, 0x2D, 0x11, 0x11, 0xC8, 0x15, 0xC7, 0xDB,
    0x81, 0x5D, 0xA8, 0x70, 0x90, 0x5C, 0x00, 0xD1, 0x29, 0x52, 0xA8, 0x49, 0xE1, 0x5C, 0x43, 0x16,
    0x04, 0xC2, 0x20, 0x24, 0x77, 0x82, 0x14, 0x2A, 0x52, 0x84, 0x40, 0xCA, 0x14, 0x61, 0x21, 0x20,
    0xF4, 0x19, 0x08, 0x0F, 0x88, 0x0A, 0x23, 0xD0, 0xF1, 0x46, 0x52, 0x91, 0x22, 0x85, 0x56, 0x52,
    0x6C, 0x15, 0x32, 0xE0, 0xB1, 0x64, 0x27, 0x80, 0x54, 0x70, 0x63, 0xAD, 0xE5, 0x93, 0xB4, 0x77,
    0x9B, 0x6F, 0x66, 0x4F, 0xBF, 0x96, 0x14, 0x23, 0x37, 0xF3, 0xE6, 0x76, 0xE7, 0xF7, 0xCD, 0x7B,
    0xDF, 0xFB, 0xD9, 0x19, 0x8A, 0x50, 0x42, 0x94, 0x23, 0xB6, 0x54, 0xE9, 0x3B, 0x44, 0xF8, 0x37,
    0x7D, 0x44, 0xEF, 0xBD, 0x77, 0x6E, 0x7D, 0xBD, 0x5E, 0xAB, 0xD7, 0x6A, 0x47, 0x8F, 0x52, 0x53,
    0xD2, 0x15, 0x45, 0x17, 0xA4, 0x73, 0x51, 0x84, 0x45, 0xFA, 0xDD, 0xEB, 0x4D, 0x76, 0x82, 0x58,
    0x85, 0xBC, 0x71, 0x8A, 0x0B, 0x3D, 0xFE, 0x06, 0x55, 0xA7, 0xA8, 0x3A, 0x4D, 0x07, 0x6B, 0x44,
    0x13, 0x44, 0xF3, 0xE4, 0x16, 0x82, 0xFF, 0x52, 0x1D, 0x39, 0xAE, 0xC2, 0x79, 0x0A, 0x52, 0xF2,
    0x07, 0xE4, 0x14, 0x8A, 0x22, 0x3D, 0x7B, 0x5C, 0xD7, 0xBF, 0xAF, 0x8F, 0x1D, 0x57, 0x7E, 0x41,
    0xB4, 0x62, 0x66, 0x62, 0xFE, 0xD8, 0x96, 0x2B, 0xE8, 0xD8, 0x9A, 0x47, 0x54, 0xAF, 0x8F, 0x13,
    0xAD, 0xCF, 0x4D, 0x99, 0xA6, 0x66, 0x9A, 0x15, 0xD3, 0x77, 0x73, 0x40, 0xC7, 0x7E, 0x75, 0x89,
    0xD3, 0xD8, 0x1F, 0x7E, 0xEF, 0x0B, 0xF2, 0xB8, 0x2F, 0x69, 0xDC, 0x34, 0x55, 0x8E, 0xD7, 0x59,
    0xFF, 0xC7, 0x44, 0x0B, 0x6C, 0x40, 0xE5, 0xAF, 0x25, 0x88, 0xDD, 0xD5, 0xC4, 0x92, 0x94, 0x3C,
    0x10, 0xFB, 0x8F, 0x06, 0x2F, 0x92, 0x9C, 0xA1, 0x9F, 0xF1, 0xDE, 0x3B, 0x22, 0xE2, 0xD7, 0xA9,
    0xC1, 0x86, 0xD4, 0xA0, 0x01, 0x6E, 0x19, 0x8B, 0xF0, 0x37, 0x45, 0xE2, 0x15, 0x27, 0x72, 0xB3,
    0x14, 0xD7, 0xC5, 0x55, 0x69, 0xC2, 0x49, 0x3D, 0x15, 0x60, 0x74, 0x83, 0xBA, 0x94, 0x8F, 0x4A,
    0x97, 0x36, 0xD1, 0x13, 0x90, 0xA7, 0x9C, 0x94, 0x26, 0x26, 0x68, 0x0D, 0xCF, 0xBE, 0x62, 0x9A,
    0xA5, 0x6E, 0x86, 0xD2, 0x47, 0xC1, 0x3F, 0x4B, 0x99, 0xF6, 0xB1, 0x76, 0xCD, 0x6C, 0xD7, 0x24,
    0xD2, 0x54, 0xBB, 0x06, 0x71, 0x49, 0xAF, 0x4F, 0x8D, 0x7D, 0x79, 0xF4, 0x8A, 0x40, 0x0F, 0x7E,
    0x8E, 0x1A, 0xD5, 0x77, 0x3F, 0x12, 0xBD, 0x42, 0x3C, 0x7A, 0x25, 0x61, 0x65, 0x8F, 0x9D, 0xE9,
    0x0D, 0x3A, 0x8A, 0x89, 0xBD, 0x24, 0x4E, 0xD6, 0xBA, 0xE7, 0xCC, 0x80, 0x72, 0x94, 0xAB, 0x98,
    0x64, 0xC2, 0xC3, 0xE8, 0x38, 0x34, 0x35, 0x45, 0xB3, 0x54, 0xA3, 0x05, 0x08, 0xB1, 0x83, 0x5D,
    0x05, 0x39, 0xEF, 0x93, 0xBF, 0x2F, 0xF9, 0xDB, 0x49, 0xC8, 0xD2, 0x08, 0xD5, 0x2D, 0x6B, 0x66,
    0x5A, 0x96, 0xA2, 0x33, 0x60, 0x9A, 0xFF, 0x4E, 0xB9, 0x85, 0x15, 0xD3, 0xCF, 0x89, 0xE5, 0x14,
    0xE6, 0xB4, 0x86, 0x9B, 0xBF, 0xA0, 0x3A, 0x98, 0x50, 0x24, 0x63, 0x3B, 0x14, 0x2E, 0x8B, 0x45,
    0xAE, 0xEA, 0xBE, 0x7A, 0x95, 0x2B, 0xE2, 0xD2, 0x60, 0xA3, 0x4E, 0x94, 0x11, 0xC3, 0x1B, 0x6D,
    0xD7, 0x1D, 0x0D, 0x04, 0xA0, 0xDA, 0x99, 0xB2, 0x9C, 0xF9, 0x8A, 0x99, 0x29, 0xDC, 0x73, 0xE4,
    0xF6, 0x04, 0xF1, 0x84, 0x3C, 0xFD, 0x26, 0xD3, 0xAB, 0x9E, 0xDE, 0x08, 0x54, 0x38, 0xB4, 0x0C,
    0x1C, 0x26, 0x8A, 0x04, 0x61, 0xF4, 0x53, 0xC1, 0x4E, 0x09, 0x2F, 0x10, 0xD5, 0x40, 0xCC, 0x06,
    0x62, 0x3E, 0x80, 0x44, 0xD2, 0xA5, 0xE5, 0x2D, 0x0A, 0x04, 0x85, 0xD2, 0x2D, 0xD2, 0x4A, 0x5B,
    0x04, 0x85, 0x3A, 0xF2, 0x81, 0x9A, 0x76, 0xD4, 0x34, 0x11, 0x6A, 0x84, 0x1D, 0x02, 0x45, 0x3E,
    0xB6, 0x4D, 0x26, 0xBC, 0x64, 0xD5, 0x57, 0x1B, 0xA1, 0x0C, 0x06, 0x23, 0xF5, 0xB3, 0x6B, 0x09,
    0x7F, 0x4B, 0x07, 0x8E, 0x8C, 0x88, 0x1A, 0x87, 0x28, 0x2A, 0x64, 0xE4, 0xE9, 0x06, 0x4B, 0x1B,
    0x56, 0x20, 0x46, 0x08, 0xA7, 0x21, 0x04, 0x81, 0xB9, 0x33, 0xED, 0xAD, 0xA8, 0xD0, 0x8D, 0x0F,
    0x92, 0x79, 0xA6, 0x26, 0x00, 0x27, 0x8E, 0x6D, 0x89, 0x16, 0xED, 0xED, 0x3E, 0x24, 0x4A, 0xC9,
    0x05, 0x7E, 0x70, 0x88, 0x32, 0xB2, 0xE5, 0xD7, 0x55, 0xC8, 0x74, 0xE8, 0x42, 0x92, 0x9A, 0x5F,
    0x53, 0xDE, 0x90, 0x58, 0x21, 0x03, 0x6E, 0x76, 0x5E, 0x74, 0xB2, 0x86, 0xED, 0xF7, 0xED, 0xB6,
    0xCE, 0x0E, 0xF1, 0x7D, 0x11, 0x7A, 0xAA, 0xC1, 0x92, 0x06, 0x33, 0x13, 0x20, 0xFF, 0x60, 0x3F,
    0x1D, 0xBB, 0x89, 0xED, 0x0C, 0x32, 0x5F, 0xF5, 0xD4, 0x5C, 0x20, 0xB8, 0xC5, 0xDC, 0x44, 0xB7,
    0x3B, 0x6D, 0xFE, 0xD7, 0xBB, 0xEB, 0x8F, 0x9E, 0xD7, 0xBA, 0x1B, 0x53, 0x6B, 0x89, 0x51, 0x3A,
    0x98, 0xEA, 0xE2, 0x92, 0xC0, 0x9E, 0x61, 0x28, 0x00, 0x8C, 0x33, 0x32, 0x82, 0x71, 0x25, 0xA6,
    0x2D, 0x2D, 0x51, 0x51, 0xC8, 0x12, 0xF5, 0x4B, 0x4B, 0x10, 0x9B, 0x14, 0x46, 0x2B, 0x76, 0x1C,
    0x7F, 0xD0, 0x12, 0x17, 0x58, 0x06, 0x31, 0x6D, 0x10, 0x6D, 0xD9, 0x69, 0x50, 0x51, 0xB4, 0x2C,
    0x1A, 0x5C, 0xBD, 0x86, 0x5E, 0x54, 0x68, 0x09, 0x52, 0xEA, 0x1B, 0xA0, 0x96, 0x33, 0x1C, 0xF0,
    0x67, 0xEF, 0x6D, 0x5F, 0xCE, 0x10, 0x6D, 0xFE, 0x4C, 0xB9, 0x09, 0x9D, 0x85, 0x68, 0x66, 0xE7,
    0xFC, 0x07, 0xD5, 0xDA, 0x5C, 0x30, 0xBE, 0xBA, 0x7E, 0xA4, 0xD2, 0xC9, 0xE6, 0xC6, 0xD3, 0x74,
    0xB1, 0x9A, 0xA6, 0xF5, 0x83, 0x69, 0xB6, 0x3E, 0xDD, 0xD9, 0xBB, 0xD4, 0x59, 0x7D, 0xCD, 0x11,
    0x90, 0x9C, 0x11, 0xA3, 0x74, 0xEF, 0x2D, 0x0B, 0x3A, 0x8C, 0xF5, 0x15, 0x61, 0x75, 0x45, 0x11,
    0xEE, 0xF3, 0x03, 0x9C, 0xF2, 0x57, 0x6C, 0x7D, 0x23, 0x03, 0xD8, 0xFB, 0xE4, 0xAA, 0x9C, 0xD8,
    0xAD, 0x01, 0x79, 0xED, 0x1E, 0xD6, 0x44, 0x00, 0x75, 0x28, 0xE6, 0x28, 0x54, 0x85, 0x2A, 0xB2,
    0xD6, 0xFB, 0x82, 0x82, 0xDB, 0x19, 0x78, 0xCC, 0x41, 0xDD, 0x11, 0xE1, 0xF9, 0x81, 0x26, 0xFF,
    0x5F, 0x7D, 0x3C, 0x6F, 0x82, 0xA2, 0x11, 0xC5, 0xC4, 0x2F, 0x0F, 0x8C, 0x1F, 0x82, 0xFE, 0xB7,
    0x30, 0x1C, 0x8A, 0xBC, 0x41, 0x67, 0xBB, 0x04, 0x1B, 0x7F, 0x5C, 0xF1, 0xBA, 0x69, 0x30, 0x77,
    0x90, 0x7F, 0xF1, 0xA1, 0x6B, 0xA6, 0x52, 0xAB, 0x0D, 0x88, 0xDD, 0xCA, 0x47, 0x9B, 0x04, 0xCA,
    0x4F, 0xB8, 0xA1, 0xC4, 0x4F, 0x7C, 0x5D, 0x92, 0x79, 0x36, 0x7D, 0x66, 0x2C, 0x12, 0x0F, 0x0F,
    0x69, 0xB5, 0x77, 0x82, 0x5B, 0xE7, 0xFC, 0x64, 0xCA, 0x4F, 0x0E, 0x96, 0x72, 0xF4, 0xEF, 0x6F,
    0xFB, 0x5F, 0x34, 0x47, 0xCF, 0xC9, 0x01, 0x2C, 0xE6, 0xC9, 0x91, 0xB8, 0x18, 0x3E, 0x67, 0x26,
    0x6A, 0x91, 0x3E, 0x7E, 0x86, 0x0E, 0x34, 0xC5, 0x60, 0xAF, 0xB5, 0x4D, 0xDE, 0xBD, 0x01, 0x74,
    0x6C, 0x3C, 0xF2, 0x1C, 0xED, 0x91, 0x65, 0xBA, 0x24, 0x67, 0x49, 0x0C, 0xE0, 0xC4, 0xBA, 0x14,
    0xE3, 0x0A, 0xF0, 0x43, 0x62, 0x13, 0x36, 0xB5, 0x09, 0x8F, 0xDA, 0x2F, 0x31, 0x7F, 0x66, 0x66,
    0x27, 0xCC, 0xC2, 0x6C, 0xC4, 0xFB, 0xE3, 0x72, 0x7F, 0x37, 0xF1, 0x6F, 0xED, 0x3E, 0xDD, 0x67,
    0x6E, 0xA4, 0x79, 0x12, 0xE7, 0x71, 0xDE, 0xDA, 0x31, 0x6B, 0xFC, 0xE7, 0x8C, 0xC7, 0x79, 0xA5,
    0x4D, 0xDE, 0xC0, 0xE0, 0xE8, 0xDB, 0x54, 0x40, 0xC6, 0x4B, 0xA1, 0x39, 0xE3, 0xB3, 0x5A, 0x3B,
    0x2D, 0x19, 0x64, 0xB1, 0xF4, 0x93, 0x45, 0xDC, 0x6E, 0x95, 0xFC, 0xCB, 0xB8, 0xE5, 0x35, 0x49,
    0xFE, 0xA7, 0x20, 0x84, 0x00, 0xFF, 0x1A, 0xA2, 0xC1, 0x55, 0x68, 0xF6, 0xB2, 0x11, 0xFC, 0x1E,
    0x2E, 0x12, 0xC9, 0x38, 0x7F, 0x3D, 0x6D, 0xC1, 0x7B, 0x64, 0xF4, 0xA4, 0x60, 0x9E, 0xAE, 0xDE,
    0x63, 0xA1, 0x6E, 0x53, 0x7B, 0x0B, 0x73, 0x0B, 0xE9, 0xF7, 0xE1, 0xCD, 0x2A, 0x39, 0xEB, 0x51,
    0xA5, 0xCB, 0x62, 0xAA, 0x34, 0xBC, 0x88, 0x2A, 0x51, 0x15, 0x4D, 0xF8, 0x43, 0x34, 0xFC, 0x13,
    0xD3, 0xF4, 0xD1, 0x78, 0x29, 0x1A, 0xD8, 0x21, 0x71, 0xA6, 0x63, 0x8A, 0x2F, 0x5F, 0x28, 0x74,
    0x4B, 0x56, 0xCE, 0x84, 0xDA, 0xFB, 0xDC, 0x4F, 0x5D, 0xE5, 0xE7, 0xAE, 0xAA, 0xEC, 0x81, 0xA2,
    0xB7, 0x54, 0x85, 0x5F, 0x50, 0x15, 0xEF, 0x86, 0xAA, 0xB8, 0x77, 0x55, 0x85, 0x86, 0xA0, 0x18,
    0x14, 0x2A, 0x0E, 0x63, 0x89, 0x13, 0xB8, 0xBC, 0xBF, 0x48, 0x8B, 0xC0, 0x50, 0x6C, 0xDA, 0xE0,
    0xD9, 0x85, 0x97, 0x82, 0xDA, 0x94, 0xA1, 0x7C, 0xF4, 0xDF, 0x85, 0x1A, 0x37, 0x31, 0xC3, 0x8C,
    0x73, 0xF4, 0x96, 0x70, 0xB3, 0x80, 0x0B, 0x6F, 0x43, 0xE4, 0x03, 0xC0, 0x17, 0xA8, 0xB5, 0xED,
    0xC0, 0xFF, 0xB8, 0xEF, 0x0F, 0xE5, 0xB3, 0x70, 0xF8, 0x7F, 0x4F, 0x81, 0x4F, 0xC5, 0x54, 0x32,
    0x96, 0x4D, 0x9E, 0x81, 0xC7, 0xC9, 0x12, 0xE6, 0xB7, 0x4B, 0x69, 0x3F, 0x69, 0x33, 0xD6, 0x9E,
    0xB0, 0xC6, 0x6A, 0xE4, 0xCA, 0x43, 0x5B, 0x83, 0x46, 0x74, 0x24, 0xE2, 0xDC, 0xD7, 0x4E, 0x9B,
    0xF8, 0x9F, 0x92, 0x63, 0xF0, 0x60, 0x2E, 0x56, 0x50, 0xA8, 0x89, 0x0F, 0x71, 0x88, 0xA2, 0x10,
    0x7E, 0x2C, 0xAD, 0x3B, 0xD9, 0xBA, 0x93, 0xC2, 0xC5, 0x05, 0xD6, 0xE9, 0xB5, 0xDA, 0x6D, 0xFA,
    0x5B, 0x6F, 0x97, 0xF4, 0xA6, 0x07, 0x62, 0xD6, 0xD6, 0x5E, 0x4A, 0x3D, 0x82, 0x03, 0xD5, 0x06,
    0xBB, 0xDB, 0xCB, 0x9F, 0x07, 0x5B, 0x5C, 0x79, 0xF4, 0xBF, 0x08, 0x08, 0x20, 0x96, 0xCD, 0x61,
    0x6D, 0x66, 0xC5, 0xD9, 0xDE, 0x6E, 0xC9, 0x38, 0x09, 0x44, 0xA0, 0xC6, 0x31, 0x3E, 0x85, 0xF1,
    0x59, 0x04, 0x9A, 0x1A, 0x98, 0x5B, 0x01, 0x2A, 0x3B, 0xE4, 0xF4, 0xE1, 0x74, 0x06, 0x10, 0x44,
    0x4F, 0x95, 0x82, 0xC1, 0x2D, 0xE8, 0x98, 0x59, 0xF7, 0x0A, 0xEE, 0x16, 0x6B, 0xEE, 0xEC, 0x41,
    0x8C, 0x21, 0xA2, 0x28, 0x57, 0x91, 0x5C, 0x30, 0x50, 0x54, 0x2B, 0xD8, 0xE1, 0xD7, 0x49, 0x07,
    0x7B, 0xFC, 0x59, 0x1B, 0x5F, 0x78, 0x35, 0x55, 0xE4, 0x7E, 0x75, 0xE1, 0x2B, 0xC4, 0x80, 0xFB,
    0xE7, 0xEF, 0x43, 0xB0, 0x85, 0x34, 0xF7, 0xED, 0x19, 0xFE, 0x61, 0x8E, 0x66, 0xC7, 0x06, 0x0A,
    0xCD, 0x9C, 0x99, 0x91, 0xB0, 0x41, 0xE9, 0xA7, 0x55, 0xF0, 0x88, 0xD4, 0x25, 0xEF, 0x98, 0xF0,
    0x8D, 0x33, 0xB1, 0x06, 0x96, 0x81, 0xE3, 0x88, 0x6E, 0xC2, 0x54, 0xCE, 0x43, 0xC8, 0xB0, 0xEE,
    0x10, 0xB9, 0x47, 0x01, 0x18, 0xDA, 0x3B, 0xE8, 0x65, 0x69, 0xEF, 0x90, 0x4C, 0xC1, 0x8E, 0xC0,
    0x7F, 0xB6, 0x82, 0xE0, 0x8B, 0xF9, 0x7B, 0x4F, 0xF0, 0xFD, 0x88, 0x90, 0xDF, 0x14, 0x29, 0x1D,
    0x6E, 0xEF, 0x34, 0xDA, 0x83, 0xBA, 0xDB, 0xAF, 0x79, 0xE9, 0x04, 0x02, 0x6C, 0x68, 0x3D, 0xF9,
    0x9E, 0x09, 0xDA, 0x0C, 0xAA, 0xD4, 0x3E, 0x57, 0x3C, 0x92, 0x41, 0x54, 0x14, 0x93, 0xCD, 0x68,
    0x3B, 0xA2, 0x97, 0x14, 0x3D, 0xD9, 0x34, 0x79, 0x49, 0x07, 0x99, 0xC4, 0x02, 0x64, 0x31, 0x8B,
    0xCC, 0xA2, 0x0A, 0x67, 0xEC, 0x93, 0x47, 0x4C, 0x30, 0xE9, 0x22, 0xF3, 0xA0, 0x84, 0xC4, 0x64,
    0x33, 0x4C, 0xD9, 0x4B, 0x4A, 0x98, 0x4E, 0x36, 0x4D, 0xEE, 0xD7, 0x31, 0x01, 0xC5, 0xFD, 0x84,
    0xD8, 0x8F, 0xC8, 0xF3, 0xA8, 0xCA, 0xE4, 0x94, 0xA3, 0x6A, 0xD8, 0x80, 0x68, 0x72, 0xA9, 0x39,
    0xD3, 0xDE, 0xFE, 0x1E, 0x02, 0x14, 0x42, 0x6A, 0x13, 0xC8, 0xE4, 0x88, 0xA0, 0xEF, 0x24, 0xBE,
    0xA7, 0x21, 0x74, 0x20, 0x31, 0x3C, 0xA1, 0x11, 0xAA, 0x23, 0x5F, 0x47, 0xA7, 0x34, 0xBF, 0x63,
    0xC2, 0xE3, 0x92, 0x80, 0xF5, 0x19, 0x2C, 0x9B, 0x7A, 0x5E, 0xF0, 0xFD, 0x94, 0x7F, 0x96, 0x73,
    0x75, 0x8E, 0xAB, 0x2E, 0x57, 0x1B, 0xB6, 0x45, 0xCD, 0x83, 0xBB, 0xFD, 0x5E, 0x68, 0x4D, 0xEC,
    0x24, 0x79, 0xD8, 0xF3, 0x44, 0x12, 0x31, 0x15, 0x59, 0x79, 0x95, 0x35, 0x24, 0xC1, 0x3F, 0x56,
    0x9E, 0x45, 0x2A, 0x1D, 0x40, 0x62, 0xE6, 0x03, 0x41, 0x26, 0x48, 0x9A, 0x78, 0xFA, 0x13, 0xC8,
    0x6B, 0x98, 0x51, 0x70, 0x3A, 0x23, 0xA4, 0x4B, 0x25, 0x39, 0x23, 0x32, 0xCF, 0x90, 0x67, 0xF0,
    0x47, 0x84, 0x9C, 0xBC, 0xCC, 0x9C, 0x9E, 0x38, 0xC3, 0xE6, 0x59, 0x45, 0x3A, 0x3A, 0x43, 0x4C,
    0xF0, 0x8F, 0x34, 0x2B, 0x23, 0xF2, 0x2F, 0x88, 0xDD, 0x56, 0xFE, 0x45, 0x59, 0xB2, 0xDE, 0x1B,
    0x3E, 0xBC, 0xC3, 0x33, 0x35, 0xA1, 0x1E, 0x12, 0xE3, 0x66, 0xC6, 0x8B, 0xB3, 0x0D, 0x2E, 0x17,
    0x7D, 0x85, 0x8A, 0x07, 0x0E, 0xAF, 0xD6, 0x44, 0x10, 0x40, 0xFE, 0x85, 0x67, 0xBD, 0xF1, 0xD3,
    0x34, 0x73, 0xD2, 0xCC, 0xD5, 0xF1, 0xAE, 0x3C, 0x70, 0xD2, 0x08, 0xC5, 0x48, 0xC5, 0x9A, 0xB8,
    0xA5, 0xF3, 0x48, 0xB1, 0xF6, 0x53, 0xE2, 0x37, 0xFA, 0xD6, 0x0F, 0x3C, 0x8F, 0x8C, 0xD7, 0xE8,
    0xA5, 0x05, 0x8D, 0xE1, 0x89, 0x5B, 0x0E, 0x7B, 0x0A, 0x4F, 0x4F, 0x94, 0x40, 0xF5, 0x32, 0x47,
    0x7A, 0x48, 0x60, 0xCD, 0xE8, 0x0B, 0x54, 0x8D, 0x90, 0x18, 0xC9, 0xA3, 0xDF, 0xE4, 0xC0, 0xD0,
    0xDF, 0x07, 0xC4, 0x2F, 0xC0, 0x47, 0x5C, 0x44, 0x22, 0x75, 0x09, 0xEF, 0x85, 0x21, 0xDC, 0xF1,
    0x1F, 0xA6, 0x0F, 0x22, 0x04, 0xF0, 0x7B, 0x59, 0x8C, 0xB5, 0xF1, 0x53, 0xE7, 0x3E, 0xCD, 0x01,
    0x39, 0xE2, 0x24, 0xC5, 0xBB, 0x5F, 0x16, 0xB8, 0xCD, 0x30, 0x84, 0xF8, 0x72, 0x33, 0xF2, 0x82,
    0x26, 0x30, 0x0D, 0x6E, 0xC5, 0xCD, 0x32, 0xAC, 0xFA, 0x76, 0x22, 0xB0, 0xFA, 0x53, 0xC1, 0xDB,
    0x29, 0x14, 0x1C, 0x39, 0x88, 0x0E, 0xB6, 0x3A, 0xFD, 0xD0, 0xC9, 0xF8, 0x6F, 0x53, 0xB7, 0xD4,
    0x9F, 0x23, 0xE2, 0xE5, 0x34, 0xF8, 0xAC, 0x6F, 0xCF, 0xE9, 0x72, 0x69, 0xAB, 0xC5, 0x1A, 0x8E,
    0xE0, 0xBB, 0x1A, 0x32, 0x34, 0x55, 0x19, 0x57, 0xB4, 0xD4, 0xB4, 0xB9, 0xBE, 0xC1, 0x47, 0x70,
    0xBA, 0xFF, 0x12, 0x0C, 0x65, 0x88, 0xF0, 0x23, 0xCC, 0x39, 0x23, 0xFC, 0xBD, 0x8E, 0x54, 0xF6,
    0xC0, 0x52, 0x79, 0x5E, 0xC2, 0xBF, 0xD6, 0x08, 0x3E, 0xCF, 0x60, 0x04, 0xC9, 0x53, 0xAF, 0x0F,
    0x8C, 0x50, 0xB0, 0x47, 0x75, 0x4E, 0xF5, 0x03, 0x14, 0x6D, 0x51, 0x88, 0xAC, 0xA9, 0x30, 0x90,
    0x5B, 0xE0, 0x62, 0x9D, 0x9B, 0x3C, 0x1E, 0x3F, 0x17, 0xC6, 0x0A, 0x79, 0xE4, 0x46, 0xC3, 0x8F,
    0x8A, 0xE2, 0xFF, 0xF4, 0xF2, 0x12, 0xB7, 0xF1, 0x69, 0x08, 0x41, 0x42, 0x18, 0xCF, 0x92, 0x11,
    0x10, 0xB4, 0xC3, 0xFF, 0x0D, 0xDF, 0x91, 0xF7, 0x46, 0xDF, 0x51, 0x54, 0xDC, 0x18, 0x84, 0x72,
    0x85, 0xCB, 0x0E, 0x57, 0x89, 0x77, 0x59, 0xB1, 0x2F, 0x25, 0xBB, 0x23, 0x9C, 0x07, 0x44, 0x43,
    0x9B, 0x4B, 0x99, 0x5F, 0x94, 0xD5, 0x22, 0xF0, 0x0B, 0x0E, 0xBC, 0x24, 0x1F, 0x47, 0x72, 0x3B,
    0x3C, 0x88, 0x0F, 0xAE, 0xFD, 0x29, 0x72, 0xEF, 0x9C, 0x9A, 0x26, 0xE7, 0x01, 0x3F, 0x8B, 0xD9,
    0x3E, 0x32, 0xBE, 0x2E, 0x4C, 0x9C, 0xD6, 0x59, 0x52, 0xF2, 0x71, 0x17, 0xE6, 0x60, 0x3F, 0xCD,
    0xE0, 0x54, 0x8D, 0x49, 0xC6, 0x06, 0x8E, 0xF8, 0x80, 0xB9, 0xA4, 0xC8, 0x43, 0x2A, 0x11, 0xE0,
    0xCB, 0xA4, 0xB8, 0x64, 0x8D, 0xAD, 0xB8, 0x9A, 0x47, 0x22, 0x0D, 0x64, 0xC2, 0xCF, 0x2B, 0xFF,
    0xAA, 0x64, 0x37, 0x05, 0xFB, 0x1A, 0x9F, 0x72, 0xF6, 0x03, 0x05, 0x5F, 0x45, 0xAB, 0x26, 0x49,
    0xC7, 0xAE, 0xB1, 0xA4, 0x43, 0x25, 0x43, 0x85, 0xAA, 0x05, 0x72, 0x3E, 0x32, 0x1C, 0x3A, 0x7D,
    0x93, 0x97, 0x70, 0x25, 0x02, 0x91, 0x44, 0xEF, 0x26, 0xBD, 0x22, 0xA1, 0x49, 0xF7, 0x9E, 0x01,
    0x71, 0x59, 0x3C, 0x1D, 0xCB, 0x50, 0x7A, 0xFA, 0xE1, 0x3B, 0x4B, 0xB1, 0xF1, 0xE4, 0xC4, 0xCA,
    0x37, 0x7E, 0x6F, 0x4E, 0xC2, 0xBB, 0x7A, 0xFA, 0x61, 0x31, 0xF3, 0x9C, 0x01, 0x4B, 0x1F, 0xF5,
    0x24, 0xCB, 0xEA, 0x10, 0x8D, 0x89, 0x66, 0xA8, 0x3B, 0x0B, 0x1B, 0x7A, 0xDE, 0x64, 0xBB, 0xF4,
    0x5F, 0xA5, 0x58, 0x4D, 0x6C, 0xDC, 0xC6, 0x15, 0xFE, 0x48, 0x4A, 0xCB, 0x62, 0x69, 0xED, 0xEC,
    0xC1, 0xE9, 0x8F, 0xAD, 0x88, 0x3E, 0xE4, 0x50, 0xAB, 0x92, 0xA8, 0x83, 0x8A, 0xA8, 0x05, 0x65,
    0x0E, 0xEA, 0x43, 0x0E, 0x41, 0x51, 0x1D, 0xAC, 0x1E, 0x1B, 0x1F, 0xDD, 0x05, 0x0A, 0x2D, 0x02,
    0xA3, 0x50, 0x91, 0xB5, 0x97, 0xA9, 0x51, 0xF4, 0x54, 0x60, 0xD1, 0x4B, 0x4F, 0x45, 0x37, 0x85,
    0x80, 0xA8, 0x72, 0x11, 0x09, 0xA8, 0x0A, 0xA8, 0x80, 0xE4, 0x1D, 0xD7, 0x07, 0x1D, 0x52, 0xA0,
    0x74, 0x8C, 0xE4, 0x62, 0x20, 0xA1, 0x1D, 0xAB, 0x06, 0x7C, 0x08, 0x08, 0x94, 0x4D, 0xD7, 0xE9,
    0xAE, 0xD8, 0x6F, 0xB8, 0x2B, 0x59, 0x71, 0x5D, 0x4B, 0xB2, 0x38, 0xEF, 0x51, 0x5C, 0xF2, 0xFD,
    0xCC, 0xBC, 0xF7, 0xE6, 0xBD, 0x37, 0x1A, 0x40, 0xC0, 0x71, 0x0A, 0xC0, 0x10, 0xC7, 0x08, 0xC7,
    0x04, 0x3C, 0x0E, 0xFD, 0xF6, 0x25, 0x60, 0x16, 0x68, 0xC2, 0xC9, 0x10, 0xAC, 0xA8, 0x2B, 0xEF,
    0xAA, 0xCE, 0x3B, 0xE8, 0x34, 0xFB, 0xB0, 0xD9, 0x44, 0xF0, 0xFB, 0xD0, 0xCD, 0x60, 0xAC, 0x69,
    0x1A, 0x63, 0x19, 0xCE, 0xDD, 0x48, 0x9C, 0x8F, 0x5D, 0x4B, 0xB9, 0x80, 0x90, 0x98, 0x7F, 0x84,
    0xD3, 0xDB, 0xB0, 0xA2, 0x1C, 0x14, 0x9C, 0xC6, 0x99, 0x20, 0x4B, 0x7E, 0x36, 0x1F, 0x53, 0xD5,
    0x19, 0x13, 0xF5, 0x0C, 0x63, 0x2F, 0x63, 0xCA, 0xC1, 0xA4, 0x8D, 0xE9, 0x12, 0x82, 0x1B, 0xF8,
    0xE9, 0xBB, 0xFC, 0x82, 0xCA, 0xAF, 0x17, 0xEB, 0x3F, 0x4F, 0x3D, 0x19, 0x89, 0xB7, 0x95, 0x73,
    0x4B, 0x5A, 0x0F, 0x61, 0x7D, 0x81, 0xAF, 0xEE, 0xCC, 0x9E, 0xDA, 0x69, 0xA0, 0x03, 0x2F, 0x8B,
    0x79, 0x37, 0x3A, 0x9C, 0x52, 0x58, 0xAE, 0xF6, 0x2E, 0xCD, 0xD5, 0x7F, 0x3C, 0x63, 0xCC, 0xC2,
    0xDD, 0x84, 0xEF, 0x62, 0x61, 0x08, 0x3E, 0x10, 0x84, 0x78, 0x2B, 0xC5, 0x6A, 0x0B, 0x6B, 0xAE,
    0xBC, 0x6A, 0x87, 0xEE, 0x43, 0x69, 0xEE, 0x80, 0x8B, 0x3B, 0x23, 0x70, 0xD9, 0x41, 0xAD, 0x04,
    0xB7, 0xAD, 0xB9, 0xCB, 0xE5, 0xF5, 0xF5, 0x75, 0xAE, 0x02, 0xF3, 0x0D, 0xD8, 0xDB, 0x9B, 0x78,
    0x19, 0xB6, 0x9C, 0x0A, 0xEE, 0xA9, 0x6A, 0x5C, 0x8D, 0xEF, 0x2B, 0x54, 0xEF, 0xF4, 0xF1, 0x03,
    0xE2, 0x3B, 0x51, 0xB9, 0x39, 0xF9, 0x97, 0xD5, 0x68, 0xEC, 0xD4, 0xF9, 0xD0, 0x91, 0x23, 0x30,
    0xB2, 0x54, 0x8B, 0x40, 0xB1, 0x31, 0xB3, 0x3E, 0x50, 0xF3, 0x3A, 0xB5, 0xDA, 0x95, 0x8D, 0x89,
    0xB3, 0xB6, 0x0D, 0x31, 0x02, 0xDF, 0xC7, 0x7A, 0x1B, 0x1B, 0x6D, 0x8C, 0xFB, 0x10, 0x25, 0x98,
    0x26, 0x2A, 0xCB, 0xB2, 0x95, 0x49, 0x58, 0xBB, 0x60, 0x90, 0xB3, 0x15, 0xD5, 0xA3, 0x9E, 0xE6,
    0x2B, 0xB9, 0xE6, 0x6F, 0x67, 0x6F, 0xAB, 0xEA, 0xEA, 0x6A, 0x33, 0xE2, 0x82, 0xA2, 0x6A, 0x32,
    0xA9, 0xEA, 0xE1, 0x64, 0xF4, 0xA6, 0xAA, 0x36, 0xAB, 0x71, 0x73, 0xB2, 0xBD, 0x10, 0x8D, 0x5F,
    0xF8, 0xDA, 0x97, 0x34, 0x8F, 0x2E, 0x37, 0x08, 0x4E, 0xE3, 0x5C, 0x3A, 0xE5, 0x4F, 0x8D, 0xCD,
    0x2C, 0xB8, 0xB4, 0xB0, 0xA1, 0xFA, 0xF0, 0xC3, 0x0F, 0xB5, 0xC2, 0xBD, 0x9F, 0x90, 0x98, 0x9B,
    0x43, 0x96, 0x85, 0xC5, 0x86, 0x9F, 0x4E, 0xAF, 0x61, 0x15, 0x91, 0x25, 0x87, 0x4F, 0xD4, 0x3B,
    0xA3, 0x8B, 0xC5, 0xD0, 0x4F, 0x5F, 0x59, 0x43, 0xE2, 0x44, 0x58, 0x28, 0xFB, 0x97, 0xD7, 0x4E,
    0x87, 0x85, 0x86, 0x08, 0x27, 0x50, 0xD6, 0x3A, 0xCE, 0x59, 0xF1, 0xD3, 0x60, 0xC7, 0x75, 0x27,
    0xAE, 0xAF, 0x24, 0x6F, 0x25, 0x1D, 0xBA, 0xE0, 0x32, 0x70, 0x85, 0xF6, 0x06, 0xBE, 0x4E, 0xE5,
    0x73, 0x17, 0xBC, 0x9D, 0x76, 0x90, 0x46, 0x7B, 0xE0, 0xA5, 0x51, 0x61, 0x2D, 0xC2, 0xD4, 0x33,
    0x21, 0x36, 0xD3, 0x8E, 0xD6, 0xB1, 0xB1, 0x79, 0x09, 0x28, 0xC1, 0x51, 0x66, 0xF4, 0x2D, 0xF5,
    0x0D, 0x18, 0xA1, 0xAB, 0x5E, 0x55, 0x56, 0x7F, 0xD8, 0x6A, 0x74, 0xB1, 0xD0, 0x98, 0xA8, 0xF9,
    0xE3, 0xB5, 0x09, 0x7F, 0x62, 0xA6, 0x56, 0x88, 0xAB, 0x4D, 0xF8, 0xD3, 0x98, 0x98, 0x80, 0xF8,
    0x81, 0x14, 0x6F, 0x60, 0x7C, 0x06, 0xD3, 0x97, 0x71, 0xB1, 0x81, 0x02, 0x87, 0x47, 0x39, 0xBF,
    0xC3, 0x30, 0x04, 0xA6, 0x89, 0x55, 0x62, 0x7C, 0x51, 0x18, 0x37, 0x13, 0x71, 0xFE, 0x5A, 0x52,
    0xF9, 0xCD, 0x50, 0x82, 0xD2, 0x37, 0x13, 0x0C, 0x7F, 0xF7, 0x31, 0xA6, 0x5F, 0xFA, 0x17, 0x3F,
    0xA7, 0x88, 0xCD, 0xA5, 0x02, 0x06, 0xC9, 0x37, 0x84, 0xEB, 0x18, 0x83, 0x83, 0x29, 0xE2, 0x2A,
    0xF1, 0xA3, 0xA6, 0x63, 0x7E, 0x5C, 0x13, 0xE7, 0xBF, 0xEF, 0x57, 0xAE, 0x33, 0xA2, 0x86, 0xF8,
    0x72, 0x8C, 0x76, 0x9C, 0x2A, 0x16, 0xB0, 0xEA, 0xED, 0x20, 0x3A, 0xF5, 0x87, 0x62, 0x68, 0xC2,
    0x4F, 0x6D, 0xBC, 0xB2, 0x36, 0x04, 0x24, 0xC3, 0x70, 0xA2, 0x29, 0x60, 0xA1, 0x7A, 0xB1, 0xEC,
    0xDF, 0x4E, 0x2E, 0xFF, 0xF9, 0x56, 0x72, 0xFA, 0xDA, 0xAF, 0x12, 0xD8, 0xD4, 0x57, 0xA2, 0xBE,
    0x61, 0xEA, 0x9B, 0xA6, 0xBE, 0xAA, 0xB9, 0xC4, 0x15, 0x9B, 0x09, 0xCC, 0x54, 0x6F, 0x1E, 0x7D,
    0x45, 0x40, 0x0C, 0x3B, 0x46, 0x20, 0xB1, 0x09, 0x06, 0x39, 0x3A, 0x25, 0x6C, 0x88, 0x30, 0x68,
    0xC9, 0xC2, 0x22, 0xB0, 0xA8, 0x0D, 0x44, 0xE4, 0xD6, 0xCA, 0x83, 0xA6, 0x28, 0xF9, 0x4C, 0x7F,
    0x06, 0x64, 0x7B, 0x95, 0x0E, 0xFF, 0x53, 0x02, 0xDC, 0x4F, 0xE9, 0xE2, 0x36, 0x4C, 0xD5, 0x81,
    0xF5, 0xA8, 0x0B, 0x7B, 0xB9, 0xC5, 0x85, 0x07, 0x34, 0x85, 0x27, 0xC7, 0xE1, 0xA9, 0x4C, 0xE9,
    0x80, 0xA1, 0x20, 0x8B, 0xB4, 0x4E, 0x08, 0xAE, 0xF7, 0xC5, 0xE5, 0x68, 0x3E, 0x8F, 0x7C, 0x6B,
    0xA4, 0x97, 0x27, 0x5F, 0x5C, 0xCE, 0xC9, 0x01, 0x20, 0xAB, 0xC1, 0xB8, 0xAB, 0x63, 0x59, 0xBE,
    0xB8, 0x1C, 0x1D, 0xA5, 0x69, 0xD2, 0x43, 0x1C, 0x73, 0x5D, 0xDF, 0x21, 0xCF, 0x64, 0x03, 0x98,
    0x50, 0x47, 0x92, 0x31, 0xB1, 0x27, 0x63, 0x79, 0x99, 0xBB, 0x39, 0xBB, 0x4E, 0x77, 0xD6, 0xE9,
    0xD3, 0x52, 0x40, 0x0F, 0x0F, 0x73, 0x6B, 0x60, 0x5A, 0xDF, 0xAA, 0xC1, 0x32, 0x3D, 0x1D, 0xCC,
    0xC1, 0xD8, 0x6E, 0xD1, 0x17, 0x8F, 0x78, 0x73, 0x28, 0xE1, 0xCC, 0x10, 0x6F, 0x93, 0xE3, 0xA8,
    0x63, 0x35, 0xBB, 0x95, 0x65, 0x09, 0x2A, 0x0D, 0xE7, 0x1F, 0x6D, 0x4F, 0x76, 0xCE, 0x61, 0x8D,
    0xF1, 0xD0, 0xDD, 0x07, 0xFC, 0x79, 0x95, 0xB3, 0x92, 0x27, 0xC4, 0xF6, 0xBA, 0xC9, 0x84, 0x38,
    0xCE, 0x69, 0x4A, 0xD8, 0x21, 0x56, 0x24, 0x2E, 0xC1, 0x64, 0x2E, 0xA6, 0x31, 0x7D, 0xED, 0xDF,
    0xCA, 0xF2, 0x92, 0xFB, 0x68, 0xC3, 0x89, 0x86, 0x9D, 0xE8, 0x04, 0xF7, 0xB5, 0x86, 0x2F, 0x9A,
    0xCE, 0xF6, 0x6C, 0xFF, 0x39, 0x1A, 0x74, 0x22, 0x47, 0x44, 0x23, 0xF5, 0x6C, 0x07, 0x85, 0x06,
    0x84, 0x62, 0xEE, 0xC7, 0xC9, 0xA3, 0x70, 0x9D, 0xA5, 0xF7, 0x60, 0xDE, 0x51, 0x06, 0xE4, 0x11,
    0xB8, 0xA4, 0x34, 0x3F, 0x8D, 0x08, 0x3A, 0xDD, 0x1F, 0x9A, 0xEB, 0xC7, 0xDC, 0x9D, 0x5C, 0xA3,
    0xAC, 0x2C, 0x79, 0x29, 0x5F, 0xFE, 0xCF, 0x10, 0x71, 0xBD, 0x83, 0x25, 0x23, 0xB5, 0x14, 0xD7,
    0xFD, 0x1C, 0x9A, 0x42, 0x28, 0x12, 0x7F, 0x61, 0x76, 0xE0, 0x79, 0x34, 0xE5, 0x72, 0xAD, 0xE6,
    0xD7, 0xF0, 0x5C, 0x39, 0x4C, 0xE5, 0xF0, 0x1E, 0xB1, 0x12, 0x45, 0x01, 0xD1, 0x55, 0x7C, 0xAB,
    0x31, 0xF2, 0x1E, 0x3B, 0xB1, 0xBB, 0xED, 0xC4, 0xFA, 0xB9, 0xF7, 0x4E, 0x7F, 0x0B, 0xA4, 0xB8,
    0xDD, 0x65, 0xD1, 0x63, 0x18, 0xE9, 0x90, 0xAF, 0xFF, 0x16, 0x78, 0xC8, 0x3D, 0x2E, 0x67, 0x51,
    0x09, 0x8B, 0x8B, 0x5E, 0x6C, 0x3F, 0x70, 0x12, 0x53, 0x39, 0x1D, 0x53, 0x15, 0x6F, 0x10, 0x83,
    0xEF, 0xA9, 0xA2, 0xF8, 0xAB, 0x2A, 0xDA, 0xF7, 0x55, 0xD1, 0xFC, 0x5C, 0x15, 0xB1, 0x43, 0xAC,
    0x13, 0x3D, 0x25, 0xE8, 0xA7, 0x7A, 0x64, 0x29, 0x43, 0xA7, 0x0D, 0x5D, 0xBE, 0x66, 0xD0, 0xDB,
    0xCA, 0xEF, 0x85, 0x60, 0xC4, 0x30, 0x10, 0xAF, 0xE6, 0xC5, 0x7B, 0x13, 0x5E, 0xD8, 0x65, 0xFC,
    0x6A, 0xEC, 0xF4, 0xFF, 0x6E, 0xC2, 0x0D, 0xAF, 0x92, 0x42, 0x7F, 0x17, 0x7C, 0xAB, 0xA3, 0x27,
    0xBF, 0x18, 0x34, 0x4C, 0xBC, 0xBD, 0xF4, 0x72, 0xF2, 0x98, 0xB2, 0xCE, 0xEA, 0x9A, 0xC6, 0xD2,
    0xC6, 0xCA, 0x69, 0x70, 0x7D, 0xC7, 0x92, 0x35, 0x5B, 0x86, 0xD9, 0x5D, 0x85, 0xC5, 0xAE, 0xC1,
    0x30, 0xE4, 0xF1, 0x64, 0x49, 0x09, 0x1D, 0x73, 0xBD, 0xB8, 0x3B, 0xDE, 0x1A, 0xCB, 0x06, 0xA6,
    0x05, 0x46, 0x7C, 0xD8, 0x09, 0xAC, 0x18, 0x62, 0x01, 0xFE, 0x88, 0x6E, 0x64, 0xF2, 0x8B, 0xEE,
    0x7D, 0xEF, 0x8F, 0x7D, 0xD1, 0x37, 0xC8, 0x98, 0x61, 0xD3, 0x5C, 0x09, 0xBB, 0x36, 0x45, 0x96,
    0x28, 0x7A, 0x98, 0x7F, 0xA7, 0x28, 0xBA, 0x4A, 0xD1, 0x11, 0x45, 0xAB, 0x9E, 0x68, 0x87, 0xA2,
    0xBF, 0xA2, 0xD9, 0x2F, 0xE9, 0x72, 0x8B, 0xBC, 0x83, 0xA2, 0xFD, 0x50, 0x59, 0x1C, 0x6D, 0xCE,
    0x3F, 0x70, 0x1B, 0x42, 0xB1, 0xA5, 0x38, 0x00, 0x19, 0x9A, 0xB0, 0x52, 0xA6, 0x83, 0x56, 0xAF,
    0x33, 0xD8, 0xCB, 0xF6, 0x76, 0x2F, 0xDB, 0x1F, 0x4B, 0x56, 0x81, 0x32, 0x74, 0x6B, 0xC1, 0xAE,
    0x01, 0xB3, 0x27, 0x8F, 0x27, 0xAB, 0xCC, 0x74, 0x5D, 0x5B, 0x27, 0x2E, 0xE4, 0x3F, 0x8F, 0x25,
    0x4B, 0xEF, 0x03, 0xFA, 0x20, 0xB7, 0x17, 0x4D, 0xBF, 0xDC, 0xAC, 0x84, 0xF5, 0x78, 0x9E, 0xCD,
    0x43, 0x09, 0x22, 0x1A, 0xA6, 0x87, 0xA6, 0x49, 0x5F, 0x65, 0xCF, 0x48, 0x9A, 0x1B, 0x3A, 0x9B,
    0xCB, 0xBC, 0x4F, 0x79, 0x82, 0x6C, 0xC4, 0x74, 0xBA, 0x5D, 0x82, 0x97, 0xE6, 0x39, 0x27, 0x8B,
    0x9D, 0x0F, 0x3A, 0x4E, 0xD4, 0x75, 0xA2, 0x1B, 0x39, 0x74, 0x9D, 0xDB, 0x6D, 0xFD, 0xF2, 0x01,
    0x44, 0x0C, 0xE6, 0x18, 0x54, 0xC8, 0xF1, 0x39, 0x69, 0x55, 0x8D, 0x33, 0x9A, 0x61, 0x98, 0x5C,
    0x45, 0x6B, 0xEB, 0x31, 0xC4, 0xDF, 0xC3, 0x3E, 0x46, 0x10, 0x5B, 0x5D, 0x7E, 0x63, 0x6D, 0x50,
    0x6E, 0x28, 0xFE, 0x26, 0x42, 0xF7, 0x63, 0x21, 0xB3, 0xF7, 0xBB, 0xBB, 0x86, 0xD4, 0x3E, 0x59,
    0xCB, 0x77, 0xDA, 0x05, 0x88, 0x2C, 0x74, 0x5F, 0x8F, 0x1C, 0x5B, 0x17, 0x7F, 0xAA, 0xF1, 0x5E,
    0x8B, 0x03, 0x3B, 0x0E, 0x9C, 0x38, 0x78, 0x23, 0x16, 0xFF, 0xCC, 0x1B, 0xA3, 0x62, 0xA8, 0xF3,
    0xBB, 0x9F, 0x37, 0xE3, 0x87, 0xA1, 0x67, 0x04, 0xED, 0xC0, 0xDA, 0x0A, 0x07, 0x59, 0x50, 0x0F,
    0x41, 0x6F, 0x48, 0x69, 0x3F, 0x8E, 0x4A, 0x75, 0x35, 0x30, 0x78, 0x28, 0xF9, 0x86, 0x01, 0xFB,
    0xFD, 0xD0, 0xDE, 0x0A, 0xB5, 0xAE, 0xC3, 0xCC, 0x87, 0xCB, 0xFC, 0x0C, 0xE6, 0x35, 0x16, 0xF9,
    0x7C, 0x6E, 0x87, 0x61, 0xB9, 0x30, 0x28, 0x45, 0xD6, 0x4A, 0xDD, 0xD7, 0xD3, 0x0D, 0xC7, 0x4E,
    0xCE, 0x41, 0x7F, 0xCE, 0xB2, 0x8C, 0x94, 0x08, 0xB8, 0xE7, 0x02, 0x27, 0x19, 0x08, 0x7E, 0xD4,
    0xFD, 0x89, 0x48, 0xEB, 0xBD, 0x28, 0xB8, 0xC0, 0x7A, 0x1B, 0xBA, 0xAF, 0x45, 0x81, 0xC5, 0xED,
    0x84, 0x3D, 0xF0, 0x20, 0xC5, 0x47, 0xCA, 0x66, 0xC7, 0xDD, 0xEB, 0x4F, 0x05, 0x8C, 0x4D, 0xBD,
    0x29, 0x58, 0xEC, 0xD8, 0x7B, 0x61, 0x21, 0x8F, 0x98, 0x27, 0xBC, 0x89, 0x86, 0x2C, 0xE9, 0xF3,
    0xCA, 0xB2, 0xF8, 0x30, 0xB6, 0xB2, 0xB0, 0xEF, 0xB3, 0x7D, 0x2E, 0x38, 0x98, 0xFE, 0x12, 0x0C,
    0xED, 0x02, 0x39, 0x68, 0xC8, 0xC3, 0xD0, 0xE7, 0x26, 0x55, 0x7B, 0x26, 0x3D, 0x90, 0x7E, 0x94,
    0xB3, 0xE1, 0x91, 0x8A, 0x93, 0xF1, 0x12, 0x3B, 0xB1, 0xF6, 0x0D, 0x3B, 0xF1, 0xBA, 0x58, 0xB4,
    0x12, 0x27, 0xD4, 0x25, 0xA1, 0xA5, 0x5C, 0x25, 0xF6, 0x0D, 0x57, 0xB5, 0x52, 0xB3, 0x21, 0x92,
    0x71, 0xBF, 0x3C, 0xF0, 0x7F, 0x78, 0x31, 0xE3, 0xF3, 0xD8, 0x82, 0x67, 0x7F, 0x65, 0xE7, 0x69,
    0x3D, 0x54, 0x68, 0xC1, 0xFC, 0x24, 0x34, 0xAC, 0xC8, 0xFC, 0x4F, 0x22, 0xEE, 0xA6, 0x9E, 0xD9,
    0x0E, 0x8C, 0x76, 0x80, 0x1C, 0x8C, 0xB6, 0x67, 0x24, 0xE2, 0xDA, 0xAE, 0x1D, 0x98, 0xBF, 0x2D,
    0xE6, 0x6F, 0x7B, 0x3E, 0xCA, 0x93, 0x99, 0x46, 0x1E, 0x19, 0x20, 0xEE, 0xB7, 0xF3, 0xA4, 0xF7,
    0x2C, 0xD4, 0xD9, 0xB7, 0x95, 0x64, 0x4F, 0x6F, 0x13, 0x3B, 0x53, 0xEE, 0xF9, 0x24, 0x30, 0xD2,
    0x2F, 0xEB, 0x4A, 0xC5, 0xB5, 0xC4, 0xDC, 0xF3, 0x91, 0x08, 0x75, 0x35, 0x2C, 0x1F, 0x8E, 0xFE,
    0x92, 0xEE, 0x5D, 0xF6, 0xB6, 0xC9, 0x81, 0xF4, 0x9C, 0xFA, 0xFE, 0x6D, 0x72, 0x30, 0x3D, 0x7D,
    0xBA, 0xA5, 0xAC, 0x2D, 0xB5, 0xEB, 0xD3, 0x83, 0xE8, 0x43, 0x98, 0x91, 0xBE, 0xF3, 0x9A, 0x9B,
    0xCB, 0x8F, 0x89, 0xBD, 0xD2, 0x1C, 0x69, 0xC8, 0x85, 0x54, 0xED, 0x2C, 0xD2, 0x42, 0xEC, 0x34,
    0x28, 0xB5, 0x83, 0xB1, 0x76, 0x30, 0xD9, 0x0E, 0xEE, 0xB5, 0xBD, 0x9B, 0x5A, 0x08, 0x0F, 0xC4,
    0x27, 0xA0, 0x03, 0x3B, 0xB7, 0x1A, 0xD6, 0x7B, 0x85, 0x48, 0x5F, 0xF5, 0x5F, 0xD2, 0xA8, 0x21,
    0x8D, 0xFB, 0x34, 0x6A, 0x83, 0xDF, 0x24, 0xB2, 0x11, 0xB1, 0x3A, 0xAD, 0xBE, 0x36, 0x0A, 0x60,
    0x1F, 0xA8, 0x1B, 0xC1, 0xBC, 0x11, 0x38, 0x2A, 0xBF, 0x2E, 0xFE, 0x19, 0x74, 0x4B, 0xC8, 0x63,
    0x8A, 0x3C, 0x3A, 0x3F, 0x59, 0x2C, 0xF2, 0x6A, 0xDC, 0xBD, 0x8E, 0xC4, 0xBF, 0x3F, 0x57, 0x72,
    0x26, 0x77, 0x3A, 0x81, 0x4C, 0xDC, 0x30, 0x12, 0x37, 0x95, 0x73, 0x27, 0xB4, 0x3E, 0x95, 0xD6,
    0xBF, 0xF5, 0xCE, 0xD4, 0xC7, 0xAB, 0x8D, 0xFC, 0xD0, 0x9A, 0xE8, 0xFF, 0x4E, 0xD4, 0x43, 0xBD,
    0xD6, 0x39, 0xA9, 0x1F, 0x44, 0x0F, 0x7E, 0x21, 0xC5, 0x4A, 0x22, 0xEE, 0xB5, 0xA9, 0x44, 0xA8,
    0x4D, 0x11, 0xE6, 0xC0, 0x07, 0xFE, 0xBC, 0xDF, 0x16, 0x2B, 0xB1, 0xD8, 0xA5, 0xAC, 0xC7, 0xA8,
    0x34, 0xF5, 0x99, 0xEC, 0x89, 0xB3, 0x8F, 0xA8, 0xF7, 0xBF, 0xA5, 0x58, 0x4D, 0x6C, 0x14, 0xC9,
    0x15, 0x7E, 0xD5, 0xCD, 0xB8, 0x59, 0x37, 0xA1, 0x7C, 0x00, 0x29, 0x78, 0xC1, 0xCD, 0x81, 0x03,
    0x59, 0x2D, 0xF4, 0x1E, 0x90, 0xE2, 0x48, 0xC6, 0x5D, 0x84, 0xC3, 0x4A, 0xE1, 0x90, 0x89, 0x84,
    0xB3, 0x47, 0x2E, 0x1C, 0x36, 0xBE, 0x78, 0x0F, 0x28, 0x42, 0x0A, 0xB8, 0x3B, 0xD9, 0x03, 0x87,
    0x3D, 0xC4, 0xF7, 0x24, 0x5A, 0x1F, 0x90, 0x62, 0x4D, 0xA4, 0xB5, 0xA5, 0x38, 0x12, 0x8A, 0xD6,
    0x9E, 0x02, 0x0E, 0x1B, 0x89, 0x43, 0x9A, 0x9F, 0x64, 0x0F, 0x39, 0xA4, 0xC3, 0xF2, 0xB3, 0x82,
    0x03, 0x6D, 0xB6, 0xC9, 0xCE, 0x92, 0x9E, 0xE9, 0x7C, 0xAF, 0x7A, 0x6C, 0xFC, 0x3B, 0x9E, 0xB1,
    0x7B, 0xEA, 0x8D, 0x7B, 0xDA, 0x5D, 0xF5, 0xBD, 0xF7, 0xEA, 0xFD, 0x16, 0x11, 0xAE, 0x7A, 0x4A,
    0x34, 0x56, 0x25, 0xEA, 0x57, 0x44, 0x9E, 0x26, 0x0A, 0x62, 0xA2, 0x1F, 0x26, 0x44, 0x7F, 0xC6,
    0xF3, 0x87, 0x19, 0x09, 0xDD, 0x20, 0x4B, 0xE7, 0x64, 0x3F, 0x6B, 0x92, 0x53, 0xAB, 0x93, 0xA4,
    0x80, 0xF6, 0x93, 0xAF, 0x4E, 0x90, 0xAF, 0x0B, 0x5D, 0x64, 0x58, 0xC1, 0x2E, 0x94, 0x18, 0x23,
    0x3A, 0x4F, 0xB2, 0x88, 0xBC, 0x73, 0xB1, 0xEB, 0x24, 0xE4, 0x24, 0x6E, 0x91, 0xF8, 0xEF, 0x27,
    0x81, 0x93, 0x04, 0x6E, 0x12, 0x5C, 0x48, 0xE4, 0x37, 0x39, 0x83, 0x55, 0x8F, 0x12, 0xCD, 0xCF,
    0x95, 0x20, 0x15, 0xDA, 0x31, 0x68, 0x45, 0x90, 0x73, 0x8E, 0xEC, 0x16, 0x83, 0x76, 0x85, 0xBB,
    0x63, 0xE1, 0x5C, 0x4C, 0x7E, 0x17, 0x34, 0x02, 0xF2, 0x31, 0xB1, 0x2F, 0xDA, 0x1E, 0xAF, 0xDF,
    0x4C, 0xC1, 0x0C, 0x3F, 0xA6, 0x3E, 0x45, 0xD6, 0x34, 0xB9, 0x31, 0x79, 0x44, 0x07, 0x88, 0xC6,
    0xA7, 0xDC, 0x27, 0x0D, 0x5F, 0xE5, 0xA3, 0x34, 0xBF, 0x40, 0xD4, 0x5C, 0x35, 0xF0, 0x73, 0x12,
    0xFC, 0xA9, 0x7D, 0xF2, 0xF1, 0x0D, 0xAB, 0x48, 0xDA, 0x4C, 0xFB, 0x44, 0x57, 0xA0, 0x35, 0x16,
    0xD2, 0x01, 0xE8, 0xFB, 0x71, 0x60, 0xEB, 0x00, 0xAF, 0x2D, 0x0F, 0x9F, 0x94, 0xFC, 0xA7, 0x76,
    0x0A, 0xC5, 0xEF, 0xFF, 0x80, 0xA8, 0x20, 0xEB, 0xBE, 0x16, 0x98, 0xD0, 0x13, 0xD0, 0x75, 0x12,
    0x90, 0xFF, 0x13, 0x55, 0x11, 0xAA, 0x2B, 0xA0, 0x43, 0xE6, 0xD1, 0x28, 0xDF, 0xF6, 0x06, 0x74,
    0x91, 0x28, 0x37, 0x83, 0xBA, 0x92, 0xC8, 0x52, 0x53, 0xE2, 0xBE, 0xA6, 0x3A, 0xD1, 0xC1, 0xDE,
    0x80, 0x20, 0x88, 0xFD, 0x09, 0x0B, 0x55, 0xDA, 0xC7, 0xF6, 0x12, 0x45, 0xB0, 0xCB, 0xBF, 0x60,
    0x66, 0xA0, 0x8D, 0x5D, 0x8E, 0xD7, 0xA0, 0xFA, 0x67, 0x39, 0xF6, 0x2D, 0x00, 0x79, 0xDA, 0x8D,
    0x25, 0x53, 0xEC, 0xC6, 0x6E, 0x52, 0x12, 0xDF, 0xF3, 0x33, 0xFE, 0x5F, 0xA0, 0xE4, 0xDD, 0x26,
    0x85, 0x8C, 0x5C, 0xA9, 0x56, 0xC9, 0xCD, 0x52, 0xB2, 0x5E, 0xC5, 0x24, 0x5E, 0x29, 0xFA, 0x59,
    0x46, 0x6E, 0x2B, 0x23, 0xEF, 0x5A, 0x46, 0x81, 0xD5, 0x26, 0xD1, 0x26, 0xBE, 0xB7, 0xF1, 0xBF,
    0xDF, 0x35, 0xC8, 0xCD, 0x8B, 0x52, 0x99, 0x5B, 0xE0, 0xFA, 0xDF, 0xB9, 0x89, 0xF7, 0xB8, 0x23,
    0x2E, 0x4C, 0x15, 0xE6, 0x8A, 0x35, 0xF1, 0x80, 0x08, 0xEB, 0x5B, 0x8F, 0x33, 0x92, 0x2F, 0x32,
    0xF2, 0xCF, 0xAE, 0xC3, 0xDE, 0x04, 0x97, 0x75, 0x5D, 0x68, 0x1A, 0x53, 0xE3, 0xB5, 0x19, 0xEF,
    0xD9, 0xE7, 0x6E, 0x7C, 0xD8, 0x8D, 0xF7, 0xC1, 0x68, 0x79, 0xBC, 0x9E, 0x76, 0x1F, 0x57, 0xDB,
    0xF7, 0x71, 0x05, 0xD2, 0xCB, 0x78, 0x28, 0x2C, 0x5A, 0xC6, 0xEF, 0xA3, 0xD2, 0xEF, 0x97, 0xF5,
    0x9B, 0xF2, 0x28, 0xD2, 0xB6, 0x7E, 0xD5, 0x80, 0xFC, 0x47, 0x82, 0x77, 0xF0, 0xA6, 0x50, 0x4A,
    0xDC, 0xD3, 0x84, 0xFB, 0x83, 0xD4, 0x3D, 0x84, 0xC0, 0x2E, 0x5E, 0x53, 0x56, 0xB1, 0x6E, 0x17,
    0xB7, 0x44, 0xA1, 0xEF, 0x43, 0xF8, 0xB6, 0x5D, 0xF6, 0x20, 0x48, 0x69, 0x94, 0x9F, 0xAF, 0x33,
    0xCA, 0x2D, 0x51, 0x7A, 0x51, 0x51, 0x42, 0xB6, 0x36, 0xA3, 0xC9, 0xB6, 0xDF, 0x69, 0xF1, 0x98,
    0x17, 0x3F, 0x41, 0x74, 0x09, 0xF1, 0x11, 0x52, 0x44, 0x34, 0xA8, 0x56, 0x5B, 0x7F, 0xF7, 0xA0,
    0xC6, 0xF4, 0xD5, 0x06, 0xD3, 0xDF, 0x5A, 0x69, 0x83, 0xA0, 0x00, 0x77, 0x4B, 0x09, 0xB6, 0x69,
    0x00, 0xF2, 0x4D, 0x93, 0xF3, 0x5D, 0x93, 0xBC, 0x28, 0xC0, 0xAB, 0x27, 0x68, 0x91, 0x8C, 0x8F,
    0x95, 0x24, 0xC6, 0x54, 0xD3, 0x2A, 0xA2, 0x05, 0xA8, 0x79, 0x12, 0x9F, 0x40, 0x4D, 0x92, 0x8C,
    0x27, 0x49, 0x14, 0x0D, 0xA3, 0x3D, 0x31, 0x4D, 0x76, 0x4E, 0x72, 0x88, 0xF6, 0x08, 0x12, 0xD5,
    0x4C, 0x16, 0xF3, 0xA3, 0x32, 0x3A, 0xED, 0x6A, 0x0C, 0xDC, 0xC8, 0x82, 0xFA, 0xAB, 0x2C, 0xA3,
    0x5F, 0xE0, 0x3E, 0xB9, 0xFA, 0x41, 0x9A, 0x89, 0x34, 0xB3, 0x92, 0x70, 0x36, 0xAA, 0x80, 0xD7,
    0x08, 0x26, 0xFC, 0x1F, 0x98, 0x72, 0x58, 0xBA, 0xE0, 0x6E, 0xF8, 0xD8, 0x2B, 0x68, 0xFF, 0x10,
    0x39, 0x39, 0x47, 0xCE, 0x9E, 0xF9, 0x78, 0x8B, 0xF5, 0xA1, 0x38, 0x3E, 0x94, 0xD7, 0x2E, 0xF8,
    0xA0, 0x69, 0x76, 0x48, 0x91, 0x1A, 0xDD, 0xF4, 0xCA, 0xC7, 0x6E, 0x70, 0x87, 0xDA, 0x59, 0x6B,
    0xB8, 0x2D, 0xC3, 0x01, 0x73, 0x3B, 0xBF, 0x23, 0x7D, 0x20, 0xE3, 0x91, 0x84, 0x08, 0x23, 0x97,
    0x31, 0x7D, 0x0F, 0x8D, 0x5F, 0x7F, 0x67, 0xC6, 0xCF, 0xFC, 0xAC, 0x1D, 0x0E, 0xDF, 0x7C, 0x5E,
    0xCF, 0xC6, 0xEE, 0xB3, 0xD9, 0xB5, 0xCF, 0x38, 0x58, 0x25, 0x32, 0x0E, 0xF3, 0x30, 0xB7, 0xA6,
    0xCA, 0x08, 0x75, 0x04, 0x79, 0xF1, 0x00, 0xF6, 0x77, 0x4C, 0x95, 0x5B, 0x2D, 0x97, 0xE9, 0xA6,
    0x42, 0xB8, 0x4A, 0x49, 0x3E, 0x6C, 0xE0, 0x77, 0xBE, 0x29, 0x79, 0xA0, 0x7A, 0x5A, 0xAC, 0xE1,
    0xE1, 0xC2, 0xE3, 0x0B, 0x8F, 0x26, 0x9E, 0xCD, 0x7E, 0xDD, 0x0D, 0x0F, 0xAB, 0x31, 0xEB, 0xAD,
    0x36, 0xEE, 0x9D, 0x29, 0xE4, 0x73, 0x84, 0xCA, 0xBB, 0x8D, 0x8E, 0x98, 0x07, 0xF6, 0x84, 0x7F,
    0x78, 0x9A, 0xAB, 0xEA, 0xF8, 0x0C, 0xE3, 0xBA, 0x9B, 0x60, 0x84, 0x39, 0xCA, 0x92, 0xE0, 0x5F,
    0xF4, 0xCB, 0xA6, 0x51, 0x38, 0xF4, 0x99, 0x92, 0x93, 0x92, 0xBD, 0x61, 0xE0, 0xA1, 0xCF, 0xDB,
    0x18, 0x34, 0x0E, 0x9E, 0xEF, 0xB4, 0x1C, 0xD7, 0x66, 0x5C, 0x99, 0xD5, 0xB5, 0xA7, 0xE5, 0xAA,
    0x8F, 0xA7, 0xEB, 0xD9, 0xD1, 0x03, 0xC3, 0x97, 0xBD, 0x54, 0xA8, 0x4E, 0xF3, 0xD5, 0xD1, 0xF9,
    0xB9, 0x20, 0x66, 0x5F, 0xDA, 0x6C, 0x85, 0x4E, 0x33, 0xAD, 0x48, 0xA2, 0x16, 0x92, 0x99, 0x98,
    0xEA, 0x83, 0x02, 0xA4, 0x89, 0x13, 0x9B, 0xAD, 0xE1, 0xA8, 0x23, 0x30, 0x1C, 0x2F, 0xB1, 0xA6,
    0x2C, 0x05, 0x73, 0x80, 0x3A, 0xB7, 0x91, 0x67, 0x53, 0x3E, 0xC6, 0xAF, 0xFB, 0xD9, 0xC4, 0xA3,
    0x76, 0xAE, 0xDB, 0x96, 0xB0, 0x99, 0x3A, 0xCC, 0xE5, 0x2A, 0xD3, 0xF1, 0x15, 0x09, 0xEC, 0xA6,
    0x98, 0xA2, 0x3E, 0x3A, 0xEE, 0xE9, 0x45, 0x19, 0x5D, 0x2D, 0xCD, 0xBE, 0x7E, 0xBB, 0xE9, 0xE9,
    0x05, 0xA9, 0xAF, 0xAE, 0x1B, 0x9E, 0xBE, 0x5A, 0xCF, 0xF0, 0xCE, 0x55, 0x53, 0x3B, 0xE4, 0xE4,
    0x64, 0xA8, 0xD3, 0x56, 0x07, 0xAF, 0xFE, 0x1A, 0x39, 0x4D, 0xF6, 0xDD, 0x6E, 0x46, 0x7B, 0x47,
    0x35, 0x1D, 0x63, 0x67, 0x91, 0xE9, 0xC8, 0xE5, 0x81, 0x3D, 0xBC, 0xF9, 0xF6, 0x66, 0x1F, 0xA4,
    0xF0, 0x20, 0x3A, 0x06, 0x35, 0x8D, 0x47, 0x5E, 0x16, 0x46, 0x6E, 0x7C, 0x1A, 0xD1, 0xFB, 0x12,
    0xB9, 0x77, 0x11, 0xC5, 0xBF, 0x8C, 0xC8, 0xFD, 0x37, 0x08, 0x99, 0xD8, 0xFD, 0x32, 0x25, 0xF7,
    0x3E, 0x8A, 0x87, 0xBB, 0x5C, 0x0C, 0x2C, 0xC2, 0xBB, 0x83, 0x28, 0xCC, 0xDF, 0x36, 0x91, 0x84,
    0x9C, 0xA8, 0xAC, 0x4B, 0xF7, 0x97, 0x52, 0x6E, 0xF0, 0x24, 0xA6, 0x2F, 0x9A, 0x24, 0x6F, 0x25,
    0x24, 0x6F, 0x47, 0x24, 0xFF, 0x8E, 0xDF, 0x05, 0x93, 0x86, 0xB5, 0xF3, 0x33, 0x24, 0xFF, 0x9B,
    0xB0, 0xEA, 0x2C, 0x5C, 0x1B, 0x2D, 0x4E, 0xD1, 0xCA, 0x55, 0xDF, 0x74, 0x3E, 0xDF, 0xC7, 0x58,
    0x3B, 0x25, 0xEF, 0x16, 0xCF, 0x47, 0x6A, 0x7A, 0x87, 0x55, 0x88, 0x08, 0x87, 0xCA, 0x71, 0x7C,
    0x86, 0xFC, 0x8C, 0x96, 0x33, 0xD2, 0xC6, 0xE1, 0xBC, 0x49, 0x8C, 0xD7, 0xAD, 0xD4, 0x89, 0x2A,
    0xE0, 0x3C, 0x5C, 0x63, 0x0E, 0xEB, 0x0D, 0xA3, 0xEB, 0xF5, 0x70, 0x9D, 0x30, 0x15, 0xF7, 0xA9,
    0x52, 0x21, 0x9D, 0x96, 0x85, 0xEE, 0x94, 0xA4, 0xC3, 0x1C, 0xD9, 0x67, 0x0E, 0xF9, 0xD9, 0x88,
    0x1B, 0x9F, 0x72, 0xE3, 0x81, 0xCE, 0x00, 0x63, 0x67, 0x54, 0x78, 0x47, 0x41, 0x11, 0xF2, 0x6F,
    0xAC, 0xDE, 0xAD, 0x06, 0x3A, 0x0C, 0xAC, 0xBF, 0x81, 0xEF, 0xE3, 0x6E, 0xBC, 0xE0, 0xC6, 0x57,
    0x36, 0x59, 0x56, 0xF1, 0xC6, 0xAD, 0x5F, 0xE7, 0x16, 0x80, 0x62, 0x79, 0x47, 0x77, 0x5A, 0xF6,
    0x1E, 0xB9, 0x2F, 0x38, 0x9C, 0xCA, 0x98, 0x5B, 0x9A, 0x0D, 0xCB, 0xAE, 0x92, 0x3F, 0x96, 0x29,
    0xFC, 0x45, 0x5F, 0x58, 0x25, 0xFF, 0x87, 0x90, 0x1D, 0x89, 0xC2, 0x46, 0x2F, 0x24, 0xA0, 0x85,
    0xA8, 0xFF, 0xBA, 0x9F, 0x38, 0x8F, 0xDC, 0xD4, 0xD2, 0x6E, 0x6E, 0xE9, 0xFE, 0x45, 0x50, 0xF0,
    0x63, 0xDD, 0x2F, 0x6F, 0xE9, 0x7E, 0xE7, 0xA1, 0xEE, 0xB7, 0xFE, 0xAB, 0xFB, 0xA9, 0x05, 0x0A,
    0x41, 0xBE, 0x46, 0x5C, 0xD0, 0x61, 0x8C, 0xA2, 0xC6, 0x44, 0x74, 0xD8, 0x9A, 0x57, 0x26, 0x18,
    0x36, 0x81, 0x70, 0xB6, 0xCB, 0x00, 0xBE, 0x53, 0xCC, 0x15, 0xF3, 0x57, 0x2B, 0xE6, 0xDF, 0x0B,
    0x2E, 0xB5, 0x2D, 0xC5, 0xB4, 0x73, 0xCB, 0xE6, 0x7E, 0x74, 0x6F, 0x99, 0xDC, 0x38, 0xC9, 0x55,
    0xD4, 0x8E, 0x79, 0x13, 0x0A, 0xC9, 0xF5, 0x2B, 0xCE, 0x2C, 0xCA, 0xF4, 0x2B, 0xBD, 0xF0, 0xC5,
    0xEA, 0xE3, 0x98, 0x35, 0x6A, 0xBC, 0xB1, 0x42, 0x87, 0x8B, 0x30, 0x99, 0xF3, 0x11, 0x03, 0xFC,
    0xDF, 0xA0, 0x80, 0x3F, 0xB3, 0x09, 0xFD, 0xBA, 0x41, 0xC5, 0x52, 0xB1, 0xC2, 0x6B, 0xB6, 0x19,
    0xAF, 0x2F, 0xC1, 0xEB, 0x6B, 0xF0, 0x58, 0x80, 0x02, 0x10, 0x62, 0x2F, 0x36, 0xAC, 0xD4, 0xA3,
    0xD5, 0x26, 0x3B, 0x2A, 0x2B, 0x9D, 0x63, 0xCC, 0x2F, 0xD8, 0x05, 0xB7, 0x60, 0x6C, 0xDD, 0x00,
    0x9B, 0xF5, 0xB4, 0x6C, 0xDC, 0x1A, 0xDC, 0x5A, 0xB8, 0x89, 0xA9, 0x92, 0x30, 0x05, 0x21, 0xC5,
    0xC4, 0x9F, 0xCF, 0x10, 0xB6, 0x9E, 0x34, 0x10, 0x89, 0x51, 0x8C, 0xE0, 0xB3, 0x40, 0x7E, 0x84,
    0xD2, 0x45, 0x37, 0x8D, 0x84, 0xE5, 0xDF, 0x05, 0x94, 0x32, 0x93, 0x78, 0x83, 0xFF, 0xCF, 0xB2,
    0xB7, 0x5B, 0x42, 0x5A, 0xDB, 0x48, 0x68, 0xEF, 0x6C, 0x8A, 0x2E, 0x25, 0x10, 0x8D, 0x80, 0xCC,
    0x10, 0x0D, 0x5F, 0x64, 0xF2, 0xE3, 0xD4, 0x5A, 0x6E, 0x24, 0x88, 0x3B, 0x09, 0x6E, 0x25, 0x8C,
    0x92, 0x77, 0x01, 0x6C, 0x71, 0x7B, 0x11, 0x89, 0xC2, 0x58, 0x6F, 0x17, 0xD8, 0x74, 0x1C, 0x8E,
    0x73, 0x03, 0xFE, 0xF3, 0x12, 0xBD, 0xDD, 0x99, 0x5D, 0x0A, 0x7D, 0x71, 0x9A, 0x5E, 0x26, 0xF6,
    0xED, 0x48, 0x54, 0xBA, 0xC3, 0xFE, 0xAC, 0x56, 0x8B, 0xDC, 0x27, 0xAD, 0x3F, 0x69, 0x5F, 0x35,
    0x05, 0xFA, 0x58, 0x7C, 0x2D, 0x94, 0xED, 0xAF, 0xF9, 0x6A, 0xD5, 0xB0, 0x39, 0xAD, 0xB1, 0xF2,
    0xA7, 0xF9, 0xC7, 0x24, 0xBE, 0xAA, 0x78, 0x8F, 0xA6, 0xA5, 0x6E, 0x8A, 0xC4, 0x2A, 0x8A, 0x65,
    0xE8, 0xF3, 0xA2, 0x0A, 0xC0, 0x4F, 0x5B, 0xE4, 0x9D, 0x6D, 0x7A, 0x2A, 0x10, 0xD8, 0xE1, 0xF2,
    0x8B, 0x8A, 0x02, 0x5F, 0xD8, 0x64, 0xFC, 0x84, 0x55, 0x88, 0x5C, 0x28, 0xF9, 0x71, 0xF1, 0x81,
    0xB2, 0x8B, 0x73, 0xAD, 0xE5, 0x2E, 0xB1, 0xED, 0xF3, 0x43, 0xA5, 0xCF, 0x9B, 0x7E, 0xF5, 0x79,
    0x99, 0xA2, 0xCA, 0x9E, 0x95, 0x29, 0x04, 0xE1, 0x19, 0xF0, 0x4C, 0x1A, 0xBB, 0x97, 0x95, 0xBF,
    0x39, 0x8D, 0x25, 0x81, 0x0A, 0x73, 0x98, 0xCF, 0xA0, 0xB1, 0xF7, 0x8C, 0x7D, 0x84, 0xED, 0x6E,
    0x22, 0x96, 0xDF, 0x26, 0xB0, 0xD9, 0x4D, 0xE2, 0x69, 0x63, 0xE7, 0x20, 0x7C, 0x49, 0xD0, 0x91,
    0x55, 0x95, 0xF0, 0x76, 0x60, 0x64, 0x62, 0x0B, 0x66, 0x7D, 0xAF, 0x94, 0x57, 0x4D, 0x11, 0x37,
    0x61, 0xDC, 0x85, 0x99, 0x43, 0x88, 0x1D, 0xF2, 0xB2, 0xD7, 0x22, 0xF7, 0x02, 0xD7, 0x17, 0x7C,
    0x96, 0xB3, 0x2D, 0x0F, 0x28, 0xB9, 0x51, 0x73, 0x9D, 0x26, 0x1A, 0x20, 0x51, 0x23, 0xF9, 0x69,
    0x7C, 0xD2, 0x4E, 0x46, 0xAD, 0x38, 0x30, 0x47, 0x50, 0xB2, 0x65, 0x7A, 0x75, 0x9F, 0x4B, 0xC9,
    0x11, 0x91, 0x5D, 0x11, 0xE9, 0xA8, 0x1D, 0x7B, 0xE5, 0x31, 0xC6, 0xA0, 0x09, 0x21, 0x30, 0x51,
    0x78, 0x49, 0x95, 0xBC, 0x45, 0x1A, 0x91, 0x34, 0x52, 0xA1, 0x60, 0x8A, 0x0B, 0x4E, 0xA7, 0xE0,
    0x52, 0xE9, 0x94, 0x54, 0x57, 0x24, 0xF9, 0xE5, 0x19, 0xCC, 0x87, 0x5C, 0x38, 0xD9, 0xE6, 0xE0,
    0xA7, 0x27, 0x20, 0xD4, 0x4A, 0x4E, 0x83, 0xF6, 0x9F, 0xE0, 0x4A, 0xBE, 0x1B, 0xA0, 0x1E, 0x16,
    0x9F, 0x33, 0x96, 0x31, 0x44, 0xD6, 0x02, 0xA3, 0x6C, 0xBB, 0xB8, 0x88, 0x39, 0x20, 0x21, 0x9E,
    0xF7, 0x65, 0x6C, 0x9C, 0x15, 0x11, 0xD9, 0x77, 0x94, 0x30, 0x07, 0x83, 0x3D, 0x49, 0x74, 0xA0,
    0x8F, 0xE4, 0x09, 0x16, 0x4A, 0x54, 0xBB, 0x92, 0x68, 0xBC, 0x56, 0xA3, 0xBF, 0xD6, 0x67, 0x29,
    0x99, 0x74, 0x40, 0xB6, 0x39, 0x81, 0xEA, 0x48, 0x75, 0x0E, 0x73, 0xB0, 0xC9, 0xE3, 0x54, 0x66,
    0x4C, 0x07, 0xA8, 0xB3, 0xE5, 0x91, 0x98, 0xA5, 0xEC, 0x48, 0xEA, 0x7A, 0xCE, 0x95, 0xF6, 0xCA,
    0x47, 0xCB, 0x07, 0x4E, 0x2E, 0x62, 0x08, 0x37, 0xD2, 0x97, 0x71, 0x7D, 0xBD, 0xDE, 0x10, 0x77,
    0x88, 0x0F, 0x8F, 0x73, 0x95, 0xF8, 0x29, 0xD9, 0xA6, 0x92, 0xA9, 0xE7, 0x5B, 0x14, 0x33, 0x0F,
    0xB8, 0x00, 0xEE, 0x20, 0x67, 0x25, 0xAC, 0x9A, 0xB6, 0x69, 0x03, 0x4E, 0xC8, 0x38, 0xF1, 0x1A,
    0x99, 0xBC, 0x07, 0x13, 0x5F, 0xBF, 0x91, 0x89, 0x95, 0x8D, 0xFA, 0xB8, 0xFE, 0x7B, 0xA2, 0xA7,
    0xB0, 0x75, 0x64, 0x4D, 0xB4, 0x73, 0xD3, 0x13, 0x8F, 0xBC, 0x29, 0xA9, 0x1D, 0xDA, 0x8E, 0x50,
    0xE4, 0x90, 0x9D, 0x21, 0x85, 0x73, 0x21, 0x63, 0x4E, 0x94, 0x07, 0xC8, 0x6E, 0xCE, 0x91, 0x33,
    0x11, 0x1B, 0xD9, 0xF8, 0x0A, 0xAF, 0x21, 0xFC, 0x46, 0x90, 0x6C, 0x3D, 0x71, 0xD6, 0x45, 0xE1,
    0x2B, 0x9F, 0xE6, 0x70, 0xC5, 0xFA, 0x9B, 0x6A, 0x37, 0xC0, 0x5A, 0x07, 0x77, 0xC9, 0x47, 0xFB,
    0x08, 0x4D, 0x8C, 0xED, 0x80, 0x87, 0x2A, 0x42, 0xE9, 0xA5, 0x4B, 0xE5, 0x01, 0x33, 0x57, 0x20,
    0xBB, 0xE0, 0x43, 0xA8, 0x88, 0x2C, 0x93, 0x20, 0x55, 0xBB, 0x0B, 0xED, 0x91, 0x17, 0x6E, 0x17,
    0x4F, 0x62, 0xFE, 0x7B, 0x88, 0xF4, 0x3F, 0x8A, 0xCD, 0x21, 0xF4, 0xAE, 0xF4, 0xC2, 0x3C, 0x3C,
    0x07, 0xDD, 0x06, 0x3F, 0x4F, 0xA9, 0xB4, 0xFF, 0x5E, 0x79, 0xEA, 0xFB, 0x09, 0x7C, 0xE6, 0x64,
    0x59, 0xA5, 0x0D, 0xEC, 0x72, 0x9F, 0x8E, 0xC3, 0xE1, 0x1A, 0xA9, 0xA9, 0xD4, 0xC4, 0x99, 0xDE,
    0x79, 0x19, 0x9F, 0x19, 0x9C, 0xF6, 0xB3, 0xB7, 0xD1, 0xD1, 0xDA, 0x6A, 0x3B, 0x72, 0x12, 0x87,
    0xEC, 0xC6, 0x50, 0x89, 0xCD, 0x15, 0xEB, 0x50, 0xBB, 0xFA, 0xF4, 0xD2, 0x32, 0x93, 0xF6, 0x82,
    0xCD, 0xC5, 0x9A, 0xDB, 0x4E, 0x68, 0x6E, 0xC3, 0x84, 0xE0, 0xF2, 0xEC, 0xCE, 0x9C, 0x16, 0xE2,
    0x5A, 0x8A, 0xCD, 0xF6, 0x23, 0xBF, 0xD4, 0xA6, 0xF7, 0x20, 0xF6, 0x85, 0x89, 0x14, 0x8B, 0xC8,
    0x28, 0x3E, 0x72, 0x1F, 0x92, 0x7B, 0x74, 0x8A, 0x9B, 0x48, 0xFD, 0x11, 0x39, 0xC9, 0xAF, 0xE2,
    0x39, 0x04, 0xC0, 0x3F, 0x26, 0x09, 0xBE, 0xEF, 0xA7, 0x28, 0xE4, 0x5F, 0xDD, 0x7A, 0x05, 0x6D,
    0xBC, 0xBE, 0xF9, 0x3A, 0xE2, 0xC2, 0x8A, 0x2D, 0xA7, 0x6E, 0xE2, 0x4C, 0xC8, 0x87, 0x85, 0xC8,
    0x28, 0xA3, 0x65, 0xAE, 0x20, 0xD3, 0x66, 0x93, 0xFD, 0x85, 0x32, 0x27, 0xEC, 0xCB, 0xBE, 0x33,
    0x1C, 0x20, 0x8D, 0x21, 0x30, 0x3A, 0x71, 0xBE, 0x9F, 0xEC, 0xA4, 0xB5, 0x8F, 0xEC, 0xA5, 0x17,
    0x87, 0xC9, 0xFA, 0xE6, 0xC2, 0x71, 0x12, 0xFF, 0x93, 0xF3, 0x44, 0x2D, 0x17, 0x02, 0x2F, 0x38,
    0xB0, 0xEE, 0x2B, 0xDC, 0x74, 0x0C, 0xB6, 0x79, 0x06, 0xC7, 0xCC, 0x6F, 0x6D, 0x7A, 0x3C, 0x0A,
    0x93, 0x89, 0xC8, 0xD3, 0xFB, 0xC1, 0xE2, 0x61, 0x34, 0xD3, 0xC3, 0xD8, 0xB2, 0x8F, 0x48, 0xE4,
    0x98, 0xB0, 0xA8, 0xCB, 0xD3, 0x38, 0x66, 0x64, 0x85, 0x14, 0x42, 0x4C, 0xBA, 0x26, 0x7B, 0xE1,
    0x69, 0x71, 0x3F, 0x0F, 0x54, 0xEA, 0x45, 0xB1, 0xBC, 0xA9, 0xDD, 0xFB, 0x91, 0xFD, 0x95, 0xB2,
    0xBF, 0x35, 0x0C, 0x97, 0x87, 0xBB, 0x70, 0xAF, 0x94, 0x5B, 0x1E, 0x00, 0xB3, 0x49, 0x72, 0x1D,
    0xB9, 0x84, 0x35, 0x96, 0xCA, 0x96, 0x7A, 0xC7, 0x3C, 0x60, 0x1B, 0x11, 0x2E, 0x87, 0xD8, 0xCE,
    0x07, 0x6B, 0x33, 0xA3, 0xB5, 0xE6, 0x88, 0xD5, 0x18, 0x76, 0xD2, 0x01, 0x34, 0x66, 0xBE, 0xE6,
    0x37, 0x17, 0xB1, 0x06, 0x96, 0x42, 0xCD, 0xEC, 0x22, 0xFE, 0x05, 0x91, 0x17, 0x14, 0x05, 0x3B,
    0x15, 0xFE, 0x75, 0xC3, 0x54, 0x03, 0x58, 0xAB, 0xD0, 0xC3, 0x5E, 0xF4, 0x5E, 0x60, 0x5A, 0xE9,
    0x06, 0x9F, 0x27, 0x48, 0xAD, 0x3C, 0x15, 0x07, 0x3F, 0x8F, 0xEB, 0x08, 0xA5, 0x87, 0x0C, 0x9A,
    0x39, 0x8E, 0xEC, 0x01, 0xE2, 0x62, 0xBB, 0x5C, 0x6F, 0xEF, 0x52, 0x47, 0x08, 0xDE, 0x85, 0x87,
    0x9A, 0x42, 0x85, 0xCC, 0xD2, 0x3D, 0xC4, 0x5B, 0x96, 0x72, 0x7E, 0x4B, 0x56, 0x6E, 0x4E, 0x9A,
    0xB7, 0x95, 0xE2, 0x17, 0x64, 0x3F, 0xD7, 0xF2, 0x76, 0xD4, 0xA1, 0x7D, 0x2E, 0x0B, 0xA0, 0x22,
    0xA7, 0xFF, 0x03, 0xBD, 0x58, 0x3D, 0x6C, 0x15, 0xD9, 0x15, 0x3E, 0x33, 0xC3, 0x63, 0x88, 0x67,
    0xC3, 0x75, 0x01, 0x0A, 0x10, 0xE2, 0x71, 0x41, 0xE1, 0x25, 0x98, 0xA1, 0x70, 0x14, 0x8A, 0x87,
    0xEF, 0x25, 0x5B, 0xAC, 0x14, 0x8A, 0x75, 0x24, 0x3B, 0x5B, 0x44, 0x0A, 0x5B, 0x50, 0x6C, 0xAC,
    0x24, 0x50, 0x50, 0xB8, 0x00, 0xCF, 0x44, 0x2B, 0x85, 0x82, 0x22, 0x2E, 0xD2, 0xA5, 0x88, 0x0B,
    0x22, 0xB1, 0x2F, 0xD1, 0x1A, 0x29, 0x8E, 0x84, 0x22, 0xDB, 0x6F, 0x80, 0x82, 0x82, 0x22, 0x63,
    0x36, 0xD1, 0x96, 0x3B, 0xCB, 0xB2, 0x89, 0xE4, 0x14, 0x19, 0x25, 0xA3, 0xEC, 0x03, 0xCD, 0x7B,
    0x37, 0xDF, 0xB9, 0x77, 0x9E, 0xC1, 0xBB, 0x2C, 0xF8, 0x4F, 0x99, 0x37, 0xF7, 0xBC, 0x99, 0x79,
    0xEF, 0xDE, 0x73, 0xEE, 0xF9, 0xF9, 0xCE, 0x39, 0x43, 0x44, 0xC3, 0xF4, 0x41, 0xB2, 0x14, 0xFC,
    0xBD, 0x73, 0x25, 0x52, 0xB3, 0xA7, 0x25, 0xC9, 0x5B, 0xCB, 0x14, 0x25, 0x5D, 0x0A, 0x53, 0x1E,
    0x55, 0xFD, 0xBD, 0x4C, 0x61, 0x32, 0x4B, 0x91, 0xC2, 0xEF, 0x24, 0xF0, 0xD4, 0xD5, 0x39, 0xD9,
    0x23, 0x20, 0x9A, 0x14, 0x89, 0xAF, 0xEF, 0x27, 0xE1, 0x1B, 0x9F, 0x93, 0x74, 0x2A, 0x8C, 0x0E,
    0xFE, 0x55, 0x0F, 0x5C, 0x47, 0x4E, 0x49, 0xE2, 0xBD, 0x02, 0x73, 0x92, 0x7A, 0x0E, 0xED, 0xA3,
    0xE9, 0x1B, 0xC7, 0x23, 0xBA, 0xF8, 0x38, 0x0C, 0xB1, 0x9C, 0x3F, 0xC0, 0xE4, 0xA7, 0x4C, 0xE6,
    0x98, 0xD0, 0x57, 0x93, 0x20, 0x03, 0x3F, 0xAF, 0x1C, 0xC5, 0x1A, 0xED, 0x92, 0xD6, 0x8F, 0x5B,
    0x18, 0x9D, 0xF8, 0x5A, 0x35, 0x13, 0x26, 0xD5, 0x29, 0x91, 0xF4, 0x32, 0x91, 0x54, 0xB4, 0x3E,
    0x20, 0xAF, 0xB8, 0x83, 0xF1, 0x8F, 0x8A, 0xBC, 0x6E, 0x7B, 0x7D, 0xD2, 0xD7, 0x5C, 0xC5, 0x5F,
    0xFE, 0x5B, 0xE6, 0xCE, 0xAD, 0xEC, 0xD3, 0x49, 0x9A, 0x6E, 0x29, 0x6A, 0xB5, 0xE6, 0xA3, 0xB5,
    0x8A, 0x9E, 0x2E, 0x14, 0x41, 0x26, 0x29, 0x13, 0x59, 0x90, 0x85, 0x69, 0x1A, 0x25, 0x41, 0x26,
    0x52, 0x15, 0x43, 0x0C, 0x91, 0x51, 0x97, 0xA5, 0xC9, 0x31, 0x8F, 0xBF, 0xBC, 0xC2, 0x3C, 0x14,
    0x39, 0x7F, 0xA5, 0x61, 0x4A, 0x3C, 0x41, 0xAA, 0x31, 0x4C, 0x57, 0x2B, 0x34, 0x26, 0x56, 0xBB,
    0x4E, 0x97, 0xCA, 0x58, 0xE7, 0xAE, 0xD6, 0x46, 0xF0, 0x77, 0x0E, 0x19, 0x46, 0xCD, 0x19, 0x62,
    0x46, 0x66, 0x9E, 0xA4, 0x86, 0x32, 0xF3, 0x58, 0xAD, 0x99, 0xB8, 0xA3, 0x35, 0x7F, 0xAD, 0x66,
    0x86, 0xD1, 0x27, 0xBF, 0xE8, 0x6C, 0x60, 0x94, 0x1A, 0x46, 0x91, 0x9D, 0x30, 0xEE, 0xF0, 0x74,
    0x55, 0xF9, 0x04, 0x46, 0xEE, 0x93, 0xF3, 0x04, 0x46, 0x1E, 0xA6, 0x53, 0x63, 0xA2, 0xE1, 0xE0,
    0x2F, 0xA5, 0x7F, 0x1D, 0x3B, 0x2C, 0x21, 0x02, 0xC1, 0x18, 0x93, 0x44, 0x3F, 0x60, 0x19, 0x82,
    0x5E, 0x19, 0xE9, 0x3C, 0xBC, 0x56, 0x9E, 0x10, 0xA9, 0x74, 0xCB, 0x63, 0x30, 0xAF, 0x5B, 0xD2,
    0x2C, 0x8C, 0x56, 0x12, 0x9B, 0xB1, 0x74, 0x0B, 0xC2, 0x13, 0x3F, 0x1F, 0x94, 0x5E, 0x29, 0xD2,
    0x5B, 0xE1, 0x6F, 0x3A, 0x72, 0xAA, 0x08, 0x2A, 0x1D, 0xF7, 0xAD, 0x3F, 0x7D, 0x93, 0x8E, 0xBF,
    0x1F, 0x95, 0x14, 0x76, 0x82, 0x8C, 0xBC, 0x62, 0x53, 0xC4, 0x67, 0x12, 0x78, 0x85, 0xC8, 0x86,
    0xBC, 0x22, 0xD6, 0x3D, 0x6C, 0x08, 0x26, 0x65, 0xE2, 0xF3, 0xAA, 0x82, 0x77, 0xDF, 0x66, 0xCB,
    0xDC, 0x30, 0x66, 0x51, 0xE0, 0x21, 0x32, 0xF0, 0x08, 0x52, 0x2C, 0xC0, 0x8A, 0xB1, 0x44, 0xF2,
    0xAD, 0x60, 0x12, 0x7C, 0x99, 0xF8, 0x4C, 0x82, 0x20, 0x05, 0x8F, 0x20, 0x05, 0x8F, 0xC0, 0xA8,
    0x34, 0xED, 0x2F, 0x2F, 0xD8, 0x11, 0x8D, 0x23, 0xFC, 0x9A, 0xA6, 0xD4, 0x48, 0x9C, 0xAE, 0x88,
    0xF4, 0x2A, 0x7E, 0xE1, 0xF3, 0x5E, 0x57, 0xA4, 0xCB, 0xE6, 0x76, 0xC3, 0x19, 0xA6, 0x57, 0xDB,
    0xE5, 0x55, 0x22, 0x9C, 0xCB, 0x04, 0xED, 0xF8, 0x25, 0xED, 0x55, 0xD3, 0xC9, 0xC0, 0xEF, 0xE0,
    0x28, 0xB9, 0xFF, 0x38, 0xCE, 0x82, 0xC2, 0x85, 0x35, 0x82, 0x8A, 0xE9, 0xC0, 0x8A, 0xA1, 0xF2,
    0x7B, 0x4C, 0xC5, 0x5D, 0xA6, 0xFE, 0x23, 0xA6, 0xEE, 0x7F, 0x99, 0x52, 0xCF, 0xD0, 0xD8, 0xD0,
    0x08, 0x54, 0x10, 0x5B, 0x32, 0xCE, 0x3C, 0xB6, 0x27, 0x0E, 0x4B, 0xA5, 0x51, 0xF1, 0xEC, 0x33,
    0xE7, 0xB4, 0xFE, 0x4A, 0x87, 0xC0, 0xF6, 0x46, 0xCC, 0x5C, 0xC7, 0x99, 0x29, 0x31, 0x4F, 0x02,
    0xCB, 0xBB, 0x9A, 0x39, 0xC6, 0xCC, 0x50, 0x32, 0x3F, 0xC9, 0xEC, 0x24, 0x73, 0x93, 0xCC, 0x4C,
    0x32, 0x2F, 0xC9, 0xAC, 0x24, 0x73, 0x32, 0xAB, 0x8F, 0xAF, 0x73, 0x58, 0x66, 0xFD, 0x77, 0xFA,
    0x4C, 0x5C, 0x56, 0x50, 0xC0, 0xE6, 0xF0, 0x33, 0x6B, 0x69, 0x78, 0x11, 0xC5, 0x0B, 0x85, 0xCC,
    0xC4, 0xA3, 0x0E, 0x3B, 0x5E, 0xE5, 0x7F, 0x35, 0x09, 0x99, 0xB4, 0x0B, 0x6D, 0xE6, 0xFA, 0xEB,
    0x46, 0x33, 0xAA, 0x8F, 0x79, 0xF9, 0x0B, 0x44, 0x73, 0xC7, 0x88, 0x16, 0x61, 0xF4, 0x08, 0x0F,
    0xE1, 0xF5, 0x34, 0x80, 0xC1, 0x8E, 0x2F, 0xF1, 0xCF, 0xEF, 0x82, 0xF1, 0x1F, 0xF1, 0xDB, 0xA3,
    0x92, 0x9C, 0xB4, 0x43, 0x2E, 0xE2, 0xD7, 0x5B, 0xEB, 0x92, 0xDF, 0x6A, 0x93, 0x80, 0x56, 0xF6,
    0x43, 0x3F, 0xA3, 0x98, 0xA8, 0x53, 0x5D, 0x36, 0x9C, 0xC4, 0x7B, 0xA0, 0x9C, 0x1E, 0xC7, 0x2D,
    0x4E, 0xA1, 0x93, 0xF0, 0x5C, 0x16, 0xC0, 0x91, 0xFC, 0x3C, 0xD0, 0x79, 0xF4, 0x66, 0x2E, 0xFD,
    0x5C, 0x06, 0xB9, 0x3C, 0x9F, 0x8B, 0xFF, 0x54, 0x26, 0xEA, 0x9A, 0x33, 0x22, 0x6F, 0xC0, 0xA9,
    0xA2, 0x12, 0x1E, 0xF2, 0xA5, 0x8F, 0xC8, 0xE3, 0x6A, 0x78, 0x1F, 0xFE, 0x53, 0xF0, 0x86, 0xA3,
    0xC2, 0x2F, 0xBC, 0xE7, 0x3E, 0x7E, 0x11, 0x75, 0x1D, 0x35, 0x01, 0xC9, 0x52, 0xBB, 0x93, 0x83,
    0x58, 0xF2, 0x83, 0x84, 0x80, 0x9E, 0x90, 0x09, 0x81, 0x83, 0xCF, 0x56, 0xD0, 0x73, 0x2F, 0xA4,
    0xBF, 0x9F, 0x50, 0x5F, 0x7A, 0x5F, 0xA7, 0xE1, 0x1B, 0x05, 0xE2, 0x0E, 0xA8, 0x09, 0xF0, 0xE4,
    0xD3, 0xE9, 0x00, 0x3D, 0x01, 0x9E, 0x35, 0x76, 0x4E, 0x1C, 0x22, 0x6A, 0x2E, 0x42, 0x53, 0xB9,
    0xD1, 0x1A, 0x40, 0x74, 0x1E, 0x18, 0x3A, 0xC7, 0xD0, 0xF8, 0xAA, 0xC1, 0xC8, 0x69, 0x80, 0xB3,
    0xC6, 0x4D, 0x97, 0x12, 0x72, 0x3F, 0xC2, 0xAA, 0x40, 0x09, 0x3A, 0x60, 0x8D, 0x0C, 0x04, 0x85,
    0xA4, 0xCF, 0x21, 0xE7, 0x8B, 0x10, 0xB4, 0xAA, 0x11, 0xF4, 0x20, 0xF4, 0x20, 0xB1, 0xD6, 0xE0,
    0x20, 0xD1, 0xCC, 0x6D, 0x8C, 0x19, 0x0B, 0x09, 0x3B, 0x90, 0xC9, 0xC8, 0xA5, 0xA1, 0xDB, 0x29,
    0x20, 0xC2, 0xBD, 0xD4, 0x8C, 0xFE, 0xB1, 0x25, 0xD9, 0xCC, 0x01, 0x6F, 0x76, 0x73, 0xEB, 0xD0,
    0xBB, 0x25, 0x9F, 0x0F, 0x79, 0x04, 0x87, 0xE0, 0x2E, 0xC8, 0x77, 0x1A, 0x49, 0x2B, 0x84, 0xB7,
    0xEF, 0x65, 0xF9, 0x2E, 0x5B, 0x19, 0x77, 0x28, 0x9F, 0x7B, 0xAF, 0xB6, 0xE7, 0xEB, 0xCF, 0xC9,
    0xA7, 0xB6, 0x29, 0xDF, 0x12, 0xC6, 0x10, 0x3B, 0x29, 0xED, 0x9A, 0xFE, 0x3C, 0x86, 0x01, 0x46,
    0xFA, 0x63, 0x3B, 0xD3, 0x9F, 0xC3, 0x91, 0xAE, 0x46, 0x00, 0x28, 0x88, 0x74, 0xAF, 0x38, 0xF8,
    0x76, 0x21, 0x75, 0x31, 0xEE, 0x15, 0x08, 0xF6, 0xF0, 0xAD, 0xD4, 0xEF, 0xAD, 0xFB, 0x67, 0x0C,
    0x66, 0x70, 0x4F, 0x5A, 0x5C, 0xB4, 0x83, 0x8F, 0x6D, 0x22, 0x0D, 0x8B, 0xAF, 0x95, 0x33, 0x45,
    0xFE, 0xB5, 0x04, 0xA7, 0xE3, 0x6C, 0x0A, 0x6F, 0x8C, 0x14, 0xED, 0xC2, 0x72, 0x16, 0xCA, 0xA6,
    0x9E, 0xC6, 0x2E, 0x48, 0x41, 0x33, 0x9C, 0x85, 0x58, 0x91, 0x9B, 0x91, 0xC2, 0x1E, 0x11, 0x5F,
    0x1F, 0x04, 0xD4, 0x0C, 0xB4, 0x5A, 0x73, 0x40, 0x9B, 0xDF, 0x63, 0x42, 0x4C, 0x39, 0xED, 0x97,
    0x34, 0x4F, 0x47, 0x39, 0x21, 0x9C, 0x66, 0x72, 0x49, 0xB6, 0x88, 0x72, 0x39, 0x45, 0xCE, 0x67,
    0x50, 0xB7, 0xB7, 0xD6, 0xE6, 0x22, 0x4F, 0xD2, 0xF0, 0xD7, 0x41, 0x4E, 0x8D, 0x52, 0x4C, 0xB7,
    0xF4, 0x3D, 0xAD, 0xED, 0x9E, 0x04, 0x74, 0xDD, 0x80, 0x34, 0x93, 0x0D, 0x25, 0x74, 0xBB, 0x0C,
    0xCF, 0x95, 0x4B, 0x81, 0x5F, 0x8C, 0x13, 0xF3, 0xD7, 0x5A, 0x43, 0x14, 0x92, 0x3E, 0xAA, 0x88,
    0xA0, 0xD8, 0x23, 0x7F, 0xDC, 0xFD, 0x99, 0x28, 0x63, 0xEB, 0x09, 0xD3, 0xF3, 0xE4, 0x3F, 0x01,
    0x34, 0x26, 0x0C, 0x89, 0xA3, 0xB4, 0x82, 0x47, 0xDD, 0xFE, 0x70, 0x5B, 0x49, 0xD7, 0xD1, 0x6A,
    0x19, 0x9C, 0x66, 0x85, 0x46, 0x11, 0x15, 0xA3, 0x00, 0x98, 0x25, 0x47, 0x77, 0xAC, 0xF1, 0x27,
    0x4A, 0xA1, 0x17, 0xC7, 0x45, 0x72, 0x26, 0x48, 0x71, 0xE2, 0x42, 0x68, 0x1A, 0x98, 0xC0, 0x2A,
    0x14, 0x69, 0x5C, 0xE7, 0x57, 0xDF, 0x2E, 0xCA, 0x6F, 0x77, 0xCA, 0x6F, 0x3C, 0x9E, 0x5D, 0x48,
    0xF6, 0xA2, 0x88, 0x48, 0x86, 0x89, 0xFE, 0x04, 0x15, 0xCB, 0xD4, 0xAA, 0xFE, 0x65, 0xBC, 0x9D,
    0x29, 0xD5, 0x05, 0xD6, 0x1A, 0xDE, 0x5C, 0x09, 0x01, 0xD4, 0x9F, 0xE7, 0xBD, 0xCF, 0x25, 0x31,
    0x04, 0x37, 0x04, 0x12, 0x6F, 0x4E, 0x0E, 0xA7, 0x28, 0xDD, 0x3C, 0x5E, 0x48, 0x1A, 0xD0, 0xFA,
    0x04, 0x50, 0x76, 0xA6, 0x0E, 0x7A, 0x06, 0xEF, 0x9B, 0xD3, 0x49, 0x58, 0xC6, 0x28, 0x29, 0xCF,
    0x20, 0x50, 0x2E, 0x53, 0xB0, 0x8A, 0xDA, 0x05, 0x80, 0x1C, 0x7C, 0x8C, 0x01, 0x10, 0x0C, 0x3E,
    0x42, 0xA5, 0xF7, 0x21, 0xEA, 0x9E, 0x55, 0xAE, 0x30, 0x57, 0x20, 0x87, 0x4C, 0xE2, 0xEA, 0x9B,
    0x85, 0x8B, 0x04, 0xE4, 0x7C, 0x9A, 0xDA, 0x22, 0x09, 0x09, 0x68, 0x8A, 0x33, 0x73, 0x6A, 0xD3,
    0xEB, 0xFA, 0xB8, 0xDF, 0x25, 0x71, 0x37, 0x47, 0x35, 0x93, 0x90, 0xF8, 0x0B, 0xEE, 0x35, 0x0F,
    0x54, 0x37, 0x0F, 0xF8, 0x19, 0xEA, 0x35, 0x04, 0x54, 0xBB, 0x8C, 0xB7, 0x9F, 0xBC, 0x4E, 0xD4,
    0x45, 0x37, 0x7B, 0x41, 0x1B, 0x2E, 0x7D, 0x84, 0x36, 0x91, 0xC0, 0x16, 0xC9, 0xC9, 0xC8, 0xCD,
    0x88, 0xD3, 0xF5, 0x4F, 0xAC, 0x2D, 0x0D, 0xD8, 0xAB, 0xDD, 0x95, 0x83, 0x43, 0x24, 0x81, 0x21,
    0xB7, 0x2A, 0x10, 0x32, 0x22, 0x67, 0x63, 0xCD, 0x3B, 0x19, 0x68, 0xCD, 0x87, 0xBA, 0x18, 0xFA,
    0x61, 0x7E, 0xD4, 0x4B, 0x10, 0x80, 0x74, 0x9A, 0xA8, 0xA7, 0xE8, 0x47, 0x05, 0xA1, 0x9F, 0xA1,
    0xAA, 0x49, 0xD5, 0x15, 0xAA, 0x24, 0x6A, 0x58, 0x93, 0x96, 0xD1, 0x48, 0xA0, 0x89, 0xE0, 0x1A,
    0x6D, 0xD2, 0x84, 0x99, 0xCE, 0xA4, 0x4E, 0xC7, 0x7C, 0x35, 0xFC, 0x2D, 0xA2, 0x31, 0x84, 0x12,
    0xB9, 0x3D, 0x13, 0xEC, 0x06, 0xAC, 0x70, 0x5E, 0xF6, 0xF2, 0xDB, 0x41, 0x2A, 0x17, 0x14, 0xBC,
    0x73, 0x78, 0xDF, 0xE8, 0x7A, 0xB1, 0xE1, 0xBD, 0xE8, 0x93, 0xA3, 0xB0, 0x4F, 0x8E, 0xFD, 0x1F,
    0x9A, 0x12, 0xE6, 0xC0, 0xD2, 0xAF, 0x19, 0xC4, 0x60, 0x0E, 0xE6, 0x6B, 0x77, 0xBB, 0x11, 0xB3,
    0xA6, 0x81, 0x00, 0xD7, 0x50, 0xC7, 0xD0, 0x5D, 0xEA, 0x46, 0xC8, 0x9D, 0xB3, 0x55, 0xFE, 0x50,
    0x5D, 0xD2, 0xEC, 0x20, 0xD2, 0xE9, 0xB8, 0xA9, 0xF5, 0x0B, 0x2E, 0x7C, 0xB7, 0x1A, 0xE9, 0x88,
    0xEC, 0x9B, 0x30, 0x78, 0x19, 0x96, 0x64, 0x8D, 0xC2, 0xAA, 0xFA, 0x22, 0x7D, 0xBA, 0xF0, 0xB0,
    0x35, 0x17, 0xAC, 0x2D, 0xAC, 0xB6, 0x15, 0x3F, 0x91, 0xF4, 0x45, 0xCA, 0xF2, 0x78, 0xF9, 0x12,
    0xC5, 0x15, 0xD5, 0x60, 0x8B, 0x0D, 0xC1, 0x63, 0xA2, 0x9F, 0xF7, 0x48, 0x14, 0x68, 0x1A, 0xB2,
    0x30, 0x11, 0xE9, 0xFA, 0x07, 0xD7, 0x7C, 0x8F, 0xE7, 0x29, 0xC7, 0xC7, 0x12, 0x92, 0x26, 0xDA,
    0xEE, 0x8F, 0x11, 0xF3, 0x4F, 0x36, 0x62, 0x43, 0x9C, 0x73, 0x12, 0xC7, 0x62, 0xEF, 0xD6, 0x3D,
    0x46, 0x90, 0x98, 0xF2, 0x9E, 0xBB, 0x0A, 0x6E, 0x2A, 0xB8, 0xA7, 0xE0, 0x96, 0x82, 0x9B, 0x18,
    0x6E, 0x28, 0xB8, 0x9F, 0xE0, 0x76, 0x82, 0xBB, 0x09, 0x6E, 0x26, 0xB8, 0x97, 0xE0, 0x56, 0x82,
    0x3B, 0x09, 0x6E, 0x24, 0x9C, 0x79, 0x32, 0xA9, 0x88, 0xD5, 0x61, 0xF0, 0x15, 0x6B, 0xA1, 0x53,
    0x20, 0x34, 0x0A, 0x36, 0x79, 0xBF, 0x60, 0x70, 0x54, 0xA3, 0x41, 0xA8, 0xAD, 0x56, 0x58, 0x19,
    0x78, 0x2E, 0xB7, 0x03, 0xA7, 0x60, 0xC5, 0xEF, 0x64, 0x75, 0x7A, 0x4C, 0x9F, 0xA5, 0xC7, 0x55,
    0x4E, 0x8F, 0x48, 0x8D, 0x3C, 0x74, 0xCF, 0xE4, 0x24, 0x4E, 0x8D, 0x27, 0x9F, 0xA5, 0x46, 0x58,
    0x9A, 0x9A, 0x26, 0xE3, 0xF7, 0xC8, 0x7D, 0x8F, 0x9C, 0xFB, 0xA6, 0x8A, 0xE9, 0x27, 0xC8, 0x81,
    0x97, 0x26, 0xC8, 0x9B, 0x7D, 0x6F, 0xF4, 0xD2, 0x7A, 0x1F, 0xBB, 0x94, 0x25, 0x8F, 0xD4, 0x7D,
    0x16, 0xAF, 0xAD, 0xB6, 0x9E, 0x29, 0xDD, 0x79, 0xEB, 0xD3, 0x21, 0xFB, 0xF4, 0x1E, 0x20, 0xE5,
    0x1F, 0x6A, 0xA4, 0x5C, 0x01, 0x23, 0x4D, 0xCB, 0xEE, 0x42, 0xD2, 0xF5, 0x81, 0x90, 0xFB, 0xA1,
    0xD3, 0xA3, 0xF8, 0x1E, 0x03, 0x52, 0x5E, 0x02, 0x52, 0x66, 0x88, 0x9F, 0xD4, 0x22, 0x25, 0xB6,
    0x4C, 0xFB, 0x4C, 0xBF, 0x91, 0x70, 0xFD, 0x71, 0xC6, 0x68, 0x68, 0xF2, 0x92, 0xAF, 0x33, 0x06,
    0x47, 0xBF, 0x94, 0xFB, 0x3B, 0xF2, 0x44, 0x47, 0x9E, 0xEA, 0xC8, 0x4F, 0x3A, 0xD1, 0x1D, 0x06,
    0xC7, 0x40, 0x27, 0xAF, 0xE1, 0xEF, 0xDF, 0xC7, 0xC6, 0x1E, 0x80, 0xF7, 0xBF, 0x61, 0x8D, 0xC1,
    0x89, 0x6D, 0x17, 0x2D, 0xAF, 0x8F, 0x50, 0x38, 0xCE, 0xEF, 0x59, 0x9C, 0xB3, 0x6A, 0x53, 0xE5,
    0x0A, 0x6B, 0x9F, 0x79, 0x2C, 0x02, 0xDA, 0xD5, 0xE0, 0xF6, 0x8B, 0xA5, 0x49, 0x24, 0x09, 0xF2,
    0xB8, 0x58, 0xDB, 0x14, 0xDF, 0x23, 0x87, 0x49, 0x9C, 0x27, 0xCE, 0x01, 0x67, 0xD5, 0x74, 0xEB,
    0x66, 0xB8, 0xB6, 0x14, 0x64, 0x47, 0x83, 0xEC, 0x35, 0x7E, 0xA9, 0x80, 0xF3, 0xE9, 0x7C, 0xF0,
    0xD9, 0x44, 0x7D, 0x9D, 0x35, 0x10, 0xA2, 0x22, 0x1B, 0x8A, 0x75, 0x6F, 0x04, 0xBB, 0x43, 0x06,
    0xE7, 0xDD, 0xD9, 0x1C, 0x98, 0x84, 0x6F, 0x66, 0xC8, 0x0D, 0x7C, 0xEA, 0x42, 0x9A, 0x18, 0x8B,
    0xD4, 0xA0, 0xF8, 0x1B, 0x30, 0xD0, 0x34, 0x71, 0x40, 0x26, 0xAD, 0xDC, 0x87, 0xA9, 0x43, 0x5B,
    0xE0, 0xD2, 0xDF, 0x8B, 0xB2, 0x7B, 0x79, 0x25, 0x97, 0x91, 0x77, 0x29, 0xEA, 0x4B, 0xB5, 0xB7,
    0x95, 0xB8, 0x5A, 0x71, 0x8B, 0xFF, 0x92, 0xB3, 0xC7, 0xC9, 0xF2, 0xC2, 0x3C, 0x35, 0x81, 0x1C,
    0xA3, 0xE4, 0x34, 0x0C, 0x52, 0x57, 0xE4, 0x54, 0x26, 0xB8, 0x37, 0x9E, 0x0E, 0xFB, 0x94, 0x72,
    0x54, 0x58, 0x9C, 0x9E, 0x19, 0xDC, 0xF3, 0xB2, 0x5E, 0xBA, 0x01, 0x9B, 0x2D, 0xDE, 0x62, 0x1B,
    0xB6, 0x91, 0x7F, 0x9E, 0x83, 0x2B, 0xDC, 0xB5, 0xCB, 0x81, 0xC3, 0xE0, 0xF1, 0x2B, 0x45, 0xEE,
    0x87, 0x30, 0xEE, 0x84, 0xDA, 0x51, 0x2F, 0x7D, 0x18, 0x66, 0x38, 0x49, 0xFE, 0xF5, 0xDA, 0xC9,
    0x5E, 0xDD, 0x4B, 0x73, 0xEF, 0x8E, 0x2B, 0x07, 0x65, 0x97, 0xA3, 0x76, 0xC6, 0x1B, 0x26, 0x75,
    0xAC, 0xA3, 0xD1, 0xA6, 0x78, 0xDB, 0x7D, 0x73, 0x0F, 0x94, 0x98, 0x7D, 0x73, 0xEA, 0x8D, 0xFE,
    0x69, 0xCB, 0x3C, 0x0B, 0xFF, 0x3C, 0x38, 0xA3, 0xDB, 0xE0, 0x35, 0xA5, 0xE0, 0xC3, 0xD2, 0xDE,
    0x73, 0x29, 0x98, 0xA3, 0x28, 0xAE, 0x82, 0x7C, 0xE4, 0x02, 0x9D, 0x6C, 0x92, 0xD8, 0x6F, 0x5C,
    0xCF, 0x51, 0xF1, 0xC5, 0x4C, 0x7C, 0x9E, 0x03, 0xAE, 0xEB, 0x57, 0x59, 0xFD, 0x13, 0xA1, 0xD3,
    0xEE, 0xD8, 0x0D, 0xB7, 0x53, 0xB3, 0x61, 0x42, 0x0D, 0xB9, 0x5D, 0xA6, 0x28, 0x7D, 0x3D, 0x54,
    0x97, 0xE7, 0x68, 0x8F, 0xF3, 0x6A, 0xA6, 0xEE, 0x2F, 0x61, 0xDD, 0x4F, 0x33, 0xFB, 0xAE, 0xE7,
    0xC0, 0xE0, 0x8E, 0xBA, 0x47, 0x58, 0x98, 0x44, 0x84, 0x26, 0xFC, 0x3A, 0xAC, 0x75, 0x56, 0x6D,
    0xBD, 0xAB, 0x6D, 0x98, 0x2A, 0x0B, 0xF8, 0x8D, 0xDE, 0x69, 0xF0, 0xC0, 0xCE, 0xDE, 0x04, 0xF4,
    0xBD, 0xE7, 0x61, 0x6A, 0xBD, 0x67, 0xAB, 0x1D, 0x6C, 0x8B, 0xC4, 0x6F, 0xB3, 0x93, 0x5E, 0x3E,
    0xEE, 0x72, 0xA1, 0x15, 0xE5, 0xDC, 0x49, 0xF1, 0xAB, 0x8F, 0x88, 0x0B, 0xC4, 0xA6, 0x53, 0x5E,
    0x71, 0xD0, 0xD0, 0x66, 0xA1, 0x36, 0x4B, 0x17, 0xA6, 0x88, 0x4C, 0x6D, 0xF7, 0x43, 0xE1, 0x0A,
    0x35, 0x05, 0x35, 0x11, 0x5A, 0x73, 0x14, 0x01, 0xF9, 0x34, 0x47, 0xFE, 0x98, 0x50, 0x57, 0x84,
    0xED, 0xF0, 0xB8, 0xA2, 0x45, 0x12, 0xF3, 0xCC, 0xD4, 0xE9, 0x56, 0x8B, 0xFE, 0xDC, 0x5E, 0xA0,
    0x7C, 0xD6, 0xC7, 0xF0, 0xEC, 0xDB, 0xBE, 0x97, 0x0D, 0x4E, 0x66, 0x7D, 0xB7, 0xE6, 0x8C, 0xDE,
    0xE4, 0x5C, 0x57, 0x27, 0x6A, 0xE5, 0xA1, 0xC2, 0x68, 0x57, 0x21, 0x57, 0x1B, 0xFD, 0x4F, 0x2A,
    0xFE, 0xEA, 0x57, 0x9C, 0x35, 0xBD, 0xC4, 0xE7, 0x14, 0xF3, 0x3E, 0xCD, 0x5E, 0x4C, 0x2A, 0x91,
    0xDD, 0x0E, 0xF2, 0x41, 0x60, 0x58, 0x98, 0x3A, 0xCB, 0x14, 0xA0, 0x55, 0x41, 0x19, 0xE4, 0x17,
    0xB6, 0xFE, 0xE5, 0x37, 0x8B, 0x70, 0x8F, 0x15, 0xBA, 0x98, 0xD3, 0x13, 0xEA, 0xEF, 0xAA, 0x8D,
    0x5D, 0xA5, 0xCD, 0xDA, 0x79, 0x14, 0x66, 0x79, 0x0B, 0xA6, 0x60, 0xB1, 0x58, 0x88, 0x8B, 0x28,
    0x41, 0xB5, 0x8A, 0x14, 0x70, 0xC0, 0xBE, 0x3D, 0xA7, 0xE6, 0x65, 0xE2, 0xF7, 0xE6, 0xF5, 0x8B,
    0x30, 0x80, 0x10, 0xC3, 0x90, 0xD8, 0x08, 0x42, 0x4F, 0x17, 0x32, 0xD4, 0x58, 0x2F, 0x80, 0x26,
    0x91, 0xC5, 0x55, 0x5C, 0xBD, 0xB2, 0x97, 0xBA, 0x03, 0xC1, 0xFF, 0xB5, 0xB9, 0x5A, 0xE6, 0x7F,
    0x45, 0x52, 0x4D, 0x68, 0x13, 0x41, 0x14, 0xFE, 0x26, 0xD9, 0x64, 0x9B, 0xC4, 0x36, 0x4B, 0x49,
    0x40, 0x6B, 0x6C, 0x23, 0x58, 0xD8, 0xB6, 0x9B, 0x9F, 0x4A, 0xA4, 0x4B, 0x4D, 0x9A, 0xC1, 0x93,
    0xDE, 0xF6, 0x90, 0x80, 0xE2, 0x25, 0x82, 0x87, 0x18, 0x28, 0xF4, 0xA0, 0x52, 0x6D, 0x63, 0x56,
    0xF4, 0x28, 0x98, 0x93, 0x47, 0x49, 0xA1, 0x28, 0x2D, 0x14, 0x7B, 0x28, 0x1A, 0xA1, 0x36, 0x73,
    0xF6, 0x20, 0x2B, 0x78, 0x92, 0xA2, 0x39, 0x58, 0x44, 0xEA, 0xA1, 0x87, 0x1E, 0x8A, 0xB4, 0xAE,
    0x6F, 0x56, 0x63, 0xE7, 0xED, 0xCE, 0xEE, 0x7B, 0xF3, 0x66, 0xE6, 0xFB, 0xDE, 0xF7, 0xAA, 0x28,
    0x22, 0x62, 0x33, 0x1E, 0x6C, 0x46, 0xED, 0x34, 0x34, 0x84, 0x79, 0xC6, 0x99, 0x5F, 0xB7, 0x62,
    0x01, 0x14, 0xBF, 0xBC, 0x39, 0x84, 0x05, 0xB8, 0x7B, 0x65, 0xAB, 0xB6, 0xDA, 0xA4, 0x27, 0xD9,
    0x57, 0x58, 0x1C, 0xD9, 0x67, 0x5C, 0xDF, 0xAA, 0x03, 0xC8, 0xD3, 0x00, 0xC6, 0xB0, 0xCB, 0x55,
    0x7E, 0x06, 0x27, 0x11, 0xC0, 0xB4, 0x98, 0x73, 0xA6, 0x45, 0x18, 0xE1, 0x53, 0x33, 0x79, 0x3A,
    0x83, 0x27, 0xFB, 0x52, 0xF9, 0xE8, 0x1E, 0xE3, 0x56, 0xAB, 0xD5, 0xD2, 0xF8, 0x05, 0x21, 0xAD,
    0x7A, 0x13, 0x85, 0x45, 0x44, 0x87, 0xC1, 0x18, 0x7C, 0xB6, 0xEA, 0x0C, 0x3E, 0x36, 0x0D, 0x79,
    0x26, 0xE3, 0x23, 0xFB, 0x85, 0x45, 0x4D, 0x61, 0x67, 0xB2, 0xED, 0x77, 0x75, 0xC4, 0x1E, 0xCC,
    0x0C, 0x24, 0xD6, 0x11, 0xAB, 0x6F, 0x6E, 0xE4, 0x06, 0xE8, 0xE3, 0x79, 0x63, 0xC8, 0x40, 0x15,
    0xE0, 0x41, 0x3B, 0x6A, 0x17, 0x08, 0x2B, 0x42, 0xF5, 0x10, 0x50, 0xA9, 0x57, 0x50, 0xE6, 0xAE,
    0x60, 0x9E, 0xC1, 0xD6, 0x1F, 0xA4, 0x8D, 0x96, 0x62, 0x66, 0x4D, 0x05, 0xBA, 0xBE, 0x05, 0x57,
    0x8F, 0x41, 0x77, 0x75, 0x02, 0x5C, 0x14, 0x41, 0x35, 0xF2, 0xBB, 0xDA, 0x74, 0xBA, 0x9D, 0xB1,
    0x54, 0x23, 0xD5, 0x63, 0x10, 0xFE, 0x87, 0x3B, 0x80, 0x54, 0x7E, 0x8E, 0xD2, 0xFA, 0x11, 0x11,
    0x7E, 0x31, 0x21, 0x4E, 0x61, 0x00, 0x79, 0x32, 0xDA, 0xC6, 0x41, 0x0C, 0x50, 0x5B, 0xB9, 0xBF,
    0x56, 0xA1, 0x0B, 0xCF, 0x5E, 0x9E, 0xDA, 0x56, 0x2C, 0xD3, 0x18, 0xDE, 0x88, 0x74, 0x01, 0xB5,
    0x1B, 0xDD, 0x37, 0x0D, 0x20, 0x97, 0x48, 0xB7, 0xA5, 0x1F, 0xE9, 0x66, 0x0E, 0x72, 0xE4, 0x67,
    0x82, 0x8D, 0xA3, 0xA5, 0x03, 0x3A, 0x8F, 0x0A, 0x18, 0xE7, 0x34, 0xBB, 0xE5, 0xB2, 0x9C, 0xFF,
    0xBE, 0xC7, 0xE5, 0xED, 0xFC, 0x86, 0x37, 0x8A, 0xAE, 0x2B, 0xBC, 0x9F, 0x3E, 0x6C, 0xAA, 0xCE,
    0x0C, 0xB2, 0x80, 0x42, 0x58, 0x12, 0xC8, 0x61, 0x0E, 0x2D, 0x38, 0x3E, 0xE1, 0xE7, 0x2A, 0x81,
    0xED, 0x87, 0x01, 0xD3, 0x0B, 0x71, 0x68, 0xC6, 0x09, 0x43, 0xB3, 0x02, 0x95, 0x50, 0xE3, 0x28,
    0x5E, 0x02, 0x1A, 0x47, 0x56, 0xA0, 0xB6, 0x12, 0x2F, 0x0D, 0xDD, 0x3C, 0xFF, 0x44, 0x53, 0xF0,
    0x22, 0x5F, 0x87, 0x92, 0xCB, 0x1A, 0x27, 0x4C, 0xEF, 0xF2, 0x55, 0x1A, 0x55, 0xCC, 0x20, 0x4A,
    0xB5, 0x26, 0x95, 0xB1, 0x48, 0xB7, 0xFF, 0x87, 0x91, 0x4F, 0x25, 0x34, 0x70, 0x5F, 0xF7, 0xF5,
    0xD7, 0x37, 0x4F, 0x19, 0xDA, 0x9B, 0x5B, 0xB1, 0x1E, 0xDB, 0x63, 0xCC, 0x3D, 0x09, 0x6F, 0x6D,
    0x85, 0x03, 0xC4, 0xE0, 0x63, 0xF1, 0xF3, 0xCB, 0x43, 0x3F, 0x31, 0x60, 0x5C, 0x75, 0x7C, 0x76,
    0xE6, 0x79, 0xE3, 0xB0, 0x69, 0xF9, 0xA9, 0x74, 0x3D, 0x76, 0xF1, 0x52, 0x8F, 0xE3, 0x05, 0xD1,
    0x70, 0x92, 0xB6, 0xEC, 0x19, 0x5D, 0x8F, 0x55, 0x87, 0x2E, 0x35, 0xBF, 0x05, 0xD8, 0xBA, 0x03,
    0x64, 0xF9, 0xA8, 0xAD, 0x31, 0x1E, 0x83, 0x0F, 0x21, 0x48, 0xFF, 0x13, 0x58, 0xF6, 0x21, 0x94,
    0x24, 0x23, 0xEE, 0xCC, 0x2A, 0x41, 0xC4, 0x79, 0x56, 0xC6, 0x0F, 0x33, 0x8F, 0xF6, 0xF8, 0xBD,
    0xE1, 0x16, 0xA4, 0xAE, 0x7D, 0xB2, 0x57, 0x4C, 0x63, 0xF0, 0xB1, 0xEA, 0xD0, 0x65, 0xCF, 0x88,
    0x25, 0x9B, 0x6D, 0x87, 0xE1, 0xAD, 0x03, 0xCB, 0x66, 0x3A, 0x3F, 0xBF, 0xC6, 0x1F, 0xCA, 0xDA,
    0x24, 0xF5, 0x46, 0x81, 0xC0, 0x8C, 0xDA, 0x23, 0x5C, 0xEA, 0x0B, 0x5C, 0xFC, 0x79, 0xE3, 0xCA,
    0xD4, 0x76, 0xA8, 0x52, 0x79, 0x7B, 0x4D, 0xA1, 0xFE, 0x51, 0xA4, 0x6E, 0xEA, 0xCE, 0x75, 0xA7,
    0xA7, 0x42, 0x12, 0x38, 0x39, 0x0C, 0x6C, 0xF8, 0x7F, 0xBD, 0x12, 0x18, 0x5A, 0x96, 0xA1, 0x8E,
    0x2B, 0x97, 0xE2, 0xE5, 0x52, 0x6D, 0x75, 0x25, 0xB2, 0x8C, 0x40, 0xD1, 0xFD, 0x31, 0xBB, 0xCE,
    0x3A, 0xFB, 0x5E, 0x7E, 0x6D, 0x05, 0xAA, 0xEB, 0x3A, 0x69, 0xA0, 0x5D, 0xA1, 0x76, 0xF4, 0x12,
    0xAF, 0x76, 0xDC, 0x23, 0xA9, 0x22, 0xAD, 0xE2, 0x34, 0x76, 0xC9, 0x34, 0x8C, 0xE3, 0x3B, 0x76,
    0x70, 0x97, 0x58, 0xC5, 0x14, 0x3D, 0x91, 0x30, 0x30, 0x64, 0xE7, 0x9C, 0x9C, 0x33, 0x26, 0x18,
    0xD5, 0x26, 0x47, 0x96, 0x72, 0x14, 0x4C, 0x60, 0x89, 0x54, 0x95, 0x49, 0xCC, 0x86, 0x18, 0x17,
    0x93, 0x22, 0x2B, 0xA6, 0x29, 0x7E, 0x8E, 0xF4, 0x9E, 0x16, 0xA6, 0x34, 0xAA, 0xC5, 0xC2, 0x1A,
    0x26, 0x3F, 0x60, 0xF2, 0x3D, 0xEE, 0xBC, 0x97, 0x08, 0x16, 0x30, 0x49, 0xAD, 0x72, 0x9B, 0xFE,
    0x94, 0x82, 0xAE, 0xA7, 0x14, 0xB3, 0x99, 0xB0, 0xFB, 0xED, 0x08, 0xF9, 0x29, 0x67, 0x80, 0x47,
    0xF8, 0x28, 0x6D, 0xF9, 0x03, 0xAD, 0x5B, 0x6F, 0x8C, 0x14, 0xE7, 0x79, 0x7F, 0x66, 0x06, 0x6E,
    0x92, 0x1B, 0xEE, 0xDE, 0xFB, 0x60, 0x47, 0x76, 0x82, 0x19, 0xAB, 0xB2, 0x2A, 0x8A, 0x80, 0x41,
    0x15, 0x52, 0x4E, 0xED, 0x71, 0x33, 0x2E, 0xAA, 0x1C, 0xC5, 0x95, 0xE0, 0x03, 0x34, 0x1F, 0xA2,
    0x04, 0x4B, 0xED, 0x87, 0xE4, 0xDA, 0xE8, 0x68, 0x7A, 0xAD, 0xAC, 0x76, 0xD9, 0x19, 0x83, 0x2A,
    0x4B, 0x41, 0x55, 0x36, 0x55, 0xAB, 0xAA, 0xF5, 0x07, 0x5F, 0x5B, 0x2A, 0xE1, 0xB5, 0x94, 0xBB,
    0xA6, 0x56, 0x84, 0xAD, 0xDB, 0x9D, 0xB9, 0x23, 0x12, 0x52, 0x51, 0xC3, 0x60, 0x8C, 0x69, 0x65,
    0xA7, 0x1E, 0x63, 0x88, 0xDB, 0x43, 0x0A, 0x43, 0x18, 0xC2, 0x70, 0x37, 0xBB, 0xD3, 0xDF, 0xF3,
    0xCE, 0xEC, 0x9F, 0x83, 0x03, 0xEE, 0xC0, 0x7B, 0xF3, 0x3C, 0xBB, 0x3B, 0xFB, 0xCE, 0xFB, 0xF7,
    0xF9, 0xF3, 0x7B, 0x9E, 0xF7, 0x3D, 0x75, 0x9A, 0x94, 0x94, 0x68, 0x8C, 0x68, 0x03, 0x4D, 0xD4,
    0x4F, 0x9A, 0x4B, 0x73, 0x46, 0xB8, 0xD9, 0x08, 0x37, 0x19, 0x21, 0xF1, 0x95, 0x47, 0xC6, 0x62,
    0xAD, 0xFC, 0x1C, 0x6E, 0x34, 0xC2, 0x41, 0x71, 0xF5, 0x9B, 0x6E, 0xDE, 0x7E, 0x62, 0x03, 0xED,
    0xD9, 0xC3, 0x17, 0x5E, 0x6B, 0x7F, 0x6A, 0xA2, 0x5E, 0xA7, 0x66, 0x3E, 0x43, 0xB3, 0x55, 0xDD,
    0x99, 0xAE, 0x6A, 0x0E, 0x55, 0xF1, 0x38, 0x93, 0x9B, 0x87, 0xE4, 0x7E, 0x2D, 0xA1, 0xAA, 0x92,
    0xE1, 0x7B, 0x8F, 0x9A, 0x5A, 0xA2, 0xE5, 0xE7, 0x3C, 0x1A, 0xA8, 0x91, 0xF0, 0x68, 0x27, 0xD1,
    0x08, 0x6D, 0xAB, 0x9F, 0xB0, 0x16, 0xE7, 0x44, 0xB8, 0x5D, 0x84, 0x9B, 0x45, 0x48, 0xF7, 0xBB,
    0xDC, 0x16, 0xD1, 0xB6, 0x69, 0x75, 0xA9, 0x65, 0x04, 0xE3, 0xA6, 0xB7, 0xC3, 0x72, 0xC8, 0x26,
    0xB2, 0xEB, 0x8E, 0x9D, 0x3B, 0xFC, 0x81, 0xC8, 0xF2, 0x48, 0x04, 0x03, 0xFA, 0x9D, 0xEF, 0x90,
    0x9F, 0xA0, 0x07, 0x4A, 0x9D, 0xC4, 0x6B, 0xE1, 0x4E, 0x35, 0x1E, 0x57, 0x42, 0xFE, 0x35, 0x22,
    0xD1, 0x26, 0x15, 0xDD, 0xB2, 0x62, 0xD2, 0x92, 0x31, 0x25, 0xA9, 0x28, 0xF1, 0xB8, 0x16, 0x89,
    0xDC, 0x41, 0xE1, 0x6D, 0x27, 0xAC, 0x44, 0x84, 0xAB, 0xFD, 0xB9, 0xD9, 0x13, 0x23, 0x95, 0xB9,
    0xB1, 0x97, 0x1F, 0x5C, 0xE6, 0x8B, 0x75, 0xD2, 0x5B, 0xA4, 0x26, 0x6B, 0xBA, 0xB4, 0x98, 0xF4,
    0x88, 0xEC, 0x80, 0x9E, 0x23, 0x1A, 0xAC, 0xD7, 0x31, 0x19, 0x4B, 0xDC, 0x89, 0x90, 0xE7, 0x4D,
    0xB2, 0x00, 0x4C, 0x09, 0xDC, 0x03, 0xCC, 0x72, 0x47, 0x09, 0xAA, 0x22, 0x54, 0x83, 0xAA, 0x1E,
    0x6B, 0x41, 0x55, 0x8B, 0x35, 0x0F, 0x9F, 0x0E, 0x39, 0x55, 0x23, 0xCA, 0xC9, 0x9F, 0x0C, 0x1A,
    0x5A, 0xDE, 0x22, 0xF9, 0x9A, 0x38, 0x59, 0x3F, 0x41, 0x66, 0x32, 0x79, 0x05, 0x2B, 0x24, 0x82,
    0x15, 0xCC, 0x04, 0xCB, 0xF3, 0xDC, 0xC3, 0xA7, 0x33, 0x31, 0xEE, 0xCD, 0x67, 0xFC, 0x43, 0x97,
    0xCD, 0xA7, 0x22, 0x34, 0x2F, 0xC5, 0x6E, 0x86, 0x22, 0xBC, 0xA2, 0x72, 0x49, 0xE5, 0x9A, 0x92,
    0x5C, 0x54, 0xB9, 0xA2, 0x05, 0xE3, 0x75, 0xC5, 0xC2, 0xC6, 0xF8, 0xCA, 0x42, 0x76, 0x17, 0x6B,
    0x62, 0xB5, 0xB5, 0xFC, 0x3C, 0x8F, 0xE6, 0x04, 0x91, 0x8A, 0x52, 0x7A, 0x40, 0xB4, 0x91, 0xFB,
    0x36, 0xE1, 0x99, 0x89, 0x8B, 0x0E, 0xEC, 0x41, 0x77, 0xA6, 0xC8, 0x38, 0x0F, 0x39, 0xBA, 0xE0,
    0xA1, 0x57, 0xE8, 0xD9, 0x75, 0x7C, 0xBE, 0x14, 0x93, 0xF1, 0x6E, 0x8A, 0xDF, 0x32, 0x90, 0x8F,
    0xF5, 0xB6, 0x3D, 0x37, 0x33, 0x62, 0xFA, 0x36, 0xDA, 0xB4, 0x40, 0xBA, 0x07, 0xE6, 0x60, 0x0D,
    0xB6, 0x9D, 0xB4, 0x12, 0x13, 0xEB, 0x80, 0x6E, 0x4B, 0xB2, 0x78, 0xFE, 0x43, 0x71, 0xFE, 0x6C,
    0x28, 0x2E, 0xBD, 0x18, 0x8A, 0x9F, 0xE1, 0x5E, 0x0A, 0x8A, 0x3A, 0xBF, 0x8B, 0xC8, 0xCD, 0xEC,
    0x8C, 0x6A, 0xCF, 0xA1, 0x3B, 0x73, 0x44, 0x79, 0x22, 0xFB, 0x53, 0x9F, 0x9E, 0xF0, 0xDC, 0x68,
    0xD2, 0x33, 0x83, 0x61, 0xB4, 0xB5, 0x99, 0xF4, 0x78, 0x0C, 0x42, 0xB1, 0x9B, 0x94, 0x6C, 0x96,
    0xA8, 0xCD, 0x43, 0x0C, 0xA4, 0x40, 0x91, 0x40, 0xB3, 0x5B, 0x88, 0xB4, 0x0C, 0x94, 0x14, 0xF3,
    0xBC, 0xED, 0xC4, 0x04, 0x24, 0xC1, 0xBA, 0x82, 0xBA, 0x83, 0x35, 0x52, 0xE8, 0xE6, 0x79, 0x0A,
    0xE9, 0x2C, 0xC6, 0xC1, 0x33, 0xAA, 0xA0, 0xA2, 0x41, 0xBC, 0x5B, 0xB8, 0x07, 0x49, 0xA0, 0xBF,
    0x8C, 0x88, 0xFE, 0x05, 0xF3, 0x75, 0x21, 0x21, 0x65, 0x3E, 0x25, 0xCD, 0xC3, 0x44, 0x2E, 0xB6,
    0xC8, 0xA8, 0x37, 0x69, 0x18, 0xC2, 0x3D, 0x44, 0x96, 0xB3, 0x03, 0x85, 0xF3, 0x20, 0x8F, 0x27,
    0xEA, 0x27, 0xCC, 0x25, 0x8C, 0x71, 0xD4, 0x08, 0xB7, 0x76, 0xB4, 0x33, 0x34, 0xDE, 0xC7, 0x9D,
    0x96, 0x11, 0x36, 0x8D, 0xB0, 0x81, 0x49, 0x14, 0x3F, 0x4F, 0xDD, 0xBC, 0xB6, 0xAD, 0xEE, 0x90,
    0x75, 0x0D, 0x0D, 0x87, 0x2D, 0x50, 0xB3, 0xA4, 0x8C, 0xC4, 0x32, 0x94, 0x61, 0x91, 0xEF, 0xBB,
    0x3C, 0xD3, 0x3D, 0x3A, 0xDF, 0xC2, 0x02, 0x5F, 0x59, 0x87, 0x46, 0x0E, 0xD4, 0xEB, 0xB5, 0x81,
    0x25, 0xBF, 0x46, 0xAC, 0x62, 0x4C, 0x41, 0x41, 0x4A, 0x49, 0xAA, 0x67, 0x63, 0xB8, 0x36, 0xE9,
    0x18, 0x83, 0x01, 0x7A, 0x06, 0x04, 0x41, 0x8C, 0x31, 0xCA, 0x18, 0x23, 0x8E, 0x31, 0xD3, 0x87,
    0x31, 0x0B, 0x23, 0xEB, 0xB0, 0x38, 0x7F, 0x53, 0xFF, 0xDE, 0xC9, 0xC9, 0xF9, 0xFC, 0x85, 0x54,
    0xF7, 0x1A, 0x5A, 0xA0, 0x60, 0xB8, 0x10, 0xD5, 0xC6, 0x66, 0xA2, 0xD1, 0xC6, 0x28, 0xCB, 0x27,
    0x56, 0xAA, 0xDD, 0x6E, 0x63, 0x25, 0x1B, 0x68, 0x3A, 0x69, 0x58, 0x9E, 0x1E, 0x37, 0x78, 0x11,
    0x1A, 0x46, 0x64, 0x05, 0x2D, 0x2D, 0x69, 0xEB, 0xF9, 0x7C, 0x7B, 0xA0, 0xEE, 0x58, 0x33, 0xF1,
    0x1E, 0xD8, 0x01, 0x35, 0x2D, 0x55, 0x72, 0xC6, 0xA1, 0x99, 0x88, 0xF0, 0x95, 0xB2, 0xE7, 0x28,
    0xAB, 0x28, 0xD9, 0xB8, 0x9E, 0x98, 0xB9, 0x27, 0x17, 0xFC, 0x11, 0x85, 0xEE, 0xA5, 0xA7, 0x88,
    0x12, 0x58, 0x54, 0x17, 0x7D, 0x52, 0x1E, 0x5D, 0x78, 0x1F, 0x55, 0x79, 0x06, 0x57, 0x59, 0x1C,
    0xA5, 0x7F, 0x71, 0x40, 0x1A, 0x13, 0x16, 0xE9, 0x10, 0x16, 0x29, 0xC7, 0xE2, 0xC0, 0x9C, 0x44,
    0xD2, 0x98, 0x4C, 0xD3, 0x44, 0xCD, 0x4C, 0x29, 0xAF, 0x19, 0x99, 0x92, 0x93, 0xD1, 0x52, 0x7D,
    0x32, 0xAA, 0x9A, 0x4B, 0x86, 0xAD, 0x63, 0x29, 0xED, 0xAF, 0x82, 0x99, 0x7F, 0x0D, 0x26, 0x3E,
    0x64, 0x96, 0x82, 0xE9, 0x09, 0x98, 0x16, 0x43, 0x8C, 0xD4, 0xC8, 0x76, 0xDC, 0xF3, 0xE7, 0xF3,
    0x18, 0x23, 0x66, 0x55, 0x49, 0xEE, 0x51, 0x89, 0xA5, 0x99, 0x40, 0x2C, 0xCE, 0xAC, 0xAE, 0x2A,
    0x19, 0xA6, 0x6B, 0xA2, 0x46, 0xEA, 0x1D, 0x08, 0x6B, 0x60, 0x3A, 0xA6, 0x27, 0x02, 0xDB, 0x31,
    0xD0, 0x7F, 0x3D, 0x02, 0xC5, 0x25, 0xE1, 0x33, 0x16, 0xD4, 0xC1, 0x33, 0x81, 0xF0, 0xF8, 0x1B,
    0xF9, 0x69, 0xA1, 0x9E, 0x75, 0x96, 0xDE, 0x99, 0xF5, 0xA9, 0x67, 0xE6, 0xA6, 0x13, 0x6F, 0x38,
    0x66, 0x0E, 0xE3, 0x98, 0x49, 0x0D, 0x2A, 0xF5, 0xC8, 0xF8, 0x34, 0x31, 0xD8, 0x6C, 0x16, 0x52,
    0x78, 0x7F, 0x37, 0xD4, 0x77, 0xDD, 0xE5, 0x86, 0xA4, 0x87, 0xF4, 0x67, 0x9C, 0x59, 0x5B, 0x93,
    0xC4, 0x45, 0x1E, 0x48, 0x2E, 0x0C, 0x04, 0xD6, 0xE0, 0x71, 0x2C, 0x14, 0x89, 0x1C, 0x8C, 0x45,
    0x59, 0xF1, 0x51, 0x95, 0xF1, 0xF3, 0x3B, 0x6D, 0xB2, 0x5E, 0x49, 0x2C, 0xCF, 0x56, 0x12, 0x4C,
    0xE6, 0x5D, 0xEC, 0x79, 0xFC, 0x20, 0xCE, 0x27, 0x2E, 0x9C, 0x23, 0x8C, 0x94, 0x7C, 0x8C, 0x8C,
    0x36, 0xD8, 0xC6, 0x83, 0x52, 0xF6, 0x3D, 0xAC, 0xA0, 0x67, 0xC4, 0x43, 0xA8, 0x1E, 0x0A, 0xC6,
    0xCD, 0xFB, 0x68, 0xDE, 0xF6, 0x0A, 0xE3, 0xC5, 0x86, 0xEB, 0x13, 0x28, 0xD0, 0x3C, 0x64, 0x8F,
    0x9A, 0x64, 0x92, 0xEB, 0xE4, 0x0B, 0x79, 0xF4, 0x08, 0x46, 0x12, 0xBE, 0x8E, 0x95, 0x97, 0x2A,
    0xA0, 0xED, 0x20, 0xA8, 0x34, 0x6D, 0x98, 0x38, 0x51, 0x9F, 0x9E, 0xBC, 0x02, 0x1D, 0x09, 0x58,
    0x0E, 0x56, 0x92, 0x71, 0xCB, 0xF5, 0xD0, 0x67, 0x74, 0xC4, 0xEC, 0x23, 0xEE, 0x54, 0x9E, 0x4C,
    0xBC, 0x51, 0xFF, 0xE7, 0x3A, 0x6B, 0x0D, 0x9C, 0x91, 0x11, 0x5A, 0x4E, 0x83, 0x1E, 0x8D, 0x8B,
    0xAB, 0xEE, 0xDF, 0x35, 0x61, 0x55, 0xF0, 0x0A, 0x3E, 0xD3, 0x3A, 0x9D, 0xA2, 0x4E, 0x5E, 0x2D,
    0x4D, 0x72, 0x45, 0x72, 0x2A, 0x38, 0xDC, 0xB0, 0x47, 0xCD, 0xB6, 0x43, 0xB3, 0x98, 0x91, 0x69,
    0x9E, 0x15, 0xA6, 0xF6, 0x7E, 0x0C, 0x0D, 0x2B, 0x93, 0xC1, 0x9F, 0x67, 0x90, 0x45, 0x88, 0x6A,
    0x41, 0xF0, 0x2C, 0x2D, 0xD7, 0x31, 0xF2, 0x3B, 0x70, 0xB4, 0x90, 0x1C, 0x33, 0x21, 0x17, 0xF6,
    0x03, 0xE2, 0xC1, 0xCC, 0x29, 0xD8, 0x55, 0x66, 0x79, 0x0C, 0x76, 0x3E, 0xE3, 0x7B, 0x0D, 0x66,
    0xCD, 0xEE, 0x27, 0xDC, 0x83, 0xD3, 0xB0, 0x3C, 0xB8, 0x0D, 0xB8, 0x98, 0x93, 0x00, 0x12, 0xD4,
    0x15, 0x7B, 0x3C, 0x8B, 0x27, 0xF1, 0x5C, 0xBF, 0x6A, 0x14, 0x2E, 0x66, 0xA0, 0x4E, 0xD6, 0x6B,
    0xE1, 0xB8, 0x9A, 0xEC, 0xE0, 0x1E, 0x42, 0x37, 0x1A, 0x54, 0x6F, 0xF3, 0x05, 0x59, 0xA0, 0xD6,
    0x53, 0x6C, 0x48, 0xD3, 0x71, 0x3D, 0x32, 0x25, 0xCA, 0x9A, 0x38, 0xA9, 0xBE, 0x81, 0x8A, 0xAD,
    0x37, 0xD1, 0xB9, 0x86, 0x9A, 0xB0, 0xBD, 0xCA, 0x8C, 0xF3, 0x29, 0xB5, 0x8C, 0x77, 0x13, 0x6A,
    0x18, 0xCB, 0x09, 0x35, 0x8D, 0x6B, 0xCC, 0x2E, 0x30, 0x83, 0x45, 0x6B, 0xF0, 0xAF, 0x68, 0x35,
    0x53, 0x80, 0x50, 0x6C, 0x1D, 0x08, 0xC5, 0x90, 0x15, 0xE1, 0xF5, 0x85, 0x7A, 0x4D, 0x69, 0xFB,
    0x35, 0xAD, 0x6B, 0x0B, 0x0A, 0xBB, 0xA0, 0x25, 0x6C, 0x09, 0x20, 0xFE, 0x4D, 0xE8, 0x51, 0x06,
    0x1B, 0x07, 0xCB, 0x24, 0x6D, 0x12, 0x4C, 0x92, 0x7D, 0x14, 0xCA, 0x70, 0x00, 0xCA, 0xE1, 0x99,
    0x46, 0x30, 0x88, 0x71, 0xE9, 0x21, 0x3C, 0xA7, 0xFD, 0x62, 0x68, 0x1B, 0x61, 0x15, 0x06, 0xE6,
    0x50, 0x64, 0xDE, 0x2C, 0x6C, 0xC8, 0x13, 0x34, 0x99, 0xE8, 0x79, 0x2C, 0xDA, 0x0E, 0x10, 0xEA,
    0xE8, 0x84, 0xF3, 0xE5, 0x0F, 0x22, 0x5B, 0x4D, 0x6C, 0x0C, 0x85, 0xB2, 0x71, 0xAE, 0x36, 0xB5,
    0xA0, 0x3A, 0xC7, 0x62, 0x4D, 0xFA, 0x07, 0xE2, 0x16, 0x23, 0xB1, 0x90, 0x30, 0x90, 0x5A, 0x88,
    0x45, 0x1E, 0x88, 0x4B, 0x31, 0x90, 0x15, 0x2E, 0x73, 0x21, 0xF5, 0x19, 0x31, 0xA1, 0x00, 0x60,
    0x16, 0xA4, 0x18, 0x17, 0x6C, 0x16, 0x75, 0x2F, 0xAC, 0x64, 0x61, 0xB7, 0xCC, 0xBC, 0xA5, 0xED,
    0x8D, 0xF9, 0xD2, 0xF8, 0xD2, 0xB5, 0x18, 0xB6, 0x74, 0x48, 0x8B, 0x77, 0x68, 0x71, 0x9E, 0xB7,
    0x13, 0xDA, 0x19, 0xD1, 0x70, 0x28, 0x21, 0x03, 0x86, 0xA0, 0x5F, 0x77, 0x4C, 0x3D, 0xB4, 0x35,
    0x00, 0xD8, 0xD8, 0xCD, 0xE3, 0x6A, 0x69, 0x7B, 0x46, 0xCC, 0x8B, 0x91, 0xDE, 0xE9, 0x12, 0x2C,
    0xC4, 0xB9, 0x2C, 0x27, 0xA1, 0xC5, 0x53, 0xA4, 0x1D, 0x63, 0x6F, 0xFB, 0xC9, 0xCD, 0x80, 0x14,
    0x96, 0x39, 0xED, 0x36, 0x00, 0x80, 0xF1, 0xC9, 0xCD, 0x84, 0xC4, 0xE9, 0x1B, 0x19, 0xD9, 0x2F,
    0xC4, 0x4D, 0x6A, 0x99, 0x99, 0x15, 0x28, 0xFB, 0xC9, 0xF2, 0xA9, 0x62, 0x7A, 0x5B, 0x01, 0xCE,
    0x4D, 0xB6, 0x29, 0xCA, 0xA4, 0x83, 0x6E, 0xEE, 0x16, 0x01, 0x6E, 0x5A, 0xED, 0x4E, 0xCD, 0xFE,
    0xCD, 0x1C, 0xA3, 0x00, 0x90, 0x60, 0x3A, 0x0D, 0xFA, 0x29, 0x28, 0x05, 0x45, 0xC5, 0x3D, 0x13,
    0x84, 0x32, 0x1E, 0x39, 0x0E, 0x2C, 0x03, 0xBC, 0xEA, 0x32, 0xE6, 0xE0, 0xC9, 0x75, 0x3E, 0xCB,
    0x45, 0x5B, 0x62, 0x3E, 0x12, 0xA7, 0x3D, 0x71, 0x8E, 0x4D, 0x9A, 0xB8, 0x1E, 0x88, 0x73, 0xA1,
    0x38, 0x1D, 0xF3, 0xAC, 0xC6, 0x7E, 0x39, 0x69, 0x58, 0x85, 0x63, 0x71, 0x39, 0x75, 0x7B, 0x79,
    0xDE, 0x4C, 0x2D, 0x6E, 0x6B, 0x71, 0x66, 0x76, 0x7A, 0xEB, 0xC7, 0x7A, 0x5B, 0xC4, 0x46, 0x32,
    0x9C, 0x0E, 0x27, 0x43, 0xD9, 0xB6, 0x64, 0xA8, 0xF1, 0x9B, 0xC9, 0x90, 0xFD, 0xDD, 0x64, 0xC8,
    0x7A, 0x37, 0x19, 0x32, 0x17, 0x92, 0x67, 0xC4, 0xD1, 0xC4, 0x7F, 0x55, 0x9A, 0xCC, 0x95, 0x9D,
    0x63, 0x82, 0x45, 0x12, 0x17, 0x7B, 0xDF, 0xCB, 0xCE, 0x39, 0x72, 0x0D, 0x02, 0x73, 0x6F, 0x0C,
    0x13, 0x0A, 0xB1, 0x40, 0x64, 0x83, 0x0B, 0x1F, 0xF0, 0x15, 0x37, 0x7B, 0x6B, 0xE0, 0xE7, 0x79,
    0xF9, 0x6C, 0xBA, 0x2A, 0x99, 0x30, 0x9B, 0xFE, 0x6D, 0xD4, 0xA7, 0x38, 0xBE, 0x9B, 0x98, 0x1F,
    0x43, 0x66, 0x00, 0x56, 0xAA, 0xC2, 0x93, 0x57, 0x70, 0x84, 0xBF, 0x5E, 0xCD, 0xC4, 0x4C, 0x8C,
    0xF5, 0x28, 0xAE, 0xC9, 0xF7, 0x68, 0xE2, 0x04, 0xCB, 0x80, 0x71, 0xDD, 0x33, 0x5F, 0x80, 0x0C,
    0x30, 0xE2, 0xAA, 0xCA, 0x4B, 0xCA, 0x80, 0x63, 0xBE, 0x1F, 0xE8, 0x1D, 0x25, 0xF1, 0xF3, 0x78,
    0x3A, 0xDD, 0x55, 0x4B, 0x77, 0x13, 0x64, 0xAC, 0xEF, 0x02, 0x4C, 0x2F, 0x14, 0x29, 0xFF, 0xB8,
    0x65, 0x79, 0x87, 0x45, 0x30, 0x6B, 0x84, 0xA1, 0xFE, 0x71, 0xA0, 0xFD, 0xD2, 0x53, 0x96, 0x71,
    0x97, 0xD5, 0x98, 0x03, 0x48, 0xD8, 0xFB, 0xDD, 0xF4, 0x85, 0x98, 0xCC, 0x42, 0xF2, 0x9E, 0x2C,
    0x01, 0x2B, 0x03, 0x59, 0x03, 0x84, 0xDB, 0x5A, 0x8E, 0x09, 0x3B, 0x7E, 0x26, 0xB2, 0x8D, 0x85,
    0x78, 0xDC, 0x98, 0x4F, 0xAB, 0x25, 0xD9, 0x20, 0x0B, 0xF7, 0xC4, 0xD9, 0xB3, 0xA1, 0xCA, 0x36,
    0x0B, 0xE6, 0x4A, 0x3E, 0xC3, 0xCF, 0x5A, 0x57, 0xD8, 0xB1, 0x14, 0x32, 0xFA, 0xAB, 0x36, 0x56,
    0x1E, 0x11, 0xD9, 0x8D, 0x10, 0xB2, 0xE9, 0x48, 0xF7, 0x47, 0x78, 0x57, 0xCF, 0x05, 0x0C, 0x26,
    0xC8, 0x84, 0x0C, 0xE6, 0xE7, 0xF2, 0x62, 0x34, 0xB7, 0xD7, 0x30, 0x99, 0x39, 0x57, 0x62, 0x38,
    0x05, 0xCA, 0xEE, 0x20, 0x6D, 0x3C, 0xFB, 0x69, 0x4E, 0xE6, 0x2B, 0x69, 0x8F, 0x00, 0xB2, 0x05,
    0xDC, 0x9D, 0x72, 0x90, 0xBD, 0x24, 0xBB, 0xBD, 0xAC, 0x74, 0x9B, 0xB2, 0xA1, 0x36, 0xEB, 0x33,
    0x4C, 0x87, 0x98, 0x4F, 0x1E, 0xC0, 0x20, 0x87, 0xB6, 0x83, 0x16, 0x0B, 0xC8, 0xB4, 0xFE, 0xC7,
    0x62, 0x36, 0xFB, 0xCC, 0x68, 0x96, 0xD9, 0x61, 0x66, 0x23, 0xC5, 0xBA, 0x11, 0xFD, 0x13, 0x3A,
    0xF5, 0x03, 0xEE, 0xDC, 0x1D, 0x10, 0xC4, 0x10, 0xC2, 0x05, 0xB2, 0xE4, 0xBB, 0x9A, 0xBA, 0xB2,
    0xF7, 0x45, 0xB3, 0x30, 0x55, 0x3C, 0xAD, 0x3C, 0x31, 0x58, 0x5B, 0xF1, 0x1E, 0xB3, 0x3C, 0x04,
    0x3B, 0x1D, 0xA7, 0xDC, 0x22, 0xD8, 0x02, 0x98, 0x79, 0xE6, 0x06, 0xCF, 0xCF, 0x71, 0xB9, 0xF0,
    0xC0, 0x26, 0xA5, 0x0D, 0x7A, 0x8F, 0x0B, 0xA3, 0x28, 0x0A, 0xA2, 0x18, 0xE2, 0x43, 0x3F, 0xF7,
    0xD8, 0x0E, 0x34, 0x61, 0x07, 0x9C, 0xAD, 0xB2, 0x90, 0x3A, 0x13, 0x2A, 0x87, 0x82, 0xD2, 0x0E,
    0x58, 0x64, 0x65, 0x45, 0xC3, 0x1B, 0xA1, 0x5A, 0x18, 0xF0, 0xE9, 0x28, 0x13, 0x67, 0xC3, 0x23,
    0xE2, 0x1C, 0xE4, 0x36, 0x07, 0x7D, 0x04, 0x3A, 0x0B, 0x3A, 0x13, 0x36, 0x4C, 0xF4, 0x00, 0x9A,
    0x1A, 0x95, 0xDA, 0x60, 0xE4, 0x99, 0x05, 0x95, 0xD1, 0x22, 0x5C, 0xE6, 0xDF, 0xC3, 0x54, 0x45,
    0xC6, 0xE9, 0x48, 0x1C, 0x8B, 0x60, 0xD9, 0x5B, 0x56, 0x6B, 0xC0, 0x63, 0x18, 0x4E, 0xA7, 0xD8,
    0xFC, 0xAE, 0xC5, 0xC6, 0x29, 0x0A, 0x19, 0xDF, 0xF7, 0x8C, 0xE3, 0x52, 0xD6, 0xD7, 0x50, 0x1E,
    0xD2, 0xEB, 0xCA, 0x21, 0xFB, 0x72, 0xBA, 0xD0, 0x67, 0x91, 0x27, 0xE2, 0x7C, 0x56, 0x58, 0xEA,
    0xEE, 0x05, 0x15, 0xF7, 0x93, 0x4C, 0x3A, 0xDC, 0x8C, 0x43, 0x03, 0x11, 0xD1, 0x06, 0xA2, 0x2F,
    0x12, 0x8D, 0x03, 0xCC, 0x73, 0x0C, 0xFA, 0x70, 0x6B, 0xCE, 0xCA, 0x09, 0xE3, 0x50, 0x2A, 0xA7,
    0x7B, 0x92, 0xAF, 0xBB, 0x94, 0x13, 0x33, 0x6C, 0x36, 0x69, 0x4C, 0x50, 0x65, 0x23, 0xD9, 0x35,
    0xB2, 0x5A, 0x84, 0x45, 0x84, 0x87, 0x9E, 0x12, 0x4E, 0x45, 0xF0, 0x57, 0xBC, 0x06, 0x50, 0x9F,
    0x90, 0x96, 0xC4, 0x0F, 0xC4, 0x8A, 0x3F, 0x33, 0xF0, 0x93, 0xE7, 0xA6, 0x1B, 0x49, 0x25, 0xBE,
    0xDF, 0xAF, 0x0A, 0xC2, 0x1E, 0x4D, 0xCE, 0xBB, 0x15, 0x6B, 0xAB, 0xFD, 0x21, 0xC6, 0xB0, 0xBD,
    0xE7, 0xA8, 0x74, 0x3D, 0xEC, 0x21, 0x0A, 0xDA, 0x7B, 0x0B, 0x94, 0x27, 0x30, 0xA5, 0x19, 0x6C,
    0xE9, 0x11, 0x18, 0xD3, 0x46, 0x5B, 0xBB, 0x91, 0x65, 0x66, 0xDE, 0x59, 0xC5, 0x42, 0x11, 0xA5,
    0x26, 0x4A, 0xB5, 0x2B, 0x99, 0x8C, 0x70, 0xE7, 0x59, 0x30, 0x83, 0x94, 0x71, 0x39, 0x18, 0x14,
    0xD2, 0xE5, 0xC2, 0x29, 0x1D, 0x74, 0x0A, 0xC0, 0x8A, 0x09, 0x22, 0xBF, 0x5D, 0x58, 0x01, 0x71,
    0x1C, 0x80, 0x1A, 0xF1, 0xB8, 0x60, 0x55, 0xEC, 0xB7, 0xB9, 0xFD, 0xB6, 0x36, 0x41, 0x4B, 0x6A,
    0x8D, 0xCB, 0x6F, 0x91, 0x72, 0xF1, 0x30, 0xA7, 0xA0, 0x4E, 0x63, 0x6E, 0x19, 0x06, 0x8F, 0x49,
    0x01, 0x5D, 0x97, 0xC7, 0x51, 0x1C, 0x47, 0x5B, 0x88, 0xB4, 0x6B, 0x21, 0x1D, 0xA4, 0x75, 0xDB,
    0xC6, 0xF5, 0xD8, 0x27, 0xB7, 0x1F, 0xE1, 0xB2, 0x6C, 0x7D, 0x5B, 0x89, 0xFC, 0xC0, 0xD5, 0x12,
    0x0E, 0xC2, 0x4F, 0xE9, 0xC0, 0x68, 0x2F, 0xC3, 0x8D, 0x79, 0x2F, 0xE3, 0x46, 0x30, 0x05, 0xE8,
    0x13, 0xCC, 0x52, 0x66, 0x85, 0x11, 0x65, 0xBF, 0xFD, 0x71, 0x48, 0x8D, 0x3F, 0x85, 0x1B, 0xAF,
    0x5E, 0xBE, 0x0D, 0x79, 0x9A, 0x6F, 0x33, 0x0E, 0xCF, 0x38, 0x43, 0x92, 0x70, 0x45, 0x1B, 0xC8,
    0xFF, 0x9D, 0xD8, 0x44, 0x3B, 0xB1, 0x00, 0x6C, 0x4B, 0x75, 0xD2, 0xA2, 0x39, 0x03, 0x4A, 0x55,
    0x19, 0x26, 0x35, 0x6E, 0x6E, 0x22, 0xBA, 0x95, 0x6F, 0x25, 0x5A, 0x3E, 0x04, 0x43, 0xD3, 0x64,
    0x7B, 0x5C, 0x81, 0x74, 0x0D, 0xD6, 0x1D, 0x1A, 0x68, 0x17, 0x00, 0x13, 0xEE, 0x82, 0xFE, 0x2D,
    0x9B, 0xA2, 0xFD, 0xD9, 0xB3, 0x05, 0xD8, 0x6C, 0xFB, 0x1D, 0xB0, 0xD9, 0x25, 0x25, 0xB3, 0x1D,
    0x51, 0xAC, 0xA8, 0xDB, 0x27, 0xF9, 0x58, 0x54, 0xB3, 0xFB, 0x35, 0xAF, 0x89, 0x4B, 0x69, 0x3F,
    0x00, 0x62, 0x54, 0xEA, 0x99, 0x57, 0x38, 0x9A, 0x0A, 0x2C, 0x00, 0xBA, 0x60, 0x9C, 0xDE, 0x32,
    0x82, 0x06, 0x7B, 0x04, 0x34, 0x6B, 0x2C, 0xB6, 0xDF, 0x28, 0x99, 0xFC, 0x1A, 0xB4, 0x98, 0x55,
    0x99, 0xD9, 0xF4, 0x39, 0x44, 0x06, 0x57, 0x4F, 0xB9, 0x99, 0xDA, 0x95, 0xBF, 0x8D, 0xFB, 0x7D,
    0x00, 0x41, 0x4C, 0xE8, 0x38, 0x1C, 0xF7, 0x98, 0x38, 0x1A, 0xB3, 0xEC, 0x21, 0x80, 0xBE, 0xE5,
    0xC8, 0xCF, 0xAF, 0x24, 0x8A, 0x19, 0xB4, 0xBE, 0xE1, 0xC7, 0x56, 0x61, 0x1F, 0x07, 0xBC, 0xC2,
    0xF9, 0x58, 0xD0, 0x95, 0xDF, 0x02, 0xFD, 0x09, 0x6E, 0x33, 0xAA, 0x5E, 0x6A, 0x91, 0x7A, 0xBD,
    0x49, 0xDA, 0xEB, 0x00, 0x8E, 0x26, 0x10, 0xB0, 0x29, 0x82, 0x61, 0xD0, 0x0E, 0x53, 0x44, 0xB9,
    0x59, 0x9A, 0xB8, 0xD2, 0x19, 0x29, 0x1F, 0x79, 0xA4, 0x1E, 0x0F, 0x64, 0x5C, 0x66, 0x2C, 0xC7,
    0x34, 0xF4, 0x76, 0x4A, 0x9B, 0x4F, 0x65, 0x34, 0x76, 0xAA, 0x4D, 0xAD, 0x77, 0x72, 0x0F, 0xC3,
    0x83, 0x7D, 0x30, 0xAF, 0x70, 0x50, 0x04, 0x1F, 0x87, 0x79, 0x01, 0x87, 0x18, 0x81, 0x5F, 0xC2,
    0x13, 0x81, 0x7A, 0x1A, 0x01, 0xFA, 0xE2, 0x9B, 0x80, 0xB6, 0xE0, 0x4D, 0xF8, 0xDE, 0x40, 0x54,
    0x98, 0x0F, 0x55, 0xAA, 0xE0, 0xDB, 0x2B, 0x80, 0xAF, 0xC1, 0x68, 0x05, 0x4A, 0x13, 0x9E, 0xAA,
    0x58, 0x81, 0xBB, 0xDC, 0xAA, 0xF8, 0x71, 0x09, 0x5D, 0x38, 0xD3, 0x12, 0x98, 0x18, 0x96, 0xB7,
    0x0D, 0x9A, 0xE2, 0xED, 0x62, 0xD3, 0x2E, 0x31, 0x09, 0xBA, 0x2E, 0x5E, 0x39, 0x07, 0x8F, 0x72,
    0x6C, 0x9F, 0xE9, 0x99, 0xAF, 0xEE, 0x83, 0xD2, 0xBF, 0x7E, 0xCE, 0x8E, 0x55, 0x44, 0xBF, 0xA4,
    0xB5, 0xEB, 0x09, 0xBB, 0x79, 0x54, 0x72, 0x44, 0x65, 0x7F, 0xAB, 0x73, 0x4C, 0xF8, 0x9F, 0xAC,
    0xEA, 0x08, 0x29, 0x94, 0x1C, 0x43, 0xD0, 0x7E, 0x79, 0x23, 0x21, 0xFD, 0xDD, 0x18, 0x55, 0x2D,
    0xC4, 0x47, 0xC8, 0x3C, 0x0A, 0x8C, 0x6C, 0xAB, 0x90, 0xBC, 0x96, 0x68, 0x1B, 0x0C, 0x58, 0x61,
    0x8F, 0x72, 0x0F, 0x18, 0x1D, 0x02, 0x00, 0x31, 0xB5, 0xA7, 0x10, 0x4A, 0xDE, 0x21, 0xFD, 0xA3,
    0x8F, 0xA0, 0x76, 0x67, 0x03, 0x73, 0x1F, 0x3C, 0x3E, 0x74, 0xAE, 0x65, 0xC7, 0xD9, 0xC4, 0x49,
    0x4E, 0x02, 0x61, 0xF4, 0xC6, 0x52, 0x9D, 0x07, 0xAB, 0xC5, 0xAA, 0x1C, 0x3F, 0xC4, 0x8F, 0xDF,
    0x8E, 0x0C, 0xC9, 0x37, 0x6B, 0x94, 0xD7, 0xB9, 0x3E, 0x73, 0x87, 0xDF, 0xDE, 0x5C, 0xBE, 0xCE,
    0x45, 0xC4, 0x99, 0x0B, 0xFC, 0x80, 0x78, 0xF5, 0x5D, 0x4C, 0x4F, 0x60, 0xE9, 0xC0, 0xFA, 0x58,
    0x71, 0x9D, 0x13, 0x54, 0x61, 0x43, 0x0F, 0xAB, 0xE4, 0x2E, 0xA7, 0x76, 0x6A, 0x75, 0x20, 0x36,
    0x1C, 0x13, 0x3B, 0x2D, 0x9B, 0x22, 0x4C, 0x84, 0x38, 0x0A, 0x39, 0xF3, 0xF4, 0x6B, 0xD2, 0xF0,
    0xE4, 0x30, 0x10, 0x17, 0x5B, 0x4B, 0x09, 0x2F, 0x3E, 0xEB, 0xF5, 0xD1, 0x38, 0x9D, 0x23, 0xF3,
    0xD5, 0x8F, 0x81, 0xD5, 0xFD, 0xD7, 0x8F, 0xB5, 0xD9, 0xE8, 0xD0, 0xB0, 0xE9, 0xE8, 0x6F, 0x93,
    0x7E, 0x87, 0xAA, 0x93, 0x1E, 0x22, 0x8A, 0x53, 0x7A, 0x04, 0xF8, 0x8F, 0xEA, 0x06, 0x1B, 0x34,
    0xE8, 0x63, 0xD9, 0x22, 0x76, 0x3E, 0xC5, 0x65, 0x06, 0xB0, 0xBF, 0x70, 0x43, 0x6F, 0x0D, 0x78,
    0x47, 0xFC, 0xF8, 0x8B, 0x7F, 0xCB, 0x82, 0xF7, 0xB9, 0x01, 0x32, 0x0E, 0x79, 0x1A, 0x94, 0xD8,
    0x77, 0xF6, 0x88, 0xE0, 0x29, 0x36, 0xF6, 0x8E, 0x06, 0x41, 0x9D, 0x94, 0x4B, 0xCE, 0x21, 0x56,
    0x60, 0xB6, 0x68, 0x0F, 0xD1, 0xCB, 0x03, 0xCE, 0x1E, 0x3F, 0x1C, 0xFC, 0x01, 0x37, 0x3A, 0xF1,
    0xD5, 0xFA, 0xE0, 0xB4, 0xFB, 0x6A, 0xDB, 0x0C, 0xC5, 0x2B, 0xA9, 0xE9, 0xDC, 0xCD, 0xE6, 0x53,
    0x93, 0x18, 0x2B, 0x91, 0x76, 0xEB, 0xCE, 0x1C, 0xAA, 0xC2, 0x38, 0x24, 0x16, 0x29, 0x98, 0x0C,
    0xC4, 0x65, 0x7A, 0x9A, 0x21, 0x8C, 0xB6, 0x92, 0xDC, 0xBD, 0x26, 0x89, 0xBD, 0x06, 0x48, 0x73,
    0xEE, 0x22, 0x88, 0x84, 0x41, 0xFA, 0xA7, 0x7F, 0x0C, 0xD1, 0x8D, 0xEE, 0x79, 0x8E, 0x54, 0xD0,
    0x0F, 0xD1, 0xE7, 0x9F, 0xA7, 0xF0, 0x36, 0x55, 0xF8, 0x24, 0x1B, 0xF6, 0xCC, 0xF2, 0x5A, 0x18,
    0x75, 0xDE, 0x32, 0x83, 0xF6, 0x64, 0x1E, 0xB4, 0xE0, 0xEC, 0x1B, 0x88, 0xA5, 0xAB, 0x28, 0xC1,
    0xBF, 0xB3, 0x4D, 0xEB, 0xAA, 0x1F, 0x1C, 0x6D, 0x1E, 0xB0, 0xB8, 0x30, 0x0E, 0xC9, 0xEC, 0xA5,
    0xCC, 0xDE, 0xD2, 0x8B, 0x87, 0x54, 0xE9, 0x68, 0xEB, 0xD3, 0x4A, 0x0D, 0xF1, 0x27, 0x2C, 0xD8,
    0x16, 0x98, 0xCF, 0xED, 0x98, 0x9C, 0x51, 0xC4, 0x68, 0xBB, 0x30, 0xB5, 0xB3, 0x70, 0xA8, 0x11,
    0x46, 0x07, 0x01, 0x6B, 0xB1, 0x27, 0x40, 0x69, 0xDB, 0x29, 0xD2, 0x1E, 0x3B, 0x8B, 0xEA, 0x73,
    0xC4, 0x71, 0x96, 0xF7, 0xE7, 0x58, 0x5B, 0xAC, 0x72, 0x10, 0x40, 0x44, 0xA1, 0x76, 0x37, 0xA1,
    0x7E, 0x37, 0x31, 0x0D, 0xCB, 0x1C, 0x03, 0x93, 0x34, 0xC0, 0x03, 0xDF, 0x43, 0x64, 0x71, 0x09,
    0x75, 0xDC, 0x40, 0xBF, 0x46, 0xF6, 0x3F, 0x72, 0x9B, 0x4F, 0xC3, 0x20, 0x0A, 0x13, 0x53, 0x73,
    0x16, 0xF7, 0x9E, 0x77, 0xD6, 0xD5, 0x07, 0xE5, 0x87, 0x5C, 0xDE, 0xF8, 0x34, 0x96, 0x39, 0xEA,
    0x4C, 0xA6, 0xC8, 0xAB, 0xF2, 0x27, 0xDB, 0xBE, 0xD1, 0x6E, 0x91, 0x2D, 0x82, 0x51, 0xF0, 0x17,
    0xC3, 0xC3, 0x88, 0xB1, 0xF6, 0x46, 0xB3, 0xF8, 0xAC, 0xC5, 0x21, 0x7E, 0x55, 0x6E, 0x05, 0x5C,
    0x72, 0xC9, 0xB3, 0x69, 0x8E, 0x7C, 0x08, 0x43, 0x82, 0xEE, 0xF0, 0xD6, 0xC4, 0xB8, 0x6C, 0x7F,
    0xBB, 0xE4, 0x63, 0x92, 0xCB, 0x8C, 0xCE, 0x97, 0xE4, 0xDC, 0x3F, 0x2D, 0x67, 0x5F, 0x6A, 0xE6,
    0xD9, 0xB6, 0x15, 0x9A, 0x7B, 0x6F, 0xA4, 0x06, 0xEA, 0x4A, 0x32, 0xE6, 0x69, 0x63, 0x08, 0x75,
    0xA4, 0xE3, 0x9B, 0x99, 0xDB, 0x5B, 0xF9, 0x8E, 0x39, 0x45, 0xBC, 0x2A, 0xB0, 0x1D, 0xC7, 0x62,
    0x88, 0x37, 0xD6, 0x46, 0xEB, 0x4B, 0x37, 0x18, 0x72, 0xAC, 0xA6, 0xBC, 0x21, 0x8D, 0x9D, 0xC2,
    0x37, 0x06, 0xD9, 0xE8, 0xD5, 0x00, 0xD4, 0x5A, 0x64, 0xFD, 0x2E, 0xAF, 0xBE, 0x08, 0x9A, 0x32,
    0x7D, 0x6C, 0x44, 0xFD, 0xC4, 0x99, 0x8C, 0xAA, 0xD4, 0x45, 0xD3, 0x13, 0x1F, 0x55, 0x51, 0x77,
    0x52, 0xD6, 0x55, 0xBC, 0x8E, 0xA0, 0x8F, 0xA1, 0xF9, 0x57, 0x09, 0x4B, 0x08, 0xCD, 0x41, 0xC2,
    0xE4, 0x35, 0x87, 0x49, 0x12, 0xFF, 0x98, 0xF0, 0x40, 0xC7, 0x7A, 0x65, 0xB5, 0x3B, 0xDC, 0x1B,
    0x4E, 0x29, 0x7D, 0xFE, 0xD7, 0x59, 0x7A, 0x46, 0xF9, 0xA6, 0x04, 0x26, 0x70, 0x40, 0xCA, 0x1B,
    0xBC, 0x8D, 0x33, 0xF3, 0xEA, 0x35, 0xC4, 0xE8, 0x67, 0x17, 0xE2, 0xAA, 0xBE, 0xD7, 0x4B, 0x1B,
    0xEC, 0xAC, 0x18, 0x20, 0x65, 0xDC, 0xEF, 0x96, 0x64, 0xF2, 0xAB, 0xFC, 0xA1, 0x4A, 0xCF, 0xC2,
    0x45, 0x11, 0x7C, 0xA7, 0xF9, 0xFE, 0x2F, 0xBE, 0x0E, 0xE8, 0xB7, 0xB7, 0x13, 0x0C, 0x15, 0x10,
    0x94, 0x5B, 0xDB, 0xE2, 0x63, 0x0A, 0x9E, 0xF8, 0x57, 0xA7, 0x03, 0xBC, 0x5F, 0x22, 0x2A, 0x80,
    0xDD, 0x01, 0xB4, 0xA9, 0xE7, 0x06, 0x42, 0x92, 0x17, 0xF7, 0x09, 0xCF, 0x1A, 0x18, 0x64, 0x0F,
    0x44, 0x9C, 0x7B, 0x84, 0xB1, 0xE8, 0x30, 0x23, 0xB4, 0x08, 0x32, 0x26, 0xDE, 0xBF, 0x33, 0xE9,
    0xA8, 0xF9, 0xBE, 0x72, 0xF7, 0x85, 0x06, 0xEA, 0x80, 0x1E, 0xDA, 0x53, 0x2F, 0x15, 0xDF, 0x3E,
    0x1B, 0x9F, 0x4E, 0x4F, 0x32, 0x12, 0xF9, 0x8B, 0x6B, 0x65, 0x13, 0x8F, 0xE8, 0xE2, 0x69, 0xA2,
    0x06, 0x75, 0xB7, 0x1C, 0x98, 0xC3, 0xB7, 0x1A, 0x32, 0x49, 0xD3, 0xBD, 0x1A, 0x45, 0xE0, 0x88,
    0x18, 0xFF, 0xAA, 0xA7, 0xE6, 0x7D, 0xFE, 0x7C, 0xF2, 0x0A, 0x87, 0x99, 0xAC, 0xEC, 0xBD, 0x28,
    0xB3, 0x97, 0xE2, 0x84, 0xCE, 0x5C, 0x94, 0x80, 0xB5, 0xFF, 0x2E, 0x5C, 0x20, 0xD5, 0xE8, 0xF9,
    0x40, 0xB9, 0xED, 0xC9, 0x12, 0x21, 0x6D, 0x9F, 0x1A, 0x9D, 0x62, 0xFC, 0xCC, 0x09, 0xF6, 0x19,
    0x32, 0x14, 0xFA, 0x7C, 0x31, 0x8E, 0x21, 0xB7, 0xF5, 0x67, 0x2C, 0xC9, 0xFB, 0x27, 0x33, 0xFF,
    0x1B, 0x23, 0xB4, 0x75, 0x74, 0xEB, 0x86, 0xAD, 0xDB, 0xB7, 0x8E, 0xD8, 0xB5, 0x1F, 0xE7, 0xB5,
    0x81, 0xC2, 0x63, 0x63, 0x91, 0xE4, 0xD2, 0x8C, 0x3C, 0xD1, 0x95, 0x93, 0x8C, 0x27, 0x66, 0x00,
    0x55, 0x4C, 0x87, 0x74, 0xCF, 0x4B, 0x42, 0xBD, 0xFD, 0x9C, 0x94, 0xD4, 0xB2, 0x1A, 0x7E, 0x1F,
    0x18, 0xB8, 0xB7, 0x0C, 0x0B, 0xD4, 0xC6, 0xA2, 0x9E, 0x80, 0xEB, 0xA9, 0x75, 0xEB, 0x29, 0x3C,
    0xDE, 0xD3, 0x87, 0xFB, 0xCA, 0x3A, 0xBD, 0x6C, 0x1C, 0xBB, 0x50, 0x72, 0x34, 0xEE, 0xD5, 0xB4,
    0xE6, 0xA8, 0x0E, 0x4D, 0x31, 0x52, 0x67, 0x19, 0x86, 0x93, 0x78, 0xEA, 0xEE, 0x46, 0x38, 0x80,
    0x53, 0x64, 0x7A, 0x54, 0xBB, 0xC2, 0xBB, 0x5F, 0x4A, 0x83, 0x56, 0x7D, 0xA1, 0xDC, 0x33, 0x52,
    0xDA, 0x1B, 0xAC, 0xF1, 0x6A, 0xA8, 0x06, 0xC3, 0xB2, 0x2D, 0xEE, 0xB8, 0x6C, 0x4B, 0x9A, 0xEB,
    0xF2, 0xF5, 0x2C, 0xA6, 0xE1, 0x14, 0x1A, 0x1C, 0x4F, 0x1F, 0x67, 0x27, 0x81, 0x45, 0x75, 0xA8,
    0x34, 0x30, 0xAC, 0x66, 0x53, 0x8F, 0x97, 0x9F, 0xE1, 0xE8, 0x5A, 0x22, 0x0B, 0x99, 0x81, 0xDE,
    0xE8, 0x94, 0xD9, 0x42, 0x37, 0xEF, 0xCB, 0x1C, 0x2E, 0x39, 0xC6, 0xB5, 0xEE, 0xCE, 0x14, 0x67,
    0x0E, 0x11, 0x70, 0xB9, 0xD2, 0x97, 0xAC, 0x09, 0x37, 0xBE, 0xE1, 0x98, 0xD7, 0x92, 0x15, 0x39,
    0xF9, 0x9F, 0x65, 0xC6, 0x07, 0x89, 0x91, 0x07, 0x00, 0xE5, 0x2B, 0x72, 0xF2, 0x8A, 0xE3, 0x4E,
    0xC6, 0xE6, 0xC7, 0xC5, 0xE3, 0x0D, 0xE1, 0xC9, 0xEB, 0x27, 0x0D, 0xF4, 0x5E, 0x7C, 0x9A, 0x8A,
    0x99, 0x08, 0xC6, 0x5C, 0x78, 0xCF, 0x72, 0x8B, 0x09, 0x1D, 0xDC, 0x5F, 0xCC, 0xFF, 0x2E, 0xC4,
    0xDC, 0x13, 0xF5, 0xD8, 0x5A, 0x9C, 0xEE, 0x75, 0x78, 0xB5, 0x0B, 0x22, 0xCC, 0x4D, 0x60, 0xE5,
    0xB1, 0x30, 0xBA, 0x87, 0x00, 0xB9, 0x3F, 0xE8, 0x5B, 0x11, 0xFD, 0x25, 0xBC, 0x79, 0x6E, 0x2D,
    0xCE, 0x19, 0xE1, 0x76, 0xB9, 0x9B, 0xC5, 0x8F, 0x9B, 0x57, 0x69, 0x72, 0x71, 0xB5, 0x0A, 0x19,
    0x71, 0x07, 0x62, 0x21, 0x10, 0xF3, 0x88, 0xDA, 0x9C, 0xC9, 0xFF, 0xA5, 0x43, 0xEF, 0xDD, 0x5D,
    0x15, 0x99, 0x8B, 0x73, 0x78, 0x82, 0x1D, 0xDA, 0x26, 0x29, 0xA6, 0x92, 0xAE, 0x72, 0x2C, 0xCD,
    0x09, 0xDA, 0x26, 0x1B, 0x27, 0x87, 0x37, 0x78, 0x8D, 0x4E, 0x12, 0xBD, 0x25, 0x64, 0x9C, 0xA5,
    0x06, 0x96, 0x23, 0x37, 0x77, 0x96, 0x32, 0x36, 0x00, 0xFD, 0x51, 0xAB, 0xEC, 0xFD, 0x2F, 0x1C,
    0xF1, 0x41, 0xCC, 0x09, 0xCB, 0xBE, 0x88, 0x57, 0x75, 0x32, 0x7D, 0x3E, 0xD1, 0x96, 0x23, 0xFA,
    0x36, 0x6D, 0x55, 0xEB, 0xDE, 0xB7, 0xC8, 0x7F, 0xBE, 0xFD, 0x7C, 0x8B, 0x7E, 0x2D, 0xA8, 0x68,
    0x5F, 0x21, 0x0A, 0x2B, 0xEC, 0x1E, 0x0E, 0x57, 0x36, 0xB1, 0xF8, 0x54, 0x58, 0x80, 0x86, 0x1B,
    0xB3, 0x72, 0x4F, 0x98, 0xE7, 0x3F, 0x05, 0x8C, 0x65, 0x43, 0x64, 0x62, 0x8A, 0xA2, 0x8A, 0x1C,
    0x46, 0x05, 0x60, 0xCA, 0x72, 0x1A, 0x00, 0x32, 0x2D, 0x2D, 0x0F, 0x8A, 0xE4, 0x4A, 0xE1, 0x25,
    0x74, 0xEA, 0x09, 0xB8, 0xC6, 0x4B, 0xA1, 0xC0, 0x5C, 0x01, 0x7E, 0xFC, 0xC1, 0xD1, 0x78, 0x77,
    0x40, 0x0B, 0x31, 0x4C, 0xE9, 0x77, 0x6F, 0x04, 0x5C, 0x35, 0xDC, 0xEE, 0xAF, 0x6E, 0xC7, 0xA4,
    0x5F, 0x2E, 0xA0, 0x2A, 0xB0, 0xCA, 0xB1, 0xC4, 0x76, 0xDA, 0xA2, 0x25, 0x24, 0x44, 0x8E, 0xBB,
    0x89, 0x13, 0xC9, 0x76, 0x29, 0x75, 0xC7, 0x7C, 0x8D, 0x93, 0xB5, 0x3B, 0x95, 0x74, 0x83, 0xC2,
    0x1B, 0x7B, 0xEA, 0x8C, 0xA3, 0x76, 0x36, 0xF6, 0xC6, 0x28, 0xAB, 0xC0, 0x25, 0x69, 0xB1, 0x40,
    0xBD, 0xA3, 0x52, 0x01, 0xB7, 0x14, 0xA9, 0x75, 0x52, 0x0E, 0xAC, 0x02, 0xED, 0x46, 0x80, 0xCB,
    0x8D, 0x10, 0x83, 0xE1, 0x64, 0xE2, 0xAC, 0x54, 0x9A, 0x31, 0xB6, 0x66, 0x32, 0x97, 0x3D, 0x80,
    0x88, 0xC6, 0x0A, 0x8C, 0x60, 0xB7, 0x67, 0x04, 0xD3, 0xC0, 0x71, 0x40, 0x81, 0xA7, 0xA1, 0x03,
    0x1F, 0x50, 0xB1, 0x31, 0xC7, 0x98, 0x7F, 0x21, 0x95, 0x21, 0x8D, 0x21, 0x9D, 0xA8, 0xED, 0x20,
    0x6A, 0x89, 0xCB, 0x8C, 0xCF, 0x6C, 0xD9, 0xE3, 0xC3, 0xD2, 0xA4, 0xC7, 0x3E, 0xA2, 0xE0, 0xFF,
    0x80, 0xBA, 0xC1, 0x10, 0xFF, 0x94, 0xF8, 0xA0, 0x02, 0x89, 0x8F, 0x38, 0x45, 0x11, 0x71, 0x12,
    0x87, 0xCC, 0x85, 0x8C, 0xCA, 0x84, 0x67, 0x39, 0x77, 0x05, 0x9A, 0x9B, 0x38, 0xA9, 0xD6, 0xCC,
    0x2B, 0x22, 0x46, 0x0C, 0xF1, 0x92, 0xF1, 0x93, 0x5D, 0x64, 0x7C, 0x88, 0x7E, 0x7C, 0xC8, 0x9B,
    0x82, 0xBC, 0x39, 0x88, 0xF6, 0xFF, 0x07, 0xED, 0x7F, 0x88, 0xF6, 0xFF, 0xCB, 0x65, 0x64, 0x8D,
    0xF8, 0xC2, 0x0C, 0xDC, 0x4C, 0x4F, 0x8A, 0x36, 0xF1, 0x3D, 0xF8, 0xC4, 0x11, 0x8B, 0x68, 0xE7,
    0x5A, 0x01, 0x34, 0xC5, 0x75, 0x88, 0xE6, 0xB5, 0x58, 0x46, 0xE4, 0x88, 0xA1, 0x50, 0xC6, 0x0A,
    0x3A, 0xE3, 0x14, 0xE1, 0x6E, 0xCF, 0xCD, 0xD6, 0x3A, 0x4E, 0x23, 0xEA, 0x44, 0xFC, 0x2C, 0x8D,
    0x7E, 0x8B, 0xDF, 0x37, 0x80, 0x78, 0x9C, 0xEF, 0xDF, 0x3B, 0xCE, 0x33, 0xE5, 0x38, 0x39, 0x40,
    0x8E, 0x5D, 0xC8, 0xBD, 0xF7, 0xAD, 0x26, 0x04, 0x2F, 0x9E, 0xD3, 0xBE, 0x12, 0xCE, 0x41, 0xE8,
    0xE6, 0x20, 0x72, 0x73, 0x98, 0xFC, 0xE6, 0x6C, 0x51, 0x19, 0x20, 0x05, 0xD0, 0x84, 0x47, 0x73,
    0xA8, 0x7D, 0x4E, 0x8F, 0x21, 0x5E, 0x29, 0x50, 0x29, 0x4F, 0x90, 0xE3, 0xE7, 0x2F, 0xC4, 0xB3,
    0x8D, 0xE1, 0x5D, 0xD3, 0x73, 0xF0, 0x83, 0x73, 0x87, 0x65, 0xA6, 0x8B, 0x1A, 0x7D, 0xCF, 0xB4,
    0x44, 0xA8, 0xE7, 0x47, 0xD3, 0x09, 0x69, 0x42, 0xAD, 0xA4, 0x30, 0x90, 0x7D, 0x7F, 0x4B, 0x33,
    0xA1, 0xB1, 0x38, 0xB3, 0xF2, 0x1E, 0x9B, 0xD0, 0xA8, 0xDC, 0x9A, 0x2C, 0x90, 0x19, 0x87, 0xEE,
    0x9B, 0x4A, 0x92, 0xE6, 0x50, 0x60, 0xBE, 0x44, 0x30, 0x57, 0x50, 0x37, 0x6B, 0x5C, 0x7C, 0x07,
    0xAC, 0xE6, 0x32, 0x41, 0x71, 0x1C, 0x82, 0xF1, 0x97, 0x2A, 0x09, 0x7D, 0xA8, 0xF3, 0xEE, 0xDA,
    0x35, 0x69, 0xA2, 0x65, 0x33, 0x92, 0x51, 0xC1, 0xD0, 0x13, 0xE2, 0xAE, 0x50, 0xDF, 0xBD, 0x2E,
    0xE3, 0xFE, 0x50, 0xD9, 0x21, 0xD9, 0x03, 0xE8, 0x7D, 0xF6, 0x0C, 0x5A, 0x1B, 0x7A, 0x50, 0x0F,
    0x26, 0x38, 0x3C, 0x84, 0x4D, 0x99, 0xB9, 0x42, 0xC5, 0xD9, 0x90, 0xD5, 0xF9, 0x45, 0xC9, 0xA5,
    0x85, 0xE1, 0x71, 0x31, 0xB7, 0x25, 0xE7, 0x1D, 0x25, 0xB9, 0xFD, 0x16, 0x16, 0xB2, 0xE4, 0x67,
    0xA6, 0x74, 0x55, 0x1C, 0xA4, 0xF1, 0x36, 0x32, 0x8F, 0x90, 0x21, 0xB0, 0xB6, 0x24, 0x83, 0xEF,
    0x89, 0xEE, 0xF6, 0x08, 0x4B, 0x57, 0x91, 0x30, 0xEA, 0xB1, 0xF6, 0x15, 0xB0, 0x96, 0xCF, 0x5F,
    0x11, 0xD0, 0xB1, 0xDD, 0x86, 0x00, 0x40, 0x46, 0x6E, 0xE7, 0xFB, 0x82, 0xC2, 0x41, 0x10, 0xE7,
    0x1F, 0x39, 0x0F, 0x09, 0x97, 0xDD, 0x64, 0x8C, 0x05, 0x3B, 0xF6, 0x47, 0x35, 0x44, 0x71, 0xD3,
    0xB2, 0x45, 0x5B, 0xC9, 0xA9, 0xA9, 0x7F, 0x10, 0xB4, 0x38, 0x07, 0x69, 0x9E, 0x8E, 0x99, 0x5A,
    0xA0, 0x06, 0x84, 0xA9, 0x0A, 0xA1, 0xB2, 0xF5, 0xEB, 0x81, 0x78, 0x37, 0xE7, 0x8D, 0xCD, 0x3F,
    0x04, 0xB6, 0x8D, 0xD8, 0xC5, 0xA9, 0xDC, 0x13, 0xDE, 0x26, 0xD4, 0x53, 0x1A, 0x37, 0x2D, 0x1A,
    0xB7, 0x4C, 0x1A, 0xB7, 0x4D, 0xC7, 0xB6, 0x2C, 0xB2, 0xCC, 0x49, 0xE8, 0x1C, 0x07, 0x3B, 0x6D,
    0x34, 0x3B, 0xE0, 0xAC, 0x01, 0x38, 0x6D, 0x12, 0x57, 0x4F, 0x71, 0x6C, 0xB4, 0x43, 0xBA, 0x41,
    0x51, 0x9E, 0x92, 0xB9, 0x3F, 0x70, 0x72, 0x44, 0x91, 0x01, 0x9C, 0x92, 0x5E, 0x78, 0x47, 0x69,
    0x7C, 0x78, 0x93, 0xF8, 0x1D, 0x7F, 0x86, 0xA2, 0xAA, 0x0E, 0xD2, 0xA8, 0x7B, 0x8C, 0xEA, 0x7E,
    0xE4, 0x17, 0x9B, 0xC4, 0xA4, 0xB0, 0x27, 0x65, 0x9A, 0x2E, 0x09, 0x53, 0x9D, 0xCC, 0x66, 0xBB,
    0x71, 0x51, 0x27, 0x87, 0x59, 0x5C, 0x65, 0xCA, 0x1F, 0xB0, 0x5F, 0x2B, 0xAF, 0x7B, 0x77, 0x98,
    0x47, 0x49, 0x4B, 0x0E, 0xA3, 0x24, 0x2A, 0x6C, 0x06, 0xBD, 0x30, 0xA9, 0x4B, 0x78, 0x4A, 0xE6,
    0xAC, 0x29, 0xBF, 0x2C, 0x53, 0x63, 0xDE, 0xAC, 0x08, 0x42, 0x3D, 0x0C, 0xB4, 0xCB, 0x81, 0x76,
    0xD3, 0x51, 0x6E, 0x77, 0xB2, 0x63, 0x9D, 0x0B, 0x73, 0xAD, 0xD6, 0xD7, 0xD4, 0xCE, 0x80, 0x7F,
    0x92, 0x14, 0xF7, 0xC0, 0x7A, 0xDA, 0x01, 0x48, 0xC7, 0x0C, 0xF4, 0xB5, 0xF3, 0xD0, 0xAD, 0x6A,
    0x77, 0xE5, 0x56, 0xB5, 0x55, 0x6C, 0x55, 0xC7, 0xA5, 0x17, 0x29, 0xAD, 0x31, 0x83, 0x82, 0x72,
    0x5B, 0x22, 0xE4, 0x6D, 0x89, 0xA0, 0xB7, 0x2D, 0xE1, 0x3B, 0xA4, 0x9C, 0x43, 0x38, 0xB8, 0x62,
    0x5B, 0x42, 0xAC, 0xB4, 0xC8, 0xF5, 0x13, 0xF5, 0xE9, 0x77, 0xDA, 0x73, 0x6E, 0x18, 0x65, 0xDB,
    0x2D, 0x27, 0xCA, 0x36, 0x03, 0x28, 0x66, 0xB4, 0x66, 0xE6, 0xF1, 0x31, 0xAD, 0xA4, 0x1B, 0xF8,
    0x4D, 0x31, 0xDB, 0xDD, 0x65, 0x58, 0xDC, 0x33, 0x39, 0xFD, 0xE8, 0xD6, 0x42, 0x42, 0x3F, 0x4A,
    0xE6, 0xF9, 0x2C, 0x99, 0xB2, 0x3A, 0xD3, 0x12, 0x55, 0x26, 0x8A, 0xA4, 0xCB, 0x15, 0x5D, 0x87,
    0xAB, 0x17, 0xEE, 0x56, 0xEE, 0xA9, 0x47, 0xAE, 0x54, 0xE7, 0xBB, 0xA9, 0xBB, 0xA7, 0xBE, 0x81,
    0x15, 0xAC, 0x9F, 0x64, 0xB7, 0xDE, 0x2A, 0xBB, 0xB2, 0xBB, 0x13, 0xA3, 0xB1, 0xE9, 0x33, 0x11,
    0xAE, 0x74, 0x48, 0x60, 0x72, 0x45, 0x1B, 0xE2, 0x56, 0xEB, 0x6C, 0x5A, 0xB7, 0x0A, 0x3F, 0x71,
    0x8F, 0xE9, 0xBB, 0x6B, 0x5F, 0x7F, 0x1E, 0x74, 0xA6, 0x20, 0x63, 0xB9, 0xEC, 0x83, 0x6E, 0x16,
    0x34, 0xD0, 0xDB, 0xD7, 0xBF, 0x67, 0x2F, 0xE7, 0x1F, 0x40, 0xFF, 0x5D, 0xEE, 0xE5, 0x7C, 0x07,
    0x46, 0xE7, 0xE9, 0xDE, 0x5E, 0xCE, 0xC4, 0x49, 0xE2, 0x6D, 0xEC, 0x1E, 0x6C, 0x62, 0x7A, 0xFF,
    0x04, 0x1F, 0x85, 0xE3, 0x20, 0x4E, 0x9A, 0xB2, 0x7E, 0x2A, 0x4C, 0x5A, 0x9E, 0xF4, 0xBB, 0x2E,
    0x49, 0xF3, 0xEC, 0x1A, 0xE1, 0x16, 0x2F, 0xAF, 0x9E, 0xA8, 0xEE, 0xA2, 0xE2, 0x18, 0xF3, 0xAD,
    0xBC, 0x83, 0x46, 0x5F, 0x43, 0x28, 0xAF, 0xC6, 0x94, 0x29, 0x29, 0x42, 0xFF, 0xEC, 0x06, 0xC8,
    0x6F, 0xD7, 0xB3, 0x2F, 0xB5, 0xEB, 0x27, 0x65, 0x66, 0xA7, 0x33, 0x35, 0x2E, 0xFC, 0xB0, 0x75,
    0xF1, 0x14, 0x07, 0xCB, 0x72, 0x79, 0x15, 0xE0, 0x52, 0x3B, 0xA3, 0x11, 0xC4, 0xAF, 0xB3, 0xA9,
    0xE9, 0xFC, 0x38, 0x31, 0x3D, 0x5B, 0x66, 0xE1, 0xCA, 0x9C, 0x76, 0xA6, 0x42, 0x61, 0xBE, 0x8E,
    0xFA, 0xCB, 0x98, 0x53, 0xB6, 0xF5, 0x3A, 0xDA, 0x82, 0x44, 0xCE, 0x95, 0x6D, 0xA5, 0x2B, 0xDB,
    0x52, 0x56, 0xB6, 0xF5, 0x56, 0xD1, 0x56, 0xB3, 0xF4, 0x62, 0x5B, 0x0B, 0x7A, 0x50, 0xBB, 0xB2,
    0xBF, 0x4A, 0xAF, 0x5D, 0xDE, 0x54, 0xE0, 0xA3, 0x0A, 0xF2, 0xB8, 0x42, 0x80, 0x39, 0x66, 0x17,
    0x6A, 0xAC, 0xE2, 0x2E, 0xE1, 0x99, 0x14, 0x4E, 0x5C, 0x19, 0x7B, 0x79, 0xF1, 0xAF, 0x71, 0x71,
    0x04, 0xB3, 0x9F, 0xCD, 0xF1, 0x2D, 0xDA, 0xB0, 0x81, 0x47, 0x00, 0xEC, 0x46, 0xE3, 0x0D, 0x99,
    0x12, 0x7E, 0xE4, 0x2D, 0xEF, 0x07, 0xE3, 0xB8, 0x44, 0x62, 0x1A, 0xC6, 0x4E, 0x06, 0x1F, 0x38,
    0x09, 0x4A, 0x8C, 0x9D, 0x95, 0x18, 0xDB, 0xEB, 0x60, 0xEC, 0xB4, 0xC4, 0xD8, 0x1B, 0xFC, 0xB8,
    0x09, 0x24, 0x07, 0x80, 0x03, 0x7C, 0xC3, 0xF1, 0xCC, 0x42, 0x5A, 0xEC, 0xE8, 0x9A, 0x81, 0x0D,
    0xC4, 0x85, 0xEE, 0xAA, 0xDE, 0x11, 0x2D, 0xC8, 0xB4, 0x65, 0x3E, 0xDA, 0xF8, 0x88, 0x07, 0xB4,
    0x3A, 0xF8, 0x11, 0xE3, 0x53, 0xC3, 0x32, 0x9F, 0xF3, 0xB0, 0x9D, 0xF0, 0x21, 0x09, 0x59, 0xB0,
    0xE6, 0x2F, 0xAF, 0x1F, 0xF8, 0x18, 0x61, 0x31, 0x60, 0x11, 0x28, 0xD0, 0x55, 0x2D, 0xB4, 0x48,
    0xBD, 0xD3, 0xE8, 0x04, 0x15, 0xE4, 0xFF, 0x12, 0x31, 0x4C, 0xD0, 0xA0, 0x2E, 0x21, 0x1A, 0x10,
    0x17, 0x7B, 0xDF, 0x4D, 0x90, 0x1F, 0x37, 0x8A, 0x94, 0x99, 0x33, 0x87, 0x41, 0x41, 0x30, 0x7E,
    0x95, 0x48, 0x70, 0xF0, 0x18, 0x20, 0x6C, 0x73, 0x37, 0x86, 0x2D, 0x93, 0x38, 0x6B, 0xDC, 0xBA,
    0x2F, 0xE3, 0x56, 0xA3, 0x1B, 0xB7, 0x3E, 0x92, 0x35, 0x54, 0xF2, 0x44, 0xE2, 0x78, 0x25, 0xEC,
    0xD3, 0x86, 0x35, 0x5B, 0x43, 0xA0, 0x73, 0xAF, 0xE8, 0x82, 0x51, 0xE4, 0xDC, 0x26, 0xA6, 0xA9,
    0x5E, 0xB3, 0x12, 0xCA, 0x3D, 0x23, 0x55, 0x73, 0x1A, 0xCC, 0x34, 0x9F, 0x06, 0x1B, 0x9A, 0x4B,
    0x83, 0xE3, 0xBA, 0x4D, 0x83, 0xF6, 0x10, 0x98, 0xF5, 0x7B, 0x60, 0x7C, 0xDA, 0x6E, 0x90, 0x4F,
    0xDB, 0x0D, 0xF2, 0x61, 0x97, 0x41, 0x79, 0xB2, 0x45, 0x8B, 0x5C, 0x72, 0xCF, 0x17, 0x8E, 0xAC,
    0xC0, 0x00, 0x61, 0x27, 0x69, 0x51, 0xA4, 0xFA, 0xD6, 0x71, 0x00, 0x62, 0xB8, 0x2F, 0x43, 0x30,
    0xF6, 0x40, 0xDD, 0x1E, 0x41, 0xD0, 0x16, 0xBF, 0x4C, 0xB4, 0x94, 0x14, 0xE7, 0x02, 0x78, 0x0F,
    0x8C, 0x13, 0xED, 0x36, 0x1A, 0xFF, 0x32, 0x24, 0xF3, 0xDF, 0xD1, 0x9D, 0xCB, 0x98, 0xA4, 0x20,
    0x95, 0x2B, 0xCE, 0x87, 0x59, 0xF5, 0x3A, 0xB0, 0x1E, 0x44, 0x78, 0xB8, 0x77, 0x98, 0x35, 0xE1,
    0x4D, 0xDC, 0xBD, 0x81, 0x8E, 0x80, 0xE5, 0x00, 0x95, 0x67, 0x73, 0x5E, 0x0C, 0x0D, 0x4E, 0xCE,
    0x47, 0x46, 0x1E, 0x59, 0x2F, 0x00, 0xC3, 0x45, 0xB6, 0x11, 0xD9, 0x87, 0x22, 0x71, 0x33, 0xEB,
    0xA4, 0x57, 0x92, 0xB8, 0x20, 0xA2, 0xC7, 0x69, 0x57, 0x3F, 0xEB, 0xE9, 0x67, 0xBC, 0x02, 0xAD,
    0x3D, 0xBC, 0x5D, 0xD6, 0x55, 0x18, 0xCF, 0x37, 0x51, 0xC2, 0x85, 0xE6, 0x0D, 0xDB, 0x98, 0xEA,
    0xCD, 0x8C, 0x56, 0x46, 0x99, 0x1D, 0xB6, 0xEB, 0xD0, 0x47, 0xFB, 0x20, 0x29, 0x57, 0x19, 0x9A,
    0x2D, 0xFA, 0x24, 0x8F, 0xBB, 0x3E, 0xCB, 0x49, 0xD9, 0x5D, 0x3B, 0x60, 0x7C, 0x67, 0xF3, 0xD3,
    0xBC, 0xDF, 0x7F, 0x60, 0xA3, 0x23, 0x72, 0x3F, 0x31, 0x5F, 0x4C, 0xE6, 0x0C, 0x3D, 0x1E, 0xE7,
    0xA3, 0x4B, 0xEC, 0xF1, 0xD1, 0x1E, 0xD9, 0x88, 0x63, 0x6C, 0x23, 0xDE, 0x60, 0x7F, 0xB3, 0xF5,
    0x1D, 0x91, 0xB8, 0x49, 0x91, 0x93, 0xED, 0xED, 0x48, 0xF2, 0x11, 0xD9, 0xC5, 0x95, 0x47, 0x64,
    0x97, 0xA6, 0x8D, 0xAB, 0xFB, 0xFB, 0x8E, 0xC8, 0x1A, 0x22, 0xDC, 0xE2, 0xE6, 0xED, 0xBB, 0xE6,
    0xB4, 0x83, 0x44, 0x63, 0xBE, 0xF2, 0xB8, 0x44, 0xA2, 0xCE, 0x88, 0xB8, 0x18, 0x15, 0xE7, 0x97,
    0x06, 0xDE, 0x26, 0x3B, 0x0F, 0x5F, 0xE2, 0xD3, 0x83, 0x99, 0xD4, 0xD2, 0xE6, 0xC1, 0x83, 0xCD,
    0x9C, 0xB7, 0x99, 0xAA, 0x2D, 0x6A, 0x36, 0x8A, 0xF3, 0x4E, 0x9D, 0x53, 0x2D, 0x0A, 0x4F, 0x96,
    0x33, 0x6A, 0x06, 0x23, 0x3A, 0x6F, 0x99, 0x3C, 0xF9, 0x35, 0xAE, 0x13, 0x0E, 0x08, 0xF3, 0x65,
    0xEE, 0x0B, 0x74, 0x79, 0xE8, 0x06, 0x1D, 0x10, 0xDF, 0x77, 0x8C, 0x7D, 0xCE, 0xBA, 0x2B, 0x87,
    0x52, 0xEE, 0x73, 0xC4, 0x3E, 0x5A, 0x63, 0x43, 0xC5, 0xD6, 0x88, 0x7E, 0x86, 0xA1, 0xC5, 0x99,
    0xA0, 0x3C, 0x06, 0xFF, 0x19, 0x7A, 0x98, 0x9D, 0xFC, 0xEF, 0x10, 0x3B, 0x77, 0xF4, 0xA7, 0xED,
    0xD6, 0xEF, 0x61, 0xD0, 0x47, 0xF4, 0xB0, 0xE8, 0xDF, 0xBA, 0xCE, 0x1D, 0xA3, 0x0B, 0xA6, 0x29,
    0x77, 0x27, 0xA4, 0x8B, 0x7E, 0xE8, 0xC9, 0xAC, 0xC1, 0xFA, 0xB4, 0x99, 0xC7, 0x5B, 0x7E, 0x3F,
    0xDA, 0xAC, 0x79, 0xAC, 0xC9, 0x18, 0x6D, 0xDB, 0xA1, 0xAF, 0xC7, 0xD2, 0x89, 0xAF, 0xCC, 0x7D,
    0xC8, 0x97, 0x95, 0x87, 0x76, 0x1E, 0xEC, 0xD6, 0x9D, 0x67, 0x9F, 0x91, 0x88, 0x0E, 0xBD, 0x68,
    0x4B, 0x65, 0xD2, 0xCB, 0xCD, 0xB0, 0x29, 0x2D, 0x3A, 0x05, 0xDF, 0x37, 0xE3, 0x0C, 0x14, 0x87,
    0x75, 0xC8, 0x46, 0x45, 0x4F, 0x1E, 0x78, 0xF4, 0x03, 0xD1, 0x3C, 0x10, 0xC6, 0x82, 0x07, 0x9D,
    0x75, 0xA6, 0x1A, 0xA1, 0xF5, 0x95, 0x0A, 0x4C, 0x52, 0xA5, 0x3C, 0x81, 0xFF, 0x88, 0xED, 0x3B,
    0x0E, 0xA9, 0x97, 0x31, 0xCC, 0xCB, 0xBD, 0x0C, 0xF2, 0x7A, 0x8E, 0xB2, 0xA9, 0x9F, 0x84, 0x92,
    0xE4, 0xEB, 0x3E, 0x9B, 0x68, 0x2D, 0xF9, 0x44, 0xF1, 0x7E, 0xBF, 0x4D, 0x34, 0xA5, 0x4F, 0x22,
    0xCA, 0x0D, 0xB5, 0xCE, 0x49, 0x32, 0xDE, 0xBD, 0xC1, 0xA5, 0xAC, 0xD8, 0x50, 0xBB, 0x5F, 0x5B,
    0xED, 0xBA, 0x0F, 0x9A, 0x79, 0x60, 0x5B, 0x2B, 0xEA, 0x47, 0xCD, 0x79, 0x6A, 0x1F, 0xBC, 0xA7,
    0xFE, 0x35, 0x8E, 0x6D, 0x2D, 0xED, 0xDD, 0x77, 0x6C, 0xF7, 0x69, 0xBB, 0x28, 0xAF, 0x97, 0xDA,
    0xB1, 0x8E, 0xC3, 0xA4, 0xD0, 0x0E, 0x6B, 0x27, 0x6D, 0xD9, 0xD9, 0xD1, 0x8E, 0x87, 0x9F, 0x57,
    0xA2, 0x62, 0x47, 0xF4, 0xE0, 0xFE, 0xC7, 0x3B, 0x5C, 0xCD, 0xA1, 0xB7, 0xA3, 0x14, 0x47, 0x44,
    0x2E, 0x64, 0xB6, 0x13, 0x9B, 0x5E, 0x28, 0xE6, 0x03, 0xE3, 0x82, 0xA7, 0x7D, 0xE2, 0x68, 0xB7,
    0x49, 0x69, 0x4B, 0x53, 0x37, 0x27, 0xB1, 0x09, 0xD4, 0x28, 0x24, 0xD7, 0x93, 0x47, 0x57, 0x30,
    0xCB, 0xCA, 0x0D, 0xB8, 0xA7, 0x1B, 0x85, 0xEB, 0x7A, 0x9C, 0x4E, 0xB0, 0x89, 0x3F, 0xEE, 0xE9,
    0xC7, 0x4B, 0x4D, 0x5E, 0x5F, 0x3F, 0x7E, 0x03, 0x90, 0xBF, 0x72, 0xAA, 0xD8, 0x3A, 0x7D, 0xDE,
    0x79, 0xBC, 0xC9, 0x38, 0x31, 0xAD, 0xDC, 0x0C, 0xB5, 0x33, 0x9E, 0xB2, 0x71, 0xFD, 0xFD, 0x60,
    0x08, 0x91, 0x24, 0x05, 0xB1, 0xE1, 0x7E, 0xC4, 0xA3, 0xDE, 0xBC, 0x55, 0xA3, 0x5D, 0x80, 0x01,
    0x3E, 0x1D, 0xF4, 0xB4, 0x7A, 0x8D, 0xC7, 0xFD, 0x3A, 0x4E, 0x75, 0x7B, 0xCF, 0xA9, 0xDE, 0x9B,
    0xFD, 0x0F, 0xE5, 0x3F, 0x70, 0x8C, 0x49, 0xCC, 0xB9, 0xA9, 0x93, 0xF2, 0xEB, 0x9D, 0x00, 0x5B,
    0x65, 0x0F, 0x80, 0xE3, 0xE4, 0xDD, 0x9D, 0x4B, 0x46, 0x41, 0x00, 0x1B, 0x60, 0x9D, 0xF5, 0xFA,
    0x6C, 0x4E, 0x69, 0x17, 0x3E, 0xCA, 0x34, 0x3B, 0xAC, 0x37, 0xFA, 0x75, 0x9F, 0x08, 0x5C, 0xEB,
    0xA6, 0x45, 0x11, 0x49, 0x0C, 0xC9, 0x05, 0x7D, 0xEB, 0x61, 0x1B, 0x18, 0x99, 0x9C, 0xB1, 0xCD,
    0xEC, 0xDB, 0x94, 0x88, 0x1E, 0x23, 0x3D, 0x73, 0xB8, 0xC0, 0xF8, 0x46, 0x54, 0xFE, 0x1F, 0xD8,
    0x5A, 0xD3, 0x33, 0x4E, 0xEF, 0xD8, 0x03, 0x17, 0xD8, 0x73, 0xDF, 0x3E, 0x0C, 0xFA, 0xFF, 0x47,
    0x1B, 0xDD, 0xAB, 0xF7, 0xF4, 0xA1, 0xF3, 0xDF, 0x0C, 0xAB, 0xB5, 0x69, 0xF2, 0xF9, 0xCB, 0x55,
    0x52, 0x42, 0xFF, 0x0F, 0xAD, 0x98, 0x3D, 0x6C, 0xDB, 0x46, 0x14, 0xC7, 0xFF, 0x24, 0x2D, 0x33,
    0x31, 0x5B, 0xD3, 0x83, 0x02, 0x04, 0x85, 0x1B, 0x66, 0x70, 0x87, 0xB4, 0x75, 0x94, 0xC1, 0x48,
    0x3D, 0xA4, 0xE1, 0x01, 0x41, 0x91, 0x21, 0x8B, 0x06, 0x8F, 0x05, 0xDA, 0xD1, 0x35, 0x0A, 0x38,
    0x43, 0x86, 0x0C, 0x41, 0x44, 0xB4, 0x43, 0x57, 0x6F, 0x5D, 0x8A, 0xD6, 0x43, 0x80, 0x18, 0x46,
    0x51, 0x08, 0xA8, 0x87, 0x0E, 0x4E, 0xCC, 0xA0, 0x43, 0x56, 0xA2, 0x6E, 0xA7, 0x0C, 0x21, 0xDC,
    0x8F, 0x00, 0x99, 0x88, 0x56, 0x40, 0xEC, 0x42, 0x12, 0xFB, 0x7F, 0x47, 0x49, 0x71, 0x6C, 0xA5,
    0x26, 0x45, 0x49, 0xBA, 0xA3, 0x40, 0xEA, 0xEE, 0xFD, 0xEE, 0xDD, 0xFB, 0x3A, 0x61, 0x4A, 0x01,
    0x5E, 0x08, 0xF8, 0x11, 0xF0, 0x41, 0x0C, 0xFC, 0x98, 0x00, 0x7B, 0x2D, 0x18, 0xE1, 0x3E, 0xCC,
    0xB0, 0x0D, 0xEB, 0x79, 0x07, 0xF6, 0xE6, 0x0E, 0x5C, 0xF8, 0x98, 0x46, 0x4D, 0xCD, 0xA3, 0x16,
    0xA6, 0x61, 0xDA, 0x82, 0xBC, 0x3C, 0xB6, 0x5A, 0x90, 0x5D, 0x97, 0xE0, 0xA6, 0x81, 0x77, 0x23,
    0x72, 0xEC, 0x18, 0x76, 0xEC, 0xA4, 0x71, 0xED, 0x7A, 0xEC, 0xDB, 0xB1, 0xEF, 0xC4, 0xFE, 0x27,
    0xB1, 0xFB, 0x4F, 0x5B, 0x7E, 0xFF, 0x13, 0xD0, 0xD6, 0xBD, 0xC7, 0x41, 0xEF, 0x50, 0xA0, 0xC1,
    0x66, 0x13, 0x60, 0x92, 0x0F, 0x47, 0x05, 0xD9, 0x80, 0xF9, 0x2D, 0x78, 0x0B, 0x8B, 0xC0, 0xA5,
    0x7C, 0x1C, 0x30, 0x81, 0x0A, 0x47, 0xD4, 0x7E, 0x05, 0xB6, 0x9A, 0x80, 0x9A, 0x19, 0x5D, 0x3C,
    0xAA, 0xC0, 0x2D, 0x74, 0xD7, 0xAC, 0xC7, 0xAA, 0x62, 0xA8, 0x3C, 0xE2, 0xA7, 0xD8, 0xEC, 0x8F,
    0xD8, 0xAD, 0x86, 0xA5, 0xC5, 0x73, 0xE4, 0x15, 0xE0, 0x74, 0x17, 0x22, 0x1E, 0x2A, 0xDF, 0xEA,
    0x49, 0x8C, 0xF7, 0xA8, 0x81, 0xA9, 0x31, 0x69, 0x80, 0xFA, 0xDC, 0x12, 0xDD, 0x77, 0x55, 0x7E,
    0x25, 0xE8, 0xD7, 0xC3, 0x65, 0xE0, 0x09, 0xA5, 0x54, 0x28, 0xB9, 0x56, 0x5E, 0x19, 0x66, 0x2B,
    0x74, 0x1A, 0x01, 0x2A, 0x40, 0xA6, 0x8F, 0x63, 0x24, 0xF6, 0x50, 0x92, 0xA9, 0xBE, 0x74, 0x4A,
    0x51, 0xD5, 0x52, 0x7A, 0xC0, 0x45, 0x36, 0xBF, 0x77, 0x5D, 0xCE, 0x38, 0x82, 0xBC, 0xFB, 0x32,
    0xF0, 0x0E, 0xAD, 0x51, 0x02, 0x58, 0xBC, 0x36, 0x9B, 0x19, 0x48, 0x05, 0xA5, 0xC0, 0xDE, 0x06,
    0x16, 0x60, 0xDB, 0xB0, 0xBA, 0xE2, 0x21, 0xB9, 0x37, 0xE8, 0xFD, 0x9E, 0xB9, 0x8E, 0x87, 0x42,
    0xD6, 0xB4, 0x5E, 0x90, 0xC2, 0xA5, 0x34, 0x93, 0xD1, 0xC2, 0x46, 0x66, 0x1E, 0x65, 0x29, 0xEE,
    0x01, 0x1F, 0x8F, 0xA6, 0x8B, 0xAB, 0x37, 0x81, 0xFB, 0x71, 0xF6, 0xFD, 0x66, 0x79, 0x12, 0x73,
    0x4F, 0xD9, 0x0D, 0x99, 0xCB, 0xB2, 0x61, 0x0E, 0x23, 0x19, 0x6E, 0xAC, 0xF5, 0xF3, 0xE3, 0xD1,
    0xC3, 0x91, 0xF0, 0x5D, 0x31, 0x60, 0xDF, 0x28, 0xA2, 0x91, 0xBE, 0xB1, 0xAE, 0x6C, 0x6E, 0x78,
    0xCF, 0xB7, 0x9D, 0x68, 0xD6, 0x89, 0xDE, 0x70, 0x22, 0xC8, 0xE7, 0xDF, 0x75, 0xE7, 0xCF, 0x7A,
    0xEF, 0x7B, 0x54, 0x71, 0x22, 0xC7, 0x8D, 0xCE, 0x35, 0xD2, 0xAE, 0x8C, 0x9A, 0x07, 0x1A, 0xBA,
    0x5F, 0x82, 0x4D, 0x11, 0xD7, 0x23, 0xDF, 0x4A, 0xE4, 0x93, 0x26, 0xBE, 0xF6, 0x9B, 0x9A, 0x9A,
    0x71, 0x7F, 0x8B, 0xAD, 0x34, 0x90, 0x1F, 0xDF, 0x06, 0x3A, 0xBA, 0xA7, 0x33, 0x7D, 0x1D, 0xC0,
    0x0A, 0xC4, 0x8A, 0x4F, 0x15, 0x91, 0x78, 0x2C, 0x35, 0x9C, 0x2C, 0xB4, 0x3E, 0x63, 0x75, 0x9A,
    0xF6, 0x6A, 0x04, 0x43, 0xE5, 0x17, 0x64, 0x28, 0x65, 0x1F, 0x44, 0xD3, 0x8D, 0x70, 0xA2, 0x92,
    0x4F, 0x0A, 0xCE, 0xA2, 0xBA, 0x80, 0xB4, 0x6E, 0xFE, 0x1C, 0x1A, 0x50, 0x45, 0x74, 0x98, 0x65,
    0x9B, 0x60, 0x10, 0xDE, 0x4E, 0x94, 0x35, 0x07, 0xCC, 0x56, 0x51, 0x49, 0x51, 0x54, 0xD6, 0x2B,
    0xA9, 0x25, 0x9F, 0x2C, 0xAA, 0x4F, 0x6C, 0x62, 0xC4, 0xA5, 0xD1, 0xD1, 0x9B, 0x3A, 0x8D, 0x04,
    0x45, 0x24, 0xC2, 0x3C, 0x88, 0x6C, 0x66, 0xD2, 0x33, 0x40, 0xF1, 0x35, 0x5A, 0xC3, 0x32, 0xC6,
    0xC9, 0x42, 0x2F, 0x68, 0x59, 0xBB, 0xC5, 0x17, 0x38, 0xB0, 0xFF, 0x65, 0x18, 0x85, 0x24, 0xF6,
    0x7D, 0xC1, 0x59, 0x7B, 0x33, 0x41, 0xD3, 0x0A, 0x4C, 0xAC, 0x6C, 0xD4, 0x5A, 0x9C, 0xFB, 0xD8,
    0xDB, 0x8D, 0x1B, 0xED, 0xB7, 0xD4, 0xE5, 0xC8, 0x88, 0x1C, 0x25, 0x65, 0xD5, 0x4E, 0xE8, 0x85,
    0xEE, 0xA1, 0xB7, 0x17, 0xEE, 0xB4, 0xFE, 0x6F, 0x2C, 0x43, 0x6D, 0xE0, 0x46, 0x76, 0x30, 0xC9,
    0xB0, 0xE2, 0x6A, 0xD9, 0xC3, 0x66, 0x00, 0x1C, 0xE5, 0x85, 0x8E, 0xC2, 0x0F, 0x01, 0x9C, 0xBF,
    0xF6, 0x09, 0x7B, 0x97, 0xCC, 0x3E, 0x1E, 0x30, 0xA0, 0x74, 0x38, 0x52, 0x5A, 0xBB, 0x77, 0x7D,
    0xC0, 0x72, 0xEF, 0x2E, 0x7F, 0x21, 0xCF, 0x5D, 0xDE, 0x35, 0xD3, 0x5E, 0x14, 0x3D, 0x9C, 0x2C,
    0x45, 0x09, 0xA1, 0x77, 0x2D, 0xF1, 0x8D, 0x96, 0x6F, 0xEC, 0xFB, 0xD0, 0x1F, 0x63, 0xBF, 0x66,
    0xB4, 0xDC, 0x2F, 0x13, 0x33, 0x53, 0xC2, 0x9D, 0x43, 0x01, 0x01, 0xF7, 0x79, 0x8B, 0x21, 0x41,
    0xBC, 0x9B, 0x41, 0x01, 0xA5, 0x40, 0x98, 0xA9, 0x9F, 0x72, 0x45, 0x7A, 0x67, 0xE6, 0xF2, 0xB1,
    0xE0, 0x34, 0x70, 0x86, 0xE9, 0xB1, 0x51, 0x87, 0xB1, 0xC7, 0x68, 0x21, 0x96, 0x5F, 0x06, 0x41,
    0x1C, 0x7B, 0x01, 0xDD, 0x3A, 0x6D, 0xC2, 0x80, 0xCA, 0x83, 0x70, 0x96, 0x6D, 0x9A, 0x56, 0x6F,
    0x34, 0x54, 0x0F, 0x61, 0xA6, 0x14, 0xC2, 0x8C, 0x4E, 0xF7, 0x99, 0xBF, 0xE7, 0x44, 0xD0, 0x83,
    0xF0, 0x7D, 0x4F, 0x13, 0x9F, 0x8E, 0x49, 0x13, 0x5C, 0xD2, 0x56, 0x51, 0x65, 0xE8, 0x51, 0x9D,
    0x26, 0xAC, 0xEF, 0x98, 0x07, 0xA9, 0x14, 0x88, 0x52, 0x7E, 0x29, 0xAF, 0x14, 0x5D, 0x52, 0x86,
    0x83, 0x00, 0x91, 0x97, 0xE6, 0x82, 0xB8, 0x8D, 0x6C, 0x4B, 0xC8, 0x3C, 0x52, 0x52, 0x1F, 0x47,
    0x4A, 0xCA, 0xF4, 0x65, 0x49, 0x59, 0xC0, 0x63, 0xCC, 0x75, 0xDA, 0x77, 0x98, 0xA5, 0xFC, 0x2A,
    0xCE, 0x13, 0x68, 0x9B, 0x40, 0x77, 0x08, 0xB4, 0x48, 0x81, 0xCD, 0x42, 0x40, 0x93, 0x9C, 0x5A,
    0x22, 0xC3, 0x87, 0xB2, 0xFF, 0x74, 0x9A, 0x25, 0x37, 0xB0, 0xD3, 0xC7, 0x81, 0x77, 0xED, 0x05,
    0x7C, 0xA3, 0xCD, 0xB6, 0xCF, 0x11, 0xBD, 0xC6, 0xEF, 0x04, 0x02, 0x89, 0xD0, 0xDF, 0x28, 0x83,
    0x28, 0x7C, 0x94, 0x8D, 0xAF, 0x94, 0x63, 0x11, 0x14, 0x2B, 0x91, 0xD2, 0x50, 0xD6, 0x55, 0x9C,
    0x65, 0x48, 0x24, 0x29, 0xA7, 0x1B, 0x6E, 0x90, 0x84, 0x12, 0x89, 0x25, 0x7A, 0x7D, 0x73, 0x23,
    0x30, 0xD5, 0x67, 0x60, 0x8A, 0x29, 0xAF, 0xC6, 0x30, 0x0C, 0x55, 0x8A, 0x87, 0xD9, 0x05, 0xAC,
    0x4C, 0xC0, 0xD2, 0x04, 0x13, 0x95, 0x11, 0x58, 0x50, 0x52, 0x1F, 0x87, 0x8D, 0x17, 0x23, 0xC8,
    0xA7, 0x01, 0x8B, 0x05, 0x8B, 0x09, 0xAF, 0xDC, 0x7B, 0x77, 0x7D, 0xF5, 0x0F, 0x6F, 0xCD, 0x0D,
    0x6D, 0x9C, 0xD4, 0x98, 0xCC, 0x60, 0xB5, 0x18, 0xCD, 0x77, 0xB2, 0x4A, 0x97, 0xD9, 0x2A, 0x2B,
    0x93, 0xE5, 0x2A, 0xD1, 0xE1, 0x2B, 0x92, 0x07, 0x6D, 0x9A, 0xF1, 0x91, 0x46, 0x76, 0xF7, 0x11,
    0xDB, 0x33, 0x96, 0xCE, 0xED, 0x9D, 0xE3, 0x6B, 0x18, 0xF2, 0xC7, 0x45, 0x29, 0xAE, 0xCF, 0xD8,
    0x9E, 0xF4, 0xEC, 0x65, 0x3E, 0xAB, 0xD6, 0x0A, 0xF3, 0xC9, 0x99, 0x26, 0xF3, 0x02, 0x3B, 0xD0,
    0x2E, 0x75, 0x4A, 0x98, 0x6A, 0x20, 0x94, 0x27, 0x52, 0xA7, 0xA4, 0xFB, 0x5C, 0xBA, 0x35, 0x0D,
    0xF1, 0xFA, 0x4E, 0xF0, 0x32, 0xBE, 0x01, 0x20, 0x43, 0xC7, 0x9A, 0x3C, 0xCD, 0x96, 0x5F, 0x45,
    0x53, 0x9C, 0x97, 0x78, 0xB7, 0x89, 0x77, 0xC9, 0x0D, 0xBA, 0xD1, 0x6B, 0xF1, 0x3A, 0x3B, 0x2F,
    0x5D, 0x02, 0x57, 0xFB, 0x67, 0x39, 0x9A, 0xE4, 0x58, 0xF1, 0x26, 0xD7, 0x7A, 0x6B, 0x97, 0x73,
    0xF3, 0xC4, 0x08, 0x78, 0xB2, 0xA3, 0x7A, 0x4B, 0xF5, 0x9E, 0xEA, 0x4D, 0xE5, 0xAE, 0x8E, 0x57,
    0x85, 0xC7, 0x77, 0xB9, 0x38, 0x67, 0x75, 0x42, 0xA6, 0xFC, 0x86, 0xDD, 0x33, 0x09, 0x9E, 0xAA,
    0x3E, 0x5E, 0x44, 0x06, 0x1D, 0x1E, 0x7C, 0x20, 0x27, 0x1F, 0x6E, 0x51, 0x71, 0x3C, 0x8C, 0x59,
    0x65, 0xDA, 0x51, 0xC5, 0x63, 0xFB, 0x2E, 0x5B, 0x1C, 0xE9, 0xB0, 0xDF, 0x8A, 0x8B, 0x6C, 0xF7,
    0x8E, 0xBC, 0x06, 0xB0, 0xB9, 0xBE, 0x12, 0x34, 0xE2, 0xD5, 0xC0, 0x0B, 0xA7, 0xE1, 0x46, 0xB3,
    0xB0, 0x93, 0x45, 0x12, 0xDC, 0x84, 0xD1, 0x66, 0xDC, 0x7A, 0x28, 0xC7, 0x69, 0x95, 0x8D, 0x1D,
    0x34, 0x05, 0x2B, 0x4D, 0x24, 0xDF, 0x88, 0xB1, 0x6D, 0x65, 0xFF, 0xA1, 0x21, 0xDD, 0x6D, 0xFB,
    0x2A, 0xF1, 0x82, 0xC8, 0x7D, 0x14, 0x3A, 0xBB, 0x81, 0xF5, 0xBB, 0xB2, 0x5E, 0x48, 0x61, 0x2F,
    0x47, 0xE3, 0x6D, 0x39, 0xA8, 0x21, 0x81, 0x15, 0x81, 0x27, 0x8C, 0xEA, 0xE8, 0x32, 0x5F, 0x59,
    0xCB, 0x39, 0xE4, 0x93, 0xFB, 0x77, 0x6C, 0xED, 0x26, 0x8D, 0x2F, 0x62, 0xC1, 0xBC, 0xC8, 0x79,
    0x2F, 0x87, 0xD9, 0xDF, 0x2F, 0x6E, 0x56, 0xB9, 0x8E, 0xCC, 0xC2, 0x73, 0xCB, 0x53, 0x3D, 0xCB,
    0x15, 0x7D, 0xA2, 0x2E, 0xA8, 0x02, 0x29, 0x0D, 0x8D, 0xEE, 0x2D, 0x56, 0x69, 0x89, 0xA4, 0xB6,
    0x91, 0x31, 0x78, 0xDE, 0x76, 0x0E, 0xC2, 0xE9, 0x46, 0x20, 0xE7, 0xED, 0x82, 0x0C, 0xFF, 0x01,
    0x85, 0x56, 0x4D, 0x6C, 0x1B, 0x45, 0x14, 0xFE, 0xBC, 0x4E, 0xB2, 0xA9, 0xB7, 0xE9, 0xF8, 0x10,
    0x03, 0xA9, 0x12, 0xAF, 0x0F, 0x29, 0x32, 0xC6, 0xCE, 0x46, 0xC8, 0x07, 0x2B, 0x72, 0xB2, 0x23,
    0x45, 0x6A, 0x0F, 0x1C, 0xEA, 0x03, 0x39, 0x81, 0xA0, 0x07, 0x10, 0x4D, 0x91, 0xC0, 0x87, 0x4A,
    0x04, 0xE4, 0xD0, 0x15, 0x1C, 0x38, 0x70, 0xC0, 0x12, 0xDC, 0x90, 0x90, 0x0F, 0x3D, 0xB4, 0x39,
    0x80, 0x05, 0x39, 0x44, 0xAD, 0x8D, 0x97, 0x72, 0xE8, 0x91, 0xA5, 0xA8, 0x42, 0x02, 0x09, 0x56,
    0x20, 0x2E, 0x70, 0x60, 0x85, 0x2C, 0xE4, 0x22, 0x87, 0xE5, 0x9B, 0xDD, 0xC4, 0x09, 0x6D, 0x13,
    0x66, 0x66, 0x77, 0x76, 0xDE, 0xCF, 0x7C, 0x6F, 0xDE, 0xBC, 0x79, 0xB3, 0xB5, 0xDA, 0xE1, 0x02,
    0x20, 0xE7, 0x08, 0x08, 0x9C, 0x71, 0xC6, 0xF1, 0xB0, 0xAA, 0xCA, 0x04, 0x1E, 0x75, 0x5E, 0x96,
    0x6B, 0xA8, 0x3D, 0xB4, 0xAA, 0x72, 0x02, 0x25, 0x39, 0xD7, 0x1C, 0xAF, 0x1D, 0x2D, 0xD2, 0xF3,
    0xAE, 0x78, 0xF1, 0xBB, 0xB0, 0xD5, 0xB4, 0x43, 0xDF, 0x0E, 0xFB, 0x85, 0xAD, 0xAB, 0x76, 0xC8,
    0x82, 0xC2, 0x16, 0xCB, 0xDE, 0x3B, 0xB3, 0xC6, 0x82, 0x74, 0xAD, 0xDC, 0xFE, 0xFF, 0x9A, 0xAB,
    0x15, 0xB6, 0x64, 0x61, 0xCB, 0xC9, 0xAC, 0x49, 0x3B, 0x74, 0x50, 0x6C, 0xF7, 0x87, 0x1D, 0x4C,
    0xC2, 0x86, 0x05, 0x03, 0xA7, 0x50, 0x21, 0x6C, 0x96, 0x23, 0x93, 0xA3, 0x39, 0xCC, 0x63, 0xBE,
    0x33, 0x0C, 0xEA, 0x73, 0x24, 0x16, 0x8B, 0xED, 0x76, 0xBF, 0x3F, 0x1C, 0x76, 0x3A, 0xC0, 0x24,
    0xE5, 0xA9, 0x40, 0x0D, 0xAA, 0x50, 0x47, 0x29, 0x21, 0x9B, 0x55, 0x44, 0xD3, 0x54, 0xC4, 0x39,
    0xAA, 0xE6, 0x30, 0x4F, 0xE5, 0xE1, 0x30, 0x08, 0xEA, 0x75, 0x8E, 0x91, 0xA8, 0x21, 0xE1, 0x23,
    0xC1, 0x05, 0xB9, 0x58, 0xFF, 0x5E, 0x5E, 0x09, 0x65, 0xFA, 0x1B, 0x68, 0x3E, 0xB4, 0x40, 0xBD,
    0x49, 0x57, 0xAC, 0x88, 0x7B, 0xD0, 0xF6, 0xB5, 0x48, 0x7F, 0xF3, 0x77, 0xA5, 0x42, 0x19, 0xCA,
    0x2B, 0x4A, 0x24, 0xA0, 0xD4, 0x7D, 0x64, 0xEE, 0x82, 0xAC, 0xE9, 0xBB, 0x6A, 0x06, 0x0E, 0x59,
    0x0A, 0xB2, 0xE7, 0x86, 0x5E, 0xE8, 0x87, 0x9E, 0xED, 0x70, 0xB3, 0xB0, 0x02, 0xDB, 0xB7, 0xFB,
    0xB6, 0x2C, 0x2B, 0x66, 0xA7, 0x7B, 0x51, 0xBD, 0x85, 0xD3, 0x35, 0x9D, 0x8B, 0x29, 0x34, 0x74,
    0x67, 0xA7, 0x2B, 0xDC, 0x61, 0xC3, 0x70, 0x07, 0x8A, 0xBD, 0xD1, 0xED, 0x20, 0x23, 0x5F, 0x92,
    0x47, 0xEF, 0x4B, 0x46, 0x66, 0x9A, 0x38, 0x66, 0xDB, 0x6C, 0x37, 0xAE, 0x47, 0x07, 0xC7, 0x92,
    0x93, 0xA3, 0x55, 0x4B, 0xC7, 0x84, 0x4F, 0xC1, 0x85, 0x03, 0xA7, 0x70, 0xE4, 0x1C, 0x13, 0x4D,
    0x4D, 0xB2, 0x5B, 0xD8, 0xD0, 0x95, 0x74, 0xB5, 0x7A, 0x4A, 0x75, 0x8D, 0xD2, 0x6C, 0xDC, 0x55,
    0xE2, 0xAE, 0x1E, 0xF3, 0x7E, 0xD9, 0xD5, 0x87, 0x58, 0x78, 0xE3, 0x6B, 0x21, 0x04, 0x26, 0x3E,
    0x78, 0xDF, 0x78, 0x5E, 0x00, 0xBA, 0x30, 0x3E, 0x61, 0x77, 0x2A, 0xEE, 0xA6, 0x44, 0x44, 0x2C,
    0x1A, 0xE7, 0x45, 0x16, 0x28, 0x27, 0x95, 0xC2, 0x5E, 0xD9, 0x03, 0x1A, 0x41, 0x8D, 0xC0, 0x46,
    0x70, 0x23, 0xC0, 0x11, 0xE4, 0x3E, 0xE8, 0x08, 0x96, 0xB3, 0x2A, 0xE0, 0x17, 0x44, 0x36, 0x86,
    0xFE, 0x58, 0xBC, 0x1A, 0x83, 0xC7, 0x1F, 0x84, 0x8F, 0x59, 0x45, 0x23, 0x16, 0x56, 0x26, 0x24,
    0x87, 0x07, 0x46, 0x00, 0xA7, 0x19, 0x93, 0xCB, 0xD8, 0x40, 0x1D, 0xA7, 0x53, 0xD2, 0x36, 0xE5,
    0xB2, 0x85, 0x8D, 0x65, 0xD4, 0x2B, 0x1C, 0x9E, 0x75, 0x6C, 0xF3, 0xBC, 0xBB, 0x6C, 0x09, 0xB9,
    0xB1, 0x6C, 0x92, 0x34, 0x87, 0xF5, 0x28, 0x9C, 0x05, 0x74, 0xB9, 0x5E, 0x00, 0x85, 0x2D, 0xE1,
    0x08, 0xDD, 0xD1, 0x57, 0xDD, 0xF5, 0x82, 0x52, 0x3E, 0xEF, 0x5A, 0xE2, 0x5D, 0x57, 0xE8, 0xEF,
    0x78, 0xFA, 0xEA, 0x97, 0x9E, 0xE6, 0xEA, 0x81, 0xD8, 0x9E, 0xAB, 0x56, 0x4B, 0xF3, 0x27, 0x74,
    0x2A, 0x55, 0xB1, 0x83, 0x0E, 0x4A, 0xFC, 0xD2, 0x88, 0x56, 0xC5, 0x02, 0x84, 0x14, 0xB2, 0xC4,
    0x93, 0x71, 0x41, 0x9D, 0x59, 0xD4, 0x2D, 0xCD, 0xAD, 0x5A, 0x86, 0x14, 0x63, 0x25, 0x24, 0xDD,
    0x6D, 0xE0, 0x4F, 0x0F, 0x1D, 0xFB, 0x9C, 0x3B, 0xB4, 0x0C, 0xEF, 0xC5, 0x9B, 0xB7, 0x1C, 0xCD,
    0x0B, 0x60, 0xC8, 0x2A, 0x4A, 0x5C, 0xD0, 0x65, 0x6B, 0xD5, 0x4D, 0x9B, 0x90, 0x85, 0x94, 0x63,
    0x0B, 0xD7, 0x16, 0x8E, 0x15, 0xB5, 0xAC, 0x90, 0x59, 0x83, 0x0D, 0x53, 0x3A, 0x26, 0xB5, 0xE8,
    0xF0, 0x18, 0x92, 0x02, 0x64, 0x29, 0x8F, 0x5F, 0x87, 0xFD, 0x91, 0xFF, 0x96, 0xD6, 0x9F, 0xD9,
    0x1D, 0xE0, 0xDE, 0x00, 0x37, 0x02, 0xF4, 0x5C, 0x6C, 0x02, 0x97, 0x55, 0x28, 0xAB, 0xB2, 0x8D,
    0x04, 0x5D, 0x13, 0x45, 0x2B, 0x13, 0x03, 0x5B, 0x1A, 0x18, 0x2B, 0xD2, 0x6B, 0xFA, 0xAF, 0xCF,
    0x7A, 0xE8, 0xFD, 0x13, 0xBB, 0xEC, 0xD2, 0x75, 0xE8, 0x61, 0xE8, 0x2D, 0x00, 0x3B, 0x91, 0xE5,
    0x04, 0x4A, 0x01, 0x27, 0x81, 0x3C, 0xB0, 0x08, 0xB4, 0xA2, 0x03, 0xE4, 0x22, 0xD9, 0x42, 0x6A,
    0x11, 0x27, 0xF3, 0xC8, 0x9F, 0xC4, 0x62, 0x0A, 0xAD, 0x24, 0x55, 0xD3, 0x4A, 0x9F, 0x70, 0x98,
    0x7A, 0x8A, 0xE7, 0xCC, 0x0C, 0x79, 0x2C, 0x35, 0x35, 0xAB, 0xF9, 0x3A, 0xBF, 0x26, 0xEB, 0xB4,
    0xB2, 0x76, 0x79, 0x1A, 0xF0, 0x51, 0x44, 0xE5, 0xBB, 0x73, 0xCF, 0xB5, 0xAD, 0xF0, 0x5C, 0xE8,
    0xEB, 0xF7, 0x12, 0x3D, 0xB9, 0xF2, 0xD3, 0x7B, 0x3F, 0x06, 0xB9, 0x9F, 0xB5, 0x62, 0x2E, 0xE2,
    0x66, 0x6A, 0x76, 0xC0, 0xCA, 0x63, 0x2A, 0xC1, 0xF0, 0x61, 0xE0, 0x30, 0x64, 0x18, 0x2C, 0x75,
    0xA5, 0x9C, 0x20, 0xB8, 0x73, 0x3F, 0x99, 0x1A, 0x2D, 0x1B, 0x87, 0x6A, 0xEB, 0xBE, 0xB1, 0x9F,
    0xA9, 0x65, 0x6A, 0x56, 0x90, 0x3C, 0x54, 0x9F, 0x64, 0x3D, 0x3C, 0xB6, 0x82, 0x4C, 0x6D, 0xE2,
    0x1A, 0xB6, 0xA4, 0xFD, 0xDA, 0xEA, 0x5F, 0xFD, 0x15, 0x71, 0xDB, 0x1B, 0xCE, 0x18, 0x77, 0x9C,
    0x21, 0x0C, 0x0F, 0x43, 0x08, 0x97, 0xDE, 0xB3, 0x91, 0x0C, 0xE8, 0x41, 0x53, 0xD2, 0x0E, 0x26,
    0xA7, 0x26, 0x53, 0x60, 0x54, 0x98, 0x5A, 0x4A, 0x8A, 0x65, 0xAB, 0x3C, 0xB3, 0xB2, 0x77, 0x04,
    0xAE, 0x69, 0x2D, 0xCE, 0x14, 0xAC, 0x88, 0xAF, 0x82, 0x19, 0xE3, 0x5B, 0x1F, 0xEA, 0x11, 0xB7,
    0x7C, 0xD8, 0x9A, 0x87, 0x01, 0x93, 0x8E, 0xCF, 0x95, 0x34, 0xE1, 0xC4, 0xFA, 0x9A, 0xA7, 0x4C,
    0xD0, 0x82, 0x64, 0x9C, 0x89, 0x34, 0xEE, 0xA6, 0xF9, 0x83, 0x6B, 0x5B, 0xAB, 0x81, 0x65, 0xD0,
    0x34, 0x4E, 0x9E, 0x85, 0xEE, 0x67, 0x61, 0x3A, 0x59, 0x6E, 0xEA, 0x14, 0xD7, 0x3C, 0xA9, 0x22,
    0x2B, 0xCA, 0xBB, 0xDB, 0xC4, 0x1D, 0x32, 0x74, 0xA3, 0xAD, 0xC5, 0x99, 0xC4, 0x05, 0x3B, 0x0C,
    0xD8, 0xCC, 0x30, 0x4A, 0x81, 0x89, 0x78, 0xBF, 0x1C, 0x24, 0x23, 0x67, 0x1A, 0x91, 0xE3, 0xA6,
    0x22, 0xDF, 0x8D, 0xF1, 0x0E, 0x90, 0x56, 0xAF, 0x6F, 0x98, 0x43, 0xFD, 0xA0, 0x0D, 0xF4, 0x6C,
    0x53, 0x9F, 0xC5, 0x83, 0xCD, 0x98, 0xA5, 0x51, 0xCA, 0xDE, 0xC4, 0xDA, 0x33, 0x66, 0x38, 0xB0,
    0x03, 0x77, 0xD4, 0xCC, 0xBF, 0xFB, 0x24, 0xAA, 0xD9, 0xC2, 0x40, 0xCD, 0xB0, 0x3F, 0x95, 0xF5,
    0x69, 0x40, 0xA2, 0x4A, 0x70, 0x3E, 0xF7, 0x9C, 0x5C, 0x47, 0x1F, 0x60, 0xE5, 0x0F, 0x67, 0xFE,
    0x8E, 0x72, 0xA1, 0x8A, 0x99, 0x6E, 0x37, 0x1F, 0x1D, 0xFD, 0x6E, 0xA7, 0x5E, 0x99, 0xC0, 0x2B,
    0x2D, 0x24, 0x7F, 0xFB, 0x82, 0x6B, 0xD2, 0xDD, 0x0A, 0x62, 0x89, 0x87, 0x15, 0x46, 0x51, 0xAD,
    0xC4, 0x65, 0x19, 0x4D, 0x53, 0x26, 0x7A, 0xF1, 0xBA, 0x8F, 0x04, 0x69, 0x1E, 0x09, 0x9E, 0x9F,
    0xEE, 0x96, 0x37, 0xEB, 0xD3, 0x6D, 0x78, 0x09, 0x57, 0x73, 0x93, 0x52, 0x8F, 0x2E, 0xB3, 0xD9,
    0x8D, 0xE2, 0x6E, 0x85, 0xF7, 0xD5, 0x84, 0xAC, 0x59, 0x7E, 0xBB, 0xBC, 0xE9, 0x2F, 0x9A, 0xD1,
    0xA5, 0xF2, 0xC8, 0x87, 0x0C, 0xE7, 0x9E, 0x43, 0xEF, 0xB5, 0xE7, 0x81, 0xC7, 0x14, 0xA9, 0x8D,
    0xA9, 0xCF, 0xA5, 0xD1, 0xC3, 0xE3, 0xBB, 0xBC, 0x68, 0xBD, 0xE4, 0x2E, 0xC4, 0x4D, 0x39, 0xF9,
    0x19, 0xD4, 0xCE, 0x24, 0xE8, 0x6D, 0x5F, 0x35, 0xCD, 0xA1, 0x74, 0x37, 0x6A, 0x34, 0x9B, 0x87,
    0x5F, 0x11, 0x93, 0x9E, 0xCA, 0x4E, 0xA9, 0xB3, 0x6F, 0xB7, 0x98, 0x58, 0x6E, 0xFB, 0x4C, 0x43,
    0x4F, 0xBB, 0xCC, 0x43, 0x86, 0x64, 0x22, 0x12, 0xF1, 0x72, 0x54, 0x18, 0x5D, 0xE1, 0xF3, 0x04,
    0x78, 0xA1, 0x9E, 0xA0, 0xBA, 0x1D, 0x3D, 0xD3, 0xDC, 0x35, 0x06, 0x5B, 0xCC, 0x5B, 0xD9, 0x77,
    0xC8, 0x18, 0x83, 0x22, 0xE6, 0xE7, 0x99, 0xF4, 0x22, 0xE3, 0xEC, 0x3D, 0x3E, 0x41, 0x1B, 0x74,
    0xA8, 0xE2, 0x35, 0x18, 0x24, 0xD1, 0xBA, 0xBB, 0xDD, 0x7D, 0xC5, 0x46, 0xB7, 0x11, 0x41, 0xFC,
    0x77, 0x3A, 0x75, 0x96, 0xC7, 0x46, 0x90, 0x79, 0xCC, 0x1C, 0x30, 0x1E, 0x80, 0x46, 0xA3, 0xBC,
    0xC3, 0x96, 0x2E, 0xA7, 0x51, 0xE6, 0x8D, 0x3A, 0xB8, 0x74, 0xE3, 0x2A, 0x3F, 0xE6, 0xCB, 0x17,
    0x48, 0xAC, 0x94, 0xB7, 0x23, 0xAC, 0x78, 0x97, 0x15, 0x56, 0x9E, 0x4F, 0xA3, 0x9B, 0x9F, 0xDE,
    0xEC, 0x4E, 0xAB, 0x4F, 0xC0, 0x8A, 0xAE, 0x33, 0xEB, 0x98, 0x4B, 0x6D, 0xC9, 0xCD, 0x39, 0x39,
    0x67, 0xE9, 0x98, 0x8B, 0xD1, 0x76, 0x4D, 0x29, 0x30, 0x8E, 0xA3, 0x25, 0xC6, 0x99, 0x98, 0x4D,
    0x79, 0xDC, 0xE5, 0x9A, 0xE2, 0x7F, 0xD9, 0x19, 0x27, 0x75, 0xCC, 0x1C, 0x25, 0x1C, 0x6F, 0xE9,
    0xBF, 0xD5, 0x52, 0xB1, 0x6E, 0xDB, 0x30, 0x10, 0x7D, 0xB6, 0x2A, 0xB9, 0x30, 0x53, 0xD8, 0x83,
    0x0C, 0x14, 0x71, 0x1B, 0x77, 0xC8, 0x54, 0x44, 0x6E, 0x06, 0xA7, 0x65, 0x8B, 0xA3, 0xC2, 0x4F,
    0xD0, 0xD0, 0xEC, 0x19, 0x03, 0x67, 0xE9, 0xA0, 0x41, 0x01, 0x04, 0x99, 0x9F, 0xA0, 0x4F, 0xF0,
    0xD0, 0xC1, 0xA3, 0x06, 0x0E, 0x41, 0x21, 0x18, 0xFA, 0x04, 0x7D, 0x82, 0xC6, 0x8E, 0x1C, 0x38,
    0x74, 0xF0, 0x50, 0x2A, 0x49, 0x8B, 0x00, 0xFD, 0x82, 0xDE, 0x03, 0xEF, 0xF0, 0x1E, 0x71, 0xC7,
    0xE3, 0xE1, 0x82, 0x52, 0xE8, 0x9C, 0x32, 0xBA, 0x77, 0x27, 0x27, 0xA1, 0x59, 0x09, 0x10, 0x5E,
    0xE0, 0xC6, 0xF9, 0x47, 0x08, 0xAC, 0x81, 0x72, 0x68, 0x02, 0x73, 0x64, 0xCE, 0xCD, 0x8F, 0x5F,
    0x57, 0x76, 0x60, 0x82, 0xDD, 0x2C, 0xF9, 0x60, 0x57, 0xA7, 0x17, 0xF2, 0x8B, 0x45, 0xFD, 0x2E,
    0xBF, 0xB3, 0xF3, 0x72, 0xB8, 0x7D, 0xC5, 0x69, 0xFA, 0x59, 0x0A, 0xCD, 0x89, 0xD3, 0x59, 0x1A,
    0x94, 0xB3, 0xAF, 0x9B, 0xC3, 0xF5, 0x0A, 0xDF, 0xD0, 0x0D, 0x1A, 0x4F, 0x31, 0x8C, 0x11, 0x94,
    0x22, 0x23, 0x8A, 0xF5, 0xA4, 0xA3, 0x5A, 0x53, 0x9E, 0xCF, 0xB7, 0x81, 0x8A, 0x2A, 0xCE, 0x39,
    0x89, 0xDA, 0xE7, 0x58, 0x9D, 0x57, 0x73, 0x35, 0x80, 0x27, 0x3D, 0x79, 0xFB, 0xF3, 0x76, 0xD7,
    0x47, 0x60, 0xBD, 0x5B, 0xEF, 0x80, 0xCD, 0x01, 0xE8, 0xFD, 0x10, 0x27, 0xAE, 0x27, 0xED, 0x60,
    0x60, 0x9D, 0xCF, 0x1C, 0x63, 0xEE, 0x26, 0x71, 0x71, 0x02, 0x26, 0x99, 0x1C, 0xA9, 0x91, 0x62,
    0x72, 0x82, 0xB7, 0x48, 0x9D, 0x7E, 0xB3, 0x8D, 0x73, 0x7A, 0x30, 0x41, 0xEB, 0xE3, 0xE0, 0x9F,
    0xDF, 0x0E, 0xD4, 0xA2, 0xF9, 0xD4, 0x78, 0x4F, 0x18, 0x35, 0xEF, 0xBF, 0x8F, 0x4B, 0xB2, 0x5C,
    0xA3, 0x42, 0xEB, 0xC9, 0x37, 0x47, 0x9B, 0x83, 0x53, 0x14, 0xD9, 0x53, 0xF7, 0x20, 0x6B, 0x91,
    0x4D, 0x29, 0xD5, 0x73, 0xF5, 0xFF, 0xCE, 0xC3, 0x97, 0xC2, 0x84, 0xD5, 0xB1, 0xC9, 0xAA, 0xCC,
    0x2C, 0x33, 0x5F, 0x46, 0x86, 0xA7, 0x85, 0x75, 0x59, 0x53, 0xD6, 0x39, 0xE6, 0x7A, 0x4D, 0xDD,
    0x6C, 0x88, 0xB3, 0x6E, 0x16, 0xC6, 0x34, 0xB9, 0xF6, 0x9A, 0xB1, 0x79, 0x9D, 0xD5, 0x7B, 0x5F,
    0x7E, 0xEC, 0xA0, 0x67, 0xFA, 0x4E, 0xF3, 0x6A, 0xD1, 0xD6, 0xFD, 0x66, 0x24, 0x71, 0x4D, 0x4F,
    0x56, 0x2C, 0x1F, 0x94, 0xD0, 0xA5, 0x96, 0x71, 0x2B, 0x0C, 0xE5, 0xFB, 0x93, 0xFA, 0xEF, 0x06,
    0x3D, 0x62, 0x8F, 0x30, 0x49, 0xE2, 0xFD, 0x3D, 0x3D, 0xB3, 0x62, 0xB9, 0x0C, 0x93, 0xE2, 0x59,
    0x99, 0x69, 0xCF, 0xCE, 0x28, 0xA2, 0x48, 0x50, 0x6C, 0xFB, 0xE5, 0xBB, 0x82, 0x8F, 0x8B, 0x26,
    0x95, 0x97, 0x6A, 0xD4, 0x6E, 0xDB, 0x4B, 0xF5, 0x12, 0x11, 0x0A, 0xF9, 0xA7, 0xE8, 0x42, 0xFD,
    0x06, 0x6D, 0x55, 0x4F, 0x6C, 0x14, 0x55, 0x18, 0xFF, 0xCD, 0x4C, 0xEB, 0xC8, 0xCE, 0x6E, 0x5F,
    0x39, 0x34, 0x98, 0x16, 0xF3, 0xBC, 0x78, 0x29, 0xD8, 0x21, 0x91, 0x34, 0xD1, 0xD0, 0x9D, 0x67,
    0x6A, 0xD2, 0x83, 0x18, 0x7A, 0x68, 0xCF, 0x70, 0xF0, 0x60, 0x6A, 0xC2, 0xF6, 0xD0, 0x8B, 0x42,
    0x77, 0xE6, 0x48, 0xD2, 0x98, 0xF6, 0x8E, 0x86, 0x1E, 0x38, 0x94, 0x6D, 0xE2, 0x36, 0xCA, 0x01,
    0xCD, 0x74, 0xF7, 0x01, 0x47, 0x20, 0x0C, 0x81, 0xC0, 0x01, 0x35, 0x1B, 0xA1, 0x88, 0xAD, 0xDA,
    0x89, 0x19, 0x64, 0x80, 0xD9, 0x79, 0x7E, 0x6F, 0x28, 0xA6, 0x31, 0x4E, 0xBE, 0xDF, 0x6F, 0xDE,
    0xBE, 0xD9, 0xFD, 0xE6, 0x7D, 0xBF, 0xEF, 0xCF, 0x1A, 0x0D, 0x80, 0x9D, 0x95, 0x70, 0xAD, 0x00,
    0x63, 0x00, 0xE6, 0x7B, 0xA7, 0xC5, 0xFC, 0xD0, 0x66, 0x54, 0xB5, 0xA3, 0xC8, 0xB5, 0x23, 0x38,
    0x5B, 0x1B, 0xC0, 0x67, 0x9B, 0x02, 0xB4, 0x26, 0x9C, 0x20, 0xAC, 0xC1, 0x55, 0x31, 0x8C, 0x7E,
    0xD8, 0x87, 0x50, 0x4B, 0xAC, 0x3C, 0x67, 0xD7, 0xDB, 0xEE, 0xD1, 0x9F, 0xBD, 0x37, 0xA4, 0xF7,
    0x76, 0xE0, 0x8D, 0x06, 0xDE, 0xBB, 0xC2, 0xFD, 0x0E, 0xFC, 0x81, 0xE9, 0xBC, 0x38, 0x69, 0xA8,
    0x14, 0x37, 0x60, 0x5C, 0x87, 0xBE, 0x06, 0xCF, 0x9B, 0xCF, 0x5A, 0x8E, 0xF4, 0x58, 0xF0, 0xA6,
    0x2B, 0xE0, 0xA1, 0xC7, 0x73, 0xDB, 0x1E, 0x5B, 0xF4, 0x98, 0xF0, 0x8E, 0x09, 0xBE, 0x28, 0xD8,
    0xCD, 0x71, 0x4B, 0x7D, 0x83, 0x76, 0x4A, 0xDF, 0x1D, 0x6E, 0x2C, 0xF3, 0xCD, 0xD8, 0x91, 0xB3,
    0x8E, 0x3C, 0xE4, 0x48, 0x68, 0xDB, 0x10, 0xCE, 0x66, 0x40, 0x0B, 0xBE, 0x01, 0xF7, 0x37, 0xBD,
    0xC3, 0x22, 0xF8, 0x5D, 0x18, 0x0D, 0xE1, 0xDC, 0x8F, 0xD8, 0x78, 0x87, 0x9B, 0x92, 0x09, 0xB0,
    0x00, 0xB5, 0x4D, 0x0C, 0x6D, 0x60, 0xDF, 0x06, 0x7C, 0x05, 0x8B, 0x7E, 0xB8, 0xD4, 0xEF, 0xA9,
    0xF8, 0xBD, 0x5A, 0xA7, 0x38, 0x84, 0x21, 0x88, 0x2C, 0x22, 0x63, 0x62, 0x0A, 0x7E, 0x53, 0x29,
    0xB0, 0x5F, 0x72, 0x37, 0x60, 0x32, 0x63, 0xF2, 0x7F, 0xE9, 0x32, 0x11, 0xBF, 0x4A, 0xD4, 0x7E,
    0xAA, 0x58, 0x82, 0x92, 0x76, 0x52, 0xD1, 0xD4, 0x43, 0x98, 0x09, 0x4A, 0xE7, 0x79, 0x64, 0x3F,
    0x74, 0x62, 0x53, 0x3A, 0x99, 0x29, 0x4B, 0x2D, 0x53, 0x36, 0xDB, 0xAB, 0x8F, 0x6B, 0xCD, 0xAD,
    0x87, 0xC7, 0x8F, 0xFF, 0x7D, 0xA7, 0xB9, 0xAA, 0x1E, 0x97, 0x90, 0xCB, 0x12, 0x7C, 0x82, 0x2B,
    0x19, 0x98, 0xF4, 0x23, 0x4B, 0xCE, 0x5C, 0xA0, 0x13, 0xB8, 0x5B, 0x31, 0x28, 0x8E, 0x54, 0x53,
    0xA6, 0x29, 0xEC, 0xD7, 0xAB, 0x59, 0xBD, 0x17, 0xC3, 0xB9, 0xF7, 0x54, 0xC1, 0xC9, 0x3F, 0x48,
    0xE8, 0xA3, 0x11, 0xEF, 0x22, 0x0A, 0x3B, 0x81, 0x9F, 0xA1, 0x2D, 0x8A, 0x80, 0x66, 0x1A, 0xFA,
    0xEE, 0x6E, 0x25, 0xC4, 0x4C, 0xFB, 0x21, 0x5E, 0xC7, 0x94, 0x66, 0x67, 0x5B, 0xD0, 0x0E, 0xB7,
    0x29, 0x88, 0xC4, 0x35, 0xC1, 0x54, 0xC4, 0x3B, 0x60, 0xD7, 0x22, 0x96, 0x83, 0x5D, 0x8D, 0x0D,
    0x45, 0xFB, 0x69, 0x4F, 0x11, 0xE7, 0x41, 0x4B, 0xB2, 0xC8, 0x1F, 0xB1, 0x03, 0x3F, 0xE3, 0xD7,
    0x72, 0xBC, 0xBC, 0x86, 0x57, 0x0C, 0x31, 0x13, 0xF0, 0xD4, 0x96, 0xB5, 0xC0, 0x8E, 0x9D, 0xA8,
    0x0F, 0x56, 0xCC, 0x3A, 0x15, 0x58, 0x49, 0x25, 0xDE, 0x0F, 0x23, 0xDD, 0x9F, 0x1C, 0xC4, 0x81,
    0xBC, 0x95, 0xB7, 0x96, 0x06, 0xBA, 0x9F, 0xAF, 0x7F, 0x2F, 0xB0, 0x3E, 0x7B, 0x64, 0x16, 0xA8,
    0x2F, 0x57, 0x97, 0x01, 0x2F, 0x72, 0xA9, 0x62, 0x5C, 0xC9, 0x25, 0xC0, 0xE9, 0x15, 0x74, 0xAC,
    0x80, 0x72, 0x33, 0x30, 0x8D, 0xC9, 0xB6, 0xEA, 0xA4, 0xA1, 0x91, 0xA4, 0x21, 0xD2, 0x34, 0x9C,
    0x22, 0x84, 0xBB, 0x01, 0x8D, 0x24, 0x6C, 0xAD, 0xC6, 0x61, 0x5B, 0x05, 0xE8, 0x9D, 0x24, 0x65,
    0x28, 0x36, 0x93, 0x40, 0xF9, 0x84, 0x91, 0xC0, 0xDC, 0x48, 0xC0, 0xB6, 0x13, 0xB8, 0xE3, 0x09,
    0x3C, 0x73, 0x07, 0xC6, 0xCE, 0xDD, 0x4A, 0xC0, 0xCF, 0xA6, 0x70, 0x32, 0x55, 0xC4, 0xD0, 0x3B,
    0x3D, 0x85, 0x52, 0x63, 0x85, 0x64, 0x12, 0xE6, 0x8B, 0xD8, 0xBE, 0x9C, 0xB0, 0xA0, 0x43, 0x55,
    0x52, 0xBB, 0x00, 0xBF, 0x01, 0xAA, 0x42, 0xD2, 0x91, 0x17, 0x45, 0xE3, 0xC8, 0x7E, 0xEB, 0xC9,
    0x1A, 0xDA, 0x91, 0x96, 0x74, 0x85, 0xC2, 0x4E, 0xFC, 0xC0, 0x89, 0xC6, 0xE0, 0x44, 0x73, 0x70,
    0x6E, 0x51, 0x23, 0xDC, 0xA3, 0xC2, 0xDA, 0x6E, 0x04, 0x4D, 0xF5, 0x3C, 0x70, 0xEE, 0x51, 0x2A,
    0x6E, 0x53, 0x62, 0x6E, 0x65, 0xF4, 0xBC, 0x45, 0x19, 0xF1, 0x48, 0xB8, 0xA1, 0x78, 0xA6, 0xD1,
    0xC0, 0x0F, 0xED, 0x26, 0x3A, 0x75, 0x9B, 0x60, 0x91, 0x14, 0x6F, 0xD1, 0xA1, 0xA9, 0xEE, 0x7C,
    0xEA, 0x9D, 0x7C, 0x16, 0x7B, 0x7C, 0xF2, 0xDE, 0xA6, 0x78, 0x48, 0xE1, 0x9E, 0x3A, 0x8A, 0xB5,
    0xA5, 0x3A, 0x78, 0x75, 0xCD, 0x69, 0x32, 0x63, 0x4D, 0x4A, 0x27, 0xA1, 0x97, 0x2D, 0x90, 0x6E,
    0xE0, 0x96, 0x3E, 0x94, 0x67, 0xE9, 0x07, 0xD5, 0xE2, 0xF1, 0x7C, 0xC1, 0x61, 0xC1, 0x99, 0x15,
    0x7F, 0x02, 0xA4, 0xD6, 0x83, 0x6D, 0x61, 0x24, 0xF6, 0xFD, 0x05, 0x79, 0x2A, 0x66, 0x8B, 0x0B,
    0xF2, 0xDB, 0xD4, 0x65, 0x8B, 0xC2, 0x3B, 0x97, 0xF2, 0xAE, 0xF6, 0xEA, 0x16, 0x2F, 0xA8, 0x16,
    0x3C, 0x56, 0xF0, 0xA7, 0x84, 0xD7, 0x96, 0x30, 0x72, 0x11, 0xA7, 0x8F, 0xEC, 0xD8, 0xFC, 0x1C,
    0xBC, 0x18, 0x6E, 0x64, 0x70, 0x69, 0x53, 0x59, 0x34, 0x3B, 0xD4, 0xE8, 0xEF, 0xFF, 0x95, 0xAC,
    0x45, 0x54, 0x55, 0x19, 0xD6, 0x42, 0x23, 0x0E, 0x91, 0xC7, 0x18, 0x14, 0xBA, 0x7C, 0x39, 0x55,
    0x2F, 0x23, 0x01, 0x14, 0xB5, 0x90, 0x13, 0x75, 0xD1, 0xA6, 0xFB, 0xF1, 0x47, 0x5D, 0x38, 0xBF,
    0x92, 0x38, 0xB9, 0xA0, 0x3D, 0xFC, 0x0B, 0x2A, 0x59, 0xDD, 0xAA, 0xC0, 0x1E, 0x42, 0x6D, 0x99,
    0xC4, 0xE8, 0x82, 0x7F, 0xE9, 0xC1, 0xAB, 0xBC, 0x83, 0x16, 0x35, 0x53, 0xF7, 0x15, 0xFA, 0xA6,
    0x45, 0x97, 0xA9, 0x60, 0xBD, 0xE2, 0xA3, 0x5E, 0xA9, 0xC3, 0xFB, 0xB8, 0x0E, 0xF6, 0x53, 0x1D,
    0x7A, 0x8C, 0x14, 0x4D, 0xA7, 0x7B, 0x6E, 0x50, 0x8B, 0x11, 0x10, 0x48, 0x9B, 0x53, 0x84, 0x07,
    0xE4, 0xFC, 0x76, 0xAC, 0xDF, 0xDF, 0xD9, 0x77, 0xF7, 0xD9, 0xA4, 0x25, 0x32, 0xBD, 0x8E, 0x19,
    0xD6, 0xD1, 0x87, 0x3A, 0x46, 0xE0, 0x0B, 0x75, 0x85, 0x54, 0x6E, 0x08, 0xFB, 0x51, 0xCC, 0xE4,
    0x25, 0x5B, 0x84, 0x14, 0x8E, 0xA7, 0xD4, 0x80, 0x7A, 0x32, 0xA4, 0x36, 0xDC, 0xE7, 0x0D, 0xAA,
    0x51, 0x2E, 0x8E, 0x30, 0x31, 0x46, 0xDD, 0x67, 0x28, 0x2D, 0x2A, 0xCA, 0xC0, 0xC9, 0x25, 0xE7,
    0xCF, 0xD4, 0x3D, 0x9A, 0x55, 0xCB, 0x17, 0xD7, 0xCB, 0xE8, 0xEE, 0x32, 0xFA, 0x58, 0x2F, 0xC3,
    0x3B, 0x5A, 0x66, 0x7F, 0x5C, 0x32, 0xC9, 0x73, 0x59, 0x1F, 0x6C, 0xB0, 0x24, 0x68, 0xB2, 0x15,
    0x26, 0x95, 0xCA, 0x5E, 0xAD, 0x77, 0x1B, 0x8D, 0xBE, 0x3B, 0x9E, 0xAD, 0x5B, 0xD4, 0x68, 0x80,
    0x9D, 0x8B, 0x46, 0xAC, 0x4E, 0xD5, 0x94, 0x1E, 0x65, 0x87, 0xDA, 0x32, 0xA7, 0xA4, 0xD3, 0x39,
    0x62, 0x6A, 0x32, 0xAF, 0x1B, 0x7F, 0x7D, 0x23, 0x9E, 0xBF, 0x29, 0x79, 0x8E, 0xCA, 0x8F, 0x78,
    0xFD, 0x0C, 0x35, 0xF9, 0x32, 0x19, 0x74, 0x0B, 0x24, 0x73, 0xD9, 0xDC, 0x5A, 0x76, 0x78, 0x32,
    0xEB, 0x47, 0x91, 0x96, 0xDD, 0xE6, 0x28, 0x31, 0xDC, 0x58, 0x3A, 0x90, 0x2F, 0xA1, 0x8B, 0x01,
    0x35, 0x39, 0xAC, 0x96, 0x69, 0x61, 0x66, 0xD4, 0x8C, 0x5A, 0x31, 0xCA, 0x82, 0x43, 0xEE, 0x53,
    0x18, 0x94, 0x0A, 0x3F, 0x18, 0x5E, 0x01, 0x7F, 0x58, 0x4C, 0xD6, 0xFB, 0x70, 0x52, 0xB8, 0x57,
    0xB0, 0x9A, 0x83, 0x47, 0xA2, 0x7D, 0x95, 0xE6, 0xEE, 0x45, 0x47, 0x1E, 0xA6, 0xE9, 0xCB, 0xA2,
    0x8E, 0xAF, 0x04, 0x29, 0x7E, 0x2A, 0xC0, 0xB2, 0xC4, 0x17, 0x2A, 0xF1, 0x9E, 0x87, 0x90, 0x7D,
    0xA0, 0x69, 0x96, 0xDF, 0x80, 0xCA, 0x2C, 0x79, 0xA2, 0x44, 0xFA, 0xAF, 0x95, 0x51, 0x0D, 0xC1,
    0x93, 0x1D, 0xE9, 0x0A, 0x9C, 0xA4, 0x1A, 0xA0, 0xBC, 0xF1, 0xF2, 0x3C, 0xAA, 0x65, 0x17, 0x63,
    0x65, 0x8E, 0xD3, 0x65, 0x2E, 0x4E, 0x97, 0x99, 0x08, 0xFF, 0x83, 0x99, 0x0B, 0x34, 0xC0, 0x3A,
    0xEC, 0x4A, 0x42, 0x03, 0xA9, 0xB0, 0x84, 0xE6, 0x93, 0xAF, 0x68, 0x2A, 0x83, 0xDF, 0x41, 0xED,
    0x31, 0x0D, 0x33, 0x6D, 0xBA, 0x84, 0xF6, 0x92, 0xE7, 0x51, 0x9A, 0x78, 0xFE, 0x12, 0xAC, 0x17,
    0x19, 0xD8, 0x68, 0x0D, 0x23, 0xA3, 0xC7, 0xC4, 0xD8, 0xE8, 0x47, 0x62, 0x6C, 0x6F, 0x6F, 0x51,
    0xDB, 0x1A, 0x23, 0x7A, 0x0E, 0x12, 0x6C, 0x5D, 0x28, 0x54, 0x99, 0x1A, 0xC6, 0x19, 0x1C, 0xF8,
    0x1D, 0xEE, 0x76, 0xC0, 0x26, 0xE8, 0xFF, 0xA2, 0xB0, 0x09, 0xC9, 0xB6, 0xC1, 0x9A, 0x01, 0xFD,
    0x7D, 0xB0, 0xF1, 0xF8, 0xA5, 0xF1, 0x85, 0x88, 0x62, 0x36, 0xBE, 0x02, 0x3E, 0x04, 0xCD, 0x51,
    0x67, 0x3B, 0xE0, 0x13, 0x91, 0x67, 0xE9, 0x3C, 0xD5, 0x0B, 0xF3, 0xB4, 0x09, 0x7E, 0x57, 0xDA,
    0xEA, 0xE5, 0x08, 0x26, 0xEF, 0x72, 0x60, 0x5A, 0xFC, 0x03, 0xCB, 0x5A, 0xE5, 0xF0, 0xFF, 0x7F,
    0x03, 0x00, 0x95, 0x90, 0x31, 0x4E, 0xC3, 0x40, 0x10, 0x45, 0xFF, 0xAE, 0xA5, 0x58, 0xC8, 0xC5,
    0xD2, 0xA4, 0x49, 0x81, 0x8F, 0xE0, 0x0B, 0x24, 0x72, 0x3A, 0xDA, 0x1C, 0x82, 0x06, 0x1A, 0x1A,
    0x4A, 0x22, 0x73, 0x83, 0xA4, 0xE1, 0x06, 0x69, 0xA8, 0x72, 0x82, 0x68, 0x2D, 0xA5, 0xA0, 0x75,
    0x4F, 0x81, 0x7B, 0x0A, 0x16, 0x09, 0x90, 0x15, 0x6C, 0x86, 0xBF, 0xEB, 0x22, 0x4D, 0x22, 0x60,
    0xA5, 0x79, 0xAB, 0xD9, 0x99, 0xFF, 0xF5, 0xB5, 0x18, 0xAA, 0x95, 0x96, 0x85, 0x8D, 0x1F, 0xD7,
    0x67, 0xA6, 0xCC, 0x61, 0xCA, 0x02, 0x56, 0xE4, 0xDD, 0xDF, 0x7D, 0x7F, 0xA0, 0x2A, 0xEE, 0x7C,
    0x8B, 0xC3, 0x68, 0x09, 0xBD, 0xEB, 0x10, 0x57, 0x1B, 0x24, 0xE5, 0x05, 0x67, 0xF0, 0xDA, 0xE3,
    0xBA, 0xBD, 0xB6, 0xC2, 0xE8, 0x9E, 0x5A, 0xA1, 0xD6, 0x52, 0xDB, 0xCF, 0x6C, 0x97, 0xFF, 0xAE,
    0xDD, 0x51, 0x3B, 0x54, 0x57, 0x53, 0x30, 0xF5, 0x93, 0x03, 0x73, 0x47, 0xCE, 0x4F, 0xD5, 0x5D,
    0xC8, 0x1E, 0x12, 0x48, 0x13, 0x5E, 0xFE, 0xC8, 0xAA, 0xD0, 0x8D, 0xCF, 0xF4, 0x2A, 0xC0, 0xA5,
    0x7A, 0x98, 0x21, 0xFA, 0x5A, 0xBC, 0x34, 0x48, 0xB6, 0x6B, 0xBD, 0xDF, 0x2C, 0x48, 0x3A, 0xBF,
    0xFD, 0xD7, 0xB9, 0xF5, 0x89, 0x9F, 0xE9, 0xCC, 0xC4, 0xD1, 0x27, 0x5D, 0xCB, 0x0D, 0xA7, 0x73,
    0x56, 0x07, 0xB3, 0x15, 0x67, 0x42, 0x7F, 0xB8, 0xD2, 0xB2, 0x98, 0x49, 0x9B, 0x39, 0xF8, 0x33,
    0x58, 0x11, 0xD9, 0x35, 0xBF, 0x78, 0x1C, 0xD7, 0x3D, 0xD4, 0x3C, 0xA9, 0x91, 0xDA, 0x4C, 0x30,
    0x36, 0x6C, 0x27, 0x27, 0x44, 0xBE, 0x24, 0xD2, 0x96, 0x18, 0x08, 0x71, 0x9A, 0x9D, 0xD7, 0xB8,
    0x31, 0xC4, 0xAD, 0x89, 0x3E, 0x90, 0xB5, 0x5A, 0x82, 0x1B, 0x7E, 0x00, 0x63, 0x60, 0x00, 0x83,
    0x12, 0x20, 0x66, 0xFC, 0x0B, 0x24, 0xD8, 0xFF, 0x3B, 0x30, 0x30, 0xC8, 0x85, 0x5D, 0x00, 0x0A,
    0x95, 0x94, 0x30, 0x30, 0x7E, 0xD9, 0x61, 0x0B, 0x14, 0xFA, 0x61, 0xEF, 0x20, 0xFF, 0xFF, 0x4B,
    0xFD, 0x05, 0xFB, 0xFF, 0x17, 0xFF, 0x7F, 0xE0, 0xFF, 0xDF, 0xFF, 0xFF, 0x00, 0xF3, 0xFF, 0xFB,
    0xFF, 0x19, 0x18, 0xFE, 0xFF, 0xFF, 0xC3, 0xC0, 0x60, 0xEF, 0xFD, 0x81, 0x81, 0x81, 0x9F, 0xFB,
    0x00, 0x03, 0x03, 0xF3, 0x7B, 0x90, 0x51, 0x7F, 0x40, 0x84, 0x02, 0x03, 0x03, 0x00,
};

static const EpdGlyph notoserif_c19_boldGlyphs[] = {
    { 0, 0, 0, 0, 0, 0, 0 }, // U+0000
    { 0, 0, 79, 0, 0, 0, 0 }, // U+000D
    { 0, 0, 79, 0, 0, 0, 0 }, // U+0020
    { 5, 15, 116, 1, 14, 19, 0 }, // !
    { 8, 6, 155, 1, 14, 12, 19 }, // "
    { 11, 14, 172, 0, 14, 39, 31 }, // #
    { 10, 17, 172, 0, 15, 43, 70 }, // $
    { 17, 15, 275, 0, 14, 64, 113 }, // %
    { 15, 15, 244, 0, 14, 57, 177 }, // &
    { 4, 6, 88, 1, 14, 6, 234 }, // '
    { 7, 18, 122, 1, 15, 32, 240 }, // (
    { 7, 18, 122, 0, 15, 32, 272 }, // )
    { 9, 9, 153, 0, 15, 21, 304 }, // *
    { 9, 9, 172, 1, 11, 21, 325 }, // +
    { 5, 6, 89, 0, 3, 8, 346 }, // ,
    { 6, 3, 94, 0, 7, 5, 354 }, // -
    { 4, 4, 89, 1, 3, 4, 359 }, // .
    { 6, 18, 88, 0, 15, 27, 363 }, // /
    { 11, 15, 177, 0, 14, 42, 390 }, // 0
    { 10, 14, 154, 0, 14, 35, 432 }, // 1
    { 10, 14, 161, 0, 14, 35, 467 }, // 2
    { 10, 15, 164, 0, 14, 38, 502 }, // 3
    { 11, 14, 169, 0, 14, 39, 540 }, // 4
    { 10, 15, 161, 0, 14, 38, 579 }, // 5
    { 10, 15, 170, 0, 14, 38, 617 }, // 6
    { 10, 14, 165, 0, 14, 35, 655 }, // 7
    { 11, 15, 176, 0, 14, 42, 690 }, // 8
    { 10, 15, 170, 0, 14, 38, 732 }, // 9
    { 4, 12, 92, 1, 11, 12, 770 }, // :
    { 4, 14, 92, 1, 11, 14, 782 }, // ;
    { 9, 11, 172, 1, 12, 25, 796 }, // <
    { 9, 6, 172, 1, 10, 14, 821 }, // =
    { 9, 11, 172, 1, 12, 25, 835 }, // >
    { 10, 15, 167, 0, 14, 38, 860 }, // ?
    { 16, 17, 280, 1, 14, 68, 898 }, // @
    { 15, 14, 229, 0, 14, 53, 966 }, // A
    { 13, 14, 204, 0, 14, 46, 1019 }, // B
    { 11, 15, 203, 1, 14, 42, 1065 }, // C
    { 14, 14, 233, 0, 14, 49, 1107 }, // D
    { 12, 14, 199, 0, 14, 42, 1156 }, // E
    { 12, 14, 189, 0, 14, 42, 1198 }, // F
    { 13, 15, 234, 1, 14, 49, 1240 }, // G
    { 16, 14, 249, 0, 14, 56, 1289 }, // H
    { 8, 14, 122, 0, 14, 28, 1345 }, // I
    { 9, 19, 120, -1, 14, 43, 1373 }, // J
    { 14, 14, 223, 0, 14, 49, 1416 }, // K
    { 12, 14, 199, 0, 14, 42, 1465 }, // L
    { 18, 14, 289, 0, 14, 63, 1507 }, // M
    { 15, 14, 240, 0, 14, 53, 1570 }, // N
    { 13, 15, 239, 1, 14, 49, 1623 }, // O
    { 12, 14, 194, 0, 14, 42, 1672 }, // P
    { 13, 19, 239, 1, 14, 62, 1714 }, // Q
    { 14, 14, 216, 0, 14, 49, 1776 }, // R
    { 11, 15, 176, 0, 14, 42, 1825 }, // S
    { 13, 14, 199, 0, 14, 46, 1867 }, // T
    { 14, 15, 227, 0, 14, 53, 1913 }, // U
    { 14, 14, 212, 0, 14, 49, 1966 }, // V
    { 21, 14, 324, 0, 14, 74, 2015 }, // W
    { 14, 14, 223, 0, 14, 49, 2089 }, // X
    { 14, 14, 211, 0, 14, 49, 2138 }, // Y
    { 12, 14, 203, 0, 14, 42, 2187 }, // Z
    { 7, 18, 126, 1, 15, 32, 2229 }, // [
    { 6, 18, 88, 0, 15, 27, 2261 }, // <backslash>
    { 6, 18, 126, 0, 15, 27, 2288 }, // ]
    { 10, 10, 170, 0, 14, 25, 2315 }, // ^
    { 10, 2, 140, -1, -1, 5, 2340 }, // _
    { 6, 4, 102, 0, 15, 6, 2345 }, // `
    { 11, 12, 182, 0, 11, 33, 2351 }, // a
    { 12, 16, 197, 0, 15, 48, 2384 }, // b
    { 10, 12, 160, 0, 11, 30, 2432 }, // c
    { 13, 16, 197, 0, 15, 52, 2462 }, // d
    { 11, 12, 174, 0, 11, 33, 2514 }, // e
    { 10, 15, 124, 0, 15, 38, 2547 }, // f
    { 11, 16, 170, 0, 11, 44, 2585 }, // g
    { 13, 15, 203, 0, 15, 49, 2629 }, // h
    { 7, 15, 107, 0, 15, 27, 2678 }, // i
    { 6, 20, 105, -1, 15, 30, 2705 }, // j
    { 13, 15, 194, 0, 15, 49, 2735 }, // k
    { 7, 15, 107, 0, 15, 27, 2784 }, // l
    { 19, 11, 300, 0, 11, 53, 2811 }, // m
    { 13, 11, 203, 0, 11, 36, 2864 }, // n
    { 11, 12, 187, 0, 11, 33, 2900 }, // o
    { 12, 16, 196, 0, 11, 48, 2933 }, // p
    { 13, 16, 197, 0, 11, 52, 2981 }, // q
    { 10, 11, 159, 0, 11, 28, 3033 }, // r
    { 9, 12, 146, 0, 11, 27, 3061 }, // s
    { 8, 14, 123, 0, 13, 28, 3088 }, // t
    { 13, 12, 203, 0, 11, 39, 3116 }, // u
    { 12, 11, 184, 0, 11, 33, 3155 }, // v
    { 18, 11, 260, -1, 11, 50, 3188 }, // w
    { 13, 11, 196, 0, 11, 36, 3238 }, // x
    { 11, 16, 176, 0, 11, 44, 3274 }, // y
    { 10, 11, 161, 0, 11, 28, 3318 }, // z
    { 8, 18, 134, 0, 15, 36, 3346 }, // {
    { 3, 20, 172, 4, 15, 15, 3382 }, // |
    { 8, 18, 134, 0, 15, 36, 3397 }, // }
    { 10, 5, 172, 0, 9, 13, 3433 }, // ~
    { 0, 0, 79, 0, 0, 0, 0 }, // U+00A0
    { 5, 15, 116, 1, 11, 19, 0 }, // U+00A1
    { 9, 14, 172, 1, 14, 32, 19 }, // U+00A2
    { 11, 15, 170, 0, 14, 42, 51 }, // U+00A3
    { 9, 9, 172, 1, 11, 21, 93 }, // U+00A4
    { 11, 14, 172, 0, 14, 39, 114 }, // U+00A5
    { 3, 20, 172, 4, 15, 15, 153 }, // U+00A6
    { 9, 18, 165, 1, 15, 41, 168 }, // U+00A7
    { 7, 4, 175, 2, 15, 7, 209 }, // U+00A8
    { 15, 15, 257, 1, 14, 57, 216 }, // U+00A9
    { 8, 7, 128, 0, 14, 14, 273 }, // U+00AA
    { 9, 8, 168, 1, 9, 18, 287 }, // U+00AB
    { 9, 6, 172, 1, 8, 14, 305 }, // U+00AC
    { 6, 3, 94, 0, 7, 5, 319 }, // U+00AD
    { 15, 15, 257, 1, 14, 57, 324 }, // U+00AE
    { 10, 2, 140, -1, 16, 5, 381 }, // U+00AF
    { 7, 7, 122, 0, 14, 13, 386 }, // U+00B0
    { 9, 11, 172, 1, 11, 25, 399 }, // U+00B1
    { 7, 9, 122, 0, 16, 16, 424 }, // U+00B2
    { 7, 9, 122, 0, 16, 16, 440 }, // U+00B3
    { 6, 4, 102, 0, 15, 6, 456 }, // U+00B4
    { 12, 16, 202, 1, 11, 48, 462 }, // U+00B5
    { 12, 18, 191, 0, 15, 54, 510 }, // U+00B6
    { 4, 4, 89, 1, 9, 4, 564 }, // U+00B7
    { 6, 6, 101, 0, 1, 9, 568 }, // U+00B8
    { 7, 9, 122, 0, 16, 16, 577 }, // U+00B9
    { 8, 7, 133, 0, 14, 14, 593 }, // U+00BA
    { 9, 8, 168, 1, 9, 18, 607 }, // U+00BB
    { 16, 14, 255, 0, 14, 56, 625 }, // U+00BC
    { 16, 14, 255, 0, 14, 56, 681 }, // U+00BD
    { 16, 14, 255, 0, 14, 56, 737 }, // U+00BE
    { 9, 15, 167, 1, 11, 34, 793 }, // U+00BF
    { 15, 18, 229, 0, 18, 68, 827 }, // U+00C0
    { 15, 18, 229, 0, 18, 68, 895 }, // U+00C1
    { 15, 18, 229, 0, 18, 68, 963 }, // U+00C2
    { 15, 18, 229, 0, 18, 68, 1031 }, // U+00C3
    { 15, 18, 229, 0, 18, 68, 1099 }, // U+00C4
    { 15, 17, 229, 0, 17, 64, 1167 }, // U+00C5
    { 19, 14, 302, 0, 14, 67, 1231 }, // U+00C6
    { 11, 19, 203, 1, 14, 53, 1298 }, // U+00C7
    { 12, 18, 199, 0, 18, 54, 1351 }, // U+00C8
    { 12, 18, 199, 0, 18, 54, 1405 }, // U+00C9
    { 12, 18, 199, 0, 18, 54, 1459 }, // U+00CA
    { 12, 18, 199, 0, 18, 54, 1513 }, // U+00CB
    { 8, 18, 122, 0, 18, 36, 1567 }, // U+00CC
    { 8, 18, 122, 0, 18, 36, 1603 }, // U+00CD
    { 8, 18, 122, 0, 18, 36, 1639 }, // U+00CE
    { 8, 18, 122, 0, 18, 36, 1675 }, // U+00CF
    { 14, 14, 233, 0, 14, 49, 1711 }, // U+00D0
    { 15, 18, 240, 0, 18, 68, 1760 }, // U+00D1
    { 13, 19, 239, 1, 18, 62, 1828 }, // U+00D2
    { 13, 19, 239, 1, 18, 62, 1890 }, // U+00D3
    { 13, 19, 239, 1, 18, 62, 1952 }, // U+00D4
    { 13, 19, 239, 1, 18, 62, 2014 }, // U+00D5
    { 13, 19, 239, 1, 18, 62, 2076 }, // U+00D6
    { 9, 9, 172, 1, 11, 21, 2138 }, // U+00D7
    { 13, 16, 239, 1, 15, 52, 2159 }, // U+00D8
    { 14, 19, 227, 0, 18, 67, 2211 }, // U+00D9
    { 14, 19, 227, 0, 18, 67, 2278 }, // U+00DA
    { 14, 19, 227, 0, 18, 67, 2345 }, // U+00DB
    { 14, 19, 227, 0, 18, 67, 2412 }, // U+00DC
    { 14, 18, 211, 0, 18, 63, 2479 }, // U+00DD
    { 12, 14, 194, 0, 14, 42, 2542 }, // U+00DE
    { 13, 16, 215, 0, 15, 52, 2584 }, // U+00DF
    { 11, 16, 182, 0, 15, 44, 2636 }, // U+00E0
    { 11, 16, 182, 0, 15, 44, 2680 }, // U+00E1
    { 11, 16, 182, 0, 15, 44, 2724 }, // U+00E2
    { 11, 16, 182, 0, 15, 44, 2768 }, // U+00E3
    { 11, 16, 182, 0, 15, 44, 2812 }, // U+00E4
    { 11, 17, 182, 0, 16, 47, 2856 }, // U+00E5
    { 16, 12, 266, 0, 11, 48, 2903 }, // U+00E6
    { 10, 16, 160, 0, 11, 40, 2951 }, // U+00E7
    { 11, 16, 174, 0, 15, 44, 2991 }, // U+00E8
    { 11, 16, 174, 0, 15, 44, 3035 }, // U+00E9
    { 11, 16, 174, 0, 15, 44, 3079 }, // U+00EA
    { 11, 16, 174, 0, 15, 44, 3123 }, // U+00EB
    { 8, 15, 107, -1, 15, 30, 3167 }, // U+00EC
    { 7, 15, 107, 0, 15, 27, 3197 }, // U+00ED
    { 8, 15, 107, -1, 15, 30, 3224 }, // U+00EE
    { 8, 15, 107, -1, 15, 30, 3254 }, // U+00EF
    { 11, 16, 187, 0, 15, 44, 3284 }, // U+00F0
    { 13, 15, 203, 0, 15, 49, 3328 }, // U+00F1
    { 11, 16, 187, 0, 15, 44, 3377 }, // U+00F2
    { 11, 16, 187, 0, 15, 44, 3421 }, // U+00F3
    { 11, 16, 187, 0, 15, 44, 3465 }, // U+00F4
    { 11, 16, 187, 0, 15, 44, 3509 }, // U+00F5
    { 11, 16, 187, 0, 15, 44, 3553 }, // U+00F6
    { 9, 11, 172, 1, 12, 25, 3597 }, // U+00F7
    { 11, 12, 187, 0, 11, 33, 3622 }, // U+00F8
    { 13, 16, 203, 0, 15, 52, 3655 }, // U+00F9
    { 13, 16, 203, 0, 15, 52, 3707 }, // U+00FA
    { 13, 16, 203, 0, 15, 52, 3759 }, // U+00FB
    { 13, 16, 203, 0, 15, 52, 3811 }, // U+00FC
    { 11, 20, 176, 0, 15, 55, 3863 }, // U+00FD
    { 12, 20, 196, 0, 15, 60, 3918 }, // U+00FE
    { 11, 20, 176, 0, 15, 55, 3978 }, // U+00FF
    { 15, 17, 229, 0, 17, 64, 0 }, // U+0100
    { 11, 15, 182, 0, 14, 42, 64 }, // U+0101
    { 15, 18, 229, 0, 18, 68, 106 }, // U+0102
    { 11, 16, 182, 0, 15, 44, 174 }, // U+0103
    { 15, 19, 229, 0, 14, 72, 218 }, // U+0104
    { 11, 16, 182, 0, 11, 44, 290 }, // U+0105
    { 11, 19, 203, 1, 18, 53, 334 }, // U+0106
    { 10, 16, 160, 0, 15, 40, 387 }, // U+0107
    { 11, 19, 203, 1, 18, 53, 427 }, // U+0108
    { 10, 16, 160, 0, 15, 40, 480 }, // U+0109
    { 11, 19, 203, 1, 18, 53, 520 }, // U+010A
    { 10, 16, 160, 0, 15, 40, 573 }, // U+010B
    { 11, 19, 203, 1, 18, 53, 613 }, // U+010C
    { 10, 16, 160, 0, 15, 40, 666 }, // U+010D
    { 14, 18, 233, 0, 18, 63, 706 }, // U+010E
    { 15, 16, 197, 0, 15, 60, 769 }, // U+010F
    { 14, 14, 233, 0, 14, 49, 829 }, // U+0110
    { 13, 16, 197, 0, 15, 52, 878 }, // U+0111
    { 12, 17, 199, 0, 17, 51, 930 }, // U+0112
    { 11, 15, 174, 0, 14, 42, 981 }, // U+0113
    { 12, 18, 199, 0, 18, 54, 1023 }, // U+0114
    { 11, 16, 174, 0, 15, 44, 1077 }, // U+0115
    { 12, 18, 199, 0, 18, 54, 1121 }, // U+0116
    { 11, 16, 174, 0, 15, 44, 1175 }, // U+0117
    { 12, 19, 199, 0, 14, 57, 1219 }, // U+0118
    { 11, 16, 174, 0, 11, 44, 1276 }, // U+0119
    { 12, 18, 199, 0, 18, 54, 1320 }, // U+011A
    { 11, 16, 174, 0, 15, 44, 1374 }, // U+011B
    { 13, 19, 234, 1, 18, 62, 1418 }, // U+011C
    { 11, 20, 170, 0, 15, 55, 1480 }, // U+011D
    { 13, 19, 234, 1, 18, 62, 1535 }, // U+011E
    { 11, 20, 170, 0, 15, 55, 1597 }, // U+011F
    { 13, 19, 234, 1, 18, 62, 1652 }, // U+0120
    { 11, 20, 170, 0, 15, 55, 1714 }, // U+0121
    { 13, 19, 234, 1, 14, 62, 1769 }, // U+0122
    { 11, 20, 170, 0, 15, 55, 1831 }, // U+0123
    { 16, 18, 249, 0, 18, 72, 1886 }, // U+0124
    { 13, 19, 203, 0, 19, 62, 1958 }, // U+0125
    { 16, 14, 249, 0, 14, 56, 2020 }, // U+0126
    { 13, 15, 203, 0, 15, 49, 2076 }, // U+0127
    { 8, 18, 122, 0, 18, 36, 2125 }, // U+0128
    { 9, 15, 107, -1, 15, 34, 2161 }, // U+0129
    { 8, 17, 122, 0, 17, 34, 2195 }, // U+012A
    { 7, 14, 107, 0, 14, 25, 2229 }, // U+012B
    { 8, 18, 122, 0, 18, 36, 2254 }, // U+012C
    { 7, 15, 107, 0, 15, 27, 2290 }, // U+012D
    { 8, 19, 122, 0, 14, 38, 2317 }, // U+012E
    { 7, 20, 107, 0, 15, 35, 2355 }, // U+012F
    { 8, 18, 122, 0, 18, 36, 2390 }, // U+0130
    { 7, 11, 107, 0, 11, 20, 2426 }, // U+0131
    { 15, 19, 243, 0, 14, 72, 2446 }, // U+0132
    { 12, 20, 212, 0, 15, 60, 2518 }, // U+0133
    { 9, 23, 120, -1, 18, 52, 2578 }, // U+0134
    { 8, 20, 105, -1, 15, 40, 2630 }, // U+0135
    { 14, 19, 223, 0, 14, 67, 2670 }, // U+0136
    { 13, 20, 194, 0, 15, 65, 2737 }, // U+0137
    { 13, 11, 194, 0, 11, 36, 2802 }, // U+0138
    { 12, 18, 199, 0, 18, 54, 2838 }, // U+0139
    { 7, 19, 107, 0, 19, 34, 2892 }, // U+013A
    { 12, 19, 199, 0, 14, 57, 2926 }, // U+013B
    { 7, 20, 107, 0, 15, 35, 2983 }, // U+013C
    { 12, 14, 199, 0, 14, 42, 3018 }, // U+013D
    { 9, 15, 107, 0, 15, 34, 3060 }, // U+013E
    { 12, 14, 199, 0, 14, 42, 3094 }, // U+013F
    { 10, 15, 143, 0, 15, 38, 3136 }, // U+0140
    { 12, 14, 199, 0, 14, 42, 3174 }, // U+0141
    { 7, 15, 107, 0, 15, 27, 3216 }, // U+0142
    { 15, 18, 240, 0, 18, 68, 3243 }, // U+0143
    { 13, 15, 203, 0, 15, 49, 3311 }, // U+0144
    { 15, 19, 240, 0, 14, 72, 3360 }, // U+0145
    { 13, 16, 203, 0, 11, 52, 3432 }, // U+0146
    { 15, 18, 240, 0, 18, 68, 3484 }, // U+0147
    { 13, 15, 203, 0, 15, 49, 3552 }, // U+0148
    { 16, 14, 260, 0, 14, 56, 3601 }, // U+0149
    { 15, 19, 240, 0, 14, 72, 3657 }, // U+014A
    { 11, 16, 203, 0, 11, 44, 3729 }, // U+014B
    { 13, 18, 239, 1, 17, 59, 3773 }, // U+014C
    { 11, 15, 187, 0, 14, 42, 3832 }, // U+014D
    { 13, 19, 239, 1, 18, 62, 3874 }, // U+014E
    { 11, 16, 187, 0, 15, 44, 3936 }, // U+014F
    { 13, 19, 239, 1, 18, 62, 3980 }, // U+0150
    { 11, 16, 187, 0, 15, 44, 4042 }, // U+0151
    { 18, 15, 310, 1, 14, 68, 4086 }, // U+0152
    { 17, 12, 285, 0, 11, 51, 4154 }, // U+0153
    { 14, 18, 216, 0, 18, 63, 4205 }, // U+0154
    { 10, 15, 159, 0, 15, 38, 4268 }, // U+0155
    { 14, 19, 216, 0, 14, 67, 4306 }, // U+0156
    { 10, 16, 159, 0, 11, 40, 4373 }, // U+0157
    { 14, 18, 216, 0, 18, 63, 4413 }, // U+0158
    { 10, 15, 159, 0, 15, 38, 4476 }, // U+0159
    { 11, 19, 176, 0, 18, 53, 4514 }, // U+015A
    { 9, 16, 146, 0, 15, 36, 4567 }, // U+015B
    { 11, 19, 176, 0, 18, 53, 4603 }, // U+015C
    { 9, 16, 146, 0, 15, 36, 4656 }, // U+015D
    { 11, 19, 176, 0, 14, 53, 4692 }, // U+015E
    { 9, 16, 146, 0, 11, 36, 4745 }, // U+015F
    { 11, 19, 176, 0, 18, 53, 4781 }, // U+0160
    { 9, 16, 146, 0, 15, 36, 4834 }, // U+0161
    { 13, 19, 199, 0, 14, 62, 4870 }, // U+0162
    { 8, 18, 123, 0, 13, 36, 4932 }, // U+0163
    { 13, 18, 199, 0, 18, 59, 4968 }, // U+0164
    { 9, 16, 123, 0, 15, 36, 5027 }, // U+0165
    { 13, 14, 199, 0, 14, 46, 5063 }, // U+0166
    { 8, 14, 123, 0, 13, 28, 5109 }, // U+0167
    { 14, 19, 227, 0, 18, 67, 5137 }, // U+0168
    { 13, 16, 203, 0, 15, 52, 5204 }, // U+0169
    { 14, 18, 227, 0, 17, 63, 5256 }, // U+016A
    { 13, 15, 203, 0, 14, 49, 5319 }, // U+016B
    { 14, 19, 227, 0, 18, 67, 5368 }, // U+016C
    { 13, 16, 203, 0, 15, 52, 5435 }, // U+016D
    { 14, 20, 227, 0, 19, 70, 5487 }, // U+016E
    { 13, 17, 203, 0, 16, 56, 5557 }, // U+016F
    { 14, 19, 227, 0, 18, 67, 5613 }, // U+0170
    { 13, 16, 203, 0, 15, 52, 5680 }, // U+0171
    { 15, 19, 230, 0, 14, 72, 5732 }, // U+0172
    { 13, 16, 203, 0, 11, 52, 5804 }, // U+0173
    { 21, 18, 324, 0, 18, 95, 5856 }, // U+0174
    { 18, 15, 260, -1, 15, 68, 5951 }, // U+0175
    { 14, 18, 211, 0, 18, 63, 6019 }, // U+0176
    { 11, 20, 176, 0, 15, 55, 6082 }, // U+0177
    { 14, 18, 211, 0, 18, 63, 6137 }, // U+0178
    { 12, 18, 203, 0, 18, 54, 6200 }, // U+0179
    { 10, 15, 161, 0, 15, 38, 6254 }, // U+017A
    { 12, 18, 203, 0, 18, 54, 6292 }, // U+017B
    { 10, 15, 161, 0, 15, 38, 6346 }, // U+017C
    { 12, 18, 203, 0, 18, 54, 6384 }, // U+017D
    { 10, 15, 161, 0, 15, 38, 6438 }, // U+017E
    { 9, 15, 119, 0, 15, 34, 6476 }, // U+017F
    { 16, 16, 256, 1, 15, 64, 0 }, // U+01A0
    { 13, 13, 204, 0, 12, 43, 64 }, // U+01A1
    { 17, 16, 259, 0, 15, 68, 107 }, // U+01AF
    { 15, 13, 237, 0, 12, 49, 175 }, // U+01B0
    { 27, 18, 436, 0, 18, 122, 224 }, // U+01C4
    { 25, 15, 394, 0, 15, 94, 346 }, // U+01C5
    { 22, 16, 358, 0, 15, 88, 440 }, // U+01C6
    { 20, 19, 311, 0, 14, 95, 528 }, // U+01C7
    { 18, 20, 304, 0, 15, 90, 623 }, // U+01C8
    { 12, 20, 212, 0, 15, 60, 713 }, // U+01C9
    { 23, 19, 352, 0, 14, 110, 773 }, // U+01CA
    { 20, 20, 345, 0, 15, 100, 883 }, // U+01CB
    { 18, 20, 308, 0, 15, 90, 983 }, // U+01CC
    { 15, 18, 229, 0, 18, 68, 1073 }, // U+01CD
    { 11, 16, 182, 0, 15, 44, 1141 }, // U+01CE
    { 8, 18, 122, 0, 18, 36, 1185 }, // U+01CF
    { 8, 15, 107, -1, 15, 30, 1221 }, // U+01D0
    { 13, 19, 239, 1, 18, 62, 1251 }, // U+01D1
    { 11, 16, 187, 0, 15, 44, 1313 }, // U+01D2
    { 14, 19, 227, 0, 18, 67, 1357 }, // U+01D3
    { 13, 16, 203, 0, 15, 52, 1424 }, // U+01D4
    { 14, 21, 227, 0, 20, 74, 1476 }, // U+01D5
    { 13, 18, 203, 0, 17, 59, 1550 }, // U+01D6
    { 14, 22, 227, 0, 21, 77, 1609 }, // U+01D7
    { 13, 18, 203, 0, 17, 59, 1686 }, // U+01D8
    { 14, 22, 227, 0, 21, 77, 1745 }, // U+01D9
    { 13, 18, 203, 0, 17, 59, 1822 }, // U+01DA
    { 14, 22, 227, 0, 21, 77, 1881 }, // U+01DB
    { 13, 18, 203, 0, 17, 59, 1958 }, // U+01DC
    { 10, 12, 174, 0, 11, 30, 2017 }, // U+01DD
    { 15, 20, 229, 0, 20, 75, 2047 }, // U+01DE
    { 11, 18, 182, 0, 17, 50, 2122 }, // U+01DF
    { 15, 20, 229, 0, 20, 75, 2172 }, // U+01E0
    { 11, 18, 182, 0, 17, 50, 2247 }, // U+01E1
    { 19, 17, 302, 0, 17, 81, 2297 }, // U+01E2
    { 16, 15, 266, 0, 14, 60, 2378 }, // U+01E3
    { 14, 15, 234, 1, 14, 53, 2438 }, // U+01E4
    { 11, 16, 170, 0, 11, 44, 2491 }, // U+01E5
    { 13, 19, 234, 1, 18, 62, 2535 }, // U+01E6
    { 11, 20, 170, 0, 15, 55, 2597 }, // U+01E7
    { 14, 18, 223, 0, 18, 63, 2652 }, // U+01E8
    { 13, 19, 194, 0, 19, 62, 2715 }, // U+01E9
    { 13, 19, 239, 1, 14, 62, 2777 }, // U+01EA
    { 11, 16, 187, 0, 11, 44, 2839 }, // U+01EB
    { 13, 22, 239, 1, 17, 72, 2883 }, // U+01EC
    { 11, 19, 187, 0, 14, 53, 2955 }, // U+01ED
    { 12, 19, 188, 0, 18, 57, 3008 }, // U+01EE
    { 10, 20, 170, 0, 15, 50, 3065 }, // U+01EF
    { 8, 20, 105, -1, 15, 40, 3115 }, // U+01F0
    { 27, 14, 436, 0, 14, 95, 3155 }, // U+01F1
    { 25, 14, 394, 0, 14, 88, 3250 }, // U+01F2
    { 22, 16, 358, 0, 15, 88, 3338 }, // U+01F3
    { 13, 19, 234, 1, 18, 62, 3426 }, // U+01F4
    { 11, 20, 170, 0, 15, 55, 3488 }, // U+01F5
    { 22, 15, 347, 0, 14, 83, 3543 }, // U+01F6
    { 13, 19, 222, 0, 14, 62, 3626 }, // U+01F7
    { 15, 18, 240, 0, 18, 68, 3688 }, // U+01F8
    { 13, 15, 203, 0, 15, 49, 3756 }, // U+01F9
    { 15, 19, 229, 0, 19, 72, 3805 }, // U+01FA
    { 11, 20, 182, 0, 19, 55, 3877 }, // U+01FB
    { 19, 18, 302, 0, 18, 86, 3932 }, // U+01FC
    { 16, 16, 266, 0, 15, 64, 4018 }, // U+01FD
    { 13, 19, 239, 1, 18, 62, 4082 }, // U+01FE
    { 11, 16, 187, 0, 15, 44, 4144 }, // U+01FF
    { 15, 18, 229, 0, 18, 68, 4188 }, // U+0200
    { 11, 16, 182, 0, 15, 44, 4256 }, // U+0201
    { 15, 18, 229, 0, 18, 68, 4300 }, // U+0202
    { 11, 16, 182, 0, 15, 44, 4368 }, // U+0203
    { 12, 18, 199, 0, 18, 54, 4412 }, // U+0204
    { 11, 16, 174, 0, 15, 44, 4466 }, // U+0205
    { 12, 18, 199, 0, 18, 54, 4510 }, // U+0206
    { 11, 16, 174, 0, 15, 44, 4564 }, // U+0207
    { 10, 18, 122, -2, 18, 45, 4608 }, // U+0208
    { 9, 15, 107, -2, 15, 34, 4653 }, // U+0209
    { 8, 18, 122, 0, 18, 36, 4687 }, // U+020A
    { 7, 15, 107, 0, 15, 27, 4723 }, // U+020B
    { 13, 19, 239, 1, 18, 62, 4750 }, // U+020C
    { 11, 16, 187, 0, 15, 44, 4812 }, // U+020D
    { 13, 19, 239, 1, 18, 62, 4856 }, // U+020E
    { 11, 16, 187, 0, 15, 44, 4918 }, // U+020F
    { 14, 18, 215, 0, 18, 63, 4962 }, // U+0210
    { 10, 15, 159, 0, 15, 38, 5025 }, // U+0211
    { 14, 18, 215, 0, 18, 63, 5063 }, // U+0212
    { 10, 15, 159, 0, 15, 38, 5126 }, // U+0213
    { 14, 19, 227, 0, 18, 67, 5164 }, // U+0214
    { 13, 16, 203, 0, 15, 52, 5231 }, // U+0215
    { 14, 19, 227, 0, 18, 67, 5283 }, // U+0216
    { 13, 16, 203, 0, 15, 52, 5350 }, // U+0217
    { 11, 19, 176, 0, 14, 53, 5402 }, // U+0218
    { 9, 16, 146, 0, 11, 36, 5455 }, // U+0219
    { 13, 19, 199, 0, 14, 62, 5491 }, // U+021A
    { 8, 18, 123, 0, 13, 36, 5553 }, // U+021B
    { 11, 18, 187, 1, 14, 50, 5589 }, // U+021C
    { 10, 16, 164, 0, 11, 40, 5639 }, // U+021D
    { 16, 18, 249, 0, 18, 72, 5679 }, // U+021E
    { 13, 19, 203, 0, 19, 62, 5751 }, // U+021F
    { 6, 4, 0, -9, 15, 6, 0 }, // U+0300
    { 6, 4, 0, -7, 15, 6, 6 }, // U+0301
    { 7, 4, 0, -9, 15, 7, 12 }, // U+0302
    { 8, 4, 0, -10, 15, 8, 19 }, // U+0303
    { 6, 3, 0, -3, 14, 5, 27 }, // U+0304
    { 10, 2, 0, -5, 16, 5, 32 }, // U+0305
    { 8, 4, 0, -4, 15, 8, 37 }, // U+0306
    { 4, 4, 0, -2, 15, 4, 45 }, // U+0307
    { 8, 4, 0, -4, 15, 8, 49 }, // U+0308
    { 5, 5, 0, -8, 16, 7, 57 }, // U+0309
    { 6, 5, 0, -3, 16, 8, 64 }, // U+030A
    { 8, 4, 0, -4, 15, 8, 72 }, // U+030B
    { 8, 4, 0, -10, 15, 8, 80 }, // U+030C
    { 2, 4, 0, -1, 15, 2, 88 }, // U+030D
    { 6, 4, 0, -3, 15, 6, 90 }, // U+030E
    { 9, 4, 0, -11, 15, 9, 96 }, // U+030F
    { 8, 6, 0, -4, 17, 12, 105 }, // U+0310
    { 8, 4, 0, -4, 15, 8, 117 }, // U+0311
    { 4, 7, 0, -2, 14, 7, 125 }, // U+0312
    { 4, 7, 0, -2, 14, 7, 132 }, // U+0313
    { 4, 7, 0, -2, 14, 7, 139 }, // U+0314
    { 4, 7, 0, -2, 14, 7, 146 }, // U+0315
    { 6, 4, 0, -3, -1, 6, 153 }, // U+0316
    { 6, 4, 0, -3, -1, 6, 159 }, // U+0317
    { 4, 5, 0, -2, 0, 5, 165 }, // U+0318
    { 4, 5, 0, -2, 0, 5, 170 }, // U+0319
    { 6, 6, 112, 0, 15, 9, 175 }, // U+031A
    { 4, 5, 0, -2, 15, 5, 184 }, // U+031B
    { 4, 5, 0, -2, 0, 5, 189 }, // U+031C
    { 4, 4, 0, -2, 0, 4, 194 }, // U+031D
    { 4, 4, 0, -2, 0, 4, 198 }, // U+031E
    { 4, 5, 0, -2, 0, 5, 202 }, // U+031F
    { 6, 2, 0, -3, -1, 3, 207 }, // U+0320
    { 4, 5, 0, -2, 1, 5, 210 }, // U+0321
    { 4, 5, 0, -2, 1, 5, 215 }, // U+0322
    { 4, 3, 0, -8, -1, 3, 220 }, // U+0323
    { 8, 4, 0, -4, 0, 8, 223 }, // U+0324
    { 6, 5, 0, -3, 0, 8, 231 }, // U+0325
    { 4, 4, 0, -2, -1, 4, 239 }, // U+0326
    { 6, 6, 0, -3, 1, 9, 243 }, // U+0327
    { 6, 5, 0, -3, 0, 8, 252 }, // U+0328
    { 2, 5, 0, -1, 0, 3, 260 }, // U+0329
    { 8, 4, 0, -4, -1, 8, 263 }, // U+032A
    { 8, 3, 0, -4, -1, 6, 271 }, // U+032B
    { 8, 4, 0, -4, -1, 8, 277 }, // U+032C
    { 8, 4, 0, -4, -1, 8, 285 }, // U+032D
    { 8, 4, 0, -4, -1, 8, 293 }, // U+032E
    { 8, 4, 0, -4, -1, 8, 301 }, // U+032F
    { 8, 4, 0, -4, -1, 8, 309 }, // U+0330
    { 6, 3, 0, -3, -1, 5, 317 }, // U+0331
    { 8, 3, 0, -4, -1, 6, 322 }, // U+0332
    { 8, 5, 0, -4, 0, 10, 328 }, // U+0333
    { 8, 4, 0, -4, 7, 8, 338 }, // U+0334
    { 8, 3, 0, -4, 7, 6, 346 }, // U+0335
    { 14, 3, 0, -7, 7, 11, 352 }, // U+0336
    { 8, 5, 0, -4, 8, 10, 363 }, // U+0337
    { 8, 17, 0, -4, 15, 34, 373 }, // U+0338
    { 4, 5, 0, -2, 0, 5, 407 }, // U+0339
    { 8, 4, 0, -4, -1, 8, 412 }, // U+033A
    { 8, 5, 0, -4, 0, 10, 420 }, // U+033B
    { 8, 3, 0, -4, -1, 6, 430 }, // U+033C
    { 4, 5, 0, -2, 15, 5, 436 }, // U+033D
    { 4, 7, 0, -2, 17, 7, 441 }, // U+033E
    { 8, 4, 0, -4, 18, 8, 448 }, // U+033F
    { 5, 4, 0, -3, 15, 5, 456 }, // U+0340
    { 5, 4, 0, -2, 15, 5, 461 }, // U+0341
    { 8, 4, 0, -4, 15, 8, 466 }, // U+0342
    { 4, 5, 0, -2, 16, 5, 474 }, // U+0343
    { 8, 5, 0, -4, 15, 10, 479 }, // U+0344
    { 4, 4, 0, 1, -1, 4, 489 }, // U+0345
    { 8, 4, 0, -4, 15, 8, 493 }, // U+0346
    { 8, 5, 0, -4, 0, 10, 501 }, // U+0347
    { 6, 4, 0, -3, -1, 6, 511 }, // U+0348
    { 4, 4, 0, -2, -1, 4, 517 }, // U+0349
    { 8, 6, 0, -4, 16, 12, 521 }, // U+034A
    { 8, 9, 0, -4, 19, 18, 533 }, // U+034B
    { 8, 7, 0, -4, 18, 14, 551 }, // U+034C
    { 6, 5, 0, -3, 0, 8, 565 }, // U+034D
    { 4, 5, 0, -2, 0, 5, 573 }, // U+034E
    { 14, 14, 0, -7, 14, 49, 578 }, // U+034F
    { 4, 5, 0, -2, 15, 5, 627 }, // U+0350
    { 4, 5, 0, -2, 16, 5, 632 }, // U+0351
    { 8, 6, 0, -4, 17, 12, 637 }, // U+0352
    { 4, 5, 0, -2, 0, 5, 649 }, // U+0353
    { 4, 5, 0, -2, 0, 5, 654 }, // U+0354
    { 4, 5, 0, -2, 0, 5, 659 }, // U+0355
    { 8, 5, 0, -4, 0, 10, 664 }, // U+0356
    { 4, 5, 0, -2, 16, 5, 674 }, // U+0357
    { 4, 4, 0, 1, 15, 4, 679 }, // U+0358
    { 6, 5, 0, -3, 0, 8, 683 }, // U+0359
    { 8, 5, 0, -4, 0, 10, 691 }, // U+035A
    { 4, 4, 0, -2, 15, 4, 701 }, // U+035B
    { 16, 5, 0, -8, 0, 20, 705 }, // U+035C
    { 16, 4, 0, -8, 15, 16, 725 }, // U+035D
    { 12, 3, 0, -6, 14, 9, 741 }, // U+035E
    { 12, 2, 0, -6, -1, 6, 750 }, // U+035F
    { 16, 4, 0, -8, 15, 16, 756 }, // U+0360
    { 16, 4, 0, -8, 16, 16, 772 }, // U+0361
    { 12, 5, 0, -6, 0, 15, 788 }, // U+0362
    { 5, 5, 0, -2, 16, 7, 803 }, // U+0363
    { 5, 5, 0, -2, 16, 7, 810 }, // U+0364
    { 4, 7, 0, -2, 18, 7, 817 }, // U+0365
    { 6, 5, 0, -3, 16, 8, 824 }, // U+0366
    { 6, 5, 0, -3, 16, 8, 832 }, // U+0367
    { 5, 5, 0, -2, 16, 7, 840 }, // U+0368
    { 6, 7, 0, -3, 18, 11, 847 }, // U+0369
    { 6, 7, 0, -3, 18, 11, 858 }, // U+036A
    { 9, 5, 0, -4, 16, 12, 869 }, // U+036B
    { 5, 5, 0, -2, 16, 7, 881 }, // U+036C
    { 4, 6, 0, -2, 17, 6, 888 }, // U+036D
    { 6, 5, 0, -3, 16, 8, 894 }, // U+036E
    { 6, 5, 0, -3, 16, 8, 902 }, // U+036F
    { 12, 18, 199, 0, 18, 54, 0 }, // U+0400
    { 12, 18, 199, 0, 18, 54, 54 }, // U+0401
    { 16, 14, 250, 0, 14, 56, 108 }, // U+0402
    { 11, 18, 181, 0, 18, 50, 164 }, // U+0403
    { 12, 15, 200, 0, 14, 45, 214 }, // U+0404
    { 11, 15, 177, 0, 14, 42, 259 }, // U+0405
    { 7, 14, 120, 0, 14, 25, 301 }, // U+0406
    { 7, 18, 120, 0, 18, 32, 326 }, // U+0407
    { 9, 19, 120, -1, 14, 43, 358 }, // U+0408
    { 18, 15, 296, 0, 14, 68, 401 }, // U+0409
    { 20, 14, 314, 0, 14, 70, 469 }, // U+040A
    { 17, 14, 270, 0, 14, 60, 539 }, // U+040B
    { 14, 18, 222, 0, 18, 63, 599 }, // U+040C
    { 16, 18, 250, 0, 18, 72, 662 }, // U+040D
    { 14, 19, 213, 0, 18, 67, 734 }, // U+040E
    { 15, 18, 244, 0, 14, 68, 801 }, // U+040F
    { 15, 14, 228, 0, 14, 53, 869 }, // U+0410
    { 12, 14, 194, 0, 14, 42, 922 }, // U+0411
    { 13, 14, 211, 0, 14, 46, 964 }, // U+0412
    { 11, 14, 181, 0, 14, 39, 1010 }, // U+0413
    { 14, 18, 229, 0, 14, 63, 1049 }, // U+0414
    { 12, 14, 199, 0, 14, 42, 1112 }, // U+0415
    { 20, 14, 315, 0, 14, 70, 1154 }, // U+0416
    { 12, 15, 189, 0, 14, 45, 1224 }, // U+0417
    { 16, 14, 250, 0, 14, 56, 1269 }, // U+0418
    { 16, 18, 250, 0, 18, 72, 1325 }, // U+0419
    { 14, 14, 222, 0, 14, 49, 1397 }, // U+041A
    { 14, 15, 228, 0, 14, 53, 1446 }, // U+041B
    { 18, 14, 295, 0, 14, 63, 1499 }, // U+041C
    { 15, 14, 247, 0, 14, 53, 1562 }, // U+041D
    { 14, 15, 235, 0, 14, 53, 1615 }, // U+041E
    { 15, 14, 244, 0, 14, 53, 1668 }, // U+041F
    { 12, 14, 194, 0, 14, 42, 1721 }, // U+0420
    { 12, 15, 200, 0, 14, 45, 1763 }, // U+0421
    { 13, 14, 204, 0, 14, 46, 1808 }, // U+0422
    { 14, 15, 213, 0, 14, 53, 1854 }, // U+0423
    { 18, 15, 287, 0, 14, 68, 1907 }, // U+0424
    { 14, 14, 223, 0, 14, 49, 1975 }, // U+0425
    { 15, 18, 245, 0, 14, 68, 2024 }, // U+0426
    { 15, 14, 239, 0, 14, 53, 2092 }, // U+0427
    { 22, 14, 347, 0, 14, 77, 2145 }, // U+0428
    { 22, 18, 348, 0, 14, 99, 2222 }, // U+0429
    { 14, 14, 225, 0, 14, 49, 2321 }, // U+042A
    { 19, 14, 299, 0, 14, 67, 2370 }, // U+042B
    { 12, 14, 194, 0, 14, 42, 2437 }, // U+042C
    { 12, 15, 200, 0, 14, 45, 2479 }, // U+042D
    { 20, 15, 328, 0, 14, 75, 2524 }, // U+042E
    { 14, 14, 213, -1, 14, 49, 2599 }, // U+042F
    { 11, 12, 180, 0, 11, 33, 2648 }, // U+0430
    { 11, 16, 184, 0, 15, 44, 2681 }, // U+0431
    { 11, 11, 184, 0, 11, 31, 2725 }, // U+0432
    { 10, 11, 153, 0, 11, 28, 2756 }, // U+0433
    { 12, 15, 190, 0, 11, 45, 2784 }, // U+0434
    { 11, 12, 171, 0, 11, 33, 2829 }, // U+0435
    { 17, 11, 268, 0, 11, 47, 2862 }, // U+0436
    { 10, 12, 154, 0, 11, 30, 2909 }, // U+0437
    { 13, 11, 206, 0, 11, 36, 2939 }, // U+0438
    { 13, 15, 206, 0, 15, 49, 2975 }, // U+0439
    { 12, 11, 188, 0, 11, 33, 3024 }, // U+043A
    { 12, 12, 190, 0, 11, 36, 3057 }, // U+043B
    { 16, 11, 259, 0, 11, 44, 3093 }, // U+043C
    { 13, 11, 205, 0, 11, 36, 3137 }, // U+043D
    { 11, 12, 184, 0, 11, 33, 3173 }, // U+043E
    { 13, 11, 202, 0, 11, 36, 3206 }, // U+043F
    { 12, 16, 196, 0, 11, 48, 3242 }, // U+0440
    { 10, 12, 159, 0, 11, 30, 3290 }, // U+0441
    { 11, 11, 169, 0, 11, 31, 3320 }, // U+0442
    { 12, 16, 184, 0, 11, 48, 3351 }, // U+0443
    { 15, 20, 246, 0, 15, 75, 3399 }, // U+0444
    { 13, 11, 197, 0, 11, 36, 3474 }, // U+0445
    { 13, 15, 203, 0, 11, 49, 3510 }, // U+0446
    { 13, 11, 201, 0, 11, 36, 3559 }, // U+0447
    { 18, 11, 288, 0, 11, 50, 3595 }, // U+0448
    { 18, 15, 290, 0, 11, 68, 3645 }, // U+0449
    { 13, 11, 202, 0, 11, 36, 3713 }, // U+044A
    { 17, 11, 266, 0, 11, 47, 3749 }, // U+044B
    { 11, 11, 174, 0, 11, 31, 3796 }, // U+044C
    { 10, 12, 159, 0, 11, 30, 3827 }, // U+044D
    { 16, 12, 262, 0, 11, 48, 3857 }, // U+044E
    { 12, 11, 185, 0, 11, 33, 3905 }, // U+044F
    { 11, 16, 171, 0, 15, 44, 3938 }, // U+0450
    { 11, 16, 171, 0, 15, 44, 3982 }, // U+0451
    { 11, 20, 192, 0, 15, 55, 4026 }, // U+0452
    { 10, 15, 153, 0, 15, 38, 4081 }, // U+0453
    { 10, 12, 159, 0, 11, 30, 4119 }, // U+0454
    { 9, 12, 146, 0, 11, 27, 4149 }, // U+0455
    { 7, 15, 107, 0, 15, 27, 4176 }, // U+0456
    { 7, 15, 107, 0, 15, 27, 4203 }, // U+0457
    { 6, 20, 101, -1, 15, 30, 4230 }, // U+0458
    { 16, 12, 254, 0, 11, 48, 4260 }, // U+0459
    { 17, 11, 268, 0, 11, 47, 4308 }, // U+045A
    { 13, 15, 201, 0, 15, 49, 4355 }, // U+045B
    { 12, 15, 190, 0, 15, 45, 4404 }, // U+045C
    { 13, 15, 206, 0, 15, 49, 4449 }, // U+045D
    { 12, 20, 184, 0, 15, 60, 4498 }, // U+045E
    { 13, 15, 202, 0, 11, 49, 4558 }, // U+045F
    { 19, 14, 313, 0, 14, 67, 4607 }, // U+0460
    { 17, 11, 273, 0, 11, 47, 4674 }, // U+0461
    { 14, 14, 218, 0, 14, 49, 4721 }, // U+0462
    { 11, 15, 183, 0, 15, 42, 4770 }, // U+0463
    { 19, 15, 314, 0, 14, 72, 4812 }, // U+0464
    { 16, 12, 261, 0, 11, 48, 4884 }, // U+0465
    { 16, 14, 241, 0, 14, 56, 4932 }, // U+0466
    { 13, 11, 203, 0, 11, 36, 4988 }, // U+0467
    { 23, 14, 355, 0, 14, 81, 5024 }, // U+0468
    { 19, 11, 292, 0, 11, 53, 5105 }, // U+0469
    { 18, 14, 280, 0, 14, 63, 5158 }, // U+046A
    { 16, 11, 242, 0, 11, 44, 5221 }, // U+046B
    { 25, 14, 395, 0, 14, 88, 5265 }, // U+046C
    { 21, 11, 333, 0, 11, 58, 5353 }, // U+046D
    { 11, 22, 188, 1, 17, 61, 5411 }, // U+046E
    { 10, 18, 161, 0, 13, 45, 5472 }, // U+046F
    { 18, 14, 297, 0, 14, 63, 5517 }, // U+0470
    { 13, 20, 215, 0, 15, 65, 5580 }, // U+0471
    { 13, 15, 239, 1, 14, 49, 5645 }, // U+0472
    { 11, 12, 189, 0, 11, 33, 5694 }, // U+0473
    { 15, 14, 226, 0, 14, 53, 5727 }, // U+0474
    { 13, 11, 195, 0, 11, 36, 5780 }, // U+0475
    { 15, 18, 226, 0, 18, 68, 5816 }, // U+0476
    { 13, 15, 195, 0, 15, 49, 5884 }, // U+0477
    { 24, 19, 396, 1, 14, 114, 5933 }, // U+0478
    { 22, 16, 342, 0, 11, 88, 6047 }, // U+0479
    { 14, 17, 251, 1, 15, 60, 6135 }, // U+047A
    { 12, 14, 195, 0, 12, 42, 6195 }, // U+047B
    { 20, 22, 342, 1, 21, 110, 6237 }, // U+047C
    { 18, 19, 293, 0, 18, 86, 6347 }, // U+047D
    { 19, 17, 313, 0, 17, 81, 6433 }, // U+047E
    { 17, 14, 273, 0, 14, 60, 6514 }, // U+047F
    { 11, 19, 203, 1, 14, 53, 6574 }, // U+0480
    { 10, 16, 160, 0, 11, 40, 6627 }, // U+0481
    { 11, 13, 185, 0, 12, 36, 6667 }, // U+0482
    { 8, 4, 0, -4, 14, 8, 6703 }, // U+0483
    { 8, 4, 0, -4, 15, 8, 6711 }, // U+0484
    { 4, 4, 0, -2, 15, 4, 6719 }, // U+0485
    { 4, 4, 0, -2, 15, 4, 6723 }, // U+0486
    { 8, 3, 0, -4, 17, 6, 6727 }, // U+0487
    { 24, 22, 0, -12, 16, 132, 6733 }, // U+0488
    { 24, 24, 0, -12, 17, 144, 6865 }, // U+0489
    { 16, 22, 251, 0, 18, 88, 7009 }, // U+048A
    { 13, 19, 206, 0, 15, 62, 7097 }, // U+048B
    { 12, 15, 194, 0, 15, 45, 7159 }, // U+048C
    { 11, 13, 183, 0, 13, 36, 7204 }, // U+048D
    { 12, 14, 194, 0, 14, 42, 7240 }, // U+048E
    { 12, 16, 196, 0, 11, 48, 7282 }, // U+048F
    { 11, 17, 167, 0, 17, 47, 7330 }, // U+0490
    { 9, 13, 139, 0, 13, 30, 7377 }, // U+0491
    { 12, 14, 180, 0, 14, 42, 7407 }, // U+0492
    { 10, 11, 154, 0, 11, 28, 7449 }, // U+0493
    { 14, 19, 219, 0, 14, 67, 7477 }, // U+0494
    { 12, 16, 187, 0, 11, 48, 7544 }, // U+0495
    { 21, 18, 329, 0, 14, 95, 7592 }, // U+0496
    { 18, 15, 291, 0, 11, 68, 7687 }, // U+0497
    { 12, 19, 188, 0, 14, 57, 7755 }, // U+0498
    { 10, 16, 161, 0, 11, 40, 7812 }, // U+0499
    { 14, 18, 230, 0, 14, 63, 7852 }, // U+049A
    { 13, 15, 202, 0, 11, 49, 7915 }, // U+049B
    { 15, 14, 230, 0, 14, 53, 7964 }, // U+049C
    { 13, 11, 204, 0, 11, 36, 8017 }, // U+049D
    { 14, 14, 219, 0, 14, 49, 8053 }, // U+049E
    { 13, 15, 195, 0, 15, 49, 8102 }, // U+049F
    { 16, 14, 252, 0, 14, 56, 8151 }, // U+04A0
    { 15, 11, 234, 0, 11, 42, 8207 }, // U+04A1
    { 16, 18, 249, 0, 14, 72, 8249 }, // U+04A2
    { 13, 15, 210, 0, 11, 49, 8321 }, // U+04A3
    { 18, 14, 282, 0, 14, 63, 8370 }, // U+04A4
    { 16, 11, 249, 0, 11, 44, 8433 }, // U+04A5
    { 21, 19, 343, 0, 14, 100, 8477 }, // U+04A6
    { 18, 16, 284, 0, 11, 72, 8577 }, // U+04A7
    { 15, 15, 258, 1, 14, 57, 8649 }, // U+04A8
    { 14, 12, 217, 0, 11, 42, 8706 }, // U+04A9
    { 11, 19, 203, 1, 14, 53, 8748 }, // U+04AA
    { 10, 16, 160, 0, 11, 40, 8801 }, // U+04AB
    { 13, 18, 199, 0, 14, 59, 8841 }, // U+04AC
    { 11, 15, 172, 0, 11, 42, 8900 }, // U+04AD
    { 14, 14, 211, 0, 14, 49, 8942 }, // U+04AE
    { 12, 16, 184, 0, 11, 48, 8991 }, // U+04AF
    { 14, 14, 211, 0, 14, 49, 9039 }, // U+04B0
    { 12, 16, 184, 0, 11, 48, 9088 }, // U+04B1
    { 14, 18, 229, 0, 14, 63, 9136 }, // U+04B2
    { 13, 15, 196, 0, 11, 49, 9199 }, // U+04B3
    { 19, 18, 302, 0, 14, 86, 9248 }, // U+04B4
    { 17, 15, 264, 0, 11, 64, 9334 }, // U+04B5
    { 15, 18, 237, 0, 14, 68, 9398 }, // U+04B6
    { 13, 15, 207, 0, 11, 49, 9466 }, // U+04B7
    { 15, 14, 238, 0, 14, 53, 9515 }, // U+04B8
    { 13, 11, 201, 0, 11, 36, 9568 }, // U+04B9
    { 15, 14, 237, 0, 14, 53, 9604 }, // U+04BA
    { 13, 15, 203, 0, 15, 49, 9657 }, // U+04BB
    { 16, 15, 260, 0, 14, 60, 9706 }, // U+04BC
    { 13, 12, 214, 0, 11, 39, 9766 }, // U+04BD
    { 16, 18, 260, 0, 14, 72, 9805 }, // U+04BE
    { 13, 15, 214, 0, 11, 49, 9877 }, // U+04BF
    { 8, 14, 122, 0, 14, 28, 9926 }, // U+04C0
    { 20, 18, 315, 0, 18, 90, 9954 }, // U+04C1
    { 17, 15, 268, 0, 15, 64, 10044 }, // U+04C2
    { 14, 19, 221, 0, 14, 67, 10108 }, // U+04C3
    { 12, 16, 201, 0, 11, 48, 10175 }, // U+04C4
    { 15, 18, 228, 0, 14, 68, 10223 }, // U+04C5
    { 12, 15, 190, 0, 11, 45, 10291 }, // U+04C6
    { 16, 19, 249, 0, 14, 76, 10336 }, // U+04C7
    { 13, 16, 210, 0, 11, 52, 10412 }, // U+04C8
    { 16, 18, 249, 0, 14, 72, 10464 }, // U+04C9
    { 13, 15, 205, 0, 11, 49, 10536 }, // U+04CA
    { 15, 18, 237, 0, 14, 68, 10585 }, // U+04CB
    { 13, 15, 207, 0, 11, 49, 10653 }, // U+04CC
    { 19, 18, 295, 0, 14, 86, 10702 }, // U+04CD
    { 16, 15, 259, 0, 11, 60, 10788 }, // U+04CE
    { 8, 14, 122, 0, 14, 28, 10848 }, // U+04CF
    { 15, 18, 229, 0, 18, 68, 10876 }, // U+04D0
    { 11, 16, 182, 0, 15, 44, 10944 }, // U+04D1
    { 15, 18, 229, 0, 18, 68, 10988 }, // U+04D2
    { 11, 16, 182, 0, 15, 44, 11056 }, // U+04D3
    { 19, 14, 302, 0, 14, 67, 11100 }, // U+04D4
    { 16, 12, 266, 0, 11, 48, 11167 }, // U+04D5
    { 12, 18, 199, 0, 18, 54, 11215 }, // U+04D6
    { 11, 16, 174, 0, 15, 44, 11269 }, // U+04D7
    { 12, 15, 221, 1, 14, 45, 11313 }, // U+04D8
    { 10, 12, 174, 0, 11, 30, 11358 }, // U+04D9
    { 12, 19, 221, 1, 18, 57, 11388 }, // U+04DA
    { 10, 16, 174, 0, 15, 40, 11445 }, // U+04DB
    { 20, 18, 315, 0, 18, 90, 11485 }, // U+04DC
    { 17, 15, 268, 0, 15, 64, 11575 }, // U+04DD
    { 12, 19, 191, 0, 18, 57, 11639 }, // U+04DE
    { 10, 16, 154, 0, 15, 40, 11696 }, // U+04DF
    { 12, 15, 188, 0, 14, 45, 11736 }, // U+04E0
    { 10, 16, 170, 0, 11, 40, 11781 }, // U+04E1
    { 16, 17, 250, 0, 17, 68, 11821 }, // U+04E2
    { 13, 14, 206, 0, 14, 46, 11889 }, // U+04E3
    { 16, 18, 250, 0, 18, 72, 11935 }, // U+04E4
    { 13, 15, 206, 0, 15, 49, 12007 }, // U+04E5
    { 13, 19, 239, 1, 18, 62, 12056 }, // U+04E6
    { 11, 16, 187, 0, 15, 44, 12118 }, // U+04E7
    { 13, 15, 239, 1, 14, 49, 12162 }, // U+04E8
    { 11, 12, 187, 0, 11, 33, 12211 }, // U+04E9
    { 13, 19, 239, 1, 18, 62, 12244 }, // U+04EA
    { 11, 16, 187, 0, 15, 44, 12306 }, // U+04EB
    { 12, 19, 200, 0, 18, 57, 12350 }, // U+04EC
    { 10, 16, 159, 0, 15, 40, 12407 }, // U+04ED
    { 14, 18, 213, 0, 17, 63, 12447 }, // U+04EE
    { 11, 19, 176, 0, 14, 53, 12510 }, // U+04EF
    { 14, 19, 213, 0, 18, 67, 12563 }, // U+04F0
    { 11, 20, 176, 0, 15, 55, 12630 }, // U+04F1
    { 14, 19, 213, 0, 18, 67, 12685 }, // U+04F2
    { 11, 20, 176, 0, 15, 55, 12752 }, // U+04F3
    { 15, 18, 238, 0, 18, 68, 12807 }, // U+04F4
    { 13, 15, 201, 0, 15, 49, 12875 }, // U+04F5
    { 12, 18, 180, 0, 14, 54, 12924 }, // U+04F6
    { 10, 15, 154, 0, 11, 38, 12978 }, // U+04F7
    { 19, 18, 299, 0, 18, 86, 13016 }, // U+04F8
    { 17, 15, 266, 0, 15, 64, 13102 }, // U+04F9
    { 12, 18, 180, 0, 14, 54, 13166 }, // U+04FA
    { 10, 15, 154, 0, 11, 38, 13220 }, // U+04FB
    { 14, 18, 223, 0, 14, 63, 13258 }, // U+04FC
    { 13, 15, 196, 0, 11, 49, 13321 }, // U+04FD
    { 14, 14, 223, 0, 14, 49, 13370 }, // U+04FE
    { 13, 11, 196, 0, 11, 36, 13419 }, // U+04FF
    { 15, 18, 229, 0, 14, 68, 0 }, // U+1EA0
    { 11, 15, 182, 0, 11, 42, 68 }, // U+1EA1
    { 15, 19, 229, 0, 19, 72, 110 }, // U+1EA2
    { 11, 17, 182, 0, 16, 47, 182 }, // U+1EA3
    { 15, 19, 229, 0, 19, 72, 229 }, // U+1EA4
    { 11, 17, 182, 0, 16, 47, 301 }, // U+1EA5
    { 15, 19, 229, 0, 19, 72, 348 }, // U+1EA6
    { 11, 17, 182, 0, 16, 47, 420 }, // U+1EA7
    { 15, 20, 229, 0, 20, 75, 467 }, // U+1EA8
    { 11, 18, 182, 0, 17, 50, 542 }, // U+1EA9
    { 15, 21, 229, 0, 21, 79, 592 }, // U+1EAA
    { 11, 18, 182, 0, 17, 50, 671 }, // U+1EAB
    { 15, 22, 229, 0, 18, 83, 721 }, // U+1EAC
    { 11, 19, 182, 0, 15, 53, 804 }, // U+1EAD
    { 15, 20, 229, 0, 20, 75, 857 }, // U+1EAE
    { 11, 18, 182, 0, 17, 50, 932 }, // U+1EAF
    { 15, 20, 229, 0, 20, 75, 982 }, // U+1EB0
    { 11, 18, 182, 0, 17, 50, 1057 }, // U+1EB1
    { 15, 20, 229, 0, 20, 75, 1107 }, // U+1EB2
    { 11, 18, 182, 0, 17, 50, 1182 }, // U+1EB3
    { 15, 21, 229, 0, 21, 79, 1232 }, // U+1EB4
    { 11, 18, 182, 0, 17, 50, 1311 }, // U+1EB5
    { 15, 22, 229, 0, 18, 83, 1361 }, // U+1EB6
    { 11, 19, 182, 0, 15, 53, 1444 }, // U+1EB7
    { 12, 18, 199, 0, 14, 54, 1497 }, // U+1EB8
    { 11, 15, 174, 0, 11, 42, 1551 }, // U+1EB9
    { 12, 19, 199, 0, 19, 57, 1593 }, // U+1EBA
    { 11, 17, 174, 0, 16, 47, 1650 }, // U+1EBB
    { 12, 18, 199, 0, 18, 54, 1697 }, // U+1EBC
    { 11, 16, 174, 0, 15, 44, 1751 }, // U+1EBD
    { 12, 19, 199, 0, 19, 57, 1795 }, // U+1EBE
    { 11, 17, 174, 0, 16, 47, 1852 }, // U+1EBF
    { 12, 19, 199, 0, 19, 57, 1899 }, // U+1EC0
    { 11, 17, 174, 0, 16, 47, 1956 }, // U+1EC1
    { 12, 20, 199, 0, 20, 60, 2003 }, // U+1EC2
    { 11, 18, 174, 0, 17, 50, 2063 }, // U+1EC3
    { 12, 21, 199, 0, 21, 63, 2113 }, // U+1EC4
    { 11, 18, 174, 0, 17, 50, 2176 }, // U+1EC5
    { 12, 22, 199, 0, 18, 66, 2226 }, // U+1EC6
    { 11, 19, 174, 0, 15, 53, 2292 }, // U+1EC7
    { 8, 19, 122, 0, 19, 38, 2345 }, // U+1EC8
    { 7, 16, 107, 0, 16, 28, 2383 }, // U+1EC9
    { 8, 18, 122, 0, 14, 36, 2411 }, // U+1ECA
    { 7, 19, 107, 0, 15, 34, 2447 }, // U+1ECB
    { 13, 18, 239, 1, 14, 59, 2481 }, // U+1ECC
    { 11, 15, 187, 0, 11, 42, 2540 }, // U+1ECD
    { 13, 20, 239, 1, 19, 65, 2582 }, // U+1ECE
    { 11, 17, 187, 0, 16, 47, 2647 }, // U+1ECF
    { 13, 20, 239, 1, 19, 65, 2694 }, // U+1ED0
    { 12, 17, 187, 0, 16, 51, 2759 }, // U+1ED1
    { 13, 20, 239, 1, 19, 65, 2810 }, // U+1ED2
    { 11, 17, 187, 0, 16, 47, 2875 }, // U+1ED3
    { 13, 21, 239, 1, 20, 69, 2922 }, // U+1ED4
    { 11, 18, 187, 0, 17, 50, 2991 }, // U+1ED5
    { 13, 22, 239, 1, 21, 72, 3041 }, // U+1ED6
    { 11, 18, 187, 0, 17, 50, 3113 }, // U+1ED7
    { 13, 22, 239, 1, 18, 72, 3163 }, // U+1ED8
    { 11, 19, 187, 0, 15, 53, 3235 }, // U+1ED9
    { 16, 19, 256, 1, 18, 76, 3288 }, // U+1EDA
    { 13, 16, 204, 0, 15, 52, 3364 }, // U+1EDB
    { 16, 19, 256, 1, 18, 76, 3416 }, // U+1EDC
    { 13, 16, 204, 0, 15, 52, 3492 }, // U+1EDD
    { 16, 20, 256, 1, 19, 80, 3544 }, // U+1EDE
    { 13, 17, 204, 0, 16, 56, 3624 }, // U+1EDF
    { 16, 19, 256, 1, 18, 76, 3680 }, // U+1EE0
    { 13, 16, 204, 0, 15, 52, 3756 }, // U+1EE1
    { 16, 19, 256, 1, 15, 76, 3808 }, // U+1EE2
    { 13, 16, 204, 0, 12, 52, 3884 }, // U+1EE3
    { 14, 18, 227, 0, 14, 63, 3936 }, // U+1EE4
    { 13, 15, 203, 0, 11, 49, 3999 }, // U+1EE5
    { 14, 20, 227, 0, 19, 70, 4048 }, // U+1EE6
    { 13, 17, 203, 0, 16, 56, 4118 }, // U+1EE7
    { 17, 19, 259, 0, 18, 81, 4174 }, // U+1EE8
    { 15, 16, 237, 0, 15, 60, 4255 }, // U+1EE9
    { 17, 19, 259, 0, 18, 81, 4315 }, // U+1EEA
    { 15, 16, 237, 0, 15, 60, 4396 }, // U+1EEB
    { 17, 20, 259, 0, 19, 85, 4456 }, // U+1EEC
    { 15, 17, 237, 0, 16, 64, 4541 }, // U+1EED
    { 17, 19, 259, 0, 18, 81, 4605 }, // U+1EEE
    { 15, 16, 237, 0, 15, 60, 4686 }, // U+1EEF
    { 17, 19, 259, 0, 15, 81, 4746 }, // U+1EF0
    { 15, 16, 237, 0, 12, 60, 4827 }, // U+1EF1
    { 14, 18, 211, 0, 18, 63, 4887 }, // U+1EF2
    { 11, 20, 176, 0, 15, 55, 4950 }, // U+1EF3
    { 14, 18, 211, 0, 14, 63, 5005 }, // U+1EF4
    { 11, 16, 176, 0, 11, 44, 5068 }, // U+1EF5
    { 14, 19, 211, 0, 19, 67, 5112 }, // U+1EF6
    { 11, 21, 176, 0, 16, 58, 5179 }, // U+1EF7
    { 14, 18, 211, 0, 18, 63, 5237 }, // U+1EF8
    { 11, 20, 176, 0, 15, 55, 5300 }, // U+1EF9
    { 0, 0, 152, 0, 0, 0, 0 }, // U+2000
    { 0, 0, 304, 0, 0, 0, 0 }, // U+2001
    { 0, 0, 152, 0, 0, 0, 0 }, // U+2002
    { 0, 0, 304, 0, 0, 0, 0 }, // U+2003
    { 0, 0, 101, 0, 0, 0, 0 }, // U+2004
    { 0, 0, 76, 0, 0, 0, 0 }, // U+2005
    { 0, 0, 51, 0, 0, 0, 0 }, // U+2006
    { 0, 0, 172, 0, 0, 0, 0 }, // U+2007
    { 0, 0, 89, 0, 0, 0, 0 }, // U+2008
    { 0, 0, 50, 0, 0, 0, 0 }, // U+2009
    { 0, 0, 30, 0, 0, 0, 0 }, // U+200A
    { 0, 0, 0, 0, 0, 0, 0 }, // U+200B
    { 2, 15, 0, -1, 12, 8, 0 }, // U+200C
    { 6, 17, 0, -3, 14, 26, 8 }, // U+200D
    { 6, 17, 0, -1, 14, 26, 34 }, // U+200E
    { 6, 17, 0, -5, 14, 26, 60 }, // U+200F
    { 6, 3, 94, 0, 7, 5, 86 }, // U+2010
    { 6, 3, 94, 0, 7, 5, 91 }, // U+2011
    { 10, 2, 172, 0, 8, 5, 96 }, // U+2012
    { 11, 2, 152, -1, 6, 6, 101 }, // U+2013
    { 21, 2, 304, -1, 6, 11, 107 }, // U+2014
    { 21, 2, 304, -1, 6, 11, 118 }, // U+2015
    { 6, 20, 170, 2, 15, 30, 129 }, // U+2016
    { 9, 4, 125, -1, 0, 9, 159 }, // U+2017
    { 4, 7, 85, 1, 14, 7, 168 }, // U+2018
    { 5, 7, 85, 0, 14, 9, 175 }, // U+2019
    { 5, 6, 89, 0, 3, 8, 184 }, // U+201A
    { 4, 7, 85, 1, 14, 7, 192 }, // U+201B
    { 8, 7, 149, 1, 14, 14, 199 }, // U+201C
    { 9, 7, 149, 0, 14, 16, 213 }, // U+201D
    { 9, 6, 149, 0, 3, 14, 229 }, // U+201E
    { 8, 7, 149, 1, 14, 14, 243 }, // U+201F
    { 9, 18, 145, 0, 15, 41, 257 }, // U+2020
    { 9, 18, 145, 0, 15, 41, 298 }, // U+2021
    { 6, 7, 122, 1, 10, 11, 339 }, // U+2022
    { 7, 7, 152, 1, 10, 13, 350 }, // U+2023
    { 4, 4, 89, 1, 9, 4, 363 }, // U+2024
    { 9, 4, 175, 1, 9, 9, 367 }, // U+2025
    { 15, 4, 278, 1, 3, 15, 376 }, // U+2026
    { 4, 4, 89, 1, 7, 4, 391 }, // U+2027
    { 0, 0, 182, 0, 0, 0, 395 }, // U+2028
    { 0, 0, 182, 0, 0, 0, 395 }, // U+2029
    { 6, 15, 0, -1, 12, 23, 395 }, // U+202A
    { 6, 15, 0, -5, 12, 23, 418 }, // U+202B
    { 6, 17, 0, -3, 14, 26, 441 }, // U+202C
    { 6, 17, 0, -3, 14, 26, 467 }, // U+202D
    { 6, 17, 0, -3, 14, 26, 493 }, // U+202E
    { 0, 0, 50, 0, 0, 0, 519 }, // U+202F
    { 25, 15, 398, 0, 14, 94, 519 }, // U+2030
    { 33, 15, 526, 0, 14, 124, 613 }, // U+2031
    { 5, 5, 76, 0, 14, 7, 737 }, // U+2032
    { 9, 5, 149, 0, 14, 12, 744 }, // U+2033
    { 14, 5, 222, 0, 14, 18, 756 }, // U+2034
    { 5, 5, 76, 0, 14, 7, 774 }, // U+2035
    { 9, 5, 149, 0, 14, 12, 781 }, // U+2036
    { 14, 5, 222, 0, 14, 18, 793 }, // U+2037
    { 8, 6, 134, 0, 1, 12, 811 }, // U+2038
    { 5, 8, 107, 1, 9, 10, 823 }, // U+2039
    { 5, 8, 107, 1, 9, 10, 833 }, // U+203A
    { 14, 14, 249, 1, 14, 49, 843 }, // U+203B
    { 9, 15, 191, 1, 14, 34, 892 }, // U+203C
    { 11, 15, 187, 0, 14, 42, 926 }, // U+203D
    { 10, 2, 140, -1, 16, 5, 968 }, // U+203E
    { 16, 5, 0, -8, 0, 20, 973 }, // U+203F
    { 16, 4, 0, -8, 16, 16, 993 }, // U+2040
    { 9, 14, 137, 0, 14, 32, 1009 }, // U+2041
    { 19, 15, 304, 0, 15, 72, 1041 }, // U+2042
    { 6, 4, 110, 0, 9, 6, 1113 }, // U+2043
    { 9, 14, 19, -4, 14, 32, 1119 }, // U+2044
    { 7, 18, 126, 1, 15, 32, 1151 }, // U+2045
    { 6, 18, 126, 0, 15, 27, 1183 }, // U+2046
    { 20, 15, 324, 0, 14, 75, 1210 }, // U+2047
    { 15, 15, 257, 0, 14, 57, 1285 }, // U+2048
    { 15, 15, 258, 1, 14, 57, 1342 }, // U+2049
    { 10, 15, 185, 0, 11, 38, 1399 }, // U+204A
    { 12, 18, 191, 0, 15, 54, 1437 }, // U+204B
    { 11, 8, 188, 0, 11, 22, 1491 }, // U+204C
    { 11, 8, 188, 0, 11, 22, 1513 }, // U+204D
    { 9, 9, 153, 0, 11, 21, 1535 }, // U+204E
    { 4, 14, 92, 1, 11, 14, 1556 }, // U+204F
    { 14, 15, 234, 0, 14, 53, 1570 }, // U+2050
    { 9, 17, 153, 0, 15, 39, 1623 }, // U+2051
    { 8, 15, 123, 0, 14, 30, 1662 }, // U+2052
    { 10, 5, 170, 0, 9, 13, 1692 }, // U+2053
    { 16, 4, 0, -8, 0, 16, 1705 }, // U+2054
    { 10, 10, 164, 0, 12, 25, 1721 }, // U+2055
    { 10, 12, 192, 1, 11, 30, 1746 }, // U+2056
    { 19, 5, 295, 0, 14, 24, 1776 }, // U+2057
    { 13, 12, 233, 1, 11, 39, 1800 }, // U+2058
    { 13, 12, 233, 1, 11, 39, 1839 }, // U+2059
    { 4, 15, 92, 1, 14, 15, 1878 }, // U+205A
    { 13, 15, 233, 1, 14, 49, 1893 }, // U+205B
    { 11, 11, 212, 1, 11, 31, 1942 }, // U+205C
    { 4, 15, 92, 1, 14, 15, 1973 }, // U+205D
    { 4, 15, 92, 1, 14, 15, 1988 }, // U+205E
    { 0, 0, 67, 0, 0, 0, 2003 }, // U+205F
    { 0, 0, 182, 0, 0, 0, 2003 }, // U+2060
    { 0, 0, 182, 0, 0, 0, 2003 }, // U+2061
    { 0, 0, 182, 0, 0, 0, 2003 }, // U+2062
    { 0, 0, 182, 0, 0, 0, 2003 }, // U+2063
    { 0, 0, 182, 0, 0, 0, 2003 }, // U+2064
    { 0, 0, 0, 0, 0, 0, 2003 }, // U+2066
    { 0, 0, 0, 0, 0, 0, 2003 }, // U+2067
    { 0, 0, 0, 0, 0, 0, 2003 }, // U+2068
    { 0, 0, 0, 0, 0, 0, 2003 }, // U+2069
    { 6, 17, 0, -3, 14, 26, 2003 }, // U+206A
    { 6, 17, 0, -3, 14, 26, 2029 }, // U+206B
    { 6, 17, 0, -3, 14, 26, 2055 }, // U+206C
    { 6, 17, 0, -3, 14, 26, 2081 }, // U+206D
    { 6, 17, 0, -3, 14, 26, 2107 }, // U+206E
    { 6, 17, 0, -3, 14, 26, 2133 }, // U+206F
    { 8, 9, 122, 0, 16, 18, 0 }, // U+2070
    { 5, 10, 70, 0, 15, 13, 18 }, // U+2071
    { 8, 9, 122, 0, 16, 18, 31 }, // U+2074
    { 7, 9, 122, 0, 16, 16, 49 }, // U+2075
    { 7, 9, 122, 0, 16, 16, 65 }, // U+2076
    { 7, 9, 122, 0, 16, 16, 81 }, // U+2077
    { 8, 9, 122, 0, 16, 18, 97 }, // U+2078
    { 7, 9, 122, 0, 16, 16, 115 }, // U+2079
    { 8, 8, 122, 0, 15, 16, 131 }, // U+207A
    { 8, 2, 122, 0, 12, 4, 147 }, // U+207B
    { 8, 5, 122, 0, 14, 10, 151 }, // U+207C
    { 5, 12, 76, 1, 17, 15, 161 }, // U+207D
    { 5, 12, 76, -1, 17, 15, 176 }, // U+207E
    { 8, 7, 132, 0, 12, 14, 191 }, // U+207F
    { 8, 9, 122, 0, 7, 18, 205 }, // U+2080
    { 7, 9, 122, 0, 7, 16, 223 }, // U+2081
    { 7, 9, 122, 0, 7, 16, 239 }, // U+2082
    { 7, 9, 122, 0, 7, 16, 255 }, // U+2083
    { 8, 9, 122, 0, 7, 18, 271 }, // U+2084
    { 7, 9, 122, 0, 7, 16, 289 }, // U+2085
    { 7, 9, 122, 0, 7, 16, 305 }, // U+2086
    { 7, 9, 122, 0, 7, 16, 321 }, // U+2087
    { 8, 9, 122, 0, 7, 18, 337 }, // U+2088
    { 7, 9, 122, 0, 7, 16, 355 }, // U+2089
    { 8, 8, 122, 0, 6, 16, 371 }, // U+208A
    { 8, 2, 122, 0, 3, 4, 387 }, // U+208B
    { 8, 5, 122, 0, 5, 10, 391 }, // U+208C
    { 5, 12, 76, 1, 8, 15, 401 }, // U+208D
    { 5, 12, 76, -1, 8, 15, 416 }, // U+208E
    { 8, 7, 119, 0, 5, 14, 431 }, // U+2090
    { 7, 7, 113, 0, 5, 13, 445 }, // U+2091
    { 7, 7, 121, 0, 5, 13, 458 }, // U+2092
    { 8, 7, 128, 0, 5, 14, 471 }, // U+2093
    { 7, 7, 113, 0, 5, 13, 485 }, // U+2094
    { 8, 9, 132, 0, 7, 18, 498 }, // U+2095
    { 8, 9, 126, 0, 7, 18, 516 }, // U+2096
    { 5, 9, 70, 0, 7, 12, 534 }, // U+2097
    { 12, 7, 195, 0, 5, 21, 546 }, // U+2098
    { 8, 7, 132, 0, 5, 14, 567 }, // U+2099
    { 8, 10, 127, 0, 5, 20, 581 }, // U+209A
    { 6, 7, 95, 0, 5, 11, 601 }, // U+209B
    { 5, 8, 80, 0, 6, 10, 612 }, // U+209C
    { 14, 14, 234, 0, 14, 49, 0 }, // U+20A0
    { 12, 17, 203, 0, 15, 51, 49 }, // U+20A1
    { 12, 15, 203, 0, 14, 45, 100 }, // U+20A2
    { 11, 14, 172, 0, 14, 39, 145 }, // U+20A3
    { 11, 15, 172, 0, 14, 42, 184 }, // U+20A4
    { 19, 16, 300, 0, 13, 76, 226 }, // U+20A5
    { 15, 14, 240, 0, 14, 53, 302 }, // U+20A6
    { 17, 15, 274, 0, 14, 64, 355 }, // U+20A7
    { 22, 15, 351, 0, 14, 83, 419 }, // U+20A8
    { 22, 14, 324, -1, 14, 77, 502 }, // U+20A9
    { 15, 12, 271, 1, 12, 45, 579 }, // U+20AA
    { 13, 18, 197, 0, 15, 59, 624 }, // U+20AB
    { 11, 15, 170, 0, 14, 42, 683 }, // U+20AC
    { 14, 14, 223, 0, 14, 49, 725 }, // U+20AD
    { 13, 14, 199, 0, 14, 46, 774 }, // U+20AE
    { 21, 20, 337, 0, 16, 105, 820 }, // U+20AF
    { 12, 19, 193, 0, 14, 57, 925 }, // U+20B0
    { 13, 14, 194, 0, 14, 46, 982 }, // U+20B1
    { 13, 17, 234, 1, 15, 56, 1028 }, // U+20B2
    { 14, 14, 229, 0, 14, 49, 1084 }, // U+20B3
    { 12, 15, 176, -1, 14, 45, 1133 }, // U+20B4
    { 11, 17, 203, 1, 15, 47, 1178 }, // U+20B5
    { 12, 15, 180, 0, 14, 45, 1225 }, // U+20B6
    { 11, 16, 172, 0, 14, 44, 1270 }, // U+20B7
    { 11, 14, 172, 0, 14, 39, 1314 }, // U+20B8
    { 10, 14, 170, 0, 14, 35, 1353 }, // U+20B9
    { 11, 14, 172, 0, 14, 39, 1388 }, // U+20BA
    { 12, 15, 199, 0, 14, 45, 1427 }, // U+20BB
    { 13, 13, 239, 1, 13, 43, 1472 }, // U+20BC
    { 11, 14, 179, 0, 14, 39, 1515 }, // U+20BD
    { 13, 15, 213, 0, 15, 49, 1554 }, // U+20BE
    { 10, 17, 172, 0, 15, 43, 1603 }, // U+20BF
    { 10, 15, 160, 0, 11, 38, 1646 }, // U+20C0
    { 9, 2, 174, 1, 8, 5, 0 }, // U+2212
    { 16, 15, 232, 0, 15, 60, 0 }, // U+FB00
    { 14, 15, 219, 0, 15, 53, 60 }, // U+FB01
    { 14, 15, 219, 0, 15, 53, 113 }, // U+FB02
    { 21, 15, 326, 0, 15, 79, 166 }, // U+FB03
    { 21, 15, 326, 0, 15, 79, 245 }, // U+FB04
    { 14, 16, 229, 0, 15, 56, 324 }, // U+FB05
    { 17, 16, 264, 0, 15, 68, 380 }, // U+FB06
    { 19, 18, 304, 0, 15, 86, 0 }, // U+FFFD
};

static const EpdUnicodeInterval notoserif_c19_boldIntervals[] = {
    { 0x0, 0x0, 0x0 },
    { 0xD, 0xD, 0x1 },
    { 0x20, 0x7E, 0x2 },
    { 0xA0, 0x17F, 0x61 },
    { 0x1A0, 0x1A1, 0x141 },
    { 0x1AF, 0x1B0, 0x143 },
    { 0x1C4, 0x21F, 0x145 },
    { 0x300, 0x36F, 0x1A1 },
    { 0x400, 0x4FF, 0x211 },
    { 0x1EA0, 0x1EF9, 0x311 },
    { 0x2000, 0x2064, 0x36B },
    { 0x2066, 0x2071, 0x3D0 },
    { 0x2074, 0x208E, 0x3DC },
    { 0x2090, 0x209C, 0x3F7 },
    { 0x20A0, 0x20C0, 0x404 },
    { 0x2212, 0x2212, 0x425 },
    { 0xFB00, 0xFB06, 0x426 },
    { 0xFFFD, 0xFFFD, 0x42D },
};

static const EpdFontGroup notoserif_c19_boldGroups[] = {
    { 0, 2257, 3929, 97, 0 },
    { 2257, 1945, 4482, 96, 97 },
    { 4202, 2473, 7320, 128, 193 },
    { 6675, 2429, 6475, 96, 321 },
    { 9104, 757, 996, 112, 417 },
    { 9861, 6223, 14719, 256, 529 },
    { 16084, 1308, 5873, 90, 785 },
    { 17392, 1345, 2543, 111, 875 },
    { 18737, 400, 705, 42, 986 },
    { 19137, 1289, 1868, 33, 1028 },
    { 20426, 8, 6, 1, 1061 },
    { 20434, 250, 504, 7, 1062 },
    { 20684, 82, 90, 1, 1069 },
};

static const uint16_t notoserif_c19_boldKernLeftCodepoints[] = {
    0x0022, 0x0026, 0x0027, 0x002A, 0x002C, 0x002E, 0x0040, 0x0041, 0x0042, 0x0044, 0x0045, 0x0046,
    0x0047, 0x004B, 0x004C, 0x004E, 0x004F, 0x0050, 0x0051, 0x0052, 0x0053, 0x0054, 0x0055, 0x0056,
    0x0057, 0x0058, 0x0059, 0x0061, 0x0062, 0x0065, 0x0066, 0x0067, 0x0068, 0x006B, 0x006D, 0x006E,
    0x006F, 0x0070, 0x0072, 0x0073, 0x0076, 0x0077, 0x0079, 0x00A1, 0x00BF, 0x00C0, 0x00C1, 0x00C2,
    0x00C3, 0x00C4, 0x00C5, 0x00C6, 0x00C8, 0x00C9, 0x00CA, 0x00CB, 0x00D0, 0x00D1, 0x00D2, 0x00D3,
    0x00D4, 0x00D5, 0x00D6, 0x00D8, 0x00D9, 0x00DA, 0x00DB, 0x00DC, 0x00DD, 0x00DE, 0x00DF, 0x00E0,
    0x00E1, 0x00E2, 0x00E3, 0x00E4, 0x00E5, 0x00E6, 0x00E8, 0x00E9, 0x00EA, 0x00EB, 0x00F0, 0x00F1,
    0x00F2, 0x00F3, 0x00F4, 0x00F5, 0x00F6, 0x00F8, 0x00FD, 0x00FE, 0x00FF, 0x0100, 0x0102, 0x0104,
    0x010E, 0x010F, 0x0110, 0x0112, 0x0113, 0x0114, 0x0115, 0x0116, 0x0117, 0x0118, 0x0119, 0x011A,
    0x011B, 0x011C, 0x011E, 0x0120, 0x0122, 0x0125, 0x0127, 0x0129, 0x0136, 0x0137, 0x0138, 0x0139,
    0x013B, 0x013E, 0x0141, 0x0143, 0x0144, 0x0145, 0x0146, 0x0147, 0x0148, 0x0149, 0x014B, 0x014C,
    0x014D, 0x014E, 0x014F, 0x0150, 0x0151, 0x0152, 0x0153, 0x0154, 0x0155, 0x0156, 0x0157, 0x0158,
    0x0159, 0x015A, 0x015B, 0x015C, 0x015D, 0x015E, 0x015F, 0x0160, 0x0161, 0x0162, 0x0164, 0x0165,
    0x0166, 0x0168, 0x016A, 0x016C, 0x016E, 0x0170, 0x0172, 0x0174, 0x0175, 0x0176, 0x0177, 0x0178,
    0x01A0, 0x01A1, 0x01AF, 0x01B0, 0x01FA, 0x01FC, 0x01FD, 0x01FE, 0x01FF, 0x0218, 0x0219, 0x021A,
    0x0402, 0x0409, 0x040A, 0x040E, 0x0423, 0x042A, 0x042C, 0x0431, 0x043E, 0x0440, 0x0444, 0x044D,
    0x044E, 0x0457, 0x0460, 0x0462, 0x0465, 0x0466, 0x0468, 0x046A, 0x046C, 0x046E, 0x046F, 0x0472,
    0x0473, 0x0474, 0x0476, 0x0478, 0x0479, 0x047A, 0x047B, 0x047C, 0x047D, 0x047E, 0x0481, 0x048C,
    0x048D, 0x048E, 0x048F, 0x0490, 0x0491, 0x0493, 0x0494, 0x0496, 0x0497, 0x0498, 0x0499, 0x049A,
    0x049B, 0x049C, 0x049D, 0x049E, 0x049F, 0x04A0, 0x04A1, 0x04A3, 0x04A4, 0x04A5, 0x04A6, 0x04A8,
    0x04AB, 0x04AC, 0x04AD, 0x04B2, 0x04B3, 0x04B5, 0x04B7, 0x04BA, 0x04BC, 0x04BD, 0x04BE, 0x04BF,
    0x04C3, 0x04C6, 0x04D0, 0x04D1, 0x04D2, 0x04D3, 0x04D4, 0x04D5, 0x04D6, 0x04D7, 0x04D8, 0x04D9,
    0x04DA, 0x04DB, 0x04E0, 0x04E6, 0x04E7, 0x04E8, 0x04E9, 0x04EA, 0x04EB, 0x04ED, 0x04EE, 0x04EF,
    0x04F0, 0x04F1, 0x04F2, 0x04F3, 0x04F6, 0x04F7, 0x04FB, 0x04FC, 0x04FD, 0x04FE, 0x04FF, 0x1EA0,
    0x1EA1, 0x1EA2, 0x1EA3, 0x1EA4, 0x1EA5, 0x1EA6, 0x1EA7, 0x1EA8, 0x1EA9, 0x1EAA, 0x1EAB, 0x1EAC,
    0x1EAD, 0x1EAE, 0x1EAF, 0x1EB0, 0x1EB1, 0x1EB2, 0x1EB3, 0x1EB4, 0x1EB5, 0x1EB6, 0x1EB7, 0x1EB8,
    0x1EB9, 0x1EBA, 0x1EBB, 0x1EBC, 0x1EBD, 0x1EBE, 0x1EBF, 0x1EC0, 0x1EC1, 0x1EC2, 0x1EC3, 0x1EC4,
    0x1EC5, 0x1EC6, 0x1EC7, 0x1ECC, 0x1ECD, 0x1ECE, 0x1ECF, 0x1ED0, 0x1ED1, 0x1ED2, 0x1ED3, 0x1ED4,
    0x1ED5, 0x1ED6, 0x1ED7, 0x1ED8, 0x1ED9, 0x1EDA, 0x1EDB, 0x1EDC, 0x1EDD, 0x1EDE, 0x1EDF, 0x1EE0,
    0x1EE1, 0x1EE2, 0x1EE3, 0x1EE4, 0x1EE6, 0x1EE8, 0x1EE9, 0x1EEA, 0x1EEB, 0x1EEC, 0x1EED, 0x1EEE,
    0x1EEF, 0x1EF0, 0x1EF1, 0x1EF2, 0x1EF3, 0x1EF4, 0x1EF5, 0x1EF6, 0x1EF7, 0x1EF8, 0x1EF9, 0x2018,
    0x2019, 0x201A, 0x201C, 0x201D, 0x201E, 0x2026, 0x207D, 0x208D, 0xFB00,
};

static const uint8_t notoserif_c19_boldKernLeftClassIds[] = {
      1,   2,   1,   3,   4,   4,   5,   6,   7,   8,   9,  10,  11,  12,  13,  14,
      8,   3,   8,  15,  16,  17,  18,  19,  20,  21,  22,  23,  24,  25,  26,  27,
     23,  28,  23,  23,  24,  24,  29,  30,  31,  32,  33,  34,  35,  36,  36,  36,
     36,  36,  36,   9,   9,   9,   9,   9,   8,  14,   8,   8,   8,   8,   8,   8,
     18,  18,  18,  18,  22,   8,  24,  23,  23,  23,  23,  23,  23,  25,  25,  25,
     25,  25,  24,  23,  24,  24,  24,  24,  24,  24,  33,  24,  33,   6,  36,  36,
      8,  37,   8,   9,  25,   9,  25,   9,  25,   9,  25,   9,  25,  11,  11,  11,
     11,  23,  23,  38,  12,  28,  28,  13,  13,  37,  13,  14,  23,  14,  23,  14,
     23,  23,  23,   8,  24,   8,  24,   8,  24,   9,  25,  15,  29,  15,  29,  15,
     29,  16,  30,  16,  30,  16,  30,  16,  30,  17,  17,  39,  17,  18,  18,  18,
     18,  18,  18,  20,  32,  22,  33,  22,  40,  41,  42,  43,   6,   9,  25,   8,
     24,  16,  30,  17,  44,  45,  45,  46,  46,  45,  45,  47,  48,  48,  49,  49,
     49,  50,  51,  52,  53,  54,  54,  55,  55,  56,  24,  51,  48,  57,  57,  33,
     58,  51,  48,  51,  24,  51,  53,  52,  24,  59,  48,  60,  61,  61,  62,  55,
     63,  56,  48,  55,  63,  55,  63,  55,  63,  55,  63,  64,  60,  61,  62,  51,
     53,  60,  61,  65,  63,  64,  64,  62,  51,  48,  51,  48,  62,  64,  54,  23,
     54,  23,  66,  48,  66,  48,  51,  48,  51,  48,  56,  51,  48,  51,  48,  51,
     48,  48,  46,  58,  46,  58,  46,  58,  60,  61,  61,  65,  63,  65,  63,  36,
     23,  36,  23,  36,  23,  36,  23,  36,  23,  36,  23,  36,  23,  36,  23,  36,
     23,  36,  23,  36,  23,  36,  23,   9,  25,   9,  25,   9,  25,   9,  25,   9,
     25,   9,  25,   9,  25,   9,  25,   8,  24,   8,  24,   8,  24,   8,  24,   8,
     24,   8,  24,   8,  24,  40,  41,  40,  41,  40,  41,  40,  41,  40,  41,  18,
     18,  42,  43,  42,  43,  42,  43,  42,  43,  42,  43,  22,  33,  22,  33,  22,
     33,  22,  33,  67,  68,   4,  67,  68,   4,   4,  69,  70,  26,
};

static const uint16_t notoserif_c19_boldKernRightCodepoints[] = {
    0x0021, 0x0022, 0x0026, 0x0027, 0x0029, 0x002A, 0x002C, 0x002E, 0x003A, 0x003B, 0x003F, 0x0040,
    0x0041, 0x0042, 0x0043, 0x0044, 0x0045, 0x0046, 0x0047, 0x0048, 0x0049, 0x004A, 0x004B, 0x004C,
    0x004D, 0x004E, 0x004F, 0x0050, 0x0051, 0x0052, 0x0053, 0x0054, 0x0055, 0x0056, 0x0057, 0x0058,
    0x0059, 0x005A, 0x005D, 0x0061, 0x0062, 0x0063, 0x0064, 0x0065, 0x0067, 0x0068, 0x0069, 0x006B,
    0x006C, 0x006D, 0x006E, 0x006F, 0x0070, 0x0071, 0x0072, 0x0073, 0x0074, 0x0075, 0x0076, 0x0077,
    0x0078, 0x0079, 0x007A, 0x007D, 0x00AB, 0x00B7, 0x00BB, 0x00C0, 0x00C1, 0x00C2, 0x00C3, 0x00C4,
    0x00C5, 0x00C6, 0x00C7, 0x00C8, 0x00C9, 0x00CA, 0x00CB, 0x00CC, 0x00CD, 0x00CE, 0x00CF, 0x00D0,
    0x00D1, 0x00D2, 0x00D3, 0x00D4, 0x00D5, 0x00D6, 0x00D8, 0x00D9, 0x00DA, 0x00DB, 0x00DC, 0x00DD,
    0x00DE, 0x00E0, 0x00E1, 0x00E2, 0x00E3, 0x00E4, 0x00E5, 0x00E6, 0x00E7, 0x00E8, 0x00E9, 0x00EA,
    0x00EB, 0x00EC, 0x00ED, 0x00EE, 0x00EF, 0x00F0, 0x00F1, 0x00F2, 0x00F3, 0x00F4, 0x00F5, 0x00F6,
    0x00F8, 0x00F9, 0x00FA, 0x00FB, 0x00FC, 0x00FD, 0x00FE, 0x00FF, 0x0100, 0x0101, 0x0102, 0x0103,
    0x0104, 0x0105, 0x0106, 0x0107, 0x0108, 0x0109, 0x010A, 0x010B, 0x010C, 0x010D, 0x010E, 0x010F,
    0x0110, 0x0111, 0x0112, 0x0113, 0x0114, 0x0115, 0x0116, 0x0117, 0x0118, 0x0119, 0x011A, 0x011B,
    0x011C, 0x011D, 0x011E, 0x011F, 0x0120, 0x0121, 0x0122, 0x0123, 0x0124, 0x0125, 0x0126, 0x0127,
    0x0128, 0x0129, 0x012A, 0x012B, 0x012C, 0x012D, 0x012E, 0x012F, 0x0130, 0x0132, 0x0133, 0x0134,
    0x0136, 0x0137, 0x0138, 0x0139, 0x013A, 0x013B, 0x013C, 0x013D, 0x013E, 0x013F, 0x0140, 0x0141,
    0x0142, 0x0143, 0x0144, 0x0145, 0x0146, 0x0147, 0x0148, 0x014A, 0x014B, 0x014C, 0x014D, 0x014E,
    0x014F, 0x0150, 0x0151, 0x0152, 0x0153, 0x0154, 0x0155, 0x0156, 0x0157, 0x0158, 0x015A, 0x015B,
    0x015C, 0x015D, 0x015E, 0x015F, 0x0160, 0x0161, 0x0162, 0x0163, 0x0164, 0x0165, 0x0166, 0x0167,
    0x0168, 0x0169, 0x016A, 0x016B, 0x016C, 0x016D, 0x016E, 0x016F, 0x0170, 0x0171, 0x0172, 0x0173,
    0x0174, 0x0175, 0x0176, 0x0177, 0x0178, 0x0179, 0x017A, 0x017B, 0x017C, 0x017D, 0x017E, 0x01A0,
    0x01A1, 0x01AF, 0x01B0, 0x01FA, 0x01FB, 0x01FC, 0x01FD, 0x01FE, 0x01FF, 0x0218, 0x0219, 0x021A,
    0x021B, 0x0402, 0x040B, 0x040E, 0x0416, 0x0422, 0x0423, 0x0425, 0x0427, 0x042A, 0x042F, 0x0431,
    0x0436, 0x0443, 0x0445, 0x0447, 0x0451, 0x0456, 0x045E, 0x0460, 0x0462, 0x0466, 0x046A, 0x046E,
    0x0472, 0x0473, 0x0478, 0x0479, 0x047A, 0x047B, 0x047C, 0x047D, 0x047E, 0x0480, 0x0481, 0x0496,
    0x0498, 0x0499, 0x04A0, 0x04A1, 0x04A8, 0x04A9, 0x04AA, 0x04AB, 0x04AC, 0x04AD, 0x04B2, 0x04B4,
    0x04B5, 0x04B6, 0x04B7, 0x04B8, 0x04B9, 0x04C1, 0x04C2, 0x04CB, 0x04CC, 0x04D0, 0x04D2, 0x04D4,
    0x04D5, 0x04D7, 0x04D8, 0x04D9, 0x04DA, 0x04DC, 0x04DD, 0x04E0, 0x04E1, 0x04E6, 0x04E7, 0x04E8,
    0x04E9, 0x04EA, 0x04EB, 0x04EE, 0x04EF, 0x04F0, 0x04F1, 0x04F2, 0x04F3, 0x04F4, 0x04F5, 0x04FC,
    0x04FE, 0x1EA0, 0x1EA1, 0x1EA2, 0x1EA3, 0x1EA4, 0x1EA5, 0x1EA6, 0x1EA7, 0x1EA8, 0x1EA9, 0x1EAA,
    0x1EAB, 0x1EAC, 0x1EAD, 0x1EAE, 0x1EAF, 0x1EB0, 0x1EB1, 0x1EB2, 0x1EB3, 0x1EB4, 0x1EB5, 0x1EB6,
    0x1EB7, 0x1EB8, 0x1EB9, 0x1EBA, 0x1EBB, 0x1EBC, 0x1EBD, 0x1EBE, 0x1EBF, 0x1EC0, 0x1EC1, 0x1EC2,
    0x1EC3, 0x1EC4, 0x1EC5, 0x1EC6, 0x1EC7, 0x1EC9, 0x1ECB, 0x1ECC, 0x1ECD, 0x1ECE, 0x1ECF, 0x1ED0,
    0x1ED1, 0x1ED2, 0x1ED3, 0x1ED4, 0x1ED5, 0x1ED6, 0x1ED7, 0x1ED8, 0x1ED9, 0x1EDA, 0x1EDB, 0x1EDC,
    0x1EDD, 0x1EDE, 0x1EDF, 0x1EE0, 0x1EE1, 0x1EE2, 0x1EE3, 0x1EE4, 0x1EE5, 0x1EE6, 0x1EE7, 0x1EE8,
    0x1EE9, 0x1EEA, 0x1EEB, 0x1EEC, 0x1EED, 0x1EEE, 0x1EEF, 0x1EF0, 0x1EF1, 0x1EF2, 0x1EF3, 0x1EF4,
    0x1EF5, 0x1EF6, 0x1EF7, 0x1EF8, 0x1EF9, 0x2018, 0x2019, 0x201A, 0x201C, 0x201D, 0x201E, 0x2026,
    0x2039, 0x203A, 0x207E, 0x208E,
};

static const uint8_t notoserif_c19_boldKernRightClassIds[] = {
      1,   2,   3,   2,   4,   5,   6,   7,   8,   8,   9,  10,  11,  12,  13,  12,
     12,  12,  13,  12,  12,  14,  12,  12,  12,  12,  13,  12,  13,  12,  15,  16,
     17,  18,  19,  20,  21,  22,   4,  23,  24,  25,  25,  25,  26,  24,  27,  24,
     24,  27,  27,  25,  27,  25,  27,  28,  29,  30,  31,  32,  33,  34,  35,   4,
     36,  37,  36,  11,  11,  11,  11,  11,  11,  38,  13,  12,  12,  12,  12,  12,
     12,  12,  12,  12,  12,  13,  13,  13,  13,  13,  13,  17,  17,  17,  17,  21,
     12,  23,  23,  23,  23,  23,  23,  23,  25,  25,  25,  25,  25,  39,  27,  39,
     39,  25,  27,  25,  25,  25,  25,  25,  25,  30,  30,  30,  30,  34,  24,  34,
     11,  23,  11,  23,  11,  23,  13,  25,  13,  25,  13,  25,  13,  25,  12,  25,
     12,  25,  12,  25,  12,  25,  12,  25,  12,  25,  12,  25,  13,  25,  13,  25,
     13,  25,  13,  25,  12,  24,  12,  24,  12,  40,  12,  39,  12,  39,  12,  27,
     12,  12,  27,  14,  12,  24,  27,  12,  24,  12,  24,  12,  24,  12,  24,  12,
     24,  12,  27,  12,  27,  12,  27,  12,  27,  13,  25,  13,  25,  13,  25,  13,
     25,  12,  27,  12,  27,  12,  15,  28,  15,  28,  15,  28,  15,  28,  16,  29,
     16,  29,  16,  29,  17,  30,  17,  30,  17,  30,  17,  30,  17,  30,  17,  30,
     19,  32,  21,  34,  21,  22,  35,  22,  35,  22,  35,  13,  25,  17,  30,  11,
     23,  38,  23,  13,  25,  15,  28,  16,  29,  41,  41,  42,  41,  41,  42,  41,
     43,  41,  44,  45,  46,  47,  46,  48,  49,  50,  47,  51,  16,  52,  53,  54,
     51,  55,  51,  55,  51,  55,  51,  25,  51,  51,  55,  53,  54,  56,  57,  58,
     51,  55,  51,  55,  57,  58,  53,  57,  58,  59,  60,  43,  48,  41,  46,  59,
     60,  52,  52,  38,  61,  55,  51,  61,  51,  41,  46,  54,  35,  51,  55,  51,
     55,  51,  55,  42,  62,  42,  62,  42,  62,  43,  48,  53,  53,  11,  23,  11,
     23,  11,  23,  11,  23,  11,  23,  11,  23,  11,  23,  11,  23,  11,  23,  11,
     23,  11,  23,  11,  23,  12,  25,  12,  25,  12,  25,  12,  25,  12,  25,  12,
     25,  12,  25,  12,  25,  27,  27,  13,  25,  13,  25,  13,  25,  13,  25,  13,
     25,  13,  25,  13,  25,  13,  25,  13,  25,  13,  25,  13,  25,  13,  25,  17,
     30,  17,  30,  17,  30,  17,  30,  17,  30,  17,  30,  17,  30,  21,  34,  21,
     34,  21,  34,  21,  34,  63,   5,   7,  63,   5,   7,   7,  36,  36,  64,  65,
};

static const uint16_t notoserif_c19_boldKernRowOffsets[] = {
        0,     5,    10,    16,    32,    34,    50,    64,    77,    80,    89,    95,   101,   113,   114,   125,
      137,   148,   153,   165,   176,   180,   194,   199,   205,   208,   213,   214,   216,   220,   222,   225,
      228,   231,   234,   239,   255,   271,   272,   278,   297,   306,   322,   328,   338,   339,   341,   348,
      351,   355,   357,   364,   370,   371,   389,   403,   412,   426,   428,   432,   446,   450,   457,   461,
      462,   473,   474,   477,   484,   485,   486,
};

static const uint8_t notoserif_c19_boldKernSparseCols[] = {
     10,  24,  25,  37,  51,   8,  15,  17,  18,  20,   2,   5,   6,  10,  37,  51,
      8,  12,  15,  16,  17,  18,  20,  30,  31,  33,  50,  56,  57,  58,  59,  61,
     10,  20,   1,   4,   8,  12,  15,  16,  17,  18,  20,  24,  25,  29,  30,  31,
     33,  62,   4,   8,  10,  15,  17,  18,  19,  20,  21,  31,  33,  37,  51,  56,
      5,   6,   8,  10,  15,  17,  18,  19,  20,  37,  51,  52,  56,  17,  18,  20,
      2,   5,   6,   9,  10,  22,  24,  25,  37,   8,  15,  17,  18,  20,  37,  12,
     24,  25,  29,  31,  33,   1,   4,   8,  15,  17,  18,  20,  30,  31,  33,  36,
     62,  35,   4,   8,  12,  15,  16,  17,  18,  20,  30,  31,  33,   8,  10,  15,
     17,  18,  19,  20,  31,  33,  37,  51,  56,   2,   5,   6,   9,  10,  12,  22,
     24,  25,  27,  37,   5,   6,   9,  10,  37,   2,   5,   6,   9,  10,  12,  22,
     24,  25,  27,  37,  51,   5,   6,   9,  10,  12,  22,  24,  25,  27,  34,  37,
     12,  14,  31,  33,   2,   5,   6,   9,  10,  12,  14,  22,  24,  25,  27,  34,
     37,  51,   1,  33,  58,  59,  61,  17,  18,  20,  33,  58,  61,  17,  18,  20,
      1,   3,   4,  38,  39,  18,  24,  25,   4,   5,   6,  22,  20,  58,   5,   6,
     10,   5,   6,  10,   5,   6,  10,  17,  18,  20,   8,  15,  17,  18,  20,   1,
      4,   8,  12,  15,  16,  17,  18,  20,  24,  25,  29,  30,  31,  33,  62,   0,
      1,   3,   4,   8,  11,  13,  15,  16,  17,  18,  19,  20,  21,  23,  62,  39,
      0,   1,   3,   8,  23,  62,   5,   6,   7,   8,  10,  15,  17,  18,  20,  22,
     24,  25,  26,  27,  28,  30,  31,  32,  33,   4,   5,   6,  26,  28,  29,  30,
     31,  33,   5,   6,   7,  10,  12,  22,  24,  25,  26,  27,  28,  29,  30,  31,
     33,  34,   4,   5,   6,  26,  28,  30,   1,   8,  15,  41,  42,  45,  46,  47,
     56,  62,  56,  48,  49,   8,  15,  40,  41,  56,  58,  59,  56,  58,  59,  42,
     56,  58,  59,  42,  62,   5,   6,  37,  51,  52,  56,  58,   1,   4,  56,  58,
     59,  62,  58,   1,   4,   8,  12,  15,  17,  20,  24,  25,  29,  31,  33,  50,
     56,  57,  58,  59,  62,  12,  24,  25,  29,  31,  33,  44,  50,  53,  54,  57,
     58,  59,  61,   5,   6,  31,  33,  37,  51,  52,  57,  58,   5,   6,  12,  22,
     24,  25,  27,  37,  50,  51,  53,  54,  55,  60,   5,   6,   5,   6,  37,  51,
      5,   6,  12,  22,  24,  25,  27,  37,  43,  50,  51,  54,  55,  60,   4,   5,
      6,  51,   1,   4,   8,  15,  56,  58,  61,  24,  25,  54,  60,   3,  12,  24,
     25,  29,  31,  33,  50,  53,  57,  58,  61,  57,  10,  37,  51,  10,  12,  22,
     24,  25,  27,  39,  63,  64,
};

static const int8_t notoserif_c19_boldKernSparseValues[] = {
     -24,   -6,  -18,  -36,  -24,   -9,   -9,  -12,  -12,   -9,   -3,  -36,  -36,  -15,  -24,  -15,
     -27,   -6,  -27,   -6,  -33,  -27,  -24,  -21,  -18,  -15,   -6,  -27,  -21,  -24,  -15,  -15,
      -9,   -3,  -24,  -21,  -18,   -6,  -18,   -6,  -24,  -21,  -21,   -6,   -6,   -6,  -18,   -9,
     -15,  -21,   -6,   -6,   -6,   -6,  -12,   -9,   -6,  -12,   -6,   -3,   -6,   -9,   -6,   -6,
      -6,   -6,   -6,   -6,   -6,   -6,   -6,   -6,   -9,  -15,   -6,   -6,   -6,   -6,   -6,   -6,
      -6,  -36,  -36,  -12,  -21,  -12,  -12,  -12,  -33,   -6,   -6,   -6,   -6,   -6,   -6,   -6,
      -6,   -6,   -6,   -9,   -9,  -18,  -24,  -21,  -21,  -15,  -15,  -18,   -6,   -3,   -9,   -6,
     -24,   -3,   -6,   -6,   -6,   -6,   -3,   -9,   -9,   -9,   -3,   -3,   -6,   -6,   -6,   -6,
      -6,   -6,   -6,   -6,   -3,   -6,   -6,   -6,   -6,   -3,  -27,  -27,   -9,  -18,   -6,   -9,
     -12,  -12,   -2,  -24,   -6,   -6,   -3,   -6,  -12,   -9,  -33,  -33,  -15,  -24,   -6,  -18,
     -18,  -18,  -12,  -40,  -24,  -27,  -27,  -15,  -21,   -6,  -19,  -18,  -18,  -15,   -9,  -40,
      -6,   -3,   -9,  -15,   -3,  -24,  -24,  -12,  -21,   -9,   -6,  -18,  -21,  -21,  -18,   -6,
     -27,  -21,  -12,   -6,   -9,   -6,   -6,  -18,  -18,  -21,   -6,   -9,   -6,  -18,  -18,  -18,
      24,   27,   24,   12,   12,   -6,   -6,   -6,    9,  -43,  -43,   -6,  -18,   -6,  -15,  -21,
     -18,  -21,  -21,   -9,  -27,  -27,  -15,   -9,   -6,   -9,   -6,   -6,  -15,  -15,  -15,  -24,
     -21,  -18,   -6,  -18,   -6,  -24,  -21,  -21,   -6,   -6,   -6,  -15,   -9,  -15,  -21,   19,
      24,   38,   12,   39,   15,   18,   15,   21,   24,   21,   21,   30,   12,   27,    8,   18,
       7,   13,   26,   11,   12,    2,   -6,   -6,   -3,    6,  -12,    6,    6,    6,    6,   -6,
      -6,   -6,   -3,   -6,   -3,   -6,   -6,   -6,   -6,    6,   -6,   -6,    6,    9,    6,    9,
       9,    9,   -6,   -6,   -3,  -18,   -6,  -15,  -15,  -15,   -9,  -18,   -3,   -9,   -6,   -6,
      -6,   -9,    6,   -3,   -3,    6,    9,    9,  -17,   -1,   -1,  -16,  -12,   -3,  -12,   -9,
      -9,   -6,   -9,  -17,   -5,   -5,   -5,   -6,   -3,   -9,   -9,   -3,   -9,   -9,   -3,   -9,
      -9,   -9,   -3,   -3,   -1,   -6,   -6,  -15,   -6,   -6,   -6,   -6,   -9,  -15,   -9,   -9,
      -6,   -9,   -9,  -24,  -21,  -18,   -6,  -18,  -24,  -21,   -6,   -6,   -6,   -9,  -15,   -6,
     -18,  -12,  -27,  -12,  -21,   -6,   -6,   -6,   -6,   -9,   -9,   -6,   -6,   -6,   -6,   -9,
      -6,   -6,   -6,   -6,   -6,   -3,   -6,   -9,   -6,   -6,   -6,  -12,  -30,  -30,   -6,  -18,
     -18,  -18,  -12,  -40,   -6,  -30,   -6,  -12,   -9,  -12,  -27,  -27,  -36,  -36,  -24,  -15,
     -27,  -27,   -6,   -9,   -9,   -9,   -3,  -24,   -6,   -6,  -18,   -9,   -9,   -9,    9,  -21,
     -21,   -9,  -18,  -21,  -21,  -21,  -21,  -21,   -9,   -6,   -6,   -6,   -6,    6,   -6,   -6,
      -6,   -6,   -9,  -15,   -6,   -6,  -12,   -6,   -9,   -6,  -21,  -43,  -21,  -30,   -6,   -9,
     -12,  -12,  -15,    3,   24,   24,
};

static const EpdLigaturePair notoserif_c19_boldLigaturePairs[] = {
    { 0x00660066, 0xFB00 }, // f f -> U+FB00
    { 0x00660069, 0xFB01 }, // f i -> U+FB01
    { 0x0066006C, 0xFB02 }, // f l -> U+FB02
    { 0xFB000069, 0xFB03 }, // U+FB00 i -> U+FB03
    { 0xFB00006C, 0xFB04 }, // U+FB00 l -> U+FB04
};

static const EpdFontData notoserif_c19_bold = {
    notoserif_c19_boldBitmaps,
    notoserif_c19_boldGlyphs,
    notoserif_c19_boldIntervals,
    18,
    26,
    21,
    -6,
    true,
    notoserif_c19_boldGroups,
    13,
    nullptr,
    nullptr,  // kernLeftClasses: built-in fonts use the split arrays below
    nullptr,  // kernRightClasses
    notoserif_c19_boldKernLeftCodepoints,
    notoserif_c19_boldKernLeftClassIds,
    notoserif_c19_boldKernRightCodepoints,
    notoserif_c19_boldKernRightClassIds,
    nullptr,  // kernMatrix: built-in fonts use the sparse form below
    notoserif_c19_boldKernRowOffsets,
    notoserif_c19_boldKernSparseCols,
    notoserif_c19_boldKernSparseValues,
    381,
    448,
    70,
    65,
    notoserif_c19_boldLigaturePairs,
    5,
};
