/**
 * generated by fontconvert.py
 * name: notosans_c15_regular
 * size: 0
 * mode: 2-bit  compressed: true
 * Command used: fontconvert.py notosans_c15_regular 0 ../builtinFonts/source/NotoSans/NotoSans-Regular.ttf --2bit --compress --pnum --ppem 15 --additional-intervals 0x0250,0x02AF --additional-intervals 0x02B0,0x02FF
 */
#pragma once
#include "EpdFontData.h"

static const uint8_t notosans_c15_regularBitmaps[15146] = {
    0x85, 0x55, 0x4F, 0x68, 0x1D, 0x45, 0x18, 0xFF, 0xED, 0x6E, 0xCD, 0xDA, 0x9D, 0xDD, 0x7D, 0xEF,
    0x60, 0x50, 0xDA, 0x7D, 0x89, 0x87, 0x1C, 0x96, 0xB8, 0x69, 0xF7, 0x30, 0x91, 0x8D, 0xB4, 0xCD,
    0xF8, 0x87, 0x9E, 0x3C, 0xE4, 0x10, 0xC5, 0x93, 0xBC, 0x43, 0x84, 0x12, 0xD2, 0xB2, 0x48, 0xC1,
    0x08, 0x81, 0x6C, 0x2D, 0x28, 0x78, 0x7A, 0x17, 0x7B, 0xF1, 0xE0, 0xD8, 0x0A, 0x6D, 0x53, 0xDB,
    0x6E, 0x21, 0xB1, 0x21, 0x4D, 0xF3, 0xC6, 0xC4, 0x8B, 0x22, 0xF2, 0xFC, 0x7B, 0x90, 0x08, 0xEF,
    0x10, 0x41, 0x0A, 0x85, 0x07, 0x3E, 0x68, 0xA4, 0x21, 0xF1, 0x9B, 0xCD, 0x4B, 0xD2, 0x54, 0xC5,
    0xF9, 0x7D, 0x3B, 0x3B, 0x3B, 0x3B, 0xDF, 0x37, 0xDF, 0x9F, 0xF9, 0xBE, 0x91, 0xB9, 0xA4, 0x56,
    0x1D, 0x81, 0x6C, 0xA1, 0x2F, 0xE3, 0x2A, 0x26, 0x00, 0x78, 0x0F, 0xE6, 0x07, 0x30, 0x4F, 0xE2,
    0xB9, 0x1B, 0xD9, 0xE1, 0x37, 0x85, 0xED, 0xC2, 0x09, 0x50, 0xDF, 0xCA, 0xDC, 0x3E, 0xB8, 0xB1,
    0x26, 0x08, 0xA8, 0xD2, 0xC6, 0xD0, 0x57, 0x5C, 0x9D, 0x50, 0x6C, 0x0D, 0xF7, 0xF1, 0x4D, 0xF9,
    0xBB, 0xE1, 0x75, 0x43, 0x21, 0xEB, 0xC5, 0xC8, 0xA0, 0x52, 0xF1, 0x72, 0x96, 0xAE, 0x20, 0xFE,
    0x7A, 0x6C, 0xF0, 0xB7, 0xD5, 0xDE, 0xE7, 0xDF, 0xC7, 0xDB, 0x27, 0xB1, 0x7C, 0xD2, 0x38, 0xF7,
    0xA1, 0x85, 0x0D, 0x92, 0x6E, 0x36, 0xE1, 0x47, 0x70, 0x5D, 0x78, 0x11, 0xEC, 0x16, 0x58, 0xA3,
    0x1C, 0x9D, 0x4D, 0x79, 0x45, 0xC6, 0xB6, 0x4A, 0x58, 0xA3, 0xB4, 0x7E, 0x96, 0xD6, 0xF4, 0xF1,
    0x38, 0x46, 0x17, 0x3C, 0x44, 0xE0, 0x88, 0x91, 0x76, 0xC0, 0x91, 0x20, 0xA0, 0x59, 0x03, 0xCF,
    0x26, 0x81, 0xE7, 0x30, 0xDB, 0x66, 0xBE, 0x17, 0xF0, 0xB2, 0x21, 0xCC, 0xCC, 0xC8, 0xA6, 0x37,
    0xAD, 0x86, 0x93, 0x7B, 0x9C, 0xF8, 0x95, 0x41, 0x18, 0xDE, 0xEC, 0xFE, 0x49, 0xBF, 0x21, 0xC2,
    0x24, 0xAE, 0xF6, 0xA3, 0x5F, 0x9B, 0x89, 0xCC, 0x50, 0x66, 0x66, 0xC1, 0x86, 0x0F, 0xB7, 0x10,
    0x9F, 0x42, 0xC2, 0x6E, 0x56, 0x26, 0x12, 0x8F, 0x3B, 0xB1, 0xAD, 0xC1, 0x19, 0xF7, 0x83, 0x80,
    0xB5, 0x49, 0x57, 0xD1, 0x2B, 0xDE, 0x11, 0xD6, 0x63, 0x60, 0xCD, 0xA1, 0x29, 0x62, 0x76, 0x49,
    0x17, 0x8E, 0x86, 0x95, 0x79, 0xA4, 0xD6, 0xF4, 0x26, 0xCD, 0x4E, 0x90, 0x6E, 0xF4, 0xC1, 0x5A,
    0xA8, 0xC0, 0x81, 0x53, 0xAE, 0x0C, 0x93, 0x0C, 0x84, 0xC0, 0x3C, 0xF0, 0x07, 0xAC, 0x53, 0x70,
    0x42, 0x04, 0x21, 0xE2, 0x10, 0x0B, 0x4B, 0x18, 0x5F, 0x2A, 0x7E, 0x85, 0x38, 0x74, 0xA5, 0x32,
    0x1A, 0xD2, 0xBB, 0xBF, 0x76, 0x68, 0x91, 0xB4, 0x72, 0xE0, 0x97, 0x03, 0xCD, 0x68, 0x2C, 0xB2,
    0x57, 0xF4, 0x0E, 0x83, 0xF2, 0xC4, 0x69, 0xAD, 0x1A, 0x67, 0x81, 0xC7, 0xD6, 0x81, 0x99, 0x2B,
    0xAF, 0x4D, 0x14, 0x9A, 0xE7, 0x68, 0x18, 0xCA, 0xCA, 0xB4, 0x29, 0x01, 0xEC, 0xB5, 0x4A, 0x25,
    0x71, 0x42, 0xCF, 0x9F, 0xB4, 0x5B, 0x95, 0x01, 0xCE, 0x62, 0x3B, 0xF1, 0x4B, 0xB4, 0xDA, 0x6E,
    0x0E, 0x4C, 0x70, 0x2F, 0x76, 0x62, 0x96, 0xF4, 0xB2, 0x7B, 0x85, 0xD5, 0x93, 0xBD, 0x4D, 0x52,
    0xAB, 0x25, 0xA9, 0x2B, 0x5C, 0x72, 0x2C, 0xC4, 0xB6, 0xCF, 0xAB, 0xF4, 0xEA, 0xC2, 0xA4, 0x9D,
    0x25, 0xE8, 0x11, 0x46, 0x1B, 0x0C, 0xE8, 0x1E, 0x1D, 0xDE, 0xDC, 0xE9, 0xCF, 0xA2, 0x57, 0xCF,
    0xF6, 0xE0, 0x5D, 0x96, 0x69, 0x2F, 0x1F, 0xCD, 0xDE, 0x6A, 0x15, 0xD1, 0x69, 0x5A, 0xC2, 0x21,
    0xB9, 0xC0, 0x41, 0x92, 0x4F, 0xAD, 0xBF, 0x06, 0xF3, 0xF7, 0x49, 0xED, 0x02, 0x04, 0x87, 0xCF,
    0x83, 0xE7, 0x3F, 0x64, 0xB1, 0xFA, 0x92, 0x9E, 0x65, 0x7A, 0x56, 0x44, 0x7C, 0x67, 0x01, 0xE1,
    0x81, 0xA7, 0x8A, 0xB5, 0xE6, 0x3D, 0xD2, 0xA5, 0x9B, 0x06, 0x35, 0x18, 0x2D, 0x98, 0xB3, 0xB0,
    0x42, 0xD8, 0x14, 0x63, 0x0F, 0x3D, 0x37, 0x71, 0xE4, 0x1A, 0xB8, 0x95, 0xA5, 0x86, 0x6A, 0xA2,
    0x31, 0x5E, 0x9B, 0x5B, 0xCC, 0xFD, 0xDC, 0xCB, 0xA3, 0x7A, 0x3B, 0xEF, 0xC9, 0x19, 0xA1, 0xA7,
    0xDE, 0x36, 0x96, 0x04, 0xBB, 0x90, 0x55, 0x40, 0x11, 0x20, 0x87, 0x74, 0x88, 0xC6, 0x11, 0x50,
    0x12, 0x30, 0xB7, 0x04, 0x49, 0x1E, 0xAF, 0x61, 0xEE, 0x2E, 0x72, 0x5B, 0xE4, 0x56, 0x96, 0x1B,
    0xAA, 0x43, 0xA6, 0xD2, 0x33, 0x67, 0x50, 0x5F, 0xC3, 0xF8, 0x67, 0x73, 0x23, 0x39, 0x34, 0xEA,
    0xAD, 0xED, 0x37, 0x8D, 0xDA, 0x7B, 0xB3, 0x0B, 0x72, 0x67, 0x94, 0x03, 0xF5, 0xCC, 0xFE, 0xA8,
    0x56, 0x29, 0x76, 0xD0, 0xBB, 0x39, 0x92, 0x77, 0xB5, 0x12, 0xE4, 0x11, 0xF2, 0x92, 0xC8, 0xCD,
    0x2D, 0xED, 0xD9, 0xAA, 0x41, 0xA3, 0xAC, 0x43, 0x56, 0x46, 0xA9, 0xB3, 0xF7, 0x59, 0xD0, 0xB8,
    0xA8, 0x14, 0xE7, 0xE7, 0x51, 0x4C, 0x0B, 0x23, 0x33, 0xFF, 0x15, 0x4F, 0x8B, 0xE3, 0xA8, 0x3A,
    0xC5, 0x16, 0x29, 0x6E, 0x29, 0xDC, 0x16, 0xA8, 0x0B, 0x7C, 0xA1, 0x90, 0x37, 0x91, 0xD3, 0x29,
    0x08, 0x90, 0x33, 0x54, 0x91, 0xFF, 0x03, 0xF5, 0xF6, 0x18, 0xC2, 0x45, 0x4C, 0x5D, 0xC7, 0xE7,
    0x33, 0x58, 0xBD, 0x6C, 0x7C, 0x7B, 0xE9, 0xE5, 0x57, 0x2F, 0xAE, 0xB8, 0xF2, 0x1B, 0x57, 0xDE,
    0x77, 0xE5, 0x94, 0x2B, 0xB9, 0x5B, 0x45, 0xB6, 0x68, 0xA8, 0xEB, 0x86, 0xBA, 0x6C, 0xA8, 0x4B,
    0xE7, 0x94, 0xFC, 0x5E, 0xC9, 0x5B, 0x4A, 0x0E, 0x29, 0xE9, 0x2B, 0xC9, 0x94, 0xB4, 0x94, 0xB1,
    0x04, 0x76, 0xA1, 0x11, 0x20, 0x4D, 0x90, 0x70, 0x84, 0x1C, 0x11, 0xF5, 0x34, 0x8E, 0x90, 0x96,
    0x5E, 0x6C, 0xEE, 0x38, 0x78, 0x6E, 0x3E, 0x0F, 0x28, 0x34, 0xC1, 0xDC, 0x7C, 0xBD, 0xB6, 0xB3,
    0xFB, 0xFF, 0x73, 0xDA, 0x14, 0xA1, 0x06, 0xB9, 0x4B, 0x07, 0x68, 0xBE, 0xB0, 0xC3, 0xD3, 0xFD,
    0xC2, 0x2C, 0x16, 0x1A, 0xC8, 0x49, 0x46, 0x52, 0x4C, 0x96, 0x60, 0xAF, 0x0F, 0xBC, 0xC1, 0xC9,
    0xDD, 0x03, 0x60, 0x4D, 0x4C, 0xE9, 0x24, 0xDB, 0xCE, 0x90, 0x99, 0x19, 0xBC, 0xFE, 0x33, 0x4C,
    0xF5, 0x9F, 0x34, 0x62, 0x0A, 0x69, 0x66, 0x8F, 0x13, 0x1D, 0x29, 0x4B, 0x24, 0x0C, 0x25, 0x5D,
    0x8E, 0x50, 0x33, 0x74, 0x90, 0x62, 0x8B, 0xF2, 0x16, 0x81, 0x07, 0x37, 0xD0, 0xE5, 0xC9, 0xE6,
    0xB0, 0x72, 0x5D, 0xAA, 0x8C, 0x06, 0x6A, 0x0E, 0x6A, 0x69, 0x09, 0x8D, 0xB8, 0x57, 0x28, 0xDE,
    0x7F, 0x4E, 0x85, 0x83, 0xCB, 0x59, 0x90, 0xAE, 0x08, 0x57, 0xFE, 0x08, 0xAF, 0x71, 0x1B, 0x8E,
    0x7A, 0x01, 0xB6, 0x3A, 0x0E, 0x2B, 0x8B, 0x50, 0x35, 0x91, 0xD0, 0xA1, 0x0F, 0xC0, 0x48, 0x40,
    0x53, 0x9B, 0x47, 0x62, 0x9C, 0x44, 0xCF, 0x70, 0x86, 0xDC, 0x12, 0x35, 0x13, 0x29, 0x43, 0xE2,
    0xE9, 0x3A, 0xE0, 0xC4, 0xC5, 0x1A, 0x05, 0xE3, 0x11, 0xEA, 0x9F, 0xE9, 0x3E, 0x53, 0x14, 0x96,
    0x26, 0xE5, 0xB6, 0xD0, 0x99, 0x4D, 0xC5, 0x65, 0xEB, 0xEA, 0x5A, 0x63, 0xB7, 0xFD, 0x35, 0x5A,
    0x2B, 0x6A, 0x61, 0x58, 0xD4, 0x42, 0x06, 0x8B, 0x76, 0x26, 0xC6, 0xC6, 0xF8, 0x21, 0x67, 0xB7,
    0x9D, 0xE9, 0x36, 0x32, 0x58, 0x0A, 0x5D, 0x55, 0x78, 0x31, 0x82, 0x67, 0xD0, 0xE7, 0x22, 0xB6,
    0xD1, 0x7F, 0xB5, 0x7B, 0xB4, 0x1C, 0x1E, 0xA4, 0xE4, 0x68, 0x1F, 0x08, 0xE0, 0x76, 0x6D, 0x0C,
    0xB9, 0xA9, 0xCB, 0xA3, 0xA3, 0xAB, 0xBA, 0xA6, 0xCB, 0x02, 0x37, 0x5B, 0xB3, 0x91, 0xF4, 0x34,
    0x72, 0x77, 0x36, 0xFA, 0xA4, 0xA5, 0x5D, 0xC4, 0xD6, 0xB7, 0xEB, 0x70, 0x4C, 0x7D, 0x04, 0x5D,
    0x18, 0xA9, 0x04, 0xDB, 0x1A, 0xA5, 0x87, 0x51, 0x49, 0xD7, 0x1A, 0x5D, 0x9D, 0xA2, 0x12, 0x7B,
    0x50, 0xAC, 0x6E, 0x47, 0x15, 0xEE, 0x0F, 0x6F, 0x76, 0x22, 0x46, 0x4E, 0x36, 0x46, 0x4A, 0xB5,
    0x80, 0xB4, 0xAD, 0x2B, 0xDD, 0xEF, 0x81, 0xD6, 0x3E, 0xD8, 0xE5, 0xB7, 0x89, 0xFF, 0x21, 0xC9,
    0x64, 0x47, 0xEE, 0x76, 0xD5, 0x76, 0xB4, 0xB9, 0xD6, 0x9E, 0x8D, 0xF2, 0x40, 0xEE, 0x02, 0x92,
    0x2E, 0xAB, 0x4E, 0x83, 0xF3, 0x04, 0x76, 0x0D, 0xF6, 0x4F, 0x8F, 0xED, 0xF0, 0xC8, 0xF4, 0x53,
    0x75, 0x59, 0xDC, 0xC0, 0x1D, 0x5C, 0x54, 0xB2, 0x29, 0x13, 0x21, 0xF7, 0x1A, 0x6D, 0x79, 0xF3,
    0xCF, 0x8D, 0xD9, 0xE3, 0xBE, 0x8C, 0x98, 0x0C, 0xF7, 0x11, 0xFD, 0x79, 0x7C, 0x33, 0x6D, 0x39,
    0x22, 0x1F, 0xDC, 0x06, 0x9D, 0x0F, 0x22, 0x1A, 0xD0, 0xA7, 0x2E, 0xC2, 0xBA, 0xED, 0x77, 0xD5,
    0xB5, 0xD6, 0xF6, 0xF6, 0x23, 0xFB, 0xCD, 0x62, 0x1D, 0xB3, 0x34, 0x4C, 0xE0, 0x63, 0x45, 0x27,
    0x7D, 0x47, 0x51, 0x68, 0x7D, 0x8E, 0xB6, 0xB4, 0x5B, 0xA9, 0xB2, 0xB6, 0xC0, 0xCB, 0x7C, 0x98,
    0x0A, 0xC8, 0x93, 0x14, 0xDA, 0xBA, 0xD2, 0x57, 0xC2, 0x36, 0x22, 0x94, 0xF4, 0xB5, 0x8C, 0x66,
    0xB0, 0x87, 0xFC, 0xD8, 0xF0, 0x6A, 0x31, 0xE7, 0xA5, 0x01, 0x0F, 0x43, 0x1E, 0xA4, 0x5E, 0x93,
    0x29, 0x4B, 0xAF, 0x93, 0xC7, 0xBC, 0x74, 0xCA, 0x8D, 0xAF, 0x07, 0xFC, 0xD7, 0x30, 0x5C, 0xE1,
    0x3D, 0xE7, 0xD3, 0xD2, 0x4B, 0x2D, 0x66, 0x90, 0x60, 0x1E, 0x44, 0xDC, 0xA7, 0xA4, 0xB6, 0x15,
    0x95, 0xD1, 0x24, 0xF5, 0x76, 0xD8, 0x23, 0xEE, 0xA6, 0x9E, 0xB4, 0x89, 0xDD, 0x12, 0x36, 0x4E,
    0x63, 0x8C, 0xA4, 0x50, 0x7E, 0xA5, 0xFA, 0x72, 0x63, 0xC5, 0x61, 0x9C, 0x6E, 0x1B, 0x99, 0x9D,
    0xD1, 0xD5, 0x44, 0xF0, 0x30, 0x49, 0x2A, 0xF9, 0x05, 0x1C, 0x7D, 0xC8, 0x44, 0xB9, 0xBA, 0xAF,
    0x8D, 0x54, 0xE9, 0xBF, 0x57, 0xC0, 0xA7, 0xFF, 0xB6, 0xF0, 0x3B, 0x5F, 0x53, 0x28, 0x6B, 0xC9,
    0xBF, 0xE0, 0xD4, 0xDF, 0x8D, 0x56, 0x4D, 0x88, 0x1C, 0x45, 0x14, 0xFE, 0xAA, 0x7A, 0x66, 0xDA,
    0xE9, 0xEE, 0xD9, 0x19, 0x65, 0x03, 0x83, 0xF6, 0xEC, 0x26, 0x30, 0x87, 0x66, 0xED, 0xCC, 0xB4,
    0xA1, 0x03, 0x9D, 0x1F, 0x32, 0xB5, 0x39, 0x08, 0x82, 0x87, 0x41, 0x0C, 0xEA, 0x6D, 0x22, 0x39,
    0x49, 0xC4, 0x8E, 0x44, 0x10, 0x89, 0xD9, 0x56, 0x41, 0x44, 0x72, 0x18, 0x2F, 0x81, 0xDC, 0x2A,
    0x6C, 0x40, 0x4C, 0x90, 0xB4, 0xB0, 0x81, 0x20, 0x66, 0x53, 0x92, 0x83, 0xD7, 0x49, 0x3C, 0x09,
    0x39, 0xCC, 0x25, 0x28, 0x89, 0x87, 0x21, 0x8C, 0x18, 0x71, 0xDD, 0xF5, 0x55, 0xCF, 0xAC, 0xD9,
    0x64, 0x7F, 0x9C, 0x7A, 0xD5, 0xBF, 0xEF, 0x7B, 0xAF, 0xFB, 0xBD, 0xFA, 0xAA, 0x5E, 0x61, 0x20,
    0xD1, 0x96, 0xBA, 0x0D, 0x24, 0x17, 0x66, 0xB7, 0x21, 0x63, 0xA4, 0x90, 0x74, 0xC4, 0x38, 0xD2,
    0x31, 0x7B, 0x5C, 0x00, 0xFC, 0x11, 0xEC, 0xB7, 0x50, 0xC2, 0xB8, 0x2F, 0x0C, 0xC7, 0x37, 0x0E,
    0xE0, 0x03, 0x37, 0xD7, 0x50, 0xC9, 0x35, 0xFF, 0x71, 0x9D, 0xBA, 0xE3, 0x39, 0x33, 0x67, 0xF6,
    0x5F, 0x00, 0x3A, 0x1C, 0x81, 0x05, 0xCF, 0x81, 0xE3, 0xC1, 0x0E, 0x60, 0xF4, 0xD1, 0x5C, 0x01,
    0x53, 0xE3, 0x33, 0xF5, 0x4A, 0x47, 0x37, 0x50, 0xCB, 0x6E, 0xDA, 0xF9, 0x76, 0x63, 0x29, 0xC4,
    0x5E, 0xCC, 0xF6, 0x83, 0x28, 0xAC, 0xCE, 0x9C, 0xE6, 0x03, 0x44, 0x95, 0xA8, 0xD5, 0x07, 0x16,
    0xC5, 0x3C, 0xB0, 0x2C, 0x0A, 0x48, 0xAB, 0x73, 0x6E, 0x70, 0xAF, 0xB8, 0x47, 0x15, 0x8E, 0x27,
    0x7C, 0x8F, 0xE2, 0x41, 0x2F, 0xEF, 0x2D, 0x38, 0x16, 0x42, 0xF6, 0x20, 0x21, 0x3F, 0x0D, 0xB0,
    0xE4, 0xC5, 0xE4, 0x78, 0xF2, 0x91, 0x7E, 0x80, 0x59, 0x75, 0x82, 0xB0, 0x17, 0xF6, 0xDC, 0xD8,
    0x74, 0x81, 0xD6, 0xEA, 0xAE, 0x37, 0x60, 0x92, 0x60, 0x8E, 0x64, 0xEC, 0xED, 0x1B, 0x37, 0xF8,
    0xF5, 0x95, 0xDD, 0x77, 0x5E, 0xEE, 0x3C, 0xE0, 0xBB, 0xEF, 0xF3, 0xE0, 0xE7, 0xBC, 0x77, 0xFB,
    0xDC, 0x7F, 0xDE, 0x76, 0x1D, 0xC3, 0xDC, 0x65, 0x51, 0x4E, 0x82, 0x6E, 0xD0, 0x09, 0x7B, 0x96,
    0x60, 0x4A, 0x4B, 0x6B, 0x75, 0x74, 0x85, 0x58, 0x58, 0x6B, 0xE0, 0xB9, 0x84, 0x27, 0x06, 0xE5,
    0x20, 0xC4, 0x82, 0x68, 0xE0, 0xB5, 0x84, 0x8B, 0x26, 0xFD, 0xC3, 0xD1, 0xE4, 0x2C, 0xF2, 0x7E,
    0x00, 0x48, 0xF7, 0xB1, 0xA4, 0x87, 0x6F, 0xDE, 0x95, 0xD0, 0xD2, 0x06, 0x3B, 0x86, 0xD9, 0x3F,
    0xD1, 0x7A, 0xF8, 0x44, 0x2F, 0x3F, 0x04, 0xF6, 0x3D, 0xDD, 0xE5, 0x00, 0x81, 0xEB, 0x76, 0x8A,
    0x07, 0x0B, 0xD4, 0xF2, 0x33, 0xE8, 0xA8, 0xB6, 0xEA, 0xA8, 0x83, 0x59, 0x80, 0x81, 0xF2, 0x53,
    0x2B, 0xB2, 0x3C, 0x3F, 0x0D, 0x14, 0x50, 0x44, 0x72, 0x90, 0x29, 0xCB, 0x80, 0x65, 0xC1, 0x72,
    0x2A, 0x56, 0x3D, 0xCD, 0x9F, 0x4A, 0x71, 0x2B, 0xE0, 0x5F, 0x9E, 0x36, 0xAC, 0xEB, 0x25, 0x04,
    0x04, 0xF8, 0x98, 0x8B, 0xA2, 0x89, 0xA2, 0x83, 0xA2, 0xD7, 0x2D, 0xEE, 0x3B, 0x99, 0xEF, 0x39,
    0x2C, 0xA9, 0x1B, 0x90, 0x45, 0x9E, 0xB8, 0xE6, 0x4A, 0x03, 0xBB, 0x79, 0xD2, 0xE5, 0xF3, 0xAA,
    0x69, 0x08, 0xF6, 0xF9, 0xF4, 0xD1, 0x73, 0xD1, 0xD9, 0xFA, 0x6F, 0x78, 0xFF, 0x4D, 0xDC, 0x3A,
    0xC9, 0x3F, 0xBD, 0x61, 0xA0, 0x0A, 0x18, 0x49, 0xC6, 0x05, 0x61, 0x60, 0x0A, 0x51, 0xC6, 0x91,
    0x0F, 0x3A, 0xB3, 0x3D, 0x26, 0xF4, 0x78, 0xD2, 0x83, 0x6E, 0x5D, 0xB0, 0x01, 0xF8, 0x12, 0x0C,
    0x0F, 0x94, 0xF7, 0x52, 0x09, 0x33, 0x57, 0xD1, 0xB8, 0x82, 0xD0, 0x48, 0x62, 0xA6, 0xFA, 0xE8,
    0x61, 0x1A, 0x94, 0x2E, 0x82, 0x4D, 0x04, 0x6E, 0x83, 0x68, 0x50, 0x70, 0x27, 0x03, 0xD3, 0x98,
    0xFF, 0x82, 0x67, 0x3E, 0x9C, 0x08, 0x6C, 0x54, 0xC1, 0x72, 0x93, 0xBA, 0xE5, 0x29, 0x8C, 0x69,
    0x0D, 0xFB, 0x1F, 0xA4, 0x75, 0x39, 0x41, 0xE3, 0x9E, 0xC0, 0x7E, 0xCA, 0xC6, 0x29, 0x3A, 0x6E,
    0xF7, 0xC0, 0x7E, 0x5C, 0x53, 0xC6, 0x7D, 0x05, 0xF3, 0x8A, 0xC2, 0x14, 0x65, 0xC9, 0x65, 0x3D,
    0x44, 0x6C, 0xAD, 0xC7, 0x96, 0x85, 0x7D, 0x3E, 0xA9, 0x81, 0xD2, 0xA8, 0xD3, 0x31, 0xEA, 0x51,
    0x36, 0x99, 0xCA, 0x02, 0x7C, 0x4D, 0x20, 0xC8, 0x1E, 0x5C, 0x9D, 0xD7, 0x1C, 0x6C, 0xE8, 0xC4,
    0xBF, 0x73, 0xE9, 0x5A, 0x3B, 0x85, 0x96, 0x9B, 0x83, 0xD1, 0x95, 0xEE, 0x86, 0x68, 0x33, 0x65,
    0x60, 0x3B, 0x2D, 0x43, 0x59, 0xD5, 0x3B, 0xDB, 0x69, 0xAB, 0x32, 0xD7, 0xDE, 0x4E, 0x57, 0x81,
    0x47, 0xAC, 0x22, 0xAD, 0xA8, 0x11, 0xC5, 0x9F, 0x94, 0x05, 0xC1, 0x84, 0xA9, 0x27, 0xFF, 0x36,
    0xDA, 0x1C, 0x5A, 0xF8, 0x2A, 0xD9, 0x4E, 0xFB, 0x76, 0xF2, 0xEC, 0xB6, 0x96, 0xCF, 0x5F, 0x42,
    0xED, 0x3D, 0x41, 0x69, 0x72, 0xD1, 0x77, 0x11, 0x2F, 0xF4, 0xE3, 0xBD, 0x22, 0x76, 0x91, 0xEA,
    0x37, 0x2F, 0x24, 0xB3, 0x7F, 0x65, 0x53, 0xFB, 0x02, 0x9C, 0x6C, 0x98, 0x3B, 0x48, 0x7E, 0x60,
    0xEA, 0x5B, 0xA6, 0xBE, 0x66, 0x6A, 0xF1, 0x13, 0x25, 0x6F, 0x2B, 0xF9, 0x9D, 0x92, 0x07, 0x94,
    0x9C, 0x52, 0xD2, 0x56, 0xD2, 0x50, 0x44, 0x20, 0x5A, 0xC4, 0x34, 0x75, 0x01, 0xB6, 0x0C, 0xFB,
    0x3C, 0xB9, 0x8D, 0x23, 0x44, 0x21, 0xBC, 0x10, 0x3E, 0x9D, 0xE9, 0xDE, 0x47, 0x5C, 0x9E, 0xEF,
    0xEB, 0x94, 0x53, 0xCB, 0x67, 0xAB, 0x5A, 0x7D, 0x62, 0x3C, 0xB1, 0xF9, 0x06, 0xD8, 0x67, 0x13,
    0xE3, 0x09, 0xF6, 0x47, 0xC2, 0x67, 0x27, 0xC6, 0xFF, 0x04, 0xCC, 0x4F, 0x0A, 0xAE, 0xE4, 0xFC,
    0x9A, 0x7D, 0xDA, 0xE8, 0x99, 0x83, 0x9A, 0x5F, 0x2F, 0x8E, 0x3E, 0xB6, 0x1C, 0xDB, 0xE7, 0xFB,
    0x2E, 0x1F, 0x44, 0x66, 0x14, 0x96, 0xBC, 0x30, 0xF2, 0xC3, 0xD8, 0x8B, 0x54, 0xD4, 0x14, 0xDA,
    0x6C, 0x26, 0x33, 0x63, 0x7A, 0x5E, 0x8F, 0x67, 0x64, 0x9B, 0x0B, 0xC9, 0x93, 0xA7, 0x3B, 0x11,
    0xDC, 0x10, 0x91, 0x8D, 0xF2, 0x0A, 0xC6, 0x31, 0x53, 0x4E, 0xD5, 0xC4, 0x78, 0x01, 0x63, 0x80,
    0x62, 0x75, 0x52, 0x7C, 0xA1, 0x0E, 0x56, 0x99, 0xD8, 0x79, 0x45, 0x4F, 0x10, 0x96, 0x2D, 0x88,
    0x5D, 0x8E, 0xD8, 0x46, 0x54, 0x82, 0xEB, 0xC1, 0xCA, 0x4A, 0x0E, 0x57, 0xE3, 0x62, 0x33, 0xEA,
    0x1D, 0xCD, 0xEB, 0xFE, 0xB5, 0x33, 0xA9, 0x9B, 0x96, 0x52, 0xF7, 0xDA, 0xF5, 0xEF, 0x13, 0xCD,
    0xF4, 0xBC, 0x38, 0xB2, 0x94, 0xFA, 0xD2, 0x93, 0xE9, 0x45, 0x75, 0x51, 0xC9, 0xEB, 0xB2, 0x26,
    0x6D, 0x69, 0x2D, 0xAE, 0x68, 0x32, 0x18, 0x42, 0xC7, 0x59, 0x1E, 0xE6, 0x5C, 0x38, 0x85, 0x95,
    0x03, 0x4E, 0xEC, 0x84, 0x7E, 0xF3, 0x6E, 0xF6, 0x59, 0xA9, 0x3F, 0xBA, 0x59, 0xC3, 0x84, 0xD1,
    0x77, 0xEA, 0x5B, 0xDA, 0xA0, 0xFC, 0xEA, 0xF4, 0xD2, 0x56, 0x9A, 0x62, 0x90, 0xAB, 0x6C, 0x6D,
    0x61, 0xC8, 0x7C, 0xC0, 0x7B, 0x5B, 0xEB, 0x40, 0x45, 0x84, 0x7E, 0xB2, 0x61, 0xD3, 0x2A, 0x61,
    0xC2, 0x5A, 0x5B, 0xC3, 0x01, 0x5A, 0x4F, 0x62, 0x3A, 0xC2, 0x16, 0x43, 0xF3, 0xCE, 0xEA, 0x08,
    0x04, 0xFB, 0x91, 0x4F, 0x8B, 0x4B, 0x40, 0x42, 0xAC, 0x81, 0x3D, 0xA4, 0xFF, 0xEE, 0x83, 0x0A,
    0xFD, 0x7A, 0x74, 0xF6, 0xD0, 0xAF, 0x85, 0x53, 0xAD, 0xD5, 0x10, 0xBA, 0xFC, 0xDA, 0x2B, 0x59,
    0x74, 0xA9, 0x8E, 0x6E, 0xB3, 0x46, 0x47, 0x57, 0xAA, 0x6F, 0xA5, 0x29, 0x86, 0x3A, 0x86, 0xCD,
    0xEF, 0xA7, 0xDD, 0x02, 0x95, 0xA4, 0x51, 0x9B, 0x0E, 0xBB, 0x90, 0xE3, 0x96, 0xC7, 0xAC, 0xE8,
    0xD0, 0xD7, 0xAD, 0xA7, 0x24, 0x50, 0x15, 0xB1, 0xF9, 0xAD, 0xE6, 0xE8, 0xEF, 0x60, 0x43, 0x14,
    0x68, 0x4D, 0x9C, 0x82, 0xFD, 0x37, 0xFC, 0x32, 0x2D, 0xBC, 0x22, 0x30, 0xE8, 0x0C, 0x9F, 0xDE,
    0x3C, 0x1A, 0x05, 0xDB, 0x38, 0xB1, 0x87, 0x76, 0x0C, 0x57, 0x87, 0x4B, 0x7E, 0xBA, 0xA1, 0xF8,
    0x92, 0x39, 0x5F, 0xA7, 0x38, 0x21, 0x09, 0x1F, 0x9A, 0x20, 0x5B, 0x6D, 0x6E, 0x6E, 0x30, 0xDF,
    0xC0, 0xEC, 0x9D, 0x60, 0x1B, 0x08, 0xBD, 0x13, 0x8C, 0xB4, 0x5F, 0x8C, 0xEB, 0xD1, 0x0E, 0xB0,
    0x82, 0x37, 0xA6, 0xFB, 0x0E, 0x18, 0x96, 0xE8, 0x02, 0x4B, 0x7B, 0x98, 0xD7, 0x91, 0x70, 0x35,
    0x72, 0xBD, 0x0A, 0x7F, 0x06, 0xE1, 0x21, 0x04, 0x8B, 0x78, 0xE9, 0x16, 0x0E, 0x99, 0x68, 0x4C,
    0xA1, 0x99, 0xA1, 0xD7, 0xCB, 0x45, 0xDF, 0x7D, 0x2C, 0xE9, 0xE1, 0x96, 0x26, 0xCD, 0xB8, 0x54,
    0x6C, 0xD6, 0xE8, 0x32, 0xE1, 0x75, 0xB6, 0xD2, 0xB8, 0x52, 0x0F, 0xEC, 0x56, 0xBE, 0x90, 0xED,
    0x0C, 0xFB, 0xA5, 0xD8, 0x0D, 0x3D, 0x3F, 0x74, 0xE2, 0x92, 0x34, 0x95, 0xA1, 0x0C, 0x2A, 0x0C,
    0xEF, 0xE2, 0x04, 0x25, 0x69, 0xB4, 0xDD, 0xB9, 0x3A, 0xA0, 0xB1, 0x28, 0x49, 0x92, 0xD4, 0x59,
    0xF2, 0xAF, 0x0C, 0xD6, 0x37, 0x41, 0x4E, 0x9C, 0xF9, 0xDD, 0xC6, 0xFA, 0x5F, 0x95, 0x57, 0xCF,
    0x8F, 0xD4, 0x54, 0x1C, 0xFF, 0xBC, 0x76, 0xD8, 0xEE, 0x4E, 0x67, 0xB6, 0x73, 0x58, 0xC3, 0x06,
    0xBB, 0x2C, 0x26, 0x13, 0x53, 0x49, 0x77, 0xA7, 0x87, 0x1A, 0x67, 0x0D, 0xB8, 0x0F, 0x62, 0xBC,
    0xE8, 0x61, 0xBD, 0xA8, 0x17, 0x63, 0x0F, 0x9C, 0x88, 0x62, 0x4D, 0x3C, 0x18, 0x03, 0xD9, 0x22,
    0x07, 0x2E, 0x1E, 0xC6, 0x83, 0x78, 0xF0, 0x52, 0x01, 0x43, 0x5C, 0x83, 0x94, 0x04, 0x84, 0x00,
    0xCB, 0x3C, 0xE1, 0xE6, 0xA9, 0xC6, 0x10, 0x13, 0x03, 0x49, 0x0F, 0xFE, 0x01, 0x73, 0xD8, 0x04,
    0x8C, 0x8B, 0xE3, 0xF7, 0x75, 0x7E, 0xEE, 0x4C, 0x87, 0xAD, 0xFD, 0xBE, 0x79, 0xD3, 0x1F, 0xEF,
    0xF3, 0xE9, 0xB7, 0xEF, 0x7D, 0x7F, 0x3D, 0x00, 0xDA, 0x36, 0xE4, 0xD1, 0x00, 0x6B, 0x41, 0xB9,
    0x06, 0xD5, 0x82, 0x66, 0xA2, 0x5C, 0xC6, 0xFE, 0x2B, 0x58, 0xFE, 0x11, 0xAE, 0x1A, 0xF8, 0x4C,
    0x24, 0x88, 0x01, 0x63, 0x4B, 0xFE, 0x0A, 0x26, 0x4A, 0x53, 0xDB, 0x2B, 0x25, 0xBF, 0xE4, 0xDA,
    0xB5, 0x87, 0x29, 0x74, 0xCA, 0x84, 0xB2, 0x95, 0x93, 0xA4, 0x54, 0xD5, 0x92, 0x4C, 0x9A, 0x5D,
    0xA1, 0x2C, 0x80, 0x0A, 0xA8, 0x0D, 0x80, 0x67, 0x10, 0xCC, 0xC3, 0xC1, 0x0A, 0x0A, 0xD8, 0x03,
    0x94, 0x01, 0x57, 0x2A, 0xC3, 0xEE, 0x72, 0xFD, 0x5C, 0xB0, 0x00, 0xD4, 0xD3, 0x1B, 0x9D, 0x46,
    0xE7, 0x36, 0xC1, 0x39, 0x94, 0x36, 0x97, 0x83, 0x2A, 0x88, 0x88, 0x18, 0xFA, 0x13, 0x9B, 0x9E,
    0x3A, 0x24, 0x2E, 0x3D, 0xD7, 0xB7, 0xD2, 0x27, 0xB8, 0x03, 0xE5, 0x6C, 0x5E, 0x26, 0xC6, 0xD5,
    0xA4, 0x5C, 0xCD, 0x64, 0x42, 0x3A, 0xFE, 0x40, 0x6E, 0x9D, 0xC0, 0x04, 0x32, 0x75, 0x62, 0x0C,
    0x78, 0x04, 0x7C, 0x96, 0x97, 0xA9, 0x50, 0xD0, 0x7D, 0x45, 0x64, 0x31, 0x15, 0x0A, 0xD0, 0x7C,
    0x28, 0xB1, 0x64, 0x3A, 0xDE, 0xC0, 0xF5, 0x4D, 0x44, 0x1A, 0x8F, 0xD4, 0x20, 0x62, 0xA2, 0xDB,
    0x14, 0x21, 0xEF, 0x9C, 0x40, 0xF3, 0x2F, 0x7A, 0x57, 0x05, 0x9A, 0x03, 0xCD, 0x83, 0x06, 0xE3,
    0x1F, 0xD8, 0x06, 0x5C, 0x1D, 0x8E, 0x26, 0x1B, 0x9D, 0xD0, 0xA5, 0xFE, 0x58, 0xF2, 0xEC, 0xBB,
    0x88, 0x85, 0x8F, 0xB9, 0xC9, 0x62, 0x13, 0x89, 0x09, 0x7F, 0x3D, 0xF1, 0x97, 0xB8, 0x6F, 0x22,
    0x92, 0x77, 0x9E, 0x0F, 0x16, 0xFF, 0x26, 0x1E, 0xB2, 0x36, 0x52, 0x4D, 0x50, 0xAF, 0x4F, 0xE6,
    0x01, 0x6A, 0x64, 0x22, 0xC7, 0x2F, 0x5E, 0x5F, 0x8B, 0x20, 0xA5, 0xD9, 0xEA, 0xFC, 0xD3, 0xD9,
    0x56, 0xC7, 0x0A, 0xF5, 0x2D, 0x7B, 0xC1, 0x9D, 0x5D, 0xFD, 0xD7, 0xA5, 0xEF, 0x59, 0x82, 0x9E,
    0x1A, 0x70, 0xD5, 0xD3, 0x83, 0xC9, 0xA8, 0x72, 0x6A, 0x76, 0x59, 0x38, 0x15, 0x0A, 0x26, 0xE3,
    0xBA, 0x2B, 0x31, 0x86, 0x9B, 0x30, 0xDE, 0x83, 0x40, 0x22, 0x2D, 0x67, 0x04, 0xF1, 0x14, 0x55,
    0x9A, 0xFC, 0x3A, 0x0A, 0x95, 0xCA, 0x42, 0xAC, 0xF1, 0x49, 0xF8, 0xFE, 0x7A, 0x8D, 0xEB, 0x39,
    0x07, 0x9C, 0x02, 0xEE, 0xA5, 0xF6, 0xD1, 0x0C, 0xB4, 0xAF, 0x1B, 0x0B, 0xE9, 0x52, 0xCB, 0x65,
    0x2F, 0x86, 0xEE, 0x54, 0xAB, 0x8E, 0xC8, 0x46, 0x64, 0xF0, 0x48, 0x69, 0x27, 0x72, 0x0C, 0x57,
    0x5B, 0x33, 0x16, 0x31, 0x3D, 0xB6, 0x0D, 0x57, 0x77, 0x34, 0x47, 0x73, 0x35, 0xDB, 0xA0, 0x49,
    0xA7, 0x99, 0x5F, 0xDE, 0x9C, 0x6A, 0xC8, 0x21, 0x44, 0x76, 0x0A, 0x79, 0xF9, 0x50, 0x9E, 0x57,
    0x93, 0x67, 0xF3, 0x59, 0xA9, 0x96, 0x79, 0xF9, 0xD0, 0x99, 0xD9, 0x49, 0x7C, 0x79, 0x38, 0x4C,
    0x5A, 0xF5, 0xD4, 0x4F, 0x89, 0x8C, 0x89, 0x67, 0x90, 0x71, 0xA8, 0x2D, 0xCC, 0xCC, 0xCB, 0x81,
    0x1E, 0x23, 0x78, 0xD0, 0x6D, 0x6A, 0xD0, 0x6C, 0x07, 0x83, 0xCB, 0xB4, 0x51, 0x00, 0x59, 0xE4,
    0xF0, 0x04, 0xC5, 0x12, 0x14, 0xFB, 0xAD, 0xC9, 0xF5, 0xA3, 0x42, 0x67, 0xA2, 0xB8, 0xB3, 0xCD,
    0x63, 0xCD, 0x46, 0xD8, 0x6E, 0x6F, 0xDB, 0x48, 0xA8, 0xD5, 0xDA, 0xD4, 0x87, 0xC3, 0xAD, 0x92,
    0x4E, 0x0B, 0xA9, 0x4B, 0xFD, 0x4B, 0x4F, 0xB0, 0xFC, 0x01, 0x6C, 0x0D, 0xD6, 0xCE, 0x06, 0x2C,
    0x1F, 0x78, 0x81, 0x3E, 0x68, 0x5F, 0x43, 0xE3, 0x2A, 0x76, 0xCA, 0x22, 0x79, 0xE8, 0x29, 0xEF,
    0xAC, 0x90, 0x5A, 0xEC, 0x14, 0x39, 0xCD, 0x64, 0x47, 0x7C, 0x01, 0xA5, 0x11, 0x59, 0x27, 0x23,
    0x59, 0xCF, 0x44, 0x7C, 0x15, 0x2C, 0x63, 0x32, 0xC6, 0x13, 0x35, 0x3E, 0x8E, 0xCA, 0x1E, 0x3D,
    0x45, 0xFD, 0x2C, 0x27, 0x7F, 0xB6, 0xE6, 0x60, 0x75, 0x0F, 0x27, 0x94, 0x81, 0xA9, 0x84, 0xE9,
    0xC9, 0xEF, 0x08, 0xBB, 0xC7, 0xF1, 0x37, 0x16, 0xF4, 0xD2, 0x88, 0xAC, 0xBF, 0x09, 0x1D, 0xEF,
    0x83, 0x9C, 0x2E, 0x8C, 0xD7, 0xB8, 0xEC, 0x77, 0x0A, 0xA5, 0x80, 0xB8, 0x28, 0x8A, 0x9C, 0x71,
    0x2D, 0x2E, 0x91, 0x4D, 0xB0, 0x40, 0xC9, 0x94, 0xBD, 0xFC, 0x30, 0x65, 0x81, 0x45, 0xEE, 0x65,
    0x4C, 0x41, 0x11, 0xB3, 0xF8, 0x08, 0xC7, 0xE0, 0x15, 0x53, 0x53, 0xF2, 0x71, 0x55, 0xE0, 0x06,
    0x47, 0x93, 0xE3, 0x67, 0x81, 0x28, 0x41, 0xE4, 0x52, 0xB8, 0x42, 0xA4, 0x4B, 0x4B, 0x21, 0x47,
    0x54, 0xB9, 0x0C, 0x59, 0xA4, 0x76, 0x47, 0xFC, 0xEF, 0xC4, 0x25, 0xFE, 0x13, 0x6E, 0xE3, 0xBC,
    0x08, 0x93, 0xB0, 0x2E, 0x83, 0xD9, 0x8C, 0x34, 0x13, 0xF9, 0x24, 0xBE, 0xC0, 0xAF, 0xE0, 0x36,
    0xA7, 0x27, 0xAD, 0xB0, 0x5E, 0x20, 0x57, 0xF7, 0xA4, 0xB1, 0x21, 0x1A, 0x93, 0xE6, 0xD6, 0x9C,
    0xDB, 0xE0, 0xE1, 0xE0, 0xC8, 0x1E, 0x44, 0x81, 0x89, 0x8C, 0x81, 0xAC, 0xDB, 0x1A, 0x1C, 0xB0,
    0x9C, 0x8A, 0x57, 0x8D, 0x9C, 0xA8, 0x32, 0x3A, 0xFA, 0x08, 0x2E, 0xE1, 0x87, 0x9E, 0x9A, 0x43,
    0x32, 0xC4, 0x1D, 0x47, 0x41, 0x6F, 0x74, 0xE7, 0xED, 0x1B, 0xDF, 0xCB, 0x7E, 0x9E, 0x3C, 0x2C,
    0x95, 0xA0, 0x16, 0x9C, 0xC4, 0x87, 0xE9, 0x79, 0xED, 0x69, 0x81, 0x92, 0x68, 0x47, 0x8C, 0xC0,
    0xC0, 0xE1, 0xFE, 0x95, 0x74, 0x70, 0x9A, 0xFA, 0x34, 0x6D, 0x78, 0x08, 0xEE, 0x30, 0x71, 0x99,
    0x89, 0x4B, 0x4C, 0x5C, 0x38, 0x2D, 0xC2, 0xDF, 0x44, 0x78, 0x55, 0x84, 0x2B, 0x22, 0x9C, 0x15,
    0xA1, 0x2E, 0x42, 0x55, 0x60, 0x8D, 0x09, 0xF9, 0x09, 0x57, 0xB6, 0xAE, 0xD9, 0x91, 0x19, 0xF6,
    0x65, 0x77, 0x20, 0x1D, 0x89, 0x0C, 0x10, 0xE9, 0x31, 0x0A, 0xEF, 0xCD, 0x0C, 0xA5, 0x30, 0xF5,
    0x53, 0xB0, 0x24, 0x97, 0x2E, 0x95, 0x4A, 0x39, 0xD6, 0x82, 0x71, 0x32, 0x4A, 0xCA, 0x3E, 0xAD,
    0x1F, 0xF0, 0x6B, 0xC7, 0xC3, 0x21, 0x8A, 0x3B, 0xDB, 0x30, 0xF3, 0xF9, 0x5F, 0x52, 0xE6, 0x4F,
    0x44, 0xB8, 0x94, 0x32, 0x6B, 0x22, 0x24, 0x23, 0xA1, 0xC8, 0xB3, 0x37, 0xC0, 0x6B, 0x5D, 0x4D,
    0xC3, 0x61, 0x4D, 0xA5, 0xDC, 0x91, 0xEC, 0x60, 0xED, 0x4E, 0xCE, 0x86, 0x7E, 0x8E, 0xD2, 0xA3,
    0x5F, 0x47, 0xDD, 0x85, 0x45, 0xC9, 0x98, 0x7A, 0x3A, 0xB7, 0xE1, 0x1B, 0x47, 0x92, 0x5E, 0xF6,
    0xA7, 0x74, 0xDD, 0xED, 0xED, 0x59, 0xB8, 0x94, 0x1E, 0x55, 0xD9, 0xE8, 0x84, 0x2E, 0x3B, 0x8F,
    0x24, 0x15, 0x15, 0x26, 0x9B, 0xFF, 0x83, 0x93, 0xA2, 0x9F, 0x92, 0xEC, 0x46, 0xFB, 0x36, 0xF0,
    0x07, 0x94, 0xB7, 0xF2, 0xD2, 0xB2, 0xD7, 0xA1, 0x59, 0x98, 0xF6, 0x76, 0xA1, 0x65, 0x77, 0x37,
    0x02, 0xFD, 0x9B, 0x07, 0xDC, 0x54, 0x02, 0xD4, 0xE9, 0xE7, 0xD2, 0xA4, 0xB9, 0x4A, 0x3B, 0x70,
    0xBB, 0xD7, 0x36, 0xFD, 0x8C, 0xA3, 0x82, 0x0A, 0x83, 0x76, 0x77, 0xC9, 0x25, 0x5D, 0x93, 0xDB,
    0xC6, 0x17, 0x82, 0x78, 0x62, 0x47, 0x6B, 0xD3, 0x8F, 0x13, 0x27, 0xA7, 0x22, 0x41, 0x70, 0x7A,
    0xD6, 0x19, 0xB7, 0x26, 0xE7, 0x5E, 0xE5, 0xBD, 0x1A, 0xE6, 0x66, 0xEA, 0xBB, 0x65, 0xD9, 0xDF,
    0xBA, 0x86, 0x5B, 0x31, 0x22, 0x32, 0xF7, 0x7A, 0x7A, 0xD3, 0xA0, 0xF2, 0x4C, 0xA3, 0x10, 0x04,
    0x7C, 0x2B, 0x68, 0xD8, 0x90, 0x87, 0xEC, 0x0A, 0x94, 0x91, 0x20, 0xAD, 0x3C, 0x99, 0x3C, 0x7D,
    0xB1, 0xB5, 0x4C, 0x0E, 0x62, 0xF5, 0x45, 0x86, 0x77, 0x47, 0xBA, 0x69, 0x05, 0xE5, 0x18, 0xD2,
    0xC2, 0x72, 0xE8, 0xC2, 0xF9, 0x2B, 0x7C, 0x7F, 0x86, 0x2E, 0xBD, 0x62, 0x54, 0x7B, 0xB2, 0xF4,
    0x5E, 0x37, 0xF5, 0x27, 0x38, 0x29, 0x1D, 0xAF, 0x62, 0xAE, 0xCA, 0x42, 0xB2, 0xEB, 0x50, 0xB5,
    0x96, 0x2C, 0xE4, 0x16, 0x39, 0x15, 0xCC, 0x6E, 0xC5, 0x5D, 0x4D, 0x06, 0xC5, 0xE7, 0x24, 0x24,
    0x83, 0x21, 0x2C, 0x2F, 0x0B, 0x99, 0x8D, 0x50, 0x39, 0x13, 0x2C, 0x9E, 0xE2, 0xE3, 0x08, 0x2A,
    0x97, 0x28, 0xD7, 0x16, 0xFB, 0xA5, 0xE5, 0xA4, 0x37, 0xF6, 0x1C, 0x6E, 0xFC, 0x8D, 0x1B, 0x1B,
    0x78, 0xE7, 0x81, 0x8C, 0xAE, 0x93, 0x1A, 0x4D, 0x01, 0x8B, 0xA5, 0x53, 0x2A, 0x9C, 0x72, 0x89,
    0x85, 0xA6, 0x18, 0xCC, 0xB7, 0x4D, 0x1F, 0x32, 0x05, 0x95, 0xC2, 0x3C, 0x45, 0xDE, 0x39, 0x14,
    0x7D, 0x09, 0x40, 0x0E, 0x52, 0x8A, 0xD3, 0xE6, 0x74, 0x75, 0x9C, 0x2C, 0x85, 0xBE, 0x3B, 0x04,
    0xAD, 0x6D, 0x8F, 0x42, 0x7B, 0x3A, 0xD8, 0x94, 0x71, 0x07, 0x30, 0x69, 0xA4, 0x5F, 0x62, 0xFA,
    0x66, 0x6A, 0x88, 0x0A, 0x0F, 0x95, 0x60, 0xB4, 0xD1, 0xCE, 0x45, 0xE5, 0x75, 0x1D, 0x46, 0x67,
    0x83, 0x85, 0xE5, 0x63, 0x32, 0xCB, 0x27, 0xE6, 0x40, 0xA2, 0x43, 0xAB, 0x0F, 0x87, 0x3C, 0x3E,
    0x1F, 0x4D, 0xAD, 0x35, 0x81, 0x84, 0x5C, 0x5C, 0x4D, 0xF2, 0xF3, 0x54, 0x7D, 0x59, 0x30, 0x67,
    0x32, 0xA9, 0x11, 0x14, 0xA7, 0x1B, 0x2F, 0xF2, 0x91, 0xCD, 0x8A, 0x52, 0x43, 0xCB, 0xA4, 0x63,
    0xB4, 0xD3, 0xA8, 0xA3, 0xE4, 0xE5, 0xE5, 0xDA, 0x53, 0x31, 0xC3, 0x03, 0x99, 0x4C, 0xBB, 0xA3,
    0xC9, 0x03, 0xC8, 0x19, 0x57, 0x90, 0x26, 0xE5, 0x31, 0x82, 0x2A, 0x85, 0xFA, 0x7A, 0x67, 0x8B,
    0x28, 0x4B, 0x3C, 0x59, 0xE3, 0xA5, 0x7B, 0xD6, 0x22, 0x1A, 0xBE, 0x41, 0x61, 0x66, 0x91, 0x0B,
    0xF7, 0xE0, 0x69, 0x61, 0xBD, 0x7C, 0x2F, 0x30, 0xFD, 0xFB, 0xBC, 0x14, 0xFE, 0x4E, 0x3E, 0x7D,
    0x03, 0x45, 0xF1, 0x2A, 0x34, 0x71, 0x98, 0x8C, 0xCE, 0x4E, 0xF3, 0xDF, 0x26, 0xD8, 0x19, 0x89,
    0x0B, 0x0F, 0x95, 0xFD, 0x93, 0x25, 0xE7, 0xB2, 0xE9, 0xFE, 0x69, 0x59, 0xF7, 0xDD, 0xFD, 0x67,
    0x7C, 0xE3, 0x68, 0x4B, 0x67, 0x09, 0xE3, 0x72, 0x19, 0x4A, 0xD5, 0x94, 0x5B, 0x81, 0xAF, 0xA3,
    0x5E, 0x86, 0x69, 0xA1, 0xE8, 0xC8, 0xFB, 0x9D, 0x84, 0x31, 0x68, 0x5C, 0x17, 0xF3, 0xA4, 0x73,
    0x52, 0xF6, 0x4D, 0xD7, 0xB2, 0xDD, 0x92, 0x5F, 0xA6, 0xB4, 0xA2, 0x0A, 0x95, 0xC2, 0x95, 0x2C,
    0x54, 0x66, 0x1C, 0xDA, 0x33, 0xE4, 0x62, 0x92, 0xC1, 0x43, 0xA6, 0xCC, 0x83, 0x1B, 0xCF, 0x9D,
    0xA0, 0xB4, 0xE3, 0x22, 0xA1, 0x60, 0xC1, 0x67, 0xE9, 0xB4, 0x8E, 0xF5, 0x76, 0x2F, 0x74, 0x90,
    0x6B, 0xFA, 0x88, 0xD5, 0x40, 0x4F, 0x87, 0xAC, 0xF7, 0x77, 0x38, 0x13, 0x50, 0xDD, 0xDD, 0xD1,
    0x28, 0xAA, 0x50, 0xD0, 0x7C, 0xB9, 0x77, 0xCC, 0x46, 0xF5, 0xF6, 0x38, 0xA3, 0xA8, 0x3D, 0xF8,
    0x3C, 0xA3, 0x44, 0x09, 0xF1, 0x1F, 0x9D, 0x57, 0xC1, 0x6B, 0xDB, 0x56, 0x18, 0xFF, 0x49, 0x72,
    0x2C, 0x47, 0xB2, 0x2D, 0x0F, 0x5C, 0x16, 0x52, 0x25, 0xED, 0xA1, 0x8C, 0x30, 0xD4, 0xC4, 0x1D,
    0x1A, 0x28, 0x6D, 0x21, 0x2F, 0x3D, 0xEF, 0xE0, 0xEE, 0x50, 0x76, 0x18, 0x25, 0x87, 0x9D, 0xCA,
    0xBA, 0x79, 0x60, 0xD8, 0x0E, 0x63, 0x55, 0xB7, 0x7F, 0xC0, 0x97, 0x75, 0x87, 0x5D, 0x0C, 0x1D,
    0x94, 0x25, 0x94, 0xAA, 0x90, 0xAC, 0xA5, 0x2C, 0xF5, 0x0B, 0x83, 0x9D, 0xD5, 0xC1, 0x2E, 0x63,
    0x03, 0x1D, 0xBA, 0x4B, 0x61, 0xE0, 0x83, 0x21, 0x1D, 0x1D, 0xF1, 0x7E, 0x4F, 0xB2, 0x93, 0xA6,
    0xB5, 0x57, 0x67, 0x7A, 0xDF, 0x27, 0xC9, 0x7A, 0xFA, 0x3E, 0xBD, 0xF7, 0xBD, 0xDF, 0xF7, 0xFB,
    0x9E, 0x01, 0x0D, 0xDA, 0x43, 0x1B, 0xF6, 0x8D, 0xBF, 0xE0, 0xA2, 0x89, 0x00, 0x3E, 0xDB, 0x02,
    0xD5, 0x4B, 0xAF, 0x01, 0x9B, 0x87, 0x06, 0x9C, 0xD5, 0x04, 0x7A, 0x5F, 0x60, 0xFF, 0x48, 0xEC,
    0xBF, 0xA5, 0xE7, 0xC0, 0x37, 0x51, 0x33, 0x94, 0xF0, 0xC6, 0x2B, 0xC3, 0x7E, 0x9A, 0xF5, 0xE6,
    0xEA, 0xFA, 0xFB, 0x6D, 0xFD, 0x7E, 0x5B, 0x8F, 0xDB, 0x7A, 0x78, 0x20, 0x46, 0xD8, 0x30, 0x44,
    0x60, 0xC3, 0xF9, 0x67, 0xDF, 0x4F, 0x9C, 0xCC, 0xC9, 0x64, 0x1E, 0x89, 0x3B, 0x14, 0x0F, 0xD1,
    0x79, 0xAC, 0xFC, 0x3E, 0xE8, 0x5E, 0x55, 0x9F, 0xBC, 0xA5, 0xEE, 0xCE, 0x67, 0x0F, 0xAE, 0xB4,
    0xF2, 0xEB, 0xAD, 0xAD, 0x6D, 0xED, 0x52, 0x1C, 0x99, 0x42, 0x97, 0x91, 0x11, 0x9A, 0x88, 0x34,
    0x59, 0x56, 0x27, 0x4F, 0x9D, 0x1A, 0x88, 0x74, 0x99, 0x20, 0x32, 0x2F, 0x48, 0x44, 0x1F, 0x99,
    0x02, 0x9D, 0xC7, 0x76, 0xBF, 0x0B, 0x68, 0x1A, 0x6D, 0xB5, 0x3F, 0xB0, 0xB5, 0xCD, 0x69, 0xD2,
    0x16, 0x88, 0x8C, 0xAF, 0xFA, 0x82, 0x16, 0xB6, 0x32, 0x2B, 0xAA, 0x53, 0xA0, 0x6C, 0x23, 0xF6,
    0xAE, 0x2A, 0x5B, 0x43, 0xD9, 0x9A, 0x9C, 0xB4, 0x96, 0xCB, 0xC1, 0x34, 0x3E, 0x83, 0x89, 0x84,
    0x0A, 0xE7, 0x99, 0xB3, 0xC7, 0xA9, 0xBB, 0xBE, 0x0D, 0xBF, 0xC6, 0xAF, 0xD7, 0x4C, 0x4D, 0xFA,
    0xB6, 0x21, 0x3C, 0x87, 0x01, 0xD8, 0x75, 0xF6, 0xD4, 0x30, 0xD7, 0xD0, 0x8A, 0x90, 0x8C, 0x93,
    0x4E, 0x2F, 0x61, 0x04, 0x91, 0x97, 0x70, 0x44, 0xFA, 0x72, 0x1C, 0x41, 0x44, 0x1C, 0x91, 0xBA,
    0x79, 0x51, 0x3A, 0xBD, 0x98, 0x61, 0x52, 0x62, 0x49, 0x58, 0x42, 0xA0, 0x1D, 0xB7, 0x45, 0x5B,
    0x9D, 0x0F, 0x35, 0xF6, 0xC7, 0x96, 0xB4, 0xC4, 0x1A, 0xC2, 0xF0, 0x47, 0x4D, 0xCA, 0xDB, 0xD4,
    0x5B, 0xD4, 0x9B, 0xD7, 0xA5, 0x6C, 0x3F, 0xA2, 0xDE, 0xA5, 0x2E, 0x53, 0xCB, 0x54, 0x9B, 0x6A,
    0x48, 0xC9, 0xA8, 0x50, 0x5F, 0xA7, 0x2E, 0x22, 0x1B, 0xF5, 0x75, 0x49, 0xDB, 0x90, 0xB6, 0xB8,
    0xA5, 0xED, 0xD0, 0x76, 0x87, 0xB6, 0xD4, 0xBB, 0xD4, 0x65, 0x6A, 0x99, 0x6A, 0x53, 0x8D, 0x9D,
    0x81, 0xAD, 0xD2, 0xE3, 0x21, 0x30, 0x9D, 0xAD, 0x8E, 0xCB, 0xA5, 0xE7, 0xE5, 0x4E, 0xCF, 0xDD,
    0xF4, 0xDC, 0xC8, 0x75, 0xDB, 0x87, 0x25, 0x7D, 0xC1, 0x85, 0x76, 0x1F, 0x5A, 0x8B, 0x31, 0x65,
    0x48, 0x19, 0x05, 0x75, 0xB4, 0xA0, 0x75, 0xA1, 0x6F, 0xC2, 0x58, 0x80, 0xE9, 0xA2, 0x54, 0xC2,
    0xFC, 0x1D, 0x2C, 0x6E, 0xC0, 0x27, 0x60, 0x34, 0x2E, 0x66, 0x9C, 0xAB, 0x5A, 0x0D, 0x9D, 0x9F,
    0x72, 0x7A, 0x39, 0x17, 0xC5, 0xFC, 0x3F, 0xCB, 0xC5, 0x46, 0xD1, 0xF7, 0x96, 0x88, 0x12, 0x21,
    0x3E, 0x15, 0x73, 0x0A, 0x17, 0x3C, 0x17, 0x5F, 0x68, 0xD7, 0x44, 0x5D, 0x9C, 0x0D, 0x1D, 0xF6,
    0x5A, 0x2F, 0x34, 0x6D, 0x15, 0xF8, 0x0D, 0xC4, 0x36, 0x0F, 0xED, 0x21, 0xD1, 0x1F, 0xBB, 0x68,
    0x10, 0xEB, 0x84, 0x3C, 0x91, 0xCF, 0x33, 0xEF, 0x09, 0x7B, 0xA2, 0x3E, 0x03, 0xBD, 0x02, 0x40,
    0x13, 0x5A, 0xAC, 0xDE, 0x27, 0xC6, 0x89, 0xF4, 0x91, 0xC0, 0x7F, 0xFE, 0xB5, 0xBA, 0x2E, 0x0E,
    0x61, 0x7F, 0x54, 0x06, 0x54, 0x2A, 0xA5, 0xD8, 0x64, 0xF4, 0x12, 0xF7, 0xA0, 0x45, 0xE7, 0x07,
    0xE0, 0xCF, 0x5C, 0x5A, 0xC1, 0xA4, 0xCE, 0x66, 0x5B, 0xB3, 0xAD, 0x5C, 0xC5, 0x6D, 0x8F, 0x74,
    0x77, 0x0A, 0x60, 0x87, 0x38, 0x82, 0x3B, 0x95, 0x9B, 0x86, 0x18, 0xE7, 0x70, 0x7A, 0x06, 0x46,
    0xF7, 0xA8, 0x0E, 0xDD, 0xB6, 0x19, 0x8E, 0x73, 0x98, 0x07, 0xF4, 0xF0, 0xA8, 0x0E, 0x4B, 0x4C,
    0xC7, 0x5C, 0x7D, 0xCC, 0x94, 0xB1, 0xD4, 0xAD, 0x78, 0x28, 0x1D, 0xBB, 0xBC, 0xB2, 0x57, 0x2B,
    0x05, 0x9E, 0xD3, 0x4D, 0x4D, 0xCC, 0xD4, 0x94, 0x20, 0x9B, 0x04, 0x76, 0x56, 0xDB, 0x6A, 0xE7,
    0x2A, 0xA5, 0xDA, 0x28, 0xE0, 0xED, 0xFB, 0x52, 0xB9, 0x29, 0x26, 0xF3, 0xA5, 0x85, 0x5A, 0x38,
    0xC6, 0x17, 0x1F, 0x0F, 0xB8, 0xD3, 0x5A, 0x0F, 0xB1, 0xF8, 0xA7, 0xC0, 0xDB, 0xC4, 0xFB, 0x27,
    0xD4, 0x47, 0x31, 0xB4, 0x9D, 0xBE, 0x34, 0x9E, 0x48, 0x98, 0x1B, 0x12, 0x65, 0xA6, 0x9C, 0x4B,
    0x88, 0x05, 0x5A, 0x3F, 0xC5, 0x19, 0x3A, 0x61, 0x7A, 0x39, 0xB1, 0xCB, 0xD1, 0x2C, 0xDA, 0x8C,
    0xB2, 0x09, 0xAB, 0xDF, 0xC7, 0x32, 0xB3, 0xA2, 0x41, 0xF5, 0x57, 0x34, 0x2C, 0xFD, 0xB2, 0x87,
    0xC1, 0xBB, 0xE6, 0xD7, 0x2D, 0x3E, 0x5C, 0xE0, 0x73, 0x8A, 0x9D, 0xF8, 0x53, 0x51, 0x30, 0xB5,
    0xE9, 0xE5, 0x7B, 0x8E, 0x88, 0xF4, 0x7E, 0x32, 0x18, 0xC9, 0x2E, 0x14, 0xB5, 0xDB, 0x20, 0xBB,
    0x51, 0x18, 0xF0, 0xF9, 0x8F, 0x91, 0xFF, 0x06, 0xD8, 0x10, 0xB8, 0x23, 0x16, 0x6F, 0x23, 0xDF,
    0x4A, 0x99, 0x79, 0x63, 0xC8, 0xCA, 0x43, 0xB7, 0x5E, 0xE6, 0xD6, 0x6A, 0xFB, 0xF9, 0x2E, 0xB9,
    0x94, 0x7C, 0xBC, 0xEF, 0x36, 0x97, 0x33, 0x9B, 0x3A, 0x07, 0x6C, 0xEF, 0x7A, 0x8E, 0x6F, 0xD7,
    0xCC, 0x9A, 0xE9, 0x9B, 0x9E, 0x63, 0x3F, 0xE3, 0x0A, 0xDA, 0x8B, 0xDB, 0xF9, 0x56, 0xAE, 0x0A,
    0x2B, 0x82, 0x21, 0x53, 0x1A, 0xB2, 0x52, 0xDB, 0x06, 0xEE, 0x4A, 0xDC, 0x23, 0x09, 0x0B, 0xFC,
    0x40, 0x3E, 0x26, 0xA7, 0xFB, 0x88, 0x5C, 0x44, 0x36, 0xEA, 0x02, 0x67, 0x43, 0x38, 0x29, 0xD9,
    0x58, 0xFB, 0xC2, 0x79, 0xBB, 0xB0, 0x9A, 0xB0, 0x12, 0xD8, 0x11, 0x2C, 0x0F, 0x56, 0x19, 0x96,
    0x11, 0xBE, 0x3A, 0xBF, 0x99, 0x1C, 0xB5, 0x94, 0x0C, 0x72, 0xFF, 0x99, 0xDF, 0x12, 0x5C, 0x3D,
    0x6D, 0x10, 0x23, 0x68, 0xFD, 0xC9, 0xC8, 0x63, 0x21, 0x75, 0xBE, 0x7C, 0xE0, 0x7C, 0xC2, 0x4F,
    0x90, 0xF2, 0x22, 0x15, 0x8E, 0x37, 0xBF, 0x3F, 0x76, 0x15, 0x4D, 0x2D, 0x36, 0x85, 0xDD, 0xC3,
    0x3C, 0x58, 0xAA, 0xEB, 0x73, 0xD7, 0x7A, 0x8A, 0x3B, 0xE6, 0x62, 0x55, 0xC5, 0x3A, 0x4F, 0x41,
    0x80, 0x19, 0xA2, 0xAC, 0xE6, 0x1D, 0x90, 0x5D, 0x5D, 0x04, 0x4F, 0xBA, 0xB3, 0x63, 0xA9, 0xCF,
    0x42, 0x19, 0x57, 0xF1, 0xC1, 0xFF, 0x2D, 0xA4, 0x57, 0xB8, 0xF4, 0xAA, 0x86, 0xE2, 0xA8, 0x35,
    0x54, 0xE5, 0xCB, 0x81, 0x4E, 0x52, 0x43, 0x95, 0x4D, 0x19, 0x98, 0x99, 0x14, 0x62, 0xA8, 0x72,
    0xA3, 0x22, 0xC7, 0x43, 0x6C, 0x6D, 0x1A, 0x51, 0x39, 0x13, 0x8B, 0xD2, 0xD9, 0xB3, 0xB2, 0x9B,
    0xC8, 0xB2, 0x22, 0xBB, 0x1C, 0x19, 0x2A, 0x9B, 0xDF, 0xED, 0x61, 0xFB, 0x32, 0x36, 0x39, 0xA2,
    0x4C, 0x38, 0xAF, 0x52, 0xFA, 0x95, 0x08, 0xF7, 0x24, 0xB6, 0x55, 0x89, 0x1E, 0x48, 0x3D, 0x1D,
    0x9F, 0x2A, 0x4A, 0xED, 0xAC, 0x74, 0xAA, 0xAA, 0xCB, 0xC2, 0xC9, 0x9A, 0xCB, 0x92, 0xCB, 0x8A,
    0xCB, 0x82, 0xCB, 0x7A, 0xCB, 0x72, 0xCB, 0x6A, 0xCB, 0x62, 0x9B, 0xE3, 0xD2, 0xE9, 0x42, 0xD5,
    0xC6, 0x4D, 0x2F, 0x62, 0x31, 0x1C, 0x36, 0x8E, 0x5A, 0xCD, 0x48, 0x28, 0xFA, 0x30, 0xAA, 0xD0,
    0xA3, 0xF4, 0xA6, 0x09, 0x83, 0x58, 0x2E, 0xA1, 0x64, 0x61, 0xA9, 0x7F, 0x40, 0x22, 0xA8, 0xB0,
    0x60, 0x0A, 0xA3, 0x9D, 0xAF, 0xA9, 0x5C, 0x1A, 0x45, 0x24, 0x55, 0xA4, 0xA3, 0x83, 0x3C, 0x3A,
    0x99, 0x68, 0x22, 0x5B, 0x9E, 0x22, 0x26, 0x27, 0x94, 0x29, 0x45, 0xC2, 0x2A, 0x81, 0x54, 0x2A,
    0x34, 0xEC, 0x1B, 0x89, 0xAB, 0x77, 0x03, 0x33, 0xF0, 0x4B, 0x0B, 0x7E, 0xE0, 0xF9, 0x8D, 0x85,
    0x40, 0x06, 0x4B, 0x42, 0xA5, 0xC2, 0x7C, 0xB6, 0x79, 0xE4, 0xF0, 0x1A, 0x83, 0xC1, 0xD9, 0x7B,
    0xF0, 0xE6, 0xE1, 0x9F, 0x43, 0xED, 0x26, 0xCE, 0xFC, 0x84, 0x73, 0x26, 0x16, 0xCB, 0x58, 0xCA,
    0xEA, 0x68, 0x1D, 0xA5, 0x06, 0x8C, 0x99, 0x89, 0x48, 0xBA, 0x22, 0xBC, 0x78, 0x7A, 0x1C, 0x45,
    0x1B, 0x3D, 0x4C, 0x15, 0x27, 0x72, 0xC3, 0xB9, 0x77, 0x8B, 0xD5, 0x51, 0x6E, 0x2E, 0xE2, 0x2D,
    0x39, 0x43, 0xD8, 0x5F, 0xF9, 0x6E, 0xAB, 0x4E, 0x60, 0xB3, 0x75, 0xBA, 0xD9, 0x95, 0x77, 0xBD,
    0x8A, 0x70, 0x93, 0xE9, 0x93, 0x9C, 0x4E, 0xCF, 0x9B, 0xF3, 0xCB, 0x2B, 0x7B, 0x6A, 0xFF, 0x7C,
    0x1A, 0x76, 0x5A, 0x1A, 0x9C, 0xF8, 0xD4, 0xC9, 0x71, 0x76, 0xC3, 0xEF, 0xBD, 0x6C, 0x37, 0xFC,
    0xDE, 0x6C, 0xCB, 0x14, 0x06, 0x0E, 0xB7, 0x13, 0xF1, 0x6B, 0x22, 0x90, 0x85, 0x35, 0x55, 0x2D,
    0x0F, 0x37, 0x60, 0x45, 0xB4, 0xC2, 0x71, 0x1B, 0x21, 0x56, 0xC3, 0x70, 0x2D, 0x1C, 0xB1, 0x11,
    0xAA, 0xC2, 0x78, 0x07, 0xF8, 0x79, 0xD2, 0x8D, 0x50, 0x55, 0xA0, 0x18, 0x21, 0x7F, 0xEA, 0x15,
    0x1B, 0x21, 0x75, 0x3C, 0x84, 0xF6, 0xE5, 0xA4, 0x6E, 0xB3, 0x95, 0x9A, 0x2E, 0xBC, 0xC2, 0xED,
    0xC5, 0x14, 0xC8, 0x85, 0x7A, 0xF6, 0x47, 0x00, 0x5B, 0xF7, 0xD3, 0x7A, 0x50, 0x52, 0xE7, 0x07,
    0x9B, 0x78, 0x10, 0xAB, 0x34, 0x8D, 0x82, 0xF4, 0xA1, 0xC3, 0x30, 0x9E, 0x49, 0xC3, 0xF8, 0x46,
    0x77, 0x91, 0xAC, 0xB1, 0xB0, 0xDF, 0xD2, 0x75, 0xC1, 0xA9, 0xDA, 0x44, 0x4E, 0x86, 0x51, 0xFD,
    0x56, 0xF2, 0x35, 0x66, 0xFA, 0xB0, 0x31, 0x0E, 0xEE, 0x30, 0x0E, 0x93, 0xEC, 0x55, 0x2E, 0x72,
    0xE0, 0x85, 0xD6, 0x98, 0x9D, 0x1E, 0x77, 0x52, 0x85, 0xC2, 0xE4, 0xBB, 0x9E, 0x0C, 0x55, 0x2F,
    0x7B, 0x32, 0x9F, 0x9E, 0x7E, 0x6F, 0x80, 0xA2, 0x04, 0x9F, 0x33, 0x2F, 0x4B, 0x15, 0x77, 0xA5,
    0xA7, 0x90, 0x62, 0x20, 0xDB, 0x0F, 0xD5, 0xD8, 0x7B, 0x42, 0x30, 0x0F, 0xFC, 0x8A, 0xBF, 0x42,
    0xCA, 0x34, 0x84, 0xEA, 0x59, 0x5F, 0xC7, 0xA5, 0x5F, 0x15, 0x93, 0x8D, 0x13, 0xA4, 0xFB, 0x7C,
    0x3D, 0x5D, 0xA8, 0x02, 0x23, 0xD8, 0x91, 0x07, 0xD1, 0xF4, 0xE0, 0x48, 0x45, 0x1B, 0x2C, 0xC0,
    0x38, 0xFE, 0x78, 0xF9, 0x43, 0x32, 0x76, 0x09, 0x9E, 0xD9, 0x9B, 0x9A, 0xE3, 0x23, 0x9B, 0xBF,
    0x3C, 0xBD, 0xC7, 0x7D, 0xB8, 0x0A, 0x64, 0x52, 0x51, 0xA3, 0x6B, 0xD8, 0x71, 0xA1, 0x99, 0x9A,
    0x36, 0xF5, 0xE4, 0x0B, 0xF6, 0x3C, 0xBF, 0x69, 0x5E, 0xD3, 0x48, 0xE6, 0xE1, 0x40, 0x8C, 0xB0,
    0xD3, 0x0F, 0x0F, 0x7E, 0xA6, 0x52, 0x19, 0x59, 0xF9, 0x3B, 0xC2, 0xBE, 0x20, 0x6D, 0x4D, 0x5A,
    0x87, 0xE5, 0x5F, 0x8D, 0x56, 0x5D, 0x6C, 0xDC, 0x58, 0x15, 0xFE, 0x3C, 0x4E, 0xEA, 0x24, 0x1E,
    0x8F, 0x07, 0x69, 0x22, 0x75, 0xB7, 0xD3, 0x66, 0xA8, 0x02, 0x72, 0x83, 0x93, 0x18, 0xD5, 0x0B,
    0xEE, 0x76, 0x92, 0x71, 0x17, 0xF1, 0x8A, 0x06, 0xD8, 0x7D, 0x5A, 0x7E, 0xA2, 0x2A, 0xAA, 0xB6,
    0x45, 0xAC, 0x2C, 0xE8, 0x43, 0x56, 0xB4, 0x8D, 0xA1, 0x4F, 0x7D, 0x1B, 0xA9, 0x12, 0x3C, 0x80,
    0xB4, 0x56, 0x68, 0xD5, 0x42, 0x55, 0x6A, 0x89, 0x41, 0x94, 0x6A, 0xB3, 0x63, 0xB1, 0x0F, 0xBC,
    0x54, 0xC2, 0x3C, 0xF0, 0x02, 0x95, 0xB0, 0x50, 0x91, 0xD0, 0xC2, 0xC3, 0x48, 0x8C, 0x94, 0x88,
    0xA4, 0x19, 0xBE, 0x7B, 0x3D, 0x13, 0xF2, 0xB7, 0xB0, 0xF7, 0x9C, 0xF1, 0xDC, 0x7B, 0xEE, 0xFF,
    0x39, 0xDF, 0x39, 0xE7, 0x02, 0x7F, 0xE9, 0xF6, 0xBC, 0xCC, 0xCA, 0xDA, 0x3B, 0x61, 0x86, 0xB8,
    0xDC, 0x48, 0x21, 0x8A, 0xB9, 0x01, 0xDB, 0x84, 0xAB, 0xC3, 0xD1, 0x04, 0xB3, 0xC2, 0xA6, 0xBE,
    0x91, 0xC8, 0x4E, 0xFC, 0x7A, 0x1B, 0x0B, 0x3A, 0x2C, 0xD5, 0xCF, 0xD9, 0x56, 0x31, 0xAB, 0x63,
    0x66, 0x5B, 0x74, 0x55, 0xB0, 0x82, 0x88, 0xF4, 0xA8, 0xDB, 0xB6, 0xA3, 0x62, 0x64, 0x44, 0x46,
    0x5C, 0x6C, 0xDB, 0xEF, 0x76, 0x45, 0xDF, 0x6A, 0x82, 0x18, 0x0E, 0x5C, 0x92, 0x83, 0x6C, 0x35,
    0x14, 0x32, 0x7D, 0xF3, 0x24, 0x3C, 0x0A, 0x5E, 0x69, 0x37, 0xBE, 0x36, 0x6B, 0x9C, 0xDF, 0xAC,
    0x01, 0x0A, 0xA0, 0x0D, 0x58, 0xDF, 0x3A, 0xEA, 0x18, 0x5B, 0xC3, 0x01, 0x6A, 0x0B, 0x4A, 0x0B,
    0xF0, 0xA1, 0xA6, 0xB9, 0xC4, 0x3C, 0x72, 0xFC, 0x46, 0x7E, 0x6A, 0xB3, 0xEB, 0x55, 0x1D, 0xA3,
    0xB1, 0x83, 0x12, 0x8C, 0xB2, 0x3D, 0x2F, 0x8F, 0x34, 0xDF, 0x2D, 0xDB, 0x30, 0x26, 0xBF, 0xD1,
    0xD8, 0x71, 0x0C, 0xCF, 0x36, 0xA5, 0x8C, 0x42, 0x50, 0x8A, 0x52, 0xA8, 0x74, 0xD2, 0xC5, 0x2F,
    0xDD, 0x70, 0x8D, 0x8A, 0x57, 0x85, 0xD9, 0xCB, 0x57, 0x99, 0xEA, 0x89, 0xF3, 0x4F, 0x85, 0xB3,
    0x7E, 0x00, 0x77, 0x64, 0x6A, 0x53, 0xC8, 0x1A, 0x59, 0x99, 0x42, 0x3D, 0x1D, 0x8D, 0x61, 0xC1,
    0x5B, 0xCD, 0x90, 0x0B, 0x51, 0x6E, 0x00, 0x9F, 0xF7, 0xF5, 0x3F, 0xF4, 0xD8, 0xC1, 0x1E, 0x5E,
    0x74, 0xD0, 0xC7, 0x7B, 0xBF, 0xC0, 0x2C, 0x0F, 0xC8, 0x63, 0xAE, 0xC3, 0xF9, 0x26, 0x5C, 0xD5,
    0x67, 0x93, 0x42, 0x59, 0x26, 0x24, 0xCD, 0x87, 0xA5, 0x41, 0x6D, 0x82, 0x47, 0xFE, 0x36, 0x96,
    0x21, 0xAF, 0xDA, 0xFA, 0xFF, 0xAA, 0x99, 0xC0, 0xCC, 0x7B, 0x38, 0xD6, 0x12, 0xDB, 0x6C, 0xD8,
    0xA6, 0xAB, 0x3B, 0x9A, 0xA3, 0xB9, 0x9A, 0x6D, 0xB2, 0x9B, 0x13, 0xE7, 0xD6, 0x45, 0x97, 0xBE,
    0x3D, 0x3B, 0x42, 0x3B, 0x4C, 0x3A, 0x6F, 0xBB, 0x25, 0xBB, 0x94, 0xEF, 0x9C, 0x19, 0x41, 0xD5,
    0x75, 0xAB, 0x81, 0x11, 0xE9, 0x89, 0x1A, 0x6A, 0xC9, 0x44, 0x6A, 0xB4, 0x4A, 0x69, 0xC1, 0x67,
    0x57, 0x5D, 0x0B, 0x4B, 0x06, 0xD4, 0xB7, 0xA0, 0x50, 0x47, 0x5D, 0xA8, 0x6D, 0xA8, 0xCB, 0x28,
    0xE4, 0xFA, 0x42, 0x56, 0xDD, 0x25, 0x3B, 0xAE, 0x37, 0x9E, 0xA1, 0x2A, 0x69, 0x64, 0x08, 0x86,
    0x07, 0xBD, 0xB6, 0x1D, 0x57, 0xA3, 0x5D, 0xFA, 0x28, 0xB9, 0x9C, 0x75, 0x0D, 0x4B, 0xB0, 0x2A,
    0xB0, 0x2C, 0xEB, 0x7D, 0x8F, 0x1F, 0x64, 0xB2, 0x44, 0x8B, 0x02, 0x40, 0x83, 0x85, 0x73, 0x5A,
    0xC5, 0x08, 0xF5, 0x92, 0xD3, 0x5C, 0xF9, 0xDD, 0xA4, 0xB4, 0xDB, 0x52, 0xA0, 0x86, 0x82, 0x4E,
    0x84, 0xE7, 0xC3, 0xF3, 0xD9, 0x89, 0x2C, 0x6F, 0xA9, 0xA1, 0x1F, 0xED, 0x2D, 0xEF, 0xBC, 0xC4,
    0x8B, 0x45, 0x43, 0xEE, 0xF4, 0x11, 0x19, 0x88, 0x3C, 0x44, 0x19, 0xD6, 0x52, 0xAC, 0xAD, 0x23,
    0xD2, 0x11, 0xA9, 0x54, 0xB8, 0x4F, 0xA5, 0x9D, 0x7A, 0x98, 0xEB, 0x13, 0x99, 0xA5, 0xEF, 0x63,
    0x4F, 0x8F, 0xAF, 0x4D, 0x35, 0x7E, 0x3F, 0x80, 0xD8, 0x47, 0xF4, 0xD2, 0x2A, 0xFA, 0x90, 0x47,
    0x39, 0xEC, 0xD1, 0xBF, 0xB6, 0xDB, 0x0B, 0xA5, 0xC8, 0xD6, 0x23, 0x6B, 0x1F, 0x0F, 0xC7, 0xCC,
    0x49, 0xB4, 0x60, 0xA2, 0xEF, 0xEB, 0xAF, 0x25, 0xBA, 0x92, 0x4C, 0x1C, 0x60, 0x62, 0x13, 0x04,
    0x04, 0xA6, 0xE5, 0xA6, 0x8F, 0x7A, 0x68, 0xDB, 0x88, 0xAB, 0x88, 0xF6, 0x33, 0x55, 0x84, 0x22,
    0x87, 0xFA, 0x10, 0x16, 0x8C, 0x8B, 0xEF, 0x15, 0x7F, 0x51, 0xBC, 0x57, 0x5C, 0x7B, 0x1A, 0x3D,
    0x8B, 0xAE, 0x45, 0x75, 0xE9, 0x7B, 0xB0, 0x4B, 0x02, 0x83, 0x8B, 0x0F, 0x70, 0xEE, 0x4D, 0x51,
    0x61, 0x53, 0xDF, 0xC4, 0x10, 0xA2, 0x5B, 0x7D, 0x81, 0x29, 0x21, 0x87, 0xA3, 0x7E, 0xC8, 0xDF,
    0x1B, 0xB2, 0x2E, 0x64, 0xA2, 0x6F, 0x50, 0xD4, 0x3E, 0x71, 0xDA, 0xF5, 0xE0, 0xB9, 0xD3, 0xB6,
    0xE3, 0x55, 0x5D, 0xCF, 0xF6, 0xEA, 0x9E, 0xF9, 0x67, 0x09, 0xF4, 0x32, 0x67, 0x4A, 0x0E, 0xA0,
    0xF5, 0xFD, 0x93, 0x9F, 0x4D, 0x5D, 0x27, 0x76, 0x9C, 0x80, 0xCC, 0x0A, 0x9B, 0x14, 0xB2, 0x6B,
    0x30, 0x86, 0xAE, 0x0F, 0x25, 0x19, 0x52, 0x21, 0xD1, 0x92, 0xDF, 0x88, 0x78, 0xE3, 0xFF, 0x57,
    0x76, 0xA0, 0xE7, 0xD0, 0x68, 0x51, 0xC3, 0x73, 0xE1, 0x28, 0x3F, 0x4E, 0x1E, 0x33, 0xD6, 0x44,
    0x07, 0xA8, 0x89, 0xA3, 0x7B, 0xDE, 0xC1, 0x4B, 0x04, 0x57, 0x94, 0x23, 0x0D, 0xEB, 0xBA, 0x36,
    0x2C, 0x05, 0xE2, 0x22, 0x8B, 0xBC, 0xC8, 0xBA, 0x7B, 0xB5, 0x93, 0x46, 0x69, 0x14, 0x44, 0x8C,
    0x0B, 0x91, 0xCD, 0xFF, 0xB4, 0x93, 0xDE, 0xBD, 0x1A, 0x59, 0x91, 0xD7, 0xC9, 0x44, 0xC0, 0x10,
    0x51, 0x6D, 0xCA, 0xA7, 0x6F, 0xB8, 0x65, 0xB7, 0x91, 0xC9, 0x16, 0x14, 0x5F, 0x0B, 0x27, 0x70,
    0x14, 0x09, 0x6F, 0x9E, 0x3E, 0xD0, 0x7F, 0xD0, 0xDB, 0x85, 0x6D, 0xEB, 0x28, 0x1D, 0x9A, 0xAB,
    0x85, 0x4A, 0x88, 0xA6, 0x92, 0x15, 0xC2, 0xC3, 0xD4, 0xC8, 0x7E, 0x1A, 0x7E, 0xCF, 0xE7, 0x5D,
    0xB0, 0x4E, 0x18, 0x69, 0xBB, 0xD4, 0x49, 0x34, 0x14, 0x30, 0x46, 0x50, 0x75, 0x12, 0x0B, 0xFB,
    0xC9, 0xC6, 0xA9, 0xF0, 0x98, 0x08, 0xC5, 0x9E, 0x36, 0xE0, 0x4E, 0x3F, 0xC9, 0x2B, 0x34, 0xB4,
    0x39, 0x00, 0x36, 0x3A, 0x8D, 0xD0, 0x60, 0xA4, 0xD6, 0x19, 0xA9, 0x08, 0x04, 0x7F, 0x3F, 0x56,
    0xB2, 0xDE, 0xD0, 0xFF, 0x23, 0x2F, 0x88, 0xE7, 0xA5, 0x6D, 0xD4, 0x44, 0x4F, 0x8C, 0xAC, 0x1A,
    0x58, 0xAE, 0x6B, 0x05, 0xD5, 0xCC, 0x10, 0x80, 0x42, 0x66, 0xBE, 0xD6, 0x3D, 0x75, 0x33, 0xB0,
    0x3E, 0x70, 0xDD, 0x3F, 0x59, 0xCE, 0xC3, 0x6A, 0x70, 0xAD, 0x18, 0xD5, 0x45, 0x17, 0x0D, 0xD0,
    0x53, 0x12, 0xE1, 0xA3, 0x9C, 0x95, 0x72, 0x96, 0x33, 0x9C, 0x15, 0xDB, 0x2E, 0x2B, 0x66, 0xA2,
    0xFA, 0x2A, 0x04, 0x89, 0xC8, 0xDA, 0x13, 0x80, 0x42, 0x4A, 0x2F, 0x17, 0xDE, 0x42, 0x98, 0xBB,
    0x34, 0x5F, 0x4F, 0xFE, 0x79, 0xD2, 0x7B, 0x8E, 0xE5, 0xA3, 0x02, 0xA4, 0x5C, 0xB0, 0x52, 0xED,
    0xBC, 0xF2, 0xBB, 0xD5, 0x17, 0x5A, 0x7E, 0x8F, 0x4D, 0x04, 0xDC, 0xC8, 0xA7, 0x62, 0x33, 0x0E,
    0x16, 0x71, 0xC4, 0xFB, 0xB0, 0xFB, 0xB2, 0x08, 0x71, 0xF3, 0x3B, 0x72, 0xAD, 0xE1, 0xCA, 0x85,
    0xC7, 0xC2, 0xCD, 0x46, 0x35, 0x34, 0xB6, 0x10, 0xCC, 0x61, 0xB1, 0xE3, 0x33, 0x02, 0x4C, 0xE2,
    0x49, 0x4A, 0xF8, 0x04, 0x88, 0x95, 0x54, 0xF7, 0x0D, 0xFA, 0x57, 0x4E, 0xA3, 0xFE, 0x62, 0x37,
    0x90, 0x1D, 0x1E, 0x4C, 0x7F, 0x18, 0x6F, 0xD4, 0x70, 0x64, 0x77, 0x84, 0x41, 0xCB, 0x21, 0xE3,
    0x80, 0xC0, 0x8F, 0x57, 0xA5, 0x86, 0xB4, 0x41, 0xEA, 0x73, 0x24, 0x89, 0xAC, 0x62, 0xC3, 0xBC,
    0xAF, 0xB4, 0x94, 0xF7, 0xA1, 0xFF, 0x30, 0xAD, 0x22, 0x10, 0x3E, 0x05, 0xCB, 0xAD, 0xDB, 0xEE,
    0xB4, 0xC5, 0xBA, 0x8D, 0xC0, 0xBC, 0x90, 0x15, 0xFA, 0x7E, 0x7E, 0x91, 0xAE, 0xC0, 0xE5, 0x93,
    0xEC, 0xEE, 0x0A, 0x23, 0xA7, 0x2D, 0x50, 0x08, 0x26, 0x23, 0x57, 0xFA, 0xB3, 0x79, 0x13, 0x0B,
    0x5F, 0x40, 0xA0, 0x89, 0x66, 0x9E, 0xA1, 0x08, 0x36, 0xE8, 0x21, 0xC6, 0xC1, 0x73, 0x88, 0xD4,
    0x33, 0x22, 0x74, 0xE5, 0x4C, 0xC2, 0x79, 0x5B, 0x8C, 0x11, 0xA6, 0x1C, 0xA4, 0x1E, 0x91, 0xB1,
    0x23, 0xE3, 0xC9, 0xC3, 0x5F, 0x7D, 0x3D, 0xAF, 0x01, 0x85, 0x90, 0x73, 0x71, 0x18, 0x6A, 0xDF,
    0x1D, 0x40, 0x2D, 0xB0, 0x6C, 0xAB, 0x64, 0xA9, 0x8F, 0x0B, 0x7F, 0xD7, 0xDE, 0x3A, 0x69, 0xB9,
    0x43, 0x5C, 0x8D, 0xE0, 0x80, 0x93, 0x75, 0xD2, 0xBD, 0xE9, 0xCB, 0xFC, 0xDF, 0x99, 0x9D, 0x5C,
    0x38, 0xA4, 0xEC, 0xB9, 0x70, 0x2E, 0x34, 0x78, 0x81, 0x7D, 0xCA, 0x66, 0x7C, 0x3E, 0xD1, 0x3A,
    0xD1, 0x22, 0x3C, 0x7C, 0xF1, 0x72, 0x10, 0x33, 0x87, 0x3F, 0x73, 0xAB, 0x9F, 0x71, 0xD5, 0xD4,
    0xD5, 0xD5, 0xD0, 0xD1, 0xC4, 0x56, 0x45, 0x6E, 0xE4, 0x71, 0xA7, 0x98, 0x89, 0xB1, 0x9F, 0x27,
    0xAF, 0xC3, 0x73, 0xBA, 0xB6, 0xA9, 0x88, 0x39, 0xBE, 0xA3, 0x19, 0x9C, 0xB3, 0xC0, 0x39, 0x9F,
    0x49, 0xB8, 0x4E, 0xCC, 0x87, 0x04, 0xC3, 0x94, 0xFC, 0xC5, 0x28, 0xFC, 0x83, 0x46, 0xBC, 0x8C,
    0x8F, 0xB1, 0x67, 0xD9, 0xD5, 0xCF, 0xFD, 0xD3, 0x36, 0x7F, 0x69, 0x70, 0xCF, 0x4D, 0x19, 0x92,
    0x59, 0xC6, 0x64, 0x88, 0xEF, 0xF4, 0x7B, 0x16, 0x4D, 0xEC, 0xC1, 0x9A, 0x0A, 0x2D, 0xA5, 0x47,
    0xBD, 0x11, 0x8E, 0x7A, 0x3F, 0x13, 0x59, 0x62, 0x0E, 0x63, 0xC2, 0xFA, 0xE8, 0xF4, 0xC4, 0x77,
    0x2F, 0xDB, 0xAE, 0x7C, 0x8D, 0xB8, 0x82, 0x95, 0x58, 0x3C, 0x81, 0xB8, 0x9A, 0xCC, 0x18, 0x9D,
    0xDF, 0xEE, 0x40, 0xA4, 0x11, 0xCB, 0x18, 0xFE, 0xAE, 0xC3, 0x32, 0x7F, 0x04, 0x7B, 0x4A, 0x85,
    0xF9, 0xD7, 0x9D, 0xFC, 0xC2, 0x4D, 0x98, 0x2D, 0xE4, 0xE9, 0xA1, 0xB3, 0xB1, 0x5D, 0xAD, 0x97,
    0xAA, 0xEE, 0xC4, 0x01, 0x16, 0x4F, 0x08, 0xC1, 0xCC, 0x31, 0xCB, 0x7B, 0x93, 0xE4, 0x5A, 0x1F,
    0xF7, 0x20, 0x78, 0xED, 0x39, 0xA2, 0x39, 0xA6, 0x47, 0xB4, 0x19, 0x2F, 0x24, 0x74, 0xFC, 0xA1,
    0x99, 0x5F, 0x10, 0x8F, 0x6E, 0x94, 0xAD, 0x25, 0xF7, 0xF0, 0x90, 0xAD, 0x1F, 0x7C, 0xF1, 0xF6,
    0xAD, 0x4B, 0x4F, 0xEB, 0xF7, 0xEB, 0x2E, 0xCA, 0x1F, 0xDC, 0xBA, 0xFD, 0xF4, 0xF2, 0xB3, 0xFA,
    0x8A, 0xE5, 0xFE, 0xFC, 0xCE, 0x93, 0xC7, 0x91, 0xD7, 0xCA, 0x13, 0x18, 0xAE, 0xC8, 0x16, 0x73,
    0x2F, 0x70, 0x1D, 0x4C, 0x6F, 0x7B, 0x58, 0x49, 0x34, 0x35, 0x29, 0xBC, 0xA0, 0xAE, 0x77, 0x39,
    0xFC, 0x18, 0xC3, 0x9E, 0xCB, 0xE4, 0x58, 0x23, 0xBD, 0x9A, 0x38, 0x61, 0x8D, 0x54, 0xF6, 0x85,
    0xBA, 0xF6, 0xB6, 0xC7, 0x30, 0x26, 0xCB, 0x32, 0xCE, 0x39, 0xB5, 0x5A, 0x59, 0xB4, 0x8A, 0x77,
    0x84, 0x65, 0x04, 0x15, 0x71, 0x9F, 0x5F, 0x11, 0x47, 0x6A, 0xC9, 0x59, 0x7C, 0x2E, 0xAC, 0x25,
    0x33, 0x5C, 0xE0, 0xE6, 0xAD, 0xAF, 0x3C, 0x3D, 0xF3, 0x13, 0xEF, 0x6A, 0x85, 0xB9, 0x2A, 0x0C,
    0x2F, 0xFA, 0x67, 0x19, 0xB7, 0x8A, 0x38, 0xCE, 0x6B, 0x4F, 0x07, 0x41, 0xEB, 0x53, 0xE1, 0x77,
    0x92, 0x8B, 0xE1, 0x6D, 0x54, 0x9C, 0x20, 0x12, 0xED, 0x28, 0x76, 0xA6, 0x9B, 0x8E, 0x83, 0x5A,
    0x6B, 0xA9, 0x5C, 0xC1, 0x9B, 0x0C, 0x5E, 0x27, 0x85, 0xD1, 0x88, 0xEB, 0x4B, 0x68, 0xB1, 0x26,
    0x90, 0xA0, 0x54, 0x96, 0x8F, 0xF9, 0xC7, 0xC7, 0x9B, 0x23, 0xD6, 0x27, 0x2E, 0x5C, 0xF8, 0xB2,
    0x55, 0x19, 0xE5, 0xD3, 0xD2, 0x69, 0x95, 0x9B, 0x67, 0x12, 0x13, 0xE5, 0x20, 0x08, 0xCA, 0xE2,
    0xD9, 0x3C, 0x6A, 0x3B, 0x65, 0x6B, 0x7C, 0x89, 0x4D, 0xF9, 0x8A, 0x66, 0x9D, 0x12, 0xB4, 0x45,
    0xC2, 0x44, 0xAD, 0x2D, 0x2A, 0x4B, 0x35, 0x6E, 0xB3, 0x44, 0x64, 0x1E, 0xBF, 0x8E, 0xCA, 0xF5,
    0xE3, 0xFC, 0x59, 0x7C, 0x1F, 0x61, 0x29, 0x99, 0x67, 0x82, 0xE5, 0xA5, 0xBF, 0x3A, 0x8B, 0xE9,
    0xA5, 0x15, 0xFA, 0xE4, 0xA2, 0x73, 0x31, 0x1D, 0x69, 0x5A, 0xE9, 0x69, 0xFF, 0x38, 0xAD, 0xAB,
    0x67, 0x8A, 0x5F, 0xAE, 0x2F, 0x70, 0x99, 0xEF, 0x87, 0xA7, 0xF1, 0x69, 0x9E, 0xA8, 0xCA, 0x2F,
    0xBD, 0xBA, 0x26, 0x0B, 0x37, 0xBF, 0xC4, 0xD7, 0xD8, 0xCB, 0xF4, 0x45, 0x22, 0x1D, 0x17, 0xFD,
    0x19, 0x7A, 0xDF, 0x59, 0x34, 0xA9, 0x89, 0x2B, 0x34, 0x03, 0xDF, 0x69, 0x32, 0xB4, 0x8D, 0xE1,
    0x0D, 0x3C, 0x80, 0x7A, 0x88, 0x14, 0xF9, 0xED, 0x1C, 0x29, 0x3D, 0xD8, 0xA3, 0xEC, 0x1B, 0xF3,
    0x2D, 0xD2, 0x61, 0x69, 0x4E, 0x7D, 0xDA, 0x37, 0xA7, 0xBF, 0xF1, 0x14, 0xE2, 0xFF, 0xDF, 0xF8,
    0x23, 0xBF, 0x3E, 0x72, 0xAD, 0xCD, 0xDC, 0x99, 0x7C, 0xFD, 0xCA, 0xFD, 0xC9, 0xD7, 0x87, 0xD6,
    0xA8, 0xB5, 0x84, 0x74, 0x94, 0x64, 0xFA, 0x67, 0x92, 0x1A, 0xCF, 0xAE, 0xFB, 0x2B, 0x4C, 0xCF,
    0xA2, 0xAC, 0xB0, 0xBE, 0x20, 0x6B, 0x33, 0x38, 0x8D, 0x57, 0xC5, 0x8B, 0xC5, 0x1A, 0xFF, 0x64,
    0x68, 0xA5, 0x63, 0xB5, 0x5C, 0x49, 0xB9, 0xC2, 0xD0, 0x8D, 0x64, 0x6C, 0x64, 0xC4, 0xB8, 0xDC,
    0xE4, 0x23, 0x62, 0xA6, 0xC0, 0x87, 0x41, 0xB3, 0x79, 0x43, 0x29, 0x14, 0x6E, 0xB0, 0x32, 0xBE,
    0x2A, 0x3D, 0xA0, 0x89, 0xFC, 0xBF, 0xE0, 0xCF, 0xE2, 0xC6, 0xCF, 0xE8, 0x3D, 0xF8, 0x0F, 0x4D,
    0x51, 0x41, 0x6B, 0xD4, 0x40, 0x14, 0xFE, 0xB2, 0x4D, 0xCA, 0xEE, 0xBA, 0xCB, 0x4E, 0x61, 0x52,
    0x16, 0x49, 0xED, 0x1C, 0x12, 0x48, 0xCB, 0xAA, 0x41, 0x22, 0x86, 0x92, 0x65, 0x27, 0xF9, 0x05,
    0x71, 0xD9, 0xE8, 0xA9, 0x30, 0x88, 0x88, 0xDD, 0xF6, 0x90, 0x83, 0x85, 0x22, 0xAE, 0x1D, 0x04,
    0x3D, 0x78, 0x0A, 0x7A, 0x97, 0x1C, 0x25, 0x07, 0xE9, 0xC1, 0xB3, 0xCC, 0x4F, 0xE8, 0x45, 0x0A,
    0xBD, 0x7B, 0xF7, 0xE0, 0xC1, 0x8B, 0xE8, 0x64, 0xEB, 0x8A, 0x33, 0xBC, 0x37, 0x1F, 0x8F, 0x79,
    0xDF, 0xFB, 0xDE, 0x7B, 0xC4, 0xEF, 0xD0, 0xB0, 0xB4, 0xB0, 0xCD, 0x83, 0x73, 0xE0, 0x56, 0xF0,
    0x48, 0xFB, 0x89, 0xDA, 0xFD, 0x68, 0xCF, 0x80, 0x40, 0x6D, 0x73, 0x54, 0x59, 0xA0, 0x08, 0x27,
    0x47, 0x4E, 0x00, 0x1C, 0xBC, 0x8A, 0x29, 0xBF, 0xAB, 0xDE, 0x83, 0xF0, 0x3D, 0x39, 0x00, 0xAA,
    0x0A, 0xC9, 0xC5, 0x05, 0xEE, 0xE3, 0x8E, 0x1A, 0x6A, 0x8E, 0x2E, 0x58, 0x93, 0x81, 0xDB, 0x92,
    0xC9, 0xB6, 0x13, 0x85, 0xC3, 0x51, 0x18, 0xB8, 0x91, 0xD3, 0x6B, 0x5E, 0x12, 0x75, 0xCC, 0x91,
    0x30, 0x6F, 0x6E, 0x81, 0x9C, 0x3C, 0x43, 0x8E, 0x43, 0xAC, 0xE9, 0x0B, 0x98, 0xFD, 0x51, 0xC6,
    0x54, 0x49, 0xE0, 0x2F, 0x40, 0x17, 0xFE, 0xD2, 0xBE, 0xB4, 0x7B, 0xBD, 0x23, 0x21, 0x95, 0xFA,
    0xE1, 0x22, 0x60, 0x4D, 0xF9, 0xA6, 0x32, 0x8A, 0x92, 0xBB, 0x5B, 0xFD, 0xC7, 0x70, 0x83, 0xC8,
    0x6C, 0x4A, 0xDB, 0xBC, 0xAE, 0x4A, 0xA1, 0x39, 0xF0, 0x96, 0x79, 0x52, 0x4B, 0x52, 0x03, 0x2C,
    0x1B, 0x51, 0x7F, 0xA5, 0x2F, 0x85, 0x00, 0x63, 0xF1, 0x46, 0xAD, 0x9A, 0x5A, 0x59, 0x13, 0x7D,
    0xB7, 0x8C, 0x9C, 0xFE, 0xFE, 0x65, 0xE7, 0x33, 0x43, 0x5E, 0xE3, 0x51, 0x43, 0x45, 0x50, 0x41,
    0x19, 0xAA, 0xC5, 0xD7, 0xB0, 0x8E, 0x3E, 0x1C, 0x68, 0x09, 0x10, 0x28, 0x51, 0x06, 0x42, 0x33,
    0x96, 0xA2, 0xAE, 0x6C, 0x3E, 0x2F, 0x55, 0xF0, 0xB5, 0xC8, 0x33, 0xE0, 0xF4, 0xFC, 0x35, 0xA3,
    0x71, 0x8C, 0x33, 0x25, 0xCE, 0xF8, 0x8A, 0x9C, 0xF8, 0x1D, 0x33, 0x12, 0x57, 0x85, 0x5D, 0x87,
    0xB6, 0xF8, 0xBD, 0x62, 0x93, 0x88, 0xC2, 0xB5, 0x67, 0xC7, 0xFB, 0xA2, 0x03, 0xAC, 0xFE, 0x35,
    0xB3, 0xC3, 0xA2, 0x63, 0x1A, 0x98, 0x88, 0x0F, 0x5A, 0xA2, 0xA5, 0xEF, 0xCB, 0x2A, 0x95, 0x5D,
    0xAD, 0x63, 0x9C, 0x3D, 0x90, 0x3B, 0xD9, 0x43, 0x1D, 0xDD, 0x53, 0xBB, 0xBA, 0x09, 0xC4, 0x43,
    0xFA, 0xD4, 0xDF, 0x11, 0xB0, 0x48, 0xAE, 0x13, 0xB8, 0x05, 0x32, 0x83, 0x97, 0xC1, 0xD2, 0xD8,
    0x48, 0xB8, 0x06, 0x2F, 0xE2, 0x31, 0x73, 0x42, 0x30, 0x59, 0x91, 0xAE, 0x4E, 0x6A, 0xD6, 0x01,
    0xAD, 0x0C, 0xBE, 0x9E, 0x56, 0x34, 0x22, 0xC0, 0xB1, 0x7A, 0x5E, 0x25, 0x44, 0xF7, 0x01, 0x84,
    0x0C, 0x07, 0x31, 0xF5, 0xE4, 0x65, 0x71, 0x59, 0x78, 0x92, 0x9D, 0xB4, 0xC1, 0x61, 0x84, 0x70,
    0x06, 0xF5, 0x77, 0xBD, 0x9B, 0xFF, 0xB1, 0x3E, 0xF3, 0xBA, 0xFC, 0xE7, 0x27, 0xDF, 0xD6, 0xCB,
    0xEB, 0x3F, 0x8D, 0x9A, 0xDF, 0xC8, 0x3F, 0x17, 0x7A, 0x3E, 0x57, 0x67, 0x5E, 0x7F, 0x82, 0x9D,
    0xEF, 0x2F, 0x31, 0xB5, 0xA6, 0x1E, 0x7D, 0x92, 0xD9, 0x04, 0x84, 0x10, 0x9A, 0xA6, 0xD4, 0x48,
    0x53, 0xCF, 0x64, 0x8C, 0xB6, 0x36, 0x35, 0xE0, 0xB3, 0x69, 0x9A, 0xD8, 0x7C, 0xCA, 0x12, 0x96,
    0x90, 0x4C, 0x4A, 0x8E, 0x92, 0x73, 0x66, 0x6C, 0xF8, 0xA6, 0xE1, 0xFB, 0x1B, 0x7F, 0x00, 0xA5,
    0x59, 0x5F, 0x6C, 0x1C, 0xC7, 0x79, 0xFF, 0xED, 0x2E, 0xC9, 0x25, 0x6F, 0x6F, 0xEF, 0x18, 0x54,
    0x6E, 0x54, 0x7B, 0x49, 0xAA, 0x80, 0x12, 0x9C, 0xED, 0x15, 0x79, 0x6A, 0xD7, 0xCD, 0xAA, 0x91,
    0xC3, 0x8D, 0xD5, 0x87, 0x02, 0x51, 0x50, 0x16, 0x91, 0xA3, 0x14, 0x6A, 0x9C, 0x7B, 0xF0, 0x43,
    0xCA, 0x54, 0xC1, 0x0A, 0xA1, 0x01, 0x23, 0xA5, 0xA3, 0x0D, 0xF2, 0x60, 0xB4, 0x4D, 0x8A, 0x43,
    0x8B, 0x38, 0x2F, 0x29, 0xB0, 0x12, 0xD5, 0xC8, 0x3E, 0x4A, 0xC9, 0xCA, 0x22, 0x6D, 0x86, 0xA2,
    0x75, 0xA3, 0x0A, 0xA8, 0x81, 0x34, 0x01, 0x56, 0x69, 0x82, 0x02, 0xA9, 0x03, 0xAC, 0x5B, 0x17,
    0x70, 0xE4, 0xB8, 0xB8, 0x07, 0xB6, 0x65, 0x51, 0x8A, 0xD7, 0xDF, 0xCC, 0xDE, 0xF1, 0x8F, 0x48,
    0x8A, 0x6C, 0xBB, 0xF3, 0xCD, 0xDE, 0xEC, 0xDC, 0xEE, 0xB7, 0x33, 0xDF, 0x7C, 0x7F, 0x7E, 0xDF,
    0x6C, 0x0F, 0x2C, 0xE8, 0x01, 0x30, 0x79, 0x69, 0x7E, 0x22, 0x81, 0x2C, 0xCD, 0x56, 0xFE, 0xCB,
    0xD6, 0x32, 0xE0, 0xA4, 0xFD, 0x13, 0x3B, 0xFF, 0xD7, 0x68, 0xE0, 0xCC, 0xD3, 0x30, 0xA1, 0xE8,
    0x0F, 0x60, 0xBE, 0x27, 0x4C, 0xB4, 0x4C, 0x84, 0x8A, 0x32, 0x73, 0x2C, 0x02, 0x8F, 0x09, 0x5D,
    0x18, 0xFC, 0x99, 0x8C, 0xBB, 0x1C, 0x36, 0x17, 0xED, 0x66, 0x60, 0xBD, 0x14, 0x0D, 0x01, 0x3E,
    0xE0, 0x01, 0xE3, 0x6B, 0xF2, 0xCC, 0xB6, 0x0B, 0x94, 0x83, 0x40, 0x6F, 0x4B, 0x0E, 0xE6, 0xCA,
    0x91, 0xCF, 0x78, 0xEC, 0x3F, 0x02, 0x2B, 0xC3, 0x34, 0x6C, 0xD8, 0x83, 0xCE, 0x38, 0xC7, 0x55,
    0x4B, 0xD6, 0x8F, 0x0F, 0xDC, 0xC0, 0x41, 0x77, 0xFD, 0xD0, 0x22, 0x7D, 0xC7, 0xF2, 0xC1, 0xE0,
    0x49, 0xF4, 0x35, 0x22, 0x98, 0x9F, 0x16, 0x30, 0x35, 0x81, 0x82, 0xAA, 0xBF, 0x60, 0x7D, 0x2F,
    0x63, 0x3B, 0xB4, 0x35, 0xE1, 0xC9, 0xEA, 0x68, 0xB7, 0x5A, 0x2B, 0x9A, 0x7A, 0x37, 0x6A, 0x3A,
    0x90, 0x98, 0x1B, 0x75, 0xFE, 0xCC, 0x29, 0x34, 0xDB, 0xED, 0x88, 0xED, 0x94, 0x35, 0xCB, 0xEB,
    0x53, 0x22, 0x31, 0xD7, 0x20, 0xC5, 0xF1, 0xCD, 0xFB, 0xC4, 0x91, 0x75, 0xC5, 0x21, 0x09, 0x13,
    0x40, 0xAA, 0x64, 0x4D, 0xC6, 0x03, 0x48, 0x1C, 0x24, 0x1E, 0x92, 0x18, 0xD7, 0x04, 0x9A, 0x11,
    0xAE, 0xA5, 0x48, 0x28, 0x13, 0x5F, 0xF5, 0x5B, 0xD0, 0x02, 0x70, 0x7C, 0xA8, 0xE5, 0xA3, 0xE0,
    0x0B, 0x45, 0x52, 0x12, 0xC9, 0xA3, 0x22, 0x39, 0x27, 0x92, 0x3B, 0xE2, 0xD5, 0x5B, 0xE2, 0xBA,
    0x26, 0xDE, 0xD0, 0xC4, 0x92, 0x26, 0x12, 0x4D, 0x68, 0xFD, 0x30, 0xAE, 0x50, 0xD6, 0x88, 0xB5,
    0x28, 0xD4, 0x23, 0xDF, 0x08, 0x1C, 0x0B, 0x25, 0x1B, 0xA6, 0x03, 0x63, 0x0E, 0x5A, 0x0B, 0xC8,
    0xA0, 0x0B, 0x8C, 0x23, 0xE7, 0x16, 0x24, 0x46, 0xB4, 0x1B, 0x35, 0x39, 0x71, 0xBE, 0x97, 0xC4,
    0x71, 0xD6, 0xE5, 0xB3, 0xFA, 0x1C, 0x8C, 0x8A, 0x64, 0x65, 0xDB, 0x18, 0xFE, 0x1E, 0x46, 0x67,
    0xE1, 0x19, 0x51, 0xA8, 0x89, 0x0C, 0xE9, 0xE4, 0xCB, 0xF3, 0xA7, 0xE4, 0x3A, 0xCE, 0x07, 0x8B,
    0x2B, 0x89, 0x93, 0xD8, 0x2C, 0xD3, 0xCD, 0x6C, 0xB2, 0x3E, 0xBF, 0x94, 0x94, 0xD8, 0x76, 0x9B,
    0xCB, 0xC9, 0x70, 0x62, 0xB1, 0x0C, 0x37, 0x97, 0x77, 0xD6, 0x00, 0xBD, 0x51, 0x37, 0xBE, 0x99,
    0x1A, 0xE8, 0x90, 0xA9, 0xA8, 0x80, 0xD4, 0x46, 0xEA, 0x22, 0x6B, 0xB7, 0x57, 0x53, 0xB8, 0xA4,
    0x00, 0x3D, 0x3B, 0xEB, 0x60, 0x6D, 0x40, 0x8B, 0x7C, 0xDB, 0x08, 0x8A, 0xB6, 0x05, 0xCB, 0xE6,
    0x74, 0xFF, 0xC2, 0x83, 0xDE, 0x6E, 0xC1, 0xF8, 0xA4, 0xCF, 0xEB, 0x21, 0x38, 0xEC, 0xE7, 0xFF,
    0x51, 0xC2, 0x95, 0x1D, 0xCB, 0x3E, 0xA4, 0xF4, 0x07, 0x9F, 0x2F, 0xB7, 0x30, 0x84, 0x02, 0xAC,
    0xC1, 0xA1, 0xF3, 0xCB, 0xFB, 0x10, 0x6F, 0x6F, 0x3F, 0xCC, 0x05, 0x29, 0xDE, 0x3D, 0xEF, 0xDC,
    0x73, 0x59, 0xA9, 0x80, 0xD4, 0x3F, 0xAA, 0x5F, 0x61, 0x13, 0xD9, 0x8A, 0x1C, 0x4D, 0xAC, 0xC8,
    0x25, 0xC7, 0xB3, 0xA8, 0x2C, 0x61, 0xFA, 0x2A, 0xAE, 0x34, 0xF0, 0xD6, 0x65, 0xED, 0x87, 0x33,
    0x27, 0x4E, 0x5E, 0xBC, 0x5D, 0x8C, 0x7F, 0x50, 0x8C, 0xDF, 0x2F, 0xC6, 0xD3, 0xC5, 0xD8, 0x2B,
    0xD6, 0xB4, 0x20, 0xE1, 0x48, 0xBA, 0xC4, 0x25, 0xDB, 0x7C, 0x49, 0xD2, 0x6E, 0xC2, 0xFA, 0x96,
    0x70, 0xE4, 0x6B, 0xAB, 0xB4, 0x1D, 0x0F, 0x3E, 0xCF, 0x3E, 0x3C, 0x17, 0x49, 0x59, 0x4F, 0xF5,
    0xB6, 0x54, 0xC1, 0xC9, 0x46, 0x30, 0x7F, 0x3A, 0x7A, 0x80, 0x26, 0x70, 0x19, 0x17, 0xD4, 0xA2,
    0x3A, 0xF3, 0x0B, 0xCD, 0xFA, 0x2E, 0x26, 0x9B, 0xD3, 0x7D, 0x26, 0x4B, 0x4B, 0xF8, 0xF4, 0x4F,
    0xA5, 0xC2, 0xED, 0x46, 0xFB, 0x51, 0x53, 0x1C, 0x04, 0x5E, 0x08, 0xCA, 0x37, 0x5B, 0x34, 0x69,
    0xCF, 0xB5, 0xAB, 0xAE, 0xCD, 0xB3, 0xEF, 0x3A, 0xE5, 0xAB, 0x73, 0x1C, 0x83, 0x7C, 0x9F, 0x32,
    0x4F, 0xBF, 0x00, 0xC7, 0x81, 0xE5, 0xC1, 0xA0, 0xA6, 0xA6, 0x30, 0x12, 0x14, 0x7C, 0xD9, 0xE3,
    0x59, 0x48, 0x8C, 0x60, 0x2F, 0x5D, 0xE7, 0x2B, 0x43, 0x45, 0x83, 0xF5, 0xDE, 0xB4, 0x20, 0x4B,
    0x56, 0x98, 0x1B, 0x1E, 0xFB, 0x37, 0x2A, 0x87, 0x2A, 0x5C, 0x4F, 0xA5, 0x3A, 0x0F, 0xAC, 0x25,
    0x4D, 0xD0, 0x27, 0x88, 0x5A, 0xBF, 0xC6, 0x7B, 0x75, 0xB1, 0x57, 0xE5, 0xBD, 0x7C, 0x2D, 0xAA,
    0x9D, 0x3A, 0xD8, 0x00, 0xCE, 0xA0, 0xEB, 0x37, 0x2E, 0xC1, 0x9C, 0x8D, 0xCC, 0xAE, 0x21, 0x98,
    0x7D, 0x82, 0x8E, 0xA5, 0x86, 0x43, 0x09, 0xBC, 0x9C, 0x16, 0x03, 0x6F, 0x71, 0xC5, 0x4B, 0x1C,
    0x2F, 0xB1, 0xBD, 0xA4, 0xE8, 0x25, 0xD3, 0x5E, 0x33, 0xF3, 0x6A, 0x9D, 0xB5, 0x59, 0xDC, 0x62,
    0x86, 0x63, 0x19, 0x3E, 0x74, 0x16, 0xF4, 0xEE, 0x30, 0x22, 0xE8, 0x51, 0xB9, 0x4D, 0xD1, 0x47,
    0xB2, 0x6D, 0x62, 0x70, 0x18, 0xD2, 0x85, 0x52, 0x80, 0xD6, 0x32, 0x92, 0x27, 0x9F, 0xA1, 0x8A,
    0x1A, 0x41, 0x92, 0xEA, 0xE2, 0x9A, 0xE0, 0x5C, 0x58, 0xE5, 0xAF, 0xBC, 0x4E, 0x32, 0x0A, 0xCA,
    0x2F, 0x53, 0x6D, 0x56, 0xD4, 0x9A, 0xE8, 0x0D, 0x0C, 0x9F, 0x81, 0x6F, 0xD0, 0x05, 0xE0, 0xB8,
    0x81, 0xF2, 0x2C, 0x8C, 0xF7, 0x60, 0x1A, 0x28, 0x19, 0x70, 0x55, 0x27, 0x30, 0xB2, 0xCC, 0xB5,
    0x29, 0x16, 0x56, 0x8F, 0x39, 0xA1, 0xE3, 0x1D, 0x1F, 0x7B, 0x8B, 0x5D, 0x0F, 0xC1, 0xB8, 0x87,
    0x12, 0x50, 0x01, 0x7E, 0x6B, 0x19, 0x4F, 0x0E, 0xC3, 0x33, 0xE5, 0xBD, 0x92, 0x4C, 0x38, 0x25,
    0x58, 0x39, 0x73, 0x34, 0xB3, 0xD8, 0x8B, 0xBD, 0xC5, 0xEC, 0x6F, 0xE6, 0x62, 0x37, 0xF6, 0x9B,
    0x19, 0x7B, 0xD2, 0x18, 0x9B, 0x0B, 0x0F, 0x6B, 0x0D, 0x76, 0xA1, 0x43, 0x45, 0x2E, 0x7E, 0x01,
    0x15, 0x0B, 0x14, 0x7F, 0xAA, 0x49, 0x52, 0x7C, 0xAC, 0x65, 0xD7, 0xF1, 0x4A, 0xE7, 0xD7, 0x9E,
    0x3B, 0xE5, 0xC1, 0xED, 0xB1, 0x56, 0x55, 0x67, 0xE8, 0x55, 0x2A, 0x5E, 0x68, 0x7B, 0xA9, 0xD9,
    0x8C, 0xAC, 0x2F, 0x0B, 0xDB, 0xCB, 0x7C, 0xCF, 0x4B, 0x68, 0x12, 0x18, 0xCF, 0xA8, 0xC3, 0x55,
    0x2B, 0xED, 0x4D, 0xA8, 0xC8, 0xDE, 0xF9, 0x4C, 0xDE, 0x1D, 0x1F, 0x8F, 0x97, 0xE2, 0xB7, 0x2E,
    0x7E, 0xFB, 0xB2, 0x73, 0xD5, 0x59, 0x72, 0x68, 0xBB, 0x70, 0x42, 0x4B, 0xEC, 0xD4, 0xCF, 0x21,
    0x67, 0x17, 0xC4, 0x0D, 0xBC, 0x1E, 0x5C, 0x10, 0x71, 0x12, 0xD3, 0x14, 0xCA, 0x6B, 0xC5, 0x52,
    0x5E, 0x9C, 0x52, 0xA5, 0xB4, 0x5C, 0x52, 0xAF, 0x9F, 0x33, 0xD2, 0x05, 0x23, 0xBD, 0x52, 0x48,
    0x1B, 0xC5, 0xF4, 0xB2, 0x93, 0xCE, 0x4C, 0xA5, 0x17, 0x5A, 0x69, 0x9C, 0xA6, 0x64, 0xE0, 0xC8,
    0xB2, 0xB8, 0x34, 0xFF, 0xC7, 0x79, 0x4B, 0x4E, 0x60, 0x05, 0x6E, 0x49, 0x0A, 0x27, 0x34, 0x24,
    0xB1, 0xE1, 0x6E, 0x92, 0xD2, 0x2A, 0xA5, 0xB3, 0xA9, 0x00, 0xDF, 0x6B, 0xCD, 0xB9, 0xB1, 0x2D,
    0x4B, 0x52, 0x9C, 0x3B, 0x3E, 0xDB, 0xCA, 0x65, 0x35, 0xA1, 0x18, 0xB9, 0x9C, 0x5B, 0xC8, 0x42,
    0x49, 0x74, 0x38, 0xB4, 0x57, 0x0D, 0x6C, 0x2E, 0xB4, 0x3A, 0x9B, 0x4B, 0x55, 0x71, 0xBD, 0x62,
    0x68, 0x67, 0xA6, 0x30, 0x84, 0x11, 0x98, 0xB8, 0x4A, 0x37, 0x84, 0x41, 0xA5, 0xA2, 0x55, 0x69,
    0xE3, 0x66, 0x3B, 0x38, 0x72, 0x34, 0xF3, 0xAA, 0x61, 0xB5, 0xEA, 0x85, 0x55, 0x8F, 0x0D, 0x5E,
    0x5A, 0x34, 0xF7, 0xA9, 0xEE, 0x3D, 0x87, 0xA4, 0x90, 0x1D, 0xD7, 0x2B, 0x91, 0x87, 0x29, 0xEC,
    0xD8, 0xF7, 0xA4, 0x78, 0xC0, 0x01, 0x6E, 0xA7, 0x66, 0x1B, 0xF2, 0xCD, 0x46, 0x3E, 0xA3, 0x6A,
    0x49, 0x16, 0xBF, 0x34, 0xB2, 0x46, 0x2D, 0x91, 0x85, 0x43, 0xF2, 0x8A, 0xDB, 0x89, 0xE1, 0x40,
    0xAD, 0x8D, 0xE7, 0xEC, 0x5A, 0x69, 0x5C, 0x74, 0x6E, 0x46, 0xA7, 0xAA, 0xA3, 0xAD, 0x6C, 0xC0,
    0x52, 0x9A, 0x63, 0x19, 0x91, 0xA5, 0x47, 0x96, 0x19, 0x58, 0xF7, 0x14, 0x27, 0x88, 0x9C, 0x9A,
    0x99, 0x88, 0xA7, 0x44, 0xEC, 0x89, 0x38, 0x14, 0xCD, 0x54, 0xAE, 0xB3, 0x2A, 0x54, 0xC8, 0x29,
    0xAE, 0xEF, 0x54, 0x93, 0xCB, 0x34, 0x4E, 0x47, 0x0E, 0xFF, 0xE1, 0x85, 0xDE, 0xE7, 0x29, 0x8D,
    0xE4, 0x7C, 0xAE, 0x69, 0xF1, 0xF9, 0xE8, 0x42, 0x9A, 0x5D, 0x8C, 0xC2, 0x1B, 0x51, 0xF5, 0xF5,
    0xA8, 0xCA, 0x06, 0x2F, 0xD9, 0xA9, 0xFE, 0x2C, 0xDF, 0xF3, 0x6D, 0xCF, 0x7E, 0xD2, 0xB6, 0xEE,
    0x15, 0x6C, 0x87, 0xAD, 0x5E, 0x69, 0x7C, 0x62, 0x27, 0xF5, 0x1C, 0xF0, 0x7A, 0x0F, 0xED, 0xD4,
    0x7F, 0x40, 0xD9, 0x4C, 0x3B, 0x95, 0xE7, 0x47, 0x57, 0x30, 0xFA, 0x0C, 0x5C, 0x13, 0x95, 0xAD,
    0xD4, 0xF1, 0x1C, 0x5F, 0x94, 0x71, 0x43, 0x0B, 0x8C, 0x60, 0x00, 0x3B, 0x99, 0x4D, 0xAE, 0x08,
    0x5F, 0x8E, 0x9F, 0x9B, 0xD8, 0x50, 0x84, 0xB1, 0x56, 0x38, 0x38, 0x85, 0xB1, 0x40, 0x6F, 0x49,
    0xFD, 0x57, 0x7A, 0x1F, 0x13, 0x42, 0x74, 0x0E, 0x5C, 0x3D, 0x85, 0x4A, 0xE7, 0x40, 0xA1, 0x17,
    0x85, 0xEE, 0x51, 0x3A, 0xFB, 0x6C, 0x3E, 0x3B, 0xA0, 0x68, 0x77, 0x2A, 0x2F, 0x64, 0x04, 0x76,
    0x6C, 0x03, 0x15, 0xFE, 0xB6, 0xCA, 0xAB, 0x1D, 0xE1, 0x6F, 0x5E, 0xF2, 0xE5, 0xD8, 0x1D, 0x8A,
    0xDD, 0x82, 0x3C, 0x8F, 0xAD, 0x74, 0xA6, 0x96, 0x75, 0xA7, 0xF6, 0x39, 0x35, 0x35, 0x63, 0x0B,
    0x61, 0x42, 0x53, 0xE0, 0xF1, 0x7E, 0x13, 0xEB, 0xE1, 0x84, 0x25, 0x8C, 0xDA, 0x6E, 0x8C, 0xC5,
    0xAA, 0x99, 0x3E, 0x40, 0x9F, 0xB1, 0xD5, 0x72, 0x9A, 0xAB, 0xB9, 0xFE, 0xD3, 0xCB, 0xD7, 0x13,
    0x22, 0x8E, 0xB0, 0x84, 0xB4, 0x6A, 0x41, 0x78, 0x65, 0x4D, 0xF8, 0x23, 0x4F, 0x09, 0xE7, 0x23,
    0x5F, 0x8B, 0xEC, 0xA3, 0xB7, 0x51, 0x08, 0xFF, 0x09, 0x66, 0xFA, 0x06, 0x0C, 0x71, 0x7C, 0x7D,
    0x5A, 0x9E, 0x9D, 0x78, 0x76, 0x58, 0x29, 0x56, 0x8F, 0x3B, 0xFE, 0x74, 0xC5, 0xF9, 0x59, 0xB5,
    0xF4, 0x66, 0x6C, 0x9E, 0x10, 0x7D, 0x4A, 0xD3, 0xA8, 0xA7, 0x1D, 0x95, 0x6B, 0x07, 0x96, 0x2E,
    0x2C, 0xA4, 0x92, 0x4C, 0x41, 0x0D, 0xEC, 0xE7, 0x20, 0xD5, 0xBC, 0x8B, 0xAA, 0x51, 0x7E, 0x05,
    0xF6, 0x99, 0xA0, 0xA8, 0x47, 0x45, 0x33, 0x2A, 0xD3, 0xD5, 0xEB, 0x6B, 0x48, 0x46, 0x4E, 0xCB,
    0xC0, 0x8D, 0x84, 0x61, 0x89, 0xD0, 0x81, 0x82, 0x5B, 0x95, 0x70, 0x42, 0xB5, 0x89, 0x2C, 0x90,
    0x1C, 0xD1, 0x88, 0x45, 0xDB, 0xEB, 0x23, 0x19, 0x4B, 0xE3, 0x0C, 0xB1, 0xC0, 0x8D, 0xBB, 0xD1,
    0x6B, 0x3F, 0x0D, 0xD8, 0x88, 0x5B, 0xB2, 0x53, 0xB9, 0x77, 0x60, 0x19, 0xDA, 0xBB, 0x30, 0x4E,
    0xC2, 0xA4, 0x03, 0x69, 0xC3, 0x9E, 0x09, 0xDC, 0x8B, 0xC2, 0x8B, 0x45, 0x18, 0x67, 0x59, 0xCC,
    0x17, 0xC0, 0x60, 0xCC, 0x8C, 0x51, 0xA8, 0xA2, 0xBC, 0x80, 0xE1, 0x5F, 0xE2, 0x89, 0x1F, 0xE1,
    0xDC, 0x9B, 0xB8, 0x70, 0x5B, 0x46, 0x4E, 0xBE, 0x45, 0x20, 0x29, 0x51, 0xEF, 0x8B, 0x8C, 0x2E,
    0x6E, 0xC8, 0x91, 0xAC, 0x20, 0xF9, 0xD2, 0x1F, 0x22, 0xF9, 0x97, 0x4F, 0xE2, 0xDA, 0xED, 0x4F,
    0xE0, 0xD5, 0xAF, 0x9D, 0x08, 0xAE, 0x9F, 0x78, 0x4A, 0x6A, 0x7B, 0x7C, 0x04, 0xF1, 0x47, 0x10,
    0x5F, 0x0F, 0x16, 0xFF, 0x3B, 0xFA, 0xCE, 0xFB, 0x62, 0xE6, 0xEB, 0xD9, 0x4C, 0x31, 0x6C, 0x14,
    0xBD, 0xC7, 0x1A, 0xF1, 0x68, 0x23, 0x2B, 0xE9, 0x91, 0xF1, 0x09, 0xE0, 0x97, 0x1C, 0x42, 0xE4,
    0x1C, 0x4D, 0xFD, 0x6A, 0x4C, 0xFF, 0x41, 0x2F, 0x92, 0x54, 0x39, 0x4F, 0x8C, 0xB7, 0x25, 0x0E,
    0x20, 0x08, 0x30, 0x57, 0x30, 0xF4, 0x1E, 0xBC, 0x7F, 0x88, 0xC2, 0x3B, 0x82, 0xAE, 0xB1, 0xD6,
    0x68, 0x04, 0xC9, 0xE2, 0x6C, 0x90, 0x30, 0xC6, 0x27, 0x36, 0xB1, 0x8B, 0x49, 0xC4, 0xD7, 0xBE,
    0x87, 0x84, 0x23, 0x4C, 0xDE, 0xFE, 0xDB, 0x28, 0xB9, 0x75, 0x4B, 0x5C, 0xBB, 0x25, 0xC4, 0xF5,
    0xAF, 0x0A, 0xA9, 0xBB, 0x17, 0xDB, 0x2B, 0x71, 0x1A, 0xC6, 0x4F, 0x88, 0xC5, 0x66, 0xFA, 0x9D,
    0x9F, 0x85, 0x33, 0x7F, 0x56, 0x99, 0x29, 0x38, 0xB3, 0x05, 0xBB, 0xDF, 0x35, 0xE3, 0x47, 0xDE,
    0x39, 0x76, 0x96, 0xF1, 0xBC, 0x04, 0x77, 0x44, 0x42, 0x3F, 0x62, 0x45, 0x0C, 0x8F, 0xAD, 0x4C,
    0xE1, 0xB9, 0x53, 0x63, 0x6B, 0xC0, 0xE1, 0xA9, 0xB2, 0x18, 0xCF, 0x06, 0x89, 0x91, 0x54, 0x10,
    0xA8, 0xC0, 0x1F, 0xCB, 0x62, 0xCC, 0x4F, 0x3C, 0x76, 0xA9, 0x56, 0xAB, 0xC5, 0x49, 0x98, 0x53,
    0x92, 0x84, 0x21, 0x95, 0xEF, 0x5A, 0x5A, 0xA6, 0x8B, 0x91, 0x6B, 0xA1, 0x28, 0x40, 0x07, 0x2E,
    0x0B, 0xA4, 0xB7, 0x84, 0x24, 0x21, 0x29, 0x13, 0x22, 0xBE, 0x25, 0xA6, 0xFE, 0x31, 0x18, 0xB9,
    0x27, 0x41, 0x7F, 0xE7, 0x9E, 0x08, 0x12, 0x99, 0xBD, 0x94, 0x3A, 0x08, 0x7D, 0x89, 0xC9, 0x2A,
    0xE3, 0xED, 0x55, 0x9E, 0xD9, 0x76, 0x11, 0x96, 0xB5, 0x2C, 0x47, 0x66, 0x9B, 0x03, 0xC0, 0xC7,
    0x66, 0x71, 0xEC, 0xCC, 0x96, 0x00, 0x50, 0x47, 0x9C, 0x18, 0xF5, 0xAA, 0x01, 0x5F, 0xDA, 0x1B,
    0xEC, 0x22, 0x4A, 0x2E, 0x4C, 0x1F, 0x46, 0x08, 0x1A, 0xB2, 0xA6, 0xA2, 0x57, 0x56, 0xA6, 0x27,
    0x96, 0xB8, 0xAF, 0x52, 0x65, 0xDC, 0x82, 0xCD, 0x05, 0x16, 0xD4, 0x5E, 0x1C, 0x98, 0x80, 0xCD,
    0xDB, 0x0E, 0xEC, 0x8B, 0xCF, 0x07, 0x02, 0xF8, 0x02, 0xFD, 0xB5, 0x07, 0x31, 0xD4, 0xA4, 0x1B,
    0x2D, 0x9F, 0xA6, 0x06, 0x38, 0x72, 0x96, 0x3E, 0xAE, 0x33, 0xCE, 0xE2, 0x4B, 0x51, 0xEC, 0xE1,
    0x9C, 0x48, 0x19, 0x79, 0xEE, 0x08, 0x22, 0xDF, 0xEB, 0x11, 0xB1, 0xFC, 0x6F, 0xA2, 0xA4, 0x8B,
    0x71, 0x18, 0x6B, 0x94, 0x3F, 0xE4, 0xFD, 0x50, 0xB8, 0x11, 0x7A, 0x22, 0x4F, 0x51, 0x77, 0xDE,
    0x04, 0x05, 0x6E, 0xC9, 0xB5, 0x38, 0x65, 0x3A, 0x96, 0xAA, 0x51, 0x72, 0x78, 0x32, 0x2B, 0xBC,
    0x34, 0xA6, 0xF8, 0x07, 0x47, 0x46, 0x29, 0xA8, 0x39, 0x4A, 0x07, 0xAC, 0xCB, 0xD3, 0xE3, 0xF2,
    0x8A, 0x5E, 0x84, 0xDE, 0x52, 0x6B, 0x06, 0xD6, 0xCD, 0xD6, 0x10, 0x7C, 0x42, 0x40, 0x0F, 0x76,
    0x4E, 0x0A, 0x0E, 0x1E, 0x2F, 0xFF, 0x51, 0x22, 0xC1, 0xA9, 0x2B, 0x5D, 0x3B, 0x9D, 0xBF, 0x7B,
    0x3A, 0xF0, 0x74, 0x51, 0xD5, 0x24, 0xB1, 0x31, 0x74, 0x3A, 0x30, 0xEF, 0xC9, 0xBF, 0xD0, 0x4B,
    0x46, 0xBF, 0xFD, 0x0E, 0xF0, 0x2B, 0x92, 0x3D, 0x57, 0x43, 0xE3, 0xCF, 0xF2, 0x68, 0x50, 0x3E,
    0xF5, 0x61, 0x26, 0x24, 0xCA, 0x2E, 0xAB, 0x12, 0xF3, 0xAA, 0x6A, 0x04, 0x1E, 0x31, 0xAC, 0xE7,
    0x12, 0x3B, 0x95, 0xCC, 0xAF, 0xA6, 0xC6, 0xBD, 0x66, 0x37, 0xE6, 0xD0, 0x6A, 0xD9, 0xFC, 0x53,
    0x86, 0x60, 0xE9, 0x8E, 0xFB, 0xF3, 0xAE, 0x72, 0xC6, 0xF7, 0xD2, 0x75, 0x11, 0xAB, 0x46, 0xCC,
    0x52, 0x22, 0xCF, 0x96, 0xD5, 0x88, 0xDC, 0x61, 0xEA, 0xE3, 0x7F, 0xDC, 0xCB, 0x6F, 0x7A, 0x9A,
    0xCF, 0xDC, 0x4D, 0x80, 0xFF, 0x83, 0x5B, 0xD2, 0x1B, 0x81, 0xFE, 0xEB, 0xC1, 0x03, 0x9C, 0x13,
    0xBA, 0xD8, 0xFD, 0xF8, 0x0E, 0xD8, 0x1D, 0x3A, 0x47, 0x60, 0x77, 0x69, 0x60, 0x3D, 0x66, 0x54,
    0x59, 0x54, 0xCC, 0x68, 0x29, 0x1C, 0x11, 0xAA, 0x38, 0xCF, 0x5B, 0x8C, 0x6F, 0x03, 0x4C, 0x8A,
    0x66, 0x71, 0xE8, 0x16, 0x46, 0x02, 0x0E, 0x04, 0xF6, 0xA1, 0xEE, 0x4C, 0xEB, 0xED, 0x34, 0xC0,
    0x23, 0xE2, 0xD2, 0xC4, 0xA1, 0xEA, 0x81, 0xC3, 0x15, 0x3E, 0xD0, 0xAC, 0x07, 0x13, 0x4A, 0xBC,
    0xD0, 0x3F, 0xD3, 0x11, 0x90, 0x95, 0xE2, 0x0D, 0xF4, 0x0C, 0xE2, 0xE3, 0xD8, 0x38, 0x3E, 0xC6,
    0x6E, 0xF1, 0x14, 0x05, 0x36, 0xB1, 0xD1, 0xC7, 0x45, 0x38, 0x80, 0x81, 0x18, 0x2F, 0x75, 0xAE,
    0x35, 0x09, 0x5C, 0xB5, 0x1E, 0xD9, 0x1C, 0x44, 0x07, 0x43, 0x4B, 0xCE, 0x7A, 0x50, 0xEF, 0x91,
    0x5A, 0xF1, 0xBC, 0x54, 0xED, 0x4D, 0xCF, 0xE3, 0x18, 0x68, 0xF7, 0x05, 0xA0, 0x4F, 0x60, 0xF3,
    0x31, 0x28, 0x75, 0x9C, 0xBA, 0x1E, 0x84, 0x52, 0x77, 0xE2, 0x9E, 0x8E, 0x4A, 0xA9, 0xC9, 0x0D,
    0xC0, 0xBA, 0x02, 0x8D, 0xF9, 0x9E, 0x16, 0xC5, 0x86, 0x88, 0x4B, 0x22, 0x76, 0x15, 0x38, 0xC8,
    0xC4, 0x45, 0x21, 0x66, 0x02, 0xF1, 0x5D, 0x88, 0x25, 0x88, 0x39, 0x3A, 0x57, 0xF9, 0x7A, 0xAE,
    0x56, 0x3A, 0xD8, 0x23, 0xCD, 0xD8, 0xCA, 0xB1, 0x23, 0x7D, 0xE1, 0x0B, 0x88, 0x7F, 0x8E, 0x8B,
    0x3F, 0xC2, 0x8C, 0x8D, 0xAB, 0x36, 0x96, 0x6C, 0x22, 0xE8, 0x48, 0x42, 0x12, 0x86, 0x9B, 0x3E,
    0x99, 0xD9, 0x1C, 0x09, 0xD0, 0x14, 0x52, 0xF0, 0xA4, 0x31, 0xAA, 0x85, 0x45, 0xFC, 0x1C, 0x48,
    0x1A, 0xC1, 0xD8, 0x8A, 0x9C, 0x18, 0x07, 0xC5, 0x2C, 0xE7, 0x85, 0x40, 0x36, 0x72, 0x1A, 0x7D,
    0x19, 0x8F, 0x7E, 0x4E, 0x45, 0x46, 0x0B, 0x63, 0xAB, 0x50, 0x59, 0xF6, 0x50, 0x62, 0x5F, 0xFB,
    0xC6, 0xFC, 0x4A, 0x33, 0x49, 0x0E, 0xE7, 0x29, 0xC0, 0x16, 0x30, 0xF8, 0xF5, 0xB9, 0xD5, 0xD9,
    0xE5, 0xF8, 0x60, 0x07, 0x0C, 0x56, 0x50, 0x99, 0x5C, 0xC8, 0xF3, 0xF5, 0xAD, 0x85, 0x3E, 0x4C,
    0x10, 0x02, 0x89, 0xAD, 0x98, 0xE1, 0xE1, 0x57, 0x8E, 0x3C, 0xED, 0x42, 0x96, 0x66, 0xEB, 0xC8,
    0x44, 0xDE, 0x72, 0x15, 0x6A, 0x20, 0x23, 0x7C, 0x25, 0xFA, 0x4A, 0x24, 0x7F, 0x2B, 0x98, 0xBC,
    0x84, 0xF9, 0x53, 0x1B, 0xFE, 0x90, 0xA8, 0x7D, 0x7E, 0x9A, 0x51, 0x43, 0x6E, 0x97, 0x24, 0x86,
    0x24, 0x89, 0x4E, 0xCA, 0x18, 0x58, 0x42, 0x5F, 0xBC, 0x0E, 0x4D, 0x98, 0xA9, 0x30, 0xFC, 0x30,
    0xAE, 0xFB, 0x12, 0x72, 0x3F, 0x9C, 0x15, 0x82, 0x5A, 0xBF, 0x1E, 0xF8, 0xC5, 0x12, 0xFD, 0x10,
    0x4D, 0xA4, 0x18, 0x42, 0xFB, 0x39, 0xFD, 0x09, 0x0D, 0x56, 0xFE, 0x9A, 0x27, 0x43, 0xD5, 0x2F,
    0xFF, 0x4F, 0x8A, 0x86, 0x0C, 0x6D, 0xDD, 0x2A, 0x97, 0x8C, 0x81, 0xC4, 0xA9, 0x66, 0xD6, 0x6F,
    0x44, 0xFA, 0x0D, 0x18, 0x37, 0x50, 0x3A, 0x2A, 0xDC, 0x6A, 0x92, 0x54, 0x47, 0x21, 0x57, 0x5D,
    0x2E, 0xFC, 0xCE, 0x89, 0xBF, 0x46, 0x30, 0xA6, 0x0B, 0x0D, 0xDB, 0x13, 0x00, 0x03, 0x5A, 0x64,
    0xD2, 0x23, 0xD5, 0x18, 0x77, 0x5C, 0x19, 0x87, 0x99, 0xCA, 0xBF, 0x1E, 0xE0, 0x26, 0xE4, 0x99,
    0x6D, 0x99, 0xD0, 0xCB, 0x54, 0x5A, 0xC8, 0x2D, 0x1A, 0x49, 0xBC, 0x37, 0x0E, 0x2F, 0x88, 0x19,
    0xA2, 0x8C, 0xEF, 0x62, 0x26, 0x8A, 0xD3, 0x78, 0x9A, 0xC1, 0x9D, 0x25, 0xE7, 0xF0, 0x5A, 0x88,
    0xD7, 0x37, 0x71, 0x60, 0xFB, 0xB5, 0x0E, 0x07, 0xA9, 0x2D, 0x61, 0x43, 0xCC, 0xAA, 0x07, 0x67,
    0xA3, 0x46, 0x1A, 0x4F, 0x1D, 0xD4, 0x83, 0x17, 0x4C, 0x34, 0x6D, 0xB8, 0x15, 0x30, 0xE6, 0x32,
    0x8B, 0x73, 0xE9, 0xF9, 0x5C, 0x19, 0x00, 0x88, 0x90, 0x5C, 0x5D, 0x0C, 0x52, 0xE8, 0xED, 0x94,
    0xA2, 0x77, 0x2A, 0x61, 0x45, 0x3C, 0x1E, 0x3C, 0x1E, 0x55, 0xB2, 0x8A, 0x57, 0x19, 0x6A, 0xA0,
    0x76, 0x46, 0x13, 0xA6, 0x09, 0x73, 0x08, 0x26, 0x01, 0x7B, 0x06, 0x73, 0x4A, 0xB5, 0xD9, 0xA3,
    0x0B, 0x53, 0x29, 0x47, 0xD3, 0x88, 0x8C, 0x92, 0xDC, 0xCE, 0x61, 0x9E, 0x4C, 0x47, 0x6F, 0x30,
    0xF1, 0xB6, 0x60, 0xE8, 0x62, 0xAF, 0x1D, 0x85, 0xF5, 0x3C, 0x59, 0x42, 0x86, 0xD8, 0xEE, 0xD0,
    0xE2, 0x55, 0xCC, 0x7F, 0xB6, 0x7B, 0x49, 0x0F, 0x62, 0x28, 0xD2, 0x83, 0x9A, 0xF6, 0x72, 0xA2,
    0xFF, 0xA4, 0xF3, 0xAC, 0xB1, 0xC3, 0xFE, 0x84, 0x64, 0x52, 0x6E, 0xED, 0xC0, 0xC4, 0xC6, 0x24,
    0xD3, 0xE1, 0xC5, 0x59, 0x28, 0xC5, 0xD9, 0xA8, 0x44, 0x45, 0xC6, 0x69, 0xC1, 0x76, 0x8B, 0x35,
    0x64, 0xF5, 0x64, 0x45, 0x3E, 0x1E, 0x4E, 0xEC, 0x32, 0xF5, 0x60, 0x32, 0x4F, 0x8E, 0xBA, 0x88,
    0x73, 0xB4, 0x1E, 0x8F, 0x2E, 0xC4, 0xAE, 0x13, 0xBB, 0x76, 0x4C, 0xD9, 0xE5, 0x7E, 0x4D, 0x5F,
    0x82, 0x5E, 0xD7, 0x56, 0x51, 0x3E, 0x05, 0xA7, 0x2F, 0xF2, 0x4B, 0xCC, 0xFF, 0x7C, 0x99, 0x17,
    0x56, 0x2A, 0xBE, 0xEB, 0xBB, 0x4E, 0x58, 0xFE, 0x3D, 0xC6, 0xE0, 0x77, 0x81, 0xCF, 0xE7, 0x0E,
    0xCA, 0xED, 0x81, 0xF7, 0x27, 0x41, 0xF5, 0xA2, 0xA8, 0xBE, 0x2D, 0xBC, 0x57, 0x23, 0xF7, 0xA3,
    0x12, 0xC0, 0x10, 0x65, 0x3F, 0x70, 0x13, 0x04, 0x32, 0x8A, 0x7B, 0x6A, 0xFF, 0xE2, 0xF9, 0xDC,
    0x47, 0xDD, 0xE7, 0x48, 0x97, 0xA9, 0xB5, 0x75, 0x2D, 0x55, 0xFB, 0x24, 0x5F, 0xB8, 0xBB, 0xFB,
    0x3E, 0x49, 0xAB, 0x9B, 0x59, 0x55, 0xD5, 0xC4, 0x8C, 0x60, 0x3D, 0x67, 0x0B, 0x68, 0x03, 0xB2,
    0xD4, 0xEB, 0x3A, 0x42, 0xB9, 0xC1, 0x05, 0xA7, 0x22, 0x31, 0x9C, 0xA1, 0xF6, 0x4F, 0xB4, 0x4D,
    0xD4, 0x05, 0xC3, 0x95, 0x2A, 0xC1, 0x70, 0x4A, 0x30, 0x1C, 0xF1, 0x61, 0x16, 0x7A, 0xCB, 0x9D,
    0x1E, 0x7D, 0xE4, 0x5D, 0xFC, 0xEA, 0x4F, 0x76, 0x7D, 0x74, 0x7C, 0x25, 0x7F, 0x74, 0xCB, 0xB6,
    0x4B, 0xD6, 0xDD, 0x76, 0xF1, 0xD6, 0xB7, 0x5D, 0xC4, 0x06, 0x26, 0xA2, 0x64, 0x1C, 0xB8, 0x1E,
    0x4A, 0xB1, 0x84, 0x0B, 0xC4, 0x93, 0x76, 0x02, 0xD7, 0x27, 0xD8, 0xE9, 0xE6, 0x7F, 0x06, 0xA5,
    0xD0, 0x8F, 0x2F, 0xFC, 0x82, 0x01, 0x25, 0x7A, 0x50, 0x1D, 0x82, 0xD1, 0x96, 0x9B, 0x4B, 0x7A,
    0xB7, 0xCA, 0x40, 0xD7, 0x5C, 0x49, 0x37, 0xF6, 0x4A, 0xD6, 0x89, 0x28, 0xB5, 0xE3, 0x32, 0x0F,
    0x73, 0x92, 0x99, 0xB9, 0x41, 0x89, 0x45, 0xB0, 0x09, 0x6D, 0x3D, 0x69, 0x92, 0xC9, 0xC2, 0x3A,
    0x81, 0xB0, 0x2C, 0xA7, 0xCC, 0xC5, 0xF9, 0x55, 0xF4, 0x3A, 0x0A, 0xA5, 0x8C, 0x6C, 0x8C, 0x74,
    0x33, 0xB7, 0xB7, 0x5F, 0xC4, 0xB5, 0x3F, 0x97, 0xDC, 0xF4, 0x17, 0xA1, 0xBD, 0xD8, 0x65, 0x88,
    0xD4, 0x4D, 0xDD, 0x1F, 0xBB, 0xFF, 0xEC, 0x9E, 0x5F, 0x35, 0x5D, 0x9D, 0x46, 0x5B, 0xC3, 0x86,
    0x6B, 0xBC, 0xB1, 0x8A, 0xEF, 0x5B, 0xB9, 0x53, 0x0C, 0xD6, 0x29, 0xE8, 0xB8, 0xDB, 0xD9, 0xE5,
    0x39, 0x37, 0x71, 0xE2, 0xF5, 0x02, 0x22, 0xF8, 0x7F, 0x5F, 0xD0, 0x85, 0xFD, 0xA9, 0xA0, 0x74,
    0x19, 0xD6, 0x78, 0xBB, 0x6D, 0xAA, 0x9C, 0x96, 0x29, 0x24, 0xB2, 0x1E, 0x8C, 0x77, 0x12, 0x2C,
    0xAD, 0x0D, 0xE3, 0x29, 0x71, 0x59, 0x13, 0xE7, 0xDB, 0x4C, 0x33, 0xE4, 0x10, 0x8C, 0x28, 0x40,
    0xBE, 0x79, 0x2D, 0x39, 0x3C, 0xBF, 0x2B, 0x07, 0x86, 0x10, 0x63, 0x23, 0x09, 0xDF, 0x95, 0x4F,
    0x47, 0x90, 0x98, 0x0C, 0x86, 0x72, 0x97, 0xB6, 0xA9, 0x9C, 0x0F, 0x30, 0x41, 0x66, 0x1F, 0x8D,
    0x14, 0x6C, 0xFA, 0xDF, 0x6C, 0xC5, 0xCA, 0x37, 0xBE, 0x09, 0x2C, 0x3D, 0x68, 0x63, 0xA6, 0xE3,
    0x7D, 0x13, 0xE5, 0x7D, 0x25, 0x84, 0xC0, 0xF7, 0xDF, 0x90, 0x2B, 0x28, 0xE5, 0xA6, 0xFC, 0x8A,
    0x9C, 0x8C, 0x89, 0xBE, 0x2F, 0x42, 0xBF, 0x84, 0xDC, 0x01, 0x5F, 0x66, 0xCC, 0x5C, 0x6C, 0xC5,
    0x3E, 0x93, 0x3B, 0x6A, 0x1D, 0xFC, 0x81, 0x56, 0x21, 0xD2, 0x1B, 0x91, 0xF1, 0x12, 0x53, 0x40,
    0x66, 0x92, 0x74, 0x82, 0x92, 0x0A, 0x8A, 0x6C, 0x08, 0x2E, 0xF6, 0x72, 0x27, 0x86, 0x87, 0x39,
    0x3A, 0x21, 0x32, 0x2C, 0xD8, 0x92, 0x6C, 0x45, 0xC4, 0xC5, 0x15, 0x9B, 0xD9, 0xEC, 0x46, 0xE8,
    0xDE, 0x73, 0xEB, 0xF5, 0xBE, 0x41, 0xA9, 0x40, 0xBC, 0x78, 0x75, 0xFE, 0xB3, 0x79, 0x8B, 0x42,
    0x73, 0xFA, 0x16, 0xF4, 0xFA, 0x3E, 0xFC, 0x6D, 0x2C, 0x95, 0x52, 0x49, 0x6A, 0x17, 0x7F, 0xBB,
    0x31, 0xA8, 0x3D, 0xB4, 0x7C, 0xAC, 0x6B, 0x0E, 0x07, 0x95, 0x92, 0xCB, 0x92, 0x51, 0x41, 0xA9,
    0xDF, 0x0E, 0x57, 0x40, 0x2A, 0x5F, 0xED, 0x59, 0xFE, 0xBD, 0x84, 0x69, 0x86, 0xA1, 0x2B, 0x68,
    0xE0, 0x2D, 0x5C, 0xD6, 0x7E, 0x88, 0x99, 0x13, 0x27, 0x71, 0xF1, 0x76, 0x11, 0xF1, 0x0F, 0x58,
    0xDF, 0x67, 0x9D, 0xE6, 0x5B, 0xBD, 0x72, 0x90, 0x6B, 0x8C, 0x54, 0xF6, 0x82, 0x5C, 0x3E, 0x9A,
    0xFB, 0x82, 0x29, 0xAE, 0x94, 0xC4, 0x5F, 0x0F, 0x89, 0x6F, 0x3D, 0x2A, 0xFE, 0xEA, 0x9C, 0xF8,
    0xCB, 0xB7, 0x45, 0xFD, 0x4E, 0xAB, 0x2B, 0xD3, 0xFA, 0xCE, 0x9A, 0xD3, 0xDB, 0x0F, 0x43, 0xED,
    0xA9, 0xEF, 0xF9, 0x91, 0x81, 0x7E, 0xDB, 0xA3, 0x97, 0x41, 0x79, 0xB9, 0xC7, 0x41, 0xB1, 0x6F,
    0xF5, 0x58, 0x31, 0x2C, 0x7A, 0xAE, 0xDC, 0x58, 0x34, 0x0E, 0x76, 0x80, 0xE0, 0x9E, 0x3C, 0x06,
    0xAA, 0x44, 0x9A, 0x3B, 0x70, 0x40, 0xA1, 0x11, 0x61, 0xF4, 0x5F, 0x03, 0x3C, 0x41, 0x41, 0x9F,
    0x63, 0xBD, 0x43, 0x99, 0xDF, 0x6A, 0x0B, 0xE3, 0x2E, 0x9D, 0xD5, 0xAC, 0x40, 0x89, 0x0B, 0xE0,
    0xD0, 0x55, 0xFB, 0x5A, 0x5B, 0x25, 0xD4, 0x23, 0xFF, 0x49, 0xBB, 0x1B, 0xA5, 0x81, 0x38, 0x26,
    0x0A, 0xED, 0x36, 0x8E, 0x31, 0x06, 0x84, 0xAC, 0xDE, 0xB8, 0x86, 0xB1, 0x1F, 0xAF, 0xA9, 0xB1,
    0x1C, 0x18, 0x1C, 0xCE, 0xB4, 0x60, 0xB7, 0xCF, 0x69, 0x76, 0x45, 0xCE, 0xC5, 0x5A, 0x76, 0x87,
    0xBC, 0xD2, 0xF8, 0x5A, 0xE7, 0xC3, 0x16, 0x99, 0x5A, 0xFF, 0x85, 0x5F, 0x3B, 0x13, 0x29, 0x47,
    0x44, 0x57, 0x11, 0x8E, 0xB7, 0x5B, 0xC7, 0x9E, 0x66, 0xB6, 0x4F, 0x70, 0x9A, 0x95, 0x0C, 0xB9,
    0x0B, 0x8C, 0x7C, 0xCB, 0x66, 0xD0, 0x85, 0xFD, 0xD0, 0x33, 0xE3, 0x6B, 0x55, 0xDB, 0x77, 0x89,
    0x66, 0xA0, 0x9F, 0xEC, 0xC8, 0x60, 0x3F, 0x0C, 0x6C, 0x25, 0x86, 0xED, 0x4C, 0x70, 0x94, 0x0F,
    0x0E, 0x06, 0x9D, 0xAC, 0x63, 0xFF, 0x66, 0xAC, 0xFD, 0x1D, 0x72, 0xFC, 0xBE, 0x9B, 0x0D, 0x17,
    0x43, 0xF5, 0xC2, 0x5D, 0x3E, 0xBC, 0x1C, 0xAC, 0xF7, 0x04, 0x3B, 0x6D, 0xBF, 0x3E, 0xF6, 0xCA,
    0x43, 0x67, 0x31, 0xA5, 0xA5, 0x66, 0xC0, 0x58, 0x39, 0x2C, 0xB3, 0xF5, 0x09, 0x75, 0xBF, 0x74,
    0xF8, 0xE0, 0x82, 0x1A, 0x01, 0x01, 0x7D, 0xC6, 0xBB, 0xA5, 0x06, 0xFB, 0x77, 0x5B, 0x0F, 0xCB,
    0x91, 0xE7, 0xDB, 0xBC, 0x7B, 0x7E, 0xA1, 0x91, 0xD3, 0xDF, 0xBE, 0x73, 0x64, 0x76, 0x35, 0x69,
    0xCF, 0xE7, 0x9D, 0x9A, 0x9C, 0xD1, 0xB6, 0x9D, 0xA7, 0x37, 0x3B, 0x82, 0xB8, 0x2F, 0xBF, 0xF7,
    0x64, 0xEC, 0xEB, 0xE6, 0xF7, 0x1F, 0xEF, 0xE4, 0xF7, 0x7D, 0x15, 0x68, 0x83, 0x5B, 0xB2, 0x7C,
    0x66, 0xE1, 0xD5, 0xAD, 0xDB, 0xBC, 0xFF, 0xFF, 0x7D, 0x82, 0x7C, 0x48, 0xFB, 0xE1, 0xB3, 0x7D,
    0x3C, 0xDB, 0xB9, 0x11, 0x91, 0xF7, 0xA8, 0x7B, 0xF6, 0xF3, 0x55, 0xE1, 0xB0, 0x90, 0xBA, 0xB4,
    0xE3, 0x86, 0x69, 0xBE, 0x4A, 0xFB, 0xFA, 0xFE, 0x83, 0x91, 0xD6, 0xEE, 0x5B, 0x79, 0xEB, 0x0B,
    0xB6, 0x1F, 0x56, 0xB9, 0x16, 0xEE, 0xBA, 0x2B, 0xF8, 0xFB, 0xC0, 0xDF, 0x43, 0xFF, 0xDD, 0xFD,
    0x72, 0xD3, 0x7E, 0xC7, 0xAC, 0xF4, 0x1F, 0xDA, 0xC2, 0x2F, 0xEE, 0xF2, 0x3B, 0x4B, 0x7E, 0xF9,
    0xDB, 0x76, 0xFE, 0x9E, 0x94, 0xFB, 0xA1, 0xFB, 0xF7, 0xBB, 0xE9, 0x2B, 0xB6, 0xA5, 0x65, 0x4B,
    0x1D, 0x4F, 0x49, 0x9D, 0xDF, 0x92, 0x98, 0x2D, 0xA9, 0x34, 0xEC, 0x20, 0xF4, 0x6F, 0x74, 0x35,
    0x76, 0xAF, 0xAF, 0x43, 0x1B, 0xA2, 0xDA, 0x65, 0xB7, 0x7B, 0xA7, 0x4C, 0x6F, 0x8C, 0x4E, 0xDE,
    0xA4, 0x6B, 0xBA, 0x3F, 0xDF, 0x1B, 0x65, 0xB8, 0x29, 0xE0, 0x38, 0x76, 0x86, 0x80, 0xFE, 0x56,
    0x08, 0x48, 0x6B, 0x93, 0x69, 0xD4, 0x03, 0x21, 0x20, 0xE3, 0xC8, 0x91, 0x2D, 0xDC, 0x3E, 0xB8,
    0x2C, 0xA3, 0xD7, 0x7D, 0xDF, 0xF1, 0x24, 0x0F, 0xC7, 0x2B, 0xC5, 0x63, 0xEF, 0x3E, 0xF2, 0x8E,
    0x9D, 0xB8, 0x7E, 0x68, 0xFF, 0x0F, 0x9D, 0x97, 0xBF, 0x6F, 0xD4, 0x48, 0x14, 0xC7, 0xBF, 0x33,
    0xE3, 0x78, 0x7F, 0xD8, 0x9B, 0xDD, 0x22, 0xD2, 0x05, 0xB4, 0x09, 0x41, 0x8A, 0x90, 0x0B, 0x07,
    0x52, 0xB8, 0x58, 0x24, 0xA4, 0x0C, 0x12, 0x7F, 0x80, 0x0B, 0xCA, 0xD3, 0x89, 0x22, 0x15, 0x12,
    0x92, 0x0B, 0x0A, 0x3A, 0x2C, 0x41, 0x41, 0x91, 0x62, 0x2B, 0x6A, 0x23, 0x51, 0x80, 0x10, 0x62,
    0x8B, 0x20, 0xD1, 0xC0, 0xF9, 0x4F, 0xD8, 0x82, 0x92, 0xC2, 0xC5, 0x16, 0x34, 0x48, 0x29, 0x82,
    0x74, 0x27, 0x2D, 0xDC, 0xBD, 0x37, 0x31, 0xE1, 0x97, 0xBD, 0x9E, 0x8D, 0xC7, 0x1B, 0xCF, 0x6E,
    0x66, 0x3E, 0xEF, 0xCD, 0xBC, 0xEF, 0x3C, 0xCF, 0x60, 0x0C, 0x71, 0x04, 0x79, 0x08, 0x15, 0xA0,
    0x35, 0x44, 0xAF, 0x87, 0xCD, 0x57, 0xB8, 0xFC, 0x02, 0x91, 0x4A, 0x13, 0x91, 0x17, 0x98, 0x82,
    0xAE, 0x02, 0x88, 0xE9, 0xD1, 0x3F, 0x76, 0x86, 0xF0, 0xDD, 0xF9, 0x55, 0x3F, 0xF1, 0xA3, 0xF0,
    0xCA, 0x07, 0x40, 0xE4, 0xD0, 0x54, 0x30, 0x01, 0x76, 0x81, 0x9C, 0xDB, 0xA2, 0x09, 0x28, 0x20,
    0x33, 0x64, 0x22, 0xAD, 0xE2, 0x41, 0x6A, 0x3C, 0x86, 0xBA, 0x0B, 0x38, 0xCD, 0x20, 0x36, 0xD6,
    0x85, 0x7A, 0x8F, 0xCE, 0x16, 0x8C, 0x77, 0x20, 0x1C, 0x7C, 0xB8, 0x73, 0x5C, 0xF5, 0x91, 0xF8,
    0x88, 0x42, 0x18, 0x28, 0xE8, 0xFF, 0xC3, 0xB1, 0x3D, 0x36, 0xC1, 0x1F, 0x53, 0x66, 0x56, 0xF8,
    0xB7, 0x42, 0x2E, 0x62, 0x29, 0x17, 0xBB, 0x70, 0xD5, 0xFB, 0x6A, 0x9A, 0x7C, 0x88, 0x95, 0x7B,
    0x0C, 0x51, 0x87, 0x96, 0xB4, 0xFE, 0x0C, 0xB1, 0xAA, 0xF3, 0x2D, 0x86, 0x3C, 0x82, 0xEB, 0x5B,
    0x05, 0xE1, 0x34, 0xAA, 0x42, 0xAB, 0xC2, 0xDF, 0xAE, 0xF4, 0x2E, 0x17, 0x9A, 0x9B, 0x51, 0x60,
    0x6F, 0x40, 0x3D, 0x33, 0x12, 0x68, 0xC4, 0xDE, 0x42, 0xEE, 0x6F, 0xB7, 0x8A, 0x4A, 0xFF, 0x08,
    0x99, 0x2E, 0xC1, 0x72, 0x49, 0x0C, 0xB5, 0xAC, 0xF1, 0x92, 0x7E, 0x81, 0xF4, 0x96, 0xD6, 0xD1,
    0xCA, 0x38, 0x38, 0xF6, 0xB4, 0xFE, 0xCC, 0x19, 0x2C, 0x18, 0xA7, 0x3B, 0x84, 0x3C, 0x5E, 0x2E,
    0x0E, 0x40, 0xAF, 0xCE, 0xBB, 0x54, 0xE8, 0xDB, 0x4F, 0x5F, 0xC7, 0x13, 0x70, 0xF9, 0xFB, 0xE8,
    0xE4, 0x49, 0x35, 0xB2, 0xA0, 0x58, 0x8D, 0xF0, 0x8E, 0xC3, 0x8D, 0x68, 0x75, 0xEF, 0x6B, 0x84,
    0x08, 0x3B, 0xF0, 0xE6, 0xE0, 0xA5, 0x98, 0x0A, 0xB8, 0xB9, 0xC8, 0x15, 0x7D, 0xA9, 0xE9, 0xAD,
    0xC5, 0x84, 0xA4, 0x4E, 0x2B, 0xB8, 0xA2, 0x3F, 0x2E, 0x6F, 0x5D, 0x2C, 0x6A, 0x7B, 0xA2, 0x7F,
    0xB0, 0x76, 0x58, 0x69, 0xB7, 0xED, 0xEE, 0xF7, 0xF2, 0xC1, 0xA0, 0xAE, 0x1F, 0xD0, 0x82, 0x9A,
    0xA1, 0xB3, 0x0D, 0xE3, 0x36, 0xC2, 0x0D, 0x44, 0xAB, 0xD8, 0xFB, 0x4A, 0x00, 0xBE, 0x77, 0x50,
    0x5A, 0xDF, 0xC2, 0xB9, 0xB1, 0x4A, 0x1C, 0xE7, 0xFC, 0xF3, 0x9D, 0x9B, 0x21, 0xB8, 0x5C, 0x99,
    0x9F, 0x3C, 0xA9, 0xF6, 0x85, 0x63, 0xDF, 0x2A, 0x18, 0x52, 0xE1, 0xC1, 0x36, 0xCD, 0xDE, 0x62,
    0x1F, 0x78, 0x45, 0xCE, 0xAA, 0x7B, 0x77, 0xB6, 0x2E, 0x91, 0xEE, 0x16, 0xF5, 0xF6, 0x66, 0x4E,
    0xAC, 0x6A, 0x6C, 0x0B, 0xF4, 0xF3, 0xE0, 0x56, 0xFD, 0xAC, 0x71, 0xB4, 0x78, 0xBD, 0xF5, 0x82,
    0xBA, 0x98, 0x6D, 0x52, 0x9B, 0x2E, 0xDA, 0xB8, 0xAD, 0x37, 0x28, 0x91, 0xFD, 0x5C, 0xEE, 0xEB,
    0xC1, 0x4E, 0x27, 0x40, 0x50, 0x5E, 0xD5, 0x4D, 0x38, 0xFF, 0xB5, 0x81, 0x2C, 0x46, 0x56, 0x5E,
    0x54, 0x17, 0xEF, 0xE0, 0x3D, 0x9E, 0x0E, 0x91, 0x8C, 0x30, 0x8A, 0x10, 0x44, 0x08, 0xE9, 0x2F,
    0xD5, 0x43, 0x24, 0xFD, 0xEB, 0x85, 0xFC, 0xCF, 0x2C, 0xF3, 0x11, 0xB0, 0x66, 0xA2, 0xF2, 0x0F,
    0xC2, 0x55, 0x44, 0x2D, 0xEC, 0x2A, 0xBE, 0xA9, 0x42, 0x5F, 0xE9, 0x47, 0x18, 0x0F, 0x91, 0x9A,
    0x96, 0x5D, 0x4A, 0xA8, 0xC0, 0x00, 0x56, 0x64, 0x0D, 0x12, 0x1A, 0x29, 0x8D, 0xBB, 0xEB, 0x85,
    0x7C, 0x5A, 0x07, 0x41, 0x8E, 0x97, 0xC0, 0x75, 0x3B, 0x32, 0xCC, 0x9C, 0xCE, 0xE0, 0x36, 0x79,
    0xDE, 0x01, 0xAF, 0x40, 0x3C, 0x5F, 0x82, 0x4C, 0x72, 0x74, 0x29, 0x9D, 0xAE, 0x37, 0xCD, 0x09,
    0x27, 0xC9, 0x31, 0x82, 0x14, 0x9F, 0x96, 0x71, 0xDB, 0x23, 0xBA, 0x95, 0xE7, 0x78, 0x02, 0xF1,
    0x17, 0xAB, 0x7A, 0xA9, 0x69, 0xF1, 0x3E, 0xC2, 0x19, 0x40, 0x16, 0x16, 0x7C, 0x6A, 0xF0, 0x16,
    0xE2, 0x81, 0x19, 0x8A, 0xBD, 0x4E, 0x34, 0xD4, 0x11, 0x3A, 0xEB, 0x76, 0x82, 0x59, 0xE1, 0xEC,
    0x66, 0x96, 0x26, 0x1B, 0x21, 0x33, 0x1E, 0xD9, 0xF9, 0x44, 0x0A, 0xBA, 0x4B, 0x34, 0x5E, 0x00,
    0x01, 0x7D, 0x42, 0xF3, 0x24, 0x6B, 0x54, 0x4B, 0x40, 0xF6, 0x70, 0x3A, 0x9A, 0x35, 0xB3, 0xC1,
    0xE0, 0xDD, 0x45, 0xE1, 0xFD, 0x9B, 0x87, 0xFD, 0x1A, 0x63, 0x9C, 0x44, 0x49, 0x65, 0x58, 0x3F,
    0x9B, 0x19, 0x71, 0xF2, 0x7E, 0x1A, 0x37, 0x99, 0x19, 0xD0, 0x27, 0x2C, 0x47, 0x14, 0x9D, 0x71,
    0x44, 0x3F, 0x2D, 0x89, 0x85, 0xD6, 0x98, 0xFF, 0x59, 0x43, 0x5E, 0x38, 0xA3, 0x25, 0x8A, 0xCF,
    0x23, 0xB4, 0xEF, 0x35, 0x0D, 0xEA, 0x2C, 0xE8, 0x11, 0xCA, 0x94, 0xD1, 0x04, 0x37, 0x2A, 0x88,
    0xA5, 0xCE, 0x64, 0xFA, 0xEB, 0x4D, 0xEF, 0x41, 0xA5, 0x47, 0x1E, 0xFA, 0xF3, 0x1F, 0xF4, 0x82,
    0x62, 0xF8, 0xBD, 0x4C, 0xAE, 0xED, 0x7D, 0xE0, 0xD7, 0x06, 0xA5, 0xCE, 0xA9, 0x79, 0xE9, 0x17,
    0xB6, 0xB4, 0xEF, 0x2F, 0xC0, 0xDF, 0x79, 0x1C, 0xC5, 0x52, 0x53, 0x4E, 0x2C, 0xFF, 0xCC, 0xE4,
    0x9B, 0x4C, 0x4E, 0x17, 0x79, 0x16, 0xF3, 0x5E, 0x97, 0x59, 0x98, 0x16, 0x1B, 0x79, 0xB1, 0x49,
    0xCC, 0x6F, 0x77, 0x88, 0xC9, 0x35, 0x18, 0x28, 0x6B, 0x48, 0x95, 0x1A, 0xB2, 0xC2, 0x3A, 0x26,
    0x13, 0x48, 0xDD, 0x84, 0x2D, 0xCC, 0xC8, 0x33, 0x1A, 0xB9, 0x15, 0x96, 0xA5, 0x9C, 0x5B, 0x39,
    0xCC, 0xFA, 0x38, 0x40, 0xFB, 0x8D, 0xF5, 0x3C, 0xD0, 0xCE, 0x60, 0x1F, 0xBC, 0x35, 0x68, 0xC0,
    0xDA, 0xD1, 0xCA, 0x78, 0x37, 0xD0, 0x5A, 0x66, 0xD3, 0x4D, 0x59, 0x44, 0xE9, 0xF2, 0x90, 0x31,
    0x96, 0x48, 0x3C, 0x8C, 0x7A, 0x18, 0x06, 0xE8, 0xEE, 0x42, 0x15, 0xE5, 0x78, 0x4F, 0xEF, 0x15,
    0xEA, 0xC4, 0x47, 0x8C, 0xA2, 0x97, 0x0C, 0xA3, 0x20, 0x8C, 0xFC, 0xA4, 0x97, 0xB5, 0x72, 0x95,
    0x2B, 0xDD, 0xC2, 0x1D, 0xEC, 0x37, 0x03, 0x60, 0x0E, 0x37, 0x7C, 0xB6, 0xA9, 0x62, 0x44, 0x77,
    0x06, 0xFB, 0x90, 0xE6, 0xA8, 0xC0, 0x7B, 0x38, 0xDD, 0xCC, 0x13, 0xDC, 0x7C, 0xCA, 0x91, 0xAE,
    0x73, 0x89, 0x8F, 0x30, 0x07, 0xE0, 0x7D, 0x15, 0x6C, 0xDC, 0xBB, 0x70, 0x93, 0xA3, 0x50, 0x07,
    0xFB, 0x1F, 0x75, 0x54, 0x4D, 0x6C, 0x1B, 0x45, 0x14, 0xFE, 0x66, 0xD7, 0x3F, 0xB5, 0xBD, 0x76,
    0xF7, 0xE0, 0x54, 0x14, 0x8C, 0xBC, 0x54, 0x5B, 0xB1, 0x32, 0x96, 0xBC, 0x89, 0x36, 0x10, 0x95,
    0x0A, 0x86, 0x4B, 0xE1, 0xC0, 0xC1, 0x12, 0x09, 0x1C, 0x50, 0x25, 0xB7, 0xA2, 0x07, 0xD2, 0x03,
    0xDB, 0x40, 0x4F, 0x55, 0x95, 0x69, 0x2B, 0x91, 0x0A, 0x38, 0x18, 0x5C, 0x71, 0x1E, 0x08, 0x07,
    0x37, 0xE5, 0x60, 0xE0, 0x80, 0x90, 0xA8, 0x3B, 0x09, 0x87, 0x8A, 0x2A, 0x95, 0x2C, 0xCE, 0xAD,
    0x14, 0x24, 0xAE, 0x88, 0x25, 0xCA, 0xA1, 0x85, 0xD8, 0xE6, 0xED, 0xAE, 0x13, 0x87, 0xB4, 0x7D,
    0xDF, 0xCE, 0xE8, 0xBD, 0x79, 0x6F, 0xDE, 0xBC, 0xF7, 0xE6, 0xED, 0x00, 0x49, 0x9C, 0xC5, 0x2C,
    0xEA, 0x8F, 0x00, 0x28, 0xE2, 0x18, 0x4F, 0x72, 0xF6, 0x08, 0x2A, 0x88, 0xB1, 0x38, 0x04, 0x2A,
    0x6D, 0xC2, 0xCA, 0x8A, 0xDC, 0x3B, 0x4C, 0xEE, 0xF6, 0x9E, 0x0C, 0x8B, 0x57, 0xDA, 0x13, 0xB3,
    0xE1, 0x28, 0xBA, 0xBE, 0xB4, 0x7D, 0xBF, 0x69, 0x7B, 0x6E, 0x43, 0x76, 0x5C, 0xDB, 0x14, 0x93,
    0x6A, 0x41, 0x2C, 0x8B, 0xA3, 0x62, 0x41, 0x9D, 0x16, 0x2D, 0xD8, 0x4D, 0x4F, 0x4D, 0xAA, 0xD3,
    0xFC, 0x6B, 0xFE, 0x03, 0x69, 0x6C, 0xC5, 0xA0, 0x73, 0x9D, 0x3F, 0x7F, 0xED, 0x85, 0xB6, 0x06,
    0x8D, 0xEB, 0x3B, 0x10, 0xE1, 0xBA, 0xC6, 0x5F, 0x6E, 0x1F, 0x9A, 0x0D, 0xE5, 0x5D, 0x4E, 0x98,
    0x37, 0xFB, 0x37, 0x4D, 0xBE, 0xD5, 0x0F, 0xB8, 0x3D, 0x03, 0x29, 0x83, 0x00, 0x34, 0x37, 0x83,
    0x60, 0x83, 0x72, 0x93, 0x24, 0x60, 0xFE, 0x31, 0x69, 0x87, 0x89, 0x57, 0x1E, 0x93, 0x34, 0xE3,
    0xC5, 0x6E, 0xB7, 0x5B, 0xDC, 0xA5, 0x6B, 0xE2, 0xFA, 0x58, 0x38, 0xA4, 0xCD, 0xEF, 0xF2, 0xE5,
    0xD0, 0xC5, 0xB4, 0x52, 0x80, 0xBB, 0x26, 0x00, 0xFF, 0x17, 0x72, 0xE8, 0xFE, 0xFA, 0x5E, 0x06,
    0xD3, 0xF7, 0xEF, 0xBD, 0xC4, 0xCB, 0x2F, 0x7E, 0x7C, 0x4A, 0x61, 0xE1, 0x84, 0x54, 0x58, 0x3B,
    0xD1, 0x50, 0xEC, 0xD2, 0x27, 0xE7, 0x84, 0x8E, 0xED, 0x1A, 0x22, 0x8A, 0xF6, 0xC6, 0x9B, 0xE1,
    0xAF, 0x0A, 0x8C, 0xB6, 0xC3, 0xBD, 0x63, 0x27, 0x99, 0x98, 0x5E, 0xFF, 0xF3, 0xD8, 0xA7, 0x9D,
    0xF2, 0xD1, 0x25, 0x77, 0xDD, 0xC3, 0xC2, 0x15, 0xFF, 0x9E, 0x8D, 0xDF, 0xAE, 0xF8, 0xEB, 0x36,
    0x5B, 0xBD, 0xED, 0xDE, 0x75, 0x75, 0xFC, 0x5C, 0x7B, 0x7D, 0x23, 0xF6, 0x93, 0x34, 0x6C, 0x17,
    0x49, 0xCB, 0xF0, 0x6D, 0x35, 0x49, 0x5E, 0x92, 0xCF, 0x09, 0xE3, 0x43, 0x6E, 0xDF, 0xC6, 0xE4,
    0x67, 0xA1, 0xD6, 0x72, 0x8C, 0x14, 0x8E, 0x70, 0x47, 0x19, 0x32, 0xE5, 0x02, 0x47, 0xDE, 0x80,
    0x73, 0x17, 0xC6, 0x32, 0x52, 0x53, 0x3C, 0xDA, 0x9D, 0x25, 0x58, 0xC2, 0x12, 0xDC, 0x04, 0xD2,
    0x30, 0xE0, 0x11, 0x4A, 0xC4, 0x45, 0x91, 0xA0, 0x1A, 0xE9, 0xAB, 0xC4, 0x01, 0x66, 0x29, 0x51,
    0x2D, 0x95, 0x72, 0xF0, 0xB5, 0x55, 0x85, 0x1F, 0xE1, 0x55, 0x0F, 0x5A, 0x17, 0x92, 0x6C, 0x4D,
    0xA4, 0x21, 0x4B, 0x09, 0xC7, 0xAA, 0x66, 0xC2, 0x4A, 0x8B, 0xEF, 0x94, 0x1C, 0xA1, 0xA1, 0xEA,
    0x94, 0x9A, 0x54, 0x7F, 0xF7, 0x80, 0x9A, 0x38, 0xD9, 0x31, 0x5C, 0x82, 0x3C, 0x28, 0x0A, 0xC8,
    0x93, 0x65, 0x06, 0x05, 0x9A, 0x27, 0xE6, 0x50, 0x59, 0xA1, 0x40, 0xB8, 0xA5, 0xF1, 0xC3, 0x87,
    0xC1, 0x24, 0x52, 0x5B, 0x70, 0x52, 0xA8, 0x33, 0x11, 0x27, 0xA7, 0x20, 0xE8, 0xF6, 0xC9, 0x3A,
    0x8F, 0xA7, 0x31, 0x85, 0x53, 0x82, 0x93, 0x22, 0x8C, 0x9C, 0xA9, 0x58, 0x0D, 0xBC, 0xF2, 0x17,
    0x4D, 0x5A, 0x58, 0x8C, 0xB4, 0x4F, 0x53, 0x61, 0x86, 0x24, 0x4E, 0xB5, 0xD5, 0x39, 0x24, 0xDE,
    0x4A, 0x24, 0x3E, 0xC7, 0xAD, 0xED, 0xF2, 0x90, 0xA7, 0x15, 0x02, 0x18, 0x1B, 0xFA, 0xB7, 0x28,
    0xF9, 0xBA, 0x11, 0x7B, 0x0F, 0x1B, 0x9B, 0xFE, 0x09, 0x03, 0x36, 0x7C, 0x28, 0x4D, 0x84, 0x07,
    0x95, 0x28, 0x59, 0x89, 0xEB, 0x7F, 0xF4, 0x88, 0x1E, 0xC6, 0xF3, 0xEC, 0xFC, 0x33, 0x39, 0xA2,
    0x0F, 0xE2, 0x79, 0xA2, 0x76, 0xF9, 0x21, 0xCE, 0x6C, 0xBE, 0x4B, 0xF5, 0xA1, 0x23, 0x7C, 0x1A,
    0x1B, 0x39, 0x3A, 0x6C, 0x86, 0x0A, 0xE5, 0x93, 0xAB, 0x66, 0xE4, 0x39, 0x43, 0x3E, 0x0A, 0x08,
    0x22, 0xBE, 0x76, 0x49, 0x9C, 0xD9, 0x54, 0x98, 0x52, 0x38, 0xA7, 0xF0, 0xBB, 0xD2, 0x5F, 0x13,
    0x59, 0x26, 0x8C, 0x28, 0xC3, 0x0C, 0x13, 0x05, 0x2D, 0x4C, 0xE2, 0xAB, 0x2E, 0xBE, 0x7F, 0x47,
    0x48, 0xA6, 0xA4, 0x26, 0x24, 0x55, 0xF4, 0x59, 0x34, 0x3C, 0xD4, 0xC3, 0xB2, 0x43, 0xFA, 0x08,
    0xFC, 0x38, 0xDE, 0xC5, 0x01, 0xD5, 0xC1, 0xA1, 0x63, 0x7A, 0x4C, 0xE9, 0x3C, 0x8B, 0x89, 0xFA,
    0x8D, 0xED, 0xD6, 0xA0, 0x35, 0x24, 0x0C, 0x5A, 0xFD, 0xD6, 0x83, 0x2F, 0x30, 0x06, 0x51, 0x6E,
    0xC8, 0x5F, 0xDD, 0xFC, 0xDF, 0x57, 0xFE, 0x97, 0xB3, 0x39, 0xD2, 0xDC, 0x7A, 0xB0, 0xD4, 0x5F,
    0x1A, 0x2C, 0x0D, 0x69, 0x0C, 0x6E, 0x6C, 0xCF, 0xD5, 0x19, 0xD7, 0x04, 0x13, 0x8B, 0x03, 0xBD,
    0x97, 0xED, 0xE4, 0x3D, 0x32, 0xF8, 0xC8, 0x0E, 0x1D, 0xD8, 0x33, 0x25, 0x63, 0xDF, 0x85, 0x3C,
    0x81, 0xC6, 0x17, 0xB8, 0xDF, 0xD5, 0x7E, 0x59, 0x0A, 0x19, 0x55, 0x3A, 0x4D, 0x35, 0x32, 0x28,
    0x19, 0x17, 0xBE, 0x68, 0x52, 0x8B, 0x64, 0x39, 0xF8, 0xF9, 0xEE, 0xDB, 0x5C, 0xB0, 0x9F, 0xA0,
    0x7D, 0x83, 0xA7, 0xB2, 0x68, 0xB0, 0xA8, 0x45, 0x39, 0xCC, 0xAB, 0xC8, 0xB7, 0x91, 0xDE, 0xC2,
    0xD9, 0x7F, 0x90, 0x0B, 0xE0, 0x50, 0x63, 0xC7, 0xD1, 0x38, 0x84, 0x88, 0x3C, 0x58, 0x31, 0x53,
    0xA4, 0x66, 0xA5, 0x5F, 0xE0, 0xAA, 0xB1, 0x5C, 0xB2, 0xEF, 0xB8, 0x53, 0x6F, 0x36, 0x62, 0xB3,
    0x1D, 0xBB, 0xD8, 0x36, 0x6F, 0xE1, 0x00, 0x76, 0xEC, 0xC3, 0x0D, 0xD1, 0xA2, 0x17, 0xF5, 0xE5,
    0x88, 0x68, 0x31, 0x31, 0x62, 0xC9, 0x38, 0x56, 0x79, 0xDE, 0xCE, 0x4A, 0xCC, 0x50, 0xCB, 0xD5,
    0x47, 0x2B, 0x26, 0xB8, 0xA7, 0x29, 0x13, 0x7C, 0x24, 0x37, 0x23, 0x2D, 0x46, 0x41, 0x1E, 0x70,
    0x1A, 0x79, 0xC7, 0x8F, 0xC3, 0x58, 0x1C, 0xF6, 0x63, 0x26, 0x1F, 0x2E, 0x76, 0xE2, 0xC0, 0xEA,
    0x01, 0x39, 0x0A, 0x64, 0xF4, 0x52, 0xED, 0xFD, 0xE8, 0x85, 0x79, 0x7F, 0xFC, 0xF0, 0x7C, 0x79,
    0x79, 0x65, 0x2C, 0x5C, 0x3C, 0x3E, 0xE6, 0x51, 0x3C, 0x7E, 0x71, 0x2C, 0x38, 0x73, 0x63, 0x8D,
    0xB9, 0xD7, 0xC1, 0x7F, 0xC5, 0x50, 0x31, 0x4A, 0xC4, 0x50, 0x10, 0x7D, 0xFB, 0xD7, 0xEC, 0xBA,
    0x6C, 0x84, 0xCF, 0x92, 0x40, 0x40, 0x36, 0x7C, 0x97, 0xD5, 0x42, 0x25, 0x1B, 0xD6, 0xD8, 0x04,
    0xC4, 0xC1, 0x13, 0x04, 0x1B, 0xDB, 0x44, 0xB4, 0x49, 0x25, 0x41, 0x2C, 0x75, 0x8E, 0x90, 0xC6,
    0x03, 0x68, 0x6B, 0x6F, 0x3D, 0x78, 0x15, 0x2F, 0xE2, 0xFC, 0xD5, 0x42, 0x4F, 0xE0, 0x9B, 0x5F,
    0xCC, 0x30, 0xFF, 0xBD, 0x79, 0x33, 0x29, 0x3A, 0xEE, 0xC5, 0x47, 0xC7, 0x19, 0x1C, 0x9C, 0xC2,
    0x1A, 0x4C, 0xB1, 0x8B, 0x13, 0xBC, 0xF1, 0x15, 0x19, 0x1C, 0x52, 0x8D, 0x1B, 0x1C, 0xD1, 0x40,
    0x0C, 0x3F, 0x62, 0x4A, 0x05, 0x9E, 0xF1, 0xAE, 0xA4, 0x46, 0x56, 0x68, 0xD9, 0xF0, 0x10, 0x63,
    0xEC, 0x20, 0x44, 0x84, 0x54, 0xC5, 0x3A, 0x3A, 0x47, 0x23, 0x2F, 0x92, 0x21, 0xC3, 0xAB, 0xFE,
    0x7A, 0x90, 0x58, 0x0C, 0x9D, 0x69, 0x7F, 0x8E, 0x39, 0x85, 0x00, 0x62, 0xC4, 0x04, 0xB4, 0x14,
    0x53, 0x8C, 0xED, 0x24, 0xF7, 0x48, 0xB6, 0x28, 0xCF, 0x97, 0xD1, 0x32, 0xAF, 0xB5, 0x53, 0x4A,
    0xCE, 0x4E, 0xC3, 0x52, 0xFA, 0xC7, 0xDC, 0xA4, 0x1C, 0x29, 0x82, 0x0C, 0xB3, 0xCD, 0xD0, 0x10,
    0x05, 0x9E, 0x28, 0xC3, 0x25, 0x1B, 0x5A, 0x61, 0xC0, 0x17, 0x6A, 0xEE, 0x3F, 0x8D, 0x07, 0xEA,
    0x6B, 0xC4, 0x0D, 0x5F, 0x73, 0xA4, 0xF9, 0x29, 0xDF, 0x4A, 0x8D, 0x82, 0x46, 0x3E, 0x97, 0xAA,
    0xAF, 0xFA, 0x5C, 0x02, 0x80, 0xD6, 0x5E, 0x0D, 0x6B, 0x22, 0xD5, 0x98, 0x31, 0xA4, 0x95, 0x3D,
    0x9E, 0xC0, 0xEA, 0xE5, 0xF7, 0x51, 0x88, 0xFB, 0x59, 0xDC, 0xD7, 0x8E, 0x16, 0x38, 0x46, 0x89,
    0x05, 0x69, 0xED, 0x36, 0xB0, 0x81, 0x8A, 0x7D, 0xC2, 0x7D, 0xD0, 0xF7, 0xB3, 0x84, 0xE0, 0x17,
    0xCB, 0x4F, 0x72, 0x95, 0xAB, 0x0A, 0x39, 0x50, 0xBE, 0x55, 0xBF, 0x8D, 0xDE, 0x68, 0x8C, 0x21,
    0x12, 0xD8, 0xFB, 0x3B, 0x6F, 0xF7, 0x0B, 0x5D, 0x93, 0x41, 0x88, 0xDC, 0x54, 0x18, 0xC7, 0x7F,
    0x99, 0xEC, 0x6E, 0xB6, 0x7D, 0x93, 0x8C, 0x42, 0x85, 0xB1, 0xCD, 0xEC, 0x78, 0x18, 0x71, 0xC4,
    0xCC, 0x6E, 0xAC, 0x11, 0x22, 0xB5, 0x34, 0x42, 0x4F, 0x82, 0xB2, 0x07, 0xA7, 0x54, 0xB4, 0xD2,
    0x43, 0x05, 0x0F, 0xDD, 0x25, 0x42, 0x85, 0x05, 0xBB, 0xDB, 0x80, 0x78, 0x58, 0xE8, 0x61, 0x60,
    0x40, 0xF0, 0x16, 0x6A, 0x05, 0x1D, 0xD8, 0x6D, 0xC0, 0xF1, 0xA2, 0xB0, 0x93, 0x83, 0x20, 0x2D,
    0x2C, 0xE4, 0x22, 0x5E, 0x44, 0xA3, 0x6C, 0x97, 0x55, 0x44, 0xE7, 0xB0, 0x60, 0xCB, 0xD8, 0x8D,
    0xEF, 0xA5, 0x56, 0xD4, 0xF7, 0x7E, 0xEF, 0xBD, 0x2F, 0xE1, 0x7B, 0xDF, 0xFB, 0xDE, 0x3F, 0x5F,
    0x44, 0x86, 0x1F, 0x10, 0x42, 0xD8, 0x25, 0xFC, 0x05, 0x37, 0xA3, 0x73, 0x9B, 0x99, 0x9F, 0x21,
    0x2B, 0x29, 0x50, 0xED, 0x43, 0x8C, 0x02, 0x6B, 0x9B, 0xE7, 0xAE, 0x72, 0xFC, 0x2C, 0xC7, 0x5B,
    0x3C, 0xF3, 0x18, 0x27, 0x5C, 0xE6, 0x5D, 0x6A, 0x13, 0x0E, 0xED, 0x50, 0x8D, 0xA8, 0xDC, 0xA5,
    0x76, 0x06, 0x07, 0x3C, 0xC9, 0x8B, 0xB8, 0x77, 0x71, 0x73, 0xBC, 0x0C, 0x27, 0xC3, 0xCA, 0x30,
    0x0E, 0x54, 0x98, 0xC3, 0x03, 0xAB, 0x6B, 0xA2, 0x7A, 0xED, 0x9E, 0xF5, 0x8A, 0xC9, 0x95, 0x4C,
    0xD9, 0x72, 0xA7, 0x78, 0x55, 0xAE, 0x8A, 0xE5, 0x98, 0xB9, 0x45, 0x85, 0x34, 0xAA, 0xA8, 0x70,
    0x23, 0x99, 0x41, 0x25, 0x42, 0xE7, 0xC6, 0xE4, 0xCF, 0xE1, 0x49, 0x2B, 0x76, 0x44, 0xEC, 0x8B,
    0x78, 0x45, 0xC4, 0x77, 0x44, 0xBC, 0x27, 0xAE, 0xBD, 0x25, 0x74, 0x98, 0x86, 0xFA, 0x2C, 0x1D,
    0x93, 0x79, 0x93, 0xA7, 0x4C, 0x8A, 0x22, 0x78, 0x7C, 0x5B, 0x6E, 0x0C, 0xDA, 0x1B, 0xB4, 0x4E,
    0x96, 0x74, 0x18, 0xC0, 0x6E, 0x46, 0x96, 0x90, 0xBD, 0x4D, 0xF6, 0x59, 0xB0, 0xFB, 0xC3, 0xF8,
    0x40, 0x0F, 0xB2, 0x7F, 0xA8, 0x8C, 0x65, 0x7E, 0xCA, 0x27, 0x25, 0xCF, 0xC9, 0x3F, 0xBA, 0x93,
    0x7F, 0xCB, 0xE4, 0x6B, 0x26, 0x7A, 0xF6, 0x53, 0x34, 0xFC, 0x31, 0xB5, 0xF3, 0xDC, 0xC9, 0xDF,
    0xDD, 0x97, 0x3E, 0x8B, 0xF1, 0xF9, 0x78, 0x1C, 0x87, 0xE3, 0x9E, 0xBB, 0x93, 0x3E, 0xFD, 0x49,
    0x5A, 0x14, 0xE3, 0x27, 0x5E, 0x8A, 0x8E, 0x99, 0x51, 0xB3, 0x16, 0x58, 0x22, 0xB0, 0x0C, 0x06,
    0xBD, 0xF3, 0x1F, 0x0F, 0xC3, 0x9E, 0x1D, 0xF6, 0xFF, 0xC7, 0x54, 0xDC, 0xD7, 0xB2, 0x7E, 0x11,
    0xA0, 0x81, 0x41, 0xA5, 0x48, 0xE5, 0x2C, 0x26, 0x38, 0x35, 0x3C, 0x81, 0x6B, 0x28, 0xA4, 0x21,
    0x1F, 0xC5, 0x1F, 0xF7, 0xC5, 0x0A, 0xA6, 0xBB, 0xB0, 0x85, 0xF1, 0x01, 0x16, 0xD8, 0x52, 0x8A,
    0x7D, 0x25, 0xC8, 0x5A, 0x4C, 0x67, 0x51, 0x69, 0x25, 0x5E, 0x90, 0x41, 0x94, 0x67, 0xBD, 0x82,
    0x6D, 0x62, 0xFB, 0xD8, 0x09, 0x8D, 0x94, 0xE2, 0x80, 0x46, 0x86, 0x1D, 0x62, 0x3B, 0xD8, 0x16,
    0xB6, 0x4C, 0x69, 0xC0, 0x99, 0x6F, 0xD0, 0x52, 0xB4, 0xEF, 0xD0, 0x72, 0xC4, 0x57, 0x3C, 0xBA,
    0x47, 0x25, 0xA3, 0x96, 0xF2, 0x48, 0xAA, 0xDE, 0x2F, 0xE4, 0xF0, 0xE6, 0x65, 0x98, 0x11, 0xF2,
    0x5C, 0x29, 0xA8, 0xA9, 0x07, 0x54, 0xE5, 0xB0, 0x75, 0x91, 0xB5, 0x85, 0x9F, 0xF8, 0x0D, 0x37,
    0x7C, 0x76, 0x18, 0xC6, 0xA7, 0xA2, 0x51, 0x5A, 0x96, 0x45, 0x39, 0xA4, 0x49, 0x04, 0x2B, 0x7C,
    0xAF, 0xDD, 0xD2, 0x6E, 0xB1, 0xCD, 0xAF, 0x5C, 0x9A, 0xBA, 0xD4, 0xD8, 0x3B, 0x71, 0xF5, 0x9A,
    0xC9, 0x61, 0xD9, 0xCF, 0x71, 0xE1, 0x68, 0x8F, 0xCE, 0x65, 0xD6, 0x36, 0x03, 0xC7, 0x62, 0xE9,
    0x0D, 0x96, 0x96, 0x98, 0x1F, 0xD2, 0x09, 0x68, 0xF3, 0x37, 0xAA, 0x8D, 0x22, 0xE3, 0xD3, 0x5E,
    0xA3, 0x8E, 0x53, 0xC7, 0x93, 0xCC, 0xC5, 0xDE, 0xDC, 0xD8, 0xAF, 0x27, 0x4E, 0x3D, 0xA9, 0x9D,
    0x4D, 0x2A, 0x45, 0x4E, 0xBD, 0x74, 0xEB, 0x51, 0xC9, 0xD1, 0x13, 0x0C, 0x8F, 0x1B, 0x5B, 0x51,
    0xE3, 0x1C, 0xCB, 0x9B, 0xD1, 0xEA, 0x6B, 0x81, 0xA7, 0x13, 0xEA, 0x51, 0xAE, 0xA5, 0xC7, 0x76,
    0x78, 0xF2, 0x62, 0x59, 0x46, 0x96, 0x2A, 0x9B, 0x99, 0x9C, 0xD1, 0x80, 0x77, 0xBA, 0xAA, 0xB8,
    0xFD, 0x69, 0x9A, 0xF7, 0xEE, 0x1F, 0x86, 0xB6, 0x15, 0x88, 0x2F, 0xA2, 0x46, 0x0B, 0xBF, 0x85,
    0xF7, 0x00, 0x69, 0x3B, 0x2D, 0x6A, 0x17, 0xA4, 0xA4, 0x01, 0x2D, 0xE5, 0x36, 0xDB, 0xC2, 0xF6,
    0x64, 0x9C, 0xC8, 0xF1, 0xF8, 0x0F, 0x3E, 0x4E, 0x53, 0x5D, 0x9D, 0x85, 0x1E, 0xB7, 0x63, 0xAD,
    0x14, 0x10, 0x59, 0x1A, 0x0B, 0x81, 0xCC, 0xEF, 0xE1, 0xD3, 0xE1, 0xC6, 0xAE, 0xBB, 0xF2, 0x5E,
    0xD2, 0x2C, 0xA2, 0x7A, 0x5F, 0x79, 0x0D, 0x06, 0x5D, 0xD9, 0x46, 0x07, 0x95, 0xF4, 0xDF, 0x7D,
    0x70, 0xBD, 0xB9, 0xA8, 0x07, 0xA3, 0x7D, 0x3D, 0xD8, 0x24, 0x91, 0xFF, 0x8C, 0x2D, 0x73, 0x36,
    0x98, 0x85, 0xEA, 0x43, 0x58, 0x39, 0xAB, 0xF0, 0xF2, 0x98, 0x65, 0x8D, 0xD7, 0x75, 0xAA, 0x06,
    0x55, 0x0B, 0xF3, 0x22, 0xB5, 0x5C, 0xC5, 0xEB, 0x40, 0xBF, 0xE4, 0x4A, 0x21, 0x77, 0xDB, 0x3A,
    0x87, 0xF4, 0x2F, 0x6F, 0xEA, 0x37, 0x9F, 0x17, 0x11, 0x53, 0xF2, 0xAB, 0x9C, 0x2A, 0x53, 0x3B,
    0xF2, 0x40, 0xDE, 0x55, 0x44, 0x91, 0xDB, 0x6D, 0xDF, 0x6F, 0x3B, 0x5E, 0xDB, 0x76, 0x8F, 0x54,
    0x5D, 0x14, 0x47, 0xAF, 0xD3, 0x59, 0xC6, 0x31, 0x4A, 0x04, 0xAB, 0x1B, 0x6C, 0xC5, 0xAA, 0xB8,
    0x8A, 0x4C, 0xCD, 0x12, 0x4E, 0xC3, 0x6F, 0x18, 0xBF, 0xA7, 0x8D, 0xF5, 0xA4, 0xBD, 0xEE, 0x79,
    0xEB, 0xBE, 0xF7, 0x7E, 0xDB, 0x2B, 0x43, 0x4A, 0x7D, 0x8D, 0x88, 0x66, 0x21, 0xFF, 0x98, 0x6A,
    0xBA, 0x96, 0x7E, 0x3E, 0x4C, 0xFC, 0xA4, 0x9D, 0x84, 0xA3, 0x5C, 0xAE, 0x76, 0xE2, 0x24, 0x2B,
    0xA3, 0xBC, 0x9A, 0x4E, 0x05, 0xB2, 0x40, 0xF7, 0x1D, 0x79, 0xB3, 0x50, 0x76, 0xA9, 0x9A, 0x7C,
    0x92, 0xC9, 0xC9, 0xF1, 0x17, 0xB3, 0xFF, 0x27, 0x1A, 0x02, 0x00, 0x63, 0x0C, 0x08, 0xE1, 0x9F,
    0xF4, 0x42, 0x86, 0x99, 0x01, 0x88, 0xF6, 0xDF, 0xFF, 0x00, 0x61, 0xA0, 0x21, 0xC6, 0x00, 0xFE,
    0xD9, 0x32, 0xAC, 0x32, 0x0C, 0xFB, 0x4F, 0xCB, 0x70, 0x23, 0x43, 0xC6, 0x40, 0xA0, 0x38, 0x90,
    0xC6, 0x10, 0x0F, 0x08, 0x61, 0xE0, 0x9F, 0xF4, 0xF2, 0x00, 0x50, 0x6B, 0x03, 0x10, 0x03, 0xCD,
    0xFD, 0x08, 0x64, 0x33, 0xE2, 0xC4, 0x40, 0xF5, 0x0E, 0x10, 0xF5, 0x10, 0x3E, 0x21, 0xF5, 0xAC,
    0x0E, 0x0C, 0x76, 0x1F, 0x18, 0x36, 0x98, 0x30, 0x2C, 0x00, 0xA2, 0xFF, 0x0D, 0x0B, 0x20, 0x0C,
    0x38, 0xB2, 0x60, 0x58, 0x20, 0x7F, 0x80, 0x01, 0x08, 0x58, 0x81, 0xD8, 0xEE, 0x02, 0x03, 0x43,
    0x41, 0x01, 0x18, 0xEB, 0x7F, 0xFC, 0xCF, 0x60, 0xC0, 0x50, 0xC0, 0x60, 0x02, 0xC4, 0xF2, 0x0E,
    0x05, 0x0C, 0x8C, 0x1F, 0x80, 0xE2, 0x26, 0x05, 0x0C, 0x02, 0x40, 0x6C, 0xFF, 0xC0, 0xDE, 0x01,
    0xA4, 0x05, 0x00, 0x63, 0x60, 0x00, 0x02, 0x76, 0x07, 0x06, 0x06, 0xF9, 0x0B, 0x0C, 0x0C, 0x55,
    0x5B, 0x18, 0x18, 0x0F, 0xC8, 0x32, 0xB0, 0xFF, 0xF7, 0x77, 0x90, 0xFF, 0xCF, 0x7F, 0xC1, 0xFE,
    0x8F, 0xFD, 0x07, 0xF9, 0x2F, 0xFF, 0x2F, 0xB0, 0xFF, 0xFB, 0xEF, 0xC0, 0xF8, 0xF3, 0x2F, 0x03,
    0x43, 0xC9, 0x17, 0x88, 0x3A, 0x90, 0x7A, 0x20, 0x00, 0x00,
};

static const EpdGlyph notosans_c15_regularGlyphs[] = {
    { 0, 0, 0, 0, 0, 0, 0 }, // U+0000
    { 0, 0, 62, 0, 0, 0, 0 }, // U+000D
    { 0, 0, 62, 0, 0, 0, 0 }, // U+0020
    { 2, 12, 65, 1, 11, 6, 0 }, // !
    { 6, 5, 98, 0, 11, 8, 6 }, // "
    { 10, 11, 155, 0, 11, 28, 14 }, // #
    { 8, 13, 137, 0, 12, 26, 42 }, // $
    { 12, 12, 199, 0, 11, 36, 68 }, // %
    { 11, 12, 176, 0, 11, 33, 104 }, // &
    { 3, 5, 54, 0, 11, 4, 137 }, // '
    { 5, 14, 72, 0, 11, 18, 141 }, // (
    { 4, 14, 72, 0, 11, 14, 159 }, // )
    { 8, 8, 132, 0, 12, 16, 173 }, // *
    { 8, 8, 137, 0, 9, 16, 189 }, // +
    { 3, 4, 64, 0, 2, 3, 205 }, // ,
    { 5, 2, 77, 0, 5, 3, 208 }, // -
    { 2, 3, 64, 1, 2, 2, 211 }, // .
    { 6, 11, 89, 0, 11, 17, 213 }, // /
    { 8, 12, 140, 0, 11, 24, 230 }, // 0
    { 5, 11, 106, 0, 11, 14, 254 }, // 1
    { 8, 11, 133, 0, 11, 22, 268 }, // 2
    { 8, 12, 137, 0, 11, 24, 290 }, // 3
    { 9, 11, 137, 0, 11, 25, 314 }, // 4
    { 8, 12, 137, 0, 11, 24, 339 }, // 5
    { 8, 12, 137, 0, 11, 24, 363 }, // 6
    { 8, 11, 123, 0, 11, 22, 387 }, // 7
    { 8, 12, 141, 0, 11, 24, 409 }, // 8
    { 8, 12, 137, 0, 11, 24, 433 }, // 9
    { 2, 10, 64, 1, 9, 5, 457 }, // :
    { 3, 11, 64, 0, 9, 9, 462 }, // ;
    { 8, 9, 137, 0, 10, 18, 471 }, // <
    { 8, 5, 137, 0, 8, 10, 489 }, // =
    { 8, 9, 137, 0, 10, 18, 499 }, // >
    { 7, 12, 104, 0, 11, 21, 517 }, // ?
    { 13, 13, 216, 0, 11, 43, 538 }, // @
    { 10, 11, 153, 0, 11, 28, 581 }, // A
    { 8, 11, 156, 1, 11, 22, 609 }, // B
    { 10, 12, 152, 0, 11, 30, 631 }, // C
    { 10, 11, 175, 1, 11, 28, 661 }, // D
    { 7, 11, 133, 1, 11, 20, 689 }, // E
    { 7, 11, 125, 1, 11, 20, 709 }, // F
    { 10, 12, 175, 0, 11, 30, 729 }, // G
    { 9, 11, 178, 1, 11, 25, 759 }, // H
    { 5, 11, 81, 0, 11, 14, 784 }, // I
    { 5, 14, 66, -2, 11, 18, 798 }, // J
    { 9, 11, 149, 1, 11, 25, 816 }, // K
    { 7, 11, 126, 1, 11, 20, 841 }, // L
    { 12, 11, 218, 1, 11, 33, 861 }, // M
    { 9, 11, 182, 1, 11, 25, 894 }, // N
    { 11, 12, 187, 0, 11, 33, 919 }, // O
    { 8, 11, 145, 1, 11, 22, 952 }, // P
    { 11, 14, 187, 0, 11, 39, 974 }, // Q
    { 9, 11, 149, 1, 11, 25, 1013 }, // R
    { 8, 12, 132, 0, 11, 24, 1038 }, // S
    { 9, 11, 133, 0, 11, 25, 1062 }, // T
    { 9, 12, 175, 1, 11, 27, 1087 }, // U
    { 9, 11, 144, 0, 11, 25, 1114 }, // V
    { 14, 11, 223, 0, 11, 39, 1139 }, // W
    { 9, 11, 141, 0, 11, 25, 1178 }, // X
    { 9, 11, 136, 0, 11, 25, 1203 }, // Y
    { 8, 11, 137, 0, 11, 22, 1228 }, // Z
    { 4, 14, 79, 1, 11, 14, 1250 }, // [
    { 6, 11, 89, 0, 11, 17, 1264 }, // <backslash>
    { 4, 14, 79, 0, 11, 14, 1281 }, // ]
    { 9, 7, 137, 0, 11, 16, 1295 }, // ^
    { 8, 2, 107, -1, -1, 4, 1311 }, // _
    { 4, 3, 67, 0, 12, 3, 1315 }, // `
    { 8, 10, 135, 0, 9, 20, 1318 }, // a
    { 8, 13, 148, 1, 12, 26, 1338 }, // b
    { 7, 10, 115, 0, 9, 18, 1364 }, // c
    { 8, 13, 148, 0, 12, 26, 1382 }, // d
    { 8, 10, 135, 0, 9, 20, 1408 }, // e
    { 6, 12, 83, 0, 12, 18, 1428 }, // f
    { 8, 13, 148, 0, 9, 26, 1446 }, // g
    { 8, 12, 148, 1, 12, 24, 1472 }, // h
    { 2, 12, 62, 1, 12, 6, 1496 }, // i
    { 4, 16, 62, -1, 12, 16, 1502 }, // j
    { 7, 12, 128, 1, 12, 21, 1518 }, // k
    { 2, 12, 62, 1, 12, 6, 1539 }, // l
    { 12, 9, 224, 1, 9, 27, 1545 }, // m
    { 8, 9, 148, 1, 9, 18, 1572 }, // n
    { 9, 10, 145, 0, 9, 23, 1590 }, // o
    { 8, 13, 148, 1, 9, 26, 1613 }, // p
    { 8, 13, 148, 0, 9, 26, 1639 }, // q
    { 5, 9, 99, 1, 9, 12, 1665 }, // r
    { 7, 10, 115, 0, 9, 18, 1677 }, // s
    { 6, 11, 87, 0, 10, 17, 1695 }, // t
    { 7, 10, 148, 1, 9, 18, 1712 }, // u
    { 8, 9, 122, 0, 9, 18, 1730 }, // v
    { 12, 9, 189, 0, 9, 27, 1748 }, // w
    { 8, 9, 127, 0, 9, 18, 1775 }, // x
    { 8, 13, 122, 0, 9, 26, 1793 }, // y
    { 7, 9, 113, 0, 9, 16, 1819 }, // z
    { 6, 14, 91, 0, 11, 21, 1835 }, // {
    { 2, 16, 132, 3, 12, 8, 1856 }, // |
    { 6, 14, 91, 0, 11, 21, 1864 }, // }
    { 8, 3, 137, 0, 7, 6, 1885 }, // ~
    { 0, 0, 62, 0, 0, 0, 0 }, // U+00A0
    { 2, 12, 65, 1, 9, 6, 0 }, // U+00A1
    { 7, 12, 137, 1, 11, 21, 6 }, // U+00A2
    { 9, 11, 137, 0, 11, 25, 27 }, // U+00A3
    { 8, 8, 137, 0, 9, 16, 52 }, // U+00A4
    { 9, 11, 137, 0, 11, 25, 68 }, // U+00A5
    { 2, 16, 132, 3, 12, 8, 93 }, // U+00A6
    { 7, 13, 123, 0, 12, 23, 101 }, // U+00A7
    { 5, 2, 139, 2, 11, 3, 124 }, // U+00A8
    { 12, 12, 200, 0, 11, 36, 127 }, // U+00A9
    { 5, 6, 86, 0, 11, 8, 163 }, // U+00AA
    { 8, 8, 122, 0, 8, 16, 171 }, // U+00AB
    { 8, 5, 137, 0, 6, 10, 187 }, // U+00AC
    { 5, 2, 77, 0, 5, 3, 197 }, // U+00AD
    { 12, 12, 200, 0, 11, 36, 200 }, // U+00AE
    { 9, 2, 120, -1, 13, 5, 236 }, // U+00AF
    { 6, 5, 103, 0, 11, 8, 241 }, // U+00B0
    { 8, 9, 137, 0, 9, 18, 249 }, // U+00B1
    { 5, 7, 84, 0, 13, 9, 267 }, // U+00B2
    { 5, 7, 84, 0, 13, 9, 276 }, // U+00B3
    { 4, 3, 67, 0, 12, 3, 285 }, // U+00B4
    { 8, 13, 150, 1, 9, 26, 288 }, // U+00B5
    { 9, 14, 157, 0, 12, 32, 314 }, // U+00B6
    { 2, 3, 64, 1, 6, 2, 346 }, // U+00B7
    { 4, 4, 54, 0, 0, 4, 348 }, // U+00B8
    { 4, 7, 84, 0, 13, 7, 352 }, // U+00B9
    { 6, 6, 90, 0, 11, 9, 359 }, // U+00BA
    { 8, 8, 122, 0, 8, 16, 368 }, // U+00BB
    { 12, 11, 179, 0, 11, 33, 384 }, // U+00BC
    { 11, 11, 185, 0, 11, 31, 417 }, // U+00BD
    { 12, 11, 187, 0, 11, 33, 448 }, // U+00BE
    { 7, 12, 104, 0, 9, 21, 481 }, // U+00BF
    { 10, 15, 153, 0, 15, 38, 502 }, // U+00C0
    { 10, 15, 153, 0, 15, 38, 540 }, // U+00C1
    { 10, 15, 153, 0, 15, 38, 578 }, // U+00C2
    { 10, 15, 153, 0, 15, 38, 616 }, // U+00C3
    { 10, 14, 153, 0, 14, 35, 654 }, // U+00C4
    { 10, 14, 153, 0, 14, 35, 689 }, // U+00C5
    { 14, 11, 211, -1, 11, 39, 724 }, // U+00C6
    { 10, 15, 152, 0, 11, 38, 763 }, // U+00C7
    { 7, 15, 133, 1, 15, 27, 801 }, // U+00C8
    { 7, 15, 133, 1, 15, 27, 828 }, // U+00C9
    { 7, 15, 133, 1, 15, 27, 855 }, // U+00CA
    { 7, 14, 133, 1, 14, 25, 882 }, // U+00CB
    { 5, 15, 81, 0, 15, 19, 907 }, // U+00CC
    { 5, 15, 81, 0, 15, 19, 926 }, // U+00CD
    { 6, 15, 81, 0, 15, 23, 945 }, // U+00CE
    { 5, 14, 81, 0, 14, 18, 968 }, // U+00CF
    { 11, 11, 175, 0, 11, 31, 986 }, // U+00D0
    { 9, 15, 182, 1, 15, 34, 1017 }, // U+00D1
    { 11, 16, 187, 0, 15, 44, 1051 }, // U+00D2
    { 11, 16, 187, 0, 15, 44, 1095 }, // U+00D3
    { 11, 16, 187, 0, 15, 44, 1139 }, // U+00D4
    { 11, 16, 187, 0, 15, 44, 1183 }, // U+00D5
    { 11, 15, 187, 0, 14, 42, 1227 }, // U+00D6
    { 8, 8, 137, 0, 9, 16, 1269 }, // U+00D7
    { 11, 13, 187, 0, 12, 36, 1285 }, // U+00D8
    { 9, 16, 175, 1, 15, 36, 1321 }, // U+00D9
    { 9, 16, 175, 1, 15, 36, 1357 }, // U+00DA
    { 9, 16, 175, 1, 15, 36, 1393 }, // U+00DB
    { 9, 15, 175, 1, 14, 34, 1429 }, // U+00DC
    { 9, 15, 136, 0, 15, 34, 1463 }, // U+00DD
    { 8, 11, 145, 1, 11, 22, 1497 }, // U+00DE
    { 8, 13, 151, 1, 12, 26, 1519 }, // U+00DF
    { 8, 13, 135, 0, 12, 26, 1545 }, // U+00E0
    { 8, 13, 135, 0, 12, 26, 1571 }, // U+00E1
    { 8, 13, 135, 0, 12, 26, 1597 }, // U+00E2
    { 8, 13, 135, 0, 12, 26, 1623 }, // U+00E3
    { 8, 12, 135, 0, 11, 24, 1649 }, // U+00E4
    { 8, 14, 135, 0, 13, 28, 1673 }, // U+00E5
    { 13, 10, 207, 0, 9, 33, 1701 }, // U+00E6
    { 7, 13, 115, 0, 9, 23, 1734 }, // U+00E7
    { 8, 13, 135, 0, 12, 26, 1757 }, // U+00E8
    { 8, 13, 135, 0, 12, 26, 1783 }, // U+00E9
    { 8, 13, 135, 0, 12, 26, 1809 }, // U+00EA
    { 8, 12, 135, 0, 11, 24, 1835 }, // U+00EB
    { 4, 12, 62, -1, 12, 12, 1859 }, // U+00EC
    { 4, 12, 62, 1, 12, 12, 1871 }, // U+00ED
    { 6, 12, 62, -1, 12, 18, 1883 }, // U+00EE
    { 6, 11, 62, -1, 11, 17, 1901 }, // U+00EF
    { 9, 13, 145, 0, 12, 30, 1918 }, // U+00F0
    { 8, 12, 148, 1, 12, 24, 1948 }, // U+00F1
    { 9, 13, 145, 0, 12, 30, 1972 }, // U+00F2
    { 9, 13, 145, 0, 12, 30, 2002 }, // U+00F3
    { 9, 13, 145, 0, 12, 30, 2032 }, // U+00F4
    { 9, 13, 145, 0, 12, 30, 2062 }, // U+00F5
    { 9, 12, 145, 0, 11, 27, 2092 }, // U+00F6
    { 8, 8, 137, 0, 9, 16, 2119 }, // U+00F7
    { 9, 10, 145, 0, 9, 23, 2135 }, // U+00F8
    { 7, 13, 148, 1, 12, 23, 2158 }, // U+00F9
    { 7, 13, 148, 1, 12, 23, 2181 }, // U+00FA
    { 7, 13, 148, 1, 12, 23, 2204 }, // U+00FB
    { 7, 12, 148, 1, 11, 21, 2227 }, // U+00FC
    { 8, 16, 122, 0, 12, 32, 2248 }, // U+00FD
    { 8, 16, 148, 1, 12, 32, 2280 }, // U+00FE
    { 8, 15, 122, 0, 11, 30, 2312 }, // U+00FF
    { 10, 14, 153, 0, 14, 35, 0 }, // U+0100
    { 8, 12, 135, 0, 11, 24, 35 }, // U+0101
    { 10, 15, 153, 0, 15, 38, 59 }, // U+0102
    { 8, 13, 135, 0, 12, 26, 97 }, // U+0103
    { 10, 15, 153, 0, 11, 38, 123 }, // U+0104
    { 8, 13, 135, 0, 9, 26, 161 }, // U+0105
    { 10, 16, 152, 0, 15, 40, 187 }, // U+0106
    { 7, 13, 115, 0, 12, 23, 227 }, // U+0107
    { 10, 16, 152, 0, 15, 40, 250 }, // U+0108
    { 7, 13, 115, 0, 12, 23, 290 }, // U+0109
    { 10, 16, 152, 0, 15, 40, 313 }, // U+010A
    { 7, 13, 115, 0, 12, 23, 353 }, // U+010B
    { 10, 16, 152, 0, 15, 40, 376 }, // U+010C
    { 7, 13, 115, 0, 12, 23, 416 }, // U+010D
    { 10, 15, 175, 1, 15, 38, 439 }, // U+010E
    { 11, 13, 148, 0, 12, 36, 477 }, // U+010F
    { 11, 11, 175, 0, 11, 31, 513 }, // U+0110
    { 10, 13, 148, 0, 12, 33, 544 }, // U+0111
    { 7, 14, 133, 1, 14, 25, 577 }, // U+0112
    { 8, 12, 135, 0, 11, 24, 602 }, // U+0113
    { 7, 15, 133, 1, 15, 27, 626 }, // U+0114
    { 8, 13, 135, 0, 12, 26, 653 }, // U+0115
    { 7, 15, 133, 1, 15, 27, 679 }, // U+0116
    { 8, 13, 135, 0, 12, 26, 706 }, // U+0117
    { 7, 15, 133, 1, 11, 27, 732 }, // U+0118
    { 8, 13, 135, 0, 9, 26, 759 }, // U+0119
    { 7, 15, 133, 1, 15, 27, 785 }, // U+011A
    { 8, 13, 135, 0, 12, 26, 812 }, // U+011B
    { 10, 16, 175, 0, 15, 40, 838 }, // U+011C
    { 8, 16, 148, 0, 12, 32, 878 }, // U+011D
    { 10, 16, 175, 0, 15, 40, 910 }, // U+011E
    { 8, 16, 148, 0, 12, 32, 950 }, // U+011F
    { 10, 16, 175, 0, 15, 40, 982 }, // U+0120
    { 8, 16, 148, 0, 12, 32, 1022 }, // U+0121
    { 10, 15, 175, 0, 11, 38, 1054 }, // U+0122
    { 8, 16, 148, 0, 12, 32, 1092 }, // U+0123
    { 9, 15, 178, 1, 15, 34, 1124 }, // U+0124
    { 10, 15, 148, -1, 15, 38, 1158 }, // U+0125
    { 12, 11, 178, 0, 11, 33, 1196 }, // U+0126
    { 9, 12, 148, 0, 12, 27, 1229 }, // U+0127
    { 7, 15, 81, -1, 15, 27, 1256 }, // U+0128
    { 6, 12, 62, -1, 12, 18, 1283 }, // U+0129
    { 5, 14, 81, 0, 14, 18, 1301 }, // U+012A
    { 6, 11, 62, -1, 11, 17, 1319 }, // U+012B
    { 5, 15, 81, 0, 15, 19, 1336 }, // U+012C
    { 6, 12, 62, -1, 12, 18, 1355 }, // U+012D
    { 5, 15, 81, 0, 11, 19, 1373 }, // U+012E
    { 3, 16, 62, 0, 12, 12, 1392 }, // U+012F
    { 5, 15, 81, 0, 15, 19, 1404 }, // U+0130
    { 2, 9, 62, 1, 9, 5, 1423 }, // U+0131
    { 8, 14, 147, 0, 11, 28, 1428 }, // U+0132
    { 6, 16, 124, 1, 12, 24, 1456 }, // U+0133
    { 7, 18, 66, -2, 15, 32, 1480 }, // U+0134
    { 6, 16, 62, -1, 12, 24, 1512 }, // U+0135
    { 9, 15, 149, 1, 11, 34, 1536 }, // U+0136
    { 7, 16, 128, 1, 12, 28, 1570 }, // U+0137
    { 7, 9, 128, 1, 9, 16, 1598 }, // U+0138
    { 7, 15, 126, 1, 15, 27, 1614 }, // U+0139
    { 4, 15, 62, 1, 15, 15, 1641 }, // U+013A
    { 7, 15, 126, 1, 11, 27, 1656 }, // U+013B
    { 3, 16, 62, 0, 12, 12, 1683 }, // U+013C
    { 7, 11, 126, 1, 11, 20, 1695 }, // U+013D
    { 5, 12, 62, 1, 12, 15, 1715 }, // U+013E
    { 7, 11, 126, 1, 11, 20, 1730 }, // U+013F
    { 4, 12, 64, 1, 12, 12, 1750 }, // U+0140
    { 8, 11, 126, 0, 11, 22, 1762 }, // U+0141
    { 5, 12, 62, -1, 12, 15, 1784 }, // U+0142
    { 9, 15, 182, 1, 15, 34, 1799 }, // U+0143
    { 8, 12, 148, 1, 12, 24, 1833 }, // U+0144
    { 9, 15, 182, 1, 11, 34, 1857 }, // U+0145
    { 8, 13, 148, 1, 9, 26, 1891 }, // U+0146
    { 9, 15, 182, 1, 15, 34, 1917 }, // U+0147
    { 8, 12, 148, 1, 12, 24, 1951 }, // U+0148
    { 10, 11, 165, 0, 11, 28, 1975 }, // U+0149
    { 9, 14, 182, 1, 11, 32, 2003 }, // U+014A
    { 8, 13, 148, 1, 9, 26, 2035 }, // U+014B
    { 11, 15, 187, 0, 14, 42, 2061 }, // U+014C
    { 9, 12, 145, 0, 11, 27, 2103 }, // U+014D
    { 11, 16, 187, 0, 15, 44, 2130 }, // U+014E
    { 9, 13, 145, 0, 12, 30, 2174 }, // U+014F
    { 11, 16, 187, 0, 15, 44, 2204 }, // U+0150
    { 9, 13, 145, 0, 12, 30, 2248 }, // U+0151
    { 14, 12, 223, 0, 11, 42, 2278 }, // U+0152
    { 14, 10, 227, 0, 9, 35, 2320 }, // U+0153
    { 9, 15, 149, 1, 15, 34, 2355 }, // U+0154
    { 5, 12, 99, 1, 12, 15, 2389 }, // U+0155
    { 9, 15, 149, 1, 11, 34, 2404 }, // U+0156
    { 6, 13, 99, 0, 9, 20, 2438 }, // U+0157
    { 9, 15, 149, 1, 15, 34, 2458 }, // U+0158
    { 6, 12, 99, 1, 12, 18, 2492 }, // U+0159
    { 8, 16, 132, 0, 15, 32, 2510 }, // U+015A
    { 7, 13, 115, 0, 12, 23, 2542 }, // U+015B
    { 8, 16, 132, 0, 15, 32, 2565 }, // U+015C
    { 7, 13, 115, 0, 12, 23, 2597 }, // U+015D
    { 8, 15, 132, 0, 11, 30, 2620 }, // U+015E
    { 7, 13, 115, 0, 9, 23, 2650 }, // U+015F
    { 8, 16, 132, 0, 15, 32, 2673 }, // U+0160
    { 7, 13, 115, 0, 12, 23, 2705 }, // U+0161
    { 9, 15, 133, 0, 11, 34, 2728 }, // U+0162
    { 6, 14, 87, 0, 10, 21, 2762 }, // U+0163
    { 9, 15, 133, 0, 15, 34, 2783 }, // U+0164
    { 8, 13, 87, 0, 12, 26, 2817 }, // U+0165
    { 9, 11, 133, 0, 11, 25, 2843 }, // U+0166
    { 6, 11, 87, 0, 10, 17, 2868 }, // U+0167
    { 9, 16, 175, 1, 15, 36, 2885 }, // U+0168
    { 7, 13, 148, 1, 12, 23, 2921 }, // U+0169
    { 9, 15, 175, 1, 14, 34, 2944 }, // U+016A
    { 7, 12, 148, 1, 11, 21, 2978 }, // U+016B
    { 9, 16, 175, 1, 15, 36, 2999 }, // U+016C
    { 7, 13, 148, 1, 12, 23, 3035 }, // U+016D
    { 9, 17, 175, 1, 16, 39, 3058 }, // U+016E
    { 7, 14, 148, 1, 13, 25, 3097 }, // U+016F
    { 9, 16, 175, 1, 15, 36, 3122 }, // U+0170
    { 7, 13, 148, 1, 12, 23, 3158 }, // U+0171
    { 9, 15, 175, 1, 11, 34, 3181 }, // U+0172
    { 8, 13, 148, 1, 9, 26, 3215 }, // U+0173
    { 14, 15, 223, 0, 15, 53, 3241 }, // U+0174
    { 12, 12, 189, 0, 12, 36, 3294 }, // U+0175
    { 9, 15, 136, 0, 15, 34, 3330 }, // U+0176
    { 8, 16, 122, 0, 12, 32, 3364 }, // U+0177
    { 9, 14, 136, 0, 14, 32, 3396 }, // U+0178
    { 8, 15, 137, 0, 15, 30, 3428 }, // U+0179
    { 7, 12, 113, 0, 12, 21, 3458 }, // U+017A
    { 8, 15, 137, 0, 15, 30, 3479 }, // U+017B
    { 7, 12, 113, 0, 12, 21, 3509 }, // U+017C
    { 8, 15, 137, 0, 15, 30, 3530 }, // U+017D
    { 7, 12, 113, 0, 12, 21, 3560 }, // U+017E
    { 5, 12, 78, 1, 12, 15, 3581 }, // U+017F
    { 13, 13, 188, 0, 12, 43, 0 }, // U+01A0
    { 10, 11, 148, 0, 10, 28, 43 }, // U+01A1
    { 12, 13, 187, 1, 12, 39, 71 }, // U+01AF
    { 10, 11, 162, 1, 10, 28, 110 }, // U+01B0
    { 18, 15, 310, 1, 15, 68, 138 }, // U+01C4
    { 17, 12, 288, 1, 12, 51, 206 }, // U+01C5
    { 16, 13, 260, 0, 12, 52, 257 }, // U+01C6
    { 10, 14, 191, 1, 11, 35, 309 }, // U+01C7
    { 10, 16, 188, 1, 12, 40, 344 }, // U+01C8
    { 6, 16, 124, 1, 12, 24, 384 }, // U+01C9
    { 14, 14, 248, 1, 11, 49, 408 }, // U+01CA
    { 14, 16, 244, 1, 12, 56, 457 }, // U+01CB
    { 11, 16, 210, 1, 12, 44, 513 }, // U+01CC
    { 10, 15, 153, 0, 15, 38, 557 }, // U+01CD
    { 8, 13, 135, 0, 12, 26, 595 }, // U+01CE
    { 6, 15, 81, 0, 15, 23, 621 }, // U+01CF
    { 6, 12, 62, -1, 12, 18, 644 }, // U+01D0
    { 11, 16, 187, 0, 15, 44, 662 }, // U+01D1
    { 9, 13, 145, 0, 12, 30, 706 }, // U+01D2
    { 9, 16, 175, 1, 15, 36, 736 }, // U+01D3
    { 7, 13, 148, 1, 12, 23, 772 }, // U+01D4
    { 9, 17, 175, 1, 16, 39, 795 }, // U+01D5
    { 7, 14, 148, 1, 13, 25, 834 }, // U+01D6
    { 9, 17, 175, 1, 16, 39, 859 }, // U+01D7
    { 7, 15, 148, 1, 14, 27, 898 }, // U+01D8
    { 9, 17, 175, 1, 16, 39, 925 }, // U+01D9
    { 7, 15, 148, 1, 14, 27, 964 }, // U+01DA
    { 9, 17, 175, 1, 16, 39, 991 }, // U+01DB
    { 7, 15, 148, 1, 14, 27, 1030 }, // U+01DC
    { 8, 10, 135, 0, 9, 20, 1057 }, // U+01DD
    { 10, 16, 153, 0, 16, 40, 1077 }, // U+01DE
    { 8, 14, 135, 0, 13, 28, 1117 }, // U+01DF
    { 10, 16, 153, 0, 16, 40, 1145 }, // U+01E0
    { 8, 14, 135, 0, 13, 28, 1185 }, // U+01E1
    { 14, 14, 211, -1, 14, 49, 1213 }, // U+01E2
    { 13, 12, 207, 0, 11, 39, 1262 }, // U+01E3
    { 11, 12, 175, 0, 11, 33, 1301 }, // U+01E4
    { 9, 13, 148, 0, 9, 30, 1334 }, // U+01E5
    { 10, 16, 175, 0, 15, 40, 1364 }, // U+01E6
    { 8, 16, 148, 0, 12, 32, 1404 }, // U+01E7
    { 9, 15, 149, 1, 15, 34, 1436 }, // U+01E8
    { 9, 15, 128, -1, 15, 34, 1470 }, // U+01E9
    { 11, 15, 187, 0, 11, 42, 1504 }, // U+01EA
    { 9, 13, 145, 0, 9, 30, 1546 }, // U+01EB
    { 11, 18, 187, 0, 14, 50, 1576 }, // U+01EC
    { 9, 15, 145, 0, 11, 34, 1626 }, // U+01ED
    { 8, 16, 140, 0, 15, 32, 1660 }, // U+01EE
    { 7, 16, 120, 0, 12, 28, 1692 }, // U+01EF
    { 6, 16, 62, -1, 12, 24, 1720 }, // U+01F0
    { 18, 11, 310, 1, 11, 50, 1744 }, // U+01F1
    { 17, 11, 288, 1, 11, 47, 1794 }, // U+01F2
    { 16, 13, 260, 0, 12, 52, 1841 }, // U+01F3
    { 10, 16, 175, 0, 15, 40, 1893 }, // U+01F4
    { 8, 16, 148, 0, 12, 32, 1933 }, // U+01F5
    { 12, 12, 225, 1, 11, 36, 1965 }, // U+01F6
    { 9, 15, 159, 1, 11, 34, 2001 }, // U+01F7
    { 9, 15, 182, 1, 15, 34, 2035 }, // U+01F8
    { 8, 12, 148, 1, 12, 24, 2069 }, // U+01F9
    { 10, 15, 154, 0, 15, 38, 2093 }, // U+01FA
    { 8, 16, 135, 0, 15, 32, 2131 }, // U+01FB
    { 14, 15, 211, -1, 15, 53, 2163 }, // U+01FC
    { 13, 13, 207, 0, 12, 43, 2216 }, // U+01FD
    { 11, 16, 187, 0, 15, 44, 2259 }, // U+01FE
    { 9, 13, 145, 0, 12, 30, 2303 }, // U+01FF
    { 10, 15, 153, 0, 15, 38, 2333 }, // U+0200
    { 8, 13, 135, 0, 12, 26, 2371 }, // U+0201
    { 10, 15, 153, 0, 15, 38, 2397 }, // U+0202
    { 8, 13, 135, 0, 12, 26, 2435 }, // U+0203
    { 7, 15, 133, 1, 15, 27, 2461 }, // U+0204
    { 8, 13, 135, 0, 12, 26, 2488 }, // U+0205
    { 7, 15, 133, 1, 15, 27, 2514 }, // U+0206
    { 8, 13, 135, 0, 12, 26, 2541 }, // U+0207
    { 6, 15, 81, -1, 15, 23, 2567 }, // U+0208
    { 6, 12, 62, -2, 12, 18, 2590 }, // U+0209
    { 5, 15, 81, 0, 15, 19, 2608 }, // U+020A
    { 6, 12, 62, -1, 12, 18, 2627 }, // U+020B
    { 11, 16, 187, 0, 15, 44, 2645 }, // U+020C
    { 9, 13, 145, 0, 12, 30, 2689 }, // U+020D
    { 11, 16, 187, 0, 15, 44, 2719 }, // U+020E
    { 9, 13, 145, 0, 12, 30, 2763 }, // U+020F
    { 9, 15, 149, 1, 15, 34, 2793 }, // U+0210
    { 6, 12, 99, 0, 12, 18, 2827 }, // U+0211
    { 9, 15, 149, 1, 15, 34, 2845 }, // U+0212
    { 5, 12, 99, 1, 12, 15, 2879 }, // U+0213
    { 9, 16, 175, 1, 15, 36, 2894 }, // U+0214
    { 7, 13, 148, 1, 12, 23, 2930 }, // U+0215
    { 9, 16, 175, 1, 15, 36, 2953 }, // U+0216
    { 7, 13, 148, 1, 12, 23, 2989 }, // U+0217
    { 8, 15, 132, 0, 11, 30, 3012 }, // U+0218
    { 7, 13, 115, 0, 9, 23, 3042 }, // U+0219
    { 9, 15, 133, 0, 11, 34, 3065 }, // U+021A
    { 6, 14, 87, 0, 10, 21, 3099 }, // U+021B
    { 8, 14, 138, 0, 11, 28, 3120 }, // U+021C
    { 7, 13, 119, 0, 9, 23, 3148 }, // U+021D
    { 9, 15, 178, 1, 15, 34, 3171 }, // U+021E
    { 10, 15, 148, -1, 15, 38, 3205 }, // U+021F
    { 7, 10, 135, 1, 9, 18, 0 }, // U+0250
    { 10, 10, 148, 0, 9, 25, 18 }, // U+0251
    { 9, 10, 148, 0, 9, 23, 43 }, // U+0252
    { 8, 13, 148, 1, 12, 26, 66 }, // U+0253
    { 7, 10, 115, 0, 9, 18, 92 }, // U+0254
    { 8, 10, 127, 0, 9, 20, 110 }, // U+0255
    { 10, 16, 148, 0, 12, 40, 130 }, // U+0256
    { 10, 13, 148, 0, 12, 33, 170 }, // U+0257
    { 8, 10, 135, 0, 9, 20, 203 }, // U+0258
    { 8, 10, 135, 0, 9, 20, 223 }, // U+0259
    { 12, 10, 188, 0, 9, 30, 243 }, // U+025A
    { 7, 10, 116, 0, 9, 18, 273 }, // U+025B
    { 7, 10, 118, 0, 9, 18, 291 }, // U+025C
    { 11, 10, 169, 0, 9, 28, 309 }, // U+025D
    { 9, 10, 144, 0, 9, 23, 337 }, // U+025E
    { 5, 13, 62, -1, 9, 17, 360 }, // U+025F
    { 10, 16, 148, 0, 12, 40, 377 }, // U+0260
    { 8, 13, 148, 0, 9, 26, 417 }, // U+0261
    { 8, 10, 138, 0, 9, 20, 443 }, // U+0262
    { 8, 13, 122, 0, 9, 26, 463 }, // U+0263
    { 9, 10, 122, -1, 9, 23, 489 }, // U+0264
    { 7, 13, 148, 1, 9, 23, 512 }, // U+0265
    { 8, 12, 148, 1, 12, 24, 535 }, // U+0266
    { 8, 16, 148, 1, 12, 32, 559 }, // U+0267
    { 4, 12, 62, 0, 12, 12, 591 }, // U+0268
    { 4, 10, 80, 1, 9, 10, 603 }, // U+0269
    { 5, 9, 77, 0, 9, 12, 613 }, // U+026A
    { 6, 12, 91, 0, 12, 18, 625 }, // U+026B
    { 7, 12, 84, -1, 12, 21, 643 }, // U+026C
    { 4, 16, 62, 1, 12, 16, 664 }, // U+026D
    { 9, 16, 158, 1, 12, 36, 680 }, // U+026E
    { 12, 10, 224, 1, 9, 30, 716 }, // U+026F
    { 12, 13, 224, 1, 9, 39, 746 }, // U+0270
    { 12, 13, 224, 1, 9, 39, 785 }, // U+0271
    { 10, 13, 148, -1, 9, 33, 824 }, // U+0272
    { 9, 13, 148, 1, 9, 30, 857 }, // U+0273
    { 8, 9, 152, 1, 9, 18, 887 }, // U+0274
    { 9, 10, 145, 0, 9, 23, 905 }, // U+0275
    { 13, 10, 207, 0, 9, 33, 928 }, // U+0276
    { 11, 10, 188, 0, 9, 28, 961 }, // U+0277
    { 11, 16, 174, 0, 12, 44, 989 }, // U+0278
    { 5, 10, 99, 0, 9, 13, 1033 }, // U+0279
    { 5, 13, 99, 0, 12, 17, 1046 }, // U+027A
    { 7, 13, 99, 0, 9, 23, 1063 }, // U+027B
    { 5, 13, 99, 1, 9, 17, 1086 }, // U+027C
    { 5, 13, 99, 1, 9, 17, 1103 }, // U+027D
    { 4, 9, 83, 1, 9, 9, 1120 }, // U+027E
    { 4, 13, 83, 0, 9, 13, 1129 }, // U+027F
    { 8, 9, 134, 1, 9, 18, 1142 }, // U+0280
    { 8, 9, 134, 1, 9, 18, 1160 }, // U+0281
    { 7, 12, 115, 0, 9, 21, 1178 }, // U+0282
    { 6, 16, 62, -1, 12, 24, 1199 }, // U+0283
    { 6, 16, 62, -1, 12, 24, 1223 }, // U+0284
    { 6, 13, 62, -1, 9, 20, 1247 }, // U+0285
    { 7, 16, 62, -2, 12, 28, 1267 }, // U+0286
    { 6, 11, 87, 0, 9, 17, 1295 }, // U+0287
    { 6, 14, 87, 0, 10, 21, 1312 }, // U+0288
    { 10, 10, 148, 0, 9, 25, 1333 }, // U+0289
    { 9, 10, 145, 0, 9, 23, 1358 }, // U+028A
    { 8, 10, 145, 1, 9, 20, 1381 }, // U+028B
    { 8, 9, 122, 0, 9, 18, 1401 }, // U+028C
    { 12, 10, 189, 0, 9, 30, 1419 }, // U+028D
    { 8, 12, 122, 0, 12, 24, 1449 }, // U+028E
    { 8, 9, 114, 0, 9, 18, 1473 }, // U+028F
    { 9, 13, 113, 0, 9, 30, 1491 }, // U+0290
    { 8, 11, 130, 0, 9, 22, 1521 }, // U+0291
    { 7, 13, 120, 0, 9, 23, 1543 }, // U+0292
    { 9, 13, 120, -1, 9, 30, 1566 }, // U+0293
    { 6, 12, 102, 0, 12, 18, 1596 }, // U+0294
    { 7, 12, 102, 0, 12, 21, 1614 }, // U+0295
    { 6, 13, 102, 0, 12, 20, 1635 }, // U+0296
    { 7, 13, 113, 0, 9, 23, 1655 }, // U+0297
    { 11, 12, 187, 0, 11, 33, 1678 }, // U+0298
    { 7, 9, 138, 1, 9, 16, 1711 }, // U+0299
    { 9, 10, 144, 0, 9, 23, 1727 }, // U+029A
    { 9, 13, 138, 0, 12, 30, 1750 }, // U+029B
    { 8, 9, 153, 1, 9, 18, 1780 }, // U+029C
    { 6, 16, 62, -2, 12, 24, 1798 }, // U+029D
    { 7, 13, 128, 0, 9, 23, 1822 }, // U+029E
    { 6, 9, 104, 1, 9, 14, 1845 }, // U+029F
    { 10, 16, 148, 0, 12, 40, 1859 }, // U+02A0
    { 6, 12, 102, 0, 12, 18, 1899 }, // U+02A1
    { 7, 12, 102, 0, 12, 21, 1917 }, // U+02A2
    { 14, 13, 230, 0, 12, 46, 1938 }, // U+02A3
    { 15, 16, 235, 0, 12, 60, 1984 }, // U+02A4
    { 16, 14, 248, 0, 12, 56, 2044 }, // U+02A5
    { 11, 10, 182, 0, 10, 28, 2100 }, // U+02A6
    { 9, 16, 122, 0, 12, 36, 2128 }, // U+02A7
    { 13, 11, 207, 0, 10, 36, 2164 }, // U+02A8
    { 12, 16, 207, 0, 12, 48, 2200 }, // U+02A9
    { 9, 13, 159, 1, 12, 30, 2248 }, // U+02AA
    { 8, 12, 145, 1, 12, 24, 2278 }, // U+02AB
    { 8, 11, 122, 0, 11, 22, 2302 }, // U+02AC
    { 7, 11, 142, 1, 11, 20, 2324 }, // U+02AD
    { 10, 13, 150, -1, 9, 33, 2344 }, // U+02AE
    { 11, 13, 150, -1, 9, 36, 2377 }, // U+02AF
    { 6, 8, 96, 0, 12, 12, 2413 }, // U+02B0
    { 6, 8, 96, 0, 12, 12, 2425 }, // U+02B1
    { 3, 9, 40, -1, 11, 7, 2437 }, // U+02B2
    { 4, 6, 64, 0, 10, 6, 2444 }, // U+02B3
    { 4, 6, 64, 0, 10, 6, 2450 }, // U+02B4
    { 5, 8, 64, 0, 10, 10, 2456 }, // U+02B5
    { 6, 6, 87, 0, 10, 9, 2466 }, // U+02B6
    { 8, 6, 123, 0, 10, 12, 2475 }, // U+02B7
    { 5, 8, 80, 0, 10, 10, 2487 }, // U+02B8
    { 3, 4, 42, 0, 11, 3, 2497 }, // U+02B9
    { 6, 4, 86, 0, 11, 6, 2500 }, // U+02BA
    { 3, 4, 42, 0, 11, 3, 2506 }, // U+02BB
    { 3, 4, 42, 0, 11, 3, 2509 }, // U+02BC
    { 3, 4, 42, 0, 11, 3, 2512 }, // U+02BD
    { 3, 4, 41, 0, 12, 3, 2515 }, // U+02BE
    { 3, 4, 41, 0, 12, 3, 2518 }, // U+02BF
    { 5, 6, 69, 0, 12, 8, 2521 }, // U+02C0
    { 5, 6, 69, 0, 12, 8, 2529 }, // U+02C1
    { 4, 4, 68, 0, 12, 4, 2537 }, // U+02C2
    { 4, 4, 68, 0, 12, 4, 2541 }, // U+02C3
    { 4, 4, 68, 0, 12, 4, 2545 }, // U+02C4
    { 4, 4, 68, 0, 12, 4, 2549 }, // U+02C5
    { 6, 3, 100, 0, 12, 5, 2553 }, // U+02C6
    { 6, 3, 100, 0, 12, 5, 2558 }, // U+02C7
    { 2, 5, 38, 0, 12, 3, 2563 }, // U+02C8
    { 6, 2, 90, 0, 11, 3, 2566 }, // U+02C9
    { 4, 3, 67, 0, 12, 3, 2569 }, // U+02CA
    { 4, 3, 67, 0, 12, 3, 2572 }, // U+02CB
    { 2, 5, 38, 0, 1, 3, 2575 }, // U+02CC
    { 6, 2, 90, 0, 0, 3, 2578 }, // U+02CD
    { 4, 3, 67, 0, 0, 3, 2581 }, // U+02CE
    { 4, 3, 67, 0, 0, 3, 2584 }, // U+02CF
    { 3, 9, 77, 1, 9, 7, 2587 }, // U+02D0
    { 3, 4, 77, 1, 9, 3, 2594 }, // U+02D1
    { 3, 4, 45, 0, 6, 3, 2597 }, // U+02D2
    { 3, 4, 45, 0, 6, 3, 2600 }, // U+02D3
    { 4, 4, 65, 0, 7, 4, 2603 }, // U+02D4
    { 4, 4, 65, 0, 7, 4, 2607 }, // U+02D5
    { 4, 4, 65, 0, 6, 4, 2611 }, // U+02D6
    { 4, 1, 69, 0, 5, 1, 2615 }, // U+02D7
    { 6, 3, 94, 0, 12, 5, 2616 }, // U+02D8
    { 3, 3, 44, 0, 12, 3, 2621 }, // U+02D9
    { 4, 4, 72, 0, 13, 4, 2624 }, // U+02DA
    { 4, 5, 59, 0, 1, 5, 2628 }, // U+02DB
    { 7, 3, 107, 0, 12, 6, 2633 }, // U+02DC
    { 6, 3, 105, 0, 12, 5, 2639 }, // U+02DD
    { 6, 4, 59, -2, 6, 6, 2644 }, // U+02DE
    { 4, 4, 68, 0, 12, 4, 2650 }, // U+02DF
    { 5, 8, 79, 0, 10, 10, 2654 }, // U+02E0
    { 2, 8, 40, 0, 12, 4, 2664 }, // U+02E1
    { 5, 6, 75, 0, 10, 8, 2668 }, // U+02E2
    { 5, 6, 83, 0, 10, 8, 2676 }, // U+02E3
    { 5, 8, 66, 0, 12, 10, 2684 }, // U+02E4
    { 5, 11, 100, 1, 11, 14, 2694 }, // U+02E5
    { 5, 11, 100, 1, 11, 14, 2708 }, // U+02E6
    { 5, 11, 100, 1, 11, 14, 2722 }, // U+02E7
    { 5, 11, 100, 1, 11, 14, 2736 }, // U+02E8
    { 5, 11, 100, 1, 11, 14, 2750 }, // U+02E9
    { 5, 6, 100, 1, 8, 8, 2764 }, // U+02EA
    { 5, 6, 100, 1, 8, 8, 2772 }, // U+02EB
    { 6, 3, 100, 0, 0, 5, 2780 }, // U+02EC
    { 7, 4, 119, 0, 12, 7, 2785 }, // U+02ED
    { 6, 4, 86, 0, 11, 6, 2792 }, // U+02EE
    { 6, 4, 99, 0, 0, 6, 2798 }, // U+02EF
    { 6, 4, 99, 0, 0, 6, 2804 }, // U+02F0
    { 5, 5, 79, 0, 1, 7, 2810 }, // U+02F1
    { 5, 5, 79, 0, 1, 7, 2817 }, // U+02F2
    { 5, 5, 80, 0, 0, 7, 2824 }, // U+02F3
    { 4, 3, 67, 0, 7, 3, 2831 }, // U+02F4
    { 6, 3, 105, 0, 7, 5, 2834 }, // U+02F5
    { 6, 3, 105, 0, 7, 5, 2839 }, // U+02F6
    { 7, 3, 107, 0, 0, 6, 2844 }, // U+02F7
    { 2, 10, 64, 1, 12, 5, 2850 }, // U+02F8
    { 4, 5, 69, 0, 11, 5, 2855 }, // U+02F9
    { 4, 5, 69, 0, 11, 5, 2860 }, // U+02FA
    { 4, 4, 69, 0, 4, 4, 2865 }, // U+02FB
    { 4, 4, 69, 0, 4, 4, 2869 }, // U+02FC
    { 8, 4, 126, 0, 0, 8, 2873 }, // U+02FD
    { 8, 4, 126, 0, 0, 8, 2881 }, // U+02FE
    { 8, 6, 128, 0, 2, 12, 2889 }, // U+02FF
    { 4, 3, 0, -8, 12, 3, 0 }, // U+0300
    { 4, 3, 0, -5, 12, 3, 3 }, // U+0301
    { 6, 3, 0, -3, 12, 5, 6 }, // U+0302
    { 7, 3, 0, -8, 12, 6, 11 }, // U+0303
    { 6, 2, 0, -3, 11, 3, 17 }, // U+0304
    { 8, 2, 0, -4, 13, 4, 20 }, // U+0305
    { 6, 3, 0, -3, 12, 5, 24 }, // U+0306
    { 2, 3, 0, -1, 12, 2, 29 }, // U+0307
    { 6, 2, 0, -3, 11, 3, 31 }, // U+0308
    { 4, 5, 0, -6, 13, 5, 34 }, // U+0309
    { 4, 4, 0, -2, 13, 4, 39 }, // U+030A
    { 6, 3, 0, -2, 12, 5, 43 }, // U+030B
    { 6, 3, 0, -3, 12, 5, 48 }, // U+030C
    { 2, 4, 0, -1, 12, 2, 53 }, // U+030D
    { 4, 4, 0, -2, 12, 4, 55 }, // U+030E
    { 6, 3, 0, -8, 12, 5, 59 }, // U+030F
    { 6, 4, 0, -3, 13, 6, 64 }, // U+0310
    { 6, 3, 0, -3, 12, 5, 70 }, // U+0311
    { 4, 4, 0, -2, 11, 4, 75 }, // U+0312
    { 4, 4, 0, -2, 11, 4, 79 }, // U+0313
    { 4, 4, 0, -2, 11, 4, 83 }, // U+0314
    { 4, 4, 0, -2, 11, 4, 87 }, // U+0315
    { 4, 3, 0, -2, 0, 3, 91 }, // U+0316
    { 4, 3, 0, -2, 0, 3, 94 }, // U+0317
    { 4, 4, 0, -2, 0, 4, 97 }, // U+0318
    { 4, 4, 0, -2, 0, 4, 101 }, // U+0319
    { 5, 5, 75, 0, 12, 7, 105 }, // U+031A
    { 4, 4, 0, -2, 12, 4, 112 }, // U+031B
    { 2, 4, 0, -1, 0, 2, 116 }, // U+031C
    { 4, 4, 0, -2, 0, 4, 118 }, // U+031D
    { 4, 4, 0, -2, 0, 4, 122 }, // U+031E
    { 4, 4, 0, -2, 0, 4, 126 }, // U+031F
    { 4, 1, 0, -2, -1, 1, 130 }, // U+0320
    { 3, 5, 0, -3, 1, 4, 131 }, // U+0321
    { 3, 5, 0, 0, 1, 4, 135 }, // U+0322
    { 3, 3, 0, -6, 0, 3, 139 }, // U+0323
    { 6, 2, 0, -3, -1, 3, 142 }, // U+0324
    { 4, 4, 0, -2, 1, 4, 145 }, // U+0325
    { 2, 4, 0, -1, 0, 2, 149 }, // U+0326
    { 4, 4, 0, -2, 0, 4, 151 }, // U+0327
    { 4, 5, 0, -2, 1, 5, 155 }, // U+0328
    { 2, 4, 0, -1, 0, 2, 160 }, // U+0329
    { 6, 4, 0, -3, 0, 6, 162 }, // U+032A
    { 6, 3, 0, -3, 0, 5, 168 }, // U+032B
    { 6, 3, 0, -3, 0, 5, 173 }, // U+032C
    { 6, 3, 0, -3, 0, 5, 178 }, // U+032D
    { 6, 3, 0, -3, 0, 5, 183 }, // U+032E
    { 6, 3, 0, -3, 0, 5, 188 }, // U+032F
    { 6, 3, 0, -3, 0, 5, 193 }, // U+0330
    { 6, 2, 0, -3, 0, 3, 198 }, // U+0331
    { 8, 2, 0, -4, -1, 4, 201 }, // U+0332
    { 8, 4, 0, -4, 0, 8, 205 }, // U+0333
    { 6, 3, 0, -3, 6, 5, 213 }, // U+0334
    { 8, 2, 0, -4, 5, 4, 218 }, // U+0335
    { 12, 2, 0, -6, 5, 6, 222 }, // U+0336
    { 6, 4, 0, -3, 6, 6, 228 }, // U+0337
    { 6, 13, 0, -3, 12, 20, 234 }, // U+0338
    { 2, 4, 0, -1, 0, 2, 254 }, // U+0339
    { 6, 4, 0, -3, 0, 6, 256 }, // U+033A
    { 6, 4, 0, -3, 0, 6, 262 }, // U+033B
    { 6, 3, 0, -3, 0, 5, 268 }, // U+033C
    { 4, 4, 0, -2, 12, 4, 273 }, // U+033D
    { 2, 5, 0, -1, 13, 3, 277 }, // U+033E
    { 8, 4, 0, -4, 15, 8, 280 }, // U+033F
    { 4, 3, 0, -3, 12, 3, 288 }, // U+0340
    { 4, 3, 0, -1, 12, 3, 291 }, // U+0341
    { 6, 3, 0, -3, 12, 5, 294 }, // U+0342
    { 3, 3, 0, -2, 12, 3, 299 }, // U+0343
    { 6, 3, 0, -3, 12, 5, 302 }, // U+0344
    { 3, 3, 0, -1, -1, 3, 307 }, // U+0345
    { 8, 4, 0, -4, 12, 8, 310 }, // U+0346
    { 8, 4, 0, -4, 0, 8, 318 }, // U+0347
    { 4, 4, 0, -2, 0, 4, 326 }, // U+0348
    { 4, 4, 0, -2, 0, 4, 330 }, // U+0349
    { 6, 4, 0, -3, 12, 6, 334 }, // U+034A
    { 6, 6, 0, -3, 14, 9, 340 }, // U+034B
    { 6, 4, 0, -3, 13, 6, 349 }, // U+034C
    { 6, 4, 0, -3, 0, 6, 355 }, // U+034D
    { 4, 4, 0, -2, 0, 4, 361 }, // U+034E
    { 12, 11, 0, -6, 11, 33, 365 }, // U+034F
    { 4, 4, 0, -2, 12, 4, 398 }, // U+0350
    { 2, 4, 0, -1, 12, 2, 402 }, // U+0351
    { 6, 4, 0, -3, 13, 6, 404 }, // U+0352
    { 4, 4, 0, -2, 0, 4, 410 }, // U+0353
    { 4, 4, 0, -2, 0, 4, 414 }, // U+0354
    { 4, 4, 0, -2, 0, 4, 418 }, // U+0355
    { 6, 4, 0, -3, 0, 6, 422 }, // U+0356
    { 2, 4, 0, -1, 12, 2, 428 }, // U+0357
    { 3, 3, 0, 1, 12, 3, 430 }, // U+0358
    { 4, 4, 0, -2, 0, 4, 433 }, // U+0359
    { 6, 4, 0, -3, 0, 6, 437 }, // U+035A
    { 4, 4, 0, -2, 12, 4, 443 }, // U+035B
    { 12, 4, 0, -6, 0, 12, 447 }, // U+035C
    { 12, 4, 0, -6, 12, 12, 459 }, // U+035D
    { 10, 2, 0, -5, 11, 5, 471 }, // U+035E
    { 10, 2, 0, -5, 0, 5, 476 }, // U+035F
    { 12, 3, 0, -6, 12, 9, 481 }, // U+0360
    { 12, 4, 0, -6, 13, 12, 490 }, // U+0361
    { 13, 4, 0, -6, 0, 13, 502 }, // U+0362
    { 4, 4, 0, -2, 13, 4, 515 }, // U+0363
    { 4, 4, 0, -2, 13, 4, 519 }, // U+0364
    { 2, 5, 0, -1, 14, 3, 523 }, // U+0365
    { 4, 4, 0, -2, 13, 4, 526 }, // U+0366
    { 4, 4, 0, -2, 13, 4, 530 }, // U+0367
    { 4, 4, 0, -2, 13, 4, 534 }, // U+0368
    { 4, 5, 0, -2, 14, 5, 538 }, // U+0369
    { 4, 5, 0, -2, 14, 5, 543 }, // U+036A
    { 6, 4, 0, -3, 13, 6, 548 }, // U+036B
    { 3, 4, 0, -1, 13, 3, 554 }, // U+036C
    { 3, 5, 0, -1, 14, 4, 557 }, // U+036D
    { 4, 4, 0, -2, 13, 4, 561 }, // U+036E
    { 4, 4, 0, -2, 13, 4, 565 }, // U+036F
    { 7, 15, 133, 1, 15, 27, 0 }, // U+0400
    { 7, 14, 133, 1, 14, 25, 27 }, // U+0401
    { 10, 12, 172, 0, 11, 30, 52 }, // U+0402
    { 7, 15, 122, 1, 15, 27, 82 }, // U+0403
    { 9, 12, 153, 0, 11, 27, 109 }, // U+0404
    { 8, 12, 132, 0, 11, 24, 136 }, // U+0405
    { 2, 11, 68, 1, 11, 6, 160 }, // U+0406
    { 4, 14, 68, 0, 14, 14, 166 }, // U+0407
    { 5, 14, 66, -2, 11, 18, 180 }, // U+0408
    { 15, 12, 242, 0, 11, 45, 198 }, // U+0409
    { 14, 11, 246, 1, 11, 39, 243 }, // U+040A
    { 10, 11, 172, 0, 11, 28, 282 }, // U+040B
    { 9, 15, 150, 1, 15, 34, 310 }, // U+040C
    { 9, 15, 181, 1, 15, 34, 344 }, // U+040D
    { 10, 15, 148, 0, 14, 38, 378 }, // U+040E
    { 9, 14, 175, 1, 11, 32, 416 }, // U+040F
    { 10, 11, 153, 0, 11, 28, 448 }, // U+0410
    { 8, 11, 147, 1, 11, 22, 476 }, // U+0411
    { 8, 11, 156, 1, 11, 22, 498 }, // U+0412
    { 7, 11, 122, 1, 11, 20, 520 }, // U+0413
    { 11, 14, 175, 0, 11, 39, 540 }, // U+0414
    { 7, 11, 133, 1, 11, 20, 579 }, // U+0415
    { 14, 11, 217, 0, 11, 39, 599 }, // U+0416
    { 8, 12, 138, 0, 11, 24, 638 }, // U+0417
    { 9, 11, 181, 1, 11, 25, 662 }, // U+0418
    { 9, 14, 181, 1, 14, 32, 687 }, // U+0419
    { 9, 11, 150, 1, 11, 25, 719 }, // U+041A
    { 10, 12, 168, 0, 11, 30, 744 }, // U+041B
    { 12, 11, 218, 1, 11, 33, 774 }, // U+041C
    { 9, 11, 178, 1, 11, 25, 807 }, // U+041D
    { 11, 12, 183, 0, 11, 33, 832 }, // U+041E
    { 9, 11, 176, 1, 11, 25, 865 }, // U+041F
    { 8, 11, 145, 1, 11, 22, 890 }, // U+0420
    { 9, 12, 154, 0, 11, 27, 912 }, // U+0421
    { 9, 11, 133, 0, 11, 25, 939 }, // U+0422
    { 10, 12, 148, 0, 11, 30, 964 }, // U+0423
    { 12, 12, 196, 0, 11, 36, 994 }, // U+0424
    { 9, 11, 141, 0, 11, 25, 1030 }, // U+0425
    { 10, 14, 178, 1, 11, 35, 1055 }, // U+0426
    { 8, 11, 162, 1, 11, 22, 1090 }, // U+0427
    { 14, 11, 248, 1, 11, 39, 1112 }, // U+0428
    { 15, 14, 246, 1, 11, 53, 1151 }, // U+0429
    { 10, 11, 164, 0, 11, 28, 1204 }, // U+042A
    { 11, 11, 204, 1, 11, 31, 1232 }, // U+042B
    { 8, 11, 146, 1, 11, 22, 1263 }, // U+042C
    { 9, 12, 155, 0, 11, 27, 1285 }, // U+042D
    { 14, 12, 240, 1, 11, 42, 1312 }, // U+042E
    { 9, 11, 153, 0, 11, 25, 1354 }, // U+042F
    { 8, 10, 133, 0, 9, 20, 1379 }, // U+0430
    { 9, 13, 143, 0, 12, 30, 1399 }, // U+0431
    { 7, 9, 135, 1, 9, 16, 1429 }, // U+0432
    { 6, 9, 105, 1, 9, 14, 1445 }, // U+0433
    { 9, 12, 146, 0, 9, 27, 1459 }, // U+0434
    { 8, 10, 132, 0, 9, 20, 1486 }, // U+0435
    { 12, 9, 182, 0, 9, 27, 1506 }, // U+0436
    { 7, 10, 117, 0, 9, 18, 1533 }, // U+0437
    { 8, 9, 149, 1, 9, 18, 1551 }, // U+0438
    { 8, 12, 149, 1, 12, 24, 1569 }, // U+0439
    { 7, 9, 127, 1, 9, 16, 1593 }, // U+043A
    { 8, 10, 141, 0, 9, 20, 1609 }, // U+043B
    { 10, 9, 184, 1, 9, 23, 1629 }, // U+043C
    { 7, 9, 147, 1, 9, 16, 1652 }, // U+043D
    { 9, 10, 143, 0, 9, 23, 1668 }, // U+043E
    { 7, 9, 145, 1, 9, 16, 1691 }, // U+043F
    { 8, 13, 146, 1, 9, 26, 1707 }, // U+0440
    { 7, 10, 118, 0, 9, 18, 1733 }, // U+0441
    { 7, 9, 112, 0, 9, 16, 1751 }, // U+0442
    { 8, 13, 122, 0, 9, 26, 1767 }, // U+0443
    { 11, 16, 177, 0, 12, 44, 1793 }, // U+0444
    { 8, 9, 123, 0, 9, 18, 1837 }, // U+0445
    { 9, 12, 147, 1, 9, 27, 1855 }, // U+0446
    { 8, 9, 141, 0, 9, 18, 1882 }, // U+0447
    { 12, 9, 215, 1, 9, 27, 1900 }, // U+0448
    { 13, 12, 215, 1, 9, 39, 1927 }, // U+0449
    { 9, 9, 150, 0, 9, 21, 1966 }, // U+044A
    { 10, 9, 182, 1, 9, 23, 1987 }, // U+044B
    { 7, 9, 131, 1, 9, 16, 2010 }, // U+044C
    { 7, 10, 119, 0, 9, 18, 2026 }, // U+044D
    { 11, 10, 192, 1, 9, 28, 2044 }, // U+044E
    { 8, 9, 138, 0, 9, 18, 2072 }, // U+044F
    { 8, 13, 132, 0, 12, 26, 2090 }, // U+0450
    { 8, 12, 132, 0, 11, 24, 2116 }, // U+0451
    { 9, 16, 149, 0, 12, 36, 2140 }, // U+0452
    { 6, 12, 105, 1, 12, 18, 2176 }, // U+0453
    { 7, 10, 118, 0, 9, 18, 2194 }, // U+0454
    { 7, 10, 112, 0, 9, 18, 2212 }, // U+0455
    { 2, 12, 62, 1, 12, 6, 2230 }, // U+0456
    { 4, 12, 62, 0, 12, 12, 2236 }, // U+0457
    { 4, 16, 62, -1, 12, 16, 2248 }, // U+0458
    { 13, 10, 206, 0, 9, 33, 2264 }, // U+0459
    { 12, 9, 214, 1, 9, 27, 2297 }, // U+045A
    { 9, 12, 149, 0, 12, 27, 2324 }, // U+045B
    { 7, 12, 127, 1, 12, 21, 2351 }, // U+045C
    { 8, 12, 149, 1, 12, 24, 2372 }, // U+045D
    { 8, 16, 122, 0, 12, 32, 2396 }, // U+045E
    { 7, 12, 145, 1, 9, 21, 2428 }, // U+045F
    { 14, 12, 221, 0, 11, 42, 2449 }, // U+0460
    { 12, 9, 189, 0, 9, 27, 2491 }, // U+0461
    { 10, 11, 162, 0, 11, 28, 2518 }, // U+0462
    { 9, 10, 152, 0, 10, 23, 2546 }, // U+0463
    { 13, 12, 221, 1, 11, 39, 2569 }, // U+0464
    { 10, 10, 178, 1, 9, 25, 2608 }, // U+0465
    { 11, 11, 164, 0, 11, 31, 2633 }, // U+0466
    { 9, 9, 137, 0, 9, 21, 2664 }, // U+0467
    { 13, 11, 223, 1, 11, 36, 2685 }, // U+0468
    { 11, 9, 187, 1, 9, 25, 2721 }, // U+0469
    { 11, 11, 175, 0, 11, 31, 2746 }, // U+046A
    { 10, 9, 154, 0, 9, 23, 2777 }, // U+046B
    { 14, 11, 236, 1, 11, 39, 2800 }, // U+046C
    { 12, 9, 204, 1, 9, 27, 2839 }, // U+046D
    { 8, 17, 141, 0, 13, 34, 2866 }, // U+046E
    { 7, 13, 118, 0, 10, 23, 2900 }, // U+046F
    { 10, 11, 193, 1, 11, 28, 2923 }, // U+0470
    { 10, 16, 183, 1, 12, 40, 2951 }, // U+0471
    { 11, 12, 188, 0, 11, 33, 2991 }, // U+0472
    { 9, 10, 145, 0, 9, 23, 3024 }, // U+0473
    { 10, 11, 152, 0, 11, 28, 3047 }, // U+0474
    { 9, 9, 124, 0, 9, 21, 3075 }, // U+0475
    { 10, 15, 152, 0, 15, 38, 3096 }, // U+0476
    { 9, 12, 124, 0, 12, 27, 3134 }, // U+0477
    { 19, 15, 293, 0, 11, 72, 3161 }, // U+0478
    { 17, 13, 263, 0, 9, 56, 3233 }, // U+0479
    { 12, 13, 197, 0, 12, 39, 3289 }, // U+047A
    { 10, 10, 158, 0, 9, 25, 3328 }, // U+047B
    { 15, 17, 246, 0, 16, 64, 3353 }, // U+047C
    { 13, 15, 217, 0, 14, 49, 3417 }, // U+047D
    { 14, 15, 221, 0, 14, 53, 3466 }, // U+047E
    { 12, 11, 189, 0, 11, 33, 3519 }, // U+047F
    { 10, 15, 154, 0, 11, 38, 3552 }, // U+0480
    { 7, 13, 118, 0, 9, 23, 3590 }, // U+0481
    { 9, 11, 146, 0, 10, 25, 3613 }, // U+0482
    { 6, 3, 0, -7, 11, 5, 3638 }, // U+0483
    { 6, 2, 0, -7, 11, 3, 3643 }, // U+0484
    { 3, 3, 0, -6, 12, 3, 3646 }, // U+0485
    { 3, 3, 0, -6, 12, 3, 3649 }, // U+0486
    { 6, 3, 0, -3, 14, 5, 3652 }, // U+0487
    { 18, 16, 0, -9, 12, 72, 3657 }, // U+0488
    { 18, 18, 0, -9, 13, 81, 3729 }, // U+0489
    { 11, 17, 188, 1, 14, 47, 3810 }, // U+048A
    { 9, 15, 158, 1, 12, 34, 3857 }, // U+048B
    { 9, 11, 148, 0, 11, 25, 3891 }, // U+048C
    { 9, 12, 143, 0, 12, 27, 3916 }, // U+048D
    { 8, 11, 147, 1, 11, 22, 3943 }, // U+048E
    { 8, 13, 148, 1, 9, 26, 3965 }, // U+048F
    { 7, 13, 128, 1, 13, 23, 3991 }, // U+0490
    { 6, 11, 105, 1, 11, 17, 4014 }, // U+0491
    { 8, 11, 127, 0, 11, 22, 4031 }, // U+0492
    { 7, 9, 104, 0, 9, 16, 4053 }, // U+0493
    { 9, 15, 156, 1, 11, 34, 4069 }, // U+0494
    { 7, 13, 128, 1, 9, 23, 4103 }, // U+0495
    { 14, 14, 217, 0, 11, 49, 4126 }, // U+0496
    { 12, 12, 191, 0, 9, 36, 4175 }, // U+0497
    { 8, 15, 138, 0, 11, 30, 4211 }, // U+0498
    { 7, 13, 117, 0, 9, 23, 4241 }, // U+0499
    { 9, 14, 161, 1, 11, 32, 4264 }, // U+049A
    { 8, 12, 134, 1, 9, 24, 4296 }, // U+049B
    { 9, 11, 150, 1, 11, 25, 4320 }, // U+049C
    { 7, 9, 127, 1, 9, 16, 4345 }, // U+049D
    { 10, 11, 150, 0, 11, 28, 4361 }, // U+049E
    { 8, 12, 128, 0, 12, 24, 4389 }, // U+049F
    { 11, 11, 166, 0, 11, 31, 4413 }, // U+04A0
    { 10, 9, 150, 0, 9, 23, 4444 }, // U+04A1
    { 10, 14, 181, 1, 11, 35, 4467 }, // U+04A2
    { 9, 12, 158, 1, 9, 27, 4502 }, // U+04A3
    { 12, 11, 196, 1, 11, 33, 4529 }, // U+04A4
    { 10, 9, 177, 1, 9, 23, 4562 }, // U+04A5
    { 15, 15, 253, 1, 11, 57, 4585 }, // U+04A6
    { 12, 13, 207, 1, 9, 39, 4642 }, // U+04A7
    { 12, 12, 187, 0, 11, 36, 4681 }, // U+04A8
    { 10, 10, 154, 0, 9, 25, 4717 }, // U+04A9
    { 10, 15, 152, 0, 11, 38, 4742 }, // U+04AA
    { 7, 13, 115, 0, 9, 23, 4780 }, // U+04AB
    { 9, 14, 133, 0, 11, 32, 4803 }, // U+04AC
    { 7, 12, 114, 0, 9, 21, 4835 }, // U+04AD
    { 9, 11, 136, 0, 11, 25, 4856 }, // U+04AE
    { 8, 13, 122, 0, 9, 26, 4881 }, // U+04AF
    { 9, 11, 136, 0, 11, 25, 4907 }, // U+04B0
    { 8, 13, 122, 0, 9, 26, 4932 }, // U+04B1
    { 10, 14, 151, 0, 11, 35, 4958 }, // U+04B2
    { 9, 12, 132, 0, 9, 27, 4993 }, // U+04B3
    { 13, 14, 207, 0, 11, 46, 5020 }, // U+04B4
    { 11, 12, 174, 0, 9, 33, 5066 }, // U+04B5
    { 10, 14, 169, 1, 11, 35, 5099 }, // U+04B6
    { 9, 12, 149, 1, 9, 27, 5134 }, // U+04B7
    { 9, 11, 168, 1, 11, 25, 5161 }, // U+04B8
    { 7, 9, 145, 1, 9, 16, 5186 }, // U+04B9
    { 9, 11, 168, 1, 11, 25, 5202 }, // U+04BA
    { 8, 12, 148, 1, 12, 24, 5227 }, // U+04BB
    { 12, 12, 204, 0, 11, 36, 5251 }, // U+04BC
    { 10, 10, 160, 0, 9, 25, 5287 }, // U+04BD
    { 12, 14, 204, 0, 11, 42, 5312 }, // U+04BE
    { 10, 12, 160, 0, 9, 30, 5354 }, // U+04BF
    { 5, 11, 81, 0, 11, 14, 5384 }, // U+04C0
    { 14, 14, 217, 0, 14, 49, 5398 }, // U+04C1
    { 12, 12, 182, 0, 12, 36, 5447 }, // U+04C2
    { 9, 15, 167, 1, 11, 34, 5483 }, // U+04C3
    { 7, 13, 134, 1, 9, 23, 5517 }, // U+04C4
    { 11, 14, 173, 0, 11, 39, 5540 }, // U+04C5
    { 9, 12, 141, 0, 9, 27, 5579 }, // U+04C6
    { 9, 15, 175, 1, 11, 34, 5606 }, // U+04C7
    { 8, 13, 149, 1, 9, 26, 5640 }, // U+04C8
    { 11, 14, 181, 1, 11, 39, 5666 }, // U+04C9
    { 9, 12, 159, 1, 9, 27, 5705 }, // U+04CA
    { 9, 14, 168, 1, 11, 32, 5732 }, // U+04CB
    { 7, 12, 147, 1, 9, 21, 5764 }, // U+04CC
    { 13, 14, 220, 1, 11, 46, 5785 }, // U+04CD
    { 11, 12, 181, 1, 9, 33, 5831 }, // U+04CE
    { 5, 11, 81, 0, 11, 14, 5864 }, // U+04CF
    { 10, 14, 153, 0, 14, 35, 5878 }, // U+04D0
    { 8, 13, 135, 0, 12, 26, 5913 }, // U+04D1
    { 10, 14, 153, 0, 14, 35, 5939 }, // U+04D2
    { 8, 12, 135, 0, 11, 24, 5974 }, // U+04D3
    { 14, 11, 211, -1, 11, 39, 5998 }, // U+04D4
    { 13, 10, 207, 0, 9, 33, 6037 }, // U+04D5
    { 7, 14, 133, 1, 14, 25, 6070 }, // U+04D6
    { 8, 13, 135, 0, 12, 26, 6095 }, // U+04D7
    { 11, 12, 177, 0, 11, 33, 6121 }, // U+04D8
    { 8, 10, 135, 0, 9, 20, 6154 }, // U+04D9
    { 11, 15, 177, 0, 14, 42, 6174 }, // U+04DA
    { 8, 12, 135, 0, 11, 24, 6216 }, // U+04DB
    { 14, 14, 217, 0, 14, 49, 6240 }, // U+04DC
    { 12, 11, 182, 0, 11, 33, 6289 }, // U+04DD
    { 8, 15, 138, 0, 14, 30, 6322 }, // U+04DE
    { 7, 12, 117, 0, 11, 21, 6352 }, // U+04DF
    { 8, 12, 140, 0, 11, 24, 6373 }, // U+04E0
    { 7, 13, 120, 0, 9, 23, 6397 }, // U+04E1
    { 9, 14, 181, 1, 14, 32, 6420 }, // U+04E2
    { 8, 11, 149, 1, 11, 22, 6452 }, // U+04E3
    { 9, 14, 181, 1, 14, 32, 6474 }, // U+04E4
    { 8, 11, 149, 1, 11, 22, 6506 }, // U+04E5
    { 11, 15, 187, 0, 14, 42, 6528 }, // U+04E6
    { 9, 12, 145, 0, 11, 27, 6570 }, // U+04E7
    { 11, 12, 188, 0, 11, 33, 6597 }, // U+04E8
    { 9, 10, 145, 0, 9, 23, 6630 }, // U+04E9
    { 11, 14, 188, 0, 13, 39, 6653 }, // U+04EA
    { 9, 12, 145, 0, 11, 27, 6692 }, // U+04EB
    { 9, 15, 155, 0, 14, 34, 6719 }, // U+04EC
    { 7, 12, 119, 0, 11, 21, 6753 }, // U+04ED
    { 10, 15, 148, 0, 14, 38, 6774 }, // U+04EE
    { 8, 15, 122, 0, 11, 30, 6812 }, // U+04EF
    { 10, 15, 148, 0, 14, 38, 6842 }, // U+04F0
    { 8, 15, 122, 0, 11, 30, 6880 }, // U+04F1
    { 10, 16, 148, 0, 15, 40, 6910 }, // U+04F2
    { 8, 16, 122, 0, 12, 32, 6950 }, // U+04F3
    { 8, 14, 162, 1, 14, 28, 6982 }, // U+04F4
    { 8, 11, 141, 0, 11, 22, 7010 }, // U+04F5
    { 7, 14, 127, 1, 11, 25, 7032 }, // U+04F6
    { 6, 12, 104, 1, 9, 18, 7057 }, // U+04F7
    { 11, 14, 204, 1, 14, 39, 7075 }, // U+04F8
    { 10, 11, 182, 1, 11, 28, 7114 }, // U+04F9
    { 8, 14, 127, 0, 11, 28, 7142 }, // U+04FA
    { 7, 12, 104, 0, 9, 21, 7170 }, // U+04FB
    { 10, 14, 152, 0, 11, 35, 7191 }, // U+04FC
    { 9, 12, 132, 0, 9, 27, 7226 }, // U+04FD
    { 9, 11, 141, 0, 11, 25, 7253 }, // U+04FE
    { 8, 9, 127, 0, 9, 18, 7278 }, // U+04FF
    { 10, 14, 153, 0, 11, 35, 0 }, // U+1EA0
    { 8, 12, 135, 0, 9, 24, 35 }, // U+1EA1
    { 10, 16, 153, 0, 16, 40, 59 }, // U+1EA2
    { 8, 14, 135, 0, 13, 28, 99 }, // U+1EA3
    { 10, 15, 153, 0, 15, 38, 127 }, // U+1EA4
    { 9, 14, 135, 0, 13, 32, 165 }, // U+1EA5
    { 10, 15, 153, 0, 15, 38, 197 }, // U+1EA6
    { 8, 14, 135, 0, 13, 28, 235 }, // U+1EA7
    { 10, 16, 153, 0, 16, 40, 263 }, // U+1EA8
    { 8, 15, 135, 0, 14, 30, 303 }, // U+1EA9
    { 10, 16, 153, 0, 16, 40, 333 }, // U+1EAA
    { 8, 15, 135, 0, 14, 30, 373 }, // U+1EAB
    { 10, 18, 153, 0, 15, 45, 403 }, // U+1EAC
    { 8, 15, 135, 0, 12, 30, 448 }, // U+1EAD
    { 10, 16, 153, 0, 16, 40, 478 }, // U+1EAE
    { 8, 14, 135, 0, 13, 28, 518 }, // U+1EAF
    { 10, 16, 153, 0, 16, 40, 546 }, // U+1EB0
    { 8, 14, 135, 0, 13, 28, 586 }, // U+1EB1
    { 10, 16, 153, 0, 16, 40, 614 }, // U+1EB2
    { 8, 15, 135, 0, 14, 30, 654 }, // U+1EB3
    { 10, 16, 153, 0, 16, 40, 684 }, // U+1EB4
    { 8, 15, 135, 0, 14, 30, 724 }, // U+1EB5
    { 10, 18, 153, 0, 15, 45, 754 }, // U+1EB6
    { 8, 15, 135, 0, 12, 30, 799 }, // U+1EB7
    { 7, 14, 133, 1, 11, 25, 829 }, // U+1EB8
    { 8, 12, 135, 0, 9, 24, 854 }, // U+1EB9
    { 7, 16, 133, 1, 16, 28, 878 }, // U+1EBA
    { 8, 14, 135, 0, 13, 28, 906 }, // U+1EBB
    { 7, 15, 133, 1, 15, 27, 934 }, // U+1EBC
    { 8, 13, 135, 0, 12, 26, 961 }, // U+1EBD
    { 8, 15, 133, 1, 15, 30, 987 }, // U+1EBE
    { 9, 14, 135, 0, 13, 32, 1017 }, // U+1EBF
    { 8, 15, 133, 0, 15, 30, 1049 }, // U+1EC0
    { 8, 14, 135, 0, 13, 28, 1079 }, // U+1EC1
    { 7, 16, 133, 1, 16, 28, 1107 }, // U+1EC2
    { 8, 15, 135, 0, 14, 30, 1135 }, // U+1EC3
    { 7, 16, 133, 1, 16, 28, 1165 }, // U+1EC4
    { 8, 15, 135, 0, 14, 30, 1193 }, // U+1EC5
    { 7, 18, 133, 1, 15, 32, 1223 }, // U+1EC6
    { 8, 15, 135, 0, 12, 30, 1255 }, // U+1EC7
    { 5, 15, 81, 0, 15, 19, 1285 }, // U+1EC8
    { 4, 13, 62, 0, 13, 13, 1304 }, // U+1EC9
    { 5, 14, 81, 0, 11, 18, 1317 }, // U+1ECA
    { 2, 15, 62, 1, 12, 8, 1335 }, // U+1ECB
    { 11, 14, 187, 0, 11, 39, 1343 }, // U+1ECC
    { 9, 12, 145, 0, 9, 27, 1382 }, // U+1ECD
    { 11, 16, 187, 0, 15, 44, 1409 }, // U+1ECE
    { 9, 14, 145, 0, 13, 32, 1453 }, // U+1ECF
    { 11, 16, 187, 0, 15, 44, 1485 }, // U+1ED0
    { 9, 14, 145, 0, 13, 32, 1529 }, // U+1ED1
    { 11, 16, 187, 0, 15, 44, 1561 }, // U+1ED2
    { 9, 14, 145, 0, 13, 32, 1605 }, // U+1ED3
    { 11, 17, 187, 0, 16, 47, 1637 }, // U+1ED4
    { 9, 15, 145, 0, 14, 34, 1684 }, // U+1ED5
    { 11, 17, 187, 0, 16, 47, 1718 }, // U+1ED6
    { 9, 15, 145, 0, 14, 34, 1765 }, // U+1ED7
    { 11, 18, 187, 0, 15, 50, 1799 }, // U+1ED8
    { 9, 15, 145, 0, 12, 34, 1849 }, // U+1ED9
    { 13, 16, 188, 0, 15, 52, 1883 }, // U+1EDA
    { 10, 13, 148, 0, 12, 33, 1935 }, // U+1EDB
    { 13, 16, 188, 0, 15, 52, 1968 }, // U+1EDC
    { 10, 13, 148, 0, 12, 33, 2020 }, // U+1EDD
    { 13, 17, 188, 0, 16, 56, 2053 }, // U+1EDE
    { 10, 14, 148, 0, 13, 35, 2109 }, // U+1EDF
    { 13, 16, 188, 0, 15, 52, 2144 }, // U+1EE0
    { 10, 13, 148, 0, 12, 33, 2196 }, // U+1EE1
    { 13, 15, 188, 0, 12, 49, 2229 }, // U+1EE2
    { 10, 13, 148, 0, 10, 33, 2278 }, // U+1EE3
    { 9, 14, 175, 1, 11, 32, 2311 }, // U+1EE4
    { 7, 12, 148, 1, 9, 21, 2343 }, // U+1EE5
    { 9, 16, 175, 1, 15, 36, 2364 }, // U+1EE6
    { 7, 14, 148, 1, 13, 25, 2400 }, // U+1EE7
    { 12, 16, 187, 1, 15, 48, 2425 }, // U+1EE8
    { 10, 13, 162, 1, 12, 33, 2473 }, // U+1EE9
    { 12, 16, 187, 1, 15, 48, 2506 }, // U+1EEA
    { 10, 13, 162, 1, 12, 33, 2554 }, // U+1EEB
    { 12, 16, 187, 1, 15, 48, 2587 }, // U+1EEC
    { 10, 14, 162, 1, 13, 35, 2635 }, // U+1EED
    { 12, 16, 187, 1, 15, 48, 2670 }, // U+1EEE
    { 10, 13, 162, 1, 12, 33, 2718 }, // U+1EEF
    { 12, 15, 187, 1, 12, 45, 2751 }, // U+1EF0
    { 10, 13, 162, 1, 10, 33, 2796 }, // U+1EF1
    { 9, 15, 136, 0, 15, 34, 2829 }, // U+1EF2
    { 8, 16, 122, 0, 12, 32, 2863 }, // U+1EF3
    { 9, 14, 136, 0, 11, 32, 2895 }, // U+1EF4
    { 8, 13, 122, 0, 9, 26, 2927 }, // U+1EF5
    { 9, 15, 136, 0, 15, 34, 2953 }, // U+1EF6
    { 8, 17, 122, 0, 13, 34, 2987 }, // U+1EF7
    { 9, 15, 136, 0, 15, 34, 3021 }, // U+1EF8
    { 8, 16, 122, 0, 12, 32, 3055 }, // U+1EF9
    { 0, 0, 120, 0, 0, 0, 0 }, // U+2000
    { 0, 0, 240, 0, 0, 0, 0 }, // U+2001
    { 0, 0, 120, 0, 0, 0, 0 }, // U+2002
    { 0, 0, 240, 0, 0, 0, 0 }, // U+2003
    { 0, 0, 80, 0, 0, 0, 0 }, // U+2004
    { 0, 0, 60, 0, 0, 0, 0 }, // U+2005
    { 0, 0, 40, 0, 0, 0, 0 }, // U+2006
    { 0, 0, 137, 0, 0, 0, 0 }, // U+2007
    { 0, 0, 64, 0, 0, 0, 0 }, // U+2008
    { 0, 0, 40, 0, 0, 0, 0 }, // U+2009
    { 0, 0, 24, 0, 0, 0, 0 }, // U+200A
    { 0, 0, 0, 0, 0, 0, 0 }, // U+200B
    { 0, 0, 0, 0, 0, 0, 0 }, // U+200C
    { 0, 0, 0, 0, 0, 0, 0 }, // U+200D
    { 5, 13, 0, -1, 11, 17, 0 }, // U+200E
    { 5, 13, 0, -4, 11, 17, 17 }, // U+200F
    { 5, 2, 77, 0, 5, 3, 34 }, // U+2010
    { 5, 2, 77, 0, 5, 3, 37 }, // U+2011
    { 8, 2, 137, 0, 6, 4, 40 }, // U+2012
    { 7, 2, 120, 0, 5, 4, 44 }, // U+2013
    { 15, 2, 240, 0, 5, 8, 48 }, // U+2014
    { 15, 2, 240, 0, 5, 8, 56 }, // U+2015
    { 6, 16, 132, 1, 12, 24, 64 }, // U+2016
    { 8, 4, 99, -1, 0, 8, 88 }, // U+2017
    { 3, 4, 42, 0, 11, 3, 96 }, // U+2018
    { 3, 4, 42, 0, 11, 3, 99 }, // U+2019
    { 3, 4, 60, 0, 2, 3, 102 }, // U+201A
    { 3, 4, 42, 0, 11, 3, 105 }, // U+201B
    { 6, 4, 86, 0, 11, 6, 108 }, // U+201C
    { 6, 4, 86, 0, 11, 6, 114 }, // U+201D
    { 6, 4, 100, 0, 2, 6, 120 }, // U+201E
    { 6, 4, 86, 0, 11, 6, 126 }, // U+201F
    { 7, 12, 123, 0, 12, 21, 132 }, // U+2020
    { 7, 12, 123, 0, 12, 21, 153 }, // U+2021
    { 4, 5, 90, 1, 8, 5, 174 }, // U+2022
    { 4, 5, 88, 1, 8, 5, 179 }, // U+2023
    { 3, 3, 120, 2, 2, 3, 184 }, // U+2024
    { 6, 3, 129, 1, 2, 5, 187 }, // U+2025
    { 10, 3, 190, 1, 2, 8, 192 }, // U+2026
    { 2, 3, 64, 1, 5, 2, 200 }, // U+2027
    { 0, 0, 144, 0, 0, 0, 202 }, // U+2028
    { 0, 0, 144, 0, 0, 0, 202 }, // U+2029
    { 5, 12, 0, -1, 10, 15, 202 }, // U+202A
    { 5, 12, 0, -4, 10, 15, 217 }, // U+202B
    { 4, 13, 0, -2, 11, 13, 232 }, // U+202C
    { 4, 13, 0, -2, 11, 13, 245 }, // U+202D
    { 4, 13, 0, -2, 11, 13, 258 }, // U+202E
    { 0, 0, 40, 0, 0, 0, 271 }, // U+202F
    { 17, 12, 282, 0, 11, 51, 271 }, // U+2030
    { 23, 12, 371, 0, 11, 69, 322 }, // U+2031
    { 4, 5, 56, 0, 11, 5, 391 }, // U+2032
    { 7, 5, 98, 0, 11, 9, 396 }, // U+2033
    { 10, 5, 140, 0, 11, 13, 405 }, // U+2034
    { 4, 5, 56, -1, 11, 5, 418 }, // U+2035
    { 7, 5, 106, -1, 11, 9, 423 }, // U+2036
    { 9, 5, 144, -1, 11, 12, 432 }, // U+2037
    { 6, 6, 96, 0, 2, 9, 444 }, // U+2038
    { 5, 8, 74, 0, 8, 10, 453 }, // U+2039
    { 5, 8, 74, 0, 8, 10, 463 }, // U+203A
    { 12, 12, 201, 0, 11, 36, 473 }, // U+203B
    { 6, 12, 120, 1, 11, 18, 509 }, // U+203C
    { 7, 12, 107, 0, 11, 21, 527 }, // U+203D
    { 9, 2, 120, -1, 13, 5, 548 }, // U+203E
    { 9, 4, 146, 0, 0, 9, 553 }, // U+203F
    { 9, 4, 146, 0, 12, 9, 562 }, // U+2040
    { 6, 11, 90, 0, 7, 17, 571 }, // U+2041
    { 17, 15, 268, 0, 12, 64, 588 }, // U+2042
    { 5, 2, 77, 0, 5, 3, 652 }, // U+2043
    { 8, 11, 31, -3, 11, 22, 655 }, // U+2044
    { 4, 14, 78, 1, 11, 14, 677 }, // U+2045
    { 4, 14, 78, 0, 11, 14, 691 }, // U+2046
    { 13, 12, 205, 0, 11, 39, 705 }, // U+2047
    { 10, 12, 163, 0, 11, 30, 744 }, // U+2048
    { 9, 12, 164, 1, 11, 27, 774 }, // U+2049
    { 8, 9, 137, 0, 9, 18, 801 }, // U+204A
    { 8, 14, 157, 1, 12, 28, 819 }, // U+204B
    { 9, 9, 153, 0, 9, 21, 847 }, // U+204C
    { 8, 9, 153, 1, 9, 18, 868 }, // U+204D
    { 8, 8, 132, 0, 4, 16, 886 }, // U+204E
    { 4, 11, 57, 0, 9, 11, 902 }, // U+204F
    { 9, 16, 145, 0, 12, 36, 913 }, // U+2050
    { 8, 16, 132, 0, 12, 32, 949 }, // U+2051
    { 6, 12, 89, 0, 11, 18, 981 }, // U+2052
    { 13, 3, 240, 1, 6, 10, 999 }, // U+2053
    { 9, 4, 145, 0, 0, 9, 1009 }, // U+2054
    { 9, 9, 137, 0, 8, 21, 1018 }, // U+2055
    { 7, 12, 124, 0, 11, 21, 1039 }, // U+2056
    { 12, 5, 178, 0, 11, 15, 1060 }, // U+2057
    { 12, 12, 197, 0, 11, 36, 1075 }, // U+2058
    { 12, 12, 199, 0, 11, 36, 1111 }, // U+2059
    { 3, 12, 53, 0, 11, 9, 1147 }, // U+205A
    { 10, 13, 157, 0, 12, 33, 1156 }, // U+205B
    { 12, 13, 191, 0, 12, 39, 1189 }, // U+205C
    { 2, 12, 64, 1, 11, 6, 1228 }, // U+205D
    { 2, 12, 64, 1, 11, 6, 1234 }, // U+205E
    { 0, 0, 53, 0, 0, 0, 1240 }, // U+205F
    { 0, 0, 144, 0, 0, 0, 1240 }, // U+2060
    { 0, 0, 144, 0, 0, 0, 1240 }, // U+2061
    { 0, 0, 144, 0, 0, 0, 1240 }, // U+2062
    { 0, 0, 144, 0, 0, 0, 1240 }, // U+2063
    { 0, 0, 144, 0, 0, 0, 1240 }, // U+2064
    { 0, 0, 0, 0, 0, 0, 1240 }, // U+2066
    { 0, 0, 0, 0, 0, 0, 1240 }, // U+2067
    { 0, 0, 0, 0, 0, 0, 1240 }, // U+2068
    { 0, 0, 0, 0, 0, 0, 1240 }, // U+2069
    { 4, 13, 0, -2, 11, 13, 1240 }, // U+206A
    { 4, 13, 0, -2, 11, 13, 1253 }, // U+206B
    { 4, 13, 0, -2, 11, 13, 1266 }, // U+206C
    { 4, 13, 0, -2, 11, 13, 1279 }, // U+206D
    { 4, 13, 0, -2, 11, 13, 1292 }, // U+206E
    { 4, 13, 0, -2, 11, 13, 1305 }, // U+206F
    { 5, 7, 84, 0, 13, 9, 0 }, // U+2070
    { 2, 7, 40, 0, 11, 4, 9 }, // U+2071
    { 6, 7, 84, 0, 13, 11, 13 }, // U+2074
    { 5, 7, 84, 0, 13, 9, 24 }, // U+2075
    { 5, 7, 84, 0, 13, 9, 33 }, // U+2076
    { 5, 7, 84, 0, 13, 9, 42 }, // U+2077
    { 5, 7, 84, 0, 13, 9, 51 }, // U+2078
    { 5, 7, 84, 0, 13, 9, 60 }, // U+2079
    { 5, 5, 81, 0, 11, 7, 69 }, // U+207A
    { 5, 2, 81, 0, 10, 3, 76 }, // U+207B
    { 5, 4, 81, 0, 11, 5, 79 }, // U+207C
    { 4, 9, 54, 0, 14, 9, 84 }, // U+207D
    { 3, 9, 54, 0, 14, 7, 93 }, // U+207E
    { 6, 6, 96, 0, 10, 9, 100 }, // U+207F
    { 5, 7, 84, 0, 5, 9, 109 }, // U+2080
    { 4, 7, 84, 0, 5, 7, 118 }, // U+2081
    { 5, 7, 84, 0, 5, 9, 125 }, // U+2082
    { 5, 7, 84, 0, 5, 9, 134 }, // U+2083
    { 6, 7, 84, 0, 5, 11, 143 }, // U+2084
    { 5, 7, 84, 0, 5, 9, 154 }, // U+2085
    { 5, 7, 84, 0, 5, 9, 163 }, // U+2086
    { 5, 7, 84, 0, 5, 9, 172 }, // U+2087
    { 5, 7, 84, 0, 5, 9, 181 }, // U+2088
    { 5, 7, 84, 0, 5, 9, 190 }, // U+2089
    { 5, 5, 81, 0, 3, 7, 199 }, // U+208A
    { 5, 2, 81, 0, 2, 3, 206 }, // U+208B
    { 5, 4, 81, 0, 3, 5, 209 }, // U+208C
    { 4, 9, 54, 0, 6, 9, 214 }, // U+208D
    { 3, 9, 54, 0, 6, 7, 223 }, // U+208E
    { 5, 6, 88, 0, 4, 8, 230 }, // U+2090
    { 5, 6, 88, 0, 4, 8, 238 }, // U+2091
    { 6, 6, 94, 0, 4, 9, 246 }, // U+2092
    { 5, 6, 83, 0, 4, 8, 255 }, // U+2093
    { 5, 6, 88, 0, 4, 8, 263 }, // U+2094
    { 6, 8, 96, 0, 6, 12, 271 }, // U+2095
    { 6, 8, 83, 0, 6, 12, 283 }, // U+2096
    { 2, 8, 40, 0, 6, 4, 295 }, // U+2097
    { 9, 6, 146, 0, 4, 14, 299 }, // U+2098
    { 6, 6, 96, 0, 4, 9, 313 }, // U+2099
    { 6, 8, 96, 0, 4, 12, 322 }, // U+209A
    { 5, 6, 75, 0, 4, 8, 334 }, // U+209B
    { 4, 7, 56, 0, 5, 7, 342 }, // U+209C
    { 9, 11, 137, 0, 11, 25, 0 }, // U+20A0
    { 9, 13, 137, 0, 12, 30, 25 }, // U+20A1
    { 9, 12, 137, 0, 11, 27, 55 }, // U+20A2
    { 8, 11, 137, 0, 11, 22, 82 }, // U+20A3
    { 9, 11, 137, 0, 11, 25, 104 }, // U+20A4
    { 12, 12, 224, 1, 10, 36, 129 }, // U+20A5
    { 9, 11, 137, 0, 11, 25, 165 }, // U+20A6
    { 11, 12, 186, 1, 11, 33, 190 }, // U+20A7
    { 11, 12, 200, 1, 11, 33, 223 }, // U+20A8
    { 10, 11, 161, 0, 11, 28, 256 }, // U+20A9
    { 10, 11, 192, 1, 11, 28, 284 }, // U+20AA
    { 10, 15, 148, 0, 12, 38, 312 }, // U+20AB
    { 9, 12, 137, 0, 11, 27, 350 }, // U+20AC
    { 9, 11, 137, 0, 11, 25, 377 }, // U+20AD
    { 9, 11, 137, 0, 11, 25, 402 }, // U+20AE
    { 15, 15, 233, 0, 11, 57, 427 }, // U+20AF
    { 8, 15, 137, 0, 11, 30, 484 }, // U+20B0
    { 9, 11, 137, 0, 11, 25, 514 }, // U+20B1
    { 10, 14, 175, 0, 12, 35, 539 }, // U+20B2
    { 10, 11, 146, 0, 11, 28, 574 }, // U+20B3
    { 9, 12, 132, 0, 11, 27, 602 }, // U+20B4
    { 10, 14, 152, 0, 12, 35, 629 }, // U+20B5
    { 9, 11, 149, 0, 10, 25, 664 }, // U+20B6
    { 11, 13, 174, 0, 11, 36, 689 }, // U+20B7
    { 8, 11, 131, 0, 11, 22, 725 }, // U+20B8
    { 7, 11, 137, 1, 11, 20, 747 }, // U+20B9
    { 9, 12, 137, 0, 11, 27, 767 }, // U+20BA
    { 12, 12, 187, 0, 11, 36, 794 }, // U+20BB
    { 12, 11, 194, 0, 11, 33, 830 }, // U+20BC
    { 9, 11, 140, 0, 11, 25, 863 }, // U+20BD
    { 11, 12, 185, 0, 12, 33, 888 }, // U+20BE
    { 8, 15, 137, 1, 13, 30, 921 }, // U+20BF
    { 7, 12, 118, 0, 9, 21, 951 }, // U+20C0
    { 8, 2, 137, 0, 6, 4, 0 }, // U+2212
    { 11, 12, 165, 0, 12, 33, 0 }, // U+FB00
    { 8, 12, 144, 0, 12, 24, 33 }, // U+FB01
    { 8, 12, 144, 0, 12, 24, 57 }, // U+FB02
    { 14, 12, 227, 0, 12, 42, 81 }, // U+FB03
    { 13, 12, 227, 0, 12, 39, 123 }, // U+FB04
    { 9, 13, 162, 1, 12, 30, 162 }, // U+FB05
    { 13, 13, 202, 0, 12, 43, 192 }, // U+FB06
    { 15, 15, 240, 0, 12, 57, 0 }, // U+FFFD
};

static const EpdUnicodeInterval notosans_c15_regularIntervals[] = {
    { 0x0, 0x0, 0x0 },
    { 0xD, 0xD, 0x1 },
    { 0x20, 0x7E, 0x2 },
    { 0xA0, 0x17F, 0x61 },
    { 0x1A0, 0x1A1, 0x141 },
    { 0x1AF, 0x1B0, 0x143 },
    { 0x1C4, 0x21F, 0x145 },
    { 0x250, 0x36F, 0x1A1 },
    { 0x400, 0x4FF, 0x2C1 },
    { 0x1EA0, 0x1EF9, 0x3C1 },
    { 0x2000, 0x2064, 0x41B },
    { 0x2066, 0x2071, 0x480 },
    { 0x2074, 0x208E, 0x48C },
    { 0x2090, 0x209C, 0x4A7 },
    { 0x20A0, 0x20C0, 0x4B4 },
    { 0x2212, 0x2212, 0x4D5 },
    { 0xFB00, 0xFB06, 0x4D6 },
    { 0xFFFD, 0xFFFD, 0x4DD },
};

static const EpdFontGroup notosans_c15_regularGroups[] = {
    { 0, 1348, 2170, 97, 0 },
    { 1348, 1241, 2708, 96, 97 },
    { 2589, 1561, 4228, 128, 193 },
    { 4150, 1533, 3805, 96, 321 },
    { 5683, 1852, 3421, 176, 417 },
    { 7535, 496, 653, 112, 593 },
    { 8031, 3959, 8375, 256, 705 },
    { 11990, 940, 3543, 90, 961 },
    { 12930, 914, 1535, 111, 1051 },
    { 13844, 275, 495, 42, 1162 },
    { 14119, 830, 1137, 33, 1204 },
    { 14949, 6, 4, 1, 1237 },
    { 14955, 136, 271, 7, 1238 },
    { 15091, 55, 60, 1, 1245 },
};

static const uint16_t notosans_c15_regularKernLeftCodepoints[] = {
    0x0022, 0x0026, 0x0027, 0x0028, 0x002C, 0x002D, 0x002E, 0x003A, 0x0041, 0x0042, 0x0043, 0x0044,
    0x0045, 0x0046, 0x004B, 0x004C, 0x004F, 0x0050, 0x0051, 0x0052, 0x0054, 0x0055, 0x0056, 0x0057,
    0x0058, 0x0059, 0x005A, 0x005B, 0x005F, 0x0061, 0x0062, 0x0063, 0x0065, 0x0066, 0x0068, 0x006D,
    0x006E, 0x006F, 0x0070, 0x0072, 0x0074, 0x0076, 0x0077, 0x0078, 0x0079, 0x007B, 0x00A1, 0x00AB,
    0x00BB, 0x00BF, 0x00C0, 0x00C1, 0x00C2, 0x00C3, 0x00C4, 0x00C5, 0x00C6, 0x00C7, 0x00C8, 0x00C9,
    0x00CA, 0x00CB, 0x00D0, 0x00D2, 0x00D3, 0x00D4, 0x00D5, 0x00D6, 0x00D8, 0x00D9, 0x00DA, 0x00DB,
    0x00DC, 0x00DD, 0x00DE, 0x00E0, 0x00E1, 0x00E2, 0x00E3, 0x00E4, 0x00E5, 0x00E6, 0x00E8, 0x00E9,
    0x00EA, 0x00EB, 0x00EE, 0x00EF, 0x00F0, 0x00F2, 0x00F3, 0x00F4, 0x00F5, 0x00F6, 0x00F8, 0x00FD,
    0x00FE, 0x00FF, 0x0100, 0x0101, 0x0102, 0x0103, 0x0104, 0x0105, 0x0106, 0x0108, 0x010A, 0x010C,
    0x010E, 0x010F, 0x0110, 0x0112, 0x0113, 0x0114, 0x0115, 0x0116, 0x0117, 0x0118, 0x0119, 0x011A,
    0x011B, 0x0125, 0x0129, 0x012B, 0x012E, 0x0136, 0x0138, 0x0139, 0x013B, 0x013D, 0x013E, 0x013F,
    0x0141, 0x0144, 0x0146, 0x0149, 0x014B, 0x014C, 0x014D, 0x014E, 0x014F, 0x0150, 0x0151, 0x0152,
    0x0153, 0x0155, 0x0157, 0x0159, 0x0162, 0x0163, 0x0164, 0x0165, 0x0166, 0x0167, 0x0168, 0x016A,
    0x016C, 0x016E, 0x0170, 0x0172, 0x0174, 0x0175, 0x0176, 0x0177, 0x0178, 0x0179, 0x017B, 0x017D,
    0x01A0, 0x01A1, 0x01AF, 0x01B0, 0x01FA, 0x01FB, 0x01FC, 0x01FD, 0x01FE, 0x020B, 0x021A, 0x021B,
    0x02BC, 0x0400, 0x0401, 0x0402, 0x0403, 0x0404, 0x0405, 0x0409, 0x040A, 0x040B, 0x040C, 0x040E,
    0x0410, 0x0411, 0x0412, 0x0413, 0x0414, 0x0415, 0x0416, 0x0417, 0x041A, 0x041E, 0x0420, 0x0421,
    0x0422, 0x0423, 0x0424, 0x0425, 0x0426, 0x0429, 0x042A, 0x042C, 0x042D, 0x042E, 0x0430, 0x0431,
    0x0432, 0x0433, 0x0434, 0x0435, 0x0436, 0x0437, 0x0438, 0x0439, 0x043A, 0x043B, 0x043C, 0x043D,
    0x043E, 0x043F, 0x0440, 0x0441, 0x0442, 0x0443, 0x0444, 0x0445, 0x0446, 0x0447, 0x0448, 0x0449,
    0x044A, 0x044B, 0x044C, 0x044D, 0x044E, 0x044F, 0x0450, 0x0451, 0x0452, 0x0453, 0x0454, 0x0455,
    0x0457, 0x0458, 0x0459, 0x045A, 0x045B, 0x045C, 0x045D, 0x045E, 0x045F, 0x0460, 0x0461, 0x0462,
    0x0463, 0x0464, 0x0465, 0x0466, 0x0467, 0x0468, 0x0469, 0x046E, 0x0471, 0x0472, 0x0473, 0x0474,
    0x0475, 0x0476, 0x0477, 0x0478, 0x0479, 0x047A, 0x047B, 0x047C, 0x047D, 0x047E, 0x047F, 0x0480,
    0x048A, 0x048B, 0x048C, 0x048D, 0x048E, 0x048F, 0x0490, 0x0491, 0x0492, 0x0493, 0x0496, 0x0497,
    0x0498, 0x0499, 0x049A, 0x049B, 0x049C, 0x049D, 0x049E, 0x049F, 0x04A0, 0x04A1, 0x04A2, 0x04A3,
    0x04A4, 0x04A5, 0x04A9, 0x04AA, 0x04AB, 0x04AC, 0x04AD, 0x04AE, 0x04AF, 0x04B0, 0x04B1, 0x04B2,
    0x04B3, 0x04B4, 0x04B5, 0x04B6, 0x04B7, 0x04BC, 0x04BD, 0x04BE, 0x04BF, 0x04C1, 0x04C2, 0x04C5,
    0x04C6, 0x04C9, 0x04CA, 0x04CD, 0x04CE, 0x04D0, 0x04D1, 0x04D2, 0x04D3, 0x04D4, 0x04D5, 0x04D6,
    0x04D7, 0x04D8, 0x04D9, 0x04DA, 0x04DB, 0x04DC, 0x04DD, 0x04DE, 0x04DF, 0x04E3, 0x04E5, 0x04E6,
    0x04E7, 0x04E8, 0x04E9, 0x04EA, 0x04EB, 0x04EC, 0x04ED, 0x04EE, 0x04EF, 0x04F0, 0x04F1, 0x04F2,
    0x04F3, 0x04F5, 0x04F6, 0x04F7, 0x04F9, 0x04FA, 0x04FB, 0x04FC, 0x04FD, 0x04FE, 0x04FF, 0x1EA0,
    0x1EA1, 0x1EA2, 0x1EA3, 0x1EA4, 0x1EA5, 0x1EA6, 0x1EA7, 0x1EA8, 0x1EA9, 0x1EAA, 0x1EAB, 0x1EAC,
    0x1EAD, 0x1EAE, 0x1EAF, 0x1EB0, 0x1EB1, 0x1EB2, 0x1EB3, 0x1EB4, 0x1EB5, 0x1EB6, 0x1EB7, 0x1EB8,
    0x1EB9, 0x1EBA, 0x1EBB, 0x1EBC, 0x1EBD, 0x1EBE, 0x1EBF, 0x1EC0, 0x1EC1, 0x1EC2, 0x1EC3, 0x1EC4,
    0x1EC5, 0x1EC6, 0x1EC7, 0x1ECC, 0x1ECD, 0x1ECE, 0x1ECF, 0x1ED0, 0x1ED1, 0x1ED2, 0x1ED3, 0x1ED4,
    0x1ED5, 0x1ED6, 0x1ED7, 0x1ED8, 0x1ED9, 0x1EDA, 0x1EDB, 0x1EDC, 0x1EDD, 0x1EDE, 0x1EDF, 0x1EE0,
    0x1EE1, 0x1EE2, 0x1EE3, 0x1EE4, 0x1EE6, 0x1EE8, 0x1EE9, 0x1EEA, 0x1EEB, 0x1EEC, 0x1EED, 0x1EEE,
    0x1EEF, 0x1EF0, 0x1EF1, 0x1EF2, 0x1EF3, 0x1EF4, 0x1EF5, 0x1EF6, 0x1EF7, 0x1EF8, 0x1EF9, 0x2013,
    0x2014, 0x2015, 0x2018, 0x2019, 0x201A, 0x201C, 0x201D, 0x201E, 0x2039, 0x203A, 0xFB00,
};

static const uint8_t notosans_c15_regularKernLeftClassIds[] = {
      1,   2,   1,   3,   4,   5,   4,   6,   7,   8,   9,  10,  11,  12,   9,  13,
     10,  14,  10,  15,  16,  17,  18,  18,   9,  19,  20,   3,  21,  22,  23,  24,
     23,  25,  22,  22,  22,  23,  23,  26,  24,  27,  27,  28,  27,   3,  29,  30,
     31,  32,   7,   7,   7,   7,   7,   7,  11,   9,  11,  11,  11,  11,  10,  10,
     10,  10,  10,  10,  10,  17,  17,  17,  17,  19,  14,  22,  22,  22,  22,  22,
     22,  23,  23,  23,  23,  23,  33,  33,  23,  23,  23,  23,  23,  23,  23,  27,
     23,  27,   7,  22,   7,  22,  34,  22,   9,   9,   9,   9,  10,  35,  10,  11,
     23,  11,  23,  11,  23,  11,  23,  11,  23,  22,  36,  33,  37,   9,  28,  13,
     13,  13,  35,  13,  13,  22,  22,  22,  22,  10,  23,  10,  23,  10,  23,  11,
     23,  26,  26,  26,  16,  24,  16,  38,  16,  24,  17,  17,  17,  17,  17,  17,
     18,  27,  19,  27,  19,  20,  20,  20,  39,  40,  41,  42,   7,  22,  11,  23,
     10,  33,  16,  24,  43,  44,  44,  45,  46,  47,  48,  49,  49,  45,  50,  51,
     52,  53,  54,  46,  55,  44,  50,  54,  50,  56,  57,  47,  46,  51,  58,  50,
     55,  55,  49,  49,  56,  56,  59,  60,  61,  62,  63,  64,  65,  61,  66,  66,
     65,  66,  66,  66,  64,  66,  64,  67,  62,  68,  64,  65,  63,  66,  66,  63,
     69,  66,  69,  64,  64,  66,  64,  64,  70,  62,  67,  71,  72,  73,  69,  69,
     74,  65,  66,  68,  66,  56,  75,  76,  69,  47,  67,  52,  77,  52,  77,  78,
     64,  56,  64,  51,  75,  51,  75,  68,  68,  56,  64,  56,  64,  56,  75,  47,
     55,  63,  76,  69,  57,  64,  79,  80,  81,  82,  83,  84,  78,  61,  83,  84,
     50,  65,  50,  65,  50,  65,  55,  63,  81,  80,  64,  47,  67,  79,  80,  85,
     86,  85,  86,  83,  84,  55,  63,  55,  63,  87,  88,  87,  88,  50,  65,  55,
     63,  55,  63,  55,  63,  52,  59,  52,  59,  44,  88,  44,  88,  56,  64,  56,
     64,  50,  65,  78,  61,  66,  66,  56,  64,  56,  64,  56,  64,  56,  64,  51,
     68,  51,  68,  51,  68,  66,  79,  80,  66,  81,  82,  83,  84,  50,  84,   7,
     22,   7,  22,   7,  22,   7,  22,   7,  22,   7,  22,   7,  22,   7,  22,   7,
     22,   7,  22,   7,  22,   7,  22,  11,  23,  11,  23,  11,  23,  11,  23,  11,
     23,  11,  23,  11,  23,  11,  23,  10,  23,  10,  23,  10,  23,  10,  23,  10,
     23,  10,  23,  10,  23,  39,  40,  39,  40,  39,  40,  39,  40,  39,  40,  17,
     17,  41,  42,  41,  42,  41,  42,  41,  42,  41,  42,  19,  27,  19,  27,  19,
     27,  19,  27,   5,   5,   5,   1,   1,   4,   1,   1,   4,  30,  31,  25,
};

static const uint16_t notosans_c15_regularKernRightCodepoints[] = {
    0x0021, 0x0022, 0x0026, 0x0027, 0x0029, 0x002C, 0x002D, 0x002E, 0x003A, 0x003B, 0x003F, 0x0041,
    0x0043, 0x0047, 0x0049, 0x004A, 0x004F, 0x0051, 0x0054, 0x0055, 0x0056, 0x0057, 0x0058, 0x0059,
    0x005A, 0x005D, 0x0061, 0x0062, 0x0063, 0x0064, 0x0065, 0x0066, 0x0067, 0x0068, 0x006A, 0x006B,
    0x006C, 0x006D, 0x006E, 0x006F, 0x0070, 0x0071, 0x0072, 0x0073, 0x0074, 0x0075, 0x0076, 0x0077,
    0x0078, 0x0079, 0x007A, 0x007D, 0x00AB, 0x00BB, 0x00C0, 0x00C1, 0x00C2, 0x00C3, 0x00C4, 0x00C5,
    0x00C6, 0x00C7, 0x00D2, 0x00D3, 0x00D4, 0x00D5, 0x00D6, 0x00D8, 0x00D9, 0x00DA, 0x00DB, 0x00DC,
    0x00DD, 0x00E0, 0x00E1, 0x00E2, 0x00E3, 0x00E4, 0x00E5, 0x00E6, 0x00E7, 0x00E8, 0x00E9, 0x00EA,
    0x00EB, 0x00F2, 0x00F3, 0x00F4, 0x00F5, 0x00F6, 0x00F8, 0x00F9, 0x00FA, 0x00FB, 0x00FC, 0x00FD,
    0x00FE, 0x00FF, 0x0100, 0x0101, 0x0102, 0x0103, 0x0104, 0x0105, 0x0106, 0x0107, 0x0108, 0x0109,
    0x010A, 0x010B, 0x010C, 0x010D, 0x010F, 0x0111, 0x0113, 0x0115, 0x0117, 0x0119, 0x011B, 0x011C,
    0x011D, 0x011E, 0x011F, 0x0120, 0x0121, 0x0122, 0x0123, 0x0125, 0x0127, 0x0129, 0x0137, 0x0138,
    0x013A, 0x013C, 0x013E, 0x0140, 0x0144, 0x0146, 0x014B, 0x014C, 0x014D, 0x014E, 0x014F, 0x0150,
    0x0151, 0x0152, 0x0153, 0x0155, 0x0157, 0x015B, 0x015F, 0x0162, 0x0163, 0x0164, 0x0165, 0x0166,
    0x0167, 0x0168, 0x0169, 0x016A, 0x016B, 0x016C, 0x016D, 0x016E, 0x016F, 0x0170, 0x0171, 0x0172,
    0x0173, 0x0174, 0x0175, 0x0176, 0x0177, 0x0178, 0x0179, 0x017A, 0x017B, 0x017C, 0x017D, 0x017E,
    0x01A0, 0x01A1, 0x01AF, 0x01B0, 0x01FA, 0x01FB, 0x01FC, 0x01FD, 0x01FE, 0x01FF, 0x0219, 0x021A,
    0x021B, 0x0402, 0x0404, 0x0405, 0x0408, 0x0409, 0x040B, 0x040E, 0x0410, 0x0414, 0x0416, 0x0417,
    0x041B, 0x041E, 0x0421, 0x0422, 0x0423, 0x0424, 0x0425, 0x0427, 0x042A, 0x042D, 0x042F, 0x0430,
    0x0431, 0x0432, 0x0433, 0x0434, 0x0435, 0x0436, 0x0437, 0x0438, 0x0439, 0x043A, 0x043B, 0x043C,
    0x043D, 0x043E, 0x043F, 0x0440, 0x0441, 0x0442, 0x0443, 0x0444, 0x0445, 0x0446, 0x0447, 0x0448,
    0x0449, 0x044A, 0x044B, 0x044C, 0x044D, 0x044E, 0x044F, 0x0450, 0x0451, 0x0452, 0x0453, 0x0454,
    0x0455, 0x0457, 0x0458, 0x0459, 0x045A, 0x045B, 0x045C, 0x045D, 0x045E, 0x045F, 0x0460, 0x0461,
    0x0462, 0x0465, 0x0466, 0x0467, 0x0469, 0x046D, 0x046E, 0x0470, 0x0472, 0x0473, 0x0474, 0x0475,
    0x0476, 0x0477, 0x0478, 0x0479, 0x047A, 0x047B, 0x047C, 0x047D, 0x047E, 0x047F, 0x0480, 0x0481,
    0x048B, 0x048C, 0x048D, 0x048F, 0x0491, 0x0492, 0x0495, 0x0496, 0x0497, 0x0498, 0x0499, 0x049B,
    0x049D, 0x049F, 0x04A0, 0x04A1, 0x04A3, 0x04A5, 0x04A7, 0x04A8, 0x04A9, 0x04AA, 0x04AB, 0x04AC,
    0x04AD, 0x04AE, 0x04AF, 0x04B0, 0x04B1, 0x04B2, 0x04B3, 0x04B4, 0x04B5, 0x04B6, 0x04B7, 0x04B8,
    0x04B9, 0x04BB, 0x04BC, 0x04BD, 0x04BE, 0x04BF, 0x04C1, 0x04C2, 0x04C4, 0x04C5, 0x04C6, 0x04C8,
    0x04CA, 0x04CB, 0x04CC, 0x04CE, 0x04D0, 0x04D1, 0x04D2, 0x04D3, 0x04D4, 0x04D5, 0x04D7, 0x04D8,
    0x04D9, 0x04DA, 0x04DB, 0x04DC, 0x04DD, 0x04DE, 0x04DF, 0x04E3, 0x04E5, 0x04E6, 0x04E7, 0x04E8,
    0x04E9, 0x04EA, 0x04EB, 0x04EC, 0x04ED, 0x04EE, 0x04EF, 0x04F0, 0x04F1, 0x04F2, 0x04F3, 0x04F4,
    0x04F5, 0x04F7, 0x04F9, 0x04FA, 0x04FC, 0x04FD, 0x04FE, 0x04FF, 0x1EA0, 0x1EA1, 0x1EA2, 0x1EA3,
    0x1EA4, 0x1EA5, 0x1EA6, 0x1EA7, 0x1EA8, 0x1EA9, 0x1EAA, 0x1EAB, 0x1EAC, 0x1EAD, 0x1EAE, 0x1EAF,
    0x1EB0, 0x1EB1, 0x1EB2, 0x1EB3, 0x1EB4, 0x1EB5, 0x1EB6, 0x1EB7, 0x1EB9, 0x1EBB, 0x1EBD, 0x1EBF,
    0x1EC1, 0x1EC3, 0x1EC5, 0x1EC7, 0x1ECC, 0x1ECD, 0x1ECE, 0x1ECF, 0x1ED0, 0x1ED1, 0x1ED2, 0x1ED3,
    0x1ED4, 0x1ED5, 0x1ED6, 0x1ED7, 0x1ED8, 0x1ED9, 0x1EDA, 0x1EDB, 0x1EDC, 0x1EDD, 0x1EDE, 0x1EDF,
    0x1EE0, 0x1EE1, 0x1EE2, 0x1EE3, 0x1EE4, 0x1EE5, 0x1EE6, 0x1EE7, 0x1EE8, 0x1EE9, 0x1EEA, 0x1EEB,
    0x1EEC, 0x1EED, 0x1EEE, 0x1EEF, 0x1EF0, 0x1EF1, 0x1EF2, 0x1EF4, 0x1EF5, 0x1EF6, 0x1EF7, 0x1EF8,
    0x1EF9, 0x2013, 0x2014, 0x2015, 0x2018, 0x2019, 0x201A, 0x201C, 0x201D, 0x201E, 0x2026, 0x2039,
    0x203A, 0xFB00, 0xFB01, 0xFB02, 0xFB03, 0xFB04,
};

static const uint8_t notosans_c15_regularKernRightClassIds[] = {
      1,   2,   3,   2,   4,   5,   6,   5,   7,   7,   8,   9,  10,  10,  11,  12,
     10,  10,  13,  14,  15,  15,  16,  17,  18,   4,  19,  20,  21,  21,  21,  22,
     23,  20,  24,  20,  20,  25,  25,  21,  25,  21,  25,  26,  22,  25,  27,  27,
     27,  27,  28,   4,  29,  30,   9,   9,   9,   9,   9,   9,  31,  10,  10,  10,
     10,  10,  10,  10,  14,  14,  14,  14,  17,  21,  19,  19,  19,  19,  19,  19,
     21,  21,  21,  21,  21,  21,  21,  21,  21,  21,  21,  25,  25,  25,  25,  27,
     20,  27,   9,  19,   9,  19,   9,  19,  10,  21,  10,  21,  10,  21,  10,  21,
     21,  21,  21,  21,  21,  21,  21,  10,  23,  10,  23,  10,  23,  10,  23,  20,
     32,  33,  20,  25,  20,  20,  20,  20,  25,  25,  25,  10,  21,  10,  21,  10,
     21,  10,  21,  25,  25,  26,  26,  13,  22,  13,  22,  13,  22,  14,  25,  14,
     25,  14,  25,  14,  25,  14,  25,  14,  25,  15,  27,  17,  27,  17,  18,  28,
     18,  28,  18,  28,  10,  21,  14,  25,   9,  19,  31,  19,  10,  21,  26,  13,
     22,  34,  35,  36,  37,  38,  34,  39,  40,  41,  42,  43,  38,  35,  35,  34,
     39,  44,  42,  45,  34,  43,  46,  47,  48,  49,  49,  50,  51,  52,  53,  49,
     49,  49,  54,  49,  49,  51,  49,  49,  51,  55,  56,  51,  52,  49,  57,  49,
     49,  55,  49,  49,  53,  49,  58,  51,  51,  59,  49,  51,  60,  61,  62,  54,
     49,  59,  49,  49,  56,  49,  63,  64,  65,  66,  40,  50,  66,  66,  43,  45,
     63,  47,  67,  64,  67,  64,  63,  47,  63,  47,  63,  47,  63,  64,  63,  47,
     66,  65,  59,  66,  66,  65,  66,  42,  52,  43,  53,  66,  66,  59,  68,  55,
     66,  66,  66,  63,  47,  63,  47,  34,  55,  69,  70,  69,  70,  42,  52,  68,
     55,  45,  57,  45,  57,  66,  71,  72,  71,  72,  42,  52,  66,  73,  50,  66,
     66,  45,  57,  66,  40,  74,  40,  74,  40,  74,  47,  75,  74,  75,  74,  42,
     52,  43,  53,  49,  49,  63,  47,  63,  47,  63,  47,  43,  53,  39,  56,  39,
     56,  39,  56,  45,  57,  66,  49,  65,  42,  52,  42,  52,   9,  19,   9,  19,
      9,  19,   9,  19,   9,  19,   9,  19,   9,  19,   9,  19,   9,  19,   9,  19,
      9,  19,   9,  19,  21,  21,  21,  21,  21,  21,  21,  21,  10,  21,  10,  21,
     10,  21,  10,  21,  10,  21,  10,  21,  10,  21,  10,  21,  10,  21,  10,  21,
     10,  21,  10,  21,  14,  25,  14,  25,  14,  25,  14,  25,  14,  25,  14,  25,
     14,  25,  17,  17,  27,  17,  27,  17,  27,   6,   6,   6,  76,   2,   5,  76,
      2,   5,   5,  29,  30,  22,  22,  22,  22,  22,
};

static const uint16_t notosans_c15_regularKernRowOffsets[] = {
        0,    29,    32,    37,    54,    61,    66,    72,    73,    75,    82,    83,    87,    93,   100,   101,
      117,   119,   130,   143,   145,   146,   147,   150,   151,   154,   159,   162,   163,   167,   173,   182,
      186,   187,   193,   200,   202,   203,   208,   214,   217,   227,   230,   231,   232,   245,   270,   276,
      278,   289,   304,   333,   352,   354,   358,   370,   386,   403,   421,   427,   438,   446,   457,   469,
      480,   492,   494,   498,   510,   528,   534,   538,   542,   544,   549,   551,   558,   566,   569,   594,
      601,   617,   620,   625,   627,   639,   641,   644,   647,
};

static const uint8_t notosans_c15_regularKernSparseCols[] = {
      8,  12,  14,  16,  18,  20,  22,  24,  25,  30,  32,  33,  37,  38,  39,  40,
     41,  43,  46,  49,  52,  53,  54,  55,  58,  60,  67,  72,  73,  12,  14,  16,
     11,  23,  36,  43,  61,   9,  12,  13,  14,  16,  33,  36,  38,  43,  44,  54,
     56,  62,  66,  67,  68,  70,  12,  33,  38,  41,  51,  54,  67,  33,  41,  43,
     44,  56,   1,   9,  11,  12,  14,  16,   4,   9,  28,   4,   8,  12,  14,  15,
     16,  17,  11,   3,   4,   7,   8,   1,   9,  12,  13,  14,  16,   2,   4,   8,
     15,  17,  28,  30,  28,   2,   4,   5,   7,   8,   9,  12,  18,  20,  22,  24,
     25,  26,  27,  28,  29,   4,   8,   4,   7,   8,   9,  18,  20,  22,  24,  25,
     28,  29,   2,   4,   7,   8,   9,  18,  20,  22,  24,  25,  27,  28,  29,   9,
     28,  11,   1,   1,  26,  27,   1,   1,   3,   4,   1,   4,  18,  20,  22,   1,
      4,   7,  20,  11,  12,  14,  16,  12,  14,  16,  33,  39,  67,  12,  14,  15,
     16,  33,  38,  41,  44,  67,  11,  12,  14,  16,   3,   1,   9,  11,  12,  14,
     16,   0,   1,   3,   7,  19,  31,  75,   3,  32,  11,   0,   1,   3,   7,  75,
      8,  10,  12,  14,  15,  16,  19,  21,  26,   8,   9,  10,  12,  14,  15,  16,
     18,  20,  22,  19,  21,  26,  32,  36,   1,  33,  38,  44,  54,  55,  56,  64,
     66,  67,  68,  69,  75,   1,   4,   5,   6,  29,  33,  34,  37,  39,  40,  43,
     46,  47,  48,  49,  50,  51,  52,  53,  54,  55,  56,  57,  59,  67,  28,  34,
     43,  56,  62,  70,   4,  43,   1,   4,  33,  38,  44,  51,  54,  55,  57,  67,
     75,   1,   5,   6,  28,  34,  43,  44,  46,  47,  50,  54,  55,  56,  62,  70,
      1,   4,   5,   6,  28,  29,  34,  35,  37,  39,  40,  43,  45,  46,  47,  48,
     49,  50,  51,  52,  53,  56,  57,  58,  59,  62,  70,  71,  72,   1,  29,  33,
     34,  36,  38,  43,  44,  50,  54,  55,  56,  64,  66,  67,  68,  70,  74,  75,
     51,  55,   3,  51,  56,  57,   4,  36,  37,  40,  43,  44,  49,  53,  54,  55,
     56,  61,   4,  33,  37,  38,  39,  40,  41,  42,  49,  51,  53,  57,  66,  67,
     68,  72,   4,   5,   6,  28,  29,  37,  38,  39,  40,  41,  43,  46,  49,  50,
     53,  57,  72,   1,   3,   4,   6,  33,  35,  37,  38,  39,  40,  41,  42,  45,
     49,  51,  53,  57,  67,   1,  33,  38,  51,  54,  55,  33,  38,  39,  41,  45,
     49,  51,  54,  55,  56,  57,   3,  33,  38,  41,  45,  51,  54,  55,   1,   4,
      5,  37,  39,  40,  41,  49,  50,  53,  75,   1,   4,  33,  36,  37,  40,  44,
     49,  53,  54,  56,  61,  33,  38,  39,  41,  45,  49,  51,  54,  55,  56,  57,
      5,  33,  34,  38,  43,  44,  46,  50,  56,  57,  71,  75,  33,  58,   1,  33,
     50,  57,   1,   4,  37,  39,  40,  41,  46,  49,  50,  53,  57,  75,   1,   6,
     33,  38,  39,  41,  43,  44,  45,  51,  54,  55,  56,  57,  63,  69,  71,  75,
      1,  33,  36,  54,  55,  61,  33,  38,  45,  57,   1,  33,  58,  60,  36,  61,
      1,  33,  36,  54,  55,   4,  49,   1,  33,  44,  54,  66,  67,  68,   1,  46,
     54,  55,  56,  63,  69,  71,   4,  66,  68,   4,   5,  28,  29,  33,  34,  37,
     39,  40,  43,  46,  49,  51,  52,  54,  55,  56,  62,  63,  65,  69,  70,  71,
     72,  73,   4,   5,  39,  46,  49,  50,  53,   4,   5,  33,  39,  46,  49,  51,
     52,  56,  58,  62,  65,  67,  70,  71,  72,   4,  46,  49,  54,  56,  62,  70,
     71,  46,  56,   4,  39,  46,  49,  56,  58,  62,  65,  71,  72,  73,  74,   4,
     49,  33,  66,  68,   1,  51,  55,
};

static const int8_t notosans_c15_regularKernSparseValues[] = {
     -17,    5,    5,    2,  -10,  -14,   -7,   -7,   -7,  -19,   17,    5,   -7,    5,  -17,  -14,
       5,   -2,  -10,  -17,    5,  -12,    7,    5,    7,    7,    5,  -14,   -5,  -14,   -5,   -7,
      22,   10,   24,   -7,   14,  -12,  -17,   -5,  -14,  -14,  -12,   14,   -5,  -10,  -19,  -10,
     -14,  -12,  -14,  -17,  -14,  -14,  -10,  -10,   -5,   -2,   -2,   -5,  -10,   -7,   -2,   -2,
      -2,   -2,  -17,   -5,   12,  -17,  -10,  -14,   -2,   -5,   -5,  -10,   -5,   -7,   -2,   -5,
      -2,   -2,   14,    5,  -14,    5,   -5,  -19,   -5,   -5,   -2,   -5,   -7,   -2,  -31,  -12,
      -5,   -2,   -5,   -7,   -2,   -5,  -14,  -10,    5,  -17,   -5,    5,  -19,  -17,  -17,  -12,
     -14,   -5,  -10,  -14,   -7,   -5,   -2,  -12,    5,  -10,   -2,   -5,   -5,   -2,   -2,   -2,
      -7,   -2,   -7,  -14,    5,  -14,   -5,  -12,  -12,  -12,   -7,  -10,   -5,  -19,   -7,   -2,
      -5,   23,   -2,   -2,   -5,   -2,    5,   14,   10,   -5,   10,  -38,   -5,   -5,   -2,   10,
     -10,    5,   -5,   12,   -5,   -2,   -7,   -7,   -2,   -7,   -7,   -2,   -2,  -14,   -7,   -5,
     -19,  -14,   -5,   -5,   -5,  -10,   24,  -10,   -7,  -10,   12,  -17,   -5,   26,  -17,  -10,
     -14,   12,   12,   22,   22,    7,   17,   17,   12,   31,   12,   17,   26,   29,   26,   17,
      -5,    5,   14,   17,   12,   14,    5,   10,   12,   -7,   -2,    5,   17,   17,   12,   14,
      -7,   -5,   -5,    5,   12,   12,   17,   12,  -17,  -12,   -5,   -7,   -5,   -5,   -5,   -5,
     -10,  -14,  -12,   -5,   -7,    5,  -12,  -10,   -7,   -7,    5,   -5,   -6,  -17,   -6,   -8,
     -10,   -5,   -7,  -10,  -10,   -2,   -2,   -7,   -2,   -5,   -7,  -10,   -5,    2,   -5,   -5,
      -7,   -5,   -5,   -5,   -5,   -2,  -22,   -2,  -14,   -5,   -7,   -5,   -5,   -5,   -5,   -7,
     -14,    5,   -2,   -2,   -5,   -5,  -10,   -2,   -2,   -5,   -5,   -2,   -2,   -5,   -5,  -12,
       5,  -17,   -5,   -2,  -12,   -5,  -10,   -5,  -22,  -29,  -24,   -7,   -7,  -12,  -10,   -2,
     -24,  -14,   -7,   -5,  -12,   -5,  -12,   12,   -7,   -2,   -5,   -7,  -12,  -17,   -2,  -17,
      -5,   12,   -7,   -8,  -14,   -2,   -7,   -5,   -7,   -5,  -10,  -12,  -14,  -12,   -2,  -10,
      -2,   -2,   -6,   -2,   -4,   -2,    7,   22,    7,   10,   -2,   -6,    7,    7,   -2,    7,
      -5,   17,  -10,   -5,   -2,  -10,   -5,   -2,   -5,   -2,   -2,   -4,   -2,   -2,   -2,   -2,
      -2,   -5,  -31,   -2,   -2,   -5,   -2,  -14,   -5,  -12,  -14,   -5,   -2,   -6,  -12,   -2,
     -10,   -2,  -14,   -2,   -7,  -10,   -2,   -8,   -2,   -6,   -7,   -8,   -7,  -10,   -7,   -2,
      -6,   -4,   -4,   -2,   -5,   -2,  -10,  -10,   -5,   -2,   -2,  -14,  -10,   -2,   -7,   -5,
      -2,   -5,   -2,   -7,   -2,   -2,   -2,   -7,   -2,   -2,   -2,   -5,   -2,   -2,    7,  -10,
      -5,   -5,   -7,   -7,   -2,  -10,   -2,   -7,   10,   -2,    5,   -7,   24,    5,    7,   -4,
       5,    6,   -4,   -7,   14,  -10,  -10,   -2,   -5,   -5,   -2,   -5,   -2,   -7,   -2,   -2,
      -2,   -2,   -4,   -2,   -4,   -2,   -5,   -5,   -5,   -2,   -5,    7,   -7,   -1,    5,   -5,
      -2,   -2,    5,  -10,   -5,   -5,   -7,   -2,   -2,  -12,   -7,  -12,   -7,   10,  -19,   -2,
     -14,   -5,   -2,   -2,   -2,  -17,   -5,   -5,  -14,  -11,  -10,   -5,   -5,   -7,   -5,   -7,
      -2,  -10,   19,   -7,  -12,    5,   -5,   -7,   -2,   -5,    7,    5,    7,    2,    7,    5,
      -2,  -10,   10,   -7,  -12,  -10,   -5,  -10,  -10,  -10,   -5,   -7,   -5,   -7,  -17,   -5,
     -12,   -7,   -7,   -5,   -5,   -5,  -10,   -2,   -2,  -14,  -10,  -14,   -7,    5,   -5,  -10,
     -17,  -12,   -8,  -17,  -14,   -5,   -5,  -10,  -10,  -12,   -5,   -5,  -12,  -10,  -12,  -17,
     -12,  -19,  -12,   -5,   -7,   -2,  -10,   -2,   -7,  -12,   -5,    5,  -14,  -10,  -12,   -5,
      -5,  -12,    5,   -5,   -7,    5,   -5,   -7,  -10,   -7,   -5,   -7,   -5,  -12,   -5,  -12,
      -5,   -2,   -2,  -14,  -14,  -12,  -12,  -10,    5,   -5,   -7,  -10,  -10,  -10,   -2,  -10,
      -2,   -5,   -2,   -2,   -2,   -5,   -2,
};

static const EpdLigaturePair notosans_c15_regularLigaturePairs[] = {
    { 0x00660066, 0xFB00 }, // f f -> U+FB00
    { 0x00660069, 0xFB01 }, // f i -> U+FB01
    { 0x0066006C, 0xFB02 }, // f l -> U+FB02
    { 0xFB000069, 0xFB03 }, // U+FB00 i -> U+FB03
    { 0xFB00006C, 0xFB04 }, // U+FB00 l -> U+FB04
};

static const EpdFontData notosans_c15_regular = {
    notosans_c15_regularBitmaps,
    notosans_c15_regularGlyphs,
    notosans_c15_regularIntervals,
    18,
    20,
    17,
    -5,
    true,
    notosans_c15_regularGroups,
    14,
    nullptr,
    nullptr,  // kernLeftClasses: built-in fonts use the split arrays below
    nullptr,  // kernRightClasses
    notosans_c15_regularKernLeftCodepoints,
    notosans_c15_regularKernLeftClassIds,
    notosans_c15_regularKernRightCodepoints,
    notosans_c15_regularKernRightClassIds,
    nullptr,  // kernMatrix: built-in fonts use the sparse form below
    notosans_c15_regularKernRowOffsets,
    notosans_c15_regularKernSparseCols,
    notosans_c15_regularKernSparseValues,
    479,
    474,
    88,
    76,
    notosans_c15_regularLigaturePairs,
    5,
};
