/**
 * generated by fontconvert.py
 * name: notoserif_c21_bolditalic
 * size: 0
 * mode: 2-bit  compressed: true
 * Command used: fontconvert.py notoserif_c21_bolditalic 0 ../builtinFonts/source/NotoSerif/NotoSerif-BoldItalic.ttf --2bit --compress --pnum --ppem 21
 */
#pragma once
#include "EpdFontData.h"

static const uint8_t notoserif_c21_bolditalicBitmaps[26220] = {
    0x85, 0x57, 0x4D, 0x8C, 0x1C, 0xC5, 0x15, 0x7E, 0xDD, 0x15, 0xA7, 0x05, 0x25, 0x6F, 0x11, 0x69,
    0x57, 0x39, 0x60, 0xDC, 0x39, 0xF8, 0x80, 0xC8, 0x78, 0x9B, 0xC3, 0x2A, 0x1A, 0x89, 0xF5, 0x74,
    0x79, 0x39, 0xF8, 0x10, 0x29, 0xEC, 0xC1, 0x2B, 0x0E, 0x91, 0x62, 0x9F, 0x73, 0xC1, 0x52, 0x16,
    0x25, 0x52, 0x76, 0xB7, 0x9B, 0x70, 0xCC, 0xC5, 0x17, 0xC2, 0x81, 0x48, 0xF1, 0x91, 0x43, 0xA4,
    0x8C, 0x83, 0x23, 0x1C, 0x69, 0x76, 0xBA, 0x80, 0x83, 0x0F, 0x39, 0xA4, 0x37, 0x04, 0x45, 0x0A,
    0x42, 0xB4, 0xC0, 0x46, 0x8A, 0x12, 0xE4, 0x02, 0xDA, 0xA1, 0x31, 0x3D, 0x53, 0xF9, 0x5E, 0xF5,
    0xCC, 0xEE, 0xD8, 0x18, 0x32, 0xEE, 0x2E, 0xCF, 0xF4, 0xF6, 0x7B, 0xF5, 0xDE, 0xF7, 0xBE, 0xF7,
    0x53, 0x61, 0x2B, 0x1A, 0x61, 0xF1, 0xAF, 0x8A, 0x4C, 0x64, 0xA4, 0x96, 0xA4, 0x88, 0x3F, 0x29,
    0x65, 0x34, 0xC0, 0xFF, 0x59, 0xAA, 0x77, 0x53, 0x1A, 0x0D, 0xE8, 0xFA, 0x3A, 0x0D, 0xFB, 0x74,
    0xE5, 0x49, 0xA2, 0x13, 0x3D, 0xEA, 0xF5, 0xA9, 0xBF, 0x46, 0x6B, 0x97, 0x94, 0x9B, 0x3E, 0x7C,
    0xF7, 0x5F, 0x74, 0x60, 0x82, 0x37, 0x4D, 0xF8, 0x56, 0xFE, 0xFD, 0x7F, 0xDF, 0xCC, 0x5C, 0x2D,
    0x97, 0x68, 0xE9, 0x38, 0x1D, 0x3F, 0xC1, 0x2F, 0x52, 0x98, 0x53, 0x94, 0x93, 0x6B, 0xC5, 0x87,
    0x7B, 0xD1, 0x8D, 0x81, 0xFC, 0xE7, 0x72, 0x34, 0x21, 0xE1, 0x88, 0x8A, 0x92, 0x12, 0xFB, 0xAD,
    0x27, 0x9A, 0x9D, 0xB5, 0x66, 0xE7, 0xC9, 0x3A, 0x7D, 0xAD, 0x8A, 0x5D, 0x4E, 0x15, 0x91, 0x21,
    0xCA, 0xBD, 0x01, 0x24, 0x26, 0xB4, 0x46, 0xEA, 0x19, 0x3C, 0x5C, 0x55, 0x1B, 0x86, 0xD6, 0xD5,
    0x39, 0x4D, 0x3B, 0x6A, 0x89, 0x68, 0x27, 0x86, 0xDE, 0x9D, 0xD3, 0xDB, 0x8E, 0xD6, 0x77, 0x3E,
    0xBC, 0x61, 0xE2, 0x0F, 0xFE, 0xFA, 0xB4, 0xA1, 0x28, 0x16, 0x86, 0x8E, 0xAF, 0x46, 0x78, 0x71,
    0x55, 0xE6, 0x34, 0x5C, 0x85, 0x1B, 0xE5, 0xEA, 0x2A, 0x89, 0x5C, 0xD6, 0xB4, 0xF0, 0x51, 0x53,
    0x76, 0x4E, 0x61, 0x8F, 0x91, 0xE4, 0x85, 0xBF, 0xED, 0xC7, 0xFC, 0xEC, 0x3A, 0x2F, 0xA6, 0xC8,
    0x43, 0x57, 0x36, 0x14, 0xDF, 0xB0, 0x96, 0xD2, 0x70, 0x6A, 0x00, 0x04, 0x0C, 0xCB, 0x28, 0xD5,
    0xF8, 0x96, 0x18, 0x4A, 0x0E, 0x5C, 0x4D, 0x91, 0x7B, 0x71, 0xDA, 0xA9, 0x1B, 0x8F, 0x46, 0xD7,
    0x86, 0x57, 0xF8, 0x5B, 0x50, 0x91, 0x32, 0xB4, 0x47, 0xD4, 0x92, 0xB0, 0x24, 0xF1, 0xAB, 0xA4,
    0x18, 0xEF, 0xE7, 0x94, 0xE6, 0x9D, 0xF4, 0xD1, 0x15, 0x6B, 0x92, 0x86, 0x04, 0xDC, 0xBD, 0xE8,
    0xB5, 0xE0, 0xCB, 0x88, 0x18, 0xEE, 0x44, 0x53, 0x9C, 0xB3, 0x58, 0x77, 0x1D, 0x0A, 0x67, 0xD8,
    0x89, 0x35, 0x87, 0xD8, 0xBB, 0xE2, 0x57, 0x76, 0x89, 0x2E, 0x77, 0x16, 0x5C, 0xA3, 0xFE, 0x35,
    0xDA, 0xBB, 0x9A, 0x47, 0xCE, 0xB8, 0x2F, 0xF4, 0x9F, 0x6E, 0xEB, 0xF0, 0x2F, 0xB9, 0x78, 0x83,
    0x48, 0xCF, 0x35, 0xFB, 0x6B, 0xE5, 0x96, 0x2E, 0x5C, 0x79, 0xF8, 0x93, 0x2F, 0x98, 0xAB, 0xCA,
    0xC8, 0x08, 0x23, 0xA9, 0xCF, 0x81, 0xB6, 0x85, 0xDD, 0xDA, 0xEC, 0x02, 0x9F, 0x7A, 0xD9, 0x13,
    0xC4, 0x7F, 0xB8, 0x44, 0x64, 0x29, 0x28, 0x09, 0xF0, 0x46, 0x9A, 0xC9, 0xF1, 0x18, 0xD1, 0x3A,
    0xD1, 0x36, 0x3F, 0xA6, 0x92, 0x42, 0xF8, 0x01, 0x6F, 0x88, 0x8E, 0x13, 0x21, 0x2C, 0xA7, 0x3A,
    0xA3, 0x52, 0x1B, 0x34, 0x23, 0x51, 0x0D, 0xA4, 0x49, 0x95, 0x49, 0x63, 0x9D, 0xA6, 0x34, 0x48,
    0x69, 0x2F, 0xA5, 0xDD, 0x01, 0x73, 0xA9, 0x19, 0x04, 0x36, 0x15, 0x55, 0xFC, 0x3B, 0x13, 0x4D,
    0xE7, 0x81, 0x91, 0x25, 0x65, 0x46, 0xDE, 0x36, 0xEA, 0x82, 0xF7, 0x3B, 0x99, 0x23, 0xD6, 0xB9,
    0x3E, 0x61, 0xEF, 0x19, 0xDA, 0x96, 0x32, 0xF8, 0xC1, 0x9F, 0x84, 0x9F, 0xA5, 0x3A, 0xAC, 0x63,
    0x13, 0x58, 0x40, 0x72, 0x11, 0x22, 0x9E, 0xB2, 0x08, 0x64, 0x08, 0xFF, 0x24, 0x7E, 0x9E, 0xC1,
    0x4F, 0x7B, 0x0C, 0x0C, 0x3C, 0x4E, 0xF1, 0xD6, 0x0E, 0xA5, 0xAE, 0xF5, 0xF7, 0x3D, 0xF2, 0x36,
    0xC9, 0x03, 0xDC, 0xC4, 0x38, 0xF3, 0x56, 0x8F, 0x82, 0x2F, 0x19, 0xE4, 0x03, 0x7E, 0x8F, 0xCD,
    0x1B, 0xC3, 0xE5, 0x31, 0x34, 0x43, 0xF6, 0xE5, 0x9A, 0xA4, 0x9B, 0xF1, 0xB3, 0xB3, 0x46, 0x36,
    0xB4, 0xDA, 0xD0, 0xCF, 0x6A, 0x7A, 0xDB, 0x8A, 0x17, 0xED, 0x52, 0x54, 0xF5, 0x64, 0xF9, 0xFC,
    0x85, 0xBF, 0x3B, 0xEC, 0xC2, 0x31, 0x04, 0x75, 0x72, 0xE1, 0x2C, 0x39, 0x17, 0xB8, 0x69, 0xF8,
    0xCE, 0x4F, 0x84, 0x7E, 0x28, 0x22, 0x86, 0x4B, 0xB9, 0xFC, 0xA1, 0x0B, 0x96, 0x44, 0x4D, 0x61,
    0x83, 0xEB, 0xC9, 0xB0, 0xAE, 0x85, 0xDD, 0xBF, 0x60, 0x92, 0x43, 0x40, 0x92, 0x26, 0xA8, 0xF7,
    0x23, 0xB3, 0xA3, 0xF2, 0x53, 0x89, 0x47, 0x62, 0xAF, 0xC8, 0x8B, 0x1F, 0x56, 0xAD, 0xB0, 0x87,
    0xD7, 0x28, 0x2A, 0xD3, 0x38, 0x57, 0x13, 0x4F, 0x6C, 0xE7, 0x62, 0x37, 0x3D, 0xBD, 0xD5, 0xF6,
    0x83, 0xFA, 0x11, 0x50, 0x0B, 0x04, 0x53, 0x9A, 0xF1, 0x00, 0xB3, 0x6A, 0xA6, 0x24, 0x52, 0x03,
    0x64, 0x87, 0x9E, 0xDD, 0x4E, 0x7F, 0xD1, 0x88, 0x7A, 0x2F, 0xAA, 0x52, 0x59, 0xE2, 0x1A, 0x08,
    0x7B, 0x1D, 0xC4, 0x27, 0x67, 0xE4, 0xBB, 0x36, 0x0D, 0x9B, 0x7D, 0x6A, 0x47, 0x7C, 0x35, 0xA9,
    0xB0, 0x47, 0x1E, 0x67, 0x36, 0xAC, 0xDB, 0xA8, 0x3A, 0xA3, 0xCC, 0x00, 0x57, 0x9C, 0xEF, 0xC5,
    0x66, 0x5F, 0x7D, 0xD4, 0x8A, 0x09, 0xA0, 0x82, 0x17, 0x16, 0xFB, 0x6E, 0x4B, 0xB3, 0x93, 0xC0,
    0x76, 0xFF, 0xBE, 0x46, 0x5D, 0xA9, 0x99, 0xE6, 0x87, 0x3E, 0x01, 0x64, 0x4F, 0xAE, 0x47, 0x80,
    0xDE, 0x84, 0x9A, 0x85, 0xBC, 0x64, 0x32, 0x96, 0x20, 0xA3, 0xEE, 0xFB, 0xDF, 0x9B, 0x14, 0xA1,
    0x42, 0x20, 0xBA, 0xCC, 0x84, 0x91, 0xCF, 0x0C, 0x7C, 0xE7, 0xFF, 0xF0, 0x9C, 0x36, 0x57, 0xB6,
    0x3C, 0x9F, 0xE7, 0x1F, 0x7C, 0xC7, 0x13, 0xED, 0x63, 0x0F, 0xCC, 0x01, 0xE9, 0xEC, 0x4D, 0xAF,
    0x01, 0x4F, 0xAE, 0xCF, 0x13, 0x22, 0x76, 0x34, 0x8E, 0x4D, 0xAB, 0xCA, 0x1D, 0xE4, 0x27, 0x2E,
    0xA4, 0xF4, 0x98, 0xA2, 0x9A, 0xB1, 0x52, 0x73, 0x6D, 0x1D, 0xEB, 0x06, 0xDD, 0x8F, 0xA0, 0xB8,
    0xC9, 0xCA, 0x9E, 0x63, 0x0F, 0x85, 0x11, 0xD8, 0xB3, 0x92, 0x79, 0x31, 0x1C, 0x2A, 0x71, 0x60,
    0x2F, 0xAD, 0xAA, 0x17, 0xEC, 0xF6, 0x99, 0x38, 0xAC, 0xB6, 0xD7, 0x13, 0x51, 0x5D, 0x5A, 0x1F,
    0x88, 0x72, 0xC8, 0x4B, 0xB5, 0x9E, 0x3C, 0xFC, 0x37, 0x73, 0x5A, 0xD5, 0x8E, 0x4E, 0x06, 0x7A,
    0x99, 0xB5, 0xA3, 0xA0, 0x21, 0x5B, 0x50, 0x6C, 0x18, 0x7F, 0xE9, 0x38, 0x7B, 0xA5, 0xCF, 0xC2,
    0xCA, 0xE7, 0x0B, 0x96, 0x9F, 0xF3, 0xF2, 0x21, 0x96, 0xF0, 0x2D, 0x78, 0x2A, 0x9E, 0xC6, 0x22,
    0xD9, 0x93, 0x93, 0xBC, 0x78, 0xDA, 0x6E, 0x33, 0x27, 0x2B, 0xAE, 0x03, 0x06, 0xE8, 0x45, 0x65,
    0x30, 0xA5, 0xB4, 0x51, 0xCE, 0x04, 0x0E, 0xFA, 0xD2, 0x57, 0x1A, 0x4A, 0x37, 0x40, 0x52, 0xBC,
    0x94, 0x85, 0x2D, 0x15, 0xE0, 0x96, 0xFB, 0x03, 0x42, 0x8A, 0xF0, 0xB5, 0xB2, 0x0A, 0xDA, 0xC8,
    0x86, 0x4D, 0x84, 0x80, 0xF0, 0xAD, 0x2A, 0x79, 0x27, 0x33, 0x99, 0xFB, 0xC2, 0xC7, 0x82, 0x1E,
    0xC5, 0x3B, 0xFB, 0xAA, 0x12, 0x36, 0xAA, 0x24, 0x82, 0x00, 0xE6, 0x72, 0xE1, 0xF1, 0x75, 0x20,
    0x63, 0x78, 0x17, 0xEE, 0xCC, 0x97, 0xC9, 0x87, 0x29, 0xBE, 0x3B, 0xA2, 0xD0, 0x75, 0xB1, 0xC5,
    0xFE, 0xC0, 0x25, 0x7D, 0xB9, 0xE5, 0x24, 0x2A, 0x58, 0xCE, 0xD7, 0x2C, 0xA8, 0x28, 0x78, 0x99,
    0xF2, 0x32, 0xE1, 0x05, 0xD6, 0x69, 0x36, 0x8F, 0x23, 0x34, 0x25, 0xD1, 0xC0, 0x4C, 0xB6, 0x87,
    0xD8, 0x18, 0xF2, 0xD6, 0x04, 0x9C, 0x39, 0xE9, 0x4B, 0x23, 0xBC, 0xD8, 0x87, 0x9E, 0xB5, 0xC3,
    0xFD, 0xDD, 0x16, 0x6E, 0xE7, 0xCB, 0x00, 0xA3, 0xC0, 0x98, 0xC0, 0xC1, 0x52, 0xD4, 0xA1, 0x91,
    0x77, 0x7E, 0x0C, 0x57, 0x5C, 0x7E, 0x9F, 0x6C, 0xFF, 0x50, 0x76, 0xCC, 0xF2, 0x4E, 0xD3, 0x64,
    0x6B, 0x51, 0xD6, 0xDF, 0xDC, 0x1D, 0x32, 0x37, 0xAF, 0x41, 0x70, 0x63, 0x7C, 0x0E, 0x79, 0x11,
    0x32, 0x60, 0xF6, 0xAB, 0x30, 0xB8, 0xB6, 0x40, 0x5A, 0x17, 0x60, 0x0D, 0x7B, 0x07, 0x2E, 0xEB,
    0xF8, 0x16, 0x9C, 0xF1, 0x30, 0xB2, 0xED, 0x6D, 0x01, 0x5F, 0x4D, 0x5C, 0xC1, 0x02, 0xC5, 0xAD,
    0x03, 0x1A, 0x32, 0xA6, 0x58, 0xC1, 0x25, 0xAD, 0xD8, 0xCA, 0x34, 0xCC, 0xF0, 0x3E, 0x64, 0x6C,
    0xC8, 0x78, 0x0E, 0x03, 0xC0, 0x81, 0x2D, 0x28, 0x26, 0x75, 0x38, 0x81, 0x35, 0x09, 0xBB, 0x02,
    0x4F, 0xCC, 0xAC, 0x6F, 0x64, 0xDE, 0x8B, 0x79, 0x15, 0x84, 0x20, 0xC4, 0x20, 0x04, 0x11, 0x58,
    0xCF, 0xC6, 0x47, 0xA8, 0x30, 0xC4, 0x4E, 0x4C, 0xE8, 0x08, 0x20, 0xDC, 0x62, 0xEE, 0x28, 0xFE,
    0x0C, 0x94, 0x3D, 0xE1, 0x98, 0x6F, 0xE0, 0x3D, 0x37, 0x2B, 0x36, 0x8F, 0xE6, 0x95, 0x0F, 0x9D,
    0x2B, 0x60, 0x9E, 0xCD, 0xDA, 0x0A, 0x0C, 0x80, 0xD2, 0xD4, 0xB0, 0x05, 0xFA, 0x17, 0x78, 0x8E,
    0xFE, 0x46, 0x19, 0x5A, 0x39, 0x15, 0xA7, 0x19, 0xD1, 0x7D, 0x86, 0x94, 0x6B, 0xD5, 0xB4, 0xE0,
    0xFD, 0x52, 0x4E, 0x3A, 0x18, 0x2C, 0x9A, 0x18, 0xAD, 0xA2, 0x56, 0x08, 0x69, 0x1D, 0x35, 0x30,
    0x0E, 0x0E, 0xB1, 0x2F, 0xEC, 0x8C, 0xDF, 0x66, 0x91, 0x52, 0xE3, 0xFB, 0x2C, 0x6E, 0xE8, 0x22,
    0x2C, 0xAE, 0x38, 0xAC, 0xF2, 0xCE, 0xB3, 0x1C, 0x52, 0x30, 0xBB, 0x22, 0x34, 0xDC, 0xB4, 0x0A,
    0xC0, 0xD0, 0xD4, 0xF2, 0xE4, 0xF0, 0x94, 0x8D, 0x0A, 0x4E, 0x96, 0x25, 0x88, 0xBF, 0x56, 0xF7,
    0xA0, 0xE0, 0x8F, 0xF5, 0x1A, 0xC4, 0x3F, 0x68, 0xAE, 0x62, 0x3D, 0x68, 0x0E, 0x1A, 0x0A, 0xDE,
    0x98, 0xBE, 0x89, 0x7A, 0x64, 0x1C, 0x72, 0x48, 0x18, 0x07, 0xF7, 0x45, 0x3E, 0x61, 0x9A, 0xE5,
    0xD7, 0x61, 0x59, 0x66, 0x87, 0x05, 0x5B, 0x95, 0x2B, 0xC6, 0x18, 0x59, 0x99, 0x56, 0x68, 0x6E,
    0x4F, 0x59, 0x91, 0xA3, 0x8E, 0xA3, 0x99, 0x5D, 0x6D, 0x51, 0xA2, 0x87, 0x13, 0x14, 0xE9, 0x2A,
    0xC3, 0xB8, 0x51, 0xA6, 0x3F, 0xA2, 0xC0, 0xC4, 0xEF, 0x41, 0x1F, 0x04, 0x84, 0x89, 0xB0, 0xE4,
    0xB0, 0x53, 0xE6, 0x28, 0x2D, 0x99, 0xE5, 0x36, 0xD8, 0x15, 0x16, 0x4D, 0xFB, 0xB2, 0xE2, 0x8A,
    0x27, 0xCB, 0xB0, 0x45, 0x53, 0x02, 0x28, 0xB8, 0xE1, 0x1A, 0x18, 0x02, 0xDE, 0x88, 0x06, 0xB7,
    0x2D, 0x10, 0x84, 0x0C, 0xE0, 0xA7, 0x3A, 0xD1, 0xEA, 0x60, 0xB2, 0x98, 0x42, 0x70, 0xF0, 0x15,
    0x40, 0xBE, 0x81, 0x34, 0x3E, 0x0B, 0x86, 0x00, 0x92, 0x02, 0x41, 0x1C, 0x03, 0x8E, 0x89, 0xE4,
    0x0E, 0xA2, 0x83, 0x89, 0xEE, 0xB8, 0xDB, 0x2C, 0x72, 0x57, 0x7F, 0xFD, 0xFE, 0xFA, 0xDE, 0xFD,
    0xC7, 0xD8, 0x7F, 0xBC, 0xB0, 0x7F, 0x3C, 0xDF, 0xDF, 0xE7, 0xB4, 0xEE, 0xC8, 0x8E, 0xF8, 0x51,
    0xD4, 0x1E, 0xA5, 0x35, 0x67, 0x75, 0x7A, 0x16, 0xD9, 0x8B, 0x50, 0x65, 0xB8, 0x8B, 0xA0, 0xB3,
    0xC9, 0x15, 0x39, 0xC7, 0x9E, 0x77, 0x41, 0xE4, 0x73, 0x81, 0x36, 0x8C, 0xB8, 0x97, 0xB2, 0x96,
    0x75, 0xE6, 0x36, 0x3A, 0x05, 0x19, 0xF4, 0xD7, 0x99, 0x16, 0x65, 0xA2, 0x65, 0x79, 0xD2, 0xD3,
    0x2F, 0x62, 0xDB, 0xB9, 0xA1, 0x30, 0x65, 0xB9, 0x4D, 0xA0, 0x87, 0xF6, 0xC0, 0x80, 0x11, 0xFE,
    0x8D, 0x39, 0x31, 0x36, 0x2C, 0xC5, 0xB3, 0x86, 0x93, 0x38, 0x57, 0x9F, 0xB9, 0xF0, 0x8E, 0x5D,
    0x8B, 0xCD, 0xF0, 0x12, 0xEE, 0x43, 0xAE, 0x7E, 0x03, 0x89, 0xA0, 0x0E, 0x72, 0x48, 0xB6, 0xA9,
    0x9A, 0xC4, 0x55, 0x58, 0x29, 0x13, 0xA2, 0x9C, 0x89, 0x3C, 0xC9, 0x45, 0x9E, 0xE6, 0x11, 0x32,
    0x36, 0x82, 0xB8, 0x84, 0xF8, 0x12, 0x44, 0x8F, 0x43, 0xF4, 0x04, 0xEE, 0x1E, 0xD2, 0x70, 0x9B,
    0xB2, 0xDF, 0x54, 0x1E, 0x46, 0xDF, 0x03, 0x9C, 0x9A, 0x2A, 0x1B, 0x58, 0x69, 0x83, 0x12, 0x05,
    0x33, 0x8F, 0xAC, 0x04, 0x7A, 0x4B, 0xC0, 0xBD, 0x87, 0x7B, 0x1B, 0xB7, 0xA5, 0xF0, 0x8B, 0x92,
    0x82, 0x2F, 0x0D, 0x70, 0x9A, 0x4D, 0x0A, 0xEC, 0xB5, 0xAF, 0xD5, 0x54, 0xA9, 0x89, 0xB2, 0xA1,
    0x0D, 0x2B, 0x1F, 0x11, 0x03, 0x69, 0xAF, 0x43, 0xD5, 0x12, 0x89, 0xB8, 0x5A, 0x43, 0x8F, 0xFD,
    0x41, 0x03, 0x4D, 0xF6, 0x6A, 0xDB, 0xC7, 0x5A, 0xB6, 0x43, 0x12, 0xFF, 0x35, 0x6D, 0x45, 0xE2,
    0x73, 0x8D, 0xA1, 0x13, 0x3C, 0x87, 0x0F, 0xC8, 0x9D, 0x42, 0x73, 0x22, 0xC3, 0x4F, 0x70, 0x6D,
    0x97, 0x23, 0xD2, 0x60, 0x34, 0xC9, 0x0C, 0x9A, 0x5B, 0x62, 0x7A, 0x9C, 0xCC, 0x43, 0xD0, 0xE0,
    0x53, 0x43, 0x7E, 0xA6, 0xE6, 0x91, 0x19, 0xEF, 0xF0, 0xE2, 0xE7, 0xAA, 0x25, 0xC6, 0xA8, 0xCF,
    0x41, 0xAD, 0x50, 0x83, 0x84, 0xE1, 0x89, 0x34, 0x8F, 0x11, 0xBA, 0xCA, 0xCF, 0x41, 0xEC, 0x60,
    0x08, 0xC3, 0x42, 0x03, 0x13, 0xB5, 0x80, 0x51, 0x21, 0x4C, 0x0A, 0x5A, 0x8C, 0x76, 0x30, 0x84,
    0x0A, 0xF3, 0x15, 0x90, 0xC3, 0x29, 0x83, 0xCB, 0xCF, 0x91, 0xFA, 0x7F, 0x7E, 0x76, 0x42, 0x15,
    0x3A, 0x67, 0x89, 0x72, 0xA7, 0x39, 0xBD, 0x5D, 0x87, 0x3E, 0xB3, 0x12, 0x8F, 0x3C, 0x99, 0x1C,
    0x3D, 0x82, 0x47, 0x43, 0xD0, 0xB7, 0x8A, 0x6F, 0x3D, 0x5B, 0xA6, 0xC8, 0x68, 0x2A, 0x2C, 0x63,
    0x75, 0x58, 0xC7, 0xFC, 0x6C, 0xC2, 0xE3, 0xC9, 0x7C, 0x68, 0x46, 0x61, 0x52, 0x7E, 0x72, 0x4A,
    0xE6, 0x73, 0x73, 0x76, 0x99, 0x7E, 0x7A, 0x85, 0xAE, 0x0C, 0x87, 0xC3, 0x4B, 0xF8, 0xAC, 0xE1,
    0xD3, 0xC7, 0xE7, 0xF1, 0xDE, 0x32, 0x65, 0x0D, 0xF7, 0xEE, 0x4E, 0x1A, 0x83, 0xB1, 0x2C, 0x67,
    0x0A, 0x66, 0xB3, 0xF3, 0x03, 0x66, 0xC8, 0xEF, 0xB6, 0xF4, 0xC4, 0xAB, 0x7E, 0xB0, 0xDD, 0xF1,
    0x4F, 0xDE, 0x45, 0xB7, 0xD5, 0x62, 0xC3, 0xC8, 0xA0, 0x5C, 0x22, 0xDB, 0xA3, 0xED, 0x65, 0x5A,
    0x5E, 0xD9, 0xDA, 0x74, 0x4C, 0xCF, 0x7D, 0xCC, 0x2B, 0x3C, 0x45, 0xD2, 0x31, 0xCD, 0x23, 0x06,
    0x20, 0x4A, 0xC1, 0xE3, 0x14, 0x1B, 0xA0, 0xA8, 0xE7, 0x63, 0xE8, 0xE7, 0xB4, 0x00, 0x94, 0x08,
    0x51, 0xFA, 0xED, 0x96, 0x92, 0xFF, 0x4C, 0x73, 0x65, 0x3B, 0x02, 0xA9, 0x19, 0x17, 0x0F, 0x7B,
    0x8D, 0xC5, 0x44, 0xF3, 0xF9, 0x84, 0xE4, 0xC7, 0xA8, 0x00, 0x16, 0x3A, 0x2A, 0xD6, 0xC3, 0x1D,
    0x02, 0xC7, 0x8A, 0x7C, 0x0F, 0xBA, 0xB8, 0x73, 0xA3, 0xD2, 0x9D, 0xAB, 0xE8, 0x97, 0xF3, 0x9C,
    0xC6, 0xBE, 0x98, 0xD2, 0xAA, 0x56, 0x9A, 0x51, 0x9C, 0x6F, 0x26, 0x8B, 0x87, 0x08, 0x7D, 0x31,
    0xFE, 0xA8, 0x8C, 0x66, 0x2F, 0xF2, 0xB8, 0x1A, 0x1F, 0xD5, 0xF4, 0x63, 0xCF, 0xE5, 0xFF, 0xD7,
    0x5C, 0xA4, 0x78, 0xF2, 0xF1, 0x91, 0xB9, 0xB3, 0xAD, 0x2C, 0xB6, 0x6A, 0xE3, 0x17, 0x9A, 0xE4,
    0x9C, 0x4D, 0x9D, 0x4E, 0x37, 0xBB, 0xAD, 0xBE, 0xB7, 0xB0, 0x55, 0x37, 0x06, 0xA2, 0x55, 0xF0,
    0x31, 0xE7, 0x5A, 0xD7, 0x55, 0x6E, 0x31, 0x3A, 0x0F, 0xEE, 0x2A, 0xF3, 0x4C, 0x45, 0x77, 0xA1,
    0xFD, 0x85, 0x4C, 0x6D, 0xBA, 0xA6, 0x84, 0x80, 0xD1, 0x74, 0xF1, 0x78, 0x16, 0x9C, 0x1F, 0x61,
    0x92, 0xFD, 0x3D, 0x0D, 0x70, 0x44, 0x6A, 0x31, 0xAE, 0x36, 0xF8, 0xBF, 0xC1, 0xF8, 0x3B, 0x81,
    0x70, 0xDA, 0x9D, 0x5B, 0xC4, 0x4D, 0x66, 0x7B, 0xC3, 0xD5, 0x89, 0xD4, 0x4B, 0x05, 0xE6, 0xB4,
    0x04, 0x73, 0xFE, 0xC0, 0x17, 0xCD, 0x6E, 0xAE, 0x7A, 0x10, 0xFA, 0xE7, 0x29, 0xFA, 0x6C, 0xEA,
    0xD1, 0x57, 0x35, 0xA3, 0xCF, 0x35, 0x70, 0x0F, 0xA6, 0x22, 0xC6, 0xF9, 0xA4, 0x43, 0x9F, 0xA1,
    0xA1, 0x29, 0x62, 0x51, 0xCC, 0xE6, 0x5D, 0x0C, 0x43, 0x16, 0x53, 0x33, 0xAD, 0xE8, 0x02, 0x35,
    0x24, 0x36, 0x09, 0x77, 0x7C, 0xB8, 0xB3, 0x07, 0x36, 0x15, 0x57, 0xD2, 0x72, 0xFE, 0x16, 0x02,
    0xEA, 0xA7, 0x52, 0x7E, 0x93, 0xD3, 0x26, 0xBE, 0x97, 0x80, 0x99, 0x77, 0x7F, 0xFF, 0xDE, 0xF6,
    0xED, 0xD9, 0x5E, 0x7C, 0x0D, 0x55, 0x56, 0x74, 0x64, 0x31, 0x89, 0x57, 0xBB, 0xC0, 0xD4, 0x92,
    0xBA, 0x91, 0x93, 0x7A, 0x5F, 0xFB, 0xB2, 0x98, 0xBC, 0x8F, 0xA1, 0xE0, 0x19, 0xCC, 0x17, 0x00,
    0x3E, 0x85, 0xD0, 0x1E, 0x4F, 0x58, 0x56, 0x59, 0x59, 0xA9, 0x52, 0x1D, 0x9A, 0xC8, 0x46, 0x8E,
    0xB1, 0xDD, 0x84, 0xDC, 0xE5, 0x0C, 0xCE, 0x1C, 0xDB, 0x5C, 0x0E, 0x2E, 0x53, 0xF2, 0xA9, 0x43,
    0xF2, 0x47, 0x77, 0x8B, 0xD7, 0x91, 0x35, 0x4D, 0x8A, 0x0E, 0x09, 0x22, 0x6E, 0xD4, 0x0C, 0x06,
    0xB6, 0x55, 0x66, 0x0C, 0xA3, 0x62, 0xC3, 0x7D, 0x32, 0xCE, 0x31, 0xFF, 0x60, 0xE8, 0xE5, 0x15,
    0xB0, 0xCA, 0xBB, 0x3C, 0x54, 0x8A, 0xD9, 0xB9, 0x89, 0xB5, 0xB1, 0x2E, 0x68, 0xCA, 0x34, 0xF4,
    0xE8, 0x23, 0x3A, 0x67, 0x90, 0x1F, 0x43, 0x7A, 0x02, 0x59, 0x06, 0xD5, 0x5D, 0x81, 0x25, 0xF9,
    0x9C, 0x5F, 0x20, 0x98, 0x6F, 0x40, 0xAA, 0xEC, 0x68, 0x3F, 0xB7, 0x34, 0x85, 0xAD, 0x1E, 0x7C,
    0xB0, 0x22, 0x7E, 0xB7, 0xA2, 0x39, 0xD5, 0x02, 0xEC, 0xA3, 0xEE, 0x38, 0x1D, 0x7E, 0xFE, 0x9C,
    0x11, 0xAD, 0x32, 0xA2, 0xC1, 0x6D, 0x15, 0x8A, 0xA9, 0x02, 0x36, 0x38, 0xF7, 0x78, 0x6E, 0xEF,
    0x91, 0x42, 0xC7, 0x8F, 0x1D, 0xCF, 0xFA, 0xF7, 0x75, 0x07, 0x3B, 0x37, 0xF8, 0xAC, 0x9E, 0xE5,
    0x03, 0x7D, 0x73, 0x3E, 0x34, 0xA4, 0x3E, 0x41, 0x00, 0x42, 0xDB, 0xB1, 0x93, 0x4F, 0x2E, 0x9E,
    0xE0, 0x93, 0x99, 0xDF, 0xE7, 0x93, 0xCF, 0xA6, 0xD1, 0xDD, 0xBD, 0xA8, 0x39, 0x83, 0x88, 0xAB,
    0xF9, 0x11, 0x7F, 0xB1, 0x54, 0xD1, 0x0A, 0xB8, 0x59, 0xA9, 0x5F, 0xD9, 0xF8, 0x85, 0x0A, 0x19,
    0xA9, 0xB8, 0xC1, 0xE2, 0x0C, 0x68, 0x1E, 0x97, 0x25, 0x0E, 0x6B, 0xFB, 0x6A, 0x7E, 0xBE, 0xBB,
    0x18, 0x54, 0xF2, 0x66, 0xE1, 0xEE, 0x67, 0x55, 0xF6, 0x2A, 0x93, 0x7C, 0x45, 0xAF, 0x50, 0x51,
    0x32, 0x98, 0xF7, 0x31, 0x14, 0xDC, 0x49, 0xD1, 0xFC, 0x33, 0xD4, 0xBC, 0xB1, 0xAA, 0xA9, 0xF8,
    0x6C, 0x9A, 0xA7, 0x6F, 0x74, 0x0A, 0x57, 0x68, 0x39, 0x33, 0xBB, 0x80, 0x43, 0x99, 0x93, 0xAA,
    0x7C, 0x4C, 0x96, 0xBD, 0xA8, 0x5A, 0x8B, 0xAC, 0x15, 0x9F, 0x18, 0xB4, 0x14, 0x31, 0xF5, 0xEC,
    0xEA, 0xC2, 0x80, 0x62, 0x8D, 0xC3, 0x0A, 0xD0, 0x3B, 0x6B, 0x65, 0x99, 0x69, 0x2C, 0xB7, 0x75,
    0x29, 0x0F, 0xDE, 0x47, 0x11, 0x7C, 0xFB, 0xC2, 0x8B, 0xB9, 0xFC, 0x87, 0xFA, 0x35, 0xC9, 0xF7,
    0xD4, 0x6F, 0x49, 0xB6, 0xD8, 0x04, 0x68, 0x23, 0x24, 0x15, 0x27, 0x76, 0x17, 0x14, 0x9C, 0xEA,
    0x70, 0x06, 0xA4, 0x09, 0x46, 0xA3, 0x6C, 0x1D, 0x68, 0xA3, 0x03, 0xA1, 0xBB, 0xF8, 0xCC, 0x67,
    0xE3, 0x5F, 0xB7, 0xFE, 0xFC, 0x22, 0x37, 0x98, 0x9C, 0xCE, 0x1B, 0x86, 0x5E, 0x06, 0x27, 0x38,
    0x52, 0xE6, 0x34, 0x30, 0xEB, 0x81, 0xFA, 0xEB, 0xD0, 0x8B, 0x26, 0x6A, 0xD1, 0xF0, 0x3E, 0x31,
    0x14, 0x7E, 0xA9, 0x29, 0x98, 0x37, 0x50, 0x0E, 0x00, 0x92, 0x49, 0xE6, 0xF4, 0x9D, 0x71, 0x57,
    0xDA, 0xFC, 0xBE, 0x5B, 0xE7, 0x95, 0x6B, 0x4F, 0x46, 0x75, 0x0F, 0xE6, 0x24, 0x3C, 0x56, 0xF3,
    0xF9, 0x9B, 0xC9, 0x7B, 0x2A, 0x31, 0xDB, 0xD9, 0x4B, 0x96, 0x2B, 0xB6, 0x6C, 0xF9, 0x4F, 0x8B,
    0x05, 0x7F, 0xC2, 0xF9, 0xF6, 0x28, 0x0F, 0xB2, 0x1C, 0xC9, 0x59, 0x9B, 0x39, 0xEC, 0x34, 0x25,
    0x37, 0xAB, 0xE0, 0x55, 0xAA, 0x1E, 0xF4, 0x21, 0xA6, 0x2E, 0x5E, 0x5C, 0x6C, 0x4C, 0x5D, 0x66,
    0xAB, 0x9B, 0x3C, 0x21, 0x25, 0xF9, 0x6C, 0x9B, 0x79, 0x6B, 0x09, 0xFD, 0x4E, 0x4F, 0xC0, 0x15,
    0xBD, 0x1C, 0xDB, 0x7E, 0x6F, 0x67, 0xBB, 0x1F, 0xDB, 0x53, 0x81, 0xFE, 0x1F, 0xB5, 0x58, 0xCF,
    0x6F, 0x1C, 0x49, 0x15, 0x7E, 0xDD, 0x65, 0xA7, 0x21, 0x2D, 0x4F, 0x05, 0x29, 0x16, 0x87, 0xD8,
    0xEE, 0x1C, 0xF6, 0x10, 0x56, 0x13, 0x77, 0x0E, 0x39, 0x0C, 0x62, 0xC6, 0x55, 0x4A, 0x0E, 0x1C,
    0x16, 0x91, 0xB9, 0xF8, 0xB4, 0x87, 0xEC, 0x5F, 0xC0, 0x1A, 0x61, 0x09, 0xAF, 0x64, 0xBB, 0x3B,
    0xE4, 0x80, 0x04, 0x97, 0x5C, 0x80, 0x03, 0x17, 0x23, 0xED, 0x19, 0x79, 0xA5, 0x48, 0x44, 0xC2,
    0x9E, 0xA9, 0xE0, 0x33, 0x52, 0x27, 0x1C, 0x38, 0x20, 0xA4, 0x8E, 0x96, 0x85, 0x15, 0x5A, 0x91,
    0xDA, 0xDD, 0x5E, 0xD4, 0x9B, 0xF4, 0x4C, 0xF3, 0xBD, 0xEA, 0xF1, 0xD8, 0x59, 0xC1, 0x42, 0x9C,
    0xA1, 0xD3, 0xD5, 0x9D, 0x69, 0x77, 0x7D, 0xF5, 0xEA, 0xFD, 0xF8, 0xDE, 0x7B, 0x4D, 0x7D, 0xBF,
    0x14, 0xA5, 0x67, 0x89, 0x48, 0x7B, 0x46, 0xE0, 0x5F, 0x98, 0xCA, 0x54, 0xEA, 0x58, 0x2B, 0x4A,
    0x68, 0x97, 0x48, 0x68, 0x0A, 0x34, 0x0D, 0x4B, 0xF1, 0xF7, 0x4A, 0xFE, 0xFE, 0x20, 0xFE, 0x4E,
    0x5F, 0x2D, 0x51, 0xB2, 0x44, 0x83, 0x2B, 0x34, 0xB8, 0x4E, 0xC9, 0xB5, 0x0B, 0xEA, 0x9F, 0x59,
    0x58, 0xA7, 0x94, 0x13, 0x65, 0xE4, 0x8E, 0xB0, 0xD6, 0xA4, 0xA4, 0xA1, 0x83, 0xD0, 0x50, 0x85,
    0xA9, 0x15, 0x9E, 0x61, 0x9C, 0x1B, 0xBF, 0x4B, 0xE7, 0xEB, 0x77, 0x89, 0xB6, 0xA9, 0x19, 0x0F,
    0x88, 0x3C, 0xCC, 0x12, 0xE3, 0x1B, 0x14, 0xD5, 0x35, 0x7D, 0xF3, 0xCD, 0xD2, 0x4D, 0x7F, 0xAD,
    0x9F, 0xAA, 0x3A, 0x93, 0x41, 0xDA, 0xF6, 0x4D, 0xDB, 0x33, 0xB8, 0xB6, 0x02, 0x7E, 0x82, 0xE7,
    0x72, 0xAC, 0x32, 0x51, 0x48, 0x2D, 0xEC, 0x02, 0xF9, 0x45, 0x9B, 0xBC, 0x72, 0x83, 0xA8, 0x04,
    0xC6, 0xD8, 0x10, 0x0D, 0x35, 0x60, 0x00, 0x71, 0x48, 0xF4, 0x7A, 0xBD, 0x47, 0xAF, 0x8F, 0xF7,
    0xC8, 0xC3, 0xB2, 0x02, 0x43, 0xB1, 0x7C, 0x93, 0xA3, 0xCF, 0x1B, 0x3D, 0xFE, 0x41, 0x14, 0xE7,
    0x54, 0x1C, 0xF8, 0x79, 0x4F, 0x64, 0x57, 0x84, 0x25, 0xBF, 0xA2, 0xA0, 0x4E, 0x5B, 0x91, 0x5D,
    0xF1, 0x4A, 0x99, 0x3E, 0x08, 0x8B, 0x4D, 0xBF, 0xCE, 0x49, 0x19, 0x0A, 0xCD, 0x6B, 0xC2, 0x6C,
    0x09, 0xB3, 0x13, 0xE8, 0x78, 0x44, 0x1E, 0x83, 0x74, 0x57, 0x76, 0xE2, 0xEE, 0x8A, 0x13, 0x79,
    0x38, 0xA2, 0x20, 0x0B, 0x4D, 0xCB, 0xEB, 0xDB, 0x4E, 0x7C, 0xD0, 0xD9, 0xB8, 0xBF, 0xB4, 0xB4,
    0x6F, 0x69, 0xE1, 0x49, 0x4E, 0xAD, 0x27, 0x19, 0x06, 0xEE, 0xFC, 0x7B, 0xE3, 0xFE, 0x57, 0x96,
    0x3A, 0xF1, 0x83, 0x4E, 0xCB, 0xD3, 0x96, 0xDF, 0xE7, 0x79, 0x93, 0xC3, 0xAF, 0xB5, 0x94, 0xD4,
    0x93, 0xD4, 0x8D, 0x69, 0x7B, 0x8D, 0x76, 0x7E, 0xAD, 0xE3, 0x48, 0x53, 0xBE, 0x27, 0x8E, 0x4C,
    0x74, 0x4B, 0xEF, 0xAE, 0xD1, 0xC1, 0x36, 0xED, 0xF4, 0x68, 0x35, 0x22, 0xBC, 0x76, 0xCE, 0xA7,
    0xC5, 0x75, 0x3D, 0xAC, 0x33, 0xF2, 0x32, 0xA7, 0x75, 0x3E, 0x13, 0x3B, 0xB4, 0xEB, 0xFD, 0x17,
    0xC4, 0x21, 0xB2, 0x9D, 0xBA, 0xE8, 0x6C, 0x74, 0xDB, 0x4B, 0xFB, 0xDD, 0xE5, 0x85, 0xBC, 0xDB,
    0x6E, 0xE5, 0x6B, 0x45, 0x2B, 0xEF, 0xDA, 0xD6, 0x7E, 0x77, 0x73, 0x61, 0xA3, 0xDB, 0x5D, 0xEA,
    0x0C, 0xE4, 0x16, 0xBF, 0xF7, 0x05, 0x71, 0xEA, 0xDA, 0xBA, 0x7B, 0x64, 0x7B, 0xDB, 0x1B, 0xED,
    0xCD, 0x76, 0x6F, 0x5B, 0xE6, 0xCD, 0x5F, 0xF2, 0xC9, 0xB9, 0xF8, 0x81, 0x13, 0x20, 0x3F, 0x79,
    0x82, 0x63, 0xBD, 0x91, 0xEA, 0x02, 0x05, 0x63, 0x96, 0x73, 0x3E, 0x22, 0xBA, 0x4A, 0xB4, 0x4F,
    0x22, 0xA5, 0xE5, 0x79, 0x4A, 0x46, 0x34, 0x84, 0x31, 0x8E, 0xFF, 0xEA, 0x49, 0xA2, 0x1D, 0x12,
    0xB0, 0xD8, 0x2A, 0x5D, 0x5B, 0xA5, 0x07, 0x3D, 0x8A, 0xFF, 0x32, 0x71, 0xA0, 0x3C, 0x4A, 0xBB,
    0x78, 0x8F, 0x2E, 0x42, 0xD1, 0x23, 0x98, 0xA5, 0x0A, 0xAC, 0x57, 0x85, 0xB9, 0x5F, 0x4A, 0x36,
    0xBF, 0x11, 0x36, 0xC2, 0x88, 0xD3, 0xC0, 0xAA, 0x34, 0xB4, 0x89, 0x96, 0xCF, 0x9E, 0x7E, 0xB8,
    0x50, 0x4B, 0xBB, 0x84, 0xB9, 0x6D, 0x8C, 0x1E, 0x86, 0x4A, 0x61, 0xDB, 0xC9, 0x6E, 0xE0, 0x5D,
    0xEA, 0xF3, 0x62, 0x58, 0xEE, 0x37, 0x67, 0x52, 0xEE, 0xAB, 0x72, 0x3F, 0x2C, 0xF7, 0xA9, 0xF3,
    0x1F, 0x4F, 0x51, 0x0E, 0xBC, 0xFE, 0x22, 0x60, 0x48, 0x21, 0x0E, 0xF8, 0x10, 0x3A, 0xC8, 0x3C,
    0xFB, 0xF5, 0x3C, 0x49, 0xDD, 0x4F, 0xF8, 0xC6, 0x9C, 0x25, 0xEB, 0x59, 0x3F, 0xF7, 0x33, 0x91,
    0x29, 0xF6, 0xDD, 0x60, 0x44, 0x91, 0xD4, 0x3D, 0xA9, 0xB7, 0x71, 0x46, 0xD4, 0xED, 0x52, 0x94,
    0x53, 0x18, 0x50, 0x70, 0xD7, 0x88, 0xA3, 0x4C, 0x7C, 0x62, 0xFD, 0x8F, 0x6D, 0xF0, 0x87, 0x5C,
    0xDE, 0xD2, 0xDD, 0xAB, 0x74, 0xF9, 0x72, 0x23, 0x9C, 0x57, 0x50, 0x97, 0xA4, 0x85, 0x96, 0xE6,
    0x2C, 0xC2, 0xC1, 0xB3, 0xC2, 0x90, 0x9F, 0x87, 0x70, 0x89, 0x6C, 0x19, 0xAB, 0x9A, 0x4E, 0x44,
    0x81, 0xB1, 0x88, 0xC5, 0x67, 0xD9, 0x3F, 0xF0, 0xFB, 0xEE, 0xF7, 0x88, 0xE4, 0x02, 0x76, 0xD8,
    0x5E, 0x83, 0xC3, 0x6F, 0x2E, 0x1E, 0xB2, 0xEA, 0x0F, 0xC8, 0x37, 0x62, 0x3C, 0xC5, 0xDB, 0x62,
    0x3C, 0x0B, 0x3C, 0xDF, 0x00, 0x0F, 0x11, 0xE8, 0xE7, 0x2D, 0xC6, 0xEB, 0x5E, 0x00, 0xDE, 0x6F,
    0x9E, 0x02, 0xEF, 0x6F, 0x3F, 0x4D, 0x93, 0xE7, 0xBF, 0x0B, 0x35, 0x85, 0x04, 0x2B, 0x2C, 0x53,
    0x87, 0xA8, 0xC3, 0xBE, 0xB4, 0x1F, 0x0A, 0xF8, 0x94, 0xAA, 0x61, 0x31, 0x05, 0x3C, 0x76, 0xA7,
    0xF0, 0x10, 0x3A, 0x6D, 0x45, 0xB4, 0x49, 0x73, 0xAB, 0x6C, 0xE5, 0x2D, 0x80, 0x8A, 0x02, 0xA0,
    0xD4, 0x03, 0xE8, 0x5B, 0xBD, 0x6E, 0x44, 0xC5, 0xF6, 0x3E, 0xE4, 0x7B, 0xE2, 0xE4, 0x3B, 0x82,
    0x7C, 0x21, 0xCB, 0xB7, 0xCC, 0xF2, 0x75, 0x58, 0x3E, 0x3B, 0x95, 0xCF, 0x83, 0x2D, 0x0C, 0xC5,
    0x86, 0xE0, 0xDB, 0x38, 0xE6, 0x78, 0x69, 0xF8, 0x40, 0x50, 0xF2, 0xE3, 0x84, 0x68, 0xE4, 0xD1,
    0x28, 0x30, 0xA3, 0x30, 0x4B, 0x6E, 0x9B, 0x4B, 0x53, 0x67, 0x74, 0xFA, 0x97, 0xAC, 0x76, 0xA8,
    0x86, 0xA3, 0xD7, 0xB9, 0x08, 0x3F, 0xE3, 0x8B, 0x62, 0x4F, 0xFD, 0x21, 0x5F, 0xDE, 0xC7, 0xC5,
    0x3F, 0x2A, 0xF0, 0xDA, 0x4D, 0x5C, 0x42, 0x1F, 0x26, 0x59, 0xE1, 0x8B, 0xAA, 0xE1, 0x75, 0x9B,
    0xCC, 0x05, 0x39, 0x78, 0x08, 0xE2, 0x73, 0x78, 0x78, 0x63, 0x52, 0xA5, 0xAC, 0xCD, 0x74, 0x11,
    0xDD, 0xB0, 0x14, 0x74, 0x45, 0x4E, 0xD0, 0xD9, 0xAF, 0x21, 0x0A, 0xC6, 0x3B, 0x70, 0xD4, 0x41,
    0x1C, 0x07, 0xFF, 0x87, 0x35, 0xA2, 0x1F, 0x69, 0x7E, 0x11, 0xFF, 0x7B, 0x6F, 0xAA, 0xBF, 0x59,
    0xAF, 0x01, 0x8B, 0xC3, 0x6A, 0xF1, 0xF1, 0x3E, 0x66, 0xBD, 0x86, 0x83, 0x5A, 0xDE, 0xC4, 0xE5,
    0xCA, 0x75, 0x47, 0x41, 0x33, 0x43, 0x96, 0x75, 0x8D, 0xD7, 0x83, 0xE1, 0x3A, 0xA6, 0x2F, 0x0C,
    0xE0, 0x97, 0xD4, 0x1E, 0xD1, 0x1E, 0xD1, 0x86, 0x53, 0xD5, 0x23, 0xB6, 0xBE, 0xB8, 0x33, 0x5A,
    0x67, 0xC4, 0x1A, 0x8F, 0x96, 0x9D, 0xC1, 0x94, 0xA3, 0xC2, 0x3C, 0xE0, 0x25, 0x4D, 0x68, 0x45,
    0x1A, 0xE8, 0x30, 0x0F, 0x74, 0xA4, 0xA3, 0x0F, 0x6E, 0x53, 0x9D, 0xD5, 0x75, 0xDD, 0xD8, 0xF2,
    0x12, 0x72, 0xCC, 0xA1, 0xCC, 0x85, 0x0D, 0xF2, 0x30, 0x13, 0x06, 0x0E, 0xED, 0x38, 0x88, 0x9D,
    0x37, 0x61, 0x4E, 0x3E, 0x35, 0xF8, 0xB7, 0x32, 0xE7, 0x29, 0x7A, 0x86, 0xC0, 0x40, 0x7E, 0x21,
    0xDE, 0xE7, 0x2E, 0xEF, 0x15, 0x9E, 0x87, 0xF8, 0x09, 0x4A, 0x3A, 0x39, 0x40, 0x7F, 0x1C, 0xD3,
    0x50, 0xB6, 0x8B, 0x18, 0xAF, 0xC6, 0x1E, 0xD5, 0xCF, 0x0E, 0xE0, 0xB0, 0x1D, 0x80, 0x5F, 0x9F,
    0x82, 0xD7, 0xEB, 0x4C, 0xDB, 0xCE, 0x87, 0x59, 0x01, 0xAC, 0x0E, 0xC8, 0x0F, 0xBE, 0x84, 0xD4,
    0x9F, 0xBD, 0x69, 0x92, 0xBA, 0x6E, 0x88, 0x8B, 0x78, 0x27, 0x1C, 0x4D, 0x3D, 0x27, 0xF7, 0xAB,
    0xE3, 0x21, 0x3B, 0xD2, 0x6F, 0x33, 0xD0, 0x8B, 0x45, 0xD8, 0x5C, 0x78, 0x65, 0x3C, 0xF1, 0x30,
    0xA7, 0xE0, 0xB1, 0x75, 0x77, 0x8E, 0xC4, 0x57, 0xC4, 0x3B, 0x74, 0x69, 0x20, 0xD4, 0x0E, 0xAA,
    0x62, 0x61, 0x11, 0xE9, 0xCA, 0xD9, 0x00, 0x28, 0x03, 0x70, 0x0E, 0x43, 0x00, 0x01, 0x00, 0xC8,
    0x45, 0x80, 0x08, 0x0B, 0x4A, 0xEA, 0x66, 0x6B, 0x23, 0x54, 0x19, 0x14, 0xA4, 0x4E, 0xED, 0x2F,
    0x39, 0x37, 0xB4, 0xB4, 0x5A, 0xD0, 0xFD, 0x2E, 0xE9, 0xB9, 0x97, 0x9E, 0x8B, 0x59, 0xE5, 0x0E,
    0x5F, 0x5F, 0x52, 0x66, 0xE8, 0x0A, 0x1C, 0xAE, 0x7E, 0xC1, 0x15, 0x8F, 0x1E, 0x36, 0xC9, 0x0B,
    0x93, 0xE0, 0x86, 0x43, 0x5C, 0xE6, 0xEB, 0x3E, 0xD2, 0x65, 0x8D, 0x9C, 0x89, 0xC9, 0x4A, 0x63,
    0x7A, 0xC2, 0x00, 0x63, 0x40, 0xA0, 0xEC, 0x01, 0xA5, 0x5B, 0x0A, 0x3F, 0x4B, 0xC0, 0xC3, 0xF5,
    0xE7, 0x53, 0xE7, 0x8B, 0x6F, 0xB2, 0xB6, 0x39, 0xB3, 0x3C, 0xE6, 0xE8, 0x70, 0xFE, 0x92, 0x4A,
    0x16, 0x49, 0x64, 0xA4, 0x72, 0xF0, 0xF1, 0xB7, 0x10, 0x11, 0xF4, 0x83, 0x02, 0x45, 0xE2, 0x7B,
    0x55, 0x80, 0x04, 0x32, 0x42, 0xE6, 0xCA, 0x13, 0x64, 0x86, 0x4C, 0x7D, 0x97, 0x3C, 0x13, 0xFD,
    0x19, 0x51, 0x83, 0x09, 0xC2, 0x04, 0xB8, 0xA4, 0x90, 0x36, 0x4C, 0xA1, 0xD3, 0x84, 0xF3, 0x93,
    0x3B, 0x50, 0x27, 0x92, 0x60, 0x4B, 0xDB, 0x26, 0x8C, 0x22, 0x14, 0x8F, 0x87, 0x21, 0xC2, 0x48,
    0x14, 0x61, 0xE6, 0x57, 0x91, 0xF1, 0x2A, 0x95, 0x62, 0x60, 0xBB, 0x10, 0xB7, 0x1A, 0x42, 0x5A,
    0x0C, 0x3B, 0x04, 0x4D, 0x24, 0x98, 0xAC, 0x50, 0xA7, 0xCA, 0x47, 0xA3, 0x26, 0x8C, 0xA6, 0x87,
    0xCC, 0x9A, 0xE4, 0x8F, 0x0A, 0x93, 0x73, 0xD8, 0x4C, 0x30, 0x61, 0x1A, 0xF1, 0x54, 0x93, 0xBC,
    0x69, 0xE0, 0x0E, 0x7A, 0x26, 0x98, 0x41, 0x7E, 0x8F, 0x98, 0x98, 0xAE, 0x24, 0xDA, 0x25, 0xC3,
    0x59, 0x60, 0x86, 0x90, 0x4F, 0xFE, 0x38, 0x73, 0xF7, 0xA6, 0xF6, 0x79, 0x25, 0xCC, 0x0B, 0x1E,
    0x75, 0x03, 0x23, 0x23, 0x2E, 0xA3, 0xD1, 0x23, 0xC0, 0x88, 0x11, 0x6A, 0x54, 0x61, 0x5C, 0xF2,
    0x42, 0x34, 0x46, 0x78, 0xCF, 0xC1, 0x07, 0x80, 0x97, 0x80, 0xFF, 0x06, 0xE0, 0xBF, 0x0F, 0xF8,
    0x87, 0x55, 0x22, 0x6E, 0x54, 0xC3, 0xF3, 0x80, 0x5F, 0x02, 0xFC, 0x35, 0xC0, 0x67, 0x80, 0x37,
    0x0D, 0xFC, 0x0A, 0xA6, 0x5D, 0x9F, 0x3A, 0x19, 0x76, 0x8F, 0xEA, 0x13, 0x0C, 0xD2, 0x54, 0xAF,
    0x63, 0x39, 0x8A, 0x72, 0x3F, 0x97, 0xC6, 0x07, 0x8B, 0x8A, 0x34, 0x4E, 0x51, 0x8C, 0x80, 0x75,
    0x95, 0x0E, 0xE0, 0xD1, 0x21, 0xBC, 0xB6, 0x85, 0x18, 0x58, 0x40, 0x10, 0x2C, 0x61, 0xB4, 0xE1,
    0xC0, 0x9B, 0x94, 0xFC, 0x3C, 0x77, 0x3B, 0x3D, 0x39, 0xE2, 0x94, 0x2B, 0x8B, 0xC6, 0xAD, 0xF4,
    0x6C, 0x30, 0x99, 0x66, 0x02, 0xD4, 0x38, 0x2B, 0x60, 0x93, 0x8B, 0xDE, 0x6C, 0x30, 0x57, 0x51,
    0x7E, 0x29, 0xA9, 0xE9, 0xAA, 0x9C, 0xE1, 0xDE, 0x39, 0xF7, 0xAC, 0xE1, 0x5E, 0xB8, 0xBD, 0xAB,
    0x5A, 0x8E, 0xA5, 0xF5, 0x6D, 0x88, 0x72, 0x10, 0x6E, 0xA0, 0x45, 0xD1, 0x42, 0xDC, 0xA3, 0x79,
    0xAA, 0x90, 0x63, 0x2B, 0x98, 0x79, 0x68, 0x4E, 0x52, 0xD4, 0xC0, 0xB1, 0x1E, 0xF9, 0x08, 0xF9,
    0x18, 0x9E, 0xC9, 0xF4, 0xE3, 0x08, 0x5E, 0xDD, 0x6B, 0xBA, 0xA8, 0x04, 0x99, 0x78, 0x88, 0x94,
    0x34, 0x06, 0xE9, 0x8C, 0x30, 0x8E, 0x2B, 0xF3, 0xEA, 0x6D, 0x23, 0xC0, 0x1B, 0x9C, 0x31, 0xC1,
    0x45, 0x53, 0x02, 0x9D, 0x74, 0x83, 0xB4, 0x1B, 0xC2, 0xB6, 0x15, 0xE6, 0x79, 0x25, 0x2E, 0x41,
    0x71, 0x29, 0xA7, 0xD8, 0xD6, 0xF7, 0x28, 0xF8, 0x14, 0xF6, 0x71, 0x97, 0xF0, 0x7D, 0x4C, 0x93,
    0x8F, 0xC7, 0xCC, 0x08, 0x10, 0x28, 0x32, 0x51, 0x46, 0xD1, 0x4F, 0x50, 0x0B, 0xC4, 0xB7, 0x03,
    0x50, 0xCD, 0xED, 0x5B, 0x20, 0xC1, 0x70, 0xDC, 0x08, 0xEA, 0xA4, 0x74, 0xC5, 0xDA, 0xB9, 0x62,
    0x52, 0xEA, 0x9F, 0x3A, 0x26, 0x89, 0x14, 0x55, 0x6E, 0x53, 0x2B, 0xCE, 0x63, 0x0C, 0x6B, 0x6C,
    0x5B, 0xE9, 0x30, 0x53, 0x80, 0x4F, 0xE0, 0x1C, 0x03, 0x30, 0xE0, 0x08, 0x2A, 0x05, 0x95, 0x81,
    0xFC, 0xD4, 0xB9, 0x8A, 0xE2, 0x8F, 0xC6, 0xA9, 0xB4, 0xA7, 0xF5, 0xC8, 0x4B, 0x71, 0x56, 0xC9,
    0x9A, 0x7A, 0xF0, 0xAC, 0x38, 0xC8, 0x04, 0x14, 0x81, 0x89, 0xB6, 0xD0, 0x9A, 0xE8, 0xB9, 0xB3,
    0xE3, 0x44, 0x77, 0xB5, 0xD3, 0xEB, 0x93, 0x49, 0x61, 0x77, 0x56, 0x1C, 0xCE, 0x2B, 0x65, 0xAF,
    0xB9, 0x9F, 0x15, 0x27, 0x80, 0xDB, 0x2C, 0xA0, 0x69, 0x58, 0xBA, 0x02, 0x7B, 0xDD, 0x87, 0xBF,
    0xDC, 0x3B, 0x1B, 0xCE, 0xBC, 0x5E, 0x44, 0x70, 0x3E, 0xAB, 0xC1, 0x4E, 0xF1, 0x11, 0x18, 0x24,
    0xBE, 0x81, 0xF6, 0x4E, 0x71, 0x6F, 0x37, 0x88, 0xC0, 0x45, 0x35, 0x4A, 0x37, 0x1A, 0xC3, 0x85,
    0x7D, 0xEC, 0x59, 0xA1, 0x6D, 0x4C, 0xE3, 0x8F, 0xD4, 0x2F, 0x31, 0x3D, 0x9A, 0x34, 0x3B, 0xBC,
    0xE8, 0xB0, 0x14, 0x79, 0x15, 0x9A, 0x83, 0x28, 0xED, 0xC7, 0x2E, 0x4D, 0x4E, 0x4E, 0xFD, 0x56,
    0xF4, 0xD7, 0x2C, 0xC0, 0x42, 0xB9, 0x33, 0x63, 0x97, 0xE6, 0x0F, 0x48, 0xE6, 0xA7, 0x8C, 0x1B,
    0x35, 0x3E, 0xA2, 0x27, 0x20, 0x16, 0x20, 0x55, 0x74, 0xA7, 0x8C, 0xBF, 0x6D, 0x55, 0xAD, 0x55,
    0xBF, 0x01, 0xB9, 0x3C, 0x01, 0xF9, 0x32, 0xA7, 0x40, 0x0A, 0xB6, 0x15, 0x28, 0x0C, 0xE4, 0x78,
    0xA7, 0x24, 0xCC, 0x47, 0xA8, 0x40, 0x92, 0x7E, 0x53, 0xFD, 0x01, 0x83, 0x00, 0x42, 0xC1, 0x8B,
    0x3E, 0x71, 0x5C, 0x1D, 0xBC, 0xC4, 0xEA, 0x45, 0x17, 0xAD, 0x16, 0x7A, 0xFA, 0x93, 0x8D, 0xFF,
    0xF7, 0x59, 0xBB, 0x48, 0x84, 0xA8, 0x60, 0xA0, 0xE7, 0x21, 0x18, 0x25, 0x32, 0x71, 0xAA, 0x26,
    0x1F, 0x76, 0x06, 0x34, 0xDC, 0x53, 0xD9, 0x74, 0x57, 0x25, 0xEF, 0x09, 0x5B, 0x62, 0x83, 0x70,
    0xFC, 0xB9, 0x4E, 0x2D, 0x3D, 0xA9, 0x3C, 0x76, 0x5D, 0xD8, 0x0D, 0xF7, 0xE8, 0x78, 0x0E, 0xA7,
    0x04, 0x79, 0xC8, 0xCC, 0x85, 0x24, 0x31, 0xDF, 0x47, 0x40, 0x73, 0x69, 0xC9, 0x55, 0x44, 0xCE,
    0x09, 0x58, 0x36, 0x20, 0x29, 0x83, 0xC4, 0x1F, 0x92, 0x2C, 0x26, 0xB3, 0xF0, 0xFE, 0x5A, 0xA4,
    0xDB, 0x8E, 0xEF, 0xFE, 0xF7, 0x59, 0x08, 0x9F, 0xAF, 0x82, 0x92, 0xD0, 0x3C, 0xA1, 0xA5, 0xA6,
    0x77, 0xF0, 0x58, 0x6F, 0x13, 0xBD, 0x3E, 0x00, 0x53, 0xD5, 0xC7, 0xA9, 0x8B, 0xF8, 0x93, 0x15,
    0xEF, 0x4D, 0x41, 0x58, 0x05, 0x1A, 0x53, 0x1E, 0x1A, 0xCB, 0x3F, 0xDA, 0x17, 0x34, 0x3F, 0x0D,
    0xA3, 0x5F, 0x35, 0x61, 0x34, 0xDF, 0xBF, 0x48, 0xF1, 0x27, 0x35, 0x05, 0xCF, 0x12, 0x1D, 0x94,
    0x70, 0x5D, 0xB4, 0xDA, 0x32, 0x6F, 0xDC, 0x37, 0x32, 0x03, 0x88, 0x32, 0x02, 0x2E, 0xB0, 0x74,
    0xBD, 0x07, 0xEC, 0xF4, 0xCB, 0x69, 0x86, 0x3D, 0x61, 0x80, 0x7D, 0x28, 0xCC, 0x6D, 0x3E, 0x1D,
    0x34, 0xF2, 0x0C, 0x9A, 0x10, 0x60, 0x79, 0xFE, 0x94, 0xBF, 0x28, 0x8F, 0xEB, 0x3C, 0xAB, 0xA6,
    0xEF, 0x7C, 0xC1, 0xA3, 0x5E, 0x12, 0x27, 0x80, 0x4E, 0x22, 0xE8, 0x67, 0xEB, 0x2A, 0xB2, 0xF6,
    0xDC, 0xD9, 0x71, 0xFE, 0x2D, 0xCD, 0x9C, 0x01, 0x67, 0x1B, 0x72, 0x1C, 0xAC, 0x35, 0xF2, 0x9C,
    0x15, 0x67, 0x8F, 0x6B, 0x0E, 0xEE, 0xD0, 0xE8, 0xF8, 0x83, 0xD7, 0x17, 0x9F, 0x43, 0x63, 0xF3,
    0x6F, 0x10, 0x7F, 0x57, 0x6A, 0x80, 0x6B, 0x8A, 0x8E, 0x50, 0xEC, 0xBE, 0x01, 0xE0, 0x36, 0x80,
    0x37, 0x01, 0x9C, 0x01, 0xF8, 0x4E, 0x03, 0x1C, 0x03, 0x78, 0xF3, 0x74, 0xAE, 0xA8, 0x26, 0x5F,
    0x8B, 0x64, 0x03, 0xB5, 0xA8, 0x17, 0x69, 0x98, 0xB1, 0xE1, 0x77, 0x31, 0x0E, 0xE1, 0x84, 0x6C,
    0x78, 0x16, 0x0C, 0x03, 0xB5, 0x6B, 0x02, 0x25, 0x0F, 0xE0, 0x93, 0xC3, 0x4F, 0xC7, 0xA9, 0x7A,
    0x38, 0x3E, 0x05, 0xC4, 0x39, 0x93, 0x7B, 0xCB, 0xD4, 0x15, 0x72, 0x67, 0xC6, 0x61, 0x7E, 0x5A,
    0xB3, 0x2E, 0xD2, 0x99, 0x1A, 0xCE, 0x8C, 0xF3, 0x00, 0xF3, 0xAB, 0x13, 0x8E, 0x3F, 0xFB, 0xBE,
    0xB8, 0xAD, 0x42, 0xFE, 0xA5, 0x49, 0xA3, 0xBF, 0x48, 0x17, 0xA9, 0x4E, 0x01, 0x00, 0x20, 0x69,
    0xAE, 0x42, 0xE1, 0x6D, 0x44, 0x5F, 0x17, 0xF1, 0xBB, 0x09, 0x03, 0xE4, 0x24, 0x3E, 0x36, 0xE4,
    0x3F, 0xD7, 0xE4, 0x8D, 0x27, 0xCA, 0x2D, 0x9A, 0xB2, 0x2E, 0x4C, 0xE9, 0x6B, 0x60, 0x8F, 0x64,
    0x42, 0xBF, 0xA2, 0x6E, 0x0A, 0xEA, 0xE3, 0x72, 0x83, 0xAA, 0x8B, 0xE4, 0x8D, 0x6A, 0xED, 0x3F,
    0x7F, 0xDB, 0xF8, 0x95, 0x34, 0xA2, 0xE4, 0x8F, 0x7C, 0xD2, 0x04, 0x18, 0xFC, 0x31, 0x50, 0xBA,
    0x7C, 0x82, 0x25, 0x1F, 0xC1, 0x8E, 0xF0, 0x02, 0xAE, 0x18, 0x39, 0x6C, 0xA6, 0xCD, 0xB5, 0x3D,
    0x2D, 0x32, 0x1A, 0x51, 0xF1, 0xA4, 0x70, 0xF7, 0x19, 0xCA, 0xFC, 0x2F, 0xB5, 0x5A, 0x4D, 0x6C,
    0x1D, 0x57, 0x15, 0x3E, 0x33, 0x63, 0x67, 0x50, 0x6F, 0x93, 0x1B, 0xA4, 0x58, 0x54, 0xA2, 0xF5,
    0x64, 0x91, 0x05, 0x20, 0x27, 0xB3, 0x89, 0x90, 0x25, 0x1C, 0xDF, 0x9B, 0x74, 0xD1, 0x05, 0x12,
    0xF5, 0xC2, 0x56, 0x17, 0x2C, 0x12, 0x09, 0x16, 0xDD, 0x11, 0x09, 0x4B, 0x54, 0x28, 0xF1, 0x4C,
    0xE8, 0xB2, 0x9B, 0x6E, 0x0A, 0x1B, 0x24, 0xC2, 0x0E, 0x21, 0x24, 0x5C, 0x29, 0x8B, 0x80, 0xEC,
    0x37, 0xB7, 0xFC, 0x88, 0x45, 0x17, 0x4C, 0x28, 0x3F, 0x8B, 0xAA, 0xCA, 0x40, 0x5B, 0x14, 0xB5,
    0x94, 0x4E, 0xDB, 0x09, 0x9D, 0xA4, 0xF3, 0xDE, 0xE5, 0x3B, 0x77, 0xE6, 0x3D, 0x3F, 0xE7, 0x0F,
    0xDB, 0xEF, 0xF1, 0xEC, 0xB9, 0xCF, 0xF6, 0x9B, 0x7B, 0xCF, 0x77, 0xCF, 0x3D, 0x3F, 0xDF, 0x39,
    0x63, 0xA2, 0xD9, 0x55, 0x22, 0x52, 0x7D, 0x0C, 0x73, 0xFC, 0x93, 0x28, 0x30, 0x48, 0x1E, 0x54,
    0x89, 0xE1, 0x7B, 0x3C, 0xBC, 0x8D, 0xC1, 0xFF, 0x6D, 0x45, 0x14, 0x3C, 0x8D, 0x41, 0xF8, 0x35,
    0xD1, 0x3C, 0x0F, 0xCA, 0x36, 0x44, 0xEB, 0x1E, 0x86, 0x82, 0x1A, 0xF2, 0x0D, 0xF5, 0x29, 0xCC,
    0xBD, 0x01, 0xA9, 0x5A, 0x5A, 0xE3, 0x96, 0x53, 0xF8, 0x6C, 0x6E, 0x85, 0x68, 0x56, 0x13, 0x65,
    0x56, 0x07, 0x95, 0xD2, 0x22, 0x57, 0x24, 0x4D, 0x42, 0x71, 0xDA, 0x23, 0xA5, 0xFB, 0xA4, 0x30,
    0x55, 0xF9, 0xB8, 0x0E, 0x35, 0x14, 0xFF, 0x6B, 0x90, 0xCA, 0xD2, 0xE2, 0xE6, 0xD1, 0x6B, 0xE1,
    0x31, 0x0C, 0xD1, 0x16, 0x23, 0xAB, 0xF8, 0x77, 0x3D, 0x55, 0x8C, 0xFC, 0x3A, 0x7D, 0x98, 0x68,
    0x19, 0x02, 0x24, 0x56, 0xF0, 0xE8, 0x80, 0x58, 0xA7, 0x08, 0xC9, 0xE3, 0x55, 0xC2, 0x94, 0xD7,
    0x73, 0x9B, 0xFD, 0x33, 0x86, 0xA0, 0xEE, 0xD4, 0xB1, 0x6F, 0x70, 0xD7, 0x30, 0x19, 0x8B, 0x86,
    0x7C, 0xDD, 0x02, 0x9E, 0x66, 0x4C, 0xB7, 0x21, 0x00, 0x4A, 0x08, 0x3A, 0x83, 0x9F, 0xBF, 0x4D,
    0xF4, 0x45, 0x9B, 0xD2, 0xB6, 0x2C, 0x82, 0x32, 0x2C, 0x44, 0x1E, 0x98, 0x08, 0x53, 0x14, 0x3E,
    0x55, 0xF8, 0x34, 0xC1, 0x95, 0x8D, 0x5D, 0xFC, 0xBB, 0x32, 0x8F, 0x51, 0x74, 0x77, 0x8B, 0x7C,
    0x5B, 0x8C, 0xAD, 0xC9, 0x77, 0x43, 0x86, 0x9F, 0x8F, 0x29, 0xB3, 0xA6, 0xA0, 0x68, 0x48, 0x98,
    0x2D, 0x8A, 0xD2, 0x15, 0x8A, 0x75, 0x7B, 0xD7, 0xE8, 0xD2, 0x17, 0x28, 0xFA, 0x67, 0x4E, 0xE1,
    0xAE, 0x73, 0x1F, 0x00, 0xF7, 0x87, 0x9A, 0xE4, 0xD3, 0x86, 0x66, 0x8E, 0xEA, 0x69, 0x60, 0x0B,
    0x2B, 0xB6, 0xA3, 0x17, 0x4E, 0xD2, 0xD1, 0x19, 0x86, 0x95, 0xD5, 0x00, 0x05, 0x4C, 0x80, 0x04,
    0x44, 0x8A, 0x86, 0xDF, 0xFA, 0x02, 0xC0, 0x8C, 0x63, 0xD9, 0x68, 0xD1, 0xD0, 0x0B, 0xB8, 0x8E,
    0x4E, 0x45, 0x4B, 0xD0, 0xBB, 0x28, 0x29, 0xC8, 0xBB, 0x03, 0xDD, 0x2B, 0x92, 0xF0, 0x6C, 0x41,
    0xC1, 0xFB, 0x69, 0x8B, 0xE6, 0xF9, 0xA9, 0x20, 0x59, 0x9F, 0xA7, 0xE5, 0x9A, 0xA2, 0x82, 0x61,
    0xEC, 0x47, 0x27, 0x7E, 0x0E, 0xBB, 0xA2, 0x4F, 0x79, 0x07, 0x09, 0xFF, 0xF5, 0x18, 0x4E, 0xDB,
    0x5A, 0xFC, 0xAA, 0x7E, 0xD4, 0xF0, 0xFD, 0x19, 0xCF, 0x53, 0x1A, 0x72, 0x81, 0x28, 0xE3, 0x61,
    0xC0, 0x43, 0x9F, 0x07, 0x58, 0xA8, 0x86, 0xF1, 0x27, 0x04, 0x5F, 0x18, 0xC0, 0xB2, 0x61, 0x92,
    0x41, 0xC5, 0x2A, 0xB9, 0x9D, 0x18, 0x4A, 0xEC, 0x1D, 0x5E, 0x3F, 0xF9, 0x07, 0x4C, 0x33, 0x7A,
    0x03, 0x3B, 0x92, 0xAF, 0xB3, 0xFF, 0xFF, 0x0E, 0x8A, 0xFA, 0x4E, 0xEA, 0x4C, 0x9F, 0xD8, 0xF6,
    0x89, 0x8D, 0xDF, 0x59, 0xBF, 0x33, 0x7F, 0x67, 0xFF, 0xCE, 0x01, 0x9C, 0x07, 0x90, 0x0A, 0x31,
    0xC4, 0x1F, 0x0C, 0x52, 0xDA, 0xF1, 0xD0, 0x47, 0xE3, 0x9B, 0xB5, 0x2B, 0x2A, 0x15, 0xB6, 0xDC,
    0x23, 0xBE, 0x0C, 0x4B, 0x45, 0x39, 0x79, 0xE7, 0xD9, 0x6C, 0x6B, 0x06, 0x41, 0x71, 0xA6, 0xBD,
    0x81, 0xA5, 0xB0, 0x78, 0x88, 0x57, 0x02, 0x92, 0xFA, 0x60, 0x2C, 0x64, 0x78, 0x6B, 0xD8, 0x0A,
    0x20, 0xE1, 0x1D, 0xD0, 0xF0, 0xE1, 0x2B, 0x5B, 0x98, 0xB0, 0x88, 0x09, 0xA7, 0x47, 0xC7, 0x67,
    0xD7, 0x70, 0x59, 0xE7, 0x50, 0x1C, 0x2E, 0x38, 0x78, 0x04, 0x15, 0xE5, 0x41, 0xE5, 0x1B, 0x71,
    0xFB, 0x9B, 0x26, 0xB1, 0xB0, 0x00, 0x84, 0x59, 0x44, 0x59, 0x04, 0xD9, 0xF6, 0xFC, 0x4A, 0x9C,
    0x5F, 0x13, 0x5D, 0xA9, 0xE3, 0x67, 0x4A, 0x65, 0xB5, 0x5A, 0x69, 0xCF, 0xEF, 0xF8, 0xEE, 0xF3,
    0x0B, 0x74, 0x0E, 0x4B, 0x82, 0x76, 0xAD, 0xB3, 0xE9, 0x89, 0xE4, 0x73, 0x04, 0x7D, 0x92, 0x96,
    0xAF, 0xB3, 0x15, 0x79, 0xB4, 0x1F, 0x14, 0xCE, 0xB3, 0x6C, 0xE7, 0x59, 0x34, 0x31, 0x0A, 0x91,
    0x73, 0x00, 0x76, 0x81, 0x73, 0x8F, 0x28, 0x26, 0x93, 0xF8, 0x7C, 0x1B, 0xAA, 0x39, 0xD2, 0xF9,
    0x77, 0xBB, 0x18, 0xB1, 0x47, 0xD1, 0x97, 0x89, 0x4A, 0x9E, 0xEC, 0xDD, 0x6D, 0xE5, 0x75, 0xA7,
    0x72, 0xA5, 0x24, 0x7F, 0x78, 0x2A, 0xC7, 0x26, 0xD6, 0x07, 0x2D, 0x46, 0x44, 0xA7, 0x86, 0x89,
    0x4D, 0xEF, 0xC4, 0xE2, 0x92, 0x63, 0x71, 0x43, 0x40, 0x47, 0x80, 0x87, 0x74, 0x04, 0x57, 0x5F,
    0x19, 0xC6, 0xE2, 0xE3, 0x0F, 0x88, 0xC5, 0x10, 0xEA, 0x23, 0x16, 0x0B, 0x8E, 0xC5, 0x48, 0xC0,
    0x02, 0x56, 0xDB, 0x7B, 0xA6, 0x86, 0xBC, 0x46, 0x14, 0x5E, 0x79, 0x7F, 0xDC, 0xB1, 0x4D, 0x46,
    0x91, 0xC9, 0x28, 0x36, 0xEC, 0x5F, 0x4A, 0x2B, 0x1D, 0xBD, 0x0B, 0x77, 0x6A, 0x5D, 0x67, 0x3C,
    0xBE, 0x03, 0x1B, 0xCE, 0x6B, 0x86, 0x8F, 0x62, 0x75, 0x8B, 0xA4, 0xFD, 0x05, 0x2D, 0x47, 0x9A,
    0x1A, 0xE4, 0xA4, 0x1A, 0xEF, 0x75, 0x4C, 0xD4, 0xDF, 0xC6, 0xC2, 0x05, 0x67, 0x4A, 0x0A, 0xDE,
    0xC1, 0x05, 0x67, 0x83, 0x5E, 0x48, 0xBE, 0x92, 0xD1, 0x32, 0xC5, 0xC8, 0x5C, 0xCB, 0xA4, 0xCE,
    0x62, 0x3F, 0xF6, 0xE5, 0x9D, 0xA5, 0x77, 0x59, 0x37, 0x22, 0xD3, 0x34, 0xF0, 0x0A, 0xA4, 0xE9,
    0x10, 0x3A, 0xF0, 0xFB, 0x6D, 0x16, 0x98, 0x26, 0x5E, 0xEA, 0x8D, 0x65, 0x18, 0x9A, 0x0E, 0x5E,
    0xDA, 0xEE, 0xD6, 0xBC, 0xDE, 0x45, 0xBF, 0x29, 0xE2, 0x9D, 0x14, 0xDF, 0x97, 0x3B, 0x58, 0xCC,
    0x91, 0xD2, 0xD1, 0xA2, 0xB8, 0x4E, 0xE2, 0xBA, 0xF4, 0x7F, 0xD0, 0x2F, 0x67, 0x5B, 0xC4, 0x68,
    0x96, 0x79, 0x7D, 0x81, 0x39, 0xE4, 0x0C, 0x26, 0x35, 0x19, 0x52, 0x92, 0x41, 0xD0, 0x52, 0x5A,
    0x1A, 0x80, 0xC7, 0x36, 0x10, 0xB5, 0x0D, 0xE0, 0x23, 0x98, 0x67, 0x6B, 0x48, 0x6B, 0xB6, 0x75,
    0xB2, 0x84, 0xBD, 0xAC, 0x37, 0xCC, 0x06, 0xC8, 0x61, 0x70, 0x36, 0x48, 0xA8, 0x60, 0x0A, 0x89,
    0x8D, 0x3B, 0x5F, 0x0B, 0xE0, 0x88, 0x02, 0xD8, 0x4E, 0x4A, 0xC0, 0xF7, 0x48, 0x36, 0xED, 0x9F,
    0x3A, 0xDF, 0x84, 0xCF, 0xAD, 0x52, 0xF8, 0xC9, 0x80, 0xC4, 0x07, 0x19, 0xC9, 0x0A, 0x19, 0xA2,
    0x48, 0x90, 0x25, 0x36, 0x20, 0x74, 0x1B, 0xE2, 0x90, 0x25, 0x74, 0xD3, 0x66, 0x0A, 0x1A, 0xA4,
    0x1B, 0x94, 0xA5, 0x6D, 0x3C, 0xDC, 0x05, 0xD1, 0xCF, 0x7E, 0xFE, 0xCB, 0x5B, 0x18, 0xB2, 0x5B,
    0xFB, 0x87, 0x38, 0x84, 0x13, 0xDE, 0xD1, 0x14, 0x23, 0xFD, 0x07, 0xD0, 0x47, 0xF8, 0x71, 0x9F,
    0xC4, 0xFB, 0x50, 0x5D, 0x0D, 0x28, 0x25, 0xAE, 0xBC, 0xF7, 0x48, 0x38, 0x8E, 0xDC, 0x1D, 0x22,
    0xDB, 0xF7, 0x7E, 0x53, 0xB7, 0xE8, 0x80, 0x8D, 0x73, 0xA8, 0x72, 0xC7, 0x9E, 0x39, 0x33, 0xEE,
    0x33, 0x1A, 0x60, 0x01, 0x12, 0xE0, 0x00, 0x0A, 0x90, 0xF6, 0x84, 0xDD, 0x90, 0xE4, 0x95, 0x14,
    0x81, 0xE6, 0x62, 0xCF, 0x85, 0x48, 0x90, 0xC0, 0x92, 0x59, 0x10, 0x67, 0xD5, 0x02, 0x92, 0xA1,
    0x0B, 0xD6, 0x7F, 0x94, 0xBA, 0x44, 0x7A, 0x0B, 0x2A, 0x72, 0xE2, 0x90, 0xDA, 0x10, 0xAF, 0xE6,
    0x56, 0xF6, 0x25, 0x6B, 0x6E, 0x35, 0xA9, 0xE7, 0x56, 0xE6, 0x74, 0x06, 0x42, 0x14, 0x99, 0x98,
    0xCD, 0x0F, 0x73, 0x36, 0x30, 0x23, 0xBB, 0xAA, 0xF2, 0x76, 0x1F, 0x17, 0x77, 0x12, 0xD6, 0x3E,
    0xF7, 0x71, 0xFA, 0xF1, 0xE5, 0xEB, 0x51, 0xE1, 0xD1, 0xC3, 0xD7, 0xDF, 0xD7, 0x82, 0x3E, 0x18,
    0x0A, 0x82, 0x34, 0x8C, 0xF3, 0x6A, 0x5B, 0x42, 0xB0, 0x66, 0xC1, 0x38, 0xBC, 0x92, 0xB5, 0x14,
    0x97, 0x21, 0xBE, 0x44, 0x21, 0x73, 0xC9, 0xC2, 0xD2, 0x38, 0x8D, 0x6F, 0xC9, 0x4A, 0xE8, 0x25,
    0x78, 0xC9, 0x46, 0x1A, 0x9B, 0xCE, 0xB8, 0x73, 0xD6, 0xA0, 0x48, 0xF7, 0x7B, 0x28, 0x8F, 0xDC,
    0x82, 0x5B, 0x28, 0xCE, 0xB1, 0x54, 0xC4, 0xCE, 0x81, 0x63, 0x49, 0x78, 0xD9, 0x8C, 0x17, 0xEE,
    0xF1, 0xD2, 0x7D, 0x5E, 0xBC, 0x81, 0xBD, 0x61, 0xE1, 0x3E, 0x2F, 0x0D, 0x96, 0x54, 0x7B, 0x4C,
    0x95, 0xF0, 0xB3, 0xA8, 0x20, 0x28, 0xB1, 0x6C, 0xF9, 0xAE, 0xC8, 0xE8, 0xCA, 0x23, 0xD3, 0xD1,
    0x45, 0x51, 0x8F, 0x17, 0x21, 0x85, 0x34, 0xA2, 0x8C, 0xF2, 0xD0, 0xB8, 0x2D, 0x00, 0xD6, 0x1A,
    0x65, 0xC6, 0xA6, 0x91, 0x61, 0xD9, 0x2C, 0x9A, 0x99, 0x1A, 0xA4, 0x3B, 0xB9, 0x7D, 0xC0, 0x84,
    0xA9, 0x43, 0x50, 0xF6, 0xD3, 0x9A, 0xD4, 0x9F, 0x46, 0xFE, 0xD5, 0xCA, 0x00, 0x58, 0x6F, 0x30,
    0xEE, 0xF9, 0xD0, 0x06, 0x7D, 0x86, 0x74, 0x90, 0x23, 0xDF, 0x22, 0xAE, 0x84, 0xB6, 0x6C, 0xD3,
    0x42, 0x9F, 0x76, 0xF2, 0x67, 0xD3, 0xD6, 0x57, 0xC3, 0x75, 0xC2, 0x6E, 0x2D, 0xAE, 0xE6, 0xA0,
    0x58, 0x07, 0x9B, 0x63, 0x5C, 0xCC, 0x31, 0x4E, 0x3B, 0xD6, 0xE2, 0x71, 0x15, 0x37, 0x16, 0x61,
    0x70, 0xEB, 0x72, 0x49, 0xD5, 0x12, 0x47, 0x96, 0x39, 0x68, 0xA9, 0xB5, 0x66, 0xC3, 0x53, 0x46,
    0x67, 0xB1, 0xE1, 0x62, 0xF2, 0xF8, 0x59, 0x38, 0xE3, 0xCF, 0x74, 0xE7, 0xEB, 0x40, 0xA6, 0x0C,
    0xDF, 0xAD, 0x91, 0x06, 0x14, 0x33, 0x8B, 0x84, 0xB9, 0x4C, 0xC6, 0x41, 0xB1, 0xC7, 0xD1, 0xDC,
    0xF2, 0xC6, 0x06, 0x19, 0x83, 0x46, 0xB8, 0xF5, 0x6B, 0x6C, 0x2D, 0xA8, 0x41, 0x42, 0x83, 0x0A,
    0x09, 0x5E, 0x54, 0x21, 0x6B, 0xDC, 0xA5, 0x27, 0x7E, 0x3D, 0xE6, 0xEA, 0x47, 0xEA, 0x82, 0x2A,
    0x9D, 0xE0, 0xDF, 0xEE, 0x8B, 0x49, 0x73, 0x3A, 0x2C, 0xAD, 0x11, 0xC5, 0x65, 0xEC, 0xB3, 0x24,
    0xF9, 0x07, 0x18, 0xE3, 0x4D, 0x4D, 0x11, 0x42, 0x5A, 0x7C, 0x13, 0xA7, 0xFE, 0x2C, 0x02, 0x0F,
    0x94, 0xA1, 0x30, 0x69, 0x63, 0x48, 0x53, 0xAE, 0x62, 0x7E, 0xD1, 0x96, 0x94, 0x87, 0xF8, 0xB0,
    0xE0, 0x68, 0x6A, 0xBF, 0x6B, 0x38, 0x2D, 0x36, 0xED, 0x42, 0x5E, 0x6B, 0xB4, 0xEE, 0x9C, 0x94,
    0xDE, 0x5D, 0xBC, 0xF4, 0xEE, 0x39, 0xA7, 0x9A, 0x2E, 0xE0, 0x9C, 0x0A, 0xE6, 0x3A, 0xE2, 0xF6,
    0x73, 0xCC, 0x73, 0x9C, 0x07, 0x40, 0xCF, 0xCB, 0x44, 0x15, 0xB7, 0x06, 0x50, 0x7B, 0xCB, 0xDD,
    0x21, 0x65, 0x74, 0x02, 0xED, 0x21, 0xB4, 0xDE, 0x80, 0x6F, 0xE4, 0x87, 0x64, 0x18, 0x65, 0x27,
    0x92, 0x4E, 0x5F, 0xA1, 0xB6, 0x80, 0x5E, 0xC7, 0xF5, 0x32, 0x67, 0x24, 0x67, 0x60, 0xF7, 0xB8,
    0x5D, 0xC5, 0xA7, 0x1D, 0x8C, 0x07, 0x3C, 0x7C, 0xDF, 0xA1, 0xB0, 0xEE, 0xCE, 0x4A, 0xBA, 0x73,
    0x3A, 0xE1, 0xE0, 0x80, 0xF0, 0x19, 0x68, 0xEC, 0x1C, 0x9C, 0xCF, 0xDB, 0x17, 0x1C, 0xF5, 0x51,
    0x29, 0x3F, 0xCE, 0xC5, 0xDB, 0xA9, 0xBC, 0x31, 0xF9, 0xEE, 0x01, 0xB6, 0xCF, 0x59, 0xC4, 0x2F,
    0x1E, 0x2A, 0xEE, 0x81, 0xCA, 0x7E, 0xD6, 0x28, 0x78, 0xAD, 0xD0, 0x7B, 0x14, 0xF7, 0x39, 0x88,
    0x43, 0x5E, 0xE6, 0x14, 0x83, 0x1B, 0x05, 0x3E, 0x3E, 0xF2, 0x10, 0x71, 0x0F, 0x50, 0xEC, 0x1D,
    0xD6, 0x36, 0xEE, 0x8B, 0x4A, 0x3E, 0xF9, 0xFB, 0x15, 0x3B, 0xCE, 0xAF, 0x3C, 0x17, 0x8B, 0xCC,
    0xB0, 0x16, 0xE4, 0x94, 0xA8, 0x0C, 0x4A, 0x70, 0x55, 0xC0, 0x96, 0xBF, 0x56, 0x06, 0x29, 0x7D,
    0xB7, 0x0A, 0x34, 0xBD, 0xDA, 0x84, 0x44, 0x9B, 0x7D, 0xB0, 0x91, 0x22, 0x39, 0x42, 0x94, 0xAB,
    0x6F, 0x90, 0x67, 0xA2, 0xB7, 0xC8, 0x37, 0x98, 0x10, 0x18, 0x14, 0x71, 0x41, 0x0A, 0x89, 0x22,
    0xF5, 0x11, 0x43, 0x4B, 0x47, 0x61, 0x86, 0x16, 0xBD, 0x35, 0xB2, 0xE8, 0xD9, 0x95, 0x63, 0x14,
    0x7F, 0x8C, 0x5A, 0xF0, 0x6E, 0xA2, 0xC3, 0x5A, 0x69, 0x51, 0x72, 0xC6, 0x6F, 0xEB, 0xC2, 0xC8,
    0x20, 0xCD, 0x22, 0xC5, 0xC6, 0x5C, 0x1B, 0x6A, 0x7B, 0x55, 0x8D, 0x54, 0x33, 0x65, 0x48, 0x3E,
    0x2F, 0x2B, 0x46, 0x61, 0xE0, 0x09, 0x3A, 0x18, 0x2E, 0x2E, 0x73, 0x86, 0x6C, 0xCD, 0x1B, 0x11,
    0x01, 0xBA, 0xC6, 0x61, 0xE5, 0x0C, 0xEB, 0x34, 0xE6, 0x9C, 0x3A, 0x3B, 0xFD, 0x0D, 0x9C, 0x14,
    0x9A, 0xE4, 0x65, 0xD7, 0xB6, 0xE1, 0xEA, 0xE5, 0x40, 0xD8, 0x5D, 0x6C, 0x4E, 0x87, 0xA9, 0x47,
    0xF0, 0x10, 0xFC, 0x7E, 0x65, 0x8E, 0x44, 0x74, 0xDB, 0xEA, 0xA5, 0xE0, 0x33, 0xDC, 0x16, 0x34,
    0xB0, 0xDA, 0xB0, 0xC2, 0x80, 0x15, 0x51, 0xDB, 0x14, 0xDC, 0x57, 0x18, 0x35, 0x17, 0x78, 0x65,
    0x98, 0x75, 0x76, 0x15, 0xEB, 0x76, 0xE4, 0x61, 0xBA, 0xFB, 0xE4, 0xC1, 0x35, 0xFC, 0x5C, 0x37,
    0x08, 0x04, 0x88, 0x46, 0x21, 0x7C, 0x6F, 0x3B, 0x6E, 0x5A, 0xB2, 0x36, 0x2A, 0x04, 0xBB, 0x04,
    0xC6, 0x09, 0x6B, 0x98, 0x08, 0xBD, 0x35, 0xE6, 0xEC, 0xDA, 0xBD, 0x47, 0x78, 0xDF, 0x16, 0x45,
    0x50, 0x06, 0x95, 0xC8, 0xFD, 0x26, 0x32, 0x9C, 0x4C, 0x70, 0xC1, 0x9F, 0xC0, 0xD0, 0xC1, 0xDB,
    0x83, 0x1A, 0x57, 0x99, 0x41, 0x11, 0xCC, 0x50, 0x95, 0x8E, 0xB5, 0xBC, 0xD1, 0xDF, 0xE9, 0x19,
    0xDD, 0xD7, 0xD4, 0xE5, 0x3C, 0xD6, 0x73, 0x1A, 0xE3, 0x64, 0xCD, 0x4C, 0x82, 0xB9, 0x04, 0x27,
    0x6B, 0x47, 0x20, 0x91, 0x29, 0xA3, 0x37, 0x8B, 0xDD, 0xF5, 0x64, 0xE8, 0x19, 0xD7, 0xDB, 0xF3,
    0x19, 0xE0, 0xCA, 0xE4, 0x98, 0x5C, 0xAD, 0x7B, 0x78, 0xAC, 0xD6, 0xA5, 0x83, 0x63, 0xA3, 0xAD,
    0x2D, 0xF2, 0x3E, 0x42, 0xAC, 0x7E, 0x31, 0x25, 0x6F, 0x66, 0x3A, 0xD8, 0xC4, 0xEB, 0x86, 0x24,
    0x6A, 0xF1, 0xA5, 0x25, 0xD4, 0x06, 0x47, 0x27, 0xC0, 0x06, 0x34, 0xD6, 0xE1, 0xB9, 0x7D, 0x5E,
    0x07, 0xCC, 0x0C, 0xC1, 0xFD, 0x44, 0x21, 0xB0, 0x02, 0x73, 0x15, 0x95, 0x32, 0x5B, 0x81, 0x7D,
    0xBC, 0xBB, 0x82, 0x95, 0x22, 0x20, 0x70, 0x75, 0x02, 0x73, 0x36, 0x4D, 0x2D, 0x73, 0xC3, 0xDF,
    0x13, 0x5A, 0x70, 0xFD, 0xAF, 0x45, 0x92, 0x37, 0x06, 0x6B, 0x15, 0x90, 0x5A, 0x3B, 0x0C, 0x19,
    0x40, 0xE6, 0xBA, 0x17, 0x59, 0x85, 0x1D, 0xDD, 0xA8, 0x01, 0xEE, 0xB5, 0x1A, 0xE8, 0xCE, 0x55,
    0x80, 0x07, 0xC7, 0xD0, 0x89, 0x05, 0xCC, 0x8C, 0x13, 0x8A, 0x65, 0x8A, 0x62, 0x69, 0x25, 0x7A,
    0xD3, 0xFE, 0xD5, 0x84, 0xF6, 0x99, 0x5D, 0x30, 0xD9, 0x06, 0xD9, 0xE1, 0x4E, 0x0E, 0x9B, 0x4B,
    0xB9, 0x6B, 0xBB, 0xA9, 0xB3, 0xDC, 0x0D, 0xEB, 0x3B, 0x12, 0x97, 0x71, 0xBD, 0x82, 0xE8, 0x6E,
    0x11, 0xF8, 0x41, 0x69, 0xA0, 0x50, 0x0D, 0x42, 0x93, 0x06, 0x55, 0x64, 0x40, 0x67, 0x72, 0x51,
    0x89, 0x2A, 0xB1, 0xE7, 0x5C, 0xAF, 0x9A, 0x39, 0x65, 0xC1, 0xAD, 0xF0, 0x19, 0x78, 0xC4, 0x6A,
    0xFC, 0xC9, 0x20, 0xBC, 0xBB, 0x11, 0xD6, 0x67, 0x50, 0xD2, 0x49, 0x17, 0xF0, 0x47, 0x75, 0x43,
    0x9B, 0xE9, 0x26, 0x15, 0x47, 0x87, 0xD2, 0xB6, 0xF1, 0xFE, 0x54, 0xD7, 0xD6, 0x5C, 0x45, 0xB8,
    0x68, 0x6C, 0xEA, 0x0D, 0x7E, 0x82, 0x4B, 0xEA, 0x71, 0xB6, 0xC8, 0x8E, 0x16, 0x16, 0x1D, 0x5B,
    0xEC, 0x98, 0xA2, 0x4B, 0xE8, 0x98, 0x8E, 0xF3, 0x26, 0x9C, 0x37, 0x1D, 0x7F, 0x78, 0x77, 0x67,
    0x22, 0x9C, 0xC5, 0x0B, 0xF4, 0xEB, 0x82, 0xEB, 0xEE, 0xD9, 0x3D, 0xA9, 0xA5, 0x7D, 0xB1, 0x39,
    0x20, 0xA4, 0x7A, 0x5D, 0x43, 0x28, 0x81, 0xA1, 0x56, 0x89, 0x0E, 0xF2, 0x58, 0x8B, 0x7C, 0xDE,
    0x6D, 0x83, 0x13, 0x67, 0xC0, 0x35, 0x2D, 0x1B, 0x45, 0x5C, 0x3B, 0xC6, 0xB8, 0x00, 0x83, 0xDC,
    0xC2, 0x57, 0x8F, 0x2B, 0xCD, 0x73, 0xA5, 0x23, 0x77, 0xA3, 0xD7, 0xCE, 0xE9, 0xD0, 0x1C, 0x66,
    0x16, 0xF2, 0x07, 0x65, 0x74, 0xA5, 0x00, 0x2D, 0x95, 0xEC, 0x05, 0x28, 0x1B, 0xCC, 0x97, 0x44,
    0xBE, 0x15, 0xE6, 0xDB, 0xD2, 0xC4, 0x3B, 0xCC, 0x9C, 0x35, 0x28, 0xE1, 0xAE, 0x4B, 0xF3, 0xAE,
    0xDA, 0x9F, 0x06, 0x12, 0x94, 0x43, 0xBD, 0xC2, 0x2F, 0x36, 0x99, 0xE6, 0xEF, 0x03, 0xC9, 0x24,
    0x92, 0xD7, 0xBB, 0x3E, 0x0B, 0xEA, 0x37, 0xAF, 0xCB, 0x54, 0x6D, 0x90, 0xFC, 0xDF, 0xE2, 0x11,
    0x02, 0x91, 0x05, 0x90, 0x58, 0x67, 0xAB, 0x36, 0x83, 0xB6, 0xAF, 0x25, 0xE4, 0xEA, 0xE8, 0xD2,
    0x4E, 0xCB, 0x6E, 0x0A, 0x7A, 0x29, 0x97, 0x68, 0x83, 0x4B, 0x0B, 0xCE, 0xD1, 0x7B, 0xD3, 0x4B,
    0x6C, 0x6D, 0x75, 0xE6, 0xFC, 0x5F, 0xCA, 0xD3, 0x91, 0xD9, 0xBC, 0x88, 0x6B, 0x54, 0xF9, 0x3C,
    0x82, 0x1E, 0x73, 0x61, 0xE1, 0x7A, 0x21, 0xA6, 0xA3, 0x5A, 0xD8, 0xC4, 0x6C, 0xED, 0x9A, 0xE4,
    0xED, 0xEB, 0x09, 0x6E, 0x6F, 0x81, 0xB1, 0xC5, 0xD6, 0x3C, 0xAC, 0xF0, 0x8F, 0xDE, 0x23, 0x59,
    0x53, 0xA8, 0x29, 0xCC, 0x39, 0x27, 0x7E, 0x21, 0x6F, 0x9F, 0x2D, 0x74, 0x9A, 0x89, 0xDA, 0xC7,
    0x80, 0x9D, 0x66, 0x26, 0xC2, 0x08, 0x80, 0x60, 0x6A, 0xDF, 0x4A, 0xBD, 0xBF, 0x93, 0x78, 0x87,
    0x32, 0xFB, 0xE0, 0x6A, 0x0D, 0xB3, 0x93, 0x9F, 0xB9, 0x66, 0xD3, 0xA3, 0x55, 0x12, 0x31, 0xA9,
    0x7D, 0x94, 0xB8, 0x07, 0x6D, 0x3D, 0x19, 0x3C, 0x60, 0xEB, 0xA3, 0x84, 0x91, 0x1B, 0x37, 0xF3,
    0x34, 0xAF, 0x3A, 0x43, 0xD9, 0x40, 0xF6, 0x23, 0x98, 0xB6, 0x34, 0x3E, 0xCA, 0xF5, 0x20, 0x8D,
    0xD3, 0x20, 0x55, 0x69, 0xA8, 0x95, 0x0E, 0x21, 0x5F, 0x00, 0xEE, 0x11, 0xC8, 0x3E, 0x0C, 0xD9,
    0x4F, 0xE2, 0x5A, 0x40, 0xDE, 0x5F, 0xA7, 0xE4, 0x87, 0x85, 0xCB, 0x5D, 0xA3, 0xD7, 0x32, 0xCA,
    0x35, 0xDB, 0xA7, 0xB6, 0x79, 0xC3, 0x55, 0xF6, 0x1C, 0x65, 0x39, 0x13, 0x89, 0x7B, 0x9A, 0x50,
    0x40, 0xAE, 0xB8, 0x78, 0x87, 0x31, 0xF7, 0x64, 0x45, 0xD9, 0x27, 0x83, 0x54, 0xBD, 0x36, 0x6C,
    0x6D, 0x23, 0xF9, 0xC7, 0x7D, 0xF7, 0x3E, 0x31, 0x26, 0x26, 0x12, 0x48, 0x82, 0x4C, 0x24, 0x0E,
    0x84, 0x85, 0x5F, 0x4F, 0x82, 0x6A, 0xC9, 0xED, 0xAE, 0x9F, 0xA0, 0xA7, 0xA3, 0xA7, 0xCD, 0x05,
    0x1C, 0x7E, 0xD5, 0xD2, 0x5A, 0xEF, 0x80, 0x7A, 0xE2, 0x9C, 0x70, 0x78, 0x91, 0xE8, 0x71, 0xAC,
    0x25, 0xAF, 0x61, 0x9D, 0x97, 0x27, 0xC7, 0xC6, 0xD4, 0xF0, 0x34, 0xD6, 0xBD, 0x88, 0x0A, 0x7C,
    0x39, 0x77, 0x39, 0xE6, 0xC0, 0x7A, 0x0B, 0xDE, 0x2E, 0x48, 0xBC, 0x94, 0xD2, 0xFC, 0x53, 0x6D,
    0x7B, 0x7F, 0x1A, 0x7A, 0x93, 0x7F, 0x84, 0x2D, 0xC3, 0x47, 0x17, 0x17, 0x0F, 0x6C, 0x5F, 0x93,
    0xE0, 0xE0, 0x94, 0xC6, 0x4D, 0x09, 0x2E, 0x78, 0xC4, 0xAD, 0x96, 0x0B, 0x1F, 0x08, 0x07, 0x93,
    0xF1, 0xB0, 0xA3, 0x00, 0xFC, 0xE8, 0x3D, 0xD8, 0x55, 0x49, 0x76, 0xCF, 0xCF, 0xC3, 0x7F, 0xF3,
    0x38, 0xCF, 0x3D, 0x6B, 0xEE, 0xF6, 0x92, 0xB2, 0x54, 0xC8, 0xBE, 0x2C, 0xFD, 0xD2, 0x2F, 0x1C,
    0x59, 0x84, 0xA3, 0x0B, 0xD4, 0x05, 0x61, 0x29, 0x2B, 0x01, 0x8F, 0x3F, 0x55, 0x1D, 0x01, 0x2B,
    0xFA, 0x6A, 0xBD, 0x80, 0xF1, 0xD5, 0x66, 0x11, 0x63, 0xDE, 0x6C, 0x52, 0xF0, 0x1F, 0xD3, 0x14,
    0x14, 0x7C, 0xAA, 0x07, 0x86, 0x0B, 0x59, 0x38, 0x3C, 0xB8, 0x3F, 0xE8, 0x15, 0x64, 0xF0, 0x13,
    0x97, 0x8A, 0x53, 0xF5, 0x4E, 0x72, 0x83, 0x59, 0x72, 0x75, 0x59, 0x6C, 0x92, 0xEB, 0x64, 0x31,
    0x89, 0xD4, 0xCA, 0xC4, 0x41, 0x01, 0x9A, 0x76, 0xB6, 0x14, 0x79, 0xA2, 0x31, 0x7C, 0xA8, 0x73,
    0x71, 0xE3, 0xE6, 0x39, 0x23, 0xDE, 0x38, 0xFF, 0x62, 0x2A, 0xFE, 0x26, 0x5F, 0x22, 0xF1, 0x96,
    0xFC, 0x31, 0x08, 0x0C, 0xB6, 0x08, 0x30, 0x85, 0xEB, 0xB6, 0xDD, 0xB3, 0x9D, 0xB1, 0xB6, 0xB5,
    0xB2, 0x72, 0xC0, 0xBB, 0x10, 0xA5, 0x6F, 0xB0, 0x0B, 0x1D, 0x00, 0xB7, 0x0F, 0xD4, 0x5E, 0x83,
    0x54, 0x07, 0xAC, 0xDC, 0xD9, 0xBA, 0x37, 0xBA, 0x32, 0x8B, 0x8F, 0xED, 0x70, 0x51, 0x8E, 0xF7,
    0x48, 0x37, 0x5E, 0x79, 0xCD, 0xFD, 0xAB, 0xC6, 0x1C, 0x98, 0x8E, 0x4D, 0xA1, 0x76, 0xA8, 0x5F,
    0x9A, 0x93, 0x88, 0xF8, 0x0B, 0x88, 0x7E, 0x4B, 0xC0, 0xB2, 0x0E, 0x25, 0x60, 0xF3, 0x1F, 0x21,
    0x0F, 0x7E, 0xA6, 0xDB, 0xA6, 0x1D, 0xAB, 0xB6, 0x6A, 0x1F, 0xA8, 0xE1, 0x18, 0x3F, 0xCF, 0xF1,
    0x77, 0xFC, 0x3F, 0x0B, 0x24, 0xCE, 0x37, 0xFA, 0xBA, 0x71, 0x8F, 0x8C, 0xB8, 0xE4, 0x9E, 0x18,
    0x2B, 0x53, 0x38, 0xD6, 0xC6, 0xA9, 0xF6, 0x91, 0x43, 0x62, 0x07, 0xF4, 0xAB, 0xE7, 0xFA, 0x54,
    0xC0, 0x24, 0xF2, 0xA8, 0x60, 0xED, 0x3A, 0xB2, 0xE6, 0x5A, 0xFB, 0xB8, 0x35, 0x2A, 0xDA, 0xE7,
    0x1C, 0x96, 0x8E, 0xE2, 0x4F, 0x9B, 0x60, 0x5A, 0x45, 0xF4, 0xEE, 0x73, 0xB9, 0xEA, 0x1A, 0x41,
    0x63, 0x3C, 0xD5, 0x5B, 0x5B, 0x95, 0xB6, 0x99, 0x0F, 0xAB, 0x05, 0x68, 0x3C, 0xE6, 0xE7, 0x0A,
    0x4C, 0x93, 0x2A, 0x30, 0xB3, 0x13, 0xB1, 0x59, 0x4F, 0x5E, 0x29, 0x47, 0x94, 0x5B, 0x75, 0x1D,
    0xD1, 0x53, 0x1D, 0x19, 0x99, 0x0C, 0x02, 0xE7, 0x30, 0xD3, 0xFE, 0xD7, 0xC8, 0x9E, 0x21, 0xB8,
    0x27, 0xF9, 0xFC, 0x20, 0x9F, 0x1B, 0x91, 0xC7, 0x26, 0x86, 0x50, 0x5C, 0xA2, 0xEF, 0x77, 0x6C,
    0x63, 0xEF, 0x5A, 0x40, 0x31, 0xEC, 0xD5, 0xF8, 0x0C, 0x46, 0x33, 0x6A, 0xBE, 0x76, 0x74, 0xFA,
    0xDE, 0xE6, 0xEB, 0x30, 0xBD, 0x6F, 0x74, 0xD4, 0x6B, 0x98, 0x6F, 0xBB, 0xD2, 0x57, 0xE4, 0x3B,
    0x65, 0xEF, 0x7F, 0x01, 0xC5, 0x59, 0x41, 0x8F, 0xDD, 0x56, 0x15, 0x3E, 0xB6, 0x33, 0x31, 0xA9,
    0x95, 0xF1, 0x2C, 0x3A, 0x08, 0xA5, 0x49, 0xDC, 0x65, 0x41, 0x99, 0xBA, 0x8B, 0x2C, 0x22, 0x91,
    0xC4, 0x37, 0xA9, 0x50, 0x16, 0x95, 0xE8, 0x2C, 0x66, 0xD4, 0x45, 0x17, 0xE5, 0x1F, 0xB4, 0x88,
    0x91, 0x18, 0xA1, 0x66, 0xEC, 0x69, 0x17, 0x59, 0x12, 0x84, 0x0A, 0x0B, 0x36, 0x91, 0xD8, 0x40,
    0x41, 0x28, 0x48, 0x91, 0x28, 0x68, 0xE6, 0xD9, 0x6D, 0x16, 0x5D, 0xB0, 0x71, 0x55, 0x21, 0x16,
    0x88, 0xD6, 0x52, 0x29, 0x42, 0xD0, 0x56, 0xA6, 0x71, 0x85, 0x1B, 0x9E, 0x9F, 0xF9, 0xBE, 0x73,
    0xDF, 0x7B, 0x33, 0x93, 0x8C, 0x20, 0x9D, 0x79, 0x11, 0x93, 0xF8, 0xFA, 0xCD, 0x1B, 0xDF, 0x7B,
    0xBF, 0x7B, 0xEE, 0xB9, 0xE7, 0x3B, 0xDF, 0xB1, 0xC8, 0xF8, 0xA7, 0x91, 0xA8, 0xBF, 0xD4, 0xCA,
    0x76, 0x50, 0x35, 0x5E, 0xED, 0x35, 0x55, 0x50, 0xBA, 0x7D, 0x16, 0x15, 0xCE, 0x50, 0x92, 0x8C,
    0x8D, 0xA0, 0x49, 0xC5, 0x1D, 0x4A, 0x2E, 0x5E, 0xCB, 0xA6, 0x46, 0x13, 0x54, 0xF8, 0x2E, 0x2C,
    0x24, 0x31, 0xB1, 0x91, 0xF0, 0x9D, 0x4E, 0xC4, 0xED, 0x2B, 0xD9, 0xF3, 0xB3, 0x25, 0x73, 0x66,
    0x4B, 0xF2, 0xF6, 0xBC, 0x57, 0x0F, 0xD6, 0xC2, 0x32, 0x29, 0xA2, 0x22, 0xC1, 0xF3, 0xB8, 0xD0,
    0x35, 0x91, 0x01, 0x2E, 0x8C, 0xEE, 0xB4, 0x12, 0xFD, 0xA9, 0x12, 0xBF, 0x37, 0x7B, 0x3A, 0x7B,
    0x65, 0x3E, 0x0A, 0xDF, 0xAD, 0xA2, 0xCA, 0x7D, 0xAB, 0x0C, 0x0B, 0xF7, 0x36, 0x3A, 0x7B, 0x9F,
    0x48, 0x9C, 0x79, 0xD7, 0x81, 0xCA, 0x37, 0x18, 0xC7, 0x17, 0x0C, 0x10, 0x08, 0xC6, 0x9A, 0x17,
    0x0C, 0x76, 0x5C, 0xA4, 0x93, 0x93, 0x6C, 0xCE, 0x88, 0x8C, 0x64, 0x0D, 0x7F, 0xF8, 0x11, 0x00,
    0x45, 0xF7, 0x8C, 0x8B, 0x6F, 0x64, 0xD1, 0x2C, 0x46, 0x26, 0x2F, 0xD3, 0x50, 0xA2, 0x62, 0x63,
    0x1E, 0xCD, 0xE0, 0x16, 0x46, 0x1E, 0x71, 0xD0, 0x21, 0x06, 0x75, 0xD8, 0x60, 0xA5, 0x92, 0xFA,
    0x0D, 0x46, 0x0E, 0xD1, 0xE4, 0x77, 0x46, 0x99, 0x24, 0x6F, 0x8E, 0x64, 0x9F, 0x1F, 0xA7, 0x7C,
    0xC3, 0x7E, 0xF8, 0xD7, 0x78, 0xFD, 0x69, 0x66, 0xEF, 0x8B, 0xE2, 0xF4, 0x7D, 0x29, 0x69, 0xDF,
    0x4B, 0xF2, 0xE3, 0xA1, 0xFC, 0xF6, 0xB9, 0x0E, 0x13, 0xE4, 0x52, 0xFB, 0xAD, 0xD0, 0x0E, 0x65,
    0x48, 0x13, 0x26, 0x99, 0x49, 0x0A, 0xD8, 0x33, 0xC9, 0xA4, 0x27, 0xEE, 0x24, 0x73, 0x3B, 0x2E,
    0x02, 0x8B, 0xC4, 0xBC, 0xB0, 0x8F, 0x89, 0x2A, 0xBB, 0x01, 0x78, 0xCC, 0x6D, 0xF1, 0x44, 0x2F,
    0x0B, 0x5E, 0xEB, 0x0E, 0xB1, 0x1F, 0x37, 0xBD, 0xC6, 0xAF, 0x83, 0x46, 0xAA, 0xE0, 0xB3, 0xB4,
    0x88, 0x3E, 0x7C, 0xAE, 0x4A, 0xFB, 0xCF, 0x25, 0xE1, 0x9C, 0xBB, 0x7F, 0xCE, 0x45, 0x16, 0xC7,
    0xE9, 0x2D, 0x51, 0x1C, 0x61, 0x2D, 0x8A, 0xC3, 0x31, 0xA2, 0x38, 0x56, 0x57, 0x69, 0xC3, 0xE4,
    0x55, 0xC0, 0x24, 0x8E, 0x57, 0xB3, 0x91, 0xE2, 0xB8, 0x86, 0xC9, 0x2C, 0x8E, 0x7A, 0x8C, 0xA3,
    0x18, 0xE3, 0x30, 0x16, 0x07, 0x1E, 0x53, 0x1C, 0xED, 0x31, 0x51, 0x1C, 0xF5, 0x71, 0xB1, 0x38,
    0x5E, 0x16, 0x8B, 0x63, 0xB8, 0x83, 0x21, 0xAD, 0xE6, 0x7D, 0x58, 0x25, 0x2A, 0x83, 0x5F, 0xE1,
    0xB7, 0xB0, 0xF0, 0xF8, 0x37, 0x0C, 0xB8, 0x2C, 0x32, 0xF7, 0x62, 0xB6, 0xB8, 0x6A, 0x24, 0xEF,
    0x4D, 0xDF, 0x17, 0x5E, 0x93, 0x5C, 0xAA, 0x52, 0x13, 0x94, 0x89, 0x5B, 0x8C, 0xF0, 0x9C, 0xBA,
    0x5D, 0x9C, 0x0D, 0x04, 0x20, 0x12, 0xD3, 0xB1, 0x8B, 0x3A, 0x0D, 0xB6, 0x0A, 0x7F, 0x18, 0xB9,
    0x26, 0xF1, 0x01, 0xC0, 0x97, 0xF8, 0xE3, 0xD1, 0xB5, 0xCF, 0x5F, 0xC0, 0xD2, 0xFA, 0x67, 0xFB,
    0xE9, 0x26, 0x39, 0x40, 0x10, 0xF7, 0x19, 0x0D, 0x07, 0x93, 0xB3, 0x93, 0xC7, 0xA5, 0x0B, 0x07,
    0xC3, 0x3A, 0xE8, 0xC2, 0x58, 0xB0, 0x84, 0x25, 0xDD, 0x47, 0x6F, 0x1D, 0xB1, 0x71, 0xB5, 0x62,
    0x17, 0x8B, 0xA9, 0xB9, 0xD6, 0x6F, 0xB1, 0x6B, 0x2B, 0x15, 0xBA, 0x7A, 0x8D, 0x94, 0xEC, 0xFA,
    0xD9, 0x73, 0x05, 0xBA, 0x62, 0x6B, 0x8B, 0x81, 0x9D, 0xAC, 0xB3, 0x37, 0xBB, 0x66, 0xB7, 0xD1,
    0x5B, 0xA0, 0x0E, 0xE1, 0xEC, 0xEB, 0x35, 0x41, 0x49, 0x78, 0x70, 0x01, 0xA2, 0xCB, 0x08, 0x4E,
    0x14, 0xDB, 0xA2, 0x21, 0xB4, 0x9E, 0x2E, 0xC1, 0xD9, 0x07, 0xDA, 0x76, 0x8A, 0x9E, 0x6E, 0xA9,
    0xA8, 0x52, 0x05, 0x35, 0x50, 0x4C, 0x9D, 0x42, 0x1A, 0x2A, 0xA2, 0x21, 0x01, 0xBD, 0xA9, 0x10,
    0xB8, 0x79, 0x8A, 0x96, 0x6D, 0xCD, 0x36, 0x54, 0xAF, 0xE8, 0x77, 0x63, 0x48, 0xEA, 0xB0, 0x08,
    0x6B, 0x6C, 0x4A, 0x15, 0x64, 0xFC, 0x73, 0x58, 0xAC, 0x62, 0xE1, 0x7D, 0x16, 0x67, 0x38, 0xA5,
    0x7A, 0x4E, 0xED, 0x59, 0x4D, 0x01, 0x63, 0x00, 0x10, 0x1D, 0x20, 0x74, 0x00, 0xD0, 0xFF, 0xA0,
    0x95, 0xF4, 0x95, 0xD6, 0x8E, 0xCF, 0xD1, 0xB9, 0x50, 0x5A, 0x6C, 0x34, 0x31, 0x7C, 0x16, 0x0E,
    0x7B, 0xF8, 0x4E, 0xE1, 0x95, 0xF0, 0xDE, 0xA4, 0xF2, 0x70, 0x7A, 0xE5, 0xEB, 0xB5, 0x87, 0x91,
    0xE5, 0x3B, 0x8D, 0x67, 0xE0, 0xEC, 0xBF, 0x1E, 0xFA, 0x5C, 0xD3, 0xCD, 0x2E, 0xE0, 0xAA, 0xAB,
    0x74, 0x9E, 0xCB, 0x2E, 0x93, 0x6F, 0x62, 0x22, 0xA7, 0x88, 0xFE, 0x8C, 0xB9, 0xDC, 0x22, 0xC4,
    0x74, 0xE2, 0x15, 0xFE, 0x10, 0x73, 0x7A, 0x99, 0xD7, 0xE2, 0x16, 0x64, 0x6E, 0x83, 0xB5, 0xA5,
    0xB5, 0xD4, 0x76, 0x71, 0xE3, 0xD5, 0xE9, 0x9E, 0x4E, 0x57, 0x29, 0xB1, 0x9A, 0x33, 0x68, 0xF7,
    0xB3, 0x3C, 0xA6, 0x55, 0x80, 0x74, 0x22, 0x00, 0x7C, 0x52, 0x14, 0x20, 0xBE, 0x07, 0xC0, 0xCD,
    0x15, 0x21, 0xC0, 0xA7, 0xB1, 0x10, 0x02, 0xC4, 0x8D, 0x00, 0x3B, 0x0B, 0x70, 0xA8, 0x00, 0x01,
    0x82, 0x00, 0x01, 0x82, 0x00, 0xB1, 0xD3, 0x04, 0x08, 0x2C, 0x04, 0x08, 0x2C, 0x04, 0x08, 0x2C,
    0x04, 0x68, 0xB7, 0x7F, 0x02, 0x89, 0x8E, 0x45, 0xA7, 0xB7, 0xC1, 0x21, 0xB5, 0xA0, 0xF7, 0x03,
    0x18, 0xE9, 0x83, 0xB1, 0xB6, 0xE1, 0x38, 0x78, 0xCD, 0x2D, 0x3F, 0x2A, 0xAB, 0x12, 0x7F, 0xDA,
    0xBB, 0xBD, 0xF1, 0xEF, 0xA6, 0x26, 0x45, 0xD7, 0x04, 0x6D, 0x50, 0x33, 0x8E, 0x86, 0xF0, 0xCC,
    0x6D, 0x3D, 0x2D, 0x43, 0x06, 0x33, 0xB6, 0x19, 0xF7, 0x29, 0x36, 0x1D, 0x60, 0x26, 0xA6, 0xFF,
    0x69, 0xC3, 0x7D, 0x7C, 0xB5, 0xDE, 0xB1, 0x97, 0x5F, 0xED, 0x40, 0x8B, 0x09, 0xC9, 0xED, 0xEE,
    0x81, 0x71, 0x3E, 0xE4, 0x03, 0x2F, 0xD3, 0x8C, 0xEC, 0xC1, 0x68, 0x61, 0x1D, 0x3A, 0xAC, 0xD4,
    0x75, 0xD0, 0x7C, 0x97, 0xCD, 0x07, 0x68, 0xDC, 0xDB, 0x74, 0x84, 0xA7, 0xD1, 0x04, 0x74, 0xBC,
    0xD3, 0x6C, 0xF4, 0xFC, 0xAF, 0xD1, 0x5D, 0x2B, 0x00, 0x72, 0x0B, 0x58, 0xD1, 0x2F, 0xE1, 0x21,
    0x49, 0x1B, 0xF6, 0xC5, 0x74, 0x86, 0x08, 0x13, 0x30, 0x20, 0x71, 0xF8, 0x39, 0x5C, 0x08, 0x03,
    0x88, 0x01, 0x0C, 0x00, 0xBA, 0x1E, 0x1E, 0x7D, 0x9E, 0x7B, 0x3D, 0xF4, 0x38, 0xF1, 0xC9, 0x51,
    0xAC, 0xEA, 0xA3, 0x51, 0x86, 0x83, 0x3E, 0x0D, 0xEB, 0x6B, 0x4B, 0x72, 0x01, 0x14, 0x56, 0xA1,
    0x3F, 0x8F, 0x54, 0x52, 0x68, 0x78, 0x50, 0x13, 0xE7, 0x7A, 0xB2, 0x3B, 0x1E, 0x4B, 0x00, 0x01,
    0x2A, 0x9C, 0x18, 0x6C, 0x15, 0x42, 0x66, 0xDA, 0x6B, 0xCF, 0x0B, 0x6D, 0x54, 0xCD, 0x99, 0x45,
    0x93, 0xC3, 0x41, 0xA3, 0x42, 0xFD, 0x1E, 0xFD, 0x36, 0xD0, 0x2B, 0xBF, 0x91, 0x4C, 0xC2, 0xA8,
    0x7F, 0xB9, 0x12, 0xEF, 0xFD, 0xCC, 0xBA, 0xF7, 0x8A, 0xA5, 0x14, 0x90, 0x25, 0xB9, 0x12, 0x54,
    0x39, 0x24, 0x53, 0x92, 0x28, 0x79, 0x36, 0x19, 0xAF, 0xC8, 0x92, 0x24, 0x49, 0x72, 0x24, 0x29,
    0x92, 0x0C, 0x49, 0x82, 0xDC, 0xC3, 0x8F, 0xFB, 0xAE, 0x1D, 0xE0, 0x6A, 0xEC, 0x26, 0xD6, 0xFE,
    0xC0, 0x4C, 0x79, 0x0A, 0xB1, 0x23, 0x1C, 0x58, 0x4F, 0x72, 0x96, 0x05, 0x9C, 0xD9, 0x81, 0x32,
    0x2B, 0x30, 0x26, 0x09, 0x13, 0xE7, 0xCD, 0xCB, 0x48, 0x97, 0x64, 0x4B, 0x92, 0x25, 0xB9, 0x92,
    0x54, 0x49, 0xA6, 0x24, 0x51, 0x92, 0x27, 0x49, 0x93, 0x7B, 0x58, 0x12, 0x06, 0xA5, 0x45, 0x11,
    0xAD, 0x15, 0x17, 0xD8, 0x52, 0x40, 0x96, 0xE4, 0x4A, 0x5C, 0xDB, 0xD8, 0x93, 0x4E, 0x89, 0x92,
    0x3C, 0x49, 0x9A, 0x24, 0x4B, 0x92, 0x24, 0xC9, 0x91, 0x7B, 0x28, 0x32, 0xE8, 0xAD, 0xAF, 0x1F,
    0x3B, 0x8A, 0xB1, 0xE0, 0xC9, 0xF3, 0x81, 0xFE, 0x7A, 0x68, 0x8C, 0x31, 0x7C, 0xEA, 0x6B, 0x3F,
    0xB3, 0x9F, 0x6F, 0xC1, 0x86, 0x0D, 0xAE, 0x85, 0x85, 0x03, 0xE2, 0x0C, 0x30, 0x28, 0x42, 0x80,
    0xAC, 0xCF, 0x1E, 0xA7, 0x3C, 0x6A, 0x09, 0xC1, 0xC1, 0xBE, 0x7B, 0xE6, 0xF0, 0x58, 0x7D, 0x2F,
    0x13, 0xEF, 0x3D, 0x7C, 0x68, 0x67, 0x8F, 0x75, 0x61, 0x4E, 0x64, 0x69, 0xDD, 0x1E, 0x6E, 0x67,
    0x06, 0x58, 0x69, 0x56, 0xBF, 0xB0, 0x6B, 0x3F, 0xF6, 0xE5, 0xD9, 0x62, 0xA5, 0x59, 0x2F, 0x30,
    0x10, 0xC9, 0x6C, 0xEC, 0xBA, 0x2A, 0x5E, 0x5F, 0xCE, 0x5F, 0x69, 0x8E, 0xE0, 0x80, 0xE1, 0xB9,
    0x13, 0x43, 0xFF, 0xDF, 0x6D, 0xF4, 0x4A, 0x93, 0x78, 0xF5, 0x06, 0xE2, 0x50, 0x64, 0xE2, 0xDD,
    0x51, 0x3A, 0x9A, 0x32, 0xE8, 0x57, 0x8E, 0x11, 0x07, 0x7D, 0xE7, 0xFC, 0xA9, 0xA9, 0xCB, 0xCF,
    0x2C, 0x40, 0x46, 0x00, 0x77, 0xE2, 0xF5, 0x71, 0xB0, 0x78, 0xD2, 0x5E, 0x0B, 0x47, 0x0E, 0x1C,
    0x24, 0x27, 0xC8, 0xE7, 0x56, 0x19, 0xEB, 0xCB, 0x09, 0x0F, 0xB8, 0xE5, 0xEC, 0x91, 0x9F, 0xF8,
    0x39, 0x8E, 0x68, 0x67, 0xDD, 0xC8, 0x2F, 0xED, 0x75, 0xF0, 0xF0, 0xAE, 0x80, 0x25, 0x54, 0xAB,
    0xCF, 0xAD, 0xE8, 0xC7, 0x1E, 0x60, 0xFC, 0x7C, 0x15, 0xE0, 0x8E, 0x0F, 0x04, 0xED, 0x99, 0x4E,
    0x6E, 0x88, 0xBC, 0xA4, 0x04, 0xF6, 0x0E, 0xB3, 0x1F, 0x6F, 0xB3, 0x5B, 0x25, 0x5E, 0xA4, 0x20,
    0x72, 0x4A, 0xD3, 0x84, 0xA4, 0xE7, 0x7A, 0x2A, 0x26, 0x09, 0x6E, 0x11, 0x20, 0x11, 0xF1, 0x4D,
    0x50, 0xF9, 0x26, 0x32, 0xD1, 0x87, 0x2F, 0x48, 0x5F, 0xF6, 0xCC, 0x7D, 0x65, 0x75, 0x99, 0x09,
    0x52, 0x3D, 0xFE, 0x44, 0x5A, 0x90, 0xFC, 0x6E, 0x8F, 0x28, 0x1F, 0xDF, 0x46, 0xA0, 0x8F, 0x2F,
    0x37, 0x88, 0xE5, 0x5E, 0x0D, 0xCC, 0x88, 0xCE, 0x06, 0x69, 0x66, 0x22, 0x94, 0x0C, 0x24, 0xCE,
    0xC4, 0x1F, 0x49, 0x16, 0x7F, 0x94, 0xFC, 0x04, 0xC8, 0xA3, 0xDD, 0xE9, 0x5E, 0x80, 0xBC, 0x7B,
    0x70, 0xA5, 0xF5, 0x1A, 0x77, 0x18, 0x54, 0x4E, 0x4D, 0x6A, 0x47, 0xEE, 0x43, 0x76, 0xD2, 0x0C,
    0x20, 0x97, 0x1E, 0x74, 0x11, 0x15, 0xB9, 0xF3, 0x62, 0x99, 0x7A, 0x7D, 0xC3, 0xB4, 0x2B, 0xFA,
    0x10, 0x24, 0x82, 0xFC, 0x79, 0x47, 0x5F, 0xAC, 0x6C, 0x61, 0xD1, 0xBF, 0x94, 0x8B, 0x11, 0x52,
    0xC0, 0x30, 0x93, 0x16, 0xF7, 0x36, 0x06, 0xAD, 0x6D, 0x33, 0x73, 0xE1, 0x1E, 0x88, 0xF7, 0x17,
    0x5C, 0x7D, 0xCB, 0x3C, 0x5F, 0xC2, 0xD7, 0x72, 0xB9, 0xF8, 0x48, 0x7E, 0xFD, 0x02, 0xAE, 0xE4,
    0x12, 0x32, 0xA6, 0xFE, 0xFA, 0x2E, 0x55, 0xB5, 0x59, 0x8B, 0xFB, 0x8F, 0xC2, 0xE6, 0x81, 0x2B,
    0x0F, 0x8E, 0x0F, 0xE9, 0x08, 0xA5, 0xCA, 0xBE, 0xF8, 0xFC, 0xCB, 0x25, 0xE8, 0xD1, 0x88, 0xD3,
    0xD9, 0x31, 0x0F, 0x82, 0x57, 0x62, 0x9C, 0xE8, 0x8B, 0x72, 0x1F, 0x5E, 0xE4, 0x5F, 0x4B, 0x62,
    0xD9, 0x48, 0x62, 0xFA, 0xEA, 0x9C, 0xA6, 0xF5, 0xD8, 0xA4, 0xA4, 0x20, 0xCB, 0x9B, 0x75, 0xEA,
    0xB5, 0x8A, 0x52, 0x0D, 0xB0, 0x73, 0x3E, 0x3B, 0xD8, 0xE6, 0x2E, 0x72, 0x13, 0x46, 0xA0, 0x7F,
    0x52, 0x33, 0x88, 0x1F, 0x49, 0x81, 0xD7, 0x82, 0xCF, 0xBC, 0x06, 0x84, 0x1B, 0x34, 0x60, 0xCB,
    0xB4, 0x9F, 0x64, 0x3C, 0x4B, 0x88, 0x55, 0xE1, 0x55, 0xAC, 0xA3, 0x51, 0x3F, 0x45, 0xD2, 0x29,
    0x94, 0x27, 0xEE, 0x34, 0xBF, 0x5D, 0x34, 0x7E, 0xDD, 0x17, 0x41, 0x75, 0x15, 0xD4, 0x5C, 0x4B,
    0xF8, 0x36, 0x18, 0x17, 0xCB, 0x8D, 0xC0, 0x6E, 0xF1, 0xFB, 0x48, 0x36, 0x9E, 0x45, 0x86, 0x4B,
    0x79, 0x82, 0x4E, 0x1B, 0xCC, 0x38, 0xEC, 0x59, 0x3B, 0x78, 0x8A, 0xC0, 0xD0, 0x46, 0x3F, 0xC5,
    0x47, 0xF7, 0xAE, 0x6E, 0xC2, 0xF8, 0x24, 0x7C, 0xC1, 0x14, 0x01, 0x63, 0x30, 0xAD, 0x0D, 0x60,
    0x98, 0xE0, 0x6F, 0x13, 0x45, 0x40, 0x7F, 0x82, 0xDA, 0xF2, 0x01, 0xDE, 0x59, 0x7D, 0x38, 0x38,
    0x17, 0xE1, 0x03, 0xC9, 0xD0, 0xDE, 0x67, 0x85, 0x59, 0x53, 0x1D, 0x7C, 0x1B, 0x6E, 0x4C, 0x53,
    0x1D, 0xF8, 0x4E, 0xE1, 0xF6, 0x7D, 0xC6, 0x0C, 0xDE, 0x33, 0x6B, 0xE2, 0x30, 0x96, 0x91, 0x12,
    0x2E, 0x62, 0x1C, 0x0D, 0xD9, 0xDC, 0xDF, 0x81, 0x2C, 0x60, 0xAE, 0x5B, 0xC2, 0xA4, 0xB8, 0x93,
    0xF4, 0x4A, 0xA3, 0xFB, 0xB6, 0x27, 0x0D, 0x63, 0x8E, 0x1B, 0x8C, 0xD3, 0x30, 0x68, 0x61, 0x1D,
    0x13, 0x7E, 0xE9, 0x65, 0xE7, 0xC5, 0xA7, 0xB3, 0xD2, 0xB3, 0x4E, 0x8D, 0x65, 0xFD, 0xF3, 0x7C,
    0x6E, 0x38, 0xD6, 0x79, 0x9D, 0xDE, 0xCF, 0xE1, 0xDA, 0x82, 0x0C, 0xB8, 0x1A, 0x94, 0xB2, 0xE7,
    0xEC, 0xAF, 0x9F, 0x46, 0x66, 0xF1, 0xC6, 0x0E, 0xA5, 0x2E, 0xD2, 0x16, 0x85, 0xCD, 0xEF, 0x79,
    0x31, 0xED, 0x4E, 0xCC, 0xCE, 0x61, 0xC3, 0xD2, 0x64, 0x7B, 0x3A, 0xAC, 0x4E, 0xA3, 0x3E, 0x38,
    0xD6, 0x57, 0xB9, 0x99, 0x88, 0xAB, 0xFF, 0x4F, 0x4D, 0xC1, 0x99, 0xD4, 0x15, 0x38, 0xAF, 0x95,
    0x51, 0x76, 0xC7, 0x1F, 0x7A, 0x0D, 0x21, 0xB5, 0x79, 0x73, 0xB4, 0x57, 0x47, 0xE9, 0xED, 0xE1,
    0x15, 0x0F, 0x64, 0x3A, 0x59, 0xA2, 0x25, 0x32, 0x61, 0xAD, 0x62, 0x16, 0xE1, 0x52, 0x37, 0x93,
    0xFA, 0x74, 0xFD, 0xE0, 0xE1, 0x7D, 0x9F, 0x70, 0x89, 0xA8, 0x98, 0x13, 0x7C, 0x52, 0x44, 0x4A,
    0xE2, 0x46, 0xED, 0x94, 0x58, 0x3B, 0xA5, 0x56, 0x4E, 0xE6, 0x56, 0xEA, 0xE5, 0xAB, 0xE9, 0x37,
    0x60, 0x34, 0x90, 0x1E, 0x33, 0x74, 0x6C, 0x87, 0xA3, 0xF2, 0x68, 0x60, 0x25, 0xD2, 0xC8, 0xCA,
    0xA4, 0x8E, 0x92, 0xB6, 0xC1, 0x8D, 0xF1, 0x12, 0x39, 0x53, 0x45, 0xC9, 0x14, 0xDF, 0x5B, 0x4C,
    0x4B, 0xDF, 0xC2, 0x37, 0xE1, 0x7B, 0x2F, 0x96, 0x12, 0x36, 0x58, 0x57, 0x48, 0x86, 0x8D, 0x0A,
    0x34, 0x31, 0xE2, 0x25, 0x2C, 0x80, 0x33, 0xA1, 0x48, 0x12, 0xCE, 0xCC, 0x33, 0xAF, 0x07, 0x51,
    0x07, 0xC7, 0x62, 0x81, 0xA9, 0x1B, 0x10, 0x7A, 0x39, 0x3E, 0xEA, 0xCA, 0xD5, 0x9A, 0x98, 0x04,
    0xFC, 0x94, 0xF6, 0xF7, 0x68, 0xD2, 0xED, 0x71, 0x91, 0xC4, 0xE6, 0x97, 0xD3, 0x52, 0x83, 0xEA,
    0x78, 0xAB, 0xE2, 0x59, 0x64, 0xD0, 0x12, 0x83, 0xEA, 0x77, 0x55, 0xEF, 0xAA, 0xDD, 0xB5, 0xB4,
    0xA0, 0x85, 0x05, 0x2D, 0x2B, 0x50, 0xB3, 0xAB, 0x62, 0x57, 0xBD, 0xAE, 0x6A, 0x5D, 0xA6, 0x85,
    0x83, 0xA0, 0x98, 0x26, 0x46, 0xD4, 0xDD, 0x50, 0xDD, 0x42, 0xCD, 0x4D, 0xC5, 0x4D, 0xBD, 0x4D,
    0xB5, 0x4D, 0xE7, 0xA2, 0xD2, 0x86, 0xCE, 0xA6, 0xCA, 0xA6, 0xC6, 0xBE, 0x91, 0x4C, 0x0B, 0x7F,
    0xB6, 0xFC, 0x40, 0xB0, 0x8E, 0x26, 0x59, 0x2A, 0x9D, 0x39, 0xE0, 0xD2, 0x4D, 0x34, 0x67, 0x9F,
    0x42, 0xF3, 0xE4, 0xCD, 0x89, 0x47, 0x73, 0x8F, 0xE5, 0x37, 0x7C, 0xEE, 0x5D, 0x46, 0xBF, 0xDB,
    0x35, 0x13, 0x7D, 0xAC, 0x7E, 0x9E, 0x16, 0x89, 0x7F, 0x81, 0xE6, 0x7B, 0xAF, 0xFF, 0x17, 0x11,
    0xAD, 0x1B, 0x7C, 0x71, 0xEC, 0xA2, 0xC6, 0x0A, 0xFB, 0xE3, 0xE7, 0x44, 0x4E, 0x3E, 0x01, 0xEF,
    0xBD, 0x85, 0xC9, 0xAF, 0x1F, 0x26, 0x67, 0x9C, 0x98, 0xDB, 0xD6, 0xB5, 0xAC, 0x51, 0x1C, 0x79,
    0xA8, 0x59, 0x98, 0xDD, 0x56, 0x1D, 0xA0, 0x9A, 0x54, 0x40, 0x8E, 0xC8, 0x8C, 0xF2, 0x31, 0xAD,
    0x78, 0xE0, 0x70, 0x09, 0x4B, 0xB6, 0xCB, 0x67, 0x41, 0x06, 0x95, 0xE5, 0x3F, 0x1F, 0x23, 0x86,
    0xE0, 0xBF, 0xAF, 0x82, 0xFF, 0xBE, 0x0D, 0xFE, 0x7B, 0x73, 0x98, 0x7A, 0x97, 0x87, 0xF9, 0x23,
    0xE0, 0xBF, 0x93, 0xE0, 0xBF, 0xA7, 0xC0, 0x7F, 0x25, 0xA6, 0x2B, 0x2C, 0xFF, 0x9D, 0x46, 0xB7,
    0xB3, 0xBB, 0xEA, 0x49, 0x6A, 0x1F, 0x12, 0xA1, 0x03, 0xE3, 0xCC, 0x3D, 0x03, 0x6B, 0x0F, 0xC7,
    0x9C, 0xD7, 0x4B, 0x74, 0x1B, 0x01, 0xF1, 0x19, 0x04, 0xC9, 0x33, 0xF0, 0xFF, 0x35, 0x58, 0xBD,
    0x84, 0xB5, 0x37, 0x2D, 0xE7, 0xF1, 0x3C, 0xAD, 0xED, 0x2D, 0x7B, 0x7F, 0xC0, 0x45, 0xD7, 0xB4,
    0xD3, 0xF9, 0xF3, 0x5C, 0xF9, 0x91, 0xD9, 0x27, 0xE8, 0xDC, 0xC9, 0x4F, 0xD1, 0xF3, 0x0D, 0x18,
    0x61, 0x69, 0xC9, 0xCE, 0x71, 0x70, 0x17, 0x21, 0xA5, 0x48, 0xC4, 0xFD, 0x3A, 0x77, 0x9C, 0x42,
    0x72, 0xE6, 0x58, 0xB5, 0xB4, 0x47, 0xCD, 0x7F, 0xF6, 0xE4, 0xE1, 0x24, 0xD0, 0x55, 0x24, 0x79,
    0x51, 0x84, 0xF1, 0xAE, 0x65, 0x3B, 0x25, 0x62, 0x56, 0x8C, 0x5E, 0xDB, 0x42, 0xE7, 0x73, 0xE8,
    0x7C, 0x76, 0x1C, 0xC6, 0x91, 0x40, 0xC2, 0x75, 0xE9, 0x8E, 0xBB, 0x89, 0xB8, 0x91, 0x12, 0x91,
    0xBF, 0x08, 0x3E, 0x7B, 0xBE, 0x00, 0xFF, 0x72, 0x0C, 0xFF, 0xED, 0xC2, 0xFD, 0xB4, 0x92, 0x5B,
    0xB7, 0xA8, 0x3D, 0x01, 0x2B, 0x6F, 0xBD, 0x7A, 0x18, 0x14, 0xC3, 0x68, 0xB3, 0x8D, 0xAF, 0xD4,
    0x49, 0x6F, 0x92, 0x65, 0x9E, 0x9F, 0xC4, 0x3C, 0x1E, 0xFD, 0xB5, 0xDC, 0x5D, 0xB7, 0x19, 0x30,
    0xA0, 0x23, 0x0D, 0xD3, 0xBA, 0xE3, 0x61, 0x51, 0xD0, 0x40, 0xB0, 0x0F, 0xCC, 0x03, 0xEB, 0x3C,
    0x30, 0x0A, 0xFF, 0x8F, 0xA5, 0xF3, 0xCF, 0x5A, 0xD6, 0xD7, 0x77, 0x8A, 0xE5, 0x5F, 0xA0, 0x74,
    0x26, 0x09, 0x0C, 0xFF, 0xAC, 0xF1, 0x6E, 0x17, 0x62, 0x8C, 0x30, 0x6B, 0xD2, 0x5E, 0xE9, 0x9E,
    0x5E, 0xC8, 0xEC, 0x58, 0x26, 0x1D, 0x21, 0x0D, 0x99, 0x2C, 0x3D, 0xB0, 0x50, 0xCF, 0xE8, 0x46,
    0x7E, 0xD1, 0x49, 0xDD, 0x36, 0xEC, 0x4E, 0x86, 0xE2, 0xFC, 0x8F, 0x7A, 0x1D, 0xF7, 0x39, 0xC6,
    0x21, 0x0F, 0x9E, 0x31, 0xBB, 0xC4, 0xEF, 0xA1, 0x6B, 0x76, 0xDE, 0x1D, 0xF8, 0x61, 0xD3, 0xD8,
    0x83, 0x39, 0x3D, 0x33, 0x07, 0xA8, 0xD9, 0x4D, 0x76, 0x3F, 0xF0, 0xB2, 0x59, 0x61, 0xDB, 0xFF,
    0x8C, 0x1C, 0x00, 0x1B, 0xED, 0x16, 0x7E, 0x3F, 0x13, 0x6E, 0x2C, 0x77, 0x76, 0x92, 0x70, 0x32,
    0xE9, 0x4B, 0x2E, 0xF1, 0x80, 0x21, 0x8B, 0xC6, 0x95, 0x33, 0x61, 0xC0, 0xD6, 0xF4, 0x79, 0x46,
    0x9D, 0x05, 0xB4, 0x06, 0x2A, 0x2B, 0xF3, 0x9A, 0x08, 0x69, 0x58, 0x58, 0x06, 0x4D, 0xD0, 0xA4,
    0xFD, 0x65, 0x46, 0x85, 0xE0, 0xF7, 0x85, 0xF7, 0x41, 0xC9, 0x90, 0xB6, 0xB0, 0x30, 0xB7, 0xBC,
    0x12, 0xDF, 0x19, 0xF9, 0x77, 0x37, 0xFC, 0xF6, 0x02, 0x3C, 0x01, 0x11, 0x02, 0xF1, 0x18, 0x04,
    0x16, 0x65, 0xCC, 0x0F, 0xAC, 0x1B, 0xC8, 0xA4, 0x3E, 0xEE, 0xE0, 0xF8, 0x7B, 0x9B, 0x25, 0xF8,
    0xC6, 0x1C, 0x12, 0x02, 0xA7, 0xC8, 0x6B, 0x29, 0x5F, 0x12, 0xF3, 0xC0, 0x10, 0xEE, 0xDB, 0xED,
    0x99, 0x54, 0x04, 0x77, 0x19, 0x97, 0x31, 0xFE, 0xC0, 0x55, 0xCB, 0xF1, 0x1B, 0x9E, 0x60, 0x44,
    0x59, 0xA4, 0x9C, 0x3C, 0x93, 0xCA, 0x2F, 0xE3, 0x76, 0x82, 0x35, 0xDF, 0x3C, 0x67, 0x95, 0xDC,
    0x41, 0xB1, 0xA5, 0xF0, 0xCE, 0x26, 0x35, 0x5E, 0x19, 0x23, 0x42, 0x9F, 0xD6, 0x61, 0xA9, 0xDA,
    0x3C, 0x86, 0x2B, 0xE6, 0x00, 0x94, 0x67, 0x90, 0xCB, 0x67, 0x28, 0x9D, 0xF0, 0x8F, 0x39, 0x61,
    0x7A, 0xB9, 0x9E, 0x4A, 0x33, 0xE7, 0x86, 0x25, 0x7F, 0x9E, 0x8F, 0xA3, 0xF6, 0x4D, 0xAA, 0xD7,
    0x57, 0xE1, 0x2B, 0x75, 0xB4, 0x59, 0x21, 0x67, 0x0A, 0xE9, 0xFB, 0x48, 0x27, 0x8B, 0x27, 0x82,
    0x72, 0xCB, 0x2F, 0xB7, 0xC3, 0x22, 0xD6, 0xB9, 0x91, 0xEA, 0x50, 0x22, 0x8A, 0x7C, 0x09, 0x33,
    0x20, 0x3F, 0xB9, 0xF0, 0xC2, 0x1F, 0xEA, 0xB3, 0x51, 0x71, 0xF3, 0x25, 0x5C, 0xF7, 0xA9, 0xAD,
    0xDC, 0x9E, 0xC3, 0xDD, 0x6A, 0x8B, 0xAA, 0x3F, 0x1E, 0x43, 0x70, 0x09, 0x81, 0xC5, 0x2B, 0x74,
    0x39, 0xA6, 0xD5, 0x3E, 0x26, 0xEC, 0xEE, 0xE7, 0x78, 0x80, 0xE9, 0x2D, 0xFE, 0x07, 0xEA, 0x39,
    0xC8, 0x61, 0xA7, 0xCE, 0x13, 0xFD, 0x5D, 0x42, 0x15, 0xAC, 0x8F, 0x18, 0x96, 0x94, 0xE1, 0x37,
    0x8F, 0x4F, 0xA3, 0x4F, 0x26, 0x5D, 0x58, 0x39, 0x90, 0x38, 0x4E, 0x8D, 0xBE, 0x0B, 0xFA, 0xC2,
    0x2C, 0xD3, 0x92, 0x49, 0x82, 0x2E, 0x0B, 0x44, 0x44, 0x25, 0x11, 0x4F, 0x14, 0x85, 0x51, 0x84,
    0x2E, 0x11, 0x55, 0xF2, 0x18, 0x96, 0xB7, 0x31, 0xD9, 0xA6, 0xA3, 0xCB, 0x32, 0x18, 0xBA, 0x75,
    0xEA, 0x61, 0x63, 0xB2, 0x94, 0xE0, 0xF9, 0x3E, 0xBE, 0x90, 0x1F, 0x36, 0x62, 0xEB, 0x97, 0x7C,
    0x59, 0xD6, 0xF0, 0xC5, 0x42, 0x9A, 0x3D, 0xD6, 0xCA, 0xEF, 0xCC, 0xDE, 0x57, 0xC1, 0x48, 0x3D,
    0xB7, 0xC4, 0xBE, 0x77, 0xA0, 0x2A, 0xB5, 0xB2, 0x41, 0x45, 0xC3, 0x38, 0x51, 0xC7, 0x72, 0x54,
    0x2E, 0xA8, 0x58, 0x80, 0x54, 0x50, 0xA1, 0xC0, 0x69, 0x52, 0x15, 0x09, 0x56, 0xB7, 0x51, 0x20,
    0x70, 0x16, 0xE8, 0x8F, 0x06, 0x09, 0x57, 0xDA, 0x4F, 0xEC, 0xC6, 0xD7, 0xBC, 0x7C, 0xC7, 0xCB,
    0xD7, 0xE7, 0x50, 0x4C, 0xF7, 0x17, 0x53, 0x56, 0xC4, 0xBF, 0x33, 0x92, 0xE0, 0xE3, 0x1C, 0x8A,
    0x81, 0xB9, 0x34, 0x23, 0xDA, 0x3D, 0xDE, 0xC5, 0xD8, 0x24, 0xA3, 0x6C, 0x43, 0x72, 0x1D, 0xF3,
    0x3F, 0x65, 0x54, 0x31, 0x8F, 0x1B, 0x45, 0x18, 0x7D, 0xBB, 0x76, 0xCE, 0x97, 0x73, 0x9C, 0xB5,
    0x50, 0x2C, 0x39, 0xC6, 0xF6, 0x5A, 0xD1, 0x15, 0xE1, 0xB4, 0xBE, 0x3D, 0xD0, 0x22, 0x36, 0x9C,
    0xBD, 0x3B, 0x3F, 0xC1, 0x48, 0xB1, 0xD2, 0x50, 0xB8, 0xA0, 0x40, 0xD7, 0xE0, 0x44, 0x3E, 0x48,
    0xA2, 0x93, 0x3D, 0x0A, 0x05, 0xAD, 0x41, 0xA2, 0x37, 0x04, 0x09, 0xC9, 0x34, 0x46, 0x44, 0xE8,
    0x24, 0xEE, 0xCE, 0x23, 0xA5, 0x88, 0x44, 0xB5, 0x88, 0x96, 0x62, 0x09, 0x45, 0x5A, 0x17, 0x96,
    0xB8, 0xE2, 0xE2, 0xE1, 0xFB, 0xC6, 0x11, 0x48, 0x64, 0xB5, 0xB3, 0x3B, 0xB3, 0xF3, 0xCD, 0x37,
    0xEF, 0x7B, 0xEF, 0xCD, 0x02, 0x67, 0xF0, 0x91, 0x93, 0xA0, 0x2B, 0xB7, 0x70, 0x64, 0x1B, 0x45,
    0xEE, 0xDA, 0x17, 0xC8, 0x9F, 0xA2, 0xE9, 0xA0, 0x68, 0xF1, 0x30, 0x9F, 0x28, 0x57, 0xAB, 0x70,
    0x04, 0x64, 0x51, 0xBA, 0x3D, 0x3A, 0x2F, 0x75, 0xBA, 0x1D, 0xBD, 0xEC, 0x76, 0x80, 0x7E, 0x35,
    0x7A, 0xE2, 0xA7, 0x14, 0x34, 0x9C, 0x1F, 0x01, 0xF7, 0x9B, 0x17, 0xD1, 0xC0, 0xBB, 0x84, 0x58,
    0xBD, 0xA1, 0x72, 0xAA, 0x86, 0x4D, 0xF8, 0xE2, 0x50, 0x4D, 0x92, 0x87, 0xAA, 0x62, 0x36, 0x78,
    0xA6, 0x1C, 0x07, 0xAD, 0x16, 0x8A, 0x66, 0x93, 0xD0, 0xC5, 0xEE, 0x09, 0x9C, 0x05, 0x2C, 0x01,
    0x2F, 0x0C, 0x1A, 0x41, 0x7A, 0x37, 0xF9, 0x51, 0x7D, 0xC3, 0x58, 0xA2, 0x08, 0xAE, 0x8B, 0xDC,
    0x17, 0x12, 0x42, 0x58, 0x22, 0x93, 0x64, 0x54, 0x50, 0x88, 0x4E, 0x9C, 0xD4, 0x80, 0x49, 0xE3,
    0xF3, 0xBE, 0x47, 0x48, 0x60, 0xAB, 0x3A, 0x42, 0x1C, 0x51, 0x09, 0x43, 0x1E, 0x22, 0xAF, 0x9C,
    0x24, 0x47, 0xB1, 0x39, 0xD1, 0xA6, 0x91, 0x8B, 0x58, 0x0C, 0x31, 0xA0, 0x88, 0x3A, 0xF0, 0xDA,
    0x2C, 0x10, 0xC3, 0x91, 0x76, 0x02, 0xC1, 0x19, 0x5D, 0x71, 0x64, 0x00, 0x9E, 0x15, 0x28, 0x4F,
    0x19, 0xBE, 0x0C, 0x88, 0x87, 0xF9, 0x62, 0xBA, 0x40, 0x8A, 0xC4, 0x4A, 0x2C, 0xC2, 0xE4, 0x28,
    0x47, 0x65, 0x94, 0x8B, 0x6D, 0x64, 0xEF, 0xA7, 0xE9, 0x00, 0x97, 0x71, 0x05, 0x73, 0x51, 0xA2,
    0x5A, 0x0B, 0xD4, 0xE3, 0xEB, 0x32, 0x46, 0xA2, 0x46, 0xAB, 0xE3, 0xC4, 0x0C, 0x27, 0xBC, 0x76,
    0x5F, 0xC5, 0xB4, 0xC1, 0x4D, 0x02, 0x11, 0x20, 0x92, 0x3E, 0xF5, 0xDF, 0x9A, 0x0F, 0x79, 0x96,
    0xB8, 0x8D, 0x5C, 0x41, 0xCF, 0x18, 0xCF, 0xD5, 0x6F, 0xEA, 0x17, 0x79, 0x1D, 0x15, 0xB4, 0x09,
    0xEE, 0x98, 0xA1, 0x12, 0xD8, 0x4C, 0x72, 0x47, 0xCD, 0x29, 0x3E, 0x27, 0x9B, 0x68, 0x21, 0xEE,
    0xB8, 0x94, 0x35, 0x18, 0xCC, 0x7A, 0xA5, 0xAE, 0x88, 0xB5, 0xDC, 0xCB, 0x88, 0x9E, 0x8D, 0x0F,
    0xB2, 0xDF, 0x7F, 0x78, 0x6B, 0x01, 0xCC, 0x9A, 0xED, 0xA5, 0x9F, 0x5C, 0xA2, 0x95, 0x99, 0x73,
    0xE7, 0xA4, 0x5D, 0x67, 0xD5, 0x48, 0x99, 0xA5, 0x51, 0x06, 0x99, 0xA5, 0x73, 0xD1, 0xBA, 0x6A,
    0x28, 0x77, 0x3F, 0x17, 0x23, 0x8D, 0x3F, 0x5F, 0x72, 0xBF, 0x74, 0x7B, 0x4E, 0x42, 0xC6, 0x3A,
    0x3D, 0x98, 0xF2, 0x9E, 0xB1, 0xA6, 0x44, 0x38, 0x98, 0x4A, 0xBA, 0xFF, 0x27, 0x79, 0xAC, 0xD5,
    0xCE, 0x54, 0xCE, 0xB5, 0x4E, 0xA7, 0xD3, 0xE9, 0x04, 0x44, 0x59, 0x5E, 0xE1, 0x94, 0x68, 0x43,
    0x84, 0xB5, 0x5F, 0x0C, 0x79, 0xD4, 0xAE, 0x52, 0xF3, 0xA8, 0x05, 0xD4, 0x48, 0x2C, 0x4B, 0xD1,
    0xEE, 0x4C, 0x30, 0x0D, 0x6B, 0xAC, 0x38, 0xB5, 0x19, 0xB5, 0x84, 0xB5, 0x7B, 0x7D, 0x45, 0x83,
    0x5A, 0xD1, 0x2B, 0xD4, 0x06, 0x94, 0x54, 0xEC, 0xD9, 0x32, 0xFA, 0x81, 0xD1, 0x1A, 0x6C, 0xB2,
    0x67, 0x8B, 0x49, 0x06, 0x73, 0x8D, 0xEB, 0x1F, 0x7D, 0xF6, 0xC7, 0xA3, 0xCD, 0x92, 0x70, 0xC9,
    0xB7, 0x37, 0x88, 0xC7, 0x20, 0xF4, 0xBC, 0x49, 0x65, 0xFA, 0x5D, 0x85, 0x91, 0xBD, 0xAA, 0x02,
    0x18, 0xC1, 0x15, 0x39, 0xC5, 0xE2, 0x66, 0x16, 0x8E, 0x7A, 0xE5, 0x6A, 0xE7, 0x91, 0x8C, 0xB5,
    0xE8, 0xAF, 0x8C, 0xF9, 0x4E, 0xBC, 0x81, 0x89, 0x3C, 0x46, 0xEB, 0x6F, 0x75, 0xF2, 0x22, 0x79,
    0xF0, 0x94, 0x10, 0x91, 0x91, 0x4E, 0x8D, 0x9D, 0x88, 0x9E, 0xAE, 0xF0, 0xB5, 0x0A, 0x6C, 0xD9,
    0x20, 0x7B, 0x12, 0x73, 0x7A, 0x49, 0xCF, 0x9D, 0xE9, 0x64, 0x67, 0x3A, 0xF6, 0x66, 0xE1, 0x22,
    0x48, 0x1B, 0xE3, 0x12, 0xE6, 0x54, 0x9A, 0xC3, 0x59, 0x36, 0x91, 0x3F, 0xA7, 0xE4, 0xEA, 0xAE,
    0x86, 0x2D, 0x4C, 0xDE, 0x01, 0xA7, 0xA6, 0xE7, 0xC6, 0x97, 0xCA, 0xD7, 0xF2, 0xF0, 0x0C, 0x90,
    0xB0, 0x53, 0xD8, 0xC6, 0x1C, 0x16, 0x84, 0xFB, 0x5C, 0x45, 0x5A, 0x34, 0x9A, 0xD8, 0xB2, 0x10,
    0xBF, 0x10, 0x9F, 0x6A, 0x74, 0x3E, 0xA6, 0x99, 0x72, 0x6F, 0xB4, 0x78, 0xD7, 0xC4, 0xD0, 0xE9,
    0x40, 0xD5, 0x70, 0x33, 0xCF, 0xA7, 0x2B, 0x2A, 0x6E, 0x6B, 0x62, 0x89, 0x2D, 0x94, 0xB7, 0x29,
    0x93, 0xCD, 0xBB, 0x48, 0xFE, 0xF6, 0x18, 0xF8, 0x95, 0xDF, 0x3C, 0xE6, 0xEF, 0x3C, 0xCF, 0x71,
    0xFC, 0x8D, 0xD7, 0x31, 0x04, 0xCE, 0xC4, 0xE4, 0xC0, 0x9B, 0x4D, 0x06, 0xC4, 0x84, 0xB3, 0x88,
    0x8E, 0xFB, 0xD5, 0x1C, 0x1D, 0x51, 0x0B, 0x37, 0x84, 0x4F, 0x44, 0xBE, 0x63, 0x30, 0xDB, 0x72,
    0x48, 0x8A, 0xDA, 0x72, 0x0D, 0xDF, 0x25, 0xBB, 0xF6, 0xD6, 0xD2, 0x0E, 0x0A, 0x70, 0xEB, 0xF0,
    0xF7, 0xD1, 0xBB, 0x67, 0x26, 0x6B, 0xF9, 0x7C, 0xB3, 0xC8, 0x47, 0xDE, 0xC2, 0x7B, 0x70, 0x93,
    0x03, 0x79, 0xC5, 0x7C, 0xF6, 0x4F, 0xF7, 0x9E, 0xBE, 0xFD, 0xCC, 0x3F, 0x65, 0x53, 0x04, 0x88,
    0x65, 0x86, 0xEA, 0x2C, 0x72, 0xB1, 0x21, 0x5B, 0xC0, 0x91, 0xD6, 0x31, 0x6C, 0xAD, 0x29, 0xB4,
    0xD4, 0xC1, 0x9A, 0x05, 0x22, 0xA9, 0x80, 0x5D, 0x61, 0x3D, 0x41, 0xEE, 0xDF, 0x89, 0x52, 0xB7,
    0x2B, 0xC8, 0x6B, 0x8A, 0xDE, 0xDC, 0x27, 0x87, 0xEA, 0x35, 0x67, 0x2B, 0x81, 0x6D, 0x47, 0xAF,
    0xBE, 0x5E, 0x34, 0xF1, 0x89, 0x56, 0x94, 0xB8, 0x0B, 0x54, 0x56, 0x63, 0xCE, 0xF9, 0x92, 0xE4,
    0xA6, 0x7B, 0xB0, 0xF6, 0x95, 0x89, 0x26, 0x35, 0x38, 0xC7, 0x1D, 0x53, 0xD9, 0x46, 0x27, 0xA0,
    0x5F, 0xCB, 0xB7, 0xEA, 0x61, 0xC2, 0x33, 0xD5, 0xF4, 0x7D, 0x3A, 0xE0, 0xBB, 0xB4, 0x5F, 0x76,
    0xB3, 0x5C, 0xF5, 0xC2, 0x16, 0x36, 0x44, 0x98, 0xF4, 0xD3, 0xBE, 0xDA, 0xA7, 0xE8, 0xED, 0x4E,
    0x98, 0x06, 0xC9, 0x3D, 0xF5, 0x20, 0x35, 0xB1, 0x63, 0x3E, 0xBA, 0x1C, 0x8B, 0x0E, 0x66, 0x1B,
    0xE9, 0x7F, 0x79, 0xAE, 0x91, 0x36, 0xB7, 0x64, 0x3B, 0x39, 0x54, 0xF4, 0xD3, 0xA2, 0x71, 0xF9,
    0x2B, 0x51, 0xFF, 0x59, 0x79, 0x3F, 0xC9, 0xF0, 0x2F, 0x11, 0xFC, 0xCE, 0x30, 0xCA, 0xE3, 0x5A,
    0xC7, 0x33, 0x47, 0x3F, 0x4B, 0x0A, 0xDC, 0xA4, 0xF7, 0x9E, 0x39, 0x02, 0x0D, 0x11, 0x8E, 0x3D,
    0x59, 0x13, 0xEC, 0xFD, 0x6B, 0xC5, 0x82, 0x74, 0xF0, 0x26, 0x1E, 0xAB, 0x7F, 0x00, 0xBD, 0x7B,
    0x4D, 0x8C, 0xDD, 0x56, 0x96, 0xDE, 0xE1, 0xA3, 0x4A, 0xEC, 0x98, 0x56, 0x51, 0x06, 0x54, 0x4E,
    0xA3, 0x65, 0x89, 0x06, 0x92, 0x85, 0x81, 0x29, 0x9B, 0x8D, 0x44, 0x40, 0xAA, 0x31, 0x25, 0x91,
    0x96, 0x16, 0x5E, 0x78, 0xE1, 0x42, 0x46, 0x35, 0xC6, 0xC0, 0xC9, 0xC8, 0xC0, 0x64, 0x35, 0x48,
    0x46, 0x15, 0xB4, 0x82, 0x76, 0x00, 0xA9, 0x48, 0xD9, 0x40, 0xB4, 0x30, 0x10, 0x6B, 0x31, 0x5E,
    0x75, 0x90, 0x56, 0x90, 0xCE, 0xA2, 0xED, 0x00, 0xAE, 0x49, 0x1B, 0x68, 0x05, 0x5D, 0xF5, 0x48,
    0x49, 0x0B, 0x07, 0xF0, 0xC2, 0x94, 0x8D, 0x6E, 0x2F, 0x8C, 0xC9, 0x50, 0xB6, 0x6C, 0x27, 0xED,
    0x4E, 0x9B, 0x96, 0xA8, 0x36, 0x25, 0x91, 0x8F, 0xF9, 0xBE, 0x73, 0xF9, 0x5E, 0x55, 0xC9, 0xB2,
    0xAD, 0x9F, 0xEA, 0x29, 0x9B, 0xB7, 0xAA, 0x54, 0x8F, 0x97, 0xE7, 0x9E, 0x7B, 0xEE, 0x77, 0xBE,
    0xF3, 0x43, 0x11, 0x7C, 0xD9, 0x25, 0x86, 0x1A, 0xD7, 0x3C, 0xAE, 0x6D, 0x32, 0xE8, 0xBA, 0x46,
    0xE2, 0x57, 0x57, 0x25, 0x8C, 0xE6, 0x24, 0x96, 0x7D, 0xB8, 0x44, 0x86, 0xB8, 0xBA, 0xD7, 0x70,
    0x75, 0x62, 0x35, 0x22, 0x03, 0x5C, 0x36, 0x6E, 0xB1, 0x2B, 0xC9, 0xED, 0xD2, 0xCA, 0xDC, 0x6B,
    0xCF, 0x65, 0x69, 0xD7, 0x25, 0x62, 0x49, 0x24, 0xEE, 0x85, 0x42, 0x2F, 0xCB, 0x8A, 0x38, 0xFD,
    0xFD, 0xCC, 0x17, 0x76, 0x5D, 0x75, 0xE0, 0xE8, 0xAF, 0xCB, 0x7D, 0x41, 0xB6, 0xB2, 0x14, 0x24,
    0x2B, 0x98, 0x43, 0x24, 0xC4, 0xBD, 0x71, 0x9A, 0x4B, 0xFA, 0x46, 0x2D, 0x23, 0xDC, 0xD9, 0xE2,
    0x3F, 0x8C, 0x98, 0xA7, 0x19, 0xD4, 0x83, 0xDA, 0xA9, 0x77, 0x97, 0x61, 0x17, 0xEA, 0xB3, 0x45,
    0xDC, 0x42, 0xC4, 0x8F, 0xCC, 0xDA, 0x76, 0x1A, 0x59, 0xC2, 0x57, 0xCF, 0x62, 0x9E, 0x7D, 0x9B,
    0x64, 0x69, 0x71, 0x41, 0x86, 0xB1, 0x2C, 0x03, 0x23, 0x8B, 0xAA, 0xC6, 0xC5, 0xF7, 0xB4, 0x33,
    0xB3, 0x89, 0xDF, 0x45, 0xD2, 0xFA, 0x99, 0x53, 0xBA, 0xB9, 0x97, 0x39, 0x49, 0x90, 0x88, 0x8A,
    0x14, 0x2F, 0x46, 0xF8, 0x4C, 0x22, 0x23, 0x7C, 0x64, 0x7C, 0xA5, 0xB8, 0xC2, 0xE4, 0x41, 0xF1,
    0x6F, 0xAC, 0x8A, 0xD3, 0x15, 0x32, 0xF9, 0x0A, 0xF0, 0xD7, 0x36, 0xC8, 0xAC, 0xD2, 0xCB, 0xEC,
    0xD2, 0x8D, 0xF8, 0x9C, 0x01, 0x6F, 0xE8, 0x72, 0x4C, 0x84, 0x5F, 0x3C, 0x08, 0x63, 0x8D, 0x64,
    0x0A, 0xC2, 0x1D, 0xC0, 0x7F, 0xA1, 0x9C, 0x90, 0xE0, 0x62, 0x33, 0x99, 0x63, 0xD0, 0xD5, 0x12,
    0x67, 0x7C, 0x2C, 0x84, 0x8F, 0x55, 0xFC, 0x96, 0xC2, 0x43, 0x76, 0x88, 0x0E, 0x2D, 0x62, 0x42,
    0xC8, 0x0D, 0xB1, 0x53, 0xCC, 0xBA, 0x73, 0xA7, 0xAC, 0x1E, 0x97, 0xD5, 0x55, 0xFE, 0x70, 0xB7,
    0xF7, 0x06, 0x58, 0x91, 0xDD, 0x18, 0x4D, 0x38, 0xA5, 0xB9, 0xA8, 0x4F, 0x0F, 0x82, 0x7A, 0x19,
    0x94, 0x81, 0x2B, 0xE0, 0xD5, 0x6B, 0x41, 0x37, 0xA6, 0x5F, 0xF9, 0xC8, 0x28, 0x94, 0x8A, 0xDC,
    0x8D, 0xDB, 0xE2, 0xA4, 0x5F, 0x3C, 0x76, 0x14, 0x33, 0xB8, 0xAF, 0x52, 0xA1, 0x8E, 0xAA, 0xDD,
    0xA5, 0xD2, 0x65, 0x5A, 0xC7, 0x1D, 0x83, 0x16, 0xF3, 0x3C, 0x62, 0x43, 0x4C, 0x99, 0xB5, 0x2B,
    0x4C, 0x34, 0xE7, 0x94, 0x98, 0xFA, 0x98, 0x5B, 0x86, 0x89, 0x94, 0x5E, 0x11, 0x46, 0x83, 0xC2,
    0xCB, 0x43, 0x39, 0x9A, 0x79, 0xD9, 0x48, 0xBA, 0x24, 0xF8, 0xA0, 0x91, 0xA1, 0xD5, 0x75, 0xA7,
    0xFB, 0xE9, 0xB1, 0x40, 0xEC, 0x30, 0xD6, 0x18, 0xE6, 0x94, 0x09, 0x37, 0x41, 0x22, 0xDD, 0x21,
    0x95, 0x6E, 0xA8, 0xF2, 0x75, 0x5D, 0x77, 0x1D, 0x12, 0xBE, 0x36, 0x4A, 0x33, 0x3C, 0xB5, 0xF5,
    0x72, 0xAC, 0xBD, 0x71, 0x0B, 0xBB, 0xB6, 0x38, 0x56, 0x83, 0xDA, 0x83, 0x11, 0xDA, 0x55, 0x90,
    0xB9, 0x95, 0x73, 0x3D, 0x85, 0x2A, 0xC2, 0xEE, 0x32, 0x05, 0xAF, 0x84, 0xB6, 0x28, 0x34, 0x46,
    0x51, 0x6B, 0xD4, 0x99, 0x75, 0x62, 0x35, 0x48, 0xB5, 0x48, 0x35, 0x49, 0xB5, 0x46, 0x69, 0x2C,
    0x6A, 0x16, 0xBF, 0x0E, 0x6A, 0xA8, 0xD6, 0xE1, 0x10, 0x76, 0xF6, 0xD8, 0x94, 0x54, 0x37, 0xE2,
    0x70, 0x53, 0x3D, 0xD1, 0x93, 0xA7, 0xD2, 0xE7, 0x10, 0x7E, 0x99, 0x33, 0x9F, 0xC5, 0xA4, 0x03,
    0x9A, 0x84, 0x8B, 0x87, 0x0C, 0x1F, 0xA7, 0xDC, 0xAB, 0x1C, 0x68, 0x1D, 0x4D, 0x4A, 0x3B, 0xC5,
    0xD3, 0xED, 0x3A, 0xCC, 0xB0, 0x3F, 0x7E, 0x8E, 0x6D, 0xF3, 0x70, 0xEC, 0x2A, 0xA7, 0x86, 0xBC,
    0x56, 0x3B, 0x7E, 0xC6, 0xB2, 0x1A, 0x1C, 0x07, 0x47, 0x77, 0x20, 0xE2, 0x33, 0xB0, 0xB7, 0x71,
    0xE6, 0x17, 0x78, 0x06, 0x76, 0x31, 0xE6, 0x16, 0xC6, 0x92, 0x66, 0x32, 0x1C, 0x60, 0xBF, 0x5B,
    0x0F, 0xB3, 0x36, 0xF3, 0x21, 0x9E, 0x51, 0xC6, 0xF8, 0x70, 0x32, 0x14, 0x7B, 0x84, 0x7D, 0x82,
    0xEC, 0x18, 0x4A, 0xAC, 0xC8, 0xAD, 0xEC, 0x16, 0xCF, 0xA0, 0x71, 0x4C, 0x61, 0x3E, 0xDF, 0xCA,
    0xC4, 0xFF, 0x5C, 0x64, 0xFB, 0x4F, 0xCD, 0xFE, 0xB6, 0xDE, 0xC8, 0x2F, 0x07, 0x95, 0x5B, 0xDA,
    0x38, 0x25, 0x4E, 0x62, 0x57, 0x1E, 0x24, 0x9D, 0xC5, 0x74, 0x73, 0xD0, 0x0A, 0x2C, 0x81, 0x7A,
    0xA2, 0x35, 0x50, 0x6B, 0x58, 0xD4, 0x0C, 0x96, 0x19, 0x96, 0xC6, 0x8E, 0xD6, 0x37, 0x30, 0xCE,
    0x82, 0x1C, 0xE2, 0xA9, 0x64, 0xD8, 0x43, 0xDD, 0xC2, 0x21, 0x6F, 0x69, 0xB9, 0x81, 0xD8, 0x72,
    0x5A, 0x6C, 0x2B, 0x7A, 0xF8, 0xB9, 0x6D, 0x50, 0x01, 0x87, 0x12, 0x2A, 0x75, 0xAF, 0x3D, 0x0B,
    0x15, 0x60, 0x8B, 0x8D, 0xAD, 0x8A, 0xCD, 0x89, 0x6D, 0x2E, 0xDE, 0xD6, 0x07, 0xD0, 0x78, 0xC5,
    0xE7, 0x5F, 0x42, 0x0E, 0xBF, 0x20, 0xF8, 0xBD, 0x87, 0xC1, 0xBE, 0x40, 0x0B, 0x3F, 0x84, 0x61,
    0x9A, 0xF6, 0xFE, 0x38, 0xE1, 0x28, 0xA4, 0x1D, 0xBE, 0x89, 0xA7, 0x58, 0x05, 0xA7, 0xA7, 0xB5,
    0xB8, 0x19, 0xCE, 0x6A, 0x58, 0x79, 0x5D, 0x02, 0x2C, 0xC1, 0x61, 0x7A, 0xB5, 0x82, 0x6C, 0x4B,
    0x90, 0x6A, 0x69, 0x1D, 0xD7, 0x68, 0x04, 0x69, 0x64, 0x35, 0x7E, 0x36, 0x68, 0x60, 0x4A, 0x34,
    0xA7, 0x8A, 0x67, 0x3D, 0x4C, 0xDC, 0x6B, 0x1D, 0x64, 0xBB, 0x4C, 0x1C, 0xC2, 0xAA, 0x7E, 0x52,
    0x4A, 0x78, 0x08, 0x73, 0xD8, 0xBC, 0x2A, 0x19, 0xBA, 0xA5, 0x74, 0x69, 0x02, 0xF3, 0xC4, 0xBD,
    0x34, 0x4A, 0xE8, 0xB0, 0xC6, 0x55, 0x79, 0xA5, 0x5D, 0xFA, 0xB9, 0x7B, 0x2D, 0x4D, 0x52, 0x18,
    0xEE, 0x7D, 0x61, 0x98, 0xD7, 0xC1, 0x7E, 0xAC, 0x8F, 0x8F, 0x02, 0x9D, 0x73, 0x1C, 0xDF, 0x41,
    0x86, 0xB3, 0x6B, 0x67, 0x50, 0xB1, 0x1D, 0x41, 0xC5, 0x0E, 0x55, 0xEC, 0x71, 0xC2, 0x1D, 0x9C,
    0x71, 0x96, 0x53, 0xCE, 0x71, 0xCE, 0x15, 0x4E, 0x5A, 0x60, 0xD6, 0x7F, 0xF8, 0xAB, 0x67, 0x5B,
    0x1E, 0x85, 0x2E, 0xDA, 0x0F, 0x2D, 0xCA, 0x31, 0x7E, 0x1C, 0xE7, 0xC0, 0x15, 0xE8, 0xF2, 0x81,
    0xFB, 0x73, 0x1D, 0xDD, 0x47, 0xDD, 0x17, 0x5D, 0x26, 0x41, 0x94, 0x46, 0xB8, 0xC5, 0x8D, 0x62,
    0xA1, 0xF0, 0xD9, 0x90, 0x67, 0xC0, 0xCA, 0x5B, 0x9E, 0x02, 0x29, 0xDB, 0x59, 0x8C, 0xD6, 0x8D,
    0x11, 0xC1, 0xC2, 0xE6, 0x5A, 0x20, 0xC0, 0x87, 0x35, 0xC1, 0x26, 0xB8, 0x50, 0xF1, 0x69, 0xB1,
    0x4D, 0xBC, 0xB0, 0x5A, 0xA7, 0xE4, 0xCA, 0xA0, 0x3E, 0xAC, 0xD2, 0x2B, 0x7D, 0x1E, 0x8E, 0x30,
    0xE9, 0x5A, 0x3D, 0x73, 0xFC, 0xD8, 0x08, 0x9F, 0x09, 0xB0, 0x27, 0xD0, 0x73, 0x31, 0xC6, 0x33,
    0xDC, 0xF1, 0x00, 0x66, 0xF4, 0xEB, 0x1E, 0xC7, 0x88, 0x6B, 0x41, 0xB6, 0x07, 0x37, 0x1E, 0x20,
    0x96, 0x9C, 0x1C, 0x89, 0x8B, 0xBD, 0xEB, 0xAD, 0x74, 0xCB, 0x0E, 0x91, 0xEC, 0xB2, 0x30, 0xE3,
    0x59, 0x97, 0xAA, 0xE2, 0x01, 0xFF, 0xDE, 0x69, 0xD9, 0xEA, 0x67, 0x6C, 0x25, 0xAE, 0x60, 0xF3,
    0x4B, 0xE2, 0x37, 0xAD, 0x85, 0xFB, 0x44, 0x1B, 0x99, 0xA6, 0x8D, 0xEC, 0xE0, 0xEE, 0x3E, 0x32,
    0x50, 0xE4, 0xC6, 0x30, 0x47, 0xDB, 0x3B, 0x46, 0xE3, 0x2B, 0xE1, 0x37, 0x06, 0x05, 0x0E, 0x23,
    0x40, 0x3B, 0x07, 0x66, 0x63, 0x41, 0x43, 0x21, 0x4A, 0x9B, 0x55, 0x96, 0x92, 0x02, 0x17, 0x4B,
    0x0B, 0x6B, 0x0A, 0x4B, 0xA2, 0xE3, 0x8F, 0x4A, 0x07, 0xDA, 0xFF, 0x61, 0x35, 0x0D, 0x61, 0x7E,
    0x5E, 0x3D, 0x82, 0xCD, 0xFD, 0xA8, 0xDE, 0x87, 0xA7, 0xBC, 0xDB, 0xAC, 0xE0, 0x24, 0x9E, 0x6F,
    0xE0, 0x0B, 0x07, 0xE7, 0x46, 0xE7, 0xE1, 0xAC, 0xB2, 0xEE, 0x10, 0xFC, 0x55, 0x32, 0xA2, 0xD7,
    0x8A, 0x1A, 0x3A, 0xAE, 0x04, 0x3B, 0x2E, 0x69, 0xB1, 0x82, 0xFD, 0xE5, 0xA2, 0xDB, 0xB1, 0xFE,
    0xFC, 0x89, 0xFE, 0x60, 0xEB, 0x43, 0xC2, 0x49, 0xF7, 0x5A, 0xAA, 0x9E, 0x80, 0x46, 0x39, 0x1C,
    0x23, 0x09, 0x07, 0x83, 0x24, 0x46, 0x7F, 0x8D, 0x82, 0x7F, 0x34, 0x76, 0xDB, 0x96, 0xBA, 0x7E,
    0x87, 0x8E, 0xBB, 0x0A, 0x12, 0xE8, 0x28, 0xB2, 0xEB, 0x18, 0xB7, 0xA5, 0xB8, 0x6B, 0x04, 0xF7,
    0x08, 0x03, 0xC1, 0xE5, 0xE5, 0x29, 0x5C, 0x63, 0x88, 0xB3, 0xE4, 0xAB, 0xDB, 0xCE, 0xFB, 0x85,
    0x9A, 0xC3, 0x71, 0xF4, 0x9E, 0x81, 0xCD, 0xEC, 0x41, 0xD8, 0x71, 0x2A, 0x38, 0xF0, 0x37, 0x80,
    0x1E, 0x58, 0x78, 0x8C, 0x3F, 0xF1, 0x1A, 0xE2, 0x67, 0x58, 0x3D, 0x98, 0x45, 0x6E, 0x75, 0x58,
    0x7D, 0x1B, 0x8D, 0x8F, 0xD9, 0x9D, 0xB3, 0x98, 0x0D, 0xBE, 0xFB, 0x9B, 0x58, 0x8C, 0x61, 0x65,
    0x9F, 0x94, 0xFB, 0x7C, 0xB2, 0x32, 0x38, 0xC3, 0x5B, 0x09, 0xC0, 0xB0, 0xBF, 0x79, 0x03, 0x22,
    0x91, 0x47, 0x50, 0x93, 0xF7, 0xEB, 0x1F, 0x44, 0x16, 0x17, 0x8C, 0xD5, 0xE0, 0x63, 0x11, 0xD7,
    0x04, 0xA5, 0x5F, 0x1F, 0x1E, 0xCD, 0x82, 0x6C, 0x0D, 0x24, 0x21, 0x6A, 0xED, 0x32, 0x95, 0x06,
    0xDB, 0x61, 0x71, 0x00, 0x1B, 0x2C, 0x53, 0x3C, 0xA2, 0x08, 0xED, 0x32, 0xC8, 0xFC, 0x4F, 0xAF,
    0xA9, 0xF2, 0x70, 0x86, 0x3D, 0xAE, 0x24, 0xA5, 0x0D, 0x2E, 0x1E, 0xE6, 0x4F, 0xAD, 0x5F, 0x89,
    0x0F, 0x75, 0x60, 0x03, 0xE1, 0x8C, 0x9D, 0x6A, 0x96, 0x12, 0x03, 0xD8, 0xAC, 0x8E, 0xCF, 0x55,
    0x0B, 0x48, 0x75, 0x13, 0x21, 0x99, 0x73, 0x14, 0xFF, 0xB6, 0x87, 0xA0, 0xF1, 0x82, 0x57, 0xC2,
    0x35, 0x38, 0x15, 0xBC, 0xB8, 0x0B, 0x4C, 0xAE, 0x74, 0x6F, 0xEE, 0xD8, 0x7F, 0x8D, 0xBE, 0xCE,
    0x7F, 0x5D, 0x57, 0xFF, 0xC5, 0x67, 0xFA, 0x32, 0x66, 0x07, 0xD3, 0x1C, 0x76, 0x40, 0x85, 0x7E,
    0x97, 0xA8, 0x61, 0x3A, 0x70, 0x0C, 0xF0, 0x70, 0xD8, 0x5B, 0x2F, 0x77, 0x38, 0xE0, 0x80, 0x79,
    0x39, 0xA4, 0xF2, 0x0A, 0x9C, 0x5A, 0xA7, 0xA3, 0xE0, 0x7F, 0x49, 0x49, 0x75, 0x77, 0x36, 0x30,
    0x95, 0x14, 0x3F, 0x71, 0x27, 0x07, 0xDD, 0xCD, 0xEE, 0x4B, 0xE8, 0x31, 0xCE, 0xE2, 0x04, 0xFF,
    0x16, 0x02, 0x70, 0x53, 0x6E, 0x5F, 0xCA, 0xED, 0x8B, 0x31, 0xB4, 0xA2, 0x03, 0xD9, 0x8C, 0x52,
    0x19, 0x0E, 0x10, 0x90, 0x8C, 0x06, 0x96, 0xC5, 0x81, 0xE7, 0x0E, 0x03, 0x64, 0xE0, 0x00, 0x29,
    0x38, 0x40, 0x0E, 0xF7, 0xDA, 0x91, 0x6B, 0x47, 0x0A, 0x5D, 0x05, 0x94, 0xF1, 0x87, 0x7E, 0xD0,
    0x65, 0xF3, 0xA0, 0x9E, 0xF3, 0x1C, 0x37, 0xDF, 0xE6, 0xCD, 0xB7, 0x39, 0xF3, 0x6D, 0x1F, 0x14,
    0xD7, 0xC8, 0x01, 0x50, 0xDF, 0x7D, 0x50, 0xC4, 0xD2, 0x84, 0xA8, 0xC2, 0x94, 0x3A, 0xC3, 0xC6,
    0x05, 0x1E, 0x17, 0x5E, 0xB7, 0x00, 0xF9, 0x03, 0x05, 0xA4, 0xC7, 0x06, 0xFD, 0xFB, 0x7D, 0x27,
    0xB1, 0x7A, 0xEB, 0xCA, 0xEA, 0x89, 0xB3, 0x72, 0x67, 0x43, 0x9F, 0x43, 0xE9, 0x49, 0x74, 0xCA,
    0xBD, 0xE5, 0x3C, 0x66, 0x26, 0xF8, 0x57, 0xCC, 0x45, 0x42, 0xED, 0x5D, 0x24, 0xA7, 0xF6, 0xDE,
    0x25, 0xAD, 0xF6, 0x2E, 0x90, 0x59, 0x87, 0x2F, 0x61, 0xCF, 0x7E, 0x3F, 0x22, 0xBF, 0xEE, 0x2E,
    0xC7, 0xB4, 0x96, 0x8A, 0x64, 0x75, 0xFD, 0xF8, 0xC5, 0xFD, 0x06, 0xF5, 0x52, 0x19, 0x1E, 0x70,
    0x0B, 0x87, 0xF8, 0xFD, 0x48, 0x39, 0xC4, 0xC4, 0x8F, 0xD5, 0x3E, 0xE3, 0x88, 0x62, 0x50, 0x90,
    0x9F, 0xF3, 0xAC, 0x43, 0x5B, 0x0F, 0xBC, 0x5E, 0xC1, 0xD7, 0xF3, 0xDC, 0x97, 0xC6, 0xD8, 0xBD,
    0x7C, 0x0F, 0x0C, 0xE1, 0x00, 0x4D, 0xF1, 0x49, 0x40, 0x5B, 0x0F, 0x4A, 0x13, 0x4F, 0xE3, 0x12,
    0x51, 0xB2, 0xF8, 0x69, 0x60, 0xE5, 0x93, 0xB5, 0xF2, 0x11, 0x22, 0x60, 0xEC, 0x91, 0xF7, 0x0C,
    0x3D, 0x12, 0x9F, 0x4E, 0xC9, 0x32, 0x1C, 0xF5, 0x00, 0xBB, 0x13, 0x62, 0x84, 0x9F, 0xC0, 0xE9,
    0x05, 0x08, 0x26, 0x34, 0xC5, 0x20, 0x21, 0x69, 0xF6, 0xC1, 0x27, 0x5C, 0x9C, 0xED, 0x21, 0x9D,
    0xC5, 0x7A, 0xCC, 0x63, 0xA5, 0x10, 0xC5, 0xBB, 0xCE, 0xCD, 0x4F, 0x74, 0xCF, 0x5B, 0x0E, 0xE4,
    0xE9, 0xDC, 0xED, 0xF0, 0x20, 0x06, 0xEF, 0x66, 0x4D, 0x76, 0x02, 0x75, 0x84, 0x24, 0x62, 0xF1,
    0x53, 0x18, 0x46, 0xD8, 0x61, 0xBB, 0xA1, 0xFB, 0x29, 0x7D, 0x75, 0xDF, 0xF8, 0xDC, 0x4C, 0xA4,
    0x4C, 0xC2, 0x81, 0xCF, 0xF3, 0xE0, 0xCF, 0x82, 0x84, 0xC7, 0xAA, 0xD5, 0xD9, 0x52, 0xCA, 0x4A,
    0xD9, 0x5D, 0xF8, 0x93, 0x9F, 0x8D, 0xE0, 0x67, 0xBA, 0x0D, 0x8B, 0x7C, 0x18, 0x34, 0x95, 0x2C,
    0xA3, 0x83, 0x9B, 0x3C, 0xAD, 0x6C, 0xD8, 0xDB, 0x7D, 0x5A, 0xF6, 0xDC, 0x68, 0x24, 0xC8, 0x31,
    0x47, 0x16, 0xAB, 0x61, 0x86, 0x1A, 0x28, 0x98, 0x39, 0x03, 0xAB, 0x16, 0xEF, 0x14, 0x6C, 0xAD,
    0x77, 0x00, 0x32, 0x05, 0xAF, 0x51, 0x3B, 0x79, 0xEB, 0x25, 0x6D, 0xF0, 0x64, 0x13, 0x3E, 0x57,
    0xC4, 0x5D, 0x02, 0x45, 0x2D, 0x0F, 0xEA, 0x70, 0x50, 0x07, 0xA7, 0x4A, 0xB7, 0x53, 0x8E, 0xBD,
    0x08, 0xF5, 0x66, 0x3B, 0x20, 0x3B, 0xF6, 0x03, 0x88, 0xB2, 0x4C, 0x1E, 0x1A, 0x2B, 0x18, 0xB6,
    0x12, 0xA5, 0xCF, 0x45, 0x41, 0xBB, 0xAE, 0x78, 0xDC, 0xF0, 0x54, 0x65, 0x50, 0x52, 0x51, 0x13,
    0x07, 0xE3, 0x2F, 0xE1, 0x4D, 0x6E, 0x76, 0x58, 0x5D, 0x8A, 0xD5, 0x51, 0x9A, 0x54, 0x0F, 0x09,
    0x57, 0xC8, 0x2B, 0x1C, 0x94, 0x12, 0x9C, 0x02, 0x50, 0x8D, 0x64, 0x5D, 0xAA, 0xCA, 0xB9, 0xD8,
    0x78, 0x49, 0x43, 0xA9, 0xA0, 0x19, 0x48, 0xB5, 0x60, 0x2C, 0xF4, 0xD1, 0xE0, 0xD7, 0xB9, 0x6B,
    0xC4, 0x3F, 0x2C, 0x0B, 0xD6, 0x82, 0xDD, 0x61, 0xA7, 0xAA, 0xE9, 0xE0, 0xA5, 0xF2, 0xEC, 0xF1,
    0x6D, 0xFE, 0x85, 0xB2, 0x3C, 0x26, 0xDE, 0x5B, 0x1F, 0xD2, 0x44, 0xFE, 0xEE, 0xD3, 0x42, 0xD9,
    0x21, 0xC3, 0xE5, 0x67, 0xDE, 0xC2, 0x18, 0xF8, 0x18, 0xE7, 0xF6, 0xFB, 0xA7, 0x8A, 0xE8, 0xF8,
    0x6A, 0x70, 0xE8, 0x46, 0x16, 0x16, 0xA1, 0x8C, 0x35, 0xA1, 0x6B, 0xCC, 0x7D, 0xA7, 0xDC, 0x0B,
    0x7B, 0x43, 0x08, 0x73, 0x24, 0x61, 0x04, 0xEB, 0x65, 0x3B, 0xDD, 0x1C, 0x8C, 0xAA, 0x0E, 0xB2,
    0x58, 0xA5, 0x9B, 0x89, 0x76, 0x49, 0x97, 0x0D, 0xB1, 0x0E, 0x68, 0x33, 0x82, 0xEC, 0xBC, 0xAC,
    0x75, 0x7F, 0x05, 0xC4, 0x96, 0x16, 0xE1, 0x61, 0x77, 0xF5, 0x86, 0xC4, 0x2F, 0xB6, 0xEB, 0x9B,
    0xB5, 0xF2, 0xA0, 0x48, 0x75, 0xCC, 0x38, 0x83, 0x6D, 0xF7, 0x36, 0xCF, 0xD4, 0xC2, 0x4C, 0x14,
    0x94, 0x69, 0xE6, 0x96, 0xFB, 0xB1, 0x01, 0x2B, 0xE2, 0xBD, 0x0B, 0x22, 0xF8, 0x59, 0x82, 0x35,
    0xC2, 0x10, 0x5E, 0x29, 0xA0, 0x43, 0xB2, 0x6F, 0xB0, 0xF7, 0x41, 0xA3, 0x58, 0x24, 0x33, 0x88,
    0xE1, 0x89, 0x9A, 0xB3, 0x7E, 0x22, 0x73, 0xC0, 0xCC, 0x31, 0x52, 0xAC, 0x40, 0x93, 0x05, 0x18,
    0x42, 0xB6, 0x26, 0xBB, 0x71, 0xB8, 0xD3, 0xA8, 0x3B, 0xBD, 0x36, 0x8E, 0x67, 0x67, 0x22, 0x6B,
    0x01, 0x71, 0x3B, 0xDC, 0x40, 0x90, 0xFB, 0x98, 0xAF, 0x80, 0xAB, 0xFA, 0xE3, 0xF2, 0xF5, 0x42,
    0x7E, 0xF8, 0xC5, 0x3B, 0xB9, 0xFC, 0xFC, 0xEA, 0x2B, 0x99, 0x7C, 0xD8, 0x21, 0x0C, 0x38, 0xDF,
    0xFA, 0xC9, 0xEE, 0x73, 0x75, 0x00, 0xFC, 0x2B, 0x83, 0xFF, 0xB3, 0x26, 0xBC, 0xC3, 0x08, 0x39,
    0x25, 0x01, 0x98, 0xAA, 0x5B, 0x06, 0x91, 0x0B, 0xFD, 0x32, 0xB4, 0xF5, 0x3E, 0x4E, 0x21, 0xE4,
    0x08, 0x14, 0x02, 0x8B, 0x4D, 0xFA, 0xC5, 0xCA, 0x08, 0xA6, 0x90, 0x46, 0x1B, 0xCC, 0xB0, 0x68,
    0xBD, 0x2C, 0x0E, 0xA2, 0x18, 0x16, 0x8B, 0xBF, 0xE0, 0x48, 0xC1, 0x38, 0xC2, 0x41, 0x15, 0x3C,
    0x55, 0x98, 0x0D, 0x9F, 0x8A, 0x0E, 0x4B, 0x70, 0xB5, 0x13, 0xF7, 0x77, 0x71, 0xE4, 0x82, 0xA9,
    0x78, 0x65, 0x3F, 0x3D, 0x4E, 0x8D, 0x8F, 0xB5, 0x50, 0x97, 0xFD, 0xD4, 0xA7, 0xE3, 0x7E, 0x3D,
    0xD6, 0xC2, 0x8C, 0xB8, 0x35, 0x8E, 0xF8, 0x97, 0x47, 0xB2, 0x41, 0xAB, 0xB0, 0x53, 0x90, 0x22,
    0xE3, 0xCA, 0x9C, 0xC2, 0xCF, 0xDC, 0x22, 0x88, 0xBC, 0x1C, 0x27, 0x0F, 0xC0, 0xE6, 0xC3, 0x54,
    0x94, 0x20, 0xF7, 0x7E, 0x5F, 0x11, 0xAC, 0xDC, 0x64, 0x93, 0x45, 0xE3, 0x65, 0xAB, 0x41, 0xB4,
    0x73, 0x82, 0x94, 0x6A, 0x93, 0x0B, 0x13, 0x9B, 0x84, 0x88, 0x56, 0x14, 0x5C, 0x05, 0x1F, 0x70,
    0x47, 0xE9, 0x8F, 0x6A, 0xB7, 0x0A, 0xCF, 0xD7, 0x10, 0x93, 0xF0, 0xBB, 0xCC, 0x47, 0xAE, 0x01,
    0x50, 0x92, 0xC6, 0x29, 0xA0, 0x05, 0x28, 0x27, 0x6A, 0xDC, 0x1C, 0x9B, 0xEE, 0xDE, 0xC0, 0xAE,
    0xDB, 0x4D, 0xFF, 0x98, 0x29, 0x78, 0x6D, 0x0F, 0x30, 0x84, 0xB0, 0xAC, 0x66, 0x7C, 0x86, 0x73,
    0xDD, 0x80, 0x49, 0x8F, 0xE0, 0x2E, 0xE3, 0x47, 0xF0, 0x34, 0xE0, 0x7F, 0x08, 0x37, 0x0E, 0x6F,
    0x2C, 0x7E, 0x62, 0x5C, 0xE9, 0x0E, 0x91, 0x9D, 0x67, 0x4D, 0xF4, 0x17, 0x26, 0xB2, 0xF1, 0xCB,
    0x21, 0x5E, 0xF8, 0xAF, 0x70, 0x41, 0xDB, 0xFB, 0xD8, 0x79, 0x66, 0xED, 0xB0, 0x32, 0x37, 0x98,
    0xD0, 0x28, 0x8E, 0xBC, 0x73, 0x8D, 0x9F, 0x84, 0x07, 0x01, 0xB8, 0xD0, 0xB4, 0x9F, 0xE1, 0xEC,
    0x07, 0xC9, 0x32, 0x03, 0x8E, 0x65, 0x07, 0xDA, 0x8D, 0xDD, 0x62, 0x4D, 0xC2, 0x37, 0x2E, 0xD5,
    0xD0, 0x4D, 0xD7, 0x87, 0x14, 0xFA, 0xD4, 0xC7, 0xA8, 0x9F, 0xFD, 0x27, 0xF8, 0xDB, 0x65, 0xD5,
    0xB2, 0x15, 0x39, 0x58, 0x8C, 0xB4, 0x7B, 0x61, 0xE1, 0x73, 0x86, 0xDF, 0x84, 0x7D, 0x3E, 0x85,
    0x79, 0x8B, 0x9B, 0xE0, 0xCB, 0x70, 0x17, 0xEE, 0xA1, 0x46, 0x96, 0xAD, 0xEE, 0x2E, 0xAC, 0xFF,
    0x66, 0x14, 0xBF, 0x78, 0x53, 0x13, 0x2B, 0x8A, 0x26, 0x4E, 0x63, 0xB0, 0x7F, 0x87, 0xF4, 0xC6,
    0x3A, 0x23, 0x31, 0x2D, 0x20, 0x5F, 0x86, 0x6C, 0x6B, 0x6A, 0x60, 0xD0, 0xAF, 0xF8, 0x1F, 0xC0,
    0x21, 0xDC, 0x00, 0xFC, 0x0E, 0xAA, 0x9E, 0x2F, 0xDE, 0x88, 0x98, 0x80, 0xEA, 0x4F, 0xB0, 0xB5,
    0xD0, 0x71, 0x27, 0xB0, 0x09, 0x88, 0xA9, 0x22, 0xEE, 0xC4, 0x93, 0xF0, 0x48, 0x40, 0x3C, 0xD8,
    0x1F, 0x22, 0x84, 0x6C, 0xC8, 0xBF, 0x91, 0x7B, 0x25, 0xAD, 0x5F, 0x76, 0x51, 0x77, 0xB5, 0x3B,
    0x7A, 0x39, 0x86, 0xC1, 0x17, 0xF7, 0x31, 0xC1, 0x6F, 0x39, 0x41, 0x6D, 0x3C, 0xB7, 0xC9, 0x3B,
    0x99, 0x68, 0x9D, 0x8C, 0x8F, 0xF1, 0xA6, 0x6E, 0xFE, 0x62, 0x14, 0x76, 0xE5, 0x7E, 0x37, 0xDF,
    0x17, 0xCA, 0x43, 0x70, 0xB1, 0x5D, 0xE1, 0x7D, 0x82, 0x90, 0xBB, 0x0D, 0x92, 0x11, 0x34, 0x05,
    0xAF, 0x6B, 0xAB, 0x93, 0x83, 0x29, 0xCE, 0x44, 0xD0, 0x30, 0x90, 0xA0, 0xC0, 0x92, 0x41, 0x90,
    0xE0, 0xAA, 0x18, 0x66, 0x7A, 0x1D, 0x74, 0xE1, 0xBF, 0x5F, 0x87, 0x12, 0x9C, 0x6C, 0x62, 0x6A,
    0x16, 0x2A, 0x7E, 0x12, 0x83, 0x7F, 0xA1, 0x4A, 0xCF, 0x80, 0xB6, 0x87, 0x59, 0xBF, 0x02, 0x61,
    0x58, 0x9A, 0xD0, 0xD2, 0xE9, 0xFC, 0x81, 0xAE, 0x47, 0x4A, 0xC8, 0x0C, 0xD5, 0x0F, 0x01, 0xB6,
    0x5E, 0xEE, 0x8F, 0x01, 0x16, 0xF8, 0xEF, 0x3B, 0xC5, 0x5E, 0x65, 0x29, 0xF2, 0x6C, 0x45, 0x92,
    0xEA, 0x94, 0x3B, 0xDD, 0x02, 0xA6, 0x8C, 0xA7, 0xC4, 0xB5, 0x39, 0xF1, 0x16, 0xCE, 0x65, 0xE9,
    0xC3, 0xA2, 0xCA, 0x35, 0x2F, 0x73, 0x2F, 0xC1, 0xB3, 0x7B, 0xEF, 0xC1, 0xE2, 0xBD, 0xCF, 0x70,
    0xD0, 0xE0, 0xB2, 0x31, 0xDF, 0xDB, 0x85, 0x97, 0x05, 0x2F, 0xC3, 0xEC, 0xC3, 0xA7, 0x60, 0x56,
    0x38, 0x0F, 0xAB, 0x44, 0xA8, 0xB1, 0x37, 0x9D, 0x3A, 0x4C, 0x0F, 0x98, 0xD9, 0x35, 0x09, 0xBC,
    0x9F, 0x50, 0xA7, 0x70, 0xC2, 0xEA, 0x15, 0x65, 0x94, 0x82, 0x76, 0x20, 0x10, 0xAC, 0xB0, 0x8A,
    0x22, 0x3D, 0x13, 0x66, 0x61, 0xB6, 0x21, 0x13, 0x14, 0x98, 0x2C, 0x50, 0x74, 0xA7, 0x2E, 0x03,
    0x5F, 0xD5, 0xBC, 0xE0, 0xE9, 0xE5, 0xDC, 0x9D, 0x3B, 0x1A, 0xB7, 0x8F, 0xF1, 0xB7, 0xB7, 0x0B,
    0x8A, 0x11, 0x4A, 0x48, 0xBE, 0x58, 0x13, 0xE7, 0x4B, 0x2C, 0xB9, 0x81, 0xF5, 0x11, 0x87, 0x8A,
    0x78, 0x03, 0x0E, 0x8D, 0x2D, 0xBA, 0x51, 0x8B, 0x36, 0x56, 0x38, 0xCE, 0x36, 0xE6, 0xB2, 0xEE,
    0x73, 0x34, 0xA5, 0x81, 0x7F, 0xD9, 0x2B, 0x77, 0xE1, 0x65, 0x6F, 0x41, 0xA2, 0x88, 0x8C, 0xE9,
    0xAB, 0x48, 0x84, 0x4D, 0xC6, 0x6E, 0x39, 0x19, 0x28, 0xD6, 0xF3, 0x80, 0x66, 0x67, 0xA4, 0xC4,
    0x3F, 0x28, 0xBE, 0x6B, 0x97, 0xF3, 0x76, 0x71, 0xC0, 0xC1, 0xC6, 0x18, 0x29, 0x9C, 0xC2, 0x2B,
    0xA8, 0xC3, 0x99, 0xA8, 0x03, 0xD5, 0x09, 0xA2, 0x30, 0x0A, 0xD5, 0x3B, 0xAF, 0xE1, 0xA9, 0xC0,
    0x51, 0xC5, 0x93, 0xFD, 0xC7, 0x97, 0x57, 0x67, 0x5F, 0xF8, 0xE6, 0xCF, 0x68, 0xE2, 0x0F, 0xE7,
    0xD6, 0x64, 0xE5, 0x60, 0x62, 0x08, 0xEB, 0x03, 0xB5, 0x32, 0x9A, 0x98, 0x22, 0xEA, 0xF2, 0xA6,
    0xF4, 0x2C, 0xCE, 0xFB, 0xC0, 0xE4, 0x66, 0x73, 0x49, 0x7B, 0xE7, 0xB3, 0xA8, 0xB9, 0x4C, 0xFC,
    0x32, 0x4B, 0x10, 0x9E, 0x23, 0x02, 0xEF, 0x23, 0xD4, 0x2C, 0xC5, 0x90, 0x76, 0x25, 0x05, 0x03,
    0x2F, 0xD6, 0x9C, 0x72, 0x90, 0x21, 0x2C, 0xDC, 0xCD, 0x21, 0x8D, 0x60, 0xAD, 0x38, 0xF7, 0x3D,
    0x73, 0xA0, 0xF3, 0x81, 0x29, 0xE2, 0x36, 0x9C, 0x3D, 0x66, 0xCB, 0x98, 0xFC, 0x01, 0xBA, 0x8B,
    0x77, 0xA3, 0xFB, 0x99, 0x78, 0xBF, 0x19, 0xA5, 0x99, 0x9F, 0x81, 0x7E, 0x11, 0x7E, 0xF1, 0x29,
    0xFC, 0x04, 0x66, 0x04, 0xD4, 0xD3, 0x04, 0xB6, 0xDC, 0xD3, 0x56, 0x7F, 0xD5, 0xE5, 0x98, 0xAF,
    0xB6, 0x0F, 0x52, 0x13, 0x75, 0xF7, 0x77, 0xED, 0xBA, 0xC5, 0xC4, 0x98, 0xCA, 0xFD, 0x19, 0x32,
    0x59, 0xF7, 0x41, 0x3D, 0x66, 0x6D, 0x91, 0x03, 0x7B, 0xA0, 0x98, 0x4A, 0xE7, 0xD9, 0x2A, 0x17,
    0x73, 0xD7, 0xF2, 0x3C, 0x66, 0x8A, 0x32, 0x8A, 0xC7, 0xC5, 0x38, 0x79, 0x39, 0xFE, 0xF2, 0x73,
    0xEE, 0x43, 0x0C, 0x60, 0x89, 0x85, 0xE9, 0x08, 0x3F, 0xA2, 0x9B, 0xF6, 0x18, 0x67, 0xF4, 0xE3,
    0x1E, 0x98, 0x8B, 0x57, 0xCC, 0xE3, 0xC8, 0xF8, 0xC5, 0x31, 0x8C, 0x61, 0x01, 0xA7, 0x52, 0xFF,
    0xF2, 0x52, 0x2E, 0xD6, 0xF5, 0xF7, 0xAF, 0x26, 0xB0, 0xEF, 0x53, 0x1D, 0xC3, 0x5B, 0xFA, 0x08,
    0xAB, 0x75, 0xB8, 0x58, 0x50, 0x5B, 0xAC, 0x17, 0x34, 0x51, 0xD2, 0x27, 0x81, 0xCD, 0x7E, 0x52,
    0x3B, 0x99, 0x97, 0x35, 0x76, 0xE6, 0x66, 0x8D, 0x13, 0xB9, 0xD9, 0xAA, 0x2B, 0x4E, 0xDE, 0x4C,
    0x8B, 0xF3, 0x2E, 0xE2, 0x75, 0xFB, 0x83, 0x13, 0x4B, 0x20, 0xE7, 0xCB, 0x4C, 0x10, 0x01, 0x95,
    0xED, 0x7C, 0x3F, 0x67, 0x6B, 0x8C, 0x03, 0xC3, 0xA2, 0x03, 0xC0, 0xD1, 0x7C, 0x3C, 0x2D, 0x8F,
    0xA6, 0x30, 0xB2, 0xF4, 0xAF, 0x8D, 0xA1, 0x36, 0xFE, 0x7A, 0x8C, 0xA5, 0x71, 0x16, 0x28, 0xC5,
    0x35, 0x58, 0x25, 0x82, 0xAB, 0xA9, 0x85, 0x5D, 0xD0, 0xE1, 0x15, 0xC8, 0xE4, 0xDC, 0xC0, 0x7C,
    0x4E, 0x3D, 0x36, 0x4B, 0x58, 0x1D, 0x8C, 0x31, 0x8B, 0x53, 0x2C, 0x79, 0x88, 0x40, 0x20, 0x59,
    0x23, 0xE2, 0xAD, 0xB1, 0x2C, 0x10, 0x1F, 0x21, 0x82, 0x6F, 0x20, 0xF9, 0x16, 0x45, 0xB0, 0x10,
    0x44, 0x84, 0xC0, 0x79, 0xDA, 0x5A, 0x88, 0x43, 0x47, 0x2A, 0xFF, 0x02, 0xF4, 0x4C, 0x03, 0x49,
    0xA9, 0x4E, 0x49, 0x9F, 0xBB, 0xAE, 0x18, 0xCA, 0x44, 0x6D, 0xC3, 0x00, 0x89, 0x42, 0x11, 0x5D,
    0xF8, 0xB3, 0x6D, 0x46, 0x04, 0x36, 0x92, 0xB9, 0x88, 0xFB, 0x5E, 0x4F, 0x10, 0xA7, 0x05, 0x13,
    0xB2, 0xBD, 0x20, 0x33, 0x38, 0x33, 0x4E, 0x47, 0xEC, 0x7D, 0x0A, 0x11, 0xD7, 0x01, 0x1B, 0x81,
    0x77, 0x63, 0x89, 0xF7, 0x49, 0x7B, 0x98, 0xFC, 0x19, 0xCE, 0xFF, 0x3C, 0xA6, 0xF5, 0x5F, 0xC4,
    0x00, 0x94, 0x1C, 0x40, 0x88, 0xEE, 0x08, 0x64, 0x08, 0x9A, 0xB1, 0x90, 0x5A, 0x6E, 0x53, 0xFE,
    0xB7, 0x97, 0xC2, 0xFC, 0x80, 0xC3, 0xDF, 0xD0, 0x37, 0x5C, 0x64, 0x9A, 0xE4, 0xD7, 0x0D, 0x79,
    0x08, 0x86, 0xE9, 0xE3, 0x30, 0x82, 0xD9, 0x55, 0x40, 0xC0, 0xB1, 0x1A, 0x67, 0xB2, 0xAC, 0x62,
    0x19, 0x5C, 0xAC, 0x42, 0x71, 0xCE, 0x95, 0x71, 0x12, 0x5E, 0xB9, 0x42, 0xA6, 0xBE, 0xCB, 0x1C,
    0x1D, 0x72, 0x6F, 0x07, 0xAA, 0xDA, 0x81, 0xEB, 0x71, 0x28, 0x0F, 0xB8, 0x2C, 0x9F, 0xBD, 0x93,
    0x0D, 0xDE, 0x7E, 0x25, 0xB3, 0x9F, 0x79, 0x26, 0xF7, 0xBC, 0x67, 0xCA, 0xF0, 0x27, 0x61, 0xC3,
    0x18, 0x56, 0x29, 0x86, 0xC6, 0xB1, 0x04, 0x9A, 0x5F, 0x66, 0x8A, 0x34, 0x1F, 0x30, 0xE5, 0x22,
    0x03, 0xB2, 0xFE, 0xA1, 0x38, 0x8C, 0xBC, 0x86, 0x8B, 0x47, 0x9E, 0x2B, 0x55, 0x45, 0x8C, 0x21,
    0x1B, 0xF9, 0xC1, 0xD5, 0x8A, 0x27, 0xEC, 0xCA, 0x95, 0x0A, 0x5A, 0xB2, 0xDE, 0xFB, 0x90, 0x11,
    0xAD, 0xFD, 0x12, 0xC3, 0xDB, 0xD2, 0x75, 0xCE, 0x31, 0x55, 0xE6, 0xBB, 0xE7, 0x01, 0xAC, 0x6D,
    0xF7, 0xCA, 0xCB, 0x5D, 0x04, 0x25, 0xED, 0x82, 0x92, 0x70, 0x32, 0x9D, 0xD2, 0x62, 0xAC, 0x66,
    0xBF, 0x01, 0x76, 0xEB, 0xFA, 0x89, 0xF7, 0xF1, 0x9F, 0x1F, 0xCD, 0xA0, 0xA4, 0x0E, 0xC0, 0xF2,
    0xC3, 0xBF, 0xCB, 0xFD, 0xE4, 0xFD, 0xB7, 0x8B, 0xE0, 0xD0, 0x5B, 0x6F, 0x95, 0xE1, 0xD3, 0x2F,
    0x9F, 0xAA, 0xC2, 0xF0, 0x9D, 0xA3, 0x0D, 0xB3, 0xBA, 0x08, 0xD1, 0xAE, 0x2D, 0x9E, 0x20, 0xE4,
    0xBD, 0x29, 0xB2, 0x6A, 0xD1, 0xA0, 0x1C, 0x60, 0x5B, 0xF0, 0x2F, 0x69, 0xF9, 0xAD, 0x98, 0xE4,
    0x86, 0xFF, 0xF2, 0x5B, 0xB9, 0x84, 0xDE, 0x85, 0x42, 0xD6, 0x3C, 0x44, 0x8C, 0x8D, 0xFF, 0x52,
    0x09, 0xF6, 0x7B, 0xB0, 0x84, 0xD1, 0x3C, 0x59, 0x87, 0x2F, 0x76, 0x45, 0x0A, 0x86, 0x00, 0x4A,
    0xEF, 0xF1, 0xC3, 0x3C, 0x15, 0x90, 0x75, 0x1E, 0x5B, 0x5D, 0x71, 0xBF, 0xC9, 0x0C, 0x98, 0x11,
    0x90, 0x66, 0xED, 0x04, 0x0E, 0x4A, 0x73, 0x00, 0x7F, 0x24, 0x60, 0x5D, 0x6C, 0x60, 0x33, 0x4F,
    0x77, 0x5E, 0x0E, 0x5D, 0x79, 0x9A, 0x67, 0xCF, 0xBC, 0x8F, 0x17, 0x99, 0xE2, 0xB7, 0x0B, 0xC8,
    0x11, 0xE2, 0xB3, 0x8E, 0x06, 0xFF, 0xCD, 0x5E, 0x45, 0xE7, 0x13, 0x2F, 0x50, 0x57, 0x8B, 0xAC,
    0xDA, 0x51, 0x57, 0x1D, 0x75, 0x15, 0x06, 0x47, 0x12, 0xD6, 0x22, 0x43, 0x0F, 0x80, 0x61, 0xD5,
    0x21, 0x93, 0x85, 0x76, 0x79, 0xC0, 0x65, 0x90, 0x9E, 0x9F, 0x70, 0x73, 0xE8, 0x2A, 0x1B, 0x39,
    0x45, 0xDC, 0x8E, 0x9C, 0xEE, 0xC5, 0x06, 0x7C, 0x00, 0x52, 0x06, 0x25, 0xC5, 0x74, 0x4A, 0xA7,
    0x70, 0x23, 0xA8, 0xAB, 0x7C, 0x9C, 0xDE, 0xAC, 0x01, 0xF2, 0x7D, 0xBC, 0x08, 0x51, 0x3D, 0xCD,
    0x6E, 0x00, 0x41, 0x0F, 0xC0, 0xDC, 0x93, 0x7A, 0x19, 0xD6, 0x74, 0xA8, 0x5C, 0x0B, 0x24, 0x7C,
    0xBA, 0x40, 0x5C, 0x11, 0x86, 0xA7, 0x3A, 0x7C, 0x7A, 0x07, 0x70, 0xC9, 0x3D, 0x92, 0x29, 0x60,
    0x30, 0x55, 0xC9, 0xEA, 0x03, 0x1E, 0x68, 0x95, 0xE3, 0x8A, 0x1D, 0x7C, 0xCB, 0xC3, 0x23, 0x53,
    0x61, 0xD4, 0x50, 0x93, 0xEE, 0x62, 0x43, 0xE6, 0x6F, 0x3B, 0xB3, 0x02, 0xA7, 0xE5, 0x80, 0xE6,
    0x4E, 0x9E, 0x97, 0xFD, 0x7E, 0xA3, 0x39, 0x3F, 0x91, 0x47, 0x45, 0xCE, 0x3C, 0x2E, 0xFF, 0xFE,
    0x3A, 0x74, 0x61, 0xDF, 0xAC, 0x88, 0x05, 0x09, 0xDD, 0x91, 0xF5, 0x7A, 0x3E, 0x80, 0x66, 0x61,
    0xCD, 0x03, 0xA6, 0x63, 0x64, 0x77, 0xBE, 0x7B, 0x14, 0x81, 0xE3, 0x56, 0x56, 0x74, 0xF6, 0x68,
    0x11, 0xDE, 0xC4, 0x13, 0xA3, 0xF8, 0xBD, 0x0E, 0x27, 0xDA, 0xCF, 0xBA, 0x43, 0xB5, 0x28, 0x9D,
    0x17, 0xE5, 0xF3, 0xA2, 0x84, 0x5E, 0x94, 0x06, 0x12, 0x04, 0x41, 0xC7, 0x18, 0xB9, 0x44, 0x82,
    0x3D, 0x5C, 0xD6, 0xED, 0xA5, 0x8C, 0xBB, 0xAF, 0x8D, 0xEB, 0xB7, 0x7D, 0xD1, 0xC6, 0x54, 0x6D,
    0xC6, 0x99, 0xE3, 0xF9, 0x3E, 0xBB, 0x83, 0x28, 0x11, 0x66, 0x32, 0x25, 0x65, 0x14, 0x67, 0x57,
    0x4B, 0xFF, 0xE2, 0x95, 0xCA, 0x3B, 0x5F, 0xBC, 0xE9, 0x5D, 0xC8, 0xF7, 0xF9, 0xB8, 0x82, 0x53,
    0xD9, 0xF7, 0xC3, 0xA7, 0xB3, 0xA5, 0xF0, 0x99, 0x2C, 0x0F, 0x5E, 0x79, 0x29, 0xF3, 0x11, 0x58,
    0x39, 0x9A, 0x65, 0xE8, 0xD3, 0x61, 0xCB, 0x1B, 0x8A, 0x27, 0xB2, 0x21, 0x3D, 0xBA, 0xC6, 0xD4,
    0x1A, 0x40, 0x3F, 0x1F, 0x40, 0x91, 0x4C, 0x78, 0xE0, 0xEA, 0x9E, 0x6C, 0xE2, 0x37, 0xBA, 0x26,
    0xB5, 0x7E, 0xC9, 0x8C, 0x6F, 0x09, 0xF3, 0x56, 0xE7, 0x16, 0x46, 0x20, 0x93, 0x17, 0x5B, 0xC4,
    0x09, 0xC5, 0x24, 0xFA, 0x61, 0x4E, 0x1B, 0x14, 0x51, 0x23, 0x2E, 0xCD, 0x05, 0x5F, 0x47, 0x24,
    0xFF, 0x79, 0x87, 0xD5, 0x32, 0xB7, 0xC0, 0x28, 0x1E, 0x67, 0xF1, 0x03, 0x90, 0x97, 0x0D, 0xEC,
    0x06, 0x16, 0xC9, 0x4C, 0x3F, 0x7C, 0x40, 0xE4, 0x96, 0x83, 0x73, 0x38, 0x37, 0xB0, 0x35, 0xA7,
    0x54, 0xCB, 0xDD, 0x43, 0x48, 0x9A, 0xE3, 0xB0, 0x44, 0x88, 0x22, 0x5A, 0x5D, 0xC7, 0xE1, 0xB5,
    0x6E, 0x26, 0xB4, 0x66, 0xE9, 0xF3, 0xAD, 0x9A, 0x46, 0xD0, 0x52, 0xFE, 0x0C, 0xB5, 0x9F, 0xD1,
    0x35, 0x4C, 0x3F, 0xEF, 0x65, 0xF3, 0x90, 0x63, 0x09, 0xCC, 0x01, 0xCF, 0xBB, 0x94, 0x89, 0x03,
    0xF8, 0xB7, 0xBF, 0x14, 0x96, 0x0B, 0x34, 0x2D, 0x4B, 0xC2, 0xB5, 0xFE, 0xB5, 0xCA, 0x3D, 0x7F,
    0xE2, 0x09, 0xAA, 0xFE, 0x69, 0xC8, 0x66, 0x59, 0x5B, 0x2F, 0x9C, 0xA2, 0xE0, 0x55, 0x9C, 0xC3,
    0x0A, 0x4F, 0x9E, 0xC7, 0x46, 0x6E, 0xDB, 0x76, 0x1F, 0x02, 0x4B, 0x8F, 0xCE, 0x4C, 0xCE, 0x2B,
    0xBC, 0xAA, 0xC9, 0x30, 0x29, 0x7A, 0x58, 0xA2, 0x20, 0xB3, 0xAF, 0xB4, 0x8C, 0xD0, 0xB0, 0x19,
    0x83, 0x92, 0xCE, 0x72, 0x59, 0xB8, 0x71, 0xF0, 0x2C, 0x00, 0x08, 0x60, 0x85, 0x95, 0xA5, 0x74,
    0x31, 0x87, 0x12, 0x7C, 0xCB, 0x82, 0x53, 0xAC, 0x12, 0x24, 0xFE, 0x7F, 0xD4, 0x3C, 0x90, 0xF7,
    0x5B, 0xF1, 0xDF, 0xAD, 0x09, 0xD5, 0xCC, 0xE1, 0xBB, 0x26, 0x63, 0xE6, 0x1A, 0x7F, 0xEE, 0x6D,
    0x48, 0x36, 0x5A, 0xCF, 0x6A, 0xD8, 0x6B, 0x8F, 0x36, 0x6C, 0xE5, 0x14, 0x62, 0xAD, 0x9D, 0x60,
    0x9E, 0x69, 0x84, 0xA0, 0xA7, 0x09, 0x92, 0x55, 0x2F, 0x03, 0x75, 0x9A, 0x0F, 0x92, 0xA1, 0x97,
    0x81, 0xA8, 0x61, 0x3C, 0x06, 0x32, 0xE5, 0xE6, 0x90, 0xA3, 0x75, 0x2E, 0x21, 0xAE, 0x6D, 0xEC,
    0xAB, 0x09, 0x98, 0xBE, 0x7D, 0x93, 0x66, 0x61, 0xB7, 0x34, 0x0C, 0x53, 0xAB, 0xB2, 0xCC, 0xE4,
    0xCA, 0xE3, 0x35, 0x1D, 0xBC, 0xB8, 0x2A, 0x7D, 0xB3, 0xC0, 0xF8, 0x6B, 0xA7, 0x51, 0xAE, 0x8F,
    0x7F, 0x5B, 0xBB, 0xC9, 0x24, 0x29, 0x83, 0x4B, 0x3C, 0x4E, 0x52, 0x38, 0xE2, 0x14, 0x56, 0x9E,
    0xB2, 0xD4, 0x0F, 0x9E, 0xD4, 0xA6, 0x5A, 0xE2, 0x19, 0xB0, 0x68, 0x51, 0xB2, 0xA8, 0xE4, 0x7D,
    0x9E, 0x9A, 0x1C, 0x64, 0x60, 0x0A, 0xD0, 0xC2, 0x96, 0x0D, 0xAE, 0x34, 0x6D, 0x81, 0xC1, 0x50,
    0x41, 0x0E, 0x6D, 0x80, 0x09, 0xC0, 0xC4, 0x13, 0xA0, 0x0E, 0x2E, 0x43, 0x66, 0xE9, 0x53, 0xFD,
    0xCF, 0x2A, 0x48, 0x99, 0x4C, 0x32, 0xAE, 0x93, 0x28, 0x5A, 0x8F, 0x92, 0xA7, 0x87, 0xE1, 0xB1,
    0x87, 0x55, 0x4C, 0x93, 0x16, 0x58, 0xD2, 0xE5, 0xAC, 0xB3, 0xBE, 0xA0, 0x76, 0x3B, 0x00, 0xC9,
    0x89, 0xE0, 0x65, 0x40, 0xE3, 0xFE, 0x90, 0x11, 0xFF, 0xDC, 0x1E, 0xC6, 0x82, 0xB4, 0x24, 0xA2,
    0x92, 0xAD, 0x15, 0x3D, 0x6D, 0x03, 0xC0, 0x8E, 0x71, 0x64, 0x66, 0x91, 0x94, 0x60, 0xA8, 0x1C,
    0x28, 0x96, 0x07, 0x41, 0x35, 0x10, 0x7D, 0xC3, 0xD3, 0xF8, 0x9F, 0xDC, 0x7C, 0x9F, 0xC5, 0x96,
    0x17, 0x37, 0x65, 0x36, 0xC5, 0xF0, 0x32, 0x53, 0xF9, 0xB8, 0x98, 0x8E, 0xCB, 0xE0, 0x5A, 0x0E,
    0x7E, 0x60, 0xFC, 0x89, 0x99, 0xE8, 0xE1, 0xC8, 0xEA, 0x0A, 0xF0, 0xFF, 0x4B, 0x5F, 0x94, 0xD8,
    0xA8, 0xA2, 0x58, 0xA5, 0x0C, 0x6B, 0x84, 0x07, 0x1D, 0x9A, 0x7E, 0xD8, 0x09, 0x1A, 0x25, 0xC7,
    0xE0, 0xF8, 0x7F, 0x3D, 0x3A, 0x9A, 0x3B, 0xDD, 0xD3, 0x63, 0x52, 0x20, 0xAF, 0xBD, 0xC6, 0xF1,
    0xFD, 0xFF, 0xCC, 0xF1, 0xC9, 0x6D, 0x7F, 0x78, 0x92, 0x06, 0x76, 0x05, 0xED, 0x7E, 0x77, 0xA9,
    0x0F, 0xEE, 0xEE, 0x87, 0xB3, 0xA9, 0xF5, 0xEC, 0xC6, 0x36, 0xAE, 0x31, 0xD5, 0x03, 0xFF, 0x93,
    0xDB, 0x99, 0x92, 0x84, 0x64, 0x73, 0x3F, 0xC7, 0xF8, 0xE2, 0xEF, 0x9A, 0xAB, 0xB8, 0x91, 0x08,
    0xF1, 0x7F, 0x53, 0xED, 0x27, 0x05, 0x24, 0x74, 0xE5, 0x04, 0x04, 0xD3, 0xDA, 0x2E, 0x1A, 0xC8,
    0xE0, 0x27, 0x0B, 0xC1, 0x38, 0xAA, 0x09, 0xF5, 0xD3, 0xFE, 0x27, 0x9A, 0x6C, 0xC1, 0x36, 0xAE,
    0xA9, 0xE9, 0x36, 0x86, 0xBF, 0x9B, 0xAF, 0xDC, 0x1A, 0x64, 0xF6, 0xA7, 0x09, 0x1F, 0xE7, 0xE7,
    0xB2, 0xBF, 0x5A, 0x58, 0xD9, 0xB9, 0xC6, 0xDA, 0x06, 0x48, 0xA1, 0x78, 0x4F, 0x08, 0xD0, 0xE6,
    0xBB, 0x93, 0x63, 0x76, 0x84, 0x5B, 0x6B, 0x9E, 0x48, 0x64, 0xED, 0xA2, 0xE5, 0x43, 0x3C, 0x85,
    0xDB, 0xE6, 0xBF, 0x0F, 0xFE, 0x3C, 0x3F, 0x7B, 0x46, 0xB6, 0x9F, 0xC1, 0xB9, 0x38, 0x3D, 0xEF,
    0xF6, 0xD0, 0xDC, 0x47, 0x71, 0xE6, 0x61, 0x3B, 0xB4, 0xA8, 0x22, 0x66, 0xC3, 0x16, 0x98, 0x98,
    0x11, 0x9C, 0x3C, 0x86, 0x35, 0xDB, 0x1D, 0x91, 0x07, 0x77, 0xC8, 0x37, 0x7D, 0x29, 0xB1, 0x0F,
    0x92, 0xFF, 0xC6, 0xED, 0xF8, 0x77, 0x45, 0xB2, 0xC0, 0xC9, 0x1F, 0xBD, 0xFD, 0x47, 0xF5, 0x6F,
    0x66, 0xEA, 0x7A, 0x32, 0xF5, 0x18, 0x57, 0xAD, 0x33, 0x1B, 0x45, 0x7A, 0xF0, 0x81, 0x4D, 0x77,
    0xEE, 0xEB, 0xD3, 0xA1, 0xE6, 0x9B, 0xAE, 0xF3, 0x79, 0xD1, 0xA5, 0x1C, 0x93, 0xD3, 0x72, 0x56,
    0xBD, 0x20, 0x97, 0x06, 0x36, 0xE2, 0x61, 0x69, 0x0F, 0x7E, 0xBD, 0xB8, 0xFF, 0x93, 0x2B, 0xFF,
    0x81, 0x29, 0xA3, 0x85, 0xB9, 0x9E, 0x42, 0xEB, 0xF4, 0xD7, 0x7E, 0x7A, 0x60, 0x2A, 0x4E, 0xAE,
    0xA1, 0x06, 0x00, 0x9F, 0xC1, 0x65, 0x79, 0xD3, 0xEA, 0xCF, 0x72, 0xB1, 0x7E, 0xA4, 0xC5, 0x1C,
    0x36, 0xCB, 0x18, 0xE2, 0xBF, 0x12, 0x4C, 0x5B, 0xDB, 0x2C, 0x2B, 0xFF, 0x1B, 0x3A, 0xF0, 0x33,
    0xFD, 0x0A, 0xE1, 0x32, 0x47, 0x30, 0x9A, 0x71, 0x21, 0x3B, 0x9C, 0x14, 0xB2, 0x53, 0x26, 0xC0,
    0x87, 0x2E, 0x0C, 0xA2, 0x9D, 0x85, 0x61, 0xB0, 0x90, 0x6D, 0x31, 0x48, 0x1A, 0x74, 0xF0, 0x18,
    0xB6, 0x16, 0xC7, 0x2A, 0x21, 0xBB, 0x1C, 0xB4, 0x20, 0xB5, 0x6A, 0xF4, 0xE6, 0x59, 0x7A, 0x80,
    0xDD, 0x49, 0x85, 0x6C, 0x97, 0x79, 0x4E, 0x69, 0x47, 0x56, 0x05, 0xF3, 0x48, 0x4B, 0x9E, 0x09,
    0xCD, 0x77, 0xA5, 0x00, 0x09, 0xFF, 0xD6, 0xF0, 0x13, 0xB6, 0x16, 0xB2, 0x4E, 0x80, 0x03, 0x35,
    0xF4, 0x2A, 0x49, 0xAF, 0x8E, 0x92, 0xF0, 0x1C, 0x1D, 0xB1, 0xDB, 0x17, 0xDA, 0xC8, 0x2D, 0x5E,
    0x30, 0x1B, 0xE7, 0xF7, 0x79, 0xB9, 0xA3, 0x7F, 0x0D, 0xA9, 0xDA, 0x5B, 0xCE, 0xC4, 0x6D, 0xC2,
    0x9A, 0x6A, 0x73, 0x58, 0x63, 0xFD, 0x54, 0xC3, 0x76, 0x30, 0xC8, 0x2E, 0xDB, 0x7D, 0x2D, 0x62,
    0xC9, 0x0A, 0x7C, 0xEE, 0x37, 0xA7, 0xBD, 0xCF, 0x4C, 0xAA, 0x6A, 0xE8, 0x33, 0x55, 0xD5, 0x98,
    0xCA, 0xAA, 0xC5, 0xC9, 0xC2, 0x1F, 0x23, 0xB8, 0x3D, 0x58, 0x6B, 0x99, 0x86, 0xE5, 0x91, 0x14,
    0x81, 0xCB, 0xF0, 0x2F, 0x2A, 0x69, 0xC3, 0x52, 0x3B, 0x43, 0xDA, 0x7F, 0x01, 0x88, 0x78, 0x60,
    0x52, 0xDB, 0x65, 0x5D, 0x97, 0xE1, 0xBE, 0x85, 0xF8, 0xC9, 0xBB, 0x06, 0xA7, 0xF1, 0xE5, 0xD1,
    0xCC, 0x6E, 0xC0, 0x39, 0x6B, 0x56, 0x8B, 0x3C, 0xF5, 0xA8, 0x6E, 0x01, 0xEA, 0xCD, 0xC4, 0xDF,
    0x5B, 0xCB, 0xE2, 0xBD, 0x57, 0x9B, 0xD4, 0x6D, 0xB4, 0x04, 0x65, 0xEC, 0x5C, 0x5F, 0x4F, 0x39,
    0xD9, 0xFC, 0xC7, 0x7A, 0xC3, 0x5B, 0xB1, 0xC8, 0xFE, 0xC3, 0x57, 0xA3, 0xDB, 0x36, 0x77, 0x6D,
    0xEC, 0x36, 0xA9, 0xE5, 0x16, 0x79, 0xC6, 0xB1, 0x34, 0x28, 0xDA, 0xD4, 0xE2, 0x9B, 0x41, 0xC7,
    0x92, 0x1D, 0xF3, 0x34, 0x7A, 0x8C, 0x61, 0x02, 0xD0, 0xA8, 0x3F, 0x49, 0xA8, 0xE9, 0xC2, 0xD9,
    0xD2, 0x62, 0xFA, 0x46, 0x42, 0x99, 0x1B, 0x17, 0x91, 0xA7, 0x46, 0x0B, 0x20, 0xA5, 0xD5, 0xE6,
    0x07, 0x55, 0x9B, 0x17, 0x3E, 0xB5, 0x78, 0x38, 0xE8, 0xE0, 0x64, 0xE7, 0x9D, 0x72, 0xCE, 0x2D,
    0x76, 0xB2, 0xC3, 0x60, 0xB4, 0x61, 0x7E, 0xF9, 0xDA, 0xF9, 0xC7, 0x0B, 0x61, 0xA5, 0x55, 0x77,
    0x90, 0xE5, 0x57, 0x56, 0x19, 0x07, 0x7A, 0xB9, 0x88, 0x00, 0x63, 0xF6, 0x17, 0x40, 0xF0, 0x41,
    0xE2, 0x15, 0x4E, 0x16, 0x64, 0x4E, 0xD1, 0xBB, 0x4B, 0x4D, 0x3F, 0x6E, 0x7C, 0x2E, 0x98, 0x3A,
    0xEB, 0x6D, 0x3E, 0x13, 0xC4, 0x4D, 0x10, 0xB5, 0xB0, 0xB3, 0x50, 0x51, 0xED, 0x3B, 0x76, 0xB5,
    0x1F, 0x6C, 0xE3, 0x48, 0xE6, 0x6E, 0x64, 0x98, 0xB2, 0x3C, 0xE8, 0xD8, 0x99, 0xD2, 0x45, 0x71,
    0x84, 0x20, 0xEC, 0x60, 0x16, 0x5A, 0x17, 0xA1, 0xE3, 0x6C, 0x99, 0x87, 0x47, 0x8A, 0x35, 0x57,
    0xFD, 0xE5, 0xEA, 0x23, 0x5A, 0xC2, 0x6C, 0x8E, 0x19, 0xDB, 0x20, 0x1D, 0x70, 0xAF, 0x69, 0xB3,
    0x8B, 0x7F, 0x5E, 0x5D, 0x63, 0x78, 0x88, 0xD9, 0x1B, 0x19, 0xA9, 0xD3, 0x1C, 0x34, 0x76, 0x81,
    0x29, 0xDD, 0xCA, 0x2D, 0x40, 0x59, 0xC2, 0x3C, 0x6D, 0xFA, 0x2C, 0xB9, 0xAC, 0xDE, 0xBE, 0x24,
    0x3A, 0xE6, 0x0E, 0x87, 0x61, 0xE7, 0x87, 0x49, 0x38, 0xE8, 0x8F, 0x77, 0xF8, 0x59, 0x15, 0x78,
    0x08, 0x25, 0x2E, 0x95, 0xAB, 0x38, 0x60, 0xCE, 0x87, 0x65, 0x83, 0xA3, 0xE4, 0x7C, 0x74, 0x85,
    0xAB, 0x76, 0x35, 0x1C, 0x84, 0x1D, 0xB1, 0x61, 0xEA, 0x1F, 0x7B, 0xA7, 0x58, 0xA9, 0xAB, 0x03,
    0xF7, 0x42, 0xF5, 0x1D, 0x69, 0x8E, 0x7B, 0x27, 0x47, 0xC7, 0x25, 0x2E, 0xBC, 0x24, 0xAE, 0x6F,
    0x03, 0x5E, 0x86, 0xC6, 0x68, 0x41, 0x07, 0x5F, 0x7F, 0xD4, 0x53, 0x25, 0xD2, 0x0C, 0xB8, 0x7A,
    0x07, 0xA1, 0x20, 0xDC, 0x4E, 0x62, 0xBC, 0x09, 0x56, 0xF6, 0xA7, 0x98, 0x82, 0x47, 0x62, 0x60,
    0xEA, 0x62, 0x3B, 0x71, 0xBD, 0x89, 0x8B, 0x88, 0x10, 0x3F, 0x45, 0x03, 0x3E, 0x6D, 0x0E, 0x28,
    0x97, 0x04, 0x27, 0x66, 0xAF, 0xF6, 0x68, 0xF6, 0x67, 0xF4, 0x3F, 0xDE, 0x8B, 0xB5, 0x67, 0x91,
    0x7E, 0x0F, 0xDE, 0x48, 0x6C, 0x9C, 0x28, 0xB7, 0x58, 0xB2, 0x8B, 0x4A, 0x0B, 0x26, 0x64, 0x8A,
    0x25, 0xE3, 0x05, 0xFC, 0x3F, 0x5D, 0xCA, 0xF6, 0x68, 0x82, 0x50, 0x8C, 0x47, 0xB2, 0x03, 0x44,
    0xA8, 0x12, 0x67, 0x90, 0x20, 0x13, 0x73, 0x2F, 0x52, 0xC2, 0xC1, 0xE8, 0x5F, 0xF7, 0xFD, 0x31,
    0xD2, 0xC4, 0x34, 0x44, 0x40, 0xFF, 0xA0, 0x06, 0x86, 0xB1, 0x2A, 0x4B, 0x3F, 0xDE, 0xF7, 0xC7,
    0xC4, 0xDD, 0x40, 0x0D, 0x9F, 0x21, 0x14, 0x5B, 0x17, 0x44, 0x1E, 0x99, 0x0C, 0xDB, 0x34, 0xDB,
    0x16, 0x96, 0x21, 0x0E, 0xE3, 0x97, 0x99, 0xF7, 0xEE, 0x39, 0xF1, 0xDE, 0x16, 0x32, 0x4C, 0x0D,
    0x36, 0x82, 0x57, 0x32, 0x06, 0x73, 0x40, 0xA5, 0x52, 0x91, 0x69, 0x59, 0x8D, 0xD3, 0x5B, 0x47,
    0x23, 0x8F, 0x59, 0xB6, 0x71, 0x02, 0x18, 0x56, 0xC7, 0x0C, 0x87, 0x5F, 0xC1, 0xC0, 0xE7, 0x1E,
    0x95, 0x70, 0x27, 0x1B, 0x11, 0xFF, 0x2D, 0x25, 0xFE, 0xAF, 0x84, 0xDE, 0xDF, 0x89, 0xC9, 0x05,
    0x4B, 0xFB, 0x39, 0xFE, 0xAD, 0x7D, 0x07, 0x64, 0xE2, 0xC6, 0x2B, 0x05, 0x28, 0xB9, 0xA3, 0xD5,
    0x73, 0x90, 0xB6, 0x0A, 0x6A, 0x05, 0x9D, 0x4F, 0x99, 0x8C, 0x8E, 0x42, 0x44, 0xCC, 0x6E, 0xF1,
    0x78, 0xE9, 0xFD, 0xED, 0xCA, 0x82, 0xF7, 0xB7, 0x08, 0x95, 0x3F, 0x87, 0x7B, 0x66, 0xF2, 0xF3,
    0x75, 0xC8, 0xF2, 0xC3, 0x4A, 0x23, 0x95, 0xD0, 0x6A, 0x21, 0xD3, 0x86, 0x84, 0x1D, 0xC2, 0x63,
    0x2A, 0x2C, 0x39, 0x50, 0x58, 0xE9, 0x99, 0x32, 0x19, 0xA4, 0xFF, 0x65, 0xAC, 0xB0, 0x21, 0x25,
    0x6E, 0x37, 0x2B, 0xAC, 0xA6, 0xC2, 0x2A, 0x2A, 0xAC, 0xF2, 0xC6, 0x0D, 0x45, 0x25, 0x15, 0x36,
    0x42, 0x74, 0xE0, 0xF5, 0xFD, 0x60, 0xCE, 0xF5, 0xBE, 0xE1, 0xB4, 0x9C, 0x22, 0x3D, 0xBF, 0x43,
    0x3D, 0x6D, 0x48, 0xFE, 0xE0, 0x34, 0xBA, 0xE5, 0xFE, 0xA3, 0xF9, 0x13, 0xE5, 0x5C, 0x90, 0x2C,
    0x2D, 0x2C, 0x85, 0x11, 0x83, 0xFC, 0x43, 0xA4, 0x27, 0x3C, 0x4E, 0x31, 0x3B, 0xC7, 0x52, 0x45,
    0x2E, 0x56, 0x11, 0x1A, 0x88, 0xC3, 0xEA, 0xBA, 0xC9, 0xFD, 0x68, 0xEA, 0xA7, 0x6F, 0xD0, 0x84,
    0x4C, 0x53, 0x8B, 0xB2, 0x2B, 0xEC, 0x92, 0xD1, 0x5C, 0x78, 0xE8, 0x7F, 0x2F, 0x85, 0xD3, 0xDB,
    0x76, 0x86, 0xB3, 0xA6, 0xB8, 0xC5, 0x8E, 0x91, 0x96, 0xE1, 0x7F, 0xA8, 0xED, 0x7D, 0x08, 0x5D,
    0x8B, 0x01, 0xB7, 0xFE, 0xB6, 0x5E, 0x6E, 0xDC, 0x73, 0xC4, 0x3A, 0xAE, 0xA4, 0x8B, 0x71, 0x24,
    0x7D, 0x86, 0x20, 0xEE, 0x7B, 0x8E, 0x6A, 0x7A, 0xB9, 0xFA, 0x2B, 0x5E, 0x8E, 0x6A, 0xF6, 0x35,
    0x95, 0x2E, 0x9B, 0x86, 0x29, 0xDD, 0xAF, 0x40, 0x41, 0xDD, 0xE4, 0xFE, 0xB5, 0x1E, 0xF7, 0x71,
    0x1C, 0x79, 0x1D, 0xA3, 0x6C, 0x78, 0xBA, 0x64, 0x08, 0x9B, 0x60, 0x7B, 0x53, 0x7A, 0x26, 0xD4,
    0xB2, 0x12, 0x9D, 0x35, 0xFD, 0x36, 0x5C, 0x38, 0x1B, 0xAC, 0xE4, 0xAF, 0x54, 0x4E, 0xC2, 0x7A,
    0xE6, 0x7F, 0x52, 0xAA, 0xA4, 0xA5, 0x8A, 0x5A, 0x18, 0x59, 0x8D, 0xB0, 0x46, 0x5A, 0x23, 0xAE,
    0xCA, 0x6B, 0x04, 0x36, 0x12, 0x1B, 0x91, 0x8D, 0xCC, 0x46, 0xE8, 0x5E, 0x6A, 0xA6, 0x32, 0x34,
    0x93, 0x81, 0xD0, 0xCB, 0x3F, 0xCF, 0xE1, 0xA4, 0x56, 0x0C, 0x55, 0x44, 0x26, 0x31, 0x44, 0x85,
    0x54, 0x29, 0x55, 0x4C, 0x95, 0x13, 0x4F, 0x1F, 0x17, 0x29, 0x2C, 0xD3, 0xC5, 0x11, 0xBE, 0x7A,
    0x84, 0x89, 0xD3, 0x48, 0x69, 0xA8, 0x0A, 0x15, 0x1B, 0xA1, 0xD4, 0x0F, 0x69, 0xF3, 0x16, 0x71,
    0x80, 0x8E, 0x57, 0x52, 0x97, 0x7D, 0x0A, 0x23, 0xF6, 0x7D, 0xB3, 0x79, 0x04, 0xA2, 0x01, 0x23,
    0xB4, 0x99, 0xA6, 0x65, 0x97, 0x8C, 0xD5, 0xC4, 0x5D, 0xD8, 0x1D, 0x54, 0x1C, 0xA4, 0x91, 0x59,
    0xB9, 0xF6, 0x48, 0xB0, 0x4D, 0x86, 0xD1, 0x45, 0xD4, 0x77, 0x6B, 0xF6, 0x80, 0xBE, 0xB8, 0xC0,
    0xB4, 0x25, 0x0E, 0x08, 0xE1, 0xD4, 0x29, 0x98, 0x81, 0x34, 0x39, 0xF1, 0xF0, 0x30, 0x33, 0x90,
    0x5D, 0xC2, 0x0C, 0x24, 0xA0, 0xAA, 0xD5, 0x3A, 0x16, 0x63, 0x48, 0x0E, 0x56, 0xDD, 0x07, 0x9C,
    0xE0, 0x66, 0xD8, 0x77, 0x0B, 0x7F, 0x03, 0x7D, 0x67, 0x84, 0x12, 0x5F, 0xDE, 0x80, 0xF8, 0xBB,
    0x61, 0xBF, 0xC3, 0x81, 0x76, 0x7B, 0xBB, 0x79, 0x50, 0xC3, 0xFB, 0x9F, 0x80, 0x9B, 0x0F, 0x61,
    0xCA, 0x71, 0xEC, 0x94, 0x71, 0xEA, 0x16, 0x43, 0x5C, 0x6D, 0xEA, 0x5E, 0x6A, 0x62, 0xE7, 0xA3,
    0x32, 0x3C, 0x74, 0x33, 0xF7, 0xDE, 0x85, 0x3F, 0xEF, 0xBA, 0xFF, 0x8E, 0x3B, 0x2E, 0x33, 0xF3,
    0x48, 0x27, 0xCD, 0xEC, 0x21, 0x62, 0x49, 0xF1, 0x0F, 0x7D, 0x96, 0x85, 0xDE, 0x5B, 0x79, 0xE8,
    0x9F, 0x2A, 0x42, 0xFF, 0x69, 0x7C, 0x7F, 0x06, 0xBF, 0xFF, 0x24, 0xF2, 0x3F, 0x80, 0x39, 0x75,
    0x23, 0x08, 0xF3, 0xBD, 0xE8, 0xDE, 0xB8, 0xFD, 0x03, 0x9A, 0xF7, 0xD1, 0x64, 0xC6, 0x7C, 0x0F,
    0x64, 0xA0, 0x97, 0x03, 0x10, 0x75, 0x39, 0xF3, 0x2D, 0xBC, 0xFE, 0x79, 0xFF, 0x93, 0x9C, 0x19,
    0x8D, 0x37, 0x15, 0x9D, 0xE7, 0x65, 0x7B, 0x25, 0x83, 0xD3, 0xAA, 0xD3, 0xFD, 0x47, 0x7E, 0x65,
    0xDA, 0xC5, 0xFC, 0xDB, 0xB4, 0x8B, 0xA5, 0x5F, 0x6D, 0x60, 0xA5, 0xEB, 0xD2, 0x93, 0xC0, 0x83,
    0xE0, 0xC9, 0x3A, 0x35, 0xD3, 0xF2, 0xC0, 0x2E, 0x80, 0x7D, 0x70, 0xA5, 0x03, 0x02, 0x3A, 0x37,
    0xD2, 0x5F, 0xB0, 0xB5, 0x3A, 0x3C, 0x5F, 0x33, 0x9A, 0x3F, 0x58, 0xB1, 0xE0, 0x00, 0x1D, 0x7B,
    0xAC, 0x2A, 0xB2, 0xC2, 0xE9, 0x68, 0xCE, 0xC9, 0x25, 0xE1, 0xE9, 0x73, 0x4E, 0xEE, 0x4D, 0x32,
    0xC0, 0xBE, 0x0D, 0xDB, 0x44, 0x00, 0x7B, 0xD6, 0xFD, 0xA3, 0xA9, 0x3A, 0x22, 0x6A, 0x08, 0x3B,
    0x6F, 0xE4, 0x95, 0x03, 0xA0, 0x23, 0xA2, 0x11, 0x30, 0x4B, 0xBB, 0x9A, 0x86, 0xFD, 0xB3, 0x51,
    0x0D, 0xEE, 0xB8, 0x81, 0x72, 0xD2, 0xEC, 0x2B, 0xD2, 0x0F, 0xB4, 0x69, 0x3E, 0x93, 0x19, 0xD9,
    0x15, 0x67, 0x27, 0xBC, 0x6C, 0xD9, 0xCB, 0xF6, 0x22, 0xCA, 0x73, 0xF3, 0x59, 0xA7, 0xD8, 0xE7,
    0x94, 0xA5, 0xFD, 0x45, 0x66, 0x7F, 0x19, 0xD9, 0x23, 0x1E, 0x24, 0xD3, 0x69, 0xDF, 0xF3, 0xA2,
    0x91, 0xC9, 0xB0, 0xDC, 0xC1, 0x13, 0x53, 0xA2, 0x73, 0x73, 0x4F, 0x4F, 0x8C, 0xBB, 0xEC, 0x96,
    0x27, 0x02, 0xC6, 0xE3, 0x82, 0xCD, 0x6A, 0x80, 0xD6, 0x6C, 0x96, 0x81, 0x35, 0x7B, 0x79, 0xAF,
    0x64, 0xEC, 0xAD, 0xE5, 0x89, 0x69, 0x35, 0xAD, 0xC2, 0xE8, 0x84, 0x1F, 0x9F, 0xE6, 0x6A, 0xE7,
    0x68, 0x3C, 0x05, 0xB1, 0x9C, 0xA5, 0x54, 0x3F, 0xC1, 0x1E, 0x20, 0x74, 0x6E, 0x26, 0x34, 0x63,
    0x7E, 0x42, 0x31, 0xF6, 0x19, 0x7A, 0x81, 0xA0, 0x2A, 0xB2, 0x99, 0xF4, 0x6B, 0x59, 0x30, 0x99,
    0xEF, 0x8B, 0x25, 0x99, 0x29, 0x8F, 0xB3, 0x42, 0xF2, 0x8B, 0xBE, 0xDA, 0x8D, 0x53, 0x6A, 0xF0,
    0x7C, 0xBC, 0xD5, 0x8F, 0x4F, 0xFC, 0x1E, 0x2C, 0xE8, 0x9D, 0x2E, 0xDB, 0x1F, 0xFF, 0xF8, 0xC5,
    0x56, 0xF6, 0x85, 0x87, 0xC0, 0x8E, 0x97, 0x42, 0x9B, 0xD4, 0x2C, 0xD6, 0xF3, 0x30, 0xD4, 0x5A,
    0x61, 0xAB, 0xBD, 0x4E, 0x2D, 0x49, 0x26, 0x2C, 0x48, 0x91, 0x9D, 0xCF, 0x18, 0x68, 0xD2, 0x1B,
    0xDA, 0x0E, 0x34, 0x59, 0x09, 0xF1, 0xDD, 0x6B, 0x8B, 0x70, 0x65, 0xB1, 0xC9, 0x6D, 0xF7, 0xF9,
    0x78, 0xB1, 0x8A, 0x0D, 0xF1, 0x4C, 0xD6, 0xC7, 0x8A, 0x53, 0x8B, 0x60, 0xD5, 0x61, 0x57, 0x0F,
    0x49, 0xC2, 0x5A, 0x59, 0x6A, 0x96, 0x1A, 0x79, 0xA8, 0x79, 0x88, 0x0D, 0xFD, 0xBA, 0x83, 0xBA,
    0x87, 0x6C, 0xFF, 0x2B, 0x99, 0x24, 0x2A, 0xFF, 0x19, 0x33, 0x45, 0xEF, 0xDD, 0xC0, 0xA6, 0x98,
    0x96, 0x21, 0x67, 0x92, 0x29, 0x62, 0x3A, 0x8D, 0x6B, 0x91, 0xED, 0x97, 0x25, 0x64, 0x0B, 0xA7,
    0x57, 0xB9, 0x34, 0xD5, 0x71, 0xE3, 0x9E, 0xD6, 0xA5, 0x31, 0xB0, 0x08, 0x48, 0xEE, 0x9A, 0xC7,
    0x19, 0x01, 0x33, 0x11, 0xEB, 0x67, 0x1B, 0x5E, 0x31, 0x90, 0xDE, 0xD2, 0x2C, 0xD3, 0xC9, 0x4D,
    0x59, 0xDD, 0x6C, 0x73, 0x8B, 0x7B, 0x34, 0xAE, 0x7E, 0x4D, 0x81, 0x8A, 0xB1, 0x59, 0x83, 0x08,
    0xCF, 0xA6, 0x0F, 0x86, 0x41, 0x40, 0x8D, 0xCF, 0xA0, 0x9F, 0xBA, 0x59, 0x3F, 0x67, 0xD6, 0x28,
    0x31, 0x76, 0x35, 0xC8, 0xCC, 0x3C, 0xE0, 0x7C, 0xDC, 0x7B, 0xEB, 0xEC, 0xED, 0x5B, 0x0D, 0x2F,
    0x52, 0xE2, 0xF7, 0xE0, 0x82, 0xBD, 0xF7, 0xC8, 0xE4, 0x3F, 0x9D, 0xB4, 0x1A, 0xFE, 0x15, 0x5B,
    0x0D, 0x77, 0xF0, 0x64, 0x3F, 0x48, 0x89, 0xBF, 0xB3, 0xA9, 0xD5, 0xF0, 0x2B, 0x9D, 0x07, 0xFF,
    0xAB, 0x15, 0xFF, 0x3F, 0x35, 0x6A, 0xC9, 0xEE, 0x08, 0x27, 0xEE, 0x9F, 0x60, 0x2F, 0xFF, 0xD1,
    0xE6, 0xCE, 0x03, 0x2D, 0x26, 0x19, 0xD7, 0x70, 0x8B, 0x0A, 0x52, 0x76, 0x48, 0xA7, 0xFC, 0xF3,
    0xE8, 0xA0, 0x96, 0x47, 0xDB, 0xBE, 0x69, 0x76, 0xBD, 0x91, 0xB2, 0x32, 0xFD, 0xB2, 0x70, 0x5D,
    0x5D, 0xD8, 0x53, 0x8C, 0x4D, 0x1D, 0xF1, 0xA0, 0xBB, 0x57, 0x47, 0xE2, 0xFE, 0xBF, 0x14, 0x1B,
    0xF1, 0x75, 0x35, 0x4A, 0xD3, 0x75, 0xB3, 0x3C, 0xAE, 0xB6, 0xAE, 0xA7, 0x1A, 0xD9, 0x38, 0xCE,
    0x42, 0x30, 0xB6, 0x08, 0x3B, 0x36, 0x4B, 0x47, 0x35, 0xCF, 0xEE, 0xB1, 0xFD, 0xE9, 0xC3, 0x5C,
    0x12, 0x35, 0xDA, 0x8A, 0x6C, 0x1C, 0x74, 0x45, 0x71, 0x04, 0x26, 0x18, 0xB0, 0xCF, 0xC2, 0x59,
    0xCF, 0x51, 0xCD, 0xB0, 0x09, 0x2C, 0x67, 0x9B, 0xD9, 0x2C, 0x3C, 0xC1, 0xF1, 0x35, 0x37, 0xDF,
    0xDF, 0x04, 0x89, 0xCF, 0x26, 0xFD, 0xB6, 0x2F, 0x6A, 0x36, 0x16, 0x10, 0xF7, 0x39, 0x53, 0xF9,
    0xF8, 0x83, 0x08, 0xA2, 0xFF, 0x78, 0x76, 0x92, 0xA1, 0x5B, 0x19, 0xA7, 0x2C, 0xEE, 0x46, 0x38,
    0x56, 0xDB, 0xF9, 0x2A, 0x0B, 0x4D, 0x88, 0x96, 0x48, 0x43, 0xB4, 0xCC, 0x26, 0xF6, 0x3D, 0x93,
    0xA6, 0x55, 0x72, 0xF3, 0x2B, 0x47, 0x75, 0xFF, 0xCA, 0x11, 0xCE, 0x42, 0xBC, 0xB1, 0x57, 0x6F,
    0xC5, 0x24, 0x32, 0xEA, 0x63, 0x1B, 0x63, 0x06, 0x4D, 0xD3, 0xFC, 0xBD, 0xBE, 0x24, 0xA0, 0x58,
    0x44, 0x03, 0xF4, 0x9E, 0x52, 0x3A, 0xD6, 0x4E, 0x52, 0x48, 0x5B, 0xDB, 0x4C, 0x77, 0xC7, 0x21,
    0x08, 0xEF, 0x60, 0x63, 0x0D, 0x7B, 0x9B, 0x7B, 0x0C, 0xAA, 0x07, 0x6A, 0xEE, 0xDA, 0xAD, 0x4E,
    0x88, 0xD7, 0x02, 0x27, 0x1B, 0xEE, 0x11, 0xB2, 0x8A, 0x43, 0x30, 0x61, 0xD0, 0x3A, 0x89, 0x5A,
    0xE5, 0xF6, 0x71, 0x08, 0x62, 0x06, 0xFF, 0x73, 0xE0, 0xEC, 0xC9, 0x7A, 0x83, 0xF1, 0x13, 0x8F,
    0x0D, 0x4C, 0x7C, 0x67, 0x50, 0x09, 0xA2, 0x58, 0x41, 0x18, 0x2B, 0x93, 0x38, 0x56, 0xD7, 0x67,
    0xE5, 0xB4, 0xC3, 0x8C, 0x87, 0xEB, 0x24, 0x4F, 0xD9, 0x41, 0x5A, 0x15, 0x65, 0x78, 0x80, 0xC3,
    0x0E, 0x62, 0xEB, 0x23, 0x04, 0x67, 0x86, 0xC8, 0xB2, 0x44, 0x8E, 0x44, 0x73, 0xFD, 0xE7, 0x94,
    0xAB, 0x4B, 0x42, 0x7D, 0x95, 0x61, 0xD4, 0x67, 0x0A, 0x7A, 0xB7, 0xB1, 0x32, 0x06, 0x63, 0x7D,
    0x7B, 0x70, 0x91, 0x3B, 0x98, 0xC9, 0x34, 0x6E, 0x7A, 0x04, 0xF1, 0xE1, 0x63, 0xF0, 0x54, 0xDF,
    0xEF, 0xFB, 0xF2, 0x70, 0x68, 0x2D, 0x40, 0xDA, 0x9F, 0x80, 0x4D, 0x22, 0x96, 0x39, 0xB3, 0xA6,
    0xCE, 0x64, 0x03, 0x8C, 0x29, 0xF2, 0xEE, 0xDA, 0x0A, 0x5E, 0xCE, 0xCE, 0x94, 0x4E, 0x8D, 0x82,
    0x8B, 0x22, 0x85, 0xB4, 0xF9, 0xCE, 0xC8, 0xA0, 0xA2, 0x2F, 0x4C, 0xAF, 0x4F, 0x14, 0x7B, 0x27,
    0xE4, 0x7C, 0x1D, 0x5D, 0x58, 0xDF, 0xE4, 0x84, 0xD3, 0x24, 0x2A, 0x54, 0xEC, 0xE8, 0xEB, 0xD2,
    0x65, 0xF7, 0x1A, 0x48, 0x7C, 0x7D, 0xBA, 0xEC, 0x2E, 0x03, 0x89, 0x5B, 0x14, 0xEB, 0xEB, 0x1C,
    0x5B, 0xE9, 0xC7, 0x98, 0xBC, 0x34, 0x2C, 0x6C, 0xDD, 0x10, 0x76, 0xCA, 0xB7, 0xF9, 0xB1, 0xAF,
    0xBC, 0x5E, 0x60, 0x62, 0xEF, 0xB9, 0x1E, 0xC9, 0x56, 0xFA, 0xAC, 0x2E, 0xF4, 0xC0, 0x96, 0x80,
    0x62, 0xFD, 0x0D, 0x93, 0x3F, 0x2E, 0x9D, 0x94, 0xEF, 0x99, 0x4C, 0x0F, 0xF9, 0x86, 0xC9, 0x2C,
    0xE6, 0xF9, 0x1F, 0xD5, 0x3E, 0xCC, 0xF0, 0x61, 0xFD, 0x37, 0x18, 0x2F, 0xD6, 0x17, 0x6B, 0xB1,
    0xF4, 0x0D, 0x93, 0x81, 0x79, 0xC3, 0x24, 0xEB, 0xD8, 0xD3, 0x45, 0xDE, 0x2F, 0x6E, 0x72, 0x16,
    0xBE, 0x3E, 0x2E, 0x57, 0x52, 0x73, 0x7C, 0x35, 0x32, 0xEB, 0x5B, 0x92, 0x4C, 0x82, 0xE5, 0x85,
    0x71, 0xCE, 0x77, 0x26, 0xC2, 0x98, 0xE6, 0xCC, 0x5A, 0x17, 0x1E, 0xF8, 0x47, 0x11, 0xB0, 0x39,
    0xF4, 0x47, 0xA5, 0xFC, 0xD3, 0xF2, 0xD3, 0x52, 0x7E, 0x7E, 0xE5, 0xED, 0x42, 0xDE, 0xBD, 0xE9,
    0xE5, 0xD6, 0xB9, 0xD6, 0xCB, 0xFE, 0xE4, 0x64, 0xE3, 0x65, 0x9D, 0x94, 0xDE, 0xFF, 0x6D, 0x24,
    0x77, 0x9B, 0xC9, 0x6C, 0xC7, 0xC6, 0xB9, 0x56, 0x02, 0x1C, 0x8E, 0xC4, 0x3D, 0x00, 0xAA, 0x9D,
    0x3D, 0x8F, 0x33, 0x79, 0x71, 0x4C, 0xEA, 0x54, 0xAF, 0xA6, 0xAC, 0xAA, 0x2F, 0x41, 0x68, 0x94,
    0xF8, 0x23, 0x0E, 0x1F, 0x61, 0x20, 0x13, 0x13, 0xA5, 0x56, 0x2E, 0x0D, 0x7E, 0xEF, 0xA0, 0xEE,
    0x0B, 0xE5, 0xC7, 0xF4, 0x0D, 0x30, 0x3C, 0x06, 0x86, 0xD0, 0x8A, 0x93, 0xC3, 0x4B, 0x87, 0xB5,
    0xA7, 0x6F, 0x47, 0x40, 0x33, 0x67, 0xC4, 0x3D, 0x9F, 0x99, 0xF9, 0x77, 0x8E, 0x0B, 0xA0, 0x5D,
    0xC4, 0xD4, 0x8E, 0x9B, 0x9B, 0x5D, 0xD3, 0x46, 0x6D, 0x5A, 0xBF, 0x16, 0x3F, 0x71, 0x6D, 0x6F,
    0x24, 0xF8, 0xED, 0x28, 0xF1, 0xCA, 0x4D, 0x30, 0x38, 0x4F, 0xDB, 0x3A, 0xC1, 0x6A, 0xD4, 0xFC,
    0xDE, 0x09, 0x06, 0x6F, 0xA5, 0xAC, 0xF2, 0x26, 0xF4, 0x5A, 0xEF, 0x37, 0xDF, 0xE5, 0x5E, 0x65,
    0xF5, 0xB4, 0x44, 0xED, 0xA4, 0x8B, 0x10, 0x63, 0xC7, 0x90, 0x1B, 0x04, 0x23, 0x42, 0x74, 0xB4,
    0xA4, 0xE0, 0x78, 0x51, 0x1D, 0xCF, 0xC9, 0x76, 0x91, 0x92, 0xD1, 0xFD, 0xEC, 0x51, 0x54, 0x0E,
    0x95, 0x6F, 0x6A, 0x97, 0xFE, 0x20, 0x73, 0x4B, 0x3B, 0x71, 0x22, 0xB7, 0x70, 0x22, 0x3F, 0xF2,
    0x3F, 0x3E, 0x22, 0x5D, 0xAE, 0x67, 0x7A, 0x2A, 0x62, 0x2F, 0xD8, 0x8D, 0x8E, 0x1D, 0xF5, 0x17,
    0x2A, 0x04, 0x8A, 0x07, 0x2B, 0xD8, 0x3D, 0xF3, 0x7B, 0x43, 0x3F, 0x0B, 0x23, 0x80, 0x25, 0x48,
    0x09, 0x36, 0x9F, 0x51, 0x77, 0x08, 0x56, 0x9E, 0x04, 0xBF, 0x0D, 0x7F, 0x0C, 0xC1, 0xFC, 0xD1,
    0x06, 0x25, 0xBE, 0xF0, 0x0F, 0x40, 0xC6, 0x99, 0xB1, 0x28, 0x34, 0x0F, 0x7E, 0x4B, 0xF6, 0x73,
    0xDF, 0x24, 0x6A, 0xE9, 0x16, 0x4D, 0xA6, 0x68, 0x73, 0x76, 0x35, 0x87, 0x3B, 0xD1, 0xB7, 0xF2,
    0x62, 0xED, 0x2D, 0x13, 0x27, 0xCA, 0xBC, 0x97, 0x12, 0x46, 0x00, 0x0B, 0xE3, 0xE8, 0xAF, 0x44,
    0xF4, 0xD7, 0xF8, 0x27, 0xEB, 0xE0, 0xA9, 0x32, 0xEC, 0xA2, 0x70, 0xC1, 0x44, 0x7F, 0x8F, 0xF6,
    0xD1, 0x5F, 0xFF, 0x15, 0x83, 0x91, 0xDD, 0x48, 0x13, 0x3B, 0x22, 0xEA, 0xBB, 0xE5, 0xFA, 0x2B,
    0xC4, 0xB8, 0x76, 0x63, 0x81, 0xED, 0x33, 0xAC, 0x86, 0xE5, 0x64, 0x2D, 0xA6, 0xAC, 0x08, 0xC8,
    0xF9, 0x0F, 0x95, 0xF4, 0x4D, 0xF4, 0x84, 0x7E, 0xBB, 0xCB, 0xA7, 0x9F, 0xAA, 0xB6, 0x59, 0x7C,
    0x15, 0x44, 0xBE, 0xD7, 0x38, 0x37, 0x6B, 0xFF, 0xC5, 0x0A, 0xCA, 0x58, 0xC6, 0x46, 0xF9, 0x51,
    0xB0, 0xEE, 0xA5, 0x3D, 0x27, 0x11, 0x1F, 0xA0, 0x33, 0xED, 0x44, 0x5B, 0xF2, 0x68, 0x7A, 0xA0,
    0x37, 0xED, 0xB2, 0xB6, 0xF2, 0x95, 0xBB, 0x94, 0xC4, 0xD4, 0x69, 0x5E, 0x30, 0x19, 0x4F, 0x93,
    0x77, 0x2D, 0x8E, 0xAD, 0xFF, 0xE5, 0xEF, 0x9D, 0xBE, 0x1C, 0x52, 0xFA, 0x72, 0x8A, 0xA3, 0x6B,
    0x4F, 0x56, 0xB7, 0xF5, 0xF4, 0xC5, 0x87, 0xE8, 0x4C, 0x1B, 0xEF, 0x75, 0xA3, 0xAD, 0x78, 0xBF,
    0x52, 0x01, 0xAF, 0xB4, 0x2F, 0x21, 0x12, 0x2E, 0xEE, 0xFC, 0x75, 0x03, 0x18, 0x7A, 0xC6, 0x37,
    0x6B, 0xED, 0xFC, 0x09, 0x10, 0xD0, 0x63, 0x62, 0x51, 0xAD, 0x64, 0x01, 0x07, 0xD8, 0xEA, 0x52,
    0xF7, 0x24, 0x98, 0xE9, 0xE4, 0x78, 0x43, 0x3A, 0xB9, 0xD2, 0xF7, 0x42, 0x8C, 0xC9, 0x2D, 0xEA,
    0x9B, 0xB9, 0x36, 0x3B, 0x90, 0x92, 0x79, 0xC4, 0x6F, 0x85, 0x29, 0x18, 0xD3, 0x33, 0x31, 0xFB,
    0xF9, 0x5C, 0x39, 0xA6, 0xBD, 0x93, 0x6C, 0x05, 0x5F, 0x8F, 0x5D, 0x05, 0x3D, 0x3A, 0xE1, 0xE6,
    0xB2, 0x7E, 0x08, 0x67, 0xF8, 0x52, 0x59, 0xD8, 0x98, 0x9F, 0xB6, 0xF2, 0x65, 0x51, 0x4E, 0x9C,
    0x62, 0x25, 0x33, 0x0B, 0x77, 0x59, 0xDE, 0xDA, 0x88, 0x0F, 0xF2, 0x02, 0x93, 0x3A, 0xAB, 0x07,
    0xC6, 0x3F, 0x6D, 0xF5, 0x0B, 0xAD, 0x0C, 0x27, 0x80, 0xAE, 0xCD, 0x3A, 0xCA, 0xDE, 0xB3, 0xAC,
    0x34, 0x60, 0x8F, 0x6F, 0xBB, 0x1C, 0xCA, 0xBE, 0xB1, 0x35, 0x07, 0x82, 0x41, 0xAE, 0x26, 0x35,
    0x2F, 0x63, 0x96, 0x29, 0x9C, 0xC6, 0x6D, 0x5B, 0x73, 0xB4, 0x69, 0xE3, 0x71, 0xB3, 0xF8, 0xF1,
    0xDA, 0x6F, 0xD7, 0xAE, 0x13, 0x85, 0x1B, 0x5E, 0x05, 0x32, 0x9D, 0x9A, 0x5F, 0x69, 0xD7, 0xF9,
    0x3A, 0x59, 0x5E, 0xFD, 0xD3, 0x06, 0xD0, 0xF9, 0xED, 0xB2, 0xDC, 0xEE, 0xB9, 0xAF, 0xA6, 0x12,
    0xFE, 0xA6, 0xFB, 0xE6, 0xE7, 0xDE, 0xA9, 0x4E, 0xEE, 0x54, 0x8E, 0x3B, 0xD5, 0xC9, 0x9D, 0xC8,
    0xB6, 0xB7, 0xC7, 0x81, 0x3D, 0xEE, 0x56, 0xBD, 0x9F, 0x66, 0x9F, 0x2B, 0x9D, 0x77, 0x4B, 0xFB,
    0x5C, 0x71, 0xE7, 0x3D, 0xF6, 0xCC, 0xDF, 0x63, 0x76, 0xFD, 0x7E, 0xFF, 0xEF, 0x9B, 0xCE, 0xF0,
    0x25, 0xC1, 0x4A, 0xDF, 0x3B, 0x9D, 0x01, 0xED, 0xED, 0x12, 0x98, 0x6F, 0xC6, 0x3C, 0xC6, 0xE3,
    0x10, 0x7A, 0x16, 0x4A, 0x05, 0x50, 0x00, 0x3B, 0xED, 0xB2, 0x10, 0xFB, 0x8B, 0x4C, 0x06, 0x37,
    0xFB, 0x14, 0x06, 0x4F, 0x7F, 0x65, 0x88, 0x9B, 0x9B, 0xC8, 0x43, 0x43, 0xE3, 0x8F, 0xBF, 0xCE,
    0x67, 0xDD, 0xBF, 0x9C, 0x06, 0x33, 0xC5, 0xBE, 0x54, 0xE9, 0x77, 0x13, 0xC0, 0x6F, 0x9D, 0xBC,
    0x6C, 0xD6, 0xB2, 0xDF, 0xCB, 0xB5, 0x2B, 0x6C, 0xDB, 0xB6, 0xAD, 0x91, 0x17, 0xB6, 0x7B, 0x04,
    0xAB, 0xDF, 0xCF, 0x3E, 0x94, 0x92, 0x22, 0x47, 0x91, 0x11, 0x5A, 0xA5, 0x56, 0xB1, 0x55, 0x6E,
    0x15, 0x5C, 0x25, 0x57, 0xD1, 0x55, 0x76, 0x15, 0x5E, 0xA5, 0xEF, 0x33, 0x46, 0x4A, 0x9A, 0xAB,
    0x31, 0x55, 0x66, 0x9F, 0xD6, 0x43, 0x9A, 0x84, 0x2F, 0x36, 0x3B, 0x67, 0xEA, 0x1D, 0xEE, 0x0A,
    0xF7, 0x8E, 0xD9, 0xC2, 0x56, 0xBE, 0x54, 0x3B, 0x81, 0xD7, 0x06, 0x87, 0xE9, 0xD8, 0xFC, 0x3D,
    0xBF, 0x77, 0xF3, 0x8D, 0x15, 0xEB, 0x5B, 0x4B, 0xEF, 0xB7, 0x54, 0xC4, 0xB5, 0x99, 0x6B, 0x5C,
    0x3C, 0xDC, 0x61, 0x32, 0x27, 0xD6, 0x22, 0x5D, 0x28, 0x5F, 0x76, 0xF7, 0x70, 0x31, 0xAF, 0xBC,
    0x6D, 0xF2, 0x6A, 0xB8, 0x12, 0xA3, 0xC2, 0xF4, 0x7D, 0xE9, 0x51, 0x6C, 0xFA, 0x38, 0x6C, 0xCE,
    0x28, 0x94, 0xDB, 0xB6, 0x3B, 0x91, 0xAF, 0x90, 0x8A, 0x7C, 0xF2, 0xB3, 0xF1, 0x20, 0x7F, 0xA8,
    0x97, 0x64, 0xD7, 0x6D, 0x5B, 0x8D, 0x7B, 0x62, 0xDD, 0xF7, 0xFF, 0x6A, 0xCF, 0xFD, 0xF4, 0x1D,
    0x68, 0x76, 0x17, 0x28, 0x67, 0xFD, 0x4E, 0x26, 0xCD, 0x4B, 0xDF, 0xD2, 0x8B, 0x90, 0xA8, 0x2A,
    0x57, 0x18, 0x9B, 0xFC, 0x51, 0x6E, 0x2C, 0x68, 0x4B, 0x52, 0xF0, 0x25, 0x53, 0xF0, 0x1A, 0x79,
    0x3C, 0x38, 0x2E, 0x38, 0x3B, 0x67, 0x27, 0x99, 0x6D, 0xB9, 0xDB, 0x14, 0x7C, 0x64, 0xDE, 0x36,
    0xD8, 0xBC, 0xB6, 0x6F, 0x91, 0xF3, 0xD9, 0x11, 0x88, 0xC9, 0xEB, 0xDD, 0x4F, 0xEF, 0xA4, 0x54,
    0x70, 0x3B, 0x71, 0x48, 0xB9, 0xAC, 0x23, 0xBF, 0xBA, 0x6D, 0x45, 0xE0, 0xFF, 0x03, 0xBD, 0x99,
    0xB1, 0x6F, 0xDC, 0x54, 0x1C, 0xC7, 0x7F, 0x7E, 0xBE, 0x9C, 0xD5, 0x58, 0x8D, 0x13, 0xA9, 0x91,
    0x10, 0x6A, 0xEB, 0x0E, 0x0C, 0x54, 0x4A, 0xEB, 0x0E, 0x95, 0xE8, 0x10, 0xEA, 0x07, 0x45, 0x62,
    0x42, 0xCA, 0xC2, 0xC4, 0x40, 0x07, 0x86, 0x2E, 0x20, 0x86, 0x48, 0x64, 0x28, 0xB1, 0x91, 0xD8,
    0x89, 0x84, 0x60, 0x61, 0x89, 0x4A, 0x07, 0x06, 0x86, 0x0E, 0x19, 0xA8, 0x48, 0xEE, 0x4C, 0xFB,
    0x0F, 0x18, 0x90, 0xCA, 0xD0, 0x01, 0x4B, 0x20, 0xCA, 0x80, 0xC0, 0x88, 0x2B, 0xBA, 0x8A, 0x3B,
    0x9B, 0xEF, 0xEF, 0xF7, 0xEC, 0x4B, 0xD2, 0x32, 0xA4, 0x67, 0x1F, 0x8E, 0xDE, 0xD3, 0xF9, 0x74,
    0x7E, 0xEF, 0xF3, 0xFB, 0xBE, 0xDF, 0xEF, 0xF7, 0x7E, 0xCF, 0x21, 0x72, 0x33, 0x22, 0xF2, 0xB8,
    0x0B, 0x73, 0x74, 0xEF, 0x71, 0xF7, 0x13, 0x3A, 0x75, 0x77, 0x40, 0x64, 0x5F, 0x41, 0xE7, 0xAA,
    0x21, 0xD1, 0x69, 0xEE, 0xC2, 0x72, 0x44, 0xB4, 0x6E, 0xA1, 0xCB, 0x68, 0x44, 0x2A, 0xA1, 0x31,
    0x39, 0xA9, 0x55, 0x50, 0x38, 0xF4, 0xCA, 0x84, 0xE4, 0x72, 0x53, 0x1E, 0x8E, 0x3B, 0x37, 0x46,
    0x37, 0xA7, 0x89, 0xFA, 0xA5, 0xB6, 0x07, 0xA1, 0x76, 0xD3, 0x90, 0xBC, 0x24, 0xA2, 0x20, 0xEE,
    0x51, 0xA8, 0xC7, 0x14, 0x62, 0x88, 0x50, 0xA1, 0x75, 0x47, 0x14, 0xFC, 0x56, 0xC4, 0x5E, 0x5E,
    0x6A, 0x19, 0x62, 0x0F, 0x6D, 0x8C, 0xF6, 0x15, 0xDF, 0x28, 0x26, 0x9B, 0xDF, 0xE0, 0x8F, 0x97,
    0xD0, 0x2C, 0xBE, 0x55, 0x31, 0x55, 0x57, 0x8B, 0xF0, 0x98, 0xDB, 0xC5, 0xEF, 0x3B, 0x3C, 0xCB,
    0x0E, 0x1E, 0xC6, 0x57, 0x4A, 0x4F, 0x67, 0x00, 0xAE, 0xAB, 0xDC, 0x81, 0xCB, 0xF9, 0x1B, 0x5F,
    0x9D, 0xBE, 0x8E, 0x9B, 0xF5, 0x85, 0x19, 0x40, 0x93, 0x99, 0xA6, 0xFB, 0xB9, 0x26, 0x1F, 0xCF,
    0x6D, 0xAC, 0xC2, 0x8E, 0xCE, 0x74, 0xD0, 0x56, 0x5C, 0x21, 0x13, 0xBD, 0x80, 0xA1, 0x66, 0x0A,
    0xCD, 0xE2, 0xD2, 0xBD, 0x6D, 0xA2, 0xA0, 0x21, 0x34, 0xB0, 0xF9, 0x43, 0x37, 0xFB, 0x7F, 0xE4,
    0x76, 0x99, 0x3B, 0x85, 0xDC, 0x31, 0xF9, 0x0F, 0x9B, 0x92, 0xF3, 0xE5, 0xFD, 0x80, 0xBB, 0xB3,
    0x7D, 0xFE, 0xB8, 0x88, 0xE6, 0xCC, 0x54, 0xF8, 0xF9, 0x97, 0xF1, 0x8B, 0x82, 0xE8, 0xCC, 0x35,
    0x28, 0x06, 0xF1, 0xFD, 0x41, 0x1B, 0x26, 0xD8, 0xCC, 0xEC, 0xED, 0xA2, 0x5B, 0x3D, 0x5D, 0x99,
    0xD1, 0xB6, 0x87, 0x3B, 0xFC, 0xBC, 0xCB, 0x9D, 0x9D, 0xD6, 0xAA, 0xE0, 0xCE, 0x47, 0x82, 0xD8,
    0x58, 0x99, 0x9E, 0xFF, 0x50, 0x9E, 0x31, 0xD7, 0x2A, 0x77, 0x90, 0x86, 0x4E, 0x1E, 0xAF, 0xAD,
    0x32, 0xBE, 0xD5, 0xB2, 0x55, 0xCF, 0xE3, 0xD1, 0x5B, 0x10, 0xEB, 0x15, 0xA2, 0x73, 0x58, 0x6E,
    0x0F, 0xA3, 0x58, 0xD4, 0x64, 0x15, 0x1C, 0xBE, 0xB1, 0x92, 0x99, 0x93, 0xCF, 0x57, 0x73, 0x2D,
    0xB5, 0x41, 0x6E, 0x0D, 0xEA, 0xB4, 0x2E, 0x79, 0xE7, 0xE4, 0x6B, 0x33, 0xD5, 0x7C, 0x0D, 0x4F,
    0xDD, 0x32, 0xBA, 0x2F, 0x7D, 0xD8, 0x96, 0xEE, 0xEE, 0x03, 0xDC, 0x9D, 0xEA, 0xD7, 0xB7, 0xB3,
    0x15, 0xBF, 0x8B, 0x00, 0xF6, 0x4B, 0xA2, 0x13, 0x70, 0x9F, 0xC5, 0x4E, 0x5B, 0x26, 0xAC, 0xF0,
    0x9A, 0xFA, 0xCC, 0xEC, 0xCA, 0x7A, 0xE8, 0xF6, 0x03, 0xB8, 0x1B, 0xD7, 0x45, 0x81, 0x97, 0x1C,
    0x98, 0x99, 0x2E, 0x42, 0xAE, 0xCB, 0xBB, 0xCD, 0x8C, 0xB8, 0x09, 0x2A, 0xCC, 0x6D, 0x0D, 0x2B,
    0x9F, 0x2A, 0x81, 0x13, 0x7E, 0xB2, 0x8B, 0x87, 0x2E, 0xE1, 0xA1, 0x8B, 0x14, 0xE1, 0x4B, 0x5E,
    0x9F, 0xF2, 0x75, 0x34, 0x88, 0xC7, 0xBF, 0x45, 0x63, 0x72, 0xA4, 0xAE, 0xD4, 0x1E, 0xA8, 0xC4,
    0x7D, 0xF8, 0x46, 0x12, 0x95, 0xA5, 0xA9, 0x2A, 0x38, 0x34, 0x8B, 0x2A, 0x3B, 0x90, 0x61, 0xEA,
    0x0F, 0xED, 0x7C, 0xE4, 0x26, 0x23, 0xFF, 0x83, 0x61, 0xF0, 0x6A, 0x1E, 0x96, 0x3A, 0x5C, 0xC3,
    0xD0, 0x98, 0xE1, 0x8C, 0xFF, 0x4B, 0xEA, 0x08, 0x07, 0x4A, 0x12, 0xC8, 0xE5, 0x56, 0xE9, 0xE9,
    0x1D, 0xB4, 0xFB, 0xDA, 0x44, 0xCA, 0x79, 0xB6, 0xB3, 0x39, 0x1A, 0xE4, 0xF1, 0x33, 0xEA, 0xE4,
    0x5C, 0x01, 0x61, 0xD8, 0xB9, 0xA3, 0x82, 0x55, 0x81, 0x76, 0x81, 0x9C, 0x32, 0xA7, 0x05, 0x3F,
    0x65, 0xA1, 0x9B, 0x6A, 0x74, 0xB9, 0x4B, 0xE5, 0xD8, 0xBA, 0x33, 0x3C, 0xBA, 0x3C, 0xEC, 0x03,
    0xDC, 0xF1, 0x0E, 0x11, 0xBD, 0x85, 0xD1, 0x1F, 0x24, 0xAC, 0x4E, 0x7A, 0x60, 0xCD, 0x04, 0x48,
    0x88, 0x04, 0x49, 0x98, 0x04, 0x4A, 0xA8, 0x04, 0x8B, 0xB9, 0x04, 0x4C, 0xC8, 0x04, 0x8D, 0x98,
    0x8D, 0x18, 0x8E, 0x26, 0x2B, 0x28, 0x55, 0x62, 0xF7, 0x63, 0x53, 0x12, 0xED, 0x1C, 0xDC, 0xE0,
    0x86, 0x04, 0x52, 0xEC, 0xE2, 0x23, 0x02, 0x2B, 0x01, 0x16, 0xCE, 0xAB, 0x09, 0xB8, 0xCC, 0xCB,
    0xC0, 0x04, 0x62, 0x9A, 0x20, 0x3F, 0x83, 0xC6, 0x01, 0xDD, 0x8D, 0x0C, 0x71, 0x05, 0xDC, 0x50,
    0x3E, 0x14, 0x3F, 0xD6, 0xBD, 0x2D, 0x0A, 0x72, 0x66, 0x03, 0xDA, 0x91, 0x15, 0x3C, 0x51, 0x79,
    0x16, 0x90, 0xA2, 0x0B, 0xED, 0x01, 0x49, 0x51, 0x93, 0xB4, 0x22, 0x98, 0x5C, 0xE3, 0x75, 0xB2,
    0x3F, 0xCB, 0x4C, 0x40, 0xB7, 0x28, 0xDC, 0xB3, 0x8A, 0x8B, 0x97, 0xC5, 0x6B, 0xD4, 0xDD, 0x22,
    0xFF, 0xA9, 0xB5, 0x63, 0x5A, 0xD8, 0xF9, 0x75, 0x4A, 0x2A, 0x45, 0x0C, 0xD1, 0x62, 0xEB, 0x79,
    0xC2, 0x14, 0x25, 0xE7, 0x07, 0x4F, 0x45, 0x76, 0x28, 0x6D, 0x38, 0x5B, 0x74, 0x1C, 0x89, 0x30,
    0xE7, 0x2A, 0xC7, 0x31, 0x7A, 0x8D, 0x98, 0x3A, 0xD4, 0xFC, 0x58, 0x24, 0x78, 0x3D, 0x29, 0x59,
    0x46, 0x8C, 0x06, 0x32, 0x7B, 0xC8, 0x6C, 0x48, 0xDB, 0x11, 0x80, 0xB5, 0x3B, 0xC0, 0xE1, 0x65,
    0xC7, 0x8E, 0x95, 0x5E, 0xD6, 0xFD, 0xC4, 0xC7, 0x5F, 0x10, 0x87, 0x3A, 0xC4, 0x93, 0x9B, 0x78,
    0xAE, 0xBF, 0x1D, 0xA6, 0x4F, 0x3B, 0xA4, 0x64, 0x6E, 0x3F, 0x99, 0x64, 0x6D, 0x6B, 0xA8, 0x46,
    0x16, 0x10, 0xE7, 0xD6, 0x82, 0xDC, 0xC1, 0x9F, 0x9B, 0x79, 0xA9, 0xC7, 0x33, 0xC5, 0x41, 0x1C,
    0xFC, 0xEA, 0x0D, 0x58, 0x95, 0x62, 0x5F, 0x11, 0x1F, 0x36, 0xEE, 0xB9, 0x99, 0x9D, 0xDB, 0x03,
    0x37, 0x55, 0x23, 0x3F, 0xB1, 0x46, 0x61, 0x8C, 0x86, 0xA9, 0x22, 0x24, 0xED, 0x3E, 0x26, 0x43,
    0xCB, 0xFB, 0xD8, 0x6E, 0x22, 0xCC, 0x11, 0xEA, 0x40, 0x7B, 0xDF, 0x8E, 0x49, 0x95, 0xD5, 0xDE,
    0x79, 0xAD, 0x2A, 0xD0, 0x46, 0xFB, 0xA9, 0xD8, 0xB8, 0x64, 0x0F, 0x9B, 0x49, 0x08, 0xB0, 0x90,
    0xD8, 0x3E, 0xB6, 0x30, 0x84, 0x19, 0xB2, 0x45, 0x60, 0x1F, 0xF0, 0xEF, 0x67, 0x13, 0x97, 0xB4,
    0xB6, 0x4D, 0x85, 0x6A, 0xE7, 0x35, 0xD4, 0x6D, 0x7C, 0xF9, 0x23, 0xEF, 0x44, 0x68, 0x2F, 0xA2,
    0xBD, 0x6B, 0x8A, 0xD6, 0xA6, 0xAC, 0x93, 0xF3, 0xE3, 0x46, 0x75, 0x7E, 0x84, 0x97, 0xA8, 0xE9,
    0x98, 0x71, 0x1D, 0x33, 0xB5, 0x68, 0x71, 0x95, 0x6C, 0xEC, 0x23, 0x0B, 0x2A, 0x69, 0x45, 0x4F,
    0x73, 0xE5, 0xA4, 0x6E, 0xC0, 0xED, 0xE0, 0xD7, 0xAB, 0xE7, 0x4C, 0x1D, 0x31, 0x0D, 0xE3, 0x73,
    0x5C, 0x39, 0x30, 0x29, 0x62, 0xA0, 0x65, 0x46, 0x19, 0xE9, 0x06, 0x1F, 0x50, 0x1A, 0x32, 0x9A,
    0xD3, 0xC8, 0x97, 0x86, 0xB4, 0x6D, 0x2D, 0x9D, 0x54, 0xCA, 0x56, 0xD1, 0xF2, 0x51, 0x53, 0x4E,
    0x18, 0xFD, 0x68, 0x9B, 0x9C, 0x37, 0x13, 0x93, 0x36, 0x5B, 0xD6, 0x94, 0x0F, 0x7E, 0x01, 0xC2,
    0xF9, 0x0C, 0x72, 0x96, 0x82, 0xAE, 0xDE, 0xB0, 0x39, 0x2F, 0x61, 0x3C, 0xFB, 0x0F, 0x4D, 0xDE,
    0x95, 0x84, 0x3A, 0x70, 0xFE, 0xB6, 0x63, 0x9D, 0xAA, 0xE3, 0x30, 0x17, 0xA6, 0x1B, 0xD3, 0xB3,
    0x3E, 0x19, 0xFF, 0xE6, 0xDC, 0xCD, 0x8B, 0x17, 0x50, 0x7D, 0xF8, 0x5B, 0xA3, 0x01, 0x0C, 0x78,
    0x69, 0xC8, 0x16, 0x0C, 0xD8, 0x84, 0x0C, 0x36, 0x94, 0x31, 0x1B, 0x41, 0x6C, 0x05, 0xB1, 0x19,
    0xC4, 0x76, 0x10, 0x1B, 0xC2, 0x5D, 0x4E, 0x6C, 0x0A, 0xB1, 0x2D, 0xC4, 0xC6, 0x10, 0x5B, 0xF3,
    0x78, 0xA8, 0x71, 0x9E, 0x65, 0x8B, 0x94, 0x6C, 0x87, 0xBB, 0x30, 0x60, 0x17, 0x06, 0xAC, 0xC2,
    0x80, 0x75, 0x18, 0x90, 0x1C, 0x5D, 0x6C, 0x49, 0xC0, 0x76, 0x66, 0xC2, 0x57, 0xFC, 0x7A, 0x36,
    0xC0, 0x9B, 0xEC, 0x6D, 0xAC, 0x3C, 0xCF, 0xA7, 0xA7, 0x04, 0xBE, 0x4D, 0x55, 0x8A, 0x95, 0x1C,
    0x2B, 0x49, 0x56, 0xB2, 0xEC, 0x6C, 0xA8, 0xFF, 0x33, 0xEF, 0x36, 0x90, 0xDA, 0xC9, 0xB6, 0x00,
    0x2E, 0x87, 0xF4, 0x88, 0xBF, 0xEF, 0xCC, 0x48, 0xEA, 0xE0, 0x0A, 0x36, 0x60, 0x04, 0xFA, 0x77,
    0xEC, 0xF1, 0x8B, 0x0D, 0x80, 0x71, 0xB5, 0x4F, 0x78, 0x76, 0x52, 0x7D, 0xF7, 0x0E, 0x4F, 0x35,
    0xA5, 0xB4, 0x37, 0x4D, 0x35, 0x55, 0x9F, 0xD2, 0xFA, 0x85, 0x37, 0xF6, 0x33, 0x95, 0x79, 0x89,
    0xC2, 0xF3, 0x36, 0xCA, 0x07, 0x3B, 0x0E, 0x63, 0x47, 0x87, 0xDA, 0xC1, 0xF3, 0x2E, 0x46, 0x5A,
    0xC0, 0x48, 0xC7, 0x91, 0x11, 0x4E, 0xA2, 0xAD, 0x20, 0x21, 0xAE, 0x53, 0xF4, 0x69, 0x26, 0x59,
    0x46, 0xB2, 0xE5, 0x96, 0x79, 0x05, 0xE4, 0x56, 0xC0, 0xCB, 0x7A, 0x99, 0xFA, 0x69, 0x84, 0x94,
    0xB0, 0x89, 0xB6, 0x87, 0x53, 0x23, 0x4E, 0x8C, 0x9A, 0x39, 0xD0, 0x60, 0x72, 0x84, 0x54, 0xD2,
    0x43, 0x7D, 0xD2, 0xFF, 0xAB, 0x88, 0xC3, 0x6F, 0x0A, 0x3A, 0x78, 0x72, 0x54, 0xC3, 0x3A, 0x05,
    0xFF, 0x8C, 0xD5, 0xBF, 0x6E, 0x76, 0x5E, 0xAE, 0x72, 0xAA, 0xEC, 0xDB, 0x94, 0x55, 0x32, 0x3A,
    0xCE, 0x6E, 0x7C, 0x78, 0x93, 0xF7, 0xD7, 0x7C, 0x2A, 0x9C, 0x9B, 0x92, 0xB9, 0xF2, 0x1D, 0x2E,
    0x41, 0xDF, 0x9F, 0x64, 0x03, 0x6D, 0xA7, 0x80, 0xFC, 0x3E, 0x03, 0xE5, 0x1D, 0xD4, 0x63, 0xEA,
    0x2E, 0x73, 0xFE, 0x8E, 0x5F, 0xD9, 0x5B, 0xC4, 0xA4, 0xC4, 0xA8, 0xC2, 0x2A, 0xB0, 0x42, 0x2B,
    0xB8, 0xC2, 0x2B, 0xC0, 0x42, 0xBC, 0x8F, 0x3C, 0xA9, 0xE5, 0x59, 0x16, 0x7E, 0x2B, 0xE0, 0xC4,
    0x12, 0x0A, 0x3E, 0x53, 0xFB, 0x1A, 0xD8, 0x1E, 0x73, 0x2F, 0xA0, 0xEB, 0xED, 0x60, 0xA2, 0x42,
    0x0B, 0xBA, 0xB0, 0x0B, 0xBC, 0xD0, 0x0B, 0xBE, 0xF0, 0xD3, 0x63, 0x06, 0x50, 0x20, 0x6F, 0x19,
    0x58, 0x60, 0x65, 0x8A, 0xDF, 0x19, 0x99, 0x60, 0x1C, 0xEE, 0x7A, 0x7D, 0xF6, 0xC4, 0x5A, 0xB4,
    0x61, 0x02, 0x7B, 0x8A, 0x71, 0x15, 0x79, 0x63, 0xC8, 0xCE, 0x52, 0x7B, 0xCB, 0x0C, 0xEC, 0xB0,
    0xA8, 0x72, 0x20, 0xF1, 0x20, 0xF3, 0x2F, 0x10, 0x79, 0xDF, 0x37, 0xD7, 0xDE, 0x7A, 0xB8, 0x69,
    0xC2, 0x35, 0x02, 0x56, 0xF9, 0xA2, 0x44, 0x7D, 0x67, 0x56, 0x2E, 0x75, 0x99, 0x4B, 0x5B, 0x3E,
    0xEE, 0xAB, 0xBB, 0x26, 0xEE, 0x5A, 0x33, 0x61, 0x26, 0xDA, 0xDF, 0x24, 0x93, 0x24, 0x26, 0x99,
    0x6B, 0xFF, 0x6A, 0x03, 0xFC, 0x8B, 0xFA, 0x85, 0xC6, 0xA1, 0xBA, 0xC7, 0x84, 0x07, 0xEF, 0xF9,
    0x55, 0x70, 0x84, 0xA5, 0x57, 0x78, 0xB9, 0xCA, 0xDD, 0x5C, 0x25, 0x48, 0xF0, 0xDA, 0x1E, 0x2C,
    0x20, 0x6D, 0xAD, 0xE0, 0x51, 0x20, 0x8F, 0x40, 0xDC, 0x4F, 0x68, 0x72, 0x80, 0xED, 0x99, 0xB8,
    0x55, 0x05, 0x2F, 0x68, 0x72, 0x20, 0x0C, 0x76, 0xAB, 0x20, 0x80, 0x3F, 0x2D, 0xD3, 0x09, 0x2A,
    0x63, 0xE4, 0x1C, 0xE4, 0x1E, 0x2F, 0x39, 0x87, 0x7A, 0x68, 0x05, 0xB9, 0x74, 0x95, 0x9C, 0x1C,
    0x87, 0xF7, 0x3C, 0x23, 0xFB, 0xCF, 0x84, 0xD4, 0x3F, 0x9A, 0xAC, 0xA2, 0x42, 0x1B, 0x18, 0x16,
    0x37, 0xA6, 0x25, 0x8C, 0x1F, 0x55, 0x69, 0xB7, 0x29, 0xD7, 0x13, 0xD5, 0xD9, 0x54, 0x5C, 0xF7,
    0x62, 0x72, 0x3F, 0x4A, 0x97, 0x7A, 0x5E, 0x52, 0x73, 0x91, 0x85, 0xB2, 0xCE, 0x7E, 0x1B, 0x1F,
    0x4E, 0x55, 0x25, 0x5E, 0x1B, 0x3A, 0xD6, 0x79, 0x7C, 0x31, 0xAF, 0xC4, 0x20, 0x93, 0xC7, 0xDB,
    0xD1, 0x72, 0x12, 0x86, 0x1C, 0x85, 0x12, 0x84, 0x9D, 0xE6, 0xEB, 0x4E, 0x9B, 0xC7, 0x24, 0xDA,
    0xEA, 0x60, 0x6B, 0x89, 0xF5, 0x5F, 0x8D, 0x56, 0xCF, 0x6F, 0xDC, 0x44, 0x14, 0xFE, 0xEC, 0x69,
    0xEB, 0x12, 0xD3, 0x4C, 0x0E, 0x8D, 0x10, 0xB0, 0x59, 0x73, 0x28, 0xA8, 0x54, 0x49, 0xDC, 0x43,
    0x90, 0x22, 0xD8, 0x5D, 0x4F, 0x9B, 0x43, 0x0E, 0x39, 0x34, 0x42, 0x5D, 0x71, 0x6C, 0x85, 0x84,
    0x84, 0x2A, 0x50, 0x8B, 0x94, 0x43, 0x25, 0x36, 0x59, 0x43, 0x25, 0x38, 0x70, 0x60, 0xFF, 0x84,
    0x72, 0x40, 0x42, 0x9C, 0x02, 0x2A, 0x08, 0x89, 0x24, 0x3B, 0x49, 0x0F, 0x39, 0xF4, 0x50, 0xB7,
    0x3D, 0x16, 0x09, 0x43, 0x85, 0x7A, 0xAC, 0x5B, 0x56, 0xC2, 0xA8, 0xDE, 0x98, 0xF7, 0xC6, 0x1B,
    0xB7, 0x69, 0x9B, 0x94, 0xB1, 0x67, 0x3C, 0x9E, 0x79, 0x33, 0xEF, 0x7B, 0x3F, 0x67, 0x30, 0xFF,
    0x44, 0x01, 0xDE, 0xD2, 0x12, 0x9E, 0x7A, 0x3D, 0xDC, 0x8F, 0xDD, 0x1E, 0x40, 0xE0, 0x9C, 0x7E,
    0x3F, 0x7C, 0x17, 0xF3, 0xBB, 0x3E, 0xC0, 0x8B, 0x78, 0xBB, 0x73, 0xB4, 0x73, 0x70, 0x77, 0x92,
    0xF9, 0x76, 0xD2, 0x4D, 0x9A, 0x83, 0x76, 0xB4, 0x79, 0xBA, 0x9D, 0xF7, 0x69, 0xD9, 0x68, 0xB3,
    0x19, 0xE4, 0x5B, 0x45, 0xA7, 0xD9, 0x9C, 0x0F, 0x72, 0x2A, 0x09, 0x4C, 0x79, 0x7A, 0xE4, 0xF2,
    0xD4, 0xF2, 0xFF, 0x7C, 0x80, 0xA1, 0xEF, 0xBF, 0xF3, 0xF2, 0x8C, 0x16, 0x05, 0xA6, 0x05, 0x6C,
    0x5D, 0xC5, 0x34, 0x56, 0xB0, 0x86, 0x25, 0xEC, 0xA3, 0x7F, 0x57, 0xCB, 0xC8, 0x89, 0x84, 0x76,
    0x54, 0xDD, 0xCC, 0x4B, 0x2D, 0xB5, 0xA3, 0x85, 0x76, 0x89, 0x0A, 0xF0, 0x10, 0xA8, 0x25, 0x5C,
    0xA4, 0x7E, 0xB5, 0xE0, 0x6D, 0xAF, 0x47, 0x55, 0xA9, 0xA6, 0xC7, 0xB1, 0x52, 0xC7, 0x5A, 0x80,
    0xA5, 0x00, 0xFB, 0x78, 0x17, 0xB8, 0x57, 0x23, 0x79, 0x3B, 0x71, 0x6E, 0x25, 0x62, 0x3D, 0x72,
    0x66, 0x74, 0x7D, 0xB2, 0x20, 0x87, 0xDC, 0xA4, 0xF1, 0xD8, 0xB9, 0x15, 0x8B, 0x8D, 0xC8, 0x9D,
    0x0D, 0xA7, 0x27, 0x78, 0xD0, 0x73, 0x75, 0xE0, 0xE9, 0x35, 0x5F, 0x2D, 0x8C, 0x63, 0xAA, 0x82,
    0x31, 0x57, 0xF1, 0x28, 0xF1, 0xAF, 0x81, 0xB9, 0x4E, 0xE1, 0xED, 0x9F, 0x2F, 0x07, 0x79, 0x34,
    0x12, 0x2B, 0x2B, 0x81, 0xA0, 0x37, 0x86, 0xD0, 0xE6, 0x0D, 0xE1, 0x80, 0xDF, 0x21, 0xE0, 0x05,
    0x56, 0xB6, 0x11, 0x41, 0x44, 0xC5, 0x9C, 0xFD, 0x30, 0x17, 0xA4, 0x44, 0xC9, 0xB0, 0x19, 0x2F,
    0x4D, 0x1F, 0x04, 0xC6, 0x81, 0x16, 0x48, 0x84, 0x63, 0xBC, 0x67, 0x7C, 0xF8, 0x1B, 0x85, 0x18,
    0x76, 0x0C, 0x4B, 0xC1, 0xED, 0xF8, 0xBD, 0x20, 0x6D, 0x67, 0xED, 0x34, 0x48, 0xDC, 0x30, 0x44,
    0x8A, 0x3C, 0xCC, 0x93, 0x3C, 0x4C, 0x11, 0xB2, 0xC2, 0x48, 0xF4, 0xA0, 0x10, 0x22, 0x10, 0x49,
    0x30, 0xD3, 0xA3, 0x76, 0x20, 0x14, 0x56, 0x44, 0x14, 0x20, 0x73, 0x63, 0x6A, 0x9C, 0xA8, 0xB1,
    0x3D, 0x1A, 0xA0, 0x0D, 0xFE, 0x39, 0xD7, 0x39, 0xBB, 0x87, 0x8F, 0xCC, 0xD3, 0x3C, 0x3A, 0x7B,
    0x11, 0x8C, 0xAA, 0x76, 0x54, 0x3C, 0xBB, 0x7B, 0xE3, 0xA8, 0xFA, 0x40, 0x31, 0xF1, 0xDE, 0x34,
    0xA3, 0x86, 0xCF, 0x5E, 0x34, 0x83, 0x22, 0xFA, 0xA4, 0x75, 0xB2, 0xD6, 0x29, 0x52, 0x0E, 0x30,
    0x29, 0x4F, 0x6A, 0xFA, 0xD4, 0xE4, 0x2C, 0x1B, 0xA6, 0x25, 0x87, 0x99, 0xA4, 0xE5, 0x8D, 0x9B,
    0xCF, 0xC4, 0x42, 0x8E, 0x6E, 0x58, 0x6B, 0xDD, 0xD9, 0xDC, 0xB8, 0x13, 0x79, 0x7F, 0x5E, 0x9F,
    0xD9, 0xDC, 0x88, 0xE1, 0x78, 0xE2, 0xFA, 0xE7, 0x31, 0x0E, 0x4D, 0x3A, 0xD7, 0xC9, 0x1A, 0xB5,
    0x49, 0xF7, 0x6B, 0xB2, 0xC8, 0xF2, 0xA4, 0x94, 0x4E, 0x88, 0x68, 0x92, 0xBE, 0x64, 0x1E, 0xB7,
    0xE7, 0x64, 0x78, 0xB2, 0x0C, 0x18, 0x97, 0xAC, 0x4B, 0xE6, 0x25, 0xFB, 0x12, 0x40, 0x09, 0xA1,
    0x04, 0x11, 0xE8, 0x01, 0x8C, 0xFB, 0x49, 0x01, 0xE4, 0x4E, 0x94, 0x14, 0x50, 0xEE, 0xEA, 0xA4,
    0x00, 0x73, 0x9B, 0x3A, 0x06, 0xCE, 0xB5, 0xCF, 0xE2, 0x02, 0xD0, 0x57, 0x97, 0xA2, 0x02, 0x92,
    0xF3, 0x65, 0x58, 0x80, 0xB2, 0xB7, 0x1E, 0xE1, 0x91, 0xDA, 0x53, 0x3E, 0xB9, 0x62, 0x0D, 0xC7,
    0xC9, 0x77, 0x13, 0x6F, 0x4E, 0xFB, 0x32, 0xAC, 0x4B, 0xD4, 0x86, 0x71, 0xBC, 0x42, 0x23, 0x0F,
    0x52, 0x6F, 0xEE, 0x6A, 0xE2, 0xCB, 0x4B, 0x51, 0x5D, 0x0A, 0x5D, 0x1B, 0x76, 0xD4, 0xF1, 0xCA,
    0x10, 0x56, 0x97, 0x1A, 0xD5, 0xE1, 0xA1, 0x55, 0x8A, 0x15, 0x4F, 0x35, 0xA4, 0xAA, 0xBA, 0x8A,
    0x26, 0x86, 0x84, 0x5A, 0x0D, 0x4E, 0xE9, 0x25, 0xDA, 0xA3, 0x21, 0x67, 0x75, 0xD5, 0x9D, 0xD1,
    0xC3, 0xCE, 0xC9, 0x88, 0x86, 0x23, 0x76, 0xEB, 0x1E, 0x9C, 0x15, 0xC8, 0x31, 0x54, 0x69, 0x73,
    0xC7, 0x08, 0x1A, 0x0B, 0x62, 0xBE, 0x44, 0xB1, 0x59, 0xC7, 0x24, 0x79, 0xF1, 0x01, 0xB8, 0x70,
    0x42, 0xA1, 0x45, 0x62, 0x27, 0x4E, 0x24, 0x55, 0x0D, 0xAF, 0x61, 0xC4, 0xD5, 0x23, 0x17, 0xA5,
    0xBE, 0x32, 0x29, 0x37, 0x62, 0x37, 0x74, 0x43, 0x3B, 0xA6, 0x40, 0xFB, 0xE5, 0x17, 0x2C, 0xFA,
    0x71, 0xBA, 0x26, 0xD7, 0x33, 0xFE, 0xF2, 0x3F, 0x8F, 0xF3, 0x3C, 0xD3, 0x31, 0x3D, 0xAF, 0xB3,
    0xB3, 0x36, 0x44, 0xBA, 0x46, 0x01, 0xB5, 0x4A, 0x35, 0xA3, 0xA8, 0x4A, 0xE1, 0x68, 0x82, 0x41,
    0x2A, 0x72, 0x4F, 0xC4, 0x70, 0xAD, 0x08, 0xD2, 0xD6, 0xA5, 0x2A, 0x02, 0xA9, 0xD1, 0x96, 0x11,
    0x1A, 0xB2, 0x1C, 0xF3, 0xF3, 0x70, 0xD5, 0x4D, 0x56, 0x44, 0xEF, 0x8D, 0xBF, 0x7B, 0xF6, 0xDF,
    0x89, 0xB8, 0x1B, 0x8B, 0x7B, 0x21, 0x99, 0xB0, 0x08, 0xCD, 0x6D, 0x0D, 0xC2, 0xD3, 0x90, 0xDB,
    0xBF, 0x45, 0xD6, 0x1A, 0x01, 0x2C, 0x36, 0xF4, 0x18, 0x25, 0x59, 0x8B, 0x58, 0xE6, 0x39, 0xCD,
    0x8F, 0x72, 0xC2, 0x3C, 0x90, 0x77, 0x60, 0xE5, 0x14, 0xB6, 0x6E, 0x07, 0xAF, 0xEA, 0xA3, 0xAC,
    0x06, 0xCA, 0x51, 0x10, 0x14, 0x9E, 0xC0, 0x21, 0x13, 0xBE, 0xB4, 0x6E, 0x19, 0x48, 0x60, 0xF7,
    0x20, 0x3E, 0x82, 0x7B, 0x08, 0x87, 0x5C, 0x8C, 0x0B, 0x35, 0x65, 0xEB, 0x65, 0x44, 0xDB, 0xD0,
    0x4C, 0x7E, 0x72, 0xC7, 0x0C, 0x82, 0xDF, 0xCE, 0x52, 0x6B, 0xE5, 0x3D, 0x83, 0x98, 0x99, 0x54,
    0xDF, 0x31, 0x74, 0x9F, 0x98, 0x00, 0xEE, 0x9D, 0xA0, 0xB4, 0xD1, 0x1A, 0x99, 0x89, 0x50, 0x5F,
    0xB0, 0xEE, 0x10, 0xDA, 0x1F, 0xA3, 0x5F, 0xCF, 0xE0, 0xA5, 0xFC, 0xC6, 0xF9, 0x1C, 0xED, 0xBE,
    0x78, 0x18, 0xE3, 0xC8, 0xEF, 0x1B, 0x73, 0x8B, 0xB0, 0x6E, 0x85, 0x72, 0x1C, 0x76, 0xC4, 0xD9,
    0xA4, 0x54, 0x40, 0x16, 0xA4, 0x41, 0xCA, 0x3D, 0x36, 0x19, 0x65, 0x1A, 0xC6, 0x87, 0x05, 0x83,
    0x9A, 0xB5, 0x00, 0x4E, 0x65, 0x0C, 0x85, 0x32, 0x19, 0x83, 0x26, 0x95, 0x1A, 0xCD, 0x30, 0x25,
    0xA7, 0x3E, 0xCE, 0xA9, 0xE8, 0x26, 0x20, 0x8F, 0xCB, 0x60, 0x65, 0xB0, 0x53, 0x23, 0x95, 0xC9,
    0x72, 0x0E, 0x99, 0x21, 0x07, 0x29, 0x9C, 0x34, 0x58, 0x28, 0xD1, 0x0F, 0x29, 0x07, 0x51, 0x5A,
    0x41, 0xBB, 0x83, 0x73, 0x97, 0xE9, 0x43, 0x06, 0xEB, 0x6D, 0x93, 0x92, 0xC1, 0xA2, 0x01, 0xB5,
    0xA7, 0x45, 0xBE, 0x4D, 0xCA, 0xD4, 0xA0, 0xEC, 0x8E, 0x3E, 0xB3, 0x78, 0x29, 0xC3, 0xB1, 0xEF,
    0x06, 0xD8, 0x3D, 0x16, 0x0F, 0x6B, 0xDE, 0x3A, 0xF9, 0x41, 0x26, 0x6F, 0x26, 0x7E, 0xD8, 0x92,
    0x37, 0xA8, 0xE5, 0x4D, 0x68, 0xAD, 0xAF, 0x8B, 0x85, 0x76, 0xC6, 0x4C, 0x3C, 0xDA, 0x58, 0x31,
    0x64, 0x59, 0x88, 0xF8, 0x58, 0x09, 0x78, 0x63, 0xA6, 0x25, 0x0E, 0x0D, 0xD3, 0x7F, 0x54, 0x88,
    0x47, 0x9F, 0x39, 0x64, 0xF2, 0x46, 0xDA, 0x92, 0x37, 0x7B, 0x20, 0x3E, 0xF0, 0xAF, 0xC6, 0x58,
    0xA3, 0x13, 0xA6, 0x27, 0xB4, 0x54, 0x22, 0x94, 0x9C, 0xC0, 0xCB, 0xBD, 0x7C, 0xD5, 0x46, 0x10,
    0x36, 0xE0, 0x3F, 0xDA, 0xC4, 0xCE, 0x7C, 0x72, 0xA9, 0xB4, 0x1F, 0x28, 0x71, 0x3F, 0x25, 0xD9,
    0x92, 0x84, 0x9A, 0x98, 0xB4, 0xE1, 0x68, 0x5A, 0xE0, 0x68, 0xAB, 0x4F, 0x6A, 0x96, 0x24, 0x3F,
    0x6B, 0x5A, 0x62, 0x6C, 0x27, 0xB8, 0x55, 0xC6, 0xB6, 0xC5, 0xD0, 0x56, 0x06, 0x63, 0x6F, 0x36,
    0x3F, 0xA4, 0xD3, 0x8F, 0x5E, 0x3A, 0x09, 0xAD, 0xD3, 0xE4, 0x4D, 0x17, 0x8C, 0x6D, 0xC8, 0x62,
    0x11, 0xAC, 0xF2, 0x5C, 0x31, 0x0E, 0x27, 0xF9, 0x5C, 0xE9, 0xE6, 0x3D, 0xEF, 0x7C, 0xDF, 0xF5,
    0xB6, 0x5C, 0x2F, 0x37, 0x2F, 0x75, 0x32, 0xD7, 0xEB, 0xB9, 0x15, 0x3C, 0xF3, 0xA5, 0x20, 0xEE,
    0x7A, 0x7A, 0x74, 0xBF, 0xB2, 0x9A, 0x4D, 0x48, 0x72, 0xE5, 0x20, 0xBD, 0xB0, 0xA3, 0xFA, 0xE9,
    0x02, 0x99, 0x36, 0x1F, 0x1C, 0xE7, 0xF3, 0xE4, 0x94, 0x14, 0x7D, 0x73, 0xF9, 0x8E, 0xEA, 0xCC,
    0xD1, 0xBA, 0x3C, 0x2D, 0x05, 0xB9, 0x82, 0xE9, 0x2B, 0x68, 0xFC, 0x10, 0x3A, 0xB9, 0xEE, 0xFE,
    0xAB, 0x7E, 0xBA, 0xA7, 0xEC, 0x6B, 0xA1, 0x58, 0x07, 0x14, 0x05, 0x12, 0x9D, 0xD1, 0x51, 0x19,
    0x60, 0x9C, 0x32, 0xD1, 0x25, 0x63, 0x2C, 0x93, 0x5C, 0x13, 0x83, 0x11, 0x8B, 0x76, 0x92, 0x9D,
    0x33, 0x61, 0x8D, 0x32, 0xC1, 0xB2, 0x91, 0x76, 0xF7, 0xC2, 0xF3, 0x4C, 0xC7, 0xF4, 0xD6, 0x63,
    0x08, 0x8C, 0x3F, 0xDF, 0xD2, 0xB0, 0xFE, 0xF9, 0x82, 0x1C, 0xBF, 0x0B, 0x91, 0xFF, 0x05, 0x71,
    0x9B, 0xE6, 0x87, 0xE9, 0xA4, 0xAE, 0xEE, 0xE3, 0x88, 0x36, 0x4E, 0x3D, 0x4C, 0xFE, 0xE1, 0x5D,
    0x3C, 0x0B, 0xFB, 0x61, 0x82, 0x60, 0x6B, 0x1E, 0x13, 0x9F, 0x12, 0xB4, 0x07, 0xE4, 0xF8, 0x89,
    0x32, 0x81, 0x0F, 0x2C, 0x8E, 0x6F, 0xD5, 0x56, 0xA7, 0x88, 0x51, 0x82, 0xC8, 0xA2, 0xBB, 0x85,
    0x50, 0x0E, 0x69, 0x7A, 0x18, 0x95, 0xA5, 0x5A, 0x77, 0x7A, 0x91, 0x36, 0x52, 0x87, 0xBD, 0x64,
    0x7A, 0xBC, 0xB5, 0x30, 0xED, 0x25, 0x47, 0xE8, 0x60, 0xDE, 0xFF, 0x2D, 0x4B, 0x90, 0xC7, 0x9C,
    0x45, 0x5A, 0x1C, 0x33, 0xAE, 0x91, 0xC9, 0x80, 0x8A, 0x51, 0xBB, 0xAB, 0xAA, 0xF7, 0x30, 0x9B,
    0x2A, 0xA2, 0x78, 0xEF, 0xDF, 0x79, 0xEA, 0xD7, 0xEE, 0x86, 0xF8, 0x83, 0x55, 0xC3, 0x55, 0x98,
    0xDC, 0x6A, 0xF3, 0x61, 0xB2, 0x6A, 0x7C, 0x74, 0xE0, 0x06, 0xC5, 0xB8, 0x39, 0xC3, 0xE5, 0xE6,
    0xFD, 0xB4, 0x2F, 0xBF, 0xDA, 0x48, 0x32, 0x4F, 0x5E, 0x8A, 0x93, 0x09, 0x29, 0xD6, 0x63, 0x4A,
    0xE5, 0x27, 0x35, 0xE5, 0x72, 0x5B, 0x99, 0x53, 0x91, 0xC2, 0xC2, 0x54, 0x4F, 0xD1, 0x15, 0xC3,
    0xA2, 0xBB, 0x92, 0x1B, 0x75, 0x21, 0xE3, 0x06, 0xB9, 0x5F, 0xE1, 0xE8, 0xAA, 0x9C, 0xE7, 0xC2,
    0x34, 0x6D, 0xA2, 0x69, 0x13, 0x4D, 0xBD, 0xA4, 0x09, 0x77, 0xD0, 0x6C, 0xEF, 0xC1, 0xDF, 0x62,
    0xA0, 0x5B, 0x5E, 0x1D, 0xA8, 0xBF, 0x84, 0x67, 0x6D, 0x5C, 0xCE, 0x97, 0x00, 0xDC, 0x68, 0xC7,
    0xC4, 0x93, 0xF4, 0xFB, 0x50, 0xAF, 0xF8, 0x8B, 0x95, 0xE0, 0x68, 0xE5, 0x65, 0x54, 0x30, 0xFA,
    0x71, 0xB3, 0x4D, 0x8E, 0x57, 0x01, 0xBD, 0xB5, 0x4A, 0x95, 0xC6, 0xA9, 0x2D, 0x6E, 0x2A, 0xC1,
    0x63, 0xB7, 0x96, 0xA7, 0xFA, 0x8D, 0x76, 0xDD, 0xD4, 0xBA, 0xA9, 0x0D, 0xBA, 0x4A, 0xBC, 0xA2,
    0xF8, 0xBA, 0xF0, 0x9C, 0x2B, 0x49, 0x87, 0x2F, 0xD3, 0x7B, 0xD3, 0x04, 0x74, 0xC6, 0x49, 0xEC,
    0xC7, 0x5E, 0x57, 0x92, 0x21, 0xF2, 0x0E, 0x9F, 0x4E, 0xF7, 0xBD, 0x68, 0x24, 0x8E, 0xEB, 0x63,
    0xE1, 0xD0, 0x1E, 0xFB, 0x1C, 0xC6, 0xCB, 0x78, 0x1E, 0xE6, 0xFF, 0x00, 0x55, 0x93, 0x31, 0x6F,
    0xD3, 0x40, 0x14, 0xC7, 0xFF, 0xB6, 0x4B, 0xAD, 0x72, 0x90, 0xCB, 0x02, 0x12, 0x50, 0xD9, 0x1D,
    0x18, 0x18, 0x72, 0x67, 0x86, 0x0C, 0x15, 0x3A, 0xC7, 0xDE, 0x59, 0x1B, 0x31, 0xF2, 0x11, 0x60,
    0xE8, 0x70, 0xAA, 0xDC, 0xD4, 0x82, 0x0F, 0xC1, 0xD8, 0x0C, 0x6C, 0x95, 0xCA, 0xE2, 0xC1, 0x43,
    0xAA, 0x64, 0x62, 0x36, 0x12, 0x1F, 0x20, 0x0B, 0x1B, 0x94, 0x1B, 0x32, 0x04, 0x94, 0xB4, 0xBC,
    0x3B, 0xA7, 0x14, 0xEC, 0x53, 0x72, 0x77, 0xEF, 0xDE, 0xBD, 0xF7, 0x7F, 0xBF, 0x67, 0xE4, 0xAC,
    0x16, 0x3D, 0x25, 0xEA, 0x74, 0xA1, 0x4C, 0x61, 0xAA, 0xCA, 0x64, 0x25, 0xB0, 0x9D, 0xB3, 0x1C,
    0x48, 0xC0, 0x11, 0x41, 0x20, 0x85, 0x42, 0x42, 0x6B, 0xFB, 0x0C, 0x80, 0x35, 0xFC, 0x09, 0xEE,
    0x2A, 0x3C, 0xD3, 0x38, 0xBA, 0xC2, 0xF0, 0x17, 0x60, 0xC0, 0x56, 0xD6, 0x18, 0x5C, 0x83, 0x9D,
    0xE1, 0x9E, 0x87, 0xCE, 0x47, 0x3C, 0x3A, 0x06, 0x24, 0xFA, 0x12, 0x4A, 0x21, 0x9E, 0x3B, 0xDF,
    0x6E, 0x78, 0x1E, 0xDD, 0x57, 0x18, 0x8D, 0x27, 0x45, 0xA5, 0x2A, 0x75, 0x58, 0x25, 0x8D, 0xDB,
    0xCF, 0xAE, 0xF1, 0xE2, 0x1C, 0x7B, 0x3D, 0xE0, 0x2D, 0x30, 0x87, 0x3F, 0x43, 0x08, 0x74, 0x80,
    0x9E, 0xF5, 0x41, 0x78, 0x09, 0xCE, 0xC0, 0x39, 0xF8, 0x77, 0x1B, 0x46, 0x0D, 0x70, 0x18, 0x43,
    0x0B, 0xC4, 0x0B, 0xE7, 0x9C, 0xF3, 0x5A, 0xF5, 0x0A, 0x51, 0xA4, 0x83, 0xC9, 0x1D, 0x85, 0xEA,
    0xCB, 0xFC, 0xC4, 0x66, 0x3A, 0x03, 0x1A, 0x3B, 0xE8, 0xEA, 0x87, 0xDF, 0x36, 0x73, 0xE4, 0x76,
    0xF9, 0x60, 0x68, 0x07, 0x4D, 0xE8, 0xF9, 0x3B, 0x41, 0xD7, 0x9B, 0xB3, 0x32, 0x26, 0x9D, 0x05,
    0x6A, 0xF7, 0x6A, 0x9A, 0x47, 0xF0, 0xE1, 0xD9, 0x74, 0x0C, 0xAA, 0xCD, 0xF6, 0x02, 0xC6, 0x6F,
    0xC2, 0x52, 0x62, 0x0F, 0x89, 0x04, 0x3F, 0x45, 0xCC, 0x21, 0x63, 0xA4, 0x11, 0x94, 0x44, 0x11,
    0x97, 0x2E, 0x23, 0x36, 0x91, 0x42, 0x09, 0x2D, 0x2A, 0x5B, 0x53, 0x5D, 0x99, 0xC4, 0x6D, 0xA3,
    0x66, 0xCB, 0x2D, 0xF2, 0x87, 0xF1, 0xE6, 0x7E, 0x13, 0x34, 0xD9, 0xCA, 0x8A, 0xBB, 0xB2, 0xCA,
    0xB6, 0x39, 0xA8, 0xCC, 0x14, 0x84, 0x62, 0x45, 0xDB, 0x38, 0x59, 0x63, 0xBA, 0x72, 0xD2, 0x7F,
    0x92, 0x35, 0xF7, 0xC8, 0x7A, 0x0C, 0x7F, 0x69, 0xEB, 0xF9, 0x9C, 0xA4, 0xA7, 0x48, 0x5A, 0xE9,
    0xB0, 0x3B, 0xB8, 0xD8, 0xE0, 0xD8, 0x2D, 0x30, 0x6A, 0x71, 0x2C, 0x6E, 0x71, 0x84, 0x67, 0xD8,
    0x71, 0x38, 0x76, 0x08, 0x47, 0x8C, 0x3E, 0xE5, 0x99, 0xDE, 0x54, 0xAE, 0x1B, 0x5C, 0x76, 0x08,
    0xC7, 0x60, 0x5C, 0x38, 0x1C, 0xBA, 0x8A, 0x5B, 0x1C, 0x49, 0x8B, 0x63, 0x17, 0xE8, 0xDF, 0xE0,
    0xC8, 0xFF, 0xC1, 0x41, 0x39, 0xB1, 0x9C, 0xBF, 0x04, 0xFB, 0x81, 0x90, 0x70, 0x64, 0xD0, 0x54,
    0xB7, 0xFF, 0x70, 0x08, 0x25, 0x95, 0x18, 0x5C, 0x10, 0x0E, 0x3D, 0x36, 0x27, 0x24, 0xDE, 0xCF,
    0x83, 0x32, 0x28, 0xA7, 0xEB, 0x57, 0x5F, 0xED, 0xBF, 0x87, 0xE9, 0x7A, 0x78, 0x30, 0x3C, 0xB8,
    0x5E, 0x03, 0xED, 0x2F, 0xB6, 0x50, 0x05, 0x33, 0x9E, 0x47, 0xAE, 0xD5, 0xDA, 0x37, 0xA5, 0xE6,
    0xF3, 0x09, 0xA5, 0x2B, 0x7F, 0x4D, 0x5C, 0x0A, 0xC7, 0x66, 0xE1, 0x19, 0x3A, 0x49, 0x99, 0xF9,
    0xBF, 0xD1, 0xA1, 0xC0, 0x91, 0x6D, 0x85, 0x9A, 0x22, 0x4D, 0x90, 0x65, 0x36, 0x01, 0x7F, 0x11,
    0x29, 0xA5, 0x46, 0x73, 0x72, 0xE9, 0x26, 0xD4, 0x77, 0xFE, 0x32, 0x12, 0x2A, 0xD6, 0x51, 0x2D,
    0xB4, 0xB2, 0x6B, 0xF6, 0xAE, 0x0C, 0x3E, 0xC3, 0x5B, 0xDA, 0xAE, 0xA5, 0x9A, 0x52, 0xE1, 0xF6,
    0x9D, 0x1F, 0x9B, 0x3F, 0xAD, 0xA1, 0xD8, 0x6A, 0x9F, 0x80, 0xD9, 0x9C, 0x1F, 0x03, 0x3C, 0xA7,
    0x1C, 0x10, 0x1F, 0x23, 0x79, 0x83, 0x41, 0x64, 0x45, 0x52, 0x2F, 0x6B, 0x6A, 0xB2, 0xCC, 0xB6,
    0xD8, 0xED, 0x01, 0x99, 0xCB, 0x1E, 0xD2, 0x31, 0xB2, 0x06, 0xA9, 0x81, 0x5E, 0xA2, 0x4A, 0xE1,
    0x0E, 0xF0, 0x9C, 0x53, 0xD1, 0xE5, 0x46, 0x95, 0x86, 0x0D, 0x24, 0x85, 0x44, 0xFC, 0xE9, 0x14,
    0x09, 0x75, 0x4E, 0x2A, 0x2D, 0x0F, 0x7B, 0x6D, 0x4A, 0xF7, 0xB6, 0x9F, 0x98, 0xA4, 0x52, 0x92,
    0x95, 0xBB, 0x9E, 0x12, 0x16, 0x97, 0x76, 0x86, 0x27, 0xAF, 0xC1, 0x3E, 0x94, 0xFC, 0xFD, 0x8C,
    0x87, 0x25, 0x01, 0x88, 0x38, 0x12, 0xCA, 0x17, 0x76, 0x8C, 0xD0, 0x0A, 0x50, 0x7D, 0x62, 0xDB,
    0xF8, 0xC6, 0x98, 0x23, 0x47, 0x32, 0x40, 0xD2, 0xDC, 0x86, 0xB7, 0xDF, 0xF5, 0x1F, 0x5D, 0x56,
    0x5D, 0x68, 0xDE, 0x54, 0x18, 0x7E, 0x92, 0xB3, 0x36, 0xD2, 0xB0, 0x65, 0x17, 0xDB, 0x85, 0xEB,
    0x6C, 0x6E, 0x54, 0xC6, 0x98, 0x44, 0xA4, 0x42, 0xA7, 0xAE, 0x27, 0xB6, 0xC2, 0x40, 0x07, 0xF6,
    0x62, 0xC5, 0x0B, 0xC5, 0x7A, 0xE1, 0xBD, 0xC5, 0x0D, 0xE6, 0xC5, 0xDA, 0x64, 0xEA, 0xA5, 0x60,
    0x6F, 0xFC, 0x17, 0x36, 0x61, 0x57, 0x1B, 0xD2, 0xE2, 0x55, 0x2F, 0xBE, 0x7E, 0x39, 0x5B, 0x07,
    0x32, 0x99, 0x10, 0x84, 0x39, 0x51, 0xC7, 0x02, 0x9B, 0x38, 0x19, 0xDB, 0xA2, 0x64, 0x2C, 0xAD,
    0x49, 0x8E, 0xCF, 0x49, 0xBA, 0x1F, 0xFC, 0xE0, 0xBC, 0xE9, 0xF7, 0x25, 0x79, 0xCF, 0xFB, 0x3E,
    0xEF, 0xF3, 0x3C, 0xA7, 0x00, 0x60, 0xE9, 0x0C, 0xDE, 0xD9, 0x1C, 0xD2, 0xCA, 0x30, 0xCF, 0xEF,
    0xBD, 0x81, 0xE9, 0xA9, 0xCA, 0x5F, 0xCF, 0x2B, 0x27, 0x5D, 0xEA, 0xB9, 0xE9, 0xD4, 0xBC, 0xA7,
    0xE0, 0x6B, 0x1D, 0xC2, 0x8F, 0x01, 0x3F, 0x04, 0x02, 0x28, 0x48, 0x5B, 0xD9, 0x5A, 0x2B, 0xE0,
    0x07, 0x26, 0xB8, 0x00, 0xBC, 0xD3, 0x40, 0xE8, 0x48, 0x79, 0xBF, 0x46, 0x4A, 0x1E, 0x38, 0x1E,
    0x47, 0xBB, 0xCE, 0xA1, 0xFF, 0x4C, 0x8C, 0xFA, 0x10, 0x50, 0x5F, 0x02, 0x9A, 0x1F, 0x01, 0xFD,
    0x35, 0x10, 0xBD, 0xFD, 0x18, 0x82, 0xF5, 0x12, 0x5B, 0xF4, 0x02, 0x76, 0xF2, 0xED, 0x67, 0xB9,
    0xBA, 0xCF, 0x56, 0x60, 0x58, 0xC7, 0x58, 0xF1, 0x32, 0x91, 0x3B, 0x99, 0x9B, 0x0A, 0xE5, 0xF3,
    0x9E, 0x8C, 0x2D, 0x48, 0xFF, 0x8A, 0x8A, 0xDC, 0x1B, 0x2A, 0x71, 0xCF, 0x86, 0x89, 0x17, 0x23,
    0xF1, 0x42, 0x44, 0x3E, 0xEF, 0xDD, 0x1E, 0x62, 0x5D, 0x3D, 0xD8, 0xAC, 0x1F, 0x6D, 0x1F, 0x9A,
    0x4D, 0x7C, 0xCA, 0x15, 0x72, 0x21, 0xE3, 0x42, 0xDB, 0xD0, 0x0A, 0x97, 0xAE, 0x59, 0xC8, 0x41,
    0x58, 0x15, 0x5B, 0xD0, 0x29, 0x9C, 0xB5, 0x10, 0x22, 0x07, 0x9C, 0x82, 0x35, 0xE9, 0x8D, 0x12,
    0x5C, 0xF6, 0x28, 0xD9, 0x6C, 0xCF, 0x55, 0xA8, 0x9C, 0x10, 0x7C, 0xD6, 0xAC, 0xC1, 0xE6, 0x24,
    0x86, 0xF4, 0x49, 0xE0, 0xA8, 0x79, 0x37, 0xC7, 0xC0, 0xDA, 0x14, 0x08, 0x15, 0x44, 0x33, 0x61,
    0x70, 0xC1, 0xDE, 0xD7, 0xCB, 0x7B, 0x4D, 0x6C, 0x69, 0xE3, 0x4E, 0x60, 0x60, 0x6A, 0xDB, 0xDE,
    0x05, 0x04, 0xFF, 0x68, 0x5D, 0xC0, 0x59, 0x4F, 0xEE, 0x96, 0x70, 0x4A, 0x79, 0xB6, 0x84, 0x9B,
    0xCB, 0x89, 0x02, 0x5E, 0x16, 0x09, 0x46, 0xD5, 0x67, 0x09, 0xBE, 0xAA, 0x1D, 0xC6, 0x63, 0x95,
    0x9B, 0x21, 0x98, 0x34, 0x51, 0xBE, 0x5A, 0xB9, 0xEB, 0x90, 0x23, 0x95, 0xE0, 0xE6, 0xA3, 0x6D,
    0xC6, 0xAE, 0xC1, 0xB8, 0xEB, 0x32, 0xF6, 0x2A, 0x48, 0x25, 0x52, 0xC8, 0x4C, 0x28, 0x3C, 0x9F,
    0x8B, 0x18, 0x87, 0x0A, 0x11, 0x0E, 0xFE, 0xDB, 0x2C, 0x5E, 0x1B, 0x5C, 0xD7, 0x8B, 0x27, 0x90,
    0x25, 0x1E, 0x3C, 0x4D, 0x38, 0x2C, 0xE5, 0x5F, 0x86, 0xAD, 0xF8, 0x82, 0x50, 0x0E, 0x43, 0x2C,
    0x58, 0x42, 0x6C, 0x17, 0x88, 0x72, 0xE4, 0x1C, 0x58, 0xC3, 0x69, 0x46, 0x33, 0xCC, 0x2E, 0x59,
    0x03, 0x4C, 0x51, 0xE8, 0x8B, 0x62, 0x2B, 0x6A, 0x51, 0xCC, 0x82, 0x75, 0x65, 0x56, 0xE5, 0xFF,
    0xD6, 0xD8, 0xBA, 0x19, 0xFE, 0xCB, 0x5E, 0x0B, 0x1D, 0xC5, 0x07, 0x5C, 0xC5, 0xA2, 0xBD, 0xD8,
    0x31, 0xC1, 0x63, 0xF8, 0x30, 0xD1, 0x70, 0xAA, 0x7B, 0x03, 0x68, 0x4B, 0x94, 0x5F, 0xE5, 0xED,
    0x65, 0xB2, 0xC5, 0x45, 0x8A, 0xCA, 0x3A, 0x68, 0x92, 0x57, 0x41, 0x12, 0x22, 0x11, 0xC5, 0x1C,
    0x21, 0xEE, 0xBB, 0x59, 0xCF, 0x0D, 0xC1, 0x02, 0x12, 0x3E, 0xD2, 0xD4, 0x88, 0x32, 0xCE, 0xA6,
    0x0F, 0xBF, 0x86, 0x5D, 0x46, 0x1C, 0x29, 0x44, 0x21, 0x5F, 0x54, 0x92, 0x97, 0x60, 0x35, 0x95,
    0x70, 0x0B, 0xFF, 0x6A, 0x3E, 0xC7, 0x51, 0xED, 0x2F, 0x88, 0xE8, 0xC6, 0xC7, 0xD3, 0x6A, 0x4C,
    0xE8, 0x90, 0x30, 0xF5, 0xB0, 0xCC, 0xF7, 0x38, 0xAC, 0x9C, 0x59, 0xEC, 0x0A, 0x26, 0x99, 0xA8,
    0x6D, 0xC5, 0x8B, 0xBB, 0x42, 0x7C, 0x24, 0xC1, 0xD0, 0x25, 0xB6, 0xD7, 0x73, 0xC9, 0x9B, 0x53,
    0x1C, 0xEA, 0xA8, 0xDC, 0xC3, 0xF7, 0xEB, 0x25, 0x39, 0x66, 0x2E, 0xA9, 0x5C, 0x32, 0x0C, 0x51,
    0xD2, 0xC0, 0x9C, 0x84, 0x41, 0x6A, 0x2E, 0x08, 0x54, 0x4B, 0x1D, 0x43, 0xF8, 0xDD, 0xA7, 0x16,
    0x86, 0x42, 0xA9, 0x2B, 0x3F, 0x1E, 0x27, 0xF3, 0x18, 0x82, 0x36, 0xCC, 0xC4, 0xE3, 0xC1, 0xFF,
    0xC2, 0x0E, 0xDE, 0x08, 0xF8, 0x0E, 0x43, 0x80, 0xF1, 0xE0, 0x94, 0x66, 0xD0, 0x06, 0x86, 0x84,
    0x49, 0xFD, 0x14, 0xD6, 0x0C, 0xB9, 0x67, 0x7E, 0x08, 0x62, 0x10, 0x0E, 0xAB, 0x21, 0x78, 0x99,
    0x24, 0x15, 0x22, 0xFE, 0xD2, 0x27, 0x73, 0x6B, 0xB2, 0x96, 0xE3, 0x65, 0x0F, 0x92, 0xA8, 0xCA,
    0x9B, 0x0D, 0x41, 0x26, 0x2D, 0xF9, 0x19, 0x98, 0x3E, 0x88, 0x40, 0x57, 0x1B, 0x54, 0x6D, 0xC0,
    0xCC, 0x31, 0x4A, 0x4F, 0xD9, 0xB9, 0xD7, 0x52, 0x79, 0xF8, 0x4E, 0xC8, 0xFB, 0x8A, 0xB9, 0x3A,
    0x4A, 0x07, 0x17, 0xD1, 0x29, 0x96, 0xDF, 0x3D, 0xB5, 0x0D, 0xCE, 0x9D, 0x25, 0x4E, 0x28, 0xDD,
    0x98, 0x54, 0x65, 0xB4, 0xA2, 0x24, 0x09, 0x1F, 0xBE, 0x87, 0x56, 0xFA, 0x88, 0x48, 0x79, 0x24,
    0x4F, 0x71, 0x27, 0xDD, 0x4C, 0x1B, 0x66, 0x73, 0x8F, 0x8A, 0xE3, 0xB1, 0x2A, 0x19, 0x13, 0x5D,
    0xA9, 0x20, 0x4A, 0xB6, 0x20, 0x0A, 0x8E, 0xDD, 0x2D, 0x9C, 0x92, 0xBB, 0xD8, 0x35, 0xB7, 0xD4,
    0xC5, 0xBE, 0x99, 0x8B, 0xF9, 0xA8, 0xAF, 0x96, 0x66, 0xB9, 0x10, 0x7C, 0xC1, 0x7C, 0xEC, 0x30,
    0x0A, 0xD9, 0xE9, 0x36, 0x6C, 0x4E, 0x38, 0x2F, 0x76, 0xE0, 0x52, 0x80, 0x7B, 0x2B, 0xB4, 0x0A,
    0x34, 0xC4, 0x0E, 0x3A, 0xAE, 0x74, 0xDD, 0xB4, 0x71, 0x9F, 0x09, 0x3B, 0xF8, 0x18, 0xEC, 0x3F,
    0xEF, 0xB2, 0x4E, 0xCB, 0xC9, 0xCC, 0xA8, 0x3D, 0xD5, 0x6B, 0xE3, 0x1C, 0x4C, 0x3F, 0x46, 0xCF,
    0x41, 0x68, 0xA2, 0xC4, 0x83, 0x38, 0x8F, 0x95, 0x20, 0xE3, 0xB0, 0xAA, 0xE5, 0x6A, 0xA8, 0xB2,
    0xCA, 0xA2, 0xF7, 0x5C, 0x25, 0xFE, 0x2E, 0x7A, 0xB3, 0x8D, 0xFB, 0x53, 0x59, 0xCA, 0x4B, 0x8D,
    0x68, 0x2D, 0x42, 0xB4, 0xB4, 0x74, 0x5A, 0x31, 0xB9, 0x2D, 0x10, 0xDE, 0x7D, 0xFB, 0x69, 0xEF,
    0x70, 0x6F, 0x6F, 0x86, 0xF9, 0x3D, 0xE6, 0xF5, 0x8C, 0x17, 0xF0, 0x6F, 0x7E, 0xF7, 0xBF, 0xE5,
    0xEF, 0x2C, 0xD9, 0xCD, 0x61, 0xEF, 0xA7, 0x6C, 0xBE, 0xA7, 0x0A, 0x6E, 0x57, 0xF0, 0x49, 0xDB,
    0x17, 0xAA, 0x08, 0x87, 0x9F, 0x96, 0x6D, 0x51, 0xD8, 0x45, 0xAE, 0xF4, 0x68, 0x4C, 0x73, 0x2C,
    0xC9, 0x2F, 0x1F, 0x92, 0x84, 0x11, 0x84, 0x15, 0x7D, 0x56, 0x53, 0x71, 0xC6, 0x47, 0x23, 0x62,
    0xE0, 0xF2, 0x2F, 0x0C, 0x34, 0xAF, 0xAD, 0x91, 0x7F, 0xCC, 0x0B, 0xF3, 0xBB, 0x55, 0x73, 0x00,
    0xB6, 0x79, 0x51, 0xB4, 0xC1, 0x74, 0xEF, 0x9A, 0x10, 0x75, 0x0C, 0x18, 0x33, 0x16, 0x95, 0xA2,
    0x7F, 0xA4, 0x14, 0xC5, 0xBB, 0x74, 0x8A, 0x6F, 0x72, 0x5F, 0xD1, 0x05, 0x62, 0xBA, 0xB1, 0xA5,
    0x98, 0x55, 0x21, 0xB1, 0x75, 0x95, 0x88, 0x99, 0x34, 0x11, 0x81, 0x8A, 0x1C, 0x19, 0xCB, 0x97,
    0x65, 0xE8, 0xDF, 0x4A, 0xA8, 0xA7, 0xB5, 0xD6, 0x96, 0xB0, 0xA9, 0xED, 0xDD, 0x20, 0xE0, 0x99,
    0x20, 0x0D, 0x22, 0x47, 0x4C, 0xB8, 0xCA, 0x60, 0xAF, 0x16, 0xB0, 0x4F, 0xDF, 0x68, 0x4E, 0xD8,
    0x8B, 0xA7, 0x9B, 0x05, 0x8C, 0x90, 0x84, 0x8E, 0x36, 0x26, 0x7F, 0xD8, 0x0C, 0x2D, 0x23, 0x2F,
    0xA9, 0xA8, 0x1A, 0x4E, 0x6A, 0x35, 0x9C, 0xB0, 0xA7, 0x3B, 0xF0, 0x7C, 0xD2, 0xA4, 0x6F, 0x1C,
    0x93, 0x8E, 0x74, 0xD8, 0x69, 0x69, 0x4E, 0xEE, 0x10, 0x1E, 0xDD, 0x72, 0x63, 0x58, 0x7F, 0x32,
    0xE5, 0x15, 0x1D, 0xD4, 0x7E, 0x68, 0xC1, 0x0B, 0xDD, 0x76, 0x98, 0xB6, 0xBE, 0xB6, 0x01, 0xFB,
    0xEC, 0x86, 0xF3, 0x2F, 0xD2, 0xF9, 0x2F, 0xD1, 0xF9, 0x57, 0x95, 0x7F, 0x86, 0x2D, 0xBD, 0x4F,
    0xD9, 0xDA, 0x04, 0x4B, 0x18, 0xD3, 0x20, 0x31, 0x1D, 0xAE, 0x21, 0x62, 0xB1, 0x99, 0x65, 0x5F,
    0xA0, 0xF3, 0x37, 0x1B, 0xCE, 0xBF, 0xAB, 0x3B, 0x3C, 0xAC, 0x52, 0xC2, 0x2E, 0xE6, 0x39, 0xE4,
    0x15, 0x52, 0xBD, 0x0E, 0xB9, 0x77, 0xEA, 0xA6, 0x15, 0xBC, 0x33, 0x25, 0x4F, 0x37, 0xBA, 0xED,
    0x2A, 0x5D, 0xF6, 0x83, 0x9C, 0x1E, 0x4B, 0x87, 0x25, 0x07, 0x24, 0x19, 0x30, 0xEE, 0xAE, 0x61,
    0x5E, 0xD4, 0x0F, 0x18, 0x10, 0xD1, 0x7E, 0x8A, 0x28, 0x14, 0x69, 0x10, 0xBA, 0xE9, 0x48, 0x0B,
    0x14, 0x79, 0xCE, 0xB1, 0x71, 0x88, 0x14, 0x0C, 0x82, 0xB2, 0x25, 0xEF, 0xB6, 0x97, 0x7A, 0x48,
    0xD6, 0x8F, 0xE2, 0xF2, 0x97, 0xCB, 0xE8, 0x5D, 0x61, 0x4E, 0xCE, 0xE7, 0xD1, 0xDF, 0x81, 0x27,
    0x3E, 0x37, 0x13, 0xD2, 0x6A, 0x60, 0x7A, 0x3A, 0xE4, 0x6A, 0x4F, 0xCD, 0xA7, 0x82, 0x57, 0xC2,
    0x31, 0xE9, 0xE0, 0x71, 0x39, 0xC8, 0xFC, 0xDC, 0xA3, 0x6F, 0x2C, 0xA7, 0x3B, 0x59, 0xCC, 0xB2,
    0xCA, 0x7B, 0x7A, 0x30, 0x86, 0xA6, 0x07, 0x22, 0xAA, 0x3C, 0xDE, 0x91, 0x5C, 0xDF, 0x9D, 0x5C,
    0xA7, 0x84, 0x88, 0x74, 0x54, 0xD0, 0x8C, 0x10, 0x11, 0x0D, 0x65, 0x1C, 0xC4, 0x88, 0xAF, 0x04,
    0x85, 0x67, 0x19, 0x23, 0xA4, 0x80, 0x39, 0x7C, 0x7A, 0x01, 0xD5, 0x21, 0x53, 0xFE, 0xFC, 0x08,
    0x85, 0x56, 0x76, 0x82, 0x2B, 0xC7, 0x31, 0x52, 0x10, 0x14, 0xFA, 0x43, 0xE7, 0x11, 0x6C, 0x28,
    0x3F, 0x4A, 0x32, 0x75, 0x1E, 0x60, 0x08, 0xB0, 0x8F, 0xC6, 0x37, 0x3A, 0x3A, 0x65, 0xFC, 0x91,
    0x80, 0x2E, 0xC6, 0x58, 0xA2, 0x59, 0x9E, 0xB0, 0x63, 0xDC, 0x5C, 0xA5, 0x39, 0xDF, 0x82, 0x38,
    0xBF, 0xDC, 0xFA, 0xC7, 0x93, 0x6A, 0x13, 0xEC, 0x74, 0x4F, 0xB7, 0x67, 0x94, 0x3E, 0xA4, 0x99,
    0x3D, 0x1D, 0x2F, 0x07, 0xFB, 0x9C, 0x14, 0xCF, 0x9B, 0xF2, 0xBB, 0x52, 0x64, 0x79, 0xE5, 0xAA,
    0xAC, 0xF2, 0x54, 0x5A, 0x79, 0xC7, 0x54, 0xE5, 0x4F, 0xA8, 0x32, 0x10, 0xC7, 0x4A, 0x29, 0x26,
    0x0A, 0x29, 0x26, 0xF3, 0x79, 0x87, 0x3A, 0x34, 0x74, 0x37, 0xAA, 0x90, 0x93, 0x05, 0x0F, 0x88,
    0xA2, 0x3D, 0x7A, 0xFA, 0x3C, 0x53, 0x6A, 0x2F, 0x1D, 0x64, 0x2D, 0x83, 0xCD, 0xD4, 0xC6, 0x51,
    0xAD, 0xEE, 0x1F, 0xD5, 0x46, 0x09, 0xD2, 0x08, 0xC1, 0x7A, 0x8B, 0x54, 0x35, 0xA4, 0x21, 0xF1,
    0x92, 0x28, 0xB6, 0xD7, 0x8F, 0x2B, 0xE7, 0x8F, 0x8F, 0xE1, 0xFE, 0x42, 0xEF, 0xBB, 0x10, 0xC3,
    0x3F, 0xF7, 0xB0, 0xEF, 0x75, 0x7A, 0x37, 0x20, 0x6F, 0x8F, 0x16, 0x58, 0x22, 0xC1, 0x34, 0x83,
    0xB4, 0x0E, 0x30, 0xC7, 0x1B, 0x1C, 0x2C, 0x27, 0xD1, 0xA7, 0x53, 0xAD, 0xF0, 0x8D, 0x1E, 0x9F,
    0xAE, 0xF8, 0xFF, 0x45, 0x19, 0xC0, 0x6A, 0xC8, 0x75, 0xDA, 0xB4, 0xC8, 0x0D, 0xA1, 0x78, 0x0A,
    0xD1, 0xA3, 0x1D, 0x73, 0x0C, 0x29, 0x1E, 0x08, 0x3F, 0x97, 0x2C, 0x9F, 0x18, 0x9C, 0x67, 0x9A,
    0x8F, 0x80, 0xFF, 0x00, 0xAB, 0xFF, 0xB0, 0xFF, 0x43, 0x68, 0x00, 0x00, 0x8D, 0x92, 0x31, 0x4E,
    0xED, 0x30, 0x14, 0x44, 0x6F, 0x12, 0xA4, 0x14, 0x29, 0x4C, 0x47, 0x99, 0x96, 0xCE, 0x4B, 0xC8,
    0x5B, 0xC4, 0x67, 0x1D, 0xEC, 0xE0, 0x39, 0xB0, 0x02, 0x0A, 0x7E, 0xCF, 0x22, 0x28, 0xC9, 0x8B,
    0x25, 0x36, 0x60, 0x04, 0x0B, 0x08, 0x12, 0x54, 0x34, 0x29, 0x28, 0x02, 0x8A, 0x93, 0x3F, 0x73,
    0x13, 0x40, 0x02, 0xF4, 0xF5, 0x52, 0x4C, 0x11, 0x5D, 0x7B, 0xCE, 0xCC, 0xB5, 0xC8, 0xF2, 0xD9,
    0xC7, 0xD9, 0x8B, 0xBC, 0xCD, 0xF7, 0x9D, 0x64, 0xBD, 0xBB, 0x0D, 0x92, 0xF7, 0x65, 0x2D, 0x52,
    0x3C, 0xBB, 0x4B, 0x91, 0x76, 0x9E, 0x47, 0x11, 0x73, 0xE7, 0x30, 0x68, 0x3C, 0xB5, 0xF4, 0x3B,
    0x1E, 0xAA, 0x23, 0xB4, 0xDA, 0x8C, 0x54, 0xA1, 0xBA, 0x64, 0x80, 0x6E, 0x53, 0x6A, 0x93, 0xBD,
    0x42, 0x63, 0xD6, 0x43, 0xC7, 0x1C, 0x9A, 0x0C, 0x45, 0x10, 0x5C, 0x6F, 0xE0, 0x54, 0x84, 0x53,
    0xFC, 0x9E, 0xB2, 0x41, 0xBE, 0x7D, 0x76, 0xE6, 0x78, 0xE5, 0x31, 0x67, 0x6B, 0x50, 0x1C, 0x10,
    0xE2, 0x44, 0x19, 0x60, 0x1E, 0x1C, 0x09, 0xB6, 0x2B, 0x80, 0xFA, 0xAB, 0x7D, 0x95, 0x40, 0x1C,
    0x6D, 0xD5, 0xBB, 0x49, 0xA7, 0x5A, 0xA2, 0xE0, 0x04, 0xA1, 0x94, 0x49, 0x31, 0xE8, 0x2F, 0xD3,
    0x0F, 0xCB, 0x29, 0x7C, 0x58, 0x96, 0x9E, 0xC1, 0xBD, 0x14, 0x4F, 0x30, 0x6F, 0xE7, 0x6A, 0x03,
    0xCB, 0x6A, 0x0D, 0x5D, 0xD2, 0xD7, 0xD6, 0x0D, 0x2D, 0xE3, 0x1A, 0xD8, 0xD1, 0x77, 0x4B, 0x69,
    0x92, 0xC5, 0x72, 0xB3, 0x97, 0xA5, 0xD8, 0xAE, 0x1D, 0xD8, 0x77, 0x3F, 0xB1, 0x6F, 0xDF, 0x68,
    0xDF, 0x87, 0xEC, 0xFB, 0xEF, 0x1F, 0x66, 0x45, 0xE1, 0x08, 0x9B, 0x8E, 0xB4, 0x46, 0x22, 0xC4,
    0x45, 0x9B, 0xC8, 0x8B, 0x3B, 0x11, 0x18, 0x6D, 0xC2, 0x3E, 0xEF, 0xE8, 0x5F, 0x74, 0xCC, 0x6C,
    0x02, 0xFB, 0x36, 0xEF, 0xEC, 0x3B, 0x1F, 0x3F, 0xFB, 0xEE, 0xBE, 0xFA, 0xB6, 0xBF, 0xF7, 0xAD,
    0x28, 0x2F, 0x1B, 0x65, 0x99, 0x45, 0x61, 0x5A, 0x51, 0x9A, 0x9D, 0xAE, 0xFF, 0x22, 0x6A, 0xF7,
    0xC3, 0xB8, 0xB4, 0x3F, 0x6A, 0x19, 0x0C, 0x0C, 0x24, 0x56, 0x4D, 0xA6, 0x57, 0xDD, 0x02, 0xE3,
    0x56, 0x8B, 0x33, 0x06, 0x00, 0x47, 0x2E, 0x12, 0x00, 0xAC, 0x78, 0xD7, 0x97, 0x90, 0xC5, 0xF5,
    0x29, 0xAC, 0x6C, 0x2B, 0xDC, 0x4A, 0xF7, 0x3B, 0x9E, 0x43, 0x79, 0xC9, 0x88, 0x75, 0xE8, 0x6C,
    0x4E, 0x29, 0x3A, 0x7B, 0x89, 0xE7, 0xC8, 0x8E, 0x3C, 0x57, 0xB4, 0x6C, 0x67, 0xF7, 0xFF, 0xED,
    0x5C, 0x61, 0x3B, 0x6D, 0xBD, 0xDF, 0x83, 0xC0, 0x16, 0x25, 0xA2, 0xD2, 0xA4, 0x47, 0x8C, 0xB4,
    0xC3, 0xD4, 0x51, 0x6F, 0x1E, 0x32, 0x34, 0x34, 0x99, 0xF3, 0xDE, 0xFA, 0xF2, 0xAC, 0xB3, 0x75,
    0x19, 0x60, 0x65, 0x22, 0xAC, 0xD2, 0xB9, 0x06, 0x81, 0xC3, 0xFB, 0x38, 0x2E, 0xC2, 0x4E, 0x6E,
    0xF2, 0x10, 0xA5, 0x31, 0xBE, 0xBD, 0xB6, 0x93, 0x54, 0x41, 0xAF, 0xFC, 0x07, 0x35, 0xCC, 0xC1,
    0x09, 0xC0, 0x20, 0x14, 0x03, 0xD0, 0x48, 0x0F, 0x16, 0x3C, 0x38, 0x41, 0x71, 0x84, 0x2E, 0x50,
    0xD0, 0xC1, 0x0A, 0x5D, 0xCD, 0x6E, 0xE0, 0x08, 0x85, 0x2E, 0xE0, 0xC1, 0x9B, 0xDA, 0xF4, 0x5B,
    0x68, 0x0E, 0xEF, 0x10, 0x48, 0x80, 0x19, 0x23, 0xFE, 0x93, 0x51, 0x98, 0x98, 0x45, 0x1B, 0x76,
    0x71, 0x5B, 0xAC, 0xD8, 0xBC, 0x89, 0x52, 0xD3, 0x64, 0x58, 0x3E, 0xB6, 0xC1, 0xB3, 0xAD, 0x84,
    0xE3, 0xC5, 0x0E, 0xCD, 0x9B, 0x05, 0x8A, 0x95, 0x09, 0x38, 0xC8, 0x00, 0xB8, 0xB3, 0xCB, 0x4A,
    0x9F, 0x45, 0x54, 0x35, 0x8D, 0xE7, 0x23, 0x0C, 0x17, 0xFC, 0x79, 0x01,
};

static const EpdGlyph notoserif_c21_bolditalicGlyphs[] = {
    { 0, 0, 0, 0, 0, 0, 0 }, // U+0000
    { 0, 0, 87, 0, 0, 0, 0 }, // U+000D
    { 0, 0, 87, 0, 0, 0, 0 }, // U+0020
    { 8, 16, 133, 1, 15, 32, 0 }, // !
    { 9, 6, 171, 3, 15, 14, 32 }, // "
    { 12, 15, 188, 0, 15, 45, 46 }, // #
    { 12, 18, 188, 0, 16, 54, 91 }, // $
    { 18, 17, 301, 1, 16, 77, 145 }, // %
    { 17, 17, 269, 0, 16, 73, 222 }, // &
    { 4, 6, 97, 3, 15, 6, 295 }, // '
    { 10, 20, 134, 0, 17, 50, 301 }, // (
    { 9, 20, 134, -1, 17, 45, 351 }, // )
    { 10, 10, 208, 3, 17, 25, 396 }, // *
    { 10, 10, 188, 1, 13, 25, 421 }, // +
    { 6, 8, 102, -1, 4, 12, 446 }, // ,
    { 7, 3, 104, 0, 7, 6, 458 }, // -
    { 5, 5, 102, 0, 4, 7, 464 }, // .
    { 12, 19, 97, -3, 16, 57, 471 }, // /
    { 12, 17, 188, 0, 16, 51, 528 }, // 0
    { 10, 16, 173, 0, 16, 40, 579 }, // 1
    { 13, 16, 188, -1, 16, 52, 619 }, // 2
    { 13, 17, 188, -1, 16, 56, 671 }, // 3
    { 12, 15, 188, 0, 15, 45, 727 }, // 4
    { 12, 16, 188, 0, 15, 48, 772 }, // 5
    { 12, 17, 188, 1, 16, 51, 820 }, // 6
    { 12, 15, 188, 1, 15, 45, 871 }, // 7
    { 12, 17, 188, 0, 16, 51, 916 }, // 8
    { 12, 17, 188, 0, 16, 51, 967 }, // 9
    { 7, 13, 120, 0, 12, 23, 1018 }, // :
    { 8, 16, 120, -1, 12, 32, 1041 }, // ;
    { 10, 11, 188, 1, 13, 28, 1073 }, // <
    { 10, 7, 188, 1, 11, 18, 1101 }, // =
    { 10, 11, 188, 1, 13, 28, 1119 }, // >
    { 10, 17, 180, 2, 16, 43, 1147 }, // ?
    { 19, 18, 309, 0, 15, 86, 1190 }, // @
    { 17, 15, 253, -2, 15, 64, 1276 }, // A
    { 16, 15, 226, -1, 15, 60, 1340 }, // B
    { 14, 17, 224, 1, 16, 60, 1400 }, // C
    { 17, 15, 258, -1, 15, 64, 1460 }, // D
    { 16, 15, 213, -1, 15, 60, 1524 }, // E
    { 16, 15, 209, -1, 15, 60, 1584 }, // F
    { 16, 17, 267, 1, 16, 68, 1644 }, // G
    { 20, 15, 275, -1, 15, 75, 1712 }, // H
    { 11, 15, 135, -1, 15, 42, 1787 }, // I
    { 14, 21, 135, -4, 15, 74, 1829 }, // J
    { 19, 15, 249, -1, 15, 72, 1903 }, // K
    { 14, 15, 220, -1, 15, 53, 1975 }, // L
    { 23, 15, 320, -1, 15, 87, 2028 }, // M
    { 20, 15, 265, -1, 15, 75, 2115 }, // N
    { 16, 17, 266, 1, 16, 68, 2190 }, // O
    { 16, 15, 223, -1, 15, 60, 2258 }, // P
    { 16, 22, 264, 1, 16, 88, 2318 }, // Q
    { 16, 15, 238, -1, 15, 60, 2406 }, // R
    { 13, 17, 197, 0, 16, 56, 2466 }, // S
    { 15, 15, 219, 1, 15, 57, 2522 }, // T
    { 16, 16, 251, 2, 15, 64, 2579 }, // U
    { 16, 15, 235, 1, 15, 60, 2643 }, // V
    { 24, 15, 359, 1, 15, 90, 2703 }, // W
    { 18, 15, 246, -1, 15, 68, 2793 }, // X
    { 16, 15, 233, 1, 15, 60, 2861 }, // Y
    { 16, 15, 224, -1, 15, 60, 2921 }, // Z
    { 11, 19, 139, 0, 16, 53, 2981 }, // [
    { 3, 19, 97, 2, 16, 15, 3034 }, // <backslash>
    { 11, 19, 139, -2, 16, 53, 3049 }, // ]
    { 11, 10, 188, 0, 15, 28, 3102 }, // ^
    { 11, 2, 154, -2, -1, 6, 3130 }, // _
    { 5, 5, 112, 3, 17, 7, 3136 }, // `
    { 14, 13, 223, 0, 12, 46, 3143 }, // a
    { 13, 17, 209, 0, 16, 56, 3189 }, // b
    { 12, 13, 177, 0, 12, 39, 3245 }, // c
    { 14, 17, 223, 0, 16, 60, 3284 }, // d
    { 12, 13, 180, 0, 12, 39, 3344 }, // e
    { 15, 23, 136, -3, 17, 87, 3383 }, // f
    { 16, 19, 195, -2, 13, 76, 3470 }, // g
    { 14, 17, 220, 0, 16, 60, 3546 }, // h
    { 7, 18, 119, 1, 17, 32, 3606 }, // i
    { 10, 23, 114, -3, 17, 58, 3638 }, // j
    { 14, 16, 201, 0, 16, 56, 3696 }, // k
    { 7, 17, 119, 1, 16, 30, 3752 }, // l
    { 21, 13, 326, 0, 12, 69, 3782 }, // m
    { 14, 13, 226, 0, 12, 46, 3851 }, // n
    { 13, 13, 208, 0, 12, 43, 3897 }, // o
    { 14, 18, 209, -1, 12, 63, 3940 }, // p
    { 13, 18, 212, 0, 12, 59, 4003 }, // q
    { 12, 12, 185, 0, 12, 36, 4062 }, // r
    { 11, 13, 173, 0, 12, 36, 4098 }, // s
    { 8, 15, 140, 1, 14, 30, 4134 }, // t
    { 13, 13, 226, 1, 12, 43, 4164 }, // u
    { 12, 13, 197, 0, 12, 39, 4207 }, // v
    { 18, 13, 294, 0, 12, 59, 4246 }, // w
    { 14, 12, 203, -1, 12, 42, 4305 }, // x
    { 16, 18, 197, -4, 12, 72, 4347 }, // y
    { 12, 12, 187, 0, 12, 36, 4419 }, // z
    { 11, 19, 149, 0, 16, 53, 4455 }, // {
    { 2, 22, 188, 5, 16, 11, 4508 }, // |
    { 11, 19, 149, -2, 16, 53, 4519 }, // }
    { 11, 5, 188, 0, 10, 14, 4572 }, // ~
    { 0, 0, 87, 0, 0, 0, 0 }, // U+00A0
    { 7, 16, 133, 0, 12, 28, 0 }, // U+00A1
    { 12, 15, 188, 1, 15, 45, 28 }, // U+00A2
    { 14, 17, 188, -1, 16, 60, 73 }, // U+00A3
    { 10, 9, 188, 1, 12, 23, 133 }, // U+00A4
    { 14, 15, 188, 0, 15, 53, 156 }, // U+00A5
    { 2, 22, 188, 5, 16, 11, 209 }, // U+00A6
    { 12, 19, 183, 0, 16, 57, 220 }, // U+00A7
    { 8, 4, 194, 3, 17, 8, 277 }, // U+00A8
    { 16, 17, 284, 1, 16, 68, 285 }, // U+00A9
    { 10, 8, 145, 1, 16, 20, 353 }, // U+00AA
    { 11, 9, 186, 1, 10, 25, 373 }, // U+00AB
    { 10, 6, 188, 1, 9, 15, 398 }, // U+00AC
    { 7, 3, 104, 0, 7, 6, 413 }, // U+00AD
    { 16, 17, 284, 1, 16, 68, 419 }, // U+00AE
    { 11, 3, 154, 2, 18, 9, 487 }, // U+00AF
    { 8, 8, 134, 2, 16, 16, 496 }, // U+00B0
    { 10, 13, 188, 1, 13, 33, 512 }, // U+00B1
    { 9, 10, 134, 1, 18, 23, 545 }, // U+00B2
    { 9, 11, 134, 1, 18, 25, 568 }, // U+00B3
    { 7, 5, 109, 2, 17, 9, 593 }, // U+00B4
    { 15, 18, 227, -1, 12, 68, 602 }, // U+00B5
    { 12, 19, 211, 1, 16, 57, 670 }, // U+00B6
    { 5, 5, 102, 1, 10, 7, 727 }, // U+00B7
    { 6, 7, 112, 0, 1, 11, 734 }, // U+00B8
    { 7, 10, 134, 1, 18, 18, 745 }, // U+00B9
    { 9, 8, 137, 1, 16, 18, 763 }, // U+00BA
    { 11, 9, 186, 0, 10, 25, 781 }, // U+00BB
    { 17, 16, 296, 1, 16, 68, 806 }, // U+00BC
    { 17, 16, 296, 1, 16, 68, 874 }, // U+00BD
    { 17, 16, 296, 1, 16, 68, 942 }, // U+00BE
    { 10, 16, 180, 0, 12, 40, 1010 }, // U+00BF
    { 17, 20, 253, -2, 20, 85, 1050 }, // U+00C0
    { 17, 20, 253, -2, 20, 85, 1135 }, // U+00C1
    { 17, 20, 253, -2, 20, 85, 1220 }, // U+00C2
    { 17, 20, 253, -2, 20, 85, 1305 }, // U+00C3
    { 17, 20, 253, -2, 20, 85, 1390 }, // U+00C4
    { 17, 18, 253, -2, 18, 77, 1475 }, // U+00C5
    { 23, 15, 334, -1, 15, 87, 1552 }, // U+00C6
    { 14, 22, 224, 1, 16, 77, 1639 }, // U+00C7
    { 16, 20, 213, -1, 20, 80, 1716 }, // U+00C8
    { 16, 20, 213, -1, 20, 80, 1796 }, // U+00C9
    { 16, 20, 213, -1, 20, 80, 1876 }, // U+00CA
    { 16, 20, 213, -1, 20, 80, 1956 }, // U+00CB
    { 11, 20, 135, -1, 20, 55, 2036 }, // U+00CC
    { 12, 20, 135, -1, 20, 60, 2091 }, // U+00CD
    { 12, 20, 135, -1, 20, 60, 2151 }, // U+00CE
    { 12, 20, 135, -1, 20, 60, 2211 }, // U+00CF
    { 17, 15, 258, -1, 15, 64, 2271 }, // U+00D0
    { 20, 20, 265, -1, 20, 100, 2335 }, // U+00D1
    { 16, 21, 266, 1, 20, 84, 2435 }, // U+00D2
    { 16, 21, 266, 1, 20, 84, 2519 }, // U+00D3
    { 16, 21, 266, 1, 20, 84, 2603 }, // U+00D4
    { 16, 21, 266, 1, 20, 84, 2687 }, // U+00D5
    { 16, 21, 266, 1, 20, 84, 2771 }, // U+00D6
    { 10, 9, 188, 1, 12, 23, 2855 }, // U+00D7
    { 16, 17, 266, 1, 16, 68, 2878 }, // U+00D8
    { 16, 21, 251, 2, 20, 84, 2946 }, // U+00D9
    { 16, 21, 251, 2, 20, 84, 3030 }, // U+00DA
    { 16, 21, 251, 2, 20, 84, 3114 }, // U+00DB
    { 16, 21, 251, 2, 20, 84, 3198 }, // U+00DC
    { 16, 20, 233, 1, 20, 80, 3282 }, // U+00DD
    { 15, 15, 214, -1, 15, 57, 3362 }, // U+00DE
    { 18, 23, 234, -4, 17, 104, 3419 }, // U+00DF
    { 14, 18, 223, 0, 17, 63, 3523 }, // U+00E0
    { 14, 18, 223, 0, 17, 63, 3586 }, // U+00E1
    { 14, 18, 223, 0, 17, 63, 3649 }, // U+00E2
    { 14, 18, 223, 0, 17, 63, 3712 }, // U+00E3
    { 14, 18, 223, 0, 17, 63, 3775 }, // U+00E4
    { 14, 18, 223, 0, 17, 63, 3838 }, // U+00E5
    { 19, 13, 296, 0, 12, 62, 3901 }, // U+00E6
    { 12, 18, 177, 0, 12, 54, 3963 }, // U+00E7
    { 12, 18, 180, 0, 17, 54, 4017 }, // U+00E8
    { 13, 18, 180, 0, 17, 59, 4071 }, // U+00E9
    { 12, 18, 180, 0, 17, 54, 4130 }, // U+00EA
    { 12, 18, 180, 0, 17, 54, 4184 }, // U+00EB
    { 7, 18, 119, 1, 17, 32, 4238 }, // U+00EC
    { 9, 18, 119, 1, 17, 41, 4270 }, // U+00ED
    { 9, 18, 119, 0, 17, 41, 4311 }, // U+00EE
    { 9, 18, 119, 0, 17, 41, 4352 }, // U+00EF
    { 13, 18, 207, 0, 17, 59, 4393 }, // U+00F0
    { 14, 18, 226, 0, 17, 63, 4452 }, // U+00F1
    { 13, 18, 208, 0, 17, 59, 4515 }, // U+00F2
    { 13, 18, 208, 0, 17, 59, 4574 }, // U+00F3
    { 13, 18, 208, 0, 17, 59, 4633 }, // U+00F4
    { 13, 18, 208, 0, 17, 59, 4692 }, // U+00F5
    { 13, 18, 208, 0, 17, 59, 4751 }, // U+00F6
    { 10, 11, 188, 1, 13, 28, 4810 }, // U+00F7
    { 13, 15, 208, 0, 13, 49, 4838 }, // U+00F8
    { 13, 18, 226, 1, 17, 59, 4887 }, // U+00F9
    { 13, 18, 226, 1, 17, 59, 4946 }, // U+00FA
    { 13, 18, 226, 1, 17, 59, 5005 }, // U+00FB
    { 13, 18, 226, 1, 17, 59, 5064 }, // U+00FC
    { 16, 23, 197, -4, 17, 92, 5123 }, // U+00FD
    { 14, 22, 209, -1, 16, 77, 5215 }, // U+00FE
    { 16, 23, 197, -4, 17, 92, 5292 }, // U+00FF
    { 17, 18, 253, -2, 18, 77, 0 }, // U+0100
    { 14, 16, 223, 0, 15, 56, 77 }, // U+0101
    { 17, 20, 253, -2, 20, 85, 133 }, // U+0102
    { 14, 18, 223, 0, 17, 63, 218 }, // U+0103
    { 17, 21, 253, -2, 15, 90, 281 }, // U+0104
    { 14, 18, 223, 0, 12, 63, 371 }, // U+0105
    { 15, 21, 224, 1, 20, 79, 434 }, // U+0106
    { 13, 18, 177, 0, 17, 59, 513 }, // U+0107
    { 14, 21, 224, 1, 20, 74, 572 }, // U+0108
    { 12, 18, 177, 0, 17, 54, 646 }, // U+0109
    { 14, 21, 224, 1, 20, 74, 700 }, // U+010A
    { 12, 18, 177, 0, 17, 54, 774 }, // U+010B
    { 15, 21, 224, 1, 20, 79, 828 }, // U+010C
    { 12, 18, 177, 0, 17, 54, 907 }, // U+010D
    { 17, 20, 258, -1, 20, 85, 961 }, // U+010E
    { 19, 17, 223, 0, 16, 81, 1046 }, // U+010F
    { 17, 15, 258, -1, 15, 64, 1127 }, // U+0110
    { 15, 17, 223, 0, 16, 64, 1191 }, // U+0111
    { 16, 18, 213, -1, 18, 72, 1255 }, // U+0112
    { 12, 16, 180, 0, 15, 48, 1327 }, // U+0113
    { 16, 20, 213, -1, 20, 80, 1375 }, // U+0114
    { 12, 18, 180, 0, 17, 54, 1455 }, // U+0115
    { 16, 20, 213, -1, 20, 80, 1509 }, // U+0116
    { 12, 18, 180, 0, 17, 54, 1589 }, // U+0117
    { 16, 21, 213, -1, 15, 84, 1643 }, // U+0118
    { 12, 18, 180, 0, 12, 54, 1727 }, // U+0119
    { 16, 20, 213, -1, 20, 80, 1781 }, // U+011A
    { 13, 18, 180, 0, 17, 59, 1861 }, // U+011B
    { 16, 21, 267, 1, 20, 84, 1920 }, // U+011C
    { 16, 23, 195, -2, 17, 92, 2004 }, // U+011D
    { 16, 21, 267, 1, 20, 84, 2096 }, // U+011E
    { 16, 23, 195, -2, 17, 92, 2180 }, // U+011F
    { 16, 21, 267, 1, 20, 84, 2272 }, // U+0120
    { 16, 23, 195, -2, 17, 92, 2356 }, // U+0121
    { 16, 21, 267, 1, 16, 84, 2448 }, // U+0122
    { 16, 23, 195, -2, 17, 92, 2532 }, // U+0123
    { 20, 20, 275, -1, 20, 100, 2624 }, // U+0124
    { 14, 22, 220, 0, 21, 77, 2724 }, // U+0125
    { 20, 15, 275, -1, 15, 75, 2801 }, // U+0126
    { 14, 17, 220, 0, 16, 60, 2876 }, // U+0127
    { 12, 20, 135, -1, 20, 60, 2936 }, // U+0128
    { 9, 18, 119, 0, 17, 41, 2996 }, // U+0129
    { 11, 18, 135, -1, 18, 50, 3037 }, // U+012A
    { 7, 16, 119, 1, 15, 28, 3087 }, // U+012B
    { 12, 20, 135, -1, 20, 60, 3115 }, // U+012C
    { 8, 18, 119, 1, 17, 36, 3175 }, // U+012D
    { 11, 21, 135, -1, 15, 58, 3211 }, // U+012E
    { 8, 23, 119, 0, 17, 46, 3269 }, // U+012F
    { 11, 20, 135, -1, 20, 55, 3315 }, // U+0130
    { 7, 13, 119, 1, 12, 23, 3370 }, // U+0131
    { 20, 21, 269, -1, 15, 105, 3393 }, // U+0132
    { 14, 23, 233, 1, 17, 81, 3498 }, // U+0133
    { 15, 26, 135, -4, 20, 98, 3579 }, // U+0134
    { 12, 23, 114, -3, 17, 69, 3677 }, // U+0135
    { 19, 20, 249, -1, 15, 95, 3746 }, // U+0136
    { 14, 21, 201, 0, 16, 74, 3841 }, // U+0137
    { 14, 12, 201, 0, 12, 42, 3915 }, // U+0138
    { 14, 20, 220, -1, 20, 70, 3957 }, // U+0139
    { 10, 22, 119, 1, 21, 55, 4027 }, // U+013A
    { 14, 20, 220, -1, 15, 70, 4082 }, // U+013B
    { 9, 21, 119, -1, 16, 48, 4152 }, // U+013C
    { 16, 15, 220, -1, 15, 60, 4200 }, // U+013D
    { 11, 17, 119, 1, 16, 47, 4260 }, // U+013E
    { 15, 15, 220, -1, 15, 57, 4307 }, // U+013F
    { 10, 17, 156, 1, 16, 43, 4364 }, // U+0140
    { 14, 15, 220, -1, 15, 53, 4407 }, // U+0141
    { 9, 17, 119, -1, 16, 39, 4460 }, // U+0142
    { 20, 20, 265, -1, 20, 100, 4499 }, // U+0143
    { 14, 18, 226, 0, 17, 63, 4599 }, // U+0144
    { 20, 20, 265, -1, 15, 100, 4662 }, // U+0145
    { 14, 17, 226, 0, 12, 60, 4762 }, // U+0146
    { 20, 20, 265, -1, 20, 100, 4822 }, // U+0147
    { 14, 18, 226, 0, 17, 63, 4922 }, // U+0148
    { 19, 17, 295, 0, 16, 81, 4985 }, // U+0149
    { 20, 21, 256, -1, 15, 105, 5066 }, // U+014A
    { 13, 18, 219, 0, 12, 59, 5171 }, // U+014B
    { 16, 19, 266, 1, 18, 76, 5230 }, // U+014C
    { 13, 16, 208, 0, 15, 52, 5306 }, // U+014D
    { 16, 21, 266, 1, 20, 84, 5358 }, // U+014E
    { 13, 18, 208, 0, 17, 59, 5442 }, // U+014F
    { 16, 21, 266, 1, 20, 84, 5501 }, // U+0150
    { 14, 18, 208, 0, 17, 63, 5585 }, // U+0151
    { 21, 17, 333, 1, 16, 90, 5648 }, // U+0152
    { 19, 13, 303, 0, 12, 62, 5738 }, // U+0153
    { 16, 20, 238, -1, 20, 80, 5800 }, // U+0154
    { 12, 17, 185, 0, 17, 51, 5880 }, // U+0155
    { 16, 20, 238, -1, 15, 80, 5931 }, // U+0156
    { 13, 17, 185, -1, 12, 56, 6011 }, // U+0157
    { 16, 20, 238, -1, 20, 80, 6067 }, // U+0158
    { 12, 17, 185, 0, 17, 51, 6147 }, // U+0159
    { 14, 21, 197, 0, 20, 74, 6198 }, // U+015A
    { 12, 18, 173, 0, 17, 54, 6272 }, // U+015B
    { 13, 21, 197, 0, 20, 69, 6326 }, // U+015C
    { 11, 18, 173, 0, 17, 50, 6395 }, // U+015D
    { 13, 22, 197, 0, 16, 72, 6445 }, // U+015E
    { 11, 18, 173, 0, 12, 50, 6517 }, // U+015F
    { 13, 21, 197, 0, 20, 69, 6567 }, // U+0160
    { 12, 18, 173, 0, 17, 54, 6636 }, // U+0161
    { 15, 21, 219, 1, 15, 79, 6690 }, // U+0162
    { 9, 20, 140, 0, 14, 45, 6769 }, // U+0163
    { 15, 20, 219, 1, 20, 75, 6814 }, // U+0164
    { 11, 17, 140, 1, 16, 47, 6889 }, // U+0165
    { 15, 15, 219, 1, 15, 57, 6936 }, // U+0166
    { 9, 15, 140, 0, 14, 34, 6993 }, // U+0167
    { 16, 21, 251, 2, 20, 84, 7027 }, // U+0168
    { 13, 18, 226, 1, 17, 59, 7111 }, // U+0169
    { 16, 19, 251, 2, 18, 76, 7170 }, // U+016A
    { 13, 16, 226, 1, 15, 52, 7246 }, // U+016B
    { 16, 21, 251, 2, 20, 84, 7298 }, // U+016C
    { 13, 18, 226, 1, 17, 59, 7382 }, // U+016D
    { 16, 21, 251, 2, 20, 84, 7441 }, // U+016E
    { 13, 18, 226, 1, 17, 59, 7525 }, // U+016F
    { 16, 21, 251, 2, 20, 84, 7584 }, // U+0170
    { 14, 18, 226, 1, 17, 63, 7668 }, // U+0171
    { 16, 21, 251, 2, 15, 84, 7731 }, // U+0172
    { 13, 18, 226, 1, 12, 59, 7815 }, // U+0173
    { 24, 20, 359, 1, 20, 120, 7874 }, // U+0174
    { 18, 18, 294, 0, 17, 81, 7994 }, // U+0175
    { 16, 20, 233, 1, 20, 80, 8075 }, // U+0176
    { 16, 23, 197, -4, 17, 92, 8155 }, // U+0177
    { 16, 20, 233, 1, 20, 80, 8247 }, // U+0178
    { 16, 20, 224, -1, 20, 80, 8327 }, // U+0179
    { 12, 17, 187, 0, 17, 51, 8407 }, // U+017A
    { 16, 20, 224, -1, 20, 80, 8458 }, // U+017B
    { 12, 17, 187, 0, 17, 51, 8538 }, // U+017C
    { 16, 20, 224, -1, 20, 80, 8589 }, // U+017D
    { 12, 17, 187, 0, 17, 51, 8669 }, // U+017E
    { 15, 23, 136, -3, 17, 87, 8720 }, // U+017F
    { 19, 18, 283, 1, 17, 86, 0 }, // U+01A0
    { 16, 15, 225, 0, 14, 60, 86 }, // U+01A1
    { 18, 18, 287, 2, 17, 81, 146 }, // U+01AF
    { 17, 15, 261, 1, 14, 64, 227 }, // U+01B0
    { 32, 20, 482, -1, 20, 160, 291 }, // U+01C4
    { 29, 17, 446, -1, 17, 124, 451 }, // U+01C5
    { 26, 18, 411, 0, 17, 117, 575 }, // U+01C6
    { 25, 21, 354, -1, 15, 132, 692 }, // U+01C7
    { 22, 23, 333, -1, 17, 127, 824 }, // U+01C8
    { 14, 23, 233, 1, 17, 81, 951 }, // U+01C9
    { 28, 21, 400, -1, 15, 147, 1032 }, // U+01CA
    { 25, 23, 378, -1, 17, 144, 1179 }, // U+01CB
    { 22, 23, 339, 0, 17, 127, 1323 }, // U+01CC
    { 17, 20, 253, -2, 20, 85, 1450 }, // U+01CD
    { 14, 18, 223, 0, 17, 63, 1535 }, // U+01CE
    { 12, 20, 135, -1, 20, 60, 1598 }, // U+01CF
    { 8, 18, 119, 1, 17, 36, 1658 }, // U+01D0
    { 16, 21, 266, 1, 20, 84, 1694 }, // U+01D1
    { 13, 18, 208, 0, 17, 59, 1778 }, // U+01D2
    { 16, 21, 251, 2, 20, 84, 1837 }, // U+01D3
    { 13, 18, 226, 1, 17, 59, 1921 }, // U+01D4
    { 16, 23, 251, 2, 22, 92, 1980 }, // U+01D5
    { 13, 19, 226, 1, 18, 62, 2072 }, // U+01D6
    { 16, 23, 251, 2, 22, 92, 2134 }, // U+01D7
    { 13, 20, 226, 1, 19, 65, 2226 }, // U+01D8
    { 16, 23, 251, 2, 22, 92, 2291 }, // U+01D9
    { 13, 20, 226, 1, 19, 65, 2383 }, // U+01DA
    { 16, 23, 251, 2, 22, 92, 2448 }, // U+01DB
    { 13, 20, 226, 1, 19, 65, 2540 }, // U+01DC
    { 11, 13, 188, 0, 12, 36, 2605 }, // U+01DD
    { 17, 22, 253, -2, 22, 94, 2641 }, // U+01DE
    { 14, 19, 223, 0, 18, 67, 2735 }, // U+01DF
    { 17, 22, 253, -2, 22, 94, 2802 }, // U+01E0
    { 14, 19, 223, 0, 18, 67, 2896 }, // U+01E1
    { 23, 18, 334, -1, 18, 104, 2963 }, // U+01E2
    { 19, 16, 296, 0, 15, 76, 3067 }, // U+01E3
    { 16, 17, 267, 1, 16, 68, 3143 }, // U+01E4
    { 16, 19, 195, -2, 13, 76, 3211 }, // U+01E5
    { 16, 21, 267, 1, 20, 84, 3287 }, // U+01E6
    { 16, 23, 195, -2, 17, 92, 3371 }, // U+01E7
    { 19, 20, 249, -1, 20, 95, 3463 }, // U+01E8
    { 14, 21, 201, 0, 21, 74, 3558 }, // U+01E9
    { 16, 22, 266, 1, 16, 88, 3632 }, // U+01EA
    { 13, 18, 208, 0, 12, 59, 3720 }, // U+01EB
    { 16, 24, 266, 1, 18, 96, 3779 }, // U+01EC
    { 13, 21, 208, 0, 15, 69, 3875 }, // U+01ED
    { 14, 21, 204, 0, 20, 74, 3944 }, // U+01EE
    { 13, 23, 188, -1, 17, 75, 4018 }, // U+01EF
    { 13, 23, 114, -3, 17, 75, 4093 }, // U+01F0
    { 32, 15, 482, -1, 15, 120, 4168 }, // U+01F1
    { 29, 15, 446, -1, 15, 109, 4288 }, // U+01F2
    { 26, 17, 411, 0, 16, 111, 4397 }, // U+01F3
    { 16, 21, 267, 1, 20, 84, 4508 }, // U+01F4
    { 16, 23, 195, -2, 17, 92, 4592 }, // U+01F5
    { 26, 16, 383, -1, 15, 104, 4684 }, // U+01F6
    { 18, 22, 252, -2, 16, 99, 4788 }, // U+01F7
    { 20, 20, 265, -1, 20, 100, 4887 }, // U+01F8
    { 14, 18, 226, 0, 17, 63, 4987 }, // U+01F9
    { 17, 21, 253, -2, 21, 90, 5050 }, // U+01FA
    { 14, 23, 223, 0, 22, 81, 5140 }, // U+01FB
    { 23, 20, 334, -1, 20, 115, 5221 }, // U+01FC
    { 19, 18, 296, 0, 17, 86, 5336 }, // U+01FD
    { 16, 21, 266, 1, 20, 84, 5422 }, // U+01FE
    { 13, 19, 208, 0, 17, 62, 5506 }, // U+01FF
    { 17, 21, 253, -2, 21, 90, 5568 }, // U+0200
    { 14, 18, 223, 0, 17, 63, 5658 }, // U+0201
    { 17, 20, 253, -2, 20, 85, 5721 }, // U+0202
    { 14, 18, 223, 0, 17, 63, 5806 }, // U+0203
    { 16, 21, 213, -1, 21, 84, 5869 }, // U+0204
    { 12, 18, 180, 0, 17, 54, 5953 }, // U+0205
    { 16, 20, 213, -1, 20, 80, 6007 }, // U+0206
    { 12, 18, 180, 0, 17, 54, 6087 }, // U+0207
    { 11, 21, 135, -1, 21, 58, 6141 }, // U+0208
    { 10, 18, 119, -2, 17, 45, 6199 }, // U+0209
    { 12, 21, 135, -1, 21, 63, 6244 }, // U+020A
    { 8, 18, 119, 1, 17, 36, 6307 }, // U+020B
    { 16, 22, 266, 1, 21, 88, 6343 }, // U+020C
    { 13, 18, 208, 0, 17, 59, 6431 }, // U+020D
    { 16, 21, 266, 1, 20, 84, 6490 }, // U+020E
    { 13, 18, 208, 0, 17, 59, 6574 }, // U+020F
    { 16, 21, 238, -1, 21, 84, 6633 }, // U+0210
    { 12, 17, 185, 0, 17, 51, 6717 }, // U+0211
    { 16, 20, 238, -1, 20, 80, 6768 }, // U+0212
    { 12, 17, 185, 0, 17, 51, 6848 }, // U+0213
    { 16, 22, 251, 2, 21, 88, 6899 }, // U+0214
    { 13, 18, 226, 1, 17, 59, 6987 }, // U+0215
    { 16, 21, 251, 2, 20, 84, 7046 }, // U+0216
    { 13, 18, 226, 1, 17, 59, 7130 }, // U+0217
    { 13, 21, 197, 0, 16, 69, 7189 }, // U+0218
    { 11, 17, 173, 0, 12, 47, 7258 }, // U+0219
    { 15, 20, 219, 1, 15, 75, 7305 }, // U+021A
    { 9, 19, 140, 0, 14, 43, 7380 }, // U+021B
    { 14, 20, 206, -1, 16, 70, 7423 }, // U+021C
    { 12, 18, 171, -2, 12, 54, 7493 }, // U+021D
    { 20, 20, 275, -1, 20, 100, 7547 }, // U+021E
    { 14, 22, 220, 0, 21, 77, 7647 }, // U+021F
    { 5, 5, 0, -10, 17, 7, 0 }, // U+0300
    { 7, 5, 0, -7, 17, 9, 7 }, // U+0301
    { 9, 5, 0, -3, 17, 12, 16 }, // U+0302
    { 10, 5, 0, -11, 17, 13, 28 }, // U+0303
    { 7, 3, 0, -2, 15, 6, 41 }, // U+0304
    { 7, 3, 0, -1, 18, 6, 47 }, // U+0305
    { 8, 5, 0, -2, 17, 10, 53 }, // U+0306
    { 4, 4, 0, 0, 17, 4, 63 }, // U+0307
    { 8, 4, 0, -2, 17, 8, 67 }, // U+0308
    { 6, 6, 0, -8, 18, 9, 75 }, // U+0309
    { 6, 5, 0, -1, 17, 8, 84 }, // U+030A
    { 10, 5, 0, -3, 17, 13, 92 }, // U+030B
    { 9, 5, 0, -2, 17, 12, 105 }, // U+030C
    { 3, 4, 0, 0, 16, 3, 117 }, // U+030D
    { 6, 4, 0, -1, 16, 6, 120 }, // U+030E
    { 10, 5, 0, -10, 17, 13, 126 }, // U+030F
    { 8, 7, 0, -2, 19, 14, 139 }, // U+0310
    { 7, 5, 0, -2, 17, 9, 153 }, // U+0311
    { 6, 8, 0, -1, 16, 12, 162 }, // U+0312
    { 6, 8, 0, -2, 16, 12, 174 }, // U+0313
    { 5, 7, 0, -1, 15, 9, 186 }, // U+0314
    { 6, 8, 0, -2, 16, 12, 195 }, // U+0315
    { 6, 5, 0, -5, -1, 8, 207 }, // U+0316
    { 7, 5, 0, -5, -1, 9, 215 }, // U+0317
    { 4, 5, 0, -3, 0, 5, 224 }, // U+0318
    { 5, 5, 0, -4, 0, 7, 229 }, // U+0319
    { 7, 6, 126, 2, 16, 11, 236 }, // U+031A
    { 6, 6, 0, -2, 17, 9, 247 }, // U+031B
    { 4, 6, 0, -3, 0, 6, 256 }, // U+031C
    { 5, 4, 0, -4, -1, 5, 262 }, // U+031D
    { 5, 4, 0, -4, -1, 5, 267 }, // U+031E
    { 5, 5, 0, -4, 0, 7, 272 }, // U+031F
    { 6, 2, 0, -5, -2, 3, 279 }, // U+0320
    { 6, 7, 0, -6, 2, 11, 282 }, // U+0321
    { 5, 6, 0, -3, 1, 8, 293 }, // U+0322
    { 4, 4, 0, -10, -1, 4, 301 }, // U+0323
    { 9, 4, 0, -6, 0, 9, 305 }, // U+0324
    { 6, 5, 0, -4, -1, 8, 314 }, // U+0325
    { 5, 4, 0, -4, -1, 5, 322 }, // U+0326
    { 6, 7, 0, -4, 1, 11, 327 }, // U+0327
    { 6, 6, 0, -5, 0, 9, 338 }, // U+0328
    { 3, 4, 0, -3, -1, 3, 347 }, // U+0329
    { 9, 4, 0, -6, -1, 9, 350 }, // U+032A
    { 8, 3, 0, -5, -1, 6, 359 }, // U+032B
    { 8, 5, 0, -5, 0, 10, 365 }, // U+032C
    { 8, 5, 0, -6, 0, 10, 375 }, // U+032D
    { 8, 5, 0, -5, 0, 10, 385 }, // U+032E
    { 8, 5, 0, -6, 0, 10, 395 }, // U+032F
    { 9, 5, 0, -6, 0, 12, 405 }, // U+0330
    { 7, 3, 0, -5, -1, 6, 417 }, // U+0331
    { 10, 2, 0, -11, -2, 5, 423 }, // U+0332
    { 10, 5, 0, -11, 0, 13, 428 }, // U+0333
    { 10, 5, 0, -5, 9, 13, 441 }, // U+0334
    { 10, 2, 0, -5, 7, 5, 454 }, // U+0335
    { 14, 2, 0, -7, 7, 7, 459 }, // U+0336
    { 10, 6, 0, -5, 9, 15, 466 }, // U+0337
    { 13, 19, 0, -6, 17, 62, 481 }, // U+0338
    { 4, 6, 0, -3, 0, 6, 543 }, // U+0339
    { 9, 4, 0, -6, -1, 9, 549 }, // U+033A
    { 9, 5, 0, -6, 0, 12, 558 }, // U+033B
    { 8, 3, 0, -5, -1, 6, 570 }, // U+033C
    { 5, 4, 0, -1, 16, 5, 576 }, // U+033D
    { 4, 7, 0, 0, 19, 7, 581 }, // U+033E
    { 11, 5, 0, -3, 20, 14, 588 }, // U+033F
    { 6, 5, 0, -2, 17, 8, 602 }, // U+0340
    { 7, 5, 0, -1, 17, 9, 610 }, // U+0341
    { 9, 5, 0, -3, 17, 12, 619 }, // U+0342
    { 4, 5, 0, 1, 17, 5, 631 }, // U+0343
    { 10, 6, 0, -3, 17, 15, 636 }, // U+0344
    { 5, 5, 0, -1, -1, 7, 651 }, // U+0345
    { 10, 4, 0, -3, 16, 10, 658 }, // U+0346
    { 11, 5, 0, -7, 0, 14, 668 }, // U+0347
    { 7, 4, 0, -5, -1, 7, 682 }, // U+0348
    { 5, 5, 0, -3, -1, 7, 689 }, // U+0349
    { 10, 6, 0, -3, 17, 15, 696 }, // U+034A
    { 10, 10, 0, -3, 21, 25, 711 }, // U+034B
    { 10, 8, 0, -3, 20, 20, 736 }, // U+034C
    { 7, 5, 0, -5, 0, 9, 756 }, // U+034D
    { 5, 6, 0, -4, 0, 8, 765 }, // U+034E
    { 16, 15, 0, -8, 15, 60, 773 }, // U+034F
    { 5, 6, 0, -1, 17, 8, 833 }, // U+0350
    { 4, 6, 0, 0, 18, 6, 841 }, // U+0351
    { 8, 7, 0, -2, 19, 14, 847 }, // U+0352
    { 5, 5, 0, -4, -1, 7, 861 }, // U+0353
    { 5, 6, 0, -4, 0, 8, 868 }, // U+0354
    { 5, 6, 0, -4, 0, 8, 876 }, // U+0355
    { 9, 6, 0, -6, 0, 14, 884 }, // U+0356
    { 4, 6, 0, -1, 18, 6, 898 }, // U+0357
    { 4, 4, 0, 3, 17, 4, 904 }, // U+0358
    { 6, 6, 0, -3, 0, 9, 908 }, // U+0359
    { 8, 6, 0, -6, 0, 12, 917 }, // U+035A
    { 5, 5, 0, -1, 17, 7, 929 }, // U+035B
    { 17, 5, 0, -10, 0, 22, 936 }, // U+035C
    { 17, 5, 0, -6, 17, 22, 958 }, // U+035D
    { 14, 3, 0, -5, 15, 11, 980 }, // U+035E
    { 14, 3, 0, -9, -1, 11, 991 }, // U+035F
    { 19, 4, 0, -8, 16, 19, 1002 }, // U+0360
    { 18, 4, 0, -7, 18, 18, 1021 }, // U+0361
    { 14, 5, 0, -9, 0, 18, 1039 }, // U+0362
    { 6, 6, 0, -1, 18, 9, 1057 }, // U+0363
    { 6, 6, 0, -1, 18, 9, 1066 }, // U+0364
    { 4, 8, 0, 0, 20, 8, 1075 }, // U+0365
    { 6, 6, 0, -1, 18, 9, 1083 }, // U+0366
    { 7, 6, 0, -1, 18, 11, 1092 }, // U+0367
    { 6, 6, 0, -1, 18, 9, 1103 }, // U+0368
    { 7, 8, 0, -1, 20, 14, 1112 }, // U+0369
    { 6, 8, 0, -1, 20, 12, 1126 }, // U+036A
    { 10, 6, 0, -3, 18, 15, 1138 }, // U+036B
    { 6, 5, 0, -1, 18, 8, 1153 }, // U+036C
    { 5, 7, 0, 0, 19, 9, 1161 }, // U+036D
    { 6, 6, 0, -1, 18, 9, 1170 }, // U+036E
    { 6, 5, 0, -1, 18, 8, 1179 }, // U+036F
    { 16, 20, 219, -1, 20, 80, 0 }, // U+0400
    { 16, 20, 219, -1, 20, 80, 80 }, // U+0401
    { 16, 15, 277, 1, 15, 60, 160 }, // U+0402
    { 15, 20, 199, -1, 20, 75, 220 }, // U+0403
    { 14, 17, 221, 1, 16, 60, 295 }, // U+0404
    { 14, 17, 197, -1, 16, 60, 355 }, // U+0405
    { 11, 15, 134, -1, 15, 42, 415 }, // U+0406
    { 12, 20, 134, -1, 20, 60, 457 }, // U+0407
    { 13, 21, 133, -3, 15, 69, 517 }, // U+0408
    { 21, 16, 327, -1, 15, 84, 586 }, // U+0409
    { 22, 15, 347, -1, 15, 83, 670 }, // U+040A
    { 17, 15, 298, 1, 15, 64, 753 }, // U+040B
    { 18, 20, 245, -1, 20, 90, 817 }, // U+040C
    { 20, 20, 275, -1, 20, 100, 907 }, // U+040D
    { 16, 21, 235, 1, 20, 84, 1007 }, // U+040E
    { 20, 19, 270, -1, 15, 95, 1091 }, // U+040F
    { 17, 15, 252, -2, 15, 64, 1186 }, // U+0410
    { 15, 15, 214, -1, 15, 57, 1250 }, // U+0411
    { 15, 15, 227, -1, 15, 57, 1307 }, // U+0412
    { 15, 15, 199, -1, 15, 57, 1364 }, // U+0413
    { 20, 19, 259, -2, 15, 95, 1421 }, // U+0414
    { 16, 15, 219, -1, 15, 60, 1516 }, // U+0415
    { 26, 15, 348, -2, 15, 98, 1576 }, // U+0416
    { 14, 17, 209, -1, 16, 60, 1674 }, // U+0417
    { 20, 15, 277, -1, 15, 75, 1734 }, // U+0418
    { 20, 20, 277, -1, 20, 100, 1809 }, // U+0419
    { 18, 15, 245, -1, 15, 68, 1909 }, // U+041A
    { 19, 16, 252, -1, 15, 76, 1977 }, // U+041B
    { 23, 15, 326, -1, 15, 87, 2053 }, // U+041C
    { 20, 15, 274, -1, 15, 75, 2140 }, // U+041D
    { 15, 17, 258, 1, 16, 64, 2215 }, // U+041E
    { 20, 15, 270, -1, 15, 75, 2279 }, // U+041F
    { 15, 15, 214, -1, 15, 57, 2354 }, // U+0420
    { 14, 17, 221, 1, 16, 60, 2411 }, // U+0421
    { 15, 15, 222, 1, 15, 57, 2471 }, // U+0422
    { 16, 16, 235, 1, 15, 64, 2528 }, // U+0423
    { 19, 17, 317, 1, 16, 81, 2592 }, // U+0424
    { 19, 15, 246, -2, 15, 72, 2673 }, // U+0425
    { 20, 19, 272, -1, 15, 95, 2745 }, // U+0426
    { 17, 15, 263, 1, 15, 64, 2840 }, // U+0427
    { 27, 15, 383, -1, 15, 102, 2904 }, // U+0428
    { 27, 19, 385, -1, 15, 129, 3006 }, // U+0429
    { 14, 15, 248, 1, 15, 53, 3135 }, // U+042A
    { 23, 15, 328, -1, 15, 87, 3188 }, // U+042B
    { 14, 15, 214, -1, 15, 53, 3275 }, // U+042C
    { 15, 17, 221, -1, 16, 64, 3328 }, // U+042D
    { 24, 17, 363, -1, 16, 102, 3392 }, // U+042E
    { 19, 15, 237, -2, 15, 72, 3494 }, // U+042F
    { 13, 13, 210, 0, 12, 43, 3566 }, // U+0430
    { 14, 18, 205, 0, 17, 63, 3609 }, // U+0431
    { 12, 13, 192, 0, 12, 39, 3672 }, // U+0432
    { 10, 13, 161, 0, 12, 33, 3711 }, // U+0433
    { 13, 18, 202, 0, 17, 59, 3744 }, // U+0434
    { 12, 13, 179, 0, 12, 39, 3803 }, // U+0435
    { 23, 13, 344, -1, 12, 75, 3842 }, // U+0436
    { 11, 13, 172, 0, 12, 36, 3917 }, // U+0437
    { 13, 13, 217, 1, 12, 43, 3953 }, // U+0438
    { 13, 18, 217, 1, 17, 59, 3996 }, // U+0439
    { 14, 12, 206, 0, 12, 42, 4055 }, // U+043A
    { 14, 13, 207, -1, 12, 46, 4097 }, // U+043B
    { 19, 13, 291, -1, 12, 62, 4143 }, // U+043C
    { 14, 13, 218, 0, 12, 46, 4205 }, // U+043D
    { 12, 13, 202, 0, 12, 39, 4251 }, // U+043E
    { 14, 13, 218, 0, 12, 46, 4290 }, // U+043F
    { 14, 18, 209, -1, 12, 63, 4336 }, // U+0440
    { 12, 13, 175, 0, 12, 39, 4399 }, // U+0441
    { 20, 13, 319, 0, 12, 65, 4438 }, // U+0442
    { 13, 18, 195, -1, 12, 59, 4503 }, // U+0443
    { 17, 22, 279, 0, 17, 94, 4562 }, // U+0444
    { 14, 12, 200, -1, 12, 42, 4656 }, // U+0445
    { 13, 18, 218, 1, 12, 59, 4698 }, // U+0446
    { 13, 13, 206, 0, 12, 43, 4757 }, // U+0447
    { 19, 13, 320, 1, 12, 62, 4800 }, // U+0448
    { 19, 18, 321, 1, 12, 86, 4862 }, // U+0449
    { 12, 13, 198, 0, 12, 39, 4948 }, // U+044A
    { 18, 13, 289, 0, 12, 59, 4987 }, // U+044B
    { 11, 13, 194, 1, 12, 36, 5046 }, // U+044C
    { 11, 13, 176, 0, 12, 36, 5082 }, // U+044D
    { 18, 13, 290, 0, 12, 59, 5118 }, // U+044E
    { 14, 13, 211, -1, 12, 46, 5177 }, // U+044F
    { 12, 18, 179, 0, 17, 54, 5223 }, // U+0450
    { 12, 18, 179, 0, 17, 54, 5277 }, // U+0451
    { 13, 22, 208, 0, 16, 72, 5331 }, // U+0452
    { 11, 18, 161, 0, 17, 50, 5403 }, // U+0453
    { 12, 13, 175, 0, 12, 39, 5453 }, // U+0454
    { 11, 13, 161, -1, 12, 36, 5492 }, // U+0455
    { 6, 18, 110, 1, 17, 27, 5528 }, // U+0456
    { 8, 18, 110, 1, 17, 36, 5555 }, // U+0457
    { 10, 23, 106, -3, 17, 58, 5591 }, // U+0458
    { 19, 13, 287, -1, 12, 62, 5649 }, // U+0459
    { 18, 13, 298, 0, 12, 59, 5711 }, // U+045A
    { 14, 17, 218, 0, 16, 60, 5770 }, // U+045B
    { 14, 17, 206, 0, 17, 60, 5830 }, // U+045C
    { 13, 18, 217, 1, 17, 59, 5890 }, // U+045D
    { 13, 23, 195, -1, 17, 75, 5949 }, // U+045E
    { 13, 18, 217, 1, 12, 59, 6024 }, // U+045F
    { 21, 16, 344, 1, 16, 84, 6083 }, // U+0460
    { 18, 12, 276, 0, 12, 54, 6167 }, // U+0461
    { 14, 15, 239, 0, 15, 53, 6221 }, // U+0462
    { 18, 13, 300, 0, 12, 59, 6274 }, // U+0463
    { 24, 17, 347, -1, 16, 102, 6333 }, // U+0464
    { 18, 13, 282, 0, 12, 59, 6435 }, // U+0465
    { 18, 15, 266, -2, 15, 68, 6494 }, // U+0466
    { 15, 12, 217, -2, 12, 45, 6562 }, // U+0467
    { 25, 15, 391, -1, 15, 94, 6607 }, // U+0468
    { 20, 12, 321, 0, 12, 60, 6701 }, // U+0469
    { 20, 15, 302, -2, 15, 75, 6761 }, // U+046A
    { 18, 12, 263, -2, 12, 54, 6836 }, // U+046B
    { 28, 15, 431, -1, 15, 105, 6890 }, // U+046C
    { 22, 12, 364, 0, 12, 66, 6995 }, // U+046D
    { 14, 23, 204, -1, 18, 81, 7061 }, // U+046E
    { 12, 19, 173, -1, 14, 57, 7142 }, // U+046F
    { 21, 15, 328, 2, 15, 79, 7199 }, // U+0470
    { 15, 22, 242, 1, 16, 83, 7278 }, // U+0471
    { 16, 17, 266, 1, 16, 68, 7361 }, // U+0472
    { 13, 13, 208, 0, 12, 43, 7429 }, // U+0473
    { 17, 16, 250, 1, 16, 68, 7472 }, // U+0474
    { 15, 13, 212, 0, 12, 49, 7540 }, // U+0475
    { 17, 21, 250, 1, 21, 90, 7589 }, // U+0476
    { 15, 18, 212, 0, 17, 68, 7679 }, // U+0477
    { 27, 22, 438, 1, 16, 149, 7747 }, // U+0478
    { 24, 18, 376, 0, 12, 108, 7896 }, // U+0479
    { 16, 19, 280, 1, 17, 76, 8004 }, // U+047A
    { 13, 15, 218, 0, 13, 49, 8080 }, // U+047B
    { 23, 24, 384, 1, 23, 138, 8129 }, // U+047C
    { 20, 21, 324, 0, 20, 105, 8267 }, // U+047D
    { 21, 19, 344, 1, 19, 100, 8372 }, // U+047E
    { 18, 15, 276, 0, 15, 68, 8472 }, // U+047F
    { 14, 22, 224, 1, 16, 77, 8540 }, // U+0480
    { 12, 18, 177, 0, 12, 54, 8617 }, // U+0481
    { 11, 15, 205, 1, 14, 42, 8671 }, // U+0482
    { 9, 5, 0, -3, 16, 12, 8713 }, // U+0483
    { 9, 4, 0, -3, 16, 9, 8725 }, // U+0484
    { 4, 5, 0, 0, 17, 5, 8734 }, // U+0485
    { 4, 5, 0, 0, 17, 5, 8739 }, // U+0486
    { 10, 4, 0, -3, 19, 10, 8744 }, // U+0487
    { 26, 24, 0, -13, 18, 156, 8754 }, // U+0488
    { 26, 26, 0, -13, 19, 169, 8910 }, // U+0489
    { 20, 25, 282, -1, 20, 125, 9079 }, // U+048A
    { 13, 22, 226, 1, 17, 72, 9204 }, // U+048B
    { 14, 16, 223, -1, 16, 56, 9276 }, // U+048C
    { 12, 15, 200, 0, 14, 45, 9332 }, // U+048D
    { 16, 15, 223, -1, 15, 60, 9377 }, // U+048E
    { 14, 18, 209, -1, 12, 63, 9437 }, // U+048F
    { 15, 18, 182, -1, 18, 68, 9500 }, // U+0490
    { 11, 15, 162, 0, 15, 42, 9568 }, // U+0491
    { 16, 15, 199, -1, 15, 60, 9610 }, // U+0492
    { 12, 12, 171, 0, 12, 36, 9670 }, // U+0493
    { 16, 21, 242, -1, 15, 84, 9706 }, // U+0494
    { 12, 18, 201, 0, 12, 54, 9790 }, // U+0495
    { 26, 21, 356, -2, 16, 137, 9844 }, // U+0496
    { 25, 17, 395, 0, 12, 107, 9981 }, // U+0497
    { 13, 21, 206, 0, 16, 69, 10088 }, // U+0498
    { 11, 17, 175, 0, 12, 47, 10157 }, // U+0499
    { 18, 21, 254, -1, 16, 95, 10204 }, // U+049A
    { 13, 17, 203, 0, 12, 56, 10299 }, // U+049B
    { 19, 16, 261, -1, 16, 76, 10355 }, // U+049C
    { 15, 13, 221, 0, 12, 49, 10431 }, // U+049D
    { 18, 16, 250, -1, 16, 72, 10480 }, // U+049E
    { 13, 17, 203, 0, 16, 56, 10552 }, // U+049F
    { 19, 16, 287, 1, 16, 76, 10608 }, // U+04A0
    { 16, 13, 248, 0, 12, 52, 10684 }, // U+04A1
    { 20, 20, 275, -1, 15, 100, 10736 }, // U+04A2
    { 14, 17, 229, 0, 12, 60, 10836 }, // U+04A3
    { 23, 15, 314, -1, 15, 87, 10896 }, // U+04A4
    { 18, 13, 275, 0, 12, 59, 10983 }, // U+04A5
    { 24, 21, 379, -1, 15, 126, 11042 }, // U+04A6
    { 18, 18, 307, 0, 12, 81, 11168 }, // U+04A7
    { 16, 17, 283, 1, 16, 68, 11249 }, // U+04A8
    { 14, 13, 230, 0, 12, 46, 11317 }, // U+04A9
    { 14, 21, 224, 1, 16, 74, 11363 }, // U+04AA
    { 12, 17, 177, 0, 12, 51, 11437 }, // U+04AB
    { 15, 20, 219, 1, 15, 75, 11488 }, // U+04AC
    { 21, 17, 326, 0, 12, 90, 11563 }, // U+04AD
    { 16, 15, 233, 1, 15, 60, 11653 }, // U+04AE
    { 12, 18, 197, 0, 12, 54, 11713 }, // U+04AF
    { 16, 15, 233, 1, 15, 60, 11767 }, // U+04B0
    { 12, 18, 197, 0, 12, 54, 11827 }, // U+04B1
    { 18, 20, 253, -1, 15, 90, 11881 }, // U+04B2
    { 14, 17, 203, -1, 12, 60, 11971 }, // U+04B3
    { 22, 20, 330, 1, 15, 110, 12031 }, // U+04B4
    { 17, 17, 268, 0, 12, 73, 12141 }, // U+04B5
    { 17, 20, 254, 1, 15, 85, 12214 }, // U+04B6
    { 14, 17, 219, 0, 12, 60, 12299 }, // U+04B7
    { 17, 15, 263, 1, 15, 64, 12359 }, // U+04B8
    { 13, 13, 206, 0, 12, 43, 12423 }, // U+04B9
    { 17, 15, 262, -1, 15, 64, 12466 }, // U+04BA
    { 14, 17, 220, 0, 16, 60, 12530 }, // U+04BB
    { 18, 17, 276, 0, 16, 77, 12590 }, // U+04BC
    { 14, 13, 224, 0, 12, 46, 12667 }, // U+04BD
    { 18, 21, 276, 0, 16, 95, 12713 }, // U+04BE
    { 14, 17, 224, 0, 12, 60, 12808 }, // U+04BF
    { 11, 15, 135, -1, 15, 42, 12868 }, // U+04C0
    { 26, 20, 348, -2, 20, 130, 12910 }, // U+04C1
    { 23, 18, 344, -1, 17, 104, 13040 }, // U+04C2
    { 18, 22, 245, -1, 16, 99, 13144 }, // U+04C3
    { 13, 18, 207, 0, 12, 59, 13243 }, // U+04C4
    { 18, 20, 249, -1, 15, 90, 13302 }, // U+04C5
    { 15, 17, 230, 0, 12, 64, 13392 }, // U+04C6
    { 20, 21, 275, -1, 15, 105, 13456 }, // U+04C7
    { 14, 18, 224, 0, 12, 63, 13561 }, // U+04C8
    { 20, 20, 282, -1, 15, 100, 13624 }, // U+04C9
    { 14, 17, 229, 0, 12, 60, 13724 }, // U+04CA
    { 17, 20, 254, 1, 15, 85, 13784 }, // U+04CB
    { 13, 17, 219, 0, 12, 56, 13869 }, // U+04CC
    { 23, 20, 327, -1, 15, 115, 13925 }, // U+04CD
    { 20, 17, 318, 0, 12, 85, 14040 }, // U+04CE
    { 11, 15, 135, -1, 15, 42, 14125 }, // U+04CF
    { 17, 20, 253, -2, 20, 85, 14167 }, // U+04D0
    { 14, 18, 223, 0, 17, 63, 14252 }, // U+04D1
    { 17, 20, 253, -2, 20, 85, 14315 }, // U+04D2
    { 14, 18, 223, 0, 17, 63, 14400 }, // U+04D3
    { 23, 15, 334, -1, 15, 87, 14463 }, // U+04D4
    { 19, 13, 296, 0, 12, 62, 14550 }, // U+04D5
    { 16, 20, 213, -1, 20, 80, 14612 }, // U+04D6
    { 12, 18, 180, 0, 17, 54, 14692 }, // U+04D7
    { 15, 17, 236, 0, 16, 64, 14746 }, // U+04D8
    { 11, 13, 188, 0, 12, 36, 14810 }, // U+04D9
    { 15, 21, 236, 0, 20, 79, 14846 }, // U+04DA
    { 11, 18, 188, 0, 17, 50, 14925 }, // U+04DB
    { 26, 20, 348, -2, 20, 130, 14975 }, // U+04DC
    { 23, 18, 344, -1, 17, 104, 15105 }, // U+04DD
    { 14, 21, 209, -1, 20, 74, 15209 }, // U+04DE
    { 11, 18, 172, 0, 17, 50, 15283 }, // U+04DF
    { 14, 16, 204, 0, 15, 56, 15333 }, // U+04E0
    { 13, 18, 188, -1, 12, 59, 15389 }, // U+04E1
    { 20, 18, 277, -1, 18, 90, 15448 }, // U+04E2
    { 13, 16, 226, 1, 15, 52, 15538 }, // U+04E3
    { 20, 20, 277, -1, 20, 100, 15590 }, // U+04E4
    { 13, 18, 226, 1, 17, 59, 15690 }, // U+04E5
    { 16, 21, 266, 1, 20, 84, 15749 }, // U+04E6
    { 13, 18, 208, 0, 17, 59, 15833 }, // U+04E7
    { 16, 17, 266, 1, 16, 68, 15892 }, // U+04E8
    { 13, 13, 208, 0, 12, 43, 15960 }, // U+04E9
    { 16, 21, 266, 1, 20, 84, 16003 }, // U+04EA
    { 13, 18, 208, 0, 17, 59, 16087 }, // U+04EB
    { 15, 21, 221, -1, 20, 79, 16146 }, // U+04EC
    { 11, 18, 176, 0, 17, 50, 16225 }, // U+04ED
    { 16, 19, 235, 1, 18, 76, 16275 }, // U+04EE
    { 16, 21, 197, -4, 15, 84, 16351 }, // U+04EF
    { 16, 21, 235, 1, 20, 84, 16435 }, // U+04F0
    { 16, 23, 197, -4, 17, 92, 16519 }, // U+04F1
    { 16, 21, 235, 1, 20, 84, 16611 }, // U+04F2
    { 17, 23, 197, -4, 17, 98, 16695 }, // U+04F3
    { 17, 20, 263, 1, 20, 85, 16793 }, // U+04F4
    { 13, 18, 206, 0, 17, 59, 16878 }, // U+04F5
    { 16, 20, 199, -1, 15, 80, 16937 }, // U+04F6
    { 13, 17, 171, -1, 12, 56, 17017 }, // U+04F7
    { 23, 20, 328, -1, 20, 115, 17073 }, // U+04F8
    { 18, 18, 289, 0, 17, 81, 17188 }, // U+04F9
    { 16, 20, 199, -1, 15, 80, 17269 }, // U+04FA
    { 12, 17, 171, 0, 12, 51, 17349 }, // U+04FB
    { 18, 20, 249, -1, 15, 90, 17400 }, // U+04FC
    { 14, 17, 203, -1, 12, 60, 17490 }, // U+04FD
    { 18, 15, 246, -1, 15, 68, 17550 }, // U+04FE
    { 14, 12, 203, -1, 12, 42, 17618 }, // U+04FF
    { 17, 19, 253, -2, 15, 81, 0 }, // U+1EA0
    { 14, 16, 223, 0, 12, 56, 81 }, // U+1EA1
    { 17, 21, 253, -2, 21, 90, 137 }, // U+1EA2
    { 14, 19, 223, 0, 18, 67, 227 }, // U+1EA3
    { 19, 21, 253, -2, 21, 100, 294 }, // U+1EA4
    { 15, 19, 223, 0, 18, 72, 394 }, // U+1EA5
    { 17, 21, 253, -2, 21, 90, 466 }, // U+1EA6
    { 14, 19, 223, 0, 18, 67, 556 }, // U+1EA7
    { 18, 22, 253, -2, 22, 99, 623 }, // U+1EA8
    { 14, 19, 223, 0, 18, 67, 722 }, // U+1EA9
    { 17, 23, 253, -2, 23, 98, 789 }, // U+1EAA
    { 14, 20, 223, 0, 19, 70, 887 }, // U+1EAB
    { 17, 24, 253, -2, 20, 102, 957 }, // U+1EAC
    { 14, 21, 223, 0, 17, 74, 1059 }, // U+1EAD
    { 17, 22, 253, -2, 22, 94, 1133 }, // U+1EAE
    { 14, 19, 223, 0, 18, 67, 1227 }, // U+1EAF
    { 17, 22, 253, -2, 22, 94, 1294 }, // U+1EB0
    { 14, 19, 223, 0, 18, 67, 1388 }, // U+1EB1
    { 17, 22, 253, -2, 22, 94, 1455 }, // U+1EB2
    { 14, 20, 223, 0, 19, 70, 1549 }, // U+1EB3
    { 17, 23, 253, -2, 23, 98, 1619 }, // U+1EB4
    { 14, 20, 223, 0, 19, 70, 1717 }, // U+1EB5
    { 17, 25, 253, -2, 20, 107, 1787 }, // U+1EB6
    { 14, 22, 223, 0, 17, 77, 1894 }, // U+1EB7
    { 16, 20, 213, -1, 15, 80, 1971 }, // U+1EB8
    { 12, 17, 180, 0, 12, 51, 2051 }, // U+1EB9
    { 16, 21, 213, -1, 21, 84, 2102 }, // U+1EBA
    { 12, 19, 180, 0, 18, 57, 2186 }, // U+1EBB
    { 16, 20, 213, -1, 20, 80, 2243 }, // U+1EBC
    { 12, 18, 180, 0, 17, 54, 2323 }, // U+1EBD
    { 17, 21, 213, -1, 21, 90, 2377 }, // U+1EBE
    { 14, 19, 180, 0, 18, 67, 2467 }, // U+1EBF
    { 16, 21, 213, -1, 21, 84, 2534 }, // U+1EC0
    { 12, 19, 180, 0, 18, 57, 2618 }, // U+1EC1
    { 16, 22, 213, -1, 22, 88, 2675 }, // U+1EC2
    { 14, 19, 180, 0, 18, 67, 2763 }, // U+1EC3
    { 16, 23, 213, -1, 23, 92, 2830 }, // U+1EC4
    { 12, 20, 180, 0, 19, 60, 2922 }, // U+1EC5
    { 16, 25, 213, -1, 20, 100, 2982 }, // U+1EC6
    { 12, 22, 180, 0, 17, 66, 3082 }, // U+1EC7
    { 11, 21, 135, -1, 21, 58, 3148 }, // U+1EC8
    { 7, 19, 119, 1, 18, 34, 3206 }, // U+1EC9
    { 11, 20, 135, -1, 15, 55, 3240 }, // U+1ECA
    { 8, 22, 119, 0, 17, 44, 3295 }, // U+1ECB
    { 16, 21, 266, 1, 16, 84, 3339 }, // U+1ECC
    { 13, 17, 208, 0, 12, 56, 3423 }, // U+1ECD
    { 16, 22, 266, 1, 21, 88, 3479 }, // U+1ECE
    { 13, 19, 208, 0, 18, 62, 3567 }, // U+1ECF
    { 16, 22, 266, 1, 21, 88, 3629 }, // U+1ED0
    { 15, 19, 208, 0, 18, 72, 3717 }, // U+1ED1
    { 16, 22, 266, 1, 21, 88, 3789 }, // U+1ED2
    { 13, 19, 208, 0, 18, 62, 3877 }, // U+1ED3
    { 16, 23, 266, 1, 22, 92, 3939 }, // U+1ED4
    { 14, 19, 208, 0, 18, 67, 4031 }, // U+1ED5
    { 16, 24, 266, 1, 23, 96, 4098 }, // U+1ED6
    { 13, 20, 208, 0, 19, 65, 4194 }, // U+1ED7
    { 16, 25, 266, 1, 20, 100, 4259 }, // U+1ED8
    { 13, 22, 208, 0, 17, 72, 4359 }, // U+1ED9
    { 19, 21, 283, 1, 20, 100, 4431 }, // U+1EDA
    { 16, 18, 225, 0, 17, 72, 4531 }, // U+1EDB
    { 19, 21, 283, 1, 20, 100, 4603 }, // U+1EDC
    { 16, 18, 225, 0, 17, 72, 4703 }, // U+1EDD
    { 19, 22, 283, 1, 21, 105, 4775 }, // U+1EDE
    { 16, 19, 225, 0, 18, 76, 4880 }, // U+1EDF
    { 19, 21, 283, 1, 20, 100, 4956 }, // U+1EE0
    { 16, 18, 225, 0, 17, 72, 5056 }, // U+1EE1
    { 19, 22, 283, 1, 17, 105, 5128 }, // U+1EE2
    { 16, 19, 225, 0, 14, 76, 5233 }, // U+1EE3
    { 16, 20, 251, 2, 15, 80, 5309 }, // U+1EE4
    { 13, 17, 226, 1, 12, 56, 5389 }, // U+1EE5
    { 16, 22, 251, 2, 21, 88, 5445 }, // U+1EE6
    { 13, 19, 226, 1, 18, 62, 5533 }, // U+1EE7
    { 18, 21, 287, 2, 20, 95, 5595 }, // U+1EE8
    { 17, 18, 261, 1, 17, 77, 5690 }, // U+1EE9
    { 18, 21, 287, 2, 20, 95, 5767 }, // U+1EEA
    { 17, 18, 261, 1, 17, 77, 5862 }, // U+1EEB
    { 18, 22, 287, 2, 21, 99, 5939 }, // U+1EEC
    { 17, 19, 261, 1, 18, 81, 6038 }, // U+1EED
    { 18, 21, 287, 2, 20, 95, 6119 }, // U+1EEE
    { 17, 18, 261, 1, 17, 77, 6214 }, // U+1EEF
    { 18, 22, 287, 2, 17, 99, 6291 }, // U+1EF0
    { 17, 19, 261, 1, 14, 81, 6390 }, // U+1EF1
    { 16, 20, 233, 1, 20, 80, 6471 }, // U+1EF2
    { 16, 23, 197, -4, 17, 92, 6551 }, // U+1EF3
    { 16, 20, 233, 1, 15, 80, 6643 }, // U+1EF4
    { 16, 18, 197, -4, 12, 72, 6723 }, // U+1EF5
    { 16, 21, 233, 1, 21, 84, 6795 }, // U+1EF6
    { 16, 24, 197, -4, 18, 96, 6879 }, // U+1EF7
    { 16, 20, 233, 1, 20, 80, 6975 }, // U+1EF8
    { 16, 23, 197, -4, 17, 92, 7055 }, // U+1EF9
    { 0, 0, 168, 0, 0, 0, 0 }, // U+2000
    { 0, 0, 336, 0, 0, 0, 0 }, // U+2001
    { 0, 0, 168, 0, 0, 0, 0 }, // U+2002
    { 0, 0, 336, 0, 0, 0, 0 }, // U+2003
    { 0, 0, 112, 0, 0, 0, 0 }, // U+2004
    { 0, 0, 84, 0, 0, 0, 0 }, // U+2005
    { 0, 0, 56, 0, 0, 0, 0 }, // U+2006
    { 0, 0, 188, 0, 0, 0, 0 }, // U+2007
    { 0, 0, 102, 0, 0, 0, 0 }, // U+2008
    { 0, 0, 56, 0, 0, 0, 0 }, // U+2009
    { 0, 0, 34, 0, 0, 0, 0 }, // U+200A
    { 0, 0, 0, 0, 0, 0, 0 }, // U+200B
    { 2, 17, 0, -1, 14, 9, 0 }, // U+200C
    { 6, 18, 0, -3, 15, 27, 9 }, // U+200D
    { 6, 18, 0, -1, 15, 27, 36 }, // U+200E
    { 6, 18, 0, -5, 15, 27, 63 }, // U+200F
    { 7, 3, 104, 0, 7, 6, 90 }, // U+2010
    { 7, 3, 104, 0, 7, 6, 96 }, // U+2011
    { 12, 3, 188, 0, 9, 9, 102 }, // U+2012
    { 12, 3, 168, -1, 7, 9, 111 }, // U+2013
    { 23, 3, 336, -1, 7, 18, 120 }, // U+2014
    { 23, 3, 336, -1, 7, 18, 138 }, // U+2015
    { 7, 22, 188, 3, 16, 39, 156 }, // U+2016
    { 12, 5, 138, -3, 0, 15, 195 }, // U+2017
    { 5, 8, 94, 2, 16, 10, 210 }, // U+2018
    { 6, 8, 94, 1, 16, 12, 220 }, // U+2019
    { 6, 8, 94, -1, 4, 12, 232 }, // U+201A
    { 5, 7, 94, 2, 15, 9, 244 }, // U+201B
    { 10, 8, 164, 2, 16, 20, 253 }, // U+201C
    { 10, 8, 164, 1, 16, 20, 273 }, // U+201D
    { 10, 8, 164, -1, 4, 20, 293 }, // U+201E
    { 10, 7, 164, 2, 15, 18, 313 }, // U+201F
    { 10, 19, 161, 1, 16, 48, 331 }, // U+2020
    { 12, 19, 161, -1, 16, 57, 379 }, // U+2021
    { 7, 7, 134, 1, 11, 13, 436 }, // U+2022
    { 7, 7, 168, 3, 11, 13, 449 }, // U+2023
    { 5, 5, 102, 1, 10, 7, 462 }, // U+2024
    { 11, 5, 198, 1, 10, 14, 469 }, // U+2025
    { 17, 5, 307, 1, 4, 22, 483 }, // U+2026
    { 5, 5, 102, 1, 8, 7, 505 }, // U+2027
    { 0, 0, 202, 0, 0, 0, 512 }, // U+2028
    { 0, 0, 202, 0, 0, 0, 512 }, // U+2029
    { 6, 16, 0, -1, 13, 24, 512 }, // U+202A
    { 6, 16, 0, -5, 13, 24, 536 }, // U+202B
    { 6, 18, 0, -3, 15, 27, 560 }, // U+202C
    { 6, 18, 0, -3, 15, 27, 587 }, // U+202D
    { 6, 18, 0, -3, 15, 27, 614 }, // U+202E
    { 0, 0, 56, 0, 0, 0, 641 }, // U+202F
    { 26, 17, 437, 1, 16, 111, 641 }, // U+2030
    { 35, 17, 573, 1, 16, 149, 752 }, // U+2031
    { 6, 6, 97, 2, 15, 9, 901 }, // U+2032
    { 11, 6, 174, 2, 15, 17, 910 }, // U+2033
    { 15, 6, 251, 2, 15, 23, 927 }, // U+2034
    { 4, 6, 97, 3, 15, 6, 950 }, // U+2035
    { 9, 6, 174, 3, 15, 14, 956 }, // U+2036
    { 14, 6, 251, 3, 15, 21, 970 }, // U+2037
    { 9, 7, 148, -1, 1, 16, 991 }, // U+2038
    { 6, 9, 119, 1, 10, 14, 1007 }, // U+2039
    { 7, 9, 119, 0, 10, 16, 1021 }, // U+203A
    { 15, 15, 275, 1, 15, 57, 1037 }, // U+203B
    { 13, 16, 211, 1, 15, 52, 1094 }, // U+203C
    { 11, 17, 195, 2, 16, 47, 1146 }, // U+203D
    { 11, 3, 154, 2, 18, 9, 1193 }, // U+203E
    { 17, 5, 0, -15, 0, 22, 1202 }, // U+203F
    { 18, 4, 0, -14, 18, 18, 1224 }, // U+2040
    { 10, 15, 151, -1, 15, 38, 1242 }, // U+2041
    { 21, 18, 336, 0, 17, 95, 1280 }, // U+2042
    { 8, 5, 122, 0, 10, 10, 1375 }, // U+2043
    { 13, 15, 21, -6, 15, 49, 1385 }, // U+2044
    { 11, 19, 139, 0, 16, 53, 1434 }, // U+2045
    { 11, 19, 139, -2, 16, 53, 1487 }, // U+2046
    { 21, 17, 358, 2, 16, 90, 1540 }, // U+2047
    { 16, 17, 284, 2, 16, 68, 1630 }, // U+2048
    { 17, 17, 283, 1, 16, 73, 1698 }, // U+2049
    { 12, 16, 205, 0, 12, 48, 1771 }, // U+204A
    { 12, 19, 211, 2, 16, 57, 1819 }, // U+204B
    { 13, 9, 207, 0, 12, 30, 1876 }, // U+204C
    { 13, 9, 207, 0, 12, 30, 1906 }, // U+204D
    { 10, 10, 169, 1, 13, 25, 1936 }, // U+204E
    { 6, 16, 120, 1, 12, 24, 1961 }, // U+204F
    { 15, 17, 259, 1, 16, 64, 1985 }, // U+2050
    { 13, 19, 169, -1, 17, 62, 2049 }, // U+2051
    { 8, 17, 148, 1, 16, 34, 2111 }, // U+2052
    { 11, 5, 188, 0, 10, 14, 2145 }, // U+2053
    { 17, 5, 0, -6, 0, 22, 2159 }, // U+2054
    { 10, 11, 181, 1, 13, 28, 2181 }, // U+2055
    { 11, 13, 212, 1, 12, 36, 2209 }, // U+2056
    { 20, 6, 327, 2, 15, 30, 2245 }, // U+2057
    { 14, 13, 257, 1, 12, 46, 2275 }, // U+2058
    { 14, 13, 257, 1, 12, 46, 2321 }, // U+2059
    { 4, 17, 102, 1, 16, 17, 2367 }, // U+205A
    { 14, 17, 257, 1, 16, 60, 2384 }, // U+205B
    { 12, 12, 234, 1, 12, 36, 2444 }, // U+205C
    { 5, 17, 102, 1, 16, 22, 2480 }, // U+205D
    { 4, 17, 102, 1, 16, 17, 2502 }, // U+205E
    { 0, 0, 75, 0, 0, 0, 2519 }, // U+205F
    { 0, 0, 202, 0, 0, 0, 2519 }, // U+2060
    { 0, 0, 202, 0, 0, 0, 2519 }, // U+2061
    { 0, 0, 202, 0, 0, 0, 2519 }, // U+2062
    { 0, 0, 202, 0, 0, 0, 2519 }, // U+2063
    { 0, 0, 202, 0, 0, 0, 2519 }, // U+2064
    { 0, 0, 202, 0, 0, 0, 2519 }, // U+2066
    { 0, 0, 202, 0, 0, 0, 2519 }, // U+2067
    { 0, 0, 202, 0, 0, 0, 2519 }, // U+2068
    { 0, 0, 202, 0, 0, 0, 2519 }, // U+2069
    { 6, 18, 0, -3, 15, 27, 2519 }, // U+206A
    { 6, 18, 0, -3, 15, 27, 2546 }, // U+206B
    { 6, 18, 0, -3, 15, 27, 2573 }, // U+206C
    { 6, 18, 0, -3, 15, 27, 2600 }, // U+206D
    { 6, 18, 0, -3, 15, 27, 2627 }, // U+206E
    { 6, 18, 0, -3, 15, 27, 2654 }, // U+206F
    { 8, 11, 134, 2, 18, 22, 0 }, // U+2070
    { 5, 11, 77, 1, 16, 14, 22 }, // U+2071
    { 9, 10, 134, 1, 18, 23, 36 }, // U+2074
    { 9, 11, 134, 1, 18, 25, 59 }, // U+2075
    { 8, 11, 134, 2, 18, 22, 84 }, // U+2076
    { 9, 10, 134, 2, 18, 23, 106 }, // U+2077
    { 9, 11, 134, 1, 18, 25, 129 }, // U+2078
    { 8, 11, 134, 2, 18, 22, 154 }, // U+2079
    { 9, 8, 134, 1, 16, 18, 176 }, // U+207A
    { 9, 2, 134, 1, 13, 5, 194 }, // U+207B
    { 9, 6, 134, 1, 15, 14, 199 }, // U+207C
    { 7, 13, 84, 2, 19, 23, 213 }, // U+207D
    { 7, 13, 84, -1, 19, 23, 236 }, // U+207E
    { 10, 8, 147, 1, 13, 20, 259 }, // U+207F
    { 8, 11, 134, 0, 8, 22, 279 }, // U+2080
    { 7, 10, 134, -1, 8, 18, 301 }, // U+2081
    { 9, 10, 134, -1, 8, 23, 319 }, // U+2082
    { 9, 11, 134, -1, 8, 25, 342 }, // U+2083
    { 9, 10, 134, -1, 8, 23, 367 }, // U+2084
    { 9, 11, 134, -1, 8, 25, 390 }, // U+2085
    { 8, 11, 134, 0, 8, 22, 415 }, // U+2086
    { 9, 10, 134, 0, 8, 23, 437 }, // U+2087
    { 9, 11, 134, -1, 8, 25, 460 }, // U+2088
    { 8, 11, 134, 0, 8, 22, 485 }, // U+2089
    { 8, 8, 134, 0, 6, 16, 507 }, // U+208A
    { 8, 2, 134, 0, 3, 4, 523 }, // U+208B
    { 8, 6, 134, 0, 5, 12, 527 }, // U+208C
    { 7, 13, 84, 0, 9, 23, 539 }, // U+208D
    { 7, 13, 84, -3, 9, 23, 562 }, // U+208E
    { 9, 8, 145, -1, 5, 18, 585 }, // U+2090
    { 8, 8, 117, -1, 5, 16, 603 }, // U+2091
    { 8, 8, 135, -1, 5, 16, 619 }, // U+2092
    { 10, 8, 132, -2, 5, 20, 635 }, // U+2093
    { 7, 8, 123, -1, 5, 14, 655 }, // U+2094
    { 9, 11, 143, -1, 8, 25, 669 }, // U+2095
    { 9, 11, 130, -1, 8, 25, 694 }, // U+2096
    { 5, 11, 77, -1, 8, 14, 719 }, // U+2097
    { 13, 8, 212, -1, 5, 26, 733 }, // U+2098
    { 9, 8, 147, -1, 5, 18, 759 }, // U+2099
    { 9, 11, 136, -2, 5, 25, 777 }, // U+209A
    { 7, 8, 112, -1, 5, 14, 802 }, // U+209B
    { 6, 10, 91, -1, 7, 15, 816 }, // U+209C
    { 15, 16, 259, 1, 16, 60, 0 }, // U+20A0
    { 14, 18, 224, 1, 16, 63, 60 }, // U+20A1
    { 14, 17, 224, 1, 16, 60, 123 }, // U+20A2
    { 15, 15, 188, -1, 15, 57, 183 }, // U+20A3
    { 14, 17, 188, -1, 16, 60, 240 }, // U+20A4
    { 21, 17, 326, 0, 14, 90, 300 }, // U+20A5
    { 20, 15, 265, -1, 15, 75, 390 }, // U+20A6
    { 20, 16, 309, -1, 15, 80, 465 }, // U+20A7
    { 25, 16, 390, -1, 15, 100, 545 }, // U+20A8
    { 25, 15, 359, 0, 15, 94, 645 }, // U+20A9
    { 17, 13, 300, 1, 13, 56, 739 }, // U+20AA
    { 15, 19, 223, 0, 16, 72, 795 }, // U+20AB
    { 13, 17, 188, 0, 16, 56, 867 }, // U+20AC
    { 19, 15, 249, -1, 15, 72, 923 }, // U+20AD
    { 15, 15, 219, 1, 15, 57, 995 }, // U+20AE
    { 24, 23, 372, -1, 18, 138, 1052 }, // U+20AF
    { 13, 22, 214, -1, 16, 72, 1190 }, // U+20B0
    { 17, 15, 227, -1, 15, 64, 1262 }, // U+20B1
    { 16, 18, 267, 1, 16, 72, 1326 }, // U+20B2
    { 18, 15, 253, -2, 15, 68, 1398 }, // U+20B3
    { 15, 17, 207, -1, 16, 64, 1466 }, // U+20B4
    { 14, 18, 224, 1, 16, 63, 1530 }, // U+20B5
    { 14, 16, 201, 0, 15, 56, 1593 }, // U+20B6
    { 13, 18, 188, 0, 16, 59, 1649 }, // U+20B7
    { 14, 15, 188, 0, 15, 53, 1708 }, // U+20B8
    { 12, 15, 188, 1, 15, 45, 1761 }, // U+20B9
    { 13, 15, 188, -1, 15, 49, 1806 }, // U+20BA
    { 13, 17, 219, 1, 16, 56, 1855 }, // U+20BB
    { 16, 15, 264, 0, 15, 60, 1911 }, // U+20BC
    { 15, 15, 198, -1, 15, 57, 1971 }, // U+20BD
    { 13, 17, 188, 0, 17, 56, 2028 }, // U+20BE
    { 13, 19, 188, -1, 17, 62, 2084 }, // U+20BF
    { 7, 3, 104, 0, 7, 6, 0 }, // U+2212
    { 22, 23, 245, -3, 17, 127, 0 }, // U+FB00
    { 18, 23, 230, -3, 17, 104, 127 }, // U+FB01
    { 18, 23, 239, -3, 17, 104, 231 }, // U+FB02
    { 24, 23, 340, -3, 17, 138, 335 }, // U+FB03
    { 25, 23, 348, -3, 17, 144, 473 }, // U+FB04
    { 20, 23, 254, -3, 17, 115, 617 }, // U+FB05
    { 20, 18, 313, 0, 17, 90, 732 }, // U+FB06
    { 21, 20, 336, 0, 16, 105, 0 }, // U+FFFD
};

static const EpdUnicodeInterval notoserif_c21_bolditalicIntervals[] = {
    { 0x0, 0x0, 0x0 },
    { 0xD, 0xD, 0x1 },
    { 0x20, 0x7E, 0x2 },
    { 0xA0, 0x17F, 0x61 },
    { 0x1A0, 0x1A1, 0x141 },
    { 0x1AF, 0x1B0, 0x143 },
    { 0x1C4, 0x21F, 0x145 },
    { 0x300, 0x36F, 0x1A1 },
    { 0x400, 0x4FF, 0x211 },
    { 0x1EA0, 0x1EF9, 0x311 },
    { 0x2000, 0x2064, 0x36B },
    { 0x2066, 0x2071, 0x3D0 },
    { 0x2074, 0x208E, 0x3DC },
    { 0x2090, 0x209C, 0x3F7 },
    { 0x20A0, 0x20BF, 0x404 },
    { 0x2212, 0x2212, 0x424 },
    { 0xFB00, 0xFB06, 0x425 },
    { 0xFFFD, 0xFFFD, 0x42C },
};

static const EpdFontGroup notoserif_c21_bolditalicGroups[] = {
    { 0, 2765, 4963, 97, 0 },
    { 2765, 2351, 5928, 96, 97 },
    { 5116, 3032, 9435, 128, 193 },
    { 8148, 2989, 8360, 96, 321 },
    { 11137, 973, 1419, 112, 417 },
    { 12110, 8144, 19109, 256, 529 },
    { 20254, 1672, 7734, 90, 785 },
    { 21926, 1590, 3082, 111, 875 },
    { 23516, 642, 1006, 42, 986 },
    { 24158, 1542, 2371, 32, 1028 },
    { 25700, 8, 6, 1, 1060 },
    { 25708, 417, 872, 7, 1061 },
    { 26125, 95, 120, 1, 1068 },
};

static const uint16_t notoserif_c21_bolditalicKernLeftCodepoints[] = {
    0x0022, 0x0026, 0x0027, 0x0028, 0x002A, 0x002C, 0x002D, 0x002E, 0x0041, 0x0042, 0x0043, 0x0044,
    0x0045, 0x0046, 0x0047, 0x004A, 0x004B, 0x004C, 0x004E, 0x004F, 0x0050, 0x0051, 0x0052, 0x0053,
    0x0054, 0x0055, 0x0056, 0x0057, 0x0058, 0x0059, 0x005B, 0x005F, 0x0061, 0x0062, 0x0063, 0x0065,
    0x0066, 0x0068, 0x006B, 0x006D, 0x006E, 0x006F, 0x0070, 0x0071, 0x0072, 0x0073, 0x0076, 0x0077,
    0x0079, 0x007A, 0x007B, 0x00A1, 0x00AB, 0x00BF, 0x00C0, 0x00C1, 0x00C2, 0x00C3, 0x00C4, 0x00C5,
    0x00C6, 0x00C7, 0x00C8, 0x00C9, 0x00CA, 0x00CB, 0x00D0, 0x00D1, 0x00D2, 0x00D3, 0x00D4, 0x00D5,
    0x00D6, 0x00D8, 0x00D9, 0x00DA, 0x00DB, 0x00DC, 0x00DD, 0x00DE, 0x00DF, 0x00E0, 0x00E1, 0x00E2,
    0x00E3, 0x00E4, 0x00E5, 0x00E6, 0x00E7, 0x00E8, 0x00E9, 0x00EA, 0x00EB, 0x00F0, 0x00F1, 0x00F2,
    0x00F3, 0x00F4, 0x00F5, 0x00F6, 0x00F8, 0x00F9, 0x00FA, 0x00FB, 0x00FC, 0x00FD, 0x00FE, 0x00FF,
    0x0100, 0x0101, 0x0102, 0x0103, 0x0104, 0x0105, 0x0106, 0x0107, 0x0108, 0x0109, 0x010A, 0x010B,
    0x010C, 0x010D, 0x010E, 0x010F, 0x0110, 0x0112, 0x0113, 0x0114, 0x0115, 0x0116, 0x0117, 0x0118,
    0x0119, 0x011A, 0x011B, 0x011C, 0x011E, 0x0120, 0x0122, 0x0125, 0x0127, 0x0132, 0x0134, 0x0136,
    0x0137, 0x0138, 0x0139, 0x013B, 0x013D, 0x013E, 0x0141, 0x0143, 0x0144, 0x0145, 0x0146, 0x0147,
    0x0148, 0x0149, 0x014A, 0x014B, 0x014C, 0x014D, 0x014E, 0x014F, 0x0150, 0x0151, 0x0152, 0x0153,
    0x0154, 0x0155, 0x0156, 0x0157, 0x0158, 0x0159, 0x015A, 0x015B, 0x015C, 0x015D, 0x015E, 0x015F,
    0x0160, 0x0161, 0x0162, 0x0164, 0x0166, 0x0168, 0x0169, 0x016A, 0x016B, 0x016C, 0x016D, 0x016E,
    0x016F, 0x0170, 0x0171, 0x0172, 0x0173, 0x0174, 0x0175, 0x0176, 0x0177, 0x0178, 0x017A, 0x017C,
    0x017E, 0x01A0, 0x01A1, 0x01AF, 0x01B0, 0x01FA, 0x01FB, 0x01FC, 0x01FD, 0x01FE, 0x01FF, 0x0218,
    0x0219, 0x021A, 0x0400, 0x0401, 0x0402, 0x0403, 0x0404, 0x0405, 0x0406, 0x0407, 0x0408, 0x0409,
    0x040A, 0x040B, 0x040C, 0x040D, 0x040E, 0x040F, 0x0410, 0x0411, 0x0412, 0x0413, 0x0414, 0x0415,
    0x0416, 0x0417, 0x0418, 0x0419, 0x041A, 0x041B, 0x041C, 0x041D, 0x041E, 0x041F, 0x0420, 0x0421,
    0x0422, 0x0423, 0x0424, 0x0425, 0x0426, 0x0427, 0x0428, 0x0429, 0x042A, 0x042B, 0x042C, 0x042D,
    0x042E, 0x042F, 0x0430, 0x0431, 0x0432, 0x0433, 0x0434, 0x0435, 0x0436, 0x0437, 0x0438, 0x0439,
    0x043A, 0x043B, 0x043C, 0x043D, 0x043E, 0x043F, 0x0440, 0x0441, 0x0442, 0x0443, 0x0444, 0x0445,
    0x0446, 0x0447, 0x0448, 0x0449, 0x044A, 0x044B, 0x044C, 0x044D, 0x044E, 0x044F, 0x0450, 0x0451,
    0x0452, 0x0453, 0x0454, 0x0455, 0x0456, 0x0457, 0x0458, 0x0459, 0x045A, 0x045B, 0x045C, 0x045D,
    0x045E, 0x045F, 0x0460, 0x0461, 0x0462, 0x0464, 0x0465, 0x0466, 0x0468, 0x046A, 0x046C, 0x046E,
    0x046F, 0x0470, 0x0471, 0x0472, 0x0473, 0x0474, 0x0475, 0x0476, 0x0477, 0x0478, 0x0479, 0x047A,
    0x047B, 0x047C, 0x047D, 0x047E, 0x047F, 0x0480, 0x0481, 0x048A, 0x048B, 0x048C, 0x048E, 0x048F,
    0x0490, 0x0491, 0x0492, 0x0493, 0x0494, 0x0496, 0x0497, 0x0498, 0x0499, 0x049A, 0x049B, 0x049C,
    0x049D, 0x049E, 0x049F, 0x04A0, 0x04A1, 0x04A2, 0x04A3, 0x04A4, 0x04A6, 0x04AA, 0x04AB, 0x04AC,
    0x04AD, 0x04AE, 0x04AF, 0x04B0, 0x04B1, 0x04B2, 0x04B3, 0x04B4, 0x04B5, 0x04B6, 0x04B7, 0x04B8,
    0x04B9, 0x04BA, 0x04BB, 0x04BC, 0x04BD, 0x04BE, 0x04BF, 0x04C1, 0x04C2, 0x04C3, 0x04C5, 0x04C6,
    0x04C7, 0x04C9, 0x04CA, 0x04CC, 0x04CD, 0x04CE, 0x04D0, 0x04D1, 0x04D2, 0x04D3, 0x04D4, 0x04D5,
    0x04D6, 0x04D7, 0x04D8, 0x04D9, 0x04DA, 0x04DB, 0x04DC, 0x04DD, 0x04DE, 0x04DF, 0x04E0, 0x04E1,
    0x04E2, 0x04E3, 0x04E4, 0x04E5, 0x04E6, 0x04E7, 0x04E8, 0x04E9, 0x04EA, 0x04EB, 0x04EC, 0x04ED,
    0x04EE, 0x04EF, 0x04F0, 0x04F1, 0x04F2, 0x04F3, 0x04F4, 0x04F5, 0x04F6, 0x04F7, 0x04F8, 0x04F9,
    0x04FA, 0x04FB, 0x04FC, 0x04FD, 0x04FE, 0x04FF, 0x1EA0, 0x1EA1, 0x1EA2, 0x1EA3, 0x1EA4, 0x1EA5,
    0x1EA6, 0x1EA7, 0x1EA8, 0x1EA9, 0x1EAA, 0x1EAB, 0x1EAC, 0x1EAD, 0x1EAE, 0x1EAF, 0x1EB0, 0x1EB1,
    0x1EB2, 0x1EB3, 0x1EB4, 0x1EB5, 0x1EB6, 0x1EB7, 0x1EB8, 0x1EB9, 0x1EBA, 0x1EBB, 0x1EBC, 0x1EBD,
    0x1EBE, 0x1EBF, 0x1EC0, 0x1EC1, 0x1EC2, 0x1EC3, 0x1EC4, 0x1EC5, 0x1EC6, 0x1EC7, 0x1ECC, 0x1ECD,
    0x1ECE, 0x1ECF, 0x1ED0, 0x1ED1, 0x1ED2, 0x1ED3, 0x1ED4, 0x1ED5, 0x1ED6, 0x1ED7, 0x1ED8, 0x1ED9,
    0x1EDA, 0x1EDB, 0x1EDC, 0x1EDD, 0x1EDE, 0x1EDF, 0x1EE0, 0x1EE1, 0x1EE2, 0x1EE3, 0x1EE4, 0x1EE5,
    0x1EE6, 0x1EE7, 0x1EE8, 0x1EE9, 0x1EEA, 0x1EEB, 0x1EEC, 0x1EED, 0x1EEE, 0x1EEF, 0x1EF0, 0x1EF1,
    0x1EF2, 0x1EF3, 0x1EF4, 0x1EF5, 0x1EF6, 0x1EF7, 0x1EF8, 0x1EF9, 0x2013, 0x2014, 0x2015, 0x2018,
    0x2019, 0x201A, 0x201C, 0x201D, 0x201E, 0x2039, 0x207D, 0x208D, 0x2090, 0x2092, 0xFB00,
};

static const uint8_t notoserif_c21_bolditalicKernLeftClassIds[] = {
      1,   2,   1,   3,   4,   5,   6,   5,   7,   8,   9,  10,  11,  12,  13,  14,
     15,  16,  17,  10,  18,  10,  19,  20,  21,  22,  23,  24,  25,  26,   3,  27,
     28,  29,  30,  30,  31,  28,  32,  28,  28,  29,  29,  33,  34,  35,  36,  37,
     38,  39,   3,  40,  41,  42,  43,  43,  43,  43,  43,  43,  11,   9,  11,  11,
     11,  11,  10,  17,  10,  10,  10,  10,  10,  10,  22,  22,  22,  22,  26,  10,
     35,  28,  28,  28,  28,  28,  28,  30,  30,  30,  30,  30,  30,  29,  28,  29,
     29,  29,  29,  29,  29,  28,  28,  28,  28,  38,  29,  38,   7,  28,  43,  28,
     43,  28,   9,  30,   9,  30,   9,  30,   9,  30,  10,  44,  10,  11,  30,  11,
     30,  11,  30,  11,  30,  11,  30,  13,  13,  13,  13,  28,  28,  14,  14,  15,
     32,  32,  16,  16,  45,  44,  16,  17,  28,  17,  28,  17,  28,  28,  14,  28,
     10,  29,  10,  29,  10,  29,  11,  30,  19,  34,  19,  34,  19,  34,  20,  35,
     20,  35,  20,  35,  20,  35,  21,  21,  21,  22,  28,  22,  28,  22,  28,  22,
     28,  22,  28,  22,  28,  24,  37,  26,  38,  26,  39,  39,  39,  46,  47,  48,
     49,   7,  28,  11,  30,  10,  29,  20,  35,  21,  50,  50,  51,  52,  53,  54,
     55,  55,  56,  57,  57,  58,  59,  55,  60,  55,  61,  62,  63,  52,  64,  50,
     59,  63,  55,  55,  59,  55,  55,  55,  65,  55,  66,  53,  52,  60,  67,  68,
     64,  55,  55,  64,  57,  55,  57,  65,  65,  55,  69,  70,  71,  72,  73,  74,
     75,  71,  69,  69,  76,  69,  69,  69,  77,  78,  77,  79,  78,  80,  77,  76,
     81,  69,  69,  81,  82,  69,  82,  77,  77,  69,  74,  74,  83,  72,  79,  84,
     69,  85,  86,  82,  82,  78,  76,  69,  80,  69,  65,  87,  57,  53,  72,  61,
     61,  88,  88,  63,  72,  89,  90,  65,  71,  60,  90,  60,  90,  91,  80,  65,
     71,  65,  71,  65,  87,  53,  72,  64,  81,  57,  66,  71,  92,  93,  92,  93,
     58,  59,  79,  63,  72,  59,  79,  59,  79,  59,  79,  59,  79,  64,  81,  92,
     58,  53,  72,  92,  81,  89,  90,  89,  90,  68,  76,  64,  81,  64,  81,  55,
     69,  58,  82,  94,  74,  94,  74,  59,  79,  58,  64,  81,  56,  64,  81,  81,
     64,  81,  61,  81,  61,  81,  50,  74,  50,  74,  65,  71,  65,  71,  59,  79,
     63,  71,  63,  95,  55,  81,  55,  81,  65,  71,  65,  71,  65,  71,  65,  77,
     60,  80,  60,  80,  60,  80,  55,  69,  92,  93,  55,  69,  92,  93,  68,  76,
     68,  96,  43,  28,  43,  28,  43,  28,  43,  28,  43,  28,  43,  28,  43,  28,
     43,  28,  43,  28,  43,  28,  43,  28,  43,  28,  11,  30,  11,  30,  11,  30,
     11,  30,  11,  30,  11,  30,  11,  30,  11,  30,  10,  29,  10,  29,  10,  29,
     10,  29,  10,  29,  10,  29,  10,  97,  46,  47,  46,  47,  46,  47,  46,  47,
     46,  47,  22,  28,  22,  28,  48,  49,  48,  49,  48,  49,  48,  49,  48,  49,
     26,  38,  26,  38,  26,  38,  26,  38,   6,   6,   6,  98,  99,   5,  98,  99,
      5,  41, 100, 101, 102, 103,  31,
};

static const uint16_t notoserif_c21_bolditalicKernRightCodepoints[] = {
    0x0022, 0x0026, 0x0027, 0x0029, 0x002A, 0x002C, 0x002D, 0x002E, 0x003A, 0x003B, 0x003F, 0x0041,
    0x0042, 0x0043, 0x0044, 0x0045, 0x0046, 0x0047, 0x0048, 0x0049, 0x004A, 0x004B, 0x004C, 0x004D,
    0x004E, 0x004F, 0x0050, 0x0051, 0x0052, 0x0053, 0x0054, 0x0055, 0x0056, 0x0057, 0x0058, 0x0059,
    0x005A, 0x005C, 0x005D, 0x005F, 0x0061, 0x0062, 0x0063, 0x0064, 0x0065, 0x0067, 0x0068, 0x0069,
    0x006B, 0x006C, 0x006D, 0x006E, 0x006F, 0x0070, 0x0071, 0x0072, 0x0073, 0x0074, 0x0075, 0x0076,
    0x0077, 0x0078, 0x0079, 0x007A, 0x007D, 0x00A9, 0x00AE, 0x00BB, 0x00C0, 0x00C1, 0x00C2, 0x00C3,
    0x00C4, 0x00C5, 0x00C6, 0x00C7, 0x00C8, 0x00C9, 0x00CA, 0x00CB, 0x00CC, 0x00CD, 0x00CE, 0x00CF,
    0x00D0, 0x00D1, 0x00D2, 0x00D3, 0x00D4, 0x00D5, 0x00D6, 0x00D8, 0x00D9, 0x00DA, 0x00DB, 0x00DC,
    0x00DD, 0x00DE, 0x00E0, 0x00E1, 0x00E2, 0x00E3, 0x00E4, 0x00E5, 0x00E6, 0x00E7, 0x00E8, 0x00E9,
    0x00EA, 0x00EB, 0x00EC, 0x00ED, 0x00EE, 0x00EF, 0x00F0, 0x00F1, 0x00F2, 0x00F3, 0x00F4, 0x00F5,
    0x00F6, 0x00F8, 0x00F9, 0x00FA, 0x00FB, 0x00FC, 0x00FD, 0x00FE, 0x00FF, 0x0100, 0x0101, 0x0102,
    0x0103, 0x0104, 0x0105, 0x0106, 0x0107, 0x0108, 0x0109, 0x010A, 0x010B, 0x010C, 0x010D, 0x010E,
    0x010F, 0x0110, 0x0111, 0x0112, 0x0113, 0x0114, 0x0115, 0x0116, 0x0117, 0x0118, 0x0119, 0x011A,
    0x011B, 0x011C, 0x011D, 0x011E, 0x011F, 0x0120, 0x0121, 0x0122, 0x0123, 0x0124, 0x0125, 0x0126,
    0x0127, 0x0128, 0x0129, 0x012A, 0x012B, 0x012C, 0x012D, 0x012E, 0x012F, 0x0130, 0x0132, 0x0133,
    0x0134, 0x0136, 0x0137, 0x0138, 0x0139, 0x013A, 0x013B, 0x013C, 0x013D, 0x013E, 0x013F, 0x0140,
    0x0141, 0x0142, 0x0143, 0x0144, 0x0145, 0x0146, 0x0147, 0x0148, 0x0149, 0x014A, 0x014B, 0x014C,
    0x014D, 0x014E, 0x014F, 0x0150, 0x0151, 0x0152, 0x0153, 0x0154, 0x0155, 0x0156, 0x0157, 0x0158,
    0x0159, 0x015A, 0x015B, 0x015C, 0x015D, 0x015E, 0x015F, 0x0160, 0x0161, 0x0163, 0x0165, 0x0167,
    0x0168, 0x0169, 0x016A, 0x016B, 0x016C, 0x016D, 0x016E, 0x016F, 0x0170, 0x0171, 0x0172, 0x0173,
    0x0174, 0x0175, 0x0176, 0x0177, 0x0178, 0x0179, 0x017A, 0x017B, 0x017C, 0x017D, 0x017E, 0x01A0,
    0x01A1, 0x01AF, 0x01B0, 0x01FA, 0x01FB, 0x01FC, 0x01FD, 0x01FE, 0x01FF, 0x0218, 0x0219, 0x021B,
    0x021E, 0x0400, 0x0401, 0x0402, 0x0403, 0x0404, 0x0405, 0x0406, 0x0407, 0x0408, 0x0409, 0x040A,
    0x040B, 0x040C, 0x040D, 0x040E, 0x040F, 0x0410, 0x0411, 0x0412, 0x0413, 0x0414, 0x0415, 0x0416,
    0x0417, 0x0418, 0x0419, 0x041A, 0x041B, 0x041C, 0x041D, 0x041E, 0x041F, 0x0420, 0x0421, 0x0422,
    0x0423, 0x0424, 0x0425, 0x0426, 0x0427, 0x0428, 0x0429, 0x042A, 0x042B, 0x042C, 0x042D, 0x042E,
    0x042F, 0x0430, 0x0431, 0x0432, 0x0433, 0x0434, 0x0435, 0x0436, 0x0437, 0x0438, 0x0439, 0x043A,
    0x043B, 0x043C, 0x043D, 0x043E, 0x043F, 0x0440, 0x0441, 0x0442, 0x0443, 0x0444, 0x0445, 0x0446,
    0x0447, 0x0448, 0x0449, 0x044A, 0x044B, 0x044C, 0x044D, 0x044E, 0x044F, 0x0450, 0x0451, 0x0452,
    0x0453, 0x0454, 0x0455, 0x0456, 0x0457, 0x0458, 0x0459, 0x045A, 0x045B, 0x045C, 0x045D, 0x045E,
    0x045F, 0x0460, 0x0461, 0x0466, 0x046A, 0x046E, 0x0470, 0x0471, 0x0472, 0x0473, 0x0474, 0x0475,
    0x0476, 0x0477, 0x0478, 0x0479, 0x047A, 0x047B, 0x047C, 0x047D, 0x047E, 0x047F, 0x0480, 0x0481,
    0x048B, 0x048F, 0x0496, 0x0497, 0x0498, 0x0499, 0x049F, 0x04A0, 0x04A1, 0x04A8, 0x04A9, 0x04AA,
    0x04AB, 0x04AC, 0x04AE, 0x04AF, 0x04B0, 0x04B1, 0x04B2, 0x04B3, 0x04B4, 0x04B5, 0x04B6, 0x04B7,
    0x04B8, 0x04B9, 0x04C1, 0x04C2, 0x04C5, 0x04C6, 0x04CB, 0x04CC, 0x04CE, 0x04D0, 0x04D1, 0x04D2,
    0x04D3, 0x04D4, 0x04D5, 0x04D7, 0x04D9, 0x04DB, 0x04DC, 0x04DD, 0x04DE, 0x04DF, 0x04E0, 0x04E2,
    0x04E3, 0x04E4, 0x04E5, 0x04E6, 0x04E7, 0x04E8, 0x04E9, 0x04EA, 0x04EB, 0x04EC, 0x04ED, 0x04EE,
    0x04EF, 0x04F0, 0x04F1, 0x04F2, 0x04F3, 0x04F4, 0x04F5, 0x04F8, 0x04F9, 0x04FC, 0x04FD, 0x04FE,
    0x1EA0, 0x1EA1, 0x1EA2, 0x1EA3, 0x1EA4, 0x1EA5, 0x1EA6, 0x1EA7, 0x1EA8, 0x1EA9, 0x1EAA, 0x1EAB,
    0x1EAC, 0x1EAD, 0x1EAE, 0x1EAF, 0x1EB0, 0x1EB1, 0x1EB2, 0x1EB3, 0x1EB4, 0x1EB5, 0x1EB6, 0x1EB7,
    0x1EB8, 0x1EB9, 0x1EBA, 0x1EBB, 0x1EBC, 0x1EBD, 0x1EBE, 0x1EBF, 0x1EC0, 0x1EC1, 0x1EC2, 0x1EC3,
    0x1EC4, 0x1EC5, 0x1EC6, 0x1EC7, 0x1EC9, 0x1ECB, 0x1ECC, 0x1ECD, 0x1ECE, 0x1ECF, 0x1ED0, 0x1ED1,
    0x1ED2, 0x1ED3, 0x1ED4, 0x1ED5, 0x1ED6, 0x1ED7, 0x1ED8, 0x1ED9, 0x1EDA, 0x1EDB, 0x1EDC, 0x1EDD,
    0x1EDE, 0x1EDF, 0x1EE0, 0x1EE1, 0x1EE2, 0x1EE3, 0x1EE4, 0x1EE5, 0x1EE6, 0x1EE7, 0x1EE8, 0x1EE9,
    0x1EEA, 0x1EEB, 0x1EEC, 0x1EED, 0x1EEE, 0x1EEF, 0x1EF0, 0x1EF1, 0x1EF2, 0x1EF3, 0x1EF4, 0x1EF5,
    0x1EF6, 0x1EF7, 0x1EF8, 0x1EF9, 0x2013, 0x2014, 0x2015, 0x2018, 0x2019, 0x201A, 0x201C, 0x201D,
    0x201E, 0x2026, 0x203A, 0x207E, 0x208E,
};

static const uint8_t notoserif_c21_bolditalicKernRightClassIds[] = {
      1,   2,   1,   3,   4,   5,   6,   7,   8,   8,   9,  10,  11,  12,  11,  11,
     11,  12,  11,  11,  11,  11,  11,  11,  11,  12,  11,  12,  11,  13,  14,  15,
     16,  17,  18,  19,  20,  21,   3,  22,  23,  24,  25,  25,  25,  26,  24,  27,
     24,  28,  29,  29,  25,  29,  25,  29,  30,  31,  32,  33,  34,  35,  36,  37,
      3,  38,  38,  39,  10,  10,  10,  10,  10,  10,  40,  12,  11,  11,  11,  11,
     11,  11,  11,  11,  11,  11,  12,  12,  12,  12,  12,  12,  15,  15,  15,  15,
     19,  11,  23,  23,  23,  23,  23,  23,  23,  25,  25,  25,  25,  25,  27,  27,
     27,  27,  25,  29,  25,  25,  25,  25,  25,  25,  32,  32,  32,  32,  36,  24,
     36,  10,  23,  10,  23,  10,  23,  12,  25,  12,  25,  12,  25,  12,  25,  11,
     25,  11,  25,  11,  25,  11,  25,  11,  25,  11,  25,  11,  25,  12,  25,  12,
     25,  12,  25,  12,  25,  11,  24,  11,  24,  11,  27,  11,  27,  11,  27,  11,
     27,  11,  11,  27,  11,  11,  24,  29,  11,  28,  11,  28,  11,  28,  11,  28,
     11,  28,  11,  29,  11,  29,  11,  29,  41,  11,  29,  12,  25,  12,  25,  12,
     25,  12,  25,  11,  29,  11,  29,  11,  29,  13,  30,  13,  30,  13,  30,  13,
     30,  31,  31,  31,  15,  32,  15,  32,  15,  32,  15,  32,  15,  32,  15,  32,
     17,  34,  19,  36,  19,  20,  37,  20,  37,  20,  37,  12,  25,  15,  32,  10,
     23,  40,  23,  12,  25,  13,  30,  31,  11,  42,  42,  43,  42,  44,  45,  42,
     42,  46,  47,  42,  43,  42,  42,  48,  42,  49,  42,  42,  42,  50,  42,  51,
     52,  42,  42,  42,  47,  42,  42,  44,  42,  42,  44,  43,  48,  53,  54,  42,
     55,  42,  42,  43,  42,  42,  52,  42,  56,  57,  58,  57,  59,  60,  57,  61,
     62,  63,  63,  64,  65,  65,  64,  57,  64,  66,  57,  64,  67,  57,  68,  63,
     69,  63,  63,  70,  63,  63,  61,  64,  71,  57,  57,  72,  59,  57,  73,  74,
     75,  76,  65,  64,  72,  64,  63,  67,  63,  77,  78,  49,  79,  52,  80,  63,
     77,  81,  80,  82,  80,  82,  77,  81,  77,  81,  77,  81,  77,  78,  77,  81,
     63,  66,  51,  61,  52,  61,  72,  83,  70,  77,  81,  77,  81,  83,  80,  82,
     80,  82,  54,  68,  83,  70,  55,  69,  55,  69,  51,  61,  50,  65,  55,  69,
     84,  49,  81,  49,  81,  85,  81,  81,  81,  81,  51,  61,  52,  61,  52,  42,
     63,  42,  63,  77,  81,  77,  81,  77,  81,  52,  61,  48,  67,  48,  67,  48,
     67,  55,  69,  42,  63,  54,  68,  54,  10,  23,  10,  23,  10,  23,  10,  23,
     10,  23,  10,  23,  10,  23,  10,  23,  10,  23,  10,  23,  10,  23,  10,  23,
     11,  25,  11,  25,  11,  25,  11,  25,  11,  25,  11,  25,  11,  25,  11,  25,
     86,  86,  12,  25,  12,  25,  12,  25,  12,  25,  12,  25,  12,  25,  12,  25,
     12,  25,  12,  25,  12,  25,  12,  25,  12,  25,  15,  32,  15,  32,  15,  32,
     15,  32,  15,  32,  15,  32,  15,  32,  19,  36,  19,  36,  19,  36,  19,  36,
      6,   6,   6,  87,   4,  88,  87,   4,  88,  88,  39,  89,  90,
};

static const uint16_t notoserif_c21_bolditalicKernRowOffsets[] = {
        0,     8,    13,    23,    35,    56,    63,    81,    92,    93,   104,   107,   116,   121,   125,   132,
      141,   145,   151,   161,   170,   181,   187,   198,   210,   217,   231,   245,   252,   257,   260,   265,
      267,   269,   280,   284,   290,   296,   300,   305,   309,   314,   319,   337,   352,   355,   371,   382,
      401,   405,   412,   433,   459,   463,   472,   474,   482,   503,   534,   556,   587,   614,   636,   657,
      673,   693,   713,   739,   757,   773,   792,   807,   818,   830,   835,   845,   858,   877,   896,   905,
      925,   951,   966,   972,   979,   996,   999,  1000,  1003,  1005,  1006,  1009,  1018,  1026,  1030,  1032,
     1033,  1034,  1051,  1075,  1076,  1077,  1079,  1080,
};

static const uint8_t notoserif_c21_bolditalicKernSparseCols[] = {
      9,  25,  26,  39,  48,  49,  64,  84,  13,  14,  15,  16,  18,  43,  45,  46,
     47,  49,  52,  64,  68,  74,  75,   1,   4,   6,   9,  39,  47,  48,  49,  64,
     80,  84,  87,  11,  13,  14,  15,  16,  18,  32,  33,  35,  42,  43,  46,  47,
     49,  52,  54,  66,  68,  69,  76,  82,  42,  47,  48,  49,  53,  54,  67,   0,
      1,   3,  11,  13,  14,  15,  16,  18,  24,  25,  31,  32,  33,  35,  37,  40,
     86,   3,   9,  13,  15,  16,  17,  18,  19,  33,  35,  39,   1,   0,   4,   6,
      9,  13,  15,  16,  17,  18,  39,  87,  15,  16,  18,   1,   4,   6,   9,  22,
     24,  25,  39,  87,  13,  15,  16,  18,  39,   4,   6,   9,  87,   1,  11,  24,
     25,  31,  33,  35,   0,   3,  13,  14,  15,  16,  18,  32,  86,   1,   4,   6,
     87,   1,   4,   6,   9,  39,  87,   1,   3,  11,  13,  14,  15,  16,  18,  33,
     35,   9,  13,  15,  16,  17,  18,  33,  35,  39,   1,   4,   6,   9,  11,  22,
     24,  25,  39,  40,  87,   1,   4,   6,   9,  39,  87,   1,   4,   6,   9,  11,
     22,  24,  25,  29,  39,  87,   1,   4,   6,   9,  11,  22,  24,  25,  29,  34,
     39,  87,  11,  12,  24,  25,  33,  35,  37,   1,   4,   6,   9,  11,  12,  22,
     24,  25,  29,  34,  36,  39,  87,  42,  43,  45,  47,  49,  52,  54,  56,  57,
     59,  66,  68,  69,  75,   0,  13,  15,  16,  18,  35,  86,  13,  15,  16,  18,
     35,  15,  16,  18,   0,   2,   3,  20,  86,  24,  25,  16,  18,   3,   4,   6,
     15,  16,  17,  18,  22,  24,  25,  87,   0,  15,  16,  18,   4,   6,  15,  16,
     18,  87,   4,   6,  15,  16,  18,  87,   4,   6,  16,  87,   3,  15,  16,  18,
     86,  13,  14,  15,  18,  42,  47,  48,  52,  54,  13,  14,  15,  16,  18,   0,
      1,   3,  11,  13,  14,  15,  16,  18,  24,  25,  31,  32,  33,  35,  37,  40,
     86,   0,   2,   3,   8,  10,  13,  14,  15,  16,  17,  18,  19,  23,  27,  86,
      3,  13,  15,   4,   6,   9,  13,  15,  16,  18,  22,  24,  25,  29,  30,  33,
     34,  35,  87,   3,   4,   6,  26,  28,  30,  31,  33,  35,  85,  87,   4,   6,
      9,  11,  14,  15,  18,  22,  23,  24,  25,  28,  29,  30,  31,  33,  35,  36,
     87,   3,  26,  28,  85,  42,  47,  52,  64,  69,  70,  83,   0,   2,   3,   7,
     21,  42,  45,  47,  48,  49,  50,  52,  53,  54,  55,  64,  66,  67,  68,  82,
     86,   3,   4,   5,   6,   7,  21,  38,  43,  44,  46,  48,  49,  52,  55,  56,
     58,  59,  62,  64,  66,  68,  70,  72,  73,  74,  87,  47,  52,  64,  67,  42,
     47,  48,  49,  52,  53,  54,  78,  82,  52,  64,  46,  48,  49,  52,  62,  64,
     73,  74,   0,   2,   3,   7,  21,  42,  45,  47,  48,  49,  50,  52,  53,  54,
     55,  64,  66,  67,  68,  82,  86,   0,   2,   3,   5,   7,  38,  42,  43,  44,
     45,  47,  51,  52,  54,  56,  58,  59,  61,  62,  64,  66,  68,  73,  74,  75,
     76,  77,  79,  81,  82,  86,   5,  38,  43,  44,  46,  49,  51,  52,  54,  56,
     57,  59,  62,  66,  68,  69,  73,  74,  76,  80,  83,  86,   2,   3,   4,   5,
      6,   7,  20,  21,  38,  43,  44,  46,  48,  49,  52,  55,  56,  58,  59,  60,
     61,  62,  63,  64,  67,  70,  72,  73,  74,  80,  87,   0,   3,   5,  38,  42,
     43,  44,  47,  49,  51,  52,  54,  56,  57,  59,  62,  64,  66,  68,  69,  72,
     73,  74,  76,  82,  83,  86,   3,   7,  21,  42,  44,  45,  47,  48,  49,  50,
     52,  53,  54,  55,  64,  65,  66,  67,  68,  69,  70,  86,   3,   7,  21,  42,
     44,  47,  48,  49,  50,  52,  53,  54,  64,  67,  69,  70,  78,  82,  83,  84,
     86,   2,  21,  43,  45,  52,  56,  58,  59,  61,  62,  64,  69,  70,  73,  74,
     75,   2,   4,   6,   7,  21,  42,  45,  46,  47,  48,  49,  50,  53,  54,  55,
     64,  67,  78,  82,  87,   2,   4,   6,   7,  21,  38,  46,  47,  48,  49,  50,
     51,  53,  54,  55,  64,  66,  67,  70,  87,   2,   3,   4,   6,   7,  21,  38,
     41,  42,  44,  45,  46,  47,  48,  49,  50,  51,  53,  54,  55,  64,  67,  70,
     78,  86,  87,   5,  38,  43,  44,  52,  54,  56,  58,  59,  62,  64,  66,  68,
     69,  73,  74,  76,  83,  41,  42,  46,  47,  48,  49,  50,  53,  54,  55,  60,
     64,  67,  68,  69,  70,   4,   6,  21,  42,  47,  48,  50,  53,  54,  60,  61,
     64,  66,  67,  68,  69,  70,  75,  87,   3,   4,   6,  42,  47,  54,  62,  64,
     66,  67,  68,  73,  74,  82,  87,   3,   4,   6,  42,  47,  54,  64,  67,  70,
     82,  87,   4,   6,  21,  47,  48,  50,  53,  54,  64,  67,  70,  87,  42,  47,
     54,  64,  67,  42,  47,  54,  55,  56,  59,  64,  66,  67,  80,   5,  42,  43,
     46,  47,  49,  51,  52,  54,  56,  57,  58,  59,   4,   6,  21,  42,  47,  48,
     50,  53,  54,  60,  61,  64,  66,  67,  68,  69,  70,  75,  87,   3,  41,  42,
     46,  47,  48,  49,  50,  53,  54,  55,  60,  61,  64,  66,  67,  68,  70,  86,
     42,  47,  54,  55,  56,  59,  64,  67,  80,   2,   4,   6,  21,  42,  46,  47,
     48,  49,  50,  51,  53,  54,  58,  60,  61,  64,  67,  70,  87,   2,   3,  21,
     38,  41,  42,  45,  46,  47,  48,  49,  50,  52,  53,  54,  55,  60,  61,  64,
     67,  68,  69,  70,  72,  75,  86,   0,   3,  42,  46,  47,  52,  54,  62,  66,
     68,  69,  70,  73,  74,  86,  42,  47,  54,  64,  68,  86,   4,   6,  42,  47,
     54,  67,  87,  41,  42,  46,  47,  48,  49,  50,  53,  54,  55,  60,  64,  67,
     68,  69,  70,  71,  54,  64,  70,  64,  54,  69,  83,  49,  64,  64,   4,   6,
     87,   4,   6,  43,  48,  49,  64,  76,  80,  87,   3,   4,   6,  48,  49,  64,
     80,  87,  47,  49,  64,  78,   3,  86,  80,  35,   9,  26,  35,  39,  46,  48,
     49,  62,  64,  66,  68,  71,  73,  74,  75,  80,  84,   9,  22,  24,  25,  29,
     39,  46,  47,  48,  49,  56,  59,  62,  63,  64,  65,  66,  68,  69,  71,  73,
     74,  75,  84,  88,  89,   0,  35,  35,
};

static const int8_t notoserif_c21_bolditalicKernSparseValues[] = {
     -27,  -13,    7,  -40,  -27,  -27,  -20,  -40,  -13,   -3,  -17,  -13,  -15,   -7,   10,   -7,
       7,    3,   -7,   -7,   -3,   10,   13,   -7,  -40,  -40,  -17,  -27,   -7,  -17,  -24,  -17,
     -17,  -27,  -40,   -7,  -24,   -3,  -30,  -27,  -24,  -17,   -7,   -7,  -20,   -7,    3,   -7,
       7,  -10,  -44,   -7,  -24,  -24,   -7,  -24,  -13,   -7,   -3,   -3,   -3,  -13,   -7,  -27,
      -7,  -24,   -7,  -20,   -7,  -27,  -24,  -24,   -7,   -7,   -7,  -20,  -10,  -17,  -17,  -17,
     -30,   -7,   -7,   -7,  -13,  -10,   -7,  -13,   -7,   -3,   -7,  -10,   -7,  -10,   -7,  -13,
      -7,   -7,   -7,   -7,   -7,  -10,  -17,   -7,   -7,   -7,   -7,  -13,  -27,  -27,  -24,  -13,
     -13,  -13,  -37,  -27,   -7,   -7,   -7,   -7,   -7,   -7,   -7,   -7,   -7,   -7,   -7,   -7,
      -7,   -7,  -10,  -10,  -20,  -27,  -24,   -7,  -27,  -17,  -20,  -10,  -30,   -7,   -7,   -7,
      -7,   -7,  -40,  -40,  -17,  -27,  -40,   -7,   -7,   -7,   -7,   -3,  -10,  -10,  -10,   -7,
      -7,   -7,   -7,   -7,   -7,   -7,   -7,   -3,   -7,   -7,   -7,  -30,  -30,  -20,   -7,  -10,
     -10,  -10,  -27,   17,  -30,   -7,   -7,   -7,   -7,   -7,   -7,  -10,  -37,  -37,  -27,   -7,
     -20,  -20,  -20,  -13,  -44,  -37,  -10,  -30,  -30,  -20,   -7,  -17,  -20,  -20,  -10,   -7,
     -44,  -30,   -7,   -3,   -3,   -3,  -10,  -17,  -13,  -10,  -27,  -27,  -24,  -10,   -7,  -20,
     -24,  -24,  -20,   -3,   -3,  -30,  -27,  -13,   -7,   20,  -10,   17,  -13,  -37,   -7,   -7,
      -7,   13,  -27,   -7,   20,  -13,   -7,  -17,  -13,  -17,   -7,  -13,  -10,  -20,  -20,  -24,
      -7,  -17,  -17,  -24,   27,   30,   27,   34,   20,   -7,   -7,  -13,   -7,   10,  -71,  -71,
     -10,  -13,  -17,  -10,   -7,   -7,   -7,  -71,   -7,  -10,  -10,  -17,  -17,  -24,  -10,   -7,
     -10,  -24,  -24,  -24,   -7,   -7,  -10,  -24,  -30,  -30,   -7,  -30,   -7,  -13,  -10,  -10,
      -7,   -7,   -3,  -17,  -20,  -17,  -13,   -7,   -3,  -13,  -10,   -3,  -17,  -17,  -17,  -27,
      -7,  -24,   -7,  -20,   -7,  -27,  -24,  -24,   -7,   -7,   -7,  -17,  -10,  -17,  -17,  -17,
     -30,   10,   24,   13,   10,   17,   24,   24,   30,   24,   24,   34,   27,   30,   30,   10,
     -10,  -10,  -17,  -10,  -10,  -13,    7,    7,    7,    7,   -7,   -7,   -7,   -7,   -7,   -7,
      -7,   -7,  -10,    7,   -3,   -3,    3,    7,   10,    7,   10,   10,    3,   -3,  -10,  -10,
     -20,   -7,    3,   10,   10,  -17,    3,  -20,  -20,  -10,  -20,   -7,  -10,   -7,   -7,  -10,
     -10,    7,    3,    7,    3,   -7,   -7,   -5,   -7,   -7,   -7,   -7,  -57,   -7,  -27,   -3,
      -3,  -27,   -5,  -60,   -3,   -3,   -3,   -7,   -7,  -20,   -3,   -5,   -3,   -3,  -10,  -24,
     -50,   10,  -20,  -13,  -20,  -10,  -13,  -17,   -7,   -3,  -10,  -20,  -13,   -8,   -5,  -10,
      -3,  -10,    7,  -20,   13,    3,  -10,   -5,    7,    7,  -20,   -3,   -3,   -3,   -3,   -3,
      -3,   -3,   -3,   -8,   -3,  -10,   -7,   -7,   -3,   -7,   -7,   -7,   -5,   -7,   10,   -7,
      10,   10,  -34,   -7,  -17,   -3,   -3,  -27,   -5,  -30,   -3,   -3,   -3,   -7,   -7,  -20,
      -3,   -5,   -3,   -3,  -10,  -13,  -30,  -40,  -13,  -24,   -7,   -7,  -17,  -30,  -20,  -13,
     -10,  -47,  -13,  -27,  -44,   -7,   -3,   -7,   -3,   -7,   -7,  -13,  -17,   -7,   -7,   -7,
      -3,   -7,  -17,  -10,  -24,  -34,   -7,  -10,  -10,   -3,    3,    7,   -3,  -17,   -7,   -7,
      -3,   -7,   -3,   -3,  -10,  -10,   -3,    2,   -3,   -7,  -10,   -7,    3,   13,  -37,   -7,
     -37,   -7,    7,  -27,  -13,  -17,   -3,  -20,  -47,  -27,  -20,  -13,  -17,  -10,  -27,  -13,
      -3,   -3,   -7,  -40,   -3,   -7,  -13,   -3,   10,  -13,  -37,  -27,  -24,   -3,   -7,  -20,
     -10,   -3,  -27,    5,   -3,  -17,  -40,  -10,   -7,  -10,   -7,   -3,  -20,  -24,  -13,   -3,
      -7,   -7,   -7,  -20,  -13,  -30,   -3,   -7,   -3,   -8,   -3,  -10,  -10,   -3,   -7,   -3,
      -7,   -3,  -13,   -3,   -7,   -3,   -5,   -8,   -7,   -3,   -7,   -7,   -3,   -7,   -3,  -12,
      -3,  -17,   -3,   -5,   -5,   -3,   -3,  -17,   -7,   -3,   -7,   -3,   -7,   -7,   -7,  -10,
      -7,    3,   10,   -3,    7,   -7,   -5,   -3,   -5,   -3,   -3,   -3,   -3,   -3,   -3,    3,
       7,   -7,   -7,   -7,   -7,   -7,   -7,   -5,   -5,  -25,   -7,  -12,   -7,   -7,   -3,   -3,
     -13,   -3,   -7,   -7,   -7,   -7,  -40,  -40,   -7,  -13,   -3,  -17,   -7,  -17,  -24,  -13,
      -5,  -13,   -8,   -3,  -17,   10,   -3,   -3,  -40,   -7,   -3,  -10,  -10,  -10,  -13,   -3,
      -3,  -13,   -7,   -7,  -10,  -30,  -10,  -17,  -13,   -7,  -13,  -10,  -10,  -13,   -7,   -2,
      -7,  -10,  -10,   -7,   -7,   -7,   -3,  -13,   -7,   -5,   -3,   -5,   -2,   -3,   -3,   -5,
     -13,   -2,    7,   -7,  -10,    8,   -7,   17,  -13,   15,   17,   20,   13,  -17,   17,    3,
      10,    5,   -3,   -5,    2,   -7,   -7,   -7,  -13,  -34,   -7,   -3,   -5,  -12,   -3,   -3,
      -7,   -5,  -12,   -5,   -2,   -3,   -3,   -7,   -3,   -3,   -3,  -10,  -20,  -17,   -5,   -5,
      -3,   -5,   -5,   -5,   -5,   -7,   -3,    7,   -7,   -7,   -3,  -13,   -7,  -10,   -3,   -3,
      -7,   -7,   -7,   -7,   -7,  -17,   -7,   -3,   -3,   -5,  -10,   -5,   -5,   -7,   -3,  -13,
      -7,   -3,   -3,   -3,  -13,   -5,    2,   -3,   -3,   -3,    7,   -2,   -7,  -10,   -5,   -3,
       3,  -17,    7,   -3,   -3,  -17,   -7,   -2,   -3,   -7,   -7,   -7,   -7,  -13,  -24,   -7,
      -3,   -5,  -12,   -3,   -3,   -7,   -5,  -12,   -5,   -2,   -3,   -3,   -7,   10,   13,  -13,
      17,  -10,   17,   18,   20,   15,  -20,   17,    8,    2,   12,   -3,    5,   -7,    5,  -10,
      -3,  -13,   -5,    2,   -3,   -3,   -3,   -2,   -7,   -3,   -7,   -7,   -7,   -3,   -5,  -10,
      -7,   -7,   -3,   -7,   -3,  -10,   -3,   -7,   -3,  -24,  -12,   -3,   -7,   13,   -7,   27,
       5,   13,   -7,   20,   18,   -5,   20,   20,   24,   -3,   20,  -17,   22,    8,    3,   13,
       8,   -3,   -5,    7,    7,   10,   -7,  -24,  -20,  -24,    3,  -24,   -3,  -37,   -3,  -12,
     -15,  -17,   -3,   -3,   -3,  -20,   -7,  -34,  -18,  -10,   -3,   -7,   -7,   -7,   -7,  -20,
     -17,   -5,   -7,    8,   -8,   17,  -10,   15,   17,   20,   13,  -17,   17,    3,   10,    5,
      -3,   -5,    2,    3,   -7,  -17,   -7,  -13,   -7,  -10,  -10,  -20,  -24,  -24,  -30,  -30,
     -30,  -24,  -24,   -7,  -20,  -20,  -20,   -7,   -7,  -24,   10,  -24,  -24,  -20,  -13,  -20,
     -13,  -24,   -7,  -17,  -13,   -7,   -7,   -7,   -7,   -7,  -24,    3,    7,  -47,  -10,  -24,
     -20,    7,  -10,   24,   13,   10,   13,   13,   10,  -13,  -47,  -30,   -3,   -3,   -3,  -17,
     -47,  -13,    7,  -24,  -20,   -3,   -3,   13,   13,   -7,   13,   17,   20,   17,   17,   13,
      13,    7,  -47,   24,   27,  -10,   -5,   -5,
};

static const EpdLigaturePair notoserif_c21_bolditalicLigaturePairs[] = {
    { 0x00660066, 0xFB00 }, // f f -> U+FB00
    { 0x00660069, 0xFB01 }, // f i -> U+FB01
    { 0x0066006C, 0xFB02 }, // f l -> U+FB02
    { 0xFB000069, 0xFB03 }, // U+FB00 i -> U+FB03
    { 0xFB00006C, 0xFB04 }, // U+FB00 l -> U+FB04
};

static const EpdFontData notoserif_c21_bolditalic = {
    notoserif_c21_bolditalicBitmaps,
    notoserif_c21_bolditalicGlyphs,
    notoserif_c21_bolditalicIntervals,
    18,
    29,
    23,
    -7,
    true,
    notoserif_c21_bolditalicGroups,
    13,
    nullptr,
    nullptr,  // kernLeftClasses: built-in fonts use the split arrays below
    nullptr,  // kernRightClasses
    notoserif_c21_bolditalicKernLeftCodepoints,
    notoserif_c21_bolditalicKernLeftClassIds,
    notoserif_c21_bolditalicKernRightCodepoints,
    notoserif_c21_bolditalicKernRightClassIds,
    nullptr,  // kernMatrix: built-in fonts use the sparse form below
    notoserif_c21_bolditalicKernRowOffsets,
    notoserif_c21_bolditalicKernSparseCols,
    notoserif_c21_bolditalicKernSparseValues,
    551,
    557,
    103,
    90,
    notoserif_c21_bolditalicLigaturePairs,
    5,
};
