/**
 * generated by fontconvert.py
 * name: notosans_c21_regular
 * size: 0
 * mode: 2-bit  compressed: true
 * Command used: fontconvert.py notosans_c21_regular 0 ../builtinFonts/source/NotoSans/NotoSans-Regular.ttf --2bit --compress --pnum --ppem 21 --additional-intervals 0x0250,0x02AF --additional-intervals 0x02B0,0x02FF
 */
#pragma once
#include "EpdFontData.h"

static const uint8_t notosans_c21_regularBitmaps[22732] = {
    0xA5, 0x57, 0x31, 0x6C, 0x1C, 0xC7, 0x15, 0x7D, 0xB3, 0x2B, 0x71, 0x8B, 0x85, 0x34, 0x57, 0x88,
    0x4D, 0x2C, 0xDE, 0xA5, 0x70, 0x91, 0xC4, 0x47, 0x1E, 0x02, 0xC8, 0xC6, 0x2A, 0x5A, 0xDE, 0x2D,
    0x64, 0x20, 0x4D, 0x0A, 0xB3, 0x30, 0xA1, 0xE2, 0x0A, 0xF5, 0x31, 0x62, 0xB2, 0xB8, 0xE2, 0x02,
    0x9C, 0xC5, 0x15, 0x54, 0xB8, 0x30, 0x60, 0xA8, 0xB0, 0x93, 0x2A, 0x00, 0x0D, 0xB8, 0x48, 0xCE,
    0x01, 0xB8, 0x49, 0x0E, 0x30, 0x93, 0xC8, 0xBA, 0x89, 0x5D, 0xA8, 0x70, 0xA1, 0x4D, 0x52, 0xA4,
    0x08, 0x1C, 0x2F, 0x20, 0xA8, 0x11, 0xE3, 0x60, 0x94, 0xD0, 0x10, 0x49, 0xDF, 0xDD, 0xE6, 0xFD,
    0xDD, 0x3B, 0x91, 0xA6, 0x29, 0x45, 0x40, 0x76, 0xFE, 0xEC, 0xED, 0xFD, 0xFD, 0x33, 0xF3, 0xE7,
    0xFF, 0x37, 0xFF, 0xFF, 0xED, 0x85, 0x61, 0x18, 0xC8, 0x75, 0xE1, 0x79, 0x9C, 0xEB, 0xF5, 0x30,
    0xB0, 0x49, 0xB2, 0x2E, 0x6D, 0xBD, 0x52, 0x41, 0x70, 0x1E, 0xB8, 0x50, 0x07, 0xD6, 0xBF, 0xC3,
    0x1E, 0xE0, 0x5B, 0x07, 0x7F, 0x88, 0x1B, 0x79, 0x6E, 0x90, 0x26, 0x90, 0xAE, 0x4C, 0x86, 0x8D,
    0x3C, 0x8F, 0x5E, 0xDB, 0x79, 0x00, 0xF7, 0xB2, 0x29, 0xBA, 0xE7, 0xC6, 0xF0, 0xDD, 0x08, 0xD8,
    0x14, 0xF2, 0xF3, 0xB8, 0xF9, 0x95, 0x19, 0x6C, 0x22, 0xD9, 0xC4, 0xF6, 0x26, 0x5A, 0x19, 0xBC,
    0x09, 0x30, 0x34, 0x78, 0x2F, 0xC3, 0xA6, 0x8D, 0xDE, 0xCB, 0x6E, 0xE7, 0x66, 0x6D, 0x7F, 0x2A,
    0x3C, 0xBD, 0x1A, 0xC6, 0x8D, 0x3A, 0x99, 0x86, 0x4D, 0x16, 0x90, 0x71, 0xD5, 0x6C, 0x7D, 0x9D,
    0x3D, 0x43, 0xF2, 0xDB, 0x4F, 0x6D, 0xE7, 0xDE, 0x2F, 0xC2, 0xC6, 0xA7, 0xF5, 0xF3, 0x38, 0x53,
    0x3F, 0x83, 0x7A, 0x70, 0x06, 0x1D, 0xFE, 0xDA, 0xFA, 0x79, 0x65, 0xCE, 0x84, 0x6E, 0xEC, 0xDB,
    0xD9, 0x1C, 0xB2, 0x8A, 0x6E, 0xC7, 0x58, 0x70, 0x4D, 0xD1, 0xB5, 0x47, 0xAD, 0xB6, 0x00, 0x77,
    0x8F, 0xFC, 0x3D, 0x15, 0x2F, 0x37, 0x5D, 0xB3, 0xAD, 0x6F, 0x18, 0xEB, 0xEE, 0x44, 0x16, 0xB7,
    0xB1, 0xCD, 0xDE, 0x6C, 0xEF, 0xC4, 0x3A, 0xBF, 0x5C, 0xCC, 0x31, 0xE0, 0xFE, 0xD7, 0x2B, 0x2A,
    0xE5, 0x9C, 0xD0, 0x58, 0x40, 0x1D, 0x21, 0x5B, 0xC0, 0x16, 0x16, 0x6D, 0x11, 0x55, 0xF2, 0xBD,
    0xD8, 0x31, 0x88, 0x42, 0xBE, 0xE7, 0x73, 0xE4, 0x1A, 0xD7, 0x38, 0xC6, 0x49, 0x55, 0xD1, 0x9C,
    0x54, 0xFE, 0x7B, 0x1C, 0x7F, 0x96, 0xF2, 0x15, 0x70, 0x68, 0x49, 0x17, 0x5F, 0x1C, 0xB4, 0xF2,
    0x3D, 0xDC, 0x82, 0xFA, 0x1C, 0xEE, 0x9D, 0xD8, 0xBB, 0x61, 0x64, 0xC1, 0x15, 0x20, 0x9B, 0x91,
    0x45, 0x9E, 0xDB, 0xD5, 0x2F, 0x57, 0x0E, 0x39, 0x37, 0x71, 0x9A, 0x4B, 0x54, 0xA9, 0x46, 0x80,
    0xE7, 0x31, 0xBF, 0xD2, 0xA2, 0x92, 0xE2, 0x2C, 0xAE, 0x2C, 0x5A, 0x0D, 0x60, 0x55, 0xE6, 0xC8,
    0x72, 0x91, 0xE6, 0x72, 0x25, 0x33, 0x99, 0xDA, 0xA1, 0xD6, 0x8E, 0x43, 0xC7, 0x74, 0x54, 0x96,
    0xD0, 0xA2, 0xB0, 0x76, 0x46, 0xE5, 0x5F, 0xF2, 0x43, 0x27, 0xA5, 0x8C, 0x58, 0x8C, 0x97, 0xF5,
    0xEC, 0x52, 0x12, 0x24, 0x38, 0xB9, 0x71, 0xC2, 0x3C, 0x6A, 0xB5, 0xD3, 0x73, 0xD4, 0xF1, 0x31,
    0x39, 0x29, 0x0D, 0x81, 0x1A, 0xD0, 0x83, 0xB2, 0xF0, 0x8C, 0x3C, 0xB6, 0xFA, 0xEF, 0xCB, 0x26,
    0x21, 0x00, 0x68, 0x5C, 0xB1, 0xA7, 0x44, 0x72, 0x00, 0xCE, 0xA0, 0xAC, 0xDA, 0x8A, 0xDD, 0x3C,
    0x86, 0x43, 0x4E, 0x17, 0xD4, 0x54, 0xAC, 0x32, 0x68, 0x5E, 0xB1, 0x0D, 0x32, 0xCB, 0xCB, 0x4D,
    0xE1, 0xA7, 0xA8, 0xA6, 0xB8, 0x98, 0xE2, 0x37, 0xA9, 0xFA, 0x73, 0xEA, 0x5E, 0x4F, 0xB5, 0x4A,
    0x17, 0x55, 0x1A, 0xA8, 0x74, 0x98, 0x4F, 0x7E, 0xDC, 0xDF, 0x87, 0x4A, 0x4B, 0x6A, 0xE5, 0xA6,
    0xD9, 0x8F, 0xC3, 0x43, 0xF3, 0x62, 0x63, 0x82, 0xEF, 0x5E, 0x35, 0x70, 0xB2, 0x99, 0x86, 0x19,
    0x27, 0xFC, 0xFD, 0x5A, 0xBC, 0x31, 0x9E, 0x4E, 0xAF, 0x72, 0xE3, 0xDF, 0x8F, 0xAA, 0xC5, 0xDA,
    0x1D, 0xEA, 0x74, 0x0E, 0x1F, 0xE6, 0xD1, 0xC4, 0x4B, 0x77, 0x67, 0x66, 0xE9, 0xC0, 0x86, 0x2A,
    0xAB, 0xB5, 0x4D, 0x69, 0x13, 0x3A, 0xA3, 0xDF, 0x9F, 0xED, 0x94, 0x58, 0xF2, 0x23, 0xFA, 0x02,
    0xE5, 0xF8, 0xAE, 0xB0, 0x95, 0xAC, 0x30, 0x7D, 0x53, 0x6C, 0x19, 0x4B, 0x6D, 0x13, 0xA8, 0xAC,
    0x8B, 0x2C, 0x54, 0xE9, 0x92, 0x67, 0xFC, 0x89, 0x38, 0x62, 0xC9, 0x37, 0x5D, 0x55, 0xBA, 0x20,
    0xA1, 0xC7, 0x9A, 0x57, 0x52, 0x3F, 0x8F, 0x4A, 0x95, 0xFC, 0x31, 0x9A, 0x57, 0xA3, 0x6D, 0xD7,
    0xD0, 0x8F, 0x53, 0xEF, 0x28, 0xFB, 0x86, 0x6F, 0x6B, 0x23, 0xAB, 0x56, 0x32, 0xD9, 0xA9, 0xCC,
    0x1E, 0xCF, 0x5F, 0x43, 0x6B, 0x57, 0xE4, 0x0B, 0xDF, 0xCF, 0x1E, 0x4E, 0xD3, 0xE0, 0x35, 0x9C,
    0xC2, 0xE1, 0x75, 0x9A, 0xDA, 0x2D, 0x16, 0x20, 0xF8, 0x36, 0xFF, 0x55, 0xC4, 0xD6, 0x8D, 0xD8,
    0xD9, 0x43, 0x23, 0x02, 0x7D, 0xB2, 0x11, 0x61, 0x8E, 0x3F, 0x8D, 0x9B, 0xE2, 0x2E, 0x41, 0xA6,
    0xEC, 0x70, 0x7E, 0x75, 0xAA, 0x8A, 0x40, 0x6F, 0x75, 0x85, 0xAE, 0x10, 0x11, 0xBA, 0x89, 0x3F,
    0xB5, 0xC2, 0x5B, 0xB5, 0xD4, 0xD9, 0xC7, 0x5A, 0x0C, 0x2A, 0x50, 0x8A, 0xAE, 0x8D, 0xF0, 0xD3,
    0x35, 0x22, 0x22, 0x02, 0x8F, 0xBC, 0x57, 0x18, 0x25, 0x14, 0x73, 0x50, 0x55, 0x32, 0xDC, 0x42,
    0x48, 0x45, 0x02, 0x08, 0xAF, 0x80, 0x38, 0x9E, 0x9B, 0x90, 0x37, 0x69, 0x17, 0x18, 0xE9, 0x11,
    0xA7, 0xA4, 0xFA, 0xDC, 0xC4, 0xC3, 0x85, 0xDA, 0x55, 0x37, 0x5A, 0x0F, 0x7C, 0x37, 0x4E, 0x3A,
    0xBC, 0xD9, 0xA4, 0xB8, 0x69, 0x37, 0x4A, 0x3A, 0x35, 0x1F, 0x49, 0xF3, 0xC3, 0x2F, 0x70, 0x61,
    0x2E, 0x7E, 0x9F, 0xE8, 0xE7, 0xA5, 0x65, 0x5E, 0xE7, 0x60, 0x8B, 0x1A, 0x36, 0xF6, 0xA7, 0xFB,
    0x25, 0xE0, 0xD0, 0x62, 0xBF, 0x44, 0xE6, 0xEF, 0xB8, 0xD6, 0x43, 0x22, 0x23, 0xCB, 0xE0, 0x98,
    0x84, 0xCA, 0x74, 0xE0, 0xBD, 0xDB, 0x83, 0xCE, 0xC7, 0xA8, 0xAE, 0xBE, 0x4E, 0xB3, 0x68, 0x6A,
    0xE9, 0x47, 0x1D, 0xBE, 0x11, 0x55, 0xF3, 0x09, 0x0E, 0xB6, 0x52, 0xAB, 0x66, 0xE7, 0x42, 0x65,
    0x9C, 0x9A, 0x21, 0xCD, 0x3A, 0xFC, 0x3B, 0xB0, 0xD8, 0x2E, 0xEE, 0xF6, 0x60, 0x2B, 0xCB, 0x27,
    0xC5, 0x8E, 0x86, 0xFB, 0xDE, 0xFE, 0xAD, 0x5A, 0x84, 0x65, 0xC1, 0x3B, 0xE3, 0x86, 0xC0, 0xFA,
    0x31, 0x91, 0x43, 0x3E, 0xDF, 0xFA, 0xFB, 0xBF, 0x56, 0xF9, 0x48, 0xCC, 0x49, 0x08, 0x71, 0x30,
    0x0F, 0xE8, 0x1E, 0x4D, 0x13, 0xB2, 0x57, 0xD9, 0xF5, 0x09, 0x7D, 0xA9, 0x7C, 0xAF, 0x76, 0x45,
    0xA1, 0x62, 0x1C, 0xD5, 0x38, 0xE8, 0x47, 0x47, 0x4E, 0x1A, 0x0E, 0xFA, 0x64, 0x1E, 0x3D, 0x7B,
    0x25, 0x33, 0xA2, 0xE4, 0x37, 0x85, 0xAD, 0xCC, 0x20, 0x43, 0x8E, 0x31, 0x67, 0x41, 0x72, 0x48,
    0x54, 0xEE, 0xAF, 0x15, 0x06, 0xA5, 0xD2, 0xE2, 0x3B, 0xD9, 0x42, 0xD9, 0x55, 0x1E, 0x17, 0x9D,
    0x9E, 0xEC, 0xB1, 0x2F, 0xB3, 0xD7, 0x22, 0x37, 0xF6, 0xF6, 0x5F, 0x8B, 0x31, 0x2C, 0x51, 0xCB,
    0x9D, 0x1C, 0xA3, 0x83, 0xFE, 0xED, 0x3C, 0x9F, 0x7C, 0x93, 0x4F, 0x6A, 0xED, 0x3E, 0x77, 0xD3,
    0x8B, 0x4F, 0x6A, 0xFE, 0x4D, 0x42, 0xDA, 0x3E, 0xBD, 0xA9, 0x6C, 0xCB, 0xDC, 0xE6, 0xC3, 0xAE,
    0x75, 0x52, 0xEB, 0x47, 0x96, 0xA6, 0xEA, 0xE2, 0x61, 0x86, 0x47, 0x06, 0x79, 0x86, 0x3D, 0x8E,
    0xEF, 0x41, 0x98, 0x3A, 0xB2, 0x72, 0x84, 0x6C, 0xE1, 0x36, 0x3C, 0x0B, 0x95, 0xB6, 0xA3, 0xA3,
    0x46, 0x63, 0xA8, 0x51, 0x0E, 0x67, 0xB4, 0x03, 0xF7, 0xD6, 0xA3, 0xD8, 0x0B, 0xFF, 0x63, 0x74,
    0xF8, 0xEF, 0x74, 0x21, 0xB4, 0x59, 0x3D, 0xB4, 0x36, 0x08, 0x6D, 0xA7, 0x13, 0x5A, 0x69, 0x8B,
    0x59, 0x68, 0x6B, 0x26, 0xB4, 0x9A, 0xDD, 0x8F, 0xC2, 0x3D, 0xE8, 0x11, 0xD1, 0x05, 0xBD, 0x13,
    0xE9, 0x7B, 0x46, 0x3F, 0xB4, 0xDA, 0xEE, 0x6A, 0x1B, 0x6A, 0x5B, 0xD5, 0x56, 0xBF, 0x62, 0xDD,
    0xBB, 0xD6, 0xD9, 0x61, 0x40, 0xB7, 0xD8, 0xE0, 0x21, 0x2C, 0xC3, 0xCF, 0x1E, 0xFC, 0xFB, 0x43,
    0x82, 0xD6, 0x37, 0x21, 0x03, 0x47, 0x97, 0x58, 0xA5, 0xCD, 0xED, 0xF1, 0x2E, 0x7C, 0x79, 0x2F,
    0x72, 0x22, 0xAF, 0x8A, 0x78, 0x4A, 0x9F, 0xEE, 0xE3, 0x60, 0x18, 0x5B, 0x37, 0x95, 0x58, 0x51,
    0x92, 0x6B, 0xBE, 0x24, 0x68, 0xC7, 0x4F, 0x70, 0xF4, 0xFF, 0xB7, 0xA0, 0xC4, 0x1B, 0x81, 0x07,
    0x41, 0x8D, 0xB9, 0xF8, 0xF8, 0xE2, 0xF4, 0x87, 0x67, 0x88, 0x32, 0x62, 0xDD, 0x2E, 0xD2, 0x01,
    0xB0, 0x7E, 0x3C, 0xF3, 0xC1, 0x6E, 0x19, 0xFE, 0x9B, 0x6D, 0xB3, 0x2D, 0x91, 0x7F, 0x7A, 0x3E,
    0x18, 0x76, 0xBC, 0x71, 0x11, 0x5A, 0x5C, 0x39, 0xA5, 0x65, 0xF0, 0xDC, 0x5F, 0x8B, 0x87, 0xE3,
    0x32, 0xFA, 0x8C, 0xFB, 0xB7, 0x7F, 0x25, 0x58, 0x7C, 0x06, 0x0A, 0x19, 0x75, 0x9E, 0xBD, 0x4B,
    0xFE, 0xAC, 0x41, 0xDF, 0xBF, 0x05, 0x87, 0xA0, 0x29, 0x11, 0x2C, 0x71, 0x40, 0xE2, 0x41, 0x75,
    0x9A, 0xD2, 0x45, 0xAA, 0x4B, 0xEE, 0x80, 0x19, 0x8D, 0xD1, 0xE1, 0x4F, 0x8C, 0x21, 0x7F, 0x31,
    0x50, 0xF7, 0x18, 0x53, 0x1E, 0x71, 0xFF, 0xC3, 0x69, 0x9C, 0x59, 0x96, 0xCD, 0xF4, 0x10, 0x76,
    0x99, 0xC5, 0xC3, 0x10, 0x63, 0x74, 0x43, 0xF5, 0x0F, 0x0C, 0x16, 0x9D, 0xBB, 0xB0, 0x55, 0xF7,
    0x4E, 0x64, 0xB5, 0x7B, 0xE3, 0x7A, 0xA6, 0xBD, 0x97, 0x3F, 0x4E, 0xFD, 0x57, 0x9C, 0x4F, 0x8C,
    0xFB, 0xB6, 0xBA, 0x17, 0xBB, 0x9F, 0x71, 0x0E, 0xE7, 0x9F, 0xF8, 0x23, 0x81, 0x86, 0x0D, 0x89,
    0xAF, 0x4D, 0xB1, 0xEE, 0x32, 0x27, 0x2A, 0xA3, 0xB5, 0xA6, 0x91, 0xBC, 0xEB, 0x5C, 0xF2, 0xAF,
    0x5C, 0xEE, 0x2B, 0x2E, 0x77, 0x6D, 0x6A, 0xFA, 0x9C, 0x3E, 0xFC, 0x1B, 0xED, 0xF5, 0x31, 0xF3,
    0x62, 0x24, 0x01, 0xA4, 0x4B, 0xE9, 0x65, 0xAA, 0xA0, 0xD9, 0xAB, 0xB4, 0xC3, 0x22, 0xBA, 0x62,
    0xF9, 0xCB, 0xA9, 0xFB, 0x89, 0x51, 0x7F, 0x8F, 0x64, 0xC0, 0x1B, 0x27, 0xD8, 0xAB, 0x95, 0x8F,
    0xBE, 0xD7, 0x1F, 0xC9, 0xA2, 0x4C, 0x8E, 0x52, 0x14, 0x45, 0x0C, 0x3A, 0xF2, 0xEA, 0x08, 0xA3,
    0x2A, 0xB9, 0xFB, 0x97, 0x94, 0xDC, 0x48, 0xAF, 0xC5, 0x1D, 0x3C, 0xB9, 0x75, 0xB1, 0x91, 0xCE,
    0x47, 0x49, 0x51, 0x11, 0x2D, 0x30, 0x92, 0x97, 0x15, 0x90, 0x63, 0xE8, 0x4F, 0x86, 0xCC, 0x92,
    0xBD, 0x61, 0x5E, 0x90, 0x8A, 0xE8, 0x29, 0x6D, 0xC3, 0xCC, 0x17, 0xC1, 0x84, 0x79, 0xFB, 0x16,
    0xF0, 0x2F, 0xA8, 0x3B, 0x70, 0x6F, 0xC4, 0x9E, 0x32, 0x67, 0x91, 0x2D, 0x60, 0x9D, 0x7B, 0xAB,
    0x14, 0x99, 0xAD, 0x95, 0x17, 0x79, 0x8F, 0xBB, 0xD6, 0x92, 0x5C, 0x22, 0xAC, 0xB2, 0x12, 0x31,
    0x73, 0x97, 0x4B, 0x94, 0x27, 0xEA, 0x03, 0xAB, 0x1F, 0x08, 0x00, 0x43, 0x49, 0xDD, 0x76, 0xA9,
    0x6D, 0xFD, 0xF1, 0x3A, 0x8E, 0x14, 0x05, 0x42, 0xE7, 0xF0, 0x83, 0xDC, 0xB4, 0x2E, 0x53, 0x66,
    0x10, 0xA2, 0xCB, 0x5A, 0x8E, 0x3A, 0xF2, 0xCE, 0xE7, 0x65, 0xD8, 0xD6, 0xCF, 0xB3, 0xEF, 0x97,
    0x05, 0xC8, 0xAB, 0x92, 0xC0, 0x9B, 0x3F, 0x94, 0xD4, 0x3E, 0x38, 0x72, 0x92, 0xA6, 0xE8, 0x6D,
    0x73, 0xDD, 0xF2, 0x58, 0x25, 0x8F, 0x49, 0xAD, 0x24, 0x7A, 0x92, 0x34, 0x3D, 0xCB, 0xF4, 0x3E,
    0x98, 0x96, 0x57, 0x49, 0x99, 0xE4, 0x7B, 0xCA, 0xB6, 0x66, 0xCA, 0x4C, 0x67, 0xF6, 0x4C, 0xD7,
    0x61, 0xED, 0x9C, 0x4D, 0x3E, 0xB0, 0x93, 0xFE, 0x66, 0x39, 0x33, 0x7D, 0xD0, 0xF8, 0x59, 0xCA,
    0x1D, 0xCD, 0x4E, 0x2C, 0xDC, 0x07, 0x52, 0x4D, 0xF8, 0xCC, 0x77, 0x2B, 0x18, 0x8E, 0xC4, 0x33,
    0x7C, 0x7E, 0x12, 0xA9, 0x95, 0x8A, 0x9E, 0xAC, 0x8B, 0x02, 0x28, 0x15, 0x48, 0x8E, 0x2A, 0xD0,
    0x10, 0x05, 0x4A, 0x55, 0xA5, 0x56, 0x69, 0x6E, 0x99, 0xDA, 0x04, 0xC7, 0x8D, 0x33, 0xFF, 0xD8,
    0x38, 0x62, 0x9F, 0xE0, 0x24, 0xAA, 0xF4, 0x2E, 0xA0, 0x12, 0x1C, 0x5E, 0x88, 0x58, 0x3F, 0xA4,
    0x90, 0x72, 0x20, 0x7B, 0x52, 0x53, 0xD9, 0x0B, 0x69, 0x2B, 0x3A, 0xB6, 0x16, 0xA2, 0xC0, 0x35,
    0x81, 0x16, 0xD3, 0x07, 0x16, 0x97, 0x52, 0xB0, 0x9C, 0x0D, 0xB7, 0x11, 0x2C, 0x43, 0x98, 0x9E,
    0x09, 0x9C, 0x2C, 0x38, 0x76, 0x55, 0xE6, 0x69, 0xBD, 0x97, 0xF2, 0xB7, 0x72, 0xB4, 0x5E, 0x1E,
    0xFB, 0xAC, 0xF7, 0x18, 0x64, 0x8A, 0x5B, 0xF0, 0xBF, 0x6F, 0x1C, 0xFB, 0x52, 0x9E, 0x3E, 0x7D,
    0x6F, 0x85, 0x6F, 0xA2, 0xA6, 0x97, 0x16, 0x16, 0x64, 0xC6, 0xEF, 0x96, 0x34, 0x10, 0xAC, 0xD0,
    0x82, 0xF4, 0x8D, 0xE0, 0xB4, 0x98, 0xAA, 0x34, 0xD3, 0xEE, 0x89, 0x18, 0xBA, 0x98, 0xC7, 0x5F,
    0xDF, 0x6A, 0xE1, 0xCE, 0x67, 0x75, 0xCF, 0x51, 0x42, 0xE5, 0xDC, 0x8B, 0xA3, 0x4B, 0xEF, 0x2C,
    0x4F, 0x3F, 0x3B, 0x0E, 0x9B, 0x5A, 0x41, 0x6B, 0x82, 0xC1, 0xE9, 0x29, 0x28, 0x5B, 0xAC, 0xBD,
    0xF6, 0x8A, 0x58, 0xA1, 0x85, 0xEE, 0xBF, 0x8E, 0x61, 0x91, 0x27, 0xE6, 0x08, 0x0C, 0xFD, 0xEA,
    0x70, 0xA4, 0xF1, 0xF5, 0xE6, 0xBF, 0xE3, 0x8E, 0xA4, 0xEA, 0xAB, 0x74, 0x91, 0x9C, 0x44, 0x72,
    0x7E, 0x9A, 0x6D, 0xAB, 0x0B, 0xC8, 0x52, 0x2C, 0xC1, 0xA0, 0x60, 0x66, 0x8B, 0x4E, 0x7A, 0xD6,
    0x35, 0xDA, 0x8B, 0xBC, 0x1F, 0xC1, 0x7D, 0x1B, 0xCE, 0x67, 0x12, 0xC7, 0x18, 0xC5, 0x2A, 0xC4,
    0x01, 0x06, 0x2E, 0x3F, 0xD8, 0xBA, 0x1E, 0x13, 0x40, 0xE8, 0x27, 0xFC, 0x4E, 0xD1, 0x9D, 0x3A,
    0x16, 0xCE, 0xD0, 0x2E, 0x67, 0xEB, 0xF5, 0x00, 0x3A, 0x5C, 0xE8, 0xC0, 0x0F, 0xCE, 0x32, 0xBE,
    0x25, 0x9A, 0x71, 0xD5, 0x7A, 0x0C, 0x37, 0x19, 0xE3, 0x3F, 0xE7, 0xA7, 0x79, 0xB5, 0x9B, 0x7A,
    0x6F, 0xC6, 0xEE, 0xE7, 0xCC, 0xC2, 0x42, 0x6A, 0x02, 0xF7, 0x6E, 0xA4, 0x5D, 0xB3, 0xA8, 0x32,
    0x7E, 0x8F, 0x52, 0x66, 0x30, 0xD3, 0x61, 0xC1, 0x49, 0xC9, 0xF7, 0x59, 0x37, 0xBC, 0x45, 0x19,
    0xA8, 0x2F, 0x8A, 0x21, 0xDB, 0xD3, 0x93, 0xCA, 0xF2, 0xBC, 0x6D, 0xF8, 0x21, 0x57, 0x94, 0xC0,
    0xAB, 0x8C, 0x19, 0x52, 0x33, 0x4F, 0xCB, 0xD2, 0xEE, 0xB4, 0x32, 0xF5, 0x8B, 0x10, 0xD7, 0x5C,
    0x8D, 0xE4, 0xED, 0x4F, 0xD4, 0x9E, 0x7C, 0x35, 0xCD, 0xDA, 0x1A, 0xAD, 0xE8, 0xC5, 0x87, 0xFF,
    0x9D, 0x5D, 0x7C, 0x84, 0x53, 0xD9, 0x49, 0x17, 0xE3, 0x6B, 0x83, 0xF5, 0xD0, 0xA1, 0x2C, 0x0D,
    0xF1, 0x51, 0xF9, 0xC9, 0x57, 0xB6, 0x5A, 0x74, 0x8D, 0xBB, 0x5B, 0x8A, 0x2A, 0xF9, 0x81, 0x8D,
    0x1B, 0xE6, 0xBF, 0xAD, 0x58, 0xCF, 0x6F, 0x1C, 0x49, 0x15, 0xFE, 0xBA, 0xDB, 0xEB, 0x0E, 0x69,
    0xDB, 0x3D, 0x07, 0x5B, 0xAC, 0x84, 0x3D, 0xBD, 0x82, 0x1C, 0x7C, 0x98, 0xF1, 0xE4, 0xD0, 0xA0,
    0xCE, 0x6E, 0xC7, 0x5D, 0xE4, 0xC0, 0x1E, 0xF6, 0xC0, 0x1C, 0x6C, 0x38, 0x0C, 0x12, 0xF9, 0x03,
    0x16, 0x76, 0x90, 0x06, 0x69, 0x10, 0x0E, 0xD3, 0x2C, 0x07, 0x0E, 0x48, 0xE0, 0xCB, 0xC2, 0x81,
    0x8B, 0x91, 0xB2, 0x12, 0xB2, 0x91, 0x18, 0x44, 0x4B, 0x44, 0x22, 0x8A, 0x6B, 0xC9, 0x61, 0x0F,
    0x7B, 0xD8, 0x16, 0x12, 0x5C, 0x38, 0xD0, 0x11, 0xDA, 0x4B, 0xC2, 0xB2, 0x15, 0x69, 0x2C, 0x39,
    0xC1, 0xE3, 0xE6, 0xAB, 0x9E, 0x1E, 0xDB, 0xD9, 0x78, 0xC9, 0x38, 0x71, 0xCF, 0xAB, 0x76, 0x75,
    0x55, 0xBD, 0x57, 0xAF, 0xDE, 0xEF, 0xF2, 0xFC, 0xC6, 0x46, 0x05, 0xBE, 0x1F, 0xE8, 0x27, 0x0C,
    0x37, 0xBA, 0xE0, 0xE3, 0x03, 0x3F, 0x80, 0x9D, 0x4B, 0xF7, 0xAB, 0xA2, 0x0E, 0x84, 0x4F, 0xC2,
    0x0A, 0xE0, 0xFE, 0x5D, 0x9A, 0x79, 0xAC, 0x97, 0xF9, 0x28, 0x9F, 0xDD, 0x81, 0xB9, 0x97, 0x58,
    0x12, 0x56, 0x0C, 0x7B, 0x0C, 0xBD, 0x5C, 0x7E, 0xFE, 0x1D, 0x51, 0x7E, 0x0A, 0xB8, 0x40, 0xB4,
    0xFD, 0xDB, 0x5E, 0x7E, 0xC0, 0xE5, 0xED, 0x66, 0x1A, 0xE5, 0xB2, 0x6E, 0xC7, 0x81, 0x29, 0x7D,
    0x43, 0x43, 0xCD, 0x8A, 0x39, 0xF2, 0xBD, 0x9B, 0x29, 0x67, 0xBB, 0xA8, 0x87, 0x08, 0xAB, 0x48,
    0x5C, 0x28, 0xFB, 0xED, 0xD4, 0xBA, 0x1B, 0x1B, 0x0F, 0x80, 0x43, 0xB8, 0xB9, 0x1A, 0x31, 0xC1,
    0xCE, 0x4B, 0x37, 0x9A, 0xA3, 0x7E, 0x56, 0x3E, 0x05, 0x1B, 0x27, 0x3F, 0xBC, 0x43, 0x5C, 0x6D,
    0xA1, 0xAF, 0xC9, 0xA1, 0x11, 0xA3, 0xB1, 0x8F, 0x8E, 0x87, 0xBE, 0x2D, 0x3A, 0x96, 0x58, 0x75,
    0xE0, 0x0C, 0x81, 0x1F, 0x01, 0x8E, 0x20, 0x6B, 0xEF, 0xBE, 0x85, 0xDE, 0xFE, 0xE8, 0x1C, 0x4A,
    0x5D, 0xDF, 0x1A, 0x1D, 0xE8, 0x11, 0xEC, 0x4D, 0x27, 0x5E, 0x22, 0x4D, 0xDF, 0x1B, 0xF8, 0xED,
    0x1B, 0x95, 0xC5, 0x4D, 0x85, 0x99, 0x34, 0xC3, 0xAC, 0x64, 0xD3, 0x7F, 0xB7, 0xF8, 0xDD, 0xEE,
    0x56, 0x16, 0x03, 0xCE, 0xEB, 0x75, 0x7A, 0x3D, 0x76, 0x87, 0xA5, 0x44, 0x1A, 0x19, 0x7C, 0xA3,
    0xB3, 0x92, 0xB4, 0x7D, 0x3F, 0x69, 0xDC, 0x44, 0xBC, 0x69, 0xFD, 0x25, 0x75, 0x5E, 0x8F, 0xAB,
    0x55, 0x84, 0x21, 0xAA, 0x1E, 0xD8, 0x37, 0xFF, 0x9A, 0x72, 0x9C, 0x6B, 0xF3, 0x5C, 0xAD, 0xAF,
    0x93, 0xD3, 0x23, 0xA8, 0x2C, 0x34, 0x23, 0x35, 0x16, 0xED, 0x09, 0x4E, 0xA2, 0xCC, 0x6F, 0x5F,
    0xE9, 0x2E, 0x6E, 0xFA, 0xE1, 0x4C, 0xEA, 0x07, 0xB3, 0x32, 0x52, 0xB3, 0xE9, 0xAB, 0xD9, 0xEC,
    0x96, 0xDF, 0x9F, 0x69, 0xFB, 0xC1, 0x62, 0xE0, 0x2F, 0x3D, 0xC5, 0xC9, 0xC2, 0xFA, 0x5A, 0x94,
    0x1F, 0x96, 0x2C, 0xF5, 0x3B, 0x59, 0x2D, 0xAB, 0xF5, 0xFD, 0x86, 0x96, 0x50, 0x93, 0x2B, 0xC7,
    0xA0, 0x0A, 0x1E, 0xF6, 0x9A, 0xC7, 0x23, 0x4D, 0xAC, 0xAF, 0x37, 0x39, 0xE8, 0xA5, 0x57, 0xFA,
    0xD4, 0xB3, 0x8F, 0xCC, 0x94, 0x2E, 0xE5, 0xDD, 0x1B, 0x2C, 0x34, 0x1B, 0xE9, 0xF7, 0x13, 0x8E,
    0xB4, 0xBD, 0x14, 0x09, 0x02, 0x04, 0xBB, 0xEA, 0x25, 0x01, 0xD8, 0xC5, 0x7C, 0x45, 0xFF, 0x02,
    0x24, 0xA7, 0xC1, 0x20, 0xC4, 0x20, 0x6A, 0x0D, 0x5E, 0x1B, 0x76, 0x02, 0xE0, 0x24, 0xF0, 0x71,
    0xF2, 0xFD, 0x68, 0x18, 0xF4, 0x0E, 0x96, 0x77, 0x0F, 0x96, 0xF3, 0x31, 0xB0, 0x1F, 0x1D, 0x2C,
    0x7B, 0x07, 0xCB, 0xC6, 0xB7, 0x96, 0x31, 0x73, 0x1A, 0x5C, 0x98, 0x9F, 0xDF, 0xD8, 0xC0, 0x22,
    0xCD, 0xD2, 0x16, 0xB6, 0xB8, 0x43, 0x42, 0x66, 0xEC, 0xC9, 0x2B, 0xD2, 0x38, 0xF1, 0x03, 0x99,
    0x73, 0x55, 0x50, 0xBB, 0x3C, 0xD3, 0x9E, 0xB9, 0x3C, 0x13, 0x04, 0x4E, 0x76, 0xE9, 0x65, 0xD4,
    0x97, 0xE0, 0x3A, 0xC2, 0xBA, 0x2B, 0x8D, 0x7B, 0x19, 0xDF, 0xEC, 0xD7, 0xEB, 0x98, 0x9F, 0xE7,
    0x29, 0x4C, 0xD9, 0x90, 0x96, 0xF8, 0xA2, 0x74, 0x60, 0xCA, 0x45, 0xB6, 0x80, 0xAD, 0xCF, 0x96,
    0xF6, 0xCD, 0xBB, 0xEF, 0x29, 0xF3, 0x7D, 0xAB, 0x8F, 0xB9, 0xD9, 0x36, 0x6A, 0xB5, 0x36, 0xFC,
    0x2F, 0x27, 0xC8, 0x7A, 0x43, 0x6E, 0xD1, 0xA6, 0xE5, 0xB7, 0x9D, 0xD8, 0x12, 0x51, 0xEC, 0xE0,
    0x4B, 0xF1, 0x22, 0x3D, 0x21, 0x60, 0xEB, 0xB3, 0xA5, 0xB0, 0x7E, 0xF2, 0xC1, 0xC0, 0xFA, 0xE9,
    0x85, 0x9A, 0xF5, 0x73, 0xCC, 0xA2, 0x46, 0x6E, 0x7D, 0x74, 0x90, 0x19, 0xA9, 0x21, 0x6D, 0x61,
    0xC5, 0xD5, 0x35, 0x07, 0x8D, 0x91, 0xB2, 0xA2, 0x8C, 0xDA, 0x7F, 0xA5, 0x03, 0x7A, 0x81, 0x4F,
    0x6F, 0x32, 0xFA, 0x36, 0xED, 0x38, 0x9B, 0xE3, 0x4C, 0xA7, 0xC6, 0x57, 0xD0, 0x09, 0xD1, 0xEC,
    0x64, 0xB7, 0xD1, 0xBB, 0xF7, 0xDE, 0xBF, 0x41, 0xB2, 0x6F, 0x52, 0x6E, 0x73, 0x9C, 0x59, 0x5A,
    0xFA, 0x0E, 0x67, 0x1B, 0xB9, 0x36, 0x1E, 0x7E, 0xA6, 0xFA, 0x55, 0x01, 0xF6, 0x0B, 0xA8, 0x14,
    0xA4, 0xDB, 0x85, 0x61, 0x29, 0x9E, 0x0F, 0x5E, 0xE1, 0xC8, 0x9D, 0x02, 0xE8, 0x1C, 0xD1, 0xEF,
    0x63, 0xE7, 0x70, 0xEC, 0xC8, 0x18, 0xA0, 0x98, 0xD5, 0xEE, 0x0A, 0xA3, 0x1C, 0xF3, 0x34, 0x6B,
    0x6C, 0xAF, 0xC5, 0xC0, 0x1F, 0x25, 0xF0, 0x30, 0x85, 0x41, 0x27, 0xD3, 0x62, 0xB1, 0x64, 0x07,
    0xF6, 0x3B, 0x1B, 0x74, 0xC9, 0x21, 0xAA, 0xEB, 0xDF, 0x45, 0x1D, 0xDA, 0x08, 0x1C, 0xD1, 0xE1,
    0x8C, 0x62, 0x2B, 0xF0, 0x2D, 0x9E, 0x87, 0x41, 0x00, 0xFA, 0x20, 0x53, 0xE7, 0x44, 0xB3, 0xC1,
    0xF6, 0x67, 0x8A, 0x28, 0xD5, 0xA6, 0x5C, 0x79, 0x71, 0x9A, 0xF4, 0x06, 0x73, 0xC8, 0xAF, 0x37,
    0xD4, 0xD1, 0xB1, 0x5F, 0x88, 0x9E, 0xA0, 0xD1, 0xDD, 0x23, 0x6F, 0x9B, 0x9B, 0x47, 0xA2, 0x7D,
    0xE1, 0x33, 0x47, 0xA4, 0xF9, 0x1B, 0x39, 0x6A, 0xBA, 0xFF, 0xDC, 0xB4, 0xE8, 0xD7, 0x30, 0x3F,
    0xB9, 0xBF, 0x05, 0xEB, 0x03, 0x92, 0x71, 0xDE, 0xD0, 0x0E, 0xC2, 0x50, 0x88, 0xBA, 0x7E, 0x85,
    0x0E, 0x27, 0x3A, 0x0E, 0x97, 0xEC, 0xB5, 0x04, 0x8C, 0x3C, 0x17, 0xB0, 0xFE, 0xC6, 0x9E, 0x1D,
    0x3B, 0x3A, 0x8A, 0xF3, 0x55, 0x05, 0x97, 0x90, 0x62, 0xAE, 0x46, 0x01, 0xCA, 0x7E, 0x74, 0xDB,
    0x13, 0xB8, 0x0A, 0x6C, 0x00, 0xB7, 0xC0, 0x98, 0x70, 0x0C, 0x1C, 0xE1, 0x38, 0x67, 0x9D, 0x47,
    0xBF, 0x33, 0x18, 0xFB, 0x67, 0x0B, 0xCB, 0x32, 0xA5, 0x66, 0x23, 0x2A, 0xC5, 0xE2, 0xEA, 0xD8,
    0x41, 0xEE, 0x4B, 0x3D, 0x72, 0xC3, 0xC7, 0xDB, 0x42, 0x69, 0x63, 0x2D, 0xE1, 0xF1, 0x36, 0x07,
    0x71, 0x72, 0xA4, 0x18, 0x14, 0x9A, 0xB5, 0x91, 0xB9, 0x26, 0x34, 0x84, 0x92, 0xDA, 0x59, 0xD1,
    0xAD, 0x0C, 0xCE, 0x2D, 0xD4, 0x96, 0x50, 0x31, 0xCE, 0x8C, 0x3E, 0x35, 0x85, 0xA5, 0x3A, 0x2E,
    0xBC, 0xFC, 0x7C, 0x5B, 0x5F, 0xE5, 0xC9, 0x19, 0x36, 0xB4, 0x22, 0x07, 0x5F, 0xD8, 0xB4, 0xE3,
    0xD3, 0x7E, 0xCE, 0x66, 0xA4, 0x3D, 0x72, 0x60, 0x64, 0x5C, 0x89, 0x67, 0xAF, 0x74, 0xE5, 0x4A,
    0xD6, 0xE9, 0x8A, 0xA9, 0x67, 0xAD, 0xAC, 0x54, 0xBA, 0x9D, 0x4B, 0xAF, 0x3C, 0x9B, 0xA2, 0x9B,
    0x67, 0x70, 0xB7, 0x99, 0x7B, 0xE1, 0xC5, 0xE4, 0x96, 0x21, 0xDE, 0xC8, 0xA8, 0x2F, 0xE5, 0x0A,
    0xA8, 0x1E, 0x4F, 0xE6, 0xAD, 0xB3, 0xAF, 0xBF, 0x61, 0x66, 0xA3, 0x79, 0x4F, 0xB8, 0xDB, 0x43,
    0x68, 0x3C, 0x88, 0x8A, 0xFD, 0x68, 0xEB, 0xA2, 0x37, 0x32, 0x5E, 0x86, 0x22, 0xF7, 0x80, 0xE3,
    0x70, 0x1F, 0x08, 0xF7, 0x5F, 0xD2, 0x7D, 0xA8, 0x5C, 0x35, 0x70, 0x55, 0xE8, 0xAA, 0xAA, 0xAB,
    0xDC, 0xAF, 0x2B, 0xEB, 0x43, 0x65, 0x3E, 0x60, 0x1E, 0x52, 0xE8, 0xA9, 0xC2, 0xBB, 0x0B, 0xE3,
    0xA1, 0xAD, 0x41, 0x57, 0x0F, 0xE3, 0xC7, 0xC8, 0xF7, 0xE1, 0x7C, 0xB4, 0x4B, 0x57, 0x72, 0x64,
    0xC8, 0xC0, 0xD2, 0x25, 0x3F, 0x34, 0x33, 0xF5, 0xE9, 0xA6, 0xC7, 0xF5, 0xBC, 0x5E, 0xA7, 0xD7,
    0x6B, 0xBC, 0xE3, 0x87, 0x4A, 0xD0, 0x6E, 0xE0, 0x1C, 0xC7, 0xA3, 0x73, 0xA1, 0xEB, 0x52, 0x45,
    0xAB, 0xE9, 0x68, 0xA5, 0x38, 0x27, 0xBA, 0x15, 0x32, 0x98, 0xBF, 0x09, 0xE3, 0xFD, 0xC1, 0xF9,
    0xC9, 0x40, 0xBB, 0x59, 0x9F, 0xD9, 0xE0, 0xFA, 0xF5, 0xF3, 0x94, 0xEB, 0x65, 0xC8, 0x90, 0x06,
    0x40, 0x2B, 0x38, 0x80, 0x31, 0xD0, 0x6F, 0xF6, 0x39, 0xD2, 0x46, 0xE9, 0x9A, 0xC2, 0xC8, 0xFF,
    0xAB, 0x91, 0x84, 0x07, 0x8F, 0x9B, 0x44, 0xDC, 0xE4, 0x0F, 0x59, 0x62, 0xA4, 0x2A, 0xB1, 0x62,
    0xA5, 0x8B, 0xBD, 0xA4, 0xCE, 0x16, 0x70, 0x13, 0x65, 0x64, 0xAB, 0x92, 0x9B, 0xC4, 0x8E, 0x74,
    0xB9, 0x49, 0x9D, 0x9B, 0x4C, 0xFD, 0x9F, 0x04, 0x15, 0xD2, 0x42, 0x26, 0x6F, 0x2E, 0x6D, 0xCA,
    0x83, 0xFB, 0xD1, 0x6D, 0x98, 0x79, 0x76, 0xAC, 0x3C, 0xC6, 0x81, 0x4F, 0x27, 0xA9, 0x73, 0xA1,
    0xAB, 0x4D, 0xF9, 0x87, 0x4F, 0x26, 0xAA, 0x17, 0xA6, 0x7B, 0x4A, 0x72, 0x39, 0x0F, 0x5E, 0x1D,
    0xA9, 0xA5, 0x1A, 0x96, 0x6C, 0x26, 0xA8, 0xB2, 0x0C, 0xAF, 0xA3, 0x4B, 0xCD, 0x38, 0xD7, 0x52,
    0x5D, 0x2A, 0xFD, 0x43, 0x80, 0x35, 0xC6, 0x8D, 0xA7, 0x2E, 0x05, 0x61, 0x19, 0xD9, 0x58, 0x40,
    0xB2, 0xD6, 0x54, 0xDF, 0x96, 0xCA, 0x4C, 0xA9, 0x43, 0x0D, 0xEC, 0xD8, 0x92, 0x31, 0x30, 0xBF,
    0x79, 0x1C, 0x00, 0xB5, 0x4B, 0xE7, 0xA2, 0xF1, 0xEB, 0x94, 0x78, 0x54, 0x77, 0x60, 0x66, 0x81,
    0x13, 0x07, 0x75, 0x04, 0x35, 0x16, 0x31, 0x08, 0x9C, 0x34, 0x30, 0x06, 0x01, 0xC2, 0x00, 0x75,
    0x0D, 0xEF, 0xDE, 0x0E, 0x7A, 0x65, 0x31, 0x6C, 0x66, 0x45, 0x52, 0xA9, 0x15, 0x1A, 0x5A, 0xD7,
    0x77, 0x94, 0xE9, 0x6B, 0x23, 0x92, 0x7D, 0x63, 0x47, 0xB9, 0xF7, 0x15, 0x0D, 0x88, 0x34, 0x43,
    0x43, 0xAD, 0xB4, 0x94, 0x33, 0x6C, 0x8F, 0xCF, 0x15, 0x1F, 0x9F, 0x6B, 0x72, 0xAC, 0x0D, 0x18,
    0x9F, 0xB0, 0xC6, 0x92, 0xDA, 0x97, 0x27, 0xC4, 0x2A, 0x02, 0xDE, 0x9C, 0x27, 0xB5, 0xFD, 0x4C,
    0xBC, 0x11, 0x05, 0x6B, 0xBE, 0x5D, 0x84, 0x8B, 0xC9, 0x79, 0xBB, 0x03, 0xE3, 0xAE, 0x06, 0x8C,
    0x0A, 0xB7, 0x09, 0x11, 0xD7, 0x8C, 0x26, 0x03, 0xF0, 0x2F, 0x86, 0xF8, 0x9C, 0x35, 0x64, 0x00,
    0xC7, 0x40, 0x07, 0x41, 0x65, 0x49, 0x63, 0xE7, 0xF1, 0x8E, 0x74, 0xEF, 0x3F, 0xDE, 0x8E, 0xAF,
    0x6A, 0x02, 0x85, 0x36, 0x43, 0x93, 0x8E, 0xBD, 0xD2, 0x7A, 0xEB, 0x1B, 0xB1, 0x33, 0x74, 0xF2,
    0x32, 0x9A, 0xAD, 0x31, 0xE7, 0x63, 0xF5, 0x6B, 0xBA, 0x6A, 0x4C, 0x4E, 0x24, 0xB4, 0x51, 0x9E,
    0x6F, 0xB4, 0xC8, 0x45, 0x71, 0x77, 0x18, 0x14, 0x2A, 0xAA, 0xC1, 0x1A, 0xC7, 0x2C, 0xA6, 0x77,
    0x33, 0x1D, 0xDD, 0x6C, 0xC6, 0x44, 0x6C, 0xD9, 0x35, 0xD3, 0x3E, 0xB2, 0xC3, 0x1D, 0x75, 0xB8,
    0xBD, 0x35, 0x22, 0x42, 0x0D, 0x35, 0x7E, 0x99, 0xF2, 0x28, 0xC7, 0xF5, 0x52, 0x58, 0x60, 0x89,
    0x33, 0x60, 0x8D, 0x42, 0xCF, 0x9C, 0x8B, 0x29, 0xE3, 0x0C, 0x58, 0x0C, 0x55, 0x17, 0x2F, 0x9E,
    0x38, 0xE3, 0xB3, 0x51, 0x56, 0x74, 0xF6, 0x66, 0x9D, 0x67, 0x30, 0x87, 0x9F, 0xF6, 0xD3, 0x66,
    0x57, 0xE5, 0xE5, 0x46, 0x5F, 0x88, 0x82, 0x53, 0x7F, 0xDA, 0xE1, 0xAA, 0x8A, 0x77, 0xA1, 0xA9,
    0xCF, 0xA4, 0x51, 0x09, 0x82, 0x4B, 0x97, 0x74, 0x9C, 0xFB, 0xAC, 0x3D, 0x60, 0xFD, 0x38, 0xD6,
    0x97, 0xF1, 0x3B, 0xB0, 0xFF, 0x29, 0x4C, 0x7D, 0x67, 0xC8, 0xA6, 0x87, 0xAA, 0xB1, 0x33, 0xD8,
    0xC0, 0x20, 0xC1, 0x2D, 0x85, 0xAE, 0x42, 0xA7, 0x8F, 0xA4, 0x0B, 0xD5, 0xF8, 0x26, 0x79, 0xD7,
    0x8A, 0x34, 0x84, 0x70, 0xF6, 0xE4, 0x4C, 0x43, 0xA3, 0x57, 0x16, 0xF0, 0x95, 0x3C, 0x8D, 0xAE,
    0x15, 0xB6, 0x72, 0xFA, 0xAD, 0x2D, 0x41, 0x91, 0x2D, 0x0D, 0x55, 0x5C, 0x18, 0x4A, 0x09, 0x89,
    0x55, 0x9B, 0xE1, 0x9B, 0x29, 0x21, 0x29, 0xB6, 0xD0, 0xC0, 0x3E, 0x89, 0x34, 0x5A, 0xE5, 0x2E,
    0x65, 0x65, 0x57, 0x3F, 0x3B, 0xD6, 0x3E, 0xAC, 0x8F, 0xE1, 0xD8, 0x2C, 0x62, 0xC4, 0x84, 0x58,
    0x3C, 0x91, 0xBB, 0x27, 0x17, 0x7B, 0x62, 0xF2, 0x8D, 0x0C, 0x43, 0xD7, 0xBD, 0xE6, 0xF4, 0x19,
    0x79, 0x3B, 0x0A, 0x60, 0xE5, 0xAD, 0xBD, 0x79, 0x3C, 0xC8, 0xEE, 0xDA, 0x75, 0xD6, 0xC4, 0x9A,
    0x8E, 0xAD, 0x92, 0xB9, 0x44, 0x85, 0x5D, 0xD5, 0xEF, 0x3E, 0x4C, 0xBB, 0x7F, 0x92, 0x49, 0x54,
    0xD0, 0x89, 0x72, 0x51, 0x39, 0xBA, 0x11, 0xA9, 0xE2, 0xEA, 0x3B, 0xA5, 0x0D, 0xA4, 0x8B, 0xFE,
    0x69, 0xA0, 0xBD, 0x77, 0xB5, 0xA5, 0xDC, 0x23, 0xB7, 0xA7, 0xD3, 0x8E, 0xE5, 0x79, 0x06, 0xAC,
    0x03, 0x98, 0xFF, 0xD1, 0xFF, 0x6F, 0xA0, 0x3C, 0x27, 0xC4, 0xA2, 0x70, 0xEC, 0xD7, 0x85, 0x69,
    0x9E, 0x71, 0xA3, 0x13, 0xEA, 0x26, 0x56, 0x52, 0x58, 0x5D, 0x68, 0x64, 0x4B, 0x66, 0xEA, 0x5A,
    0xD2, 0x61, 0x49, 0xF9, 0x33, 0x58, 0x1F, 0xC2, 0xF8, 0x58, 0xB3, 0x54, 0x5E, 0x14, 0x94, 0x0E,
    0x0C, 0x2D, 0x89, 0x3B, 0x05, 0x81, 0x27, 0xFE, 0x2D, 0xB0, 0x80, 0x57, 0x73, 0x59, 0x58, 0x26,
    0xB5, 0xD0, 0xA5, 0xC3, 0x14, 0x29, 0x21, 0x60, 0x9F, 0x51, 0x2A, 0xFA, 0x55, 0x76, 0x25, 0x8F,
    0x9F, 0xFE, 0x37, 0xC2, 0x48, 0xAD, 0xD3, 0xD3, 0xCF, 0xCF, 0xC3, 0xFF, 0x00, 0xAD, 0x59, 0x4F,
    0x6C, 0x1B, 0x59, 0x19, 0xFF, 0xBD, 0x99, 0xA4, 0xB3, 0xEA, 0x10, 0x3F, 0x1F, 0x52, 0x09, 0x91,
    0xC6, 0xE6, 0x58, 0x41, 0x12, 0x73, 0x08, 0xC8, 0xBB, 0x9D, 0xC4, 0x4F, 0x45, 0xEA, 0x4A, 0xEC,
    0x61, 0x7D, 0x68, 0x4E, 0x39, 0xB0, 0x07, 0x6E, 0x48, 0xBB, 0x3D, 0xE4, 0x60, 0xA1, 0x74, 0x3B,
    0x4B, 0x8F, 0x48, 0x90, 0x43, 0xE1, 0x5C, 0xA4, 0x3D, 0x80, 0x0B, 0xC4, 0xCB, 0xFA, 0x10, 0x89,
    0x10, 0x8F, 0xD8, 0x03, 0xC7, 0x0E, 0x70, 0xD8, 0x03, 0x82, 0x0E, 0x6A, 0x2B, 0xA1, 0x2D, 0xCB,
    0xBE, 0x4A, 0x46, 0x9B, 0x44, 0xB6, 0x87, 0xEF, 0x7B, 0xE3, 0x71, 0x9C, 0xD4, 0xA9, 0xC7, 0x49,
    0x32, 0xEF, 0x59, 0xF6, 0x9B, 0xF7, 0xBE, 0x7F, 0xEF, 0xFB, 0x1F, 0x00, 0x10, 0xB1, 0x06, 0xD6,
    0x14, 0xCC, 0x5F, 0x91, 0x66, 0x85, 0xE6, 0x75, 0x1F, 0xF8, 0x38, 0x00, 0x5E, 0x84, 0x10, 0x51,
    0x04, 0x2B, 0x68, 0xC0, 0x0E, 0x36, 0xE0, 0xFC, 0x7C, 0x13, 0x32, 0xEE, 0xA2, 0xB0, 0xF6, 0x2E,
    0x16, 0x21, 0xE1, 0xC1, 0x55, 0x1B, 0xF4, 0x46, 0xD3, 0xA4, 0x53, 0x76, 0x1C, 0x08, 0x82, 0xB4,
    0x06, 0x27, 0x0E, 0x2E, 0xDD, 0x20, 0xB0, 0x34, 0x1A, 0xE2, 0xA1, 0x96, 0x9F, 0xE9, 0x45, 0x68,
    0x8F, 0x86, 0xD0, 0x4B, 0xEB, 0xDA, 0xED, 0xDE, 0x66, 0xBC, 0x2A, 0x0F, 0xF1, 0x97, 0x08, 0x68,
    0xD1, 0xD1, 0x29, 0x9C, 0x1B, 0xBF, 0x80, 0x6F, 0xDF, 0x0C, 0x44, 0x0C, 0xE4, 0x91, 0x91, 0x84,
    0xF3, 0xB3, 0x6C, 0x93, 0xDC, 0x72, 0x74, 0x78, 0x86, 0xA6, 0xDC, 0x02, 0x2C, 0x3F, 0x1B, 0x6A,
    0x86, 0x0F, 0xDB, 0x87, 0xF5, 0x14, 0xF8, 0x90, 0xA9, 0x10, 0x06, 0x9E, 0x9B, 0x4A, 0xA2, 0x75,
    0xE0, 0x1C, 0xEC, 0x16, 0x15, 0x56, 0x80, 0x4D, 0x60, 0x07, 0x68, 0x0E, 0x0D, 0x5A, 0xA1, 0x75,
    0x7A, 0xEB, 0x1E, 0xFC, 0x46, 0xC4, 0x9D, 0x23, 0x3E, 0x3C, 0x42, 0x08, 0x10, 0x49, 0xB7, 0xE0,
    0xC6, 0x58, 0xBD, 0x89, 0x9A, 0xD9, 0xAF, 0xD3, 0x91, 0x9C, 0x2D, 0xAD, 0x13, 0x85, 0x03, 0xEE,
    0x15, 0x2A, 0x01, 0x22, 0x0D, 0xBA, 0x8D, 0x33, 0xE1, 0x15, 0x6D, 0xD8, 0x1D, 0xE4, 0x24, 0x7D,
    0xCB, 0x8C, 0x77, 0x9A, 0x84, 0x05, 0x5C, 0x4E, 0x69, 0x98, 0x14, 0x69, 0xD5, 0x00, 0x7D, 0x60,
    0xCE, 0x66, 0xE6, 0x54, 0x84, 0x0D, 0xFC, 0x28, 0x44, 0x49, 0x31, 0xF6, 0x33, 0x71, 0x3A, 0xEF,
    0xC2, 0xF9, 0x2D, 0xAC, 0xB6, 0x21, 0x20, 0xBB, 0x84, 0x5D, 0xBA, 0x57, 0xEB, 0x31, 0x7D, 0x61,
    0x30, 0xF9, 0x64, 0x2D, 0xEE, 0x01, 0x87, 0xDB, 0x11, 0xB4, 0xD8, 0xA7, 0x53, 0xA4, 0x1A, 0x28,
    0xD0, 0x94, 0x23, 0xE6, 0x52, 0xF2, 0x9E, 0xA4, 0x7C, 0xB8, 0x1D, 0x9A, 0x73, 0xC0, 0x47, 0x21,
    0xF0, 0x7B, 0x52, 0xBE, 0x8F, 0xE9, 0xA6, 0x3F, 0x82, 0xA8, 0x36, 0x20, 0x7B, 0x0D, 0xAC, 0x3A,
    0x1A, 0x35, 0x52, 0xA3, 0x26, 0x9D, 0x48, 0x9E, 0x86, 0x99, 0xFC, 0x7B, 0x93, 0xD6, 0x2B, 0xEB,
    0x1A, 0xA9, 0xDA, 0xCB, 0x38, 0x82, 0xAC, 0xF7, 0x08, 0x43, 0xD1, 0x97, 0xA4, 0x78, 0x92, 0x54,
    0x9E, 0x6E, 0x44, 0x4B, 0x05, 0x7D, 0x37, 0x86, 0x2E, 0xAE, 0xD1, 0x77, 0xFE, 0x0D, 0x2B, 0x4A,
    0xDE, 0x17, 0x95, 0xAC, 0x77, 0xCD, 0x39, 0xA3, 0x63, 0x0D, 0x26, 0x65, 0xAD, 0x8D, 0x6A, 0x83,
    0x50, 0x13, 0x66, 0x42, 0x4C, 0x78, 0x08, 0x5D, 0x32, 0xE8, 0x3B, 0xA1, 0xAC, 0x0C, 0xD9, 0x59,
    0xA9, 0x87, 0xE9, 0x5B, 0x86, 0xF5, 0x58, 0x1D, 0xD6, 0x95, 0x1E, 0x92, 0xD9, 0x61, 0x9D, 0x16,
    0x31, 0xBC, 0x62, 0x16, 0x15, 0xED, 0x34, 0xA4, 0x62, 0x7A, 0x2D, 0x95, 0xB7, 0x13, 0xD4, 0x2C,
    0xBA, 0xC7, 0xA8, 0xF7, 0x50, 0xF7, 0xEA, 0x0F, 0x12, 0x79, 0x93, 0xD2, 0x97, 0x7E, 0x11, 0x92,
    0xCD, 0xB1, 0x78, 0xA7, 0xB1, 0x38, 0x0F, 0xB9, 0x6F, 0x8C, 0x60, 0x42, 0x5C, 0x53, 0x16, 0x72,
    0x73, 0x70, 0xBA, 0x43, 0x06, 0x34, 0x0E, 0x1D, 0xED, 0xB4, 0xC8, 0x5B, 0x04, 0xFD, 0x9B, 0x9E,
    0x8C, 0xB5, 0x97, 0xB5, 0x78, 0x1C, 0xBA, 0xC9, 0xE0, 0x93, 0x4B, 0x2A, 0x03, 0xCB, 0xC0, 0xAA,
    0x31, 0xB5, 0x2C, 0x28, 0x1C, 0xE3, 0xC8, 0xAE, 0x92, 0xD0, 0x7D, 0x5C, 0x22, 0x77, 0x08, 0x2F,
    0x07, 0x59, 0x83, 0xAD, 0xCF, 0x22, 0xCF, 0xD1, 0x16, 0x33, 0x56, 0xA4, 0x46, 0x3D, 0xE9, 0xDB,
    0x12, 0x69, 0x5A, 0x93, 0xAC, 0x4B, 0xF5, 0x43, 0x43, 0xAB, 0x07, 0xE7, 0xE0, 0x3D, 0x90, 0x86,
    0xB2, 0x69, 0xF2, 0x19, 0x3E, 0x9A, 0x4C, 0x11, 0xFB, 0x66, 0x92, 0x47, 0xDD, 0xA4, 0xB9, 0x42,
    0xB3, 0xA8, 0x6C, 0xDF, 0x39, 0xF8, 0xA1, 0x8F, 0x56, 0xAC, 0x52, 0xB0, 0xFB, 0xB0, 0x3F, 0x87,
    0x74, 0x19, 0xA2, 0xA8, 0xE6, 0x65, 0xEF, 0x36, 0x2B, 0x2E, 0x46, 0x28, 0x6E, 0x89, 0x15, 0xD7,
    0x68, 0x39, 0xB1, 0x23, 0xA2, 0xD5, 0xED, 0xA0, 0x68, 0x0C, 0x0F, 0x6A, 0x96, 0xB0, 0x6D, 0x50,
    0xBC, 0x88, 0x8C, 0xBB, 0xBB, 0x08, 0xC2, 0x5E, 0x13, 0x2A, 0xF7, 0x26, 0xEC, 0x2E, 0xFB, 0x86,
    0x33, 0x52, 0xC5, 0x94, 0xB8, 0x74, 0x5D, 0xCE, 0x80, 0xD3, 0xF3, 0x8B, 0x8B, 0x1C, 0x15, 0x5D,
    0x9B, 0x31, 0xDE, 0x33, 0x52, 0x75, 0x11, 0x54, 0x58, 0x7D, 0xAE, 0x5C, 0x16, 0x54, 0x02, 0x72,
    0xD9, 0x50, 0x65, 0x34, 0xF2, 0xEC, 0x84, 0xED, 0x42, 0x7C, 0x01, 0xE7, 0x5E, 0x90, 0xE8, 0x35,
    0x79, 0xDF, 0x13, 0xE3, 0xB0, 0xBE, 0x17, 0xC7, 0xBD, 0x97, 0xD7, 0xD9, 0x4F, 0xB3, 0xB0, 0xE9,
    0x20, 0x7D, 0xC7, 0x06, 0x19, 0x58, 0x9A, 0xBA, 0x50, 0x30, 0x3F, 0x3E, 0x3F, 0xA8, 0xC2, 0xDE,
    0xEE, 0xC0, 0x6E, 0x97, 0x8C, 0x03, 0xB5, 0x03, 0x97, 0xB8, 0x3B, 0x7D, 0x26, 0x2E, 0x58, 0x44,
    0xDB, 0xF5, 0xFA, 0x41, 0x4C, 0xC8, 0xD3, 0xDF, 0xB2, 0xFE, 0x30, 0x92, 0x71, 0x1C, 0x0D, 0x7E,
    0x8F, 0x98, 0x94, 0x81, 0x14, 0xD8, 0x3A, 0xF1, 0xFD, 0x35, 0xCE, 0x46, 0x72, 0xA5, 0x48, 0x7E,
    0xB6, 0x2F, 0x95, 0x27, 0xB1, 0x98, 0x1B, 0x35, 0xA6, 0x05, 0x4A, 0x9F, 0xE2, 0x5B, 0x7B, 0xA9,
    0xB9, 0x75, 0x71, 0xE9, 0x29, 0x81, 0x19, 0x33, 0x28, 0x57, 0xA1, 0x9D, 0x14, 0x3D, 0x4B, 0x9F,
    0xAA, 0xE5, 0x96, 0x09, 0x65, 0x8A, 0x33, 0x99, 0x31, 0x03, 0xAD, 0xFD, 0x2B, 0x64, 0xFE, 0x95,
    0xF6, 0xDC, 0x96, 0xE3, 0x8F, 0x7A, 0xDC, 0xAD, 0x0A, 0xA9, 0xDA, 0xDD, 0xCE, 0x95, 0xAA, 0x20,
    0xC9, 0x8D, 0x7A, 0xAA, 0x53, 0x1B, 0xB5, 0x52, 0xC4, 0x6A, 0xFE, 0x6A, 0x28, 0xD5, 0xD7, 0x68,
    0x9F, 0x16, 0x38, 0x0D, 0xCE, 0x18, 0x1A, 0x42, 0xDA, 0xA3, 0xEC, 0x08, 0x0F, 0xA6, 0x28, 0x99,
    0x9A, 0x31, 0x57, 0x9B, 0x1B, 0xF9, 0x5C, 0x25, 0x2D, 0xBC, 0x4D, 0x7E, 0xF5, 0x6B, 0x84, 0xC9,
    0xF1, 0x6D, 0xA3, 0xAB, 0xAF, 0x86, 0x9D, 0x2F, 0x1F, 0xFD, 0x55, 0xDA, 0xDE, 0xDC, 0x96, 0xE7,
    0xF8, 0x63, 0x86, 0xBB, 0xE5, 0xD1, 0x4E, 0x63, 0x34, 0x35, 0xCC, 0x69, 0x14, 0xC3, 0xBC, 0xC0,
    0xA6, 0xC4, 0xB2, 0x6B, 0xEC, 0x53, 0xA0, 0x2C, 0xC7, 0x0C, 0xA4, 0x43, 0xFC, 0x0E, 0xD6, 0x7E,
    0x9A, 0x07, 0x69, 0x38, 0xBB, 0x69, 0xBE, 0x06, 0x9C, 0xF4, 0xDD, 0xE3, 0x06, 0xE9, 0xC1, 0x76,
    0x80, 0x44, 0x73, 0x2C, 0x03, 0x6A, 0x3E, 0x67, 0x40, 0x65, 0x51, 0x05, 0x33, 0x08, 0xC2, 0x37,
    0x43, 0x54, 0x54, 0x82, 0xBC, 0xAD, 0xAD, 0x50, 0xBB, 0x4A, 0x53, 0x9E, 0x53, 0xC3, 0x8B, 0x08,
    0x5F, 0x06, 0xA0, 0x1C, 0x63, 0xBF, 0x4D, 0x26, 0x0C, 0x5E, 0x94, 0x4A, 0x53, 0xAE, 0x2D, 0xC8,
    0xB8, 0x77, 0xF8, 0xC0, 0x3B, 0x86, 0x0C, 0xCA, 0x7F, 0x7C, 0x0E, 0x6E, 0x43, 0x43, 0x95, 0xED,
    0x80, 0xB9, 0xF6, 0x50, 0xD6, 0xB8, 0x4E, 0xF0, 0x29, 0x6D, 0xDA, 0x41, 0x79, 0xC5, 0x88, 0xC2,
    0x09, 0xCA, 0x16, 0x6B, 0x22, 0x47, 0xDB, 0x88, 0xE3, 0xB5, 0x50, 0xA4, 0xBE, 0xE9, 0x11, 0xDA,
    0xD3, 0xC4, 0x1B, 0x11, 0x1F, 0x59, 0xA9, 0xA1, 0xBC, 0x78, 0xEC, 0x08, 0x99, 0xBA, 0x34, 0x77,
    0x90, 0x64, 0x6E, 0x5E, 0xB6, 0xB1, 0x5A, 0xDF, 0xAA, 0xC4, 0x21, 0x7B, 0xE5, 0x02, 0xD1, 0xC6,
    0x47, 0xCB, 0x63, 0x9E, 0x8C, 0x17, 0x30, 0x08, 0xAD, 0xD8, 0xA2, 0x8C, 0x96, 0xFD, 0xA3, 0x45,
    0xB0, 0x4F, 0xFC, 0xE1, 0x5A, 0xF9, 0x76, 0x55, 0x3B, 0x4A, 0xBB, 0xD0, 0x33, 0xD0, 0x53, 0xE3,
    0x01, 0x96, 0x75, 0x39, 0x7A, 0x3D, 0x28, 0xAB, 0x09, 0xA8, 0x9B, 0x35, 0x25, 0xCD, 0xB5, 0x51,
    0xC0, 0x86, 0x8F, 0xAA, 0x37, 0xA2, 0xD7, 0xC3, 0xE3, 0xC0, 0x86, 0x14, 0xD3, 0x8C, 0x29, 0xC8,
    0x3B, 0x90, 0x9A, 0x53, 0xF3, 0xD6, 0xF0, 0x7A, 0xFD, 0x43, 0x19, 0xB7, 0x1D, 0x35, 0xF4, 0x3C,
    0x70, 0xDA, 0x6E, 0x50, 0x51, 0x73, 0x43, 0x6B, 0x2C, 0x0A, 0xC7, 0xDC, 0xD1, 0x42, 0xFF, 0x8E,
    0xF6, 0x21, 0x3B, 0x9C, 0x35, 0xCA, 0xE7, 0x4A, 0x3E, 0x09, 0xE4, 0x0B, 0x2D, 0x75, 0x5B, 0x6A,
    0x4F, 0xEA, 0x82, 0xD4, 0xF2, 0x6D, 0x6D, 0x3F, 0xD2, 0xD6, 0x73, 0x0D, 0x2A, 0x7A, 0xEF, 0x12,
    0x4A, 0xE3, 0xFE, 0x14, 0x15, 0x76, 0xD8, 0x30, 0x56, 0x75, 0x05, 0xDF, 0x89, 0xC3, 0xCA, 0x0D,
    0x53, 0xAD, 0xA1, 0x59, 0x1E, 0x35, 0x26, 0x86, 0xFF, 0x55, 0x43, 0x1B, 0xC5, 0xAD, 0xAF, 0x67,
    0x82, 0xCF, 0x47, 0xAE, 0x99, 0xFD, 0x0D, 0x56, 0x73, 0xE6, 0xEF, 0x46, 0x20, 0x9E, 0x2B, 0xFC,
    0x11, 0x98, 0x3D, 0x0B, 0x83, 0x2E, 0xB9, 0xB5, 0xC7, 0xA6, 0xFC, 0xC8, 0x67, 0x22, 0xC0, 0xEB,
    0x47, 0x6A, 0x96, 0x48, 0x43, 0x54, 0xF1, 0xE4, 0x51, 0x0F, 0xF6, 0x3E, 0xC5, 0xE6, 0x88, 0x7C,
    0x1D, 0xFB, 0xC8, 0xE0, 0xF4, 0xE7, 0x88, 0x36, 0x3F, 0xA5, 0x6D, 0xC7, 0xD0, 0x56, 0x94, 0xDA,
    0xFD, 0x19, 0xD3, 0xC6, 0x84, 0xB5, 0x34, 0x1B, 0x5B, 0x72, 0xCD, 0x05, 0x5C, 0xDE, 0x85, 0xDB,
    0xCE, 0x26, 0x99, 0x64, 0x34, 0x70, 0x59, 0x9B, 0x1C, 0xB1, 0x9F, 0x76, 0x53, 0xF4, 0x58, 0xAB,
    0x26, 0xCE, 0x2D, 0xDE, 0x87, 0xFB, 0xAC, 0x45, 0xEE, 0xDB, 0x0D, 0x3C, 0xD8, 0x61, 0x8D, 0xBC,
    0x0D, 0x97, 0x67, 0x27, 0x27, 0xAF, 0xF3, 0x7B, 0xDE, 0xC7, 0xFB, 0xF9, 0x5C, 0x1A, 0x0C, 0x63,
    0x25, 0xFA, 0xF5, 0x86, 0x5A, 0x75, 0x42, 0x93, 0x5A, 0x34, 0xA9, 0xB2, 0x4A, 0x46, 0x93, 0xC5,
    0x43, 0xA9, 0x05, 0x65, 0xAB, 0x46, 0xF5, 0x7C, 0x52, 0xB9, 0xA7, 0x94, 0x8F, 0x54, 0xC2, 0x41,
    0x42, 0x78, 0x5E, 0x1A, 0xA6, 0x84, 0x72, 0xDF, 0x54, 0x76, 0xCF, 0xA8, 0x73, 0x46, 0x32, 0x8C,
    0x6B, 0xE2, 0x52, 0x94, 0x8C, 0xF0, 0xAF, 0x03, 0xC1, 0x5C, 0x84, 0x38, 0xEC, 0x4F, 0x02, 0xE7,
    0x2D, 0xCC, 0x5C, 0x1D, 0x94, 0x29, 0x19, 0xA9, 0x11, 0x94, 0xC3, 0x10, 0xAC, 0xBD, 0xBA, 0x5F,
    0x64, 0xED, 0xF7, 0xF8, 0xA3, 0xC6, 0x1F, 0xCD, 0xE4, 0x63, 0xA9, 0x4E, 0x99, 0x5F, 0x29, 0x0E,
    0x9A, 0x83, 0xB5, 0xDA, 0x60, 0x9F, 0x39, 0x61, 0xCE, 0x1A, 0x28, 0xE8, 0xE3, 0x66, 0xEC, 0xA6,
    0x84, 0xF8, 0x2F, 0x15, 0x11, 0xE8, 0x58, 0x61, 0x93, 0x52, 0xD4, 0x48, 0x63, 0xEF, 0x21, 0x45,
    0x87, 0x3D, 0x2E, 0x26, 0x8C, 0x7A, 0x10, 0xE9, 0x9E, 0xE8, 0x70, 0x11, 0xFE, 0x98, 0x8A, 0x8A,
    0x9E, 0x7D, 0x54, 0x56, 0x70, 0x0E, 0xBA, 0x93, 0xE4, 0x24, 0x46, 0x6F, 0x0E, 0x70, 0xD8, 0xF2,
    0xB5, 0x1D, 0x6A, 0x11, 0xF1, 0xA0, 0x40, 0xE4, 0x04, 0x94, 0x44, 0x51, 0xBD, 0xCF, 0x0D, 0x1B,
    0xAA, 0xBE, 0x5D, 0x3F, 0x0D, 0x3E, 0xA4, 0x62, 0x54, 0xD8, 0x6B, 0x2B, 0x10, 0xC8, 0xCF, 0x7E,
    0xBB, 0x73, 0xFD, 0xFE, 0x0A, 0x91, 0x7A, 0xDC, 0xAD, 0x4D, 0x0A, 0x6E, 0x10, 0xCB, 0x84, 0x7F,
    0x2A, 0x4C, 0xF6, 0x04, 0x65, 0x4A, 0x35, 0x8C, 0x76, 0x2F, 0x50, 0x31, 0xB6, 0x39, 0x54, 0x8C,
    0x4D, 0x86, 0xAF, 0xBC, 0x58, 0x68, 0x3A, 0xA1, 0x50, 0xA7, 0xA3, 0x3A, 0xDE, 0x42, 0xA2, 0x1B,
    0x88, 0xFD, 0xD5, 0xF5, 0x60, 0xC7, 0x2C, 0xF4, 0xFB, 0x1A, 0x5B, 0xA6, 0x3E, 0x2E, 0xF9, 0xA4,
    0x2B, 0xFD, 0xA4, 0xD0, 0x0E, 0x0F, 0xDE, 0xF3, 0x5B, 0xDD, 0x54, 0xC2, 0x9B, 0xCC, 0x93, 0x15,
    0xB0, 0x2D, 0x90, 0xE7, 0xA8, 0xF4, 0xD0, 0x9C, 0xEE, 0xB7, 0x45, 0x2A, 0x3E, 0x1C, 0xBA, 0x9A,
    0xF7, 0xFB, 0xEE, 0xFD, 0xD9, 0xBB, 0x94, 0x17, 0xE2, 0x44, 0x0B, 0x69, 0x4A, 0x9C, 0x11, 0xAF,
    0x13, 0x72, 0x00, 0x29, 0x2F, 0x20, 0x3F, 0x35, 0x01, 0xDE, 0x89, 0x10, 0x51, 0xD6, 0xC0, 0x09,
    0xC1, 0x06, 0x0F, 0x37, 0x4A, 0xEA, 0xA2, 0xF1, 0x88, 0x2C, 0x03, 0x29, 0xE9, 0x98, 0xC8, 0x10,
    0x23, 0x1A, 0x49, 0x67, 0xE2, 0x97, 0x92, 0x94, 0x42, 0x93, 0xB9, 0x16, 0x2A, 0x2B, 0xBF, 0x71,
    0xDC, 0xAD, 0xEF, 0xFD, 0x3A, 0x6B, 0x02, 0xB3, 0x6C, 0x3E, 0x5D, 0x03, 0xC4, 0xB4, 0xBF, 0x2E,
    0xD1, 0x0F, 0x79, 0xAB, 0xD5, 0x91, 0x38, 0xFE, 0xB8, 0xF7, 0xE9, 0xEA, 0x02, 0x92, 0x4C, 0x19,
    0xB5, 0x44, 0x2C, 0x1C, 0xAE, 0xAC, 0x2F, 0xC0, 0xE1, 0x2A, 0x3F, 0x39, 0x62, 0xB6, 0xCE, 0xF0,
    0x92, 0x08, 0x5C, 0x41, 0xE8, 0xD0, 0xEA, 0xBC, 0x94, 0x2D, 0xA4, 0xC3, 0xBD, 0xCF, 0x4A, 0x33,
    0x12, 0xFE, 0xF4, 0x9D, 0x6A, 0x91, 0xA2, 0xCC, 0xE6, 0x08, 0xF8, 0xC3, 0x6C, 0x14, 0xAB, 0x47,
    0xEC, 0x18, 0x36, 0xCC, 0x7D, 0x58, 0xDD, 0x0D, 0xD8, 0x6F, 0xE9, 0x41, 0x79, 0xEF, 0x51, 0x01,
    0x9A, 0x7D, 0x4A, 0x8A, 0x67, 0x45, 0xC8, 0x67, 0xBB, 0xB0, 0xE2, 0x44, 0x1A, 0x42, 0x29, 0xF7,
    0x7F, 0xC1, 0x57, 0x4A, 0xBE, 0x29, 0xAA, 0xF3, 0x35, 0x34, 0x46, 0x0D, 0xEE, 0x0D, 0xAF, 0xAE,
    0x6B, 0x39, 0x68, 0x4B, 0x0F, 0x77, 0xE5, 0xCF, 0x4B, 0x42, 0xA2, 0x63, 0x14, 0xD5, 0x32, 0xE2,
    0x1F, 0xD5, 0x99, 0x3F, 0x2F, 0x0D, 0xC3, 0x51, 0x6D, 0x02, 0x31, 0x98, 0x3A, 0xE1, 0x97, 0x41,
    0x32, 0xF9, 0xFB, 0x05, 0x91, 0xC3, 0x5C, 0x76, 0x60, 0x7D, 0x0F, 0xF6, 0x4D, 0x88, 0xEE, 0xA4,
    0x44, 0x71, 0x98, 0xFD, 0x17, 0x65, 0xDF, 0xF7, 0xD4, 0x85, 0xA9, 0x09, 0x87, 0xDA, 0xBF, 0x05,
    0xCE, 0x4F, 0x90, 0x9B, 0x61, 0x1E, 0x33, 0x52, 0x73, 0x76, 0xAC, 0xC4, 0x01, 0x97, 0x51, 0xE4,
    0xAA, 0x93, 0xF9, 0x6F, 0xFA, 0xFD, 0x83, 0x8C, 0x68, 0x43, 0x6E, 0x70, 0x50, 0xD5, 0x6B, 0x3F,
    0x4D, 0xFB, 0x97, 0xDC, 0x51, 0x01, 0xF7, 0x54, 0x90, 0x74, 0x55, 0xFA, 0x11, 0x84, 0x1D, 0xD2,
    0x26, 0x27, 0x26, 0xBB, 0xF0, 0x3C, 0x74, 0x51, 0xF3, 0xC4, 0x3F, 0xD1, 0x5C, 0xB4, 0x1E, 0x41,
    0x17, 0xEC, 0x3F, 0x2B, 0x2D, 0xED, 0x7B, 0x1F, 0x44, 0xD2, 0xF9, 0xEE, 0x9F, 0x42, 0xF7, 0x6D,
    0xEB, 0x93, 0xC0, 0xFE, 0xA9, 0x78, 0xE2, 0xDB, 0xFF, 0xC0, 0x97, 0xCA, 0xFA, 0x0F, 0xFE, 0xC0,
    0x17, 0x74, 0x97, 0xB3, 0xDD, 0x55, 0x6E, 0x45, 0xAD, 0xA4, 0x42, 0x62, 0x71, 0x49, 0x4E, 0x92,
    0xBD, 0xC5, 0x7E, 0x3F, 0x9D, 0x2A, 0x39, 0x81, 0xA6, 0x1D, 0x49, 0xD4, 0x1C, 0x0A, 0x7B, 0x9E,
    0xDB, 0x28, 0x60, 0x41, 0x6E, 0x2C, 0x60, 0x7E, 0x86, 0xCA, 0xC1, 0xDC, 0xC2, 0x02, 0x95, 0x1C,
    0xDE, 0x3C, 0x79, 0xED, 0x72, 0xAE, 0x01, 0xA7, 0x41, 0x81, 0xC2, 0xD6, 0x0E, 0x79, 0xD4, 0xC8,
    0x4E, 0x1C, 0xF2, 0x1D, 0x26, 0xDC, 0x4E, 0x9B, 0x41, 0x4D, 0x14, 0x3C, 0x86, 0x5D, 0xE3, 0x00,
    0x7A, 0x23, 0xA4, 0xFC, 0x47, 0xFC, 0x5D, 0x21, 0xE6, 0x6D, 0xA3, 0xDC, 0x55, 0xBF, 0xAB, 0xE8,
    0x3A, 0x6A, 0x8A, 0xFF, 0x85, 0x92, 0x6F, 0x72, 0xD3, 0x92, 0x84, 0x15, 0xCD, 0x5B, 0xA1, 0xB4,
    0x03, 0xD7, 0xF1, 0xE9, 0x4E, 0xED, 0x47, 0x10, 0x9F, 0x1B, 0x47, 0xBA, 0xD3, 0xFF, 0x77, 0x81,
    0x15, 0x62, 0x3D, 0x2D, 0xA3, 0x93, 0x2C, 0xCB, 0xFA, 0xF1, 0x40, 0x64, 0x13, 0x12, 0x70, 0xBC,
    0xFC, 0xA9, 0xC4, 0x9D, 0x6F, 0xD4, 0x3B, 0x2C, 0x32, 0x72, 0xCA, 0x76, 0xC0, 0xD5, 0xCD, 0x92,
    0xD9, 0x39, 0xB4, 0x50, 0xA0, 0x6D, 0xF5, 0x5F, 0x55, 0x92, 0x7F, 0x6C, 0x94, 0xCC, 0x5B, 0x93,
    0x55, 0x4C, 0xAF, 0xD1, 0xF1, 0x80, 0x7B, 0x89, 0xB2, 0xDF, 0x77, 0x40, 0xF2, 0x6F, 0x29, 0x73,
    0x64, 0x75, 0x4D, 0xF1, 0xDB, 0x59, 0xF3, 0x6A, 0x21, 0xB5, 0xCF, 0x89, 0xD0, 0x0D, 0xF5, 0xBC,
    0x33, 0xE1, 0xE2, 0x36, 0x5A, 0xC8, 0xB5, 0xCF, 0xFB, 0xFD, 0xDA, 0x67, 0x52, 0xEE, 0x86, 0x43,
    0x6D, 0x36, 0x8C, 0x6E, 0xBB, 0xF4, 0x8E, 0xF7, 0x8A, 0x42, 0xFD, 0xFF, 0xBD, 0x58, 0x3D, 0x6C,
    0x1C, 0xC7, 0x15, 0x7E, 0xB3, 0x4B, 0x72, 0x13, 0x6D, 0x78, 0xCB, 0xC2, 0x2C, 0x82, 0x58, 0xBC,
    0x46, 0x85, 0x11, 0x93, 0xBC, 0x46, 0x09, 0x0E, 0xF0, 0xDE, 0xDD, 0x46, 0x2E, 0x5C, 0xB8, 0xD0,
    0x15, 0x3C, 0xA5, 0x60, 0x61, 0x17, 0x6A, 0x82, 0x20, 0xA6, 0x60, 0xB0, 0x38, 0x23, 0x84, 0xB8,
    0x86, 0xCB, 0x14, 0xBE, 0x00, 0x76, 0xD2, 0xAA, 0x70, 0x93, 0x23, 0x1C, 0x6E, 0x92, 0x05, 0x2C,
    0x07, 0x92, 0x6E, 0x00, 0x17, 0x29, 0x5C, 0x78, 0x1D, 0x20, 0x6D, 0xB2, 0xF9, 0x51, 0x23, 0x15,
    0x19, 0x02, 0x6B, 0x98, 0xA4, 0x79, 0x37, 0xF9, 0xDE, 0xEC, 0xDE, 0x91, 0x3A, 0x53, 0xE2, 0x51,
    0x3C, 0xE4, 0x76, 0xE6, 0xED, 0xCF, 0xCD, 0xBE, 0xF7, 0x66, 0xE6, 0xBD, 0xEF, 0xBD, 0xB7, 0x44,
    0xE4, 0x09, 0xBD, 0xBF, 0xE4, 0x3E, 0xEC, 0xF9, 0x65, 0x72, 0x33, 0x9F, 0xEC, 0xA4, 0x4D, 0x22,
    0x8D, 0x89, 0xD4, 0x78, 0xE7, 0xE7, 0xFC, 0x3F, 0xC6, 0x49, 0x8C, 0x27, 0xBC, 0x47, 0xF9, 0xCF,
    0x0D, 0x68, 0xCD, 0x25, 0x57, 0xBF, 0x41, 0x75, 0xE7, 0x88, 0xDA, 0xA4, 0x28, 0xC6, 0xA1, 0xCC,
    0x55, 0xDE, 0xF9, 0xDE, 0xC7, 0x55, 0x65, 0x3D, 0x21, 0x47, 0x07, 0xC5, 0x7B, 0xE4, 0xE1, 0xA1,
    0x73, 0x9D, 0xC9, 0x2F, 0x98, 0x64, 0x4C, 0x42, 0x26, 0xC1, 0x99, 0xC4, 0x25, 0x5A, 0xA2, 0x32,
    0x64, 0x3F, 0xBC, 0x47, 0x50, 0x25, 0x1D, 0xB2, 0x24, 0xA1, 0xD0, 0xD3, 0x36, 0x7D, 0x22, 0xDB,
    0xD4, 0x0B, 0x58, 0x74, 0x9B, 0xA2, 0xB1, 0xAE, 0xC8, 0xC7, 0xB0, 0xFA, 0xBA, 0x22, 0xAF, 0x7F,
    0x8B, 0xC6, 0x7E, 0xE9, 0xA6, 0x39, 0xD5, 0x72, 0x96, 0xE5, 0x30, 0xE7, 0x3A, 0xFA, 0x5B, 0x0F,
    0xC8, 0xD3, 0x9A, 0x0E, 0x77, 0xD3, 0x4B, 0xDD, 0x1E, 0x29, 0x81, 0x45, 0x58, 0x61, 0x86, 0x64,
    0xF8, 0x2E, 0x61, 0xA1, 0x70, 0x78, 0x64, 0x25, 0xE6, 0x84, 0xE9, 0xF0, 0xC9, 0x23, 0x73, 0x5A,
    0xC9, 0x4F, 0x6D, 0x3E, 0xAD, 0xA2, 0xF3, 0x7B, 0x18, 0x08, 0x2E, 0x99, 0x23, 0x09, 0x3C, 0x13,
    0xEF, 0x51, 0xB7, 0x90, 0x30, 0x5A, 0x24, 0xB2, 0xDF, 0x4D, 0xF0, 0x88, 0xBE, 0x0E, 0x21, 0x93,
    0x6E, 0x1B, 0x91, 0x33, 0x66, 0x0A, 0xAD, 0x26, 0x04, 0xBA, 0x5A, 0x31, 0x4F, 0xA1, 0x72, 0xA9,
    0xB9, 0xD0, 0x5C, 0xA6, 0x32, 0x0B, 0xCC, 0xA2, 0x62, 0x33, 0x3E, 0x65, 0x41, 0xB6, 0x64, 0x39,
    0xEE, 0x87, 0x4D, 0x23, 0x26, 0x1B, 0x0A, 0x89, 0x2E, 0xBB, 0x4C, 0x9D, 0x7B, 0x4C, 0x2D, 0x7E,
    0x1C, 0x51, 0x40, 0xA2, 0x19, 0xCD, 0xB6, 0xC8, 0x1B, 0x44, 0x0D, 0x2D, 0xEB, 0x8E, 0x22, 0x37,
    0x6C, 0x0B, 0xE6, 0x6A, 0xF8, 0x99, 0x99, 0xF2, 0x55, 0xC4, 0x9C, 0x29, 0x02, 0x67, 0xDC, 0xC1,
    0x18, 0xB6, 0x84, 0xC2, 0x3A, 0x34, 0xD6, 0x55, 0xAD, 0x15, 0xB8, 0xFD, 0x5B, 0xDB, 0x5A, 0xE6,
    0x32, 0x14, 0xD9, 0xF2, 0xBC, 0xFD, 0xB0, 0xFB, 0xAA, 0xD4, 0xFA, 0x55, 0x70, 0x00, 0x7B, 0x5E,
    0x4E, 0xAB, 0x47, 0x64, 0xED, 0x9B, 0x2D, 0x51, 0xE4, 0xF0, 0x98, 0x40, 0x19, 0xDE, 0x7C, 0x6F,
    0x87, 0x67, 0x75, 0xF0, 0x0B, 0xC1, 0x0F, 0xBB, 0x6A, 0x17, 0x1D, 0x3C, 0x69, 0x17, 0xAB, 0xDD,
    0x37, 0x3A, 0x56, 0x05, 0x55, 0x3D, 0xAA, 0xBA, 0x54, 0x1D, 0x5D, 0x3F, 0xB3, 0xD1, 0xB0, 0x89,
    0xDF, 0xE7, 0x6A, 0xD1, 0x3E, 0xAF, 0xFC, 0x11, 0x13, 0xCD, 0xE4, 0x71, 0x00, 0xF2, 0x6F, 0x09,
    0xB2, 0xA7, 0x40, 0x54, 0xC6, 0xC4, 0x67, 0xB2, 0xC4, 0xC4, 0xBB, 0x0E, 0x62, 0x7F, 0x01, 0x62,
    0x3D, 0x06, 0x21, 0xCD, 0x64, 0x9B, 0x49, 0x85, 0x0D, 0x04, 0xE6, 0x88, 0x6E, 0x31, 0xD9, 0xE5,
    0x55, 0x7C, 0x60, 0x94, 0x0C, 0x20, 0x43, 0xA4, 0x2C, 0x23, 0x61, 0x19, 0xC4, 0x32, 0x02, 0xC8,
    0x10, 0x29, 0x64, 0x88, 0x14, 0x32, 0x40, 0x7C, 0x26, 0x4B, 0x4C, 0xBC, 0xEB, 0x20, 0xF6, 0x17,
    0x20, 0xD6, 0x63, 0x10, 0xD2, 0x4C, 0xB6, 0x99, 0x54, 0x04, 0x73, 0x1E, 0x23, 0x2F, 0xB3, 0xA0,
    0xC6, 0xC8, 0xFE, 0x66, 0x88, 0x5D, 0x8D, 0x68, 0x9E, 0x6F, 0x16, 0x16, 0x69, 0xE6, 0xC7, 0x3A,
    0x29, 0x35, 0xAE, 0xA9, 0x12, 0x0C, 0x00, 0x3D, 0x2E, 0x55, 0x9F, 0xD1, 0xF1, 0xCA, 0xB0, 0x83,
    0x87, 0x75, 0x1F, 0x4B, 0x3E, 0x32, 0x39, 0x36, 0x56, 0xB8, 0x29, 0x64, 0x15, 0x52, 0x8C, 0xBF,
    0x51, 0x7E, 0xFF, 0x0A, 0x76, 0xE5, 0x4F, 0xF8, 0x6F, 0x2F, 0x81, 0x52, 0x29, 0x59, 0x32, 0x82,
    0x01, 0x6C, 0x92, 0xF3, 0xE1, 0x16, 0xAC, 0xB6, 0x4F, 0x4B, 0xAD, 0xB7, 0xE0, 0x4D, 0x6C, 0xDE,
    0x6E, 0xB0, 0x59, 0x98, 0x0A, 0xDE, 0x72, 0xAE, 0x49, 0xF1, 0x98, 0x08, 0x62, 0x5E, 0x20, 0x6A,
    0x01, 0x6A, 0xE4, 0xDC, 0x35, 0xE3, 0x66, 0xB0, 0xD1, 0x1D, 0xE5, 0x3D, 0x52, 0x70, 0x55, 0xA8,
    0x0D, 0xEF, 0x5F, 0x5D, 0x57, 0x6E, 0xE1, 0xFB, 0x91, 0xBF, 0xA2, 0x3C, 0xC9, 0x1E, 0xDE, 0xC8,
    0x7E, 0xD0, 0x71, 0xC2, 0xD3, 0x0E, 0xB7, 0xD3, 0x80, 0xDE, 0x71, 0x31, 0x52, 0xC0, 0x70, 0x4E,
    0x3B, 0x46, 0xF8, 0xC1, 0xE0, 0xC1, 0xC8, 0x51, 0xC0, 0x06, 0x43, 0x25, 0x43, 0x26, 0x43, 0xE7,
    0xF3, 0x41, 0x2C, 0x79, 0x4E, 0x68, 0xFF, 0x9D, 0xE8, 0x08, 0x5B, 0x40, 0xB4, 0x06, 0xB0, 0x0D,
    0xEA, 0x0E, 0xF8, 0xE0, 0xB5, 0x18, 0x00, 0x9B, 0x37, 0x5C, 0x63, 0x72, 0xC0, 0xD8, 0x63, 0x88,
    0x3D, 0x6D, 0x8D, 0x19, 0x41, 0x27, 0xEF, 0x9E, 0xC1, 0x59, 0x0F, 0x30, 0x6B, 0x1D, 0xA3, 0xAC,
    0x8B, 0xD9, 0xFE, 0xA3, 0xD0, 0x06, 0x07, 0x50, 0xF5, 0xB4, 0xC6, 0xEB, 0x0C, 0x90, 0x2D, 0x30,
    0xB6, 0x05, 0x38, 0xD1, 0x2A, 0x7F, 0x3F, 0xC0, 0xF5, 0x3F, 0xC1, 0xAD, 0x13, 0x4E, 0x45, 0xA3,
    0xB9, 0x6E, 0xE0, 0x6A, 0x66, 0x65, 0x59, 0xE4, 0xBC, 0x1E, 0x08, 0x31, 0xB1, 0x52, 0x54, 0x78,
    0x17, 0x83, 0xC0, 0xFC, 0xF4, 0x15, 0x63, 0x03, 0xF0, 0x98, 0x0D, 0xBD, 0xF9, 0x5C, 0xBA, 0x89,
    0x2F, 0xC1, 0x67, 0x1B, 0xBA, 0x54, 0xA6, 0xAF, 0xDB, 0xAC, 0x08, 0x9C, 0x5F, 0x05, 0x02, 0xB0,
    0x77, 0xF3, 0xF9, 0xD6, 0x8D, 0xF7, 0x72, 0xAB, 0x70, 0xEE, 0x29, 0xEB, 0x26, 0x72, 0xB8, 0x87,
    0x84, 0x2B, 0xE7, 0xD6, 0x6D, 0xB6, 0x49, 0xDB, 0x03, 0xBA, 0x09, 0xF7, 0x03, 0x0B, 0xC1, 0xF0,
    0xA1, 0x75, 0x7A, 0x70, 0x23, 0x55, 0x22, 0x69, 0xDB, 0xB2, 0xFE, 0x06, 0x42, 0x12, 0x9D, 0x61,
    0x8F, 0x17, 0x41, 0x21, 0xAB, 0x1B, 0xDA, 0x26, 0xE0, 0x59, 0xD7, 0x02, 0xFB, 0x33, 0xC9, 0x53,
    0x99, 0x14, 0x88, 0x28, 0x57, 0xA8, 0xD5, 0x1C, 0x03, 0xDD, 0x29, 0x29, 0xC4, 0x66, 0xE8, 0xE7,
    0x53, 0x9F, 0x58, 0x21, 0x4E, 0x78, 0x18, 0xB0, 0x17, 0x9B, 0xA3, 0x5B, 0xA8, 0x68, 0xFD, 0xF7,
    0xD1, 0x1D, 0xB2, 0x3F, 0x07, 0xC8, 0xB8, 0xAF, 0x83, 0x78, 0x88, 0xF9, 0xB4, 0xC2, 0xC4, 0x77,
    0xF1, 0xC7, 0x26, 0x52, 0x12, 0xFA, 0x6A, 0x9D, 0x97, 0x17, 0x38, 0x64, 0xFF, 0x0D, 0x57, 0x00,
    0xD0, 0x00, 0x6A, 0x81, 0x2C, 0x11, 0x86, 0x40, 0xBD, 0xE1, 0xCA, 0x7B, 0x0C, 0x55, 0xC8, 0x31,
    0x00, 0x6A, 0xA2, 0x89, 0xBB, 0xF7, 0xFB, 0xF4, 0x5D, 0xBB, 0xEF, 0xE1, 0x61, 0x66, 0x2C, 0xC0,
    0x96, 0x62, 0xE7, 0x70, 0x47, 0x7A, 0x8F, 0x0E, 0xBB, 0x61, 0x8D, 0xD5, 0xF5, 0x0D, 0xE1, 0x50,
    0xBB, 0xBA, 0xBE, 0x71, 0x23, 0x74, 0xFB, 0xEE, 0x89, 0x54, 0x89, 0x7A, 0x03, 0x72, 0x0E, 0x36,
    0x88, 0xDF, 0xAF, 0xE5, 0x33, 0x46, 0x4E, 0x52, 0x74, 0xA1, 0xC3, 0x98, 0x76, 0xD0, 0xED, 0xB0,
    0x4D, 0x5A, 0xD5, 0x68, 0x27, 0x2D, 0x07, 0x76, 0xE8, 0x1E, 0xFC, 0x3C, 0xC4, 0x7B, 0x86, 0x89,
    0x68, 0x2E, 0x78, 0x83, 0x5B, 0xC8, 0x74, 0x60, 0x53, 0x11, 0x07, 0xE1, 0x08, 0x2D, 0x32, 0x26,
    0x56, 0xB3, 0x54, 0x79, 0x10, 0x89, 0x8F, 0x22, 0x5A, 0xCC, 0x68, 0xBB, 0x8F, 0x84, 0xAB, 0xBE,
    0x93, 0x94, 0x07, 0x23, 0xC9, 0x11, 0x12, 0x86, 0x1A, 0x54, 0xF3, 0xE4, 0x71, 0xB6, 0x78, 0x96,
    0x36, 0x46, 0x23, 0x3B, 0xDC, 0x42, 0xAF, 0xA1, 0xB3, 0x36, 0x8E, 0xD1, 0x66, 0x34, 0xA5, 0x92,
    0x13, 0x00, 0xF6, 0x39, 0xC9, 0x5C, 0x78, 0x42, 0xB9, 0x78, 0xA8, 0x1C, 0x1A, 0xAE, 0x91, 0x71,
    0x55, 0x78, 0xDB, 0x22, 0x4E, 0xDB, 0x38, 0x17, 0x4A, 0xEB, 0xBB, 0x72, 0xA4, 0x1C, 0x33, 0xF9,
    0xD8, 0x30, 0x69, 0xE6, 0x7E, 0x9B, 0x29, 0xC4, 0x05, 0x37, 0x50, 0xAB, 0x1C, 0x72, 0xF6, 0x52,
    0xFA, 0x5A, 0x12, 0x1C, 0x6F, 0x3F, 0x03, 0x23, 0xE2, 0x87, 0x5E, 0x80, 0x75, 0x57, 0x9C, 0x52,
    0xDE, 0xE5, 0x17, 0x10, 0x55, 0x68, 0x65, 0x6C, 0x6A, 0x76, 0x38, 0xDE, 0x67, 0xD0, 0xFD, 0x3C,
    0xCB, 0x7A, 0x4F, 0x92, 0xFD, 0x3E, 0x9E, 0x71, 0xB8, 0xD7, 0xE8, 0x9F, 0xC3, 0x17, 0xDF, 0x4B,
    0x8A, 0x0C, 0x8C, 0x67, 0xBB, 0x7A, 0xF1, 0xB0, 0xE8, 0x16, 0xDE, 0xF1, 0x22, 0x1B, 0x11, 0x14,
    0x98, 0x0B, 0x27, 0x8B, 0x8B, 0x9B, 0x26, 0xA5, 0x4A, 0x38, 0x4F, 0xA3, 0x97, 0x8E, 0x2D, 0xBC,
    0xD5, 0xBC, 0xB8, 0x4A, 0x28, 0x4C, 0x0C, 0x18, 0xB2, 0x5A, 0x5E, 0x07, 0x08, 0x10, 0x16, 0x16,
    0x2E, 0x5A, 0xCF, 0xA9, 0x1B, 0xF2, 0x19, 0x0B, 0x71, 0xF6, 0x9E, 0x89, 0xFA, 0x40, 0x00, 0x9D,
    0xFD, 0xB0, 0x9B, 0x71, 0x6D, 0x01, 0x4F, 0x82, 0x45, 0xE1, 0xF2, 0x2B, 0xAC, 0x30, 0xB0, 0x20,
    0x1B, 0x7A, 0x37, 0xDA, 0xDD, 0x77, 0x7E, 0xAA, 0x2A, 0xBA, 0x40, 0x32, 0xA4, 0xF5, 0xCE, 0xC7,
    0xC4, 0x09, 0x7D, 0x93, 0x16, 0x5B, 0x01, 0x72, 0xF1, 0xC5, 0x75, 0x59, 0xC4, 0x24, 0x65, 0x38,
    0xFD, 0x87, 0xE6, 0x7A, 0xF0, 0x50, 0x69, 0x92, 0x3F, 0xD3, 0x70, 0x61, 0xCB, 0x3F, 0xEF, 0x06,
    0x1B, 0xC3, 0xEC, 0x63, 0x05, 0xAE, 0x8B, 0x6D, 0x83, 0x09, 0x04, 0xA6, 0xA5, 0x13, 0x35, 0xB0,
    0x79, 0x39, 0x29, 0x12, 0xC9, 0xFF, 0x5B, 0xD5, 0xA4, 0x8D, 0xD1, 0x73, 0xA5, 0x44, 0xB9, 0x98,
    0x29, 0x56, 0x4A, 0x51, 0xEE, 0xE8, 0x63, 0x74, 0xBA, 0x35, 0x52, 0xFE, 0xCB, 0x38, 0x73, 0x83,
    0xE3, 0x9C, 0x03, 0xD9, 0xCE, 0xC6, 0x92, 0x62, 0xD7, 0x37, 0xC7, 0x81, 0x6E, 0x72, 0x2C, 0x51,
    0x4F, 0x1E, 0x33, 0xE8, 0x1E, 0xF7, 0xC3, 0xAE, 0xC2, 0xDA, 0xE7, 0xD7, 0x63, 0x7D, 0x49, 0xD1,
    0xED, 0xFB, 0x8A, 0xCA, 0xC3, 0xAC, 0xFF, 0x5F, 0x3A, 0xFC, 0xE6, 0xB7, 0x28, 0x8F, 0xB2, 0x8C,
    0xCD, 0xBF, 0x6A, 0x1A, 0x2E, 0xE0, 0x10, 0xCA, 0x80, 0x92, 0x54, 0x15, 0xDA, 0xDB, 0x27, 0xD8,
    0xF4, 0x80, 0xF2, 0xBD, 0x3E, 0x6E, 0xC7, 0x05, 0x3E, 0x66, 0xBD, 0x5C, 0xE4, 0xB3, 0x28, 0x85,
    0x50, 0x08, 0xA1, 0x0C, 0x42, 0x11, 0x84, 0x12, 0x08, 0x05, 0x10, 0xCA, 0x1F, 0x14, 0x3F, 0x28,
    0x7D, 0x50, 0xF8, 0xA0, 0xEC, 0x41, 0xD1, 0x83, 0x92, 0x07, 0x05, 0x8F, 0x32, 0x59, 0x94, 0x9D,
    0x18, 0x5E, 0x55, 0x7E, 0x1D, 0xD5, 0x0C, 0x8A, 0x19, 0xD4, 0x32, 0x1C, 0xF9, 0x28, 0xAE, 0x9E,
    0xD6, 0x72, 0xB4, 0x4B, 0xCC, 0x57, 0x0E, 0xFA, 0x0E, 0xE5, 0xA9, 0xD8, 0xDB, 0xD8, 0xAD, 0x3B,
    0xE8, 0xBF, 0x2C, 0x52, 0x33, 0x0E, 0xCB, 0x7F, 0x2C, 0xC2, 0x72, 0xC2, 0x41, 0x97, 0xB7, 0xA2,
    0x8A, 0x50, 0x77, 0x0F, 0xAA, 0x0D, 0x46, 0x21, 0xB9, 0x6D, 0x42, 0xB2, 0x65, 0xB6, 0x1A, 0x98,
    0x55, 0x33, 0xBC, 0x51, 0xD2, 0x7D, 0x66, 0x9A, 0x3E, 0x7F, 0x6C, 0x36, 0xAB, 0xC2, 0x96, 0x62,
    0xB0, 0xE7, 0xC4, 0x6F, 0xCA, 0x51, 0x9A, 0x4D, 0xA7, 0x48, 0x1E, 0x8C, 0xE1, 0x07, 0xD3, 0x8A,
    0xD7, 0xFC, 0xA7, 0x29, 0xEC, 0x47, 0xCF, 0x02, 0xA1, 0xBF, 0x61, 0x48, 0x0D, 0xCA, 0x54, 0x06,
    0x04, 0x37, 0x00, 0x98, 0x7F, 0x48, 0x63, 0xAC, 0x6A, 0x8C, 0xF0, 0x11, 0xC3, 0x55, 0x63, 0xAC,
    0x06, 0x36, 0x46, 0xB5, 0x15, 0x2C, 0x53, 0x02, 0x82, 0x43, 0x57, 0x7A, 0x80, 0xE0, 0x15, 0xBD,
    0x3F, 0xAA, 0x22, 0x3D, 0x86, 0x97, 0xDC, 0xD2, 0x69, 0xED, 0x4D, 0x4C, 0x83, 0x81, 0xD7, 0x51,
    0x71, 0x29, 0x56, 0x7E, 0x5B, 0x45, 0xED, 0xBD, 0xA4, 0xFD, 0x89, 0x8C, 0x1B, 0x06, 0x78, 0x1B,
    0x3A, 0x58, 0x28, 0xAA, 0x9A, 0xEB, 0x50, 0xE6, 0x2F, 0xD8, 0xCA, 0x2F, 0x4F, 0x38, 0xE3, 0xC5,
    0x0A, 0xD2, 0x55, 0xDC, 0x7B, 0x08, 0x7E, 0x01, 0x2F, 0xD9, 0x84, 0x5B, 0xFB, 0x7D, 0xDE, 0x3F,
    0x48, 0x91, 0xBC, 0xD4, 0x0B, 0x17, 0xD7, 0xE2, 0x67, 0x48, 0xAB, 0x43, 0xFB, 0x27, 0x92, 0xB7,
    0x6D, 0x62, 0xEB, 0xF2, 0xDB, 0xB4, 0xB4, 0x42, 0x8E, 0x5B, 0x44, 0xFC, 0x86, 0x4E, 0xEA, 0xDD,
    0x8E, 0x7F, 0x22, 0xCA, 0xD4, 0xBB, 0x21, 0x00, 0xEF, 0xE4, 0x13, 0xF3, 0xB0, 0x83, 0x91, 0x18,
    0xDF, 0xCE, 0x68, 0x19, 0x4A, 0xCC, 0x9B, 0xB7, 0x39, 0xF4, 0x51, 0xDD, 0x91, 0x6D, 0x2B, 0x89,
    0x28, 0x1D, 0xEC, 0xA8, 0x41, 0xF7, 0x4E, 0xEE, 0xC4, 0x78, 0xA5, 0xF2, 0x1B, 0x84, 0x3E, 0x5E,
    0x2A, 0xD1, 0x61, 0x4F, 0x7E, 0xA9, 0x34, 0xB2, 0xE0, 0xE0, 0xB0, 0x1B, 0x9C, 0x74, 0xFF, 0x43,
    0x80, 0xBC, 0x1E, 0xC7, 0x04, 0x8C, 0xC1, 0x48, 0xF1, 0x11, 0xB9, 0x03, 0x9A, 0x77, 0x68, 0x46,
    0x4C, 0x2A, 0x8E, 0xE7, 0x88, 0xD2, 0xE3, 0x32, 0xD9, 0xAF, 0x0D, 0x53, 0x1A, 0xF0, 0xF9, 0x94,
    0x03, 0xD2, 0x19, 0xED, 0x53, 0x1E, 0x09, 0x7E, 0x30, 0xA5, 0xD2, 0x8B, 0xC6, 0x19, 0xD2, 0xD3,
    0x8E, 0xB9, 0xA0, 0xA1, 0x22, 0x13, 0xC5, 0x9F, 0xFD, 0x59, 0x01, 0xE3, 0xB2, 0x5B, 0xCB, 0xAC,
    0xF9, 0xD3, 0x3F, 0x2A, 0x70, 0x06, 0x25, 0xFE, 0x0A, 0xB5, 0xA3, 0x74, 0x64, 0x13, 0x53, 0xF8,
    0xA8, 0xC0, 0x9B, 0xBC, 0x3C, 0xDC, 0xE4, 0x09, 0x3F, 0x2A, 0xCC, 0x81, 0x02, 0x4A, 0x29, 0xBD,
    0x9A, 0xC3, 0xC0, 0x34, 0x34, 0xB9, 0xC9, 0x69, 0xE2, 0x25, 0x3B, 0x98, 0xA1, 0x73, 0x7C, 0xDB,
    0xC0, 0xEE, 0x95, 0x2E, 0xA3, 0x34, 0x2C, 0xE6, 0xD2, 0x18, 0x04, 0xF5, 0x5D, 0xB0, 0xCF, 0x7C,
    0x6A, 0x9B, 0x16, 0xC3, 0xA2, 0x61, 0xA1, 0x0D, 0x0D, 0xBC, 0x0B, 0x7C, 0x5B, 0xFA, 0x56, 0x6A,
    0x60, 0x7E, 0xCB, 0x37, 0xC0, 0x0B, 0x8E, 0x6C, 0xA1, 0x25, 0x9E, 0xFA, 0xCC, 0x2C, 0xCD, 0x6F,
    0x53, 0xE9, 0x21, 0x47, 0x57, 0xCF, 0xE4, 0x70, 0xDF, 0x6E, 0xB9, 0x79, 0x2E, 0x5F, 0x1A, 0x9A,
    0xE7, 0x01, 0x1D, 0xF6, 0x42, 0x65, 0x27, 0x40, 0x21, 0x6E, 0x88, 0x5D, 0x8E, 0x84, 0x79, 0xEA,
    0x23, 0x62, 0x87, 0x02, 0x4E, 0xB9, 0xE1, 0x30, 0x89, 0xCE, 0x44, 0xA7, 0xBC, 0x7F, 0xF5, 0x7B,
    0xA8, 0x5F, 0x5F, 0xF8, 0xD1, 0xD1, 0x2B, 0x1F, 0xD4, 0x60, 0x87, 0xD5, 0x27, 0x8E, 0xA7, 0x81,
    0xCF, 0x14, 0xBE, 0xD4, 0xF8, 0x5B, 0xC3, 0x55, 0x9A, 0xBC, 0xB8, 0x3F, 0x05, 0x80, 0x2E, 0xAC,
    0x49, 0xBE, 0xC5, 0x26, 0x23, 0x9E, 0xFC, 0x1B, 0x83, 0xAB, 0xC3, 0xFA, 0xBA, 0xBC, 0x6B, 0x82,
    0x4E, 0x6C, 0x3E, 0x36, 0x54, 0x3A, 0xE4, 0xA0, 0x7C, 0xAF, 0x84, 0x1C, 0x92, 0x45, 0x9E, 0xAA,
    0x26, 0x07, 0x1B, 0x61, 0x2F, 0xAF, 0xE9, 0x3B, 0x5C, 0xF0, 0x23, 0xBE, 0x5A, 0x9C, 0xE1, 0xC0,
    0x24, 0x28, 0x9E, 0xA5, 0xDC, 0xF5, 0x1B, 0x21, 0x39, 0xB0, 0xB6, 0xDB, 0xC5, 0xD7, 0xDA, 0x87,
    0x6F, 0x51, 0xCF, 0x18, 0x9F, 0x08, 0x79, 0x3C, 0x12, 0x2D, 0x8B, 0x21, 0xA7, 0xDF, 0x7D, 0xF0,
    0x3B, 0x1A, 0xC3, 0xB4, 0xA7, 0x35, 0x32, 0x39, 0x3A, 0x2E, 0xAE, 0x72, 0x6E, 0x3D, 0x87, 0x82,
    0xC4, 0x5B, 0xEB, 0x1D, 0x79, 0xF4, 0xE4, 0xE1, 0x7E, 0x60, 0x1F, 0x61, 0xE4, 0x1D, 0x4A, 0x2C,
    0x69, 0x05, 0xC5, 0x9C, 0x6E, 0xA8, 0x05, 0xD6, 0xA9, 0xCD, 0x9A, 0x21, 0x9D, 0x29, 0x4B, 0x00,
    0xB4, 0xF5, 0x6B, 0x65, 0x9E, 0xE4, 0xCC, 0xB7, 0x38, 0x07, 0x44, 0xC2, 0x5D, 0x91, 0x6E, 0x9F,
    0x1A, 0x1D, 0xBA, 0x02, 0x4D, 0xD7, 0xA8, 0xA2, 0xE9, 0x8A, 0x6B, 0xBE, 0x6B, 0xA0, 0x21, 0x49,
    0xDE, 0x20, 0x67, 0x40, 0xD6, 0x6B, 0x92, 0x53, 0x80, 0xBC, 0xE1, 0x79, 0x99, 0xBF, 0xE9, 0x6C,
    0xA7, 0xF4, 0xCE, 0xD0, 0x04, 0x8A, 0x22, 0xE2, 0x7E, 0xB1, 0x97, 0xC8, 0x84, 0xC7, 0xDA, 0x61,
    0xF7, 0x81, 0xD6, 0x83, 0x6F, 0x3F, 0x37, 0x89, 0x39, 0x74, 0x5C, 0x9E, 0xA0, 0xFC, 0x7B, 0xB7,
    0x49, 0xF6, 0xEE, 0x11, 0xD9, 0x59, 0x05, 0x3A, 0x20, 0xE2, 0x49, 0x97, 0x4B, 0xEB, 0xA7, 0xF6,
    0xFF, 0x01, 0xAD, 0x58, 0x4D, 0x8C, 0x1B, 0xE5, 0x19, 0x7E, 0xC6, 0x93, 0xCD, 0x40, 0x26, 0xEB,
    0xF1, 0x61, 0x4D, 0xAB, 0x26, 0x59, 0xE7, 0x90, 0x4A, 0x21, 0xF1, 0xC6, 0x5B, 0x69, 0x41, 0x13,
    0x98, 0xB5, 0xBF, 0x50, 0x89, 0xA8, 0x42, 0x6A, 0x5D, 0x29, 0x0E, 0x87, 0xAD, 0x0A, 0x87, 0x5E,
    0x7A, 0x21, 0x56, 0x65, 0x24, 0x23, 0x6D, 0xE2, 0xB9, 0x83, 0xE8, 0x1E, 0x0A, 0x1C, 0x59, 0xA9,
    0x87, 0x8A, 0x8D, 0xD4, 0xB8, 0x92, 0x0B, 0x01, 0x25, 0xEB, 0x49, 0x2F, 0xBD, 0x54, 0xED, 0xB4,
    0x2A, 0x05, 0xF5, 0x47, 0x1A, 0x41, 0x50, 0x53, 0x84, 0xDA, 0xA1, 0x38, 0xC2, 0x49, 0xBD, 0x3B,
    0x7D, 0xDE, 0x6F, 0xEC, 0x5D, 0xEF, 0x5F, 0x80, 0xD2, 0xF9, 0x7E, 0xFC, 0xFD, 0xFF, 0xBE, 0xEF,
    0xF3, 0x3E, 0x9F, 0x73, 0x79, 0xFC, 0x28, 0x09, 0x5A, 0x8F, 0x45, 0x8B, 0x88, 0x9B, 0x88, 0x9A,
    0x66, 0xD8, 0x4A, 0xD4, 0xA5, 0x2A, 0x9A, 0x80, 0x0B, 0x94, 0x17, 0x94, 0xB3, 0x0E, 0x7E, 0x46,
    0x35, 0xE7, 0xAC, 0xB7, 0xCB, 0x56, 0xDC, 0x34, 0xE2, 0x0E, 0xE2, 0x58, 0x7C, 0x9B, 0x9E, 0xE9,
    0x45, 0x23, 0xAE, 0x2C, 0xF4, 0xED, 0xB5, 0x32, 0x9B, 0xE5, 0x26, 0xD4, 0xF5, 0x6E, 0x5C, 0x08,
    0xAF, 0x39, 0x98, 0xC9, 0x62, 0x3A, 0x8B, 0x6C, 0x16, 0x0E, 0x13, 0x0E, 0xBD, 0xF2, 0x9C, 0x0F,
    0xFA, 0x93, 0xAD, 0x08, 0xFA, 0x2B, 0xF8, 0x28, 0x2B, 0x99, 0x42, 0xFC, 0x14, 0x1E, 0x49, 0x82,
    0xCA, 0x63, 0xB1, 0x87, 0x8E, 0x87, 0xA6, 0x0B, 0xD7, 0x85, 0xC7, 0x98, 0xE9, 0x79, 0xC4, 0x95,
    0x57, 0xA2, 0x6F, 0x24, 0x3E, 0xBB, 0x4C, 0x54, 0x51, 0x19, 0x60, 0xAA, 0x04, 0xD8, 0x3E, 0xCC,
    0x60, 0xD3, 0x5B, 0x3E, 0x1C, 0x9C, 0xBE, 0x84, 0x4A, 0x4F, 0x0F, 0x7D, 0x0E, 0x76, 0xA2, 0x4A,
    0x8F, 0xC3, 0x03, 0x3A, 0xDA, 0xB7, 0xA7, 0xF0, 0x7A, 0xA2, 0x5A, 0xAF, 0x04, 0xF3, 0x99, 0xA0,
    0xB2, 0x10, 0xBC, 0x91, 0x60, 0x39, 0x5D, 0x04, 0xDA, 0x5B, 0x82, 0x51, 0x6D, 0x83, 0xBB, 0x04,
    0xB7, 0x09, 0xEE, 0x93, 0x5D, 0xE3, 0xA1, 0x6B, 0xEB, 0x20, 0x79, 0xEE, 0x16, 0xA5, 0x85, 0x18,
    0xF6, 0x5A, 0x7B, 0x5B, 0xFF, 0x8B, 0x0A, 0x28, 0x29, 0x6C, 0x7C, 0x5C, 0x27, 0x56, 0xBF, 0xF0,
    0xD8, 0x15, 0x3D, 0x76, 0x1D, 0xE9, 0xA1, 0xA3, 0xB0, 0x8E, 0x79, 0xDB, 0xEF, 0x98, 0x41, 0x6C,
    0x84, 0x77, 0x2F, 0x47, 0x2B, 0x97, 0x23, 0x18, 0x11, 0x32, 0x21, 0xB7, 0xFD, 0xDC, 0x05, 0x55,
    0x59, 0x43, 0x7A, 0x2E, 0xAD, 0x75, 0xFC, 0xA0, 0xA0, 0x0F, 0xC5, 0x08, 0xD9, 0x20, 0x49, 0xA2,
    0x3B, 0xE7, 0x23, 0x76, 0x69, 0x9A, 0x41, 0xF9, 0x29, 0x65, 0x8F, 0x9A, 0x49, 0x3B, 0xDD, 0x50,
    0x5A, 0xC2, 0x48, 0xB8, 0xC8, 0x04, 0x87, 0xEE, 0xFE, 0xFD, 0xDD, 0xF5, 0x33, 0xEF, 0xAD, 0xB1,
    0x79, 0x8E, 0xED, 0xC1, 0x0E, 0x48, 0x7B, 0xF0, 0xAB, 0xF1, 0x2C, 0x83, 0x69, 0xC3, 0x2F, 0x02,
    0x33, 0x3C, 0xF7, 0x7F, 0xC0, 0x5A, 0x93, 0x84, 0xA7, 0x7D, 0xE9, 0x7C, 0xC8, 0x5A, 0x59, 0xE8,
    0x39, 0x54, 0x12, 0x1C, 0xB3, 0x86, 0x17, 0x92, 0x59, 0x85, 0xC9, 0x89, 0x98, 0xE5, 0x42, 0x33,
    0xE1, 0x73, 0x0B, 0x41, 0x25, 0x15, 0xA2, 0x73, 0x90, 0x76, 0x6C, 0xF8, 0x11, 0x57, 0xC0, 0x29,
    0xCC, 0xDF, 0xED, 0xCB, 0xAC, 0xDA, 0x7D, 0x73, 0xDD, 0x58, 0x92, 0xD6, 0xD2, 0x5C, 0x02, 0x3B,
    0x20, 0xED, 0x31, 0x5C, 0x41, 0x58, 0x3A, 0x13, 0x2F, 0xA2, 0xD3, 0xA1, 0xC8, 0x9D, 0x0C, 0xE3,
    0x56, 0x18, 0x4B, 0x5A, 0xC4, 0xA3, 0xF4, 0x72, 0x6C, 0x69, 0xD9, 0x80, 0x42, 0x94, 0x3A, 0xBB,
    0x6F, 0x0F, 0x46, 0xE9, 0xD4, 0x19, 0xD1, 0xC9, 0xB0, 0xA2, 0xBE, 0xC8, 0xB5, 0xB4, 0x77, 0x5C,
    0xCB, 0xA9, 0x2D, 0x57, 0x1E, 0x43, 0x6E, 0xA1, 0x7C, 0x25, 0x90, 0xFB, 0xC1, 0x86, 0x7E, 0xD4,
    0x45, 0x3F, 0x90, 0xEA, 0x47, 0x7B, 0x5C, 0x3F, 0x28, 0x30, 0xBA, 0x73, 0x5B, 0xBA, 0x1A, 0x11,
    0x3B, 0x0E, 0xFB, 0xE9, 0xE3, 0x2D, 0x9D, 0xF1, 0x17, 0xB5, 0x9C, 0xC6, 0x13, 0x2A, 0x2E, 0xF1,
    0xDA, 0xA2, 0x8E, 0x11, 0x2D, 0x1A, 0x51, 0xE9, 0x7C, 0x64, 0x25, 0x4B, 0xA2, 0x55, 0xC8, 0x75,
    0xD0, 0x71, 0x11, 0x7B, 0x46, 0x38, 0x6D, 0x06, 0x8E, 0xE5, 0x5B, 0x4F, 0xC0, 0xFC, 0x2D, 0x32,
    0x3C, 0xC6, 0x3E, 0xD0, 0x83, 0x31, 0x40, 0xE6, 0x6F, 0x30, 0x5F, 0xD4, 0xFE, 0x9F, 0x52, 0x38,
    0x85, 0x89, 0x32, 0xCA, 0xB6, 0xEA, 0x98, 0x37, 0x22, 0x7C, 0x12, 0xA0, 0x05, 0xCC, 0x43, 0xE2,
    0x4F, 0x15, 0xDE, 0xF7, 0xF1, 0xA9, 0x2F, 0x69, 0x3D, 0x72, 0x13, 0xED, 0xDD, 0x3C, 0xE7, 0xA2,
    0x5A, 0x6F, 0x2C, 0x7B, 0xC3, 0x3F, 0xBD, 0x5D, 0x77, 0xF3, 0x1B, 0xBA, 0x2B, 0xEA, 0xEB, 0xEE,
    0xE6, 0xFF, 0xA7, 0x2E, 0x23, 0xBF, 0x9F, 0x07, 0x4F, 0xB1, 0xC0, 0x3E, 0x14, 0x30, 0xA9, 0x7F,
    0xB3, 0x43, 0xD7, 0xF5, 0xBB, 0x41, 0x76, 0x23, 0x97, 0x23, 0x64, 0x6D, 0x75, 0x2E, 0xE6, 0x55,
    0x81, 0x70, 0x93, 0x57, 0x95, 0xD8, 0x56, 0x5B, 0xDD, 0x21, 0xBF, 0x15, 0x9B, 0xC1, 0xA6, 0xB3,
    0x6E, 0xB4, 0xFE, 0xFC, 0xD3, 0xC1, 0x78, 0x09, 0x25, 0x39, 0xC6, 0xB8, 0x3F, 0x40, 0xE5, 0x8C,
    0xE1, 0xC6, 0x22, 0xC2, 0x87, 0x12, 0x6C, 0xAB, 0xA5, 0x77, 0x3F, 0x87, 0xF3, 0x50, 0xAE, 0x3A,
    0x91, 0x3E, 0x86, 0x2D, 0xE1, 0x74, 0x4D, 0x54, 0x68, 0x9D, 0xBF, 0x8B, 0x90, 0xED, 0xBB, 0x54,
    0x03, 0xD7, 0xE6, 0x89, 0x4D, 0xB3, 0xBE, 0xEC, 0xC3, 0x3D, 0xD9, 0x97, 0xFD, 0x30, 0x38, 0x3A,
    0x60, 0x23, 0xCC, 0xC0, 0x5A, 0xE9, 0x23, 0x93, 0x84, 0x48, 0x2F, 0x54, 0x19, 0xDC, 0x7A, 0x64,
    0x06, 0x9F, 0x11, 0x19, 0x8C, 0xBC, 0x4C, 0x6C, 0x13, 0x1F, 0xAE, 0x5F, 0x08, 0x9C, 0x41, 0xE9,
    0xDF, 0xC1, 0x97, 0x1C, 0xE0, 0x13, 0x19, 0xC0, 0xDC, 0x2B, 0xE2, 0xC8, 0x79, 0x22, 0xF3, 0xC3,
    0xC9, 0xF3, 0x09, 0x2A, 0xDF, 0x5C, 0xB3, 0x7D, 0x5E, 0x3E, 0x07, 0x90, 0xC8, 0xFD, 0xEC, 0x68,
    0xE7, 0x78, 0x27, 0x45, 0xEB, 0x2B, 0x43, 0xE5, 0x23, 0x50, 0x9A, 0x17, 0xD6, 0x60, 0xF6, 0x4A,
    0xAC, 0x74, 0x18, 0x6C, 0x65, 0xFA, 0xF7, 0x0A, 0x1C, 0x84, 0x81, 0x76, 0x03, 0x04, 0x3B, 0x0D,
    0x07, 0xC3, 0x15, 0x72, 0x81, 0x21, 0x28, 0x9A, 0xBC, 0x28, 0x09, 0x9D, 0xF4, 0x32, 0xF6, 0x08,
    0xD8, 0x08, 0x0D, 0x86, 0x79, 0xA5, 0xC5, 0x9C, 0xDF, 0x14, 0x72, 0x65, 0x34, 0x2A, 0x68, 0x3C,
    0x1A, 0x34, 0x1E, 0x09, 0x1B, 0x6E, 0xDC, 0x70, 0x9B, 0x0D, 0x77, 0x66, 0xCE, 0x75, 0x1A, 0xAE,
    0xD5, 0x73, 0x33, 0x3D, 0x97, 0x3A, 0xAB, 0xAD, 0x54, 0xD9, 0x0A, 0x35, 0x60, 0x74, 0xEE, 0xAE,
    0x5C, 0x4D, 0x92, 0x3E, 0x31, 0xA8, 0x23, 0x26, 0x30, 0x2E, 0x3D, 0x19, 0x5A, 0x89, 0x86, 0xAC,
    0x73, 0x79, 0xC1, 0x88, 0x6E, 0x42, 0x84, 0xBA, 0x53, 0xC3, 0x22, 0x3B, 0x72, 0x42, 0xC1, 0x0A,
    0x5C, 0x7A, 0x8D, 0x11, 0x01, 0x3D, 0x96, 0xD9, 0x75, 0x99, 0x27, 0xB5, 0xA5, 0x85, 0xBB, 0x2B,
    0xB0, 0xD6, 0x5B, 0xC9, 0x70, 0x53, 0x79, 0x45, 0xE1, 0x58, 0x83, 0xB3, 0x54, 0xF0, 0xE7, 0x61,
    0x72, 0x3A, 0xC4, 0x6D, 0x9B, 0x08, 0x65, 0x13, 0x9F, 0x18, 0x98, 0x6E, 0x37, 0x1D, 0x15, 0x97,
    0x9F, 0x79, 0x27, 0x74, 0x7A, 0x29, 0x96, 0x6A, 0x3D, 0xCB, 0x8E, 0x85, 0x53, 0x0A, 0x56, 0xD2,
    0x43, 0xE9, 0xFB, 0x97, 0xE0, 0x65, 0x09, 0x2A, 0x59, 0xDA, 0xA3, 0xB1, 0xC0, 0xBC, 0xEF, 0x65,
    0x1D, 0x55, 0xF8, 0xF9, 0x75, 0xCE, 0x75, 0x13, 0xA0, 0xD0, 0xEE, 0x08, 0xE9, 0xE7, 0x6D, 0x71,
    0x8B, 0x18, 0x2C, 0x5C, 0x5B, 0x2D, 0xEE, 0x28, 0xDF, 0xAD, 0x05, 0x46, 0x56, 0x67, 0x9B, 0x27,
    0x74, 0x0E, 0xB0, 0x70, 0x0D, 0xAB, 0xE3, 0x85, 0xA7, 0xC8, 0x08, 0x44, 0x4A, 0x72, 0x53, 0x0F,
    0x0D, 0x1E, 0xFD, 0xC9, 0x3C, 0x8B, 0xF6, 0x52, 0xC8, 0x7B, 0xB7, 0xA1, 0xBA, 0x2E, 0x39, 0xD4,
    0x2C, 0x43, 0x95, 0x08, 0x55, 0xCD, 0x1D, 0x2E, 0x8F, 0x6E, 0x90, 0x09, 0x8D, 0x68, 0x6F, 0xC7,
    0x0B, 0x20, 0x6D, 0x49, 0xFC, 0xD3, 0x4F, 0x86, 0x94, 0x64, 0xF1, 0x99, 0x88, 0xD9, 0xF2, 0x75,
    0xB8, 0xD4, 0x64, 0xCB, 0xA7, 0xA2, 0xB3, 0x90, 0x38, 0x2C, 0x55, 0x94, 0x76, 0xDB, 0x67, 0x39,
    0x8D, 0x5F, 0x25, 0x09, 0x5C, 0x23, 0xD2, 0x5D, 0xA2, 0xF2, 0xE5, 0xB0, 0x92, 0x28, 0x0A, 0x39,
    0xCB, 0x3B, 0x13, 0x02, 0x36, 0xBC, 0xEC, 0x8A, 0x0F, 0x8B, 0xE0, 0x7F, 0x49, 0xA3, 0x80, 0x83,
    0x0F, 0x9E, 0x41, 0xD2, 0x1F, 0x42, 0xD1, 0x9B, 0x0A, 0x95, 0x60, 0x78, 0xE0, 0x03, 0xF3, 0x96,
    0xE9, 0xDF, 0xDB, 0x59, 0xFE, 0x53, 0x6A, 0x75, 0x8F, 0xD6, 0xA5, 0xA8, 0x14, 0xEF, 0xDE, 0x7A,
    0x8A, 0x16, 0xC4, 0xDE, 0x7B, 0xD4, 0x5B, 0xBC, 0x15, 0xFD, 0xF1, 0x1E, 0x04, 0xBF, 0xF0, 0x39,
    0x7D, 0x81, 0x92, 0xBE, 0x8A, 0x46, 0x13, 0xE5, 0x1E, 0x0A, 0x1A, 0xD3, 0x46, 0x67, 0x3C, 0x6E,
    0xD2, 0x1F, 0xE8, 0xB5, 0xC4, 0xC8, 0x07, 0xF0, 0xF7, 0xC3, 0x86, 0x73, 0xAE, 0x3B, 0x70, 0xB0,
    0x97, 0xB3, 0xDF, 0xCD, 0x0C, 0xC4, 0x6C, 0xEC, 0xA3, 0x18, 0x16, 0xB7, 0x84, 0x6E, 0x92, 0xF8,
    0xDD, 0x95, 0xAE, 0x9F, 0xE6, 0x3D, 0xB6, 0x5D, 0x84, 0xF3, 0xF2, 0x00, 0x66, 0xF2, 0xBD, 0xA1,
    0xEA, 0xD4, 0xD0, 0x7A, 0x3F, 0xC1, 0x57, 0x6E, 0xDC, 0x66, 0x5D, 0x43, 0xB7, 0x29, 0x12, 0x70,
    0x3D, 0x9D, 0x9A, 0x66, 0x6A, 0x86, 0x46, 0xC9, 0x83, 0xFD, 0x36, 0x4D, 0xF0, 0x08, 0x80, 0x27,
    0xD0, 0x74, 0x44, 0xA9, 0xB7, 0x99, 0x53, 0x5E, 0xA6, 0x67, 0x06, 0xA7, 0x46, 0x64, 0x8C, 0x38,
    0x4B, 0x2B, 0x4D, 0xBB, 0x6D, 0xD2, 0x6E, 0xFF, 0x18, 0xF6, 0x13, 0xA0, 0x55, 0xA7, 0x6D, 0x2F,
    0x66, 0x42, 0x8F, 0x2C, 0x5C, 0x18, 0x44, 0x43, 0xB7, 0x33, 0x23, 0x93, 0x64, 0x2F, 0xB6, 0x22,
    0x58, 0x1D, 0x87, 0xA6, 0xD0, 0xCD, 0x92, 0xB0, 0x78, 0x47, 0x1A, 0xC8, 0x1E, 0x29, 0x7A, 0x24,
    0xD9, 0x64, 0x41, 0x9E, 0xD3, 0xE0, 0x9A, 0xEC, 0xF6, 0x34, 0x9A, 0x66, 0xE4, 0xA0, 0x63, 0x86,
    0xCE, 0x48, 0xDD, 0xAA, 0xB0, 0x78, 0x8C, 0x4A, 0x54, 0xA2, 0xA9, 0xA5, 0xA6, 0x37, 0x9A, 0xF3,
    0x45, 0xD8, 0xDF, 0xE1, 0x9C, 0x8A, 0x73, 0xCE, 0x8C, 0xCD, 0x49, 0xF8, 0xBF, 0x9A, 0x91, 0x95,
    0x4E, 0xD3, 0x4A, 0x66, 0x61, 0x0E, 0x60, 0xF4, 0xB6, 0xDB, 0xB9, 0x89, 0x9A, 0x48, 0xA7, 0x90,
    0x70, 0x07, 0xC3, 0x91, 0x63, 0x01, 0x65, 0x9A, 0x2B, 0x2A, 0x7A, 0xB9, 0xA6, 0xA4, 0x36, 0x33,
    0xF2, 0xC6, 0x6D, 0xE0, 0xBA, 0xD0, 0xCF, 0x5D, 0x7B, 0xFD, 0x6A, 0xD9, 0xFE, 0xCE, 0xB5, 0xE9,
    0x62, 0xB1, 0xFC, 0xE6, 0xB5, 0x4A, 0x12, 0x81, 0x67, 0xE8, 0x23, 0x5F, 0x53, 0xAD, 0x24, 0xC8,
    0x93, 0x04, 0xA6, 0x2D, 0x63, 0xE1, 0x84, 0xF6, 0x4D, 0xEC, 0xEF, 0x2A, 0x61, 0x89, 0xA2, 0x53,
    0xDA, 0x33, 0x61, 0x06, 0x6F, 0x5D, 0x51, 0x17, 0xFA, 0x9A, 0xDE, 0xD6, 0xAA, 0x85, 0x24, 0x9E,
    0x38, 0xAF, 0x97, 0x92, 0x76, 0xEC, 0x20, 0x73, 0x07, 0xC6, 0x15, 0x32, 0x62, 0xAE, 0xBB, 0x39,
    0x51, 0x75, 0x4B, 0xEB, 0xCD, 0xA6, 0xDD, 0x6B, 0x18, 0xFD, 0xF2, 0x95, 0x35, 0x7B, 0x7D, 0x72,
    0x48, 0x08, 0xFB, 0x78, 0x6B, 0x55, 0x6B, 0x11, 0x37, 0x40, 0xEF, 0x68, 0xBC, 0xBA, 0x06, 0x32,
    0x42, 0x1A, 0x08, 0x4B, 0x6D, 0xF7, 0xFC, 0xEC, 0x75, 0x94, 0x2E, 0x2B, 0x4F, 0xE3, 0x7E, 0x43,
    0x4F, 0x45, 0x72, 0xE5, 0x90, 0x7F, 0xC7, 0x18, 0xA7, 0x2E, 0x1B, 0x7E, 0xE7, 0x20, 0xE2, 0x23,
    0x99, 0x05, 0xA7, 0xB6, 0x4C, 0xFD, 0xDC, 0x05, 0x59, 0x4F, 0xFA, 0x8A, 0xB1, 0x12, 0x14, 0x1E,
    0xDF, 0xBC, 0xBA, 0xF6, 0xD6, 0x7B, 0x68, 0xEB, 0xC2, 0x66, 0x3A, 0xF5, 0x65, 0x64, 0x46, 0x7C,
    0x99, 0x92, 0xD8, 0x87, 0xFD, 0x41, 0x97, 0x92, 0x69, 0xD3, 0xBE, 0x0A, 0xE2, 0x93, 0x50, 0xB2,
    0x4B, 0x87, 0xA8, 0xDF, 0x21, 0xD2, 0x77, 0x1C, 0xB1, 0x38, 0x22, 0xA0, 0x14, 0x49, 0xD6, 0x4B,
    0x3B, 0x69, 0x2F, 0xFD, 0x86, 0x06, 0x43, 0xE3, 0x95, 0x06, 0x1F, 0x21, 0xAB, 0x3E, 0xB3, 0xAE,
    0x11, 0xA7, 0xF0, 0x35, 0xBF, 0x40, 0xF8, 0x52, 0x29, 0x2B, 0x9F, 0x36, 0x7A, 0x45, 0x78, 0x47,
    0x50, 0xB4, 0x6F, 0xCD, 0xD8, 0x83, 0x23, 0x54, 0x07, 0x0A, 0x23, 0x31, 0xBB, 0x74, 0x7E, 0xC4,
    0xCA, 0xE5, 0xBB, 0x08, 0xDC, 0x81, 0xDC, 0x6C, 0x88, 0x5A, 0xA8, 0xB9, 0xFC, 0x67, 0xD3, 0x5D,
    0x57, 0x5E, 0x81, 0x43, 0x5F, 0x5E, 0xB9, 0x5A, 0x49, 0xFA, 0xE3, 0x25, 0xF4, 0x64, 0x29, 0xB1,
    0x8C, 0xB9, 0xC9, 0xFB, 0xB7, 0xBA, 0xCA, 0xE0, 0x6E, 0xFF, 0xE3, 0xE8, 0x3F, 0x21, 0x51, 0x52,
    0x28, 0xCD, 0x22, 0x89, 0xB3, 0x11, 0xDA, 0x67, 0x42, 0xF3, 0x46, 0x88, 0x4F, 0x43, 0xB4, 0x42,
    0x5C, 0x0C, 0xF1, 0xB1, 0x64, 0x1D, 0x23, 0xF4, 0xE4, 0xD1, 0x34, 0xEE, 0x97, 0x72, 0xBB, 0xD8,
    0x82, 0xF2, 0x6B, 0x95, 0xA1, 0x4D, 0x95, 0x57, 0x9E, 0xBC, 0xF6, 0xFE, 0x1F, 0xAF, 0xC6, 0x51,
    0xB8, 0x87, 0x28, 0x2E, 0x8A, 0x5C, 0x91, 0xAF, 0xD0, 0xF3, 0xFD, 0x7B, 0xF2, 0xD6, 0x30, 0x6D,
    0xFA, 0xBB, 0x88, 0xA2, 0x9B, 0xCA, 0x83, 0xD2, 0xA2, 0xA8, 0xA5, 0xC4, 0x49, 0x70, 0xE0, 0xEE,
    0x18, 0x81, 0x4F, 0x67, 0xDB, 0x12, 0x19, 0xD5, 0x5F, 0xD6, 0xAA, 0xCE, 0x7A, 0x37, 0x89, 0xCB,
    0x56, 0xCF, 0x90, 0x27, 0x3E, 0x6D, 0x3A, 0x62, 0xCB, 0xE7, 0x26, 0x1C, 0xD9, 0x83, 0x90, 0xA1,
    0xB6, 0x50, 0x8C, 0x8F, 0x23, 0x6E, 0x85, 0x44, 0xAF, 0xB2, 0x90, 0xBC, 0x54, 0xB5, 0xD7, 0x5A,
    0x49, 0x6F, 0xEC, 0x21, 0xBD, 0xC7, 0xA0, 0xBD, 0xB2, 0x75, 0xBB, 0xB6, 0x31, 0xA8, 0x8C, 0x17,
    0xCF, 0xA4, 0xE3, 0xC5, 0xF8, 0xC5, 0x1D, 0x19, 0xF4, 0x4A, 0xC8, 0xF3, 0xD1, 0xCF, 0x0D, 0x34,
    0xE5, 0xED, 0xEB, 0x0D, 0x8D, 0xBD, 0x16, 0x6F, 0xC1, 0x2C, 0x9C, 0xBA, 0x1C, 0xCA, 0x56, 0xD5,
    0xF8, 0x6C, 0x3B, 0x62, 0x3D, 0x23, 0xF4, 0x3E, 0xA0, 0x37, 0x02, 0x3D, 0x29, 0xF4, 0x56, 0xA0,
    0xF7, 0x92, 0x6E, 0x46, 0xCF, 0xFE, 0x43, 0x99, 0xF9, 0xBD, 0x7F, 0xC9, 0x7E, 0x7E, 0x7D, 0x56,
    0x71, 0x43, 0xAF, 0x3E, 0x05, 0xD9, 0x91, 0x86, 0x67, 0x57, 0x0F, 0x7A, 0x0C, 0xD8, 0x2F, 0x47,
    0x2C, 0x56, 0xAC, 0x56, 0x53, 0x34, 0x17, 0x7D, 0xC7, 0x0C, 0x8F, 0x3A, 0x02, 0x30, 0x44, 0x65,
    0x07, 0xA4, 0x55, 0x28, 0x10, 0x72, 0x8D, 0xBE, 0x00, 0x8E, 0x04, 0xFB, 0xC3, 0x95, 0x7E, 0x26,
    0x19, 0xDA, 0x02, 0xBE, 0xCA, 0x6E, 0xEE, 0x27, 0x19, 0x25, 0x27, 0x7D, 0x32, 0xE8, 0x26, 0x01,
    0x3B, 0xEE, 0xEA, 0xED, 0x57, 0x02, 0x33, 0x19, 0xFB, 0x3F, 0x83, 0xDC, 0xF6, 0x92, 0xF4, 0xDF,
    0x8F, 0xE1, 0xEC, 0xB4, 0x70, 0xC4, 0x83, 0xEE, 0x80, 0x8C, 0xD1, 0xC1, 0xA9, 0xC7, 0x39, 0xAB,
    0x27, 0x52, 0xD2, 0x91, 0xA8, 0xAD, 0xA3, 0x29, 0x46, 0xAF, 0x4B, 0x6D, 0xF7, 0x2C, 0x09, 0xF0,
    0xB5, 0x0C, 0xC7, 0x4C, 0x16, 0x02, 0x73, 0xDD, 0x4A, 0x36, 0xFF, 0x90, 0xD0, 0x0F, 0x7E, 0x98,
    0x1F, 0x42, 0x8B, 0xD7, 0x68, 0xE4, 0x1A, 0x79, 0x45, 0x37, 0x79, 0x95, 0x5B, 0x39, 0xDB, 0x23,
    0x14, 0x98, 0x21, 0x81, 0x9F, 0xEF, 0xA1, 0xCF, 0x13, 0xB1, 0xFB, 0x66, 0xA4, 0x87, 0xBC, 0x22,
    0x43, 0x0E, 0xFF, 0x3B, 0xD8, 0x62, 0xD7, 0x09, 0xBE, 0x95, 0x75, 0xB7, 0x77, 0x9F, 0x1B, 0xC1,
    0xED, 0xC1, 0x6D, 0x29, 0xD7, 0xA2, 0x4A, 0x5F, 0xE2, 0x53, 0x86, 0x66, 0xB7, 0xF2, 0xD2, 0xC5,
    0xB2, 0x96, 0xA4, 0xF1, 0x2E, 0xA7, 0x6B, 0x55, 0xAD, 0xF6, 0x1D, 0xA1, 0x41, 0x42, 0x8C, 0x14,
    0xDF, 0x42, 0xB4, 0x76, 0x7C, 0x80, 0x9D, 0x26, 0x45, 0x7F, 0xFB, 0x5C, 0x25, 0x19, 0x44, 0x1D,
    0xB7, 0xDD, 0x9F, 0xAD, 0x7F, 0x54, 0x7F, 0xF8, 0x37, 0xCB, 0x27, 0xBF, 0x1D, 0x16, 0x2C, 0x39,
    0x4D, 0x8E, 0xB3, 0x59, 0xFE, 0xC2, 0x66, 0x39, 0xED, 0x4B, 0xF9, 0x72, 0x24, 0xA3, 0x09, 0xAF,
    0x8A, 0xB0, 0xF5, 0x63, 0x2D, 0xFD, 0xB0, 0xD6, 0x88, 0xA6, 0x60, 0x90, 0xDF, 0x58, 0x8A, 0x4F,
    0x6D, 0x3E, 0x17, 0xB6, 0x07, 0x3E, 0x21, 0xE4, 0x89, 0x11, 0x38, 0x2A, 0x73, 0x9B, 0x46, 0xA9,
    0xFB, 0x8E, 0x4A, 0x0F, 0x61, 0x7B, 0x10, 0x96, 0xF4, 0x65, 0xC6, 0x31, 0xFF, 0x08, 0x6D, 0x7F,
    0xC5, 0x2A, 0x86, 0x74, 0x7F, 0x09, 0xE3, 0x7A, 0x38, 0x37, 0x72, 0xC7, 0x70, 0x73, 0x47, 0x19,
    0xA9, 0xFB, 0xFD, 0x93, 0xC3, 0xEF, 0xEA, 0xF3, 0xAA, 0x87, 0x48, 0x77, 0x14, 0x97, 0x51, 0xA9,
    0x33, 0x95, 0xA5, 0xDE, 0xE2, 0xE0, 0x5B, 0xF3, 0x4C, 0x51, 0x47, 0x96, 0x66, 0xC3, 0xF0, 0x0F,
    0x7E, 0x12, 0x86, 0xF5, 0xB0, 0x9E, 0x84, 0x4B, 0xF5, 0x63, 0xF5, 0xCE, 0xEC, 0xEC, 0x5F, 0xEB,
    0x0F, 0xBD, 0xB0, 0x7C, 0xE2, 0x5B, 0x72, 0x8C, 0x24, 0xFA, 0x4B, 0x5F, 0xAD, 0xCF, 0xCD, 0xCE,
    0x1E, 0x5F, 0x3E, 0x18, 0x1C, 0x08, 0xD8, 0x95, 0x13, 0xF6, 0x31, 0xEF, 0xB9, 0x8D, 0x36, 0x63,
    0xCF, 0xE3, 0x43, 0xA7, 0xDD, 0xA6, 0x48, 0x4E, 0x16, 0x3D, 0x3E, 0x65, 0xD2, 0xF2, 0x4E, 0xD3,
    0x2B, 0x4E, 0x12, 0xD3, 0x0F, 0x16, 0xEB, 0xFB, 0xDC, 0xFA, 0xEC, 0x61, 0xA0, 0xE5, 0x7F, 0x37,
    0x44, 0x64, 0x84, 0x8E, 0x3A, 0x4C, 0x5A, 0x46, 0xDC, 0x8B, 0x1A, 0x04, 0xD1, 0x06, 0x4D, 0x96,
    0xA9, 0x4F, 0x2D, 0xE3, 0x3F, 0xC8, 0xDC, 0x7E, 0x5F, 0x58, 0xD2, 0x71, 0xE6, 0x8C, 0xF0, 0x41,
    0x48, 0xC5, 0x01, 0xBA, 0xA3, 0xFE, 0x51, 0x5F, 0x31, 0x57, 0xF5, 0x67, 0xFD, 0x07, 0xF8, 0x3A,
    0xD9, 0xA7, 0x49, 0x92, 0x73, 0xB5, 0x78, 0x24, 0x67, 0x50, 0x01, 0xB3, 0x4E, 0x93, 0xD0, 0xA7,
    0xE6, 0x5C, 0x7E, 0xD4, 0xDF, 0xCA, 0x20, 0x7F, 0x4E, 0xFE, 0x89, 0x12, 0x8D, 0xC9, 0xC9, 0x23,
    0x8D, 0x7A, 0x42, 0xE0, 0x54, 0x39, 0xA9, 0x77, 0x73, 0xA3, 0x06, 0xA3, 0xE2, 0xCD, 0xA6, 0x79,
    0x3E, 0x2E, 0xD3, 0xC5, 0x8D, 0xBE, 0xFB, 0xC8, 0xF6, 0x2A, 0x1B, 0xE5, 0x39, 0xEF, 0xE0, 0xE1,
    0xB9, 0x7D, 0xDE, 0xEC, 0xDC, 0x61, 0xF9, 0xF3, 0xA1, 0x15, 0xE4, 0x55, 0x2B, 0x98, 0x56, 0x59,
    0xCD, 0x33, 0x25, 0x3F, 0xAD, 0xEE, 0xA7, 0x95, 0xC9, 0xAB, 0xA3, 0xFB, 0x4E, 0x17, 0x0B, 0x3D,
    0xA8, 0x29, 0xEF, 0x38, 0xF7, 0xE9, 0xCF, 0x86, 0xB3, 0x61, 0x29, 0x48, 0xDF, 0x58, 0x2E, 0xE6,
    0x50, 0xE6, 0x8E, 0x26, 0x58, 0xF1, 0x8E, 0x9A, 0xEB, 0xEA, 0x05, 0x42, 0x78, 0x59, 0xF6, 0x08,
    0xDC, 0xB9, 0x61, 0xF6, 0x90, 0x2F, 0x64, 0x3E, 0xF3, 0x27, 0x20, 0x11, 0x71, 0x02, 0x1E, 0x09,
    0x0A, 0xAA, 0xE4, 0x7F, 0x9D, 0xE8, 0x2F, 0x57, 0x31, 0x57, 0x3F, 0x1C, 0x4E, 0x8A, 0x42, 0xAA,
    0xC9, 0xE0, 0x60, 0x60, 0xFB, 0x7E, 0x38, 0xFA, 0x0A, 0xE1, 0x2C, 0x27, 0x20, 0xDF, 0x6A, 0xA3,
    0x5E, 0x21, 0x20, 0x3D, 0x7D, 0xEC, 0x78, 0x3D, 0x1B, 0x58, 0x7E, 0x36, 0x38, 0x5E, 0xAF, 0x1F,
    0xFF, 0x9A, 0x7A, 0x76, 0x69, 0x19, 0xCB, 0x6C, 0xC1, 0x9D, 0x0F, 0x5D, 0xBE, 0xDA, 0x8A, 0x51,
    0xDF, 0xD3, 0xE5, 0xD2, 0xDF, 0x56, 0x9C, 0x6F, 0xEF, 0x5D, 0x3B, 0x6A, 0x73, 0xAF, 0xDA, 0x51,
    0x9B, 0x13, 0xED, 0xBD, 0x6B, 0x53, 0x97, 0x6F, 0x73, 0xA4, 0x2D, 0x45, 0xEC, 0xB5, 0x8C, 0x8D,
    0xF4, 0xB3, 0x55, 0xF9, 0x3D, 0x8A, 0xCD, 0x8B, 0xCF, 0x0B, 0xFD, 0x14, 0xF8, 0x3D, 0xB1, 0xB2,
    0x44, 0x3F, 0x2E, 0x93, 0xC7, 0xEE, 0x3F, 0x5C, 0x74, 0x5C, 0x33, 0xCE, 0xC8, 0xF9, 0xFB, 0x66,
    0x64, 0xB7, 0xB3, 0x9E, 0x97, 0xD5, 0xC0, 0x18, 0x97, 0xF8, 0x38, 0xB6, 0x23, 0xE8, 0xFF, 0x5D,
    0x99, 0x0A, 0x59, 0xA2, 0xE6, 0x98, 0x7E, 0x10, 0x6F, 0xF8, 0xBF, 0x0F, 0x7E, 0xE6, 0x9F, 0x18,
    0x97, 0x9D, 0x1C, 0x05, 0x1B, 0xCE, 0x34, 0xCC, 0xB3, 0x43, 0xD1, 0x18, 0xBF, 0xB2, 0xF1, 0xDB,
    0x9C, 0x5A, 0x5C, 0x4C, 0x1B, 0x48, 0x22, 0xAF, 0x2A, 0xC1, 0x2C, 0xC4, 0xE5, 0x74, 0x1A, 0xA9,
    0x53, 0x47, 0x91, 0x96, 0xB2, 0xC4, 0x4F, 0xCB, 0xF4, 0xE3, 0x8D, 0x45, 0xF4, 0x95, 0x24, 0xCE,
    0xD3, 0xA8, 0x49, 0x56, 0xFC, 0x30, 0x9B, 0x13, 0x83, 0x67, 0x0B, 0x4F, 0xEB, 0x95, 0x6A, 0xD5,
    0x0C, 0xB1, 0x4C, 0x8E, 0x00, 0xFF, 0x05, 0x7D, 0x52, 0xCF, 0x6B, 0x13, 0x41, 0x14, 0xFE, 0x76,
    0x37, 0x69, 0xEA, 0xA6, 0xED, 0xEE, 0xC1, 0x40, 0x1B, 0x62, 0xB3, 0x42, 0x95, 0x58, 0xD3, 0x66,
    0x0F, 0x39, 0xAC, 0xB2, 0x35, 0x63, 0x0F, 0xE2, 0x45, 0xD8, 0x83, 0x41, 0x11, 0x04, 0x05, 0x0F,
    0x12, 0x85, 0xF6, 0x50, 0xA4, 0x87, 0x4A, 0xB6, 0xF8, 0x0F, 0x2C, 0x1E, 0xF5, 0xB2, 0x45, 0x44,
    0x8C, 0x60, 0xF7, 0x50, 0x31, 0x94, 0xD2, 0x8E, 0x16, 0x14, 0x3C, 0xAD, 0x82, 0x88, 0xBD, 0xB8,
    0x17, 0x2F, 0x9E, 0x22, 0xF4, 0xE0, 0x8F, 0xB6, 0xEB, 0x9B, 0x8D, 0x51, 0x11, 0xF1, 0xBD, 0xB0,
    0x33, 0xF3, 0x66, 0xDE, 0x97, 0xF7, 0x7D, 0xEF, 0x01, 0x36, 0x8A, 0xC8, 0x30, 0x90, 0x69, 0x98,
    0xC2, 0x9C, 0xD8, 0x20, 0x13, 0x6A, 0x1D, 0xAB, 0xAC, 0xA7, 0xD2, 0x12, 0x2A, 0xEF, 0x60, 0xAE,
    0x27, 0x41, 0xD4, 0x76, 0x72, 0x67, 0x1B, 0x2D, 0xAF, 0x19, 0x87, 0x46, 0xBF, 0x75, 0xBD, 0xB8,
    0x2D, 0x61, 0xBF, 0x5D, 0x02, 0x3A, 0x1D, 0xDF, 0xC7, 0x5E, 0x76, 0xD4, 0x32, 0x80, 0x8A, 0x6B,
    0x86, 0x66, 0x58, 0xE1, 0x09, 0xDC, 0x68, 0xD9, 0x9E, 0x0B, 0x40, 0xD0, 0xF3, 0x13, 0xA3, 0x2B,
    0xD9, 0x50, 0x62, 0x9D, 0x4E, 0xC7, 0x99, 0x0D, 0x83, 0x28, 0x88, 0x1C, 0x07, 0x58, 0xE9, 0xD8,
    0xD6, 0xD0, 0x01, 0x09, 0xB2, 0xAB, 0xF0, 0x83, 0xA7, 0xBB, 0x80, 0xB2, 0x57, 0xF9, 0x52, 0x2D,
    0xE8, 0xA9, 0xC1, 0x82, 0x6D, 0xB7, 0x31, 0x61, 0xDB, 0xD5, 0x59, 0xB4, 0xE7, 0xED, 0xF2, 0x20,
    0x26, 0x93, 0x3D, 0xA8, 0x44, 0x0D, 0x8A, 0x2B, 0x50, 0x33, 0x5C, 0x43, 0x19, 0x3A, 0xA4, 0x6C,
    0x9C, 0x4D, 0xB3, 0x28, 0x8E, 0x9C, 0x8D, 0x28, 0x17, 0xC1, 0x4F, 0x1C, 0x0A, 0x57, 0xB8, 0xC6,
    0xA6, 0x28, 0xA3, 0xDF, 0x32, 0xAD, 0x7E, 0x15, 0x2A, 0x6A, 0x3C, 0xC7, 0x6A, 0xBC, 0xC8, 0x54,
    0xA4, 0xC9, 0xC5, 0x59, 0xEC, 0x9B, 0x61, 0x8E, 0x65, 0xC9, 0x66, 0xD6, 0x22, 0xB2, 0xAF, 0x27,
    0xC6, 0x16, 0xC6, 0x7E, 0x72, 0xFA, 0x83, 0xCD, 0x70, 0xB9, 0x6A, 0xA8, 0xD0, 0x98, 0xCC, 0x65,
    0x5E, 0x13, 0x62, 0x95, 0x66, 0x83, 0xD5, 0x11, 0xC1, 0x67, 0x63, 0xEF, 0xFE, 0x05, 0x5F, 0x75,
    0xD2, 0x8B, 0xD3, 0x0F, 0xB6, 0x8E, 0x5C, 0xED, 0x72, 0xCD, 0x10, 0xD7, 0xDF, 0x22, 0xF6, 0xC4,
    0xEA, 0x71, 0x4B, 0x49, 0xCD, 0x3B, 0x4B, 0x3B, 0x3D, 0x41, 0x69, 0xD9, 0x88, 0x23, 0xFA, 0xE6,
    0xEA, 0x8C, 0x94, 0xA5, 0xCD, 0x78, 0xCB, 0xA5, 0x5F, 0x4A, 0xAA, 0xDD, 0x5D, 0xDA, 0x05, 0xBA,
    0x82, 0x37, 0x5A, 0xAD, 0x87, 0xCD, 0x38, 0xA6, 0x33, 0x6C, 0x79, 0xBB, 0xC8, 0x4A, 0x22, 0x5D,
    0xE6, 0x42, 0x89, 0x8C, 0x68, 0x1C, 0x06, 0x41, 0x5A, 0xC0, 0x02, 0x48, 0xA3, 0x00, 0x08, 0x7B,
    0x97, 0x0C, 0x59, 0x60, 0x08, 0x28, 0x24, 0x97, 0x64, 0x46, 0x79, 0xA0, 0x6C, 0xF8, 0xAA, 0xAF,
    0xAE, 0x3E, 0x6E, 0x3C, 0xAC, 0xD7, 0xBF, 0x2D, 0x73, 0xE5, 0xED, 0xB9, 0x38, 0x3E, 0x72, 0xF5,
    0xC1, 0xD6, 0xE2, 0x34, 0x70, 0x9C, 0x34, 0xA9, 0xB8, 0x87, 0x5C, 0x7A, 0x39, 0x31, 0x6B, 0x15,
    0x0A, 0x73, 0xBF, 0xCA, 0x6A, 0x24, 0x65, 0xE1, 0x1F, 0xF3, 0xD2, 0x23, 0xA4, 0xAF, 0x0D, 0x52,
    0x0D, 0xD4, 0xD9, 0x0E, 0xA6, 0x3E, 0xE0, 0xF0, 0x0B, 0xF1, 0x46, 0x0F, 0x56, 0x16, 0x04, 0xC1,
    0x27, 0xF5, 0x28, 0x40, 0xE4, 0xC0, 0xF9, 0x0B, 0xAF, 0x37, 0x0E, 0xAD, 0x6B, 0x99, 0x8C, 0x80,
    0x7A, 0xDD, 0xDC, 0xBA, 0xB7, 0xD3, 0x97, 0x54, 0xAA, 0x70, 0x89, 0xD5, 0x4E, 0x3D, 0xDD, 0x65,
    0x57, 0x14, 0x2E, 0xD3, 0x1F, 0x57, 0xCE, 0xDC, 0xD8, 0x81, 0x5E, 0x4B, 0xBE, 0xC0, 0x80, 0xD9,
    0xDC, 0x9D, 0x98, 0x17, 0x7A, 0xDC, 0x2C, 0x95, 0xB0, 0x91, 0x8D, 0xF6, 0xA8, 0x61, 0xAA, 0x2F,
    0x51, 0x47, 0x87, 0xA9, 0x81, 0xAE, 0x0C, 0x99, 0xC1, 0x15, 0xB1, 0x7B, 0xC0, 0x2B, 0xB1, 0x8A,
    0xB3, 0x88, 0x8B, 0x7B, 0xF1, 0x4E, 0xC4, 0x44, 0x1E, 0x6B, 0x8F, 0xB6, 0x99, 0x1E, 0xF0, 0xA8,
    0xDA, 0x47, 0x1D, 0x32, 0x07, 0xC4, 0xE4, 0x10, 0xEE, 0x63, 0x7B, 0x5D, 0x82, 0xDA, 0x6E, 0xAB,
    0x80, 0x3F, 0x39, 0xE9, 0x8B, 0x8A, 0x22, 0x9B, 0x46, 0x12, 0x53, 0x2D, 0x84, 0x2F, 0xC5, 0x91,
    0x05, 0x55, 0x33, 0xD4, 0x6D, 0xD2, 0xB5, 0x3B, 0x4B, 0x79, 0x52, 0x25, 0x9D, 0xC6, 0xE4, 0x77,
    0xD7, 0xF4, 0x79, 0xF5, 0x33, 0x2F, 0x2E, 0x0B, 0x99, 0x74, 0x3F, 0x56, 0x53, 0x09, 0x21, 0x12,
    0x47, 0x71, 0x35, 0x46, 0xFA, 0xC9, 0xF1, 0xF2, 0x17, 0x20, 0xFF, 0x8D, 0xE1, 0xBF, 0x17, 0xD4,
    0xF1, 0xB0, 0xB7, 0x4A, 0x34, 0x29, 0x4C, 0x8B, 0x3F, 0xF6, 0x71, 0x4B, 0x9A, 0x89, 0x85, 0x02,
    0xE8, 0x3E, 0x4C, 0x52, 0x34, 0x97, 0x92, 0x13, 0x18, 0xFC, 0x69, 0x03, 0x24, 0x7D, 0x1C, 0xD3,
    0x68, 0xD5, 0x2F, 0x76, 0x03, 0x23, 0x50, 0x70, 0x14, 0x9B, 0x78, 0x94, 0xEC, 0x6F, 0xE3, 0x13,
    0xE3, 0x68, 0x24, 0x7D, 0xD2, 0x0D, 0xB2, 0x3E, 0x66, 0x7A, 0xE6, 0x25, 0xD3, 0xC9, 0x13, 0xCC,
    0x49, 0x3C, 0x67, 0xC2, 0x5B, 0x4C, 0xF0, 0x33, 0xE0, 0x51, 0x67, 0xC7, 0xBB, 0x28, 0x9E, 0xEA,
    0x99, 0xA1, 0xE1, 0x99, 0x5E, 0xDE, 0xA3, 0xA2, 0xC0, 0xF1, 0x1E, 0x6F, 0xD8, 0xB3, 0xC4, 0xF3,
    0xC3, 0x97, 0x37, 0x9D, 0x5B, 0xC2, 0xCF, 0x87, 0x9C, 0x73, 0x1C, 0x23, 0xD4, 0x11, 0x42, 0x37,
    0xDD, 0x61, 0x77, 0x88, 0x65, 0xA0, 0xB3, 0x7D, 0x6E, 0x16, 0x43, 0xCC, 0x70, 0x7F, 0x00, 0xBD,
    0x5B, 0x4D, 0x6C, 0x1C, 0x47, 0x76, 0x7E, 0xDD, 0x4D, 0xB1, 0x2D, 0x77, 0x34, 0xCD, 0x05, 0x4C,
    0x67, 0x63, 0x99, 0x33, 0x3E, 0x38, 0x80, 0xB1, 0xE1, 0x90, 0x39, 0x28, 0x4E, 0xD3, 0x6A, 0xCE,
    0x94, 0xE5, 0x24, 0x3E, 0xE8, 0x10, 0x1E, 0x48, 0xF9, 0x40, 0xC0, 0xDA, 0x43, 0x2E, 0x41, 0x16,
    0xA2, 0xB0, 0x99, 0x24, 0xE3, 0x05, 0x25, 0xB5, 0xE5, 0x83, 0x0E, 0x0B, 0xC4, 0xBC, 0xD8, 0x06,
    0x22, 0x60, 0x23, 0x04, 0x46, 0xE0, 0x1D, 0xEE, 0x7A, 0x98, 0x4D, 0x03, 0xA6, 0xB5, 0x12, 0xA7,
    0xD6, 0x3A, 0xF8, 0x20, 0x60, 0xDD, 0x6B, 0xC3, 0xF0, 0x61, 0x91, 0xB8, 0x1D, 0x4B, 0xBB, 0x86,
    0x94, 0x58, 0x25, 0x6B, 0x94, 0xA5, 0xC6, 0xE4, 0x74, 0xBE, 0x57, 0xDD, 0x33, 0x1C, 0xFE, 0xC9,
    0xA4, 0x24, 0x64, 0xA6, 0xAA, 0xD8, 0xD3, 0x5D, 0xDD, 0x55, 0xFD, 0xEA, 0xFD, 0x7C, 0xEF, 0xBD,
    0x22, 0x11, 0xB9, 0x44, 0x96, 0x24, 0x8A, 0x29, 0xFD, 0x24, 0x89, 0x68, 0xD5, 0x84, 0x22, 0xEA,
    0x96, 0x56, 0x0D, 0x27, 0xA9, 0xF7, 0x8C, 0x3E, 0x29, 0xD0, 0xB3, 0xAF, 0x8F, 0xF2, 0x3E, 0xED,
    0x7B, 0x7C, 0xD7, 0x37, 0x26, 0xC9, 0x0A, 0xD5, 0x5A, 0x6F, 0xA5, 0xC3, 0xF6, 0xD6, 0xA4, 0x4D,
    0xD4, 0xAE, 0x4B, 0x8A, 0xCD, 0x18, 0xBF, 0xD5, 0x5A, 0x35, 0xF0, 0x7B, 0x5A, 0xD2, 0x67, 0x09,
    0x75, 0x3E, 0x3E, 0x3F, 0xCF, 0x94, 0xDD, 0x79, 0xF3, 0x78, 0x1B, 0x06, 0xDB, 0xAE, 0xF0, 0xA7,
    0xB1, 0x6C, 0xDF, 0xB9, 0x50, 0x10, 0x34, 0x4E, 0x34, 0x4B, 0x14, 0x12, 0x9D, 0xAF, 0xCD, 0x35,
    0x92, 0x38, 0xD4, 0xC7, 0x55, 0xE2, 0xF3, 0xB8, 0xEA, 0xDC, 0xF9, 0x89, 0x81, 0xB9, 0xEA, 0x8F,
    0x93, 0x04, 0xA5, 0x69, 0xB9, 0x48, 0xB4, 0xA0, 0xFB, 0xE0, 0xAE, 0xD1, 0x39, 0xB2, 0x57, 0xF1,
    0x27, 0x20, 0x2B, 0x22, 0xCC, 0x10, 0xC5, 0x8A, 0xEE, 0xCC, 0x04, 0x8D, 0x55, 0xEE, 0xAF, 0xD6,
    0x7F, 0xFE, 0x44, 0xFE, 0x20, 0x1A, 0x10, 0x4C, 0xF0, 0xBB, 0x7D, 0x31, 0xBD, 0xBB, 0x7E, 0x8D,
    0xB8, 0x2E, 0x97, 0xC8, 0x00, 0x0D, 0x89, 0x8C, 0x56, 0x9D, 0xDB, 0xC8, 0x46, 0x6B, 0xA6, 0xAD,
    0xCC, 0xDA, 0x40, 0xB7, 0x49, 0xCC, 0xED, 0xEB, 0xAB, 0x58, 0x61, 0x5B, 0x14, 0x74, 0xEB, 0x76,
    0xDA, 0x80, 0x5B, 0x5B, 0xD8, 0x62, 0x84, 0xEA, 0x64, 0x5F, 0x5B, 0xA1, 0x55, 0xB2, 0x93, 0x28,
    0xA3, 0xA6, 0x4A, 0xA9, 0xBB, 0x4D, 0x93, 0x24, 0x58, 0xA6, 0x56, 0x6D, 0xA9, 0x1E, 0xE1, 0xA7,
    0xA1, 0xF8, 0x5C, 0xC8, 0x4D, 0xA5, 0x73, 0xC4, 0xE7, 0x4A, 0x7C, 0xB5, 0xDC, 0xA6, 0xDD, 0x2F,
    0x75, 0x4F, 0xC5, 0x67, 0x84, 0xC8, 0xD3, 0x37, 0x88, 0x74, 0x62, 0x4A, 0x99, 0x91, 0xB2, 0xA5,
    0x72, 0x49, 0x15, 0x49, 0x55, 0xA9, 0xA5, 0x28, 0xC1, 0xD9, 0x45, 0x52, 0xE3, 0xC4, 0x27, 0x9D,
    0x40, 0x59, 0x91, 0xE2, 0x19, 0x60, 0xA5, 0xC8, 0x50, 0x7A, 0x31, 0x1F, 0xEF, 0xBE, 0xD7, 0x28,
    0x26, 0xC5, 0x77, 0x18, 0x9F, 0x2A, 0xEB, 0x03, 0xE5, 0xB8, 0x6A, 0xC8, 0x55, 0xBE, 0xAB, 0x16,
    0xDC, 0x9B, 0xB1, 0x7B, 0x4B, 0xBA, 0x5F, 0x0B, 0xB7, 0x4D, 0xEE, 0x0A, 0xB9, 0x4D, 0x72, 0x8D,
    0x08, 0x0B, 0xDD, 0xC2, 0xC8, 0xDF, 0xD1, 0x43, 0x63, 0xCD, 0xED, 0xC0, 0x27, 0x47, 0x14, 0xF5,
    0x42, 0x15, 0x71, 0xE4, 0x83, 0x98, 0x15, 0x90, 0x1E, 0x83, 0xDC, 0x44, 0xBF, 0x77, 0xC0, 0x8C,
    0x65, 0x50, 0x7E, 0x14, 0x9D, 0x0B, 0xA4, 0x59, 0xE8, 0xE1, 0x65, 0x1C, 0xC6, 0x9D, 0xC1, 0x8B,
    0x3B, 0x29, 0xAD, 0xDA, 0xC5, 0x24, 0x59, 0xE5, 0x97, 0x4E, 0xCB, 0x40, 0x7A, 0x37, 0x3F, 0xB0,
    0x8C, 0x7A, 0x10, 0x03, 0xFC, 0x3B, 0x06, 0xBA, 0xC9, 0x1C, 0xC7, 0xEB, 0xBB, 0xA0, 0x27, 0x61,
    0xBF, 0x36, 0x4B, 0x2E, 0x6E, 0xCB, 0x4F, 0x1D, 0x23, 0x9E, 0x20, 0x4F, 0xB4, 0x82, 0x2B, 0x0A,
    0x35, 0x49, 0x64, 0xAB, 0x16, 0xF4, 0x0A, 0x00, 0x3A, 0xB6, 0xEA, 0x92, 0x09, 0x05, 0x7A, 0xA2,
    0x18, 0x31, 0x8E, 0x5B, 0xF5, 0x20, 0xB9, 0xC3, 0xCB, 0xD2, 0xAA, 0xA7, 0x04, 0xCC, 0x2E, 0xF1,
    0xF9, 0x44, 0x28, 0x13, 0x3F, 0xB1, 0xB8, 0x8B, 0xBA, 0x55, 0xAD, 0x7A, 0x9C, 0xB4, 0xC5, 0xEE,
    0xA4, 0x0E, 0xF3, 0xA0, 0xD6, 0xBC, 0x24, 0x65, 0xF2, 0xAA, 0xAF, 0xAB, 0x06, 0xD7, 0xC8, 0x94,
    0xFC, 0xB5, 0x24, 0x33, 0xB0, 0x29, 0x5D, 0x61, 0xCA, 0x7A, 0x6D, 0xFE, 0x0B, 0xB0, 0xDB, 0x0A,
    0x6E, 0x1F, 0xEE, 0xD4, 0x09, 0xA2, 0xBE, 0x5D, 0x69, 0x1B, 0x70, 0x26, 0x33, 0x4B, 0xC5, 0x88,
    0x5D, 0xAA, 0x58, 0x78, 0x7E, 0xC5, 0xC5, 0xA2, 0x55, 0xF2, 0xE8, 0x52, 0x01, 0x3B, 0x97, 0xDA,
    0xE8, 0x59, 0x06, 0x13, 0x51, 0xB3, 0x32, 0x0B, 0xA2, 0x56, 0x8A, 0xA4, 0xBB, 0x80, 0x80, 0x76,
    0x50, 0xC0, 0x1D, 0x91, 0x7E, 0xC0, 0x22, 0x1A, 0x66, 0xA9, 0xD1, 0x24, 0x18, 0x99, 0xE6, 0xCE,
    0x5A, 0x0B, 0x84, 0x60, 0x31, 0xB3, 0x1E, 0xD8, 0x49, 0xD0, 0xE1, 0x35, 0x5F, 0x97, 0xC5, 0x67,
    0xA6, 0x15, 0x7A, 0xEE, 0x96, 0xE7, 0xAC, 0xD3, 0xD2, 0xBA, 0x1E, 0xD0, 0x8F, 0x77, 0xCD, 0xAC,
    0xBB, 0x12, 0x0C, 0xA8, 0x8F, 0x00, 0xCA, 0x23, 0x80, 0xEA, 0x08, 0x4C, 0xAE, 0x72, 0x7D, 0xB5,
    0x7A, 0x6B, 0x60, 0x43, 0x55, 0xD8, 0x01, 0x94, 0x44, 0x00, 0x15, 0xC1, 0x6F, 0x44, 0x50, 0x88,
    0x2B, 0xAB, 0x64, 0xAC, 0x24, 0x64, 0xAE, 0x5C, 0x27, 0xEB, 0xC2, 0xEF, 0x02, 0xDB, 0xC7, 0x7C,
    0xFC, 0xAF, 0xA2, 0x21, 0x5F, 0xC5, 0xC3, 0xBE, 0x52, 0x9E, 0xAF, 0x2A, 0x15, 0x5F, 0xF1, 0xB7,
    0x18, 0xFB, 0xAA, 0x20, 0x7D, 0xE5, 0xA2, 0x42, 0x64, 0x14, 0xE5, 0x37, 0x14, 0x68, 0x12, 0x28,
    0x94, 0xCD, 0xE7, 0x51, 0x78, 0x30, 0x23, 0x69, 0x92, 0x73, 0x75, 0x09, 0x02, 0xE0, 0x6A, 0x81,
    0xAB, 0x62, 0xED, 0x40, 0xF5, 0x78, 0x63, 0xE5, 0xF3, 0x7C, 0x9D, 0xFB, 0x71, 0x7F, 0xBE, 0x2F,
    0xB5, 0x0C, 0xAB, 0x10, 0xA9, 0x1D, 0x0A, 0x1F, 0x04, 0xA0, 0xD5, 0x48, 0x09, 0x15, 0x67, 0xC5,
    0x92, 0xB7, 0x21, 0x00, 0xAB, 0xDB, 0x99, 0x91, 0x95, 0x0D, 0x66, 0xA4, 0xB7, 0x6C, 0x36, 0x23,
    0x98, 0x4C, 0x6D, 0xE9, 0xC7, 0x19, 0x8F, 0x7C, 0x53, 0xB9, 0x5F, 0x85, 0xA3, 0x3F, 0xBC, 0x62,
    0x0E, 0xEC, 0x14, 0xE4, 0xA0, 0x70, 0xF6, 0x6C, 0xEC, 0xDB, 0x41, 0x33, 0xC4, 0x63, 0x55, 0x4F,
    0xC5, 0xEF, 0x2A, 0x9F, 0xE7, 0xEB, 0x26, 0xA4, 0x5A, 0xDF, 0xC3, 0xD5, 0xE0, 0x97, 0xCA, 0x63,
    0x64, 0x1F, 0xE3, 0x63, 0x36, 0x2F, 0x43, 0xDF, 0x7C, 0x84, 0x31, 0xBF, 0x86, 0x42, 0x3C, 0x99,
    0x8E, 0x47, 0x0D, 0x74, 0xFB, 0x2D, 0x0C, 0xE0, 0x7B, 0x11, 0xE6, 0xC7, 0x4B, 0x56, 0x45, 0xEF,
    0x71, 0xF4, 0x76, 0x59, 0xE1, 0xED, 0xBA, 0xB6, 0x6A, 0x0D, 0x68, 0x1B, 0x36, 0x44, 0x46, 0x4F,
    0x25, 0xE8, 0x32, 0xBF, 0xB7, 0x60, 0x10, 0x9F, 0xFC, 0xF2, 0xD4, 0x05, 0x17, 0x64, 0x9D, 0xDC,
    0x48, 0x39, 0xB6, 0x94, 0xF1, 0xFD, 0x34, 0xAD, 0x5A, 0x6B, 0x3E, 0xC6, 0x34, 0x12, 0xE6, 0x00,
    0x33, 0xBA, 0x9F, 0xA6, 0x35, 0xDF, 0x9A, 0x5F, 0xE6, 0x47, 0x69, 0x4C, 0x30, 0xB4, 0xBE, 0xE9,
    0x83, 0x85, 0xA6, 0x79, 0x54, 0x63, 0x63, 0x45, 0x77, 0xE3, 0x76, 0x5D, 0x18, 0xB1, 0x0D, 0xDD,
    0x68, 0xB1, 0x7E, 0x8C, 0xD2, 0xBF, 0xF8, 0xDD, 0x6A, 0xE0, 0xFA, 0xB2, 0x66, 0xC2, 0xAD, 0x2A,
    0xF3, 0xEA, 0xED, 0x99, 0x40, 0x31, 0x17, 0x33, 0x03, 0x77, 0x2B, 0xAC, 0x41, 0xAB, 0x21, 0x14,
    0x78, 0x5C, 0x6D, 0x66, 0x66, 0xDC, 0xC5, 0x37, 0xAD, 0xE7, 0x7C, 0xC8, 0x02, 0x7A, 0x53, 0xAA,
    0xF5, 0x48, 0xAB, 0x3D, 0xBA, 0x90, 0x1A, 0x65, 0xC6, 0x2A, 0xA8, 0x66, 0xAD, 0x2E, 0x2C, 0x8D,
    0x46, 0x5C, 0xD1, 0x39, 0x47, 0x58, 0x47, 0xEE, 0x57, 0x42, 0xFF, 0x54, 0x07, 0x76, 0xCD, 0x6F,
    0xA3, 0x49, 0xCA, 0x86, 0x70, 0x42, 0x21, 0xB9, 0x42, 0xB1, 0xA2, 0x55, 0x3E, 0xF3, 0x73, 0x15,
    0x6F, 0xDD, 0x5A, 0x46, 0x93, 0x70, 0xA3, 0x7F, 0xA6, 0x8D, 0xBE, 0xAA, 0xFB, 0xE9, 0x3B, 0xF4,
    0xBD, 0xFC, 0x14, 0xFD, 0x31, 0x1A, 0xAB, 0x4E, 0xEB, 0x22, 0x44, 0x03, 0x3C, 0x5A, 0xD4, 0xAD,
    0x2B, 0x8A, 0x76, 0xFB, 0x22, 0x01, 0x80, 0x35, 0x8B, 0x46, 0x5C, 0xB4, 0x24, 0x9F, 0xC1, 0x79,
    0x1F, 0x53, 0x9A, 0x84, 0x81, 0x94, 0x7B, 0x81, 0x36, 0xF4, 0x1B, 0x1B, 0x75, 0xE5, 0x5E, 0x63,
    0x4D, 0xE9, 0xA3, 0x18, 0x0A, 0xEF, 0xE6, 0xAE, 0x1C, 0xCF, 0xE6, 0x39, 0x13, 0x5B, 0xC9, 0x1C,
    0xDE, 0x07, 0xBC, 0x74, 0x80, 0xE8, 0x67, 0x89, 0x68, 0x9C, 0x8D, 0x56, 0x0C, 0xD5, 0x64, 0xCB,
    0x07, 0x90, 0x53, 0x5D, 0xA0, 0xB0, 0x42, 0x0B, 0xB8, 0xAB, 0x30, 0x0D, 0x90, 0xC5, 0x77, 0x0C,
    0x0A, 0x58, 0x10, 0x31, 0xF6, 0x42, 0xE4, 0x19, 0xB1, 0x67, 0x46, 0xA5, 0x7A, 0x50, 0x4E, 0x02,
    0xCF, 0x8C, 0x3D, 0x52, 0x9E, 0xA1, 0x4A, 0xF3, 0x51, 0xB9, 0x2D, 0x06, 0x27, 0xCB, 0xC9, 0xD8,
    0xA4, 0x47, 0x1B, 0xBF, 0x34, 0x35, 0x41, 0x16, 0xD8, 0xD8, 0xFA, 0x78, 0x16, 0xEF, 0x09, 0x11,
    0x0F, 0xD6, 0xAA, 0x0D, 0x91, 0x77, 0xB4, 0xF8, 0xF9, 0x74, 0xAA, 0xB6, 0x04, 0x6B, 0x96, 0xC0,
    0x90, 0xDB, 0xBA, 0xC2, 0xF0, 0x07, 0x34, 0x81, 0x97, 0xA2, 0x71, 0x47, 0x56, 0x35, 0xBB, 0x69,
    0xAE, 0x65, 0xED, 0x90, 0xE1, 0xD3, 0x23, 0xD2, 0xD6, 0xF4, 0x07, 0x86, 0xE8, 0xF3, 0xF1, 0xEC,
    0xBC, 0x25, 0x43, 0xC7, 0xFA, 0x45, 0x6C, 0x5D, 0xBA, 0x24, 0x8D, 0xEB, 0xD7, 0x05, 0x9B, 0x4C,
    0xEB, 0xD2, 0xFB, 0xD2, 0x79, 0xE5, 0xBD, 0xC8, 0x05, 0x8D, 0xC7, 0x2D, 0x39, 0x5B, 0x05, 0xD1,
    0x8C, 0x09, 0xBC, 0x0E, 0x3D, 0xE9, 0x04, 0xEC, 0x1B, 0xD8, 0x41, 0xFF, 0xDB, 0xE4, 0x00, 0xAD,
    0xD9, 0x92, 0xF1, 0xB6, 0x25, 0x5F, 0x3A, 0x2A, 0x01, 0xEC, 0xF4, 0x63, 0x27, 0x3C, 0xA3, 0xE9,
    0x59, 0x4D, 0xCF, 0x09, 0xBD, 0x7D, 0xA1, 0xE7, 0x87, 0x5E, 0x25, 0xF4, 0xE2, 0xF0, 0x19, 0x19,
    0x1E, 0x0C, 0xC2, 0x32, 0x85, 0xD0, 0x03, 0xFD, 0xA6, 0xB0, 0x9F, 0x17, 0x66, 0x9B, 0x7B, 0xEF,
    0xA4, 0xFF, 0x00, 0x09, 0xCF, 0x94, 0x9E, 0x2D, 0x3C, 0x97, 0x3C, 0x9F, 0x4A, 0x21, 0x9B, 0x40,
    0x1C, 0x78, 0x79, 0xF2, 0x5C, 0xE1, 0x59, 0x12, 0x14, 0x36, 0xA6, 0x26, 0xAC, 0x64, 0xD9, 0x7A,
    0x6D, 0xD1, 0x12, 0x55, 0xBB, 0x5B, 0xA8, 0xEA, 0x50, 0xD5, 0xA5, 0xEA, 0xDB, 0x54, 0x5D, 0x61,
    0xD5, 0x4B, 0x8F, 0x90, 0x21, 0x4A, 0x64, 0x47, 0x65, 0x72, 0xA3, 0x83, 0x22, 0x1F, 0x1D, 0x94,
    0xC5, 0x68, 0x0C, 0x5F, 0x2F, 0xFE, 0xB7, 0xC8, 0x5B, 0xF8, 0x2C, 0xF2, 0xC6, 0x7E, 0x15, 0x79,
    0xE5, 0x5F, 0x44, 0x5E, 0xE1, 0xD9, 0xC8, 0x03, 0xDC, 0xC3, 0x04, 0x3D, 0x5A, 0xE8, 0x96, 0x52,
    0x4D, 0x01, 0x15, 0xF4, 0x9E, 0x41, 0xD1, 0x5C, 0x24, 0x4A, 0x76, 0x54, 0xA5, 0x14, 0x0F, 0x65,
    0x25, 0x24, 0x35, 0x6B, 0xA8, 0xD1, 0x2E, 0x3F, 0x4C, 0x09, 0xDC, 0x3B, 0x36, 0xA5, 0x98, 0x01,
    0xB6, 0x29, 0x03, 0x83, 0xF4, 0x74, 0x22, 0xCB, 0x87, 0xC0, 0x81, 0x4D, 0x9F, 0xAA, 0x60, 0x05,
    0x8F, 0x7C, 0x8F, 0xAA, 0x38, 0x86, 0xC5, 0x2E, 0xBF, 0x11, 0x8F, 0x81, 0x85, 0x88, 0x7A, 0x0B,
    0x7F, 0x26, 0xE1, 0x88, 0x88, 0x92, 0xC1, 0x6F, 0xD8, 0x2B, 0xBF, 0x0B, 0xDA, 0xDC, 0x8C, 0x1E,
    0xC1, 0xD5, 0x6C, 0x02, 0x8D, 0x24, 0x1A, 0xBC, 0x2D, 0xEE, 0x82, 0xC8, 0xF0, 0xBE, 0x21, 0x85,
    0x55, 0xE6, 0xFF, 0xB8, 0x68, 0x32, 0x03, 0x38, 0xB0, 0xF5, 0x3F, 0x24, 0xEB, 0x03, 0x32, 0xFE,
    0x47, 0x5B, 0xF9, 0xD4, 0xD9, 0x81, 0x9B, 0x15, 0x11, 0x90, 0xFA, 0x52, 0x3A, 0x81, 0xDC, 0x86,
    0x3A, 0x03, 0x83, 0x01, 0xB1, 0x1D, 0x7D, 0x71, 0x94, 0x66, 0x73, 0xB6, 0x0C, 0x73, 0x60, 0xA4,
    0x1C, 0xD8, 0x31, 0x67, 0x44, 0xFC, 0x97, 0x7F, 0xFB, 0x39, 0x27, 0x28, 0xFC, 0x68, 0x46, 0xF7,
    0xD3, 0x56, 0x7D, 0xE3, 0x33, 0x34, 0x33, 0x0D, 0x40, 0xA2, 0xC0, 0xA1, 0xCE, 0x61, 0x61, 0xFD,
    0x27, 0xD0, 0x05, 0xD1, 0x32, 0x99, 0x80, 0x1C, 0xAF, 0x92, 0x6B, 0x4B, 0xCC, 0x0F, 0x13, 0x1D,
    0x60, 0x2A, 0x6C, 0x4B, 0xD0, 0x52, 0xED, 0x4E, 0x99, 0xBD, 0x8A, 0x5C, 0x5A, 0xC0, 0x49, 0x0B,
    0x46, 0xDC, 0x2D, 0xA1, 0x11, 0x97, 0xA6, 0xE3, 0x42, 0x12, 0x67, 0x9E, 0x9A, 0x2E, 0xE8, 0x03,
    0x4A, 0xE2, 0xDD, 0x77, 0xDC, 0x9C, 0x9C, 0xBF, 0x56, 0xA7, 0x53, 0x90, 0x43, 0x4C, 0x18, 0x1A,
    0xCF, 0xE3, 0x73, 0x3B, 0x6D, 0x4A, 0xB8, 0x77, 0xAE, 0xCC, 0x66, 0x85, 0x32, 0x27, 0x28, 0x6B,
    0xA0, 0x3E, 0xA8, 0x01, 0x3B, 0xF7, 0x68, 0xC4, 0x9E, 0x5C, 0x56, 0x41, 0x2B, 0x13, 0xEA, 0x8E,
    0x6F, 0xEC, 0xD6, 0x6B, 0x17, 0x71, 0xBE, 0xC9, 0xF2, 0x2C, 0x3C, 0x08, 0x63, 0x6F, 0x2D, 0xB7,
    0x4D, 0x39, 0x3E, 0xFD, 0x9E, 0xF4, 0xCC, 0x0F, 0x21, 0x23, 0xA8, 0xD6, 0x87, 0xB2, 0x54, 0x3F,
    0x2D, 0xCB, 0xAB, 0xA6, 0x1C, 0x58, 0xCF, 0x46, 0x90, 0xDE, 0xF1, 0x69, 0x74, 0x84, 0xB6, 0x8A,
    0xB4, 0xB6, 0x62, 0x79, 0xDE, 0x03, 0x99, 0x5F, 0xA5, 0x47, 0x80, 0x56, 0x2C, 0x16, 0xF2, 0x87,
    0xE7, 0x23, 0x17, 0x66, 0x18, 0x33, 0xD1, 0x2A, 0xE0, 0x0F, 0x67, 0xA8, 0xBC, 0x9C, 0x2E, 0xD3,
    0x24, 0x79, 0xD0, 0x2A, 0x9E, 0x7B, 0x28, 0x86, 0x58, 0x42, 0x88, 0xA9, 0x5A, 0x5A, 0x24, 0x0F,
    0x57, 0x7D, 0x16, 0x53, 0xFE, 0xED, 0x41, 0xAD, 0x7A, 0xEE, 0x1B, 0xD0, 0x84, 0x49, 0xEA, 0x3A,
    0xED, 0x99, 0xB0, 0x93, 0x66, 0x61, 0x2A, 0x2C, 0x12, 0x97, 0x3C, 0x85, 0x4E, 0xD2, 0x34, 0x5A,
    0x4D, 0xD6, 0x46, 0x41, 0x08, 0x68, 0xC1, 0x58, 0x47, 0xEB, 0x17, 0xB6, 0x7D, 0xA9, 0x16, 0xDE,
    0x99, 0x62, 0x63, 0x7B, 0x03, 0xA4, 0x9E, 0xDB, 0xC5, 0x2D, 0x39, 0x8D, 0x95, 0xC0, 0x27, 0x47,
    0x27, 0x35, 0x9B, 0x8C, 0xC6, 0x6E, 0x6B, 0xD9, 0x0D, 0x7C, 0x98, 0x11, 0x94, 0xDC, 0xA6, 0x42,
    0x59, 0xF1, 0xE9, 0xE1, 0x0B, 0xE4, 0xC6, 0x9D, 0xE0, 0xC3, 0x02, 0xE3, 0x92, 0x6D, 0x55, 0xFA,
    0x7A, 0x21, 0x85, 0xFB, 0x9B, 0x02, 0xC8, 0x0D, 0x42, 0x6A, 0x4C, 0x52, 0x21, 0x11, 0xE3, 0xFD,
    0x7C, 0x07, 0x03, 0x45, 0x90, 0x1B, 0xEC, 0x5B, 0x08, 0xD2, 0x15, 0x18, 0x3B, 0x2A, 0x46, 0x35,
    0x68, 0x18, 0x98, 0x3D, 0x00, 0xCD, 0xB4, 0xF6, 0xF9, 0x96, 0xF8, 0x07, 0xF9, 0x7D, 0xBC, 0x4A,
    0x1F, 0xE6, 0xBF, 0xD5, 0x17, 0x3C, 0xAD, 0x48, 0xA3, 0x26, 0x8A, 0xB7, 0xFB, 0x1A, 0xF1, 0x1F,
    0x45, 0x65, 0x8E, 0x1E, 0xC0, 0xF8, 0xC0, 0xFA, 0xC0, 0xA0, 0x5A, 0xAF, 0x81, 0x50, 0x96, 0x40,
    0x63, 0xA7, 0x4D, 0xA3, 0x8D, 0xE6, 0xDD, 0xA3, 0x81, 0x4D, 0x21, 0x84, 0x92, 0x1B, 0x97, 0x9B,
    0xB7, 0xE9, 0x7C, 0x5D, 0xAC, 0x50, 0xE3, 0x4E, 0x47, 0x6C, 0x49, 0x0B, 0xE5, 0xA6, 0x06, 0x7C,
    0xFE, 0x05, 0x95, 0x6A, 0x00, 0x2B, 0x1E, 0x3B, 0x1F, 0x68, 0x2C, 0x6E, 0x6C, 0x34, 0xAD, 0x3A,
    0xCE, 0x81, 0xBD, 0xB3, 0xA5, 0x48, 0xE8, 0xE8, 0xD4, 0xE6, 0xA5, 0x18, 0xCA, 0x6D, 0x2A, 0x94,
    0xC2, 0x0B, 0x3F, 0xE3, 0x91, 0x9D, 0x98, 0x0A, 0x74, 0xB3, 0x22, 0x4A, 0x27, 0x05, 0x82, 0xED,
    0xDE, 0x62, 0xDD, 0x8B, 0x8A, 0xFC, 0x26, 0x35, 0xC5, 0x76, 0x25, 0x73, 0x11, 0x8E, 0x83, 0x21,
    0x42, 0xC6, 0xB3, 0x21, 0x79, 0x55, 0x1C, 0xB3, 0xF6, 0xE7, 0xC6, 0x67, 0x49, 0xB9, 0xC0, 0xB2,
    0x02, 0xC6, 0x71, 0x8D, 0x2F, 0xD1, 0x98, 0x1F, 0x18, 0xB1, 0xF3, 0xDC, 0xE5, 0x43, 0x91, 0xF5,
    0xFE, 0x73, 0x97, 0xA4, 0x75, 0xD9, 0x7A, 0x3F, 0x30, 0xBE, 0x34, 0x6E, 0x10, 0x7A, 0xB4, 0x99,
    0xC5, 0x67, 0xB3, 0x05, 0x31, 0x80, 0xDB, 0xF5, 0x62, 0x55, 0xB8, 0xA9, 0xC2, 0x91, 0x26, 0xDF,
    0x8C, 0xF2, 0x68, 0x62, 0x80, 0x24, 0x0B, 0xE6, 0x26, 0xE7, 0xC0, 0x94, 0xB9, 0xFB, 0xBC, 0x05,
    0xB2, 0xBF, 0xE7, 0xC7, 0x64, 0x35, 0x0B, 0x00, 0xF5, 0xCA, 0x0D, 0xBA, 0xBA, 0x07, 0xA6, 0x43,
    0xD7, 0xAE, 0x2E, 0x6A, 0xCD, 0x41, 0xEF, 0xB4, 0x71, 0x5C, 0x80, 0xC3, 0x08, 0x07, 0xBD, 0x5B,
    0x9D, 0xC0, 0xBC, 0xD6, 0x48, 0x75, 0x95, 0x60, 0xA6, 0x21, 0xDA, 0xFF, 0x9A, 0x5E, 0x52, 0xFD,
    0xD7, 0xCE, 0xCE, 0xD9, 0xD7, 0xD8, 0x03, 0x81, 0x2E, 0x17, 0x05, 0x54, 0x87, 0x74, 0xEC, 0xE9,
    0xB5, 0x25, 0x9C, 0x6B, 0x76, 0x03, 0x33, 0x6D, 0xA1, 0x8C, 0xF6, 0x8C, 0x50, 0x7A, 0xB9, 0x18,
    0x4C, 0x2A, 0x46, 0x92, 0x8A, 0xAD, 0x45, 0xAB, 0x51, 0x7B, 0x93, 0xA3, 0x4E, 0x4D, 0x76, 0x6D,
    0xB3, 0x73, 0xE9, 0x55, 0xDD, 0xCF, 0xE6, 0x3B, 0xCC, 0xF6, 0xDF, 0xE0, 0x29, 0xA7, 0x92, 0x0E,
    0x57, 0x0E, 0x0A, 0xCF, 0x48, 0x62, 0xCF, 0x8E, 0x26, 0xC0, 0x1D, 0xCC, 0x12, 0x54, 0x6A, 0xD4,
    0x60, 0x94, 0x13, 0xE9, 0x0D, 0xA5, 0xBF, 0xF5, 0x79, 0xFB, 0xEA, 0x39, 0xEE, 0x97, 0x6A, 0x12,
    0xA1, 0x85, 0x8F, 0x4A, 0xA0, 0xC6, 0x18, 0x4E, 0x85, 0x6C, 0x25, 0xE1, 0x5A, 0xB6, 0x2E, 0x68,
    0x7C, 0x66, 0xFF, 0x30, 0x4F, 0x8E, 0x03, 0x18, 0xEA, 0xC0, 0x25, 0x73, 0x60, 0xD4, 0x1C, 0xD8,
    0x24, 0x07, 0x18, 0xD5, 0xC1, 0xC0, 0x8F, 0x10, 0x9D, 0xC0, 0x7B, 0x93, 0xF1, 0x89, 0x30, 0x2F,
    0x05, 0xD6, 0x27, 0xD2, 0x49, 0x62, 0xD7, 0x57, 0x43, 0x7E, 0xC5, 0xF7, 0xFD, 0xAA, 0x5F, 0x5C,
    0xF0, 0x73, 0x8A, 0x65, 0x5C, 0x71, 0x10, 0x47, 0xD1, 0xCF, 0xD9, 0x2E, 0xDF, 0x0A, 0x00, 0x43,
    0xE1, 0x4F, 0x29, 0x20, 0x32, 0x6A, 0xCD, 0x5F, 0x53, 0xD9, 0x3B, 0xBA, 0xC3, 0xC0, 0xA4, 0x45,
    0x6E, 0xFC, 0xE1, 0x3C, 0x5C, 0xF9, 0x61, 0xB8, 0x52, 0x6A, 0x18, 0xDE, 0x95, 0x1A, 0xB6, 0xE4,
    0x57, 0xD1, 0xB0, 0xC5, 0x48, 0x05, 0x1C, 0xB6, 0x02, 0xAB, 0xF2, 0xDF, 0xE4, 0x59, 0xBF, 0xC4,
    0x6B, 0x1C, 0xA6, 0x52, 0x7D, 0x3E, 0x7D, 0xBD, 0xE1, 0xEF, 0x47, 0x9E, 0x7F, 0x5C, 0x79, 0xE1,
    0xF1, 0x05, 0x4F, 0x1D, 0xF7, 0xC6, 0xE2, 0xE3, 0x7E, 0x01, 0x26, 0xC7, 0xAD, 0xCD, 0xC7, 0xE0,
    0xDD, 0x80, 0xED, 0x08, 0xA3, 0x5E, 0xF2, 0xC1, 0xB7, 0x33, 0x4D, 0x62, 0xF4, 0xEE, 0x9C, 0x39,
    0x23, 0x5D, 0xFB, 0x74, 0x94, 0xB7, 0x83, 0xB8, 0x08, 0x74, 0x09, 0x6F, 0x30, 0xAC, 0xC2, 0x2B,
    0x64, 0x4F, 0x71, 0xCF, 0xD4, 0x24, 0x50, 0x7C, 0x42, 0xEE, 0xD4, 0x09, 0x28, 0xA5, 0x50, 0x47,
    0x9E, 0xD8, 0x58, 0xD9, 0x20, 0x89, 0x9B, 0x03, 0xB6, 0xCE, 0x81, 0xBF, 0x72, 0x8E, 0xA8, 0xE6,
    0xAC, 0x60, 0x81, 0x6D, 0x3F, 0x4F, 0x42, 0x95, 0x6B, 0xF5, 0x0C, 0xB2, 0x03, 0x4E, 0x72, 0xD8,
    0x12, 0x32, 0x44, 0x2F, 0xC5, 0xEC, 0xDF, 0xC5, 0x69, 0x00, 0x51, 0xB9, 0x2E, 0x5E, 0xA9, 0xC8,
    0xB0, 0xD3, 0x77, 0x4D, 0x09, 0x83, 0x01, 0x52, 0x86, 0xFC, 0xAA, 0x2A, 0x6B, 0x2A, 0x03, 0x83,
    0x18, 0xDB, 0x2B, 0x73, 0x34, 0x2C, 0x3F, 0x55, 0x25, 0x8F, 0x1D, 0x4C, 0x8F, 0x3D, 0xD0, 0x52,
    0x0D, 0xAA, 0xBC, 0xCC, 0xC4, 0xF2, 0x98, 0x4E, 0x9E, 0x3F, 0x5C, 0x24, 0xAF, 0x32, 0x9C, 0x23,
    0x0F, 0x74, 0xC2, 0xDA, 0x0D, 0xE3, 0x45, 0xE1, 0x32, 0x5D, 0x9E, 0x83, 0x6C, 0x38, 0xC0, 0x58,
    0x47, 0x80, 0x1C, 0xD2, 0xD0, 0x0C, 0xB4, 0x40, 0xB3, 0xBF, 0x1E, 0x38, 0x1C, 0xAF, 0x69, 0xF6,
    0xF8, 0x8C, 0xB3, 0x34, 0xAD, 0x0A, 0x49, 0x30, 0xAE, 0x15, 0x74, 0xA9, 0xF6, 0x66, 0x81, 0x91,
    0x0A, 0x0D, 0xD9, 0xD2, 0x39, 0x26, 0xEC, 0x65, 0x8D, 0x86, 0x6D, 0x99, 0xEA, 0x65, 0x73, 0x89,
    0xAC, 0x0C, 0x0D, 0xB3, 0x84, 0x18, 0xD3, 0x72, 0xB4, 0xCD, 0xA2, 0x0C, 0x72, 0x9E, 0x4A, 0xE4,
    0x63, 0x35, 0x0E, 0x49, 0x33, 0x01, 0xB7, 0xA9, 0x8A, 0x09, 0x5C, 0xB0, 0x4F, 0xC7, 0xCE, 0xF5,
    0x1B, 0x81, 0xC1, 0xA1, 0xE2, 0x8E, 0xBB, 0xDD, 0xA9, 0x1B, 0xC0, 0xD1, 0x40, 0xCE, 0xA0, 0x0A,
    0x08, 0x9B, 0x56, 0xB3, 0x53, 0x23, 0xAE, 0x55, 0x1C, 0x7B, 0x38, 0x3F, 0xCE, 0x00, 0xEB, 0x9F,
    0x4F, 0x69, 0x70, 0xA0, 0x3D, 0xB0, 0x2D, 0x00, 0x56, 0x1A, 0x4C, 0x59, 0x26, 0xE7, 0x6A, 0x03,
    0x6A, 0xD7, 0x61, 0x4F, 0x23, 0xAA, 0xEA, 0xE0, 0x09, 0xA9, 0x77, 0xA7, 0xA6, 0x54, 0x23, 0x49,
    0x54, 0xA8, 0x39, 0x9E, 0xB4, 0xEF, 0xC5, 0xD7, 0xB9, 0x1F, 0xF7, 0x37, 0x34, 0x39, 0xBA, 0xE8,
    0x53, 0xC3, 0x5F, 0x28, 0xC6, 0x56, 0x6D, 0x31, 0x49, 0x96, 0xE1, 0x11, 0x85, 0x6C, 0xC3, 0xD5,
    0xE8, 0x0B, 0x91, 0x9D, 0x59, 0x7C, 0x66, 0x72, 0x0B, 0x8F, 0x71, 0xCF, 0xF9, 0x00, 0x7C, 0xC3,
    0xF8, 0xE6, 0xB5, 0x1B, 0x53, 0x25, 0x47, 0x84, 0xDA, 0x81, 0x61, 0xA6, 0x37, 0x3F, 0x04, 0x2F,
    0x7D, 0x0E, 0x82, 0x41, 0x14, 0x58, 0x26, 0x74, 0x84, 0xB3, 0xA4, 0x3D, 0xE3, 0x05, 0xBA, 0xA8,
    0xD5, 0x6E, 0x04, 0x27, 0x0E, 0x9C, 0xE5, 0x42, 0x6D, 0x1C, 0x26, 0xEB, 0x1F, 0xC9, 0xFA, 0x0F,
    0x0D, 0x0D, 0x57, 0x3A, 0xB6, 0x9F, 0xAC, 0x33, 0xB8, 0xEF, 0x57, 0xB2, 0xC7, 0xC9, 0xBC, 0x9F,
    0x71, 0xC9, 0x9F, 0xA5, 0x5C, 0x91, 0x6C, 0x47, 0x47, 0x3F, 0x76, 0x38, 0x0D, 0x4D, 0x58, 0xAD,
    0x43, 0x9C, 0xDF, 0xE8, 0x33, 0xA3, 0x3A, 0x1C, 0xC3, 0x41, 0xD8, 0x3F, 0x23, 0x06, 0x01, 0xC0,
    0xB0, 0x30, 0xA0, 0x04, 0x8D, 0xCD, 0x71, 0x14, 0xEB, 0x92, 0x1C, 0xE2, 0x3F, 0xEF, 0x45, 0x8C,
    0x7B, 0x2C, 0x09, 0x2F, 0x91, 0xFF, 0xA8, 0x0A, 0xF7, 0x0C, 0x74, 0x14, 0xDD, 0x11, 0xD0, 0xCB,
    0xFC, 0x94, 0x11, 0xA9, 0x9F, 0xE9, 0x4A, 0x3D, 0x82, 0x9B, 0x12, 0xD7, 0x5D, 0x03, 0xE2, 0x99,
    0xB3, 0x9D, 0x06, 0x7E, 0xF8, 0x52, 0x4F, 0xEC, 0x67, 0x12, 0x00, 0x40, 0x38, 0xC9, 0xB3, 0x30,
    0xF6, 0x58, 0x31, 0xA5, 0x11, 0x74, 0xC8, 0x22, 0x1C, 0x7A, 0x4C, 0x88, 0xAA, 0xCF, 0x8A, 0xAB,
    0x3A, 0xC4, 0x81, 0x9A, 0xAA, 0xCB, 0x33, 0x0A, 0x1D, 0x36, 0x3C, 0xCA, 0x5A, 0xA4, 0xD1, 0xE9,
    0xC8, 0x6A, 0x42, 0xC4, 0x19, 0x49, 0x50, 0x1A, 0x92, 0xA0, 0x2C, 0xD9, 0xA2, 0x43, 0x80, 0xC6,
    0x8C, 0x3E, 0xBD, 0x42, 0xBD, 0x1F, 0x07, 0xD7, 0x01, 0x0B, 0xEC, 0xE4, 0x46, 0x50, 0x78, 0xD6,
    0x8A, 0x58, 0xDB, 0x71, 0x4C, 0x0C, 0xFC, 0xE4, 0x6F, 0xA8, 0xB3, 0x38, 0xBF, 0xC8, 0xD7, 0xB9,
    0x1F, 0xF7, 0xD7, 0x70, 0xC2, 0x91, 0x5D, 0x48, 0x71, 0x02, 0x6C, 0x16, 0x8D, 0x9C, 0x68, 0x56,
    0xB9, 0xFB, 0x90, 0x0E, 0x06, 0x42, 0x7F, 0xE6, 0x43, 0xF6, 0xE4, 0xFD, 0xC2, 0x52, 0x93, 0xA1,
    0x9C, 0xAF, 0x3B, 0x9B, 0xE7, 0x78, 0xE4, 0xC6, 0x1C, 0xD1, 0xBE, 0x47, 0xF9, 0x90, 0x1D, 0x3F,
    0x7A, 0x8A, 0x9B, 0x73, 0xD9, 0xB4, 0xCC, 0xE4, 0x50, 0x22, 0xDC, 0x37, 0x9E, 0x7B, 0x23, 0xE6,
    0xB0, 0x05, 0x6B, 0x3E, 0xAA, 0x72, 0x2F, 0x9E, 0x88, 0x56, 0x82, 0x34, 0xCC, 0x4D, 0x11, 0x16,
    0x98, 0x86, 0xB9, 0x81, 0x35, 0xF6, 0x38, 0xBE, 0xE4, 0xD1, 0x22, 0x5C, 0x1A, 0x43, 0xB9, 0xBF,
    0x49, 0xE6, 0x23, 0x33, 0x39, 0xD3, 0x61, 0xED, 0x3D, 0xFC, 0xB7, 0xCC, 0xF8, 0xE7, 0xC0, 0x8C,
    0x48, 0x0D, 0x24, 0x69, 0xBC, 0x65, 0x76, 0x62, 0x1D, 0xC6, 0x04, 0x3C, 0x68, 0x77, 0xC5, 0x5D,
    0xA1, 0xF1, 0xBE, 0xBE, 0x02, 0xCF, 0xC9, 0xD1, 0x98, 0x0A, 0x3E, 0x3B, 0x9C, 0x76, 0x65, 0xC0,
    0x74, 0x02, 0x3F, 0x5A, 0x41, 0xC8, 0x11, 0x58, 0xD8, 0x65, 0x17, 0x04, 0xBF, 0x73, 0x12, 0x4E,
    0xF6, 0x68, 0x26, 0x66, 0xF4, 0x58, 0x0D, 0xD3, 0xCF, 0x9D, 0x07, 0xDD, 0xFB, 0xB2, 0x04, 0xC0,
    0x03, 0x07, 0x0A, 0xA4, 0xC3, 0x36, 0xFF, 0x72, 0x86, 0xEE, 0x1F, 0x37, 0xE8, 0x48, 0xE8, 0xAA,
    0x7D, 0xE7, 0xA7, 0xDD, 0x48, 0xE8, 0xE2, 0xFA, 0x48, 0xE8, 0xEC, 0x5A, 0x24, 0x74, 0xCE, 0x68,
    0x68, 0x60, 0x61, 0xF4, 0x94, 0xAE, 0x62, 0xF9, 0x73, 0xA6, 0x55, 0xD8, 0xE3, 0xA5, 0x66, 0xE0,
    0x7D, 0x4A, 0x27, 0xDA, 0x86, 0xD6, 0x97, 0xEC, 0x13, 0x19, 0xA6, 0xB4, 0x3E, 0x17, 0x1C, 0x89,
    0xC4, 0x7C, 0xFC, 0xE6, 0xC4, 0xF1, 0x81, 0x8B, 0x31, 0x4B, 0x8C, 0xB5, 0x4C, 0xEE, 0x08, 0x77,
    0xFC, 0x76, 0xE6, 0x29, 0x34, 0x12, 0x8D, 0x1B, 0x1F, 0xA1, 0xFD, 0x6D, 0x5A, 0xB2, 0x53, 0x71,
    0xFF, 0xE3, 0xC7, 0xD1, 0xFC, 0x9E, 0x47, 0x83, 0xD4, 0xB8, 0x12, 0xA7, 0x5C, 0xAD, 0x97, 0xD9,
    0xD5, 0x8C, 0xFF, 0xE4, 0x93, 0x9D, 0x51, 0x4C, 0x28, 0xD6, 0x51, 0xF1, 0xF0, 0xF7, 0x88, 0xFE,
    0x2E, 0xEA, 0xEB, 0x03, 0xB6, 0x1E, 0xA0, 0x4D, 0x1F, 0x8E, 0xC3, 0x1A, 0xCB, 0xFF, 0x0A, 0xA2,
    0x58, 0xFF, 0x24, 0x18, 0x5C, 0x1B, 0x9B, 0xFB, 0x18, 0x58, 0xD7, 0xC7, 0x84, 0xFD, 0x13, 0xA2,
    0x1F, 0xE8, 0xE7, 0x4C, 0x4C, 0x6C, 0x37, 0x62, 0xF7, 0x23, 0xD7, 0x84, 0x8F, 0x53, 0xB5, 0x04,
    0xC6, 0x21, 0x6D, 0x6E, 0x9C, 0x80, 0xED, 0xD9, 0x45, 0x30, 0x30, 0xD1, 0x13, 0x9B, 0x87, 0xA2,
    0x77, 0xF9, 0xBE, 0xB9, 0x51, 0xDC, 0x63, 0xAE, 0xEA, 0x31, 0xF6, 0x6C, 0xD1, 0xA9, 0x4F, 0x8B,
    0x4B, 0x89, 0xB5, 0x15, 0xDE, 0x51, 0xEC, 0xC3, 0x6C, 0x4C, 0xC0, 0x7D, 0x1E, 0x8B, 0xA7, 0x6F,
    0xE9, 0xB9, 0x59, 0xFA, 0xE6, 0x09, 0x62, 0x8D, 0x61, 0x5F, 0xC7, 0x9A, 0x2D, 0x89, 0x4C, 0xD9,
    0x16, 0x34, 0xA4, 0x51, 0xA0, 0xBE, 0x32, 0xBE, 0x86, 0xEE, 0xB8, 0x0C, 0xB0, 0x7F, 0x18, 0x82,
    0x8D, 0x9E, 0xAC, 0x5F, 0x42, 0x87, 0x6E, 0x02, 0x20, 0x7D, 0x8E, 0x27, 0x5E, 0x07, 0xF0, 0x4B,
    0xF0, 0x84, 0x15, 0x72, 0xCE, 0x35, 0xC9, 0x51, 0xA9, 0xF7, 0xCB, 0xD2, 0xC3, 0x6F, 0x65, 0x43,
    0x35, 0xC6, 0xE4, 0x1C, 0x02, 0x5B, 0xB1, 0x9B, 0xF6, 0x48, 0x8A, 0xBE, 0x3D, 0x5A, 0x86, 0xC5,
    0x47, 0xB5, 0x21, 0x93, 0x2E, 0x5C, 0xAB, 0x61, 0x54, 0x0E, 0x95, 0x00, 0x48, 0x3F, 0x1D, 0x79,
    0x74, 0x10, 0xDE, 0x44, 0x99, 0x4A, 0x62, 0x9C, 0xD8, 0x99, 0xB1, 0x69, 0xCD, 0xF8, 0x0D, 0xF1,
    0x91, 0xCB, 0x6C, 0x49, 0x33, 0x6F, 0x65, 0xC7, 0x6E, 0x4D, 0xB8, 0x49, 0xD3, 0xA5, 0x13, 0x2E,
    0xE5, 0x5D, 0x36, 0x1E, 0x05, 0x97, 0xC6, 0xDD, 0xDA, 0x0A, 0x1C, 0xDD, 0x34, 0x66, 0x30, 0x33,
    0x99, 0xB9, 0x25, 0xBD, 0x45, 0xDF, 0xB5, 0x9C, 0x03, 0xC8, 0x61, 0x7F, 0x70, 0xD8, 0x3D, 0x82,
    0xFE, 0xF1, 0xBA, 0x44, 0x01, 0xE0, 0xCA, 0xB7, 0x62, 0xF5, 0x4E, 0x74, 0x9B, 0x63, 0xD7, 0xC0,
    0xA3, 0x42, 0x99, 0xEB, 0x42, 0x2D, 0x3D, 0x91, 0x9E, 0xB0, 0x27, 0xD2, 0xE3, 0xF9, 0x0F, 0x55,
    0xC7, 0x73, 0xAA, 0x7C, 0x36, 0x1E, 0x03, 0x6C, 0x63, 0xDF, 0x60, 0x60, 0x5D, 0xA4, 0x87, 0xE9,
    0x1E, 0xA4, 0x25, 0x49, 0x82, 0x0D, 0xF9, 0xAE, 0xBB, 0x25, 0xDA, 0xF6, 0xB2, 0x1B, 0x38, 0xF8,
    0x62, 0xB9, 0xBD, 0xD9, 0x33, 0x85, 0xFC, 0x26, 0xCB, 0x6E, 0xED, 0xCD, 0x8C, 0x20, 0x9D, 0xD2,
    0x48, 0x44, 0x61, 0x8A, 0x36, 0x9C, 0x44, 0xD9, 0x83, 0x93, 0x49, 0x90, 0x9B, 0xCA, 0x48, 0xF1,
    0x22, 0xE8, 0xB3, 0xC2, 0x01, 0x9C, 0x5E, 0xFA, 0x6C, 0x4E, 0x2F, 0x2A, 0xED, 0x5F, 0xDF, 0x9E,
    0x91, 0x3A, 0x69, 0xD8, 0x84, 0x79, 0x51, 0x1C, 0x94, 0xF7, 0x75, 0xF6, 0xB8, 0x9A, 0x26, 0xCD,
    0xFA, 0xA7, 0x33, 0xAC, 0x30, 0x38, 0xC9, 0xE8, 0x6A, 0x6C, 0x32, 0x7B, 0xF1, 0xF1, 0x39, 0x0E,
    0x4F, 0x78, 0x85, 0x80, 0xFD, 0x37, 0x53, 0xC7, 0x53, 0xD3, 0x60, 0x8D, 0x8E, 0x44, 0xF4, 0xD7,
    0x85, 0xBD, 0x9A, 0x2A, 0x43, 0xD0, 0x7E, 0x84, 0x1D, 0x4B, 0x40, 0xCC, 0x7C, 0x1A, 0x47, 0x66,
    0xD4, 0x88, 0x2B, 0x5F, 0x81, 0xA3, 0x8A, 0x5F, 0x83, 0x87, 0x5C, 0x76, 0x06, 0xFC, 0xDF, 0x81,
    0xB9, 0xC2, 0xAF, 0xF8, 0x11, 0x40, 0x2C, 0x36, 0xF7, 0x73, 0xD9, 0x79, 0x18, 0xC7, 0x3A, 0x5D,
    0x59, 0x84, 0xDF, 0xB0, 0x9C, 0x3A, 0xB0, 0xEB, 0x1B, 0x28, 0xC3, 0x3E, 0xF2, 0xAD, 0x00, 0x40,
    0xC2, 0xE2, 0x60, 0xEB, 0x2B, 0xAF, 0xC0, 0x00, 0x7F, 0xFE, 0x2A, 0x2E, 0xBD, 0xF3, 0x53, 0x56,
    0xFE, 0x6C, 0xF8, 0x6E, 0xFD, 0x08, 0xEB, 0x73, 0xE9, 0x4C, 0x40, 0xEE, 0x73, 0xA7, 0x23, 0x28,
    0xC8, 0xE0, 0x3C, 0x2D, 0x5A, 0x01, 0xF3, 0xA1, 0xF6, 0x79, 0x36, 0x36, 0xBB, 0xCB, 0x1B, 0x56,
    0x74, 0xD2, 0x7A, 0x9F, 0x0E, 0xB7, 0xBF, 0x49, 0x3B, 0x8A, 0xC7, 0x42, 0x98, 0x2A, 0x3C, 0x7F,
    0x48, 0xB1, 0x31, 0x47, 0x4C, 0x77, 0x70, 0x27, 0x20, 0xF3, 0x08, 0x27, 0x01, 0x6F, 0xC6, 0x04,
    0x42, 0x80, 0xE0, 0xB7, 0x22, 0x9D, 0xD7, 0x9D, 0x85, 0x88, 0xEA, 0x9C, 0xA0, 0xD9, 0x62, 0xD9,
    0x5D, 0x5B, 0x71, 0x0E, 0x9B, 0x79, 0xB6, 0x4C, 0x5D, 0x6A, 0x4F, 0xD1, 0x33, 0x11, 0x95, 0x25,
    0x8D, 0x29, 0xB6, 0x3A, 0xDE, 0x08, 0x30, 0xF8, 0x39, 0x8F, 0x55, 0x61, 0xA5, 0x5B, 0xD2, 0x81,
    0x6E, 0x1E, 0x16, 0xB7, 0x8E, 0xD1, 0xAD, 0x65, 0xBA, 0x95, 0x0E, 0x14, 0xF0, 0x40, 0xB7, 0xE0,
    0xE3, 0xAC, 0xD0, 0xAD, 0xA3, 0xE9, 0x40, 0x90, 0x93, 0x45, 0x7E, 0xF8, 0xF3, 0xD2, 0xFB, 0x94,
    0xBC, 0x95, 0xF5, 0x0F, 0x87, 0x88, 0x7F, 0x49, 0xDE, 0xE5, 0x40, 0xC7, 0xC9, 0xD2, 0x74, 0x57,
    0x03, 0x93, 0x3C, 0x3A, 0xA1, 0xC8, 0xC5, 0xCA, 0xBB, 0x40, 0x1D, 0x6E, 0x3D, 0x5D, 0x52, 0x17,
    0x64, 0x70, 0xE1, 0x25, 0x32, 0x6E, 0x71, 0x61, 0x68, 0x78, 0x2D, 0x5D, 0x4E, 0x0F, 0x42, 0x1F,
    0xE6, 0x74, 0x78, 0x91, 0xF3, 0xE0, 0x1C, 0xDC, 0x01, 0x72, 0x56, 0x00, 0xC7, 0x70, 0x50, 0x72,
    0x30, 0x5E, 0x21, 0x6B, 0xD8, 0x1C, 0xE0, 0x5D, 0x1E, 0x86, 0x2C, 0xC8, 0x99, 0x71, 0x8E, 0xC2,
    0x24, 0x32, 0xD4, 0x7C, 0x64, 0x4B, 0x03, 0xA3, 0x1A, 0x80, 0x63, 0x46, 0x04, 0xE2, 0x7D, 0x04,
    0xFD, 0x76, 0x43, 0x00, 0x70, 0x41, 0x33, 0xFF, 0x1A, 0xEB, 0xFE, 0x21, 0x98, 0x27, 0x5A, 0x44,
    0x1D, 0x47, 0x75, 0x05, 0x5B, 0x6F, 0xD8, 0x2C, 0x35, 0x28, 0x0C, 0xCC, 0xD1, 0xA5, 0xC1, 0x94,
    0xF5, 0x88, 0x98, 0xF1, 0x38, 0x35, 0xC6, 0x6C, 0x77, 0x8B, 0x53, 0xF4, 0x4A, 0x23, 0x69, 0xED,
    0xAF, 0x32, 0x05, 0x30, 0xB5, 0xAD, 0x6A, 0xAB, 0xB6, 0x44, 0xDA, 0x21, 0xDA, 0xF2, 0x7A, 0x01,
    0xF7, 0x15, 0x7A, 0xC3, 0x82, 0x3A, 0x25, 0x96, 0xEA, 0xC6, 0xEA, 0xBA, 0x5A, 0xAA, 0x2D, 0x82,
    0x4B, 0x96, 0x37, 0x9C, 0x3F, 0x89, 0x7A, 0x4A, 0x30, 0x00, 0xE9, 0xA9, 0xFC, 0xDC, 0x15, 0xD4,
    0xB7, 0x76, 0x37, 0x97, 0xB4, 0xC2, 0xB7, 0x9E, 0xC0, 0x33, 0xA1, 0xAE, 0x5E, 0x9A, 0xB8, 0xFB,
    0xD8, 0x69, 0xE5, 0x1D, 0x20, 0x78, 0xF0, 0x85, 0xBB, 0x6E, 0x2B, 0x29, 0x27, 0xD0, 0x6E, 0xE3,
    0xD3, 0x31, 0xFF, 0x6C, 0x72, 0xE3, 0x77, 0x9B, 0xE2, 0x5A, 0x93, 0xED, 0xFB, 0xC9, 0x1A, 0x60,
    0x0C, 0xEB, 0xAC, 0xA2, 0xD4, 0x60, 0xA4, 0x31, 0xEF, 0x2C, 0x91, 0x3F, 0x36, 0xB5, 0x21, 0x1E,
    0xF5, 0xBF, 0x22, 0x8D, 0x38, 0xE1, 0x27, 0x13, 0x04, 0xAB, 0xC6, 0x41, 0x29, 0xC1, 0xF1, 0x28,
    0xDD, 0x04, 0x1D, 0x29, 0x65, 0xF2, 0xA4, 0x36, 0xE4, 0x22, 0x1F, 0x34, 0x7B, 0x5D, 0x27, 0x40,
    0xF1, 0xAB, 0x42, 0x1B, 0x79, 0x1F, 0x92, 0x54, 0xB5, 0x7E, 0x2B, 0x43, 0xFB, 0xE5, 0x38, 0x84,
    0x88, 0xF5, 0xD6, 0x2A, 0xCE, 0xF9, 0xD6, 0xA5, 0xA8, 0x60, 0x5E, 0x0F, 0x9C, 0xAB, 0x09, 0xEF,
    0xD5, 0xC1, 0x53, 0xFA, 0x9B, 0x9C, 0x39, 0x58, 0x66, 0x14, 0x54, 0xB5, 0xE3, 0x70, 0xF4, 0x02,
    0x7C, 0x7B, 0xE5, 0x0F, 0xA1, 0x84, 0xBE, 0xEF, 0xE7, 0xAB, 0xA3, 0x47, 0x95, 0xCD, 0xB1, 0xEB,
    0xBF, 0xD6, 0x50, 0xEA, 0x4E, 0x6F, 0x52, 0x79, 0x7B, 0x28, 0xA5, 0x93, 0xCA, 0x39, 0x6D, 0xF7,
    0x2C, 0x3D, 0xB1, 0x3F, 0x48, 0x71, 0x14, 0x95, 0xFE, 0x62, 0x1B, 0x1C, 0x35, 0x4D, 0x9C, 0x9F,
    0x58, 0xD0, 0x79, 0x2D, 0x8F, 0x8C, 0x45, 0xD6, 0x14, 0x3B, 0xCD, 0x49, 0x97, 0x04, 0x27, 0x9B,
    0xAD, 0xB5, 0xA2, 0x73, 0x0C, 0xF1, 0xB6, 0x39, 0x06, 0x00, 0xE4, 0xB6, 0x16, 0xC7, 0xB4, 0xEC,
    0xC3, 0x1C, 0xF2, 0x58, 0xD2, 0x22, 0x27, 0x69, 0x94, 0x03, 0x74, 0x7A, 0x49, 0x1A, 0xBF, 0x16,
    0x2C, 0x2D, 0x27, 0xB6, 0x1A, 0x8E, 0x06, 0x16, 0xD6, 0x22, 0x6F, 0xF0, 0xBD, 0x24, 0x7C, 0x2F,
    0xFB, 0x2F, 0xC9, 0xFA, 0x25, 0x99, 0x69, 0xE4, 0xAD, 0xB9, 0x29, 0xDF, 0x4E, 0x77, 0x1D, 0x82,
    0x37, 0xC8, 0xA8, 0x3D, 0x27, 0x26, 0x76, 0x35, 0x44, 0x21, 0x91, 0x7B, 0xEE, 0x88, 0xDE, 0x21,
    0xD6, 0x32, 0xE2, 0x0B, 0x5B, 0x67, 0xC4, 0x59, 0x6D, 0x7C, 0xB2, 0x31, 0x23, 0x5E, 0x0A, 0x42,
    0x86, 0xA4, 0x1A, 0xEA, 0xAC, 0x55, 0xCE, 0x79, 0x80, 0x19, 0xE1, 0x03, 0x9D, 0x09, 0xAC, 0x4F,
    0xD3, 0x8D, 0x15, 0x64, 0xB4, 0xC9, 0xFA, 0x40, 0xB8, 0x9C, 0x86, 0x5B, 0x9E, 0x65, 0x74, 0xD7,
    0x0D, 0x41, 0x0F, 0x41, 0x94, 0x5C, 0xAA, 0xB5, 0xDF, 0x72, 0x49, 0x27, 0xD8, 0xEF, 0xA1, 0x59,
    0xAA, 0xD5, 0xE7, 0x60, 0xED, 0x37, 0x65, 0x20, 0xD2, 0x34, 0xC4, 0x94, 0xC0, 0x8A, 0xBE, 0x27,
    0x1F, 0xBD, 0x7A, 0x48, 0xEF, 0xC6, 0xD9, 0xB6, 0xB6, 0xE6, 0xAF, 0x18, 0x5A, 0xAC, 0x35, 0x15,
    0x3B, 0x15, 0x16, 0x82, 0x5F, 0x76, 0xEB, 0x3A, 0x4E, 0xC7, 0x40, 0xCC, 0x36, 0x99, 0x2D, 0x8E,
    0xDE, 0xF5, 0xD6, 0xC2, 0x9C, 0x0E, 0x7D, 0xAF, 0x4B, 0xF8, 0x6B, 0x0D, 0x57, 0x21, 0xD5, 0x2D,
    0x58, 0xA5, 0xF1, 0x69, 0x55, 0x58, 0x55, 0x24, 0xBA, 0xDC, 0x95, 0xF4, 0x9A, 0x2D, 0x8C, 0xB1,
    0x56, 0xFA, 0xF2, 0xD5, 0xA7, 0xB8, 0x8C, 0x3F, 0x75, 0x0C, 0x63, 0x9A, 0x4B, 0x2F, 0xD2, 0x53,
    0x79, 0x2E, 0xDF, 0xCE, 0xB8, 0x71, 0x80, 0x4D, 0x57, 0xE7, 0xE1, 0xE7, 0x54, 0xF5, 0x9C, 0x1A,
    0xFF, 0x39, 0x3F, 0xDC, 0x38, 0xA7, 0x08, 0x65, 0xA2, 0x93, 0x4A, 0xEF, 0x29, 0x37, 0xDF, 0x16,
    0x49, 0xA2, 0xEE, 0xF0, 0xFE, 0x27, 0x7F, 0x73, 0x59, 0x97, 0xA7, 0x1B, 0xA4, 0x67, 0x32, 0xB4,
    0xC7, 0x80, 0xCF, 0xDB, 0xAA, 0x74, 0x3C, 0x53, 0xD0, 0xDD, 0xE5, 0x90, 0xC1, 0x38, 0xA7, 0xD4,
    0x01, 0x36, 0xE8, 0x09, 0x05, 0xA6, 0x39, 0xCE, 0xCD, 0xC9, 0xDB, 0x53, 0xD3, 0xC1, 0x28, 0x27,
    0x7C, 0x53, 0x1F, 0x7C, 0xAD, 0xE1, 0x5D, 0x48, 0x69, 0xB4, 0xC2, 0xBD, 0xFA, 0x36, 0x3F, 0x65,
    0xB5, 0xEB, 0x76, 0x42, 0xC4, 0x39, 0x26, 0x5D, 0xA0, 0xE3, 0xB1, 0x1D, 0xFC, 0x0C, 0x86, 0xEA,
    0x54, 0x6B, 0x5E, 0xEE, 0x07, 0x3C, 0x63, 0xF7, 0x41, 0x3B, 0x5A, 0xFC, 0x84, 0x93, 0xD3, 0x02,
    0x6B, 0xD1, 0xE3, 0x03, 0x6C, 0x98, 0xC8, 0xE2, 0xFD, 0x4C, 0xA4, 0xB8, 0x79, 0x9F, 0xC3, 0x6E,
    0xE7, 0xA5, 0xED, 0x9C, 0xEC, 0xD6, 0x72, 0x73, 0xFF, 0x1C, 0x47, 0x2E, 0x37, 0x7F, 0x9D, 0xB9,
    0x32, 0x3C, 0x09, 0x76, 0x87, 0xEC, 0x1B, 0x3C, 0xCE, 0x62, 0x77, 0x6F, 0xE8, 0x83, 0xDB, 0xF1,
    0xF5, 0x04, 0xBC, 0x47, 0x1F, 0x37, 0x15, 0x9A, 0x9D, 0xE0, 0xC4, 0xAE, 0x52, 0xE9, 0x19, 0x0E,
    0xD3, 0xBB, 0x1D, 0x32, 0x1C, 0x16, 0x30, 0x3A, 0x6E, 0xD7, 0x63, 0x65, 0xC0, 0xD2, 0xCD, 0xEA,
    0x8D, 0x47, 0x69, 0x88, 0x63, 0x28, 0x4B, 0x34, 0xD1, 0xA2, 0x79, 0x56, 0x59, 0x59, 0xE6, 0x5E,
    0x27, 0x32, 0x3A, 0x68, 0xEC, 0x60, 0xA4, 0x93, 0x77, 0xFB, 0x65, 0xB6, 0xB7, 0x40, 0x97, 0x8C,
    0x45, 0xCD, 0xC8, 0x3A, 0x2B, 0x4D, 0x9D, 0x98, 0xE7, 0x40, 0x24, 0x9D, 0x9F, 0x97, 0xB4, 0x60,
    0x71, 0x78, 0x39, 0xAD, 0x7A, 0xFB, 0x08, 0x43, 0x97, 0x2C, 0x76, 0x2F, 0xAD, 0xF4, 0xCB, 0xDB,
    0xBC, 0x84, 0x25, 0x8F, 0x92, 0xF5, 0xC5, 0x2A, 0xFB, 0xCC, 0x1A, 0xD6, 0xE9, 0xF5, 0x50, 0x7A,
    0x29, 0xA6, 0x26, 0x74, 0x58, 0xD1, 0xFC, 0x38, 0xC4, 0x62, 0x84, 0x3A, 0x06, 0xAC, 0x6B, 0xC0,
    0xF1, 0xB4, 0x50, 0x47, 0x36, 0x38, 0xAA, 0x75, 0x8C, 0xCE, 0xC3, 0x59, 0x6B, 0xAC, 0x73, 0xC1,
    0xD8, 0x33, 0xDD, 0xF1, 0x86, 0xAF, 0xA1, 0x75, 0x04, 0x78, 0xA3, 0x4B, 0x00, 0x38, 0x45, 0xD5,
    0x6E, 0x01, 0xD0, 0x00, 0xCE, 0xE8, 0x3D, 0xC3, 0x10, 0x83, 0x4B, 0x85, 0xE7, 0x7B, 0x3D, 0xA6,
    0x46, 0xBA, 0xE9, 0xEE, 0x9E, 0xB0, 0xD6, 0x9C, 0xE2, 0x10, 0x82, 0xE6, 0x3B, 0x66, 0x2A, 0x47,
    0x6F, 0x69, 0xD9, 0x05, 0xD6, 0x12, 0x19, 0xD6, 0x5A, 0x47, 0x84, 0x75, 0x9A, 0xA9, 0x53, 0xA0,
    0x0E, 0x59, 0x33, 0xB5, 0xF2, 0x3D, 0x16, 0x72, 0x49, 0x1B, 0xCC, 0x35, 0xA5, 0xF3, 0x0D, 0x2A,
    0xD0, 0x84, 0x5F, 0xA2, 0x18, 0xB5, 0x74, 0x8A, 0xB6, 0x1E, 0xBC, 0x2F, 0x8F, 0x78, 0x63, 0x1E,
    0xF1, 0xCE, 0x3C, 0xE2, 0xAD, 0x79, 0xC4, 0x7B, 0xF3, 0x80, 0x4E, 0xF7, 0x41, 0x21, 0xC5, 0x9C,
    0x56, 0x50, 0x60, 0x26, 0xDE, 0x9F, 0x47, 0xBC, 0x41, 0x8F, 0x78, 0x87, 0x1E, 0xF1, 0x16, 0x3D,
    0x58, 0x22, 0x59, 0x0A, 0x00, 0x8B, 0x78, 0x4F, 0x59, 0xEA, 0xF8, 0x3B, 0xDD, 0x70, 0x63, 0x9E,
    0xB7, 0x53, 0x40, 0xD8, 0x5D, 0x59, 0x06, 0x8D, 0xCA, 0x62, 0x54, 0xFE, 0x69, 0x70, 0x50, 0x3E,
    0x2D, 0xFF, 0x56, 0x1E, 0x88, 0x6E, 0xC9, 0x03, 0x37, 0x3F, 0x92, 0x07, 0xFE, 0xFE, 0x92, 0x3C,
    0x50, 0x7E, 0x45, 0x1E, 0x18, 0xB5, 0xAE, 0x1C, 0x70, 0xBB, 0x8C, 0xB4, 0x90, 0x32, 0x92, 0x11,
    0xDF, 0x5D, 0x8C, 0x4D, 0x89, 0x4E, 0x5F, 0x43, 0xF0, 0x47, 0xC4, 0x7D, 0x6F, 0x78, 0x35, 0x45,
    0x00, 0xCB, 0x4F, 0x69, 0xBC, 0x6E, 0x0A, 0x90, 0x47, 0xF6, 0x1F, 0xCA, 0x76, 0x49, 0x18, 0xF3,
    0x1B, 0xB7, 0xFD, 0x38, 0xAB, 0x3A, 0x28, 0xC4, 0xF1, 0x9A, 0xCF, 0xA0, 0x05, 0xE7, 0xE6, 0xD6,
    0xD4, 0xE2, 0x7D, 0x4C, 0x81, 0x09, 0x78, 0x49, 0x9A, 0x87, 0x76, 0x33, 0x05, 0x70, 0x26, 0x56,
    0xF5, 0xC6, 0xB5, 0x73, 0x64, 0x5D, 0x66, 0x2E, 0x3A, 0xCC, 0xEC, 0xC7, 0x3C, 0x58, 0xE4, 0xC6,
    0x77, 0x70, 0xA1, 0xE2, 0xA0, 0xCB, 0xED, 0x69, 0x91, 0xEE, 0x00, 0xB7, 0x3E, 0x9E, 0xE6, 0xCD,
    0x7A, 0xB8, 0xCA, 0xBA, 0x0B, 0x4B, 0x84, 0x2E, 0x98, 0x04, 0xBA, 0x4C, 0x72, 0xFC, 0x31, 0x79,
    0x75, 0x95, 0xF6, 0x5A, 0xAB, 0x1C, 0x34, 0x6E, 0xF2, 0x8C, 0xA0, 0x04, 0x8C, 0x79, 0xE8, 0x5D,
    0xF7, 0x1A, 0x14, 0xEF, 0x38, 0xCF, 0xC5, 0xD7, 0x0D, 0xBB, 0xC0, 0x23, 0xD3, 0x33, 0x47, 0x02,
    0x67, 0xD5, 0xC9, 0x62, 0x9C, 0xC3, 0x39, 0x2A, 0x5C, 0xA0, 0xFE, 0x78, 0xD7, 0x3B, 0xFB, 0xF7,
    0x9A, 0x98, 0x32, 0x59, 0xAB, 0x5A, 0x51, 0xA6, 0x58, 0xD4, 0xE6, 0x84, 0xFC, 0x02, 0xC5, 0xED,
    0x79, 0xD5, 0xAE, 0x9D, 0x4B, 0xB1, 0x28, 0x44, 0x7C, 0xF4, 0xF5, 0x08, 0x54, 0xE9, 0x50, 0x1A,
    0x06, 0xA8, 0xF4, 0xFA, 0x4A, 0x16, 0x43, 0xE3, 0xD7, 0x5D, 0x03, 0x49, 0xB0, 0x3C, 0xF2, 0xDD,
    0xA9, 0x17, 0xB4, 0xDA, 0xA9, 0xE8, 0x1D, 0x52, 0x8E, 0x18, 0x41, 0x3F, 0xB6, 0x57, 0x66, 0x96,
    0xBA, 0xDB, 0x33, 0x41, 0xA7, 0xDA, 0xF4, 0x57, 0x69, 0xEA, 0x9C, 0x63, 0x8A, 0x31, 0x20, 0xCE,
    0x9D, 0x23, 0x50, 0xB1, 0x11, 0x94, 0x70, 0xE9, 0xA8, 0x70, 0x52, 0x1B, 0x89, 0x55, 0x36, 0x3F,
    0x44, 0x8F, 0x97, 0xD7, 0x76, 0xA5, 0xDD, 0xEF, 0xD0, 0x9C, 0x86, 0xCF, 0xD1, 0xDE, 0xBD, 0xBB,
    0x99, 0x86, 0x0E, 0x0C, 0xDA, 0xCF, 0x73, 0xF0, 0xD8, 0xEC, 0x8D, 0xC5, 0x3D, 0xD8, 0x9D, 0xCA,
    0xA9, 0xDD, 0x7A, 0xEA, 0xC9, 0x7B, 0xB2, 0x5B, 0x98, 0x22, 0x18, 0xD0, 0xEC, 0xEF, 0x84, 0x36,
    0x77, 0xB9, 0xEB, 0x39, 0x4D, 0xCE, 0x3C, 0xBC, 0x37, 0x83, 0x25, 0x3B, 0xD9, 0x4D, 0x56, 0x4E,
    0x9A, 0xDF, 0xA9, 0x35, 0xD9, 0xE2, 0x38, 0xDA, 0xF5, 0xC1, 0xE1, 0x6D, 0xF8, 0x76, 0xD1, 0xFA,
    0x44, 0xDD, 0xE2, 0x4B, 0x2F, 0x64, 0x43, 0x00, 0xAD, 0xC2, 0xCC, 0x0D, 0x4E, 0xCB, 0x6C, 0x4F,
    0x80, 0xCE, 0xC1, 0x3B, 0x57, 0xA8, 0xBF, 0x21, 0x3A, 0x5B, 0x49, 0x74, 0xE1, 0xFF, 0xCA, 0x90,
    0xE7, 0xEB, 0x62, 0xA6, 0x13, 0x5B, 0xB7, 0x12, 0x69, 0xB0, 0xAB, 0xB8, 0xBB, 0x1D, 0xD6, 0xE9,
    0x7F, 0x80, 0x18, 0x53, 0x3B, 0xDA, 0x43, 0x90, 0x89, 0xFF, 0x69, 0x71, 0x2F, 0xFF, 0x77, 0x60,
    0x90, 0x7D, 0x46, 0xA4, 0x8C, 0xB1, 0xC3, 0xB1, 0xA0, 0x55, 0xB0, 0x0C, 0xDF, 0xFD, 0xEE, 0x37,
    0xE6, 0xF9, 0x36, 0xD6, 0xED, 0xF2, 0x7C, 0xE9, 0xEA, 0xF7, 0xF7, 0x6F, 0x91, 0xF3, 0xD3, 0xD1,
    0xBC, 0xEA, 0x5A, 0xCE, 0x6F, 0xBA, 0x27, 0xE7, 0xF7, 0xFF, 0x98, 0x5E, 0xEC, 0x7D, 0xE3, 0xFB,
    0x1D, 0x56, 0xBF, 0x2D, 0x6D, 0xF9, 0xB6, 0xDB, 0x4D, 0x81, 0x25, 0x98, 0x15, 0x74, 0x57, 0x40,
    0x1E, 0xC0, 0x1E, 0xD9, 0xBE, 0x3E, 0x1A, 0x1A, 0xA2, 0x87, 0x1E, 0xCA, 0x34, 0xC9, 0x4E, 0x76,
    0x63, 0x75, 0xC1, 0xFB, 0xD4, 0x83, 0xF9, 0x1F, 0x15, 0x9E, 0x5B, 0x22, 0x34, 0x93, 0xDF, 0xD3,
    0xDE, 0x40, 0xE8, 0x57, 0xE3, 0x33, 0x18, 0xF1, 0x60, 0x4D, 0xBF, 0xDE, 0xEF, 0x94, 0x7A, 0x59,
    0xF1, 0x1E, 0x67, 0xA5, 0x5F, 0x0B, 0xEB, 0xC1, 0x6E, 0xDA, 0xF1, 0x05, 0xCA, 0xFE, 0x97, 0xE8,
    0x81, 0xEC, 0xAF, 0x0F, 0x95, 0xF1, 0x5F, 0x91, 0xF5, 0x8A, 0x30, 0xD6, 0x4F, 0x6E, 0x68, 0xBB,
    0xC9, 0x85, 0xD9, 0xE4, 0xA6, 0x7B, 0x26, 0x67, 0x5D, 0x0A, 0x32, 0xA0, 0xC0, 0x88, 0x69, 0x17,
    0xFB, 0xDC, 0x7B, 0x95, 0xEC, 0x4E, 0x76, 0x3B, 0xEE, 0x30, 0x8B, 0x90, 0x06, 0x6E, 0x7A, 0x43,
    0xFC, 0x83, 0x93, 0xE5, 0xF6, 0xC6, 0x7D, 0x6E, 0x25, 0x2A, 0x0B, 0x47, 0x7F, 0xED, 0x2C, 0x17,
    0x84, 0x5B, 0xCF, 0xCD, 0xF5, 0xE4, 0xE1, 0xEF, 0x7D, 0x7B, 0xFA, 0xC6, 0xE7, 0xED, 0x76, 0xBF,
    0xE3, 0x4E, 0x73, 0x1C, 0x73, 0x3A, 0x5F, 0xAE, 0x4B, 0x7F, 0xA4, 0xE3, 0x33, 0xDF, 0x94, 0xF2,
    0x80, 0x04, 0x73, 0x2E, 0x5E, 0x97, 0xDF, 0x97, 0x7A, 0xBB, 0xD0, 0x83, 0x0A, 0x09, 0xED, 0x0F,
    0x52, 0xB4, 0x99, 0x6E, 0x85, 0xDD, 0x3A, 0x2C, 0x44, 0x3A, 0x2C, 0x74, 0x65, 0x96, 0x35, 0xCC,
    0xE3, 0x5C, 0x0C, 0xE0, 0x80, 0xE5, 0xBB, 0x4C, 0x61, 0x14, 0x93, 0xE7, 0xBA, 0xF5, 0x14, 0xD2,
    0xFF, 0xD3, 0xD8, 0x30, 0xDC, 0x63, 0xED, 0x39, 0x60, 0x8C, 0x9E, 0xE1, 0xE2, 0x59, 0x0A, 0xFF,
    0x0F, 0xB5, 0x58, 0x4D, 0x6C, 0x1B, 0x45, 0x18, 0x7D, 0xB3, 0x9B, 0xC6, 0x69, 0xB6, 0xF5, 0xFA,
    0x50, 0x04, 0x94, 0xC6, 0xF1, 0xA1, 0x87, 0x14, 0xD5, 0x49, 0x0E, 0x20, 0xA5, 0xC2, 0x8A, 0x87,
    0xDE, 0x50, 0x0F, 0xE4, 0x40, 0x4F, 0x39, 0xD0, 0x23, 0x07, 0x40, 0xAD, 0x94, 0x83, 0x25, 0x82,
    0xBA, 0x15, 0x12, 0x42, 0x02, 0x89, 0x5C, 0xE0, 0x6C, 0xA4, 0x1C, 0x90, 0x7B, 0x89, 0x44, 0xA4,
    0xE6, 0x50, 0x91, 0xE5, 0x47, 0xE2, 0xC8, 0x02, 0x12, 0x3D, 0xF4, 0x62, 0x81, 0xCA, 0x01, 0x09,
    0xD8, 0x4A, 0x46, 0x94, 0xD4, 0xCE, 0xF2, 0xBE, 0x99, 0x8D, 0x9B, 0x86, 0x4A, 0xF1, 0xDA, 0x9B,
    0xF1, 0xCC, 0x78, 0x3D, 0xDE, 0x9D, 0xEF, 0xCD, 0x9B, 0xEF, 0x6F, 0x07, 0x60, 0x99, 0x66, 0xAB,
    0xB3, 0xBD, 0x14, 0x00, 0x5F, 0x84, 0xC0, 0xFD, 0x08, 0xAA, 0xDD, 0x86, 0x13, 0x6E, 0xC0, 0x0D,
    0x57, 0x50, 0xF8, 0x64, 0x15, 0x7E, 0xD2, 0x43, 0xF9, 0xF2, 0xDB, 0xA8, 0xC2, 0x47, 0x0D, 0x9E,
    0x5E, 0xE1, 0x3F, 0x31, 0x9B, 0x3C, 0x8E, 0xE3, 0xE9, 0x1C, 0xF2, 0x7D, 0x19, 0x85, 0x24, 0x1C,
    0xBF, 0x18, 0x03, 0xAC, 0x1B, 0xEA, 0x66, 0xEC, 0xFF, 0x1E, 0x57, 0x11, 0xD7, 0x58, 0x55, 0x3C,
    0xBB, 0x1C, 0x7B, 0xBD, 0xAB, 0xF2, 0xC8, 0x59, 0x70, 0x1A, 0xE9, 0xA5, 0xD4, 0x35, 0x28, 0x0C,
    0x28, 0x50, 0xFE, 0x49, 0xFE, 0x9E, 0xB0, 0xC3, 0xA3, 0xE2, 0xFA, 0x12, 0xF0, 0xCC, 0x24, 0x0B,
    0x40, 0x65, 0x60, 0x64, 0x18, 0x67, 0x2B, 0x02, 0x73, 0x04, 0x77, 0x2B, 0x84, 0x0A, 0x9A, 0xB9,
    0x80, 0xE1, 0xC0, 0xCC, 0x55, 0xEC, 0xC2, 0x7D, 0x8F, 0xCF, 0xEB, 0x01, 0xC1, 0x3C, 0x63, 0xA1,
    0xC0, 0x15, 0xC1, 0xF9, 0x81, 0x59, 0x01, 0xCE, 0xCC, 0xC0, 0x82, 0x51, 0x03, 0x83, 0x01, 0x66,
    0xD2, 0x3D, 0x3E, 0x43, 0xE1, 0x95, 0x14, 0xD0, 0x5A, 0x0E, 0x80, 0xB8, 0xFD, 0x5B, 0x32, 0x2B,
    0x09, 0x4A, 0xB2, 0x62, 0x62, 0xD9, 0x9A, 0x87, 0xBA, 0x1B, 0xD9, 0xEB, 0x39, 0x4B, 0x14, 0xF2,
    0x20, 0x6A, 0x49, 0xBB, 0xBB, 0xE1, 0xF8, 0xA4, 0x59, 0x77, 0xC6, 0x8D, 0xEB, 0x63, 0x79, 0x87,
    0x1C, 0x45, 0x6D, 0x5E, 0x94, 0xF2, 0xD1, 0xA2, 0xFD, 0xA6, 0xC6, 0xF2, 0x2E, 0xD4, 0x5F, 0x44,
    0x16, 0x66, 0x40, 0x46, 0xB5, 0x5E, 0xED, 0x5B, 0x9E, 0x4B, 0x18, 0x5C, 0xA0, 0x0A, 0xAF, 0x00,
    0x3B, 0xA4, 0x70, 0x56, 0x8F, 0x0E, 0x73, 0x52, 0x8C, 0x58, 0x9D, 0xD2, 0xEE, 0xC5, 0x40, 0x25,
    0x66, 0xE1, 0x19, 0x38, 0x5B, 0xB1, 0xEA, 0x95, 0x27, 0x20, 0x15, 0x88, 0x5C, 0x55, 0xC9, 0x0E,
    0x68, 0x56, 0x18, 0xB2, 0x26, 0xA8, 0xBE, 0xCD, 0x91, 0xA1, 0x53, 0xC0, 0x94, 0x54, 0x83, 0x29,
    0xCC, 0x86, 0x69, 0x9F, 0xB2, 0xAB, 0x20, 0x47, 0x4C, 0x46, 0xD9, 0x9D, 0x49, 0xD0, 0xF6, 0x32,
    0xF3, 0xA4, 0xE9, 0x0C, 0x7E, 0xD8, 0x00, 0xB6, 0x29, 0x73, 0x0C, 0xB9, 0x2B, 0xBA, 0x83, 0xC0,
    0x7D, 0x9F, 0x34, 0xE9, 0x0C, 0x90, 0x2A, 0xC6, 0xA5, 0x54, 0x90, 0x24, 0x7A, 0xA7, 0xA5, 0xED,
    0xDD, 0xB6, 0xEE, 0xB4, 0x38, 0x88, 0xFD, 0x23, 0x66, 0x50, 0xF3, 0x4E, 0xC3, 0x29, 0xDC, 0x48,
    0x7A, 0xBC, 0x06, 0x2F, 0xC1, 0x62, 0x21, 0x6C, 0x38, 0xD1, 0x06, 0xDA, 0xBB, 0x37, 0xE3, 0xDD,
    0x56, 0x93, 0x77, 0x6E, 0x9A, 0xC0, 0x35, 0xF7, 0x69, 0x44, 0x18, 0x22, 0x88, 0x5B, 0xD0, 0x31,
    0x3D, 0xC3, 0x57, 0x6C, 0x42, 0xCD, 0x8A, 0xC4, 0x32, 0x65, 0xB6, 0x24, 0xB3, 0xF4, 0xAE, 0x51,
    0xB6, 0x2A, 0x57, 0x06, 0x2C, 0x0D, 0x8A, 0xE1, 0x98, 0x42, 0xFD, 0x0E, 0xAE, 0xF5, 0x52, 0xE6,
    0x33, 0x09, 0xE5, 0x76, 0x4F, 0xFF, 0x16, 0xCC, 0x5C, 0x37, 0x4F, 0x0E, 0xB8, 0x64, 0xAC, 0x71,
    0x85, 0xEE, 0xAF, 0x28, 0x36, 0x30, 0x73, 0x62, 0x98, 0x65, 0xCA, 0x94, 0xCD, 0xC8, 0xED, 0xC2,
    0xF3, 0x30, 0xA6, 0x06, 0x95, 0x4B, 0x97, 0x75, 0x9E, 0xD1, 0x79, 0x11, 0xF8, 0x27, 0x70, 0x4C,
    0xDC, 0xF1, 0x93, 0x8E, 0xDF, 0x5A, 0xF7, 0x79, 0xD1, 0xAF, 0xAD, 0xA6, 0x9F, 0xC4, 0x8F, 0x8D,
    0xC8, 0xE0, 0x3A, 0xEF, 0x34, 0x21, 0x18, 0x27, 0xE9, 0xCB, 0xB7, 0xE1, 0x7C, 0x1D, 0x52, 0x2C,
    0x9E, 0x82, 0x93, 0x84, 0xFE, 0x8D, 0xB8, 0x8C, 0xCD, 0xF3, 0x58, 0xA8, 0xB7, 0xBA, 0xF5, 0xD6,
    0xE7, 0x35, 0x43, 0x3F, 0x9F, 0xF2, 0xEE, 0x6D, 0xAA, 0x24, 0x36, 0x09, 0x01, 0x31, 0x87, 0xB2,
    0xE4, 0x5F, 0x50, 0x5C, 0xC1, 0xD9, 0x21, 0x96, 0x4C, 0x61, 0x0E, 0x03, 0xD2, 0x55, 0x7C, 0x16,
    0xCA, 0xAA, 0x8B, 0x19, 0x56, 0x2D, 0x66, 0xF0, 0x0A, 0x5E, 0xEC, 0xA2, 0x54, 0x82, 0xDB, 0x36,
    0x00, 0x26, 0xB2, 0xEF, 0xF2, 0xCB, 0xF0, 0x1F, 0x62, 0xE2, 0x59, 0xA0, 0x89, 0x21, 0x00, 0xB8,
    0x31, 0xBC, 0x2D, 0x54, 0xA7, 0x50, 0x52, 0x43, 0x69, 0x75, 0xDF, 0xA6, 0x78, 0xDD, 0x11, 0x00,
    0xC5, 0x2C, 0xFB, 0xDE, 0x37, 0xB1, 0xC9, 0xE0, 0x58, 0x8C, 0x0D, 0x37, 0x12, 0x97, 0x5C, 0xEF,
    0x3C, 0xB7, 0x56, 0x08, 0x9E, 0xF4, 0xF1, 0xD6, 0xEA, 0x1D, 0xC9, 0xFD, 0x0A, 0x74, 0x1F, 0x0B,
    0xF4, 0x00, 0x25, 0xF6, 0x4F, 0xFA, 0x1C, 0x36, 0x83, 0x03, 0x2F, 0x70, 0x50, 0x5A, 0x7D, 0x01,
    0xA5, 0x85, 0x47, 0x05, 0x67, 0x57, 0x4D, 0xE8, 0x54, 0xC9, 0x03, 0x6A, 0xC8, 0x36, 0x65, 0x78,
    0x61, 0x8D, 0xCB, 0x6B, 0xD0, 0xBB, 0x11, 0x77, 0x7C, 0xB0, 0xC9, 0xB8, 0xFC, 0x2F, 0xF7, 0xC9,
    0xFD, 0xF2, 0x5C, 0x3F, 0xCB, 0xF4, 0xB5, 0xFD, 0x16, 0x1E, 0xF4, 0x62, 0x81, 0x93, 0xF0, 0x99,
    0xCD, 0x18, 0x0D, 0x5B, 0x79, 0x4D, 0xB7, 0x36, 0xB7, 0x4C, 0x1E, 0xF4, 0x63, 0xAE, 0x66, 0x52,
    0x9E, 0x93, 0x18, 0xC0, 0xC4, 0xA2, 0x20, 0x79, 0xB3, 0x00, 0xCA, 0x01, 0x13, 0x4B, 0xCF, 0x38,
    0xA0, 0x29, 0x13, 0x88, 0x2B, 0x03, 0x23, 0x83, 0xA3, 0x6D, 0xAE, 0xFD, 0x11, 0x70, 0x81, 0xC0,
    0xD6, 0xE6, 0x91, 0x0B, 0x49, 0x52, 0x1A, 0x58, 0x6F, 0x3B, 0x3D, 0x5D, 0xB8, 0xD4, 0x77, 0x51,
    0x87, 0x03, 0x92, 0xE0, 0xE1, 0x09, 0xAC, 0x8F, 0xA9, 0x74, 0x17, 0xC8, 0x52, 0x33, 0x37, 0x40,
    0xD4, 0xCC, 0xE2, 0x39, 0xA8, 0xEB, 0x5A, 0xFD, 0x68, 0x94, 0x53, 0x7C, 0x48, 0xE4, 0xDF, 0xE8,
    0x94, 0x51, 0xAB, 0xA2, 0x5A, 0x43, 0xD9, 0x56, 0x5E, 0x33, 0xA8, 0x79, 0x3F, 0x77, 0x54, 0x62,
    0x83, 0xF5, 0xB9, 0x34, 0x97, 0x60, 0x76, 0x34, 0xFD, 0x41, 0xCE, 0x2C, 0xD1, 0xC1, 0x30, 0x5E,
    0xCC, 0x63, 0x3D, 0x72, 0xBA, 0xD9, 0x88, 0xB2, 0x49, 0x24, 0x35, 0xFA, 0x0E, 0xED, 0x4E, 0x73,
    0xC4, 0x0F, 0x72, 0xC5, 0xA6, 0xB4, 0xF6, 0x1E, 0xEA, 0x89, 0xD3, 0xC0, 0xBA, 0x04, 0xB7, 0xEC,
    0xD8, 0x04, 0xCF, 0x62, 0x64, 0xA5, 0xA4, 0x83, 0xB9, 0x9A, 0x1E, 0xCB, 0x03, 0x38, 0x7F, 0xC2,
    0x2B, 0xE8, 0x31, 0x0A, 0xC8, 0x6A, 0x89, 0x06, 0x0F, 0xA9, 0x93, 0xA4, 0x45, 0x14, 0xCE, 0x66,
    0x3F, 0x3E, 0x45, 0x95, 0x29, 0xB2, 0x46, 0xD1, 0x9D, 0xA1, 0x15, 0xDF, 0xB7, 0xDA, 0x26, 0xA9,
    0x00, 0xB4, 0x47, 0x6C, 0x1E, 0xC1, 0xBD, 0x4E, 0x7F, 0xD9, 0xA5, 0x4D, 0xC4, 0xF4, 0x92, 0x9B,
    0xEC, 0x1B, 0xFD, 0x26, 0xBF, 0x09, 0x12, 0x44, 0x89, 0x7D, 0x04, 0x9A, 0x6C, 0x1F, 0x65, 0x49,
    0x4F, 0x1E, 0x91, 0x9A, 0x07, 0x3E, 0x59, 0xB2, 0x6A, 0xA7, 0x29, 0x3B, 0x46, 0xC0, 0x37, 0x2D,
    0x76, 0x14, 0xD9, 0x13, 0x00, 0xE1, 0xF0, 0x58, 0x7E, 0x18, 0x25, 0x9F, 0x32, 0x27, 0x0A, 0xD5,
    0x94, 0xC7, 0xA5, 0x21, 0x71, 0x96, 0xB8, 0xB1, 0xBB, 0x6F, 0xC2, 0xF9, 0xAE, 0x93, 0x1B, 0x87,
    0x34, 0x0D, 0xF8, 0x7F, 0x87, 0x38, 0x73, 0x5D, 0x8F, 0xC2, 0xDF, 0xE8, 0x3C, 0x8D, 0xA7, 0xBA,
    0x36, 0x3E, 0xC2, 0x3E, 0x8A, 0x29, 0x74, 0xEC, 0x77, 0x8D, 0x8A, 0x36, 0x78, 0xF3, 0xA9, 0x9A,
    0xD3, 0xF0, 0xEF, 0xDD, 0xA6, 0x1B, 0x6D, 0xA3, 0x9F, 0xF9, 0x97, 0xED, 0x77, 0x09, 0xA5, 0x06,
    0x36, 0x9E, 0x54, 0x25, 0xDB, 0x5F, 0x5C, 0x8E, 0x7D, 0x9B, 0xED, 0x5F, 0x31, 0x09, 0x07, 0xFB,
    0xE7, 0xF9, 0xE3, 0xE9, 0xD0, 0xEA, 0x92, 0x98, 0xF8, 0x89, 0x3D, 0xA7, 0x3D, 0x22, 0xA6, 0xFF,
    0x45, 0xC6, 0x41, 0x91, 0x59, 0x53, 0x91, 0x10, 0xE0, 0x05, 0xE9, 0x61, 0xCE, 0x23, 0xFB, 0xA6,
    0xB8, 0x57, 0xA5, 0x7B, 0x4B, 0xBA, 0x8E, 0x74, 0x81, 0x81, 0x7A, 0x68, 0xE7, 0xC1, 0x40, 0xA4,
    0x1B, 0xBC, 0x2D, 0xFE, 0xB0, 0x0D, 0x3C, 0xEE, 0x36, 0xAA, 0x7B, 0x66, 0x29, 0xBE, 0x49, 0xB5,
    0x1B, 0xB8, 0x15, 0x36, 0xB0, 0xAD, 0x65, 0xF3, 0x88, 0xF1, 0x40, 0x8B, 0x41, 0xC4, 0x20, 0x64,
    0xEC, 0xC7, 0x6C, 0xF7, 0xD3, 0x38, 0x20, 0x33, 0x25, 0xD4, 0x51, 0xA2, 0x36, 0x0C, 0x49, 0xB2,
    0xBD, 0x20, 0x4E, 0x74, 0x48, 0xD4, 0xA7, 0x91, 0xEE, 0x3E, 0x54, 0x68, 0x55, 0xD9, 0x1A, 0xFF,
    0xD1, 0x71, 0xDD, 0x4B, 0xB7, 0xB4, 0x9C, 0xF2, 0x5D, 0x19, 0x12, 0xF9, 0x12, 0x5F, 0x6C, 0x9D,
    0x1E, 0x67, 0x70, 0x2F, 0xC5, 0x7D, 0xA6, 0x8F, 0x00, 0xF4, 0x9E, 0xCF, 0x39, 0x31, 0x17, 0x8C,
    0xA2, 0x1C, 0x47, 0xC0, 0xE6, 0xF1, 0xBD, 0x33, 0x83, 0xF4, 0x64, 0x6B, 0x48, 0x6C, 0x57, 0x52,
    0x35, 0xB2, 0xA1, 0xD9, 0x69, 0x9B, 0x97, 0x89, 0xF3, 0x69, 0x5C, 0xDE, 0x94, 0xCC, 0x8C, 0x59,
    0x5A, 0xC3, 0x47, 0xEC, 0x5D, 0x8C, 0xDC, 0x6F, 0x42, 0x75, 0x57, 0x23, 0x91, 0x53, 0x34, 0xD1,
    0xF3, 0x03, 0xD5, 0x44, 0x38, 0x81, 0x61, 0x0C, 0x89, 0xF6, 0x4E, 0xC7, 0x67, 0xAC, 0xBB, 0x3D,
    0xE5, 0x44, 0xBE, 0x1B, 0x7A, 0x7C, 0x55, 0xF8, 0x10, 0xEE, 0xF7, 0x50, 0x7F, 0x00, 0x5D, 0x73,
    0xDC, 0x20, 0x6E, 0x16, 0x4E, 0x84, 0xE5, 0x50, 0xCE, 0x9E, 0x87, 0x90, 0xD8, 0x3F, 0x16, 0x1F,
    0x54, 0xDC, 0xFD, 0xC0, 0xF9, 0x29, 0x5C, 0xFE, 0x2A, 0xB0, 0xE2, 0xF0, 0x06, 0xB0, 0x6C, 0x5E,
    0x07, 0x66, 0xED, 0x61, 0x6D, 0x76, 0x00, 0xDD, 0x83, 0x5E, 0x6E, 0x88, 0x55, 0x43, 0x97, 0x0A,
    0xFF, 0x36, 0x8B, 0xD3, 0xE1, 0x58, 0x76, 0x12, 0xA8, 0xA1, 0x54, 0x50, 0x1B, 0x13, 0x87, 0x93,
    0xFE, 0x1F, 0x9D, 0x56, 0x3D, 0x8C, 0x1B, 0x55, 0x10, 0xFE, 0x76, 0xDF, 0xE5, 0xF6, 0x74, 0x7B,
    0xEB, 0x75, 0x61, 0xA3, 0x80, 0x6C, 0x5F, 0x8A, 0x2B, 0x4C, 0xD8, 0xBB, 0x73, 0xB1, 0x48, 0x1B,
    0xD8, 0xC3, 0x7B, 0xA2, 0xA0, 0xB8, 0x02, 0x83, 0x72, 0x14, 0x44, 0x42, 0x27, 0x24, 0x0A, 0x0E,
    0xA1, 0x33, 0x92, 0x0B, 0x07, 0xAD, 0xE4, 0x8D, 0x28, 0x52, 0x44, 0x44, 0x96, 0xA0, 0x45, 0x5C,
    0x43, 0x93, 0x06, 0x0B, 0xB9, 0x40, 0x02, 0xE1, 0x3D, 0xA5, 0x48, 0x11, 0x21, 0x6D, 0x43, 0x45,
    0x81, 0xA5, 0x48, 0x14, 0x20, 0xC1, 0x46, 0x72, 0x71, 0x91, 0xEC, 0x2C, 0xDF, 0xDB, 0xB5, 0x93,
    0xBB, 0xFC, 0x38, 0x11, 0xF3, 0x66, 0x67, 0xDF, 0x9B, 0x37, 0x6F, 0xDE, 0xBC, 0x99, 0x79, 0xB3,
    0x0B, 0x08, 0xEC, 0x87, 0x1F, 0x06, 0xEF, 0xA2, 0xF1, 0xD4, 0x06, 0xAC, 0xE0, 0xB5, 0x6E, 0xB5,
    0xBB, 0xF4, 0x74, 0x91, 0x46, 0xB1, 0x51, 0x8F, 0x81, 0x29, 0xDD, 0xBD, 0x58, 0x4F, 0xC6, 0xA4,
    0xC5, 0xDD, 0x46, 0x3D, 0x19, 0x42, 0x72, 0x08, 0xA8, 0x27, 0x04, 0x64, 0xF0, 0x38, 0xA7, 0x69,
    0x3D, 0x6F, 0x93, 0xAB, 0xA7, 0x8A, 0xCF, 0xDF, 0xE8, 0x12, 0x0D, 0xCB, 0x6D, 0xF7, 0xB1, 0xE5,
    0x3A, 0xAD, 0x1E, 0x2A, 0xEB, 0x96, 0x63, 0xA3, 0xDF, 0x76, 0x2D, 0x03, 0x46, 0xC9, 0xB2, 0x5C,
    0xA7, 0xDD, 0xEE, 0x8F, 0xC0, 0x59, 0x97, 0xDD, 0x56, 0xAF, 0xD7, 0x03, 0x2A, 0x1B, 0xEB, 0xEB,
    0x1C, 0x39, 0x76, 0x13, 0xE8, 0x8F, 0xDA, 0x7D, 0xD7, 0xB1, 0x5C, 0xA3, 0x04, 0xA8, 0x11, 0xD4,
    0x10, 0x4A, 0x8A, 0x83, 0x7F, 0xBD, 0x1B, 0x7F, 0x7B, 0xCA, 0x6C, 0x98, 0xA1, 0xFA, 0x00, 0xA3,
    0x19, 0xA6, 0xFC, 0x77, 0x8E, 0x30, 0x48, 0x3C, 0x52, 0x65, 0x36, 0xF5, 0x28, 0x33, 0xE5, 0x03,
    0xF5, 0xA0, 0x13, 0x76, 0xA2, 0x7A, 0xB8, 0xEA, 0x35, 0xF0, 0x23, 0x06, 0xC1, 0x20, 0xFA, 0x05,
    0x87, 0xE4, 0x17, 0xB6, 0xB6, 0x50, 0x50, 0xE1, 0x9B, 0x81, 0xAF, 0x07, 0x50, 0x50, 0x58, 0x44,
    0xC3, 0x37, 0xAF, 0xC4, 0xBE, 0xB9, 0x1D, 0x73, 0x88, 0x82, 0xEF, 0x63, 0xBF, 0xBB, 0x37, 0x27,
    0x48, 0x0D, 0xCE, 0xA3, 0x3B, 0x4F, 0xA0, 0xE8, 0x75, 0xA2, 0xAC, 0x9D, 0xC1, 0xD3, 0x5A, 0xD1,
    0xFB, 0xC8, 0x93, 0xC2, 0xF3, 0x65, 0x8A, 0xE9, 0x3E, 0xF3, 0x64, 0x32, 0xD8, 0x0C, 0x85, 0x07,
    0xB4, 0x86, 0x26, 0xFB, 0x71, 0xAF, 0x4C, 0x3A, 0x6C, 0x3A, 0x29, 0x6D, 0xA6, 0x54, 0x46, 0xB0,
    0xF7, 0xC3, 0xED, 0x78, 0x35, 0x6A, 0xDD, 0xF9, 0xC6, 0x75, 0x7A, 0x9B, 0xB7, 0xAD, 0x52, 0xD3,
    0x86, 0x61, 0x19, 0x14, 0xB3, 0x1C, 0xA3, 0xE7, 0xA0, 0x95, 0xF6, 0x63, 0xC9, 0x57, 0x42, 0x83,
    0x32, 0x22, 0xD0, 0x29, 0x8F, 0x53, 0xA0, 0xC7, 0x90, 0xAA, 0xB0, 0xEE, 0xD3, 0xCF, 0x04, 0xD7,
    0x92, 0xFB, 0x02, 0x4E, 0x59, 0x47, 0xF6, 0x2E, 0x4F, 0xDF, 0x0E, 0xB2, 0xF9, 0xCF, 0x26, 0xE2,
    0x58, 0x8F, 0xCB, 0xFE, 0x9D, 0xDF, 0xF5, 0x0F, 0x2A, 0xBE, 0x7E, 0xF7, 0x96, 0xB8, 0x6E, 0x5A,
    0x25, 0x88, 0x6B, 0xE2, 0x4B, 0xDD, 0x35, 0xA0, 0xEB, 0xE2, 0x57, 0xDD, 0x61, 0x02, 0xE9, 0xD9,
    0xD8, 0xD2, 0xB2, 0xF9, 0x96, 0xB8, 0x46, 0x79, 0x17, 0xB1, 0x32, 0x11, 0x63, 0x7D, 0x34, 0xDB,
    0x5F, 0xE5, 0x39, 0x75, 0x5E, 0x92, 0x2A, 0xF2, 0x50, 0x6F, 0x86, 0x62, 0x07, 0x7A, 0x0E, 0x2B,
    0x16, 0xAA, 0x36, 0xF2, 0x92, 0x73, 0x2B, 0x10, 0x3B, 0x26, 0x79, 0x65, 0x32, 0x1D, 0x72, 0x9B,
    0x64, 0x7B, 0xE0, 0x11, 0x91, 0x83, 0x06, 0x35, 0x80, 0xE7, 0xC4, 0x3C, 0x2F, 0x72, 0x16, 0xB4,
    0x1C, 0xD4, 0xAB, 0xC0, 0x36, 0x9C, 0xBB, 0x91, 0xE5, 0xC4, 0x39, 0xCB, 0xD6, 0x72, 0x96, 0x7A,
    0xD5, 0xC0, 0xB6, 0xA2, 0x04, 0x22, 0xD4, 0x0E, 0x8D, 0x5A, 0xA9, 0x6A, 0xAF, 0x34, 0x97, 0xB9,
    0x2D, 0xC7, 0xBA, 0x57, 0x81, 0x8B, 0x0A, 0x74, 0x8F, 0xE9, 0x15, 0xAC, 0x61, 0x1D, 0x26, 0x44,
    0xA8, 0x0C, 0x45, 0x68, 0xB2, 0x5F, 0x48, 0xAD, 0x3B, 0xA7, 0x05, 0x4B, 0x8E, 0x16, 0x3A, 0x39,
    0xBA, 0x5C, 0x04, 0x22, 0x50, 0x86, 0xEC, 0xB5, 0x1D, 0xEC, 0xAD, 0xC6, 0x67, 0x47, 0x5A, 0xB8,
    0x71, 0x68, 0x0E, 0x4B, 0x70, 0xDB, 0x0C, 0x51, 0x85, 0x6B, 0xB5, 0xC0, 0x84, 0x32, 0x74, 0xB5,
    0xA0, 0x7D, 0x4E, 0x0B, 0xCF, 0xCA, 0xDC, 0xF3, 0x57, 0xDD, 0x8A, 0x6C, 0x4E, 0xC5, 0xC9, 0x39,
    0x86, 0x6C, 0xB6, 0xB1, 0xB6, 0xC2, 0x9C, 0x5C, 0xF2, 0x37, 0xFD, 0x4D, 0x2C, 0xC8, 0x40, 0x4F,
    0xF0, 0xFA, 0xB7, 0xD0, 0xDE, 0x0C, 0x44, 0x86, 0x3B, 0x10, 0x9F, 0x42, 0x8C, 0xA8, 0x0E, 0x22,
    0x80, 0x9A, 0x06, 0x83, 0x9A, 0xB4, 0x50, 0x72, 0x30, 0xAD, 0x10, 0xF7, 0x67, 0x17, 0x9F, 0x25,
    0xA8, 0x0A, 0x3A, 0xDD, 0x6B, 0x43, 0x49, 0xBA, 0x19, 0x73, 0xDF, 0x83, 0xF6, 0x67, 0x8C, 0x32,
    0x4A, 0xA8, 0xD1, 0x47, 0xF4, 0x22, 0xB8, 0x93, 0x74, 0x71, 0x8D, 0x0B, 0x22, 0x25, 0x94, 0x27,
    0x59, 0x0E, 0x57, 0xBA, 0x56, 0xD3, 0xB6, 0x9B, 0x25, 0xB9, 0x44, 0x0B, 0x24, 0x15, 0x19, 0x95,
    0x5B, 0x8A, 0xAF, 0x2E, 0xF1, 0x25, 0x92, 0x44, 0xB2, 0xF4, 0x74, 0xE3, 0x72, 0x9C, 0xC6, 0xBF,
    0x2D, 0x69, 0xDB, 0x25, 0x61, 0x75, 0xA3, 0x97, 0x58, 0x13, 0xAC, 0x29, 0xCD, 0xF7, 0xF2, 0x0B,
    0xD6, 0xC2, 0xE0, 0xA7, 0x78, 0xF3, 0x9F, 0xF1, 0xFB, 0xF7, 0x1B, 0x2F, 0x0C, 0xBE, 0x56, 0xC6,
    0x40, 0x07, 0xE2, 0x3A, 0x70, 0x27, 0x30, 0x4D, 0x4F, 0xDC, 0x8C, 0x16, 0x17, 0xA1, 0x5C, 0x09,
    0xB2, 0x62, 0x07, 0x5A, 0xCE, 0x10, 0xD0, 0x28, 0xE6, 0x20, 0xD3, 0x8F, 0x3B, 0xD3, 0xBD, 0x34,
    0xC8, 0x91, 0x0A, 0x95, 0x48, 0x1A, 0xA4, 0xA5, 0x42, 0xDC, 0xA1, 0x13, 0x5D, 0xF6, 0x5A, 0x78,
    0xD8, 0x3E, 0x67, 0x39, 0x38, 0x39, 0x6E, 0x51, 0x42, 0x5E, 0xD3, 0x57, 0x22, 0xF5, 0x44, 0xFB,
    0x84, 0x57, 0x56, 0x3D, 0xD5, 0xA4, 0x54, 0xEA, 0xA6, 0x83, 0xF1, 0xEA, 0x7D, 0x5C, 0x3E, 0xD8,
    0xB8, 0x14, 0x42, 0x93, 0x29, 0xC0, 0xE8, 0x46, 0x59, 0xCF, 0x94, 0xDE, 0x76, 0xB1, 0xCA, 0xB0,
    0xC2, 0x97, 0x6E, 0x8F, 0xA5, 0x25, 0x91, 0xB4, 0x2F, 0xCC, 0x5C, 0xAC, 0x78, 0xA0, 0x69, 0xA1,
    0x1A, 0x67, 0x84, 0x30, 0xD3, 0xA9, 0x07, 0x97, 0x0F, 0x74, 0x06, 0x60, 0xC7, 0xE3, 0x8D, 0xE0,
    0xFB, 0x2D, 0x0F, 0xA6, 0xE6, 0xC1, 0xE5, 0x39, 0x62, 0x4D, 0xE6, 0x08, 0x55, 0x09, 0x6A, 0x12,
    0x53, 0x3D, 0x2A, 0x35, 0x98, 0x81, 0x16, 0xB2, 0x74, 0xC9, 0x30, 0x13, 0x7C, 0x66, 0x84, 0x7B,
    0xE1, 0xC0, 0x73, 0x19, 0x15, 0x97, 0x2B, 0x1C, 0xAE, 0x70, 0x68, 0x93, 0x83, 0x2D, 0x3E, 0x23,
    0x38, 0xB4, 0xD0, 0xA6, 0x3D, 0x6B, 0x59, 0x6E, 0xA0, 0x40, 0x63, 0x7C, 0x1A, 0xEC, 0x67, 0xF9,
    0x21, 0x0B, 0x7C, 0x27, 0xA1, 0xDF, 0x5B, 0xD2, 0x7C, 0x35, 0xCD, 0x22, 0x16, 0x91, 0x72, 0xEA,
    0x69, 0x7A, 0x75, 0x28, 0x0F, 0x54, 0x4F, 0xBA, 0xF6, 0x60, 0x54, 0x1B, 0x8C, 0x53, 0x9C, 0xCC,
    0x90, 0xFD, 0xE3, 0xDA, 0x20, 0xAE, 0x7D, 0xE7, 0xD5, 0x0E, 0xF1, 0x38, 0x9E, 0x6B, 0xC8, 0xCF,
    0x94, 0x99, 0x1C, 0xD7, 0x27, 0xD5, 0xC1, 0x58, 0x62, 0x92, 0x62, 0xD6, 0xAF, 0x4F, 0x1C, 0x4E,
    0x49, 0x03, 0x1A, 0xD4, 0x3F, 0xAC, 0x25, 0xA3, 0x5A, 0x32, 0x4E, 0x71, 0x92, 0xA2, 0xEC, 0xDB,
    0xC9, 0x28, 0xFB, 0xF8, 0xC8, 0x10, 0xA7, 0x78, 0xE1, 0xD5, 0x7E, 0x9D, 0xAB, 0x7E, 0x86, 0xF2,
    0x07, 0xC4, 0xAD, 0x40, 0xFB, 0x42, 0x1E, 0xA2, 0xC0, 0xA3, 0x6E, 0xA5, 0xB7, 0x63, 0x06, 0x05,
    0x5E, 0xC9, 0x0A, 0xCF, 0xA1, 0xCB, 0x64, 0x7E, 0x52, 0x82, 0xFF, 0x0F, 0x78, 0xE2, 0xE5, 0x99,
    0x6B, 0xD7, 0x73, 0x08, 0xF4, 0x8D, 0x63, 0x2B, 0xCF, 0xDA, 0x4B, 0x57, 0x0F, 0x59, 0xDB, 0x02,
    0x8D, 0xD5, 0x2D, 0x47, 0x43, 0xDD, 0x85, 0xD6, 0x46, 0x6F, 0x03, 0x58, 0xBC, 0xC7, 0xAA, 0x52,
    0xF9, 0xFE, 0x1E, 0x7A, 0x36, 0x0E, 0x92, 0x28, 0x0F, 0xEC, 0x02, 0x1F, 0x33, 0x59, 0xFE, 0x7A,
    0xE4, 0x40, 0x05, 0x2C, 0x54, 0x91, 0xAB, 0xF6, 0xC4, 0x8D, 0x10, 0x09, 0x3A, 0xC9, 0xA4, 0x98,
    0x5C, 0x54, 0x93, 0x40, 0x7F, 0x79, 0xB8, 0x54, 0xDD, 0xA3, 0xDD, 0xD3, 0xBA, 0xC0, 0xBC, 0xD1,
    0x83, 0x93, 0xA7, 0xDA, 0x03, 0x8E, 0xD3, 0x2B, 0x75, 0xBA, 0xCC, 0xA7, 0x62, 0x0A, 0x0B, 0xEA,
    0xB5, 0xB7, 0x21, 0x76, 0x58, 0x2D, 0x75, 0x83, 0x55, 0x73, 0xC5, 0xB2, 0x7B, 0xA8, 0xD6, 0x0E,
    0x23, 0x59, 0x55, 0xBD, 0x2C, 0x03, 0xA5, 0xBA, 0xD3, 0x2A, 0x67, 0x7A, 0xAB, 0xAC, 0xDA, 0x2E,
    0x35, 0x57, 0x1F, 0x9B, 0x9C, 0xAD, 0xC9, 0x32, 0x18, 0x52, 0x6E, 0x94, 0x26, 0xDC, 0x23, 0xC0,
    0x9B, 0x90, 0xCA, 0x4D, 0x53, 0xF7, 0x24, 0xCC, 0xD6, 0xD0, 0x23, 0x79, 0x8C, 0x46, 0xF9, 0x07,
    0x13, 0xF9, 0x11, 0xD9, 0x6B, 0xBC, 0x17, 0xA9, 0xE3, 0x4F, 0x40, 0x1F, 0xEB, 0x23, 0xBC, 0xB1,
    0x87, 0xA5, 0x87, 0xAC, 0x7C, 0x2A, 0xE6, 0x67, 0x03, 0x79, 0x1E, 0xFE, 0x3B, 0x6C, 0x87, 0x7B,
    0xFA, 0x51, 0x18, 0x6B, 0x57, 0xC2, 0x58, 0x8E, 0xE5, 0x53, 0x7C, 0xEF, 0xB7, 0x5D, 0xF9, 0xFF,
    0x24, 0xDF, 0x33, 0x9E, 0x9C, 0xD7, 0x8F, 0x8E, 0x62, 0xCA, 0x77, 0x53, 0x1E, 0xD7, 0xAF, 0xF9,
    0x52, 0x55, 0x46, 0xE5, 0x6F, 0x04, 0x7C, 0x7F, 0x0D, 0xAE, 0xCF, 0xEF, 0x10, 0x07, 0x92, 0x5D,
    0xF4, 0x5E, 0xF2, 0xE4, 0x37, 0xFB, 0x19, 0xFF, 0x05, 0xDD, 0x06, 0x61, 0xBE, 0x8C, 0xFC, 0xAF,
    0x31, 0x71, 0x06, 0xF3, 0xFE, 0x0B, 0x96, 0x79, 0x01, 0x36, 0x83, 0x7A, 0x38, 0x4F, 0xC6, 0x44,
    0x2D, 0x3C, 0x1F, 0x2C, 0xCF, 0xD1, 0x53, 0xC0, 0x8B, 0x78, 0x96, 0xCD, 0xFF, 0x01, 0xD5, 0x52,
    0x3D, 0x4F, 0xC3, 0x30, 0x10, 0x7D, 0xFD, 0x80, 0x4A, 0xA4, 0x1F, 0x2C, 0xDD, 0x22, 0xB2, 0x74,
    0xB0, 0xAA, 0x48, 0xF5, 0x60, 0x24, 0x57, 0x2A, 0x4A, 0x7E, 0x42, 0x7F, 0x02, 0x33, 0x62, 0x30,
    0x52, 0xBB, 0x21, 0x35, 0x1B, 0x6B, 0xF7, 0x2C, 0x19, 0x19, 0x3A, 0x78, 0xC8, 0xD0, 0x09, 0xF2,
    0x13, 0x4E, 0x1D, 0x61, 0xE9, 0x06, 0x1B, 0x19, 0x3A, 0x74, 0x28, 0x82, 0x73, 0x51, 0xA5, 0x0A,
    0xF1, 0x07, 0xB8, 0x67, 0x9F, 0x7C, 0x67, 0xFB, 0xF9, 0xEE, 0xC9, 0x1E, 0x5D, 0xD9, 0x89, 0xB6,
    0xA1, 0x83, 0x19, 0x69, 0x35, 0x28, 0x2B, 0x31, 0x08, 0x73, 0xDA, 0x1B, 0xB2, 0x6A, 0xD9, 0xB0,
    0x2D, 0x2B, 0xAC, 0xB1, 0x5F, 0xBB, 0xEE, 0x06, 0x16, 0xE8, 0x67, 0xC3, 0xB1, 0xC2, 0x65, 0x1C,
    0x95, 0xD0, 0x0E, 0xB3, 0xF2, 0x24, 0x3E, 0x2D, 0x2F, 0x38, 0x77, 0x97, 0x3C, 0xE5, 0xCC, 0xE2,
    0xAB, 0x51, 0xC0, 0x2C, 0x37, 0x8F, 0xFD, 0x25, 0x14, 0xDF, 0xA0, 0x6A, 0x51, 0x8B, 0x3D, 0xB4,
    0x51, 0x87, 0x47, 0xC3, 0x89, 0xD2, 0x23, 0xDB, 0x21, 0x9D, 0x9B, 0xD0, 0xE8, 0x88, 0xEF, 0x06,
    0x34, 0xCC, 0xF9, 0x81, 0x70, 0x72, 0x3F, 0x58, 0x30, 0x9F, 0x89, 0xA8, 0x8B, 0x0A, 0x6A, 0x8C,
    0xD9, 0xC6, 0xF9, 0x0A, 0xC0, 0x2B, 0x76, 0x88, 0x36, 0x3F, 0x13, 0x4D, 0x2D, 0x4D, 0x96, 0x65,
    0xD6, 0x68, 0x1F, 0x60, 0xD7, 0x6C, 0xB1, 0xF9, 0xC2, 0x20, 0xA5, 0xD2, 0x90, 0x3A, 0xC0, 0xFB,
    0xA3, 0xB7, 0x6A, 0x12, 0x14, 0xC3, 0xA2, 0x72, 0x04, 0xB8, 0x0A, 0x2C, 0x57, 0xAA, 0xB0, 0xAE,
    0x16, 0x1D, 0x8C, 0xF8, 0xB5, 0xEE, 0x78, 0x40, 0xD3, 0x9C, 0x33, 0x26, 0x20, 0xE4, 0xAE, 0xCB,
    0x67, 0xAE, 0xF4, 0xBF, 0xA9, 0xE1, 0xAD, 0xEB, 0x0A, 0x22, 0xD8, 0x4A, 0xC1, 0xDC, 0xEF, 0xE0,
    0x58, 0x68, 0xE9, 0x47, 0x3B, 0xC9, 0xC4, 0x9D, 0xED, 0x3E, 0x0E, 0x65, 0x4B, 0x9E, 0xC9, 0x96,
    0xF6, 0x3B, 0xCC, 0x74, 0xDD, 0x13, 0xA6, 0x5D, 0x34, 0x92, 0x76, 0xC1, 0x1D, 0x6A, 0x60, 0x30,
    0x3F, 0x9F, 0xC0, 0xEF, 0x2F, 0xA6, 0xB7, 0x4A, 0x07, 0x6B, 0xC0, 0x7D, 0x0C, 0xC2, 0x2B, 0x6D,
    0x8E, 0x34, 0x3E, 0x64, 0x69, 0xBE, 0x4A, 0x5E, 0xF0, 0x89, 0x37, 0xAC, 0x0A, 0xCA, 0x38, 0x4B,
    0x07, 0x43, 0xFA, 0xB0, 0x2E, 0x97, 0x8A, 0xA4, 0x38, 0x1E, 0x5C, 0x77, 0xFA, 0x8B, 0x28, 0x9D,
    0x73, 0xAC, 0x49, 0x90, 0x28, 0xD5, 0x07, 0xED, 0x49, 0xF9, 0x54, 0x40, 0x92, 0x75, 0x0B, 0x12,
    0x96, 0x8E, 0xC5, 0x70, 0x8D, 0xF7, 0x30, 0x8B, 0x35, 0x7B, 0x07, 0xE1, 0x76, 0xF0, 0x0D, 0x7D,
    0x55, 0x41, 0x6C, 0x1B, 0x45, 0x14, 0x7D, 0xF6, 0x92, 0x4E, 0x61, 0xBB, 0x9E, 0x5E, 0xAA, 0x1E,
    0x20, 0xBB, 0x39, 0x22, 0x14, 0x27, 0x1C, 0x56, 0xC8, 0x91, 0xD6, 0xF1, 0x46, 0x15, 0xEA, 0xA1,
    0x80, 0x72, 0x48, 0xE0, 0x60, 0xA9, 0x70, 0xA5, 0x15, 0x38, 0x07, 0x4B, 0x6C, 0x15, 0x27, 0x5E,
    0xC1, 0x8D, 0x5E, 0x72, 0x80, 0x5E, 0x38, 0x60, 0x21, 0x24, 0x42, 0x52, 0x94, 0x91, 0x6A, 0xA4,
    0x56, 0x4A, 0xE3, 0x15, 0x3D, 0x70, 0x5D, 0x51, 0x2A, 0x0E, 0x1C, 0xB0, 0x84, 0xAA, 0x4A, 0x3D,
    0xD0, 0xA1, 0x72, 0x21, 0x49, 0x6D, 0x0F, 0xFF, 0xAF, 0x93, 0x36, 0x3D, 0xD0, 0xD1, 0xFF, 0xDF,
    0x7F, 0x67, 0xFE, 0xCC, 0xFF, 0xF3, 0xFF, 0xFB, 0x63, 0x00, 0xC2, 0xC0, 0x7B, 0x13, 0x01, 0x98,
    0x4A, 0x63, 0x0B, 0x25, 0xAF, 0x5F, 0x1A, 0x47, 0x30, 0x0E, 0xEF, 0x3C, 0x2D, 0xF5, 0xE1, 0xCE,
    0x63, 0x1C, 0x4C, 0xEE, 0x02, 0xBC, 0x3E, 0xFC, 0x16, 0xFC, 0x34, 0x6F, 0x7A, 0xF2, 0x1F, 0x3D,
    0xFB, 0x4D, 0x1C, 0xDD, 0x8E, 0xD5, 0xED, 0x50, 0xDF, 0xC2, 0xDF, 0x3F, 0xE3, 0xE1, 0xE7, 0xB8,
    0xF6, 0x0E, 0x96, 0xDF, 0x46, 0xE5, 0x04, 0xBC, 0xAB, 0x1F, 0xD8, 0x46, 0x3B, 0x33, 0x70, 0x7C,
    0x8C, 0x46, 0xDE, 0x74, 0xE5, 0x1D, 0x3D, 0x95, 0x79, 0xA9, 0x03, 0x0A, 0xA1, 0x5E, 0xD6, 0x7A,
    0x75, 0x5E, 0x37, 0xA0, 0x22, 0xD4, 0x23, 0x04, 0x11, 0xA6, 0x22, 0xC8, 0xBD, 0x56, 0xDE, 0xA4,
    0xE0, 0xA8, 0xFA, 0xE2, 0xFE, 0xBA, 0x88, 0xF1, 0x0C, 0x99, 0x9E, 0xB8, 0xFF, 0xED, 0x48, 0xAF,
    0x0C, 0x71, 0xFA, 0x8B, 0x83, 0x79, 0x1E, 0x9D, 0x5E, 0xFE, 0x51, 0xDB, 0x4A, 0x60, 0xC5, 0x4C,
    0x34, 0xD9, 0x34, 0x89, 0x38, 0xAA, 0x84, 0x90, 0x40, 0x65, 0x63, 0xBD, 0x69, 0x06, 0x80, 0x15,
    0xB2, 0x0F, 0xE0, 0xE4, 0xA9, 0xC2, 0x02, 0xDE, 0x30, 0x5F, 0x1B, 0x54, 0xCE, 0x0C, 0xEC, 0x38,
    0x40, 0xCF, 0x4A, 0x02, 0x68, 0x2B, 0x29, 0xE5, 0x58, 0xE4, 0x59, 0x58, 0x2C, 0x6C, 0x16, 0x0E,
    0x8B, 0x49, 0x16, 0x3E, 0x09, 0xBA, 0x04, 0x0D, 0x0E, 0x16, 0x7C, 0x9A, 0x84, 0x92, 0xB1, 0x92,
    0x89, 0x2A, 0xA4, 0xCA, 0xD1, 0xAA, 0x63, 0x86, 0x1F, 0xEF, 0xEC, 0x39, 0xC1, 0x52, 0xA7, 0x33,
    0xAC, 0x6D, 0xED, 0x39, 0xF6, 0x92, 0x23, 0x94, 0x63, 0x69, 0x27, 0xAF, 0x1D, 0xE8, 0x66, 0x0F,
    0x58, 0xDD, 0xA1, 0x54, 0xC8, 0x10, 0x75, 0x8A, 0xAE, 0x6E, 0x7D, 0x46, 0xBF, 0x97, 0xE9, 0xBB,
    0xD6, 0xBA, 0xB4, 0x53, 0x6B, 0x35, 0x7B, 0x12, 0x94, 0x0D, 0x4A, 0xD5, 0x51, 0xB6, 0xD7, 0xEA,
    0xB0, 0x76, 0xD9, 0xE1, 0xE1, 0xFE, 0x88, 0xEE, 0x14, 0xD9, 0x73, 0xF3, 0x91, 0x7D, 0x6E, 0x10,
    0xD9, 0xEE, 0xF1, 0x48, 0x16, 0xD1, 0xEC, 0xBB, 0xB4, 0x2E, 0xD3, 0x28, 0xCA, 0xEF, 0x46, 0x01,
    0xCA, 0x91, 0x0B, 0x97, 0xEC, 0x0A, 0x91, 0xFD, 0xE1, 0x4A, 0x64, 0xFD, 0x91, 0xED, 0x57, 0x12,
    0x5D, 0xF2, 0x9D, 0xFA, 0xDE, 0x5C, 0x5A, 0x9A, 0xFA, 0x34, 0x09, 0x5E, 0xFB, 0x29, 0x99, 0x9C,
    0xB9, 0x95, 0x14, 0x2F, 0xFD, 0xB6, 0x66, 0x0C, 0x95, 0x6E, 0xE9, 0x5E, 0x58, 0x50, 0xDF, 0xA1,
    0xD0, 0xFA, 0x04, 0x76, 0xBA, 0x0C, 0x91, 0xCE, 0x42, 0x24, 0x65, 0x58, 0xC4, 0x94, 0x79, 0x35,
    0x53, 0x4D, 0x94, 0x8F, 0x2E, 0xB1, 0x52, 0x7E, 0xFD, 0x79, 0x0C, 0xED, 0xD7, 0x73, 0x5D, 0xFF,
    0x52, 0x35, 0xF1, 0x9B, 0x43, 0xF6, 0xCC, 0x64, 0x86, 0x58, 0xEC, 0x61, 0x5E, 0xC9, 0xA1, 0x9A,
    0x15, 0x3A, 0xCA, 0xE9, 0x36, 0xB4, 0x86, 0x1A, 0x11, 0xE9, 0x8D, 0x9C, 0xAE, 0x54, 0xB5, 0x3D,
    0x58, 0x1A, 0x81, 0x67, 0x9A, 0x70, 0x78, 0xA0, 0x0D, 0xB0, 0xF7, 0x91, 0x95, 0x72, 0x59, 0xED,
    0x10, 0xB5, 0x8D, 0x98, 0x8A, 0x4B, 0x29, 0xA8, 0x6D, 0x84, 0x4D, 0x13, 0xDA, 0xE0, 0x79, 0x5A,
    0x25, 0x1B, 0x4C, 0xF7, 0xB3, 0x9A, 0x14, 0x91, 0x25, 0x32, 0xD7, 0x85, 0xA4, 0x8A, 0x49, 0xB2,
    0xA5, 0x0C, 0xE1, 0xFD, 0x9B, 0x0B, 0xE8, 0xD0, 0xA1, 0xF2, 0x07, 0x8C, 0xE6, 0x78, 0x8D, 0x6D,
    0xD0, 0x23, 0x0E, 0x88, 0x5D, 0x5A, 0x1F, 0x5E, 0xD8, 0xF9, 0x3E, 0x6B, 0x8C, 0x93, 0x28, 0x6B,
    0x54, 0x62, 0xAC, 0x20, 0xDF, 0x9F, 0x90, 0xB3, 0x5D, 0x54, 0x42, 0x6C, 0x43, 0xF4, 0x51, 0x18,
    0xB5, 0x4D, 0x70, 0x18, 0x26, 0xE1, 0x60, 0xA6, 0xDA, 0x65, 0xFD, 0x3A, 0x41, 0x9E, 0x90, 0x44,
    0x09, 0x73, 0x59, 0x14, 0x48, 0xC4, 0x24, 0x44, 0x48, 0x9F, 0x36, 0xC6, 0x6D, 0xAA, 0x6F, 0x30,
    0xB5, 0x5D, 0x40, 0x23, 0x72, 0x5D, 0xF4, 0x54, 0xA1, 0x28, 0x52, 0x5D, 0x9C, 0xEA, 0x84, 0x7B,
    0xDB, 0x95, 0x1E, 0x0C, 0x1D, 0x91, 0x63, 0x60, 0xE5, 0x13, 0xF0, 0x6E, 0x16, 0x8C, 0x72, 0x11,
    0xE2, 0xC9, 0x90, 0x1A, 0x45, 0xEA, 0x9A, 0x00, 0x41, 0x89, 0x69, 0xB2, 0x8E, 0x71, 0x05, 0xD9,
    0x85, 0x9D, 0x50, 0x12, 0x84, 0x4C, 0xE4, 0xF9, 0xD4, 0xDB, 0xD5, 0x25, 0xAD, 0x96, 0xE6, 0xA9,
    0xDF, 0x4A, 0x07, 0x71, 0xBE, 0xD8, 0x66, 0x1B, 0xDA, 0x3D, 0x0C, 0xE5, 0x66, 0x2A, 0xA1, 0xA9,
    0xD8, 0x92, 0x51, 0x54, 0x67, 0x25, 0xA7, 0x65, 0x35, 0x95, 0x43, 0x6E, 0x94, 0xA3, 0x94, 0x75,
    0x4B, 0x67, 0x08, 0xF1, 0x78, 0x0B, 0xF2, 0x0C, 0x50, 0xB6, 0xE8, 0x28, 0xE2, 0xF6, 0x13, 0x36,
    0xF1, 0x88, 0xAD, 0xB8, 0x41, 0x5C, 0x26, 0xF6, 0xCE, 0x58, 0xB1, 0x78, 0xBC, 0x19, 0x53, 0x1A,
    0xC3, 0x2C, 0xEE, 0x3C, 0x9D, 0x33, 0x4B, 0x5C, 0xE1, 0x5E, 0x25, 0xFE, 0x97, 0x2E, 0xF4, 0x67,
    0x82, 0x77, 0xEF, 0xDD, 0x05, 0xB9, 0x8E, 0x45, 0xAC, 0x51, 0xFD, 0xF2, 0x46, 0xA6, 0xBB, 0x14,
    0x68, 0x00, 0x37, 0xAB, 0x03, 0x37, 0x81, 0x1E, 0xF5, 0xB8, 0x6D, 0x62, 0xF9, 0x95, 0x26, 0x77,
    0xD9, 0x0B, 0xD2, 0x36, 0x66, 0x70, 0xAA, 0xF6, 0x6B, 0x6E, 0x80, 0xDA, 0xFD, 0xF5, 0x8E, 0x19,
    0x8C, 0xCA, 0x50, 0x06, 0xBC, 0x2B, 0x6D, 0x61, 0xB2, 0x1A, 0x10, 0x1E, 0x3A, 0x03, 0x61, 0xB6,
    0xBD, 0xB3, 0x28, 0x0B, 0x34, 0x04, 0xAE, 0x0B, 0xB4, 0x8F, 0x10, 0xCD, 0xD0, 0x3C, 0xAD, 0xDA,
    0xE6, 0x6A, 0x8E, 0xD0, 0x40, 0xF6, 0xC7, 0x20, 0x72, 0x09, 0x6C, 0xCA, 0xBB, 0x7C, 0xEF, 0x0E,
    0xBD, 0x1C, 0x06, 0xF2, 0x74, 0x32, 0x82, 0xC7, 0xFF, 0x71, 0xFE, 0x2E, 0x85, 0x68, 0x9E, 0x56,
    0xC6, 0xA2, 0xF7, 0xCB, 0xBB, 0xD2, 0xE5, 0x50, 0x32, 0x60, 0x30, 0x4F, 0x71, 0xCA, 0xB9, 0xA8,
    0xDC, 0x01, 0x1E, 0x55, 0x36, 0xA7, 0x4B, 0x3F, 0x6A, 0xB5, 0xE5, 0x4E, 0xAA, 0x55, 0xE7, 0x84,
    0x9E, 0x7E, 0xCB, 0x4B, 0x6D, 0xEA, 0x89, 0x97, 0x9C, 0x57, 0x30, 0x76, 0xFC, 0x38, 0x43, 0xF3,
    0xC2, 0xC6, 0x3A, 0x99, 0x92, 0x64, 0x98, 0x96, 0xF0, 0x1C, 0x6A, 0x9A, 0xF4, 0xF4, 0xA3, 0x90,
    0xB2, 0x72, 0xEA, 0x06, 0x35, 0x41, 0x4A, 0x19, 0xCB, 0x69, 0x34, 0x53, 0xF6, 0x5F, 0xCC, 0xCA,
    0x77, 0xD0, 0x13, 0x59, 0xE6, 0x44, 0x56, 0x0C, 0x71, 0x2E, 0x11, 0x03, 0x34, 0x63, 0x5C, 0x3C,
    0x50, 0x5E, 0xB8, 0x18, 0x8E, 0x8B, 0x70, 0x52, 0x84, 0x81, 0x08, 0x23, 0x31, 0xA7, 0xC5, 0x56,
    0x22, 0x86, 0x87, 0x17, 0x9A, 0xA6, 0xE4, 0x2B, 0x0A, 0xBE, 0x45, 0xAD, 0xDB, 0x26, 0xAE, 0x18,
    0xD3, 0x1B, 0x7B, 0xB4, 0xB8, 0x42, 0x7D, 0x6C, 0x43, 0xCD, 0x09, 0x5C, 0xFB, 0xFD, 0x2C, 0x76,
    0x6E, 0xFE, 0x85, 0xF6, 0xC4, 0xAB, 0x79, 0x7A, 0x5D, 0x2C, 0xBE, 0xB1, 0xBC, 0x12, 0xD3, 0x9B,
    0x9F, 0x64, 0x07, 0x70, 0xF9, 0x8F, 0xF2, 0xCB, 0x6B, 0xF4, 0x92, 0xD3, 0xBF, 0xCE, 0xE5, 0x6A,
    0x12, 0x90, 0xB3, 0x48, 0x84, 0xBA, 0x2D, 0xC2, 0xBA, 0x22, 0xDF, 0xFA, 0x18, 0x4A, 0x14, 0xE8,
    0x13, 0x96, 0x66, 0x4D, 0x6E, 0x52, 0xAF, 0x34, 0xA8, 0x93, 0x0F, 0xA9, 0xB1, 0xF5, 0x40, 0x77,
    0x08, 0xBF, 0xD9, 0xE5, 0xE8, 0x31, 0x7F, 0x8A, 0x53, 0x1E, 0x3E, 0x5D, 0x75, 0xB5, 0x0B, 0x6B,
    0x48, 0x0B, 0xF5, 0x07, 0x61, 0xD9, 0xBF, 0x9D, 0x04, 0xFE, 0x2F, 0x69, 0xE4, 0xA7, 0xDD, 0xB6,
    0x9F, 0xEA, 0xF6, 0xC4, 0x5A, 0x8B, 0x00, 0x44, 0x59, 0x1A, 0x55, 0xC6, 0x65, 0x9C, 0xD0, 0x05,
    0xC5, 0xFE, 0x46, 0x3C, 0x6D, 0xB2, 0x80, 0x9D, 0xD7, 0x99, 0xCC, 0x2E, 0xF6, 0x3B, 0xD0, 0x76,
    0x4C, 0x2F, 0xBD, 0xB6, 0x62, 0x6D, 0x87, 0xFB, 0x3B, 0xEC, 0xED, 0x70, 0x26, 0x23, 0x91, 0xEC,
    0x77, 0x42, 0xB2, 0x1C, 0x6D, 0xE1, 0xB1, 0x00, 0x69, 0x30, 0x3B, 0xC6, 0xE7, 0xEB, 0x67, 0x89,
    0x66, 0x2A, 0x55, 0x82, 0x1A, 0x5B, 0x2D, 0x2E, 0x12, 0xD0, 0x59, 0xF9, 0x0F, 0x63, 0x60, 0x60,
    0xF8, 0xFF, 0xFF, 0x43, 0x68, 0x68, 0x00, 0x00, 0xA5, 0x8E, 0x31, 0x0E, 0x82, 0x30, 0x18, 0x85,
    0x1F, 0x34, 0x86, 0xA1, 0x43, 0x19, 0x1C, 0xC5, 0xD9, 0x45, 0x59, 0x19, 0x9A, 0xD0, 0x23, 0x70,
    0x11, 0x3D, 0x82, 0x72, 0x0C, 0x6F, 0x01, 0x83, 0x3B, 0x1C, 0xC1, 0x85, 0x23, 0xB0, 0x30, 0x75,
    0x31, 0x61, 0x00, 0x6B, 0xFF, 0x12, 0x99, 0x34, 0x92, 0x48, 0xFA, 0xBE, 0xE4, 0x25, 0xFC, 0x2F,
    0x1F, 0x00, 0x78, 0x86, 0x0D, 0xAC, 0x13, 0x57, 0xAE, 0xB6, 0xE0, 0x88, 0x20, 0xB2, 0x43, 0x56,
    0x8D, 0x46, 0x0B, 0xB5, 0xB7, 0xFD, 0x77, 0xDC, 0xC4, 0x9A, 0x75, 0x92, 0xAB, 0x1D, 0x87, 0x3D,
    0x0F, 0xAB, 0x41, 0x0A, 0x25, 0x39, 0xBE, 0x3E, 0x77, 0x22, 0xDD, 0x09, 0x55, 0x91, 0xC9, 0x25,
    0x27, 0x93, 0x6A, 0x48, 0xAE, 0x9A, 0x64, 0x4B, 0xB2, 0x75, 0xBA, 0x21, 0xF9, 0x3A, 0x61, 0x4D,
    0x46, 0x8B, 0x31, 0x8F, 0x96, 0xF3, 0xA8, 0xA6, 0x51, 0x4D, 0xA3, 0xFA, 0x8F, 0xD1, 0xE0, 0x09,
    0xC4, 0x45, 0x0D, 0xE9, 0xDF, 0x91, 0xB8, 0x34, 0x48, 0x84, 0xC9, 0x93, 0xB9, 0x7F, 0x88, 0x67,
    0x83, 0x87, 0x4A, 0x70, 0xC9, 0x31, 0x7F, 0xFE, 0x68, 0x21, 0x0A, 0x05, 0x44, 0xAC, 0x06, 0x36,
    0x16, 0xDE, 0x91, 0x35, 0x48, 0x4D, 0x6C, 0x70, 0x5B, 0xD9, 0xAA, 0x61, 0x71, 0x23, 0xA4, 0xB9,
    0x45, 0xD0, 0xD3, 0x7F, 0x67, 0x82, 0x78, 0xA3, 0x3D, 0xF9, 0x2D, 0xAA, 0x1E, 0x66, 0xDA, 0x7C,
    0x01, 0x35, 0xCC, 0xB1, 0x0D, 0x80, 0x20, 0x14, 0x04, 0xD0, 0x23, 0x16, 0xD8, 0x31, 0x81, 0x61,
    0x11, 0x13, 0x58, 0xCC, 0xB0, 0x98, 0x85, 0xE8, 0x02, 0xEC, 0x61, 0x43, 0x41, 0x27, 0x70, 0x7E,
    0x4C, 0xBC, 0xE2, 0x15, 0x97, 0xDC, 0x01, 0x33, 0x46, 0xDC, 0x27, 0x0F, 0x61, 0x62, 0x16, 0x8D,
    0xDF, 0xC5, 0x15, 0x56, 0xEC, 0x9B, 0x39, 0xA4, 0xEE, 0x26, 0xC3, 0xB0, 0xDA, 0x0A, 0xC7, 0xEC,
    0x08, 0xCB, 0xC8, 0x06, 0xCD, 0x8B, 0x05, 0x8A, 0x64, 0x02, 0xC2, 0x43, 0x0F, 0xD8, 0xB3, 0xC9,
    0x4A, 0xC7, 0x22, 0xAA, 0x3B, 0x8D, 0xE7, 0xE0, 0x87, 0x0B, 0xFE, 0xBC,
};

static const EpdGlyph notosans_c21_regularGlyphs[] = {
    { 0, 0, 0, 0, 0, 0, 0 }, // U+0000
    { 0, 0, 87, 0, 0, 0, 0 }, // U+000D
    { 0, 0, 87, 0, 0, 0, 0 }, // U+0020
    { 4, 16, 90, 1, 15, 16, 0 }, // !
    { 7, 6, 137, 1, 15, 11, 16 }, // "
    { 14, 15, 217, 0, 15, 53, 27 }, // #
    { 10, 18, 192, 1, 16, 45, 80 }, // $
    { 16, 17, 279, 1, 16, 68, 125 }, // %
    { 15, 17, 246, 1, 16, 64, 193 }, // &
    { 3, 6, 76, 1, 15, 5, 257 }, // '
    { 6, 19, 101, 0, 15, 29, 262 }, // (
    { 6, 19, 101, 0, 15, 29, 291 }, // )
    { 11, 10, 185, 0, 16, 28, 320 }, // *
    { 10, 11, 192, 1, 13, 28, 348 }, // +
    { 5, 6, 90, 0, 3, 8, 376 }, // ,
    { 6, 3, 108, 0, 7, 5, 384 }, // -
    { 4, 4, 90, 1, 3, 4, 389 }, // .
    { 8, 15, 125, 0, 15, 30, 393 }, // /
    { 11, 17, 196, 1, 16, 47, 423 }, // 0
    { 7, 15, 148, 0, 15, 27, 470 }, // 1
    { 11, 16, 186, 0, 16, 44, 497 }, // 2
    { 11, 17, 192, 0, 16, 47, 541 }, // 3
    { 12, 16, 192, 0, 16, 48, 588 }, // 4
    { 10, 16, 192, 1, 15, 40, 636 }, // 5
    { 11, 17, 192, 1, 16, 47, 676 }, // 6
    { 11, 15, 172, 0, 15, 42, 723 }, // 7
    { 11, 17, 198, 1, 16, 47, 765 }, // 8
    { 10, 17, 192, 1, 16, 43, 812 }, // 9
    { 4, 13, 90, 1, 12, 13, 855 }, // :
    { 5, 15, 90, 0, 12, 19, 868 }, // ;
    { 10, 11, 192, 1, 13, 28, 887 }, // <
    { 10, 7, 192, 1, 11, 18, 915 }, // =
    { 10, 11, 192, 1, 13, 28, 933 }, // >
    { 9, 17, 146, 0, 16, 39, 961 }, // ?
    { 17, 17, 302, 1, 15, 73, 1000 }, // @
    { 14, 16, 215, 0, 16, 56, 1073 }, // A
    { 11, 15, 218, 2, 15, 42, 1129 }, // B
    { 12, 17, 212, 1, 16, 51, 1171 }, // C
    { 13, 15, 245, 2, 15, 49, 1222 }, // D
    { 9, 15, 187, 2, 15, 34, 1271 }, // E
    { 9, 15, 174, 2, 15, 34, 1305 }, // F
    { 13, 17, 245, 1, 16, 56, 1339 }, // G
    { 12, 15, 249, 2, 15, 45, 1395 }, // H
    { 7, 15, 114, 0, 15, 27, 1440 }, // I
    { 6, 19, 92, -2, 15, 29, 1467 }, // J
    { 11, 15, 208, 2, 15, 42, 1496 }, // K
    { 9, 15, 176, 2, 15, 34, 1538 }, // L
    { 16, 15, 305, 2, 15, 60, 1572 }, // M
    { 12, 15, 255, 2, 15, 45, 1632 }, // N
    { 15, 17, 262, 1, 16, 64, 1677 }, // O
    { 10, 15, 203, 2, 15, 38, 1741 }, // P
    { 15, 20, 262, 1, 16, 75, 1779 }, // Q
    { 11, 15, 209, 2, 15, 42, 1854 }, // R
    { 10, 17, 184, 1, 16, 43, 1896 }, // S
    { 12, 15, 187, 0, 15, 45, 1939 }, // T
    { 13, 16, 246, 1, 15, 52, 1984 }, // U
    { 13, 15, 202, 0, 15, 49, 2036 }, // V
    { 20, 15, 312, 0, 15, 75, 2085 }, // W
    { 13, 15, 197, 0, 15, 49, 2160 }, // X
    { 12, 15, 190, 0, 15, 45, 2209 }, // Y
    { 12, 15, 192, 0, 15, 45, 2254 }, // Z
    { 6, 19, 111, 1, 15, 29, 2299 }, // [
    { 8, 15, 125, 0, 15, 30, 2328 }, // <backslash>
    { 6, 19, 111, 0, 15, 29, 2358 }, // ]
    { 12, 11, 192, 0, 16, 33, 2387 }, // ^
    { 11, 3, 149, -1, -1, 9, 2420 }, // _
    { 6, 5, 94, 0, 17, 8, 2429 }, // `
    { 11, 13, 188, 0, 12, 36, 2437 }, // a
    { 11, 17, 207, 1, 16, 47, 2473 }, // b
    { 9, 13, 161, 1, 12, 30, 2520 }, // c
    { 11, 17, 207, 1, 16, 47, 2550 }, // d
    { 10, 13, 190, 1, 12, 33, 2597 }, // e
    { 9, 17, 116, 0, 17, 39, 2630 }, // f
    { 11, 18, 207, 1, 12, 50, 2669 }, // g
    { 11, 16, 208, 1, 16, 44, 2719 }, // h
    { 3, 16, 87, 1, 16, 12, 2763 }, // i
    { 6, 22, 87, -2, 16, 33, 2775 }, // j
    { 11, 16, 179, 1, 16, 44, 2808 }, // k
    { 3, 16, 87, 1, 16, 12, 2852 }, // l
    { 17, 12, 314, 1, 12, 51, 2864 }, // m
    { 11, 12, 208, 1, 12, 33, 2915 }, // n
    { 11, 13, 203, 1, 12, 36, 2948 }, // o
    { 11, 18, 207, 1, 12, 50, 2984 }, // p
    { 11, 18, 207, 1, 12, 50, 3034 }, // q
    { 8, 12, 139, 1, 12, 24, 3084 }, // r
    { 9, 13, 161, 1, 12, 30, 3108 }, // s
    { 8, 15, 121, 0, 14, 30, 3138 }, // t
    { 11, 13, 208, 1, 12, 36, 3168 }, // u
    { 11, 12, 171, 0, 12, 33, 3204 }, // v
    { 17, 12, 264, 0, 12, 51, 3237 }, // w
    { 11, 12, 178, 0, 12, 33, 3288 }, // x
    { 11, 18, 171, 0, 12, 50, 3321 }, // y
    { 10, 12, 158, 0, 12, 30, 3371 }, // z
    { 8, 19, 128, 0, 15, 38, 3401 }, // {
    { 2, 22, 185, 5, 16, 11, 3439 }, // |
    { 8, 19, 128, 0, 15, 38, 3450 }, // }
    { 10, 3, 192, 1, 9, 8, 3488 }, // ~
    { 0, 0, 87, 0, 0, 0, 0 }, // U+00A0
    { 4, 16, 90, 1, 12, 16, 0 }, // U+00A1
    { 10, 17, 192, 1, 16, 43, 16 }, // U+00A2
    { 12, 16, 192, 0, 16, 48, 59 }, // U+00A3
    { 10, 11, 192, 1, 13, 28, 107 }, // U+00A4
    { 12, 15, 192, 0, 15, 45, 135 }, // U+00A5
    { 2, 22, 185, 5, 16, 11, 180 }, // U+00A6
    { 9, 18, 172, 1, 17, 41, 191 }, // U+00A7
    { 7, 3, 195, 3, 16, 6, 232 }, // U+00A8
    { 16, 17, 280, 1, 16, 68, 238 }, // U+00A9
    { 7, 8, 120, 0, 16, 14, 306 }, // U+00AA
    { 10, 9, 171, 0, 10, 23, 320 }, // U+00AB
    { 10, 7, 192, 1, 9, 18, 343 }, // U+00AC
    { 6, 3, 108, 0, 7, 5, 361 }, // U+00AD
    { 16, 17, 280, 1, 16, 68, 366 }, // U+00AE
    { 12, 3, 168, -1, 18, 9, 434 }, // U+00AF
    { 7, 8, 144, 1, 16, 14, 443 }, // U+00B0
    { 10, 13, 192, 1, 13, 33, 457 }, // U+00B1
    { 7, 10, 118, 0, 18, 18, 490 }, // U+00B2
    { 7, 10, 118, 0, 18, 18, 508 }, // U+00B3
    { 6, 5, 94, 0, 17, 8, 526 }, // U+00B4
    { 11, 18, 209, 1, 12, 50, 534 }, // U+00B5
    { 11, 19, 220, 1, 16, 53, 584 }, // U+00B6
    { 4, 4, 90, 1, 9, 4, 637 }, // U+00B7
    { 5, 6, 76, 0, 0, 8, 641 }, // U+00B8
    { 6, 10, 118, 0, 18, 15, 649 }, // U+00B9
    { 8, 8, 126, 0, 16, 16, 664 }, // U+00BA
    { 10, 9, 171, 0, 10, 23, 680 }, // U+00BB
    { 16, 15, 250, 0, 15, 60, 703 }, // U+00BC
    { 16, 15, 259, 0, 15, 60, 763 }, // U+00BD
    { 17, 16, 262, 0, 16, 68, 823 }, // U+00BE
    { 9, 17, 146, 0, 12, 39, 891 }, // U+00BF
    { 14, 21, 215, 0, 21, 74, 930 }, // U+00C0
    { 14, 21, 215, 0, 21, 74, 1004 }, // U+00C1
    { 14, 21, 215, 0, 21, 74, 1078 }, // U+00C2
    { 14, 20, 215, 0, 20, 70, 1152 }, // U+00C3
    { 14, 20, 215, 0, 20, 70, 1222 }, // U+00C4
    { 14, 19, 215, 0, 19, 67, 1292 }, // U+00C5
    { 19, 15, 296, -1, 15, 72, 1359 }, // U+00C6
    { 12, 22, 212, 1, 16, 66, 1431 }, // U+00C7
    { 9, 21, 187, 2, 21, 48, 1497 }, // U+00C8
    { 9, 21, 187, 2, 21, 48, 1545 }, // U+00C9
    { 9, 21, 187, 2, 21, 48, 1593 }, // U+00CA
    { 9, 20, 187, 2, 20, 45, 1641 }, // U+00CB
    { 7, 21, 114, 0, 21, 37, 1686 }, // U+00CC
    { 7, 21, 114, 0, 21, 37, 1723 }, // U+00CD
    { 8, 21, 114, 0, 21, 42, 1760 }, // U+00CE
    { 7, 20, 114, 0, 20, 35, 1802 }, // U+00CF
    { 15, 15, 245, 0, 15, 57, 1837 }, // U+00D0
    { 12, 20, 255, 2, 20, 60, 1894 }, // U+00D1
    { 15, 22, 262, 1, 21, 83, 1954 }, // U+00D2
    { 15, 22, 262, 1, 21, 83, 2037 }, // U+00D3
    { 15, 22, 262, 1, 21, 83, 2120 }, // U+00D4
    { 15, 21, 262, 1, 20, 79, 2203 }, // U+00D5
    { 15, 21, 262, 1, 20, 79, 2282 }, // U+00D6
    { 10, 11, 192, 1, 13, 28, 2361 }, // U+00D7
    { 15, 17, 262, 1, 16, 64, 2389 }, // U+00D8
    { 13, 22, 246, 1, 21, 72, 2453 }, // U+00D9
    { 13, 22, 246, 1, 21, 72, 2525 }, // U+00DA
    { 13, 22, 246, 1, 21, 72, 2597 }, // U+00DB
    { 13, 21, 246, 1, 20, 69, 2669 }, // U+00DC
    { 12, 21, 190, 0, 21, 63, 2738 }, // U+00DD
    { 10, 15, 203, 2, 15, 38, 2801 }, // U+00DE
    { 12, 18, 212, 1, 17, 54, 2839 }, // U+00DF
    { 11, 18, 188, 0, 17, 50, 2893 }, // U+00E0
    { 11, 18, 188, 0, 17, 50, 2943 }, // U+00E1
    { 11, 18, 188, 0, 17, 50, 2993 }, // U+00E2
    { 11, 17, 188, 0, 16, 47, 3043 }, // U+00E3
    { 11, 17, 188, 0, 16, 47, 3090 }, // U+00E4
    { 11, 19, 188, 0, 18, 53, 3137 }, // U+00E5
    { 18, 13, 290, 0, 12, 59, 3190 }, // U+00E6
    { 9, 18, 161, 1, 12, 41, 3249 }, // U+00E7
    { 10, 18, 190, 1, 17, 45, 3290 }, // U+00E8
    { 10, 18, 190, 1, 17, 45, 3335 }, // U+00E9
    { 10, 18, 190, 1, 17, 45, 3380 }, // U+00EA
    { 10, 17, 190, 1, 16, 43, 3425 }, // U+00EB
    { 6, 17, 87, -1, 17, 26, 3468 }, // U+00EC
    { 5, 17, 87, 1, 17, 22, 3494 }, // U+00ED
    { 8, 17, 87, -1, 17, 34, 3516 }, // U+00EE
    { 7, 16, 87, -1, 16, 28, 3550 }, // U+00EF
    { 11, 18, 203, 1, 17, 50, 3578 }, // U+00F0
    { 11, 16, 208, 1, 16, 44, 3628 }, // U+00F1
    { 11, 18, 203, 1, 17, 50, 3672 }, // U+00F2
    { 11, 18, 203, 1, 17, 50, 3722 }, // U+00F3
    { 11, 18, 203, 1, 17, 50, 3772 }, // U+00F4
    { 11, 17, 203, 1, 16, 47, 3822 }, // U+00F5
    { 11, 17, 203, 1, 16, 47, 3869 }, // U+00F6
    { 10, 11, 192, 1, 13, 28, 3916 }, // U+00F7
    { 11, 13, 203, 1, 12, 36, 3944 }, // U+00F8
    { 11, 18, 208, 1, 17, 50, 3980 }, // U+00F9
    { 11, 18, 208, 1, 17, 50, 4030 }, // U+00FA
    { 11, 18, 208, 1, 17, 50, 4080 }, // U+00FB
    { 11, 17, 208, 1, 16, 47, 4130 }, // U+00FC
    { 11, 23, 171, 0, 17, 64, 4177 }, // U+00FD
    { 11, 22, 207, 1, 16, 61, 4241 }, // U+00FE
    { 11, 22, 171, 0, 16, 61, 4302 }, // U+00FF
    { 14, 19, 215, 0, 19, 67, 0 }, // U+0100
    { 11, 16, 188, 0, 15, 44, 67 }, // U+0101
    { 14, 20, 215, 0, 20, 70, 111 }, // U+0102
    { 11, 17, 188, 0, 16, 47, 181 }, // U+0103
    { 14, 21, 215, 0, 16, 74, 228 }, // U+0104
    { 11, 17, 188, 0, 12, 47, 302 }, // U+0105
    { 12, 22, 212, 1, 21, 66, 349 }, // U+0106
    { 9, 18, 161, 1, 17, 41, 415 }, // U+0107
    { 12, 22, 212, 1, 21, 66, 456 }, // U+0108
    { 9, 18, 161, 1, 17, 41, 522 }, // U+0109
    { 12, 21, 212, 1, 20, 63, 563 }, // U+010A
    { 9, 17, 161, 1, 16, 39, 626 }, // U+010B
    { 12, 22, 212, 1, 21, 66, 665 }, // U+010C
    { 9, 18, 161, 1, 17, 41, 731 }, // U+010D
    { 13, 21, 245, 2, 21, 69, 772 }, // U+010E
    { 14, 17, 207, 1, 16, 60, 841 }, // U+010F
    { 15, 15, 245, 0, 15, 57, 901 }, // U+0110
    { 12, 17, 207, 1, 16, 51, 958 }, // U+0111
    { 9, 19, 187, 2, 19, 43, 1009 }, // U+0112
    { 10, 16, 190, 1, 15, 40, 1052 }, // U+0113
    { 9, 20, 187, 2, 20, 45, 1092 }, // U+0114
    { 10, 17, 190, 1, 16, 43, 1137 }, // U+0115
    { 9, 20, 187, 2, 20, 45, 1180 }, // U+0116
    { 10, 17, 190, 1, 16, 43, 1225 }, // U+0117
    { 9, 20, 187, 2, 15, 45, 1268 }, // U+0118
    { 10, 17, 190, 1, 12, 43, 1313 }, // U+0119
    { 9, 21, 187, 2, 21, 48, 1356 }, // U+011A
    { 10, 18, 190, 1, 17, 45, 1404 }, // U+011B
    { 13, 22, 245, 1, 21, 72, 1449 }, // U+011C
    { 11, 23, 207, 1, 17, 64, 1521 }, // U+011D
    { 13, 21, 245, 1, 20, 69, 1585 }, // U+011E
    { 11, 22, 207, 1, 16, 61, 1654 }, // U+011F
    { 13, 21, 245, 1, 20, 69, 1715 }, // U+0120
    { 11, 22, 207, 1, 16, 61, 1784 }, // U+0121
    { 13, 21, 245, 1, 16, 69, 1845 }, // U+0122
    { 11, 23, 207, 1, 17, 64, 1914 }, // U+0123
    { 12, 21, 249, 2, 21, 63, 1978 }, // U+0124
    { 13, 22, 208, -1, 22, 72, 2041 }, // U+0125
    { 16, 15, 249, 0, 15, 60, 2113 }, // U+0126
    { 12, 16, 208, 0, 16, 48, 2173 }, // U+0127
    { 9, 20, 114, -1, 20, 45, 2221 }, // U+0128
    { 9, 16, 87, -2, 16, 36, 2266 }, // U+0129
    { 7, 19, 114, 0, 19, 34, 2302 }, // U+012A
    { 7, 15, 87, -1, 15, 27, 2336 }, // U+012B
    { 7, 20, 114, 0, 20, 35, 2363 }, // U+012C
    { 7, 16, 87, -1, 16, 28, 2398 }, // U+012D
    { 7, 20, 114, 0, 15, 35, 2426 }, // U+012E
    { 5, 21, 87, 0, 16, 27, 2461 }, // U+012F
    { 7, 20, 114, 0, 20, 35, 2488 }, // U+0130
    { 3, 12, 87, 1, 12, 9, 2523 }, // U+0131
    { 11, 19, 206, 0, 15, 53, 2532 }, // U+0132
    { 9, 22, 173, 1, 16, 50, 2585 }, // U+0133
    { 9, 25, 92, -2, 21, 57, 2635 }, // U+0134
    { 9, 23, 87, -2, 17, 52, 2692 }, // U+0135
    { 11, 20, 208, 2, 15, 55, 2744 }, // U+0136
    { 11, 21, 179, 1, 16, 58, 2799 }, // U+0137
    { 11, 12, 179, 1, 12, 33, 2857 }, // U+0138
    { 10, 21, 176, 1, 21, 53, 2890 }, // U+0139
    { 5, 22, 87, 1, 22, 28, 2943 }, // U+013A
    { 9, 20, 176, 2, 15, 45, 2971 }, // U+013B
    { 4, 21, 87, 1, 16, 21, 3016 }, // U+013C
    { 9, 15, 176, 2, 15, 34, 3037 }, // U+013D
    { 7, 16, 87, 1, 16, 28, 3071 }, // U+013E
    { 9, 15, 176, 2, 15, 34, 3099 }, // U+013F
    { 6, 16, 90, 1, 16, 24, 3133 }, // U+0140
    { 11, 15, 176, 0, 15, 42, 3157 }, // U+0141
    { 7, 16, 87, -1, 16, 28, 3199 }, // U+0142
    { 12, 21, 255, 2, 21, 63, 3227 }, // U+0143
    { 11, 17, 208, 1, 17, 47, 3290 }, // U+0144
    { 12, 20, 255, 2, 15, 60, 3337 }, // U+0145
    { 11, 17, 208, 1, 12, 47, 3397 }, // U+0146
    { 12, 21, 255, 2, 21, 63, 3444 }, // U+0147
    { 11, 17, 208, 1, 17, 47, 3507 }, // U+0148
    { 13, 15, 231, 0, 15, 49, 3554 }, // U+0149
    { 12, 19, 255, 2, 15, 57, 3603 }, // U+014A
    { 11, 18, 208, 1, 12, 50, 3660 }, // U+014B
    { 15, 20, 262, 1, 19, 75, 3710 }, // U+014C
    { 11, 16, 203, 1, 15, 44, 3785 }, // U+014D
    { 15, 21, 262, 1, 20, 79, 3829 }, // U+014E
    { 11, 17, 203, 1, 16, 47, 3908 }, // U+014F
    { 15, 22, 262, 1, 21, 83, 3955 }, // U+0150
    { 11, 18, 203, 1, 17, 50, 4038 }, // U+0151
    { 18, 17, 312, 1, 16, 77, 4088 }, // U+0152
    { 18, 13, 318, 1, 12, 59, 4165 }, // U+0153
    { 11, 21, 209, 2, 21, 58, 4224 }, // U+0154
    { 8, 17, 139, 1, 17, 34, 4282 }, // U+0155
    { 11, 20, 209, 2, 15, 55, 4316 }, // U+0156
    { 8, 17, 139, 1, 12, 34, 4371 }, // U+0157
    { 11, 21, 209, 2, 21, 58, 4405 }, // U+0158
    { 8, 17, 139, 1, 17, 34, 4463 }, // U+0159
    { 10, 22, 184, 1, 21, 55, 4497 }, // U+015A
    { 9, 18, 161, 1, 17, 41, 4552 }, // U+015B
    { 10, 22, 184, 1, 21, 55, 4593 }, // U+015C
    { 9, 18, 161, 1, 17, 41, 4648 }, // U+015D
    { 10, 22, 184, 1, 16, 55, 4689 }, // U+015E
    { 9, 18, 161, 1, 12, 41, 4744 }, // U+015F
    { 10, 22, 184, 1, 21, 55, 4785 }, // U+0160
    { 9, 18, 161, 1, 17, 41, 4840 }, // U+0161
    { 12, 21, 187, 0, 15, 63, 4881 }, // U+0162
    { 8, 20, 121, 0, 14, 40, 4944 }, // U+0163
    { 12, 21, 187, 0, 21, 63, 4984 }, // U+0164
    { 10, 17, 121, 0, 16, 43, 5047 }, // U+0165
    { 12, 15, 187, 0, 15, 45, 5090 }, // U+0166
    { 8, 15, 121, 0, 14, 30, 5135 }, // U+0167
    { 13, 21, 246, 1, 20, 69, 5165 }, // U+0168
    { 11, 17, 208, 1, 16, 47, 5234 }, // U+0169
    { 13, 20, 246, 1, 19, 65, 5281 }, // U+016A
    { 11, 16, 208, 1, 15, 44, 5346 }, // U+016B
    { 13, 21, 246, 1, 20, 69, 5390 }, // U+016C
    { 11, 17, 208, 1, 16, 47, 5459 }, // U+016D
    { 13, 23, 246, 1, 22, 75, 5506 }, // U+016E
    { 11, 19, 208, 1, 18, 53, 5581 }, // U+016F
    { 13, 22, 246, 1, 21, 72, 5634 }, // U+0170
    { 11, 18, 208, 1, 17, 50, 5706 }, // U+0171
    { 13, 20, 246, 1, 15, 65, 5756 }, // U+0172
    { 11, 17, 208, 1, 12, 47, 5821 }, // U+0173
    { 20, 21, 312, 0, 21, 105, 5868 }, // U+0174
    { 17, 17, 264, 0, 17, 73, 5973 }, // U+0175
    { 12, 21, 190, 0, 21, 63, 6046 }, // U+0176
    { 11, 23, 171, 0, 17, 64, 6109 }, // U+0177
    { 12, 20, 190, 0, 20, 60, 6173 }, // U+0178
    { 12, 21, 192, 0, 21, 63, 6233 }, // U+0179
    { 10, 17, 158, 0, 17, 43, 6296 }, // U+017A
    { 12, 20, 192, 0, 20, 60, 6339 }, // U+017B
    { 10, 16, 158, 0, 16, 40, 6399 }, // U+017C
    { 12, 21, 192, 0, 21, 63, 6439 }, // U+017D
    { 10, 17, 158, 0, 17, 43, 6502 }, // U+017E
    { 7, 17, 110, 1, 17, 30, 6545 }, // U+017F
    { 16, 17, 263, 1, 16, 68, 0 }, // U+01A0
    { 13, 14, 207, 1, 13, 46, 68 }, // U+01A1
    { 17, 17, 262, 1, 16, 73, 114 }, // U+01AF
    { 14, 14, 226, 1, 13, 49, 187 }, // U+01B0
    { 25, 21, 434, 2, 21, 132, 236 }, // U+01C4
    { 23, 17, 403, 2, 17, 98, 368 }, // U+01C5
    { 21, 18, 365, 1, 17, 95, 466 }, // U+01C6
    { 13, 19, 268, 2, 15, 62, 561 }, // U+01C7
    { 13, 22, 263, 2, 16, 72, 623 }, // U+01C8
    { 9, 22, 173, 1, 16, 50, 695 }, // U+01C9
    { 18, 19, 347, 2, 15, 86, 745 }, // U+01CA
    { 18, 22, 342, 2, 16, 99, 831 }, // U+01CB
    { 16, 22, 294, 1, 16, 88, 930 }, // U+01CC
    { 14, 21, 215, 0, 21, 74, 1018 }, // U+01CD
    { 11, 18, 188, 0, 17, 50, 1092 }, // U+01CE
    { 8, 21, 114, 0, 21, 42, 1142 }, // U+01CF
    { 8, 17, 87, -1, 17, 34, 1184 }, // U+01D0
    { 15, 22, 262, 1, 21, 83, 1218 }, // U+01D1
    { 11, 18, 203, 1, 17, 50, 1301 }, // U+01D2
    { 13, 22, 246, 1, 21, 72, 1351 }, // U+01D3
    { 11, 18, 208, 1, 17, 50, 1423 }, // U+01D4
    { 13, 23, 246, 1, 22, 75, 1473 }, // U+01D5
    { 11, 19, 208, 1, 18, 53, 1548 }, // U+01D6
    { 13, 24, 246, 1, 23, 78, 1601 }, // U+01D7
    { 11, 20, 208, 1, 19, 55, 1679 }, // U+01D8
    { 13, 24, 246, 1, 23, 78, 1734 }, // U+01D9
    { 11, 20, 208, 1, 19, 55, 1812 }, // U+01DA
    { 13, 24, 246, 1, 23, 78, 1867 }, // U+01DB
    { 11, 20, 208, 1, 19, 55, 1945 }, // U+01DC
    { 10, 13, 190, 1, 12, 33, 2000 }, // U+01DD
    { 14, 22, 215, 0, 22, 77, 2033 }, // U+01DE
    { 11, 19, 188, 0, 18, 53, 2110 }, // U+01DF
    { 14, 22, 215, 0, 22, 77, 2163 }, // U+01E0
    { 11, 19, 188, 0, 18, 53, 2240 }, // U+01E1
    { 19, 19, 296, -1, 19, 91, 2293 }, // U+01E2
    { 18, 16, 290, 0, 15, 72, 2384 }, // U+01E3
    { 15, 17, 245, 1, 16, 64, 2456 }, // U+01E4
    { 12, 18, 207, 1, 12, 54, 2520 }, // U+01E5
    { 13, 22, 245, 1, 21, 72, 2574 }, // U+01E6
    { 11, 23, 207, 1, 17, 64, 2646 }, // U+01E7
    { 11, 21, 208, 2, 21, 58, 2710 }, // U+01E8
    { 13, 22, 179, -1, 22, 72, 2768 }, // U+01E9
    { 15, 21, 262, 1, 16, 79, 2840 }, // U+01EA
    { 11, 17, 203, 1, 12, 47, 2919 }, // U+01EB
    { 15, 24, 262, 1, 19, 90, 2966 }, // U+01EC
    { 11, 20, 203, 1, 15, 55, 3056 }, // U+01ED
    { 12, 22, 196, 0, 21, 66, 3111 }, // U+01EE
    { 10, 23, 167, 0, 17, 58, 3177 }, // U+01EF
    { 9, 23, 87, -2, 17, 52, 3235 }, // U+01F0
    { 25, 15, 434, 2, 15, 94, 3287 }, // U+01F1
    { 23, 15, 403, 2, 15, 87, 3381 }, // U+01F2
    { 21, 17, 365, 1, 16, 90, 3468 }, // U+01F3
    { 13, 22, 245, 1, 21, 72, 3558 }, // U+01F4
    { 11, 23, 207, 1, 17, 64, 3630 }, // U+01F5
    { 16, 16, 315, 2, 15, 64, 3694 }, // U+01F6
    { 11, 22, 222, 2, 16, 61, 3758 }, // U+01F7
    { 12, 21, 255, 2, 21, 63, 3819 }, // U+01F8
    { 11, 17, 208, 1, 17, 47, 3882 }, // U+01F9
    { 14, 21, 215, 0, 21, 74, 3929 }, // U+01FA
    { 11, 22, 188, 0, 21, 61, 4003 }, // U+01FB
    { 19, 21, 296, -1, 21, 100, 4064 }, // U+01FC
    { 18, 18, 290, 0, 17, 81, 4164 }, // U+01FD
    { 15, 22, 262, 1, 21, 83, 4245 }, // U+01FE
    { 11, 18, 203, 1, 17, 50, 4328 }, // U+01FF
    { 14, 21, 215, 0, 21, 74, 4378 }, // U+0200
    { 11, 18, 188, 0, 17, 50, 4452 }, // U+0201
    { 14, 20, 215, 0, 20, 70, 4502 }, // U+0202
    { 11, 17, 188, 0, 16, 47, 4572 }, // U+0203
    { 10, 21, 187, 1, 21, 53, 4619 }, // U+0204
    { 10, 18, 190, 1, 17, 45, 4672 }, // U+0205
    { 9, 20, 187, 2, 20, 45, 4717 }, // U+0206
    { 10, 17, 190, 1, 16, 43, 4762 }, // U+0207
    { 9, 21, 114, -2, 21, 48, 4805 }, // U+0208
    { 8, 17, 87, -2, 17, 34, 4853 }, // U+0209
    { 7, 20, 114, 0, 20, 35, 4887 }, // U+020A
    { 7, 16, 87, -1, 16, 28, 4922 }, // U+020B
    { 15, 22, 262, 1, 21, 83, 4950 }, // U+020C
    { 11, 18, 203, 1, 17, 50, 5033 }, // U+020D
    { 15, 21, 262, 1, 20, 79, 5083 }, // U+020E
    { 11, 17, 203, 1, 16, 47, 5162 }, // U+020F
    { 12, 21, 209, 1, 21, 63, 5209 }, // U+0210
    { 9, 17, 139, 0, 17, 39, 5272 }, // U+0211
    { 11, 20, 209, 2, 20, 55, 5311 }, // U+0212
    { 8, 16, 139, 1, 16, 32, 5366 }, // U+0213
    { 13, 22, 246, 1, 21, 72, 5398 }, // U+0214
    { 11, 18, 208, 1, 17, 50, 5470 }, // U+0215
    { 13, 21, 246, 1, 20, 69, 5520 }, // U+0216
    { 11, 17, 208, 1, 16, 47, 5589 }, // U+0217
    { 10, 21, 184, 1, 16, 53, 5636 }, // U+0218
    { 9, 17, 161, 1, 12, 39, 5689 }, // U+0219
    { 12, 20, 187, 0, 15, 60, 5728 }, // U+021A
    { 8, 19, 121, 0, 14, 38, 5788 }, // U+021B
    { 11, 20, 193, 0, 16, 55, 5826 }, // U+021C
    { 10, 18, 167, 0, 12, 45, 5881 }, // U+021D
    { 12, 21, 249, 2, 21, 63, 5926 }, // U+021E
    { 13, 22, 208, -1, 22, 72, 5989 }, // U+021F
    { 10, 13, 188, 1, 12, 33, 0 }, // U+0250
    { 12, 13, 207, 1, 12, 39, 33 }, // U+0251
    { 12, 13, 207, 0, 12, 39, 72 }, // U+0252
    { 11, 18, 207, 1, 17, 50, 111 }, // U+0253
    { 9, 13, 161, 0, 12, 30, 161 }, // U+0254
    { 10, 14, 178, 1, 12, 35, 191 }, // U+0255
    { 13, 22, 207, 1, 16, 72, 226 }, // U+0256
    { 13, 18, 207, 1, 17, 59, 298 }, // U+0257
    { 10, 13, 190, 1, 12, 33, 357 }, // U+0258
    { 10, 13, 190, 1, 12, 33, 390 }, // U+0259
    { 16, 13, 263, 1, 12, 52, 423 }, // U+025A
    { 10, 13, 162, 0, 12, 33, 475 }, // U+025B
    { 10, 13, 165, 0, 12, 33, 508 }, // U+025C
    { 15, 13, 236, 0, 12, 49, 541 }, // U+025D
    { 11, 13, 202, 1, 12, 36, 590 }, // U+025E
    { 8, 18, 87, -2, 12, 36, 626 }, // U+025F
    { 13, 23, 207, 1, 17, 75, 662 }, // U+0260
    { 11, 18, 207, 1, 12, 50, 737 }, // U+0261
    { 10, 13, 193, 1, 12, 33, 787 }, // U+0262
    { 11, 17, 171, 0, 12, 47, 820 }, // U+0263
    { 12, 13, 171, -1, 12, 39, 867 }, // U+0264
    { 11, 17, 208, 1, 12, 47, 906 }, // U+0265
    { 11, 17, 208, 1, 17, 47, 953 }, // U+0266
    { 11, 23, 208, 1, 17, 64, 1000 }, // U+0267
    { 6, 16, 87, 0, 16, 24, 1064 }, // U+0268
    { 6, 13, 112, 1, 12, 20, 1088 }, // U+0269
    { 6, 12, 108, 0, 12, 18, 1108 }, // U+026A
    { 8, 16, 127, 0, 16, 32, 1126 }, // U+026B
    { 9, 16, 118, -1, 16, 36, 1158 }, // U+026C
    { 6, 22, 86, 1, 16, 33, 1194 }, // U+026D
    { 13, 22, 221, 1, 16, 72, 1227 }, // U+026E
    { 17, 13, 314, 1, 12, 56, 1299 }, // U+026F
    { 17, 18, 314, 1, 12, 77, 1355 }, // U+0270
    { 17, 18, 314, 1, 12, 77, 1432 }, // U+0271
    { 13, 18, 208, -1, 12, 59, 1509 }, // U+0272
    { 13, 18, 208, 1, 12, 59, 1568 }, // U+0273
    { 11, 12, 212, 1, 12, 33, 1627 }, // U+0274
    { 11, 13, 203, 1, 12, 36, 1660 }, // U+0275
    { 17, 13, 290, 1, 12, 56, 1696 }, // U+0276
    { 15, 13, 263, 1, 12, 49, 1752 }, // U+0277
    { 14, 22, 244, 1, 16, 77, 1801 }, // U+0278
    { 7, 13, 139, 0, 12, 23, 1878 }, // U+0279
    { 7, 17, 139, 0, 16, 30, 1901 }, // U+027A
    { 10, 18, 139, 0, 12, 45, 1931 }, // U+027B
    { 8, 18, 139, 1, 12, 36, 1976 }, // U+027C
    { 8, 18, 139, 1, 12, 36, 2012 }, // U+027D
    { 6, 12, 116, 1, 12, 18, 2048 }, // U+027E
    { 6, 18, 116, 0, 12, 27, 2066 }, // U+027F
    { 11, 12, 188, 1, 12, 33, 2093 }, // U+0280
    { 11, 12, 188, 1, 12, 33, 2126 }, // U+0281
    { 9, 17, 161, 1, 12, 39, 2159 }, // U+0282
    { 8, 23, 87, -1, 17, 46, 2198 }, // U+0283
    { 8, 23, 87, -1, 17, 46, 2244 }, // U+0284
    { 8, 18, 87, -1, 12, 36, 2290 }, // U+0285
    { 10, 23, 87, -3, 17, 58, 2326 }, // U+0286
    { 8, 15, 121, 0, 12, 30, 2384 }, // U+0287
    { 8, 20, 121, 0, 14, 40, 2414 }, // U+0288
    { 13, 13, 208, 0, 12, 43, 2454 }, // U+0289
    { 13, 13, 203, 0, 12, 43, 2497 }, // U+028A
    { 11, 13, 203, 1, 12, 36, 2540 }, // U+028B
    { 11, 12, 171, 0, 12, 33, 2576 }, // U+028C
    { 17, 13, 264, 0, 12, 56, 2609 }, // U+028D
    { 11, 17, 171, 0, 17, 47, 2665 }, // U+028E
    { 10, 12, 159, 0, 12, 30, 2712 }, // U+028F
    { 12, 18, 158, 0, 12, 54, 2742 }, // U+0290
    { 12, 14, 182, 0, 12, 42, 2796 }, // U+0291
    { 10, 18, 167, 0, 12, 45, 2838 }, // U+0292
    { 12, 18, 167, -1, 12, 54, 2883 }, // U+0293
    { 9, 17, 143, 0, 17, 39, 2937 }, // U+0294
    { 9, 17, 143, 0, 17, 39, 2976 }, // U+0295
    { 9, 17, 143, 0, 16, 39, 3015 }, // U+0296
    { 9, 18, 158, 1, 12, 41, 3054 }, // U+0297
    { 15, 17, 262, 1, 16, 64, 3095 }, // U+0298
    { 11, 12, 194, 1, 12, 33, 3159 }, // U+0299
    { 12, 13, 202, 0, 12, 39, 3192 }, // U+029A
    { 12, 18, 193, 1, 17, 54, 3231 }, // U+029B
    { 11, 12, 214, 1, 12, 33, 3285 }, // U+029C
    { 8, 22, 87, -2, 16, 44, 3318 }, // U+029D
    { 10, 17, 179, 0, 12, 43, 3362 }, // U+029E
    { 8, 12, 146, 1, 12, 24, 3405 }, // U+029F
    { 13, 23, 207, 1, 17, 75, 3429 }, // U+02A0
    { 9, 17, 143, 0, 17, 39, 3504 }, // U+02A1
    { 9, 17, 143, 0, 17, 39, 3543 }, // U+02A2
    { 19, 17, 323, 1, 16, 81, 3582 }, // U+02A3
    { 19, 22, 330, 1, 16, 105, 3663 }, // U+02A4
    { 21, 18, 347, 1, 16, 95, 3768 }, // U+02A5
    { 15, 14, 255, 0, 14, 53, 3863 }, // U+02A6
    { 12, 23, 171, 0, 17, 69, 3916 }, // U+02A7
    { 18, 15, 290, 0, 14, 68, 3985 }, // U+02A8
    { 17, 23, 290, 0, 17, 98, 4053 }, // U+02A9
    { 12, 17, 222, 1, 16, 51, 4151 }, // U+02AA
    { 11, 16, 203, 1, 16, 44, 4202 }, // U+02AB
    { 11, 15, 171, 0, 15, 42, 4246 }, // U+02AC
    { 10, 15, 198, 1, 15, 38, 4288 }, // U+02AD
    { 13, 18, 211, -1, 12, 59, 4326 }, // U+02AE
    { 15, 18, 211, -1, 12, 68, 4385 }, // U+02AF
    { 7, 10, 135, 1, 16, 18, 4453 }, // U+02B0
    { 7, 10, 135, 1, 16, 18, 4471 }, // U+02B1
    { 4, 13, 56, -1, 16, 13, 4489 }, // U+02B2
    { 5, 7, 90, 1, 13, 9, 4502 }, // U+02B3
    { 5, 8, 90, 0, 13, 10, 4511 }, // U+02B4
    { 7, 10, 90, 0, 13, 18, 4521 }, // U+02B5
    { 7, 7, 122, 1, 13, 13, 4539 }, // U+02B6
    { 11, 7, 172, 0, 13, 20, 4552 }, // U+02B7
    { 7, 10, 112, 0, 13, 18, 4572 }, // U+02B8
    { 4, 6, 59, 0, 15, 6, 4590 }, // U+02B9
    { 8, 6, 121, 0, 15, 12, 4596 }, // U+02BA
    { 4, 6, 59, 0, 15, 6, 4608 }, // U+02BB
    { 4, 6, 59, 0, 15, 6, 4614 }, // U+02BC
    { 4, 6, 59, 0, 15, 6, 4620 }, // U+02BD
    { 3, 5, 57, 0, 17, 4, 4626 }, // U+02BE
    { 3, 5, 57, 0, 17, 4, 4630 }, // U+02BF
    { 6, 8, 97, 0, 17, 12, 4634 }, // U+02C0
    { 6, 8, 97, 0, 17, 12, 4646 }, // U+02C1
    { 6, 6, 96, 0, 17, 9, 4658 }, // U+02C2
    { 6, 6, 96, 0, 17, 9, 4667 }, // U+02C3
    { 6, 6, 96, 0, 17, 9, 4676 }, // U+02C4
    { 6, 6, 96, 0, 17, 9, 4685 }, // U+02C5
    { 8, 5, 140, 0, 17, 10, 4694 }, // U+02C6
    { 8, 5, 140, 0, 17, 10, 4704 }, // U+02C7
    { 3, 6, 54, 0, 16, 5, 4714 }, // U+02C8
    { 8, 3, 127, 0, 15, 6, 4719 }, // U+02C9
    { 6, 5, 94, 0, 17, 8, 4725 }, // U+02CA
    { 6, 5, 94, 0, 17, 8, 4733 }, // U+02CB
    { 3, 7, 54, 0, 2, 6, 4741 }, // U+02CC
    { 8, 3, 127, 0, -1, 6, 4747 }, // U+02CD
    { 6, 5, 94, 0, 0, 8, 4753 }, // U+02CE
    { 6, 5, 94, 0, 0, 8, 4761 }, // U+02CF
    { 5, 12, 108, 1, 12, 15, 4769 }, // U+02D0
    { 5, 4, 108, 1, 12, 5, 4784 }, // U+02D1
    { 4, 5, 64, 0, 9, 5, 4789 }, // U+02D2
    { 4, 5, 64, 0, 9, 5, 4794 }, // U+02D3
    { 6, 4, 91, 0, 8, 6, 4799 }, // U+02D4
    { 6, 4, 91, 0, 8, 6, 4805 }, // U+02D5
    { 6, 5, 91, 0, 9, 8, 4811 }, // U+02D6
    { 6, 2, 97, 0, 7, 3, 4819 }, // U+02D7
    { 8, 4, 131, 0, 16, 8, 4822 }, // U+02D8
    { 3, 3, 61, 0, 16, 3, 4830 }, // U+02D9
    { 6, 6, 101, 0, 18, 9, 4833 }, // U+02DA
    { 5, 6, 82, 0, 1, 8, 4842 }, // U+02DB
    { 9, 4, 150, 0, 16, 9, 4850 }, // U+02DC
    { 9, 5, 148, 0, 17, 12, 4859 }, // U+02DD
    { 9, 6, 83, -3, 9, 14, 4871 }, // U+02DE
    { 6, 6, 95, 0, 17, 9, 4885 }, // U+02DF
    { 7, 10, 111, 0, 13, 18, 4894 }, // U+02E0
    { 2, 10, 56, 1, 16, 5, 4912 }, // U+02E1
    { 6, 8, 104, 0, 13, 12, 4917 }, // U+02E2
    { 7, 7, 116, 0, 13, 13, 4929 }, // U+02E3
    { 6, 10, 93, 0, 16, 15, 4942 }, // U+02E4
    { 7, 15, 140, 1, 15, 27, 4957 }, // U+02E5
    { 7, 15, 140, 1, 15, 27, 4984 }, // U+02E6
    { 7, 15, 140, 1, 15, 27, 5011 }, // U+02E7
    { 7, 15, 140, 1, 15, 27, 5038 }, // U+02E8
    { 7, 15, 140, 1, 15, 27, 5065 }, // U+02E9
    { 7, 9, 140, 1, 12, 16, 5092 }, // U+02EA
    { 7, 9, 140, 1, 12, 16, 5108 }, // U+02EB
    { 8, 5, 140, 0, 0, 10, 5124 }, // U+02EC
    { 10, 5, 166, 0, 17, 13, 5134 }, // U+02ED
    { 8, 6, 121, 0, 15, 12, 5147 }, // U+02EE
    { 8, 6, 139, 0, 0, 12, 5159 }, // U+02EF
    { 8, 6, 139, 0, 0, 12, 5171 }, // U+02F0
    { 7, 7, 111, 0, 1, 13, 5183 }, // U+02F1
    { 7, 7, 111, 0, 1, 13, 5196 }, // U+02F2
    { 5, 5, 112, 1, -1, 7, 5209 }, // U+02F3
    { 6, 5, 94, 0, 10, 8, 5216 }, // U+02F4
    { 9, 5, 148, 0, 10, 12, 5224 }, // U+02F5
    { 9, 5, 148, 0, 10, 12, 5236 }, // U+02F6
    { 9, 4, 150, 0, -1, 9, 5248 }, // U+02F7
    { 4, 13, 90, 1, 16, 13, 5257 }, // U+02F8
    { 6, 6, 96, 0, 15, 9, 5270 }, // U+02F9
    { 6, 6, 96, 0, 15, 9, 5279 }, // U+02FA
    { 6, 5, 96, 0, 5, 8, 5288 }, // U+02FB
    { 6, 5, 96, 0, 5, 8, 5296 }, // U+02FC
    { 11, 5, 177, 0, 0, 14, 5304 }, // U+02FD
    { 11, 5, 177, 0, 0, 14, 5318 }, // U+02FE
    { 11, 8, 179, 0, 2, 22, 5332 }, // U+02FF
    { 5, 5, 0, -11, 17, 7, 0 }, // U+0300
    { 5, 5, 0, -7, 17, 7, 7 }, // U+0301
    { 8, 5, 0, -4, 17, 10, 14 }, // U+0302
    { 9, 4, 0, -11, 16, 9, 24 }, // U+0303
    { 8, 3, 0, -4, 15, 6, 33 }, // U+0304
    { 10, 2, 0, -5, 18, 5, 39 }, // U+0305
    { 8, 4, 0, -4, 16, 8, 44 }, // U+0306
    { 4, 3, 0, -2, 16, 3, 52 }, // U+0307
    { 6, 3, 0, -3, 16, 5, 55 }, // U+0308
    { 4, 6, 0, -8, 18, 6, 60 }, // U+0309
    { 6, 6, 0, -3, 18, 9, 66 }, // U+030A
    { 8, 5, 0, -3, 17, 10, 75 }, // U+030B
    { 8, 5, 0, -4, 17, 10, 85 }, // U+030C
    { 2, 4, 0, -1, 16, 2, 95 }, // U+030D
    { 6, 4, 0, -3, 16, 6, 97 }, // U+030E
    { 8, 5, 0, -11, 17, 10, 103 }, // U+030F
    { 8, 6, 0, -4, 18, 12, 113 }, // U+0310
    { 8, 4, 0, -4, 16, 8, 125 }, // U+0311
    { 4, 6, 0, -2, 15, 6, 133 }, // U+0312
    { 4, 6, 0, -2, 15, 6, 139 }, // U+0313
    { 4, 6, 0, -2, 15, 6, 145 }, // U+0314
    { 4, 6, 0, -2, 15, 6, 151 }, // U+0315
    { 6, 5, 0, -3, 0, 8, 157 }, // U+0316
    { 6, 5, 0, -3, 0, 8, 165 }, // U+0317
    { 4, 5, 0, -2, 0, 5, 173 }, // U+0318
    { 4, 5, 0, -2, 0, 5, 178 }, // U+0319
    { 6, 6, 105, 0, 16, 9, 183 }, // U+031A
    { 6, 5, 0, -3, 16, 8, 192 }, // U+031B
    { 4, 5, 0, -2, 0, 5, 200 }, // U+031C
    { 6, 4, 0, -3, -1, 6, 205 }, // U+031D
    { 6, 4, 0, -3, -1, 6, 211 }, // U+031E
    { 6, 5, 0, -3, 0, 8, 217 }, // U+031F
    { 6, 2, 0, -3, -2, 3, 225 }, // U+0320
    { 4, 6, 0, -4, 1, 6, 228 }, // U+0321
    { 4, 6, 0, 0, 1, 6, 234 }, // U+0322
    { 3, 3, 0, -8, -1, 3, 240 }, // U+0323
    { 6, 3, 0, -3, -1, 5, 243 }, // U+0324
    { 6, 6, 0, -3, 1, 9, 248 }, // U+0325
    { 4, 4, 0, -2, -1, 4, 257 }, // U+0326
    { 6, 6, 0, -3, 0, 9, 261 }, // U+0327
    { 4, 6, 0, -2, 1, 6, 270 }, // U+0328
    { 2, 4, 0, -1, -1, 2, 276 }, // U+0329
    { 8, 4, 0, -4, -1, 8, 278 }, // U+032A
    { 8, 3, 0, -4, -1, 6, 286 }, // U+032B
    { 8, 5, 0, -4, 0, 10, 292 }, // U+032C
    { 8, 5, 0, -4, 0, 10, 302 }, // U+032D
    { 8, 4, 0, -4, -1, 8, 312 }, // U+032E
    { 8, 4, 0, -4, -1, 8, 320 }, // U+032F
    { 8, 4, 0, -4, -1, 8, 328 }, // U+0330
    { 8, 3, 0, -4, -1, 6, 336 }, // U+0331
    { 10, 3, 0, -5, -1, 8, 342 }, // U+0332
    { 10, 5, 0, -5, 0, 13, 350 }, // U+0333
    { 8, 4, 0, -4, 8, 8, 363 }, // U+0334
    { 10, 2, 0, -5, 7, 5, 371 }, // U+0335
    { 16, 2, 0, -8, 7, 8, 376 }, // U+0336
    { 8, 6, 0, -4, 9, 12, 384 }, // U+0337
    { 10, 18, 0, -5, 16, 45, 396 }, // U+0338
    { 4, 5, 0, -2, 0, 5, 441 }, // U+0339
    { 8, 4, 0, -4, -1, 8, 446 }, // U+033A
    { 8, 5, 0, -4, 0, 10, 454 }, // U+033B
    { 8, 3, 0, -4, -1, 6, 464 }, // U+033C
    { 6, 6, 0, -3, 17, 9, 470 }, // U+033D
    { 4, 7, 0, -2, 19, 7, 479 }, // U+033E
    { 10, 5, 0, -5, 21, 13, 486 }, // U+033F
    { 5, 5, 0, -4, 17, 7, 499 }, // U+0340
    { 5, 5, 0, -1, 17, 7, 506 }, // U+0341
    { 8, 4, 0, -4, 16, 8, 513 }, // U+0342
    { 4, 5, 0, -2, 17, 5, 521 }, // U+0343
    { 9, 5, 0, -4, 17, 12, 526 }, // U+0344
    { 4, 5, 0, -1, -1, 5, 538 }, // U+0345
    { 10, 4, 0, -5, 16, 10, 543 }, // U+0346
    { 10, 5, 0, -5, 0, 13, 553 }, // U+0347
    { 6, 4, 0, -3, -1, 6, 566 }, // U+0348
    { 4, 5, 0, -2, -1, 5, 572 }, // U+0349
    { 8, 6, 0, -4, 17, 12, 577 }, // U+034A
    { 8, 8, 0, -4, 20, 16, 589 }, // U+034B
    { 8, 7, 0, -4, 19, 14, 605 }, // U+034C
    { 8, 5, 0, -4, 0, 10, 619 }, // U+034D
    { 4, 6, 0, -2, 0, 6, 629 }, // U+034E
    { 16, 15, 0, -8, 15, 60, 635 }, // U+034F
    { 4, 5, 0, -2, 17, 5, 695 }, // U+0350
    { 3, 5, 0, -1, 17, 4, 700 }, // U+0351
    { 8, 6, 0, -4, 18, 12, 704 }, // U+0352
    { 4, 5, 0, -2, 0, 5, 716 }, // U+0353
    { 4, 6, 0, -2, 0, 6, 721 }, // U+0354
    { 4, 6, 0, -2, 0, 6, 727 }, // U+0355
    { 9, 6, 0, -4, 0, 14, 733 }, // U+0356
    { 3, 5, 0, -1, 17, 4, 747 }, // U+0357
    { 3, 3, 0, 2, 16, 3, 751 }, // U+0358
    { 6, 6, 0, -3, 0, 9, 754 }, // U+0359
    { 10, 6, 0, -5, 0, 15, 763 }, // U+035A
    { 4, 5, 0, -2, 17, 5, 778 }, // U+035B
    { 18, 5, 0, -9, 0, 23, 783 }, // U+035C
    { 18, 5, 0, -9, 17, 23, 806 }, // U+035D
    { 14, 2, 0, -7, 15, 7, 829 }, // U+035E
    { 14, 2, 0, -7, -1, 7, 836 }, // U+035F
    { 18, 4, 0, -9, 16, 18, 843 }, // U+0360
    { 18, 5, 0, -9, 18, 23, 861 }, // U+0361
    { 17, 5, 0, -8, 0, 22, 884 }, // U+0362
    { 5, 6, 0, -2, 18, 8, 906 }, // U+0363
    { 5, 6, 0, -2, 18, 8, 914 }, // U+0364
    { 2, 7, 0, -1, 20, 4, 922 }, // U+0365
    { 6, 6, 0, -3, 18, 9, 926 }, // U+0366
    { 5, 6, 0, -2, 18, 8, 935 }, // U+0367
    { 5, 6, 0, -2, 18, 8, 943 }, // U+0368
    { 6, 8, 0, -3, 20, 12, 951 }, // U+0369
    { 5, 7, 0, -2, 20, 9, 963 }, // U+036A
    { 8, 5, 0, -4, 18, 10, 972 }, // U+036B
    { 4, 5, 0, -1, 18, 5, 982 }, // U+036C
    { 4, 7, 0, -2, 19, 7, 987 }, // U+036D
    { 6, 5, 0, -3, 18, 8, 994 }, // U+036E
    { 6, 5, 0, -3, 18, 8, 1002 }, // U+036F
    { 9, 21, 187, 2, 21, 48, 0 }, // U+0400
    { 9, 19, 187, 2, 19, 43, 48 }, // U+0401
    { 14, 16, 241, 0, 15, 56, 91 }, // U+0402
    { 9, 21, 171, 2, 21, 48, 147 }, // U+0403
    { 12, 17, 215, 1, 16, 51, 195 }, // U+0404
    { 10, 17, 184, 1, 16, 43, 246 }, // U+0405
    { 2, 15, 95, 2, 15, 8, 289 }, // U+0406
    { 6, 19, 95, 0, 19, 29, 297 }, // U+0407
    { 6, 19, 92, -2, 15, 29, 326 }, // U+0408
    { 21, 16, 339, 0, 15, 84, 355 }, // U+0409
    { 19, 15, 345, 2, 15, 72, 439 }, // U+040A
    { 14, 15, 240, 0, 15, 53, 511 }, // U+040B
    { 11, 21, 210, 2, 21, 58, 564 }, // U+040C
    { 12, 21, 254, 2, 21, 63, 622 }, // U+040D
    { 13, 20, 207, 0, 19, 65, 685 }, // U+040E
    { 12, 19, 246, 2, 15, 57, 750 }, // U+040F
    { 14, 16, 214, 0, 16, 56, 807 }, // U+0410
    { 10, 15, 206, 2, 15, 38, 863 }, // U+0411
    { 11, 15, 218, 2, 15, 42, 901 }, // U+0412
    { 9, 15, 171, 2, 15, 34, 943 }, // U+0413
    { 16, 19, 245, 0, 15, 76, 977 }, // U+0414
    { 9, 15, 187, 2, 15, 34, 1053 }, // U+0415
    { 19, 15, 304, 0, 15, 72, 1087 }, // U+0416
    { 11, 17, 194, 0, 16, 47, 1159 }, // U+0417
    { 12, 15, 254, 2, 15, 45, 1206 }, // U+0418
    { 12, 19, 254, 2, 19, 57, 1251 }, // U+0419
    { 11, 15, 210, 2, 15, 42, 1308 }, // U+041A
    { 13, 16, 235, 0, 15, 52, 1350 }, // U+041B
    { 16, 15, 305, 2, 15, 60, 1402 }, // U+041C
    { 12, 15, 250, 2, 15, 45, 1462 }, // U+041D
    { 14, 17, 256, 1, 16, 60, 1507 }, // U+041E
    { 12, 15, 246, 2, 15, 45, 1567 }, // U+041F
    { 10, 15, 203, 2, 15, 38, 1612 }, // U+0420
    { 12, 17, 215, 1, 16, 51, 1650 }, // U+0421
    { 12, 15, 187, 0, 15, 45, 1701 }, // U+0422
    { 13, 16, 207, 0, 15, 52, 1746 }, // U+0423
    { 16, 17, 275, 1, 16, 68, 1798 }, // U+0424
    { 13, 15, 198, 0, 15, 49, 1866 }, // U+0425
    { 14, 19, 249, 2, 15, 67, 1915 }, // U+0426
    { 12, 15, 226, 1, 15, 45, 1982 }, // U+0427
    { 18, 15, 348, 2, 15, 68, 2027 }, // U+0428
    { 20, 19, 345, 2, 15, 95, 2095 }, // U+0429
    { 14, 15, 230, 0, 15, 53, 2190 }, // U+042A
    { 14, 15, 285, 2, 15, 53, 2243 }, // U+042B
    { 10, 15, 204, 2, 15, 38, 2296 }, // U+042C
    { 13, 17, 217, 0, 16, 56, 2334 }, // U+042D
    { 18, 17, 336, 2, 16, 77, 2390 }, // U+042E
    { 12, 15, 214, 0, 15, 45, 2467 }, // U+042F
    { 10, 13, 187, 0, 12, 33, 2512 }, // U+0430
    { 11, 18, 201, 1, 17, 50, 2545 }, // U+0431
    { 10, 12, 190, 1, 12, 30, 2595 }, // U+0432
    { 8, 12, 147, 1, 12, 24, 2625 }, // U+0433
    { 13, 15, 204, 0, 12, 49, 2649 }, // U+0434
    { 10, 13, 185, 1, 12, 33, 2698 }, // U+0435
    { 16, 12, 255, 0, 12, 48, 2731 }, // U+0436
    { 10, 13, 164, 0, 12, 33, 2779 }, // U+0437
    { 11, 12, 209, 1, 12, 33, 2812 }, // U+0438
    { 11, 16, 209, 1, 16, 44, 2845 }, // U+0439
    { 10, 12, 178, 1, 12, 30, 2889 }, // U+043A
    { 11, 13, 197, 0, 12, 36, 2919 }, // U+043B
    { 14, 12, 258, 1, 12, 42, 2955 }, // U+043C
    { 11, 12, 206, 1, 12, 33, 2997 }, // U+043D
    { 11, 13, 200, 1, 12, 36, 3030 }, // U+043E
    { 10, 12, 204, 1, 12, 30, 3066 }, // U+043F
    { 11, 18, 204, 1, 12, 50, 3096 }, // U+0440
    { 9, 13, 166, 1, 12, 30, 3146 }, // U+0441
    { 10, 12, 156, 0, 12, 30, 3176 }, // U+0442
    { 11, 18, 171, 0, 12, 50, 3206 }, // U+0443
    { 14, 22, 248, 1, 16, 77, 3256 }, // U+0444
    { 11, 12, 172, 0, 12, 33, 3333 }, // U+0445
    { 12, 15, 206, 1, 12, 45, 3366 }, // U+0446
    { 10, 12, 198, 1, 12, 30, 3411 }, // U+0447
    { 17, 12, 300, 1, 12, 51, 3441 }, // U+0448
    { 18, 15, 301, 1, 12, 68, 3492 }, // U+0449
    { 13, 12, 209, 0, 12, 39, 3560 }, // U+044A
    { 14, 12, 255, 1, 12, 42, 3599 }, // U+044B
    { 10, 12, 183, 1, 12, 30, 3641 }, // U+044C
    { 10, 13, 166, 0, 12, 33, 3671 }, // U+044D
    { 15, 13, 268, 1, 12, 49, 3704 }, // U+044E
    { 11, 12, 194, 0, 12, 33, 3753 }, // U+044F
    { 10, 18, 185, 1, 17, 45, 3786 }, // U+0450
    { 10, 17, 185, 1, 16, 43, 3831 }, // U+0451
    { 12, 22, 208, 0, 16, 66, 3874 }, // U+0452
    { 8, 17, 147, 1, 17, 34, 3940 }, // U+0453
    { 9, 13, 166, 1, 12, 30, 3974 }, // U+0454
    { 9, 13, 157, 0, 12, 30, 4004 }, // U+0455
    { 3, 16, 87, 1, 16, 12, 4034 }, // U+0456
    { 5, 16, 87, 0, 16, 20, 4046 }, // U+0457
    { 6, 22, 87, -2, 16, 33, 4066 }, // U+0458
    { 18, 13, 289, 0, 12, 59, 4099 }, // U+0459
    { 17, 12, 299, 1, 12, 51, 4158 }, // U+045A
    { 12, 16, 209, 0, 16, 48, 4209 }, // U+045B
    { 10, 17, 178, 1, 17, 43, 4257 }, // U+045C
    { 11, 17, 209, 1, 17, 47, 4300 }, // U+045D
    { 11, 22, 171, 0, 16, 61, 4347 }, // U+045E
    { 10, 15, 204, 1, 12, 38, 4408 }, // U+045F
    { 19, 16, 309, 0, 15, 76, 4446 }, // U+0460
    { 17, 12, 265, 0, 12, 51, 4522 }, // U+0461
    { 14, 15, 227, 0, 15, 53, 4573 }, // U+0462
    { 13, 14, 213, 0, 14, 46, 4626 }, // U+0463
    { 17, 17, 310, 2, 16, 73, 4672 }, // U+0464
    { 14, 13, 249, 1, 12, 46, 4745 }, // U+0465
    { 15, 15, 229, 0, 15, 57, 4791 }, // U+0466
    { 12, 12, 192, 0, 12, 36, 4848 }, // U+0467
    { 18, 15, 312, 2, 15, 68, 4884 }, // U+0468
    { 16, 12, 262, 1, 12, 48, 4952 }, // U+0469
    { 16, 15, 245, 0, 15, 60, 5000 }, // U+046A
    { 14, 12, 215, 0, 12, 42, 5060 }, // U+046B
    { 19, 15, 331, 2, 15, 72, 5102 }, // U+046C
    { 17, 12, 285, 1, 12, 51, 5174 }, // U+046D
    { 12, 23, 197, 0, 18, 69, 5225 }, // U+046E
    { 10, 19, 165, 0, 14, 48, 5294 }, // U+046F
    { 15, 15, 270, 1, 15, 57, 5342 }, // U+0470
    { 14, 22, 256, 1, 16, 77, 5399 }, // U+0471
    { 15, 17, 263, 1, 16, 64, 5476 }, // U+0472
    { 11, 13, 203, 1, 12, 36, 5540 }, // U+0473
    { 14, 16, 213, 0, 16, 56, 5576 }, // U+0474
    { 12, 12, 173, 0, 12, 36, 5632 }, // U+0475
    { 14, 21, 213, 0, 21, 74, 5668 }, // U+0476
    { 12, 17, 173, 0, 17, 51, 5742 }, // U+0477
    { 25, 22, 410, 1, 16, 138, 5793 }, // U+0478
    { 22, 18, 368, 1, 12, 99, 5931 }, // U+0479
    { 15, 19, 276, 1, 17, 72, 6030 }, // U+047A
    { 12, 15, 221, 1, 13, 45, 6102 }, // U+047B
    { 20, 23, 345, 1, 22, 115, 6147 }, // U+047C
    { 17, 20, 304, 1, 19, 85, 6262 }, // U+047D
    { 19, 20, 309, 0, 19, 95, 6347 }, // U+047E
    { 17, 15, 265, 0, 15, 64, 6442 }, // U+047F
    { 12, 22, 216, 1, 16, 66, 6506 }, // U+0480
    { 9, 18, 165, 1, 12, 41, 6572 }, // U+0481
    { 11, 15, 205, 1, 14, 42, 6613 }, // U+0482
    { 8, 4, 0, -10, 15, 8, 6655 }, // U+0483
    { 9, 4, 0, -10, 16, 9, 6663 }, // U+0484
    { 4, 5, 0, -8, 17, 5, 6672 }, // U+0485
    { 4, 5, 0, -8, 17, 5, 6677 }, // U+0486
    { 8, 4, 0, -4, 19, 8, 6682 }, // U+0487
    { 24, 23, 0, -12, 17, 138, 6690 }, // U+0488
    { 24, 24, 0, -12, 18, 144, 6828 }, // U+0489
    { 15, 24, 264, 2, 20, 90, 6972 }, // U+048A
    { 13, 20, 221, 1, 16, 65, 7062 }, // U+048B
    { 12, 15, 207, 0, 15, 45, 7127 }, // U+048C
    { 12, 16, 200, 0, 16, 48, 7172 }, // U+048D
    { 10, 15, 206, 2, 15, 38, 7220 }, // U+048E
    { 11, 18, 207, 1, 12, 50, 7258 }, // U+048F
    { 9, 19, 179, 2, 19, 43, 7308 }, // U+0490
    { 8, 15, 146, 1, 15, 30, 7351 }, // U+0491
    { 11, 15, 178, 0, 15, 42, 7381 }, // U+0492
    { 9, 12, 146, 0, 12, 27, 7423 }, // U+0493
    { 11, 21, 219, 2, 15, 58, 7450 }, // U+0494
    { 10, 18, 179, 1, 12, 45, 7508 }, // U+0495
    { 19, 19, 304, 0, 15, 91, 7553 }, // U+0496
    { 17, 16, 267, 0, 12, 68, 7644 }, // U+0497
    { 11, 21, 194, 0, 16, 58, 7712 }, // U+0498
    { 10, 17, 164, 0, 12, 43, 7770 }, // U+0499
    { 12, 19, 225, 2, 15, 57, 7813 }, // U+049A
    { 11, 16, 187, 1, 12, 44, 7870 }, // U+049B
    { 11, 15, 210, 2, 15, 42, 7914 }, // U+049C
    { 10, 12, 178, 1, 12, 30, 7956 }, // U+049D
    { 13, 15, 210, 0, 15, 49, 7986 }, // U+049E
    { 11, 16, 179, 0, 16, 44, 8035 }, // U+049F
    { 15, 15, 233, 0, 15, 57, 8079 }, // U+04A0
    { 13, 12, 209, 0, 12, 39, 8136 }, // U+04A1
    { 14, 19, 254, 2, 15, 67, 8175 }, // U+04A2
    { 13, 16, 221, 1, 12, 52, 8242 }, // U+04A3
    { 15, 15, 274, 2, 15, 57, 8294 }, // U+04A4
    { 15, 12, 248, 1, 12, 45, 8351 }, // U+04A5
    { 20, 21, 355, 2, 15, 105, 8396 }, // U+04A6
    { 17, 18, 290, 1, 12, 77, 8501 }, // U+04A7
    { 15, 17, 262, 1, 16, 64, 8578 }, // U+04A8
    { 12, 13, 216, 1, 12, 39, 8642 }, // U+04A9
    { 12, 21, 212, 1, 16, 63, 8681 }, // U+04AA
    { 9, 17, 161, 1, 12, 39, 8744 }, // U+04AB
    { 12, 19, 187, 0, 15, 57, 8783 }, // U+04AC
    { 10, 16, 160, 0, 12, 40, 8840 }, // U+04AD
    { 12, 15, 190, 0, 15, 45, 8880 }, // U+04AE
    { 11, 18, 171, 0, 12, 50, 8925 }, // U+04AF
    { 12, 15, 190, 0, 15, 45, 8975 }, // U+04B0
    { 11, 18, 171, 0, 12, 50, 9020 }, // U+04B1
    { 13, 19, 212, 0, 15, 62, 9070 }, // U+04B2
    { 12, 16, 185, 0, 12, 48, 9132 }, // U+04B3
    { 18, 19, 290, 0, 15, 86, 9180 }, // U+04B4
    { 15, 16, 243, 0, 12, 60, 9266 }, // U+04B5
    { 14, 19, 236, 1, 15, 67, 9326 }, // U+04B6
    { 12, 16, 209, 1, 12, 48, 9393 }, // U+04B7
    { 12, 15, 235, 1, 15, 45, 9441 }, // U+04B8
    { 10, 12, 204, 1, 12, 30, 9486 }, // U+04B9
    { 11, 15, 235, 2, 15, 42, 9516 }, // U+04BA
    { 11, 16, 208, 1, 16, 44, 9558 }, // U+04BB
    { 17, 17, 285, 0, 16, 73, 9602 }, // U+04BC
    { 13, 13, 223, 0, 12, 43, 9675 }, // U+04BD
    { 17, 20, 285, 0, 16, 85, 9718 }, // U+04BE
    { 13, 16, 223, 0, 12, 52, 9803 }, // U+04BF
    { 7, 15, 114, 0, 15, 27, 9855 }, // U+04C0
    { 19, 19, 304, 0, 19, 91, 9882 }, // U+04C1
    { 16, 16, 255, 0, 16, 64, 9973 }, // U+04C2
    { 12, 21, 234, 2, 15, 63, 10037 }, // U+04C3
    { 11, 18, 188, 1, 12, 50, 10100 }, // U+04C4
    { 15, 19, 242, 0, 15, 72, 10150 }, // U+04C5
    { 13, 16, 197, 0, 12, 52, 10222 }, // U+04C6
    { 12, 21, 246, 2, 15, 63, 10274 }, // U+04C7
    { 11, 18, 209, 1, 12, 50, 10337 }, // U+04C8
    { 14, 19, 254, 2, 15, 67, 10387 }, // U+04C9
    { 13, 16, 222, 1, 12, 52, 10454 }, // U+04CA
    { 12, 19, 235, 1, 15, 57, 10506 }, // U+04CB
    { 11, 16, 206, 1, 12, 44, 10563 }, // U+04CC
    { 18, 19, 308, 2, 15, 86, 10607 }, // U+04CD
    { 15, 16, 254, 1, 12, 60, 10693 }, // U+04CE
    { 7, 15, 114, 0, 15, 27, 10753 }, // U+04CF
    { 14, 19, 215, 0, 19, 67, 10780 }, // U+04D0
    { 11, 17, 188, 0, 16, 47, 10847 }, // U+04D1
    { 14, 20, 215, 0, 20, 70, 10894 }, // U+04D2
    { 11, 17, 188, 0, 16, 47, 10964 }, // U+04D3
    { 19, 15, 296, -1, 15, 72, 11011 }, // U+04D4
    { 18, 13, 290, 0, 12, 59, 11083 }, // U+04D5
    { 9, 19, 187, 2, 19, 43, 11142 }, // U+04D6
    { 10, 17, 190, 1, 16, 43, 11185 }, // U+04D7
    { 14, 17, 248, 1, 16, 60, 11228 }, // U+04D8
    { 10, 13, 190, 1, 12, 33, 11288 }, // U+04D9
    { 14, 21, 248, 1, 20, 74, 11321 }, // U+04DA
    { 10, 17, 190, 1, 16, 43, 11395 }, // U+04DB
    { 19, 20, 304, 0, 20, 95, 11438 }, // U+04DC
    { 16, 16, 255, 0, 16, 64, 11533 }, // U+04DD
    { 11, 21, 194, 0, 20, 58, 11597 }, // U+04DE
    { 10, 17, 164, 0, 16, 43, 11655 }, // U+04DF
    { 12, 16, 196, 0, 15, 48, 11698 }, // U+04E0
    { 10, 18, 167, 0, 12, 45, 11746 }, // U+04E1
    { 12, 19, 254, 2, 19, 57, 11791 }, // U+04E2
    { 11, 15, 209, 1, 15, 42, 11848 }, // U+04E3
    { 12, 20, 254, 2, 20, 60, 11890 }, // U+04E4
    { 11, 16, 209, 1, 16, 44, 11950 }, // U+04E5
    { 15, 21, 262, 1, 20, 79, 11994 }, // U+04E6
    { 11, 17, 203, 1, 16, 47, 12073 }, // U+04E7
    { 15, 17, 263, 1, 16, 64, 12120 }, // U+04E8
    { 11, 13, 203, 1, 12, 36, 12184 }, // U+04E9
    { 15, 20, 263, 1, 19, 75, 12220 }, // U+04EA
    { 11, 17, 203, 1, 16, 47, 12295 }, // U+04EB
    { 13, 21, 217, 0, 20, 69, 12342 }, // U+04EC
    { 10, 17, 166, 0, 16, 43, 12411 }, // U+04ED
    { 13, 20, 207, 0, 19, 65, 12454 }, // U+04EE
    { 11, 21, 171, 0, 15, 58, 12519 }, // U+04EF
    { 13, 21, 207, 0, 20, 69, 12577 }, // U+04F0
    { 11, 22, 171, 0, 16, 61, 12646 }, // U+04F1
    { 13, 22, 207, 0, 21, 72, 12707 }, // U+04F2
    { 11, 23, 171, 0, 17, 64, 12779 }, // U+04F3
    { 12, 20, 226, 1, 20, 60, 12843 }, // U+04F4
    { 10, 16, 198, 1, 16, 40, 12903 }, // U+04F5
    { 9, 19, 178, 2, 15, 43, 12943 }, // U+04F6
    { 8, 16, 145, 1, 12, 32, 12986 }, // U+04F7
    { 14, 20, 285, 2, 20, 70, 13018 }, // U+04F8
    { 14, 16, 255, 1, 16, 56, 13088 }, // U+04F9
    { 11, 20, 178, 0, 15, 55, 13144 }, // U+04FA
    { 9, 17, 146, 0, 12, 39, 13199 }, // U+04FB
    { 13, 20, 212, 0, 15, 65, 13238 }, // U+04FC
    { 12, 17, 185, 0, 12, 51, 13303 }, // U+04FD
    { 13, 15, 197, 0, 15, 49, 13354 }, // U+04FE
    { 11, 12, 178, 0, 12, 33, 13403 }, // U+04FF
    { 14, 20, 215, 0, 16, 70, 0 }, // U+1EA0
    { 11, 16, 188, 0, 12, 44, 70 }, // U+1EA1
    { 14, 22, 215, 0, 22, 77, 114 }, // U+1EA2
    { 11, 19, 188, 0, 18, 53, 191 }, // U+1EA3
    { 14, 21, 215, 0, 21, 74, 244 }, // U+1EA4
    { 12, 19, 188, 0, 18, 57, 318 }, // U+1EA5
    { 14, 21, 215, 0, 21, 74, 375 }, // U+1EA6
    { 11, 19, 188, 0, 18, 53, 449 }, // U+1EA7
    { 14, 22, 215, 0, 22, 77, 502 }, // U+1EA8
    { 11, 20, 188, 0, 19, 55, 579 }, // U+1EA9
    { 14, 23, 215, 0, 23, 81, 634 }, // U+1EAA
    { 11, 20, 188, 0, 19, 55, 715 }, // U+1EAB
    { 14, 25, 215, 0, 21, 88, 770 }, // U+1EAC
    { 11, 21, 188, 0, 17, 58, 858 }, // U+1EAD
    { 14, 22, 215, 0, 22, 77, 916 }, // U+1EAE
    { 11, 19, 188, 0, 18, 53, 993 }, // U+1EAF
    { 14, 22, 215, 0, 22, 77, 1046 }, // U+1EB0
    { 11, 19, 188, 0, 18, 53, 1123 }, // U+1EB1
    { 14, 22, 215, 0, 22, 77, 1176 }, // U+1EB2
    { 11, 20, 188, 0, 19, 55, 1253 }, // U+1EB3
    { 14, 22, 215, 0, 22, 77, 1308 }, // U+1EB4
    { 11, 20, 188, 0, 19, 55, 1385 }, // U+1EB5
    { 14, 24, 215, 0, 20, 84, 1440 }, // U+1EB6
    { 11, 20, 188, 0, 16, 55, 1524 }, // U+1EB7
    { 9, 19, 187, 2, 15, 43, 1579 }, // U+1EB8
    { 10, 16, 190, 1, 12, 40, 1622 }, // U+1EB9
    { 9, 22, 187, 2, 22, 50, 1662 }, // U+1EBA
    { 10, 19, 190, 1, 18, 48, 1712 }, // U+1EBB
    { 9, 20, 187, 2, 20, 45, 1760 }, // U+1EBC
    { 10, 17, 190, 1, 16, 43, 1805 }, // U+1EBD
    { 10, 21, 187, 2, 21, 53, 1848 }, // U+1EBE
    { 11, 19, 190, 1, 18, 53, 1901 }, // U+1EBF
    { 11, 21, 187, 0, 21, 58, 1954 }, // U+1EC0
    { 11, 19, 190, 0, 18, 53, 2012 }, // U+1EC1
    { 10, 22, 187, 2, 22, 55, 2065 }, // U+1EC2
    { 10, 20, 190, 1, 19, 50, 2120 }, // U+1EC3
    { 9, 23, 187, 2, 23, 52, 2170 }, // U+1EC4
    { 10, 20, 190, 1, 19, 50, 2222 }, // U+1EC5
    { 9, 25, 187, 2, 21, 57, 2272 }, // U+1EC6
    { 10, 21, 190, 1, 17, 53, 2329 }, // U+1EC7
    { 7, 21, 114, 0, 21, 37, 2382 }, // U+1EC8
    { 5, 18, 87, 1, 18, 23, 2419 }, // U+1EC9
    { 7, 19, 114, 0, 15, 34, 2442 }, // U+1ECA
    { 3, 20, 87, 1, 16, 15, 2476 }, // U+1ECB
    { 15, 20, 262, 1, 16, 75, 2491 }, // U+1ECC
    { 11, 16, 203, 1, 12, 44, 2566 }, // U+1ECD
    { 15, 22, 262, 1, 21, 83, 2610 }, // U+1ECE
    { 11, 19, 203, 1, 18, 53, 2693 }, // U+1ECF
    { 15, 22, 262, 1, 21, 83, 2746 }, // U+1ED0
    { 11, 19, 203, 1, 18, 53, 2829 }, // U+1ED1
    { 15, 22, 262, 1, 21, 83, 2882 }, // U+1ED2
    { 12, 19, 203, 0, 18, 57, 2965 }, // U+1ED3
    { 15, 23, 262, 1, 22, 87, 3022 }, // U+1ED4
    { 11, 20, 203, 1, 19, 55, 3109 }, // U+1ED5
    { 15, 24, 262, 1, 23, 90, 3164 }, // U+1ED6
    { 11, 20, 203, 1, 19, 55, 3254 }, // U+1ED7
    { 15, 25, 262, 1, 21, 94, 3309 }, // U+1ED8
    { 11, 21, 203, 1, 17, 58, 3403 }, // U+1ED9
    { 16, 22, 263, 1, 21, 88, 3461 }, // U+1EDA
    { 13, 18, 207, 1, 17, 59, 3549 }, // U+1EDB
    { 16, 22, 263, 1, 21, 88, 3608 }, // U+1EDC
    { 13, 18, 207, 1, 17, 59, 3696 }, // U+1EDD
    { 16, 23, 263, 1, 22, 92, 3755 }, // U+1EDE
    { 13, 19, 207, 1, 18, 62, 3847 }, // U+1EDF
    { 16, 21, 263, 1, 20, 84, 3909 }, // U+1EE0
    { 13, 17, 207, 1, 16, 56, 3993 }, // U+1EE1
    { 16, 20, 263, 1, 16, 80, 4049 }, // U+1EE2
    { 13, 17, 207, 1, 13, 56, 4129 }, // U+1EE3
    { 13, 19, 246, 1, 15, 62, 4185 }, // U+1EE4
    { 11, 16, 208, 1, 12, 44, 4247 }, // U+1EE5
    { 13, 22, 246, 1, 21, 72, 4291 }, // U+1EE6
    { 11, 19, 208, 1, 18, 53, 4363 }, // U+1EE7
    { 17, 22, 262, 1, 21, 94, 4416 }, // U+1EE8
    { 14, 18, 226, 1, 17, 63, 4510 }, // U+1EE9
    { 17, 22, 262, 1, 21, 94, 4573 }, // U+1EEA
    { 14, 18, 226, 1, 17, 63, 4667 }, // U+1EEB
    { 17, 22, 262, 1, 21, 94, 4730 }, // U+1EEC
    { 14, 19, 226, 1, 18, 67, 4824 }, // U+1EED
    { 17, 21, 262, 1, 20, 90, 4891 }, // U+1EEE
    { 14, 17, 226, 1, 16, 60, 4981 }, // U+1EEF
    { 17, 20, 262, 1, 16, 85, 5041 }, // U+1EF0
    { 14, 17, 226, 1, 13, 60, 5126 }, // U+1EF1
    { 12, 21, 190, 0, 21, 63, 5186 }, // U+1EF2
    { 11, 23, 171, 0, 17, 64, 5249 }, // U+1EF3
    { 12, 19, 190, 0, 15, 57, 5313 }, // U+1EF4
    { 11, 18, 171, 0, 12, 50, 5370 }, // U+1EF5
    { 12, 21, 190, 0, 21, 63, 5420 }, // U+1EF6
    { 11, 24, 171, 0, 18, 66, 5483 }, // U+1EF7
    { 12, 20, 190, 0, 20, 60, 5549 }, // U+1EF8
    { 11, 22, 171, 0, 16, 61, 5609 }, // U+1EF9
    { 0, 0, 168, 0, 0, 0, 0 }, // U+2000
    { 0, 0, 336, 0, 0, 0, 0 }, // U+2001
    { 0, 0, 168, 0, 0, 0, 0 }, // U+2002
    { 0, 0, 336, 0, 0, 0, 0 }, // U+2003
    { 0, 0, 112, 0, 0, 0, 0 }, // U+2004
    { 0, 0, 84, 0, 0, 0, 0 }, // U+2005
    { 0, 0, 56, 0, 0, 0, 0 }, // U+2006
    { 0, 0, 192, 0, 0, 0, 0 }, // U+2007
    { 0, 0, 90, 0, 0, 0, 0 }, // U+2008
    { 0, 0, 56, 0, 0, 0, 0 }, // U+2009
    { 0, 0, 34, 0, 0, 0, 0 }, // U+200A
    { 0, 0, 0, 0, 0, 0, 0 }, // U+200B
    { 0, 0, 0, 0, 0, 0, 0 }, // U+200C
    { 0, 0, 0, 0, 0, 0, 0 }, // U+200D
    { 6, 18, 0, -1, 15, 27, 0 }, // U+200E
    { 6, 18, 0, -5, 15, 27, 27 }, // U+200F
    { 6, 3, 108, 0, 7, 5, 54 }, // U+2010
    { 6, 3, 108, 0, 7, 5, 59 }, // U+2011
    { 12, 3, 192, 0, 9, 9, 64 }, // U+2012
    { 10, 3, 168, 0, 7, 8, 73 }, // U+2013
    { 21, 3, 336, 0, 7, 16, 81 }, // U+2014
    { 21, 3, 336, 0, 7, 16, 97 }, // U+2015
    { 7, 22, 185, 2, 16, 39, 113 }, // U+2016
    { 10, 5, 138, -1, 0, 13, 152 }, // U+2017
    { 4, 6, 59, 0, 15, 6, 165 }, // U+2018
    { 4, 6, 59, 0, 15, 6, 171 }, // U+2019
    { 4, 6, 84, 0, 2, 6, 177 }, // U+201A
    { 4, 6, 59, 0, 15, 6, 183 }, // U+201B
    { 8, 6, 121, 0, 15, 12, 189 }, // U+201C
    { 8, 6, 121, 0, 15, 12, 201 }, // U+201D
    { 8, 6, 140, 0, 2, 12, 213 }, // U+201E
    { 8, 6, 121, 0, 15, 12, 225 }, // U+201F
    { 9, 16, 172, 1, 16, 36, 237 }, // U+2020
    { 9, 16, 172, 1, 16, 36, 273 }, // U+2021
    { 6, 6, 126, 1, 11, 9, 309 }, // U+2022
    { 6, 7, 124, 1, 11, 11, 318 }, // U+2023
    { 4, 4, 168, 3, 3, 4, 329 }, // U+2024
    { 9, 4, 180, 1, 3, 9, 333 }, // U+2025
    { 15, 4, 266, 1, 3, 15, 342 }, // U+2026
    { 4, 4, 90, 1, 7, 4, 357 }, // U+2027
    { 0, 0, 202, 0, 0, 0, 361 }, // U+2028
    { 0, 0, 202, 0, 0, 0, 361 }, // U+2029
    { 6, 16, 0, -1, 13, 24, 361 }, // U+202A
    { 6, 16, 0, -5, 13, 24, 385 }, // U+202B
    { 6, 18, 0, -3, 15, 27, 409 }, // U+202C
    { 6, 18, 0, -3, 15, 27, 436 }, // U+202D
    { 6, 18, 0, -3, 15, 27, 463 }, // U+202E
    { 0, 0, 56, 0, 0, 0, 490 }, // U+202F
    { 23, 17, 395, 1, 16, 98, 490 }, // U+2030
    { 32, 17, 519, 0, 16, 136, 588 }, // U+2031
    { 6, 6, 78, 0, 15, 9, 724 }, // U+2032
    { 10, 6, 137, 0, 15, 15, 733 }, // U+2033
    { 13, 6, 196, 0, 15, 20, 748 }, // U+2034
    { 6, 6, 78, -1, 15, 9, 768 }, // U+2035
    { 9, 6, 148, -1, 15, 14, 777 }, // U+2036
    { 12, 6, 202, -1, 15, 18, 791 }, // U+2037
    { 8, 8, 134, 0, 2, 16, 809 }, // U+2038
    { 6, 9, 104, 0, 10, 14, 825 }, // U+2039
    { 6, 9, 104, 0, 10, 14, 839 }, // U+203A
    { 16, 17, 281, 1, 16, 68, 853 }, // U+203B
    { 8, 16, 168, 1, 15, 32, 921 }, // U+203C
    { 9, 17, 149, 0, 16, 39, 953 }, // U+203D
    { 12, 3, 168, -1, 18, 9, 992 }, // U+203E
    { 13, 6, 205, 0, 0, 20, 1001 }, // U+203F
    { 13, 5, 205, 0, 17, 17, 1021 }, // U+2040
    { 8, 15, 126, 0, 9, 30, 1038 }, // U+2041
    { 24, 19, 376, 0, 16, 114, 1068 }, // U+2042
    { 6, 3, 108, 0, 7, 5, 1182 }, // U+2043
    { 12, 15, 44, -5, 15, 45, 1187 }, // U+2044
    { 6, 19, 109, 1, 15, 29, 1232 }, // U+2045
    { 6, 19, 109, 0, 15, 29, 1261 }, // U+2046
    { 18, 17, 287, 0, 16, 77, 1290 }, // U+2047
    { 13, 17, 228, 0, 16, 56, 1367 }, // U+2048
    { 13, 17, 229, 1, 16, 56, 1423 }, // U+2049
    { 11, 12, 192, 0, 12, 33, 1479 }, // U+204A
    { 12, 19, 220, 1, 16, 57, 1512 }, // U+204B
    { 11, 12, 215, 1, 12, 33, 1569 }, // U+204C
    { 12, 12, 215, 1, 12, 36, 1602 }, // U+204D
    { 11, 10, 185, 0, 5, 28, 1638 }, // U+204E
    { 5, 15, 80, 0, 12, 19, 1666 }, // U+204F
    { 13, 23, 203, 0, 17, 75, 1685 }, // U+2050
    { 11, 21, 185, 0, 16, 58, 1760 }, // U+2051
    { 8, 17, 125, 0, 16, 34, 1818 }, // U+2052
    { 19, 4, 336, 1, 8, 19, 1852 }, // U+2053
    { 13, 5, 203, 0, 0, 17, 1871 }, // U+2054
    { 12, 12, 192, 0, 11, 36, 1888 }, // U+2055
    { 9, 17, 174, 1, 16, 39, 1924 }, // U+2056
    { 17, 6, 249, 0, 15, 26, 1963 }, // U+2057
    { 16, 17, 276, 1, 16, 68, 1989 }, // U+2058
    { 16, 17, 279, 1, 16, 68, 2057 }, // U+2059
    { 3, 17, 74, 1, 16, 13, 2125 }, // U+205A
    { 12, 17, 220, 1, 16, 51, 2138 }, // U+205B
    { 16, 17, 267, 0, 16, 68, 2189 }, // U+205C
    { 4, 16, 90, 1, 15, 16, 2257 }, // U+205D
    { 4, 17, 90, 1, 16, 17, 2273 }, // U+205E
    { 0, 0, 75, 0, 0, 0, 2290 }, // U+205F
    { 0, 0, 202, 0, 0, 0, 2290 }, // U+2060
    { 0, 0, 202, 0, 0, 0, 2290 }, // U+2061
    { 0, 0, 202, 0, 0, 0, 2290 }, // U+2062
    { 0, 0, 202, 0, 0, 0, 2290 }, // U+2063
    { 0, 0, 202, 0, 0, 0, 2290 }, // U+2064
    { 0, 0, 0, 0, 0, 0, 2290 }, // U+2066
    { 0, 0, 0, 0, 0, 0, 2290 }, // U+2067
    { 0, 0, 0, 0, 0, 0, 2290 }, // U+2068
    { 0, 0, 0, 0, 0, 0, 2290 }, // U+2069
    { 6, 18, 0, -3, 15, 27, 2290 }, // U+206A
    { 6, 18, 0, -3, 15, 27, 2317 }, // U+206B
    { 6, 18, 0, -3, 15, 27, 2344 }, // U+206C
    { 6, 18, 0, -3, 15, 27, 2371 }, // U+206D
    { 6, 18, 0, -3, 15, 27, 2398 }, // U+206E
    { 6, 18, 0, -3, 15, 27, 2425 }, // U+206F
    { 7, 10, 118, 0, 18, 18, 0 }, // U+2070
    { 2, 10, 56, 1, 16, 5, 18 }, // U+2071
    { 8, 10, 118, 0, 18, 20, 23 }, // U+2074
    { 7, 10, 118, 0, 18, 18, 43 }, // U+2075
    { 7, 10, 118, 0, 18, 18, 61 }, // U+2076
    { 7, 10, 118, 0, 18, 18, 79 }, // U+2077
    { 7, 10, 118, 0, 18, 18, 97 }, // U+2078
    { 7, 10, 118, 0, 18, 18, 115 }, // U+2079
    { 7, 7, 114, 0, 16, 13, 133 }, // U+207A
    { 7, 3, 114, 0, 14, 6, 146 }, // U+207B
    { 7, 5, 114, 0, 15, 9, 152 }, // U+207C
    { 4, 13, 76, 1, 20, 13, 161 }, // U+207D
    { 4, 13, 76, 0, 20, 13, 174 }, // U+207E
    { 7, 7, 135, 1, 13, 13, 187 }, // U+207F
    { 7, 10, 118, 0, 7, 18, 200 }, // U+2080
    { 6, 10, 118, 0, 7, 15, 218 }, // U+2081
    { 7, 10, 118, 0, 7, 18, 233 }, // U+2082
    { 7, 10, 118, 0, 7, 18, 251 }, // U+2083
    { 8, 10, 118, 0, 7, 20, 269 }, // U+2084
    { 7, 10, 118, 0, 7, 18, 289 }, // U+2085
    { 7, 10, 118, 0, 7, 18, 307 }, // U+2086
    { 7, 10, 118, 0, 7, 18, 325 }, // U+2087
    { 7, 10, 118, 0, 7, 18, 343 }, // U+2088
    { 7, 10, 118, 0, 7, 18, 361 }, // U+2089
    { 7, 7, 114, 0, 5, 13, 379 }, // U+208A
    { 7, 3, 114, 0, 3, 6, 392 }, // U+208B
    { 7, 5, 114, 0, 4, 9, 398 }, // U+208C
    { 4, 13, 76, 1, 8, 13, 407 }, // U+208D
    { 4, 13, 76, 0, 8, 13, 420 }, // U+208E
    { 7, 8, 123, 0, 5, 14, 433 }, // U+2090
    { 7, 8, 123, 0, 5, 14, 447 }, // U+2091
    { 8, 8, 132, 0, 5, 16, 461 }, // U+2092
    { 7, 8, 116, 0, 5, 14, 477 }, // U+2093
    { 7, 8, 123, 0, 5, 14, 491 }, // U+2094
    { 7, 11, 135, 1, 8, 20, 505 }, // U+2095
    { 7, 11, 117, 1, 8, 20, 525 }, // U+2096
    { 2, 11, 56, 1, 8, 6, 545 }, // U+2097
    { 11, 8, 204, 1, 5, 22, 551 }, // U+2098
    { 7, 8, 135, 1, 5, 14, 573 }, // U+2099
    { 7, 11, 134, 1, 5, 20, 587 }, // U+209A
    { 6, 8, 104, 0, 5, 12, 607 }, // U+209B
    { 5, 10, 79, 0, 7, 13, 619 }, // U+209C
    { 12, 16, 192, 0, 16, 48, 0 }, // U+20A0
    { 11, 18, 192, 1, 16, 50, 48 }, // U+20A1
    { 11, 17, 192, 1, 16, 47, 98 }, // U+20A2
    { 11, 15, 192, 0, 15, 42, 145 }, // U+20A3
    { 12, 16, 192, 0, 16, 48, 187 }, // U+20A4
    { 17, 17, 314, 1, 14, 73, 235 }, // U+20A5
    { 12, 15, 192, 0, 15, 45, 308 }, // U+20A6
    { 15, 16, 261, 1, 15, 60, 353 }, // U+20A7
    { 16, 16, 280, 1, 15, 64, 413 }, // U+20A8
    { 14, 15, 225, 0, 15, 53, 477 }, // U+20A9
    { 15, 15, 268, 1, 15, 57, 530 }, // U+20AA
    { 12, 20, 207, 1, 16, 60, 587 }, // U+20AB
    { 12, 17, 192, 0, 16, 51, 647 }, // U+20AC
    { 13, 15, 192, 0, 15, 49, 698 }, // U+20AD
    { 12, 15, 192, 0, 15, 45, 747 }, // U+20AE
    { 20, 22, 326, 0, 16, 110, 792 }, // U+20AF
    { 11, 22, 192, 0, 16, 61, 902 }, // U+20B0
    { 12, 15, 192, 0, 15, 45, 963 }, // U+20B1
    { 13, 18, 245, 1, 16, 59, 1008 }, // U+20B2
    { 13, 15, 204, 0, 15, 49, 1067 }, // U+20B3
    { 12, 17, 184, 0, 16, 51, 1116 }, // U+20B4
    { 12, 18, 212, 1, 16, 54, 1167 }, // U+20B5
    { 13, 15, 209, 0, 14, 49, 1221 }, // U+20B6
    { 15, 18, 244, 0, 16, 68, 1270 }, // U+20B7
    { 12, 15, 183, 0, 15, 45, 1338 }, // U+20B8
    { 10, 15, 192, 1, 15, 38, 1383 }, // U+20B9
    { 12, 16, 192, 0, 15, 48, 1421 }, // U+20BA
    { 16, 17, 262, 0, 16, 68, 1469 }, // U+20BB
    { 15, 15, 272, 1, 15, 57, 1537 }, // U+20BC
    { 12, 15, 196, 0, 15, 45, 1594 }, // U+20BD
    { 14, 17, 259, 1, 17, 60, 1639 }, // U+20BE
    { 10, 21, 192, 2, 18, 53, 1699 }, // U+20BF
    { 9, 16, 166, 1, 12, 36, 1752 }, // U+20C0
    { 10, 3, 192, 1, 9, 8, 0 }, // U+2212
    { 16, 17, 231, 0, 17, 68, 0 }, // U+FB00
    { 12, 17, 202, 0, 17, 51, 68 }, // U+FB01
    { 11, 17, 202, 0, 17, 47, 119 }, // U+FB02
    { 19, 17, 318, 0, 17, 81, 166 }, // U+FB03
    { 19, 17, 318, 0, 17, 81, 247 }, // U+FB04
    { 13, 18, 226, 1, 17, 59, 328 }, // U+FB05
    { 17, 18, 282, 1, 17, 77, 387 }, // U+FB06
    { 21, 20, 336, 0, 16, 105, 0 }, // U+FFFD
};

static const EpdUnicodeInterval notosans_c21_regularIntervals[] = {
    { 0x0, 0x0, 0x0 },
    { 0xD, 0xD, 0x1 },
    { 0x20, 0x7E, 0x2 },
    { 0xA0, 0x17F, 0x61 },
    { 0x1A0, 0x1A1, 0x141 },
    { 0x1AF, 0x1B0, 0x143 },
    { 0x1C4, 0x21F, 0x145 },
    { 0x250, 0x36F, 0x1A1 },
    { 0x400, 0x4FF, 0x2C1 },
    { 0x1EA0, 0x1EF9, 0x3C1 },
    { 0x2000, 0x2064, 0x41B },
    { 0x2066, 0x2071, 0x480 },
    { 0x2074, 0x208E, 0x48C },
    { 0x2090, 0x209C, 0x4A7 },
    { 0x20A0, 0x20C0, 0x4B4 },
    { 0x2212, 0x2212, 0x4D5 },
    { 0xFB00, 0xFB06, 0x4D6 },
    { 0xFFFD, 0xFFFD, 0x4DD },
};

static const EpdFontGroup notosans_c21_regularGroups[] = {
    { 0, 2035, 3942, 97, 0 },
    { 2035, 1866, 4882, 96, 97 },
    { 3901, 2303, 7475, 128, 193 },
    { 6204, 2294, 6777, 96, 321 },
    { 8498, 2853, 6092, 176, 417 },
    { 11351, 776, 1146, 112, 593 },
    { 12127, 5922, 14890, 256, 705 },
    { 18049, 1425, 6354, 90, 961 },
    { 19474, 1372, 2779, 111, 1051 },
    { 20846, 369, 709, 42, 1162 },
    { 21215, 1214, 1920, 33, 1204 },
    { 22429, 11, 9, 1, 1237 },
    { 22440, 201, 502, 7, 1238 },
    { 22641, 91, 120, 1, 1245 },
};

static const uint16_t notosans_c21_regularKernLeftCodepoints[] = {
    0x0022, 0x0026, 0x0027, 0x0028, 0x002C, 0x002D, 0x002E, 0x003A, 0x0041, 0x0042, 0x0043, 0x0044,
    0x0045, 0x0046, 0x004B, 0x004C, 0x004F, 0x0050, 0x0051, 0x0052, 0x0054, 0x0055, 0x0056, 0x0057,
    0x0058, 0x0059, 0x005A, 0x005B, 0x005F, 0x0061, 0x0062, 0x0063, 0x0065, 0x0066, 0x0068, 0x006D,
    0x006E, 0x006F, 0x0070, 0x0072, 0x0074, 0x0076, 0x0077, 0x0078, 0x0079, 0x007B, 0x00A1, 0x00AB,
    0x00BB, 0x00BF, 0x00C0, 0x00C1, 0x00C2, 0x00C3, 0x00C4, 0x00C5, 0x00C6, 0x00C7, 0x00C8, 0x00C9,
    0x00CA, 0x00CB, 0x00D0, 0x00D2, 0x00D3, 0x00D4, 0x00D5, 0x00D6, 0x00D8, 0x00D9, 0x00DA, 0x00DB,
    0x00DC, 0x00DD, 0x00DE, 0x00E0, 0x00E1, 0x00E2, 0x00E3, 0x00E4, 0x00E5, 0x00E6, 0x00E8, 0x00E9,
    0x00EA, 0x00EB, 0x00EE, 0x00EF, 0x00F0, 0x00F2, 0x00F3, 0x00F4, 0x00F5, 0x00F6, 0x00F8, 0x00FD,
    0x00FE, 0x00FF, 0x0100, 0x0101, 0x0102, 0x0103, 0x0104, 0x0105, 0x0106, 0x0108, 0x010A, 0x010C,
    0x010E, 0x010F, 0x0110, 0x0112, 0x0113, 0x0114, 0x0115, 0x0116, 0x0117, 0x0118, 0x0119, 0x011A,
    0x011B, 0x0125, 0x0129, 0x012B, 0x012E, 0x0136, 0x0138, 0x0139, 0x013B, 0x013D, 0x013E, 0x013F,
    0x0141, 0x0144, 0x0146, 0x0149, 0x014B, 0x014C, 0x014D, 0x014E, 0x014F, 0x0150, 0x0151, 0x0152,
    0x0153, 0x0155, 0x0157, 0x0159, 0x0162, 0x0163, 0x0164, 0x0165, 0x0166, 0x0167, 0x0168, 0x016A,
    0x016C, 0x016E, 0x0170, 0x0172, 0x0174, 0x0175, 0x0176, 0x0177, 0x0178, 0x0179, 0x017B, 0x017D,
    0x01A0, 0x01A1, 0x01AF, 0x01B0, 0x01FA, 0x01FB, 0x01FC, 0x01FD, 0x01FE, 0x020B, 0x021A, 0x021B,
    0x02BC, 0x0400, 0x0401, 0x0402, 0x0403, 0x0404, 0x0405, 0x0409, 0x040A, 0x040B, 0x040C, 0x040E,
    0x0410, 0x0411, 0x0412, 0x0413, 0x0414, 0x0415, 0x0416, 0x0417, 0x041A, 0x041E, 0x0420, 0x0421,
    0x0422, 0x0423, 0x0424, 0x0425, 0x0426, 0x0429, 0x042A, 0x042C, 0x042D, 0x042E, 0x0430, 0x0431,
    0x0432, 0x0433, 0x0434, 0x0435, 0x0436, 0x0437, 0x0438, 0x0439, 0x043A, 0x043B, 0x043C, 0x043D,
    0x043E, 0x043F, 0x0440, 0x0441, 0x0442, 0x0443, 0x0444, 0x0445, 0x0446, 0x0447, 0x0448, 0x0449,
    0x044A, 0x044B, 0x044C, 0x044D, 0x044E, 0x044F, 0x0450, 0x0451, 0x0452, 0x0453, 0x0454, 0x0455,
    0x0457, 0x0458, 0x0459, 0x045A, 0x045B, 0x045C, 0x045D, 0x045E, 0x045F, 0x0460, 0x0461, 0x0462,
    0x0463, 0x0464, 0x0465, 0x0466, 0x0467, 0x0468, 0x0469, 0x046E, 0x0471, 0x0472, 0x0473, 0x0474,
    0x0475, 0x0476, 0x0477, 0x0478, 0x0479, 0x047A, 0x047B, 0x047C, 0x047D, 0x047E, 0x047F, 0x0480,
    0x048A, 0x048B, 0x048C, 0x048D, 0x048E, 0x048F, 0x0490, 0x0491, 0x0492, 0x0493, 0x0496, 0x0497,
    0x0498, 0x0499, 0x049A, 0x049B, 0x049C, 0x049D, 0x049E, 0x049F, 0x04A0, 0x04A1, 0x04A2, 0x04A3,
    0x04A4, 0x04A5, 0x04A9, 0x04AA, 0x04AB, 0x04AC, 0x04AD, 0x04AE, 0x04AF, 0x04B0, 0x04B1, 0x04B2,
    0x04B3, 0x04B4, 0x04B5, 0x04B6, 0x04B7, 0x04BC, 0x04BD, 0x04BE, 0x04BF, 0x04C1, 0x04C2, 0x04C5,
    0x04C6, 0x04C9, 0x04CA, 0x04CD, 0x04CE, 0x04D0, 0x04D1, 0x04D2, 0x04D3, 0x04D4, 0x04D5, 0x04D6,
    0x04D7, 0x04D8, 0x04D9, 0x04DA, 0x04DB, 0x04DC, 0x04DD, 0x04DE, 0x04DF, 0x04E3, 0x04E5, 0x04E6,
    0x04E7, 0x04E8, 0x04E9, 0x04EA, 0x04EB, 0x04EC, 0x04ED, 0x04EE, 0x04EF, 0x04F0, 0x04F1, 0x04F2,
    0x04F3, 0x04F5, 0x04F6, 0x04F7, 0x04F9, 0x04FA, 0x04FB, 0x04FC, 0x04FD, 0x04FE, 0x04FF, 0x1EA0,
    0x1EA1, 0x1EA2, 0x1EA3, 0x1EA4, 0x1EA5, 0x1EA6, 0x1EA7, 0x1EA8, 0x1EA9, 0x1EAA, 0x1EAB, 0x1EAC,
    0x1EAD, 0x1EAE, 0x1EAF, 0x1EB0, 0x1EB1, 0x1EB2, 0x1EB3, 0x1EB4, 0x1EB5, 0x1EB6, 0x1EB7, 0x1EB8,
    0x1EB9, 0x1EBA, 0x1EBB, 0x1EBC, 0x1EBD, 0x1EBE, 0x1EBF, 0x1EC0, 0x1EC1, 0x1EC2, 0x1EC3, 0x1EC4,
    0x1EC5, 0x1EC6, 0x1EC7, 0x1ECC, 0x1ECD, 0x1ECE, 0x1ECF, 0x1ED0, 0x1ED1, 0x1ED2, 0x1ED3, 0x1ED4,
    0x1ED5, 0x1ED6, 0x1ED7, 0x1ED8, 0x1ED9, 0x1EDA, 0x1EDB, 0x1EDC, 0x1EDD, 0x1EDE, 0x1EDF, 0x1EE0,
    0x1EE1, 0x1EE2, 0x1EE3, 0x1EE4, 0x1EE6, 0x1EE8, 0x1EE9, 0x1EEA, 0x1EEB, 0x1EEC, 0x1EED, 0x1EEE,
    0x1EEF, 0x1EF0, 0x1EF1, 0x1EF2, 0x1EF3, 0x1EF4, 0x1EF5, 0x1EF6, 0x1EF7, 0x1EF8, 0x1EF9, 0x2013,
    0x2014, 0x2015, 0x2018, 0x2019, 0x201A, 0x201C, 0x201D, 0x201E, 0x2039, 0x203A, 0xFB00,
};

static const uint8_t notosans_c21_regularKernLeftClassIds[] = {
      1,   2,   1,   3,   4,   5,   4,   6,   7,   8,   9,  10,  11,  12,   9,  13,
     10,  14,  10,  15,  16,  17,  18,  18,   9,  19,  20,   3,  21,  22,  23,  24,
     23,  25,  22,  22,  22,  23,  23,  26,  24,  27,  27,  28,  27,   3,  29,  30,
     31,  32,   7,   7,   7,   7,   7,   7,  11,   9,  11,  11,  11,  11,  10,  10,
     10,  10,  10,  10,  10,  17,  17,  17,  17,  19,  14,  22,  22,  22,  22,  22,
     22,  23,  23,  23,  23,  23,  33,  33,  23,  23,  23,  23,  23,  23,  23,  27,
     23,  27,   7,  22,   7,  22,  34,  22,   9,   9,   9,   9,  10,  35,  10,  11,
     23,  11,  23,  11,  23,  11,  23,  11,  23,  22,  36,  33,  37,   9,  28,  13,
     13,  13,  35,  13,  13,  22,  22,  22,  22,  10,  23,  10,  23,  10,  23,  11,
     23,  26,  26,  26,  16,  24,  16,  38,  16,  24,  17,  17,  17,  17,  17,  17,
     18,  27,  19,  27,  19,  20,  20,  20,  39,  40,  41,  42,   7,  22,  11,  23,
     10,  33,  16,  24,  43,  44,  44,  45,  46,  47,  48,  49,  49,  45,  50,  51,
     52,  53,  54,  46,  55,  44,  50,  54,  50,  56,  57,  47,  46,  51,  58,  50,
     55,  55,  49,  49,  56,  56,  59,  60,  61,  62,  63,  64,  65,  61,  66,  66,
     65,  66,  66,  66,  64,  66,  64,  67,  62,  68,  64,  65,  63,  66,  66,  63,
     69,  66,  69,  64,  64,  66,  64,  64,  70,  62,  67,  71,  72,  73,  69,  69,
     74,  65,  66,  68,  66,  56,  75,  76,  69,  47,  67,  52,  77,  52,  77,  78,
     64,  56,  64,  51,  75,  51,  75,  68,  68,  56,  64,  56,  64,  56,  75,  47,
     55,  63,  76,  69,  57,  64,  79,  80,  81,  82,  83,  84,  78,  61,  83,  84,
     50,  65,  50,  65,  50,  65,  55,  63,  81,  80,  64,  47,  67,  79,  80,  85,
     86,  85,  86,  83,  84,  55,  63,  55,  63,  87,  88,  87,  88,  50,  65,  55,
     63,  55,  63,  55,  63,  52,  59,  52,  59,  44,  88,  44,  88,  56,  64,  56,
     64,  50,  65,  78,  61,  66,  66,  56,  64,  56,  64,  56,  64,  56,  64,  51,
     68,  51,  68,  51,  68,  66,  79,  80,  66,  81,  82,  83,  84,  50,  84,   7,
     22,   7,  22,   7,  22,   7,  22,   7,  22,   7,  22,   7,  22,   7,  22,   7,
     22,   7,  22,   7,  22,   7,  22,  11,  23,  11,  23,  11,  23,  11,  23,  11,
     23,  11,  23,  11,  23,  11,  23,  10,  23,  10,  23,  10,  23,  10,  23,  10,
     23,  10,  23,  10,  23,  39,  40,  39,  40,  39,  40,  39,  40,  39,  40,  17,
     17,  41,  42,  41,  42,  41,  42,  41,  42,  41,  42,  19,  27,  19,  27,  19,
     27,  19,  27,   5,   5,   5,   1,   1,   4,   1,   1,   4,  30,  31,  25,
};

static const uint16_t notosans_c21_regularKernRightCodepoints[] = {
    0x0021, 0x0022, 0x0026, 0x0027, 0x0029, 0x002C, 0x002D, 0x002E, 0x003A, 0x003B, 0x003F, 0x0041,
    0x0043, 0x0047, 0x0049, 0x004A, 0x004F, 0x0051, 0x0054, 0x0055, 0x0056, 0x0057, 0x0058, 0x0059,
    0x005A, 0x005D, 0x0061, 0x0062, 0x0063, 0x0064, 0x0065, 0x0066, 0x0067, 0x0068, 0x006A, 0x006B,
    0x006C, 0x006D, 0x006E, 0x006F, 0x0070, 0x0071, 0x0072, 0x0073, 0x0074, 0x0075, 0x0076, 0x0077,
    0x0078, 0x0079, 0x007A, 0x007D, 0x00AB, 0x00BB, 0x00C0, 0x00C1, 0x00C2, 0x00C3, 0x00C4, 0x00C5,
    0x00C6, 0x00C7, 0x00D2, 0x00D3, 0x00D4, 0x00D5, 0x00D6, 0x00D8, 0x00D9, 0x00DA, 0x00DB, 0x00DC,
    0x00DD, 0x00E0, 0x00E1, 0x00E2, 0x00E3, 0x00E4, 0x00E5, 0x00E6, 0x00E7, 0x00E8, 0x00E9, 0x00EA,
    0x00EB, 0x00F2, 0x00F3, 0x00F4, 0x00F5, 0x00F6, 0x00F8, 0x00F9, 0x00FA, 0x00FB, 0x00FC, 0x00FD,
    0x00FE, 0x00FF, 0x0100, 0x0101, 0x0102, 0x0103, 0x0104, 0x0105, 0x0106, 0x0107, 0x0108, 0x0109,
    0x010A, 0x010B, 0x010C, 0x010D, 0x010F, 0x0111, 0x0113, 0x0115, 0x0117, 0x0119, 0x011B, 0x011C,
    0x011D, 0x011E, 0x011F, 0x0120, 0x0121, 0x0122, 0x0123, 0x0125, 0x0127, 0x0129, 0x0137, 0x0138,
    0x013A, 0x013C, 0x013E, 0x0140, 0x0144, 0x0146, 0x014B, 0x014C, 0x014D, 0x014E, 0x014F, 0x0150,
    0x0151, 0x0152, 0x0153, 0x0155, 0x0157, 0x015B, 0x015F, 0x0162, 0x0163, 0x0164, 0x0165, 0x0166,
    0x0167, 0x0168, 0x0169, 0x016A, 0x016B, 0x016C, 0x016D, 0x016E, 0x016F, 0x0170, 0x0171, 0x0172,
    0x0173, 0x0174, 0x0175, 0x0176, 0x0177, 0x0178, 0x0179, 0x017A, 0x017B, 0x017C, 0x017D, 0x017E,
    0x01A0, 0x01A1, 0x01AF, 0x01B0, 0x01FA, 0x01FB, 0x01FC, 0x01FD, 0x01FE, 0x01FF, 0x0219, 0x021A,
    0x021B, 0x0402, 0x0404, 0x0405, 0x0408, 0x0409, 0x040B, 0x040E, 0x0410, 0x0414, 0x0416, 0x0417,
    0x041B, 0x041E, 0x0421, 0x0422, 0x0423, 0x0424, 0x0425, 0x0427, 0x042A, 0x042D, 0x042F, 0x0430,
    0x0431, 0x0432, 0x0433, 0x0434, 0x0435, 0x0436, 0x0437, 0x0438, 0x0439, 0x043A, 0x043B, 0x043C,
    0x043D, 0x043E, 0x043F, 0x0440, 0x0441, 0x0442, 0x0443, 0x0444, 0x0445, 0x0446, 0x0447, 0x0448,
    0x0449, 0x044A, 0x044B, 0x044C, 0x044D, 0x044E, 0x044F, 0x0450, 0x0451, 0x0452, 0x0453, 0x0454,
    0x0455, 0x0457, 0x0458, 0x0459, 0x045A, 0x045B, 0x045C, 0x045D, 0x045E, 0x045F, 0x0460, 0x0461,
    0x0462, 0x0465, 0x0466, 0x0467, 0x0469, 0x046D, 0x046E, 0x0470, 0x0472, 0x0473, 0x0474, 0x0475,
    0x0476, 0x0477, 0x0478, 0x0479, 0x047A, 0x047B, 0x047C, 0x047D, 0x047E, 0x047F, 0x0480, 0x0481,
    0x048B, 0x048C, 0x048D, 0x048F, 0x0491, 0x0492, 0x0495, 0x0496, 0x0497, 0x0498, 0x0499, 0x049B,
    0x049D, 0x049F, 0x04A0, 0x04A1, 0x04A3, 0x04A5, 0x04A7, 0x04A8, 0x04A9, 0x04AA, 0x04AB, 0x04AC,
    0x04AD, 0x04AE, 0x04AF, 0x04B0, 0x04B1, 0x04B2, 0x04B3, 0x04B4, 0x04B5, 0x04B6, 0x04B7, 0x04B8,
    0x04B9, 0x04BB, 0x04BC, 0x04BD, 0x04BE, 0x04BF, 0x04C1, 0x04C2, 0x04C4, 0x04C5, 0x04C6, 0x04C8,
    0x04CA, 0x04CB, 0x04CC, 0x04CE, 0x04D0, 0x04D1, 0x04D2, 0x04D3, 0x04D4, 0x04D5, 0x04D7, 0x04D8,
    0x04D9, 0x04DA, 0x04DB, 0x04DC, 0x04DD, 0x04DE, 0x04DF, 0x04E3, 0x04E5, 0x04E6, 0x04E7, 0x04E8,
    0x04E9, 0x04EA, 0x04EB, 0x04EC, 0x04ED, 0x04EE, 0x04EF, 0x04F0, 0x04F1, 0x04F2, 0x04F3, 0x04F4,
    0x04F5, 0x04F7, 0x04F9, 0x04FA, 0x04FC, 0x04FD, 0x04FE, 0x04FF, 0x1EA0, 0x1EA1, 0x1EA2, 0x1EA3,
    0x1EA4, 0x1EA5, 0x1EA6, 0x1EA7, 0x1EA8, 0x1EA9, 0x1EAA, 0x1EAB, 0x1EAC, 0x1EAD, 0x1EAE, 0x1EAF,
    0x1EB0, 0x1EB1, 0x1EB2, 0x1EB3, 0x1EB4, 0x1EB5, 0x1EB6, 0x1EB7, 0x1EB9, 0x1EBB, 0x1EBD, 0x1EBF,
    0x1EC1, 0x1EC3, 0x1EC5, 0x1EC7, 0x1ECC, 0x1ECD, 0x1ECE, 0x1ECF, 0x1ED0, 0x1ED1, 0x1ED2, 0x1ED3,
    0x1ED4, 0x1ED5, 0x1ED6, 0x1ED7, 0x1ED8, 0x1ED9, 0x1EDA, 0x1EDB, 0x1EDC, 0x1EDD, 0x1EDE, 0x1EDF,
    0x1EE0, 0x1EE1, 0x1EE2, 0x1EE3, 0x1EE4, 0x1EE5, 0x1EE6, 0x1EE7, 0x1EE8, 0x1EE9, 0x1EEA, 0x1EEB,
    0x1EEC, 0x1EED, 0x1EEE, 0x1EEF, 0x1EF0, 0x1EF1, 0x1EF2, 0x1EF4, 0x1EF5, 0x1EF6, 0x1EF7, 0x1EF8,
    0x1EF9, 0x2013, 0x2014, 0x2015, 0x2018, 0x2019, 0x201A, 0x201C, 0x201D, 0x201E, 0x2026, 0x2039,
    0x203A, 0xFB00, 0xFB01, 0xFB02, 0xFB03, 0xFB04,
};

static const uint8_t notosans_c21_regularKernRightClassIds[] = {
      1,   2,   3,   2,   4,   5,   6,   5,   7,   7,   8,   9,  10,  10,  11,  12,
     10,  10,  13,  14,  15,  15,  16,  17,  18,   4,  19,  20,  21,  21,  21,  22,
     23,  20,  24,  20,  20,  25,  25,  21,  25,  21,  25,  26,  22,  25,  27,  27,
     27,  27,  28,   4,  29,  30,   9,   9,   9,   9,   9,   9,  31,  10,  10,  10,
     10,  10,  10,  10,  14,  14,  14,  14,  17,  21,  19,  19,  19,  19,  19,  19,
     21,  21,  21,  21,  21,  21,  21,  21,  21,  21,  21,  25,  25,  25,  25,  27,
     20,  27,   9,  19,   9,  19,   9,  19,  10,  21,  10,  21,  10,  21,  10,  21,
     21,  21,  21,  21,  21,  21,  21,  10,  23,  10,  23,  10,  23,  10,  23,  20,
     32,  33,  20,  25,  20,  20,  20,  20,  25,  25,  25,  10,  21,  10,  21,  10,
     21,  10,  21,  25,  25,  26,  26,  13,  22,  13,  22,  13,  22,  14,  25,  14,
     25,  14,  25,  14,  25,  14,  25,  14,  25,  15,  27,  17,  27,  17,  18,  28,
     18,  28,  18,  28,  10,  21,  14,  25,   9,  19,  31,  19,  10,  21,  26,  13,
     22,  34,  35,  36,  37,  38,  34,  39,  40,  41,  42,  43,  38,  35,  35,  34,
     39,  44,  42,  45,  34,  43,  46,  47,  48,  49,  49,  50,  51,  52,  53,  49,
     49,  49,  54,  49,  49,  51,  49,  49,  51,  55,  56,  51,  52,  49,  57,  49,
     49,  55,  49,  49,  53,  49,  58,  51,  51,  59,  49,  51,  60,  61,  62,  54,
     49,  59,  49,  49,  56,  49,  63,  64,  65,  66,  40,  50,  66,  66,  43,  45,
     63,  47,  67,  64,  67,  64,  63,  47,  63,  47,  63,  47,  63,  64,  63,  47,
     66,  65,  59,  66,  66,  65,  66,  42,  52,  43,  53,  66,  66,  59,  68,  55,
     66,  66,  66,  63,  47,  63,  47,  34,  55,  69,  70,  69,  70,  42,  52,  68,
     55,  45,  57,  45,  57,  66,  71,  72,  71,  72,  42,  52,  66,  73,  50,  66,
     66,  45,  57,  66,  40,  74,  40,  74,  40,  74,  47,  75,  74,  75,  74,  42,
     52,  43,  53,  49,  49,  63,  47,  63,  47,  63,  47,  43,  53,  39,  56,  39,
     56,  39,  56,  45,  57,  66,  49,  65,  42,  52,  42,  52,   9,  19,   9,  19,
      9,  19,   9,  19,   9,  19,   9,  19,   9,  19,   9,  19,   9,  19,   9,  19,
      9,  19,   9,  19,  21,  21,  21,  21,  21,  21,  21,  21,  10,  21,  10,  21,
     10,  21,  10,  21,  10,  21,  10,  21,  10,  21,  10,  21,  10,  21,  10,  21,
     10,  21,  10,  21,  14,  25,  14,  25,  14,  25,  14,  25,  14,  25,  14,  25,
     14,  25,  17,  17,  27,  17,  27,  17,  27,   6,   6,   6,  76,   2,   5,  76,
      2,   5,   5,  29,  30,  22,  22,  22,  22,  22,
};

static const uint16_t notosans_c21_regularKernRowOffsets[] = {
        0,    29,    32,    37,    54,    61,    66,    72,    73,    75,    82,    83,    87,    93,   100,   101,
      117,   119,   130,   143,   145,   146,   147,   150,   151,   154,   159,   162,   163,   167,   173,   182,
      186,   187,   193,   200,   202,   203,   208,   214,   217,   227,   230,   231,   232,   245,   270,   276,
      278,   289,   304,   333,   352,   354,   358,   370,   386,   403,   421,   427,   438,   446,   457,   469,
      480,   492,   494,   498,   510,   528,   534,   538,   542,   544,   549,   551,   558,   566,   569,   594,
      601,   617,   620,   625,   627,   639,   641,   644,   647,
};

static const uint8_t notosans_c21_regularKernSparseCols[] = {
      8,  12,  14,  16,  18,  20,  22,  24,  25,  30,  32,  33,  37,  38,  39,  40,
     41,  43,  46,  49,  52,  53,  54,  55,  58,  60,  67,  72,  73,  12,  14,  16,
     11,  23,  36,  43,  61,   9,  12,  13,  14,  16,  33,  36,  38,  43,  44,  54,
     56,  62,  66,  67,  68,  70,  12,  33,  38,  41,  51,  54,  67,  33,  41,  43,
     44,  56,   1,   9,  11,  12,  14,  16,   4,   9,  28,   4,   8,  12,  14,  15,
     16,  17,  11,   3,   4,   7,   8,   1,   9,  12,  13,  14,  16,   2,   4,   8,
     15,  17,  28,  30,  28,   2,   4,   5,   7,   8,   9,  12,  18,  20,  22,  24,
     25,  26,  27,  28,  29,   4,   8,   4,   7,   8,   9,  18,  20,  22,  24,  25,
     28,  29,   2,   4,   7,   8,   9,  18,  20,  22,  24,  25,  27,  28,  29,   9,
     28,  11,   1,   1,  26,  27,   1,   1,   3,   4,   1,   4,  18,  20,  22,   1,
      4,   7,  20,  11,  12,  14,  16,  12,  14,  16,  33,  39,  67,  12,  14,  15,
     16,  33,  38,  41,  44,  67,  11,  12,  14,  16,   3,   1,   9,  11,  12,  14,
     16,   0,   1,   3,   7,  19,  31,  75,   3,  32,  11,   0,   1,   3,   7,  75,
      8,  10,  12,  14,  15,  16,  19,  21,  26,   8,   9,  10,  12,  14,  15,  16,
     18,  20,  22,  19,  21,  26,  32,  36,   1,  33,  38,  44,  54,  55,  56,  64,
     66,  67,  68,  69,  75,   1,   4,   5,   6,  29,  33,  34,  37,  39,  40,  43,
     46,  47,  48,  49,  50,  51,  52,  53,  54,  55,  56,  57,  59,  67,  28,  34,
     43,  56,  62,  70,   4,  43,   1,   4,  33,  38,  44,  51,  54,  55,  57,  67,
     75,   1,   5,   6,  28,  34,  43,  44,  46,  47,  50,  54,  55,  56,  62,  70,
      1,   4,   5,   6,  28,  29,  34,  35,  37,  39,  40,  43,  45,  46,  47,  48,
     49,  50,  51,  52,  53,  56,  57,  58,  59,  62,  70,  71,  72,   1,  29,  33,
     34,  36,  38,  43,  44,  50,  54,  55,  56,  64,  66,  67,  68,  70,  74,  75,
     51,  55,   3,  51,  56,  57,   4,  36,  37,  40,  43,  44,  49,  53,  54,  55,
     56,  61,   4,  33,  37,  38,  39,  40,  41,  42,  49,  51,  53,  57,  66,  67,
     68,  72,   4,   5,   6,  28,  29,  37,  38,  39,  40,  41,  43,  46,  49,  50,
     53,  57,  72,   1,   3,   4,   6,  33,  35,  37,  38,  39,  40,  41,  42,  45,
     49,  51,  53,  57,  67,   1,  33,  38,  51,  54,  55,  33,  38,  39,  41,  45,
     49,  51,  54,  55,  56,  57,   3,  33,  38,  41,  45,  51,  54,  55,   1,   4,
      5,  37,  39,  40,  41,  49,  50,  53,  75,   1,   4,  33,  36,  37,  40,  44,
     49,  53,  54,  56,  61,  33,  38,  39,  41,  45,  49,  51,  54,  55,  56,  57,
      5,  33,  34,  38,  43,  44,  46,  50,  56,  57,  71,  75,  33,  58,   1,  33,
     50,  57,   1,   4,  37,  39,  40,  41,  46,  49,  50,  53,  57,  75,   1,   6,
     33,  38,  39,  41,  43,  44,  45,  51,  54,  55,  56,  57,  63,  69,  71,  75,
      1,  33,  36,  54,  55,  61,  33,  38,  45,  57,   1,  33,  58,  60,  36,  61,
      1,  33,  36,  54,  55,   4,  49,   1,  33,  44,  54,  66,  67,  68,   1,  46,
     54,  55,  56,  63,  69,  71,   4,  66,  68,   4,   5,  28,  29,  33,  34,  37,
     39,  40,  43,  46,  49,  51,  52,  54,  55,  56,  62,  63,  65,  69,  70,  71,
     72,  73,   4,   5,  39,  46,  49,  50,  53,   4,   5,  33,  39,  46,  49,  51,
     52,  56,  58,  62,  65,  67,  70,  71,  72,   4,  46,  49,  54,  56,  62,  70,
     71,  46,  56,   4,  39,  46,  49,  56,  58,  62,  65,  71,  72,  73,  74,   4,
     49,  33,  66,  68,   1,  51,  55,
};

static const int8_t notosans_c21_regularKernSparseValues[] = {
     -24,    7,    7,    3,  -13,  -20,  -10,  -10,  -10,  -27,   24,    7,  -10,    7,  -24,  -20,
       7,   -3,  -13,  -24,    7,  -17,   10,    7,   10,   10,    7,  -20,   -7,  -20,   -7,  -10,
      30,   13,   34,  -10,   20,  -17,  -24,   -7,  -20,  -20,  -17,   20,   -7,  -13,  -27,  -13,
     -20,  -17,  -20,  -24,  -20,  -20,  -13,  -13,   -7,   -3,   -3,   -7,  -13,  -10,   -3,   -3,
      -3,   -3,  -24,   -7,   17,  -24,  -13,  -20,   -3,   -7,   -7,  -13,   -7,  -10,   -3,   -7,
      -3,   -3,   20,    7,  -20,    7,   -7,  -27,   -7,   -7,   -3,   -7,  -10,   -3,  -44,  -17,
      -7,   -3,   -7,  -10,   -3,   -7,  -20,  -13,    7,  -24,   -7,    7,  -27,  -24,  -24,  -17,
     -20,   -7,  -13,  -20,  -10,   -7,   -3,  -17,    7,  -13,   -3,   -7,   -7,   -3,   -3,   -3,
     -10,   -3,  -10,  -20,    7,  -20,   -7,  -17,  -17,  -17,  -10,  -13,   -7,  -27,  -10,   -3,
      -7,   32,   -3,   -3,   -7,   -3,    7,   20,   13,   -7,   13,  -54,   -7,   -7,   -3,   13,
     -13,    7,   -7,   17,   -7,   -3,  -10,  -10,   -3,  -10,  -10,   -3,   -3,  -20,  -10,   -7,
     -27,  -20,   -7,   -7,   -7,  -13,   34,  -13,  -10,  -13,   17,  -24,   -7,   37,  -24,  -13,
     -20,   17,   17,   30,   30,   10,   24,   24,   17,   44,   17,   24,   37,   40,   37,   24,
      -7,    7,   20,   24,   17,   20,    7,   13,   17,  -10,   -3,    7,   24,   24,   17,   20,
     -10,   -7,   -7,    7,   17,   17,   24,   17,  -24,  -17,   -7,  -10,   -7,   -7,   -7,   -7,
     -13,  -20,  -17,   -7,  -10,    7,  -17,  -13,  -10,  -10,    7,   -7,   -8,  -24,   -8,  -12,
     -13,   -7,  -10,  -13,  -13,   -3,   -3,  -10,   -3,   -7,  -10,  -13,   -7,    3,   -7,   -7,
     -10,   -7,   -7,   -7,   -7,   -3,  -30,   -3,  -20,   -7,  -10,   -7,   -7,   -7,   -7,  -10,
     -20,    7,   -3,   -3,   -7,   -7,  -13,   -3,   -3,   -7,   -7,   -3,   -3,   -7,   -7,  -17,
       7,  -24,   -7,   -3,  -17,   -7,  -13,   -7,  -30,  -40,  -34,  -10,  -10,  -17,  -13,   -3,
     -34,  -20,  -10,   -7,  -17,   -7,  -17,   17,  -10,   -3,   -7,  -10,  -17,  -24,   -3,  -24,
      -7,   17,  -10,  -12,  -20,   -3,  -10,   -7,  -10,   -7,  -13,  -17,  -20,  -17,   -3,  -13,
      -3,   -3,   -8,   -3,   -5,   -3,   10,   30,   10,   13,   -3,   -8,   10,   10,   -3,   10,
      -7,   24,  -13,   -7,   -3,  -13,   -7,   -3,   -7,   -3,   -3,   -5,   -3,   -3,   -3,   -3,
      -3,   -7,  -44,   -3,   -3,   -7,   -3,  -20,   -7,  -17,  -20,   -7,   -3,   -8,  -17,   -3,
     -13,   -3,  -20,   -3,  -10,  -13,   -3,  -12,   -3,   -8,  -10,  -12,  -10,  -13,  -10,   -3,
      -8,   -5,   -5,   -3,   -7,   -3,  -13,  -13,   -7,   -3,   -3,  -20,  -13,   -3,  -10,   -7,
      -3,   -7,   -3,  -10,   -3,   -3,   -3,  -10,   -3,   -3,   -3,   -7,   -3,   -3,   10,  -13,
      -7,   -7,  -10,  -10,   -3,  -13,   -3,  -10,   13,   -3,    7,  -10,   34,    7,   10,   -5,
       7,    8,   -5,  -10,   20,  -13,  -13,   -3,   -7,   -7,   -3,   -7,   -3,  -10,   -3,   -3,
      -3,   -3,   -5,   -3,   -5,   -3,   -7,   -7,   -7,   -3,   -7,   10,  -10,   -2,    7,   -7,
      -3,   -3,    7,  -13,   -7,   -7,  -10,   -3,   -3,  -17,  -10,  -17,  -10,   13,  -27,   -3,
     -20,   -7,   -3,   -3,   -3,  -24,   -7,   -7,  -20,  -15,  -13,   -7,   -7,  -10,   -7,  -10,
      -3,  -13,   27,  -10,  -17,    7,   -7,  -10,   -3,   -7,   10,    7,   10,    3,   10,    7,
      -3,  -13,   13,  -10,  -17,  -13,   -7,  -13,  -13,  -13,   -7,  -10,   -7,  -10,  -24,   -7,
     -17,  -10,  -10,   -7,   -7,   -7,  -13,   -3,   -3,  -20,  -13,  -20,  -10,    7,   -7,  -13,
     -24,  -17,  -12,  -24,  -20,   -7,   -7,  -13,  -13,  -17,   -7,   -7,  -17,  -13,  -17,  -24,
     -17,  -27,  -17,   -7,  -10,   -3,  -13,   -3,  -10,  -17,   -7,    7,  -20,  -13,  -17,   -7,
      -7,  -17,    7,   -7,  -10,    7,   -7,  -10,  -13,  -10,   -7,  -10,   -7,  -17,   -7,  -17,
      -7,   -3,   -3,  -20,  -20,  -17,  -17,  -13,    7,   -7,  -10,  -13,  -13,  -13,   -3,  -13,
      -3,   -7,   -3,   -3,   -3,   -7,   -3,
};

static const EpdLigaturePair notosans_c21_regularLigaturePairs[] = {
    { 0x00660066, 0xFB00 }, // f f -> U+FB00
    { 0x00660069, 0xFB01 }, // f i -> U+FB01
    { 0x0066006C, 0xFB02 }, // f l -> U+FB02
    { 0xFB000069, 0xFB03 }, // U+FB00 i -> U+FB03
    { 0xFB00006C, 0xFB04 }, // U+FB00 l -> U+FB04
};

static const EpdFontData notosans_c21_regular = {
    notosans_c21_regularBitmaps,
    notosans_c21_regularGlyphs,
    notosans_c21_regularIntervals,
    18,
    29,
    23,
    -7,
    true,
    notosans_c21_regularGroups,
    14,
    nullptr,
    nullptr,  // kernLeftClasses: built-in fonts use the split arrays below
    nullptr,  // kernRightClasses
    notosans_c21_regularKernLeftCodepoints,
    notosans_c21_regularKernLeftClassIds,
    notosans_c21_regularKernRightCodepoints,
    notosans_c21_regularKernRightClassIds,
    nullptr,  // kernMatrix: built-in fonts use the sparse form below
    notosans_c21_regularKernRowOffsets,
    notosans_c21_regularKernSparseCols,
    notosans_c21_regularKernSparseValues,
    479,
    474,
    88,
    76,
    notosans_c21_regularLigaturePairs,
    5,
};
