/**
 * generated by fontconvert.py
 * name: notoserif_c15_bold
 * size: 0
 * mode: 2-bit  compressed: true
 * Command used: fontconvert.py notoserif_c15_bold 0 ../builtinFonts/source/NotoSerif/NotoSerif-Bold.ttf --2bit --compress --pnum --ppem 15
 */
#pragma once
#include "EpdFontData.h"

static const uint8_t notoserif_c15_boldBitmaps[15039] = {
    0x75, 0x56, 0x41, 0x88, 0x1C, 0xC7, 0x15, 0x7D, 0xDD, 0xED, 0x6C, 0x6B, 0xB7, 0x7A, 0xB6, 0x16,
    0xAC, 0x35, 0x62, 0xAD, 0x4C, 0xE5, 0xB0, 0x01, 0x21, 0x76, 0xA6, 0xDB, 0x30, 0xC4, 0x73, 0xE8,
    0x9E, 0x29, 0x94, 0x40, 0x20, 0x09, 0x6C, 0x0E, 0x12, 0x39, 0xE4, 0xA0, 0x3D, 0x8A, 0xB9, 0x68,
    0x0E, 0x1B, 0x58, 0x9C, 0xDE, 0x9D, 0x92, 0x05, 0xF6, 0x25, 0xD8, 0x83, 0x0E, 0x39, 0x85, 0x78,
    0x03, 0x7B, 0xB0, 0xE6, 0x20, 0x6F, 0xC0, 0xC1, 0x13, 0x58, 0x69, 0x2A, 0xBA, 0x08, 0x64, 0x93,
    0xB4, 0x9D, 0x53, 0x20, 0xA0, 0x36, 0x32, 0xD8, 0x58, 0xB6, 0xD3, 0x71, 0x86, 0xA4, 0x9D, 0xCC,
    0xCE, 0xE4, 0x57, 0x8F, 0x46, 0xAB, 0xB5, 0xE4, 0xFE, 0xAF, 0x9B, 0x9A, 0xEE, 0xAA, 0x5F, 0xFF,
    0xBF, 0x57, 0xF5, 0x6B, 0x2E, 0xC5, 0x61, 0x58, 0xAF, 0xD7, 0x97, 0x10, 0x87, 0xF8, 0x5D, 0xF7,
    0xCB, 0xE4, 0xF7, 0x49, 0x5B, 0x2F, 0x49, 0xFB, 0x04, 0x1C, 0x0F, 0xCE, 0x29, 0x34, 0x27, 0x58,
    0xF9, 0x05, 0xE6, 0x03, 0x94, 0x02, 0x0C, 0xC6, 0xF0, 0x76, 0x71, 0xAA, 0x8B, 0x55, 0x0D, 0x48,
    0x4B, 0xF3, 0xD1, 0xDA, 0x6F, 0x22, 0xE5, 0x6B, 0x96, 0xE3, 0x30, 0xF8, 0x6D, 0xFD, 0xB5, 0x6A,
    0x6E, 0x69, 0x28, 0x40, 0xA8, 0x0D, 0xD4, 0x93, 0x04, 0x9B, 0xFF, 0xD4, 0x68, 0xFF, 0x4B, 0x62,
    0xF3, 0x3F, 0xCB, 0xA8, 0xFF, 0xED, 0x1D, 0xC9, 0x7E, 0xF2, 0x81, 0xC6, 0x77, 0xE9, 0x7E, 0x81,
    0xEE, 0xEE, 0x7D, 0x0D, 0xFD, 0x4B, 0x98, 0xCB, 0xCE, 0xC1, 0xD6, 0xC1, 0x19, 0xD8, 0x6B, 0x70,
    0x86, 0xE7, 0xD9, 0x70, 0x18, 0x6D, 0xA7, 0xB1, 0xD0, 0xB1, 0xAB, 0x23, 0x37, 0xE3, 0xF9, 0x2D,
    0xEA, 0xB3, 0x9B, 0xED, 0xB7, 0x97, 0x00, 0x2B, 0x61, 0x52, 0xA0, 0x8A, 0xE8, 0x91, 0x55, 0xC1,
    0xE1, 0x90, 0x3B, 0xE3, 0x68, 0x13, 0x65, 0x70, 0xC9, 0x94, 0xAB, 0x67, 0xC6, 0x14, 0x47, 0x88,
    0x0D, 0xFA, 0x66, 0xE1, 0x59, 0xF9, 0x52, 0xCC, 0xD3, 0xCE, 0xC1, 0xB3, 0x3F, 0xB0, 0x25, 0x94,
    0xA5, 0x2D, 0xDD, 0x3C, 0x34, 0x4F, 0x4B, 0x21, 0x8C, 0xBC, 0x1A, 0x06, 0x68, 0x01, 0x51, 0x44,
    0x3D, 0x1D, 0xB2, 0x39, 0xCC, 0xC3, 0x23, 0x3B, 0x85, 0x55, 0x04, 0x64, 0x1B, 0x34, 0x85, 0x82,
    0x9B, 0xA2, 0x1C, 0x22, 0x2A, 0x23, 0x14, 0x05, 0x78, 0x01, 0x6A, 0x94, 0x51, 0xAE, 0x80, 0x0D,
    0x8B, 0x74, 0x12, 0x91, 0xBC, 0x93, 0x38, 0xC7, 0xCC, 0x3F, 0x7C, 0x3E, 0x0D, 0xE3, 0xCD, 0x70,
    0x29, 0xC4, 0x16, 0x32, 0x5B, 0x33, 0xAC, 0xCD, 0xBD, 0x74, 0x63, 0x30, 0x2E, 0xDE, 0x46, 0xF4,
    0xF6, 0x6D, 0x9E, 0x22, 0x46, 0x75, 0xA3, 0xBA, 0x1F, 0x35, 0x8D, 0x97, 0x3D, 0x58, 0x39, 0x9C,
    0x3E, 0xE6, 0xFA, 0xF0, 0xFA, 0x58, 0xED, 0xA3, 0xDD, 0xC7, 0x64, 0x02, 0xF4, 0x0D, 0x1C, 0x12,
    0xE5, 0x4D, 0x7F, 0x14, 0x78, 0x01, 0xBE, 0x27, 0xCF, 0xE6, 0x86, 0x87, 0xA5, 0xA8, 0x1D, 0x37,
    0x33, 0xC3, 0x25, 0x2F, 0xAF, 0x95, 0x28, 0xC4, 0xEE, 0xCE, 0x76, 0x5C, 0x0E, 0x79, 0x28, 0x2A,
    0x15, 0xD2, 0x07, 0x67, 0x7B, 0x9D, 0x71, 0xFB, 0x34, 0x4D, 0xB4, 0x89, 0x7D, 0xA4, 0xB6, 0x76,
    0xB4, 0x2B, 0x39, 0xDC, 0x21, 0x2A, 0x15, 0x84, 0x8B, 0x26, 0x23, 0xB1, 0x65, 0xE2, 0xAF, 0xEC,
    0x98, 0x74, 0xB6, 0x8A, 0xA4, 0x44, 0xDF, 0xA4, 0xC3, 0xD2, 0x4A, 0x18, 0x56, 0xE2, 0x72, 0x2C,
    0xA2, 0x0E, 0xBB, 0x41, 0x0C, 0x57, 0x6A, 0x75, 0x3F, 0xA5, 0x0F, 0xC3, 0x22, 0x5B, 0xF3, 0x24,
    0xD2, 0xE8, 0x8A, 0x2A, 0x44, 0x22, 0x5D, 0x0B, 0x78, 0x9B, 0xA9, 0x90, 0x84, 0xB0, 0x32, 0x7C,
    0x1B, 0x58, 0x3E, 0x7F, 0xF6, 0xFA, 0xEC, 0x59, 0x9B, 0xBE, 0xAD, 0xA0, 0xCF, 0x54, 0x9D, 0xBA,
    0x3E, 0x9F, 0xC6, 0x71, 0xDD, 0xA8, 0x18, 0xDB, 0xA9, 0x23, 0x6D, 0xA2, 0x9E, 0x44, 0xA3, 0x15,
    0x84, 0x95, 0x5D, 0xE0, 0xA3, 0x32, 0x5C, 0xE9, 0xC8, 0xD2, 0x4A, 0xAA, 0xD7, 0x36, 0xF7, 0x75,
    0x2D, 0xA3, 0x3B, 0xCD, 0x74, 0x90, 0x7E, 0xA8, 0x6B, 0x5F, 0xDE, 0x97, 0xF5, 0xA8, 0x82, 0xD3,
    0x26, 0x3E, 0x79, 0x02, 0xD6, 0x7F, 0xD3, 0x62, 0x25, 0xE1, 0x12, 0x30, 0x02, 0xBE, 0x80, 0xFD,
    0x06, 0x9C, 0x75, 0xE9, 0x30, 0xC5, 0x7E, 0xAE, 0x17, 0x7F, 0x96, 0x9C, 0xB6, 0xD3, 0x33, 0x56,
    0x36, 0x61, 0xA3, 0xD6, 0x75, 0x88, 0x8B, 0x8A, 0xBB, 0xDA, 0x80, 0x2B, 0x3E, 0x86, 0x69, 0x38,
    0x09, 0x77, 0x52, 0x6A, 0x74, 0xC6, 0xB0, 0x6E, 0x49, 0x76, 0x35, 0x11, 0xB6, 0x6E, 0x50, 0x42,
    0x33, 0x50, 0xDB, 0x07, 0xF8, 0x95, 0xC4, 0x9E, 0x98, 0xE0, 0x8C, 0x93, 0x1F, 0x6B, 0x6E, 0x67,
    0x1C, 0x43, 0x8E, 0x7C, 0x86, 0x21, 0xB7, 0x32, 0xEE, 0x26, 0xE4, 0xA4, 0xD5, 0x53, 0xE2, 0x9C,
    0xE6, 0xB4, 0x43, 0x68, 0x14, 0x61, 0x8C, 0x87, 0x0D, 0xD0, 0x72, 0x4C, 0x3A, 0x13, 0xFD, 0xF5,
    0x0E, 0x9F, 0x12, 0x2F, 0x8F, 0xFA, 0xA0, 0x43, 0xC9, 0x0C, 0x14, 0xFB, 0x53, 0x26, 0x90, 0x1D,
    0x85, 0xE1, 0x8E, 0x1A, 0x56, 0xE6, 0xD3, 0x14, 0x57, 0x32, 0x7B, 0x62, 0xD2, 0x6D, 0x5D, 0xEB,
    0x09, 0x59, 0xCC, 0x3B, 0xC5, 0x64, 0x78, 0xD4, 0x46, 0xDE, 0xF9, 0xEB, 0xB8, 0xD5, 0x15, 0xA4,
    0xF1, 0x71, 0xEB, 0x24, 0x2B, 0x7B, 0x6E, 0xE2, 0xE8, 0x27, 0xCD, 0xD5, 0x42, 0xAE, 0xA2, 0xF5,
    0xEB, 0x3D, 0x71, 0x8E, 0xE8, 0x90, 0xBC, 0x04, 0x5E, 0x07, 0x1F, 0x81, 0xDF, 0x02, 0x27, 0x3F,
    0x9C, 0x68, 0x4A, 0x3B, 0xEF, 0x8F, 0x5A, 0x5D, 0x88, 0xC7, 0x62, 0x7D, 0x0C, 0xDD, 0x87, 0xB9,
    0xA9, 0x95, 0x5D, 0xA1, 0x9B, 0x8A, 0x27, 0x4D, 0x59, 0xCA, 0x2E, 0x4B, 0x2F, 0xBB, 0x27, 0xBD,
    0xFC, 0x2F, 0xD2, 0xDB, 0x7E, 0x5D, 0x7A, 0xCD, 0x75, 0xBA, 0xB9, 0xF4, 0xCA, 0x5C, 0x75, 0x4A,
    0xCD, 0xB4, 0x85, 0xEB, 0x42, 0xD5, 0x78, 0x12, 0x2C, 0x66, 0x81, 0x97, 0x07, 0x5E, 0x14, 0x78,
    0x22, 0xF0, 0x58, 0xE6, 0x39, 0x99, 0x67, 0x65, 0x1D, 0xB9, 0x6F, 0xE4, 0x78, 0x39, 0x15, 0x18,
    0x36, 0xD0, 0x8F, 0x70, 0xF0, 0x08, 0x55, 0xCA, 0xF1, 0x5C, 0x7A, 0x24, 0xC7, 0x54, 0x53, 0xD2,
    0x71, 0x2A, 0xEB, 0x57, 0xC7, 0xC8, 0xFC, 0x06, 0x27, 0xFD, 0x23, 0x27, 0x53, 0x8D, 0x79, 0x17,
    0x56, 0xF7, 0xA1, 0xB8, 0x66, 0x49, 0x14, 0xDE, 0xDE, 0x92, 0x7C, 0x07, 0x9C, 0x4B, 0xCE, 0xA6,
    0x04, 0xE4, 0xB4, 0x67, 0xD6, 0xAA, 0x08, 0x4B, 0x54, 0x57, 0xD0, 0x54, 0xE0, 0x39, 0xAC, 0x31,
    0xD5, 0x3C, 0xB4, 0x39, 0xB6, 0x16, 0xE1, 0xE7, 0x66, 0x19, 0xF6, 0x7A, 0xDD, 0x0F, 0x87, 0xE9,
    0xFB, 0xD9, 0x06, 0x2D, 0xF6, 0x27, 0xC1, 0x0E, 0xD1, 0xBB, 0xF6, 0xA6, 0x2F, 0x77, 0x05, 0x9E,
    0x44, 0x97, 0x5F, 0xD1, 0xCE, 0x44, 0x1A, 0x27, 0x2F, 0xEF, 0x35, 0x91, 0x08, 0x5A, 0x24, 0xE7,
    0x14, 0xBF, 0x0A, 0xF7, 0x0E, 0x9C, 0xBB, 0xB0, 0x3F, 0x83, 0x45, 0x2B, 0x9C, 0x36, 0xDD, 0x3E,
    0x7A, 0x4A, 0xF5, 0x9A, 0x56, 0xB2, 0xE6, 0xDB, 0xD9, 0x19, 0xEE, 0x64, 0x01, 0xFF, 0x61, 0x1E,
    0xB0, 0xBB, 0xF1, 0x86, 0xFB, 0x5E, 0xD4, 0x75, 0x3E, 0xAB, 0x6A, 0x27, 0x17, 0xDA, 0x1A, 0x72,
    0x85, 0x8C, 0xC9, 0xD6, 0xB5, 0x3D, 0x71, 0x25, 0x61, 0xB7, 0x95, 0xF3, 0x71, 0xE1, 0x80, 0x30,
    0x86, 0x73, 0x11, 0x0B, 0x5C, 0xAF, 0x39, 0xE9, 0x80, 0xE7, 0xBD, 0x57, 0xF6, 0x9A, 0x56, 0x6A,
    0x66, 0xBB, 0x2A, 0xCD, 0x54, 0x9F, 0xCF, 0xE6, 0x29, 0xE0, 0x4E, 0xA8, 0x82, 0xA8, 0xBA, 0x50,
    0x81, 0x8F, 0xA5, 0xC8, 0x0C, 0xA7, 0x3C, 0x9C, 0x14, 0x4C, 0xD3, 0x6A, 0x48, 0x1A, 0x46, 0xF8,
    0x64, 0x59, 0xDE, 0x94, 0x07, 0x78, 0x9A, 0x75, 0x94, 0x44, 0x82, 0x5D, 0xB4, 0xA9, 0x8E, 0xD6,
    0x70, 0x86, 0xB6, 0xAD, 0x87, 0x12, 0xD5, 0x89, 0x39, 0xAA, 0xB3, 0x36, 0x96, 0xA5, 0x50, 0xEC,
    0xA9, 0xD6, 0x51, 0x90, 0x54, 0xAA, 0x76, 0xE7, 0x03, 0x6F, 0xF5, 0x8C, 0x17, 0xCC, 0x13, 0xE1,
    0x44, 0xF5, 0x49, 0xAA, 0xF9, 0xAE, 0x61, 0x59, 0x8C, 0x50, 0xA1, 0x58, 0xAA, 0x58, 0x18, 0x23,
    0xAA, 0x22, 0x6E, 0x20, 0x6C, 0xC0, 0x7F, 0xC3, 0x70, 0x77, 0x81, 0x84, 0x2F, 0x36, 0xAD, 0xC1,
    0x00, 0x3E, 0x53, 0xBE, 0xAB, 0x8F, 0xB0, 0xAE, 0x6E, 0x0E, 0xA6, 0x05, 0x83, 0x1F, 0x44, 0x95,
    0xF0, 0x64, 0x4C, 0xB5, 0x37, 0x44, 0x63, 0xDE, 0x54, 0x4A, 0x2C, 0x4F, 0x77, 0xBB, 0x81, 0xF8,
    0x07, 0x22, 0xDF, 0x94, 0xF8, 0xB8, 0x00, 0x35, 0x1A, 0xBE, 0xE4, 0x0F, 0x92, 0xE9, 0xD0, 0x3C,
    0xAA, 0x86, 0xA2, 0x33, 0x31, 0x43, 0xAB, 0x73, 0x8C, 0xD8, 0xB2, 0xBA, 0x2C, 0xE6, 0x27, 0x05,
    0x06, 0xB4, 0x73, 0x8F, 0x6C, 0x90, 0x52, 0xA2, 0xE2, 0x7F, 0x32, 0xA4, 0xDA, 0x1F, 0x82, 0x9E,
    0x22, 0x23, 0x0E, 0xD0, 0xD8, 0x83, 0x3F, 0xC6, 0x1F, 0x2E, 0x22, 0x5B, 0xC4, 0x1F, 0x63, 0x3C,
    0xD7, 0x3D, 0x1E, 0xF4, 0x04, 0xFE, 0xBA, 0xF4, 0xB9, 0x32, 0xA1, 0xCF, 0x30, 0x78, 0x37, 0x3D,
    0x41, 0x1F, 0x89, 0x07, 0x3A, 0xAC, 0xFC, 0xC7, 0x6C, 0xA0, 0x6D, 0x92, 0x82, 0x8E, 0x35, 0xD0,
    0x69, 0xFC, 0x75, 0x53, 0x3E, 0x1D, 0x61, 0xC7, 0x7C, 0xFB, 0xDA, 0x2F, 0xC1, 0xAF, 0xC1, 0x1F,
    0xC2, 0x3F, 0x80, 0x4F, 0xA4, 0x71, 0x39, 0xB8, 0x93, 0x5C, 0xA0, 0x2E, 0xFE, 0x13, 0x36, 0xD0,
    0x26, 0xD9, 0x9D, 0x41, 0x47, 0xF9, 0xEB, 0x77, 0xB4, 0xCF, 0xAF, 0x26, 0x3E, 0x3B, 0x7E, 0x0F,
    0xDE, 0xBD, 0x3F, 0x2C, 0xBA, 0x3C, 0x3D, 0x64, 0x43, 0xD5, 0x08, 0x91, 0x39, 0x2D, 0x65, 0x5C,
    0x80, 0x1A, 0x15, 0x01, 0xC3, 0x58, 0x71, 0xDD, 0x1C, 0xC3, 0x8C, 0x72, 0x75, 0xB5, 0x80, 0x11,
    0x88, 0x7E, 0x4E, 0x48, 0x58, 0x83, 0x8E, 0xC4, 0x05, 0x59, 0xF0, 0xFD, 0x20, 0x89, 0x7C, 0x79,
    0x5C, 0x0C, 0xF0, 0x7B, 0xB3, 0x8D, 0x7E, 0x59, 0x15, 0xFD, 0xB6, 0x6F, 0xFA, 0x37, 0xFC, 0x67,
    0x1E, 0x05, 0x4F, 0x52, 0x55, 0xB3, 0xCD, 0xDA, 0x36, 0x9A, 0x09, 0x1B, 0x7E, 0x67, 0xAB, 0x5D,
    0x6F, 0xA6, 0xE6, 0x84, 0x5A, 0x24, 0x55, 0xAA, 0x98, 0x99, 0x00, 0x9F, 0x9E, 0x1F, 0x3B, 0xBE,
    0xAA, 0xF2, 0x23, 0x50, 0x18, 0xA6, 0xB2, 0x3C, 0x78, 0x78, 0xB8, 0x4C, 0xD6, 0x75, 0xC3, 0x85,
    0x58, 0x00, 0xF7, 0xC0, 0x7E, 0x05, 0xF7, 0x13, 0x38, 0x19, 0xEC, 0xAC, 0xF8, 0xD6, 0xFC, 0xE0,
    0xD5, 0x94, 0x7F, 0xFF, 0xB6, 0x62, 0xAF, 0xDE, 0x96, 0xEE, 0x9F, 0xEF, 0xC3, 0x79, 0xEF, 0xDF,
    0x70, 0x3E, 0xFA, 0x8A, 0xB6, 0xC9, 0x01, 0x90, 0x85, 0xA6, 0x4B, 0xE7, 0x9E, 0xE6, 0x3F, 0x82,
    0xFB, 0x77, 0x33, 0x84, 0xFE, 0xF2, 0xCC, 0x45, 0x38, 0x2D, 0xE4, 0xA0, 0x69, 0x16, 0xD3, 0x44,
    0xA8, 0x68, 0x01, 0x55, 0xAF, 0xF0, 0x7C, 0x09, 0x6E, 0x56, 0x78, 0x4E, 0x40, 0xFF, 0xA7, 0x1C,
    0x85, 0xCB, 0xC0, 0xF9, 0x62, 0x8E, 0xC3, 0x76, 0xDF, 0xCA, 0x9C, 0x84, 0x29, 0xF1, 0xAD, 0xB0,
    0x34, 0x38, 0xC4, 0x4F, 0xDD, 0x84, 0x8A, 0x5D, 0x61, 0x02, 0x54, 0xA5, 0xE4, 0xB4, 0xCD, 0x94,
    0x9D, 0x2D, 0xB5, 0x8F, 0x5D, 0x4B, 0x27, 0x89, 0x0C, 0xFA, 0x5E, 0x98, 0x9B, 0xD0, 0xD1, 0xA5,
    0x66, 0xBF, 0xB6, 0xB1, 0x32, 0xF7, 0xE2, 0xDD, 0x36, 0x85, 0xF9, 0x7F, 0x8D, 0x56, 0x4F, 0x8C,
    0x13, 0x55, 0x18, 0xFF, 0xBD, 0x99, 0xDD, 0x0E, 0xBB, 0xD3, 0xED, 0xDB, 0x43, 0x89, 0x2B, 0xEC,
    0xEE, 0x10, 0xB2, 0x87, 0x0D, 0x6C, 0x67, 0x2A, 0x96, 0xD0, 0xC4, 0x69, 0xFB, 0xC0, 0xC8, 0x45,
    0x12, 0xF6, 0x20, 0xE1, 0x60, 0x10, 0x0F, 0x1E, 0xC8, 0x26, 0x60, 0x13, 0x31, 0x21, 0x50, 0xB7,
    0x8F, 0xDD, 0x04, 0x43, 0x3C, 0x58, 0xF5, 0xA8, 0x91, 0x55, 0x3C, 0xC8, 0xC2, 0xA1, 0x26, 0x1C,
    0x48, 0xD8, 0xD0, 0xA7, 0xC4, 0x18, 0x24, 0x86, 0xD1, 0x0B, 0x17, 0x8D, 0x3D, 0x90, 0x18, 0x35,
    0xC8, 0x1C, 0x6A, 0x52, 0x64, 0xB7, 0xF5, 0x7B, 0xB3, 0x0B, 0xAC, 0x2E, 0x6C, 0xDB, 0xF7, 0x75,
    0xFA, 0x5E, 0xBF, 0xDF, 0xF7, 0xE7, 0x7D, 0xEF, 0xFB, 0xBE, 0x79, 0xF0, 0x4B, 0x18, 0xCC, 0x64,
    0xB3, 0xBE, 0x5F, 0x3A, 0x02, 0xC9, 0xEE, 0xF0, 0x56, 0xEE, 0x53, 0x5F, 0xEA, 0x91, 0x93, 0xCE,
    0x1F, 0xB1, 0x06, 0x64, 0xAC, 0x39, 0x9A, 0x4A, 0x8D, 0xA4, 0x30, 0x8A, 0x5A, 0xC3, 0x86, 0x8D,
    0x04, 0xBC, 0xDF, 0x4E, 0xB6, 0x00, 0x0C, 0xD6, 0xC2, 0xE2, 0xDC, 0xEB, 0xE9, 0x62, 0x71, 0x3A,
    0x7C, 0x69, 0xCB, 0xFC, 0x26, 0xE4, 0x13, 0x70, 0xE3, 0xE0, 0x43, 0xB0, 0x8B, 0xB0, 0x42, 0x78,
    0x4B, 0x78, 0xE6, 0x0E, 0xB6, 0xDF, 0x87, 0x59, 0x07, 0x6F, 0x62, 0xB0, 0xA8, 0x3F, 0x83, 0x78,
    0x38, 0x61, 0x22, 0x71, 0x62, 0x62, 0x62, 0x02, 0x8E, 0x78, 0xA1, 0x91, 0x79, 0xC7, 0x4D, 0xD8,
    0xBF, 0xB0, 0x45, 0x4C, 0x8C, 0xC7, 0x53, 0xE3, 0xB1, 0x0A, 0x90, 0x0D, 0xC7, 0x2A, 0xA8, 0x09,
    0x4B, 0x54, 0x87, 0xDD, 0x78, 0xE6, 0xA7, 0xB3, 0x3B, 0x54, 0x6C, 0x87, 0x34, 0x77, 0x28, 0xF3,
    0x39, 0xB5, 0x77, 0xE8, 0xEA, 0xBE, 0x7E, 0x64, 0x58, 0x3B, 0x20, 0x1F, 0x36, 0xC9, 0x9D, 0xC1,
    0xB6, 0xE0, 0xAB, 0xE0, 0x64, 0x9D, 0x16, 0x30, 0xE3, 0x89, 0xAC, 0x1F, 0xFA, 0x61, 0x22, 0x6B,
    0xC6, 0x0B, 0x4B, 0xE8, 0xD3, 0xA3, 0x86, 0x29, 0x44, 0x9A, 0x8A, 0x23, 0x17, 0xE2, 0xE9, 0xCF,
    0xCF, 0xA6, 0x3F, 0xFB, 0x26, 0x7D, 0xD5, 0x4C, 0x5F, 0x34, 0xD3, 0xE7, 0xF7, 0x3E, 0xFB, 0xF7,
    0xCF, 0x5A, 0xD3, 0x03, 0xAD, 0x69, 0xE3, 0x81, 0x6D, 0xF3, 0x8E, 0xD8, 0xA9, 0x8A, 0xC1, 0x4E,
    0xE5, 0x08, 0x0A, 0x85, 0x62, 0xAA, 0xB0, 0xA4, 0x9F, 0x4C, 0x02, 0x85, 0x56, 0x2F, 0x76, 0xA9,
    0xAD, 0xCA, 0x94, 0xFD, 0x18, 0x9B, 0x2C, 0x93, 0xC0, 0xF2, 0xDA, 0x16, 0x86, 0x42, 0x70, 0x4A,
    0xF5, 0xD0, 0xDA, 0x45, 0x46, 0x3B, 0x71, 0x25, 0xF7, 0x7F, 0x5A, 0x98, 0x46, 0xED, 0x7D, 0x41,
    0x32, 0x21, 0xB0, 0x00, 0x8C, 0x91, 0xF0, 0x01, 0x51, 0xB8, 0x27, 0xCA, 0x37, 0x40, 0x54, 0xB8,
    0x01, 0xEF, 0x06, 0xB0, 0x86, 0xD8, 0xF7, 0x88, 0x9D, 0x91, 0xC9, 0xDC, 0x04, 0x30, 0x4C, 0x61,
    0xDF, 0x8C, 0x71, 0x52, 0xEE, 0xD0, 0xAF, 0x1D, 0x0D, 0xF2, 0x11, 0x9B, 0x65, 0x36, 0x3C, 0x5E,
    0x3D, 0x1E, 0xE6, 0x03, 0x46, 0xBC, 0xEC, 0xDC, 0x48, 0x86, 0x4F, 0x70, 0x7F, 0xE4, 0x78, 0xA6,
    0xD2, 0x43, 0xEB, 0x1C, 0x2A, 0x38, 0x04, 0x85, 0x01, 0x43, 0x60, 0xC0, 0x04, 0x06, 0xFA, 0x7A,
    0x70, 0x6C, 0x9F, 0x4F, 0x0E, 0x5C, 0x02, 0xD2, 0x9F, 0x00, 0x1F, 0x1D, 0x05, 0xBE, 0x3E, 0x06,
    0x43, 0xB8, 0xDA, 0x6F, 0x68, 0x99, 0x14, 0x24, 0x0E, 0x31, 0x92, 0x31, 0x49, 0xC6, 0x22, 0x99,
    0x81, 0x24, 0x8E, 0x1D, 0xFA, 0x15, 0xC8, 0xBC, 0x07, 0x14, 0x13, 0x40, 0x30, 0x0E, 0xA6, 0x3E,
    0x10, 0xE6, 0x9E, 0xB6, 0xD0, 0x32, 0xBD, 0xF4, 0xDD, 0xA5, 0x26, 0xB1, 0x55, 0x05, 0xB0, 0x77,
    0x2B, 0x18, 0xD7, 0xE9, 0xEF, 0xDB, 0x3D, 0x38, 0xF5, 0x83, 0x8F, 0x9E, 0x61, 0xB2, 0x93, 0x21,
    0x3B, 0x6F, 0x91, 0x9D, 0x1F, 0x8F, 0x91, 0xDC, 0xB2, 0x1D, 0x80, 0xD5, 0x8D, 0x3A, 0x28, 0xC6,
    0x50, 0xB6, 0x74, 0xC9, 0x4F, 0x7F, 0xC4, 0xCD, 0x5B, 0x4D, 0x26, 0x88, 0x01, 0x1D, 0xC4, 0x23,
    0xC0, 0x22, 0xF0, 0x17, 0x8C, 0x73, 0x30, 0xF7, 0x0B, 0xD3, 0x96, 0xF6, 0xAB, 0x2A, 0x71, 0x30,
    0x18, 0x36, 0xEA, 0xE3, 0x2C, 0x6C, 0xDB, 0x8B, 0xDA, 0xEC, 0x68, 0x77, 0xC8, 0x24, 0xB0, 0x04,
    0xE3, 0xDD, 0x2E, 0x90, 0x02, 0xE6, 0x03, 0x61, 0x8C, 0x76, 0x81, 0xA4, 0x44, 0xBB, 0x05, 0x76,
    0xA6, 0x2B, 0x24, 0x28, 0x06, 0xDF, 0x46, 0xC7, 0x1E, 0x21, 0xD9, 0xD3, 0x90, 0xDB, 0xE6, 0xE7,
    0xB0, 0x3D, 0xA8, 0xE2, 0xF9, 0x20, 0x8D, 0xF3, 0x94, 0x2A, 0xD7, 0x03, 0x18, 0xB3, 0x6D, 0x69,
    0x1E, 0x0C, 0xD0, 0x7F, 0x31, 0x40, 0xDC, 0x0C, 0xC6, 0xB2, 0x66, 0x90, 0x69, 0x39, 0xED, 0x06,
    0xBB, 0x26, 0xEC, 0xD9, 0xC0, 0x31, 0x54, 0x5E, 0x9F, 0xF1, 0x0A, 0xD1, 0xDC, 0x03, 0xF8, 0xE9,
    0xC0, 0x68, 0x4B, 0x64, 0x81, 0x11, 0xD0, 0xD9, 0xE3, 0x0D, 0xF4, 0xD2, 0xB6, 0x14, 0x50, 0xC5,
    0xD4, 0xBC, 0x74, 0xF6, 0x28, 0xCE, 0x14, 0x27, 0x18, 0x51, 0x0B, 0x2B, 0x13, 0x48, 0x8E, 0xA0,
    0xDC, 0x56, 0xD8, 0x08, 0x9C, 0xA0, 0x03, 0xEE, 0x02, 0x39, 0x09, 0xB3, 0x81, 0xFE, 0x78, 0x67,
    0x24, 0xEB, 0x81, 0xF5, 0x1A, 0x8C, 0x0D, 0x9D, 0x91, 0xAF, 0x50, 0xEA, 0x59, 0x98, 0xAA, 0x38,
    0x82, 0xE3, 0xBF, 0xA3, 0x1C, 0xB0, 0x49, 0x4B, 0x26, 0x9E, 0xC2, 0xEB, 0x85, 0x27, 0x8B, 0x95,
    0x27, 0xF3, 0x06, 0xC5, 0xDB, 0xC1, 0x16, 0xF9, 0x64, 0xDE, 0xD4, 0x05, 0x38, 0x2F, 0x2B, 0x6E,
    0x84, 0x1C, 0x0D, 0x8E, 0x66, 0x39, 0x6C, 0xD2, 0x53, 0xCF, 0x59, 0xC8, 0xAD, 0xA0, 0x4C, 0xFD,
    0x6D, 0x52, 0x18, 0x2D, 0x65, 0x38, 0xD4, 0x3E, 0x2E, 0x38, 0x32, 0xC3, 0x83, 0x74, 0x22, 0x4C,
    0xC7, 0x9B, 0xE9, 0x78, 0x2E, 0x1D, 0x77, 0xD2, 0x71, 0x3B, 0x8C, 0x9B, 0x61, 0x9C, 0x85, 0x65,
    0x51, 0x65, 0x93, 0x51, 0x65, 0x53, 0x61, 0xD0, 0xC1, 0xCC, 0xD4, 0x1D, 0x34, 0xF2, 0x51, 0xD5,
    0x3F, 0x22, 0x97, 0xD4, 0xEE, 0xA9, 0xEB, 0x83, 0xD1, 0x15, 0x23, 0xA8, 0x88, 0xE9, 0x84, 0xBA,
    0x02, 0x53, 0xF6, 0xB6, 0xC0, 0x66, 0x45, 0x57, 0x60, 0xED, 0xB0, 0x24, 0x87, 0xBB, 0x02, 0x33,
    0x18, 0x37, 0x05, 0x9B, 0xE9, 0x0E, 0x8C, 0x6A, 0x31, 0x45, 0x27, 0x37, 0xAA, 0x8A, 0x55, 0x31,
    0xA8, 0x85, 0xAF, 0x29, 0x7B, 0xB6, 0xEE, 0x98, 0x8D, 0x7C, 0xEC, 0x4A, 0x2E, 0xBE, 0x90, 0x1B,
    0x5F, 0xC8, 0xA5, 0x17, 0x72, 0x95, 0x05, 0x4F, 0x35, 0xF8, 0x4C, 0xDD, 0x6A, 0x4B, 0x6A, 0x25,
    0x8F, 0xA2, 0x32, 0xFF, 0xE1, 0x97, 0x9E, 0x98, 0x73, 0xB0, 0x96, 0x2A, 0xFC, 0xB4, 0x32, 0x1F,
    0xF5, 0x91, 0xA8, 0xA0, 0xBB, 0x02, 0x53, 0x54, 0xAE, 0x81, 0x5D, 0x17, 0x5D, 0x81, 0x77, 0x83,
    0xDD, 0x96, 0x98, 0xE9, 0xDA, 0x8D, 0x14, 0xF5, 0x39, 0xCC, 0x9F, 0xF9, 0xA2, 0xC0, 0xEA, 0x0E,
    0xA5, 0xEB, 0xAC, 0xB0, 0xBE, 0x83, 0x79, 0x17, 0xF4, 0x72, 0x42, 0x63, 0x85, 0xAC, 0x36, 0x25,
    0xA3, 0x6E, 0xC0, 0xFC, 0x77, 0xF0, 0xC3, 0x82, 0xDB, 0x8A, 0x5B, 0x4A, 0x3F, 0xB9, 0xE0, 0xF7,
    0x75, 0x56, 0x97, 0xEB, 0xBA, 0xF4, 0xEC, 0x8F, 0x85, 0x63, 0x2A, 0xCF, 0x54, 0x35, 0x57, 0x7A,
    0x59, 0x78, 0x25, 0x78, 0x05, 0xE9, 0x59, 0x75, 0x6F, 0x30, 0xF4, 0xAA, 0x61, 0xAD, 0x10, 0x2C,
    0x1B, 0xB4, 0xA4, 0x2E, 0x3A, 0xDD, 0xDB, 0x17, 0x91, 0xA2, 0x4A, 0x76, 0xD1, 0xDF, 0x42, 0xCE,
    0x45, 0x29, 0x0F, 0x3F, 0x0F, 0xEF, 0xDC, 0xC3, 0x2D, 0x5F, 0xA6, 0x06, 0xDA, 0x01, 0x46, 0x31,
    0x37, 0x43, 0x0C, 0x0C, 0x77, 0x82, 0x51, 0xDD, 0xDD, 0xC5, 0xD0, 0x95, 0x4E, 0x46, 0x09, 0xE6,
    0xA3, 0x2F, 0xD9, 0x19, 0x66, 0x56, 0x61, 0x8C, 0x69, 0xD3, 0xD4, 0x44, 0xD7, 0x47, 0xC2, 0x79,
    0xB0, 0x84, 0x54, 0x81, 0xA3, 0xC7, 0xE5, 0xA2, 0xBF, 0xDD, 0x16, 0x04, 0x41, 0xA9, 0x00, 0xF8,
    0x85, 0x17, 0xE1, 0xDD, 0x6E, 0xAD, 0xA0, 0xF8, 0x42, 0x2E, 0xE5, 0x27, 0x4B, 0x28, 0xC1, 0x47,
    0xBE, 0xCF, 0x6E, 0xB2, 0x00, 0x55, 0x56, 0x35, 0x64, 0x2F, 0x2C, 0xA5, 0x83, 0xC5, 0x9B, 0x39,
    0xD7, 0x77, 0xCA, 0x6D, 0xCD, 0x77, 0x63, 0x51, 0xA3, 0x4D, 0xE2, 0xB2, 0x8E, 0xCF, 0x5A, 0x0E,
    0x9B, 0x34, 0x43, 0x1D, 0x92, 0x27, 0xC8, 0xD0, 0xFE, 0xF4, 0xF6, 0xD6, 0x72, 0x92, 0x54, 0xA3,
    0xF4, 0x06, 0x84, 0xA7, 0xEC, 0x55, 0xC3, 0x0B, 0x99, 0xB0, 0x85, 0x8E, 0x6E, 0x8D, 0x9A, 0xED,
    0xE3, 0x51, 0x53, 0xBD, 0xC2, 0x51, 0x99, 0xE2, 0x5A, 0x3C, 0xED, 0x4B, 0x5F, 0x64, 0xD6, 0xFC,
    0x4F, 0xF5, 0x61, 0x5F, 0x82, 0xD1, 0x40, 0x6F, 0x0A, 0xB1, 0x7B, 0x70, 0x3D, 0xF8, 0x5C, 0x94,
    0x22, 0xA2, 0x49, 0xCE, 0xC1, 0xB2, 0x7B, 0x6C, 0x37, 0xEC, 0x7F, 0xB0, 0xA1, 0xA4, 0xE7, 0xD3,
    0x64, 0x73, 0xBF, 0xF0, 0xB8, 0xF4, 0xEC, 0xC7, 0x54, 0xBB, 0x59, 0x5F, 0x9D, 0x41, 0x7C, 0x11,
    0x24, 0xBB, 0x5A, 0x55, 0xEA, 0xA1, 0x2A, 0x9D, 0x41, 0x27, 0x3A, 0xC3, 0x58, 0xD4, 0xDA, 0x97,
    0x33, 0x68, 0x3D, 0xD8, 0xAA, 0x0C, 0x5A, 0xCF, 0x68, 0x94, 0x41, 0xBD, 0x43, 0x1D, 0x61, 0x74,
    0x89, 0xD2, 0x97, 0xAC, 0x25, 0x9A, 0xEA, 0x0B, 0x95, 0x80, 0x01, 0xBE, 0x14, 0xE1, 0x0B, 0xA2,
    0x74, 0x4E, 0x94, 0x6E, 0x89, 0x02, 0x17, 0xAE, 0xA3, 0x95, 0x24, 0x97, 0x8B, 0x46, 0xAD, 0xEC,
    0x65, 0xDA, 0x93, 0x2E, 0x7F, 0x4C, 0x14, 0x1F, 0xE7, 0xB0, 0xE4, 0x7F, 0x46, 0xD7, 0xC1, 0xE5,
    0x17, 0x5A, 0xBD, 0x13, 0x8C, 0xB6, 0xDC, 0xD4, 0x6F, 0xB3, 0xF5, 0x61, 0xF4, 0x2A, 0xB3, 0x8F,
    0x22, 0xB6, 0xA1, 0x93, 0xB6, 0x55, 0x95, 0xDA, 0x76, 0x64, 0xAE, 0x3F, 0xBA, 0x13, 0xC7, 0x61,
    0x1F, 0xD1, 0x77, 0x62, 0x2A, 0x11, 0x23, 0xD0, 0x5C, 0x53, 0xE2, 0x4D, 0xE0, 0x15, 0xE0, 0x00,
    0x69, 0xD3, 0xD5, 0x12, 0x51, 0x0B, 0xFA, 0x7C, 0x2D, 0xE5, 0x46, 0x44, 0x13, 0x5A, 0xBA, 0xED,
    0x15, 0x2E, 0x15, 0xC9, 0x94, 0x5C, 0x09, 0x69, 0x6C, 0xA8, 0x5B, 0xFD, 0xFF, 0x02, 0x95, 0x98,
    0x41, 0x88, 0x1B, 0xD7, 0x19, 0xC7, 0xFF, 0x6F, 0x46, 0xBB, 0x63, 0x6B, 0x56, 0xFB, 0xF6, 0x20,
    0x17, 0xB7, 0x5D, 0xE7, 0xF5, 0x60, 0xCA, 0x12, 0x6C, 0x3D, 0x1D, 0x74, 0x58, 0x8A, 0x46, 0x7A,
    0x76, 0x28, 0xA5, 0xF4, 0x90, 0x2D, 0xAC, 0xE9, 0xA1, 0x07, 0x9B, 0x92, 0x43, 0xBA, 0x04, 0x56,
    0x87, 0x3D, 0xEC, 0x41, 0x8E, 0xC6, 0x35, 0xD4, 0xB7, 0x56, 0xF8, 0x90, 0x53, 0x21, 0x3E, 0xF8,
    0x10, 0x8B, 0xD2, 0x2C, 0x34, 0xA5, 0x0E, 0x6C, 0xAD, 0x57, 0x87, 0xD6, 0xD0, 0x84, 0x66, 0xD2,
    0x1E, 0x0B, 0x65, 0x4A, 0x03, 0x2D, 0x24, 0x4D, 0x07, 0x2A, 0x8A, 0x9C, 0xC8, 0x52, 0xBF, 0xF7,
    0x56, 0xDA, 0x5D, 0x69, 0xB5, 0x9E, 0xE9, 0xCC, 0x37, 0xD2, 0xA0, 0x99, 0xF7, 0x7B, 0xDF, 0xFB,
    0xDE, 0xF7, 0x7D, 0xEF, 0x7B, 0xC2, 0x26, 0x9C, 0x21, 0xF0, 0x2A, 0x30, 0x00, 0x3E, 0x83, 0xF3,
    0x26, 0xDC, 0x97, 0x95, 0xEB, 0x87, 0xFE, 0xF7, 0xF5, 0xF2, 0xF7, 0xA2, 0x55, 0x27, 0x5E, 0x63,
    0xC9, 0xC8, 0x1F, 0xB0, 0x0D, 0xF8, 0x7D, 0xD0, 0x21, 0x06, 0xB8, 0x1C, 0x00, 0x25, 0xE4, 0x87,
    0x08, 0x4A, 0x68, 0xD6, 0x50, 0xAD, 0x41, 0xBE, 0xA9, 0xE8, 0x11, 0x63, 0x60, 0x7F, 0x01, 0xF6,
    0xD3, 0x69, 0xB9, 0x1C, 0x96, 0x77, 0xE0, 0xC6, 0x29, 0xC0, 0x54, 0x0E, 0x10, 0xC1, 0xD1, 0x70,
    0x3E, 0x06, 0x5E, 0x79, 0x1E, 0xAA, 0x01, 0x50, 0x5F, 0x4F, 0x81, 0x35, 0x60, 0x41, 0x81, 0x03,
    0xEB, 0x60, 0x8F, 0x94, 0x7F, 0x3B, 0x12, 0x8E, 0xAE, 0x01, 0xC1, 0x44, 0xE8, 0x5E, 0x02, 0xFC,
    0x56, 0xE4, 0x8C, 0x42, 0xA3, 0x40, 0x11, 0x3D, 0xA6, 0xE9, 0x87, 0xFD, 0xE0, 0x72, 0xB5, 0xD8,
    0x44, 0x13, 0x55, 0xD4, 0xCE, 0x5A, 0x43, 0x14, 0x81, 0x67, 0x70, 0xEE, 0x64, 0xC2, 0x30, 0xE5,
    0x25, 0x85, 0xB5, 0xD3, 0x30, 0x4D, 0xE0, 0x62, 0x36, 0x4C, 0xE8, 0xC6, 0x2C, 0x9C, 0x87, 0x31,
    0x96, 0xFF, 0xAB, 0xB1, 0x7C, 0x16, 0x4C, 0x2E, 0xE7, 0xEF, 0x18, 0xD3, 0xCF, 0xC5, 0x38, 0x84,
    0x79, 0x88, 0xAD, 0x07, 0x10, 0xDF, 0xD1, 0xDC, 0x49, 0x38, 0x7A, 0x1C, 0xFD, 0x89, 0xF4, 0x38,
    0x4B, 0xB8, 0x17, 0xB5, 0xC8, 0x5F, 0xCE, 0xE5, 0x20, 0x2F, 0x81, 0x57, 0xC8, 0x96, 0xE2, 0xDF,
    0x08, 0x24, 0xAA, 0x1C, 0x4D, 0x2B, 0x74, 0x53, 0x93, 0x8A, 0x7F, 0x12, 0x51, 0x57, 0x33, 0x9C,
    0x56, 0x72, 0x92, 0x63, 0x75, 0xDB, 0x6E, 0xE3, 0xBA, 0xCA, 0xFF, 0x14, 0x72, 0x1B, 0x55, 0x71,
    0xC4, 0x09, 0x26, 0x1C, 0xB6, 0x09, 0x77, 0x80, 0xAD, 0x4E, 0x28, 0xAE, 0x6A, 0xCE, 0x34, 0xCD,
    0x9F, 0x91, 0x21, 0xC6, 0x37, 0x08, 0x39, 0xA2, 0xD6, 0x48, 0xB3, 0x0D, 0x33, 0x0A, 0xDE, 0x0F,
    0x4A, 0x55, 0xD1, 0x1A, 0x99, 0x71, 0x95, 0x16, 0x8D, 0x93, 0xB0, 0x1C, 0xDC, 0x9F, 0x83, 0xF5,
    0xD2, 0x09, 0xB9, 0x5C, 0x7E, 0xD7, 0x89, 0xE7, 0x31, 0xB0, 0x01, 0x96, 0x00, 0xED, 0x74, 0x06,
    0x26, 0xD3, 0x74, 0x82, 0x91, 0xDE, 0x34, 0x0F, 0xAC, 0x02, 0x2F, 0x28, 0x2C, 0xAA, 0x19, 0xC0,
    0x02, 0x01, 0x62, 0xA6, 0xD9, 0x3F, 0xF1, 0xCA, 0xC2, 0x82, 0x1D, 0x4E, 0x92, 0x65, 0x38, 0xE3,
    0xA9, 0x3E, 0x39, 0x1C, 0x72, 0xBC, 0x2E, 0xD8, 0xE3, 0x10, 0xDD, 0xD0, 0xFF, 0x6D, 0x22, 0x90,
    0x1C, 0x79, 0x8C, 0x37, 0xA8, 0xB1, 0x44, 0xD2, 0x14, 0xDD, 0x4A, 0x9C, 0x51, 0x6C, 0xFD, 0x17,
    0x3C, 0xC6, 0xF9, 0x0A, 0xB0, 0x08, 0xF1, 0x85, 0xAA, 0x56, 0xB1, 0x5B, 0x05, 0x7D, 0x8A, 0xC4,
    0x04, 0x54, 0xED, 0x3E, 0xE4, 0x10, 0xBF, 0xBA, 0x8E, 0x64, 0x19, 0xEF, 0x36, 0xF1, 0xA5, 0x36,
    0x40, 0xCA, 0xFF, 0x43, 0xE1, 0x26, 0xB2, 0xC0, 0xB1, 0x82, 0x0B, 0x7B, 0xF0, 0xA2, 0xCC, 0xF0,
    0xA2, 0x05, 0x9D, 0x47, 0x46, 0xCD, 0x3D, 0xCA, 0x0F, 0x2A, 0x33, 0x3C, 0x8B, 0xC2, 0xEB, 0x40,
    0xD9, 0x7C, 0x9B, 0x61, 0x6A, 0x93, 0x7F, 0xFE, 0x0F, 0xCD, 0xAD, 0xCD, 0xB7, 0xEE, 0x76, 0x84,
    0xB2, 0x71, 0x70, 0x20, 0xA3, 0xDE, 0xD1, 0x3D, 0x45, 0xC9, 0x9F, 0x87, 0x94, 0xA3, 0x84, 0x46,
    0xA5, 0x81, 0x6B, 0x40, 0xCB, 0x46, 0x88, 0x91, 0x11, 0xE4, 0xCB, 0x4A, 0xF2, 0x50, 0xFA, 0x47,
    0xD2, 0x7D, 0x3F, 0x26, 0x1A, 0x08, 0x07, 0x71, 0xED, 0x29, 0xB6, 0x3B, 0x9F, 0xD3, 0xEC, 0xF7,
    0x40, 0xC8, 0x83, 0xEF, 0xC3, 0xAB, 0x0F, 0xE2, 0x8E, 0x79, 0xDB, 0x1B, 0x46, 0xE4, 0x0F, 0x21,
    0xDF, 0x9E, 0xC3, 0x2B, 0xAE, 0x74, 0xF7, 0xEE, 0xE8, 0xAD, 0xB6, 0x50, 0x1C, 0xD3, 0x67, 0x2B,
    0xCA, 0xA1, 0xFE, 0xCE, 0x0F, 0xC8, 0x08, 0x52, 0xFB, 0xC7, 0x4E, 0x99, 0x9C, 0x53, 0xF5, 0x53,
    0x5A, 0x9C, 0x23, 0x93, 0x9A, 0x61, 0xCB, 0x63, 0x67, 0x57, 0xAF, 0xA8, 0x6F, 0x68, 0xA1, 0xE6,
    0xB7, 0x50, 0xEA, 0xD7, 0x61, 0x09, 0x27, 0xDB, 0xCC, 0x7F, 0x3B, 0x4F, 0x01, 0xF3, 0x42, 0xB8,
    0x18, 0x9E, 0xA1, 0x77, 0xCE, 0xCE, 0x69, 0x55, 0xA0, 0xE9, 0xAA, 0xA9, 0xBC, 0x5A, 0x80, 0xA0,
    0xE7, 0xF3, 0x19, 0x73, 0xFA, 0x7A, 0xE3, 0x81, 0xB8, 0x72, 0x7C, 0x56, 0xA6, 0xA4, 0x15, 0xF5,
    0x80, 0xC4, 0x44, 0x20, 0xB9, 0xED, 0x59, 0x9C, 0x61, 0x4A, 0x7A, 0xFA, 0xAC, 0xF1, 0x32, 0x74,
    0x85, 0xA6, 0x7B, 0xE9, 0x4E, 0x49, 0xF7, 0x3D, 0x0D, 0x57, 0x1B, 0x4F, 0x14, 0xCA, 0xE4, 0x7A,
    0xE5, 0xC7, 0xAB, 0x17, 0xBF, 0x72, 0xDF, 0x8B, 0x5C, 0x7D, 0xF2, 0xF4, 0xC8, 0x30, 0x17, 0x41,
    0xEA, 0xEA, 0xCA, 0xBD, 0x59, 0x43, 0xDB, 0x33, 0x94, 0xC4, 0xD8, 0x7A, 0xE3, 0xBE, 0xB8, 0x1A,
    0x71, 0x57, 0xF1, 0x02, 0xF8, 0x3A, 0xF8, 0x00, 0xFC, 0x11, 0x38, 0x0D, 0x8E, 0x6B, 0xEE, 0xC6,
    0xAD, 0x8F, 0x4C, 0x88, 0x53, 0xB0, 0x1F, 0x38, 0xEA, 0x94, 0x17, 0x49, 0x2D, 0x0B, 0x90, 0x15,
    0xC8, 0x1E, 0xE4, 0x3E, 0x24, 0x2D, 0x90, 0x5C, 0x75, 0x9F, 0x98, 0x2C, 0x8B, 0x3D, 0xB3, 0x9E,
    0xC2, 0xAE, 0xBC, 0xDD, 0xC3, 0xD7, 0x12, 0xC8, 0x81, 0x7D, 0x4D, 0xA8, 0xEE, 0xFB, 0x11, 0xA5,
    0x41, 0x27, 0x82, 0xAB, 0xC8, 0x92, 0x66, 0x30, 0x93, 0x7C, 0x73, 0x5C, 0xDA, 0xE3, 0x64, 0xAC,
    0xBC, 0xB0, 0x40, 0x5D, 0xB7, 0xA6, 0x4C, 0x7B, 0x34, 0x99, 0x29, 0xCD, 0x8D, 0x12, 0xB1, 0x89,
    0x2F, 0xAB, 0xFF, 0x7C, 0x08, 0x70, 0xC1, 0x44, 0x1A, 0xB6, 0xEE, 0x86, 0xE2, 0x25, 0xC5, 0x9D,
    0x53, 0x61, 0xD7, 0x8A, 0xAD, 0x75, 0xD9, 0x48, 0xD1, 0x82, 0x29, 0xEE, 0xD1, 0x5A, 0xA5, 0xA6,
    0x1A, 0x1E, 0xEF, 0xB9, 0x28, 0x03, 0x79, 0x7E, 0xB6, 0x61, 0xD1, 0xA4, 0x46, 0xAE, 0x8C, 0x81,
    0xC5, 0xFC, 0x86, 0xA1, 0x54, 0x2D, 0x6C, 0x4F, 0x54, 0x36, 0xB9, 0x54, 0x91, 0xD6, 0x5B, 0x78,
    0x20, 0xC2, 0x0A, 0x8F, 0xCA, 0xCB, 0x49, 0x79, 0xA9, 0x5F, 0x5E, 0x0A, 0xCA, 0x4B, 0xA2, 0xBC,
    0xE4, 0x27, 0x4B, 0x6E, 0xB2, 0xC4, 0x92, 0x96, 0xDA, 0x33, 0x4B, 0x23, 0x4D, 0xE0, 0x3D, 0x63,
    0x80, 0xD7, 0xBB, 0xA7, 0x84, 0x7E, 0x2A, 0xE4, 0x98, 0x17, 0x3C, 0x87, 0x63, 0x9E, 0x25, 0x63,
    0x63, 0x43, 0x29, 0x93, 0xBC, 0x83, 0x74, 0x0D, 0x0F, 0xD6, 0x21, 0xCA, 0x2E, 0xCF, 0x21, 0x5F,
    0x84, 0x2D, 0x08, 0x8D, 0x12, 0xF8, 0xFA, 0x17, 0x7D, 0xB4, 0xF7, 0xA9, 0xDC, 0x79, 0x18, 0x4C,
    0x5F, 0xFD, 0x00, 0xEE, 0xB0, 0xAE, 0x0E, 0x3B, 0x2C, 0x50, 0x87, 0xFB, 0xD3, 0x1D, 0x82, 0x3A,
    0x6C, 0xD8, 0x81, 0x94, 0xC1, 0x62, 0x9B, 0xD1, 0x4F, 0xEB, 0x33, 0x84, 0x1F, 0x1A, 0x1B, 0x4B,
    0x53, 0x57, 0x91, 0xEF, 0xB0, 0x91, 0x2D, 0x8B, 0x7E, 0x14, 0x0B, 0xF4, 0x6A, 0xA6, 0xBF, 0xFD,
    0x43, 0x29, 0x51, 0x38, 0x5F, 0x8D, 0xC7, 0xD5, 0xD5, 0xA4, 0xC2, 0xA5, 0x58, 0x0A, 0x04, 0x95,
    0x1F, 0xAA, 0x69, 0x85, 0x6E, 0x2E, 0x0B, 0xD8, 0x35, 0x93, 0x5E, 0xB2, 0x15, 0xEE, 0xCD, 0x4C,
    0x40, 0x2A, 0x72, 0xFD, 0x57, 0xE1, 0xC4, 0x69, 0xCC, 0x73, 0x0A, 0xFF, 0xD1, 0xEC, 0xF7, 0xD9,
    0x94, 0xFC, 0x26, 0xDC, 0x9F, 0x20, 0xBF, 0x96, 0xC2, 0x64, 0x8F, 0x3A, 0xF7, 0xFC, 0xDB, 0xF1,
    0x8E, 0x70, 0xE2, 0x4A, 0x8D, 0x34, 0x08, 0xEC, 0x35, 0xD2, 0xC1, 0xF8, 0xBE, 0xE4, 0xC4, 0x67,
    0x88, 0x79, 0xC9, 0x19, 0x8D, 0xFA, 0x63, 0xD7, 0x00, 0x7F, 0x3A, 0x52, 0x01, 0x7F, 0x4F, 0x57,
    0xF9, 0xED, 0xA8, 0xC9, 0x47, 0x74, 0x85, 0x04, 0x0F, 0x71, 0x59, 0x44, 0xDA, 0xA7, 0x67, 0x07,
    0xBA, 0x8E, 0x7D, 0x72, 0x5C, 0xD8, 0xB9, 0x91, 0x11, 0x8A, 0x9A, 0xB7, 0x15, 0x7F, 0x1D, 0x9C,
    0x2B, 0xEE, 0x1F, 0xA4, 0x9F, 0x3E, 0x36, 0x58, 0x4C, 0x59, 0x02, 0x37, 0x7F, 0x23, 0x7F, 0x21,
    0x73, 0x87, 0x11, 0x17, 0xA5, 0x37, 0x9C, 0xCA, 0x43, 0xB3, 0xCD, 0x81, 0x82, 0x29, 0x90, 0xB0,
    0x90, 0x9B, 0x94, 0x40, 0x69, 0xBC, 0x62, 0x71, 0x79, 0xCF, 0x14, 0x17, 0x27, 0x48, 0xB4, 0x18,
    0xEF, 0x9A, 0x7E, 0xBC, 0x1E, 0x2E, 0x95, 0x50, 0x2D, 0x98, 0x81, 0xD5, 0xC9, 0x71, 0xFA, 0x60,
    0x43, 0x13, 0xCB, 0x0D, 0x8E, 0xDD, 0x65, 0xC8, 0x03, 0xFB, 0x6C, 0x1E, 0x8C, 0xA6, 0x94, 0xEC,
    0x54, 0x6E, 0xA2, 0x1E, 0xF9, 0xBD, 0xAF, 0xED, 0x36, 0xD6, 0xEB, 0xB1, 0xF5, 0x1A, 0x37, 0x41,
    0x61, 0x35, 0x13, 0x86, 0x32, 0x4C, 0xB4, 0xD6, 0x98, 0x87, 0x49, 0x6D, 0x6D, 0xAA, 0x8C, 0x3D,
    0x33, 0x60, 0xC7, 0xB8, 0xC1, 0x2C, 0xC0, 0x55, 0x2C, 0x5A, 0xD4, 0x79, 0x65, 0x5C, 0x6E, 0xC7,
    0xB8, 0x5C, 0x16, 0x6D, 0x56, 0x56, 0x2E, 0xC4, 0xBE, 0x9E, 0xA7, 0x4D, 0xA7, 0xD3, 0xFE, 0x5B,
    0x2F, 0xFE, 0x28, 0xB9, 0xC1, 0xEC, 0x22, 0x37, 0x23, 0xFE, 0x33, 0x3B, 0x3D, 0xBB, 0x60, 0x24,
    0x6D, 0x2A, 0x59, 0x97, 0xD1, 0x8D, 0x4B, 0x98, 0x9C, 0x82, 0x12, 0xE2, 0x44, 0x1F, 0x33, 0x4D,
    0xAF, 0x99, 0x36, 0xE9, 0xC4, 0x22, 0xD6, 0xF3, 0xA4, 0x5D, 0x37, 0x3E, 0xCA, 0xCF, 0x86, 0x74,
    0x42, 0x99, 0xAF, 0x0E, 0x67, 0x9B, 0x1E, 0x29, 0xD0, 0x8A, 0x26, 0x0A, 0x98, 0x7A, 0x5D, 0x39,
    0x43, 0xED, 0x08, 0x74, 0xEE, 0xBE, 0x25, 0xD5, 0x3D, 0x81, 0x93, 0xD2, 0xE6, 0xB7, 0xB4, 0x6B,
    0x1D, 0x9B, 0x5D, 0x81, 0xFF, 0x39, 0xCE, 0x34, 0x6D, 0x26, 0x93, 0x61, 0x89, 0x1F, 0x09, 0xA5,
    0x17, 0x71, 0x3D, 0xE4, 0x9F, 0xC4, 0xE3, 0x85, 0x74, 0x94, 0x0D, 0xB8, 0x09, 0x6F, 0x90, 0x46,
    0xBB, 0x32, 0x4E, 0x26, 0x99, 0x80, 0x39, 0x78, 0xAF, 0x99, 0x2D, 0x4C, 0x0A, 0x93, 0x8E, 0x4F,
    0x81, 0xDF, 0x99, 0xA4, 0x9B, 0x05, 0x4B, 0x87, 0xF3, 0x0E, 0xDC, 0xF3, 0x70, 0x92, 0x34, 0x72,
    0x71, 0x03, 0xBF, 0xD4, 0x78, 0x92, 0x0D, 0xFB, 0x5D, 0x38, 0x1F, 0xC2, 0x5B, 0x4D, 0x61, 0x6E,
    0xDD, 0x7D, 0x4B, 0xA8, 0x3D, 0x8E, 0x1B, 0x73, 0x24, 0xA4, 0xDD, 0xAA, 0x42, 0xC5, 0x26, 0x83,
    0x77, 0x81, 0x2F, 0x3F, 0x17, 0x45, 0x1D, 0x55, 0xEC, 0x3E, 0x37, 0x6F, 0x23, 0xD2, 0x84, 0xA4,
    0x89, 0xC9, 0x4E, 0x18, 0x76, 0xEA, 0x2C, 0xBA, 0x24, 0x9D, 0x64, 0x8D, 0xBB, 0x49, 0x99, 0x7F,
    0xAB, 0x5F, 0xF6, 0xFF, 0xD0, 0xBC, 0xE1, 0x7D, 0x10, 0xB4, 0xDD, 0x4F, 0x4B, 0xDA, 0xED, 0x0B,
    0xCD, 0x7A, 0x94, 0xE3, 0x12, 0x5F, 0x99, 0x85, 0xD9, 0x3A, 0xCE, 0x5A, 0xC5, 0x9A, 0xA5, 0xFE,
    0xA7, 0x3B, 0x31, 0x7F, 0xE9, 0x71, 0xE8, 0xDF, 0x79, 0xAC, 0xBC, 0x3F, 0xFE, 0x1D, 0xEE, 0x07,
    0xFF, 0x85, 0xFB, 0xF1, 0x53, 0xF2, 0x39, 0x5A, 0xCE, 0x92, 0xAA, 0xDD, 0x0F, 0x0E, 0xE0, 0xE6,
    0xD1, 0xF9, 0xF1, 0xFD, 0x3A, 0x8B, 0x05, 0x6D, 0xC2, 0x6E, 0x2B, 0xEF, 0x09, 0xDC, 0x7F, 0x99,
    0xDF, 0xCD, 0xA2, 0x68, 0xC5, 0x1B, 0x19, 0x85, 0x3C, 0x9B, 0x22, 0xE8, 0x18, 0x89, 0x30, 0xC8,
    0xA3, 0xB4, 0x04, 0xBE, 0x64, 0x16, 0x07, 0xFA, 0x9D, 0x54, 0xA5, 0x82, 0x8A, 0x51, 0x81, 0x18,
    0x52, 0x91, 0x80, 0x4D, 0xDB, 0xB9, 0xFB, 0x21, 0x9C, 0x6F, 0xA7, 0x93, 0xC7, 0xE9, 0x38, 0xC6,
    0x8B, 0x9D, 0x70, 0x5D, 0x84, 0x65, 0x89, 0x95, 0xC0, 0xFC, 0x63, 0x42, 0x71, 0x41, 0xBB, 0x3E,
    0xDF, 0x94, 0x9B, 0x51, 0xCD, 0x94, 0x23, 0x11, 0x71, 0x13, 0x93, 0x39, 0xEA, 0xCF, 0x1A, 0x0F,
    0x59, 0xE2, 0x46, 0x7E, 0x28, 0x16, 0xAA, 0x85, 0xEE, 0x33, 0x1A, 0x05, 0xED, 0x0C, 0x70, 0x23,
    0x9D, 0x30, 0xF9, 0xF3, 0x61, 0x96, 0xC0, 0xA8, 0x08, 0xF8, 0x99, 0xD1, 0x27, 0x95, 0x90, 0xCB,
    0x2D, 0x37, 0xDC, 0x68, 0x0E, 0xA1, 0xCD, 0x9B, 0xA2, 0x28, 0x66, 0x8B, 0xB3, 0xE8, 0x7F, 0xAD,
    0x57, 0x31, 0x6C, 0x1C, 0x59, 0x19, 0xFE, 0x66, 0x66, 0xED, 0xC5, 0x3B, 0xB6, 0x9F, 0x91, 0x7C,
    0xC8, 0x44, 0x7B, 0x4C, 0x0A, 0x17, 0x01, 0xE2, 0x79, 0x96, 0x70, 0x61, 0x9D, 0x76, 0x76, 0x5F,
    0x9C, 0xE2, 0x8A, 0x2B, 0x62, 0xA4, 0x9C, 0xAE, 0xA0, 0xB8, 0x94, 0xE0, 0xCA, 0x85, 0x91, 0x8C,
    0xB4, 0xF1, 0xCE, 0x39, 0x12, 0x05, 0x05, 0x5A, 0x52, 0x40, 0x03, 0x8A, 0xA5, 0x8B, 0x04, 0x59,
    0x10, 0xB8, 0x08, 0xC2, 0x48, 0x26, 0x3B, 0x77, 0x27, 0x94, 0x22, 0x05, 0x13, 0xAE, 0x48, 0x71,
    0x12, 0x0C, 0x34, 0x14, 0x41, 0x30, 0x48, 0x53, 0x2C, 0xBA, 0xF5, 0x0E, 0xDF, 0x3F, 0xEB, 0xF8,
    0xEC, 0x8B, 0x95, 0x5D, 0x4B, 0x78, 0xDE, 0xFB, 0x35, 0x5A, 0xCF, 0xFB, 0xE6, 0x7F, 0xFF, 0xFB,
    0xFF, 0xEF, 0xFB, 0x07, 0xB0, 0x61, 0x3D, 0x7A, 0x33, 0x74, 0x77, 0x3F, 0x0E, 0x3D, 0x7C, 0x8A,
    0x3A, 0x0E, 0x11, 0x7C, 0x6E, 0xFA, 0xC8, 0xA0, 0xD6, 0x12, 0xD8, 0x79, 0x88, 0xE1, 0x9F, 0x01,
    0x52, 0xD5, 0xDF, 0x0F, 0x54, 0xBB, 0xA6, 0x4C, 0xB3, 0x18, 0xBC, 0x59, 0xF2, 0xE0, 0xF6, 0x87,
    0x0F, 0xD8, 0xE8, 0xDC, 0xFD, 0x49, 0xA8, 0xF1, 0x3E, 0x41, 0x7F, 0x0E, 0x0F, 0x0F, 0x39, 0xF7,
    0x5E, 0x9A, 0x2A, 0x8C, 0xE0, 0xE4, 0xE6, 0x18, 0xB4, 0x04, 0xF8, 0x3B, 0xFA, 0x87, 0xBE, 0xFA,
    0xA9, 0xAF, 0x62, 0x5F, 0x85, 0x1C, 0x5A, 0x85, 0xDE, 0xBB, 0xA1, 0x7A, 0x9E, 0x1C, 0x3F, 0x51,
    0x12, 0x5B, 0xDE, 0x16, 0x6B, 0xA5, 0xD8, 0x78, 0x80, 0x8D, 0x8E, 0xF1, 0xDE, 0x8A, 0x1E, 0x6A,
    0x28, 0x3B, 0xDD, 0xAB, 0x43, 0xD1, 0xD3, 0x43, 0xDA, 0x9E, 0x95, 0x89, 0x75, 0x12, 0xB1, 0x6E,
    0x24, 0xBF, 0x2B, 0x03, 0x65, 0xA5, 0x0D, 0x2B, 0x52, 0xE5, 0xB8, 0x69, 0x47, 0xAD, 0x01, 0xF2,
    0x3C, 0x22, 0xCE, 0xDC, 0x1C, 0x61, 0x5E, 0x4F, 0x88, 0xE2, 0x46, 0x04, 0x81, 0x3C, 0xDB, 0xED,
    0x73, 0x59, 0x9C, 0xD2, 0x5C, 0x8F, 0x0B, 0x00, 0xFE, 0xE6, 0xC9, 0xF2, 0xE0, 0x0B, 0x5C, 0x7D,
    0x50, 0x95, 0xC5, 0x7D, 0xBC, 0x66, 0x59, 0x80, 0xC6, 0x27, 0xB2, 0xA4, 0x29, 0x06, 0xF0, 0xFE,
    0x5D, 0xCE, 0xA3, 0x40, 0x57, 0x24, 0x1C, 0x0C, 0x5B, 0x53, 0xFE, 0xD1, 0x14, 0xA7, 0x6A, 0xCA,
    0x4E, 0xC2, 0xBA, 0x7E, 0x33, 0x8A, 0xD4, 0xF3, 0xBF, 0x16, 0xEF, 0x05, 0x36, 0xDA, 0x95, 0x07,
    0x9E, 0xB1, 0x33, 0xC5, 0xBD, 0x9C, 0x3F, 0x7F, 0xC4, 0xF9, 0x34, 0x6D, 0xE5, 0x1F, 0xA4, 0xC5,
    0x7E, 0x21, 0xEE, 0x95, 0xB9, 0xF8, 0xCB, 0xB2, 0xFF, 0x70, 0xA3, 0xED, 0x24, 0x9E, 0xB1, 0x42,
    0x79, 0xB1, 0x82, 0x4A, 0x14, 0xEC, 0xCF, 0xCD, 0xBB, 0x9C, 0x7F, 0x4E, 0x5A, 0xF9, 0x87, 0x8C,
    0x9F, 0xCD, 0xE9, 0xC4, 0x80, 0x5B, 0xAC, 0x7F, 0xDB, 0x32, 0xAD, 0x72, 0xA4, 0x6D, 0xA3, 0xB9,
    0x05, 0x2F, 0xD2, 0xBC, 0x77, 0xCE, 0x8C, 0xEE, 0x47, 0x3C, 0x9A, 0x48, 0xDE, 0xE6, 0x19, 0x2C,
    0x62, 0x03, 0x0F, 0x3A, 0x6D, 0x2F, 0x5C, 0xD1, 0x46, 0xC5, 0xCB, 0x1E, 0x66, 0x53, 0x9A, 0xE9,
    0x9E, 0x98, 0x40, 0x8C, 0x27, 0xC6, 0x4D, 0x69, 0x1C, 0x31, 0x16, 0x4D, 0xCB, 0xEC, 0x7B, 0xB2,
    0xCB, 0xC2, 0x68, 0x31, 0x4D, 0xF1, 0xBA, 0x2D, 0x77, 0x0B, 0x84, 0xAB, 0x13, 0x6D, 0x81, 0x60,
    0x82, 0x35, 0x20, 0x94, 0x4F, 0x24, 0x9F, 0x40, 0x3E, 0x71, 0x7C, 0xC2, 0xF8, 0x44, 0xF1, 0x09,
    0xE2, 0xF3, 0x79, 0x99, 0x01, 0xE7, 0xE1, 0x31, 0x40, 0x38, 0x0C, 0x05, 0x0A, 0xB0, 0x9D, 0xAE,
    0x9B, 0xEA, 0x1B, 0x6B, 0xA9, 0x56, 0xBB, 0xA9, 0x76, 0xCF, 0xCE, 0xEE, 0x93, 0xBF, 0x1F, 0x87,
    0x4D, 0xB6, 0x2F, 0x5B, 0x9F, 0x02, 0x4F, 0xCD, 0xFA, 0x4B, 0x81, 0xF5, 0x6D, 0x80, 0xE9, 0xFA,
    0x2F, 0xD8, 0xF7, 0xE0, 0xDC, 0x30, 0x8E, 0x1B, 0xBA, 0xDF, 0x8A, 0x66, 0xDF, 0x89, 0xAB, 0x76,
    0x72, 0xC5, 0x4A, 0x73, 0xB7, 0xCF, 0x74, 0x73, 0xB7, 0x8A, 0x95, 0xDC, 0x46, 0x1F, 0x4B, 0x81,
    0x78, 0x52, 0x19, 0x20, 0xE0, 0xC9, 0xD6, 0x51, 0xAB, 0x43, 0xDF, 0x93, 0xDC, 0x5D, 0x5F, 0x7F,
    0x23, 0x52, 0x66, 0xA3, 0xED, 0x19, 0x85, 0xB3, 0x57, 0x2B, 0x9E, 0x9B, 0x5B, 0x8A, 0x15, 0xDD,
    0xD5, 0xCC, 0xAE, 0xCF, 0x2E, 0x9D, 0x5A, 0xD7, 0x80, 0xE7, 0x12, 0x12, 0xEB, 0x91, 0x71, 0x77,
    0x13, 0x0F, 0x59, 0x1D, 0x07, 0xAC, 0xB5, 0x93, 0xC1, 0x9A, 0x63, 0xC9, 0x0D, 0x2B, 0x8E, 0x7E,
    0x30, 0xE7, 0x8B, 0x1D, 0x43, 0xF5, 0x11, 0x78, 0x38, 0xB7, 0xEA, 0xAC, 0x6B, 0x46, 0x30, 0x03,
    0x96, 0xDE, 0x2F, 0xB4, 0xD9, 0x63, 0x81, 0xBD, 0x34, 0xDA, 0xEA, 0xBD, 0x68, 0x58, 0x70, 0xA7,
    0x31, 0x77, 0x74, 0x38, 0x2C, 0xB7, 0x73, 0x8A, 0xEE, 0x6D, 0x20, 0x07, 0x76, 0x61, 0x3D, 0x93,
    0x55, 0xE3, 0x20, 0x97, 0xFB, 0xB0, 0x6E, 0xC2, 0xAD, 0x62, 0x72, 0x61, 0x14, 0xB8, 0x6B, 0x30,
    0x03, 0x7C, 0xFF, 0x02, 0xE0, 0x98, 0x07, 0x56, 0x81, 0x5B, 0xE3, 0xE1, 0x3F, 0x06, 0x6E, 0xCB,
    0x16, 0x04, 0xFF, 0xDA, 0x58, 0xF8, 0x56, 0x09, 0xCE, 0x43, 0x58, 0x7B, 0x05, 0x7E, 0x75, 0x04,
    0xBE, 0xC5, 0x72, 0xDA, 0x04, 0xEE, 0x5E, 0xC0, 0xFF, 0x09, 0xC6, 0x27, 0x94, 0x04, 0x1E, 0xCB,
    0x7F, 0xE8, 0x6C, 0x39, 0x60, 0xCE, 0xE9, 0x9D, 0x6E, 0xD3, 0xAF, 0x05, 0x2A, 0x2B, 0x0E, 0xC4,
    0xE2, 0x81, 0xAC, 0xC1, 0x7E, 0x52, 0x3C, 0x31, 0x2A, 0x87, 0xDD, 0x1E, 0x26, 0x6E, 0x62, 0xB6,
    0x86, 0xA9, 0x2B, 0x23, 0xD2, 0x18, 0x37, 0x0B, 0xE4, 0xB9, 0xA2, 0x50, 0x17, 0xC7, 0x40, 0xCE,
    0x30, 0xB1, 0x0E, 0x3B, 0x96, 0x31, 0x02, 0x99, 0xD0, 0xB0, 0x07, 0xC0, 0xD7, 0x3A, 0x7B, 0xF8,
    0x7A, 0xBC, 0x8F, 0x6F, 0xB0, 0xEC, 0xDF, 0xE7, 0xAA, 0x8F, 0xB8, 0xF8, 0x4E, 0x1E, 0x3A, 0xEF,
    0xC4, 0xA8, 0xFC, 0x32, 0x26, 0x79, 0xC4, 0x8B, 0xAB, 0x4E, 0xBC, 0x32, 0xF0, 0xF2, 0x0C, 0xAF,
    0x71, 0x65, 0x63, 0x48, 0x94, 0xDE, 0xA7, 0x47, 0x58, 0x6A, 0x28, 0x94, 0x7C, 0x65, 0x2A, 0x79,
    0x6E, 0x08, 0x8F, 0x66, 0x03, 0xA8, 0x35, 0xAE, 0x43, 0x3F, 0x1B, 0x0C, 0xB5, 0xA1, 0x1B, 0xBA,
    0x1F, 0x90, 0x76, 0xD2, 0x7A, 0x41, 0x15, 0x32, 0xCA, 0xBD, 0xBA, 0x45, 0x16, 0xE8, 0xA9, 0xF7,
    0x52, 0x3B, 0x2F, 0xE2, 0x39, 0x49, 0x28, 0x53, 0xAB, 0x61, 0xBB, 0x06, 0x5A, 0x2F, 0x05, 0x63,
    0x52, 0xBF, 0x0F, 0x3D, 0xC0, 0x6F, 0xDF, 0xC5, 0x7F, 0xF2, 0xF0, 0xF7, 0x4D, 0x5C, 0x22, 0xA7,
    0x18, 0x83, 0xDF, 0x19, 0x2A, 0xE1, 0x79, 0x98, 0x7D, 0xC1, 0x24, 0x37, 0xBF, 0xC0, 0x9C, 0x9F,
    0xC3, 0xCC, 0x7E, 0x41, 0xCA, 0xAF, 0x04, 0x4F, 0x67, 0x41, 0xF0, 0x2F, 0xB5, 0x21, 0x85, 0xFF,
    0x89, 0x84, 0x78, 0xE3, 0xC7, 0xF7, 0xBD, 0xB5, 0x58, 0x39, 0x46, 0xCD, 0x40, 0xAD, 0x4A, 0x5D,
    0xAB, 0x47, 0x50, 0xE4, 0x10, 0x15, 0x29, 0x27, 0x69, 0x3D, 0xED, 0x4F, 0x4C, 0xC0, 0xF9, 0x15,
    0x28, 0x64, 0x2C, 0xC1, 0x56, 0x41, 0xA1, 0x32, 0x74, 0xA4, 0x67, 0xA0, 0x57, 0x98, 0x19, 0xD0,
    0x87, 0xD0, 0x0C, 0xB1, 0x32, 0xDD, 0xC7, 0xF1, 0x68, 0x1A, 0x59, 0x01, 0xE8, 0xEF, 0x7F, 0x81,
    0xAF, 0xBE, 0x8A, 0x46, 0xEC, 0x10, 0x65, 0xA6, 0xE8, 0x9E, 0x94, 0xC0, 0x30, 0xD5, 0x2E, 0x84,
    0x6C, 0xAD, 0x83, 0x09, 0x37, 0x26, 0xFE, 0x09, 0x05, 0x5D, 0xEA, 0x40, 0xE7, 0x58, 0xAC, 0x62,
    0x6E, 0x13, 0x56, 0x04, 0xFB, 0x88, 0xEB, 0xCD, 0x9C, 0x1B, 0x6E, 0xB9, 0xE1, 0xB6, 0x32, 0xFA,
    0xA8, 0x90, 0xFE, 0xF9, 0xD9, 0x4D, 0x91, 0xAF, 0xC6, 0xD1, 0x1B, 0x87, 0xCB, 0xCB, 0x88, 0x9D,
    0xD0, 0xEE, 0x41, 0x6A, 0xC3, 0xDF, 0x5F, 0xFA, 0xDE, 0x41, 0xA5, 0x7D, 0x3E, 0xD1, 0x16, 0x17,
    0xDB, 0x90, 0xC5, 0xFF, 0x43, 0xAF, 0x40, 0x04, 0xA6, 0xE2, 0x5B, 0x3C, 0xE9, 0x0B, 0xB6, 0x09,
    0x27, 0x02, 0xA8, 0x5E, 0x98, 0x0B, 0xB5, 0x09, 0xC2, 0x19, 0x5F, 0x81, 0x44, 0x79, 0x8C, 0x74,
    0xC4, 0xBA, 0xE8, 0x95, 0x63, 0xC6, 0x4D, 0xC7, 0x8D, 0xBB, 0x1D, 0xBA, 0x63, 0x7A, 0xC5, 0x7E,
    0xCE, 0x98, 0x3C, 0xCB, 0x65, 0x3F, 0x45, 0x9C, 0x4E, 0x0C, 0x33, 0xA0, 0x15, 0xEB, 0x6C, 0xE8,
    0xD7, 0x77, 0xB4, 0xF1, 0x9F, 0xC5, 0xFA, 0x5A, 0xAA, 0x51, 0x0C, 0x7A, 0x62, 0x27, 0xDA, 0x89,
    0x35, 0x23, 0x4E, 0xCE, 0x4A, 0x8E, 0x53, 0xB6, 0x61, 0xB0, 0x11, 0x8A, 0x63, 0x6C, 0x02, 0x51,
    0x95, 0x4E, 0x82, 0xCA, 0x4F, 0xE1, 0xA7, 0xEE, 0x53, 0xF6, 0xA9, 0xFA, 0x14, 0x7D, 0x6A, 0x3E,
    0x25, 0x9F, 0x8A, 0x4F, 0xC1, 0xB7, 0x4C, 0xC1, 0x28, 0x9B, 0x43, 0x6D, 0x87, 0xBE, 0x61, 0xC8,
    0x89, 0x82, 0xF9, 0x62, 0x74, 0x9F, 0x24, 0x12, 0x13, 0x92, 0xC0, 0xE5, 0x42, 0xC6, 0xFF, 0x08,
    0xFC, 0xF3, 0x14, 0x57, 0x29, 0x53, 0xE6, 0x49, 0xE4, 0x51, 0xD5, 0x39, 0x26, 0x2A, 0xD1, 0x8C,
    0x87, 0xC2, 0xB9, 0x3C, 0x36, 0x7B, 0x11, 0xCE, 0xBE, 0xF4, 0xAF, 0xAF, 0xA4, 0x2B, 0xA2, 0xA3,
    0xC6, 0xB9, 0x77, 0x31, 0xCA, 0x62, 0xF6, 0x4B, 0xCF, 0x84, 0x0A, 0xC6, 0xA7, 0xAD, 0x09, 0x23,
    0x1D, 0xD2, 0x2A, 0xCB, 0x2C, 0x72, 0xEF, 0x24, 0x9E, 0x93, 0xD5, 0x27, 0x0F, 0x82, 0xE9, 0xC3,
    0xE0, 0xCA, 0x61, 0xB0, 0x7C, 0x18, 0xB4, 0x0F, 0x75, 0x94, 0xA9, 0xDD, 0xA4, 0x9C, 0x87, 0xA5,
    0xA1, 0xF8, 0xB1, 0xF7, 0x8D, 0xA5, 0xBD, 0x56, 0x47, 0x45, 0x81, 0x35, 0x4C, 0xF3, 0x9E, 0x69,
    0xFE, 0xC9, 0x34, 0x94, 0xF1, 0x3D, 0xA9, 0x3A, 0x3E, 0x32, 0x31, 0x0F, 0xF7, 0x2A, 0xEC, 0x1F,
    0x8C, 0xA6, 0xF0, 0xF9, 0x75, 0x5C, 0xDD, 0x47, 0x65, 0xA4, 0x32, 0x10, 0x74, 0x00, 0xFB, 0xFA,
    0x68, 0x40, 0x06, 0xB6, 0x9C, 0x61, 0x66, 0x61, 0x04, 0x20, 0xDF, 0x3B, 0xBB, 0x85, 0x32, 0x93,
    0xA1, 0x13, 0x7A, 0x6B, 0x91, 0x62, 0xA1, 0x15, 0x85, 0xA1, 0x06, 0x38, 0xBE, 0x01, 0xBB, 0xDA,
    0xB8, 0x95, 0x47, 0xF3, 0xEB, 0x57, 0xD3, 0x0A, 0xC5, 0x48, 0xF5, 0x02, 0xBF, 0xE6, 0xB5, 0xF2,
    0x26, 0xCF, 0xC5, 0x9F, 0x2C, 0xFA, 0x9D, 0x75, 0x38, 0x7D, 0x4C, 0x4E, 0x8F, 0xC6, 0xB0, 0x4C,
    0x39, 0x9B, 0x5E, 0x38, 0x0F, 0xE3, 0x9B, 0xE6, 0xBB, 0x71, 0x75, 0xF3, 0xD2, 0xFD, 0x72, 0xEC,
    0x44, 0x67, 0x2F, 0x2F, 0x9B, 0x37, 0x7C, 0x33, 0x8B, 0xCE, 0x4D, 0xED, 0x53, 0x97, 0xDB, 0x9F,
    0xA0, 0x2A, 0xDD, 0x6A, 0x9F, 0xDF, 0xED, 0x95, 0xD8, 0xF5, 0x3E, 0x65, 0xAE, 0x33, 0x6B, 0x4F,
    0x5D, 0xDD, 0x88, 0x27, 0xE2, 0xFC, 0x0C, 0xD6, 0xE3, 0xB1, 0xBA, 0x3D, 0x06, 0xE7, 0x75, 0x2A,
    0xCA, 0x95, 0x11, 0xDD, 0x9E, 0x1C, 0x0A, 0xD9, 0xF9, 0xCE, 0x58, 0x98, 0x0C, 0x16, 0xCF, 0x65,
    0x6A, 0x7A, 0x04, 0xA6, 0x9C, 0xCB, 0x36, 0x9C, 0xAA, 0xB0, 0x25, 0x99, 0x4E, 0x39, 0xB1, 0x8C,
    0x72, 0xA4, 0x7E, 0x63, 0xD4, 0x0E, 0x94, 0x32, 0xCA, 0x1D, 0x8A, 0x53, 0xEF, 0x8B, 0xA6, 0x96,
    0xCE, 0x30, 0x3A, 0xB7, 0xFF, 0xA0, 0x7F, 0xAD, 0x4B, 0x27, 0x3B, 0x8D, 0x85, 0x7F, 0xFA, 0x70,
    0xA6, 0x46, 0x23, 0x58, 0x46, 0xA5, 0x0B, 0x8B, 0x2F, 0x23, 0x9C, 0xC4, 0x6A, 0x9C, 0x76, 0xEA,
    0x74, 0xAC, 0x5E, 0xD5, 0x48, 0x0D, 0x63, 0xF5, 0xA1, 0x19, 0xAB, 0xC5, 0x1C, 0x26, 0xD6, 0xD4,
    0x08, 0x4C, 0xC6, 0xF3, 0xAA, 0x8F, 0xDA, 0x8C, 0x10, 0x45, 0x23, 0x64, 0x72, 0xC1, 0x1A, 0xC8,
    0xD7, 0xCE, 0xA6, 0xC2, 0xF6, 0x2C, 0x74, 0xA1, 0x82, 0x4E, 0x08, 0xE7, 0xF8, 0xE3, 0xD6, 0x4F,
    0xB7, 0x56, 0x6E, 0xA3, 0x11, 0xBB, 0xD9, 0xE5, 0xED, 0xCD, 0xD5, 0x06, 0x11, 0xCA, 0xE4, 0x89,
    0x12, 0x3A, 0x9D, 0xF6, 0xDF, 0xB2, 0xE4, 0x69, 0x7A, 0x8B, 0xDF, 0x77, 0x2F, 0x0F, 0xB7, 0xD0,
    0x3E, 0xCA, 0xAB, 0x55, 0x68, 0x41, 0x05, 0xB3, 0xE8, 0x26, 0x3E, 0x5E, 0x5C, 0xAC, 0x78, 0xF9,
    0xAC, 0x61, 0x13, 0x5D, 0x12, 0xDD, 0x0D, 0xB4, 0x1C, 0x6B, 0xC9, 0x13, 0x6D, 0x70, 0x7A, 0x05,
    0xF9, 0x52, 0x12, 0x87, 0x43, 0xC3, 0xEA, 0x41, 0x87, 0xD2, 0xDE, 0xD1, 0x99, 0x6C, 0xAB, 0x76,
    0x99, 0xD2, 0x30, 0x99, 0x4C, 0x1C, 0xF0, 0xD9, 0x00, 0x35, 0x2B, 0xD3, 0x21, 0x83, 0xC4, 0x2F,
    0x88, 0x7F, 0xC8, 0x6A, 0xCA, 0x02, 0x45, 0x41, 0x94, 0x70, 0x38, 0xF2, 0xEC, 0xB3, 0x7B, 0xF4,
    0x5A, 0x1F, 0x0F, 0xCE, 0x6F, 0x4E, 0xF2, 0xF3, 0xD9, 0xFA, 0x7F, 0x35, 0x51, 0x3D, 0x6F, 0x13,
    0x41, 0x10, 0x7D, 0x4E, 0xEE, 0x6C, 0x30, 0x09, 0xDE, 0x62, 0x0F, 0x9C, 0xC8, 0x96, 0xAF, 0xB0,
    0xA3, 0x75, 0xE4, 0x7C, 0x49, 0x87, 0x64, 0xC1, 0x99, 0x6C, 0xF8, 0x05, 0x87, 0xE4, 0x43, 0xA2,
    0x41, 0x57, 0x04, 0xC7, 0x71, 0xE5, 0xC2, 0x46, 0x41, 0xB2, 0xE1, 0x1A, 0x04, 0x05, 0x12, 0x16,
    0x28, 0x2E, 0x10, 0x85, 0x05, 0x4D, 0x62, 0x0A, 0x5C, 0x50, 0x84, 0xCA, 0x27, 0xF1, 0x07, 0xB6,
    0xA7, 0x71, 0x4F, 0x93, 0x12, 0x09, 0x90, 0x99, 0x3D, 0x8B, 0x99, 0xD5, 0xEE, 0xDB, 0x5D, 0xE9,
    0xCD, 0x9B, 0x37, 0x75, 0x37, 0x6D, 0xB9, 0x23, 0x53, 0x66, 0x94, 0x68, 0x73, 0xF6, 0x7C, 0xF2,
    0x56, 0x59, 0x72, 0x3F, 0xB2, 0xEA, 0xAD, 0x73, 0x26, 0x6F, 0x47, 0x05, 0xC9, 0x6B, 0x82, 0xC9,
    0xAE, 0xB2, 0x43, 0x03, 0x77, 0x90, 0xC2, 0x0A, 0x28, 0xFA, 0xDF, 0xFB, 0x30, 0x79, 0xBE, 0xE3,
    0x28, 0xC6, 0xB6, 0x54, 0x26, 0xC4, 0x68, 0x84, 0x83, 0xE1, 0x10, 0xDC, 0xAB, 0x5C, 0xA6, 0x8B,
    0x40, 0x06, 0x69, 0x74, 0x55, 0x41, 0x9A, 0xD8, 0x8F, 0x82, 0x81, 0x21, 0x9C, 0x5E, 0x45, 0xD4,
    0xF2, 0xB9, 0x40, 0xF4, 0x3A, 0xCE, 0xD5, 0x18, 0xD5, 0xE3, 0xAA, 0x46, 0x25, 0x0B, 0x56, 0x75,
    0xE0, 0xE3, 0x0B, 0x96, 0x29, 0x97, 0xC0, 0x6B, 0x2B, 0x45, 0x5B, 0x29, 0x06, 0xDE, 0x07, 0x9E,
    0x72, 0x40, 0x08, 0x1C, 0xC3, 0x4C, 0xE6, 0x7B, 0x9E, 0xD7, 0xA9, 0xE1, 0xE2, 0x02, 0x0B, 0x31,
    0x62, 0x38, 0x14, 0xA8, 0x38, 0x0C, 0xE2, 0xFA, 0xA3, 0x43, 0x67, 0xF2, 0x6D, 0x4D, 0x4B, 0x98,
    0xCE, 0x06, 0xB6, 0x64, 0x80, 0xEF, 0x6D, 0x86, 0x88, 0x05, 0x68, 0xB1, 0x05, 0x79, 0x2B, 0xD2,
    0x67, 0x5B, 0xED, 0x84, 0xFA, 0xDC, 0x09, 0xBB, 0xF1, 0xFD, 0x59, 0xFB, 0x87, 0x02, 0x36, 0x43,
    0xCA, 0xB3, 0xCD, 0x33, 0xAB, 0xBE, 0xD8, 0x39, 0x9B, 0x4E, 0x5E, 0x46, 0xF3, 0x4B, 0x60, 0x3A,
    0x9F, 0x21, 0x8E, 0xD9, 0x35, 0x79, 0x02, 0xA2, 0x32, 0x20, 0xB0, 0x8B, 0x00, 0x0A, 0xD1, 0x52,
    0xB8, 0x8C, 0x24, 0x56, 0xC9, 0x0D, 0xFD, 0x04, 0x84, 0xED, 0xB6, 0x0C, 0xED, 0xF1, 0xC8, 0xF7,
    0x2C, 0x79, 0x1A, 0x9C, 0x06, 0xBE, 0x07, 0xDC, 0x8D, 0x0E, 0x18, 0x5C, 0x97, 0x61, 0x14, 0xD1,
    0x2F, 0xB0, 0xFF, 0x47, 0xD7, 0xE0, 0xD8, 0x26, 0x17, 0x4D, 0x6C, 0xC1, 0xC1, 0xA2, 0x16, 0xDC,
    0x1C, 0x59, 0x96, 0x92, 0xBF, 0x27, 0x0F, 0x6D, 0xB8, 0xB5, 0xEC, 0xA2, 0x8B, 0xFF, 0x7A, 0xB4,
    0xAD, 0xFD, 0x55, 0xE3, 0x26, 0xA6, 0x93, 0x37, 0x91, 0x41, 0xBE, 0x66, 0xB0, 0x66, 0x4F, 0x67,
    0x2F, 0x64, 0x86, 0x48, 0x34, 0xC1, 0xE7, 0x59, 0x4C, 0x12, 0x37, 0x02, 0x70, 0x57, 0xF0, 0xA6,
    0x28, 0x07, 0x30, 0x99, 0x6F, 0x24, 0x40, 0x13, 0x60, 0x75, 0x94, 0x3C, 0x98, 0x84, 0x13, 0x07,
    0x92, 0x40, 0xCF, 0xAD, 0x69, 0x53, 0xB5, 0x2A, 0xB2, 0xA6, 0xAB, 0x34, 0x23, 0x85, 0xEB, 0x92,
    0xD7, 0x95, 0xD8, 0x6F, 0xC8, 0xAF, 0xD1, 0x93, 0xC1, 0x3D, 0x12, 0xBE, 0xAB, 0x60, 0xFF, 0xB2,
    0x31, 0x3E, 0xE6, 0x4C, 0xB6, 0x06, 0xEF, 0x83, 0x52, 0x68, 0x9F, 0x5C, 0x01, 0x91, 0x54, 0x51,
    0x49, 0xCD, 0xC9, 0x3D, 0x8D, 0xCB, 0x68, 0x2E, 0xB0, 0xE5, 0xCB, 0xD6, 0x78, 0x40, 0x8B, 0x70,
    0x72, 0x80, 0x70, 0x7B, 0xFA, 0x33, 0xB4, 0x13, 0xE7, 0xF4, 0x21, 0x91, 0x9A, 0xFF, 0x45, 0x9E,
    0x9A, 0xA4, 0xE9, 0xE8, 0xA1, 0xB4, 0xC6, 0x91, 0xE5, 0xEB, 0x69, 0xF0, 0xF5, 0x56, 0x83, 0x37,
    0x82, 0x92, 0xE7, 0x05, 0x41, 0xC0, 0x3F, 0xBD, 0x2B, 0xFB, 0x68, 0x50, 0x6E, 0xC0, 0xDA, 0x6B,
    0x97, 0xD2, 0x58, 0xC7, 0x90, 0x72, 0x03, 0x23, 0x34, 0xE9, 0xF5, 0x08, 0x1F, 0x71, 0xE3, 0xB0,
    0xFC, 0xA1, 0xFC, 0xBA, 0xFC, 0xCA, 0xDA, 0xDB, 0x2D, 0x42, 0x14, 0x8B, 0xD9, 0xFB, 0xD8, 0x43,
    0x15, 0x59, 0x3C, 0xA6, 0x3D, 0x87, 0x07, 0xF8, 0x07, 0x9D, 0x59, 0x5D, 0x6C, 0x1C, 0xD7, 0x75,
    0x3E, 0x33, 0x43, 0x71, 0xCC, 0x1D, 0x92, 0x97, 0x06, 0x1C, 0x40, 0xA1, 0x69, 0x8D, 0x0C, 0x30,
    0xA8, 0xE2, 0x8A, 0x33, 0x4A, 0xCB, 0x07, 0x22, 0xDD, 0x9F, 0x6B, 0x11, 0x8D, 0x9A, 0x2A, 0x05,
    0x59, 0xD4, 0xB1, 0x83, 0xBA, 0x35, 0x15, 0xB4, 0x0F, 0x2E, 0x91, 0x46, 0x44, 0xA1, 0x02, 0x2A,
    0xB2, 0xF4, 0x8E, 0x45, 0x20, 0x02, 0xA2, 0x02, 0x26, 0x62, 0x20, 0x35, 0x9A, 0x07, 0x11, 0x09,
    0x81, 0x4A, 0xAB, 0xA4, 0x24, 0x52, 0x27, 0xD1, 0x03, 0xA9, 0x1D, 0x89, 0x46, 0x8D, 0x54, 0x68,
    0x35, 0x92, 0xD1, 0xAA, 0xAD, 0x8B, 0x72, 0x14, 0x1A, 0x75, 0x5B, 0xBB, 0xD1, 0xB8, 0x5E, 0x25,
    0x63, 0x7B, 0x97, 0xD3, 0xEF, 0xDC, 0x99, 0xE5, 0xAF, 0x28, 0xD2, 0xDD, 0x3D, 0x77, 0x76, 0x76,
    0x76, 0xF6, 0xCC, 0xBD, 0xE7, 0xF7, 0x3B, 0xE7, 0x9A, 0x3E, 0x69, 0x21, 0x51, 0x0F, 0x8D, 0x57,
    0x3D, 0xFB, 0x69, 0x4F, 0x68, 0xBE, 0x20, 0x12, 0x92, 0xC4, 0x2A, 0xF1, 0x09, 0x93, 0x27, 0xC8,
    0xAF, 0x24, 0x7E, 0xFF, 0x0C, 0x0D, 0x45, 0x84, 0xD7, 0xAE, 0x77, 0x56, 0xAB, 0xD3, 0x3F, 0xBA,
    0x17, 0xDE, 0x8C, 0x4E, 0x68, 0x11, 0x69, 0xEF, 0x8D, 0x6A, 0x49, 0x43, 0x8B, 0x8A, 0x5A, 0xE4,
    0x2A, 0x2A, 0x58, 0x8D, 0x3A, 0x3D, 0x42, 0x74, 0x9A, 0x28, 0x00, 0x2B, 0x69, 0x1F, 0xF3, 0x84,
    0xEE, 0xB5, 0x38, 0xAC, 0x93, 0x4D, 0x54, 0x09, 0x49, 0xBB, 0x22, 0xC5, 0x31, 0xDF, 0xD1, 0xFD,
    0x02, 0x51, 0x1E, 0x57, 0x62, 0x9A, 0x24, 0xC2, 0x79, 0x11, 0xF7, 0xBC, 0xE8, 0xEB, 0x89, 0xC4,
    0x7C, 0xCC, 0x98, 0x06, 0x1C, 0xCA, 0x77, 0xF1, 0xF5, 0xD2, 0x34, 0x89, 0x06, 0x69, 0x09, 0xFF,
    0x7F, 0x42, 0xD0, 0xE9, 0x6E, 0x72, 0x63, 0x35, 0xE7, 0x69, 0x5B, 0x0A, 0xDA, 0xF8, 0xB6, 0xA9,
    0x12, 0x3C, 0xEE, 0xFD, 0x69, 0xB0, 0xD3, 0x6F, 0xBD, 0xB3, 0x66, 0x60, 0xF8, 0xDB, 0xDF, 0xA6,
    0xEF, 0xCA, 0x7E, 0xCA, 0x55, 0x67, 0xC9, 0x78, 0x26, 0x20, 0xC3, 0xF0, 0xB3, 0xF1, 0xDF, 0x18,
    0xB7, 0x03, 0xD3, 0xB8, 0x1A, 0x59, 0x18, 0xDD, 0x18, 0x4D, 0x63, 0x29, 0x8C, 0x6D, 0x35, 0x45,
    0x1A, 0xFF, 0xD6, 0x45, 0xB2, 0x9F, 0xAC, 0x93, 0x80, 0x48, 0xD4, 0x78, 0xFA, 0x1E, 0x89, 0xEA,
    0x47, 0x11, 0xCE, 0x17, 0x30, 0xCA, 0xD9, 0x67, 0x5C, 0x79, 0x33, 0x09, 0x20, 0x3E, 0x82, 0xFC,
    0x08, 0x02, 0x24, 0xDC, 0xCA, 0x22, 0xC4, 0x8A, 0xB0, 0xAA, 0xA8, 0x80, 0x51, 0x5C, 0x1B, 0x56,
    0xB3, 0xE4, 0xD3, 0x3E, 0x49, 0x07, 0x88, 0x86, 0xF0, 0x80, 0x59, 0xFB, 0x68, 0x20, 0x0C, 0x29,
    0xBA, 0x48, 0x94, 0x49, 0x34, 0x49, 0x94, 0x48, 0x08, 0x29, 0x2C, 0x5F, 0x18, 0x61, 0xE5, 0x66,
    0x83, 0x39, 0x41, 0xE6, 0x6D, 0x34, 0x7E, 0xA6, 0x6A, 0xCB, 0x58, 0x50, 0x2C, 0xF4, 0x58, 0x98,
    0xB1, 0xE8, 0x8B, 0xC5, 0x44, 0x2C, 0xFC, 0x58, 0xC8, 0xD8, 0xA6, 0xB8, 0xF2, 0xC6, 0xAA, 0x31,
    0x2C, 0x8D, 0x65, 0x49, 0x4F, 0x51, 0xF5, 0xEB, 0xB3, 0x25, 0x2D, 0xB4, 0xA1, 0xE8, 0x33, 0x9E,
    0xB9, 0x44, 0x58, 0xA2, 0xD6, 0x20, 0x82, 0x3C, 0x27, 0x28, 0x17, 0x91, 0xE5, 0xAB, 0x85, 0x9D,
    0xB9, 0x68, 0x3F, 0x09, 0x6E, 0xF5, 0xED, 0x64, 0x53, 0xBD, 0x92, 0x34, 0x59, 0x6D, 0x87, 0x88,
    0x35, 0xFE, 0x3C, 0x11, 0xFE, 0xDE, 0x24, 0x7D, 0x8E, 0x0C, 0x41, 0xA6, 0xF0, 0x72, 0x63, 0x7E,
    0xF7, 0xA5, 0xA0, 0xCF, 0x08, 0x87, 0xF4, 0x68, 0xD5, 0x6A, 0xB0, 0x31, 0x3C, 0x23, 0x85, 0x2E,
    0xD9, 0x00, 0x46, 0x49, 0xD4, 0x88, 0x27, 0x6F, 0x2A, 0x12, 0x5E, 0xA5, 0x49, 0xE3, 0x90, 0xE1,
    0x58, 0xEB, 0x8A, 0x25, 0xD9, 0xF0, 0x4C, 0x5E, 0x1D, 0xC8, 0x36, 0x83, 0xCA, 0xAA, 0xDC, 0xD5,
    0x9C, 0x72, 0xD5, 0x0B, 0xC6, 0x70, 0x68, 0x18, 0xC1, 0x1A, 0xB5, 0x1B, 0x41, 0x87, 0x11, 0x74,
    0x1A, 0x98, 0x46, 0x90, 0x24, 0x8D, 0x88, 0xF2, 0x01, 0xF5, 0x79, 0xF4, 0xD0, 0xAE, 0x46, 0x3E,
    0x3E, 0xFE, 0x9D, 0x0B, 0x07, 0x2C, 0x3F, 0x32, 0xCD, 0x6B, 0xBE, 0x7E, 0xF6, 0x75, 0xA2, 0x77,
    0xFE, 0x81, 0xF4, 0x24, 0x21, 0xE3, 0xED, 0x1B, 0x9E, 0xF5, 0xFA, 0x75, 0x5F, 0x1C, 0x5B, 0x0A,
    0x5D, 0xF3, 0x6A, 0xBD, 0xE9, 0x46, 0x8B, 0x8F, 0xC6, 0x54, 0x70, 0xE9, 0x34, 0xF3, 0x21, 0x1A,
    0x20, 0x03, 0x22, 0xB4, 0x71, 0xEE, 0x4D, 0x08, 0x0F, 0x17, 0xDD, 0x66, 0x2A, 0xC8, 0x5D, 0xD4,
    0xA2, 0xE1, 0x39, 0xEF, 0xF8, 0xF4, 0x89, 0xDD, 0xEF, 0xDC, 0xD5, 0x16, 0x58, 0x0C, 0xCF, 0x6C,
    0x12, 0x83, 0x69, 0x04, 0x96, 0x11, 0x74, 0x1B, 0x41, 0xD3, 0x08, 0x62, 0xC1, 0x2E, 0x33, 0xEE,
    0xE5, 0x66, 0xEC, 0xC0, 0xF5, 0x45, 0x58, 0xF2, 0xBA, 0xA2, 0xAF, 0x79, 0x9D, 0xF5, 0x6F, 0x7B,
    0x9D, 0x97, 0xAF, 0x7B, 0x9D, 0x93, 0xE7, 0xBC, 0xCE, 0xD2, 0x71, 0xAF, 0xD3, 0xB5, 0xBC, 0x4E,
    0x08, 0xA0, 0xD2, 0xE5, 0x46, 0xAD, 0x19, 0xB5, 0x74, 0x9F, 0x6C, 0x36, 0x02, 0xCC, 0x1D, 0x6E,
    0x3C, 0x1C, 0x38, 0x04, 0x0B, 0x8E, 0x0B, 0xB4, 0x50, 0xA6, 0x85, 0x49, 0x5A, 0xC0, 0x79, 0x11,
    0xF7, 0xE8, 0xA1, 0x9E, 0x78, 0x2A, 0xAC, 0x3C, 0xD0, 0x92, 0xDE, 0x68, 0x8E, 0x5F, 0x80, 0xFA,
    0xE5, 0x46, 0x9B, 0xE0, 0x95, 0xB5, 0x14, 0xBC, 0x3D, 0x58, 0x94, 0x15, 0x6D, 0x09, 0x16, 0xE3,
    0xD5, 0xE9, 0x1F, 0xDE, 0x9B, 0x99, 0x86, 0x6B, 0xC1, 0x1F, 0xB6, 0x50, 0x9D, 0xCC, 0xD5, 0x3D,
    0x19, 0x3D, 0xC2, 0x03, 0xD1, 0x18, 0x42, 0xCD, 0xDD, 0x1A, 0x15, 0x31, 0xA1, 0xB2, 0x30, 0x02,
    0x8C, 0x90, 0x3F, 0x8B, 0x98, 0x9A, 0x7D, 0x7E, 0x4E, 0x6A, 0x73, 0xB3, 0x44, 0x6E, 0xA0, 0x6E,
    0x1F, 0xFF, 0xE6, 0xAC, 0xFD, 0x62, 0x60, 0x5D, 0xF3, 0x8C, 0xB7, 0x15, 0x37, 0xD0, 0x2A, 0x19,
    0x63, 0x94, 0xB3, 0xFC, 0xC3, 0x46, 0x58, 0x13, 0xF1, 0x6E, 0x5E, 0xB4, 0x4A, 0xD4, 0x4D, 0xD4,
    0x4E, 0xA4, 0x57, 0xBF, 0x71, 0xD1, 0xD5, 0x23, 0x5B, 0xCB, 0x48, 0x1C, 0x8D, 0xAC, 0x24, 0xE2,
    0x30, 0x91, 0x92, 0xD5, 0x1C, 0xFF, 0xCB, 0x8B, 0xF0, 0x82, 0xE1, 0x68, 0x92, 0x20, 0xD9, 0xC2,
    0x5E, 0x0E, 0x95, 0x24, 0x49, 0xBC, 0xFF, 0xDF, 0xDF, 0x58, 0x1A, 0x06, 0x1F, 0x34, 0x25, 0x17,
    0xAF, 0x7A, 0x81, 0x7E, 0x1C, 0xD1, 0xAD, 0x90, 0x74, 0xD0, 0x87, 0x52, 0xFF, 0x79, 0xA4, 0x87,
    0x75, 0x3D, 0x8C, 0x99, 0xEE, 0x44, 0x02, 0x8F, 0x99, 0xEE, 0x9D, 0xB1, 0x25, 0x54, 0x48, 0x66,
    0x3A, 0x66, 0x31, 0xC6, 0x8E, 0xC1, 0x9D, 0x5F, 0x87, 0x4E, 0xB3, 0x21, 0xCE, 0xFA, 0x15, 0xB8,
    0xCD, 0xF8, 0xB4, 0xF2, 0x92, 0x54, 0xC1, 0xB3, 0x24, 0x36, 0xEB, 0x1E, 0xF1, 0xC0, 0xAA, 0x53,
    0xC1, 0xA6, 0x21, 0xE1, 0xB1, 0x5A, 0x4C, 0xDF, 0x48, 0xF8, 0x88, 0xF3, 0x41, 0xB8, 0x95, 0xBD,
    0x16, 0xF8, 0x2B, 0x9E, 0x3D, 0x7C, 0x33, 0x12, 0x96, 0x57, 0x86, 0x0B, 0xE4, 0xC5, 0x18, 0x15,
    0x44, 0x02, 0xAD, 0xD9, 0xF8, 0x14, 0x12, 0x03, 0xD7, 0x0D, 0xBF, 0x5E, 0x09, 0x92, 0x4C, 0x57,
    0x17, 0x8C, 0xFF, 0x88, 0xAC, 0x6B, 0xA1, 0x38, 0x13, 0xE2, 0x68, 0xBC, 0x1D, 0xD2, 0x47, 0xA1,
    0xFE, 0xBF, 0xA1, 0x79, 0x2B, 0x14, 0xD7, 0xA2, 0x22, 0x92, 0x0B, 0x7C, 0x37, 0xA6, 0x7C, 0x81,
    0xDA, 0x0A, 0x94, 0x5B, 0xA4, 0x42, 0x81, 0xCA, 0xA0, 0x49, 0x72, 0xE7, 0x54, 0xA0, 0xD7, 0x10,
    0x04, 0xD8, 0xE3, 0x60, 0x76, 0x9F, 0x99, 0xA5, 0x17, 0x4E, 0x52, 0x59, 0x48, 0x45, 0x5E, 0x5E,
    0xC8, 0x01, 0x41, 0x56, 0x83, 0xD2, 0x57, 0x6D, 0x95, 0x5C, 0x21, 0x6D, 0x24, 0x9B, 0x45, 0x98,
    0x35, 0xD9, 0x96, 0x87, 0xAF, 0xB8, 0x88, 0x5F, 0x9A, 0x6E, 0x97, 0xBD, 0xCF, 0x26, 0x7E, 0xBB,
    0x54, 0xE3, 0x69, 0xB9, 0x89, 0xDF, 0x61, 0x13, 0xA8, 0xCB, 0xA6, 0x4E, 0x45, 0x87, 0x6C, 0x82,
    0xF8, 0x43, 0xCD, 0xF7, 0xC9, 0xF7, 0x08, 0xFE, 0x23, 0x2E, 0xE7, 0x9D, 0xB2, 0xFD, 0x42, 0xAD,
    0x0C, 0xA3, 0x2F, 0xB6, 0xB7, 0x1E, 0x53, 0xAB, 0x9C, 0xF4, 0xBA, 0x9C, 0x4E, 0x32, 0x9C, 0x41,
    0x32, 0x92, 0x3A, 0x59, 0x77, 0x17, 0x48, 0x38, 0x05, 0x2A, 0x3A, 0x2E, 0x42, 0xC5, 0x39, 0x68,
    0xAD, 0x58, 0x3F, 0xB5, 0xD0, 0x73, 0xB9, 0x3D, 0xD4, 0xE2, 0x9E, 0xFC, 0x44, 0xB9, 0x58, 0x4F,
    0xFF, 0x76, 0x3E, 0x84, 0x7B, 0xDB, 0xC2, 0xB3, 0x4B, 0x9E, 0x7D, 0xDD, 0xE3, 0xC9, 0x59, 0x1E,
    0x2E, 0x6A, 0x6D, 0x64, 0x75, 0x93, 0x1E, 0x3F, 0xE8, 0x1E, 0xFE, 0x69, 0xCE, 0x77, 0xBB, 0xC8,
    0x1E, 0x24, 0xBB, 0x4E, 0xF6, 0x02, 0xD9, 0x45, 0x72, 0x6D, 0xAA, 0xF1, 0xD3, 0x78, 0x25, 0x39,
    0x9B, 0x72, 0x6A, 0x31, 0xE9, 0x7A, 0x16, 0xD8, 0xC2, 0xFD, 0x96, 0x54, 0xBC, 0x9A, 0x74, 0xFD,
    0x26, 0x3D, 0x7A, 0x73, 0x91, 0x7A, 0xDF, 0x2F, 0xD0, 0xFE, 0x0F, 0x31, 0x16, 0x0B, 0x74, 0x08,
    0x42, 0xBE, 0x32, 0xA8, 0x3C, 0x38, 0x7B, 0x2E, 0x68, 0xCE, 0xB3, 0xC7, 0x36, 0x3D, 0xD7, 0x5A,
    0x80, 0x52, 0x53, 0x89, 0x7B, 0x8A, 0xA0, 0x5F, 0xBE, 0x98, 0xF1, 0x4E, 0x42, 0x25, 0xF1, 0x75,
    0x62, 0x89, 0xCF, 0xF1, 0x1F, 0x17, 0x13, 0x72, 0x8F, 0x7B, 0xAE, 0xE9, 0x3B, 0x06, 0x13, 0x4E,
    0xF0, 0xD5, 0x49, 0xC8, 0x21, 0xA6, 0x12, 0x47, 0x43, 0xDC, 0x25, 0x16, 0x0A, 0x03, 0xE5, 0x47,
    0x58, 0xC0, 0x10, 0x71, 0x87, 0x8A, 0x92, 0xCC, 0x95, 0x5E, 0x7E, 0x83, 0x86, 0x6F, 0x92, 0x11,
    0xAC, 0x93, 0x50, 0x62, 0x4C, 0x46, 0xFC, 0xA2, 0x49, 0x76, 0x8E, 0xC4, 0x17, 0xC8, 0xFC, 0x37,
    0x32, 0xEA, 0xA4, 0x23, 0xCA, 0xE0, 0x79, 0x3E, 0xE9, 0x3E, 0x95, 0x24, 0x7D, 0x12, 0x37, 0x3D,
    0x45, 0xB4, 0xA0, 0xC2, 0x55, 0x81, 0xAC, 0x24, 0x74, 0xF2, 0xE5, 0x7C, 0xBE, 0x50, 0x86, 0x2A,
    0xF3, 0x45, 0x9C, 0xE0, 0xAB, 0x99, 0x84, 0x94, 0xC6, 0x33, 0x20, 0x9F, 0x2A, 0x0B, 0xA0, 0xB2,
    0xEC, 0x8B, 0xE3, 0xCC, 0x50, 0xAF, 0xB3, 0x2A, 0x72, 0x05, 0xEA, 0xB3, 0x65, 0xAD, 0x14, 0x28,
    0xC1, 0xDF, 0x6F, 0x89, 0xE0, 0x40, 0xF3, 0x1C, 0xC0, 0xE8, 0x20, 0xDF, 0x73, 0x12, 0x31, 0x4A,
    0x3A, 0x8A, 0x04, 0x24, 0x2A, 0x14, 0xA9, 0xBF, 0x53, 0xAD, 0xB6, 0x0C, 0x06, 0xC7, 0xA1, 0x55,
    0x6B, 0xD3, 0x70, 0x31, 0x6A, 0x49, 0x12, 0xED, 0xF1, 0x1E, 0x3C, 0x8C, 0x8E, 0x50, 0xF6, 0xB8,
    0x3A, 0xBD, 0xEC, 0xD3, 0x30, 0x20, 0x52, 0x22, 0x8D, 0xA5, 0xC0, 0x80, 0x4F, 0x2D, 0x05, 0xB6,
    0x8A, 0xF8, 0x54, 0xF3, 0x6B, 0x9E, 0x0B, 0x09, 0xDB, 0x3C, 0x62, 0x0C, 0x1B, 0x43, 0x7C, 0x15,
    0xD6, 0xE2, 0xC0, 0x0B, 0x6A, 0x9E, 0xBA, 0x05, 0x3E, 0xC0, 0xD9, 0x1B, 0x4E, 0x67, 0xC3, 0x23,
    0xB0, 0x22, 0x98, 0x12, 0x67, 0xCC, 0x62, 0x74, 0xAA, 0xDC, 0x93, 0xDF, 0xB7, 0xB8, 0x6F, 0x12,
    0x86, 0x7B, 0xBA, 0x18, 0x66, 0x4A, 0x3E, 0xB7, 0x40, 0xAE, 0x83, 0x1B, 0xA1, 0x79, 0x7B, 0x01,
    0x22, 0x80, 0x11, 0xF0, 0x39, 0x5F, 0xAB, 0x9D, 0x8B, 0x33, 0x53, 0x20, 0x4C, 0xA0, 0x00, 0xCC,
    0xE8, 0xC0, 0x11, 0x38, 0xB7, 0xE3, 0x79, 0xF8, 0x1A, 0xD7, 0xBC, 0x7D, 0x64, 0x7A, 0xC0, 0xA5,
    0xF7, 0xF5, 0xA6, 0xEE, 0x7C, 0x47, 0xFF, 0xFD, 0x7E, 0xF9, 0x22, 0x54, 0x02, 0x9A, 0x21, 0x77,
    0x94, 0xEC, 0x3F, 0x26, 0x7B, 0x4E, 0xB2, 0x53, 0x58, 0x19, 0xB1, 0x71, 0x5E, 0x47, 0x84, 0xF2,
    0x58, 0xCA, 0x0E, 0x23, 0x6D, 0x7A, 0x4A, 0x0B, 0x0D, 0x79, 0x3F, 0x3F, 0x57, 0x06, 0xD6, 0x36,
    0x29, 0x27, 0xE5, 0xBA, 0x81, 0x39, 0xD1, 0xA9, 0xC1, 0x49, 0xA8, 0xC7, 0xAA, 0xF7, 0x9C, 0x9E,
    0x18, 0xE2, 0x65, 0x3E, 0x84, 0xBB, 0x3B, 0x78, 0xA9, 0xF8, 0xB4, 0x69, 0xED, 0xFF, 0xFE, 0xC3,
    0xF2, 0xC7, 0xFE, 0x97, 0xE5, 0xF6, 0xEB, 0x3A, 0x42, 0xA2, 0x8E, 0xEB, 0xAE, 0x6F, 0x01, 0xBD,
    0xAE, 0xBF, 0x2D, 0x0F, 0xB3, 0xA3, 0x7E, 0x25, 0x0F, 0xB8, 0x25, 0xE5, 0x20, 0xE8, 0x1C, 0x66,
    0xD8, 0x81, 0xC8, 0xD9, 0x01, 0x71, 0x75, 0x39, 0x82, 0x16, 0xF0, 0x59, 0x57, 0xE2, 0xCE, 0xC4,
    0x0B, 0x77, 0x81, 0x49, 0xB1, 0x1E, 0x20, 0xC3, 0x0F, 0xF0, 0x79, 0x0E, 0xCA, 0x3F, 0xE6, 0xC3,
    0x20, 0xFC, 0xDA, 0xDC, 0xEA, 0xBA, 0x2C, 0x4E, 0x8E, 0xD2, 0x81, 0x3F, 0x82, 0x2C, 0xF8, 0xCE,
    0xCD, 0xB2, 0x08, 0x01, 0x61, 0xD8, 0x9C, 0x43, 0x7A, 0x40, 0xA4, 0x00, 0xAC, 0xE5, 0xBC, 0x32,
    0xBF, 0x4B, 0x30, 0x12, 0xAD, 0x60, 0xB4, 0x27, 0x57, 0x7B, 0x80, 0x7F, 0xE0, 0xE6, 0x19, 0xA2,
    0x51, 0x1A, 0x68, 0xF7, 0xA2, 0x9A, 0x11, 0x5C, 0x16, 0x47, 0xC3, 0x21, 0xEB, 0x6A, 0x34, 0x64,
    0xFA, 0xF5, 0x41, 0xE3, 0x66, 0x7C, 0xC4, 0x58, 0x69, 0xCC, 0xE8, 0xBF, 0x28, 0xFB, 0x5A, 0xB3,
    0xE4, 0x51, 0x03, 0x01, 0xA1, 0x3E, 0xA0, 0x18, 0x2E, 0x0A, 0x03, 0x33, 0xD3, 0x81, 0xF6, 0x8E,
    0x7A, 0xD6, 0xD4, 0x92, 0x34, 0x5E, 0x07, 0x64, 0xF8, 0xF7, 0x7F, 0x21, 0xFD, 0x1E, 0xF0, 0x7A,
    0x18, 0x51, 0xEF, 0x05, 0x32, 0x42, 0xBA, 0xF4, 0x21, 0xAD, 0xDC, 0x56, 0x31, 0x22, 0xF1, 0x8C,
    0x5B, 0x91, 0x11, 0xD4, 0x99, 0x6E, 0x45, 0xB0, 0xC2, 0x54, 0x60, 0xAE, 0xA2, 0xDA, 0x4C, 0x76,
    0xE2, 0xCE, 0x92, 0x3B, 0x26, 0xDD, 0x56, 0x4A, 0x18, 0x9F, 0x76, 0x01, 0x48, 0xEA, 0x0B, 0x40,
    0x17, 0x43, 0x48, 0x7E, 0x0C, 0x8B, 0x49, 0x24, 0x89, 0x54, 0x9F, 0xFC, 0x9D, 0x23, 0x8E, 0x5E,
    0xEF, 0xAB, 0x04, 0x95, 0x68, 0x4D, 0x51, 0x53, 0x88, 0x5E, 0x62, 0x04, 0x63, 0x1F, 0x52, 0x13,
    0xF8, 0x41, 0x21, 0xD0, 0x27, 0x94, 0x77, 0x06, 0xBF, 0xAD, 0xA6, 0x37, 0x01, 0x97, 0x5F, 0x21,
    0xBA, 0x4B, 0xDA, 0x0D, 0xA9, 0x9F, 0xF3, 0x90, 0x3F, 0xDB, 0xFF, 0x26, 0xE8, 0xFA, 0x41, 0xD4,
    0x37, 0x1F, 0x1D, 0x9A, 0x8F, 0x9B, 0x3F, 0x48, 0x38, 0x9F, 0x45, 0x0C, 0x57, 0x8D, 0x3C, 0x59,
    0x57, 0xA8, 0xFB, 0x2E, 0x3D, 0x71, 0x43, 0xFE, 0xCA, 0x75, 0xFF, 0xC3, 0x65, 0x24, 0xE7, 0x76,
    0x0F, 0xF6, 0x25, 0xF0, 0x74, 0x3A, 0x10, 0xE2, 0xF0, 0x69, 0x14, 0x35, 0x74, 0xA4, 0xCE, 0x13,
    0x8B, 0x71, 0xB6, 0x0C, 0xDC, 0xA9, 0xDD, 0x60, 0xA8, 0xF0, 0x92, 0x8B, 0x09, 0x8E, 0xD8, 0xB2,
    0xB2, 0x7C, 0x23, 0x0B, 0x32, 0x5E, 0x4C, 0x0E, 0x60, 0x90, 0x63, 0x14, 0xC8, 0xBD, 0x04, 0x6B,
    0x7D, 0xEE, 0xAE, 0x74, 0x3A, 0xDF, 0xF6, 0x9D, 0x43, 0x2B, 0xC1, 0x95, 0xC5, 0x77, 0xEA, 0xED,
    0xD5, 0x8B, 0x64, 0xFE, 0xE3, 0xEF, 0x01, 0x43, 0x0C, 0x42, 0xCE, 0x50, 0x4B, 0x11, 0x4A, 0xE4,
    0xDC, 0xF5, 0x12, 0xD8, 0x09, 0x8E, 0x01, 0x1C, 0xD7, 0x2D, 0x2F, 0x2E, 0x2D, 0xB1, 0x0D, 0x89,
    0x24, 0x32, 0xFC, 0x40, 0x7B, 0x5F, 0x6A, 0x90, 0xC8, 0x64, 0xE4, 0xE4, 0x5F, 0x2D, 0xE4, 0xCB,
    0x71, 0xE2, 0x8E, 0x4F, 0x57, 0x81, 0xE1, 0x69, 0xF1, 0x69, 0x00, 0x8D, 0x82, 0xC1, 0x75, 0x1D,
    0xD0, 0x30, 0x99, 0xFF, 0xC9, 0x33, 0x44, 0x8A, 0xA6, 0x7B, 0x2B, 0xBE, 0xD0, 0xDE, 0xFB, 0x29,
    0xAA, 0x87, 0x3B, 0x80, 0x26, 0xC6, 0xD5, 0xB0, 0x5E, 0x59, 0x3E, 0x16, 0x4F, 0xA6, 0xD2, 0x3B,
    0x8B, 0x45, 0x38, 0x7A, 0x38, 0x01, 0x8F, 0xBD, 0x87, 0x08, 0x54, 0xAD, 0x4D, 0x43, 0x23, 0x7F,
    0x5D, 0x87, 0x08, 0x9D, 0x32, 0x39, 0x36, 0x32, 0xE8, 0x95, 0x72, 0x65, 0x4C, 0x76, 0xEC, 0x27,
    0xE3, 0x55, 0xB2, 0x62, 0xC6, 0x21, 0xC8, 0xEF, 0x6D, 0x82, 0xF3, 0x85, 0x95, 0xC2, 0x7B, 0x4B,
    0x39, 0x3D, 0xC0, 0x4E, 0xCC, 0xD6, 0x3E, 0xE4, 0x4A, 0xFB, 0x1D, 0x8E, 0xDE, 0x7D, 0x43, 0x56,
    0xE0, 0xD4, 0x87, 0x10, 0x3E, 0x72, 0x91, 0x86, 0x7C, 0x45, 0x65, 0xFB, 0xAD, 0x53, 0x34, 0x51,
    0x76, 0xBF, 0x4F, 0x74, 0xF1, 0x89, 0xEF, 0xCC, 0x38, 0x62, 0x2A, 0x70, 0xC4, 0xB0, 0xCF, 0xE3,
    0x00, 0x3C, 0x0B, 0xDE, 0xE5, 0x59, 0x2F, 0x8D, 0x91, 0x36, 0xF7, 0x96, 0xAA, 0x44, 0xD4, 0xA8,
    0xA4, 0xD1, 0xAE, 0x3F, 0xA3, 0xC9, 0x4F, 0x05, 0x03, 0xFD, 0x33, 0x8F, 0xF5, 0x4F, 0x3C, 0xD6,
    0x7F, 0x04, 0x74, 0xA0, 0xFF, 0x84, 0xF8, 0x14, 0xE0, 0xD0, 0xFA, 0x0D, 0x88, 0x3A, 0x00, 0xC7,
    0xD6, 0x99, 0x10, 0xDE, 0x5C, 0xA4, 0xCB, 0xC5, 0xD1, 0x85, 0xD2, 0x95, 0x46, 0x21, 0x07, 0x08,
    0xBE, 0xE0, 0x02, 0x65, 0x1E, 0xCD, 0x20, 0x38, 0x4B, 0xB3, 0xC9, 0x29, 0x14, 0x6B, 0xA9, 0x2C,
    0x7B, 0xE5, 0x93, 0x0C, 0x5A, 0x9C, 0x16, 0x68, 0xA9, 0x7A, 0xCF, 0x97, 0xA8, 0x61, 0xA3, 0xBA,
    0x42, 0x65, 0x31, 0x45, 0xE6, 0xDF, 0x92, 0xF1, 0x13, 0xD2, 0xDF, 0x25, 0x2D, 0x66, 0xE8, 0x9C,
    0xFA, 0x6A, 0x72, 0x34, 0x64, 0x3F, 0xEC, 0x20, 0xD1, 0x49, 0xD6, 0x2B, 0x64, 0xBE, 0x45, 0x46,
    0xC4, 0xAE, 0xB8, 0xEF, 0x11, 0x32, 0xBF, 0x42, 0xDA, 0xDF, 0xED, 0xCE, 0xE4, 0x91, 0x51, 0x7A,
    0xEC, 0x14, 0x99, 0x7D, 0x0F, 0xE2, 0xA6, 0xB1, 0xFD, 0x02, 0x25, 0xC2, 0x9C, 0xB9, 0xAC, 0x2D,
    0xD2, 0x2F, 0x1A, 0xC0, 0x08, 0xF5, 0xFA, 0x10, 0x0E, 0x97, 0x8F, 0xE0, 0x50, 0x9E, 0xC0, 0xA1,
    0x30, 0xED, 0x68, 0xD1, 0x01, 0x1F, 0x85, 0x87, 0xF0, 0x00, 0xFE, 0x2D, 0x96, 0xBE, 0xC5, 0x6C,
    0xBB, 0xF8, 0x50, 0x66, 0xE3, 0x9E, 0xCE, 0x16, 0xDD, 0xA8, 0x8D, 0xF9, 0x05, 0x1B, 0xCF, 0x02,
    0x3E, 0xEC, 0x00, 0x80, 0x18, 0xF9, 0x02, 0x0E, 0xC7, 0x5F, 0xC1, 0xD7, 0xE1, 0xB7, 0x68, 0xC0,
    0xC6, 0x23, 0xAD, 0x06, 0xB7, 0x49, 0x52, 0x9C, 0xAB, 0x10, 0xAF, 0xCB, 0x7F, 0x44, 0x55, 0x4B,
    0xFB, 0x49, 0xAB, 0x49, 0xEB, 0xFB, 0x91, 0x4D, 0xE5, 0x22, 0xC3, 0x41, 0x50, 0x11, 0x54, 0xE4,
    0x92, 0xAF, 0x2C, 0xBE, 0x54, 0xD7, 0x01, 0x2C, 0x0F, 0x73, 0x2C, 0xB2, 0x9A, 0x34, 0x00, 0x04,
    0x6A, 0xFA, 0x65, 0x45, 0x79, 0xD3, 0xC3, 0x57, 0x5C, 0x24, 0xCC, 0xC2, 0xE4, 0x99, 0x74, 0xAB,
    0x38, 0xFB, 0x1A, 0x1F, 0x14, 0x1E, 0xC2, 0x84, 0xF5, 0xD8, 0x82, 0x73, 0x3D, 0x57, 0x80, 0xD1,
    0x75, 0x1F, 0x2E, 0x30, 0x10, 0x70, 0xD7, 0x0E, 0xF6, 0x86, 0xAF, 0x2E, 0xF9, 0x45, 0x82, 0x1E,
    0x17, 0xC8, 0x58, 0x75, 0xB3, 0x54, 0xA8, 0x62, 0x1E, 0x47, 0x84, 0xCF, 0x9D, 0xC0, 0x03, 0x70,
    0xBE, 0x2F, 0xBD, 0x6C, 0xD5, 0x13, 0x39, 0x30, 0xF4, 0x86, 0x9F, 0xEF, 0xD1, 0xC3, 0x32, 0xA5,
    0x23, 0xAF, 0xE9, 0xA1, 0x63, 0x19, 0xBE, 0xF5, 0x41, 0xDA, 0xAF, 0x50, 0xAF, 0xCF, 0x7E, 0x4F,
    0x7D, 0x7C, 0x9C, 0x98, 0xA8, 0x55, 0xB1, 0x90, 0xDF, 0x90, 0x7B, 0x8A, 0x8D, 0x6C, 0x91, 0x53,
    0x81, 0xAD, 0x63, 0xE6, 0xBC, 0x88, 0x42, 0xAB, 0x56, 0x83, 0x64, 0x01, 0xE9, 0x01, 0xA3, 0xB3,
    0x68, 0x58, 0x62, 0xD3, 0x4B, 0x93, 0x63, 0x5E, 0xA1, 0xAF, 0x3C, 0xEE, 0x02, 0xC2, 0x4A, 0xDF,
    0x33, 0xA9, 0x46, 0x0D, 0xCC, 0xF5, 0x32, 0xD1, 0x25, 0x3A, 0x78, 0x95, 0x6C, 0x8F, 0xCC, 0x80,
    0xBA, 0x0E, 0x22, 0x53, 0xAA, 0xD7, 0x4C, 0x2D, 0x90, 0xA4, 0xC9, 0x5A, 0x30, 0x7B, 0x70, 0x34,
    0x38, 0x38, 0x3A, 0x81, 0x2C, 0x5F, 0x8A, 0x0F, 0xEE, 0x4F, 0xD5, 0x47, 0x3F, 0xE3, 0xC3, 0x93,
    0xCA, 0x18, 0xDA, 0x65, 0xFB, 0x1F, 0xD2, 0x27, 0x7D, 0xDA, 0xFC, 0x62, 0x4D, 0xC7, 0x07, 0x31,
    0xA3, 0x87, 0xB6, 0xFC, 0x00, 0x63, 0x14, 0x7E, 0x1B, 0x9C, 0x4B, 0xAA, 0x50, 0x4A, 0xF4, 0xAF,
    0x6B, 0x3F, 0x31, 0xFA, 0x21, 0x88, 0x5D, 0xE7, 0x1C, 0x64, 0x48, 0xD9, 0xCB, 0x96, 0x73, 0x9A,
    0xC8, 0xDB, 0xC4, 0x00, 0x36, 0x6F, 0x7A, 0x8F, 0xE1, 0xD1, 0xF3, 0x9B, 0x2E, 0xC3, 0x59, 0x03,
    0x1A, 0x44, 0xF4, 0xE8, 0x39, 0xCC, 0x60, 0xAA, 0x93, 0x94, 0x89, 0x28, 0xA3, 0xD0, 0xAE, 0x79,
    0xA4, 0xBD, 0x0D, 0x2E, 0x9F, 0x50, 0x1D, 0x03, 0x84, 0x17, 0x0E, 0xB6, 0x18, 0x48, 0x83, 0xC2,
    0xC4, 0xE8, 0xC3, 0x98, 0xC0, 0xF0, 0x31, 0xF0, 0x9B, 0x8D, 0xDF, 0x2A, 0x6F, 0x70, 0x20, 0x37,
    0x32, 0xEB, 0xEF, 0x56, 0x8F, 0xD8, 0x03, 0x90, 0x8F, 0x14, 0x62, 0x0C, 0xB9, 0x4D, 0xA7, 0x4C,
    0x87, 0x93, 0x07, 0x2A, 0xB2, 0xD1, 0x56, 0x45, 0xB6, 0xBA, 0xA1, 0x3D, 0x63, 0xF9, 0x95, 0x55,
    0xEA, 0x7D, 0x70, 0x12, 0xDB, 0x58, 0xBD, 0x1F, 0xF7, 0x45, 0x45, 0x72, 0xF5, 0xDE, 0xB1, 0x5E,
    0xBD, 0xB3, 0xC5, 0x70, 0x4D, 0xA4, 0x60, 0xB8, 0x22, 0xF7, 0x97, 0x7C, 0xB7, 0xE4, 0xB9, 0x48,
    0x64, 0xED, 0x8C, 0x9C, 0x2A, 0x92, 0xBE, 0x28, 0xD5, 0x42, 0x0C, 0x1A, 0x9F, 0xDB, 0x50, 0x1B,
    0x6E, 0xA3, 0x94, 0x5B, 0x1F, 0x1D, 0xAE, 0xC5, 0x2E, 0xAD, 0xBF, 0x6B, 0x7E, 0xD6, 0x20, 0xD2,
    0xB2, 0x06, 0x51, 0xA5, 0xBE, 0xFD, 0x6F, 0xB5, 0x86, 0xDB, 0xE9, 0x3E, 0x74, 0x52, 0x9E, 0x94,
    0xEB, 0x7F, 0x19, 0x5E, 0xFF, 0x8B, 0xF8, 0x80, 0x78, 0xF6, 0x3A, 0x77, 0xEE, 0x50, 0x9D, 0x57,
    0xC2, 0x3A, 0x52, 0xA4, 0xA5, 0x87, 0xD6, 0x59, 0x5F, 0xBB, 0xA8, 0xA4, 0xD9, 0x24, 0x20, 0x9A,
    0x6C, 0xFD, 0x27, 0x19, 0x2C, 0x29, 0xD4, 0x83, 0xBA, 0xD4, 0xCB, 0x01, 0x70, 0x7F, 0x95, 0xB4,
    0x59, 0x3A, 0xDD, 0x3B, 0x73, 0xA8, 0x6A, 0xFA, 0xEF, 0x1A, 0xC6, 0x35, 0xA9, 0x4D, 0x2D, 0x11,
    0xBD, 0xFC, 0x13, 0x55, 0x10, 0x1A, 0xB7, 0x6F, 0x78, 0xD6, 0xD2, 0x92, 0x2F, 0x80, 0x92, 0xB1,
    0xFE, 0x7A, 0xEC, 0x46, 0x2F, 0x90, 0x7A, 0xAC, 0xF2, 0x5F, 0xA3, 0x65, 0x20, 0x0B, 0xA5, 0xA5,
    0xE0, 0x73, 0xA2, 0x73, 0x54, 0x1F, 0xE9, 0x27, 0xED, 0xEE, 0x3C, 0x99, 0xCB, 0x28, 0xDB, 0x47,
    0x30, 0x5F, 0x54, 0xB3, 0xC8, 0x8A, 0x51, 0x66, 0x80, 0xAD, 0x71, 0xFF, 0x04, 0xD5, 0x63, 0x79,
    0xA7, 0xAC, 0x56, 0xFF, 0x29, 0x60, 0x65, 0x6B, 0x19, 0x7A, 0x58, 0x4F, 0x4F, 0x07, 0x0B, 0xA7,
    0xF2, 0xA5, 0xBA, 0x0E, 0x48, 0x0C, 0x14, 0x05, 0x1C, 0x32, 0x6F, 0x1B, 0xAF, 0x8A, 0x76, 0x0E,
    0xC7, 0xE2, 0x10, 0x01, 0x9F, 0x0A, 0x77, 0x53, 0x5F, 0x89, 0x38, 0xD0, 0x75, 0x2A, 0x4A, 0xB3,
    0x68, 0xE0, 0x76, 0x4A, 0x77, 0x90, 0xDC, 0x88, 0x5C, 0xC0, 0x72, 0x06, 0x77, 0xB2, 0x76, 0x2E,
    0x54, 0x56, 0x75, 0x42, 0x11, 0x78, 0x9E, 0xB6, 0xB5, 0x77, 0x05, 0xF2, 0xF3, 0xB7, 0x48, 0x7C,
    0x4F, 0xF5, 0xAA, 0xE6, 0xA4, 0xF8, 0x36, 0x18, 0x06, 0x10, 0x72, 0x25, 0x58, 0x54, 0x58, 0x26,
    0x74, 0x3F, 0xDF, 0xE3, 0xBE, 0x42, 0x6E, 0x9D, 0x5C, 0x98, 0xC8, 0x79, 0xB6, 0x92, 0xDA, 0x54,
    0x94, 0xCE, 0xA7, 0xF2, 0x4F, 0x3B, 0xCD, 0x27, 0xCE, 0xD0, 0x28, 0x72, 0xB7, 0x24, 0xD7, 0xDC,
    0x30, 0x99, 0x32, 0xEA, 0x01, 0x56, 0x4D, 0xED, 0x6C, 0x58, 0xBD, 0xD0, 0x4B, 0x3F, 0x8D, 0x7E,
    0x8D, 0xAE, 0x85, 0xD3, 0x88, 0x83, 0x40, 0x1A, 0x2B, 0xF0, 0x5A, 0x04, 0x41, 0x7D, 0x25, 0x20,
    0xFD, 0x0E, 0xD2, 0x4D, 0x18, 0xAB, 0x18, 0x29, 0x1A, 0x2E, 0x87, 0xB5, 0x24, 0x2E, 0xDF, 0xBA,
    0xF3, 0xDA, 0xD1, 0x15, 0xD2, 0x57, 0x49, 0xFF, 0xC8, 0xD7, 0x57, 0x42, 0xFD, 0xBD, 0xC8, 0x8A,
    0x17, 0xC7, 0xBF, 0xB9, 0x63, 0x0B, 0x4C, 0xA8, 0xA6, 0x9C, 0xF2, 0x3E, 0x63, 0x4D, 0x89, 0xF0,
    0x2F, 0xAE, 0x32, 0x41, 0x97, 0x7C, 0xF7, 0x59, 0x3F, 0x3D, 0x57, 0x4E, 0x37, 0xAF, 0x94, 0x76,
    0x44, 0xB5, 0x8D, 0xAA, 0x33, 0x60, 0x3A, 0x03, 0x1E, 0x13, 0x18, 0xA4, 0x46, 0x92, 0x7D, 0xAE,
    0x0D, 0x76, 0xF0, 0xD5, 0x8C, 0x27, 0xCA, 0x58, 0x73, 0x09, 0xE3, 0x1A, 0x80, 0x15, 0x60, 0xCB,
    0xB3, 0x18, 0x66, 0x3A, 0x98, 0xF5, 0x78, 0xB5, 0xCA, 0x8A, 0xAF, 0x93, 0xFA, 0xE7, 0xA6, 0x43,
    0x32, 0xCD, 0x67, 0x65, 0x3E, 0xB8, 0x7C, 0x80, 0x10, 0xF9, 0x50, 0xB9, 0xBD, 0xCA, 0x70, 0x43,
    0x59, 0xE0, 0x3C, 0x5C, 0x90, 0x2E, 0x73, 0xDA, 0xEC, 0x9D, 0x6E, 0xD5, 0xD3, 0x04, 0xDB, 0xCE,
    0xC6, 0x7F, 0x61, 0x2C, 0x23, 0x72, 0x4C, 0x05, 0xAE, 0x98, 0x0A, 0x6B, 0x73, 0x2B, 0x1C, 0xF8,
    0x50, 0x0C, 0x73, 0xE5, 0xF7, 0xA6, 0xC7, 0xDD, 0x5F, 0xA4, 0x49, 0xD5, 0x3F, 0xB3, 0xF5, 0x90,
    0x8A, 0xA2, 0x8C, 0xFC, 0x88, 0xAA, 0xAB, 0xE8, 0xA6, 0xC3, 0x85, 0xF5, 0xDA, 0xC0, 0x77, 0xC7,
    0x21, 0xED, 0xE4, 0x5E, 0x96, 0xBC, 0xB8, 0xB5, 0xEF, 0xEC, 0xA3, 0xFC, 0xD7, 0xFC, 0xF2, 0xCF,
    0xC3, 0xF2, 0xBD, 0x30, 0xFF, 0xA3, 0xD0, 0x29, 0xF9, 0x66, 0xC2, 0x50, 0xFD, 0x41, 0xD9, 0xE3,
    0xC5, 0x80, 0xF1, 0xCC, 0x10, 0x87, 0x00, 0x95, 0xE7, 0x69, 0x4B, 0xF6, 0xE8, 0xB0, 0x62, 0x84,
    0xE3, 0x19, 0xCC, 0x83, 0xAA, 0xD5, 0xE9, 0x3B, 0xF5, 0xD6, 0x5E, 0xC5, 0x36, 0xE2, 0xEC, 0x9C,
    0x36, 0xDE, 0xDA, 0xD7, 0x9A, 0x08, 0xF4, 0xDD, 0xED, 0xE5, 0x7E, 0xCC, 0x2D, 0x78, 0xCE, 0x01,
    0xFB, 0x15, 0x50, 0x5A, 0x6B, 0x21, 0x4E, 0x49, 0xF3, 0x75, 0x32, 0xFE, 0x47, 0x35, 0xFD, 0xEA,
    0x19, 0x99, 0xC9, 0xE6, 0x82, 0xA5, 0x8B, 0xAC, 0x3F, 0x27, 0xF3, 0x9F, 0xB3, 0x9A, 0x25, 0x7D,
    0x2E, 0xCE, 0xDB, 0x2F, 0xDC, 0x9F, 0x4F, 0x6E, 0x55, 0x52, 0xBC, 0x3B, 0x9F, 0x47, 0x3F, 0x5C,
    0xE7, 0xB3, 0x63, 0xFB, 0x51, 0xA4, 0xED, 0xC7, 0xAD, 0x7E, 0xCB, 0x0D, 0x86, 0xDF, 0x54, 0x0D,
    0x86, 0x88, 0x53, 0x44, 0x7B, 0xD6, 0x60, 0x48, 0xFD, 0x76, 0x26, 0xF5, 0xDB, 0x6A, 0xF5, 0x77,
    0x67, 0x57, 0x56, 0xCE, 0xF9, 0x4B, 0x77, 0xCE, 0xFA, 0x46, 0x68, 0xEE, 0x38, 0x00, 0xB6, 0xB9,
    0x17, 0x72, 0x2A, 0x45, 0xAB, 0x59, 0xB5, 0xA9, 0xC2, 0x6C, 0x4D, 0xFE, 0xD5, 0xDF, 0x17, 0xE8,
    0xD8, 0x6B, 0x05, 0x32, 0xFD, 0xCD, 0xC3, 0x4E, 0x18, 0x8D, 0x1A, 0x18, 0x5A, 0x36, 0xF0, 0xBC,
    0x6F, 0x5C, 0xE0, 0xBE, 0x67, 0x8B, 0xB2, 0xBE, 0xA7, 0xDE, 0x22, 0x56, 0x14, 0x60, 0x5D, 0x87,
    0xA2, 0xCC, 0xBF, 0x1C, 0xCB, 0x77, 0x2C, 0xCF, 0x41, 0x5E, 0xFB, 0xC8, 0xD3, 0x2C, 0xD5, 0x24,
    0x2C, 0x6D, 0xF2, 0xAF, 0xF5, 0x5E, 0xEA, 0xC3, 0x91, 0xFD, 0x78, 0x24, 0xFE, 0x44, 0xF1, 0xFC,
    0x4C, 0x44, 0x8F, 0x47, 0xF4, 0x70, 0xCA, 0xB3, 0xD5, 0x2D, 0x19, 0x91, 0xCE, 0x79, 0xD5, 0x2D,
    0x39, 0x2F, 0x69, 0x84, 0xBB, 0x25, 0x9B, 0x9A, 0x93, 0x73, 0x9E, 0xF8, 0x8B, 0x34, 0x21, 0x28,
    0xD2, 0xA2, 0xCA, 0xED, 0xE6, 0xC6, 0xC2, 0x0E, 0x29, 0xCC, 0x1D, 0x91, 0x9C, 0xDA, 0xAC, 0x75,
    0xE2, 0x4A, 0xD8, 0x86, 0x40, 0xEB, 0x8C, 0xBF, 0x8A, 0xF4, 0x07, 0x81, 0x4B, 0xEF, 0x63, 0x54,
    0x78, 0x0F, 0x21, 0x50, 0xBE, 0xA3, 0x6A, 0x58, 0x8A, 0x73, 0x94, 0xF5, 0x32, 0xD5, 0x2B, 0xF1,
    0x7E, 0xE7, 0x56, 0xB8, 0x72, 0x35, 0xAA, 0x24, 0x11, 0xDC, 0x1A, 0x50, 0x54, 0x0F, 0x4F, 0x70,
    0x97, 0x84, 0x9B, 0x1A, 0xCC, 0x6D, 0x01, 0xFF, 0x2A, 0xEC, 0xCE, 0x0D, 0xFF, 0x55, 0x12, 0xD6,
    0xE5, 0x83, 0x38, 0x8F, 0x32, 0xE7, 0x03, 0xEB, 0xB6, 0xB1, 0x7D, 0xAB, 0x4C, 0xA8, 0x5E, 0x78,
    0x0F, 0xEC, 0xFF, 0x94, 0x9A, 0xC0, 0xC7, 0xD9, 0x16, 0x21, 0x89, 0x87, 0xDF, 0xC1, 0x44, 0x2A,
    0xDE, 0x9E, 0x9A, 0x95, 0x5B, 0xF3, 0xCF, 0x07, 0x0A, 0x81, 0xE8, 0x61, 0x96, 0x8A, 0x6F, 0x46,
    0x5B, 0x53, 0xF1, 0x59, 0x3F, 0x0B, 0xF9, 0x31, 0x67, 0x1E, 0x8E, 0xB1, 0x46, 0x50, 0x9B, 0x62,
    0x97, 0xB5, 0x4C, 0xDF, 0x3A, 0xCF, 0xA9, 0x78, 0xB7, 0xAD, 0x90, 0x86, 0x0A, 0x22, 0xF0, 0xEC,
    0x41, 0x6A, 0x35, 0x4A, 0x76, 0xE8, 0x5F, 0x42, 0x5E, 0x1E, 0x19, 0x32, 0x8D, 0xDB, 0x3B, 0xE7,
    0x82, 0x7A, 0x25, 0xE0, 0x30, 0x60, 0x6A, 0x91, 0x79, 0x36, 0xD0, 0xAA, 0x6A, 0x9E, 0x2F, 0xDD,
    0x2F, 0x17, 0x9C, 0xE5, 0x6E, 0xB6, 0x6E, 0x7A, 0xE6, 0x79, 0xA9, 0xB1, 0x0F, 0xB7, 0xC0, 0xDE,
    0x86, 0xD8, 0x7F, 0xDF, 0x5C, 0x90, 0x64, 0x68, 0x21, 0xD7, 0xAA, 0x74, 0x68, 0xE7, 0xA6, 0x69,
    0xA4, 0x9C, 0x39, 0x48, 0xCB, 0x9A, 0x2D, 0x2E, 0x66, 0xA7, 0x2E, 0x76, 0xB4, 0xE5, 0x62, 0x10,
    0x45, 0xF7, 0xC6, 0x28, 0xB1, 0xB3, 0x8B, 0x0D, 0xAD, 0x79, 0x18, 0x8D, 0x7B, 0xBD, 0x33, 0xB6,
    0x5F, 0xF2, 0x44, 0x50, 0x92, 0x5D, 0xD1, 0x49, 0xD9, 0x19, 0x2D, 0xCB, 0xCE, 0xF8, 0x86, 0xEC,
    0x9C, 0x7C, 0x49, 0x76, 0x96, 0x46, 0x30, 0x84, 0xEC, 0x3C, 0x20, 0xBC, 0x4A, 0x57, 0xA9, 0x85,
    0x5A, 0x18, 0xD0, 0x07, 0xB4, 0xB7, 0x7E, 0x30, 0x87, 0x09, 0xB9, 0x8E, 0x6D, 0x77, 0x34, 0x50,
    0x8D, 0x8C, 0xB3, 0x92, 0xAB, 0xC6, 0x74, 0x0F, 0xF2, 0x67, 0xA4, 0x9F, 0x27, 0x63, 0x44, 0x1A,
    0x96, 0x67, 0x3D, 0xEB, 0x77, 0x3F, 0x13, 0xF4, 0xE9, 0xE1, 0x21, 0x2D, 0x4A, 0xAC, 0x46, 0x5B,
    0x1B, 0x75, 0x1D, 0xE6, 0x8D, 0x05, 0x76, 0xA7, 0x06, 0x0D, 0x14, 0x18, 0x2F, 0xE5, 0x56, 0xB9,
    0x3B, 0x88, 0xEA, 0x2E, 0x0F, 0x04, 0x73, 0x3E, 0x73, 0x18, 0xE3, 0x06, 0x69, 0x5F, 0xDF, 0x9D,
    0x21, 0xA7, 0x9E, 0x3C, 0x75, 0x3C, 0xB2, 0x1B, 0xC3, 0x27, 0xAA, 0x33, 0xF4, 0xCB, 0xC1, 0x3C,
    0xFD, 0x6A, 0x70, 0x84, 0xBE, 0x8B, 0xE5, 0x2F, 0x01, 0x7D, 0x4C, 0x25, 0x1E, 0xEF, 0x31, 0xE7,
    0x2E, 0x05, 0xD4, 0x69, 0x04, 0xFD, 0x43, 0x46, 0x30, 0xB8, 0x6A, 0x27, 0xE9, 0xDC, 0x3E, 0x42,
    0x31, 0x59, 0x12, 0xD4, 0xE6, 0x08, 0x99, 0x4B, 0x12, 0x09, 0x76, 0x54, 0x46, 0xA1, 0x94, 0x2F,
    0x0D, 0x93, 0x7B, 0x7B, 0xB5, 0x85, 0xF1, 0xD3, 0xFE, 0x18, 0xEF, 0x65, 0x1E, 0xF5, 0xB3, 0xBD,
    0x4C, 0xDA, 0xB2, 0x97, 0x19, 0x54, 0x12, 0xBF, 0xAD, 0xAD, 0xEB, 0x30, 0xAF, 0x59, 0xC4, 0x05,
    0x27, 0x6F, 0x57, 0x12, 0x4E, 0x92, 0x8E, 0xEA, 0x6D, 0xB6, 0x7F, 0x40, 0x03, 0x63, 0x1E, 0x87,
    0x0F, 0x95, 0x9B, 0x4A, 0x49, 0x54, 0xD0, 0x99, 0x8A, 0xBC, 0xE5, 0xEA, 0x9B, 0x59, 0x1F, 0xC9,
    0xAD, 0xA3, 0xE8, 0x06, 0xA0, 0x7A, 0xA1, 0x56, 0x76, 0xF2, 0x05, 0x6E, 0x7E, 0xE3, 0xD9, 0xE6,
    0xEF, 0x73, 0xC5, 0xB4, 0x17, 0x06, 0x6D, 0x3D, 0x8F, 0x9D, 0x7E, 0xE8, 0xE0, 0xFD, 0xD8, 0xA8,
    0xD7, 0x61, 0x44, 0xEC, 0xFD, 0x27, 0x3E, 0x5E, 0x64, 0xE1, 0xD7, 0xFB, 0x30, 0xEA, 0x2F, 0x7B,
    0x7B, 0xDC, 0x06, 0x61, 0x2D, 0xB5, 0xEF, 0xA7, 0xBD, 0xEC, 0xD4, 0x52, 0xCF, 0xE1, 0x57, 0x31,
    0x9F, 0xFB, 0xEC, 0x9C, 0xF4, 0x56, 0x39, 0xD4, 0xF7, 0xF7, 0x51, 0xCF, 0x04, 0xBB, 0x94, 0xDE,
    0xE4, 0x6E, 0xCD, 0x26, 0x9C, 0xCD, 0xAF, 0x52, 0xF3, 0xB3, 0x0B, 0x47, 0x8E, 0x50, 0x60, 0x78,
    0xD0, 0x0D, 0x2F, 0xD8, 0x99, 0x1F, 0xF8, 0xB3, 0xCB, 0xB9, 0x69, 0x6E, 0x9E, 0x26, 0x72, 0xF7,
    0x7D, 0xE0, 0xA7, 0xC8, 0x68, 0x3E, 0x70, 0x03, 0x06, 0xC5, 0xEE, 0x8A, 0x47, 0x67, 0xF6, 0xC0,
    0x0A, 0x5A, 0x7A, 0x2E, 0xAB, 0x6B, 0x77, 0xE4, 0xA6, 0x91, 0x7E, 0x5D, 0x6A, 0x67, 0x36, 0x35,
    0x90, 0x0A, 0xBC, 0x7B, 0x9B, 0x91, 0xB3, 0xA5, 0x81, 0x94, 0xA7, 0x7D, 0xFB, 0xD3, 0xA6, 0x4A,
    0x56, 0x74, 0xA4, 0x3B, 0x60, 0xBC, 0xFD, 0x65, 0x67, 0x9D, 0xA4, 0x2D, 0xAC, 0x4A, 0x49, 0x23,
    0x65, 0xB5, 0xB5, 0x17, 0xD5, 0xC8, 0x7A, 0x51, 0x2F, 0xCC, 0xC9, 0xC9, 0xB1, 0x4D, 0x1C, 0x76,
    0x9A, 0xD5, 0x8E, 0xAC, 0x36, 0xCE, 0x6A, 0x27, 0x9E, 0xAD, 0xDB, 0xF6, 0xB2, 0xAF, 0x08, 0x57,
    0x8B, 0x94, 0x11, 0x6C, 0xDF, 0x85, 0x50, 0xFA, 0xD9, 0xCB, 0x36, 0xB2, 0x36, 0xAA, 0x4A, 0x31,
    0x68, 0xDD, 0xF6, 0x0A, 0x39, 0x82, 0x7D, 0x72, 0x9F, 0xEB, 0x79, 0x32, 0x23, 0xD5, 0xE7, 0x52,
    0x61, 0x19, 0x39, 0xFA, 0xA4, 0xDA, 0x24, 0x4A, 0x43, 0x8E, 0xFE, 0xF9, 0xBD, 0x6D, 0x50, 0xA7,
    0x51, 0xA7, 0x7F, 0xCF, 0xCC, 0x7F, 0x5B, 0x6A, 0x6F, 0x92, 0xF1, 0x5B, 0x7B, 0x9B, 0xF6, 0xAF,
    0xB3, 0x6F, 0x77, 0x0D, 0x7E, 0x9C, 0x99, 0x5F, 0xE7, 0x60, 0xB9, 0xEB, 0xDE, 0x35, 0xB5, 0x91,
    0x35, 0x40, 0xED, 0xA9, 0x3D, 0xEE, 0xB0, 0x4D, 0xB5, 0xB5, 0x1E, 0xDF, 0x5E, 0xF9, 0xAF, 0x83,
    0xD4, 0x6C, 0x33, 0xD5, 0x6D, 0x5B, 0xEF, 0x00, 0xA0, 0x8E, 0xF5, 0xA9, 0x25, 0xA3, 0x7C, 0x94,
    0x46, 0x96, 0x8F, 0xB1, 0x29, 0xAD, 0x9A, 0x3D, 0x3F, 0x44, 0x80, 0x3E, 0x98, 0x45, 0x96, 0x5D,
    0xB6, 0xB0, 0x76, 0xE9, 0x38, 0x44, 0x9C, 0xF3, 0xB4, 0x79, 0x85, 0xCF, 0x68, 0x7B, 0xF7, 0x21,
    0x40, 0x9D, 0x13, 0x70, 0xBB, 0x71, 0x0F, 0x10, 0x1E, 0x69, 0xF9, 0x2B, 0xAA, 0xC4, 0x78, 0x30,
    0x84, 0x3F, 0x41, 0xDA, 0x4C, 0xDA, 0xC1, 0xDC, 0xC2, 0xD3, 0x86, 0x99, 0x6F, 0xE2, 0x19, 0x6F,
    0xE4, 0xE3, 0x26, 0x72, 0x03, 0x9F, 0xE0, 0xFF, 0x00, 0x9D, 0x97, 0x3F, 0x68, 0x24, 0x55, 0x1C,
    0xC7, 0x3F, 0x6F, 0x66, 0x93, 0xBD, 0xEC, 0x66, 0xF3, 0x82, 0x44, 0x38, 0x61, 0x71, 0xAE, 0xB0,
    0x48, 0x61, 0x76, 0xAF, 0x48, 0x21, 0xB8, 0x1B, 0xDF, 0x5D, 0x23, 0x88, 0xE8, 0x22, 0x82, 0x85,
    0xE0, 0xA5, 0x5C, 0xAE, 0xF0, 0x2C, 0xAE, 0xB0, 0xD8, 0xBB, 0x8C, 0x77, 0xA0, 0x9D, 0x04, 0x1B,
    0x11, 0x84, 0x2C, 0x9E, 0xA0, 0xA4, 0x4A, 0x71, 0x45, 0x8A, 0xE0, 0x4D, 0x67, 0xBB, 0x60, 0x79,
    0x20, 0x5B, 0x5D, 0xA3, 0x91, 0x2D, 0x56, 0x38, 0xBC, 0x35, 0xEB, 0xEF, 0xCD, 0xFE, 0x49, 0x62,
    0x36, 0x79, 0x6F, 0x32, 0xFB, 0x86, 0x1D, 0x98, 0x37, 0xDF, 0xEF, 0xF7, 0xF7, 0x7B, 0xBF, 0xF7,
    0xFD, 0xCD, 0xD0, 0x84, 0x01, 0xFC, 0x45, 0xB0, 0x43, 0xF8, 0xBE, 0x09, 0x8B, 0x71, 0xF1, 0xE3,
    0x64, 0xE9, 0xA3, 0x4E, 0x39, 0xE8, 0xAE, 0xAA, 0xDE, 0xB0, 0x28, 0xF7, 0x60, 0x3F, 0x1D, 0xE9,
    0x11, 0x0D, 0x58, 0xAB, 0x43, 0x85, 0xC2, 0x11, 0xF5, 0x0A, 0xAD, 0x0D, 0x6A, 0x1B, 0x54, 0x77,
    0x8C, 0xDC, 0x0A, 0x3B, 0x76, 0x8C, 0xE7, 0xBF, 0x07, 0xAF, 0xC3, 0x35, 0x70, 0xE1, 0x2B, 0xC3,
    0xFC, 0x1E, 0x7C, 0x06, 0x09, 0x98, 0x8B, 0xF0, 0xA1, 0x41, 0x33, 0x51, 0xBF, 0xA3, 0x94, 0x1B,
    0xD6, 0x4E, 0x0F, 0x4D, 0xD8, 0x67, 0xA1, 0xEC, 0x90, 0x7D, 0x05, 0xE6, 0x9B, 0xF8, 0xC3, 0x5E,
    0x87, 0x7C, 0xCF, 0x0D, 0x6B, 0x83, 0x51, 0x1D, 0x9A, 0xB1, 0x2F, 0x72, 0x41, 0x04, 0xE3, 0x23,
    0x58, 0x3D, 0x33, 0xE1, 0xA7, 0x16, 0xD0, 0x13, 0x59, 0xA6, 0x68, 0x99, 0xB0, 0x49, 0xE8, 0x23,
    0x7B, 0x05, 0xFE, 0x25, 0xF8, 0xCA, 0x2F, 0xC3, 0xFD, 0x74, 0x88, 0xA4, 0x86, 0x05, 0x2F, 0x95,
    0xBD, 0x2B, 0x44, 0x8E, 0x45, 0xD4, 0x07, 0x70, 0x94, 0x32, 0x3A, 0xB9, 0x36, 0x6D, 0x79, 0x94,
    0xEE, 0x12, 0x76, 0x9D, 0x69, 0x87, 0x76, 0x06, 0xE4, 0x79, 0x08, 0x8C, 0x1F, 0xF2, 0x6B, 0x50,
    0xCE, 0xA2, 0x59, 0x90, 0x25, 0xD8, 0xD8, 0x0F, 0xFC, 0x19, 0xEA, 0x13, 0xB8, 0x01, 0x87, 0x5E,
    0xE0, 0x76, 0x4D, 0xFB, 0xE4, 0x96, 0x29, 0xAD, 0xBB, 0xC1, 0xA5, 0x48, 0xD4, 0x53, 0x38, 0xF0,
    0x5B, 0xD3, 0xC9, 0x66, 0xCF, 0xE5, 0x58, 0xF2, 0x50, 0x3E, 0x5D, 0xD3, 0xDB, 0xBB, 0x71, 0x74,
    0x33, 0xD1, 0x2A, 0xD1, 0xA2, 0x4D, 0xC6, 0x11, 0xE3, 0x0B, 0x62, 0x4D, 0x67, 0x6B, 0x98, 0xD8,
    0x49, 0xBD, 0x74, 0xD8, 0x43, 0x3F, 0xAF, 0x57, 0x6A, 0xD1, 0xD6, 0xB0, 0x45, 0x8D, 0xCA, 0xBC,
    0xA5, 0x0E, 0xBA, 0x81, 0x90, 0xA9, 0x3E, 0x4A, 0x9C, 0xE3, 0xAE, 0xDD, 0xED, 0x4E, 0x48, 0x65,
    0x82, 0x3D, 0xB1, 0x8E, 0x04, 0x73, 0x16, 0x4E, 0xDD, 0xA0, 0xF8, 0x0F, 0x57, 0x5A, 0x1E, 0x28,
    0xE8, 0xC3, 0xAB, 0xFB, 0xB3, 0x24, 0xA1, 0x62, 0xF5, 0x88, 0xB0, 0x69, 0x93, 0xE1, 0x15, 0xDF,
    0x89, 0x1D, 0xAC, 0x9F, 0xDB, 0x54, 0xD5, 0x22, 0xB6, 0x86, 0xB4, 0x10, 0x48, 0xC1, 0x64, 0x94,
    0x62, 0xB1, 0xC5, 0x57, 0xDA, 0xFE, 0xB0, 0xD7, 0xC5, 0x70, 0x2C, 0xE6, 0x2C, 0x7D, 0x62, 0x5E,
    0x46, 0xFD, 0xE0, 0x8D, 0x55, 0xF0, 0x95, 0x98, 0xFF, 0x8E, 0x85, 0x03, 0x94, 0xB7, 0x4A, 0x65,
    0x3D, 0x66, 0x33, 0x3C, 0x4F, 0x67, 0xC3, 0x92, 0x16, 0x16, 0xB3, 0x15, 0x89, 0x6A, 0x84, 0xBD,
    0x52, 0xF9, 0xFC, 0x52, 0x89, 0xCC, 0x4B, 0x49, 0xDE, 0xCC, 0x71, 0x7B, 0x3B, 0x32, 0x9A, 0xD3,
    0xBF, 0xAD, 0x4E, 0x8E, 0x37, 0xC9, 0x8B, 0xCB, 0xC0, 0x13, 0xAA, 0x27, 0x7E, 0x4F, 0x92, 0xD9,
    0xF3, 0x49, 0xFF, 0x6D, 0x3F, 0xA8, 0xB2, 0x30, 0xE3, 0x29, 0x5B, 0xFE, 0x15, 0xAB, 0xEA, 0x17,
    0x53, 0x7C, 0xD0, 0x8D, 0xE8, 0x6F, 0xB0, 0x5F, 0xE7, 0x60, 0x3A, 0x2A, 0xF4, 0xF5, 0xCD, 0x6E,
    0x30, 0x8C, 0xAD, 0xF4, 0x51, 0x36, 0x47, 0x85, 0x3E, 0xA0, 0x1E, 0x51, 0xD3, 0xA6, 0x95, 0x0E,
    0xB9, 0x58, 0x8B, 0xC6, 0x49, 0x96, 0x20, 0x54, 0xBA, 0xBF, 0xB8, 0x07, 0xEF, 0x58, 0x7B, 0x61,
    0xD9, 0x0F, 0xDF, 0x10, 0xCA, 0x0E, 0x59, 0x1F, 0x37, 0x4D, 0x4B, 0xA1, 0x67, 0x53, 0x58, 0xDF,
    0x5F, 0x4D, 0x78, 0x9A, 0x9A, 0x80, 0x0F, 0xF2, 0xA4, 0x6F, 0x16, 0xCA, 0x13, 0xF1, 0xE7, 0x20,
    0xDB, 0xBE, 0xB9, 0x4A, 0x26, 0xE4, 0x51, 0xEB, 0x74, 0x22, 0xA7, 0xAD, 0xB3, 0x9D, 0x4D, 0xF6,
    0xA4, 0xB0, 0xDD, 0xE0, 0x7F, 0x9B, 0xE0, 0x16, 0x64, 0x51, 0x2E, 0x9B, 0x6C, 0xE9, 0x74, 0x03,
    0xBD, 0x08, 0x7F, 0xC5, 0x36, 0x08, 0xF5, 0xD0, 0x64, 0xAA, 0x13, 0x95, 0x6E, 0x90, 0x52, 0xD9,
    0xBB, 0x60, 0xE6, 0xC4, 0x7B, 0x23, 0xF9, 0x7F, 0x23, 0x90, 0x10, 0xDE, 0x8E, 0x8B, 0x0F, 0x7E,
    0x8B, 0x23, 0x5E, 0xB0, 0x21, 0x2E, 0x5F, 0xFF, 0xDF, 0x29, 0x84, 0x08, 0x23, 0xD3, 0x65, 0x10,
    0x85, 0x9F, 0x43, 0x47, 0x10, 0x7A, 0x7A, 0xB0, 0x57, 0xD7, 0xDB, 0x33, 0xB9, 0x44, 0xD2, 0x68,
    0x1F, 0xAE, 0x66, 0xA7, 0x98, 0x93, 0x85, 0x8E, 0xDD, 0x14, 0xB6, 0xEC, 0x6D, 0xDD, 0xDB, 0xC2,
    0x67, 0xF9, 0x12, 0x91, 0x1C, 0x6F, 0x03, 0x83, 0xB9, 0x90, 0xA9, 0x61, 0x08, 0x8E, 0x62, 0x82,
    0x28, 0x3B, 0x8B, 0xED, 0xB5, 0x87, 0x5C, 0xDD, 0x77, 0x05, 0xC3, 0x25, 0x02, 0x90, 0xF5, 0x9F,
    0x1A, 0x05, 0x0E, 0x82, 0xE9, 0xE2, 0xEF, 0x7E, 0xF3, 0x73, 0xD5, 0xB4, 0x23, 0xCE, 0x8E, 0x6D,
    0xFD, 0x45, 0x12, 0x0E, 0xCD, 0x18, 0xB9, 0x35, 0xC6, 0xBD, 0x5F, 0x8D, 0x2B, 0xFA, 0x78, 0x54,
    0x75, 0x1C, 0xDD, 0x8A, 0xF5, 0x1F, 0xDD, 0x53, 0x0D, 0xF9, 0xC4, 0x3B, 0xBB, 0x17, 0x7E, 0x63,
    0x92, 0xFA, 0x8E, 0x8B, 0x42, 0x8A, 0x81, 0x57, 0xE5, 0x5C, 0x0F, 0x04, 0xF9, 0xDB, 0xB8, 0xCA,
    0x23, 0xC9, 0xCF, 0x4F, 0x52, 0xBD, 0x8F, 0xE5, 0x6C, 0x9F, 0x39, 0x75, 0x9C, 0x30, 0xE6, 0x80,
    0x97, 0xD3, 0x52, 0xED, 0xE6, 0xC4, 0x7C, 0xEF, 0x57, 0xBF, 0xAE, 0xE8, 0xEF, 0x2B, 0xBA, 0x73,
    0x96, 0xE2, 0x64, 0xA9, 0x66, 0xA5, 0xB0, 0xA5, 0x2A, 0x26, 0xDA, 0x71, 0x50, 0xA4, 0xEF, 0x44,
    0x92, 0x20, 0x9B, 0x21, 0xAE, 0x5D, 0x22, 0x92, 0xE3, 0x7C, 0xB9, 0x98, 0xD2, 0x52, 0x4D, 0xD2,
    0x52, 0xCD, 0xCA, 0x32, 0x79, 0xE7, 0x71, 0x51, 0x70, 0x89, 0x00, 0x5A, 0x1C, 0x57, 0x14, 0x2E,
    0x82, 0x69, 0x0B, 0x17, 0x27, 0xEF, 0xD9, 0xB0, 0x77, 0xBF, 0xFC, 0xF1, 0x2D, 0xD5, 0x8D, 0xA4,
    0xF1, 0x3F, 0x34, 0xF9, 0x5F, 0x09, 0x0F, 0x51, 0x83, 0xC9, 0xF7, 0x43, 0x9F, 0xFC, 0x70, 0x6A,
    0x19, 0xF6, 0xA9, 0x61, 0x14, 0xD7, 0x0B, 0x54, 0x16, 0xD1, 0x8B, 0x14, 0x9B, 0xB6, 0x67, 0x88,
    0xF3, 0xCA, 0xCB, 0xB4, 0x12, 0x39, 0x31, 0x77, 0xE0, 0x43, 0xDC, 0x80, 0x27, 0xBF, 0x4F, 0x1C,
    0x98, 0x3B, 0xDC, 0x89, 0x2C, 0xA6, 0x5D, 0xE4, 0x77, 0xC5, 0x53, 0xD3, 0x4D, 0xE0, 0xC4, 0x17,
    0xF3, 0x99, 0x7E, 0xB8, 0xFA, 0x69, 0xB6, 0x8F, 0xBC, 0x60, 0x6E, 0xCD, 0x0D, 0x6E, 0x3D, 0xE7,
    0x4F, 0x56, 0x1E, 0xFB, 0x22, 0xFF, 0x07, 0x7D, 0x54, 0x4F, 0x6C, 0xDB, 0x64, 0x14, 0xFF, 0xD9,
    0x6E, 0x66, 0x68, 0xD2, 0x25, 0x52, 0x1D, 0x54, 0xD1, 0x64, 0xAD, 0x50, 0x91, 0x4C, 0x65, 0xDA,
    0xC0, 0x22, 0xB0, 0xC6, 0x67, 0xFA, 0x6D, 0xE2, 0x06, 0x87, 0x1C, 0x1A, 0x89, 0x63, 0x0E, 0x48,
    0x78, 0xE5, 0xB0, 0x1D, 0x2C, 0x14, 0x81, 0x8B, 0x3F, 0x71, 0xE6, 0x10, 0x09, 0x04, 0x37, 0xF0,
    0xA1, 0x12, 0x23, 0xA7, 0x4C, 0x8A, 0xB4, 0x48, 0x84, 0xC6, 0x1A, 0x37, 0x10, 0x55, 0xD6, 0x1B,
    0x07, 0x84, 0x11, 0x3D, 0x71, 0x21, 0x15, 0x96, 0xA8, 0x04, 0x5B, 0xF6, 0x3E, 0xA7, 0x6B, 0x32,
    0x56, 0xF1, 0xDE, 0xF3, 0xA7, 0xF7, 0xE7, 0x7B, 0xBF, 0xEF, 0x7B, 0xCF, 0xCF, 0x46, 0x6D, 0x4A,
    0x30, 0xCD, 0xEB, 0xC6, 0x23, 0x02, 0x32, 0x78, 0x0F, 0xDB, 0xA8, 0x3D, 0xC1, 0x80, 0x81, 0x2B,
    0x3C, 0xC3, 0x95, 0x27, 0x78, 0x80, 0x1D, 0xC8, 0x27, 0x78, 0x00, 0xAC, 0xB7, 0x79, 0x2A, 0xED,
    0x36, 0xD2, 0xA5, 0x58, 0xAF, 0xD7, 0x27, 0xCB, 0x55, 0x7C, 0xFA, 0x3F, 0x7C, 0x0D, 0xEB, 0xB7,
    0x8A, 0xDB, 0x5B, 0xFF, 0xD2, 0xF9, 0x66, 0x95, 0x59, 0xA6, 0x53, 0x2E, 0x35, 0xC0, 0x9C, 0x5C,
    0x15, 0x4B, 0x8E, 0x6D, 0x66, 0x32, 0x73, 0x66, 0xA3, 0x1A, 0xB3, 0xC4, 0xEA, 0x98, 0x0D, 0x27,
    0x29, 0x7B, 0xA5, 0x4A, 0x43, 0x00, 0x2C, 0x71, 0xBA, 0xB9, 0x4A, 0x75, 0x08, 0x2C, 0x91, 0xD7,
    0x8E, 0xCD, 0x30, 0x63, 0x28, 0xD0, 0xB8, 0x86, 0x45, 0x23, 0x38, 0xD1, 0xB8, 0x2E, 0x74, 0x2E,
    0xAD, 0x09, 0xAB, 0x90, 0xB1, 0xC5, 0x02, 0x45, 0xA0, 0x0B, 0xE9, 0x91, 0xD1, 0xA0, 0xF7, 0xEE,
    0x3B, 0x1A, 0x57, 0xF9, 0x3C, 0xB6, 0x22, 0xC9, 0x2B, 0x1C, 0xE0, 0x68, 0x22, 0x10, 0x1F, 0xA1,
    0x21, 0x8B, 0x76, 0x2C, 0xE3, 0x29, 0xE7, 0x75, 0xAB, 0x0C, 0xCC, 0x25, 0xFE, 0x46, 0xC2, 0x5E,
    0x24, 0x27, 0x1C, 0x87, 0x96, 0x9D, 0x73, 0xBA, 0x24, 0xFB, 0xB4, 0x7E, 0x4E, 0x8F, 0x14, 0x6E,
    0xEC, 0xEF, 0xEF, 0x9F, 0xB5, 0xD9, 0xF8, 0x4C, 0x7C, 0x33, 0x35, 0x9E, 0x51, 0x77, 0xCE, 0xF4,
    0x15, 0x41, 0xA7, 0xDA, 0x43, 0xAA, 0xC9, 0x3B, 0x8E, 0x80, 0x9B, 0x7F, 0xD1, 0x7D, 0xBC, 0xBF,
    0x8B, 0x4A, 0xCD, 0xFE, 0xF9, 0xCE, 0x9B, 0xCD, 0xEC, 0x5B, 0x87, 0x07, 0x16, 0x9E, 0x3F, 0xFC,
    0xC5, 0xC2, 0x4B, 0x87, 0x3F, 0x59, 0x68, 0xFD, 0x4E, 0x66, 0xF4, 0xA1, 0xDE, 0x95, 0x97, 0x42,
    0x9A, 0x7B, 0x9A, 0x7D, 0x9A, 0x7F, 0x8A, 0x70, 0x8A, 0x91, 0x41, 0x8A, 0xF2, 0x7E, 0x94, 0xE2,
    0x1C, 0x0F, 0x09, 0xE9, 0xA0, 0xF4, 0xDB, 0x90, 0xB0, 0x0E, 0x4A, 0x64, 0x49, 0xB4, 0xDB, 0x51,
    0x8A, 0xF7, 0x5A, 0x9A, 0x44, 0x64, 0xFA, 0x5E, 0x68, 0xBA, 0x7E, 0xD7, 0x1B, 0x85, 0x43, 0xD3,
    0xDD, 0xF3, 0xBB, 0x23, 0xEF, 0x78, 0x18, 0xDE, 0x8B, 0x5C, 0x66, 0x2D, 0xB8, 0x7B, 0xAC, 0x69,
    0xB1, 0x85, 0x92, 0xBB, 0x17, 0xB2, 0x66, 0x62, 0x31, 0x6F, 0xA1, 0xB4, 0x76, 0x01, 0x79, 0x51,
    0x8E, 0xAA, 0xF1, 0xEA, 0x2A, 0xA8, 0xC3, 0x17, 0xC1, 0x88, 0x2F, 0x92, 0x46, 0xD7, 0x42, 0x19,
    0x79, 0xE2, 0x32, 0xAA, 0x04, 0x0B, 0xCB, 0xB1, 0xF2, 0x46, 0x47, 0xBB, 0x1B, 0x19, 0xFF, 0x18,
    0x0E, 0x73, 0xCC, 0x81, 0xA9, 0x7E, 0x1F, 0x65, 0x31, 0xB2, 0x1C, 0x56, 0x60, 0x73, 0xAE, 0xEB,
    0xF7, 0x58, 0x93, 0x35, 0x6D, 0xCF, 0xAE, 0xDA, 0x95, 0xC2, 0x2A, 0x0A, 0xD2, 0x06, 0x96, 0x8F,
    0xB0, 0xBB, 0x82, 0x2B, 0x5F, 0x71, 0xF5, 0x57, 0x12, 0x28, 0x27, 0x50, 0x22, 0xF9, 0xC2, 0x88,
    0xB4, 0x21, 0xB4, 0xB4, 0xE2, 0x62, 0x7D, 0xBD, 0x5D, 0x43, 0xC6, 0x86, 0xA5, 0x8F, 0xD3, 0x4E,
    0x14, 0x39, 0xF4, 0xF1, 0x7D, 0x3A, 0x58, 0xE7, 0x05, 0xB9, 0x79, 0x15, 0x15, 0xB4, 0x10, 0xA9,
    0x34, 0x1A, 0x59, 0x9E, 0x8B, 0xD6, 0x5A, 0x95, 0x4A, 0x6B, 0x8D, 0xA6, 0x03, 0xE9, 0x3D, 0xEF,
    0xD0, 0x31, 0x2B, 0x94, 0xF7, 0x6D, 0x8F, 0xEC, 0x02, 0xB4, 0x6B, 0x3A, 0x2E, 0xBF, 0xFD, 0x45,
    0x65, 0xF3, 0x64, 0x10, 0x6F, 0x1E, 0xDD, 0x88, 0x2F, 0xBB, 0x5F, 0x57, 0x34, 0xA1, 0xD3, 0x5B,
    0x0E, 0xC4, 0x96, 0xA0, 0x8F, 0xA2, 0x82, 0x90, 0xB0, 0x68, 0xA0, 0xE6, 0x91, 0xA3, 0xBA, 0xA4,
    0x59, 0xE4, 0xDF, 0xF1, 0x3E, 0x1E, 0xF1, 0xFE, 0x8C, 0x1E, 0x88, 0x22, 0x5F, 0x11, 0xD9, 0x33,
    0xBE, 0x31, 0xA3, 0x07, 0x62, 0x39, 0xDE, 0x1C, 0xFA, 0x7E, 0xBF, 0x67, 0x3B, 0x1E, 0x83, 0x03,
    0x9F, 0xB8, 0xA7, 0xC6, 0x6A, 0x4C, 0xA3, 0x4C, 0xE3, 0x2B, 0x07, 0x58, 0x81, 0x1E, 0x65, 0x85,
    0x2E, 0xB2, 0x69, 0xC9, 0xCB, 0xB1, 0xEB, 0xFB, 0xBE, 0xED, 0xF8, 0x70, 0x18, 0x7C, 0x5B, 0x8D,
    0x6D, 0x8D, 0x57, 0x55, 0x14, 0xA8, 0x14, 0x3D, 0xF2, 0x75, 0xE1, 0xD3, 0x1E, 0x77, 0xB3, 0xE5,
    0x9F, 0x24, 0xAC, 0xE3, 0x33, 0xF4, 0x6D, 0x24, 0xB6, 0x36, 0xB4, 0xB3, 0xE9, 0x0E, 0xC0, 0xCF,
    0x73, 0x96, 0x97, 0x4A, 0x41, 0x09, 0xC6, 0x5B, 0xE3, 0xF9, 0x2F, 0xB1, 0x40, 0x25, 0x94, 0xB0,
    0x46, 0x45, 0x54, 0x68, 0xFA, 0x6B, 0xC5, 0x6D, 0x6C, 0x8C, 0x79, 0x6E, 0x20, 0x72, 0x83, 0x28,
    0x5D, 0x91, 0x0B, 0x91, 0x6B, 0x3D, 0x26, 0xA5, 0x10, 0xAE, 0x2B, 0x41, 0x36, 0xFF, 0xE4, 0xC1,
    0x27, 0x98, 0x08, 0xE9, 0x93, 0xF1, 0xD9, 0x18, 0x23, 0x17, 0x88, 0x89, 0x90, 0x4E, 0xA4, 0x60,
    0x91, 0x7F, 0xE0, 0xE7, 0xE3, 0xA0, 0xBF, 0xF8, 0x86, 0xCA, 0x91, 0x24, 0xF2, 0xFC, 0x6E, 0x12,
    0x56, 0xA1, 0x3C, 0xE0, 0x97, 0xAE, 0xC6, 0x55, 0x1A, 0x94, 0xC7, 0x69, 0x15, 0x66, 0x19, 0x1D,
    0x7D, 0x2C, 0xFE, 0x93, 0xAD, 0x89, 0x59, 0x24, 0x4F, 0xF4, 0xA3, 0xE7, 0x84, 0xFC, 0xDC, 0xE7,
    0xD3, 0x32, 0x96, 0xF8, 0x2B, 0xF1, 0xCB, 0x31, 0xF0, 0xEC, 0x85, 0x57, 0x7F, 0xB8, 0xD9, 0xA7,
    0xCC, 0x36, 0xBF, 0x54, 0xEF, 0x36, 0xF0, 0xB4, 0x44, 0x11, 0x2F, 0xDC, 0xCA, 0x8F, 0x82, 0xFB,
    0xCB, 0x47, 0x1B, 0x3D, 0x55, 0xA4, 0x87, 0x38, 0xC4, 0x48, 0x90, 0x9C, 0xE9, 0x34, 0xEC, 0xA1,
    0xDF, 0x3D, 0x8E, 0xBD, 0xE3, 0xC3, 0x28, 0xBC, 0x77, 0x57, 0xD6, 0xA3, 0x8C, 0xA4, 0x10, 0x25,
    0xDA, 0x90, 0x64, 0xD6, 0x73, 0xAE, 0x33, 0xF5, 0xC8, 0x91, 0xEC, 0x24, 0x8D, 0xD3, 0x3D, 0x84,
    0x1F, 0xA7, 0xD1, 0x96, 0x34, 0x1B, 0x8A, 0xA0, 0x3D, 0x1D, 0x35, 0x9A, 0x44, 0x67, 0xD1, 0x6E,
    0xFF, 0x28, 0x85, 0x86, 0x7B, 0xE7, 0x0F, 0x29, 0xA4, 0x4C, 0x3C, 0x12, 0xAA, 0x91, 0x74, 0x52,
    0xA8, 0x4E, 0x52, 0x20, 0xE9, 0x26, 0xE8, 0x76, 0x41, 0xBF, 0x8E, 0xE9, 0x5F, 0xDC, 0xF8, 0xFC,
    0xE3, 0xF6, 0xD4, 0xD8, 0x65, 0x53, 0x1D, 0x06, 0xDB, 0x9D, 0x1A, 0x66, 0x7D, 0x1A, 0x29, 0xCC,
    0x02, 0x3C, 0x04, 0xCD, 0x51, 0x4B, 0x4A, 0x03, 0x41, 0x10, 0x7D, 0xF9, 0x0C, 0x81, 0x19, 0x92,
    0x28, 0x98, 0xC5, 0x10, 0x45, 0x51, 0x37, 0x8A, 0x60, 0x94, 0x8E, 0xE9, 0x4C, 0x0C, 0xF6, 0xC6,
    0x7D, 0x0F, 0x8E, 0x78, 0x00, 0x37, 0xC1, 0xD5, 0xA0, 0x41, 0x48, 0x04, 0xD3, 0x47, 0x08, 0x78,
    0x01, 0x77, 0x6E, 0x67, 0xE5, 0xD6, 0x3A, 0x42, 0x1D, 0x61, 0x20, 0x87, 0x70, 0x6B, 0xCD, 0xA0,
    0x20, 0x9E, 0xC0, 0x7A, 0xBD, 0x79, 0x54, 0xD5, 0xAB, 0x57, 0xD5, 0x1E, 0x22, 0x4A, 0x39, 0xCB,
    0xB3, 0x3C, 0xE5, 0x88, 0x3C, 0x40, 0x61, 0xAA, 0x94, 0x9A, 0x00, 0x0D, 0x17, 0xB8, 0x3D, 0xF7,
    0xB6, 0xBC, 0xE1, 0x06, 0x41, 0xE2, 0x82, 0x76, 0x4C, 0x64, 0xAA, 0xBC, 0xCE, 0x4F, 0x54, 0x47,
    0x05, 0x07, 0xD4, 0x33, 0x73, 0x93, 0x72, 0x8F, 0x0F, 0xA9, 0x22, 0xF9, 0x05, 0x5B, 0xAA, 0xBA,
    0x1A, 0x7C, 0x34, 0x85, 0x79, 0xA2, 0x3B, 0xE5, 0x63, 0x37, 0x12, 0xED, 0x39, 0x7B, 0x25, 0x4F,
    0x39, 0xE5, 0x90, 0x41, 0x03, 0x53, 0x97, 0x0A, 0x5F, 0xB0, 0x60, 0x5F, 0x32, 0x45, 0x6F, 0xC7,
    0xDC, 0x2D, 0x81, 0x8F, 0x5C, 0xE6, 0x62, 0x13, 0xFA, 0x1B, 0x47, 0x68, 0xC9, 0x24, 0xA8, 0xAD,
    0x56, 0xBB, 0xDD, 0x6A, 0x6A, 0xA9, 0x7C, 0x66, 0x9D, 0x2B, 0xC1, 0xE4, 0xD5, 0xFB, 0xEB, 0x1C,
    0xDB, 0xE8, 0x22, 0x28, 0xB1, 0x6D, 0x0A, 0x07, 0x03, 0xDA, 0xA5, 0x9A, 0xF3, 0xB1, 0x6F, 0x17,
    0xFC, 0xC3, 0x03, 0x53, 0x25, 0x94, 0x1B, 0xFC, 0xCF, 0x0D, 0x3B, 0x38, 0xA5, 0x06, 0xDD, 0xD3,
    0x03, 0x6D, 0x18, 0x0F, 0x67, 0xF4, 0x48, 0x29, 0x94, 0x2B, 0xD4, 0xFB, 0xA5, 0x7A, 0x5F, 0x36,
    0x4D, 0xEC, 0x39, 0xB5, 0x11, 0x98, 0x13, 0xBE, 0xB6, 0x21, 0xAE, 0x5C, 0x85, 0xDE, 0xA5, 0x23,
    0x84, 0x95, 0xCF, 0x1B, 0x9A, 0x31, 0x17, 0xF7, 0xD1, 0x79, 0x62, 0x0B, 0xAE, 0x6C, 0x9F, 0x46,
    0x18, 0xB9, 0x21, 0x27, 0x6B, 0x56, 0x15, 0xA1, 0x93, 0xF8, 0x12, 0xE3, 0x4F, 0xA7, 0x56, 0xC5,
    0xD3, 0x2B, 0x97, 0xC4, 0x26, 0xFE, 0xD5, 0x15, 0x9B, 0x61, 0xAE, 0x32, 0x95, 0xE9, 0x3C, 0x32,
    0x0A, 0x13, 0x71, 0x74, 0x8B, 0x19, 0xBA, 0xE6, 0x05, 0x21, 0x30, 0xD3, 0x22, 0x10, 0x7E, 0x01,
    0x55, 0x53, 0x4F, 0x68, 0x1C, 0x55, 0x18, 0xFF, 0xCD, 0x8C, 0x38, 0xB8, 0x93, 0xE4, 0x53, 0x48,
    0x25, 0xA5, 0x49, 0x9E, 0x60, 0x90, 0xB0, 0x66, 0x32, 0x39, 0xF4, 0xB0, 0xE0, 0xCC, 0xEE, 0xC3,
    0x0A, 0x1E, 0x7A, 0x68, 0x04, 0x7B, 0xF1, 0x92, 0x1C, 0x04, 0x65, 0xA1, 0xAC, 0x87, 0x1E, 0x82,
    0x6C, 0x76, 0x07, 0x2B, 0xE4, 0x52, 0x70, 0x6D, 0x45, 0xF4, 0x22, 0x01, 0x23, 0x49, 0x23, 0xA8,
    0x60, 0xC1, 0x1E, 0x62, 0xF6, 0xE9, 0xC5, 0x60, 0x04, 0xA7, 0x0A, 0xFE, 0xC1, 0x43, 0xA7, 0xE4,
    0xE0, 0xA1, 0x48, 0xC6, 0x66, 0x21, 0x53, 0xD8, 0xEC, 0xF3, 0x7B, 0x93, 0x94, 0xE2, 0xCC, 0xEF,
    0xFB, 0xDE, 0xC7, 0x30, 0xEF, 0xBD, 0xEF, 0xFB, 0x7D, 0xBF, 0xCF, 0xED, 0xC1, 0x9F, 0x41, 0x13,
    0x58, 0xBA, 0xF8, 0xEA, 0x52, 0x75, 0x29, 0xF4, 0x47, 0x45, 0x4B, 0x5A, 0xDB, 0x1D, 0xF8, 0x80,
    0x3F, 0x84, 0x6E, 0x1F, 0x16, 0xF0, 0x2C, 0x6C, 0x1D, 0xD3, 0x1B, 0x49, 0xF5, 0x35, 0x15, 0x5D,
    0x45, 0xF3, 0x27, 0x44, 0x7F, 0xA0, 0xF6, 0x01, 0xC4, 0x6A, 0xC7, 0xD5, 0xCA, 0xB9, 0x0C, 0x7B,
    0x1E, 0xD6, 0xB6, 0xF4, 0xAE, 0x24, 0xC2, 0x56, 0x11, 0x10, 0xBD, 0x12, 0x47, 0xAD, 0x24, 0xAA,
    0xC8, 0xA8, 0x82, 0xA0, 0x02, 0xCA, 0x13, 0xDE, 0x0E, 0xA0, 0xBE, 0x09, 0xF1, 0x32, 0xC8, 0x01,
    0xA1, 0x40, 0xDF, 0xF8, 0x60, 0x15, 0x62, 0xDE, 0x04, 0xED, 0x14, 0x8F, 0xE7, 0x93, 0xB3, 0xFE,
    0x84, 0x8F, 0x49, 0xB4, 0x7B, 0x62, 0xBE, 0xB1, 0x36, 0x82, 0xE0, 0xEF, 0xB7, 0x07, 0xBC, 0x13,
    0x73, 0x6C, 0x8B, 0x68, 0x75, 0x75, 0x1C, 0x5C, 0xF8, 0x41, 0x05, 0x74, 0x25, 0x09, 0xBC, 0x13,
    0xA3, 0x63, 0xEB, 0xEE, 0xEF, 0xF5, 0x4E, 0x7E, 0x43, 0x1D, 0x37, 0x44, 0x7C, 0x96, 0x92, 0xB9,
    0x91, 0x6C, 0xAE, 0xAB, 0x07, 0xE3, 0xAD, 0xB3, 0xEC, 0x87, 0xBC, 0x6C, 0xC8, 0xC9, 0x86, 0xAC,
    0xAC, 0x2D, 0xBF, 0xAA, 0x6F, 0x00, 0x42, 0x70, 0x0A, 0x5E, 0x0C, 0x72, 0xDF, 0xE5, 0xF5, 0x2A,
    0x88, 0x5A, 0x92, 0xF2, 0x65, 0x49, 0x08, 0x61, 0x4C, 0x60, 0x86, 0x73, 0x12, 0xCA, 0x5C, 0x5F,
    0xBF, 0x01, 0xB3, 0x41, 0xB2, 0xF3, 0xF8, 0x83, 0x70, 0xBF, 0xDF, 0xE7, 0x68, 0xE5, 0x9C, 0x14,
    0x5F, 0xB8, 0x09, 0xC4, 0xB2, 0x73, 0x64, 0x8E, 0xEB, 0x4A, 0x41, 0xEF, 0xB8, 0xB1, 0x70, 0x77,
    0x1D, 0xD9, 0xFE, 0xE5, 0xB0, 0x48, 0x1C, 0x28, 0xAF, 0x4E, 0x95, 0x63, 0x52, 0xB7, 0x3C, 0x78,
    0xAA, 0x5F, 0x82, 0xA3, 0xFE, 0x19, 0x86, 0x73, 0xF7, 0x93, 0x71, 0xD4, 0xB4, 0xD6, 0xCA, 0x3A,
    0xF0, 0xA6, 0x80, 0x43, 0xF7, 0x2D, 0x60, 0xE0, 0x64, 0xC0, 0xB2, 0x93, 0x02, 0xA1, 0x9D, 0x40,
    0xE7, 0x7E, 0x4F, 0xF8, 0x19, 0xF9, 0xF7, 0x7F, 0xF6, 0x0F, 0x18, 0xBB, 0xFE, 0x81, 0x0A, 0x0F,
    0x92, 0xE6, 0x81, 0xCE, 0x70, 0x8A, 0x69, 0x03, 0x1A, 0x1D, 0x2C, 0xC8, 0xD2, 0x7B, 0x08, 0x1A,
    0x08, 0x05, 0x9A, 0x64, 0x10, 0x12, 0xA2, 0x40, 0xD2, 0xBD, 0xC4, 0xE4, 0xAB, 0x39, 0x5F, 0x58,
    0x39, 0xBC, 0x05, 0x4C, 0x12, 0x66, 0x99, 0xE2, 0x0C, 0x55, 0xA0, 0x9B, 0x9A, 0xD8, 0x54, 0x7F,
    0x0E, 0xF6, 0x51, 0x51, 0xDE, 0x87, 0x6B, 0xE2, 0xC5, 0x84, 0x1C, 0x49, 0xC3, 0xA0, 0x0A, 0xB4,
    0xEE, 0xD1, 0x36, 0x48, 0x48, 0x22, 0x45, 0x4E, 0xDA, 0xBE, 0xDD, 0xDF, 0xDC, 0xEC, 0xDC, 0xED,
    0xA5, 0xB7, 0xB3, 0x45, 0xEB, 0x3E, 0xAC, 0x23, 0xB8, 0xFF, 0xA2, 0x34, 0x80, 0x9D, 0x61, 0x24,
    0x83, 0x95, 0xC1, 0x3B, 0x3A, 0xAE, 0x14, 0x8E, 0x71, 0x0B, 0x6C, 0xA5, 0x65, 0xAE, 0x02, 0xB7,
    0x2E, 0xB3, 0xCB, 0xC2, 0x13, 0x67, 0x19, 0x67, 0xA7, 0xE1, 0x28, 0x9C, 0xA4, 0xB9, 0x8F, 0x33,
    0xEA, 0x9B, 0x5D, 0xB9, 0xFE, 0xDD, 0xDE, 0xAE, 0x6C, 0x75, 0x57, 0x0C, 0x55, 0x9E, 0x91, 0x08,
    0x99, 0x94, 0x59, 0x0C, 0x68, 0x01, 0x7B, 0xD2, 0xDA, 0x8B, 0x0D, 0x0E, 0x99, 0x1B, 0x60, 0x0B,
    0xC3, 0x4D, 0x04, 0x03, 0xBC, 0x70, 0x07, 0x9F, 0x5E, 0x90, 0x70, 0x63, 0x67, 0x25, 0x76, 0xFE,
    0x02, 0xDE, 0x04, 0x77, 0x53, 0x2C, 0xC8, 0xAE, 0x4E, 0xC4, 0x79, 0xA5, 0x75, 0x4A, 0xC4, 0x7D,
    0x7C, 0xA8, 0xB1, 0x42, 0x57, 0x78, 0x8C, 0xAB, 0x8E, 0xBD, 0x3F, 0x33, 0x31, 0x96, 0x55, 0xC7,
    0x10, 0x1D, 0x43, 0xF4, 0xAB, 0xA7, 0xB3, 0xE0, 0x74, 0x46, 0x1F, 0x67, 0xB6, 0x4E, 0x31, 0x56,
    0x94, 0xB0, 0x06, 0xB0, 0xE4, 0xB7, 0x60, 0x5F, 0x82, 0xC3, 0x1D, 0xD5, 0xFD, 0x12, 0xF1, 0xC9,
    0xFD, 0x71, 0x57, 0x4D, 0x3B, 0x89, 0xA6, 0xDC, 0x7E, 0x00, 0x3A, 0x2F, 0xC9, 0x51, 0xDC, 0xCD,
    0x9A, 0x4E, 0xDD, 0x01, 0xB7, 0x31, 0x65, 0x2E, 0x27, 0x6D, 0xA6, 0x4A, 0x39, 0x05, 0xE5, 0x78,
    0xB2, 0x18, 0x87, 0xF5, 0x44, 0x3C, 0xA7, 0xAA, 0x53, 0x88, 0x1E, 0x82, 0xE3, 0x60, 0x0A, 0xF4,
    0x59, 0x31, 0x0E, 0x53, 0xE6, 0xC7, 0xE9, 0x69, 0x84, 0x4D, 0x03, 0xAD, 0xE3, 0xE3, 0xE0, 0x11,
    0x42, 0x84, 0x35, 0x43, 0x89, 0x9B, 0xCF, 0x54, 0xC3, 0x89, 0x08, 0xB5, 0x8E, 0x97, 0x63, 0x1B,
    0xA2, 0xF1, 0xE5, 0xE7, 0x97, 0x82, 0xDE, 0x99, 0xC5, 0x62, 0x9E, 0x4E, 0x5D, 0x44, 0x5B, 0xE3,
    0xEB, 0xDF, 0x71, 0xFD, 0x57, 0xA6, 0xF5, 0x7F, 0x60, 0x0E, 0xCA, 0x9B, 0x6E, 0xFA, 0x74, 0xEF,
    0xF9, 0x07, 0x4E, 0x16, 0xC4, 0x55, 0x96, 0x0C, 0x29, 0x37, 0xB5, 0xF2, 0x7A, 0x07, 0xAC, 0x64,
    0x7A, 0x06, 0x94, 0xA0, 0xFD, 0x3A, 0x16, 0x3A, 0xE8, 0x12, 0x4F, 0x40, 0x31, 0x98, 0x2E, 0xDA,
    0x39, 0x6B, 0x1F, 0xEB, 0x8C, 0x6D, 0xD4, 0xEE, 0x29, 0x1B, 0xCA, 0xFE, 0x88, 0xEB, 0x8A, 0xBD,
    0xA7, 0x50, 0x92, 0xD2, 0xFA, 0x4D, 0xB1, 0xCC, 0x4F, 0xDA, 0xDD, 0x01, 0x52, 0x56, 0x19, 0xC2,
    0xEB, 0xEA, 0xE6, 0xB5, 0xE4, 0xE6, 0xB5, 0xB4, 0xF7, 0xFE, 0x23, 0xD4, 0xD7, 0x10, 0x04, 0x10,
    0x24, 0x0B, 0xA0, 0xF1, 0x2D, 0x82, 0x79, 0x23, 0x59, 0xF6, 0xE2, 0xB8, 0x29, 0x2F, 0x01, 0x3B,
    0xB0, 0x07, 0x98, 0xFC, 0x31, 0x09, 0x77, 0xB2, 0xCA, 0x4E, 0xBA, 0x04, 0x54, 0x60, 0x6E, 0x9F,
    0x60, 0x7D, 0x6F, 0xC6, 0x6D, 0x9D, 0xD8, 0xF3, 0x8D, 0x74, 0xB6, 0xE9, 0xF3, 0x33, 0x1B, 0x06,
    0x3D, 0x5E, 0x04, 0xBF, 0xB3, 0xED, 0xDC, 0xEE, 0x98, 0xFB, 0x69, 0x2B, 0xF2, 0x9B, 0xA3, 0x4D,
    0x98, 0xB7, 0xFA, 0x04, 0xD7, 0x8B, 0xF2, 0x46, 0x79, 0xE3, 0x3F, 0xB3, 0xFF, 0xC7, 0xC0, 0x00,
    0x00, 0x75, 0x8F, 0xB1, 0x0D, 0xC2, 0x30, 0x10, 0x45, 0x7F, 0x44, 0xE1, 0xC2, 0x85, 0x4B, 0x44,
    0x1A, 0x33, 0x01, 0x69, 0x28, 0xE8, 0x92, 0x11, 0xBC, 0x04, 0x05, 0x3D, 0x05, 0x0D, 0x92, 0x37,
    0x49, 0xC3, 0x00, 0x94, 0x2E, 0x82, 0x9C, 0x11, 0x8C, 0x18, 0x20, 0xE9, 0x29, 0x82, 0x84, 0x89,
    0x22, 0x11, 0x62, 0x4C, 0x52, 0x81, 0x82, 0xF4, 0xFF, 0x7D, 0xDD, 0xE9, 0x9D, 0x4E, 0x07, 0x31,
    0x03, 0x3D, 0x5D, 0x25, 0x9B, 0x9E, 0xC1, 0x27, 0x06, 0xDA, 0xBD, 0xFA, 0x1C, 0xB3, 0xAE, 0x5A,
    0x60, 0x03, 0x92, 0xE6, 0x8C, 0x48, 0x0E, 0xCF, 0x1A, 0x3F, 0xFE, 0x91, 0xAE, 0x2C, 0xD6, 0x09,
    0x49, 0x0D, 0x1B, 0xDA, 0xFB, 0x18, 0x53, 0x58, 0x88, 0x30, 0xA1, 0x59, 0x6D, 0xD9, 0xD4, 0xDC,
    0x86, 0xBB, 0xAE, 0xF1, 0xA9, 0xC6, 0xAC, 0xAB, 0x67, 0x17, 0x88, 0x50, 0x78, 0xBE, 0xF1, 0x7C,
    0xCF, 0x69, 0xD7, 0xAA, 0xBF, 0x7C, 0x51, 0x77, 0xC1, 0x01, 0x34, 0x95, 0x9C, 0xE4, 0x5E, 0x11,
    0x6F, 0x23, 0x5F, 0xBF, 0xA5, 0x2F, 0xFE, 0x19, 0x20, 0x4C, 0x80, 0x87, 0x05, 0x4A, 0xD5, 0x7B,
    0x51, 0x3B, 0xB9, 0x5D, 0x2A, 0xEC, 0xA1, 0x10, 0x1B, 0x05, 0x6A, 0x15, 0xE6, 0x3B, 0x85, 0xE3,
    0x2A, 0x43, 0x5C, 0xC6, 0xF2, 0xB3, 0xF2, 0x06, 0x63, 0x60, 0x00, 0x02, 0x76, 0x07, 0x06, 0x06,
    0xF9, 0x0B, 0x0C, 0x0C, 0x55, 0x5B, 0x18, 0x18, 0x0F, 0xF1, 0x32, 0xB0, 0xDF, 0xF6, 0x76, 0x90,
    0xFF, 0xEF, 0x7F, 0xC1, 0xFE, 0x9F, 0xFE, 0x07, 0xF9, 0x3F, 0xFF, 0x2F, 0xB0, 0xFF, 0xFB, 0xEF,
    0xC0, 0xF8, 0xF7, 0x2F, 0x03, 0x43, 0xC9, 0x16, 0x88, 0x3A, 0x90, 0x7A, 0x20, 0x00, 0x00,
};

static const EpdGlyph notoserif_c15_boldGlyphs[] = {
    { 0, 0, 0, 0, 0, 0, 0 }, // U+0000
    { 0, 0, 62, 0, 0, 0, 0 }, // U+000D
    { 0, 0, 62, 0, 0, 0, 0 }, // U+0020
    { 4, 12, 92, 1, 11, 12, 0 }, // !
    { 6, 5, 122, 1, 11, 8, 12 }, // "
    { 9, 11, 136, 0, 11, 25, 20 }, // #
    { 8, 14, 136, 0, 12, 28, 45 }, // $
    { 14, 12, 217, 0, 11, 42, 73 }, // %
    { 12, 12, 192, 0, 11, 36, 115 }, // &
    { 3, 5, 70, 1, 11, 4, 151 }, // '
    { 6, 15, 96, 0, 12, 23, 155 }, // (
    { 6, 15, 96, 0, 12, 23, 178 }, // )
    { 8, 7, 120, 0, 12, 14, 201 }, // *
    { 8, 7, 136, 0, 9, 14, 215 }, // +
    { 4, 6, 71, 0, 3, 6, 229 }, // ,
    { 5, 2, 74, 0, 5, 3, 235 }, // -
    { 4, 4, 71, 0, 3, 4, 238 }, // .
    { 5, 14, 69, 0, 12, 18, 242 }, // /
    { 9, 12, 140, 0, 11, 27, 260 }, // 0
    { 8, 11, 121, 0, 11, 22, 287 }, // 1
    { 8, 11, 127, 0, 11, 22, 309 }, // 2
    { 8, 12, 129, 0, 11, 24, 331 }, // 3
    { 9, 11, 133, 0, 11, 25, 355 }, // 4
    { 8, 12, 127, 0, 11, 24, 380 }, // 5
    { 8, 12, 134, 0, 11, 24, 404 }, // 6
    { 8, 11, 130, 0, 11, 22, 428 }, // 7
    { 9, 12, 139, 0, 11, 27, 450 }, // 8
    { 8, 12, 134, 0, 11, 24, 477 }, // 9
    { 3, 10, 73, 1, 9, 8, 501 }, // :
    { 4, 12, 73, 0, 9, 12, 509 }, // ;
    { 8, 9, 136, 0, 10, 18, 521 }, // <
    { 8, 5, 136, 0, 8, 10, 539 }, // =
    { 8, 9, 136, 0, 10, 18, 549 }, // >
    { 8, 12, 132, 0, 11, 24, 567 }, // ?
    { 14, 14, 221, 0, 11, 49, 591 }, // @
    { 12, 11, 181, 0, 11, 33, 640 }, // A
    { 10, 11, 161, 0, 11, 28, 673 }, // B
    { 10, 12, 161, 0, 11, 30, 701 }, // C
    { 11, 11, 184, 0, 11, 31, 731 }, // D
    { 10, 11, 157, 0, 11, 28, 762 }, // E
    { 9, 11, 149, 0, 11, 25, 790 }, // F
    { 12, 12, 185, 0, 11, 36, 815 }, // G
    { 12, 11, 197, 0, 11, 33, 851 }, // H
    { 6, 11, 96, 0, 11, 17, 884 }, // I
    { 7, 15, 95, -1, 11, 27, 901 }, // J
    { 12, 11, 176, 0, 11, 33, 928 }, // K
    { 10, 11, 157, 0, 11, 28, 961 }, // L
    { 14, 11, 228, 0, 11, 39, 989 }, // M
    { 12, 11, 189, 0, 11, 33, 1028 }, // N
    { 11, 12, 189, 0, 11, 33, 1061 }, // O
    { 10, 11, 153, 0, 11, 28, 1094 }, // P
    { 11, 15, 189, 0, 11, 42, 1122 }, // Q
    { 11, 11, 171, 0, 11, 31, 1164 }, // R
    { 9, 12, 139, 0, 11, 27, 1195 }, // S
    { 10, 11, 157, 0, 11, 28, 1222 }, // T
    { 11, 12, 179, 0, 11, 33, 1250 }, // U
    { 11, 11, 168, 0, 11, 31, 1283 }, // V
    { 16, 11, 256, 0, 11, 44, 1314 }, // W
    { 11, 11, 176, 0, 11, 31, 1358 }, // X
    { 11, 11, 166, 0, 11, 31, 1389 }, // Y
    { 10, 11, 160, 0, 11, 28, 1420 }, // Z
    { 5, 14, 100, 1, 12, 18, 1448 }, // [
    { 5, 14, 69, 0, 12, 18, 1466 }, // <backslash>
    { 5, 14, 100, 0, 12, 18, 1484 }, // ]
    { 8, 8, 134, 0, 11, 16, 1502 }, // ^
    { 8, 2, 110, -1, -1, 4, 1518 }, // _
    { 5, 3, 80, 0, 12, 4, 1522 }, // `
    { 9, 10, 144, 0, 9, 23, 1526 }, // a
    { 10, 13, 156, 0, 12, 33, 1549 }, // b
    { 8, 10, 126, 0, 9, 20, 1582 }, // c
    { 10, 13, 156, 0, 12, 33, 1602 }, // d
    { 8, 10, 137, 0, 9, 20, 1635 }, // e
    { 8, 12, 98, 0, 12, 24, 1655 }, // f
    { 9, 13, 134, 0, 9, 30, 1679 }, // g
    { 10, 12, 160, 0, 12, 30, 1709 }, // h
    { 6, 12, 84, 0, 12, 18, 1739 }, // i
    { 5, 16, 83, -1, 12, 20, 1757 }, // j
    { 10, 12, 153, 0, 12, 30, 1777 }, // k
    { 6, 12, 84, 0, 12, 18, 1807 }, // l
    { 15, 9, 237, 0, 9, 34, 1825 }, // m
    { 10, 9, 160, 0, 9, 23, 1859 }, // n
    { 9, 10, 147, 0, 9, 23, 1882 }, // o
    { 9, 13, 155, 0, 9, 30, 1905 }, // p
    { 10, 13, 156, 0, 9, 33, 1935 }, // q
    { 8, 9, 126, 0, 9, 18, 1968 }, // r
    { 7, 10, 115, 0, 9, 18, 1986 }, // s
    { 6, 11, 97, 0, 10, 17, 2004 }, // t
    { 10, 10, 160, 0, 9, 25, 2021 }, // u
    { 10, 9, 145, 0, 9, 23, 2046 }, // v
    { 14, 9, 205, -1, 9, 32, 2069 }, // w
    { 10, 9, 155, 0, 9, 23, 2101 }, // x
    { 9, 13, 139, 0, 9, 30, 2124 }, // y
    { 8, 9, 127, 0, 9, 18, 2154 }, // z
    { 7, 14, 106, 0, 12, 25, 2172 }, // {
    { 2, 16, 136, 3, 12, 8, 2197 }, // |
    { 7, 14, 106, 0, 12, 25, 2205 }, // }
    { 8, 4, 136, 0, 7, 8, 2230 }, // ~
    { 0, 0, 62, 0, 0, 0, 0 }, // U+00A0
    { 4, 12, 92, 1, 9, 12, 0 }, // U+00A1
    { 8, 11, 136, 0, 11, 22, 12 }, // U+00A2
    { 8, 12, 134, 0, 11, 24, 34 }, // U+00A3
    { 7, 7, 136, 1, 9, 13, 58 }, // U+00A4
    { 9, 11, 136, 0, 11, 25, 71 }, // U+00A5
    { 2, 16, 136, 3, 12, 8, 96 }, // U+00A6
    { 8, 14, 131, 0, 12, 28, 104 }, // U+00A7
    { 6, 3, 138, 1, 12, 5, 132 }, // U+00A8
    { 12, 12, 203, 0, 11, 36, 137 }, // U+00A9
    { 6, 6, 101, 0, 11, 9, 173 }, // U+00AA
    { 8, 7, 133, 0, 8, 14, 182 }, // U+00AB
    { 8, 4, 136, 0, 6, 8, 196 }, // U+00AC
    { 5, 2, 74, 0, 5, 3, 204 }, // U+00AD
    { 12, 12, 203, 0, 11, 36, 207 }, // U+00AE
    { 8, 2, 110, -1, 13, 4, 243 }, // U+00AF
    { 6, 5, 96, 0, 11, 8, 247 }, // U+00B0
    { 8, 9, 136, 0, 9, 18, 255 }, // U+00B1
    { 6, 8, 96, 0, 13, 12, 273 }, // U+00B2
    { 6, 8, 96, 0, 13, 12, 285 }, // U+00B3
    { 5, 3, 80, 0, 12, 4, 297 }, // U+00B4
    { 9, 13, 160, 1, 9, 30, 301 }, // U+00B5
    { 9, 14, 150, 0, 12, 32, 331 }, // U+00B6
    { 4, 3, 71, 0, 7, 3, 363 }, // U+00B7
    { 5, 5, 80, 0, 1, 7, 366 }, // U+00B8
    { 6, 8, 96, 0, 13, 12, 373 }, // U+00B9
    { 7, 6, 105, 0, 11, 11, 385 }, // U+00BA
    { 8, 7, 133, 0, 8, 14, 396 }, // U+00BB
    { 13, 13, 202, 0, 12, 43, 410 }, // U+00BC
    { 13, 13, 202, 0, 12, 43, 453 }, // U+00BD
    { 13, 13, 202, 0, 12, 43, 496 }, // U+00BE
    { 8, 12, 132, 0, 9, 24, 539 }, // U+00BF
    { 12, 14, 181, 0, 14, 42, 563 }, // U+00C0
    { 12, 14, 181, 0, 14, 42, 605 }, // U+00C1
    { 12, 14, 181, 0, 14, 42, 647 }, // U+00C2
    { 12, 14, 181, 0, 14, 42, 689 }, // U+00C3
    { 12, 14, 181, 0, 14, 42, 731 }, // U+00C4
    { 12, 14, 181, 0, 14, 42, 773 }, // U+00C5
    { 15, 11, 238, 0, 11, 42, 815 }, // U+00C6
    { 10, 15, 161, 0, 11, 38, 857 }, // U+00C7
    { 10, 14, 157, 0, 14, 35, 895 }, // U+00C8
    { 10, 14, 157, 0, 14, 35, 930 }, // U+00C9
    { 10, 14, 157, 0, 14, 35, 965 }, // U+00CA
    { 10, 14, 157, 0, 14, 35, 1000 }, // U+00CB
    { 6, 14, 96, 0, 14, 21, 1035 }, // U+00CC
    { 6, 14, 96, 0, 14, 21, 1056 }, // U+00CD
    { 6, 14, 96, 0, 14, 21, 1077 }, // U+00CE
    { 6, 14, 96, 0, 14, 21, 1098 }, // U+00CF
    { 11, 11, 184, 0, 11, 31, 1119 }, // U+00D0
    { 12, 14, 189, 0, 14, 42, 1150 }, // U+00D1
    { 11, 15, 189, 0, 14, 42, 1192 }, // U+00D2
    { 11, 15, 189, 0, 14, 42, 1234 }, // U+00D3
    { 11, 15, 189, 0, 14, 42, 1276 }, // U+00D4
    { 11, 15, 189, 0, 14, 42, 1318 }, // U+00D5
    { 11, 15, 189, 0, 14, 42, 1360 }, // U+00D6
    { 7, 7, 136, 1, 9, 13, 1402 }, // U+00D7
    { 11, 13, 189, 0, 12, 36, 1415 }, // U+00D8
    { 11, 15, 179, 0, 14, 42, 1451 }, // U+00D9
    { 11, 15, 179, 0, 14, 42, 1493 }, // U+00DA
    { 11, 15, 179, 0, 14, 42, 1535 }, // U+00DB
    { 11, 15, 179, 0, 14, 42, 1577 }, // U+00DC
    { 11, 14, 166, 0, 14, 39, 1619 }, // U+00DD
    { 10, 11, 153, 0, 11, 28, 1658 }, // U+00DE
    { 10, 13, 169, 0, 12, 33, 1686 }, // U+00DF
    { 9, 13, 144, 0, 12, 30, 1719 }, // U+00E0
    { 9, 13, 144, 0, 12, 30, 1749 }, // U+00E1
    { 9, 13, 144, 0, 12, 30, 1779 }, // U+00E2
    { 9, 13, 144, 0, 12, 30, 1809 }, // U+00E3
    { 9, 13, 144, 0, 12, 30, 1839 }, // U+00E4
    { 9, 14, 144, 0, 13, 32, 1869 }, // U+00E5
    { 13, 10, 210, 0, 9, 33, 1901 }, // U+00E6
    { 8, 13, 126, 0, 9, 26, 1934 }, // U+00E7
    { 8, 13, 137, 0, 12, 26, 1960 }, // U+00E8
    { 8, 13, 137, 0, 12, 26, 1986 }, // U+00E9
    { 8, 13, 137, 0, 12, 26, 2012 }, // U+00EA
    { 8, 13, 137, 0, 12, 26, 2038 }, // U+00EB
    { 7, 12, 84, -1, 12, 21, 2064 }, // U+00EC
    { 6, 12, 84, 0, 12, 18, 2085 }, // U+00ED
    { 7, 12, 84, -1, 12, 21, 2103 }, // U+00EE
    { 7, 12, 84, -1, 12, 21, 2124 }, // U+00EF
    { 9, 13, 147, 0, 12, 30, 2145 }, // U+00F0
    { 10, 12, 160, 0, 12, 30, 2175 }, // U+00F1
    { 9, 13, 147, 0, 12, 30, 2205 }, // U+00F2
    { 9, 13, 147, 0, 12, 30, 2235 }, // U+00F3
    { 9, 13, 147, 0, 12, 30, 2265 }, // U+00F4
    { 9, 13, 147, 0, 12, 30, 2295 }, // U+00F5
    { 9, 13, 147, 0, 12, 30, 2325 }, // U+00F6
    { 8, 9, 136, 0, 10, 18, 2355 }, // U+00F7
    { 9, 10, 147, 0, 9, 23, 2373 }, // U+00F8
    { 10, 13, 160, 0, 12, 33, 2396 }, // U+00F9
    { 10, 13, 160, 0, 12, 33, 2429 }, // U+00FA
    { 10, 13, 160, 0, 12, 33, 2462 }, // U+00FB
    { 10, 13, 160, 0, 12, 33, 2495 }, // U+00FC
    { 9, 16, 139, 0, 12, 36, 2528 }, // U+00FD
    { 9, 16, 155, 0, 12, 36, 2564 }, // U+00FE
    { 9, 16, 139, 0, 12, 36, 2600 }, // U+00FF
    { 12, 13, 181, 0, 13, 39, 0 }, // U+0100
    { 9, 12, 144, 0, 11, 27, 39 }, // U+0101
    { 12, 14, 181, 0, 14, 42, 66 }, // U+0102
    { 9, 13, 144, 0, 12, 30, 108 }, // U+0103
    { 12, 15, 181, 0, 11, 45, 138 }, // U+0104
    { 9, 13, 144, 0, 9, 30, 183 }, // U+0105
    { 10, 15, 161, 0, 14, 38, 213 }, // U+0106
    { 8, 13, 126, 0, 12, 26, 251 }, // U+0107
    { 10, 15, 161, 0, 14, 38, 277 }, // U+0108
    { 8, 13, 126, 0, 12, 26, 315 }, // U+0109
    { 10, 15, 161, 0, 14, 38, 341 }, // U+010A
    { 8, 13, 126, 0, 12, 26, 379 }, // U+010B
    { 10, 15, 161, 0, 14, 38, 405 }, // U+010C
    { 8, 13, 126, 0, 12, 26, 443 }, // U+010D
    { 11, 14, 184, 0, 14, 39, 469 }, // U+010E
    { 12, 13, 156, 0, 12, 39, 508 }, // U+010F
    { 11, 11, 184, 0, 11, 31, 547 }, // U+0110
    { 10, 13, 156, 0, 12, 33, 578 }, // U+0111
    { 10, 13, 157, 0, 13, 33, 611 }, // U+0112
    { 8, 12, 137, 0, 11, 24, 644 }, // U+0113
    { 10, 14, 157, 0, 14, 35, 668 }, // U+0114
    { 8, 13, 137, 0, 12, 26, 703 }, // U+0115
    { 10, 14, 157, 0, 14, 35, 729 }, // U+0116
    { 8, 13, 137, 0, 12, 26, 764 }, // U+0117
    { 10, 15, 157, 0, 11, 38, 790 }, // U+0118
    { 8, 13, 137, 0, 9, 26, 828 }, // U+0119
    { 10, 14, 157, 0, 14, 35, 854 }, // U+011A
    { 8, 13, 137, 0, 12, 26, 889 }, // U+011B
    { 12, 15, 185, 0, 14, 45, 915 }, // U+011C
    { 9, 16, 134, 0, 12, 36, 960 }, // U+011D
    { 12, 15, 185, 0, 14, 45, 996 }, // U+011E
    { 9, 16, 134, 0, 12, 36, 1041 }, // U+011F
    { 12, 15, 185, 0, 14, 45, 1077 }, // U+0120
    { 9, 16, 134, 0, 12, 36, 1122 }, // U+0121
    { 12, 15, 185, 0, 11, 45, 1158 }, // U+0122
    { 9, 16, 134, 0, 12, 36, 1203 }, // U+0123
    { 12, 14, 197, 0, 14, 42, 1239 }, // U+0124
    { 10, 15, 160, 0, 15, 38, 1281 }, // U+0125
    { 13, 11, 197, 0, 11, 36, 1319 }, // U+0126
    { 10, 12, 160, 0, 12, 30, 1355 }, // U+0127
    { 6, 14, 96, 0, 14, 21, 1385 }, // U+0128
    { 7, 12, 84, -1, 12, 21, 1406 }, // U+0129
    { 6, 13, 96, 0, 13, 20, 1427 }, // U+012A
    { 6, 11, 84, 0, 11, 17, 1447 }, // U+012B
    { 6, 14, 96, 0, 14, 21, 1464 }, // U+012C
    { 6, 12, 84, 0, 12, 18, 1485 }, // U+012D
    { 6, 15, 96, 0, 11, 23, 1503 }, // U+012E
    { 6, 16, 84, 0, 12, 24, 1526 }, // U+012F
    { 6, 14, 96, 0, 14, 21, 1550 }, // U+0130
    { 6, 9, 84, 0, 9, 14, 1571 }, // U+0131
    { 12, 15, 192, 0, 11, 45, 1585 }, // U+0132
    { 10, 16, 168, 0, 12, 40, 1630 }, // U+0133
    { 7, 18, 95, -1, 14, 32, 1670 }, // U+0134
    { 6, 16, 83, -1, 12, 24, 1702 }, // U+0135
    { 12, 15, 176, 0, 11, 45, 1726 }, // U+0136
    { 10, 16, 153, 0, 12, 40, 1771 }, // U+0137
    { 10, 9, 153, 0, 9, 23, 1811 }, // U+0138
    { 10, 14, 157, 0, 14, 35, 1834 }, // U+0139
    { 6, 15, 84, 0, 15, 23, 1869 }, // U+013A
    { 10, 15, 157, 0, 11, 38, 1892 }, // U+013B
    { 6, 16, 84, 0, 12, 24, 1930 }, // U+013C
    { 10, 11, 157, 0, 11, 28, 1954 }, // U+013D
    { 7, 12, 84, 0, 12, 21, 1982 }, // U+013E
    { 10, 11, 157, 0, 11, 28, 2003 }, // U+013F
    { 8, 12, 113, 0, 12, 24, 2031 }, // U+0140
    { 10, 11, 157, 0, 11, 28, 2055 }, // U+0141
    { 6, 12, 84, 0, 12, 18, 2083 }, // U+0142
    { 12, 14, 189, 0, 14, 42, 2101 }, // U+0143
    { 10, 12, 160, 0, 12, 30, 2143 }, // U+0144
    { 12, 15, 189, 0, 11, 45, 2173 }, // U+0145
    { 10, 13, 160, 0, 9, 33, 2218 }, // U+0146
    { 12, 14, 189, 0, 14, 42, 2251 }, // U+0147
    { 10, 12, 160, 0, 12, 30, 2293 }, // U+0148
    { 13, 11, 205, 0, 11, 36, 2323 }, // U+0149
    { 12, 15, 189, 0, 11, 45, 2359 }, // U+014A
    { 9, 13, 160, 0, 9, 30, 2404 }, // U+014B
    { 11, 14, 189, 0, 13, 39, 2434 }, // U+014C
    { 9, 12, 147, 0, 11, 27, 2473 }, // U+014D
    { 11, 15, 189, 0, 14, 42, 2500 }, // U+014E
    { 9, 13, 147, 0, 12, 30, 2542 }, // U+014F
    { 11, 15, 189, 0, 14, 42, 2572 }, // U+0150
    { 9, 13, 147, 0, 12, 30, 2614 }, // U+0151
    { 15, 12, 245, 0, 11, 45, 2644 }, // U+0152
    { 14, 10, 225, 0, 9, 35, 2689 }, // U+0153
    { 11, 14, 171, 0, 14, 39, 2724 }, // U+0154
    { 8, 12, 126, 0, 12, 24, 2763 }, // U+0155
    { 11, 15, 171, 0, 11, 42, 2787 }, // U+0156
    { 8, 13, 126, 0, 9, 26, 2829 }, // U+0157
    { 11, 14, 171, 0, 14, 39, 2855 }, // U+0158
    { 8, 12, 126, 0, 12, 24, 2894 }, // U+0159
    { 9, 15, 139, 0, 14, 34, 2918 }, // U+015A
    { 7, 13, 115, 0, 12, 23, 2952 }, // U+015B
    { 9, 15, 139, 0, 14, 34, 2975 }, // U+015C
    { 7, 13, 115, 0, 12, 23, 3009 }, // U+015D
    { 9, 15, 139, 0, 11, 34, 3032 }, // U+015E
    { 7, 13, 115, 0, 9, 23, 3066 }, // U+015F
    { 9, 15, 139, 0, 14, 34, 3089 }, // U+0160
    { 7, 13, 115, 0, 12, 23, 3123 }, // U+0161
    { 10, 15, 157, 0, 11, 38, 3146 }, // U+0162
    { 6, 14, 97, 0, 10, 21, 3184 }, // U+0163
    { 10, 14, 157, 0, 14, 35, 3205 }, // U+0164
    { 7, 13, 97, 0, 12, 23, 3240 }, // U+0165
    { 10, 11, 157, 0, 11, 28, 3263 }, // U+0166
    { 6, 11, 97, 0, 10, 17, 3291 }, // U+0167
    { 11, 15, 179, 0, 14, 42, 3308 }, // U+0168
    { 10, 13, 160, 0, 12, 33, 3350 }, // U+0169
    { 11, 14, 179, 0, 13, 39, 3383 }, // U+016A
    { 10, 12, 160, 0, 11, 30, 3422 }, // U+016B
    { 11, 15, 179, 0, 14, 42, 3452 }, // U+016C
    { 10, 13, 160, 0, 12, 33, 3494 }, // U+016D
    { 11, 16, 179, 0, 15, 44, 3527 }, // U+016E
    { 10, 14, 160, 0, 13, 35, 3571 }, // U+016F
    { 11, 15, 179, 0, 14, 42, 3606 }, // U+0170
    { 10, 13, 160, 0, 12, 33, 3648 }, // U+0171
    { 12, 15, 182, 0, 11, 45, 3681 }, // U+0172
    { 10, 13, 160, 0, 9, 33, 3726 }, // U+0173
    { 16, 14, 256, 0, 14, 56, 3759 }, // U+0174
    { 14, 12, 205, -1, 12, 42, 3815 }, // U+0175
    { 11, 14, 166, 0, 14, 39, 3857 }, // U+0176
    { 9, 16, 139, 0, 12, 36, 3896 }, // U+0177
    { 11, 14, 166, 0, 14, 39, 3932 }, // U+0178
    { 10, 14, 160, 0, 14, 35, 3971 }, // U+0179
    { 8, 12, 127, 0, 12, 24, 4006 }, // U+017A
    { 10, 14, 160, 0, 14, 35, 4030 }, // U+017B
    { 8, 12, 127, 0, 12, 24, 4065 }, // U+017C
    { 10, 14, 160, 0, 14, 35, 4089 }, // U+017D
    { 8, 12, 127, 0, 12, 24, 4124 }, // U+017E
    { 8, 12, 94, 0, 12, 24, 4148 }, // U+017F
    { 13, 13, 202, 0, 12, 43, 0 }, // U+01A0
    { 10, 11, 161, 0, 10, 28, 43 }, // U+01A1
    { 13, 13, 205, 0, 12, 43, 71 }, // U+01AF
    { 12, 11, 187, 0, 10, 33, 114 }, // U+01B0
    { 21, 14, 344, 0, 14, 74, 147 }, // U+01C4
    { 19, 12, 311, 0, 12, 57, 221 }, // U+01C5
    { 18, 13, 283, 0, 12, 59, 278 }, // U+01C6
    { 16, 15, 245, 0, 11, 60, 337 }, // U+01C7
    { 14, 16, 240, 0, 12, 56, 397 }, // U+01C8
    { 10, 16, 168, 0, 12, 40, 453 }, // U+01C9
    { 18, 15, 278, 0, 11, 68, 493 }, // U+01CA
    { 16, 16, 272, 0, 12, 64, 561 }, // U+01CB
    { 14, 16, 243, 0, 12, 56, 625 }, // U+01CC
    { 12, 14, 181, 0, 14, 42, 681 }, // U+01CD
    { 9, 13, 144, 0, 12, 30, 723 }, // U+01CE
    { 6, 14, 96, 0, 14, 21, 753 }, // U+01CF
    { 7, 12, 84, -1, 12, 21, 774 }, // U+01D0
    { 11, 15, 189, 0, 14, 42, 795 }, // U+01D1
    { 9, 13, 147, 0, 12, 30, 837 }, // U+01D2
    { 11, 15, 179, 0, 14, 42, 867 }, // U+01D3
    { 10, 13, 160, 0, 12, 33, 909 }, // U+01D4
    { 11, 17, 179, 0, 16, 47, 942 }, // U+01D5
    { 10, 14, 160, 0, 13, 35, 989 }, // U+01D6
    { 11, 17, 179, 0, 16, 47, 1024 }, // U+01D7
    { 10, 15, 160, 0, 14, 38, 1071 }, // U+01D8
    { 11, 17, 179, 0, 16, 47, 1109 }, // U+01D9
    { 10, 15, 160, 0, 14, 38, 1156 }, // U+01DA
    { 11, 17, 179, 0, 16, 47, 1194 }, // U+01DB
    { 10, 15, 160, 0, 14, 38, 1241 }, // U+01DC
    { 8, 10, 137, 0, 9, 20, 1279 }, // U+01DD
    { 12, 16, 181, 0, 16, 48, 1299 }, // U+01DE
    { 9, 14, 144, 0, 13, 32, 1347 }, // U+01DF
    { 12, 16, 181, 0, 16, 48, 1379 }, // U+01E0
    { 9, 14, 144, 0, 13, 32, 1427 }, // U+01E1
    { 15, 13, 238, 0, 13, 49, 1459 }, // U+01E2
    { 13, 12, 210, 0, 11, 39, 1508 }, // U+01E3
    { 12, 12, 185, 0, 11, 36, 1547 }, // U+01E4
    { 9, 13, 134, 0, 9, 30, 1583 }, // U+01E5
    { 12, 15, 185, 0, 14, 45, 1613 }, // U+01E6
    { 9, 16, 134, 0, 12, 36, 1658 }, // U+01E7
    { 12, 14, 176, 0, 14, 42, 1694 }, // U+01E8
    { 10, 15, 153, 0, 15, 38, 1736 }, // U+01E9
    { 11, 15, 189, 0, 11, 42, 1774 }, // U+01EA
    { 9, 13, 147, 0, 9, 30, 1816 }, // U+01EB
    { 11, 17, 189, 0, 13, 47, 1846 }, // U+01EC
    { 9, 15, 147, 0, 11, 34, 1893 }, // U+01ED
    { 9, 15, 148, 0, 14, 34, 1927 }, // U+01EE
    { 8, 16, 134, 0, 12, 32, 1961 }, // U+01EF
    { 6, 16, 83, -1, 12, 24, 1993 }, // U+01F0
    { 21, 11, 344, 0, 11, 58, 2017 }, // U+01F1
    { 19, 11, 311, 0, 11, 53, 2075 }, // U+01F2
    { 18, 13, 283, 0, 12, 59, 2128 }, // U+01F3
    { 12, 15, 185, 0, 14, 45, 2187 }, // U+01F4
    { 9, 16, 134, 0, 12, 36, 2232 }, // U+01F5
    { 17, 12, 274, 0, 11, 51, 2268 }, // U+01F6
    { 11, 15, 175, 0, 11, 42, 2319 }, // U+01F7
    { 12, 14, 189, 0, 14, 42, 2361 }, // U+01F8
    { 10, 12, 160, 0, 12, 30, 2403 }, // U+01F9
    { 12, 15, 181, 0, 15, 45, 2433 }, // U+01FA
    { 9, 16, 144, 0, 15, 36, 2478 }, // U+01FB
    { 15, 14, 238, 0, 14, 53, 2514 }, // U+01FC
    { 13, 13, 210, 0, 12, 43, 2567 }, // U+01FD
    { 11, 15, 189, 0, 14, 42, 2610 }, // U+01FE
    { 9, 13, 147, 0, 12, 30, 2652 }, // U+01FF
    { 12, 14, 181, 0, 14, 42, 2682 }, // U+0200
    { 9, 13, 144, 0, 12, 30, 2724 }, // U+0201
    { 12, 14, 181, 0, 14, 42, 2754 }, // U+0202
    { 9, 13, 144, 0, 12, 30, 2796 }, // U+0203
    { 10, 14, 157, 0, 14, 35, 2826 }, // U+0204
    { 8, 13, 137, 0, 12, 26, 2861 }, // U+0205
    { 10, 14, 157, 0, 14, 35, 2887 }, // U+0206
    { 8, 13, 137, 0, 12, 26, 2922 }, // U+0207
    { 7, 14, 96, -1, 14, 25, 2948 }, // U+0208
    { 8, 12, 84, -2, 12, 24, 2973 }, // U+0209
    { 6, 14, 96, 0, 14, 21, 2997 }, // U+020A
    { 6, 12, 84, 0, 12, 18, 3018 }, // U+020B
    { 11, 15, 189, 0, 14, 42, 3036 }, // U+020C
    { 9, 13, 147, 0, 12, 30, 3078 }, // U+020D
    { 11, 15, 189, 0, 14, 42, 3108 }, // U+020E
    { 9, 13, 147, 0, 12, 30, 3150 }, // U+020F
    { 11, 14, 170, 0, 14, 39, 3180 }, // U+0210
    { 8, 12, 126, 0, 12, 24, 3219 }, // U+0211
    { 11, 14, 170, 0, 14, 39, 3243 }, // U+0212
    { 8, 12, 126, 0, 12, 24, 3282 }, // U+0213
    { 11, 15, 179, 0, 14, 42, 3306 }, // U+0214
    { 10, 13, 160, 0, 12, 33, 3348 }, // U+0215
    { 11, 15, 179, 0, 14, 42, 3381 }, // U+0216
    { 10, 13, 160, 0, 12, 33, 3423 }, // U+0217
    { 9, 15, 139, 0, 11, 34, 3456 }, // U+0218
    { 7, 13, 115, 0, 9, 23, 3490 }, // U+0219
    { 10, 15, 157, 0, 11, 38, 3513 }, // U+021A
    { 6, 14, 97, 0, 10, 21, 3551 }, // U+021B
    { 9, 14, 148, 0, 11, 32, 3572 }, // U+021C
    { 8, 13, 130, 0, 9, 26, 3604 }, // U+021D
    { 12, 14, 197, 0, 14, 42, 3630 }, // U+021E
    { 10, 15, 160, 0, 15, 38, 3672 }, // U+021F
    { 4, 3, 0, -7, 12, 3, 0 }, // U+0300
    { 4, 3, 0, -5, 12, 3, 3 }, // U+0301
    { 7, 3, 0, -8, 12, 6, 6 }, // U+0302
    { 7, 3, 0, -8, 12, 6, 12 }, // U+0303
    { 6, 2, 0, -3, 11, 3, 18 }, // U+0304
    { 8, 2, 0, -4, 13, 4, 21 }, // U+0305
    { 6, 3, 0, -3, 12, 5, 25 }, // U+0306
    { 4, 3, 0, -2, 12, 3, 30 }, // U+0307
    { 6, 3, 0, -3, 12, 5, 33 }, // U+0308
    { 5, 5, 0, -7, 13, 7, 38 }, // U+0309
    { 4, 5, 0, -2, 13, 5, 45 }, // U+030A
    { 8, 3, 0, -4, 12, 6, 50 }, // U+030B
    { 6, 3, 0, -8, 12, 5, 56 }, // U+030C
    { 2, 4, 0, -1, 12, 2, 61 }, // U+030D
    { 4, 4, 0, -2, 12, 4, 63 }, // U+030E
    { 7, 3, 0, -9, 12, 6, 67 }, // U+030F
    { 6, 5, 0, -3, 14, 8, 73 }, // U+0310
    { 6, 3, 0, -3, 12, 5, 81 }, // U+0311
    { 4, 5, 0, -2, 11, 5, 86 }, // U+0312
    { 4, 5, 0, -2, 11, 5, 91 }, // U+0313
    { 4, 5, 0, -2, 11, 5, 96 }, // U+0314
    { 4, 5, 0, -2, 11, 5, 101 }, // U+0315
    { 4, 3, 0, -2, -1, 3, 106 }, // U+0316
    { 4, 3, 0, -2, -1, 3, 109 }, // U+0317
    { 4, 4, 0, -2, 0, 4, 112 }, // U+0318
    { 4, 4, 0, -2, 0, 4, 116 }, // U+0319
    { 5, 5, 89, 0, 12, 7, 120 }, // U+031A
    { 4, 4, 0, -2, 12, 4, 127 }, // U+031B
    { 2, 4, 0, -1, 0, 2, 131 }, // U+031C
    { 4, 4, 0, -2, 0, 4, 133 }, // U+031D
    { 4, 4, 0, -2, 0, 4, 137 }, // U+031E
    { 4, 4, 0, -2, 0, 4, 141 }, // U+031F
    { 4, 2, 0, -2, -1, 2, 145 }, // U+0320
    { 4, 4, 0, -2, 1, 4, 147 }, // U+0321
    { 4, 4, 0, -2, 1, 4, 151 }, // U+0322
    { 3, 4, 0, -6, 0, 3, 155 }, // U+0323
    { 6, 3, 0, -3, 0, 5, 158 }, // U+0324
    { 4, 4, 0, -2, 0, 4, 163 }, // U+0325
    { 4, 4, 0, -2, 0, 4, 167 }, // U+0326
    { 4, 5, 0, -2, 1, 5, 171 }, // U+0327
    { 4, 4, 0, -2, 0, 4, 176 }, // U+0328
    { 2, 4, 0, -1, 0, 2, 180 }, // U+0329
    { 6, 3, 0, -3, -1, 5, 182 }, // U+032A
    { 6, 3, 0, -3, 0, 5, 187 }, // U+032B
    { 6, 4, 0, -3, 0, 6, 192 }, // U+032C
    { 6, 4, 0, -3, 0, 6, 198 }, // U+032D
    { 6, 4, 0, -3, 0, 6, 204 }, // U+032E
    { 6, 4, 0, -3, 0, 6, 210 }, // U+032F
    { 6, 4, 0, -3, 0, 6, 216 }, // U+0330
    { 6, 2, 0, -3, -1, 3, 222 }, // U+0331
    { 8, 2, 0, -4, -1, 4, 225 }, // U+0332
    { 8, 4, 0, -4, 0, 8, 229 }, // U+0333
    { 6, 3, 0, -3, 6, 5, 237 }, // U+0334
    { 6, 2, 0, -3, 5, 3, 242 }, // U+0335
    { 10, 2, 0, -5, 5, 5, 245 }, // U+0336
    { 6, 5, 0, -3, 7, 8, 250 }, // U+0337
    { 7, 14, 0, -4, 12, 25, 258 }, // U+0338
    { 2, 4, 0, -1, 0, 2, 283 }, // U+0339
    { 6, 3, 0, -3, -1, 5, 285 }, // U+033A
    { 6, 4, 0, -3, 0, 6, 290 }, // U+033B
    { 6, 3, 0, -3, 0, 5, 296 }, // U+033C
    { 4, 4, 0, -2, 12, 4, 301 }, // U+033D
    { 2, 6, 0, -1, 14, 3, 305 }, // U+033E
    { 8, 4, 0, -4, 15, 8, 308 }, // U+033F
    { 5, 3, 0, -3, 12, 4, 316 }, // U+0340
    { 5, 3, 0, -2, 12, 4, 320 }, // U+0341
    { 6, 3, 0, -3, 12, 5, 324 }, // U+0342
    { 4, 4, 0, -2, 13, 4, 329 }, // U+0343
    { 7, 4, 0, -3, 13, 7, 333 }, // U+0344
    { 4, 4, 0, 0, 0, 4, 340 }, // U+0345
    { 6, 3, 0, -3, 11, 5, 344 }, // U+0346
    { 8, 4, 0, -4, 0, 8, 349 }, // U+0347
    { 4, 4, 0, -2, 0, 4, 357 }, // U+0348
    { 4, 3, 0, -2, -1, 3, 361 }, // U+0349
    { 6, 4, 0, -3, 12, 6, 364 }, // U+034A
    { 6, 7, 0, -3, 15, 11, 370 }, // U+034B
    { 6, 5, 0, -3, 14, 8, 381 }, // U+034C
    { 6, 4, 0, -3, 0, 6, 389 }, // U+034D
    { 4, 4, 0, -2, 0, 4, 395 }, // U+034E
    { 12, 11, 0, -6, 11, 33, 399 }, // U+034F
    { 4, 4, 0, -2, 12, 4, 432 }, // U+0350
    { 2, 5, 0, -1, 13, 3, 436 }, // U+0351
    { 6, 5, 0, -3, 13, 8, 439 }, // U+0352
    { 4, 4, 0, -2, 0, 4, 447 }, // U+0353
    { 4, 4, 0, -2, 0, 4, 451 }, // U+0354
    { 4, 4, 0, -2, 0, 4, 455 }, // U+0355
    { 6, 4, 0, -3, 0, 6, 459 }, // U+0356
    { 2, 5, 0, -1, 13, 3, 465 }, // U+0357
    { 3, 3, 0, 1, 12, 3, 468 }, // U+0358
    { 4, 4, 0, -2, 0, 4, 471 }, // U+0359
    { 6, 4, 0, -3, 0, 6, 475 }, // U+035A
    { 4, 4, 0, -2, 12, 4, 481 }, // U+035B
    { 12, 4, 0, -6, 0, 12, 485 }, // U+035C
    { 12, 4, 0, -6, 12, 12, 497 }, // U+035D
    { 10, 2, 0, -5, 11, 5, 509 }, // U+035E
    { 10, 2, 0, -5, -1, 5, 514 }, // U+035F
    { 14, 3, 0, -7, 12, 11, 519 }, // U+0360
    { 14, 4, 0, -7, 13, 14, 530 }, // U+0361
    { 10, 4, 0, -5, 0, 10, 544 }, // U+0362
    { 4, 4, 0, -2, 13, 4, 554 }, // U+0363
    { 4, 4, 0, -2, 13, 4, 558 }, // U+0364
    { 3, 5, 0, -1, 14, 4, 562 }, // U+0365
    { 4, 4, 0, -2, 13, 4, 566 }, // U+0366
    { 5, 4, 0, -2, 13, 5, 570 }, // U+0367
    { 4, 4, 0, -2, 13, 4, 575 }, // U+0368
    { 5, 5, 0, -2, 14, 7, 579 }, // U+0369
    { 5, 5, 0, -2, 14, 7, 586 }, // U+036A
    { 8, 4, 0, -4, 13, 8, 593 }, // U+036B
    { 4, 4, 0, -2, 13, 4, 601 }, // U+036C
    { 4, 5, 0, -2, 14, 5, 605 }, // U+036D
    { 5, 4, 0, -2, 13, 5, 610 }, // U+036E
    { 5, 4, 0, -2, 13, 5, 615 }, // U+036F
    { 10, 14, 157, 0, 14, 35, 0 }, // U+0400
    { 10, 14, 157, 0, 14, 35, 35 }, // U+0401
    { 12, 11, 198, 0, 11, 33, 70 }, // U+0402
    { 9, 14, 143, 0, 14, 32, 103 }, // U+0403
    { 10, 12, 158, 0, 11, 30, 135 }, // U+0404
    { 9, 12, 140, 0, 11, 27, 165 }, // U+0405
    { 6, 11, 95, 0, 11, 17, 192 }, // U+0406
    { 6, 14, 95, 0, 14, 21, 209 }, // U+0407
    { 7, 15, 95, -1, 11, 27, 230 }, // U+0408
    { 15, 12, 234, 0, 11, 45, 257 }, // U+0409
    { 16, 11, 248, 0, 11, 44, 302 }, // U+040A
    { 14, 11, 213, 0, 11, 39, 346 }, // U+040B
    { 11, 14, 175, 0, 14, 39, 385 }, // U+040C
    { 12, 14, 198, 0, 14, 42, 424 }, // U+040D
    { 11, 15, 168, 0, 14, 42, 466 }, // U+040E
    { 12, 14, 193, 0, 11, 42, 508 }, // U+040F
    { 12, 11, 180, 0, 11, 33, 550 }, // U+0410
    { 10, 11, 153, 0, 11, 28, 583 }, // U+0411
    { 10, 11, 166, 0, 11, 28, 611 }, // U+0412
    { 9, 11, 143, 0, 11, 25, 639 }, // U+0413
    { 11, 14, 180, 0, 11, 39, 664 }, // U+0414
    { 10, 11, 157, 0, 11, 28, 703 }, // U+0415
    { 16, 11, 248, 0, 11, 44, 731 }, // U+0416
    { 9, 12, 149, 0, 11, 27, 775 }, // U+0417
    { 12, 11, 198, 0, 11, 33, 802 }, // U+0418
    { 12, 14, 198, 0, 14, 42, 835 }, // U+0419
    { 11, 11, 175, 0, 11, 31, 877 }, // U+041A
    { 11, 12, 180, 0, 11, 33, 908 }, // U+041B
    { 15, 11, 233, 0, 11, 42, 941 }, // U+041C
    { 12, 11, 195, 0, 11, 33, 983 }, // U+041D
    { 11, 12, 185, 0, 11, 33, 1016 }, // U+041E
    { 12, 11, 193, 0, 11, 33, 1049 }, // U+041F
    { 10, 11, 153, 0, 11, 28, 1082 }, // U+0420
    { 10, 12, 158, 0, 11, 30, 1110 }, // U+0421
    { 10, 11, 161, 0, 11, 28, 1140 }, // U+0422
    { 11, 12, 168, 0, 11, 33, 1168 }, // U+0423
    { 14, 12, 227, 0, 11, 42, 1201 }, // U+0424
    { 11, 11, 176, 0, 11, 31, 1243 }, // U+0425
    { 12, 14, 194, 0, 11, 42, 1274 }, // U+0426
    { 12, 11, 188, 0, 11, 33, 1316 }, // U+0427
    { 17, 11, 274, 0, 11, 47, 1349 }, // U+0428
    { 17, 14, 275, 0, 11, 60, 1396 }, // U+0429
    { 11, 11, 177, 0, 11, 31, 1456 }, // U+042A
    { 15, 11, 236, 0, 11, 42, 1487 }, // U+042B
    { 10, 11, 153, 0, 11, 28, 1529 }, // U+042C
    { 10, 12, 158, 0, 11, 30, 1557 }, // U+042D
    { 16, 12, 259, 0, 11, 48, 1587 }, // U+042E
    { 12, 11, 168, -1, 11, 33, 1635 }, // U+042F
    { 9, 10, 142, 0, 9, 23, 1668 }, // U+0430
    { 9, 13, 145, 0, 12, 30, 1691 }, // U+0431
    { 9, 9, 145, 0, 9, 21, 1721 }, // U+0432
    { 8, 9, 121, 0, 9, 18, 1742 }, // U+0433
    { 10, 12, 150, 0, 9, 30, 1760 }, // U+0434
    { 8, 10, 135, 0, 9, 20, 1790 }, // U+0435
    { 14, 9, 212, 0, 9, 32, 1810 }, // U+0436
    { 8, 10, 122, 0, 9, 20, 1842 }, // U+0437
    { 10, 9, 163, 0, 9, 23, 1862 }, // U+0438
    { 10, 12, 163, 0, 12, 30, 1885 }, // U+0439
    { 10, 9, 149, 0, 9, 23, 1915 }, // U+043A
    { 10, 10, 150, 0, 9, 25, 1938 }, // U+043B
    { 13, 9, 204, 0, 9, 30, 1963 }, // U+043C
    { 10, 9, 162, 0, 9, 23, 1993 }, // U+043D
    { 9, 10, 145, 0, 9, 23, 2016 }, // U+043E
    { 10, 9, 159, 0, 9, 23, 2039 }, // U+043F
    { 10, 13, 155, 0, 9, 33, 2062 }, // U+0440
    { 8, 10, 126, 0, 9, 20, 2095 }, // U+0441
    { 9, 9, 133, 0, 9, 21, 2115 }, // U+0442
    { 10, 13, 145, 0, 9, 33, 2136 }, // U+0443
    { 12, 16, 194, 0, 12, 48, 2169 }, // U+0444
    { 10, 9, 156, 0, 9, 23, 2217 }, // U+0445
    { 10, 12, 161, 0, 9, 30, 2240 }, // U+0446
    { 10, 9, 158, 0, 9, 23, 2270 }, // U+0447
    { 14, 9, 228, 0, 9, 32, 2293 }, // U+0448
    { 15, 12, 229, 0, 9, 45, 2325 }, // U+0449
    { 10, 9, 159, 0, 9, 23, 2370 }, // U+044A
    { 13, 9, 210, 0, 9, 30, 2393 }, // U+044B
    { 9, 9, 137, 0, 9, 21, 2423 }, // U+044C
    { 8, 10, 126, 0, 9, 20, 2444 }, // U+044D
    { 13, 10, 207, 0, 9, 33, 2464 }, // U+044E
    { 9, 9, 146, 0, 9, 21, 2497 }, // U+044F
    { 8, 13, 135, 0, 12, 26, 2518 }, // U+0450
    { 8, 13, 135, 0, 12, 26, 2544 }, // U+0451
    { 9, 16, 151, 0, 12, 36, 2570 }, // U+0452
    { 8, 12, 121, 0, 12, 24, 2606 }, // U+0453
    { 8, 10, 126, 0, 9, 20, 2630 }, // U+0454
    { 7, 10, 115, 0, 9, 18, 2650 }, // U+0455
    { 6, 12, 84, 0, 12, 18, 2668 }, // U+0456
    { 6, 12, 84, 0, 12, 18, 2686 }, // U+0457
    { 5, 16, 80, -1, 12, 20, 2704 }, // U+0458
    { 13, 10, 200, 0, 9, 33, 2724 }, // U+0459
    { 13, 9, 212, 0, 9, 30, 2757 }, // U+045A
    { 10, 12, 158, 0, 12, 30, 2787 }, // U+045B
    { 10, 12, 150, 0, 12, 30, 2817 }, // U+045C
    { 10, 12, 163, 0, 12, 30, 2847 }, // U+045D
    { 10, 16, 145, 0, 12, 40, 2877 }, // U+045E
    { 10, 12, 159, 0, 9, 30, 2917 }, // U+045F
    { 15, 11, 247, 0, 11, 42, 2947 }, // U+0460
    { 13, 9, 216, 0, 9, 30, 2989 }, // U+0461
    { 11, 11, 172, 0, 11, 31, 3019 }, // U+0462
    { 9, 12, 145, 0, 12, 27, 3050 }, // U+0463
    { 15, 12, 248, 0, 11, 45, 3077 }, // U+0464
    { 13, 10, 206, 0, 9, 33, 3122 }, // U+0465
    { 12, 11, 190, 0, 11, 33, 3155 }, // U+0466
    { 10, 9, 160, 0, 9, 23, 3188 }, // U+0467
    { 18, 11, 281, 0, 11, 50, 3211 }, // U+0468
    { 15, 9, 230, 0, 9, 34, 3261 }, // U+0469
    { 14, 11, 221, 0, 11, 39, 3295 }, // U+046A
    { 12, 9, 191, 0, 9, 27, 3334 }, // U+046B
    { 20, 11, 312, 0, 11, 55, 3361 }, // U+046C
    { 17, 9, 263, 0, 9, 39, 3416 }, // U+046D
    { 9, 17, 148, 0, 13, 39, 3455 }, // U+046E
    { 8, 14, 127, 0, 10, 28, 3494 }, // U+046F
    { 15, 11, 234, 0, 11, 42, 3522 }, // U+0470
    { 10, 16, 170, 0, 12, 40, 3564 }, // U+0471
    { 11, 12, 189, 0, 11, 33, 3604 }, // U+0472
    { 9, 10, 149, 0, 9, 23, 3637 }, // U+0473
    { 12, 11, 178, 0, 11, 33, 3660 }, // U+0474
    { 10, 9, 154, 0, 9, 23, 3693 }, // U+0475
    { 12, 14, 178, 0, 14, 42, 3716 }, // U+0476
    { 10, 12, 154, 0, 12, 30, 3758 }, // U+0477
    { 20, 15, 313, 0, 11, 75, 3788 }, // U+0478
    { 17, 13, 270, 0, 9, 56, 3863 }, // U+0479
    { 12, 13, 198, 0, 12, 39, 3919 }, // U+047A
    { 9, 10, 154, 0, 9, 23, 3958 }, // U+047B
    { 17, 17, 270, 0, 16, 73, 3981 }, // U+047C
    { 14, 15, 231, 0, 14, 53, 4054 }, // U+047D
    { 15, 14, 247, 0, 14, 53, 4107 }, // U+047E
    { 13, 11, 216, 0, 11, 36, 4160 }, // U+047F
    { 10, 15, 161, 0, 11, 38, 4196 }, // U+0480
    { 8, 13, 126, 0, 9, 26, 4234 }, // U+0481
    { 9, 11, 146, 0, 10, 25, 4260 }, // U+0482
    { 6, 3, 0, -3, 11, 5, 4285 }, // U+0483
    { 6, 3, 0, -3, 12, 5, 4290 }, // U+0484
    { 2, 3, 0, -1, 12, 2, 4295 }, // U+0485
    { 2, 3, 0, -1, 12, 2, 4297 }, // U+0486
    { 8, 3, 0, -4, 14, 6, 4299 }, // U+0487
    { 20, 18, 0, -10, 13, 90, 4305 }, // U+0488
    { 18, 18, 0, -9, 13, 81, 4395 }, // U+0489
    { 13, 18, 198, 0, 14, 59, 4476 }, // U+048A
    { 11, 16, 163, 0, 12, 44, 4535 }, // U+048B
    { 10, 12, 153, 0, 12, 30, 4579 }, // U+048C
    { 9, 10, 145, 0, 10, 23, 4609 }, // U+048D
    { 10, 11, 153, 0, 11, 28, 4632 }, // U+048E
    { 9, 13, 155, 0, 9, 30, 4660 }, // U+048F
    { 9, 13, 132, 0, 13, 30, 4690 }, // U+0490
    { 7, 11, 110, 0, 11, 20, 4720 }, // U+0491
    { 9, 11, 142, 0, 11, 25, 4740 }, // U+0492
    { 8, 9, 122, 0, 9, 18, 4765 }, // U+0493
    { 11, 15, 173, 0, 11, 42, 4783 }, // U+0494
    { 9, 13, 148, 0, 9, 30, 4825 }, // U+0495
    { 16, 15, 260, 0, 11, 60, 4855 }, // U+0496
    { 15, 13, 230, 0, 9, 49, 4915 }, // U+0497
    { 9, 15, 148, 0, 11, 34, 4964 }, // U+0498
    { 8, 13, 127, 0, 9, 26, 4998 }, // U+0499
    { 11, 15, 181, 0, 11, 42, 5024 }, // U+049A
    { 10, 13, 159, 0, 9, 33, 5066 }, // U+049B
    { 12, 11, 181, 0, 11, 33, 5099 }, // U+049C
    { 11, 9, 161, 0, 9, 25, 5132 }, // U+049D
    { 11, 11, 173, 0, 11, 31, 5157 }, // U+049E
    { 10, 12, 154, 0, 12, 30, 5188 }, // U+049F
    { 13, 11, 199, 0, 11, 36, 5218 }, // U+04A0
    { 12, 9, 185, 0, 9, 27, 5254 }, // U+04A1
    { 12, 15, 197, 0, 11, 45, 5281 }, // U+04A2
    { 11, 13, 166, 0, 9, 36, 5326 }, // U+04A3
    { 14, 11, 223, 0, 11, 39, 5362 }, // U+04A4
    { 13, 9, 196, 0, 9, 30, 5401 }, // U+04A5
    { 17, 15, 270, 0, 11, 64, 5431 }, // U+04A6
    { 14, 13, 224, 0, 9, 46, 5495 }, // U+04A7
    { 13, 12, 204, 0, 11, 39, 5541 }, // U+04A8
    { 11, 10, 172, 0, 9, 28, 5580 }, // U+04A9
    { 10, 15, 161, 0, 11, 38, 5608 }, // U+04AA
    { 8, 13, 126, 0, 9, 26, 5646 }, // U+04AB
    { 10, 15, 157, 0, 11, 38, 5672 }, // U+04AC
    { 9, 13, 136, 0, 9, 30, 5710 }, // U+04AD
    { 11, 11, 166, 0, 11, 31, 5740 }, // U+04AE
    { 10, 13, 145, 0, 9, 33, 5771 }, // U+04AF
    { 11, 11, 166, 0, 11, 31, 5804 }, // U+04B0
    { 10, 13, 145, 0, 9, 33, 5835 }, // U+04B1
    { 11, 15, 181, 0, 11, 42, 5868 }, // U+04B2
    { 10, 13, 155, 0, 9, 33, 5910 }, // U+04B3
    { 15, 15, 238, 0, 11, 57, 5943 }, // U+04B4
    { 13, 13, 209, 0, 9, 43, 6000 }, // U+04B5
    { 12, 15, 187, 0, 11, 45, 6043 }, // U+04B6
    { 11, 13, 163, 0, 9, 36, 6088 }, // U+04B7
    { 12, 11, 188, 0, 11, 33, 6124 }, // U+04B8
    { 10, 9, 158, 0, 9, 23, 6157 }, // U+04B9
    { 12, 11, 187, 0, 11, 33, 6180 }, // U+04BA
    { 10, 12, 160, 0, 12, 30, 6213 }, // U+04BB
    { 13, 12, 205, 0, 11, 39, 6243 }, // U+04BC
    { 10, 10, 169, 0, 9, 25, 6282 }, // U+04BD
    { 13, 15, 205, 0, 11, 49, 6307 }, // U+04BE
    { 10, 13, 169, 0, 9, 33, 6356 }, // U+04BF
    { 6, 11, 96, 0, 11, 17, 6389 }, // U+04C0
    { 16, 14, 248, 0, 14, 56, 6406 }, // U+04C1
    { 14, 12, 212, 0, 12, 42, 6462 }, // U+04C2
    { 11, 15, 175, 0, 11, 42, 6504 }, // U+04C3
    { 10, 13, 158, 0, 9, 33, 6546 }, // U+04C4
    { 12, 15, 180, 0, 11, 45, 6579 }, // U+04C5
    { 10, 13, 150, 0, 9, 33, 6624 }, // U+04C6
    { 12, 15, 197, 0, 11, 45, 6657 }, // U+04C7
    { 11, 13, 166, 0, 9, 36, 6702 }, // U+04C8
    { 13, 15, 197, 0, 11, 49, 6738 }, // U+04C9
    { 10, 13, 162, 0, 9, 33, 6787 }, // U+04CA
    { 12, 15, 187, 0, 11, 45, 6820 }, // U+04CB
    { 10, 13, 163, 0, 9, 33, 6865 }, // U+04CC
    { 15, 15, 233, 0, 11, 57, 6898 }, // U+04CD
    { 13, 13, 204, 0, 9, 43, 6955 }, // U+04CE
    { 6, 11, 96, 0, 11, 17, 6998 }, // U+04CF
    { 12, 14, 181, 0, 14, 42, 7015 }, // U+04D0
    { 9, 13, 144, 0, 12, 30, 7057 }, // U+04D1
    { 12, 14, 181, 0, 14, 42, 7087 }, // U+04D2
    { 9, 13, 144, 0, 12, 30, 7129 }, // U+04D3
    { 15, 11, 238, 0, 11, 42, 7159 }, // U+04D4
    { 13, 10, 210, 0, 9, 33, 7201 }, // U+04D5
    { 10, 14, 157, 0, 14, 35, 7234 }, // U+04D6
    { 8, 13, 137, 0, 12, 26, 7269 }, // U+04D7
    { 11, 12, 174, 0, 11, 33, 7295 }, // U+04D8
    { 8, 10, 137, 0, 9, 20, 7328 }, // U+04D9
    { 11, 15, 174, 0, 14, 42, 7348 }, // U+04DA
    { 8, 13, 137, 0, 12, 26, 7390 }, // U+04DB
    { 16, 14, 248, 0, 14, 56, 7416 }, // U+04DC
    { 14, 12, 212, 0, 12, 42, 7472 }, // U+04DD
    { 9, 15, 150, 0, 14, 34, 7514 }, // U+04DE
    { 8, 13, 122, 0, 12, 26, 7548 }, // U+04DF
    { 9, 12, 148, 0, 11, 27, 7574 }, // U+04E0
    { 8, 13, 134, 0, 9, 26, 7601 }, // U+04E1
    { 12, 13, 198, 0, 13, 39, 7627 }, // U+04E2
    { 10, 11, 163, 0, 11, 28, 7666 }, // U+04E3
    { 12, 14, 198, 0, 14, 42, 7694 }, // U+04E4
    { 10, 12, 163, 0, 12, 30, 7736 }, // U+04E5
    { 11, 15, 189, 0, 14, 42, 7766 }, // U+04E6
    { 9, 13, 147, 0, 12, 30, 7808 }, // U+04E7
    { 11, 12, 189, 0, 11, 33, 7838 }, // U+04E8
    { 9, 10, 147, 0, 9, 23, 7871 }, // U+04E9
    { 11, 15, 189, 0, 14, 42, 7894 }, // U+04EA
    { 9, 13, 147, 0, 12, 30, 7936 }, // U+04EB
    { 10, 15, 158, 0, 14, 38, 7966 }, // U+04EC
    { 8, 13, 126, 0, 12, 26, 8004 }, // U+04ED
    { 11, 14, 168, 0, 13, 39, 8030 }, // U+04EE
    { 9, 15, 139, 0, 11, 34, 8069 }, // U+04EF
    { 11, 15, 168, 0, 14, 42, 8103 }, // U+04F0
    { 9, 16, 139, 0, 12, 36, 8145 }, // U+04F1
    { 11, 15, 168, 0, 14, 42, 8181 }, // U+04F2
    { 9, 16, 139, 0, 12, 36, 8223 }, // U+04F3
    { 12, 14, 188, 0, 14, 42, 8259 }, // U+04F4
    { 10, 12, 158, 0, 12, 30, 8301 }, // U+04F5
    { 9, 15, 142, 0, 11, 34, 8331 }, // U+04F6
    { 8, 13, 122, 0, 9, 26, 8365 }, // U+04F7
    { 15, 14, 236, 0, 14, 53, 8391 }, // U+04F8
    { 13, 12, 210, 0, 12, 39, 8444 }, // U+04F9
    { 9, 15, 142, 0, 11, 34, 8483 }, // U+04FA
    { 8, 13, 122, 0, 9, 26, 8517 }, // U+04FB
    { 11, 15, 176, 0, 11, 42, 8543 }, // U+04FC
    { 10, 13, 155, 0, 9, 33, 8585 }, // U+04FD
    { 11, 11, 176, 0, 11, 31, 8618 }, // U+04FE
    { 10, 9, 155, 0, 9, 23, 8649 }, // U+04FF
    { 12, 15, 181, 0, 11, 45, 0 }, // U+1EA0
    { 9, 13, 144, 0, 9, 30, 45 }, // U+1EA1
    { 12, 15, 181, 0, 15, 45, 75 }, // U+1EA2
    { 9, 14, 144, 0, 13, 32, 120 }, // U+1EA3
    { 12, 15, 181, 0, 15, 45, 152 }, // U+1EA4
    { 9, 14, 144, 0, 13, 32, 197 }, // U+1EA5
    { 12, 15, 181, 0, 15, 45, 229 }, // U+1EA6
    { 9, 14, 144, 0, 13, 32, 274 }, // U+1EA7
    { 12, 16, 181, 0, 16, 48, 306 }, // U+1EA8
    { 9, 14, 144, 0, 13, 32, 354 }, // U+1EA9
    { 12, 16, 181, 0, 16, 48, 386 }, // U+1EAA
    { 9, 15, 144, 0, 14, 34, 434 }, // U+1EAB
    { 12, 18, 181, 0, 14, 54, 468 }, // U+1EAC
    { 9, 16, 144, 0, 12, 36, 522 }, // U+1EAD
    { 12, 16, 181, 0, 16, 48, 558 }, // U+1EAE
    { 9, 14, 144, 0, 13, 32, 606 }, // U+1EAF
    { 12, 16, 181, 0, 16, 48, 638 }, // U+1EB0
    { 9, 14, 144, 0, 13, 32, 686 }, // U+1EB1
    { 12, 16, 181, 0, 16, 48, 718 }, // U+1EB2
    { 9, 15, 144, 0, 14, 34, 766 }, // U+1EB3
    { 12, 16, 181, 0, 16, 48, 800 }, // U+1EB4
    { 9, 15, 144, 0, 14, 34, 848 }, // U+1EB5
    { 12, 18, 181, 0, 14, 54, 882 }, // U+1EB6
    { 9, 16, 144, 0, 12, 36, 936 }, // U+1EB7
    { 10, 15, 157, 0, 11, 38, 972 }, // U+1EB8
    { 8, 13, 137, 0, 9, 26, 1010 }, // U+1EB9
    { 10, 15, 157, 0, 15, 38, 1036 }, // U+1EBA
    { 8, 14, 137, 0, 13, 28, 1074 }, // U+1EBB
    { 10, 14, 157, 0, 14, 35, 1102 }, // U+1EBC
    { 8, 13, 137, 0, 12, 26, 1137 }, // U+1EBD
    { 10, 15, 157, 0, 15, 38, 1163 }, // U+1EBE
    { 9, 14, 137, 0, 13, 32, 1201 }, // U+1EBF
    { 10, 15, 157, 0, 15, 38, 1233 }, // U+1EC0
    { 8, 14, 137, 0, 13, 28, 1271 }, // U+1EC1
    { 10, 16, 157, 0, 16, 40, 1299 }, // U+1EC2
    { 9, 14, 137, 0, 13, 32, 1339 }, // U+1EC3
    { 10, 16, 157, 0, 16, 40, 1371 }, // U+1EC4
    { 8, 15, 137, 0, 14, 30, 1411 }, // U+1EC5
    { 10, 18, 157, 0, 14, 45, 1441 }, // U+1EC6
    { 8, 16, 137, 0, 12, 32, 1486 }, // U+1EC7
    { 6, 15, 96, 0, 15, 23, 1518 }, // U+1EC8
    { 6, 13, 84, 0, 13, 20, 1541 }, // U+1EC9
    { 6, 15, 96, 0, 11, 23, 1561 }, // U+1ECA
    { 6, 16, 84, 0, 12, 24, 1584 }, // U+1ECB
    { 11, 15, 189, 0, 11, 42, 1608 }, // U+1ECC
    { 9, 13, 147, 0, 9, 30, 1650 }, // U+1ECD
    { 11, 16, 189, 0, 15, 44, 1680 }, // U+1ECE
    { 9, 14, 147, 0, 13, 32, 1724 }, // U+1ECF
    { 11, 16, 189, 0, 15, 44, 1756 }, // U+1ED0
    { 9, 14, 147, 0, 13, 32, 1800 }, // U+1ED1
    { 11, 16, 189, 0, 15, 44, 1832 }, // U+1ED2
    { 9, 14, 147, 0, 13, 32, 1876 }, // U+1ED3
    { 11, 17, 189, 0, 16, 47, 1908 }, // U+1ED4
    { 9, 14, 147, 0, 13, 32, 1955 }, // U+1ED5
    { 11, 17, 189, 0, 16, 47, 1987 }, // U+1ED6
    { 9, 15, 147, 0, 14, 34, 2034 }, // U+1ED7
    { 11, 18, 189, 0, 14, 50, 2068 }, // U+1ED8
    { 9, 16, 147, 0, 12, 36, 2118 }, // U+1ED9
    { 13, 15, 202, 0, 14, 49, 2154 }, // U+1EDA
    { 10, 13, 161, 0, 12, 33, 2203 }, // U+1EDB
    { 13, 15, 202, 0, 14, 49, 2236 }, // U+1EDC
    { 10, 13, 161, 0, 12, 33, 2285 }, // U+1EDD
    { 13, 16, 202, 0, 15, 52, 2318 }, // U+1EDE
    { 10, 14, 161, 0, 13, 35, 2370 }, // U+1EDF
    { 13, 15, 202, 0, 14, 49, 2405 }, // U+1EE0
    { 10, 13, 161, 0, 12, 33, 2454 }, // U+1EE1
    { 13, 16, 202, 0, 12, 52, 2487 }, // U+1EE2
    { 10, 14, 161, 0, 10, 35, 2539 }, // U+1EE3
    { 11, 15, 179, 0, 11, 42, 2574 }, // U+1EE4
    { 10, 13, 160, 0, 9, 33, 2616 }, // U+1EE5
    { 11, 16, 179, 0, 15, 44, 2649 }, // U+1EE6
    { 10, 14, 160, 0, 13, 35, 2693 }, // U+1EE7
    { 13, 15, 205, 0, 14, 49, 2728 }, // U+1EE8
    { 12, 13, 187, 0, 12, 39, 2777 }, // U+1EE9
    { 13, 15, 205, 0, 14, 49, 2816 }, // U+1EEA
    { 12, 13, 187, 0, 12, 39, 2865 }, // U+1EEB
    { 13, 16, 205, 0, 15, 52, 2904 }, // U+1EEC
    { 12, 14, 187, 0, 13, 42, 2956 }, // U+1EED
    { 13, 15, 205, 0, 14, 49, 2998 }, // U+1EEE
    { 12, 13, 187, 0, 12, 39, 3047 }, // U+1EEF
    { 13, 16, 205, 0, 12, 52, 3086 }, // U+1EF0
    { 12, 14, 187, 0, 10, 42, 3138 }, // U+1EF1
    { 11, 14, 166, 0, 14, 39, 3180 }, // U+1EF2
    { 9, 16, 139, 0, 12, 36, 3219 }, // U+1EF3
    { 11, 15, 166, 0, 11, 42, 3255 }, // U+1EF4
    { 9, 13, 139, 0, 9, 30, 3297 }, // U+1EF5
    { 11, 15, 166, 0, 15, 42, 3327 }, // U+1EF6
    { 9, 17, 139, 0, 13, 39, 3369 }, // U+1EF7
    { 11, 14, 166, 0, 14, 39, 3408 }, // U+1EF8
    { 9, 16, 139, 0, 12, 36, 3447 }, // U+1EF9
    { 0, 0, 120, 0, 0, 0, 0 }, // U+2000
    { 0, 0, 240, 0, 0, 0, 0 }, // U+2001
    { 0, 0, 120, 0, 0, 0, 0 }, // U+2002
    { 0, 0, 240, 0, 0, 0, 0 }, // U+2003
    { 0, 0, 80, 0, 0, 0, 0 }, // U+2004
    { 0, 0, 60, 0, 0, 0, 0 }, // U+2005
    { 0, 0, 40, 0, 0, 0, 0 }, // U+2006
    { 0, 0, 136, 0, 0, 0, 0 }, // U+2007
    { 0, 0, 71, 0, 0, 0, 0 }, // U+2008
    { 0, 0, 40, 0, 0, 0, 0 }, // U+2009
    { 0, 0, 24, 0, 0, 0, 0 }, // U+200A
    { 0, 0, 0, 0, 0, 0, 0 }, // U+200B
    { 2, 12, 0, -1, 10, 6, 0 }, // U+200C
    { 4, 13, 0, -2, 11, 13, 6 }, // U+200D
    { 5, 13, 0, -1, 11, 17, 19 }, // U+200E
    { 5, 13, 0, -4, 11, 17, 36 }, // U+200F
    { 5, 2, 74, 0, 5, 3, 53 }, // U+2010
    { 5, 2, 74, 0, 5, 3, 56 }, // U+2011
    { 8, 2, 136, 0, 6, 4, 59 }, // U+2012
    { 9, 2, 120, -1, 5, 5, 63 }, // U+2013
    { 17, 2, 240, -1, 5, 9, 68 }, // U+2014
    { 17, 2, 240, -1, 5, 9, 77 }, // U+2015
    { 5, 16, 134, 2, 12, 20, 86 }, // U+2016
    { 8, 4, 99, -1, 0, 8, 106 }, // U+2017
    { 4, 5, 67, 0, 11, 5, 114 }, // U+2018
    { 4, 5, 67, 0, 11, 5, 119 }, // U+2019
    { 4, 6, 71, 0, 3, 6, 124 }, // U+201A
    { 4, 5, 67, 0, 11, 5, 130 }, // U+201B
    { 7, 5, 117, 0, 11, 9, 135 }, // U+201C
    { 7, 5, 117, 0, 11, 9, 144 }, // U+201D
    { 7, 6, 117, 0, 3, 11, 153 }, // U+201E
    { 7, 5, 117, 0, 11, 9, 164 }, // U+201F
    { 7, 14, 115, 0, 12, 25, 173 }, // U+2020
    { 7, 14, 115, 0, 12, 25, 198 }, // U+2021
    { 6, 6, 96, 0, 8, 9, 223 }, // U+2022
    { 6, 6, 120, 1, 8, 9, 232 }, // U+2023
    { 4, 3, 71, 0, 7, 3, 241 }, // U+2024
    { 8, 3, 138, 0, 7, 6, 244 }, // U+2025
    { 12, 4, 219, 1, 3, 12, 250 }, // U+2026
    { 4, 4, 71, 0, 6, 4, 262 }, // U+2027
    { 0, 0, 144, 0, 0, 0, 266 }, // U+2028
    { 0, 0, 144, 0, 0, 0, 266 }, // U+2029
    { 5, 12, 0, -1, 10, 15, 266 }, // U+202A
    { 5, 12, 0, -4, 10, 15, 281 }, // U+202B
    { 4, 13, 0, -2, 11, 13, 296 }, // U+202C
    { 4, 13, 0, -2, 11, 13, 309 }, // U+202D
    { 4, 13, 0, -2, 11, 13, 322 }, // U+202E
    { 0, 0, 40, 0, 0, 0, 335 }, // U+202F
    { 20, 12, 314, 0, 11, 60, 335 }, // U+2030
    { 26, 12, 415, 0, 11, 78, 395 }, // U+2031
    { 4, 4, 60, 0, 11, 4, 473 }, // U+2032
    { 8, 4, 118, 0, 11, 8, 477 }, // U+2033
    { 11, 4, 175, 0, 11, 11, 485 }, // U+2034
    { 4, 4, 60, 0, 11, 4, 496 }, // U+2035
    { 8, 4, 118, 0, 11, 8, 500 }, // U+2036
    { 11, 4, 175, 0, 11, 11, 508 }, // U+2037
    { 7, 5, 106, 0, 1, 9, 519 }, // U+2038
    { 5, 7, 85, 0, 8, 9, 528 }, // U+2039
    { 5, 7, 85, 0, 8, 9, 537 }, // U+203A
    { 12, 11, 197, 0, 11, 33, 546 }, // U+203B
    { 7, 12, 151, 1, 11, 21, 579 }, // U+203C
    { 9, 12, 148, 0, 11, 27, 600 }, // U+203D
    { 8, 2, 110, -1, 13, 4, 627 }, // U+203E
    { 12, 4, 0, -6, 0, 12, 631 }, // U+203F
    { 14, 4, 0, -7, 13, 14, 643 }, // U+2040
    { 7, 11, 108, 0, 11, 20, 657 }, // U+2041
    { 15, 12, 240, 0, 12, 45, 677 }, // U+2042
    { 5, 3, 87, 0, 7, 4, 722 }, // U+2043
    { 7, 11, 15, -3, 11, 20, 726 }, // U+2044
    { 5, 14, 100, 1, 12, 18, 746 }, // U+2045
    { 5, 14, 100, 0, 12, 18, 764 }, // U+2046
    { 16, 12, 256, 0, 11, 48, 782 }, // U+2047
    { 12, 12, 203, 0, 11, 36, 830 }, // U+2048
    { 11, 12, 204, 1, 11, 33, 866 }, // U+2049
    { 8, 12, 146, 0, 9, 24, 899 }, // U+204A
    { 9, 14, 150, 0, 12, 32, 923 }, // U+204B
    { 9, 7, 148, 0, 9, 16, 955 }, // U+204C
    { 9, 7, 148, 0, 9, 16, 971 }, // U+204D
    { 8, 7, 120, 0, 9, 14, 987 }, // U+204E
    { 3, 12, 73, 1, 9, 9, 1001 }, // U+204F
    { 11, 12, 185, 0, 11, 33, 1010 }, // U+2050
    { 8, 13, 120, 0, 12, 26, 1043 }, // U+2051
    { 6, 12, 97, 0, 11, 18, 1069 }, // U+2052
    { 8, 4, 134, 0, 7, 8, 1087 }, // U+2053
    { 12, 4, 0, -6, 0, 12, 1095 }, // U+2054
    { 8, 8, 130, 0, 9, 16, 1107 }, // U+2055
    { 8, 10, 151, 1, 9, 20, 1123 }, // U+2056
    { 15, 4, 233, 0, 11, 15, 1143 }, // U+2057
    { 10, 10, 184, 1, 9, 25, 1158 }, // U+2058
    { 10, 10, 184, 1, 9, 25, 1183 }, // U+2059
    { 3, 12, 73, 1, 11, 9, 1208 }, // U+205A
    { 10, 12, 184, 1, 11, 30, 1217 }, // U+205B
    { 9, 9, 167, 1, 9, 21, 1247 }, // U+205C
    { 3, 12, 73, 1, 11, 9, 1268 }, // U+205D
    { 3, 12, 73, 1, 11, 9, 1277 }, // U+205E
    { 0, 0, 53, 0, 0, 0, 1286 }, // U+205F
    { 0, 0, 144, 0, 0, 0, 1286 }, // U+2060
    { 0, 0, 144, 0, 0, 0, 1286 }, // U+2061
    { 0, 0, 144, 0, 0, 0, 1286 }, // U+2062
    { 0, 0, 144, 0, 0, 0, 1286 }, // U+2063
    { 0, 0, 144, 0, 0, 0, 1286 }, // U+2064
    { 0, 0, 0, 0, 0, 0, 1286 }, // U+2066
    { 0, 0, 0, 0, 0, 0, 1286 }, // U+2067
    { 0, 0, 0, 0, 0, 0, 1286 }, // U+2068
    { 0, 0, 0, 0, 0, 0, 1286 }, // U+2069
    { 4, 13, 0, -2, 11, 13, 1286 }, // U+206A
    { 4, 13, 0, -2, 11, 13, 1299 }, // U+206B
    { 4, 13, 0, -2, 11, 13, 1312 }, // U+206C
    { 4, 13, 0, -2, 11, 13, 1325 }, // U+206D
    { 4, 13, 0, -2, 11, 13, 1338 }, // U+206E
    { 4, 13, 0, -2, 11, 13, 1351 }, // U+206F
    { 6, 8, 96, 0, 13, 12, 0 }, // U+2070
    { 4, 8, 55, 0, 12, 8, 12 }, // U+2071
    { 6, 8, 96, 0, 13, 12, 20 }, // U+2074
    { 6, 8, 96, 0, 13, 12, 32 }, // U+2075
    { 6, 8, 96, 0, 13, 12, 44 }, // U+2076
    { 6, 8, 96, 0, 13, 12, 56 }, // U+2077
    { 6, 8, 96, 0, 13, 12, 68 }, // U+2078
    { 6, 8, 96, 0, 13, 12, 80 }, // U+2079
    { 6, 6, 96, 0, 12, 9, 92 }, // U+207A
    { 6, 2, 96, 0, 10, 3, 101 }, // U+207B
    { 6, 4, 96, 0, 11, 6, 104 }, // U+207C
    { 5, 10, 60, 0, 14, 13, 110 }, // U+207D
    { 4, 10, 60, -1, 14, 10, 123 }, // U+207E
    { 7, 6, 104, 0, 10, 11, 133 }, // U+207F
    { 6, 8, 96, 0, 6, 12, 144 }, // U+2080
    { 6, 8, 96, 0, 6, 12, 156 }, // U+2081
    { 6, 8, 96, 0, 6, 12, 168 }, // U+2082
    { 6, 8, 96, 0, 6, 12, 180 }, // U+2083
    { 6, 8, 96, 0, 6, 12, 192 }, // U+2084
    { 6, 8, 96, 0, 6, 12, 204 }, // U+2085
    { 6, 8, 96, 0, 6, 12, 216 }, // U+2086
    { 6, 8, 96, 0, 6, 12, 228 }, // U+2087
    { 6, 8, 96, 0, 6, 12, 240 }, // U+2088
    { 6, 8, 96, 0, 6, 12, 252 }, // U+2089
    { 6, 6, 96, 0, 5, 9, 264 }, // U+208A
    { 6, 2, 96, 0, 3, 3, 273 }, // U+208B
    { 6, 4, 96, 0, 4, 6, 276 }, // U+208C
    { 5, 10, 60, 0, 7, 13, 282 }, // U+208D
    { 4, 10, 60, -1, 7, 10, 295 }, // U+208E
    { 6, 6, 94, 0, 4, 9, 305 }, // U+2090
    { 6, 6, 89, 0, 4, 9, 314 }, // U+2091
    { 6, 6, 96, 0, 4, 9, 323 }, // U+2092
    { 7, 6, 101, 0, 4, 11, 332 }, // U+2093
    { 6, 6, 89, 0, 4, 9, 343 }, // U+2094
    { 7, 8, 104, 0, 6, 14, 352 }, // U+2095
    { 7, 8, 99, 0, 6, 14, 366 }, // U+2096
    { 4, 8, 55, 0, 6, 8, 380 }, // U+2097
    { 10, 6, 154, 0, 4, 15, 388 }, // U+2098
    { 7, 6, 104, 0, 4, 11, 403 }, // U+2099
    { 6, 8, 101, 0, 4, 12, 414 }, // U+209A
    { 5, 6, 75, 0, 4, 8, 426 }, // U+209B
    { 4, 7, 63, 0, 5, 7, 434 }, // U+209C
    { 11, 11, 185, 0, 11, 31, 0 }, // U+20A0
    { 10, 13, 161, 0, 12, 33, 31 }, // U+20A1
    { 10, 12, 161, 0, 11, 30, 64 }, // U+20A2
    { 9, 11, 136, 0, 11, 25, 94 }, // U+20A3
    { 8, 12, 136, 0, 11, 24, 119 }, // U+20A4
    { 15, 12, 237, 0, 10, 45, 143 }, // U+20A5
    { 12, 11, 189, 0, 11, 33, 188 }, // U+20A6
    { 13, 12, 216, 0, 11, 39, 221 }, // U+20A7
    { 17, 12, 277, 0, 11, 51, 260 }, // U+20A8
    { 18, 11, 256, -1, 11, 50, 311 }, // U+20A9
    { 12, 9, 214, 1, 9, 27, 361 }, // U+20AA
    { 10, 15, 156, 0, 12, 38, 388 }, // U+20AB
    { 9, 12, 134, 0, 11, 27, 426 }, // U+20AC
    { 12, 11, 176, 0, 11, 33, 453 }, // U+20AD
    { 10, 11, 157, 0, 11, 28, 486 }, // U+20AE
    { 17, 16, 266, 0, 13, 68, 514 }, // U+20AF
    { 9, 15, 153, 0, 11, 34, 582 }, // U+20B0
    { 10, 11, 153, 0, 11, 28, 616 }, // U+20B1
    { 12, 14, 185, 0, 12, 42, 644 }, // U+20B2
    { 12, 11, 181, 0, 11, 33, 686 }, // U+20B3
    { 10, 12, 139, -1, 11, 30, 719 }, // U+20B4
    { 10, 14, 161, 0, 12, 35, 749 }, // U+20B5
    { 9, 12, 142, 0, 11, 27, 784 }, // U+20B6
    { 8, 13, 136, 0, 11, 26, 811 }, // U+20B7
    { 9, 11, 136, 0, 11, 25, 837 }, // U+20B8
    { 8, 11, 134, 0, 11, 22, 862 }, // U+20B9
    { 9, 11, 136, 0, 11, 25, 884 }, // U+20BA
    { 10, 12, 157, 0, 11, 30, 909 }, // U+20BB
    { 10, 11, 189, 1, 11, 28, 939 }, // U+20BC
    { 9, 11, 142, 0, 11, 25, 967 }, // U+20BD
    { 10, 12, 168, 0, 12, 30, 992 }, // U+20BE
    { 8, 14, 136, 0, 12, 28, 1022 }, // U+20BF
    { 8, 12, 126, 0, 9, 24, 1050 }, // U+20C0
    { 8, 2, 138, 0, 6, 4, 0 }, // U+2212
    { 13, 12, 183, 0, 12, 39, 0 }, // U+FB00
    { 11, 12, 173, 0, 12, 33, 39 }, // U+FB01
    { 11, 12, 173, 0, 12, 33, 72 }, // U+FB02
    { 16, 12, 258, 0, 12, 48, 105 }, // U+FB03
    { 16, 12, 258, 0, 12, 48, 153 }, // U+FB04
    { 11, 13, 181, 0, 12, 36, 201 }, // U+FB05
    { 13, 13, 209, 0, 12, 43, 237 }, // U+FB06
    { 15, 15, 240, 0, 12, 57, 0 }, // U+FFFD
};

static const EpdUnicodeInterval notoserif_c15_boldIntervals[] = {
    { 0x0, 0x0, 0x0 },
    { 0xD, 0xD, 0x1 },
    { 0x20, 0x7E, 0x2 },
    { 0xA0, 0x17F, 0x61 },
    { 0x1A0, 0x1A1, 0x141 },
    { 0x1AF, 0x1B0, 0x143 },
    { 0x1C4, 0x21F, 0x145 },
    { 0x300, 0x36F, 0x1A1 },
    { 0x400, 0x4FF, 0x211 },
    { 0x1EA0, 0x1EF9, 0x311 },
    { 0x2000, 0x2064, 0x36B },
    { 0x2066, 0x2071, 0x3D0 },
    { 0x2074, 0x208E, 0x3DC },
    { 0x2090, 0x209C, 0x3F7 },
    { 0x20A0, 0x20C0, 0x404 },
    { 0x2212, 0x2212, 0x425 },
    { 0xFB00, 0xFB06, 0x426 },
    { 0xFFFD, 0xFFFD, 0x42D },
};

static const EpdFontGroup notoserif_c15_boldGroups[] = {
    { 0, 1580, 2571, 97, 0 },
    { 1580, 1410, 3040, 96, 97 },
    { 2990, 1761, 4762, 128, 193 },
    { 4751, 1740, 4196, 96, 321 },
    { 6491, 558, 720, 112, 417 },
    { 7049, 4576, 9783, 256, 529 },
    { 11625, 990, 4039, 90, 785 },
    { 12615, 956, 1568, 111, 875 },
    { 13571, 317, 565, 42, 986 },
    { 13888, 907, 1234, 33, 1028 },
    { 14795, 6, 4, 1, 1061 },
    { 14801, 183, 307, 7, 1062 },
    { 14984, 55, 60, 1, 1069 },
};

static const uint16_t notoserif_c15_boldKernLeftCodepoints[] = {
    0x0022, 0x0026, 0x0027, 0x002A, 0x002C, 0x002E, 0x0040, 0x0041, 0x0042, 0x0044, 0x0045, 0x0046,
    0x0047, 0x004B, 0x004C, 0x004E, 0x004F, 0x0050, 0x0051, 0x0052, 0x0053, 0x0054, 0x0055, 0x0056,
    0x0057, 0x0058, 0x0059, 0x0061, 0x0062, 0x0065, 0x0066, 0x0067, 0x0068, 0x006B, 0x006D, 0x006E,
    0x006F, 0x0070, 0x0072, 0x0073, 0x0076, 0x0077, 0x0079, 0x00A1, 0x00BF, 0x00C0, 0x00C1, 0x00C2,
    0x00C3, 0x00C4, 0x00C5, 0x00C6, 0x00C8, 0x00C9, 0x00CA, 0x00CB, 0x00D0, 0x00D1, 0x00D2, 0x00D3,
    0x00D4, 0x00D5, 0x00D6, 0x00D8, 0x00D9, 0x00DA, 0x00DB, 0x00DC, 0x00DD, 0x00DE, 0x00DF, 0x00E0,
    0x00E1, 0x00E2, 0x00E3, 0x00E4, 0x00E5, 0x00E6, 0x00E8, 0x00E9, 0x00EA, 0x00EB, 0x00F0, 0x00F1,
    0x00F2, 0x00F3, 0x00F4, 0x00F5, 0x00F6, 0x00F8, 0x00FD, 0x00FE, 0x00FF, 0x0100, 0x0102, 0x0104,
    0x010E, 0x010F, 0x0110, 0x0112, 0x0113, 0x0114, 0x0115, 0x0116, 0x0117, 0x0118, 0x0119, 0x011A,
    0x011B, 0x011C, 0x011E, 0x0120, 0x0122, 0x0125, 0x0127, 0x0129, 0x0136, 0x0137, 0x0138, 0x0139,
    0x013B, 0x013E, 0x0141, 0x0143, 0x0144, 0x0145, 0x0146, 0x0147, 0x0148, 0x0149, 0x014B, 0x014C,
    0x014D, 0x014E, 0x014F, 0x0150, 0x0151, 0x0152, 0x0153, 0x0154, 0x0155, 0x0156, 0x0157, 0x0158,
    0x0159, 0x015A, 0x015B, 0x015C, 0x015D, 0x015E, 0x015F, 0x0160, 0x0161, 0x0162, 0x0164, 0x0165,
    0x0166, 0x0168, 0x016A, 0x016C, 0x016E, 0x0170, 0x0172, 0x0174, 0x0175, 0x0176, 0x0177, 0x0178,
    0x01A0, 0x01A1, 0x01AF, 0x01B0, 0x01FA, 0x01FC, 0x01FD, 0x01FE, 0x01FF, 0x0218, 0x0219, 0x021A,
    0x0402, 0x0409, 0x040A, 0x040E, 0x0423, 0x042A, 0x042C, 0x0431, 0x043E, 0x0440, 0x0444, 0x044D,
    0x044E, 0x0457, 0x0460, 0x0462, 0x0465, 0x0466, 0x0468, 0x046A, 0x046C, 0x046E, 0x046F, 0x0472,
    0x0473, 0x0474, 0x0476, 0x0478, 0x0479, 0x047A, 0x047B, 0x047C, 0x047D, 0x047E, 0x0481, 0x048C,
    0x048D, 0x048E, 0x048F, 0x0490, 0x0491, 0x0493, 0x0494, 0x0496, 0x0497, 0x0498, 0x0499, 0x049A,
    0x049B, 0x049C, 0x049D, 0x049E, 0x049F, 0x04A0, 0x04A1, 0x04A3, 0x04A4, 0x04A5, 0x04A6, 0x04A8,
    0x04AB, 0x04AC, 0x04AD, 0x04B2, 0x04B3, 0x04B5, 0x04B7, 0x04BA, 0x04BC, 0x04BD, 0x04BE, 0x04BF,
    0x04C3, 0x04C6, 0x04D0, 0x04D1, 0x04D2, 0x04D3, 0x04D4, 0x04D5, 0x04D6, 0x04D7, 0x04D8, 0x04D9,
    0x04DA, 0x04DB, 0x04E0, 0x04E6, 0x04E7, 0x04E8, 0x04E9, 0x04EA, 0x04EB, 0x04ED, 0x04EE, 0x04EF,
    0x04F0, 0x04F1, 0x04F2, 0x04F3, 0x04F6, 0x04F7, 0x04FB, 0x04FC, 0x04FD, 0x04FE, 0x04FF, 0x1EA0,
    0x1EA1, 0x1EA2, 0x1EA3, 0x1EA4, 0x1EA5, 0x1EA6, 0x1EA7, 0x1EA8, 0x1EA9, 0x1EAA, 0x1EAB, 0x1EAC,
    0x1EAD, 0x1EAE, 0x1EAF, 0x1EB0, 0x1EB1, 0x1EB2, 0x1EB3, 0x1EB4, 0x1EB5, 0x1EB6, 0x1EB7, 0x1EB8,
    0x1EB9, 0x1EBA, 0x1EBB, 0x1EBC, 0x1EBD, 0x1EBE, 0x1EBF, 0x1EC0, 0x1EC1, 0x1EC2, 0x1EC3, 0x1EC4,
    0x1EC5, 0x1EC6, 0x1EC7, 0x1ECC, 0x1ECD, 0x1ECE, 0x1ECF, 0x1ED0, 0x1ED1, 0x1ED2, 0x1ED3, 0x1ED4,
    0x1ED5, 0x1ED6, 0x1ED7, 0x1ED8, 0x1ED9, 0x1EDA, 0x1EDB, 0x1EDC, 0x1EDD, 0x1EDE, 0x1EDF, 0x1EE0,
    0x1EE1, 0x1EE2, 0x1EE3, 0x1EE4, 0x1EE6, 0x1EE8, 0x1EE9, 0x1EEA, 0x1EEB, 0x1EEC, 0x1EED, 0x1EEE,
    0x1EEF, 0x1EF0, 0x1EF1, 0x1EF2, 0x1EF3, 0x1EF4, 0x1EF5, 0x1EF6, 0x1EF7, 0x1EF8, 0x1EF9, 0x2018,
    0x2019, 0x201A, 0x201C, 0x201D, 0x201E, 0x2026, 0x207D, 0x208D, 0xFB00,
};

static const uint8_t notoserif_c15_boldKernLeftClassIds[] = {
      1,   2,   1,   3,   4,   4,   5,   6,   7,   8,   9,  10,  11,  12,  13,  14,
      8,   3,   8,  15,  16,  17,  18,  19,  20,  21,  22,  23,  24,  25,  26,  27,
     23,  28,  23,  23,  24,  24,  29,  30,  31,  32,  33,  34,  35,  36,  36,  36,
     36,  36,  36,   9,   9,   9,   9,   9,   8,  14,   8,   8,   8,   8,   8,   8,
     18,  18,  18,  18,  22,   8,  24,  23,  23,  23,  23,  23,  23,  25,  25,  25,
     25,  25,  24,  23,  24,  24,  24,  24,  24,  24,  33,  24,  33,   6,  36,  36,
      8,  37,   8,   9,  25,   9,  25,   9,  25,   9,  25,   9,  25,  11,  11,  11,
     11,  23,  23,  38,  12,  28,  28,  13,  13,  37,  13,  14,  23,  14,  23,  14,
     23,  23,  23,   8,  24,   8,  24,   8,  24,   9,  25,  15,  29,  15,  29,  15,
     29,  16,  30,  16,  30,  16,  30,  16,  30,  17,  17,  39,  17,  18,  18,  18,
     18,  18,  18,  20,  32,  22,  33,  22,  40,  41,  42,  43,   6,   9,  25,   8,
     24,  16,  30,  17,  44,  45,  45,  46,  46,  45,  45,  47,  48,  48,  49,  49,
     49,  50,  51,  52,  53,  54,  54,  55,  55,  56,  24,  51,  48,  57,  57,  33,
     58,  51,  48,  51,  24,  51,  53,  52,  24,  59,  48,  60,  61,  61,  62,  55,
     63,  56,  48,  55,  63,  55,  63,  55,  63,  55,  63,  64,  60,  61,  62,  51,
     53,  60,  61,  65,  63,  64,  64,  62,  51,  48,  51,  48,  62,  64,  54,  23,
     54,  23,  66,  48,  66,  48,  51,  48,  51,  48,  56,  51,  48,  51,  48,  51,
     48,  48,  46,  58,  46,  58,  46,  58,  60,  61,  61,  65,  63,  65,  63,  36,
     23,  36,  23,  36,  23,  36,  23,  36,  23,  36,  23,  36,  23,  36,  23,  36,
     23,  36,  23,  36,  23,  36,  23,   9,  25,   9,  25,   9,  25,   9,  25,   9,
     25,   9,  25,   9,  25,   9,  25,   8,  24,   8,  24,   8,  24,   8,  24,   8,
     24,   8,  24,   8,  24,  40,  41,  40,  41,  40,  41,  40,  41,  40,  41,  18,
     18,  42,  43,  42,  43,  42,  43,  42,  43,  42,  43,  22,  33,  22,  33,  22,
     33,  22,  33,  67,  68,   4,  67,  68,   4,   4,  69,  70,  26,
};

static const uint16_t notoserif_c15_boldKernRightCodepoints[] = {
    0x0021, 0x0022, 0x0026, 0x0027, 0x0029, 0x002A, 0x002C, 0x002E, 0x003A, 0x003B, 0x003F, 0x0040,
    0x0041, 0x0042, 0x0043, 0x0044, 0x0045, 0x0046, 0x0047, 0x0048, 0x0049, 0x004A, 0x004B, 0x004C,
    0x004D, 0x004E, 0x004F, 0x0050, 0x0051, 0x0052, 0x0053, 0x0054, 0x0055, 0x0056, 0x0057, 0x0058,
    0x0059, 0x005A, 0x005D, 0x0061, 0x0062, 0x0063, 0x0064, 0x0065, 0x0067, 0x0068, 0x0069, 0x006B,
    0x006C, 0x006D, 0x006E, 0x006F, 0x0070, 0x0071, 0x0072, 0x0073, 0x0074, 0x0075, 0x0076, 0x0077,
    0x0078, 0x0079, 0x007A, 0x007D, 0x00AB, 0x00B7, 0x00BB, 0x00C0, 0x00C1, 0x00C2, 0x00C3, 0x00C4,
    0x00C5, 0x00C6, 0x00C7, 0x00C8, 0x00C9, 0x00CA, 0x00CB, 0x00CC, 0x00CD, 0x00CE, 0x00CF, 0x00D0,
    0x00D1, 0x00D2, 0x00D3, 0x00D4, 0x00D5, 0x00D6, 0x00D8, 0x00D9, 0x00DA, 0x00DB, 0x00DC, 0x00DD,
    0x00DE, 0x00E0, 0x00E1, 0x00E2, 0x00E3, 0x00E4, 0x00E5, 0x00E6, 0x00E7, 0x00E8, 0x00E9, 0x00EA,
    0x00EB, 0x00EC, 0x00ED, 0x00EE, 0x00EF, 0x00F0, 0x00F1, 0x00F2, 0x00F3, 0x00F4, 0x00F5, 0x00F6,
    0x00F8, 0x00F9, 0x00FA, 0x00FB, 0x00FC, 0x00FD, 0x00FE, 0x00FF, 0x0100, 0x0101, 0x0102, 0x0103,
    0x0104, 0x0105, 0x0106, 0x0107, 0x0108, 0x0109, 0x010A, 0x010B, 0x010C, 0x010D, 0x010E, 0x010F,
    0x0110, 0x0111, 0x0112, 0x0113, 0x0114, 0x0115, 0x0116, 0x0117, 0x0118, 0x0119, 0x011A, 0x011B,
    0x011C, 0x011D, 0x011E, 0x011F, 0x0120, 0x0121, 0x0122, 0x0123, 0x0124, 0x0125, 0x0126, 0x0127,
    0x0128, 0x0129, 0x012A, 0x012B, 0x012C, 0x012D, 0x012E, 0x012F, 0x0130, 0x0132, 0x0133, 0x0134,
    0x0136, 0x0137, 0x0138, 0x0139, 0x013A, 0x013B, 0x013C, 0x013D, 0x013E, 0x013F, 0x0140, 0x0141,
    0x0142, 0x0143, 0x0144, 0x0145, 0x0146, 0x0147, 0x0148, 0x014A, 0x014B, 0x014C, 0x014D, 0x014E,
    0x014F, 0x0150, 0x0151, 0x0152, 0x0153, 0x0154, 0x0155, 0x0156, 0x0157, 0x0158, 0x015A, 0x015B,
    0x015C, 0x015D, 0x015E, 0x015F, 0x0160, 0x0161, 0x0162, 0x0163, 0x0164, 0x0165, 0x0166, 0x0167,
    0x0168, 0x0169, 0x016A, 0x016B, 0x016C, 0x016D, 0x016E, 0x016F, 0x0170, 0x0171, 0x0172, 0x0173,
    0x0174, 0x0175, 0x0176, 0x0177, 0x0178, 0x0179, 0x017A, 0x017B, 0x017C, 0x017D, 0x017E, 0x01A0,
    0x01A1, 0x01AF, 0x01B0, 0x01FA, 0x01FB, 0x01FC, 0x01FD, 0x01FE, 0x01FF, 0x0218, 0x0219, 0x021A,
    0x021B, 0x0402, 0x040B, 0x040E, 0x0416, 0x0422, 0x0423, 0x0425, 0x0427, 0x042A, 0x042F, 0x0431,
    0x0436, 0x0443, 0x0445, 0x0447, 0x0451, 0x0456, 0x045E, 0x0460, 0x0462, 0x0466, 0x046A, 0x046E,
    0x0472, 0x0473, 0x0478, 0x0479, 0x047A, 0x047B, 0x047C, 0x047D, 0x047E, 0x0480, 0x0481, 0x0496,
    0x0498, 0x0499, 0x04A0, 0x04A1, 0x04A8, 0x04A9, 0x04AA, 0x04AB, 0x04AC, 0x04AD, 0x04B2, 0x04B4,
    0x04B5, 0x04B6, 0x04B7, 0x04B8, 0x04B9, 0x04C1, 0x04C2, 0x04CB, 0x04CC, 0x04D0, 0x04D2, 0x04D4,
    0x04D5, 0x04D7, 0x04D8, 0x04D9, 0x04DA, 0x04DC, 0x04DD, 0x04E0, 0x04E1, 0x04E6, 0x04E7, 0x04E8,
    0x04E9, 0x04EA, 0x04EB, 0x04EE, 0x04EF, 0x04F0, 0x04F1, 0x04F2, 0x04F3, 0x04F4, 0x04F5, 0x04FC,
    0x04FE, 0x1EA0, 0x1EA1, 0x1EA2, 0x1EA3, 0x1EA4, 0x1EA5, 0x1EA6, 0x1EA7, 0x1EA8, 0x1EA9, 0x1EAA,
    0x1EAB, 0x1EAC, 0x1EAD, 0x1EAE, 0x1EAF, 0x1EB0, 0x1EB1, 0x1EB2, 0x1EB3, 0x1EB4, 0x1EB5, 0x1EB6,
    0x1EB7, 0x1EB8, 0x1EB9, 0x1EBA, 0x1EBB, 0x1EBC, 0x1EBD, 0x1EBE, 0x1EBF, 0x1EC0, 0x1EC1, 0x1EC2,
    0x1EC3, 0x1EC4, 0x1EC5, 0x1EC6, 0x1EC7, 0x1EC9, 0x1ECB, 0x1ECC, 0x1ECD, 0x1ECE, 0x1ECF, 0x1ED0,
    0x1ED1, 0x1ED2, 0x1ED3, 0x1ED4, 0x1ED5, 0x1ED6, 0x1ED7, 0x1ED8, 0x1ED9, 0x1EDA, 0x1EDB, 0x1EDC,
    0x1EDD, 0x1EDE, 0x1EDF, 0x1EE0, 0x1EE1, 0x1EE2, 0x1EE3, 0x1EE4, 0x1EE5, 0x1EE6, 0x1EE7, 0x1EE8,
    0x1EE9, 0x1EEA, 0x1EEB, 0x1EEC, 0x1EED, 0x1EEE, 0x1EEF, 0x1EF0, 0x1EF1, 0x1EF2, 0x1EF3, 0x1EF4,
    0x1EF5, 0x1EF6, 0x1EF7, 0x1EF8, 0x1EF9, 0x2018, 0x2019, 0x201A, 0x201C, 0x201D, 0x201E, 0x2026,
    0x2039, 0x203A, 0x207E, 0x208E,
};

static const uint8_t notoserif_c15_boldKernRightClassIds[] = {
      1,   2,   3,   2,   4,   5,   6,   7,   8,   8,   9,  10,  11,  12,  13,  12,
     12,  12,  13,  12,  12,  14,  12,  12,  12,  12,  13,  12,  13,  12,  15,  16,
     17,  18,  19,  20,  21,  22,   4,  23,  24,  25,  25,  25,  26,  24,  27,  24,
     24,  27,  27,  25,  27,  25,  27,  28,  29,  30,  31,  32,  33,  34,  35,   4,
     36,  37,  36,  11,  11,  11,  11,  11,  11,  38,  13,  12,  12,  12,  12,  12,
     12,  12,  12,  12,  12,  13,  13,  13,  13,  13,  13,  17,  17,  17,  17,  21,
     12,  23,  23,  23,  23,  23,  23,  23,  25,  25,  25,  25,  25,  39,  27,  39,
     39,  25,  27,  25,  25,  25,  25,  25,  25,  30,  30,  30,  30,  34,  24,  34,
     11,  23,  11,  23,  11,  23,  13,  25,  13,  25,  13,  25,  13,  25,  12,  25,
     12,  25,  12,  25,  12,  25,  12,  25,  12,  25,  12,  25,  13,  25,  13,  25,
     13,  25,  13,  25,  12,  24,  12,  24,  12,  40,  12,  39,  12,  39,  12,  27,
     12,  12,  27,  14,  12,  24,  27,  12,  24,  12,  24,  12,  24,  12,  24,  12,
     24,  12,  27,  12,  27,  12,  27,  12,  27,  13,  25,  13,  25,  13,  25,  13,
     25,  12,  27,  12,  27,  12,  15,  28,  15,  28,  15,  28,  15,  28,  16,  29,
     16,  29,  16,  29,  17,  30,  17,  30,  17,  30,  17,  30,  17,  30,  17,  30,
     19,  32,  21,  34,  21,  22,  35,  22,  35,  22,  35,  13,  25,  17,  30,  11,
     23,  38,  23,  13,  25,  15,  28,  16,  29,  41,  41,  42,  41,  41,  42,  41,
     43,  41,  44,  45,  46,  47,  46,  48,  49,  50,  47,  51,  16,  52,  53,  54,
     51,  55,  51,  55,  51,  55,  51,  25,  51,  51,  55,  53,  54,  56,  57,  58,
     51,  55,  51,  55,  57,  58,  53,  57,  58,  59,  60,  43,  48,  41,  46,  59,
     60,  52,  52,  38,  61,  55,  51,  61,  51,  41,  46,  54,  35,  51,  55,  51,
     55,  51,  55,  42,  62,  42,  62,  42,  62,  43,  48,  53,  53,  11,  23,  11,
     23,  11,  23,  11,  23,  11,  23,  11,  23,  11,  23,  11,  23,  11,  23,  11,
     23,  11,  23,  11,  23,  12,  25,  12,  25,  12,  25,  12,  25,  12,  25,  12,
     25,  12,  25,  12,  25,  27,  27,  13,  25,  13,  25,  13,  25,  13,  25,  13,
     25,  13,  25,  13,  25,  13,  25,  13,  25,  13,  25,  13,  25,  13,  25,  17,
     30,  17,  30,  17,  30,  17,  30,  17,  30,  17,  30,  17,  30,  21,  34,  21,
     34,  21,  34,  21,  34,  63,   5,   7,  63,   5,   7,   7,  36,  36,  64,  65,
};

static const uint16_t notoserif_c15_boldKernRowOffsets[] = {
        0,     5,    10,    16,    32,    34,    50,    64,    77,    80,    89,    95,   101,   113,   114,   125,
      137,   148,   153,   165,   176,   180,   194,   199,   205,   208,   213,   214,   216,   220,   222,   225,
      228,   231,   234,   239,   255,   271,   272,   278,   297,   306,   322,   328,   338,   339,   341,   348,
      351,   355,   357,   364,   370,   371,   389,   403,   412,   426,   428,   432,   446,   450,   457,   461,
      462,   473,   474,   477,   484,   485,   486,
};

static const uint8_t notoserif_c15_boldKernSparseCols[] = {
     10,  24,  25,  37,  51,   8,  15,  17,  18,  20,   2,   5,   6,  10,  37,  51,
      8,  12,  15,  16,  17,  18,  20,  30,  31,  33,  50,  56,  57,  58,  59,  61,
     10,  20,   1,   4,   8,  12,  15,  16,  17,  18,  20,  24,  25,  29,  30,  31,
     33,  62,   4,   8,  10,  15,  17,  18,  19,  20,  21,  31,  33,  37,  51,  56,
      5,   6,   8,  10,  15,  17,  18,  19,  20,  37,  51,  52,  56,  17,  18,  20,
      2,   5,   6,   9,  10,  22,  24,  25,  37,   8,  15,  17,  18,  20,  37,  12,
     24,  25,  29,  31,  33,   1,   4,   8,  15,  17,  18,  20,  30,  31,  33,  36,
     62,  35,   4,   8,  12,  15,  16,  17,  18,  20,  30,  31,  33,   8,  10,  15,
     17,  18,  19,  20,  31,  33,  37,  51,  56,   2,   5,   6,   9,  10,  12,  22,
     24,  25,  27,  37,   5,   6,   9,  10,  37,   2,   5,   6,   9,  10,  12,  22,
     24,  25,  27,  37,  51,   5,   6,   9,  10,  12,  22,  24,  25,  27,  34,  37,
     12,  14,  31,  33,   2,   5,   6,   9,  10,  12,  14,  22,  24,  25,  27,  34,
     37,  51,   1,  33,  58,  59,  61,  17,  18,  20,  33,  58,  61,  17,  18,  20,
      1,   3,   4,  38,  39,  18,  24,  25,   4,   5,   6,  22,  20,  58,   5,   6,
     10,   5,   6,  10,   5,   6,  10,  17,  18,  20,   8,  15,  17,  18,  20,   1,
      4,   8,  12,  15,  16,  17,  18,  20,  24,  25,  29,  30,  31,  33,  62,   0,
      1,   3,   4,   8,  11,  13,  15,  16,  17,  18,  19,  20,  21,  23,  62,  39,
      0,   1,   3,   8,  23,  62,   5,   6,   7,   8,  10,  15,  17,  18,  20,  22,
     24,  25,  26,  27,  28,  30,  31,  32,  33,   4,   5,   6,  26,  28,  29,  30,
     31,  33,   5,   6,   7,  10,  12,  22,  24,  25,  26,  27,  28,  29,  30,  31,
     33,  34,   4,   5,   6,  26,  28,  30,   1,   8,  15,  41,  42,  45,  46,  47,
     56,  62,  56,  48,  49,   8,  15,  40,  41,  56,  58,  59,  56,  58,  59,  42,
     56,  58,  59,  42,  62,   5,   6,  37,  51,  52,  56,  58,   1,   4,  56,  58,
     59,  62,  58,   1,   4,   8,  12,  15,  17,  20,  24,  25,  29,  31,  33,  50,
     56,  57,  58,  59,  62,  12,  24,  25,  29,  31,  33,  44,  50,  53,  54,  57,
     58,  59,  61,   5,   6,  31,  33,  37,  51,  52,  57,  58,   5,   6,  12,  22,
     24,  25,  27,  37,  50,  51,  53,  54,  55,  60,   5,   6,   5,   6,  37,  51,
      5,   6,  12,  22,  24,  25,  27,  37,  43,  50,  51,  54,  55,  60,   4,   5,
      6,  51,   1,   4,   8,  15,  56,  58,  61,  24,  25,  54,  60,   3,  12,  24,
     25,  29,  31,  33,  50,  53,  57,  58,  61,  57,  10,  37,  51,  10,  12,  22,
     24,  25,  27,  39,  63,  64,
};

static const int8_t notoserif_c15_boldKernSparseValues[] = {
     -19,   -5,  -14,  -29,  -19,   -7,   -7,  -10,  -10,   -7,   -2,  -29,  -29,  -12,  -19,  -12,
     -22,   -5,  -22,   -5,  -26,  -22,  -19,  -17,  -14,  -12,   -5,  -22,  -17,  -19,  -12,  -12,
      -7,   -2,  -19,  -17,  -14,   -5,  -14,   -5,  -19,  -17,  -17,   -5,   -5,   -5,  -14,   -7,
     -12,  -17,   -5,   -5,   -5,   -5,  -10,   -7,   -5,  -10,   -5,   -2,   -5,   -7,   -5,   -5,
      -5,   -5,   -5,   -5,   -5,   -5,   -5,   -5,   -7,  -12,   -5,   -5,   -5,   -5,   -5,   -5,
      -5,  -29,  -29,  -10,  -17,  -10,  -10,  -10,  -26,   -5,   -5,   -5,   -5,   -5,   -5,   -5,
      -5,   -5,   -5,   -7,   -7,  -14,  -19,  -17,  -17,  -12,  -12,  -14,   -5,   -2,   -7,   -5,
     -19,   -2,   -5,   -5,   -5,   -5,   -2,   -7,   -7,   -7,   -2,   -2,   -5,   -5,   -5,   -5,
      -5,   -5,   -5,   -5,   -2,   -5,   -5,   -5,   -5,   -2,  -22,  -22,   -7,  -14,   -5,   -7,
      -9,   -9,   -1,  -19,   -5,   -5,   -2,   -5,  -10,   -7,  -26,  -26,  -12,  -19,   -5,  -14,
     -14,  -14,  -10,  -31,  -19,  -22,  -22,  -12,  -17,   -5,  -15,  -14,  -14,  -12,   -7,  -31,
      -5,   -2,   -7,  -12,   -2,  -19,  -19,  -10,  -17,   -7,   -5,  -14,  -17,  -17,  -14,   -5,
     -22,  -17,  -10,   -5,   -7,   -5,   -5,  -14,  -14,  -17,   -5,   -7,   -5,  -14,  -14,  -14,
      19,   22,   19,   10,   10,   -5,   -5,   -5,    7,  -34,  -34,   -5,  -14,   -5,  -12,  -17,
     -14,  -17,  -17,   -7,  -22,  -22,  -12,   -7,   -5,   -7,   -5,   -5,  -12,  -12,  -12,  -19,
     -17,  -14,   -5,  -14,   -5,  -19,  -17,  -17,   -5,   -5,   -5,  -12,   -7,  -12,  -17,   15,
      19,   30,   10,   31,   12,   14,   12,   17,   19,   17,   17,   24,   10,   22,    6,   14,
       6,   10,   20,    9,   10,    1,   -5,   -5,   -2,    5,  -10,    5,    5,    5,    5,   -5,
      -5,   -5,   -2,   -5,   -2,   -5,   -5,   -5,   -5,    5,   -5,   -5,    5,    7,    5,    7,
       7,    7,   -5,   -5,   -2,  -14,   -5,  -12,  -12,  -12,   -7,  -14,   -2,   -7,   -5,   -5,
      -5,   -7,    5,   -2,   -2,    5,    7,    7,  -14,   -1,   -1,  -12,  -10,   -2,  -10,   -7,
      -7,   -5,   -7,  -13,   -4,   -4,   -4,   -5,   -2,   -7,   -7,   -2,   -7,   -7,   -2,   -7,
      -7,   -7,   -2,   -2,   -1,   -5,   -5,  -12,   -5,   -5,   -5,   -5,   -7,  -12,   -7,   -7,
      -5,   -7,   -7,  -19,  -17,  -14,   -5,  -14,  -19,  -17,   -5,   -5,   -5,   -7,  -12,   -5,
     -14,  -10,  -22,  -10,  -17,   -5,   -5,   -5,   -5,   -7,   -7,   -5,   -5,   -5,   -5,   -7,
      -5,   -5,   -5,   -5,   -5,   -2,   -5,   -7,   -5,   -5,   -5,  -10,  -24,  -24,   -5,  -14,
     -14,  -14,  -10,  -31,   -5,  -24,   -5,  -10,   -7,  -10,  -22,  -22,  -29,  -29,  -19,  -12,
     -22,  -22,   -5,   -7,   -7,   -7,   -2,  -19,   -5,   -5,  -14,   -7,   -7,   -7,    7,  -17,
     -17,   -7,  -14,  -17,  -17,  -17,  -17,  -17,   -7,   -5,   -5,   -5,   -5,    5,   -5,   -5,
      -5,   -5,   -7,  -12,   -5,   -5,  -10,   -5,   -7,   -5,  -17,  -34,  -17,  -24,   -5,   -7,
     -10,  -10,  -12,    2,   19,   19,
};

static const EpdLigaturePair notoserif_c15_boldLigaturePairs[] = {
    { 0x00660066, 0xFB00 }, // f f -> U+FB00
    { 0x00660069, 0xFB01 }, // f i -> U+FB01
    { 0x0066006C, 0xFB02 }, // f l -> U+FB02
    { 0xFB000069, 0xFB03 }, // U+FB00 i -> U+FB03
    { 0xFB00006C, 0xFB04 }, // U+FB00 l -> U+FB04
};

static const EpdFontData notoserif_c15_bold = {
    notoserif_c15_boldBitmaps,
    notoserif_c15_boldGlyphs,
    notoserif_c15_boldIntervals,
    18,
    20,
    17,
    -5,
    true,
    notoserif_c15_boldGroups,
    13,
    nullptr,
    nullptr,  // kernLeftClasses: built-in fonts use the split arrays below
    nullptr,  // kernRightClasses
    notoserif_c15_boldKernLeftCodepoints,
    notoserif_c15_boldKernLeftClassIds,
    notoserif_c15_boldKernRightCodepoints,
    notoserif_c15_boldKernRightClassIds,
    nullptr,  // kernMatrix: built-in fonts use the sparse form below
    notoserif_c15_boldKernRowOffsets,
    notoserif_c15_boldKernSparseCols,
    notoserif_c15_boldKernSparseValues,
    381,
    448,
    70,
    65,
    notoserif_c15_boldLigaturePairs,
    5,
};
