/**
 * generated by fontconvert.py
 * name: notosans_c15_italic
 * size: 0
 * mode: 2-bit  compressed: true
 * Command used: fontconvert.py notosans_c15_italic 0 ../builtinFonts/source/NotoSans/NotoSans-Italic.ttf --2bit --compress --pnum --ppem 15 --additional-intervals 0x0250,0x02AF --additional-intervals 0x02B0,0x02FF
 */
#pragma once
#include "EpdFontData.h"

static const uint8_t notosans_c15_italicBitmaps[16548] = {
    0x85, 0x56, 0x4D, 0x88, 0x65, 0x47, 0x15, 0xFE, 0xAA, 0xCA, 0x74, 0x4D, 0xDE, 0xFD, 0xEB, 0x45,
    0x86, 0x34, 0xED, 0xED, 0x7E, 0xBD, 0xE8, 0xC5, 0x75, 0xE6, 0x4E, 0x5E, 0x4D, 0x28, 0x32, 0x2F,
    0x43, 0x4F, 0x77, 0x8D, 0x2E, 0x8D, 0xD0, 0x8B, 0x89, 0x12, 0x26, 0x24, 0xAD, 0x20, 0xC2, 0xD0,
    0x86, 0xBB, 0x68, 0x74, 0xC0, 0x89, 0xAF, 0x64, 0xC0, 0x20, 0xA2, 0x3C, 0x11, 0x62, 0x10, 0x17,
    0x6F, 0xD1, 0x90, 0x4E, 0x0F, 0xC2, 0x5D, 0xF4, 0x62, 0x14, 0x9D, 0x94, 0xF6, 0x22, 0x20, 0x51,
    0x2E, 0x81, 0x08, 0x42, 0x16, 0x17, 0x8C, 0xB8, 0x88, 0xC8, 0x5B, 0x34, 0x18, 0xA1, 0x3B, 0xED,
    0xA9, 0x7A, 0xEF, 0xCD, 0x8F, 0x0A, 0xB9, 0xB7, 0xFA, 0xF5, 0xFB, 0xA9, 0x3A, 0xE7, 0x3B, 0xDF,
    0x39, 0xE7, 0x3B, 0x77, 0x0E, 0x11, 0x52, 0x24, 0x88, 0x91, 0xA3, 0xC0, 0x2A, 0x80, 0x0A, 0x35,
    0xBD, 0xAE, 0xDA, 0x8B, 0xEE, 0x69, 0xFB, 0x35, 0x43, 0x6F, 0x37, 0x0D, 0xDE, 0x33, 0x38, 0xC4,
    0xE2, 0x47, 0xC3, 0x27, 0x7F, 0xBE, 0x29, 0x12, 0xC8, 0x18, 0x83, 0x53, 0x17, 0xAF, 0x22, 0x56,
    0x58, 0x50, 0xC0, 0x3C, 0x94, 0xF8, 0x24, 0x1D, 0xC6, 0xC3, 0xD4, 0xC9, 0x96, 0xDD, 0xE5, 0x2F,
    0x8A, 0x62, 0xD0, 0x4A, 0x3C, 0x86, 0x0C, 0x9B, 0xCF, 0x7C, 0xCF, 0x7D, 0xF5, 0x10, 0x3F, 0xF9,
    0x01, 0xDE, 0x7B, 0x61, 0xF8, 0xE6, 0xB7, 0xAB, 0x2B, 0x7F, 0xD4, 0xFC, 0x39, 0x35, 0x97, 0xAB,
    0x38, 0x1F, 0xA9, 0xCC, 0x91, 0x75, 0xDC, 0x85, 0xF8, 0x31, 0xA4, 0x84, 0x4C, 0x20, 0x0E, 0x20,
    0x1D, 0xCA, 0xBA, 0xA9, 0x2E, 0xBB, 0xBA, 0x8B, 0x9D, 0x1E, 0x7A, 0x7F, 0xB5, 0x1E, 0x8C, 0x52,
    0x5B, 0x80, 0xE5, 0x56, 0x12, 0xD2, 0x12, 0x1A, 0x8A, 0x50, 0x4E, 0x6E, 0x15, 0x30, 0xC3, 0xC2,
    0x61, 0x88, 0xD1, 0xF4, 0x6E, 0xE0, 0xB8, 0x15, 0xE8, 0x50, 0x4C, 0xF3, 0x80, 0x81, 0x5B, 0xB1,
    0xBD, 0x37, 0xE4, 0x5F, 0x72, 0xB7, 0x3A, 0x02, 0x44, 0xB8, 0x4F, 0x8F, 0x9F, 0xBC, 0xE6, 0xFF,
    0x33, 0x9C, 0x29, 0xD5, 0xD6, 0x0D, 0xDC, 0x40, 0x45, 0x61, 0x3F, 0x4E, 0x27, 0x34, 0xC5, 0xDF,
    0xCC, 0x8E, 0xF7, 0xC9, 0x05, 0xFB, 0x18, 0xF2, 0x25, 0x24, 0x12, 0xB9, 0x44, 0x5F, 0x42, 0x4B,
    0xA8, 0x0E, 0x54, 0x02, 0x4D, 0x3F, 0x6B, 0x64, 0x8D, 0xF7, 0xCF, 0x6C, 0xE6, 0xBE, 0x63, 0x85,
    0x11, 0x90, 0x74, 0x2E, 0xA1, 0x3B, 0x27, 0xA0, 0xF8, 0x2D, 0xC4, 0xCF, 0x0C, 0x84, 0xF5, 0x4B,
    0x02, 0x4B, 0xC0, 0x0E, 0x58, 0xE3, 0xDF, 0x5E, 0x00, 0x36, 0x4E, 0xC0, 0x68, 0xC3, 0x75, 0xDA,
    0x10, 0xD6, 0x32, 0xF8, 0x51, 0xD8, 0x93, 0xFA, 0x35, 0x9F, 0x63, 0xE3, 0xC8, 0x9B, 0x26, 0x7B,
    0x78, 0xCA, 0x9B, 0x62, 0xEF, 0x42, 0xE6, 0x48, 0x28, 0xFE, 0x02, 0xBF, 0xBE, 0x87, 0x1B, 0xBF,
    0xF2, 0xB9, 0xA2, 0x68, 0xF9, 0x5B, 0xD1, 0x35, 0x9F, 0xC0, 0x65, 0xBB, 0x78, 0x40, 0x4E, 0xC9,
    0xB1, 0xD9, 0x79, 0xDB, 0xA3, 0xFA, 0xAE, 0x78, 0x3F, 0xA5, 0x8F, 0xCF, 0x8E, 0xD6, 0xB7, 0x75,
    0x5C, 0xC5, 0x55, 0xDE, 0xEF, 0x77, 0x5B, 0x60, 0x71, 0x1F, 0x67, 0x5F, 0x06, 0x41, 0xA4, 0x84,
    0x7B, 0x0B, 0x2D, 0x98, 0xF3, 0xFE, 0x23, 0x90, 0x11, 0x8A, 0x98, 0x02, 0x8E, 0x5E, 0x4A, 0x64,
    0x12, 0xC9, 0x6D, 0x39, 0x2E, 0xFB, 0x55, 0x5E, 0xE7, 0x3B, 0x6B, 0x3D, 0x3A, 0xC8, 0x8F, 0xD2,
    0xED, 0x32, 0xD5, 0x1D, 0x9D, 0x96, 0x17, 0xB2, 0x0F, 0x02, 0x55, 0xE3, 0x81, 0xCF, 0xCF, 0xD2,
    0x82, 0xC7, 0xE9, 0x09, 0x84, 0x34, 0x73, 0x98, 0x5D, 0x0B, 0xE4, 0x40, 0x11, 0x40, 0xBA, 0x72,
    0x76, 0xD4, 0x35, 0x63, 0xBC, 0x0A, 0xDE, 0x7A, 0x5E, 0x9E, 0xBF, 0xF6, 0xF6, 0xF1, 0xEC, 0xB5,
    0xC1, 0x37, 0xC1, 0x1B, 0xAC, 0xB1, 0xA3, 0xA7, 0x0C, 0x39, 0x41, 0xCF, 0x7E, 0xBD, 0xA5, 0x14,
    0x8C, 0xB8, 0x8B, 0xC2, 0x79, 0x60, 0x0B, 0x63, 0x6F, 0x63, 0x71, 0x08, 0xF6, 0xB7, 0x6D, 0x22,
    0x4F, 0x22, 0x8E, 0x6E, 0xA3, 0xD8, 0x39, 0x34, 0xCA, 0x1D, 0x9A, 0x8B, 0xBF, 0xBB, 0x8D, 0x8B,
    0x87, 0xDF, 0x87, 0xFA, 0xE7, 0x3F, 0xA0, 0xE7, 0x37, 0x3D, 0x81, 0x90, 0x1F, 0x51, 0x69, 0x3D,
    0x01, 0x9F, 0x50, 0xCF, 0xDD, 0x65, 0xE0, 0xEF, 0x60, 0xEF, 0x40, 0xBC, 0x06, 0x79, 0x07, 0xD9,
    0x1D, 0x53, 0x0A, 0xA3, 0x85, 0xAD, 0xB9, 0xE5, 0x6F, 0x41, 0x5E, 0xB7, 0x1D, 0xEE, 0x52, 0x6E,
    0x93, 0x08, 0xD9, 0x31, 0x72, 0xF2, 0x1A, 0x92, 0xAC, 0x97, 0x31, 0x38, 0x02, 0xBB, 0x87, 0xE8,
    0x75, 0x0F, 0x59, 0xC3, 0xF7, 0x45, 0x3B, 0x5B, 0xF4, 0xFE, 0x26, 0xD0, 0x0D, 0x19, 0x9A, 0x1A,
    0x61, 0x2E, 0x45, 0x93, 0xA0, 0x8D, 0xD1, 0xE4, 0x68, 0x0A, 0xEE, 0xB4, 0x34, 0xFA, 0x15, 0x0C,
    0x3E, 0x04, 0xDF, 0x87, 0x7C, 0xDE, 0xE7, 0x31, 0x0D, 0xB4, 0x7B, 0x2F, 0x81, 0x7C, 0x1D, 0xD6,
    0x60, 0xFC, 0x3F, 0x1B, 0xF6, 0xB0, 0x74, 0xED, 0xC1, 0x06, 0xCA, 0x11, 0xBB, 0x67, 0xA2, 0xD7,
    0xED, 0x03, 0x18, 0xE7, 0xD0, 0x9E, 0x07, 0xF5, 0x58, 0xDD, 0xC1, 0xCD, 0x14, 0xDD, 0xE3, 0x00,
    0x03, 0x2B, 0x12, 0x55, 0x84, 0x3A, 0xC5, 0x28, 0x41, 0x93, 0x9D, 0xBA, 0x9C, 0xB9, 0x82, 0x5B,
    0x8A, 0x54, 0x0B, 0x53, 0x09, 0xF0, 0x5D, 0xD6, 0x30, 0xC7, 0x7D, 0x6F, 0x84, 0x42, 0xF5, 0x9D,
    0xBF, 0x61, 0x70, 0x26, 0xD4, 0x6A, 0x7F, 0xDA, 0x56, 0x23, 0x8A, 0x2E, 0xEC, 0xFA, 0xAC, 0xB9,
    0x42, 0x26, 0x87, 0x52, 0xD8, 0x28, 0x45, 0xDA, 0x47, 0xD2, 0xFA, 0x5A, 0x5F, 0x1A, 0xA1, 0x50,
    0xD0, 0x7D, 0x5F, 0xFD, 0x55, 0x42, 0x1B, 0xE4, 0x23, 0x02, 0xA2, 0xE9, 0x1E, 0x8C, 0xB9, 0x9D,
    0x33, 0xD2, 0x65, 0xA6, 0xE3, 0xCE, 0x23, 0x71, 0x97, 0x10, 0x37, 0x77, 0xE8, 0xEF, 0x0F, 0xC8,
    0x7F, 0xFA, 0x25, 0x14, 0x6F, 0xC6, 0xD0, 0xAF, 0xE6, 0x50, 0xB7, 0x4A, 0x54, 0xAA, 0x0F, 0x6E,
    0x9E, 0x90, 0x56, 0x47, 0x4E, 0x25, 0x0D, 0x95, 0x68, 0x1D, 0xAB, 0x51, 0x5E, 0x34, 0x45, 0xEE,
    0x74, 0xEA, 0x54, 0x64, 0x2B, 0x61, 0xD9, 0x09, 0xB2, 0xEB, 0xB6, 0x24, 0x3A, 0xD1, 0x50, 0x67,
    0x12, 0xBA, 0x96, 0xB9, 0x96, 0xBB, 0x5A, 0x9A, 0x9B, 0xCB, 0xB3, 0x0C, 0xEC, 0x41, 0xBE, 0x8C,
    0x8E, 0x30, 0xA9, 0x30, 0x09, 0xAD, 0x57, 0xD0, 0xFD, 0xF0, 0x51, 0xFE, 0x3E, 0xD5, 0x08, 0xB1,
    0xBA, 0x06, 0xE2, 0x62, 0x62, 0x2A, 0x9A, 0x98, 0x92, 0x48, 0x7F, 0x89, 0xE5, 0x1A, 0x85, 0xF6,
    0x4D, 0x37, 0x0D, 0xF9, 0xDF, 0xD9, 0x0B, 0x39, 0x05, 0x9B, 0x42, 0x36, 0x38, 0x20, 0xDE, 0xFA,
    0xE6, 0xC0, 0xB7, 0xDB, 0x8D, 0xFD, 0xAF, 0xBC, 0xFF, 0x80, 0xD7, 0x19, 0x21, 0x67, 0x60, 0x4B,
    0xCA, 0x02, 0x73, 0x9A, 0x5B, 0x15, 0xB2, 0x50, 0x4B, 0xB4, 0x11, 0xDA, 0x04, 0x07, 0x25, 0x7A,
    0xA1, 0xB0, 0xB7, 0xB8, 0xA9, 0xA4, 0x37, 0x5D, 0x11, 0x2D, 0x94, 0x85, 0x1A, 0xBA, 0xC1, 0x33,
    0x0E, 0xE7, 0x0D, 0x7A, 0xF0, 0xB5, 0xB7, 0xF5, 0x38, 0xB3, 0xD5, 0xB2, 0xB0, 0xD5, 0xBA, 0x40,
    0xF5, 0x2D, 0x12, 0x9F, 0x3F, 0xC7, 0x50, 0xEF, 0x94, 0x78, 0xFA, 0x35, 0x8D, 0x4B, 0xA2, 0xC2,
    0x65, 0x31, 0xC4, 0x9A, 0x70, 0xE8, 0x93, 0xCC, 0x70, 0x6C, 0x89, 0xAB, 0x8E, 0x1D, 0x1A, 0xFC,
    0x09, 0xF8, 0x8D, 0x8F, 0x8B, 0x1D, 0x41, 0xBC, 0x88, 0x34, 0x46, 0x99, 0x82, 0xFC, 0x6C, 0x75,
    0x82, 0x1F, 0xCA, 0x60, 0x8D, 0xCF, 0x39, 0x74, 0x0D, 0xC9, 0xB4, 0x2F, 0x3A, 0xEA, 0xFD, 0x49,
    0x55, 0xF2, 0xFD, 0x21, 0xFB, 0x72, 0xE3, 0x25, 0x2B, 0x0D, 0xDE, 0x2B, 0xDF, 0xA3, 0x93, 0x4F,
    0x5E, 0xB5, 0x3E, 0x01, 0xDB, 0xE5, 0x43, 0x1F, 0xE9, 0x4C, 0xEC, 0x26, 0x91, 0x16, 0x58, 0xC7,
    0x59, 0xAC, 0x28, 0xA5, 0x75, 0xB1, 0x90, 0xC7, 0x71, 0xC2, 0x76, 0x49, 0xED, 0x26, 0x25, 0xD5,
    0x78, 0x49, 0x66, 0xD3, 0xC2, 0xEB, 0xD1, 0x36, 0x46, 0x92, 0xE8, 0x30, 0xB7, 0x85, 0x44, 0x21,
    0x5F, 0xC0, 0x2A, 0xC5, 0x23, 0x71, 0x6E, 0xF7, 0xEC, 0xE6, 0x66, 0xE5, 0xF5, 0x5C, 0xFE, 0x0B,
    0x69, 0x86, 0x22, 0x85, 0x4E, 0xBD, 0xD2, 0x56, 0xA4, 0x79, 0xB7, 0xD0, 0x7B, 0x23, 0x28, 0xED,
    0x8C, 0xE0, 0x93, 0x2C, 0xCA, 0x65, 0x29, 0x49, 0x8E, 0x92, 0x9B, 0x6B, 0xDF, 0x08, 0x44, 0xCA,
    0xE3, 0xF4, 0x7E, 0x1D, 0xF7, 0xE1, 0xB5, 0xCE, 0xAB, 0x3F, 0x77, 0x41, 0x81, 0xCD, 0xC4, 0x28,
    0x91, 0xA0, 0x93, 0x87, 0x8C, 0xEE, 0x4D, 0xB4, 0x4A, 0x7E, 0x9C, 0xE4, 0x45, 0x79, 0x79, 0xFC,
    0xAC, 0xA1, 0xA3, 0xF3, 0x5D, 0x6F, 0xEE, 0x31, 0x60, 0xDD, 0xF8, 0xE8, 0x6B, 0x88, 0x13, 0xCF,
    0x01, 0xCD, 0x18, 0x52, 0x4A, 0x6E, 0xA7, 0x7A, 0x2D, 0xE0, 0x85, 0x9C, 0x9A, 0x76, 0xDB, 0x4B,
    0x14, 0xEE, 0xC3, 0x2E, 0xFF, 0x0B, 0xF6, 0xDE, 0xB4, 0x08, 0xF7, 0x1B, 0x2C, 0x9A, 0x80, 0xBF,
    0x33, 0xC3, 0x1F, 0x95, 0x84, 0x9E, 0xB4, 0x39, 0xAF, 0x0A, 0x6F, 0x8C, 0x01, 0x8F, 0x74, 0x92,
    0x1F, 0x70, 0x61, 0x22, 0xD3, 0x14, 0x7B, 0x88, 0x41, 0x23, 0xA7, 0xC4, 0x6F, 0x93, 0xDF, 0xFB,
    0x7C, 0x2C, 0xC5, 0x3A, 0x6F, 0x7A, 0x76, 0xDD, 0xE9, 0xA6, 0xAA, 0x2B, 0xCD, 0xFE, 0x4F, 0x67,
    0x4E, 0xED, 0x21, 0x39, 0x1E, 0x20, 0xCB, 0x6E, 0x9B, 0x3C, 0x13, 0x28, 0xA9, 0xC8, 0x75, 0x1C,
    0x51, 0x71, 0x53, 0x5D, 0x14, 0x04, 0xBA, 0x1F, 0xFB, 0x1D, 0x27, 0xDD, 0x2F, 0x2E, 0x45, 0x65,
    0xDA, 0x0F, 0xE8, 0xEA, 0x32, 0x10, 0x94, 0xF4, 0x3B, 0xBA, 0x53, 0xA5, 0x2A, 0x9E, 0xCC, 0x11,
    0xBA, 0xC4, 0xC0, 0x88, 0xDF, 0x3B, 0xC9, 0x5C, 0xC4, 0x5C, 0x42, 0x0A, 0x2A, 0xCC, 0x72, 0x86,
    0xA5, 0xE3, 0x69, 0xEB, 0x91, 0x76, 0xAF, 0x7C, 0x2A, 0x2F, 0x2A, 0x14, 0x98, 0xE7, 0x2F, 0x39,
    0xCA, 0xCC, 0x52, 0x18, 0xEF, 0x33, 0xA4, 0xDD, 0x31, 0x75, 0x17, 0xCD, 0x45, 0x2A, 0x95, 0xE6,
    0x6A, 0x73, 0x6A, 0xBD, 0xC6, 0x75, 0xB0, 0xD1, 0x3C, 0x88, 0x48, 0x63, 0x63, 0x92, 0xBF, 0x44,
    0xF8, 0xF1, 0x5C, 0x76, 0x42, 0xD1, 0x50, 0x7E, 0x1F, 0xAA, 0x18, 0xF2, 0x91, 0xA8, 0x52, 0x6B,
    0x5D, 0xEB, 0xE6, 0x9C, 0x3D, 0x4F, 0xF6, 0xFC, 0x57, 0x6B, 0xB1, 0xBA, 0x55, 0xA8, 0x0F, 0xD4,
    0xC5, 0x77, 0xEB, 0x4B, 0xCF, 0x35, 0x97, 0x12, 0x77, 0x25, 0x33, 0x6B, 0x59, 0x98, 0xB7, 0x12,
    0xF4, 0x90, 0xC3, 0xEF, 0x82, 0xB5, 0x7E, 0x5C, 0xC9, 0x0A, 0xB9, 0xF6, 0xBD, 0xEF, 0xE3, 0x45,
    0x23, 0x3E, 0xEF, 0xC4, 0x17, 0x8C, 0xF8, 0x21, 0xF8, 0x8F, 0xC0, 0xF6, 0xC0, 0xC6, 0xB3, 0x01,
    0x6A, 0x7D, 0xB3, 0x86, 0x87, 0x11, 0x79, 0x42, 0xF8, 0x2A, 0xDA, 0x6A, 0x3B, 0x14, 0xCE, 0xC6,
    0x98, 0x66, 0x59, 0x33, 0xE9, 0x96, 0x84, 0x9E, 0x76, 0x0A, 0xFA, 0x71, 0x21, 0xC0, 0xBF, 0x80,
    0xCF, 0x60, 0x5E, 0x3D, 0x72, 0xAD, 0x70, 0x43, 0xE5, 0xEA, 0x26, 0xA9, 0x46, 0xCB, 0x5B, 0x81,
    0xB9, 0x90, 0xEA, 0x5B, 0xA1, 0x06, 0x4E, 0x7F, 0x71, 0x75, 0xF7, 0x3F, 0x8D, 0x56, 0x4D, 0x8C,
    0x14, 0x45, 0x14, 0xFE, 0xAA, 0x6B, 0x67, 0x7B, 0x77, 0xBA, 0x7B, 0x66, 0x49, 0xD8, 0xB8, 0x86,
    0x9E, 0x9D, 0x25, 0x99, 0x43, 0x4B, 0x06, 0xB6, 0x89, 0x15, 0xD3, 0x2C, 0xB0, 0x5B, 0x88, 0x51,
    0x37, 0x7A, 0xD8, 0x28, 0xC4, 0x03, 0x24, 0x0E, 0x1C, 0x8D, 0x31, 0x7D, 0x58, 0x13, 0xA2, 0xE8,
    0x94, 0x92, 0x68, 0x0C, 0x98, 0x8C, 0x3F, 0x31, 0x1C, 0x07, 0xE1, 0x20, 0x2C, 0x87, 0x39, 0x70,
    0x5C, 0xA1, 0x02, 0x89, 0x24, 0x78, 0x69, 0xD9, 0xC4, 0x83, 0xA7, 0x39, 0x20, 0x1B, 0xC5, 0xC3,
    0x1C, 0xD6, 0x80, 0x61, 0x60, 0x7D, 0xD5, 0xB3, 0xFC, 0x2F, 0x6C, 0x57, 0x77, 0x76, 0x6B, 0xEA,
    0x7D, 0xF5, 0xFA, 0xBD, 0x57, 0xDF, 0x7B, 0xAF, 0x00, 0xAE, 0xB8, 0x04, 0xFA, 0x31, 0x08, 0x0F,
    0x2E, 0x7C, 0x54, 0x11, 0xA1, 0x02, 0xCC, 0xB0, 0x6B, 0xC5, 0x53, 0x55, 0x08, 0xC4, 0xE9, 0xB3,
    0xB3, 0xE9, 0xA8, 0x41, 0xD0, 0x28, 0x2B, 0x7C, 0xD8, 0x40, 0x02, 0x68, 0x30, 0x0D, 0xE7, 0x2F,
    0xD8, 0xDF, 0x83, 0x14, 0xD8, 0x40, 0x09, 0x98, 0x5A, 0x26, 0x44, 0x7D, 0x29, 0x8C, 0x6B, 0x61,
    0x18, 0x4E, 0x76, 0xF6, 0x56, 0x06, 0x98, 0xF2, 0xB8, 0xCC, 0xE7, 0x61, 0xFB, 0xE0, 0x02, 0xBC,
    0x8D, 0xF1, 0x2E, 0x2C, 0x85, 0xA9, 0x25, 0x70, 0x98, 0x4D, 0x43, 0xA1, 0x19, 0x43, 0xB4, 0x2D,
    0x9D, 0x8C, 0x61, 0x8F, 0x7D, 0xD6, 0x83, 0x23, 0x9D, 0x4E, 0x10, 0x05, 0xC1, 0x68, 0xCC, 0x13,
    0xB4, 0xD0, 0xAC, 0x2B, 0xE0, 0xA4, 0xDC, 0x05, 0x9C, 0x97, 0xFD, 0x68, 0x8D, 0x6C, 0xF2, 0xC3,
    0x3F, 0x07, 0x37, 0xEA, 0xFE, 0x03, 0xCA, 0xDA, 0xA8, 0xAD, 0x30, 0xC9, 0x05, 0x75, 0x37, 0x0F,
    0xC1, 0x6E, 0x10, 0x0C, 0x25, 0x75, 0x50, 0x7D, 0x2B, 0x8F, 0x60, 0xCE, 0x58, 0x0B, 0x3E, 0xE0,
    0x09, 0xD1, 0xDE, 0xAA, 0x83, 0xA6, 0x1B, 0x02, 0xCB, 0xDD, 0xE1, 0xFD, 0xE4, 0xA4, 0x0B, 0xBC,
    0x47, 0xCF, 0x8A, 0xB6, 0xD3, 0x7E, 0xB8, 0x38, 0x3D, 0x76, 0xF5, 0xD5, 0xDA, 0x0D, 0x6B, 0xEC,
    0x6F, 0x2B, 0x5C, 0xC8, 0x05, 0xBF, 0x1D, 0xBB, 0xAF, 0x6D, 0x78, 0xCF, 0xA6, 0x53, 0x45, 0x15,
    0x36, 0xC2, 0x9A, 0x48, 0xF2, 0x92, 0xC3, 0x3C, 0xCB, 0x5D, 0x9E, 0xCE, 0x18, 0xCD, 0x36, 0xC8,
    0x75, 0x1A, 0x9A, 0x93, 0xCA, 0x59, 0x5C, 0x80, 0xF9, 0xC5, 0x54, 0x19, 0x96, 0xDC, 0x2D, 0x3F,
    0x41, 0xCE, 0x0F, 0x8D, 0x05, 0x52, 0x73, 0xA6, 0x6D, 0x4B, 0xE7, 0x2D, 0x55, 0xE0, 0xD2, 0x73,
    0x50, 0x2A, 0xA3, 0x7C, 0x1D, 0x01, 0x28, 0xB8, 0x20, 0xC4, 0x18, 0xC0, 0xF6, 0x8E, 0x2F, 0xD7,
    0x17, 0x2E, 0xD0, 0x53, 0x5F, 0x98, 0x5A, 0x28, 0x2F, 0xE0, 0xED, 0x07, 0x4F, 0xAD, 0x05, 0xD7,
    0xF3, 0x2A, 0x03, 0x87, 0xFD, 0x91, 0x4A, 0x18, 0x8E, 0xE2, 0x80, 0xFC, 0x46, 0x7D, 0x2E, 0x3F,
    0x4A, 0xBD, 0xAB, 0x68, 0xBF, 0xE9, 0x85, 0x25, 0x21, 0x92, 0xEF, 0xE8, 0x0C, 0x73, 0x50, 0x5B,
    0x2C, 0x35, 0x68, 0xC3, 0x25, 0x17, 0x85, 0x1A, 0xF9, 0x51, 0x0F, 0xFF, 0xA2, 0xF9, 0xF3, 0xCA,
    0xDB, 0xAE, 0x83, 0xE7, 0x54, 0x6C, 0x3D, 0x0A, 0x78, 0xA9, 0x3D, 0x72, 0x42, 0x0C, 0x6B, 0xC1,
    0xD1, 0xF4, 0x2C, 0x15, 0xE4, 0x11, 0x97, 0xDB, 0x8E, 0x1A, 0xE8, 0x6B, 0x54, 0xD0, 0xA8, 0x39,
    0x4A, 0xE3, 0xD2, 0xEB, 0xB8, 0x52, 0xDD, 0xB2, 0xFF, 0x2C, 0xB6, 0x1E, 0xC7, 0xC2, 0xBC, 0xF5,
    0xD9, 0xAC, 0x6D, 0x4C, 0x25, 0x3F, 0x63, 0xFA, 0xDB, 0x20, 0x97, 0x64, 0x8F, 0x1E, 0xDB, 0x6A,
    0xE5, 0x06, 0xD6, 0xC3, 0x44, 0xB5, 0x3F, 0xB5, 0x8A, 0x78, 0xB2, 0x05, 0x98, 0x00, 0x16, 0xC1,
    0x2E, 0x83, 0x7F, 0x09, 0x7B, 0x0E, 0xC5, 0x39, 0x59, 0xE5, 0x52, 0x70, 0xD5, 0xA2, 0xD3, 0x87,
    0x34, 0x94, 0x19, 0xCC, 0x06, 0xCE, 0x11, 0xE7, 0x24, 0x6A, 0x3A, 0x9B, 0x66, 0x60, 0x67, 0x0D,
    0xEF, 0x64, 0x03, 0x0B, 0x8D, 0x21, 0x99, 0x55, 0xED, 0x06, 0x89, 0x8D, 0x0A, 0xC5, 0x6C, 0x36,
    0x5B, 0x67, 0x9A, 0x28, 0xFC, 0x3B, 0x03, 0x9F, 0xF2, 0x84, 0xBE, 0x82, 0x13, 0x94, 0x2C, 0x17,
    0x97, 0x15, 0x27, 0x4A, 0x39, 0x73, 0x12, 0x3E, 0x71, 0x3F, 0x22, 0xF2, 0xB7, 0x9C, 0x65, 0xB0,
    0xF3, 0x70, 0x7E, 0xA0, 0xA4, 0x33, 0x64, 0x68, 0x01, 0xED, 0x7B, 0x2F, 0xCD, 0x0F, 0x91, 0xE7,
    0x69, 0x9E, 0x18, 0x8D, 0x2A, 0x8D, 0xD7, 0x0C, 0x4C, 0xF4, 0x2B, 0xC6, 0x08, 0xEB, 0x0C, 0xEC,
    0xBD, 0xC8, 0x03, 0x05, 0x50, 0xE6, 0xA2, 0xD8, 0xA5, 0xDC, 0x5D, 0x21, 0x15, 0xBD, 0xF5, 0x0E,
    0xB1, 0x2A, 0x15, 0x64, 0x04, 0xD3, 0x01, 0x1E, 0x06, 0xFB, 0x22, 0x1B, 0xF8, 0x32, 0xB0, 0x2B,
    0x1B, 0x52, 0x52, 0xA9, 0xA8, 0x11, 0xF0, 0x14, 0x4B, 0x98, 0xB6, 0xB4, 0xA5, 0x4C, 0xEA, 0xD8,
    0x70, 0x68, 0xC7, 0x94, 0x44, 0x1F, 0x81, 0x9F, 0x2E, 0x1D, 0xC2, 0x2D, 0xEE, 0x3E, 0x4D, 0x6A,
    0xBD, 0xC9, 0xFA, 0x9E, 0x2A, 0x3B, 0x0D, 0x7B, 0x9F, 0xCA, 0x33, 0x5D, 0x40, 0xE2, 0xA1, 0x5D,
    0x4F, 0x92, 0xCD, 0x32, 0x09, 0x2C, 0x2D, 0x6C, 0x29, 0x3E, 0x40, 0xFD, 0x5A, 0x7A, 0x88, 0x93,
    0x35, 0xBC, 0x65, 0x78, 0x62, 0xC9, 0xF5, 0xB6, 0x12, 0x8E, 0x0E, 0xBD, 0x24, 0x76, 0xE3, 0x96,
    0x1B, 0x36, 0xFD, 0x20, 0x09, 0x7C, 0x2D, 0x0A, 0x3A, 0x74, 0x54, 0xCC, 0x15, 0xD9, 0x61, 0xBC,
    0x19, 0x31, 0x9B, 0xD8, 0x1D, 0x14, 0xF7, 0xA9, 0x2A, 0xA9, 0x42, 0xD2, 0x42, 0xD2, 0xA6, 0x97,
    0xE9, 0xB6, 0xA5, 0x5B, 0xB6, 0x3C, 0x34, 0x6A, 0x4E, 0x2B, 0x05, 0xC1, 0x84, 0x24, 0x3B, 0x9E,
    0xFC, 0xD8, 0x09, 0x5C, 0xCA, 0x8C, 0xA7, 0xF1, 0x9F, 0x66, 0x47, 0x33, 0xE3, 0x4F, 0xCA, 0xDE,
    0x69, 0x65, 0x33, 0x26, 0x8E, 0x4A, 0x6D, 0x5B, 0x15, 0x74, 0x14, 0xD7, 0x46, 0x7A, 0x1F, 0xFB,
    0x74, 0x96, 0xFF, 0xDE, 0x71, 0x58, 0xC7, 0xE3, 0xB3, 0x55, 0x4F, 0x44, 0x91, 0x88, 0x5A, 0xF1,
    0x36, 0xDD, 0x1A, 0x67, 0xC9, 0xA8, 0xAD, 0xB6, 0xDF, 0x31, 0xF1, 0x79, 0x98, 0x98, 0x03, 0x50,
    0x55, 0xA6, 0x03, 0xA6, 0x85, 0xA5, 0x42, 0x2E, 0x63, 0x8E, 0x96, 0x8D, 0xB6, 0x83, 0xB6, 0x87,
    0x73, 0x55, 0x8C, 0x77, 0x52, 0x9D, 0xB9, 0x07, 0xDC, 0xCC, 0x84, 0x7F, 0x88, 0x9E, 0x99, 0xF0,
    0x97, 0x56, 0x18, 0x9A, 0x55, 0x79, 0x6C, 0x1A, 0x1A, 0x8D, 0x1A, 0xD5, 0x41, 0x1F, 0x61, 0x04,
    0xD1, 0xC2, 0x0B, 0xDA, 0x54, 0x9E, 0x62, 0x6A, 0x29, 0xF1, 0xB0, 0x47, 0x6D, 0x2B, 0x6D, 0x5B,
    0xCE, 0x2D, 0x14, 0xDE, 0x85, 0x47, 0x95, 0xD4, 0x86, 0xEF, 0x60, 0xF3, 0x3C, 0x26, 0x1B, 0x86,
    0x24, 0xA6, 0x34, 0xE6, 0x24, 0x26, 0x3B, 0x88, 0x43, 0xB4, 0x63, 0x5C, 0xD5, 0xF8, 0x15, 0xEC,
    0x0A, 0xAC, 0x23, 0x44, 0xD0, 0x36, 0x97, 0xE6, 0xE3, 0xF6, 0x94, 0xCA, 0xA7, 0x3A, 0xDF, 0x87,
    0x21, 0x3F, 0xA5, 0x08, 0x9A, 0x69, 0x23, 0x20, 0xCD, 0x37, 0x51, 0x28, 0x22, 0x28, 0x40, 0x14,
    0x10, 0x7A, 0x88, 0xA9, 0xC0, 0x1E, 0xC6, 0xF8, 0xF1, 0x7B, 0x11, 0xF3, 0xD3, 0x66, 0xF1, 0x6C,
    0x18, 0x1D, 0x06, 0x75, 0xD8, 0xE9, 0xB5, 0x60, 0xE4, 0xC8, 0x22, 0xAC, 0xCD, 0x6B, 0xC0, 0xD8,
    0x57, 0xC0, 0x2B, 0x6B, 0xAB, 0xC2, 0x3F, 0xC0, 0x31, 0xE0, 0xDC, 0xDA, 0x48, 0xFB, 0xE6, 0x5D,
    0xAF, 0xFC, 0x5A, 0x50, 0x70, 0x44, 0x61, 0x3E, 0x1C, 0x9D, 0x89, 0x77, 0x40, 0xFC, 0xDC, 0x37,
    0xFE, 0x71, 0xB7, 0x27, 0xEC, 0x16, 0xE8, 0xEE, 0x21, 0x28, 0x14, 0x31, 0xFD, 0x2F, 0xB7, 0xFB,
    0x29, 0xD2, 0x36, 0xE5, 0x11, 0x93, 0x74, 0x36, 0x14, 0x29, 0xFB, 0x96, 0xE7, 0x07, 0xD5, 0x89,
    0xCE, 0x36, 0x49, 0xF2, 0xA1, 0x72, 0x27, 0x4D, 0x9D, 0x08, 0x8D, 0x55, 0x25, 0x33, 0x6C, 0xC9,
    0x72, 0x57, 0x93, 0xF0, 0xB4, 0x70, 0x3C, 0xB9, 0xBE, 0xDE, 0xED, 0x87, 0xE7, 0xFA, 0x81, 0x10,
    0x71, 0x0C, 0xC9, 0x95, 0xE9, 0x65, 0xBD, 0x1B, 0x51, 0x40, 0x36, 0xF5, 0xEE, 0x41, 0x39, 0x14,
    0xE5, 0x98, 0x7E, 0x72, 0xBD, 0xA2, 0x4D, 0x23, 0x79, 0x7C, 0xD5, 0x8C, 0xDB, 0xC0, 0x3C, 0xAC,
    0xAF, 0x4D, 0x45, 0x70, 0x6E, 0xA3, 0x5A, 0x36, 0x61, 0x89, 0xE9, 0x75, 0x21, 0x8C, 0x8B, 0x2B,
    0x61, 0x61, 0xD7, 0xC1, 0x47, 0xCD, 0xC4, 0xBB, 0x83, 0xF2, 0x1B, 0x28, 0x39, 0xA8, 0x52, 0x28,
    0x3C, 0x08, 0xD7, 0xB0, 0xB1, 0x55, 0xBD, 0x5F, 0x47, 0xC9, 0x6C, 0x2F, 0xCA, 0x8B, 0x7C, 0x5C,
    0x08, 0xDD, 0x28, 0x4A, 0xF7, 0xAF, 0xD4, 0xD0, 0x55, 0x24, 0x43, 0x58, 0xE2, 0xEE, 0xAA, 0x12,
    0xF0, 0xC5, 0xFE, 0xEA, 0x6A, 0x12, 0xEB, 0x5E, 0x70, 0x1E, 0x5F, 0x37, 0x0D, 0xDB, 0x5C, 0x9F,
    0xF6, 0xF4, 0x66, 0x54, 0xE3, 0xEC, 0xBB, 0xF0, 0x4A, 0x88, 0x26, 0x10, 0xFE, 0x81, 0x17, 0xA7,
    0x31, 0xE1, 0x62, 0x47, 0x84, 0xA9, 0x9E, 0x47, 0x0F, 0x51, 0xDA, 0xE3, 0xF0, 0x6D, 0x54, 0xF3,
    0x29, 0x25, 0x3C, 0x84, 0x4F, 0x52, 0x7A, 0x4D, 0xD8, 0x50, 0x1A, 0xC3, 0xE9, 0x35, 0x60, 0x94,
    0x65, 0x3D, 0xAE, 0x3E, 0x4B, 0x15, 0x51, 0xC9, 0x31, 0x45, 0xC1, 0x84, 0x00, 0x09, 0x7F, 0x59,
    0xF3, 0xDD, 0x92, 0x1F, 0x35, 0x07, 0xC4, 0x7E, 0x02, 0xEB, 0x98, 0xCE, 0x4B, 0xB7, 0x5A, 0xAA,
    0xF9, 0xE3, 0xBD, 0xE2, 0x24, 0xCD, 0x4F, 0xEA, 0xBD, 0xB4, 0xC2, 0xEB, 0x92, 0x5F, 0xD4, 0x36,
    0xD3, 0x0E, 0xD3, 0x74, 0x61, 0xA2, 0x6B, 0xED, 0x68, 0x11, 0xA5, 0xEE, 0x23, 0xF7, 0x38, 0x1C,
    0x94, 0x58, 0x97, 0x55, 0xF9, 0xFF, 0x95, 0x58, 0x4D, 0x68, 0x5C, 0x55, 0x14, 0xFE, 0xEE, 0xBB,
    0x93, 0xBE, 0xE6, 0xFD, 0x46, 0xC8, 0xA2, 0xE8, 0x4B, 0x26, 0x8B, 0x2E, 0x9E, 0xFA, 0x6A, 0x9E,
    0xF5, 0x49, 0xC6, 0x92, 0x66, 0x6E, 0x54, 0xD0, 0xDA, 0x2E, 0x42, 0x41, 0x45, 0x2A, 0x34, 0x82,
    0x2B, 0xAD, 0xF2, 0xC0, 0x22, 0x59, 0xB4, 0xE4, 0x81, 0xD0, 0x5A, 0x45, 0x08, 0x8A, 0xC5, 0xE5,
    0x80, 0x5D, 0xD4, 0x54, 0x65, 0x16, 0x5D, 0xB8, 0xB0, 0xF6, 0x82, 0x48, 0x37, 0x5D, 0x3C, 0x05,
    0x5D, 0x55, 0x18, 0x44, 0xE8, 0xC6, 0xC5, 0x2C, 0x82, 0x56, 0x48, 0x1A, 0xCF, 0xBD, 0x6F, 0x26,
    0x99, 0x4C, 0x26, 0xCE, 0xEB, 0x30, 0xC9, 0xBC, 0xCC, 0x3D, 0xE7, 0x3B, 0xE7, 0xDE, 0x73, 0xCE,
    0x77, 0xCE, 0x0D, 0x00, 0xD4, 0x25, 0xFD, 0xC2, 0x28, 0xF0, 0x04, 0x70, 0x04, 0xB8, 0x0B, 0x76,
    0x0B, 0xFC, 0x22, 0xCC, 0x6B, 0xF0, 0xAF, 0x89, 0x88, 0x8B, 0x84, 0x67, 0x4D, 0x23, 0x23, 0x11,
    0x63, 0x43, 0x09, 0x9A, 0xFF, 0xC0, 0xF3, 0x11, 0x7A, 0x48, 0x3C, 0xC4, 0x2E, 0xD2, 0x08, 0xC9,
    0x39, 0x4C, 0x7F, 0x81, 0xCE, 0xEB, 0x69, 0x89, 0xAA, 0x28, 0x0B, 0xF8, 0x11, 0x70, 0x6F, 0x18,
    0xE6, 0x50, 0x9C, 0x7D, 0x80, 0x03, 0x78, 0x1D, 0xFB, 0x7B, 0x42, 0x2D, 0x02, 0xB4, 0xD1, 0x96,
    0x16, 0x62, 0x80, 0x0B, 0x1C, 0xD4, 0x8F, 0x3F, 0xC0, 0xBE, 0x8C, 0x08, 0x48, 0x80, 0xA6, 0x5E,
    0x2F, 0xDE, 0xF4, 0xBC, 0x04, 0x54, 0xD7, 0xB4, 0x7C, 0x85, 0x56, 0x57, 0x08, 0x7B, 0xDD, 0x43,
    0x8D, 0x1E, 0x63, 0xA4, 0xF4, 0x59, 0x55, 0x58, 0xE3, 0xC0, 0x79, 0xB0, 0x0F, 0x4A, 0x23, 0x2D,
    0xB0, 0xF6, 0xBE, 0x03, 0x03, 0x91, 0xE8, 0x15, 0x69, 0xBC, 0x92, 0x48, 0x40, 0x03, 0x0B, 0x03,
    0x91, 0xE6, 0x81, 0x55, 0xD0, 0x1F, 0x25, 0x91, 0x58, 0xC5, 0xB8, 0xAA, 0xBE, 0x1B, 0x80, 0x34,
    0x26, 0x30, 0x93, 0x15, 0x47, 0x6B, 0x7C, 0x05, 0xF3, 0x54, 0x66, 0x31, 0xE9, 0x21, 0x77, 0xD1,
    0x72, 0x90, 0x07, 0xC8, 0x43, 0x43, 0x26, 0xA6, 0x48, 0xDE, 0xC5, 0xF2, 0x9F, 0x24, 0xF2, 0x3C,
    0x8C, 0xDB, 0xE0, 0x57, 0xC0, 0x45, 0x11, 0x84, 0x88, 0x82, 0xE0, 0xF6, 0x04, 0xE1, 0xEA, 0x00,
    0x9C, 0xE5, 0x3C, 0x3F, 0x24, 0xFA, 0x70, 0x04, 0x0C, 0x89, 0xE5, 0x56, 0x81, 0xE3, 0x16, 0xC1,
    0x74, 0x07, 0xE5, 0xDA, 0xA6, 0x06, 0x5C, 0x85, 0xF9, 0x32, 0x2C, 0x9D, 0x01, 0x14, 0x54, 0x7F,
    0x1D, 0x01, 0x10, 0xEA, 0x1D, 0xD3, 0x7B, 0xB9, 0x4D, 0x22, 0x7C, 0x9D, 0x76, 0x77, 0xCF, 0x0D,
    0xC2, 0xE8, 0x48, 0xFB, 0x19, 0x41, 0xBB, 0x1B, 0xAB, 0xB6, 0x0B, 0x84, 0x5B, 0xC0, 0x8D, 0xB2,
    0x20, 0xAF, 0xB3, 0xB5, 0xBD, 0x60, 0xC2, 0x4E, 0xE0, 0x4A, 0xC0, 0xD0, 0xD1, 0x2F, 0x0C, 0x82,
    0x19, 0xAE, 0x9A, 0xC1, 0xD0, 0x27, 0x53, 0xA4, 0x79, 0x1F, 0x00, 0xCB, 0x38, 0x78, 0xB6, 0x33,
    0xF8, 0x43, 0x21, 0xD9, 0x08, 0xBB, 0x8A, 0xF6, 0xC0, 0x4D, 0x55, 0x80, 0x39, 0xE0, 0xB3, 0x22,
    0x87, 0x84, 0x7D, 0x39, 0xDB, 0xCE, 0xA1, 0xC7, 0xD0, 0x7A, 0x1C, 0x2D, 0x13, 0x4D, 0x0B, 0x4B,
    0x1E, 0xAA, 0xEB, 0xDA, 0x9F, 0x31, 0x55, 0xC9, 0xC6, 0xB1, 0xED, 0x0A, 0x8C, 0xFA, 0x2A, 0xF0,
    0xAA, 0xD6, 0x4F, 0xB1, 0x9A, 0xE3, 0x61, 0xCD, 0x0F, 0xF8, 0x54, 0x28, 0x13, 0x25, 0xF1, 0x69,
    0x37, 0x97, 0x76, 0x90, 0xC5, 0x70, 0x7C, 0xDA, 0xEC, 0xFE, 0x07, 0xC0, 0xA7, 0xBC, 0xC7, 0x54,
    0x59, 0xFC, 0x32, 0x98, 0x5C, 0x28, 0x6A, 0x2A, 0xE8, 0x43, 0x71, 0x4D, 0x5A, 0xDA, 0xF9, 0x11,
    0x60, 0x1A, 0x78, 0x43, 0x53, 0x24, 0xA6, 0x4C, 0xA4, 0x36, 0x9A, 0x1E, 0x1A, 0x2E, 0x72, 0x7F,
    0x53, 0x06, 0x4C, 0x86, 0x46, 0x46, 0xDC, 0x97, 0x70, 0x91, 0x72, 0x30, 0x61, 0xCB, 0x03, 0x8B,
    0x0C, 0x26, 0x05, 0xDA, 0x83, 0xBB, 0xE1, 0xDB, 0x81, 0x1D, 0x59, 0x89, 0x9B, 0x38, 0x69, 0x90,
    0x86, 0x85, 0x7A, 0x7D, 0x93, 0x4A, 0xBB, 0xD5, 0xA3, 0x2E, 0xB7, 0xD5, 0x49, 0x71, 0x7A, 0x8D,
    0x14, 0x6F, 0xF8, 0x2F, 0x4D, 0xF4, 0x28, 0x92, 0xE5, 0xBB, 0xFB, 0x68, 0x7F, 0xC6, 0x15, 0x96,
    0x33, 0x69, 0x48, 0x23, 0xE3, 0x82, 0x93, 0xAC, 0x4D, 0x46, 0xEA, 0xE4, 0xE2, 0xDC, 0xE2, 0x49,
    0xA9, 0xB2, 0xCA, 0xA1, 0x63, 0x0E, 0xC9, 0xF9, 0x84, 0xBC, 0x4F, 0x3B, 0xA5, 0xB6, 0x97, 0x4E,
    0x7D, 0xB0, 0xC6, 0x31, 0x55, 0x57, 0x7B, 0xE9, 0x24, 0x52, 0x75, 0x93, 0x7E, 0xAD, 0xC1, 0xD2,
    0xFB, 0xE9, 0x94, 0x0F, 0x15, 0xFC, 0x2E, 0x89, 0x44, 0x50, 0xAC, 0x59, 0xA4, 0xED, 0x92, 0x76,
    0x40, 0xAB, 0x8B, 0x38, 0x5B, 0x44, 0x24, 0x55, 0x09, 0xBB, 0x87, 0x4D, 0xD7, 0x09, 0xC2, 0x24,
    0x49, 0x53, 0xE3, 0xCA, 0x14, 0xCB, 0x9B, 0x4C, 0x36, 0x0C, 0x99, 0x1B, 0x99, 0xE4, 0xF3, 0x92,
    0x1B, 0xD2, 0xE4, 0x99, 0xCD, 0x85, 0xC7, 0x51, 0x7F, 0x01, 0xAA, 0xB4, 0xDE, 0x01, 0x53, 0x94,
    0x65, 0xDA, 0x8C, 0x82, 0xE6, 0x3A, 0x4E, 0x10, 0x44, 0x61, 0x2D, 0x49, 0x92, 0x38, 0x4D, 0xD3,
    0x06, 0xB1, 0x6A, 0x6E, 0x4B, 0x6B, 0x47, 0x40, 0x55, 0x4E, 0x06, 0x9A, 0xEA, 0x6B, 0x3A, 0xE8,
    0xB1, 0x4E, 0x8C, 0x86, 0x66, 0xE5, 0x5C, 0x39, 0x4E, 0x15, 0xFE, 0x88, 0xC0, 0x51, 0xD5, 0x2B,
    0xB0, 0x66, 0x50, 0x67, 0xA3, 0xAF, 0x25, 0x2B, 0x9C, 0x14, 0x66, 0x67, 0x43, 0x67, 0x68, 0x2B,
    0x06, 0x56, 0x94, 0x37, 0x1E, 0xBC, 0x1A, 0xDC, 0x16, 0xFC, 0x1C, 0x13, 0x0D, 0x84, 0x31, 0x12,
    0x22, 0xF1, 0x00, 0xA9, 0xAB, 0x73, 0x50, 0x3B, 0x59, 0x81, 0x8E, 0xB3, 0xDA, 0x9F, 0x3B, 0xE1,
    0x24, 0x41, 0x3E, 0x9D, 0xCD, 0xC9, 0x24, 0x4F, 0x9B, 0x29, 0x39, 0x60, 0xAA, 0xEE, 0x49, 0xAF,
    0x5D, 0x2B, 0x63, 0x68, 0xB1, 0x4C, 0x65, 0x60, 0x47, 0xB3, 0x27, 0x06, 0xC4, 0x1D, 0x0B, 0xC8,
    0x0D, 0xC1, 0x06, 0xAC, 0xE9, 0xF8, 0x0C, 0xD6, 0xE9, 0xDA, 0x12, 0xEA, 0xD4, 0x79, 0xD6, 0x1F,
    0x1F, 0x45, 0x4E, 0xB1, 0xCA, 0xF9, 0x11, 0xD3, 0xB1, 0xC7, 0xFB, 0xB5, 0xD9, 0x98, 0x19, 0xDB,
    0x2B, 0xFF, 0x6B, 0xAB, 0x16, 0x4C, 0x6D, 0x49, 0xF7, 0x7A, 0x20, 0xC3, 0xAC, 0x57, 0x5A, 0x17,
    0x4A, 0xE6, 0x67, 0xE7, 0xA8, 0x07, 0xF6, 0x4B, 0xFB, 0x94, 0x41, 0xDF, 0xF5, 0x64, 0xA7, 0x50,
    0xAC, 0xAA, 0xCB, 0xD8, 0x10, 0xE3, 0x66, 0x96, 0xD8, 0x32, 0x76, 0xF3, 0xD4, 0x49, 0x9B, 0x4E,
    0xDC, 0x08, 0xC2, 0x3C, 0x0C, 0x64, 0xE2, 0xC9, 0xD8, 0xCE, 0x52, 0x12, 0x1B, 0x21, 0xBF, 0xC8,
    0x7F, 0x77, 0xA3, 0x7A, 0x9C, 0x4A, 0xC9, 0xAB, 0xE9, 0x52, 0x6A, 0x46, 0xC3, 0x15, 0x75, 0xC2,
    0xF2, 0x82, 0xB5, 0x76, 0xA9, 0xAB, 0x53, 0x1B, 0xD5, 0x14, 0x3B, 0x86, 0x09, 0x49, 0x0E, 0x96,
    0xF2, 0x85, 0xDA, 0xC0, 0xEF, 0x28, 0xB2, 0xDD, 0xDD, 0x40, 0xF5, 0x38, 0x26, 0x6C, 0xC5, 0x3A,
    0x35, 0x17, 0x89, 0x83, 0x34, 0x00, 0xE1, 0x8E, 0xEA, 0x44, 0xA4, 0x2C, 0x7C, 0x6A, 0x39, 0xE3,
    0x3F, 0x4B, 0x73, 0x5E, 0xDA, 0x86, 0xB4, 0x78, 0xE6, 0x72, 0xE1, 0x9A, 0x08, 0x4C, 0x6D, 0x45,
    0x26, 0x16, 0x59, 0x69, 0x69, 0x2B, 0x49, 0x8F, 0x15, 0x53, 0x5B, 0x21, 0x9F, 0x4F, 0x83, 0xCE,
    0x0B, 0xFD, 0xC4, 0x13, 0xA9, 0x49, 0xC2, 0x68, 0xEB, 0x29, 0xAF, 0x68, 0xD3, 0x6C, 0x03, 0xFE,
    0xA9, 0x2C, 0x22, 0xEA, 0x41, 0xDE, 0x44, 0x4E, 0x95, 0xD1, 0x62, 0xB2, 0x65, 0xC8, 0xA6, 0x29,
    0x96, 0x26, 0xB7, 0x66, 0x9A, 0x4E, 0xA7, 0x76, 0x6B, 0x56, 0x62, 0xA5, 0x5E, 0xEC, 0xD4, 0x6A,
    0xDD, 0xD9, 0xE8, 0x17, 0x41, 0x83, 0x56, 0x79, 0x9C, 0x13, 0x9D, 0x66, 0xDD, 0x8F, 0x54, 0x59,
    0x40, 0x28, 0x71, 0xB2, 0x34, 0xD2, 0x43, 0x02, 0x5F, 0x82, 0xBD, 0x58, 0xB4, 0x5C, 0xB8, 0x2E,
    0x6A, 0x16, 0x12, 0x0B, 0x29, 0xB1, 0xB7, 0x83, 0x5A, 0x77, 0x74, 0x63, 0xF7, 0x57, 0x85, 0x7F,
    0xEA, 0x73, 0x44, 0x26, 0xD4, 0xAA, 0x62, 0x6B, 0xB4, 0xA8, 0xDF, 0xB6, 0xE8, 0x80, 0xD5, 0x4F,
    0x93, 0xF8, 0x74, 0x89, 0x4E, 0xBA, 0xBA, 0xD9, 0x9D, 0xDD, 0x14, 0xDC, 0x4D, 0x1A, 0x6E, 0x7E,
    0xCC, 0x6A, 0xC4, 0x27, 0x89, 0xFD, 0x2D, 0x52, 0x7F, 0x01, 0x31, 0xE9, 0xD5, 0xEA, 0x24, 0xF7,
    0xC7, 0x06, 0xBA, 0x83, 0xAA, 0xD7, 0x19, 0x54, 0x69, 0x48, 0x33, 0x4F, 0x43, 0x93, 0x8F, 0x8A,
    0x8F, 0xF7, 0x0D, 0x26, 0x9B, 0x08, 0x29, 0x53, 0xC3, 0x6E, 0xB9, 0x8F, 0x53, 0xC6, 0x2A, 0x8A,
    0x5D, 0xF3, 0xC5, 0x04, 0x11, 0xCC, 0x56, 0xCA, 0x0F, 0x55, 0xEC, 0xE1, 0x09, 0x7A, 0x3C, 0xCF,
    0x73, 0x53, 0xD8, 0xBB, 0xAA, 0x12, 0xF3, 0x02, 0x6F, 0x03, 0xB3, 0xA5, 0x7C, 0x61, 0x15, 0x7E,
    0x96, 0xE5, 0xBB, 0x7D, 0xA1, 0x1A, 0x89, 0x54, 0x97, 0x35, 0xFE, 0xF5, 0x5F, 0x53, 0xE0, 0x1E,
    0xCC, 0x1C, 0xD7, 0x29, 0x59, 0x6A, 0xE2, 0xFA, 0xCD, 0x5C, 0xCF, 0x11, 0x0D, 0x45, 0x3A, 0xD5,
    0x36, 0x7D, 0x85, 0x49, 0x70, 0x89, 0x7C, 0x3E, 0xDF, 0xCC, 0xF4, 0xCA, 0x3D, 0x35, 0x5F, 0xEC,
    0xA9, 0x29, 0x78, 0x6B, 0x7F, 0x3C, 0x48, 0x73, 0xB0, 0xC6, 0x28, 0x14, 0x97, 0xD2, 0x28, 0xBE,
    0x4B, 0x23, 0xD0, 0x5B, 0x3F, 0x08, 0xC6, 0x70, 0x47, 0x35, 0xF7, 0xBD, 0x2C, 0x56, 0x2A, 0x66,
    0xAA, 0xC6, 0xB1, 0xDD, 0x16, 0xDF, 0x5A, 0x7D, 0xF5, 0xD7, 0xED, 0x96, 0xD2, 0x25, 0xAC, 0x83,
    0xB4, 0xF5, 0x40, 0xF3, 0xB6, 0x85, 0x7A, 0xBE, 0x4D, 0x62, 0x09, 0xEA, 0xE4, 0x87, 0xB2, 0xF0,
    0xE6, 0xD6, 0xB9, 0x0D, 0x46, 0xA0, 0x33, 0x88, 0x8D, 0x95, 0xDD, 0xDA, 0xBD, 0xF2, 0x37, 0xDB,
    0xDB, 0xF2, 0x5D, 0x4B, 0x11, 0x96, 0xC5, 0xB6, 0xAC, 0x7A, 0xFD, 0x2D, 0x8C, 0xC9, 0xA2, 0x19,
    0x65, 0x11, 0x0D, 0x04, 0x4C, 0x26, 0x46, 0x16, 0xEB, 0x81, 0xA0, 0x69, 0xA2, 0x65, 0xAB, 0x61,
    0xE1, 0x7A, 0x84, 0xE9, 0xCE, 0x78, 0x0B, 0x76, 0x17, 0x7C, 0x42, 0x73, 0x09, 0x57, 0xC4, 0x10,
    0x59, 0xDD, 0x99, 0xBC, 0x6F, 0x20, 0xBF, 0xFF, 0x20, 0x98, 0x1B, 0x25, 0x00, 0x69, 0x3E, 0xFF,
    0xFE, 0x41, 0x30, 0x2F, 0x14, 0x6C, 0x34, 0x0C, 0xF6, 0x6B, 0xE0, 0x27, 0x7D, 0x03, 0x2A, 0x8D,
    0x8C, 0xBF, 0x80, 0x0F, 0x4B, 0x80, 0x8F, 0x0B, 0x1C, 0xCE, 0x70, 0xA1, 0x34, 0x32, 0xC9, 0xBF,
    0x27, 0x70, 0x69, 0x08, 0xEC, 0x50, 0x28, 0x73, 0xC7, 0x1D, 0x78, 0x6F, 0xA8, 0xBE, 0x4B, 0x30,
    0x7C, 0xCA, 0xD6, 0xB8, 0xB8, 0x52, 0x2C, 0x8E, 0xB2, 0x2C, 0x9D, 0xE4, 0x59, 0x3A, 0xC7, 0x91,
    0xBE, 0x6F, 0x21, 0xFE, 0xCD, 0x41, 0x7C, 0x2B, 0xC2, 0xE1, 0x8B, 0x09, 0x66, 0x78, 0x8A, 0x23,
    0x7C, 0x05, 0xB3, 0x94, 0xE3, 0x35, 0xD5, 0xB0, 0x88, 0x29, 0xEA, 0x7A, 0x82, 0x27, 0xF5, 0x59,
    0x27, 0x3E, 0x17, 0xC6, 0x77, 0xE2, 0x27, 0x6F, 0x37, 0x67, 0x4E, 0xE4, 0x33, 0xAE, 0x3C, 0xEA,
    0x8B, 0x59, 0x5F, 0x5F, 0xE3, 0xDA, 0x18, 0xD5, 0xDC, 0xB5, 0x68, 0xA9, 0x9E, 0x13, 0x53, 0x4F,
    0x68, 0xE2, 0x51, 0xFD, 0x0F, 0x02, 0x5F, 0x5F, 0x49, 0x1C, 0x74, 0xAE, 0x24, 0x9D, 0xFB, 0x86,
    0x06, 0xE4, 0xC8, 0xF9, 0xB3, 0x92, 0x3F, 0x27, 0xF8, 0xC7, 0x30, 0x3E, 0x01, 0x5D, 0x51, 0x58,
    0x5B, 0xF9, 0xAC, 0x7A, 0x64, 0xA6, 0xE6, 0x28, 0x82, 0x34, 0x43, 0xB0, 0xB1, 0x72, 0xC8, 0x4C,
    0xA8, 0x36, 0x35, 0x5A, 0x5C, 0x88, 0x56, 0xD8, 0x2B, 0xB9, 0x42, 0xF1, 0xF4, 0x04, 0x96, 0xAA,
    0xD9, 0xAA, 0xF8, 0x8B, 0xE6, 0xC6, 0xFA, 0x7D, 0x74, 0x5B, 0xB8, 0xB9, 0x41, 0x9F, 0x29, 0xF9,
    0x91, 0x59, 0x24, 0x57, 0xD7, 0xA1, 0xF2, 0x3A, 0xFC, 0x38, 0x1C, 0x44, 0xCD, 0x75, 0x53, 0x03,
    0x40, 0x7A, 0x6F, 0xD3, 0x43, 0x41, 0x7A, 0x1A, 0x38, 0x01, 0xA9, 0xCD, 0x74, 0x65, 0x2C, 0xAD,
    0xA1, 0x9C, 0x1A, 0xD1, 0x87, 0xD6, 0xEC, 0xCC, 0x8E, 0x14, 0x59, 0x35, 0x3E, 0xEA, 0xAE, 0x4C,
    0x6F, 0x53, 0x0D, 0x0E, 0x4A, 0x98, 0x4E, 0xE3, 0x8C, 0x8E, 0xFC, 0x7F, 0x9D, 0x57, 0x4D, 0x6C,
    0x14, 0x55, 0x1C, 0xFF, 0xBD, 0x79, 0xA5, 0x53, 0xE6, 0x6B, 0x6B, 0xD2, 0xC4, 0x46, 0x66, 0xBB,
    0x3D, 0x70, 0x98, 0xC0, 0x84, 0x4E, 0xF4, 0x11, 0x86, 0x0F, 0xED, 0x43, 0x50, 0x62, 0xF0, 0xD0,
    0x0B, 0x31, 0xA6, 0x26, 0x92, 0x78, 0x51, 0x63, 0x64, 0x0E, 0x4D, 0x24, 0x6A, 0xE8, 0x00, 0x07,
    0x45, 0x34, 0xE1, 0xA2, 0xF1, 0xB8, 0x26, 0x1C, 0xA0, 0xC4, 0x64, 0x0E, 0x3D, 0xF4, 0x80, 0xF0,
    0xE0, 0x42, 0xF4, 0x34, 0x1E, 0xF4, 0x60, 0x30, 0xD9, 0x83, 0x89, 0x46, 0x3D, 0xD4, 0xA4, 0x04,
    0x48, 0xB6, 0x5D, 0xFF, 0xEF, 0xED, 0x96, 0xF2, 0x55, 0x76, 0xCA, 0x64, 0xB6, 0x21, 0xCB, 0xFB,
    0xFF, 0xDE, 0xFF, 0xF3, 0xF7, 0xFB, 0x2F, 0x30, 0xC0, 0x96, 0xFD, 0xDA, 0xF4, 0x42, 0x6C, 0x95,
    0x02, 0x65, 0x81, 0xB2, 0x45, 0x2F, 0x53, 0x2D, 0x4B, 0x15, 0xB6, 0x3C, 0x3E, 0x86, 0xC6, 0x12,
    0xCC, 0x33, 0x0C, 0x14, 0xF6, 0x5D, 0xE5, 0xD7, 0x90, 0x3A, 0x10, 0x0E, 0xB2, 0x00, 0x89, 0x87,
    0x34, 0x45, 0xA3, 0xD5, 0x3D, 0xC0, 0x86, 0xF0, 0x45, 0xCC, 0xFE, 0x8D, 0x58, 0x29, 0xAC, 0x3C,
    0xE1, 0x32, 0xE3, 0x64, 0x80, 0x96, 0x8B, 0x96, 0x8F, 0xF9, 0x18, 0x13, 0x8B, 0xDD, 0x63, 0x03,
    0x40, 0xEC, 0xF3, 0x99, 0xD0, 0xCE, 0x63, 0x07, 0x51, 0x00, 0xE1, 0x23, 0x89, 0x21, 0x3E, 0xC5,
    0xC4, 0xB7, 0xE8, 0x9D, 0xA0, 0xAB, 0xE0, 0x6B, 0x54, 0x9E, 0x9B, 0x2F, 0xAC, 0x8B, 0x98, 0x3B,
    0x6F, 0x4F, 0xE7, 0x47, 0xE6, 0x1D, 0xA6, 0xD0, 0x0A, 0x50, 0xF2, 0xDC, 0xD7, 0xC8, 0x1E, 0xCA,
    0x10, 0x21, 0xC8, 0xF1, 0xC8, 0x52, 0x2D, 0x08, 0xFB, 0x40, 0x0E, 0xF1, 0xA1, 0x2B, 0x31, 0xFB,
    0x47, 0xAD, 0xA3, 0x6D, 0x87, 0x25, 0xD9, 0xEE, 0x92, 0x64, 0x5B, 0x87, 0xB6, 0x45, 0x80, 0x9F,
    0x3B, 0x92, 0x6C, 0xED, 0x47, 0x6D, 0x5F, 0x36, 0xB6, 0xD0, 0xB6, 0x6D, 0x32, 0xDD, 0xCF, 0x60,
    0x5D, 0xBB, 0x49, 0x2E, 0x14, 0xE0, 0x12, 0xF6, 0x6D, 0xB7, 0x1D, 0x50, 0xE8, 0x71, 0x80, 0x42,
    0xF8, 0x4C, 0x25, 0xBE, 0x8D, 0x2C, 0xF6, 0xC9, 0xEF, 0x14, 0x13, 0x17, 0x66, 0x4D, 0x6C, 0x16,
    0x86, 0x08, 0xD6, 0x45, 0x18, 0x20, 0xF2, 0x91, 0x7A, 0x10, 0x21, 0xB2, 0x08, 0x99, 0x40, 0x93,
    0x32, 0x3B, 0xBB, 0x58, 0x82, 0x3C, 0x78, 0x36, 0xC7, 0x8B, 0xDD, 0xC3, 0x9E, 0x8D, 0x21, 0x57,
    0x7B, 0x44, 0x19, 0x10, 0x1E, 0x12, 0x73, 0x58, 0x9F, 0x14, 0x50, 0xB3, 0xFF, 0x29, 0x58, 0x4A,
    0xC7, 0xBF, 0x05, 0x18, 0x05, 0x83, 0xED, 0xBA, 0x9B, 0x02, 0xF8, 0x9E, 0x17, 0x86, 0x71, 0x94,
    0x0A, 0x21, 0x92, 0x2C, 0xCB, 0x9A, 0xA0, 0x5A, 0xB9, 0xCA, 0x81, 0x25, 0x47, 0x46, 0xED, 0x5C,
    0xA4, 0xAE, 0x4A, 0x84, 0x5F, 0x66, 0x89, 0x97, 0x15, 0x99, 0x97, 0x34, 0x9B, 0x61, 0x54, 0xB6,
    0xA2, 0x50, 0x95, 0x22, 0xB8, 0xA6, 0x12, 0xF7, 0xA4, 0xCA, 0xF8, 0x29, 0xCA, 0x0A, 0x85, 0x83,
    0x69, 0x72, 0x61, 0xA1, 0x9B, 0x5C, 0x39, 0x92, 0x92, 0xED, 0x30, 0xD9, 0x82, 0x6C, 0x33, 0xB2,
    0x6D, 0x92, 0x6D, 0x8B, 0x6C, 0x4B, 0xB2, 0x55, 0x5D, 0xDB, 0x53, 0x79, 0xC6, 0x4F, 0x93, 0x1D,
    0x27, 0x0B, 0x9B, 0x3E, 0x3B, 0xE8, 0xB3, 0xB5, 0x57, 0x2F, 0x8B, 0x30, 0x99, 0xD4, 0xFF, 0xF2,
    0x97, 0x6D, 0x34, 0x0E, 0xBB, 0xA8, 0xBB, 0x0E, 0xE2, 0x80, 0x72, 0xE0, 0x53, 0x12, 0x3C, 0x0A,
    0x2C, 0x8C, 0x50, 0xC4, 0x29, 0x9D, 0x10, 0xF4, 0xC9, 0xC8, 0xA4, 0xA5, 0x2F, 0xD6, 0xF5, 0xC1,
    0xB6, 0x9C, 0x52, 0xA0, 0x9F, 0xCD, 0x06, 0x75, 0x0F, 0xF0, 0x27, 0xD8, 0x0D, 0xF0, 0xCF, 0x60,
    0x5F, 0x42, 0xED, 0x92, 0x8C, 0xB9, 0x14, 0x54, 0x04, 0x2B, 0x67, 0x0C, 0xF8, 0x1D, 0x98, 0xD7,
    0x67, 0xED, 0xDB, 0xA0, 0x6A, 0xE8, 0xEE, 0xA1, 0x2E, 0xF4, 0xA9, 0x12, 0x6B, 0x0D, 0xC4, 0x18,
    0xBB, 0x89, 0x82, 0xE0, 0xCF, 0xB3, 0x92, 0x29, 0x4B, 0x59, 0x39, 0x97, 0x9C, 0x7C, 0x76, 0xE9,
    0x9A, 0x49, 0x39, 0x3C, 0x5C, 0x57, 0x35, 0xED, 0x29, 0xD5, 0x3F, 0x44, 0x44, 0xFE, 0x08, 0xF2,
    0x87, 0x3C, 0x92, 0x12, 0x1F, 0x01, 0xFB, 0x0C, 0xC2, 0x32, 0x6A, 0xD3, 0x79, 0x6C, 0xA9, 0x27,
    0xCC, 0x83, 0xB9, 0x85, 0xAA, 0x6E, 0xDF, 0xF1, 0xFD, 0xD4, 0x11, 0x4E, 0x16, 0x24, 0x5E, 0x9A,
    0x9A, 0x51, 0xD8, 0x0F, 0xCC, 0x01, 0x3A, 0x58, 0x0C, 0x21, 0x8F, 0x99, 0x8A, 0x98, 0x7A, 0xD2,
    0x44, 0xEC, 0x37, 0x61, 0xCD, 0x98, 0xFC, 0x71, 0x84, 0x36, 0xD6, 0x9B, 0x0B, 0x5C, 0x35, 0x49,
    0xBE, 0x51, 0x19, 0x79, 0xCE, 0xBC, 0x07, 0xC1, 0xCE, 0xF4, 0x03, 0x1F, 0x04, 0xE5, 0x43, 0x8F,
    0x78, 0x75, 0x70, 0xE8, 0xD6, 0xD5, 0x3D, 0x50, 0x05, 0x9F, 0x9E, 0x77, 0x64, 0xB7, 0xF1, 0x37,
    0x70, 0xC5, 0xC9, 0xD5, 0x4C, 0xD2, 0x15, 0x3F, 0xF6, 0xBB, 0xE2, 0x28, 0x90, 0x18, 0x76, 0xD9,
    0x50, 0x08, 0x4D, 0x63, 0x55, 0x29, 0x04, 0x2A, 0x2E, 0x71, 0x05, 0x5B, 0xD8, 0x31, 0x9F, 0x65,
    0x45, 0x6B, 0xB2, 0x4B, 0x4D, 0x98, 0x28, 0xF5, 0xDF, 0x9D, 0xAA, 0x4A, 0x07, 0xEB, 0x68, 0x2E,
    0x9A, 0xDB, 0xBE, 0xEA, 0xD3, 0xC4, 0x6B, 0xC8, 0xD5, 0x66, 0xA3, 0x87, 0x3C, 0x6E, 0xA2, 0xE9,
    0x8B, 0x0C, 0x74, 0x7A, 0x93, 0x3B, 0xD7, 0x44, 0x70, 0x6B, 0x0A, 0x21, 0x5D, 0x25, 0x28, 0x84,
    0xEF, 0x14, 0xD8, 0xF5, 0x4E, 0xCE, 0xFF, 0xC9, 0xE1, 0x5E, 0x92, 0x08, 0x69, 0xDA, 0x53, 0x9A,
    0xF6, 0xC2, 0xED, 0xAC, 0x79, 0x64, 0xDF, 0x5E, 0xF1, 0x1B, 0x87, 0xA2, 0xC0, 0x15, 0xC1, 0xE5,
    0x64, 0x6C, 0x2A, 0xDB, 0x07, 0xF1, 0xC3, 0xC0, 0xC4, 0x27, 0x9A, 0x32, 0xD9, 0x15, 0xE9, 0x7E,
    0x93, 0xC7, 0x66, 0xCA, 0x69, 0x02, 0x5B, 0xDB, 0xD0, 0xDA, 0x8E, 0xD6, 0x16, 0x59, 0x1C, 0x93,
    0xC7, 0x03, 0x34, 0xDA, 0xBD, 0xCB, 0xC9, 0x3B, 0xFF, 0x3E, 0xEF, 0x74, 0x96, 0x2F, 0xA3, 0xF1,
    0x2E, 0xD8, 0x71, 0xD8, 0x6D, 0xCC, 0x95, 0x78, 0x0E, 0x66, 0x1E, 0x77, 0x91, 0x52, 0x60, 0x5D,
    0x58, 0x1B, 0x85, 0x83, 0x7B, 0xB0, 0x9A, 0x1C, 0x6E, 0x9A, 0xFF, 0x5E, 0x8D, 0x3E, 0x7E, 0x28,
    0xFA, 0x0B, 0xC6, 0x3E, 0x33, 0xF8, 0xF2, 0x01, 0x7C, 0x0B, 0xE7, 0x6C, 0x9E, 0xBB, 0x01, 0x82,
    0x54, 0xCB, 0x4E, 0xAD, 0x44, 0xBD, 0x89, 0x28, 0x81, 0x48, 0x0D, 0x83, 0xFB, 0x24, 0x48, 0x4E,
    0x93, 0xE7, 0xAC, 0x47, 0x22, 0x7E, 0xDD, 0x13, 0x61, 0x39, 0x91, 0xBF, 0xA4, 0x44, 0x49, 0x3C,
    0x2B, 0xFA, 0xD2, 0x05, 0xF1, 0x2D, 0xD5, 0xCF, 0x95, 0xBD, 0xE8, 0x1F, 0x62, 0x8C, 0x41, 0x9A,
    0xBC, 0xE0, 0xFE, 0xB2, 0x6C, 0x10, 0x8F, 0xB7, 0xD7, 0xC7, 0xBC, 0x47, 0x99, 0xCE, 0x1C, 0x36,
    0x1D, 0x33, 0xA3, 0xD4, 0xD2, 0xA2, 0xE2, 0xB6, 0x0C, 0xD5, 0x85, 0x3A, 0x01, 0x72, 0x06, 0x57,
    0xCB, 0xFB, 0x89, 0xB3, 0xB6, 0x42, 0xDF, 0x66, 0x4C, 0xD9, 0x72, 0xD0, 0x74, 0x3C, 0x59, 0x65,
    0x7F, 0x97, 0xEF, 0xDD, 0xA3, 0x3C, 0x94, 0x50, 0xAC, 0x4B, 0xAB, 0xD2, 0xA6, 0x9C, 0x38, 0x44,
    0xA6, 0x1F, 0xD0, 0xF8, 0x3D, 0xA5, 0x4A, 0x93, 0x19, 0x05, 0x30, 0x4D, 0xE3, 0xB4, 0x41, 0x81,
    0xA6, 0xF8, 0x49, 0x22, 0xCD, 0x8E, 0x50, 0x51, 0xA0, 0x49, 0x47, 0xA9, 0x82, 0xA4, 0xA7, 0x15,
    0x9B, 0x0A, 0x9B, 0x4C, 0x87, 0x8C, 0x57, 0x6D, 0x2A, 0x0B, 0x53, 0x94, 0x8F, 0x92, 0x32, 0xA2,
    0x10, 0xB0, 0x6B, 0xCA, 0xB7, 0xAE, 0xE7, 0xB5, 0xCE, 0xE9, 0x3C, 0xE4, 0x07, 0x64, 0xC4, 0x6D,
    0x0A, 0xC1, 0xA5, 0x4F, 0x80, 0x8C, 0xF7, 0x46, 0xE1, 0x6C, 0xC9, 0x6E, 0x15, 0x54, 0x68, 0x9E,
    0x0B, 0x3D, 0xC9, 0xC8, 0x88, 0xA3, 0x1C, 0xAE, 0xFC, 0x31, 0x04, 0x4B, 0x68, 0x48, 0x7D, 0x79,
    0x64, 0x6E, 0x18, 0xEF, 0x2E, 0x4E, 0x9E, 0x61, 0x6A, 0xA3, 0xD9, 0x24, 0xD9, 0xA4, 0xD8, 0x24,
    0xD8, 0xA4, 0xD7, 0x24, 0xD7, 0xA4, 0xD6, 0x24, 0xD6, 0x22, 0x20, 0xA9, 0x26, 0xA5, 0xCE, 0x29,
    0x39, 0x4D, 0x4D, 0x05, 0xFE, 0x72, 0xE3, 0x70, 0xDD, 0x8D, 0x83, 0xD4, 0x17, 0x5E, 0x16, 0x16,
    0xB1, 0xCE, 0x1A, 0x25, 0x8B, 0xA0, 0xB6, 0x03, 0xCF, 0x03, 0x7B, 0x81, 0x8F, 0xD7, 0x27, 0x15,
    0x0A, 0xBF, 0x6E, 0x54, 0x61, 0x1E, 0xEC, 0x4B, 0xE0, 0xAF, 0xBE, 0xD4, 0x32, 0xD0, 0x53, 0xF8,
    0x73, 0x4F, 0x41, 0x2F, 0x52, 0x57, 0x73, 0x10, 0x4F, 0x66, 0x98, 0xB5, 0x63, 0x27, 0x66, 0xF8,
    0xAF, 0x8B, 0x2E, 0x5B, 0xA4, 0x55, 0x32, 0xF6, 0x45, 0x9A, 0x8A, 0xB4, 0xC8, 0x76, 0xAB, 0x62,
    0x82, 0x95, 0x63, 0x76, 0xBE, 0x77, 0x59, 0x7B, 0xAD, 0xFD, 0x0F, 0x0D, 0x23, 0xD2, 0xE8, 0xAE,
    0xD0, 0xDC, 0x22, 0xDD, 0x83, 0xE4, 0x37, 0xBC, 0xF0, 0x1A, 0xF6, 0x78, 0xD8, 0x97, 0x62, 0xD2,
    0x6C, 0xAE, 0xEC, 0x20, 0xF0, 0x13, 0xE9, 0x53, 0x25, 0xA2, 0x1D, 0x98, 0x82, 0x93, 0x80, 0x8F,
    0x56, 0x60, 0xD9, 0x46, 0x8E, 0xF1, 0x6A, 0xB2, 0x40, 0x4F, 0x1B, 0xD6, 0x2B, 0x7D, 0x30, 0x37,
    0x0D, 0xC3, 0x8E, 0x60, 0xBD, 0xDE, 0xCD, 0x2C, 0xEC, 0x23, 0xD4, 0x67, 0x7A, 0xCA, 0x7D, 0x1A,
    0xD9, 0xB6, 0x0E, 0xB4, 0xDB, 0x2A, 0xF4, 0x52, 0xB7, 0x8F, 0x48, 0xAF, 0x18, 0x1C, 0x37, 0xCC,
    0x10, 0x46, 0xF1, 0x9E, 0xC5, 0xDD, 0x32, 0x43, 0x3A, 0xDC, 0xE8, 0xE9, 0xDE, 0x15, 0xE0, 0x74,
    0x25, 0x18, 0x3A, 0x72, 0xC7, 0xF2, 0x1E, 0x07, 0x33, 0x30, 0xE5, 0x67, 0xD6, 0xD6, 0xF5, 0xD6,
    0xAC, 0x67, 0xE4, 0x4E, 0x35, 0x7A, 0x4E, 0x0F, 0x26, 0xEF, 0x31, 0x84, 0x0F, 0x3D, 0xCC, 0x94,
    0xED, 0x36, 0x1F, 0x5A, 0xCF, 0x4A, 0xE7, 0x2C, 0xC9, 0x1F, 0x5D, 0xCE, 0xD8, 0x08, 0xF8, 0x5B,
    0xC0, 0x99, 0xAA, 0xCB, 0x99, 0xF6, 0x6D, 0x70, 0xEB, 0x63, 0x97, 0x33, 0x7A, 0x66, 0x81, 0xEB,
    0x55, 0x91, 0x56, 0xFD, 0x7D, 0x14, 0x89, 0xAA, 0xC1, 0x63, 0xB0, 0xCF, 0x4D, 0x1A, 0x2F, 0xC0,
    0x7E, 0x1B, 0x2E, 0x97, 0x01, 0x97, 0x44, 0x3B, 0xC1, 0xF7, 0x18, 0x2B, 0x10, 0x91, 0xF7, 0x51,
    0x4F, 0x40, 0x86, 0x65, 0x58, 0x6E, 0xD6, 0xE3, 0xB8, 0x54, 0x93, 0x75, 0x9A, 0xEA, 0x7B, 0x5B,
    0x27, 0x3D, 0x27, 0x7A, 0xEE, 0xF4, 0x05, 0xA1, 0x23, 0x4B, 0x83, 0x43, 0x8F, 0x82, 0xDC, 0xDF,
    0x17, 0x55, 0xD6, 0x1E, 0xFA, 0x79, 0xE5, 0x88, 0x5E, 0x0B, 0xF7, 0xD9, 0xD9, 0x56, 0xFB, 0xA4,
    0xEA, 0x36, 0xD5, 0x06, 0x7B, 0xB5, 0x0F, 0xAC, 0x75, 0xB7, 0xF6, 0xA6, 0xEE, 0x84, 0x00, 0x76,
    0x49, 0xBC, 0x92, 0x22, 0x95, 0xF3, 0x5A, 0x7F, 0xFC, 0x2E, 0x2D, 0xA3, 0xB1, 0x48, 0x5F, 0x61,
    0x0C, 0x5C, 0xA1, 0xDC, 0x5F, 0xEA, 0x1F, 0x71, 0xA1, 0xD9, 0x69, 0xDE, 0x9F, 0x7B, 0xE3, 0x97,
    0xB5, 0x5E, 0x59, 0xED, 0x10, 0xDD, 0xA7, 0x47, 0x8D, 0x84, 0x3B, 0x98, 0x2C, 0xD7, 0xBA, 0x46,
    0x60, 0x12, 0xBA, 0x93, 0x93, 0xEE, 0xDA, 0xCC, 0xBF, 0x2E, 0xB5, 0xF2, 0x11, 0x35, 0xDB, 0x39,
    0x56, 0x80, 0x43, 0x52, 0xCB, 0x06, 0xBD, 0xC4, 0x3E, 0x63, 0x60, 0x4B, 0x98, 0x95, 0x44, 0xDD,
    0xA6, 0xDC, 0x1D, 0x43, 0x30, 0xA4, 0x44, 0xB6, 0xD4, 0xE1, 0x9F, 0xED, 0x8A, 0x8B, 0x99, 0x90,
    0x05, 0x4C, 0xE4, 0x18, 0xC1, 0x03, 0xBF, 0x5A, 0x2C, 0x8C, 0x93, 0xCE, 0xB8, 0x28, 0x02, 0x34,
    0x7D, 0x94, 0xB5, 0x8E, 0x0A, 0x29, 0x51, 0x56, 0xDE, 0xA5, 0x74, 0x4A, 0xD4, 0xDA, 0xEE, 0xE0,
    0x68, 0xBF, 0x97, 0x6B, 0x6E, 0xE8, 0xC6, 0x8E, 0x30, 0x7C, 0x9C, 0x45, 0xFF, 0x03, 0x8D, 0x56,
    0x5D, 0x68, 0x25, 0x67, 0x19, 0x7E, 0x66, 0x26, 0xC9, 0xA4, 0x73, 0x66, 0xCE, 0x39, 0x85, 0x54,
    0xB2, 0xEB, 0x24, 0x39, 0x5D, 0x72, 0x31, 0xEC, 0x4E, 0x92, 0x41, 0x46, 0x77, 0xB2, 0x4D, 0x72,
    0x3E, 0x6F, 0x0B, 0xC5, 0x54, 0x56, 0xBC, 0x10, 0xCA, 0x5E, 0x54, 0xB6, 0xD5, 0x58, 0x47, 0xBB,
    0xD6, 0x60, 0x77, 0xF7, 0xCC, 0xBA, 0x42, 0x51, 0x04, 0x83, 0xBD, 0x50, 0xA1, 0xC5, 0x73, 0xB1,
    0x60, 0xFA, 0x83, 0x7B, 0xC0, 0xBD, 0x08, 0x74, 0x6D, 0x06, 0x7A, 0x51, 0x04, 0x2F, 0x86, 0x2E,
    0xE2, 0x85, 0x42, 0x07, 0x54, 0x28, 0x5A, 0xF4, 0x80, 0x81, 0x06, 0x4D, 0x3C, 0x3E, 0xEF, 0x77,
    0xCE, 0xC9, 0x26, 0xD9, 0xAD, 0xEE, 0x7C, 0xE7, 0xF7, 0xFB, 0xDE, 0xF7, 0xFB, 0x79, 0xDE, 0xE7,
    0x7D, 0xDE, 0x0F, 0xF0, 0xF6, 0xA7, 0x9D, 0xD0, 0x09, 0xE6, 0x9A, 0xED, 0x08, 0x71, 0x7D, 0xA1,
    0x84, 0x3C, 0xF6, 0x47, 0xA8, 0xD6, 0x10, 0x54, 0x11, 0x57, 0x11, 0x79, 0x48, 0x43, 0xC4, 0x97,
    0xB1, 0xF0, 0x23, 0x3D, 0x86, 0xA5, 0xFD, 0x99, 0x8A, 0x6F, 0x87, 0x76, 0xE2, 0xC4, 0xDE, 0xE5,
    0xA5, 0x8B, 0xE2, 0xA1, 0xAC, 0x8D, 0x0A, 0xAA, 0x9C, 0xAB, 0xA6, 0x47, 0x62, 0x8E, 0xAC, 0x2F,
    0x5D, 0xEC, 0x8A, 0x75, 0xAD, 0x8B, 0x10, 0x3E, 0x5B, 0x88, 0x04, 0x9D, 0x66, 0x2E, 0x7D, 0x46,
    0xCF, 0x52, 0xB4, 0x86, 0xBB, 0x35, 0xF3, 0x6A, 0xD5, 0x3B, 0xB3, 0xDB, 0x90, 0x29, 0x60, 0xE6,
    0xB0, 0x32, 0x58, 0xAA, 0xBF, 0x78, 0xC8, 0xC5, 0xBD, 0x43, 0x8B, 0x6F, 0x02, 0x31, 0x10, 0x01,
    0x8B, 0xC0, 0x09, 0xDA, 0xAF, 0xC2, 0x28, 0x61, 0xFE, 0x4F, 0x7B, 0xBD, 0x7C, 0x19, 0xC4, 0x49,
    0x30, 0xBD, 0x65, 0x6C, 0x21, 0x52, 0xE5, 0x76, 0x26, 0x7D, 0x33, 0x25, 0xA7, 0x0A, 0x8C, 0xAD,
    0xF9, 0x5B, 0x69, 0xDA, 0x29, 0x9B, 0xBA, 0x4F, 0x3A, 0x65, 0x81, 0x79, 0x35, 0xD6, 0xCB, 0xE6,
    0x3E, 0xBD, 0x93, 0x46, 0xE8, 0x94, 0x18, 0x8C, 0xA1, 0xB2, 0x23, 0x27, 0xA8, 0x65, 0x8B, 0x48,
    0xD1, 0x41, 0xB3, 0xD0, 0x7D, 0xBB, 0x70, 0xE1, 0x9B, 0x3B, 0xC6, 0x25, 0x04, 0xF5, 0xA4, 0xD9,
    0x07, 0x8E, 0x9D, 0x34, 0xC3, 0x54, 0x6E, 0xEE, 0xEC, 0x72, 0x00, 0x01, 0xEA, 0x09, 0x06, 0x63,
    0xB0, 0xF7, 0xBD, 0x4A, 0xE2, 0x44, 0x5B, 0xE9, 0x5A, 0xE4, 0x25, 0xFE, 0xCC, 0x8E, 0xEE, 0x2C,
    0x90, 0x1B, 0x79, 0xA5, 0xB4, 0x32, 0x1E, 0x04, 0x36, 0x1C, 0xC2, 0xB2, 0x86, 0x0B, 0x0F, 0x76,
    0x40, 0xEE, 0x37, 0xC5, 0xEB, 0x05, 0x4E, 0xAA, 0xBB, 0x41, 0x0B, 0x8F, 0x05, 0xED, 0xB8, 0x99,
    0xB5, 0x5F, 0x65, 0x20, 0xE2, 0xF3, 0xDC, 0xC4, 0x64, 0x12, 0xCC, 0xE8, 0x18, 0x45, 0x5E, 0x1C,
    0x26, 0x51, 0x50, 0x4E, 0xE5, 0x35, 0xC6, 0x65, 0x1A, 0x8F, 0xE1, 0x17, 0xB8, 0x8A, 0x09, 0x8E,
    0x5C, 0xAA, 0xFA, 0xB1, 0x57, 0xDA, 0x59, 0x45, 0x4D, 0x67, 0xA7, 0xB3, 0x99, 0xFE, 0x39, 0x3C,
    0x0B, 0xBE, 0x8D, 0xD0, 0xD1, 0x04, 0xE1, 0x96, 0x8E, 0x05, 0x28, 0x85, 0xEC, 0xFF, 0x30, 0x25,
    0x2A, 0x21, 0x09, 0x11, 0xBB, 0xA9, 0x9F, 0x06, 0x1F, 0xD3, 0x2F, 0xE4, 0x88, 0xCD, 0x2E, 0x8F,
    0x4B, 0x0C, 0x0C, 0x59, 0x43, 0xC0, 0xC5, 0xDB, 0xD2, 0xCD, 0x09, 0x39, 0xA5, 0xEB, 0xFB, 0x41,
    0x1C, 0xA5, 0x4D, 0x01, 0xB9, 0xB4, 0x94, 0x45, 0x3B, 0x3D, 0x0F, 0xD8, 0xA3, 0xCC, 0xAC, 0xDF,
    0xB3, 0x50, 0xBF, 0x99, 0xF7, 0x3D, 0x03, 0x7A, 0xB2, 0x3F, 0x17, 0x5C, 0xCF, 0x60, 0x1B, 0xDB,
    0xD9, 0x74, 0xE6, 0x69, 0x1E, 0x06, 0x9C, 0x7F, 0xE8, 0xDB, 0xB7, 0x8C, 0xF5, 0x1A, 0x1D, 0xB4,
    0x19, 0x8C, 0x5D, 0x3D, 0x4E, 0x03, 0x5A, 0xD0, 0x04, 0xB5, 0x5E, 0xEE, 0xDA, 0xCA, 0xF7, 0x10,
    0xD0, 0x8A, 0xBC, 0xB9, 0x8D, 0xB4, 0x8A, 0xB4, 0x3F, 0xEC, 0xE1, 0xF4, 0x16, 0xC6, 0x36, 0x34,
    0x26, 0xAE, 0x6D, 0x66, 0xBE, 0x63, 0xA9, 0x90, 0xE0, 0x04, 0x9E, 0x8D, 0xD8, 0x77, 0x10, 0x2D,
    0x11, 0x9F, 0xDB, 0x73, 0x58, 0xF8, 0xDC, 0x6F, 0x31, 0x7C, 0x3E, 0xDE, 0x6E, 0x99, 0x76, 0x7F,
    0xA4, 0x85, 0x0F, 0xA1, 0x8D, 0x06, 0x13, 0x8D, 0x3E, 0xDE, 0x7B, 0x2D, 0xD4, 0x6A, 0xD7, 0x95,
    0x5F, 0xB3, 0x10, 0x8A, 0x8F, 0x5B, 0xD1, 0x7E, 0x69, 0xC0, 0x28, 0x27, 0xEE, 0x5D, 0x1F, 0xE3,
    0x16, 0xDF, 0xFD, 0xFD, 0xBC, 0x5F, 0xA0, 0xDB, 0x31, 0xF2, 0x8E, 0x99, 0xB7, 0x2D, 0x55, 0x58,
    0x2A, 0xB7, 0x8D, 0x9C, 0x4B, 0x3B, 0xB2, 0x6B, 0x12, 0x4C, 0x33, 0xEC, 0xDE, 0xE0, 0x08, 0xDA,
    0x8B, 0x78, 0x48, 0xF2, 0xC6, 0xCC, 0x6A, 0x96, 0x9A, 0xBE, 0x8E, 0xE0, 0x5D, 0xC4, 0x7F, 0x40,
    0xF4, 0x1D, 0xA4, 0xCB, 0x42, 0x29, 0x42, 0xB3, 0xEB, 0x79, 0x89, 0xB3, 0xF2, 0xCB, 0x6F, 0x3D,
    0x15, 0xB9, 0x49, 0x32, 0x33, 0xE4, 0xF6, 0xBF, 0x7B, 0xF0, 0x6A, 0x40, 0x42, 0x5C, 0xE2, 0xCA,
    0x26, 0x51, 0x3A, 0x2F, 0x24, 0x44, 0xB2, 0xC4, 0xD4, 0xFA, 0xC7, 0xEE, 0xF0, 0xF8, 0x46, 0x8F,
    0x14, 0xEB, 0x90, 0x30, 0xF1, 0x6C, 0x9C, 0xC6, 0x71, 0x9A, 0x46, 0x51, 0xB7, 0xB3, 0xF0, 0x73,
    0xAD, 0x0A, 0x23, 0x44, 0x47, 0x1F, 0x25, 0x80, 0xD5, 0x53, 0xD5, 0x4F, 0xE5, 0x49, 0x5A, 0x44,
    0x69, 0x91, 0xB6, 0xF3, 0xE8, 0xBD, 0x3C, 0x79, 0x57, 0xD5, 0xF6, 0x24, 0x1D, 0x4C, 0xC5, 0x8C,
    0x80, 0xA9, 0x67, 0x8B, 0x49, 0x37, 0x09, 0x5C, 0x69, 0x14, 0x76, 0x7E, 0x25, 0xD7, 0x73, 0xF8,
    0x83, 0x90, 0x1E, 0x1F, 0xB9, 0xC7, 0x9A, 0x9C, 0xC9, 0xCC, 0x92, 0x41, 0x87, 0x75, 0xC5, 0x2A,
    0x6C, 0x55, 0x21, 0x32, 0xDE, 0x21, 0x77, 0xC1, 0xDE, 0xDB, 0xA9, 0xA9, 0x29, 0x2A, 0x57, 0x3C,
    0x60, 0xA1, 0x30, 0x64, 0x07, 0xB3, 0xC2, 0xC1, 0xC2, 0x65, 0xFF, 0xDD, 0x85, 0xB0, 0x62, 0xDB,
    0x8E, 0xE7, 0xFA, 0x21, 0x49, 0x4A, 0xCF, 0xDA, 0xAE, 0xEB, 0xF9, 0xD5, 0xB9, 0xB5, 0x66, 0x19,
    0xB7, 0xD3, 0x28, 0x4D, 0x64, 0x2E, 0x1B, 0xEE, 0x14, 0xFC, 0x18, 0x0B, 0x5D, 0x2C, 0xAE, 0x31,
    0x88, 0x02, 0x67, 0x4B, 0xE0, 0xB3, 0xF7, 0xAA, 0xA4, 0x9A, 0x9D, 0xA1, 0x4B, 0x05, 0xBE, 0xD4,
    0x2C, 0x65, 0x9D, 0x2D, 0x4C, 0x02, 0xA3, 0x58, 0x91, 0xFD, 0xF6, 0x35, 0x42, 0x73, 0xFC, 0xA8,
    0x46, 0x1C, 0x19, 0xBF, 0x8F, 0x86, 0xDC, 0xF6, 0xFD, 0x30, 0x61, 0xD2, 0xB4, 0xCB, 0xAD, 0x59,
    0x18, 0x4A, 0x94, 0x89, 0x11, 0x4C, 0x0E, 0x25, 0x6A, 0x5B, 0x04, 0x88, 0x2F, 0x23, 0x97, 0x57,
    0xAB, 0x8B, 0x3F, 0x29, 0xFC, 0xAD, 0xCF, 0x3F, 0x5A, 0x1B, 0xFD, 0x65, 0x75, 0x72, 0xB5, 0x72,
    0x07, 0xE3, 0xC4, 0xDD, 0xA1, 0xFC, 0x1D, 0x4E, 0x9B, 0xF4, 0x20, 0x6D, 0x0E, 0x2B, 0xC3, 0x76,
    0x4F, 0x25, 0x53, 0x43, 0x65, 0xF8, 0xE9, 0x20, 0xF8, 0xCD, 0xAF, 0x67, 0x53, 0x2E, 0x62, 0x12,
    0x9E, 0xDC, 0xE5, 0xCB, 0x43, 0x12, 0x62, 0x48, 0x20, 0xB8, 0x0B, 0xDA, 0xD7, 0x46, 0x50, 0x11,
    0x55, 0x89, 0xE9, 0x7B, 0x09, 0x33, 0xC5, 0x60, 0xF4, 0x16, 0x3E, 0xB0, 0x36, 0x6D, 0xBF, 0xEA,
    0xFB, 0x3E, 0xB9, 0x2A, 0x9C, 0x37, 0xCA, 0x75, 0xB3, 0xDC, 0xB5, 0x2E, 0x7C, 0xE0, 0x7C, 0xF3,
    0x19, 0xF7, 0xF9, 0x20, 0x3C, 0x17, 0xC4, 0x4B, 0x7E, 0x9A, 0xF8, 0x30, 0x32, 0xD4, 0x94, 0x1C,
    0x94, 0xA7, 0x64, 0x60, 0x76, 0x60, 0xDE, 0x80, 0x1D, 0xA0, 0xCA, 0x32, 0xE4, 0x6B, 0xD8, 0xC5,
    0x3B, 0xF6, 0x82, 0xD8, 0x6F, 0xD7, 0xF2, 0x0A, 0x0F, 0x24, 0x4A, 0x20, 0xEA, 0xCC, 0x53, 0xA5,
    0x28, 0x2C, 0x26, 0x49, 0x88, 0x66, 0x57, 0x9F, 0x6D, 0x5D, 0xC2, 0x20, 0x43, 0xC2, 0xCB, 0x54,
    0x90, 0xB2, 0xBE, 0x07, 0xE7, 0x31, 0x84, 0x77, 0xD0, 0xDC, 0x87, 0x35, 0xD8, 0x5C, 0xED, 0x3F,
    0xF4, 0x48, 0x99, 0x60, 0x6A, 0x4C, 0x97, 0x16, 0x42, 0x9C, 0xFE, 0xB5, 0x78, 0x56, 0x86, 0xAC,
    0x5E, 0x26, 0x52, 0xA1, 0xBD, 0x0D, 0xE2, 0xBC, 0x25, 0x09, 0x68, 0x10, 0xC4, 0xBF, 0x33, 0xED,
    0x71, 0xEE, 0x6D, 0x8C, 0x7D, 0x96, 0x91, 0x99, 0xDE, 0xA1, 0x93, 0x20, 0xDA, 0xAD, 0x68, 0x95,
    0xEA, 0x33, 0x6B, 0x54, 0xAD, 0x74, 0x05, 0xDE, 0x36, 0x7D, 0xE7, 0x06, 0x6A, 0x25, 0x23, 0xAC,
    0x95, 0x7D, 0x46, 0xE4, 0x56, 0x2E, 0x9C, 0x91, 0x56, 0xEF, 0xF4, 0xAB, 0x92, 0x45, 0x2E, 0x85,
    0x07, 0x81, 0x91, 0xD6, 0xC1, 0x4A, 0xEE, 0x28, 0x63, 0x1F, 0xB5, 0x2F, 0x65, 0xA1, 0x99, 0xC7,
    0x28, 0x3A, 0x28, 0xCA, 0xB2, 0x28, 0xAF, 0xE5, 0xA5, 0x99, 0x77, 0x6C, 0xB5, 0x3E, 0x8D, 0x41,
    0x2D, 0x22, 0x6D, 0x3D, 0xCF, 0xF5, 0xA6, 0x6F, 0xCD, 0xAD, 0xC7, 0x7E, 0x9C, 0x08, 0x39, 0x6B,
    0x3B, 0xC1, 0x54, 0x52, 0x9D, 0x79, 0x7C, 0xB1, 0xDA, 0xF1, 0x3A, 0x49, 0xFF, 0x7A, 0xC0, 0x0C,
    0x2C, 0x44, 0x21, 0x1D, 0x01, 0x66, 0x6A, 0x44, 0x08, 0x15, 0x9D, 0x47, 0xBA, 0x86, 0xC8, 0x47,
    0x12, 0x1C, 0x4C, 0x46, 0x36, 0x28, 0x57, 0x13, 0x62, 0xFE, 0x26, 0x16, 0x9F, 0x92, 0xA0, 0x12,
    0xFA, 0x54, 0xB4, 0x8A, 0x07, 0x19, 0x39, 0xC8, 0x48, 0xE1, 0x4F, 0x21, 0x54, 0x5B, 0xE8, 0xFE,
    0x4A, 0xBD, 0xA5, 0x01, 0xAF, 0x32, 0x99, 0xAC, 0x27, 0xCC, 0x0F, 0xF1, 0xA1, 0xF5, 0x4A, 0x35,
    0x48, 0x86, 0x49, 0xB6, 0x8A, 0x63, 0x9A, 0xDD, 0x2A, 0x1E, 0xB4, 0x4E, 0x0E, 0xEB, 0xD2, 0x71,
    0xAC, 0x9F, 0x53, 0x57, 0xEF, 0x8B, 0xF5, 0x73, 0x6C, 0x1A, 0x6B, 0x9E, 0x56, 0x6E, 0x26, 0x72,
    0x35, 0x11, 0xE1, 0xB1, 0x3F, 0xEA, 0xE5, 0x55, 0x8A, 0x63, 0x58, 0x15, 0x96, 0xFA, 0x52, 0x3A,
    0xB9, 0x50, 0x81, 0xB8, 0x95, 0x61, 0xE1, 0x66, 0x6F, 0x70, 0xF2, 0x7B, 0x7C, 0x8A, 0x6A, 0xCD,
    0xA2, 0x8F, 0xC3, 0xDA, 0x1C, 0xD0, 0xA7, 0x43, 0x9F, 0x5F, 0x73, 0x77, 0xAC, 0x58, 0x9B, 0x34,
    0xD0, 0x44, 0x22, 0x4B, 0xA6, 0x6F, 0xA3, 0x5F, 0x4F, 0xFE, 0xEF, 0x9A, 0x2A, 0x0D, 0x7F, 0xDF,
    0x8D, 0x5B, 0xAF, 0xA4, 0x5C, 0xB3, 0x18, 0xA8, 0xB9, 0x88, 0x22, 0xF5, 0xBD, 0xD9, 0xEB, 0xBA,
    0x09, 0xFC, 0x04, 0xC1, 0x34, 0x62, 0x4B, 0xE2, 0x1D, 0x1B, 0xC5, 0x42, 0x4F, 0x89, 0x00, 0x54,
    0x32, 0xD3, 0x83, 0xE3, 0xA3, 0xB9, 0x07, 0x37, 0x10, 0x2D, 0x0A, 0x78, 0xE9, 0x4B, 0x11, 0x77,
    0xA4, 0xB6, 0x35, 0x87, 0x32, 0x50, 0x51, 0x52, 0x02, 0x06, 0xB3, 0xBD, 0xB7, 0xE7, 0xD6, 0x24,
    0x71, 0x02, 0xA2, 0xB4, 0x58, 0xC6, 0xCD, 0xB5, 0xF8, 0x72, 0xD8, 0x7C, 0x5F, 0x5F, 0x1B, 0x46,
    0xF9, 0x5E, 0x51, 0x1A, 0x58, 0x49, 0x34, 0xAB, 0x77, 0x33, 0xC7, 0x9D, 0x22, 0xC7, 0x3B, 0x59,
    0x6E, 0xBC, 0x43, 0x7A, 0xBE, 0x44, 0x82, 0x3E, 0x4E, 0xF5, 0x78, 0x82, 0xFA, 0xE1, 0x4A, 0x79,
    0x16, 0x69, 0x72, 0x28, 0x4D, 0x5F, 0xE3, 0x86, 0x9F, 0x3E, 0x52, 0x66, 0xBD, 0x56, 0xEE, 0x16,
    0xF0, 0x0B, 0x04, 0x5B, 0x88, 0x67, 0xB8, 0x6F, 0xB5, 0x6E, 0xE3, 0xC5, 0x7D, 0x5D, 0x32, 0x8E,
    0x54, 0x63, 0xC5, 0xDA, 0x27, 0xBB, 0xD1, 0xD5, 0xF8, 0x6C, 0x86, 0x17, 0x81, 0xD6, 0x1E, 0x26,
    0x9E, 0x54, 0x93, 0xFF, 0x54, 0x27, 0x5E, 0xC0, 0x27, 0x13, 0x78, 0x09, 0x46, 0xEA, 0x78, 0xF9,
    0xFB, 0xF8, 0xC9, 0x0F, 0xF1, 0xEA, 0x0D, 0xAC, 0x33, 0x91, 0x0B, 0x8C, 0xBD, 0xAE, 0x2A, 0x6F,
    0xA8, 0xAA, 0x25, 0x0A, 0x75, 0xF0, 0x9C, 0xDC, 0xC4, 0x0A, 0xEB, 0x79, 0x00, 0xAD, 0xCF, 0xB8,
    0x6D, 0x29, 0x7F, 0xA8, 0x5F, 0x09, 0x05, 0xC8, 0xD7, 0xF4, 0x79, 0x53, 0xAB, 0x61, 0x9F, 0x41,
    0x8D, 0x07, 0x30, 0x5B, 0x86, 0xAE, 0x9F, 0xB3, 0x34, 0x3E, 0x97, 0x47, 0xF9, 0x93, 0xD9, 0x35,
    0x75, 0x8D, 0xFF, 0x27, 0x8F, 0xFC, 0x37, 0x74, 0xCC, 0x4D, 0x22, 0x38, 0x4E, 0x3E, 0x8F, 0x4B,
    0xFC, 0x16, 0xA3, 0xD5, 0x2C, 0x13, 0xD4, 0x2D, 0x36, 0x07, 0x5F, 0xC6, 0xDD, 0xDF, 0xCF, 0xD2,
    0x62, 0x4C, 0xAE, 0x69, 0xD9, 0x59, 0x5C, 0x54, 0xDF, 0x55, 0xAF, 0xF1, 0xF7, 0x75, 0xF7, 0x07,
    0xE7, 0x7F, 0x96, 0x7E, 0xA3, 0xB8, 0x40, 0x9F, 0xF1, 0x89, 0xD1, 0x68, 0x74, 0x83, 0x42, 0xCD,
    0xF9, 0x02, 0x38, 0x9E, 0x1F, 0x39, 0xB3, 0x5E, 0xEA, 0xB7, 0xA3, 0x7C, 0xCC, 0xF3, 0x13, 0xF9,
    0xDF, 0x88, 0xA2, 0xA8, 0x31, 0x11, 0x61, 0xA2, 0xC1, 0x37, 0xBE, 0xC8, 0x59, 0xA7, 0xE4, 0x3C,
    0xB4, 0x7F, 0x01, 0x1B, 0xDC, 0xB5, 0xE4, 0xDC, 0xE8, 0xD3, 0xED, 0x51, 0x35, 0x71, 0x62, 0x63,
    0x84, 0xFF, 0x4E, 0xE1, 0x61, 0xB6, 0x53, 0x7A, 0x7F, 0x06, 0x0B, 0xC1, 0x6C, 0xAE, 0xD4, 0xB7,
    0x99, 0x0F, 0xF5, 0x28, 0xBA, 0xC0, 0x24, 0x6C, 0x66, 0xA3, 0x7E, 0xB4, 0x9A, 0xCE, 0xB2, 0xB2,
    0x88, 0xE8, 0x6C, 0xAB, 0x7A, 0xEC, 0x8E, 0x24, 0x24, 0xAE, 0x95, 0x9B, 0x07, 0xE8, 0x8E, 0x33,
    0x8F, 0xB0, 0xD4, 0x40, 0x63, 0xB6, 0xBF, 0xEE, 0x78, 0xF8, 0xCC, 0xCA, 0x64, 0x7D, 0x7C, 0x2E,
    0xA8, 0xB7, 0x80, 0x3B, 0xB8, 0x42, 0xB4, 0x1A, 0x78, 0xF3, 0x37, 0xEB, 0xB3, 0x6D, 0xDE, 0x5A,
    0x30, 0x9F, 0x9E, 0x2A, 0x46, 0xEB, 0x7E, 0xFB, 0x51, 0x35, 0x49, 0x08, 0x2B, 0x1B, 0x86, 0x7A,
    0x18, 0xF3, 0x02, 0x26, 0x9F, 0x1F, 0xAB, 0xCF, 0xEB, 0x1C, 0x4D, 0xF1, 0x67, 0x29, 0x58, 0xB3,
    0x8D, 0xA8, 0xA1, 0xB1, 0x3A, 0x41, 0x5B, 0x9B, 0x17, 0x82, 0xD3, 0xB2, 0x5A, 0xE6, 0xB0, 0x82,
    0x7F, 0x02, 0x75, 0x22, 0x7B, 0x9A, 0x78, 0x5E, 0xA0, 0xC7, 0x24, 0xA3, 0x50, 0xC7, 0x17, 0xF0,
    0x86, 0xC6, 0xF1, 0x68, 0x33, 0xF4, 0xE7, 0xF6, 0x7D, 0x7B, 0x8F, 0x8F, 0x18, 0x47, 0x6C, 0xBE,
    0xCA, 0x76, 0x6F, 0x6F, 0xBF, 0xF5, 0x90, 0x0F, 0xDA, 0x5F, 0xF0, 0x15, 0xFD, 0xFD, 0x2F, 0xFC,
    0x8E, 0x9F, 0x8A, 0xFB, 0x3A, 0xCB, 0x9B, 0xC4, 0xC9, 0xCD, 0x47, 0xCE, 0x9F, 0xBE, 0xF1, 0xC8,
    0xEA, 0x30, 0x3E, 0x8D, 0x8D, 0xCF, 0xF0, 0x52, 0x4D, 0x8C, 0x95, 0x95, 0xBB, 0x1B, 0x13, 0xE4,
    0x57, 0x45, 0x5D, 0xE2, 0xB9, 0xE5, 0x06, 0x5C, 0xA5, 0x04, 0xCC, 0x73, 0xFF, 0x58, 0x7E, 0x79,
    0x19, 0x04, 0xFB, 0x49, 0x3C, 0xCF, 0x38, 0x10, 0xA3, 0xE2, 0x51, 0x9E, 0x71, 0x79, 0xE3, 0xA5,
    0x4C, 0xB2, 0xC2, 0x39, 0xC0, 0x5B, 0xDF, 0x78, 0xF9, 0x9C, 0x23, 0xD3, 0x1A, 0xE2, 0x87, 0x33,
    0xCA, 0x50, 0xC2, 0x34, 0xB5, 0xBA, 0x7A, 0xC5, 0xB4, 0x2C, 0x5E, 0x94, 0x57, 0x1F, 0x6A, 0xE9,
    0x9C, 0x5A, 0x45, 0xFF, 0xDB, 0x54, 0x73, 0xB8, 0xFA, 0x9A, 0xCC, 0xF1, 0x5F, 0x55, 0x52, 0x31,
    0x6F, 0xD3, 0x40, 0x14, 0xFE, 0x92, 0xDA, 0x51, 0xD2, 0xA6, 0xF4, 0x82, 0x62, 0xC9, 0xA9, 0x2C,
    0xE5, 0x1A, 0x1C, 0x94, 0x86, 0x28, 0xBD, 0xA2, 0xA4, 0x8D, 0x20, 0x81, 0x97, 0x01, 0x89, 0xF1,
    0x86, 0x64, 0x63, 0xB0, 0x50, 0x05, 0x2C, 0x48, 0x96, 0xC8, 0x10, 0xA1, 0x16, 0x6E, 0x40, 0x82,
    0x31, 0xEA, 0x02, 0x63, 0xA4, 0x06, 0x09, 0x15, 0x90, 0x3A, 0x74, 0xE8, 0xC0, 0xE0, 0x85, 0x25,
    0x53, 0x7F, 0x42, 0x46, 0x46, 0x46, 0x90, 0x28, 0xE1, 0xB9, 0xE9, 0x82, 0x4F, 0x77, 0xF7, 0xF9,
    0xBD, 0xF3, 0xF7, 0xBE, 0xEF, 0x9D, 0x75, 0x98, 0xB7, 0x3D, 0x95, 0xC0, 0x9A, 0xF1, 0x23, 0xA0,
    0x1E, 0x96, 0xCE, 0x81, 0xFB, 0x51, 0x75, 0xE2, 0x68, 0xE0, 0x90, 0xEE, 0x01, 0xA1, 0x3C, 0xA2,
    0x2E, 0x44, 0xCD, 0x53, 0x00, 0xEE, 0xE2, 0x06, 0xEA, 0xB0, 0x74, 0x33, 0x3A, 0x04, 0xD1, 0x2E,
    0x6A, 0x10, 0x4A, 0x85, 0x3A, 0x87, 0x17, 0x38, 0xE2, 0x74, 0x8E, 0x9A, 0x51, 0x76, 0x94, 0x46,
    0x76, 0xF1, 0x29, 0x8A, 0x91, 0x32, 0x76, 0xB6, 0x15, 0x66, 0xBC, 0x86, 0xD2, 0xE3, 0x50, 0x5D,
    0xEE, 0xCA, 0xB5, 0x57, 0xA5, 0xF5, 0xDC, 0x83, 0x18, 0x4E, 0xE0, 0x50, 0xD5, 0x24, 0x69, 0x09,
    0x49, 0x58, 0xAB, 0x2D, 0x2D, 0x47, 0x63, 0xC0, 0xFF, 0x86, 0xFC, 0x81, 0x82, 0xB5, 0x3F, 0x10,
    0x17, 0xE9, 0xAC, 0x77, 0xA6, 0xA5, 0x0A, 0x87, 0x2E, 0x94, 0xDC, 0x8E, 0x04, 0xE1, 0xCB, 0xF7,
    0x21, 0xD4, 0x98, 0x5C, 0xCF, 0xDB, 0x73, 0x55, 0x0B, 0x96, 0x5B, 0x69, 0x48, 0x5B, 0x57, 0xCF,
    0x94, 0xCF, 0xF5, 0x30, 0x0D, 0x9E, 0x18, 0xC1, 0x94, 0xD7, 0x60, 0xA3, 0x48, 0x01, 0x3B, 0xDA,
    0x8E, 0x8A, 0x04, 0x6C, 0x19, 0xC9, 0xF8, 0x60, 0xF4, 0xD6, 0xB0, 0x3B, 0x53, 0xFD, 0xE4, 0x68,
    0x9E, 0xBD, 0x85, 0xCB, 0x4E, 0xF0, 0xDE, 0x1C, 0x8F, 0xFB, 0x7A, 0x6B, 0xFE, 0xC7, 0xE9, 0xEB,
    0x84, 0x59, 0xA1, 0x56, 0x4C, 0x05, 0x42, 0xD2, 0x60, 0x09, 0xC8, 0x00, 0x1E, 0xD0, 0xE0, 0x4E,
    0x00, 0xD1, 0x7F, 0x31, 0x2E, 0x19, 0xA8, 0x80, 0x8F, 0xFA, 0xEE, 0x9D, 0x53, 0x47, 0xAF, 0x4F,
    0x7C, 0xBF, 0x19, 0xC6, 0x94, 0xAF, 0x66, 0x6F, 0x44, 0x8E, 0x1B, 0xD5, 0xE1, 0xDC, 0xB2, 0x9B,
    0xF5, 0xC4, 0xFA, 0x55, 0xB5, 0xD8, 0xBC, 0x27, 0xE3, 0x3E, 0x3F, 0x8E, 0x82, 0x8A, 0x4C, 0x9A,
    0xDD, 0xB0, 0x20, 0x82, 0x13, 0xE9, 0xF4, 0x3E, 0x0E, 0x22, 0xA6, 0xBB, 0x3C, 0xC7, 0xEA, 0x04,
    0xED, 0x98, 0xDB, 0xAC, 0x1B, 0x9D, 0x4C, 0x9A, 0xD5, 0x87, 0xB7, 0xF8, 0x56, 0x92, 0x94, 0x60,
    0xB4, 0x31, 0x5A, 0x8E, 0x49, 0xE5, 0xC6, 0xAC, 0x20, 0x6F, 0x72, 0xF4, 0x65, 0xB4, 0xC3, 0x9E,
    0xAC, 0xB6, 0x2F, 0x9E, 0x55, 0x36, 0x03, 0xD8, 0xA2, 0x6F, 0x25, 0x40, 0x36, 0x44, 0x0F, 0x65,
    0x0D, 0x9B, 0x71, 0xA2, 0x4B, 0x0C, 0xF6, 0xDB, 0x1D, 0xD3, 0x98, 0xC1, 0x55, 0x0A, 0x05, 0x3C,
    0xA5, 0x87, 0xB1, 0xFE, 0x36, 0xEB, 0xAB, 0xB5, 0x2C, 0x9C, 0x0E, 0xB8, 0xD4, 0xF0, 0x7C, 0xF3,
    0xA4, 0x2B, 0xA4, 0x1B, 0x1B, 0x95, 0x62, 0xD8, 0xCE, 0x97, 0xCD, 0x34, 0x98, 0x06, 0x65, 0x43,
    0x3F, 0x5C, 0x08, 0x58, 0x2D, 0x54, 0x56, 0x3E, 0xCF, 0xD0, 0x8F, 0x71, 0x05, 0xB5, 0x05, 0xE6,
    0xE7, 0xF5, 0x9C, 0x97, 0xF9, 0x05, 0x2F, 0x6B, 0xBF, 0x53, 0x32, 0xF5, 0x2B, 0xF9, 0x97, 0xEA,
    0x0F, 0x7E, 0x8E, 0xE3, 0xE6, 0xA0, 0x7A, 0xFC, 0xD5, 0xE9, 0x3F, 0x62, 0x60, 0xA3, 0xC4, 0xA3,
    0x8C, 0xFC, 0x87, 0x91, 0x86, 0x90, 0x52, 0x2C, 0x02, 0x79, 0x26, 0xBB, 0x4A, 0x90, 0xD1, 0xA0,
    0x14, 0xE3, 0xEB, 0xFC, 0x26, 0x78, 0xC6, 0xF1, 0x1C, 0x1C, 0x5D, 0x92, 0x25, 0x99, 0x13, 0x79,
    0x49, 0x04, 0x5F, 0x0A, 0x49, 0xEF, 0x46, 0xFC, 0xBB, 0x65, 0xE0, 0x72, 0xF2, 0x1F, 0x9D, 0x59,
    0x6F, 0x8C, 0x1D, 0xD5, 0x75, 0xFF, 0xCD, 0xDC, 0xF5, 0x8E, 0x3D, 0xFF, 0xDE, 0xA6, 0x75, 0x55,
    0xD7, 0x9E, 0xB7, 0xCF, 0x4A, 0xA9, 0x34, 0x5D, 0xC6, 0xFB, 0xC6, 0xED, 0x2C, 0xCC, 0xDA, 0xC6,
    0x7B, 0x81, 0x48, 0x56, 0x13, 0xEA, 0x6E, 0x2B, 0x48, 0x5A, 0x41, 0x88, 0x55, 0xE5, 0x4B, 0x2D,
    0xA8, 0xC7, 0xB5, 0x29, 0x0B, 0x35, 0xEC, 0x14, 0x7F, 0x40, 0x21, 0x85, 0xAE, 0x9A, 0x0A, 0xFA,
    0xA1, 0x6A, 0x27, 0x01, 0xA9, 0xEE, 0x3A, 0x81, 0xF9, 0xB0, 0x91, 0x56, 0xC5, 0xD8, 0xD7, 0xF6,
    0x07, 0x4B, 0x24, 0xD0, 0x31, 0xD4, 0xA5, 0x42, 0x95, 0x3A, 0x09, 0xA4, 0x54, 0x25, 0x69, 0x5E,
    0xA5, 0x17, 0x65, 0x41, 0x6B, 0xBF, 0x9E, 0x7B, 0x67, 0xDE, 0xFE, 0x31, 0xF6, 0xEE, 0xD2, 0xE7,
    0x67, 0x7B, 0x77, 0xE6, 0xDE, 0x33, 0xF7, 0x9E, 0xFB, 0x3B, 0xBF, 0xF3, 0x3B, 0x67, 0x30, 0x09,
    0x84, 0xC0, 0x36, 0xD0, 0x47, 0x9F, 0x85, 0x71, 0x1F, 0x4C, 0xC0, 0x51, 0xDF, 0xD6, 0x22, 0x02,
    0xC0, 0x07, 0x22, 0xF5, 0x9D, 0xEE, 0x00, 0x77, 0x02, 0xEF, 0x6E, 0x68, 0xE4, 0xE1, 0x7F, 0xC4,
    0x8E, 0xBF, 0x86, 0x01, 0x58, 0x80, 0x3B, 0x89, 0xC6, 0x77, 0x60, 0x1B, 0xF0, 0x0C, 0xF8, 0x06,
    0x22, 0x17, 0xD1, 0x82, 0x34, 0x82, 0x4D, 0x6A, 0xF2, 0x2D, 0xD7, 0x1B, 0xB4, 0x01, 0x0F, 0xCB,
    0x06, 0x69, 0x75, 0x09, 0x8D, 0x98, 0x4E, 0xD9, 0x95, 0xD4, 0xEA, 0xDF, 0x9A, 0x58, 0xAC, 0x9F,
    0x15, 0x03, 0xC3, 0x80, 0x71, 0x55, 0x19, 0xF9, 0xA8, 0xF1, 0x07, 0x1E, 0x0D, 0x70, 0xC1, 0x0A,
    0xCC, 0xD1, 0xAD, 0x98, 0xCF, 0x9D, 0x2B, 0xE8, 0x3A, 0x2D, 0xC4, 0x24, 0xCB, 0x36, 0xDD, 0x0B,
    0xE8, 0x72, 0x44, 0x36, 0x13, 0x68, 0xDC, 0xBC, 0xE9, 0x3D, 0x6C, 0x5E, 0xF5, 0x6B, 0x86, 0x12,
    0x85, 0x26, 0x74, 0xB1, 0x83, 0xDF, 0x01, 0x8C, 0x9C, 0x02, 0xC6, 0xA6, 0x68, 0x55, 0xF4, 0xF8,
    0x8C, 0x56, 0x57, 0x3C, 0x06, 0x4D, 0xFC, 0x53, 0xA9, 0xA7, 0x65, 0xC2, 0x78, 0x91, 0x30, 0x4D,
    0xE4, 0xA6, 0x76, 0xBE, 0x38, 0xA3, 0xF7, 0xB8, 0x5A, 0x15, 0x26, 0xE9, 0x19, 0x05, 0x3D, 0xA5,
    0x80, 0xA3, 0x09, 0xB8, 0x5F, 0xFC, 0x17, 0xB4, 0x7A, 0x3D, 0x1E, 0xB0, 0xBB, 0x84, 0x4F, 0x83,
    0x23, 0x43, 0x17, 0xA1, 0x65, 0xF1, 0xA4, 0x71, 0x75, 0xB5, 0xDB, 0xEE, 0x45, 0xE3, 0x65, 0xE5,
    0x36, 0xA6, 0xDC, 0x66, 0x22, 0x22, 0xE7, 0x68, 0x5C, 0xDE, 0xB6, 0x2B, 0xC3, 0xA9, 0xC1, 0x52,
    0xD3, 0x85, 0x13, 0xC0, 0xC9, 0xD1, 0x2A, 0x10, 0x94, 0x88, 0x13, 0x44, 0xB4, 0xE8, 0x00, 0x09,
    0x0D, 0xDE, 0xAA, 0x46, 0x0E, 0x56, 0x83, 0x0F, 0x19, 0xE8, 0x98, 0xAC, 0xE3, 0x98, 0x99, 0xED,
    0x15, 0x5E, 0x58, 0x04, 0x97, 0xC5, 0x9E, 0x3F, 0x17, 0x7B, 0xF5, 0x74, 0x1F, 0xE3, 0xC7, 0x19,
    0xB4, 0x93, 0xC0, 0x35, 0x39, 0x72, 0x1B, 0x66, 0x6C, 0x5D, 0x38, 0x8C, 0x9B, 0x26, 0x0C, 0x0F,
    0x2C, 0x06, 0xCB, 0xA1, 0x17, 0x60, 0xA9, 0x5C, 0xD5, 0x22, 0x96, 0xAC, 0x65, 0x26, 0x4A, 0x07,
    0x85, 0x0D, 0xE1, 0x69, 0x22, 0xD0, 0x53, 0x9F, 0xF1, 0x88, 0xBE, 0x06, 0xA6, 0x7B, 0xD0, 0x53,
    0x30, 0x0E, 0x8D, 0x86, 0x6E, 0x01, 0x46, 0x81, 0x3D, 0xC0, 0x07, 0xD0, 0x2E, 0x81, 0x3D, 0x0D,
    0xE3, 0x34, 0x1A, 0xA7, 0x69, 0xF7, 0x34, 0x38, 0xCD, 0xF5, 0x54, 0x9F, 0xE5, 0x4B, 0x27, 0x4F,
    0x48, 0x19, 0x26, 0x28, 0x39, 0xF0, 0x1D, 0xB9, 0xD9, 0xE8, 0x04, 0xA6, 0x4B, 0xE8, 0xA7, 0x60,
    0x7C, 0x05, 0x26, 0x4B, 0x69, 0x49, 0x8E, 0x85, 0xD6, 0x82, 0x1A, 0x60, 0x29, 0x87, 0xEC, 0xC2,
    0x74, 0x77, 0x03, 0xD8, 0x31, 0x67, 0xC9, 0xF6, 0xFD, 0x74, 0x8B, 0x36, 0x10, 0xB8, 0x50, 0x8E,
    0x0C, 0x69, 0x68, 0x42, 0x63, 0x4B, 0x9F, 0x4E, 0x2F, 0x86, 0x91, 0x46, 0x68, 0xF7, 0xAE, 0xD2,
    0x24, 0x87, 0x66, 0x79, 0x18, 0xC2, 0xC0, 0xFA, 0x28, 0xD7, 0x79, 0x7A, 0x48, 0x3B, 0x2F, 0x0A,
    0xBC, 0x75, 0x91, 0xE3, 0xC5, 0xE7, 0x80, 0xDB, 0x09, 0x16, 0x13, 0x14, 0x27, 0x1F, 0x44, 0x60,
    0xCF, 0xF8, 0xB0, 0x1C, 0x42, 0x91, 0xE3, 0xE0, 0x38, 0x21, 0x5F, 0xFF, 0x08, 0x3A, 0x2D, 0x81,
    0x29, 0xC7, 0x98, 0x60, 0x0B, 0xCA, 0xA6, 0x3C, 0x67, 0x0C, 0xED, 0xC2, 0x44, 0x77, 0x43, 0x87,
    0x84, 0x9D, 0x29, 0x26, 0xD2, 0x8D, 0x8C, 0x5C, 0x1F, 0x1C, 0x04, 0xE3, 0xB1, 0x87, 0x90, 0xF8,
    0xC8, 0x22, 0x14, 0xA1, 0x26, 0x12, 0x3D, 0xCD, 0x19, 0xCF, 0x18, 0x0A, 0x17, 0xE2, 0x0C, 0x01,
    0x95, 0x9E, 0x92, 0x0E, 0x72, 0x43, 0x34, 0xB8, 0x29, 0x6E, 0x85, 0x23, 0x6E, 0x87, 0x2D, 0xDE,
    0x85, 0x77, 0xF9, 0x4D, 0xF8, 0xDF, 0xF8, 0x6D, 0xF8, 0xFF, 0x60, 0x23, 0x7A, 0xD8, 0x43, 0x38,
    0xE5, 0x23, 0xA1, 0x50, 0xD0, 0xB1, 0xD3, 0x40, 0x62, 0x22, 0x73, 0x14, 0x2A, 0x5A, 0x3D, 0x11,
    0x68, 0xC2, 0xD7, 0x53, 0x82, 0x44, 0xC8, 0x90, 0x10, 0x68, 0xCF, 0x82, 0xFD, 0x6B, 0xD1, 0x40,
    0xEE, 0x21, 0xA1, 0x15, 0xC4, 0x32, 0x7E, 0xE4, 0xA3, 0x63, 0x5D, 0x34, 0x2D, 0x5E, 0x47, 0xF0,
    0x6C, 0x66, 0xDC, 0xD7, 0xF9, 0x04, 0xAE, 0x96, 0x8D, 0xE8, 0x2F, 0xC1, 0x38, 0x42, 0x60, 0xE0,
    0x04, 0x06, 0x0A, 0x8D, 0xE6, 0xC3, 0x68, 0xBF, 0xBF, 0x16, 0x4F, 0xC4, 0xB8, 0x01, 0x4F, 0x8C,
    0xCC, 0xFE, 0xF2, 0x15, 0x96, 0x32, 0xCE, 0xEA, 0xD8, 0x77, 0x20, 0x59, 0x63, 0x23, 0xB8, 0x97,
    0xB1, 0xF7, 0x15, 0x6E, 0xFC, 0xB4, 0xEB, 0x3A, 0x5E, 0x60, 0x3B, 0x91, 0xE7, 0x44, 0xBE, 0x17,
    0x47, 0x71, 0xE3, 0xF1, 0x52, 0xFF, 0x98, 0x23, 0xAF, 0x0F, 0x91, 0xDD, 0x29, 0x34, 0x42, 0xC4,
    0x9B, 0xC0, 0x19, 0xD0, 0x45, 0xAD, 0x0B, 0xF6, 0x00, 0x5C, 0x5B, 0x62, 0x4F, 0xEE, 0xE1, 0x46,
    0xC1, 0x13, 0x2F, 0x07, 0x0F, 0xB1, 0x92, 0x80, 0xF4, 0x3F, 0xDF, 0xA6, 0x23, 0x66, 0xA0, 0x8B,
    0xA1, 0x89, 0xC4, 0x45, 0xDC, 0x94, 0x18, 0x94, 0x3B, 0xEB, 0xEF, 0x98, 0x4E, 0x79, 0xA7, 0x41,
    0x47, 0x67, 0xEA, 0x22, 0x71, 0x58, 0x9A, 0xD9, 0x44, 0x40, 0x44, 0x17, 0x22, 0xA0, 0x8B, 0x3E,
    0x5D, 0x8C, 0x1C, 0x3A, 0x00, 0xDA, 0xD2, 0x74, 0xAF, 0xD7, 0x1F, 0x1B, 0x5E, 0x37, 0xB6, 0x58,
    0x1A, 0xEB, 0xAA, 0xB1, 0x29, 0x8D, 0x2D, 0x69, 0x1B, 0xB4, 0x0A, 0x48, 0x0C, 0xF0, 0xC3, 0x7C,
    0x07, 0x6D, 0xDB, 0x42, 0x63, 0xC6, 0x3D, 0x63, 0xBB, 0x9E, 0xE9, 0xBB, 0x71, 0x30, 0x51, 0xEA,
    0x18, 0x24, 0xE7, 0x91, 0xF7, 0xC8, 0x7D, 0xEE, 0x8C, 0x37, 0x3C, 0xEF, 0x05, 0x4D, 0xDF, 0x77,
    0xA2, 0xC8, 0x0B, 0xA3, 0xA9, 0x64, 0xBA, 0xC8, 0xFB, 0xC4, 0xEA, 0xCE, 0x0C, 0x9F, 0x09, 0x1C,
    0xBA, 0x63, 0x47, 0x53, 0xD3, 0xA5, 0xD5, 0xC5, 0x96, 0x07, 0x95, 0x1B, 0x29, 0x0A, 0x18, 0xB7,
    0x7A, 0xBC, 0x66, 0xBB, 0x26, 0xF8, 0x14, 0x24, 0x59, 0x4B, 0x07, 0x9E, 0x85, 0x61, 0xBC, 0x20,
    0x08, 0xBC, 0x05, 0x05, 0x50, 0xE6, 0xC4, 0xC8, 0x5A, 0x5D, 0x94, 0x41, 0x88, 0xC2, 0x27, 0xA0,
    0x46, 0x44, 0x1C, 0xE1, 0xAE, 0x06, 0x12, 0xAB, 0x4A, 0x23, 0x18, 0x99, 0xD1, 0x7E, 0x54, 0x30,
    0x2E, 0x88, 0x4C, 0x89, 0x53, 0xB5, 0x0F, 0x53, 0x7C, 0xC8, 0xD9, 0x49, 0x58, 0x86, 0x0C, 0x78,
    0x4A, 0x37, 0xF2, 0xDC, 0x7E, 0x8E, 0x66, 0x03, 0xB1, 0x8B, 0xD0, 0x41, 0x62, 0x4B, 0x00, 0x46,
    0x67, 0xD0, 0x3E, 0xA5, 0xA6, 0x13, 0x4B, 0x9D, 0xE3, 0x74, 0xCA, 0x34, 0xD0, 0x7B, 0x09, 0xA3,
    0x0F, 0x63, 0x9F, 0x29, 0xC9, 0x25, 0x74, 0x25, 0x47, 0x44, 0x31, 0x5A, 0x65, 0x7D, 0xF6, 0x0B,
    0x4D, 0x3B, 0xB6, 0xF7, 0xCC, 0x3D, 0x3E, 0x97, 0x04, 0x51, 0x5C, 0x5D, 0x6D, 0x75, 0xE8, 0x20,
    0x8E, 0x1B, 0xC5, 0x1D, 0x74, 0xCC, 0x39, 0x26, 0x68, 0xFD, 0xDA, 0x0C, 0x06, 0xCF, 0xC8, 0xA8,
    0xA6, 0x8D, 0xE9, 0x2F, 0xC0, 0x3D, 0x02, 0xBF, 0xA1, 0xCE, 0xCF, 0x91, 0x74, 0x13, 0x1D, 0x97,
    0xA1, 0xD8, 0x37, 0xE7, 0xC5, 0xC1, 0x9E, 0xCE, 0x63, 0x9C, 0xA2, 0x72, 0x88, 0x0C, 0xA9, 0x8F,
    0x75, 0xFE, 0x42, 0x07, 0x6F, 0x3D, 0x0D, 0x7C, 0xEB, 0x59, 0xE0, 0xD5, 0x6F, 0x03, 0x1F, 0x7E,
    0x9B, 0x78, 0x93, 0xE0, 0xF8, 0x8C, 0x8D, 0xFD, 0x8E, 0x25, 0xAA, 0x51, 0xED, 0x92, 0xB0, 0x9E,
    0x98, 0xC5, 0x60, 0x81, 0x8C, 0x17, 0xBD, 0x54, 0x5D, 0xB4, 0x99, 0xCC, 0xB0, 0x81, 0x89, 0x98,
    0xA8, 0xD3, 0x96, 0x61, 0x4E, 0x04, 0x5A, 0xEF, 0x91, 0xBC, 0xFA, 0x0C, 0xB0, 0xB0, 0xFE, 0x30,
    0xC7, 0x85, 0xE7, 0xC3, 0xCB, 0xD1, 0x16, 0xD8, 0x23, 0x10, 0x16, 0x48, 0x68, 0x67, 0x91, 0xBA,
    0xD7, 0x13, 0xDA, 0x05, 0xA1, 0x3F, 0x95, 0xB2, 0xBB, 0x39, 0x63, 0xD2, 0xBD, 0x8E, 0x89, 0x79,
    0xB7, 0x9E, 0xD8, 0xC0, 0x54, 0x0B, 0xDD, 0x1D, 0x77, 0xCD, 0x8D, 0x1C, 0x08, 0xC7, 0x9E, 0x4D,
    0x76, 0xFF, 0x5B, 0x96, 0x74, 0x8A, 0xAC, 0x94, 0x0B, 0x76, 0xD4, 0x13, 0x3D, 0x13, 0xA3, 0xDF,
    0xC1, 0xF8, 0x97, 0x11, 0x2A, 0x02, 0xC8, 0xFD, 0xCA, 0x07, 0x4E, 0x6C, 0x86, 0x66, 0xE2, 0x26,
    0x76, 0x5C, 0xBB, 0xD4, 0x59, 0x6C, 0x49, 0x94, 0x11, 0x60, 0x42, 0x2F, 0x09, 0x72, 0x0A, 0x5C,
    0xB0, 0x69, 0x6E, 0x5C, 0x10, 0x84, 0x53, 0x4B, 0x13, 0x84, 0x52, 0x02, 0x74, 0xAB, 0x81, 0x91,
    0xC5, 0x3A, 0xBA, 0x29, 0xF0, 0x77, 0xD6, 0x0E, 0xA5, 0x2B, 0x32, 0x5F, 0x93, 0x43, 0x97, 0x4E,
    0xCD, 0x59, 0x3C, 0x8B, 0xE1, 0xC6, 0xD3, 0xF0, 0x1A, 0x94, 0x46, 0x1D, 0xCA, 0xA3, 0x84, 0x89,
    0xD0, 0xA3, 0x40, 0xA4, 0x1C, 0x93, 0x47, 0x2A, 0x91, 0x32, 0x94, 0x14, 0xB1, 0xEC, 0x24, 0xD7,
    0x9F, 0x86, 0xF6, 0x06, 0xB4, 0x7F, 0x07, 0x88, 0x8E, 0x3B, 0x12, 0xFF, 0x94, 0xC7, 0xDA, 0x95,
    0x44, 0x19, 0x50, 0x81, 0xA7, 0x62, 0x8F, 0xF5, 0xD0, 0xBC, 0x4D, 0xC4, 0x49, 0x11, 0xE6, 0x45,
    0x92, 0x15, 0xC9, 0x65, 0x31, 0x7E, 0x89, 0x5B, 0x8B, 0x2A, 0xE9, 0x29, 0x7A, 0xD7, 0xD5, 0x93,
    0x5D, 0x4B, 0xF1, 0xC8, 0x1C, 0xB4, 0x42, 0x0A, 0x12, 0x33, 0x07, 0x21, 0x38, 0xF1, 0x6F, 0x7E,
    0x06, 0x7F, 0x09, 0x99, 0x6C, 0x6A, 0x87, 0x26, 0x5E, 0xEE, 0x67, 0x51, 0xD9, 0x99, 0x96, 0xC0,
    0x2A, 0x55, 0x38, 0x92, 0x18, 0x60, 0xA9, 0x47, 0xE4, 0x17, 0x90, 0x47, 0x63, 0x5B, 0xEE, 0x85,
    0x60, 0xBA, 0x8F, 0x4C, 0x9C, 0xD9, 0x85, 0xF6, 0xEF, 0x7C, 0x1F, 0xFD, 0xCF, 0xDA, 0xE3, 0xFE,
    0x99, 0xCB, 0x2D, 0xAB, 0x20, 0xAC, 0x3E, 0x13, 0x32, 0x14, 0xE5, 0xAF, 0x44, 0x8F, 0xA6, 0x01,
    0x97, 0xCE, 0xD6, 0x02, 0x5B, 0xEC, 0x23, 0x02, 0x31, 0xE1, 0x96, 0x88, 0xBE, 0xDD, 0x49, 0xA2,
    0x38, 0x8B, 0x82, 0x22, 0x8E, 0x45, 0xEB, 0x07, 0x15, 0x12, 0x2B, 0xD9, 0x34, 0xD1, 0x89, 0x82,
    0xD0, 0xEB, 0x1F, 0x60, 0xBB, 0x90, 0x07, 0xB0, 0x7D, 0x6E, 0x53, 0x4E, 0xFF, 0x17, 0xE7, 0x2A,
    0x70, 0x3A, 0x56, 0xC7, 0xF6, 0x7D, 0x2F, 0xF4, 0x46, 0x3B, 0xDE, 0x78, 0x19, 0x44, 0x59, 0x94,
    0x24, 0x79, 0xD2, 0xAE, 0xF1, 0xAC, 0xF7, 0x14, 0x9C, 0x2C, 0x58, 0x07, 0xC1, 0xAE, 0xC2, 0xB0,
    0x41, 0x81, 0x1F, 0x93, 0xAB, 0x38, 0x6D, 0x7C, 0xE7, 0x8D, 0x62, 0x45, 0xBF, 0x47, 0xDF, 0x7C,
    0xA3, 0xEB, 0x1A, 0xED, 0xA3, 0xDD, 0xA5, 0xB4, 0x77, 0xA6, 0xF1, 0x77, 0x4D, 0x33, 0x30, 0x63,
    0xC2, 0x51, 0xE2, 0x91, 0xD7, 0x49, 0xCB, 0xE9, 0x1D, 0x3A, 0xA1, 0xAD, 0xB4, 0xA8, 0xF4, 0x46,
    0x81, 0xDB, 0x07, 0xD0, 0xFE, 0x99, 0x47, 0xF8, 0x32, 0x80, 0x5A, 0x9D, 0x78, 0x28, 0xA6, 0xD4,
    0xC1, 0x04, 0x8A, 0x3B, 0xEB, 0x48, 0x33, 0x94, 0xB0, 0xA9, 0x34, 0xA3, 0x4F, 0x23, 0x23, 0x05,
    0x39, 0xE2, 0xB0, 0x74, 0x13, 0x47, 0x9D, 0x4D, 0xFC, 0x5A, 0x3A, 0xAA, 0x94, 0x90, 0x90, 0x04,
    0x24, 0x34, 0x69, 0xF4, 0x47, 0xAF, 0xF3, 0x8E, 0x45, 0xE7, 0xEC, 0x50, 0x7A, 0xC8, 0x50, 0x87,
    0x16, 0xB4, 0x0B, 0x29, 0xF4, 0x93, 0x74, 0x14, 0x77, 0x5F, 0x03, 0x33, 0x0C, 0x6E, 0x19, 0x94,
    0xE5, 0x0C, 0x03, 0xF3, 0xFA, 0xD5, 0xFE, 0x41, 0x91, 0x83, 0xE8, 0x24, 0x3D, 0x87, 0x94, 0x4A,
    0x37, 0x0E, 0xC8, 0xE5, 0x4E, 0xE2, 0x79, 0xB9, 0xD5, 0xC5, 0x8A, 0x7D, 0xBF, 0xD6, 0x38, 0xD8,
    0xB4, 0x02, 0x33, 0xEA, 0xEF, 0x7B, 0x93, 0x02, 0x6D, 0xB8, 0x66, 0x6C, 0xD3, 0xAA, 0xB3, 0x3A,
    0x88, 0xD6, 0x66, 0x07, 0x1C, 0x15, 0x32, 0x1E, 0x36, 0x18, 0x32, 0x37, 0xB7, 0xA6, 0x29, 0xF4,
    0x11, 0xD8, 0x77, 0x0E, 0xE2, 0x10, 0x89, 0x86, 0x92, 0xB2, 0x9B, 0x48, 0x5C, 0xCA, 0x64, 0xA3,
    0x2C, 0x4D, 0xF6, 0x93, 0x90, 0x38, 0x6D, 0x62, 0xF7, 0xF7, 0x3C, 0xDC, 0x7E, 0x20, 0xC6, 0x04,
    0xEB, 0xA0, 0xC9, 0x44, 0x7F, 0x09, 0x45, 0xE8, 0x15, 0x89, 0x5F, 0x24, 0x51, 0x91, 0x27, 0x97,
    0x3B, 0xC5, 0x8B, 0xBB, 0xC5, 0x13, 0x7B, 0x11, 0xEF, 0xA2, 0x8D, 0xBA, 0xE8, 0x75, 0x24, 0x1C,
    0xDB, 0x9D, 0x68, 0x9F, 0xE2, 0x8E, 0xB9, 0xDE, 0x8C, 0xDC, 0xF6, 0x55, 0xB4, 0xBE, 0x80, 0xA6,
    0x85, 0xA0, 0xF1, 0x52, 0xEC, 0x7E, 0x39, 0xB2, 0xCD, 0xC4, 0x71, 0x72, 0x63, 0x41, 0xA5, 0x9A,
    0x23, 0xA9, 0xA1, 0xFF, 0x28, 0x35, 0x0D, 0x0E, 0x97, 0x02, 0xCF, 0x69, 0x12, 0x91, 0x91, 0x0A,
    0x24, 0x37, 0xC1, 0x97, 0x49, 0x96, 0x24, 0x84, 0x4C, 0x20, 0x89, 0x71, 0x6D, 0xF9, 0x0C, 0xBA,
    0x76, 0x00, 0x2F, 0xC2, 0xE8, 0xC7, 0xE9, 0xF8, 0xCF, 0x78, 0x94, 0x91, 0xFA, 0x41, 0xD2, 0x56,
    0x00, 0x22, 0xAD, 0xDB, 0x02, 0xF6, 0x02, 0xC7, 0x80, 0xB7, 0x39, 0xE9, 0x7F, 0x76, 0x5B, 0xEA,
    0xEE, 0x16, 0xDE, 0x51, 0x11, 0x1D, 0x12, 0x79, 0xA6, 0xC6, 0x9C, 0x00, 0x7E, 0x0C, 0xED, 0xFB,
    0x60, 0x3F, 0x81, 0xF9, 0x13, 0xD8, 0xEF, 0x22, 0xBE, 0x84, 0xA3, 0x97, 0x2A, 0xF9, 0x34, 0x67,
    0x6A, 0xFF, 0xE5, 0xB2, 0x07, 0x1C, 0xCB, 0x6B, 0xF4, 0x16, 0x3D, 0xFF, 0x0D, 0x7F, 0xF7, 0x1B,
    0xD1, 0x0F, 0x9F, 0x19, 0xBB, 0xF8, 0x85, 0x63, 0x77, 0xCB, 0x60, 0x75, 0x8C, 0xD4, 0x76, 0x85,
    0x17, 0x88, 0xD1, 0xB3, 0x62, 0xFC, 0x7F, 0x8A, 0xB1, 0x37, 0xB2, 0x63, 0xF7, 0x64, 0x8F, 0x7A,
    0x89, 0x36, 0x7B, 0x4A, 0xBB, 0x72, 0x02, 0x45, 0x2E, 0x8F, 0x67, 0x2F, 0x05, 0x93, 0x30, 0x82,
    0xD2, 0xF1, 0x73, 0x2F, 0x4A, 0xA2, 0x30, 0xA1, 0x8F, 0x3C, 0xB0, 0x5E, 0xC9, 0x9E, 0x4A, 0xF1,
    0x3A, 0x08, 0x4D, 0xEE, 0xA3, 0xDC, 0xFB, 0x56, 0x1A, 0x7D, 0x53, 0xE4, 0x97, 0x85, 0x6E, 0x92,
    0xE4, 0xB2, 0xBE, 0x58, 0x9A, 0x4C, 0x4F, 0x5D, 0xFD, 0xEB, 0x54, 0xA1, 0xFC, 0x98, 0x3C, 0xD0,
    0x83, 0x17, 0xBC, 0xC7, 0xFD, 0xF0, 0xAD, 0x34, 0xCA, 0x2E, 0xA4, 0xD1, 0xE5, 0x0B, 0xE9, 0x9F,
    0x5C, 0x78, 0x4A, 0x51, 0xF9, 0xC4, 0x35, 0xDB, 0x0F, 0x3C, 0x3B, 0x1F, 0x7D, 0xA5, 0x1C, 0xFF,
    0x60, 0x6A, 0xEC, 0x92, 0x77, 0xEC, 0xF3, 0xDE, 0xA3, 0x8E, 0x8D, 0xDF, 0x4B, 0x49, 0xE3, 0x6B,
    0x24, 0xF1, 0x5E, 0x20, 0x14, 0x2B, 0x10, 0x58, 0x4A, 0xE3, 0x5A, 0x8A, 0x6B, 0x0C, 0xA9, 0xBE,
    0x76, 0x2C, 0xE0, 0x11, 0xE0, 0x91, 0x49, 0xB4, 0x55, 0x1E, 0xD2, 0x0F, 0xA2, 0x6B, 0x2C, 0xCA,
    0x30, 0xD2, 0xBB, 0xDA, 0x14, 0x81, 0x34, 0xDE, 0x51, 0xCE, 0xE1, 0xBB, 0x93, 0x23, 0xD9, 0xE6,
    0xCD, 0x9B, 0x03, 0xCF, 0xA3, 0xC7, 0x44, 0xB1, 0x1F, 0xD1, 0x27, 0x4C, 0xF6, 0x1D, 0x2D, 0x1A,
    0x24, 0x15, 0x4A, 0x29, 0x4B, 0xA4, 0x32, 0x1A, 0x58, 0x16, 0xFB, 0x8E, 0x9F, 0xD0, 0x3E, 0x83,
    0x28, 0xF1, 0x43, 0xE2, 0x94, 0x82, 0x76, 0xB5, 0xEF, 0x1D, 0x4E, 0xA5, 0x94, 0xA6, 0x34, 0x14,
    0xAD, 0x83, 0xC8, 0x58, 0xBB, 0x8A, 0xC6, 0xFD, 0x69, 0x40, 0x1A, 0x47, 0x3A, 0xA9, 0xE8, 0xF5,
    0x8A, 0x52, 0x13, 0xA5, 0x2E, 0x72, 0x83, 0x4F, 0x0D, 0xA3, 0xD5, 0xED, 0x27, 0x64, 0x87, 0x92,
    0xD1, 0xFE, 0x97, 0x1F, 0x79, 0x30, 0xAC, 0x93, 0xD1, 0x21, 0x92, 0x4A, 0x54, 0x98, 0x79, 0x52,
    0xAD, 0x86, 0x21, 0xC2, 0x0C, 0x91, 0xC0, 0x6D, 0x29, 0x6E, 0x55, 0x35, 0x4D, 0x20, 0x27, 0x85,
    0x8D, 0x30, 0x26, 0x37, 0x97, 0x63, 0x62, 0x24, 0x6D, 0xD3, 0x26, 0x87, 0x38, 0x82, 0x02, 0x5B,
    0x54, 0x2C, 0xAD, 0x3B, 0xFD, 0x33, 0x7C, 0x4C, 0xD8, 0x33, 0x9F, 0x34, 0xA2, 0xC9, 0x88, 0xA7,
    0x15, 0xD3, 0x20, 0xF2, 0x25, 0x31, 0xC9, 0x3B, 0x10, 0x39, 0xDE, 0xA6, 0x0A, 0x13, 0x6F, 0x53,
    0xE4, 0x69, 0x17, 0x0F, 0xA2, 0xD4, 0x2F, 0x3E, 0x80, 0xDC, 0xB8, 0x6B, 0x1E, 0x53, 0xC3, 0x5A,
    0x87, 0xF6, 0xA0, 0x49, 0x74, 0x29, 0xD5, 0xCE, 0x64, 0xD9, 0xF9, 0xC7, 0x72, 0x01, 0x5F, 0x45,
    0x7F, 0x67, 0xB1, 0x45, 0x4A, 0x8D, 0x32, 0x5E, 0x6C, 0x7A, 0x14, 0x83, 0xA6, 0x47, 0xD4, 0xE4,
    0xDA, 0x19, 0x09, 0x1C, 0x47, 0x20, 0x8E, 0x1B, 0x29, 0xB1, 0x9D, 0xA5, 0x72, 0x96, 0xFC, 0xC7,
    0x93, 0xA7, 0x33, 0xA7, 0xF4, 0x3F, 0x64, 0x11, 0x29, 0xDD, 0xF7, 0x6A, 0x1A, 0x68, 0x45, 0x84,
    0x92, 0x72, 0x51, 0x29, 0xBF, 0xD2, 0x83, 0x39, 0x4B, 0xF7, 0xFC, 0xBD, 0x2C, 0xC8, 0x28, 0xEB,
    0x11, 0x81, 0xD0, 0x61, 0x36, 0x1F, 0x44, 0x4C, 0x6A, 0x95, 0xE2, 0xD7, 0x92, 0xFA, 0x69, 0xFC,
    0x21, 0xC9, 0xB3, 0x3A, 0x57, 0x65, 0x2B, 0x5C, 0x3A, 0x76, 0xFD, 0x73, 0xF4, 0x73, 0xAA, 0x34,
    0x97, 0xDE, 0x7D, 0x12, 0x8D, 0xAF, 0xBE, 0x90, 0x06, 0x90, 0xE7, 0x42, 0xD6, 0xE8, 0xFF, 0x8C,
    0x1E, 0x59, 0x7A, 0x8C, 0x97, 0x81, 0x81, 0x92, 0xD4, 0xDA, 0xDC, 0x14, 0x45, 0xF3, 0x7F, 0x74,
    0x96, 0x12, 0x1B, 0x85, 0xD9, 0x67, 0x0F, 0x49, 0x40, 0x6D, 0x52, 0xDB, 0xFA, 0xDF, 0x05, 0x22,
    0xDB, 0x18, 0x4E, 0x04, 0x3B, 0x8C, 0x49, 0x78, 0x06, 0xF1, 0xF1, 0xA4, 0xF5, 0x53, 0x15, 0x66,
    0xBF, 0x74, 0x2F, 0x55, 0x63, 0xD5, 0xFE, 0x3F, 0x2D, 0xC7, 0x68, 0xB3, 0xA9, 0x36, 0x90, 0xAE,
    0xC1, 0x34, 0x04, 0x73, 0xEB, 0x79, 0x79, 0x7E, 0x91, 0x54, 0xF7, 0x12, 0x95, 0xD5, 0x97, 0x7E,
    0xA6, 0xFA, 0xAF, 0x25, 0xEA, 0x00, 0xE8, 0x0B, 0x01, 0x63, 0xD1, 0x5D, 0xEA, 0x24, 0x90, 0x9A,
    0x14, 0xBA, 0x4A, 0x02, 0x7A, 0x9D, 0x5C, 0xD9, 0xDF, 0x02, 0xF3, 0x24, 0xF5, 0xB0, 0xF3, 0x3C,
    0x5A, 0x29, 0x8C, 0x12, 0xCE, 0xCE, 0xAA, 0xBE, 0x07, 0x26, 0x7B, 0x05, 0xC7, 0x0E, 0xF1, 0xD2,
    0xE4, 0xD6, 0x70, 0xEB, 0x64, 0x92, 0x4A, 0xDD, 0xB7, 0x73, 0xAB, 0xE2, 0x6A, 0xE8, 0xBF, 0x5F,
    0xBB, 0xC4, 0x2A, 0xF0, 0x1A, 0x06, 0x86, 0x64, 0x6B, 0x66, 0xE9, 0xB3, 0x9F, 0x2E, 0x8B, 0xBB,
    0x80, 0xCD, 0x93, 0xCB, 0xD7, 0xE8, 0x14, 0xB6, 0x62, 0x4B, 0x86, 0xE7, 0xEB, 0xDF, 0x35, 0x95,
    0x35, 0x06, 0xE4, 0x8F, 0x43, 0x0A, 0xC8, 0xF2, 0x9F, 0x4C, 0x8E, 0x9B, 0x19, 0x90, 0x34, 0x4E,
    0x3B, 0x99, 0xC1, 0x8A, 0xF9, 0x18, 0x97, 0xE8, 0x20, 0xCA, 0x1E, 0x14, 0x58, 0xF9, 0x19, 0x82,
    0x26, 0xC5, 0xA8, 0xCE, 0x95, 0xB2, 0xC9, 0x06, 0xEA, 0xB2, 0x41, 0x7D, 0x66, 0x32, 0x3C, 0x2E,
    0xE8, 0xAC, 0x74, 0xDC, 0x62, 0xA0, 0x6B, 0xEA, 0x1D, 0xC7, 0x48, 0x6C, 0x3B, 0xB3, 0xA3, 0xC2,
    0x2B, 0x8B, 0x11, 0x21, 0xF6, 0x6A, 0xE2, 0x0E, 0x3D, 0x9D, 0x62, 0x65, 0x9D, 0x37, 0x18, 0x34,
    0x0D, 0xEC, 0x40, 0x85, 0xFF, 0x5A, 0x36, 0x52, 0xF2, 0xF0, 0x5D, 0x59, 0xB1, 0xD7, 0xC9, 0xE3,
    0x15, 0x15, 0xFA, 0x9E, 0xCC, 0x30, 0x3A, 0xAC, 0xC9, 0x76, 0x29, 0xF3, 0x68, 0x63, 0xC1, 0x6B,
    0x92, 0x62, 0x74, 0xA2, 0x13, 0xD3, 0xA5, 0xCC, 0x84, 0xAD, 0x99, 0x61, 0x5E, 0x49, 0x93, 0xD1,
    0x6C, 0x7C, 0x2A, 0xF4, 0x2A, 0xB9, 0x5E, 0x75, 0x12, 0x2C, 0xC6, 0x5D, 0xCA, 0xAC, 0xBF, 0xCA,
    0x9D, 0x27, 0x65, 0x39, 0xE5, 0x6F, 0xAE, 0x2B, 0xC4, 0x44, 0x2D, 0x99, 0xA4, 0x26, 0xEB, 0x4B,
    0x4D, 0x2A, 0x9E, 0x9C, 0x5F, 0xE4, 0xC3, 0x13, 0x68, 0x2E, 0xAA, 0x8E, 0xC4, 0x92, 0xD4, 0x54,
    0x87, 0xAB, 0x9F, 0xAE, 0xBB, 0x03, 0xEE, 0x8A, 0xCE, 0xC3, 0x52, 0x77, 0x20, 0x51, 0x92, 0x91,
    0x64, 0x47, 0xA3, 0xBB, 0x5A, 0x26, 0x2C, 0x35, 0x15, 0xAA, 0x69, 0xD3, 0x05, 0x76, 0xF1, 0xD5,
    0xD3, 0x50, 0x4D, 0x79, 0x92, 0x3F, 0xB6, 0x6A, 0x8A, 0xD5, 0x9F, 0xD2, 0x28, 0xD1, 0x3C, 0xA1,
    0x9C, 0x62, 0xC9, 0x6F, 0x52, 0xDD, 0x08, 0xF0, 0x6B, 0x5D, 0x6C, 0x4F, 0x97, 0xA6, 0x8F, 0xA6,
    0x7B, 0x3A, 0x11, 0x91, 0x4A, 0x22, 0x81, 0x97, 0xDF, 0x2A, 0x46, 0xA0, 0x6B, 0x69, 0xC6, 0x9E,
    0x7A, 0x8A, 0x4A, 0x53, 0x2A, 0x2F, 0x5E, 0x7C, 0x80, 0xE2, 0xE3, 0x38, 0x94, 0xF2, 0xF9, 0x98,
    0xC2, 0xEE, 0x8D, 0x10, 0x16, 0x15, 0x5A, 0x9E, 0xDD, 0xC4, 0x71, 0x8F, 0xF8, 0x40, 0xB1, 0x88,
    0x54, 0x89, 0x83, 0x95, 0xBA, 0x3F, 0x7F, 0x92, 0xCA, 0x92, 0xE7, 0xAA, 0x79, 0xAF, 0x12, 0x5E,
    0x3F, 0xA4, 0xB9, 0xAF, 0x47, 0x60, 0x5F, 0x0B, 0xB0, 0xDF, 0x6E, 0x88, 0x8A, 0x2B, 0xAA, 0x39,
    0xEB, 0x76, 0x3A, 0x08, 0x8A, 0xF4, 0xB5, 0x70, 0xE3, 0x5A, 0x66, 0x0B, 0xA5, 0xD1, 0x40, 0xE5,
    0xE6, 0x19, 0x92, 0xB1, 0x96, 0x0B, 0x97, 0x22, 0xBC, 0x04, 0xAD, 0xA9, 0x29, 0xE0, 0x97, 0x88,
    0x23, 0x99, 0x96, 0x93, 0x86, 0xCA, 0x2A, 0x86, 0x4A, 0xBA, 0xC4, 0x6D, 0x76, 0xE4, 0x15, 0x6D,
    0xBE, 0x97, 0x08, 0x35, 0x29, 0x93, 0x7D, 0xCA, 0xE3, 0xB7, 0xD4, 0x16, 0xF6, 0xC3, 0x9D, 0x52,
    0x16, 0x44, 0x6D, 0x61, 0x6C, 0x4E, 0x59, 0x50, 0x5C, 0xE7, 0x1C, 0x84, 0xD3, 0x45, 0xB3, 0x40,
    0x9B, 0x63, 0x2F, 0xC7, 0xED, 0x02, 0x7F, 0x5A, 0x42, 0xB5, 0x33, 0x66, 0xAC, 0xBB, 0xD3, 0xF6,
    0x9B, 0xD7, 0x3F, 0x3D, 0x8A, 0xEA, 0xB9, 0x4A, 0x70, 0x49, 0xF0, 0xAD, 0x7E, 0x74, 0x74, 0x18,
    0x33, 0xF7, 0xB3, 0xD4, 0xA0, 0x50, 0x89, 0x97, 0x1F, 0x1A, 0xE4, 0xF5, 0xB2, 0x43, 0xF5, 0xD0,
    0xE9, 0x93, 0x29, 0x3B, 0x28, 0x3B, 0x0C, 0x14, 0xED, 0x26, 0x05, 0x7C, 0x28, 0xBB, 0x34, 0xB6,
    0x5B, 0xF7, 0x50, 0x2C, 0xE4, 0xAE, 0x6C, 0xA3, 0x50, 0xCA, 0x93, 0xCD, 0x01, 0xD5, 0x43, 0x91,
    0x1D, 0x90, 0x84, 0xF5, 0x3B, 0x03, 0x92, 0x41, 0x21, 0x3B, 0x20, 0x2A, 0x42, 0x46, 0x5F, 0xC1,
    0xF8, 0x83, 0x32, 0x42, 0x64, 0x89, 0xD9, 0xEA, 0x2B, 0xAB, 0x2D, 0x64, 0x6D, 0x84, 0x1B, 0x94,
    0x72, 0x4D, 0x22, 0x26, 0x97, 0xF8, 0x89, 0x2C, 0x52, 0x6A, 0x17, 0x20, 0x9B, 0x20, 0xA3, 0x20,
    0xAB, 0xF4, 0x97, 0x23, 0x61, 0x15, 0x15, 0xB1, 0x45, 0x9B, 0xF1, 0x55, 0xF6, 0x6C, 0x59, 0xB2,
    0xEA, 0xB3, 0x44, 0xED, 0xF7, 0x75, 0xE8, 0xBC, 0x4A, 0x32, 0x53, 0x90, 0x19, 0x01, 0x5B, 0xBB,
    0x06, 0x4F, 0x7F, 0x47, 0xF8, 0x2C, 0x2D, 0xC8, 0x44, 0x16, 0x31, 0x64, 0x89, 0x81, 0xBA, 0x6F,
    0x40, 0x3C, 0xAA, 0x1F, 0x81, 0xEC, 0xD5, 0x48, 0xE4, 0xF4, 0x54, 0x0F, 0x93, 0xA2, 0xB8, 0x31,
    0x13, 0xB9, 0xF3, 0x91, 0xED, 0x25, 0x24, 0x5B, 0xFD, 0x2A, 0x5C, 0x62, 0x98, 0x1D, 0x98, 0xA9,
    0xB6, 0x88, 0xC6, 0xBD, 0x32, 0xD2, 0xC3, 0x3D, 0x22, 0xCF, 0x45, 0x59, 0x16, 0xE5, 0x65, 0x51,
    0xBE, 0x25, 0xF2, 0x77, 0xF8, 0xD4, 0x59, 0xB4, 0xAE, 0x71, 0x0C, 0xCA, 0x9C, 0x66, 0x10, 0x47,
    0x0F, 0x20, 0x9E, 0x46, 0xF8, 0x1E, 0x4F, 0x2E, 0x22, 0xFC, 0x1E, 0xE2, 0x45, 0xBA, 0x2B, 0xB3,
    0xC1, 0x3A, 0x94, 0xAC, 0x30, 0x47, 0x5E, 0xB3, 0x78, 0x9D, 0x10, 0x57, 0x53, 0x72, 0xC9, 0x08,
    0xB6, 0x3B, 0xE8, 0xFA, 0xE1, 0xD9, 0x2F, 0x5D, 0x59, 0xA9, 0xCF, 0x65, 0x20, 0xB5, 0xC9, 0x81,
    0xB2, 0x91, 0x51, 0x15, 0x93, 0xD3, 0x68, 0x34, 0x4E, 0xAA, 0x62, 0x32, 0x90, 0xC5, 0xA4, 0x6D,
    0xA9, 0xE2, 0x4A, 0x16, 0x93, 0x49, 0x2C, 0xAD, 0xCB, 0x10, 0x30, 0x54, 0xD8, 0x1C, 0x32, 0xA5,
    0xF7, 0x42, 0x7A, 0x4C, 0x8E, 0x5F, 0x17, 0x68, 0x71, 0x2A, 0x91, 0x57, 0x11, 0x05, 0xD1, 0x89,
    0x13, 0x06, 0xA4, 0x6F, 0x32, 0x5F, 0xDC, 0x9A, 0xB6, 0xD0, 0x54, 0x84, 0x45, 0xB8, 0xC5, 0x36,
    0x3D, 0xA5, 0x73, 0xB0, 0x55, 0xF3, 0xCE, 0x4C, 0x60, 0x14, 0xD2, 0xA5, 0xB7, 0xBE, 0x8F, 0x1D,
    0x33, 0xF5, 0xE1, 0x2A, 0x69, 0xCD, 0x6D, 0x4B, 0xB5, 0x5F, 0x7C, 0x98, 0xA1, 0x84, 0x91, 0x21,
    0x40, 0x32, 0x76, 0x42, 0x9E, 0x54, 0x05, 0x80, 0x75, 0x5B, 0x51, 0xFD, 0x34, 0xA5, 0x00, 0xC0,
    0x58, 0xAA, 0x3F, 0x03, 0x92, 0x7F, 0x24, 0xE3, 0x49, 0x51, 0xB0, 0xE3, 0x70, 0x3D, 0xD9, 0xBB,
    0x58, 0xC2, 0xD3, 0xE1, 0xD9, 0xAD, 0x5F, 0xBA, 0x22, 0x9B, 0x54, 0xAA, 0x13, 0x97, 0x5B, 0xC8,
    0x64, 0x83, 0x06, 0xC2, 0xD6, 0x84, 0xA7, 0x8B, 0x76, 0xAF, 0xA3, 0xF2, 0x47, 0x51, 0xF1, 0xFF,
    0xC4, 0x82, 0x24, 0x51, 0xFA, 0x9A, 0xAA, 0x5E, 0x27, 0x5F, 0x39, 0x2D, 0x58, 0xEF, 0x2D, 0x89,
    0x32, 0xBE, 0x59, 0x97, 0x3D, 0x60, 0xBF, 0x6A, 0x6F, 0xA9, 0x36, 0xCD, 0x04, 0x89, 0xB6, 0xA5,
    0xFE, 0xED, 0x04, 0x96, 0x3B, 0xBA, 0xE4, 0xC7, 0xCC, 0x2F, 0x97, 0x6B, 0xE1, 0xAE, 0x3A, 0xB7,
    0x43, 0xCB, 0x16, 0x0E, 0x48, 0x2C, 0x8C, 0x3D, 0x27, 0x2D, 0x30, 0x1B, 0xCC, 0x83, 0x56, 0xB5,
    0xFE, 0xD4, 0xC4, 0x1F, 0x46, 0xFF, 0x49, 0x13, 0xED, 0xDC, 0x26, 0xD1, 0xA2, 0xA3, 0xDF, 0x5C,
    0xA7, 0xEF, 0x59, 0xB8, 0x07, 0xB8, 0xC7, 0x64, 0xDF, 0xBA, 0xEA, 0xB2, 0x91, 0x48, 0xD0, 0x54,
    0xD7, 0x8A, 0x1C, 0x7F, 0xB5, 0x61, 0x79, 0x2B, 0xCB, 0x28, 0xEB, 0x7D, 0xDC, 0xF1, 0x10, 0x4A,
    0xE7, 0x17, 0x44, 0xF3, 0x37, 0xF9, 0xD4, 0x44, 0xAF, 0x30, 0x96, 0xBA, 0x58, 0xC5, 0x64, 0xDD,
    0xB8, 0xA2, 0xCF, 0x39, 0xE8, 0x17, 0xD3, 0x63, 0x8C, 0x4F, 0xBF, 0x8C, 0xD6, 0xA4, 0xDC, 0x81,
    0xA5, 0xA1, 0xAE, 0xDF, 0xD6, 0xB5, 0x50, 0x35, 0x97, 0x6F, 0x59, 0xD3, 0x4E, 0x59, 0x3B, 0x58,
    0x7F, 0x49, 0x53, 0x2F, 0x24, 0x56, 0x96, 0x93, 0xB2, 0x8C, 0xA7, 0x43, 0xAF, 0x0B, 0xF7, 0x4F,
    0xD3, 0x9B, 0xAE, 0x62, 0xC2, 0x96, 0x9A, 0x6C, 0xC3, 0x4D, 0xA8, 0xEB, 0xE9, 0xF9, 0x7D, 0x0C,
    0x3F, 0xAC, 0xDA, 0xF2, 0x4C, 0x92, 0x4A, 0xD2, 0xEF, 0xEA, 0xFD, 0xCA, 0x3C, 0xCC, 0x99, 0x65,
    0x86, 0x4E, 0xF7, 0x77, 0xA2, 0x38, 0x09, 0x54, 0x3D, 0x9E, 0x8C, 0x94, 0xDB, 0x39, 0xB6, 0x9F,
    0xC2, 0xF8, 0x14, 0x42, 0xCA, 0x74, 0x21, 0x71, 0x08, 0x8A, 0x4C, 0x13, 0x85, 0x2E, 0x0A, 0xC2,
    0x2D, 0x65, 0xE0, 0x27, 0xF4, 0x4E, 0x2D, 0xF9, 0x95, 0xA8, 0xC5, 0x74, 0x4A, 0x75, 0x95, 0x76,
    0x51, 0x6A, 0x04, 0x66, 0xC1, 0x74, 0x65, 0x2D, 0x3C, 0x57, 0x41, 0x54, 0x41, 0xE5, 0x26, 0x04,
    0x2A, 0xFA, 0x04, 0xAA, 0x16, 0xE5, 0x60, 0xFB, 0x3C, 0xB6, 0xCF, 0xE0, 0xC6, 0x1C, 0xAA, 0x38,
    0xAF, 0x4A, 0xC8, 0x92, 0x9B, 0xF8, 0x06, 0x48, 0xB9, 0x5A, 0x9E, 0x81, 0xB5, 0x48, 0x79, 0x50,
    0x21, 0x79, 0x1B, 0xD6, 0x81, 0xFD, 0x42, 0xCD, 0xF0, 0x4A, 0x79, 0x2B, 0xE8, 0xC5, 0xF9, 0xFC,
    0xC4, 0x9C, 0x6C, 0x24, 0xB0, 0x52, 0x1E, 0xF5, 0xE0, 0x27, 0x9B, 0xF2, 0xC5, 0x69, 0xFA, 0xFB,
    0x3A, 0xBC, 0x7E, 0x53, 0xFE, 0x09, 0x62, 0x9D, 0x13, 0x94, 0xA3, 0xC2, 0xFD, 0x4A, 0x60, 0x56,
    0x85, 0x4A, 0x54, 0xF5, 0xE8, 0x3A, 0x0D, 0xBD, 0xB3, 0x83, 0x65, 0x23, 0xBF, 0x55, 0xDC, 0xF6,
    0x80, 0xD8, 0xFD, 0x5D, 0x71, 0xF4, 0x07, 0xE2, 0xD0, 0x85, 0xBE, 0xFC, 0xD2, 0x6F, 0x06, 0xAB,
    0xFE, 0x5B, 0x87, 0x75, 0x5F, 0xE6, 0x48, 0x5C, 0x3C, 0x5D, 0xF7, 0x19, 0x8D, 0x9F, 0xC3, 0x6D,
    0x28, 0x99, 0x52, 0x75, 0x5D, 0x2B, 0xF9, 0xF6, 0x37, 0x0A, 0x60, 0x54, 0x07, 0x0D, 0xF1, 0x8D,
    0x18, 0xD4, 0xBE, 0x06, 0x7C, 0x6E, 0x3D, 0x6B, 0x32, 0x43, 0xB9, 0x3F, 0x9B, 0x84, 0x57, 0x28,
    0xCB, 0xF8, 0xA6, 0x6C, 0xA6, 0xF4, 0x52, 0xF6, 0x21, 0x11, 0xFE, 0x69, 0x2E, 0xDF, 0x9F, 0xC9,
    0xAA, 0x84, 0x18, 0xAB, 0x57, 0x59, 0xBA, 0xE6, 0xB4, 0x0E, 0xF8, 0xAE, 0x15, 0xB9, 0x67, 0xC2,
    0xE1, 0x49, 0x12, 0x0B, 0xD1, 0x6B, 0x03, 0xED, 0x3F, 0x53, 0x51, 0x73, 0x81, 0xA3, 0xB7, 0xEA,
    0x75, 0x64, 0xAD, 0xB8, 0x16, 0x57, 0x69, 0x3B, 0xF9, 0x26, 0x14, 0xEC, 0xF3, 0xDA, 0x82, 0xAA,
    0x19, 0xA9, 0x50, 0xDD, 0xD3, 0x19, 0xE7, 0x94, 0x48, 0xAA, 0xC6, 0xD4, 0x55, 0x98, 0x54, 0xB9,
    0xC9, 0x4A, 0x8C, 0x96, 0x53, 0x68, 0xE7, 0x8A, 0xD6, 0xF3, 0x22, 0xD2, 0x53, 0x8A, 0x88, 0x68,
    0x17, 0xDA, 0x75, 0xAD, 0x49, 0x72, 0x34, 0x82, 0xAF, 0xCD, 0x8F, 0xCE, 0x25, 0x49, 0x5E, 0x2A,
    0xE7, 0xFE, 0x21, 0xC7, 0xEF, 0xAA, 0x67, 0x6F, 0xC0, 0x00, 0xDB, 0x26, 0x95, 0xFB, 0x0D, 0x8C,
    0x10, 0xF7, 0xD5, 0xA2, 0xFE, 0xD3, 0x11, 0x00, 0xDB, 0xB6, 0x34, 0x6F, 0x43, 0x1D, 0x68, 0xB5,
    0xD8, 0x8D, 0xBC, 0xD2, 0x1A, 0xBC, 0x65, 0xD3, 0xD0, 0x8D, 0xFA, 0xD5, 0xE6, 0x2C, 0x36, 0x1D,
    0x51, 0x24, 0x5D, 0xAA, 0x37, 0x2C, 0x84, 0xC1, 0x7D, 0x75, 0x10, 0xF0, 0xE3, 0x4B, 0x7C, 0xDA,
    0xB8, 0x46, 0xBF, 0x27, 0x94, 0x47, 0xF8, 0xA0, 0xDA, 0xAB, 0x64, 0x8D, 0xFF, 0x2E, 0xFE, 0xA8,
    0xEA, 0x5A, 0x8A, 0x0D, 0xBD, 0x31, 0xC3, 0x9A, 0xD5, 0xC4, 0x6A, 0x38, 0xAE, 0xFF, 0x92, 0xF4,
    0xF5, 0x1A, 0x8E, 0x6B, 0x59, 0xFB, 0x06, 0xAA, 0x62, 0xEC, 0xBA, 0xAE, 0x43, 0x55, 0x33, 0x5F,
    0xD7, 0x75, 0xD0, 0xEF, 0x91, 0x5E, 0xAF, 0x3A, 0x0F, 0x91, 0x99, 0xB8, 0xFD, 0xCE, 0xC3, 0xFF,
    0xB7, 0x63, 0x81, 0x4B, 0xF2, 0xE1, 0x1B, 0x99, 0xBD, 0xF2, 0xC9, 0x2B, 0x2D, 0xE8, 0x7F, 0x21,
    0x81, 0xB0, 0x91, 0xF7, 0x34, 0x4E, 0x38, 0x30, 0x74, 0x93, 0x6E, 0x6F, 0x15, 0x45, 0x1B, 0x7A,
    0xA3, 0x26, 0x93, 0x1D, 0x57, 0x1D, 0xC5, 0x82, 0xDD, 0x25, 0xE4, 0xAB, 0x85, 0xAF, 0x43, 0x7F,
    0x16, 0xDA, 0x29, 0x29, 0x42, 0x08, 0x1C, 0x92, 0x5C, 0x97, 0x3A, 0x8A, 0x6F, 0xD7, 0xAE, 0xDD,
    0x90, 0x65, 0xC2, 0xE8, 0x67, 0xB0, 0x51, 0xCB, 0x03, 0x93, 0x18, 0x13, 0xF8, 0xAB, 0x0D, 0x1B,
    0xA7, 0xAD, 0xFB, 0x05, 0x3E, 0xBB, 0xD1, 0x95, 0x2F, 0x01, 0x67, 0xDD, 0x57, 0x7A, 0x5B, 0x94,
    0x57, 0xAF, 0xEF, 0xFE, 0x5F, 0x57, 0x02, 0x5E, 0x57, 0x6C, 0x3E, 0xD1, 0xBF, 0xB2, 0x6D, 0xB9,
    0x7C, 0xEC, 0x57, 0x9C, 0x27, 0x54, 0xD4, 0xD0, 0x20, 0xFB, 0x90, 0x5C, 0xB4, 0x04, 0xF9, 0x3A,
    0x6F, 0xEE, 0xF0, 0x1B, 0x69, 0xE5, 0xB8, 0x35, 0x3A, 0xFF, 0x6B, 0x57, 0xB1, 0x27, 0xD4, 0x7A,
    0x7C, 0x54, 0xDD, 0x6F, 0x76, 0x95, 0xD5, 0x25, 0xB9, 0x6C, 0x8D, 0xB7, 0x94, 0xC2, 0xDA, 0xB7,
    0xAE, 0x36, 0x95, 0x1A, 0xB1, 0xEA, 0x1B, 0xCA, 0x17, 0xF8, 0x06, 0x98, 0x03, 0x7D, 0x5E, 0xF6,
    0x1A, 0x74, 0x52, 0xBA, 0x89, 0x6C, 0xFB, 0x44, 0xC3, 0x2A, 0x7F, 0x78, 0x52, 0xE2, 0xAF, 0xB4,
    0x46, 0xE8, 0x27, 0xBC, 0x5E, 0xF7, 0xD2, 0x75, 0xA5, 0x11, 0xEB, 0x23, 0x18, 0x5D, 0x65, 0x24,
    0x92, 0xDB, 0xFB, 0x3F, 0x95, 0x97, 0x3F, 0x8C, 0x1B, 0x45, 0x14, 0x87, 0xBF, 0x99, 0xBD, 0xBB,
    0x35, 0x3E, 0xAF, 0xD7, 0x45, 0x0A, 0x0A, 0x27, 0x67, 0xA4, 0x08, 0x19, 0x69, 0xC9, 0xB9, 0x58,
    0xA4, 0xCD, 0xE9, 0x50, 0x46, 0x20, 0x21, 0xA0, 0xBA, 0x86, 0x2A, 0x12, 0x72, 0x49, 0x71, 0x85,
    0x8B, 0x2B, 0x82, 0x14, 0x89, 0xAD, 0x12, 0x29, 0x11, 0x22, 0x25, 0x05, 0x05, 0x05, 0x42, 0x88,
    0x34, 0x2E, 0x28, 0x12, 0xD1, 0xAC, 0x44, 0x41, 0xEB, 0x0A, 0x41, 0xE7, 0x2E, 0x0D, 0x85, 0x0B,
    0x07, 0x82, 0x48, 0x24, 0xDE, 0xCC, 0x6E, 0x74, 0x11, 0xE7, 0xBB, 0x99, 0x5D, 0xAD, 0xFC, 0x6F,
    0x67, 0xBF, 0xFD, 0xCD, 0x7B, 0xBF, 0x99, 0xF7, 0xCC, 0x6B, 0x70, 0x0D, 0x0E, 0xE0, 0x09, 0xEA,
    0x57, 0xA2, 0xBB, 0xC4, 0x0F, 0x49, 0x1F, 0x9A, 0x2C, 0x32, 0x79, 0x54, 0xCE, 0x75, 0x09, 0xC8,
    0x8B, 0x32, 0xF2, 0x4E, 0xFC, 0x37, 0xFD, 0x94, 0x71, 0x9F, 0xBC, 0xCF, 0x24, 0x61, 0x96, 0x91,
    0xDF, 0x66, 0xFF, 0x6B, 0x7B, 0xA9, 0x0B, 0xDB, 0xF6, 0xCD, 0xA0, 0x4A, 0x62, 0xE8, 0x80, 0x97,
    0x3C, 0x80, 0x0C, 0x86, 0x30, 0xF1, 0xC0, 0xE1, 0x75, 0xD2, 0x11, 0x6F, 0x5A, 0x31, 0x04, 0x08,
    0x86, 0x8A, 0xC7, 0xE8, 0x0F, 0x3D, 0x58, 0x51, 0xCA, 0x57, 0x84, 0x63, 0x65, 0x88, 0x7A, 0xE4,
    0xC7, 0xC2, 0xA8, 0x9D, 0x60, 0x1B, 0xDF, 0x32, 0x44, 0x30, 0xD7, 0xA6, 0xBC, 0x51, 0x92, 0xB6,
    0xD0, 0xAC, 0xFE, 0x45, 0x6D, 0x41, 0x88, 0x6C, 0xC9, 0xDF, 0x9E, 0x61, 0x5A, 0x05, 0x92, 0x1B,
    0x57, 0x48, 0x12, 0x9F, 0xA3, 0x3F, 0x0A, 0xB3, 0x07, 0x06, 0x6D, 0x18, 0x95, 0xEC, 0x87, 0xE9,
    0x97, 0x01, 0x57, 0xD1, 0x1F, 0x5B, 0xFD, 0x1E, 0xF1, 0x32, 0xC7, 0x1E, 0x2D, 0xC8, 0xA5, 0xCD,
    0x52, 0x10, 0x79, 0x47, 0xA6, 0xDA, 0x86, 0x8C, 0xB3, 0x74, 0xA0, 0xEC, 0x3A, 0xA1, 0x02, 0xBF,
    0xD1, 0x2E, 0xA1, 0x16, 0xFE, 0xCC, 0xEB, 0x43, 0x78, 0xA7, 0xB2, 0x39, 0x6D, 0x95, 0x50, 0xF9,
    0x70, 0xCF, 0x0F, 0xAF, 0x13, 0xAA, 0x7F, 0x24, 0xFE, 0xC4, 0x7E, 0xEE, 0x43, 0x02, 0xE9, 0x73,
    0x3B, 0xF5, 0x31, 0xE4, 0xEE, 0xFC, 0x62, 0xE5, 0x20, 0x4D, 0xEA, 0xE3, 0x67, 0xC9, 0x70, 0x9C,
    0x1D, 0xAC, 0xAE, 0x9B, 0x19, 0xC5, 0x60, 0x6F, 0x65, 0x19, 0x72, 0xA1, 0x70, 0xAC, 0xB1, 0x4B,
    0x87, 0x97, 0x36, 0xE0, 0x33, 0xF9, 0xE1, 0x01, 0xE6, 0x2C, 0xCC, 0x1E, 0x4F, 0x8D, 0xFE, 0xD4,
    0x4D, 0xC0, 0x2F, 0x2B, 0xFA, 0x6D, 0x3B, 0xDB, 0xA4, 0x09, 0xA6, 0x1C, 0x96, 0xFC, 0x11, 0x88,
    0x71, 0x51, 0x7B, 0x8A, 0xEE, 0xD4, 0x33, 0x24, 0x19, 0x32, 0xCE, 0x38, 0x58, 0x71, 0xDD, 0x30,
    0x93, 0xC9, 0x0D, 0xA8, 0xA1, 0x36, 0x56, 0x87, 0x04, 0x63, 0x7B, 0xA8, 0x95, 0x65, 0x6E, 0xD2,
    0x27, 0xA9, 0x3A, 0xE2, 0xD0, 0x84, 0xB2, 0xB4, 0x5B, 0x72, 0x6B, 0xBF, 0x44, 0x1E, 0x97, 0x7C,
    0x00, 0x2D, 0x54, 0xA2, 0x7F, 0x46, 0x5D, 0x82, 0x55, 0x00, 0x5C, 0x86, 0xDD, 0x46, 0xDD, 0x09,
    0x25, 0x37, 0xA6, 0x39, 0x52, 0x6B, 0xDD, 0x3B, 0xD7, 0x3A, 0x27, 0x12, 0xA7, 0x13, 0x8C, 0xFE,
    0x4E, 0x2D, 0x54, 0xA5, 0x2B, 0x5D, 0x46, 0x26, 0x92, 0x3B, 0x77, 0x05, 0x7C, 0xC3, 0x28, 0x76,
    0x2A, 0x55, 0xC9, 0xE2, 0x95, 0x67, 0xF4, 0xE4, 0x09, 0x63, 0x81, 0xE7, 0xA2, 0x69, 0xC6, 0xE6,
    0xF1, 0x76, 0xD5, 0x5E, 0xB2, 0xEB, 0xAB, 0x92, 0x4D, 0x8A, 0xFA, 0x4A, 0x57, 0xEE, 0x4D, 0xE4,
    0x77, 0xD1, 0x27, 0xF7, 0x8E, 0x50, 0x2F, 0x48, 0x6F, 0x96, 0x99, 0xAE, 0x72, 0x16, 0x73, 0x16,
    0x4B, 0x39, 0x55, 0xB5, 0xD4, 0xD5, 0x3C, 0x36, 0xB7, 0xAE, 0xB0, 0xB7, 0xB6, 0xCA, 0x23, 0xB7,
    0x5D, 0x38, 0xCD, 0x49, 0xD1, 0xCD, 0xBB, 0xB3, 0xFE, 0xA4, 0x57, 0x14, 0x7B, 0x4B, 0x3B, 0x27,
    0xB9, 0x70, 0xD9, 0xCD, 0xED, 0xB2, 0xB5, 0x72, 0x08, 0x4D, 0x86, 0x1D, 0xCB, 0xE3, 0xA7, 0x9B,
    0x78, 0xB6, 0x6E, 0x66, 0x25, 0xDF, 0xBB, 0x52, 0x16, 0xC2, 0xAA, 0x4B, 0xDE, 0xAB, 0x6E, 0x4D,
    0x28, 0xBA, 0xE4, 0x5D, 0x66, 0xB2, 0xBE, 0x7B, 0x14, 0x05, 0x35, 0x57, 0x74, 0xAA, 0x63, 0xDA,
    0x90, 0xC5, 0xB0, 0xEB, 0xC6, 0xB0, 0x67, 0x54, 0x3E, 0x68, 0x2D, 0xB4, 0x2E, 0x88, 0x01, 0x42,
    0xF9, 0xBC, 0xE4, 0x8E, 0xB1, 0x5D, 0x44, 0x9B, 0x28, 0x34, 0xB6, 0x5D, 0x07, 0xF0, 0xA5, 0xAC,
    0xBC, 0x0B, 0xBF, 0x84, 0xC2, 0x9B, 0xE4, 0x0F, 0x58, 0x47, 0xBD, 0x73, 0x2D, 0xB0, 0xED, 0x6C,
    0x7F, 0xD5, 0xD2, 0xD5, 0x8B, 0x24, 0xBD, 0xF9, 0x28, 0xD3, 0x8B, 0x8B, 0x04, 0x6F, 0xB9, 0xD5,
    0x31, 0x95, 0x42, 0x3B, 0x8F, 0xFF, 0xA9, 0x92, 0xF4, 0x1C, 0xA9, 0x47, 0xD8, 0x15, 0x17, 0x8E,
    0x15, 0x97, 0x2F, 0x02, 0xB0, 0xA7, 0x86, 0x0D, 0xC3, 0x0A, 0xEF, 0xD8, 0x55, 0x40, 0x2F, 0x59,
    0x8E, 0xBF, 0x8C, 0xBE, 0x12, 0x2C, 0x58, 0x62, 0xFB, 0x84, 0x9D, 0xCC, 0x8B, 0x0D, 0xA2, 0xBD,
    0xAC, 0x4A, 0x1E, 0x5A, 0x5D, 0xE6, 0x3A, 0x94, 0x99, 0xAA, 0xC6, 0xAA, 0xCA, 0x75, 0x39, 0x89,
    0xCC, 0x2C, 0x92, 0x7B, 0x58, 0xEE, 0xB2, 0x4C, 0xF8, 0x29, 0x63, 0xDF, 0xED, 0x58, 0xBB, 0x0D,
    0x90, 0x24, 0x62, 0x18, 0x93, 0x75, 0x5D, 0xDD, 0x4C, 0x98, 0x9C, 0xED, 0x82, 0x0A, 0x57, 0x8E,
    0x5D, 0xC9, 0x0B, 0x21, 0xFF, 0xAF, 0x4F, 0xBE, 0x80, 0xFF, 0x8A, 0xB5, 0x54, 0x87, 0x7B, 0x99,
    0xFA, 0x73, 0xAC, 0x16, 0x17, 0x91, 0xB7, 0x1D, 0x76, 0x24, 0x0E, 0xCB, 0x92, 0xE8, 0x64, 0x18,
    0x97, 0x9B, 0xB1, 0xA7, 0xD6, 0x0A, 0xC3, 0x8A, 0xB5, 0xBE, 0x15, 0xB5, 0x3E, 0xEC, 0x69, 0x1C,
    0xC2, 0xB0, 0xA7, 0x71, 0xF0, 0x91, 0x45, 0x68, 0x63, 0xAD, 0x30, 0xB2, 0xB3, 0x96, 0x7E, 0xDB,
    0x8B, 0x0D, 0xA2, 0xBD, 0x74, 0x82, 0x87, 0x56, 0x3B, 0x50, 0xB9, 0xDD, 0x0E, 0xD7, 0x74, 0x4F,
    0xC5, 0x7E, 0x43, 0x26, 0x05, 0xF9, 0x9C, 0xB7, 0x5C, 0xE3, 0x96, 0xBA, 0x7C, 0xF6, 0x68, 0x2A,
    0xA4, 0x8D, 0x40, 0xE1, 0xBE, 0xDB, 0xAD, 0x66, 0x11, 0xBD, 0x57, 0x45, 0xEF, 0x9B, 0xE8, 0x3E,
    0xFA, 0x4B, 0xD4, 0x0F, 0xD2, 0x32, 0xC0, 0xD2, 0xD6, 0xAF, 0x48, 0x7A, 0x55, 0x97, 0x2E, 0x3F,
    0xD0, 0x95, 0xDC, 0x11, 0x3E, 0xE0, 0x37, 0xEC, 0x77, 0x2C, 0x50, 0x2D, 0x9C, 0x09, 0x17, 0xB6,
    0x51, 0xF4, 0xC3, 0xB7, 0x5C, 0x2C, 0x62, 0xFB, 0x67, 0x28, 0x50, 0xB0, 0x0D, 0xCB, 0xEF, 0x74,
    0x6E, 0x85, 0x45, 0xC3, 0xF6, 0x2C, 0x15, 0xF7, 0x4D, 0x20, 0xFC, 0x3F, 0x75, 0x54, 0x4F, 0x68,
    0x1C, 0x55, 0x18, 0xFF, 0xCD, 0xCC, 0xFE, 0x9F, 0x99, 0x64, 0x0F, 0x9B, 0x3A, 0xD2, 0xB1, 0x4E,
    0x60, 0x0F, 0x2F, 0x61, 0x61, 0x27, 0x61, 0x68, 0xD7, 0x92, 0x36, 0xCF, 0x9B, 0x87, 0x1C, 0x06,
    0x92, 0x1C, 0xC4, 0xCB, 0x2A, 0x2D, 0xD8, 0x04, 0xEC, 0x08, 0x82, 0x42, 0x69, 0xFA, 0xEA, 0xC1,
    0x58, 0xF0, 0x30, 0x36, 0xE2, 0x79, 0x28, 0x81, 0xD6, 0x08, 0xB2, 0x9E, 0x7A, 0x10, 0x93, 0xA7,
    0x39, 0x59, 0x14, 0x56, 0xD1, 0x8B, 0x78, 0x58, 0x44, 0x7A, 0x10, 0x0F, 0x8B, 0x88, 0x04, 0x4D,
    0x77, 0xFB, 0xBD, 0x99, 0xDD, 0xAE, 0xD2, 0xF6, 0xFB, 0xE6, 0xCF, 0xFB, 0xDE, 0xF7, 0xFB, 0xBE,
    0xF9, 0xFE, 0xCD, 0x03, 0xF2, 0xD8, 0xC4, 0x1A, 0xC2, 0xC7, 0x18, 0xA8, 0xE1, 0x2C, 0xCF, 0x73,
    0xED, 0x31, 0xDE, 0x40, 0xC6, 0xCB, 0x03, 0x60, 0x63, 0x97, 0x78, 0x6F, 0x2F, 0xA1, 0x3B, 0x1E,
    0xBF, 0x39, 0xFF, 0x5E, 0x3C, 0x9D, 0x5F, 0xE4, 0xF3, 0x77, 0x66, 0xD6, 0xE6, 0x77, 0x67, 0xC2,
    0x82, 0xED, 0xB6, 0x2A, 0xB6, 0xEB, 0x3B, 0xCC, 0x4F, 0x3C, 0xDF, 0xF7, 0x0B, 0x35, 0xDB, 0x77,
    0x93, 0x56, 0xB7, 0x52, 0xB7, 0x23, 0x37, 0xF1, 0xA5, 0xD3, 0x66, 0xDD, 0x05, 0x79, 0x8B, 0xBF,
    0xC6, 0x17, 0xC5, 0x82, 0xF0, 0x85, 0xC6, 0x0D, 0x61, 0xE0, 0x99, 0xF6, 0x66, 0x92, 0x47, 0x19,
    0x16, 0x71, 0x03, 0x2D, 0x04, 0xA0, 0x60, 0x7B, 0x90, 0x53, 0x7F, 0xE4, 0x7F, 0xD4, 0x85, 0x42,
    0x5C, 0xE9, 0x9C, 0x08, 0x2B, 0xB0, 0x91, 0xDB, 0x3A, 0xD8, 0xAA, 0xE5, 0x70, 0x0A, 0x4D, 0x79,
    0x1E, 0x55, 0xB4, 0xFB, 0x88, 0xDA, 0x9D, 0x3E, 0xE8, 0x99, 0x74, 0xFA, 0x3D, 0x4A, 0x30, 0x21,
    0x81, 0xF2, 0x08, 0x9F, 0x98, 0xFD, 0xFC, 0x13, 0x32, 0xD7, 0x78, 0x6D, 0x7F, 0x7F, 0xBF, 0xF6,
    0x88, 0x3E, 0x12, 0x9F, 0x4C, 0x84, 0x13, 0xFA, 0xC6, 0xA3, 0xF5, 0x34, 0xB9, 0x38, 0x7D, 0x5D,
    0xE2, 0xD5, 0x43, 0xE0, 0xC3, 0x1B, 0xC0, 0x0F, 0x2F, 0xC7, 0xED, 0xDB, 0x6F, 0xBF, 0xF9, 0xCB,
    0xB9, 0xEF, 0xCE, 0x58, 0xFA, 0xCA, 0x19, 0xAB, 0xE0, 0x9E, 0xB6, 0x2C, 0xF7, 0x36, 0xF3, 0xA7,
    0x0F, 0x55, 0x0C, 0x98, 0x4E, 0x3F, 0xA9, 0x2C, 0x90, 0xDA, 0x64, 0x56, 0x99, 0x9D, 0x03, 0x65,
    0xF9, 0x05, 0xC8, 0xD6, 0x3E, 0x04, 0x59, 0xD3, 0x93, 0xEC, 0xED, 0x6D, 0x90, 0x87, 0xB9, 0x1B,
    0x50, 0x3E, 0x8E, 0x90, 0x51, 0x89, 0xF9, 0x31, 0x4A, 0x31, 0x93, 0x8B, 0x7C, 0x47, 0x89, 0x37,
    0xC1, 0xEE, 0x61, 0x71, 0x05, 0x3B, 0x75, 0xA5, 0xF5, 0x98, 0x63, 0x61, 0x96, 0xCF, 0x49, 0x47,
    0x5A, 0x02, 0x98, 0x7D, 0x69, 0xEE, 0x5B, 0xE7, 0x1B, 0xEB, 0x3D, 0xA5, 0xD2, 0xA4, 0x21, 0xAC,
    0xB0, 0xEE, 0x55, 0xAB, 0x80, 0x41, 0xB5, 0x0B, 0xE0, 0x83, 0x51, 0x85, 0x89, 0xEA, 0xAE, 0x6D,
    0x07, 0x31, 0xAA, 0x6E, 0xAE, 0xE1, 0xBA, 0x26, 0x22, 0xFD, 0x2B, 0x89, 0xBB, 0x08, 0x1A, 0xD3,
    0xDE, 0x95, 0xBC, 0xF6, 0xB5, 0x28, 0x22, 0x71, 0x73, 0xCC, 0x6B, 0x94, 0x09, 0x5A, 0x28, 0x9B,
    0xF6, 0x94, 0x6B, 0x37, 0x2C, 0xE6, 0x06, 0xCC, 0xAF, 0x47, 0x54, 0xEB, 0xB8, 0x43, 0x95, 0x6E,
    0x8A, 0x37, 0x7A, 0x56, 0xC7, 0x4D, 0xE6, 0x65, 0x13, 0x4B, 0xE4, 0x19, 0x68, 0x43, 0xE5, 0xAD,
    0xE6, 0x80, 0x6B, 0x61, 0x39, 0xB8, 0x50, 0xE0, 0xC5, 0xDF, 0xEA, 0xA5, 0x50, 0x4F, 0xB3, 0xB0,
    0x68, 0xF4, 0x3C, 0x08, 0x4D, 0x18, 0xBC, 0xC2, 0x4B, 0xC2, 0x93, 0x55, 0x8A, 0xB6, 0x9A, 0x5A,
    0xA1, 0x16, 0x03, 0x27, 0xEF, 0x03, 0xFA, 0xEF, 0x40, 0x85, 0x64, 0xCB, 0x87, 0x2E, 0xAA, 0xB1,
    0xCE, 0xD1, 0xBD, 0x8B, 0x73, 0xD2, 0x3C, 0xD6, 0x87, 0xA7, 0x78, 0x31, 0x5E, 0x90, 0x6E, 0x04,
    0x09, 0x7F, 0xE3, 0x12, 0x20, 0x08, 0x81, 0xA2, 0x72, 0xAB, 0x86, 0x25, 0xA1, 0x5C, 0x29, 0x45,
    0x9A, 0x20, 0x38, 0x50, 0xB1, 0x68, 0xBB, 0x7A, 0x6C, 0x70, 0x83, 0xF6, 0x8A, 0x30, 0xC5, 0x14,
    0xB7, 0xE0, 0x52, 0xEA, 0x0C, 0xE7, 0x31, 0x43, 0x3A, 0xBC, 0x45, 0x98, 0x88, 0xAC, 0xBA, 0x85,
    0x6E, 0x41, 0x6A, 0x92, 0x46, 0x8C, 0xB0, 0x4D, 0xD2, 0x35, 0xAF, 0x7F, 0x89, 0x8B, 0xBF, 0xBE,
    0x02, 0x74, 0xC8, 0x5B, 0x52, 0x84, 0x2E, 0x6D, 0x98, 0x04, 0x67, 0xE8, 0xC2, 0xA7, 0x2F, 0x2A,
    0x6A, 0x1B, 0x1C, 0xFD, 0x22, 0x4F, 0xD7, 0x4D, 0x11, 0x5F, 0xEC, 0x75, 0xF1, 0xB9, 0xC4, 0x2D,
    0xA9, 0x1F, 0x0A, 0xD3, 0xE0, 0xCC, 0x80, 0x5F, 0x4C, 0x61, 0x65, 0xF4, 0xA7, 0xD4, 0xA2, 0x60,
    0xF6, 0xCC, 0x67, 0xDF, 0x99, 0x02, 0xB3, 0xD1, 0xB2, 0xD0, 0x71, 0x0D, 0xC9, 0x2A, 0xA8, 0xA7,
    0x6D, 0x88, 0x1C, 0x74, 0x96, 0x46, 0x6D, 0x5E, 0x1E, 0x52, 0xF2, 0x69, 0x42, 0x2D, 0x52, 0x80,
    0x3E, 0x98, 0x65, 0x38, 0x13, 0x5E, 0x3B, 0x5E, 0x1D, 0xAC, 0x0E, 0x53, 0x1E, 0xAC, 0x1E, 0xAD,
    0x62, 0xC2, 0x44, 0xE6, 0x90, 0x2F, 0xFF, 0xF9, 0xBF, 0xEB, 0xF9, 0x7F, 0xB9, 0xB6, 0x4E, 0x9A,
    0x83, 0xA3, 0xED, 0x07, 0xDB, 0x83, 0xED, 0x21, 0xDD, 0x83, 0x4F, 0x8F, 0xD7, 0x43, 0x50, 0x39,
    0xEB, 0xF2, 0xE4, 0x4F, 0xC6, 0xCF, 0x76, 0xEC, 0x44, 0x54, 0xFB, 0xE7, 0x9C, 0x34, 0xCE, 0x28,
    0xF2, 0xB1, 0xC5, 0x75, 0x2E, 0xF2, 0xD4, 0xA0, 0xA7, 0x13, 0xD7, 0x10, 0x96, 0x11, 0x5C, 0x40,
    0x81, 0xA7, 0x8D, 0xF3, 0x51, 0xF2, 0x60, 0xDE, 0x87, 0xF6, 0x37, 0x2F, 0xFA, 0x28, 0xB3, 0x11,
    0x8C, 0x82, 0xA6, 0x29, 0xBD, 0xBC, 0x06, 0xF3, 0x75, 0x9C, 0x15, 0x98, 0xA5, 0xE9, 0xE7, 0x48,
    0x44, 0xA2, 0x8A, 0x4C, 0xE9, 0xA8, 0x7F, 0x9C, 0xA9, 0xEA, 0x8B, 0xB8, 0x4B, 0xA5, 0x89, 0xC1,
    0x5F, 0x38, 0xB8, 0x29, 0x43, 0xED, 0x33, 0xD5, 0x16, 0xBB, 0x02, 0x2F, 0x9B, 0x16, 0x8E, 0xEA,
    0xFB, 0xB0, 0xEF, 0xA0, 0xF8, 0x17, 0x36, 0xFF, 0x81, 0xD9, 0x07, 0xFB, 0x40, 0xF5, 0x5C, 0x91,
    0x6A, 0x63, 0x4A, 0xC1, 0x38, 0xDC, 0x1A, 0x9D, 0x19, 0xF4, 0x5B, 0x38, 0xEC, 0x9E, 0xBF, 0xB8,
    0x92, 0xEC, 0xD4, 0x65, 0x06, 0x1B, 0xE3, 0x32, 0xAC, 0xED, 0xA1, 0x84, 0x31, 0x5E, 0x19, 0xA4,
    0x9B, 0x74, 0x4D, 0x40, 0xB4, 0x99, 0x1B, 0x2D, 0x09, 0x9C, 0xA9, 0x82, 0x60, 0xBC, 0x93, 0x2D,
    0x7A, 0x48, 0xFF, 0x6A, 0x45, 0x55, 0xF0, 0x40, 0x97, 0xF4, 0x1C, 0xC9, 0x71, 0xAA, 0xC5, 0x28,
    0xC8, 0x12, 0x6B, 0xDB, 0x2C, 0xCA, 0xC2, 0xB8, 0x36, 0x7C, 0x90, 0x2D, 0x6C, 0xB5, 0xD9, 0xC9,
    0x02, 0x0B, 0xFB, 0xE4, 0xA8, 0x9F, 0xA4, 0x27, 0x56, 0xD4, 0x99, 0x5C, 0x74, 0xD2, 0x5C, 0x9A,
    0x1C, 0x40, 0x1F, 0xBF, 0xBB, 0x37, 0x11, 0xAE, 0x2E, 0x4D, 0xD6, 0xA8, 0x2D, 0x5D, 0x9D, 0x08,
    0x6C, 0x7D, 0xA2, 0xA9, 0xFE, 0xD7, 0xC1, 0x43, 0x3D, 0x51, 0x4D, 0x4F, 0xDB, 0x50, 0x10, 0x9C,
    0xF8, 0x23, 0xC1, 0xB1, 0x0D, 0x01, 0x05, 0xD5, 0xA4, 0x85, 0xFA, 0x90, 0x20, 0x27, 0xD0, 0xF6,
    0x39, 0x25, 0x48, 0xAD, 0x04, 0x1A, 0x0E, 0xBD, 0xC3, 0xB9, 0x97, 0x50, 0x38, 0xF6, 0x42, 0x4F,
    0x88, 0xAA, 0xB0, 0x70, 0xE0, 0x6C, 0x21, 0x21, 0x7E, 0x4C, 0x2F, 0xAB, 0xFE, 0x02, 0xFF, 0x8B,
    0xFE, 0x8D, 0xAE, 0x7D, 0xA8, 0x56, 0x7A, 0xDA, 0x79, 0xFB, 0x76, 0x66, 0x67, 0x5F, 0xCC, 0x03,
    0x75, 0xBA, 0xD4, 0x73, 0xBD, 0xE0, 0x3B, 0x0C, 0xE1, 0xDC, 0xB2, 0x62, 0x47, 0x7C, 0x59, 0xE5,
    0x47, 0xFC, 0x96, 0xAF, 0x08, 0xD1, 0x97, 0x2D, 0x8C, 0xB1, 0x67, 0xB7, 0x1E, 0x7F, 0xA1, 0x2B,
    0x19, 0x16, 0xB8, 0x91, 0x73, 0xF9, 0xC1, 0xF7, 0x18, 0x55, 0x1D, 0xF5, 0xD8, 0x43, 0x82, 0x02,
    0x39, 0x62, 0x8E, 0x75, 0xA2, 0x1F, 0xF0, 0x8D, 0x4F, 0x56, 0xEB, 0x73, 0x61, 0xD4, 0x87, 0xDA,
    0x95, 0x1E, 0xAE, 0x01, 0x7B, 0xB3, 0xCD, 0x6D, 0x3B, 0x37, 0xB9, 0x09, 0x0B, 0xCE, 0x08, 0x74,
    0x90, 0x22, 0x83, 0xFB, 0x1F, 0x03, 0x04, 0x49, 0x12, 0x25, 0x49, 0xE1, 0xAC, 0xF8, 0xD9, 0xDA,
    0xCF, 0xE4, 0x81, 0xF7, 0x88, 0x25, 0xAB, 0x5D, 0xE5, 0x6A, 0xA7, 0x73, 0xD9, 0x41, 0x74, 0x94,
    0x24, 0xD9, 0x38, 0x8F, 0x19, 0x28, 0x4C, 0x3D, 0xC5, 0x01, 0xEE, 0x18, 0x0B, 0x0C, 0xAD, 0xC1,
    0xA6, 0x94, 0x5B, 0x40, 0x7C, 0xED, 0xEB, 0x96, 0xFC, 0xD4, 0x57, 0xF4, 0xCC, 0x41, 0xCA, 0x02,
    0xAF, 0x69, 0xB3, 0xCA, 0x31, 0xBC, 0x3A, 0xC5, 0xA4, 0x25, 0x2F, 0x75, 0xC7, 0x1C, 0xA0, 0x36,
    0xBF, 0x88, 0xF0, 0xC6, 0x5C, 0x36, 0x42, 0x99, 0xBE, 0x65, 0xA9, 0x57, 0xDA, 0x38, 0x28, 0xD4,
    0xD5, 0x33, 0x0D, 0xD5, 0xE7, 0x27, 0x73, 0x10, 0x62, 0xC4, 0x11, 0xC3, 0xC6, 0x41, 0x1B, 0x33,
    0x01, 0x82, 0xCC, 0x55, 0xAA, 0x5A, 0x0D, 0x82, 0xA8, 0xDB, 0x8D, 0xD2, 0xC4, 0x9D, 0x86, 0x28,
    0xEA, 0x66, 0xA5, 0x73, 0x19, 0x5A, 0xC7, 0x54, 0x0F, 0x79, 0x89, 0xD2, 0xF8, 0x9B, 0xDC, 0xC9,
    0x52, 0x4B, 0x09, 0x11, 0x0C, 0xA2, 0xCA, 0x67, 0x8F, 0x99, 0x0C, 0x6C, 0x1B, 0x1B, 0xF4, 0x64,
    0x97, 0x2F, 0xB6, 0x7E, 0xD8, 0x0C, 0x25, 0x16, 0x9A, 0xB7, 0xC6, 0x4F, 0x5A, 0xEC, 0x38, 0xC7,
    0x3E, 0xBE, 0xE3, 0x11, 0x86, 0xC7, 0xCE, 0xE5, 0xA7, 0xC2, 0xF5, 0x60, 0xF1, 0x37, 0xFF, 0x73,
    0xF6, 0xE5, 0x61, 0xE5, 0x24, 0xE8, 0x70, 0x5A, 0x39, 0x69, 0x14, 0xC1, 0x36, 0x37, 0x74, 0x25,
    0xCF, 0x10, 0xD0, 0x34, 0x27, 0xF6, 0x33, 0x3D, 0xF8, 0xC6, 0x1D, 0x4C, 0x9B, 0xE6, 0xE1, 0x3F,
    0x2D, 0x94, 0x41, 0x68, 0x1C, 0x65, 0x14, 0xC7, 0x7F, 0x33, 0x13, 0x77, 0x9A, 0xCC, 0xCE, 0xEC,
    0xA5, 0xC1, 0x90, 0xCC, 0x66, 0x41, 0xC4, 0x0C, 0x64, 0x92, 0x1D, 0x75, 0xAC, 0x6B, 0x5D, 0xD9,
    0x0F, 0x14, 0xBD, 0xA8, 0xE4, 0xD0, 0xD2, 0x9B, 0x0D, 0x62, 0xC1, 0x43, 0xAD, 0x43, 0x40, 0x2C,
    0xA5, 0xD8, 0x0F, 0x2A, 0x41, 0x8A, 0x87, 0x15, 0x94, 0x0A, 0x5E, 0x16, 0xAC, 0x60, 0xA2, 0xE0,
    0x16, 0x62, 0x8D, 0x8A, 0xC9, 0x1C, 0x84, 0x7A, 0xA8, 0xB0, 0xD8, 0x52, 0x3C, 0x78, 0x98, 0x8B,
    0x9A, 0x62, 0xC0, 0x1C, 0x22, 0xE6, 0x10, 0x3B, 0xBE, 0x6F, 0x13, 0x78, 0x6F, 0x98, 0x61, 0xFE,
    0xF3, 0xFE, 0xDF, 0xFB, 0xBF, 0xFF, 0x1B, 0x6F, 0xD0, 0x22, 0xA3, 0x77, 0xE2, 0x97, 0xAD, 0xDB,
    0xEA, 0x9B, 0xEE, 0xD4, 0x35, 0x97, 0x31, 0x6A, 0x3B, 0x8C, 0x28, 0x1E, 0x51, 0x56, 0xA9, 0xDD,
    0x3F, 0xF0, 0x7F, 0x22, 0xBA, 0xC5, 0xB1, 0xD7, 0x78, 0x32, 0xE1, 0xF8, 0x22, 0xED, 0x2E, 0x8D,
    0x6D, 0x66, 0xBA, 0x3C, 0x0E, 0x6C, 0x28, 0xE7, 0xAE, 0x0A, 0x20, 0x84, 0xE8, 0x79, 0xD2, 0x6F,
    0x49, 0x0B, 0xD2, 0x9C, 0xA7, 0x72, 0xE6, 0xDF, 0xC5, 0xDB, 0x13, 0x04, 0xD6, 0xAA, 0x72, 0x3E,
    0x52, 0x0E, 0xB8, 0xC3, 0xF0, 0x3E, 0x27, 0x38, 0x41, 0x15, 0x36, 0x73, 0x62, 0xF9, 0x4A, 0x10,
    0x0D, 0xCD, 0x5B, 0x5D, 0x06, 0x90, 0x53, 0xB9, 0x87, 0xBB, 0x85, 0xFB, 0xA1, 0x81, 0x09, 0xB8,
    0x0E, 0x9D, 0x52, 0x10, 0x89, 0x64, 0x0F, 0xFF, 0xBF, 0x92, 0x5A, 0xED, 0xB2, 0x0A, 0x6B, 0x0E,
    0xB1, 0xEF, 0x92, 0xB6, 0x3D, 0xD2, 0x8B, 0x63, 0x64, 0x5B, 0x3E, 0x4B, 0xE7, 0xAB, 0x54, 0x04,
    0x75, 0x44, 0xD2, 0xB6, 0x71, 0x9F, 0xC5, 0xBB, 0x4C, 0xB0, 0x2C, 0x9F, 0xEB, 0xF0, 0x67, 0x36,
    0x4B, 0xD2, 0x6D, 0x92, 0x75, 0x92, 0x35, 0xB2, 0x8C, 0x4A, 0x0F, 0xEF, 0x22, 0x81, 0x8F, 0xEF,
    0x2F, 0x54, 0xEB, 0x45, 0xFD, 0xFB, 0xBD, 0xE6, 0x07, 0x79, 0x6A, 0xE9, 0xC4, 0xD6, 0x99, 0xA3,
    0x32, 0x7B, 0x47, 0x8A, 0x08, 0xC6, 0x80, 0x04, 0x62, 0x72, 0x93, 0x6A, 0x3D, 0x67, 0xFA, 0x6B,
    0xE9, 0x6B, 0xB0, 0x43, 0x3A, 0x68, 0x93, 0xF4, 0xAA, 0x64, 0xFD, 0x90, 0xFE, 0xDB, 0xBB, 0xA6,
    0x4B, 0x26, 0x26, 0x1E, 0x9E, 0x68, 0x25, 0x13, 0xE7, 0xB3, 0x68, 0xAB, 0x1B, 0xFD, 0x9A, 0x6F,
    0x96, 0xC5, 0xCC, 0x8C, 0x7A, 0x7A, 0x96, 0x67, 0xE6, 0x69, 0xC7, 0xB4, 0x62, 0x2A, 0x2B, 0x36,
    0x63, 0xA7, 0x5E, 0xC0, 0xB7, 0x97, 0xA9, 0x2E, 0x5D, 0x91, 0x7C, 0x89, 0xF0, 0xD3, 0x17, 0x89,
    0x6E, 0x87, 0xA4, 0x37, 0x23, 0x1E, 0xCD, 0x53, 0x96, 0x74, 0x9F, 0x57, 0x4B, 0x2D, 0xE5, 0x14,
    0x76, 0xCE, 0xA5, 0x02, 0x47, 0xB9, 0xFF, 0xE2, 0xD7, 0x88, 0x02, 0x52, 0x9F, 0xC4, 0x27, 0x8B,
    0xA5, 0x67, 0x9A, 0x1F, 0x1B, 0xCE, 0xD5, 0x1E, 0x27, 0x17, 0xA0, 0xA9, 0xF8, 0x5D, 0x3B, 0xDA,
    0x08, 0xD6, 0xD9, 0x33, 0x9A, 0x9D, 0xEB, 0x32, 0xA7, 0x8C, 0xC6, 0xC1, 0x08, 0xCE, 0xBE, 0x41,
    0xDA, 0x74, 0x5D, 0x47, 0x7B, 0x01, 0x41, 0x0B, 0xBF, 0xE0, 0x52, 0x49, 0xBD, 0x47, 0x94, 0x90,
    0xB6, 0x48, 0x43, 0x32, 0x9F, 0xC9, 0x55, 0x3D, 0xFE, 0x8F, 0x32, 0x43, 0xD8, 0xC6, 0x2A, 0xF0,
    0x7E, 0x64, 0x76, 0x17, 0xA9, 0xD9, 0x84, 0x07, 0x11, 0x4B, 0xD0, 0x2C, 0xE0, 0x8C, 0xE8, 0x51,
    0xF1, 0xE4, 0x51, 0xA6, 0xE9, 0x3B, 0xC2, 0x20, 0x19, 0x3A, 0xDE, 0x20, 0xF2, 0x5A, 0xFD, 0x56,
    0x3D, 0xC9, 0x9E, 0x58, 0xCB, 0x7A, 0x1D, 0x2D, 0x83, 0x35, 0x75, 0x86, 0x29, 0xB7, 0x48, 0x3B,
    0x9E, 0x26, 0xCC, 0x8D, 0x31, 0x92, 0x9C, 0x63, 0x8A, 0x0E, 0x66, 0xF4, 0x2D, 0x82, 0x2F, 0x99,
    0xBD, 0xC5, 0x92, 0x1C, 0x54, 0x44, 0x96, 0xAB, 0x94, 0xEF, 0x62, 0x5F, 0xC3, 0x7D, 0x85, 0xE6,
    0x57, 0x3A, 0xF0, 0x98, 0x3E, 0xCD, 0xDC, 0x1B, 0xCC, 0xAF, 0x9B, 0x76, 0xD2, 0xA1, 0x0D, 0xB2,
    0xA1, 0xD8, 0xD6, 0x86, 0xF2, 0x6E, 0xE8, 0x58, 0xCE, 0xBF, 0x48, 0xBF, 0x4B, 0xF1, 0x1D, 0xC5,
    0x5F, 0x14, 0x37, 0xB9, 0x7E, 0x85, 0x0B, 0x2F, 0xD3, 0xD8, 0xC7, 0x19, 0xC2, 0x18, 0x85, 0x79,
    0x38, 0x0E, 0x7F, 0x32, 0x59, 0xF6, 0xDC, 0xAB, 0x6A, 0xEA, 0x0B, 0x3D, 0x7D, 0x4A, 0xC7, 0x8E,
    0x4A, 0x1D, 0xDD, 0xB7, 0xB5, 0xB5, 0x81, 0x75, 0x55, 0x1B, 0xA9, 0x6D, 0xDD, 0x2C, 0x73, 0x6B,
    0xCF, 0xF8, 0xE5, 0xC0, 0x95, 0xF1, 0x08, 0xDE, 0xFE, 0x41, 0x15, 0xA1, 0xC3, 0xBB, 0xC1, 0x21,
    0xDD, 0x02, 0x85, 0x30, 0xE6, 0x26, 0xAE, 0x6B, 0x2E, 0x28, 0x1A, 0xBB, 0x87, 0x74, 0xF6, 0x28,
    0x63, 0x55, 0xA9, 0x90, 0x57, 0x23, 0xC2, 0x94, 0x28, 0x25, 0xCD, 0x4C, 0x64, 0x7D, 0xB2, 0x77,
    0x86, 0x08, 0x77, 0x97, 0xB9, 0xD7, 0x4D, 0x27, 0x12, 0x6D, 0xA8, 0x69, 0xD1, 0xFA, 0xE8, 0x73,
    0xFD, 0xB9, 0xCF, 0xB2, 0xF6, 0x72, 0xD1, 0xF8, 0x5B, 0x1D, 0x7D, 0xDF, 0xA0, 0x26, 0x57, 0xD5,
    0xF8, 0x49, 0x24, 0x3A, 0xF7, 0xB1, 0xCC, 0xD1, 0xC4, 0x05, 0x1C, 0x2C, 0x90, 0x88, 0x2F, 0xDB,
    0x36, 0xB9, 0x52, 0xB9, 0x43, 0xD1, 0xD9, 0xB7, 0xF2, 0x37, 0x95, 0x30, 0x88, 0x98, 0xBE, 0xBC,
    0xB1, 0x05, 0x21, 0x87, 0x5E, 0x37, 0x7E, 0x08, 0xD6, 0x38, 0xA7, 0x38, 0x6B, 0x13, 0x7B, 0xB4,
    0x7C, 0xD2, 0x75, 0x3A, 0x66, 0x1C, 0x4C, 0xC3, 0x63, 0xCA, 0x44, 0xB3, 0x1C, 0x38, 0x64, 0x15,
    0x92, 0xCA, 0xFD, 0xC4, 0x7B, 0x68, 0x30, 0x3F, 0x1C, 0xB3, 0x7D, 0xD0, 0xB0, 0xAD, 0x0E, 0x09,
    0xA7, 0x94, 0x5D, 0xEE, 0x79, 0x41, 0xE8, 0xFB, 0x7E, 0x58, 0xAD, 0xC6, 0x47, 0xC2, 0x16, 0x71,
    0x2A, 0x73, 0x5B, 0x55, 0xD6, 0xDD, 0xC2, 0xCE, 0xFB, 0x8E, 0x59, 0x97, 0x62, 0xEA, 0x13, 0xDD,
    0x58, 0x31, 0x16, 0xE9, 0xEC, 0x98, 0x39, 0x86, 0x07, 0x9A, 0x3D, 0xB0, 0x48, 0xA3, 0xE0, 0x87,
    0xC2, 0xFE, 0x2D, 0x77, 0x27, 0xB4, 0x37, 0x6E, 0xFE, 0x12, 0xFE, 0xD0, 0x49, 0xD2, 0x86, 0x7D,
    0xC7, 0x08, 0x6D, 0x60, 0xEF, 0x61, 0x6F, 0xE3, 0x9E, 0x36, 0x96, 0x0A, 0x5C, 0xFC, 0x69, 0x6A,
    0xBB, 0x84, 0xE1, 0xA1, 0xDD, 0xD3, 0xB3, 0x66, 0x05, 0x46, 0x87, 0xC0, 0xFF, 0x01, 0xCB, 0x62,
    0xC8, 0x62, 0x00, 0x00, 0x95, 0xCF, 0xB1, 0x4D, 0x03, 0x31, 0x18, 0x86, 0xE1, 0xD7, 0x76, 0xA2,
    0x93, 0xA2, 0xA4, 0xA3, 0x40, 0x02, 0x41, 0x4B, 0x41, 0x71, 0xC5, 0x15, 0x57, 0x45, 0x17, 0x10,
    0x35, 0x2B, 0x50, 0x52, 0xA4, 0xF0, 0x08, 0xCE, 0x02, 0xCC, 0x70, 0x23, 0x78, 0x84, 0x3F, 0x1B,
    0x58, 0x61, 0x81, 0x8C, 0x80, 0x10, 0x05, 0x0D, 0x1C, 0x5F, 0x4E, 0x91, 0x10, 0x4A, 0x85, 0x64,
    0x77, 0xDF, 0x2B, 0x3F, 0x66, 0xEA, 0x3A, 0x96, 0x8F, 0x89, 0x78, 0x0B, 0xB9, 0x25, 0x0C, 0x03,
    0x94, 0x1A, 0x2C, 0xE2, 0xAC, 0xC7, 0xA7, 0x42, 0xE8, 0x74, 0x57, 0x46, 0x70, 0x46, 0xE5, 0x13,
    0xB3, 0xD0, 0xB1, 0xBE, 0x80, 0xA7, 0x73, 0x60, 0x0A, 0xCB, 0x67, 0xE2, 0x19, 0x99, 0xF0, 0x55,
    0x53, 0x22, 0xD6, 0x3B, 0x2B, 0xEA, 0x94, 0x1C, 0x8E, 0x4F, 0x15, 0xCC, 0x60, 0xAD, 0xE0, 0xB0,
    0x9F, 0x8C, 0xFB, 0x96, 0xDC, 0xFC, 0xDD, 0x8F, 0xE3, 0xBB, 0xD3, 0xFD, 0xE8, 0x7B, 0x91, 0x6F,
    0x72, 0xF4, 0x5D, 0xCA, 0x77, 0x23, 0x5F, 0x23, 0x5F, 0xA3, 0x77, 0xA2, 0x7C, 0x51, 0x71, 0x2F,
    0x5F, 0x39, 0xF5, 0xB9, 0x87, 0x63, 0xBF, 0x50, 0x3F, 0xFF, 0x7F, 0xAF, 0xFF, 0xED, 0xC9, 0x91,
    0x7D, 0xE6, 0xF5, 0x1B, 0x2B, 0xCE, 0xCC, 0x6F, 0x24, 0x4D, 0xE1, 0x3E, 0x55, 0x21, 0x55, 0xFE,
    0x43, 0xD8, 0xC5, 0xAF, 0x57, 0xDC, 0x37, 0xEA, 0x9A, 0x18, 0xAF, 0xDF, 0x87, 0x96, 0xBE, 0xA5,
    0x5C, 0x61, 0x61, 0x6B, 0xEC, 0x6C, 0xB5, 0xB3, 0x61, 0xF3, 0xA9, 0xD5, 0x0F, 0x63, 0x60, 0x00,
    0x02, 0x76, 0x07, 0x06, 0x06, 0xF9, 0x0B, 0x0C, 0x0C, 0x55, 0x5B, 0x18, 0x18, 0x0F, 0xC8, 0x32,
    0xB0, 0xFF, 0xF7, 0x77, 0x90, 0xFF, 0xCF, 0x7F, 0xC1, 0xFE, 0x8F, 0xFD, 0x07, 0xF9, 0x2F, 0xFF,
    0x2F, 0xB0, 0xFF, 0xFB, 0xEF, 0xC0, 0xF8, 0xF3, 0x2F, 0x03, 0x43, 0xC9, 0x17, 0x88, 0x3A, 0x90,
    0x7A, 0x20, 0x00, 0x00,
};

static const EpdGlyph notosans_c15_italicGlyphs[] = {
    { 0, 0, 0, 0, 0, 0, 0 }, // U+0000
    { 0, 0, 62, 0, 0, 0, 0 }, // U+000D
    { 0, 0, 62, 0, 0, 0, 0 }, // U+0020
    { 5, 12, 63, 0, 11, 15, 0 }, // !
    { 6, 5, 94, 1, 11, 8, 15 }, // "
    { 10, 11, 155, 0, 11, 28, 23 }, // #
    { 8, 13, 132, 0, 12, 26, 51 }, // $
    { 11, 12, 192, 1, 11, 33, 77 }, // %
    { 10, 12, 162, 0, 11, 30, 110 }, // &
    { 3, 5, 53, 1, 11, 4, 140 }, // '
    { 6, 14, 70, 0, 11, 21, 144 }, // (
    { 6, 14, 70, -2, 11, 21, 165 }, // )
    { 8, 8, 132, 1, 12, 16, 186 }, // *
    { 8, 8, 137, 1, 9, 16, 202 }, // +
    { 4, 4, 61, -1, 2, 4, 218 }, // ,
    { 5, 2, 75, 0, 5, 3, 222 }, // -
    { 3, 3, 61, 0, 2, 3, 225 }, // .
    { 8, 11, 85, -1, 11, 22, 228 }, // /
    { 9, 12, 134, 0, 11, 27, 250 }, // 0
    { 6, 11, 109, 1, 11, 17, 277 }, // 1
    { 9, 11, 132, -1, 11, 25, 294 }, // 2
    { 9, 12, 132, -1, 11, 27, 319 }, // 3
    { 9, 11, 132, 0, 11, 25, 346 }, // 4
    { 8, 12, 132, 0, 11, 24, 371 }, // 5
    { 8, 12, 132, 0, 11, 24, 395 }, // 6
    { 9, 11, 114, 0, 11, 25, 419 }, // 7
    { 8, 12, 132, 0, 11, 24, 444 }, // 8
    { 8, 12, 132, 0, 11, 24, 468 }, // 9
    { 4, 10, 61, 0, 9, 10, 492 }, // :
    { 5, 11, 61, -1, 9, 14, 502 }, // ;
    { 8, 9, 137, 1, 10, 18, 516 }, // <
    { 8, 5, 137, 1, 8, 10, 534 }, // =
    { 8, 9, 137, 1, 10, 18, 544 }, // >
    { 6, 12, 103, 1, 11, 18, 562 }, // ?
    { 13, 13, 204, 0, 11, 43, 580 }, // @
    { 9, 11, 135, -1, 11, 25, 623 }, // A
    { 9, 11, 144, 0, 11, 25, 648 }, // B
    { 9, 12, 141, 1, 11, 27, 673 }, // C
    { 10, 11, 160, 0, 11, 28, 700 }, // D
    { 9, 11, 123, 0, 11, 25, 728 }, // E
    { 9, 11, 114, 0, 11, 25, 753 }, // F
    { 9, 12, 163, 1, 11, 27, 778 }, // G
    { 11, 11, 163, 0, 11, 31, 805 }, // H
    { 7, 11, 78, -1, 11, 20, 836 }, // I
    { 8, 14, 66, -3, 11, 28, 856 }, // J
    { 10, 11, 135, 0, 11, 28, 884 }, // K
    { 7, 11, 115, 0, 11, 20, 912 }, // L
    { 13, 11, 202, 0, 11, 36, 932 }, // M
    { 11, 11, 170, 0, 11, 31, 968 }, // N
    { 10, 12, 173, 1, 11, 30, 999 }, // O
    { 9, 11, 136, 0, 11, 25, 1029 }, // P
    { 10, 14, 173, 1, 11, 35, 1054 }, // Q
    { 9, 11, 138, 0, 11, 25, 1089 }, // R
    { 8, 12, 121, 0, 11, 24, 1114 }, // S
    { 8, 11, 120, 1, 11, 22, 1138 }, // T
    { 10, 12, 162, 1, 11, 30, 1160 }, // U
    { 9, 11, 132, 1, 11, 25, 1190 }, // V
    { 14, 11, 205, 1, 11, 39, 1215 }, // W
    { 11, 11, 126, -1, 11, 31, 1254 }, // X
    { 9, 11, 122, 1, 11, 25, 1285 }, // Y
    { 10, 11, 127, -1, 11, 28, 1310 }, // Z
    { 7, 14, 70, -1, 11, 25, 1338 }, // [
    { 4, 11, 85, 1, 11, 11, 1363 }, // <backslash>
    { 7, 14, 70, -2, 11, 25, 1374 }, // ]
    { 9, 7, 137, 0, 11, 16, 1399 }, // ^
    { 7, 2, 95, -2, -1, 4, 1415 }, // _
    { 3, 3, 67, 2, 12, 3, 1419 }, // `
    { 9, 10, 136, 0, 9, 23, 1422 }, // a
    { 8, 13, 139, 0, 12, 26, 1445 }, // b
    { 7, 10, 109, 0, 9, 18, 1471 }, // c
    { 9, 13, 139, 0, 12, 30, 1489 }, // d
    { 8, 10, 120, 0, 9, 20, 1519 }, // e
    { 9, 16, 76, -2, 12, 36, 1539 }, // f
    { 9, 13, 139, 0, 9, 30, 1575 }, // g
    { 8, 12, 139, 0, 12, 24, 1605 }, // h
    { 5, 12, 62, 0, 12, 15, 1629 }, // i
    { 7, 16, 62, -2, 12, 28, 1644 }, // j
    { 8, 12, 119, 0, 12, 24, 1672 }, // k
    { 5, 12, 62, 0, 12, 15, 1696 }, // l
    { 13, 9, 210, 0, 9, 30, 1711 }, // m
    { 8, 9, 139, 0, 9, 18, 1741 }, // n
    { 8, 10, 135, 0, 9, 20, 1759 }, // o
    { 9, 13, 139, -1, 9, 30, 1779 }, // p
    { 9, 13, 139, 0, 9, 30, 1809 }, // q
    { 7, 9, 96, 0, 9, 16, 1839 }, // r
    { 7, 10, 104, 0, 9, 18, 1855 }, // s
    { 6, 11, 80, 0, 10, 17, 1873 }, // t
    { 9, 10, 139, 0, 9, 23, 1890 }, // u
    { 8, 9, 112, 0, 9, 18, 1913 }, // v
    { 12, 9, 174, 0, 9, 27, 1931 }, // w
    { 9, 9, 116, -1, 9, 21, 1958 }, // x
    { 10, 13, 112, -2, 9, 33, 1979 }, // y
    { 8, 9, 107, -1, 9, 18, 2012 }, // z
    { 6, 14, 84, 0, 11, 21, 2030 }, // {
    { 2, 16, 132, 3, 12, 8, 2051 }, // |
    { 7, 14, 84, -1, 11, 25, 2059 }, // }
    { 8, 3, 137, 1, 7, 6, 2084 }, // ~
    { 0, 0, 62, 0, 0, 0, 0 }, // U+00A0
    { 5, 12, 63, -1, 9, 15, 0 }, // U+00A1
    { 7, 12, 132, 1, 11, 21, 15 }, // U+00A2
    { 10, 11, 132, -1, 11, 28, 36 }, // U+00A3
    { 7, 7, 132, 1, 9, 13, 64 }, // U+00A4
    { 10, 11, 132, 0, 11, 28, 77 }, // U+00A5
    { 2, 16, 132, 3, 12, 8, 105 }, // U+00A6
    { 8, 13, 117, 0, 12, 26, 113 }, // U+00A7
    { 5, 2, 133, 3, 11, 3, 139 }, // U+00A8
    { 12, 12, 200, 0, 11, 36, 142 }, // U+00A9
    { 5, 6, 81, 1, 11, 8, 178 }, // U+00AA
    { 7, 8, 114, 0, 8, 14, 186 }, // U+00AB
    { 8, 5, 137, 1, 6, 10, 200 }, // U+00AC
    { 5, 2, 75, 0, 5, 3, 210 }, // U+00AD
    { 12, 12, 200, 0, 11, 36, 213 }, // U+00AE
    { 7, 2, 94, 1, 13, 4, 249 }, // U+00AF
    { 6, 5, 103, 0, 11, 8, 253 }, // U+00B0
    { 8, 9, 137, 1, 9, 18, 261 }, // U+00B1
    { 5, 7, 85, 1, 13, 9, 279 }, // U+00B2
    { 5, 7, 85, 1, 13, 9, 288 }, // U+00B3
    { 4, 3, 63, 1, 12, 3, 297 }, // U+00B4
    { 10, 13, 140, -1, 9, 33, 300 }, // U+00B5
    { 8, 14, 157, 1, 12, 28, 333 }, // U+00B6
    { 3, 3, 61, 1, 6, 3, 361 }, // U+00B7
    { 4, 4, 49, -2, 0, 4, 364 }, // U+00B8
    { 4, 7, 85, 2, 13, 7, 368 }, // U+00B9
    { 5, 6, 81, 1, 11, 8, 375 }, // U+00BA
    { 7, 8, 114, 0, 8, 14, 383 }, // U+00BB
    { 10, 11, 176, 1, 11, 28, 397 }, // U+00BC
    { 11, 11, 193, 1, 11, 31, 425 }, // U+00BD
    { 12, 11, 190, 0, 11, 33, 456 }, // U+00BE
    { 7, 12, 103, -1, 9, 21, 489 }, // U+00BF
    { 9, 15, 135, -1, 15, 34, 510 }, // U+00C0
    { 10, 15, 135, -1, 15, 38, 544 }, // U+00C1
    { 10, 15, 135, -1, 15, 38, 582 }, // U+00C2
    { 10, 15, 135, -1, 15, 38, 620 }, // U+00C3
    { 10, 14, 135, -1, 14, 35, 658 }, // U+00C4
    { 9, 16, 135, -1, 16, 36, 693 }, // U+00C5
    { 14, 11, 198, -1, 11, 39, 729 }, // U+00C6
    { 9, 15, 141, 1, 11, 34, 768 }, // U+00C7
    { 9, 15, 123, 0, 15, 34, 802 }, // U+00C8
    { 9, 15, 123, 0, 15, 34, 836 }, // U+00C9
    { 9, 15, 123, 0, 15, 34, 870 }, // U+00CA
    { 9, 14, 123, 0, 14, 32, 904 }, // U+00CB
    { 7, 15, 78, -1, 15, 27, 936 }, // U+00CC
    { 8, 15, 78, -1, 15, 30, 963 }, // U+00CD
    { 8, 15, 78, -1, 15, 30, 993 }, // U+00CE
    { 8, 14, 78, -1, 14, 28, 1023 }, // U+00CF
    { 10, 11, 160, 0, 11, 28, 1051 }, // U+00D0
    { 11, 15, 170, 0, 15, 42, 1079 }, // U+00D1
    { 10, 16, 173, 1, 15, 40, 1121 }, // U+00D2
    { 10, 16, 173, 1, 15, 40, 1161 }, // U+00D3
    { 10, 16, 173, 1, 15, 40, 1201 }, // U+00D4
    { 10, 16, 173, 1, 15, 40, 1241 }, // U+00D5
    { 10, 15, 173, 1, 14, 38, 1281 }, // U+00D6
    { 7, 8, 137, 1, 9, 14, 1319 }, // U+00D7
    { 11, 13, 173, 0, 12, 36, 1333 }, // U+00D8
    { 10, 16, 162, 1, 15, 40, 1369 }, // U+00D9
    { 10, 16, 162, 1, 15, 40, 1409 }, // U+00DA
    { 10, 16, 162, 1, 15, 40, 1449 }, // U+00DB
    { 10, 15, 162, 1, 14, 38, 1489 }, // U+00DC
    { 9, 15, 122, 1, 15, 34, 1527 }, // U+00DD
    { 9, 11, 136, 0, 11, 25, 1561 }, // U+00DE
    { 11, 16, 140, -2, 12, 44, 1586 }, // U+00DF
    { 9, 13, 136, 0, 12, 30, 1630 }, // U+00E0
    { 9, 13, 136, 0, 12, 30, 1660 }, // U+00E1
    { 9, 13, 136, 0, 12, 30, 1690 }, // U+00E2
    { 9, 13, 136, 0, 12, 30, 1720 }, // U+00E3
    { 9, 12, 136, 0, 11, 27, 1750 }, // U+00E4
    { 9, 14, 136, 0, 13, 32, 1777 }, // U+00E5
    { 12, 10, 197, 0, 9, 30, 1809 }, // U+00E6
    { 7, 13, 109, 0, 9, 23, 1839 }, // U+00E7
    { 8, 13, 120, 0, 12, 26, 1862 }, // U+00E8
    { 8, 13, 120, 0, 12, 26, 1888 }, // U+00E9
    { 8, 13, 120, 0, 12, 26, 1914 }, // U+00EA
    { 8, 12, 120, 0, 11, 24, 1940 }, // U+00EB
    { 4, 12, 62, 0, 12, 12, 1964 }, // U+00EC
    { 6, 12, 62, 0, 12, 18, 1976 }, // U+00ED
    { 6, 12, 62, 0, 12, 18, 1994 }, // U+00EE
    { 6, 11, 62, 0, 11, 17, 2012 }, // U+00EF
    { 9, 13, 137, 0, 12, 30, 2029 }, // U+00F0
    { 9, 12, 139, 0, 12, 27, 2059 }, // U+00F1
    { 8, 13, 135, 0, 12, 26, 2086 }, // U+00F2
    { 8, 13, 135, 0, 12, 26, 2112 }, // U+00F3
    { 8, 13, 135, 0, 12, 26, 2138 }, // U+00F4
    { 8, 13, 135, 0, 12, 26, 2164 }, // U+00F5
    { 8, 12, 135, 0, 11, 24, 2190 }, // U+00F6
    { 8, 8, 137, 1, 9, 16, 2214 }, // U+00F7
    { 9, 10, 135, 0, 9, 23, 2230 }, // U+00F8
    { 9, 13, 139, 0, 12, 30, 2253 }, // U+00F9
    { 9, 13, 139, 0, 12, 30, 2283 }, // U+00FA
    { 9, 13, 139, 0, 12, 30, 2313 }, // U+00FB
    { 9, 12, 139, 0, 11, 27, 2343 }, // U+00FC
    { 10, 16, 112, -2, 12, 40, 2370 }, // U+00FD
    { 9, 16, 139, -1, 12, 36, 2410 }, // U+00FE
    { 10, 15, 112, -2, 11, 38, 2446 }, // U+00FF
    { 10, 14, 135, -1, 14, 35, 0 }, // U+0100
    { 9, 12, 136, 0, 11, 27, 35 }, // U+0101
    { 10, 15, 135, -1, 15, 38, 62 }, // U+0102
    { 9, 13, 136, 0, 12, 30, 100 }, // U+0103
    { 9, 15, 135, -1, 11, 34, 130 }, // U+0104
    { 9, 13, 136, 0, 9, 30, 164 }, // U+0105
    { 9, 16, 141, 1, 15, 36, 194 }, // U+0106
    { 8, 13, 109, 0, 12, 26, 230 }, // U+0107
    { 9, 16, 141, 1, 15, 36, 256 }, // U+0108
    { 7, 13, 109, 0, 12, 23, 292 }, // U+0109
    { 9, 16, 141, 1, 15, 36, 315 }, // U+010A
    { 7, 13, 109, 0, 12, 23, 351 }, // U+010B
    { 9, 16, 141, 1, 15, 36, 374 }, // U+010C
    { 8, 13, 109, 0, 12, 26, 410 }, // U+010D
    { 10, 15, 160, 0, 15, 38, 436 }, // U+010E
    { 12, 13, 147, 0, 12, 39, 474 }, // U+010F
    { 10, 11, 160, 0, 11, 28, 513 }, // U+0110
    { 10, 13, 139, 0, 12, 33, 541 }, // U+0111
    { 9, 14, 123, 0, 14, 32, 574 }, // U+0112
    { 8, 12, 120, 0, 11, 24, 606 }, // U+0113
    { 9, 15, 123, 0, 15, 34, 630 }, // U+0114
    { 8, 13, 120, 0, 12, 26, 664 }, // U+0115
    { 9, 15, 123, 0, 15, 34, 690 }, // U+0116
    { 8, 13, 120, 0, 12, 26, 724 }, // U+0117
    { 9, 15, 123, 0, 11, 34, 750 }, // U+0118
    { 8, 13, 120, 0, 9, 26, 784 }, // U+0119
    { 9, 15, 123, 0, 15, 34, 810 }, // U+011A
    { 8, 13, 120, 0, 12, 26, 844 }, // U+011B
    { 9, 16, 163, 1, 15, 36, 870 }, // U+011C
    { 9, 16, 139, 0, 12, 36, 906 }, // U+011D
    { 9, 16, 163, 1, 15, 36, 942 }, // U+011E
    { 9, 16, 139, 0, 12, 36, 978 }, // U+011F
    { 9, 16, 163, 1, 15, 36, 1014 }, // U+0120
    { 9, 16, 139, 0, 12, 36, 1050 }, // U+0121
    { 9, 15, 163, 1, 11, 34, 1086 }, // U+0122
    { 9, 16, 139, 0, 12, 36, 1120 }, // U+0123
    { 11, 15, 163, 0, 15, 42, 1156 }, // U+0124
    { 8, 15, 139, 0, 15, 30, 1198 }, // U+0125
    { 12, 11, 163, 0, 11, 33, 1228 }, // U+0126
    { 8, 12, 139, 0, 12, 24, 1261 }, // U+0127
    { 8, 15, 78, -1, 15, 30, 1285 }, // U+0128
    { 6, 12, 62, 0, 12, 18, 1315 }, // U+0129
    { 8, 14, 78, -1, 14, 28, 1333 }, // U+012A
    { 6, 11, 62, 0, 11, 17, 1361 }, // U+012B
    { 8, 15, 78, -1, 15, 30, 1378 }, // U+012C
    { 6, 12, 62, 0, 12, 18, 1408 }, // U+012D
    { 7, 15, 78, -1, 11, 27, 1426 }, // U+012E
    { 6, 16, 62, -1, 12, 24, 1453 }, // U+012F
    { 7, 15, 78, -1, 15, 27, 1477 }, // U+0130
    { 4, 9, 62, 0, 9, 9, 1504 }, // U+0131
    { 11, 14, 143, -1, 11, 39, 1513 }, // U+0132
    { 8, 16, 124, 0, 12, 32, 1552 }, // U+0133
    { 9, 18, 66, -3, 15, 41, 1584 }, // U+0134
    { 8, 16, 62, -2, 12, 32, 1625 }, // U+0135
    { 10, 15, 135, 0, 11, 38, 1657 }, // U+0136
    { 8, 16, 119, 0, 12, 32, 1695 }, // U+0137
    { 8, 9, 119, 0, 9, 18, 1727 }, // U+0138
    { 7, 15, 115, 0, 15, 27, 1745 }, // U+0139
    { 7, 15, 62, 0, 15, 27, 1772 }, // U+013A
    { 7, 15, 115, 0, 11, 27, 1799 }, // U+013B
    { 6, 16, 62, -1, 12, 24, 1826 }, // U+013C
    { 8, 11, 115, 0, 11, 22, 1850 }, // U+013D
    { 7, 12, 69, 0, 12, 21, 1872 }, // U+013E
    { 7, 11, 115, 0, 11, 20, 1893 }, // U+013F
    { 6, 12, 71, 0, 12, 18, 1913 }, // U+0140
    { 7, 11, 115, 0, 11, 20, 1931 }, // U+0141
    { 5, 12, 62, 0, 12, 15, 1951 }, // U+0142
    { 11, 15, 170, 0, 15, 42, 1966 }, // U+0143
    { 8, 12, 139, 0, 12, 24, 2008 }, // U+0144
    { 11, 15, 170, 0, 11, 42, 2032 }, // U+0145
    { 8, 13, 139, 0, 9, 26, 2074 }, // U+0146
    { 11, 15, 170, 0, 15, 42, 2100 }, // U+0147
    { 9, 12, 139, 0, 12, 27, 2142 }, // U+0148
    { 10, 11, 158, 0, 11, 28, 2169 }, // U+0149
    { 11, 14, 170, 0, 11, 39, 2197 }, // U+014A
    { 8, 13, 139, 0, 9, 26, 2236 }, // U+014B
    { 10, 15, 173, 1, 14, 38, 2262 }, // U+014C
    { 8, 12, 135, 0, 11, 24, 2300 }, // U+014D
    { 10, 16, 173, 1, 15, 40, 2324 }, // U+014E
    { 8, 13, 135, 0, 12, 26, 2364 }, // U+014F
    { 10, 16, 173, 1, 15, 40, 2390 }, // U+0150
    { 9, 13, 135, 0, 12, 30, 2430 }, // U+0151
    { 13, 12, 206, 1, 11, 39, 2460 }, // U+0152
    { 13, 10, 208, 0, 9, 33, 2499 }, // U+0153
    { 9, 15, 138, 0, 15, 34, 2532 }, // U+0154
    { 7, 12, 96, 0, 12, 21, 2566 }, // U+0155
    { 9, 15, 138, 0, 11, 34, 2587 }, // U+0156
    { 8, 13, 96, -1, 9, 26, 2621 }, // U+0157
    { 9, 15, 138, 0, 15, 34, 2647 }, // U+0158
    { 8, 12, 96, 0, 12, 24, 2681 }, // U+0159
    { 8, 16, 121, 0, 15, 32, 2705 }, // U+015A
    { 7, 13, 104, 0, 12, 23, 2737 }, // U+015B
    { 8, 16, 121, 0, 15, 32, 2760 }, // U+015C
    { 7, 13, 104, 0, 12, 23, 2792 }, // U+015D
    { 8, 15, 121, 0, 11, 30, 2815 }, // U+015E
    { 7, 13, 104, 0, 9, 23, 2845 }, // U+015F
    { 8, 16, 121, 0, 15, 32, 2868 }, // U+0160
    { 7, 13, 104, 0, 12, 23, 2900 }, // U+0161
    { 8, 15, 120, 1, 11, 30, 2923 }, // U+0162
    { 6, 14, 80, 0, 10, 21, 2953 }, // U+0163
    { 8, 15, 120, 1, 15, 30, 2974 }, // U+0164
    { 7, 13, 80, 0, 12, 23, 3004 }, // U+0165
    { 8, 11, 120, 1, 11, 22, 3027 }, // U+0166
    { 6, 11, 80, 0, 10, 17, 3049 }, // U+0167
    { 10, 16, 162, 1, 15, 40, 3066 }, // U+0168
    { 9, 13, 139, 0, 12, 30, 3106 }, // U+0169
    { 10, 15, 162, 1, 14, 38, 3136 }, // U+016A
    { 9, 12, 139, 0, 11, 27, 3174 }, // U+016B
    { 10, 16, 162, 1, 15, 40, 3201 }, // U+016C
    { 9, 13, 139, 0, 12, 30, 3241 }, // U+016D
    { 10, 17, 162, 1, 16, 43, 3271 }, // U+016E
    { 9, 14, 139, 0, 13, 32, 3314 }, // U+016F
    { 10, 16, 162, 1, 15, 40, 3346 }, // U+0170
    { 10, 13, 139, 0, 12, 33, 3386 }, // U+0171
    { 10, 15, 162, 1, 11, 38, 3419 }, // U+0172
    { 9, 13, 139, 0, 9, 30, 3457 }, // U+0173
    { 14, 15, 205, 1, 15, 53, 3487 }, // U+0174
    { 12, 12, 174, 0, 12, 36, 3540 }, // U+0175
    { 9, 15, 122, 1, 15, 34, 3576 }, // U+0176
    { 10, 16, 112, -2, 12, 40, 3610 }, // U+0177
    { 9, 14, 122, 1, 14, 32, 3650 }, // U+0178
    { 10, 15, 127, -1, 15, 38, 3682 }, // U+0179
    { 8, 12, 107, -1, 12, 24, 3720 }, // U+017A
    { 10, 15, 127, -1, 15, 38, 3744 }, // U+017B
    { 8, 12, 107, -1, 12, 24, 3782 }, // U+017C
    { 10, 15, 127, -1, 15, 38, 3806 }, // U+017D
    { 9, 12, 107, -1, 12, 27, 3844 }, // U+017E
    { 9, 16, 68, -2, 12, 36, 3871 }, // U+017F
    { 12, 13, 173, 1, 12, 39, 0 }, // U+01A0
    { 10, 11, 136, 0, 10, 28, 39 }, // U+01A1
    { 12, 13, 174, 1, 12, 39, 67 }, // U+01AF
    { 12, 11, 150, 0, 10, 33, 106 }, // U+01B0
    { 19, 15, 288, 0, 15, 72, 139 }, // U+01C4
    { 18, 12, 267, 0, 12, 54, 211 }, // U+01C5
    { 16, 13, 246, 0, 12, 52, 265 }, // U+01C6
    { 12, 14, 180, 0, 11, 42, 317 }, // U+01C7
    { 12, 16, 177, 0, 12, 48, 359 }, // U+01C8
    { 8, 16, 124, 0, 12, 32, 407 }, // U+01C9
    { 15, 14, 235, 0, 11, 53, 439 }, // U+01CA
    { 15, 16, 232, 0, 12, 60, 492 }, // U+01CB
    { 13, 16, 201, 0, 12, 52, 552 }, // U+01CC
    { 10, 15, 135, -1, 15, 38, 604 }, // U+01CD
    { 9, 13, 136, 0, 12, 30, 642 }, // U+01CE
    { 8, 15, 78, -1, 15, 30, 672 }, // U+01CF
    { 6, 12, 62, 0, 12, 18, 702 }, // U+01D0
    { 10, 16, 173, 1, 15, 40, 720 }, // U+01D1
    { 8, 13, 135, 0, 12, 26, 760 }, // U+01D2
    { 10, 16, 162, 1, 15, 40, 786 }, // U+01D3
    { 9, 13, 139, 0, 12, 30, 826 }, // U+01D4
    { 10, 17, 162, 1, 16, 43, 856 }, // U+01D5
    { 9, 14, 139, 0, 13, 32, 899 }, // U+01D6
    { 10, 17, 162, 1, 16, 43, 931 }, // U+01D7
    { 9, 15, 139, 0, 14, 34, 974 }, // U+01D8
    { 10, 18, 162, 1, 17, 45, 1008 }, // U+01D9
    { 9, 15, 139, 0, 14, 34, 1053 }, // U+01DA
    { 10, 17, 162, 1, 16, 43, 1087 }, // U+01DB
    { 9, 15, 139, 0, 14, 34, 1130 }, // U+01DC
    { 7, 10, 118, 0, 9, 18, 1164 }, // U+01DD
    { 10, 16, 135, -1, 16, 40, 1182 }, // U+01DE
    { 9, 14, 136, 0, 13, 32, 1222 }, // U+01DF
    { 10, 16, 135, -1, 16, 40, 1254 }, // U+01E0
    { 9, 14, 136, 0, 13, 32, 1294 }, // U+01E1
    { 14, 14, 198, -1, 14, 49, 1326 }, // U+01E2
    { 12, 12, 197, 0, 11, 36, 1375 }, // U+01E3
    { 9, 12, 163, 1, 11, 27, 1411 }, // U+01E4
    { 9, 13, 121, 0, 9, 30, 1438 }, // U+01E5
    { 9, 16, 163, 1, 15, 36, 1468 }, // U+01E6
    { 9, 16, 139, 0, 12, 36, 1504 }, // U+01E7
    { 10, 15, 135, 0, 15, 38, 1540 }, // U+01E8
    { 8, 15, 119, 0, 15, 30, 1578 }, // U+01E9
    { 10, 15, 173, 1, 11, 38, 1608 }, // U+01EA
    { 8, 13, 135, 0, 9, 26, 1646 }, // U+01EB
    { 10, 18, 173, 1, 14, 45, 1672 }, // U+01EC
    { 8, 15, 135, 0, 11, 30, 1717 }, // U+01ED
    { 9, 15, 127, 0, 14, 34, 1747 }, // U+01EE
    { 8, 16, 111, -1, 12, 32, 1781 }, // U+01EF
    { 8, 16, 62, -2, 12, 32, 1813 }, // U+01F0
    { 19, 11, 288, 0, 11, 53, 1845 }, // U+01F1
    { 17, 11, 267, 0, 11, 47, 1898 }, // U+01F2
    { 16, 13, 246, 0, 12, 52, 1945 }, // U+01F3
    { 9, 16, 163, 1, 15, 36, 1997 }, // U+01F4
    { 9, 16, 139, 0, 12, 36, 2033 }, // U+01F5
    { 14, 12, 216, 0, 11, 42, 2069 }, // U+01F6
    { 11, 15, 151, -1, 11, 42, 2111 }, // U+01F7
    { 11, 15, 170, 0, 15, 42, 2153 }, // U+01F8
    { 8, 12, 139, 0, 12, 24, 2195 }, // U+01F9
    { 10, 15, 135, -1, 15, 38, 2219 }, // U+01FA
    { 9, 16, 136, 0, 15, 36, 2257 }, // U+01FB
    { 14, 15, 198, -1, 15, 53, 2293 }, // U+01FC
    { 12, 13, 197, 0, 12, 39, 2346 }, // U+01FD
    { 11, 15, 173, 0, 14, 42, 2385 }, // U+01FE
    { 9, 13, 135, 0, 12, 30, 2427 }, // U+01FF
    { 9, 15, 135, -1, 15, 34, 2457 }, // U+0200
    { 9, 13, 136, 0, 12, 30, 2491 }, // U+0201
    { 10, 15, 135, -1, 15, 38, 2521 }, // U+0202
    { 9, 13, 136, 0, 12, 30, 2559 }, // U+0203
    { 9, 15, 123, 0, 15, 34, 2589 }, // U+0204
    { 8, 13, 120, 0, 12, 26, 2623 }, // U+0205
    { 9, 15, 123, 0, 15, 34, 2649 }, // U+0206
    { 8, 13, 120, 0, 12, 26, 2683 }, // U+0207
    { 7, 15, 78, -1, 15, 27, 2709 }, // U+0208
    { 6, 12, 62, -1, 12, 18, 2736 }, // U+0209
    { 8, 15, 78, -1, 15, 30, 2754 }, // U+020A
    { 6, 12, 62, 0, 12, 18, 2784 }, // U+020B
    { 10, 16, 173, 1, 15, 40, 2802 }, // U+020C
    { 8, 13, 135, 0, 12, 26, 2842 }, // U+020D
    { 10, 16, 173, 1, 15, 40, 2868 }, // U+020E
    { 8, 13, 135, 0, 12, 26, 2908 }, // U+020F
    { 9, 15, 138, 0, 15, 34, 2934 }, // U+0210
    { 7, 12, 96, 0, 12, 21, 2968 }, // U+0211
    { 9, 15, 138, 0, 15, 34, 2989 }, // U+0212
    { 7, 12, 96, 0, 12, 21, 3023 }, // U+0213
    { 10, 16, 162, 1, 15, 40, 3044 }, // U+0214
    { 9, 13, 139, 0, 12, 30, 3084 }, // U+0215
    { 10, 16, 162, 1, 15, 40, 3114 }, // U+0216
    { 9, 13, 139, 0, 12, 30, 3154 }, // U+0217
    { 8, 15, 121, 0, 11, 30, 3184 }, // U+0218
    { 7, 13, 104, 0, 9, 23, 3214 }, // U+0219
    { 8, 15, 120, 1, 11, 30, 3237 }, // U+021A
    { 6, 14, 80, 0, 10, 21, 3267 }, // U+021B
    { 10, 14, 138, -1, 11, 35, 3288 }, // U+021C
    { 10, 13, 119, -2, 9, 33, 3323 }, // U+021D
    { 11, 15, 163, 0, 15, 42, 3356 }, // U+021E
    { 8, 15, 139, 0, 15, 30, 3398 }, // U+021F
    { 8, 10, 132, 0, 9, 20, 0 }, // U+0250
    { 9, 10, 137, 0, 9, 23, 20 }, // U+0251
    { 8, 10, 137, 0, 9, 20, 43 }, // U+0252
    { 8, 13, 139, 0, 12, 26, 63 }, // U+0253
    { 8, 10, 109, -1, 9, 20, 89 }, // U+0254
    { 8, 10, 115, -1, 9, 20, 109 }, // U+0255
    { 9, 16, 139, 0, 12, 36, 129 }, // U+0256
    { 11, 13, 139, 0, 12, 36, 165 }, // U+0257
    { 7, 10, 118, 0, 9, 18, 201 }, // U+0258
    { 7, 10, 120, 0, 9, 18, 219 }, // U+0259
    { 11, 10, 170, 0, 9, 28, 237 }, // U+025A
    { 7, 10, 108, 0, 9, 18, 265 }, // U+025B
    { 8, 10, 107, -1, 9, 20, 283 }, // U+025C
    { 11, 10, 156, -1, 9, 28, 303 }, // U+025D
    { 8, 10, 133, 0, 9, 20, 331 }, // U+025E
    { 6, 13, 62, -2, 9, 20, 351 }, // U+025F
    { 11, 16, 139, 0, 12, 44, 371 }, // U+0260
    { 9, 13, 139, 0, 9, 30, 415 }, // U+0261
    { 8, 10, 130, 0, 9, 20, 445 }, // U+0262
    { 8, 13, 112, 0, 9, 26, 465 }, // U+0263
    { 8, 10, 113, 0, 9, 20, 491 }, // U+0264
    { 9, 13, 139, 0, 9, 30, 511 }, // U+0265
    { 8, 12, 139, 0, 12, 24, 541 }, // U+0266
    { 8, 16, 139, 0, 12, 32, 565 }, // U+0267
    { 5, 12, 62, 0, 12, 15, 597 }, // U+0268
    { 4, 10, 73, 0, 9, 10, 612 }, // U+0269
    { 6, 9, 71, -1, 9, 14, 622 }, // U+026A
    { 6, 12, 84, 0, 12, 18, 636 }, // U+026B
    { 6, 12, 80, 0, 12, 18, 654 }, // U+026C
    { 5, 16, 62, 0, 12, 20, 672 }, // U+026D
    { 10, 16, 148, 0, 12, 40, 692 }, // U+026E
    { 13, 10, 210, 0, 9, 33, 732 }, // U+026F
    { 13, 13, 210, 0, 9, 43, 765 }, // U+0270
    { 13, 13, 210, 0, 9, 43, 808 }, // U+0271
    { 10, 13, 139, -2, 9, 33, 851 }, // U+0272
    { 8, 13, 139, 0, 9, 26, 884 }, // U+0273
    { 9, 9, 147, 0, 9, 21, 910 }, // U+0274
    { 8, 10, 135, 0, 9, 20, 931 }, // U+0275
    { 13, 10, 195, 0, 9, 33, 951 }, // U+0276
    { 11, 10, 181, 0, 9, 28, 984 }, // U+0277
    { 10, 16, 161, 0, 12, 40, 1012 }, // U+0278
    { 7, 10, 96, -1, 9, 18, 1052 }, // U+0279
    { 8, 13, 99, -1, 12, 26, 1070 }, // U+027A
    { 7, 13, 96, -1, 9, 23, 1096 }, // U+027B
    { 8, 13, 96, -1, 9, 26, 1119 }, // U+027C
    { 7, 13, 96, 0, 9, 23, 1145 }, // U+027D
    { 6, 9, 76, 0, 9, 14, 1168 }, // U+027E
    { 4, 13, 76, 0, 9, 13, 1182 }, // U+027F
    { 8, 9, 129, 0, 9, 18, 1195 }, // U+0280
    { 9, 9, 129, 0, 9, 21, 1213 }, // U+0281
    { 8, 13, 104, -1, 9, 26, 1234 }, // U+0282
    { 8, 16, 62, -2, 12, 32, 1260 }, // U+0283
    { 8, 16, 62, -2, 12, 32, 1292 }, // U+0284
    { 4, 13, 62, 0, 9, 13, 1324 }, // U+0285
    { 9, 16, 62, -3, 12, 36, 1337 }, // U+0286
    { 6, 11, 80, -1, 9, 17, 1373 }, // U+0287
    { 6, 14, 80, 0, 10, 21, 1390 }, // U+0288
    { 9, 10, 139, 0, 9, 23, 1411 }, // U+0289
    { 9, 10, 135, 0, 9, 23, 1434 }, // U+028A
    { 9, 10, 135, 0, 9, 23, 1457 }, // U+028B
    { 8, 9, 112, -1, 9, 18, 1480 }, // U+028C
    { 11, 9, 174, -1, 9, 25, 1498 }, // U+028D
    { 10, 12, 112, -1, 12, 30, 1523 }, // U+028E
    { 8, 9, 109, 0, 9, 18, 1553 }, // U+028F
    { 8, 13, 107, -1, 9, 26, 1571 }, // U+0290
    { 9, 11, 125, -1, 9, 25, 1597 }, // U+0291
    { 8, 13, 111, -1, 9, 26, 1622 }, // U+0292
    { 9, 13, 111, -2, 9, 30, 1648 }, // U+0293
    { 7, 12, 97, 0, 12, 21, 1678 }, // U+0294
    { 7, 12, 97, 1, 12, 21, 1699 }, // U+0295
    { 7, 13, 97, -1, 12, 23, 1720 }, // U+0296
    { 8, 13, 113, 0, 9, 26, 1743 }, // U+0297
    { 10, 12, 173, 1, 11, 30, 1769 }, // U+0298
    { 8, 9, 127, 0, 9, 18, 1799 }, // U+0299
    { 8, 10, 133, 0, 9, 20, 1817 }, // U+029A
    { 10, 13, 131, 0, 12, 33, 1837 }, // U+029B
    { 9, 9, 144, 0, 9, 21, 1870 }, // U+029C
    { 8, 16, 62, -3, 12, 32, 1891 }, // U+029D
    { 8, 13, 119, -1, 9, 26, 1923 }, // U+029E
    { 6, 9, 100, 0, 9, 14, 1949 }, // U+029F
    { 11, 16, 139, 0, 12, 44, 1963 }, // U+02A0
    { 7, 12, 97, 0, 12, 21, 2007 }, // U+02A1
    { 7, 12, 97, 1, 12, 21, 2028 }, // U+02A2
    { 14, 13, 215, 0, 12, 46, 2049 }, // U+02A3
    { 14, 16, 218, 0, 12, 56, 2095 }, // U+02A4
    { 14, 14, 234, 0, 12, 49, 2151 }, // U+02A5
    { 11, 10, 168, 0, 10, 28, 2200 }, // U+02A6
    { 10, 16, 118, 0, 12, 40, 2228 }, // U+02A7
    { 12, 11, 186, 0, 10, 33, 2268 }, // U+02A8
    { 14, 16, 193, -2, 12, 56, 2301 }, // U+02A9
    { 10, 13, 150, 0, 12, 33, 2357 }, // U+02AA
    { 9, 12, 138, 0, 12, 27, 2390 }, // U+02AB
    { 9, 11, 120, 0, 11, 25, 2417 }, // U+02AC
    { 9, 11, 137, 0, 11, 25, 2442 }, // U+02AD
    { 9, 13, 142, 0, 9, 30, 2467 }, // U+02AE
    { 9, 13, 142, 0, 9, 30, 2497 }, // U+02AF
    { 5, 8, 90, 1, 12, 10, 2527 }, // U+02B0
    { 5, 8, 90, 1, 12, 10, 2537 }, // U+02B1
    { 5, 9, 40, -1, 11, 12, 2547 }, // U+02B2
    { 4, 6, 62, 1, 10, 6, 2559 }, // U+02B3
    { 5, 6, 62, 0, 10, 8, 2565 }, // U+02B4
    { 5, 8, 62, 0, 10, 10, 2573 }, // U+02B5
    { 6, 6, 84, 1, 10, 9, 2583 }, // U+02B6
    { 8, 6, 113, 1, 10, 12, 2592 }, // U+02B7
    { 7, 8, 73, -1, 10, 14, 2604 }, // U+02B8
    { 4, 4, 42, 0, 11, 4, 2618 }, // U+02B9
    { 7, 4, 86, 0, 11, 7, 2622 }, // U+02BA
    { 4, 4, 42, 0, 11, 4, 2629 }, // U+02BB
    { 4, 4, 42, 0, 11, 4, 2633 }, // U+02BC
    { 3, 4, 42, 1, 11, 3, 2637 }, // U+02BD
    { 3, 4, 41, 1, 12, 3, 2640 }, // U+02BE
    { 3, 4, 41, 1, 12, 3, 2643 }, // U+02BF
    { 5, 6, 65, 1, 12, 8, 2646 }, // U+02C0
    { 5, 6, 65, 1, 12, 8, 2654 }, // U+02C1
    { 4, 4, 68, 2, 12, 4, 2662 }, // U+02C2
    { 4, 4, 68, 2, 12, 4, 2666 }, // U+02C3
    { 5, 4, 68, 1, 12, 5, 2670 }, // U+02C4
    { 5, 4, 68, 1, 12, 5, 2675 }, // U+02C5
    { 6, 3, 94, 1, 12, 5, 2680 }, // U+02C6
    { 5, 3, 94, 2, 12, 4, 2685 }, // U+02C7
    { 3, 5, 38, 1, 12, 4, 2689 }, // U+02C8
    { 5, 2, 84, 1, 11, 3, 2693 }, // U+02C9
    { 4, 3, 63, 1, 12, 3, 2696 }, // U+02CA
    { 3, 3, 67, 2, 12, 3, 2699 }, // U+02CB
    { 3, 5, 38, -1, 1, 4, 2702 }, // U+02CC
    { 5, 2, 84, -1, 0, 3, 2706 }, // U+02CD
    { 4, 3, 67, -1, 0, 3, 2709 }, // U+02CE
    { 4, 3, 63, -1, 0, 3, 2712 }, // U+02CF
    { 6, 9, 71, -1, 9, 14, 2715 }, // U+02D0
    { 4, 4, 71, 1, 9, 4, 2729 }, // U+02D1
    { 3, 4, 46, 0, 6, 3, 2733 }, // U+02D2
    { 3, 4, 46, 0, 6, 3, 2736 }, // U+02D3
    { 4, 3, 65, 0, 6, 3, 2739 }, // U+02D4
    { 4, 3, 65, 0, 6, 3, 2742 }, // U+02D5
    { 4, 4, 65, 0, 6, 4, 2745 }, // U+02D6
    { 4, 1, 67, 0, 5, 1, 2749 }, // U+02D7
    { 5, 3, 88, 2, 12, 4, 2750 }, // U+02D8
    { 3, 3, 44, 1, 12, 3, 2754 }, // U+02D9
    { 4, 4, 73, 2, 13, 4, 2757 }, // U+02DA
    { 3, 4, 59, -1, 0, 3, 2761 }, // U+02DB
    { 7, 3, 100, 1, 12, 6, 2764 }, // U+02DC
    { 7, 3, 101, 1, 12, 6, 2770 }, // U+02DD
    { 6, 4, 58, -2, 6, 6, 2776 }, // U+02DE
    { 5, 4, 68, 1, 12, 5, 2782 }, // U+02DF
    { 5, 8, 73, 1, 10, 10, 2787 }, // U+02E0
    { 3, 8, 40, 1, 12, 6, 2797 }, // U+02E1
    { 5, 6, 67, 0, 10, 8, 2803 }, // U+02E2
    { 6, 6, 75, 0, 10, 9, 2811 }, // U+02E3
    { 5, 8, 63, 1, 12, 10, 2820 }, // U+02E4
    { 5, 11, 100, 1, 11, 14, 2830 }, // U+02E5
    { 5, 11, 100, 1, 11, 14, 2844 }, // U+02E6
    { 5, 11, 100, 1, 11, 14, 2858 }, // U+02E7
    { 5, 11, 100, 1, 11, 14, 2872 }, // U+02E8
    { 5, 11, 100, 1, 11, 14, 2886 }, // U+02E9
    { 5, 6, 100, 1, 8, 8, 2900 }, // U+02EA
    { 5, 6, 100, 1, 8, 8, 2908 }, // U+02EB
    { 6, 3, 94, -1, 0, 5, 2916 }, // U+02EC
    { 8, 4, 115, 1, 12, 8, 2921 }, // U+02ED
    { 7, 4, 86, 0, 11, 7, 2929 }, // U+02EE
    { 6, 4, 99, -1, 0, 6, 2936 }, // U+02EF
    { 6, 4, 99, -2, 0, 6, 2942 }, // U+02F0
    { 5, 5, 79, -1, 1, 7, 2948 }, // U+02F1
    { 6, 5, 79, -2, 1, 8, 2955 }, // U+02F2
    { 4, 5, 80, -1, 0, 5, 2963 }, // U+02F3
    { 3, 3, 67, 1, 7, 3, 2968 }, // U+02F4
    { 6, 3, 108, 1, 7, 5, 2971 }, // U+02F5
    { 7, 3, 101, 0, 7, 6, 2976 }, // U+02F6
    { 6, 3, 100, -1, 0, 5, 2982 }, // U+02F7
    { 5, 10, 61, 0, 12, 13, 2987 }, // U+02F8
    { 5, 5, 71, 1, 11, 7, 3000 }, // U+02F9
    { 5, 5, 86, 1, 11, 7, 3007 }, // U+02FA
    { 4, 4, 81, 0, 4, 4, 3014 }, // U+02FB
    { 4, 4, 71, -1, 4, 4, 3018 }, // U+02FC
    { 8, 4, 135, -1, 0, 8, 3022 }, // U+02FD
    { 8, 4, 135, -1, 0, 8, 3030 }, // U+02FE
    { 8, 6, 131, -1, 2, 12, 3038 }, // U+02FF
    { 3, 3, 0, -6, 12, 3, 0 }, // U+0300
    { 4, 3, 0, -4, 12, 3, 3 }, // U+0301
    { 6, 3, 0, -2, 12, 5, 6 }, // U+0302
    { 7, 3, 0, -7, 12, 6, 11 }, // U+0303
    { 6, 2, 0, -2, 11, 3, 17 }, // U+0304
    { 7, 2, 0, -2, 13, 4, 20 }, // U+0305
    { 5, 3, 0, -1, 12, 4, 24 }, // U+0306
    { 3, 3, 0, 0, 12, 3, 28 }, // U+0307
    { 5, 2, 0, -1, 11, 3, 31 }, // U+0308
    { 4, 5, 0, -5, 13, 5, 34 }, // U+0309
    { 5, 4, 0, -1, 13, 5, 39 }, // U+030A
    { 6, 3, 0, -1, 12, 5, 44 }, // U+030B
    { 5, 3, 0, -1, 12, 4, 49 }, // U+030C
    { 3, 5, 0, 0, 12, 4, 53 }, // U+030D
    { 5, 4, 0, -1, 12, 5, 57 }, // U+030E
    { 6, 3, 0, -8, 12, 5, 62 }, // U+030F
    { 5, 4, 0, -1, 13, 5, 67 }, // U+0310
    { 6, 3, 0, -2, 12, 5, 72 }, // U+0311
    { 4, 4, 0, -1, 11, 4, 77 }, // U+0312
    { 4, 4, 0, -1, 11, 4, 81 }, // U+0313
    { 2, 4, 0, 0, 11, 2, 85 }, // U+0314
    { 4, 4, 0, -1, 11, 4, 87 }, // U+0315
    { 3, 3, 0, -3, 0, 3, 91 }, // U+0316
    { 4, 3, 0, -3, 0, 3, 94 }, // U+0317
    { 4, 4, 0, -3, 0, 4, 97 }, // U+0318
    { 4, 4, 0, -3, 0, 4, 101 }, // U+0319
    { 5, 5, 78, 1, 12, 7, 105 }, // U+031A
    { 4, 4, 0, -1, 12, 4, 112 }, // U+031B
    { 3, 4, 0, -1, 0, 3, 116 }, // U+031C
    { 4, 4, 0, -3, 0, 4, 119 }, // U+031D
    { 4, 4, 0, -3, 0, 4, 123 }, // U+031E
    { 4, 4, 0, -3, 0, 4, 127 }, // U+031F
    { 4, 1, 0, -3, -1, 1, 131 }, // U+0320
    { 4, 5, 0, -3, 1, 5, 132 }, // U+0321
    { 4, 5, 0, -2, 1, 5, 137 }, // U+0322
    { 3, 3, 0, -7, 0, 3, 142 }, // U+0323
    { 5, 2, 0, -4, -1, 3, 145 }, // U+0324
    { 4, 4, 0, -3, 1, 4, 148 }, // U+0325
    { 3, 4, 0, 1, 0, 3, 152 }, // U+0326
    { 4, 4, 0, -3, 0, 4, 155 }, // U+0327
    { 4, 4, 0, -3, 0, 4, 159 }, // U+0328
    { 3, 5, 0, -3, 0, 4, 163 }, // U+0329
    { 7, 4, 0, -5, 0, 7, 167 }, // U+032A
    { 6, 3, 0, -4, 0, 5, 174 }, // U+032B
    { 6, 3, 0, -4, 0, 5, 179 }, // U+032C
    { 6, 3, 0, -4, 0, 5, 184 }, // U+032D
    { 6, 3, 0, -4, 0, 5, 189 }, // U+032E
    { 5, 3, 0, -4, 0, 4, 194 }, // U+032F
    { 6, 3, 0, -4, 0, 5, 198 }, // U+0330
    { 5, 2, 0, -4, 0, 3, 203 }, // U+0331
    { 7, 2, 0, -5, -1, 4, 206 }, // U+0332
    { 8, 4, 0, -5, 0, 8, 210 }, // U+0333
    { 6, 3, 0, -3, 6, 5, 218 }, // U+0334
    { 6, 2, 0, -3, 5, 3, 223 }, // U+0335
    { 12, 2, 0, -6, 5, 6, 226 }, // U+0336
    { 6, 4, 0, -3, 6, 6, 232 }, // U+0337
    { 10, 13, 0, -5, 12, 33, 238 }, // U+0338
    { 3, 4, 0, -1, 0, 3, 271 }, // U+0339
    { 7, 4, 0, -5, 0, 7, 274 }, // U+033A
    { 7, 4, 0, -5, 0, 7, 281 }, // U+033B
    { 6, 3, 0, -4, 0, 5, 288 }, // U+033C
    { 5, 4, 0, -1, 12, 5, 293 }, // U+033D
    { 4, 5, 0, -1, 13, 5, 298 }, // U+033E
    { 8, 4, 0, -2, 15, 8, 303 }, // U+033F
    { 3, 3, 0, -1, 12, 3, 311 }, // U+0340
    { 4, 3, 0, 0, 12, 3, 314 }, // U+0341
    { 6, 3, 0, 2, 12, 5, 317 }, // U+0342
    { 3, 3, 0, 0, 12, 3, 322 }, // U+0343
    { 7, 3, 0, -2, 12, 6, 325 }, // U+0344
    { 3, 3, 0, -2, -1, 3, 331 }, // U+0345
    { 7, 4, 0, -2, 12, 7, 334 }, // U+0346
    { 8, 4, 0, -5, 0, 8, 341 }, // U+0347
    { 5, 4, 0, -4, 0, 5, 349 }, // U+0348
    { 4, 4, 0, -3, 0, 4, 354 }, // U+0349
    { 7, 4, 0, -2, 12, 7, 358 }, // U+034A
    { 7, 6, 0, -2, 14, 11, 365 }, // U+034B
    { 7, 4, 0, -2, 13, 7, 376 }, // U+034C
    { 6, 4, 0, -4, 0, 6, 383 }, // U+034D
    { 4, 4, 0, -3, 0, 4, 389 }, // U+034E
    { 12, 11, 0, -6, 11, 33, 393 }, // U+034F
    { 3, 4, 0, 0, 12, 3, 426 }, // U+0350
    { 3, 4, 0, 1, 12, 3, 429 }, // U+0351
    { 5, 4, 0, -1, 13, 5, 432 }, // U+0352
    { 4, 4, 0, -3, 0, 4, 437 }, // U+0353
    { 4, 4, 0, -3, 0, 4, 441 }, // U+0354
    { 3, 4, 0, -2, 0, 3, 445 }, // U+0355
    { 7, 4, 0, -4, 0, 7, 448 }, // U+0356
    { 3, 4, 0, 1, 12, 3, 455 }, // U+0357
    { 3, 3, 0, 0, 12, 3, 458 }, // U+0358
    { 4, 4, 0, -3, 0, 4, 461 }, // U+0359
    { 6, 4, 0, -4, 0, 6, 465 }, // U+035A
    { 3, 4, 0, 0, 12, 3, 471 }, // U+035B
    { 12, 4, 0, -7, 0, 12, 474 }, // U+035C
    { 12, 4, 0, -5, 12, 12, 486 }, // U+035D
    { 9, 2, 0, -3, 11, 5, 498 }, // U+035E
    { 8, 2, 0, -5, 0, 4, 503 }, // U+035F
    { 12, 3, 0, -5, 12, 9, 507 }, // U+0360
    { 11, 3, 0, -4, 13, 9, 516 }, // U+0361
    { 12, 4, 0, -8, 0, 12, 525 }, // U+0362
    { 5, 4, 0, -1, 13, 5, 537 }, // U+0363
    { 3, 4, 0, 0, 13, 3, 542 }, // U+0364
    { 3, 5, 0, 0, 14, 4, 545 }, // U+0365
    { 5, 4, 0, -1, 13, 5, 549 }, // U+0366
    { 5, 4, 0, -1, 13, 5, 554 }, // U+0367
    { 4, 4, 0, 0, 13, 4, 559 }, // U+0368
    { 5, 5, 0, -1, 14, 7, 563 }, // U+0369
    { 5, 5, 0, -1, 14, 7, 570 }, // U+036A
    { 7, 4, 0, -2, 13, 7, 577 }, // U+036B
    { 4, 4, 0, 0, 13, 4, 584 }, // U+036C
    { 3, 5, 0, 0, 14, 4, 588 }, // U+036D
    { 4, 4, 0, 0, 13, 4, 592 }, // U+036E
    { 5, 4, 0, -1, 13, 5, 596 }, // U+036F
    { 9, 15, 122, 0, 15, 34, 0 }, // U+0400
    { 9, 14, 122, 0, 14, 32, 34 }, // U+0401
    { 9, 12, 160, 1, 11, 27, 66 }, // U+0402
    { 9, 15, 113, 0, 15, 34, 93 }, // U+0403
    { 10, 12, 139, 0, 11, 30, 127 }, // U+0404
    { 8, 12, 121, 0, 11, 24, 157 }, // U+0405
    { 5, 11, 65, 0, 11, 14, 181 }, // U+0406
    { 6, 14, 65, 0, 14, 21, 195 }, // U+0407
    { 8, 14, 66, -3, 11, 28, 216 }, // U+0408
    { 15, 12, 222, -1, 11, 45, 244 }, // U+0409
    { 14, 11, 221, 0, 11, 39, 289 }, // U+040A
    { 9, 11, 163, 1, 11, 25, 328 }, // U+040B
    { 10, 15, 135, 0, 15, 38, 353 }, // U+040C
    { 11, 15, 165, 0, 15, 42, 391 }, // U+040D
    { 10, 15, 135, 0, 14, 38, 433 }, // U+040E
    { 10, 14, 159, 0, 11, 35, 471 }, // U+040F
    { 9, 11, 137, -1, 11, 25, 506 }, // U+0410
    { 9, 11, 132, 0, 11, 25, 531 }, // U+0411
    { 9, 11, 141, 0, 11, 25, 556 }, // U+0412
    { 9, 11, 113, 0, 11, 25, 581 }, // U+0413
    { 13, 14, 165, -2, 11, 46, 606 }, // U+0414
    { 9, 11, 122, 0, 11, 25, 652 }, // U+0415
    { 15, 11, 192, -1, 11, 42, 677 }, // U+0416
    { 9, 12, 125, -1, 11, 27, 719 }, // U+0417
    { 11, 11, 165, 0, 11, 31, 746 }, // U+0418
    { 11, 14, 165, 0, 14, 39, 777 }, // U+0419
    { 10, 11, 135, 0, 11, 28, 816 }, // U+041A
    { 12, 12, 161, -1, 11, 36, 844 }, // U+041B
    { 13, 11, 201, 0, 11, 36, 880 }, // U+041C
    { 11, 11, 162, 0, 11, 31, 916 }, // U+041D
    { 11, 12, 167, 0, 11, 33, 947 }, // U+041E
    { 11, 11, 160, 0, 11, 31, 980 }, // U+041F
    { 9, 11, 131, 0, 11, 25, 1011 }, // U+0420
    { 10, 12, 139, 0, 11, 30, 1036 }, // U+0421
    { 8, 11, 126, 1, 11, 22, 1066 }, // U+0422
    { 10, 12, 135, 0, 11, 30, 1088 }, // U+0423
    { 12, 12, 189, 0, 11, 36, 1118 }, // U+0424
    { 11, 11, 129, -1, 11, 31, 1154 }, // U+0425
    { 10, 14, 162, 0, 11, 35, 1185 }, // U+0426
    { 9, 11, 150, 1, 11, 25, 1220 }, // U+0427
    { 15, 11, 228, 0, 11, 42, 1245 }, // U+0428
    { 15, 14, 232, 0, 11, 53, 1287 }, // U+0429
    { 8, 11, 152, 1, 11, 22, 1340 }, // U+042A
    { 12, 11, 190, 0, 11, 33, 1362 }, // U+042B
    { 8, 11, 131, 0, 11, 22, 1395 }, // U+042C
    { 9, 12, 141, 0, 11, 27, 1417 }, // U+042D
    { 14, 12, 226, 0, 11, 42, 1444 }, // U+042E
    { 10, 11, 138, -1, 11, 28, 1486 }, // U+042F
    { 9, 10, 136, 0, 9, 23, 1514 }, // U+0430
    { 9, 13, 133, 0, 12, 30, 1537 }, // U+0431
    { 8, 10, 124, 0, 9, 20, 1567 }, // U+0432
    { 7, 10, 110, 0, 9, 18, 1587 }, // U+0433
    { 9, 13, 134, 0, 12, 30, 1605 }, // U+0434
    { 8, 10, 118, 0, 9, 20, 1635 }, // U+0435
    { 15, 10, 211, -1, 9, 38, 1655 }, // U+0436
    { 7, 10, 107, 0, 9, 18, 1693 }, // U+0437
    { 9, 10, 137, 0, 9, 23, 1711 }, // U+0438
    { 9, 13, 137, 0, 12, 30, 1734 }, // U+0439
    { 9, 9, 121, 0, 9, 21, 1764 }, // U+043A
    { 10, 10, 136, -1, 9, 25, 1785 }, // U+043B
    { 11, 9, 179, 0, 9, 25, 1810 }, // U+043C
    { 9, 9, 137, 0, 9, 21, 1835 }, // U+043D
    { 8, 10, 134, 0, 9, 20, 1856 }, // U+043E
    { 8, 9, 136, 0, 9, 18, 1876 }, // U+043F
    { 9, 13, 137, -1, 9, 30, 1894 }, // U+0440
    { 7, 10, 111, 0, 9, 18, 1924 }, // U+0441
    { 13, 9, 208, 0, 9, 30, 1942 }, // U+0442
    { 10, 13, 117, -2, 9, 33, 1972 }, // U+0443
    { 10, 16, 161, 0, 12, 40, 2005 }, // U+0444
    { 9, 9, 110, -1, 9, 21, 2045 }, // U+0445
    { 9, 12, 143, 0, 9, 27, 2066 }, // U+0446
    { 7, 9, 133, 1, 9, 16, 2093 }, // U+0447
    { 13, 10, 208, 0, 9, 33, 2109 }, // U+0448
    { 13, 12, 214, 0, 9, 39, 2142 }, // U+0449
    { 9, 10, 143, 0, 9, 23, 2181 }, // U+044A
    { 11, 10, 176, 0, 9, 28, 2204 }, // U+044B
    { 8, 10, 123, 0, 9, 20, 2232 }, // U+044C
    { 7, 10, 114, 0, 9, 18, 2252 }, // U+044D
    { 12, 10, 186, 0, 9, 30, 2270 }, // U+044E
    { 9, 9, 122, -1, 9, 21, 2300 }, // U+044F
    { 8, 13, 118, 0, 12, 26, 2321 }, // U+0450
    { 8, 12, 118, 0, 11, 24, 2347 }, // U+0451
    { 8, 16, 138, 0, 12, 32, 2371 }, // U+0452
    { 7, 13, 110, 0, 12, 23, 2403 }, // U+0453
    { 7, 10, 111, 0, 9, 18, 2426 }, // U+0454
    { 7, 10, 104, 0, 9, 18, 2444 }, // U+0455
    { 5, 12, 62, 0, 12, 15, 2462 }, // U+0456
    { 5, 12, 60, 0, 12, 15, 2477 }, // U+0457
    { 7, 16, 60, -2, 12, 28, 2492 }, // U+0458
    { 13, 10, 196, -1, 9, 33, 2520 }, // U+0459
    { 12, 10, 194, 0, 9, 30, 2553 }, // U+045A
    { 8, 12, 138, 0, 12, 24, 2583 }, // U+045B
    { 9, 12, 121, 0, 12, 27, 2607 }, // U+045C
    { 9, 13, 137, 0, 12, 30, 2634 }, // U+045D
    { 10, 16, 117, -2, 12, 40, 2664 }, // U+045E
    { 9, 12, 137, 0, 9, 27, 2704 }, // U+045F
    { 14, 12, 221, 1, 11, 42, 2731 }, // U+0460
    { 12, 9, 189, 1, 9, 27, 2773 }, // U+0461
    { 7, 11, 141, 1, 11, 20, 2800 }, // U+0462
    { 12, 10, 200, 0, 9, 30, 2820 }, // U+0463
    { 14, 12, 207, 0, 11, 42, 2850 }, // U+0464
    { 11, 10, 166, 0, 9, 28, 2892 }, // U+0465
    { 10, 11, 146, -1, 11, 28, 2920 }, // U+0466
    { 9, 9, 128, -1, 9, 21, 2948 }, // U+0467
    { 12, 11, 204, 0, 11, 33, 2969 }, // U+0468
    { 10, 9, 175, 0, 9, 23, 3002 }, // U+0469
    { 12, 11, 160, -1, 11, 33, 3025 }, // U+046A
    { 10, 9, 144, -1, 9, 23, 3058 }, // U+046B
    { 15, 11, 221, 0, 11, 42, 3081 }, // U+046C
    { 12, 9, 193, 0, 9, 27, 3123 }, // U+046D
    { 9, 17, 129, -1, 13, 39, 3150 }, // U+046E
    { 8, 13, 109, -1, 10, 26, 3189 }, // U+046F
    { 12, 11, 178, 1, 11, 33, 3215 }, // U+0470
    { 10, 16, 174, 0, 12, 40, 3248 }, // U+0471
    { 10, 12, 173, 1, 11, 30, 3288 }, // U+0472
    { 8, 10, 135, 0, 9, 20, 3318 }, // U+0473
    { 10, 11, 136, 1, 11, 28, 3338 }, // U+0474
    { 8, 9, 108, 0, 9, 18, 3366 }, // U+0475
    { 10, 15, 136, 1, 15, 38, 3384 }, // U+0476
    { 8, 12, 108, 0, 12, 24, 3422 }, // U+0477
    { 18, 15, 285, 1, 11, 68, 3446 }, // U+0478
    { 17, 13, 247, 0, 9, 56, 3514 }, // U+0479
    { 10, 13, 178, 1, 12, 33, 3570 }, // U+047A
    { 9, 10, 140, 0, 9, 23, 3603 }, // U+047B
    { 13, 17, 230, 1, 16, 56, 3626 }, // U+047C
    { 12, 15, 192, 0, 14, 45, 3682 }, // U+047D
    { 14, 15, 221, 1, 14, 53, 3727 }, // U+047E
    { 12, 11, 189, 1, 11, 33, 3780 }, // U+047F
    { 9, 15, 141, 1, 11, 34, 3813 }, // U+0480
    { 7, 13, 109, 0, 9, 23, 3847 }, // U+0481
    { 9, 11, 146, 0, 10, 25, 3870 }, // U+0482
    { 6, 3, 0, -6, 11, 5, 3895 }, // U+0483
    { 6, 2, 0, -6, 11, 3, 3900 }, // U+0484
    { 3, 3, 0, -5, 12, 3, 3903 }, // U+0485
    { 2, 3, 0, -4, 12, 2, 3906 }, // U+0486
    { 7, 3, 0, -2, 14, 6, 3908 }, // U+0487
    { 18, 16, 0, -9, 12, 72, 3914 }, // U+0488
    { 18, 18, 0, -9, 13, 81, 3986 }, // U+0489
    { 11, 17, 171, 0, 14, 47, 4067 }, // U+048A
    { 9, 15, 140, 0, 12, 34, 4114 }, // U+048B
    { 8, 11, 133, 0, 11, 22, 4148 }, // U+048C
    { 7, 13, 126, 0, 12, 23, 4170 }, // U+048D
    { 9, 11, 136, 0, 11, 25, 4193 }, // U+048E
    { 9, 13, 139, -1, 9, 30, 4218 }, // U+048F
    { 9, 13, 115, 0, 13, 30, 4248 }, // U+0490
    { 7, 11, 94, 0, 11, 20, 4278 }, // U+0491
    { 9, 11, 114, 0, 11, 25, 4298 }, // U+0492
    { 7, 9, 94, 0, 9, 16, 4323 }, // U+0493
    { 9, 15, 146, 0, 11, 34, 4339 }, // U+0494
    { 7, 13, 120, 0, 9, 23, 4373 }, // U+0495
    { 15, 14, 199, -1, 11, 53, 4396 }, // U+0496
    { 15, 12, 204, -1, 9, 45, 4449 }, // U+0497
    { 9, 15, 125, -1, 11, 34, 4494 }, // U+0498
    { 7, 13, 107, 0, 9, 23, 4528 }, // U+0499
    { 10, 14, 146, 0, 11, 35, 4551 }, // U+049A
    { 8, 12, 127, 0, 9, 24, 4586 }, // U+049B
    { 10, 11, 138, 0, 11, 28, 4610 }, // U+049C
    { 9, 9, 116, 0, 9, 21, 4638 }, // U+049D
    { 10, 11, 135, 0, 11, 28, 4659 }, // U+049E
    { 8, 12, 117, 0, 12, 24, 4687 }, // U+049F
    { 10, 11, 153, 1, 11, 28, 4711 }, // U+04A0
    { 10, 9, 136, 0, 9, 23, 4739 }, // U+04A1
    { 11, 14, 165, 0, 11, 39, 4762 }, // U+04A2
    { 9, 12, 145, 0, 9, 27, 4801 }, // U+04A3
    { 13, 11, 181, 0, 11, 36, 4828 }, // U+04A4
    { 12, 9, 166, 0, 9, 27, 4864 }, // U+04A5
    { 14, 15, 240, 0, 11, 53, 4891 }, // U+04A6
    { 12, 13, 197, 0, 9, 39, 4944 }, // U+04A7
    { 10, 12, 173, 1, 11, 30, 4983 }, // U+04A8
    { 9, 10, 144, 0, 9, 23, 5013 }, // U+04A9
    { 9, 15, 141, 1, 11, 34, 5036 }, // U+04AA
    { 7, 13, 109, 0, 9, 23, 5070 }, // U+04AB
    { 8, 14, 120, 1, 11, 28, 5093 }, // U+04AC
    { 13, 12, 213, 0, 9, 39, 5121 }, // U+04AD
    { 9, 11, 122, 1, 11, 25, 5160 }, // U+04AE
    { 8, 13, 112, 0, 9, 26, 5185 }, // U+04AF
    { 10, 11, 122, 0, 11, 28, 5211 }, // U+04B0
    { 9, 13, 112, -1, 9, 30, 5239 }, // U+04B1
    { 11, 14, 139, -1, 11, 39, 5269 }, // U+04B2
    { 10, 12, 126, -1, 9, 30, 5308 }, // U+04B3
    { 11, 14, 188, 1, 11, 39, 5338 }, // U+04B4
    { 10, 12, 158, 0, 9, 30, 5377 }, // U+04B5
    { 9, 14, 155, 1, 11, 32, 5407 }, // U+04B6
    { 7, 12, 133, 1, 9, 21, 5439 }, // U+04B7
    { 9, 11, 154, 1, 11, 25, 5460 }, // U+04B8
    { 7, 9, 134, 1, 9, 16, 5485 }, // U+04B9
    { 9, 11, 155, 0, 11, 25, 5501 }, // U+04BA
    { 8, 12, 139, 0, 12, 24, 5526 }, // U+04BB
    { 12, 12, 184, 0, 11, 36, 5550 }, // U+04BC
    { 9, 10, 144, 0, 9, 23, 5586 }, // U+04BD
    { 12, 14, 184, 0, 11, 42, 5609 }, // U+04BE
    { 9, 12, 144, 0, 9, 27, 5651 }, // U+04BF
    { 7, 11, 78, -1, 11, 20, 5678 }, // U+04C0
    { 15, 14, 192, -1, 14, 53, 5698 }, // U+04C1
    { 15, 13, 211, -1, 12, 49, 5751 }, // U+04C2
    { 10, 15, 153, 0, 11, 38, 5800 }, // U+04C3
    { 8, 13, 126, 0, 9, 26, 5838 }, // U+04C4
    { 11, 14, 158, -1, 11, 39, 5864 }, // U+04C5
    { 9, 12, 131, -1, 9, 27, 5903 }, // U+04C6
    { 11, 15, 163, 0, 11, 42, 5930 }, // U+04C7
    { 9, 13, 144, 0, 9, 30, 5972 }, // U+04C8
    { 11, 14, 166, 0, 11, 39, 6002 }, // U+04C9
    { 9, 12, 145, 0, 9, 27, 6041 }, // U+04CA
    { 9, 14, 154, 1, 11, 32, 6068 }, // U+04CB
    { 8, 12, 139, 1, 9, 24, 6100 }, // U+04CC
    { 13, 14, 204, 0, 11, 46, 6124 }, // U+04CD
    { 11, 12, 168, 0, 9, 33, 6170 }, // U+04CE
    { 7, 11, 78, -1, 11, 20, 6203 }, // U+04CF
    { 10, 14, 135, -1, 14, 35, 6223 }, // U+04D0
    { 9, 13, 136, 0, 12, 30, 6258 }, // U+04D1
    { 10, 14, 135, -1, 14, 35, 6288 }, // U+04D2
    { 9, 12, 136, 0, 11, 27, 6323 }, // U+04D3
    { 14, 11, 198, -1, 11, 39, 6350 }, // U+04D4
    { 12, 10, 197, 0, 9, 30, 6389 }, // U+04D5
    { 9, 14, 123, 0, 14, 32, 6419 }, // U+04D6
    { 8, 13, 120, 0, 12, 26, 6451 }, // U+04D7
    { 10, 12, 159, 0, 11, 30, 6477 }, // U+04D8
    { 7, 10, 118, 0, 9, 18, 6507 }, // U+04D9
    { 10, 15, 159, 0, 14, 38, 6525 }, // U+04DA
    { 7, 12, 118, 0, 11, 21, 6563 }, // U+04DB
    { 15, 14, 192, -1, 14, 53, 6584 }, // U+04DC
    { 15, 12, 211, -1, 11, 45, 6637 }, // U+04DD
    { 9, 14, 125, -1, 13, 32, 6682 }, // U+04DE
    { 7, 12, 107, 0, 11, 21, 6714 }, // U+04DF
    { 9, 12, 127, 0, 11, 27, 6735 }, // U+04E0
    { 8, 13, 111, -1, 9, 26, 6762 }, // U+04E1
    { 11, 14, 165, 0, 14, 39, 6788 }, // U+04E2
    { 9, 12, 139, 0, 11, 27, 6827 }, // U+04E3
    { 11, 14, 165, 0, 14, 39, 6854 }, // U+04E4
    { 9, 12, 139, 0, 11, 27, 6893 }, // U+04E5
    { 10, 15, 173, 1, 14, 38, 6920 }, // U+04E6
    { 8, 12, 135, 0, 11, 24, 6958 }, // U+04E7
    { 10, 12, 173, 1, 11, 30, 6982 }, // U+04E8
    { 8, 10, 135, 0, 9, 20, 7012 }, // U+04E9
    { 10, 14, 173, 1, 13, 35, 7032 }, // U+04EA
    { 8, 12, 135, 0, 11, 24, 7067 }, // U+04EB
    { 9, 14, 141, 0, 13, 32, 7091 }, // U+04EC
    { 7, 12, 114, 0, 11, 21, 7123 }, // U+04ED
    { 10, 15, 135, 0, 14, 38, 7144 }, // U+04EE
    { 10, 15, 112, -2, 11, 38, 7182 }, // U+04EF
    { 10, 15, 135, 0, 14, 38, 7220 }, // U+04F0
    { 10, 15, 112, -2, 11, 38, 7258 }, // U+04F1
    { 10, 16, 135, 0, 15, 40, 7296 }, // U+04F2
    { 11, 16, 112, -2, 12, 44, 7336 }, // U+04F3
    { 9, 14, 150, 1, 14, 32, 7380 }, // U+04F4
    { 7, 11, 133, 1, 11, 20, 7412 }, // U+04F5
    { 9, 14, 115, 0, 11, 32, 7432 }, // U+04F6
    { 7, 12, 94, 0, 9, 21, 7464 }, // U+04F7
    { 12, 14, 190, 0, 14, 42, 7485 }, // U+04F8
    { 11, 12, 176, 0, 11, 33, 7527 }, // U+04F9
    { 9, 14, 114, 0, 11, 32, 7560 }, // U+04FA
    { 8, 12, 94, -1, 9, 24, 7592 }, // U+04FB
    { 11, 14, 126, -1, 11, 39, 7616 }, // U+04FC
    { 9, 12, 115, -1, 9, 27, 7655 }, // U+04FD
    { 11, 11, 126, -1, 11, 31, 7682 }, // U+04FE
    { 9, 9, 116, -1, 9, 21, 7713 }, // U+04FF
    { 9, 14, 135, -1, 11, 32, 0 }, // U+1EA0
    { 9, 12, 136, 0, 9, 27, 32 }, // U+1EA1
    { 9, 15, 135, -1, 15, 34, 59 }, // U+1EA2
    { 9, 14, 136, 0, 13, 32, 93 }, // U+1EA3
    { 12, 15, 135, -1, 15, 45, 125 }, // U+1EA4
    { 10, 14, 136, 0, 13, 35, 170 }, // U+1EA5
    { 9, 15, 135, -1, 15, 34, 205 }, // U+1EA6
    { 9, 14, 136, 0, 13, 32, 239 }, // U+1EA7
    { 11, 16, 135, -1, 16, 44, 271 }, // U+1EA8
    { 10, 14, 136, 0, 13, 35, 315 }, // U+1EA9
    { 11, 16, 135, -1, 16, 44, 350 }, // U+1EAA
    { 9, 15, 136, 0, 14, 34, 394 }, // U+1EAB
    { 10, 18, 135, -1, 15, 45, 428 }, // U+1EAC
    { 9, 15, 136, 0, 12, 34, 473 }, // U+1EAD
    { 10, 16, 135, -1, 16, 40, 507 }, // U+1EAE
    { 9, 14, 136, 0, 13, 32, 547 }, // U+1EAF
    { 10, 16, 135, -1, 16, 40, 579 }, // U+1EB0
    { 9, 14, 136, 0, 13, 32, 619 }, // U+1EB1
    { 10, 16, 135, -1, 16, 40, 651 }, // U+1EB2
    { 9, 15, 136, 0, 14, 34, 691 }, // U+1EB3
    { 10, 16, 135, -1, 16, 40, 725 }, // U+1EB4
    { 9, 15, 136, 0, 14, 34, 765 }, // U+1EB5
    { 10, 18, 135, -1, 15, 45, 799 }, // U+1EB6
    { 9, 15, 136, 0, 12, 34, 844 }, // U+1EB7
    { 9, 14, 123, 0, 11, 32, 878 }, // U+1EB8
    { 8, 12, 120, 0, 9, 24, 910 }, // U+1EB9
    { 9, 15, 123, 0, 15, 34, 934 }, // U+1EBA
    { 8, 14, 120, 0, 13, 28, 968 }, // U+1EBB
    { 9, 15, 123, 0, 15, 34, 996 }, // U+1EBC
    { 8, 13, 120, 0, 12, 26, 1030 }, // U+1EBD
    { 11, 15, 123, 0, 15, 42, 1056 }, // U+1EBE
    { 10, 14, 120, 0, 13, 35, 1098 }, // U+1EBF
    { 9, 15, 123, 0, 15, 34, 1133 }, // U+1EC0
    { 8, 14, 120, 0, 13, 28, 1167 }, // U+1EC1
    { 10, 16, 123, 0, 16, 40, 1195 }, // U+1EC2
    { 9, 14, 120, 0, 13, 32, 1235 }, // U+1EC3
    { 9, 16, 123, 0, 16, 36, 1267 }, // U+1EC4
    { 9, 15, 120, 0, 14, 34, 1303 }, // U+1EC5
    { 9, 18, 123, 0, 15, 41, 1337 }, // U+1EC6
    { 8, 15, 120, 0, 12, 30, 1378 }, // U+1EC7
    { 7, 15, 78, -1, 15, 27, 1408 }, // U+1EC8
    { 6, 13, 62, 0, 13, 20, 1435 }, // U+1EC9
    { 7, 14, 78, -1, 11, 25, 1455 }, // U+1ECA
    { 6, 15, 62, -1, 12, 23, 1480 }, // U+1ECB
    { 10, 14, 173, 1, 11, 35, 1503 }, // U+1ECC
    { 8, 12, 135, 0, 9, 24, 1538 }, // U+1ECD
    { 10, 16, 173, 1, 15, 40, 1562 }, // U+1ECE
    { 8, 14, 135, 0, 13, 28, 1602 }, // U+1ECF
    { 11, 16, 173, 1, 15, 44, 1630 }, // U+1ED0
    { 10, 14, 135, 0, 13, 35, 1674 }, // U+1ED1
    { 10, 16, 173, 1, 15, 40, 1709 }, // U+1ED2
    { 8, 14, 135, 0, 13, 28, 1749 }, // U+1ED3
    { 10, 17, 173, 1, 16, 43, 1777 }, // U+1ED4
    { 9, 14, 135, 0, 13, 32, 1820 }, // U+1ED5
    { 10, 17, 173, 1, 16, 43, 1852 }, // U+1ED6
    { 9, 15, 135, 0, 14, 34, 1895 }, // U+1ED7
    { 10, 18, 173, 1, 15, 45, 1929 }, // U+1ED8
    { 8, 15, 135, 0, 12, 30, 1974 }, // U+1ED9
    { 12, 16, 173, 1, 15, 48, 2004 }, // U+1EDA
    { 10, 13, 136, 0, 12, 33, 2052 }, // U+1EDB
    { 12, 16, 173, 1, 15, 48, 2085 }, // U+1EDC
    { 10, 13, 136, 0, 12, 33, 2133 }, // U+1EDD
    { 12, 16, 173, 1, 15, 48, 2166 }, // U+1EDE
    { 10, 14, 136, 0, 13, 35, 2214 }, // U+1EDF
    { 12, 16, 173, 1, 15, 48, 2249 }, // U+1EE0
    { 10, 13, 136, 0, 12, 33, 2297 }, // U+1EE1
    { 12, 15, 173, 1, 12, 45, 2330 }, // U+1EE2
    { 10, 13, 136, 0, 10, 33, 2375 }, // U+1EE3
    { 10, 14, 162, 1, 11, 35, 2408 }, // U+1EE4
    { 9, 12, 139, 0, 9, 27, 2443 }, // U+1EE5
    { 10, 16, 162, 1, 15, 40, 2470 }, // U+1EE6
    { 9, 14, 139, 0, 13, 32, 2510 }, // U+1EE7
    { 12, 16, 174, 1, 15, 48, 2542 }, // U+1EE8
    { 12, 13, 150, 0, 12, 39, 2590 }, // U+1EE9
    { 12, 16, 174, 1, 15, 48, 2629 }, // U+1EEA
    { 12, 13, 150, 0, 12, 39, 2677 }, // U+1EEB
    { 12, 16, 174, 1, 15, 48, 2716 }, // U+1EEC
    { 12, 14, 150, 0, 13, 42, 2764 }, // U+1EED
    { 12, 16, 174, 1, 15, 48, 2806 }, // U+1EEE
    { 12, 13, 150, 0, 12, 39, 2854 }, // U+1EEF
    { 12, 15, 174, 1, 12, 45, 2893 }, // U+1EF0
    { 12, 13, 150, 0, 10, 39, 2938 }, // U+1EF1
    { 9, 15, 122, 1, 15, 34, 2977 }, // U+1EF2
    { 10, 16, 112, -2, 12, 40, 3011 }, // U+1EF3
    { 9, 14, 122, 1, 11, 32, 3051 }, // U+1EF4
    { 10, 13, 112, -2, 9, 33, 3083 }, // U+1EF5
    { 9, 15, 122, 1, 15, 34, 3116 }, // U+1EF6
    { 10, 17, 112, -2, 13, 43, 3150 }, // U+1EF7
    { 9, 15, 122, 1, 15, 34, 3193 }, // U+1EF8
    { 10, 16, 112, -2, 12, 40, 3227 }, // U+1EF9
    { 0, 0, 120, 0, 0, 0, 0 }, // U+2000
    { 0, 0, 240, 0, 0, 0, 0 }, // U+2001
    { 0, 0, 120, 0, 0, 0, 0 }, // U+2002
    { 0, 0, 240, 0, 0, 0, 0 }, // U+2003
    { 0, 0, 80, 0, 0, 0, 0 }, // U+2004
    { 0, 0, 60, 0, 0, 0, 0 }, // U+2005
    { 0, 0, 40, 0, 0, 0, 0 }, // U+2006
    { 0, 0, 132, 0, 0, 0, 0 }, // U+2007
    { 0, 0, 61, 0, 0, 0, 0 }, // U+2008
    { 0, 0, 40, 0, 0, 0, 0 }, // U+2009
    { 0, 0, 24, 0, 0, 0, 0 }, // U+200A
    { 0, 0, 0, 0, 0, 0, 0 }, // U+200B
    { 0, 0, 0, 0, 0, 0, 0 }, // U+200C
    { 0, 0, 0, 0, 0, 0, 0 }, // U+200D
    { 5, 13, 0, -1, 11, 17, 0 }, // U+200E
    { 5, 13, 0, -4, 11, 17, 17 }, // U+200F
    { 5, 2, 75, 0, 5, 3, 34 }, // U+2010
    { 5, 2, 75, 0, 5, 3, 37 }, // U+2011
    { 8, 2, 132, 0, 6, 4, 40 }, // U+2012
    { 7, 2, 115, 0, 5, 4, 44 }, // U+2013
    { 14, 2, 230, 0, 5, 7, 48 }, // U+2014
    { 14, 2, 230, 0, 5, 7, 55 }, // U+2015
    { 5, 16, 132, 2, 12, 20, 62 }, // U+2016
    { 8, 4, 95, -2, 0, 8, 82 }, // U+2017
    { 4, 4, 42, 0, 11, 4, 90 }, // U+2018
    { 4, 4, 42, 0, 11, 4, 94 }, // U+2019
    { 4, 4, 58, -1, 2, 4, 98 }, // U+201A
    { 3, 4, 42, 1, 11, 3, 102 }, // U+201B
    { 7, 4, 86, 0, 11, 7, 105 }, // U+201C
    { 7, 4, 86, 0, 11, 7, 112 }, // U+201D
    { 6, 4, 102, -1, 2, 6, 119 }, // U+201E
    { 5, 4, 86, 1, 11, 5, 125 }, // U+201F
    { 7, 12, 113, 1, 12, 21, 130 }, // U+2020
    { 8, 12, 113, 0, 12, 24, 151 }, // U+2021
    { 4, 5, 90, 1, 8, 5, 175 }, // U+2022
    { 6, 5, 88, 0, 8, 8, 180 }, // U+2023
    { 2, 3, 120, 2, 2, 2, 188 }, // U+2024
    { 6, 3, 122, 0, 2, 5, 190 }, // U+2025
    { 10, 3, 185, 0, 2, 8, 195 }, // U+2026
    { 2, 3, 61, 1, 5, 2, 203 }, // U+2027
    { 0, 0, 144, 0, 0, 0, 205 }, // U+2028
    { 0, 0, 144, 0, 0, 0, 205 }, // U+2029
    { 5, 12, 0, -1, 10, 15, 205 }, // U+202A
    { 5, 12, 0, -4, 10, 15, 220 }, // U+202B
    { 4, 13, 0, -2, 11, 13, 235 }, // U+202C
    { 4, 13, 0, -2, 11, 13, 248 }, // U+202D
    { 4, 13, 0, -2, 11, 13, 261 }, // U+202E
    { 0, 0, 40, 0, 0, 0, 274 }, // U+202F
    { 16, 12, 270, 1, 11, 48, 274 }, // U+2030
    { 21, 12, 349, 1, 11, 63, 322 }, // U+2031
    { 4, 5, 53, 1, 11, 5, 385 }, // U+2032
    { 6, 5, 93, 1, 11, 8, 390 }, // U+2033
    { 9, 5, 134, 1, 11, 12, 398 }, // U+2034
    { 3, 5, 65, 1, 11, 4, 410 }, // U+2035
    { 6, 5, 102, 1, 11, 8, 414 }, // U+2036
    { 8, 5, 139, 1, 11, 10, 422 }, // U+2037
    { 7, 6, 96, -2, 2, 11, 432 }, // U+2038
    { 5, 8, 69, 0, 8, 10, 443 }, // U+2039
    { 4, 8, 69, 0, 8, 8, 453 }, // U+203A
    { 12, 12, 201, 0, 11, 36, 461 }, // U+203B
    { 8, 12, 119, 0, 11, 24, 497 }, // U+203C
    { 6, 12, 103, 1, 11, 18, 521 }, // U+203D
    { 7, 2, 94, 1, 13, 4, 539 }, // U+203E
    { 8, 4, 130, -1, 0, 8, 543 }, // U+203F
    { 8, 4, 130, 1, 12, 8, 551 }, // U+2040
    { 8, 11, 82, -2, 7, 22, 559 }, // U+2041
    { 16, 14, 268, 0, 12, 56, 581 }, // U+2042
    { 4, 2, 69, 0, 5, 2, 637 }, // U+2043
    { 10, 11, 31, -4, 11, 28, 639 }, // U+2044
    { 7, 14, 70, -1, 11, 25, 667 }, // U+2045
    { 7, 14, 70, -2, 11, 25, 692 }, // U+2046
    { 13, 12, 206, 1, 11, 39, 717 }, // U+2047
    { 10, 12, 166, 1, 11, 30, 756 }, // U+2048
    { 11, 12, 166, 0, 11, 33, 786 }, // U+2049
    { 9, 9, 125, 0, 9, 21, 819 }, // U+204A
    { 8, 14, 144, 1, 12, 28, 840 }, // U+204B
    { 9, 9, 153, 0, 9, 21, 868 }, // U+204C
    { 8, 9, 153, 1, 9, 18, 889 }, // U+204D
    { 8, 8, 132, -1, 4, 16, 907 }, // U+204E
    { 4, 11, 61, 0, 9, 11, 923 }, // U+204F
    { 10, 16, 130, -1, 12, 40, 934 }, // U+2050
    { 9, 16, 132, 0, 12, 36, 974 }, // U+2051
    { 6, 12, 89, 0, 11, 18, 1010 }, // U+2052
    { 14, 3, 240, 1, 6, 11, 1028 }, // U+2053
    { 9, 4, 130, -2, 0, 9, 1039 }, // U+2054
    { 9, 9, 137, 0, 8, 21, 1048 }, // U+2055
    { 7, 12, 124, 0, 11, 21, 1069 }, // U+2056
    { 11, 5, 174, 1, 11, 14, 1090 }, // U+2057
    { 12, 12, 197, 0, 11, 36, 1104 }, // U+2058
    { 12, 12, 199, 0, 11, 36, 1140 }, // U+2059
    { 3, 12, 53, 0, 11, 9, 1176 }, // U+205A
    { 10, 13, 157, 0, 12, 33, 1185 }, // U+205B
    { 12, 13, 191, 0, 12, 39, 1218 }, // U+205C
    { 2, 12, 64, 1, 11, 6, 1257 }, // U+205D
    { 3, 12, 64, 1, 11, 9, 1263 }, // U+205E
    { 0, 0, 53, 0, 0, 0, 1272 }, // U+205F
    { 0, 0, 144, 0, 0, 0, 1272 }, // U+2060
    { 0, 0, 144, 0, 0, 0, 1272 }, // U+2061
    { 0, 0, 144, 0, 0, 0, 1272 }, // U+2062
    { 0, 0, 144, 0, 0, 0, 1272 }, // U+2063
    { 0, 0, 144, 0, 0, 0, 1272 }, // U+2064
    { 0, 0, 144, 0, 0, 0, 1272 }, // U+2066
    { 0, 0, 144, 0, 0, 0, 1272 }, // U+2067
    { 0, 0, 144, 0, 0, 0, 1272 }, // U+2068
    { 0, 0, 144, 0, 0, 0, 1272 }, // U+2069
    { 4, 13, 0, -2, 11, 13, 1272 }, // U+206A
    { 4, 13, 0, -2, 11, 13, 1285 }, // U+206B
    { 4, 13, 0, -2, 11, 13, 1298 }, // U+206C
    { 4, 13, 0, -2, 11, 13, 1311 }, // U+206D
    { 4, 13, 0, -2, 11, 13, 1324 }, // U+206E
    { 4, 13, 0, -2, 11, 13, 1337 }, // U+206F
    { 6, 7, 85, 1, 13, 11, 0 }, // U+2070
    { 3, 7, 54, 1, 11, 6, 11 }, // U+2071
    { 5, 7, 85, 1, 13, 9, 17 }, // U+2074
    { 6, 7, 85, 1, 13, 11, 26 }, // U+2075
    { 6, 7, 85, 1, 13, 11, 37 }, // U+2076
    { 6, 7, 85, 1, 13, 11, 48 }, // U+2077
    { 6, 7, 85, 1, 13, 11, 59 }, // U+2078
    { 6, 7, 85, 1, 13, 11, 70 }, // U+2079
    { 5, 5, 81, 1, 12, 7, 81 }, // U+207A
    { 5, 2, 81, 1, 10, 3, 88 }, // U+207B
    { 5, 4, 81, 1, 11, 5, 91 }, // U+207C
    { 5, 9, 45, 1, 14, 12, 96 }, // U+207D
    { 4, 9, 45, 0, 14, 9, 108 }, // U+207E
    { 5, 6, 90, 1, 10, 8, 117 }, // U+207F
    { 6, 7, 85, -1, 5, 11, 125 }, // U+2080
    { 4, 7, 85, 0, 5, 7, 136 }, // U+2081
    { 6, 7, 85, -1, 5, 11, 143 }, // U+2082
    { 6, 7, 85, -1, 5, 11, 154 }, // U+2083
    { 6, 7, 85, -1, 5, 11, 165 }, // U+2084
    { 6, 7, 85, -1, 5, 11, 176 }, // U+2085
    { 6, 7, 85, -1, 5, 11, 187 }, // U+2086
    { 6, 7, 85, -1, 5, 11, 198 }, // U+2087
    { 6, 7, 85, -1, 5, 11, 209 }, // U+2088
    { 6, 7, 85, -1, 5, 11, 220 }, // U+2089
    { 5, 5, 81, -1, 4, 7, 231 }, // U+208A
    { 5, 2, 81, -1, 2, 3, 238 }, // U+208B
    { 5, 4, 81, -1, 3, 5, 241 }, // U+208C
    { 4, 9, 45, 0, 6, 9, 246 }, // U+208D
    { 4, 9, 45, -2, 6, 9, 255 }, // U+208E
    { 6, 6, 89, -1, 4, 9, 264 }, // U+2090
    { 5, 6, 78, -1, 4, 8, 273 }, // U+2091
    { 6, 6, 88, -1, 4, 9, 281 }, // U+2092
    { 7, 6, 75, -2, 4, 11, 290 }, // U+2093
    { 5, 6, 78, -1, 4, 8, 301 }, // U+2094
    { 5, 8, 105, 0, 6, 10, 309 }, // U+2095
    { 5, 8, 84, 0, 6, 10, 319 }, // U+2096
    { 3, 8, 56, 0, 6, 6, 329 }, // U+2097
    { 8, 6, 151, 0, 4, 12, 335 }, // U+2098
    { 6, 6, 90, -1, 4, 9, 347 }, // U+2099
    { 6, 8, 90, -1, 4, 12, 356 }, // U+209A
    { 5, 6, 74, -1, 4, 8, 368 }, // U+209B
    { 4, 7, 52, -1, 5, 7, 376 }, // U+209C
    { 8, 11, 132, 1, 11, 22, 0 }, // U+20A0
    { 9, 13, 132, 0, 12, 30, 22 }, // U+20A1
    { 9, 12, 132, 0, 11, 27, 52 }, // U+20A2
    { 9, 11, 132, 0, 11, 25, 79 }, // U+20A3
    { 10, 11, 132, -1, 11, 28, 104 }, // U+20A4
    { 13, 12, 210, 0, 10, 39, 132 }, // U+20A5
    { 9, 11, 132, 0, 11, 25, 171 }, // U+20A6
    { 11, 12, 177, 0, 11, 33, 196 }, // U+20A7
    { 13, 12, 193, 0, 11, 39, 229 }, // U+20A8
    { 11, 11, 149, 0, 11, 31, 268 }, // U+20A9
    { 13, 11, 192, 0, 11, 36, 299 }, // U+20AA
    { 10, 15, 139, 0, 12, 38, 335 }, // U+20AB
    { 10, 12, 132, 0, 11, 30, 373 }, // U+20AC
    { 10, 11, 135, 0, 11, 28, 403 }, // U+20AD
    { 9, 11, 120, 0, 11, 25, 431 }, // U+20AE
    { 15, 15, 233, 0, 11, 57, 456 }, // U+20AF
    { 10, 15, 132, -1, 11, 38, 513 }, // U+20B0
    { 10, 11, 132, 0, 11, 28, 551 }, // U+20B1
    { 9, 14, 163, 1, 12, 32, 579 }, // U+20B2
    { 10, 11, 135, -1, 11, 28, 611 }, // U+20B3
    { 10, 12, 121, -1, 11, 30, 639 }, // U+20B4
    { 9, 14, 141, 1, 12, 32, 669 }, // U+20B5
    { 10, 11, 137, 0, 10, 28, 701 }, // U+20B6
    { 12, 13, 158, -1, 11, 39, 729 }, // U+20B7
    { 9, 11, 118, 0, 11, 25, 768 }, // U+20B8
    { 8, 11, 132, 1, 11, 22, 793 }, // U+20B9
    { 9, 12, 132, 0, 11, 27, 815 }, // U+20BA
    { 11, 12, 161, 0, 11, 33, 842 }, // U+20BB
    { 12, 11, 178, -1, 11, 33, 875 }, // U+20BC
    { 10, 11, 140, -1, 11, 28, 908 }, // U+20BD
    { 11, 13, 141, -1, 13, 36, 936 }, // U+20BE
    { 9, 15, 132, 0, 13, 34, 972 }, // U+20BF
    { 5, 2, 75, 0, 5, 3, 0 }, // U+2212
    { 14, 16, 153, -2, 12, 56, 0 }, // U+FB00
    { 11, 16, 138, -2, 12, 44, 56 }, // U+FB01
    { 11, 16, 138, -2, 12, 44, 100 }, // U+FB02
    { 16, 16, 215, -2, 12, 64, 144 }, // U+FB03
    { 16, 16, 215, -2, 12, 64, 208 }, // U+FB04
    { 12, 16, 148, -2, 12, 48, 272 }, // U+FB05
    { 12, 13, 183, 0, 12, 39, 320 }, // U+FB06
    { 15, 15, 240, 0, 12, 57, 0 }, // U+FFFD
};

static const EpdUnicodeInterval notosans_c15_italicIntervals[] = {
    { 0x0, 0x0, 0x0 },
    { 0xD, 0xD, 0x1 },
    { 0x20, 0x7E, 0x2 },
    { 0xA0, 0x17F, 0x61 },
    { 0x1A0, 0x1A1, 0x141 },
    { 0x1AF, 0x1B0, 0x143 },
    { 0x1C4, 0x21F, 0x145 },
    { 0x250, 0x36F, 0x1A1 },
    { 0x400, 0x4FF, 0x2C1 },
    { 0x1EA0, 0x1EF9, 0x3C1 },
    { 0x2000, 0x2064, 0x41B },
    { 0x2066, 0x2071, 0x480 },
    { 0x2074, 0x208E, 0x48C },
    { 0x2090, 0x209C, 0x4A7 },
    { 0x20A0, 0x20BF, 0x4B4 },
    { 0x2212, 0x2212, 0x4D4 },
    { 0xFB00, 0xFB06, 0x4D5 },
    { 0xFFFD, 0xFFFD, 0x4DC },
};

static const EpdFontGroup notosans_c15_italicGroups[] = {
    { 0, 1548, 2482, 97, 0 },
    { 1548, 1338, 2939, 96, 97 },
    { 2886, 1686, 4589, 128, 193 },
    { 4572, 1618, 3966, 96, 321 },
    { 6190, 2031, 3593, 176, 417 },
    { 8221, 545, 700, 112, 593 },
    { 8766, 4374, 8963, 256, 705 },
    { 13140, 920, 3819, 90, 961 },
    { 14060, 956, 1548, 111, 1051 },
    { 15016, 376, 498, 42, 1162 },
    { 15392, 878, 1192, 32, 1204 },
    { 16270, 6, 4, 1, 1236 },
    { 16276, 217, 375, 7, 1237 },
    { 16493, 55, 60, 1, 1244 },
};

static const uint16_t notosans_c15_italicKernLeftCodepoints[] = {
    0x0020, 0x0022, 0x0026, 0x0027, 0x0028, 0x002C, 0x002D, 0x002E, 0x0041, 0x0042, 0x0043, 0x0044,
    0x0045, 0x0046, 0x004B, 0x004C, 0x004F, 0x0050, 0x0051, 0x0052, 0x0054, 0x0055, 0x0056, 0x0057,
    0x0058, 0x0059, 0x005A, 0x005B, 0x005F, 0x0061, 0x0062, 0x0063, 0x0065, 0x0066, 0x006B, 0x006F,
    0x0070, 0x0072, 0x0074, 0x0076, 0x0077, 0x0078, 0x0079, 0x007B, 0x00A1, 0x00AB, 0x00BB, 0x00BF,
    0x00C0, 0x00C1, 0x00C2, 0x00C3, 0x00C4, 0x00C5, 0x00C6, 0x00C7, 0x00C8, 0x00C9, 0x00CA, 0x00CB,
    0x00D0, 0x00D2, 0x00D3, 0x00D4, 0x00D5, 0x00D6, 0x00D8, 0x00D9, 0x00DA, 0x00DB, 0x00DC, 0x00DD,
    0x00DE, 0x00E0, 0x00E1, 0x00E2, 0x00E3, 0x00E4, 0x00E5, 0x00E6, 0x00E8, 0x00E9, 0x00EA, 0x00EB,
    0x00EF, 0x00F0, 0x00F2, 0x00F3, 0x00F4, 0x00F5, 0x00F6, 0x00F8, 0x00FD, 0x00FE, 0x00FF, 0x0100,
    0x0101, 0x0102, 0x0103, 0x0104, 0x0105, 0x0106, 0x0108, 0x010A, 0x010C, 0x010E, 0x010F, 0x0110,
    0x0112, 0x0113, 0x0114, 0x0115, 0x0116, 0x0117, 0x0118, 0x0119, 0x011A, 0x011B, 0x0129, 0x012B,
    0x012E, 0x0136, 0x0137, 0x0138, 0x0139, 0x013B, 0x013D, 0x013E, 0x013F, 0x0141, 0x014C, 0x014D,
    0x014E, 0x014F, 0x0150, 0x0151, 0x0152, 0x0153, 0x0155, 0x0157, 0x0159, 0x0162, 0x0163, 0x0164,
    0x0165, 0x0166, 0x0167, 0x0168, 0x016A, 0x016C, 0x016E, 0x0170, 0x0172, 0x0174, 0x0175, 0x0176,
    0x0177, 0x0178, 0x0179, 0x017B, 0x017D, 0x01A0, 0x01A1, 0x01AF, 0x01B0, 0x01D0, 0x01FA, 0x01FB,
    0x01FC, 0x01FD, 0x01FE, 0x01FF, 0x020B, 0x021A, 0x021B, 0x02BC, 0x0402, 0x0403, 0x0404, 0x0405,
    0x0408, 0x0409, 0x040A, 0x040B, 0x040C, 0x040E, 0x0410, 0x0411, 0x0412, 0x0413, 0x0414, 0x0416,
    0x0417, 0x041A, 0x041E, 0x0420, 0x0421, 0x0422, 0x0423, 0x0424, 0x0425, 0x0426, 0x0429, 0x042A,
    0x042C, 0x042D, 0x042E, 0x0430, 0x0431, 0x0432, 0x0433, 0x0434, 0x0435, 0x0436, 0x0437, 0x0438,
    0x0439, 0x043A, 0x043B, 0x043C, 0x043D, 0x043E, 0x043F, 0x0440, 0x0441, 0x0442, 0x0443, 0x0444,
    0x0445, 0x0446, 0x0447, 0x0448, 0x0449, 0x044A, 0x044B, 0x044C, 0x044D, 0x044E, 0x044F, 0x0450,
    0x0451, 0x0452, 0x0453, 0x0454, 0x0455, 0x0457, 0x0458, 0x0459, 0x045A, 0x045B, 0x045C, 0x045D,
    0x045E, 0x045F, 0x0460, 0x0461, 0x0462, 0x0463, 0x0464, 0x0466, 0x0467, 0x0468, 0x0469, 0x046E,
    0x046F, 0x0472, 0x0473, 0x0474, 0x0475, 0x0476, 0x0477, 0x0478, 0x0479, 0x047A, 0x047B, 0x047C,
    0x047D, 0x047E, 0x047F, 0x0480, 0x048A, 0x048B, 0x048C, 0x048D, 0x048E, 0x048F, 0x0490, 0x0491,
    0x0492, 0x0493, 0x0495, 0x0496, 0x0497, 0x0498, 0x0499, 0x049A, 0x049B, 0x049C, 0x049D, 0x049E,
    0x049F, 0x04A0, 0x04A1, 0x04A2, 0x04A3, 0x04A4, 0x04A5, 0x04A7, 0x04A9, 0x04AA, 0x04AC, 0x04AD,
    0x04AE, 0x04AF, 0x04B0, 0x04B1, 0x04B2, 0x04B3, 0x04B4, 0x04B5, 0x04B6, 0x04B7, 0x04BB, 0x04BC,
    0x04BD, 0x04BE, 0x04BF, 0x04C1, 0x04C2, 0x04C4, 0x04C5, 0x04C6, 0x04C9, 0x04CA, 0x04CD, 0x04CE,
    0x04D0, 0x04D1, 0x04D2, 0x04D3, 0x04D5, 0x04D7, 0x04D8, 0x04D9, 0x04DA, 0x04DB, 0x04DC, 0x04DD,
    0x04DE, 0x04DF, 0x04E6, 0x04E7, 0x04E8, 0x04E9, 0x04EA, 0x04EB, 0x04EC, 0x04ED, 0x04EE, 0x04EF,
    0x04F0, 0x04F1, 0x04F2, 0x04F3, 0x04F5, 0x04F6, 0x04F7, 0x04F9, 0x04FA, 0x04FB, 0x04FC, 0x04FD,
    0x04FE, 0x04FF, 0x1EA0, 0x1EA1, 0x1EA2, 0x1EA3, 0x1EA4, 0x1EA5, 0x1EA6, 0x1EA7, 0x1EA8, 0x1EA9,
    0x1EAA, 0x1EAB, 0x1EAC, 0x1EAD, 0x1EAE, 0x1EAF, 0x1EB0, 0x1EB1, 0x1EB2, 0x1EB3, 0x1EB4, 0x1EB5,
    0x1EB6, 0x1EB7, 0x1EB8, 0x1EB9, 0x1EBA, 0x1EBB, 0x1EBC, 0x1EBD, 0x1EBE, 0x1EBF, 0x1EC0, 0x1EC1,
    0x1EC2, 0x1EC3, 0x1EC4, 0x1EC5, 0x1EC6, 0x1EC7, 0x1ECC, 0x1ECD, 0x1ECE, 0x1ECF, 0x1ED0, 0x1ED1,
    0x1ED2, 0x1ED3, 0x1ED4, 0x1ED5, 0x1ED6, 0x1ED7, 0x1ED8, 0x1ED9, 0x1EDA, 0x1EDB, 0x1EDC, 0x1EDD,
    0x1EDE, 0x1EDF, 0x1EE0, 0x1EE1, 0x1EE2, 0x1EE3, 0x1EE4, 0x1EE6, 0x1EE8, 0x1EE9, 0x1EEA, 0x1EEB,
    0x1EEC, 0x1EED, 0x1EEE, 0x1EEF, 0x1EF0, 0x1EF1, 0x1EF2, 0x1EF3, 0x1EF4, 0x1EF5, 0x1EF6, 0x1EF7,
    0x1EF8, 0x1EF9, 0x2013, 0x2014, 0x2015, 0x2018, 0x2019, 0x201A, 0x201C, 0x201D, 0x201E, 0x2039,
    0x203A, 0x207D, 0x208D, 0xFB00,
};

static const uint8_t notosans_c15_italicKernLeftClassIds[] = {
      1,   2,   3,   2,   4,   5,   6,   5,   7,   8,   9,  10,  11,  12,  13,  14,
     10,  15,  10,  16,  17,  18,  19,  19,  13,  20,  21,   4,  22,  23,  24,  25,
     24,  26,  27,  24,  24,  28,  29,  30,  30,  27,  30,   4,  31,  32,  33,  34,
      7,   7,   7,   7,   7,   7,  11,   9,  11,  11,  11,  11,  10,  10,  10,  10,
     10,  10,  10,  18,  18,  18,  18,  20,  15,  23,  23,  23,  23,  23,  23,  24,
     24,  24,  24,  24,  35,  24,  24,  24,  24,  24,  24,  24,  30,  24,  30,   7,
     23,   7,  23,   7,  23,   9,   9,   9,   9,  10,  36,  10,  11,  24,  11,  24,
     11,  24,  11,  24,  11,  24,  37,  35,  38,  13,  27,  27,  14,  14,  14,  36,
     14,  14,  10,  24,  10,  24,  10,  24,  11,  24,  28,  28,  28,  17,  29,  17,
     39,  17,  29,  18,  18,  18,  18,  18,  18,  19,  30,  20,  30,  20,  21,  21,
     21,  40,  41,  42,  43,  35,   7,  23,  11,  24,  10,  24,  35,  17,  29,  44,
     45,  46,  47,  48,  49,  45,  45,  50,  51,  52,  53,  54,  55,  46,  56,  51,
     55,  51,  57,  58,  47,  46,  52,  59,  51,  56,  56,  45,  45,  57,  57,  60,
     61,  62,  63,  64,  63,  65,  62,  60,  60,  66,  60,  60,  60,  67,  68,  67,
     65,  68,  69,  67,  66,  70,  60,  60,  70,  71,  60,  71,  67,  67,  60,  63,
     63,  72,  63,  65,  73,  74,  75,  71,  71,  68,  66,  60,  76,  60,  52,  77,
     78,  71,  47,  53,  79,  53,  79,  55,  62,  57,  67,  52,  77,  52,  77,  69,
     69,  57,  67,  57,  67,  52,  77,  47,  56,  64,  78,  71,  58,  67,  80,  81,
     82,  83,  84,  85,  86,  55,  62,  85,  86,  51,  65,  51,  65,  51,  65,  56,
     64,  82,  81,  84,  67,  47,  80,  64,  87,  88,  87,  88,  85,  86,  56,  64,
     56,  64,  84,  89,  63,  89,  63,  51,  65,  65,  56,  64,  56,  64,  56,  64,
     53,  23,  53,  23,  63,  63,  57,  67,  57,  67,  51,  65,  55,  62,  57,  67,
     57,  67,  57,  67,  57,  67,  52,  69,  52,  69,  52,  69,  60,  80,  81,  60,
     82,  83,  85,  86,  51,  86,   7,  23,   7,  23,   7,  23,   7,  23,   7,  23,
      7,  23,   7,  23,   7,  23,   7,  23,   7,  23,   7,  23,   7,  23,  11,  24,
     11,  24,  11,  24,  11,  24,  11,  24,  11,  24,  11,  24,  11,  24,  10,  24,
     10,  24,  10,  24,  10,  24,  10,  24,  10,  24,  10,  24,  40,  41,  40,  41,
     40,  41,  40,  41,  40,  41,  18,  18,  42,  43,  42,  43,  42,  43,  42,  43,
     42,  43,  20,  30,  20,  30,  20,  30,  20,  30,   6,   6,   6,   2,   2,   5,
      2,   2,   5,  32,  33,  90,  91,  26,
};

static const uint16_t notosans_c15_italicKernRightCodepoints[] = {
    0x0021, 0x0022, 0x0026, 0x0027, 0x0029, 0x002C, 0x002D, 0x002E, 0x003A, 0x003B, 0x003F, 0x0041,
    0x0043, 0x0047, 0x0049, 0x004A, 0x004F, 0x0051, 0x0053, 0x0054, 0x0055, 0x0056, 0x0057, 0x0058,
    0x0059, 0x005A, 0x005D, 0x0061, 0x0063, 0x0064, 0x0065, 0x0066, 0x0067, 0x006A, 0x006D, 0x006E,
    0x006F, 0x0070, 0x0071, 0x0072, 0x0073, 0x0074, 0x0075, 0x0076, 0x0077, 0x0079, 0x007A, 0x007D,
    0x00AB, 0x00BB, 0x00C0, 0x00C1, 0x00C2, 0x00C3, 0x00C4, 0x00C5, 0x00C6, 0x00C7, 0x00D2, 0x00D3,
    0x00D4, 0x00D5, 0x00D6, 0x00D8, 0x00D9, 0x00DA, 0x00DB, 0x00DC, 0x00DD, 0x00DF, 0x00E0, 0x00E1,
    0x00E2, 0x00E3, 0x00E4, 0x00E5, 0x00E6, 0x00E7, 0x00E8, 0x00E9, 0x00EA, 0x00EB, 0x00F1, 0x00F2,
    0x00F3, 0x00F4, 0x00F5, 0x00F6, 0x00F8, 0x00F9, 0x00FA, 0x00FB, 0x00FC, 0x00FD, 0x00FF, 0x0100,
    0x0101, 0x0102, 0x0103, 0x0104, 0x0105, 0x0106, 0x0107, 0x0108, 0x0109, 0x010A, 0x010B, 0x010C,
    0x010D, 0x010F, 0x0111, 0x0113, 0x0115, 0x0117, 0x0119, 0x011B, 0x011C, 0x011D, 0x011E, 0x011F,
    0x0120, 0x0121, 0x0122, 0x0123, 0x0127, 0x0129, 0x0135, 0x0138, 0x0144, 0x0146, 0x0148, 0x014B,
    0x014C, 0x014D, 0x014E, 0x014F, 0x0150, 0x0151, 0x0152, 0x0153, 0x0155, 0x0157, 0x015B, 0x015D,
    0x015F, 0x0161, 0x0162, 0x0163, 0x0164, 0x0165, 0x0166, 0x0167, 0x0168, 0x0169, 0x016A, 0x016B,
    0x016C, 0x016D, 0x016E, 0x016F, 0x0170, 0x0171, 0x0172, 0x0173, 0x0174, 0x0175, 0x0176, 0x0177,
    0x0178, 0x0179, 0x017A, 0x017B, 0x017C, 0x017D, 0x017E, 0x01A0, 0x01A1, 0x01AF, 0x01B0, 0x01FA,
    0x01FB, 0x01FC, 0x01FD, 0x01FE, 0x01FF, 0x0219, 0x021A, 0x021B, 0x0402, 0x0404, 0x0405, 0x0408,
    0x0409, 0x040B, 0x040E, 0x0410, 0x0414, 0x0416, 0x0417, 0x041B, 0x041E, 0x0421, 0x0422, 0x0423,
    0x0424, 0x0425, 0x0427, 0x042A, 0x042D, 0x042F, 0x0430, 0x0431, 0x0432, 0x0433, 0x0434, 0x0435,
    0x0436, 0x0437, 0x0438, 0x0439, 0x043A, 0x043B, 0x043C, 0x043D, 0x043E, 0x043F, 0x0440, 0x0441,
    0x0442, 0x0443, 0x0444, 0x0445, 0x0446, 0x0447, 0x0448, 0x0449, 0x044A, 0x044B, 0x044C, 0x044D,
    0x044E, 0x044F, 0x0450, 0x0451, 0x0452, 0x0453, 0x0454, 0x0455, 0x0457, 0x0458, 0x0459, 0x045A,
    0x045B, 0x045C, 0x045D, 0x045E, 0x045F, 0x0460, 0x0461, 0x0462, 0x0465, 0x0466, 0x0467, 0x0469,
    0x046D, 0x046E, 0x046F, 0x0470, 0x0471, 0x0472, 0x0473, 0x0474, 0x0475, 0x0476, 0x0477, 0x0478,
    0x0479, 0x047A, 0x047B, 0x047C, 0x047D, 0x047E, 0x047F, 0x0480, 0x0481, 0x048B, 0x048C, 0x048D,
    0x048F, 0x0491, 0x0492, 0x0495, 0x0496, 0x0497, 0x0498, 0x0499, 0x049B, 0x049D, 0x049E, 0x049F,
    0x04A0, 0x04A1, 0x04A3, 0x04A5, 0x04A7, 0x04A8, 0x04A9, 0x04AA, 0x04AB, 0x04AC, 0x04AD, 0x04AE,
    0x04AF, 0x04B0, 0x04B1, 0x04B2, 0x04B3, 0x04B4, 0x04B5, 0x04B6, 0x04B7, 0x04B8, 0x04B9, 0x04BB,
    0x04BC, 0x04BD, 0x04BE, 0x04BF, 0x04C1, 0x04C2, 0x04C4, 0x04C5, 0x04C6, 0x04C8, 0x04CA, 0x04CB,
    0x04CC, 0x04CE, 0x04D0, 0x04D1, 0x04D2, 0x04D3, 0x04D4, 0x04D5, 0x04D7, 0x04D8, 0x04D9, 0x04DA,
    0x04DB, 0x04DC, 0x04DD, 0x04DE, 0x04DF, 0x04E3, 0x04E5, 0x04E6, 0x04E7, 0x04E8, 0x04E9, 0x04EA,
    0x04EB, 0x04EC, 0x04ED, 0x04EE, 0x04EF, 0x04F0, 0x04F1, 0x04F2, 0x04F3, 0x04F4, 0x04F5, 0x04F7,
    0x04F9, 0x04FA, 0x04FC, 0x04FD, 0x04FE, 0x04FF, 0x1EA0, 0x1EA1, 0x1EA2, 0x1EA3, 0x1EA4, 0x1EA5,
    0x1EA6, 0x1EA7, 0x1EA8, 0x1EA9, 0x1EAA, 0x1EAB, 0x1EAC, 0x1EAD, 0x1EAE, 0x1EAF, 0x1EB0, 0x1EB1,
    0x1EB2, 0x1EB3, 0x1EB4, 0x1EB5, 0x1EB6, 0x1EB7, 0x1EB9, 0x1EBB, 0x1EBD, 0x1EBF, 0x1EC1, 0x1EC3,
    0x1EC5, 0x1EC7, 0x1ECC, 0x1ECD, 0x1ECE, 0x1ECF, 0x1ED0, 0x1ED1, 0x1ED2, 0x1ED3, 0x1ED4, 0x1ED5,
    0x1ED6, 0x1ED7, 0x1ED8, 0x1ED9, 0x1EDA, 0x1EDB, 0x1EDC, 0x1EDD, 0x1EDE, 0x1EDF, 0x1EE0, 0x1EE1,
    0x1EE2, 0x1EE3, 0x1EE4, 0x1EE5, 0x1EE6, 0x1EE7, 0x1EE8, 0x1EE9, 0x1EEA, 0x1EEB, 0x1EEC, 0x1EED,
    0x1EEE, 0x1EEF, 0x1EF0, 0x1EF1, 0x1EF2, 0x1EF3, 0x1EF4, 0x1EF5, 0x1EF6, 0x1EF7, 0x1EF8, 0x1EF9,
    0x2013, 0x2014, 0x2015, 0x2018, 0x2019, 0x201A, 0x201C, 0x201D, 0x201E, 0x2026, 0x2039, 0x203A,
    0x207E, 0x208E, 0xFB00,
};

static const uint8_t notosans_c15_italicKernRightClassIds[] = {
      1,   2,   3,   2,   4,   5,   6,   5,   7,   7,   8,   9,  10,  10,  11,  12,
     10,  10,  13,  14,  15,  16,  16,  17,  18,  19,   4,  20,  21,  21,  21,  22,
     23,  24,  25,  25,  21,  25,  21,  25,  26,  27,  25,  28,  28,  28,  29,   4,
     30,  31,   9,   9,   9,   9,   9,   9,  32,  10,  10,  10,  10,  10,  10,  10,
     15,  15,  15,  15,  18,  24,  21,  20,  20,  20,  20,  20,  20,  21,  21,  21,
     21,  21,  25,  21,  21,  21,  21,  21,  21,  25,  25,  25,  25,  28,  28,   9,
     20,   9,  20,   9,  20,  10,  21,  10,  21,  10,  21,  10,  21,  21,  21,  21,
     21,  21,  21,  21,  10,  23,  10,  23,  10,  23,  10,  23,  33,  34,  24,  25,
     25,  25,  25,  25,  10,  21,  10,  21,  10,  21,  10,  21,  25,  25,  26,  26,
     26,  26,  14,  27,  14,  27,  14,  27,  15,  25,  15,  25,  15,  25,  15,  25,
     15,  25,  15,  25,  16,  28,  18,  28,  18,  19,  29,  19,  29,  19,  29,  10,
     21,  15,  25,   9,  20,  32,  20,  10,  21,  26,  14,  27,  35,  36,  37,  38,
     39,  35,  40,  41,  42,  43,  44,  39,  36,  36,  35,  40,  45,  43,  46,  35,
     44,  47,  48,  49,  48,  50,  51,  48,  52,  50,  53,  53,  54,  55,  54,  54,
     48,  54,  54,  48,  54,  56,  48,  57,  53,  58,  53,  53,  59,  53,  53,  52,
     54,  60,  48,  48,  61,  50,  48,  62,  63,  64,  55,  54,  61,  54,  53,  65,
     53,  66,  67,  68,  69,  41,  70,  69,  69,  44,  50,  46,  69,  71,  72,  66,
     67,  66,  67,  71,  72,  71,  72,  71,  72,  66,  67,  71,  72,  69,  68,  61,
     69,  69,  68,  69,  43,  50,  44,  50,  69,  69,  68,  61,  73,  59,  69,  69,
     69,  71,  72,  71,  72,  35,  69,  74,  75,  74,  75,  43,  52,  73,  59,  46,
     58,  46,  58,  69,  76,  77,  76,  77,  43,  52,  69,  78,  70,  69,  69,  46,
     58,  69,  41,  79,  41,  79,  41,  79,  72,  80,  50,  80,  50,  43,  52,  44,
     50,  69,  69,  71,  72,  71,  72,  71,  72,  44,  52,  40,  56,  40,  56,  40,
     56,  46,  58,  69,  53,  68,  43,  52,  43,  52,   9,  20,   9,  20,   9,  20,
      9,  20,   9,  20,   9,  20,   9,  20,   9,  20,   9,  20,   9,  20,   9,  20,
      9,  20,  21,  21,  21,  21,  21,  21,  21,  21,  10,  21,  10,  21,  10,  21,
     10,  21,  10,  21,  10,  21,  10,  21,  10,  21,  10,  21,  10,  21,  10,  21,
     10,  21,  15,  25,  15,  25,  15,  25,  15,  25,  15,  25,  15,  25,  15,  25,
     18,  28,  18,  28,  18,  28,  18,  28,   6,   6,   6,  81,   2,   5,  81,   2,
      5,   5,  30,  31,  82,  83,  22,
};

static const uint16_t notosans_c15_italicKernRowOffsets[] = {
        0,     2,    32,    35,    50,    65,    78,    84,    85,    88,    96,    97,   100,   102,   109,   115,
      116,   132,   134,   146,   160,   163,   164,   165,   168,   169,   171,   172,   177,   179,   182,   185,
      192,   200,   204,   205,   211,   213,   214,   217,   224,   230,   244,   252,   253,   269,   298,   308,
      313,   315,   322,   341,   370,   394,   408,   422,   438,   451,   467,   486,   487,   503,   512,   520,
      525,   533,   543,   559,   568,   580,   598,   615,   624,   629,   637,   639,   651,   653,   660,   672,
      696,   700,   718,   722,   730,   737,   739,   754,   756,   759,   760,   761,
};

static const uint8_t notosans_c15_italicKernSparseCols[] = {
     70,  71,   8,  13,  15,  17,  19,  20,  22,  24,  25,  33,  34,  36,  38,  39,
     40,  41,  42,  43,  45,  49,  54,  55,  60,  62,  64,  68,  69,  71,  77,  78,
     13,  15,  17,  11,  21,  23,  34,  37,  38,  41,  42,  43,  44,  55,  60,  62,
     63,  64,   9,  13,  14,  15,  17,  34,  44,  45,  57,  58,  65,  70,  72,  73,
     75,  13,  34,  39,  41,  42,  45,  54,  55,  56,  57,  58,  64,  72,   1,   9,
     11,  13,  15,  17,   4,   2,   9,  29,   4,   8,  13,  15,  16,  17,  18,  36,
     11,   4,   7,   8,   9,  29,   1,   9,  13,  14,  15,  17,  29,   2,   4,   8,
     16,  18,  29,  29,   2,   4,   5,   7,   8,   9,  13,  19,  20,  22,  24,  25,
     27,  28,  29,  30,   4,   8,   2,   4,   7,   8,   9,  19,  20,  22,  24,  25,
     29,  30,   2,   4,   7,   8,   9,  19,  20,  22,  24,  25,  28,  29,  30,  31,
      2,   9,  29,  11,   1,   1,  27,  28,   1,   1,   3,  20,   1,   4,  19,  20,
     22,   1,   3,   1,   4,   7,  11,  13,  17,  13,  15,  17,  34,  39,  45,  72,
     13,  15,  17,  34,  39,  42,  45,  72,  11,  13,  15,  17,   3,   0,   1,   3,
      7,  32,  80,   3,  33,  11,   1,   3,   7,   7,  12,  13,  15,  16,  17,  20,
      1,  21,  25,  26,  27,  80,   1,   4,   7,   8,  10,  12,  13,  15,  16,  17,
     19,  20,  24,  80,   1,   4,   7,  21,  25,  26,  27,  80,  33,   1,   3,   4,
     34,  35,  39,  42,  44,  45,  46,  51,  55,  57,  58,  64,  80,   3,   4,   5,
      6,  30,  34,  35,  38,  40,  41,  43,  44,  46,  47,  49,  50,  51,  52,  53,
     54,  55,  56,  57,  58,  59,  60,  61,  62,  64,  29,  35,  37,  44,  45,  47,
     50,  57,  70,  75,   4,  44,  45,  57,  80,  37,  63,   1,  34,  39,  45,  57,
     58,  80,   3,   4,   5,  29,  35,  37,  41,  44,  45,  47,  50,  52,  55,  57,
     58,  62,  64,  70,  75,   4,   5,   6,  29,  30,  35,  38,  40,  41,  44,  46,
     47,  48,  49,  50,  52,  53,  54,  57,  59,  60,  61,  62,  69,  70,  71,  75,
     76,  77,   1,  34,  35,  37,  38,  39,  44,  45,  47,  48,  50,  52,  54,  55,
     57,  58,  64,  65,  67,  72,  73,  75,  79,  80,   1,  35,  40,  42,  44,  45,
     51,  55,  56,  57,  58,  64,  75,  80,   4,  34,  36,  39,  40,  42,  43,  44,
     45,  46,  51,  57,  65,  73,   3,  34,  35,  37,  38,  40,  41,  42,  44,  45,
     54,  55,  57,  58,  63,  64,   4,  34,  39,  40,  42,  43,  45,  46,  57,  65,
     69,  72,  73,   4,   5,  29,  34,  38,  39,  40,  41,  42,  43,  46,  47,  50,
     54,  69,  77,   3,   4,   6,  34,  36,  38,  39,  40,  41,  42,  43,  45,  46,
     54,  65,  69,  72,  73,  77,  34,   1,   4,  34,  39,  42,  45,  49,  51,  55,
     56,  57,  58,  59,  61,  64,  80,   4,  34,  45,  49,  51,  55,  57,  58,  64,
      1,  34,  45,  47,  50,  55,  57,  64,   1,   4,  34,  42,  56,  34,  45,  47,
     50,  54,  57,  71,  76,   4,   5,  34,  45,  47,  48,  50,  52,  57,  80,   1,
      4,  34,  39,  42,  45,  49,  51,  55,  56,  57,  58,  59,  61,  64,  80,   1,
     34,  42,  45,  55,  57,  58,  64,  80,   4,   5,  34,  38,  40,  42,  47,  50,
     54,  59,  69,  80,   1,   3,  34,  37,  38,  40,  41,  42,  44,  45,  52,  54,
     55,  57,  58,  63,  64,  80,   1,  34,  35,  38,  45,  48,  51,  52,  55,  56,
     57,  58,  64,  66,  74,  76,  80,   1,  34,  37,  55,  57,  58,  63,  64,  80,
     34,  39,  47,  50,  57,   1,   3,  34,  39,  42,  60,  62,  80,  37,  63,   4,
      5,  34,  38,  40,  42,  47,  50,  54,  59,  69,  80,   4,  69,   1,  34,  45,
     58,  65,  72,  73,   1,  55,  57,  58,  59,  64,  66,  68,  71,  74,  76,  78,
      4,   5,  29,  30,  34,  40,  44,  49,  51,  55,  57,  58,  59,  61,  64,  66,
     68,  69,  70,  71,  74,  75,  76,  77,   4,   5,  69,  71,   4,   5,  34,  40,
     44,  49,  51,  57,  60,  61,  68,  69,  70,  71,  72,  75,  76,  77,   4,  66,
     69,  71,   1,  55,  57,  58,  64,  66,  74,  76,  37,  44,  57,  58,  70,  75,
     76,  57,  71,   4,  40,  44,  49,  57,  59,  60,  68,  69,  70,  71,  76,  77,
     78,  79,   4,  69,  34,  65,  73,  81,  82,
};

static const int8_t notosans_c15_italicKernSparseValues[] = {
      -5,   -5,  -17,    5,    5,    2,  -10,  -14,   -7,   -7,   -7,   17,    5,    7,  -12,    7,
     -17,  -14,    7,   10,    5,    2,   -7,    5,   10,   10,    5,   -2,  -17,  -14,  -14,   -5,
     -14,  -10,  -14,   22,   10,   10,    7,   26,   -2,   10,    5,    7,   -5,    7,   10,    7,
      22,    7,  -12,  -17,   -5,  -14,  -14,  -14,  -10,  -19,  -14,  -12,  -14,  -12,  -17,  -14,
     -14,  -10,  -10,   -5,   -2,   -5,  -12,   -2,   -2,   -2,   -5,   -5,   -2,  -10,  -17,   -5,
      18,  -12,   -2,   -7,   -5,   -2,   -5,   -5,  -10,   -5,   -7,   -2,   -5,   -2,   -2,   -2,
      14,  -14,    5,   -5,   -5,   -5,  -19,   -5,  -10,   -2,   -5,  -10,  -10,   -5,  -31,  -12,
      -5,   -2,   -2,   -2,   -5,  -14,  -10,    5,  -12,   -5,    2,  -19,  -17,  -17,  -12,  -14,
      -5,  -10,  -14,  -10,   -5,   -2,   -2,  -12,    5,   -2,   -2,   -5,   -5,   -2,   -2,   -2,
     -10,   -5,   -7,  -14,    5,   -7,   -5,  -12,  -12,   -5,   -7,  -10,   -5,  -10,  -10,   -5,
      -5,   -2,   -2,   22,   -2,   -2,   -5,   -2,    5,   14,   10,   -5,   10,  -29,   -5,   -5,
      -2,    5,    5,   10,  -10,    5,   14,   -5,   -2,  -10,   -5,  -10,  -10,   -2,   -5,   -7,
     -14,  -10,  -10,  -14,   -5,   -5,  -14,  -10,   24,  -12,   -2,   -7,   10,   14,   17,   20,
      19,   17,   10,   10,   26,   12,   10,   14,    5,    7,    5,    7,   10,    7,   14,    5,
       5,   10,    5,   10,   12,   14,    5,  -10,   12,   -5,    7,    5,   17,   19,   14,   19,
      -5,    2,   -2,    5,    5,   -2,    5,   12,    5,   12,   12,   12,   17,  -19,   -2,   -5,
     -17,   -2,   -5,   -2,   -2,  -19,   -2,   -2,   -7,   -7,  -14,   -7,  -17,    7,  -14,  -10,
      -5,  -10,    2,   -5,  -14,  -12,  -14,    2,   -8,   -2,  -17,   -7,  -24,   -7,   -7,   -7,
     -17,   -5,   -7,  -12,   -5,   -7,   12,   -7,    5,  -10,   -5,   -2,    5,   -5,   -2,   -2,
      -2,   -5,   -5,   -5,   -2,   -2,   -5,   -4,   -2,   12,    7,  -19,  -17,   -5,  -19,   -7,
     -12,  -12,    5,   -2,   -7,   -5,   -6,    5,    2,  -10,   -5,   -2,   -5,   -2,   -2,   -7,
      -2,    2,   -2,   -5,  -12,  -19,   -5,   -5,  -10,   -5,   -5,  -19,  -19,  -17,   -7,   -7,
      -7,   -5,   -2,  -14,   -2,   -5,  -12,   -5,   -2,   12,   -5,    5,  -10,   -2,   -5,   -5,
      -7,  -12,  -17,  -14,  -10,    7,    5,   -5,  -10,  -22,   -2,   -2,   -2,   -2,    5,   -7,
     -14,  -14,   -7,  -10,   -5,  -12,  -14,  -12,   -5,  -17,   -5,   -2,   -2,   -2,   -2,   -5,
      -2,   -7,   -2,   -7,  -10,   -7,   -5,   -5,   -5,   -5,   -2,   -2,   -2,   -2,   -2,   -2,
      -5,   -2,   -2,   -2,   -2,   -2,   10,   -2,   -2,   29,    7,    4,    7,    2,   -2,   -7,
      10,    7,  -10,   -5,   24,    7,  -10,  -10,  -10,   -5,   -6,   -2,   -5,   -2,   -2,   -2,
      -2,   -2,   -2,  -31,   -2,   -2,   -5,  -12,   -7,  -12,  -12,   -7,   -2,   -2,   -2,   -2,
     -10,  -12,  -14,   -5,  -10,   -2,  -12,   -2,   -5,  -14,   -5,   -4,  -10,   -5,   -5,   -7,
      -5,   -2,   -2,   -5,   -7,   -5,   -7,   -2,   -5,  -26,   -7,   -2,   -7,   -2,   -5,  -10,
      -5,   -5,   -5,   -2,   -2,  -10,   -5,   -5,  -14,   -2,   -2,   -2,   -7,   -5,   -2,   -7,
      -2,  -12,   -2,   -2,   -2,   -5,   -2,   -5,   -2,   -5,   -5,   -2,   -2,  -10,   -2,   -5,
      -5,    2,   -5,   -5,   -5,   -2,   -5,   -7,   -2,   -5,   -2,   -5,   -4,   -2,    2,   -2,
      -5,  -17,   -7,   -2,   -7,   -2,   -5,  -10,   -5,   -5,   -5,   -2,   -2,  -10,   -5,   -7,
     -10,   -2,   -5,  -12,   -5,   -5,  -12,  -10,  -10,   -2,   -5,   -7,   -2,   -2,   -7,   -7,
     -12,   -2,   -5,    5,   -5,   10,  -12,   31,   10,    5,   10,    5,   -5,  -10,   -2,    5,
       2,   -5,   -5,   12,    2,   -7,  -14,  -22,   -7,    2,  -29,   -2,   -4,   -2,  -14,   -1,
     -17,  -17,  -14,   -5,   -7,   -5,  -22,   -7,  -22,   19,  -10,   -5,   -5,    5,  -10,  -10,
      -7,   -5,   -2,   -2,   -5,   10,    7,    5,    5,    2,    5,    2,   10,   19,    7,  -10,
      -2,  -10,   -7,   -2,   -2,   -7,   -7,  -12,   -2,   -5,    5,  -10,   -5,  -10,  -10,  -14,
      -5,   -7,  -12,   -7,  -17,   -7,   -7,  -12,    7,   -7,   -5,   -2,   -5,   -5,   -5,   -5,
     -14,  -10,  -14,  -10,    2,  -12,  -10,   -5,   -5,  -10,  -12,  -10,   -7,  -14,  -10,   -5,
     -12,  -14,   -5,  -17,  -10,  -12,  -17,  -12,  -12,   -5,   -7,   -2,  -12,   -5,    5,  -14,
      -7,   -5,   -5,  -12,    5,   -7,   -7,  -12,   -5,  -10,    5,   -5,   -7,  -10,   -7,   12,
      -7,   -5,  -17,   -5,  -19,  -12,   -5,   -5,   -5,   -5,   53,   -7,  -10,   -5,   -5,   -7,
      -5,   -2,   -2,  -14,  -14,   -7,  -10,  -10,   -5,    5,   -7,  -12,   -5,  -12,  -10,  -10,
     -10,   -2,  -10,   -2,   -5,   -2,   -2,   12,   12,
};

static const EpdLigaturePair notosans_c15_italicLigaturePairs[] = {
    { 0x00660066, 0xFB00 }, // f f -> U+FB00
    { 0x00660069, 0xFB01 }, // f i -> U+FB01
    { 0x0066006C, 0xFB02 }, // f l -> U+FB02
    { 0xFB000069, 0xFB03 }, // U+FB00 i -> U+FB03
    { 0xFB00006C, 0xFB04 }, // U+FB00 l -> U+FB04
};

static const EpdFontData notosans_c15_italic = {
    notosans_c15_italicBitmaps,
    notosans_c15_italicGlyphs,
    notosans_c15_italicIntervals,
    18,
    20,
    17,
    -5,
    true,
    notosans_c15_italicGroups,
    14,
    nullptr,
    nullptr,  // kernLeftClasses: built-in fonts use the split arrays below
    nullptr,  // kernRightClasses
    notosans_c15_italicKernLeftCodepoints,
    notosans_c15_italicKernLeftClassIds,
    notosans_c15_italicKernRightCodepoints,
    notosans_c15_italicKernRightClassIds,
    nullptr,  // kernMatrix: built-in fonts use the sparse form below
    notosans_c15_italicKernRowOffsets,
    notosans_c15_italicKernSparseCols,
    notosans_c15_italicKernSparseValues,
    472,
    471,
    91,
    83,
    notosans_c15_italicLigaturePairs,
    5,
};
