/**
 * generated by fontconvert.py
 * name: notosans_c19_bold
 * size: 0
 * mode: 2-bit  compressed: true
 * Command used: fontconvert.py notosans_c19_bold 0 ../builtinFonts/source/NotoSans/NotoSans-Bold.ttf --2bit --compress --pnum --ppem 19
 */
#pragma once
#include "EpdFontData.h"

static const uint8_t notosans_c19_boldBitmaps[19722] = {
    0x9D, 0x57, 0x3D, 0x8C, 0xDC, 0xC6, 0x15, 0x7E, 0x24, 0x63, 0x11, 0x31, 0x8B, 0xD9, 0x42, 0x42,
    0xE2, 0x28, 0x10, 0x5D, 0xA8, 0xC8, 0x5D, 0x21, 0x1A, 0x70, 0x0A, 0x07, 0xD8, 0xBB, 0x61, 0x9C,
    0x22, 0x85, 0x8B, 0xDB, 0x42, 0x67, 0x17, 0x29, 0xE2, 0xE2, 0x02, 0x9C, 0x2F, 0x08, 0xA4, 0x52,
    0x08, 0x76, 0x97, 0x44, 0x04, 0x24, 0x85, 0x0A, 0x5D, 0x90, 0x04, 0x29, 0x52, 0xE8, 0x8A, 0x33,
    0x70, 0xBE, 0x00, 0xB9, 0x46, 0x08, 0xCE, 0xC0, 0xEE, 0x72, 0x0C, 0x17, 0x2E, 0x45, 0x59, 0x4E,
    0xE5, 0x42, 0xEC, 0x1C, 0x58, 0x48, 0x76, 0x12, 0xD3, 0x10, 0x1D, 0xCD, 0xEE, 0xF8, 0x7B, 0xB3,
    0x7B, 0x7B, 0x3F, 0xB2, 0x54, 0x84, 0xF3, 0xC8, 0xE3, 0x0E, 0x67, 0xE6, 0xBD, 0xF7, 0xBD, 0xDF,
    0xDB, 0x33, 0xC6, 0x0C, 0xF8, 0xDA, 0xA0, 0x1B, 0x93, 0x01, 0x6D, 0x6C, 0x9A, 0xC1, 0xE1, 0xE0,
    0xF0, 0xF0, 0xF0, 0x46, 0xAB, 0x45, 0x1B, 0x6F, 0xD3, 0x5D, 0x4D, 0x9A, 0x29, 0xB1, 0x53, 0x69,
    0xAD, 0xFF, 0xA0, 0x0C, 0x3E, 0x54, 0xBF, 0x7C, 0xF4, 0xCF, 0xC2, 0x9A, 0xE8, 0x56, 0x1E, 0xAD,
    0x91, 0x10, 0x4C, 0xD4, 0x22, 0x7A, 0x85, 0x42, 0xBB, 0x9D, 0xD8, 0x4A, 0xFE, 0x5D, 0xAD, 0xBE,
    0x42, 0x52, 0x53, 0x3C, 0x21, 0xDF, 0x2A, 0x7E, 0x7B, 0x55, 0x5F, 0x7E, 0x55, 0x4B, 0x5B, 0x25,
    0x36, 0xA7, 0xEB, 0xBC, 0x12, 0xD7, 0x8B, 0xB9, 0x9F, 0x53, 0xA2, 0x43, 0x45, 0x2B, 0x87, 0x22,
    0xA5, 0x6E, 0xF7, 0x0A, 0x51, 0xB7, 0xDD, 0xC6, 0xA3, 0x7B, 0xD8, 0xA2, 0xF6, 0xE1, 0x17, 0x13,
    0x4A, 0x1E, 0x7F, 0x36, 0xA6, 0x73, 0x7F, 0xBE, 0xB7, 0x96, 0x92, 0x58, 0x7B, 0x23, 0xA7, 0x58,
    0xE0, 0xB1, 0x12, 0xDD, 0x4E, 0xE9, 0x30, 0xB4, 0x44, 0xDA, 0x9F, 0xD0, 0xEC, 0xDA, 0x27, 0xF0,
    0x56, 0x24, 0x3E, 0xAD, 0x48, 0xDC, 0xC4, 0xFD, 0x51, 0xE9, 0x7E, 0x07, 0x53, 0x2F, 0x15, 0xD3,
    0xB0, 0x94, 0x07, 0xB7, 0x95, 0x8C, 0x6C, 0x2E, 0x7D, 0x4B, 0xF2, 0xB7, 0x53, 0x4A, 0xAC, 0xCD,
    0x43, 0x7B, 0xAB, 0xE2, 0xAD, 0x1B, 0x06, 0xBA, 0xB6, 0xBC, 0xED, 0x40, 0x89, 0x3C, 0xA6, 0x84,
    0x56, 0x69, 0x05, 0xA3, 0xED, 0x9E, 0xAB, 0x18, 0x31, 0x89, 0x34, 0x52, 0x41, 0xF5, 0x03, 0xBA,
    0x82, 0x37, 0x91, 0x87, 0x2A, 0x28, 0x83, 0x6A, 0x31, 0xCA, 0x50, 0x45, 0x4A, 0xA4, 0x31, 0x56,
    0x53, 0x87, 0xA8, 0x86, 0x54, 0xF4, 0xDA, 0x7F, 0xB6, 0x33, 0x5B, 0x7D, 0x67, 0xDA, 0x09, 0x26,
    0x14, 0xDD, 0x81, 0xE8, 0xA9, 0x47, 0x0E, 0xA1, 0xBB, 0x73, 0x5A, 0x9E, 0xEE, 0x48, 0xAB, 0x2F,
    0xBC, 0xDF, 0x59, 0xCC, 0x10, 0x38, 0x4B, 0xC7, 0xF7, 0x3C, 0x5D, 0x48, 0xB3, 0x2A, 0x83, 0x6C,
    0x6C, 0x0D, 0x5A, 0xA2, 0x1E, 0x0D, 0xA8, 0xF1, 0x6A, 0x5F, 0x07, 0x55, 0xA8, 0x04, 0x78, 0xB1,
    0x8C, 0x3C, 0x49, 0xE4, 0xBD, 0xC7, 0x6A, 0x8A, 0x71, 0x95, 0xFC, 0x44, 0x4B, 0x5F, 0x4B, 0xAF,
    0x3E, 0x26, 0xBF, 0x4E, 0x02, 0x1D, 0xFF, 0x4E, 0x47, 0xB6, 0xF4, 0x6D, 0xCA, 0x9A, 0x6E, 0xFA,
    0x46, 0x98, 0xCC, 0x74, 0x4D, 0xCB, 0xD0, 0x99, 0x81, 0x83, 0x62, 0xC0, 0x73, 0x50, 0x7E, 0x3F,
    0xAC, 0x28, 0xA8, 0x28, 0x2C, 0x49, 0xC0, 0x70, 0x29, 0x4D, 0x28, 0xA8, 0x49, 0x94, 0x24, 0xFF,
    0xD4, 0xC9, 0xAC, 0x06, 0x9D, 0x7B, 0x8F, 0xA4, 0x55, 0xC9, 0x41, 0xF5, 0xAD, 0xC0, 0xAD, 0x8C,
    0x55, 0x30, 0xA5, 0x00, 0x66, 0xBD, 0x88, 0x9F, 0x1A, 0xB4, 0x11, 0x61, 0x59, 0x99, 0x4C, 0x69,
    0x66, 0x63, 0x2C, 0x20, 0xA9, 0xC8, 0x2A, 0x6F, 0xAC, 0x82, 0x7B, 0x4A, 0xAC, 0xA9, 0x44, 0xA8,
    0xB6, 0x50, 0x85, 0x6D, 0x40, 0xCC, 0xC5, 0xD1, 0xF2, 0x3E, 0x65, 0x96, 0xA9, 0x4B, 0xAC, 0xD9,
    0x68, 0x97, 0x0A, 0x4B, 0xBF, 0x2E, 0xDC, 0x76, 0xB7, 0xA0, 0xBC, 0x96, 0x5B, 0x4B, 0x45, 0xE3,
    0x8E, 0xDD, 0x4A, 0x43, 0x9B, 0xC7, 0x9F, 0xA7, 0x92, 0x78, 0xBD, 0x79, 0x9F, 0x60, 0x4F, 0xFB,
    0x73, 0x65, 0xC2, 0xD2, 0x04, 0xD5, 0x20, 0x2C, 0x33, 0xA1, 0xE0, 0x69, 0x91, 0x93, 0x61, 0x6B,
    0x7F, 0xC7, 0x5A, 0x5D, 0x58, 0x3D, 0x57, 0x2A, 0xCE, 0x01, 0x34, 0x10, 0x64, 0x36, 0x86, 0xFC,
    0x9A, 0xA5, 0x8E, 0xDC, 0x17, 0x6F, 0x9F, 0x04, 0x24, 0xFF, 0x54, 0x03, 0x38, 0x00, 0x2A, 0xC6,
    0x65, 0x60, 0x99, 0x51, 0xF2, 0x97, 0x0A, 0x68, 0xAE, 0xCE, 0x30, 0xB5, 0x1A, 0x33, 0x33, 0xE8,
    0x05, 0x3E, 0x8D, 0x2B, 0x19, 0xE8, 0xD5, 0xD9, 0xD7, 0x00, 0x5F, 0xEB, 0x68, 0x52, 0xD3, 0xEB,
    0x7A, 0x86, 0x8C, 0xB0, 0xA9, 0xF8, 0x8A, 0x65, 0xB8, 0x6C, 0xCC, 0x65, 0xFE, 0xCB, 0x16, 0xFD,
    0x36, 0xD8, 0x4B, 0x3C, 0x8F, 0xAF, 0x63, 0xCB, 0x13, 0xBD, 0x4C, 0xBE, 0xA6, 0xA4, 0xF2, 0xE1,
    0xA3, 0x25, 0xE3, 0x1F, 0x43, 0xE1, 0x62, 0x9B, 0x22, 0x4D, 0x1C, 0x37, 0xB4, 0xBC, 0xCF, 0x8E,
    0x83, 0x27, 0xDE, 0xF1, 0x02, 0x72, 0x7B, 0x58, 0x9D, 0xA4, 0x22, 0xEC, 0xE2, 0x3F, 0xA1, 0xC6,
    0x16, 0x6C, 0xC4, 0xF6, 0x1F, 0xCE, 0xAC, 0xE0, 0xD0, 0xEC, 0x17, 0x69, 0x4B, 0xE4, 0x24, 0x58,
    0x7F, 0x6F, 0xC2, 0x6A, 0x23, 0xF4, 0x7C, 0xD6, 0x85, 0x5F, 0x22, 0x67, 0x74, 0xBE, 0x60, 0x61,
    0x82, 0x25, 0x4A, 0xF2, 0xBF, 0x3A, 0xD7, 0x50, 0x84, 0xF0, 0x24, 0x11, 0xDA, 0x4B, 0x74, 0x25,
    0x39, 0x10, 0xD4, 0x5E, 0x41, 0xB0, 0xB7, 0xBB, 0x8B, 0x47, 0x3B, 0xB9, 0x44, 0x2B, 0xD2, 0x1A,
    0xBA, 0x12, 0x7D, 0xAC, 0xF9, 0x6C, 0x1C, 0xF6, 0xE5, 0x9B, 0x0A, 0x42, 0x33, 0x4A, 0x2F, 0xFC,
    0x91, 0x65, 0x86, 0xF3, 0xC1, 0x90, 0x70, 0x01, 0xF2, 0x1E, 0xE3, 0xD4, 0x2F, 0x80, 0xCE, 0x7F,
    0xC1, 0xFC, 0x3E, 0x1F, 0x6E, 0x48, 0x7C, 0x6E, 0xE0, 0x7B, 0x53, 0xA8, 0x63, 0x19, 0x99, 0xB4,
    0x0F, 0x0B, 0x4D, 0xD8, 0x23, 0xDE, 0x65, 0x21, 0xB2, 0x03, 0xDD, 0x0F, 0xEA, 0xBE, 0x5F, 0xF7,
    0x43, 0xB8, 0x55, 0x8E, 0x19, 0xFE, 0xE9, 0x35, 0x4C, 0x6F, 0xD5, 0xCE, 0x25, 0x53, 0xDA, 0xDA,
    0x0E, 0x6D, 0x1D, 0x3F, 0xD1, 0x50, 0x78, 0x44, 0x70, 0x59, 0xD8, 0x75, 0x4E, 0x43, 0x68, 0x02,
    0xA4, 0xEE, 0x5F, 0x17, 0x56, 0xFB, 0x96, 0xE3, 0x7D, 0x7E, 0xAC, 0xC5, 0x99, 0xA6, 0x4F, 0xA3,
    0x3E, 0x65, 0x7D, 0x92, 0x8E, 0x32, 0xF7, 0xD3, 0xF4, 0x7F, 0xD6, 0x20, 0x78, 0xB3, 0x29, 0xB0,
    0x4E, 0x1D, 0x47, 0x48, 0x44, 0x33, 0x9A, 0x79, 0xE8, 0xE2, 0x67, 0x7F, 0x9D, 0xDC, 0x82, 0xDC,
    0xAD, 0x4C, 0x4F, 0xAD, 0x9C, 0xB9, 0xF3, 0xFE, 0x89, 0xC5, 0x8E, 0x9C, 0xA8, 0x26, 0xFE, 0x5F,
    0x23, 0x73, 0x16, 0x0C, 0xE2, 0x99, 0x17, 0xF7, 0x10, 0x95, 0xA0, 0x21, 0x0D, 0x32, 0x1A, 0xC8,
    0xFB, 0x03, 0x61, 0x8D, 0x6F, 0xD9, 0xCF, 0x97, 0x68, 0xE9, 0x48, 0x36, 0x47, 0xEB, 0x59, 0x66,
    0x2D, 0xE8, 0xD4, 0xA4, 0xA3, 0xE5, 0xDD, 0xCC, 0xC4, 0x55, 0xA4, 0x4E, 0x0F, 0x51, 0x66, 0x4D,
    0x66, 0x68, 0xD7, 0x6B, 0x9E, 0x39, 0xEA, 0x8B, 0x1A, 0xB9, 0x26, 0x5D, 0xA2, 0x4D, 0x06, 0x34,
    0xD4, 0x7D, 0xA1, 0xFA, 0x30, 0xC1, 0x88, 0xB0, 0x0F, 0x10, 0x64, 0x05, 0xF5, 0x63, 0xD5, 0x17,
    0x00, 0x5D, 0xF7, 0xFD, 0xA6, 0x4F, 0x93, 0x25, 0x3A, 0xAB, 0xD2, 0x59, 0x5A, 0x07, 0x10, 0x0A,
    0xB4, 0x9C, 0x7A, 0x7B, 0x99, 0x0A, 0x4C, 0x56, 0x86, 0x26, 0xAB, 0x22, 0xD3, 0xD7, 0x62, 0xD0,
    0xD3, 0x71, 0xB7, 0x57, 0x5F, 0xE9, 0xF6, 0x06, 0xED, 0x6E, 0xAF, 0xDD, 0xED, 0xF6, 0x56, 0x0E,
    0xBB, 0xBD, 0x44, 0x77, 0x7B, 0x31, 0x6E, 0x51, 0x75, 0x7B, 0x51, 0xD9, 0x5D, 0x4E, 0xCF, 0xA5,
    0x19, 0x72, 0x71, 0x56, 0xE1, 0xD6, 0x22, 0xEF, 0x37, 0x22, 0xEF, 0x4E, 0x70, 0x4B, 0x91, 0xF7,
    0x92, 0xB5, 0xBC, 0x27, 0xEE, 0xE5, 0xBD, 0x70, 0x9C, 0xF7, 0x90, 0x74, 0x7A, 0x1E, 0x6E, 0xE2,
    0x1B, 0x78, 0xFE, 0x2D, 0xA7, 0x08, 0xB8, 0x25, 0x4F, 0xE0, 0x4B, 0xA9, 0x4C, 0x47, 0x94, 0xC0,
    0x8F, 0x62, 0xF6, 0xB0, 0xC5, 0x3D, 0x84, 0x6F, 0x65, 0xFC, 0xF5, 0x1F, 0x16, 0xD1, 0x8B, 0xE8,
    0x77, 0x2E, 0x01, 0xA7, 0xD8, 0xA5, 0xB9, 0x73, 0x01, 0x82, 0xC0, 0x51, 0x5C, 0xB1, 0x1A, 0xD3,
    0xA7, 0x0C, 0xF8, 0x7F, 0x71, 0x41, 0x94, 0x22, 0x8D, 0x3A, 0xD7, 0xA4, 0x2C, 0x3D, 0xC1, 0xB1,
    0xA8, 0xE6, 0xEC, 0x40, 0xD7, 0x4A, 0xE7, 0x44, 0x40, 0x3C, 0x67, 0x33, 0x84, 0x33, 0xC4, 0x8D,
    0xB7, 0x9F, 0x72, 0x56, 0x7A, 0xA4, 0x24, 0x71, 0xBE, 0x43, 0x5A, 0x10, 0xC6, 0x25, 0xDC, 0xAC,
    0xE4, 0xA0, 0x0D, 0xAA, 0x1F, 0x45, 0x25, 0x67, 0xE4, 0x79, 0xB2, 0xDB, 0x9D, 0x27, 0x56, 0x43,
    0xCF, 0x27, 0x38, 0x17, 0x50, 0xFB, 0x46, 0xEA, 0xD3, 0xAA, 0xA4, 0xBE, 0xFC, 0xBD, 0x89, 0x6D,
    0xE3, 0x5B, 0x4E, 0x0A, 0x7B, 0xF4, 0x3D, 0xA4, 0x4B, 0x4C, 0x22, 0xD1, 0x48, 0x78, 0x6D, 0x82,
    0x03, 0xE2, 0x1C, 0xD9, 0xFB, 0x83, 0x9A, 0xA2, 0x0F, 0x11, 0xCB, 0x0F, 0x20, 0xC8, 0x67, 0x88,
    0xED, 0x27, 0x88, 0x71, 0x0E, 0x7C, 0x14, 0x67, 0x2A, 0x78, 0xDF, 0xAE, 0xB7, 0x33, 0xF0, 0x8C,
    0xAF, 0x7B, 0xBE, 0x41, 0x9E, 0x0C, 0x26, 0x01, 0xF2, 0x25, 0x0A, 0x72, 0x12, 0x3E, 0x8C, 0x54,
    0x1C, 0xDD, 0x41, 0x39, 0x5B, 0x5B, 0x5B, 0xCB, 0xC5, 0x1D, 0x71, 0x27, 0x8D, 0x1E, 0x46, 0x63,
    0x0A, 0xFF, 0x1D, 0x8E, 0x09, 0xCB, 0x50, 0x53, 0x0C, 0xAA, 0xA7, 0x6F, 0x3C, 0x43, 0xEF, 0xD0,
    0x32, 0xB8, 0x8E, 0x1C, 0xCA, 0xD1, 0xC7, 0x48, 0xD8, 0x8F, 0x35, 0xB8, 0x20, 0xC7, 0x30, 0xA7,
    0x22, 0x75, 0xEF, 0xC1, 0x93, 0x8A, 0xA2, 0x07, 0xB5, 0x5B, 0xC3, 0x6B, 0x47, 0xC0, 0x7F, 0x93,
    0xE3, 0x67, 0x22, 0x3D, 0x13, 0xDF, 0xD4, 0xE2, 0xA3, 0x2A, 0x44, 0x01, 0xC2, 0x0E, 0x88, 0x36,
    0x72, 0x91, 0x77, 0x82, 0x90, 0x50, 0x91, 0x11, 0x90, 0x4D, 0x18, 0x51, 0x2E, 0x7C, 0x3C, 0xE9,
    0x35, 0xF3, 0xD2, 0xC0, 0x15, 0x63, 0xBD, 0x33, 0xC3, 0x75, 0x2B, 0x2D, 0xD4, 0x30, 0x1D, 0xD0,
    0x37, 0x8F, 0x42, 0x15, 0x6A, 0x0F, 0x25, 0x69, 0x15, 0x08, 0xA1, 0x6F, 0xC8, 0x23, 0x15, 0xA2,
    0x57, 0x40, 0x46, 0xAF, 0x01, 0x18, 0x4F, 0xD3, 0x56, 0x5E, 0xA8, 0x8B, 0x2A, 0x7C, 0xC6, 0xE0,
    0xFD, 0xF4, 0x36, 0x77, 0x11, 0x50, 0x3B, 0xF8, 0x17, 0x85, 0xB7, 0x49, 0x44, 0x79, 0x1C, 0xA8,
    0x15, 0xBF, 0xEA, 0x12, 0xE7, 0xFA, 0x0B, 0xEB, 0x29, 0x8C, 0xBD, 0x0C, 0x99, 0x50, 0x61, 0x3A,
    0x80, 0x46, 0x58, 0x15, 0x1D, 0x70, 0xDD, 0xA5, 0xB7, 0x34, 0x92, 0x9C, 0xFC, 0x83, 0x46, 0x41,
    0x92, 0x21, 0x97, 0x06, 0x51, 0xF3, 0x8E, 0xAB, 0x27, 0x34, 0x1D, 0x2C, 0xD1, 0xC8, 0xE6, 0x85,
    0x2D, 0x47, 0xA1, 0x1E, 0x06, 0xC7, 0x54, 0xBC, 0x51, 0x15, 0x56, 0x0D, 0x66, 0x6D, 0xC2, 0x3B,
    0xAE, 0xA7, 0x40, 0x6D, 0x4B, 0x19, 0x87, 0x05, 0x25, 0x1F, 0xE4, 0xE0, 0xE5, 0xBB, 0xE2, 0xC7,
    0xA7, 0x02, 0x1E, 0x47, 0xDE, 0x4E, 0x13, 0x4D, 0x1B, 0xB8, 0x8A, 0x7C, 0xBD, 0x91, 0x74, 0x44,
    0x5E, 0x93, 0xDC, 0x6C, 0x84, 0x6D, 0x42, 0xD3, 0x2C, 0xCE, 0x8C, 0x1F, 0xE9, 0x04, 0x65, 0xF2,
    0xCD, 0x5A, 0xDA, 0x5A, 0xEE, 0xEF, 0xF2, 0x99, 0x79, 0x6B, 0x91, 0x98, 0xE9, 0x17, 0x58, 0x43,
    0x62, 0xEA, 0xCA, 0xFD, 0x27, 0x2E, 0x01, 0x99, 0x45, 0x7B, 0x70, 0x96, 0xBC, 0x9D, 0x4E, 0x34,
    0x79, 0x8A, 0x29, 0x1D, 0x31, 0x9D, 0x38, 0xD9, 0x50, 0xAD, 0x0F, 0xD0, 0xB6, 0x96, 0x2F, 0xBC,
    0x7B, 0x1A, 0x84, 0x97, 0x00, 0x82, 0x2A, 0xC6, 0x55, 0x11, 0x9C, 0x02, 0x61, 0x41, 0xE7, 0x87,
    0xC3, 0x16, 0xEE, 0xA3, 0xCB, 0x4B, 0xA3, 0x32, 0x2A, 0x3D, 0x9A, 0xFD, 0x7D, 0x7A, 0x08, 0x65,
    0x95, 0x85, 0xB3, 0x9D, 0x3F, 0xE9, 0x52, 0x5E, 0x67, 0x18, 0x56, 0xC3, 0x58, 0x0D, 0x33, 0x1A,
    0x1A, 0x6E, 0x5B, 0x8A, 0x09, 0x8D, 0x10, 0x3A, 0x98, 0x89, 0xAA, 0x61, 0x50, 0x5F, 0x1D, 0x9E,
    0xBA, 0x5A, 0x4B, 0xDE, 0x36, 0xA4, 0x7A, 0x38, 0x41, 0xDD, 0xE4, 0x36, 0x07, 0xF6, 0x23, 0x48,
    0x92, 0xE0, 0x51, 0x3D, 0xE7, 0xD1, 0x7A, 0x89, 0x86, 0xCF, 0x55, 0xC5, 0x01, 0x5F, 0x02, 0x78,
    0xF9, 0x63, 0xC0, 0x63, 0x16, 0x94, 0xFC, 0xA6, 0x76, 0xC0, 0xB3, 0x31, 0xCF, 0xF3, 0x21, 0xCF,
    0x74, 0x8A, 0xA1, 0x85, 0xB7, 0x1F, 0x2B, 0xB6, 0x49, 0x47, 0xD8, 0x8F, 0x9F, 0x8B, 0xFD, 0x82,
    0x68, 0xB7, 0xF5, 0xDD, 0x81, 0x29, 0x4C, 0x81, 0x54, 0x39, 0x3C, 0x31, 0xBC, 0x5D, 0x54, 0xFD,
    0x54, 0xFE, 0x95, 0x83, 0x42, 0x96, 0xFC, 0xAF, 0x82, 0x07, 0xF7, 0x8B, 0xF3, 0x97, 0x45, 0x2E,
    0x31, 0xEF, 0x1A, 0x7B, 0x3F, 0x8D, 0x72, 0xF1, 0x49, 0x36, 0xCD, 0x90, 0xFE, 0x17, 0x43, 0xA1,
    0xA1, 0x47, 0xAE, 0xBB, 0xEA, 0x75, 0x06, 0x81, 0x3E, 0x43, 0x2C, 0xB5, 0x60, 0xD7, 0x8F, 0xBF,
    0x9C, 0xB9, 0xFE, 0xD5, 0x21, 0xCA, 0x5A, 0xC0, 0x21, 0x91, 0x84, 0xA5, 0xB8, 0xA5, 0x50, 0x3B,
    0x38, 0xBF, 0x58, 0xF2, 0x5D, 0x97, 0x80, 0x43, 0x2E, 0xD0, 0x20, 0x02, 0xD8, 0x3D, 0xA1, 0x91,
    0xDA, 0xC4, 0xDD, 0x1E, 0x25, 0x97, 0x6E, 0x0C, 0x28, 0xFE, 0x55, 0x1B, 0xD9, 0xAD, 0xBB, 0x82,
    0xDE, 0x77, 0xB0, 0x8A, 0x24, 0x60, 0x12, 0x24, 0xB9, 0x26, 0x46, 0x96, 0xAB, 0xE1, 0x7D, 0xE7,
    0xA9, 0xC3, 0x27, 0xDE, 0x2A, 0xC5, 0x43, 0xC5, 0x67, 0x71, 0x03, 0x8C, 0xAA, 0x90, 0xC7, 0xF7,
    0x14, 0x22, 0x6F, 0xE4, 0x37, 0x73, 0xC6, 0x3E, 0x33, 0x8E, 0x7F, 0xCA, 0x8C, 0xA3, 0x7B, 0x79,
    0x30, 0x4E, 0xB1, 0xCC, 0x9B, 0xCE, 0x13, 0x30, 0x3A, 0xCF, 0x4C, 0x53, 0xA6, 0x90, 0x89, 0x11,
    0xD5, 0x68, 0x7F, 0xA0, 0xB7, 0x6B, 0x4D, 0xDD, 0xA7, 0xB0, 0x9A, 0x37, 0xE0, 0xB3, 0x62, 0x4A,
    0x1B, 0x41, 0x13, 0xD6, 0x47, 0x69, 0xE2, 0x9A, 0x1A, 0xA1, 0xA3, 0x8A, 0x8E, 0xD2, 0x46, 0x15,
    0xA0, 0x94, 0x77, 0xEA, 0xA7, 0xAE, 0xD6, 0x65, 0x1C, 0x90, 0x2C, 0xDA, 0x81, 0xB0, 0xF6, 0x4C,
    0x60, 0x16, 0xCD, 0x81, 0x92, 0xF9, 0x2A, 0x83, 0x2C, 0xEB, 0xEB, 0x00, 0xAC, 0x75, 0xB1, 0xFC,
    0x1A, 0xA5, 0x57, 0x3D, 0x6C, 0xE4, 0xC6, 0x15, 0x7E, 0x24, 0x25, 0x31, 0x10, 0xE1, 0xCC, 0x16,
    0x52, 0xE1, 0x8B, 0x62, 0xA6, 0xCB, 0x9D, 0xB0, 0x16, 0x5D, 0xA8, 0x90, 0x81, 0xF5, 0xCE, 0x38,
    0xCD, 0x15, 0x06, 0x72, 0x1B, 0x40, 0x8A, 0x81, 0x34, 0x49, 0x11, 0x03, 0x92, 0x1B, 0x5F, 0x71,
    0xC5, 0x06, 0x90, 0x96, 0x03, 0xBB, 0xBC, 0xC2, 0x32, 0x9C, 0x9F, 0x2E, 0x56, 0xA1, 0xC2, 0x56,
    0x61, 0xBB, 0x10, 0x10, 0x05, 0xD8, 0x15, 0xC7, 0xB8, 0x42, 0xC5, 0x15, 0xA6, 0x73, 0x09, 0xAE,
    0x48, 0x61, 0xE2, 0xCA, 0xA4, 0xD0, 0x24, 0xA6, 0x73, 0xD4, 0x1D, 0x77, 0xC7, 0xDF, 0x70, 0x25,
    0xDD, 0x9D, 0xA4, 0x58, 0xAB, 0x13, 0xF9, 0x0D, 0x97, 0x3B, 0x7C, 0xEF, 0xF1, 0xF1, 0xCD, 0xFB,
    0x9B, 0x5A, 0xD9, 0x6F, 0xD3, 0xF2, 0x6A, 0x17, 0x47, 0x59, 0x96, 0x8B, 0xB4, 0x41, 0xA4, 0x29,
    0x30, 0x82, 0x1B, 0x8A, 0x1D, 0xEA, 0x91, 0x45, 0xB7, 0xBA, 0xC6, 0x44, 0xDC, 0x08, 0x66, 0x04,
    0xE5, 0x96, 0xC6, 0x1E, 0x6F, 0x4B, 0xD7, 0x68, 0xFF, 0x51, 0x16, 0xA4, 0x14, 0x28, 0xC2, 0x95,
    0x1B, 0x09, 0xD8, 0x7B, 0x45, 0x4C, 0x51, 0xF4, 0x87, 0x16, 0x37, 0x39, 0x00, 0xDA, 0x99, 0x5F,
    0xA8, 0xC8, 0xA4, 0x6C, 0x5F, 0x32, 0x4F, 0xBD, 0xE4, 0x29, 0x76, 0x5D, 0x85, 0x46, 0xCD, 0x3D,
    0x4E, 0xC7, 0x48, 0x2C, 0xD3, 0xE6, 0x9A, 0xAB, 0xB9, 0x97, 0x85, 0xD7, 0x15, 0xFB, 0x52, 0xFA,
    0xFB, 0xE4, 0x0D, 0x28, 0x18, 0x48, 0x66, 0x14, 0x95, 0x34, 0x79, 0x74, 0x03, 0xB4, 0xF2, 0xE1,
    0x01, 0x79, 0xB5, 0xC3, 0xDB, 0x9A, 0xF3, 0x7B, 0x62, 0x86, 0x9A, 0xBF, 0xA2, 0x26, 0x51, 0x98,
    0x12, 0x2B, 0x69, 0x2E, 0xA6, 0x06, 0x13, 0x11, 0xB3, 0xF3, 0xCE, 0x00, 0xB3, 0x44, 0x4C, 0x34,
    0x13, 0x8A, 0x0A, 0xAB, 0x74, 0xAD, 0xD6, 0x5D, 0x5D, 0x5D, 0xC5, 0xCD, 0x95, 0x4D, 0xA2, 0x83,
    0x77, 0xC8, 0x97, 0xAE, 0x7A, 0x81, 0xE5, 0xBA, 0xFE, 0x5A, 0x6D, 0x7E, 0xFE, 0x16, 0x5D, 0x9D,
    0xFF, 0x9C, 0xEA, 0xAF, 0x7C, 0x4E, 0x33, 0xF6, 0xF7, 0xEA, 0x02, 0x2D, 0xCC, 0x44, 0xF9, 0xCD,
    0xC0, 0xFD, 0x20, 0x73, 0xB3, 0x1F, 0x49, 0x8A, 0x0F, 0xAA, 0x0F, 0xBF, 0xB2, 0xCE, 0x35, 0x6D,
    0x47, 0x79, 0x7B, 0xFB, 0x77, 0x39, 0xBF, 0x85, 0x09, 0x41, 0xAE, 0x2E, 0x82, 0x7B, 0x3A, 0xBC,
    0x9D, 0xF2, 0x50, 0x72, 0xA6, 0xD8, 0x5E, 0xE6, 0xFD, 0xA7, 0x70, 0xD2, 0x6D, 0x3C, 0x9C, 0xDD,
    0xDA, 0xE0, 0x46, 0x4F, 0x2F, 0xE9, 0xCA, 0x6E, 0xC0, 0xC6, 0xB4, 0x88, 0xB3, 0x38, 0x3B, 0xA1,
    0x03, 0xCF, 0xA0, 0x43, 0x7B, 0x7E, 0xBE, 0xB1, 0x70, 0x75, 0xBE, 0xD1, 0xAE, 0xBF, 0xC2, 0xB3,
    0x99, 0xF9, 0x46, 0x56, 0xBF, 0xDA, 0xB8, 0xB5, 0x30, 0xD3, 0x68, 0xDC, 0x0C, 0xA6, 0xC6, 0x9F,
    0xD1, 0x61, 0x7A, 0x09, 0xC6, 0x2D, 0x66, 0xB7, 0x36, 0x27, 0xD6, 0xA3, 0xA2, 0xD1, 0x58, 0x78,
    0xB9, 0xD1, 0x88, 0x8A, 0x89, 0x75, 0xC2, 0x1B, 0x2B, 0x4C, 0xFF, 0x15, 0xCF, 0x35, 0x70, 0x3C,
    0x43, 0x35, 0x3A, 0x9C, 0xA1, 0x28, 0x6B, 0x6A, 0xD2, 0x8E, 0xF6, 0x55, 0x48, 0x71, 0x1E, 0x57,
    0x86, 0xE1, 0xD9, 0xAB, 0x39, 0x6D, 0xB3, 0x2C, 0xD0, 0xD4, 0x7E, 0xAB, 0xB0, 0xEA, 0xB9, 0x1B,
    0x2C, 0x8D, 0x68, 0x8A, 0xA6, 0x9C, 0x56, 0xCF, 0xD3, 0xA7, 0x91, 0x04, 0x3A, 0x31, 0x3A, 0x39,
    0xD0, 0xDD, 0x23, 0x27, 0x01, 0x96, 0x21, 0x6A, 0x69, 0x31, 0x30, 0x65, 0x38, 0x58, 0xE5, 0x83,
    0xFA, 0x31, 0xA2, 0x41, 0x3D, 0x1C, 0xD4, 0xFD, 0x41, 0x9D, 0x7E, 0x78, 0x16, 0xC6, 0xA7, 0xDA,
    0xFD, 0x2E, 0xD5, 0x29, 0x14, 0x81, 0x4C, 0x84, 0x15, 0xE2, 0xA7, 0x61, 0xCA, 0x53, 0xEF, 0xF8,
    0x24, 0x9A, 0x94, 0x5C, 0xB7, 0xDB, 0xB7, 0x1A, 0xED, 0x46, 0x33, 0x67, 0xF8, 0x3F, 0xE6, 0x50,
    0x33, 0x14, 0xD1, 0x0D, 0x05, 0xCB, 0xC3, 0xDA, 0xFE, 0x83, 0x1C, 0x66, 0x87, 0xF1, 0x7F, 0x1C,
    0xD8, 0xEF, 0x71, 0xE5, 0x84, 0xC0, 0x42, 0x50, 0xAC, 0xE6, 0xE8, 0xA7, 0xAA, 0x41, 0x9E, 0xCA,
    0xC9, 0xFB, 0x42, 0x93, 0x77, 0x27, 0xCD, 0xBD, 0xBD, 0x3B, 0xB9, 0xFB, 0x7E, 0x90, 0xD3, 0xDC,
    0x0B, 0x39, 0x35, 0x16, 0x72, 0xDA, 0x89, 0x07, 0xA4, 0x67, 0xFB, 0x78, 0x4B, 0xFE, 0x7F, 0xF8,
    0x5A, 0xDE, 0x9D, 0x7F, 0x96, 0xDE, 0xDE, 0xDD, 0x5D, 0xF7, 0x7D, 0x9A, 0xC3, 0xD9, 0xC0, 0x09,
    0x3E, 0x70, 0x68, 0x66, 0xBC, 0x94, 0x99, 0xC9, 0x75, 0x17, 0xFA, 0xF9, 0x0A, 0x36, 0xA4, 0x71,
    0x3D, 0x47, 0x2C, 0x6D, 0xC0, 0xEA, 0x3B, 0x54, 0x6B, 0xEB, 0x82, 0x3F, 0xFC, 0x5B, 0x71, 0xE5,
    0x4F, 0x7B, 0x3B, 0xC4, 0x7E, 0xDE, 0xA6, 0xB0, 0xDE, 0xA6, 0x06, 0x02, 0x6C, 0x67, 0x16, 0xEF,
    0xA4, 0x36, 0xFD, 0x86, 0x9C, 0xC2, 0x02, 0x37, 0xF6, 0xC8, 0xC9, 0xC9, 0xC9, 0xD7, 0x14, 0x29,
    0xEA, 0x0C, 0xED, 0xEA, 0x52, 0x6C, 0x64, 0x68, 0x84, 0xD3, 0x22, 0xFA, 0x18, 0x14, 0x98, 0x86,
    0x9D, 0x88, 0x1C, 0x8C, 0x59, 0x8C, 0x44, 0x12, 0x21, 0x44, 0x9C, 0x87, 0x29, 0xB9, 0xDF, 0xE0,
    0x03, 0xFF, 0xAB, 0xC9, 0xFF, 0xAA, 0x40, 0x10, 0x96, 0xC4, 0xFE, 0x55, 0x52, 0x68, 0x06, 0x58,
    0x78, 0x43, 0x9C, 0xB8, 0xE8, 0x50, 0x28, 0xFB, 0x36, 0x36, 0x5D, 0x44, 0x3A, 0x22, 0xB6, 0x92,
    0x33, 0x45, 0xCF, 0x2F, 0x67, 0x16, 0xBC, 0x09, 0xC4, 0x7D, 0x93, 0x41, 0x9D, 0xD6, 0xF3, 0xCB,
    0xA9, 0xD5, 0x10, 0xAB, 0xDB, 0xE4, 0xED, 0x6B, 0x72, 0x2F, 0xF3, 0x5D, 0x02, 0xA1, 0xF8, 0x40,
    0x57, 0xA3, 0x3A, 0x9E, 0x57, 0xCE, 0x1C, 0x78, 0xFF, 0x02, 0xBE, 0x07, 0x6A, 0xC8, 0xFF, 0x3C,
    0x32, 0x26, 0xB7, 0xB6, 0x24, 0x9E, 0x80, 0x8D, 0xDB, 0xCB, 0x1A, 0x32, 0x14, 0x75, 0xED, 0xA5,
    0xE0, 0x70, 0x4F, 0x44, 0xA2, 0xF4, 0x32, 0x9B, 0x2F, 0x1F, 0x25, 0xC8, 0x50, 0xC6, 0x66, 0x2A,
    0x7B, 0x81, 0x88, 0x25, 0xC8, 0xE0, 0x06, 0xA2, 0x71, 0xA1, 0xB7, 0xD7, 0x7D, 0x93, 0x87, 0x8F,
    0x35, 0x17, 0xB4, 0x4B, 0xD4, 0xA7, 0x61, 0x2A, 0xB4, 0x38, 0xCC, 0xCA, 0x5F, 0xDD, 0x64, 0x46,
    0xBB, 0x26, 0x83, 0x43, 0x52, 0x04, 0x49, 0x50, 0x94, 0xE8, 0xB7, 0x74, 0x45, 0xD8, 0x34, 0xEC,
    0xC2, 0x0E, 0x8B, 0x48, 0x41, 0x02, 0x2E, 0x14, 0x1B, 0xC8, 0xA5, 0x21, 0x62, 0x63, 0x71, 0xFC,
    0xB7, 0xB3, 0x44, 0x15, 0x81, 0xB4, 0x0B, 0x5A, 0x5A, 0x2E, 0x2C, 0xC2, 0xE8, 0x5C, 0xF0, 0xA6,
    0x00, 0x46, 0x98, 0xA3, 0xA9, 0xF1, 0x0B, 0x70, 0x8D, 0x8D, 0x51, 0x14, 0x5A, 0x54, 0x49, 0x72,
    0x54, 0xAE, 0x15, 0x58, 0x28, 0x50, 0x4E, 0x6B, 0x76, 0x33, 0x2E, 0xC3, 0x2C, 0x50, 0xCF, 0x9E,
    0x2C, 0x8D, 0x8B, 0xB8, 0xA4, 0x8F, 0x3D, 0x1D, 0x28, 0xE8, 0xF2, 0x3D, 0x34, 0x4F, 0xEB, 0x3C,
    0xF9, 0x09, 0x6C, 0x4F, 0x7E, 0x61, 0x3F, 0xFC, 0x4C, 0x78, 0x39, 0x85, 0x03, 0x4B, 0x63, 0xCB,
    0x47, 0x17, 0xE5, 0xE3, 0xFB, 0x24, 0x4F, 0x7E, 0x22, 0x40, 0x0A, 0x0E, 0xD3, 0x87, 0x2B, 0x24,
    0x18, 0x91, 0x0C, 0x65, 0xA8, 0x92, 0x92, 0x55, 0xE3, 0x9D, 0xBF, 0x87, 0x6A, 0x38, 0xC7, 0x29,
    0xFC, 0xA3, 0x15, 0x5B, 0x60, 0x48, 0x3A, 0x19, 0x04, 0xB3, 0x62, 0x42, 0xC4, 0x8A, 0xC9, 0x38,
    0xC3, 0xD0, 0x4C, 0x76, 0x0A, 0x26, 0x57, 0xFB, 0x18, 0x9C, 0xC9, 0xB5, 0xE8, 0x86, 0x5C, 0x43,
    0xB5, 0x5C, 0xF3, 0xF7, 0xE5, 0x9A, 0x67, 0xE4, 0x9A, 0x83, 0x41, 0x76, 0x70, 0x79, 0x2A, 0x49,
    0x7C, 0x2A, 0x51, 0xD3, 0x0B, 0x8A, 0x1E, 0xC3, 0x49, 0x05, 0x17, 0xBB, 0x14, 0xC1, 0x41, 0x43,
    0xEB, 0xBA, 0xC7, 0xA3, 0x07, 0x2D, 0x63, 0xFB, 0xF4, 0x1F, 0x06, 0xBE, 0x08, 0x0F, 0x30, 0xD9,
    0x30, 0x80, 0x4E, 0x26, 0x8A, 0xCB, 0xC8, 0xAA, 0x92, 0x85, 0x7C, 0x92, 0x2C, 0x2E, 0x23, 0xEB,
    0x64, 0xC2, 0xB8, 0x8C, 0xAC, 0xE3, 0xA4, 0x71, 0xF8, 0xFF, 0x12, 0xB2, 0x7E, 0x32, 0x41, 0xDD,
    0x50, 0xF0, 0x0E, 0xB1, 0xC2, 0x26, 0xF1, 0xB0, 0xA4, 0x26, 0xA7, 0x36, 0x13, 0x74, 0x78, 0x7C,
    0xFA, 0x67, 0x88, 0xEE, 0x1F, 0x8A, 0x36, 0x62, 0xD7, 0x35, 0xB2, 0xEF, 0x7F, 0xAD, 0x4A, 0x06,
    0xB1, 0x2F, 0x63, 0xAC, 0x32, 0xB5, 0xAB, 0x21, 0x3A, 0x1D, 0x8A, 0x0E, 0x21, 0x3A, 0x82, 0xE8,
    0x1F, 0x0C, 0x57, 0xC2, 0x56, 0x89, 0xD7, 0x88, 0xC6, 0xE9, 0x1A, 0x5D, 0xC3, 0x4A, 0x9F, 0x89,
    0x8E, 0x7D, 0x63, 0x87, 0x7F, 0x50, 0xC2, 0xAD, 0x5C, 0x93, 0xDA, 0x97, 0xA2, 0x2D, 0x08, 0xA5,
    0x65, 0x6C, 0x5D, 0x90, 0x71, 0x05, 0xB9, 0x44, 0x78, 0xF7, 0xD3, 0x71, 0xD1, 0xBA, 0x18, 0x23,
    0x09, 0xEF, 0x5E, 0x0A, 0xE0, 0xEE, 0xC2, 0xAA, 0x22, 0x73, 0x36, 0x6D, 0xD2, 0x5A, 0xA6, 0x6B,
    0x1D, 0xEA, 0x73, 0xA7, 0x0C, 0xDF, 0xD3, 0x28, 0xEC, 0xFE, 0xBE, 0x82, 0x9F, 0xDB, 0xDC, 0xB6,
    0x7B, 0xD4, 0x6B, 0x1C, 0xE1, 0xDA, 0x30, 0x61, 0x2C, 0x0E, 0x33, 0x44, 0xDA, 0xF1, 0x75, 0xC7,
    0xAB, 0x10, 0x68, 0xFC, 0xB5, 0x49, 0xA5, 0x75, 0x98, 0x45, 0x9C, 0xB7, 0x60, 0xD2, 0x94, 0xEF,
    0xEB, 0x8E, 0x9B, 0xF7, 0x80, 0x20, 0xEB, 0x45, 0xB2, 0xC7, 0xA9, 0xC7, 0x55, 0x8F, 0x15, 0x3D,
    0xB7, 0xDF, 0xA3, 0x8E, 0x45, 0xDC, 0xEF, 0xC5, 0xF9, 0x13, 0x9B, 0x37, 0xAD, 0xCD, 0x61, 0x0D,
    0x74, 0xA2, 0xC1, 0x67, 0xC8, 0x06, 0x9A, 0xDE, 0x44, 0xD5, 0xD7, 0xFC, 0x43, 0xB4, 0xAD, 0x9A,
    0xFB, 0xB6, 0xA9, 0x42, 0x0B, 0x79, 0xC2, 0xD4, 0x23, 0xD1, 0x2F, 0xC3, 0x73, 0xC8, 0xBF, 0xAB,
    0xC6, 0xE1, 0xC3, 0xA3, 0xD0, 0x0B, 0xE1, 0x1F, 0xA4, 0x2C, 0x51, 0x63, 0xA3, 0xE9, 0xE3, 0x38,
    0x14, 0xEC, 0x29, 0x60, 0xB8, 0x9A, 0xE7, 0xCB, 0xEF, 0x92, 0xF3, 0x35, 0xB9, 0x77, 0xAB, 0xC6,
    0x79, 0x6A, 0xB4, 0x57, 0xAC, 0xD8, 0x35, 0x33, 0x49, 0x49, 0xC1, 0x67, 0x03, 0x54, 0x32, 0x2F,
    0x47, 0xAA, 0x78, 0xF3, 0xDB, 0x5F, 0xA3, 0x6D, 0x37, 0xD8, 0x0F, 0x7C, 0xF8, 0x68, 0x4B, 0x80,
    0x03, 0x75, 0x2A, 0x28, 0x5C, 0x14, 0xB4, 0x04, 0xF1, 0x52, 0x20, 0x97, 0x0E, 0x8F, 0x15, 0xF2,
    0x8D, 0x62, 0x46, 0x46, 0x02, 0x59, 0xFD, 0x09, 0xA2, 0x2F, 0x6C, 0xD3, 0x8F, 0xD8, 0x20, 0x74,
    0xD7, 0x6B, 0xB6, 0x85, 0xB7, 0xFA, 0x6C, 0x9E, 0x5C, 0x0E, 0xF0, 0x86, 0xFF, 0xD6, 0x91, 0x93,
    0xF3, 0x5F, 0xDA, 0x6D, 0x06, 0xDF, 0xDA, 0xB4, 0xBC, 0xB2, 0x76, 0x58, 0x0F, 0x4F, 0x2D, 0xC7,
    0xF9, 0xF4, 0xCF, 0x2E, 0xC7, 0xB9, 0xF4, 0x27, 0xCC, 0x7B, 0x2E, 0xFD, 0x2C, 0x9C, 0xDB, 0xCB,
    0xA8, 0xE5, 0x88, 0x20, 0x3D, 0x7D, 0x4E, 0xAC, 0x87, 0xB2, 0x09, 0xC7, 0x9F, 0x82, 0x4B, 0x9F,
    0x3E, 0xF1, 0x54, 0xAF, 0x75, 0x5B, 0xD3, 0x67, 0xF3, 0xD6, 0x68, 0xB5, 0xDA, 0xD6, 0x9C, 0xFD,
    0x14, 0x6E, 0xE3, 0xFC, 0x2F, 0x45, 0xEE, 0x45, 0x95, 0x70, 0xEE, 0x67, 0xA8, 0x68, 0xB6, 0xA7,
    0x30, 0x25, 0xFF, 0x59, 0xC9, 0xE9, 0x10, 0xD1, 0xBB, 0x79, 0xA5, 0xA7, 0xB4, 0xDF, 0x25, 0x04,
    0x7B, 0xA8, 0x5E, 0x4A, 0x04, 0x6A, 0x63, 0xED, 0x45, 0xEA, 0x19, 0x95, 0xEC, 0x67, 0xC9, 0x59,
    0x7B, 0x00, 0xC0, 0xD9, 0xA8, 0xBA, 0x91, 0xE8, 0x78, 0x51, 0x52, 0x18, 0x81, 0xBF, 0x5E, 0x1C,
    0x4B, 0x3E, 0x21, 0xFC, 0xE9, 0x18, 0x1F, 0x89, 0x7E, 0x85, 0x1C, 0x43, 0xDE, 0x7D, 0xD4, 0xF3,
    0xD6, 0x48, 0xF4, 0xA2, 0xE6, 0x1D, 0x64, 0x41, 0x92, 0x8E, 0x8F, 0xA8, 0x0F, 0xF6, 0x1A, 0x77,
    0x14, 0x70, 0xB4, 0x88, 0xE7, 0xD1, 0xD7, 0xD0, 0xC1, 0x55, 0xA8, 0x1D, 0xEF, 0xED, 0x5A, 0xD6,
    0x51, 0x8B, 0x6A, 0x97, 0xB5, 0xD2, 0xF2, 0x8D, 0x0E, 0x11, 0x29, 0x6F, 0x14, 0x9C, 0x95, 0xBC,
    0x51, 0xF2, 0x9D, 0x92, 0xEB, 0x22, 0xBA, 0x67, 0x25, 0xC0, 0xD5, 0xC7, 0x2A, 0x03, 0xD8, 0xBE,
    0x0C, 0xBD, 0xFD, 0x34, 0x2D, 0x3A, 0xAD, 0xAE, 0xA7, 0x4F, 0xC0, 0x6E, 0xAE, 0x98, 0x0D, 0xB1,
    0xF0, 0xDB, 0x2A, 0x2A, 0x27, 0xAB, 0xF0, 0xE8, 0x5A, 0x37, 0x1E, 0x89, 0x7E, 0x93, 0x3C, 0x74,
    0xA0, 0x1F, 0x09, 0x38, 0xCB, 0x48, 0xF4, 0x0E, 0xB1, 0x1B, 0x02, 0xC0, 0xED, 0x68, 0xFA, 0x48,
    0x42, 0xC4, 0x0E, 0xF5, 0xA1, 0xC5, 0x9E, 0x53, 0x74, 0xEC, 0x06, 0x5E, 0x87, 0xD7, 0x53, 0x76,
    0x5B, 0x05, 0x5F, 0x4A, 0x6F, 0x5F, 0x78, 0xC3, 0xCD, 0x77, 0xD5, 0xA9, 0xBA, 0x39, 0xC5, 0x1A,
    0x1B, 0x2A, 0x9B, 0xA8, 0x17, 0x9F, 0xCA, 0xDC, 0xDD, 0x17, 0x69, 0xD7, 0xC8, 0xC4, 0xA4, 0xBB,
    0xFE, 0xB3, 0x1B, 0xCB, 0x37, 0xB2, 0xC4, 0xA8, 0x9E, 0x11, 0x4F, 0xA7, 0xF9, 0xE5, 0x2A, 0xDC,
    0xD8, 0x6D, 0x09, 0x58, 0x3D, 0x2F, 0xF8, 0xDE, 0xEF, 0x00, 0xA5, 0x58, 0x3F, 0x6C, 0xDC, 0xD6,
    0x19, 0xFF, 0x91, 0xD4, 0x89, 0xB1, 0x38, 0x50, 0x83, 0x04, 0xC4, 0x2E, 0x60, 0x66, 0xE8, 0x50,
    0x09, 0xA8, 0x39, 0x17, 0x90, 0xC4, 0xD7, 0x2C, 0x9D, 0x0A, 0xDF, 0x20, 0x35, 0x43, 0x07, 0x7B,
    0xE8, 0xE0, 0x04, 0x28, 0xDC, 0xB1, 0x28, 0x74, 0x24, 0x11, 0x03, 0xED, 0xD0, 0xC1, 0x17, 0x04,
    0xC9, 0x52, 0xA0, 0x51, 0x0B, 0x05, 0x70, 0x15, 0x34, 0xCE, 0xE0, 0xA1, 0x68, 0xEF, 0x74, 0x4C,
    0x3B, 0x64, 0xC8, 0x60, 0x1A, 0x50, 0xE1, 0xA1, 0x83, 0x0F, 0x28, 0xE0, 0x02, 0x31, 0x50, 0x11,
    0xCD, 0xB5, 0x61, 0x12, 0xDE, 0xBD, 0xFE, 0xBE, 0x47, 0xFD, 0x39, 0xC9, 0xB2, 0x75, 0xE7, 0x1C,
    0xBF, 0xC7, 0xE3, 0xF1, 0xF8, 0xBE, 0xEF, 0xBD, 0xC7, 0xEF, 0xFB, 0x7D, 0xBF, 0xEF, 0x61, 0xA3,
    0x09, 0x5B, 0xF7, 0x61, 0xF1, 0x1B, 0xCB, 0x0A, 0xE8, 0xA5, 0x80, 0xCE, 0x60, 0x7D, 0x91, 0xC3,
    0xFE, 0xBC, 0x80, 0xF3, 0x9F, 0x02, 0xEE, 0x83, 0x12, 0x5E, 0x56, 0xC1, 0xFF, 0xAC, 0x42, 0xA0,
    0x47, 0x88, 0xB4, 0x46, 0x84, 0x48, 0xC5, 0x08, 0xD2, 0x21, 0xFC, 0xCC, 0xDA, 0x50, 0xAE, 0x96,
    0x33, 0x5E, 0x87, 0xAF, 0x33, 0xEF, 0x2E, 0xBB, 0x15, 0x78, 0xAD, 0xF0, 0x75, 0x11, 0xBD, 0x5D,
    0x44, 0x4E, 0x11, 0xB9, 0x45, 0xA4, 0x0B, 0x7F, 0x50, 0x00, 0xB0, 0xD3, 0x57, 0x60, 0x3F, 0xE6,
    0x95, 0xCE, 0x81, 0x45, 0xBC, 0xB0, 0xD1, 0x59, 0xB4, 0xDD, 0x0F, 0x32, 0x47, 0xA7, 0x58, 0xC7,
    0x24, 0x76, 0x5F, 0xD4, 0x0E, 0xE0, 0xB3, 0xF3, 0x77, 0xD9, 0xD6, 0xA8, 0x20, 0xE0, 0x6F, 0x6B,
    0x82, 0x79, 0xDA, 0x39, 0xDC, 0x14, 0x6E, 0x1B, 0xCE, 0x00, 0x68, 0x62, 0xB6, 0x2D, 0x9A, 0xD6,
    0x80, 0x05, 0xE0, 0x8D, 0xB6, 0xAB, 0x07, 0xC1, 0xD7, 0x45, 0xA4, 0xB0, 0x0B, 0x0C, 0x81, 0xEA,
    0x50, 0xBA, 0x40, 0x02, 0x44, 0x0F, 0x7E, 0x46, 0x85, 0xF2, 0x4E, 0xF8, 0x99, 0x4B, 0x11, 0x2A,
    0xB4, 0x44, 0x07, 0x8D, 0x72, 0x95, 0x7D, 0x9D, 0xF2, 0x46, 0x84, 0x63, 0x09, 0x3F, 0x4E, 0x39,
    0x18, 0x9B, 0x0B, 0x01, 0x79, 0x06, 0x5A, 0x39, 0x0F, 0xB3, 0x06, 0x3B, 0x4C, 0x65, 0xE8, 0x0E,
    0xEC, 0x11, 0xBC, 0xFB, 0x69, 0xC3, 0xCC, 0xEE, 0x7C, 0x43, 0x9C, 0x48, 0x0C, 0x19, 0xD8, 0xCC,
    0x94, 0x33, 0x9A, 0x3F, 0xFC, 0x6F, 0x7E, 0xA2, 0x19, 0xCD, 0xAA, 0xEB, 0xCE, 0x3F, 0xFB, 0xE0,
    0xF5, 0xC6, 0x74, 0x86, 0x2E, 0x58, 0x6D, 0xEF, 0x53, 0x2A, 0x81, 0x74, 0x9C, 0xC4, 0x10, 0xB6,
    0x9C, 0x87, 0xB9, 0x65, 0x0C, 0x2D, 0xBF, 0x8F, 0x44, 0xE7, 0x89, 0x1E, 0xC4, 0x76, 0x15, 0x63,
    0x37, 0x46, 0x12, 0x23, 0x32, 0x92, 0x98, 0x9F, 0x55, 0xFC, 0xE3, 0x32, 0xD1, 0xFD, 0x64, 0xC4,
    0x7E, 0xEB, 0xEB, 0xB0, 0xCA, 0x01, 0xAC, 0x2F, 0x0B, 0xB6, 0xD4, 0xDA, 0xA2, 0x37, 0x8D, 0x4A,
    0x7A, 0x52, 0x89, 0xE8, 0x55, 0x36, 0x8C, 0x35, 0xAB, 0x44, 0x78, 0xAB, 0xA4, 0xEB, 0x94, 0x70,
    0xAB, 0x12, 0xE6, 0xFD, 0xFE, 0x41, 0xF1, 0xD9, 0x01, 0xDB, 0x90, 0xFE, 0xD6, 0x63, 0x0B, 0xD3,
    0x20, 0x0D, 0xB2, 0x5E, 0xE5, 0x9B, 0x76, 0x73, 0x2F, 0xC8, 0xEA, 0x7B, 0x11, 0x82, 0x77, 0x47,
    0x46, 0x6F, 0x60, 0xC6, 0x4B, 0xAF, 0xA7, 0x3E, 0xBA, 0x6B, 0xDD, 0x78, 0x6D, 0x7F, 0x59, 0xEB,
    0x0E, 0x1F, 0xD2, 0xD6, 0xF7, 0x4F, 0xD9, 0xFE, 0x6B, 0x3D, 0x26, 0xB7, 0xAC, 0xED, 0x36, 0x36,
    0xF8, 0x53, 0xCE, 0xCB, 0x3B, 0x2A, 0xD1, 0x69, 0xA2, 0xE9, 0xEF, 0xA8, 0x25, 0xD1, 0x22, 0x47,
    0x3F, 0xE3, 0x0D, 0x98, 0x07, 0xD2, 0xF1, 0x28, 0xE7, 0x45, 0xF0, 0xA4, 0x08, 0xAD, 0x41, 0xF4,
    0xA3, 0x41, 0xA4, 0x07, 0xD1, 0xCE, 0xB6, 0xAC, 0x66, 0x3A, 0x7F, 0xB4, 0xFA, 0x2F, 0xDB, 0xEA,
    0xCA, 0x5D, 0xF8, 0x23, 0x58, 0xCD, 0x29, 0x4C, 0x9C, 0x8A, 0xE9, 0x73, 0xAD, 0xD0, 0xC9, 0xED,
    0x42, 0x04, 0x6A, 0x0A, 0x2B, 0xE2, 0xBB, 0x74, 0x99, 0xCE, 0xB1, 0x0B, 0x3E, 0xDF, 0xCA, 0x14,
    0x9A, 0x2F, 0x03, 0x2B, 0xC0, 0x2A, 0x5F, 0x49, 0x8A, 0xC6, 0x04, 0xCA, 0x89, 0x11, 0xBE, 0x01,
    0x18, 0x9F, 0x08, 0xDC, 0xFE, 0x8E, 0xAD, 0x82, 0x9B, 0xF0, 0x2A, 0x58, 0xEB, 0x53, 0x18, 0x9D,
    0xE3, 0xA2, 0x3D, 0xCC, 0x2C, 0xAD, 0x8E, 0x1C, 0xFD, 0x9C, 0x45, 0x5B, 0x16, 0x1C, 0xB4, 0x3F,
    0xEF, 0x5B, 0xAA, 0xC6, 0x88, 0x2A, 0xF8, 0xAA, 0xE4, 0x78, 0x13, 0x13, 0x45, 0xD5, 0xDC, 0x9D,
    0xCA, 0xAF, 0x28, 0x5D, 0x74, 0x12, 0x74, 0xA2, 0x07, 0x1D, 0x5F, 0x57, 0xB6, 0x2E, 0x6B, 0x70,
    0xB1, 0x34, 0xDC, 0x7F, 0x64, 0x0D, 0xAB, 0x69, 0x6D, 0x35, 0xBD, 0x61, 0x49, 0x8F, 0xA2, 0x93,
    0xD3, 0xBF, 0x8E, 0x84, 0xFE, 0x4D, 0x17, 0x74, 0x87, 0xA5, 0x71, 0xC8, 0x41, 0x78, 0xB7, 0x08,
    0x75, 0xDE, 0x78, 0x5F, 0x50, 0x5F, 0x40, 0x9F, 0x98, 0xBF, 0x88, 0xA9, 0x8C, 0x8A, 0x4B, 0x3C,
    0xC9, 0x6D, 0xF3, 0xD6, 0xA6, 0x35, 0x2A, 0xD8, 0x54, 0x07, 0xFA, 0xCC, 0x74, 0x46, 0xC5, 0x43,
    0xBA, 0x46, 0xE6, 0xA7, 0x37, 0x3A, 0x95, 0xA1, 0x10, 0x92, 0x15, 0x56, 0x4C, 0x4C, 0x5E, 0x30,
    0x69, 0x66, 0x05, 0xC7, 0x33, 0xDD, 0x9F, 0xD8, 0xE8, 0x92, 0xC1, 0xFD, 0x7F, 0xE5, 0x0D, 0xD5,
    0x5C, 0xC2, 0xD2, 0x21, 0x5A, 0x19, 0xD9, 0x48, 0x12, 0xAD, 0x29, 0x27, 0x6E, 0x1A, 0x61, 0x56,
    0x0A, 0x0A, 0xB4, 0x3A, 0x68, 0x2E, 0xA2, 0xA1, 0xE0, 0xE5, 0x87, 0xF2, 0x71, 0xDB, 0xDB, 0xAF,
    0xBC, 0xD1, 0xC8, 0x2B, 0x22, 0x2F, 0x3F, 0x43, 0xE6, 0xD4, 0x9C, 0x0A, 0x52, 0x3F, 0xD3, 0x5A,
    0x0F, 0xD8, 0x4A, 0xB9, 0x0E, 0xDE, 0xB9, 0x96, 0x05, 0x5A, 0xD7, 0x4D, 0x7E, 0x9F, 0xD1, 0x18,
    0x12, 0x44, 0x60, 0x5D, 0x89, 0xF0, 0x22, 0xBC, 0x99, 0x87, 0x7A, 0x10, 0x3E, 0xAE, 0xC2, 0xB4,
    0x0A, 0xD5, 0x69, 0x99, 0xB1, 0x10, 0x3D, 0xC2, 0x2F, 0x86, 0x68, 0x2E, 0x10, 0x26, 0x05, 0xAE,
    0xDC, 0xF2, 0x20, 0xDC, 0x9F, 0x16, 0xA6, 0xD9, 0x40, 0xD0, 0x11, 0x33, 0x8D, 0xE8, 0xB7, 0x7F,
    0xA9, 0x9A, 0x4D, 0x4B, 0x79, 0xF9, 0xD3, 0xC7, 0xE2, 0x7A, 0x52, 0x2D, 0xAE, 0x2F, 0x6F, 0x27,
    0x55, 0xD0, 0xF7, 0xB2, 0x93, 0x87, 0x9F, 0x27, 0xA5, 0xFC, 0x2B, 0xED, 0xEC, 0xDE, 0xD7, 0x2F,
    0xFC, 0xB9, 0x13, 0x0D, 0x1A, 0xEA, 0x79, 0xFD, 0xAF, 0x5F, 0x88, 0xBB, 0x61, 0x69, 0xA9, 0xB3,
    0x35, 0x3C, 0xAF, 0x27, 0xFA, 0x4E, 0xE6, 0xEC, 0xD9, 0x25, 0x9A, 0x0D, 0x2E, 0x4E, 0xA8, 0x66,
    0x50, 0x7F, 0x9F, 0x3E, 0x2E, 0xD3, 0x45, 0x56, 0x09, 0x30, 0x0D, 0x12, 0x11, 0x9F, 0xBD, 0x2D,
    0x3C, 0x4F, 0xEB, 0x42, 0xF7, 0xE8, 0xB3, 0xBC, 0x7D, 0x09, 0x49, 0x15, 0x22, 0xE8, 0x87, 0x64,
    0x3C, 0xCF, 0x6F, 0x7E, 0x1E, 0x22, 0x29, 0x43, 0xF3, 0xBC, 0x89, 0xA0, 0x46, 0x8F, 0x20, 0xC5,
    0x8C, 0xEB, 0x0D, 0xB0, 0x60, 0xA1, 0xEB, 0x67, 0x94, 0x79, 0x0B, 0x0B, 0x0D, 0x55, 0x5F, 0x3F,
    0x4B, 0x50, 0x0B, 0x49, 0x17, 0x01, 0xEA, 0x27, 0xB0, 0xB6, 0xE1, 0x90, 0x55, 0x5D, 0xA3, 0x12,
    0x85, 0x6D, 0xF1, 0xE2, 0x89, 0x64, 0x80, 0x6F, 0x15, 0x48, 0xFA, 0x48, 0x14, 0x66, 0xD3, 0xA0,
    0x68, 0x75, 0x9A, 0x8B, 0x67, 0x2F, 0xB0, 0x97, 0xD3, 0x2B, 0x33, 0xAD, 0x6E, 0x30, 0x22, 0x6E,
    0xC4, 0x56, 0x19, 0xBB, 0x45, 0xEC, 0x67, 0x31, 0xE9, 0xDC, 0x2E, 0xE7, 0x02, 0x66, 0xEC, 0xA4,
    0x87, 0x38, 0xC8, 0x62, 0x3F, 0x8F, 0x9D, 0x22, 0xB6, 0xCB, 0x58, 0x68, 0x04, 0xB0, 0x09, 0xFC,
    0x09, 0x28, 0x4E, 0xC4, 0xBE, 0x88, 0xD5, 0xEC, 0xBA, 0xFD, 0x6E, 0x90, 0x75, 0x13, 0x74, 0x2B,
    0xF4, 0x4A, 0xF4, 0x86, 0xD8, 0x8D, 0x20, 0x77, 0xBC, 0x7E, 0x57, 0xC8, 0x1D, 0xC0, 0xE4, 0x6F,
    0x08, 0x9F, 0xE9, 0xCB, 0xE7, 0x0B, 0x99, 0x79, 0x74, 0xFC, 0x7C, 0x2F, 0x39, 0x7E, 0x7E, 0x9C,
    0x08, 0x2E, 0x61, 0x0C, 0xCD, 0xCF, 0x94, 0x0D, 0xE6, 0x80, 0x8C, 0x32, 0xDB, 0x0E, 0xD2, 0x35,
    0xE6, 0xC4, 0x75, 0x8E, 0xE9, 0xD9, 0xC7, 0xE4, 0xFA, 0x4E, 0x8D, 0x7A, 0xBD, 0x7B, 0xE2, 0x83,
    0xD5, 0xCD, 0x7B, 0x58, 0xB2, 0xDB, 0xB1, 0x9B, 0xC5, 0x6E, 0x1A, 0x37, 0xCE, 0x51, 0xB6, 0xBE,
    0xD0, 0xDD, 0xEC, 0xDE, 0xEB, 0x6E, 0x4D, 0x36, 0x28, 0x6A, 0x0B, 0x94, 0x48, 0xE3, 0x29, 0x3D,
    0xE3, 0xFD, 0x9A, 0xDD, 0x8A, 0xC7, 0xFC, 0xF1, 0x9D, 0x39, 0xF2, 0xA4, 0xF4, 0x50, 0x88, 0x5B,
    0xA5, 0x48, 0x92, 0x09, 0xA3, 0x0F, 0xEB, 0x9B, 0xEF, 0x34, 0x03, 0x5D, 0x50, 0x4E, 0x38, 0xC6,
    0xC0, 0xAB, 0x82, 0x22, 0xCA, 0x83, 0xA3, 0x3B, 0x84, 0x56, 0xC0, 0x65, 0x1E, 0x0C, 0x94, 0x79,
    0x09, 0xCB, 0x6A, 0x56, 0x25, 0x99, 0x9F, 0x26, 0x7D, 0xB6, 0xC2, 0x4F, 0xE3, 0xD2, 0x4F, 0x37,
    0x87, 0x6C, 0x91, 0x9F, 0xB6, 0xC2, 0xAB, 0x69, 0xCB, 0xBF, 0x9F, 0xB6, 0xDC, 0xFD, 0xB4, 0x45,
    0x56, 0xD2, 0x22, 0x3B, 0x6C, 0x41, 0x1A, 0xB1, 0x7D, 0xCE, 0x50, 0xC9, 0x8E, 0x70, 0x90, 0xF9,
    0x8B, 0xE8, 0xEA, 0xAC, 0xB7, 0xDF, 0xEF, 0x39, 0x45, 0xF7, 0x2C, 0x79, 0x61, 0x23, 0xF2, 0x09,
    0xD8, 0xAE, 0xE0, 0x30, 0x49, 0x9C, 0x6F, 0x4C, 0x1E, 0x2A, 0xCD, 0xFB, 0x35, 0xD9, 0xDE, 0x4E,
    0xBF, 0x0D, 0xEB, 0x7F, 0xBC, 0xDB, 0x93, 0x7A, 0x4B, 0xBD, 0xF0, 0x84, 0x2F, 0x5A, 0xA9, 0x7F,
    0x3B, 0x75, 0x46, 0xC2, 0x3C, 0xCF, 0x1D, 0xC3, 0x9C, 0xAA, 0x17, 0xD8, 0x8C, 0x7D, 0xE1, 0x22,
    0x56, 0x56, 0x49, 0x3D, 0x58, 0x1A, 0x21, 0x62, 0xC8, 0x44, 0xF6, 0x00, 0x6B, 0xD6, 0x99, 0xED,
    0x68, 0x70, 0x1C, 0x58, 0xC2, 0x81, 0xB5, 0x2A, 0x0E, 0xAC, 0xC7, 0xEF, 0xE8, 0x36, 0x07, 0xF6,
    0x28, 0x6D, 0x79, 0xBA, 0x1E, 0x98, 0x19, 0x54, 0x62, 0x06, 0xD6, 0x82, 0xCF, 0x85, 0x62, 0xB3,
    0x6E, 0xB2, 0xE2, 0x22, 0x15, 0x66, 0x9A, 0x38, 0x7F, 0x91, 0x6A, 0x89, 0x28, 0x39, 0x2E, 0xB2,
    0x46, 0x18, 0xAB, 0x82, 0x3F, 0x4C, 0xE1, 0x09, 0x8D, 0xFE, 0x9A, 0xC5, 0xA0, 0x8A, 0xD4, 0x2E,
    0x1D, 0x8C, 0xE4, 0x5C, 0x4A, 0xC4, 0xA3, 0xD6, 0xA5, 0xC7, 0x25, 0xF2, 0xEF, 0xDF, 0x35, 0x29,
    0x77, 0x85, 0x03, 0x66, 0xC5, 0xFE, 0xCA, 0x39, 0xE6, 0xC8, 0x39, 0x89, 0x18, 0x89, 0x78, 0x84,
    0xEA, 0x48, 0xC2, 0x37, 0x07, 0x86, 0x88, 0xC9, 0xAB, 0xB5, 0x15, 0x2B, 0xE1, 0xCF, 0xC6, 0x2A,
    0xE1, 0x6F, 0x60, 0x98, 0x34, 0xC9, 0xA9, 0x69, 0xD2, 0x22, 0x26, 0xB1, 0x8D, 0xED, 0x2D, 0x56,
    0xC0, 0x24, 0xA0, 0x9F, 0x92, 0xA8, 0x36, 0xBE, 0x99, 0x6D, 0xEB, 0xF7, 0x6D, 0x56, 0x9C, 0xFE,
    0x55, 0xCC, 0x2C, 0x4C, 0x64, 0xDB, 0xFA, 0x70, 0x67, 0x87, 0xC6, 0xB4, 0x56, 0xE1, 0x13, 0x9E,
    0x22, 0x09, 0xA2, 0x5D, 0x39, 0x55, 0x86, 0x2D, 0xA1, 0xA7, 0x0F, 0x4F, 0x06, 0x84, 0x3B, 0x52,
    0xDA, 0xF1, 0x14, 0xBD, 0x35, 0xDC, 0xA0, 0x5D, 0xF6, 0xB0, 0xE5, 0x54, 0x47, 0xC3, 0xEB, 0x4C,
    0x28, 0xAE, 0x7E, 0xA4, 0x15, 0x69, 0xC7, 0xDD, 0x2C, 0x7A, 0x75, 0xE8, 0xF4, 0x23, 0x0C, 0x5F,
    0xE3, 0x49, 0xB3, 0x28, 0xC7, 0x68, 0xA7, 0x1D, 0x09, 0xD7, 0x0F, 0x6F, 0x8D, 0xA0, 0xA4, 0x2F,
    0x8B, 0xBD, 0x5F, 0xD5, 0x0B, 0x60, 0x6A, 0xEB, 0xC3, 0x08, 0x5E, 0xDE, 0x36, 0x64, 0xBA, 0xD7,
    0x97, 0xA4, 0x50, 0xCB, 0x4D, 0xD6, 0x7F, 0x4A, 0x08, 0x77, 0x90, 0x4A, 0x06, 0x71, 0xEB, 0x64,
    0x51, 0xE1, 0x86, 0x55, 0xBA, 0x79, 0x03, 0xF3, 0x2F, 0x77, 0xAA, 0x5E, 0xD5, 0xE3, 0x42, 0x8D,
    0xA3, 0xDD, 0x14, 0x7A, 0x4E, 0x26, 0x9D, 0xB3, 0xD5, 0x49, 0x29, 0xB1, 0x89, 0x7B, 0xFC, 0x3E,
    0x88, 0x3E, 0x2D, 0xD1, 0x37, 0xB9, 0x11, 0x29, 0x28, 0xAE, 0xC1, 0x1D, 0x4A, 0x41, 0x31, 0x33,
    0x8B, 0x30, 0x42, 0xA8, 0x11, 0xE6, 0x82, 0x98, 0x42, 0xBF, 0x4E, 0x0A, 0x2E, 0x19, 0x44, 0x2B,
    0xA5, 0x64, 0xB3, 0x76, 0xB8, 0x5A, 0x79, 0xF8, 0x24, 0x8B, 0xA0, 0xA4, 0x7C, 0xC8, 0xE1, 0x57,
    0x90, 0xBA, 0x2C, 0x21, 0x3B, 0xEC, 0xC3, 0xE9, 0x7F, 0x8F, 0x2C, 0x50, 0x67, 0xE1, 0xC8, 0x2C,
    0xE4, 0x25, 0x01, 0x72, 0x06, 0x30, 0x53, 0x3A, 0x5F, 0x47, 0xC0, 0x57, 0xFA, 0x81, 0xA4, 0x38,
    0x46, 0x56, 0x40, 0xD3, 0x5A, 0x90, 0xFB, 0x15, 0x3F, 0x8D, 0x78, 0xDF, 0xE4, 0x5A, 0xE6, 0x7D,
    0xC2, 0x88, 0x7F, 0x5B, 0x35, 0x48, 0x93, 0xA6, 0x31, 0x64, 0x6F, 0x49, 0x71, 0x14, 0x84, 0x64,
    0x1D, 0x13, 0x19, 0x9A, 0x42, 0x79, 0x61, 0x1C, 0x61, 0x05, 0x0E, 0x8B, 0xAF, 0xF6, 0xF9, 0xCA,
    0xAD, 0x5C, 0xE6, 0xCB, 0x77, 0x23, 0x94, 0xB4, 0x8D, 0x0B, 0x56, 0xEA, 0xDD, 0x3F, 0x78, 0x3B,
    0x53, 0xCD, 0x68, 0xFC, 0x05, 0x4D, 0x32, 0xA3, 0x37, 0x76, 0xB6, 0x7B, 0xBA, 0xA4, 0x1C, 0xEF,
    0x7C, 0x3C, 0x4B, 0x3E, 0x32, 0x33, 0xBA, 0x02, 0x7B, 0x28, 0x29, 0xCF, 0x56, 0x5E, 0xEA, 0xEF,
    0x25, 0xA3, 0x84, 0x48, 0x7F, 0x74, 0x64, 0xFE, 0xC8, 0x1D, 0xF1, 0xC1, 0x0E, 0xAE, 0xD8, 0x95,
    0xB5, 0x75, 0xBC, 0x63, 0xB2, 0x3E, 0x8D, 0x21, 0xA9, 0xD5, 0x07, 0xB6, 0x2A, 0xBC, 0xB4, 0xED,
    0xEF, 0x19, 0x86, 0x35, 0x14, 0x34, 0x3E, 0x21, 0x99, 0x6C, 0x05, 0xB8, 0xA3, 0xB3, 0xA7, 0xE0,
    0x4B, 0xD1, 0x90, 0x35, 0x86, 0xEA, 0x94, 0xE6, 0xF1, 0x31, 0x87, 0x7B, 0x64, 0xA2, 0x7B, 0x47,
    0x63, 0x66, 0xC1, 0xAF, 0xDC, 0xAF, 0x72, 0xBF, 0x97, 0xBD, 0xD4, 0x20, 0xC5, 0x58, 0x62, 0x1E,
    0x38, 0x53, 0x62, 0xAC, 0x45, 0x88, 0xA3, 0xB7, 0x2A, 0xD6, 0x6F, 0xB6, 0xC0, 0x2C, 0x7D, 0x54,
    0xF9, 0x5F, 0x64, 0x97, 0x7B, 0x8A, 0x3E, 0xB4, 0x6E, 0x35, 0x3B, 0x4E, 0x71, 0x4A, 0x98, 0x1C,
    0x7A, 0xBE, 0x6C, 0xE3, 0x05, 0xFF, 0x2D, 0x0E, 0x11, 0x3D, 0xE7, 0x79, 0x2A, 0x2B, 0x0D, 0x41,
    0x2A, 0xC5, 0xF3, 0x24, 0x26, 0x6C, 0x5C, 0x77, 0x1E, 0xF7, 0x2D, 0xD2, 0xB2, 0xC5, 0xE9, 0xE6,
    0xF2, 0x12, 0x41, 0xE1, 0x37, 0xA9, 0x6B, 0x5E, 0xD8, 0x24, 0x86, 0x64, 0xBB, 0xEE, 0x09, 0xAC,
    0x4F, 0x58, 0x82, 0x09, 0xF7, 0x99, 0x6E, 0xDD, 0x4A, 0x38, 0x7F, 0x84, 0xF3, 0x43, 0x89, 0x10,
    0x02, 0xE6, 0x44, 0x4B, 0xF7, 0xBB, 0x2D, 0x56, 0xA4, 0x1E, 0xE3, 0x7C, 0x66, 0x3A, 0x5B, 0xB3,
    0xBF, 0x4C, 0xFD, 0xF7, 0xD4, 0x95, 0x55, 0x2C, 0xCC, 0x4F, 0x64, 0x68, 0x62, 0xE5, 0x66, 0xC3,
    0xC5, 0x53, 0x22, 0x6E, 0xC1, 0x40, 0x3F, 0x5F, 0xB9, 0x93, 0xC9, 0xC3, 0x7E, 0x5B, 0x9E, 0xE7,
    0xB4, 0x19, 0xA3, 0x90, 0x02, 0x86, 0x7C, 0xE3, 0x1A, 0x11, 0x93, 0x45, 0x08, 0xEE, 0x60, 0xDB,
    0xDA, 0xEA, 0x58, 0x95, 0x5D, 0xB4, 0xEC, 0xCA, 0x29, 0xD6, 0x1C, 0x49, 0x41, 0xCE, 0xC8, 0xCD,
    0x43, 0xF7, 0x91, 0x97, 0x05, 0xDE, 0x7B, 0x74, 0xD9, 0xAB, 0x57, 0xAF, 0x72, 0x46, 0x9C, 0x93,
    0xF7, 0xC8, 0xDB, 0x87, 0xFB, 0x6F, 0x77, 0x9F, 0x4A, 0x88, 0x81, 0x4E, 0x45, 0x5D, 0x0C, 0x3D,
    0x2E, 0x29, 0x51, 0x84, 0x4A, 0xA5, 0x9E, 0x58, 0x6B, 0x49, 0x4C, 0x31, 0x27, 0x73, 0x74, 0x8B,
    0xE8, 0xB0, 0x06, 0x47, 0xCB, 0x2F, 0xD6, 0x10, 0xF9, 0xF7, 0x5A, 0x08, 0x2F, 0xFF, 0xBC, 0x83,
    0xE0, 0xA7, 0x2B, 0x25, 0xFC, 0xCD, 0xD5, 0x01, 0xFC, 0xCE, 0x5A, 0x41, 0x4C, 0x0C, 0x0B, 0x02,
    0x51, 0x40, 0x70, 0x19, 0xC8, 0x7E, 0xB5, 0xD9, 0xA6, 0xA9, 0xF7, 0x80, 0x6F, 0xC8, 0x5E, 0xC0,
    0x30, 0xB2, 0xAA, 0xE0, 0x56, 0xE1, 0x7F, 0xD2, 0x77, 0xF7, 0xCD, 0xE6, 0x9A, 0x96, 0x7C, 0x3B,
    0x56, 0xE4, 0x18, 0xB9, 0x23, 0xA0, 0xEC, 0xDD, 0x96, 0x0D, 0x60, 0x7A, 0x53, 0x97, 0xA5, 0x93,
    0x2D, 0x5B, 0xDA, 0xC1, 0x0F, 0x72, 0xFF, 0xD7, 0x99, 0xA0, 0xDB, 0x3E, 0x03, 0x01, 0xD6, 0xE8,
    0x30, 0x38, 0x07, 0x48, 0x0A, 0x21, 0xE0, 0x4B, 0x06, 0xD2, 0xDD, 0xBF, 0x65, 0x14, 0x5E, 0x4C,
    0x61, 0x71, 0xEE, 0x20, 0xDF, 0x48, 0xFE, 0xDD, 0xD9, 0x4A, 0xF4, 0x20, 0x21, 0x41, 0x24, 0x44,
    0x72, 0x0E, 0x91, 0x3C, 0x20, 0x2E, 0x57, 0xC8, 0x7E, 0x04, 0xD9, 0x7D, 0xB4, 0xD1, 0x3C, 0x40,
    0x8D, 0xB1, 0x64, 0xB3, 0xB8, 0x41, 0x4E, 0x49, 0x70, 0x34, 0x79, 0xDC, 0x0C, 0xC9, 0xAD, 0x7B,
    0x2B, 0x1C, 0xD4, 0x39, 0x63, 0x9B, 0xCD, 0x53, 0x98, 0x68, 0xCA, 0xCD, 0x7A, 0x57, 0xF1, 0x5C,
    0x13, 0xE3, 0xDB, 0xCC, 0x93, 0x9B, 0x18, 0xC7, 0xFD, 0x73, 0x4D, 0x34, 0xDA, 0x51, 0x99, 0x7C,
    0xD4, 0x7A, 0x46, 0xD5, 0xF7, 0x7F, 0xB5, 0x58, 0x41, 0x8C, 0x1B, 0x49, 0x15, 0xFD, 0xD5, 0x1D,
    0xBB, 0xC1, 0x7D, 0xE8, 0x39, 0xC4, 0x82, 0x8C, 0x44, 0x9A, 0x03, 0x87, 0x78, 0x20, 0xE9, 0x2B,
    0x2B, 0xED, 0x4E, 0x57, 0x86, 0x23, 0x87, 0x18, 0x31, 0x26, 0x87, 0x1C, 0x92, 0x43, 0x0E, 0x33,
    0x91, 0xD0, 0x5E, 0x91, 0x98, 0xE9, 0xEE, 0x65, 0x8F, 0x1C, 0x62, 0xB4, 0x02, 0x0E, 0x48, 0x68,
    0x84, 0x66, 0xA5, 0xAC, 0x57, 0x4A, 0x38, 0x2E, 0xC2, 0x1E, 0x37, 0xCB, 0x81, 0x03, 0x87, 0x74,
    0xB4, 0x84, 0x1C, 0x38, 0xA4, 0x57, 0x39, 0x20, 0x11, 0x89, 0xB4, 0x16, 0x47, 0x5B, 0x24, 0x6D,
    0x17, 0xEF, 0x57, 0xDB, 0x93, 0x49, 0x66, 0x36, 0x6B, 0x4F, 0xC2, 0xB8, 0xFE, 0x57, 0xBB, 0xA7,
    0xEB, 0xFF, 0x5F, 0xBF, 0xEA, 0xBF, 0xFF, 0xDA, 0x44, 0xB4, 0x4E, 0x37, 0xBB, 0xA5, 0xAB, 0x95,
    0x0A, 0x9E, 0xEA, 0x22, 0x94, 0x61, 0xBA, 0x47, 0x41, 0x32, 0x26, 0x3F, 0x2D, 0xC9, 0xDB, 0x97,
    0x01, 0xF9, 0x49, 0x4C, 0xF8, 0xEF, 0x5D, 0x4D, 0x9E, 0x2E, 0xC9, 0xD2, 0x39, 0x55, 0x7F, 0x4E,
    0x46, 0x9B, 0x6E, 0xEA, 0xE8, 0xFB, 0xA9, 0xAF, 0x35, 0x85, 0xE7, 0x15, 0x85, 0x54, 0x3E, 0x27,
    0xC1, 0xBB, 0x23, 0xCC, 0x29, 0x30, 0x27, 0x99, 0xCE, 0xA1, 0x66, 0x8B, 0x5A, 0xE1, 0x36, 0x85,
    0xDB, 0x90, 0x12, 0xD2, 0x85, 0xD0, 0x8B, 0x12, 0xD1, 0xAA, 0xD1, 0xE1, 0x2F, 0x4A, 0xF2, 0xB5,
    0xC2, 0xFC, 0x6C, 0x3A, 0xDD, 0x2E, 0xD6, 0xC5, 0x0F, 0xF3, 0xBE, 0xFD, 0x34, 0xEB, 0xDB, 0x5A,
    0xF6, 0xED, 0x11, 0xF5, 0xED, 0x62, 0x5F, 0x06, 0x90, 0xA1, 0x57, 0x50, 0x08, 0x9F, 0xFE, 0xE3,
    0x62, 0xE6, 0xD3, 0x92, 0x57, 0x58, 0xFF, 0xC7, 0x04, 0xAE, 0x53, 0x13, 0x06, 0xAD, 0xBC, 0x4F,
    0xCB, 0xBD, 0x1B, 0xB1, 0xCE, 0x02, 0x3D, 0x8E, 0xF5, 0xC8, 0xD7, 0x65, 0x64, 0x61, 0x75, 0xA3,
    0x88, 0xF6, 0xC8, 0xC9, 0x23, 0x8A, 0xB1, 0x76, 0x44, 0x40, 0x81, 0x8C, 0x4C, 0x2C, 0x7C, 0xA7,
    0x84, 0xDE, 0x83, 0x8F, 0x88, 0x4A, 0x37, 0xA7, 0xE8, 0x92, 0xF2, 0xEE, 0xAE, 0xC7, 0x3A, 0x67,
    0x0B, 0x13, 0x82, 0x86, 0xE1, 0x06, 0x75, 0x61, 0xD9, 0xF9, 0x47, 0x0A, 0xCB, 0x96, 0x26, 0x58,
    0xA6, 0x0E, 0xC1, 0x72, 0xAD, 0x03, 0x3B, 0x7B, 0xBE, 0x66, 0xCB, 0x9E, 0xCE, 0xD8, 0xA6, 0x9F,
    0xB0, 0x0E, 0x8D, 0xE5, 0x01, 0x5B, 0x16, 0x8A, 0x2D, 0xB3, 0x7D, 0x58, 0xCE, 0x30, 0x37, 0xC7,
    0xF3, 0xC6, 0x32, 0x22, 0x5F, 0x3F, 0x63, 0x49, 0x12, 0xCA, 0xBF, 0x4C, 0xD0, 0xCE, 0x98, 0xB5,
    0x58, 0x27, 0xB1, 0xA3, 0x9A, 0x1D, 0x72, 0x27, 0x2A, 0xD4, 0x09, 0x32, 0x05, 0x1D, 0xAE, 0x29,
    0x63, 0x55, 0x99, 0x3D, 0x50, 0xD6, 0x88, 0xB5, 0x93, 0x53, 0x28, 0x94, 0x97, 0x62, 0x47, 0x54,
    0x28, 0xB1, 0x27, 0x2A, 0xD6, 0xA9, 0x53, 0xB2, 0xAE, 0x52, 0xD4, 0x82, 0xA5, 0xC8, 0xAC, 0x7E,
    0x0E, 0xE9, 0xAC, 0x8D, 0x62, 0xFD, 0xB1, 0x11, 0xDE, 0x11, 0xA2, 0x4B, 0x90, 0x21, 0xB6, 0x68,
    0x28, 0x61, 0x4A, 0xB6, 0x70, 0x2F, 0x32, 0x42, 0x58, 0xB3, 0x68, 0x47, 0xFB, 0xDF, 0x8F, 0x90,
    0xCE, 0xF7, 0x8A, 0x58, 0xFF, 0xD9, 0x48, 0x65, 0x8B, 0x25, 0x84, 0xC4, 0x88, 0xEC, 0x14, 0xAD,
    0x0B, 0x1A, 0xE0, 0x0C, 0x62, 0xE0, 0xA2, 0x26, 0xA7, 0xD7, 0x5F, 0x30, 0xA8, 0x1A, 0x58, 0x93,
    0x96, 0x74, 0x95, 0x56, 0x64, 0x5D, 0x6E, 0xC4, 0xA9, 0x97, 0x94, 0x71, 0xCE, 0xAA, 0x80, 0x8A,
    0x14, 0xD4, 0xD6, 0x98, 0x55, 0x08, 0xB5, 0x1D, 0x5C, 0x80, 0xF2, 0x6E, 0x43, 0x39, 0x8F, 0xA0,
    0x6C, 0x0D, 0x25, 0x58, 0x91, 0x51, 0x61, 0x52, 0x72, 0x76, 0x58, 0x7D, 0x4D, 0x51, 0x15, 0x18,
    0x6E, 0xF2, 0xBD, 0x36, 0x9B, 0x2F, 0xD9, 0xBC, 0x62, 0xF3, 0x4B, 0x6C, 0x7E, 0x9D, 0xCD, 0x2B,
    0x36, 0xAF, 0xD8, 0xBC, 0x62, 0xF3, 0x8A, 0xCD, 0x2B, 0x36, 0xAF, 0xD8, 0xBC, 0x62, 0xF3, 0x8A,
    0xCD, 0x2B, 0x36, 0xCF, 0x46, 0x89, 0x95, 0x60, 0xE5, 0x23, 0x9F, 0x14, 0xB0, 0x8F, 0x06, 0x67,
    0xF2, 0x24, 0x3B, 0x9B, 0xCA, 0x89, 0xA5, 0x53, 0xD4, 0x1C, 0xE8, 0x74, 0x75, 0xF8, 0x28, 0x5F,
    0x1D, 0xDA, 0xC5, 0xEA, 0xE0, 0x25, 0x82, 0xE7, 0x59, 0xB0, 0x01, 0xCE, 0x84, 0xC8, 0x45, 0xF8,
    0x56, 0xD7, 0x4A, 0xAE, 0x92, 0xF8, 0x8C, 0x37, 0x0A, 0x89, 0x6D, 0xC2, 0xFC, 0x0A, 0x64, 0x98,
    0x98, 0x82, 0x10, 0x9F, 0x67, 0x28, 0x8F, 0x82, 0x6C, 0xFC, 0xDF, 0xB9, 0xA3, 0xC8, 0xE5, 0xCA,
    0xFF, 0x17, 0xD7, 0xDE, 0x04, 0xB5, 0xA4, 0xF9, 0x3C, 0x61, 0x27, 0x7D, 0x60, 0x83, 0x97, 0xE2,
    0x80, 0x3B, 0xF7, 0x52, 0x81, 0x0C, 0x77, 0x88, 0x36, 0x71, 0x94, 0x52, 0xF7, 0x56, 0xC1, 0xBB,
    0x76, 0xB1, 0x40, 0xA9, 0x87, 0xEF, 0x15, 0xA1, 0x5D, 0x84, 0x4E, 0x81, 0x12, 0xF4, 0x46, 0xBC,
    0x92, 0x6F, 0xD5, 0x65, 0x10, 0x70, 0x0C, 0x38, 0xAD, 0x8D, 0x0F, 0x60, 0x92, 0x1C, 0x14, 0x74,
    0x71, 0xF4, 0x40, 0x3D, 0xFB, 0x13, 0x7E, 0xE6, 0x4A, 0x83, 0xDE, 0xDA, 0xE6, 0x7C, 0xD4, 0xDA,
    0x24, 0x24, 0xB9, 0xD9, 0xCB, 0xC6, 0xA1, 0xA5, 0xDD, 0x4C, 0x08, 0xB0, 0x46, 0xC1, 0xD3, 0x09,
    0x03, 0x97, 0x5C, 0x04, 0xD6, 0xEA, 0x72, 0xC7, 0xFE, 0x67, 0x86, 0xED, 0xA9, 0x96, 0xE7, 0xE8,
    0xCC, 0x7F, 0x58, 0x00, 0xDB, 0x00, 0x67, 0xFB, 0x23, 0xF8, 0xD9, 0x08, 0x4B, 0xAD, 0x40, 0x8D,
    0x9F, 0x7F, 0x30, 0x7D, 0x1E, 0xD0, 0xC6, 0xC8, 0x76, 0xD4, 0x00, 0xA2, 0xA1, 0xD0, 0x81, 0x67,
    0x28, 0xD2, 0x0A, 0xCD, 0x4E, 0x89, 0xC4, 0xBB, 0x9E, 0xD8, 0x9A, 0x61, 0x78, 0x5D, 0xB4, 0x01,
    0x5F, 0x2F, 0x0C, 0x6C, 0x24, 0xB0, 0x0C, 0x79, 0xAC, 0x90, 0x4C, 0x74, 0xA4, 0xAD, 0x33, 0x68,
    0xEB, 0xE3, 0xD4, 0xFE, 0x24, 0xA5, 0xF3, 0x72, 0x21, 0x77, 0xA2, 0x83, 0x65, 0xCA, 0x7A, 0x8F,
    0xEA, 0x0D, 0xF2, 0x2E, 0x50, 0xBD, 0x3E, 0x97, 0x53, 0xCE, 0xAE, 0x27, 0xE9, 0x2C, 0x1D, 0xCF,
    0x29, 0x2D, 0x4B, 0x3E, 0x88, 0x6A, 0x31, 0xA7, 0xF6, 0x3B, 0x19, 0x17, 0xF0, 0xB5, 0x63, 0x3A,
    0x6D, 0xD4, 0xA5, 0xF3, 0x6F, 0xAE, 0xA7, 0xC5, 0x9C, 0x16, 0xA6, 0x0E, 0xBF, 0x73, 0x5C, 0xA7,
    0x09, 0xB7, 0x43, 0x51, 0x2C, 0xE6, 0x54, 0xEC, 0x02, 0xDB, 0x93, 0x73, 0xB7, 0x72, 0x76, 0x6F,
    0x8D, 0x42, 0xCD, 0x63, 0x15, 0x17, 0x76, 0xE1, 0xEB, 0xCC, 0xD1, 0x0C, 0x02, 0xD4, 0x69, 0x57,
    0x87, 0xB3, 0x83, 0x6F, 0x9F, 0xC2, 0xC7, 0x67, 0xB8, 0x96, 0xC7, 0xAF, 0x5F, 0x1C, 0x04, 0x47,
    0xA7, 0x56, 0x4F, 0x5A, 0x6B, 0xD2, 0xF9, 0x6B, 0x02, 0x3D, 0x4F, 0x15, 0x3F, 0x8B, 0xA2, 0x4D,
    0x74, 0x9A, 0x51, 0x8A, 0x31, 0x89, 0x5E, 0x21, 0x0A, 0x89, 0x28, 0xA0, 0xE9, 0x27, 0x44, 0x7D,
    0xA0, 0xC4, 0x5C, 0x58, 0xC2, 0x45, 0x80, 0x33, 0xC9, 0x4D, 0xAB, 0xC6, 0x57, 0x8D, 0x5E, 0x2F,
    0x81, 0x79, 0x7C, 0x0F, 0x59, 0x6D, 0x33, 0xE8, 0xF5, 0x59, 0xA1, 0x5C, 0x01, 0x27, 0xE8, 0x86,
    0x76, 0x0E, 0xE5, 0x3E, 0x19, 0x12, 0x8C, 0x03, 0x0A, 0x39, 0x14, 0x8E, 0x83, 0x9B, 0x71, 0xA8,
    0x11, 0x1F, 0x14, 0x4C, 0x31, 0xF4, 0xA2, 0x10, 0xCD, 0x95, 0xD8, 0xAC, 0x77, 0xF1, 0xF0, 0xB0,
    0x24, 0xF7, 0xD6, 0x04, 0xF3, 0xEC, 0x91, 0x2F, 0xE9, 0xE2, 0xE3, 0xCB, 0x89, 0xA7, 0x35, 0xBA,
    0xEB, 0x7B, 0x4F, 0x7A, 0x32, 0x34, 0x3D, 0xCA, 0x55, 0x16, 0xA6, 0x0F, 0x01, 0x1F, 0x0A, 0x98,
    0x55, 0xFD, 0x5D, 0xEB, 0x22, 0xB9, 0x58, 0xF1, 0x13, 0x65, 0xBA, 0x44, 0x8C, 0x5B, 0x03, 0xEE,
    0x1F, 0x5E, 0x59, 0x09, 0x96, 0x3A, 0x40, 0x19, 0x82, 0x01, 0xC8, 0x30, 0xE9, 0x4F, 0x81, 0xC7,
    0xF4, 0x00, 0xF4, 0xDF, 0x36, 0xDA, 0x78, 0x80, 0x1E, 0xBE, 0x86, 0xE8, 0x67, 0x63, 0x4D, 0xE1,
    0x88, 0xB9, 0x63, 0x45, 0x3F, 0x50, 0x04, 0x26, 0xF0, 0xED, 0xF1, 0xE9, 0xDF, 0xF0, 0xD1, 0x10,
    0x1F, 0x80, 0xD4, 0x5C, 0xB5, 0x90, 0x68, 0x40, 0x5E, 0x93, 0xFD, 0xC2, 0x2D, 0xBC, 0xC2, 0x69,
    0x6C, 0x5C, 0x96, 0x8D, 0x1B, 0x70, 0x88, 0x31, 0xA0, 0x7E, 0x4C, 0xFD, 0xF0, 0x4E, 0x1F, 0xBE,
    0x2A, 0x57, 0x75, 0xDA, 0xB1, 0xEF, 0x65, 0x15, 0x80, 0xB3, 0xD3, 0x31, 0xBB, 0x78, 0xCE, 0x29,
    0x29, 0xD0, 0x04, 0x70, 0x04, 0x07, 0x7E, 0x51, 0x47, 0xD6, 0x28, 0xB8, 0x55, 0x04, 0x3A, 0xAB,
    0xBD, 0x0F, 0x76, 0xB3, 0xE3, 0xCC, 0xE6, 0xB6, 0x68, 0x23, 0x12, 0x2A, 0x72, 0x8A, 0x08, 0x44,
    0x09, 0x3B, 0xBB, 0x47, 0x71, 0xC9, 0x31, 0xC6, 0x43, 0x8A, 0xFC, 0x34, 0xF2, 0xB2, 0x08, 0xED,
    0xDD, 0x52, 0x11, 0x8D, 0x01, 0xE6, 0x8C, 0xE6, 0xA6, 0xBD, 0x01, 0xCF, 0x19, 0xD0, 0x19, 0x58,
    0x0E, 0x48, 0x13, 0x12, 0x91, 0x7B, 0x07, 0x49, 0xBF, 0x57, 0x90, 0x7B, 0x3F, 0xC5, 0x26, 0x33,
    0x86, 0x03, 0xDE, 0x1F, 0x14, 0xD5, 0xFD, 0x6C, 0x0F, 0x02, 0xEE, 0x72, 0x5C, 0x6C, 0x3F, 0x8B,
    0xA5, 0x7F, 0x17, 0xB2, 0xCD, 0x0D, 0x15, 0x01, 0xD4, 0x68, 0x0E, 0x7C, 0xC7, 0x04, 0x6C, 0xF5,
    0x63, 0x1C, 0x71, 0xD3, 0x8D, 0xA7, 0x45, 0x20, 0xB8, 0x08, 0x8E, 0x1B, 0xC7, 0x37, 0xE0, 0xF7,
    0xCD, 0x59, 0x1C, 0x89, 0x89, 0xC3, 0x40, 0xBB, 0x29, 0x86, 0x79, 0x02, 0xFA, 0xFD, 0xB3, 0x80,
    0xBE, 0x2A, 0xBA, 0xEE, 0xED, 0x69, 0x0F, 0x59, 0xE9, 0x75, 0x51, 0x27, 0x21, 0x5C, 0x04, 0x09,
    0x28, 0xAC, 0xAD, 0xD0, 0xFB, 0x51, 0x63, 0x39, 0x39, 0x05, 0x89, 0x11, 0xC6, 0x55, 0x07, 0x2C,
    0x2B, 0x8F, 0x0D, 0xA8, 0xA0, 0xF9, 0xB8, 0xB3, 0xE6, 0xD3, 0xEC, 0xB4, 0xA7, 0x13, 0xFD, 0x04,
    0x94, 0x01, 0x1B, 0xEE, 0xFC, 0x97, 0x21, 0x42, 0xBC, 0x3D, 0x85, 0x25, 0x1E, 0x98, 0x3B, 0xC4,
    0xDC, 0xA4, 0xBE, 0xBB, 0x58, 0x6B, 0xE6, 0xFE, 0x31, 0x63, 0x64, 0x1B, 0xF4, 0x7F, 0x21, 0xDD,
    0xB0, 0x89, 0xBF, 0xD8, 0xC0, 0x30, 0xD3, 0x6D, 0x7A, 0x3D, 0x74, 0x9B, 0x66, 0xA4, 0xEC, 0xA0,
    0x7E, 0x5D, 0x74, 0x1B, 0x7C, 0x8C, 0xF3, 0xB2, 0x6A, 0x4E, 0xD5, 0x22, 0xC5, 0x4B, 0x00, 0x27,
    0x6C, 0xD3, 0x2A, 0x07, 0xB8, 0x68, 0xF1, 0xB6, 0xE8, 0x06, 0x73, 0xC2, 0xF2, 0x99, 0x12, 0x92,
    0x93, 0x9A, 0x45, 0x1D, 0xA8, 0x58, 0xCF, 0x54, 0x75, 0x6F, 0xA6, 0x52, 0xCE, 0x23, 0x14, 0x36,
    0x1F, 0xE0, 0x3D, 0xAE, 0xC2, 0x3F, 0xB3, 0x2C, 0xB7, 0x91, 0xAB, 0x87, 0xA3, 0xF8, 0xBC, 0xC2,
    0x0E, 0x45, 0xD5, 0x40, 0xB1, 0xA3, 0xE4, 0xBD, 0x3C, 0x0A, 0xF1, 0xF6, 0x43, 0x31, 0x10, 0x8B,
    0x0F, 0xD4, 0xB3, 0xD1, 0xC2, 0xCC, 0x1B, 0x15, 0x2F, 0x25, 0x2F, 0x31, 0x38, 0xC0, 0x24, 0x9A,
    0x39, 0x34, 0x53, 0x68, 0x66, 0xD0, 0x4C, 0xA0, 0x99, 0x3F, 0x33, 0x7D, 0x66, 0xF6, 0xCC, 0xE4,
    0x99, 0xB9, 0x33, 0x53, 0x67, 0x66, 0xCE, 0x4C, 0x9C, 0x99, 0x37, 0x23, 0x0D, 0xA0, 0x8B, 0xDC,
    0x39, 0x9A, 0x04, 0x66, 0x0C, 0x62, 0x0C, 0x5E, 0x3C, 0x34, 0x0D, 0xF6, 0xF0, 0xA0, 0x29, 0x93,
    0xA1, 0x65, 0x6E, 0x58, 0x90, 0x3F, 0xC2, 0xF9, 0xEF, 0xB0, 0x15, 0x3F, 0x4D, 0x2A, 0xCE, 0x68,
    0x9A, 0x17, 0x4E, 0x3B, 0x37, 0xAF, 0x4F, 0x47, 0x68, 0x5C, 0x8A, 0xBC, 0xBB, 0xDC, 0xB8, 0xC6,
    0x38, 0x0C, 0x7A, 0x7A, 0x6A, 0x02, 0xD3, 0xB8, 0xA8, 0x26, 0x71, 0x3A, 0xF9, 0x2C, 0x6F, 0x90,
    0x78, 0x44, 0xE2, 0x2F, 0x98, 0xCD, 0xD7, 0x73, 0xB5, 0xAF, 0x8A, 0xD6, 0x87, 0x33, 0xCE, 0x4F,
    0x6D, 0x7A, 0x5D, 0x3D, 0xCC, 0x2C, 0xCB, 0xF4, 0x1A, 0xCB, 0x10, 0x0B, 0xF9, 0x8A, 0x8D, 0xCC,
    0xDA, 0xA9, 0x32, 0x86, 0x29, 0xE6, 0x35, 0xE4, 0xE6, 0x6F, 0x81, 0x76, 0xE3, 0x29, 0xDA, 0x69,
    0xB9, 0x07, 0x2C, 0x1A, 0x3B, 0xF7, 0xD3, 0xD2, 0x03, 0xD2, 0x9D, 0x85, 0x6C, 0x79, 0xE9, 0x5E,
    0x01, 0xB4, 0xCB, 0x2A, 0xB4, 0x43, 0x61, 0x9B, 0x32, 0xFA, 0x0A, 0x55, 0xDC, 0x08, 0x19, 0xDB,
    0x32, 0xCB, 0xDD, 0x6C, 0x3B, 0x20, 0x3F, 0x48, 0xCE, 0xF7, 0x55, 0xE8, 0x95, 0xE1, 0x9B, 0x65,
    0xF8, 0x51, 0x19, 0x16, 0x2A, 0xF8, 0x84, 0x01, 0xCE, 0xD3, 0x09, 0x28, 0x45, 0x03, 0xBB, 0xE4,
    0x5D, 0x97, 0xC4, 0x2C, 0x8C, 0xDA, 0xC7, 0x27, 0x3A, 0xAD, 0x0D, 0x0A, 0x56, 0xC9, 0xBD, 0x40,
    0xE2, 0xFC, 0x7C, 0x14, 0x07, 0x29, 0x14, 0x40, 0x11, 0xFB, 0x2E, 0x00, 0x53, 0x2E, 0x1D, 0xDB,
    0x2F, 0x7C, 0xE1, 0xB0, 0xBA, 0xBF, 0x4E, 0x6B, 0x34, 0x97, 0xDF, 0x83, 0x71, 0x36, 0x7A, 0x5D,
    0x9F, 0x61, 0x28, 0x43, 0x8D, 0x4F, 0x87, 0x4E, 0x79, 0xEC, 0x7F, 0xFD, 0xA5, 0x34, 0x0F, 0xE4,
    0x2F, 0xAC, 0x0E, 0x78, 0x8D, 0xB6, 0x11, 0x88, 0x51, 0xF8, 0x23, 0x43, 0x23, 0x7B, 0xBB, 0x38,
    0x3D, 0x41, 0xB2, 0x64, 0xDA, 0x46, 0x5E, 0x51, 0x4D, 0x6F, 0x42, 0xE7, 0x2E, 0xD3, 0x49, 0x81,
    0x56, 0x21, 0x51, 0xCD, 0xE8, 0x04, 0xFB, 0x95, 0xC9, 0xE5, 0xAA, 0x0F, 0xD4, 0x6A, 0x87, 0xCC,
    0x03, 0xC9, 0x0B, 0x6B, 0xF9, 0x52, 0x2F, 0x07, 0xA3, 0x02, 0xC5, 0xE4, 0x2E, 0x32, 0x31, 0x55,
    0x7A, 0xE4, 0x18, 0xC3, 0x60, 0x82, 0x67, 0x5A, 0x67, 0xCC, 0xAC, 0xEB, 0x92, 0xD7, 0x72, 0xD2,
    0x1C, 0xE3, 0x2F, 0x1E, 0xF5, 0x6E, 0xA8, 0xFE, 0xB0, 0xD5, 0x3E, 0xB1, 0xB2, 0x1B, 0x97, 0x7E,
    0xEE, 0xA6, 0xCF, 0x7F, 0xBC, 0x2C, 0x56, 0x71, 0x69, 0x9E, 0xF9, 0x71, 0xFB, 0x84, 0x90, 0x6E,
    0x76, 0xF8, 0x73, 0xE8, 0x80, 0xBD, 0xC2, 0xEB, 0x22, 0x42, 0xF7, 0x03, 0x72, 0x7E, 0x2E, 0x67,
    0xDB, 0xF0, 0x25, 0xAF, 0x8B, 0x87, 0x0E, 0xD9, 0x2B, 0xF8, 0x36, 0x9B, 0x93, 0x3A, 0xBF, 0xCA,
    0x6A, 0xA8, 0xAC, 0x39, 0x7C, 0x6F, 0xEC, 0xD2, 0x5B, 0x5B, 0xE4, 0x9D, 0x26, 0x51, 0xA3, 0x95,
    0x5D, 0xB3, 0xC3, 0xC3, 0x9C, 0x11, 0xBB, 0x1A, 0x6F, 0x03, 0xFD, 0x25, 0x9F, 0x02, 0x34, 0x4A,
    0x74, 0x61, 0xA7, 0x22, 0x6F, 0xE5, 0x99, 0x03, 0x5B, 0x2A, 0x40, 0x1B, 0x6E, 0xA7, 0xE0, 0xDF,
    0x2E, 0x40, 0x32, 0x3F, 0xA2, 0xD7, 0xE3, 0x94, 0xB9, 0x08, 0xF2, 0x62, 0x82, 0xD4, 0xCF, 0xEF,
    0x62, 0xB6, 0xA5, 0x4B, 0x5F, 0xEF, 0x97, 0xC3, 0x72, 0x88, 0x24, 0x0C, 0x0E, 0x7C, 0x96, 0x5B,
    0xE4, 0x5D, 0x26, 0xBC, 0xAA, 0x2C, 0xFA, 0x4E, 0x56, 0xAD, 0xD7, 0x3F, 0xC7, 0xEB, 0x9D, 0xEB,
    0x65, 0x77, 0x13, 0xA9, 0x4D, 0xED, 0xBF, 0xE7, 0x82, 0xDA, 0x8B, 0xBD, 0x5B, 0x57, 0xAB, 0xBE,
    0xC4, 0xAB, 0x9E, 0xEB, 0xB5, 0xAF, 0x27, 0xC1, 0x49, 0x82, 0x87, 0x69, 0x48, 0x92, 0x0B, 0x08,
    0x1C, 0xA9, 0xE4, 0x3A, 0xA3, 0x38, 0xE3, 0xB4, 0xDA, 0xF9, 0x1B, 0x60, 0xBA, 0x3A, 0x0D, 0x2A,
    0x30, 0x56, 0xCC, 0x41, 0x85, 0xD9, 0x72, 0x38, 0xF2, 0xF1, 0xE6, 0xF0, 0x21, 0xF7, 0xFF, 0x30,
    0xE3, 0x6E, 0xCC, 0x54, 0xDC, 0x4F, 0xBE, 0xE9, 0x25, 0x21, 0xEE, 0x9B, 0xE6, 0x2C, 0xAA, 0x1F,
    0x52, 0x0C, 0xD1, 0xB8, 0xD6, 0xDB, 0x1D, 0x6A, 0x85, 0xC1, 0xFD, 0xFE, 0xE5, 0x03, 0x7F, 0x40,
    0xE8, 0x8F, 0x0C, 0xDF, 0xE5, 0x5F, 0x4C, 0xDD, 0xC4, 0xFB, 0x5B, 0x3C, 0x89, 0xD1, 0x8A, 0xF7,
    0x3F, 0xA9, 0x37, 0xE1, 0x9F, 0x93, 0x44, 0x61, 0xE5, 0x6C, 0x1E, 0xAB, 0x08, 0x80, 0x67, 0x1F,
    0x8E, 0x4E, 0x70, 0x88, 0x60, 0x8D, 0x23, 0x31, 0xCC, 0x6C, 0x1C, 0xB6, 0x77, 0x94, 0xB1, 0xD8,
    0x67, 0x6D, 0x29, 0xF2, 0x8B, 0xBA, 0x4E, 0x11, 0x1B, 0xE8, 0xCD, 0x92, 0xE1, 0x2F, 0x21, 0x63,
    0xA6, 0x64, 0x06, 0x80, 0xEE, 0x12, 0x93, 0x3B, 0xE6, 0xEC, 0xF1, 0xD7, 0xEA, 0xE7, 0xBB, 0x20,
    0xB1, 0x0C, 0x79, 0x00, 0xF4, 0xB6, 0xF9, 0xF7, 0x95, 0x2B, 0xF6, 0x83, 0x9C, 0x31, 0xB8, 0xC9,
    0xBF, 0xAF, 0x44, 0x9C, 0xFF, 0xD9, 0xE8, 0xC4, 0xB1, 0xD6, 0x18, 0xCF, 0xDD, 0x34, 0xE3, 0x20,
    0x47, 0xAD, 0x1D, 0xE4, 0xA8, 0x7F, 0xEA, 0xBA, 0x8F, 0x4A, 0x77, 0x32, 0x71, 0x8B, 0x10, 0x39,
    0x3E, 0x3C, 0xFE, 0x07, 0x6D, 0x53, 0x4D, 0x68, 0x1B, 0x47, 0x14, 0xFE, 0x46, 0xDA, 0xF5, 0x8F,
    0xFC, 0xB3, 0x7B, 0xD8, 0x6D, 0x6A, 0xA7, 0xF6, 0x1A, 0xE2, 0x82, 0x62, 0x6C, 0xAD, 0x02, 0x1B,
    0x50, 0xE2, 0x5D, 0xED, 0xB8, 0xD0, 0xFB, 0x16, 0xB4, 0x87, 0x92, 0x8B, 0x28, 0x3D, 0x18, 0x97,
    0x82, 0x1D, 0x0C, 0xB6, 0x53, 0x29, 0xDE, 0x52, 0x08, 0xE4, 0x10, 0x10, 0xA1, 0xE4, 0x18, 0x74,
    0xC8, 0xC9, 0x01, 0xE3, 0x83, 0x02, 0x8E, 0x93, 0xC8, 0x73, 0x2C, 0x35, 0xA5, 0x0B, 0xED, 0x35,
    0x54, 0x87, 0x9A, 0x12, 0xE2, 0x82, 0x28, 0x4A, 0x50, 0x9A, 0xB5, 0xB7, 0x6F, 0xE5, 0x98, 0x94,
    0xD2, 0x79, 0xC3, 0xEC, 0xCC, 0x37, 0xDF, 0xCE, 0x7B, 0xDF, 0x7B, 0x33, 0x33, 0x50, 0x44, 0xBA,
    0x05, 0xAF, 0x2F, 0x30, 0x82, 0x2A, 0x3C, 0xF4, 0xD5, 0x8C, 0xB6, 0x53, 0xF1, 0x74, 0xC6, 0x60,
    0xBE, 0x44, 0xF1, 0x04, 0x53, 0x1A, 0xF4, 0x92, 0x1B, 0xE9, 0xA5, 0x98, 0x5A, 0x39, 0x53, 0xDC,
    0x36, 0x23, 0xE6, 0x69, 0xD5, 0xAA, 0x06, 0x54, 0x6C, 0xDB, 0x06, 0x1E, 0x23, 0x86, 0x82, 0x22,
    0xA6, 0x61, 0xF2, 0x1B, 0x62, 0x45, 0xB8, 0x42, 0x46, 0xEA, 0x5E, 0xA0, 0xFC, 0xCC, 0x73, 0x0E,
    0x34, 0x15, 0xE5, 0x0C, 0x9C, 0x2A, 0x8C, 0x2E, 0x64, 0x0F, 0xF5, 0x76, 0xBB, 0x5E, 0xAE, 0x3D,
    0x6A, 0x3D, 0x6A, 0x95, 0x6B, 0x8B, 0x0F, 0xE0, 0x54, 0xA0, 0x4C, 0x82, 0xC9, 0x00, 0xD2, 0xE2,
    0xC2, 0x0F, 0x85, 0x59, 0xB3, 0xC3, 0x78, 0x5F, 0xCD, 0x8D, 0x36, 0xBE, 0xF6, 0xE4, 0xC1, 0x9C,
    0x53, 0x79, 0x8A, 0x8B, 0xC5, 0x6A, 0xA5, 0x81, 0xC5, 0xA7, 0x8E, 0x33, 0xF9, 0x6E, 0x3E, 0x73,
    0x16, 0x71, 0xCD, 0x08, 0x8A, 0x28, 0x41, 0xCE, 0x34, 0x33, 0xF0, 0xEA, 0xCD, 0x3A, 0x7C, 0xFE,
    0x50, 0xB0, 0x9E, 0x01, 0x32, 0x57, 0x02, 0x93, 0x37, 0x51, 0xC7, 0x80, 0x6D, 0xD9, 0x12, 0xB2,
    0xD9, 0x18, 0x71, 0x36, 0xAB, 0x65, 0xE3, 0x2C, 0x74, 0xEE, 0x8A, 0xFE, 0x9E, 0x99, 0xC2, 0xE5,
    0x63, 0xE8, 0xF4, 0xEC, 0x04, 0xFB, 0x18, 0xC3, 0x62, 0xB4, 0x8B, 0x33, 0x65, 0xEF, 0xF5, 0x38,
    0xF6, 0x3A, 0x46, 0x31, 0x24, 0xD2, 0xB4, 0x1A, 0x83, 0x64, 0xEF, 0xBC, 0xDA, 0x97, 0x13, 0x2D,
    0xC0, 0xE6, 0xF1, 0xF2, 0xC8, 0xF2, 0x08, 0xF0, 0xD9, 0xA7, 0xF3, 0x47, 0x92, 0xFA, 0x65, 0x06,
    0x45, 0x07, 0x4A, 0x4F, 0xEB, 0xBB, 0x4C, 0xCA, 0xE5, 0xC1, 0x9B, 0xCF, 0xCC, 0xEE, 0x7B, 0x5D,
    0x12, 0x73, 0xEF, 0x3F, 0x89, 0x3C, 0xEF, 0x34, 0xAB, 0xBA, 0xCF, 0x37, 0xE3, 0x70, 0x69, 0x8B,
    0x53, 0x27, 0xC7, 0x9B, 0x31, 0xD7, 0x7D, 0x10, 0xE5, 0xB7, 0x27, 0xC7, 0x9E, 0x9A, 0xA4, 0x9C,
    0x40, 0xD0, 0xA7, 0xBD, 0x1F, 0xC7, 0x2D, 0x68, 0x88, 0x86, 0x3A, 0x6E, 0x90, 0x4D, 0x40, 0x99,
    0x22, 0x9A, 0x85, 0x8D, 0x55, 0xB4, 0xD1, 0x4A, 0x85, 0x69, 0xD1, 0xCF, 0x15, 0x82, 0xE6, 0x08,
    0x5A, 0xC7, 0x0E, 0x11, 0xA6, 0xEC, 0x8F, 0x6C, 0x15, 0x48, 0xE2, 0xDB, 0x3C, 0x06, 0x7C, 0x7F,
    0x6F, 0xBB, 0xD6, 0xB7, 0xB7, 0xAD, 0x97, 0x72, 0xBB, 0x5F, 0xDC, 0x06, 0x16, 0x9A, 0xF6, 0x16,
    0xA4, 0x82, 0x35, 0x3B, 0x5C, 0xC0, 0xD2, 0x16, 0xFE, 0xED, 0x7F, 0x06, 0x46, 0x2F, 0xC5, 0xA9,
    0xFA, 0x50, 0x68, 0x90, 0xD3, 0xB3, 0x78, 0x76, 0xAB, 0xB6, 0xAA, 0x76, 0xF9, 0x9B, 0xD7, 0xED,
    0xBF, 0xFF, 0x6A, 0x31, 0xE2, 0x77, 0xBB, 0xCD, 0x31, 0x52, 0x70, 0x75, 0x4B, 0xE4, 0x91, 0xF4,
    0xFF, 0x9C, 0x73, 0x56, 0xEA, 0xE6, 0xF9, 0x7E, 0x19, 0xDC, 0xFC, 0x69, 0x2D, 0x3A, 0xE7, 0x25,
    0xA5, 0x4E, 0x8B, 0xF1, 0x01, 0xF7, 0x68, 0xA5, 0x9B, 0x0A, 0xD2, 0x82, 0x71, 0x49, 0x72, 0x8F,
    0x2E, 0x35, 0x08, 0x89, 0x54, 0xDA, 0x1D, 0xCE, 0xBB, 0xD1, 0xC0, 0x14, 0x1D, 0x61, 0x53, 0xB5,
    0x16, 0xC7, 0x3F, 0xA9, 0xFD, 0x2E, 0xB3, 0x9D, 0x10, 0xC8, 0xF3, 0x8F, 0x03, 0x95, 0x71, 0x0D,
    0x29, 0x0C, 0x22, 0x59, 0xFF, 0x0A, 0x96, 0xFF, 0x16, 0xD2, 0x14, 0x83, 0x04, 0xE6, 0x95, 0x20,
    0x74, 0x9E, 0x4F, 0xF0, 0xC8, 0xFC, 0xAE, 0x8D, 0xFA, 0x9C, 0xE3, 0x61, 0xA2, 0x60, 0x4F, 0xD0,
    0x41, 0x4A, 0xC7, 0xA9, 0x5C, 0xBF, 0x93, 0x78, 0x42, 0xD3, 0xDE, 0x03, 0x26, 0x1A, 0x73, 0x0C,
    0x8D, 0xC9, 0x75, 0x8A, 0x73, 0xB5, 0x30, 0x59, 0xD9, 0x78, 0xCE, 0x17, 0xD0, 0x5E, 0x6D, 0x50,
    0x76, 0x5D, 0x57, 0x02, 0xC6, 0xB9, 0x19, 0x18, 0xB4, 0xA7, 0x69, 0xDF, 0xFC, 0x79, 0xF7, 0xD6,
    0xDA, 0xF3, 0x0F, 0xA7, 0xCB, 0x8F, 0x3F, 0x97, 0x92, 0x8C, 0x3B, 0x74, 0x31, 0x8C, 0xC3, 0x6B,
    0x9D, 0x54, 0x1C, 0x07, 0xF8, 0xE0, 0x7B, 0xFC, 0x1F, 0xB6, 0x1F, 0x9F, 0xF8, 0xBE, 0x7F, 0x3A,
    0x32, 0x0F, 0x92, 0x19, 0xBF, 0xA8, 0x56, 0xBF, 0x8A, 0xBB, 0x2A, 0xDD, 0x48, 0x8C, 0x3F, 0x00,
    0xF1, 0xC2, 0x84, 0x9F, 0xFC, 0x87, 0xD3, 0xA6, 0xEA, 0xBE, 0xBF, 0xEE, 0xC6, 0xF1, 0x09, 0xCD,
    0xAD, 0x04, 0x30, 0x02, 0x59, 0x5C, 0x11, 0x57, 0x85, 0x84, 0x9B, 0xF8, 0x83, 0x1F, 0xE2, 0x06,
    0x29, 0x54, 0xD5, 0x65, 0x6A, 0xB4, 0x65, 0x85, 0x56, 0x98, 0x13, 0x0C, 0xBF, 0xF0, 0xC4, 0xDE,
    0x72, 0x15, 0x26, 0x55, 0x7B, 0x07, 0xF3, 0x44, 0x42, 0x80, 0x30, 0x17, 0x26, 0x8C, 0x62, 0x28,
    0x25, 0x0B, 0x7A, 0x9A, 0xA7, 0x3C, 0xAA, 0xC8, 0xB3, 0xEB, 0x3F, 0xAE, 0x1C, 0xAC, 0x1C, 0x00,
    0xF3, 0x56, 0x3E, 0x0F, 0xAD, 0x68, 0x59, 0x39, 0xC9, 0x0A, 0xB3, 0x62, 0x34, 0x50, 0xC8, 0xE7,
    0x65, 0xA1, 0x70, 0x85, 0x5F, 0xA1, 0x97, 0xF3, 0x0F, 0xB5, 0x5A, 0x4D, 0x6C, 0x1C, 0x47, 0x76,
    0x7E, 0xDD, 0x2D, 0xB2, 0x61, 0x76, 0x90, 0x16, 0x02, 0x32, 0x1B, 0x4B, 0x08, 0x6A, 0x0F, 0x6B,
    0x60, 0x45, 0x6F, 0xD4, 0x39, 0x18, 0x88, 0x13, 0x98, 0xEC, 0xD6, 0x0A, 0x81, 0x81, 0xE8, 0x20,
    0x06, 0xE1, 0x58, 0x49, 0x14, 0x80, 0x3E, 0x38, 0x00, 0xA5, 0x43, 0xB8, 0x87, 0x0D, 0x92, 0x18,
    0xD3, 0x3F, 0x96, 0x0E, 0x3E, 0xF8, 0x60, 0x2E, 0xD6, 0xCE, 0x1E, 0x72, 0x30, 0x81, 0x65, 0x10,
    0x79, 0x84, 0x98, 0x39, 0xE4, 0xE0, 0x5D, 0x4C, 0xCF, 0xB4, 0xAD, 0x83, 0x0E, 0x3A, 0xB8, 0xBD,
    0xB2, 0xE3, 0xC3, 0x1E, 0xDC, 0x6B, 0xC9, 0xEB, 0x40, 0x0A, 0x96, 0x6D, 0xBB, 0x15, 0xB5, 0xAC,
    0xFE, 0xC9, 0xF7, 0xAA, 0x67, 0x86, 0x43, 0x52, 0x32, 0x29, 0xC9, 0xE1, 0xBC, 0x57, 0x9C, 0x9F,
    0xEE, 0xAA, 0xEA, 0xAA, 0xF7, 0xBE, 0xF7, 0xBD, 0xAA, 0x3A, 0xE4, 0x90, 0x11, 0x93, 0x9A, 0x12,
    0x2D, 0xD0, 0x6C, 0xC7, 0xF1, 0xEB, 0xC0, 0xAF, 0x1D, 0x8F, 0xA8, 0x11, 0xBC, 0x1F, 0xFF, 0xE8,
    0xB5, 0x48, 0x5E, 0x10, 0x10, 0x91, 0x65, 0xB1, 0x1C, 0x38, 0xF0, 0x00, 0x77, 0x9D, 0xED, 0xAC,
    0x53, 0xBF, 0xCE, 0xA1, 0x19, 0x29, 0x19, 0x35, 0x7A, 0x6B, 0x91, 0x94, 0xBA, 0x76, 0xA0, 0x91,
    0x92, 0x9B, 0xB1, 0x92, 0xE9, 0x49, 0xA3, 0x26, 0x14, 0xDF, 0x65, 0xB5, 0x43, 0xFC, 0x77, 0xC8,
    0x21, 0x9B, 0x28, 0x6F, 0xFA, 0x89, 0xDA, 0x22, 0xC8, 0x56, 0x13, 0xF7, 0x11, 0x3A, 0xB4, 0xAE,
    0xD6, 0x95, 0x51, 0x75, 0xCD, 0x98, 0xAC, 0x80, 0x2B, 0xB0, 0xEB, 0x94, 0x05, 0x95, 0x39, 0x24,
    0x22, 0x32, 0x6F, 0xFD, 0xA5, 0x56, 0x17, 0xD4, 0x47, 0xBD, 0xA4, 0x74, 0xC8, 0xAC, 0x63, 0x6B,
    0x33, 0xB2, 0xC9, 0xE1, 0x2B, 0xF1, 0x6B, 0x4E, 0x1A, 0x9A, 0xF7, 0x23, 0x32, 0x12, 0xD2, 0x92,
    0x3F, 0x16, 0xB1, 0x5D, 0x47, 0x56, 0xC5, 0xDD, 0x39, 0xE2, 0x8D, 0xFF, 0x7D, 0x67, 0xB5, 0x97,
    0xFE, 0x53, 0x42, 0x34, 0xE5, 0x88, 0xE0, 0x7E, 0x2F, 0x5A, 0x57, 0xF2, 0xFB, 0xBE, 0xB2, 0xC3,
    0xA9, 0x9F, 0xF8, 0x8E, 0xD2, 0xE9, 0x10, 0x9A, 0xAC, 0x87, 0x45, 0x62, 0x6F, 0x15, 0x95, 0xA3,
    0xA1, 0xF9, 0x04, 0xC5, 0xBF, 0x64, 0x7A, 0x6C, 0x2B, 0x39, 0x0A, 0x2A, 0x8C, 0x08, 0xEF, 0x96,
    0x22, 0xFB, 0x74, 0x56, 0x07, 0x78, 0xB0, 0x1A, 0x0F, 0xD8, 0x8C, 0xD7, 0x11, 0xBC, 0x30, 0x04,
    0xDE, 0xAE, 0xC2, 0x6F, 0xF5, 0x17, 0x31, 0x21, 0x35, 0x4F, 0x49, 0x5D, 0x27, 0xF8, 0x4E, 0x4F,
    0x51, 0xA8, 0x19, 0x0A, 0x8D, 0x8B, 0xD3, 0xF8, 0xE8, 0xD7, 0x31, 0x8A, 0xCA, 0x69, 0xA6, 0x2C,
    0xDB, 0x3E, 0x65, 0xD9, 0xC2, 0x7D, 0xA6, 0x6C, 0x4B, 0x69, 0x0A, 0x36, 0x62, 0xA1, 0x27, 0x6D,
    0xE2, 0x19, 0x43, 0x5F, 0x96, 0xD1, 0x76, 0x81, 0x16, 0x52, 0xF2, 0x30, 0x98, 0x9E, 0x19, 0x91,
    0xE7, 0xA3, 0x33, 0x25, 0x14, 0x03, 0xEA, 0x61, 0x3A, 0xE4, 0x77, 0xFC, 0x9B, 0x96, 0x35, 0xD7,
    0x52, 0x8F, 0x68, 0x1D, 0xF7, 0x87, 0x50, 0x01, 0x9D, 0x70, 0x50, 0xCF, 0x59, 0x7C, 0x0F, 0xE3,
    0x52, 0xA0, 0x98, 0x1B, 0x4F, 0xDF, 0x74, 0x3C, 0x73, 0xC3, 0xF1, 0x84, 0xE5, 0x78, 0xF3, 0xD0,
    0x36, 0x34, 0xB7, 0x1C, 0x3F, 0x85, 0x26, 0xD0, 0x08, 0x1A, 0x58, 0x8E, 0x16, 0xA5, 0xA4, 0x7D,
    0x96, 0xA2, 0xDF, 0x11, 0xD1, 0x01, 0x42, 0x6F, 0x0E, 0xA1, 0x1E, 0x1B, 0x2F, 0x97, 0x44, 0x50,
    0x90, 0x19, 0xE5, 0xA4, 0xFF, 0x02, 0xD7, 0x5C, 0x4B, 0x48, 0xBD, 0x1B, 0x13, 0xF1, 0x75, 0x7D,
    0xF4, 0x1F, 0x7D, 0x9C, 0x41, 0x1F, 0x6D, 0x18, 0x88, 0x9D, 0xD0, 0x70, 0x64, 0x71, 0xEB, 0xD7,
    0x49, 0xCB, 0xC7, 0xD0, 0x42, 0x68, 0x9E, 0x06, 0x32, 0x8B, 0xAA, 0xFA, 0x81, 0xAC, 0x56, 0xB9,
    0x0D, 0x7F, 0xFB, 0x12, 0x4D, 0x7D, 0x91, 0x92, 0xFE, 0x7E, 0x4E, 0x46, 0x84, 0xE6, 0x6F, 0x14,
    0x24, 0xEA, 0x0A, 0x93, 0x57, 0x73, 0xA7, 0xE0, 0x3B, 0x22, 0x28, 0xD1, 0xA9, 0xD9, 0xCE, 0x2A,
    0x66, 0x42, 0x4E, 0x86, 0x9C, 0xBF, 0xC5, 0xC6, 0x93, 0x52, 0x4F, 0xCF, 0x78, 0xC2, 0x20, 0xA7,
    0x53, 0xBE, 0xA0, 0x72, 0x66, 0xFF, 0x95, 0xE7, 0xCC, 0xDF, 0x48, 0x5D, 0x2D, 0x73, 0xF1, 0xBD,
    0x9E, 0xCA, 0x2B, 0x13, 0x0C, 0xA6, 0xAB, 0xE4, 0x10, 0xEF, 0x54, 0x86, 0x1B, 0xE1, 0x97, 0xFB,
    0xF7, 0x1E, 0x58, 0x23, 0x4F, 0x72, 0xA0, 0xB2, 0xA6, 0xE6, 0x36, 0xD5, 0x58, 0x93, 0x46, 0x8D,
    0xC8, 0x0C, 0x96, 0x3E, 0x5C, 0x8A, 0x61, 0x4E, 0x39, 0x6B, 0x01, 0x3F, 0x65, 0xED, 0x12, 0x65,
    0xFB, 0x47, 0x87, 0x23, 0x70, 0x90, 0x35, 0xCB, 0x29, 0xF4, 0xC4, 0x8C, 0x0A, 0x33, 0xD2, 0x93,
    0xC2, 0x72, 0xD4, 0xB4, 0xC0, 0x25, 0x65, 0x59, 0xF0, 0x6D, 0x30, 0x3D, 0x46, 0x0F, 0xA5, 0x28,
    0x4A, 0xD2, 0xB2, 0xC2, 0x87, 0x53, 0x16, 0x56, 0x20, 0x2F, 0xB6, 0x71, 0x5B, 0xDA, 0xA3, 0x42,
    0xCB, 0x26, 0xDF, 0x24, 0xF6, 0xD1, 0x0D, 0xF8, 0x6B, 0xCA, 0x72, 0x38, 0xD6, 0x6B, 0x47, 0x07,
    0x62, 0x1D, 0x4E, 0x9B, 0x6F, 0x9E, 0x38, 0x0C, 0x00, 0x88, 0x2D, 0xE9, 0x25, 0x8F, 0x64, 0x4D,
    0xB7, 0xB7, 0xAC, 0xE9, 0x61, 0xEB, 0x79, 0x58, 0xAF, 0x50, 0x01, 0x13, 0x00, 0x08, 0x47, 0x2A,
    0xEA, 0x1B, 0x69, 0x6C, 0x39, 0xFA, 0x98, 0x1A, 0x68, 0x67, 0x09, 0x5A, 0xA3, 0xAD, 0x4A, 0xBA,
    0x23, 0x5B, 0xA2, 0x72, 0xC1, 0x8F, 0xB4, 0xC2, 0x8F, 0xF5, 0xC2, 0x4F, 0x8C, 0xC2, 0x4B, 0xCD,
    0xAE, 0x9B, 0x8A, 0xB6, 0x9B, 0x1D, 0x6D, 0xBB, 0xDD, 0x67, 0xDA, 0xEE, 0x33, 0xED, 0xB6, 0x3B,
    0xF7, 0x76, 0xDB, 0xB5, 0xD2, 0xB6, 0x2B, 0xA0, 0x66, 0xD2, 0x76, 0x8D, 0xB8, 0x7D, 0x84, 0x66,
    0xEF, 0x69, 0xE3, 0xBB, 0xCD, 0x9F, 0x9E, 0x5C, 0x23, 0xA0, 0x2E, 0x19, 0x55, 0xED, 0x88, 0x58,
    0x44, 0x56, 0x60, 0x00, 0xA9, 0x74, 0xC0, 0x98, 0x9E, 0x0E, 0x34, 0xB1, 0x1D, 0x23, 0x11, 0x91,
    0x19, 0x99, 0x99, 0x1F, 0x48, 0xA8, 0x93, 0x08, 0x8C, 0xDE, 0x75, 0xDE, 0xBC, 0x5F, 0xB5, 0x3B,
    0x64, 0x76, 0xBD, 0xB1, 0x9B, 0x98, 0xE1, 0x4B, 0x93, 0x62, 0x24, 0xD2, 0xB0, 0xC9, 0x73, 0x76,
    0x07, 0x81, 0x72, 0x5B, 0x10, 0x18, 0xC9, 0x20, 0x08, 0xFC, 0xCD, 0x28, 0x08, 0x00, 0xF0, 0x60,
    0x64, 0x6C, 0x67, 0xB0, 0xB9, 0xAF, 0x95, 0x47, 0x81, 0x10, 0x32, 0x80, 0x05, 0x98, 0xD8, 0x49,
    0x4C, 0xA0, 0x05, 0x10, 0xF6, 0x4F, 0x5E, 0xCE, 0x42, 0x58, 0x72, 0x31, 0xA6, 0xBE, 0xF9, 0x6E,
    0x0E, 0x3C, 0x48, 0x0D, 0x78, 0x1F, 0x2D, 0x7D, 0x20, 0xAF, 0x27, 0x85, 0xE8, 0x0C, 0xCD, 0xA2,
    0x4D, 0x4F, 0xB6, 0x69, 0xFC, 0x22, 0x23, 0xED, 0xCB, 0x81, 0x21, 0x72, 0x58, 0x86, 0x59, 0xF3,
    0x7B, 0xED, 0x76, 0x42, 0xC6, 0xA5, 0x4C, 0x5E, 0x63, 0xC3, 0x60, 0x42, 0x3C, 0x29, 0x07, 0x04,
    0x0F, 0x58, 0xB4, 0x2F, 0x6D, 0xF9, 0x70, 0x52, 0xF4, 0x0B, 0xCA, 0xC1, 0x67, 0xA0, 0xF1, 0x32,
    0x5D, 0xE8, 0x52, 0x31, 0x92, 0x90, 0x0A, 0xFF, 0x58, 0x61, 0xD7, 0x85, 0x89, 0xE1, 0x5B, 0xD8,
    0x36, 0x3C, 0xF0, 0x66, 0x75, 0xD5, 0x43, 0x90, 0x4A, 0x1E, 0xAC, 0x78, 0xAE, 0x3C, 0x9D, 0xC8,
    0xB8, 0x24, 0x8B, 0x41, 0x2D, 0x88, 0x77, 0x0F, 0x56, 0x3C, 0x77, 0xE7, 0xF4, 0x75, 0xAE, 0xA0,
    0x90, 0x05, 0x0F, 0x78, 0x77, 0x7B, 0x41, 0x67, 0xD7, 0x1B, 0x9B, 0x93, 0x93, 0x3E, 0xD4, 0xFA,
    0xBF, 0xA1, 0x18, 0xC2, 0xAA, 0x1F, 0x51, 0x0E, 0x5A, 0x84, 0x10, 0x2B, 0xFF, 0x97, 0x2B, 0x11,
    0xF1, 0x2C, 0xD4, 0x77, 0x38, 0xA8, 0xAE, 0xC3, 0xA6, 0x8A, 0x71, 0x85, 0xAB, 0xA2, 0xA1, 0xB8,
    0xF0, 0x57, 0x00, 0x57, 0x1A, 0x54, 0xCD, 0x9A, 0xFF, 0x4B, 0x69, 0xF3, 0x7D, 0xC5, 0xE3, 0xB1,
    0xCD, 0x26, 0xFD, 0xAF, 0x06, 0x70, 0xCD, 0x21, 0x17, 0x70, 0xAD, 0x6D, 0x21, 0xF9, 0x10, 0xC1,
    0x52, 0x52, 0x73, 0x39, 0x96, 0xA1, 0x5E, 0x97, 0x10, 0xA5, 0x15, 0xF2, 0x47, 0xA5, 0x78, 0xE2,
    0x70, 0x06, 0x1E, 0x30, 0x44, 0xB0, 0x27, 0x57, 0x11, 0xBB, 0xF1, 0x8C, 0x9E, 0xFE, 0x15, 0x2C,
    0xDF, 0x8C, 0xAD, 0xC0, 0x13, 0x00, 0x45, 0x6F, 0xC5, 0x31, 0xD9, 0x17, 0x0C, 0x59, 0xC4, 0x9E,
    0x85, 0x8F, 0x9E, 0xE0, 0xC2, 0x8C, 0x44, 0xE4, 0x19, 0x99, 0xCF, 0x48, 0x55, 0xA1, 0x2F, 0xFD,
    0x6C, 0x60, 0x93, 0x7F, 0x7D, 0x41, 0x93, 0x33, 0x29, 0xA2, 0xAE, 0x70, 0xBA, 0x22, 0xE8, 0x9A,
    0x9F, 0x16, 0x3A, 0x6A, 0xAE, 0x0B, 0x35, 0xEB, 0xEA, 0x69, 0xD7, 0x8C, 0xBA, 0x56, 0xD0, 0xF5,
    0xA9, 0xAB, 0x9C, 0x41, 0xB0, 0x8A, 0xCC, 0x06, 0x63, 0x4F, 0xA5, 0x26, 0xF8, 0xD4, 0x8F, 0xD3,
    0x79, 0x2D, 0xB5, 0x75, 0xE6, 0x56, 0x22, 0x4B, 0xB9, 0x36, 0x65, 0x8D, 0xFA, 0xA9, 0x5E, 0xA7,
    0xE6, 0x75, 0x06, 0x1E, 0xDB, 0x0A, 0xE6, 0x71, 0xD9, 0x47, 0x39, 0x28, 0xCB, 0x48, 0xC4, 0xB9,
    0x1C, 0xF7, 0xAA, 0x92, 0x4E, 0xCE, 0x2C, 0x02, 0xDC, 0x9D, 0xDE, 0x46, 0x14, 0x1A, 0x71, 0xB8,
    0x14, 0xF5, 0x6B, 0xE2, 0xF7, 0x7A, 0x12, 0x1A, 0x49, 0xBF, 0x8E, 0xFA, 0x15, 0xCD, 0xB4, 0xFC,
    0xCA, 0xAF, 0x5C, 0xDA, 0xFE, 0x52, 0x5A, 0x0B, 0x7A, 0x9D, 0x19, 0x90, 0x77, 0x06, 0x62, 0x42,
    0x5E, 0xCA, 0xAC, 0x63, 0x1C, 0x89, 0x38, 0x18, 0x91, 0x05, 0x59, 0x87, 0xAF, 0x9E, 0x21, 0xBD,
    0x8E, 0xC4, 0xCD, 0xD4, 0x56, 0x53, 0xFB, 0x39, 0x8C, 0x60, 0x66, 0x77, 0xD6, 0x00, 0x01, 0x56,
    0xB0, 0x20, 0x3B, 0x01, 0x87, 0xA5, 0x69, 0xC5, 0x99, 0x21, 0x5B, 0x4B, 0xE0, 0xD0, 0xE7, 0x13,
    0x44, 0xE6, 0xAB, 0xD7, 0x18, 0xE7, 0x6F, 0xC6, 0x4C, 0x77, 0x22, 0x46, 0xDC, 0x98, 0x8C, 0x6B,
    0xF8, 0xCE, 0xBC, 0xF4, 0x49, 0x4E, 0xF6, 0xF1, 0xA4, 0xA4, 0x1E, 0xB3, 0xB3, 0xC9, 0x75, 0xCC,
    0x18, 0xCD, 0x23, 0xBE, 0x9B, 0x81, 0xB2, 0xE2, 0x18, 0x25, 0x4D, 0xC2, 0xEF, 0xCD, 0xE8, 0xA0,
    0xC0, 0xE0, 0x07, 0xB6, 0xE4, 0x8B, 0xD3, 0xCA, 0x82, 0xAB, 0x67, 0xAE, 0x99, 0xB9, 0x22, 0x73,
    0xE7, 0x33, 0xF7, 0x67, 0x99, 0xFB, 0x79, 0xE6, 0xFF, 0x2A, 0xF3, 0xDF, 0xC9, 0xFC, 0x97, 0x32,
    0x5F, 0xC9, 0xA6, 0x26, 0x03, 0xF3, 0xD5, 0x48, 0x07, 0x14, 0x2E, 0xEE, 0x7D, 0xB1, 0xBC, 0x20,
    0x71, 0xCD, 0xC8, 0x45, 0x60, 0xE9, 0x91, 0x5F, 0x70, 0xC8, 0x70, 0x81, 0x44, 0x22, 0x72, 0x8D,
    0x04, 0x14, 0x00, 0xE3, 0x62, 0xC8, 0x71, 0x31, 0x87, 0x23, 0xD2, 0x88, 0x75, 0x2C, 0xAB, 0x95,
    0xAC, 0x64, 0x1A, 0x47, 0x33, 0x20, 0x54, 0x7E, 0x64, 0xC7, 0x52, 0x93, 0x7E, 0xEC, 0xA5, 0x77,
    0xE3, 0x76, 0x7A, 0x3B, 0x6E, 0xFF, 0xFC, 0xB3, 0xB8, 0xED, 0x7F, 0x14, 0xB7, 0xED, 0xCB, 0x71,
    0xDB, 0x7A, 0x39, 0x6E, 0x0B, 0x3D, 0xE6, 0x06, 0xB5, 0xB4, 0x11, 0xEF, 0x54, 0x2A, 0x99, 0x44,
    0x3A, 0xFA, 0x06, 0x22, 0x87, 0x37, 0xE6, 0xE1, 0x55, 0x78, 0x8E, 0xE7, 0xA5, 0xE0, 0x8D, 0x75,
    0x2E, 0xDB, 0x9A, 0xE3, 0xD6, 0xC2, 0xEE, 0x1B, 0xC7, 0x65, 0xFA, 0x71, 0x72, 0x81, 0xE0, 0x9B,
    0x89, 0xDF, 0x7C, 0xA3, 0xB2, 0xC0, 0x93, 0xFC, 0x13, 0xEC, 0x1B, 0x6E, 0xED, 0xB8, 0x44, 0x23,
    0x59, 0x26, 0x1A, 0xCC, 0xE9, 0xDD, 0xC0, 0x96, 0xC9, 0xC1, 0xFC, 0x10, 0xD6, 0xAD, 0xD8, 0x31,
    0xEB, 0xA8, 0x69, 0xB4, 0xD5, 0x72, 0x30, 0x6F, 0xFD, 0x3A, 0x46, 0x8E, 0x73, 0x4F, 0x99, 0xA1,
    0x19, 0x0C, 0x22, 0x9B, 0x7B, 0x54, 0xE8, 0xEF, 0x67, 0xDA, 0x27, 0xA9, 0xFA, 0x65, 0xA2, 0x00,
    0xC0, 0x31, 0xE5, 0xFE, 0x30, 0x5C, 0x84, 0x24, 0xC0, 0xD0, 0x52, 0x10, 0x7C, 0x49, 0x43, 0xE1,
    0x56, 0x5B, 0x2A, 0xAE, 0xA3, 0x17, 0x75, 0x60, 0x6E, 0x6E, 0x26, 0xF6, 0x89, 0x4B, 0xA9, 0x0D,
    0x23, 0x9C, 0x37, 0xDE, 0xC9, 0x59, 0x6D, 0xE3, 0xDD, 0xCC, 0x7A, 0xE5, 0x32, 0x5C, 0xA4, 0x8E,
    0x15, 0x78, 0xDB, 0xB6, 0xFB, 0x58, 0x27, 0x03, 0x9A, 0xA6, 0x05, 0x5B, 0x4B, 0xAD, 0x57, 0x62,
    0xF3, 0xE3, 0x48, 0xAB, 0x49, 0xAD, 0x60, 0x68, 0x64, 0x6C, 0x06, 0xE2, 0xBD, 0x18, 0xDF, 0xF7,
    0xD4, 0x1C, 0x63, 0x1F, 0x6A, 0xC9, 0x3D, 0x44, 0x4F, 0xFB, 0x75, 0xD1, 0x67, 0x7C, 0xEB, 0x4A,
    0x59, 0x5E, 0x54, 0x98, 0x3E, 0x8D, 0xA4, 0xBF, 0x91, 0x00, 0x28, 0x26, 0x7F, 0x92, 0x20, 0xE0,
    0x36, 0x02, 0x03, 0x9F, 0x76, 0x81, 0x8F, 0xF7, 0xD7, 0xC4, 0x03, 0x64, 0x56, 0xAC, 0x7C, 0x2D,
    0xE1, 0x4B, 0x77, 0xAF, 0xC2, 0x48, 0x3C, 0x99, 0x4F, 0x44, 0xB2, 0xA0, 0xE6, 0xC1, 0x9A, 0x62,
    0x32, 0x68, 0x2D, 0x50, 0x9D, 0x02, 0x09, 0x24, 0xF9, 0xAA, 0x33, 0xAD, 0x2E, 0x31, 0x9D, 0x80,
    0x0A, 0x2E, 0xF1, 0xBE, 0xBE, 0x3E, 0x4D, 0x30, 0x2D, 0x62, 0x9F, 0x6B, 0xD4, 0xAF, 0xA0, 0xF5,
    0x25, 0x18, 0xF7, 0xD5, 0xC4, 0x35, 0xA0, 0xE2, 0x12, 0x3E, 0x9F, 0x4F, 0xFC, 0x52, 0x4B, 0xA6,
    0xC7, 0xA6, 0x1F, 0xA0, 0x8A, 0x68, 0xEF, 0x9A, 0x31, 0x77, 0xC2, 0x8C, 0x39, 0xF2, 0x57, 0x34,
    0xB9, 0x4A, 0x76, 0x09, 0x4F, 0xE4, 0xB0, 0xAE, 0x2C, 0x45, 0x30, 0x82, 0xA9, 0x8D, 0x88, 0x3D,
    0xD1, 0x42, 0x72, 0x24, 0x23, 0x30, 0x3C, 0x91, 0x5E, 0x40, 0x9F, 0xEB, 0xC0, 0x15, 0x9B, 0xB1,
    0x8B, 0x7E, 0x78, 0xC0, 0x5F, 0xBF, 0x6A, 0xD4, 0x05, 0x38, 0xB8, 0xD6, 0xB3, 0xA9, 0x8B, 0x44,
    0xD0, 0xD5, 0x06, 0x99, 0x54, 0x8B, 0x01, 0xC2, 0xBA, 0xC9, 0x7D, 0xE6, 0x89, 0xBA, 0x8B, 0x88,
    0x9C, 0xEA, 0xD7, 0x52, 0xF3, 0x52, 0x6A, 0x1D, 0x67, 0xEB, 0x44, 0xA3, 0x6A, 0x26, 0x27, 0x60,
    0x9A, 0xF6, 0x83, 0x32, 0xF8, 0xD3, 0x2F, 0x47, 0xFA, 0x95, 0x48, 0x51, 0xF6, 0x75, 0xFD, 0x84,
    0xCC, 0xA4, 0x60, 0x3D, 0x10, 0x81, 0x27, 0x5B, 0x8A, 0x45, 0x9D, 0x89, 0x5F, 0x17, 0x08, 0xEE,
    0xC2, 0xD9, 0x29, 0x83, 0x00, 0xFC, 0x24, 0x40, 0x2F, 0xE5, 0x9C, 0xF9, 0x08, 0x7F, 0x82, 0x95,
    0x2B, 0x0E, 0xDC, 0x4F, 0x0E, 0x5A, 0x45, 0xE3, 0x5E, 0x34, 0x2E, 0xC3, 0xCE, 0x48, 0x77, 0x5A,
    0x64, 0x4C, 0xB3, 0x3B, 0xD2, 0x9D, 0x82, 0x2D, 0x77, 0x52, 0xD6, 0x81, 0xFD, 0x8E, 0x7D, 0x51,
    0x3A, 0x5B, 0x4C, 0xA2, 0x04, 0x36, 0xA2, 0x4F, 0xC1, 0xB7, 0x05, 0x46, 0xD8, 0xC1, 0xE0, 0xF3,
    0x08, 0x87, 0xE1, 0x34, 0x74, 0xF8, 0x77, 0xD0, 0x79, 0x31, 0x7E, 0x31, 0x3E, 0xE8, 0x4C, 0xA0,
    0xF7, 0xBB, 0x5F, 0x8A, 0x63, 0xC4, 0x46, 0xAC, 0x50, 0xF3, 0x7F, 0xF7, 0xCB, 0x8C, 0xEA, 0xA8,
    0x76, 0x96, 0x19, 0xE9, 0x61, 0x54, 0x9C, 0x04, 0x34, 0xC5, 0xBB, 0xB2, 0x00, 0xBE, 0xA3, 0xA8,
    0xC9, 0x7C, 0x37, 0xB3, 0xC9, 0x3C, 0x97, 0x59, 0x8E, 0x38, 0x97, 0xF9, 0x54, 0x33, 0xFF, 0x2C,
    0xD5, 0x7A, 0x10, 0xDA, 0xE0, 0x41, 0xC4, 0x18, 0x35, 0x54, 0xFF, 0xE2, 0x57, 0xC8, 0xAB, 0xEA,
    0xC2, 0x3B, 0x75, 0xAB, 0xC2, 0x67, 0x9B, 0x41, 0x0D, 0xD3, 0x5D, 0x42, 0xAF, 0x3F, 0xD8, 0x68,
    0x23, 0xCD, 0xC5, 0xD5, 0x6D, 0xCE, 0x71, 0xF7, 0xC4, 0x64, 0xD8, 0x09, 0xDA, 0xA6, 0xB7, 0xD9,
    0x4E, 0xF6, 0x44, 0x78, 0x75, 0x75, 0x4D, 0x45, 0x82, 0x08, 0x03, 0x98, 0x79, 0x60, 0x84, 0x1A,
    0x07, 0xEB, 0x1D, 0xD2, 0xE0, 0x2F, 0x93, 0x9D, 0x9C, 0x73, 0xEB, 0x65, 0x65, 0x4D, 0x5D, 0x0D,
    0x55, 0x24, 0xEC, 0x9E, 0x3A, 0xA4, 0x60, 0xB6, 0x52, 0xE8, 0xB1, 0xAD, 0x16, 0x46, 0x6C, 0x1D,
    0x2F, 0x8C, 0x48, 0x9C, 0x2F, 0x41, 0xD3, 0xAF, 0xD4, 0x66, 0x60, 0xBE, 0xD7, 0x17, 0x8E, 0xBE,
    0x29, 0x7C, 0x38, 0xB2, 0x59, 0x91, 0x52, 0xE9, 0x30, 0xB5, 0x12, 0x69, 0x09, 0xDA, 0x9B, 0xA1,
    0x90, 0x23, 0x21, 0x0F, 0x26, 0x67, 0x33, 0x36, 0x81, 0x0E, 0x80, 0x1C, 0x23, 0xF9, 0x24, 0x71,
    0x02, 0x89, 0xA0, 0xF9, 0x46, 0x17, 0x33, 0x55, 0xD9, 0x00, 0x81, 0xC2, 0x02, 0x3F, 0xCE, 0x99,
    0xFC, 0x06, 0xBC, 0xF4, 0x04, 0xE4, 0x84, 0x2C, 0x7D, 0xEA, 0x18, 0x9F, 0x92, 0x0C, 0x59, 0x68,
    0xB8, 0x87, 0x84, 0x81, 0xE5, 0xD7, 0x15, 0x7F, 0xAC, 0x63, 0x20, 0x2E, 0xE0, 0x64, 0xE9, 0x53,
    0xBE, 0x78, 0xE3, 0x06, 0xD2, 0x1A, 0x32, 0x70, 0x7D, 0x9D, 0x1B, 0x37, 0x2A, 0x23, 0xB2, 0x41,
    0x71, 0x0C, 0xF0, 0xFB, 0xFA, 0xFA, 0x11, 0x30, 0x7D, 0xCE, 0xC3, 0xC0, 0x83, 0xB4, 0xAA, 0xCF,
    0x59, 0x93, 0x22, 0xD3, 0x27, 0xF2, 0x56, 0x5E, 0x5F, 0x60, 0x88, 0x4A, 0x9B, 0xC2, 0x43, 0x16,
    0x40, 0x9E, 0xE0, 0x1F, 0x90, 0x12, 0xE0, 0xBA, 0x3B, 0x87, 0x98, 0x43, 0xE1, 0x36, 0x99, 0x75,
    0x35, 0x20, 0x71, 0xC6, 0x09, 0xB5, 0x3A, 0x09, 0xCD, 0x1B, 0x51, 0x28, 0x02, 0xEA, 0xF9, 0xAF,
    0x83, 0x9F, 0xD4, 0x52, 0x43, 0xCC, 0x78, 0x28, 0x22, 0x27, 0x44, 0xCF, 0x42, 0x55, 0x22, 0x1E,
    0x12, 0x17, 0x54, 0xE9, 0x33, 0xE1, 0x07, 0x4F, 0xFE, 0x5F, 0xB8, 0x5B, 0x0A, 0x62, 0x9E, 0xF0,
    0xF2, 0x11, 0x48, 0x7A, 0x8D, 0x54, 0xFE, 0x0D, 0x1F, 0xA6, 0x24, 0xC8, 0x12, 0x66, 0x30, 0x2F,
    0x60, 0x23, 0x88, 0xA9, 0x85, 0x00, 0xA9, 0x6E, 0x31, 0xED, 0x84, 0x5B, 0xC1, 0xB9, 0xB4, 0xCF,
    0x22, 0xD2, 0x2F, 0x81, 0x62, 0xA0, 0x8B, 0x26, 0x4C, 0xD7, 0x9A, 0xCB, 0x69, 0x7E, 0xAE, 0x4D,
    0xEE, 0x1C, 0x42, 0xE9, 0x9C, 0x05, 0x57, 0x3E, 0x14, 0x70, 0xC6, 0x11, 0x73, 0x3F, 0x91, 0x10,
    0xD2, 0x1D, 0x3C, 0x0A, 0x65, 0x48, 0x0B, 0x9F, 0x4B, 0xBB, 0xFC, 0x64, 0x05, 0x17, 0xA0, 0x74,
    0xE6, 0x7B, 0x1B, 0x28, 0x5E, 0x3D, 0x09, 0x9B, 0x31, 0x4F, 0x46, 0x9E, 0x6D, 0x9E, 0x88, 0xBC,
    0x79, 0xF3, 0x78, 0xE2, 0x75, 0xCD, 0xE3, 0xE9, 0x34, 0x37, 0xD9, 0xE5, 0x36, 0xBB, 0xDC, 0x68,
    0x97, 0x5B, 0x0D, 0x4F, 0x5F, 0x8D, 0xF9, 0xD1, 0x52, 0xEA, 0xF5, 0x51, 0x74, 0xB9, 0xE5, 0x2E,
    0x37, 0xDD, 0x6D, 0xA3, 0xED, 0x6E, 0x31, 0x67, 0xD3, 0x54, 0xA7, 0xB3, 0x2A, 0xC0, 0xC8, 0x91,
    0x8D, 0x44, 0x00, 0x41, 0x87, 0x72, 0x00, 0x86, 0xC7, 0x04, 0xBA, 0x94, 0xA9, 0xA8, 0xB1, 0xF9,
    0x71, 0x64, 0xBE, 0x77, 0x25, 0x16, 0x27, 0x2F, 0x25, 0x36, 0xA0, 0x71, 0x1E, 0xAC, 0x03, 0xBE,
    0x90, 0xCF, 0xB4, 0x16, 0x91, 0x1F, 0x00, 0xE0, 0x8C, 0x4B, 0x31, 0x10, 0x04, 0xF8, 0xC2, 0x60,
    0xEA, 0x66, 0x73, 0xED, 0x6E, 0xBB, 0xFD, 0xCC, 0xDB, 0xED, 0xB9, 0x23, 0x5C, 0xB3, 0x87, 0x00,
    0x89, 0xFC, 0x0D, 0x75, 0xC3, 0x78, 0x84, 0xE3, 0x51, 0xEE, 0x21, 0x07, 0xE9, 0xE5, 0xFC, 0x40,
    0xA5, 0x0C, 0x2E, 0x8E, 0x67, 0xDC, 0xFC, 0x18, 0xE4, 0xF5, 0xCA, 0xE5, 0xD8, 0x13, 0x88, 0xB2,
    0x9E, 0x65, 0xBC, 0x9B, 0x7A, 0x88, 0xB5, 0xB9, 0xE7, 0x19, 0x51, 0x31, 0x8D, 0x76, 0xBA, 0x68,
    0xA8, 0x2B, 0x2E, 0xA6, 0x5D, 0xE3, 0x72, 0x1C, 0x9E, 0xDA, 0x0C, 0xF0, 0x40, 0x11, 0x3F, 0x4F,
    0xF7, 0x68, 0x3B, 0xEB, 0xCE, 0xB5, 0xDF, 0x46, 0x83, 0xED, 0x6E, 0xDE, 0x9E, 0x83, 0xB3, 0x1A,
    0x97, 0x80, 0xAD, 0x0E, 0x84, 0xD7, 0x02, 0x2F, 0xE6, 0x07, 0x1A, 0x87, 0xF8, 0x16, 0xF8, 0x2A,
    0x7A, 0x98, 0xD0, 0x64, 0x3E, 0x80, 0x51, 0xB5, 0x38, 0x0C, 0x44, 0xAE, 0x83, 0x9E, 0x5C, 0x84,
    0xB2, 0x41, 0x70, 0x24, 0x22, 0x3F, 0xA6, 0xC6, 0xE6, 0xC9, 0x55, 0xBD, 0xC4, 0x37, 0xC1, 0xD1,
    0x8D, 0x18, 0x89, 0x11, 0x82, 0x0D, 0xC7, 0x6E, 0x7E, 0x9F, 0x22, 0xC5, 0x15, 0xBC, 0x68, 0xE3,
    0x84, 0x32, 0x28, 0xF8, 0x9C, 0xE2, 0x71, 0x24, 0xF9, 0xEE, 0xD4, 0xB1, 0x35, 0xD7, 0x3C, 0x97,
    0xEE, 0xD6, 0xF3, 0xA9, 0x6D, 0xBE, 0x9C, 0x60, 0x78, 0xC1, 0xFF, 0x70, 0xA9, 0x4C, 0xF6, 0x82,
    0x2D, 0x9D, 0xE0, 0xF5, 0x2F, 0x67, 0xA4, 0x8B, 0xE2, 0x4F, 0x41, 0xCF, 0x4F, 0x80, 0xA5, 0x3F,
    0x1B, 0x37, 0x7A, 0x3C, 0x19, 0x6A, 0x28, 0x4E, 0xC4, 0xFE, 0x0A, 0x72, 0xFE, 0x9A, 0x57, 0x3D,
    0xF2, 0x66, 0x0D, 0x6E, 0xEC, 0x5E, 0xF0, 0x60, 0xA2, 0xB7, 0xE0, 0x78, 0x4C, 0x8C, 0x6F, 0x54,
    0x72, 0xB1, 0x29, 0x1C, 0xA4, 0xAF, 0x1C, 0xBD, 0x59, 0xF9, 0x3D, 0x3C, 0x36, 0xF0, 0x70, 0xB3,
    0xBD, 0xDA, 0x27, 0x4E, 0xEE, 0xD4, 0x7A, 0x90, 0xB9, 0x36, 0x21, 0x02, 0xA3, 0xF6, 0xFD, 0x1C,
    0x40, 0x81, 0x11, 0x67, 0xA1, 0xDC, 0x3A, 0xBF, 0x45, 0xF3, 0x2E, 0xC0, 0xB3, 0xBB, 0x24, 0x62,
    0x36, 0x55, 0x4E, 0x8E, 0x2D, 0x8C, 0x82, 0x08, 0x72, 0x82, 0x45, 0x00, 0xAC, 0x31, 0x3C, 0x57,
    0x91, 0x38, 0x7C, 0x16, 0x23, 0x49, 0x8E, 0xA4, 0xDD, 0x73, 0xD2, 0x4A, 0x7D, 0xC9, 0x7B, 0x43,
    0x2A, 0x3D, 0xB5, 0xE4, 0x28, 0xAB, 0xC7, 0xE6, 0x2B, 0x30, 0xA8, 0x40, 0xDF, 0x64, 0x3A, 0xA4,
    0x96, 0x3C, 0x1B, 0x87, 0x10, 0xCC, 0xCC, 0x25, 0xE4, 0xA1, 0x97, 0x71, 0xD3, 0x31, 0xE7, 0xA1,
    0x1B, 0xFA, 0xEE, 0x32, 0xFC, 0x8A, 0xCC, 0x93, 0xA4, 0x1C, 0xDB, 0xBB, 0x51, 0xE5, 0x2D, 0xC9,
    0x02, 0xCC, 0x26, 0x96, 0x58, 0x37, 0x65, 0x36, 0xE9, 0x53, 0x8F, 0x61, 0x19, 0x69, 0xB5, 0x08,
    0x78, 0x51, 0xC6, 0x36, 0x23, 0xE4, 0xC2, 0x64, 0x19, 0x71, 0xC1, 0xFF, 0x8E, 0xFF, 0x8A, 0x97,
    0x0F, 0x6C, 0x5E, 0xE1, 0xC3, 0x25, 0xCA, 0x6D, 0xF6, 0x53, 0x9F, 0x00, 0xD8, 0xF6, 0x8F, 0x4A,
    0x42, 0x6E, 0x29, 0x30, 0xFA, 0x76, 0x40, 0x1C, 0xDE, 0xED, 0x86, 0x63, 0xD8, 0xCD, 0xE8, 0x7A,
    0xB2, 0x34, 0x8B, 0xE6, 0x5F, 0x13, 0xBD, 0x98, 0x72, 0x62, 0xD8, 0x17, 0x14, 0x64, 0x3A, 0x71,
    0x01, 0xF7, 0xB8, 0x99, 0x16, 0xC0, 0xDA, 0x63, 0xB9, 0xCB, 0xCB, 0x2A, 0x05, 0x9A, 0x66, 0x9A,
    0x6D, 0x06, 0x28, 0xCD, 0x15, 0xE2, 0x25, 0xE1, 0x9A, 0xC0, 0xBA, 0x61, 0x9D, 0x98, 0x11, 0x8D,
    0xA7, 0x2E, 0x50, 0x25, 0xF1, 0x51, 0x65, 0x7D, 0x9A, 0xCC, 0xCE, 0xFA, 0x92, 0x88, 0xC8, 0xE9,
    0x02, 0x1D, 0x42, 0x23, 0xFC, 0x50, 0xAB, 0x12, 0xAA, 0xD8, 0x74, 0xEC, 0x3F, 0xB3, 0xA2, 0x1E,
    0x99, 0x71, 0xC9, 0x6B, 0x6C, 0xE0, 0x8D, 0x43, 0x0D, 0x81, 0xD8, 0x00, 0xB2, 0xC8, 0xDE, 0xEC,
    0x07, 0x70, 0x59, 0x92, 0x11, 0x56, 0x0C, 0xF2, 0xC7, 0x03, 0xCD, 0x73, 0x68, 0x12, 0xBE, 0x30,
    0x0A, 0x7F, 0xD5, 0xAC, 0x8E, 0x8C, 0xBF, 0xC4, 0x5B, 0x3D, 0xB4, 0x81, 0x41, 0x65, 0x37, 0x3A,
    0x3A, 0xB8, 0x8F, 0xF8, 0x01, 0x0D, 0x66, 0x0E, 0x26, 0xC6, 0x86, 0x1E, 0xFB, 0xDB, 0x60, 0x90,
    0x8E, 0xD3, 0x3F, 0x72, 0x01, 0xC3, 0x53, 0x2E, 0x28, 0x6F, 0xA2, 0x4E, 0x78, 0xA7, 0xFD, 0x1B,
    0x6D, 0x03, 0x74, 0x13, 0x4F, 0x11, 0xF2, 0x03, 0x15, 0xBC, 0x1A, 0xCD, 0x45, 0x5E, 0xF0, 0xF2,
    0x7A, 0x41, 0xB9, 0x92, 0x85, 0x94, 0x83, 0xCC, 0x51, 0x8E, 0x28, 0xF4, 0x5F, 0xD5, 0x4A, 0x62,
    0xB2, 0x49, 0xAB, 0xF5, 0x89, 0x01, 0xB0, 0x33, 0x11, 0xC2, 0x34, 0xDE, 0x41, 0xC1, 0x34, 0x91,
    0x9E, 0xF8, 0xE7, 0xD1, 0x98, 0xB0, 0x85, 0x6B, 0xDC, 0xF6, 0x0B, 0x0A, 0x8F, 0x84, 0x59, 0x82,
    0xDD, 0x20, 0x1F, 0xE3, 0x35, 0x22, 0x0C, 0x2E, 0x9C, 0xC2, 0x56, 0xD6, 0x50, 0xA8, 0xD9, 0xA0,
    0xB0, 0x5E, 0x2E, 0x6C, 0x1E, 0x85, 0x9A, 0xB4, 0x6A, 0x30, 0x65, 0x83, 0x3F, 0x9B, 0x83, 0xC2,
    0xEF, 0xFF, 0x5B, 0xD0, 0x7C, 0xFA, 0x66, 0x82, 0x2C, 0xF0, 0x19, 0x75, 0xBD, 0xF8, 0x1B, 0x14,
    0x07, 0x1B, 0x4A, 0xF3, 0x30, 0x31, 0x97, 0xCE, 0xAE, 0x22, 0xA5, 0x17, 0x5F, 0xE5, 0xB6, 0x5C,
    0x23, 0x0B, 0xC7, 0x96, 0x6C, 0x42, 0xB9, 0x52, 0x65, 0xC7, 0x0D, 0xF1, 0x1C, 0xAC, 0x96, 0x0E,
    0x44, 0x5D, 0x85, 0x05, 0x1A, 0xEC, 0xF8, 0x51, 0x93, 0x6A, 0x8D, 0x04, 0xA1, 0xD4, 0x94, 0x48,
    0x2A, 0xC9, 0xD2, 0x50, 0xD8, 0x9C, 0x56, 0xE9, 0x58, 0xA4, 0xDC, 0x06, 0x3F, 0xC2, 0xD0, 0xC5,
    0xF4, 0xBD, 0x1F, 0x3E, 0xFD, 0x43, 0x32, 0x13, 0x36, 0x42, 0x6D, 0x83, 0x0C, 0x85, 0x1E, 0x6B,
    0x06, 0xE7, 0xF7, 0xFA, 0xE5, 0xAD, 0x45, 0xDE, 0x23, 0x38, 0x5C, 0xF6, 0xDF, 0x5A, 0x7C, 0x8C,
    0xE6, 0xDA, 0x4F, 0x3F, 0x46, 0xED, 0xB9, 0xEF, 0x3D, 0x3F, 0x41, 0xFE, 0xF5, 0x9F, 0x57, 0xCF,
    0xCF, 0x34, 0xB0, 0x45, 0xF4, 0xF7, 0xD1, 0x70, 0x74, 0x31, 0x3B, 0xA0, 0x2E, 0x53, 0x6F, 0x93,
    0xFA, 0xEF, 0xBC, 0xFF, 0xC4, 0x2C, 0x7A, 0xD7, 0x9F, 0xCF, 0x70, 0x17, 0x07, 0x98, 0x81, 0x6F,
    0x3F, 0xBF, 0xFB, 0x57, 0x75, 0x58, 0x83, 0xB6, 0x55, 0xC3, 0x94, 0xFC, 0xE5, 0x4F, 0x64, 0x2B,
    0x07, 0x65, 0x8B, 0x6A, 0x43, 0xD5, 0x9B, 0xF5, 0x3A, 0x2E, 0xA2, 0xDF, 0x96, 0x66, 0x72, 0x80,
    0xF9, 0xDE, 0x0F, 0xE4, 0x8A, 0xD8, 0x53, 0x8D, 0x39, 0xED, 0xFC, 0xF3, 0x24, 0xD8, 0x1A, 0x28,
    0x27, 0x63, 0xBA, 0xE7, 0x5F, 0xC4, 0x3B, 0x23, 0x0A, 0xA2, 0x45, 0x32, 0x49, 0xFF, 0x21, 0xEB,
    0xFF, 0x43, 0x94, 0xB2, 0x7E, 0xFA, 0xAD, 0x91, 0x37, 0x19, 0x11, 0x5A, 0xD2, 0x3F, 0xC5, 0xE4,
    0xF0, 0x84, 0x70, 0xC6, 0x0E, 0xF0, 0x62, 0x16, 0xE0, 0xF2, 0xEE, 0x94, 0xCB, 0xFC, 0xCF, 0xE5,
    0xE5, 0x3E, 0x57, 0x03, 0xC2, 0xB9, 0xC6, 0x2F, 0x51, 0x00, 0xC0, 0x40, 0x3A, 0xC1, 0x90, 0x5C,
    0x8F, 0x0B, 0xD8, 0x16, 0xF9, 0x19, 0x17, 0x89, 0xF1, 0x21, 0x08, 0x0A, 0xB0, 0xC1, 0x77, 0x0C,
    0xE9, 0x0B, 0xEE, 0x68, 0x31, 0xAC, 0x68, 0xC0, 0x41, 0x50, 0x4A, 0xE2, 0x7C, 0x8A, 0x79, 0x46,
    0xA7, 0x5B, 0xCC, 0x81, 0x16, 0x41, 0x0F, 0x0A, 0xEA, 0xC2, 0x04, 0xBB, 0x30, 0xF0, 0xAE, 0xD5,
    0xA5, 0xAE, 0xDB, 0xA6, 0xB0, 0xE8, 0x22, 0xA1, 0x83, 0x02, 0x0E, 0xFA, 0x51, 0x3F, 0xED, 0x4B,
    0xD2, 0xA3, 0xE1, 0x26, 0x7D, 0x90, 0xD5, 0x4E, 0x05, 0x53, 0xEC, 0x34, 0xCC, 0x0D, 0x20, 0x78,
    0x23, 0x5E, 0x03, 0xE6, 0x21, 0x78, 0xE6, 0xE2, 0x25, 0x10, 0xE9, 0x2E, 0x73, 0xE9, 0x9F, 0x14,
    0xCC, 0xAB, 0xEB, 0xA0, 0xE1, 0xDB, 0x2B, 0xAF, 0x33, 0x6D, 0x43, 0x89, 0xF7, 0x03, 0xC1, 0x7B,
    0x30, 0x85, 0x8B, 0x85, 0xE5, 0x48, 0xA9, 0x33, 0xAB, 0x8E, 0x87, 0x8B, 0xBE, 0xC9, 0x60, 0xD1,
    0xF7, 0x8F, 0x52, 0xCF, 0x6F, 0x16, 0x7D, 0x03, 0x4F, 0xDB, 0xB6, 0xA1, 0x31, 0xFD, 0x38, 0x85,
    0x75, 0xD4, 0xDF, 0x4C, 0xFA, 0x80, 0x0A, 0x88, 0x9A, 0x86, 0xDF, 0x4A, 0x7B, 0x76, 0xDA, 0x5F,
    0x49, 0xFA, 0xA0, 0x6D, 0x75, 0x14, 0x2A, 0x71, 0x28, 0x8D, 0x3E, 0x6C, 0x96, 0x12, 0x90, 0x22,
    0x68, 0xBC, 0xC9, 0x37, 0x7B, 0x11, 0x15, 0xB2, 0xEC, 0xBD, 0xB9, 0xC8, 0x40, 0xC2, 0x32, 0xB3,
    0xC2, 0xCE, 0x09, 0x19, 0x55, 0xB8, 0x43, 0xA6, 0x3A, 0x6B, 0x08, 0x99, 0x2C, 0x01, 0x35, 0xD2,
    0xAF, 0x1D, 0xC8, 0xCA, 0x87, 0x34, 0xFA, 0xA6, 0x91, 0x99, 0x16, 0xC8, 0x42, 0xC4, 0x22, 0xEB,
    0x96, 0xAB, 0x6F, 0x72, 0x34, 0x06, 0x4D, 0xDD, 0x63, 0xEF, 0xD3, 0x7F, 0x93, 0x64, 0x87, 0x73,
    0x04, 0x31, 0xB0, 0xA6, 0xAD, 0x65, 0x78, 0x96, 0x4A, 0x56, 0x91, 0xD2, 0x59, 0x07, 0xD9, 0xDF,
    0x78, 0x27, 0xFB, 0xF9, 0x70, 0xBD, 0x4D, 0x6F, 0x96, 0x13, 0x52, 0x7E, 0x7C, 0x23, 0xD6, 0x40,
    0xEF, 0x6A, 0x07, 0x59, 0xDE, 0x32, 0xAD, 0x4D, 0xAE, 0xDA, 0x0A, 0x70, 0x4E, 0xBC, 0x94, 0x59,
    0x64, 0xBC, 0x9F, 0x79, 0xA4, 0x7D, 0xCE, 0x60, 0x7B, 0x07, 0xFC, 0x96, 0x3C, 0x5E, 0xE1, 0xEE,
    0xB1, 0xA5, 0xDC, 0x41, 0x78, 0x93, 0x3F, 0xC8, 0x4B, 0x70, 0xB1, 0xFD, 0x1A, 0xDF, 0x56, 0x84,
    0x4A, 0xA6, 0xDF, 0x6B, 0xE9, 0xB5, 0x3B, 0x41, 0x8B, 0x13, 0x0E, 0x52, 0x19, 0x11, 0x69, 0x09,
    0xB8, 0x03, 0x00, 0x9C, 0x89, 0x52, 0x99, 0xC9, 0xCD, 0x59, 0x74, 0xAE, 0xCA, 0x18, 0xCF, 0x0B,
    0xE0, 0x0E, 0x7E, 0xE5, 0xEB, 0x72, 0xCC, 0xBF, 0x21, 0x03, 0xC2, 0x8E, 0x62, 0xFD, 0x01, 0x76,
    0x7B, 0x9E, 0x06, 0x22, 0x13, 0xFD, 0x1D, 0xC0, 0x94, 0x93, 0xB5, 0xBD, 0x97, 0xEC, 0xD0, 0x93,
    0xA7, 0x49, 0x69, 0x93, 0x96, 0xB3, 0x8F, 0xCB, 0x9D, 0x1A, 0x25, 0x6F, 0x76, 0x6A, 0x78, 0x47,
    0x06, 0x73, 0xE2, 0xF1, 0xF8, 0xF3, 0xCE, 0x14, 0x54, 0xBE, 0xB7, 0x06, 0xBB, 0x35, 0xFA, 0x2D,
    0x07, 0xE9, 0x04, 0x66, 0x88, 0xC3, 0x80, 0xB9, 0x4D, 0x79, 0x2D, 0x07, 0x03, 0x2E, 0xA2, 0xD0,
    0x86, 0x1F, 0xF1, 0x2C, 0xA0, 0x0C, 0x7D, 0xE4, 0x14, 0x41, 0x68, 0x94, 0xA1, 0x56, 0x8E, 0xA5,
    0xE3, 0xDF, 0x3D, 0x42, 0x17, 0xBC, 0xDF, 0xC9, 0xBD, 0x7F, 0x80, 0x91, 0x47, 0x9E, 0xCF, 0x49,
    0x25, 0x9A, 0x63, 0xC1, 0x1B, 0x7C, 0xC4, 0x97, 0xF8, 0x09, 0x17, 0x50, 0xC9, 0xD5, 0x9E, 0x4A,
    0xD8, 0xAA, 0xEB, 0xB1, 0x6A, 0xF1, 0xBE, 0x0E, 0xC2, 0x9B, 0x71, 0xA8, 0x65, 0x53, 0xCE, 0x21,
    0xB2, 0x56, 0x11, 0x82, 0x53, 0xF0, 0x92, 0x2F, 0x72, 0xE9, 0xE7, 0xE2, 0x0D, 0x66, 0x22, 0x70,
    0x54, 0x8C, 0x97, 0x78, 0x35, 0x6E, 0xBE, 0x3B, 0x97, 0xCB, 0xAD, 0x47, 0x8E, 0x78, 0x22, 0xB0,
    0xD8, 0x3B, 0x01, 0xBF, 0x8D, 0x19, 0x0A, 0x67, 0x51, 0x1C, 0x2B, 0xC4, 0xF1, 0x54, 0x9C, 0x8C,
    0xC4, 0x8A, 0x23, 0x90, 0x1F, 0x83, 0x0B, 0xE0, 0xFD, 0xB3, 0xA9, 0xF8, 0x7E, 0x2E, 0x9C, 0xB2,
    0x03, 0x8B, 0xA9, 0x53, 0x10, 0xC9, 0xD4, 0x76, 0x38, 0x40, 0x6B, 0x9F, 0xE7, 0x72, 0x77, 0x82,
    0xD1, 0x49, 0x83, 0xA9, 0xC8, 0xF7, 0xFC, 0x1D, 0xFF, 0x86, 0x78, 0x05, 0x2E, 0x83, 0x5C, 0xC2,
    0x48, 0x5A, 0x0B, 0x13, 0x0E, 0xEE, 0x81, 0x9D, 0x86, 0xA4, 0x7E, 0x9E, 0x11, 0xB2, 0x5B, 0xE2,
    0xBC, 0x4A, 0xE5, 0x9D, 0xD2, 0x2F, 0xF0, 0x39, 0xE5, 0x25, 0x0C, 0x1B, 0x6A, 0x46, 0xCD, 0x2E,
    0x86, 0xBD, 0x5D, 0x5B, 0x3E, 0xE7, 0x08, 0x52, 0x77, 0xFC, 0xB6, 0x08, 0xCD, 0xBD, 0x66, 0xE5,
    0x67, 0x9B, 0xF2, 0x92, 0x00, 0x40, 0x61, 0xA4, 0xBD, 0x53, 0x29, 0x71, 0xEE, 0xD3, 0xBF, 0x98,
    0x8E, 0x7D, 0x8F, 0xE1, 0x93, 0x9C, 0x76, 0x9C, 0x8D, 0x4F, 0x39, 0x47, 0x68, 0x76, 0x1D, 0x75,
    0x16, 0x83, 0xBA, 0xF7, 0xEA, 0xC3, 0x48, 0xA7, 0x95, 0x96, 0x83, 0xFA, 0xE2, 0x46, 0xEF, 0xD7,
    0x66, 0xA3, 0xB3, 0x9D, 0x0B, 0x9C, 0x3A, 0x14, 0x83, 0x82, 0x49, 0xE6, 0xB6, 0xA2, 0x7A, 0x53,
    0x66, 0xBA, 0x31, 0x17, 0x88, 0xFA, 0x85, 0x5E, 0xF0, 0x0F, 0xB2, 0x08, 0xB9, 0x70, 0x65, 0x31,
    0x44, 0x77, 0x45, 0x86, 0x90, 0x8C, 0x1A, 0x1E, 0xAF, 0x74, 0x80, 0x06, 0x0E, 0x9A, 0x4E, 0xA4,
    0xC2, 0xFD, 0x07, 0x5A, 0x73, 0xCE, 0x0B, 0xB8, 0xBC, 0x9B, 0xE3, 0x73, 0x01, 0xED, 0xB2, 0x0E,
    0x1C, 0x17, 0x55, 0xF0, 0x56, 0x01, 0x63, 0xFD, 0xAC, 0xA3, 0xF4, 0x98, 0x12, 0x03, 0x91, 0x6E,
    0x30, 0xCC, 0xBC, 0x40, 0x21, 0x62, 0x4A, 0x17, 0x44, 0xA0, 0x10, 0x27, 0x81, 0xED, 0xEC, 0xB4,
    0x66, 0x10, 0x9A, 0x27, 0x03, 0xDF, 0xDC, 0x20, 0xFB, 0x97, 0x15, 0xAE, 0xAD, 0x78, 0x1B, 0x19,
    0x3E, 0x70, 0x38, 0xC0, 0xE5, 0x20, 0xA7, 0xE2, 0x7F, 0xC8, 0xD6, 0x33, 0xDB, 0x2C, 0xE6, 0xAD,
    0xB9, 0xF9, 0xA3, 0x47, 0x6D, 0x31, 0x67, 0xBD, 0x5A, 0x98, 0xF5, 0x1D, 0xCE, 0xC3, 0x79, 0x43,
    0x15, 0x3C, 0x25, 0x13, 0x77, 0xF9, 0xA4, 0x46, 0x4F, 0xFA, 0xEC, 0x4E, 0x9E, 0xF2, 0xFE, 0x0F,
    0x24, 0x4F, 0x49, 0xE8, 0x0F, 0xD0, 0x13, 0xA2, 0x25, 0xC6, 0xBA, 0xD1, 0x02, 0x9C, 0xC9, 0x3B,
    0x9E, 0xDB, 0x79, 0xCA, 0x3B, 0xC1, 0x60, 0x0D, 0xEB, 0x99, 0x6D, 0x40, 0xB0, 0xF7, 0x7E, 0x5F,
    0xB9, 0x40, 0x68, 0xA5, 0x4E, 0x9A, 0xF0, 0xD0, 0xC8, 0x4C, 0x6B, 0xA1, 0x3F, 0xBE, 0x92, 0x32,
    0x2E, 0x78, 0x48, 0x88, 0x3E, 0x14, 0x35, 0x58, 0xE6, 0xF3, 0x02, 0x25, 0x18, 0x1F, 0x1C, 0xCC,
    0xBC, 0x9C, 0xE8, 0x9B, 0x40, 0xD8, 0x80, 0x13, 0xF0, 0xDE, 0xCE, 0x40, 0xB1, 0x48, 0x8B, 0xA1,
    0x92, 0x37, 0xCB, 0xA3, 0x48, 0xE4, 0xCC, 0xF7, 0x22, 0xE3, 0xE3, 0x6D, 0xC9, 0xC8, 0x36, 0x61,
    0x8C, 0xBE, 0x6F, 0xCD, 0x32, 0xB8, 0x66, 0x53, 0xD5, 0xDA, 0x3E, 0x6B, 0xB6, 0x78, 0x47, 0x29,
    0x19, 0xD5, 0x3C, 0xBE, 0xC9, 0x68, 0xEE, 0xB9, 0xC9, 0x58, 0x2E, 0xD8, 0x92, 0x0D, 0xD8, 0xE3,
    0x9B, 0x85, 0x52, 0x67, 0x68, 0x11, 0x84, 0x54, 0x5C, 0x49, 0x4C, 0xEE, 0x9B, 0x33, 0x58, 0xDC,
    0xAE, 0x03, 0xF3, 0x4A, 0x6C, 0x1F, 0xAF, 0x81, 0x92, 0x63, 0x53, 0x34, 0x7B, 0xB6, 0xB3, 0xC6,
    0xA7, 0x4D, 0x6E, 0xE5, 0x4D, 0x01, 0x32, 0xBF, 0xBF, 0xA2, 0x7C, 0xEE, 0x0E, 0x30, 0x8A, 0x77,
    0x67, 0x64, 0x01, 0x1E, 0xB2, 0xB3, 0x98, 0x69, 0x4D, 0xA0, 0xCE, 0x15, 0xF8, 0xD2, 0x0A, 0x3A,
    0x65, 0xDD, 0x4B, 0x79, 0x33, 0xBD, 0xD0, 0x9A, 0xDD, 0xC2, 0x71, 0xBD, 0xC0, 0xC3, 0x5C, 0xDC,
    0xE7, 0xC5, 0x8B, 0xEF, 0x48, 0x80, 0x69, 0xF2, 0xB5, 0xE1, 0xE5, 0xD5, 0x02, 0x71, 0xBC, 0x95,
    0xAA, 0x6D, 0xD3, 0x45, 0x20, 0x0E, 0xD2, 0xB7, 0x6D, 0x1A, 0x1E, 0xE6, 0x25, 0x29, 0xC4, 0xAD,
    0x6B, 0xC3, 0xCB, 0x78, 0x1D, 0x68, 0x37, 0xE2, 0x2C, 0xD3, 0x72, 0x21, 0x21, 0x9D, 0xE5, 0x29,
    0x96, 0xF2, 0xA9, 0xB0, 0x5F, 0x97, 0x76, 0x5D, 0x2A, 0x6F, 0x87, 0xF4, 0x94, 0x94, 0x83, 0x3C,
    0xD3, 0x68, 0x05, 0x15, 0xB3, 0xFC, 0x45, 0x5A, 0xFC, 0x34, 0xAD, 0xEE, 0xB2, 0x95, 0x1E, 0x46,
    0x88, 0xFE, 0xA9, 0x14, 0x2D, 0xDD, 0xB1, 0x11, 0xE9, 0xF5, 0x33, 0xBF, 0x2E, 0xFD, 0xD7, 0xAB,
    0xDD, 0x3B, 0xEC, 0x8B, 0x63, 0xB6, 0xD9, 0x7D, 0x1C, 0xC1, 0x7E, 0x8C, 0x4E, 0xED, 0x12, 0x52,
    0x7A, 0xCE, 0x20, 0x4B, 0xB6, 0x39, 0x47, 0xEE, 0xC1, 0x49, 0xC1, 0x09, 0x2C, 0xBA, 0x53, 0xB6,
    0x56, 0x1C, 0xDE, 0x89, 0x73, 0xE4, 0x32, 0x8E, 0x92, 0x0F, 0x31, 0x09, 0xFE, 0x07, 0xDE, 0xED,
    0xFF, 0x68, 0x05, 0x21, 0x86, 0x7D, 0x7E, 0xB4, 0x5A, 0xCB, 0x6B, 0xCC, 0xF8, 0x0A, 0x15, 0x6D,
    0x44, 0xCF, 0x84, 0x7A, 0x3C, 0x5F, 0x9E, 0x4A, 0x78, 0x93, 0x7C, 0xB2, 0xEA, 0xAC, 0xCA, 0x3B,
    0x3D, 0x64, 0x8C, 0x9C, 0x62, 0x19, 0x4D, 0xFE, 0xFA, 0x4D, 0x35, 0x3D, 0x4F, 0xBB, 0x8A, 0x07,
    0xE9, 0xC9, 0xD6, 0xF1, 0x28, 0xFC, 0xB0, 0x86, 0x10, 0xE1, 0x17, 0x22, 0x31, 0xA2, 0xED, 0x2F,
    0x33, 0xF6, 0x73, 0xF0, 0x05, 0xF3, 0x38, 0xEC, 0x92, 0xF9, 0x3A, 0x35, 0x9B, 0x0C, 0x07, 0x19,
    0xF2, 0xBE, 0x89, 0xE3, 0x2F, 0xB4, 0xCC, 0x0B, 0x3C, 0xF3, 0xCC, 0x4E, 0xAD, 0xA2, 0x61, 0xB5,
    0x0F, 0xBB, 0xAB, 0x79, 0x04, 0x20, 0xE0, 0x29, 0xC5, 0xBD, 0x29, 0x0F, 0xA0, 0x82, 0xE3, 0x92,
    0xA7, 0x0C, 0xA3, 0x1D, 0x2F, 0xDA, 0x35, 0xDA, 0xAC, 0x39, 0xF9, 0x72, 0x65, 0x50, 0x6E, 0xAF,
    0xCF, 0xAE, 0x72, 0xB6, 0x1A, 0x1A, 0x29, 0xD3, 0x1E, 0x5F, 0xF2, 0x13, 0xE4, 0x05, 0x75, 0xDC,
    0x3B, 0x0D, 0x5A, 0xCE, 0xE9, 0x7A, 0xD8, 0x20, 0x27, 0x52, 0x10, 0xB8, 0x02, 0xBA, 0x74, 0x86,
    0xA8, 0xD3, 0x19, 0x1E, 0x31, 0xC3, 0x20, 0x08, 0xA9, 0xDA, 0x50, 0x13, 0x24, 0xC8, 0xAC, 0x31,
    0x52, 0xAC, 0x48, 0x38, 0x22, 0x12, 0xAF, 0xD5, 0x8E, 0x28, 0x2B, 0x5E, 0x00, 0x6F, 0xE6, 0x37,
    0x6F, 0x16, 0x3B, 0xB4, 0x54, 0x69, 0x2D, 0xCA, 0x25, 0x58, 0x56, 0x3D, 0x86, 0x46, 0x85, 0x3C,
    0x6F, 0x25, 0xCF, 0x5C, 0x01, 0xDA, 0x56, 0x1C, 0x30, 0x1B, 0xAA, 0xE3, 0x52, 0x52, 0x35, 0x99,
    0xBE, 0xB0, 0xCF, 0xC9, 0x75, 0xB2, 0x9D, 0xC7, 0xBC, 0xBE, 0xE6, 0xC0, 0x0B, 0x3B, 0x52, 0x39,
    0x60, 0xDA, 0x1D, 0x87, 0x1F, 0x56, 0x4D, 0x1B, 0x41, 0x88, 0x47, 0xA0, 0x40, 0x80, 0x1F, 0x7D,
    0xC3, 0xC1, 0x5D, 0xAE, 0x11, 0x82, 0x11, 0xC1, 0xD3, 0x95, 0x37, 0xE9, 0x21, 0x29, 0x0D, 0x9B,
    0xDA, 0x00, 0x35, 0x74, 0x60, 0xAD, 0x11, 0x3F, 0x20, 0xA5, 0x71, 0x9A, 0x95, 0x1B, 0x9B, 0x9A,
    0xD3, 0x79, 0x63, 0x00, 0x23, 0xA5, 0xA4, 0xB2, 0x01, 0x98, 0xC9, 0xD7, 0x24, 0x04, 0x4C, 0x94,
    0x64, 0x36, 0x12, 0x8D, 0x64, 0x0B, 0x6C, 0xA4, 0x00, 0xCD, 0x18, 0x6C, 0xAE, 0xC9, 0x07, 0xB4,
    0xA5, 0x8C, 0x0E, 0xC0, 0x1D, 0x91, 0x07, 0x8F, 0x88, 0x4F, 0x1E, 0x11, 0x1F, 0x3D, 0xE2, 0x84,
    0x14, 0xF6, 0x93, 0x9A, 0x5D, 0xE2, 0xD3, 0x47, 0xD4, 0xCE, 0x8E, 0xB6, 0x89, 0xCF, 0x1F, 0x11,
    0x1F, 0x40, 0x22, 0x3E, 0x81, 0x44, 0x7C, 0x04, 0x89, 0x5C, 0x91, 0x7A, 0x0B, 0xAE, 0x99, 0xF8,
    0xA9, 0x6B, 0xC4, 0x3E, 0x67, 0xC1, 0x1C, 0x59, 0x1A, 0x60, 0x67, 0x4E, 0x8D, 0xF0, 0xC3, 0x1B,
    0xD9, 0xC8, 0x44, 0x2D, 0xD0, 0x99, 0x08, 0x21, 0xA8, 0x9F, 0xF8, 0x09, 0xF5, 0xD2, 0xBB, 0x09,
    0x75, 0x33, 0x30, 0xC9, 0xEE, 0xCF, 0xAE, 0xA1, 0xF0, 0xAF, 0xA2, 0xB0, 0x2F, 0xA1, 0xB0, 0xCE,
    0xD7, 0xA0, 0x2A, 0xC7, 0x79, 0x35, 0xA5, 0x59, 0x82, 0x9A, 0x1B, 0x65, 0xC3, 0xCB, 0x5F, 0xEB,
    0xB5, 0x6A, 0xFC, 0x9F, 0xA4, 0x72, 0xEE, 0xC3, 0x31, 0xE6, 0x00, 0x3D, 0xF4, 0xA1, 0xBE, 0xC9,
    0x73, 0xAB, 0xFA, 0x47, 0x31, 0x13, 0xDC, 0x19, 0xA6, 0x2B, 0xA0, 0x25, 0xC6, 0x46, 0x3A, 0x7E,
    0x94, 0xC2, 0x1E, 0x1E, 0xA5, 0x30, 0x9B, 0xA3, 0x14, 0x8E, 0x43, 0xEA, 0x27, 0xA9, 0xD4, 0x66,
    0xAF, 0xE1, 0xE1, 0xDA, 0x55, 0x14, 0x32, 0x2E, 0x47, 0x90, 0x66, 0x1D, 0x77, 0xEF, 0x76, 0xA7,
    0x3A, 0x9D, 0x80, 0x01, 0x32, 0xE2, 0xAA, 0x22, 0x72, 0x19, 0x11, 0xBB, 0x5C, 0xE4, 0x30, 0x1A,
    0x10, 0xF2, 0x3A, 0x00, 0x4E, 0xD4, 0x81, 0xF1, 0x55, 0x9F, 0xE1, 0xB7, 0x22, 0xD9, 0x2A, 0x37,
    0xD9, 0x42, 0x9B, 0x36, 0x2F, 0x24, 0xA3, 0x50, 0xCE, 0x4C, 0xAE, 0xE2, 0xD7, 0x3E, 0x9C, 0x6E,
    0xA3, 0xC2, 0x85, 0x60, 0x03, 0x0E, 0x9D, 0xBA, 0xB5, 0x24, 0x57, 0xCE, 0x02, 0xFB, 0xC7, 0x5F,
    0x75, 0x1C, 0x9B, 0x6D, 0xD8, 0x36, 0x72, 0x15, 0xD7, 0x23, 0x41, 0x35, 0x73, 0x31, 0x58, 0xAC,
    0x9B, 0x33, 0x1D, 0x7B, 0x85, 0x6D, 0x0E, 0x30, 0x7B, 0xAF, 0x83, 0x84, 0x2C, 0xBB, 0x0F, 0x12,
    0x0E, 0xC7, 0x37, 0xE0, 0x45, 0x8C, 0xE1, 0xFE, 0xAA, 0xA5, 0x64, 0xC3, 0xFD, 0xD5, 0x75, 0xB9,
    0x6C, 0x75, 0x70, 0x40, 0x1F, 0xE1, 0x45, 0x6F, 0xAD, 0xA2, 0xE7, 0xE8, 0xEC, 0x8D, 0x9A, 0xBE,
    0xC3, 0x0B, 0x5A, 0xD2, 0xAE, 0x8C, 0xF8, 0x6C, 0x67, 0x23, 0x86, 0xFF, 0xC5, 0x3E, 0xFE, 0xCF,
    0xF3, 0xF2, 0x1F, 0x01, 0x6A, 0xE2, 0xBE, 0x63, 0xE0, 0x29, 0x95, 0x41, 0xB0, 0x42, 0x80, 0xB0,
    0x78, 0x0F, 0x40, 0x26, 0xA0, 0xAA, 0xAC, 0xBF, 0xCE, 0xE6, 0xF1, 0x46, 0xE3, 0x3D, 0x00, 0xBD,
    0xD9, 0x41, 0x46, 0xA1, 0x7C, 0x9E, 0x4A, 0xA5, 0x47, 0x6D, 0x0F, 0x73, 0xF8, 0x4A, 0x64, 0xBC,
    0x12, 0xEC, 0xB7, 0x6D, 0xB9, 0xB6, 0x65, 0xF2, 0xF5, 0xCD, 0x4D, 0xF4, 0x8D, 0x45, 0x1A, 0xE9,
    0x02, 0x73, 0x73, 0xC3, 0x82, 0x1E, 0xFE, 0xFC, 0x0C, 0xFA, 0x88, 0x1E, 0xCA, 0x4E, 0xD2, 0x03,
    0x9D, 0xDF, 0x3C, 0x70, 0x80, 0x84, 0x60, 0xE1, 0x1B, 0xF7, 0x71, 0x08, 0x67, 0xB6, 0xB3, 0x2A,
    0xCF, 0x7F, 0x27, 0x3C, 0xEA, 0x3D, 0x4E, 0xED, 0xF5, 0xCA, 0xE1, 0x0D, 0x1F, 0x3D, 0xE5, 0xB0,
    0xAD, 0x64, 0x2F, 0xF0, 0xB1, 0xD9, 0xC4, 0x97, 0x95, 0x83, 0xE3, 0x0F, 0x2E, 0x16, 0xBC, 0xED,
    0x06, 0xF6, 0xA0, 0xDF, 0x61, 0x63, 0x52, 0x56, 0x06, 0x03, 0xCE, 0x82, 0xEB, 0x01, 0x37, 0xB0,
    0x39, 0x10, 0x05, 0xA4, 0x54, 0x6C, 0x50, 0xBC, 0x51, 0xFD, 0xB0, 0x07, 0x42, 0x27, 0x5A, 0x4C,
    0x25, 0x26, 0x5A, 0xCE, 0x9E, 0xFB, 0xC3, 0x0C, 0x0A, 0xDA, 0x27, 0x89, 0x54, 0x7A, 0x84, 0xA3,
    0xAC, 0x3C, 0xF6, 0xAF, 0x06, 0xE6, 0x89, 0x60, 0x3F, 0x67, 0x94, 0xB6, 0x90, 0x68, 0xB0, 0x1B,
    0x34, 0xDC, 0x49, 0xBA, 0x0B, 0xB4, 0x71, 0x6C, 0xA7, 0x87, 0x71, 0x45, 0x66, 0x27, 0x77, 0x90,
    0x86, 0xCA, 0xBB, 0x4B, 0x3E, 0xFF, 0xFA, 0x61, 0xBD, 0x7D, 0x27, 0x09, 0x18, 0x7E, 0x29, 0x82,
    0x0C, 0x77, 0x95, 0xE4, 0xE1, 0xA1, 0x63, 0xDB, 0x0E, 0x88, 0x8D, 0x1F, 0x1E, 0xFA, 0xFF, 0xDE,
    0xB5, 0x6A, 0x06, 0xF4, 0x1E, 0xCF, 0xF6, 0x30, 0xED, 0xED, 0x7C, 0xB6, 0xBD, 0xDA, 0xC6, 0x24,
    0x9C, 0x74, 0x20, 0x63, 0x0E, 0xB0, 0xAF, 0xE3, 0x7F, 0x70, 0x80, 0xF9, 0xA3, 0x74, 0x54, 0x86,
    0xB1, 0xFD, 0x9C, 0x7D, 0x51, 0x60, 0xA3, 0xBC, 0x12, 0xC3, 0xFF, 0x1F, 0xE5, 0xFC, 0x2A, 0xEE,
    0xC7, 0xB3, 0xC2, 0xD2, 0x1F, 0xF8, 0xF0, 0x14, 0xC0, 0x50, 0xBB, 0x1A, 0x4B, 0x6D, 0x22, 0xEE,
    0x23, 0x1C, 0xA2, 0x75, 0x1C, 0x58, 0x7F, 0xE3, 0x00, 0x0F, 0xDC, 0x0F, 0xDE, 0x4B, 0x9C, 0x47,
    0xD0, 0xE7, 0x48, 0xF7, 0xE7, 0x8F, 0x36, 0x18, 0xB4, 0xBE, 0x86, 0xC6, 0xF4, 0x2B, 0xC1, 0xC4,
    0xC4, 0x20, 0xCF, 0xF6, 0x54, 0x99, 0x67, 0x3F, 0xCB, 0xDB, 0x89, 0xC6, 0x7B, 0x81, 0xB6, 0x89,
    0xE4, 0x92, 0x94, 0x6A, 0xB8, 0xA9, 0x9C, 0x11, 0x78, 0x8C, 0x1F, 0xF1, 0xD9, 0x9C, 0xF1, 0x98,
    0xBC, 0xFF, 0xC3, 0xB5, 0x40, 0xDE, 0x11, 0xEE, 0xED, 0x79, 0xE6, 0x4B, 0xAE, 0x18, 0xC7, 0x5F,
    0x73, 0xDE, 0xDF, 0x5F, 0x20, 0x3F, 0x63, 0x51, 0xC6, 0x64, 0x66, 0xB1, 0x5F, 0xF5, 0xCB, 0x90,
    0xB6, 0x5E, 0xFD, 0xB4, 0x9F, 0xAA, 0xF2, 0xA5, 0xAC, 0xD1, 0x41, 0x64, 0x2C, 0xDD, 0x36, 0x51,
    0xBB, 0x3D, 0x40, 0x9F, 0x87, 0x3B, 0x15, 0x2B, 0x6F, 0xCE, 0x10, 0x4B, 0xD2, 0x6C, 0x70, 0xEC,
    0x62, 0xFF, 0x87, 0xC1, 0xF6, 0x5E, 0x54, 0xFF, 0x80, 0x8F, 0x27, 0x89, 0xE1, 0x92, 0xEA, 0x64,
    0x49, 0x46, 0xCE, 0x5E, 0xF2, 0x75, 0x6B, 0xEC, 0xF2, 0xB8, 0x28, 0xE7, 0x0F, 0x19, 0x19, 0x10,
    0x79, 0x6E, 0xAA, 0x59, 0x0B, 0xE9, 0x49, 0x5C, 0x93, 0x07, 0xAE, 0x6F, 0x8F, 0xAD, 0x85, 0xF4,
    0x07, 0x6B, 0x21, 0x60, 0x9B, 0xC6, 0xD5, 0x0C, 0xD7, 0x94, 0x8E, 0x4D, 0xFD, 0xB8, 0xC7, 0xC7,
    0x34, 0x24, 0x49, 0x65, 0x5D, 0x81, 0xF2, 0xD6, 0xE6, 0x99, 0xFB, 0x1C, 0xF6, 0xAB, 0xE5, 0x61,
    0x3F, 0xBD, 0xEA, 0xE1, 0x73, 0xC3, 0x97, 0x95, 0x90, 0x54, 0x8C, 0xCE, 0xC2, 0xBD, 0xDA, 0x96,
    0xDB, 0xC6, 0x92, 0xDF, 0x55, 0xF4, 0xBB, 0xF5, 0x07, 0x63, 0x6D, 0x37, 0x87, 0xBD, 0xD1, 0xB6,
    0x33, 0xDE, 0xCE, 0xE1, 0xBA, 0x09, 0x64, 0xA9, 0x6C, 0x27, 0x02, 0xC5, 0xEB, 0xA9, 0xF9, 0xFF,
    0x01, 0xAD, 0x58, 0x31, 0x6F, 0x1C, 0x45, 0x14, 0xFE, 0x66, 0x37, 0xE7, 0x8D, 0xB2, 0xC5, 0x5C,
    0x71, 0x96, 0xC0, 0x08, 0xAF, 0x0B, 0x17, 0xB1, 0x95, 0xD8, 0x4D, 0x0A, 0x0A, 0xC7, 0xBB, 0xD0,
    0x50, 0x81, 0x2C, 0xE5, 0x80, 0xD6, 0x85, 0x0B, 0x07, 0x21, 0xD1, 0x50, 0x50, 0xE0, 0xBB, 0x85,
    0x94, 0x34, 0x26, 0xF0, 0x03, 0x5C, 0xB8, 0x20, 0x46, 0x4A, 0x9A, 0x20, 0x05, 0xC9, 0x97, 0xDB,
    0x54, 0x14, 0x29, 0xD8, 0x48, 0x44, 0x29, 0x28, 0x38, 0x45, 0x08, 0xA4, 0xB8, 0xF0, 0x92, 0x5C,
    0x92, 0x4B, 0xB2, 0xE7, 0xE1, 0x9B, 0xB9, 0xF5, 0x61, 0x9B, 0x13, 0xBE, 0xBD, 0xF5, 0xDE, 0x3C,
    0xEB, 0xCE, 0xB7, 0x3B, 0xDF, 0x37, 0x6F, 0xDE, 0xF7, 0xDE, 0x9B, 0xC3, 0x6C, 0x00, 0x34, 0x43,
    0x40, 0x45, 0x10, 0xCF, 0x63, 0x58, 0x4F, 0x12, 0xD8, 0x8F, 0x13, 0x38, 0xF7, 0x3A, 0x70, 0xA3,
    0x14, 0xF2, 0x51, 0x0A, 0x4F, 0xED, 0xC1, 0x57, 0x0A, 0x3E, 0xFC, 0xA0, 0x06, 0x2F, 0xEC, 0x42,
    0x46, 0xD0, 0xD7, 0x04, 0xCD, 0xA7, 0xCD, 0xA3, 0x77, 0x5D, 0x86, 0x54, 0x91, 0x7B, 0x83, 0x33,
    0x24, 0xF8, 0x28, 0x91, 0x2A, 0xF1, 0xBF, 0x4D, 0x7C, 0x3B, 0xF1, 0x9D, 0xC4, 0x57, 0x89, 0x6C,
    0x27, 0xFA, 0x9E, 0x55, 0x20, 0x05, 0xB6, 0xCD, 0xFD, 0x1F, 0xD3, 0xEA, 0xC4, 0x76, 0x69, 0x1E,
    0xDF, 0xBF, 0x46, 0x1B, 0x95, 0xCF, 0x2D, 0x88, 0x3D, 0x33, 0xCB, 0x1A, 0xB0, 0x3C, 0x1C, 0x15,
    0x8C, 0x05, 0x98, 0x90, 0x84, 0xFB, 0x15, 0xE2, 0x61, 0x0B, 0x22, 0x58, 0x1A, 0x1D, 0x1E, 0x25,
    0x54, 0x17, 0x84, 0x5A, 0xB6, 0xEF, 0x86, 0x25, 0x11, 0x0C, 0x03, 0xBF, 0x42, 0x3B, 0x4F, 0x0F,
    0x96, 0x9A, 0x51, 0x06, 0x5F, 0x1E, 0x19, 0xBE, 0xC2, 0xA9, 0xC6, 0x71, 0xA6, 0x1E, 0xE1, 0x71,
    0x4B, 0x2F, 0x63, 0x22, 0xB0, 0x55, 0x62, 0xED, 0xA4, 0xDA, 0xD7, 0xE3, 0xA9, 0xAD, 0x52, 0xF9,
    0x47, 0x2A, 0xA3, 0x54, 0xDE, 0x49, 0xA5, 0x4A, 0xED, 0xEE, 0x82, 0x59, 0xFD, 0x0C, 0x8C, 0xBF,
    0x26, 0x26, 0x0F, 0x78, 0xA0, 0x5C, 0xC0, 0x03, 0xF4, 0xFA, 0x17, 0xA8, 0x9E, 0xCB, 0xE5, 0x04,
    0x73, 0xD5, 0x2E, 0x00, 0xBF, 0xF1, 0x53, 0x89, 0xC8, 0x3E, 0x27, 0xFA, 0x91, 0xEF, 0x0B, 0x30,
    0x11, 0xED, 0x0D, 0xFB, 0x46, 0x24, 0x04, 0x1F, 0x86, 0xF8, 0x2B, 0xD2, 0xFE, 0x18, 0xC4, 0x64,
    0xF1, 0x08, 0x93, 0x59, 0x1A, 0xB7, 0xC2, 0x7A, 0x52, 0x34, 0x12, 0x06, 0x08, 0x63, 0x15, 0x42,
    0xC1, 0xB9, 0x1B, 0x0D, 0xEB, 0x95, 0x83, 0x22, 0xD1, 0x97, 0x1B, 0x40, 0xBC, 0x3F, 0x05, 0x71,
    0x8F, 0xDF, 0x36, 0x63, 0x1D, 0x6C, 0x85, 0xF8, 0x4D, 0x42, 0xBC, 0x15, 0x38, 0xEF, 0x44, 0x96,
    0x0A, 0x50, 0xC5, 0xD0, 0xFB, 0xC4, 0xB0, 0x11, 0xEF, 0x9D, 0x1C, 0x8B, 0x04, 0xE2, 0x42, 0x4E,
    0x16, 0xE7, 0xB5, 0x2F, 0x34, 0x8B, 0x25, 0x58, 0xF7, 0x5B, 0x06, 0xB5, 0x10, 0x0B, 0x6A, 0xF0,
    0x1C, 0x4A, 0xF4, 0xC5, 0xA5, 0xC8, 0xCE, 0xE7, 0x8B, 0xDA, 0xE7, 0xC0, 0x0E, 0x3F, 0x85, 0x8C,
    0xD3, 0xF6, 0x4D, 0xA6, 0xB1, 0x56, 0x31, 0x26, 0x1D, 0xC6, 0x6C, 0x6C, 0x89, 0xC0, 0xFE, 0x32,
    0x16, 0x7C, 0x76, 0x1C, 0xC3, 0xC4, 0xAC, 0x08, 0xA7, 0x61, 0xFD, 0xC9, 0x77, 0x8A, 0xBB, 0x31,
    0x8E, 0x13, 0x8D, 0xD9, 0x31, 0xAC, 0x3B, 0x3F, 0xC4, 0x96, 0x0A, 0x87, 0xF5, 0xCA, 0x8A, 0x89,
    0xD9, 0x5B, 0x46, 0x4A, 0x5B, 0x41, 0x5D, 0x85, 0x75, 0x45, 0x00, 0xF4, 0x46, 0x5D, 0xE9, 0xD1,
    0xFF, 0x58, 0xFB, 0x00, 0xE6, 0x06, 0x52, 0x85, 0xB5, 0x0E, 0x87, 0x13, 0xC7, 0x59, 0x05, 0x71,
    0x54, 0xE4, 0xED, 0x24, 0xF3, 0xA2, 0xED, 0x7F, 0xD8, 0xF6, 0x55, 0xDB, 0xDF, 0xDA, 0x24, 0xA9,
    0xF9, 0xB0, 0x4C, 0x50, 0x4B, 0xB5, 0xF4, 0x3D, 0x67, 0xCD, 0x14, 0x17, 0x0D, 0xC9, 0x75, 0xB8,
    0x6D, 0x0D, 0x6A, 0x25, 0xB0, 0xC2, 0x3C, 0xB8, 0xD7, 0xE8, 0x24, 0x40, 0x06, 0x58, 0x34, 0x13,
    0x0E, 0x81, 0xCB, 0x84, 0xE2, 0xED, 0x04, 0x8B, 0x0A, 0x53, 0x95, 0x3C, 0x40, 0x41, 0xE0, 0xBC,
    0x88, 0x65, 0x33, 0x3A, 0x5D, 0x1A, 0x6E, 0x75, 0xD8, 0x18, 0xBB, 0x1A, 0xCB, 0x67, 0xC1, 0xC5,
    0x05, 0x94, 0x4F, 0xE5, 0xF2, 0x24, 0x01, 0xAA, 0x17, 0x99, 0x68, 0x96, 0xC1, 0xFC, 0x0B, 0x9D,
    0x6A, 0x08, 0xA8, 0x11, 0xC9, 0x3B, 0x01, 0x31, 0x41, 0x50, 0xEE, 0x3D, 0x6D, 0x6B, 0xB3, 0xB7,
    0xD5, 0x8C, 0x5E, 0x22, 0x63, 0x1F, 0x9A, 0x8E, 0x98, 0x9C, 0x08, 0xC6, 0x58, 0x46, 0xFE, 0x4E,
    0x74, 0x06, 0xDE, 0xBA, 0x26, 0xD4, 0x9E, 0x50, 0x5D, 0xD1, 0x41, 0x36, 0x54, 0xAA, 0x47, 0xFF,
    0xE3, 0x8B, 0xAA, 0xB9, 0x61, 0xAF, 0x57, 0x7F, 0xF4, 0x83, 0xCF, 0xB2, 0xFA, 0x23, 0x54, 0xE2,
    0xBC, 0x4C, 0xDD, 0x68, 0x4D, 0xDE, 0x6F, 0x48, 0xD5, 0x95, 0x8F, 0xAE, 0x31, 0xCC, 0xDC, 0xD6,
    0x29, 0xD6, 0x22, 0x34, 0x3B, 0x1A, 0x8C, 0xFB, 0x65, 0xC5, 0x63, 0x57, 0x23, 0xF9, 0x0C, 0xF9,
    0xD7, 0xBA, 0xF2, 0xDF, 0x5A, 0x33, 0x84, 0x6B, 0x21, 0x1F, 0xE0, 0x7C, 0x03, 0x58, 0x82, 0xD3,
    0x81, 0x9C, 0x43, 0x45, 0xE4, 0x01, 0xED, 0x2C, 0x5B, 0xBB, 0xB1, 0x2E, 0x2B, 0xF5, 0x40, 0x3C,
    0xCF, 0xCA, 0xCA, 0xB1, 0xA0, 0xD6, 0x06, 0xDC, 0x0E, 0xE6, 0x17, 0x51, 0x29, 0x15, 0x90, 0xC5,
    0x2A, 0xB7, 0xE8, 0xDF, 0xFA, 0x91, 0x4B, 0x22, 0x5E, 0xF8, 0x46, 0xCB, 0x6A, 0xB9, 0xE1, 0x18,
    0x66, 0x37, 0xEB, 0xA9, 0xD7, 0x72, 0xA3, 0xC3, 0x2F, 0x19, 0xD7, 0x3B, 0xF5, 0xF4, 0x27, 0xAA,
    0x41, 0x52, 0x0B, 0xD3, 0xA8, 0xA0, 0x31, 0xE0, 0xF5, 0x7F, 0xCF, 0x02, 0x67, 0x02, 0x2F, 0xA4,
    0x94, 0x50, 0x69, 0x34, 0xCA, 0xB4, 0xFD, 0x0B, 0x67, 0x1B, 0x5F, 0x00, 0xD7, 0x43, 0xB8, 0x8A,
    0x2E, 0x78, 0xC5, 0xBC, 0x13, 0xF8, 0xC1, 0x6D, 0x32, 0xED, 0xC2, 0xD3, 0xD9, 0xA8, 0x6F, 0x0D,
    0xB2, 0xAC, 0xEB, 0x6F, 0xEF, 0x93, 0x05, 0x03, 0xA4, 0xBF, 0x5F, 0xAF, 0x67, 0x39, 0x69, 0xAE,
    0xDF, 0x60, 0x3A, 0x2A, 0xE6, 0xDA, 0xFD, 0xB7, 0x3B, 0x3E, 0xD2, 0xFE, 0x98, 0xFF, 0xAA, 0x6D,
    0xD6, 0x1E, 0x66, 0x6B, 0x6F, 0xE8, 0xE8, 0xD0, 0x17, 0xC5, 0x8D, 0x4F, 0x99, 0xDE, 0x1C, 0x9A,
    0x47, 0x82, 0xA7, 0x51, 0x8C, 0xCF, 0x80, 0xAC, 0x71, 0x1C, 0x1D, 0xDD, 0x64, 0xCE, 0xB0, 0xC5,
    0x52, 0xDF, 0xC1, 0x7A, 0x18, 0x43, 0x30, 0xF8, 0x0A, 0x51, 0xC8, 0x64, 0x0E, 0xB5, 0x02, 0xFB,
    0xC1, 0x41, 0x99, 0xC7, 0x46, 0xE6, 0xA4, 0x42, 0x8F, 0xA5, 0x87, 0x8C, 0x7C, 0x32, 0x99, 0xF7,
    0x18, 0xE9, 0xCE, 0x73, 0x61, 0x56, 0x77, 0x9E, 0x61, 0x8F, 0x53, 0x50, 0x8C, 0x13, 0xD5, 0x3F,
    0xD7, 0x53, 0xFF, 0xD3, 0x44, 0xB7, 0x90, 0x5A, 0xFD, 0x6D, 0xAA, 0x5F, 0xC6, 0x35, 0x19, 0xF9,
    0xFD, 0xE1, 0xB6, 0x1A, 0x46, 0xFD, 0xFD, 0x5C, 0xC3, 0x3E, 0x04, 0x33, 0x6F, 0x9E, 0xA0, 0x6B,
    0xB8, 0xB0, 0x4F, 0x98, 0x15, 0xA0, 0xA6, 0xE8, 0x9A, 0x7D, 0xAD, 0x1C, 0xBB, 0x41, 0xBC, 0x6E,
    0x7F, 0x76, 0xB8, 0x03, 0x7D, 0x9A, 0x75, 0xA0, 0x45, 0xD8, 0x98, 0x74, 0x81, 0x2C, 0x5D, 0xC4,
    0xFB, 0xE9, 0xE2, 0x38, 0x36, 0x47, 0xBB, 0xD0, 0x93, 0x55, 0x0F, 0xBB, 0x50, 0xFB, 0x41, 0x54,
    0xC2, 0x52, 0x6E, 0x25, 0x31, 0x8F, 0xC1, 0x8D, 0x7B, 0x2A, 0xAA, 0xB0, 0x25, 0xB8, 0xBE, 0x9E,
    0x92, 0x57, 0x67, 0xFE, 0x15, 0x7B, 0x81, 0xC0, 0x8F, 0x72, 0xF1, 0x62, 0xD5, 0x36, 0x4D, 0x87,
    0x56, 0x67, 0xD5, 0x89, 0x71, 0xD9, 0x8D, 0x1C, 0xF5, 0x7B, 0xE4, 0xE9, 0xAE, 0x64, 0x50, 0xF8,
    0x5E, 0x39, 0x1C, 0xBE, 0x62, 0x13, 0xA6, 0xD5, 0x30, 0x9D, 0x4A, 0xA9, 0x18, 0x17, 0xBD, 0x2C,
    0x4B, 0x97, 0xA3, 0x35, 0x3D, 0x57, 0x7E, 0x2E, 0x03, 0x8E, 0xB0, 0xC5, 0x7C, 0xA3, 0xFB, 0x27,
    0xA5, 0x2B, 0x55, 0x96, 0xBD, 0xA6, 0x47, 0xE0, 0x54, 0x2E, 0xF3, 0x2C, 0x7C, 0x13, 0xF6, 0x2E,
    0xFF, 0x27, 0x82, 0x62, 0x7C, 0xA8, 0x02, 0xFB, 0x45, 0x0B, 0x2E, 0xFB, 0xFD, 0xD2, 0x28, 0xFE,
    0x41, 0x41, 0x7F, 0x1C, 0x8D, 0x61, 0x8C, 0xC0, 0x41, 0xA7, 0x1A, 0x06, 0x72, 0x16, 0xC9, 0x3C,
    0xF7, 0xCE, 0xAC, 0xC1, 0x1F, 0x38, 0x6A, 0x58, 0xF4, 0x51, 0xF3, 0xBF, 0x49, 0x3D, 0xD5, 0xB1,
    0x54, 0x7C, 0xE4, 0x28, 0x56, 0x15, 0x4B, 0xDB, 0x76, 0x72, 0x64, 0x34, 0xEC, 0xA4, 0x29, 0x75,
    0x1B, 0xEC, 0x3D, 0x35, 0x6D, 0xF0, 0x06, 0xAC, 0x36, 0x44, 0xEF, 0x9C, 0xD0, 0xD5, 0x47, 0xD0,
    0xEC, 0x37, 0x89, 0xA9, 0x7C, 0xB8, 0x0C, 0x72, 0xAB, 0x6B, 0x4A, 0xF8, 0xB6, 0x9E, 0x73, 0x28,
    0xE8, 0x83, 0xBA, 0xAA, 0x60, 0x9C, 0x78, 0x66, 0x7A, 0x5A, 0x4A, 0x5B, 0xA7, 0xE1, 0xA8, 0x11,
    0xD8, 0xFC, 0x25, 0x34, 0x4F, 0x06, 0x1D, 0x64, 0x8B, 0xD6, 0x25, 0xBD, 0xE7, 0x77, 0xAD, 0x8D,
    0x25, 0x3B, 0xA9, 0x8A, 0x4B, 0xAD, 0x6D, 0xFB, 0x55, 0xBC, 0xCD, 0x63, 0xD2, 0xB6, 0xDD, 0x06,
    0xD1, 0xFB, 0x46, 0x1A, 0x20, 0x0F, 0x76, 0x96, 0x09, 0x32, 0x26, 0x46, 0x57, 0xA2, 0xAF, 0xAB,
    0x62, 0x5C, 0xCE, 0x70, 0x1B, 0x9D, 0x56, 0xC6, 0xA5, 0x92, 0x9F, 0x8B, 0xDE, 0x06, 0xBD, 0x0F,
    0x46, 0x53, 0xBA, 0x27, 0x9A, 0x2E, 0xC6, 0x47, 0xE7, 0x1F, 0xBD, 0x37, 0x66, 0x2E, 0x1D, 0x18,
    0x1B, 0x23, 0x70, 0xD2, 0xBA, 0xEA, 0xF2, 0x64, 0xA6, 0x75, 0x25, 0x0A, 0xF2, 0x09, 0x02, 0xC8,
    0xE7, 0x11, 0x26, 0x9B, 0x01, 0xBB, 0xCC, 0x11, 0xB8, 0xA0, 0x60, 0xAC, 0xAC, 0x66, 0xF9, 0xB8,
    0xFF, 0x7B, 0xC5, 0x08, 0x1C, 0x74, 0x1E, 0xE6, 0x49, 0x2E, 0x13, 0x0E, 0xC4, 0x86, 0x99, 0x72,
    0x5E, 0x07, 0xCF, 0x2A, 0x66, 0x6A, 0xE8, 0xFA, 0x22, 0xF5, 0xAE, 0x24, 0xF2, 0xE7, 0x96, 0xB3,
    0xCB, 0xB3, 0x7A, 0xA8, 0x93, 0xE4, 0x6D, 0x23, 0xEB, 0x03, 0x83, 0x3D, 0xB3, 0x9E, 0x64, 0xAD,
    0x57, 0x16, 0xAA, 0x0D, 0xD1, 0xA9, 0x59, 0xFA, 0x9C, 0xEA, 0xBD, 0x1B, 0xCB, 0xAF, 0x23, 0xF7,
    0x97, 0xD0, 0xDE, 0x0D, 0x6C, 0x65, 0x7E, 0x28, 0x34, 0x3F, 0x8D, 0xF1, 0xE6, 0x7A, 0x02, 0xF6,
    0x2D, 0x33, 0xC8, 0x81, 0x72, 0xA4, 0x34, 0x0E, 0x07, 0xB4, 0x51, 0x7F, 0xDC, 0xAE, 0xDF, 0x49,
    0x66, 0xFA, 0x59, 0x41, 0x1A, 0x9D, 0x4E, 0xE7, 0xC0, 0x15, 0xDF, 0x9B, 0x09, 0xE7, 0x0C, 0xEE,
    0x72, 0xEE, 0x05, 0x32, 0xE4, 0x98, 0xC9, 0x99, 0xC8, 0x4B, 0x79, 0x5C, 0xCA, 0xF3, 0xAB, 0xFB,
    0x32, 0x92, 0xCD, 0xF0, 0x74, 0x7E, 0x97, 0xFE, 0x03, 0x85, 0x56, 0x3D, 0x6C, 0x14, 0x47, 0x14,
    0xFE, 0xF6, 0x96, 0xF3, 0xE1, 0x9B, 0xC0, 0x5C, 0xE1, 0x13, 0xB2, 0x01, 0xAF, 0x0B, 0x23, 0x19,
    0xC7, 0xBE, 0xA5, 0x70, 0x81, 0x90, 0xEF, 0x6E, 0x02, 0x45, 0x8A, 0x14, 0xBE, 0x08, 0xAC, 0x14,
    0x91, 0x12, 0x0A, 0xA2, 0x10, 0x14, 0x25, 0x24, 0xA2, 0x38, 0x45, 0x0B, 0xB7, 0x92, 0x91, 0x52,
    0xB8, 0xC0, 0x28, 0x91, 0x52, 0xE2, 0xC2, 0x05, 0x01, 0x29, 0x80, 0x14, 0x25, 0x27, 0x65, 0x9D,
    0x1B, 0x71, 0x05, 0x45, 0x8A, 0x2C, 0x44, 0xF4, 0xAB, 0x34, 0x91, 0xA0, 0x60, 0x12, 0x4E, 0xC9,
    0x15, 0xBB, 0x9E, 0xBC, 0xD9, 0xF5, 0x39, 0x40, 0xB0, 0xD9, 0x79, 0x33, 0xB7, 0xF3, 0x66, 0xF6,
    0x7B, 0x6F, 0xDE, 0xDF, 0x1C, 0x30, 0x84, 0x7D, 0xFE, 0x87, 0x62, 0x11, 0x8D, 0x97, 0x36, 0xF3,
    0x0C, 0x63, 0x56, 0x1C, 0x5C, 0xC9, 0x37, 0xB6, 0xDB, 0x52, 0x16, 0xAD, 0xA8, 0x15, 0xFD, 0xF7,
    0x5B, 0xD7, 0x8A, 0xA8, 0xBC, 0x68, 0xBE, 0x6E, 0x69, 0xD9, 0xD2, 0x7E, 0x0A, 0xD3, 0xD2, 0x5A,
    0xF7, 0xD2, 0xE1, 0x85, 0xE9, 0x48, 0xDE, 0x1B, 0x7F, 0x75, 0x2B, 0xED, 0x9A, 0xBE, 0x21, 0xA6,
    0x6F, 0x18, 0xAC, 0xBA, 0x96, 0xE5, 0x45, 0x31, 0x5C, 0xA9, 0x7A, 0x01, 0x0E, 0xD7, 0xAA, 0x5E,
    0x1B, 0x63, 0xA8, 0xA3, 0x86, 0x79, 0x78, 0xB4, 0x7A, 0x36, 0xA8, 0xD6, 0x1C, 0x0C, 0x17, 0x51,
    0x71, 0x50, 0x75, 0xE1, 0xD5, 0x10, 0x5C, 0x34, 0x02, 0x0F, 0x8F, 0xA1, 0xE6, 0xA2, 0x5A, 0x83,
    0x57, 0x45, 0xDB, 0x6C, 0xC4, 0x58, 0x51, 0xB8, 0x8E, 0x30, 0xCC, 0x0A, 0xBC, 0x79, 0xC3, 0x39,
    0x3B, 0x85, 0xA0, 0x6A, 0xF6, 0x10, 0x82, 0xC3, 0x0D, 0xC7, 0x12, 0x05, 0x59, 0x90, 0xB6, 0x7F,
    0xF3, 0x91, 0xDE, 0x38, 0x79, 0xD9, 0xF6, 0xA9, 0xC9, 0xC2, 0x56, 0xB3, 0x84, 0x2D, 0x4D, 0xA3,
    0x63, 0xE8, 0xEC, 0xED, 0xE4, 0x43, 0xAD, 0x6F, 0x3E, 0x32, 0x6F, 0x05, 0xC9, 0xFC, 0xBA, 0xCA,
    0x1A, 0x0F, 0x01, 0x01, 0x85, 0x0D, 0xE8, 0x50, 0xCB, 0x04, 0x64, 0x25, 0x78, 0x49, 0x80, 0x26,
    0x13, 0x89, 0x23, 0x03, 0x6E, 0x4E, 0xD5, 0xE4, 0xC7, 0xA3, 0xC4, 0x5D, 0x52, 0x81, 0xB3, 0xA4,
    0x8C, 0xE4, 0x26, 0xAD, 0x97, 0xC5, 0x07, 0x62, 0x5B, 0xBB, 0xD3, 0x6A, 0x79, 0x05, 0xDB, 0x2F,
    0xA3, 0x2E, 0xB3, 0x96, 0xC7, 0xCB, 0x9A, 0x79, 0x8E, 0xF9, 0x13, 0x98, 0xA0, 0x71, 0xFB, 0x1D,
    0xD3, 0x12, 0x3E, 0xFC, 0xE9, 0x6D, 0x31, 0x8A, 0x7E, 0x8E, 0x94, 0x77, 0x55, 0x41, 0x02, 0xD5,
    0x36, 0x17, 0x74, 0x2E, 0xAF, 0x62, 0x4E, 0x37, 0x6F, 0x0C, 0xEA, 0x79, 0xED, 0x12, 0xC4, 0x7C,
    0xFB, 0x69, 0xC2, 0xFA, 0xEE, 0x3F, 0x7F, 0x3C, 0x71, 0xD6, 0x87, 0xBE, 0xF9, 0x75, 0xE1, 0x93,
    0x0A, 0xF8, 0xC2, 0x5B, 0xDF, 0x55, 0xC8, 0xC4, 0x66, 0xAC, 0xB2, 0x2B, 0xC4, 0x69, 0x17, 0x34,
    0x0F, 0xA0, 0x72, 0x49, 0x21, 0x8B, 0x8F, 0x4D, 0x64, 0xC2, 0xEE, 0x19, 0x6C, 0x42, 0x0F, 0x0C,
    0xBA, 0xC1, 0x74, 0xD2, 0xF5, 0x4C, 0xC2, 0x40, 0x86, 0x25, 0xAA, 0xC1, 0x5F, 0x1B, 0xAC, 0xEF,
    0x28, 0xF7, 0xEF, 0x3F, 0x9E, 0xF0, 0xF5, 0x5A, 0x7F, 0xE8, 0xAB, 0x5F, 0x96, 0xAF, 0xB9, 0x9E,
    0x97, 0xCA, 0x72, 0xC8, 0xBF, 0x46, 0x9A, 0xF9, 0x25, 0x79, 0xD7, 0x2A, 0xF3, 0x1E, 0x3C, 0x92,
    0x98, 0xD4, 0xFB, 0x50, 0x56, 0x52, 0xE8, 0xF3, 0x08, 0x9B, 0x8F, 0xB5, 0x62, 0x93, 0xE7, 0x38,
    0x66, 0x31, 0x02, 0xEB, 0xEA, 0xAA, 0xDD, 0x0D, 0xD9, 0xB2, 0xE4, 0x34, 0x27, 0x46, 0xCA, 0x21,
    0xD6, 0x6F, 0x11, 0x5B, 0xBE, 0x47, 0x4C, 0x2E, 0x66, 0x67, 0xC7, 0x89, 0xBD, 0x0B, 0xA3, 0x70,
    0xC0, 0x28, 0x36, 0xAC, 0x08, 0x8D, 0xD1, 0x31, 0x92, 0x25, 0xD8, 0x97, 0x92, 0xBE, 0xB5, 0x22,
    0x85, 0x46, 0x69, 0x74, 0xCC, 0xB0, 0x16, 0x88, 0x77, 0x8F, 0x98, 0x0F, 0x0C, 0xD7, 0xB0, 0x4B,
    0x39, 0x50, 0x94, 0x84, 0x7B, 0x6E, 0xCF, 0xCC, 0xCD, 0xCD, 0x9C, 0xDE, 0x0D, 0x91, 0x53, 0x2C,
    0x74, 0xFC, 0x3A, 0x45, 0x33, 0x97, 0xB6, 0xB2, 0x28, 0x6A, 0x76, 0x51, 0x5C, 0xBB, 0x82, 0x85,
    0xB6, 0x2A, 0x44, 0x5C, 0xD6, 0x71, 0xD0, 0xA8, 0x48, 0x86, 0xD9, 0x5B, 0x08, 0xBF, 0xE7, 0x4B,
    0x0F, 0x7A, 0x76, 0xC4, 0x42, 0xF4, 0x5D, 0x81, 0xDA, 0x3A, 0x6A, 0xBC, 0xE7, 0xD5, 0x99, 0x0A,
    0x46, 0xDD, 0xFE, 0x14, 0xD6, 0x6B, 0xC8, 0xF5, 0xB8, 0xCF, 0xEE, 0x9F, 0x88, 0x9C, 0x37, 0xC3,
    0xFE, 0xB0, 0x1D, 0x1E, 0xA1, 0x60, 0xC6, 0xF5, 0x31, 0x11, 0x3B, 0x7E, 0x46, 0x81, 0x21, 0x41,
    0x66, 0xCD, 0xE8, 0x4C, 0x31, 0x0D, 0x3B, 0x2E, 0x12, 0xD7, 0x2C, 0x19, 0x17, 0xAC, 0xA1, 0xA3,
    0xD1, 0x7A, 0x22, 0xF8, 0x15, 0x9F, 0x5D, 0x11, 0xAC, 0x03, 0x16, 0x83, 0x45, 0xA4, 0x34, 0x32,
    0xDF, 0xD0, 0x0B, 0x89, 0x27, 0x32, 0xD1, 0xB8, 0xD8, 0xA8, 0xEB, 0xFE, 0xF4, 0x8D, 0x35, 0x52,
    0xFA, 0x3C, 0x0E, 0xCC, 0xE0, 0x3C, 0x7B, 0x2C, 0xF1, 0x51, 0xAA, 0xAF, 0x16, 0x7B, 0xDF, 0x88,
    0xE6, 0x30, 0xD5, 0xC0, 0x6B, 0x59, 0x45, 0x39, 0x80, 0xA3, 0x38, 0x4F, 0x69, 0x20, 0x73, 0x94,
    0x5B, 0x4C, 0xEE, 0x59, 0x9D, 0x39, 0x32, 0x37, 0x45, 0x16, 0x40, 0x39, 0xF5, 0x41, 0x25, 0x1D,
    0xC7, 0xD3, 0x30, 0x78, 0xEF, 0x63, 0x1A, 0xB9, 0x8E, 0x69, 0xCC, 0x77, 0xBE, 0x36, 0xAC, 0x8E,
    0x91, 0x6D, 0x3D, 0x35, 0x52, 0x73, 0xBF, 0x93, 0xDF, 0x72, 0x0A, 0x76, 0x04, 0xB2, 0x7C, 0x2E,
    0xC4, 0xDB, 0x91, 0x38, 0x7E, 0x5F, 0x68, 0x4D, 0x29, 0x29, 0x3B, 0xE9, 0x68, 0xF7, 0x41, 0x21,
    0xC5, 0x2F, 0x82, 0x7B, 0x70, 0x5D, 0xD4, 0x6A, 0xC8, 0xEF, 0xC6, 0xEE, 0x11, 0x94, 0x1B, 0x26,
    0x33, 0x0D, 0xDE, 0x2A, 0x72, 0xE9, 0x99, 0x28, 0xBE, 0x28, 0xB4, 0xAA, 0x64, 0x03, 0x50, 0xAE,
    0x12, 0xCF, 0xA6, 0xE3, 0xF9, 0x9B, 0x3C, 0xAA, 0x18, 0xE7, 0x44, 0x47, 0xAE, 0x8B, 0x00, 0x59,
    0x5B, 0x47, 0x47, 0xFE, 0xEC, 0x0F, 0x66, 0x01, 0xCD, 0x3A, 0xF2, 0x9C, 0xDF, 0x91, 0xFB, 0xB7,
    0xAA, 0xC3, 0x7E, 0xE2, 0x7C, 0xFA, 0x4C, 0xB5, 0x30, 0x3B, 0x8A, 0x6B, 0xB9, 0x6F, 0xC9, 0xA8,
    0xAE, 0x96, 0x97, 0x3A, 0xEF, 0xDF, 0x0A, 0x4B, 0xFC, 0x32, 0xA9, 0xCE, 0x7D, 0x1A, 0x8C, 0xCF,
    0xAD, 0x04, 0x2D, 0x61, 0x2B, 0xC4, 0xA4, 0x8E, 0xA5, 0x8C, 0x91, 0x57, 0xB3, 0xA0, 0x4C, 0xA7,
    0x2C, 0xCA, 0xD1, 0x59, 0xC2, 0xDC, 0x20, 0x41, 0xD6, 0x86, 0xFC, 0x8E, 0xE6, 0xE1, 0xA5, 0xCE,
    0x02, 0xE1, 0x2C, 0x93, 0xFE, 0xD4, 0xEB, 0x8C, 0x40, 0x18, 0x05, 0x0F, 0x4B, 0x45, 0xE6, 0xFC,
    0xA1, 0x4D, 0x47, 0x15, 0x7C, 0x16, 0xF1, 0xB0, 0x10, 0xB2, 0x34, 0x99, 0xAE, 0x0F, 0x5D, 0x47,
    0x5C, 0xD7, 0x22, 0xAE, 0xDD, 0x92, 0xE4, 0x52, 0x19, 0x90, 0xF0, 0x00, 0xE4, 0x77, 0x2A, 0x51,
    0x01, 0x09, 0x08, 0x48, 0xA1, 0x33, 0x99, 0x8F, 0xD1, 0x24, 0x4B, 0x24, 0xA4, 0x54, 0x60, 0xA7,
    0xD6, 0xCA, 0x1C, 0xAD, 0xA6, 0x6F, 0xAA, 0xD4, 0x66, 0x3E, 0xDC, 0xD4, 0x3E, 0x01, 0xAC, 0x1E,
    0x68, 0x07, 0xE1, 0x97, 0x4F, 0xD1, 0x09, 0xE5, 0x0F, 0x3A, 0xBA, 0xA3, 0xD5, 0xF3, 0x14, 0xDE,
    0xD1, 0xE2, 0x8E, 0xC4, 0xFF, 0xA9, 0x24, 0x60, 0x2D, 0x36, 0x5C, 0xAD, 0x5A, 0x89, 0xD2, 0xF1,
    0xED, 0x2D, 0xEA, 0xC4, 0xB7, 0x5B, 0x1B, 0xCA, 0xD1, 0x46, 0x32, 0xC1, 0xD2, 0x75, 0xF2, 0x85,
    0x56, 0x9F, 0x19, 0xEA, 0x0D, 0x48, 0xB5, 0x0C, 0xA5, 0xAA, 0x52, 0xD5, 0xEB, 0x19, 0xD7, 0x1D,
    0xFD, 0x73, 0xA5, 0xA5, 0xA3, 0x7D, 0x1B, 0x0D, 0x3B, 0x01, 0xBB, 0x46, 0x05, 0x40, 0x58, 0xC0,
    0x64, 0x1C, 0x4F, 0xA6, 0xFA, 0x07, 0x5E, 0xB5, 0x92, 0x7F, 0x49, 0x54, 0xBE, 0xE2, 0x79, 0x3E,
    0xA8, 0x77, 0x14, 0xB5, 0xF3, 0x6A, 0x73, 0x38, 0xAE, 0x04, 0xF3, 0xA5, 0x36, 0x7A, 0x96, 0xB2,
    0xC3, 0xAC, 0xD8, 0xD0, 0x55, 0x35, 0xEB, 0xD5, 0xDB, 0xB5, 0x4D, 0x59, 0x05, 0xBD, 0x86, 0x0B,
    0x2E, 0x5D, 0x2A, 0xEA, 0x28, 0xDE, 0xDD, 0xBC, 0x3F, 0x49, 0x2A, 0x7B, 0x1C, 0x4E, 0xE1, 0x02,
    0xE9, 0x61, 0xA6, 0xA7, 0x49, 0x23, 0x31, 0xFE, 0xA3, 0x64, 0x5A, 0xBC, 0xAE, 0x57, 0xC9, 0x08,
    0xF6, 0x06, 0xF8, 0x4F, 0xFE, 0x9E, 0xCF, 0x7D, 0xCA, 0x2C, 0xE3, 0x17, 0x27, 0xF5, 0xCE, 0xE0,
    0x09, 0x80, 0x84, 0x2E, 0xB8, 0xAD, 0x39, 0x59, 0x80, 0x4B, 0x43, 0x79, 0xAA, 0x69, 0x57, 0xAF,
    0xAE, 0xD8, 0xDD, 0x6E, 0x57, 0xB2, 0xE5, 0xE5, 0x65, 0x9F, 0xCA, 0x9A, 0xA9, 0x76, 0x69, 0xBD,
    0xA3, 0x8A, 0x97, 0x82, 0x10, 0xD6, 0xB3, 0x60, 0x19, 0x60, 0xAE, 0x97, 0x50, 0x3F, 0x8B, 0x41,
    0x90, 0x66, 0xA8, 0x06, 0x33, 0xED, 0x79, 0x93, 0x34, 0x96, 0x32, 0x7B, 0x28, 0x38, 0xD4, 0x73,
    0x1F, 0x0F, 0x30, 0x8B, 0x62, 0x8B, 0x45, 0x92, 0x1A, 0x31, 0xED, 0x35, 0xDD, 0xBC, 0x37, 0x93,
    0xB8, 0xB4, 0xB9, 0x64, 0xAE, 0x42, 0xB4, 0x41, 0x69, 0x61, 0x68, 0xF0, 0x34, 0xD1, 0x4E, 0x10,
    0x07, 0xCF, 0xB2, 0x5E, 0xDC, 0x43, 0x09, 0xCC, 0x97, 0xEE, 0x2A, 0xDE, 0xED, 0xF6, 0x78, 0xF7,
    0xAE, 0x32, 0x73, 0xD3, 0xE9, 0x6F, 0x47, 0x42, 0x7D, 0xA3, 0xFC, 0xCE, 0xC3, 0x53, 0x66, 0x3E,
    0x74, 0x42, 0xAE, 0x66, 0x7B, 0xBA, 0xCA, 0xB2, 0x65, 0xC3, 0x24, 0x5E, 0x69, 0x3D, 0xA1, 0x93,
    0x4D, 0x26, 0xC9, 0xA4, 0x91, 0x1F, 0x97, 0x02, 0xD2, 0x21, 0x48, 0x9A, 0xA5, 0x38, 0x99, 0x1C,
    0x89, 0x63, 0x52, 0xD0, 0x4D, 0x6F, 0x4D, 0x77, 0x87, 0xBB, 0xF3, 0x98, 0x9C, 0xF0, 0x27, 0xFC,
    0x63, 0x3B, 0xDC, 0xBF, 0x75, 0xE9, 0x08, 0x8E, 0x3C, 0xB6, 0xDF, 0x91, 0x07, 0x05, 0x87, 0xD8,
    0xE9, 0x0E, 0x2F, 0xE2, 0x90, 0x7F, 0xC8, 0x2F, 0xEE, 0x80, 0x31, 0x8B, 0x9D, 0x35, 0xFD, 0x17,
    0xD5, 0x50, 0x4D, 0x4A, 0xC4, 0x30, 0x14, 0x7E, 0xF3, 0xA3, 0x15, 0x0A, 0x8E, 0xC2, 0xCC, 0x20,
    0x88, 0x64, 0x33, 0x8A, 0x8B, 0x0E, 0xDD, 0x46, 0x78, 0x6D, 0x7A, 0x84, 0x1E, 0x42, 0x5D, 0xCC,
    0xCA, 0x45, 0x17, 0x19, 0xA8, 0x74, 0x8E, 0xE2, 0x11, 0x66, 0x91, 0x45, 0x16, 0x15, 0x7B, 0x84,
    0x1E, 0x21, 0x47, 0x78, 0x8B, 0x2C, 0xBA, 0x28, 0x8C, 0x49, 0x47, 0x05, 0xC1, 0x0B, 0xF8, 0xBD,
    0x10, 0xDE, 0xF7, 0xFE, 0xF2, 0xBE, 0x00, 0x30, 0x23, 0x6C, 0xA9, 0x75, 0xAD, 0xEB, 0x52, 0xA7,
    0x96, 0x99, 0x11, 0x00, 0xCE, 0xEF, 0xD1, 0x63, 0x05, 0x30, 0xA6, 0x80, 0xCE, 0x69, 0x4D, 0x05,
    0x1D, 0xFA, 0x4D, 0x07, 0x04, 0x0E, 0x82, 0xD2, 0x37, 0x0E, 0xC2, 0x2C, 0x2C, 0xC8, 0x5B, 0x2B,
    0x8C, 0x8F, 0x85, 0x24, 0xF2, 0x12, 0x2A, 0x7A, 0xD7, 0xAA, 0x4C, 0x34, 0x23, 0x37, 0x05, 0x2A,
    0xDF, 0x61, 0x47, 0x34, 0x69, 0x83, 0x66, 0x96, 0x31, 0x5F, 0x06, 0x31, 0x25, 0x0A, 0x55, 0xEC,
    0xDE, 0xD4, 0x52, 0x6A, 0x31, 0xD4, 0xC5, 0xE6, 0xD5, 0xB1, 0xB2, 0x16, 0x1D, 0xA8, 0x25, 0x89,
    0x76, 0xEA, 0x62, 0x81, 0xB3, 0x8A, 0xAE, 0xF3, 0x00, 0x86, 0x49, 0xB4, 0xC8, 0xFD, 0xFD, 0xE5,
    0x45, 0xBC, 0xD8, 0x13, 0xED, 0xF7, 0x3C, 0x9A, 0xC2, 0x0B, 0x46, 0x37, 0x0E, 0x11, 0x16, 0xF9,
    0x9D, 0x11, 0xB5, 0xDB, 0x3A, 0xF2, 0xB6, 0xBA, 0x82, 0xBF, 0x94, 0x41, 0xD0, 0xB2, 0x56, 0xB4,
    0x93, 0x1F, 0x1B, 0x76, 0x32, 0x29, 0x01, 0x8D, 0x28, 0x68, 0x18, 0x54, 0xB6, 0xEA, 0x06, 0x8D,
    0xE6, 0xC1, 0x82, 0x9A, 0x99, 0x90, 0x40, 0x3E, 0x75, 0xD5, 0xA0, 0xF1, 0x3F, 0xFD, 0xC5, 0x49,
    0x16, 0x13, 0x14, 0x71, 0x27, 0xE5, 0xB6, 0x8B, 0x0B, 0xCF, 0x38, 0xAF, 0x7A, 0x09, 0xC9, 0x63,
    0x48, 0x8E, 0x59, 0x8E, 0x05, 0x4A, 0x4C, 0x74, 0x68, 0xF2, 0x39, 0x2A, 0x66, 0x66, 0x0D, 0x6B,
    0x91, 0x14, 0x5F, 0x66, 0xC2, 0x29, 0xDE, 0xF4, 0x5B, 0x9D, 0x28, 0xD6, 0x72, 0x40, 0xC0, 0x5C,
    0xF4, 0xDF, 0xBF, 0xCA, 0xA3, 0x21, 0x32, 0x47, 0x99, 0x18, 0xD1, 0xA4, 0x84, 0x92, 0xAF, 0x39,
    0x1E, 0xC1, 0x2F, 0xF3, 0x5C, 0x1C, 0xFA, 0xC1, 0x8F, 0x8E, 0x87, 0x63, 0x74, 0xF1, 0xAB, 0xDB,
    0xB1, 0xEE, 0x98, 0x4E, 0x6B, 0xD7, 0xED, 0x66, 0xAD, 0xE0, 0x34, 0x13, 0xAD, 0x84, 0x78, 0x37,
    0x36, 0xCF, 0xA6, 0xDA, 0x9D, 0xC1, 0x3A, 0xFB, 0x68, 0x7C, 0x06, 0x21, 0xCD, 0x58, 0xF3, 0x09,
    0x75, 0x55, 0xCF, 0x8F, 0x14, 0x45, 0x14, 0xFE, 0xA6, 0x9B, 0xA5, 0x71, 0x3B, 0x52, 0x63, 0x22,
    0x97, 0xD5, 0xA5, 0x13, 0xE3, 0x45, 0x05, 0x4A, 0x13, 0x4E, 0x06, 0xA6, 0x5A, 0xF9, 0x03, 0x18,
    0x13, 0x97, 0x0B, 0x31, 0xF1, 0xC0, 0x01, 0x17, 0xE3, 0x46, 0x49, 0xF0, 0x32, 0xDB, 0xDD, 0x0B,
    0x67, 0xE3, 0x5C, 0x38, 0x1A, 0x38, 0xCC, 0x81, 0x5D, 0xA2, 0x8B, 0xC1, 0x44, 0x62, 0x7A, 0xE8,
    0xCE, 0x72, 0xE0, 0x64, 0x32, 0x09, 0x07, 0x8E, 0x76, 0x54, 0x62, 0x80, 0xC0, 0x56, 0xA4, 0x13,
    0x9B, 0xDD, 0x9E, 0x29, 0xBF, 0xEA, 0x59, 0xD4, 0x68, 0xEC, 0x79, 0xEF, 0xA5, 0xBA, 0xA6, 0x7E,
    0xBC, 0xF7, 0xBE, 0xEF, 0xBD, 0x76, 0x56, 0x11, 0x4C, 0xA0, 0xAE, 0x60, 0x19, 0x48, 0xF7, 0x75,
    0x53, 0x55, 0xA6, 0x6A, 0x10, 0x1D, 0x85, 0x32, 0xDA, 0x37, 0x1A, 0x11, 0xD0, 0x01, 0x54, 0x69,
    0x65, 0xA6, 0x8D, 0xE7, 0xDF, 0x44, 0x56, 0x7A, 0xA6, 0x0E, 0xC6, 0x95, 0x3A, 0x3D, 0x52, 0x87,
    0xF3, 0xE8, 0xAD, 0x3C, 0xFA, 0x2C, 0x89, 0xAE, 0x27, 0xEA, 0x97, 0x50, 0xDE, 0x81, 0x30, 0xA5,
    0x6B, 0x4A, 0x67, 0xB3, 0xEB, 0x7C, 0x01, 0xFB, 0x7C, 0xD2, 0xE7, 0xAB, 0xD8, 0xD2, 0x32, 0x81,
    0xE2, 0x49, 0xBB, 0xDA, 0xD1, 0xA1, 0x32, 0x92, 0xBA, 0x23, 0x43, 0x25, 0x41, 0x09, 0x36, 0x3F,
    0x14, 0x46, 0x3B, 0xA6, 0xE0, 0xDA, 0xD9, 0xB5, 0x7E, 0x60, 0x74, 0x60, 0x8A, 0x20, 0xC1, 0x8E,
    0x70, 0x4C, 0xB9, 0x18, 0x72, 0x9C, 0x8D, 0xB1, 0x74, 0x7F, 0x67, 0x1E, 0x8B, 0x89, 0x63, 0xB4,
    0xB7, 0x55, 0xF8, 0x23, 0xF8, 0x39, 0x5D, 0x0D, 0x29, 0x1C, 0x2B, 0x93, 0xC8, 0x07, 0xA1, 0xC8,
    0x21, 0x2F, 0x76, 0x95, 0x29, 0x29, 0xC0, 0x6E, 0xEB, 0x86, 0x00, 0xDA, 0xAF, 0x1D, 0xEA, 0xE3,
    0xA6, 0x31, 0x63, 0x64, 0xC6, 0x18, 0x64, 0x9E, 0x56, 0x18, 0xBA, 0x5A, 0xD2, 0x14, 0x34, 0x9E,
    0x35, 0xC2, 0x9A, 0xC0, 0x1A, 0x69, 0x8D, 0xA2, 0xC1, 0x77, 0x76, 0xBF, 0xC6, 0xCE, 0x33, 0xD7,
    0xEA, 0xCB, 0xF3, 0x85, 0xDC, 0xB0, 0x72, 0xE8, 0xE7, 0x22, 0x33, 0x55, 0xB4, 0x5D, 0x1E, 0x3C,
    0x57, 0x18, 0x0E, 0xA2, 0xE2, 0xE0, 0xFE, 0xE2, 0xA0, 0x68, 0xC4, 0x2F, 0x16, 0xFB, 0x40, 0x36,
    0xA1, 0x9A, 0x10, 0x29, 0x5D, 0x4A, 0xC5, 0xAD, 0x24, 0x15, 0xB7, 0x93, 0xA1, 0xBC, 0x54, 0x67,
    0x26, 0xAE, 0xB3, 0x4A, 0x24, 0x43, 0x88, 0x24, 0x9D, 0x6A, 0x9E, 0xC2, 0xAF, 0x53, 0xB8, 0xB5,
    0xBD, 0xA5, 0xD9, 0x3B, 0xB6, 0x7B, 0x89, 0x89, 0x6C, 0x0D, 0xD2, 0xE0, 0xF8, 0x24, 0x95, 0xF2,
    0xEB, 0x9B, 0x99, 0x42, 0x56, 0xCB, 0x84, 0x7B, 0xAB, 0xB4, 0x76, 0xC6, 0x69, 0x04, 0x95, 0xAA,
    0x76, 0x27, 0x0D, 0x96, 0xC6, 0xA9, 0xD8, 0xAC, 0xEC, 0xDE, 0x53, 0xB3, 0xAD, 0x7E, 0x2F, 0x38,
    0x36, 0xEA, 0xC9, 0x0B, 0xA3, 0x23, 0xF2, 0x56, 0x7E, 0x44, 0xDD, 0xCA, 0x8F, 0xBE, 0x7D, 0x3B,
    0x8F, 0xB2, 0x87, 0x23, 0x46, 0xAE, 0xF7, 0x7F, 0xFB, 0x30, 0x14, 0xD7, 0x36, 0x21, 0xB4, 0x81,
    0x28, 0x32, 0xF8, 0xC5, 0x4D, 0x78, 0xA3, 0x65, 0xBC, 0xBE, 0x8A, 0x53, 0xB1, 0x29, 0xD2, 0xE8,
    0x64, 0x99, 0xF6, 0x50, 0xA5, 0xBD, 0x5E, 0xFA, 0x3F, 0x7A, 0xBA, 0xEA, 0xF5, 0x9C, 0xB2, 0x17,
    0x1B, 0x4D, 0x25, 0x18, 0xEF, 0x03, 0x2D, 0x5E, 0xAD, 0xCC, 0x54, 0x39, 0x76, 0x9E, 0x56, 0x64,
    0x42, 0x05, 0x79, 0xB7, 0x82, 0x7A, 0x87, 0x8A, 0x7F, 0xE8, 0x46, 0x45, 0x5C, 0x2B, 0x78, 0x55,
    0xE3, 0x2E, 0x5A, 0x0B, 0x5D, 0xAE, 0x65, 0x82, 0xE7, 0xFA, 0x30, 0x95, 0x3B, 0xD1, 0xC4, 0x91,
    0xE9, 0x8A, 0x4D, 0x48, 0x21, 0xD6, 0xB1, 0x81, 0xBC, 0x6F, 0x67, 0xBC, 0xB2, 0x4B, 0xD0, 0x11,
    0x5B, 0x2C, 0xE6, 0x30, 0x90, 0x8E, 0x96, 0x04, 0x4D, 0xE4, 0x32, 0x08, 0x65, 0xC4, 0x54, 0x5F,
    0x66, 0x70, 0x32, 0xEB, 0x4A, 0x19, 0xDA, 0x49, 0x7F, 0x24, 0x09, 0x6E, 0xAB, 0x5A, 0x5C, 0x1B,
    0x64, 0xA6, 0xA4, 0xA0, 0x0E, 0x61, 0x72, 0xD0, 0xC1, 0x1A, 0xDE, 0x38, 0xDF, 0x4B, 0xCF, 0xC7,
    0x70, 0x6A, 0x88, 0x1A, 0x7B, 0x6A, 0x3B, 0x39, 0xB7, 0xCA, 0x83, 0x63, 0x2E, 0x41, 0x67, 0x9D,
    0x77, 0xB4, 0xDE, 0xA5, 0x7F, 0x7E, 0x5E, 0x5B, 0x93, 0x92, 0x41, 0xF9, 0x10, 0x16, 0xA9, 0x99,
    0x30, 0x08, 0xEB, 0xD8, 0x9E, 0xFC, 0xB4, 0x54, 0xEE, 0xEF, 0xFA, 0x86, 0x5A, 0xBA, 0x53, 0x90,
    0x69, 0xC7, 0xB6, 0x74, 0x5C, 0xB9, 0x66, 0x04, 0x78, 0x3C, 0x01, 0x7E, 0x62, 0x59, 0xD7, 0x98,
    0xD0, 0x52, 0x9B, 0xFA, 0x12, 0x39, 0xAC, 0x5B, 0x93, 0xB2, 0x55, 0x5A, 0xC1, 0x53, 0x8D, 0x09,
    0xA3, 0x21, 0x69, 0x93, 0xE7, 0x64, 0x22, 0x54, 0x2E, 0xB7, 0x0B, 0xF5, 0x44, 0x5F, 0xDB, 0x28,
    0xD1, 0x2A, 0x6D, 0x12, 0xFD, 0x12, 0x81, 0xC6, 0x6C, 0x38, 0x37, 0xB0, 0xBC, 0x56, 0xEB, 0xA3,
    0xEC, 0x6A, 0x99, 0x5D, 0xAD, 0x94, 0xAB, 0x8D, 0xA9, 0xE3, 0x93, 0x85, 0xCA, 0x72, 0xA6, 0x5B,
    0x75, 0x6D, 0x61, 0x4D, 0x05, 0xBB, 0x18, 0x40, 0xDF, 0x56, 0xA7, 0xA9, 0xD4, 0x57, 0x88, 0xE7,
    0x31, 0x9C, 0x47, 0xBD, 0xFF, 0x4A, 0x1D, 0xD4, 0x94, 0xE1, 0x7C, 0x1A, 0xCF, 0xA7, 0xEA, 0x51,
    0x2A, 0x4C, 0xED, 0x10, 0x80, 0x79, 0x60, 0x0F, 0xF0, 0x11, 0xB7, 0x19, 0xAB, 0x21, 0x5A, 0x8C,
    0xDD, 0xFD, 0x23, 0xC7, 0x99, 0xED, 0x07, 0xB6, 0x46, 0x20, 0x36, 0x34, 0xD6, 0x1F, 0x4E, 0x90,
    0xAD, 0xB1, 0x3F, 0x20, 0x65, 0x1F, 0x58, 0xE6, 0x4F, 0x31, 0x55, 0x12, 0xBB, 0x57, 0x21, 0x4D,
    0x1E, 0xAC, 0x17, 0xBB, 0x5C, 0x0D, 0x57, 0xB3, 0x0E, 0xCE, 0x98, 0x5F, 0xFD, 0x09, 0x58, 0x07,
    0xF1, 0x42, 0xD7, 0xBA, 0xB3, 0x72, 0x99, 0xC5, 0xEC, 0xD9, 0x84, 0x34, 0x7E, 0x65, 0x89, 0x67,
    0x4A, 0xCE, 0xA8, 0x0F, 0xDA, 0xD1, 0xD4, 0xAF, 0x67, 0xC2, 0x31, 0x3D, 0x55, 0x8F, 0x9E, 0x35,
    0x82, 0xC6, 0x2F, 0x27, 0xEC, 0xC3, 0x3F, 0x5F, 0x40, 0xDC, 0xBD, 0x47, 0x4C, 0x4C, 0x42, 0x0D,
    0xC5, 0x05, 0xBE, 0xFF, 0x47, 0x35, 0xD5, 0x24, 0x62, 0xC5, 0x32, 0x91, 0x8F, 0x43, 0x14, 0xE9,
    0x19, 0xD4, 0x7A, 0x62, 0x3B, 0x1A, 0x86, 0x16, 0x54, 0xFE, 0x25, 0xD9, 0x0A, 0x7C, 0x1B, 0x68,
    0x96, 0xB4, 0xDF, 0x3B, 0x9E, 0x67, 0xD9, 0x6F, 0xF9, 0x37, 0x07, 0xBE, 0xCF, 0x65, 0x9A, 0x85,
    0x82, 0x3D, 0x61, 0xEF, 0x81, 0x6B, 0x98, 0x79, 0xB1, 0x8D, 0x29, 0x5D, 0x62, 0xDB, 0x38, 0x78,
    0xAF, 0xE5, 0xCD, 0xE2, 0x64, 0x80, 0x86, 0x1F, 0xFF, 0x92, 0xC5, 0xB5, 0x30, 0x33, 0x89, 0x53,
    0xE2, 0xC4, 0xD8, 0x0E, 0x08, 0xD8, 0x49, 0x6D, 0x09, 0x16, 0x35, 0x50, 0x04, 0x39, 0xC4, 0x88,
    0x89, 0x81, 0x53, 0x11, 0x42, 0xCB, 0x04, 0xF1, 0x18, 0x62, 0x6C, 0x17, 0x6C, 0x3E, 0x46, 0x50,
    0x71, 0x30, 0xB8, 0xB4, 0x52, 0x8A, 0x15, 0xCD, 0x08, 0xC4, 0x4F, 0x23, 0xC1, 0x10, 0xC6, 0x4D,
    0x83, 0x21, 0x5D, 0xCE, 0x31, 0x69, 0x97, 0xD9, 0x11, 0x7F, 0xD8, 0x5A, 0x63, 0x11, 0xD8, 0x96,
    0x48, 0xB8, 0x34, 0x0E, 0xE0, 0xC9, 0x8F, 0x2F, 0x33, 0xC3, 0x1F, 0xA3, 0xFA, 0x54, 0xBB, 0x64,
    0xE7, 0xEE, 0xE8, 0x04, 0x6F, 0x22, 0x72, 0x9E, 0x09, 0xA7, 0xC1, 0xB3, 0x6F, 0xB8, 0xC5, 0xDF,
    0xBA, 0x34, 0x09, 0x5D, 0xEE, 0x17, 0xDB, 0xDB, 0x55, 0x70, 0xAC, 0xA8, 0x95, 0x5B, 0x2C, 0x77,
    0xDC, 0xA2, 0xD3, 0x71, 0x46, 0x1D, 0x36, 0xF5, 0xBF, 0x74, 0x96, 0x9F, 0x00, 0x7B, 0x4B, 0x15,
    0x24, 0xF5, 0x54, 0xB2, 0xCD, 0xCA, 0x98, 0x22, 0x6B, 0xFA, 0x2D, 0x1B, 0x11, 0x13, 0xB4, 0xD3,
    0x78, 0x5F, 0xE1, 0x45, 0x9F, 0x27, 0xBC, 0x90, 0xE4, 0xDC, 0x1E, 0x43, 0x5D, 0xCF, 0x30, 0x3C,
    0x7B, 0x29, 0xA9, 0xCF, 0x7E, 0x99, 0x37, 0xFA, 0xC2, 0x4C, 0xC8, 0x62, 0xB1, 0x49, 0x80, 0xE4,
    0x52, 0x71, 0x6F, 0x81, 0xE4, 0x35, 0x8D, 0xB6, 0xDA, 0xF0, 0x0E, 0xE3, 0x8D, 0x1B, 0xB6, 0xA2,
    0xD9, 0x37, 0x22, 0x91, 0x5B, 0x91, 0x49, 0xF3, 0x1A, 0x46, 0x41, 0xBE, 0x33, 0xB3, 0x94, 0xDB,
    0xDA, 0x1F, 0xDB, 0xC5, 0xDE, 0xAB, 0x96, 0xA0, 0x1E, 0x89, 0xC6, 0x02, 0x08, 0x9B, 0x2F, 0xC8,
    0x33, 0xAE, 0xCB, 0x95, 0x44, 0x98, 0xDC, 0x6D, 0x50, 0xDF, 0xB7, 0xC0, 0xFE, 0x9F, 0xD3, 0xFE,
    0x09, 0xD3, 0x5A, 0xB5, 0xC0, 0xFE, 0xFF, 0x07, 0xD1, 0xD0, 0x00, 0x00, 0x95, 0x8E, 0xCD, 0x09,
    0xC2, 0x40, 0x10, 0x85, 0xDF, 0x46, 0xC1, 0x83, 0x87, 0xF1, 0x10, 0xCF, 0xDA, 0x41, 0x3A, 0x70,
    0x23, 0x16, 0xA0, 0x07, 0x5B, 0x48, 0x1B, 0xAB, 0x68, 0x2B, 0xDE, 0xAD, 0x20, 0xBA, 0x25, 0xE4,
    0x90, 0x02, 0x2C, 0x40, 0x30, 0x87, 0x08, 0x0A, 0x1B, 0xC7, 0xD9, 0x05, 0x0F, 0x8A, 0xF8, 0xB3,
    0xCC, 0x7B, 0x30, 0xC3, 0xE3, 0xDB, 0x87, 0x4C, 0x6D, 0x3A, 0x4C, 0x0D, 0xDD, 0x92, 0x23, 0xD9,
    0x04, 0x54, 0xEA, 0xD9, 0xA2, 0xE1, 0x8B, 0xA8, 0x0E, 0xFB, 0x07, 0x21, 0x8B, 0x3B, 0x6C, 0xE8,
    0x66, 0xC8, 0xB6, 0xA9, 0x8C, 0x17, 0xCE, 0xC8, 0x90, 0x7D, 0x3F, 0xC8, 0xFA, 0x8F, 0xB0, 0xA1,
    0xD2, 0x7C, 0x0B, 0xAB, 0x4D, 0xCF, 0xD7, 0x72, 0xBE, 0x97, 0xF3, 0x9F, 0xF5, 0x7C, 0xB3, 0xB9,
    0xAF, 0xE6, 0x7C, 0xB7, 0x70, 0xFB, 0xC5, 0x3C, 0x6A, 0xFE, 0x8C, 0x72, 0x1E, 0xE5, 0xFE, 0x47,
    0xA9, 0x0C, 0x20, 0x3E, 0x40, 0x9F, 0x2A, 0x98, 0xA8, 0x42, 0x1E, 0x5D, 0xD3, 0xBC, 0xCB, 0x36,
    0x28, 0xEC, 0xAF, 0xBA, 0x20, 0x57, 0x5C, 0xE4, 0xD8, 0x5B, 0x84, 0x27, 0x00, 0x21, 0x14, 0x40,
    0x22, 0x08, 0x8C, 0x5A, 0x15, 0xD4, 0xAE, 0x75, 0x4E, 0x07, 0x3C, 0x65, 0xAB, 0xB7, 0xC4, 0x4B,
    0x0D, 0xB9, 0xE9, 0x42, 0x6C, 0xD0, 0x88, 0x45, 0x3C, 0x91, 0x5C, 0xB2, 0xAE, 0x30, 0xA4, 0x55,
    0x9D, 0x6A, 0x1E, 0x4B, 0xAE, 0x79, 0xE0, 0xEE, 0x63, 0x60, 0x00, 0x83, 0x12, 0x20, 0x66, 0xFC,
    0x0B, 0x24, 0xD8, 0xFF, 0x3B, 0x30, 0x30, 0xC8, 0xB9, 0x5D, 0x60, 0x60, 0xA8, 0x60, 0xD8, 0x02,
    0x14, 0xFA, 0x52, 0x0B, 0x14, 0xFA, 0x52, 0xEF, 0x20, 0xFF, 0xFF, 0xC1, 0xFF, 0x0B, 0xF6, 0xFF,
    0x9B, 0xFE, 0x7F, 0xE0, 0xFF, 0xCF, 0xFD, 0xFF, 0x00, 0xF3, 0xFF, 0xF8, 0xFF, 0x0C, 0x0C, 0xFF,
    0xFF, 0xFF, 0x61, 0x60, 0xB0, 0xE7, 0xFE, 0xC0, 0xC0, 0xC0, 0xCF, 0x7D, 0x80, 0x81, 0x81, 0xF9,
    0x3D, 0xC8, 0xA8, 0x3F, 0x20, 0x42, 0x81, 0x81, 0x01, 0x00,
};

static const EpdGlyph notosans_c19_boldGlyphs[] = {
    { 0, 0, 0, 0, 0, 0, 0 }, // U+0000
    { 0, 0, 79, 0, 0, 0, 0 }, // U+000D
    { 0, 0, 79, 0, 0, 0, 0 }, // U+0020
    { 4, 15, 86, 1, 14, 15, 0 }, // !
    { 7, 6, 146, 1, 14, 11, 15 }, // "
    { 12, 14, 196, 0, 14, 42, 26 }, // #
    { 11, 17, 174, 0, 15, 47, 68 }, // $
    { 17, 15, 274, 0, 14, 64, 115 }, // %
    { 15, 15, 228, 0, 14, 57, 179 }, // &
    { 3, 6, 81, 1, 14, 5, 236 }, // '
    { 6, 17, 103, 0, 14, 26, 241 }, // (
    { 6, 17, 103, 0, 14, 26, 267 }, // )
    { 10, 10, 165, 0, 15, 25, 293 }, // *
    { 11, 10, 174, 0, 12, 28, 318 }, // +
    { 5, 6, 87, 0, 3, 8, 346 }, // ,
    { 6, 4, 97, 0, 7, 6, 354 }, // -
    { 4, 4, 85, 1, 3, 4, 360 }, // .
    { 8, 15, 126, 0, 14, 30, 364 }, // /
    { 11, 15, 184, 0, 14, 42, 394 }, // 0
    { 7, 14, 157, 0, 14, 25, 436 }, // 1
    { 11, 14, 170, 0, 14, 39, 461 }, // 2
    { 11, 15, 174, 0, 14, 42, 500 }, // 3
    { 11, 14, 177, 0, 14, 39, 542 }, // 4
    { 10, 15, 176, 1, 14, 38, 581 }, // 5
    { 10, 15, 183, 1, 14, 38, 619 }, // 6
    { 10, 14, 162, 0, 14, 35, 657 }, // 7
    { 11, 15, 181, 0, 14, 42, 692 }, // 8
    { 11, 15, 183, 0, 14, 42, 734 }, // 9
    { 4, 12, 85, 1, 11, 12, 776 }, // :
    { 5, 14, 87, 0, 11, 18, 788 }, // ;
    { 11, 11, 174, 0, 12, 31, 806 }, // <
    { 11, 7, 174, 0, 10, 20, 837 }, // =
    { 11, 11, 174, 0, 12, 31, 857 }, // >
    { 9, 15, 145, 0, 14, 34, 888 }, // ?
    { 17, 16, 273, 0, 14, 68, 922 }, // @
    { 14, 14, 210, 0, 14, 49, 990 }, // A
    { 11, 14, 202, 1, 14, 39, 1039 }, // B
    { 11, 15, 195, 1, 14, 42, 1078 }, // C
    { 12, 14, 223, 1, 14, 42, 1120 }, // D
    { 9, 14, 170, 1, 14, 32, 1162 }, // E
    { 9, 14, 167, 1, 14, 32, 1194 }, // F
    { 12, 15, 220, 1, 14, 45, 1226 }, // G
    { 12, 14, 233, 1, 14, 42, 1271 }, // H
    { 7, 14, 118, 0, 14, 25, 1313 }, // I
    { 7, 18, 101, -2, 14, 32, 1338 }, // J
    { 12, 14, 202, 1, 14, 42, 1370 }, // K
    { 10, 14, 170, 1, 14, 35, 1412 }, // L
    { 16, 14, 287, 1, 14, 56, 1447 }, // M
    { 13, 14, 247, 1, 14, 46, 1503 }, // N
    { 13, 15, 240, 1, 14, 49, 1549 }, // O
    { 10, 14, 189, 1, 14, 35, 1598 }, // P
    { 13, 18, 240, 1, 14, 59, 1633 }, // Q
    { 12, 14, 199, 1, 14, 42, 1692 }, // R
    { 10, 15, 168, 0, 14, 38, 1734 }, // S
    { 11, 14, 175, 0, 14, 39, 1772 }, // T
    { 12, 15, 230, 1, 14, 45, 1811 }, // U
    { 13, 14, 198, 0, 14, 46, 1856 }, // V
    { 19, 14, 294, 0, 14, 67, 1902 }, // W
    { 13, 14, 204, 0, 14, 46, 1969 }, // X
    { 12, 14, 190, 0, 14, 42, 2015 }, // Y
    { 11, 14, 176, 0, 14, 39, 2057 }, // Z
    { 5, 17, 101, 1, 14, 22, 2096 }, // [
    { 8, 15, 126, 0, 14, 30, 2118 }, // <backslash>
    { 5, 17, 101, 0, 14, 22, 2148 }, // ]
    { 11, 10, 174, 0, 14, 28, 2170 }, // ^
    { 9, 2, 125, -1, -1, 5, 2198 }, // _
    { 7, 4, 111, 0, 15, 7, 2203 }, // `
    { 11, 12, 182, 0, 11, 33, 2210 }, // a
    { 11, 16, 192, 1, 15, 44, 2243 }, // b
    { 10, 12, 157, 0, 11, 30, 2287 }, // c
    { 11, 16, 192, 0, 15, 44, 2317 }, // d
    { 11, 12, 181, 0, 11, 33, 2361 }, // e
    { 9, 15, 118, 0, 15, 34, 2394 }, // f
    { 11, 16, 192, 0, 11, 44, 2428 }, // g
    { 10, 15, 198, 1, 15, 38, 2472 }, // h
    { 4, 15, 91, 1, 15, 15, 2510 }, // i
    { 6, 20, 91, -1, 15, 30, 2525 }, // j
    { 11, 15, 188, 1, 15, 42, 2555 }, // k
    { 4, 15, 91, 1, 15, 15, 2597 }, // l
    { 17, 11, 296, 1, 11, 47, 2612 }, // m
    { 10, 11, 198, 1, 11, 28, 2659 }, // n
    { 11, 12, 190, 0, 11, 33, 2687 }, // o
    { 11, 16, 192, 1, 11, 44, 2720 }, // p
    { 11, 16, 192, 0, 11, 44, 2764 }, // q
    { 8, 11, 136, 1, 11, 22, 2808 }, // r
    { 9, 12, 153, 0, 11, 27, 2830 }, // s
    { 8, 14, 132, 0, 13, 28, 2857 }, // t
    { 10, 12, 198, 1, 11, 30, 2885 }, // u
    { 11, 11, 174, 0, 11, 31, 2915 }, // v
    { 17, 11, 260, 0, 11, 47, 2946 }, // w
    { 11, 11, 176, 0, 11, 31, 2993 }, // x
    { 11, 16, 174, 0, 11, 44, 3024 }, // y
    { 9, 11, 150, 0, 11, 25, 3068 }, // z
    { 7, 17, 120, 0, 14, 30, 3093 }, // {
    { 3, 20, 168, 4, 15, 15, 3123 }, // |
    { 8, 17, 120, 0, 14, 34, 3138 }, // }
    { 11, 4, 174, 0, 9, 11, 3172 }, // ~
    { 0, 0, 79, 0, 0, 0, 0 }, // U+00A0
    { 4, 15, 87, 1, 11, 15, 0 }, // U+00A1
    { 9, 15, 174, 1, 14, 34, 15 }, // U+00A2
    { 11, 14, 174, 0, 14, 39, 49 }, // U+00A3
    { 10, 10, 173, 0, 12, 25, 88 }, // U+00A4
    { 11, 14, 174, 0, 14, 39, 113 }, // U+00A5
    { 3, 20, 168, 4, 15, 15, 152 }, // U+00A6
    { 9, 16, 148, 0, 15, 36, 167 }, // U+00A7
    { 8, 4, 180, 2, 15, 8, 203 }, // U+00A8
    { 15, 15, 253, 0, 14, 57, 211 }, // U+00A9
    { 7, 8, 116, 0, 14, 14, 268 }, // U+00AA
    { 11, 10, 187, 0, 10, 28, 282 }, // U+00AB
    { 11, 6, 174, 0, 8, 17, 310 }, // U+00AC
    { 6, 4, 97, 0, 7, 6, 327 }, // U+00AD
    { 15, 15, 253, 0, 14, 57, 333 }, // U+00AE
    { 11, 3, 152, -1, 17, 9, 390 }, // U+00AF
    { 8, 7, 129, 0, 14, 14, 399 }, // U+00B0
    { 11, 12, 174, 0, 12, 33, 413 }, // U+00B1
    { 7, 10, 115, 0, 17, 18, 446 }, // U+00B2
    { 7, 10, 116, 0, 17, 18, 464 }, // U+00B3
    { 7, 4, 111, 0, 15, 7, 482 }, // U+00B4
    { 10, 16, 199, 1, 11, 40, 489 }, // U+00B5
    { 11, 18, 197, 0, 15, 50, 529 }, // U+00B6
    { 4, 4, 85, 1, 8, 4, 579 }, // U+00B7
    { 5, 5, 80, 0, 0, 7, 583 }, // U+00B8
    { 6, 10, 116, 0, 17, 15, 590 }, // U+00B9
    { 7, 8, 117, 0, 14, 14, 605 }, // U+00BA
    { 11, 10, 187, 0, 10, 28, 619 }, // U+00BB
    { 16, 14, 252, 0, 14, 56, 647 }, // U+00BC
    { 16, 14, 266, 0, 14, 56, 703 }, // U+00BD
    { 16, 14, 257, 0, 14, 56, 759 }, // U+00BE
    { 9, 15, 145, 0, 11, 34, 815 }, // U+00BF
    { 14, 18, 210, 0, 18, 63, 849 }, // U+00C0
    { 14, 18, 210, 0, 18, 63, 912 }, // U+00C1
    { 14, 18, 210, 0, 18, 63, 975 }, // U+00C2
    { 14, 18, 210, 0, 18, 63, 1038 }, // U+00C3
    { 14, 18, 210, 0, 18, 63, 1101 }, // U+00C4
    { 14, 17, 210, 0, 17, 60, 1164 }, // U+00C5
    { 17, 14, 289, 0, 14, 60, 1224 }, // U+00C6
    { 11, 19, 195, 1, 14, 53, 1284 }, // U+00C7
    { 9, 18, 170, 1, 18, 41, 1337 }, // U+00C8
    { 9, 18, 170, 1, 18, 41, 1378 }, // U+00C9
    { 9, 18, 170, 1, 18, 41, 1419 }, // U+00CA
    { 9, 18, 170, 1, 18, 41, 1460 }, // U+00CB
    { 7, 18, 118, 0, 18, 32, 1501 }, // U+00CC
    { 8, 18, 118, 0, 18, 36, 1533 }, // U+00CD
    { 9, 18, 118, -1, 18, 41, 1569 }, // U+00CE
    { 8, 18, 118, 0, 18, 36, 1610 }, // U+00CF
    { 13, 14, 223, 0, 14, 46, 1646 }, // U+00D0
    { 13, 18, 245, 1, 18, 59, 1692 }, // U+00D1
    { 13, 19, 240, 1, 18, 62, 1751 }, // U+00D2
    { 13, 19, 240, 1, 18, 62, 1813 }, // U+00D3
    { 13, 19, 240, 1, 18, 62, 1875 }, // U+00D4
    { 13, 19, 240, 1, 18, 62, 1937 }, // U+00D5
    { 13, 19, 240, 1, 18, 62, 1999 }, // U+00D6
    { 9, 9, 174, 1, 11, 21, 2061 }, // U+00D7
    { 13, 16, 240, 1, 15, 52, 2082 }, // U+00D8
    { 12, 19, 230, 1, 18, 57, 2134 }, // U+00D9
    { 12, 19, 230, 1, 18, 57, 2191 }, // U+00DA
    { 12, 19, 230, 1, 18, 57, 2248 }, // U+00DB
    { 12, 19, 230, 1, 18, 57, 2305 }, // U+00DC
    { 12, 18, 190, 0, 18, 54, 2362 }, // U+00DD
    { 11, 14, 191, 1, 14, 39, 2416 }, // U+00DE
    { 12, 16, 214, 1, 15, 48, 2455 }, // U+00DF
    { 11, 16, 182, 0, 15, 44, 2503 }, // U+00E0
    { 11, 16, 182, 0, 15, 44, 2547 }, // U+00E1
    { 11, 16, 182, 0, 15, 44, 2591 }, // U+00E2
    { 11, 16, 182, 0, 15, 44, 2635 }, // U+00E3
    { 11, 16, 182, 0, 15, 44, 2679 }, // U+00E4
    { 11, 17, 182, 0, 16, 47, 2723 }, // U+00E5
    { 17, 12, 279, 0, 11, 51, 2770 }, // U+00E6
    { 10, 16, 157, 0, 11, 40, 2821 }, // U+00E7
    { 11, 16, 181, 0, 15, 44, 2861 }, // U+00E8
    { 11, 16, 181, 0, 15, 44, 2905 }, // U+00E9
    { 11, 16, 181, 0, 15, 44, 2949 }, // U+00EA
    { 11, 16, 181, 0, 15, 44, 2993 }, // U+00EB
    { 7, 15, 91, -1, 15, 27, 3037 }, // U+00EC
    { 6, 15, 91, 1, 15, 23, 3064 }, // U+00ED
    { 8, 15, 91, -1, 15, 30, 3087 }, // U+00EE
    { 8, 15, 91, -1, 15, 30, 3117 }, // U+00EF
    { 11, 16, 191, 0, 15, 44, 3147 }, // U+00F0
    { 10, 15, 198, 1, 15, 38, 3191 }, // U+00F1
    { 11, 16, 190, 0, 15, 44, 3229 }, // U+00F2
    { 11, 16, 190, 0, 15, 44, 3273 }, // U+00F3
    { 11, 16, 190, 0, 15, 44, 3317 }, // U+00F4
    { 11, 16, 190, 0, 15, 44, 3361 }, // U+00F5
    { 11, 16, 190, 0, 15, 44, 3405 }, // U+00F6
    { 11, 10, 174, 0, 12, 28, 3449 }, // U+00F7
    { 11, 12, 188, 0, 11, 33, 3477 }, // U+00F8
    { 10, 16, 198, 1, 15, 40, 3510 }, // U+00F9
    { 10, 16, 198, 1, 15, 40, 3550 }, // U+00FA
    { 10, 16, 198, 1, 15, 40, 3590 }, // U+00FB
    { 10, 16, 198, 1, 15, 40, 3630 }, // U+00FC
    { 11, 20, 174, 0, 15, 55, 3670 }, // U+00FD
    { 11, 20, 192, 1, 15, 55, 3725 }, // U+00FE
    { 11, 20, 174, 0, 15, 55, 3780 }, // U+00FF
    { 14, 17, 210, 0, 17, 60, 0 }, // U+0100
    { 11, 15, 182, 0, 14, 42, 60 }, // U+0101
    { 14, 18, 210, 0, 18, 63, 102 }, // U+0102
    { 11, 16, 182, 0, 15, 44, 165 }, // U+0103
    { 14, 19, 210, 0, 14, 67, 209 }, // U+0104
    { 11, 16, 182, 0, 11, 44, 276 }, // U+0105
    { 11, 19, 195, 1, 18, 53, 320 }, // U+0106
    { 10, 16, 157, 0, 15, 40, 373 }, // U+0107
    { 11, 19, 195, 1, 18, 53, 413 }, // U+0108
    { 10, 16, 157, 0, 15, 40, 466 }, // U+0109
    { 11, 19, 195, 1, 18, 53, 506 }, // U+010A
    { 10, 16, 157, 0, 15, 40, 559 }, // U+010B
    { 11, 19, 195, 1, 18, 53, 599 }, // U+010C
    { 10, 16, 157, 0, 15, 40, 652 }, // U+010D
    { 12, 18, 223, 1, 18, 54, 692 }, // U+010E
    { 15, 16, 192, 0, 15, 60, 746 }, // U+010F
    { 13, 14, 223, 0, 14, 46, 806 }, // U+0110
    { 13, 16, 196, 0, 15, 52, 852 }, // U+0111
    { 9, 17, 170, 1, 17, 39, 904 }, // U+0112
    { 11, 15, 181, 0, 14, 42, 943 }, // U+0113
    { 9, 18, 170, 1, 18, 41, 985 }, // U+0114
    { 11, 16, 181, 0, 15, 44, 1026 }, // U+0115
    { 9, 18, 170, 1, 18, 41, 1070 }, // U+0116
    { 11, 16, 181, 0, 15, 44, 1111 }, // U+0117
    { 9, 19, 170, 1, 14, 43, 1155 }, // U+0118
    { 11, 16, 180, 0, 11, 44, 1198 }, // U+0119
    { 9, 18, 170, 1, 18, 41, 1242 }, // U+011A
    { 11, 16, 181, 0, 15, 44, 1283 }, // U+011B
    { 12, 19, 220, 1, 18, 57, 1327 }, // U+011C
    { 11, 20, 192, 0, 15, 55, 1384 }, // U+011D
    { 12, 19, 220, 1, 18, 57, 1439 }, // U+011E
    { 11, 20, 192, 0, 15, 55, 1496 }, // U+011F
    { 12, 19, 220, 1, 18, 57, 1551 }, // U+0120
    { 11, 20, 192, 0, 15, 55, 1608 }, // U+0121
    { 12, 19, 220, 1, 14, 57, 1663 }, // U+0122
    { 11, 20, 192, 0, 15, 55, 1720 }, // U+0123
    { 12, 18, 233, 1, 18, 54, 1775 }, // U+0124
    { 12, 19, 198, -1, 19, 57, 1829 }, // U+0125
    { 15, 14, 233, 0, 14, 53, 1886 }, // U+0126
    { 12, 15, 200, 0, 15, 45, 1939 }, // U+0127
    { 9, 18, 118, -1, 18, 41, 1984 }, // U+0128
    { 8, 15, 91, -1, 15, 30, 2025 }, // U+0129
    { 7, 17, 118, 0, 17, 30, 2055 }, // U+012A
    { 7, 14, 91, -1, 14, 25, 2085 }, // U+012B
    { 8, 18, 118, 0, 18, 36, 2110 }, // U+012C
    { 8, 15, 91, -1, 15, 30, 2146 }, // U+012D
    { 7, 19, 118, 0, 14, 34, 2176 }, // U+012E
    { 5, 20, 91, 0, 15, 25, 2210 }, // U+012F
    { 7, 18, 118, 0, 18, 32, 2235 }, // U+0130
    { 4, 11, 91, 1, 11, 11, 2267 }, // U+0131
    { 13, 18, 219, 0, 14, 59, 2278 }, // U+0132
    { 10, 20, 185, 1, 15, 50, 2337 }, // U+0133
    { 9, 22, 101, -2, 18, 50, 2387 }, // U+0134
    { 8, 20, 91, -1, 15, 40, 2437 }, // U+0135
    { 12, 19, 201, 1, 14, 57, 2477 }, // U+0136
    { 11, 20, 188, 1, 15, 55, 2534 }, // U+0137
    { 11, 11, 188, 1, 11, 31, 2589 }, // U+0138
    { 10, 18, 170, 1, 18, 45, 2620 }, // U+0139
    { 6, 19, 91, 1, 19, 29, 2665 }, // U+013A
    { 10, 19, 170, 1, 14, 48, 2694 }, // U+013B
    { 4, 20, 91, 1, 15, 20, 2742 }, // U+013C
    { 10, 14, 170, 1, 14, 35, 2762 }, // U+013D
    { 8, 15, 91, 1, 15, 30, 2797 }, // U+013E
    { 10, 14, 170, 1, 14, 35, 2827 }, // U+013F
    { 7, 15, 112, 1, 15, 27, 2862 }, // U+0140
    { 11, 14, 172, 0, 14, 39, 2889 }, // U+0141
    { 8, 15, 93, -1, 15, 30, 2928 }, // U+0142
    { 13, 18, 245, 1, 18, 59, 2958 }, // U+0143
    { 10, 15, 198, 1, 15, 38, 3017 }, // U+0144
    { 13, 19, 245, 1, 14, 62, 3055 }, // U+0145
    { 10, 16, 198, 1, 11, 40, 3117 }, // U+0146
    { 13, 18, 245, 1, 18, 59, 3157 }, // U+0147
    { 10, 15, 198, 1, 15, 38, 3216 }, // U+0148
    { 15, 14, 236, -1, 14, 53, 3254 }, // U+0149
    { 13, 18, 247, 1, 14, 59, 3307 }, // U+014A
    { 10, 16, 198, 1, 11, 40, 3366 }, // U+014B
    { 13, 18, 240, 1, 17, 59, 3406 }, // U+014C
    { 11, 15, 190, 0, 14, 42, 3465 }, // U+014D
    { 13, 19, 240, 1, 18, 62, 3507 }, // U+014E
    { 11, 16, 190, 0, 15, 44, 3569 }, // U+014F
    { 13, 19, 240, 1, 18, 62, 3613 }, // U+0150
    { 11, 16, 190, 0, 15, 44, 3675 }, // U+0151
    { 17, 15, 296, 1, 14, 64, 3719 }, // U+0152
    { 18, 12, 297, 0, 11, 54, 3783 }, // U+0153
    { 12, 18, 199, 1, 18, 54, 3837 }, // U+0154
    { 8, 15, 136, 1, 15, 30, 3891 }, // U+0155
    { 12, 19, 199, 1, 14, 57, 3921 }, // U+0156
    { 8, 16, 136, 1, 11, 32, 3978 }, // U+0157
    { 12, 18, 199, 1, 18, 54, 4010 }, // U+0158
    { 9, 15, 136, 0, 15, 34, 4064 }, // U+0159
    { 10, 19, 168, 0, 18, 48, 4098 }, // U+015A
    { 9, 16, 153, 0, 15, 36, 4146 }, // U+015B
    { 10, 19, 168, 0, 18, 48, 4182 }, // U+015C
    { 9, 16, 153, 0, 15, 36, 4230 }, // U+015D
    { 10, 19, 168, 0, 14, 48, 4266 }, // U+015E
    { 9, 16, 153, 0, 11, 36, 4314 }, // U+015F
    { 10, 19, 168, 0, 18, 48, 4350 }, // U+0160
    { 9, 16, 153, 0, 15, 36, 4398 }, // U+0161
    { 11, 19, 175, 0, 14, 53, 4434 }, // U+0162
    { 8, 18, 132, 0, 13, 36, 4487 }, // U+0163
    { 11, 18, 175, 0, 18, 50, 4523 }, // U+0164
    { 11, 16, 132, 0, 15, 44, 4573 }, // U+0165
    { 11, 14, 175, 0, 14, 39, 4617 }, // U+0166
    { 8, 14, 132, 0, 13, 28, 4656 }, // U+0167
    { 12, 19, 230, 1, 18, 57, 4684 }, // U+0168
    { 10, 16, 198, 1, 15, 40, 4741 }, // U+0169
    { 12, 18, 230, 1, 17, 54, 4781 }, // U+016A
    { 10, 15, 198, 1, 14, 38, 4835 }, // U+016B
    { 12, 19, 230, 1, 18, 57, 4873 }, // U+016C
    { 10, 16, 198, 1, 15, 40, 4930 }, // U+016D
    { 12, 20, 230, 1, 19, 60, 4970 }, // U+016E
    { 10, 17, 198, 1, 16, 43, 5030 }, // U+016F
    { 12, 19, 230, 1, 18, 57, 5073 }, // U+0170
    { 10, 16, 198, 1, 15, 40, 5130 }, // U+0171
    { 12, 19, 230, 1, 14, 57, 5170 }, // U+0172
    { 10, 16, 198, 1, 11, 40, 5227 }, // U+0173
    { 19, 18, 294, 0, 18, 86, 5267 }, // U+0174
    { 17, 15, 262, 0, 15, 64, 5353 }, // U+0175
    { 12, 18, 190, 0, 18, 54, 5417 }, // U+0176
    { 11, 20, 174, 0, 15, 55, 5471 }, // U+0177
    { 12, 18, 190, 0, 18, 54, 5526 }, // U+0178
    { 11, 18, 176, 0, 18, 50, 5580 }, // U+0179
    { 9, 15, 150, 0, 15, 34, 5630 }, // U+017A
    { 11, 18, 176, 0, 18, 50, 5664 }, // U+017B
    { 9, 15, 150, 0, 15, 34, 5714 }, // U+017C
    { 11, 18, 176, 0, 18, 50, 5748 }, // U+017D
    { 9, 15, 150, 0, 15, 34, 5798 }, // U+017E
    { 7, 15, 116, 1, 15, 27, 5832 }, // U+017F
    { 16, 16, 250, 1, 15, 64, 0 }, // U+01A0
    { 14, 13, 207, 0, 12, 46, 64 }, // U+01A1
    { 16, 16, 269, 1, 15, 64, 110 }, // U+01AF
    { 15, 13, 230, 1, 12, 49, 174 }, // U+01B0
    { 24, 18, 398, 1, 18, 108, 223 }, // U+01C4
    { 22, 15, 372, 1, 15, 83, 331 }, // U+01C5
    { 21, 16, 342, 0, 15, 84, 414 }, // U+01C6
    { 15, 18, 272, 1, 14, 68, 498 }, // U+01C7
    { 15, 20, 264, 1, 15, 75, 566 }, // U+01C8
    { 10, 20, 185, 1, 15, 50, 641 }, // U+01C9
    { 20, 18, 348, 1, 14, 90, 691 }, // U+01CA
    { 19, 20, 340, 1, 15, 95, 781 }, // U+01CB
    { 16, 20, 292, 1, 15, 80, 876 }, // U+01CC
    { 14, 18, 210, 0, 18, 63, 956 }, // U+01CD
    { 11, 16, 182, 0, 15, 44, 1019 }, // U+01CE
    { 9, 18, 118, -1, 18, 41, 1063 }, // U+01CF
    { 9, 15, 91, -1, 15, 34, 1104 }, // U+01D0
    { 13, 19, 240, 1, 18, 62, 1138 }, // U+01D1
    { 11, 16, 190, 0, 15, 44, 1200 }, // U+01D2
    { 12, 19, 230, 1, 18, 57, 1244 }, // U+01D3
    { 10, 16, 198, 1, 15, 40, 1301 }, // U+01D4
    { 12, 21, 230, 1, 20, 63, 1341 }, // U+01D5
    { 10, 18, 198, 1, 17, 45, 1404 }, // U+01D6
    { 12, 21, 230, 1, 20, 63, 1449 }, // U+01D7
    { 10, 18, 198, 1, 17, 45, 1512 }, // U+01D8
    { 12, 21, 230, 1, 20, 63, 1557 }, // U+01D9
    { 10, 18, 198, 1, 17, 45, 1620 }, // U+01DA
    { 12, 21, 230, 1, 20, 63, 1665 }, // U+01DB
    { 10, 18, 198, 1, 17, 45, 1728 }, // U+01DC
    { 11, 12, 181, 0, 11, 33, 1773 }, // U+01DD
    { 14, 20, 210, 0, 20, 70, 1806 }, // U+01DE
    { 11, 18, 182, 0, 17, 50, 1876 }, // U+01DF
    { 14, 20, 210, 0, 20, 70, 1926 }, // U+01E0
    { 11, 18, 182, 0, 17, 50, 1996 }, // U+01E1
    { 17, 17, 289, 0, 17, 73, 2046 }, // U+01E2
    { 17, 15, 279, 0, 14, 64, 2119 }, // U+01E3
    { 13, 15, 220, 1, 14, 49, 2183 }, // U+01E4
    { 12, 16, 193, 0, 11, 48, 2232 }, // U+01E5
    { 12, 19, 220, 1, 18, 57, 2280 }, // U+01E6
    { 11, 20, 192, 0, 15, 55, 2337 }, // U+01E7
    { 12, 18, 201, 1, 18, 54, 2392 }, // U+01E8
    { 13, 19, 188, -1, 19, 62, 2446 }, // U+01E9
    { 13, 19, 240, 1, 14, 62, 2508 }, // U+01EA
    { 11, 16, 190, 0, 11, 44, 2570 }, // U+01EB
    { 13, 22, 240, 1, 17, 72, 2614 }, // U+01EC
    { 11, 19, 190, 0, 14, 53, 2686 }, // U+01ED
    { 11, 19, 180, 0, 18, 53, 2739 }, // U+01EE
    { 11, 20, 177, 0, 15, 55, 2792 }, // U+01EF
    { 9, 20, 91, -1, 15, 45, 2847 }, // U+01F0
    { 24, 14, 398, 1, 14, 84, 2892 }, // U+01F1
    { 22, 14, 372, 1, 14, 77, 2976 }, // U+01F2
    { 21, 16, 342, 0, 15, 84, 3053 }, // U+01F3
    { 12, 19, 220, 1, 18, 57, 3137 }, // U+01F4
    { 11, 20, 192, 0, 15, 55, 3194 }, // U+01F5
    { 18, 15, 319, 1, 14, 68, 3249 }, // U+01F6
    { 11, 19, 206, 1, 14, 53, 3317 }, // U+01F7
    { 13, 18, 245, 1, 18, 59, 3370 }, // U+01F8
    { 10, 15, 198, 1, 15, 38, 3429 }, // U+01F9
    { 14, 19, 210, 0, 19, 67, 3467 }, // U+01FA
    { 11, 20, 182, 0, 19, 55, 3534 }, // U+01FB
    { 17, 18, 289, 0, 18, 77, 3589 }, // U+01FC
    { 17, 16, 279, 0, 15, 68, 3666 }, // U+01FD
    { 13, 19, 240, 1, 18, 62, 3734 }, // U+01FE
    { 11, 16, 188, 0, 15, 44, 3796 }, // U+01FF
    { 14, 18, 210, 0, 18, 63, 3840 }, // U+0200
    { 11, 16, 182, 0, 15, 44, 3903 }, // U+0201
    { 14, 18, 210, 0, 18, 63, 3947 }, // U+0202
    { 11, 16, 182, 0, 15, 44, 4010 }, // U+0203
    { 10, 18, 170, 0, 18, 45, 4054 }, // U+0204
    { 11, 16, 181, 0, 15, 44, 4099 }, // U+0205
    { 9, 18, 170, 1, 18, 41, 4143 }, // U+0206
    { 11, 16, 181, 0, 15, 44, 4184 }, // U+0207
    { 9, 18, 118, -2, 18, 41, 4228 }, // U+0208
    { 9, 15, 91, -3, 15, 34, 4269 }, // U+0209
    { 8, 18, 118, 0, 18, 36, 4303 }, // U+020A
    { 8, 15, 91, -1, 15, 30, 4339 }, // U+020B
    { 13, 19, 240, 1, 18, 62, 4369 }, // U+020C
    { 11, 16, 190, 0, 15, 44, 4431 }, // U+020D
    { 13, 19, 240, 1, 18, 62, 4475 }, // U+020E
    { 11, 16, 190, 0, 15, 44, 4537 }, // U+020F
    { 12, 18, 199, 1, 18, 54, 4581 }, // U+0210
    { 10, 15, 136, -1, 15, 38, 4635 }, // U+0211
    { 12, 18, 199, 1, 18, 54, 4673 }, // U+0212
    { 8, 15, 136, 1, 15, 30, 4727 }, // U+0213
    { 12, 19, 230, 1, 18, 57, 4757 }, // U+0214
    { 10, 16, 198, 1, 15, 40, 4814 }, // U+0215
    { 12, 19, 230, 1, 18, 57, 4854 }, // U+0216
    { 10, 16, 198, 1, 15, 40, 4911 }, // U+0217
    { 10, 19, 168, 0, 14, 48, 4951 }, // U+0218
    { 9, 16, 153, 0, 11, 36, 4999 }, // U+0219
    { 11, 19, 175, 0, 14, 53, 5035 }, // U+021A
    { 8, 18, 132, 0, 13, 36, 5088 }, // U+021B
    { 12, 18, 191, 0, 14, 54, 5124 }, // U+021C
    { 9, 16, 154, 0, 11, 36, 5178 }, // U+021D
    { 12, 18, 233, 1, 18, 54, 5214 }, // U+021E
    { 12, 19, 198, -1, 19, 57, 5268 }, // U+021F
    { 7, 4, 0, -11, 15, 7, 0 }, // U+0300
    { 6, 4, 0, -7, 15, 6, 7 }, // U+0301
    { 8, 4, 0, -4, 15, 8, 13 }, // U+0302
    { 9, 4, 0, -11, 15, 9, 21 }, // U+0303
    { 8, 3, 0, -4, 14, 6, 30 }, // U+0304
    { 8, 2, 0, -4, 16, 4, 36 }, // U+0305
    { 8, 4, 0, -4, 15, 8, 40 }, // U+0306
    { 4, 4, 0, -2, 15, 4, 48 }, // U+0307
    { 8, 4, 0, -4, 15, 8, 52 }, // U+0308
    { 5, 5, 0, -8, 16, 7, 60 }, // U+0309
    { 6, 5, 0, -3, 16, 8, 67 }, // U+030A
    { 10, 4, 0, -4, 15, 10, 75 }, // U+030B
    { 9, 4, 0, -4, 15, 9, 85 }, // U+030C
    { 2, 4, 0, -1, 15, 2, 94 }, // U+030D
    { 6, 4, 0, -3, 15, 6, 96 }, // U+030E
    { 9, 4, 0, -11, 15, 9, 102 }, // U+030F
    { 8, 6, 0, -4, 17, 12, 111 }, // U+0310
    { 8, 4, 0, -4, 15, 8, 123 }, // U+0311
    { 4, 6, 0, -2, 14, 6, 131 }, // U+0312
    { 4, 6, 0, -2, 14, 6, 137 }, // U+0313
    { 4, 6, 0, -2, 14, 6, 143 }, // U+0314
    { 4, 6, 0, -2, 14, 6, 149 }, // U+0315
    { 7, 4, 0, -4, 0, 7, 155 }, // U+0316
    { 6, 4, 0, -3, 0, 6, 162 }, // U+0317
    { 4, 5, 0, -2, 0, 5, 168 }, // U+0318
    { 4, 5, 0, -2, 0, 5, 173 }, // U+0319
    { 5, 6, 91, 0, 15, 8, 178 }, // U+031A
    { 5, 5, 0, -2, 15, 7, 186 }, // U+031B
    { 4, 5, 0, -2, 0, 5, 193 }, // U+031C
    { 4, 4, 0, -2, 0, 4, 198 }, // U+031D
    { 4, 4, 0, -2, 0, 4, 202 }, // U+031E
    { 4, 5, 0, -2, 0, 5, 206 }, // U+031F
    { 5, 2, 0, -3, -1, 3, 211 }, // U+0320
    { 5, 6, 0, -5, 1, 8, 214 }, // U+0321
    { 5, 6, 0, 0, 1, 8, 222 }, // U+0322
    { 4, 4, 0, -8, -1, 4, 230 }, // U+0323
    { 8, 4, 0, -4, 0, 8, 234 }, // U+0324
    { 6, 5, 0, -3, 0, 8, 242 }, // U+0325
    { 4, 4, 0, -2, -1, 4, 250 }, // U+0326
    { 6, 5, 0, -3, 0, 8, 254 }, // U+0327
    { 4, 6, 0, -2, 1, 6, 262 }, // U+0328
    { 2, 4, 0, -1, 0, 2, 268 }, // U+0329
    { 8, 5, 0, -4, 0, 10, 270 }, // U+032A
    { 8, 3, 0, -4, -1, 6, 280 }, // U+032B
    { 9, 4, 0, -4, 0, 9, 286 }, // U+032C
    { 8, 4, 0, -4, 0, 8, 295 }, // U+032D
    { 8, 4, 0, -4, -1, 8, 303 }, // U+032E
    { 8, 4, 0, -4, -1, 8, 311 }, // U+032F
    { 8, 4, 0, -4, 0, 8, 319 }, // U+0330
    { 8, 3, 0, -4, -1, 6, 327 }, // U+0331
    { 10, 2, 0, -5, -1, 5, 333 }, // U+0332
    { 9, 5, 0, -5, 0, 12, 338 }, // U+0333
    { 8, 4, 0, -4, 7, 8, 350 }, // U+0334
    { 8, 2, 0, -4, 6, 4, 358 }, // U+0335
    { 14, 3, 0, -7, 7, 11, 362 }, // U+0336
    { 8, 6, 0, -4, 8, 12, 373 }, // U+0337
    { 8, 17, 0, -4, 15, 34, 385 }, // U+0338
    { 4, 5, 0, -2, 0, 5, 419 }, // U+0339
    { 8, 5, 0, -4, 0, 10, 424 }, // U+033A
    { 8, 5, 0, -4, 0, 10, 434 }, // U+033B
    { 8, 3, 0, -4, -1, 6, 444 }, // U+033C
    { 4, 5, 0, -2, 15, 5, 450 }, // U+033D
    { 4, 7, 0, -2, 17, 7, 455 }, // U+033E
    { 9, 5, 0, -5, 19, 12, 462 }, // U+033F
    { 7, 4, 0, -5, 15, 7, 474 }, // U+0340
    { 7, 4, 0, -2, 15, 7, 481 }, // U+0341
    { 8, 4, 0, -4, 15, 8, 488 }, // U+0342
    { 4, 4, 0, -2, 15, 4, 496 }, // U+0343
    { 10, 4, 0, -4, 15, 10, 500 }, // U+0344
    { 4, 5, 0, -1, 0, 5, 510 }, // U+0345
    { 10, 4, 0, -5, 15, 10, 515 }, // U+0346
    { 9, 5, 0, -5, 0, 12, 525 }, // U+0347
    { 6, 4, 0, -3, 0, 6, 537 }, // U+0348
    { 4, 4, 0, -2, -1, 4, 543 }, // U+0349
    { 8, 5, 0, -4, 15, 10, 547 }, // U+034A
    { 8, 8, 0, -4, 18, 16, 557 }, // U+034B
    { 8, 6, 0, -4, 17, 12, 573 }, // U+034C
    { 8, 5, 0, -4, 0, 10, 585 }, // U+034D
    { 4, 5, 0, -2, 0, 5, 595 }, // U+034E
    { 14, 14, 0, -7, 14, 49, 600 }, // U+034F
    { 4, 5, 0, -2, 16, 5, 649 }, // U+0350
    { 4, 6, 0, -2, 16, 6, 654 }, // U+0351
    { 8, 6, 0, -4, 17, 12, 660 }, // U+0352
    { 4, 5, 0, -2, 0, 5, 672 }, // U+0353
    { 4, 5, 0, -2, 0, 5, 677 }, // U+0354
    { 4, 5, 0, -2, 0, 5, 682 }, // U+0355
    { 8, 5, 0, -4, 0, 10, 687 }, // U+0356
    { 3, 6, 0, -1, 16, 5, 697 }, // U+0357
    { 4, 4, 0, 1, 15, 4, 702 }, // U+0358
    { 6, 5, 0, -3, 0, 8, 706 }, // U+0359
    { 8, 5, 0, -4, 0, 10, 714 }, // U+035A
    { 4, 4, 0, -2, 15, 4, 724 }, // U+035B
    { 16, 5, 0, -8, 0, 20, 728 }, // U+035C
    { 16, 5, 0, -8, 16, 20, 748 }, // U+035D
    { 12, 2, 0, -6, 13, 6, 768 }, // U+035E
    { 12, 2, 0, -6, -1, 6, 774 }, // U+035F
    { 16, 4, 0, -8, 15, 16, 780 }, // U+0360
    { 16, 5, 0, -8, 17, 20, 796 }, // U+0361
    { 16, 5, 0, -8, 0, 20, 816 }, // U+0362
    { 6, 5, 0, -3, 16, 8, 836 }, // U+0363
    { 5, 5, 0, -2, 16, 7, 844 }, // U+0364
    { 2, 7, 0, -1, 18, 4, 851 }, // U+0365
    { 6, 5, 0, -3, 16, 8, 855 }, // U+0366
    { 5, 5, 0, -2, 16, 7, 863 }, // U+0367
    { 5, 5, 0, -2, 16, 7, 870 }, // U+0368
    { 6, 7, 0, -3, 18, 11, 877 }, // U+0369
    { 5, 7, 0, -2, 18, 9, 888 }, // U+036A
    { 8, 5, 0, -4, 16, 10, 897 }, // U+036B
    { 4, 5, 0, -2, 16, 5, 907 }, // U+036C
    { 4, 6, 0, -2, 17, 6, 912 }, // U+036D
    { 6, 5, 0, -3, 16, 8, 918 }, // U+036E
    { 6, 5, 0, -3, 16, 8, 926 }, // U+036F
    { 9, 18, 171, 1, 18, 41, 0 }, // U+0400
    { 9, 18, 171, 1, 18, 41, 41 }, // U+0401
    { 14, 15, 233, 0, 14, 53, 82 }, // U+0402
    { 10, 18, 171, 1, 18, 45, 135 }, // U+0403
    { 12, 15, 198, 0, 14, 45, 180 }, // U+0404
    { 10, 15, 166, 0, 14, 38, 225 }, // U+0405
    { 4, 14, 98, 1, 14, 14, 263 }, // U+0406
    { 6, 18, 101, 0, 18, 27, 277 }, // U+0407
    { 7, 18, 101, -2, 14, 32, 304 }, // U+0408
    { 19, 15, 314, 0, 14, 72, 336 }, // U+0409
    { 19, 14, 323, 1, 14, 67, 408 }, // U+040A
    { 14, 14, 237, 0, 14, 49, 475 }, // U+040B
    { 13, 18, 208, 1, 18, 59, 524 }, // U+040C
    { 13, 18, 240, 1, 18, 59, 583 }, // U+040D
    { 13, 19, 196, 0, 18, 62, 642 }, // U+040E
    { 12, 17, 233, 1, 14, 51, 704 }, // U+040F
    { 14, 14, 210, 0, 14, 49, 755 }, // U+0410
    { 11, 14, 197, 1, 14, 39, 804 }, // U+0411
    { 11, 14, 201, 1, 14, 39, 843 }, // U+0412
    { 10, 14, 171, 1, 14, 35, 882 }, // U+0413
    { 15, 17, 236, 0, 14, 64, 917 }, // U+0414
    { 9, 14, 171, 1, 14, 32, 981 }, // U+0415
    { 19, 14, 303, 0, 14, 67, 1013 }, // U+0416
    { 11, 15, 180, 0, 14, 42, 1080 }, // U+0417
    { 13, 14, 240, 1, 14, 46, 1122 }, // U+0418
    { 13, 18, 240, 1, 18, 59, 1168 }, // U+0419
    { 13, 14, 211, 1, 14, 46, 1227 }, // U+041A
    { 13, 15, 223, 0, 14, 49, 1273 }, // U+041B
    { 16, 14, 287, 1, 14, 56, 1322 }, // U+041C
    { 12, 14, 234, 1, 14, 42, 1378 }, // U+041D
    { 14, 15, 236, 0, 14, 53, 1420 }, // U+041E
    { 12, 14, 232, 1, 14, 42, 1473 }, // U+041F
    { 10, 14, 189, 1, 14, 35, 1515 }, // U+0420
    { 12, 15, 196, 0, 14, 45, 1550 }, // U+0421
    { 11, 14, 175, 0, 14, 39, 1595 }, // U+0422
    { 13, 15, 196, 0, 14, 49, 1634 }, // U+0423
    { 16, 15, 274, 1, 14, 60, 1683 }, // U+0424
    { 13, 14, 203, 0, 14, 46, 1743 }, // U+0425
    { 14, 17, 236, 1, 14, 60, 1789 }, // U+0426
    { 11, 14, 219, 1, 14, 39, 1849 }, // U+0427
    { 18, 14, 324, 1, 14, 63, 1888 }, // U+0428
    { 20, 18, 326, 1, 14, 90, 1951 }, // U+0429
    { 14, 14, 229, 0, 14, 49, 2041 }, // U+042A
    { 15, 14, 280, 1, 14, 53, 2090 }, // U+042B
    { 11, 14, 196, 1, 14, 39, 2143 }, // U+042C
    { 12, 15, 199, 0, 14, 45, 2182 }, // U+042D
    { 18, 15, 309, 1, 14, 68, 2227 }, // U+042E
    { 12, 14, 207, 0, 14, 42, 2295 }, // U+042F
    { 10, 12, 181, 0, 11, 30, 2337 }, // U+0430
    { 12, 16, 190, 0, 15, 48, 2367 }, // U+0431
    { 10, 11, 181, 1, 11, 28, 2415 }, // U+0432
    { 8, 11, 144, 1, 11, 22, 2443 }, // U+0433
    { 12, 14, 194, 0, 11, 42, 2465 }, // U+0434
    { 11, 12, 178, 0, 11, 33, 2507 }, // U+0435
    { 17, 11, 263, 0, 11, 47, 2540 }, // U+0436
    { 10, 12, 157, 0, 11, 30, 2587 }, // U+0437
    { 11, 11, 205, 1, 11, 31, 2617 }, // U+0438
    { 11, 15, 205, 1, 15, 42, 2648 }, // U+0439
    { 11, 11, 187, 1, 11, 31, 2690 }, // U+043A
    { 11, 12, 189, 0, 11, 33, 2721 }, // U+043B
    { 14, 11, 254, 1, 11, 39, 2754 }, // U+043C
    { 10, 11, 199, 1, 11, 28, 2793 }, // U+043D
    { 11, 12, 189, 0, 11, 33, 2821 }, // U+043E
    { 10, 11, 198, 1, 11, 28, 2854 }, // U+043F
    { 11, 16, 193, 1, 11, 44, 2882 }, // U+0440
    { 10, 12, 159, 0, 11, 30, 2926 }, // U+0441
    { 10, 11, 154, 0, 11, 28, 2956 }, // U+0442
    { 12, 16, 174, -1, 11, 48, 2984 }, // U+0443
    { 15, 20, 246, 0, 15, 75, 3032 }, // U+0444
    { 11, 11, 175, 0, 11, 31, 3107 }, // U+0445
    { 12, 14, 198, 1, 11, 42, 3138 }, // U+0446
    { 10, 11, 194, 1, 11, 28, 3180 }, // U+0447
    { 16, 11, 290, 1, 11, 44, 3208 }, // U+0448
    { 17, 14, 290, 1, 11, 60, 3252 }, // U+0449
    { 12, 11, 204, 0, 11, 33, 3312 }, // U+044A
    { 14, 11, 260, 1, 11, 39, 3345 }, // U+044B
    { 10, 11, 180, 1, 11, 28, 3384 }, // U+044C
    { 10, 12, 159, 0, 11, 30, 3412 }, // U+044D
    { 15, 12, 259, 1, 11, 45, 3442 }, // U+044E
    { 11, 11, 184, 0, 11, 31, 3487 }, // U+044F
    { 11, 16, 178, 0, 15, 44, 3518 }, // U+0450
    { 11, 16, 178, 0, 15, 44, 3562 }, // U+0451
    { 11, 20, 199, 0, 15, 55, 3606 }, // U+0452
    { 9, 15, 146, 1, 15, 34, 3661 }, // U+0453
    { 10, 12, 159, 0, 11, 30, 3695 }, // U+0454
    { 9, 12, 151, 0, 11, 27, 3725 }, // U+0455
    { 4, 15, 94, 1, 15, 15, 3752 }, // U+0456
    { 6, 15, 91, 0, 15, 23, 3767 }, // U+0457
    { 6, 20, 91, -1, 15, 30, 3790 }, // U+0458
    { 17, 12, 273, 0, 11, 51, 3820 }, // U+0459
    { 16, 11, 282, 1, 11, 44, 3871 }, // U+045A
    { 11, 15, 199, 0, 15, 42, 3915 }, // U+045B
    { 11, 15, 187, 1, 15, 42, 3957 }, // U+045C
    { 11, 15, 205, 1, 15, 42, 3999 }, // U+045D
    { 12, 20, 174, -1, 15, 60, 4041 }, // U+045E
    { 10, 14, 198, 1, 11, 35, 4101 }, // U+045F
    { 18, 14, 290, 0, 14, 63, 4136 }, // U+0460
    { 17, 11, 269, 0, 11, 47, 4199 }, // U+0461
    { 12, 14, 205, 0, 14, 42, 4246 }, // U+0462
    { 12, 13, 202, 0, 13, 39, 4288 }, // U+0463
    { 17, 15, 289, 1, 14, 64, 4327 }, // U+0464
    { 14, 12, 244, 1, 11, 42, 4391 }, // U+0465
    { 14, 14, 222, 0, 14, 49, 4433 }, // U+0466
    { 13, 11, 195, 0, 11, 36, 4482 }, // U+0467
    { 19, 14, 306, 1, 14, 67, 4518 }, // U+0468
    { 17, 11, 274, 1, 11, 47, 4585 }, // U+0469
    { 15, 14, 244, 0, 14, 53, 4632 }, // U+046A
    { 12, 11, 189, 0, 11, 33, 4685 }, // U+046B
    { 19, 14, 326, 1, 14, 67, 4718 }, // U+046C
    { 16, 11, 268, 1, 11, 44, 4785 }, // U+046D
    { 12, 22, 192, 0, 17, 66, 4829 }, // U+046E
    { 10, 18, 169, 0, 13, 45, 4895 }, // U+046F
    { 15, 14, 268, 1, 14, 53, 4940 }, // U+0470
    { 14, 20, 256, 1, 15, 70, 4993 }, // U+0471
    { 13, 15, 240, 1, 14, 49, 5063 }, // U+0472
    { 11, 12, 188, 0, 11, 33, 5112 }, // U+0473
    { 14, 14, 218, 0, 14, 49, 5145 }, // U+0474
    { 12, 11, 184, 0, 11, 33, 5194 }, // U+0475
    { 14, 18, 218, 0, 18, 63, 5227 }, // U+0476
    { 12, 15, 184, 0, 15, 45, 5290 }, // U+0477
    { 25, 19, 401, 1, 14, 119, 5335 }, // U+0478
    { 23, 16, 358, 0, 11, 92, 5454 }, // U+0479
    { 14, 17, 253, 1, 15, 60, 5546 }, // U+047A
    { 13, 14, 208, 0, 12, 46, 5606 }, // U+047B
    { 19, 22, 331, 1, 21, 105, 5652 }, // U+047C
    { 17, 19, 291, 0, 18, 81, 5757 }, // U+047D
    { 18, 18, 291, 0, 18, 81, 5838 }, // U+047E
    { 17, 14, 269, 0, 14, 60, 5919 }, // U+047F
    { 12, 19, 206, 1, 14, 57, 5979 }, // U+0480
    { 10, 16, 159, 0, 11, 40, 6036 }, // U+0481
    { 11, 13, 185, 0, 12, 36, 6076 }, // U+0482
    { 8, 4, 0, -9, 14, 8, 6112 }, // U+0483
    { 8, 4, 0, -9, 15, 8, 6120 }, // U+0484
    { 4, 5, 0, -7, 16, 5, 6128 }, // U+0485
    { 4, 5, 0, -7, 16, 5, 6133 }, // U+0486
    { 8, 4, 0, -4, 18, 8, 6138 }, // U+0487
    { 22, 20, 0, -11, 15, 110, 6146 }, // U+0488
    { 22, 22, 0, -11, 16, 121, 6256 }, // U+0489
    { 17, 22, 278, 1, 18, 94, 6377 }, // U+048A
    { 14, 19, 244, 1, 15, 67, 6471 }, // U+048B
    { 12, 14, 194, 0, 14, 42, 6538 }, // U+048C
    { 11, 15, 187, 0, 15, 42, 6580 }, // U+048D
    { 11, 14, 191, 1, 14, 39, 6622 }, // U+048E
    { 11, 16, 192, 1, 11, 44, 6661 }, // U+048F
    { 10, 17, 176, 1, 17, 43, 6705 }, // U+0490
    { 9, 14, 156, 1, 14, 32, 6748 }, // U+0491
    { 11, 14, 170, 0, 14, 39, 6780 }, // U+0492
    { 9, 11, 149, 0, 11, 25, 6819 }, // U+0493
    { 12, 19, 223, 1, 14, 57, 6844 }, // U+0494
    { 10, 16, 183, 1, 11, 40, 6901 }, // U+0495
    { 20, 18, 313, 0, 14, 90, 6941 }, // U+0496
    { 19, 15, 285, -1, 11, 72, 7031 }, // U+0497
    { 11, 19, 180, 0, 14, 53, 7103 }, // U+0498
    { 10, 16, 157, 0, 11, 40, 7156 }, // U+0499
    { 13, 18, 230, 1, 14, 59, 7196 }, // U+049A
    { 12, 15, 200, 1, 11, 45, 7255 }, // U+049B
    { 12, 14, 203, 1, 14, 42, 7300 }, // U+049C
    { 11, 11, 188, 1, 11, 31, 7342 }, // U+049D
    { 14, 14, 211, 0, 14, 49, 7373 }, // U+049E
    { 12, 15, 191, 0, 15, 45, 7422 }, // U+049F
    { 15, 14, 223, 0, 14, 53, 7467 }, // U+04A0
    { 14, 11, 211, 0, 11, 39, 7520 }, // U+04A1
    { 15, 18, 256, 1, 14, 68, 7559 }, // U+04A2
    { 13, 15, 226, 1, 11, 49, 7627 }, // U+04A3
    { 15, 14, 254, 1, 14, 53, 7676 }, // U+04A4
    { 14, 11, 230, 1, 11, 39, 7729 }, // U+04A5
    { 20, 19, 342, 1, 14, 95, 7768 }, // U+04A6
    { 16, 16, 270, 1, 11, 64, 7863 }, // U+04A7
    { 14, 15, 236, 1, 14, 53, 7927 }, // U+04A8
    { 12, 12, 199, 0, 11, 36, 7980 }, // U+04A9
    { 11, 19, 195, 1, 14, 53, 8016 }, // U+04AA
    { 10, 16, 157, 0, 11, 40, 8069 }, // U+04AB
    { 11, 18, 176, 0, 14, 50, 8109 }, // U+04AC
    { 11, 15, 167, 0, 11, 42, 8159 }, // U+04AD
    { 12, 14, 190, 0, 14, 42, 8201 }, // U+04AE
    { 11, 16, 174, 0, 11, 44, 8243 }, // U+04AF
    { 12, 14, 190, 0, 14, 42, 8287 }, // U+04B0
    { 11, 16, 174, 0, 11, 44, 8329 }, // U+04B1
    { 14, 18, 226, 0, 14, 63, 8373 }, // U+04B2
    { 12, 15, 193, 0, 11, 45, 8436 }, // U+04B3
    { 18, 18, 283, 0, 14, 81, 8481 }, // U+04B4
    { 15, 15, 240, 0, 11, 57, 8562 }, // U+04B5
    { 14, 18, 244, 1, 14, 63, 8619 }, // U+04B6
    { 13, 15, 221, 1, 11, 49, 8682 }, // U+04B7
    { 12, 14, 223, 1, 14, 42, 8731 }, // U+04B8
    { 11, 11, 200, 1, 11, 31, 8773 }, // U+04B9
    { 12, 14, 223, 1, 14, 42, 8804 }, // U+04BA
    { 10, 15, 198, 1, 15, 38, 8846 }, // U+04BB
    { 17, 15, 288, 0, 14, 64, 8884 }, // U+04BC
    { 14, 12, 215, -1, 11, 42, 8948 }, // U+04BD
    { 17, 18, 288, 0, 14, 77, 8990 }, // U+04BE
    { 14, 15, 215, -1, 11, 53, 9067 }, // U+04BF
    { 7, 14, 118, 0, 14, 25, 9120 }, // U+04C0
    { 19, 18, 304, 0, 18, 86, 9145 }, // U+04C1
    { 17, 15, 263, 0, 15, 64, 9231 }, // U+04C2
    { 13, 19, 231, 1, 14, 62, 9295 }, // U+04C3
    { 11, 16, 199, 1, 11, 44, 9357 }, // U+04C4
    { 16, 18, 255, 0, 14, 72, 9401 }, // U+04C5
    { 14, 15, 221, 0, 11, 53, 9473 }, // U+04C6
    { 12, 19, 233, 1, 14, 57, 9526 }, // U+04C7
    { 11, 16, 201, 1, 11, 44, 9583 }, // U+04C8
    { 15, 18, 261, 1, 14, 68, 9627 }, // U+04C9
    { 13, 15, 226, 1, 11, 49, 9695 }, // U+04CA
    { 12, 18, 223, 1, 14, 54, 9744 }, // U+04CB
    { 10, 15, 199, 1, 11, 38, 9798 }, // U+04CC
    { 19, 18, 315, 1, 14, 86, 9836 }, // U+04CD
    { 17, 15, 282, 1, 11, 64, 9922 }, // U+04CE
    { 7, 14, 118, 0, 14, 25, 9986 }, // U+04CF
    { 14, 18, 210, 0, 18, 63, 10011 }, // U+04D0
    { 11, 16, 182, 0, 15, 44, 10074 }, // U+04D1
    { 14, 18, 210, 0, 18, 63, 10118 }, // U+04D2
    { 11, 16, 182, 0, 15, 44, 10181 }, // U+04D3
    { 17, 14, 289, 0, 14, 60, 10225 }, // U+04D4
    { 17, 12, 279, 0, 11, 51, 10285 }, // U+04D5
    { 9, 18, 170, 1, 18, 41, 10336 }, // U+04D6
    { 11, 16, 181, 0, 15, 44, 10377 }, // U+04D7
    { 14, 15, 248, 1, 14, 53, 10421 }, // U+04D8
    { 11, 12, 181, 0, 11, 33, 10474 }, // U+04D9
    { 14, 19, 248, 1, 18, 67, 10507 }, // U+04DA
    { 11, 16, 181, 0, 15, 44, 10574 }, // U+04DB
    { 19, 18, 304, 0, 18, 86, 10618 }, // U+04DC
    { 17, 15, 263, 0, 15, 64, 10704 }, // U+04DD
    { 11, 19, 180, 0, 18, 53, 10768 }, // U+04DE
    { 10, 16, 157, 0, 15, 40, 10821 }, // U+04DF
    { 11, 15, 180, 0, 14, 42, 10861 }, // U+04E0
    { 11, 16, 177, 0, 11, 44, 10903 }, // U+04E1
    { 13, 17, 240, 1, 17, 56, 10947 }, // U+04E2
    { 11, 14, 205, 1, 14, 39, 11003 }, // U+04E3
    { 13, 18, 240, 1, 18, 59, 11042 }, // U+04E4
    { 11, 15, 205, 1, 15, 42, 11101 }, // U+04E5
    { 13, 19, 240, 1, 18, 62, 11143 }, // U+04E6
    { 11, 16, 190, 0, 15, 44, 11205 }, // U+04E7
    { 13, 15, 240, 1, 14, 49, 11249 }, // U+04E8
    { 11, 12, 190, 0, 11, 33, 11298 }, // U+04E9
    { 13, 19, 240, 1, 18, 62, 11331 }, // U+04EA
    { 11, 16, 190, 0, 15, 44, 11393 }, // U+04EB
    { 12, 19, 198, 0, 18, 57, 11437 }, // U+04EC
    { 10, 16, 159, 0, 15, 40, 11494 }, // U+04ED
    { 13, 18, 196, 0, 17, 59, 11534 }, // U+04EE
    { 12, 19, 174, -1, 14, 57, 11593 }, // U+04EF
    { 13, 19, 196, 0, 18, 62, 11650 }, // U+04F0
    { 12, 20, 174, -1, 15, 60, 11712 }, // U+04F1
    { 13, 19, 196, 0, 18, 62, 11772 }, // U+04F2
    { 11, 20, 174, 0, 15, 55, 11834 }, // U+04F3
    { 11, 18, 219, 1, 18, 50, 11889 }, // U+04F4
    { 10, 15, 194, 1, 15, 38, 11939 }, // U+04F5
    { 10, 18, 171, 1, 14, 45, 11977 }, // U+04F6
    { 8, 15, 145, 1, 11, 30, 12022 }, // U+04F7
    { 15, 18, 280, 1, 18, 68, 12052 }, // U+04F8
    { 14, 15, 260, 1, 15, 53, 12120 }, // U+04F9
    { 11, 19, 170, 0, 14, 53, 12173 }, // U+04FA
    { 9, 16, 149, 0, 11, 36, 12226 }, // U+04FB
    { 14, 19, 222, 0, 14, 67, 12262 }, // U+04FC
    { 12, 16, 196, 0, 11, 48, 12329 }, // U+04FD
    { 13, 14, 204, 0, 14, 46, 12377 }, // U+04FE
    { 11, 11, 176, 0, 11, 31, 12423 }, // U+04FF
    { 14, 19, 210, 0, 14, 67, 0 }, // U+1EA0
    { 11, 16, 182, 0, 11, 44, 67 }, // U+1EA1
    { 14, 19, 210, 0, 19, 67, 111 }, // U+1EA2
    { 11, 17, 182, 0, 16, 47, 178 }, // U+1EA3
    { 14, 19, 210, 0, 19, 67, 225 }, // U+1EA4
    { 12, 17, 182, 0, 16, 51, 292 }, // U+1EA5
    { 14, 19, 210, 0, 19, 67, 343 }, // U+1EA6
    { 12, 17, 182, -1, 16, 51, 410 }, // U+1EA7
    { 14, 20, 210, 0, 20, 70, 461 }, // U+1EA8
    { 12, 18, 182, 0, 17, 54, 531 }, // U+1EA9
    { 14, 21, 210, 0, 21, 74, 585 }, // U+1EAA
    { 11, 18, 182, 0, 17, 50, 659 }, // U+1EAB
    { 14, 23, 210, 0, 18, 81, 709 }, // U+1EAC
    { 11, 20, 182, 0, 15, 55, 790 }, // U+1EAD
    { 14, 20, 210, 0, 20, 70, 845 }, // U+1EAE
    { 11, 18, 182, 0, 17, 50, 915 }, // U+1EAF
    { 14, 20, 210, 0, 20, 70, 965 }, // U+1EB0
    { 11, 18, 182, 0, 17, 50, 1035 }, // U+1EB1
    { 14, 20, 210, 0, 20, 70, 1085 }, // U+1EB2
    { 11, 18, 182, 0, 17, 50, 1155 }, // U+1EB3
    { 14, 21, 210, 0, 21, 74, 1205 }, // U+1EB4
    { 11, 18, 182, 0, 17, 50, 1279 }, // U+1EB5
    { 14, 23, 210, 0, 18, 81, 1329 }, // U+1EB6
    { 11, 20, 182, 0, 15, 55, 1410 }, // U+1EB7
    { 9, 19, 170, 1, 14, 43, 1465 }, // U+1EB8
    { 11, 16, 181, 0, 11, 44, 1508 }, // U+1EB9
    { 9, 19, 170, 1, 19, 43, 1552 }, // U+1EBA
    { 11, 17, 181, 0, 16, 47, 1595 }, // U+1EBB
    { 9, 18, 170, 1, 18, 41, 1642 }, // U+1EBC
    { 11, 16, 181, 0, 15, 44, 1683 }, // U+1EBD
    { 11, 19, 170, 1, 19, 53, 1727 }, // U+1EBE
    { 13, 17, 181, 0, 16, 56, 1780 }, // U+1EBF
    { 12, 19, 170, -2, 19, 57, 1836 }, // U+1EC0
    { 12, 17, 181, -1, 16, 51, 1893 }, // U+1EC1
    { 10, 20, 170, 1, 20, 50, 1944 }, // U+1EC2
    { 12, 18, 181, 0, 17, 54, 1994 }, // U+1EC3
    { 9, 21, 170, 1, 21, 48, 2048 }, // U+1EC4
    { 11, 18, 181, 0, 17, 50, 2096 }, // U+1EC5
    { 9, 23, 170, 1, 18, 52, 2146 }, // U+1EC6
    { 11, 20, 181, 0, 15, 55, 2198 }, // U+1EC7
    { 7, 19, 118, 0, 19, 34, 2253 }, // U+1EC8
    { 5, 16, 91, 1, 16, 20, 2287 }, // U+1EC9
    { 7, 19, 118, 0, 14, 34, 2307 }, // U+1ECA
    { 4, 20, 91, 1, 15, 20, 2341 }, // U+1ECB
    { 13, 19, 240, 1, 14, 62, 2361 }, // U+1ECC
    { 11, 16, 190, 0, 11, 44, 2423 }, // U+1ECD
    { 13, 20, 240, 1, 19, 65, 2467 }, // U+1ECE
    { 11, 17, 190, 0, 16, 47, 2532 }, // U+1ECF
    { 13, 20, 240, 1, 19, 65, 2579 }, // U+1ED0
    { 13, 17, 190, 0, 16, 56, 2644 }, // U+1ED1
    { 13, 20, 240, 1, 19, 65, 2700 }, // U+1ED2
    { 12, 17, 190, -1, 16, 51, 2765 }, // U+1ED3
    { 13, 21, 240, 1, 20, 69, 2816 }, // U+1ED4
    { 12, 18, 190, 0, 17, 54, 2885 }, // U+1ED5
    { 13, 22, 240, 1, 21, 72, 2939 }, // U+1ED6
    { 11, 18, 190, 0, 17, 50, 3011 }, // U+1ED7
    { 13, 23, 240, 1, 18, 75, 3061 }, // U+1ED8
    { 11, 20, 190, 0, 15, 55, 3136 }, // U+1ED9
    { 16, 19, 250, 1, 18, 76, 3191 }, // U+1EDA
    { 14, 16, 207, 0, 15, 56, 3267 }, // U+1EDB
    { 16, 19, 250, 1, 18, 76, 3323 }, // U+1EDC
    { 14, 16, 207, 0, 15, 56, 3399 }, // U+1EDD
    { 16, 20, 250, 1, 19, 80, 3455 }, // U+1EDE
    { 14, 17, 207, 0, 16, 60, 3535 }, // U+1EDF
    { 16, 19, 250, 1, 18, 76, 3595 }, // U+1EE0
    { 14, 16, 207, 0, 15, 56, 3671 }, // U+1EE1
    { 16, 20, 250, 1, 15, 80, 3727 }, // U+1EE2
    { 14, 17, 207, 0, 12, 60, 3807 }, // U+1EE3
    { 12, 19, 230, 1, 14, 57, 3867 }, // U+1EE4
    { 10, 16, 198, 1, 11, 40, 3924 }, // U+1EE5
    { 12, 20, 230, 1, 19, 60, 3964 }, // U+1EE6
    { 10, 17, 198, 1, 16, 43, 4024 }, // U+1EE7
    { 16, 19, 269, 1, 18, 76, 4067 }, // U+1EE8
    { 15, 16, 230, 1, 15, 60, 4143 }, // U+1EE9
    { 16, 19, 269, 1, 18, 76, 4203 }, // U+1EEA
    { 15, 16, 230, 1, 15, 60, 4279 }, // U+1EEB
    { 16, 20, 269, 1, 19, 80, 4339 }, // U+1EEC
    { 15, 17, 230, 1, 16, 64, 4419 }, // U+1EED
    { 16, 19, 269, 1, 18, 76, 4483 }, // U+1EEE
    { 15, 16, 230, 1, 15, 60, 4559 }, // U+1EEF
    { 16, 20, 269, 1, 15, 80, 4619 }, // U+1EF0
    { 15, 17, 230, 1, 12, 64, 4699 }, // U+1EF1
    { 12, 18, 190, 0, 18, 54, 4763 }, // U+1EF2
    { 11, 20, 174, 0, 15, 55, 4817 }, // U+1EF3
    { 12, 19, 190, 0, 14, 57, 4872 }, // U+1EF4
    { 11, 16, 174, 0, 11, 44, 4929 }, // U+1EF5
    { 12, 19, 190, 0, 19, 57, 4973 }, // U+1EF6
    { 11, 21, 174, 0, 16, 58, 5030 }, // U+1EF7
    { 12, 18, 190, 0, 18, 54, 5088 }, // U+1EF8
    { 11, 20, 174, 0, 15, 55, 5142 }, // U+1EF9
    { 0, 0, 152, 0, 0, 0, 0 }, // U+2000
    { 0, 0, 304, 0, 0, 0, 0 }, // U+2001
    { 0, 0, 152, 0, 0, 0, 0 }, // U+2002
    { 0, 0, 304, 0, 0, 0, 0 }, // U+2003
    { 0, 0, 101, 0, 0, 0, 0 }, // U+2004
    { 0, 0, 76, 0, 0, 0, 0 }, // U+2005
    { 0, 0, 51, 0, 0, 0, 0 }, // U+2006
    { 0, 0, 174, 0, 0, 0, 0 }, // U+2007
    { 0, 0, 85, 0, 0, 0, 0 }, // U+2008
    { 0, 0, 50, 0, 0, 0, 0 }, // U+2009
    { 0, 0, 30, 0, 0, 0, 0 }, // U+200A
    { 0, 0, 0, 0, 0, 0, 0 }, // U+200B
    { 0, 0, 0, 0, 0, 0, 0 }, // U+200C
    { 0, 0, 0, 0, 0, 0, 0 }, // U+200D
    { 6, 17, 0, -1, 14, 26, 0 }, // U+200E
    { 6, 17, 0, -5, 14, 26, 26 }, // U+200F
    { 6, 4, 97, 0, 7, 6, 52 }, // U+2010
    { 6, 4, 97, 0, 7, 6, 58 }, // U+2011
    { 11, 3, 175, 0, 8, 9, 64 }, // U+2012
    { 9, 3, 152, 0, 7, 7, 73 }, // U+2013
    { 19, 3, 304, 0, 7, 15, 80 }, // U+2014
    { 19, 3, 304, 0, 7, 15, 95 }, // U+2015
    { 8, 20, 168, 1, 15, 40, 110 }, // U+2016
    { 9, 5, 125, -1, 0, 12, 150 }, // U+2017
    { 4, 6, 66, 0, 14, 6, 162 }, // U+2018
    { 4, 6, 66, 0, 14, 6, 168 }, // U+2019
    { 5, 6, 87, 0, 3, 8, 174 }, // U+201A
    { 4, 6, 66, 0, 14, 6, 182 }, // U+201B
    { 9, 6, 135, 0, 14, 14, 188 }, // U+201C
    { 9, 6, 135, 0, 14, 14, 202 }, // U+201D
    { 9, 6, 156, 0, 3, 14, 216 }, // U+201E
    { 9, 6, 135, 0, 14, 14, 230 }, // U+201F
    { 8, 15, 156, 1, 15, 30, 244 }, // U+2020
    { 8, 15, 158, 1, 15, 30, 274 }, // U+2021
    { 7, 7, 114, 0, 10, 13, 304 }, // U+2022
    { 6, 8, 114, 1, 11, 12, 317 }, // U+2023
    { 4, 4, 152, 3, 3, 4, 329 }, // U+2024
    { 9, 4, 175, 1, 3, 9, 333 }, // U+2025
    { 15, 4, 260, 1, 3, 15, 342 }, // U+2026
    { 4, 4, 85, 1, 7, 4, 357 }, // U+2027
    { 0, 0, 182, 0, 0, 0, 361 }, // U+2028
    { 0, 0, 182, 0, 0, 0, 361 }, // U+2029
    { 6, 15, 0, -1, 12, 23, 361 }, // U+202A
    { 6, 15, 0, -5, 12, 23, 384 }, // U+202B
    { 6, 17, 0, -3, 14, 26, 407 }, // U+202C
    { 6, 17, 0, -3, 14, 26, 433 }, // U+202D
    { 6, 17, 0, -3, 14, 26, 459 }, // U+202E
    { 0, 0, 50, 0, 0, 0, 485 }, // U+202F
    { 24, 15, 389, 0, 14, 90, 485 }, // U+2030
    { 32, 15, 507, 0, 14, 120, 575 }, // U+2031
    { 6, 6, 92, 0, 14, 9, 695 }, // U+2032
    { 11, 6, 159, 0, 14, 17, 704 }, // U+2033
    { 15, 6, 226, 0, 14, 23, 721 }, // U+2034
    { 6, 6, 128, 0, 14, 9, 744 }, // U+2035
    { 11, 6, 195, 0, 14, 17, 753 }, // U+2036
    { 15, 6, 263, 0, 14, 23, 770 }, // U+2037
    { 8, 7, 124, 0, 2, 14, 793 }, // U+2038
    { 7, 10, 111, 0, 10, 18, 807 }, // U+2039
    { 7, 10, 111, 0, 10, 18, 825 }, // U+203A
    { 16, 15, 258, 0, 14, 60, 843 }, // U+203B
    { 9, 15, 173, 1, 14, 34, 903 }, // U+203C
    { 9, 15, 145, 0, 14, 34, 937 }, // U+203D
    { 11, 3, 152, -1, 17, 9, 971 }, // U+203E
    { 12, 5, 185, 0, 0, 15, 980 }, // U+203F
    { 12, 6, 185, 0, 16, 18, 995 }, // U+2040
    { 8, 13, 129, 0, 8, 26, 1013 }, // U+2041
    { 22, 18, 340, 0, 15, 99, 1039 }, // U+2042
    { 6, 4, 97, 0, 7, 6, 1138 }, // U+2043
    { 11, 14, 40, -4, 14, 39, 1144 }, // U+2044
    { 5, 17, 101, 1, 14, 22, 1183 }, // U+2045
    { 5, 17, 101, 0, 14, 22, 1205 }, // U+2046
    { 18, 15, 288, 0, 14, 68, 1227 }, // U+2047
    { 14, 15, 232, 0, 14, 53, 1295 }, // U+2048
    { 14, 15, 232, 1, 14, 53, 1348 }, // U+2049
    { 11, 11, 179, 0, 11, 31, 1401 }, // U+204A
    { 11, 18, 197, 1, 15, 50, 1432 }, // U+204B
    { 10, 11, 199, 1, 11, 28, 1482 }, // U+204C
    { 11, 11, 199, 1, 11, 31, 1510 }, // U+204D
    { 10, 10, 165, 0, 6, 25, 1541 }, // U+204E
    { 4, 14, 87, 1, 11, 14, 1566 }, // U+204F
    { 12, 21, 182, 0, 16, 63, 1580 }, // U+2050
    { 10, 20, 165, 0, 15, 50, 1643 }, // U+2051
    { 8, 15, 128, 0, 14, 30, 1693 }, // U+2052
    { 19, 5, 304, 0, 8, 24, 1723 }, // U+2053
    { 12, 5, 182, 0, 0, 15, 1747 }, // U+2054
    { 11, 10, 170, 0, 10, 28, 1762 }, // U+2055
    { 9, 15, 176, 1, 14, 34, 1790 }, // U+2056
    { 18, 6, 284, 0, 14, 27, 1824 }, // U+2057
    { 15, 15, 265, 1, 14, 57, 1851 }, // U+2058
    { 15, 15, 265, 1, 14, 57, 1908 }, // U+2059
    { 4, 15, 87, 1, 14, 15, 1965 }, // U+205A
    { 12, 16, 211, 1, 15, 48, 1980 }, // U+205B
    { 16, 16, 259, 0, 15, 64, 2028 }, // U+205C
    { 4, 16, 85, 1, 15, 16, 2092 }, // U+205D
    { 4, 15, 87, 1, 14, 15, 2108 }, // U+205E
    { 0, 0, 67, 0, 0, 0, 2123 }, // U+205F
    { 0, 0, 182, 0, 0, 0, 2123 }, // U+2060
    { 0, 0, 182, 0, 0, 0, 2123 }, // U+2061
    { 0, 0, 182, 0, 0, 0, 2123 }, // U+2062
    { 0, 0, 182, 0, 0, 0, 2123 }, // U+2063
    { 0, 0, 182, 0, 0, 0, 2123 }, // U+2064
    { 0, 0, 0, 0, 0, 0, 2123 }, // U+2066
    { 0, 0, 0, 0, 0, 0, 2123 }, // U+2067
    { 0, 0, 0, 0, 0, 0, 2123 }, // U+2068
    { 0, 0, 0, 0, 0, 0, 2123 }, // U+2069
    { 6, 17, 0, -3, 14, 26, 2123 }, // U+206A
    { 6, 17, 0, -3, 14, 26, 2149 }, // U+206B
    { 6, 17, 0, -3, 14, 26, 2175 }, // U+206C
    { 6, 17, 0, -3, 14, 26, 2201 }, // U+206D
    { 6, 17, 0, -3, 14, 26, 2227 }, // U+206E
    { 6, 17, 0, -3, 14, 26, 2253 }, // U+206F
    { 7, 10, 115, 0, 17, 18, 0 }, // U+2070
    { 3, 10, 59, 0, 15, 8, 18 }, // U+2071
    { 8, 10, 116, 0, 17, 20, 26 }, // U+2074
    { 7, 10, 116, 0, 17, 18, 46 }, // U+2075
    { 7, 10, 116, 0, 17, 18, 64 }, // U+2076
    { 7, 10, 116, 0, 17, 18, 82 }, // U+2077
    { 7, 10, 116, 0, 17, 18, 100 }, // U+2078
    { 7, 10, 116, 0, 17, 18, 118 }, // U+2079
    { 7, 7, 109, 0, 15, 13, 136 }, // U+207A
    { 7, 3, 109, 0, 13, 6, 149 }, // U+207B
    { 7, 5, 109, 0, 14, 9, 155 }, // U+207C
    { 4, 12, 74, 1, 18, 12, 164 }, // U+207D
    { 4, 12, 74, 0, 18, 12, 176 }, // U+207E
    { 8, 7, 129, 0, 12, 14, 188 }, // U+207F
    { 7, 10, 116, 0, 7, 18, 202 }, // U+2080
    { 6, 10, 116, 0, 7, 15, 220 }, // U+2081
    { 7, 10, 116, 0, 7, 18, 235 }, // U+2082
    { 7, 10, 116, 0, 7, 18, 253 }, // U+2083
    { 8, 10, 116, 0, 7, 20, 271 }, // U+2084
    { 7, 10, 116, 0, 7, 18, 291 }, // U+2085
    { 7, 10, 116, 0, 7, 18, 309 }, // U+2086
    { 7, 10, 116, 0, 7, 18, 327 }, // U+2087
    { 7, 10, 116, 0, 7, 18, 345 }, // U+2088
    { 7, 10, 116, 0, 7, 18, 363 }, // U+2089
    { 7, 7, 109, 0, 5, 13, 381 }, // U+208A
    { 7, 3, 109, 0, 3, 6, 394 }, // U+208B
    { 7, 5, 109, 0, 4, 9, 400 }, // U+208C
    { 4, 12, 74, 1, 8, 12, 409 }, // U+208D
    { 4, 12, 74, 0, 8, 12, 421 }, // U+208E
    { 7, 7, 118, 0, 5, 13, 433 }, // U+2090
    { 7, 7, 118, 0, 5, 13, 446 }, // U+2091
    { 8, 7, 123, 0, 5, 14, 459 }, // U+2092
    { 8, 7, 114, 0, 5, 14, 473 }, // U+2093
    { 7, 7, 118, 0, 5, 13, 487 }, // U+2094
    { 8, 9, 129, 0, 7, 18, 500 }, // U+2095
    { 8, 9, 120, 0, 7, 18, 518 }, // U+2096
    { 3, 9, 59, 0, 7, 7, 536 }, // U+2097
    { 12, 7, 193, 0, 5, 21, 543 }, // U+2098
    { 8, 7, 129, 0, 5, 14, 564 }, // U+2099
    { 8, 10, 125, 0, 5, 20, 578 }, // U+209A
    { 6, 7, 99, 0, 5, 11, 598 }, // U+209B
    { 5, 8, 83, 0, 6, 10, 609 }, // U+209C
    { 11, 14, 174, 0, 14, 39, 0 }, // U+20A0
    { 12, 17, 185, 0, 15, 51, 39 }, // U+20A1
    { 11, 15, 174, 0, 14, 42, 90 }, // U+20A2
    { 10, 14, 174, 0, 14, 35, 132 }, // U+20A3
    { 11, 14, 174, 0, 14, 39, 167 }, // U+20A4
    { 17, 16, 296, 1, 13, 68, 206 }, // U+20A5
    { 11, 14, 174, 0, 14, 39, 274 }, // U+20A6
    { 16, 15, 271, 1, 14, 60, 313 }, // U+20A7
    { 16, 15, 279, 1, 14, 60, 373 }, // U+20A8
    { 14, 14, 224, 0, 14, 49, 433 }, // U+20A9
    { 15, 14, 279, 1, 14, 53, 482 }, // U+20AA
    { 13, 18, 196, 0, 15, 59, 535 }, // U+20AB
    { 11, 15, 174, 0, 14, 42, 594 }, // U+20AC
    { 11, 14, 174, 0, 14, 39, 636 }, // U+20AD
    { 11, 14, 174, 0, 14, 39, 675 }, // U+20AE
    { 19, 19, 307, 0, 14, 91, 714 }, // U+20AF
    { 11, 19, 185, 0, 14, 53, 805 }, // U+20B0
    { 11, 14, 174, 0, 14, 39, 858 }, // U+20B1
    { 12, 17, 223, 1, 15, 51, 897 }, // U+20B2
    { 13, 14, 198, 0, 14, 46, 948 }, // U+20B3
    { 11, 15, 174, 0, 14, 42, 994 }, // U+20B4
    { 11, 17, 194, 1, 15, 47, 1036 }, // U+20B5
    { 13, 14, 212, 0, 13, 46, 1083 }, // U+20B6
    { 14, 16, 222, 0, 14, 56, 1129 }, // U+20B7
    { 11, 14, 174, 0, 14, 39, 1185 }, // U+20B8
    { 9, 14, 174, 1, 14, 32, 1224 }, // U+20B9
    { 11, 15, 174, 0, 14, 42, 1256 }, // U+20BA
    { 16, 15, 247, 0, 14, 60, 1298 }, // U+20BB
    { 16, 14, 266, 0, 14, 56, 1358 }, // U+20BC
    { 12, 14, 182, 0, 14, 42, 1414 }, // U+20BD
    { 13, 15, 240, 1, 15, 49, 1456 }, // U+20BE
    { 10, 18, 174, 1, 16, 45, 1505 }, // U+20BF
    { 10, 15, 159, 0, 11, 38, 1550 }, // U+20C0
    { 11, 3, 177, 0, 8, 9, 0 }, // U+2212
    { 16, 15, 235, 0, 15, 60, 0 }, // U+FB00
    { 12, 15, 208, 0, 15, 45, 60 }, // U+FB01
    { 12, 15, 210, 0, 15, 45, 105 }, // U+FB02
    { 20, 15, 326, 0, 15, 75, 150 }, // U+FB03
    { 19, 15, 328, 0, 15, 72, 225 }, // U+FB04
    { 14, 16, 238, 1, 15, 56, 297 }, // U+FB05
    { 18, 16, 283, 0, 15, 72, 353 }, // U+FB06
    { 19, 18, 304, 0, 15, 86, 0 }, // U+FFFD
};

static const EpdUnicodeInterval notosans_c19_boldIntervals[] = {
    { 0x0, 0x0, 0x0 },
    { 0xD, 0xD, 0x1 },
    { 0x20, 0x7E, 0x2 },
    { 0xA0, 0x17F, 0x61 },
    { 0x1A0, 0x1A1, 0x141 },
    { 0x1AF, 0x1B0, 0x143 },
    { 0x1C4, 0x21F, 0x145 },
    { 0x300, 0x36F, 0x1A1 },
    { 0x400, 0x4FF, 0x211 },
    { 0x1EA0, 0x1EF9, 0x311 },
    { 0x2000, 0x2064, 0x36B },
    { 0x2066, 0x2071, 0x3D0 },
    { 0x2074, 0x208E, 0x3DC },
    { 0x2090, 0x209C, 0x3F7 },
    { 0x20A0, 0x20C0, 0x404 },
    { 0x2212, 0x2212, 0x425 },
    { 0xFB00, 0xFB06, 0x426 },
    { 0xFFFD, 0xFFFD, 0x42D },
};

static const EpdFontGroup notosans_c19_boldGroups[] = {
    { 0, 1985, 3592, 97, 0 },
    { 1985, 1785, 4330, 96, 97 },
    { 3770, 2316, 6593, 128, 193 },
    { 6086, 2238, 5910, 96, 321 },
    { 8324, 789, 1042, 112, 417 },
    { 9113, 5928, 13816, 256, 529 },
    { 15041, 1480, 5724, 90, 785 },
    { 16521, 1383, 2565, 111, 875 },
    { 17904, 352, 672, 42, 986 },
    { 18256, 1169, 1740, 33, 1028 },
    { 19425, 11, 9, 1, 1061 },
    { 19436, 204, 444, 7, 1062 },
    { 19640, 82, 90, 1, 1069 },
};

static const uint16_t notosans_c19_boldKernLeftCodepoints[] = {
    0x0022, 0x0026, 0x0027, 0x0028, 0x002C, 0x002D, 0x002E, 0x003A, 0x0041, 0x0042, 0x0043, 0x0044,
    0x0045, 0x0046, 0x004B, 0x004C, 0x004F, 0x0050, 0x0051, 0x0052, 0x0054, 0x0055, 0x0056, 0x0057,
    0x0058, 0x0059, 0x005A, 0x005B, 0x005F, 0x0061, 0x0062, 0x0063, 0x0065, 0x0066, 0x0068, 0x006D,
    0x006E, 0x006F, 0x0070, 0x0072, 0x0074, 0x0076, 0x0077, 0x0078, 0x0079, 0x007B, 0x00A1, 0x00AB,
    0x00BB, 0x00BF, 0x00C0, 0x00C1, 0x00C2, 0x00C3, 0x00C4, 0x00C5, 0x00C6, 0x00C7, 0x00C8, 0x00C9,
    0x00CA, 0x00CB, 0x00D0, 0x00D2, 0x00D3, 0x00D4, 0x00D5, 0x00D6, 0x00D8, 0x00D9, 0x00DA, 0x00DB,
    0x00DC, 0x00DD, 0x00DE, 0x00E0, 0x00E1, 0x00E2, 0x00E3, 0x00E4, 0x00E5, 0x00E6, 0x00E8, 0x00E9,
    0x00EA, 0x00EB, 0x00EE, 0x00EF, 0x00F0, 0x00F2, 0x00F3, 0x00F4, 0x00F5, 0x00F6, 0x00F8, 0x00FD,
    0x00FE, 0x00FF, 0x0100, 0x0101, 0x0102, 0x0103, 0x0104, 0x0105, 0x0106, 0x0108, 0x010A, 0x010C,
    0x010E, 0x010F, 0x0110, 0x0112, 0x0113, 0x0114, 0x0115, 0x0116, 0x0117, 0x0118, 0x0119, 0x011A,
    0x011B, 0x0125, 0x0129, 0x012B, 0x012E, 0x0136, 0x0138, 0x0139, 0x013B, 0x013D, 0x013E, 0x013F,
    0x0141, 0x0144, 0x0146, 0x0149, 0x014B, 0x014C, 0x014D, 0x014E, 0x014F, 0x0150, 0x0151, 0x0152,
    0x0153, 0x0155, 0x0157, 0x0159, 0x0162, 0x0163, 0x0164, 0x0165, 0x0166, 0x0167, 0x0168, 0x016A,
    0x016C, 0x016E, 0x0170, 0x0172, 0x0174, 0x0175, 0x0176, 0x0177, 0x0178, 0x0179, 0x017B, 0x017D,
    0x01A0, 0x01A1, 0x01AF, 0x01B0, 0x01FA, 0x01FB, 0x01FC, 0x01FD, 0x01FE, 0x020B, 0x021A, 0x021B,
    0x0400, 0x0401, 0x0402, 0x0403, 0x0404, 0x0405, 0x0409, 0x040A, 0x040B, 0x040C, 0x040E, 0x0410,
    0x0411, 0x0412, 0x0413, 0x0414, 0x0415, 0x0416, 0x0417, 0x041A, 0x041E, 0x0420, 0x0421, 0x0422,
    0x0423, 0x0424, 0x0425, 0x0426, 0x0429, 0x042A, 0x042C, 0x042D, 0x042E, 0x0430, 0x0431, 0x0432,
    0x0433, 0x0434, 0x0435, 0x0436, 0x0437, 0x0438, 0x0439, 0x043A, 0x043B, 0x043C, 0x043D, 0x043E,
    0x043F, 0x0440, 0x0441, 0x0442, 0x0443, 0x0444, 0x0445, 0x0446, 0x0447, 0x0448, 0x0449, 0x044A,
    0x044B, 0x044C, 0x044D, 0x044E, 0x044F, 0x0450, 0x0451, 0x0452, 0x0453, 0x0454, 0x0455, 0x0457,
    0x0458, 0x0459, 0x045A, 0x045B, 0x045C, 0x045D, 0x045E, 0x045F, 0x0460, 0x0461, 0x0462, 0x0463,
    0x0464, 0x0465, 0x0466, 0x0467, 0x0468, 0x0469, 0x046E, 0x0471, 0x0472, 0x0473, 0x0474, 0x0475,
    0x0476, 0x0477, 0x0478, 0x0479, 0x047A, 0x047B, 0x047C, 0x047D, 0x047E, 0x047F, 0x0480, 0x048A,
    0x048B, 0x048C, 0x048D, 0x048E, 0x048F, 0x0490, 0x0491, 0x0492, 0x0493, 0x0496, 0x0497, 0x0498,
    0x0499, 0x049A, 0x049B, 0x049C, 0x049D, 0x049E, 0x049F, 0x04A0, 0x04A1, 0x04A2, 0x04A3, 0x04A4,
    0x04A5, 0x04A9, 0x04AA, 0x04AB, 0x04AC, 0x04AD, 0x04AE, 0x04AF, 0x04B0, 0x04B1, 0x04B2, 0x04B3,
    0x04B4, 0x04B5, 0x04B6, 0x04B7, 0x04BC, 0x04BD, 0x04BE, 0x04BF, 0x04C1, 0x04C2, 0x04C5, 0x04C6,
    0x04C9, 0x04CA, 0x04CD, 0x04CE, 0x04D0, 0x04D1, 0x04D2, 0x04D3, 0x04D4, 0x04D5, 0x04D6, 0x04D7,
    0x04D8, 0x04D9, 0x04DA, 0x04DB, 0x04DC, 0x04DD, 0x04DE, 0x04DF, 0x04E3, 0x04E5, 0x04E6, 0x04E7,
    0x04E8, 0x04E9, 0x04EA, 0x04EB, 0x04EC, 0x04ED, 0x04EE, 0x04EF, 0x04F0, 0x04F1, 0x04F2, 0x04F3,
    0x04F5, 0x04F6, 0x04F7, 0x04F9, 0x04FA, 0x04FB, 0x04FC, 0x04FD, 0x04FE, 0x04FF, 0x1EA0, 0x1EA1,
    0x1EA2, 0x1EA3, 0x1EA4, 0x1EA5, 0x1EA6, 0x1EA7, 0x1EA8, 0x1EA9, 0x1EAA, 0x1EAB, 0x1EAC, 0x1EAD,
    0x1EAE, 0x1EAF, 0x1EB0, 0x1EB1, 0x1EB2, 0x1EB3, 0x1EB4, 0x1EB5, 0x1EB6, 0x1EB7, 0x1EB8, 0x1EB9,
    0x1EBA, 0x1EBB, 0x1EBC, 0x1EBD, 0x1EBE, 0x1EBF, 0x1EC0, 0x1EC1, 0x1EC2, 0x1EC3, 0x1EC4, 0x1EC5,
    0x1EC6, 0x1EC7, 0x1ECC, 0x1ECD, 0x1ECE, 0x1ECF, 0x1ED0, 0x1ED1, 0x1ED2, 0x1ED3, 0x1ED4, 0x1ED5,
    0x1ED6, 0x1ED7, 0x1ED8, 0x1ED9, 0x1EDA, 0x1EDB, 0x1EDC, 0x1EDD, 0x1EDE, 0x1EDF, 0x1EE0, 0x1EE1,
    0x1EE2, 0x1EE3, 0x1EE4, 0x1EE6, 0x1EE8, 0x1EE9, 0x1EEA, 0x1EEB, 0x1EEC, 0x1EED, 0x1EEE, 0x1EEF,
    0x1EF0, 0x1EF1, 0x1EF2, 0x1EF3, 0x1EF4, 0x1EF5, 0x1EF6, 0x1EF7, 0x1EF8, 0x1EF9, 0x2013, 0x2014,
    0x2015, 0x2018, 0x2019, 0x201A, 0x201C, 0x201D, 0x201E, 0x2039, 0x203A, 0xFB00,
};

static const uint8_t notosans_c19_boldKernLeftClassIds[] = {
      1,   2,   1,   3,   4,   5,   4,   6,   7,   8,   9,  10,  11,  12,   9,  13,
     10,  14,  10,  15,  16,  17,  18,  18,   9,  19,  20,   3,  21,  22,  23,  24,
     23,  25,  22,  22,  22,  23,  23,  26,  24,  27,  27,  28,  27,   3,  29,  30,
     31,  32,   7,   7,   7,   7,   7,   7,  11,   9,  11,  11,  11,  11,  10,  10,
     10,  10,  10,  10,  10,  17,  17,  17,  17,  19,  14,  22,  22,  22,  22,  22,
     22,  23,  23,  23,  23,  23,  33,  33,  23,  23,  23,  23,  23,  23,  23,  27,
     23,  27,   7,  22,   7,  22,  34,  22,   9,   9,   9,   9,  10,  35,  10,  11,
     23,  11,  23,  11,  23,  11,  23,  11,  23,  22,  36,  33,  37,   9,  28,  13,
     13,  13,  35,  13,  13,  22,  22,  22,  22,  10,  23,  10,  23,  10,  23,  11,
     23,  26,  26,  26,  16,  24,  16,  38,  16,  24,  17,  17,  17,  17,  17,  17,
     18,  27,  19,  27,  19,  20,  20,  20,  39,  40,  41,  42,   7,  22,  11,  23,
     10,  33,  16,  24,  43,  43,  44,  45,  46,  47,  48,  48,  44,  49,  50,  51,
     52,  53,  45,  54,  43,  49,  53,  49,  55,  56,  46,  45,  50,  57,  49,  54,
     54,  48,  48,  55,  55,  58,  59,  60,  61,  62,  63,  64,  60,  65,  65,  64,
     65,  65,  65,  63,  65,  63,  66,  61,  67,  63,  64,  62,  65,  65,  62,  68,
     65,  68,  63,  63,  65,  63,  63,  69,  70,  66,  71,  72,  73,  68,  68,  74,
     64,  65,  67,  65,  55,  75,  76,  68,  46,  66,  51,  77,  51,  77,  78,  63,
     55,  63,  50,  75,  50,  75,  67,  67,  55,  63,  55,  63,  55,  75,  46,  54,
     62,  76,  68,  56,  63,  79,  80,  81,  82,  83,  84,  78,  60,  83,  84,  49,
     64,  49,  64,  49,  64,  54,  62,  81,  80,  63,  46,  66,  79,  80,  85,  86,
     85,  86,  83,  84,  54,  62,  54,  62,  87,  88,  87,  88,  49,  64,  54,  62,
     54,  62,  54,  62,  51,  58,  51,  58,  43,  88,  43,  88,  55,  63,  55,  63,
     49,  64,  78,  60,  65,  65,  55,  63,  55,  63,  55,  63,  55,  63,  50,  67,
     50,  67,  50,  67,  65,  79,  80,  65,  81,  82,  83,  84,  49,  84,   7,  22,
      7,  22,   7,  22,   7,  22,   7,  22,   7,  22,   7,  22,   7,  22,   7,  22,
      7,  22,   7,  22,   7,  22,  11,  23,  11,  23,  11,  23,  11,  23,  11,  23,
     11,  23,  11,  23,  11,  23,  10,  23,  10,  23,  10,  23,  10,  23,  10,  23,
     10,  23,  10,  23,  39,  40,  39,  40,  39,  40,  39,  40,  39,  40,  17,  17,
     41,  42,  41,  42,  41,  42,  41,  42,  41,  42,  19,  27,  19,  27,  19,  27,
     19,  27,   5,   5,   5,   1,   1,   4,   1,   1,   4,  30,  31,  25,
};

static const uint16_t notosans_c19_boldKernRightCodepoints[] = {
    0x0021, 0x0022, 0x0026, 0x0027, 0x0029, 0x002C, 0x002D, 0x002E, 0x003A, 0x003B, 0x003F, 0x0041,
    0x0043, 0x0047, 0x0049, 0x004A, 0x004F, 0x0051, 0x0054, 0x0055, 0x0056, 0x0057, 0x0058, 0x0059,
    0x005A, 0x005D, 0x0061, 0x0062, 0x0063, 0x0064, 0x0065, 0x0066, 0x0067, 0x0068, 0x006A, 0x006B,
    0x006C, 0x006D, 0x006E, 0x006F, 0x0070, 0x0071, 0x0072, 0x0073, 0x0074, 0x0075, 0x0076, 0x0077,
    0x0078, 0x0079, 0x007A, 0x007D, 0x00AB, 0x00BB, 0x00C0, 0x00C1, 0x00C2, 0x00C3, 0x00C4, 0x00C5,
    0x00C6, 0x00C7, 0x00D2, 0x00D3, 0x00D4, 0x00D5, 0x00D6, 0x00D8, 0x00D9, 0x00DA, 0x00DB, 0x00DC,
    0x00DD, 0x00E0, 0x00E1, 0x00E2, 0x00E3, 0x00E4, 0x00E5, 0x00E6, 0x00E7, 0x00E8, 0x00E9, 0x00EA,
    0x00EB, 0x00F2, 0x00F3, 0x00F4, 0x00F5, 0x00F6, 0x00F8, 0x00F9, 0x00FA, 0x00FB, 0x00FC, 0x00FD,
    0x00FE, 0x00FF, 0x0100, 0x0101, 0x0102, 0x0103, 0x0104, 0x0105, 0x0106, 0x0107, 0x0108, 0x0109,
    0x010A, 0x010B, 0x010C, 0x010D, 0x010F, 0x0111, 0x0113, 0x0115, 0x0117, 0x0119, 0x011B, 0x011C,
    0x011D, 0x011E, 0x011F, 0x0120, 0x0121, 0x0122, 0x0123, 0x0125, 0x0127, 0x0129, 0x0137, 0x0138,
    0x013A, 0x013C, 0x013E, 0x0140, 0x0144, 0x0146, 0x014B, 0x014C, 0x014D, 0x014E, 0x014F, 0x0150,
    0x0151, 0x0152, 0x0153, 0x0155, 0x0157, 0x015B, 0x015F, 0x0162, 0x0163, 0x0164, 0x0165, 0x0166,
    0x0167, 0x0168, 0x0169, 0x016A, 0x016B, 0x016C, 0x016D, 0x016E, 0x016F, 0x0170, 0x0171, 0x0172,
    0x0173, 0x0174, 0x0175, 0x0176, 0x0177, 0x0178, 0x0179, 0x017A, 0x017B, 0x017C, 0x017D, 0x017E,
    0x01A0, 0x01A1, 0x01AF, 0x01B0, 0x01FA, 0x01FB, 0x01FC, 0x01FD, 0x01FE, 0x01FF, 0x0219, 0x021A,
    0x021B, 0x0402, 0x0404, 0x0405, 0x0408, 0x0409, 0x040B, 0x040E, 0x0410, 0x0414, 0x0416, 0x0417,
    0x041B, 0x041E, 0x0421, 0x0422, 0x0423, 0x0424, 0x0425, 0x0427, 0x042A, 0x042D, 0x042F, 0x0430,
    0x0431, 0x0432, 0x0433, 0x0434, 0x0435, 0x0436, 0x0437, 0x0438, 0x0439, 0x043A, 0x043B, 0x043C,
    0x043D, 0x043E, 0x043F, 0x0440, 0x0441, 0x0442, 0x0443, 0x0444, 0x0445, 0x0446, 0x0447, 0x0448,
    0x0449, 0x044A, 0x044B, 0x044C, 0x044D, 0x044E, 0x044F, 0x0450, 0x0451, 0x0452, 0x0453, 0x0454,
    0x0455, 0x0457, 0x0458, 0x0459, 0x045A, 0x045B, 0x045C, 0x045D, 0x045E, 0x045F, 0x0460, 0x0461,
    0x0462, 0x0465, 0x0466, 0x0467, 0x0469, 0x046D, 0x046E, 0x0470, 0x0472, 0x0473, 0x0474, 0x0475,
    0x0476, 0x0477, 0x0478, 0x0479, 0x047A, 0x047B, 0x047C, 0x047D, 0x047E, 0x047F, 0x0480, 0x0481,
    0x048B, 0x048C, 0x048D, 0x048F, 0x0491, 0x0492, 0x0495, 0x0496, 0x0497, 0x0498, 0x0499, 0x049B,
    0x049D, 0x049F, 0x04A0, 0x04A1, 0x04A3, 0x04A5, 0x04A7, 0x04A8, 0x04A9, 0x04AA, 0x04AB, 0x04AC,
    0x04AD, 0x04AE, 0x04AF, 0x04B0, 0x04B1, 0x04B2, 0x04B3, 0x04B4, 0x04B5, 0x04B6, 0x04B7, 0x04B8,
    0x04B9, 0x04BB, 0x04BC, 0x04BD, 0x04BE, 0x04BF, 0x04C1, 0x04C2, 0x04C4, 0x04C5, 0x04C6, 0x04C8,
    0x04CA, 0x04CB, 0x04CC, 0x04CE, 0x04D0, 0x04D1, 0x04D2, 0x04D3, 0x04D4, 0x04D5, 0x04D7, 0x04D8,
    0x04D9, 0x04DA, 0x04DB, 0x04DC, 0x04DD, 0x04DE, 0x04DF, 0x04E3, 0x04E5, 0x04E6, 0x04E7, 0x04E8,
    0x04E9, 0x04EA, 0x04EB, 0x04EC, 0x04ED, 0x04EE, 0x04EF, 0x04F0, 0x04F1, 0x04F2, 0x04F3, 0x04F4,
    0x04F5, 0x04F7, 0x04F9, 0x04FA, 0x04FC, 0x04FD, 0x04FE, 0x04FF, 0x1EA0, 0x1EA1, 0x1EA2, 0x1EA3,
    0x1EA4, 0x1EA5, 0x1EA6, 0x1EA7, 0x1EA8, 0x1EA9, 0x1EAA, 0x1EAB, 0x1EAC, 0x1EAD, 0x1EAE, 0x1EAF,
    0x1EB0, 0x1EB1, 0x1EB2, 0x1EB3, 0x1EB4, 0x1EB5, 0x1EB6, 0x1EB7, 0x1EB9, 0x1EBB, 0x1EBD, 0x1EBF,
    0x1EC1, 0x1EC3, 0x1EC5, 0x1EC7, 0x1ECC, 0x1ECD, 0x1ECE, 0x1ECF, 0x1ED0, 0x1ED1, 0x1ED2, 0x1ED3,
    0x1ED4, 0x1ED5, 0x1ED6, 0x1ED7, 0x1ED8, 0x1ED9, 0x1EDA, 0x1EDB, 0x1EDC, 0x1EDD, 0x1EDE, 0x1EDF,
    0x1EE0, 0x1EE1, 0x1EE2, 0x1EE3, 0x1EE4, 0x1EE5, 0x1EE6, 0x1EE7, 0x1EE8, 0x1EE9, 0x1EEA, 0x1EEB,
    0x1EEC, 0x1EED, 0x1EEE, 0x1EEF, 0x1EF0, 0x1EF1, 0x1EF2, 0x1EF4, 0x1EF5, 0x1EF6, 0x1EF7, 0x1EF8,
    0x1EF9, 0x2013, 0x2014, 0x2015, 0x2018, 0x2019, 0x201A, 0x201C, 0x201D, 0x201E, 0x2026, 0x2039,
    0x203A, 0xFB00, 0xFB01, 0xFB02, 0xFB03, 0xFB04,
};

static const uint8_t notosans_c19_boldKernRightClassIds[] = {
      1,   2,   3,   2,   4,   5,   6,   5,   7,   7,   8,   9,  10,  10,  11,  12,
     10,  10,  13,  14,  15,  15,  16,  17,  18,   4,  19,  20,  21,  21,  21,  22,
     23,  20,  24,  20,  20,  25,  25,  21,  25,  21,  25,  26,  22,  25,  27,  27,
     27,  27,  28,   4,  29,  30,   9,   9,   9,   9,   9,   9,  31,  10,  10,  10,
     10,  10,  10,  10,  14,  14,  14,  14,  17,  21,  19,  19,  19,  19,  19,  19,
     21,  21,  21,  21,  21,  21,  21,  21,  21,  21,  21,  25,  25,  25,  25,  27,
     20,  27,   9,  19,   9,  19,   9,  19,  10,  21,  10,  21,  10,  21,  10,  21,
     21,  21,  21,  21,  21,  21,  21,  10,  23,  10,  23,  10,  23,  10,  23,  20,
     32,  33,  20,  25,  20,  20,  20,  20,  25,  25,  25,  10,  21,  10,  21,  10,
     21,  10,  21,  25,  25,  26,  26,  13,  22,  13,  22,  13,  22,  14,  25,  14,
     25,  14,  25,  14,  25,  14,  25,  14,  25,  15,  27,  17,  27,  17,  18,  28,
     18,  28,  18,  28,  10,  21,  14,  25,   9,  19,  31,  19,  10,  21,  26,  13,
     22,  34,  35,  36,  37,  38,  34,  39,  40,  41,  42,  43,  38,  35,  35,  34,
     39,  44,  42,  45,  34,  43,  46,  47,  48,  49,  49,  50,  51,  52,  53,  49,
     49,  49,  54,  49,  49,  51,  49,  49,  51,  55,  56,  51,  52,  49,  57,  49,
     49,  55,  49,  49,  53,  49,  58,  51,  51,  59,  49,  51,  60,  61,  62,  54,
     49,  59,  49,  49,  56,  49,  63,  64,  65,  66,  40,  50,  66,  66,  43,  45,
     63,  47,  67,  64,  67,  64,  63,  47,  63,  47,  63,  47,  63,  64,  63,  47,
     66,  65,  59,  66,  66,  65,  66,  42,  52,  43,  53,  66,  66,  59,  68,  55,
     66,  66,  66,  63,  47,  63,  47,  34,  55,  69,  70,  69,  70,  42,  52,  68,
     55,  45,  57,  45,  57,  66,  71,  72,  71,  72,  42,  52,  66,  73,  50,  66,
     66,  45,  57,  66,  40,  74,  40,  74,  40,  74,  47,  75,  74,  75,  74,  42,
     52,  43,  53,  49,  49,  63,  47,  63,  47,  63,  47,  43,  53,  39,  56,  39,
     56,  39,  56,  45,  57,  66,  49,  65,  42,  52,  42,  52,   9,  19,   9,  19,
      9,  19,   9,  19,   9,  19,   9,  19,   9,  19,   9,  19,   9,  19,   9,  19,
      9,  19,   9,  19,  21,  21,  21,  21,  21,  21,  21,  21,  10,  21,  10,  21,
     10,  21,  10,  21,  10,  21,  10,  21,  10,  21,  10,  21,  10,  21,  10,  21,
     10,  21,  10,  21,  14,  25,  14,  25,  14,  25,  14,  25,  14,  25,  14,  25,
     14,  25,  17,  17,  27,  17,  27,  17,  27,   6,   6,   6,  76,   2,   5,  76,
      2,   5,   5,  29,  30,  22,  22,  22,  22,  22,
};

static const uint16_t notosans_c19_boldKernRowOffsets[] = {
        0,    29,    32,    37,    54,    61,    66,    72,    73,    75,    82,    83,    87,    93,   100,   101,
      117,   119,   130,   143,   145,   146,   147,   150,   151,   154,   159,   162,   163,   167,   173,   182,
      186,   187,   193,   200,   202,   203,   208,   214,   217,   227,   230,   231,   244,   269,   275,   277,
      288,   303,   332,   351,   353,   357,   369,   385,   402,   420,   426,   438,   446,   457,   469,   481,
      493,   495,   499,   511,   529,   535,   549,   553,   557,   559,   564,   566,   573,   581,   584,   609,
      616,   632,   635,   640,   642,   654,   656,   659,   662,
};

static const uint8_t notosans_c19_boldKernSparseCols[] = {
      8,  12,  14,  16,  18,  20,  22,  24,  25,  30,  32,  33,  37,  38,  39,  40,
     41,  43,  46,  49,  52,  53,  54,  55,  58,  60,  67,  72,  73,  12,  14,  16,
     11,  23,  36,  43,  61,   9,  12,  13,  14,  16,  33,  36,  38,  43,  44,  54,
     56,  62,  66,  67,  68,  70,  12,  33,  38,  41,  51,  54,  67,  33,  41,  43,
     44,  56,   1,   9,  11,  12,  14,  16,   4,   9,  28,   4,   8,  12,  14,  15,
     16,  17,  11,   3,   4,   7,   8,   1,   9,  12,  13,  14,  16,   2,   4,   8,
     15,  17,  28,  30,  28,   2,   4,   5,   7,   8,   9,  12,  18,  20,  22,  24,
     25,  26,  27,  28,  29,   4,   8,   4,   7,   8,   9,  18,  20,  22,  24,  25,
     28,  29,   2,   4,   7,   8,   9,  18,  20,  22,  24,  25,  27,  28,  29,   9,
     28,  11,   1,   1,  26,  27,   1,   1,   3,   4,   1,   4,  18,  20,  22,   1,
      4,   7,  20,  11,  12,  14,  16,  12,  14,  16,  33,  39,  67,  12,  14,  15,
     16,  33,  38,  41,  44,  67,  11,  12,  14,  16,   3,   1,   9,  11,  12,  14,
     16,   0,   1,   3,   7,  19,  31,  75,   3,  32,  11,   0,   1,   3,   7,  75,
      8,  10,  12,  14,  15,  16,  19,  21,  26,   8,   9,  10,  12,  14,  15,  16,
     18,  20,  22,  19,  21,  26,  36,   1,  33,  38,  44,  54,  55,  56,  64,  66,
     67,  68,  69,  75,   1,   4,   5,   6,  29,  33,  34,  37,  39,  40,  43,  46,
     47,  48,  49,  50,  51,  52,  53,  54,  55,  56,  57,  59,  67,  28,  34,  43,
     56,  62,  70,   4,  43,   1,   4,  33,  38,  44,  51,  54,  55,  57,  67,  75,
      1,   5,   6,  28,  34,  43,  44,  46,  47,  50,  54,  55,  56,  62,  70,   1,
      4,   5,   6,  28,  29,  34,  35,  37,  39,  40,  43,  45,  46,  47,  48,  49,
     50,  51,  52,  53,  56,  57,  58,  59,  62,  70,  71,  72,   1,  29,  33,  34,
     36,  38,  43,  44,  50,  54,  55,  56,  64,  66,  67,  68,  70,  74,  75,  51,
     55,   3,  51,  56,  57,   4,  36,  37,  40,  43,  44,  49,  53,  54,  55,  56,
     61,   4,  33,  37,  38,  39,  40,  41,  42,  49,  51,  53,  57,  66,  67,  68,
     72,   4,   5,   6,  28,  29,  37,  38,  39,  40,  41,  43,  46,  49,  50,  53,
     57,  72,   1,   3,   4,   6,  33,  35,  37,  38,  39,  40,  41,  42,  45,  49,
     51,  53,  57,  67,   1,  33,  38,  51,  54,  55,   1,  33,  38,  39,  41,  45,
     49,  51,  54,  55,  56,  57,   3,  33,  38,  41,  45,  51,  54,  55,   1,   4,
      5,  37,  39,  40,  41,  49,  50,  53,  75,   1,   4,  33,  36,  37,  40,  44,
     49,  53,  54,  56,  61,   1,  33,  38,  39,  41,  45,  49,  51,  54,  55,  56,
     57,   5,  33,  34,  38,  43,  44,  46,  50,  56,  57,  71,  75,  33,  58,   1,
     33,  50,  57,   1,   4,  37,  39,  40,  41,  46,  49,  50,  53,  57,  75,   1,
      6,  33,  38,  39,  41,  43,  44,  45,  51,  54,  55,  56,  57,  63,  69,  71,
     75,   1,  33,  36,  54,  55,  61,   1,   4,   5,  37,  38,  39,  40,  41,  49,
     50,  53,  58,  60,  75,  33,  38,  45,  57,   1,  33,  58,  60,  36,  61,   1,
     33,  36,  54,  55,   4,  49,   1,  33,  44,  54,  66,  67,  68,   1,  46,  54,
     55,  56,  63,  69,  71,   4,  66,  68,   4,   5,  28,  29,  33,  34,  37,  39,
     40,  43,  46,  49,  51,  52,  54,  55,  56,  62,  63,  65,  69,  70,  71,  72,
     73,   4,   5,  39,  46,  49,  50,  53,   4,   5,  33,  39,  46,  49,  51,  52,
     56,  58,  62,  65,  67,  70,  71,  72,   4,  46,  49,  54,  56,  62,  70,  71,
     46,  56,   4,  39,  46,  49,  56,  58,  62,  65,  71,  72,  73,  74,   4,  49,
     33,  66,  68,   1,  51,  55,
};

static const int8_t notosans_c19_boldKernSparseValues[] = {
     -21,    6,    6,    3,  -12,  -18,   -9,   -9,   -9,  -24,   21,    6,   -9,    6,  -21,  -18,
       6,   -3,  -12,  -21,    6,  -15,    9,    6,    9,    9,    6,  -18,   -6,  -18,   -6,   -9,
      27,   12,   30,   -9,   18,  -15,  -21,   -6,  -18,  -18,  -15,   18,   -6,  -12,  -24,  -12,
     -18,  -15,  -18,  -21,  -18,  -18,  -12,  -12,   -6,   -3,   -3,   -6,  -12,   -4,   -1,   -1,
      -1,   -1,  -21,   -6,   15,  -21,  -12,  -18,   -3,   -6,   -6,  -12,   -6,   -9,   -3,   -6,
      -3,   -3,   18,    6,  -18,    6,   -6,  -24,   -6,   -6,   -3,   -6,   -9,   -3,  -40,  -15,
      -6,   -3,   -6,   -9,   -3,   -6,  -18,  -12,    6,  -21,   -6,    6,  -24,  -21,  -21,  -15,
     -18,   -6,  -12,  -18,   -9,   -6,   -3,  -15,    6,  -12,   -3,   -6,   -6,   -3,   -3,   -3,
      -9,   -3,   -9,  -18,    6,  -18,   -6,  -15,  -15,  -15,   -9,  -12,   -6,  -24,   -9,   -3,
      -6,   29,   -3,   -3,   -6,   -3,    6,   18,   12,   -6,   12,  -49,   -6,   -6,   -3,   12,
     -12,    6,   -6,   15,   -6,   -3,   -9,   -9,   -3,   -9,   -9,   -3,   -3,  -18,   -9,   -6,
     -24,  -18,   -6,   -6,   -6,  -12,   30,  -12,   -9,  -12,   15,  -21,   -6,   33,  -21,  -12,
     -18,   36,   32,   44,   40,    9,   21,   28,   15,   36,   15,   40,   41,   50,   43,   29,
      -6,    6,   18,   21,   15,   18,    6,   12,   15,   -9,   -3,    6,   21,   21,   15,   18,
      -9,   -6,   -6,    6,   15,   15,   15,  -21,  -15,   -6,   -9,   -6,   -6,   -6,   -6,  -12,
     -18,  -15,   -6,   -9,    6,  -15,  -12,   -9,   -9,    6,   -6,   -8,  -21,   -8,  -11,  -12,
      -6,   -9,  -12,  -12,   -3,   -3,   -9,   -3,   -2,   -9,  -12,   -6,    3,   -6,   -6,   -9,
      -6,   -6,   -6,   -6,   -3,  -27,   -3,  -18,   -6,   -9,   -6,   -6,   -6,   -6,   -9,  -18,
       6,   -3,   -3,   -6,   -6,  -12,   -3,   -3,   -6,   -6,   -3,   -3,   -6,   -6,  -15,    6,
     -21,   -6,   -3,  -15,   -6,  -12,   -6,  -24,  -36,  -32,   -9,  -11,  -15,  -12,   -3,  -29,
     -22,   -9,   -6,  -15,   -6,  -15,   15,   -9,   -3,   -6,   -9,  -15,  -21,   -3,  -21,   -6,
      15,   -5,  -11,  -18,   -3,   -9,   -6,   -9,   -6,  -12,  -15,  -18,  -15,   -3,  -12,   -3,
      -3,   -3,   -3,   -5,   -3,    9,   27,    9,   12,   -3,   -8,    9,    9,   -3,    9,   -6,
      21,  -12,   -6,   -3,  -12,   -6,   -3,   -6,   -3,   -3,   -5,   -3,   -3,   -3,   -3,   -3,
      -6,  -40,   -3,   -3,   -6,   -3,  -18,   -6,  -15,  -18,   -6,   -3,   -8,  -15,   -3,  -12,
      -3,  -18,   -3,   -4,  -12,   -3,  -11,   -3,   -6,   -9,  -11,   -9,  -12,   -9,   -3,   -8,
      -5,   -5,   -3,   -6,   -3,  -12,  -10,   -6,   -3,   -3,   -2,  -18,  -11,   -3,   -9,   -6,
      -3,   -6,   -3,   -9,   -3,   -3,   -1,   -9,   -3,   -3,   -3,   -6,   -3,   -3,    9,  -12,
      -6,   -6,   -9,   -9,   -3,  -12,   -3,   -9,   12,   -3,    6,   -9,   30,    6,    9,   -5,
       6,    8,   -5,   -9,   18,   -2,  -12,  -11,   -3,   -6,   -6,   -3,   -6,   -3,   -9,   -3,
      -3,   -3,   -3,   -5,   -3,   -5,   -3,   -6,   -6,   -6,   -3,   -6,    9,   -9,   -1,    6,
      -6,   -3,   -3,    6,  -12,   -6,   -6,   -9,   -3,   -3,  -15,   -9,  -15,   -9,   12,  -24,
      -3,  -18,   -6,   -3,   -3,   -3,  -21,   -6,   -6,  -18,  -14,  -12,   -6,   -6,   -9,   -6,
      -9,   -3,  -12,   24,   -9,  -15,    6,    9,  -12,   -6,   -6,    7,   -9,   -9,   -3,  -12,
      -3,   -9,    7,    7,   12,   -6,   -9,   -3,   -6,    9,    6,   13,    5,    9,    6,   -3,
     -12,   12,   -9,  -15,  -12,   -6,  -12,  -12,  -12,   -6,   -9,   -6,   -9,  -21,   -6,  -15,
      -9,   -9,   -6,   -6,   -6,  -12,   -3,   -3,  -18,  -12,  -18,   -9,    6,   -6,  -12,  -21,
     -15,   -9,  -21,  -18,   -6,   -6,  -12,  -12,  -15,   -6,   -6,  -15,  -12,  -15,  -21,  -15,
     -24,  -15,   -6,   -9,   -3,  -12,   -3,   -9,  -15,   -6,    6,  -18,  -12,  -15,   -6,   -6,
     -15,    6,   -6,   -9,    6,   -6,   -9,  -12,   -9,   -6,   -9,   -6,  -15,   -6,  -15,   -6,
      -3,   -3,  -18,  -18,  -15,  -15,  -12,    6,   -6,   -9,  -12,  -12,  -12,   -3,  -12,   -3,
      -6,   -3,   -3,   -3,   -6,   -3,
};

static const EpdLigaturePair notosans_c19_boldLigaturePairs[] = {
    { 0x00660066, 0xFB00 }, // f f -> U+FB00
    { 0x00660069, 0xFB01 }, // f i -> U+FB01
    { 0x0066006C, 0xFB02 }, // f l -> U+FB02
    { 0xFB000069, 0xFB03 }, // U+FB00 i -> U+FB03
    { 0xFB00006C, 0xFB04 }, // U+FB00 l -> U+FB04
};

static const EpdFontData notosans_c19_bold = {
    notosans_c19_boldBitmaps,
    notosans_c19_boldGlyphs,
    notosans_c19_boldIntervals,
    18,
    26,
    21,
    -6,
    true,
    notosans_c19_boldGroups,
    13,
    nullptr,
    nullptr,  // kernLeftClasses: built-in fonts use the split arrays below
    nullptr,  // kernRightClasses
    notosans_c19_boldKernLeftCodepoints,
    notosans_c19_boldKernLeftClassIds,
    notosans_c19_boldKernRightCodepoints,
    notosans_c19_boldKernRightClassIds,
    nullptr,  // kernMatrix: built-in fonts use the sparse form below
    notosans_c19_boldKernRowOffsets,
    notosans_c19_boldKernSparseCols,
    notosans_c19_boldKernSparseValues,
    478,
    474,
    88,
    76,
    notosans_c19_boldLigaturePairs,
    5,
};
