/**
 * generated by fontconvert.py
 * name: notoserif_c15_regular
 * size: 0
 * mode: 2-bit  compressed: true
 * Command used: fontconvert.py notoserif_c15_regular 0 ../builtinFonts/source/NotoSerif/NotoSerif-Regular.ttf --2bit --compress --pnum --ppem 15 --additional-intervals 0x0250,0x02AF --additional-intervals 0x02B0,0x02FF
 */
#pragma once
#include "EpdFontData.h"

static const uint8_t notoserif_c15_regularBitmaps[15746] = {
    0x75, 0x55, 0x3D, 0x6C, 0x1C, 0x45, 0x14, 0xFE, 0x76, 0xC7, 0xBE, 0xBD, 0xBB, 0xDD, 0x99, 0x75,
    0x91, 0x48, 0x56, 0xD8, 0xFB, 0x29, 0x0E, 0x71, 0x98, 0xB5, 0xB3, 0x12, 0x13, 0x58, 0xA2, 0x23,
    0x5E, 0x41, 0x01, 0x12, 0x29, 0x2C, 0x14, 0x44, 0x01, 0xC5, 0x15, 0x48, 0xC0, 0x09, 0x89, 0x2D,
    0x8C, 0x14, 0x09, 0x87, 0x1B, 0x4C, 0x41, 0x90, 0x40, 0xBA, 0x82, 0x12, 0xD0, 0x49, 0xB8, 0x30,
    0xAE, 0x0E, 0x71, 0x05, 0x05, 0x26, 0xA3, 0x34, 0x08, 0x89, 0x62, 0xF9, 0x11, 0xF5, 0x02, 0x29,
    0x90, 0x90, 0x88, 0x0B, 0x4B, 0x58, 0xC4, 0x8E, 0x79, 0xB3, 0xF6, 0xC5, 0x76, 0x12, 0xE6, 0xBD,
    0x9D, 0x9D, 0x9D, 0x9D, 0x79, 0xF3, 0xE6, 0x7B, 0x7F, 0xDD, 0xE5, 0xA8, 0x68, 0x58, 0x5E, 0x46,
    0x4B, 0x49, 0x1D, 0xE9, 0xA6, 0xB2, 0xCB, 0x60, 0x1E, 0xA8, 0x5F, 0xDC, 0x47, 0xA5, 0x05, 0x2F,
    0x32, 0x7C, 0x6D, 0x0F, 0xB3, 0x5D, 0xB4, 0x06, 0x68, 0x2A, 0x00, 0x96, 0x12, 0x3B, 0xED, 0x4F,
    0xDA, 0xAA, 0xAE, 0x9C, 0x1C, 0xBB, 0xCD, 0x8F, 0xA2, 0x0F, 0xE7, 0xBF, 0xB6, 0x15, 0xE8, 0xD7,
    0x99, 0x64, 0x06, 0x52, 0x0F, 0x10, 0xE5, 0x1A, 0xE9, 0xEF, 0x09, 0xA2, 0x3F, 0x4E, 0x41, 0x7E,
    0xFF, 0x39, 0xAA, 0x17, 0x7F, 0x52, 0x68, 0x5D, 0xD7, 0x88, 0xAE, 0x2B, 0x0C, 0x7E, 0x56, 0xD0,
    0x6F, 0xC3, 0xB4, 0xD2, 0x36, 0x78, 0x00, 0x8F, 0x43, 0x04, 0x70, 0x86, 0x4B, 0x7E, 0x96, 0xCB,
    0x2F, 0x75, 0xBA, 0x90, 0xA4, 0x2E, 0xA4, 0xAB, 0x1B, 0xE3, 0x1D, 0x5A, 0xD3, 0x92, 0x51, 0x13,
    0x60, 0x09, 0x47, 0x80, 0x98, 0x48, 0x16, 0x14, 0x23, 0xA4, 0x6F, 0x07, 0x56, 0x02, 0x90, 0x8A,
    0xA8, 0xD2, 0xD8, 0xA1, 0x55, 0x2C, 0x71, 0x12, 0x07, 0x2E, 0x38, 0xDA, 0x58, 0x82, 0x05, 0x86,
    0xF3, 0x97, 0xDD, 0xEC, 0xFC, 0x65, 0x46, 0x63, 0x24, 0x96, 0xB2, 0xD4, 0xE2, 0x9E, 0xE9, 0xA1,
    0xE2, 0x4E, 0xB9, 0x89, 0x1E, 0x5E, 0x40, 0x1C, 0xD3, 0x29, 0x8C, 0xA8, 0x84, 0x0A, 0x49, 0xF2,
    0x30, 0x8B, 0x16, 0xC9, 0x8C, 0x68, 0xBF, 0xB9, 0x54, 0x29, 0xE7, 0x61, 0x9B, 0xC7, 0x42, 0xBA,
    0x05, 0x89, 0x98, 0x07, 0x81, 0x3B, 0x06, 0xEC, 0xA4, 0xA1, 0xBE, 0x52, 0xEC, 0x04, 0x9D, 0xBD,
    0xF1, 0x40, 0x26, 0x97, 0x53, 0xA3, 0x64, 0x8A, 0xCC, 0x56, 0x25, 0xCC, 0x4E, 0x45, 0xC1, 0xB5,
    0x5D, 0x9A, 0x8D, 0x23, 0xA3, 0xFC, 0xC8, 0xC9, 0xA8, 0x0F, 0x10, 0x74, 0xE3, 0x0B, 0x39, 0x1D,
    0xDB, 0x05, 0xB6, 0x60, 0xA7, 0x28, 0x15, 0x30, 0xB7, 0x22, 0x34, 0x23, 0xEC, 0xEF, 0x03, 0xCB,
    0x20, 0x11, 0xF6, 0x1E, 0xCE, 0xAC, 0x3D, 0xFC, 0x5A, 0x73, 0x2A, 0xC2, 0xB9, 0xE4, 0xC1, 0x31,
    0x3A, 0x74, 0xE7, 0x30, 0x8D, 0x17, 0x69, 0xA3, 0x3D, 0xE6, 0x5E, 0x58, 0x8E, 0x71, 0x6E, 0xE9,
    0xC9, 0x15, 0xC9, 0x8F, 0x94, 0x9A, 0xFB, 0xE2, 0xAD, 0x37, 0x96, 0x02, 0xDA, 0x1B, 0x61, 0x88,
    0xCC, 0xD2, 0xB6, 0x62, 0x04, 0x4B, 0x75, 0x18, 0x86, 0xD2, 0x8B, 0xBD, 0xBA, 0x74, 0xF2, 0x60,
    0x45, 0x8A, 0xB4, 0x2A, 0x79, 0x9D, 0x56, 0xBB, 0x59, 0x18, 0xCB, 0x60, 0x99, 0x4B, 0xDE, 0x99,
    0x77, 0x3F, 0x25, 0xB5, 0xC2, 0x19, 0xB9, 0x90, 0x91, 0x5A, 0xA3, 0x11, 0x0E, 0xFB, 0x30, 0x34,
    0xA3, 0x30, 0xF4, 0x5A, 0xE6, 0x5D, 0xC1, 0xD8, 0x49, 0x3A, 0x04, 0xAF, 0x95, 0xA3, 0x06, 0x9C,
    0xBE, 0x34, 0xB7, 0x3E, 0xE9, 0x25, 0xC4, 0xC1, 0x2C, 0xAD, 0x30, 0x80, 0x2E, 0xA8, 0x34, 0x6D,
    0x1A, 0x20, 0x46, 0xB6, 0xB6, 0x61, 0xD3, 0x8C, 0x4B, 0x44, 0xED, 0xCC, 0x10, 0xB8, 0x51, 0x23,
    0x53, 0xD9, 0x09, 0xAF, 0x0E, 0x75, 0x20, 0x53, 0xDD, 0x1A, 0x0E, 0x75, 0x94, 0x65, 0xF4, 0xFC,
    0xA8, 0xA2, 0xDF, 0x7E, 0x86, 0x9C, 0x37, 0xC6, 0x05, 0x19, 0xF5, 0x14, 0xAC, 0x7F, 0x07, 0x85,
    0xAB, 0x18, 0xA8, 0x48, 0xE5, 0x3F, 0x61, 0xBD, 0x0C, 0xC6, 0x61, 0xBB, 0xA8, 0xBE, 0x04, 0xFE,
    0xA2, 0x9A, 0xB5, 0x75, 0xCB, 0xCA, 0x36, 0x9D, 0xED, 0xDE, 0x1A, 0x84, 0x0B, 0xC1, 0x12, 0xC3,
    0x2E, 0xFC, 0xBD, 0x62, 0x6C, 0x6B, 0xC3, 0x4C, 0xF5, 0x6F, 0xC3, 0xFA, 0x16, 0x2E, 0x53, 0x81,
    0x6D, 0xD4, 0x3B, 0xCE, 0x74, 0x43, 0x61, 0x29, 0x76, 0xDB, 0x1C, 0xD2, 0x5B, 0x87, 0x70, 0x94,
    0xB0, 0x32, 0x81, 0x2D, 0x81, 0xD1, 0x84, 0x69, 0x9C, 0x09, 0xA6, 0x49, 0x48, 0x6F, 0x83, 0xC4,
    0x42, 0xD8, 0x74, 0x5B, 0xC3, 0xFE, 0xFA, 0xE1, 0x40, 0x20, 0x21, 0x21, 0xFD, 0x7D, 0xF5, 0xFF,
    0x0B, 0x0C, 0xF7, 0x15, 0xA9, 0x91, 0xB8, 0x76, 0x16, 0x40, 0x77, 0xEE, 0xE8, 0xE0, 0x6C, 0xC7,
    0xC8, 0x42, 0x3A, 0x82, 0x7C, 0xE6, 0x96, 0x36, 0x6A, 0xAC, 0xAE, 0x1F, 0x3B, 0x7D, 0xE4, 0xEF,
    0x1F, 0x57, 0x66, 0xD4, 0x5F, 0xDD, 0xED, 0x29, 0x81, 0xBB, 0xA9, 0xAF, 0xCE, 0x0C, 0x99, 0xBA,
    0x0F, 0x51, 0x50, 0xB8, 0xE4, 0xD2, 0xBD, 0xD5, 0xA1, 0xC1, 0xC2, 0x81, 0xF0, 0x20, 0x22, 0x88,
    0x6D, 0xF8, 0x2B, 0x10, 0x7E, 0x71, 0x61, 0x3B, 0xEB, 0xAB, 0x71, 0x4F, 0x9D, 0xD0, 0xF5, 0x18,
    0xAB, 0xC3, 0xBB, 0xA1, 0x3A, 0xF0, 0x93, 0x06, 0x84, 0x7E, 0x04, 0x5C, 0x3F, 0x0E, 0x2F, 0x7F,
    0x15, 0xDE, 0xE8, 0x7D, 0x78, 0xE9, 0x77, 0xF0, 0x9E, 0x78, 0x06, 0xDE, 0x59, 0x07, 0x1E, 0x1D,
    0xF0, 0x0E, 0x6F, 0x64, 0xAF, 0x5B, 0xEB, 0x3E, 0xBA, 0xBE, 0xEA, 0xF2, 0xAC, 0xEB, 0x8D, 0xBA,
    0x5E, 0xDC, 0xF5, 0x6A, 0x5D, 0xCF, 0xED, 0x7A, 0x2C, 0xF7, 0xAC, 0xBC, 0x8F, 0xDC, 0xBA, 0x4D,
    0x28, 0xE9, 0x10, 0x39, 0x45, 0x45, 0x0C, 0x8A, 0x99, 0xE5, 0xA2, 0x1F, 0xD1, 0x8C, 0xB0, 0x34,
    0xBB, 0x59, 0x98, 0x63, 0xED, 0x40, 0xC1, 0xC2, 0xA6, 0x4E, 0x61, 0xD6, 0xB5, 0x93, 0x60, 0xDE,
    0x86, 0xFF, 0xFF, 0x42, 0xEC, 0x9B, 0x05, 0xBE, 0x04, 0xB4, 0x48, 0x28, 0x53, 0x9C, 0xF0, 0x10,
    0x82, 0xE1, 0x0D, 0x88, 0xCB, 0x10, 0xF3, 0x87, 0x18, 0xF4, 0x57, 0x73, 0x37, 0x6F, 0x87, 0xB2,
    0x2C, 0xB1, 0x00, 0x37, 0xC7, 0x37, 0xA8, 0x45, 0x3C, 0x0A, 0x16, 0xC8, 0xE9, 0x7A, 0x1B, 0x6A,
    0xF8, 0xA3, 0x56, 0x99, 0x06, 0x05, 0xC7, 0x3D, 0xEC, 0xEC, 0x60, 0xE3, 0xA9, 0xB5, 0x1A, 0x74,
    0x70, 0x0F, 0xD3, 0xA4, 0xB9, 0x4B, 0xE1, 0x5A, 0x1B, 0xA5, 0x61, 0xC7, 0xD2, 0x81, 0xA5, 0xB8,
    0x0D, 0x9F, 0xA2, 0xB2, 0x04, 0x76, 0x11, 0xF6, 0x0F, 0xB0, 0x6E, 0x98, 0x1C, 0x80, 0x11, 0x36,
    0xAC, 0xE4, 0x8B, 0xD0, 0xD6, 0x32, 0x60, 0x59, 0x24, 0x4A, 0x79, 0xD3, 0xAF, 0x8C, 0x06, 0x8E,
    0x97, 0x6A, 0xF6, 0xAC, 0xD4, 0xEC, 0xE3, 0x27, 0x94, 0x9D, 0xD7, 0x13, 0x6B, 0xCB, 0x07, 0x72,
    0x1F, 0xBD, 0xEA, 0xA0, 0xCE, 0xE0, 0x56, 0xC0, 0xAE, 0xC2, 0xDA, 0x32, 0x02, 0xAC, 0x6D, 0xB0,
    0x10, 0x15, 0x81, 0xC0, 0x49, 0x36, 0xFD, 0x7C, 0x6E, 0x75, 0xCD, 0x47, 0xE6, 0x24, 0x9A, 0x5D,
    0x07, 0x7E, 0x05, 0xDD, 0xC6, 0x20, 0x21, 0x0B, 0x8E, 0x0D, 0x6C, 0x73, 0x1B, 0x88, 0x04, 0x9A,
    0x61, 0x91, 0x6B, 0x28, 0x07, 0x69, 0x30, 0x65, 0x02, 0xB4, 0x66, 0xA1, 0xC3, 0xD0, 0xDF, 0xC7,
    0xE9, 0xF1, 0xE8, 0xA8, 0xBD, 0x93, 0x40, 0x83, 0xD2, 0x3F, 0xE5, 0x95, 0x26, 0x05, 0x65, 0x99,
    0xB2, 0x64, 0x19, 0xD3, 0x14, 0xD6, 0x8C, 0x9E, 0xD3, 0x0D, 0xF7, 0xA8, 0xBD, 0x89, 0xC4, 0xD6,
    0x6C, 0xA9, 0x12, 0x79, 0xAD, 0x96, 0x17, 0x55, 0x80, 0x45, 0xBA, 0xFD, 0x4C, 0x9B, 0x06, 0xF5,
    0x51, 0xBB, 0x8D, 0xB0, 0xF4, 0x4D, 0x1C, 0x46, 0xA1, 0xEC, 0x9C, 0xFD, 0x0C, 0xB8, 0x54, 0x04,
    0x5F, 0x50, 0x70, 0x6D, 0x0F, 0x75, 0x17, 0x01, 0x4B, 0xEE, 0x30, 0x7D, 0x5E, 0xD9, 0x3B, 0x88,
    0x7D, 0x31, 0x6E, 0xB7, 0xE5, 0x61, 0xE6, 0x0F, 0xA7, 0xDC, 0x6D, 0x9A, 0x3A, 0x45, 0x02, 0x0F,
    0x1D, 0xC1, 0xFF, 0x1B, 0x9D, 0x3A, 0xA4, 0x38, 0xE2, 0xB0, 0x0E, 0xFF, 0x2F, 0x55, 0x6C, 0xF5,
    0x47, 0x94, 0xFB, 0x82, 0x0B, 0x9B, 0xC5, 0xD6, 0xB2, 0xD9, 0x6A, 0x0D, 0xAA, 0x31, 0xA7, 0x02,
    0xF1, 0xA6, 0xF2, 0x30, 0x21, 0x6E, 0x9C, 0x69, 0x5A, 0xDC, 0x8A, 0xA5, 0x8C, 0x63, 0x29, 0xF2,
    0x59, 0x3C, 0xBC, 0xD4, 0xD8, 0x4D, 0xF9, 0x90, 0x2F, 0x87, 0xD5, 0xC1, 0x09, 0x3D, 0x77, 0x51,
    0x23, 0x90, 0xDD, 0x13, 0xDC, 0x77, 0xD5, 0x14, 0xFD, 0x9C, 0xA2, 0xF3, 0x56, 0xE8, 0x3D, 0x91,
    0x1A, 0xA0, 0x9F, 0x58, 0x26, 0x5B, 0xD2, 0x7C, 0xA3, 0x28, 0x50, 0xC7, 0xC9, 0x14, 0xA9, 0xD6,
    0x09, 0x0C, 0x82, 0x45, 0x04, 0x6D, 0xAA, 0x0D, 0xA8, 0x65, 0x84, 0x16, 0x02, 0xAA, 0x14, 0x35,
    0x23, 0xFB, 0x52, 0x51, 0xEC, 0xEE, 0xA6, 0x6B, 0x89, 0xB9, 0xDF, 0x95, 0xBD, 0x6B, 0xA8, 0xFB,
    0x4F, 0x27, 0x9C, 0x72, 0x9B, 0x77, 0xEC, 0x09, 0xE8, 0xE9, 0x3F, 0xF7, 0x5E, 0x56, 0x2C, 0x31,
    0xD0, 0x72, 0x8A, 0xCD, 0x09, 0x07, 0x0E, 0xFA, 0xCF, 0x50, 0xA2, 0xF1, 0xC7, 0x6D, 0x2A, 0x1E,
    0x07, 0x75, 0x2D, 0xE4, 0xA6, 0x80, 0x50, 0xDB, 0xBC, 0x9F, 0x25, 0xC8, 0x3C, 0x07, 0x3A, 0xCE,
    0x53, 0x38, 0x1C, 0x00, 0xFB, 0x97, 0xBA, 0x0B, 0x75, 0xFA, 0x24, 0x53, 0x4C, 0x12, 0x1F, 0xAD,
    0x23, 0x0B, 0x5C, 0xD9, 0xA9, 0xB7, 0xF9, 0x11, 0x1C, 0x34, 0x33, 0x97, 0x45, 0x5D, 0x89, 0xB3,
    0x89, 0x9D, 0xCF, 0xA4, 0x69, 0x74, 0x9E, 0x14, 0x2C, 0x17, 0x7F, 0x42, 0x1C, 0x91, 0x7F, 0x60,
    0xBB, 0x95, 0xC6, 0xDD, 0x40, 0x73, 0x1F, 0xEE, 0x3F, 0xFA, 0xC0, 0x29, 0xBE, 0x6D, 0x24, 0x9D,
    0x0A, 0x02, 0x32, 0x5E, 0x19, 0x6E, 0x0B, 0x4E, 0x04, 0x36, 0x34, 0x7E, 0x5C, 0xDC, 0x81, 0xFB,
    0x2A, 0xAE, 0xDB, 0x08, 0x1F, 0x9A, 0x86, 0xF7, 0xE8, 0x45, 0xF0, 0xE7, 0xAF, 0xA2, 0xFA, 0xEE,
    0x2F, 0x70, 0xD4, 0x16, 0x55, 0x9E, 0xA2, 0xBA, 0xF5, 0x2F, 0x80, 0xCF, 0xC2, 0xE9, 0x9A, 0x2D,
    0x76, 0x8E, 0x69, 0x89, 0x20, 0xC0, 0xE6, 0xA2, 0x01, 0x75, 0x73, 0x22, 0x59, 0xCC, 0x1A, 0xC9,
    0x2C, 0x35, 0x0B, 0x2C, 0x6D, 0x98, 0x25, 0x26, 0x48, 0x5E, 0x31, 0x02, 0x16, 0x77, 0x9A, 0x54,
    0xE4, 0x99, 0x76, 0xC0, 0xA7, 0x3A, 0x5E, 0x7F, 0x17, 0x4B, 0x4C, 0x4D, 0x2C, 0x4B, 0x2E, 0x48,
    0xFD, 0xC4, 0xD2, 0x76, 0x36, 0xD3, 0x3D, 0xD1, 0x66, 0x4E, 0x91, 0xF3, 0xBA, 0x87, 0x44, 0x95,
    0x30, 0x73, 0xEE, 0x7C, 0x51, 0x0C, 0x4F, 0x3F, 0xF6, 0x41, 0xF3, 0xF2, 0x7F, 0x8D, 0x56, 0x5D,
    0x68, 0x1C, 0x55, 0x14, 0xFE, 0xEE, 0xCC, 0x66, 0x67, 0xB3, 0xF3, 0xB3, 0x5B, 0x88, 0xB0, 0x4D,
    0x27, 0xD9, 0xAD, 0xEC, 0xC3, 0x1A, 0x26, 0xDD, 0x69, 0xDD, 0xD6, 0xA1, 0x8D, 0xC9, 0xAD, 0x62,
    0xAD, 0xD4, 0x87, 0x80, 0x96, 0x3E, 0x58, 0x61, 0xC4, 0xBE, 0x18, 0x2C, 0x8E, 0x12, 0x44, 0x34,
    0xB2, 0x97, 0x42, 0x8B, 0xA0, 0x42, 0xD1, 0x47, 0x51, 0xD6, 0x5A, 0xB0, 0x0D, 0x85, 0x2E, 0x65,
    0x1F, 0x8A, 0x26, 0xED, 0xAD, 0x05, 0xAD, 0x08, 0xB2, 0x82, 0xFA, 0x24, 0x65, 0xA9, 0x2F, 0x45,
    0x85, 0xE6, 0x21, 0x45, 0x1F, 0x4C, 0xEA, 0xB9, 0xB3, 0xD9, 0xDA, 0x9A, 0x95, 0xCC, 0xDC, 0x33,
    0xC3, 0x9D, 0xF3, 0x73, 0xCF, 0x39, 0xDF, 0x3D, 0xF7, 0x07, 0xB3, 0xB3, 0xF0, 0xE3, 0x67, 0x36,
    0xD4, 0x60, 0x88, 0x3D, 0xB3, 0x17, 0x4A, 0xA7, 0x70, 0x83, 0xDA, 0x05, 0xEC, 0x39, 0x62, 0x9E,
    0xD4, 0xA0, 0x2D, 0xDB, 0xAE, 0x9B, 0x71, 0x61, 0xA1, 0xDA, 0x30, 0xA0, 0x23, 0x0D, 0x67, 0xEF,
    0xEE, 0x55, 0x20, 0x9F, 0xAA, 0x2E, 0x14, 0x0A, 0x65, 0xAB, 0x60, 0x8D, 0x5E, 0xDC, 0xBA, 0xFF,
    0xEC, 0x30, 0x26, 0x6C, 0xB8, 0x16, 0x9C, 0x32, 0x0C, 0x1F, 0xFA, 0x49, 0x6C, 0xB9, 0x89, 0xF4,
    0x8F, 0x8A, 0x34, 0x09, 0x73, 0x19, 0xF9, 0x50, 0x3D, 0x79, 0xF4, 0x3A, 0x03, 0xD8, 0xD9, 0x0E,
    0xC3, 0x08, 0x8F, 0xE2, 0x23, 0xF9, 0xC3, 0x52, 0xAB, 0x56, 0x8D, 0xB4, 0x0E, 0xA2, 0xD0, 0x8F,
    0xC2, 0x61, 0x0E, 0xFC, 0xCA, 0xF7, 0x02, 0x97, 0xB9, 0xC1, 0xA3, 0xC2, 0x98, 0xE5, 0x5F, 0x39,
    0xBE, 0x43, 0x68, 0x0F, 0x0A, 0x7D, 0x87, 0xD0, 0xB7, 0xCB, 0x7D, 0x85, 0x37, 0x9F, 0xCE, 0xA2,
    0xCC, 0x7E, 0x6F, 0x03, 0x18, 0xE3, 0x5B, 0xE5, 0xB0, 0x7C, 0x55, 0xBE, 0x2E, 0x01, 0x6D, 0xC8,
    0x8E, 0x82, 0xB6, 0xD7, 0xB1, 0x7D, 0x6D, 0x68, 0x6A, 0x05, 0x83, 0x18, 0xA0, 0x86, 0x19, 0x1C,
    0x5C, 0x1B, 0x69, 0xF3, 0x59, 0xCB, 0x3F, 0x75, 0xDC, 0xFF, 0xF4, 0x58, 0xE9, 0x0B, 0xDD, 0xFF,
    0x5C, 0xF7, 0x3F, 0xDB, 0xB7, 0xF9, 0xF6, 0x2F, 0x77, 0x47, 0x7A, 0xE0, 0xE0, 0xD8, 0x7C, 0x91,
    0xFB, 0x32, 0x14, 0x3B, 0x65, 0x16, 0xE0, 0x4C, 0x30, 0x31, 0xB5, 0xA2, 0xBE, 0x10, 0xC0, 0xD4,
    0xCA, 0x00, 0x76, 0xC9, 0x4D, 0x52, 0x13, 0x1A, 0x0A, 0x98, 0x22, 0x6F, 0xDD, 0x7F, 0x43, 0x65,
    0x27, 0x77, 0x89, 0x14, 0x52, 0x95, 0x12, 0xD0, 0x0C, 0xEE, 0x69, 0x6F, 0x9C, 0xFF, 0xF8, 0x24,
    0x1A, 0x68, 0xA1, 0x84, 0x81, 0x83, 0x7C, 0xEA, 0x3A, 0xEA, 0xD7, 0x14, 0x4D, 0x5D, 0x43, 0xF5,
    0x1A, 0xB0, 0x9E, 0xBE, 0x45, 0xFA, 0x04, 0xC7, 0x44, 0x19, 0x04, 0xB5, 0x01, 0x13, 0x15, 0x8A,
    0x6A, 0x14, 0xC3, 0xC8, 0xC6, 0xAD, 0x48, 0xA8, 0x0C, 0x53, 0x7C, 0x51, 0x3B, 0x6A, 0xEF, 0x22,
    0xFF, 0x25, 0xE1, 0x36, 0x72, 0x81, 0x53, 0x73, 0x1B, 0x25, 0x8A, 0x0F, 0xF0, 0xC0, 0x71, 0x18,
    0x12, 0x96, 0xC6, 0x61, 0xE9, 0x34, 0xC6, 0x20, 0x59, 0x5B, 0x13, 0x40, 0xF9, 0x1C, 0xB0, 0xFD,
    0x65, 0xE0, 0xC3, 0xA3, 0xC0, 0x95, 0xA3, 0xD0, 0xB8, 0x87, 0xDE, 0xE3, 0x51, 0x6A, 0x87, 0x29,
    0xC1, 0x58, 0x3F, 0x4D, 0xAF, 0x35, 0x84, 0xD1, 0xCD, 0xD7, 0x01, 0xFF, 0x00, 0x10, 0xD2, 0x00,
    0xB2, 0x00, 0x26, 0x5E, 0x80, 0xCE, 0xEE, 0xC4, 0xFA, 0x04, 0x27, 0x65, 0x3D, 0x8D, 0x4D, 0x52,
    0xC2, 0x20, 0x3B, 0xED, 0x2A, 0x31, 0xBE, 0x26, 0xDE, 0x7B, 0x13, 0x48, 0x15, 0xD6, 0xFC, 0xBC,
    0xD8, 0xF5, 0xC3, 0x44, 0xCF, 0x8F, 0x2E, 0x74, 0x8A, 0x50, 0xE3, 0x1A, 0xCF, 0x21, 0x40, 0x84,
    0xA8, 0x5C, 0x0B, 0xB2, 0x1D, 0xC6, 0xC1, 0x28, 0x8D, 0x30, 0xA6, 0x16, 0x70, 0x13, 0xEC, 0x30,
    0x74, 0x1B, 0x9A, 0x89, 0xEC, 0x73, 0xB0, 0x0F, 0x89, 0x82, 0x26, 0xCB, 0xAC, 0xBD, 0x68, 0x2C,
    0x23, 0xA5, 0x22, 0x25, 0x14, 0x37, 0xD6, 0x9C, 0x06, 0xFE, 0x82, 0xF6, 0x54, 0x02, 0x4D, 0x0A,
    0xEB, 0x06, 0xD8, 0x78, 0x32, 0xCD, 0xF7, 0xC1, 0x52, 0x89, 0x34, 0xF1, 0x07, 0xD8, 0x7E, 0x15,
    0xC3, 0x06, 0x9A, 0x63, 0xF3, 0x02, 0x5B, 0xB8, 0xC4, 0xC3, 0x5C, 0xE0, 0x19, 0x9A, 0xD8, 0xAB,
    0x04, 0xC6, 0xE3, 0xBF, 0x41, 0x3F, 0xC4, 0x91, 0x3D, 0xA4, 0xE6, 0x8F, 0xE7, 0xCB, 0x3A, 0x0F,
    0x17, 0x8B, 0x77, 0x3A, 0xEC, 0x12, 0x4C, 0x5D, 0xB8, 0x1A, 0x0F, 0x80, 0x7B, 0x89, 0x10, 0x71,
    0x98, 0xD0, 0x69, 0x21, 0x46, 0xF1, 0x0F, 0x51, 0x03, 0x8C, 0x70, 0x26, 0xAC, 0x05, 0x66, 0xE6,
    0xE1, 0xE8, 0x70, 0x34, 0x38, 0x50, 0x94, 0x3B, 0xB3, 0xD6, 0x71, 0xC0, 0xC9, 0xAA, 0x7E, 0x47,
    0x60, 0x88, 0x66, 0x39, 0x99, 0xE6, 0x34, 0xB4, 0x25, 0x68, 0x85, 0x04, 0x9A, 0x80, 0xE1, 0x29,
    0xA8, 0x36, 0xD4, 0xCC, 0x53, 0x71, 0x67, 0x30, 0x23, 0x1C, 0xFC, 0xB7, 0xD5, 0x05, 0xE3, 0xFA,
    0xFF, 0xCA, 0x06, 0x50, 0xC5, 0x56, 0xD1, 0x5F, 0x06, 0xBC, 0x26, 0xF3, 0xBC, 0xBF, 0x6C, 0x86,
    0x22, 0x30, 0x84, 0xC3, 0xDA, 0x0E, 0x96, 0x1C, 0x34, 0x5F, 0x69, 0x34, 0xE9, 0x1B, 0xF7, 0xDB,
    0x8E, 0x2E, 0xEB, 0xAB, 0x6A, 0xEA, 0xD8, 0x6D, 0xAE, 0x15, 0xF1, 0x12, 0x3B, 0x93, 0x43, 0x98,
    0x13, 0xA1, 0xDD, 0x0E, 0xAD, 0x66, 0x68, 0x05, 0xA1, 0x35, 0x12, 0x5A, 0x66, 0x68, 0xE9, 0x1D,
    0x8B, 0x75, 0xEA, 0x50, 0x75, 0x8B, 0x8E, 0xAA, 0x46, 0xB6, 0x4A, 0x19, 0x4A, 0x0F, 0x9D, 0x80,
    0x96, 0x3D, 0xA2, 0x00, 0xB3, 0xF1, 0xB7, 0x49, 0x1C, 0x87, 0x49, 0xFD, 0x56, 0x6F, 0xC5, 0xB8,
    0x89, 0x95, 0x69, 0x73, 0x5C, 0x00, 0x3B, 0x91, 0x4C, 0x99, 0x66, 0x9A, 0x0A, 0x78, 0x5B, 0x62,
    0xE5, 0xEF, 0x81, 0x27, 0x12, 0x2A, 0x37, 0xA2, 0x87, 0xA4, 0x89, 0x51, 0x11, 0x35, 0x78, 0x5E,
    0x01, 0xB3, 0x2A, 0x09, 0x24, 0x4F, 0xEB, 0x04, 0x99, 0x66, 0x50, 0x88, 0x02, 0x7F, 0x36, 0x08,
    0xA3, 0x40, 0x36, 0xC7, 0x79, 0x27, 0xC7, 0xA4, 0x79, 0x8B, 0x66, 0x0B, 0x0A, 0x95, 0xB6, 0x4A,
    0x74, 0xFE, 0xB1, 0xD3, 0x23, 0x90, 0xEE, 0x3A, 0x22, 0xA6, 0xF2, 0xB0, 0x7A, 0x1F, 0x2A, 0x89,
    0x94, 0x7B, 0xA8, 0x24, 0x52, 0xA6, 0x48, 0xBE, 0x03, 0xF6, 0x26, 0x0E, 0xC3, 0xA6, 0xFD, 0x11,
    0x63, 0xC7, 0x4E, 0xE7, 0xD0, 0x36, 0xB8, 0xD4, 0xBF, 0x02, 0x7E, 0x56, 0xEE, 0xD4, 0x02, 0xAB,
    0xC5, 0x14, 0x28, 0xCC, 0x66, 0x44, 0x5C, 0xC6, 0xA7, 0xE1, 0x14, 0xA9, 0x8E, 0xB8, 0xA3, 0x73,
    0xF5, 0x75, 0x62, 0x0E, 0xE2, 0xD2, 0x9B, 0x86, 0xF9, 0x3C, 0x6C, 0x03, 0xAE, 0x8E, 0xB9, 0xDD,
    0xB0, 0x1A, 0xB0, 0x9A, 0xB0, 0x26, 0x61, 0x19, 0xC2, 0x62, 0xD2, 0xBD, 0x22, 0xE7, 0xDE, 0xE2,
    0xB1, 0x43, 0x83, 0xF6, 0x45, 0xDA, 0x97, 0x9B, 0x95, 0x0A, 0xBC, 0xF4, 0x42, 0xE0, 0xF9, 0x5E,
    0x6D, 0xA2, 0xFA, 0x49, 0x9C, 0x65, 0xA7, 0xBF, 0x84, 0x96, 0x43, 0x3B, 0x53, 0xEA, 0x6B, 0x83,
    0xDC, 0xFE, 0x7C, 0xAB, 0xBF, 0xC4, 0xF6, 0x53, 0xF9, 0xFE, 0x12, 0xA3, 0x91, 0xF1, 0xF5, 0x46,
    0x7F, 0x19, 0x46, 0xBF, 0xBC, 0x58, 0x19, 0x77, 0xE0, 0x99, 0xE9, 0x4B, 0xE7, 0x03, 0x0F, 0xBE,
    0x87, 0xDA, 0x24, 0xAB, 0x7E, 0xF3, 0x77, 0x2C, 0x74, 0x5A, 0x95, 0x4A, 0x0D, 0xDD, 0xE6, 0xA5,
    0xCC, 0x65, 0x8A, 0xB7, 0x81, 0x86, 0x46, 0x8B, 0x52, 0x57, 0x1B, 0x09, 0x72, 0x4D, 0xCF, 0xAB,
    0xB9, 0x93, 0x8B, 0xB1, 0x3C, 0x63, 0x2E, 0xFF, 0x9B, 0xD5, 0x7A, 0x49, 0x2F, 0xAB, 0x3E, 0x36,
    0xB0, 0x23, 0x15, 0xFB, 0x7A, 0xC9, 0x34, 0xF5, 0xA8, 0xD4, 0x30, 0x07, 0x75, 0x19, 0xE9, 0x36,
    0x17, 0x75, 0xCE, 0xB8, 0xD1, 0x97, 0x9F, 0xC2, 0x24, 0x3E, 0xE0, 0xEB, 0xF9, 0x6B, 0xB7, 0x8B,
    0x3E, 0x7C, 0xE3, 0x8C, 0xB6, 0xC4, 0x2A, 0xDA, 0xB9, 0x91, 0x6D, 0x74, 0xB0, 0x9A, 0xD4, 0xB2,
    0x15, 0xDB, 0x6C, 0xC5, 0xC9, 0x1B, 0x3F, 0x21, 0x33, 0xA7, 0x3A, 0x6F, 0xAF, 0x60, 0xD4, 0x54,
    0x53, 0x6D, 0xF5, 0xC8, 0x35, 0x50, 0x7F, 0x52, 0x12, 0x0A, 0x3C, 0x46, 0xA1, 0x55, 0xB1, 0x6B,
    0x5D, 0x6B, 0xC7, 0xEB, 0x5A, 0x0F, 0xD1, 0x16, 0xDD, 0x57, 0x42, 0x28, 0x74, 0x06, 0xCB, 0x7D,
    0x6D, 0x90, 0x7B, 0x67, 0xA8, 0xD5, 0x5F, 0xE2, 0xD4, 0x62, 0x7C, 0xFA, 0x48, 0xE8, 0x40, 0xE5,
    0xEA, 0xAE, 0x12, 0x2F, 0x78, 0xA9, 0x0A, 0x2E, 0xB7, 0x50, 0x19, 0xAF, 0x6D, 0xAB, 0xBD, 0xBB,
    0xF3, 0xC0, 0x23, 0xCE, 0xB8, 0x5D, 0x6C, 0xE5, 0x55, 0xD1, 0x53, 0xA0, 0x88, 0xEF, 0x0C, 0x73,
    0x45, 0xB8, 0xE6, 0x7D, 0x64, 0xE7, 0x60, 0xFE, 0xA9, 0x2C, 0xD5, 0xF9, 0x10, 0x25, 0x50, 0x8B,
    0x0F, 0x87, 0x74, 0x61, 0x23, 0xB5, 0xDE, 0xC9, 0xB0, 0xB1, 0xD3, 0xE6, 0x9A, 0xD3, 0xC5, 0x22,
    0x9F, 0x18, 0x8C, 0x2F, 0x94, 0x05, 0x98, 0x65, 0xE8, 0x11, 0xE8, 0x7E, 0x48, 0x09, 0x12, 0x51,
    0xFC, 0x26, 0x70, 0x04, 0x78, 0x36, 0x3E, 0xF6, 0xDC, 0x98, 0x46, 0xE2, 0x79, 0x71, 0x75, 0x7E,
    0x97, 0xE8, 0x97, 0x98, 0x5D, 0xE9, 0xB8, 0xBA, 0x08, 0xAA, 0xC7, 0x0C, 0x30, 0x90, 0x4F, 0x3A,
    0xFE, 0x3F, 0x8D, 0x97, 0x4F, 0x68, 0x23, 0x55, 0x1C, 0xC7, 0xBF, 0x6F, 0x26, 0xED, 0xA4, 0x9D,
    0xCC, 0x9B, 0x28, 0x3D, 0x94, 0x65, 0x92, 0x46, 0x28, 0x18, 0x97, 0xD9, 0x36, 0xE0, 0x1C, 0xB2,
    0x12, 0x77, 0x9F, 0xCA, 0xE2, 0x82, 0x1E, 0xAA, 0x2C, 0x78, 0xD0, 0x43, 0x04, 0x41, 0x2C, 0x0B,
    0xE6, 0xD0, 0xC3, 0x1E, 0xBA, 0x9B, 0x67, 0xFD, 0x2F, 0x08, 0x45, 0x3C, 0x4B, 0x0E, 0x7B, 0xA8,
    0x51, 0x30, 0x87, 0x0A, 0x1E, 0x76, 0x75, 0xF0, 0xB2, 0xD7, 0x11, 0x44, 0x2F, 0xA2, 0x83, 0xEE,
    0x41, 0x54, 0x76, 0x7B, 0x28, 0x58, 0xDC, 0xDD, 0xD6, 0xDF, 0x7B, 0x93, 0xF4, 0x5F, 0x26, 0x9D,
    0xE4, 0xFD, 0x26, 0x0C, 0x33, 0xF3, 0xFB, 0xBC, 0xDF, 0xBC, 0xF7, 0xFB, 0x37, 0x00, 0x8C, 0x07,
    0x40, 0x13, 0xD8, 0x04, 0xFE, 0x04, 0x7B, 0x05, 0xA6, 0x03, 0xC3, 0xC6, 0xF4, 0xCB, 0x70, 0x5E,
    0x92, 0xB3, 0x46, 0x38, 0xCF, 0xA2, 0x9B, 0xD6, 0x36, 0xE0, 0x6E, 0x01, 0xE5, 0x5E, 0xB5, 0x0A,
    0x7F, 0xF2, 0x46, 0xDD, 0xAF, 0xF9, 0x41, 0x63, 0xF1, 0x33, 0xA8, 0x9F, 0x71, 0x11, 0xD8, 0x19,
    0x87, 0xE0, 0xD4, 0xAC, 0x28, 0x95, 0x91, 0xA9, 0xCA, 0x24, 0x4C, 0xC0, 0x5C, 0x07, 0x3A, 0x29,
    0x80, 0x26, 0x22, 0xDC, 0x46, 0x15, 0x13, 0x80, 0x07, 0x54, 0xC0, 0xBE, 0x85, 0x6D, 0x4A, 0xCF,
    0x10, 0x75, 0xE0, 0xB0, 0xF8, 0x00, 0x67, 0xD2, 0xDC, 0xD5, 0x56, 0x17, 0x11, 0x13, 0x15, 0x7C,
    0xB3, 0x5A, 0x0D, 0x90, 0x0C, 0x3F, 0x67, 0x6F, 0xEB, 0x3B, 0xB8, 0x01, 0xF6, 0xDE, 0x58, 0x18,
    0x26, 0xCC, 0x78, 0xAA, 0x32, 0x0A, 0x13, 0xA8, 0xFF, 0xB1, 0xAC, 0x11, 0x46, 0x08, 0x91, 0x86,
    0x61, 0x0C, 0xF8, 0x45, 0x2D, 0xCF, 0x38, 0x98, 0x5C, 0xD1, 0x6A, 0x11, 0x28, 0x0D, 0x93, 0x83,
    0xB1, 0x01, 0x6C, 0x61, 0x79, 0x03, 0xDC, 0x92, 0x9C, 0x45, 0x1C, 0x5B, 0x1C, 0xBD, 0x81, 0xD0,
    0x79, 0xC4, 0xCD, 0xB0, 0x4D, 0x98, 0x99, 0x22, 0xCA, 0x2D, 0x70, 0x09, 0x0E, 0xF7, 0x0E, 0x1A,
    0x65, 0x04, 0xFC, 0x40, 0xFC, 0x32, 0xDC, 0xBF, 0x69, 0xD9, 0x8E, 0x73, 0xDE, 0xEC, 0x0C, 0x73,
    0x68, 0xA7, 0x80, 0xAF, 0x14, 0xC7, 0xFE, 0x15, 0xFE, 0xC2, 0x11, 0x4E, 0x63, 0xC0, 0xA1, 0x9F,
    0xB5, 0x83, 0xE5, 0x2E, 0xB8, 0x09, 0x6E, 0xD0, 0xB3, 0x4A, 0xDC, 0x8D, 0xFE, 0x09, 0x87, 0xA0,
    0x97, 0x6B, 0xEF, 0xC9, 0xC4, 0xFD, 0xDC, 0x9E, 0xEF, 0x07, 0xDE, 0xB9, 0x9B, 0xFA, 0xBD, 0xF2,
    0x7A, 0x95, 0x81, 0xC9, 0x59, 0x18, 0x5B, 0xE3, 0x10, 0x9C, 0x9A, 0x19, 0xA5, 0x32, 0x68, 0xE1,
    0x63, 0xF5, 0x9F, 0xCD, 0xE8, 0x6F, 0xD3, 0x30, 0x23, 0x5B, 0x35, 0x0F, 0xCC, 0x03, 0x67, 0x80,
    0x69, 0xA4, 0x00, 0x42, 0x43, 0xB2, 0xDB, 0xE4, 0x2C, 0x39, 0x98, 0x2B, 0x60, 0x71, 0x36, 0x2F,
    0x57, 0x9C, 0xEC, 0xA8, 0xAD, 0x4E, 0x79, 0x1D, 0x5A, 0xF8, 0x55, 0x60, 0x8D, 0x3C, 0x46, 0xD8,
    0x46, 0xE4, 0x21, 0x6C, 0xEC, 0xBB, 0x8B, 0xB5, 0x5D, 0x47, 0xE4, 0xD3, 0x16, 0x21, 0x32, 0xEE,
    0x85, 0xDA, 0x7F, 0xAD, 0x30, 0x5F, 0xC1, 0x04, 0xBF, 0x57, 0x0F, 0x82, 0x7A, 0x3D, 0xE0, 0xF1,
    0x2C, 0x1E, 0x5B, 0x9A, 0xBB, 0xDF, 0x72, 0x3A, 0xCE, 0x8A, 0x3F, 0xBD, 0xAE, 0x16, 0xF8, 0x16,
    0x70, 0x75, 0x2C, 0x18, 0x50, 0x68, 0x59, 0xE1, 0xC9, 0x30, 0x52, 0xCF, 0x8D, 0x67, 0x19, 0x4C,
    0x49, 0xBE, 0x3F, 0x12, 0x36, 0x96, 0x41, 0x74, 0xB5, 0x96, 0xC4, 0x97, 0x5A, 0xE1, 0x13, 0x2C,
    0x9B, 0x51, 0xEF, 0x48, 0x6B, 0xB6, 0xBC, 0xB6, 0x71, 0x28, 0x2A, 0x7A, 0xEE, 0xDE, 0xE1, 0x20,
    0xE9, 0xB5, 0xD7, 0xEE, 0x13, 0x89, 0xBC, 0x8D, 0x7C, 0xEE, 0x92, 0x0E, 0x3D, 0x4F, 0x4B, 0xE9,
    0x3E, 0x4A, 0x1C, 0x9E, 0x7D, 0x44, 0xDA, 0xB6, 0xDC, 0xA7, 0x2D, 0x76, 0x77, 0x52, 0x69, 0x09,
    0xE4, 0xDA, 0xBA, 0xE6, 0xEC, 0xA0, 0x9C, 0x06, 0xA1, 0xDD, 0x5C, 0x7A, 0x5F, 0x2E, 0x4B, 0x8E,
    0xE3, 0xA3, 0x4D, 0xF7, 0xCE, 0x55, 0x1E, 0x26, 0xA7, 0x9E, 0x83, 0x45, 0x09, 0x32, 0x19, 0x16,
    0xE6, 0xE8, 0x4A, 0x7B, 0xA4, 0xC6, 0x9E, 0x50, 0xFE, 0xE1, 0xA1, 0xD0, 0x1F, 0x1E, 0xDA, 0x74,
    0xE5, 0x11, 0xB9, 0x88, 0x51, 0x1A, 0x9F, 0xE0, 0x1C, 0x86, 0x75, 0xD2, 0x9F, 0xCE, 0x53, 0x1E,
    0x3E, 0x83, 0x49, 0xDA, 0x64, 0x8F, 0x8E, 0x61, 0xAD, 0x59, 0xF2, 0xD3, 0xB3, 0x14, 0x03, 0x39,
    0x7A, 0x3A, 0x37, 0x72, 0xC6, 0xA1, 0xB9, 0x3E, 0xEA, 0x70, 0x53, 0x8E, 0x92, 0xF6, 0xDB, 0x54,
    0x1E, 0x48, 0x04, 0x6C, 0x15, 0x64, 0x34, 0xB5, 0x9B, 0x23, 0xD7, 0x59, 0x5D, 0xF4, 0xEC, 0x42,
    0x7F, 0x78, 0x76, 0xFB, 0x39, 0xBA, 0x3B, 0x8D, 0x12, 0x2A, 0x4C, 0xD8, 0x61, 0xBE, 0x79, 0xAA,
    0x63, 0xCA, 0x94, 0x21, 0x4C, 0x61, 0x13, 0x63, 0x02, 0x73, 0xA2, 0x22, 0x93, 0x85, 0x3D, 0x3A,
    0x6C, 0x38, 0x74, 0x7F, 0x79, 0xAD, 0xC3, 0x8D, 0x90, 0x5B, 0xE0, 0x05, 0xF0, 0x1A, 0xF8, 0x36,
    0xDC, 0x55, 0x70, 0x57, 0xE7, 0x44, 0x23, 0x6A, 0xCB, 0x4D, 0xE5, 0x74, 0x35, 0x5D, 0xD9, 0x70,
    0xC4, 0x55, 0xBC, 0xF3, 0xF0, 0xAA, 0xF0, 0x9A, 0x28, 0x45, 0x54, 0xC8, 0xE0, 0xD5, 0xE1, 0x95,
    0x92, 0x5D, 0x06, 0x55, 0x31, 0x24, 0x61, 0x44, 0xB6, 0x8F, 0x78, 0x8C, 0x09, 0xF5, 0x9A, 0x53,
    0x94, 0x70, 0xE4, 0x7E, 0x46, 0x38, 0x26, 0x32, 0x49, 0x10, 0x8C, 0x5E, 0x36, 0x4F, 0x53, 0xFB,
    0x34, 0xEB, 0xF1, 0xF1, 0x9D, 0xC8, 0x54, 0x57, 0x46, 0xC4, 0x7D, 0x7B, 0x46, 0x41, 0xD4, 0x0B,
    0xCD, 0xAB, 0x5A, 0xB0, 0x06, 0x3E, 0x09, 0x9E, 0x1B, 0x09, 0xBB, 0x24, 0xFC, 0xD0, 0x93, 0x19,
    0x56, 0x30, 0x70, 0x5B, 0xFF, 0x1F, 0x56, 0x3C, 0x3C, 0x73, 0xD1, 0xEB, 0xD1, 0x31, 0xAC, 0xD8,
    0x81, 0x2B, 0xB0, 0x70, 0x74, 0xC6, 0x19, 0x72, 0x42, 0x27, 0x19, 0xC2, 0x15, 0x4F, 0xF6, 0xCF,
    0xC9, 0xD1, 0xA9, 0x47, 0x70, 0x94, 0x93, 0xBC, 0xC1, 0x36, 0x5C, 0x34, 0x5D, 0xD9, 0x74, 0xA2,
    0x66, 0xA1, 0xD7, 0x2C, 0xD4, 0x9B, 0x85, 0x52, 0xB3, 0x60, 0x37, 0x0B, 0x66, 0x5C, 0x60, 0x71,
    0x9B, 0xDE, 0x7D, 0x46, 0xD7, 0x6F, 0x9D, 0xB4, 0xAE, 0x3E, 0x40, 0x99, 0xF6, 0xDD, 0x42, 0x61,
    0x20, 0x9E, 0x85, 0xF6, 0xB3, 0x61, 0x36, 0x84, 0x7E, 0xD5, 0x41, 0x0E, 0x1A, 0xCD, 0x39, 0xBC,
    0xD8, 0x78, 0x0A, 0xE8, 0xAA, 0x3C, 0x99, 0x09, 0xDF, 0xAF, 0xE9, 0x27, 0x90, 0x93, 0xCE, 0x8A,
    0x36, 0xE9, 0xF5, 0xDF, 0x22, 0x11, 0xF7, 0x10, 0xB5, 0x10, 0x0E, 0x24, 0x6A, 0x59, 0xDB, 0xAB,
    0xFD, 0x59, 0xC2, 0xC1, 0x2C, 0x8D, 0x63, 0xB3, 0x74, 0xB4, 0x0F, 0x2F, 0x29, 0xE3, 0x0C, 0x31,
    0x7A, 0x22, 0xAA, 0xE2, 0x5A, 0xB8, 0x9E, 0x8C, 0xB2, 0xF7, 0xAE, 0x12, 0x0A, 0x11, 0x1F, 0x71,
    0x1D, 0xBD, 0x3A, 0x5A, 0x75, 0xAC, 0xE8, 0xFF, 0x1E, 0x5D, 0xE1, 0x2C, 0x34, 0xEF, 0x26, 0x4B,
    0xA2, 0x2A, 0x96, 0xBB, 0x59, 0x75, 0x02, 0x1E, 0xD8, 0x34, 0xB8, 0xEF, 0xD8, 0x3A, 0x76, 0x54,
    0x03, 0x86, 0x6F, 0xC6, 0x84, 0x4C, 0xCD, 0x9B, 0x71, 0x2A, 0xE6, 0x05, 0x81, 0x9F, 0x55, 0x7F,
    0x3A, 0x0E, 0x86, 0x5D, 0x30, 0x2F, 0x4F, 0xD5, 0xD2, 0x30, 0x6C, 0xB7, 0xAB, 0xD2, 0x4C, 0xE8,
    0x9B, 0x52, 0xD6, 0x29, 0xD1, 0x24, 0xC7, 0x5F, 0x18, 0x9C, 0xD3, 0xF5, 0x22, 0xDD, 0x6F, 0x9A,
    0x77, 0xF7, 0xE2, 0xFE, 0x4E, 0xC3, 0xFD, 0xFA, 0x0E, 0xAA, 0xEE, 0x33, 0x22, 0x70, 0x8D, 0x30,
    0xB0, 0xBF, 0xA0, 0x83, 0xDC, 0xC9, 0xA5, 0x44, 0xE0, 0x4A, 0x61, 0x6F, 0xEE, 0x25, 0x0F, 0x91,
    0x8B, 0xB5, 0x00, 0x89, 0xE5, 0xEB, 0xDA, 0xF7, 0x4D, 0xA1, 0x84, 0x72, 0xCA, 0x65, 0xF0, 0x2B,
    0xE0, 0x67, 0xFA, 0x09, 0xA5, 0xBD, 0x16, 0x63, 0x89, 0x85, 0x86, 0x5A, 0xFD, 0x9D, 0x72, 0xD5,
    0x39, 0xC8, 0x8B, 0x32, 0x5B, 0xF1, 0xB0, 0x67, 0x0D, 0xA9, 0x0F, 0x02, 0x38, 0x47, 0x6D, 0x47,
    0x0B, 0x2C, 0xCA, 0x36, 0xA4, 0x88, 0x52, 0x68, 0x8B, 0x14, 0x52, 0x11, 0x11, 0xE5, 0xD5, 0xB8,
    0xEA, 0x07, 0xF9, 0x80, 0x82, 0xD1, 0x8E, 0xA9, 0x87, 0x2E, 0xD5, 0x9C, 0x9A, 0xB7, 0xB0, 0x99,
    0xB4, 0xB7, 0xCA, 0xFC, 0xD3, 0x51, 0xAD, 0x19, 0x60, 0x51, 0x18, 0x71, 0xB1, 0xD5, 0xAA, 0x3D,
    0x11, 0xE9, 0xFE, 0x39, 0xCA, 0x57, 0x46, 0xE9, 0x31, 0xD8, 0xE1, 0x6C, 0x33, 0x4D, 0x2F, 0x5D,
    0x83, 0x4A, 0x7C, 0x84, 0x68, 0x52, 0x0C, 0x6B, 0x58, 0x20, 0x0B, 0x24, 0x95, 0x1D, 0xDD, 0x36,
    0x8D, 0x9A, 0xAF, 0x58, 0x74, 0x42, 0x4B, 0xA4, 0xCD, 0xB7, 0xDC, 0x95, 0x9D, 0x1F, 0x42, 0x19,
    0x85, 0x2A, 0x49, 0x0F, 0x09, 0x75, 0xB0, 0xEA, 0xA4, 0xA6, 0xB6, 0x93, 0xAD, 0x53, 0xDA, 0x55,
    0x4B, 0xE2, 0xE3, 0x60, 0xB8, 0x92, 0x0C, 0x90, 0xDA, 0x80, 0xFD, 0xA5, 0xCE, 0x24, 0x2E, 0x21,
    0xCA, 0xCB, 0x61, 0xD2, 0x90, 0x31, 0xA7, 0xFE, 0x3B, 0xAE, 0x7A, 0x60, 0xC0, 0x35, 0x71, 0xA0,
    0xA6, 0x3E, 0xD5, 0x7E, 0x87, 0xB1, 0x80, 0xEE, 0xD3, 0xD7, 0x4B, 0x08, 0xBD, 0x21, 0xA1, 0x8B,
    0x2A, 0x1A, 0x76, 0xFB, 0x2E, 0x6C, 0xBF, 0x83, 0xFC, 0x15, 0x5D, 0x8C, 0xE6, 0x8E, 0xB7, 0x25,
    0x8E, 0x0B, 0xFB, 0xDF, 0xBE, 0x53, 0x51, 0x6C, 0x8D, 0x09, 0x54, 0x2F, 0x95, 0x49, 0xD3, 0x61,
    0x3F, 0x26, 0x30, 0x69, 0xFD, 0x33, 0x99, 0xF8, 0x07, 0x78, 0x17, 0xF8, 0x72, 0x5C, 0xAC, 0xD9,
    0x83, 0x31, 0x03, 0xA3, 0x97, 0x45, 0x7E, 0x48, 0xE0, 0x0F, 0xC1, 0x3E, 0x1C, 0x0F, 0x7B, 0x01,
    0xE6, 0xC7, 0x98, 0x9C, 0xCF, 0x60, 0x2E, 0x2B, 0x54, 0xE4, 0x40, 0x0E, 0x49, 0xE8, 0x12, 0x6A,
    0x4F, 0x27, 0x0C, 0xDA, 0xE6, 0xDB, 0xBA, 0xAE, 0x9C, 0x80, 0xCA, 0xEB, 0xEA, 0x75, 0x56, 0x7F,
    0x6E, 0x50, 0xD3, 0x00, 0xF5, 0xE9, 0x43, 0x8D, 0x7E, 0x97, 0x89, 0xCF, 0x7D, 0xCA, 0x48, 0x9E,
    0x19, 0xD5, 0xF8, 0x64, 0x5C, 0x71, 0xA7, 0x7A, 0xEB, 0x56, 0xA1, 0x15, 0x9A, 0x17, 0x83, 0xD0,
    0xFC, 0xF4, 0xAC, 0x34, 0xE2, 0xB2, 0x60, 0x5B, 0x94, 0xA7, 0x62, 0x3A, 0xA8, 0x56, 0x62, 0x91,
    0x8E, 0x57, 0x13, 0xE7, 0xB9, 0xE9, 0xB8, 0xB2, 0x5E, 0x36, 0xE0, 0x3F, 0x3A, 0x81, 0xC2, 0xE3,
    0xCF, 0xC3, 0x79, 0xF1, 0x03, 0x4C, 0xBF, 0xF5, 0x23, 0x2C, 0xB9, 0x45, 0x4D, 0x49, 0x4F, 0xA7,
    0x33, 0xFD, 0xE1, 0x7C, 0x7A, 0xED, 0xBA, 0x8B, 0xC8, 0x12, 0xA1, 0xF9, 0x3D, 0xF0, 0x93, 0xBA,
    0xA8, 0x1A, 0xF1, 0x40, 0x4B, 0x5D, 0xF9, 0x0B, 0x35, 0xD1, 0xE6, 0x16, 0x26, 0xF4, 0x62, 0xDC,
    0x9C, 0x13, 0x8D, 0x29, 0x78, 0xD4, 0x46, 0xCD, 0xC2, 0x9E, 0x57, 0xC1, 0x61, 0xC4, 0x60, 0xA1,
    0x92, 0xA4, 0xA1, 0x7B, 0x2D, 0xF1, 0x8B, 0x5B, 0xAA, 0x32, 0x66, 0x93, 0xE9, 0xAB, 0xBB, 0xA7,
    0x52, 0xEA, 0xE9, 0x2E, 0x6A, 0x1C, 0x15, 0xEA, 0xBB, 0x56, 0x54, 0x89, 0xA4, 0x4F, 0x25, 0x4A,
    0xD4, 0x44, 0x2B, 0x31, 0x34, 0x4C, 0xB4, 0xF7, 0x74, 0x78, 0xA9, 0x8A, 0x76, 0x7E, 0xA7, 0x42,
    0xA5, 0xD0, 0x0C, 0x2D, 0x38, 0xB9, 0x46, 0xA1, 0xAD, 0x1A, 0x7C, 0xB5, 0xC0, 0x62, 0x0C, 0x02,
    0xCC, 0x90, 0xA5, 0x10, 0xF6, 0x43, 0x3C, 0x93, 0x90, 0x2B, 0x4E, 0x77, 0xCC, 0x70, 0x98, 0xC0,
    0xD6, 0x9D, 0x95, 0x94, 0x86, 0x4B, 0xFE, 0x0F, 0x9D, 0x57, 0x4D, 0x6F, 0x1B, 0xD7, 0x15, 0x3D,
    0x6F, 0x86, 0x5F, 0xE6, 0x70, 0xDE, 0x30, 0x00, 0x17, 0x82, 0x33, 0xFC, 0x58, 0x78, 0xC1, 0x1A,
    0x23, 0x99, 0x40, 0x27, 0xF0, 0x20, 0x10, 0xEC, 0x17, 0x77, 0x11, 0xA0, 0xCD, 0x42, 0x45, 0x0D,
    0x64, 0xD1, 0x2C, 0xB4, 0x6C, 0x85, 0x2E, 0xB8, 0xE0, 0xC2, 0x0B, 0xA7, 0x9C, 0xD2, 0x40, 0x8B,
    0xA2, 0x68, 0xAB, 0x5F, 0x10, 0x70, 0xE1, 0x85, 0x22, 0x04, 0x29, 0x17, 0x5A, 0x04, 0xA8, 0x9D,
    0x0C, 0xDA, 0x45, 0x5B, 0x74, 0x33, 0xDD, 0xA7, 0xC0, 0x2C, 0xB2, 0x28, 0xDA, 0xA2, 0x51, 0x01,
    0x01, 0x35, 0x60, 0x59, 0xCC, 0xB9, 0x43, 0xD2, 0x92, 0x6D, 0xC9, 0xA4, 0xCA, 0x79, 0xEF, 0x72,
    0x28, 0xCD, 0x3D, 0x73, 0xDF, 0x9D, 0x7B, 0xCF, 0x79, 0x03, 0x14, 0xD4, 0x89, 0xAB, 0xAD, 0x3F,
    0x07, 0x38, 0x8A, 0x30, 0x89, 0xD0, 0x8F, 0x30, 0xC8, 0xED, 0x24, 0x40, 0xA6, 0x55, 0x62, 0x7F,
    0x8D, 0xFC, 0x63, 0xA0, 0x12, 0xEF, 0x20, 0xE9, 0x6A, 0x84, 0x1C, 0x4E, 0x3E, 0x34, 0x02, 0x17,
    0xCE, 0xC1, 0xEC, 0x82, 0xC2, 0xFE, 0x9D, 0x5F, 0x37, 0xF1, 0x17, 0x1F, 0x5F, 0xF9, 0x48, 0xCE,
    0x8E, 0x26, 0x12, 0xC1, 0x39, 0x99, 0x5D, 0x56, 0x07, 0x06, 0xF7, 0xDB, 0x3D, 0xDF, 0xD9, 0xF5,
    0x1D, 0x3C, 0x1F, 0xAE, 0x07, 0xE7, 0x7F, 0xC9, 0xFC, 0x0A, 0x5E, 0x02, 0x57, 0x7E, 0x94, 0xCD,
    0xCE, 0x1E, 0xF6, 0xF7, 0x74, 0x39, 0x4E, 0xEE, 0x69, 0x95, 0xC6, 0x87, 0x1A, 0x87, 0x2A, 0xD5,
    0x98, 0xD8, 0x31, 0x8D, 0x03, 0x1A, 0x4D, 0x73, 0xB8, 0x49, 0x93, 0x0E, 0x0A, 0xDA, 0x4E, 0xB2,
    0xDA, 0xF0, 0xC4, 0x9A, 0x1E, 0x0B, 0x8A, 0xF8, 0x5E, 0x8F, 0xE9, 0xEB, 0x81, 0xBE, 0x90, 0xEB,
    0xA6, 0x19, 0x3D, 0x46, 0x89, 0x00, 0x98, 0x85, 0x6F, 0x20, 0xBE, 0x61, 0x5D, 0x7C, 0x3B, 0xC3,
    0x13, 0x35, 0xCD, 0xD0, 0x50, 0x05, 0xA0, 0xA5, 0xBE, 0x14, 0x97, 0x89, 0x18, 0xC0, 0xFB, 0x8F,
    0x37, 0xC5, 0x66, 0xAB, 0xD6, 0x94, 0x35, 0x47, 0x62, 0x26, 0x34, 0x44, 0x0D, 0xB5, 0xFD, 0x33,
    0x04, 0x2D, 0xC7, 0x86, 0xF7, 0xAF, 0xDF, 0x4E, 0x67, 0xF1, 0xEF, 0xC4, 0xD5, 0xB1, 0x86, 0xCD,
    0xDB, 0x58, 0x17, 0x4C, 0x86, 0xA0, 0x46, 0xC9, 0x70, 0x3A, 0xE2, 0x22, 0x2D, 0x4E, 0x3B, 0xE6,
    0x5A, 0xE9, 0xD9, 0xE0, 0x54, 0xF4, 0x97, 0xE8, 0x54, 0x7E, 0x63, 0x0D, 0x8F, 0xE7, 0xF6, 0x4B,
    0xF3, 0x81, 0xD1, 0xEA, 0x81, 0x19, 0x4E, 0x1F, 0x18, 0xFA, 0xCA, 0xE4, 0x95, 0x4E, 0xEE, 0x7F,
    0xB7, 0x10, 0x78, 0x7E, 0xC1, 0x87, 0xBF, 0xE1, 0x6B, 0xBF, 0xBA, 0x38, 0xBE, 0xF8, 0x2E, 0xAA,
    0x84, 0xF2, 0xB1, 0xFD, 0x63, 0xB5, 0xB7, 0x0F, 0x0F, 0xDB, 0x01, 0xBC, 0x98, 0xC6, 0x4D, 0x69,
    0x6A, 0x13, 0x31, 0x91, 0x98, 0xA6, 0x18, 0x47, 0x8C, 0x9D, 0xD1, 0x28, 0x9A, 0x21, 0x68, 0xF8,
    0x39, 0x35, 0x03, 0x89, 0xD2, 0xE4, 0x4F, 0x8A, 0x70, 0x11, 0xD1, 0xEA, 0x04, 0x13, 0xAC, 0x03,
    0x42, 0x85, 0x44, 0x0A, 0x09, 0x14, 0x12, 0x27, 0x24, 0x4C, 0x48, 0x94, 0x90, 0x20, 0x21, 0xAF,
    0x5F, 0xCC, 0xC9, 0x02, 0x80, 0xA1, 0x27, 0xB2, 0x64, 0xF9, 0x7C, 0xF8, 0xCC, 0x89, 0x5B, 0x8E,
    0x15, 0xBB, 0x65, 0x2B, 0xAE, 0x9D, 0x99, 0x3E, 0xE7, 0xF0, 0xDD, 0x3F, 0x30, 0x45, 0x56, 0x7C,
    0x9A, 0xAA, 0x35, 0x28, 0xBA, 0x7D, 0x99, 0x47, 0xB3, 0x0D, 0xB0, 0x06, 0xFF, 0x01, 0xF5, 0x01,
    0x6C, 0x17, 0x96, 0x83, 0xEA, 0x0F, 0xE1, 0xBE, 0x1F, 0xAF, 0x59, 0xC9, 0x35, 0x95, 0x3E, 0x2E,
    0x1F, 0x15, 0xEA, 0xA5, 0x6D, 0x49, 0x73, 0x6B, 0xD2, 0xED, 0x22, 0x28, 0x3D, 0x8A, 0x82, 0x5E,
    0x10, 0x6E, 0xDE, 0xF8, 0x48, 0xAA, 0xFA, 0x26, 0xD3, 0xB9, 0x13, 0x4B, 0x25, 0xBC, 0x78, 0x0C,
    0x63, 0x63, 0x6E, 0x62, 0x9D, 0x97, 0xDC, 0x67, 0xDE, 0x6A, 0xF3, 0xC3, 0xC7, 0xD0, 0x3C, 0xBF,
    0xAF, 0x3A, 0x81, 0xB6, 0x12, 0x76, 0xC9, 0x6B, 0xFA, 0xA6, 0x80, 0x72, 0xDF, 0x62, 0xF1, 0x79,
    0x07, 0x5D, 0x37, 0xD4, 0xA1, 0xC3, 0x43, 0x07, 0x6E, 0xDE, 0x32, 0x84, 0xF9, 0x3B, 0x70, 0x0F,
    0xFB, 0x77, 0x1E, 0x36, 0x5F, 0x6C, 0x98, 0x57, 0xDB, 0xA6, 0x50, 0x80, 0xDD, 0x87, 0xCA, 0xE4,
    0xFC, 0x7E, 0x1B, 0x67, 0x3B, 0xE7, 0x6C, 0xF3, 0xA8, 0xBC, 0x02, 0xD5, 0x5F, 0xC5, 0xAE, 0x02,
    0x5B, 0x7A, 0x08, 0x75, 0x17, 0xA5, 0x2E, 0x4A, 0x6B, 0x4B, 0x90, 0x51, 0x04, 0x97, 0xCF, 0xE6,
    0x15, 0xF0, 0x77, 0x56, 0x02, 0xC7, 0xEC, 0x61, 0x8F, 0x51, 0x6A, 0xA0, 0xDC, 0x5D, 0x16, 0xF9,
    0x3B, 0xC0, 0xBF, 0x81, 0x6B, 0x97, 0xC3, 0x67, 0xE4, 0xCC, 0xC9, 0x2A, 0xF8, 0x88, 0x25, 0x12,
    0x74, 0x2E, 0x87, 0x5F, 0x16, 0xD2, 0x5B, 0x0D, 0x1F, 0xED, 0xAC, 0x1E, 0xB1, 0x3E, 0xFC, 0x5B,
    0x8F, 0x42, 0x3F, 0xEA, 0xEA, 0x43, 0x96, 0xEB, 0xB3, 0xBC, 0xC0, 0x7F, 0x93, 0xFF, 0x7B, 0x59,
    0x8D, 0x56, 0xC7, 0xC5, 0xAD, 0x5A, 0xAF, 0xD2, 0x3B, 0xAF, 0x4A, 0x67, 0x40, 0xE8, 0x4B, 0xFC,
    0x2B, 0x01, 0xA9, 0x58, 0x5A, 0xE5, 0x9C, 0x72, 0x9F, 0x05, 0x3A, 0xFB, 0xBE, 0xBE, 0x1F, 0xE3,
    0x4D, 0x93, 0xE0, 0xDB, 0x26, 0xC6, 0x0F, 0xD8, 0x8D, 0x7F, 0xE4, 0x62, 0xBF, 0xF3, 0x4F, 0xD8,
    0xEF, 0x1B, 0x54, 0x39, 0x6B, 0xB6, 0xA9, 0x5F, 0xB3, 0xCD, 0xF6, 0xE3, 0xF6, 0x34, 0x77, 0xF8,
    0x42, 0x1A, 0xB6, 0xF5, 0xFB, 0xCF, 0xBA, 0xEB, 0x64, 0x7D, 0xA7, 0xF4, 0xF9, 0xEF, 0xA2, 0x00,
    0xBD, 0x00, 0xE1, 0x2D, 0x75, 0xE3, 0x4F, 0xC2, 0xB7, 0xEA, 0x73, 0xE3, 0x58, 0x29, 0x73, 0xB8,
    0x09, 0x32, 0x64, 0x3E, 0xCA, 0x54, 0x94, 0x34, 0x70, 0x8E, 0x48, 0xB0, 0xD6, 0xD3, 0x79, 0x15,
    0xE9, 0xA7, 0x88, 0x42, 0x84, 0x91, 0x58, 0x9D, 0xB1, 0x8D, 0xF1, 0xAD, 0x2D, 0xB4, 0x8F, 0xD1,
    0x77, 0x31, 0xFE, 0x14, 0x83, 0x2E, 0xAA, 0xBB, 0xF2, 0x80, 0xB0, 0x0F, 0x6C, 0x5E, 0x8C, 0x89,
    0xF4, 0x39, 0x66, 0xA1, 0x5E, 0x1D, 0x93, 0x44, 0x8A, 0xFA, 0x69, 0x14, 0x86, 0x51, 0x14, 0xEA,
    0x6C, 0x8D, 0x90, 0xED, 0xE3, 0xBE, 0x3B, 0x76, 0x07, 0x01, 0xD1, 0x66, 0x7D, 0x16, 0x61, 0x67,
    0x34, 0x66, 0xBB, 0xEA, 0x32, 0x74, 0x0D, 0xBA, 0x07, 0x7D, 0x04, 0xEF, 0x3E, 0x34, 0xC5, 0xA1,
    0x1C, 0x6B, 0x2B, 0x1D, 0xC6, 0x07, 0xB3, 0x26, 0x63, 0xB7, 0xDE, 0xCD, 0x89, 0xCE, 0x9F, 0x8D,
    0xDB, 0xF0, 0xBB, 0xF0, 0xB7, 0xD1, 0x4C, 0x99, 0x50, 0xF8, 0x7C, 0xC6, 0x4D, 0x0C, 0x9D, 0x78,
    0x79, 0xF3, 0xF3, 0x41, 0x31, 0xBE, 0xAF, 0x00, 0xA9, 0x9D, 0x97, 0xFB, 0xDF, 0x32, 0x65, 0x94,
    0xB7, 0xD4, 0xAE, 0x24, 0xEE, 0x04, 0x97, 0x04, 0x73, 0x8E, 0x2E, 0x06, 0x9C, 0x33, 0x45, 0x8A,
    0xAB, 0x1F, 0xE3, 0xFA, 0x27, 0xA8, 0xB3, 0xA0, 0x76, 0x61, 0x19, 0x58, 0x4F, 0xE8, 0x23, 0x2A,
    0xD1, 0x71, 0x30, 0xD0, 0xD8, 0xF8, 0x0C, 0xA7, 0xB9, 0xC3, 0xED, 0xE3, 0x5E, 0x88, 0x5D, 0x45,
    0xDD, 0x51, 0x07, 0x5C, 0xB4, 0x0B, 0xB7, 0xE3, 0x0F, 0x06, 0x55, 0x53, 0x37, 0x57, 0xA9, 0x9E,
    0x2C, 0x19, 0x52, 0xEE, 0x8B, 0x07, 0x4B, 0x9F, 0xCD, 0xFA, 0x7F, 0xAA, 0x33, 0xDD, 0x20, 0x69,
    0xC7, 0x65, 0x85, 0x59, 0x62, 0x6E, 0x01, 0x33, 0x4D, 0xBE, 0xBC, 0x30, 0x0B, 0x89, 0xB9, 0x42,
    0x32, 0xAF, 0x2B, 0xD7, 0x33, 0xA5, 0x85, 0x2D, 0x9E, 0x99, 0x8B, 0x4B, 0x6B, 0x67, 0xB4, 0x97,
    0x6F, 0x11, 0xCE, 0x4E, 0x6F, 0xFA, 0xDF, 0x67, 0xFC, 0x66, 0x8A, 0x27, 0xE1, 0x6C, 0xF6, 0xFB,
    0xC3, 0x78, 0x23, 0x15, 0xB8, 0x1F, 0xFD, 0x14, 0xAD, 0x5F, 0x24, 0x2D, 0x64, 0x4D, 0x1C, 0xFA,
    0xC8, 0x64, 0xA8, 0xC4, 0xB7, 0x63, 0xE1, 0x92, 0x08, 0xED, 0xDD, 0x79, 0xC9, 0x51, 0x74, 0x76,
    0x8C, 0x6C, 0xB8, 0x44, 0x27, 0xF3, 0x60, 0x29, 0xB3, 0x54, 0x59, 0x8A, 0x2C, 0x35, 0x96, 0x12,
    0x4B, 0x85, 0xA5, 0xC0, 0x52, 0x5F, 0x29, 0xAF, 0x54, 0x57, 0x8A, 0xAB, 0xCA, 0x89, 0x4A, 0xAA,
    0x44, 0x74, 0x14, 0x2D, 0x3E, 0x9E, 0x32, 0x6A, 0x8B, 0xE1, 0x97, 0x31, 0x7C, 0x37, 0xA1, 0x16,
    0x49, 0xF5, 0x74, 0x72, 0xF2, 0x78, 0x4F, 0xAC, 0x10, 0xC9, 0x27, 0xB0, 0x48, 0x24, 0x1A, 0x25,
    0x87, 0xA1, 0x9B, 0xCA, 0x82, 0x45, 0xC8, 0xF4, 0x19, 0x8C, 0x9D, 0x5D, 0xE9, 0x95, 0xC6, 0xCA,
    0x9C, 0xC7, 0x24, 0x8D, 0x19, 0x23, 0x09, 0xB1, 0x5E, 0x86, 0x49, 0xD8, 0x8D, 0x55, 0xA0, 0x82,
    0xD7, 0x93, 0x89, 0x3C, 0x29, 0x3F, 0xA7, 0xEB, 0x93, 0x84, 0x05, 0x10, 0x58, 0x59, 0x54, 0x99,
    0x44, 0x6B, 0xFD, 0xA8, 0x37, 0x88, 0xB6, 0xFB, 0x51, 0x32, 0x59, 0x37, 0x99, 0xA7, 0x12, 0xE7,
    0xEB, 0x1C, 0x89, 0xB1, 0xAA, 0x18, 0x45, 0xEF, 0x51, 0x77, 0x3D, 0xDC, 0x08, 0x7F, 0xF5, 0xD6,
    0xF7, 0x6E, 0xEA, 0x75, 0xB7, 0x7D, 0x50, 0x67, 0x7D, 0xC3, 0x09, 0x61, 0xBD, 0xB7, 0x9C, 0x35,
    0xDF, 0x30, 0xDD, 0xB4, 0xD2, 0xB9, 0x88, 0x33, 0x8F, 0x61, 0x15, 0x97, 0x63, 0x50, 0x2F, 0xB2,
    0xF3, 0x31, 0x1A, 0x4C, 0x42, 0x1F, 0x25, 0x36, 0xCC, 0x3E, 0xB4, 0xCD, 0x5E, 0x97, 0xDA, 0xE5,
    0xF0, 0xF6, 0xE6, 0x27, 0x1A, 0xDC, 0xD1, 0xC5, 0xC3, 0x69, 0xFC, 0x86, 0x89, 0x92, 0x0A, 0x6F,
    0xE4, 0x4D, 0x82, 0x20, 0xF4, 0x6F, 0x3D, 0x26, 0x55, 0x22, 0xA8, 0x48, 0xC3, 0x8B, 0x94, 0x1C,
    0xA1, 0x58, 0x59, 0x8E, 0xB1, 0x88, 0xE3, 0x55, 0x8C, 0xEF, 0x9B, 0xB7, 0x92, 0xCA, 0xD6, 0xD5,
    0xB1, 0x1D, 0xBF, 0x7C, 0xB4, 0xB3, 0x86, 0xF1, 0xC7, 0x45, 0x7A, 0x95, 0x13, 0x56, 0xD2, 0xFC,
    0x50, 0x89, 0xAC, 0xEA, 0xB6, 0xE9, 0xC4, 0xE7, 0x6F, 0x91, 0xC0, 0xDD, 0xE1, 0xE8, 0x9C, 0x2D,
    0x52, 0xB1, 0x0E, 0x9B, 0x8F, 0xEF, 0x97, 0x2B, 0x6D, 0x91, 0x16, 0x37, 0x3E, 0x67, 0x8B, 0x94,
    0xA7, 0x5E, 0xDD, 0x59, 0x09, 0x86, 0x91, 0x1F, 0x56, 0x1A, 0xE7, 0xC1, 0xD4, 0x0D, 0x82, 0x0C,
    0x57, 0x3A, 0xD8, 0x79, 0x08, 0x4D, 0x5A, 0x22, 0xC5, 0x70, 0x50, 0x07, 0x7E, 0x02, 0x7D, 0x0F,
    0x7A, 0x7D, 0x2E, 0x02, 0xC3, 0x51, 0x96, 0xE7, 0x87, 0xD9, 0xFF, 0xF0, 0x49, 0xAB, 0xEB, 0x9E,
    0xAE, 0x27, 0x96, 0xDC, 0x1F, 0xE6, 0xB9, 0x5F, 0x86, 0xC0, 0xFB, 0xA7, 0x8D, 0xCE, 0xAB, 0x08,
    0xC5, 0x06, 0xEC, 0x0F, 0x80, 0x9F, 0xAF, 0xB4, 0xF3, 0x90, 0x72, 0x99, 0x48, 0xB9, 0x2C, 0xDB,
    0x73, 0x00, 0xCF, 0x24, 0x3D, 0x2B, 0xEE, 0x66, 0x66, 0x4B, 0x78, 0x3D, 0xA6, 0x93, 0x75, 0x83,
    0xB0, 0x12, 0x62, 0x83, 0x67, 0x78, 0x84, 0x66, 0xCF, 0xED, 0xF9, 0x1B, 0x07, 0xB2, 0xF5, 0xB6,
    0x67, 0x9B, 0x86, 0xB4, 0xB7, 0x1D, 0xE2, 0x86, 0xB1, 0xB2, 0x7A, 0xBF, 0xDF, 0x7B, 0x3B, 0x95,
    0xCD, 0xF8, 0x15, 0x79, 0xE7, 0xD9, 0x8F, 0xC7, 0x7F, 0x4B, 0xE2, 0x34, 0x01, 0xFF, 0xF4, 0xCA,
    0x28, 0x3F, 0xC9, 0x29, 0x37, 0x81, 0x92, 0x54, 0xB2, 0x67, 0x25, 0x25, 0x01, 0x4E, 0x0F, 0x2F,
    0x16, 0x5A, 0xA8, 0xCD, 0xB4, 0x6D, 0x33, 0x7F, 0xBF, 0x94, 0x17, 0x1A, 0x1F, 0xD6, 0x51, 0x5E,
    0xDB, 0xCE, 0x62, 0x34, 0xA5, 0x07, 0xDB, 0xB1, 0xBC, 0x45, 0x02, 0x1B, 0x59, 0x2F, 0xAC, 0x87,
    0x98, 0x94, 0x93, 0x42, 0x9F, 0x0C, 0x4E, 0xFA, 0x47, 0xF6, 0xA6, 0xA9, 0x9F, 0xEE, 0x1F, 0x24,
    0xB0, 0xD1, 0x5E, 0x2E, 0x28, 0xF3, 0xE1, 0x4D, 0x0F, 0xCF, 0xFE, 0x1C, 0x8E, 0x8E, 0x49, 0x8B,
    0x36, 0xDF, 0x21, 0xB2, 0x17, 0x54, 0xBF, 0x79, 0x8C, 0xA6, 0x7E, 0x39, 0x49, 0x54, 0xFD, 0x6F,
    0x00, 0x8D, 0x57, 0x4D, 0x6C, 0x1B, 0xC7, 0x15, 0xFE, 0x76, 0x97, 0xF2, 0x52, 0xDC, 0x1F, 0xD2,
    0x80, 0x04, 0x38, 0xCD, 0x90, 0x5C, 0x07, 0x8A, 0xC1, 0xA8, 0x6B, 0x6B, 0x93, 0x8C, 0xED, 0x8D,
    0x4D, 0x4B, 0x93, 0xE4, 0x60, 0xB4, 0x3E, 0x94, 0x28, 0x5C, 0xF4, 0xCA, 0x04, 0x6A, 0x90, 0x3A,
    0x0E, 0xB2, 0x45, 0x99, 0xD4, 0x49, 0x6C, 0x71, 0xDA, 0x1E, 0x82, 0x1E, 0xDA, 0x10, 0x3D, 0x05,
    0x88, 0x0F, 0x6E, 0x1A, 0x34, 0x2A, 0x12, 0x38, 0x3C, 0x10, 0xA8, 0x0E, 0xB2, 0xB4, 0x69, 0x0E,
    0x69, 0x03, 0x04, 0xD8, 0x16, 0xE8, 0xA1, 0x28, 0xDA, 0x2E, 0x5A, 0x04, 0x05, 0x6A, 0xA0, 0xD1,
    0xC1, 0x40, 0x84, 0x54, 0x96, 0xFA, 0x66, 0x57, 0xB4, 0x29, 0xC9, 0x71, 0xBD, 0xEF, 0xCD, 0x72,
    0xF6, 0xBD, 0x37, 0x6F, 0x66, 0xDE, 0x7B, 0xF3, 0xDE, 0x10, 0x38, 0xB5, 0x51, 0x75, 0x99, 0xCB,
    0xAA, 0xB5, 0x1E, 0x03, 0x63, 0xD6, 0x12, 0xD4, 0x53, 0xFE, 0x37, 0xFC, 0x1A, 0xB8, 0x7B, 0x1B,
    0x9B, 0x35, 0x94, 0xFF, 0x25, 0x33, 0x26, 0x5E, 0xBE, 0x89, 0x9A, 0x05, 0x66, 0x88, 0x21, 0xAA,
    0xCF, 0xEA, 0x4D, 0xC5, 0xD2, 0x04, 0x9C, 0x3E, 0x58, 0x05, 0x0C, 0x8A, 0xB2, 0x53, 0x4C, 0xD0,
    0xE7, 0xA5, 0x9B, 0xB9, 0x8E, 0xD9, 0x24, 0x8A, 0xC0, 0x11, 0x22, 0xAC, 0xF0, 0x28, 0x9A, 0x4D,
    0x14, 0xCD, 0x1D, 0x34, 0x1A, 0x9C, 0x88, 0xFC, 0xCA, 0x49, 0xDB, 0xB7, 0xEB, 0x37, 0x2A, 0xC0,
    0x04, 0x50, 0x23, 0x86, 0xC2, 0xF2, 0x7F, 0xD4, 0x22, 0x46, 0xD7, 0x44, 0x4B, 0x24, 0x62, 0xCE,
    0x85, 0x25, 0xA0, 0xF5, 0x80, 0x16, 0xCC, 0x0E, 0x4A, 0x95, 0x2F, 0x95, 0xBF, 0x9E, 0xEF, 0xC1,
    0x5D, 0x0B, 0x1B, 0x9C, 0xCD, 0x2E, 0xD3, 0x3A, 0x99, 0x17, 0xD6, 0x53, 0x45, 0xAB, 0xA7, 0x95,
    0x50, 0x7D, 0xCF, 0x2E, 0x73, 0x16, 0x36, 0xDC, 0x35, 0xE4, 0x44, 0x10, 0x15, 0x35, 0xA9, 0x5D,
    0x8B, 0x4F, 0xB1, 0x8B, 0x9C, 0x55, 0xC2, 0x06, 0xB6, 0x79, 0xA8, 0xF5, 0x43, 0x1E, 0xC2, 0x95,
    0x0D, 0x04, 0xE0, 0x85, 0x7A, 0x46, 0x9D, 0x4D, 0x83, 0x00, 0x51, 0x29, 0x41, 0x1F, 0xBC, 0xC5,
    0xE7, 0xD2, 0x7C, 0xB7, 0x29, 0x82, 0xA3, 0xC0, 0xAB, 0x28, 0xFD, 0x71, 0x0D, 0x7D, 0x41, 0x7B,
    0x6C, 0x71, 0x6C, 0xF3, 0x60, 0x2D, 0x35, 0x18, 0x67, 0x47, 0x07, 0xDC, 0xE7, 0x8E, 0xEF, 0xE4,
    0x1E, 0xA8, 0xC3, 0xCC, 0x60, 0x46, 0x9A, 0xDB, 0x3D, 0x0B, 0x0E, 0xA6, 0xF0, 0x7F, 0x37, 0x68,
    0xFD, 0x4D, 0x59, 0xE3, 0x80, 0x83, 0xAA, 0x8F, 0x7D, 0xBD, 0xCC, 0x97, 0xD7, 0xE5, 0xBD, 0x88,
    0x59, 0xCB, 0xF0, 0x1D, 0x5A, 0x58, 0x86, 0x73, 0x82, 0x3B, 0xEA, 0x93, 0x88, 0xF9, 0xB3, 0x52,
    0x17, 0xCD, 0x71, 0x54, 0x6D, 0xB8, 0x13, 0x30, 0x03, 0x18, 0x09, 0xF4, 0x18, 0x7A, 0x0A, 0xA3,
    0x0F, 0x3D, 0x82, 0xDE, 0x87, 0x96, 0xD9, 0x75, 0xEE, 0x89, 0x35, 0xFD, 0xCF, 0xC0, 0x0D, 0xA0,
    0x03, 0xD0, 0xD8, 0xCB, 0xD0, 0x2E, 0x03, 0xEB, 0xDB, 0x4A, 0x2E, 0xD6, 0x25, 0xA3, 0x80, 0x18,
    0x41, 0xA7, 0x0C, 0xEB, 0xBF, 0x34, 0xF7, 0x10, 0xF7, 0xC9, 0x1D, 0x01, 0xB4, 0x81, 0xAA, 0x8B,
    0x5D, 0x43, 0xBA, 0x16, 0xC9, 0x38, 0x7D, 0x56, 0x61, 0xC4, 0xA7, 0xD0, 0xB5, 0x86, 0xD0, 0xB5,
    0x48, 0xC3, 0x19, 0xED, 0x13, 0xCC, 0x17, 0x68, 0x70, 0x41, 0xCD, 0x47, 0xBF, 0x36, 0xAE, 0x8A,
    0x2A, 0xBD, 0x19, 0xBA, 0x02, 0xFD, 0xEC, 0x89, 0x66, 0x89, 0xD7, 0x15, 0x8A, 0x97, 0x83, 0xE2,
    0x4D, 0xA0, 0x4A, 0x06, 0x56, 0x70, 0x09, 0xAF, 0xC7, 0x6E, 0xD6, 0x73, 0x31, 0x27, 0x87, 0xF4,
    0xE7, 0xF1, 0x09, 0x56, 0xA5, 0xB3, 0x2D, 0xD3, 0x95, 0x67, 0x29, 0x74, 0x1B, 0x77, 0x04, 0x9F,
    0x46, 0xEC, 0x13, 0x67, 0x41, 0x1D, 0xB5, 0x09, 0xC2, 0xFA, 0x96, 0x60, 0x26, 0x18, 0x4D, 0x14,
    0x80, 0x5D, 0x01, 0x7B, 0x81, 0x0E, 0x85, 0x5C, 0x7D, 0x82, 0x0C, 0x18, 0x17, 0x0D, 0x59, 0xB6,
    0xA0, 0xBD, 0x9D, 0xDB, 0xE7, 0x48, 0x59, 0x30, 0x97, 0x4E, 0x4A, 0x69, 0xA4, 0xD1, 0xB7, 0x53,
    0x36, 0x85, 0xF5, 0xCF, 0xCF, 0x13, 0x0C, 0xED, 0x78, 0x77, 0x39, 0x01, 0x18, 0xC3, 0x46, 0x5E,
    0xD1, 0x33, 0xF7, 0x5E, 0xBA, 0xB9, 0x8A, 0x5A, 0xF9, 0x49, 0xE1, 0x58, 0x86, 0xB4, 0x47, 0x1A,
    0xA3, 0xD6, 0x3D, 0xF3, 0x63, 0x99, 0xCB, 0xAA, 0x31, 0xEF, 0x90, 0x74, 0x43, 0x0D, 0x31, 0xFF,
    0x9E, 0x68, 0x69, 0x1F, 0x49, 0x84, 0x78, 0x14, 0x2F, 0x22, 0xC6, 0xFE, 0x18, 0xC7, 0x24, 0xEE,
    0x43, 0xAE, 0x59, 0x1D, 0x73, 0xC7, 0x84, 0x3D, 0x44, 0xDA, 0x6C, 0xF7, 0x34, 0x8D, 0xCF, 0x90,
    0xD4, 0x6A, 0x57, 0x94, 0x98, 0x95, 0xD4, 0x75, 0x61, 0xFD, 0x56, 0x14, 0xFF, 0x21, 0x8A, 0x2F,
    0x89, 0xE2, 0x11, 0x71, 0xA0, 0x2C, 0x16, 0xD4, 0x84, 0xE5, 0x41, 0xC3, 0xE1, 0xA5, 0x13, 0xEF,
    0x73, 0x8B, 0xBB, 0x14, 0xFF, 0x83, 0x3C, 0x03, 0xAD, 0x2C, 0x35, 0xEC, 0x22, 0xB7, 0x29, 0x5E,
    0xAF, 0x50, 0x2C, 0x52, 0xC7, 0xB7, 0x8B, 0xD6, 0xD5, 0xF7, 0x72, 0x0B, 0x98, 0xEF, 0x4A, 0x86,
    0x7E, 0x08, 0xCE, 0xBD, 0x30, 0xC7, 0x90, 0xF3, 0xF2, 0xC7, 0xEA, 0x40, 0x69, 0x64, 0x79, 0x52,
    0xE1, 0x01, 0x6D, 0x58, 0x9B, 0xF0, 0x1F, 0x88, 0xB9, 0x97, 0x70, 0x2F, 0xCD, 0x30, 0xA1, 0x4F,
    0x73, 0x53, 0xB1, 0x94, 0x40, 0x04, 0x6D, 0x51, 0x29, 0xBB, 0x81, 0x24, 0x07, 0x2D, 0x79, 0x2B,
    0xB9, 0x46, 0xC1, 0x3B, 0x26, 0xF4, 0x04, 0x3B, 0x60, 0xC8, 0xD9, 0x23, 0x9D, 0xF7, 0x53, 0x65,
    0xB1, 0x4B, 0xEB, 0xB5, 0x86, 0x73, 0x2B, 0xA8, 0x72, 0xA8, 0xE2, 0x9C, 0xB8, 0x33, 0xC7, 0x85,
    0x4E, 0x06, 0xB7, 0x06, 0x36, 0x67, 0x18, 0x02, 0x85, 0x28, 0x5E, 0x15, 0xBF, 0x88, 0xB5, 0xDD,
    0x90, 0x94, 0x54, 0x84, 0x2C, 0x2C, 0x81, 0x91, 0x1A, 0x0A, 0xCE, 0xF3, 0x2A, 0x05, 0xD9, 0x9C,
    0x12, 0x36, 0xBA, 0x67, 0xD4, 0xAA, 0xE8, 0xCD, 0x7C, 0x45, 0x21, 0xBA, 0xE3, 0x2B, 0x19, 0x92,
    0x5C, 0x50, 0xA9, 0x64, 0x3A, 0x09, 0xDA, 0x1C, 0x33, 0x42, 0x4F, 0x2B, 0x51, 0x14, 0xBC, 0x92,
    0xB4, 0x68, 0xF3, 0xCD, 0x2C, 0xB1, 0x92, 0xA3, 0x3F, 0x00, 0x39, 0xF3, 0x2E, 0x78, 0xDB, 0xCF,
    0x2D, 0xE3, 0xBC, 0x59, 0x18, 0xE6, 0x22, 0xCA, 0x4B, 0xBD, 0xDD, 0x79, 0x09, 0x27, 0x25, 0xBC,
    0x2F, 0xD3, 0xF4, 0x87, 0x6C, 0x36, 0xD2, 0xD3, 0xD2, 0x2F, 0x1B, 0x05, 0x03, 0x3B, 0xC1, 0xC4,
    0x73, 0xE2, 0xC3, 0xE4, 0x4D, 0x4F, 0x45, 0xDD, 0xF3, 0xB0, 0x46, 0xA0, 0x2B, 0x4B, 0x74, 0x92,
    0x8B, 0xCA, 0x34, 0xD2, 0xC7, 0x6E, 0x50, 0xE7, 0x2C, 0x4B, 0x2B, 0xDB, 0xA9, 0x61, 0xE5, 0x7D,
    0x79, 0x3B, 0xAD, 0x7C, 0x1E, 0x67, 0x91, 0x72, 0xEA, 0x88, 0x6F, 0x73, 0x97, 0x42, 0x2B, 0x0F,
    0xAE, 0xBC, 0xBC, 0x5D, 0x74, 0x54, 0x8C, 0x52, 0xDD, 0xBA, 0x85, 0xCE, 0x38, 0xCC, 0x61, 0x9A,
    0xD2, 0x12, 0x18, 0xA9, 0x4A, 0x6B, 0x45, 0x0E, 0xDB, 0xC7, 0x04, 0x43, 0xE0, 0x62, 0x79, 0x46,
    0x4D, 0x45, 0xD1, 0xDC, 0x87, 0x11, 0x0F, 0x30, 0x96, 0x2C, 0xC1, 0x7E, 0xEB, 0x3C, 0x8A, 0xDF,
    0xB7, 0x31, 0x71, 0xC2, 0x45, 0x70, 0xD8, 0xC2, 0x32, 0xAB, 0x4B, 0x94, 0xB2, 0xD4, 0x17, 0xAB,
    0x7C, 0x48, 0x19, 0xD2, 0x88, 0x31, 0x96, 0xC2, 0xCE, 0x54, 0x4D, 0xF9, 0x08, 0xAA, 0xD8, 0x98,
    0x53, 0x7A, 0x56, 0x66, 0x54, 0x3A, 0x70, 0x3D, 0x18, 0x3D, 0x25, 0xA6, 0x65, 0x68, 0x65, 0xF5,
    0x63, 0x6E, 0x1D, 0x5E, 0x04, 0x8A, 0x29, 0x1A, 0x4B, 0xC7, 0xC7, 0x29, 0xA0, 0x69, 0xA3, 0xBB,
    0x01, 0x0A, 0x19, 0x85, 0x54, 0xE6, 0x48, 0x84, 0x24, 0x12, 0x23, 0x36, 0xE1, 0xBC, 0xD7, 0xFC,
    0x49, 0x77, 0xDD, 0xC8, 0x96, 0x3D, 0xB7, 0x11, 0x70, 0xF4, 0x34, 0x69, 0x08, 0x6D, 0x40, 0x06,
    0xA3, 0x34, 0xE5, 0xB1, 0x4E, 0xA7, 0x24, 0xF6, 0x72, 0xA6, 0xFF, 0xDA, 0xF2, 0xBD, 0x57, 0x4A,
    0x8F, 0x8F, 0x89, 0xC7, 0xFA, 0x91, 0xAA, 0xC1, 0x1C, 0x7D, 0xA5, 0x6D, 0xDB, 0xB5, 0x89, 0x26,
    0x0E, 0x77, 0x78, 0x43, 0x95, 0xE7, 0x26, 0xCA, 0xC2, 0x90, 0x3A, 0x81, 0x21, 0xAD, 0x74, 0x4C,
    0xD4, 0x6F, 0x95, 0x23, 0x3A, 0x20, 0x11, 0xD5, 0xEE, 0x30, 0xE2, 0x47, 0xB2, 0xBC, 0x64, 0x0D,
    0x58, 0x43, 0x29, 0x1A, 0x42, 0x48, 0xFE, 0x29, 0x3F, 0xAB, 0xF5, 0xB4, 0x4D, 0xB8, 0x7A, 0xEC,
    0x23, 0x0D, 0xE9, 0xBC, 0x56, 0xA2, 0xB0, 0xD3, 0x09, 0xBD, 0x88, 0xFA, 0x44, 0x71, 0xB5, 0xD8,
    0xF8, 0x6C, 0xDB, 0xE6, 0x0B, 0x54, 0x89, 0x5D, 0x15, 0xB6, 0xEE, 0x22, 0x9C, 0x5A, 0x96, 0x44,
    0x2C, 0x45, 0xA4, 0x1A, 0x3B, 0x08, 0x59, 0xE8, 0xB8, 0x3F, 0xF5, 0x1D, 0xEE, 0x70, 0x56, 0xCB,
    0xB2, 0x83, 0xC8, 0x0C, 0x4B, 0xE7, 0x14, 0xD6, 0xB5, 0xBB, 0x55, 0xAD, 0xEE, 0x99, 0x94, 0x32,
    0xAD, 0x6D, 0x48, 0xF7, 0xDB, 0xD2, 0xC9, 0x3A, 0x4C, 0x65, 0xBB, 0x54, 0xA3, 0xD0, 0xD2, 0x46,
    0xAA, 0xEC, 0x10, 0xEE, 0x17, 0x6F, 0xE2, 0xE3, 0x3C, 0x9A, 0x0F, 0xD7, 0x13, 0xCB, 0x84, 0xF1,
    0x11, 0x40, 0x4B, 0xFC, 0x0D, 0xF0, 0x11, 0x8C, 0xD3, 0xA8, 0xBF, 0x36, 0xCC, 0x6A, 0xA6, 0x54,
    0x57, 0x9D, 0xD1, 0x2A, 0x52, 0x60, 0xB6, 0x5A, 0xEF, 0xDD, 0xCA, 0x73, 0x73, 0xF4, 0xBE, 0x52,
    0x06, 0xCE, 0xC9, 0xDD, 0x1E, 0xF8, 0x6A, 0xCF, 0xBA, 0xA3, 0x07, 0xAC, 0xD4, 0xC8, 0x3C, 0xA0,
    0x8E, 0xAD, 0xBA, 0x10, 0x29, 0x05, 0x99, 0x92, 0xCF, 0xB6, 0x92, 0x66, 0x4D, 0x8F, 0xB9, 0x6B,
    0xD2, 0x04, 0x6A, 0x12, 0x9F, 0x5A, 0x54, 0xF1, 0x6B, 0x69, 0xBB, 0x7C, 0x7D, 0x2B, 0xBF, 0x60,
    0xEC, 0x1D, 0x13, 0x37, 0x6B, 0x86, 0xE0, 0x6E, 0x89, 0x64, 0x0F, 0x50, 0x23, 0x7F, 0xB9, 0xF7,
    0x0B, 0xBF, 0xA6, 0xC5, 0x74, 0x57, 0x50, 0xDE, 0xA4, 0xEA, 0x4E, 0xF1, 0x68, 0x9C, 0xA6, 0x1D,
    0x2E, 0xE2, 0xDE, 0xE6, 0x7C, 0xA9, 0xEF, 0xD7, 0x3E, 0x0D, 0x68, 0xCE, 0x24, 0x0B, 0x53, 0x7A,
    0x8A, 0x59, 0xED, 0xEB, 0x6E, 0x26, 0x7E, 0xD0, 0xF6, 0x39, 0xFC, 0xBA, 0xF0, 0xF5, 0xD4, 0xAF,
    0x44, 0x7E, 0x10, 0xB8, 0x2B, 0xC9, 0xF0, 0xB2, 0x98, 0x14, 0x7D, 0x41, 0x99, 0x8B, 0x02, 0xDC,
    0xF7, 0x77, 0x63, 0x79, 0x59, 0x15, 0x51, 0xAD, 0x01, 0x93, 0xAB, 0xBB, 0xDD, 0xB6, 0xC2, 0x9F,
    0x0D, 0xFC, 0xB0, 0xA1, 0x14, 0x06, 0xF0, 0x1F, 0x7E, 0xDB, 0x9F, 0xB5, 0xFD, 0xA6, 0x5D, 0xFE,
    0x8B, 0xCA, 0xCD, 0xEA, 0xFE, 0x57, 0xA2, 0xCB, 0x9A, 0x83, 0xBC, 0xBD, 0x70, 0xF5, 0x1A, 0x6C,
    0x2A, 0xAF, 0x36, 0xAD, 0x74, 0xB4, 0x39, 0xD4, 0xBA, 0xDF, 0x78, 0x0D, 0x99, 0x27, 0xB3, 0xA6,
    0xB6, 0x36, 0x85, 0xD1, 0x9A, 0xCD, 0x4E, 0xC4, 0xAC, 0x17, 0x33, 0xBA, 0x8A, 0xCC, 0x52, 0xAE,
    0x88, 0x19, 0x52, 0x96, 0x24, 0xAB, 0x5F, 0xA8, 0x5B, 0xCE, 0xCE, 0xD2, 0x1E, 0x33, 0x93, 0x8A,
    0xAF, 0xCA, 0xBE, 0xAC, 0x03, 0x96, 0x8A, 0x5A, 0x1C, 0xAF, 0x6E, 0xC5, 0x8B, 0x5F, 0xC7, 0xC3,
    0xBF, 0xC7, 0xB1, 0x37, 0x50, 0x7B, 0x56, 0x65, 0xE5, 0x42, 0x05, 0x4B, 0xAF, 0xE3, 0x91, 0xDF,
    0xE1, 0xD0, 0x1B, 0xA8, 0x5E, 0x80, 0x1D, 0x60, 0x7A, 0xF1, 0xE5, 0xF3, 0xAD, 0x62, 0x76, 0x4D,
    0xC9, 0x43, 0x75, 0xA3, 0x6D, 0xD3, 0x37, 0xE5, 0x7F, 0x7D, 0xFD, 0x97, 0x92, 0xDC, 0xBD, 0x8D,
    0x3A, 0xE1, 0x07, 0x29, 0x36, 0xC9, 0x95, 0xB7, 0x70, 0xF1, 0x1E, 0xC4, 0xFA, 0xC0, 0x43, 0xAA,
    0xC2, 0x05, 0x38, 0x1A, 0x07, 0x19, 0xCC, 0x93, 0x75, 0x0E, 0xED, 0xFC, 0xA6, 0x1B, 0x89, 0xAD,
    0x1E, 0x8A, 0xF8, 0x63, 0x22, 0x80, 0x82, 0x79, 0xD2, 0x5D, 0xA2, 0x83, 0x35, 0x8E, 0xAF, 0xE1,
    0x57, 0x23, 0xFD, 0x5F, 0xD3, 0xAF, 0x4E, 0xF1, 0xC0, 0xE3, 0x47, 0x95, 0x6C, 0xFC, 0x8C, 0x4A,
    0x63, 0xFD, 0x0F, 0xF1, 0xC8, 0x0F, 0x71, 0x68, 0x1E, 0x2C, 0x44, 0x51, 0x85, 0x49, 0x14, 0x07,
    0x72, 0x92, 0xAC, 0x39, 0x4E, 0xCE, 0x6A, 0x53, 0x1E, 0x6B, 0xF7, 0x0E, 0xCA, 0xEF, 0xC5, 0x4F,
    0xCB, 0x9F, 0xA3, 0x30, 0x15, 0x34, 0x27, 0xA6, 0x9A, 0xB6, 0x87, 0x46, 0x33, 0x38, 0x80, 0x96,
    0x17, 0x08, 0xAF, 0xD5, 0xAE, 0x4C, 0xBC, 0x63, 0xB2, 0x4A, 0x01, 0x3F, 0x20, 0xE9, 0x06, 0x8D,
    0xD1, 0xFC, 0xCE, 0x3E, 0x88, 0xB0, 0xDA, 0xC6, 0x44, 0xF3, 0x3B, 0x8F, 0xFF, 0xE8, 0x31, 0x9F,
    0x66, 0x9D, 0x81, 0x27, 0x2B, 0xE2, 0xB8, 0x20, 0x1F, 0xB5, 0x5A, 0x2D, 0x65, 0x2A, 0x59, 0x68,
    0x78, 0x95, 0xC6, 0x38, 0x7D, 0xB5, 0xA6, 0xE5, 0xA4, 0xA0, 0x2E, 0x11, 0x70, 0xC1, 0x53, 0x76,
    0xF4, 0x2E, 0x50, 0x67, 0xA8, 0x1D, 0xC5, 0x05, 0x3A, 0xC9, 0x64, 0xE5, 0xEA, 0xE1, 0xC2, 0xE4,
    0x24, 0xF0, 0x94, 0x9C, 0x41, 0xA5, 0x43, 0x7F, 0x2B, 0x4E, 0xE2, 0x69, 0x31, 0xAD, 0x7C, 0x1E,
    0xBD, 0x48, 0x45, 0x69, 0xD6, 0xFB, 0x66, 0x52, 0x68, 0xF9, 0xE9, 0x41, 0x39, 0x46, 0x1C, 0x7D,
    0x8D, 0xF2, 0xCB, 0x43, 0xFE, 0x83, 0xD9, 0x6E, 0xC4, 0x57, 0x28, 0x92, 0x4A, 0x14, 0x23, 0x94,
    0xD7, 0xA3, 0x40, 0x3D, 0xF3, 0x78, 0xA6, 0x5D, 0x7B, 0x92, 0xB8, 0x2F, 0x4A, 0xC5, 0x79, 0x40,
    0x3C, 0x25, 0x95, 0x5D, 0x7B, 0xB4, 0x83, 0x3C, 0x17, 0xDC, 0x87, 0x6F, 0xE1, 0x5D, 0x18, 0x7B,
    0x40, 0xCB, 0xDE, 0xAB, 0x77, 0xA4, 0xEE, 0xE6, 0x68, 0x3B, 0x64, 0x9E, 0x23, 0xD8, 0x4B, 0xCD,
    0x61, 0x8B, 0x6A, 0x4D, 0x0E, 0x9F, 0xE2, 0x5C, 0xF6, 0xFB, 0x05, 0xFE, 0x44, 0x6F, 0x81, 0x83,
    0xB2, 0x4E, 0xD6, 0xEB, 0xAE, 0x4F, 0x9E, 0x9D, 0x3C, 0x3B, 0xD5, 0x6B, 0xAE, 0xD9, 0x81, 0x47,
    0x2B, 0xDD, 0x8F, 0xE3, 0x54, 0x37, 0x8B, 0x04, 0x55, 0xEA, 0xED, 0x27, 0x07, 0x77, 0xAA, 0x1A,
    0x3A, 0x6E, 0x48, 0xA1, 0x78, 0x1C, 0x8F, 0xD2, 0xEA, 0x3D, 0x36, 0xF6, 0xA0, 0xF4, 0xD3, 0x31,
    0x2F, 0x37, 0x49, 0x6E, 0x9E, 0xCA, 0x5A, 0x5B, 0x59, 0xB7, 0x4F, 0x61, 0xF5, 0x5D, 0xE5, 0x84,
    0x69, 0x5D, 0x57, 0xEE, 0x58, 0xD0, 0x74, 0x9D, 0x4C, 0xDC, 0x1A, 0xEB, 0x66, 0x7F, 0xEB, 0x5A,
    0xC8, 0x7F, 0x4B, 0x58, 0x58, 0xAC, 0xD2, 0x72, 0xFF, 0x07, 0x55, 0x52, 0xC1, 0x6A, 0xDB, 0x40,
    0x10, 0x7D, 0x4E, 0xA4, 0x58, 0x75, 0x1D, 0xB2, 0x81, 0x55, 0x51, 0x21, 0x34, 0x5B, 0x90, 0x83,
    0x62, 0x0C, 0x51, 0x20, 0x25, 0xA1, 0x28, 0xF6, 0xD8, 0x97, 0x1E, 0x7A, 0x51, 0x84, 0x15, 0xE8,
    0x4D, 0x85, 0x1C, 0x6A, 0x9F, 0x0C, 0x35, 0xA5, 0x85, 0xA6, 0x5D, 0xFA, 0x05, 0xBA, 0xC4, 0x87,
    0x9E, 0x7C, 0xE8, 0x21, 0xF8, 0x9C, 0x7B, 0x17, 0xFA, 0x03, 0xFE, 0x04, 0x7F, 0x42, 0xAF, 0x85,
    0x42, 0x3A, 0x2B, 0x97, 0x42, 0x67, 0x90, 0x78, 0x3B, 0xCC, 0xEC, 0x7B, 0xF3, 0x24, 0x11, 0x3D,
    0x70, 0xA2, 0xC2, 0xC1, 0x11, 0x5E, 0x6B, 0xA0, 0xAB, 0xB2, 0x25, 0xD0, 0x33, 0xFE, 0xB0, 0x7D,
    0x0B, 0xC4, 0x66, 0x9F, 0xF0, 0x33, 0x05, 0x9E, 0x19, 0x41, 0x0E, 0x4E, 0x51, 0x47, 0x13, 0x1C,
    0xA3, 0x1F, 0xD7, 0x70, 0xC5, 0xDE, 0xEA, 0x58, 0x83, 0x4E, 0xE9, 0x09, 0x90, 0x72, 0xCF, 0x6C,
    0x86, 0x0B, 0x1C, 0x9B, 0xA0, 0x74, 0xD1, 0x58, 0x4F, 0x72, 0x1C, 0x69, 0xA5, 0x9D, 0x30, 0x4E,
    0x64, 0x90, 0x34, 0x25, 0xC2, 0x24, 0x96, 0xA8, 0x90, 0x88, 0x3C, 0x27, 0x52, 0x4E, 0x27, 0x80,
    0x38, 0x3B, 0x41, 0x7E, 0xB9, 0xB1, 0x01, 0xD9, 0xF1, 0x94, 0x32, 0x4B, 0x01, 0x79, 0x0D, 0x7C,
    0x90, 0x40, 0x14, 0x61, 0x04, 0xAF, 0xB9, 0x37, 0xD5, 0x66, 0x39, 0xC5, 0x54, 0xAD, 0x65, 0xC8,
    0xC5, 0x2C, 0xC2, 0xDC, 0x00, 0xE1, 0xF6, 0xF6, 0x55, 0x38, 0xBF, 0x7B, 0xCC, 0xE4, 0xDF, 0x57,
    0xA5, 0x22, 0x01, 0xE4, 0x69, 0x5B, 0xDB, 0xAE, 0x1D, 0x4B, 0x8D, 0x1D, 0xB4, 0xF4, 0xDF, 0x1D,
    0xB0, 0x4F, 0xB1, 0xB1, 0xB5, 0x4F, 0xC5, 0x40, 0xF7, 0x18, 0xF5, 0x7E, 0x03, 0x76, 0xC7, 0xF6,
    0xAD, 0x3F, 0x04, 0xCE, 0xD5, 0x0B, 0x33, 0x2E, 0x7D, 0x1A, 0x2F, 0x4A, 0x3F, 0x27, 0xE8, 0x3A,
    0x9D, 0xD9, 0x66, 0x07, 0x21, 0x62, 0x14, 0xD0, 0x30, 0x1B, 0xB4, 0x89, 0x2D, 0x78, 0xBC, 0xBE,
    0x2D, 0x01, 0x3A, 0x9E, 0x90, 0x56, 0x8B, 0x79, 0x9E, 0xFA, 0x74, 0x53, 0xDC, 0x14, 0x39, 0x1B,
    0xD0, 0x35, 0x7D, 0x81, 0x24, 0x11, 0xAC, 0x6E, 0x32, 0x21, 0xCB, 0x61, 0x19, 0xD2, 0xD8, 0x73,
    0x9B, 0x6A, 0xCD, 0x71, 0x12, 0x30, 0xD8, 0xA4, 0xB7, 0x93, 0x5D, 0xB1, 0x5C, 0x89, 0xB5, 0xEA,
    0x7F, 0x2A, 0xD8, 0xBF, 0xC4, 0x73, 0x6A, 0xE8, 0xA9, 0x97, 0x2C, 0xD0, 0xE5, 0xEC, 0xB2, 0xD8,
    0x46, 0xB5, 0x8A, 0x1D, 0xB6, 0x0F, 0xD0, 0xD6, 0x76, 0x45, 0x99, 0x44, 0xF2, 0x4D, 0x74, 0x58,
    0xF0, 0x57, 0xC8, 0x79, 0x84, 0x5C, 0x88, 0x21, 0x5A, 0x29, 0x5C, 0xC6, 0xB5, 0x3E, 0x31, 0xF8,
    0x98, 0x9C, 0x5B, 0x03, 0x59, 0x4B, 0xD1, 0x60, 0x47, 0x7C, 0xE2, 0x8B, 0x92, 0x84, 0x4D, 0xED,
    0x54, 0xC6, 0x82, 0xEE, 0xCC, 0xBB, 0x72, 0xC0, 0x5A, 0xE3, 0x52, 0x4C, 0x05, 0x16, 0x23, 0x29,
    0x68, 0x5C, 0x7E, 0x2D, 0x5A, 0x5A, 0xBD, 0xF7, 0x40, 0xA8, 0x85, 0x08, 0xEA, 0xF7, 0xFC, 0x2F,
    0xFC, 0x87, 0x3F, 0xDF, 0x2F, 0xD9, 0xA3, 0x4A, 0x12, 0x9E, 0xFF, 0x7A, 0x45, 0x5B, 0xDF, 0x90,
    0xE3, 0xE1, 0x62, 0xA5, 0xD8, 0x9A, 0x2A, 0xC6, 0x0B, 0xE3, 0xE7, 0x2C, 0x10, 0xD2, 0xCD, 0x7D,
    0x79, 0xA0, 0xA4, 0x48, 0x95, 0x2A, 0x64, 0x96, 0xC9, 0x3E, 0x32, 0xCE, 0x03, 0x48, 0xA5, 0xA4,
    0x8B, 0x47, 0x18, 0xE0, 0x0B, 0x9F, 0x52, 0x5C, 0x55, 0xF5, 0x0C, 0x39, 0x65, 0xCA, 0xA6, 0xAF,
    0x94, 0x42, 0x4A, 0x24, 0x2E, 0xF0, 0x94, 0xCD, 0x76, 0xB0, 0xCB, 0xEF, 0x00, 0x97, 0xF8, 0x03,
    0x95, 0x5A, 0x7D, 0x6C, 0x1C, 0xC7, 0x75, 0xFF, 0xED, 0x2E, 0xC9, 0x25, 0xB9, 0xBB, 0xB3, 0x0C,
    0xAA, 0x3F, 0x18, 0x69, 0xF9, 0x51, 0x44, 0x48, 0x0E, 0xF2, 0x4A, 0x3C, 0x27, 0x5B, 0x78, 0x63,
    0x9F, 0xC4, 0x91, 0x54, 0x57, 0x85, 0x3F, 0x52, 0x06, 0x71, 0xA1, 0x16, 0x51, 0x60, 0x01, 0x75,
    0x11, 0x80, 0x4D, 0xED, 0x6B, 0xC3, 0x02, 0x6A, 0x61, 0x69, 0x47, 0x54, 0x5B, 0xA5, 0x8D, 0x13,
    0x5F, 0x6D, 0xFF, 0xD7, 0xA0, 0x66, 0x0D, 0x02, 0x95, 0x68, 0x47, 0xBA, 0x14, 0x2C, 0xC0, 0x40,
    0x12, 0x35, 0x96, 0x80, 0x28, 0x68, 0x00, 0x63, 0x65, 0x37, 0x56, 0xD1, 0xB4, 0xC0, 0xC9, 0x12,
    0x10, 0x27, 0x4E, 0x94, 0x2B, 0x7A, 0x68, 0x4F, 0x06, 0xC9, 0xEB, 0x9B, 0xD9, 0x3B, 0x92, 0xA2,
    0x8E, 0x1F, 0xBA, 0x7D, 0x73, 0x9C, 0xDB, 0x9D, 0x7D, 0x3B, 0xF3, 0xE6, 0xBD, 0xDF, 0xFB, 0x58,
    0x5A, 0x1C, 0x86, 0x04, 0x7D, 0xC6, 0x67, 0xC0, 0x2C, 0x30, 0x13, 0x0C, 0x8A, 0xFC, 0x85, 0x66,
    0x87, 0x41, 0x30, 0x43, 0x24, 0x0D, 0x61, 0x76, 0xC3, 0x0E, 0xB6, 0x34, 0x72, 0x7C, 0x46, 0xFC,
    0xE3, 0x75, 0x79, 0x32, 0x95, 0x46, 0x0A, 0xE3, 0x3A, 0x37, 0x3E, 0xAE, 0x19, 0x69, 0x68, 0xA4,
    0x81, 0xA6, 0xD0, 0xA9, 0x57, 0xB0, 0x0D, 0x28, 0x02, 0x42, 0xB3, 0xB2, 0x35, 0x37, 0xB4, 0xA1,
    0x44, 0xC0, 0x98, 0x87, 0x63, 0x89, 0xC0, 0xE4, 0x31, 0x40, 0x34, 0x5A, 0x47, 0xD6, 0x09, 0x69,
    0x80, 0x21, 0xAC, 0x86, 0x9A, 0x8F, 0x53, 0xC9, 0x85, 0x51, 0x77, 0x8C, 0x3D, 0xB0, 0x2B, 0x78,
    0x11, 0x5E, 0xDE, 0x8B, 0xDC, 0xC1, 0x59, 0x9A, 0xA7, 0x60, 0x58, 0x7B, 0x24, 0xE2, 0xD7, 0xF9,
    0x9F, 0xCA, 0xF5, 0xAE, 0x6D, 0x9F, 0xB2, 0x44, 0xDB, 0x83, 0x3B, 0xD8, 0x89, 0xDE, 0x99, 0x29,
    0x58, 0x96, 0xA4, 0x26, 0x9A, 0xED, 0x67, 0xD4, 0xDE, 0x97, 0xA6, 0x25, 0x2A, 0x5D, 0x96, 0xA8,
    0xF6, 0x50, 0xFB, 0x9A, 0x75, 0x32, 0xAD, 0x39, 0x0D, 0xAE, 0xE5, 0x34, 0x79, 0x86, 0xB8, 0x56,
    0xEE, 0x69, 0xFE, 0xCC, 0xC7, 0x29, 0xFD, 0x9D, 0xA0, 0x16, 0x37, 0xDB, 0x44, 0x72, 0xAA, 0x91,
    0x92, 0xC8, 0x40, 0x32, 0x03, 0x09, 0x0D, 0x24, 0x35, 0x25, 0x36, 0x90, 0xDC, 0xA8, 0x5F, 0xA0,
    0x16, 0x2E, 0x37, 0xA7, 0x3E, 0x02, 0x74, 0x02, 0xB4, 0x11, 0xC3, 0xF4, 0x80, 0x29, 0x66, 0x4A,
    0x25, 0x3D, 0x17, 0x2C, 0x0F, 0xBF, 0x06, 0x56, 0x00, 0xA3, 0xA5, 0xD8, 0x9C, 0x99, 0x69, 0x22,
    0x66, 0xE9, 0x81, 0xC8, 0x67, 0x53, 0x39, 0xCB, 0x50, 0x56, 0x64, 0x56, 0x59, 0x57, 0x91, 0xF5,
    0x17, 0xD9, 0xD1, 0x22, 0x93, 0x45, 0x1F, 0x45, 0x86, 0x62, 0x32, 0xB9, 0x68, 0x76, 0xC1, 0x7A,
    0x1D, 0x78, 0x06, 0x33, 0x5D, 0x53, 0x05, 0x53, 0x0C, 0x98, 0xF0, 0x2D, 0xD8, 0x8F, 0xC3, 0x7A,
    0x09, 0xC6, 0xBF, 0x03, 0x55, 0x60, 0x4A, 0xCD, 0xCB, 0x17, 0xCD, 0x85, 0x31, 0x54, 0x9B, 0x0C,
    0xEF, 0xA3, 0xA4, 0x51, 0x47, 0x01, 0xC8, 0x41, 0xED, 0xF2, 0x51, 0x80, 0x76, 0xA2, 0x0E, 0xE3,
    0x08, 0x2C, 0x0F, 0x96, 0x83, 0xDE, 0x2F, 0xC3, 0x3B, 0x2C, 0xFA, 0x4D, 0xB9, 0xD3, 0x48, 0x2F,
    0xD9, 0xB5, 0x35, 0x0A, 0xE0, 0x9F, 0xA3, 0x3E, 0x67, 0x96, 0x50, 0x64, 0xF3, 0x64, 0x11, 0xE3,
    0x24, 0x43, 0x27, 0x3B, 0xC9, 0xA9, 0xE3, 0x2F, 0xEA, 0x3E, 0xAD, 0x5A, 0x2D, 0x5C, 0x24, 0x4B,
    0x9B, 0xAB, 0x50, 0xEF, 0xCC, 0xB4, 0xB5, 0x5F, 0x9A, 0x86, 0xB4, 0x5A, 0x44, 0xFD, 0x4E, 0x43,
    0xBA, 0x86, 0xEC, 0x37, 0xE4, 0xE5, 0x46, 0xAD, 0x8A, 0x58, 0xA2, 0x5F, 0xA0, 0x7B, 0x53, 0xC5,
    0xDE, 0xFE, 0xC4, 0xF4, 0x19, 0xDB, 0x94, 0x45, 0xF3, 0xA4, 0x94, 0xF8, 0xBB, 0x2B, 0x1C, 0x0F,
    0xFF, 0x80, 0x74, 0x92, 0x94, 0xF0, 0xBF, 0xAF, 0x71, 0xE3, 0xFA, 0x15, 0x69, 0x9D, 0x94, 0x55,
    0xC7, 0x90, 0x13, 0x7B, 0x9D, 0xDA, 0x1E, 0xE7, 0x36, 0xE2, 0x01, 0xE4, 0x33, 0x0E, 0x21, 0xAC,
    0x9A, 0xEE, 0x38, 0x18, 0x76, 0x40, 0xBB, 0xBF, 0x67, 0x6E, 0x4B, 0xDB, 0x62, 0x9C, 0xE4, 0xC6,
    0x0D, 0x41, 0x82, 0xDC, 0x74, 0xE4, 0xA6, 0xBA, 0x40, 0xDA, 0x6B, 0x99, 0x72, 0x35, 0x99, 0xA6,
    0xEC, 0x32, 0x65, 0x8F, 0x29, 0xBF, 0x66, 0xCA, 0x9A, 0x53, 0x55, 0xF3, 0x41, 0x6F, 0xC9, 0x17,
    0x3E, 0x67, 0x72, 0x07, 0xF7, 0xD2, 0x47, 0xB8, 0x5B, 0xF9, 0x14, 0x77, 0xCB, 0xAF, 0x72, 0x37,
    0xBA, 0xCA, 0xDD, 0xBD, 0xA7, 0xB8, 0x3B, 0x64, 0x71, 0xD7, 0xB7, 0x78, 0xD2, 0xE3, 0xA7, 0x5A,
    0x09, 0x56, 0x76, 0xDD, 0x6F, 0xDC, 0xA3, 0x10, 0xC9, 0xE4, 0x82, 0xB1, 0x44, 0xA2, 0x94, 0x21,
    0x29, 0x39, 0xCA, 0x31, 0x8A, 0x11, 0x26, 0xE8, 0x9B, 0xFA, 0x21, 0xA9, 0x0E, 0x6D, 0xC3, 0xAF,
    0x32, 0x28, 0xD9, 0x40, 0x93, 0xAA, 0xC9, 0x64, 0x7D, 0x7C, 0x1A, 0xCC, 0x5F, 0xD6, 0x09, 0xAD,
    0x01, 0xF5, 0xB5, 0x00, 0xD1, 0xBB, 0x0A, 0x20, 0x22, 0xB4, 0x01, 0x08, 0x32, 0xAE, 0xA9, 0xEB,
    0x52, 0x90, 0x69, 0x91, 0x65, 0xDD, 0x47, 0x76, 0x7D, 0x4B, 0x4A, 0x8F, 0x84, 0x8C, 0xFA, 0x79,
    0x0E, 0xE7, 0x8F, 0xE7, 0x10, 0x06, 0x0C, 0x71, 0xE0, 0x20, 0xA2, 0xA6, 0xFE, 0x16, 0xE8, 0xB7,
    0xFF, 0x95, 0x63, 0x30, 0xCE, 0x95, 0x68, 0x8C, 0x1E, 0x8D, 0xF1, 0x27, 0x4A, 0x83, 0x84, 0x1B,
    0x3D, 0x9A, 0x5B, 0x55, 0x71, 0x33, 0xEA, 0xB0, 0x42, 0xF4, 0xF8, 0x08, 0x6C, 0x7E, 0xC9, 0xAF,
    0x6C, 0x66, 0x45, 0x0B, 0xC0, 0x00, 0xD0, 0x03, 0x74, 0x8C, 0xFF, 0xD6, 0xF4, 0x00, 0x61, 0x27,
    0x14, 0x0D, 0x20, 0x65, 0x46, 0x6A, 0x2F, 0xAD, 0x5E, 0x40, 0x6D, 0xFC, 0x6F, 0xDF, 0x38, 0xCB,
    0x2C, 0x49, 0xCA, 0x21, 0x8B, 0x1B, 0xB5, 0xA4, 0xD1, 0x58, 0x7C, 0x90, 0xB1, 0xD0, 0x52, 0x46,
    0x17, 0x35, 0x83, 0x76, 0xE2, 0x0D, 0x89, 0x49, 0x09, 0x93, 0xE8, 0x67, 0x30, 0xDF, 0x4F, 0x4D,
    0x59, 0x56, 0xB6, 0xA0, 0xBE, 0x2B, 0x0E, 0xA1, 0xBE, 0xD8, 0x45, 0xA0, 0xEA, 0x2F, 0xC3, 0xA9,
    0xFF, 0x1A, 0x7D, 0x3F, 0x4B, 0xCD, 0xFA, 0x02, 0xB5, 0x6F, 0x67, 0xCD, 0x26, 0x98, 0x5D, 0x1C,
    0xA1, 0xB1, 0x2B, 0x9B, 0xE8, 0xBF, 0x46, 0xC3, 0x56, 0x9B, 0x3D, 0x8D, 0x40, 0xD3, 0x7A, 0x1C,
    0xC0, 0xE6, 0x20, 0x00, 0x6E, 0x10, 0xDC, 0x0A, 0xEA, 0x2B, 0xEB, 0xF1, 0xB0, 0x67, 0x56, 0x4B,
    0x58, 0xCC, 0x13, 0xC3, 0xFD, 0x92, 0x29, 0x89, 0x05, 0x64, 0x08, 0x21, 0x22, 0xB2, 0xD9, 0x48,
    0xFD, 0xA5, 0xDF, 0x13, 0xCC, 0xA3, 0xF3, 0x0E, 0xD2, 0x64, 0xF2, 0x23, 0x9E, 0x6D, 0xC9, 0x94,
    0x35, 0x29, 0x1D, 0x53, 0x11, 0x59, 0xB1, 0x79, 0x43, 0xE2, 0xFF, 0xA4, 0xF1, 0xAE, 0xCC, 0x4E,
    0xEE, 0x75, 0x08, 0x2C, 0x07, 0xCB, 0xB9, 0x1C, 0xC2, 0xAE, 0x8B, 0x71, 0x58, 0x0C, 0xA3, 0xC2,
    0xC8, 0x3F, 0xA8, 0x85, 0x2B, 0x15, 0xF3, 0xA7, 0x15, 0x9E, 0x7D, 0x76, 0x1A, 0x05, 0x0F, 0x11,
    0xED, 0xBB, 0xAD, 0xC9, 0x41, 0xC8, 0xE0, 0xCC, 0x65, 0xFB, 0x9D, 0xCC, 0x79, 0xF4, 0x61, 0xB3,
    0xDE, 0x11, 0x8F, 0x79, 0x2C, 0xA9, 0x13, 0x30, 0x5C, 0xF4, 0x5C, 0xAF, 0xC3, 0x43, 0x76, 0x24,
    0x4A, 0x8B, 0x86, 0xCE, 0xF3, 0x4E, 0x0F, 0x44, 0x3D, 0x1E, 0xBA, 0x3D, 0xB8, 0x1E, 0xFA, 0x3D,
    0x5C, 0x6E, 0x88, 0x8A, 0x29, 0x24, 0x84, 0x20, 0x8F, 0x08, 0x36, 0x1B, 0x07, 0x91, 0xF7, 0x17,
    0xDF, 0x9D, 0x20, 0x5D, 0x0E, 0xBB, 0x9D, 0xBA, 0x66, 0x7E, 0xF1, 0xD2, 0xBE, 0x20, 0xCE, 0x77,
    0xE6, 0x4A, 0xD6, 0xBC, 0xB4, 0x8F, 0xA7, 0x2C, 0x57, 0x0E, 0xE3, 0xB8, 0x36, 0x3F, 0x04, 0xEC,
    0xAB, 0x14, 0x8B, 0x28, 0x76, 0xA5, 0x46, 0x19, 0x51, 0x31, 0xDA, 0x57, 0xD1, 0xC3, 0x47, 0xFD,
    0xD4, 0xB3, 0xB8, 0xE7, 0x73, 0xEF, 0x11, 0xEE, 0x5D, 0xE5, 0x64, 0xB1, 0xF4, 0x33, 0xF1, 0x49,
    0x5B, 0x40, 0x1B, 0x60, 0x9E, 0xD9, 0x64, 0xCC, 0xE8, 0x10, 0xF7, 0x5C, 0xF2, 0xA3, 0x60, 0x15,
    0x78, 0x65, 0x78, 0x05, 0x78, 0xB4, 0x6D, 0xF6, 0x3D, 0x0B, 0xC8, 0xD6, 0x40, 0x0B, 0x08, 0x3D,
    0xD4, 0x46, 0x33, 0xF9, 0x62, 0x14, 0xC7, 0x7D, 0x5E, 0x77, 0xDE, 0x9E, 0xEB, 0xB9, 0x12, 0x77,
    0x7F, 0x10, 0x77, 0x7F, 0x3F, 0x76, 0x0B, 0xF1, 0x89, 0x9D, 0x4B, 0xCD, 0xC7, 0xD9, 0xF0, 0x08,
    0x9F, 0xDE, 0x24, 0x07, 0xA0, 0x3A, 0xF4, 0x53, 0x3F, 0x8E, 0xCD, 0xC5, 0x5E, 0xE4, 0x14, 0xE9,
    0x88, 0x9C, 0xD8, 0x63, 0x99, 0x38, 0x47, 0xCF, 0x4B, 0x35, 0xFC, 0x5E, 0x4A, 0x86, 0x54, 0xA4,
    0x72, 0x7C, 0x49, 0x29, 0x8B, 0x67, 0x09, 0xD7, 0x94, 0x44, 0x9E, 0xF6, 0x14, 0xDE, 0x12, 0x5C,
    0x28, 0x22, 0x93, 0x19, 0x57, 0xB3, 0x21, 0x31, 0x86, 0x11, 0x05, 0x19, 0x45, 0x12, 0x63, 0xA1,
    0x83, 0xE0, 0x90, 0x3E, 0x17, 0xEE, 0xBC, 0xF2, 0xD7, 0x07, 0x4E, 0x9A, 0x42, 0x1D, 0x96, 0x50,
    0xFB, 0x8D, 0x4B, 0x43, 0xBC, 0xD0, 0x83, 0x80, 0x30, 0xB3, 0x1B, 0xCE, 0x4E, 0x58, 0x45, 0x98,
    0x74, 0x5A, 0x2A, 0x32, 0x39, 0x1E, 0xD2, 0x6E, 0xCC, 0x18, 0x03, 0xCA, 0x3A, 0x60, 0x99, 0x80,
    0x73, 0x81, 0x87, 0xC5, 0x4A, 0x54, 0x2C, 0x17, 0xF5, 0x87, 0x3A, 0x61, 0x31, 0xA5, 0x93, 0xEA,
    0xAA, 0x1E, 0x60, 0x9C, 0xD5, 0xCA, 0xB0, 0x0F, 0x5E, 0x3F, 0xEC, 0xA3, 0xDA, 0x58, 0x2A, 0xE8,
    0x8C, 0x10, 0x04, 0xB8, 0xA4, 0xC5, 0x44, 0x8B, 0x68, 0xB3, 0xB2, 0x46, 0x66, 0xCC, 0x04, 0x1F,
    0xF4, 0x30, 0x9C, 0x18, 0x11, 0xA4, 0x59, 0x44, 0x0A, 0x57, 0xCE, 0xB5, 0x0C, 0x65, 0x44, 0xE3,
    0xD0, 0xE8, 0xD0, 0xCB, 0xA9, 0xE7, 0x90, 0x00, 0xDA, 0x34, 0xB2, 0xD9, 0x74, 0x8B, 0x63, 0xD4,
    0xE2, 0xC9, 0x39, 0xA3, 0x4F, 0xC9, 0xA5, 0x82, 0x57, 0x05, 0x0E, 0x92, 0x89, 0x7D, 0x0C, 0xEB,
    0x94, 0x20, 0x7B, 0xB0, 0x4E, 0x49, 0x67, 0x49, 0x73, 0xE2, 0x8B, 0xA4, 0xF1, 0x44, 0xFE, 0xED,
    0xC8, 0xF3, 0x22, 0x8F, 0x29, 0x4A, 0xEA, 0x8B, 0xEA, 0x8A, 0xD2, 0x6A, 0xFF, 0xB6, 0x52, 0xFA,
    0x4C, 0xDF, 0x1F, 0x4D, 0x09, 0xE4, 0xE3, 0xCE, 0x63, 0x9D, 0xC7, 0x10, 0x1F, 0x2D, 0x3E, 0x9A,
    0x66, 0x1B, 0x49, 0x16, 0x11, 0xBB, 0x5E, 0xC4, 0x58, 0x99, 0x79, 0x45, 0x46, 0x1D, 0x2F, 0x0E,
    0x12, 0xA6, 0x0D, 0x18, 0x43, 0xF3, 0x71, 0x2E, 0xCA, 0xED, 0x8E, 0x9D, 0x39, 0x2F, 0x57, 0x88,
    0xCB, 0xF3, 0x9D, 0xB0, 0xB0, 0x9E, 0x0D, 0x78, 0xC5, 0x8E, 0xBE, 0x76, 0x57, 0xB6, 0x69, 0xAC,
    0x7F, 0xBE, 0xA4, 0x76, 0xDE, 0x9B, 0x53, 0xDE, 0x82, 0xE4, 0xE9, 0xAE, 0xA2, 0xE4, 0x10, 0x69,
    0xBD, 0x26, 0x92, 0xE1, 0x4E, 0x12, 0x30, 0x05, 0x00, 0x68, 0x67, 0x9D, 0x99, 0xCA, 0xFC, 0x19,
    0xFF, 0x73, 0xBE, 0xA2, 0x32, 0x7B, 0xD2, 0xFC, 0xD1, 0x08, 0x23, 0x9C, 0x36, 0xB1, 0x58, 0xCC,
    0xAB, 0x35, 0x75, 0xD0, 0x83, 0x3A, 0x94, 0x1A, 0xC2, 0x5B, 0x75, 0x24, 0xFC, 0x13, 0xF8, 0xBA,
    0xF8, 0x44, 0x9B, 0xF3, 0x1D, 0x03, 0x1D, 0xD8, 0xEB, 0x35, 0x3F, 0x41, 0xAE, 0xA4, 0x96, 0x7D,
    0x19, 0x9D, 0x81, 0xA6, 0xA1, 0xDB, 0x3D, 0x41, 0xE0, 0x06, 0x5E, 0x18, 0x0C, 0xD4, 0x92, 0x1A,
    0x9A, 0x56, 0x34, 0x24, 0xD4, 0x1A, 0x74, 0xF3, 0xCF, 0x9F, 0x81, 0xE7, 0x38, 0xD4, 0x57, 0xBB,
    0xA7, 0x4C, 0x60, 0x71, 0x93, 0x15, 0x2B, 0x6D, 0x3A, 0x24, 0xD5, 0xA0, 0xBC, 0x96, 0xE5, 0xFA,
    0xE6, 0x6C, 0x40, 0xA9, 0xA7, 0x56, 0xB8, 0x8D, 0xD0, 0xC0, 0x0B, 0x60, 0xEB, 0xED, 0xDA, 0x8A,
    0xAD, 0xE8, 0xC7, 0xB5, 0x55, 0x70, 0xA9, 0xFC, 0xA9, 0xD6, 0xEF, 0x82, 0xB9, 0x3F, 0x7D, 0x96,
    0x3C, 0x10, 0x81, 0x6E, 0xDE, 0xE6, 0x69, 0x9E, 0xC2, 0xE7, 0xBC, 0xF9, 0x76, 0xF5, 0xA8, 0x71,
    0xB5, 0x28, 0xF0, 0xE3, 0x48, 0xE0, 0xC3, 0x47, 0x81, 0xB9, 0x3D, 0x64, 0x50, 0x3A, 0xDD, 0x98,
    0x8D, 0x82, 0x30, 0x47, 0xA2, 0x73, 0x1D, 0xCF, 0xB5, 0x07, 0xFB, 0xAD, 0xAF, 0xE6, 0xCD, 0xF7,
    0x52, 0xE3, 0x2A, 0x05, 0xEB, 0xCA, 0x25, 0xFC, 0xD1, 0x19, 0xBC, 0xFA, 0x12, 0x2C, 0x72, 0x12,
    0x77, 0x60, 0x1D, 0x90, 0xD6, 0xFE, 0x54, 0xD1, 0x01, 0x39, 0x74, 0x87, 0x82, 0x59, 0x25, 0xA7,
    0x0C, 0x16, 0x9E, 0x17, 0x4A, 0x5A, 0xD4, 0x61, 0xCF, 0xC0, 0x1B, 0x54, 0x72, 0x22, 0xB7, 0x7D,
    0xE2, 0xA2, 0xF2, 0x21, 0xE4, 0x77, 0x26, 0x25, 0xF9, 0x09, 0xC1, 0x94, 0x99, 0x79, 0x24, 0xF3,
    0xC6, 0x19, 0xFD, 0x57, 0xFF, 0xF6, 0xA9, 0x59, 0x42, 0x24, 0x27, 0x1B, 0x4D, 0x8C, 0x23, 0xE9,
    0x5E, 0x0C, 0x5C, 0xCF, 0x0D, 0xC1, 0x8E, 0x8F, 0x79, 0xBB, 0xC7, 0xDC, 0x00, 0x81, 0xD7, 0x91,
    0x1C, 0x5A, 0x40, 0x66, 0x51, 0xB4, 0x8B, 0x73, 0x30, 0x75, 0xB8, 0x6B, 0x37, 0xD0, 0xFD, 0x53,
    0xB8, 0xB7, 0xC4, 0xB6, 0x0F, 0x64, 0xFE, 0x66, 0xBA, 0x70, 0x4B, 0xC5, 0x58, 0x14, 0x50, 0x58,
    0x65, 0x74, 0xE5, 0xD1, 0x7B, 0x0C, 0xBD, 0xBF, 0xC0, 0xA7, 0xBF, 0x85, 0xCF, 0x7E, 0x13, 0xFF,
    0xFB, 0x32, 0xB9, 0xC4, 0x6E, 0x52, 0xD0, 0x41, 0x6A, 0x8F, 0x51, 0xFB, 0x14, 0x67, 0x78, 0x45,
    0xFA, 0x8D, 0x86, 0x64, 0xC6, 0x77, 0x2A, 0xCC, 0x0C, 0xCA, 0xCC, 0x0A, 0x26, 0x58, 0x6F, 0x10,
    0x27, 0xAF, 0x1F, 0x99, 0xD7, 0xD3, 0x38, 0x28, 0x11, 0x98, 0x29, 0xDC, 0xEE, 0x32, 0xD8, 0x57,
    0x68, 0x5B, 0x3F, 0x33, 0x07, 0xF7, 0x73, 0x47, 0x10, 0xFC, 0xC1, 0xD3, 0x38, 0xFE, 0x3F, 0xCF,
    0x72, 0x8A, 0xF7, 0xFC, 0xDF, 0x9D, 0xB2, 0xB8, 0x34, 0xAE, 0x02, 0xDF, 0x07, 0x79, 0x50, 0x3F,
    0xAE, 0x78, 0x71, 0x39, 0x88, 0x27, 0x0A, 0x71, 0x3C, 0x3B, 0x3F, 0xA8, 0x14, 0xB1, 0x21, 0x7B,
    0x2D, 0x6E, 0xFD, 0x0D, 0x4C, 0x0A, 0xAB, 0xBF, 0x2E, 0xC2, 0x3F, 0x91, 0x71, 0x31, 0xFD, 0x5E,
    0x7D, 0x76, 0x7C, 0x72, 0x86, 0x44, 0x60, 0xFE, 0xF8, 0x88, 0xCA, 0x59, 0x48, 0x6F, 0x10, 0x95,
    0xE8, 0x6B, 0x40, 0x90, 0x68, 0x1A, 0x55, 0xBA, 0xF0, 0x23, 0x5A, 0xBC, 0xF5, 0xCD, 0x80, 0xBE,
    0x9E, 0x24, 0xFF, 0xEE, 0x38, 0x3E, 0x92, 0x73, 0x23, 0xA7, 0x75, 0x1A, 0x99, 0xBC, 0xD0, 0x10,
    0x01, 0xA1, 0xBB, 0x6B, 0x93, 0x9E, 0x1C, 0xAE, 0xC3, 0xDB, 0xFD, 0x11, 0xDC, 0xF8, 0x96, 0x08,
    0x26, 0x6E, 0xCA, 0xE3, 0x1F, 0xD4, 0xAA, 0x9D, 0xFD, 0xB0, 0xA6, 0xE0, 0xD4, 0x40, 0xA9, 0x4F,
    0xE4, 0x37, 0x83, 0x63, 0xBB, 0x15, 0x1C, 0x2B, 0x62, 0xEA, 0x2A, 0x25, 0x10, 0xF1, 0x76, 0xEC,
    0xF8, 0x27, 0xC5, 0x72, 0x5B, 0xD1, 0x11, 0xFB, 0x2A, 0x79, 0xC2, 0xF2, 0xDE, 0x94, 0x80, 0x38,
    0x42, 0xB4, 0x3D, 0xA5, 0x1F, 0x73, 0xBB, 0x7E, 0xEF, 0xCC, 0xF8, 0x76, 0x84, 0x61, 0x40, 0xF1,
    0xD8, 0x4A, 0x0B, 0x82, 0x10, 0x7E, 0x40, 0x40, 0x3C, 0x2F, 0x74, 0x9A, 0xA4, 0x74, 0x00, 0x97,
    0xB9, 0x46, 0xBA, 0x7C, 0x93, 0x5E, 0x7C, 0x58, 0x06, 0xF9, 0x34, 0xC8, 0x1F, 0xD5, 0x34, 0x16,
    0xE4, 0x05, 0x7B, 0x58, 0xDA, 0x4B, 0x2B, 0x03, 0x68, 0xF0, 0xEA, 0xF0, 0xF5, 0xF3, 0xBC, 0xB8,
    0x77, 0xBE, 0x16, 0x77, 0x64, 0xE1, 0x6B, 0x65, 0x39, 0x7C, 0x25, 0x5D, 0x99, 0xCD, 0x79, 0x51,
    0xEF, 0xE8, 0xEB, 0xD1, 0x0B, 0x14, 0x76, 0x78, 0x0E, 0xD9, 0xC9, 0x0C, 0xCA, 0x05, 0xE3, 0xDF,
    0x02, 0x4B, 0xB9, 0x38, 0xBF, 0x0B, 0x36, 0x05, 0x80, 0x4F, 0xC1, 0xFC, 0x21, 0x8C, 0xDB, 0xCD,
    0x88, 0x92, 0x3E, 0xF3, 0xB6, 0x2C, 0xB8, 0x08, 0xBA, 0xE1, 0xED, 0x84, 0x93, 0x87, 0x3D, 0x0C,
    0xAB, 0xA4, 0x6C, 0xB1, 0xB3, 0x0F, 0x76, 0x0E, 0xC6, 0x37, 0x36, 0x67, 0xB2, 0x8D, 0x23, 0x98,
    0x42, 0xD7, 0xF0, 0x46, 0xDC, 0xCC, 0xBB, 0xCA, 0x0F, 0x52, 0xFC, 0x84, 0x50, 0xA5, 0xF8, 0x31,
    0x7E, 0x72, 0xBD, 0x16, 0xE3, 0x96, 0x2C, 0xC5, 0xB8, 0x29, 0x65, 0x8C, 0xCA, 0x4D, 0x11, 0x23,
    0xFD, 0x67, 0x4E, 0x57, 0x1F, 0xA1, 0x07, 0x89, 0x3D, 0xCA, 0x86, 0xB4, 0xC9, 0xE9, 0xAF, 0x48,
    0x7D, 0x95, 0x55, 0xF8, 0x97, 0x69, 0xBE, 0xFF, 0x2F, 0xF5, 0xE3, 0x39, 0xAF, 0xDC, 0x1F, 0xB1,
    0x28, 0x4F, 0x9E, 0x9A, 0x5A, 0x30, 0x46, 0x68, 0x2E, 0x69, 0xD9, 0xD2, 0x99, 0x25, 0x0B, 0x54,
    0xE0, 0x8D, 0xDE, 0xA6, 0xC4, 0x4B, 0x0A, 0x6B, 0x55, 0xF6, 0xFE, 0x87, 0x14, 0xB5, 0x16, 0x0B,
    0x88, 0x63, 0x14, 0x5A, 0x14, 0x87, 0x14, 0x9C, 0xF5, 0x55, 0x4C, 0x32, 0xA9, 0x58, 0xB9, 0x3D,
    0x67, 0x11, 0x21, 0x85, 0x53, 0x96, 0x88, 0x4C, 0x4D, 0x96, 0xA0, 0x9F, 0x74, 0x52, 0x31, 0xA1,
    0x5C, 0x17, 0x8F, 0xD1, 0xAA, 0x2D, 0x82, 0x29, 0x53, 0x87, 0x63, 0x84, 0x3A, 0x27, 0xE0, 0xE5,
    0xDE, 0xA5, 0xBD, 0xE1, 0x29, 0xDD, 0x4F, 0x1B, 0x84, 0xEA, 0xAA, 0x56, 0x21, 0xDD, 0x49, 0x07,
    0xED, 0x03, 0xD2, 0xBE, 0xBB, 0x6C, 0xB3, 0xA4, 0xDF, 0xC6, 0xA7, 0xB9, 0x42, 0x7F, 0xE5, 0xEF,
    0xC0, 0x7E, 0x52, 0x8E, 0x7E, 0x3F, 0x47, 0x4E, 0x39, 0xAF, 0x89, 0x3A, 0xB9, 0x6D, 0xB1, 0x7F,
    0xA7, 0xDA, 0x1C, 0x8D, 0xC7, 0xA6, 0xF5, 0x9F, 0x07, 0x01, 0x2A, 0x63, 0x46, 0x18, 0xBF, 0x2D,
    0x36, 0x80, 0xAB, 0x35, 0x95, 0x8C, 0x78, 0x75, 0xA2, 0x42, 0xCB, 0x5B, 0xD0, 0x3D, 0x12, 0xFC,
    0x6E, 0x52, 0x21, 0xAE, 0x9C, 0x51, 0x8E, 0x26, 0x98, 0x1D, 0x94, 0xF6, 0x57, 0x69, 0x27, 0xD4,
    0xA1, 0xC1, 0x9A, 0x12, 0xE9, 0xB7, 0x14, 0xCA, 0xE0, 0x4D, 0x0C, 0xBF, 0x0D, 0xF2, 0x16, 0x76,
    0x0A, 0x6F, 0x18, 0xDD, 0xD9, 0xE4, 0xC7, 0x2E, 0x13, 0x6A, 0xEF, 0x90, 0xD3, 0xC3, 0x63, 0xE9,
    0xF0, 0x18, 0x4D, 0x14, 0x49, 0x89, 0x97, 0xB4, 0x9F, 0x04, 0xEE, 0xA8, 0xAF, 0xFD, 0x24, 0xC5,
    0x12, 0xED, 0x6A, 0xD7, 0x73, 0xF8, 0xA4, 0xC4, 0xBD, 0x9F, 0x11, 0x6A, 0xF5, 0x61, 0x01, 0xB3,
    0x7B, 0xCD, 0x05, 0xAB, 0x0A, 0x5F, 0x92, 0xDF, 0xEB, 0xE3, 0x4D, 0x9C, 0xFF, 0x8F, 0xE5, 0x4B,
    0xF9, 0x26, 0xF2, 0x99, 0x2A, 0xA8, 0xB0, 0x38, 0xDF, 0xAE, 0x2A, 0x4A, 0xC7, 0x9A, 0xCE, 0x67,
    0xF9, 0x43, 0xAE, 0xDA, 0x16, 0x84, 0xC1, 0x46, 0xF9, 0x9E, 0xD3, 0x7D, 0x0A, 0x10, 0x23, 0x38,
    0xA2, 0x4F, 0x69, 0x4D, 0xD9, 0xCD, 0x54, 0x47, 0xBB, 0x15, 0x9C, 0x84, 0x71, 0x83, 0x6F, 0x21,
    0xF9, 0x5D, 0xD2, 0xAA, 0xD1, 0xA3, 0xF1, 0x1D, 0x5B, 0x8B, 0x71, 0xC7, 0xD4, 0x13, 0x74, 0xE1,
    0xAB, 0x63, 0x39, 0xBC, 0x9A, 0x6A, 0x25, 0x24, 0x73, 0xF7, 0x94, 0x1C, 0x92, 0x39, 0x25, 0xD9,
    0x8D, 0x7C, 0x48, 0x96, 0xA3, 0xDA, 0x7A, 0xFC, 0x67, 0x38, 0x1B, 0x81, 0xFF, 0x16, 0x25, 0x9F,
    0x2B, 0x39, 0xAA, 0xF2, 0x9D, 0x8B, 0x18, 0x74, 0x10, 0x58, 0xBC, 0x49, 0xBF, 0xC6, 0x07, 0x1F,
    0xC2, 0xC0, 0x22, 0x82, 0xAE, 0xE6, 0x9E, 0x8F, 0x6B, 0xDD, 0x36, 0xC7, 0xCF, 0xB5, 0xAB, 0x4B,
    0x91, 0x94, 0xA2, 0x13, 0x53, 0x01, 0x3D, 0x3B, 0x3B, 0x02, 0x8A, 0x2B, 0xD6, 0x14, 0x2B, 0x5E,
    0x98, 0x5A, 0x5B, 0xF7, 0xA0, 0x30, 0x72, 0x2E, 0xE8, 0x77, 0x29, 0x67, 0x1D, 0xE0, 0x6D, 0x6F,
    0x51, 0x99, 0xB4, 0x5A, 0x27, 0xB9, 0x18, 0xC9, 0x28, 0x4D, 0x12, 0x29, 0x49, 0xA4, 0xC7, 0x94,
    0xBE, 0xC3, 0xB5, 0xF8, 0xB2, 0xDB, 0xD9, 0x98, 0xF7, 0xA2, 0xCB, 0x02, 0x27, 0x79, 0x12, 0x4E,
    0x37, 0x63, 0x81, 0x59, 0x3A, 0xB6, 0x5D, 0x4C, 0xCD, 0xD8, 0x56, 0xD1, 0xB4, 0xC9, 0x38, 0x4F,
    0x93, 0x6C, 0x4E, 0x93, 0x5D, 0x5D, 0xAE, 0xC1, 0xBA, 0x36, 0x00, 0xFB, 0x10, 0x65, 0xE8, 0xB6,
    0x25, 0x76, 0x53, 0x82, 0x35, 0x3B, 0x24, 0xEB, 0x4D, 0x30, 0x51, 0x1B, 0xB3, 0xAC, 0x51, 0x17,
    0x47, 0x1D, 0x79, 0xD0, 0xDB, 0xC9, 0x8D, 0xA7, 0x8F, 0xC2, 0xB8, 0x43, 0xF9, 0xEB, 0xD3, 0xC7,
    0xC8, 0xDF, 0x12, 0x7A, 0x53, 0x58, 0x32, 0x3B, 0x7A, 0x48, 0xC5, 0x1C, 0xAA, 0x8D, 0x35, 0x9B,
    0xCE, 0x05, 0xDB, 0x39, 0x8B, 0x95, 0x4A, 0x8A, 0x54, 0xFA, 0x67, 0x64, 0xB9, 0x0F, 0x56, 0x5C,
    0x45, 0x9F, 0xCE, 0x88, 0x2C, 0x18, 0x42, 0xE5, 0x2E, 0xE3, 0x27, 0x2B, 0x4A, 0x79, 0x68, 0x45,
    0xDB, 0xC0, 0x86, 0xE1, 0x93, 0x23, 0x0B, 0x75, 0x85, 0x44, 0xC9, 0x80, 0x1C, 0x7C, 0x4D, 0x2B,
    0x76, 0xF7, 0xF2, 0x44, 0x93, 0xDF, 0x91, 0xC1, 0x4E, 0xEE, 0x1E, 0x05, 0x23, 0xEB, 0x9A, 0x00,
    0x39, 0x7C, 0x8A, 0xC6, 0x55, 0x68, 0xB5, 0x2A, 0x50, 0x1F, 0x17, 0x53, 0xCC, 0x7A, 0x8E, 0x75,
    0x82, 0x7D, 0x87, 0x2C, 0x56, 0x57, 0x5D, 0xCE, 0x81, 0xFD, 0xBD, 0x62, 0x48, 0xCE, 0x43, 0x55,
    0xE0, 0x54, 0xBC, 0x20, 0x83, 0xA7, 0xB8, 0x5B, 0x01, 0xAB, 0xC2, 0x5B, 0x80, 0xFB, 0x5F, 0x4A,
    0x6D, 0x92, 0x83, 0x69, 0x36, 0x9F, 0x17, 0x5E, 0x6A, 0x3B, 0x1F, 0x99, 0x9C, 0xAC, 0x36, 0xE3,
    0xBC, 0x4C, 0xEB, 0x7C, 0xE9, 0xB6, 0x9B, 0xCC, 0xF8, 0x54, 0x6E, 0x52, 0xFE, 0xA7, 0x79, 0x05,
    0x8A, 0x7E, 0xA8, 0x70, 0xCE, 0xBC, 0xC6, 0xCD, 0xAB, 0xD2, 0x94, 0xA9, 0x02, 0xAE, 0xCA, 0x5E,
    0x15, 0xDE, 0xDF, 0xAC, 0x9E, 0x9A, 0xEC, 0xB3, 0x28, 0x4A, 0xAA, 0xC3, 0x7A, 0x19, 0xD6, 0x69,
    0xAE, 0xC2, 0xFB, 0x4A, 0x6D, 0xB3, 0x0A, 0xCE, 0x62, 0xAB, 0x00, 0xD1, 0xD9, 0x14, 0xC8, 0x93,
    0x95, 0x80, 0xB2, 0x2E, 0x5A, 0xDA, 0x61, 0xE1, 0xE9, 0x0E, 0xFD, 0xA4, 0x93, 0x3A, 0xF3, 0xC9,
    0xDC, 0x26, 0x99, 0xEA, 0x8C, 0xA0, 0x9B, 0x49, 0x9F, 0xCA, 0xEA, 0x2F, 0x54, 0xF3, 0x55, 0xCC,
    0xD0, 0xEC, 0xB7, 0x5A, 0x32, 0xB9, 0x90, 0xB1, 0xFC, 0x65, 0x60, 0xFD, 0xD5, 0xFD, 0x2C, 0xC7,
    0x67, 0x5A, 0xA5, 0xD3, 0x74, 0x55, 0x6B, 0x10, 0xCB, 0x94, 0x26, 0x99, 0x16, 0xA8, 0xD1, 0xFA,
    0x53, 0x2F, 0x39, 0x5D, 0xF7, 0x32, 0x15, 0x2B, 0x91, 0xA8, 0xAA, 0x04, 0x2D, 0xBB, 0xB4, 0xB9,
    0x9D, 0x78, 0x33, 0x55, 0xC6, 0x06, 0x57, 0xB7, 0xD7, 0xA8, 0x7D, 0x99, 0xDA, 0x41, 0xE2, 0x7E,
    0x40, 0x26, 0xCF, 0xBE, 0x2B, 0x75, 0xE4, 0x6B, 0xAA, 0x1A, 0xEE, 0x69, 0x1A, 0x3D, 0x0D, 0x63,
    0x01, 0xA4, 0x5E, 0xA1, 0x23, 0xE2, 0xB0, 0x12, 0x47, 0xE5, 0x78, 0xA2, 0x18, 0x4F, 0x4C, 0x50,
    0x27, 0x2C, 0x54, 0xD9, 0x20, 0x39, 0xFB, 0xBF, 0xCC, 0x1C, 0xB7, 0x33, 0x85, 0xB0, 0x03, 0xD1,
    0x05, 0x44, 0xEF, 0xF1, 0xE8, 0x3D, 0x11, 0xDD, 0xE2, 0xE1, 0x05, 0x38, 0xF3, 0x1C, 0x06, 0xDF,
    0x08, 0xDE, 0x0D, 0x61, 0x65, 0xB1, 0x45, 0x4E, 0x57, 0x43, 0xB5, 0x07, 0x5A, 0x0D, 0xEF, 0x1D,
    0x14, 0xF0, 0x48, 0x94, 0x28, 0x98, 0xDB, 0xBC, 0x54, 0xD5, 0x0C, 0x69, 0x9B, 0x3A, 0x7A, 0xE1,
    0x57, 0x93, 0x57, 0x0F, 0xBC, 0x6D, 0xCA, 0xEC, 0x20, 0x36, 0x11, 0xF9, 0x38, 0xD2, 0x9B, 0x5D,
    0x93, 0xD3, 0x3E, 0x52, 0x9B, 0x4B, 0xEB, 0x0A, 0xF0, 0x3E, 0x99, 0x5C, 0xAB, 0x38, 0xA6, 0xEB,
    0x63, 0x86, 0x4E, 0xED, 0xE6, 0x5B, 0xE1, 0xBC, 0xA7, 0xC3, 0x79, 0x3B, 0xAF, 0x02, 0x33, 0x53,
    0xA3, 0xA2, 0xA1, 0xAB, 0x3C, 0x5D, 0x53, 0xED, 0xF9, 0x98, 0xB4, 0xE0, 0x2D, 0xF0, 0x71, 0x3E,
    0x5C, 0xE1, 0x33, 0xDE, 0x5B, 0x1A, 0xB4, 0xA0, 0x8A, 0x61, 0xDF, 0x68, 0x15, 0xC3, 0x6A, 0xBA,
    0x18, 0xC6, 0x9A, 0xC5, 0xB0, 0x96, 0x0E, 0x0D, 0x37, 0x55, 0xAD, 0x7D, 0xFE, 0x2C, 0x74, 0xC2,
    0x92, 0x11, 0xC6, 0xCF, 0x8E, 0x8B, 0x37, 0x7E, 0xC0, 0x30, 0x79, 0xC5, 0xA3, 0xD3, 0xEB, 0x37,
    0xA7, 0xD1, 0x10, 0x59, 0xA6, 0xA3, 0x6F, 0x6B, 0x79, 0xA5, 0x0B, 0xBF, 0x98, 0x3F, 0xF5, 0x54,
    0x74, 0xF0, 0x37, 0x23, 0x8B, 0xAF, 0x90, 0xFF, 0xF3, 0x79, 0x9D, 0x29, 0x5A, 0x59, 0x30, 0x93,
    0x15, 0xDE, 0x06, 0xD0, 0x24, 0x66, 0xA6, 0xF6, 0xDD, 0x8D, 0xB6, 0x43, 0xE5, 0xED, 0x0E, 0xA9,
    0x91, 0xB2, 0x70, 0xFF, 0xA3, 0x56, 0x40, 0x3B, 0xB2, 0x0C, 0x19, 0xA5, 0x65, 0x9E, 0xAA, 0x98,
    0xD7, 0x97, 0x0E, 0xE4, 0x53, 0xF6, 0xB0, 0x2E, 0xE6, 0xE5, 0x35, 0xF5, 0xA5, 0x1A, 0xDD, 0x5A,
    0xF9, 0xFF, 0x17, 0x10, 0xBC, 0x03, 0x9F, 0x7C, 0xF6, 0x3B, 0xC0, 0xB7, 0x55, 0xFE, 0xBF, 0xBA,
    0x6C, 0xC6, 0x9E, 0xE7, 0xFE, 0x2B, 0xEA, 0x5D, 0xC2, 0x32, 0x25, 0xA7, 0xEA, 0xCF, 0xB4, 0xA2,
    0x08, 0xA2, 0x81, 0x05, 0x0C, 0x30, 0x35, 0x93, 0xD5, 0x94, 0x38, 0x02, 0x23, 0x25, 0x54, 0x26,
    0x28, 0xB4, 0xFD, 0x92, 0x08, 0x7E, 0xCA, 0x07, 0x92, 0xC6, 0xA2, 0x2A, 0xB1, 0x11, 0xD1, 0xBE,
    0x57, 0xFA, 0x91, 0x34, 0x61, 0xD4, 0xA0, 0x7C, 0xEA, 0x20, 0xBF, 0x41, 0x28, 0xF6, 0xA6, 0x74,
    0x32, 0xA1, 0x08, 0x6E, 0x34, 0xB2, 0x28, 0x61, 0x33, 0x0E, 0x3E, 0x57, 0x37, 0x98, 0xD8, 0x84,
    0x55, 0xAC, 0x37, 0x7C, 0x38, 0x2B, 0xE6, 0xB5, 0x75, 0x7C, 0xEA, 0x43, 0x60, 0x07, 0x8A, 0xAC,
    0x1F, 0xA4, 0xF8, 0xAE, 0x1E, 0x7A, 0x95, 0x53, 0x18, 0xBD, 0x41, 0xED, 0x6C, 0xAD, 0x3F, 0xB8,
    0x4B, 0x2E, 0x5C, 0x30, 0x23, 0xCD, 0x8A, 0xB2, 0x89, 0x20, 0x30, 0x21, 0xDF, 0x91, 0xDA, 0x07,
    0x45, 0xB3, 0xA6, 0xE3, 0x8B, 0x60, 0x98, 0xBB, 0x63, 0x60, 0xB7, 0xE1, 0x0D, 0x29, 0x68, 0x09,
    0x4C, 0x91, 0x1C, 0x20, 0x05, 0x15, 0xA6, 0xC5, 0xED, 0x27, 0x60, 0x4C, 0x63, 0xB3, 0x22, 0x7B,
    0x0D, 0xCD, 0xC4, 0x3C, 0x9F, 0x49, 0x66, 0x9D, 0x72, 0x9A, 0x20, 0x40, 0x69, 0xE9, 0x20, 0x36,
    0x81, 0x69, 0x3D, 0x4F, 0x83, 0xE6, 0x79, 0xA8, 0x35, 0xCF, 0xB6, 0x30, 0xAD, 0xAA, 0x3B, 0xC2,
    0xA0, 0x79, 0x3E, 0xA9, 0xE6, 0xB9, 0x19, 0xF4, 0x2F, 0xE9, 0xA2, 0xAF, 0xB7, 0x1C, 0x51, 0xAD,
    0x5F, 0xBD, 0x2B, 0x2D, 0x07, 0x52, 0x9B, 0x19, 0x4B, 0x4D, 0xD9, 0xC2, 0x8A, 0x7B, 0x5D, 0xCF,
    0x58, 0x84, 0xC2, 0x96, 0x96, 0x84, 0xF4, 0x0B, 0x09, 0x3E, 0x04, 0x26, 0x1F, 0x82, 0x47, 0x59,
    0x8A, 0x5B, 0xF9, 0x2A, 0xDC, 0xF2, 0x69, 0xB8, 0xC5, 0x6B, 0x70, 0x3F, 0x7F, 0x08, 0xEE, 0x88,
    0x0D, 0x97, 0xD9, 0x38, 0xE1, 0x0D, 0xB5, 0x0A, 0x5A, 0x2D, 0x3B, 0xDF, 0xB8, 0x1E, 0xB9, 0x12,
    0x2F, 0xAE, 0xAB, 0x78, 0x56, 0x2F, 0xCC, 0x5F, 0xB6, 0xDE, 0x60, 0x7D, 0xD8, 0x7C, 0x83, 0x65,
    0xDE, 0xF7, 0x06, 0x8B, 0x6C, 0x2D, 0xEE, 0x9D, 0x5A, 0x5D, 0x3A, 0xCE, 0xB7, 0x4A, 0xC7, 0xC4,
    0xE3, 0x5B, 0x30, 0x3A, 0xB6, 0xC2, 0xC3, 0xCB, 0xAB, 0xEA, 0x56, 0x1B, 0x1E, 0xBB, 0x66, 0x04,
    0x76, 0x70, 0x89, 0xCF, 0x71, 0x81, 0x2F, 0x51, 0xEC, 0x4D, 0x5A, 0x6D, 0x1C, 0xFC, 0x39, 0xAC,
    0xC3, 0x1C, 0xBD, 0x87, 0xB5, 0x83, 0xEB, 0xDB, 0x69, 0xF1, 0xA3, 0x97, 0x86, 0x1A, 0x4A, 0x00,
    0x83, 0x17, 0xE6, 0x72, 0xBB, 0x09, 0x39, 0x9C, 0xAE, 0xF9, 0xF3, 0x94, 0x65, 0xE5, 0x43, 0x44,
    0xFB, 0x8C, 0x91, 0x6B, 0x0B, 0x4D, 0xA7, 0xE3, 0xC2, 0x9E, 0xBB, 0xEF, 0xF5, 0xED, 0x99, 0x65,
    0x4C, 0xE1, 0xD9, 0x5B, 0x2E, 0x5A, 0x51, 0x8E, 0x3C, 0x1D, 0xFC, 0x72, 0x18, 0x46, 0xC1, 0xBE,
    0x4B, 0x51, 0x56, 0x6B, 0xA3, 0x59, 0x76, 0xD5, 0xF1, 0xC9, 0x1D, 0xD0, 0x76, 0xAE, 0x30, 0x6D,
    0xB4, 0x91, 0x46, 0x48, 0x63, 0x23, 0x2D, 0x98, 0x72, 0xC0, 0xE6, 0xF6, 0x77, 0x9B, 0x4A, 0x5D,
    0xE9, 0x8B, 0x09, 0x80, 0x82, 0x7D, 0x17, 0xA3, 0x20, 0xCE, 0xB1, 0x2C, 0xAB, 0xB2, 0x8E, 0x28,
    0x49, 0x6C, 0x8D, 0x81, 0xAB, 0x4B, 0x7D, 0x6D, 0xD9, 0xD0, 0x34, 0x09, 0x34, 0xE8, 0xF2, 0x03,
    0xA2, 0x01, 0x6E, 0xE8, 0xBC, 0x67, 0xA3, 0x4A, 0xBA, 0xE2, 0x4C, 0x8C, 0xB7, 0xF2, 0xDE, 0x8E,
    0x2E, 0x54, 0x28, 0x03, 0x6F, 0x53, 0x7C, 0xDF, 0x7E, 0x16, 0xBB, 0xDE, 0x42, 0x5F, 0x5E, 0x19,
    0x86, 0xC9, 0x61, 0x92, 0x87, 0xF0, 0xEF, 0xBF, 0x7B, 0x74, 0x21, 0x1F, 0xA1, 0x44, 0x61, 0x01,
    0x37, 0x66, 0x69, 0x89, 0x1E, 0x65, 0x6F, 0xC1, 0xC4, 0x44, 0xAF, 0xCE, 0x56, 0x1B, 0x9B, 0xBF,
    0xEB, 0x43, 0x96, 0x2F, 0x6E, 0x58, 0xB5, 0xC3, 0x7B, 0x6A, 0xC1, 0x5B, 0x62, 0xF5, 0x94, 0xD6,
    0xD1, 0x0D, 0xB9, 0x99, 0xE4, 0x81, 0x1E, 0xC7, 0x9A, 0x37, 0x7A, 0xF1, 0xCA, 0x1B, 0xBD, 0xD5,
    0x25, 0x11, 0x16, 0xA9, 0xDD, 0xD3, 0x85, 0x11, 0x16, 0x39, 0x74, 0x34, 0x0B, 0x23, 0x6B, 0xEE,
    0x1E, 0x6D, 0xD4, 0xDA, 0xDD, 0x9D, 0x15, 0x54, 0x1E, 0x3D, 0xBF, 0x72, 0x9F, 0x7A, 0xFC, 0xBF,
    0xB6, 0x79, 0xFC, 0x3A, 0x0C, 0x56, 0x3D, 0x7E, 0x2D, 0x1B, 0x16, 0xAD, 0xDA, 0xE0, 0x0D, 0x5F,
    0x2D, 0x91, 0x6B, 0xD2, 0x1B, 0xDC, 0xB6, 0xA4, 0x4D, 0xB2, 0xDF, 0xD2, 0x0B, 0x43, 0xDA, 0xF7,
    0xFA, 0xBD, 0x75, 0xD3, 0xFE, 0x95, 0xBA, 0x69, 0x16, 0x65, 0x91, 0xD3, 0xA4, 0x79, 0x3C, 0xB7,
    0xCA, 0x42, 0xB6, 0xCA, 0x99, 0xA2, 0xAF, 0x6D, 0x5B, 0x66, 0xFE, 0x45, 0x18, 0xEF, 0xC0, 0xEA,
    0xDF, 0x1A, 0xF3, 0xC7, 0x15, 0x6A, 0x75, 0xED, 0x7C, 0x80, 0x99, 0x1B, 0x3F, 0xD2, 0xBA, 0xB6,
    0xD9, 0x5B, 0x4A, 0x35, 0xED, 0x5C, 0x73, 0xDA, 0xEB, 0xBD, 0xE1, 0x58, 0x03, 0x4E, 0x6D, 0xFE,
    0x21, 0x44, 0xEA, 0x10, 0xAE, 0x59, 0xD8, 0xC9, 0x52, 0xD4, 0xE5, 0xA4, 0x58, 0x50, 0x94, 0x27,
    0x97, 0xD1, 0xFF, 0x37, 0xA4, 0x2E, 0x57, 0x3C, 0xC8, 0x7B, 0x49, 0x6D, 0x38, 0x3C, 0x43, 0x8A,
    0xF5, 0x5E, 0x7D, 0x6C, 0x9E, 0x78, 0x0B, 0xE5, 0x81, 0xEC, 0x36, 0x19, 0xB8, 0x80, 0x34, 0xA4,
    0xC3, 0xB7, 0x10, 0x0D, 0xE7, 0x55, 0x40, 0xAC, 0x12, 0x82, 0xF5, 0x43, 0x61, 0x7A, 0x4C, 0x97,
    0xA0, 0x75, 0xAD, 0xE1, 0xB6, 0x6B, 0x49, 0xDC, 0xC7, 0x6D, 0x85, 0xC9, 0x43, 0x77, 0xEF, 0x79,
    0x1F, 0xF5, 0xFF, 0x95, 0x96, 0x31, 0x6C, 0x1C, 0x45, 0x14, 0x86, 0xBF, 0x99, 0xBD, 0xDC, 0xED,
    0x79, 0xBD, 0xBB, 0x16, 0x8A, 0x84, 0x41, 0x1B, 0xEC, 0xE2, 0x40, 0x27, 0x58, 0x85, 0x2B, 0xB6,
    0xB8, 0xC2, 0x8A, 0x86, 0x54, 0x49, 0x01, 0x72, 0x47, 0x01, 0x45, 0x14, 0x51, 0x45, 0x20, 0x5D,
    0xE1, 0x22, 0x85, 0x25, 0xAF, 0x50, 0x84, 0xD2, 0x44, 0x4A, 0x90, 0xA0, 0x44, 0x2E, 0x52, 0x20,
    0x57, 0x57, 0x5C, 0x91, 0xC2, 0x96, 0x56, 0x54, 0xD0, 0x5D, 0x11, 0xA8, 0x28, 0x4E, 0xC8, 0x05,
    0x05, 0x12, 0x29, 0x8C, 0xA0, 0x32, 0xBC, 0xD9, 0x3B, 0x13, 0x83, 0x77, 0xBD, 0x73, 0xBB, 0xA3,
    0xB3, 0x75, 0x3B, 0xF3, 0xDD, 0x3F, 0xEF, 0xFD, 0xEF, 0xCD, 0x72, 0x07, 0x26, 0xF0, 0x2B, 0xEA,
    0x63, 0xBC, 0x10, 0x1D, 0xB0, 0xF2, 0x11, 0xE1, 0x87, 0xF9, 0xBA, 0x2E, 0x7A, 0x6A, 0x7A, 0xD4,
    0x39, 0x41, 0xAE, 0x11, 0xC8, 0x34, 0xDE, 0x18, 0xF7, 0xFB, 0xA4, 0xED, 0xC3, 0x61, 0x3A, 0x48,
    0xB3, 0xAD, 0x77, 0xBF, 0x01, 0xAF, 0x50, 0xB9, 0x5D, 0xBE, 0x0A, 0x19, 0xAC, 0x95, 0xD3, 0x1A,
    0x68, 0xED, 0x7D, 0xF6, 0xB5, 0xA9, 0x82, 0x41, 0xCE, 0x5D, 0xA3, 0x7E, 0x46, 0xE1, 0x02, 0x82,
    0x15, 0xBC, 0xE7, 0xF8, 0x9B, 0x94, 0xD2, 0x10, 0x1C, 0x29, 0xED, 0x43, 0x86, 0x29, 0x83, 0x94,
    0x6C, 0x8B, 0x39, 0x74, 0x1D, 0xBA, 0x77, 0x70, 0xC6, 0x8E, 0xE8, 0x4C, 0x2D, 0xB3, 0x42, 0x9F,
    0x00, 0x64, 0xBB, 0x77, 0x9D, 0x59, 0x7D, 0xBA, 0x5E, 0x0D, 0x4B, 0x3D, 0x41, 0x7F, 0x6A, 0x11,
    0xCE, 0xBA, 0xE2, 0x13, 0xB6, 0xEB, 0x68, 0x6C, 0xC3, 0x5F, 0xE8, 0xDB, 0x6E, 0x61, 0x2B, 0xB3,
    0xA9, 0x4C, 0x1D, 0xAC, 0xCC, 0xA9, 0x5C, 0x7D, 0xD4, 0x1A, 0xEA, 0xB7, 0x12, 0xDE, 0x88, 0xDD,
    0x26, 0x5F, 0x1D, 0x74, 0xA6, 0xD5, 0x69, 0x85, 0x62, 0x09, 0x56, 0x1B, 0x6D, 0x6A, 0x59, 0xB2,
    0xB8, 0xB7, 0x8C, 0x2E, 0x74, 0x41, 0x1E, 0xD6, 0xD0, 0xE6, 0x49, 0xB0, 0x59, 0x75, 0xA5, 0xC5,
    0xC7, 0xAD, 0xB5, 0x4B, 0xF6, 0xA9, 0x6F, 0xD9, 0x3C, 0xB0, 0x44, 0x49, 0xD5, 0x49, 0xB3, 0x49,
    0xB8, 0x77, 0x40, 0xE4, 0x11, 0x69, 0x22, 0xEC, 0x88, 0xBF, 0x5D, 0xFC, 0x13, 0x61, 0x22, 0x95,
    0xEF, 0xFD, 0x5D, 0x66, 0x69, 0x6A, 0xAB, 0x46, 0x1E, 0x8E, 0xD3, 0x34, 0x4B, 0x6E, 0x1C, 0x65,
    0x52, 0x87, 0xA9, 0x1F, 0x94, 0x1B, 0x57, 0xB9, 0xDA, 0x47, 0x49, 0x55, 0xEC, 0x83, 0xA1, 0x99,
    0x66, 0x6C, 0x69, 0xDA, 0xDC, 0x5F, 0x84, 0xC9, 0xD5, 0xF9, 0x11, 0x7F, 0xD7, 0x81, 0x42, 0x7C,
    0x6B, 0xED, 0x45, 0x25, 0x43, 0x19, 0xBE, 0x46, 0xEF, 0x40, 0x0B, 0xA7, 0xAD, 0x9D, 0x2B, 0xEF,
    0x78, 0x4C, 0x2A, 0x25, 0x9D, 0x70, 0xE3, 0xC8, 0x36, 0x1A, 0x19, 0xA9, 0xCF, 0x5C, 0x98, 0x3C,
    0xF7, 0x1F, 0xBB, 0x63, 0x47, 0xBC, 0x5A, 0xFA, 0xBE, 0x42, 0x5F, 0x4B, 0x36, 0x09, 0x5F, 0x39,
    0xB3, 0xFA, 0xF8, 0x5E, 0x0D, 0x4B, 0x3F, 0xE0, 0xCA, 0x7D, 0x58, 0x42, 0xD7, 0xCB, 0xF2, 0xAE,
    0x50, 0xB6, 0x8D, 0x7E, 0x81, 0x5E, 0xC7, 0xDD, 0x11, 0x67, 0xE5, 0x5D, 0xED, 0x8B, 0xD7, 0x79,
    0xC5, 0xAC, 0xE0, 0x73, 0x2F, 0x8F, 0xF8, 0xFF, 0xBD, 0x97, 0xB7, 0x78, 0x47, 0x02, 0x21, 0x2D,
    0x9D, 0x5D, 0x12, 0xF9, 0x3B, 0xBF, 0x13, 0xF6, 0x4C, 0xF5, 0x7C, 0xFB, 0xFB, 0x5D, 0xD9, 0x65,
    0x62, 0x23, 0x78, 0x61, 0x0D, 0xF2, 0xE9, 0xA3, 0x4E, 0x45, 0x76, 0x91, 0x32, 0x1B, 0x32, 0x1E,
    0x32, 0x1A, 0xB2, 0x53, 0x7E, 0x8E, 0xE5, 0x9B, 0x48, 0x15, 0xDE, 0xEF, 0xA5, 0xC5, 0xB2, 0x32,
    0x9B, 0xC4, 0x93, 0x7E, 0x98, 0x45, 0x59, 0x20, 0x77, 0x94, 0x86, 0x81, 0x94, 0x92, 0xB2, 0x2D,
    0xE9, 0x19, 0xBC, 0x0F, 0x43, 0x3B, 0xC7, 0x89, 0x66, 0xF4, 0x58, 0xB2, 0x2D, 0xB6, 0xBE, 0xC8,
    0xB3, 0x11, 0x7A, 0xD3, 0x20, 0xAD, 0x57, 0xB9, 0xB1, 0xE4, 0x6A, 0x5B, 0x37, 0x76, 0xE7, 0x6E,
    0x9C, 0xD0, 0x0F, 0xC9, 0x22, 0xB2, 0xA0, 0x1C, 0x11, 0x69, 0xC8, 0x9C, 0xEB, 0xCB, 0xC4, 0x1E,
    0xCB, 0x90, 0x07, 0x72, 0xDE, 0x58, 0x6C, 0x85, 0x4A, 0xDB, 0x99, 0x0A, 0xDE, 0x5A, 0x46, 0xE8,
    0x6B, 0x72, 0xE4, 0x3C, 0xAF, 0xC1, 0x7D, 0x89, 0xFE, 0xCC, 0xB6, 0xCF, 0x65, 0xD4, 0x05, 0xC7,
    0x2D, 0xB1, 0x65, 0x0D, 0x50, 0xCE, 0xFB, 0x43, 0xD4, 0x17, 0x4B, 0x24, 0x57, 0x6C, 0x39, 0xEB,
    0xF6, 0x6A, 0x53, 0x7C, 0xC5, 0x9A, 0x85, 0xCD, 0x96, 0x3A, 0x0D, 0x23, 0xFD, 0x7D, 0xCA, 0xC9,
    0x65, 0xC0, 0xAB, 0x65, 0x13, 0xCD, 0x8D, 0x2C, 0x8D, 0x27, 0x45, 0x3F, 0xAA, 0x4E, 0x88, 0x34,
    0x1D, 0x66, 0xAE, 0x4C, 0xF9, 0x7D, 0xCF, 0x34, 0x33, 0xCF, 0x59, 0xD1, 0x4D, 0xAA, 0x41, 0xBC,
    0xB8, 0x50, 0xFB, 0xDE, 0xA5, 0x64, 0xA9, 0xCF, 0x5F, 0x50, 0xD7, 0xDD, 0xB0, 0x12, 0xC7, 0x87,
    0x5C, 0x9D, 0x34, 0xA9, 0xC5, 0x8D, 0xB6, 0xA8, 0xBE, 0xA6, 0x78, 0x16, 0xF6, 0x1D, 0xE8, 0xE0,
    0xE6, 0xD3, 0x6B, 0x14, 0xC9, 0x85, 0x21, 0x5F, 0x5A, 0xE0, 0x29, 0x8B, 0x23, 0xAE, 0x2C, 0x97,
    0xDD, 0x0D, 0x92, 0xE0, 0x3F, 0x23, 0x8C, 0x09, 0xFE, 0x2C, 0xEC, 0xB3, 0x99, 0x6D, 0x92, 0x48,
    0xAB, 0xBC, 0x6D, 0x5F, 0x38, 0x64, 0xBE, 0x13, 0xD9, 0x94, 0x7D, 0x35, 0xB3, 0xEF, 0x15, 0x0D,
    0xFC, 0x33, 0x47, 0x1D, 0xDC, 0x7C, 0x74, 0x8D, 0x1F, 0x12, 0x8E, 0x2F, 0xC3, 0x2E, 0x1C, 0x25,
    0xB6, 0xDE, 0xD9, 0xDD, 0x18, 0x24, 0xC1, 0xE3, 0x4A, 0xA6, 0x75, 0xD4, 0xD4, 0x95, 0x79, 0xE6,
    0xA8, 0x06, 0xE6, 0xB9, 0x08, 0xB8, 0x49, 0x7D, 0x19, 0x81, 0x26, 0x72, 0xE9, 0x28, 0x7D, 0xDD,
    0x0D, 0x2B, 0x05, 0xFF, 0x00, 0xFF, 0x7E, 0x23, 0xD3, 0x8D, 0xB6, 0x30, 0x40, 0x13, 0x6D, 0xEE,
    0x01, 0x53, 0xBE, 0xA7, 0x6C, 0xF2, 0xF6, 0xE7, 0x4F, 0x63, 0xA6, 0x1D, 0x53, 0x78, 0xDF, 0xC1,
    0x4F, 0xB6, 0xC3, 0xD8, 0x42, 0x9B, 0x1F, 0xFA, 0x43, 0xDB, 0x6A, 0xCE, 0x42, 0x6A, 0x97, 0x1E,
    0x6D, 0x98, 0xAD, 0x2E, 0xC9, 0x2A, 0xD1, 0x3A, 0x41, 0x0F, 0x6F, 0x84, 0x9E, 0x95, 0x16, 0x2D,
    0xEC, 0x9C, 0x00, 0x3E, 0xA1, 0x19, 0xB8, 0x30, 0x7F, 0xAF, 0x09, 0xF8, 0x01, 0x41, 0xD7, 0x02,
    0xCF, 0xDB, 0xB5, 0x19, 0xFE, 0x6F, 0xED, 0x17, 0xAE, 0x82, 0xAD, 0xC7, 0xFE, 0x30, 0x7A, 0xC3,
    0x49, 0x79, 0xF0, 0x10, 0xFF, 0x99, 0x2B, 0xF9, 0x1F, 0x6D, 0x54, 0xCF, 0x6B, 0xDC, 0x46, 0x14,
    0xFE, 0x34, 0xDA, 0xB5, 0x36, 0x96, 0xD2, 0xAA, 0xA0, 0x2D, 0xDB, 0xC6, 0x4E, 0x45, 0x51, 0x41,
    0x35, 0x8B, 0x33, 0x29, 0x8B, 0x59, 0x5C, 0xC1, 0x4E, 0x4B, 0xE9, 0xC9, 0x01, 0x1F, 0xAC, 0xD2,
    0x4B, 0x41, 0x6C, 0x7A, 0x48, 0x9C, 0x42, 0x14, 0xBA, 0x14, 0x93, 0x10, 0x7B, 0xBA, 0x87, 0x1A,
    0x83, 0x0F, 0x3A, 0xB4, 0xA5, 0x47, 0x41, 0x0F, 0x6D, 0x7D, 0xA9, 0x0E, 0x39, 0xB4, 0x3D, 0x38,
    0x83, 0x7D, 0x6A, 0xE8, 0x41, 0x34, 0xF4, 0x2E, 0x4A, 0xA1, 0xA7, 0x06, 0xFD, 0x01, 0xC1, 0xC9,
    0x8C, 0x56, 0xF5, 0xDA, 0xB1, 0xDF, 0x9B, 0x79, 0x7A, 0x3F, 0xF6, 0x7D, 0xFB, 0xE6, 0xCD, 0x93,
    0xB0, 0x3A, 0x25, 0xF8, 0xFE, 0x4D, 0xE7, 0x7F, 0x02, 0x9A, 0xB8, 0x85, 0x35, 0xAC, 0x9E, 0x61,
    0xC0, 0xC1, 0x32, 0x6B, 0x32, 0xED, 0x0C, 0xAF, 0x23, 0x84, 0xDA, 0x5B, 0x47, 0xED, 0x90, 0xB5,
    0x43, 0xB4, 0xC3, 0xF0, 0x8C, 0xD0, 0xAE, 0x9F, 0xA2, 0x57, 0x16, 0x7E, 0x6C, 0xAF, 0x0D, 0x9E,
    0x02, 0x0D, 0x8F, 0x06, 0x8E, 0x17, 0x58, 0x2E, 0xFA, 0x41, 0xCB, 0x85, 0x1F, 0xD0, 0x0E, 0x1A,
    0xB6, 0x97, 0x50, 0x11, 0x94, 0xCE, 0xAA, 0x97, 0x04, 0xA5, 0x45, 0x5D, 0x0E, 0xF4, 0x8B, 0xA0,
    0x6C, 0xB9, 0x4A, 0xF3, 0xD3, 0xA0, 0xA4, 0xA2, 0x13, 0x01, 0x1A, 0x74, 0xC9, 0x04, 0xF7, 0x32,
    0x1D, 0x86, 0x64, 0xBD, 0xB6, 0x89, 0x8C, 0x4C, 0x62, 0x93, 0x88, 0xF2, 0x18, 0xB5, 0xA5, 0xE2,
    0x4D, 0x0C, 0xD8, 0x16, 0x1F, 0xF0, 0xCB, 0x60, 0xD8, 0xC0, 0x16, 0xDF, 0x84, 0x04, 0x03, 0x02,
    0x0F, 0x8D, 0x20, 0xF0, 0x3A, 0x59, 0xDC, 0xCB, 0x46, 0x7D, 0xE9, 0xE8, 0x2B, 0xB1, 0x7E, 0x4E,
    0x2B, 0x54, 0x33, 0x16, 0xCE, 0x69, 0x84, 0xC6, 0x9C, 0xFD, 0xFD, 0xFD, 0xE3, 0x5E, 0x3A, 0x5F,
    0xF3, 0x9F, 0xA6, 0xC6, 0xAB, 0x64, 0xFD, 0x58, 0x7F, 0x9D, 0xD9, 0x40, 0x4F, 0x24, 0x00, 0x2D,
    0x04, 0x10, 0xFF, 0xCD, 0xA4, 0xF6, 0xD8, 0xD1, 0x58, 0xEF, 0xF7, 0xEF, 0x67, 0xE9, 0xEC, 0xCA,
    0x9F, 0xBB, 0x7D, 0x78, 0x07, 0x7F, 0xF8, 0xA0, 0x07, 0xBB, 0x3E, 0x92, 0xC7, 0xD7, 0x7A, 0x10,
    0xF7, 0x8C, 0x4C, 0x55, 0x89, 0x2A, 0xB7, 0xCE, 0xAE, 0xF3, 0x6B, 0x84, 0x1A, 0xC3, 0x41, 0x85,
    0xF2, 0x2F, 0x2A, 0x9C, 0x43, 0xA6, 0x90, 0xDE, 0x3E, 0xE4, 0x0A, 0x4B, 0x3D, 0x14, 0x9A, 0x74,
    0x2A, 0xBC, 0xBB, 0xA8, 0xC9, 0x8B, 0x23, 0xEE, 0xF1, 0x3B, 0x62, 0xC8, 0xC6, 0xF0, 0xBE, 0xC2,
    0x9D, 0x47, 0x18, 0xAE, 0x60, 0xDC, 0x42, 0x44, 0x3D, 0x67, 0xC8, 0xAF, 0x0A, 0x4F, 0x38, 0x6C,
    0xB8, 0x83, 0xAB, 0x8F, 0xE0, 0x1D, 0xC2, 0x79, 0x5F, 0x76, 0xF0, 0x65, 0x59, 0x87, 0xCB, 0x6D,
    0x46, 0x70, 0x11, 0x7D, 0x74, 0xA5, 0x24, 0x70, 0x31, 0x07, 0x13, 0x2F, 0x49, 0xE9, 0x02, 0x1D,
    0xF8, 0xDD, 0xB9, 0x59, 0xC4, 0xE4, 0x4B, 0x81, 0x1F, 0xE4, 0xE5, 0xCE, 0xDB, 0x77, 0x5B, 0xDA,
    0x01, 0x37, 0x90, 0xCE, 0x75, 0x7C, 0xBB, 0xDB, 0x88, 0xD2, 0x51, 0x41, 0x15, 0xA7, 0x34, 0x51,
    0x0C, 0x8C, 0x8A, 0x51, 0x01, 0x5C, 0x4A, 0x7B, 0xDD, 0x77, 0xAE, 0xE9, 0x9F, 0xE8, 0x9F, 0xE9,
    0x05, 0x91, 0xF0, 0x80, 0xCE, 0x75, 0x79, 0xED, 0xED, 0x70, 0x61, 0x8F, 0x41, 0xF3, 0xD0, 0x31,
    0x9E, 0xE5, 0xAA, 0xE6, 0x10, 0xE6, 0x5E, 0xE1, 0xA2, 0xA5, 0x74, 0x17, 0x14, 0x09, 0x04, 0x61,
    0x3A, 0x4C, 0x66, 0x09, 0x39, 0x3E, 0x34, 0xF1, 0xE4, 0x0C, 0xC8, 0x64, 0xB9, 0xBF, 0x18, 0x01,
    0xA6, 0x98, 0x3C, 0xA5, 0xAD, 0xBD, 0x37, 0x83, 0x37, 0x3F, 0xF8, 0xD0, 0x5E, 0xFC, 0xE5, 0xB7,
    0xE2, 0xD2, 0x3F, 0xB7, 0x93, 0xA5, 0x8F, 0xBF, 0x89, 0x09, 0x9B, 0x91, 0x37, 0xAA, 0x86, 0x42,
    0x4E, 0x39, 0x95, 0xF3, 0x20, 0x34, 0xAE, 0x63, 0x06, 0x96, 0x3C, 0x87, 0x32, 0xDB, 0x0F, 0x32,
    0x45, 0xBF, 0x56, 0x72, 0xB3, 0xFD, 0x86, 0xA9, 0xE8, 0x4A, 0x25, 0x6F, 0x2F, 0xF2, 0x4D, 0x16,
    0xC7, 0x79, 0xEE, 0xF6, 0x79, 0x8A, 0x1E, 0x0A, 0x64, 0x5A, 0x4E, 0x84, 0x29, 0x6B, 0xB7, 0xA0,
    0xB6, 0x22, 0xB3, 0x6A, 0xCD, 0x7C, 0xA5, 0x2F, 0xF2, 0x34, 0x8E, 0x4B, 0xB7, 0x9F, 0xA1, 0x97,
    0x22, 0x4B, 0x89, 0x48, 0x09, 0x22, 0x52, 0x0D, 0x95, 0x89, 0xD4, 0x44, 0x29, 0x95, 0x68, 0x93,
    0x8D, 0xF2, 0x9C, 0xF2, 0x8C, 0xA2, 0xA4, 0x5A, 0x4E, 0x4D, 0x46, 0x2D, 0xD0, 0x0A, 0x6B, 0x34,
    0x87, 0x51, 0x05, 0x64, 0x37, 0x06, 0x4F, 0x9B, 0x2B, 0x55, 0x89, 0x9E, 0x2C, 0x92, 0x22, 0x96,
    0x85, 0x26, 0xE0, 0xED, 0x35, 0xCC, 0x3F, 0x83, 0xF5, 0x90, 0x57, 0x8B, 0x59, 0x0F, 0x61, 0x25,
    0xE7, 0xAC, 0x1B, 0x9F, 0x2A, 0x90, 0x2B, 0x4F, 0xB0, 0xB5, 0x5B, 0xAF, 0xC1, 0x93, 0x7A, 0x1C,
    0x16, 0x8F, 0xA0, 0xB2, 0xAA, 0x5C, 0xA9, 0x63, 0xF2, 0xAA, 0x2D, 0x6F, 0x98, 0xF9, 0xF2, 0x86,
    0xAE, 0xDA, 0x9A, 0x55, 0xA3, 0x98, 0x95, 0xDC, 0x03, 0x39, 0xC2, 0x45, 0x4D, 0xA8, 0xBF, 0x3F,
    0x4D, 0x2E, 0xDC, 0x0E, 0x12, 0xE3, 0x67, 0xF6, 0x42, 0x36, 0x39, 0x85, 0xE4, 0xB2, 0x25, 0xA6,
    0x7C, 0x17, 0x8E, 0x8F, 0x31, 0xC4, 0xB6, 0xCC, 0xB8, 0xD0, 0x5C, 0xDA, 0x71, 0x37, 0xB4, 0x75,
    0x76, 0x39, 0x7C, 0x30, 0xB9, 0x63, 0x8D, 0xBD, 0xF6, 0xDD, 0x6C, 0xFA, 0xEE, 0x7F, 0x46, 0x3E,
    0x7F, 0x43, 0xE3, 0xEA, 0x75, 0x95, 0x53, 0x87, 0x0C, 0x55, 0x25, 0x5D, 0x69, 0xE1, 0xAD, 0x9D,
    0xE8, 0xF3, 0xDD, 0xF4, 0x7A, 0x47, 0x8C, 0x6D, 0x15, 0x27, 0x02, 0x5A, 0xF5, 0x6E, 0x64, 0x06,
    0x93, 0x4B, 0x41, 0x08, 0xE5, 0x9C, 0xD0, 0x49, 0xE7, 0x0B, 0x3F, 0x9B, 0x1C, 0x6E, 0xA2, 0x9C,
    0x4C, 0xB1, 0x35, 0x94, 0x06, 0x8B, 0x48, 0x6D, 0x9E, 0x42, 0xDB, 0x46, 0x34, 0x06, 0x38, 0x3E,
    0xFA, 0x4B, 0x2D, 0xA9, 0xA4, 0xDB, 0xCA, 0xA9, 0xA0, 0xEC, 0x32, 0xAA, 0xA0, 0x4E, 0x2E, 0xF9,
    0x09, 0x98, 0x7E, 0x72, 0x9D, 0x6F, 0xC7, 0x7B, 0x53, 0xE3, 0x7E, 0x30, 0xD5, 0xE1, 0x04, 0xF7,
    0xA7, 0x86, 0x1F, 0x4E, 0x23, 0xF6, 0x49, 0x80, 0xE7, 0xCD, 0x51, 0x4B, 0x4E, 0xC3, 0x30, 0x10,
    0x7D, 0x29, 0x71, 0x23, 0xA5, 0x1F, 0xB5, 0x28, 0x15, 0x50, 0x21, 0xBE, 0x0B, 0x4A, 0x37, 0xB8,
    0x55, 0x12, 0xA4, 0x6E, 0x78, 0x12, 0x17, 0x68, 0x51, 0xD8, 0x87, 0xAA, 0xEA, 0x82, 0x05, 0xEA,
    0xA2, 0x2B, 0x56, 0x3E, 0x42, 0x6E, 0xC1, 0x35, 0x46, 0xE2, 0x02, 0x91, 0xB8, 0x10, 0xE3, 0x08,
    0x36, 0x9C, 0x80, 0x79, 0x96, 0x3C, 0xCF, 0x33, 0x6F, 0x66, 0x6C, 0x1B, 0x2C, 0x64, 0x57, 0x7B,
    0x58, 0x99, 0x3A, 0x00, 0x16, 0x56, 0x6D, 0x13, 0x20, 0x62, 0x87, 0xD7, 0xFC, 0x70, 0x47, 0x8C,
    0xFC, 0xB9, 0xE6, 0x5D, 0x60, 0x41, 0xC8, 0xA0, 0xCE, 0x25, 0x44, 0x80, 0x13, 0xB1, 0x7C, 0xA7,
    0xEA, 0xEA, 0x5B, 0x09, 0x9A, 0x38, 0x24, 0xE0, 0x01, 0xDA, 0xE8, 0x2A, 0x33, 0xC8, 0xC4, 0xCA,
    0x1D, 0xA7, 0x5A, 0x3D, 0x13, 0xA3, 0x3C, 0x77, 0x3B, 0xF5, 0xC7, 0x9A, 0x75, 0xC3, 0xB0, 0xC9,
    0x30, 0x78, 0x73, 0x06, 0xDE, 0x7F, 0xD5, 0x0E, 0x23, 0xEA, 0x5E, 0x21, 0x3E, 0x4D, 0xD5, 0x26,
    0xBD, 0x00, 0x69, 0xB7, 0x1F, 0xC7, 0xFD, 0xDE, 0x44, 0xE3, 0x5A, 0xCB, 0x79, 0x6C, 0x4A, 0xF3,
    0x77, 0x5E, 0x9C, 0x61, 0x8C, 0xB8, 0xC1, 0x39, 0x7D, 0xD5, 0x5C, 0x86, 0xD2, 0x72, 0x2D, 0x1C,
    0xE3, 0x41, 0x7E, 0x79, 0x84, 0x96, 0xF6, 0xCD, 0x9D, 0x9F, 0xFB, 0xFF, 0xDC, 0x6B, 0x84, 0x2B,
    0xB6, 0xF9, 0xC2, 0x35, 0x13, 0x1A, 0xCC, 0xB9, 0x75, 0x25, 0x2C, 0xBD, 0x7E, 0xE6, 0x4A, 0x29,
    0xF5, 0xCE, 0x06, 0xCF, 0xCC, 0xD8, 0x43, 0x07, 0x97, 0x6E, 0xC5, 0x04, 0x87, 0x0C, 0xDC, 0xD6,
    0xAD, 0x39, 0xC2, 0x52, 0x3F, 0x6A, 0x86, 0x54, 0x67, 0xF1, 0x28, 0x96, 0x0D, 0xE7, 0x9C, 0x39,
    0xEE, 0x55, 0xAD, 0xDC, 0x36, 0x56, 0x0C, 0x43, 0xA4, 0x5F, 0xB0, 0x9F, 0x3F, 0xAB, 0x58, 0x71,
    0xE5, 0x55, 0xFE, 0x35, 0xAB, 0x62, 0xD9, 0xF8, 0x95, 0xAD, 0x52, 0xC9, 0x55, 0xBF, 0x41, 0xF2,
    0xB4, 0x8F, 0x1F, 0x93, 0xC1, 0xDE, 0x4B, 0x93, 0x6F, 0x55, 0x53, 0x41, 0x8B, 0x1C, 0x45, 0x14,
    0xFE, 0xBA, 0x7A, 0x9D, 0x6E, 0xEC, 0xA9, 0xEA, 0x3D, 0x2C, 0x6E, 0x24, 0x3D, 0xBD, 0xA3, 0xAC,
    0x38, 0xCC, 0xB6, 0x93, 0x56, 0xFB, 0xD0, 0xD1, 0x49, 0xB6, 0x88, 0x7F, 0xA0, 0x0F, 0x7A, 0x31,
    0x48, 0x42, 0x0E, 0xBA, 0xAC, 0x1B, 0xE9, 0xC1, 0x9C, 0x24, 0x66, 0x2A, 0xD9, 0x83, 0x4A, 0x10,
    0x46, 0x23, 0x7A, 0x6D, 0x65, 0x0F, 0x61, 0x10, 0x76, 0xC4, 0x51, 0x56, 0xD1, 0xD9, 0x32, 0x82,
    0x97, 0x80, 0xB4, 0xB2, 0x28, 0x5E, 0xC2, 0x20, 0x7A, 0xDA, 0xCB, 0x1C, 0x56, 0x18, 0x94, 0xEC,
    0xF8, 0xBA, 0x57, 0x31, 0x76, 0x7D, 0xEF, 0x31, 0xD3, 0x54, 0xBF, 0x7A, 0xDF, 0x57, 0xDF, 0xAB,
    0x64, 0x68, 0x44, 0x08, 0x81, 0xF4, 0x39, 0x99, 0x7E, 0xA6, 0xA3, 0x4C, 0xD6, 0x06, 0x30, 0xFE,
    0x00, 0x32, 0x42, 0x62, 0xFC, 0x99, 0x63, 0x1E, 0x78, 0x04, 0x6C, 0x06, 0x7E, 0x5D, 0x05, 0x6F,
    0x21, 0x7E, 0x13, 0xF1, 0x7B, 0x38, 0x79, 0x1E, 0xA7, 0xEA, 0x58, 0xAA, 0x4B, 0xE7, 0x2F, 0xC9,
    0xB6, 0x60, 0x48, 0x18, 0x23, 0x38, 0xA6, 0xF2, 0x98, 0x8C, 0x81, 0x93, 0xEF, 0xCB, 0xF8, 0x73,
    0x19, 0xA7, 0x20, 0x04, 0x29, 0xC4, 0x27, 0xCA, 0x3C, 0x04, 0x3D, 0xCD, 0x3E, 0xB7, 0x38, 0xE3,
    0xE0, 0x70, 0x6F, 0x0A, 0xF8, 0x89, 0x2F, 0x39, 0x56, 0x15, 0x3B, 0xE0, 0x9E, 0x67, 0x7B, 0xA8,
    0xE2, 0x44, 0xE6, 0xE0, 0x78, 0x52, 0x81, 0xB8, 0xFA, 0x54, 0xB9, 0x3F, 0xA1, 0xD0, 0x78, 0xFD,
    0xEE, 0x0C, 0xBE, 0xFB, 0x8C, 0xE4, 0x54, 0xBF, 0x5A, 0x84, 0x4B, 0xB1, 0x44, 0x67, 0xAD, 0x98,
    0xAA, 0xFB, 0xF2, 0x66, 0x8E, 0x1E, 0x6D, 0x53, 0xC0, 0xDA, 0xFD, 0xCA, 0x37, 0xE1, 0x32, 0x38,
    0xD7, 0xB0, 0xBB, 0x9F, 0xD9, 0xBF, 0x62, 0x34, 0xCB, 0xEC, 0xD3, 0xB0, 0x97, 0x60, 0xBB, 0xB8,
    0x62, 0x61, 0x3D, 0x43, 0xAD, 0x06, 0x2E, 0xC0, 0x5D, 0xCA, 0x21, 0xAF, 0x7D, 0xE1, 0x66, 0x43,
    0x8E, 0xF4, 0x08, 0x5D, 0x75, 0x8A, 0xEA, 0xAC, 0x6F, 0x01, 0x42, 0x50, 0x58, 0x45, 0x88, 0x81,
    0x70, 0x1A, 0xA1, 0x58, 0x0B, 0x20, 0x86, 0xAE, 0x12, 0x6D, 0x63, 0x22, 0x6A, 0x68, 0x08, 0x77,
    0xB9, 0xD1, 0xDD, 0xBC, 0x93, 0x95, 0x94, 0x54, 0xD2, 0x94, 0x0E, 0x06, 0x1C, 0x16, 0x26, 0x55,
    0x98, 0x57, 0x87, 0x36, 0xCC, 0x5B, 0x1B, 0x0B, 0x58, 0xD9, 0x1F, 0x8D, 0x14, 0x7E, 0xE4, 0xA4,
    0xEC, 0xEF, 0xE2, 0x3C, 0xB0, 0x63, 0x51, 0x9B, 0x97, 0x4D, 0x0D, 0xC4, 0x94, 0xBA, 0xD3, 0x20,
    0xE5, 0x41, 0xEA, 0x04, 0x9D, 0xDB, 0x25, 0xBE, 0x0B, 0x3A, 0xBA, 0xD1, 0xD1, 0x51, 0x67, 0x36,
    0xC6, 0x02, 0xE0, 0x03, 0xDB, 0x0A, 0x02, 0xCE, 0x1D, 0x04, 0x2D, 0x44, 0xE2, 0x3F, 0xB4, 0x7D,
    0xB8, 0xFB, 0x44, 0x16, 0x27, 0x66, 0x92, 0xB2, 0xB1, 0x63, 0x39, 0xC2, 0xE0, 0x68, 0x25, 0x35,
    0x5C, 0xE9, 0x71, 0xFA, 0xC4, 0x32, 0xD8, 0x5D, 0xA2, 0x71, 0x2D, 0x13, 0x4C, 0x13, 0x09, 0x51,
    0x85, 0x08, 0xB1, 0x3B, 0x53, 0xEE, 0x65, 0x08, 0x97, 0x28, 0x29, 0xC1, 0xF2, 0xAE, 0x1A, 0xAE,
    0xF7, 0x55, 0xF6, 0x83, 0x56, 0xB9, 0x46, 0x0E, 0x4C, 0x61, 0xE5, 0x98, 0x9B, 0xA2, 0x92, 0xE3,
    0x41, 0xFA, 0x9B, 0xC3, 0x9A, 0xA2, 0x7C, 0xEE, 0xA3, 0x13, 0x2E, 0x02, 0x73, 0x1D, 0x6A, 0x7B,
    0x4C, 0x7C, 0xF3, 0x10, 0x86, 0x0E, 0xC1, 0x54, 0x08, 0x53, 0x85, 0xD2, 0x94, 0xAF, 0x5E, 0x5A,
    0xC4, 0x2F, 0xDE, 0x75, 0xF6, 0xFD, 0xB1, 0xB5, 0xBE, 0xA0, 0x0D, 0x1E, 0x7D, 0xD4, 0xA0, 0x88,
    0x80, 0x16, 0x70, 0x41, 0xE2, 0x43, 0x89, 0x8F, 0x24, 0x3E, 0x05, 0x5E, 0x03, 0xDA, 0x30, 0x02,
    0x38, 0xA7, 0xB1, 0x78, 0x1B, 0x0F, 0xBD, 0x01, 0x98, 0x12, 0x9B, 0x12, 0x3F, 0xD3, 0xC5, 0x15,
    0xAA, 0x0B, 0x1F, 0xDB, 0xDB, 0x8A, 0x3A, 0x2E, 0x32, 0x19, 0x84, 0xDE, 0xE0, 0x1F, 0x74, 0x89,
    0xEF, 0x3C, 0x19, 0x4C, 0x3A, 0x0F, 0xE7, 0x5E, 0x5D, 0xB7, 0xEB, 0x88, 0x8F, 0xF0, 0xE8, 0x41,
    0x5C, 0xCF, 0x83, 0x7A, 0x2E, 0xEA, 0x39, 0x9B, 0x69, 0x2C, 0x97, 0x3D, 0x93, 0xD6, 0x13, 0x92,
    0x1B, 0x6C, 0x03, 0x8B, 0x17, 0x93, 0xB3, 0xE7, 0x92, 0xE7, 0xCF, 0x25, 0x2F, 0x9C, 0xED, 0x1D,
    0x33, 0xD5, 0x32, 0xD3, 0x5F, 0x3B, 0x13, 0x67, 0x8C, 0x38, 0xC0, 0x42, 0xB5, 0x68, 0xB6, 0x7F,
    0x08, 0x6B, 0x8C, 0xDD, 0x7E, 0xD1, 0x6F, 0x68, 0x23, 0x22, 0x01, 0x77, 0xCA, 0x22, 0xF5, 0xD2,
    0xCF, 0x4F, 0x2A, 0xEF, 0x09, 0x19, 0x87, 0xB8, 0x17, 0x41, 0x08, 0xF1, 0x78, 0xE9, 0xE7, 0xB0,
    0xD8, 0x68, 0x2F, 0xA3, 0x1A, 0x81, 0x47, 0xE8, 0x8E, 0x24, 0xFD, 0xF8, 0x1F, 0x62, 0x54, 0x5B,
    0xC5, 0x25, 0x39, 0xE3, 0x38, 0x08, 0xED, 0x88, 0x14, 0xA1, 0xB3, 0xBF, 0x02, 0x7F, 0xF1, 0xED,
    0x0F, 0x36, 0x9E, 0x1E, 0x2E, 0x92, 0xBB, 0xD7, 0xFB, 0xC4, 0xEE, 0xF0, 0xDD, 0x6F, 0xCF, 0xDC,
    0x62, 0xFA, 0xDF, 0xE5, 0xFC, 0xD6, 0xEC, 0x13, 0x83, 0x4B, 0xCD, 0x2F, 0x31, 0x78, 0x20, 0x6F,
    0x17, 0x2E, 0x20, 0xB1, 0x8D, 0x49, 0x53, 0x95, 0x72, 0xCC, 0xC3, 0x55, 0x78, 0xE5, 0x28, 0x8B,
    0xC2, 0xA6, 0xC2, 0x84, 0xA8, 0x60, 0xF5, 0x26, 0x1E, 0x03, 0x6E, 0x00, 0x2F, 0x8D, 0x70, 0xFC,
    0x8C, 0x66, 0xD0, 0xEC, 0x59, 0xCD, 0x46, 0xCA, 0x32, 0x50, 0xA1, 0x1E, 0xBE, 0x21, 0xCB, 0xC9,
    0xA3, 0x3B, 0x2D, 0xC6, 0xA5, 0x07, 0xB1, 0x8D, 0xF8, 0x86, 0x4A, 0xDF, 0xD1, 0x69, 0x2F, 0x1F,
    0xDC, 0x83, 0xE6, 0x56, 0x39, 0x20, 0x16, 0xB8, 0x09, 0xEE, 0xA0, 0xF5, 0x71, 0x71, 0xA8, 0x9F,
    0xC0, 0x97, 0x34, 0xB5, 0x34, 0xAC, 0x00, 0x95, 0xD9, 0x03, 0x79, 0xCC, 0xFB, 0x49, 0xC5, 0x7B,
    0x3A, 0xDA, 0x23, 0x3F, 0x14, 0xF2, 0xD1, 0xD8, 0x93, 0xA4, 0x96, 0x44, 0x77, 0xA6, 0x0C, 0xB9,
    0x32, 0xF6, 0x02, 0xAF, 0x46, 0x2B, 0x58, 0x3A, 0xF0, 0xB8, 0x27, 0x68, 0xF1, 0xD5, 0x29, 0x2B,
    0x06, 0x9A, 0x46, 0x29, 0x0E, 0x22, 0xA4, 0xB4, 0x22, 0xB4, 0xE7, 0xDC, 0x03, 0x2A, 0x4B, 0x76,
    0xFB, 0x1B, 0xB3, 0xFF, 0xC7, 0xC0, 0x00, 0x00, 0x63, 0x08, 0x48, 0x61, 0xAF, 0xEA, 0xE3, 0x15,
    0x76, 0xE0, 0x65, 0x76, 0xC8, 0x5F, 0xFF, 0x84, 0x87, 0xD9, 0x01, 0x19, 0x01, 0x05, 0xEB, 0xE3,
    0x1F, 0x30, 0xAE, 0x64, 0x60, 0xE7, 0x66, 0xE0, 0x65, 0x64, 0xE0, 0x65, 0x60, 0xC8, 0x5F, 0xED,
    0x80, 0x45, 0x8D, 0xFF, 0x05, 0x86, 0x54, 0xA0, 0x1A, 0x10, 0x1B, 0x64, 0xCE, 0x64, 0x1C, 0x6A,
    0x02, 0xB4, 0x1C, 0xD8, 0x2B, 0x0F, 0x1D, 0x00, 0xDA, 0xD6, 0x00, 0x14, 0x01, 0x9A, 0xF5, 0xEA,
    0x02, 0x50, 0x12, 0x03, 0x03, 0xE5, 0x2E, 0xD4, 0xC7, 0x3F, 0xFE, 0xC1, 0x10, 0x20, 0x09, 0x54,
    0x7F, 0xE9, 0x02, 0x50, 0x3D, 0x58, 0x2C, 0x7F, 0xF5, 0x13, 0xBC, 0xEA, 0x19, 0x27, 0x30, 0xF0,
    0xC9, 0x32, 0xF0, 0xF0, 0x31, 0xC8, 0x00, 0x91, 0xFE, 0x05, 0x19, 0x08, 0x03, 0x09, 0xED, 0x6F,
    0x9F, 0xC0, 0x00, 0x04, 0x92, 0x0C, 0x0C, 0x17, 0x0F, 0x30, 0x1E, 0xB8, 0x00, 0x44, 0x5A, 0x8F,
    0xFE, 0x1A, 0x24, 0x5C, 0x30, 0x61, 0xB8, 0xA0, 0xEF, 0x70, 0x81, 0xE9, 0xC1, 0x05, 0x81, 0x82,
    0x0B, 0x05, 0x06, 0x0F, 0xAC, 0x2E, 0xEC, 0x04, 0xAA, 0x02, 0x00, 0x63, 0x60, 0x00, 0x02, 0x76,
    0x07, 0x06, 0x06, 0xF9, 0x0B, 0x0C, 0x0C, 0x55, 0x5B, 0x18, 0x18, 0x0F, 0xF1, 0x32, 0xB0, 0xDF,
    0xF6, 0x76, 0x90, 0xFF, 0xEF, 0x7F, 0xC1, 0xFE, 0x9F, 0xFE, 0x07, 0xF9, 0x3F, 0xFF, 0x2F, 0xB0,
    0xFF, 0xFB, 0xEF, 0xC0, 0xF8, 0xF7, 0x2F, 0x03, 0x43, 0xC9, 0x16, 0x88, 0x3A, 0x90, 0x7A, 0x20,
    0x00, 0x00,
};

static const EpdGlyph notoserif_c15_regularGlyphs[] = {
    { 0, 0, 0, 0, 0, 0, 0 }, // U+0000
    { 0, 0, 62, 0, 0, 0, 0 }, // U+000D
    { 0, 0, 62, 0, 0, 0, 0 }, // U+0020
    { 3, 12, 80, 1, 11, 9, 0 }, // !
    { 6, 4, 98, 0, 11, 6, 9 }, // "
    { 9, 11, 134, 0, 11, 25, 15 }, // #
    { 8, 14, 134, 0, 12, 28, 40 }, // $
    { 13, 12, 215, 0, 11, 39, 68 }, // %
    { 11, 12, 178, 0, 11, 33, 107 }, // &
    { 3, 4, 53, 0, 11, 3, 140 }, // '
    { 5, 14, 83, 0, 12, 18, 143 }, // (
    { 5, 14, 83, 0, 12, 18, 161 }, // )
    { 7, 7, 120, 0, 12, 13, 179 }, // *
    { 8, 7, 134, 0, 9, 14, 192 }, // +
    { 3, 5, 60, 0, 2, 4, 206 }, // ,
    { 5, 2, 74, 0, 5, 3, 210 }, // -
    { 3, 3, 60, 0, 2, 3, 213 }, // .
    { 5, 14, 69, 0, 12, 18, 216 }, // /
    { 8, 12, 139, 0, 11, 24, 234 }, // 0
    { 7, 11, 110, 0, 11, 20, 258 }, // 1
    { 7, 11, 119, 0, 11, 20, 278 }, // 2
    { 8, 12, 123, 0, 11, 24, 298 }, // 3
    { 9, 11, 132, 0, 11, 25, 322 }, // 4
    { 8, 12, 123, 0, 11, 24, 347 }, // 5
    { 8, 12, 132, 0, 11, 24, 371 }, // 6
    { 8, 11, 123, 0, 11, 22, 395 }, // 7
    { 8, 12, 134, 0, 11, 24, 417 }, // 8
    { 8, 12, 132, 0, 11, 24, 441 }, // 9
    { 3, 10, 69, 1, 9, 8, 465 }, // :
    { 4, 12, 69, 0, 9, 12, 473 }, // ;
    { 8, 9, 134, 0, 10, 18, 485 }, // <
    { 8, 5, 134, 0, 8, 10, 503 }, // =
    { 8, 9, 134, 0, 10, 18, 513 }, // >
    { 7, 12, 114, 0, 11, 21, 531 }, // ?
    { 14, 14, 221, 0, 11, 49, 552 }, // @
    { 11, 11, 169, 0, 11, 31, 601 }, // A
    { 9, 11, 157, 0, 11, 25, 632 }, // B
    { 9, 12, 147, 0, 11, 27, 657 }, // C
    { 11, 11, 174, 0, 11, 31, 684 }, // D
    { 9, 11, 150, 0, 11, 25, 715 }, // E
    { 9, 11, 142, 0, 11, 25, 740 }, // F
    { 11, 12, 171, 0, 11, 33, 765 }, // G
    { 12, 11, 190, 0, 11, 33, 798 }, // H
    { 5, 11, 88, 0, 11, 14, 831 }, // I
    { 6, 15, 86, -1, 11, 23, 845 }, // J
    { 11, 11, 168, 0, 11, 31, 868 }, // K
    { 9, 11, 150, 0, 11, 25, 899 }, // L
    { 14, 11, 225, 0, 11, 39, 924 }, // M
    { 12, 11, 183, 0, 11, 33, 963 }, // N
    { 11, 12, 178, 0, 11, 33, 996 }, // O
    { 9, 11, 145, 0, 11, 25, 1029 }, // P
    { 11, 15, 178, 0, 11, 42, 1054 }, // Q
    { 10, 11, 157, 0, 11, 28, 1096 }, // R
    { 8, 12, 131, 0, 11, 24, 1124 }, // S
    { 9, 11, 147, 0, 11, 25, 1148 }, // T
    { 11, 12, 172, 0, 11, 33, 1173 }, // U
    { 11, 11, 162, 0, 11, 31, 1206 }, // V
    { 16, 11, 251, 0, 11, 44, 1237 }, // W
    { 10, 11, 158, 0, 11, 28, 1281 }, // X
    { 11, 11, 150, -1, 11, 31, 1309 }, // Y
    { 9, 11, 142, 0, 11, 25, 1340 }, // Z
    { 4, 14, 86, 1, 12, 14, 1365 }, // [
    { 5, 14, 69, 0, 12, 18, 1379 }, // <backslash>
    { 4, 14, 86, 0, 12, 14, 1397 }, // ]
    { 8, 8, 134, 0, 11, 16, 1411 }, // ^
    { 8, 2, 110, -1, -1, 4, 1427 }, // _
    { 4, 3, 66, 0, 12, 3, 1431 }, // `
    { 8, 10, 135, 0, 9, 20, 1434 }, // a
    { 9, 13, 147, 0, 12, 30, 1454 }, // b
    { 7, 10, 118, 0, 9, 18, 1484 }, // c
    { 9, 13, 147, 0, 12, 30, 1502 }, // d
    { 8, 10, 128, 0, 9, 20, 1532 }, // e
    { 7, 12, 89, 0, 12, 21, 1552 }, // f
    { 8, 13, 129, 0, 9, 26, 1573 }, // g
    { 10, 12, 152, 0, 12, 30, 1599 }, // h
    { 5, 12, 77, 0, 12, 15, 1629 }, // i
    { 5, 16, 72, -1, 12, 20, 1644 }, // j
    { 9, 12, 140, 0, 12, 27, 1664 }, // k
    { 5, 12, 74, 0, 12, 15, 1691 }, // l
    { 14, 9, 227, 0, 9, 32, 1706 }, // m
    { 10, 9, 155, 0, 9, 23, 1738 }, // n
    { 8, 10, 138, 0, 9, 20, 1761 }, // o
    { 9, 13, 147, 0, 9, 30, 1781 }, // p
    { 9, 13, 147, 0, 9, 30, 1811 }, // q
    { 7, 9, 113, 0, 9, 16, 1841 }, // r
    { 7, 10, 108, 0, 9, 18, 1857 }, // s
    { 5, 11, 84, 0, 10, 14, 1875 }, // t
    { 10, 10, 152, 0, 9, 25, 1889 }, // u
    { 9, 9, 139, 0, 9, 21, 1914 }, // v
    { 13, 9, 207, 0, 9, 30, 1935 }, // w
    { 9, 9, 139, 0, 9, 21, 1965 }, // x
    { 9, 13, 136, 0, 9, 30, 1986 }, // y
    { 7, 9, 123, 0, 9, 16, 2016 }, // z
    { 6, 14, 103, 0, 12, 21, 2032 }, // {
    { 2, 16, 134, 3, 12, 8, 2053 }, // |
    { 6, 14, 103, 0, 12, 21, 2061 }, // }
    { 8, 3, 134, 0, 7, 6, 2082 }, // ~
    { 0, 0, 62, 0, 0, 0, 0 }, // U+00A0
    { 3, 12, 80, 1, 9, 9, 0 }, // U+00A1
    { 7, 11, 134, 1, 11, 20, 9 }, // U+00A2
    { 8, 12, 134, 0, 11, 24, 29 }, // U+00A3
    { 8, 7, 134, 0, 9, 14, 53 }, // U+00A4
    { 9, 11, 134, 0, 11, 25, 67 }, // U+00A5
    { 2, 16, 134, 3, 12, 8, 92 }, // U+00A6
    { 7, 14, 131, 1, 12, 25, 100 }, // U+00A7
    { 5, 3, 138, 2, 12, 4, 125 }, // U+00A8
    { 12, 12, 203, 0, 11, 36, 129 }, // U+00A9
    { 6, 6, 92, 0, 11, 9, 165 }, // U+00AA
    { 7, 6, 123, 0, 7, 11, 174 }, // U+00AB
    { 8, 5, 134, 0, 6, 10, 185 }, // U+00AC
    { 5, 2, 74, 0, 5, 3, 195 }, // U+00AD
    { 12, 12, 203, 0, 11, 36, 198 }, // U+00AE
    { 8, 2, 110, -1, 13, 4, 234 }, // U+00AF
    { 6, 5, 96, 0, 11, 8, 238 }, // U+00B0
    { 8, 9, 134, 0, 9, 18, 246 }, // U+00B1
    { 6, 8, 96, 0, 13, 12, 264 }, // U+00B2
    { 6, 8, 96, 0, 13, 12, 276 }, // U+00B3
    { 4, 3, 66, 0, 12, 3, 288 }, // U+00B4
    { 8, 13, 148, 1, 9, 26, 291 }, // U+00B5
    { 9, 14, 148, 0, 12, 32, 317 }, // U+00B6
    { 3, 3, 60, 0, 7, 3, 349 }, // U+00B7
    { 5, 5, 80, 0, 1, 7, 352 }, // U+00B8
    { 6, 8, 96, 0, 13, 12, 359 }, // U+00B9
    { 6, 6, 95, 0, 11, 9, 371 }, // U+00BA
    { 7, 6, 123, 0, 7, 11, 380 }, // U+00BB
    { 13, 13, 202, 0, 12, 43, 391 }, // U+00BC
    { 13, 13, 202, 0, 12, 43, 434 }, // U+00BD
    { 13, 13, 202, 0, 12, 43, 477 }, // U+00BE
    { 7, 12, 114, 0, 9, 21, 520 }, // U+00BF
    { 11, 14, 169, 0, 14, 39, 541 }, // U+00C0
    { 11, 14, 169, 0, 14, 39, 580 }, // U+00C1
    { 11, 14, 169, 0, 14, 39, 619 }, // U+00C2
    { 11, 14, 169, 0, 14, 39, 658 }, // U+00C3
    { 11, 14, 169, 0, 14, 39, 697 }, // U+00C4
    { 11, 14, 169, 0, 14, 39, 736 }, // U+00C5
    { 14, 11, 228, 0, 11, 39, 775 }, // U+00C6
    { 9, 15, 147, 0, 11, 34, 814 }, // U+00C7
    { 9, 14, 150, 0, 14, 32, 848 }, // U+00C8
    { 9, 14, 150, 0, 14, 32, 880 }, // U+00C9
    { 9, 14, 150, 0, 14, 32, 912 }, // U+00CA
    { 9, 14, 150, 0, 14, 32, 944 }, // U+00CB
    { 5, 14, 88, 0, 14, 18, 976 }, // U+00CC
    { 5, 14, 88, 0, 14, 18, 994 }, // U+00CD
    { 5, 14, 88, 0, 14, 18, 1012 }, // U+00CE
    { 5, 14, 88, 0, 14, 18, 1030 }, // U+00CF
    { 11, 11, 174, 0, 11, 31, 1048 }, // U+00D0
    { 12, 14, 183, 0, 14, 42, 1079 }, // U+00D1
    { 11, 15, 178, 0, 14, 42, 1121 }, // U+00D2
    { 11, 15, 178, 0, 14, 42, 1163 }, // U+00D3
    { 11, 15, 178, 0, 14, 42, 1205 }, // U+00D4
    { 11, 15, 178, 0, 14, 42, 1247 }, // U+00D5
    { 11, 15, 178, 0, 14, 42, 1289 }, // U+00D6
    { 7, 7, 134, 1, 9, 13, 1331 }, // U+00D7
    { 11, 13, 178, 0, 12, 36, 1344 }, // U+00D8
    { 11, 15, 172, 0, 14, 42, 1380 }, // U+00D9
    { 11, 15, 172, 0, 14, 42, 1422 }, // U+00DA
    { 11, 15, 172, 0, 14, 42, 1464 }, // U+00DB
    { 11, 15, 172, 0, 14, 42, 1506 }, // U+00DC
    { 11, 14, 150, -1, 14, 39, 1548 }, // U+00DD
    { 9, 11, 145, 0, 11, 25, 1587 }, // U+00DE
    { 10, 13, 155, 0, 12, 33, 1612 }, // U+00DF
    { 8, 13, 135, 0, 12, 26, 1645 }, // U+00E0
    { 8, 13, 135, 0, 12, 26, 1671 }, // U+00E1
    { 8, 13, 135, 0, 12, 26, 1697 }, // U+00E2
    { 8, 13, 135, 0, 12, 26, 1723 }, // U+00E3
    { 8, 13, 135, 0, 12, 26, 1749 }, // U+00E4
    { 8, 14, 135, 0, 13, 28, 1775 }, // U+00E5
    { 12, 10, 202, 0, 9, 30, 1803 }, // U+00E6
    { 7, 13, 118, 0, 9, 23, 1833 }, // U+00E7
    { 8, 13, 128, 0, 12, 26, 1856 }, // U+00E8
    { 8, 13, 128, 0, 12, 26, 1882 }, // U+00E9
    { 8, 13, 128, 0, 12, 26, 1908 }, // U+00EA
    { 8, 13, 128, 0, 12, 26, 1934 }, // U+00EB
    { 5, 12, 77, 0, 12, 15, 1960 }, // U+00EC
    { 5, 12, 77, 0, 12, 15, 1975 }, // U+00ED
    { 5, 12, 77, 0, 12, 15, 1990 }, // U+00EE
    { 5, 12, 77, 0, 12, 15, 2005 }, // U+00EF
    { 8, 13, 138, 0, 12, 26, 2020 }, // U+00F0
    { 10, 12, 155, 0, 12, 30, 2046 }, // U+00F1
    { 8, 13, 138, 0, 12, 26, 2076 }, // U+00F2
    { 8, 13, 138, 0, 12, 26, 2102 }, // U+00F3
    { 8, 13, 138, 0, 12, 26, 2128 }, // U+00F4
    { 8, 13, 138, 0, 12, 26, 2154 }, // U+00F5
    { 8, 13, 138, 0, 12, 26, 2180 }, // U+00F6
    { 8, 9, 134, 0, 10, 18, 2206 }, // U+00F7
    { 8, 10, 138, 0, 9, 20, 2224 }, // U+00F8
    { 10, 13, 152, 0, 12, 33, 2244 }, // U+00F9
    { 10, 13, 152, 0, 12, 33, 2277 }, // U+00FA
    { 10, 13, 152, 0, 12, 33, 2310 }, // U+00FB
    { 10, 13, 152, 0, 12, 33, 2343 }, // U+00FC
    { 9, 16, 136, 0, 12, 36, 2376 }, // U+00FD
    { 9, 16, 147, 0, 12, 36, 2412 }, // U+00FE
    { 9, 16, 136, 0, 12, 36, 2448 }, // U+00FF
    { 11, 13, 169, 0, 13, 36, 0 }, // U+0100
    { 8, 12, 135, 0, 11, 24, 36 }, // U+0101
    { 11, 14, 169, 0, 14, 39, 60 }, // U+0102
    { 8, 13, 135, 0, 12, 26, 99 }, // U+0103
    { 11, 15, 169, 0, 11, 42, 125 }, // U+0104
    { 8, 13, 135, 0, 9, 26, 167 }, // U+0105
    { 9, 15, 147, 0, 14, 34, 193 }, // U+0106
    { 7, 13, 118, 0, 12, 23, 227 }, // U+0107
    { 9, 15, 147, 0, 14, 34, 250 }, // U+0108
    { 7, 13, 118, 0, 12, 23, 284 }, // U+0109
    { 9, 15, 147, 0, 14, 34, 307 }, // U+010A
    { 7, 13, 118, 0, 12, 23, 341 }, // U+010B
    { 9, 15, 147, 0, 14, 34, 364 }, // U+010C
    { 7, 13, 118, 0, 12, 23, 398 }, // U+010D
    { 11, 14, 174, 0, 14, 39, 421 }, // U+010E
    { 11, 13, 147, 0, 12, 36, 460 }, // U+010F
    { 11, 11, 174, 0, 11, 31, 496 }, // U+0110
    { 9, 13, 147, 0, 12, 30, 527 }, // U+0111
    { 9, 13, 150, 0, 13, 30, 557 }, // U+0112
    { 8, 12, 128, 0, 11, 24, 587 }, // U+0113
    { 9, 14, 150, 0, 14, 32, 611 }, // U+0114
    { 8, 13, 128, 0, 12, 26, 643 }, // U+0115
    { 9, 14, 150, 0, 14, 32, 669 }, // U+0116
    { 8, 13, 128, 0, 12, 26, 701 }, // U+0117
    { 9, 15, 150, 0, 11, 34, 727 }, // U+0118
    { 8, 13, 128, 0, 9, 26, 761 }, // U+0119
    { 9, 14, 150, 0, 14, 32, 787 }, // U+011A
    { 8, 13, 128, 0, 12, 26, 819 }, // U+011B
    { 11, 15, 171, 0, 14, 42, 845 }, // U+011C
    { 8, 16, 129, 0, 12, 32, 887 }, // U+011D
    { 11, 15, 171, 0, 14, 42, 919 }, // U+011E
    { 8, 16, 129, 0, 12, 32, 961 }, // U+011F
    { 11, 15, 171, 0, 14, 42, 993 }, // U+0120
    { 8, 16, 129, 0, 12, 32, 1035 }, // U+0121
    { 11, 15, 171, 0, 11, 42, 1067 }, // U+0122
    { 8, 16, 129, 0, 12, 32, 1109 }, // U+0123
    { 12, 14, 190, 0, 14, 42, 1141 }, // U+0124
    { 10, 15, 152, 0, 15, 38, 1183 }, // U+0125
    { 12, 11, 190, 0, 11, 33, 1221 }, // U+0126
    { 10, 12, 152, 0, 12, 30, 1254 }, // U+0127
    { 6, 14, 88, 0, 14, 21, 1284 }, // U+0128
    { 6, 12, 77, -1, 12, 18, 1305 }, // U+0129
    { 5, 13, 88, 0, 13, 17, 1323 }, // U+012A
    { 5, 11, 77, 0, 11, 14, 1340 }, // U+012B
    { 5, 14, 88, 0, 14, 18, 1354 }, // U+012C
    { 5, 12, 77, 0, 12, 15, 1372 }, // U+012D
    { 5, 15, 88, 0, 11, 19, 1387 }, // U+012E
    { 5, 16, 77, 0, 12, 20, 1406 }, // U+012F
    { 5, 14, 88, 0, 14, 18, 1426 }, // U+0130
    { 5, 9, 77, 0, 9, 12, 1444 }, // U+0131
    { 11, 15, 167, 0, 11, 42, 1456 }, // U+0132
    { 8, 16, 149, 0, 12, 32, 1498 }, // U+0133
    { 6, 18, 86, -1, 14, 27, 1530 }, // U+0134
    { 6, 16, 72, -1, 12, 24, 1557 }, // U+0135
    { 11, 15, 168, 0, 11, 42, 1581 }, // U+0136
    { 9, 16, 140, 0, 12, 36, 1623 }, // U+0137
    { 9, 9, 140, 0, 9, 21, 1659 }, // U+0138
    { 9, 14, 150, 0, 14, 32, 1680 }, // U+0139
    { 5, 15, 74, 0, 15, 19, 1712 }, // U+013A
    { 9, 15, 150, 0, 11, 34, 1731 }, // U+013B
    { 5, 16, 74, 0, 12, 20, 1765 }, // U+013C
    { 9, 11, 150, 0, 11, 25, 1785 }, // U+013D
    { 6, 12, 74, 0, 12, 18, 1810 }, // U+013E
    { 9, 11, 150, 0, 11, 25, 1828 }, // U+013F
    { 6, 12, 89, 0, 12, 18, 1853 }, // U+0140
    { 9, 11, 150, 0, 11, 25, 1871 }, // U+0141
    { 5, 12, 78, 0, 12, 15, 1896 }, // U+0142
    { 12, 14, 183, 0, 14, 42, 1911 }, // U+0143
    { 10, 12, 155, 0, 12, 30, 1953 }, // U+0144
    { 12, 15, 183, 0, 11, 45, 1983 }, // U+0145
    { 10, 13, 155, 0, 9, 33, 2028 }, // U+0146
    { 12, 14, 183, 0, 14, 42, 2061 }, // U+0147
    { 10, 12, 155, 0, 12, 30, 2103 }, // U+0148
    { 12, 11, 187, 0, 11, 33, 2133 }, // U+0149
    { 12, 15, 183, 0, 11, 45, 2166 }, // U+014A
    { 9, 13, 152, 0, 9, 30, 2211 }, // U+014B
    { 11, 14, 178, 0, 13, 39, 2241 }, // U+014C
    { 8, 12, 138, 0, 11, 24, 2280 }, // U+014D
    { 11, 15, 178, 0, 14, 42, 2304 }, // U+014E
    { 8, 13, 138, 0, 12, 26, 2346 }, // U+014F
    { 11, 15, 178, 0, 14, 42, 2372 }, // U+0150
    { 8, 13, 138, 0, 12, 26, 2414 }, // U+0151
    { 14, 12, 230, 0, 11, 42, 2440 }, // U+0152
    { 13, 10, 217, 0, 9, 33, 2482 }, // U+0153
    { 10, 14, 157, 0, 14, 35, 2515 }, // U+0154
    { 7, 12, 113, 0, 12, 21, 2550 }, // U+0155
    { 10, 15, 157, 0, 11, 38, 2571 }, // U+0156
    { 7, 13, 113, 0, 9, 23, 2609 }, // U+0157
    { 10, 14, 157, 0, 14, 35, 2632 }, // U+0158
    { 7, 12, 113, 0, 12, 21, 2667 }, // U+0159
    { 8, 15, 131, 0, 14, 30, 2688 }, // U+015A
    { 7, 13, 108, 0, 12, 23, 2718 }, // U+015B
    { 8, 15, 131, 0, 14, 30, 2741 }, // U+015C
    { 7, 13, 108, 0, 12, 23, 2771 }, // U+015D
    { 8, 15, 131, 0, 11, 30, 2794 }, // U+015E
    { 7, 13, 108, 0, 9, 23, 2824 }, // U+015F
    { 8, 15, 131, 0, 14, 30, 2847 }, // U+0160
    { 7, 13, 108, 0, 12, 23, 2877 }, // U+0161
    { 9, 15, 147, 0, 11, 34, 2900 }, // U+0162
    { 5, 14, 84, 0, 10, 18, 2934 }, // U+0163
    { 9, 14, 147, 0, 14, 32, 2952 }, // U+0164
    { 6, 13, 84, 0, 12, 20, 2984 }, // U+0165
    { 9, 11, 147, 0, 11, 25, 3004 }, // U+0166
    { 5, 11, 84, 0, 10, 14, 3029 }, // U+0167
    { 11, 15, 172, 0, 14, 42, 3043 }, // U+0168
    { 10, 13, 152, 0, 12, 33, 3085 }, // U+0169
    { 11, 14, 172, 0, 13, 39, 3118 }, // U+016A
    { 10, 12, 152, 0, 11, 30, 3157 }, // U+016B
    { 11, 15, 172, 0, 14, 42, 3187 }, // U+016C
    { 10, 13, 152, 0, 12, 33, 3229 }, // U+016D
    { 11, 16, 172, 0, 15, 44, 3262 }, // U+016E
    { 10, 14, 152, 0, 13, 35, 3306 }, // U+016F
    { 11, 15, 172, 0, 14, 42, 3341 }, // U+0170
    { 10, 13, 152, 0, 12, 33, 3383 }, // U+0171
    { 11, 15, 174, 0, 11, 42, 3416 }, // U+0172
    { 10, 13, 152, 0, 9, 33, 3458 }, // U+0173
    { 16, 14, 251, 0, 14, 56, 3491 }, // U+0174
    { 13, 12, 207, 0, 12, 39, 3547 }, // U+0175
    { 11, 14, 150, -1, 14, 39, 3586 }, // U+0176
    { 9, 16, 136, 0, 12, 36, 3625 }, // U+0177
    { 11, 14, 150, -1, 14, 39, 3661 }, // U+0178
    { 9, 14, 142, 0, 14, 32, 3700 }, // U+0179
    { 7, 12, 123, 0, 12, 21, 3732 }, // U+017A
    { 9, 14, 142, 0, 14, 32, 3753 }, // U+017B
    { 7, 12, 123, 0, 12, 21, 3785 }, // U+017C
    { 9, 14, 142, 0, 14, 32, 3806 }, // U+017D
    { 7, 12, 123, 0, 12, 21, 3838 }, // U+017E
    { 7, 12, 85, 0, 12, 21, 3859 }, // U+017F
    { 12, 13, 187, 0, 12, 39, 0 }, // U+01A0
    { 10, 11, 146, 0, 10, 28, 39 }, // U+01A1
    { 12, 13, 187, 0, 12, 39, 67 }, // U+01AF
    { 11, 11, 162, 0, 10, 31, 106 }, // U+01B0
    { 20, 14, 317, 0, 14, 70, 137 }, // U+01C4
    { 18, 12, 297, 0, 12, 54, 207 }, // U+01C5
    { 17, 13, 270, 0, 12, 56, 261 }, // U+01C6
    { 15, 15, 235, 0, 11, 57, 317 }, // U+01C7
    { 13, 16, 222, 0, 12, 52, 374 }, // U+01C8
    { 8, 16, 146, 0, 12, 32, 426 }, // U+01C9
    { 17, 15, 269, 0, 11, 64, 458 }, // U+01CA
    { 15, 16, 255, 0, 12, 60, 522 }, // U+01CB
    { 13, 16, 227, 0, 12, 52, 582 }, // U+01CC
    { 11, 14, 169, 0, 14, 39, 634 }, // U+01CD
    { 8, 13, 135, 0, 12, 26, 673 }, // U+01CE
    { 5, 14, 88, 0, 14, 18, 699 }, // U+01CF
    { 5, 12, 77, 0, 12, 15, 717 }, // U+01D0
    { 11, 15, 178, 0, 14, 42, 732 }, // U+01D1
    { 8, 13, 138, 0, 12, 26, 774 }, // U+01D2
    { 11, 15, 172, 0, 14, 42, 800 }, // U+01D3
    { 10, 13, 152, 0, 12, 33, 842 }, // U+01D4
    { 11, 16, 172, 0, 15, 44, 875 }, // U+01D5
    { 10, 14, 152, 0, 13, 35, 919 }, // U+01D6
    { 11, 17, 172, 0, 16, 47, 954 }, // U+01D7
    { 10, 15, 152, 0, 14, 38, 1001 }, // U+01D8
    { 11, 17, 172, 0, 16, 47, 1039 }, // U+01D9
    { 10, 15, 152, 0, 14, 38, 1086 }, // U+01DA
    { 11, 17, 172, 0, 16, 47, 1124 }, // U+01DB
    { 10, 15, 152, 0, 14, 38, 1171 }, // U+01DC
    { 8, 10, 128, 0, 9, 20, 1209 }, // U+01DD
    { 11, 15, 169, 0, 15, 42, 1229 }, // U+01DE
    { 8, 14, 135, 0, 13, 28, 1271 }, // U+01DF
    { 11, 15, 169, 0, 15, 42, 1299 }, // U+01E0
    { 8, 14, 135, 0, 13, 28, 1341 }, // U+01E1
    { 14, 14, 228, 0, 14, 49, 1369 }, // U+01E2
    { 12, 12, 202, 0, 11, 36, 1418 }, // U+01E3
    { 11, 12, 171, 0, 11, 33, 1454 }, // U+01E4
    { 9, 13, 129, 0, 9, 30, 1487 }, // U+01E5
    { 11, 15, 171, 0, 14, 42, 1517 }, // U+01E6
    { 8, 16, 129, 0, 12, 32, 1559 }, // U+01E7
    { 11, 14, 168, 0, 14, 39, 1591 }, // U+01E8
    { 9, 15, 140, 0, 15, 34, 1630 }, // U+01E9
    { 11, 15, 178, 0, 11, 42, 1664 }, // U+01EA
    { 8, 13, 138, 0, 9, 26, 1706 }, // U+01EB
    { 11, 17, 178, 0, 13, 47, 1732 }, // U+01EC
    { 8, 15, 138, 0, 11, 30, 1779 }, // U+01ED
    { 9, 15, 145, 0, 14, 34, 1809 }, // U+01EE
    { 8, 16, 131, 0, 12, 32, 1843 }, // U+01EF
    { 6, 16, 72, -1, 12, 24, 1875 }, // U+01F0
    { 20, 11, 317, 0, 11, 55, 1899 }, // U+01F1
    { 18, 11, 297, 0, 11, 50, 1954 }, // U+01F2
    { 17, 13, 270, 0, 12, 56, 2004 }, // U+01F3
    { 11, 16, 171, 0, 15, 44, 2060 }, // U+01F4
    { 8, 16, 129, 0, 12, 32, 2104 }, // U+01F5
    { 16, 12, 255, 0, 11, 48, 2136 }, // U+01F6
    { 10, 15, 167, 0, 11, 38, 2184 }, // U+01F7
    { 12, 15, 183, 0, 15, 45, 2222 }, // U+01F8
    { 10, 12, 155, 0, 12, 30, 2267 }, // U+01F9
    { 11, 15, 169, 0, 15, 42, 2297 }, // U+01FA
    { 8, 16, 135, 0, 15, 32, 2339 }, // U+01FB
    { 14, 14, 228, 0, 14, 49, 2371 }, // U+01FC
    { 12, 13, 202, 0, 12, 39, 2420 }, // U+01FD
    { 11, 15, 178, 0, 14, 42, 2459 }, // U+01FE
    { 8, 13, 138, 0, 12, 26, 2501 }, // U+01FF
    { 11, 14, 169, 0, 14, 39, 2527 }, // U+0200
    { 8, 13, 135, 0, 12, 26, 2566 }, // U+0201
    { 11, 14, 169, 0, 14, 39, 2592 }, // U+0202
    { 8, 13, 135, 0, 12, 26, 2631 }, // U+0203
    { 9, 14, 150, 0, 14, 32, 2657 }, // U+0204
    { 8, 13, 128, 0, 12, 26, 2689 }, // U+0205
    { 9, 14, 150, 0, 14, 32, 2715 }, // U+0206
    { 8, 13, 128, 0, 12, 26, 2747 }, // U+0207
    { 6, 14, 88, -1, 14, 21, 2773 }, // U+0208
    { 7, 12, 77, -2, 12, 21, 2794 }, // U+0209
    { 5, 14, 88, 0, 14, 18, 2815 }, // U+020A
    { 5, 12, 77, 0, 12, 15, 2833 }, // U+020B
    { 11, 15, 178, 0, 14, 42, 2848 }, // U+020C
    { 8, 13, 138, 0, 12, 26, 2890 }, // U+020D
    { 11, 15, 178, 0, 14, 42, 2916 }, // U+020E
    { 8, 13, 138, 0, 12, 26, 2958 }, // U+020F
    { 10, 14, 157, 0, 14, 35, 2984 }, // U+0210
    { 7, 12, 113, 0, 12, 21, 3019 }, // U+0211
    { 10, 14, 157, 0, 14, 35, 3040 }, // U+0212
    { 7, 12, 113, 0, 12, 21, 3075 }, // U+0213
    { 11, 15, 172, 0, 14, 42, 3096 }, // U+0214
    { 10, 13, 152, 0, 12, 33, 3138 }, // U+0215
    { 11, 15, 172, 0, 14, 42, 3171 }, // U+0216
    { 10, 13, 152, 0, 12, 33, 3213 }, // U+0217
    { 8, 15, 131, 0, 11, 30, 3246 }, // U+0218
    { 7, 13, 108, 0, 9, 23, 3276 }, // U+0219
    { 9, 15, 147, 0, 11, 34, 3299 }, // U+021A
    { 5, 14, 84, 0, 10, 18, 3333 }, // U+021B
    { 9, 14, 145, 0, 11, 32, 3351 }, // U+021C
    { 7, 13, 119, 0, 9, 23, 3383 }, // U+021D
    { 12, 15, 190, 0, 15, 45, 3406 }, // U+021E
    { 10, 15, 152, 0, 15, 38, 3451 }, // U+021F
    { 8, 10, 135, 0, 9, 20, 0 }, // U+0250
    { 9, 10, 147, 0, 9, 23, 20 }, // U+0251
    { 9, 10, 147, 0, 9, 23, 43 }, // U+0252
    { 9, 13, 147, 0, 12, 30, 66 }, // U+0253
    { 7, 10, 118, 0, 9, 18, 96 }, // U+0254
    { 8, 10, 124, 0, 9, 20, 114 }, // U+0255
    { 10, 16, 147, 0, 12, 40, 134 }, // U+0256
    { 11, 13, 150, 0, 12, 36, 174 }, // U+0257
    { 8, 10, 128, 0, 9, 20, 210 }, // U+0258
    { 8, 10, 128, 0, 9, 20, 230 }, // U+0259
    { 12, 10, 176, 0, 9, 30, 250 }, // U+025A
    { 7, 10, 114, 0, 9, 18, 280 }, // U+025B
    { 7, 10, 114, 0, 9, 18, 298 }, // U+025C
    { 10, 10, 159, 0, 9, 25, 316 }, // U+025D
    { 8, 10, 133, 0, 9, 20, 341 }, // U+025E
    { 6, 13, 72, -1, 9, 20, 361 }, // U+025F
    { 11, 16, 147, 0, 12, 44, 381 }, // U+0260
    { 9, 13, 147, 0, 9, 30, 425 }, // U+0261
    { 9, 10, 140, 0, 9, 23, 455 }, // U+0262
    { 9, 13, 139, 0, 9, 30, 478 }, // U+0263
    { 10, 10, 141, -1, 9, 25, 508 }, // U+0264
    { 10, 13, 152, 0, 9, 33, 533 }, // U+0265
    { 10, 12, 152, 0, 12, 30, 566 }, // U+0266
    { 8, 16, 152, 0, 12, 32, 596 }, // U+0267
    { 5, 12, 77, 0, 12, 15, 628 }, // U+0268
    { 4, 10, 80, 1, 9, 10, 643 }, // U+0269
    { 5, 9, 79, 0, 9, 12, 653 }, // U+026A
    { 6, 12, 88, 0, 12, 18, 665 }, // U+026B
    { 6, 12, 84, 0, 12, 18, 683 }, // U+026C
    { 5, 16, 78, 0, 12, 20, 701 }, // U+026D
    { 9, 16, 155, 0, 12, 36, 721 }, // U+026E
    { 14, 10, 227, 0, 9, 35, 757 }, // U+026F
    { 14, 13, 227, 0, 9, 46, 792 }, // U+0270
    { 13, 13, 227, 0, 9, 43, 838 }, // U+0271
    { 12, 13, 155, -2, 9, 39, 881 }, // U+0272
    { 11, 13, 155, 0, 9, 36, 920 }, // U+0273
    { 10, 9, 159, 0, 9, 23, 956 }, // U+0274
    { 8, 10, 138, 0, 9, 20, 979 }, // U+0275
    { 12, 10, 190, 0, 9, 30, 999 }, // U+0276
    { 11, 10, 184, 0, 9, 28, 1029 }, // U+0277
    { 10, 16, 167, 0, 12, 40, 1057 }, // U+0278
    { 7, 10, 113, 0, 9, 18, 1097 }, // U+0279
    { 7, 13, 113, 0, 12, 23, 1115 }, // U+027A
    { 8, 13, 113, 0, 9, 26, 1138 }, // U+027B
    { 7, 13, 113, 0, 9, 23, 1164 }, // U+027C
    { 7, 13, 113, 0, 9, 23, 1187 }, // U+027D
    { 7, 9, 108, 0, 9, 16, 1210 }, // U+027E
    { 7, 13, 108, 0, 9, 23, 1226 }, // U+027F
    { 9, 9, 136, 0, 9, 21, 1249 }, // U+0280
    { 9, 9, 136, 0, 9, 21, 1270 }, // U+0281
    { 7, 12, 108, 0, 9, 21, 1291 }, // U+0282
    { 9, 16, 80, -2, 12, 36, 1312 }, // U+0283
    { 7, 16, 77, -1, 12, 28, 1348 }, // U+0284
    { 9, 13, 80, -2, 9, 30, 1376 }, // U+0285
    { 8, 16, 80, -1, 12, 32, 1406 }, // U+0286
    { 5, 11, 84, 0, 9, 14, 1438 }, // U+0287
    { 5, 14, 84, 0, 10, 18, 1452 }, // U+0288
    { 10, 10, 152, 0, 9, 25, 1470 }, // U+0289
    { 8, 10, 138, 0, 9, 20, 1495 }, // U+028A
    { 9, 10, 142, 0, 9, 23, 1515 }, // U+028B
    { 9, 9, 139, 0, 9, 21, 1538 }, // U+028C
    { 13, 9, 207, 0, 9, 30, 1559 }, // U+028D
    { 9, 12, 136, 0, 12, 27, 1589 }, // U+028E
    { 9, 9, 135, 0, 9, 21, 1616 }, // U+028F
    { 9, 12, 123, 0, 9, 27, 1637 }, // U+0290
    { 8, 11, 123, 0, 9, 22, 1664 }, // U+0291
    { 8, 13, 131, 0, 9, 26, 1686 }, // U+0292
    { 8, 13, 131, 0, 9, 26, 1712 }, // U+0293
    { 7, 12, 116, 0, 12, 21, 1738 }, // U+0294
    { 7, 12, 116, 0, 12, 21, 1759 }, // U+0295
    { 7, 13, 116, 0, 12, 23, 1780 }, // U+0296
    { 7, 13, 118, 0, 9, 23, 1803 }, // U+0297
    { 11, 12, 178, 0, 11, 33, 1826 }, // U+0298
    { 9, 9, 143, 0, 9, 21, 1859 }, // U+0299
    { 8, 10, 133, 0, 9, 20, 1880 }, // U+029A
    { 10, 13, 140, 0, 12, 33, 1900 }, // U+029B
    { 10, 9, 165, 0, 9, 23, 1933 }, // U+029C
    { 6, 16, 72, -1, 12, 24, 1956 }, // U+029D
    { 10, 13, 140, -1, 9, 33, 1980 }, // U+029E
    { 8, 9, 119, 0, 9, 18, 2013 }, // U+029F
    { 11, 16, 150, 0, 12, 44, 2031 }, // U+02A0
    { 7, 12, 116, 0, 12, 21, 2075 }, // U+02A1
    { 7, 12, 116, 0, 12, 21, 2096 }, // U+02A2
    { 14, 13, 231, 0, 12, 46, 2117 }, // U+02A3
    { 14, 16, 228, 0, 12, 56, 2163 }, // U+02A4
    { 15, 14, 231, 0, 12, 53, 2219 }, // U+02A5
    { 11, 11, 173, 0, 10, 31, 2272 }, // U+02A6
    { 10, 16, 132, 0, 12, 40, 2303 }, // U+02A7
    { 12, 11, 188, 0, 10, 33, 2343 }, // U+02A8
    { 13, 16, 216, 0, 12, 52, 2376 }, // U+02A9
    { 10, 13, 163, 0, 12, 33, 2428 }, // U+02AA
    { 10, 12, 158, 0, 12, 30, 2461 }, // U+02AB
    { 9, 11, 134, 0, 11, 25, 2491 }, // U+02AC
    { 8, 11, 126, 0, 11, 22, 2516 }, // U+02AD
    { 11, 13, 178, 0, 9, 36, 2538 }, // U+02AE
    { 12, 13, 178, 0, 9, 39, 2574 }, // U+02AF
    { 6, 8, 99, 0, 12, 12, 2613 }, // U+02B0
    { 6, 8, 99, 0, 12, 12, 2625 }, // U+02B1
    { 4, 10, 47, -1, 12, 10, 2637 }, // U+02B2
    { 5, 6, 73, 0, 10, 8, 2647 }, // U+02B3
    { 5, 6, 73, 0, 10, 8, 2655 }, // U+02B4
    { 5, 8, 73, 0, 10, 10, 2663 }, // U+02B5
    { 6, 6, 88, 0, 10, 9, 2673 }, // U+02B6
    { 9, 6, 134, 0, 10, 14, 2682 }, // U+02B7
    { 6, 8, 88, 0, 10, 12, 2696 }, // U+02B8
    { 3, 4, 42, 0, 11, 3, 2708 }, // U+02B9
    { 6, 4, 87, 0, 11, 6, 2711 }, // U+02BA
    { 4, 5, 60, 0, 11, 5, 2717 }, // U+02BB
    { 3, 5, 60, 0, 11, 4, 2722 }, // U+02BC
    { 4, 5, 60, 0, 11, 5, 2726 }, // U+02BD
    { 3, 4, 43, 0, 12, 3, 2731 }, // U+02BE
    { 3, 4, 43, 0, 12, 3, 2734 }, // U+02BF
    { 4, 5, 70, 0, 12, 5, 2737 }, // U+02C0
    { 5, 5, 70, 0, 12, 7, 2742 }, // U+02C1
    { 4, 5, 65, 0, 12, 5, 2749 }, // U+02C2
    { 4, 5, 65, 0, 12, 5, 2754 }, // U+02C3
    { 4, 4, 65, 0, 12, 4, 2759 }, // U+02C4
    { 4, 4, 65, 0, 12, 4, 2763 }, // U+02C5
    { 6, 3, 90, 0, 12, 5, 2767 }, // U+02C6
    { 6, 3, 90, 0, 12, 5, 2772 }, // U+02C7
    { 2, 5, 33, 0, 12, 3, 2777 }, // U+02C8
    { 5, 2, 89, 0, 11, 3, 2780 }, // U+02C9
    { 4, 3, 66, 0, 12, 3, 2783 }, // U+02CA
    { 4, 3, 66, 0, 12, 3, 2786 }, // U+02CB
    { 2, 4, 33, 0, 1, 2, 2789 }, // U+02CC
    { 5, 2, 89, 0, -1, 3, 2791 }, // U+02CD
    { 4, 3, 66, 0, -1, 3, 2794 }, // U+02CE
    { 4, 3, 66, 0, -1, 3, 2797 }, // U+02CF
    { 3, 9, 81, 1, 9, 7, 2800 }, // U+02D0
    { 3, 3, 81, 1, 9, 3, 2807 }, // U+02D1
    { 3, 4, 43, 0, 6, 3, 2810 }, // U+02D2
    { 3, 4, 43, 0, 6, 3, 2813 }, // U+02D3
    { 4, 4, 72, 0, 6, 4, 2816 }, // U+02D4
    { 4, 4, 72, 0, 6, 4, 2820 }, // U+02D5
    { 4, 4, 72, 0, 6, 4, 2824 }, // U+02D6
    { 4, 2, 72, 0, 5, 2, 2828 }, // U+02D7
    { 5, 3, 86, 0, 12, 4, 2830 }, // U+02D8
    { 3, 3, 47, 0, 12, 3, 2834 }, // U+02D9
    { 5, 5, 80, 0, 13, 7, 2837 }, // U+02DA
    { 4, 4, 120, 2, 0, 4, 2844 }, // U+02DB
    { 6, 3, 105, 0, 12, 5, 2848 }, // U+02DC
    { 7, 3, 108, 0, 12, 6, 2853 }, // U+02DD
    { 6, 4, 46, -3, 6, 6, 2859 }, // U+02DE
    { 4, 4, 68, 0, 13, 4, 2865 }, // U+02DF
    { 6, 8, 90, 0, 10, 12, 2869 }, // U+02E0
    { 3, 8, 48, 0, 12, 6, 2881 }, // U+02E1
    { 4, 6, 70, 0, 10, 6, 2887 }, // U+02E2
    { 6, 6, 90, 0, 10, 9, 2893 }, // U+02E3
    { 5, 8, 76, 0, 12, 10, 2902 }, // U+02E4
    { 5, 11, 100, 1, 11, 14, 2912 }, // U+02E5
    { 5, 11, 100, 1, 11, 14, 2926 }, // U+02E6
    { 5, 11, 100, 1, 11, 14, 2940 }, // U+02E7
    { 5, 11, 100, 1, 11, 14, 2954 }, // U+02E8
    { 5, 11, 100, 1, 11, 14, 2968 }, // U+02E9
    { 5, 6, 100, 1, 8, 8, 2982 }, // U+02EA
    { 5, 6, 100, 1, 8, 8, 2990 }, // U+02EB
    { 6, 3, 90, 0, -1, 5, 2998 }, // U+02EC
    { 7, 3, 119, 0, 12, 6, 3003 }, // U+02ED
    { 6, 5, 108, 0, 11, 8, 3009 }, // U+02EE
    { 5, 4, 81, 0, 0, 5, 3017 }, // U+02EF
    { 5, 4, 81, 0, 0, 5, 3022 }, // U+02F0
    { 4, 5, 70, 0, 1, 5, 3027 }, // U+02F1
    { 4, 5, 70, 0, 1, 5, 3032 }, // U+02F2
    { 5, 4, 80, 0, 0, 5, 3037 }, // U+02F3
    { 4, 3, 66, 0, 7, 3, 3042 }, // U+02F4
    { 7, 3, 108, 0, 7, 6, 3045 }, // U+02F5
    { 7, 3, 108, 0, 7, 6, 3051 }, // U+02F6
    { 6, 3, 105, 0, 0, 5, 3057 }, // U+02F7
    { 3, 10, 68, 1, 12, 8, 3062 }, // U+02F8
    { 4, 5, 69, 0, 11, 5, 3070 }, // U+02F9
    { 4, 5, 69, 0, 11, 5, 3075 }, // U+02FA
    { 4, 4, 69, 0, 4, 4, 3080 }, // U+02FB
    { 4, 4, 69, 0, 4, 4, 3084 }, // U+02FC
    { 8, 4, 126, 0, 0, 8, 3088 }, // U+02FD
    { 8, 4, 126, 0, 0, 8, 3096 }, // U+02FE
    { 8, 5, 123, 0, 1, 10, 3104 }, // U+02FF
    { 4, 3, 0, -7, 12, 3, 0 }, // U+0300
    { 4, 3, 0, -5, 12, 3, 3 }, // U+0301
    { 5, 3, 0, -7, 12, 4, 6 }, // U+0302
    { 6, 3, 0, -8, 12, 5, 10 }, // U+0303
    { 6, 2, 0, -3, 11, 3, 15 }, // U+0304
    { 8, 2, 0, -4, 13, 4, 18 }, // U+0305
    { 6, 3, 0, -3, 12, 5, 22 }, // U+0306
    { 2, 3, 0, -1, 12, 2, 27 }, // U+0307
    { 6, 3, 0, -3, 12, 5, 29 }, // U+0308
    { 5, 5, 0, -7, 13, 7, 34 }, // U+0309
    { 4, 5, 0, -2, 13, 5, 41 }, // U+030A
    { 7, 3, 0, -3, 12, 6, 46 }, // U+030B
    { 5, 3, 0, -7, 12, 4, 52 }, // U+030C
    { 2, 4, 0, -1, 12, 2, 56 }, // U+030D
    { 4, 4, 0, -2, 12, 4, 58 }, // U+030E
    { 6, 3, 0, -8, 12, 5, 62 }, // U+030F
    { 6, 5, 0, -3, 13, 8, 67 }, // U+0310
    { 6, 3, 0, -3, 12, 5, 75 }, // U+0311
    { 4, 5, 0, -2, 11, 5, 80 }, // U+0312
    { 4, 5, 0, -2, 11, 5, 85 }, // U+0313
    { 4, 5, 0, -2, 11, 5, 90 }, // U+0314
    { 4, 5, 0, -2, 11, 5, 95 }, // U+0315
    { 4, 3, 0, -2, -1, 3, 100 }, // U+0316
    { 4, 3, 0, -2, -1, 3, 103 }, // U+0317
    { 4, 4, 0, -2, 0, 4, 106 }, // U+0318
    { 4, 4, 0, -2, 0, 4, 110 }, // U+0319
    { 4, 5, 83, 0, 12, 5, 114 }, // U+031A
    { 4, 4, 0, -2, 12, 4, 119 }, // U+031B
    { 2, 4, 0, -1, 0, 2, 123 }, // U+031C
    { 4, 4, 0, -2, 0, 4, 125 }, // U+031D
    { 4, 4, 0, -2, 0, 4, 129 }, // U+031E
    { 4, 4, 0, -2, 0, 4, 133 }, // U+031F
    { 4, 2, 0, -2, -1, 2, 137 }, // U+0320
    { 3, 4, 0, -3, 1, 3, 139 }, // U+0321
    { 3, 4, 0, 0, 1, 3, 142 }, // U+0322
    { 3, 3, 0, -6, 0, 3, 145 }, // U+0323
    { 6, 3, 0, -3, 0, 5, 148 }, // U+0324
    { 4, 4, 0, -2, 0, 4, 153 }, // U+0325
    { 2, 4, 0, -1, 0, 2, 157 }, // U+0326
    { 4, 5, 0, -2, 1, 5, 159 }, // U+0327
    { 4, 4, 0, -2, 0, 4, 164 }, // U+0328
    { 2, 3, 0, -1, 0, 2, 168 }, // U+0329
    { 6, 3, 0, -3, -1, 5, 170 }, // U+032A
    { 6, 3, 0, -3, 0, 5, 175 }, // U+032B
    { 6, 4, 0, -3, 0, 6, 180 }, // U+032C
    { 6, 4, 0, -3, 0, 6, 186 }, // U+032D
    { 6, 3, 0, -3, -1, 5, 192 }, // U+032E
    { 6, 3, 0, -3, -1, 5, 197 }, // U+032F
    { 6, 3, 0, -3, 0, 5, 202 }, // U+0330
    { 6, 2, 0, -3, -1, 3, 207 }, // U+0331
    { 8, 2, 0, -4, -1, 4, 210 }, // U+0332
    { 8, 4, 0, -4, 0, 8, 214 }, // U+0333
    { 6, 3, 0, -3, 6, 5, 222 }, // U+0334
    { 6, 2, 0, -3, 5, 3, 227 }, // U+0335
    { 10, 2, 0, -5, 5, 5, 230 }, // U+0336
    { 6, 4, 0, -3, 6, 6, 235 }, // U+0337
    { 7, 14, 0, -4, 12, 25, 241 }, // U+0338
    { 2, 4, 0, -1, 0, 2, 266 }, // U+0339
    { 6, 3, 0, -3, -1, 5, 268 }, // U+033A
    { 6, 4, 0, -3, 0, 6, 273 }, // U+033B
    { 6, 3, 0, -3, 0, 5, 279 }, // U+033C
    { 4, 4, 0, -2, 12, 4, 284 }, // U+033D
    { 2, 6, 0, -1, 14, 3, 288 }, // U+033E
    { 8, 4, 0, -4, 15, 8, 291 }, // U+033F
    { 4, 3, 0, -2, 12, 3, 299 }, // U+0340
    { 4, 3, 0, -2, 12, 3, 302 }, // U+0341
    { 6, 3, 0, -3, 12, 5, 305 }, // U+0342
    { 3, 3, 0, -2, 12, 3, 310 }, // U+0343
    { 7, 4, 0, -3, 13, 7, 313 }, // U+0344
    { 3, 3, 0, 1, -1, 3, 320 }, // U+0345
    { 6, 3, 0, -3, 11, 5, 323 }, // U+0346
    { 8, 4, 0, -4, 0, 8, 328 }, // U+0347
    { 4, 4, 0, -2, 0, 4, 336 }, // U+0348
    { 4, 3, 0, -2, -1, 3, 340 }, // U+0349
    { 6, 4, 0, -3, 12, 6, 343 }, // U+034A
    { 6, 6, 0, -3, 14, 9, 349 }, // U+034B
    { 6, 5, 0, -3, 14, 8, 358 }, // U+034C
    { 6, 4, 0, -3, 0, 6, 366 }, // U+034D
    { 4, 4, 0, -2, 0, 4, 372 }, // U+034E
    { 12, 11, 0, -6, 11, 33, 376 }, // U+034F
    { 4, 4, 0, -2, 12, 4, 409 }, // U+0350
    { 2, 4, 0, -1, 13, 2, 413 }, // U+0351
    { 6, 4, 0, -3, 13, 6, 415 }, // U+0352
    { 4, 4, 0, -2, 0, 4, 421 }, // U+0353
    { 4, 4, 0, -2, 0, 4, 425 }, // U+0354
    { 4, 4, 0, -2, 0, 4, 429 }, // U+0355
    { 6, 4, 0, -3, 0, 6, 433 }, // U+0356
    { 2, 4, 0, -1, 13, 2, 439 }, // U+0357
    { 3, 3, 0, 1, 12, 3, 441 }, // U+0358
    { 4, 4, 0, -2, 0, 4, 444 }, // U+0359
    { 6, 4, 0, -3, 0, 6, 448 }, // U+035A
    { 4, 4, 0, -2, 12, 4, 454 }, // U+035B
    { 12, 4, 0, -6, 0, 12, 458 }, // U+035C
    { 12, 4, 0, -6, 12, 12, 470 }, // U+035D
    { 10, 1, 0, -5, 10, 3, 482 }, // U+035E
    { 10, 2, 0, -5, -1, 5, 485 }, // U+035F
    { 12, 3, 0, -6, 12, 9, 490 }, // U+0360
    { 12, 4, 0, -6, 13, 12, 499 }, // U+0361
    { 10, 4, 0, -5, 0, 10, 511 }, // U+0362
    { 4, 4, 0, -2, 13, 4, 521 }, // U+0363
    { 4, 4, 0, -2, 13, 4, 525 }, // U+0364
    { 3, 5, 0, -1, 14, 4, 529 }, // U+0365
    { 4, 4, 0, -2, 13, 4, 533 }, // U+0366
    { 5, 4, 0, -2, 13, 5, 537 }, // U+0367
    { 4, 4, 0, -2, 13, 4, 542 }, // U+0368
    { 5, 5, 0, -2, 14, 7, 546 }, // U+0369
    { 5, 5, 0, -2, 14, 7, 553 }, // U+036A
    { 7, 4, 0, -3, 13, 7, 560 }, // U+036B
    { 4, 4, 0, -2, 13, 4, 567 }, // U+036C
    { 3, 5, 0, -1, 14, 4, 571 }, // U+036D
    { 5, 4, 0, -2, 13, 5, 575 }, // U+036E
    { 5, 4, 0, -2, 13, 5, 580 }, // U+036F
    { 9, 14, 151, 0, 14, 32, 0 }, // U+0400
    { 9, 14, 151, 0, 14, 32, 32 }, // U+0401
    { 12, 11, 190, 0, 11, 33, 64 }, // U+0402
    { 9, 14, 135, 0, 14, 32, 97 }, // U+0403
    { 9, 12, 147, 0, 11, 27, 129 }, // U+0404
    { 8, 12, 132, 0, 11, 24, 156 }, // U+0405
    { 5, 11, 89, 0, 11, 14, 180 }, // U+0406
    { 5, 14, 89, 0, 14, 18, 194 }, // U+0407
    { 6, 15, 87, -1, 11, 23, 212 }, // U+0408
    { 14, 12, 231, 0, 11, 42, 235 }, // U+0409
    { 15, 11, 244, 0, 11, 42, 277 }, // U+040A
    { 13, 11, 204, 0, 11, 36, 319 }, // U+040B
    { 11, 14, 169, 0, 14, 39, 355 }, // U+040C
    { 12, 14, 194, 0, 14, 42, 394 }, // U+040D
    { 10, 15, 156, 0, 14, 38, 436 }, // U+040E
    { 12, 14, 189, 0, 11, 42, 474 }, // U+040F
    { 11, 11, 169, 0, 11, 31, 516 }, // U+0410
    { 9, 11, 151, 0, 11, 25, 547 }, // U+0411
    { 9, 11, 157, 0, 11, 25, 572 }, // U+0412
    { 9, 11, 135, 0, 11, 25, 597 }, // U+0413
    { 11, 14, 178, 0, 11, 39, 622 }, // U+0414
    { 9, 11, 151, 0, 11, 25, 661 }, // U+0415
    { 16, 11, 235, -1, 11, 44, 686 }, // U+0416
    { 9, 12, 143, 0, 11, 27, 730 }, // U+0417
    { 12, 11, 194, 0, 11, 33, 757 }, // U+0418
    { 12, 14, 194, 0, 14, 42, 790 }, // U+0419
    { 11, 11, 169, 0, 11, 31, 832 }, // U+041A
    { 11, 12, 176, 0, 11, 33, 863 }, // U+041B
    { 14, 11, 229, 0, 11, 39, 896 }, // U+041C
    { 12, 11, 191, 0, 11, 33, 935 }, // U+041D
    { 11, 12, 178, 0, 11, 33, 968 }, // U+041E
    { 12, 11, 189, 0, 11, 33, 1001 }, // U+041F
    { 9, 11, 146, 0, 11, 25, 1034 }, // U+0420
    { 9, 12, 147, 0, 11, 27, 1059 }, // U+0421
    { 9, 11, 150, 0, 11, 25, 1086 }, // U+0422
    { 10, 12, 156, 0, 11, 30, 1111 }, // U+0423
    { 13, 12, 206, 0, 11, 39, 1141 }, // U+0424
    { 10, 11, 159, 0, 11, 28, 1180 }, // U+0425
    { 12, 14, 189, 0, 11, 42, 1208 }, // U+0426
    { 11, 11, 182, 0, 11, 31, 1250 }, // U+0427
    { 16, 11, 258, 0, 11, 44, 1281 }, // U+0428
    { 16, 14, 258, 0, 11, 56, 1325 }, // U+0429
    { 11, 11, 172, 0, 11, 31, 1381 }, // U+042A
    { 14, 11, 220, 0, 11, 39, 1412 }, // U+042B
    { 9, 11, 149, 0, 11, 25, 1451 }, // U+042C
    { 9, 12, 150, 0, 11, 27, 1476 }, // U+042D
    { 15, 12, 245, 0, 11, 45, 1503 }, // U+042E
    { 11, 11, 158, -1, 11, 31, 1548 }, // U+042F
    { 8, 10, 137, 0, 9, 20, 1579 }, // U+0430
    { 9, 13, 140, 0, 12, 30, 1599 }, // U+0431
    { 8, 9, 133, 0, 9, 18, 1629 }, // U+0432
    { 7, 9, 114, 0, 9, 16, 1647 }, // U+0433
    { 9, 12, 148, 0, 9, 27, 1663 }, // U+0434
    { 8, 10, 128, 0, 9, 20, 1690 }, // U+0435
    { 12, 9, 192, 0, 9, 27, 1710 }, // U+0436
    { 7, 10, 114, 0, 9, 18, 1737 }, // U+0437
    { 10, 9, 162, 0, 9, 23, 1755 }, // U+0438
    { 10, 12, 162, 0, 12, 30, 1778 }, // U+0439
    { 9, 9, 142, 0, 9, 21, 1808 }, // U+043A
    { 9, 10, 147, 0, 9, 23, 1829 }, // U+043B
    { 12, 9, 198, 0, 9, 27, 1852 }, // U+043C
    { 10, 9, 161, 0, 9, 23, 1879 }, // U+043D
    { 8, 10, 139, 0, 9, 20, 1902 }, // U+043E
    { 10, 9, 158, 0, 9, 23, 1922 }, // U+043F
    { 9, 13, 153, 0, 9, 30, 1945 }, // U+0440
    { 7, 10, 118, 0, 9, 18, 1975 }, // U+0441
    { 8, 9, 127, 0, 9, 18, 1993 }, // U+0442
    { 9, 13, 137, 0, 9, 30, 2011 }, // U+0443
    { 11, 16, 174, 0, 12, 44, 2041 }, // U+0444
    { 9, 9, 139, 0, 9, 21, 2085 }, // U+0445
    { 10, 12, 158, 0, 9, 30, 2106 }, // U+0446
    { 9, 9, 152, 0, 9, 21, 2136 }, // U+0447
    { 14, 9, 226, 0, 9, 32, 2157 }, // U+0448
    { 14, 12, 226, 0, 9, 42, 2189 }, // U+0449
    { 9, 9, 149, 0, 9, 21, 2231 }, // U+044A
    { 12, 9, 197, 0, 9, 27, 2252 }, // U+044B
    { 8, 9, 129, 0, 9, 18, 2279 }, // U+044C
    { 7, 10, 119, 0, 9, 18, 2297 }, // U+044D
    { 12, 10, 198, 0, 9, 30, 2315 }, // U+044E
    { 8, 9, 137, 0, 9, 18, 2345 }, // U+044F
    { 8, 13, 128, 0, 12, 26, 2363 }, // U+0450
    { 8, 13, 128, 0, 12, 26, 2389 }, // U+0451
    { 9, 16, 145, 0, 12, 36, 2415 }, // U+0452
    { 7, 12, 114, 0, 12, 21, 2451 }, // U+0453
    { 7, 10, 118, 0, 9, 18, 2472 }, // U+0454
    { 7, 10, 108, 0, 9, 18, 2490 }, // U+0455
    { 5, 12, 83, 0, 12, 15, 2508 }, // U+0456
    { 5, 12, 83, 0, 12, 15, 2523 }, // U+0457
    { 4, 16, 78, 0, 12, 16, 2538 }, // U+0458
    { 12, 10, 189, 0, 9, 30, 2554 }, // U+0459
    { 13, 9, 204, 0, 9, 30, 2584 }, // U+045A
    { 10, 12, 158, 0, 12, 30, 2614 }, // U+045B
    { 9, 12, 142, 0, 12, 27, 2644 }, // U+045C
    { 10, 12, 162, 0, 12, 30, 2671 }, // U+045D
    { 9, 16, 137, 0, 12, 36, 2701 }, // U+045E
    { 10, 12, 158, 0, 9, 30, 2737 }, // U+045F
    { 15, 11, 236, 0, 11, 42, 2767 }, // U+0460
    { 12, 9, 195, 0, 9, 27, 2809 }, // U+0461
    { 10, 11, 160, 0, 11, 28, 2836 }, // U+0462
    { 9, 12, 143, 0, 12, 27, 2864 }, // U+0463
    { 14, 12, 219, 0, 11, 42, 2891 }, // U+0464
    { 12, 10, 191, 0, 9, 30, 2933 }, // U+0465
    { 11, 11, 166, 0, 11, 31, 2963 }, // U+0466
    { 9, 9, 141, 0, 9, 21, 2994 }, // U+0467
    { 16, 11, 252, 0, 11, 44, 3015 }, // U+0468
    { 13, 9, 199, 0, 9, 30, 3059 }, // U+0469
    { 12, 11, 189, 0, 11, 33, 3089 }, // U+046A
    { 11, 9, 168, 0, 9, 25, 3122 }, // U+046B
    { 18, 11, 273, 0, 11, 50, 3147 }, // U+046C
    { 15, 9, 227, 0, 9, 34, 3197 }, // U+046D
    { 9, 17, 145, 0, 13, 39, 3231 }, // U+046E
    { 7, 13, 117, 0, 10, 23, 3270 }, // U+046F
    { 13, 11, 199, 0, 11, 36, 3293 }, // U+0470
    { 10, 16, 167, 0, 12, 40, 3329 }, // U+0471
    { 11, 12, 178, 0, 11, 33, 3369 }, // U+0472
    { 8, 10, 138, 0, 9, 20, 3402 }, // U+0473
    { 11, 11, 167, 0, 11, 31, 3422 }, // U+0474
    { 9, 9, 141, 0, 9, 21, 3453 }, // U+0475
    { 11, 14, 167, 0, 14, 39, 3474 }, // U+0476
    { 9, 12, 141, 0, 12, 27, 3513 }, // U+0477
    { 19, 15, 295, 0, 11, 72, 3540 }, // U+0478
    { 16, 13, 250, 0, 9, 52, 3612 }, // U+0479
    { 11, 13, 188, 0, 12, 36, 3664 }, // U+047A
    { 9, 10, 153, 0, 9, 23, 3700 }, // U+047B
    { 14, 17, 236, 0, 16, 60, 3723 }, // U+047C
    { 12, 15, 189, 0, 14, 45, 3783 }, // U+047D
    { 15, 14, 236, 0, 14, 53, 3828 }, // U+047E
    { 12, 11, 195, 0, 11, 33, 3881 }, // U+047F
    { 9, 15, 147, 0, 11, 34, 3914 }, // U+0480
    { 7, 13, 118, 0, 9, 23, 3948 }, // U+0481
    { 9, 11, 146, 0, 10, 25, 3971 }, // U+0482
    { 6, 3, 0, -3, 11, 5, 3996 }, // U+0483
    { 6, 2, 0, -3, 11, 3, 4001 }, // U+0484
    { 2, 3, 0, -1, 12, 2, 4004 }, // U+0485
    { 2, 3, 0, -1, 12, 2, 4006 }, // U+0486
    { 6, 3, 0, -3, 14, 5, 4008 }, // U+0487
    { 20, 18, 0, -10, 13, 90, 4013 }, // U+0488
    { 18, 18, 0, -9, 13, 81, 4103 }, // U+0489
    { 12, 18, 194, 0, 14, 54, 4184 }, // U+048A
    { 10, 16, 162, 0, 12, 40, 4238 }, // U+048B
    { 9, 12, 145, 0, 12, 27, 4278 }, // U+048C
    { 9, 10, 143, 0, 10, 23, 4305 }, // U+048D
    { 9, 11, 145, 0, 11, 25, 4328 }, // U+048E
    { 9, 13, 147, 0, 9, 30, 4353 }, // U+048F
    { 8, 13, 131, 0, 13, 26, 4383 }, // U+0490
    { 7, 10, 107, 0, 10, 18, 4409 }, // U+0491
    { 9, 11, 135, 0, 11, 25, 4427 }, // U+0492
    { 7, 9, 110, 0, 9, 16, 4452 }, // U+0493
    { 10, 15, 158, 0, 11, 38, 4468 }, // U+0494
    { 8, 13, 132, 0, 9, 26, 4506 }, // U+0495
    { 16, 15, 248, 0, 11, 60, 4532 }, // U+0496
    { 14, 13, 221, 0, 9, 46, 4592 }, // U+0497
    { 9, 15, 145, 0, 11, 34, 4638 }, // U+0498
    { 7, 13, 117, 0, 9, 23, 4672 }, // U+0499
    { 11, 15, 178, 0, 11, 42, 4695 }, // U+049A
    { 10, 13, 154, 0, 9, 33, 4737 }, // U+049B
    { 11, 11, 175, 0, 11, 31, 4770 }, // U+049C
    { 10, 9, 155, 0, 9, 23, 4801 }, // U+049D
    { 11, 11, 168, 0, 11, 31, 4824 }, // U+049E
    { 10, 12, 148, 0, 12, 30, 4855 }, // U+049F
    { 12, 11, 188, 0, 11, 33, 4885 }, // U+04A0
    { 11, 9, 170, 0, 9, 25, 4918 }, // U+04A1
    { 12, 15, 190, 0, 11, 45, 4943 }, // U+04A2
    { 10, 13, 165, 0, 9, 33, 4988 }, // U+04A3
    { 13, 11, 211, 0, 11, 36, 5021 }, // U+04A4
    { 12, 9, 187, 0, 9, 27, 5057 }, // U+04A5
    { 16, 15, 253, 0, 11, 60, 5084 }, // U+04A6
    { 13, 13, 213, 0, 9, 43, 5144 }, // U+04A7
    { 11, 12, 178, 0, 11, 33, 5187 }, // U+04A8
    { 9, 10, 150, 0, 9, 23, 5220 }, // U+04A9
    { 9, 15, 147, 0, 11, 34, 5243 }, // U+04AA
    { 7, 13, 118, 0, 9, 23, 5277 }, // U+04AB
    { 9, 15, 147, 0, 11, 34, 5300 }, // U+04AC
    { 8, 13, 131, 0, 9, 26, 5334 }, // U+04AD
    { 11, 11, 150, -1, 11, 31, 5360 }, // U+04AE
    { 9, 13, 139, 0, 9, 30, 5391 }, // U+04AF
    { 11, 11, 150, -1, 11, 31, 5421 }, // U+04B0
    { 9, 13, 139, 0, 9, 30, 5452 }, // U+04B1
    { 11, 15, 170, 0, 11, 42, 5482 }, // U+04B2
    { 9, 13, 147, 0, 9, 30, 5524 }, // U+04B3
    { 13, 15, 214, 0, 11, 49, 5554 }, // U+04B4
    { 12, 13, 196, 0, 9, 39, 5603 }, // U+04B5
    { 11, 15, 181, 0, 11, 42, 5642 }, // U+04B6
    { 10, 13, 154, 0, 9, 33, 5684 }, // U+04B7
    { 11, 11, 182, 0, 11, 31, 5717 }, // U+04B8
    { 9, 9, 152, 0, 9, 21, 5748 }, // U+04B9
    { 12, 11, 181, 0, 11, 33, 5769 }, // U+04BA
    { 10, 12, 152, 0, 12, 30, 5802 }, // U+04BB
    { 12, 12, 194, 0, 11, 36, 5832 }, // U+04BC
    { 9, 10, 153, 0, 9, 23, 5868 }, // U+04BD
    { 12, 15, 194, 0, 11, 45, 5891 }, // U+04BE
    { 9, 13, 153, 0, 9, 30, 5936 }, // U+04BF
    { 5, 11, 88, 0, 11, 14, 5966 }, // U+04C0
    { 16, 14, 235, -1, 14, 56, 5980 }, // U+04C1
    { 12, 12, 192, 0, 12, 36, 6036 }, // U+04C2
    { 10, 15, 167, 0, 11, 38, 6072 }, // U+04C3
    { 9, 13, 147, 0, 9, 30, 6110 }, // U+04C4
    { 11, 15, 175, 0, 11, 42, 6140 }, // U+04C5
    { 9, 13, 147, 0, 9, 30, 6182 }, // U+04C6
    { 12, 15, 188, 0, 11, 45, 6212 }, // U+04C7
    { 10, 13, 163, 0, 9, 33, 6257 }, // U+04C8
    { 12, 15, 190, 0, 11, 45, 6290 }, // U+04C9
    { 10, 13, 161, 0, 9, 33, 6335 }, // U+04CA
    { 11, 15, 181, 0, 11, 42, 6368 }, // U+04CB
    { 10, 13, 154, 0, 9, 33, 6410 }, // U+04CC
    { 14, 15, 225, 0, 11, 53, 6443 }, // U+04CD
    { 12, 13, 198, 0, 9, 39, 6496 }, // U+04CE
    { 5, 11, 88, 0, 11, 14, 6535 }, // U+04CF
    { 11, 14, 169, 0, 14, 39, 6549 }, // U+04D0
    { 8, 13, 135, 0, 12, 26, 6588 }, // U+04D1
    { 11, 14, 169, 0, 14, 39, 6614 }, // U+04D2
    { 8, 13, 135, 0, 12, 26, 6653 }, // U+04D3
    { 14, 11, 228, 0, 11, 39, 6679 }, // U+04D4
    { 12, 10, 202, 0, 9, 30, 6718 }, // U+04D5
    { 9, 14, 150, 0, 14, 32, 6748 }, // U+04D6
    { 8, 13, 128, 0, 12, 26, 6780 }, // U+04D7
    { 10, 12, 166, 0, 11, 30, 6806 }, // U+04D8
    { 8, 10, 128, 0, 9, 20, 6836 }, // U+04D9
    { 10, 15, 166, 0, 14, 38, 6856 }, // U+04DA
    { 8, 13, 128, 0, 12, 26, 6894 }, // U+04DB
    { 16, 14, 235, -1, 14, 56, 6920 }, // U+04DC
    { 12, 12, 192, 0, 12, 36, 6976 }, // U+04DD
    { 9, 15, 143, 0, 14, 34, 7012 }, // U+04DE
    { 7, 13, 114, 0, 12, 23, 7046 }, // U+04DF
    { 9, 12, 145, 0, 11, 27, 7069 }, // U+04E0
    { 8, 13, 131, 0, 9, 26, 7096 }, // U+04E1
    { 12, 13, 194, 0, 13, 39, 7122 }, // U+04E2
    { 10, 11, 162, 0, 11, 28, 7161 }, // U+04E3
    { 12, 14, 194, 0, 14, 42, 7189 }, // U+04E4
    { 10, 12, 162, 0, 12, 30, 7231 }, // U+04E5
    { 11, 15, 178, 0, 14, 42, 7261 }, // U+04E6
    { 8, 13, 138, 0, 12, 26, 7303 }, // U+04E7
    { 11, 12, 178, 0, 11, 33, 7329 }, // U+04E8
    { 8, 10, 138, 0, 9, 20, 7362 }, // U+04E9
    { 11, 15, 178, 0, 14, 42, 7382 }, // U+04EA
    { 8, 13, 138, 0, 12, 26, 7424 }, // U+04EB
    { 9, 15, 150, 0, 14, 34, 7450 }, // U+04EC
    { 7, 13, 119, 0, 12, 23, 7484 }, // U+04ED
    { 10, 14, 156, 0, 13, 35, 7507 }, // U+04EE
    { 9, 15, 136, 0, 11, 34, 7542 }, // U+04EF
    { 10, 15, 156, 0, 14, 38, 7576 }, // U+04F0
    { 9, 16, 136, 0, 12, 36, 7614 }, // U+04F1
    { 10, 15, 156, 0, 14, 38, 7650 }, // U+04F2
    { 9, 16, 136, 0, 12, 36, 7688 }, // U+04F3
    { 11, 14, 182, 0, 14, 39, 7724 }, // U+04F4
    { 9, 12, 152, 0, 12, 27, 7763 }, // U+04F5
    { 9, 15, 135, 0, 11, 34, 7790 }, // U+04F6
    { 7, 13, 110, 0, 9, 23, 7824 }, // U+04F7
    { 14, 14, 220, 0, 14, 49, 7847 }, // U+04F8
    { 12, 12, 197, 0, 12, 36, 7896 }, // U+04F9
    { 9, 14, 135, 0, 11, 32, 7932 }, // U+04FA
    { 7, 12, 110, 0, 9, 21, 7964 }, // U+04FB
    { 10, 14, 158, 0, 11, 35, 7985 }, // U+04FC
    { 9, 12, 139, 0, 9, 27, 8020 }, // U+04FD
    { 10, 11, 158, 0, 11, 28, 8047 }, // U+04FE
    { 9, 9, 139, 0, 9, 21, 8075 }, // U+04FF
    { 11, 14, 169, 0, 11, 39, 0 }, // U+1EA0
    { 8, 12, 135, 0, 9, 24, 39 }, // U+1EA1
    { 11, 15, 169, 0, 15, 42, 63 }, // U+1EA2
    { 8, 14, 135, 0, 13, 28, 105 }, // U+1EA3
    { 11, 15, 169, 0, 15, 42, 133 }, // U+1EA4
    { 9, 14, 135, 0, 13, 32, 175 }, // U+1EA5
    { 11, 15, 169, 0, 15, 42, 207 }, // U+1EA6
    { 8, 14, 135, 0, 13, 28, 249 }, // U+1EA7
    { 11, 16, 169, 0, 16, 44, 277 }, // U+1EA8
    { 8, 14, 135, 0, 13, 28, 321 }, // U+1EA9
    { 11, 16, 169, 0, 16, 44, 349 }, // U+1EAA
    { 8, 15, 135, 0, 14, 30, 393 }, // U+1EAB
    { 11, 17, 169, 0, 14, 47, 423 }, // U+1EAC
    { 8, 15, 135, 0, 12, 30, 470 }, // U+1EAD
    { 11, 16, 169, 0, 16, 44, 500 }, // U+1EAE
    { 8, 14, 135, 0, 13, 28, 544 }, // U+1EAF
    { 11, 16, 169, 0, 16, 44, 572 }, // U+1EB0
    { 8, 14, 135, 0, 13, 28, 616 }, // U+1EB1
    { 11, 16, 169, 0, 16, 44, 644 }, // U+1EB2
    { 8, 15, 135, 0, 14, 30, 688 }, // U+1EB3
    { 11, 16, 169, 0, 16, 44, 718 }, // U+1EB4
    { 8, 15, 135, 0, 14, 30, 762 }, // U+1EB5
    { 11, 17, 169, 0, 14, 47, 792 }, // U+1EB6
    { 8, 15, 135, 0, 12, 30, 839 }, // U+1EB7
    { 9, 14, 150, 0, 11, 32, 869 }, // U+1EB8
    { 8, 12, 128, 0, 9, 24, 901 }, // U+1EB9
    { 9, 15, 150, 0, 15, 34, 925 }, // U+1EBA
    { 8, 14, 128, 0, 13, 28, 959 }, // U+1EBB
    { 9, 14, 150, 0, 14, 32, 987 }, // U+1EBC
    { 8, 13, 128, 0, 12, 26, 1019 }, // U+1EBD
    { 9, 15, 150, 0, 15, 34, 1045 }, // U+1EBE
    { 9, 14, 128, 0, 13, 32, 1079 }, // U+1EBF
    { 9, 15, 150, 0, 15, 34, 1111 }, // U+1EC0
    { 8, 14, 128, 0, 13, 28, 1145 }, // U+1EC1
    { 9, 16, 150, 0, 16, 36, 1173 }, // U+1EC2
    { 8, 14, 128, 0, 13, 28, 1209 }, // U+1EC3
    { 9, 16, 150, 0, 16, 36, 1237 }, // U+1EC4
    { 8, 15, 128, 0, 14, 30, 1273 }, // U+1EC5
    { 9, 17, 150, 0, 14, 39, 1303 }, // U+1EC6
    { 8, 15, 128, 0, 12, 30, 1342 }, // U+1EC7
    { 5, 15, 88, 0, 15, 19, 1372 }, // U+1EC8
    { 5, 13, 77, 0, 13, 17, 1391 }, // U+1EC9
    { 5, 14, 88, 0, 11, 18, 1408 }, // U+1ECA
    { 5, 15, 77, 0, 12, 19, 1426 }, // U+1ECB
    { 11, 14, 178, 0, 11, 39, 1445 }, // U+1ECC
    { 8, 12, 138, 0, 9, 24, 1484 }, // U+1ECD
    { 11, 16, 178, 0, 15, 44, 1508 }, // U+1ECE
    { 8, 14, 138, 0, 13, 28, 1552 }, // U+1ECF
    { 11, 16, 178, 0, 15, 44, 1580 }, // U+1ED0
    { 9, 14, 138, 0, 13, 32, 1624 }, // U+1ED1
    { 11, 16, 178, 0, 15, 44, 1656 }, // U+1ED2
    { 8, 14, 138, 0, 13, 28, 1700 }, // U+1ED3
    { 11, 17, 178, 0, 16, 47, 1728 }, // U+1ED4
    { 8, 14, 138, 0, 13, 28, 1775 }, // U+1ED5
    { 11, 17, 178, 0, 16, 47, 1803 }, // U+1ED6
    { 8, 15, 138, 0, 14, 30, 1850 }, // U+1ED7
    { 11, 17, 178, 0, 14, 47, 1880 }, // U+1ED8
    { 8, 15, 138, 0, 12, 30, 1927 }, // U+1ED9
    { 12, 15, 187, 0, 14, 45, 1957 }, // U+1EDA
    { 10, 13, 146, 0, 12, 33, 2002 }, // U+1EDB
    { 12, 15, 187, 0, 14, 45, 2035 }, // U+1EDC
    { 10, 13, 146, 0, 12, 33, 2080 }, // U+1EDD
    { 12, 16, 187, 0, 15, 48, 2113 }, // U+1EDE
    { 10, 14, 146, 0, 13, 35, 2161 }, // U+1EDF
    { 12, 15, 187, 0, 14, 45, 2196 }, // U+1EE0
    { 10, 13, 146, 0, 12, 33, 2241 }, // U+1EE1
    { 12, 15, 187, 0, 12, 45, 2274 }, // U+1EE2
    { 10, 13, 146, 0, 10, 33, 2319 }, // U+1EE3
    { 11, 14, 172, 0, 11, 39, 2352 }, // U+1EE4
    { 10, 12, 152, 0, 9, 30, 2391 }, // U+1EE5
    { 11, 16, 172, 0, 15, 44, 2421 }, // U+1EE6
    { 10, 14, 152, 0, 13, 35, 2465 }, // U+1EE7
    { 12, 15, 187, 0, 14, 45, 2500 }, // U+1EE8
    { 11, 13, 162, 0, 12, 36, 2545 }, // U+1EE9
    { 12, 15, 187, 0, 14, 45, 2581 }, // U+1EEA
    { 11, 13, 162, 0, 12, 36, 2626 }, // U+1EEB
    { 12, 16, 187, 0, 15, 48, 2662 }, // U+1EEC
    { 11, 14, 162, 0, 13, 39, 2710 }, // U+1EED
    { 12, 15, 187, 0, 14, 45, 2749 }, // U+1EEE
    { 11, 13, 162, 0, 12, 36, 2794 }, // U+1EEF
    { 12, 15, 187, 0, 12, 45, 2830 }, // U+1EF0
    { 11, 13, 162, 0, 10, 36, 2875 }, // U+1EF1
    { 11, 14, 150, -1, 14, 39, 2911 }, // U+1EF2
    { 9, 16, 136, 0, 12, 36, 2950 }, // U+1EF3
    { 11, 14, 150, -1, 11, 39, 2986 }, // U+1EF4
    { 9, 13, 136, 0, 9, 30, 3025 }, // U+1EF5
    { 11, 15, 150, -1, 15, 42, 3055 }, // U+1EF6
    { 9, 17, 136, 0, 13, 39, 3097 }, // U+1EF7
    { 11, 14, 150, -1, 14, 39, 3136 }, // U+1EF8
    { 9, 16, 136, 0, 12, 36, 3175 }, // U+1EF9
    { 0, 0, 120, 0, 0, 0, 0 }, // U+2000
    { 0, 0, 240, 0, 0, 0, 0 }, // U+2001
    { 0, 0, 120, 0, 0, 0, 0 }, // U+2002
    { 0, 0, 240, 0, 0, 0, 0 }, // U+2003
    { 0, 0, 80, 0, 0, 0, 0 }, // U+2004
    { 0, 0, 60, 0, 0, 0, 0 }, // U+2005
    { 0, 0, 40, 0, 0, 0, 0 }, // U+2006
    { 0, 0, 134, 0, 0, 0, 0 }, // U+2007
    { 0, 0, 60, 0, 0, 0, 0 }, // U+2008
    { 0, 0, 40, 0, 0, 0, 0 }, // U+2009
    { 0, 0, 24, 0, 0, 0, 0 }, // U+200A
    { 0, 0, 0, 0, 0, 0, 0 }, // U+200B
    { 2, 12, 0, -1, 10, 6, 0 }, // U+200C
    { 4, 13, 0, -2, 11, 13, 6 }, // U+200D
    { 5, 13, 0, -1, 11, 17, 19 }, // U+200E
    { 5, 13, 0, -4, 11, 17, 36 }, // U+200F
    { 5, 2, 74, 0, 5, 3, 53 }, // U+2010
    { 5, 2, 74, 0, 5, 3, 56 }, // U+2011
    { 8, 1, 134, 0, 6, 2, 59 }, // U+2012
    { 9, 2, 120, -1, 5, 5, 61 }, // U+2013
    { 17, 2, 240, -1, 5, 9, 66 }, // U+2014
    { 17, 2, 240, -1, 5, 9, 75 }, // U+2015
    { 4, 16, 134, 2, 12, 16, 84 }, // U+2016
    { 8, 4, 99, -1, 0, 8, 100 }, // U+2017
    { 4, 5, 60, 0, 11, 5, 108 }, // U+2018
    { 3, 5, 60, 0, 11, 4, 113 }, // U+2019
    { 3, 5, 60, 0, 2, 4, 117 }, // U+201A
    { 4, 5, 60, 0, 11, 5, 121 }, // U+201B
    { 7, 5, 108, 0, 11, 9, 126 }, // U+201C
    { 6, 5, 108, 0, 11, 8, 135 }, // U+201D
    { 6, 5, 108, 0, 2, 8, 143 }, // U+201E
    { 7, 5, 108, 0, 11, 9, 151 }, // U+201F
    { 7, 14, 108, 0, 12, 25, 160 }, // U+2020
    { 7, 14, 108, 0, 12, 25, 185 }, // U+2021
    { 5, 5, 87, 0, 8, 7, 210 }, // U+2022
    { 6, 6, 120, 1, 8, 9, 217 }, // U+2023
    { 3, 3, 60, 0, 7, 3, 226 }, // U+2024
    { 8, 3, 129, 0, 7, 6, 229 }, // U+2025
    { 11, 3, 206, 1, 2, 9, 235 }, // U+2026
    { 3, 3, 60, 0, 5, 3, 244 }, // U+2027
    { 0, 0, 144, 0, 0, 0, 247 }, // U+2028
    { 0, 0, 144, 0, 0, 0, 247 }, // U+2029
    { 5, 12, 0, -1, 10, 15, 247 }, // U+202A
    { 5, 12, 0, -4, 10, 15, 262 }, // U+202B
    { 4, 13, 0, -2, 11, 13, 277 }, // U+202C
    { 4, 13, 0, -2, 11, 13, 290 }, // U+202D
    { 4, 13, 0, -2, 11, 13, 303 }, // U+202E
    { 0, 0, 40, 0, 0, 0, 316 }, // U+202F
    { 19, 12, 310, 0, 11, 57, 316 }, // U+2030
    { 25, 12, 405, 0, 11, 75, 373 }, // U+2031
    { 3, 4, 45, 0, 11, 3, 448 }, // U+2032
    { 6, 4, 90, 0, 11, 6, 451 }, // U+2033
    { 9, 4, 135, 0, 11, 9, 457 }, // U+2034
    { 3, 4, 45, 0, 11, 3, 466 }, // U+2035
    { 6, 4, 90, 0, 11, 6, 469 }, // U+2036
    { 9, 4, 135, 0, 11, 9, 475 }, // U+2037
    { 6, 5, 96, 0, 1, 8, 484 }, // U+2038
    { 5, 6, 80, 0, 7, 8, 492 }, // U+2039
    { 5, 6, 80, 0, 7, 8, 500 }, // U+203A
    { 12, 11, 197, 0, 11, 33, 508 }, // U+203B
    { 6, 12, 134, 1, 11, 18, 541 }, // U+203C
    { 8, 12, 130, 0, 11, 24, 559 }, // U+203D
    { 8, 2, 110, -1, 13, 4, 583 }, // U+203E
    { 12, 4, 0, -6, 0, 12, 587 }, // U+203F
    { 12, 4, 0, -6, 13, 12, 599 }, // U+2040
    { 7, 11, 108, 0, 11, 20, 611 }, // U+2041
    { 15, 12, 240, 0, 12, 45, 631 }, // U+2042
    { 5, 3, 87, 0, 7, 4, 676 }, // U+2043
    { 7, 11, 15, -3, 11, 20, 680 }, // U+2044
    { 4, 14, 86, 1, 12, 14, 700 }, // U+2045
    { 4, 14, 86, 0, 12, 14, 714 }, // U+2046
    { 14, 12, 229, 0, 11, 42, 728 }, // U+2047
    { 10, 12, 184, 0, 11, 30, 770 }, // U+2048
    { 10, 12, 182, 1, 11, 30, 800 }, // U+2049
    { 8, 12, 134, 0, 9, 24, 830 }, // U+204A
    { 9, 14, 148, 0, 12, 32, 854 }, // U+204B
    { 9, 7, 143, 0, 9, 16, 886 }, // U+204C
    { 9, 7, 143, 0, 9, 16, 902 }, // U+204D
    { 7, 7, 120, 0, 9, 13, 918 }, // U+204E
    { 3, 12, 69, 1, 9, 9, 931 }, // U+204F
    { 11, 12, 175, 0, 11, 33, 940 }, // U+2050
    { 7, 13, 120, 0, 12, 23, 973 }, // U+2051
    { 5, 12, 79, 0, 11, 15, 996 }, // U+2052
    { 8, 3, 134, 0, 7, 6, 1011 }, // U+2053
    { 12, 4, 0, -6, 0, 12, 1017 }, // U+2054
    { 8, 7, 130, 0, 9, 14, 1029 }, // U+2055
    { 8, 10, 147, 1, 9, 20, 1043 }, // U+2056
    { 11, 4, 166, 0, 11, 11, 1063 }, // U+2057
    { 9, 10, 170, 1, 9, 23, 1074 }, // U+2058
    { 9, 10, 170, 1, 9, 23, 1097 }, // U+2059
    { 3, 12, 69, 1, 11, 9, 1120 }, // U+205A
    { 9, 12, 170, 1, 11, 27, 1129 }, // U+205B
    { 9, 9, 167, 1, 9, 21, 1156 }, // U+205C
    { 3, 12, 69, 1, 11, 9, 1177 }, // U+205D
    { 3, 12, 69, 1, 11, 9, 1186 }, // U+205E
    { 0, 0, 53, 0, 0, 0, 1195 }, // U+205F
    { 0, 0, 144, 0, 0, 0, 1195 }, // U+2060
    { 0, 0, 144, 0, 0, 0, 1195 }, // U+2061
    { 0, 0, 144, 0, 0, 0, 1195 }, // U+2062
    { 0, 0, 144, 0, 0, 0, 1195 }, // U+2063
    { 0, 0, 144, 0, 0, 0, 1195 }, // U+2064
    { 0, 0, 0, 0, 0, 0, 1195 }, // U+2066
    { 0, 0, 0, 0, 0, 0, 1195 }, // U+2067
    { 0, 0, 0, 0, 0, 0, 1195 }, // U+2068
    { 0, 0, 0, 0, 0, 0, 1195 }, // U+2069
    { 4, 13, 0, -2, 11, 13, 1195 }, // U+206A
    { 4, 13, 0, -2, 11, 13, 1208 }, // U+206B
    { 4, 13, 0, -2, 11, 13, 1221 }, // U+206C
    { 4, 13, 0, -2, 11, 13, 1234 }, // U+206D
    { 4, 13, 0, -2, 11, 13, 1247 }, // U+206E
    { 4, 13, 0, -2, 11, 13, 1260 }, // U+206F
    { 6, 8, 96, 0, 13, 12, 0 }, // U+2070
    { 3, 8, 50, 0, 12, 6, 12 }, // U+2071
    { 6, 8, 96, 0, 13, 12, 18 }, // U+2074
    { 6, 8, 96, 0, 13, 12, 30 }, // U+2075
    { 6, 8, 96, 0, 13, 12, 42 }, // U+2076
    { 6, 8, 96, 0, 13, 12, 54 }, // U+2077
    { 6, 8, 96, 0, 13, 12, 66 }, // U+2078
    { 6, 8, 96, 0, 13, 12, 78 }, // U+2079
    { 6, 6, 94, 0, 12, 9, 90 }, // U+207A
    { 6, 2, 94, 0, 10, 3, 99 }, // U+207B
    { 6, 4, 94, 0, 11, 6, 102 }, // U+207C
    { 4, 10, 60, 0, 14, 10, 108 }, // U+207D
    { 4, 10, 60, -1, 14, 10, 118 }, // U+207E
    { 7, 6, 101, 0, 10, 11, 128 }, // U+207F
    { 6, 8, 96, 0, 6, 12, 139 }, // U+2080
    { 6, 8, 96, 0, 6, 12, 151 }, // U+2081
    { 6, 8, 96, 0, 6, 12, 163 }, // U+2082
    { 6, 8, 96, 0, 6, 12, 175 }, // U+2083
    { 6, 8, 96, 0, 6, 12, 187 }, // U+2084
    { 6, 8, 96, 0, 6, 12, 199 }, // U+2085
    { 6, 8, 96, 0, 6, 12, 211 }, // U+2086
    { 6, 8, 96, 0, 6, 12, 223 }, // U+2087
    { 6, 8, 96, 0, 6, 12, 235 }, // U+2088
    { 6, 8, 96, 0, 6, 12, 247 }, // U+2089
    { 6, 6, 94, 0, 5, 9, 259 }, // U+208A
    { 6, 2, 94, 0, 3, 3, 268 }, // U+208B
    { 6, 4, 94, 0, 4, 6, 271 }, // U+208C
    { 4, 10, 60, 0, 7, 10, 277 }, // U+208D
    { 4, 10, 60, -1, 7, 10, 287 }, // U+208E
    { 6, 6, 88, 0, 4, 9, 297 }, // U+2090
    { 5, 6, 84, 0, 4, 8, 306 }, // U+2091
    { 6, 6, 90, 0, 4, 9, 314 }, // U+2092
    { 6, 6, 90, 0, 4, 9, 323 }, // U+2093
    { 5, 6, 84, 0, 4, 8, 332 }, // U+2094
    { 6, 8, 99, 0, 6, 12, 340 }, // U+2095
    { 6, 8, 91, 0, 6, 12, 352 }, // U+2096
    { 3, 8, 48, 0, 6, 6, 364 }, // U+2097
    { 9, 6, 147, 0, 4, 14, 370 }, // U+2098
    { 7, 6, 101, 0, 4, 11, 384 }, // U+2099
    { 6, 8, 96, 0, 4, 12, 395 }, // U+209A
    { 4, 6, 70, 0, 4, 6, 407 }, // U+209B
    { 4, 7, 55, 0, 5, 7, 413 }, // U+209C
    { 10, 11, 159, 0, 11, 28, 0 }, // U+20A0
    { 9, 13, 147, 0, 12, 30, 28 }, // U+20A1
    { 9, 12, 147, 0, 11, 27, 58 }, // U+20A2
    { 8, 11, 134, 0, 11, 22, 85 }, // U+20A3
    { 8, 12, 134, 0, 11, 24, 107 }, // U+20A4
    { 14, 12, 227, 0, 10, 42, 131 }, // U+20A5
    { 10, 11, 159, 0, 11, 28, 173 }, // U+20A6
    { 12, 12, 197, 0, 11, 36, 201 }, // U+20A7
    { 15, 12, 245, 0, 11, 45, 237 }, // U+20A8
    { 17, 11, 251, -1, 11, 47, 282 }, // U+20A9
    { 11, 9, 214, 1, 9, 25, 329 }, // U+20AA
    { 9, 15, 147, 0, 12, 34, 354 }, // U+20AB
    { 8, 12, 134, 0, 11, 24, 388 }, // U+20AC
    { 11, 11, 168, 0, 11, 31, 412 }, // U+20AD
    { 9, 11, 134, 0, 11, 25, 443 }, // U+20AE
    { 15, 16, 240, 0, 13, 60, 468 }, // U+20AF
    { 9, 15, 134, -1, 11, 34, 528 }, // U+20B0
    { 9, 11, 145, 0, 11, 25, 562 }, // U+20B1
    { 11, 14, 171, 0, 12, 39, 587 }, // U+20B2
    { 11, 11, 169, 0, 11, 31, 626 }, // U+20B3
    { 9, 12, 131, 0, 11, 27, 657 }, // U+20B4
    { 9, 14, 147, 0, 12, 32, 684 }, // U+20B5
    { 9, 12, 142, 0, 11, 27, 716 }, // U+20B6
    { 8, 13, 134, 0, 11, 26, 743 }, // U+20B7
    { 8, 11, 134, 0, 11, 22, 769 }, // U+20B8
    { 8, 11, 134, 0, 11, 22, 791 }, // U+20B9
    { 9, 11, 134, 0, 11, 25, 813 }, // U+20BA
    { 10, 12, 157, 0, 11, 30, 838 }, // U+20BB
    { 10, 11, 189, 1, 11, 28, 868 }, // U+20BC
    { 9, 11, 142, 0, 11, 25, 896 }, // U+20BD
    { 10, 12, 161, 0, 12, 30, 921 }, // U+20BE
    { 8, 14, 134, 0, 12, 28, 951 }, // U+20BF
    { 7, 12, 118, 0, 9, 21, 979 }, // U+20C0
    { 8, 2, 139, 0, 6, 4, 0 }, // U+2212
    { 12, 12, 170, 0, 12, 36, 0 }, // U+FB00
    { 10, 12, 159, 0, 12, 30, 36 }, // U+FB01
    { 10, 12, 159, 0, 12, 30, 66 }, // U+FB02
    { 15, 12, 240, 0, 12, 45, 96 }, // U+FB03
    { 15, 12, 240, 0, 12, 45, 141 }, // U+FB04
    { 10, 13, 160, 0, 12, 33, 186 }, // U+FB05
    { 12, 13, 190, 0, 12, 39, 219 }, // U+FB06
    { 15, 15, 240, 0, 12, 57, 0 }, // U+FFFD
};

static const EpdUnicodeInterval notoserif_c15_regularIntervals[] = {
    { 0x0, 0x0, 0x0 },
    { 0xD, 0xD, 0x1 },
    { 0x20, 0x7E, 0x2 },
    { 0xA0, 0x17F, 0x61 },
    { 0x1A0, 0x1A1, 0x141 },
    { 0x1AF, 0x1B0, 0x143 },
    { 0x1C4, 0x21F, 0x145 },
    { 0x250, 0x36F, 0x1A1 },
    { 0x400, 0x4FF, 0x2C1 },
    { 0x1EA0, 0x1EF9, 0x3C1 },
    { 0x2000, 0x2064, 0x41B },
    { 0x2066, 0x2071, 0x480 },
    { 0x2074, 0x208E, 0x48C },
    { 0x2090, 0x209C, 0x4A7 },
    { 0x20A0, 0x20C0, 0x4B4 },
    { 0x2212, 0x2212, 0x4D5 },
    { 0xFB00, 0xFB06, 0x4D6 },
    { 0xFFFD, 0xFFFD, 0x4DD },
};

static const EpdFontGroup notoserif_c15_regularGroups[] = {
    { 0, 1469, 2460, 97, 0 },
    { 1469, 1285, 2845, 96, 97 },
    { 2754, 1590, 4524, 128, 193 },
    { 4344, 1625, 3886, 96, 321 },
    { 5969, 1993, 3678, 176, 417 },
    { 7962, 502, 681, 112, 593 },
    { 8464, 4147, 9214, 256, 705 },
    { 12611, 902, 3565, 90, 961 },
    { 13513, 864, 1485, 111, 1051 },
    { 14377, 288, 539, 42, 1162 },
    { 14665, 857, 1160, 33, 1204 },
    { 15522, 6, 4, 1, 1237 },
    { 15528, 163, 282, 7, 1238 },
    { 15691, 55, 60, 1, 1245 },
};

static const uint16_t notoserif_c15_regularKernLeftCodepoints[] = {
    0x0022, 0x0026, 0x0027, 0x002A, 0x002C, 0x002E, 0x0040, 0x0041, 0x0042, 0x0044, 0x0045, 0x0046,
    0x0047, 0x004B, 0x004C, 0x004E, 0x004F, 0x0050, 0x0051, 0x0052, 0x0053, 0x0054, 0x0055, 0x0056,
    0x0057, 0x0058, 0x0059, 0x0061, 0x0062, 0x0065, 0x0066, 0x0067, 0x0068, 0x006B, 0x006D, 0x006E,
    0x006F, 0x0070, 0x0072, 0x0073, 0x0076, 0x0077, 0x0079, 0x00A1, 0x00BF, 0x00C0, 0x00C1, 0x00C2,
    0x00C3, 0x00C4, 0x00C5, 0x00C6, 0x00C8, 0x00C9, 0x00CA, 0x00CB, 0x00D0, 0x00D1, 0x00D2, 0x00D3,
    0x00D4, 0x00D5, 0x00D6, 0x00D8, 0x00D9, 0x00DA, 0x00DB, 0x00DC, 0x00DD, 0x00DE, 0x00DF, 0x00E0,
    0x00E1, 0x00E2, 0x00E3, 0x00E4, 0x00E5, 0x00E6, 0x00E8, 0x00E9, 0x00EA, 0x00EB, 0x00F0, 0x00F1,
    0x00F2, 0x00F3, 0x00F4, 0x00F5, 0x00F6, 0x00F8, 0x00FD, 0x00FE, 0x00FF, 0x0100, 0x0102, 0x0104,
    0x010E, 0x010F, 0x0110, 0x0112, 0x0113, 0x0114, 0x0115, 0x0116, 0x0117, 0x0118, 0x0119, 0x011A,
    0x011B, 0x011C, 0x011E, 0x0120, 0x0122, 0x0125, 0x0127, 0x0129, 0x0136, 0x0137, 0x0138, 0x0139,
    0x013B, 0x013E, 0x0141, 0x0143, 0x0144, 0x0145, 0x0146, 0x0147, 0x0148, 0x0149, 0x014B, 0x014C,
    0x014D, 0x014E, 0x014F, 0x0150, 0x0151, 0x0152, 0x0153, 0x0154, 0x0155, 0x0156, 0x0157, 0x0158,
    0x0159, 0x015A, 0x015B, 0x015C, 0x015D, 0x015E, 0x015F, 0x0160, 0x0161, 0x0162, 0x0164, 0x0165,
    0x0166, 0x0168, 0x016A, 0x016C, 0x016E, 0x0170, 0x0172, 0x0174, 0x0175, 0x0176, 0x0177, 0x0178,
    0x01A0, 0x01A1, 0x01AF, 0x01B0, 0x01FA, 0x01FC, 0x01FD, 0x01FE, 0x01FF, 0x0218, 0x0219, 0x021A,
    0x0259, 0x029B, 0x02B0, 0x02B3, 0x02B4, 0x0402, 0x0409, 0x040A, 0x040E, 0x0423, 0x042A, 0x042C,
    0x0431, 0x043E, 0x0440, 0x0444, 0x044D, 0x044E, 0x0457, 0x0460, 0x0462, 0x0465, 0x0466, 0x0468,
    0x046A, 0x046C, 0x046E, 0x046F, 0x0472, 0x0473, 0x0474, 0x0476, 0x0478, 0x0479, 0x047A, 0x047B,
    0x047C, 0x047D, 0x047E, 0x0481, 0x048C, 0x048D, 0x048E, 0x048F, 0x0490, 0x0491, 0x0493, 0x0494,
    0x0496, 0x0497, 0x0498, 0x0499, 0x049A, 0x049B, 0x049C, 0x049D, 0x049E, 0x049F, 0x04A0, 0x04A1,
    0x04A3, 0x04A4, 0x04A5, 0x04A6, 0x04A8, 0x04AB, 0x04AC, 0x04AD, 0x04B2, 0x04B3, 0x04B5, 0x04B7,
    0x04BA, 0x04BC, 0x04BD, 0x04BE, 0x04BF, 0x04C3, 0x04C6, 0x04D0, 0x04D1, 0x04D2, 0x04D3, 0x04D4,
    0x04D5, 0x04D6, 0x04D7, 0x04D8, 0x04D9, 0x04DA, 0x04DB, 0x04E0, 0x04E6, 0x04E7, 0x04E8, 0x04E9,
    0x04EA, 0x04EB, 0x04ED, 0x04EE, 0x04EF, 0x04F0, 0x04F1, 0x04F2, 0x04F3, 0x04F6, 0x04F7, 0x04FB,
    0x04FC, 0x04FD, 0x04FE, 0x04FF, 0x1EA0, 0x1EA1, 0x1EA2, 0x1EA3, 0x1EA4, 0x1EA5, 0x1EA6, 0x1EA7,
    0x1EA8, 0x1EA9, 0x1EAA, 0x1EAB, 0x1EAC, 0x1EAD, 0x1EAE, 0x1EAF, 0x1EB0, 0x1EB1, 0x1EB2, 0x1EB3,
    0x1EB4, 0x1EB5, 0x1EB6, 0x1EB7, 0x1EB8, 0x1EB9, 0x1EBA, 0x1EBB, 0x1EBC, 0x1EBD, 0x1EBE, 0x1EBF,
    0x1EC0, 0x1EC1, 0x1EC2, 0x1EC3, 0x1EC4, 0x1EC5, 0x1EC6, 0x1EC7, 0x1ECC, 0x1ECD, 0x1ECE, 0x1ECF,
    0x1ED0, 0x1ED1, 0x1ED2, 0x1ED3, 0x1ED4, 0x1ED5, 0x1ED6, 0x1ED7, 0x1ED8, 0x1ED9, 0x1EDA, 0x1EDB,
    0x1EDC, 0x1EDD, 0x1EDE, 0x1EDF, 0x1EE0, 0x1EE1, 0x1EE2, 0x1EE3, 0x1EE4, 0x1EE6, 0x1EE8, 0x1EE9,
    0x1EEA, 0x1EEB, 0x1EEC, 0x1EED, 0x1EEE, 0x1EEF, 0x1EF0, 0x1EF1, 0x1EF2, 0x1EF3, 0x1EF4, 0x1EF5,
    0x1EF6, 0x1EF7, 0x1EF8, 0x1EF9, 0x2018, 0x2019, 0x201A, 0x201C, 0x201D, 0x201E, 0x2026, 0x207D,
    0x208D, 0xFB00,
};

static const uint8_t notoserif_c15_regularKernLeftClassIds[] = {
      1,   2,   1,   3,   4,   4,   5,   6,   7,   8,   9,  10,  11,  12,  13,  14,
      8,   3,   8,  15,  16,  17,  18,  19,  20,  21,  22,  23,  24,  25,  26,  27,
     23,  28,  23,  23,  24,  24,  29,  30,  31,  32,  33,  34,  35,  36,  36,  36,
     36,  36,  36,   9,   9,   9,   9,   9,   8,  14,   8,   8,   8,   8,   8,   8,
     18,  18,  18,  18,  22,   8,  24,  23,  23,  23,  23,  23,  23,  25,  25,  25,
     25,  25,  24,  23,  24,  24,  24,  24,  24,  24,  33,  24,  33,   6,  36,  36,
      8,  37,   8,   9,  25,   9,  25,   9,  25,   9,  25,   9,  25,  11,  11,  11,
     11,  23,  23,  38,  12,  28,  28,  13,  13,  37,  13,  14,  23,  14,  23,  14,
     23,  23,  23,   8,  24,   8,  24,   8,  24,   9,  25,  15,  29,  15,  29,  15,
     29,  16,  30,  16,  30,  16,  30,  16,  30,  17,  17,  39,  17,  18,  18,  18,
     18,  18,  18,  20,  32,  22,  33,  22,  40,  41,  42,  43,   6,   9,  25,   8,
     24,  16,  30,  17,  44,  45,  46,  47,  47,  48,  49,  49,  50,  50,  49,  49,
     51,  52,  52,  53,  53,  53,  54,  55,  56,  57,  58,  58,  59,  59,  60,  24,
     55,  52,  61,  61,  33,  62,  55,  52,  55,  24,  55,  57,  56,  24,  63,  52,
     64,  65,  65,  66,  59,  67,  60,  52,  59,  67,  59,  67,  59,  67,  59,  67,
     68,  64,  65,  66,  55,  57,  64,  65,  69,  67,  68,  68,  66,  55,  52,  55,
     52,  66,  68,  58,  23,  58,  23,  70,  52,  70,  52,  55,  52,  55,  52,  60,
     55,  52,  55,  52,  55,  52,  52,  50,  62,  50,  62,  50,  62,  64,  65,  65,
     69,  67,  69,  67,  36,  23,  36,  23,  36,  23,  36,  23,  36,  23,  36,  23,
     36,  23,  36,  23,  36,  23,  36,  23,  36,  23,  36,  23,   9,  25,   9,  25,
      9,  25,   9,  25,   9,  25,   9,  25,   9,  25,   9,  25,   8,  24,   8,  24,
      8,  24,   8,  24,   8,  24,   8,  24,   8,  24,  40,  41,  40,  41,  40,  41,
     40,  41,  40,  41,  18,  18,  42,  43,  42,  43,  42,  43,  42,  43,  42,  43,
     22,  33,  22,  33,  22,  33,  22,  33,  71,  72,   4,  71,  72,   4,   4,  73,
     74,  26,
};

static const uint16_t notoserif_c15_regularKernRightCodepoints[] = {
    0x0021, 0x0022, 0x0026, 0x0027, 0x0029, 0x002A, 0x002C, 0x002E, 0x003A, 0x003B, 0x003F, 0x0040,
    0x0041, 0x0042, 0x0043, 0x0044, 0x0045, 0x0046, 0x0047, 0x0048, 0x0049, 0x004A, 0x004B, 0x004C,
    0x004D, 0x004E, 0x004F, 0x0050, 0x0051, 0x0052, 0x0053, 0x0054, 0x0055, 0x0056, 0x0057, 0x0058,
    0x0059, 0x005A, 0x005D, 0x0061, 0x0062, 0x0063, 0x0064, 0x0065, 0x0067, 0x0068, 0x0069, 0x006B,
    0x006C, 0x006D, 0x006E, 0x006F, 0x0070, 0x0071, 0x0072, 0x0073, 0x0074, 0x0075, 0x0076, 0x0077,
    0x0078, 0x0079, 0x007A, 0x007D, 0x00AB, 0x00B7, 0x00BB, 0x00C0, 0x00C1, 0x00C2, 0x00C3, 0x00C4,
    0x00C5, 0x00C6, 0x00C7, 0x00C8, 0x00C9, 0x00CA, 0x00CB, 0x00CC, 0x00CD, 0x00CE, 0x00CF, 0x00D0,
    0x00D1, 0x00D2, 0x00D3, 0x00D4, 0x00D5, 0x00D6, 0x00D8, 0x00D9, 0x00DA, 0x00DB, 0x00DC, 0x00DD,
    0x00DE, 0x00E0, 0x00E1, 0x00E2, 0x00E3, 0x00E4, 0x00E5, 0x00E6, 0x00E7, 0x00E8, 0x00E9, 0x00EA,
    0x00EB, 0x00EC, 0x00ED, 0x00EE, 0x00EF, 0x00F0, 0x00F1, 0x00F2, 0x00F3, 0x00F4, 0x00F5, 0x00F6,
    0x00F8, 0x00F9, 0x00FA, 0x00FB, 0x00FC, 0x00FD, 0x00FE, 0x00FF, 0x0100, 0x0101, 0x0102, 0x0103,
    0x0104, 0x0105, 0x0106, 0x0107, 0x0108, 0x0109, 0x010A, 0x010B, 0x010C, 0x010D, 0x010E, 0x010F,
    0x0110, 0x0111, 0x0112, 0x0113, 0x0114, 0x0115, 0x0116, 0x0117, 0x0118, 0x0119, 0x011A, 0x011B,
    0x011C, 0x011D, 0x011E, 0x011F, 0x0120, 0x0121, 0x0122, 0x0123, 0x0124, 0x0125, 0x0126, 0x0127,
    0x0128, 0x0129, 0x012A, 0x012B, 0x012C, 0x012D, 0x012E, 0x012F, 0x0130, 0x0132, 0x0133, 0x0134,
    0x0136, 0x0137, 0x0138, 0x0139, 0x013A, 0x013B, 0x013C, 0x013D, 0x013E, 0x013F, 0x0140, 0x0141,
    0x0142, 0x0143, 0x0144, 0x0145, 0x0146, 0x0147, 0x0148, 0x014A, 0x014B, 0x014C, 0x014D, 0x014E,
    0x014F, 0x0150, 0x0151, 0x0152, 0x0153, 0x0154, 0x0155, 0x0156, 0x0157, 0x0158, 0x015A, 0x015B,
    0x015C, 0x015D, 0x015E, 0x015F, 0x0160, 0x0161, 0x0162, 0x0163, 0x0164, 0x0165, 0x0166, 0x0167,
    0x0168, 0x0169, 0x016A, 0x016B, 0x016C, 0x016D, 0x016E, 0x016F, 0x0170, 0x0171, 0x0172, 0x0173,
    0x0174, 0x0175, 0x0176, 0x0177, 0x0178, 0x0179, 0x017A, 0x017B, 0x017C, 0x017D, 0x017E, 0x01A0,
    0x01A1, 0x01AF, 0x01B0, 0x01FA, 0x01FB, 0x01FC, 0x01FD, 0x01FE, 0x01FF, 0x0218, 0x0219, 0x021A,
    0x021B, 0x0402, 0x040B, 0x040E, 0x0416, 0x0422, 0x0423, 0x0425, 0x0427, 0x042A, 0x042F, 0x0431,
    0x0436, 0x0443, 0x0445, 0x0447, 0x0451, 0x0456, 0x045E, 0x0460, 0x0462, 0x0466, 0x046A, 0x046E,
    0x0472, 0x0473, 0x0478, 0x0479, 0x047A, 0x047B, 0x047C, 0x047D, 0x047E, 0x0480, 0x0481, 0x0496,
    0x0498, 0x0499, 0x04A0, 0x04A1, 0x04A8, 0x04A9, 0x04AA, 0x04AB, 0x04AC, 0x04AD, 0x04B2, 0x04B4,
    0x04B5, 0x04B6, 0x04B7, 0x04B8, 0x04B9, 0x04C1, 0x04C2, 0x04CB, 0x04CC, 0x04D0, 0x04D2, 0x04D4,
    0x04D5, 0x04D7, 0x04D8, 0x04D9, 0x04DA, 0x04DC, 0x04DD, 0x04E0, 0x04E1, 0x04E6, 0x04E7, 0x04E8,
    0x04E9, 0x04EA, 0x04EB, 0x04EE, 0x04EF, 0x04F0, 0x04F1, 0x04F2, 0x04F3, 0x04F4, 0x04F5, 0x04FC,
    0x04FE, 0x1EA0, 0x1EA1, 0x1EA2, 0x1EA3, 0x1EA4, 0x1EA5, 0x1EA6, 0x1EA7, 0x1EA8, 0x1EA9, 0x1EAA,
    0x1EAB, 0x1EAC, 0x1EAD, 0x1EAE, 0x1EAF, 0x1EB0, 0x1EB1, 0x1EB2, 0x1EB3, 0x1EB4, 0x1EB5, 0x1EB6,
    0x1EB7, 0x1EB8, 0x1EB9, 0x1EBA, 0x1EBB, 0x1EBC, 0x1EBD, 0x1EBE, 0x1EBF, 0x1EC0, 0x1EC1, 0x1EC2,
    0x1EC3, 0x1EC4, 0x1EC5, 0x1EC6, 0x1EC7, 0x1EC9, 0x1ECB, 0x1ECC, 0x1ECD, 0x1ECE, 0x1ECF, 0x1ED0,
    0x1ED1, 0x1ED2, 0x1ED3, 0x1ED4, 0x1ED5, 0x1ED6, 0x1ED7, 0x1ED8, 0x1ED9, 0x1EDA, 0x1EDB, 0x1EDC,
    0x1EDD, 0x1EDE, 0x1EDF, 0x1EE0, 0x1EE1, 0x1EE2, 0x1EE3, 0x1EE4, 0x1EE5, 0x1EE6, 0x1EE7, 0x1EE8,
    0x1EE9, 0x1EEA, 0x1EEB, 0x1EEC, 0x1EED, 0x1EEE, 0x1EEF, 0x1EF0, 0x1EF1, 0x1EF2, 0x1EF3, 0x1EF4,
    0x1EF5, 0x1EF6, 0x1EF7, 0x1EF8, 0x1EF9, 0x2018, 0x2019, 0x201A, 0x201C, 0x201D, 0x201E, 0x2026,
    0x2039, 0x203A, 0x207E, 0x208E,
};

static const uint8_t notoserif_c15_regularKernRightClassIds[] = {
      1,   2,   3,   2,   4,   5,   6,   7,   8,   8,   9,  10,  11,  12,  13,  12,
     12,  12,  13,  12,  12,  14,  12,  12,  12,  12,  13,  12,  13,  12,  15,  16,
     17,  18,  19,  20,  21,  22,   4,  23,  24,  25,  25,  25,  26,  24,  27,  24,
     24,  27,  27,  25,  27,  25,  27,  28,  29,  30,  31,  32,  33,  34,  35,   4,
     36,  37,  36,  11,  11,  11,  11,  11,  11,  38,  13,  12,  12,  12,  12,  12,
     12,  12,  12,  12,  12,  13,  13,  13,  13,  13,  13,  17,  17,  17,  17,  21,
     12,  23,  23,  23,  23,  23,  23,  23,  25,  25,  25,  25,  25,  39,  27,  39,
     39,  25,  27,  25,  25,  25,  25,  25,  25,  30,  30,  30,  30,  34,  24,  34,
     11,  23,  11,  23,  11,  23,  13,  25,  13,  25,  13,  25,  13,  25,  12,  25,
     12,  25,  12,  25,  12,  25,  12,  25,  12,  25,  12,  25,  13,  25,  13,  25,
     13,  25,  13,  25,  12,  24,  12,  24,  12,  40,  12,  39,  12,  39,  12,  27,
     12,  12,  27,  14,  12,  24,  27,  12,  24,  12,  24,  12,  24,  12,  24,  12,
     24,  12,  27,  12,  27,  12,  27,  12,  27,  13,  25,  13,  25,  13,  25,  13,
     25,  12,  27,  12,  27,  12,  15,  28,  15,  28,  15,  28,  15,  28,  16,  29,
     16,  29,  16,  29,  17,  30,  17,  30,  17,  30,  17,  30,  17,  30,  17,  30,
     19,  32,  21,  34,  21,  22,  35,  22,  35,  22,  35,  13,  25,  17,  30,  11,
     23,  38,  23,  13,  25,  15,  28,  16,  29,  41,  41,  42,  41,  41,  42,  41,
     43,  41,  44,  45,  46,  47,  46,  48,  49,  50,  47,  51,  16,  52,  53,  54,
     51,  55,  51,  55,  51,  55,  51,  25,  51,  51,  55,  53,  54,  56,  57,  58,
     51,  55,  51,  55,  57,  58,  53,  57,  58,  59,  60,  43,  48,  41,  46,  59,
     60,  52,  52,  38,  61,  55,  51,  61,  51,  41,  46,  54,  35,  51,  55,  51,
     55,  51,  55,  42,  62,  42,  62,  42,  62,  43,  48,  53,  53,  11,  23,  11,
     23,  11,  23,  11,  23,  11,  23,  11,  23,  11,  23,  11,  23,  11,  23,  11,
     23,  11,  23,  11,  23,  12,  25,  12,  25,  12,  25,  12,  25,  12,  25,  12,
     25,  12,  25,  12,  25,  27,  27,  13,  25,  13,  25,  13,  25,  13,  25,  13,
     25,  13,  25,  13,  25,  13,  25,  13,  25,  13,  25,  13,  25,  13,  25,  17,
     30,  17,  30,  17,  30,  17,  30,  17,  30,  17,  30,  17,  30,  21,  34,  21,
     34,  21,  34,  21,  34,  63,   5,   7,  63,   5,   7,   7,  36,  36,  64,  65,
};

static const uint16_t notoserif_c15_regularKernRowOffsets[] = {
        0,     5,    10,    16,    32,    34,    50,    64,    77,    80,    89,    95,   101,   113,   114,   125,
      137,   148,   153,   165,   176,   180,   194,   199,   205,   208,   213,   214,   216,   220,   222,   225,
      228,   231,   234,   239,   255,   271,   272,   276,   295,   304,   320,   326,   327,   328,   329,   330,
      339,   340,   342,   347,   350,   354,   356,   363,   369,   370,   388,   402,   411,   425,   427,   431,
      445,   449,   456,   460,   461,   472,   473,   476,   483,   484,   485,
};

static const uint8_t notoserif_c15_regularKernSparseCols[] = {
     10,  24,  25,  37,  51,   8,  15,  17,  18,  20,   2,   5,   6,  10,  37,  51,
      8,  12,  15,  16,  17,  18,  20,  30,  31,  33,  50,  56,  57,  58,  59,  61,
     10,  20,   1,   4,   8,  12,  15,  16,  17,  18,  20,  24,  25,  29,  30,  31,
     33,  62,   4,   8,  10,  15,  17,  18,  19,  20,  21,  31,  33,  37,  51,  56,
      5,   6,   8,  10,  15,  17,  18,  19,  20,  37,  51,  52,  56,  17,  18,  20,
      2,   5,   6,   9,  10,  22,  24,  25,  37,   8,  15,  17,  18,  20,  37,  12,
     24,  25,  29,  31,  33,   1,   4,   8,  15,  17,  18,  20,  30,  31,  33,  36,
     62,  35,   4,   8,  12,  15,  16,  17,  18,  20,  30,  31,  33,   8,  10,  15,
     17,  18,  19,  20,  31,  33,  37,  51,  56,   2,   5,   6,   9,  10,  12,  22,
     24,  25,  27,  37,   5,   6,   9,  10,  37,   2,   5,   6,   9,  10,  12,  22,
     24,  25,  27,  37,  51,   5,   6,   9,  10,  12,  22,  24,  25,  27,  34,  37,
     12,  14,  31,  33,   2,   5,   6,   9,  10,  12,  14,  22,  24,  25,  27,  34,
     37,  51,   1,  33,  58,  59,  61,  17,  18,  20,  33,  58,  61,  17,  18,  20,
      1,   3,   4,  38,  39,  18,  24,  25,   4,   5,   6,  22,  20,  58,   5,   6,
     10,   5,   6,  10,   5,   6,  10,  17,  18,  20,   8,  15,  17,  18,  20,   1,
      4,   8,  12,  15,  16,  17,  18,  20,  24,  25,  29,  30,  31,  33,  62,   0,
      1,   3,   4,   8,  11,  13,  15,  16,  17,  18,  19,  20,  21,  23,  62,  39,
      1,   3,   8,  23,   5,   6,   7,   8,  10,  15,  17,  18,  20,  22,  24,  25,
     26,  27,  28,  30,  31,  32,  33,   4,   5,   6,  26,  28,  29,  30,  31,  33,
      5,   6,   7,  10,  12,  22,  24,  25,  26,  27,  28,  29,  30,  31,  33,  34,
      4,   5,   6,  26,  28,  30,  61,  23,  33,  22,   1,   8,  15,  42,  45,  46,
     47,  56,  62,  56,  48,  49,  40,  41,  56,  58,  59,  56,  58,  59,  42,  56,
     58,  59,  42,  62,   5,   6,  37,  51,  52,  56,  58,   1,   4,  56,  58,  59,
     62,  58,   1,   4,   8,  12,  15,  17,  20,  24,  25,  29,  31,  33,  50,  56,
     57,  58,  59,  62,  12,  24,  25,  29,  31,  33,  44,  50,  53,  54,  57,  58,
     59,  61,   5,   6,  31,  33,  37,  51,  52,  57,  58,   5,   6,  12,  22,  24,
     25,  27,  37,  50,  51,  53,  54,  55,  60,   5,   6,   5,   6,  37,  51,   5,
      6,  12,  22,  24,  25,  27,  37,  43,  50,  51,  54,  55,  60,   4,   5,   6,
     51,   1,   4,   8,  15,  56,  58,  61,  24,  25,  54,  60,   3,  12,  24,  25,
     29,  31,  33,  50,  53,  57,  58,  61,  57,  10,  37,  51,  10,  12,  22,  24,
     25,  27,  39,  63,  64,
};

static const int8_t notoserif_c15_regularKernSparseValues[] = {
     -19,   -5,  -14,  -29,  -19,   -7,   -7,  -10,  -10,   -7,   -2,  -29,  -29,  -12,  -19,  -12,
     -22,   -5,  -22,   -5,  -26,  -22,  -19,  -17,  -14,  -12,   -5,  -22,  -17,  -19,  -12,  -12,
      -7,   -2,  -19,  -17,  -14,   -5,  -14,   -5,  -19,  -17,  -17,   -5,   -5,   -5,  -14,   -7,
     -12,  -17,   -5,   -5,   -5,   -5,  -10,   -7,   -5,  -10,   -5,   -2,   -5,   -7,   -5,   -5,
      -5,   -5,   -5,   -5,   -5,   -5,   -5,   -5,   -7,  -12,   -5,   -5,   -5,   -5,   -5,   -5,
      -5,  -29,  -29,  -10,  -17,  -10,  -10,  -10,  -26,   -5,   -5,   -5,   -5,   -5,   -5,   -5,
      -5,   -5,   -5,   -7,   -7,  -14,  -19,  -17,  -17,  -12,  -12,  -14,   -5,   -2,   -7,   -5,
     -19,   -2,   -5,   -5,   -5,   -5,   -2,   -7,   -7,   -7,   -2,   -2,   -5,   -5,   -5,   -5,
      -5,   -5,   -5,   -5,   -2,   -5,   -5,   -5,   -5,   -2,  -22,  -22,   -7,  -14,   -5,   -7,
     -12,  -12,   -1,  -19,   -5,   -5,   -2,   -5,  -10,   -7,  -26,  -26,  -12,  -19,   -5,  -14,
     -14,  -14,  -10,  -31,  -19,  -22,  -22,  -12,  -17,   -5,  -17,  -14,  -14,  -12,   -7,  -31,
      -5,   -2,   -7,  -12,   -2,  -19,  -19,  -10,  -17,   -7,   -5,  -14,  -17,  -17,  -14,   -5,
     -22,  -17,  -10,   -5,   -7,   -5,   -5,  -14,  -14,  -17,   -5,   -7,   -5,  -14,  -14,  -14,
      19,   22,   19,   10,   10,   -5,   -5,   -5,    7,  -31,  -31,   -5,  -14,   -5,  -12,  -17,
     -14,  -17,  -17,   -7,  -22,  -22,  -12,   -7,   -5,   -7,   -5,   -5,  -12,  -12,  -12,  -19,
     -17,  -14,   -5,  -14,   -5,  -19,  -17,  -17,   -5,   -5,   -5,  -12,   -7,  -12,  -17,    5,
      12,   19,   10,   26,   12,   14,   12,   17,   19,   17,   17,   24,   10,   22,    2,   14,
       5,   12,    5,   10,   -5,   -5,   -2,    5,  -10,    5,    5,    5,    5,   -5,   -5,   -5,
      -2,   -5,   -2,   -5,   -5,   -5,   -5,    5,   -5,   -5,    5,    7,    5,    7,    7,    7,
      -5,   -5,   -2,  -14,   -5,  -12,  -12,  -12,   -7,  -14,   -2,   -7,   -5,   -5,   -5,   -7,
       5,   -2,   -2,    5,    7,    7,   -5,   10,   -3,   -3,  -10,   -2,   -2,  -10,   -2,  -10,
      -7,   -7,  -12,   -7,  -13,   -7,   -5,   -2,   -7,   -7,   -2,   -7,   -7,   -2,   -7,   -7,
      -7,   -2,   -2,   -2,   -5,   -5,  -12,   -5,   -5,   -5,   -5,   -7,  -12,   -7,   -7,   -5,
      -7,   -7,  -19,  -17,  -14,   -5,  -14,  -19,  -17,   -5,   -5,   -5,   -7,  -12,   -5,  -14,
     -10,  -22,  -10,  -17,   -5,   -5,   -5,   -5,   -7,   -7,   -5,   -5,   -5,   -5,   -7,   -5,
      -5,   -5,   -5,   -5,   -2,   -5,   -7,   -5,   -5,   -5,  -10,  -24,  -24,   -5,  -14,  -14,
     -14,  -10,  -31,   -5,  -24,   -5,  -10,   -7,  -10,  -22,  -22,  -29,  -29,  -19,  -12,  -22,
     -22,   -5,   -7,   -7,   -7,   -2,  -19,   -5,   -5,  -14,   -7,   -7,   -7,    7,  -17,  -17,
      -7,  -14,  -17,  -17,  -17,  -17,  -17,   -7,   -5,   -5,   -5,   -5,    5,   -5,   -5,   -5,
      -5,   -7,  -12,   -5,   -5,  -10,   -5,   -7,   -5,  -17,  -34,  -17,  -24,   -5,   -7,  -10,
     -10,  -12,    2,   12,   12,
};

static const EpdLigaturePair notoserif_c15_regularLigaturePairs[] = {
    { 0x00660066, 0xFB00 }, // f f -> U+FB00
    { 0x00660069, 0xFB01 }, // f i -> U+FB01
    { 0x0066006C, 0xFB02 }, // f l -> U+FB02
    { 0xFB000069, 0xFB03 }, // U+FB00 i -> U+FB03
    { 0xFB00006C, 0xFB04 }, // U+FB00 l -> U+FB04
};

static const EpdFontData notoserif_c15_regular = {
    notoserif_c15_regularBitmaps,
    notoserif_c15_regularGlyphs,
    notoserif_c15_regularIntervals,
    18,
    20,
    17,
    -5,
    true,
    notoserif_c15_regularGroups,
    14,
    nullptr,
    nullptr,  // kernLeftClasses: built-in fonts use the split arrays below
    nullptr,  // kernRightClasses
    notoserif_c15_regularKernLeftCodepoints,
    notoserif_c15_regularKernLeftClassIds,
    notoserif_c15_regularKernRightCodepoints,
    notoserif_c15_regularKernRightClassIds,
    nullptr,  // kernMatrix: built-in fonts use the sparse form below
    notoserif_c15_regularKernRowOffsets,
    notoserif_c15_regularKernSparseCols,
    notoserif_c15_regularKernSparseValues,
    386,
    448,
    74,
    65,
    notoserif_c15_regularLigaturePairs,
    5,
};
