/**
 * generated by fontconvert.py
 * name: notosans_c17_bold
 * size: 0
 * mode: 2-bit  compressed: true
 * Command used: fontconvert.py notosans_c17_bold 0 ../builtinFonts/source/NotoSans/NotoSans-Bold.ttf --2bit --compress --pnum --ppem 17
 */
#pragma once
#include "EpdFontData.h"

static const uint8_t notosans_c17_boldBitmaps[17035] = {
    0x95, 0x56, 0x3F, 0x6C, 0xDD, 0xC6, 0x19, 0xFF, 0x48, 0x4A, 0x26, 0x10, 0x02, 0xBE, 0x57, 0xA0,
    0x06, 0x02, 0x14, 0xD5, 0x2D, 0x1E, 0x52, 0xA7, 0xF6, 0xAD, 0x19, 0x1E, 0xC9, 0x03, 0x32, 0x74,
    0xE8, 0x50, 0x01, 0x95, 0x87, 0x4E, 0x5E, 0x3A, 0x19, 0x2D, 0xB4, 0x04, 0x85, 0x0A, 0xF3, 0x89,
    0x87, 0x76, 0xEC, 0x60, 0xEF, 0x1D, 0x9A, 0xC1, 0x43, 0xE1, 0x0C, 0xF2, 0x60, 0x14, 0x06, 0x4A,
    0x89, 0x97, 0x66, 0xC8, 0xD0, 0xC1, 0x0C, 0x32, 0x66, 0x08, 0x51, 0xA5, 0xE8, 0xD0, 0x41, 0x87,
    0x86, 0x75, 0x9E, 0x6A, 0x3E, 0x5E, 0x7F, 0x1F, 0xF9, 0xA4, 0xC8, 0xB6, 0x5C, 0xA0, 0xFC, 0x3E,
    0x82, 0xBC, 0xE3, 0xF1, 0xFB, 0xF3, 0xFB, 0xFE, 0xDC, 0x51, 0x9E, 0x67, 0xB8, 0x6E, 0xDD, 0xA4,
    0xB7, 0xF3, 0x8C, 0x88, 0xFE, 0xED, 0x3A, 0xD0, 0x63, 0x37, 0xD3, 0x18, 0xD0, 0xDF, 0x6C, 0x70,
    0x6C, 0x83, 0xCF, 0xED, 0xBB, 0xFE, 0xAB, 0xDC, 0x2F, 0xA3, 0xBF, 0x52, 0x7C, 0x9F, 0x6A, 0xEF,
    0x76, 0x0F, 0x3E, 0x14, 0xDF, 0x27, 0xF1, 0x43, 0xBA, 0x3A, 0x27, 0x7A, 0x40, 0xE1, 0x29, 0x29,
    0x6F, 0xF2, 0x7F, 0xEA, 0xF4, 0x01, 0xE5, 0x0D, 0xC9, 0x25, 0x05, 0x5E, 0xD3, 0x81, 0x9D, 0xFD,
    0xDE, 0xEE, 0x63, 0x7E, 0xA0, 0xA0, 0xE5, 0x65, 0x01, 0x04, 0xAA, 0x66, 0x8B, 0x52, 0x37, 0xA7,
    0x3D, 0xB7, 0x47, 0x7B, 0x4F, 0x1C, 0xED, 0xFD, 0xEB, 0x33, 0x9D, 0x7E, 0xFD, 0xCC, 0xA9, 0x2F,
    0x7E, 0xF9, 0x34, 0x10, 0xF3, 0x39, 0xCD, 0x71, 0xEF, 0xCD, 0xF7, 0xC8, 0xDD, 0xEA, 0x82, 0x36,
    0x69, 0xD9, 0x08, 0x9A, 0x11, 0xC5, 0x03, 0x91, 0x38, 0x31, 0x24, 0x13, 0x43, 0xE2, 0x27, 0x9A,
    0x12, 0x8C, 0x93, 0xE5, 0x5B, 0xA4, 0x7A, 0x45, 0x59, 0xBE, 0x4F, 0x0B, 0xD1, 0x53, 0x1E, 0x77,
    0x94, 0xFB, 0x15, 0xBE, 0x95, 0xA3, 0xF1, 0xD4, 0x75, 0xDD, 0x63, 0xFE, 0xD7, 0x0A, 0x2D, 0x29,
    0x25, 0x08, 0xA7, 0x62, 0xA4, 0x39, 0x46, 0xB7, 0x48, 0x50, 0xA2, 0x43, 0x43, 0x18, 0x6D, 0xF1,
    0xBB, 0x89, 0x6D, 0x6C, 0xA3, 0x91, 0x62, 0x9B, 0x18, 0xA1, 0x05, 0xDD, 0xA4, 0x77, 0xD8, 0x76,
    0xF0, 0xF5, 0xCF, 0x74, 0xE9, 0xCD, 0xF7, 0x4E, 0x75, 0xBC, 0x24, 0x91, 0xD2, 0x5B, 0x6F, 0xD3,
    0xFA, 0x72, 0x6B, 0xCE, 0xBD, 0x05, 0x9F, 0x0F, 0x71, 0xDD, 0x4A, 0xE1, 0xC6, 0x5D, 0x53, 0xDB,
    0xBB, 0x7A, 0x82, 0x96, 0x9E, 0x52, 0x17, 0xB8, 0xB0, 0x65, 0xF9, 0xC2, 0x08, 0x52, 0xB0, 0xA2,
    0xC0, 0x24, 0xAE, 0x6D, 0x76, 0x50, 0x78, 0xAD, 0x12, 0x9B, 0xC5, 0xE0, 0x26, 0x8D, 0x98, 0xF1,
    0x82, 0xA1, 0x12, 0x16, 0x9F, 0xA2, 0xD5, 0xA4, 0x30, 0x74, 0xC2, 0x95, 0xEE, 0xD7, 0xEE, 0x3B,
    0x2E, 0x78, 0x89, 0x20, 0x43, 0xAE, 0x60, 0x86, 0x7E, 0x47, 0x00, 0x22, 0xB0, 0xA6, 0x9C, 0xA8,
    0xC2, 0x7A, 0x4A, 0x2C, 0x29, 0x4D, 0xA5, 0xB7, 0x60, 0xD2, 0xA4, 0x06, 0x5E, 0xB6, 0x31, 0x2D,
    0xDB, 0x25, 0x78, 0x14, 0x23, 0x5C, 0xC2, 0x62, 0xDD, 0x4C, 0x60, 0x8D, 0xCE, 0x57, 0x67, 0xDE,
    0x41, 0x42, 0x4D, 0xE4, 0x29, 0x3A, 0xA1, 0xE4, 0x80, 0x84, 0xA2, 0xB9, 0xA2, 0xA3, 0xDA, 0xD4,
    0xBE, 0xB9, 0x0D, 0x8C, 0x15, 0x31, 0x13, 0x49, 0x8F, 0xF8, 0xF3, 0xEB, 0x2D, 0xFC, 0xF1, 0x47,
    0x08, 0xA7, 0xCD, 0x5D, 0xC3, 0x5A, 0x21, 0x50, 0x02, 0x16, 0xAD, 0x26, 0x81, 0x9B, 0xC8, 0x0B,
    0x93, 0x78, 0x40, 0xCB, 0x2B, 0xD3, 0xA3, 0x11, 0xB4, 0x1F, 0x37, 0x59, 0xC4, 0xAC, 0x00, 0x8A,
    0xB7, 0xD1, 0xB0, 0xD6, 0xEC, 0xBD, 0x05, 0xB3, 0x17, 0x90, 0x0B, 0xF4, 0x0A, 0x22, 0xA4, 0x55,
    0x47, 0x91, 0xA3, 0xB8, 0x61, 0xD9, 0xB0, 0x1D, 0x2E, 0x27, 0xD0, 0x7B, 0x60, 0xB2, 0xC4, 0x02,
    0x39, 0x80, 0x14, 0xF7, 0x40, 0x91, 0xF2, 0xC4, 0x32, 0x7E, 0x31, 0x47, 0x24, 0x99, 0x04, 0x22,
    0x63, 0x56, 0x30, 0x52, 0x63, 0x25, 0xE6, 0xD3, 0xB8, 0xC9, 0xEF, 0x34, 0xD2, 0xDB, 0x2B, 0xC7,
    0x6C, 0x24, 0x49, 0x2D, 0x07, 0x92, 0x1D, 0x2F, 0xDC, 0xC8, 0xB3, 0x0D, 0x3C, 0x38, 0x62, 0x1B,
    0x79, 0xBE, 0x71, 0x1E, 0x48, 0x16, 0x11, 0x5B, 0x2A, 0x0D, 0xE0, 0xCA, 0x01, 0xAD, 0xA1, 0xF8,
    0x94, 0xA8, 0xB4, 0x14, 0x5A, 0x7C, 0xBB, 0xF1, 0x08, 0xE9, 0x61, 0xAF, 0xDD, 0xD6, 0x60, 0xBC,
    0xDC, 0x78, 0x64, 0x90, 0x77, 0x0B, 0x4E, 0x77, 0x0A, 0xE1, 0xBB, 0x32, 0xA4, 0x6C, 0xBC, 0xE2,
    0xBF, 0xF6, 0x46, 0x73, 0x02, 0x5D, 0x2E, 0xEB, 0xD5, 0x2C, 0x83, 0x67, 0x55, 0xD4, 0x21, 0xDD,
    0x90, 0xB0, 0x57, 0x34, 0xE2, 0x6C, 0xD7, 0xEE, 0x97, 0x2B, 0x8A, 0x4E, 0x77, 0x8D, 0x30, 0x61,
    0xBB, 0x25, 0x97, 0x6E, 0x9E, 0x15, 0x1F, 0xCC, 0x9F, 0xCC, 0x3F, 0x78, 0xCF, 0xF1, 0x5D, 0x3C,
    0x9E, 0x1F, 0x0E, 0x6E, 0xAE, 0xEE, 0x5B, 0x89, 0xA5, 0xC9, 0x57, 0x3F, 0x03, 0xAE, 0xD0, 0xB2,
    0x39, 0x65, 0x3D, 0xCA, 0xCD, 0x53, 0x78, 0xA2, 0xA3, 0x2F, 0x6C, 0xFC, 0xA9, 0x4D, 0x3E, 0x69,
    0xC4, 0x6F, 0x9C, 0xF4, 0x0E, 0xF5, 0x9B, 0x51, 0xBF, 0xA0, 0xAA, 0x67, 0x38, 0xA9, 0x1E, 0x50,
    0xC8, 0xB6, 0x12, 0xB6, 0x4A, 0xEC, 0xE1, 0x1D, 0x83, 0x21, 0xE2, 0x5A, 0xC5, 0x0D, 0x73, 0xD2,
    0xE0, 0x13, 0x66, 0xC6, 0x80, 0xB9, 0xC4, 0x3B, 0x69, 0x67, 0x6A, 0x4C, 0x86, 0x6C, 0xE4, 0x7C,
    0x8C, 0xBB, 0x6C, 0x66, 0xF8, 0x14, 0xF8, 0xA9, 0x46, 0xCF, 0x04, 0x26, 0xAE, 0x0A, 0x5D, 0x15,
    0x74, 0x15, 0x2D, 0x2B, 0xEA, 0xF8, 0x25, 0x72, 0x95, 0x6C, 0x6B, 0x6F, 0xEA, 0x53, 0xF6, 0x6B,
    0x28, 0x07, 0xAE, 0xC0, 0xC5, 0x4E, 0xD9, 0x97, 0xFD, 0x54, 0x8D, 0x3C, 0xC7, 0x1E, 0x97, 0xAB,
    0xF5, 0x18, 0x5F, 0x16, 0xEB, 0x4A, 0x2D, 0x26, 0x23, 0x96, 0xB1, 0xEF, 0x44, 0x33, 0x53, 0x63,
    0x4E, 0x67, 0x49, 0x9F, 0x89, 0x3E, 0xDF, 0xAC, 0x14, 0x55, 0x12, 0x1A, 0x7D, 0x8F, 0x05, 0x93,
    0x11, 0x05, 0x75, 0xE7, 0xBC, 0xB8, 0xDD, 0x95, 0x9E, 0xF9, 0xE2, 0x24, 0x18, 0xAA, 0x5C, 0xDE,
    0xA2, 0x00, 0x5F, 0xA2, 0xB2, 0x2D, 0x51, 0xB5, 0x81, 0xBB, 0x9C, 0x42, 0xF7, 0x6E, 0x5B, 0xDA,
    0x1F, 0x8C, 0x2A, 0xA2, 0xB6, 0x10, 0xB6, 0x50, 0x54, 0x2C, 0x68, 0xB1, 0x84, 0x2C, 0xD8, 0x4B,
    0x0B, 0xD8, 0x9B, 0x53, 0x21, 0x4C, 0x91, 0x34, 0x05, 0x52, 0x14, 0x75, 0xF7, 0x3A, 0xD5, 0xBE,
    0xF6, 0x63, 0x6C, 0x49, 0xB4, 0xA5, 0x51, 0x10, 0x98, 0xB7, 0xF7, 0x70, 0xEF, 0x37, 0x7F, 0x6E,
    0x17, 0xEE, 0xEB, 0xB6, 0xE0, 0xFB, 0x4F, 0xC7, 0x6D, 0x71, 0xEF, 0x93, 0xB6, 0xC8, 0xF9, 0xFE,
    0x6D, 0x5B, 0xC8, 0xA8, 0x1D, 0x7F, 0x49, 0x4B, 0x93, 0x96, 0x4D, 0x7A, 0xCF, 0xA5, 0x8B, 0x2E,
    0x2D, 0xAA, 0xB4, 0xC8, 0xD2, 0x42, 0xA5, 0x85, 0x58, 0x15, 0xF1, 0xAA, 0x88, 0x56, 0x45, 0xB0,
    0x02, 0x50, 0x14, 0x7A, 0x54, 0xBB, 0xEF, 0x49, 0x9A, 0x12, 0x21, 0x52, 0x40, 0x4B, 0xEA, 0x6C,
    0x7D, 0xF3, 0x3B, 0xCF, 0x49, 0x7B, 0x34, 0xAE, 0x39, 0x8F, 0x1C, 0x62, 0xB7, 0x82, 0x71, 0xBA,
    0x92, 0x86, 0xF3, 0x41, 0x98, 0xC3, 0x52, 0x73, 0x3E, 0x3C, 0x84, 0xCD, 0xDF, 0xF2, 0xFF, 0x2F,
    0x1E, 0x30, 0x44, 0x5C, 0x53, 0xFD, 0xD4, 0x48, 0xCE, 0xD5, 0x8C, 0x39, 0x07, 0x35, 0x47, 0x35,
    0xD5, 0x3D, 0x1D, 0x1E, 0x52, 0x95, 0x13, 0xEB, 0xC6, 0x64, 0xE4, 0xC6, 0x9A, 0xD6, 0x68, 0x27,
    0x59, 0x30, 0xA6, 0x1A, 0x9A, 0xD4, 0x12, 0x7A, 0xC7, 0x1A, 0x12, 0xE6, 0xBA, 0x30, 0xE8, 0x2E,
    0xAA, 0x3F, 0xB3, 0xDB, 0x23, 0x53, 0x1B, 0xF4, 0xBE, 0xFF, 0xC1, 0xC4, 0xD6, 0x77, 0x97, 0x72,
    0x11, 0x74, 0x59, 0xE4, 0x94, 0x6F, 0xA0, 0x71, 0x12, 0xD8, 0x13, 0x72, 0xB2, 0x4B, 0x03, 0x97,
    0x85, 0x4E, 0x46, 0x8D, 0xF8, 0x91, 0x15, 0xBF, 0xB3, 0xF1, 0x33, 0x1D, 0x7D, 0xC9, 0x36, 0x00,
    0x63, 0x5A, 0xAB, 0x5E, 0x46, 0xAD, 0xD0, 0x55, 0xEC, 0x24, 0x15, 0x89, 0x43, 0x23, 0x17, 0x1D,
    0x6A, 0x59, 0xEC, 0xA5, 0xA4, 0xB6, 0x8A, 0x82, 0xE4, 0xCD, 0x79, 0x45, 0xA2, 0x48, 0x3B, 0x12,
    0xD5, 0x16, 0x20, 0x5B, 0x0A, 0x74, 0xAD, 0x4E, 0xB4, 0xE8, 0x5E, 0x49, 0xC3, 0xBF, 0xEF, 0x07,
    0x4B, 0x15, 0x39, 0xF1, 0x69, 0x13, 0x7F, 0x69, 0xD8, 0xB9, 0x15, 0x05, 0x03, 0x45, 0x5E, 0x27,
    0xCF, 0xAC, 0x7C, 0xBF, 0xCD, 0xC3, 0xEE, 0x70, 0x54, 0x54, 0x85, 0xA3, 0x81, 0xE8, 0x8C, 0xF7,
    0x4D, 0x72, 0x42, 0x68, 0x8E, 0x41, 0xCF, 0x7D, 0xF0, 0x25, 0x46, 0x76, 0xF8, 0x86, 0x3B, 0x3B,
    0x3A, 0xE2, 0xD8, 0xF1, 0x31, 0x19, 0xB9, 0xA9, 0xAD, 0x8D, 0x0D, 0x7C, 0x04, 0x89, 0xBB, 0xF8,
    0x7F, 0x90, 0xFC, 0x97, 0x91, 0xA7, 0x47, 0xE3, 0xEE, 0x54, 0x60, 0x43, 0x52, 0xD8, 0x0A, 0x05,
    0xB6, 0xC2, 0xA8, 0x09, 0x5B, 0xA0, 0xD7, 0x4D, 0xFB, 0x53, 0xAD, 0x77, 0x75, 0x72, 0x29, 0xD5,
    0xFA, 0x2E, 0x63, 0x17, 0xB0, 0x6F, 0x14, 0x2D, 0x29, 0x99, 0xD3, 0xD5, 0x2D, 0xBA, 0x29, 0x68,
    0x1E, 0x9B, 0x9F, 0x87, 0xE6, 0xDA, 0x6D, 0xF4, 0xC6, 0x31, 0xFE, 0x89, 0x09, 0x1E, 0x04, 0x3B,
    0xDC, 0x9E, 0xAF, 0x8E, 0x9B, 0xC3, 0x95, 0xDA, 0x2A, 0x6F, 0xD1, 0x8F, 0x17, 0xC2, 0xE6, 0xB5,
    0x95, 0xC7, 0x76, 0x8C, 0x14, 0xFB, 0xCD, 0xBC, 0x43, 0x7E, 0x20, 0x5F, 0xEB, 0x5E, 0x98, 0x3E,
    0xB1, 0xCC, 0xC2, 0xAE, 0x84, 0xF1, 0x9E, 0x9E, 0x4F, 0x9B, 0xC9, 0xCE, 0xD8, 0xFB, 0x4F, 0xD8,
    0xC3, 0x74, 0x64, 0xCE, 0x96, 0x80, 0xF7, 0xA2, 0x78, 0x6A, 0xF9, 0x51, 0x43, 0xA8, 0x9D, 0xA8,
    0x0D, 0x7E, 0xDA, 0x8A, 0x17, 0xAD, 0x3A, 0x69, 0xF3, 0xB8, 0x4D, 0x23, 0xE6, 0x2C, 0xE2, 0x77,
    0xE5, 0xDB, 0xE4, 0x79, 0xFB, 0xAD, 0xA8, 0x3F, 0xD8, 0x2C, 0xB2, 0xF9, 0x47, 0x4D, 0xEE, 0x9B,
    0x74, 0x4C, 0x58, 0xEC, 0x0F, 0xB1, 0xC7, 0x2E, 0x43, 0x71, 0x2F, 0x7A, 0x1C, 0x21, 0xB6, 0xEB,
    0x6E, 0xF7, 0x21, 0xB6, 0x8A, 0x0B, 0x14, 0x6C, 0xEB, 0xB5, 0xEC, 0xE8, 0x35, 0xD9, 0xDF, 0x40,
    0x39, 0x5A, 0x64, 0x03, 0x2F, 0xE5, 0x40, 0xAF, 0x3A, 0xE7, 0xE1, 0x9C, 0x81, 0x4F, 0x6B, 0xE7,
    0x2E, 0xF0, 0xD3, 0xFE, 0xFA, 0xAC, 0x3A, 0xBB, 0x70, 0x0E, 0xB1, 0xA1, 0x0E, 0x88, 0xB7, 0x86,
    0xD7, 0xC9, 0x9B, 0x81, 0x2E, 0x94, 0x68, 0x15, 0x8C, 0x35, 0x8C, 0x3D, 0x65, 0x49, 0xB5, 0x63,
    0x3E, 0xEA, 0x89, 0x87, 0x52, 0x73, 0x71, 0xF5, 0x17, 0xAE, 0xD9, 0xCE, 0x26, 0xBD, 0xF0, 0x65,
    0xEB, 0xEB, 0x17, 0xAE, 0x17, 0x1F, 0x77, 0x80, 0xF9, 0xD2, 0x7B, 0xB6, 0x83, 0x65, 0x6F, 0x34,
    0x75, 0x44, 0x4E, 0xAB, 0x03, 0x3B, 0xBA, 0xEF, 0xC0, 0xA3, 0xFB, 0xBC, 0xB3, 0x4E, 0x41, 0xE0,
    0xDF, 0xDF, 0x10, 0xC6, 0x61, 0x75, 0x86, 0xC6, 0x59, 0x51, 0xAD, 0xC1, 0x3C, 0x78, 0x13, 0x98,
    0x17, 0x18, 0x92, 0xB7, 0x9F, 0x77, 0xDE, 0x0D, 0x5C, 0xB1, 0xE7, 0x14, 0x6C, 0xAB, 0x21, 0xFB,
    0x45, 0x46, 0x79, 0x9B, 0xF4, 0x74, 0x44, 0x2A, 0x1F, 0x72, 0xD4, 0x47, 0xC0, 0x19, 0xBD, 0x5D,
    0x2E, 0xCB, 0x87, 0x92, 0xCE, 0x48, 0xF4, 0x09, 0xBE, 0xCC, 0x02, 0x62, 0xB7, 0x5E, 0x61, 0xC9,
    0xC7, 0x24, 0xF5, 0x0F, 0x4E, 0xC7, 0x6D, 0x00, 0x1A, 0x35, 0x0B, 0x1C, 0xCA, 0x84, 0x51, 0x38,
    0x10, 0xA2, 0x38, 0x8E, 0x90, 0x0D, 0x9C, 0xE7, 0x61, 0x47, 0xB3, 0x4D, 0xDA, 0xAE, 0xE4, 0xC7,
    0xAE, 0x50, 0x7F, 0x71, 0x69, 0xF6, 0x79, 0x9B, 0xA5, 0xC7, 0x8D, 0xDC, 0xFB, 0xC6, 0x8A, 0x27,
    0x2F, 0x8C, 0x70, 0xB5, 0x4E, 0x5C, 0x49, 0x71, 0x9B, 0xD3, 0x77, 0x03, 0xBD, 0x8F, 0x03, 0x8A,
    0xD4, 0x62, 0x18, 0x7F, 0xEE, 0xF9, 0x2C, 0x22, 0x77, 0x29, 0x47, 0xA7, 0x8D, 0x9B, 0x8B, 0x3A,
    0x24, 0x74, 0xDC, 0xA1, 0xE4, 0x68, 0xBD, 0x0C, 0xC7, 0x1D, 0x9C, 0xDE, 0xE2, 0x96, 0x8F, 0x19,
    0xE5, 0x08, 0xD1, 0xB5, 0x9D, 0x72, 0xB8, 0x01, 0xA7, 0x43, 0x17, 0x37, 0x68, 0x85, 0xA8, 0xFC,
    0x12, 0xDD, 0x03, 0x5D, 0xC5, 0x25, 0x86, 0x49, 0x98, 0x1A, 0xBD, 0x44, 0xEA, 0x69, 0x94, 0x34,
    0xB1, 0x0B, 0x3E, 0x7C, 0xEF, 0xD5, 0x0B, 0xED, 0x07, 0xE9, 0x0D, 0x55, 0x4C, 0x26, 0xEE, 0xC2,
    0x2E, 0x69, 0xA6, 0x91, 0xD4, 0x25, 0x4E, 0xBC, 0x68, 0xF4, 0xF9, 0xDF, 0xED, 0xAF, 0xD0, 0x51,
    0x36, 0xE9, 0xBF, 0xA5, 0x57, 0x41, 0x6F, 0xDC, 0x44, 0x14, 0xFE, 0x66, 0x9D, 0xC4, 0x6D, 0x4C,
    0x99, 0x3D, 0xB4, 0x52, 0x91, 0xA0, 0xAE, 0x10, 0x12, 0x0B, 0x34, 0x9D, 0x1C, 0x38, 0x14, 0x11,
    0xDB, 0x43, 0x39, 0x20, 0xC1, 0x81, 0x1E, 0xC2, 0x0D, 0x01, 0x07, 0x24, 0x10, 0x02, 0xB5, 0x82,
    0x56, 0x0A, 0xE0, 0x8D, 0xAD, 0xF6, 0xC0, 0x81, 0x03, 0xF9, 0x07, 0x2C, 0x17, 0x0E, 0x14, 0x89,
    0x4A, 0xF4, 0x10, 0x89, 0x25, 0x3B, 0x80, 0x50, 0x0E, 0x5C, 0x06, 0x38, 0x72, 0xC0, 0x02, 0x24,
    0x04, 0x07, 0x32, 0x2A, 0x06, 0x16, 0xEA, 0xDD, 0xE1, 0x8D, 0x77, 0x93, 0x92, 0x50, 0x9A, 0x4D,
    0xF1, 0x3C, 0x5B, 0x6F, 0xEC, 0xF7, 0xDE, 0xBC, 0x79, 0xEF, 0xCD, 0x7B, 0xCF, 0x53, 0x71, 0x72,
    0x18, 0x73, 0xC7, 0x8F, 0xC7, 0x71, 0x9C, 0x24, 0x80, 0x64, 0x2A, 0x18, 0x24, 0x83, 0xE5, 0xA9,
    0x2E, 0x2A, 0x1A, 0x5D, 0x64, 0x2F, 0x89, 0x41, 0xE3, 0x07, 0xA6, 0x00, 0x1C, 0x44, 0xC3, 0xAA,
    0xC0, 0xE6, 0x5C, 0x81, 0xE7, 0x0E, 0x32, 0x0B, 0xF1, 0xD3, 0x18, 0x17, 0xA0, 0xA9, 0x26, 0x38,
    0x7C, 0x12, 0x89, 0x95, 0xFC, 0x03, 0xDC, 0xC1, 0x1D, 0x10, 0x42, 0xD3, 0x83, 0x27, 0x89, 0x1F,
    0x5D, 0x5F, 0x47, 0x81, 0x12, 0x5C, 0xF2, 0xD3, 0x08, 0x3E, 0x86, 0xD7, 0x47, 0x68, 0x31, 0xFB,
    0x17, 0x66, 0x7E, 0x73, 0x08, 0x33, 0x0E, 0x4E, 0x8C, 0x2E, 0xA2, 0x1E, 0x63, 0x41, 0x3F, 0xEE,
    0x2E, 0x40, 0x48, 0x5E, 0x2E, 0xA4, 0x0B, 0x73, 0xE2, 0xA5, 0xA0, 0x4F, 0x5A, 0xCD, 0x3D, 0x90,
    0x26, 0x25, 0x70, 0xA6, 0x53, 0x9A, 0xE6, 0x29, 0x4C, 0x13, 0xB5, 0x2D, 0xE1, 0xCB, 0x23, 0xB8,
    0x25, 0xFC, 0x4C, 0xB6, 0xCE, 0x3D, 0xA4, 0xE6, 0x0B, 0xA8, 0x79, 0x0D, 0x5D, 0xDF, 0x84, 0xB7,
    0x5E, 0x3D, 0xAF, 0x0E, 0x84, 0x6F, 0x48, 0x3F, 0x9F, 0x03, 0x7A, 0x85, 0xD3, 0x06, 0x0C, 0x89,
    0x6E, 0x16, 0xC2, 0x9C, 0x35, 0xAF, 0x99, 0x7B, 0x9E, 0x61, 0x90, 0xDE, 0xD7, 0x9A, 0xBF, 0xA9,
    0x84, 0x40, 0x14, 0x43, 0x84, 0x32, 0x58, 0x57, 0xDE, 0xA7, 0x9A, 0x08, 0x13, 0xAB, 0x08, 0xE0,
    0x8D, 0xE1, 0x85, 0xBC, 0xA7, 0x5E, 0x90, 0xDB, 0x56, 0xCD, 0x2E, 0xD0, 0xAA, 0x5F, 0xAA, 0xF9,
    0x33, 0x85, 0x9A, 0x3F, 0xA7, 0xF5, 0x7C, 0x96, 0xEB, 0xF9, 0x97, 0x95, 0x6A, 0x9D, 0xF9, 0x4E,
    0x1D, 0x38, 0xFA, 0xDC, 0xB6, 0x55, 0xEF, 0x7D, 0x6F, 0x25, 0xB1, 0x45, 0xBD, 0x7C, 0x58, 0x44,
    0x97, 0xCF, 0x9E, 0x38, 0x71, 0x59, 0x18, 0x26, 0xB1, 0x02, 0x18, 0x07, 0x87, 0x7E, 0x93, 0x99,
    0x55, 0xF4, 0x1C, 0x4D, 0xE9, 0x3D, 0xAD, 0x4D, 0x6F, 0xA6, 0x91, 0xE9, 0x3B, 0x8B, 0x86, 0xF6,
    0xF3, 0x23, 0xC8, 0x3A, 0x3D, 0x33, 0x2D, 0x33, 0xD2, 0x7E, 0x46, 0x73, 0x0D, 0xF3, 0xAE, 0xC9,
    0x9C, 0x83, 0x40, 0xC6, 0x45, 0x0B, 0x4D, 0x86, 0x2A, 0x50, 0xDB, 0x80, 0xAB, 0x2A, 0x54, 0xD6,
    0x2A, 0xFB, 0x87, 0xAA, 0x80, 0x2D, 0xA0, 0xCB, 0xB7, 0x45, 0x38, 0x2C, 0x92, 0xAA, 0xF3, 0x4F,
    0xE0, 0x55, 0x87, 0xBD, 0xD8, 0xC1, 0xB1, 0x7F, 0x01, 0x70, 0x38, 0x89, 0x71, 0x0C, 0x21, 0x9E,
    0xC6, 0x5A, 0xBD, 0x07, 0x9E, 0x27, 0xF9, 0xDD, 0xB9, 0x37, 0x1E, 0x0C, 0x42, 0x2F, 0x99, 0x4B,
    0x97, 0xCE, 0x5E, 0x8A, 0x8B, 0xD9, 0x7C, 0x6A, 0x6A, 0xD3, 0x92, 0x5F, 0x28, 0xFF, 0xEB, 0x82,
    0x6C, 0x9B, 0x08, 0x1C, 0x9B, 0xC3, 0xF8, 0xE2, 0x72, 0x01, 0x99, 0xBC, 0x8C, 0xFB, 0xA4, 0x41,
    0x70, 0x52, 0x23, 0x78, 0xF8, 0x13, 0x19, 0x3C, 0x16, 0xA8, 0xE0, 0xA9, 0x50, 0x61, 0xE1, 0x41,
    0x85, 0xA5, 0x0F, 0x15, 0xCC, 0x55, 0xDA, 0xF3, 0xC5, 0xC2, 0x53, 0x9E, 0xBA, 0x3E, 0xCF, 0xE7,
    0xC4, 0x93, 0x15, 0xC1, 0x53, 0x07, 0x0D, 0x16, 0xC8, 0x5E, 0x4B, 0x1E, 0xD9, 0x83, 0xCB, 0x86,
    0x4E, 0x3A, 0x9E, 0x4A, 0x4A, 0xE6, 0xDC, 0xA7, 0x8F, 0xE0, 0x90, 0x59, 0x00, 0xD3, 0x4B, 0xE0,
    0x8A, 0x4C, 0x7A, 0xE5, 0x4B, 0x79, 0xF4, 0xD7, 0x75, 0x95, 0x7C, 0xF3, 0xB8, 0x62, 0x47, 0x04,
    0xAD, 0xF5, 0x0A, 0xAD, 0x75, 0xB5, 0x80, 0xB9, 0x68, 0x18, 0xAD, 0x04, 0x09, 0xCF, 0x38, 0x20,
    0x84, 0x80, 0x15, 0xF0, 0x35, 0xC2, 0x1C, 0xCB, 0x14, 0xC1, 0x04, 0xFB, 0x5D, 0xDC, 0x87, 0x7F,
    0x8E, 0x37, 0xC1, 0xFA, 0x40, 0x1B, 0x98, 0xAD, 0x27, 0x43, 0x30, 0x8B, 0xC6, 0x86, 0xF4, 0xBE,
    0x51, 0xFE, 0xBA, 0x0A, 0x3E, 0xD3, 0xFC, 0xBC, 0x09, 0xAD, 0x49, 0x6C, 0x3F, 0x46, 0xD5, 0x46,
    0xB7, 0x42, 0x5C, 0x6F, 0x42, 0xE1, 0x38, 0xF0, 0xEC, 0x5E, 0x58, 0x86, 0x8E, 0x66, 0xE6, 0x64,
    0x3E, 0x21, 0x0B, 0x2B, 0xB4, 0x67, 0xD5, 0xCC, 0xC4, 0x5A, 0x35, 0x2E, 0x48, 0x6F, 0x5D, 0xB1,
    0x87, 0xF6, 0xA2, 0xD2, 0x00, 0x58, 0x07, 0x36, 0x26, 0xA6, 0xA7, 0x38, 0xAE, 0xC8, 0x74, 0x15,
    0x56, 0xC9, 0x64, 0x65, 0x1F, 0x0D, 0xF3, 0xE7, 0xA2, 0xA7, 0x2D, 0x85, 0xA7, 0xED, 0x73, 0xEB,
    0x72, 0x41, 0x9F, 0x08, 0xFB, 0x64, 0x4D, 0x5B, 0x55, 0x74, 0xD3, 0x01, 0x63, 0xD6, 0x04, 0xD6,
    0x84, 0xAA, 0x49, 0xD9, 0x85, 0x92, 0x53, 0x5C, 0x03, 0x21, 0x34, 0x0D, 0x75, 0x93, 0x3E, 0x31,
    0x3A, 0x49, 0xC7, 0x68, 0x52, 0xC3, 0xDA, 0xC8, 0x23, 0x02, 0xBE, 0x62, 0x74, 0x9A, 0xB2, 0x61,
    0x36, 0x4C, 0x91, 0xA2, 0xBD, 0x98, 0x55, 0x59, 0xE5, 0xB0, 0xB4, 0x7E, 0x47, 0x24, 0x7D, 0xAF,
    0x98, 0x91, 0x37, 0xA2, 0x08, 0x8A, 0x70, 0xB5, 0xD5, 0xFA, 0x6F, 0x8A, 0xC3, 0xAD, 0x68, 0x61,
    0xEA, 0xE0, 0x8D, 0x24, 0xB4, 0x49, 0xA3, 0x06, 0xB9, 0x2B, 0x33, 0x49, 0xC1, 0xF3, 0xED, 0x23,
    0x2B, 0x32, 0x0A, 0x2E, 0xCF, 0x04, 0xF9, 0x7E, 0xDC, 0x88, 0xC2, 0x37, 0xA4, 0xC5, 0x6D, 0xB4,
    0xB7, 0x8A, 0x93, 0xC6, 0xDB, 0x47, 0xD8, 0x0F, 0xAB, 0xB3, 0x9D, 0x55, 0x97, 0xFE, 0x6E, 0x20,
    0x01, 0xC2, 0xE6, 0xC2, 0x1A, 0xD1, 0xA8, 0x04, 0xBA, 0x02, 0xED, 0x5E, 0x19, 0xF7, 0xCA, 0x88,
    0x10, 0x81, 0x4A, 0xF8, 0x7D, 0x61, 0x0B, 0x31, 0x94, 0xFF, 0x0C, 0x96, 0x0C, 0x51, 0x96, 0x47,
    0x99, 0x8E, 0x5E, 0x37, 0x51, 0xBB, 0x8C, 0xD2, 0x6E, 0x94, 0xC6, 0x51, 0x2A, 0xA2, 0x94, 0x0F,
    0x52, 0x7F, 0x90, 0x7A, 0x83, 0x94, 0x0D, 0x6A, 0x2B, 0x53, 0xCC, 0x3B, 0x9B, 0xD7, 0x7B, 0xA4,
    0x4C, 0xD8, 0xB0, 0x74, 0x1E, 0xC9, 0x67, 0x61, 0x9E, 0x91, 0x03, 0x04, 0x39, 0x29, 0x94, 0xF1,
    0xF8, 0x76, 0xB8, 0x7B, 0x17, 0xAA, 0xB5, 0x9A, 0x86, 0xD9, 0x02, 0x5B, 0x97, 0x47, 0x38, 0x95,
    0x0F, 0xD0, 0x36, 0xFF, 0x97, 0x9C, 0x84, 0xFC, 0xF9, 0x91, 0x06, 0x5B, 0xE9, 0xDC, 0xBC, 0x9C,
    0xA5, 0x79, 0x17, 0x71, 0x60, 0xE7, 0xFF, 0xC7, 0x9E, 0xDE, 0xA1, 0x82, 0x71, 0x85, 0xF0, 0x53,
    0xF2, 0xA6, 0x65, 0x1C, 0xDD, 0xB7, 0x1A, 0xC5, 0x7D, 0x5E, 0xF0, 0x22, 0xEE, 0xAF, 0x46, 0xCD,
    0x29, 0x4C, 0xEF, 0x23, 0x39, 0x83, 0xB1, 0x1C, 0xAA, 0xB9, 0x0D, 0x8B, 0xC4, 0x7F, 0x5B, 0xC6,
    0x9C, 0xE4, 0xCC, 0x91, 0x9C, 0x13, 0x24, 0xC7, 0x90, 0x9C, 0x62, 0x24, 0x87, 0x93, 0x9C, 0xE9,
    0x91, 0x36, 0x3E, 0x49, 0xA4, 0x3A, 0xD9, 0xAA, 0xAB, 0x2F, 0xCA, 0xEB, 0x42, 0xCA, 0xCA, 0xD8,
    0x33, 0xC2, 0xEA, 0xC0, 0xCA, 0x4D, 0x63, 0xD6, 0x99, 0xAE, 0xB3, 0x37, 0x2E, 0x56, 0xC1, 0xDB,
    0xC0, 0xAC, 0x3B, 0x58, 0x93, 0x72, 0xF9, 0x8F, 0x22, 0x78, 0x4B, 0x32, 0xB6, 0x47, 0xF5, 0x42,
    0xE9, 0xC2, 0x6F, 0xA4, 0x5E, 0xA3, 0xFE, 0xEA, 0x2B, 0xFE, 0x56, 0x1E, 0x6C, 0xC0, 0x1B, 0x3A,
    0x35, 0x28, 0x89, 0x6C, 0x03, 0xD0, 0xA9, 0x74, 0x1C, 0xD9, 0x80, 0xF2, 0x8F, 0x4C, 0xB9, 0x4A,
    0x03, 0x45, 0xCF, 0xE5, 0x9E, 0xA4, 0x93, 0xBA, 0xBC, 0xE2, 0xBE, 0x12, 0x04, 0x43, 0x57, 0x69,
    0x3F, 0xA6, 0x6A, 0xE9, 0x53, 0xB5, 0xCC, 0x29, 0x73, 0x55, 0xD4, 0x04, 0x65, 0x79, 0x15, 0x16,
    0x55, 0xC3, 0x54, 0xAC, 0xAC, 0xAE, 0x9A, 0xCA, 0xEA, 0x6B, 0x61, 0xDB, 0x77, 0x86, 0x65, 0x8B,
    0x64, 0x6F, 0xDC, 0x7A, 0x3A, 0xA7, 0xE2, 0x3B, 0xD3, 0x53, 0xC2, 0xAA, 0x38, 0x50, 0x6D, 0xAE,
    0x92, 0x9E, 0x0A, 0xBF, 0x57, 0xD8, 0x4C, 0x49, 0x6E, 0x81, 0xCE, 0x44, 0xC4, 0x8D, 0x3E, 0xFC,
    0x5F, 0xC8, 0x8C, 0xBB, 0x13, 0x7B, 0x5F, 0xE5, 0xDC, 0xCA, 0x7D, 0xB7, 0xED, 0x4E, 0x49, 0x67,
    0x9B, 0x3F, 0x0E, 0x36, 0x3D, 0xA9, 0x02, 0xDE, 0x93, 0xF0, 0xDE, 0x9F, 0x48, 0x61, 0xB6, 0x78,
    0x08, 0x7C, 0x68, 0x8B, 0x5B, 0x4F, 0xFF, 0x5E, 0x12, 0xCD, 0xEA, 0x4C, 0xEF, 0xE7, 0x4A, 0x6C,
    0xD8, 0x8A, 0xC8, 0xD0, 0xA6, 0xD6, 0x24, 0x59, 0x1B, 0x96, 0x61, 0x59, 0xA7, 0x22, 0x60, 0x91,
    0xC2, 0x13, 0x62, 0xC3, 0x85, 0x57, 0x54, 0x83, 0xCB, 0xE6, 0xCC, 0xF5, 0x7E, 0xFE, 0xB0, 0xEE,
    0x75, 0x52, 0xB0, 0x14, 0x5E, 0x89, 0x1D, 0x36, 0x1E, 0x33, 0xBE, 0xAD, 0x62, 0x2A, 0xE9, 0x17,
    0x75, 0x62, 0x75, 0x54, 0xC7, 0x68, 0x68, 0x95, 0x6F, 0xF3, 0x1D, 0x36, 0x9E, 0x84, 0x78, 0xCB,
    0xC6, 0xBB, 0x12, 0x6F, 0x59, 0x6E, 0x02, 0xB1, 0x82, 0x0C, 0xC0, 0x56, 0x18, 0x3D, 0x77, 0x0E,
    0x97, 0xE2, 0x22, 0x2A, 0xF8, 0x4D, 0x8A, 0xF2, 0x9D, 0xC3, 0xB5, 0x03, 0xB1, 0x79, 0xA6, 0x75,
    0x3D, 0xBE, 0xFB, 0xCF, 0xA4, 0xAB, 0xCD, 0xE6, 0xF5, 0x25, 0x82, 0x5D, 0xA0, 0x8C, 0x21, 0x19,
    0x75, 0x06, 0xDF, 0x4A, 0x3C, 0x42, 0x8D, 0xB9, 0x16, 0x1B, 0x05, 0x1D, 0x86, 0xC8, 0x41, 0x91,
    0x78, 0xDA, 0xA9, 0x36, 0xAC, 0xDB, 0xC2, 0x37, 0x20, 0x86, 0xB8, 0xEB, 0x79, 0x34, 0x17, 0x71,
    0xD5, 0xC2, 0xF6, 0x72, 0xD7, 0x10, 0x06, 0x3B, 0xC1, 0x99, 0x9C, 0x9C, 0xB0, 0x5A, 0x27, 0x63,
    0xB7, 0x5D, 0x29, 0x3E, 0x50, 0x89, 0x57, 0xD4, 0x02, 0x4D, 0x4C, 0x32, 0xFD, 0x6B, 0x32, 0xB7,
    0x9D, 0xC3, 0x09, 0x88, 0xAF, 0x65, 0x87, 0xDD, 0x88, 0x1B, 0x5F, 0xE5, 0x44, 0xB0, 0x7F, 0x02,
    0x1D, 0xAE, 0xA5, 0x8F, 0x49, 0xB4, 0x1D, 0xB5, 0xD3, 0x72, 0xB3, 0x9B, 0x97, 0x9B, 0x6F, 0xE8,
    0x7A, 0x82, 0xD8, 0x95, 0xD8, 0x50, 0x71, 0xA8, 0xA3, 0xA4, 0x88, 0x3E, 0x34, 0xC9, 0xF7, 0x45,
    0xB2, 0xEE, 0xD8, 0xC3, 0x21, 0xA6, 0x30, 0x6A, 0xAD, 0xA9, 0x61, 0x71, 0x4D, 0x9B, 0xEB, 0xAE,
    0xB9, 0xDA, 0x09, 0xA1, 0x6B, 0xD1, 0xC5, 0x8F, 0x9B, 0x07, 0x7E, 0xD9, 0xA5, 0x5D, 0x2A, 0x8D,
    0x93, 0x10, 0x93, 0xCD, 0x79, 0x17, 0xAD, 0xD9, 0xDD, 0x89, 0x0F, 0xDC, 0x8E, 0x30, 0x02, 0x75,
    0xD5, 0x13, 0xE9, 0x90, 0x38, 0x57, 0x52, 0x23, 0x74, 0x8A, 0xC9, 0xAE, 0xA7, 0xDB, 0x81, 0x8A,
    0x79, 0x1E, 0xD2, 0xBF, 0xD7, 0xD3, 0x08, 0xD6, 0xE0, 0x93, 0x3B, 0xA8, 0xE2, 0x94, 0x6E, 0x53,
    0x54, 0x24, 0xE8, 0xF7, 0x21, 0xC3, 0x28, 0x0B, 0x6F, 0xFE, 0x1D, 0x2C, 0xC2, 0x0E, 0x29, 0x54,
    0x64, 0xC5, 0xF3, 0xAD, 0x9F, 0x88, 0x01, 0xCF, 0xAD, 0xC5, 0x70, 0x80, 0x1D, 0x3F, 0x11, 0xB3,
    0x07, 0xC0, 0x43, 0x4C, 0x4F, 0xED, 0x6D, 0xAD, 0xBF, 0x01, 0xA5, 0x58, 0xBF, 0x6F, 0xE4, 0xC6,
    0x15, 0xFE, 0x48, 0x5A, 0xA2, 0xB5, 0x0C, 0x6E, 0xB6, 0x88, 0x81, 0x3B, 0xC7, 0x27, 0x36, 0x2A,
    0x2E, 0x17, 0x9F, 0xD8, 0x5E, 0x21, 0xFE, 0xA8, 0x12, 0xC0, 0x46, 0x00, 0x01, 0x91, 0xDB, 0xE4,
    0x8A, 0x2B, 0x12, 0x27, 0x88, 0x9B, 0x14, 0x02, 0xCC, 0x35, 0x19, 0xBB, 0x48, 0x69, 0xE5, 0x2F,
    0x88, 0x0A, 0x15, 0x87, 0x4B, 0x71, 0x2E, 0x54, 0x28, 0x36, 0x57, 0x9C, 0x38, 0x08, 0xD2, 0x32,
    0x48, 0x91, 0x22, 0x45, 0x08, 0x5C, 0x61, 0x20, 0x08, 0xA2, 0x01, 0x42, 0xD8, 0x3C, 0x6B, 0x76,
    0x27, 0x6F, 0x66, 0x77, 0x4F, 0x2B, 0x65, 0xA5, 0xE5, 0x26, 0xE4, 0x23, 0x96, 0xCB, 0x9D, 0xF9,
    0xDE, 0xE3, 0x9B, 0xF7, 0xBE, 0xF7, 0x66, 0x1D, 0x95, 0xDB, 0x4F, 0x13, 0xD0, 0x31, 0x86, 0xA5,
    0x60, 0x9F, 0x25, 0xCE, 0xDF, 0xB8, 0xFB, 0x27, 0xEE, 0xFD, 0xA1, 0x62, 0x1F, 0x0A, 0x5F, 0x89,
    0x58, 0xB5, 0x11, 0xE4, 0x00, 0x85, 0x44, 0xE4, 0x29, 0xF4, 0x9E, 0xC2, 0xDA, 0x03, 0x53, 0xB8,
    0xF5, 0x5E, 0x0E, 0x8F, 0xAF, 0x97, 0x3C, 0x50, 0x3C, 0xF2, 0xF8, 0x80, 0xF1, 0xB8, 0xE4, 0xFE,
    0x73, 0x0E, 0x73, 0x38, 0x1F, 0x72, 0x5B, 0xE5, 0xF8, 0x09, 0x3A, 0x22, 0xD3, 0xA8, 0x5B, 0x6E,
    0xE2, 0x2A, 0x58, 0x47, 0x9D, 0xF0, 0xBB, 0x61, 0x3E, 0x04, 0x3E, 0x01, 0x7E, 0x07, 0x84, 0x4B,
    0x30, 0x5D, 0x52, 0x0F, 0x30, 0xFD, 0xAB, 0x06, 0x77, 0x2B, 0xF8, 0x09, 0xEE, 0x01, 0x6B, 0xA4,
    0x45, 0x78, 0x4A, 0xF8, 0xBC, 0x1F, 0x00, 0x31, 0x34, 0x68, 0x64, 0x6E, 0xE8, 0xAB, 0x5F, 0xF5,
    0xE9, 0x27, 0x4B, 0xD5, 0x53, 0x93, 0xE8, 0xE9, 0x09, 0x70, 0x00, 0xEC, 0x81, 0x1C, 0x15, 0x9C,
    0xE9, 0x07, 0xA1, 0x11, 0x3D, 0xC5, 0x82, 0xAF, 0xE0, 0x8E, 0xA7, 0x63, 0x91, 0x01, 0xE7, 0xDC,
    0xFE, 0xE5, 0xC1, 0x4A, 0x2A, 0xEC, 0x16, 0xDE, 0x10, 0x1B, 0xBD, 0x0E, 0x2A, 0x1E, 0x98, 0x47,
    0xB7, 0x57, 0x79, 0x05, 0x01, 0xAB, 0x01, 0x76, 0x3B, 0xD9, 0xEF, 0xFC, 0x59, 0x40, 0x71, 0xDC,
    0x5F, 0xCD, 0x45, 0xCC, 0x4B, 0x08, 0xC1, 0x7A, 0xD2, 0x49, 0x05, 0xFB, 0x5E, 0xEE, 0x28, 0xE0,
    0x89, 0xBE, 0x2F, 0xC7, 0x28, 0x15, 0x2F, 0x3C, 0x51, 0xD8, 0xA2, 0xB0, 0x9A, 0x02, 0x6D, 0x81,
    0x46, 0xDF, 0x38, 0xA2, 0xF0, 0xEB, 0x52, 0xE5, 0xE5, 0x0B, 0xB2, 0xE9, 0xAF, 0x1C, 0xCE, 0x17,
    0x39, 0x9C, 0x7F, 0xC0, 0xFA, 0x41, 0x0D, 0x76, 0x5E, 0x93, 0x86, 0x1A, 0xB1, 0x5B, 0x23, 0x74,
    0x26, 0x57, 0xE4, 0x4C, 0xBE, 0x07, 0x64, 0x91, 0xF7, 0xE5, 0x6C, 0xE1, 0xE8, 0x6B, 0x1E, 0x28,
    0x11, 0xD8, 0x32, 0x40, 0x11, 0x60, 0x50, 0x36, 0x51, 0xD9, 0x84, 0x74, 0x13, 0x40, 0x06, 0x6E,
    0x4B, 0x83, 0x83, 0x71, 0x02, 0xA7, 0xC2, 0x4F, 0x1B, 0x94, 0x12, 0x4E, 0xED, 0x3E, 0xAF, 0x7D,
    0x55, 0xC7, 0x6F, 0xD7, 0xB1, 0x53, 0x47, 0x46, 0x08, 0x94, 0x86, 0x79, 0xFF, 0xD6, 0x90, 0x81,
    0xBC, 0x4F, 0x46, 0x67, 0xE3, 0x6C, 0x9C, 0x22, 0xC5, 0x60, 0x2F, 0x93, 0x99, 0xD4, 0x77, 0xA9,
    0x79, 0x36, 0xC9, 0xA1, 0xA9, 0x03, 0x7E, 0xC3, 0x23, 0x87, 0xC7, 0xBF, 0xAD, 0x62, 0x55, 0x85,
    0xC6, 0x67, 0xBE, 0xE2, 0x2E, 0xE5, 0x8D, 0x3E, 0x1E, 0xDE, 0xF5, 0xE5, 0xFA, 0xC1, 0xF5, 0x40,
    0xF3, 0x29, 0xB3, 0x14, 0xCE, 0xA9, 0x9C, 0xCA, 0xCA, 0x6F, 0x00, 0x13, 0x00, 0x2D, 0xFE, 0xA3,
    0x2E, 0x86, 0x5D, 0x8B, 0xF1, 0x90, 0xB2, 0xED, 0x05, 0x2D, 0xE6, 0xCD, 0x10, 0x94, 0x68, 0x6F,
    0x02, 0xDB, 0x89, 0x4E, 0x37, 0x7D, 0xEC, 0x6C, 0xB3, 0x76, 0xFD, 0xF0, 0xC6, 0xF7, 0x64, 0x6F,
    0xE7, 0xCE, 0x7C, 0xDC, 0xDC, 0x64, 0x1D, 0x7D, 0x4F, 0xF0, 0x59, 0x65, 0x1D, 0x1C, 0x9A, 0xD0,
    0x6C, 0x5D, 0xD5, 0xB0, 0xAA, 0x1F, 0x24, 0x26, 0x34, 0x3D, 0x19, 0x31, 0x19, 0xAF, 0xD1, 0x22,
    0x17, 0x3E, 0x85, 0x93, 0x92, 0x34, 0x60, 0x32, 0xC9, 0x92, 0x70, 0xFF, 0x85, 0xDE, 0x7A, 0x62,
    0xED, 0x26, 0x14, 0x39, 0x14, 0x38, 0xB4, 0xB6, 0xA1, 0x91, 0x8B, 0xE5, 0xFD, 0xAA, 0x26, 0x47,
    0xF6, 0xBD, 0x8A, 0xE8, 0xC3, 0x7F, 0x99, 0xC9, 0xD5, 0x27, 0xA0, 0x68, 0x7A, 0x3D, 0x59, 0x49,
    0x9D, 0xE7, 0xE6, 0xAE, 0x09, 0xEE, 0xD5, 0xD4, 0xF9, 0x26, 0xAB, 0x36, 0xB0, 0x82, 0x2E, 0x5A,
    0xD5, 0x56, 0x2F, 0xEC, 0x6A, 0x8A, 0xBA, 0xE3, 0x93, 0x49, 0xDB, 0xD0, 0x5C, 0x09, 0xC3, 0xB7,
    0xC4, 0x80, 0x47, 0x58, 0xD9, 0x87, 0x94, 0x54, 0x67, 0xDA, 0xF9, 0x74, 0x9B, 0xA2, 0x79, 0x29,
    0x83, 0x77, 0x9A, 0x4C, 0x69, 0x99, 0x7F, 0x98, 0xEA, 0x57, 0x02, 0xE3, 0x88, 0x04, 0x1E, 0x19,
    0xBD, 0x44, 0xDA, 0x6C, 0x22, 0x7F, 0x4C, 0x98, 0x12, 0xEC, 0xBC, 0x65, 0x5C, 0x32, 0x5E, 0x5C,
    0x91, 0x89, 0xB5, 0x21, 0x9E, 0x3D, 0x2D, 0x73, 0xA5, 0x14, 0x0F, 0x88, 0x74, 0xFC, 0x77, 0x06,
    0x14, 0x3C, 0xA3, 0xC9, 0x45, 0xBF, 0x5D, 0xBD, 0xC8, 0xDB, 0xE5, 0x11, 0x54, 0xA3, 0x6F, 0x82,
    0x2C, 0x09, 0x54, 0x15, 0x7C, 0x44, 0x44, 0x71, 0x55, 0x36, 0xBF, 0x91, 0xC9, 0x47, 0x14, 0xC3,
    0xBE, 0x64, 0xAD, 0x53, 0x5F, 0x3E, 0xFD, 0xD6, 0x97, 0xDB, 0x6F, 0x94, 0xED, 0xAF, 0x0F, 0x2D,
    0xB2, 0xF4, 0xEA, 0x59, 0x8A, 0x77, 0x75, 0xEC, 0x8B, 0xB8, 0x66, 0xF9, 0xE5, 0x33, 0xAB, 0x33,
    0x91, 0x35, 0xF7, 0x8F, 0x16, 0xCD, 0xA2, 0xBA, 0xB6, 0x9F, 0x89, 0x5E, 0x7E, 0xFD, 0x4C, 0xE0,
    0x17, 0x3B, 0x71, 0xD3, 0xCB, 0x17, 0xCF, 0xBE, 0x6E, 0x96, 0xCD, 0x9D, 0xC4, 0xAD, 0x6D, 0xB1,
    0x4D, 0x4B, 0xBE, 0x81, 0x57, 0xE8, 0xAD, 0xAF, 0x9E, 0x6F, 0xD0, 0x22, 0x47, 0xF4, 0xE9, 0x25,
    0x2C, 0x5F, 0xC7, 0xF5, 0x48, 0xFD, 0x62, 0x76, 0x98, 0x41, 0x45, 0x5C, 0x17, 0x2C, 0x5F, 0x2C,
    0x59, 0x5D, 0xD0, 0x00, 0x1D, 0x04, 0xDF, 0x6A, 0xE1, 0x0B, 0xF4, 0x92, 0x93, 0x4D, 0x22, 0x5E,
    0x6C, 0x6D, 0xA0, 0xBF, 0xA6, 0x09, 0xF9, 0x3A, 0x81, 0x29, 0x38, 0xF6, 0x58, 0xD7, 0xC5, 0x69,
    0x59, 0x6A, 0x74, 0x81, 0xBC, 0xD3, 0x33, 0x19, 0x2D, 0x96, 0x8B, 0x2D, 0xF0, 0x9D, 0x1A, 0x19,
    0xC7, 0xB7, 0x4D, 0xC5, 0xE1, 0x91, 0x38, 0xBC, 0x67, 0xD1, 0xE7, 0xA2, 0x53, 0xE5, 0xD3, 0x70,
    0x4D, 0x9D, 0x3A, 0x65, 0x3C, 0x0D, 0x90, 0x0E, 0x30, 0x68, 0xE9, 0xE5, 0x90, 0x49, 0x0C, 0x06,
    0x48, 0x63, 0xA4, 0x2C, 0x4F, 0xBD, 0x2A, 0x75, 0xC4, 0xB4, 0x9E, 0x92, 0x70, 0xD0, 0xAB, 0x4D,
    0xC5, 0x4A, 0x0A, 0x3F, 0x2F, 0x22, 0x14, 0x2D, 0x4A, 0xA1, 0xE5, 0x54, 0x42, 0x7F, 0xF5, 0x93,
    0xC2, 0x34, 0x1E, 0x36, 0xE5, 0x06, 0xD5, 0xB0, 0x04, 0x7D, 0x1A, 0x49, 0x9E, 0x89, 0x41, 0xEE,
    0x3B, 0x35, 0x23, 0xCB, 0x4B, 0x23, 0x59, 0x1E, 0xE1, 0x31, 0x34, 0xE8, 0x7F, 0x9F, 0xA5, 0x2A,
    0x89, 0x59, 0xFC, 0x3C, 0xC4, 0xA1, 0x19, 0x21, 0xAF, 0x39, 0x6F, 0x9A, 0x4D, 0xE5, 0x82, 0x22,
    0xA1, 0x90, 0x73, 0x07, 0xD2, 0x63, 0x83, 0xC7, 0x50, 0xDC, 0x42, 0xF1, 0xEA, 0xDC, 0x5B, 0xCD,
    0x09, 0xCD, 0x25, 0x29, 0x1A, 0x29, 0x46, 0x7C, 0x89, 0xCE, 0xB0, 0x88, 0x8A, 0xDB, 0x17, 0x3A,
    0x2F, 0xEC, 0x1C, 0xD5, 0x63, 0x21, 0x0F, 0xE6, 0xE7, 0x68, 0x8E, 0xB9, 0x10, 0x81, 0xA0, 0x46,
    0x69, 0x3A, 0xA8, 0x60, 0xF2, 0x84, 0x98, 0x44, 0xCD, 0x07, 0xB8, 0xF0, 0x44, 0xC0, 0xE3, 0xB9,
    0x70, 0x37, 0x74, 0x41, 0x2C, 0xF5, 0x78, 0xD2, 0x79, 0x85, 0x59, 0x1E, 0x66, 0x55, 0xF8, 0xBE,
    0x08, 0x07, 0x4D, 0x98, 0x16, 0x61, 0x1A, 0x85, 0x69, 0x10, 0xA6, 0x6C, 0x94, 0xBA, 0xA3, 0xD4,
    0x19, 0xA5, 0xD6, 0x48, 0x8F, 0xFB, 0x40, 0x73, 0xA7, 0x9D, 0xA3, 0xBF, 0x87, 0x73, 0x05, 0x55,
    0xE6, 0x44, 0x29, 0xD2, 0xBB, 0x2A, 0x2B, 0x00, 0xEE, 0x00, 0xFB, 0x9A, 0x89, 0x97, 0x02, 0xEA,
    0xC0, 0xAC, 0xB4, 0x6A, 0xDD, 0x8A, 0x7E, 0x5E, 0x59, 0x2A, 0xC1, 0xBB, 0x2B, 0x58, 0xBE, 0xED,
    0xC3, 0x93, 0xB0, 0x8F, 0x96, 0x2B, 0xD2, 0xDE, 0xD3, 0x4E, 0xC4, 0x03, 0x1A, 0xBA, 0xF3, 0x29,
    0x2D, 0x7C, 0xF9, 0x8C, 0x63, 0x48, 0xCE, 0xD2, 0x51, 0xB6, 0xE8, 0x9A, 0x18, 0xC1, 0xC3, 0xAC,
    0x0E, 0xDF, 0x27, 0x0B, 0x64, 0x98, 0x7E, 0x40, 0x16, 0x0C, 0xA6, 0x16, 0xD8, 0xA3, 0x14, 0x24,
    0x03, 0xDD, 0xD1, 0x6D, 0x48, 0xB0, 0x86, 0x72, 0x79, 0x89, 0x11, 0x13, 0xEE, 0x2E, 0x73, 0x9C,
    0x9A, 0xDC, 0xD2, 0x9D, 0xE2, 0xD3, 0x03, 0x5D, 0x7F, 0x60, 0x2B, 0x41, 0xC5, 0x5E, 0x52, 0x24,
    0x67, 0x86, 0x79, 0x62, 0xEA, 0xC9, 0xA3, 0xE9, 0xA5, 0xEF, 0xF5, 0x33, 0x9F, 0x9F, 0x9A, 0x31,
    0xB3, 0x0E, 0x93, 0x6A, 0xEA, 0xFA, 0xB4, 0xB9, 0x4A, 0x82, 0x67, 0xDC, 0x94, 0x1F, 0x41, 0x62,
    0xCA, 0x4F, 0xA5, 0xBB, 0x84, 0x97, 0x25, 0xC7, 0xA2, 0xBA, 0x6D, 0xD4, 0x51, 0xE5, 0xFE, 0x5F,
    0xD5, 0xE9, 0xDA, 0xE3, 0xCC, 0xBA, 0xD4, 0x2E, 0x4A, 0xF1, 0x35, 0x31, 0x02, 0xED, 0x37, 0xEC,
    0xEF, 0xE2, 0xFF, 0x51, 0xEA, 0xFC, 0x3D, 0x67, 0x3F, 0xC7, 0xED, 0xAD, 0x0E, 0x4A, 0x5F, 0xD3,
    0x4A, 0x14, 0x75, 0x9D, 0x6A, 0x4C, 0xD4, 0x43, 0x70, 0x05, 0x29, 0x19, 0xEE, 0x45, 0x44, 0x28,
    0xFA, 0x22, 0x86, 0x31, 0xCF, 0x7C, 0x4A, 0x57, 0x3D, 0xC6, 0xA2, 0xCB, 0xCC, 0xDB, 0x5B, 0x4B,
    0x3C, 0x95, 0xB5, 0xC1, 0xD9, 0x8B, 0x61, 0xE4, 0x88, 0xED, 0xD0, 0xF9, 0xBA, 0x0C, 0x1D, 0xA5,
    0x48, 0x03, 0x35, 0xD0, 0x0D, 0xE5, 0x9C, 0x1A, 0xBA, 0xE3, 0x40, 0xCE, 0x2C, 0x8A, 0x74, 0xB2,
    0x58, 0x07, 0xA6, 0x57, 0x1F, 0x51, 0x42, 0x27, 0xBA, 0xE0, 0x7A, 0x54, 0x76, 0xF3, 0xD3, 0x52,
    0x73, 0xD7, 0x70, 0x08, 0xCD, 0x66, 0x64, 0x02, 0x3D, 0xD4, 0xF4, 0x68, 0x37, 0x2E, 0xEF, 0xA1,
    0xBF, 0xFB, 0x65, 0xA3, 0xC4, 0xF8, 0x0A, 0x47, 0x74, 0x84, 0x30, 0x0C, 0x5B, 0x83, 0xDA, 0xDA,
    0xC5, 0x30, 0x29, 0x8E, 0x0D, 0x05, 0x62, 0x9B, 0x4D, 0x13, 0xA2, 0x33, 0x74, 0xB8, 0xC9, 0xA4,
    0x7D, 0xF8, 0xCA, 0x37, 0xC3, 0x61, 0x2C, 0xE3, 0x3C, 0xC6, 0xC5, 0xA9, 0x8F, 0xC1, 0x94, 0x19,
    0x68, 0xAF, 0xA4, 0xBD, 0xAF, 0x10, 0x59, 0x66, 0xFF, 0x92, 0x83, 0xB5, 0xE4, 0x6D, 0x4A, 0x29,
    0xBA, 0xCB, 0xB7, 0x58, 0x1E, 0x53, 0xAF, 0x3A, 0x73, 0xD1, 0xD0, 0x12, 0x76, 0x6E, 0xED, 0x06,
    0xE3, 0xE8, 0x67, 0x11, 0xE2, 0x9A, 0x0C, 0x3A, 0x45, 0x10, 0x8F, 0xE3, 0xF6, 0x4A, 0xE1, 0x5A,
    0x01, 0xD3, 0x15, 0xFE, 0xC9, 0xBD, 0x3B, 0xD7, 0x60, 0x76, 0xC3, 0xB1, 0x2A, 0xBD, 0xE9, 0xB3,
    0x8E, 0x09, 0xCB, 0x24, 0xC5, 0x02, 0x2C, 0x87, 0x5B, 0x62, 0x4D, 0x78, 0x95, 0x51, 0xB9, 0xC9,
    0x12, 0x77, 0x64, 0x5C, 0xB9, 0x82, 0x9D, 0x13, 0x6F, 0x5E, 0xFB, 0xEE, 0xA5, 0xAA, 0x48, 0x6E,
    0x2E, 0xD4, 0xA8, 0x75, 0x6B, 0x69, 0xED, 0x63, 0xB2, 0xF0, 0x54, 0xA3, 0xC1, 0x76, 0xB3, 0x36,
    0x3B, 0xF2, 0x31, 0x3B, 0x99, 0xF4, 0x5A, 0x1A, 0x76, 0x62, 0x9D, 0x4C, 0xC6, 0xCC, 0xED, 0x36,
    0x3B, 0xEA, 0xB0, 0x2B, 0xCB, 0xE1, 0xCC, 0x49, 0xD8, 0x2E, 0x32, 0xAA, 0xEB, 0x47, 0x97, 0xEB,
    0x0E, 0x01, 0x52, 0x8E, 0xCC, 0x3A, 0x8D, 0x4B, 0x80, 0x3A, 0x1F, 0x12, 0x12, 0xED, 0xCA, 0x79,
    0xCC, 0x39, 0x2B, 0xB3, 0x26, 0x6B, 0x5E, 0x5A, 0x09, 0xF7, 0x23, 0x6A, 0x54, 0x71, 0xDB, 0x74,
    0xAF, 0x7A, 0x27, 0xBB, 0x48, 0x52, 0xAB, 0xA1, 0xCC, 0xA3, 0x8E, 0x93, 0xFC, 0xAC, 0x89, 0xE6,
    0x57, 0x08, 0xC6, 0xD8, 0xFA, 0x31, 0xF5, 0x06, 0x90, 0xA6, 0xBF, 0xBD, 0x24, 0x3E, 0xCF, 0xA8,
    0xA3, 0xFD, 0x82, 0x5F, 0x90, 0x60, 0x67, 0x64, 0x7F, 0x84, 0xDE, 0x93, 0xE5, 0xB0, 0x97, 0xC8,
    0xAE, 0x33, 0x38, 0x1D, 0x77, 0xC9, 0x0B, 0x14, 0x33, 0x87, 0x9D, 0x54, 0xD0, 0x3E, 0xCC, 0xF9,
    0x3E, 0xEC, 0x7F, 0xEA, 0x6D, 0xC4, 0x4A, 0x5A, 0x68, 0xD1, 0xBD, 0x87, 0x70, 0x8F, 0x35, 0x0B,
    0x75, 0x51, 0xA4, 0x39, 0xF4, 0x87, 0x78, 0x75, 0x6B, 0x35, 0x2D, 0xEC, 0x3D, 0x3C, 0xD8, 0xC7,
    0x56, 0xB7, 0x77, 0xE9, 0x00, 0x6B, 0xB6, 0xC3, 0x77, 0x29, 0xAF, 0x12, 0x5D, 0x06, 0xB1, 0x0C,
    0xD6, 0x33, 0x83, 0x29, 0xC5, 0xBC, 0xE9, 0x66, 0xD7, 0xD3, 0xA1, 0xEE, 0xD3, 0xA6, 0x0B, 0xF7,
    0xEE, 0x4C, 0x23, 0x93, 0x36, 0x20, 0x2C, 0x29, 0x88, 0x1B, 0x90, 0x52, 0x1F, 0x84, 0x90, 0x35,
    0x11, 0x22, 0xB6, 0x4F, 0x7B, 0x99, 0xCD, 0x34, 0x85, 0xFF, 0x60, 0xA7, 0x00, 0x4B, 0xC3, 0x06,
    0xAC, 0xD8, 0x24, 0x97, 0xB5, 0x4C, 0xC0, 0x6D, 0x18, 0x35, 0x9E, 0xB3, 0x14, 0xA7, 0x5A, 0x00,
    0xBD, 0xB7, 0xC2, 0xE1, 0x63, 0xDD, 0x7F, 0xEF, 0x16, 0xFE, 0xEF, 0x45, 0x1A, 0x7C, 0x2E, 0xC2,
    0xE8, 0x2F, 0x75, 0x14, 0x3E, 0xAF, 0xFC, 0xFD, 0xAF, 0x38, 0x3B, 0x3E, 0xCF, 0x99, 0x28, 0x13,
    0x4F, 0x64, 0x70, 0xEB, 0x78, 0xB6, 0x70, 0xB3, 0x3D, 0x5C, 0x61, 0x9B, 0x17, 0x74, 0x39, 0xFB,
    0x38, 0xF7, 0xCE, 0xA0, 0xF7, 0xEE, 0xD2, 0x6C, 0x43, 0xE7, 0x85, 0x96, 0xA0, 0x9D, 0x92, 0xDE,
    0x2E, 0xB5, 0xBB, 0x4E, 0x35, 0xF0, 0x78, 0xC4, 0x72, 0x9F, 0x25, 0xEC, 0x47, 0xF0, 0x4E, 0xE1,
    0x12, 0xA0, 0xD4, 0xB9, 0x45, 0x4D, 0xBA, 0x6B, 0x9A, 0xF4, 0x6C, 0xC2, 0x7A, 0x6F, 0xC1, 0xFB,
    0x38, 0xB1, 0x2C, 0x74, 0x57, 0x34, 0x5F, 0x9E, 0x32, 0x55, 0x91, 0x33, 0xF5, 0x9F, 0x0F, 0xB1,
    0x69, 0x59, 0x5B, 0x13, 0x39, 0x5C, 0xFF, 0xE1, 0x17, 0xCF, 0xD2, 0x7A, 0x46, 0xD7, 0xAF, 0xED,
    0x65, 0xE3, 0xFB, 0x54, 0x56, 0x6C, 0xE1, 0x56, 0xC4, 0x68, 0x34, 0x37, 0x53, 0x17, 0x7F, 0x93,
    0x75, 0xC3, 0xA2, 0x56, 0xBA, 0xB6, 0x16, 0x23, 0x5D, 0xA6, 0xA8, 0x6E, 0x86, 0x4D, 0xB8, 0x74,
    0x11, 0x5C, 0x50, 0xD3, 0x46, 0x6A, 0x61, 0x4F, 0xFF, 0x1F, 0xAD, 0x58, 0x41, 0x6F, 0xDC, 0xD6,
    0x11, 0xFE, 0xB8, 0xCC, 0x8A, 0xD1, 0x12, 0xF5, 0xD3, 0x41, 0x02, 0xDC, 0x14, 0x36, 0x2F, 0x3E,
    0x04, 0x46, 0x6D, 0x5E, 0x1B, 0x40, 0x4B, 0x12, 0xE8, 0xC1, 0x40, 0x7B, 0xE8, 0x02, 0x95, 0x90,
    0x43, 0x2F, 0x39, 0xF4, 0x54, 0x14, 0xD0, 0xD5, 0x40, 0x77, 0x4D, 0xD6, 0x39, 0x16, 0x45, 0xF4,
    0x03, 0x02, 0x24, 0x05, 0x7C, 0x70, 0x1C, 0xA0, 0x2E, 0xD0, 0x1E, 0x64, 0x80, 0xD2, 0x32, 0x09,
    0x0A, 0x1F, 0xC3, 0x5B, 0x0F, 0xB9, 0xB0, 0x49, 0x81, 0x02, 0xED, 0x61, 0x59, 0x80, 0x70, 0xE9,
    0x8A, 0xBB, 0xAF, 0xDF, 0x3C, 0xAE, 0x76, 0x2D, 0xC5, 0xAE, 0x56, 0x72, 0xC9, 0x79, 0x03, 0x2E,
    0xC5, 0x37, 0xF3, 0xE6, 0xF1, 0x9B, 0x6F, 0x86, 0x42, 0x17, 0x55, 0x47, 0xFF, 0xAB, 0x74, 0xB5,
    0x2E, 0xBC, 0x24, 0x4E, 0x7C, 0xF8, 0x08, 0xE1, 0x45, 0x01, 0x14, 0x87, 0x17, 0xC9, 0xB5, 0xDC,
    0xF3, 0xF2, 0x23, 0xB8, 0xBA, 0x81, 0xA5, 0x0B, 0xB4, 0xC7, 0x5B, 0xC0, 0x8E, 0xCF, 0x7B, 0x23,
    0xF8, 0x93, 0x1A, 0xA1, 0x5D, 0x20, 0xB0, 0x4B, 0xF4, 0x39, 0x02, 0x5E, 0x87, 0x4E, 0x0E, 0x4F,
    0x67, 0x70, 0x66, 0xF3, 0xC7, 0x61, 0x95, 0x29, 0x9E, 0x71, 0xE8, 0x3C, 0xC5, 0x0C, 0x29, 0xAA,
    0x6F, 0x8D, 0xA1, 0x55, 0x19, 0x1B, 0xBE, 0xCE, 0x69, 0x37, 0x9A, 0xCF, 0xEB, 0x45, 0x1B, 0x96,
    0x87, 0x46, 0x69, 0x8E, 0x86, 0x23, 0x3B, 0x3D, 0xBC, 0x0C, 0x31, 0xFD, 0xF8, 0x7F, 0xCF, 0x70,
    0xEA, 0xE8, 0x5F, 0x17, 0xCD, 0x19, 0x3C, 0x3A, 0x1F, 0xCF, 0x6F, 0x8E, 0x67, 0xD0, 0x3A, 0x19,
    0xEB, 0x8C, 0x3A, 0x75, 0xE9, 0x09, 0x69, 0xA7, 0xC4, 0x08, 0x29, 0x3D, 0xD7, 0x5C, 0x43, 0x4D,
    0xEF, 0x5C, 0x89, 0x9B, 0xC9, 0x1D, 0x95, 0x20, 0xB5, 0xCB, 0x10, 0x48, 0xBD, 0xE2, 0x90, 0x73,
    0x75, 0xA2, 0x75, 0x36, 0x7E, 0x4E, 0x0B, 0x0B, 0x57, 0x77, 0xB7, 0x69, 0xD1, 0xAF, 0x68, 0xB0,
    0xB7, 0x4F, 0x7B, 0x5B, 0x3B, 0x34, 0xA7, 0x1B, 0xCE, 0x7D, 0xD4, 0xD0, 0x98, 0x55, 0xD1, 0x96,
    0x5D, 0x88, 0xA9, 0x8C, 0x96, 0x7C, 0x31, 0x34, 0x32, 0x76, 0xA6, 0x62, 0x66, 0xDA, 0xDA, 0xB0,
    0xF3, 0xF2, 0x4F, 0xB0, 0x8B, 0xB8, 0xA0, 0x7A, 0x2B, 0xB1, 0x7E, 0x5A, 0xEC, 0x0E, 0xD4, 0xF1,
    0xD7, 0xBA, 0xF2, 0x27, 0x7F, 0xFD, 0xB4, 0x0A, 0x9D, 0xC2, 0x2E, 0xFA, 0x76, 0xA1, 0x32, 0x2A,
    0x5F, 0x76, 0x76, 0xC4, 0xAD, 0x2D, 0x6A, 0xEE, 0xD1, 0xD7, 0xBA, 0x76, 0x9F, 0x51, 0x2D, 0x22,
    0x4E, 0xA1, 0x92, 0x55, 0xC6, 0x58, 0xB7, 0x83, 0xBB, 0x93, 0xC0, 0x1A, 0x47, 0xE8, 0xF0, 0x1D,
    0x59, 0x0F, 0x64, 0xB7, 0xA2, 0xF6, 0x99, 0x35, 0xDA, 0xEA, 0x8A, 0xBD, 0xE8, 0x55, 0x83, 0xF3,
    0xCD, 0x90, 0x39, 0x20, 0x44, 0x88, 0x0B, 0xDA, 0x68, 0x23, 0x4A, 0xAF, 0xA3, 0xF1, 0xD1, 0xAC,
    0xA3, 0xE9, 0x9A, 0x8B, 0x57, 0x08, 0x37, 0x9F, 0x48, 0xA3, 0xEF, 0xCE, 0x32, 0x84, 0x18, 0x7D,
    0x37, 0x8B, 0x13, 0x51, 0x39, 0xD5, 0xAF, 0x4A, 0xAA, 0x51, 0x45, 0x35, 0x4C, 0x45, 0x05, 0xA2,
    0x7C, 0x51, 0x6A, 0x4A, 0xE5, 0x88, 0xB2, 0x45, 0x59, 0x54, 0xB2, 0x7E, 0x2A, 0x6B, 0xCC, 0xC0,
    0x64, 0x35, 0x80, 0x84, 0x04, 0x37, 0xA2, 0x51, 0x45, 0x64, 0xF7, 0xD7, 0x40, 0xA3, 0x5D, 0xD0,
    0xA8, 0x4A, 0x68, 0x54, 0x25, 0x34, 0x4A, 0x15, 0x88, 0xF2, 0x45, 0xA9, 0x29, 0x95, 0x23, 0xCA,
    0x16, 0x65, 0x4D, 0x65, 0x8F, 0xB0, 0x54, 0x06, 0x92, 0x4B, 0x3C, 0x33, 0x11, 0x08, 0x1E, 0x60,
    0x7F, 0x63, 0x07, 0x83, 0x63, 0xCD, 0x37, 0x3F, 0xBE, 0x5F, 0x36, 0xEA, 0xF3, 0xB2, 0x71, 0x5F,
    0x3E, 0xDA, 0xE7, 0x09, 0x31, 0xF8, 0x9C, 0xEB, 0x27, 0x73, 0x43, 0xCE, 0xE7, 0xB9, 0x45, 0xD3,
    0xBF, 0x30, 0x3F, 0x66, 0xB2, 0xF6, 0xCE, 0x24, 0xB2, 0xBF, 0xCA, 0x9C, 0xA7, 0x99, 0xFB, 0x45,
    0xAE, 0xEE, 0x97, 0x9E, 0x2E, 0x43, 0x5D, 0x07, 0x68, 0x08, 0xD4, 0x06, 0x81, 0x2C, 0xE7, 0xC7,
    0x89, 0xCD, 0x27, 0x1F, 0xC2, 0xDA, 0x01, 0x13, 0xE3, 0xCA, 0x5E, 0x02, 0x37, 0x5B, 0x1B, 0x67,
    0xBE, 0xCE, 0x02, 0xEE, 0x98, 0xCA, 0xC2, 0x71, 0xE6, 0x7D, 0xD3, 0xC2, 0xB4, 0x7F, 0x5B, 0xD5,
    0x6B, 0x4C, 0x00, 0xAF, 0x51, 0xB5, 0x5D, 0x9C, 0x3E, 0xBD, 0xDA, 0x63, 0x82, 0x1C, 0x6C, 0xFB,
    0x65, 0x6F, 0xDF, 0xA2, 0x89, 0xB3, 0x67, 0x1B, 0x67, 0xC5, 0x17, 0x93, 0x03, 0x37, 0x19, 0x7E,
    0x97, 0x31, 0xE8, 0xD2, 0x30, 0x01, 0xD9, 0x02, 0x4B, 0xB6, 0xF0, 0x4E, 0xB3, 0x45, 0x76, 0x96,
    0x2D, 0xE0, 0xDE, 0xC9, 0x6C, 0xBE, 0x95, 0x87, 0x64, 0x0D, 0x49, 0x6E, 0xFF, 0x71, 0x16, 0x0A,
    0xB2, 0x4B, 0x0A, 0x51, 0x4D, 0xBA, 0x20, 0x5B, 0x2C, 0xC8, 0x42, 0xDD, 0x49, 0xE6, 0x0F, 0x0B,
    0xAC, 0xAB, 0x97, 0x0A, 0xD9, 0x82, 0x64, 0x41, 0xAE, 0x58, 0x50, 0xC5, 0x6D, 0x0F, 0x6E, 0x83,
    0xCE, 0x03, 0x6C, 0x58, 0xC2, 0x0D, 0x67, 0xC5, 0xCB, 0x48, 0x14, 0x2D, 0x4F, 0x58, 0xBB, 0x70,
    0xCC, 0x2C, 0xFB, 0x03, 0xD8, 0xBF, 0xB9, 0x80, 0x97, 0xDE, 0x43, 0x78, 0x06, 0xE5, 0x6A, 0x1B,
    0xBD, 0xB7, 0xCF, 0x77, 0x24, 0xA9, 0xD1, 0x07, 0x7E, 0x7E, 0x61, 0x47, 0x24, 0x25, 0x32, 0xA2,
    0x35, 0x58, 0xD5, 0x91, 0x73, 0x07, 0x9D, 0xE9, 0x65, 0x1C, 0x5D, 0xBB, 0x06, 0xE7, 0x42, 0x8E,
    0x32, 0x83, 0xE2, 0x8B, 0x3B, 0xE2, 0x4E, 0x70, 0xEE, 0xEA, 0x8E, 0xF8, 0xA4, 0x3F, 0xC3, 0x4D,
    0x03, 0xED, 0xAD, 0x77, 0xF3, 0x50, 0xE7, 0xC1, 0xCF, 0x32, 0xE6, 0xBE, 0x3F, 0x8E, 0x5C, 0xF3,
    0x0A, 0xAC, 0xDD, 0xC8, 0xD6, 0x92, 0x44, 0xF6, 0xD3, 0xA8, 0xF3, 0x34, 0x5A, 0x31, 0x7B, 0xD6,
    0x3E, 0x21, 0xFC, 0x0C, 0x20, 0x7F, 0x02, 0xE7, 0x3B, 0xE7, 0x27, 0xD0, 0xDC, 0xCB, 0x26, 0xB0,
    0x6D, 0x64, 0x45, 0x2F, 0x8F, 0x8C, 0x97, 0x0D, 0x80, 0x7B, 0xF5, 0xF1, 0x0A, 0x69, 0xAA, 0x18,
    0x52, 0xEF, 0x93, 0x16, 0xC7, 0x21, 0x33, 0x27, 0xE6, 0x38, 0x20, 0x31, 0x56, 0x35, 0xB7, 0xFB,
    0xF9, 0x8E, 0x9D, 0xEB, 0xC6, 0xCD, 0x74, 0xAD, 0xC8, 0xF7, 0x1E, 0x47, 0xC0, 0x72, 0x35, 0x82,
    0x6E, 0x1A, 0x0E, 0x84, 0x7C, 0xEE, 0xA6, 0x70, 0xC1, 0x16, 0xD4, 0x4C, 0x17, 0x57, 0xF6, 0x9E,
    0x55, 0xF4, 0x73, 0xB0, 0x36, 0xFE, 0x47, 0xE3, 0x4F, 0x74, 0x43, 0x57, 0x18, 0xA9, 0x1C, 0xE1,
    0xD1, 0xAC, 0xF2, 0xAA, 0xB8, 0x34, 0x3E, 0xBA, 0x42, 0x92, 0x35, 0xB3, 0xA0, 0x82, 0xCA, 0x37,
    0xE0, 0x47, 0x42, 0xC6, 0x40, 0xC0, 0x82, 0x19, 0x30, 0x89, 0xC2, 0xEE, 0x21, 0x7C, 0x46, 0xE0,
    0xFD, 0xFA, 0x70, 0x9E, 0xC8, 0x2D, 0x49, 0x5B, 0x83, 0x48, 0x1D, 0x17, 0xFE, 0x84, 0x09, 0x2B,
    0x65, 0x89, 0x22, 0xC9, 0xFB, 0xB8, 0xE0, 0x4D, 0xEB, 0x87, 0x05, 0x68, 0x6D, 0xAF, 0x60, 0x74,
    0xDE, 0x6C, 0x41, 0x92, 0x25, 0xC6, 0xB9, 0x50, 0x47, 0x57, 0x6C, 0xD0, 0x1D, 0xBD, 0xD1, 0x19,
    0x7D, 0xD1, 0x0D, 0xBD, 0x85, 0xDD, 0x54, 0xEA, 0x62, 0x96, 0xD2, 0xCB, 0x89, 0x93, 0x65, 0xFA,
    0x2F, 0xDD, 0xD9, 0x2F, 0xB8, 0x73, 0xE8, 0xA2, 0x70, 0xFF, 0xCD, 0x82, 0x99, 0x6F, 0xB8, 0xF9,
    0x8B, 0xEE, 0x94, 0x3B, 0xE7, 0x45, 0x1E, 0x43, 0xBB, 0x18, 0x2A, 0x96, 0x0B, 0x0C, 0x47, 0x18,
    0xD5, 0x60, 0xDC, 0x71, 0x83, 0xD1, 0x08, 0xC3, 0x10, 0x43, 0xB2, 0xBB, 0x9B, 0x0F, 0x85, 0x89,
    0x49, 0x7E, 0xF0, 0x4B, 0xF4, 0xF6, 0x0D, 0x24, 0xB2, 0x85, 0x6C, 0xBA, 0x9F, 0xD5, 0xEE, 0x17,
    0x85, 0xFB, 0x65, 0xC2, 0x5D, 0x10, 0x99, 0x64, 0xF2, 0xF3, 0x33, 0xF6, 0x06, 0xE9, 0xA5, 0x58,
    0xF0, 0x1A, 0x5A, 0xF8, 0x04, 0x6D, 0xBD, 0x3C, 0x87, 0x05, 0xFF, 0x00, 0x2B, 0x87, 0x55, 0x4B,
    0x72, 0x41, 0x66, 0x3F, 0xDA, 0xBF, 0x1C, 0xF7, 0x5E, 0xA1, 0xC7, 0xEF, 0x2F, 0xBD, 0x3A, 0x1A,
    0x44, 0xE6, 0xB9, 0xBE, 0xB1, 0xF0, 0x0D, 0x5C, 0x57, 0x91, 0x33, 0x15, 0x52, 0x35, 0xC0, 0xCC,
    0x42, 0xE6, 0x42, 0x28, 0x7F, 0x75, 0x0A, 0xB8, 0x33, 0x10, 0xCC, 0x70, 0x73, 0xBE, 0x88, 0x81,
    0x9B, 0xB1, 0xB1, 0x89, 0xE7, 0x3D, 0x0D, 0x67, 0xC1, 0x35, 0xB3, 0xB6, 0x76, 0x65, 0xD6, 0x4D,
    0x16, 0xE5, 0xE0, 0x64, 0xD6, 0x94, 0xB3, 0x12, 0xA9, 0xD5, 0x8E, 0xC8, 0xC0, 0xE3, 0xC4, 0x68,
    0xEF, 0x79, 0x3B, 0xEF, 0xA4, 0x14, 0xA9, 0xEC, 0x65, 0xA7, 0x4E, 0x16, 0xD5, 0xF7, 0xFF, 0xDB,
    0xCA, 0x8D, 0xC5, 0xEE, 0x58, 0x7E, 0x5C, 0xA2, 0x8B, 0xB3, 0x73, 0xE1, 0xA0, 0x62, 0xAE, 0x5E,
    0xA3, 0x81, 0x63, 0xCB, 0xCC, 0x6E, 0xEA, 0x6D, 0x5C, 0x28, 0x57, 0x24, 0x75, 0x87, 0x86, 0x63,
    0x2E, 0x98, 0x2B, 0x92, 0x20, 0x27, 0x63, 0x93, 0xA3, 0x3F, 0x7A, 0xB7, 0xE8, 0xC7, 0xBA, 0x1D,
    0xF2, 0xBB, 0x1D, 0x65, 0x3A, 0xB4, 0x74, 0x33, 0xC4, 0xB8, 0xAD, 0xE4, 0x9B, 0xB8, 0xAB, 0x23,
    0x72, 0x74, 0xEC, 0xE4, 0x23, 0x26, 0x58, 0x2B, 0xD2, 0x90, 0x65, 0xC3, 0x18, 0xF7, 0xA6, 0x26,
    0xCD, 0xCC, 0x82, 0x16, 0x32, 0x27, 0x82, 0xCA, 0x94, 0xB4, 0xDE, 0xBC, 0xCB, 0x63, 0x3B, 0xC6,
    0x66, 0x8C, 0xAD, 0x18, 0x1B, 0x31, 0xB6, 0x61, 0x6C, 0xC2, 0xD8, 0x82, 0xB1, 0x01, 0x63, 0xFB,
    0xC5, 0xE6, 0x6B, 0x68, 0x3A, 0x49, 0xF7, 0xA4, 0xD2, 0xB0, 0xBF, 0x3A, 0xD6, 0xD0, 0xE3, 0x44,
    0x2A, 0x84, 0x7B, 0x56, 0xD0, 0x8D, 0x64, 0x0F, 0x6E, 0x00, 0x7C, 0xB3, 0x5F, 0x19, 0xD1, 0x42,
    0xD0, 0xF6, 0x24, 0x21, 0x41, 0x0B, 0x3B, 0xBF, 0x5F, 0x90, 0x9D, 0x7D, 0x5D, 0x05, 0xBB, 0x27,
    0x1D, 0xD4, 0x96, 0x59, 0xCC, 0x40, 0x10, 0x69, 0xFF, 0x16, 0xF6, 0x87, 0xA6, 0xD6, 0x9E, 0xDF,
    0x4A, 0xC9, 0x71, 0x28, 0x5F, 0x32, 0xCC, 0xC4, 0xE4, 0x72, 0x5C, 0x6D, 0xF6, 0xA2, 0x86, 0x01,
    0x0D, 0x37, 0xE3, 0x42, 0x9C, 0x6D, 0xBE, 0x16, 0xCA, 0xB6, 0x19, 0xFD, 0xAE, 0x70, 0xF8, 0x9B,
    0x24, 0x84, 0xE9, 0x9C, 0x10, 0x34, 0xFC, 0x8E, 0x26, 0xB4, 0x3E, 0x8A, 0x02, 0x45, 0x42, 0xB8,
    0x45, 0x42, 0xF8, 0x01, 0x09, 0x81, 0x78, 0xF5, 0x8A, 0x96, 0x10, 0x14, 0x09, 0xA1, 0x3B, 0x37,
    0x43, 0x4C, 0x1D, 0xC0, 0x22, 0xA9, 0xEC, 0xF2, 0x4F, 0x99, 0x3F, 0xC9, 0x02, 0x2F, 0xEF, 0x87,
    0x45, 0xFF, 0x8F, 0x65, 0xF8, 0x4D, 0x11, 0x3E, 0x15, 0x2A, 0x20, 0x50, 0xDE, 0x30, 0xCF, 0x7A,
    0x7D, 0x38, 0x1F, 0xC0, 0xBA, 0x1F, 0xAD, 0xDE, 0x9F, 0xF6, 0x19, 0xF9, 0x36, 0xD6, 0xD6, 0x57,
    0xDA, 0x54, 0x79, 0x57, 0xFF, 0xCC, 0x3A, 0x56, 0xB2, 0xBA, 0x7D, 0xB6, 0x3A, 0xEA, 0x31, 0xD6,
    0x3B, 0x2B, 0xD9, 0x5F, 0x2C, 0x46, 0x62, 0xD1, 0x89, 0x08, 0x2F, 0x28, 0xBB, 0xFC, 0x69, 0x04,
    0x27, 0x62, 0xFE, 0x7A, 0x6A, 0x8A, 0x50, 0x25, 0xFC, 0x8F, 0xB2, 0xC0, 0xCE, 0xC2, 0x4F, 0xA5,
    0x09, 0xE9, 0x9B, 0xCD, 0x13, 0xAA, 0xD4, 0x2D, 0x04, 0xDC, 0x2A, 0x48, 0x6F, 0xBC, 0x49, 0x54,
    0xCF, 0xE2, 0xD9, 0x90, 0x80, 0x1F, 0xED, 0xC4, 0x4D, 0xDC, 0xC8, 0xD5, 0xD0, 0xDC, 0x7B, 0x71,
    0xB9, 0x2B, 0x98, 0x43, 0xFF, 0x00, 0xEA, 0x16, 0x3A, 0x3F, 0x32, 0x8C, 0xC0, 0xAD, 0xA1, 0x81,
    0xFA, 0xE5, 0x42, 0xB2, 0x76, 0xA4, 0x95, 0x79, 0x52, 0x6E, 0xDF, 0xED, 0x5D, 0x45, 0xD4, 0x29,
    0xCF, 0x9E, 0x64, 0x87, 0xFC, 0xA8, 0xDA, 0x67, 0x6E, 0xC4, 0x65, 0x58, 0xA8, 0xE4, 0xF4, 0x19,
    0x17, 0x02, 0x2C, 0xAF, 0xB8, 0x57, 0xBF, 0x77, 0xF5, 0x55, 0xDD, 0xBF, 0xFB, 0x25, 0x97, 0xFF,
    0x17, 0x2E, 0xED, 0x77, 0xC9, 0xEB, 0x74, 0xFF, 0xCB, 0xA0, 0x56, 0xE8, 0xFE, 0xB9, 0x5A, 0x3A,
    0xFB, 0x4F, 0x01, 0x2B, 0x79, 0xEF, 0x75, 0x9C, 0x72, 0xDB, 0xDD, 0x49, 0xB4, 0xDE, 0x89, 0x56,
    0x71, 0xFA, 0xA4, 0xC4, 0xAD, 0xBB, 0xE0, 0x36, 0x4A, 0x25, 0x98, 0x92, 0xDF, 0xA3, 0x94, 0x7C,
    0xCF, 0x6A, 0xAF, 0x92, 0xA3, 0x31, 0xC6, 0x0D, 0x0E, 0x0F, 0x91, 0x86, 0xA4, 0xDF, 0x44, 0x6E,
    0x9A, 0xD6, 0x41, 0x82, 0xDA, 0x96, 0xA0, 0xAC, 0x2E, 0xD4, 0x5E, 0x44, 0x20, 0xAA, 0x42, 0xEA,
    0xDA, 0x19, 0x91, 0xF7, 0x48, 0x3C, 0xFD, 0x1E, 0x57, 0xD7, 0x56, 0x37, 0xEE, 0x56, 0xB7, 0xD3,
    0x1B, 0xEB, 0x6F, 0x6C, 0xF6, 0x0F, 0xC3, 0x26, 0x4C, 0x42, 0x2C, 0x4F, 0xA9, 0xE6, 0xE9, 0x12,
    0x22, 0xAB, 0x7F, 0x1E, 0x31, 0xC2, 0xED, 0x03, 0x89, 0xF0, 0xFC, 0xAF, 0x16, 0xC8, 0x77, 0xB9,
    0x33, 0x89, 0x7A, 0x9D, 0xE8, 0x42, 0x2E, 0x24, 0xCE, 0x43, 0x89, 0xF3, 0x7C, 0x17, 0x03, 0xF3,
    0x4A, 0x34, 0x02, 0x4B, 0x32, 0x3A, 0x64, 0x43, 0x40, 0xF6, 0xD4, 0xE6, 0xB3, 0x58, 0x25, 0x37,
    0x54, 0x12, 0x32, 0x4F, 0x9A, 0xF6, 0xFF, 0x46, 0xE8, 0xE4, 0xC2, 0xB7, 0xD6, 0xC0, 0x9F, 0x05,
    0xBF, 0x0C, 0x10, 0x16, 0x6C, 0x50, 0x8F, 0xE0, 0x87, 0xB3, 0xD0, 0x10, 0xA9, 0x9D, 0xD9, 0x91,
    0x29, 0xDF, 0x39, 0x85, 0x4F, 0xFF, 0x0F, 0x91, 0xA3, 0xBD, 0xE6, 0x97, 0x08, 0x14, 0xD4, 0x20,
    0xAE, 0xE3, 0x07, 0x1E, 0x4E, 0x4E, 0xD5, 0xB8, 0x4B, 0x93, 0x03, 0xA6, 0x65, 0xC4, 0x14, 0xDD,
    0xB4, 0xE5, 0x5F, 0x33, 0x04, 0x98, 0xAD, 0x23, 0x7B, 0x92, 0xC9, 0x35, 0x33, 0x8B, 0xC2, 0x66,
    0xC6, 0xCF, 0xBE, 0x47, 0xD2, 0xFD, 0x1B, 0xDE, 0x69, 0x9B, 0xEA, 0x28, 0xAE, 0x83, 0x43, 0xC6,
    0xD3, 0x5F, 0x6B, 0x54, 0xD3, 0x25, 0x3C, 0x09, 0xCC, 0x7B, 0x4E, 0x33, 0xCE, 0x9F, 0x9C, 0xFD,
    0x08, 0x96, 0xD2, 0x58, 0x2D, 0x64, 0xB4, 0x5B, 0xC5, 0x5A, 0xE4, 0xC5, 0x9B, 0x94, 0x6F, 0xF7,
    0xA7, 0x73, 0x54, 0xFD, 0x99, 0x68, 0x2B, 0xD5, 0x71, 0x6D, 0xF6, 0x35, 0x3D, 0x23, 0xFF, 0x05,
    0x6D, 0x52, 0xBB, 0x6F, 0x52, 0x61, 0x14, 0xFF, 0xF1, 0x28, 0xC5, 0x3E, 0xBC, 0x54, 0x21, 0xB6,
    0x5A, 0xB8, 0x57, 0x6D, 0x93, 0x9B, 0x4A, 0x79, 0x98, 0x4B, 0xA4, 0xE9, 0x85, 0xFB, 0x39, 0x19,
    0x5F, 0x09, 0x43, 0x71, 0x6A, 0x22, 0x03, 0x0B, 0xDA, 0x1A, 0x06, 0xEA, 0xA0, 0xDC, 0xF6, 0xEA,
    0xE4, 0xE0, 0x40, 0xE2, 0x3F, 0xC0, 0xA0, 0x11, 0x59, 0x64, 0x60, 0x68, 0x23, 0xC2, 0x37, 0x34,
    0xE9, 0xE2, 0x40, 0xA2, 0xA3, 0x03, 0x83, 0x8B, 0x8F, 0x44, 0x12, 0x89, 0x21, 0x91, 0x16, 0xCF,
    0x85, 0xD6, 0x2E, 0xDE, 0x2F, 0xB9, 0xDF, 0xF9, 0xCE, 0xF3, 0x77, 0xCE, 0xEF, 0x00, 0x41, 0x8C,
    0x72, 0x4B, 0x01, 0x18, 0x6F, 0x8A, 0x90, 0x41, 0x77, 0x2B, 0xD0, 0x99, 0x93, 0x85, 0x1B, 0xDA,
    0xBE, 0x94, 0xEE, 0xB7, 0xCB, 0x45, 0xCF, 0x4A, 0xE3, 0xC0, 0xB3, 0x02, 0x44, 0xBD, 0x62, 0xCF,
    0x51, 0x50, 0x75, 0xB7, 0x2C, 0xC7, 0xF2, 0x76, 0x17, 0xA0, 0xE1, 0x9C, 0x31, 0xCE, 0xBC, 0x14,
    0xA2, 0xB1, 0x30, 0x5F, 0xE6, 0x67, 0x49, 0x12, 0x75, 0xB5, 0x9A, 0x32, 0x00, 0x75, 0x51, 0xEC,
    0x3A, 0x8A, 0x68, 0xB7, 0x8B, 0xC0, 0x46, 0xD3, 0x3C, 0x40, 0xBE, 0x1D, 0xC8, 0x3B, 0x9C, 0x16,
    0x66, 0xE3, 0x91, 0xB5, 0x60, 0xC7, 0x41, 0x25, 0x85, 0x76, 0xBC, 0x26, 0x39, 0xE1, 0x8D, 0xA9,
    0x35, 0x20, 0xAE, 0xE6, 0xAB, 0x40, 0x4D, 0x8D, 0xF9, 0x8E, 0x64, 0xE8, 0x10, 0x99, 0x95, 0xB2,
    0x09, 0x3C, 0x48, 0xD0, 0x46, 0x7C, 0x0F, 0x46, 0x12, 0xD5, 0x9D, 0x44, 0x83, 0x59, 0x07, 0x87,
    0xF4, 0x4C, 0xC4, 0x26, 0xD2, 0x70, 0x46, 0x95, 0x59, 0x40, 0xD6, 0x33, 0xA8, 0xCB, 0x6E, 0x77,
    0xA6, 0xEE, 0x7E, 0x93, 0x14, 0x04, 0xA1, 0xF1, 0x9E, 0xEA, 0xB7, 0x0F, 0x36, 0xB1, 0x18, 0x9F,
    0xFE, 0x87, 0xF9, 0x10, 0x69, 0x4C, 0xCD, 0x45, 0x03, 0x77, 0xF7, 0xA9, 0xAB, 0xCA, 0x4E, 0x7C,
    0x08, 0x53, 0xEB, 0x85, 0x26, 0x24, 0x67, 0xF8, 0x56, 0xB0, 0x4B, 0x95, 0xA1, 0x06, 0x04, 0xB3,
    0x81, 0xC3, 0x69, 0x90, 0x9F, 0x3F, 0xD8, 0x3D, 0x86, 0xEC, 0x9B, 0xD4, 0x7A, 0xA9, 0xA2, 0x39,
    0x9D, 0x64, 0xB2, 0x5C, 0x2E, 0x97, 0xCA, 0xA5, 0xE4, 0x4A, 0xBF, 0xE7, 0xBB, 0xAE, 0xF5, 0xA4,
    0xF4, 0x70, 0x5E, 0x0B, 0xE5, 0xB2, 0xA1, 0xF5, 0xFB, 0x1C, 0xC3, 0xAF, 0x30, 0xDA, 0xDA, 0x62,
    0xDB, 0xA6, 0x34, 0x09, 0x3F, 0xA2, 0xC8, 0xA2, 0x8D, 0xA6, 0x95, 0xDB, 0x8C, 0x51, 0x08, 0x87,
    0xAA, 0x1C, 0x24, 0xFF, 0xAC, 0x42, 0x1E, 0xA1, 0x89, 0xC8, 0xEA, 0x42, 0x69, 0xA1, 0x14, 0x59,
    0x95, 0x9C, 0x5A, 0x2F, 0xB0, 0x7D, 0xF9, 0x39, 0x29, 0x33, 0xEA, 0x3A, 0xA6, 0x95, 0xE8, 0x44,
    0x14, 0x47, 0xD5, 0x40, 0xAD, 0x0B, 0x83, 0xF1, 0x88, 0x2C, 0x86, 0x22, 0x7C, 0xB7, 0xA9, 0xFA,
    0x4B, 0x57, 0xCD, 0x3F, 0x47, 0xEE, 0xCA, 0x6F, 0x43, 0xFF, 0xC5, 0xA7, 0x9E, 0x30, 0x54, 0xB7,
    0x75, 0x34, 0x0E, 0x0A, 0x8E, 0x82, 0xE3, 0x38, 0x70, 0xC8, 0x48, 0x7D, 0x6C, 0x8C, 0x3C, 0x47,
    0x76, 0xB5, 0x1F, 0x17, 0x8B, 0x26, 0x32, 0x1B, 0xB7, 0x71, 0xDF, 0xEA, 0x72, 0x77, 0xAA, 0x60,
    0xE3, 0x16, 0x26, 0x4B, 0x8D, 0x16, 0x63, 0xF5, 0xCA, 0x53, 0x2A, 0x10, 0xE1, 0x8F, 0x9A, 0xE6,
    0x4C, 0x64, 0x79, 0xD0, 0x4C, 0x4C, 0xBC, 0xC6, 0x43, 0x00, 0x77, 0xCD, 0x1B, 0x0C, 0x86, 0x84,
    0x53, 0x70, 0xB2, 0x30, 0xEC, 0x3C, 0x4C, 0x3A, 0x2B, 0x9C, 0x30, 0x75, 0xD2, 0xBC, 0x61, 0x98,
    0x3E, 0x71, 0xF1, 0x26, 0xA7, 0xD5, 0x49, 0x49, 0x95, 0x56, 0x16, 0x16, 0x26, 0x76, 0xA2, 0x6B,
    0xA7, 0x77, 0x09, 0xB4, 0xAE, 0xBA, 0xE1, 0xCF, 0xCD, 0x00, 0x39, 0x6F, 0x9A, 0x52, 0x46, 0x95,
    0x93, 0x25, 0xE5, 0x03, 0x45, 0x56, 0x42, 0x2D, 0xD0, 0x8E, 0x21, 0xA3, 0x13, 0xE1, 0x89, 0x2B,
    0x9F, 0x2F, 0x3C, 0x1B, 0xF0, 0x91, 0x5A, 0x77, 0x12, 0x7B, 0x2C, 0x0F, 0x5B, 0x53, 0xFC, 0x46,
    0x0B, 0xD0, 0x1F, 0x90, 0x84, 0xFF, 0xE9, 0x3C, 0x49, 0x1A, 0x7E, 0x69, 0xF8, 0x17, 0xBF, 0xA2,
    0xB5, 0x45, 0x2C, 0xA4, 0x2C, 0xF7, 0x60, 0x79, 0xFB, 0x05, 0x42, 0xBF, 0x8F, 0x18, 0xED, 0x7B,
    0x8A, 0x18, 0x19, 0xFA, 0xDE, 0x69, 0x92, 0xBD, 0x05, 0x82, 0x66, 0xBF, 0x74, 0xFF, 0xFB, 0x79,
    0x3B, 0x1E, 0xE3, 0x1D, 0x5E, 0x61, 0x06, 0x09, 0x57, 0x36, 0x9B, 0x75, 0xD9, 0xE9, 0xF5, 0x11,
    0xAF, 0xE1, 0x86, 0x85, 0x6E, 0x53, 0x9A, 0x87, 0x7D, 0x29, 0xBB, 0x31, 0x63, 0xC5, 0x99, 0x43,
    0x93, 0x87, 0x52, 0x7D, 0xC2, 0x9F, 0x81, 0xF9, 0x2A, 0xEC, 0xF8, 0x59, 0xD9, 0x53, 0xF6, 0x94,
    0xAB, 0x2E, 0x74, 0x38, 0x67, 0x90, 0x97, 0xE6, 0xE4, 0x13, 0xC0, 0x0B, 0x3C, 0x84, 0x4A, 0x46,
    0x30, 0x9F, 0x21, 0xC0, 0x67, 0xB8, 0xD8, 0x5F, 0xB5, 0x5A, 0x4D, 0x8C, 0xDC, 0x46, 0x76, 0x7E,
    0x24, 0x35, 0xC3, 0xDD, 0x61, 0x6C, 0xF6, 0x61, 0x04, 0x78, 0x7F, 0x1C, 0xC6, 0x80, 0x03, 0xC8,
    0x9B, 0x40, 0x04, 0x8C, 0x3D, 0x38, 0xC1, 0x34, 0x59, 0xB2, 0x0F, 0x0A, 0xB2, 0x87, 0x0C, 0x82,
    0xD1, 0xE6, 0x60, 0x60, 0x15, 0x04, 0xBE, 0x24, 0x1B, 0xAC, 0x8C, 0x4D, 0x02, 0x2C, 0xB0, 0xEC,
    0x69, 0x46, 0x02, 0xA2, 0x83, 0x0F, 0xD2, 0x21, 0xA7, 0x5C, 0xAC, 0x2C, 0x14, 0xC4, 0x3F, 0x87,
    0xF1, 0xC1, 0x59, 0xB4, 0x22, 0x76, 0xB3, 0x24, 0x1D, 0x04, 0xC4, 0x07, 0x71, 0xAD, 0x2C, 0x8C,
    0xC4, 0x07, 0x71, 0x2D, 0x07, 0xC6, 0x5A, 0xD8, 0x0C, 0x6D, 0x71, 0x2D, 0x4A, 0xC3, 0xEE, 0xCA,
    0xF7, 0x8A, 0xEC, 0x99, 0x9E, 0xD1, 0x68, 0x66, 0xE4, 0x24, 0x3D, 0xEF, 0x71, 0xBA, 0xF9, 0x53,
    0x45, 0x56, 0xBD, 0xF7, 0xBD, 0xEF, 0xBD, 0x22, 0x91, 0x2F, 0x6C, 0x69, 0x9C, 0x27, 0x4A, 0x27,
    0xE9, 0x24, 0xA1, 0x84, 0x86, 0x2B, 0xE9, 0x38, 0xAD, 0xF9, 0x5B, 0xA2, 0xF7, 0x3D, 0x75, 0xA4,
    0x1B, 0x3D, 0xF5, 0xEC, 0xA3, 0x8F, 0x13, 0x3E, 0xA9, 0xCA, 0xB4, 0x5A, 0x05, 0x35, 0xFA, 0xEB,
    0xF3, 0x64, 0xA9, 0x9A, 0xAC, 0x07, 0x29, 0x7E, 0xFB, 0x50, 0xAF, 0xF9, 0x7F, 0x57, 0x41, 0x6B,
    0x9A, 0x7E, 0x7A, 0x44, 0x25, 0x99, 0x31, 0x7F, 0xED, 0x2B, 0x96, 0x88, 0xF6, 0x12, 0x9A, 0x23,
    0x43, 0x15, 0x8E, 0x2A, 0x3C, 0xD9, 0xF1, 0x89, 0x42, 0x88, 0x92, 0xA1, 0x8A, 0x03, 0xFD, 0xDD,
    0xCB, 0x3A, 0x38, 0x64, 0xA8, 0x9C, 0x9B, 0x5B, 0x26, 0x47, 0x09, 0x5F, 0x51, 0x60, 0x10, 0x1F,
    0x8D, 0xC9, 0xAD, 0xC8, 0x54, 0x84, 0xA7, 0x25, 0x37, 0xFE, 0x53, 0x2F, 0x46, 0x5F, 0x7E, 0xA5,
    0xEF, 0x21, 0x99, 0xF9, 0xFC, 0x50, 0x5E, 0xCE, 0x9E, 0xC1, 0xED, 0x78, 0x8F, 0xF8, 0x23, 0x32,
    0x8A, 0xDD, 0xFF, 0xCC, 0xE2, 0x77, 0xF2, 0xBE, 0x7C, 0xAE, 0x79, 0x2C, 0x7E, 0xF4, 0x66, 0x63,
    0xCB, 0xAD, 0x8D, 0xAA, 0x78, 0xA3, 0xC8, 0x91, 0xB5, 0x1F, 0x63, 0xE3, 0x4A, 0x27, 0xC6, 0xC6,
    0x8D, 0xF1, 0x53, 0x11, 0x0E, 0x4C, 0x48, 0x55, 0xB4, 0xF5, 0x89, 0x8C, 0xE2, 0xA1, 0xCD, 0xEA,
    0x5B, 0x0F, 0xCE, 0x63, 0x9C, 0xD0, 0x34, 0xBE, 0xA5, 0xBC, 0xCF, 0xE7, 0x8D, 0x27, 0x22, 0xA3,
    0xEC, 0xE3, 0x9B, 0x9A, 0xF0, 0xA6, 0xA4, 0xDD, 0x27, 0x65, 0xB9, 0x99, 0x94, 0x89, 0x9A, 0x99,
    0x94, 0x2D, 0xE5, 0x0F, 0xC6, 0x6A, 0x40, 0x74, 0x5E, 0x77, 0x6F, 0x15, 0x91, 0x23, 0x23, 0x57,
    0x44, 0x21, 0xF5, 0x12, 0xEA, 0x57, 0xD4, 0xAF, 0x29, 0x0A, 0x28, 0xF2, 0x45, 0xE4, 0xCA, 0xC8,
    0xCE, 0x23, 0x93, 0xFB, 0x31, 0x0B, 0x3D, 0x35, 0x5F, 0xD3, 0x97, 0x98, 0x75, 0x64, 0xD5, 0x91,
    0x53, 0x47, 0x6E, 0x12, 0x1D, 0x4D, 0xA2, 0xA5, 0x24, 0x1A, 0x24, 0xBD, 0x22, 0xE9, 0xE7, 0x49,
    0x5F, 0x26, 0x7D, 0x91, 0xF4, 0x29, 0xB1, 0xCF, 0x48, 0x6B, 0x3D, 0xA6, 0x91, 0x1E, 0x7A, 0xAA,
    0x02, 0xA3, 0xF4, 0xCD, 0xC2, 0x7D, 0x29, 0x73, 0xAE, 0x4B, 0xEB, 0x46, 0x6C, 0x29, 0x32, 0x60,
    0x51, 0x63, 0x32, 0x6A, 0x0A, 0x0B, 0x0A, 0xE5, 0x74, 0x2C, 0xA8, 0xDC, 0x43, 0xFA, 0x8A, 0x05,
    0xCD, 0xB1, 0xBC, 0xA2, 0x2F, 0x98, 0xC0, 0x52, 0xC8, 0x5C, 0x17, 0xD6, 0x87, 0xD2, 0xBE, 0x2E,
    0x9D, 0x6B, 0x99, 0x7B, 0xBA, 0xF0, 0x54, 0x11, 0xAA, 0x2A, 0xA0, 0xBA, 0x47, 0x49, 0xCD, 0x8F,
    0x8A, 0x91, 0x14, 0x90, 0xC6, 0xB8, 0x56, 0x57, 0xD8, 0x00, 0x57, 0x53, 0xC9, 0x4F, 0x6D, 0xCB,
    0xC8, 0x93, 0x7C, 0x74, 0xAC, 0x47, 0x72, 0x82, 0x81, 0x94, 0x89, 0xC3, 0x32, 0x3C, 0x19, 0xE3,
    0xE7, 0x28, 0x8D, 0x13, 0x3B, 0x63, 0x71, 0x32, 0x1C, 0x6A, 0xBC, 0xE0, 0x40, 0x26, 0xAC, 0xCD,
    0x63, 0xDC, 0x68, 0xD6, 0xDD, 0xAE, 0xB2, 0x0B, 0x0B, 0xE9, 0xC2, 0x40, 0xBA, 0xE4, 0x89, 0x1E,
    0x4C, 0x42, 0x49, 0x56, 0xB6, 0x1B, 0xD6, 0x57, 0xB4, 0xAB, 0xEC, 0xE5, 0x87, 0x14, 0x58, 0xB9,
    0x4F, 0xDE, 0x4B, 0x79, 0x8F, 0x9C, 0x6B, 0x79, 0x45, 0xD6, 0xED, 0x8F, 0x0A, 0x32, 0xEE, 0xDD,
    0xCB, 0x08, 0x8D, 0x49, 0x0C, 0x09, 0x9B, 0xC3, 0xDD, 0xDB, 0x05, 0x39, 0x37, 0x7F, 0x51, 0x91,
    0x77, 0x26, 0x4F, 0x28, 0xB4, 0xF2, 0x90, 0x86, 0x56, 0xEE, 0x09, 0xF8, 0x4C, 0x38, 0x81, 0x47,
    0xC5, 0x1D, 0x57, 0xE2, 0x1E, 0x8C, 0x53, 0xC2, 0x19, 0xB3, 0x17, 0x11, 0x7E, 0xDA, 0x12, 0x3B,
    0x71, 0x28, 0x1C, 0x4F, 0x27, 0xE4, 0x00, 0x53, 0xED, 0xE8, 0xA9, 0x36, 0x86, 0x07, 0x3D, 0xFF,
    0xE0, 0x46, 0x67, 0xAB, 0x9A, 0x45, 0x26, 0x8D, 0x38, 0x53, 0x71, 0xE3, 0xC4, 0x13, 0x89, 0xA2,
    0x64, 0xAC, 0x5B, 0xD3, 0x93, 0x42, 0x6E, 0xDE, 0x8F, 0x7D, 0x38, 0x67, 0x98, 0xFF, 0x18, 0xBA,
    0x9A, 0x5D, 0xCE, 0x7B, 0xC5, 0xDD, 0x3C, 0x62, 0xFD, 0xE9, 0xED, 0x3C, 0xFA, 0xF1, 0xB5, 0x3C,
    0x0A, 0x59, 0xCF, 0xE4, 0x91, 0x67, 0xE5, 0xDA, 0xD8, 0xAA, 0x4D, 0xE9, 0x9D, 0xA8, 0xFA, 0x8A,
    0x65, 0x76, 0x27, 0x04, 0x50, 0x04, 0x3C, 0xC9, 0x31, 0x3E, 0x35, 0x79, 0xF1, 0x08, 0xF8, 0x13,
    0xC2, 0xA2, 0x7C, 0xA8, 0x27, 0x58, 0x43, 0x7C, 0xF7, 0xB1, 0xCF, 0x93, 0x23, 0x7D, 0x4E, 0x0B,
    0x4B, 0x8D, 0x99, 0xB0, 0xB5, 0xEE, 0x6D, 0xD1, 0x6C, 0x74, 0x63, 0x18, 0x9D, 0x48, 0xBC, 0x38,
    0x71, 0xF1, 0x60, 0x72, 0xD8, 0x17, 0xA9, 0xA2, 0xF4, 0xE3, 0xD6, 0xCA, 0x1B, 0x99, 0x05, 0xC4,
    0x50, 0x83, 0x60, 0xA0, 0x25, 0x7C, 0x18, 0x10, 0x35, 0x1E, 0x40, 0x80, 0x22, 0x7B, 0xC8, 0x63,
    0x38, 0xA5, 0x21, 0x08, 0x56, 0x42, 0x46, 0x7A, 0x1F, 0x0F, 0xA8, 0xA4, 0xF7, 0xDA, 0xF5, 0x22,
    0x74, 0xAE, 0x14, 0x81, 0x23, 0x4B, 0xD6, 0xD0, 0xB9, 0x5A, 0x78, 0x77, 0x6E, 0xE5, 0xB6, 0x52,
    0x31, 0x9D, 0xFA, 0x58, 0x9F, 0xBB, 0x89, 0xFA, 0x15, 0x37, 0x7F, 0x36, 0xB3, 0x6F, 0x71, 0xDB,
    0xDC, 0xF0, 0x04, 0x0E, 0x21, 0x9C, 0x1B, 0x12, 0xA6, 0x1B, 0x98, 0x65, 0x42, 0x75, 0xEB, 0xF4,
    0xFB, 0xAB, 0x51, 0x32, 0x1E, 0x6A, 0x25, 0x8D, 0xD0, 0xAC, 0x0B, 0x7C, 0x79, 0x6D, 0xE5, 0xB3,
    0x32, 0x7A, 0x39, 0x0F, 0x55, 0xBE, 0xF0, 0x49, 0x4E, 0xD6, 0x8C, 0xF0, 0x03, 0x5B, 0x59, 0xB0,
    0xAF, 0xDA, 0x59, 0x90, 0x2A, 0x35, 0x61, 0x6D, 0xA2, 0x06, 0x76, 0x3C, 0xDE, 0x26, 0x65, 0x57,
    0xD6, 0x1B, 0x36, 0xE0, 0xCD, 0xCD, 0xBC, 0x8E, 0x7E, 0x69, 0xD1, 0xA8, 0x39, 0x55, 0x4C, 0x9A,
    0x09, 0x88, 0x30, 0x3F, 0xEB, 0xE3, 0xB7, 0xDF, 0x6A, 0xBF, 0xD9, 0xA7, 0x3E, 0x6E, 0x31, 0x11,
    0x28, 0x35, 0xA3, 0xFD, 0x0A, 0xAA, 0x8E, 0xCB, 0x9E, 0x77, 0x1D, 0x18, 0xD6, 0x2A, 0xBE, 0xF3,
    0xBE, 0xFE, 0x7D, 0xDD, 0xD9, 0x2C, 0x12, 0xB1, 0x6F, 0x29, 0xD1, 0xF3, 0x34, 0xDE, 0x39, 0x33,
    0x78, 0x27, 0xC8, 0x67, 0x18, 0x90, 0x1D, 0x87, 0x63, 0x87, 0xF1, 0x5D, 0xB6, 0x2F, 0x08, 0xDF,
    0x97, 0x55, 0x60, 0x27, 0x60, 0xC0, 0x6F, 0x61, 0x60, 0x11, 0x0E, 0xAB, 0xE0, 0xAE, 0xAA, 0x88,
    0xFC, 0x63, 0x15, 0xFC, 0x34, 0xE9, 0xF5, 0x28, 0x42, 0x23, 0x3D, 0xD6, 0xA8, 0x4B, 0x11, 0xEF,
    0xD3, 0xC7, 0xF8, 0x1C, 0x53, 0xC5, 0xAD, 0x09, 0x98, 0xAA, 0xC0, 0x0E, 0xFF, 0xC5, 0x02, 0x86,
    0xC0, 0xB6, 0x70, 0xA7, 0xB0, 0x54, 0x61, 0x6E, 0x14, 0xF6, 0xFB, 0x85, 0x7B, 0x95, 0xF7, 0xAC,
    0x9A, 0x85, 0xB1, 0x42, 0x9E, 0xA2, 0x27, 0x4F, 0xC5, 0x30, 0x9D, 0xF9, 0x54, 0xFA, 0x4A, 0xC2,
    0xAE, 0x7A, 0x80, 0xA1, 0x54, 0x7A, 0xB7, 0xA7, 0xC6, 0x74, 0x4A, 0xDA, 0x4A, 0xBA, 0xFF, 0x05,
    0x5F, 0xA3, 0xEE, 0xAA, 0xA6, 0x03, 0xC7, 0xF3, 0xC0, 0x2A, 0xBA, 0x66, 0x81, 0xAD, 0x6F, 0xE5,
    0xAE, 0x92, 0xB6, 0x9E, 0xB1, 0xC3, 0x82, 0x30, 0x76, 0xE3, 0x94, 0x6A, 0x8F, 0x26, 0x23, 0xFE,
    0x5E, 0x7B, 0xA2, 0x76, 0x05, 0xEC, 0x06, 0x51, 0xF7, 0xF0, 0x72, 0x5A, 0x8F, 0xDE, 0x68, 0xC0,
    0x74, 0xFA, 0x67, 0x9C, 0x10, 0x8E, 0xCA, 0xDC, 0x3B, 0x19, 0x1C, 0xA1, 0x15, 0x2B, 0xF3, 0xAD,
    0x4C, 0xA9, 0x0A, 0x52, 0xD2, 0x00, 0xB2, 0x0C, 0xD0, 0x5C, 0x81, 0xFD, 0x93, 0xFF, 0xBA, 0x0C,
    0x6C, 0x19, 0xAE, 0x65, 0x7D, 0x05, 0x24, 0x87, 0xF7, 0x09, 0x4F, 0xC5, 0x36, 0xC0, 0x13, 0x83,
    0x64, 0xD0, 0x72, 0xE0, 0x9E, 0x29, 0x3C, 0xF7, 0xAC, 0x74, 0x6E, 0x9C, 0x13, 0x96, 0x62, 0x6B,
    0x9F, 0x90, 0x73, 0x6B, 0x4D, 0xB8, 0xE7, 0xCE, 0xC9, 0xD0, 0x3D, 0x93, 0x0F, 0xDD, 0xD3, 0xE5,
    0x1C, 0xF0, 0xB7, 0xA6, 0xDF, 0xEB, 0x83, 0xA4, 0xD0, 0x42, 0xCD, 0x84, 0x85, 0x9F, 0xCA, 0xE7,
    0x98, 0x12, 0x6A, 0x5E, 0xD0, 0x31, 0x04, 0x63, 0x41, 0x28, 0x19, 0x32, 0xEF, 0xC9, 0xE1, 0x27,
    0xF2, 0xF2, 0x75, 0x99, 0x9E, 0x95, 0xA9, 0x2D, 0x47, 0x7A, 0x7A, 0x3D, 0x8F, 0x5C, 0xD8, 0xC7,
    0xC5, 0x7D, 0xCE, 0x5C, 0xE4, 0xA3, 0x71, 0x12, 0x82, 0xFA, 0xD0, 0xA8, 0x64, 0xBB, 0x1B, 0xD6,
    0x94, 0xAC, 0x52, 0xE2, 0xF3, 0x55, 0x78, 0x6C, 0x17, 0x8F, 0xBD, 0xDE, 0x3E, 0x70, 0x23, 0x78,
    0xEC, 0x89, 0x95, 0xD5, 0x56, 0xC6, 0x23, 0x49, 0x8B, 0x29, 0xA9, 0x34, 0x56, 0xE9, 0x55, 0x75,
    0xF9, 0xE6, 0xFA, 0xA5, 0x4F, 0xD6, 0x06, 0x1B, 0xA7, 0x06, 0xA9, 0x3F, 0x58, 0xF5, 0x07, 0x5D,
    0x1F, 0x4F, 0xBB, 0x89, 0xC7, 0xA3, 0x35, 0x18, 0x3C, 0x22, 0xE6, 0x16, 0x42, 0xEB, 0xC1, 0x12,
    0xFE, 0x9A, 0x44, 0xA0, 0xEA, 0x5A, 0x45, 0x0F, 0x33, 0x85, 0xF8, 0x63, 0x67, 0xDE, 0xE6, 0x34,
    0x9D, 0x80, 0xA3, 0xC4, 0xA3, 0xB5, 0x98, 0xEF, 0xF0, 0x21, 0xE9, 0xAC, 0xD0, 0xBF, 0x02, 0x04,
    0x53, 0xFD, 0x74, 0xD3, 0x36, 0x87, 0x6E, 0x0C, 0xA0, 0x1C, 0x8D, 0xB7, 0x23, 0x23, 0x3E, 0xCD,
    0xC4, 0x7C, 0xCA, 0x50, 0xD8, 0xD5, 0x5C, 0xB3, 0xDB, 0xC0, 0xA2, 0x42, 0xFC, 0x68, 0xFB, 0x52,
    0x4A, 0xBC, 0xFD, 0x40, 0x58, 0xDB, 0x31, 0xA1, 0x91, 0x45, 0x5A, 0xF6, 0xA9, 0xF4, 0x5E, 0x2C,
    0x30, 0x3D, 0xE0, 0x0F, 0xD6, 0x07, 0xD2, 0x44, 0x30, 0xC3, 0x85, 0x90, 0x21, 0x7B, 0x90, 0x81,
    0x08, 0x5A, 0x00, 0xE0, 0x75, 0x5F, 0xDE, 0x8C, 0x9E, 0x12, 0xE8, 0x60, 0x4C, 0xDE, 0x7A, 0x4A,
    0x81, 0xE7, 0xC6, 0x5D, 0x0F, 0x66, 0x0B, 0xE5, 0xFF, 0x21, 0x7E, 0xBB, 0x30, 0x39, 0x93, 0x99,
    0x9E, 0xB7, 0xE3, 0x3A, 0x6D, 0x2B, 0x62, 0xD5, 0x91, 0xBE, 0x87, 0x29, 0x20, 0x1B, 0x54, 0xAD,
    0x26, 0xC4, 0x60, 0xEF, 0x14, 0x85, 0x78, 0x5E, 0x3B, 0xEB, 0xCC, 0xD1, 0xAE, 0xC3, 0x92, 0xAA,
    0x22, 0x6D, 0x1C, 0x94, 0xB1, 0x63, 0x79, 0x79, 0x8E, 0x2A, 0x57, 0x34, 0x02, 0x0B, 0xC7, 0xE0,
    0xF8, 0xEB, 0x88, 0xE2, 0xAD, 0x2C, 0xCE, 0x11, 0x86, 0xEF, 0xC5, 0xE2, 0x51, 0x0A, 0x88, 0xD2,
    0xDA, 0x9C, 0xF7, 0x52, 0xFE, 0x28, 0xC5, 0x39, 0x35, 0x6B, 0x03, 0x2B, 0x5A, 0x17, 0xD9, 0xC9,
    0x32, 0x7A, 0x3B, 0x23, 0xFB, 0xE7, 0x18, 0x82, 0xDC, 0xBE, 0x53, 0xDA, 0x59, 0xC5, 0xA2, 0x4A,
    0x5B, 0x65, 0x8B, 0x08, 0x57, 0x09, 0x9E, 0x94, 0x75, 0x28, 0x3C, 0x44, 0x38, 0x0F, 0x44, 0x0A,
    0xBF, 0x61, 0xB7, 0x89, 0x8F, 0xDF, 0x0A, 0x5A, 0x79, 0x18, 0xF9, 0x76, 0x12, 0x87, 0x82, 0xA3,
    0xE0, 0x28, 0x25, 0x8E, 0xEA, 0x9E, 0x8E, 0x7F, 0x08, 0xBC, 0x82, 0xDD, 0xE1, 0xF7, 0x27, 0xDA,
    0x4D, 0x52, 0x72, 0x95, 0x76, 0x93, 0x90, 0x80, 0x38, 0x61, 0xD9, 0x8C, 0xE1, 0x32, 0x2E, 0x80,
    0x39, 0x84, 0xB8, 0x30, 0x71, 0xC5, 0xA8, 0xC6, 0x08, 0x55, 0x6E, 0x3C, 0xC4, 0xFF, 0x24, 0x42,
    0x4B, 0x21, 0x08, 0x82, 0xDB, 0x32, 0x6D, 0x36, 0x76, 0x19, 0xBE, 0xCE, 0xD0, 0x12, 0x3A, 0x92,
    0xCD, 0x70, 0x5D, 0xBA, 0xAF, 0xF1, 0xF7, 0x9E, 0x0E, 0x58, 0x76, 0xA6, 0xC3, 0xE2, 0x2B, 0xB4,
    0xAF, 0x9B, 0xCF, 0x7F, 0x95, 0xDC, 0x73, 0xBC, 0xDD, 0xF7, 0x4C, 0xDC, 0x6E, 0xFA, 0x06, 0x61,
    0xE4, 0xD8, 0xBD, 0x8F, 0x22, 0x4B, 0xC9, 0xFC, 0xB3, 0xB9, 0x6F, 0xB5, 0x58, 0xB8, 0x29, 0x1A,
    0x70, 0x73, 0xEA, 0x67, 0xD4, 0x6F, 0x61, 0xB3, 0xB2, 0xF2, 0x79, 0xB1, 0x1B, 0x54, 0x6D, 0x9A,
    0x3A, 0xC7, 0xFE, 0x37, 0x98, 0x33, 0xED, 0x30, 0x75, 0x63, 0xD9, 0x1F, 0x07, 0x7F, 0xD9, 0xA3,
    0x30, 0x73, 0x6A, 0x70, 0xEF, 0xA0, 0x3F, 0x66, 0x48, 0xF9, 0x51, 0xF2, 0x6C, 0x67, 0x33, 0xF7,
    0xF9, 0xAB, 0xF8, 0xB2, 0x7C, 0x46, 0xCC, 0x69, 0xDE, 0xB2, 0xFD, 0xCF, 0x89, 0x5D, 0x69, 0x0A,
    0x03, 0x3C, 0x70, 0xB7, 0x3F, 0x15, 0xB3, 0xE3, 0x02, 0x35, 0x30, 0x15, 0x92, 0xDC, 0x75, 0xE8,
    0xF1, 0x9F, 0x43, 0x55, 0xEE, 0x1E, 0xBF, 0x53, 0xBA, 0xA0, 0xAE, 0x9E, 0x7D, 0xA5, 0x54, 0xB6,
    0x2A, 0xC0, 0xD9, 0xF4, 0x83, 0xC0, 0xB2, 0xD8, 0x8E, 0x37, 0x15, 0x56, 0x04, 0x13, 0x56, 0xB0,
    0xAA, 0xD3, 0x45, 0xA3, 0xFC, 0x1D, 0x51, 0xE6, 0x80, 0xE3, 0xD4, 0xE4, 0x2D, 0x15, 0x21, 0x8B,
    0xDD, 0x1B, 0xDA, 0x70, 0x22, 0x36, 0x26, 0xA2, 0xFE, 0x85, 0xFD, 0xC1, 0xD4, 0xBA, 0x96, 0x99,
    0x78, 0xA0, 0x3F, 0x7F, 0x3C, 0x20, 0x60, 0xF8, 0xDB, 0xDD, 0x45, 0x59, 0x9A, 0x49, 0x85, 0x7D,
    0xB6, 0x14, 0x22, 0x64, 0xED, 0x59, 0x79, 0xC0, 0x1A, 0xD8, 0x45, 0x37, 0x74, 0x8A, 0x9E, 0xEF,
    0x96, 0x91, 0x7B, 0xB2, 0x4A, 0xDC, 0x5F, 0x25, 0xA5, 0x5D, 0x87, 0x85, 0x55, 0xFB, 0xB9, 0x51,
    0xB9, 0x12, 0xC3, 0xB6, 0x8C, 0x96, 0xCA, 0xC4, 0xBD, 0x02, 0x92, 0x7C, 0xA5, 0xE8, 0x82, 0x61,
    0x05, 0xEE, 0xCD, 0xDC, 0xF3, 0x6F, 0x4B, 0x77, 0xB8, 0x11, 0xDB, 0x25, 0x27, 0xDB, 0x9C, 0xD6,
    0x20, 0xC5, 0xA5, 0xB5, 0x5F, 0x72, 0x4A, 0x79, 0x12, 0x33, 0x01, 0xE1, 0x30, 0x56, 0xB8, 0x71,
    0xC5, 0x72, 0xBA, 0x74, 0x39, 0xF8, 0xC6, 0xCD, 0x69, 0x27, 0xFF, 0x9D, 0x10, 0x8A, 0xF8, 0x34,
    0xA4, 0xC8, 0x9F, 0x0A, 0x3E, 0xF4, 0xB7, 0xFA, 0x34, 0x85, 0xD3, 0x32, 0x26, 0x98, 0x9C, 0x4F,
    0x46, 0x88, 0xFF, 0x91, 0x17, 0x77, 0xC0, 0xCA, 0xA9, 0xB7, 0x7A, 0x82, 0xD9, 0x16, 0x32, 0x68,
    0x64, 0x4E, 0xE8, 0x8D, 0xF7, 0x81, 0x3C, 0x74, 0xF4, 0x39, 0x2D, 0xD9, 0xEC, 0xC0, 0x20, 0x6B,
    0x78, 0x66, 0x1D, 0xFE, 0x03, 0xD5, 0x30, 0xC5, 0x89, 0xC2, 0x3C, 0x62, 0x22, 0x91, 0x79, 0x51,
    0x8D, 0x6B, 0x6A, 0x64, 0xE6, 0xB5, 0x33, 0xD9, 0xCA, 0x75, 0x53, 0x28, 0x7C, 0xC3, 0xB8, 0x27,
    0xC9, 0xBA, 0x09, 0x7D, 0x9F, 0x99, 0x75, 0x81, 0x1B, 0x2F, 0xC9, 0xEB, 0x0E, 0xE8, 0x68, 0x37,
    0xA2, 0x6E, 0x17, 0x74, 0xA2, 0xEB, 0x53, 0xD5, 0xF5, 0xD8, 0xDE, 0x0D, 0xE4, 0x4F, 0xFF, 0x4D,
    0xF6, 0x0D, 0x72, 0x5E, 0x03, 0xA2, 0x82, 0x1D, 0x64, 0xDD, 0x4B, 0x45, 0x34, 0x28, 0xAA, 0xC1,
    0xA0, 0x65, 0x47, 0x13, 0xCE, 0x99, 0x15, 0xA7, 0x1E, 0x1F, 0x0A, 0xF0, 0x94, 0xEB, 0x92, 0x7A,
    0x2F, 0x5F, 0x93, 0x7C, 0xEF, 0x39, 0x6F, 0x0A, 0x8A, 0x8E, 0x2E, 0x81, 0x40, 0x76, 0x97, 0x12,
    0xD0, 0x94, 0xA5, 0x25, 0x8A, 0xAA, 0x25, 0x24, 0x1A, 0xE5, 0x92, 0x8F, 0xDB, 0x5F, 0xA6, 0x81,
    0x55, 0xD1, 0x00, 0x10, 0x3C, 0x70, 0x7F, 0x40, 0xA3, 0xB5, 0x35, 0x36, 0x52, 0x31, 0xE8, 0xDD,
    0x93, 0x83, 0xE8, 0x6E, 0x36, 0x28, 0x3F, 0xCF, 0x2F, 0x15, 0x9F, 0x69, 0xCB, 0xF3, 0xB1, 0x9F,
    0x11, 0x9D, 0x39, 0x98, 0xC9, 0xBB, 0x30, 0x6A, 0x26, 0x6E, 0xDB, 0x41, 0x04, 0x70, 0x5F, 0x47,
    0x02, 0x00, 0x70, 0x43, 0x14, 0x10, 0x8C, 0xFE, 0x91, 0x67, 0xCB, 0xC3, 0x27, 0x04, 0x68, 0xA8,
    0xF7, 0xB2, 0x74, 0xC0, 0x04, 0x26, 0x78, 0xC2, 0xF8, 0xE8, 0x86, 0x5C, 0xFA, 0x22, 0x8F, 0xCA,
    0xE2, 0xDD, 0xB2, 0x49, 0xDC, 0xA3, 0x10, 0xED, 0x45, 0x3E, 0x1A, 0x88, 0x30, 0x13, 0xB8, 0x75,
    0x24, 0x71, 0xBD, 0xEF, 0x6E, 0x6C, 0xDD, 0x3A, 0x52, 0x22, 0x3F, 0x00, 0xD1, 0x0A, 0x02, 0xDC,
    0x70, 0x2F, 0xF0, 0x28, 0x4A, 0x02, 0xA4, 0x4C, 0x55, 0x80, 0x08, 0x89, 0xF6, 0x07, 0x08, 0xBA,
    0x83, 0xE0, 0xA4, 0x18, 0x78, 0x47, 0x71, 0xEB, 0x35, 0xDF, 0x3A, 0x0D, 0x56, 0x37, 0xE2, 0xC1,
    0xBF, 0xDC, 0x95, 0x83, 0xCF, 0xEE, 0x66, 0x97, 0x3E, 0xFB, 0x3C, 0x9F, 0x33, 0x63, 0xFB, 0x5C,
    0x6C, 0xC2, 0xB7, 0x14, 0xEE, 0x27, 0x5B, 0xD4, 0x31, 0xCF, 0x38, 0x29, 0x31, 0x29, 0xE0, 0x5A,
    0x5C, 0x2F, 0xD0, 0x74, 0x0F, 0x04, 0xA8, 0x3F, 0x11, 0xB0, 0xF2, 0xE1, 0x09, 0x90, 0x2B, 0x31,
    0xFF, 0x96, 0x80, 0x45, 0x3C, 0xE9, 0x0B, 0xA7, 0xE2, 0x5C, 0xF1, 0xB9, 0x53, 0x1C, 0x50, 0xCC,
    0x09, 0x71, 0xEC, 0xF6, 0x60, 0x40, 0xF2, 0x1B, 0x9A, 0x42, 0x62, 0x06, 0x2E, 0x21, 0x9B, 0x9E,
    0xD0, 0xD7, 0xDF, 0x6C, 0x2C, 0xFD, 0x28, 0x7C, 0x60, 0xBB, 0x8A, 0x08, 0x1A, 0xFE, 0xA0, 0x0F,
    0x88, 0x1A, 0x6B, 0xB6, 0x4B, 0x47, 0x69, 0x4B, 0xBB, 0x5B, 0xDA, 0xE9, 0x2E, 0x62, 0xCA, 0x03,
    0xA8, 0xDF, 0xAA, 0xA7, 0x15, 0x54, 0x83, 0x86, 0x9A, 0xF2, 0x21, 0x46, 0xF2, 0xF5, 0xBD, 0xED,
    0xD7, 0xE9, 0x8F, 0x4E, 0xD2, 0x8A, 0x36, 0x49, 0xE3, 0x94, 0xCC, 0xD3, 0x09, 0x1A, 0xC6, 0x57,
    0x6B, 0x80, 0xBB, 0xE7, 0x7D, 0x5E, 0xBC, 0xBA, 0x3D, 0x49, 0x6B, 0xE0, 0x74, 0x1D, 0x2C, 0x25,
    0x0B, 0xDE, 0x46, 0xDA, 0x00, 0x32, 0xB9, 0x8D, 0xA5, 0x70, 0x76, 0x41, 0x61, 0x44, 0xAA, 0x6B,
    0x94, 0xA1, 0x59, 0x20, 0x6D, 0x74, 0x8F, 0x73, 0xD8, 0xB0, 0x6F, 0x08, 0xEB, 0x16, 0xD7, 0x99,
    0x60, 0x9D, 0x38, 0x03, 0xEC, 0x30, 0x41, 0x42, 0x6B, 0xE7, 0x98, 0x18, 0xDF, 0x15, 0x2E, 0xE8,
    0xD9, 0x48, 0x87, 0xF5, 0x8A, 0x74, 0x1A, 0x4B, 0x7E, 0x44, 0xCE, 0xF7, 0xC8, 0xFC, 0xBB, 0x83,
    0x36, 0x88, 0x0F, 0x4C, 0xF6, 0x37, 0x97, 0x38, 0xCC, 0xEC, 0xD3, 0xF8, 0xE1, 0x86, 0x66, 0xF3,
    0x03, 0xB9, 0xBA, 0xAC, 0xE4, 0xC5, 0x43, 0x8D, 0x64, 0x01, 0xDA, 0x0F, 0x28, 0xF4, 0x19, 0x2A,
    0x42, 0x70, 0x3C, 0x6C, 0x9D, 0xF7, 0x24, 0xB2, 0x57, 0xFB, 0x06, 0x10, 0x37, 0xB0, 0xD6, 0x85,
    0x17, 0xD7, 0xE8, 0xD1, 0xC1, 0x55, 0x5C, 0x45, 0xC9, 0x5A, 0x3A, 0xA5, 0x7B, 0x37, 0x9A, 0xDB,
    0x6E, 0x2C, 0x7F, 0x4A, 0xE6, 0x69, 0xC5, 0x10, 0x73, 0x0E, 0xB2, 0x8C, 0xC0, 0x5F, 0xBB, 0x96,
    0x77, 0x43, 0xD8, 0x6B, 0x02, 0x72, 0x57, 0x54, 0xD8, 0x54, 0x3C, 0x74, 0xAB, 0x05, 0x06, 0x2F,
    0xE4, 0xE1, 0xF3, 0x79, 0x00, 0x5D, 0xBE, 0xD0, 0xE3, 0x48, 0x18, 0x32, 0xCE, 0x72, 0x2E, 0x61,
    0x95, 0x33, 0x85, 0x2F, 0xD0, 0x14, 0x03, 0x9D, 0x3B, 0x00, 0x26, 0xEF, 0xDF, 0x42, 0xCC, 0x10,
    0x38, 0x3F, 0x72, 0x80, 0xA0, 0x55, 0xFE, 0xEE, 0x0B, 0x84, 0x9E, 0x5B, 0x7D, 0x61, 0x2B, 0xBE,
    0x45, 0x5C, 0xEC, 0xCE, 0xD4, 0xCD, 0x10, 0xF3, 0x24, 0xD7, 0x7A, 0x3A, 0x55, 0x97, 0xD1, 0x07,
    0x80, 0x53, 0x85, 0xBF, 0xCD, 0xA8, 0xC7, 0xF9, 0xC7, 0x0B, 0xED, 0x59, 0xF6, 0x7D, 0xEE, 0x29,
    0xC5, 0xAD, 0xCC, 0xFD, 0x13, 0xDF, 0xCA, 0xBB, 0xBC, 0xF3, 0x1D, 0xC6, 0x2E, 0x21, 0x40, 0xCF,
    0x6D, 0x78, 0x2F, 0x62, 0x96, 0xF0, 0x84, 0xEE, 0x9D, 0x38, 0x83, 0x23, 0x4B, 0x6F, 0xF2, 0x80,
    0x4A, 0xFE, 0x86, 0x0D, 0xE2, 0x82, 0x23, 0xDD, 0x9F, 0x55, 0x7E, 0x8C, 0x14, 0x18, 0x93, 0xA4,
    0xCE, 0x4D, 0x0B, 0x78, 0x5C, 0x0F, 0xE3, 0x10, 0xFB, 0x37, 0x18, 0x3C, 0x07, 0x9D, 0x58, 0x88,
    0x0E, 0x36, 0x0F, 0xD5, 0x9C, 0x70, 0xEA, 0x30, 0xF7, 0x2F, 0x7E, 0xA3, 0x0A, 0x1B, 0x2C, 0x4C,
    0xBA, 0x76, 0x16, 0x05, 0x76, 0x96, 0x84, 0x4E, 0x5E, 0x7B, 0x0A, 0x4C, 0xA9, 0xEE, 0x67, 0xBA,
    0x8D, 0xC3, 0x2B, 0xC4, 0xAC, 0x86, 0x9E, 0xF9, 0x83, 0x2F, 0x15, 0x2F, 0xE8, 0xAD, 0x8B, 0xA4,
    0x2B, 0x8A, 0xC7, 0x3A, 0x74, 0xE0, 0xD8, 0xC1, 0x05, 0x05, 0xD0, 0x35, 0x5C, 0xDE, 0x56, 0x58,
    0x37, 0x0B, 0x0A, 0xF8, 0xE9, 0x66, 0xCC, 0xEA, 0xD8, 0x4B, 0x76, 0xA4, 0xD0, 0xAD, 0xBF, 0xF0,
    0x99, 0xDD, 0xA9, 0x30, 0xFD, 0x68, 0x90, 0x21, 0x98, 0x11, 0xB6, 0x21, 0x8C, 0x86, 0x30, 0xFF,
    0x53, 0x7B, 0x6C, 0x18, 0x77, 0x5E, 0x8D, 0xBB, 0x19, 0xA7, 0xC2, 0xD6, 0x80, 0x16, 0xBE, 0x42,
    0xBF, 0xD1, 0x0C, 0x5F, 0xE7, 0x2F, 0xDE, 0x7D, 0x70, 0x41, 0xD0, 0x7C, 0x91, 0x56, 0x17, 0x8F,
    0x74, 0x06, 0xEF, 0x40, 0x5F, 0xB8, 0xF0, 0x55, 0x8C, 0xE8, 0x8F, 0x86, 0x9B, 0xF3, 0xAC, 0x3D,
    0xF1, 0x45, 0x5D, 0x88, 0x30, 0xC4, 0xC2, 0x3B, 0xF4, 0x64, 0x76, 0xA8, 0xC3, 0xA1, 0x67, 0xF3,
    0xC3, 0x73, 0xF0, 0xCA, 0xF7, 0x71, 0xF4, 0x3F, 0x68, 0xFB, 0xC7, 0x8C, 0x69, 0x5E, 0x2C, 0xBC,
    0x4A, 0x4F, 0x5C, 0x38, 0x34, 0x35, 0x19, 0x7C, 0x3E, 0xD8, 0x3C, 0xAE, 0x6F, 0xE2, 0x9B, 0x50,
    0x01, 0x6B, 0x31, 0xE4, 0xB3, 0x46, 0x4C, 0x39, 0x1B, 0xEC, 0xAB, 0xF4, 0x95, 0x99, 0x56, 0x40,
    0x53, 0x89, 0x39, 0x0A, 0xD5, 0x78, 0x22, 0x3A, 0x34, 0x73, 0xA4, 0xC3, 0xE7, 0x95, 0xF4, 0x24,
    0x59, 0xF1, 0x53, 0x16, 0x7E, 0xFF, 0x2E, 0xD7, 0x4A, 0xBE, 0xCD, 0x47, 0x7E, 0xAB, 0xB5, 0xF0,
    0x63, 0x00, 0xA5, 0x3B, 0xA0, 0x96, 0x13, 0xD1, 0xF6, 0x0F, 0xAC, 0x37, 0xA1, 0x16, 0x63, 0xFE,
    0xAF, 0x10, 0x4F, 0x11, 0xEB, 0x02, 0x68, 0xD2, 0xA5, 0x5E, 0xD9, 0xA5, 0x7E, 0x0E, 0x85, 0xF1,
    0xF7, 0xE3, 0xB0, 0xE8, 0x73, 0x0D, 0x46, 0x8F, 0x3B, 0x67, 0x63, 0x4C, 0x52, 0x17, 0xC4, 0x21,
    0x74, 0x00, 0xB6, 0x09, 0x30, 0x15, 0x64, 0xBE, 0xC9, 0x99, 0x22, 0x28, 0xB0, 0x53, 0x80, 0x06,
    0x43, 0x71, 0x7A, 0x32, 0x2A, 0xE8, 0xD2, 0x17, 0x05, 0x5D, 0x46, 0x24, 0x49, 0xAF, 0x42, 0x5F,
    0x44, 0xC2, 0x64, 0x4E, 0x2B, 0x26, 0x53, 0xC4, 0x5D, 0x6C, 0x13, 0x19, 0x90, 0x6C, 0x88, 0x2F,
    0xC8, 0xFB, 0x7B, 0xB4, 0x18, 0x7B, 0x6B, 0xB9, 0x07, 0x48, 0x82, 0xD8, 0x85, 0xA7, 0x32, 0x6F,
    0x22, 0x74, 0x5A, 0xCA, 0xC4, 0x0C, 0xF4, 0xCC, 0xA7, 0xA9, 0xBC, 0x45, 0xCC, 0xD0, 0x38, 0xEB,
    0x2E, 0xF8, 0x8B, 0xA6, 0xBA, 0x30, 0x5F, 0x2E, 0xB0, 0xBA, 0xBA, 0xC2, 0xB0, 0x2E, 0x7B, 0x4C,
    0x1B, 0x68, 0x75, 0x8D, 0xA2, 0xB9, 0xAD, 0x42, 0x04, 0x27, 0x75, 0x93, 0xED, 0x49, 0x5D, 0x2A,
    0x87, 0x7D, 0x9D, 0xD4, 0x81, 0xA9, 0xDB, 0xDB, 0x93, 0xBA, 0x85, 0x36, 0x8D, 0xC1, 0x51, 0x2E,
    0x8F, 0x11, 0xED, 0x21, 0xB4, 0x44, 0x4B, 0x87, 0xA3, 0x5D, 0xE8, 0x32, 0x33, 0x63, 0x26, 0xFB,
    0x9E, 0x7E, 0x5E, 0xBF, 0x29, 0xB6, 0x8D, 0xA9, 0xF9, 0xB9, 0x29, 0x73, 0x27, 0x42, 0x15, 0x4E,
    0x30, 0xEA, 0xCB, 0xAA, 0x4C, 0x2F, 0x04, 0x14, 0x34, 0x06, 0xBC, 0xA3, 0xCC, 0xBB, 0x7A, 0x1F,
    0x3F, 0xE5, 0xEA, 0x5A, 0x11, 0x99, 0xE5, 0x56, 0x79, 0x10, 0xD3, 0x6F, 0x01, 0x6F, 0xF2, 0xA6,
    0xE4, 0x01, 0x4F, 0x4E, 0x6B, 0x96, 0x36, 0xA9, 0xC1, 0x00, 0xAB, 0x86, 0x93, 0x32, 0x37, 0x64,
    0x40, 0x44, 0x48, 0x05, 0x87, 0xD8, 0x2A, 0xFF, 0xF7, 0x2C, 0xD9, 0x23, 0xDF, 0x92, 0x15, 0xB9,
    0x67, 0x30, 0x61, 0xD6, 0xCD, 0xEB, 0xA0, 0x15, 0xF7, 0x6E, 0xC5, 0x5C, 0xC8, 0x85, 0x4D, 0x6E,
    0x20, 0xA1, 0xB3, 0x6E, 0xBF, 0x27, 0xC9, 0xB9, 0x76, 0x0D, 0xA6, 0xF9, 0xD2, 0x95, 0x12, 0xC8,
    0x2D, 0x53, 0x99, 0x58, 0x32, 0xDC, 0x5E, 0x5F, 0xD2, 0x1B, 0x33, 0x46, 0x32, 0xB7, 0x48, 0xEE,
    0xE9, 0x3C, 0x21, 0xFB, 0xFD, 0x5F, 0x94, 0x64, 0x7E, 0x7E, 0x1B, 0x06, 0xF4, 0xE0, 0x8E, 0xE4,
    0xB2, 0x60, 0x4C, 0xC6, 0x17, 0x9F, 0x64, 0x64, 0x7D, 0x04, 0xEB, 0x70, 0xAF, 0xE6, 0x20, 0xDE,
    0x66, 0x1E, 0xF2, 0x6D, 0x3B, 0xDB, 0x37, 0x06, 0x1D, 0xB4, 0x44, 0x0C, 0x1C, 0x7D, 0x81, 0x8C,
    0x84, 0xC3, 0xC5, 0xDE, 0x55, 0x0D, 0x23, 0xE3, 0x93, 0x99, 0x6A, 0x64, 0xCD, 0x9A, 0x43, 0xCE,
    0xB6, 0xE2, 0x83, 0xD5, 0x80, 0x8E, 0x51, 0xBF, 0xA0, 0x55, 0x30, 0xB4, 0x84, 0x39, 0x26, 0xE8,
    0x67, 0xE4, 0x4C, 0x22, 0x6B, 0x16, 0x4F, 0x9E, 0x03, 0x89, 0xAF, 0x11, 0xAD, 0x02, 0xAA, 0x6B,
    0x9A, 0x14, 0x84, 0x50, 0x3F, 0xAE, 0x98, 0x64, 0xD6, 0x7E, 0x51, 0xBB, 0xB3, 0x65, 0xCD, 0x65,
    0x5D, 0xE7, 0xCB, 0x93, 0x5B, 0xB2, 0xAD, 0x0E, 0x57, 0x9C, 0x1B, 0x20, 0x43, 0x48, 0x30, 0x27,
    0xD8, 0xB3, 0x1E, 0x27, 0xDF, 0xC9, 0x10, 0x4E, 0xB9, 0xC1, 0x93, 0xF1, 0x78, 0x42, 0xE3, 0x99,
    0x06, 0xC7, 0x63, 0x1A, 0xAF, 0x23, 0x93, 0xD6, 0x25, 0x16, 0xAA, 0xFB, 0x1F, 0x15, 0xFD, 0xDB,
    0x99, 0xEF, 0x4A, 0xE4, 0xE5, 0x40, 0x38, 0xE4, 0x58, 0x48, 0xEA, 0x3D, 0x27, 0xF3, 0xAC, 0xC2,
    0x33, 0x90, 0xBE, 0x0E, 0xD9, 0x9E, 0x2E, 0x10, 0xA2, 0x92, 0x8F, 0x78, 0x6B, 0xE5, 0x38, 0xD3,
    0x47, 0x1A, 0x95, 0x90, 0x0F, 0xB6, 0x15, 0x90, 0xEF, 0xC5, 0xBE, 0x93, 0xB5, 0x79, 0x8B, 0xCA,
    0x42, 0x28, 0x26, 0xE5, 0x67, 0x25, 0xD9, 0x37, 0x73, 0xB2, 0x6F, 0x49, 0x9D, 0xB1, 0xD9, 0xEB,
    0x31, 0xD9, 0x1F, 0x02, 0x17, 0x6F, 0x16, 0x08, 0x3D, 0x15, 0xB4, 0x07, 0xF5, 0x91, 0xAE, 0x2E,
    0xE2, 0xF4, 0xB7, 0xDF, 0x2F, 0x90, 0x85, 0x58, 0xB7, 0x84, 0xA5, 0xC8, 0xFA, 0x50, 0x5A, 0x37,
    0x73, 0x2B, 0xAB, 0xAC, 0xAC, 0xB7, 0x5B, 0xD1, 0xB4, 0x77, 0x82, 0x0B, 0xA4, 0x8D, 0x6E, 0xED,
    0x07, 0xAB, 0x24, 0x25, 0x59, 0x1B, 0x08, 0x99, 0xEA, 0x7C, 0xCC, 0x79, 0xD1, 0xF6, 0xFA, 0xCD,
    0xF4, 0x67, 0x0D, 0x61, 0x97, 0x6A, 0x65, 0xB1, 0xE9, 0xAD, 0x69, 0x65, 0xEF, 0xDE, 0xB6, 0xB4,
    0x63, 0x9C, 0x48, 0x1C, 0x95, 0x38, 0x9F, 0x3E, 0xD4, 0xBA, 0xAE, 0x0E, 0x35, 0xEE, 0x55, 0xB4,
    0x9B, 0xC8, 0xDA, 0xB1, 0xD9, 0xF8, 0x98, 0xEB, 0x8D, 0x13, 0x6C, 0x1E, 0xA4, 0x02, 0xFB, 0x60,
    0x2A, 0x56, 0x61, 0xEB, 0x4D, 0xA6, 0xBF, 0x51, 0x5B, 0x66, 0xE6, 0x5C, 0x8C, 0x0B, 0x03, 0x5C,
    0x0E, 0xA3, 0xB6, 0xD4, 0xA3, 0x0D, 0x7D, 0xB4, 0x36, 0x4D, 0x3B, 0xCF, 0x43, 0x27, 0xC4, 0x69,
    0x66, 0x02, 0x9E, 0x95, 0xB8, 0x67, 0x32, 0xE8, 0x16, 0xA8, 0xB2, 0xDF, 0x9A, 0x93, 0x4D, 0xA0,
    0x67, 0xAC, 0xE4, 0x06, 0xBD, 0x78, 0x99, 0x7C, 0x70, 0x83, 0xC0, 0x45, 0xB0, 0x73, 0x5D, 0xC1,
    0x1A, 0xBA, 0x2E, 0xF9, 0x2E, 0x6C, 0xE1, 0x03, 0xF6, 0x85, 0xB1, 0x30, 0xB8, 0xE2, 0x4D, 0x5F,
    0xE7, 0xF5, 0x14, 0xD0, 0x64, 0xFF, 0x22, 0xE8, 0x7F, 0xD6, 0x0D, 0x8B, 0xEE, 0xD2, 0xBB, 0xDD,
    0xA5, 0x32, 0x0C, 0x18, 0x43, 0x6D, 0x0E, 0xCB, 0xAF, 0x3C, 0xBC, 0x9C, 0x39, 0x1B, 0x6C, 0xB7,
    0xAA, 0xF7, 0x4F, 0x6B, 0x7A, 0xE3, 0x6B, 0x90, 0x9E, 0x46, 0xDA, 0x70, 0x1A, 0x66, 0xF9, 0x7C,
    0x43, 0x27, 0xFA, 0x93, 0x6D, 0x7E, 0xA7, 0x0B, 0xFE, 0x39, 0x64, 0xF7, 0x52, 0x7F, 0x89, 0xAE,
    0x91, 0xC4, 0x6A, 0xEC, 0x69, 0x64, 0x5E, 0x20, 0x75, 0xC0, 0x84, 0x7C, 0xFF, 0x41, 0x9B, 0xA6,
    0x6E, 0x09, 0xD7, 0xAB, 0xB6, 0x0A, 0x48, 0xCC, 0xAA, 0xE1, 0x4D, 0x66, 0xC9, 0x15, 0x56, 0x5B,
    0xBA, 0xE7, 0x62, 0x67, 0x9D, 0xE0, 0x97, 0x46, 0xCD, 0x49, 0xF8, 0xAC, 0x2C, 0xC3, 0x96, 0x60,
    0xB9, 0xA0, 0x6C, 0xA0, 0xA8, 0x9E, 0xC0, 0x18, 0xCD, 0x52, 0xD4, 0x1D, 0xEB, 0x0E, 0x8F, 0x6A,
    0x73, 0x6E, 0xCC, 0x99, 0x3F, 0xC0, 0xFA, 0x20, 0x6D, 0x72, 0x6D, 0x1A, 0xCF, 0x35, 0xD3, 0x26,
    0xAF, 0x36, 0x10, 0x7B, 0x9B, 0x7B, 0x16, 0xEE, 0x04, 0x00, 0xE5, 0x15, 0x07, 0x84, 0x5B, 0xBD,
    0xA4, 0x61, 0xE1, 0xB1, 0x40, 0x7E, 0x79, 0xC5, 0x8C, 0x02, 0x93, 0xC3, 0x09, 0x47, 0x2D, 0x77,
    0x46, 0x17, 0xB8, 0xA4, 0x10, 0x80, 0x70, 0x9E, 0x44, 0x96, 0xC9, 0xF5, 0x38, 0x2E, 0xC9, 0x81,
    0xC2, 0xAE, 0x81, 0x3B, 0x57, 0x43, 0x06, 0xEC, 0xC1, 0x54, 0x3A, 0xCD, 0x98, 0x7F, 0x28, 0x59,
    0xCD, 0xC2, 0xD9, 0x5B, 0x95, 0x1A, 0xB3, 0xEE, 0x48, 0x5A, 0x9E, 0x3B, 0xBC, 0xB2, 0x88, 0x48,
    0x94, 0xD0, 0xA9, 0x5F, 0x26, 0x30, 0xC3, 0x5D, 0x54, 0x29, 0xE9, 0xE8, 0x35, 0x04, 0x6B, 0x46,
    0x0D, 0x4D, 0x23, 0xBA, 0x08, 0x2F, 0xB3, 0x1A, 0x40, 0x43, 0x83, 0x53, 0x3C, 0xBE, 0xE7, 0x9A,
    0x9A, 0x98, 0xC8, 0x9A, 0x66, 0x8D, 0x5A, 0x33, 0x6A, 0xC6, 0xCB, 0x06, 0x55, 0x8E, 0x6C, 0xC5,
    0x95, 0x23, 0x25, 0xC3, 0x75, 0x86, 0x79, 0x82, 0xDF, 0x3F, 0xE4, 0xFA, 0x95, 0x59, 0xB4, 0xF2,
    0x67, 0x45, 0xF5, 0x93, 0x62, 0xFC, 0xCF, 0x5C, 0x82, 0xF4, 0x1E, 0x14, 0xF4, 0x13, 0x2D, 0x7F,
    0xCC, 0x96, 0x83, 0x7C, 0xA3, 0x6B, 0x72, 0x2D, 0xBE, 0xFB, 0x7C, 0x11, 0x3C, 0x5F, 0x20, 0x8F,
    0x72, 0x37, 0x0A, 0xFA, 0x61, 0x41, 0xCF, 0x37, 0x95, 0xCA, 0x6D, 0xC1, 0x7A, 0xC4, 0xCB, 0x53,
    0xC5, 0x90, 0x57, 0x7F, 0x76, 0x08, 0xA7, 0x1E, 0x2C, 0x2B, 0x1C, 0xFB, 0x54, 0xCA, 0x8B, 0xE6,
    0xB5, 0xB3, 0x53, 0x34, 0xC6, 0x33, 0xFF, 0xE9, 0x23, 0x63, 0xA9, 0x4D, 0xCE, 0xCE, 0xCB, 0x8D,
    0x5F, 0x9F, 0xA8, 0xC0, 0xCB, 0x2B, 0xE4, 0xE8, 0x15, 0xF7, 0xA7, 0xDD, 0x62, 0x6C, 0xBC, 0x03,
    0x33, 0xE1, 0xA4, 0xF0, 0x7C, 0x43, 0x47, 0x71, 0x1D, 0x90, 0x99, 0x46, 0x7D, 0x5A, 0x02, 0x7A,
    0x87, 0x93, 0x35, 0x01, 0x16, 0x2E, 0xF4, 0x1A, 0x1C, 0x8F, 0x59, 0x9F, 0x73, 0xDB, 0xE9, 0xB2,
    0xE7, 0x97, 0xE9, 0x83, 0x77, 0x4C, 0xF5, 0xC2, 0xC1, 0xFB, 0x9B, 0x9D, 0x1B, 0x3D, 0xBF, 0xFD,
    0x22, 0xCC, 0xDD, 0x78, 0xFB, 0x5F, 0x3F, 0x47, 0x8C, 0x3C, 0xCA, 0xC9, 0x8F, 0xC7, 0x2B, 0xEA,
    0xF3, 0xD3, 0x34, 0xEA, 0x7F, 0xB5, 0x0E, 0xCC, 0x9F, 0x72, 0xC0, 0x1D, 0x02, 0xC6, 0xE2, 0x03,
    0xAF, 0x5F, 0x6C, 0x2D, 0xDF, 0x6E, 0xC6, 0xEF, 0x72, 0x4A, 0x8D, 0x0C, 0x90, 0xA2, 0x24, 0xA2,
    0x28, 0x22, 0x3D, 0x9D, 0x66, 0xC5, 0xA1, 0x55, 0xAF, 0x84, 0x71, 0xBC, 0xF1, 0xE2, 0x24, 0x68,
    0x43, 0xB2, 0x5E, 0x6A, 0x8F, 0x39, 0x1C, 0x58, 0x88, 0xC7, 0x19, 0x3F, 0x3D, 0x3B, 0x4B, 0x6C,
    0x8E, 0x37, 0xC9, 0x3B, 0xAC, 0x99, 0x15, 0x54, 0x01, 0x47, 0x1B, 0x9D, 0x2E, 0x82, 0xA1, 0x6F,
    0x40, 0x19, 0x94, 0x57, 0xCF, 0xC1, 0x9A, 0xC7, 0x5C, 0x3D, 0xD5, 0x1E, 0xC2, 0x06, 0xC2, 0x79,
    0xE7, 0x82, 0xE0, 0x4A, 0xA5, 0xCD, 0x2B, 0xB7, 0x77, 0xA0, 0x67, 0x1A, 0x75, 0x5F, 0x6A, 0x14,
    0xD1, 0x9A, 0x26, 0x00, 0x88, 0x5A, 0x83, 0xC4, 0x94, 0x17, 0x2F, 0xD1, 0x66, 0xB4, 0xDB, 0x5A,
    0xA1, 0x45, 0xA4, 0xDB, 0x75, 0x21, 0x97, 0x0D, 0x60, 0x86, 0xF9, 0x3D, 0x3A, 0x9C, 0xEA, 0x80,
    0x07, 0xF1, 0x62, 0x04, 0x7C, 0x7B, 0xBC, 0x95, 0xBD, 0x3E, 0x6E, 0xFC, 0xE6, 0xC7, 0x62, 0xA8,
    0xE2, 0x54, 0xE4, 0xB9, 0x3D, 0x3A, 0x1C, 0xEB, 0xF8, 0x1D, 0x69, 0xAC, 0x2A, 0x1B, 0x4A, 0xB4,
    0xE5, 0xC4, 0x5A, 0xC6, 0x36, 0x3B, 0xB1, 0xFF, 0x60, 0x0A, 0xFC, 0x7E, 0x23, 0x53, 0x86, 0xFF,
    0x35, 0x7A, 0x24, 0x42, 0xA4, 0x5A, 0xB6, 0x43, 0x61, 0xB3, 0xF6, 0x4E, 0xBC, 0xF8, 0x4E, 0xBC,
    0xFA, 0x4E, 0xBC, 0xFC, 0x4E, 0xBC, 0xFE, 0x4E, 0xBC, 0x00, 0x4F, 0x91, 0xDE, 0xFC, 0x14, 0x44,
    0x94, 0xD7, 0xE0, 0x89, 0x17, 0xE1, 0xB1, 0x39, 0x03, 0x6A, 0xED, 0xE9, 0xE1, 0xD7, 0xE3, 0xDF,
    0x94, 0x72, 0x34, 0x65, 0xBF, 0x48, 0x87, 0xF1, 0x97, 0xF2, 0x5F, 0xAC, 0x28, 0xBD, 0xA2, 0xE8,
    0xF2, 0xCD, 0x5B, 0x74, 0xE9, 0xF6, 0x2D, 0x1A, 0x6C, 0x9C, 0xA4, 0x41, 0xEA, 0xD1, 0x60, 0xD5,
    0x2B, 0x07, 0x5D, 0x8F, 0x91, 0x85, 0x3D, 0x31, 0xDF, 0x72, 0x9E, 0x47, 0xF9, 0x8E, 0x75, 0x35,
    0xB3, 0x36, 0x64, 0xF3, 0x36, 0xCA, 0x01, 0xDF, 0x19, 0x71, 0x5E, 0xE3, 0x09, 0xA3, 0x37, 0xC8,
    0x58, 0x61, 0x4A, 0xB0, 0xC7, 0xFA, 0xA4, 0x79, 0x46, 0x58, 0xD7, 0xA5, 0x71, 0xEC, 0xA0, 0x8D,
    0xCF, 0x2F, 0x90, 0xFB, 0x47, 0x64, 0xCC, 0xED, 0xDF, 0xB2, 0xFE, 0x70, 0xE5, 0xAB, 0x0F, 0x1D,
    0x70, 0xB6, 0x81, 0xE8, 0x57, 0xDC, 0x5F, 0xB1, 0x32, 0x05, 0x28, 0x44, 0xF6, 0x0E, 0x7E, 0xE1,
    0x41, 0x03, 0x18, 0x0A, 0x3C, 0x01, 0xEC, 0x58, 0xD5, 0xC6, 0xCA, 0x61, 0x72, 0x27, 0x2A, 0x7F,
    0xF2, 0xD4, 0x17, 0x25, 0xDA, 0x1D, 0xCC, 0xA7, 0x9F, 0xD6, 0xFE, 0xBA, 0xAA, 0xD1, 0x34, 0xF5,
    0x90, 0xD9, 0x87, 0xA3, 0x49, 0xE9, 0x95, 0x7D, 0x1D, 0x37, 0xA3, 0x6E, 0x58, 0x3B, 0x39, 0x63,
    0x51, 0x7F, 0x02, 0xAF, 0xA5, 0xDE, 0x4A, 0xBF, 0xEE, 0xD7, 0xFC, 0x2D, 0xD2, 0xFB, 0x98, 0x59,
    0x7D, 0x87, 0x87, 0xC1, 0x78, 0x63, 0x66, 0xB9, 0x03, 0xB9, 0xC7, 0xDB, 0x59, 0xD8, 0x2E, 0x77,
    0x70, 0x86, 0xD5, 0xD6, 0xFB, 0x79, 0x1D, 0x17, 0xFB, 0xCB, 0x6F, 0x33, 0xBE, 0x31, 0x5F, 0x49,
    0x95, 0x82, 0xF4, 0x28, 0xEC, 0x51, 0x80, 0x00, 0xE5, 0xAA, 0xD2, 0xE4, 0x5A, 0x33, 0x43, 0xA3,
    0x3F, 0xA1, 0x6F, 0xE9, 0xE7, 0x3E, 0xFC, 0x27, 0xDC, 0x54, 0xF0, 0xB2, 0xEC, 0x22, 0xF8, 0xA6,
    0x9C, 0x67, 0xF0, 0x88, 0x9E, 0x8E, 0x41, 0x7C, 0xE9, 0xD8, 0x63, 0xB4, 0xB9, 0x80, 0x41, 0xF5,
    0x68, 0xEE, 0xD0, 0xFE, 0x8D, 0xD3, 0x13, 0x9C, 0xF2, 0x7B, 0x6C, 0x70, 0x87, 0x0E, 0xFD, 0x5F,
    0xE0, 0xE8, 0x5F, 0x03, 0xED, 0x07, 0xF0, 0xB4, 0x4E, 0xE7, 0xC0, 0x18, 0xBA, 0xF0, 0x44, 0x7B,
    0xB7, 0x07, 0x7F, 0x19, 0xE7, 0xE9, 0x23, 0x74, 0x74, 0x89, 0x0E, 0x2D, 0xD2, 0xBE, 0xEB, 0xC7,
    0x34, 0x7D, 0x5F, 0x0E, 0xD3, 0x63, 0x20, 0xA7, 0xC8, 0xA9, 0xAD, 0xF6, 0xF2, 0x42, 0x7F, 0xB6,
    0xEC, 0x00, 0x2C, 0xE2, 0xE6, 0x85, 0xA7, 0xC3, 0x5C, 0xED, 0x95, 0xDF, 0x4A, 0x63, 0x0C, 0x6D,
    0x7B, 0xE6, 0x18, 0x67, 0xC6, 0x4D, 0xEF, 0x90, 0x65, 0x0F, 0x27, 0x8B, 0x53, 0xF7, 0x9B, 0xD7,
    0x99, 0x62, 0xF3, 0x2D, 0x71, 0xC0, 0x77, 0x7C, 0xC0, 0xB9, 0x17, 0xDE, 0xDC, 0x67, 0xF1, 0xC5,
    0x3C, 0x2B, 0xEC, 0xF7, 0x62, 0xC3, 0x38, 0xE8, 0x7B, 0x43, 0x0B, 0x4F, 0x93, 0x77, 0x94, 0x07,
    0x6D, 0x9F, 0x35, 0x9D, 0x7F, 0xC4, 0xB4, 0x7D, 0x0E, 0xAB, 0x5E, 0x16, 0x3B, 0x2A, 0xC3, 0xFD,
    0xE9, 0xCB, 0x3A, 0x62, 0xEB, 0xF5, 0x1D, 0x4F, 0xF0, 0xBE, 0x9D, 0xAF, 0xEF, 0xD8, 0x7F, 0x48,
    0xCE, 0x39, 0xC1, 0xB7, 0x36, 0x5D, 0xC8, 0x0E, 0xF5, 0x42, 0x36, 0x64, 0x67, 0x89, 0xF8, 0xFF,
    0xAD, 0xF6, 0x8C, 0xC7, 0x30, 0x76, 0x7D, 0x8C, 0x83, 0x77, 0xD2, 0x3E, 0xC6, 0xDC, 0xFE, 0xBD,
    0x35, 0x63, 0xCB, 0xFE, 0x70, 0xE0, 0xD7, 0x42, 0x8E, 0x1C, 0xA1, 0x6E, 0x44, 0x87, 0x3A, 0xFB,
    0xAF, 0xD4, 0x82, 0x7E, 0x37, 0x96, 0x73, 0xC0, 0x77, 0x8E, 0x1A, 0x4B, 0x7B, 0xAC, 0xF5, 0x38,
    0xEB, 0x38, 0xD9, 0x37, 0x44, 0x63, 0x4B, 0x07, 0xEC, 0x65, 0x13, 0xB6, 0x1F, 0xEF, 0x0D, 0x00,
    0x4E, 0x35, 0x4A, 0xFA, 0x3C, 0x33, 0x4E, 0x8B, 0xC7, 0x7A, 0xB5, 0xD1, 0xBC, 0x27, 0xED, 0x73,
    0xB4, 0xF0, 0x94, 0xCE, 0x6C, 0x2C, 0xCE, 0x6C, 0x02, 0x37, 0xF6, 0x5C, 0xE1, 0x9E, 0x24, 0x67,
    0xD4, 0xBE, 0x04, 0x00, 0x4E, 0x81, 0x61, 0xB6, 0x39, 0x8E, 0x22, 0xA8, 0x52, 0x0B, 0x6B, 0x27,
    0x35, 0x50, 0x1C, 0xEC, 0x45, 0xA7, 0x6F, 0x1E, 0xA1, 0x40, 0xA3, 0xC4, 0xDE, 0x2F, 0x07, 0xEC,
    0xFD, 0x16, 0x63, 0x0F, 0x47, 0x73, 0x96, 0xCD, 0x86, 0x8D, 0xF3, 0xFC, 0xEA, 0x4C, 0x35, 0xBA,
    0xB8, 0x55, 0x5C, 0x4B, 0x65, 0x2A, 0x2D, 0xFD, 0x87, 0xC0, 0x7B, 0x01, 0x2E, 0xC7, 0x8B, 0x62,
    0xCB, 0xE2, 0x4B, 0xBD, 0xB2, 0x64, 0x5C, 0x45, 0x16, 0xCE, 0x11, 0xEF, 0x98, 0xA0, 0x83, 0xBE,
    0x3D, 0xB0, 0x7F, 0x71, 0xAF, 0x62, 0x69, 0xB2, 0x49, 0xB7, 0x64, 0x8A, 0x42, 0x0F, 0xD7, 0xFA,
    0xC2, 0x3C, 0xD4, 0xEF, 0xF5, 0xBA, 0xB9, 0x5E, 0xAD, 0xA0, 0x55, 0xCC, 0xB5, 0x6F, 0x21, 0x8B,
    0xBC, 0xDE, 0x64, 0x91, 0xE6, 0xCE, 0x2C, 0xF2, 0x46, 0x93, 0x45, 0x86, 0x38, 0x30, 0xA4, 0x69,
    0x65, 0x15, 0x9D, 0xB3, 0xBD, 0x18, 0xF5, 0x8E, 0x97, 0x3B, 0x26, 0x3B, 0x5E, 0xEE, 0x28, 0x87,
    0x76, 0xA9, 0x97, 0x20, 0x4A, 0xB2, 0xB9, 0xE0, 0xD3, 0x74, 0x88, 0xFE, 0xD0, 0x9D, 0x7E, 0x49,
    0x0E, 0xDE, 0x5C, 0x42, 0x36, 0x5F, 0x92, 0x0B, 0xCD, 0x72, 0x48, 0xF5, 0x6C, 0x83, 0xFE, 0x24,
    0x86, 0x73, 0x7A, 0x13, 0xA1, 0x1B, 0x8C, 0x87, 0x76, 0xF6, 0x3F, 0xAD, 0x58, 0x3D, 0x6C, 0x14,
    0x47, 0x14, 0xFE, 0x66, 0x36, 0x78, 0x63, 0xAF, 0xEC, 0xA1, 0x08, 0x12, 0x84, 0xE0, 0x8B, 0x14,
    0x47, 0xB2, 0x80, 0xF8, 0x28, 0x52, 0x10, 0x29, 0xDC, 0x8D, 0x48, 0x1D, 0x09, 0x29, 0x8E, 0x92,
    0x22, 0x12, 0x29, 0x52, 0xE0, 0x2A, 0x14, 0x2E, 0x28, 0xEE, 0xD8, 0x01, 0x8A, 0x48, 0x49, 0x11,
    0xF7, 0x29, 0x70, 0x81, 0x14, 0xA4, 0x14, 0x50, 0xB8, 0x70, 0x94, 0x0B, 0x9E, 0x28, 0x05, 0xED,
    0x42, 0x4B, 0xB3, 0x12, 0x91, 0x90, 0x40, 0xE1, 0x36, 0xD2, 0x05, 0x6D, 0xC2, 0xC6, 0x93, 0xF7,
    0x66, 0xCF, 0xC6, 0x06, 0x62, 0xEF, 0x9E, 0x73, 0x37, 0xAB, 0xDB, 0xDB, 0x9F, 0xF7, 0x7D, 0xEF,
    0xBD, 0xEF, 0xBD, 0x7D, 0x77, 0x00, 0xB0, 0x0E, 0xE1, 0x20, 0xFB, 0x3A, 0xB8, 0x67, 0xC3, 0xDB,
    0x36, 0xFA, 0x35, 0x51, 0x97, 0xB3, 0x86, 0xCB, 0xDA, 0x2E, 0x6F, 0xA1, 0xE8, 0xA2, 0x57, 0xA0,
    0x45, 0x57, 0xE1, 0x7D, 0xA0, 0x03, 0xCC, 0x40, 0xCC, 0x43, 0x39, 0x4C, 0x7D, 0x69, 0x10, 0xD9,
    0xB1, 0x35, 0xDB, 0x74, 0xB6, 0x15, 0xD9, 0xAE, 0xB2, 0xED, 0x35, 0xDB, 0xB8, 0x6F, 0xF9, 0xCA,
    0x0C, 0x62, 0x00, 0x7C, 0xCE, 0xBB, 0xF8, 0x07, 0x38, 0x0B, 0xCC, 0x01, 0xEF, 0xFA, 0xAF, 0xD5,
    0xB0, 0x64, 0x0E, 0xD1, 0xF1, 0x70, 0x69, 0x05, 0x38, 0x1C, 0xC4, 0xC2, 0xA2, 0x70, 0x3A, 0xB8,
    0x62, 0x2A, 0x43, 0xAC, 0x88, 0xBF, 0x92, 0xF0, 0x77, 0x4C, 0x8C, 0xED, 0x6E, 0xFF, 0x0B, 0xE0,
    0xF8, 0x02, 0xF6, 0x39, 0x04, 0x97, 0xAB, 0xDA, 0x3F, 0x09, 0x1C, 0xB9, 0x08, 0xF1, 0x54, 0xCB,
    0x4B, 0x06, 0x1F, 0x23, 0x70, 0x36, 0xF8, 0x2E, 0x85, 0xCC, 0xC4, 0x8D, 0x2C, 0x72, 0x19, 0x5F,
    0xFF, 0x41, 0xA6, 0xFA, 0x59, 0x98, 0x67, 0x9E, 0x3F, 0x45, 0xEA, 0xC2, 0xD0, 0x85, 0xCA, 0x10,
    0x10, 0x09, 0x70, 0x93, 0xBC, 0x08, 0xAA, 0x79, 0x81, 0x7C, 0x49, 0x5E, 0xB5, 0x38, 0x00, 0xAC,
    0x69, 0x71, 0xC7, 0x56, 0xCF, 0x45, 0xF0, 0xC4, 0x8C, 0x4D, 0x03, 0xD7, 0x21, 0x1F, 0x43, 0x4A,
    0x5D, 0x21, 0x1D, 0x6C, 0x99, 0xCC, 0x8E, 0x9D, 0xAE, 0x9E, 0x8E, 0x67, 0xEA, 0xE2, 0xEC, 0x17,
    0x08, 0x1F, 0x93, 0x53, 0xBA, 0x9E, 0xD2, 0xA6, 0x20, 0xCF, 0x19, 0xF9, 0xC8, 0xE0, 0x56, 0x65,
    0xA5, 0xBD, 0x06, 0x9C, 0xC4, 0xC4, 0x47, 0x08, 0xFB, 0x10, 0xD7, 0x51, 0xC9, 0xB5, 0x9B, 0x90,
    0x9F, 0xD6, 0x43, 0x11, 0x9A, 0x65, 0x3C, 0xF1, 0x56, 0x65, 0x94, 0x59, 0xE0, 0x0D, 0xC8, 0xB7,
    0x4D, 0x50, 0xCB, 0x97, 0x8C, 0x4B, 0x6C, 0xF2, 0x13, 0x0E, 0x9D, 0xB8, 0x56, 0x01, 0xE5, 0xC7,
    0x25, 0x71, 0xCF, 0x0A, 0x6D, 0xC4, 0x43, 0x8B, 0x58, 0xD7, 0xD2, 0x83, 0x9C, 0xC6, 0x98, 0xD4,
    0x41, 0x9F, 0x55, 0x51, 0x25, 0x68, 0xC1, 0xA5, 0x44, 0x3A, 0x83, 0x05, 0x8C, 0xA6, 0x07, 0x15,
    0xEA, 0xD0, 0x55, 0x0B, 0x5D, 0xA9, 0x87, 0x25, 0xDA, 0x8B, 0xD7, 0xE3, 0xF5, 0x0E, 0x99, 0xE8,
    0xCE, 0xC7, 0x45, 0x5C, 0xF0, 0x5E, 0xC7, 0x1F, 0x03, 0x42, 0x13, 0x59, 0xA9, 0x31, 0x8F, 0xC8,
    0xA1, 0x79, 0xD5, 0xB6, 0x02, 0xDB, 0xFE, 0x21, 0x69, 0xBB, 0xE4, 0x14, 0xD0, 0x06, 0x1A, 0xCE,
    0x86, 0xCE, 0x0B, 0x77, 0x05, 0x28, 0x4A, 0x6D, 0xA9, 0x64, 0x2C, 0x95, 0x49, 0xA0, 0x77, 0xB2,
    0x0A, 0x41, 0x17, 0x77, 0x3D, 0xEF, 0xF3, 0xD8, 0xD5, 0xF8, 0xF4, 0x87, 0xED, 0xE2, 0xCD, 0x6B,
    0xFF, 0x6D, 0x2F, 0xBC, 0xAB, 0x95, 0xD3, 0xAF, 0x1E, 0xDA, 0xDD, 0x12, 0xA4, 0x99, 0xF8, 0x06,
    0x73, 0xBF, 0x61, 0x71, 0x11, 0xDE, 0x6D, 0x5E, 0x65, 0xEF, 0xEC, 0xCE, 0x23, 0x2E, 0x78, 0x95,
    0x5F, 0x3B, 0x1B, 0x67, 0x81, 0x45, 0x91, 0xA7, 0x01, 0x97, 0xD8, 0xEE, 0xF6, 0x49, 0x8C, 0xD3,
    0x47, 0xA9, 0x95, 0x19, 0x71, 0x27, 0x61, 0x2F, 0x5D, 0xCE, 0x8B, 0xE2, 0x4C, 0xEB, 0xCF, 0x33,
    0xC2, 0x65, 0xBC, 0xCA, 0xAF, 0xD9, 0xF0, 0x2C, 0x75, 0xBF, 0xE9, 0x8B, 0xC0, 0x53, 0xC3, 0xDD,
    0xEF, 0x00, 0xA4, 0xB3, 0xD1, 0x83, 0x4C, 0x99, 0x4C, 0x3D, 0x1C, 0x28, 0x37, 0x50, 0x1A, 0xCA,
    0x22, 0xE4, 0x1B, 0x53, 0x66, 0x3C, 0x4E, 0x19, 0xD1, 0x13, 0x5F, 0xD7, 0x74, 0xA1, 0xEC, 0x7E,
    0x79, 0x52, 0xD1, 0x8B, 0xC6, 0x67, 0xEF, 0xE5, 0x42, 0xAB, 0x6C, 0xF6, 0xF8, 0x8E, 0x39, 0x94,
    0x7F, 0x9B, 0x80, 0x7A, 0xDD, 0x39, 0x88, 0x3E, 0xE4, 0xE9, 0x0A, 0x1A, 0x41, 0x94, 0xCE, 0x0D,
    0x66, 0x66, 0x2B, 0xC8, 0x6D, 0x4B, 0x5B, 0xAB, 0x2E, 0xBD, 0xA6, 0x3E, 0x6C, 0x43, 0xAB, 0x38,
    0x28, 0x59, 0x3B, 0x55, 0x66, 0xFB, 0x3B, 0x4E, 0x63, 0x2A, 0xFA, 0xB6, 0x3E, 0x6C, 0x22, 0x3D,
    0x89, 0x57, 0xD0, 0x7C, 0xE1, 0xBD, 0xD3, 0x7D, 0x8A, 0xCE, 0x8F, 0x63, 0xB5, 0x98, 0xD9, 0xDF,
    0xDB, 0x78, 0xE1, 0x42, 0x31, 0x83, 0x7D, 0xC4, 0xD4, 0x65, 0xC4, 0xB0, 0x40, 0xC3, 0xC4, 0xDE,
    0x4C, 0x1B, 0x0D, 0xDD, 0x1A, 0x6E, 0xBC, 0xCF, 0xC7, 0x1A, 0xF6, 0x96, 0xBF, 0x66, 0x98, 0x45,
    0x4A, 0x39, 0x6D, 0xCD, 0x32, 0x9F, 0xDE, 0x41, 0xDD, 0xBC, 0x61, 0xDB, 0x41, 0x7A, 0x2A, 0xC8,
    0x68, 0xB5, 0x82, 0xB4, 0x1D, 0x26, 0xEC, 0xE0, 0x3A, 0x86, 0x0E, 0xE6, 0xBE, 0xB6, 0xDA, 0x14,
    0x99, 0x63, 0x96, 0xA3, 0xC4, 0x0D, 0x1C, 0x23, 0xA3, 0xBF, 0xA4, 0xFE, 0x76, 0x24, 0x80, 0x09,
    0xE0, 0xE8, 0x3B, 0xC0, 0x4F, 0xA4, 0xA3, 0x24, 0xD9, 0x03, 0xEE, 0x73, 0xA5, 0xB4, 0x13, 0xE8,
    0x41, 0x6E, 0x25, 0x47, 0x89, 0xE9, 0x1A, 0x39, 0x9C, 0xA4, 0x23, 0x83, 0x92, 0xDC, 0xA6, 0x62,
    0xAE, 0x2F, 0x31, 0xAC, 0xAF, 0x24, 0x7A, 0x94, 0x29, 0x9B, 0x2B, 0x5D, 0xF0, 0x32, 0xB9, 0xFA,
    0x65, 0xE0, 0xEB, 0xAB, 0x94, 0x28, 0xF7, 0xD0, 0x23, 0xE4, 0xED, 0xF1, 0xBD, 0x7B, 0xCB, 0x55,
    0x77, 0x7E, 0x7B, 0xD5, 0xED, 0x18, 0xE5, 0xD6, 0x09, 0xE0, 0x7B, 0x76, 0x94, 0xB2, 0xDC, 0x24,
    0xA7, 0x97, 0x6F, 0xEE, 0x25, 0xC3, 0x5C, 0x9D, 0x8D, 0xCD, 0xEA, 0x34, 0x15, 0x92, 0x8C, 0x52,
    0x60, 0xE4, 0xB6, 0x58, 0x5A, 0xC6, 0xFF, 0x22, 0x6D, 0x2F, 0x34, 0x7A, 0xF4, 0x6D, 0xD4, 0x71,
    0x35, 0x99, 0xFB, 0xA7, 0x20, 0x59, 0x53, 0x94, 0x92, 0x43, 0x5E, 0xE6, 0x03, 0xE9, 0xFE, 0xA0,
    0x61, 0xD0, 0xA5, 0xC4, 0xC4, 0x3C, 0x63, 0xA2, 0xB6, 0x33, 0x49, 0x5E, 0x08, 0x02, 0xB5, 0x09,
    0xED, 0x85, 0x8E, 0xE5, 0xD7, 0x29, 0x03, 0x4D, 0x3A, 0xDF, 0x45, 0xB3, 0x9F, 0x83, 0x48, 0xA0,
    0x15, 0x64, 0x20, 0x1A, 0xF4, 0x99, 0x82, 0x88, 0x70, 0x47, 0xC1, 0x96, 0x58, 0xF8, 0xAE, 0xC2,
    0xB3, 0x38, 0x88, 0xFC, 0x5E, 0x38, 0x84, 0xBC, 0x3B, 0x60, 0x29, 0x8E, 0xC0, 0x81, 0x33, 0x72,
    0x98, 0xE2, 0x10, 0xD1, 0xE7, 0xE4, 0xDE, 0x62, 0xC1, 0x35, 0xEF, 0x63, 0xD1, 0xE1, 0xC9, 0xAC,
    0x26, 0x97, 0x0B, 0x27, 0xC8, 0x16, 0x3D, 0xB3, 0x78, 0xE4, 0x1E, 0x91, 0x83, 0xBC, 0x6B, 0x58,
    0x02, 0x18, 0x3F, 0x54, 0x13, 0x7B, 0x54, 0x9F, 0xB7, 0x29, 0xB1, 0x26, 0xE6, 0x0A, 0xBC, 0x1A,
    0x87, 0x72, 0xEC, 0x61, 0xF0, 0xD2, 0xD5, 0x11, 0x03, 0xB2, 0xD2, 0xA4, 0x9E, 0xE2, 0xF4, 0xD6,
    0x89, 0x6A, 0xBF, 0x40, 0xA1, 0xEC, 0xF3, 0xAB, 0x61, 0x63, 0x67, 0x9B, 0x0F, 0x78, 0xF6, 0x92,
    0x09, 0x2B, 0x5C, 0x18, 0xC8, 0x01, 0x44, 0xCF, 0xA7, 0x24, 0xAB, 0x03, 0x44, 0x05, 0x42, 0x58,
    0xAB, 0xAC, 0x2B, 0x6A, 0x33, 0xBB, 0xC2, 0xF9, 0x57, 0x73, 0xA3, 0x14, 0xBC, 0x18, 0xB2, 0x1E,
    0x9E, 0xD0, 0xE6, 0x92, 0x1E, 0x0D, 0x99, 0x84, 0xF0, 0xC2, 0x46, 0x90, 0x3E, 0x44, 0x04, 0x8A,
    0x4D, 0x54, 0x7E, 0x5D, 0x2C, 0xE5, 0x4C, 0xA3, 0x94, 0xDE, 0x2F, 0x1A, 0x84, 0xEC, 0x68, 0x2B,
    0x98, 0xC1, 0xF6, 0xAD, 0x41, 0xA3, 0x32, 0x85, 0x74, 0x0B, 0x03, 0x50, 0x94, 0x79, 0xF2, 0xF1,
    0x5D, 0x79, 0x2F, 0x1C, 0xB8, 0x33, 0x04, 0x3C, 0x61, 0x2D, 0xD7, 0xE3, 0x40, 0xD1, 0xF6, 0xE1,
    0xE6, 0x07, 0x5F, 0x19, 0xF0, 0xD1, 0x39, 0xD0, 0x21, 0x9F, 0x01, 0x96, 0x8A, 0x48, 0x6A, 0xF2,
    0xD8, 0x2C, 0x85, 0xD1, 0x39, 0x44, 0x5F, 0x51, 0x4A, 0x49, 0xAE, 0x33, 0xE7, 0xEA, 0xE6, 0x61,
    0x44, 0x9F, 0xD9, 0x5F, 0x6E, 0x63, 0x4B, 0x7E, 0x22, 0xA8, 0xE7, 0x6F, 0x52, 0x76, 0x74, 0x61,
    0x36, 0x43, 0xB7, 0x5A, 0xF6, 0x76, 0xF4, 0xA4, 0x57, 0x36, 0x0D, 0x6E, 0xDF, 0x9A, 0xA8, 0x8F,
    0x60, 0xDD, 0xF7, 0xA9, 0x7C, 0xFB, 0xF2, 0xCA, 0x61, 0xF0, 0x59, 0x9C, 0x11, 0xBA, 0x17, 0x24,
    0xDD, 0xC8, 0xB6, 0x94, 0x69, 0x28, 0xAD, 0xCE, 0x22, 0xBA, 0x85, 0x90, 0x9E, 0x32, 0x05, 0x5F,
    0x20, 0x33, 0x6E, 0xB7, 0x31, 0xA1, 0x6F, 0xA4, 0xA9, 0xA2, 0xFD, 0xCD, 0xA7, 0xCF, 0xEE, 0xF6,
    0xEF, 0xDB, 0xF8, 0x76, 0x12, 0xFB, 0x29, 0x55, 0xD0, 0x2D, 0x3F, 0x7B, 0x35, 0xAD, 0xD4, 0xC0,
    0x0A, 0x06, 0xFE, 0x0F, 0x9B, 0x55, 0xFE, 0xA5, 0x5B, 0xCB, 0x1D, 0x92, 0x0D, 0x65, 0x63, 0xBC,
    0x72, 0xDC, 0xC2, 0x2B, 0xF4, 0xC3, 0x08, 0x07, 0x6B, 0x06, 0xED, 0x5F, 0x7D, 0x55, 0x3D, 0x88,
    0x1B, 0x47, 0x14, 0xFE, 0x76, 0x57, 0xA7, 0x05, 0x6F, 0xF0, 0x88, 0x20, 0x81, 0x8C, 0x8D, 0x94,
    0xC2, 0x85, 0x11, 0xA7, 0x55, 0x8A, 0x23, 0x5C, 0x31, 0xDA, 0x19, 0x9C, 0xD2, 0x85, 0x55, 0x58,
    0x69, 0xDC, 0xA4, 0x09, 0x21, 0x86, 0xC4, 0x57, 0xA8, 0x50, 0x40, 0x46, 0x8B, 0x5D, 0x04, 0xE2,
    0x22, 0xAE, 0x52, 0x1B, 0xCE, 0x4D, 0x14, 0x88, 0x0F, 0x72, 0x90, 0x0B, 0x27, 0x5B, 0x03, 0x57,
    0x5E, 0x71, 0x6B, 0x52, 0xA4, 0x70, 0xE1, 0x25, 0x21, 0x45, 0x12, 0xB0, 0x17, 0xE7, 0xC0, 0x4A,
    0xAC, 0xD3, 0xE6, 0xCD, 0x68, 0xEF, 0xB2, 0x67, 0x2E, 0x37, 0x7F, 0x3B, 0xEF, 0x67, 0xBE, 0x37,
    0xF3, 0xE6, 0xBD, 0xD9, 0x02, 0x5C, 0x7C, 0x8C, 0x6B, 0xE8, 0x9C, 0x50, 0x81, 0x02, 0x56, 0xF0,
    0x9E, 0x5C, 0x92, 0xD6, 0x09, 0x15, 0xB8, 0x11, 0x4E, 0xD4, 0x0D, 0xB9, 0x18, 0x87, 0xA9, 0xA2,
    0xD6, 0xF8, 0x66, 0x98, 0x56, 0xBA, 0x8D, 0xD1, 0x68, 0x84, 0x61, 0x9A, 0xA6, 0xB2, 0xD2, 0xED,
    0x76, 0xF1, 0x06, 0xD9, 0x5B, 0xED, 0xF1, 0x53, 0xEB, 0x6A, 0x63, 0x44, 0x6B, 0x50, 0xE9, 0x42,
    0xA4, 0x40, 0x93, 0x0F, 0xB6, 0x80, 0xF6, 0xA0, 0xBF, 0x01, 0x04, 0x6D, 0xDE, 0x03, 0xC6, 0x03,
    0xDE, 0xA4, 0xBD, 0x35, 0x97, 0x39, 0x1F, 0x8C, 0xB7, 0xA6, 0x34, 0x45, 0x9B, 0x0F, 0x06, 0xFD,
    0xAD, 0x8D, 0x44, 0xCF, 0x7D, 0xD2, 0xE2, 0xBC, 0xDF, 0xD3, 0xF3, 0xF1, 0x74, 0x30, 0xE0, 0xBC,
    0xB9, 0x0C, 0x38, 0x91, 0x1D, 0xD9, 0xAA, 0xF1, 0xBB, 0x98, 0xBF, 0xAD, 0xEC, 0xC3, 0x1A, 0x39,
    0x91, 0xE1, 0x47, 0x96, 0x12, 0xA9, 0x48, 0x2D, 0x3D, 0x8B, 0xC4, 0x73, 0x9A, 0x91, 0xCC, 0x8E,
    0x3D, 0x29, 0x22, 0x11, 0x8B, 0xB8, 0xA5, 0x96, 0x08, 0x6B, 0x15, 0x42, 0x12, 0x15, 0xB6, 0xF1,
    0x0E, 0xAA, 0x41, 0x80, 0x6A, 0x11, 0x82, 0xA9, 0x80, 0x85, 0x24, 0xAB, 0x16, 0xED, 0x50, 0xB0,
    0x2F, 0xE2, 0x80, 0xDD, 0x89, 0xB4, 0xDD, 0xAA, 0x08, 0x68, 0xFC, 0x48, 0x76, 0xFE, 0xC7, 0xAF,
    0xC0, 0x07, 0x27, 0xFA, 0x54, 0x7B, 0x75, 0x44, 0x9E, 0x2A, 0x1F, 0x15, 0x8C, 0xC2, 0xF0, 0x8F,
    0x3C, 0x69, 0xDB, 0xDF, 0xE6, 0x48, 0xCB, 0x80, 0xB5, 0xA2, 0x9A, 0x76, 0x42, 0xC2, 0x69, 0xEC,
    0x27, 0x7D, 0x3D, 0x6E, 0x6A, 0x5F, 0xF4, 0x5F, 0x3E, 0x91, 0x65, 0xB4, 0xFF, 0xDA, 0x4B, 0x26,
    0xB2, 0xF5, 0xF4, 0xD3, 0x1F, 0x5F, 0x29, 0x8B, 0xF1, 0xF6, 0xAF, 0x0A, 0x9C, 0x07, 0x3F, 0x29,
    0xF4, 0xF9, 0xE7, 0x34, 0x4F, 0xFC, 0xFD, 0xD7, 0xCA, 0x8A, 0xBD, 0x78, 0x88, 0x45, 0x59, 0x60,
    0x66, 0xA0, 0x19, 0x6A, 0x06, 0x9B, 0xE1, 0x1A, 0xE0, 0x0A, 0x3A, 0x06, 0xF9, 0xCE, 0xAC, 0xF5,
    0xF4, 0xB3, 0xAD, 0x57, 0xBB, 0xDF, 0x69, 0xEC, 0x5F, 0x9E, 0x31, 0xBA, 0x31, 0xF3, 0xE9, 0x93,
    0xA5, 0x67, 0x35, 0x24, 0xF5, 0xE9, 0xEB, 0xDD, 0x47, 0x06, 0xFF, 0xFD, 0x29, 0x0E, 0x8B, 0xAB,
    0x18, 0x6A, 0xE0, 0x28, 0x19, 0x62, 0x37, 0x64, 0x44, 0x36, 0xC1, 0x57, 0x51, 0x2A, 0x2D, 0xE4,
    0xBB, 0x5F, 0x49, 0xC6, 0x6A, 0xC4, 0xE4, 0xC4, 0xED, 0x65, 0x6C, 0x1F, 0x0C, 0x6E, 0xE8, 0x28,
    0x48, 0x4D, 0xB4, 0xC1, 0xEA, 0x70, 0xEF, 0x4A, 0x67, 0x87, 0x18, 0xD2, 0xC8, 0xDB, 0x9C, 0x78,
    0x3E, 0x31, 0xAF, 0xC2, 0xD9, 0xD9, 0x09, 0x35, 0xDB, 0x82, 0x27, 0x99, 0xBA, 0x10, 0xAD, 0x6C,
    0xAC, 0xAD, 0xE8, 0xB3, 0x39, 0x11, 0x0B, 0x5B, 0x68, 0xA3, 0x05, 0x4F, 0x11, 0x12, 0x85, 0xF8,
    0x62, 0xEE, 0x12, 0x5F, 0x60, 0x39, 0x73, 0xC0, 0x5B, 0xEC, 0x72, 0x58, 0x67, 0x57, 0x94, 0xA7,
    0x5A, 0xB0, 0x93, 0x31, 0xF0, 0x38, 0x41, 0xBB, 0xB5, 0x13, 0xE9, 0x4E, 0x73, 0xA9, 0x79, 0x5A,
    0xA6, 0x75, 0x48, 0x57, 0x66, 0x4E, 0x13, 0x84, 0xC1, 0xC2, 0x20, 0x6B, 0x92, 0x9A, 0xCF, 0x64,
    0x93, 0x49, 0x13, 0x22, 0x58, 0x88, 0xB4, 0x01, 0x39, 0x9C, 0x4E, 0x0E, 0xEA, 0x3E, 0xF3, 0xD9,
    0x98, 0x25, 0x4C, 0x79, 0xA4, 0x50, 0x04, 0x53, 0x8C, 0xF6, 0xD3, 0x18, 0xDD, 0x13, 0x69, 0x6C,
    0xD0, 0x4A, 0x6B, 0xF8, 0xB0, 0x69, 0x2B, 0x77, 0x6E, 0xA8, 0x6B, 0xF0, 0x1E, 0xCA, 0x15, 0x4B,
    0x75, 0xF0, 0xAE, 0x26, 0x2F, 0xD1, 0x67, 0x03, 0x14, 0xD3, 0x8E, 0x74, 0xC1, 0xC2, 0x0B, 0x6A,
    0xE5, 0xFE, 0x9A, 0x11, 0x6C, 0x1E, 0x0E, 0xE5, 0x1E, 0xD9, 0x6A, 0xA5, 0x14, 0x90, 0xC5, 0x39,
    0x19, 0xB0, 0x0F, 0xB4, 0x5F, 0xF7, 0xC8, 0xFA, 0xE5, 0x2F, 0x97, 0x40, 0x47, 0xAF, 0xC1, 0x56,
    0x38, 0x8B, 0xED, 0x17, 0xCE, 0xF3, 0xAD, 0x34, 0x75, 0xD3, 0xA9, 0x9B, 0x50, 0x88, 0xB3, 0x2D,
    0x6C, 0x2B, 0xF2, 0xFA, 0xCB, 0xB8, 0x50, 0xA2, 0xEB, 0x69, 0x84, 0x22, 0x6A, 0xE8, 0x3D, 0xEB,
    0x15, 0x6E, 0x48, 0x17, 0x00, 0x4A, 0x3E, 0x6E, 0x2C, 0x24, 0xFF, 0xF1, 0x6A, 0x86, 0x07, 0xA4,
    0xF8, 0x07, 0xFB, 0x59, 0x9D, 0x13, 0xB5, 0x7F, 0x54, 0x53, 0x8C, 0x48, 0x3E, 0x91, 0x37, 0xA5,
    0x97, 0xD5, 0x9B, 0x72, 0x22, 0xD9, 0x11, 0x35, 0x91, 0x37, 0x4C, 0x02, 0x0C, 0xA7, 0xDA, 0x37,
    0x93, 0x79, 0x29, 0x28, 0xB5, 0x10, 0x50, 0x1D, 0x63, 0xEC, 0xEC, 0x3B, 0xFB, 0xAE, 0x72, 0xC9,
    0x4F, 0x9E, 0xD9, 0x4A, 0x51, 0x16, 0xA5, 0xF6, 0x16, 0x79, 0x4E, 0x99, 0x0B, 0x93, 0x18, 0x4E,
    0xC5, 0xE4, 0x40, 0x94, 0x02, 0x01, 0x6A, 0x63, 0xDF, 0xD9, 0xF7, 0x5D, 0xE5, 0x7B, 0xD2, 0x37,
    0xDA, 0xE7, 0x98, 0xA2, 0x54, 0x15, 0xC6, 0x8D, 0x1D, 0x88, 0xD6, 0x9C, 0x7A, 0x2A, 0x83, 0x02,
    0xDD, 0x07, 0x74, 0xA7, 0x45, 0x98, 0xC1, 0xB7, 0x13, 0x34, 0x6D, 0x93, 0xBF, 0xA8, 0x5A, 0x21,
    0x84, 0x93, 0x20, 0x70, 0x16, 0x57, 0x51, 0xE9, 0xEA, 0x17, 0xAE, 0xF1, 0xD0, 0x1C, 0x96, 0x40,
    0x07, 0xA0, 0x23, 0x91, 0xBE, 0x13, 0x11, 0x00, 0x26, 0x07, 0xD8, 0x4E, 0xE5, 0x7A, 0xAA, 0x72,
    0x2D, 0x5C, 0x4F, 0xB1, 0xFE, 0x00, 0xEB, 0xF2, 0xCD, 0xA6, 0x4B, 0x57, 0xB2, 0x34, 0x6E, 0x1D,
    0xC4, 0x62, 0x76, 0xFF, 0xA8, 0x11, 0xE9, 0xD1, 0xC5, 0x57, 0x64, 0xA5, 0x83, 0x49, 0x8A, 0x1F,
    0x52, 0xF5, 0x7D, 0xAE, 0x11, 0x49, 0xCC, 0x0A, 0x05, 0x5A, 0xAC, 0xDB, 0xC5, 0x27, 0xB4, 0x9F,
    0xF0, 0xFC, 0xDF, 0xD2, 0x9D, 0x82, 0xB5, 0x71, 0xA6, 0x0A, 0xF3, 0x5A, 0x0B, 0xAA, 0x85, 0xA3,
    0x24, 0x0B, 0x4C, 0xC2, 0xB0, 0x13, 0x82, 0xE7, 0xB4, 0x72, 0x2C, 0xEA, 0x4E, 0xB1, 0x76, 0x8A,
    0xA8, 0x84, 0x19, 0x9F, 0x6D, 0x96, 0x12, 0x2B, 0x76, 0xCC, 0xAD, 0x31, 0xDA, 0x08, 0xBF, 0xD8,
    0x1F, 0x6F, 0x52, 0x22, 0x59, 0xFA, 0xFD, 0xAB, 0xA7, 0xBF, 0x79, 0x68, 0x5F, 0x4F, 0xE7, 0xA4,
    0xBA, 0x74, 0x0F, 0xD6, 0x03, 0x9C, 0xBD, 0x2E, 0x57, 0x10, 0x75, 0xE8, 0x6D, 0xED, 0xA0, 0xF0,
    0x04, 0xB5, 0x17, 0x70, 0x67, 0xF4, 0xD3, 0x50, 0xE7, 0x0F, 0x24, 0x9B, 0xE3, 0xC2, 0xCF, 0x40,
    0x64, 0x12, 0x93, 0x52, 0xC4, 0xA4, 0x90, 0x39, 0x2E, 0x9D, 0x96, 0x0E, 0x99, 0x3B, 0x31, 0x89,
    0x48, 0x21, 0x7B, 0xC0, 0xDC, 0xBD, 0xAB, 0x74, 0xFE, 0x3A, 0xC5, 0x72, 0x8D, 0xAF, 0x6E, 0x82,
    0xF7, 0x36, 0x62, 0xFD, 0x8E, 0xC8, 0xC5, 0x0B, 0xA7, 0x73, 0xED, 0x10, 0x69, 0x01, 0x26, 0x05,
    0x9C, 0x24, 0x80, 0x13, 0xEB, 0x79, 0x1E, 0xD2, 0xE8, 0x5A, 0xC7, 0x75, 0x8E, 0xE4, 0x79, 0x2C,
    0x0B, 0x39, 0xDF, 0x3B, 0xB1, 0xD6, 0xD5, 0x6B, 0x0A, 0x42, 0x64, 0x5B, 0x34, 0xFF, 0x85, 0x92,
    0x09, 0x9F, 0x5B, 0x94, 0xA0, 0x99, 0xAE, 0x8F, 0x4D, 0x81, 0x59, 0x73, 0x91, 0xB9, 0x54, 0x2E,
    0x02, 0x8F, 0x8C, 0x8E, 0x0E, 0x5E, 0xE0, 0x8C, 0x57, 0x94, 0xF5, 0xBB, 0x14, 0xED, 0x57, 0xC8,
    0x86, 0x47, 0x3C, 0xEA, 0xF4, 0x3B, 0x4D, 0x74, 0x5F, 0xD0, 0x16, 0xB4, 0xAC, 0x7E, 0x85, 0xA9,
    0x25, 0xAF, 0x68, 0xD6, 0x34, 0x05, 0x05, 0xE9, 0x39, 0x6D, 0x4D, 0x1B, 0x2F, 0xD0, 0x24, 0x10,
    0xD5, 0x73, 0xC4, 0x0C, 0x44, 0x61, 0x54, 0x2E, 0x3F, 0xCE, 0xFF, 0x51, 0x6E, 0xDF, 0xFE, 0x33,
    0x4F, 0xDE, 0xE2, 0xE5, 0x1C, 0x89, 0x4B, 0x3C, 0xAF, 0x5C, 0xFE, 0xE4, 0xEB, 0x4B, 0x39, 0xF2,
    0xC1, 0x71, 0xA8, 0x7F, 0x01, 0xCD, 0x50, 0x3B, 0x4E, 0xC3, 0x40, 0x10, 0x7D, 0xF9, 0x98, 0x48,
    0xA1, 0x70, 0x28, 0x22, 0xA4, 0x80, 0xE2, 0x08, 0x59, 0x02, 0xA2, 0x88, 0x34, 0x2E, 0x36, 0x89,
    0xE3, 0xDD, 0x23, 0xE4, 0x08, 0xA9, 0x40, 0x0A, 0x8D, 0x85, 0xB6, 0x21, 0x12, 0xF2, 0x1E, 0x21,
    0x47, 0xA0, 0xA2, 0x76, 0xE1, 0x22, 0x34, 0xE0, 0x23, 0xCC, 0x11, 0xB6, 0xA7, 0x99, 0x82, 0x1E,
    0xD6, 0x31, 0x4D, 0x6E, 0xC0, 0xBC, 0x5D, 0xED, 0xCE, 0x6A, 0xF6, 0xBD, 0x79, 0xE3, 0x41, 0xD2,
    0x0B, 0x17, 0x0E, 0x7B, 0x96, 0x36, 0x28, 0x81, 0x51, 0xD4, 0x8B, 0xAA, 0x40, 0x43, 0x75, 0xC8,
    0xA7, 0x3B, 0x7A, 0xA2, 0x9F, 0xEF, 0x47, 0xDB, 0x2C, 0xFB, 0x4A, 0x52, 0x04, 0x69, 0xC6, 0x16,
    0x7C, 0x6F, 0xA5, 0x2B, 0x6D, 0xA8, 0xA9, 0x8D, 0xB1, 0x35, 0x1F, 0x9C, 0xF3, 0x33, 0x07, 0x04,
    0xF4, 0x57, 0x9F, 0x0C, 0x6E, 0x52, 0xAB, 0x3C, 0x55, 0x3E, 0x86, 0xF0, 0x94, 0xB4, 0x9A, 0x13,
    0x92, 0x54, 0xF0, 0x3B, 0x4F, 0x5D, 0x85, 0x87, 0xEA, 0x5E, 0xB0, 0xE4, 0x36, 0x9F, 0x93, 0x54,
    0xD5, 0x4B, 0x17, 0x19, 0x05, 0xAA, 0x0B, 0xB8, 0xB3, 0xAF, 0x36, 0xBB, 0x7A, 0xB7, 0x45, 0x9A,
    0x5B, 0x6B, 0xF3, 0x54, 0x60, 0x95, 0x8A, 0xC9, 0xE4, 0x72, 0x12, 0x47, 0x39, 0xCE, 0x76, 0x09,
    0x0B, 0x1D, 0x1D, 0x50, 0xB3, 0x1D, 0xB7, 0xDF, 0x80, 0x6F, 0xA4, 0xB9, 0x36, 0xAD, 0x3F, 0x78,
    0x8E, 0xF3, 0xCA, 0x36, 0xA9, 0x63, 0x86, 0xC8, 0x5E, 0x3F, 0xD9, 0x53, 0x19, 0xF5, 0xEC, 0x89,
    0x73, 0x06, 0x7E, 0xE3, 0xEC, 0xE0, 0xE2, 0x3F, 0xFA, 0x04, 0x1C, 0x0B, 0x5F, 0xB0, 0xE6, 0x2D,
    0xDF, 0xAE, 0x81, 0x80, 0x44, 0x9E, 0xB1, 0xC6, 0x72, 0xDD, 0xDD, 0xD5, 0x59, 0xAA, 0xB5, 0x5E,
    0x72, 0xD7, 0x38, 0xDD, 0xD2, 0x37, 0x41, 0x39, 0xB3, 0x6B, 0x57, 0x27, 0x4D, 0x8F, 0x37, 0xAE,
    0xCB, 0x99, 0x1D, 0x38, 0xCD, 0xC8, 0x61, 0x61, 0xE3, 0xA2, 0x9E, 0x58, 0x38, 0x02, 0x44, 0x85,
    0x62, 0x4E, 0xD2, 0x24, 0xA5, 0xE0, 0x30, 0x44, 0x54, 0x47, 0xE8, 0x14, 0x17, 0x5F, 0x14, 0xEF,
    0xDD, 0x74, 0xF3, 0x28, 0xAD, 0x56, 0x58, 0xF1, 0x1D, 0xFF, 0x76, 0x59, 0x2E, 0xB4, 0xD0, 0x09,
    0xCF, 0x77, 0x15, 0x77, 0x15, 0xD2, 0x68, 0x24, 0xE8, 0x94, 0x0F, 0xE5, 0xD8, 0x65, 0x37, 0xC8,
    0x54, 0x7C, 0x50, 0x49, 0xD4, 0x00, 0xBF, 0x65, 0x54, 0x4D, 0x88, 0x1C, 0x45, 0x14, 0xFE, 0x7A,
    0x7A, 0xD7, 0x66, 0xD3, 0xEE, 0xD6, 0x1E, 0x3C, 0x08, 0x9A, 0xAD, 0xAB, 0x88, 0xD8, 0xE0, 0x65,
    0x85, 0x9D, 0xEE, 0xAA, 0x80, 0x90, 0x83, 0x08, 0x7B, 0xD8, 0xE8, 0x21, 0x17, 0xC1, 0x8B, 0x18,
    0x70, 0x11, 0x41, 0xC4, 0xCC, 0x6C, 0x97, 0xF1, 0x90, 0x63, 0x16, 0xC9, 0x7D, 0x05, 0x73, 0x71,
    0x41, 0x06, 0x24, 0x90, 0x0E, 0x4C, 0xA6, 0x4B, 0x3D, 0x08, 0x42, 0xA0, 0x21, 0x88, 0x87, 0xB0,
    0xA4, 0x61, 0x15, 0x56, 0x02, 0xBB, 0xAD, 0x19, 0xE3, 0xC4, 0xE9, 0x99, 0x97, 0x57, 0x3D, 0x9B,
    0x55, 0xB1, 0xF8, 0xBE, 0xE2, 0xD5, 0xDF, 0xAB, 0x57, 0xEF, 0xA7, 0xA0, 0x21, 0x6A, 0xA8, 0x0C,
    0x1D, 0xA0, 0x7F, 0x4E, 0x67, 0x79, 0xD1, 0xBF, 0xA5, 0xB7, 0x1E, 0xE9, 0x88, 0xEC, 0x53, 0x53,
    0x83, 0x0C, 0xC8, 0x0B, 0x87, 0x67, 0x2D, 0xB6, 0x6C, 0x40, 0x95, 0xFC, 0xAB, 0x54, 0x1F, 0xEA,
    0xEE, 0x3B, 0xE8, 0x7C, 0x89, 0xCE, 0xCF, 0xE8, 0xFE, 0x08, 0x75, 0x1B, 0xF2, 0xB0, 0x08, 0xA9,
    0xF0, 0x07, 0xDA, 0x7F, 0x01, 0x78, 0x06, 0x2D, 0xB2, 0x82, 0x6C, 0xA4, 0x91, 0x00, 0xDD, 0x65,
    0xD3, 0x59, 0xB3, 0x1D, 0x65, 0xBA, 0x31, 0x92, 0x36, 0xA2, 0x8E, 0xE6, 0x25, 0x9F, 0x0C, 0x9A,
    0x26, 0xC9, 0x3A, 0xB0, 0xC0, 0xD0, 0x3C, 0x34, 0x92, 0x34, 0xCB, 0xE9, 0x35, 0xE4, 0x23, 0xCC,
    0xE6, 0x67, 0x0A, 0x43, 0x32, 0xC2, 0x42, 0x18, 0xA4, 0x53, 0x44, 0xBF, 0x41, 0xFE, 0xE4, 0x04,
    0x1E, 0x46, 0xBC, 0x99, 0x0A, 0x86, 0xDB, 0x07, 0xBC, 0x8A, 0xE5, 0x8D, 0x9B, 0x18, 0x13, 0x95,
    0x94, 0x8F, 0xAB, 0x5A, 0x7C, 0x3B, 0xAC, 0x85, 0x99, 0x51, 0x32, 0x15, 0x33, 0x65, 0x92, 0x19,
    0x82, 0x4F, 0xB4, 0x6C, 0x63, 0x85, 0x0A, 0x8C, 0x3A, 0x6B, 0xD4, 0x65, 0x93, 0xFC, 0x60, 0xF8,
    0x64, 0xF7, 0xBE, 0xE9, 0x8E, 0x6D, 0x4E, 0x45, 0x7B, 0xCD, 0xB4, 0x95, 0x69, 0x47, 0xA6, 0x2D,
    0x1A, 0x7B, 0xF3, 0x21, 0x73, 0x02, 0x64, 0x8A, 0x19, 0x3D, 0xCF, 0x7C, 0x09, 0xB7, 0x06, 0x79,
    0x91, 0x4F, 0x68, 0x7B, 0xB0, 0xDD, 0x66, 0x67, 0x39, 0xC6, 0x4C, 0xB5, 0x9D, 0x41, 0x16, 0x38,
    0x6E, 0x79, 0xC5, 0xAC, 0xF9, 0x4C, 0x67, 0x5E, 0x67, 0x71, 0x5A, 0x65, 0x9D, 0xC9, 0x76, 0x3E,
    0x1A, 0xF1, 0x7C, 0x8E, 0x41, 0x15, 0x15, 0xD9, 0xD0, 0xAF, 0xB2, 0xBE, 0x57, 0x65, 0xF1, 0xB8,
    0xCA, 0x54, 0x6E, 0x9F, 0x9C, 0xBB, 0x1E, 0x0B, 0x7C, 0x9C, 0x30, 0x53, 0x81, 0xF6, 0xC5, 0x15,
    0xB4, 0x6F, 0x9C, 0xC6, 0x80, 0x48, 0x6F, 0x8D, 0xA7, 0x38, 0xBD, 0xDF, 0xC7, 0xCA, 0x9D, 0x3E,
    0xC4, 0x77, 0x23, 0xF0, 0x2B, 0x1B, 0x36, 0x77, 0x91, 0x6F, 0x07, 0xBD, 0xEF, 0x6D, 0xE6, 0xDF,
    0xB1, 0xD9, 0x1F, 0xFB, 0xFF, 0xE7, 0xEF, 0xCC, 0x2A, 0xB4, 0x19, 0xEB, 0xC9, 0x88, 0x1F, 0xE3,
    0x17, 0xB8, 0x30, 0x74, 0xE6, 0xF9, 0x65, 0xB0, 0x5F, 0x4A, 0x2A, 0xD5, 0xEB, 0xA5, 0xF2, 0xCB,
    0xA4, 0x81, 0x0A, 0xCA, 0x88, 0xCA, 0xF0, 0x41, 0xC9, 0x9A, 0xE7, 0xCF, 0xE9, 0x53, 0xBB, 0x8D,
    0x1F, 0x38, 0xD4, 0x1C, 0x61, 0x8E, 0x86, 0x46, 0x3A, 0x41, 0xFA, 0x15, 0xA2, 0x0D, 0xA4, 0xB5,
    0x1B, 0x8A, 0x02, 0xBC, 0x04, 0x3A, 0x7E, 0x82, 0x0A, 0x0A, 0x25, 0x8C, 0x92, 0x50, 0x31, 0x54,
    0x9F, 0x6D, 0x63, 0xAF, 0x5A, 0xD5, 0x81, 0x4A, 0xA0, 0xA4, 0x56, 0xC2, 0xF2, 0x86, 0xC6, 0xE6,
    0x82, 0xE1, 0x55, 0xF0, 0xC6, 0xF0, 0x6A, 0xB4, 0x2A, 0x88, 0x31, 0x16, 0x26, 0x8D, 0x50, 0x61,
    0x81, 0xE7, 0x19, 0x9A, 0x37, 0x72, 0xC8, 0x59, 0xA9, 0xD3, 0xEE, 0x85, 0x6C, 0x92, 0xB8, 0xC4,
    0x8E, 0x15, 0x67, 0x5C, 0xC7, 0x3B, 0x20, 0x5B, 0xD5, 0x4D, 0x44, 0xFE, 0x3E, 0xE9, 0x24, 0xBC,
    0x7B, 0xD9, 0xC4, 0xD1, 0x95, 0xC0, 0xA4, 0x53, 0xB1, 0xA3, 0xD3, 0x5F, 0x24, 0x3F, 0x14, 0x2F,
    0x3B, 0x93, 0x62, 0xD7, 0xB5, 0x4F, 0x3A, 0xD7, 0xE6, 0xF8, 0x45, 0xA6, 0x35, 0xB6, 0xFE, 0x7E,
    0xC1, 0x68, 0x3D, 0x60, 0xFB, 0x0D, 0x08, 0x73, 0x09, 0x16, 0x53, 0x44, 0x64, 0xD6, 0xEE, 0xDA,
    0x6F, 0x2E, 0x5B, 0xE7, 0x28, 0x86, 0xB2, 0x50, 0xFA, 0xF8, 0x75, 0x13, 0xA8, 0x1C, 0xE9, 0x66,
    0x91, 0xF7, 0x8A, 0x24, 0xB4, 0x9C, 0x39, 0x09, 0x3F, 0x6A, 0x0A, 0x75, 0xCD, 0x25, 0xFE, 0x0C,
    0x58, 0x82, 0x47, 0xA3, 0x80, 0x86, 0x62, 0x6F, 0x39, 0x7A, 0x03, 0x6A, 0x11, 0x89, 0xA8, 0x19,
    0x6A, 0xA9, 0x1F, 0x2D, 0xF6, 0xE5, 0x5E, 0x3F, 0xA4, 0x9A, 0x37, 0x60, 0xB1, 0x31, 0x83, 0x5B,
    0x0D, 0x6F, 0xC2, 0x3E, 0x84, 0x7F, 0x0F, 0x17, 0x8E, 0x0E, 0x7A, 0x47, 0x07, 0xE2, 0x2C, 0x6B,
    0xAE, 0x93, 0x56, 0x15, 0x7B, 0x55, 0x07, 0x9C, 0x35, 0x7D, 0xAC, 0x23, 0xE2, 0x22, 0x20, 0x3D,
    0xE7, 0x62, 0xE0, 0xEE, 0x3D, 0x3F, 0xD5, 0x9B, 0x13, 0xCD, 0x3E, 0xE4, 0xD7, 0x25, 0x1E, 0xD7,
    0xAE, 0x09, 0xA9, 0x31, 0x72, 0x85, 0x6F, 0xAF, 0x42, 0xAA, 0xC4, 0xED, 0xF5, 0x68, 0xB1, 0xB9,
    0xBD, 0x01, 0x0B, 0x3C, 0x94, 0x7B, 0xCB, 0xBC, 0xE4, 0x51, 0x39, 0xBB, 0xDD, 0xF3, 0x20, 0x02,
    0x23, 0xCE, 0x5F, 0x4D, 0xA9, 0x4E, 0xF3, 0x03, 0x29, 0xCC, 0x7F, 0x10, 0x4E, 0xA4, 0x5F, 0x3B,
    0x9D, 0x1C, 0x89, 0x68, 0xE2, 0xEA, 0x60, 0x34, 0x87, 0x11, 0x30, 0x60, 0x47, 0x94, 0x08, 0x79,
    0x69, 0xF0, 0xC9, 0xFD, 0xF7, 0xBF, 0xFE, 0xE8, 0x30, 0xF9, 0xA0, 0x16, 0x34, 0x7C, 0xFA, 0x15,
    0x3B, 0xB7, 0xAC, 0x4F, 0x82, 0xCB, 0xC2, 0x7B, 0xBB, 0xDB, 0x2C, 0xBC, 0xF9, 0x48, 0x7B, 0xB3,
    0x80, 0xFE, 0x0B, 0x1C, 0x00, 0x0A, 0x8A, 0xB7, 0xFE, 0xA4, 0xA9, 0x5F, 0xF6, 0xEC, 0x14, 0x5D,
    0x28, 0x48, 0x13, 0x5A, 0xDF, 0x2D, 0xB9, 0x5F, 0xE0, 0x5D, 0xC8, 0x11, 0xE8, 0x35, 0xF4, 0xFA,
    0xD8, 0x2C, 0x40, 0x7E, 0x21, 0x7D, 0x2B, 0x03, 0x2B, 0x25, 0xFF, 0x17, 0x90, 0xC3, 0xE3, 0x28,
    0xE2, 0x22, 0x5F, 0xF8, 0x39, 0x67, 0xC7, 0xC3, 0x5F, 0x39, 0x21, 0x89, 0xCC, 0x73, 0x7F, 0xF7,
    0x2C, 0xD7, 0x78, 0xE1, 0xDD, 0xBB, 0x5E, 0x78, 0x0F, 0x8F, 0x6C, 0xAB, 0x3C, 0x83, 0x53, 0x6C,
    0x36, 0x14, 0x9B, 0x1B, 0xD6, 0x38, 0x69, 0xA1, 0xF9, 0x87, 0xFC, 0xF1, 0x04, 0x7C, 0x56, 0xEE,
    0xEC, 0x14, 0x2A, 0xFC, 0xAC, 0x8C, 0xC3, 0x4B, 0x55, 0x1C, 0x7E, 0x5A, 0xC5, 0x6C, 0xE8, 0x13,
    0x36, 0x3F, 0x97, 0x96, 0xC4, 0x66, 0x54, 0x9C, 0x75, 0xDC, 0x13, 0x15, 0x5C, 0x50, 0xFC, 0xE5,
    0x6D, 0x5E, 0x05, 0x87, 0x93, 0x05, 0x79, 0xAC, 0x7A, 0xD5, 0xA9, 0x2C, 0x59, 0x65, 0x0D, 0x79,
    0x63, 0x80, 0x68, 0xB5, 0x87, 0x64, 0xF5, 0x8A, 0x66, 0x1A, 0x97, 0x1F, 0xFC, 0x7F, 0xB9, 0xC2,
    0x41, 0x50, 0x3A, 0x9D, 0xD4, 0x70, 0xE1, 0x6D, 0x2C, 0x7D, 0x81, 0x74, 0xE4, 0xF2, 0xBD, 0xA3,
    0x1C, 0xBA, 0x5B, 0xAE, 0xC0, 0xB6, 0x78, 0x18, 0x35, 0x50, 0x6E, 0x29, 0x1D, 0xBA, 0x9D, 0xF3,
    0xEB, 0xC0, 0x06, 0x42, 0x42, 0x74, 0xC8, 0x5E, 0x73, 0xF9, 0xDD, 0x6D, 0x7A, 0xE5, 0xB1, 0x2E,
    0x04, 0xAE, 0x62, 0xF0, 0xE2, 0x2E, 0x57, 0x8D, 0x13, 0x1E, 0x03, 0xB3, 0xFF, 0x7F, 0xC0, 0xFE,
    0xFF, 0x01, 0x00, 0x95, 0x8E, 0xBD, 0x0D, 0x02, 0x31, 0x0C, 0x85, 0xC3, 0x51, 0xA4, 0x48, 0xE1,
    0x11, 0x32, 0x42, 0x36, 0xB8, 0x84, 0x9A, 0x26, 0x23, 0x30, 0x00, 0xD2, 0x2D, 0x00, 0xC2, 0x3D,
    0x2D, 0x23, 0x20, 0xA6, 0x88, 0xB8, 0xF4, 0xB4, 0x0C, 0x70, 0x1D, 0x20, 0x1A, 0x8A, 0x14, 0x20,
    0x92, 0x1C, 0x8E, 0x44, 0x83, 0xC4, 0x8F, 0xB0, 0x6C, 0x4B, 0xB6, 0x9E, 0x9F, 0x3F, 0x1E, 0x55,
    0x07, 0x71, 0xD1, 0x81, 0x71, 0x4C, 0xDA, 0x64, 0xDA, 0x7B, 0xEF, 0x9B, 0x4D, 0x46, 0x59, 0xE6,
    0x0F, 0xC5, 0xD3, 0x05, 0x52, 0x00, 0x33, 0x91, 0xD6, 0xB6, 0x21, 0x34, 0xEB, 0x20, 0xCD, 0x9B,
    0xE4, 0xA4, 0x89, 0x24, 0x0B, 0xD2, 0x86, 0x6F, 0xB2, 0xA8, 0x0E, 0x48, 0x08, 0x67, 0x4F, 0x0C,
    0x95, 0x21, 0x88, 0x51, 0xA1, 0xD8, 0x15, 0x8C, 0xA5, 0xA7, 0x7F, 0xE2, 0x47, 0x23, 0x03, 0xBA,
    0x7D, 0x1A, 0xD0, 0xCE, 0xA6, 0xB1, 0xFF, 0xCB, 0x40, 0x64, 0xA6, 0x7B, 0x3F, 0x17, 0xDE, 0x89,
    0xBD, 0x93, 0xD9, 0xC9, 0x93, 0xE3, 0xFE, 0x35, 0xB3, 0xAB, 0x32, 0xA3, 0x10, 0x37, 0x46, 0x5A,
    0x64, 0x33, 0xC0, 0x81, 0x83, 0x95, 0xCA, 0x3A, 0xD6, 0x53, 0x75, 0xAC, 0x19, 0xA0, 0xEE, 0x00,
    0x45, 0x04, 0x64, 0x5B, 0x2A, 0x0D, 0x58, 0x67, 0x91, 0xF4, 0x75, 0x18, 0xCB, 0xD9, 0x03, 0x63,
    0x60, 0x68, 0x60, 0x60, 0x60, 0x60, 0xFE, 0x00, 0x24, 0xF8, 0xFF, 0x00, 0x09, 0xDB, 0x78, 0x20,
    0xF1, 0x81, 0xF9, 0x00, 0x03, 0xF3, 0xEF, 0x4B, 0x1F, 0x18, 0xF8, 0xFF, 0x5F, 0xFA, 0xC3, 0x60,
    0xFF, 0xDF, 0xFD, 0x3F, 0x83, 0xFE, 0x3F, 0xF9, 0x7F, 0x0C, 0xDC, 0x7F, 0xED, 0x7F, 0x30, 0x30,
    0xFD, 0xFF, 0xFF, 0x80, 0x81, 0x61, 0xAF, 0x3D, 0x50, 0x9F, 0x8E, 0x1E, 0x50, 0x31, 0xF7, 0x0E,
    0x20, 0xC1, 0x04, 0x14, 0x62, 0x60, 0x70, 0x60, 0x60, 0x00, 0x00,
};

static const EpdGlyph notosans_c17_boldGlyphs[] = {
    { 0, 0, 0, 0, 0, 0, 0 }, // U+0000
    { 0, 0, 71, 0, 0, 0, 0 }, // U+000D
    { 0, 0, 71, 0, 0, 0, 0 }, // U+0020
    { 4, 14, 77, 0, 13, 14, 0 }, // !
    { 7, 6, 130, 1, 13, 11, 14 }, // "
    { 11, 13, 176, 0, 13, 36, 25 }, // #
    { 10, 14, 156, 0, 13, 35, 61 }, // $
    { 15, 14, 245, 0, 13, 53, 96 }, // %
    { 13, 14, 204, 0, 13, 46, 149 }, // &
    { 3, 6, 72, 1, 13, 5, 195 }, // '
    { 6, 16, 92, 0, 13, 24, 200 }, // (
    { 6, 16, 92, 0, 13, 24, 224 }, // )
    { 9, 9, 147, 0, 13, 21, 248 }, // *
    { 9, 10, 156, 0, 11, 23, 269 }, // +
    { 4, 5, 78, 0, 2, 5, 292 }, // ,
    { 5, 3, 87, 0, 6, 4, 297 }, // -
    { 4, 4, 76, 0, 3, 4, 301 }, // .
    { 7, 14, 113, 0, 13, 25, 305 }, // /
    { 10, 14, 164, 0, 13, 35, 330 }, // 0
    { 7, 13, 141, 0, 13, 23, 365 }, // 1
    { 10, 13, 152, 0, 13, 33, 388 }, // 2
    { 10, 14, 156, 0, 13, 35, 421 }, // 3
    { 10, 13, 158, 0, 13, 33, 456 }, // 4
    { 10, 14, 157, 0, 13, 35, 489 }, // 5
    { 10, 14, 164, 0, 13, 35, 524 }, // 6
    { 9, 13, 145, 0, 13, 30, 559 }, // 7
    { 10, 14, 162, 0, 13, 35, 589 }, // 8
    { 10, 14, 164, 0, 13, 35, 624 }, // 9
    { 4, 11, 76, 0, 10, 11, 659 }, // :
    { 4, 13, 78, 0, 10, 13, 670 }, // ;
    { 9, 10, 156, 0, 11, 23, 683 }, // <
    { 9, 6, 156, 0, 9, 14, 706 }, // =
    { 9, 10, 156, 0, 11, 23, 720 }, // >
    { 8, 14, 130, 0, 13, 28, 743 }, // ?
    { 15, 15, 244, 0, 13, 57, 771 }, // @
    { 12, 13, 188, 0, 13, 39, 828 }, // A
    { 10, 13, 181, 1, 13, 33, 867 }, // B
    { 11, 14, 175, 0, 13, 39, 900 }, // C
    { 11, 13, 199, 1, 13, 36, 939 }, // D
    { 8, 13, 152, 1, 13, 26, 975 }, // E
    { 8, 13, 149, 1, 13, 26, 1001 }, // F
    { 11, 14, 197, 0, 13, 39, 1027 }, // G
    { 11, 13, 208, 1, 13, 36, 1066 }, // H
    { 7, 13, 106, 0, 13, 23, 1102 }, // I
    { 7, 17, 90, -2, 13, 30, 1125 }, // J
    { 11, 13, 181, 1, 13, 36, 1155 }, // K
    { 8, 13, 152, 1, 13, 26, 1191 }, // L
    { 14, 13, 256, 1, 13, 46, 1217 }, // M
    { 12, 13, 221, 1, 13, 39, 1263 }, // N
    { 13, 14, 215, 0, 13, 46, 1302 }, // O
    { 9, 13, 169, 1, 13, 30, 1348 }, // P
    { 13, 16, 215, 0, 13, 52, 1378 }, // Q
    { 11, 13, 178, 1, 13, 36, 1430 }, // R
    { 9, 14, 150, 0, 13, 32, 1466 }, // S
    { 10, 13, 157, 0, 13, 33, 1498 }, // T
    { 11, 14, 206, 1, 13, 39, 1531 }, // U
    { 12, 13, 177, 0, 13, 39, 1570 }, // V
    { 17, 13, 263, 0, 13, 56, 1609 }, // W
    { 12, 13, 182, 0, 13, 39, 1665 }, // X
    { 11, 13, 170, 0, 13, 36, 1704 }, // Y
    { 10, 13, 157, 0, 13, 33, 1740 }, // Z
    { 5, 16, 90, 1, 13, 20, 1773 }, // [
    { 7, 14, 113, 0, 13, 25, 1793 }, // <backslash>
    { 5, 16, 90, 0, 13, 20, 1818 }, // ]
    { 10, 9, 156, 0, 13, 23, 1838 }, // ^
    { 9, 2, 112, -1, -1, 5, 1861 }, // _
    { 6, 4, 99, 0, 14, 6, 1866 }, // `
    { 9, 11, 163, 0, 10, 25, 1872 }, // a
    { 9, 14, 172, 1, 13, 32, 1897 }, // b
    { 9, 11, 140, 0, 10, 25, 1929 }, // c
    { 10, 14, 172, 0, 13, 35, 1954 }, // d
    { 10, 11, 162, 0, 10, 28, 1989 }, // e
    { 8, 13, 105, 0, 13, 26, 2017 }, // f
    { 10, 15, 172, 0, 10, 38, 2043 }, // g
    { 9, 13, 177, 1, 13, 30, 2081 }, // h
    { 3, 13, 81, 1, 13, 10, 2111 }, // i
    { 5, 18, 81, -1, 13, 23, 2121 }, // j
    { 10, 13, 169, 1, 13, 33, 2144 }, // k
    { 3, 13, 81, 1, 13, 10, 2177 }, // l
    { 15, 10, 265, 1, 10, 38, 2187 }, // m
    { 9, 10, 177, 1, 10, 23, 2225 }, // n
    { 10, 11, 170, 0, 10, 28, 2248 }, // o
    { 9, 15, 172, 1, 10, 34, 2276 }, // p
    { 10, 15, 172, 0, 10, 38, 2310 }, // q
    { 7, 10, 122, 1, 10, 18, 2348 }, // r
    { 8, 11, 137, 0, 10, 22, 2366 }, // s
    { 7, 13, 118, 0, 12, 23, 2388 }, // t
    { 9, 11, 177, 1, 10, 25, 2411 }, // u
    { 10, 10, 155, 0, 10, 25, 2436 }, // v
    { 15, 10, 233, 0, 10, 38, 2461 }, // w
    { 10, 10, 157, 0, 10, 25, 2499 }, // x
    { 10, 15, 155, 0, 10, 38, 2524 }, // y
    { 8, 10, 134, 0, 10, 20, 2562 }, // z
    { 7, 16, 107, 0, 13, 28, 2582 }, // {
    { 3, 17, 150, 3, 13, 13, 2610 }, // |
    { 7, 16, 107, 0, 13, 28, 2623 }, // }
    { 9, 4, 156, 0, 8, 9, 2651 }, // ~
    { 0, 0, 71, 0, 0, 0, 0 }, // U+00A0
    { 4, 14, 78, 0, 10, 14, 0 }, // U+00A1
    { 8, 14, 156, 1, 13, 28, 14 }, // U+00A2
    { 10, 13, 156, 0, 13, 33, 42 }, // U+00A3
    { 9, 8, 154, 0, 10, 18, 75 }, // U+00A4
    { 10, 13, 156, 0, 13, 33, 93 }, // U+00A5
    { 3, 17, 150, 3, 13, 13, 126 }, // U+00A6
    { 8, 14, 132, 0, 13, 28, 139 }, // U+00A7
    { 7, 3, 161, 2, 13, 6, 167 }, // U+00A8
    { 14, 14, 226, 0, 13, 49, 173 }, // U+00A9
    { 6, 7, 104, 0, 13, 11, 222 }, // U+00AA
    { 10, 9, 167, 0, 9, 23, 233 }, // U+00AB
    { 9, 5, 156, 0, 7, 12, 256 }, // U+00AC
    { 5, 3, 87, 0, 6, 4, 268 }, // U+00AD
    { 14, 14, 226, 0, 13, 49, 272 }, // U+00AE
    { 10, 3, 136, -1, 15, 8, 321 }, // U+00AF
    { 7, 7, 115, 0, 13, 13, 329 }, // U+00B0
    { 9, 11, 156, 0, 11, 25, 342 }, // U+00B1
    { 6, 8, 103, 0, 15, 12, 367 }, // U+00B2
    { 6, 9, 103, 0, 15, 14, 379 }, // U+00B3
    { 6, 4, 99, 0, 14, 6, 393 }, // U+00B4
    { 9, 15, 178, 1, 10, 34, 399 }, // U+00B5
    { 10, 16, 176, 0, 13, 40, 433 }, // U+00B6
    { 4, 4, 76, 0, 8, 4, 473 }, // U+00B7
    { 5, 5, 72, 0, 0, 7, 477 }, // U+00B8
    { 5, 8, 103, 0, 15, 10, 484 }, // U+00B9
    { 7, 7, 105, 0, 13, 13, 494 }, // U+00BA
    { 10, 9, 167, 0, 9, 23, 507 }, // U+00BB
    { 14, 13, 226, 0, 13, 46, 530 }, // U+00BC
    { 15, 13, 238, 0, 13, 49, 576 }, // U+00BD
    { 15, 13, 230, 0, 13, 49, 625 }, // U+00BE
    { 9, 14, 130, 0, 10, 32, 674 }, // U+00BF
    { 12, 17, 188, 0, 17, 51, 706 }, // U+00C0
    { 12, 17, 188, 0, 17, 51, 757 }, // U+00C1
    { 12, 17, 188, 0, 17, 51, 808 }, // U+00C2
    { 12, 16, 188, 0, 16, 48, 859 }, // U+00C3
    { 12, 16, 188, 0, 16, 48, 907 }, // U+00C4
    { 12, 16, 188, 0, 16, 48, 955 }, // U+00C5
    { 16, 13, 259, 0, 13, 52, 1003 }, // U+00C6
    { 11, 18, 175, 0, 13, 50, 1055 }, // U+00C7
    { 8, 17, 152, 1, 17, 34, 1105 }, // U+00C8
    { 8, 17, 152, 1, 17, 34, 1139 }, // U+00C9
    { 8, 17, 152, 1, 17, 34, 1173 }, // U+00CA
    { 8, 16, 152, 1, 16, 32, 1207 }, // U+00CB
    { 7, 17, 106, 0, 17, 30, 1239 }, // U+00CC
    { 7, 17, 106, 0, 17, 30, 1269 }, // U+00CD
    { 8, 17, 106, -1, 17, 34, 1299 }, // U+00CE
    { 7, 16, 106, 0, 16, 28, 1333 }, // U+00CF
    { 12, 13, 199, 0, 13, 39, 1361 }, // U+00D0
    { 12, 16, 219, 1, 16, 48, 1400 }, // U+00D1
    { 13, 18, 215, 0, 17, 59, 1448 }, // U+00D2
    { 13, 18, 215, 0, 17, 59, 1507 }, // U+00D3
    { 13, 18, 215, 0, 17, 59, 1566 }, // U+00D4
    { 13, 17, 215, 0, 16, 56, 1625 }, // U+00D5
    { 13, 17, 215, 0, 16, 56, 1681 }, // U+00D6
    { 8, 8, 156, 1, 10, 16, 1737 }, // U+00D7
    { 13, 14, 215, 0, 13, 46, 1753 }, // U+00D8
    { 11, 18, 206, 1, 17, 50, 1799 }, // U+00D9
    { 11, 18, 206, 1, 17, 50, 1849 }, // U+00DA
    { 11, 18, 206, 1, 17, 50, 1899 }, // U+00DB
    { 11, 17, 206, 1, 16, 47, 1949 }, // U+00DC
    { 11, 17, 170, 0, 17, 47, 1996 }, // U+00DD
    { 9, 13, 171, 1, 13, 30, 2043 }, // U+00DE
    { 11, 14, 191, 1, 13, 39, 2073 }, // U+00DF
    { 9, 15, 163, 0, 14, 34, 2112 }, // U+00E0
    { 9, 15, 163, 0, 14, 34, 2146 }, // U+00E1
    { 9, 15, 163, 0, 14, 34, 2180 }, // U+00E2
    { 9, 14, 163, 0, 13, 32, 2214 }, // U+00E3
    { 9, 14, 163, 0, 13, 32, 2246 }, // U+00E4
    { 9, 16, 163, 0, 15, 36, 2278 }, // U+00E5
    { 15, 11, 249, 0, 10, 42, 2314 }, // U+00E6
    { 9, 15, 140, 0, 10, 34, 2356 }, // U+00E7
    { 10, 15, 162, 0, 14, 38, 2390 }, // U+00E8
    { 10, 15, 162, 0, 14, 38, 2428 }, // U+00E9
    { 10, 15, 162, 0, 14, 38, 2466 }, // U+00EA
    { 10, 14, 162, 0, 13, 35, 2504 }, // U+00EB
    { 6, 14, 81, -1, 14, 21, 2539 }, // U+00EC
    { 6, 14, 81, 1, 14, 21, 2560 }, // U+00ED
    { 7, 14, 81, -1, 14, 25, 2581 }, // U+00EE
    { 7, 13, 81, -1, 13, 23, 2606 }, // U+00EF
    { 10, 15, 171, 0, 14, 38, 2629 }, // U+00F0
    { 9, 13, 177, 1, 13, 30, 2667 }, // U+00F1
    { 10, 15, 170, 0, 14, 38, 2697 }, // U+00F2
    { 10, 15, 170, 0, 14, 38, 2735 }, // U+00F3
    { 10, 15, 170, 0, 14, 38, 2773 }, // U+00F4
    { 10, 14, 170, 0, 13, 35, 2811 }, // U+00F5
    { 10, 14, 170, 0, 13, 35, 2846 }, // U+00F6
    { 9, 10, 156, 0, 11, 23, 2881 }, // U+00F7
    { 10, 11, 168, 0, 10, 28, 2904 }, // U+00F8
    { 9, 15, 177, 1, 14, 34, 2932 }, // U+00F9
    { 9, 15, 177, 1, 14, 34, 2966 }, // U+00FA
    { 9, 15, 177, 1, 14, 34, 3000 }, // U+00FB
    { 9, 14, 177, 1, 13, 32, 3034 }, // U+00FC
    { 10, 19, 155, 0, 14, 48, 3066 }, // U+00FD
    { 9, 18, 172, 1, 13, 41, 3114 }, // U+00FE
    { 10, 18, 155, 0, 13, 45, 3155 }, // U+00FF
    { 12, 15, 188, 0, 15, 45, 0 }, // U+0100
    { 9, 13, 163, 0, 12, 30, 45 }, // U+0101
    { 12, 17, 188, 0, 17, 51, 75 }, // U+0102
    { 9, 15, 163, 0, 14, 34, 126 }, // U+0103
    { 12, 17, 188, 0, 13, 51, 160 }, // U+0104
    { 10, 14, 163, 0, 10, 35, 211 }, // U+0105
    { 11, 18, 175, 0, 17, 50, 246 }, // U+0106
    { 9, 15, 140, 0, 14, 34, 296 }, // U+0107
    { 11, 18, 175, 0, 17, 50, 330 }, // U+0108
    { 9, 15, 140, 0, 14, 34, 380 }, // U+0109
    { 11, 17, 175, 0, 16, 47, 414 }, // U+010A
    { 9, 14, 140, 0, 13, 32, 461 }, // U+010B
    { 11, 18, 175, 0, 17, 50, 493 }, // U+010C
    { 9, 15, 140, 0, 14, 34, 543 }, // U+010D
    { 11, 17, 199, 1, 17, 47, 577 }, // U+010E
    { 14, 14, 172, 0, 13, 49, 624 }, // U+010F
    { 12, 13, 199, 0, 13, 39, 673 }, // U+0110
    { 11, 14, 175, 0, 13, 39, 712 }, // U+0111
    { 8, 15, 152, 1, 15, 30, 751 }, // U+0112
    { 10, 13, 162, 0, 12, 33, 781 }, // U+0113
    { 8, 17, 152, 1, 17, 34, 814 }, // U+0114
    { 10, 15, 162, 0, 14, 38, 848 }, // U+0115
    { 8, 16, 152, 1, 16, 32, 886 }, // U+0116
    { 10, 14, 162, 0, 13, 35, 918 }, // U+0117
    { 8, 17, 152, 1, 13, 34, 953 }, // U+0118
    { 10, 15, 161, 0, 10, 38, 987 }, // U+0119
    { 8, 17, 152, 1, 17, 34, 1025 }, // U+011A
    { 10, 15, 162, 0, 14, 38, 1059 }, // U+011B
    { 11, 18, 197, 0, 17, 50, 1097 }, // U+011C
    { 10, 19, 172, 0, 14, 48, 1147 }, // U+011D
    { 11, 18, 197, 0, 17, 50, 1195 }, // U+011E
    { 10, 19, 172, 0, 14, 48, 1245 }, // U+011F
    { 11, 17, 197, 0, 16, 47, 1293 }, // U+0120
    { 10, 18, 172, 0, 13, 45, 1340 }, // U+0121
    { 11, 17, 197, 0, 13, 47, 1385 }, // U+0122
    { 10, 19, 172, 0, 14, 48, 1432 }, // U+0123
    { 11, 17, 208, 1, 17, 47, 1480 }, // U+0124
    { 11, 18, 177, -1, 18, 50, 1527 }, // U+0125
    { 14, 13, 208, 0, 13, 46, 1577 }, // U+0126
    { 10, 13, 179, 0, 13, 33, 1623 }, // U+0127
    { 8, 16, 106, -1, 16, 32, 1656 }, // U+0128
    { 8, 13, 81, -1, 13, 26, 1688 }, // U+0129
    { 7, 15, 106, 0, 15, 27, 1714 }, // U+012A
    { 7, 12, 81, -1, 12, 21, 1741 }, // U+012B
    { 7, 17, 106, 0, 17, 30, 1762 }, // U+012C
    { 7, 14, 81, -1, 14, 25, 1792 }, // U+012D
    { 7, 17, 106, 0, 13, 30, 1817 }, // U+012E
    { 5, 17, 81, 0, 13, 22, 1847 }, // U+012F
    { 7, 16, 106, 0, 16, 28, 1869 }, // U+0130
    { 3, 10, 81, 1, 10, 8, 1897 }, // U+0131
    { 11, 17, 196, 0, 13, 47, 1905 }, // U+0132
    { 9, 18, 166, 1, 13, 41, 1952 }, // U+0133
    { 9, 21, 90, -2, 17, 48, 1993 }, // U+0134
    { 7, 19, 81, -1, 14, 34, 2041 }, // U+0135
    { 11, 17, 180, 1, 13, 47, 2075 }, // U+0136
    { 10, 17, 169, 1, 13, 43, 2122 }, // U+0137
    { 10, 10, 169, 1, 10, 25, 2165 }, // U+0138
    { 8, 17, 152, 1, 17, 34, 2190 }, // U+0139
    { 5, 18, 81, 1, 18, 23, 2224 }, // U+013A
    { 8, 17, 152, 1, 13, 34, 2247 }, // U+013B
    { 3, 17, 81, 1, 13, 13, 2281 }, // U+013C
    { 9, 13, 152, 1, 13, 30, 2294 }, // U+013D
    { 7, 13, 81, 1, 13, 23, 2324 }, // U+013E
    { 8, 13, 152, 1, 13, 26, 2347 }, // U+013F
    { 7, 13, 100, 1, 13, 23, 2373 }, // U+0140
    { 10, 13, 154, 0, 13, 33, 2396 }, // U+0141
    { 7, 13, 83, -1, 13, 23, 2429 }, // U+0142
    { 12, 17, 219, 1, 17, 51, 2452 }, // U+0143
    { 9, 14, 177, 1, 14, 32, 2503 }, // U+0144
    { 12, 17, 219, 1, 13, 51, 2535 }, // U+0145
    { 9, 14, 177, 1, 10, 32, 2586 }, // U+0146
    { 12, 17, 219, 1, 17, 51, 2618 }, // U+0147
    { 9, 14, 177, 1, 14, 32, 2669 }, // U+0148
    { 13, 13, 211, -1, 13, 43, 2701 }, // U+0149
    { 12, 17, 221, 1, 13, 51, 2744 }, // U+014A
    { 9, 15, 177, 1, 10, 34, 2795 }, // U+014B
    { 13, 16, 215, 0, 15, 52, 2829 }, // U+014C
    { 10, 13, 170, 0, 12, 33, 2881 }, // U+014D
    { 13, 18, 215, 0, 17, 59, 2914 }, // U+014E
    { 10, 15, 170, 0, 14, 38, 2973 }, // U+014F
    { 13, 18, 215, 0, 17, 59, 3011 }, // U+0150
    { 10, 15, 170, 0, 14, 38, 3070 }, // U+0151
    { 16, 14, 265, 0, 13, 56, 3108 }, // U+0152
    { 16, 11, 266, 0, 10, 44, 3164 }, // U+0153
    { 11, 17, 178, 1, 17, 47, 3208 }, // U+0154
    { 7, 14, 122, 1, 14, 25, 3255 }, // U+0155
    { 11, 17, 178, 1, 13, 47, 3280 }, // U+0156
    { 7, 14, 122, 1, 10, 25, 3327 }, // U+0157
    { 11, 17, 178, 1, 17, 47, 3352 }, // U+0158
    { 8, 14, 122, 0, 14, 28, 3399 }, // U+0159
    { 9, 18, 150, 0, 17, 41, 3427 }, // U+015A
    { 8, 15, 137, 0, 14, 30, 3468 }, // U+015B
    { 9, 18, 150, 0, 17, 41, 3498 }, // U+015C
    { 8, 15, 137, 0, 14, 30, 3539 }, // U+015D
    { 9, 18, 150, 0, 13, 41, 3569 }, // U+015E
    { 8, 15, 137, 0, 10, 30, 3610 }, // U+015F
    { 9, 18, 150, 0, 17, 41, 3640 }, // U+0160
    { 8, 15, 137, 0, 14, 30, 3681 }, // U+0161
    { 10, 18, 157, 0, 13, 45, 3711 }, // U+0162
    { 7, 17, 118, 0, 12, 30, 3756 }, // U+0163
    { 10, 17, 157, 0, 17, 43, 3786 }, // U+0164
    { 10, 14, 118, 0, 13, 35, 3829 }, // U+0165
    { 10, 13, 157, 0, 13, 33, 3864 }, // U+0166
    { 7, 13, 118, 0, 12, 23, 3897 }, // U+0167
    { 11, 17, 206, 1, 16, 47, 3920 }, // U+0168
    { 9, 14, 177, 1, 13, 32, 3967 }, // U+0169
    { 11, 16, 206, 1, 15, 44, 3999 }, // U+016A
    { 9, 13, 177, 1, 12, 30, 4043 }, // U+016B
    { 11, 18, 206, 1, 17, 50, 4073 }, // U+016C
    { 9, 15, 177, 1, 14, 34, 4123 }, // U+016D
    { 11, 19, 206, 1, 18, 53, 4157 }, // U+016E
    { 9, 16, 177, 1, 15, 36, 4210 }, // U+016F
    { 11, 18, 206, 1, 17, 50, 4246 }, // U+0170
    { 9, 15, 177, 1, 14, 34, 4296 }, // U+0171
    { 11, 18, 206, 1, 13, 50, 4330 }, // U+0172
    { 9, 14, 177, 1, 10, 32, 4380 }, // U+0173
    { 17, 17, 263, 0, 17, 73, 4412 }, // U+0174
    { 15, 14, 234, 0, 14, 53, 4485 }, // U+0175
    { 11, 17, 170, 0, 17, 47, 4538 }, // U+0176
    { 10, 19, 155, 0, 14, 48, 4585 }, // U+0177
    { 11, 16, 170, 0, 16, 44, 4633 }, // U+0178
    { 10, 17, 157, 0, 17, 43, 4677 }, // U+0179
    { 8, 14, 134, 0, 14, 28, 4720 }, // U+017A
    { 10, 16, 157, 0, 16, 40, 4748 }, // U+017B
    { 8, 13, 134, 0, 13, 26, 4788 }, // U+017C
    { 10, 17, 157, 0, 17, 43, 4814 }, // U+017D
    { 8, 14, 134, 0, 14, 28, 4857 }, // U+017E
    { 6, 13, 104, 1, 13, 20, 4885 }, // U+017F
    { 15, 14, 223, 0, 13, 53, 0 }, // U+01A0
    { 13, 12, 185, 0, 11, 39, 53 }, // U+01A1
    { 15, 14, 241, 1, 13, 53, 92 }, // U+01AF
    { 13, 12, 206, 1, 11, 39, 145 }, // U+01B0
    { 21, 17, 356, 1, 17, 90, 184 }, // U+01C4
    { 20, 14, 333, 1, 14, 70, 274 }, // U+01C5
    { 19, 15, 306, 0, 14, 72, 344 }, // U+01C6
    { 13, 17, 244, 1, 13, 56, 416 }, // U+01C7
    { 13, 18, 237, 1, 13, 59, 472 }, // U+01C8
    { 9, 18, 166, 1, 13, 41, 531 }, // U+01C9
    { 17, 17, 311, 1, 13, 73, 572 }, // U+01CA
    { 17, 18, 304, 1, 13, 77, 645 }, // U+01CB
    { 15, 18, 262, 1, 13, 68, 722 }, // U+01CC
    { 12, 17, 188, 0, 17, 51, 790 }, // U+01CD
    { 9, 15, 163, 0, 14, 34, 841 }, // U+01CE
    { 8, 17, 106, -1, 17, 34, 875 }, // U+01CF
    { 8, 14, 81, -1, 14, 28, 909 }, // U+01D0
    { 13, 18, 215, 0, 17, 59, 937 }, // U+01D1
    { 10, 15, 170, 0, 14, 38, 996 }, // U+01D2
    { 11, 18, 206, 1, 17, 50, 1034 }, // U+01D3
    { 9, 15, 177, 1, 14, 34, 1084 }, // U+01D4
    { 11, 19, 206, 1, 18, 53, 1118 }, // U+01D5
    { 9, 16, 177, 1, 15, 36, 1171 }, // U+01D6
    { 11, 19, 206, 1, 18, 53, 1207 }, // U+01D7
    { 9, 16, 177, 1, 15, 36, 1260 }, // U+01D8
    { 11, 19, 206, 1, 18, 53, 1296 }, // U+01D9
    { 9, 16, 177, 1, 15, 36, 1349 }, // U+01DA
    { 11, 19, 206, 1, 18, 53, 1385 }, // U+01DB
    { 9, 16, 177, 1, 15, 36, 1438 }, // U+01DC
    { 10, 11, 162, 0, 10, 28, 1474 }, // U+01DD
    { 12, 18, 188, 0, 18, 54, 1502 }, // U+01DE
    { 9, 16, 163, 0, 15, 36, 1556 }, // U+01DF
    { 12, 18, 188, 0, 18, 54, 1592 }, // U+01E0
    { 9, 16, 163, 0, 15, 36, 1646 }, // U+01E1
    { 16, 15, 259, 0, 15, 60, 1682 }, // U+01E2
    { 15, 13, 249, 0, 12, 49, 1742 }, // U+01E3
    { 13, 14, 197, 0, 13, 46, 1791 }, // U+01E4
    { 11, 15, 173, 0, 10, 42, 1837 }, // U+01E5
    { 11, 18, 197, 0, 17, 50, 1879 }, // U+01E6
    { 10, 19, 172, 0, 14, 48, 1929 }, // U+01E7
    { 11, 17, 180, 1, 17, 47, 1977 }, // U+01E8
    { 12, 18, 169, -1, 18, 54, 2024 }, // U+01E9
    { 13, 17, 215, 0, 13, 56, 2078 }, // U+01EA
    { 10, 14, 170, 0, 10, 35, 2134 }, // U+01EB
    { 13, 19, 215, 0, 15, 62, 2169 }, // U+01EC
    { 10, 16, 170, 0, 12, 40, 2231 }, // U+01ED
    { 10, 18, 161, 0, 17, 45, 2271 }, // U+01EE
    { 10, 19, 158, 0, 14, 48, 2316 }, // U+01EF
    { 8, 19, 81, -1, 14, 38, 2364 }, // U+01F0
    { 21, 13, 356, 1, 13, 69, 2402 }, // U+01F1
    { 20, 13, 333, 1, 13, 65, 2471 }, // U+01F2
    { 19, 14, 306, 0, 13, 67, 2536 }, // U+01F3
    { 11, 18, 197, 0, 17, 50, 2603 }, // U+01F4
    { 10, 19, 172, 0, 14, 48, 2653 }, // U+01F5
    { 16, 14, 285, 1, 13, 56, 2701 }, // U+01F6
    { 10, 18, 184, 1, 13, 45, 2757 }, // U+01F7
    { 12, 17, 219, 1, 17, 51, 2802 }, // U+01F8
    { 9, 14, 177, 1, 14, 32, 2853 }, // U+01F9
    { 12, 17, 188, 0, 17, 51, 2885 }, // U+01FA
    { 9, 18, 163, 0, 17, 41, 2936 }, // U+01FB
    { 16, 17, 259, 0, 17, 68, 2977 }, // U+01FC
    { 15, 15, 249, 0, 14, 57, 3045 }, // U+01FD
    { 13, 18, 215, 0, 17, 59, 3102 }, // U+01FE
    { 10, 15, 168, 0, 14, 38, 3161 }, // U+01FF
    { 12, 17, 188, 0, 17, 51, 3199 }, // U+0200
    { 9, 15, 163, 0, 14, 34, 3250 }, // U+0201
    { 12, 17, 188, 0, 17, 51, 3284 }, // U+0202
    { 9, 15, 163, 0, 14, 34, 3335 }, // U+0203
    { 9, 17, 152, 0, 17, 39, 3369 }, // U+0204
    { 10, 15, 162, 0, 14, 38, 3408 }, // U+0205
    { 8, 17, 152, 1, 17, 34, 3446 }, // U+0206
    { 10, 15, 162, 0, 14, 38, 3480 }, // U+0207
    { 9, 17, 106, -2, 17, 39, 3518 }, // U+0208
    { 8, 14, 81, -2, 14, 28, 3557 }, // U+0209
    { 7, 17, 106, 0, 17, 30, 3585 }, // U+020A
    { 7, 14, 81, -1, 14, 25, 3615 }, // U+020B
    { 13, 18, 215, 0, 17, 59, 3640 }, // U+020C
    { 10, 15, 170, 0, 14, 38, 3699 }, // U+020D
    { 13, 18, 215, 0, 17, 59, 3737 }, // U+020E
    { 10, 15, 170, 0, 14, 38, 3796 }, // U+020F
    { 11, 17, 178, 1, 17, 47, 3834 }, // U+0210
    { 9, 14, 122, -1, 14, 32, 3881 }, // U+0211
    { 11, 17, 178, 1, 17, 47, 3913 }, // U+0212
    { 8, 14, 122, 0, 14, 28, 3960 }, // U+0213
    { 11, 18, 206, 1, 17, 50, 3988 }, // U+0214
    { 9, 15, 177, 1, 14, 34, 4038 }, // U+0215
    { 11, 18, 206, 1, 17, 50, 4072 }, // U+0216
    { 9, 15, 177, 1, 14, 34, 4122 }, // U+0217
    { 9, 17, 150, 0, 13, 39, 4156 }, // U+0218
    { 8, 14, 137, 0, 10, 28, 4195 }, // U+0219
    { 10, 17, 157, 0, 13, 43, 4223 }, // U+021A
    { 7, 16, 118, 0, 12, 28, 4266 }, // U+021B
    { 10, 17, 171, 0, 13, 43, 4294 }, // U+021C
    { 8, 15, 138, 0, 10, 30, 4337 }, // U+021D
    { 11, 17, 208, 1, 17, 47, 4367 }, // U+021E
    { 11, 18, 177, -1, 18, 50, 4414 }, // U+021F
    { 6, 4, 0, -10, 14, 6, 0 }, // U+0300
    { 6, 4, 0, -7, 14, 6, 6 }, // U+0301
    { 8, 4, 0, -4, 14, 8, 12 }, // U+0302
    { 8, 3, 0, -10, 13, 6, 20 }, // U+0303
    { 6, 2, 0, -3, 12, 3, 26 }, // U+0304
    { 8, 3, 0, -4, 15, 6, 29 }, // U+0305
    { 8, 4, 0, -4, 14, 8, 35 }, // U+0306
    { 4, 3, 0, -2, 13, 3, 43 }, // U+0307
    { 7, 3, 0, -4, 13, 6, 46 }, // U+0308
    { 5, 5, 0, -8, 15, 7, 52 }, // U+0309
    { 5, 5, 0, -3, 15, 7, 59 }, // U+030A
    { 8, 4, 0, -3, 14, 8, 66 }, // U+030B
    { 8, 4, 0, -4, 14, 8, 74 }, // U+030C
    { 2, 4, 0, -1, 14, 2, 82 }, // U+030D
    { 6, 4, 0, -3, 14, 6, 84 }, // U+030E
    { 8, 4, 0, -10, 14, 8, 90 }, // U+030F
    { 8, 5, 0, -4, 15, 10, 98 }, // U+0310
    { 8, 4, 0, -4, 14, 8, 108 }, // U+0311
    { 4, 6, 0, -2, 13, 6, 116 }, // U+0312
    { 4, 6, 0, -2, 13, 6, 122 }, // U+0313
    { 4, 6, 0, -2, 13, 6, 128 }, // U+0314
    { 4, 6, 0, -2, 13, 6, 134 }, // U+0315
    { 6, 4, 0, -3, 0, 6, 140 }, // U+0316
    { 6, 4, 0, -3, 0, 6, 146 }, // U+0317
    { 4, 4, 0, -2, 0, 4, 152 }, // U+0318
    { 4, 4, 0, -2, 0, 4, 156 }, // U+0319
    { 5, 5, 82, 0, 13, 7, 160 }, // U+031A
    { 5, 4, 0, -2, 13, 5, 167 }, // U+031B
    { 4, 5, 0, -2, 0, 5, 172 }, // U+031C
    { 4, 4, 0, -2, 0, 4, 177 }, // U+031D
    { 4, 4, 0, -2, 0, 4, 181 }, // U+031E
    { 4, 4, 0, -2, 0, 4, 185 }, // U+031F
    { 4, 2, 0, -2, -1, 2, 189 }, // U+0320
    { 4, 6, 0, -4, 1, 6, 191 }, // U+0321
    { 4, 6, 0, 0, 1, 6, 197 }, // U+0322
    { 4, 3, 0, -8, -1, 3, 203 }, // U+0323
    { 7, 3, 0, -4, -1, 6, 206 }, // U+0324
    { 5, 5, 0, -3, 1, 7, 212 }, // U+0325
    { 4, 3, 0, -2, -1, 3, 219 }, // U+0326
    { 4, 5, 0, -2, 0, 5, 222 }, // U+0327
    { 4, 5, 0, -2, 1, 5, 227 }, // U+0328
    { 2, 4, 0, -1, 0, 2, 232 }, // U+0329
    { 8, 4, 0, -4, 0, 8, 234 }, // U+032A
    { 8, 3, 0, -4, -1, 6, 242 }, // U+032B
    { 8, 4, 0, -4, 0, 8, 248 }, // U+032C
    { 8, 4, 0, -4, 0, 8, 256 }, // U+032D
    { 8, 4, 0, -4, 0, 8, 264 }, // U+032E
    { 8, 4, 0, -4, 0, 8, 272 }, // U+032F
    { 8, 3, 0, -4, -1, 6, 280 }, // U+0330
    { 6, 2, 0, -3, -1, 3, 286 }, // U+0331
    { 8, 2, 0, -4, -1, 4, 289 }, // U+0332
    { 8, 4, 0, -4, 0, 8, 293 }, // U+0333
    { 8, 3, 0, -4, 6, 6, 301 }, // U+0334
    { 8, 3, 0, -4, 6, 6, 307 }, // U+0335
    { 14, 3, 0, -7, 6, 11, 313 }, // U+0336
    { 6, 6, 0, -3, 8, 9, 324 }, // U+0337
    { 8, 14, 0, -4, 13, 28, 333 }, // U+0338
    { 4, 5, 0, -2, 0, 5, 361 }, // U+0339
    { 8, 4, 0, -4, 0, 8, 366 }, // U+033A
    { 8, 4, 0, -4, 0, 8, 374 }, // U+033B
    { 8, 3, 0, -4, -1, 6, 382 }, // U+033C
    { 4, 5, 0, -2, 14, 5, 388 }, // U+033D
    { 4, 6, 0, -2, 15, 6, 393 }, // U+033E
    { 8, 4, 0, -4, 17, 8, 399 }, // U+033F
    { 6, 4, 0, -4, 14, 6, 407 }, // U+0340
    { 5, 4, 0, -1, 14, 5, 413 }, // U+0341
    { 8, 3, 0, -4, 13, 6, 418 }, // U+0342
    { 4, 4, 0, -2, 14, 4, 424 }, // U+0343
    { 10, 4, 0, -4, 14, 10, 428 }, // U+0344
    { 4, 5, 0, -1, 0, 5, 438 }, // U+0345
    { 8, 3, 0, -4, 13, 6, 443 }, // U+0346
    { 8, 4, 0, -4, 0, 8, 449 }, // U+0347
    { 6, 4, 0, -3, 0, 6, 457 }, // U+0348
    { 4, 4, 0, -2, -1, 4, 463 }, // U+0349
    { 8, 5, 0, -4, 14, 10, 467 }, // U+034A
    { 8, 8, 0, -4, 17, 16, 477 }, // U+034B
    { 6, 5, 0, -3, 15, 8, 493 }, // U+034C
    { 6, 4, 0, -3, 0, 6, 501 }, // U+034D
    { 4, 5, 0, -2, 0, 5, 507 }, // U+034E
    { 14, 13, 0, -7, 13, 46, 512 }, // U+034F
    { 4, 4, 0, -2, 14, 4, 558 }, // U+0350
    { 3, 5, 0, -1, 14, 4, 562 }, // U+0351
    { 8, 5, 0, -4, 15, 10, 566 }, // U+0352
    { 4, 4, 0, -2, 0, 4, 576 }, // U+0353
    { 4, 5, 0, -2, 0, 5, 580 }, // U+0354
    { 4, 5, 0, -2, 0, 5, 585 }, // U+0355
    { 8, 5, 0, -4, 0, 10, 590 }, // U+0356
    { 3, 5, 0, -1, 14, 4, 600 }, // U+0357
    { 4, 3, 0, 1, 13, 3, 604 }, // U+0358
    { 4, 5, 0, -2, 0, 5, 607 }, // U+0359
    { 8, 5, 0, -4, 0, 10, 612 }, // U+035A
    { 4, 4, 0, -2, 14, 4, 622 }, // U+035B
    { 14, 5, 0, -7, 0, 18, 626 }, // U+035C
    { 14, 5, 0, -7, 14, 18, 644 }, // U+035D
    { 12, 2, 0, -6, 12, 6, 662 }, // U+035E
    { 12, 2, 0, -6, -1, 6, 668 }, // U+035F
    { 14, 3, 0, -7, 13, 11, 674 }, // U+0360
    { 14, 4, 0, -7, 15, 14, 685 }, // U+0361
    { 15, 4, 0, -7, 0, 15, 699 }, // U+0362
    { 4, 5, 0, -2, 15, 5, 714 }, // U+0363
    { 5, 5, 0, -2, 15, 7, 719 }, // U+0364
    { 2, 6, 0, -1, 16, 3, 726 }, // U+0365
    { 5, 5, 0, -2, 15, 7, 729 }, // U+0366
    { 5, 5, 0, -2, 15, 7, 736 }, // U+0367
    { 4, 5, 0, -2, 15, 5, 743 }, // U+0368
    { 5, 6, 0, -2, 16, 8, 748 }, // U+0369
    { 5, 6, 0, -2, 16, 8, 756 }, // U+036A
    { 7, 5, 0, -3, 15, 9, 764 }, // U+036B
    { 3, 5, 0, -1, 15, 4, 773 }, // U+036C
    { 4, 6, 0, -2, 16, 6, 777 }, // U+036D
    { 5, 5, 0, -2, 15, 7, 783 }, // U+036E
    { 6, 5, 0, -3, 15, 8, 790 }, // U+036F
    { 8, 17, 153, 1, 17, 34, 0 }, // U+0400
    { 8, 16, 153, 1, 16, 32, 34 }, // U+0401
    { 13, 14, 208, 0, 13, 46, 66 }, // U+0402
    { 9, 17, 153, 1, 17, 39, 112 }, // U+0403
    { 11, 14, 177, 0, 13, 39, 151 }, // U+0404
    { 9, 14, 149, 0, 13, 32, 190 }, // U+0405
    { 4, 13, 88, 1, 13, 13, 222 }, // U+0406
    { 6, 16, 90, 0, 16, 24, 235 }, // U+0407
    { 7, 17, 90, -2, 13, 30, 259 }, // U+0408
    { 17, 14, 281, 0, 13, 60, 289 }, // U+0409
    { 17, 13, 289, 1, 13, 56, 349 }, // U+040A
    { 13, 13, 212, 0, 13, 43, 405 }, // U+040B
    { 11, 17, 186, 1, 17, 47, 448 }, // U+040C
    { 11, 17, 215, 1, 17, 47, 495 }, // U+040D
    { 11, 17, 175, 0, 16, 47, 542 }, // U+040E
    { 11, 16, 208, 1, 13, 44, 589 }, // U+040F
    { 12, 13, 188, 0, 13, 39, 633 }, // U+0410
    { 10, 13, 177, 1, 13, 33, 672 }, // U+0411
    { 10, 13, 180, 1, 13, 33, 705 }, // U+0412
    { 9, 13, 153, 1, 13, 30, 738 }, // U+0413
    { 14, 16, 211, 0, 13, 56, 768 }, // U+0414
    { 8, 13, 153, 1, 13, 26, 824 }, // U+0415
    { 17, 13, 271, 0, 13, 56, 850 }, // U+0416
    { 10, 14, 161, 0, 13, 35, 906 }, // U+0417
    { 11, 13, 215, 1, 13, 36, 941 }, // U+0418
    { 11, 16, 215, 1, 16, 44, 977 }, // U+0419
    { 11, 13, 188, 1, 13, 36, 1021 }, // U+041A
    { 12, 14, 199, 0, 13, 42, 1057 }, // U+041B
    { 14, 13, 256, 1, 13, 46, 1099 }, // U+041C
    { 11, 13, 209, 1, 13, 36, 1145 }, // U+041D
    { 13, 14, 211, 0, 13, 46, 1181 }, // U+041E
    { 11, 13, 207, 1, 13, 36, 1227 }, // U+041F
    { 9, 13, 169, 1, 13, 30, 1263 }, // U+0420
    { 11, 14, 175, 0, 13, 39, 1293 }, // U+0421
    { 10, 13, 157, 0, 13, 33, 1332 }, // U+0422
    { 11, 14, 175, 0, 13, 39, 1365 }, // U+0423
    { 15, 14, 245, 0, 13, 53, 1404 }, // U+0424
    { 12, 13, 181, 0, 13, 39, 1457 }, // U+0425
    { 13, 16, 211, 1, 13, 52, 1496 }, // U+0426
    { 10, 13, 196, 1, 13, 33, 1548 }, // U+0427
    { 16, 13, 290, 1, 13, 52, 1581 }, // U+0428
    { 18, 16, 292, 1, 13, 72, 1633 }, // U+0429
    { 13, 13, 205, 0, 13, 43, 1705 }, // U+042A
    { 14, 13, 250, 1, 13, 46, 1748 }, // U+042B
    { 10, 13, 175, 1, 13, 33, 1794 }, // U+042C
    { 11, 14, 178, 0, 13, 39, 1827 }, // U+042D
    { 16, 14, 277, 1, 13, 56, 1866 }, // U+042E
    { 11, 13, 185, 0, 13, 36, 1922 }, // U+042F
    { 9, 11, 162, 0, 10, 25, 1958 }, // U+0430
    { 10, 15, 170, 0, 14, 38, 1983 }, // U+0431
    { 9, 10, 162, 1, 10, 23, 2021 }, // U+0432
    { 7, 10, 129, 1, 10, 18, 2044 }, // U+0433
    { 11, 13, 173, 0, 10, 36, 2062 }, // U+0434
    { 10, 11, 159, 0, 10, 28, 2098 }, // U+0435
    { 15, 10, 236, 0, 10, 38, 2126 }, // U+0436
    { 9, 11, 140, 0, 10, 25, 2164 }, // U+0437
    { 10, 10, 183, 1, 10, 25, 2189 }, // U+0438
    { 10, 14, 183, 1, 14, 35, 2214 }, // U+0439
    { 10, 10, 168, 1, 10, 25, 2249 }, // U+043A
    { 10, 11, 169, 0, 10, 28, 2274 }, // U+043B
    { 12, 10, 228, 1, 10, 30, 2302 }, // U+043C
    { 9, 10, 178, 1, 10, 23, 2332 }, // U+043D
    { 10, 11, 169, 0, 10, 28, 2355 }, // U+043E
    { 9, 10, 177, 1, 10, 23, 2383 }, // U+043F
    { 10, 15, 173, 1, 10, 38, 2406 }, // U+0440
    { 9, 11, 143, 0, 10, 25, 2444 }, // U+0441
    { 9, 10, 137, 0, 10, 23, 2469 }, // U+0442
    { 11, 15, 155, -1, 10, 42, 2492 }, // U+0443
    { 14, 18, 220, 0, 13, 63, 2534 }, // U+0444
    { 10, 10, 157, 0, 10, 25, 2597 }, // U+0445
    { 10, 13, 177, 1, 10, 33, 2622 }, // U+0446
    { 9, 10, 173, 1, 10, 23, 2655 }, // U+0447
    { 14, 10, 259, 1, 10, 35, 2678 }, // U+0448
    { 16, 13, 259, 1, 10, 52, 2713 }, // U+0449
    { 11, 10, 183, 0, 10, 28, 2765 }, // U+044A
    { 13, 10, 232, 1, 10, 33, 2793 }, // U+044B
    { 9, 10, 161, 1, 10, 23, 2826 }, // U+044C
    { 9, 11, 143, 0, 10, 25, 2849 }, // U+044D
    { 13, 11, 231, 1, 10, 36, 2874 }, // U+044E
    { 10, 10, 165, 0, 10, 25, 2910 }, // U+044F
    { 10, 15, 159, 0, 14, 38, 2935 }, // U+0450
    { 10, 14, 159, 0, 13, 35, 2973 }, // U+0451
    { 10, 18, 178, 0, 13, 45, 3008 }, // U+0452
    { 8, 14, 131, 1, 14, 28, 3053 }, // U+0453
    { 9, 11, 143, 0, 10, 25, 3081 }, // U+0454
    { 8, 11, 135, 0, 10, 22, 3106 }, // U+0455
    { 3, 13, 84, 1, 13, 10, 3128 }, // U+0456
    { 5, 13, 81, 0, 13, 17, 3138 }, // U+0457
    { 5, 18, 81, -1, 13, 23, 3155 }, // U+0458
    { 15, 11, 244, 0, 10, 42, 3178 }, // U+0459
    { 15, 10, 252, 1, 10, 38, 3220 }, // U+045A
    { 10, 13, 178, 0, 13, 33, 3258 }, // U+045B
    { 10, 14, 168, 1, 14, 35, 3291 }, // U+045C
    { 10, 14, 183, 1, 14, 35, 3326 }, // U+045D
    { 11, 19, 155, -1, 14, 53, 3361 }, // U+045E
    { 9, 13, 177, 1, 10, 30, 3414 }, // U+045F
    { 16, 13, 259, 0, 13, 52, 3444 }, // U+0460
    { 15, 10, 241, 0, 10, 38, 3496 }, // U+0461
    { 11, 13, 183, 0, 13, 36, 3534 }, // U+0462
    { 11, 12, 181, 0, 12, 33, 3570 }, // U+0463
    { 15, 14, 258, 1, 13, 53, 3603 }, // U+0464
    { 13, 11, 218, 1, 10, 36, 3656 }, // U+0465
    { 13, 13, 199, 0, 13, 43, 3692 }, // U+0466
    { 11, 10, 174, 0, 10, 28, 3735 }, // U+0467
    { 17, 13, 273, 1, 13, 56, 3763 }, // U+0468
    { 15, 10, 245, 1, 10, 38, 3819 }, // U+0469
    { 14, 13, 219, 0, 13, 46, 3857 }, // U+046A
    { 11, 10, 169, 0, 10, 28, 3903 }, // U+046B
    { 17, 13, 292, 1, 13, 56, 3931 }, // U+046C
    { 14, 10, 239, 1, 10, 35, 3987 }, // U+046D
    { 11, 19, 172, 0, 15, 53, 4022 }, // U+046E
    { 9, 16, 151, 0, 12, 36, 4075 }, // U+046F
    { 13, 13, 240, 1, 13, 43, 4111 }, // U+0470
    { 13, 18, 229, 1, 13, 59, 4154 }, // U+0471
    { 13, 14, 215, 0, 13, 46, 4213 }, // U+0472
    { 10, 11, 168, 0, 10, 28, 4259 }, // U+0473
    { 12, 13, 195, 0, 13, 39, 4287 }, // U+0474
    { 11, 10, 165, 0, 10, 28, 4326 }, // U+0475
    { 12, 17, 195, 0, 17, 51, 4354 }, // U+0476
    { 11, 14, 165, 0, 14, 39, 4405 }, // U+0477
    { 23, 18, 359, 0, 13, 104, 4444 }, // U+0478
    { 20, 15, 320, 0, 10, 75, 4548 }, // U+0479
    { 14, 16, 226, 0, 14, 56, 4623 }, // U+047A
    { 11, 12, 186, 0, 11, 33, 4679 }, // U+047B
    { 18, 20, 296, 0, 19, 90, 4712 }, // U+047C
    { 16, 17, 261, 0, 16, 68, 4802 }, // U+047D
    { 16, 16, 260, 0, 16, 64, 4870 }, // U+047E
    { 15, 13, 241, 0, 13, 49, 4934 }, // U+047F
    { 11, 18, 184, 0, 13, 50, 4983 }, // U+0480
    { 9, 15, 143, 0, 10, 34, 5033 }, // U+0481
    { 10, 12, 166, 0, 11, 30, 5067 }, // U+0482
    { 7, 4, 0, -8, 13, 7, 5097 }, // U+0483
    { 7, 3, 0, -8, 13, 6, 5104 }, // U+0484
    { 3, 4, 0, -6, 14, 3, 5110 }, // U+0485
    { 3, 4, 0, -6, 14, 3, 5113 }, // U+0486
    { 8, 4, 0, -4, 16, 8, 5116 }, // U+0487
    { 20, 19, 0, -10, 14, 95, 5124 }, // U+0488
    { 20, 19, 0, -10, 14, 95, 5219 }, // U+0489
    { 15, 21, 249, 1, 17, 79, 5314 }, // U+048A
    { 13, 18, 218, 1, 14, 59, 5393 }, // U+048B
    { 11, 13, 174, 0, 13, 36, 5452 }, // U+048C
    { 10, 13, 167, 0, 13, 33, 5488 }, // U+048D
    { 9, 13, 171, 1, 13, 30, 5521 }, // U+048E
    { 9, 15, 172, 1, 10, 34, 5551 }, // U+048F
    { 9, 15, 157, 1, 15, 34, 5585 }, // U+0490
    { 8, 12, 139, 1, 12, 24, 5619 }, // U+0491
    { 10, 13, 152, 0, 13, 33, 5643 }, // U+0492
    { 8, 10, 134, 0, 10, 20, 5676 }, // U+0493
    { 11, 18, 200, 1, 13, 50, 5696 }, // U+0494
    { 9, 15, 164, 1, 10, 34, 5746 }, // U+0495
    { 18, 17, 280, 0, 13, 77, 5780 }, // U+0496
    { 17, 14, 255, -1, 10, 60, 5857 }, // U+0497
    { 10, 17, 161, 0, 13, 43, 5917 }, // U+0498
    { 9, 14, 140, 0, 10, 32, 5960 }, // U+0499
    { 12, 17, 206, 1, 13, 51, 5992 }, // U+049A
    { 10, 14, 179, 1, 10, 35, 6043 }, // U+049B
    { 11, 13, 182, 1, 13, 36, 6078 }, // U+049C
    { 10, 10, 168, 1, 10, 25, 6114 }, // U+049D
    { 12, 13, 188, 0, 13, 39, 6139 }, // U+049E
    { 11, 13, 171, 0, 13, 36, 6178 }, // U+049F
    { 13, 13, 199, 0, 13, 43, 6214 }, // U+04A0
    { 12, 10, 189, 0, 10, 30, 6257 }, // U+04A1
    { 13, 17, 229, 1, 13, 56, 6287 }, // U+04A2
    { 12, 14, 202, 1, 10, 42, 6343 }, // U+04A3
    { 14, 13, 227, 1, 13, 46, 6385 }, // U+04A4
    { 12, 10, 206, 1, 10, 30, 6431 }, // U+04A5
    { 18, 18, 306, 1, 13, 81, 6461 }, // U+04A6
    { 14, 15, 242, 1, 10, 53, 6542 }, // U+04A7
    { 13, 14, 211, 0, 13, 46, 6595 }, // U+04A8
    { 11, 11, 178, 0, 10, 31, 6641 }, // U+04A9
    { 11, 17, 175, 0, 13, 47, 6672 }, // U+04AA
    { 9, 14, 140, 0, 10, 32, 6719 }, // U+04AB
    { 10, 17, 157, 0, 13, 43, 6751 }, // U+04AC
    { 10, 14, 150, 0, 10, 35, 6794 }, // U+04AD
    { 11, 13, 170, 0, 13, 36, 6829 }, // U+04AE
    { 10, 15, 156, 0, 10, 38, 6865 }, // U+04AF
    { 11, 13, 170, 0, 13, 36, 6903 }, // U+04B0
    { 10, 15, 156, 0, 10, 38, 6939 }, // U+04B1
    { 13, 17, 202, 0, 13, 56, 6977 }, // U+04B2
    { 11, 14, 172, 0, 10, 39, 7033 }, // U+04B3
    { 16, 17, 253, 0, 13, 68, 7072 }, // U+04B4
    { 14, 14, 215, 0, 10, 49, 7140 }, // U+04B5
    { 14, 17, 219, 0, 13, 60, 7189 }, // U+04B6
    { 12, 14, 197, 1, 10, 42, 7249 }, // U+04B7
    { 11, 13, 200, 1, 13, 36, 7291 }, // U+04B8
    { 10, 10, 179, 0, 10, 25, 7327 }, // U+04B9
    { 11, 13, 200, 1, 13, 36, 7352 }, // U+04BA
    { 9, 13, 177, 1, 13, 30, 7388 }, // U+04BB
    { 15, 14, 258, 0, 13, 53, 7418 }, // U+04BC
    { 13, 11, 193, -1, 10, 36, 7471 }, // U+04BD
    { 15, 17, 258, 0, 13, 64, 7507 }, // U+04BE
    { 13, 14, 193, -1, 10, 46, 7571 }, // U+04BF
    { 7, 13, 106, 0, 13, 23, 7617 }, // U+04C0
    { 17, 16, 272, 0, 16, 68, 7640 }, // U+04C1
    { 15, 14, 236, 0, 14, 53, 7708 }, // U+04C2
    { 12, 18, 207, 1, 13, 54, 7761 }, // U+04C3
    { 10, 15, 178, 1, 10, 38, 7815 }, // U+04C4
    { 14, 17, 228, 0, 13, 60, 7853 }, // U+04C5
    { 13, 14, 198, 0, 10, 46, 7913 }, // U+04C6
    { 11, 18, 208, 1, 13, 50, 7959 }, // U+04C7
    { 9, 15, 180, 1, 10, 34, 8009 }, // U+04C8
    { 14, 17, 233, 1, 13, 60, 8043 }, // U+04C9
    { 12, 14, 202, 1, 10, 42, 8103 }, // U+04CA
    { 11, 17, 200, 1, 13, 47, 8145 }, // U+04CB
    { 9, 14, 178, 1, 10, 32, 8192 }, // U+04CC
    { 17, 17, 282, 1, 13, 73, 8224 }, // U+04CD
    { 15, 14, 252, 1, 10, 53, 8297 }, // U+04CE
    { 7, 13, 106, 0, 13, 23, 8350 }, // U+04CF
    { 12, 16, 188, 0, 16, 48, 8373 }, // U+04D0
    { 9, 15, 163, 0, 14, 34, 8421 }, // U+04D1
    { 12, 16, 188, 0, 16, 48, 8455 }, // U+04D2
    { 9, 14, 163, 0, 13, 32, 8503 }, // U+04D3
    { 16, 13, 259, 0, 13, 52, 8535 }, // U+04D4
    { 15, 11, 249, 0, 10, 42, 8587 }, // U+04D5
    { 8, 16, 152, 1, 16, 32, 8629 }, // U+04D6
    { 10, 15, 162, 0, 14, 38, 8661 }, // U+04D7
    { 12, 14, 222, 1, 13, 42, 8699 }, // U+04D8
    { 10, 11, 162, 0, 10, 28, 8741 }, // U+04D9
    { 12, 17, 222, 1, 16, 51, 8769 }, // U+04DA
    { 10, 14, 162, 0, 13, 35, 8820 }, // U+04DB
    { 17, 16, 272, 0, 16, 68, 8855 }, // U+04DC
    { 15, 13, 236, 0, 13, 49, 8923 }, // U+04DD
    { 10, 17, 161, 0, 16, 43, 8972 }, // U+04DE
    { 9, 14, 140, 0, 13, 32, 9015 }, // U+04DF
    { 10, 14, 161, 0, 13, 35, 9047 }, // U+04E0
    { 10, 15, 158, 0, 10, 38, 9082 }, // U+04E1
    { 11, 15, 215, 1, 15, 42, 9120 }, // U+04E2
    { 10, 12, 183, 1, 12, 30, 9162 }, // U+04E3
    { 11, 16, 215, 1, 16, 44, 9192 }, // U+04E4
    { 10, 13, 183, 1, 13, 33, 9236 }, // U+04E5
    { 13, 17, 215, 0, 16, 56, 9269 }, // U+04E6
    { 10, 14, 170, 0, 13, 35, 9325 }, // U+04E7
    { 13, 14, 215, 0, 13, 46, 9360 }, // U+04E8
    { 10, 11, 170, 0, 10, 28, 9406 }, // U+04E9
    { 13, 17, 215, 0, 16, 56, 9434 }, // U+04EA
    { 10, 14, 170, 0, 13, 35, 9490 }, // U+04EB
    { 11, 17, 177, 0, 16, 47, 9525 }, // U+04EC
    { 9, 14, 143, 0, 13, 32, 9572 }, // U+04ED
    { 11, 16, 175, 0, 15, 44, 9604 }, // U+04EE
    { 11, 17, 155, -1, 12, 47, 9648 }, // U+04EF
    { 11, 17, 175, 0, 16, 47, 9695 }, // U+04F0
    { 11, 18, 155, -1, 13, 50, 9742 }, // U+04F1
    { 11, 18, 175, 0, 17, 50, 9792 }, // U+04F2
    { 10, 19, 155, 0, 14, 48, 9842 }, // U+04F3
    { 10, 16, 196, 1, 16, 40, 9890 }, // U+04F4
    { 9, 13, 173, 1, 13, 30, 9930 }, // U+04F5
    { 9, 17, 153, 1, 13, 39, 9960 }, // U+04F6
    { 7, 14, 130, 1, 10, 25, 9999 }, // U+04F7
    { 14, 16, 250, 1, 16, 56, 10024 }, // U+04F8
    { 13, 13, 232, 1, 13, 43, 10080 }, // U+04F9
    { 10, 18, 152, 0, 13, 45, 10123 }, // U+04FA
    { 8, 14, 134, 0, 10, 28, 10168 }, // U+04FB
    { 13, 18, 199, 0, 13, 59, 10196 }, // U+04FC
    { 11, 14, 175, 0, 10, 39, 10255 }, // U+04FD
    { 12, 13, 182, 0, 13, 39, 10294 }, // U+04FE
    { 10, 10, 157, 0, 10, 25, 10333 }, // U+04FF
    { 12, 17, 188, 0, 13, 51, 0 }, // U+1EA0
    { 9, 14, 163, 0, 10, 32, 51 }, // U+1EA1
    { 12, 18, 188, 0, 18, 54, 83 }, // U+1EA2
    { 9, 16, 163, 0, 15, 36, 137 }, // U+1EA3
    { 12, 17, 188, 0, 17, 51, 173 }, // U+1EA4
    { 11, 15, 163, 0, 14, 42, 224 }, // U+1EA5
    { 12, 17, 188, 0, 17, 51, 266 }, // U+1EA6
    { 10, 15, 163, -1, 14, 38, 317 }, // U+1EA7
    { 12, 18, 188, 0, 18, 54, 355 }, // U+1EA8
    { 10, 16, 163, 0, 15, 40, 409 }, // U+1EA9
    { 12, 18, 188, 0, 18, 54, 449 }, // U+1EAA
    { 9, 17, 163, 0, 16, 39, 503 }, // U+1EAB
    { 12, 21, 188, 0, 17, 63, 542 }, // U+1EAC
    { 9, 18, 163, 0, 14, 41, 605 }, // U+1EAD
    { 12, 18, 188, 0, 18, 54, 646 }, // U+1EAE
    { 9, 16, 163, 0, 15, 36, 700 }, // U+1EAF
    { 12, 18, 188, 0, 18, 54, 736 }, // U+1EB0
    { 9, 16, 163, 0, 15, 36, 790 }, // U+1EB1
    { 12, 18, 188, 0, 18, 54, 826 }, // U+1EB2
    { 9, 16, 163, 0, 15, 36, 880 }, // U+1EB3
    { 12, 18, 188, 0, 18, 54, 916 }, // U+1EB4
    { 9, 17, 163, 0, 16, 39, 970 }, // U+1EB5
    { 12, 21, 188, 0, 17, 63, 1009 }, // U+1EB6
    { 9, 18, 163, 0, 14, 41, 1072 }, // U+1EB7
    { 8, 17, 152, 1, 13, 34, 1113 }, // U+1EB8
    { 10, 14, 162, 0, 10, 35, 1147 }, // U+1EB9
    { 8, 18, 152, 1, 18, 36, 1182 }, // U+1EBA
    { 10, 16, 162, 0, 15, 40, 1218 }, // U+1EBB
    { 8, 16, 152, 1, 16, 32, 1258 }, // U+1EBC
    { 10, 14, 162, 0, 13, 35, 1290 }, // U+1EBD
    { 10, 17, 152, 1, 17, 43, 1325 }, // U+1EBE
    { 11, 15, 162, 0, 14, 42, 1368 }, // U+1EBF
    { 11, 17, 152, -2, 17, 47, 1410 }, // U+1EC0
    { 11, 15, 162, -1, 14, 42, 1457 }, // U+1EC1
    { 9, 18, 152, 1, 18, 41, 1499 }, // U+1EC2
    { 10, 16, 162, 0, 15, 40, 1540 }, // U+1EC3
    { 8, 18, 152, 1, 18, 36, 1580 }, // U+1EC4
    { 10, 17, 162, 0, 16, 43, 1616 }, // U+1EC5
    { 8, 21, 152, 1, 17, 42, 1659 }, // U+1EC6
    { 10, 18, 162, 0, 14, 45, 1701 }, // U+1EC7
    { 7, 17, 106, 0, 17, 30, 1746 }, // U+1EC8
    { 5, 15, 81, 0, 15, 19, 1776 }, // U+1EC9
    { 7, 17, 106, 0, 13, 30, 1795 }, // U+1ECA
    { 3, 17, 81, 1, 13, 13, 1825 }, // U+1ECB
    { 13, 17, 215, 0, 13, 56, 1838 }, // U+1ECC
    { 10, 14, 170, 0, 10, 35, 1894 }, // U+1ECD
    { 13, 18, 215, 0, 17, 59, 1929 }, // U+1ECE
    { 10, 16, 170, 0, 15, 40, 1988 }, // U+1ECF
    { 13, 18, 215, 0, 17, 59, 2028 }, // U+1ED0
    { 11, 15, 170, 0, 14, 42, 2087 }, // U+1ED1
    { 13, 18, 215, 0, 17, 59, 2129 }, // U+1ED2
    { 11, 15, 170, -1, 14, 42, 2188 }, // U+1ED3
    { 13, 19, 215, 0, 18, 62, 2230 }, // U+1ED4
    { 11, 16, 170, 0, 15, 44, 2292 }, // U+1ED5
    { 13, 19, 215, 0, 18, 62, 2336 }, // U+1ED6
    { 10, 17, 170, 0, 16, 43, 2398 }, // U+1ED7
    { 13, 21, 215, 0, 17, 69, 2441 }, // U+1ED8
    { 10, 18, 170, 0, 14, 45, 2510 }, // U+1ED9
    { 15, 18, 223, 0, 17, 68, 2555 }, // U+1EDA
    { 13, 15, 185, 0, 14, 49, 2623 }, // U+1EDB
    { 15, 18, 223, 0, 17, 68, 2672 }, // U+1EDC
    { 13, 15, 185, 0, 14, 49, 2740 }, // U+1EDD
    { 15, 19, 223, 0, 18, 72, 2789 }, // U+1EDE
    { 13, 16, 185, 0, 15, 52, 2861 }, // U+1EDF
    { 15, 17, 223, 0, 16, 64, 2913 }, // U+1EE0
    { 13, 14, 185, 0, 13, 46, 2977 }, // U+1EE1
    { 15, 17, 223, 0, 13, 64, 3023 }, // U+1EE2
    { 13, 15, 185, 0, 11, 49, 3087 }, // U+1EE3
    { 11, 17, 206, 1, 13, 47, 3136 }, // U+1EE4
    { 9, 14, 177, 1, 10, 32, 3183 }, // U+1EE5
    { 11, 18, 206, 1, 17, 50, 3215 }, // U+1EE6
    { 9, 16, 177, 1, 15, 36, 3265 }, // U+1EE7
    { 15, 18, 241, 1, 17, 68, 3301 }, // U+1EE8
    { 13, 15, 206, 1, 14, 49, 3369 }, // U+1EE9
    { 15, 18, 241, 1, 17, 68, 3418 }, // U+1EEA
    { 13, 15, 206, 1, 14, 49, 3486 }, // U+1EEB
    { 15, 18, 241, 1, 17, 68, 3535 }, // U+1EEC
    { 13, 16, 206, 1, 15, 52, 3603 }, // U+1EED
    { 15, 17, 241, 1, 16, 64, 3655 }, // U+1EEE
    { 13, 14, 206, 1, 13, 46, 3719 }, // U+1EEF
    { 15, 17, 241, 1, 13, 64, 3765 }, // U+1EF0
    { 13, 15, 206, 1, 11, 49, 3829 }, // U+1EF1
    { 11, 17, 170, 0, 17, 47, 3878 }, // U+1EF2
    { 10, 19, 155, 0, 14, 48, 3925 }, // U+1EF3
    { 11, 17, 170, 0, 13, 47, 3973 }, // U+1EF4
    { 10, 15, 155, 0, 10, 38, 4020 }, // U+1EF5
    { 11, 17, 170, 0, 17, 47, 4058 }, // U+1EF6
    { 10, 20, 155, 0, 15, 50, 4105 }, // U+1EF7
    { 11, 16, 170, 0, 16, 44, 4155 }, // U+1EF8
    { 10, 18, 155, 0, 13, 45, 4199 }, // U+1EF9
    { 0, 0, 136, 0, 0, 0, 0 }, // U+2000
    { 0, 0, 272, 0, 0, 0, 0 }, // U+2001
    { 0, 0, 136, 0, 0, 0, 0 }, // U+2002
    { 0, 0, 272, 0, 0, 0, 0 }, // U+2003
    { 0, 0, 91, 0, 0, 0, 0 }, // U+2004
    { 0, 0, 68, 0, 0, 0, 0 }, // U+2005
    { 0, 0, 45, 0, 0, 0, 0 }, // U+2006
    { 0, 0, 156, 0, 0, 0, 0 }, // U+2007
    { 0, 0, 76, 0, 0, 0, 0 }, // U+2008
    { 0, 0, 45, 0, 0, 0, 0 }, // U+2009
    { 0, 0, 27, 0, 0, 0, 0 }, // U+200A
    { 0, 0, 0, 0, 0, 0, 0 }, // U+200B
    { 0, 0, 0, 0, 0, 0, 0 }, // U+200C
    { 0, 0, 0, 0, 0, 0, 0 }, // U+200D
    { 5, 15, 0, -1, 12, 19, 0 }, // U+200E
    { 5, 15, 0, -4, 12, 19, 19 }, // U+200F
    { 5, 3, 87, 0, 6, 4, 38 }, // U+2010
    { 5, 3, 87, 0, 6, 4, 42 }, // U+2011
    { 10, 2, 157, 0, 7, 5, 46 }, // U+2012
    { 8, 3, 136, 0, 6, 6, 51 }, // U+2013
    { 17, 3, 272, 0, 6, 13, 57 }, // U+2014
    { 17, 3, 272, 0, 6, 13, 70 }, // U+2015
    { 7, 17, 150, 1, 13, 30, 83 }, // U+2016
    { 9, 4, 112, -1, 0, 9, 113 }, // U+2017
    { 4, 6, 59, 0, 13, 6, 122 }, // U+2018
    { 4, 6, 59, 0, 13, 6, 128 }, // U+2019
    { 4, 6, 78, 0, 3, 6, 134 }, // U+201A
    { 4, 6, 59, 0, 13, 6, 140 }, // U+201B
    { 8, 6, 121, 0, 13, 12, 146 }, // U+201C
    { 8, 6, 121, 0, 13, 12, 158 }, // U+201D
    { 8, 6, 140, 0, 3, 12, 170 }, // U+201E
    { 8, 6, 121, 0, 13, 12, 182 }, // U+201F
    { 8, 13, 140, 0, 13, 26, 194 }, // U+2020
    { 8, 13, 141, 0, 13, 26, 220 }, // U+2021
    { 6, 6, 102, 0, 9, 9, 246 }, // U+2022
    { 7, 7, 102, 0, 10, 13, 255 }, // U+2023
    { 4, 4, 136, 2, 3, 4, 268 }, // U+2024
    { 9, 4, 156, 0, 3, 9, 272 }, // U+2025
    { 14, 4, 233, 0, 3, 14, 281 }, // U+2026
    { 4, 4, 76, 0, 6, 4, 295 }, // U+2027
    { 0, 0, 163, 0, 0, 0, 299 }, // U+2028
    { 0, 0, 163, 0, 0, 0, 299 }, // U+2029
    { 5, 14, 0, -1, 11, 18, 299 }, // U+202A
    { 5, 14, 0, -4, 11, 18, 317 }, // U+202B
    { 4, 15, 0, -2, 12, 15, 335 }, // U+202C
    { 4, 15, 0, -2, 12, 15, 350 }, // U+202D
    { 4, 15, 0, -2, 12, 15, 365 }, // U+202E
    { 0, 0, 45, 0, 0, 0, 380 }, // U+202F
    { 22, 14, 348, 0, 13, 77, 380 }, // U+2030
    { 28, 14, 453, 0, 13, 98, 457 }, // U+2031
    { 6, 6, 82, 0, 13, 9, 555 }, // U+2032
    { 10, 6, 143, 0, 13, 15, 564 }, // U+2033
    { 13, 6, 203, 0, 13, 20, 579 }, // U+2034
    { 6, 6, 115, 0, 13, 9, 599 }, // U+2035
    { 10, 6, 175, 0, 13, 15, 608 }, // U+2036
    { 13, 6, 235, 0, 13, 20, 623 }, // U+2037
    { 7, 7, 111, 0, 2, 13, 643 }, // U+2038
    { 6, 9, 99, 0, 9, 14, 656 }, // U+2039
    { 6, 9, 99, 0, 9, 14, 670 }, // U+203A
    { 14, 14, 231, 0, 13, 49, 684 }, // U+203B
    { 9, 14, 155, 0, 13, 32, 733 }, // U+203C
    { 8, 14, 130, 0, 13, 28, 765 }, // U+203D
    { 10, 3, 136, -1, 15, 8, 793 }, // U+203E
    { 11, 5, 166, 0, 0, 14, 801 }, // U+203F
    { 11, 5, 166, 0, 14, 14, 815 }, // U+2040
    { 7, 12, 115, 0, 7, 21, 829 }, // U+2041
    { 19, 16, 304, 0, 13, 76, 850 }, // U+2042
    { 6, 3, 87, 0, 6, 5, 926 }, // U+2043
    { 10, 13, 35, -4, 13, 33, 931 }, // U+2044
    { 5, 16, 90, 1, 13, 20, 964 }, // U+2045
    { 5, 16, 90, 0, 13, 20, 984 }, // U+2046
    { 16, 14, 258, 0, 13, 56, 1004 }, // U+2047
    { 12, 14, 208, 0, 13, 42, 1060 }, // U+2048
    { 13, 14, 208, 0, 13, 46, 1102 }, // U+2049
    { 9, 10, 160, 0, 10, 23, 1148 }, // U+204A
    { 10, 16, 176, 1, 13, 40, 1171 }, // U+204B
    { 10, 10, 178, 0, 10, 25, 1211 }, // U+204C
    { 10, 10, 178, 1, 10, 25, 1236 }, // U+204D
    { 9, 9, 147, 0, 5, 21, 1261 }, // U+204E
    { 5, 13, 78, 0, 10, 17, 1282 }, // U+204F
    { 11, 19, 163, 0, 14, 53, 1299 }, // U+2050
    { 9, 18, 147, 0, 13, 41, 1352 }, // U+2051
    { 8, 14, 115, 0, 13, 28, 1393 }, // U+2052
    { 17, 4, 272, 0, 7, 17, 1421 }, // U+2053
    { 11, 4, 163, 0, 0, 11, 1438 }, // U+2054
    { 10, 9, 152, 0, 9, 23, 1449 }, // U+2055
    { 9, 14, 157, 0, 13, 32, 1472 }, // U+2056
    { 17, 6, 254, 0, 13, 26, 1504 }, // U+2057
    { 14, 14, 237, 0, 13, 49, 1530 }, // U+2058
    { 14, 14, 237, 0, 13, 49, 1579 }, // U+2059
    { 4, 14, 78, 0, 13, 14, 1628 }, // U+205A
    { 11, 15, 188, 0, 14, 42, 1642 }, // U+205B
    { 14, 14, 232, 0, 13, 49, 1684 }, // U+205C
    { 4, 14, 76, 0, 13, 14, 1733 }, // U+205D
    { 4, 14, 78, 0, 13, 14, 1747 }, // U+205E
    { 0, 0, 60, 0, 0, 0, 1761 }, // U+205F
    { 0, 0, 163, 0, 0, 0, 1761 }, // U+2060
    { 0, 0, 163, 0, 0, 0, 1761 }, // U+2061
    { 0, 0, 163, 0, 0, 0, 1761 }, // U+2062
    { 0, 0, 163, 0, 0, 0, 1761 }, // U+2063
    { 0, 0, 163, 0, 0, 0, 1761 }, // U+2064
    { 0, 0, 0, 0, 0, 0, 1761 }, // U+2066
    { 0, 0, 0, 0, 0, 0, 1761 }, // U+2067
    { 0, 0, 0, 0, 0, 0, 1761 }, // U+2068
    { 0, 0, 0, 0, 0, 0, 1761 }, // U+2069
    { 4, 15, 0, -2, 12, 15, 1761 }, // U+206A
    { 4, 15, 0, -2, 12, 15, 1776 }, // U+206B
    { 4, 15, 0, -2, 12, 15, 1791 }, // U+206C
    { 4, 15, 0, -2, 12, 15, 1806 }, // U+206D
    { 4, 15, 0, -2, 12, 15, 1821 }, // U+206E
    { 4, 15, 0, -2, 12, 15, 1836 }, // U+206F
    { 7, 9, 103, 0, 15, 16, 0 }, // U+2070
    { 3, 9, 53, 0, 13, 7, 16 }, // U+2071
    { 7, 8, 103, 0, 15, 14, 23 }, // U+2074
    { 6, 9, 103, 0, 15, 14, 37 }, // U+2075
    { 7, 9, 103, 0, 15, 16, 51 }, // U+2076
    { 7, 8, 103, 0, 15, 14, 67 }, // U+2077
    { 7, 9, 103, 0, 15, 16, 81 }, // U+2078
    { 7, 9, 103, 0, 15, 16, 97 }, // U+2079
    { 6, 6, 98, 0, 13, 9, 113 }, // U+207A
    { 6, 2, 98, 0, 11, 3, 122 }, // U+207B
    { 6, 4, 98, 0, 12, 6, 125 }, // U+207C
    { 4, 11, 66, 1, 16, 11, 131 }, // U+207D
    { 4, 11, 66, 0, 16, 11, 142 }, // U+207E
    { 7, 7, 115, 0, 11, 13, 153 }, // U+207F
    { 7, 9, 103, 0, 6, 16, 166 }, // U+2080
    { 5, 8, 103, 0, 6, 10, 182 }, // U+2081
    { 6, 8, 103, 0, 6, 12, 192 }, // U+2082
    { 6, 9, 103, 0, 6, 14, 204 }, // U+2083
    { 7, 8, 103, 0, 6, 14, 218 }, // U+2084
    { 6, 9, 103, 0, 6, 14, 232 }, // U+2085
    { 7, 9, 103, 0, 6, 16, 246 }, // U+2086
    { 7, 8, 103, 0, 6, 14, 262 }, // U+2087
    { 7, 9, 103, 0, 6, 16, 276 }, // U+2088
    { 7, 9, 103, 0, 6, 16, 292 }, // U+2089
    { 6, 6, 98, 0, 4, 9, 308 }, // U+208A
    { 6, 2, 98, 0, 2, 3, 317 }, // U+208B
    { 6, 4, 98, 0, 3, 6, 320 }, // U+208C
    { 4, 11, 66, 1, 7, 11, 326 }, // U+208D
    { 4, 11, 66, 0, 7, 11, 337 }, // U+208E
    { 6, 7, 106, 0, 5, 11, 348 }, // U+2090
    { 7, 7, 106, 0, 5, 13, 359 }, // U+2091
    { 7, 7, 110, 0, 5, 13, 372 }, // U+2092
    { 7, 6, 102, 0, 4, 11, 385 }, // U+2093
    { 7, 7, 106, 0, 5, 13, 396 }, // U+2094
    { 7, 9, 115, 0, 7, 16, 409 }, // U+2095
    { 7, 9, 108, 0, 7, 16, 425 }, // U+2096
    { 3, 9, 53, 0, 7, 7, 441 }, // U+2097
    { 10, 7, 172, 0, 5, 18, 448 }, // U+2098
    { 7, 7, 115, 0, 5, 13, 466 }, // U+2099
    { 7, 10, 112, 0, 5, 18, 479 }, // U+209A
    { 6, 7, 89, 0, 5, 11, 497 }, // U+209B
    { 5, 8, 75, 0, 6, 10, 508 }, // U+209C
    { 10, 13, 156, 0, 13, 33, 0 }, // U+20A0
    { 10, 14, 166, 0, 13, 35, 33 }, // U+20A1
    { 10, 14, 156, 0, 13, 35, 68 }, // U+20A2
    { 9, 13, 156, 0, 13, 30, 103 }, // U+20A3
    { 10, 13, 156, 0, 13, 33, 133 }, // U+20A4
    { 15, 14, 265, 1, 12, 53, 166 }, // U+20A5
    { 10, 13, 156, 0, 13, 33, 219 }, // U+20A6
    { 14, 14, 242, 1, 13, 49, 252 }, // U+20A7
    { 15, 14, 249, 1, 13, 53, 301 }, // U+20A8
    { 13, 13, 201, 0, 13, 43, 354 }, // U+20A9
    { 14, 13, 250, 1, 13, 46, 397 }, // U+20AA
    { 11, 16, 175, 0, 13, 44, 443 }, // U+20AB
    { 10, 14, 156, 0, 13, 35, 487 }, // U+20AC
    { 10, 13, 156, 0, 13, 33, 522 }, // U+20AD
    { 10, 13, 156, 0, 13, 33, 555 }, // U+20AE
    { 17, 18, 275, 0, 13, 77, 588 }, // U+20AF
    { 10, 18, 166, 0, 13, 45, 665 }, // U+20B0
    { 10, 13, 156, 0, 13, 33, 710 }, // U+20B1
    { 11, 15, 200, 0, 13, 42, 743 }, // U+20B2
    { 12, 13, 177, 0, 13, 39, 785 }, // U+20B3
    { 10, 14, 156, 0, 13, 35, 824 }, // U+20B4
    { 11, 15, 173, 0, 13, 42, 859 }, // U+20B5
    { 12, 13, 189, 0, 12, 39, 901 }, // U+20B6
    { 12, 15, 199, 0, 13, 45, 940 }, // U+20B7
    { 10, 13, 156, 0, 13, 33, 985 }, // U+20B8
    { 8, 13, 156, 1, 13, 26, 1018 }, // U+20B9
    { 10, 14, 156, 0, 13, 35, 1044 }, // U+20BA
    { 14, 14, 221, 0, 13, 49, 1079 }, // U+20BB
    { 14, 13, 238, 0, 13, 46, 1128 }, // U+20BC
    { 10, 13, 163, 0, 13, 33, 1174 }, // U+20BD
    { 13, 14, 215, 0, 14, 46, 1207 }, // U+20BE
    { 9, 16, 156, 1, 14, 36, 1253 }, // U+20BF
    { 9, 14, 143, 0, 10, 32, 1289 }, // U+20C0
    { 10, 2, 158, 0, 7, 5, 0 }, // U+2212
    { 14, 13, 210, 0, 13, 46, 0 }, // U+FB00
    { 11, 13, 186, 0, 13, 36, 46 }, // U+FB01
    { 11, 13, 188, 0, 13, 36, 82 }, // U+FB02
    { 18, 13, 291, 0, 13, 59, 118 }, // U+FB03
    { 17, 13, 293, 0, 13, 56, 177 }, // U+FB04
    { 12, 14, 213, 1, 13, 42, 233 }, // U+FB05
    { 16, 14, 253, 0, 13, 56, 275 }, // U+FB06
    { 17, 16, 272, 0, 13, 68, 0 }, // U+FFFD
};

static const EpdUnicodeInterval notosans_c17_boldIntervals[] = {
    { 0x0, 0x0, 0x0 },
    { 0xD, 0xD, 0x1 },
    { 0x20, 0x7E, 0x2 },
    { 0xA0, 0x17F, 0x61 },
    { 0x1A0, 0x1A1, 0x141 },
    { 0x1AF, 0x1B0, 0x143 },
    { 0x1C4, 0x21F, 0x145 },
    { 0x300, 0x36F, 0x1A1 },
    { 0x400, 0x4FF, 0x211 },
    { 0x1EA0, 0x1EF9, 0x311 },
    { 0x2000, 0x2064, 0x36B },
    { 0x2066, 0x2071, 0x3D0 },
    { 0x2074, 0x208E, 0x3DC },
    { 0x2090, 0x209C, 0x3F7 },
    { 0x20A0, 0x20C0, 0x404 },
    { 0x2212, 0x2212, 0x425 },
    { 0xFB00, 0xFB06, 0x426 },
    { 0xFFFD, 0xFFFD, 0x42D },
};

static const EpdFontGroup notosans_c17_boldGroups[] = {
    { 0, 1731, 3103, 97, 0 },
    { 1731, 1559, 3707, 96, 97 },
    { 3290, 1952, 5604, 128, 193 },
    { 5242, 1926, 5076, 96, 321 },
    { 7168, 680, 889, 112, 417 },
    { 7848, 5123, 11739, 256, 529 },
    { 12971, 1281, 4838, 90, 785 },
    { 14252, 1161, 2125, 111, 875 },
    { 15413, 338, 607, 42, 986 },
    { 15751, 1012, 1518, 33, 1028 },
    { 16763, 8, 6, 1, 1061 },
    { 16771, 188, 358, 7, 1062 },
    { 16959, 76, 80, 1, 1069 },
};

static const uint16_t notosans_c17_boldKernLeftCodepoints[] = {
    0x0022, 0x0026, 0x0027, 0x0028, 0x002C, 0x002D, 0x002E, 0x003A, 0x0041, 0x0042, 0x0043, 0x0044,
    0x0045, 0x0046, 0x004B, 0x004C, 0x004F, 0x0050, 0x0051, 0x0052, 0x0054, 0x0055, 0x0056, 0x0057,
    0x0058, 0x0059, 0x005A, 0x005B, 0x005F, 0x0061, 0x0062, 0x0063, 0x0065, 0x0066, 0x0068, 0x006D,
    0x006E, 0x006F, 0x0070, 0x0072, 0x0074, 0x0076, 0x0077, 0x0078, 0x0079, 0x007B, 0x00A1, 0x00AB,
    0x00BB, 0x00BF, 0x00C0, 0x00C1, 0x00C2, 0x00C3, 0x00C4, 0x00C5, 0x00C6, 0x00C7, 0x00C8, 0x00C9,
    0x00CA, 0x00CB, 0x00D0, 0x00D2, 0x00D3, 0x00D4, 0x00D5, 0x00D6, 0x00D8, 0x00D9, 0x00DA, 0x00DB,
    0x00DC, 0x00DD, 0x00DE, 0x00E0, 0x00E1, 0x00E2, 0x00E3, 0x00E4, 0x00E5, 0x00E6, 0x00E8, 0x00E9,
    0x00EA, 0x00EB, 0x00EE, 0x00EF, 0x00F0, 0x00F2, 0x00F3, 0x00F4, 0x00F5, 0x00F6, 0x00F8, 0x00FD,
    0x00FE, 0x00FF, 0x0100, 0x0101, 0x0102, 0x0103, 0x0104, 0x0105, 0x0106, 0x0108, 0x010A, 0x010C,
    0x010E, 0x010F, 0x0110, 0x0112, 0x0113, 0x0114, 0x0115, 0x0116, 0x0117, 0x0118, 0x0119, 0x011A,
    0x011B, 0x0125, 0x0129, 0x012B, 0x012E, 0x0136, 0x0138, 0x0139, 0x013B, 0x013D, 0x013E, 0x013F,
    0x0141, 0x0144, 0x0146, 0x0149, 0x014B, 0x014C, 0x014D, 0x014E, 0x014F, 0x0150, 0x0151, 0x0152,
    0x0153, 0x0155, 0x0157, 0x0159, 0x0162, 0x0163, 0x0164, 0x0165, 0x0166, 0x0167, 0x0168, 0x016A,
    0x016C, 0x016E, 0x0170, 0x0172, 0x0174, 0x0175, 0x0176, 0x0177, 0x0178, 0x0179, 0x017B, 0x017D,
    0x01A0, 0x01A1, 0x01AF, 0x01B0, 0x01FA, 0x01FB, 0x01FC, 0x01FD, 0x01FE, 0x020B, 0x021A, 0x021B,
    0x0400, 0x0401, 0x0402, 0x0403, 0x0404, 0x0405, 0x0409, 0x040A, 0x040B, 0x040C, 0x040E, 0x0410,
    0x0411, 0x0412, 0x0413, 0x0414, 0x0415, 0x0416, 0x0417, 0x041A, 0x041E, 0x0420, 0x0421, 0x0422,
    0x0423, 0x0424, 0x0425, 0x0426, 0x0429, 0x042A, 0x042C, 0x042D, 0x042E, 0x0430, 0x0431, 0x0432,
    0x0433, 0x0434, 0x0435, 0x0436, 0x0437, 0x0438, 0x0439, 0x043A, 0x043B, 0x043C, 0x043D, 0x043E,
    0x043F, 0x0440, 0x0441, 0x0442, 0x0443, 0x0444, 0x0445, 0x0446, 0x0447, 0x0448, 0x0449, 0x044A,
    0x044B, 0x044C, 0x044D, 0x044E, 0x044F, 0x0450, 0x0451, 0x0452, 0x0453, 0x0454, 0x0455, 0x0457,
    0x0458, 0x0459, 0x045A, 0x045B, 0x045C, 0x045D, 0x045E, 0x045F, 0x0460, 0x0461, 0x0462, 0x0463,
    0x0464, 0x0465, 0x0466, 0x0467, 0x0468, 0x0469, 0x046E, 0x0471, 0x0472, 0x0473, 0x0474, 0x0475,
    0x0476, 0x0477, 0x0478, 0x0479, 0x047A, 0x047B, 0x047C, 0x047D, 0x047E, 0x047F, 0x0480, 0x048A,
    0x048B, 0x048C, 0x048D, 0x048E, 0x048F, 0x0490, 0x0491, 0x0492, 0x0493, 0x0496, 0x0497, 0x0498,
    0x0499, 0x049A, 0x049B, 0x049C, 0x049D, 0x049E, 0x049F, 0x04A0, 0x04A1, 0x04A2, 0x04A3, 0x04A4,
    0x04A5, 0x04A9, 0x04AA, 0x04AB, 0x04AC, 0x04AD, 0x04AE, 0x04AF, 0x04B0, 0x04B1, 0x04B2, 0x04B3,
    0x04B4, 0x04B5, 0x04B6, 0x04B7, 0x04BC, 0x04BD, 0x04BE, 0x04BF, 0x04C1, 0x04C2, 0x04C5, 0x04C6,
    0x04C9, 0x04CA, 0x04CD, 0x04CE, 0x04D0, 0x04D1, 0x04D2, 0x04D3, 0x04D4, 0x04D5, 0x04D6, 0x04D7,
    0x04D8, 0x04D9, 0x04DA, 0x04DB, 0x04DC, 0x04DD, 0x04DE, 0x04DF, 0x04E3, 0x04E5, 0x04E6, 0x04E7,
    0x04E8, 0x04E9, 0x04EA, 0x04EB, 0x04EC, 0x04ED, 0x04EE, 0x04EF, 0x04F0, 0x04F1, 0x04F2, 0x04F3,
    0x04F5, 0x04F6, 0x04F7, 0x04F9, 0x04FA, 0x04FB, 0x04FC, 0x04FD, 0x04FE, 0x04FF, 0x1EA0, 0x1EA1,
    0x1EA2, 0x1EA3, 0x1EA4, 0x1EA5, 0x1EA6, 0x1EA7, 0x1EA8, 0x1EA9, 0x1EAA, 0x1EAB, 0x1EAC, 0x1EAD,
    0x1EAE, 0x1EAF, 0x1EB0, 0x1EB1, 0x1EB2, 0x1EB3, 0x1EB4, 0x1EB5, 0x1EB6, 0x1EB7, 0x1EB8, 0x1EB9,
    0x1EBA, 0x1EBB, 0x1EBC, 0x1EBD, 0x1EBE, 0x1EBF, 0x1EC0, 0x1EC1, 0x1EC2, 0x1EC3, 0x1EC4, 0x1EC5,
    0x1EC6, 0x1EC7, 0x1ECC, 0x1ECD, 0x1ECE, 0x1ECF, 0x1ED0, 0x1ED1, 0x1ED2, 0x1ED3, 0x1ED4, 0x1ED5,
    0x1ED6, 0x1ED7, 0x1ED8, 0x1ED9, 0x1EDA, 0x1EDB, 0x1EDC, 0x1EDD, 0x1EDE, 0x1EDF, 0x1EE0, 0x1EE1,
    0x1EE2, 0x1EE3, 0x1EE4, 0x1EE6, 0x1EE8, 0x1EE9, 0x1EEA, 0x1EEB, 0x1EEC, 0x1EED, 0x1EEE, 0x1EEF,
    0x1EF0, 0x1EF1, 0x1EF2, 0x1EF3, 0x1EF4, 0x1EF5, 0x1EF6, 0x1EF7, 0x1EF8, 0x1EF9, 0x2013, 0x2014,
    0x2015, 0x2018, 0x2019, 0x201A, 0x201C, 0x201D, 0x201E, 0x2039, 0x203A, 0xFB00,
};

static const uint8_t notosans_c17_boldKernLeftClassIds[] = {
      1,   2,   1,   3,   4,   5,   4,   6,   7,   8,   9,  10,  11,  12,   9,  13,
     10,  14,  10,  15,  16,  17,  18,  18,   9,  19,  20,   3,  21,  22,  23,  24,
     23,  25,  22,  22,  22,  23,  23,  26,  24,  27,  27,  28,  27,   3,  29,  30,
     31,  32,   7,   7,   7,   7,   7,   7,  11,   9,  11,  11,  11,  11,  10,  10,
     10,  10,  10,  10,  10,  17,  17,  17,  17,  19,  14,  22,  22,  22,  22,  22,
     22,  23,  23,  23,  23,  23,  33,  33,  23,  23,  23,  23,  23,  23,  23,  27,
     23,  27,   7,  22,   7,  22,  34,  22,   9,   9,   9,   9,  10,  35,  10,  11,
     23,  11,  23,  11,  23,  11,  23,  11,  23,  22,  36,  33,  37,   9,  28,  13,
     13,  13,  35,  13,  13,  22,  22,  22,  22,  10,  23,  10,  23,  10,  23,  11,
     23,  26,  26,  26,  16,  24,  16,  38,  16,  24,  17,  17,  17,  17,  17,  17,
     18,  27,  19,  27,  19,  20,  20,  20,  39,  40,  41,  42,   7,  22,  11,  23,
     10,  33,  16,  24,  43,  43,  44,  45,  46,  47,  48,  48,  44,  49,  50,  51,
     52,  53,  45,  54,  43,  49,  53,  49,  55,  56,  46,  45,  50,  57,  49,  54,
     54,  48,  48,  55,  55,  58,  59,  60,  61,  62,  63,  64,  60,  65,  65,  64,
     65,  65,  65,  63,  65,  63,  66,  61,  67,  63,  64,  62,  65,  65,  62,  68,
     65,  68,  63,  63,  65,  63,  63,  69,  70,  66,  71,  72,  73,  68,  68,  74,
     64,  65,  67,  65,  55,  75,  76,  68,  46,  66,  51,  77,  51,  77,  78,  63,
     55,  63,  50,  75,  50,  75,  67,  67,  55,  63,  55,  63,  55,  75,  46,  54,
     62,  76,  68,  56,  63,  79,  80,  81,  82,  83,  84,  78,  60,  83,  84,  49,
     64,  49,  64,  49,  64,  54,  62,  81,  80,  63,  46,  66,  79,  80,  85,  86,
     85,  86,  83,  84,  54,  62,  54,  62,  87,  88,  87,  88,  49,  64,  54,  62,
     54,  62,  54,  62,  51,  58,  51,  58,  43,  88,  43,  88,  55,  63,  55,  63,
     49,  64,  78,  60,  65,  65,  55,  63,  55,  63,  55,  63,  55,  63,  50,  67,
     50,  67,  50,  67,  65,  79,  80,  65,  81,  82,  83,  84,  49,  84,   7,  22,
      7,  22,   7,  22,   7,  22,   7,  22,   7,  22,   7,  22,   7,  22,   7,  22,
      7,  22,   7,  22,   7,  22,  11,  23,  11,  23,  11,  23,  11,  23,  11,  23,
     11,  23,  11,  23,  11,  23,  10,  23,  10,  23,  10,  23,  10,  23,  10,  23,
     10,  23,  10,  23,  39,  40,  39,  40,  39,  40,  39,  40,  39,  40,  17,  17,
     41,  42,  41,  42,  41,  42,  41,  42,  41,  42,  19,  27,  19,  27,  19,  27,
     19,  27,   5,   5,   5,   1,   1,   4,   1,   1,   4,  30,  31,  25,
};

static const uint16_t notosans_c17_boldKernRightCodepoints[] = {
    0x0021, 0x0022, 0x0026, 0x0027, 0x0029, 0x002C, 0x002D, 0x002E, 0x003A, 0x003B, 0x003F, 0x0041,
    0x0043, 0x0047, 0x0049, 0x004A, 0x004F, 0x0051, 0x0054, 0x0055, 0x0056, 0x0057, 0x0058, 0x0059,
    0x005A, 0x005D, 0x0061, 0x0062, 0x0063, 0x0064, 0x0065, 0x0066, 0x0067, 0x0068, 0x006A, 0x006B,
    0x006C, 0x006D, 0x006E, 0x006F, 0x0070, 0x0071, 0x0072, 0x0073, 0x0074, 0x0075, 0x0076, 0x0077,
    0x0078, 0x0079, 0x007A, 0x007D, 0x00AB, 0x00BB, 0x00C0, 0x00C1, 0x00C2, 0x00C3, 0x00C4, 0x00C5,
    0x00C6, 0x00C7, 0x00D2, 0x00D3, 0x00D4, 0x00D5, 0x00D6, 0x00D8, 0x00D9, 0x00DA, 0x00DB, 0x00DC,
    0x00DD, 0x00E0, 0x00E1, 0x00E2, 0x00E3, 0x00E4, 0x00E5, 0x00E6, 0x00E7, 0x00E8, 0x00E9, 0x00EA,
    0x00EB, 0x00F2, 0x00F3, 0x00F4, 0x00F5, 0x00F6, 0x00F8, 0x00F9, 0x00FA, 0x00FB, 0x00FC, 0x00FD,
    0x00FE, 0x00FF, 0x0100, 0x0101, 0x0102, 0x0103, 0x0104, 0x0105, 0x0106, 0x0107, 0x0108, 0x0109,
    0x010A, 0x010B, 0x010C, 0x010D, 0x010F, 0x0111, 0x0113, 0x0115, 0x0117, 0x0119, 0x011B, 0x011C,
    0x011D, 0x011E, 0x011F, 0x0120, 0x0121, 0x0122, 0x0123, 0x0125, 0x0127, 0x0129, 0x0137, 0x0138,
    0x013A, 0x013C, 0x013E, 0x0140, 0x0144, 0x0146, 0x014B, 0x014C, 0x014D, 0x014E, 0x014F, 0x0150,
    0x0151, 0x0152, 0x0153, 0x0155, 0x0157, 0x015B, 0x015F, 0x0162, 0x0163, 0x0164, 0x0165, 0x0166,
    0x0167, 0x0168, 0x0169, 0x016A, 0x016B, 0x016C, 0x016D, 0x016E, 0x016F, 0x0170, 0x0171, 0x0172,
    0x0173, 0x0174, 0x0175, 0x0176, 0x0177, 0x0178, 0x0179, 0x017A, 0x017B, 0x017C, 0x017D, 0x017E,
    0x01A0, 0x01A1, 0x01AF, 0x01B0, 0x01FA, 0x01FB, 0x01FC, 0x01FD, 0x01FE, 0x01FF, 0x0219, 0x021A,
    0x021B, 0x0402, 0x0404, 0x0405, 0x0408, 0x0409, 0x040B, 0x040E, 0x0410, 0x0414, 0x0416, 0x0417,
    0x041B, 0x041E, 0x0421, 0x0422, 0x0423, 0x0424, 0x0425, 0x0427, 0x042A, 0x042D, 0x042F, 0x0430,
    0x0431, 0x0432, 0x0433, 0x0434, 0x0435, 0x0436, 0x0437, 0x0438, 0x0439, 0x043A, 0x043B, 0x043C,
    0x043D, 0x043E, 0x043F, 0x0440, 0x0441, 0x0442, 0x0443, 0x0444, 0x0445, 0x0446, 0x0447, 0x0448,
    0x0449, 0x044A, 0x044B, 0x044C, 0x044D, 0x044E, 0x044F, 0x0450, 0x0451, 0x0452, 0x0453, 0x0454,
    0x0455, 0x0457, 0x0458, 0x0459, 0x045A, 0x045B, 0x045C, 0x045D, 0x045E, 0x045F, 0x0460, 0x0461,
    0x0462, 0x0465, 0x0466, 0x0467, 0x0469, 0x046D, 0x046E, 0x0470, 0x0472, 0x0473, 0x0474, 0x0475,
    0x0476, 0x0477, 0x0478, 0x0479, 0x047A, 0x047B, 0x047C, 0x047D, 0x047E, 0x047F, 0x0480, 0x0481,
    0x048B, 0x048C, 0x048D, 0x048F, 0x0491, 0x0492, 0x0495, 0x0496, 0x0497, 0x0498, 0x0499, 0x049B,
    0x049D, 0x049F, 0x04A0, 0x04A1, 0x04A3, 0x04A5, 0x04A7, 0x04A8, 0x04A9, 0x04AA, 0x04AB, 0x04AC,
    0x04AD, 0x04AE, 0x04AF, 0x04B0, 0x04B1, 0x04B2, 0x04B3, 0x04B4, 0x04B5, 0x04B6, 0x04B7, 0x04B8,
    0x04B9, 0x04BB, 0x04BC, 0x04BD, 0x04BE, 0x04BF, 0x04C1, 0x04C2, 0x04C4, 0x04C5, 0x04C6, 0x04C8,
    0x04CA, 0x04CB, 0x04CC, 0x04CE, 0x04D0, 0x04D1, 0x04D2, 0x04D3, 0x04D4, 0x04D5, 0x04D7, 0x04D8,
    0x04D9, 0x04DA, 0x04DB, 0x04DC, 0x04DD, 0x04DE, 0x04DF, 0x04E3, 0x04E5, 0x04E6, 0x04E7, 0x04E8,
    0x04E9, 0x04EA, 0x04EB, 0x04EC, 0x04ED, 0x04EE, 0x04EF, 0x04F0, 0x04F1, 0x04F2, 0x04F3, 0x04F4,
    0x04F5, 0x04F7, 0x04F9, 0x04FA, 0x04FC, 0x04FD, 0x04FE, 0x04FF, 0x1EA0, 0x1EA1, 0x1EA2, 0x1EA3,
    0x1EA4, 0x1EA5, 0x1EA6, 0x1EA7, 0x1EA8, 0x1EA9, 0x1EAA, 0x1EAB, 0x1EAC, 0x1EAD, 0x1EAE, 0x1EAF,
    0x1EB0, 0x1EB1, 0x1EB2, 0x1EB3, 0x1EB4, 0x1EB5, 0x1EB6, 0x1EB7, 0x1EB9, 0x1EBB, 0x1EBD, 0x1EBF,
    0x1EC1, 0x1EC3, 0x1EC5, 0x1EC7, 0x1ECC, 0x1ECD, 0x1ECE, 0x1ECF, 0x1ED0, 0x1ED1, 0x1ED2, 0x1ED3,
    0x1ED4, 0x1ED5, 0x1ED6, 0x1ED7, 0x1ED8, 0x1ED9, 0x1EDA, 0x1EDB, 0x1EDC, 0x1EDD, 0x1EDE, 0x1EDF,
    0x1EE0, 0x1EE1, 0x1EE2, 0x1EE3, 0x1EE4, 0x1EE5, 0x1EE6, 0x1EE7, 0x1EE8, 0x1EE9, 0x1EEA, 0x1EEB,
    0x1EEC, 0x1EED, 0x1EEE, 0x1EEF, 0x1EF0, 0x1EF1, 0x1EF2, 0x1EF4, 0x1EF5, 0x1EF6, 0x1EF7, 0x1EF8,
    0x1EF9, 0x2013, 0x2014, 0x2015, 0x2018, 0x2019, 0x201A, 0x201C, 0x201D, 0x201E, 0x2026, 0x2039,
    0x203A, 0xFB00, 0xFB01, 0xFB02, 0xFB03, 0xFB04,
};

static const uint8_t notosans_c17_boldKernRightClassIds[] = {
      1,   2,   3,   2,   4,   5,   6,   5,   7,   7,   8,   9,  10,  10,  11,  12,
     10,  10,  13,  14,  15,  15,  16,  17,  18,   4,  19,  20,  21,  21,  21,  22,
     23,  20,  24,  20,  20,  25,  25,  21,  25,  21,  25,  26,  22,  25,  27,  27,
     27,  27,  28,   4,  29,  30,   9,   9,   9,   9,   9,   9,  31,  10,  10,  10,
     10,  10,  10,  10,  14,  14,  14,  14,  17,  21,  19,  19,  19,  19,  19,  19,
     21,  21,  21,  21,  21,  21,  21,  21,  21,  21,  21,  25,  25,  25,  25,  27,
     20,  27,   9,  19,   9,  19,   9,  19,  10,  21,  10,  21,  10,  21,  10,  21,
     21,  21,  21,  21,  21,  21,  21,  10,  23,  10,  23,  10,  23,  10,  23,  20,
     32,  33,  20,  25,  20,  20,  20,  20,  25,  25,  25,  10,  21,  10,  21,  10,
     21,  10,  21,  25,  25,  26,  26,  13,  22,  13,  22,  13,  22,  14,  25,  14,
     25,  14,  25,  14,  25,  14,  25,  14,  25,  15,  27,  17,  27,  17,  18,  28,
     18,  28,  18,  28,  10,  21,  14,  25,   9,  19,  31,  19,  10,  21,  26,  13,
     22,  34,  35,  36,  37,  38,  34,  39,  40,  41,  42,  43,  38,  35,  35,  34,
     39,  44,  42,  45,  34,  43,  46,  47,  48,  49,  49,  50,  51,  52,  53,  49,
     49,  49,  54,  49,  49,  51,  49,  49,  51,  55,  56,  51,  52,  49,  57,  49,
     49,  55,  49,  49,  53,  49,  58,  51,  51,  59,  49,  51,  60,  61,  62,  54,
     49,  59,  49,  49,  56,  49,  63,  64,  65,  66,  40,  50,  66,  66,  43,  45,
     63,  47,  67,  64,  67,  64,  63,  47,  63,  47,  63,  47,  63,  64,  63,  47,
     66,  65,  59,  66,  66,  65,  66,  42,  52,  43,  53,  66,  66,  59,  68,  55,
     66,  66,  66,  63,  47,  63,  47,  34,  55,  69,  70,  69,  70,  42,  52,  68,
     55,  45,  57,  45,  57,  66,  71,  72,  71,  72,  42,  52,  66,  73,  50,  66,
     66,  45,  57,  66,  40,  74,  40,  74,  40,  74,  47,  75,  74,  75,  74,  42,
     52,  43,  53,  49,  49,  63,  47,  63,  47,  63,  47,  43,  53,  39,  56,  39,
     56,  39,  56,  45,  57,  66,  49,  65,  42,  52,  42,  52,   9,  19,   9,  19,
      9,  19,   9,  19,   9,  19,   9,  19,   9,  19,   9,  19,   9,  19,   9,  19,
      9,  19,   9,  19,  21,  21,  21,  21,  21,  21,  21,  21,  10,  21,  10,  21,
     10,  21,  10,  21,  10,  21,  10,  21,  10,  21,  10,  21,  10,  21,  10,  21,
     10,  21,  10,  21,  14,  25,  14,  25,  14,  25,  14,  25,  14,  25,  14,  25,
     14,  25,  17,  17,  27,  17,  27,  17,  27,   6,   6,   6,  76,   2,   5,  76,
      2,   5,   5,  29,  30,  22,  22,  22,  22,  22,
};

static const uint16_t notosans_c17_boldKernRowOffsets[] = {
        0,    29,    32,    37,    54,    61,    66,    72,    73,    75,    82,    83,    87,    93,   100,   101,
      117,   119,   130,   143,   145,   146,   147,   150,   151,   154,   159,   162,   163,   167,   173,   182,
      186,   187,   193,   200,   202,   203,   208,   214,   217,   227,   230,   231,   244,   269,   275,   277,
      288,   303,   332,   351,   353,   357,   369,   385,   402,   420,   426,   438,   446,   457,   469,   481,
      493,   495,   499,   511,   529,   535,   549,   553,   557,   559,   564,   566,   573,   581,   584,   609,
      616,   632,   635,   640,   642,   654,   656,   659,   662,
};

static const uint8_t notosans_c17_boldKernSparseCols[] = {
      8,  12,  14,  16,  18,  20,  22,  24,  25,  30,  32,  33,  37,  38,  39,  40,
     41,  43,  46,  49,  52,  53,  54,  55,  58,  60,  67,  72,  73,  12,  14,  16,
     11,  23,  36,  43,  61,   9,  12,  13,  14,  16,  33,  36,  38,  43,  44,  54,
     56,  62,  66,  67,  68,  70,  12,  33,  38,  41,  51,  54,  67,  33,  41,  43,
     44,  56,   1,   9,  11,  12,  14,  16,   4,   9,  28,   4,   8,  12,  14,  15,
     16,  17,  11,   3,   4,   7,   8,   1,   9,  12,  13,  14,  16,   2,   4,   8,
     15,  17,  28,  30,  28,   2,   4,   5,   7,   8,   9,  12,  18,  20,  22,  24,
     25,  26,  27,  28,  29,   4,   8,   4,   7,   8,   9,  18,  20,  22,  24,  25,
     28,  29,   2,   4,   7,   8,   9,  18,  20,  22,  24,  25,  27,  28,  29,   9,
     28,  11,   1,   1,  26,  27,   1,   1,   3,   4,   1,   4,  18,  20,  22,   1,
      4,   7,  20,  11,  12,  14,  16,  12,  14,  16,  33,  39,  67,  12,  14,  15,
     16,  33,  38,  41,  44,  67,  11,  12,  14,  16,   3,   1,   9,  11,  12,  14,
     16,   0,   1,   3,   7,  19,  31,  75,   3,  32,  11,   0,   1,   3,   7,  75,
      8,  10,  12,  14,  15,  16,  19,  21,  26,   8,   9,  10,  12,  14,  15,  16,
     18,  20,  22,  19,  21,  26,  36,   1,  33,  38,  44,  54,  55,  56,  64,  66,
     67,  68,  69,  75,   1,   4,   5,   6,  29,  33,  34,  37,  39,  40,  43,  46,
     47,  48,  49,  50,  51,  52,  53,  54,  55,  56,  57,  59,  67,  28,  34,  43,
     56,  62,  70,   4,  43,   1,   4,  33,  38,  44,  51,  54,  55,  57,  67,  75,
      1,   5,   6,  28,  34,  43,  44,  46,  47,  50,  54,  55,  56,  62,  70,   1,
      4,   5,   6,  28,  29,  34,  35,  37,  39,  40,  43,  45,  46,  47,  48,  49,
     50,  51,  52,  53,  56,  57,  58,  59,  62,  70,  71,  72,   1,  29,  33,  34,
     36,  38,  43,  44,  50,  54,  55,  56,  64,  66,  67,  68,  70,  74,  75,  51,
     55,   3,  51,  56,  57,   4,  36,  37,  40,  43,  44,  49,  53,  54,  55,  56,
     61,   4,  33,  37,  38,  39,  40,  41,  42,  49,  51,  53,  57,  66,  67,  68,
     72,   4,   5,   6,  28,  29,  37,  38,  39,  40,  41,  43,  46,  49,  50,  53,
     57,  72,   1,   3,   4,   6,  33,  35,  37,  38,  39,  40,  41,  42,  45,  49,
     51,  53,  57,  67,   1,  33,  38,  51,  54,  55,   1,  33,  38,  39,  41,  45,
     49,  51,  54,  55,  56,  57,   3,  33,  38,  41,  45,  51,  54,  55,   1,   4,
      5,  37,  39,  40,  41,  49,  50,  53,  75,   1,   4,  33,  36,  37,  40,  44,
     49,  53,  54,  56,  61,   1,  33,  38,  39,  41,  45,  49,  51,  54,  55,  56,
     57,   5,  33,  34,  38,  43,  44,  46,  50,  56,  57,  71,  75,  33,  58,   1,
     33,  50,  57,   1,   4,  37,  39,  40,  41,  46,  49,  50,  53,  57,  75,   1,
      6,  33,  38,  39,  41,  43,  44,  45,  51,  54,  55,  56,  57,  63,  69,  71,
     75,   1,  33,  36,  54,  55,  61,   1,   4,   5,  37,  38,  39,  40,  41,  49,
     50,  53,  58,  60,  75,  33,  38,  45,  57,   1,  33,  58,  60,  36,  61,   1,
     33,  36,  54,  55,   4,  49,   1,  33,  44,  54,  66,  67,  68,   1,  46,  54,
     55,  56,  63,  69,  71,   4,  66,  68,   4,   5,  28,  29,  33,  34,  37,  39,
     40,  43,  46,  49,  51,  52,  54,  55,  56,  62,  63,  65,  69,  70,  71,  72,
     73,   4,   5,  39,  46,  49,  50,  53,   4,   5,  33,  39,  46,  49,  51,  52,
     56,  58,  62,  65,  67,  70,  71,  72,   4,  46,  49,  54,  56,  62,  70,  71,
     46,  56,   4,  39,  46,  49,  56,  58,  62,  65,  71,  72,  73,  74,   4,  49,
     33,  66,  68,   1,  51,  55,
};

static const int8_t notosans_c17_boldKernSparseValues[] = {
     -19,    5,    5,    3,  -11,  -16,   -8,   -8,   -8,  -22,   19,    5,   -8,    5,  -19,  -16,
       5,   -3,  -11,  -19,    5,  -14,    8,    5,    8,    8,    5,  -16,   -5,  -16,   -5,   -8,
      24,   11,   27,   -8,   16,  -14,  -19,   -5,  -16,  -16,  -14,   16,   -5,  -11,  -22,  -11,
     -16,  -14,  -16,  -19,  -16,  -16,  -11,  -11,   -5,   -3,   -3,   -5,  -11,   -3,   -1,   -1,
      -1,   -1,  -19,   -5,   14,  -19,  -11,  -16,   -3,   -5,   -5,  -11,   -5,   -8,   -3,   -5,
      -3,   -3,   16,    5,  -16,    5,   -5,  -22,   -5,   -5,   -3,   -5,   -8,   -3,  -35,  -14,
      -5,   -3,   -5,   -8,   -3,   -5,  -16,  -11,    5,  -19,   -5,    5,  -22,  -19,  -19,  -14,
     -16,   -5,  -11,  -16,   -8,   -5,   -3,  -14,    5,  -11,   -3,   -5,   -5,   -3,   -3,   -3,
      -8,   -3,   -8,  -16,    5,  -16,   -5,  -14,  -14,  -14,   -8,  -11,   -5,  -22,   -8,   -3,
      -5,   26,   -3,   -3,   -5,   -3,    5,   16,   11,   -5,   11,  -44,   -5,   -5,   -3,   11,
     -11,    5,   -5,   14,   -5,   -3,   -8,   -8,   -3,   -8,   -8,   -3,   -3,  -16,   -8,   -5,
     -22,  -16,   -5,   -5,   -5,  -11,   27,  -11,   -8,  -11,   14,  -19,   -5,   30,  -19,  -11,
     -16,   32,   29,   39,   36,    8,   19,   25,   14,   32,   14,   36,   36,   44,   38,   26,
      -5,    5,   16,   19,   14,   16,    5,   11,   14,   -8,   -3,    5,   19,   19,   14,   16,
      -8,   -5,   -5,    5,   14,   14,   14,  -19,  -14,   -5,   -8,   -5,   -5,   -5,   -5,  -11,
     -16,  -14,   -5,   -8,    5,  -14,  -11,   -8,   -8,    5,   -5,   -7,  -19,   -7,  -10,  -11,
      -5,   -8,  -11,  -11,   -3,   -3,   -8,   -3,   -2,   -8,  -11,   -5,    3,   -5,   -5,   -8,
      -5,   -5,   -5,   -5,   -3,  -24,   -3,  -16,   -5,   -8,   -5,   -5,   -5,   -5,   -8,  -16,
       5,   -3,   -3,   -5,   -5,  -11,   -3,   -3,   -5,   -5,   -3,   -3,   -5,   -5,  -14,    5,
     -19,   -5,   -3,  -14,   -5,  -11,   -5,  -21,  -33,  -29,   -8,  -10,  -14,  -11,   -3,  -26,
     -20,   -8,   -5,  -14,   -5,  -14,   14,   -8,   -3,   -5,   -8,  -14,  -19,   -3,  -19,   -5,
      14,   -5,  -10,  -16,   -3,   -8,   -5,   -8,   -5,  -11,  -14,  -16,  -14,   -3,  -11,   -3,
      -3,   -3,   -3,   -4,   -3,    8,   24,    8,   11,   -3,   -7,    8,    8,   -3,    8,   -5,
      19,  -11,   -5,   -3,  -11,   -5,   -3,   -5,   -3,   -3,   -4,   -3,   -3,   -3,   -3,   -3,
      -5,  -35,   -3,   -3,   -5,   -3,  -16,   -5,  -14,  -16,   -5,   -3,   -7,  -14,   -3,  -11,
      -3,  -16,   -3,   -3,  -11,   -3,  -10,   -3,   -5,   -8,  -10,   -8,  -11,   -8,   -3,   -7,
      -4,   -4,   -3,   -5,   -3,  -11,   -9,   -5,   -3,   -3,   -2,  -16,  -10,   -3,   -8,   -5,
      -3,   -5,   -3,   -8,   -3,   -3,   -1,   -8,   -3,   -3,   -3,   -5,   -3,   -3,    8,  -11,
      -5,   -5,   -8,   -8,   -3,  -11,   -3,   -8,   11,   -3,    5,   -8,   27,    5,    8,   -4,
       5,    7,   -4,   -8,   16,   -2,  -11,  -10,   -3,   -5,   -5,   -3,   -5,   -3,   -8,   -3,
      -3,   -3,   -3,   -4,   -3,   -4,   -3,   -5,   -5,   -5,   -3,   -5,    8,   -8,   -1,    5,
      -5,   -3,   -3,    5,  -11,   -5,   -5,   -8,   -3,   -3,  -14,   -8,  -14,   -8,   11,  -22,
      -3,  -16,   -5,   -3,   -3,   -3,  -19,   -5,   -5,  -16,  -12,  -11,   -5,   -5,   -8,   -5,
      -8,   -3,  -11,   22,   -8,  -14,    5,    8,  -11,   -5,   -5,    7,   -8,   -8,   -3,  -11,
      -3,   -8,    7,    7,   11,   -5,   -8,   -3,   -5,    8,    5,   11,    4,    8,    5,   -3,
     -11,   11,   -8,  -14,  -11,   -5,  -11,  -11,  -11,   -5,   -8,   -5,   -8,  -19,   -5,  -14,
      -8,   -8,   -5,   -5,   -5,  -11,   -3,   -3,  -16,  -11,  -16,   -8,    5,   -5,  -11,  -19,
     -14,   -8,  -19,  -16,   -5,   -5,  -11,  -11,  -14,   -5,   -5,  -14,  -11,  -14,  -19,  -14,
     -22,  -14,   -5,   -8,   -3,  -11,   -3,   -8,  -14,   -5,    5,  -16,  -11,  -14,   -5,   -5,
     -14,    5,   -5,   -8,    5,   -5,   -8,  -11,   -8,   -5,   -8,   -5,  -14,   -5,  -14,   -5,
      -3,   -3,  -16,  -16,  -14,  -14,  -11,    5,   -5,   -8,  -11,  -11,  -11,   -3,  -11,   -3,
      -5,   -3,   -3,   -3,   -5,   -3,
};

static const EpdLigaturePair notosans_c17_boldLigaturePairs[] = {
    { 0x00660066, 0xFB00 }, // f f -> U+FB00
    { 0x00660069, 0xFB01 }, // f i -> U+FB01
    { 0x0066006C, 0xFB02 }, // f l -> U+FB02
    { 0xFB000069, 0xFB03 }, // U+FB00 i -> U+FB03
    { 0xFB00006C, 0xFB04 }, // U+FB00 l -> U+FB04
};

static const EpdFontData notosans_c17_bold = {
    notosans_c17_boldBitmaps,
    notosans_c17_boldGlyphs,
    notosans_c17_boldIntervals,
    18,
    23,
    19,
    -5,
    true,
    notosans_c17_boldGroups,
    13,
    nullptr,
    nullptr,  // kernLeftClasses: built-in fonts use the split arrays below
    nullptr,  // kernRightClasses
    notosans_c17_boldKernLeftCodepoints,
    notosans_c17_boldKernLeftClassIds,
    notosans_c17_boldKernRightCodepoints,
    notosans_c17_boldKernRightClassIds,
    nullptr,  // kernMatrix: built-in fonts use the sparse form below
    notosans_c17_boldKernRowOffsets,
    notosans_c17_boldKernSparseCols,
    notosans_c17_boldKernSparseValues,
    478,
    474,
    88,
    76,
    notosans_c17_boldLigaturePairs,
    5,
};
