/**
 * generated by fontconvert.py
 * name: notoserif_c17_regular
 * size: 0
 * mode: 2-bit  compressed: true
 * Command used: fontconvert.py notoserif_c17_regular 0 ../builtinFonts/source/NotoSerif/NotoSerif-Regular.ttf --2bit --compress --pnum --ppem 17
 */
#pragma once
#include "EpdFontData.h"

static const uint8_t notoserif_c17_regularBitmaps[16291] = {
    0x8D, 0x56, 0xCD, 0x6B, 0x24, 0xC7, 0x15, 0xFF, 0x75, 0x97, 0x76, 0xCA, 0xA3, 0x9A, 0xE9, 0x56,
    0x60, 0x17, 0x14, 0x32, 0x1F, 0x0A, 0x4C, 0x40, 0x98, 0x96, 0x66, 0x0E, 0x8D, 0xE9, 0x84, 0xD6,
    0x6E, 0x65, 0x05, 0xC9, 0x25, 0x84, 0x3D, 0xC4, 0xE4, 0x60, 0xE2, 0xCC, 0x1F, 0x10, 0x7B, 0x87,
    0x44, 0x4B, 0x06, 0xB2, 0xD2, 0x54, 0xBC, 0x81, 0x3D, 0xC4, 0x07, 0x05, 0x72, 0x0E, 0xCA, 0xCD,
    0xD9, 0xF5, 0xAE, 0x07, 0x22, 0x82, 0x48, 0x56, 0x9A, 0xB2, 0x0D, 0x81, 0x90, 0x4B, 0x3B, 0x39,
    0xC4, 0x90, 0x60, 0x1A, 0x63, 0x7C, 0xB1, 0x13, 0xDA, 0x20, 0x1C, 0xC5, 0x48, 0x3B, 0x79, 0xAF,
    0x66, 0x46, 0xBB, 0x5A, 0x79, 0xC1, 0xF3, 0x5E, 0xF5, 0xF4, 0x47, 0xD5, 0xAB, 0xF7, 0xDE, 0xEF,
    0x7D, 0x14, 0xD2, 0x84, 0x7E, 0x71, 0xDC, 0x5A, 0x40, 0x9A, 0x02, 0x48, 0x8A, 0x64, 0xD8, 0xEA,
    0x5E, 0xBC, 0x46, 0xB7, 0xDE, 0x2D, 0xF8, 0xDF, 0x82, 0x28, 0xE1, 0xCA, 0xD8, 0xCA, 0x2A, 0x4A,
    0x15, 0x94, 0x2B, 0x78, 0xF1, 0x25, 0xBC, 0xFC, 0x47, 0x5D, 0xE9, 0x60, 0xB1, 0x83, 0x56, 0x07,
    0x30, 0xF0, 0x3E, 0x40, 0xF0, 0x1E, 0xA2, 0xDB, 0x88, 0x0C, 0x42, 0x0B, 0x99, 0x03, 0x27, 0xC0,
    0x2F, 0x11, 0xDF, 0xD6, 0xC9, 0x6D, 0x34, 0xFE, 0x0D, 0x2F, 0xE3, 0x69, 0x2C, 0x90, 0x46, 0x3D,
    0xAB, 0x21, 0xE9, 0xC5, 0x88, 0xE3, 0x1E, 0x8D, 0x0C, 0xF1, 0x8D, 0x37, 0x75, 0xF2, 0x93, 0x1F,
    0xE4, 0x8D, 0x7F, 0x24, 0x3D, 0x54, 0xE3, 0x18, 0xB5, 0x98, 0x3F, 0xC6, 0xE8, 0x2D, 0xF7, 0x90,
    0x05, 0x19, 0xAF, 0x03, 0x69, 0x23, 0xEF, 0x03, 0x81, 0x9C, 0x0C, 0xA5, 0x00, 0x71, 0x44, 0xEF,
    0xF2, 0xCB, 0x88, 0xFA, 0x1D, 0xC4, 0x8D, 0x1E, 0x36, 0x54, 0x86, 0x0D, 0x3F, 0x43, 0x2A, 0x0E,
    0xA1, 0x4E, 0xDA, 0xDA, 0xAD, 0x4B, 0x92, 0xD6, 0x45, 0x6C, 0x0B, 0x13, 0xA0, 0x8E, 0x08, 0x29,
    0x51, 0xE2, 0xAE, 0x11, 0x6A, 0x08, 0x20, 0x35, 0x32, 0x96, 0x1D, 0xF1, 0x3D, 0x84, 0x11, 0xF6,
    0x94, 0x8C, 0xD4, 0x8A, 0xE6, 0x74, 0x59, 0x69, 0xFB, 0xD5, 0x5F, 0xAC, 0xEE, 0xCB, 0xFC, 0xEB,
    0xF7, 0xBF, 0x64, 0x3D, 0xE3, 0x43, 0x68, 0xA1, 0xEF, 0xBE, 0xF6, 0xFD, 0x5F, 0xF3, 0x3F, 0x19,
    0x94, 0xAE, 0x54, 0x5A, 0xFA, 0x12, 0x46, 0x16, 0x45, 0x41, 0x66, 0xD2, 0x0C, 0x2D, 0x50, 0x42,
    0x19, 0x15, 0xA2, 0x45, 0xB4, 0xD0, 0x21, 0xEA, 0x62, 0x1B, 0x76, 0x62, 0x88, 0x7C, 0x1D, 0x55,
    0x85, 0x48, 0xE8, 0x54, 0x98, 0x54, 0xD8, 0xC4, 0x71, 0xCA, 0x6C, 0xE8, 0x65, 0xA0, 0x20, 0x8F,
    0x9D, 0xEA, 0x10, 0xB6, 0x69, 0x7F, 0x6C, 0xFD, 0x27, 0xA8, 0x7D, 0xE4, 0xE9, 0xD5, 0xBD, 0xB8,
    0xDE, 0xA9, 0x3B, 0x93, 0x62, 0x64, 0xBE, 0x99, 0x47, 0x4D, 0xDC, 0x78, 0x61, 0x34, 0xF6, 0x34,
    0x56, 0xF7, 0x90, 0x34, 0x10, 0x07, 0x40, 0x95, 0xAC, 0x87, 0x4F, 0x58, 0x6C, 0x02, 0x21, 0xB9,
    0x0C, 0x4B, 0x21, 0x7A, 0x0D, 0xB4, 0x0F, 0x31, 0xFD, 0x11, 0xD8, 0x0F, 0xE0, 0xBD, 0x0E, 0x11,
    0x61, 0x3E, 0x42, 0x25, 0x42, 0x27, 0xC2, 0x8D, 0x97, 0xF4, 0x9D, 0x03, 0x43, 0x72, 0x89, 0xBD,
    0x31, 0x63, 0xD6, 0x3C, 0xC1, 0x62, 0x99, 0xAC, 0x60, 0xFE, 0x9A, 0xC6, 0x37, 0xC8, 0xEB, 0x0D,
    0x27, 0x30, 0xC4, 0x02, 0x09, 0xAC, 0xCF, 0x04, 0x2E, 0x40, 0xDC, 0x67, 0x6C, 0x6A, 0x1E, 0x0B,
    0x4E, 0xAF, 0xE1, 0xCA, 0x3D, 0xA4, 0x0A, 0x89, 0x64, 0x3B, 0x23, 0xC9, 0x86, 0x89, 0xA9, 0x61,
    0x18, 0x8C, 0x75, 0x57, 0xE1, 0x1A, 0x29, 0x59, 0xE1, 0x8D, 0x48, 0x4F, 0xF4, 0x80, 0x21, 0x08,
    0x0D, 0xCF, 0x12, 0x0E, 0xE4, 0x62, 0xF6, 0x94, 0xBA, 0x87, 0x48, 0x21, 0x95, 0x88, 0x24, 0x9A,
    0x55, 0xC8, 0x43, 0xCC, 0x6F, 0x91, 0x4C, 0x1D, 0x0B, 0x43, 0x9C, 0x12, 0x42, 0xF7, 0x9C, 0x38,
    0x0D, 0xB5, 0x87, 0x28, 0x40, 0xE2, 0xB6, 0xE3, 0x1D, 0x95, 0x0E, 0xFF, 0xA4, 0xBD, 0x6F, 0xB3,
    0xD5, 0x04, 0x6D, 0xAB, 0x86, 0x66, 0xE1, 0x66, 0xEE, 0x6E, 0x9C, 0xFE, 0xAD, 0xD4, 0xDD, 0xED,
    0x4A, 0xA3, 0xBC, 0xB8, 0xC0, 0x51, 0x89, 0x5D, 0xA5, 0x77, 0xD1, 0x87, 0x32, 0xD8, 0x25, 0xF0,
    0x70, 0xE9, 0x7B, 0xA3, 0x13, 0x9E, 0x30, 0x76, 0xD7, 0x1C, 0x2B, 0xE0, 0xD8, 0x42, 0x5F, 0xDA,
    0x35, 0x0E, 0x1A, 0x0A, 0xE5, 0xCB, 0xBB, 0xBD, 0xDA, 0x12, 0xA3, 0x90, 0xA2, 0xA0, 0xD8, 0x71,
    0xC1, 0x2D, 0x8D, 0x34, 0x53, 0x23, 0xAF, 0x1F, 0xD1, 0x0A, 0xB2, 0x1B, 0xB0, 0x51, 0xE3, 0x83,
    0xED, 0x78, 0xA3, 0xD7, 0xED, 0xE5, 0xBD, 0xEE, 0x6F, 0xB3, 0x61, 0xF7, 0x6F, 0x36, 0xDF, 0x7E,
    0xC7, 0xE6, 0x36, 0x7F, 0xFF, 0x0F, 0x7A, 0xB8, 0xFC, 0x65, 0x02, 0x91, 0x14, 0xC1, 0x33, 0x90,
    0x1F, 0x12, 0x5C, 0x97, 0x4E, 0xD1, 0x59, 0x03, 0x7E, 0x03, 0xFC, 0x15, 0xDE, 0x6D, 0xED, 0xAF,
    0x5B, 0xE1, 0x5B, 0x39, 0xCE, 0x2B, 0x28, 0x2A, 0x18, 0x2E, 0xA3, 0x3F, 0xF6, 0xC7, 0x34, 0xAB,
    0xFD, 0x86, 0x0E, 0xFD, 0x4C, 0x79, 0x39, 0xB3, 0x6F, 0xD5, 0x18, 0x8A, 0x1E, 0x51, 0x4C, 0x38,
    0xF4, 0x72, 0x72, 0x35, 0xE6, 0xE0, 0x7F, 0xC4, 0x2F, 0xEB, 0xD8, 0x8E, 0x9C, 0xE0, 0x53, 0x8E,
    0x1C, 0x98, 0xCA, 0xEC, 0x4C, 0xB0, 0x76, 0x02, 0x4D, 0xC8, 0x6B, 0xC9, 0x97, 0x84, 0xDE, 0xCA,
    0x8C, 0x23, 0xF7, 0xD8, 0x0F, 0xBD, 0x82, 0x05, 0xD2, 0xB4, 0xBB, 0x36, 0x04, 0xC9, 0x34, 0xCA,
    0xF9, 0x98, 0xF7, 0xC5, 0x29, 0x77, 0x28, 0x2E, 0x06, 0xE3, 0xE2, 0x73, 0xA6, 0x3D, 0xEF, 0x78,
    0x36, 0x93, 0x82, 0x68, 0x40, 0x06, 0x5F, 0x80, 0xF7, 0x59, 0xA1, 0x74, 0xBF, 0x8E, 0xA5, 0x47,
    0xEA, 0x79, 0xBF, 0x4B, 0x71, 0x33, 0x42, 0xC2, 0xA8, 0x9A, 0xC4, 0x1B, 0xCF, 0xA2, 0xB6, 0x9D,
    0x8D, 0x74, 0x48, 0xCE, 0x22, 0x95, 0x1E, 0x8D, 0xF1, 0xF1, 0xD9, 0x67, 0x1A, 0x3C, 0x67, 0x90,
    0xB1, 0x55, 0xED, 0x2C, 0xA4, 0x37, 0x67, 0x29, 0xA4, 0x6F, 0xA4, 0xC2, 0xA1, 0x38, 0x97, 0x5E,
    0x4C, 0x5C, 0x00, 0xA4, 0x5E, 0x3B, 0xDD, 0xF1, 0x98, 0xE6, 0xE7, 0x50, 0x9E, 0x81, 0xE2, 0xDA,
    0x43, 0x31, 0xAB, 0x48, 0x45, 0xF5, 0x1F, 0xAE, 0x43, 0x14, 0x7B, 0xC2, 0xD2, 0xB7, 0x82, 0xE6,
    0xEC, 0x91, 0xD4, 0xF6, 0x64, 0xC9, 0x24, 0xE3, 0xCE, 0xF3, 0x92, 0xF3, 0xCE, 0x70, 0xE2, 0x1D,
    0xB4, 0xAD, 0x7F, 0x14, 0x5A, 0x91, 0xCF, 0x67, 0xA5, 0xBC, 0x5C, 0x54, 0xF2, 0x72, 0x8F, 0x46,
    0x72, 0x31, 0x2F, 0xA7, 0x9D, 0xBC, 0x5C, 0xA7, 0x11, 0x6C, 0xE7, 0x65, 0x65, 0xF3, 0xAA, 0x34,
    0xC5, 0x60, 0x7D, 0xDD, 0xA5, 0x4F, 0x1B, 0x5B, 0x3A, 0xB4, 0x15, 0xA8, 0x8C, 0xAA, 0x31, 0xC5,
    0x42, 0x39, 0xA5, 0xB1, 0x42, 0x23, 0xA4, 0x21, 0x5F, 0x45, 0xD9, 0xFF, 0x98, 0xC2, 0xF7, 0x98,
    0xD2, 0xFF, 0x26, 0x06, 0x86, 0x1C, 0x7A, 0x91, 0xD1, 0x0F, 0xB1, 0x41, 0x71, 0x1A, 0xA1, 0x9E,
    0xA2, 0x91, 0x22, 0x70, 0xD7, 0x46, 0xC4, 0x49, 0x40, 0xB9, 0x32, 0x7C, 0x0C, 0x7D, 0x1D, 0x0A,
    0xCB, 0xB1, 0x04, 0x8A, 0xA8, 0x8C, 0x23, 0xEA, 0x0D, 0xA8, 0x6B, 0x67, 0xF1, 0xFA, 0x82, 0x02,
    0x1B, 0x9C, 0x7A, 0x20, 0x07, 0x79, 0xC5, 0x2C, 0x50, 0xED, 0x34, 0x50, 0x49, 0x32, 0x25, 0xEF,
    0x3E, 0x14, 0x21, 0x23, 0x0D, 0x39, 0x90, 0xE3, 0x2A, 0xBB, 0x49, 0x29, 0x1F, 0xBA, 0x94, 0x4F,
    0x2E, 0x70, 0x0C, 0xAC, 0xD2, 0xEA, 0x1C, 0xDE, 0xBE, 0xDB, 0x58, 0xEA, 0x0E, 0xA5, 0xB6, 0x42,
    0x73, 0x6F, 0x0A, 0xCB, 0xC1, 0x67, 0xC5, 0xCE, 0xB0, 0x63, 0x86, 0x4B, 0x5C, 0x37, 0xCE, 0x73,
    0x01, 0xF9, 0xD0, 0x95, 0x1A, 0x73, 0x10, 0x70, 0x39, 0x6C, 0x9D, 0xE7, 0x10, 0x1D, 0x52, 0xD5,
    0x9F, 0xD9, 0x3E, 0xFA, 0xE6, 0xC9, 0x0A, 0x3A, 0x01, 0xBA, 0x2E, 0x62, 0xAD, 0xF8, 0xB9, 0x11,
    0x6F, 0x6B, 0xEF, 0xEF, 0xC0, 0x87, 0x20, 0x77, 0x92, 0x37, 0xB9, 0x4C, 0xB9, 0x89, 0x7A, 0xF8,
    0x95, 0xAC, 0x4E, 0x39, 0x4F, 0xF6, 0x1D, 0x09, 0x84, 0xDE, 0x83, 0x79, 0xA8, 0xAB, 0x3F, 0xAA,
    0x42, 0xDC, 0xAA, 0x57, 0x20, 0xDE, 0x0E, 0x16, 0xE1, 0xFF, 0x45, 0xB5, 0xE0, 0xFD, 0x4B, 0x52,
    0x7B, 0xFC, 0x58, 0x90, 0x36, 0x47, 0x82, 0xFC, 0xC6, 0xCD, 0x89, 0x35, 0x7A, 0xE5, 0x30, 0x84,
    0x95, 0xB7, 0xB4, 0xFF, 0x67, 0x27, 0xB8, 0xEF, 0x64, 0xBF, 0x07, 0xA1, 0xF4, 0xBC, 0xB0, 0x35,
    0x2F, 0x1F, 0xB9, 0x06, 0xD0, 0xFE, 0xD5, 0x3E, 0x57, 0x3A, 0xDB, 0xF5, 0x32, 0x8B, 0x4F, 0x0C,
    0x7E, 0xEA, 0xEA, 0x41, 0x34, 0xE3, 0x15, 0xAA, 0x4C, 0xAC, 0xF8, 0xE5, 0xBB, 0xB6, 0x23, 0x0D,
    0x95, 0x76, 0x7E, 0xD3, 0x67, 0xBB, 0xA9, 0xD9, 0x72, 0x44, 0x6A, 0x02, 0x60, 0x3B, 0x45, 0x36,
    0x18, 0x67, 0x03, 0xBD, 0x81, 0xA7, 0xD1, 0x16, 0x65, 0xB3, 0xA5, 0xE6, 0xD4, 0x75, 0x6D, 0xAA,
    0x45, 0x0D, 0x8B, 0xDB, 0x56, 0x99, 0x1A, 0x98, 0x20, 0xF2, 0x35, 0x05, 0x3D, 0xAE, 0x6B, 0xF9,
    0x54, 0x9A, 0xF6, 0x59, 0xAE, 0xDC, 0x05, 0x44, 0x0C, 0xB9, 0xC8, 0x67, 0x84, 0x4A, 0x09, 0x2D,
    0x81, 0x05, 0x0F, 0xCF, 0xDE, 0x31, 0x97, 0x9E, 0xD7, 0x48, 0xAB, 0x3E, 0x55, 0xE9, 0xF0, 0x01,
    0x6A, 0x01, 0xE6, 0x02, 0x2E, 0x3A, 0xCD, 0x17, 0x5D, 0x6E, 0x07, 0x48, 0xDB, 0x68, 0xFE, 0x93,
    0x2D, 0xD9, 0xE7, 0x22, 0xCC, 0x5D, 0x8B, 0x79, 0xCC, 0x71, 0x18, 0x78, 0x59, 0x15, 0xCC, 0x01,
    0xB1, 0x97, 0x85, 0xEB, 0xF6, 0xC1, 0x78, 0x52, 0xF0, 0xD5, 0x7E, 0x2D, 0x48, 0xE7, 0x12, 0x24,
    0xAE, 0x9D, 0x37, 0x4A, 0xCE, 0x63, 0x4D, 0xE3, 0x5A, 0x87, 0xC1, 0xBA, 0x51, 0xFF, 0x35, 0x2B,
    0x8A, 0xBA, 0xAB, 0x49, 0x66, 0x4C, 0xF7, 0x75, 0x45, 0xEF, 0x8B, 0x69, 0xC3, 0x20, 0x55, 0x42,
    0x2E, 0x69, 0x6B, 0x2F, 0xE0, 0xF2, 0x1D, 0x46, 0x96, 0x02, 0xAE, 0xE1, 0x43, 0x9E, 0x4C, 0xCC,
    0xF1, 0x8F, 0x55, 0x35, 0x20, 0x7C, 0xAF, 0xEF, 0xF0, 0x75, 0x46, 0x21, 0xC7, 0xFF, 0x55, 0x1D,
    0x1E, 0xD8, 0xA8, 0x46, 0x36, 0x31, 0xD7, 0xA9, 0x79, 0xEE, 0x90, 0xD7, 0xD0, 0x78, 0x0D, 0xE1,
    0x18, 0x3D, 0xA1, 0x87, 0x42, 0xF7, 0x24, 0xDA, 0x47, 0x78, 0xC2, 0xA6, 0x60, 0x8C, 0x90, 0x0E,
    0x22, 0xBE, 0xAD, 0x3E, 0xC6, 0xF4, 0x38, 0x7A, 0xA5, 0xA8, 0x72, 0xA6, 0xD0, 0x6F, 0x0B, 0xC1,
    0x19, 0x1A, 0x58, 0x41, 0x2E, 0xE6, 0x2F, 0x4D, 0x2D, 0xCE, 0x11, 0x9F, 0x50, 0xD2, 0x27, 0x1D,
    0xD7, 0xB4, 0xA4, 0x77, 0x75, 0x19, 0xD5, 0x1E, 0x82, 0x43, 0xCE, 0xCB, 0x6A, 0x88, 0x40, 0x19,
    0xDA, 0x64, 0x9F, 0x66, 0x55, 0xCF, 0x51, 0xC0, 0x07, 0x97, 0x39, 0x0F, 0x6B, 0x63, 0xAA, 0x93,
    0x22, 0x2B, 0x48, 0xA1, 0xDE, 0xE7, 0x8C, 0x8D, 0xC1, 0x5B, 0xC5, 0x26, 0x35, 0x92, 0xCD, 0x91,
    0x03, 0x86, 0x14, 0xF7, 0xCE, 0xF0, 0xE0, 0xCD, 0x43, 0xF6, 0xEA, 0x3D, 0xD4, 0x24, 0x9C, 0xDB,
    0x4F, 0xCF, 0x35, 0xA6, 0x2E, 0x4F, 0xBD, 0x8A, 0xCD, 0xA7, 0xE0, 0x5A, 0x1D, 0xCF, 0xF4, 0xE7,
    0x8C, 0x9D, 0x35, 0xF5, 0x4F, 0xF3, 0xA7, 0x80, 0x38, 0x03, 0x9A, 0xB8, 0x9D, 0x4F, 0x04, 0x3F,
    0x0C, 0xBF, 0x1B, 0x3E, 0xEE, 0x39, 0x4A, 0xB5, 0xC6, 0x30, 0x4E, 0x62, 0xAC, 0x6A, 0x59, 0xA0,
    0xBF, 0x14, 0x75, 0x96, 0x57, 0x1D, 0xF6, 0x15, 0x72, 0xC3, 0x80, 0x8E, 0xA0, 0x8F, 0xA8, 0x8E,
    0x70, 0x72, 0xC8, 0xDC, 0x54, 0x67, 0xB0, 0x61, 0x78, 0xA8, 0x34, 0x49, 0x2B, 0xFF, 0x37, 0xED,
    0x3E, 0x23, 0x95, 0x47, 0xBE, 0xAE, 0x53, 0xE2, 0x97, 0xA0, 0xCA, 0x10, 0xDF, 0x81, 0x78, 0xD7,
    0x95, 0xB7, 0xC9, 0xE9, 0xE2, 0x40, 0x5C, 0x3D, 0x8C, 0x94, 0xC9, 0x6A, 0x81, 0xB5, 0xC1, 0x33,
    0xEF, 0x98, 0xB0, 0xF5, 0xBE, 0x56, 0x9D, 0xDF, 0x43, 0x74, 0x9F, 0x83, 0xC8, 0xD6, 0xE0, 0xDB,
    0xC8, 0x15, 0x80, 0x1F, 0x9A, 0x70, 0x1E, 0xE2, 0xD5, 0xE9, 0x4A, 0xBF, 0x8F, 0x52, 0x15, 0x15,
    0xA5, 0x47, 0xCD, 0xDC, 0xED, 0x91, 0xD1, 0x31, 0x90, 0xF6, 0x08, 0x4B, 0x90, 0x65, 0x9E, 0xE6,
    0xBF, 0xEB, 0x36, 0xA0, 0x32, 0xB2, 0xC3, 0xB9, 0x4A, 0x46, 0x6F, 0x4D, 0xDD, 0x79, 0xE5, 0x61,
    0x27, 0xA5, 0x1C, 0xCE, 0xB9, 0x5D, 0x05, 0x7E, 0x54, 0x1A, 0x3C, 0xF4, 0x0E, 0xF9, 0xEC, 0x3A,
    0x21, 0x6E, 0x61, 0x8A, 0x4F, 0xAB, 0xD3, 0x67, 0x8F, 0xC4, 0x9B, 0xEC, 0x89, 0x1F, 0x15, 0x15,
    0xC2, 0xC7, 0xA5, 0x32, 0xCF, 0x04, 0xAF, 0x3F, 0x4D, 0x6E, 0xAA, 0xC0, 0xB8, 0xE0, 0xE9, 0x67,
    0xDF, 0xD2, 0x9D, 0x9F, 0x61, 0x61, 0x0E, 0xFF, 0x07, 0x95, 0x57, 0x4D, 0x88, 0x1C, 0x45, 0x14,
    0xFE, 0xBA, 0x7B, 0x76, 0x7A, 0x26, 0x35, 0xD3, 0x3D, 0x87, 0x04, 0x17, 0x33, 0x3F, 0x7B, 0x18,
    0x70, 0x89, 0xB3, 0xBB, 0x0D, 0x76, 0xB0, 0x25, 0x9D, 0xDD, 0x4A, 0x82, 0xE8, 0x49, 0x56, 0x88,
    0x7A, 0x88, 0x9A, 0x3D, 0x0A, 0x82, 0xF4, 0x61, 0x82, 0x41, 0x4C, 0xA6, 0xCC, 0xC5, 0x4B, 0xC0,
    0x09, 0x7A, 0x96, 0x05, 0x3D, 0xC4, 0x5D, 0x42, 0x46, 0xF4, 0x10, 0x64, 0x7F, 0x4A, 0x72, 0xF4,
    0x52, 0x98, 0x43, 0x84, 0x78, 0xE8, 0xB0, 0xA2, 0x60, 0x82, 0x8E, 0xBA, 0x87, 0x18, 0x36, 0xB6,
    0xAF, 0x7A, 0x66, 0x92, 0x2C, 0x9B, 0x64, 0x66, 0xBB, 0x5E, 0x75, 0xF7, 0x54, 0xBD, 0xBF, 0xFA,
    0xEA, 0xF5, 0xAB, 0x37, 0x08, 0x43, 0x94, 0xEA, 0xBE, 0x1F, 0xD0, 0x15, 0x82, 0x2E, 0xC1, 0x36,
    0x0F, 0x5F, 0x6A, 0x9E, 0xEF, 0x08, 0xDD, 0x22, 0x11, 0x88, 0xDA, 0x6D, 0x53, 0x41, 0xA0, 0x04,
    0xFB, 0x32, 0x1C, 0x1B, 0x45, 0x13, 0x45, 0xC0, 0x01, 0x66, 0xBE, 0xC4, 0x53, 0xF3, 0xB0, 0x78,
    0x4A, 0x80, 0xFB, 0x8B, 0x78, 0x61, 0x9D, 0x93, 0x02, 0x9E, 0x69, 0x6D, 0x79, 0x93, 0x0B, 0x85,
    0x85, 0x82, 0xEF, 0xAF, 0xDF, 0xE6, 0x19, 0x1A, 0x5A, 0x63, 0xB2, 0x61, 0xC1, 0xC9, 0x82, 0x15,
    0x60, 0xBD, 0x0C, 0x33, 0x46, 0x2D, 0x01, 0x06, 0x77, 0x22, 0x76, 0x0F, 0x42, 0xE9, 0x4B, 0x68,
    0x0F, 0xD2, 0x37, 0x05, 0x16, 0xFB, 0x7E, 0x54, 0xF7, 0x31, 0x8B, 0x77, 0xE3, 0xF6, 0xCA, 0xB7,
    0x95, 0xD9, 0x22, 0xBB, 0x8D, 0x2B, 0x28, 0x7B, 0x05, 0x7F, 0xB2, 0x16, 0x4F, 0x88, 0xAF, 0x15,
    0x31, 0x8F, 0x01, 0xC6, 0xDD, 0x4D, 0xD8, 0x7C, 0x0F, 0x0A, 0xD5, 0x1F, 0x45, 0xBD, 0x13, 0x49,
    0x4F, 0xA1, 0xED, 0xC9, 0x7E, 0x57, 0x50, 0xF5, 0xCE, 0x84, 0x2C, 0xEC, 0x3F, 0xC7, 0x6D, 0x4E,
    0x5E, 0xAF, 0x6F, 0xA2, 0x77, 0xCD, 0xCA, 0x92, 0x3A, 0xA0, 0x22, 0x75, 0x2A, 0x1E, 0x2F, 0xE5,
    0xF7, 0x96, 0xA3, 0x53, 0xEA, 0x1F, 0xE9, 0xC7, 0x65, 0x6F, 0x6C, 0xEF, 0xD2, 0xC5, 0xD7, 0xDE,
    0x42, 0x5E, 0xB7, 0x7D, 0x58, 0x97, 0xDB, 0x2C, 0x2C, 0x9D, 0x13, 0x75, 0xBF, 0x23, 0x3D, 0x3F,
    0x6A, 0x7B, 0x07, 0x55, 0xDB, 0x3B, 0x24, 0xDA, 0x9E, 0x2F, 0x95, 0x1E, 0x2B, 0x5C, 0x3C, 0xB0,
    0xCD, 0xC2, 0x5C, 0x22, 0xE9, 0x6E, 0x60, 0x5A, 0x79, 0x91, 0xE7, 0x05, 0x8B, 0x4C, 0x98, 0x84,
    0x94, 0xC5, 0x97, 0x2F, 0xBE, 0xF1, 0x99, 0x7E, 0x1A, 0x34, 0x9B, 0xDC, 0x03, 0xA6, 0xA5, 0x17,
    0x13, 0x02, 0xD2, 0xE2, 0xB9, 0xD2, 0x6C, 0x67, 0xDF, 0x7C, 0x7F, 0x44, 0x31, 0x81, 0xB8, 0xD4,
    0x39, 0x18, 0xE7, 0x09, 0xEC, 0xC9, 0x09, 0x62, 0x6E, 0x3A, 0x8F, 0xA0, 0xD3, 0x33, 0x68, 0x5D,
    0x17, 0x0B, 0x40, 0x07, 0x04, 0x0D, 0xD2, 0x1D, 0x24, 0x58, 0xE3, 0xB9, 0x0D, 0xDE, 0xDA, 0x00,
    0xD1, 0xDC, 0x06, 0x66, 0x36, 0x30, 0xF6, 0x05, 0xF0, 0x08, 0xE2, 0xD6, 0xB5, 0x18, 0xDD, 0x2E,
    0xE0, 0x57, 0x9C, 0x2D, 0xD8, 0x38, 0x44, 0xBD, 0xDF, 0x78, 0xEA, 0x09, 0xF9, 0xAE, 0xAF, 0x20,
    0xCE, 0xF2, 0x0B, 0xDC, 0x93, 0x8D, 0x4E, 0x35, 0x08, 0x09, 0xE1, 0x23, 0xA9, 0x99, 0x3D, 0xA8,
    0x63, 0x0D, 0x1E, 0xC5, 0x42, 0x9B, 0xBA, 0x84, 0x63, 0x72, 0x38, 0x96, 0x0D, 0x37, 0xEF, 0xF2,
    0x7D, 0x6F, 0x3E, 0xC3, 0x51, 0x7F, 0x83, 0xC3, 0xBB, 0xD1, 0x46, 0x9B, 0x9E, 0xD2, 0xA6, 0xD8,
    0x18, 0xE3, 0x3D, 0x39, 0x8F, 0xE4, 0x16, 0xFB, 0x32, 0x82, 0x64, 0x68, 0x89, 0x7B, 0xE6, 0x84,
    0x5B, 0x88, 0xD4, 0xBE, 0x77, 0xA0, 0xE0, 0x19, 0x12, 0x8B, 0x34, 0x28, 0xC7, 0x4B, 0xA6, 0xF8,
    0x80, 0x02, 0x44, 0xFB, 0xA2, 0x71, 0x29, 0xC3, 0x8B, 0x7D, 0x40, 0x45, 0x60, 0x82, 0x36, 0xFF,
    0xA6, 0x44, 0xE9, 0x9B, 0x97, 0x70, 0xF0, 0x37, 0x97, 0xE7, 0x8B, 0x64, 0xAF, 0x4C, 0x76, 0x7C,
    0xB2, 0x17, 0xD1, 0x53, 0x0D, 0xEC, 0x99, 0xCA, 0xD4, 0x71, 0x22, 0x20, 0x4D, 0xE9, 0x12, 0x40,
    0x4D, 0x34, 0x73, 0x41, 0xB1, 0xBA, 0x02, 0xED, 0x8B, 0x41, 0x53, 0x11, 0xB0, 0x37, 0x5D, 0x0F,
    0x81, 0x77, 0x18, 0xF8, 0x1C, 0xF8, 0x01, 0xC6, 0xC7, 0xDC, 0x3C, 0x26, 0x2D, 0x53, 0xDA, 0x49,
    0x5C, 0x40, 0xB7, 0x80, 0xCE, 0x24, 0x4E, 0x27, 0x66, 0xA2, 0xD9, 0x48, 0x71, 0x71, 0x97, 0x22,
    0xC4, 0xB6, 0x0C, 0xE3, 0x08, 0x1F, 0x55, 0x64, 0x1E, 0xE6, 0xAA, 0x34, 0xF6, 0x8C, 0x6C, 0xE2,
    0x1C, 0x8C, 0xAB, 0xBC, 0x1F, 0xD7, 0x23, 0xBA, 0x74, 0x06, 0xB8, 0x0A, 0x5C, 0x1F, 0x99, 0x1F,
    0xB5, 0xBB, 0x2B, 0xC8, 0xC7, 0x65, 0x8C, 0xC7, 0x39, 0xDA, 0x05, 0x60, 0x81, 0xBA, 0x4C, 0x62,
    0x43, 0xC4, 0xB0, 0x92, 0x18, 0x59, 0x8A, 0xE1, 0x02, 0xE2, 0xB1, 0x06, 0xE2, 0x62, 0xC2, 0x28,
    0xB0, 0x33, 0x30, 0x6F, 0x29, 0x86, 0x6E, 0x05, 0xED, 0x46, 0x6A, 0xE5, 0x3E, 0xD1, 0xCF, 0x2A,
    0x68, 0x07, 0x17, 0x8D, 0x44, 0x60, 0x32, 0xCD, 0x25, 0x0C, 0x58, 0xED, 0xFB, 0x6F, 0xC9, 0x34,
    0x27, 0xE8, 0x88, 0xC7, 0xCC, 0x32, 0x6D, 0x19, 0x29, 0x11, 0x2C, 0x65, 0x61, 0x09, 0xFA, 0x2F,
    0x9A, 0x3C, 0x17, 0x51, 0x2B, 0xE9, 0x6A, 0x3E, 0x52, 0x17, 0x80, 0x32, 0xD4, 0x2E, 0x44, 0xAE,
    0xC0, 0xF8, 0x19, 0xA6, 0x39, 0xAA, 0x88, 0x39, 0x06, 0xEB, 0x93, 0xBE, 0x87, 0xA3, 0x99, 0x08,
    0x28, 0x4A, 0xB4, 0xFA, 0x19, 0xE5, 0xD2, 0xF0, 0xF6, 0xE6, 0xA2, 0xA5, 0x74, 0x64, 0x5A, 0x69,
    0x76, 0x7C, 0x3C, 0x87, 0x8B, 0x03, 0x72, 0x62, 0xFE, 0xF1, 0x1C, 0x13, 0xA2, 0x19, 0xE3, 0x89,
    0x1A, 0x30, 0x73, 0x59, 0xB8, 0xE8, 0x32, 0x04, 0x0C, 0x21, 0xC3, 0x54, 0xEB, 0xCE, 0x94, 0x8B,
    0x29, 0x86, 0x46, 0xFA, 0xF3, 0xB4, 0x6B, 0x74, 0x5B, 0x09, 0x4F, 0x91, 0xFB, 0x63, 0x11, 0x38,
    0x2A, 0x7A, 0x0B, 0xC4, 0x59, 0xEE, 0xCA, 0x02, 0x98, 0x2A, 0x20, 0x4F, 0x61, 0x90, 0x0F, 0xA9,
    0x4F, 0x51, 0x77, 0xA9, 0xDB, 0xE7, 0x91, 0x37, 0x6F, 0x53, 0x76, 0xDC, 0xA2, 0x05, 0x7E, 0x88,
    0x96, 0x68, 0xA4, 0x32, 0x3A, 0x89, 0x00, 0x39, 0xFD, 0x61, 0xD0, 0xBE, 0xBB, 0x68, 0x56, 0x10,
    0x36, 0x50, 0x09, 0x51, 0x0D, 0xE1, 0xA4, 0xF7, 0x6A, 0x03, 0x53, 0x34, 0xC8, 0x78, 0x47, 0xEF,
    0x7B, 0xEF, 0xBA, 0xFF, 0x2D, 0xED, 0x4A, 0x8A, 0xE2, 0xF5, 0x7D, 0xE0, 0x23, 0xBE, 0x0B, 0xA9,
    0xDE, 0x17, 0x95, 0xDD, 0x8D, 0x08, 0xE9, 0xBF, 0x96, 0xBE, 0x8C, 0x2E, 0x92, 0x89, 0x1A, 0xE5,
    0x8E, 0x2D, 0xE9, 0xB4, 0x8B, 0x3A, 0x65, 0x2D, 0x59, 0x37, 0x6F, 0x75, 0x5D, 0x6C, 0x56, 0x8C,
    0x95, 0x86, 0x55, 0x09, 0xB3, 0xD5, 0xB0, 0xE0, 0x84, 0xF5, 0x6A, 0xE8, 0x55, 0x1B, 0xED, 0xA9,
    0xAA, 0xD4, 0x92, 0x76, 0x22, 0x72, 0xD8, 0x8E, 0x20, 0x08, 0xD4, 0x35, 0x07, 0xBE, 0x83, 0xFA,
    0x4E, 0x72, 0xE1, 0x91, 0x94, 0xB9, 0x13, 0xC1, 0x5D, 0x49, 0x4D, 0xA7, 0x08, 0x0A, 0xB1, 0x0B,
    0xA9, 0x0B, 0x1C, 0x1B, 0xB2, 0x27, 0xBD, 0x0B, 0x43, 0x96, 0xA0, 0x74, 0xDF, 0x5B, 0xD4, 0xCC,
    0x85, 0x55, 0xC6, 0x7D, 0x4B, 0x2E, 0x18, 0x4A, 0xE2, 0x2F, 0xA1, 0x1D, 0x38, 0x9C, 0x26, 0x83,
    0x1E, 0x4D, 0xD1, 0x71, 0x28, 0xD2, 0x58, 0xA6, 0xD0, 0x05, 0xFB, 0x0A, 0x8C, 0x80, 0x34, 0x14,
    0x33, 0x62, 0x4D, 0xA6, 0x64, 0x27, 0x38, 0x3B, 0xAE, 0xA7, 0x5A, 0x31, 0x8C, 0xFF, 0xC0, 0x2C,
    0xE1, 0x18, 0xD2, 0x31, 0xD4, 0x7B, 0xD5, 0xB6, 0x13, 0x40, 0xD3, 0x34, 0x1C, 0xA6, 0x1C, 0x74,
    0x9D, 0x89, 0xC8, 0x89, 0xA2, 0xB3, 0xD3, 0xEA, 0x3E, 0x42, 0xA6, 0xD4, 0x11, 0x40, 0x19, 0xDF,
    0x5D, 0x41, 0xD9, 0x41, 0xC6, 0xD1, 0x29, 0xA3, 0xF6, 0x36, 0x02, 0x47, 0x53, 0x38, 0x83, 0xDA,
    0x0D, 0xF1, 0x20, 0x7D, 0x46, 0xFA, 0xB4, 0x18, 0x85, 0xD9, 0xE8, 0xC2, 0x6A, 0x22, 0x93, 0x1B,
    0xCE, 0x4C, 0x87, 0xBD, 0xF3, 0x3B, 0x32, 0x93, 0xC3, 0x39, 0xC7, 0xC6, 0xE1, 0xF6, 0xBE, 0xA8,
    0xA1, 0x3A, 0x29, 0xF1, 0x8E, 0x6B, 0xA2, 0x97, 0xE1, 0xDE, 0xF2, 0x12, 0xDC, 0xB5, 0x3F, 0x79,
    0xD9, 0x3D, 0x2A, 0x33, 0x2E, 0x1D, 0x7B, 0xB5, 0xD7, 0x55, 0xED, 0xE4, 0x52, 0x3B, 0x20, 0x40,
    0x75, 0x0F, 0x9F, 0x15, 0xA2, 0x76, 0x33, 0xE9, 0x1D, 0x22, 0x9C, 0xAD, 0x96, 0x9D, 0x30, 0x13,
    0x40, 0x37, 0x0A, 0xF3, 0xAC, 0xBD, 0x45, 0xA7, 0x72, 0x13, 0x81, 0xD5, 0x1D, 0x20, 0x6A, 0x0C,
    0x10, 0x65, 0x64, 0xD6, 0xD5, 0xB9, 0xE4, 0xF0, 0x09, 0xCC, 0x2E, 0xE9, 0x34, 0x4C, 0x08, 0x56,
    0x4D, 0xD8, 0xF7, 0xB0, 0x13, 0xD1, 0xA1, 0xCC, 0x7A, 0x4D, 0x4D, 0xE4, 0x72, 0xC3, 0x99, 0x1F,
    0xC6, 0x69, 0x98, 0xDA, 0x26, 0xCA, 0xBA, 0x8A, 0xC3, 0x59, 0x3A, 0x6A, 0x1E, 0x6E, 0x2D, 0xA9,
    0x8F, 0x1B, 0x3B, 0x0D, 0xCF, 0x47, 0xCD, 0xD5, 0xF0, 0x3C, 0xE7, 0xE2, 0x51, 0x73, 0xAF, 0x8A,
    0xBF, 0xD3, 0x6F, 0x61, 0xE7, 0x4C, 0x36, 0x0B, 0xE3, 0x0E, 0xCC, 0x2D, 0x18, 0x0E, 0x8C, 0x65,
    0x38, 0x27, 0x45, 0xC3, 0x12, 0x81, 0x25, 0x7B, 0x14, 0x5A, 0xA2, 0x6C, 0x0F, 0xFC, 0xA2, 0xB2,
    0xF9, 0x3B, 0x8E, 0xA7, 0x29, 0x6D, 0xE0, 0xCC, 0x3A, 0x77, 0x2D, 0xE9, 0x98, 0x32, 0x8D, 0xE9,
    0x07, 0xD4, 0xFA, 0x5E, 0x17, 0x93, 0xB6, 0x48, 0xF1, 0x2E, 0xA5, 0x6B, 0xBD, 0x04, 0xD2, 0x10,
    0x6E, 0xD7, 0x59, 0xB1, 0x1F, 0xC2, 0x7B, 0x2A, 0xCD, 0x23, 0x7C, 0x34, 0x66, 0x8A, 0xE0, 0x2B,
    0x18, 0xCB, 0x0D, 0x67, 0x36, 0xA8, 0xB6, 0xFB, 0xB5, 0x1F, 0xC1, 0x4F, 0xE6, 0xCC, 0xE6, 0xC0,
    0x2A, 0x83, 0x9D, 0x19, 0xE2, 0x80, 0x25, 0xA8, 0x66, 0x04, 0x15, 0xDC, 0xC7, 0xE9, 0x38, 0xE4,
    0x96, 0x8E, 0xD4, 0x23, 0x9C, 0x5D, 0x4E, 0xB7, 0x73, 0xBF, 0x08, 0x9E, 0x93, 0xC1, 0xA7, 0x32,
    0xB8, 0x2A, 0xE7, 0x2C, 0x51, 0xA5, 0xBA, 0xF2, 0x5E, 0xBF, 0xEA, 0xD2, 0x7C, 0xAA, 0x5F, 0x22,
    0x9C, 0x61, 0xB2, 0x68, 0x6E, 0x23, 0xC7, 0x92, 0xAE, 0x2D, 0xED, 0x7F, 0x07, 0x85, 0x7E, 0x25,
    0x2D, 0x0E, 0xE6, 0x47, 0x63, 0xDE, 0x4C, 0xCB, 0x02, 0x63, 0x38, 0xB3, 0xF9, 0xE2, 0x83, 0x82,
    0x60, 0xB8, 0xDA, 0xC6, 0x60, 0x4F, 0xE8, 0xEF, 0x01, 0x53, 0x0D, 0x8B, 0x57, 0x2C, 0xB8, 0x59,
    0xD8, 0x79, 0x58, 0xE7, 0x61, 0xFE, 0x94, 0x26, 0x7F, 0xAA, 0xE0, 0xE9, 0x08, 0x96, 0x7A, 0x75,
    0x67, 0x53, 0xA1, 0xD5, 0xD4, 0xF7, 0x62, 0x8F, 0x92, 0x34, 0x40, 0x0C, 0x55, 0x84, 0x26, 0x87,
    0xC8, 0x50, 0xEE, 0x31, 0x59, 0x4C, 0x06, 0x0C, 0x3A, 0x2D, 0x6B, 0x29, 0x33, 0x07, 0xFB, 0x95,
    0xBE, 0xD9, 0xD1, 0x6D, 0xFD, 0x0F, 0x9D, 0x58, 0x41, 0x8C, 0x23, 0x47, 0x15, 0x7D, 0xDD, 0xE5,
    0x99, 0xB6, 0x5D, 0x76, 0x77, 0x0E, 0x83, 0x34, 0x80, 0x7B, 0xEC, 0xC3, 0x1E, 0x06, 0xD4, 0x33,
    0xF6, 0x61, 0x44, 0x2C, 0xE8, 0xC9, 0x16, 0x9B, 0x03, 0x17, 0x40, 0x3E, 0x30, 0x27, 0x24, 0x34,
    0x07, 0x0E, 0x1C, 0x12, 0x62, 0xA1, 0x11, 0x19, 0xA1, 0xCD, 0xBA, 0x92, 0x1C, 0x72, 0x09, 0xD2,
    0x04, 0x71, 0x05, 0xCD, 0x61, 0x0F, 0xC9, 0x86, 0x28, 0x2D, 0x40, 0x68, 0x0F, 0x3B, 0x33, 0x45,
    0x38, 0xA1, 0x70, 0xE8, 0x1C, 0x50, 0x90, 0xC8, 0xC1, 0x22, 0x48, 0x48, 0xD9, 0x15, 0x6A, 0x14,
    0xA3, 0x0C, 0xAB, 0xD9, 0x35, 0xBF, 0xAA, 0xDB, 0x33, 0xF6, 0x8E, 0xED, 0x69, 0xA7, 0xEB, 0x97,
    0x55, 0x76, 0x57, 0xBD, 0xFF, 0xAB, 0xEA, 0xFF, 0x57, 0xBF, 0x8C, 0x1D, 0x58, 0x77, 0xA0, 0x9F,
    0x10, 0xD8, 0x06, 0x7E, 0x0D, 0xBC, 0x0F, 0xEB, 0x35, 0x61, 0x3F, 0xAB, 0x98, 0xAD, 0x9C, 0x61,
    0xBF, 0x82, 0xA4, 0x82, 0x68, 0x1D, 0xFB, 0x43, 0x7B, 0xB8, 0xF4, 0x3D, 0x2C, 0xBF, 0x09, 0x08,
    0x78, 0xF7, 0x50, 0x73, 0x51, 0x70, 0x81, 0x35, 0xD4, 0x7F, 0x80, 0xB6, 0xAB, 0x25, 0x6C, 0xA2,
    0xFE, 0x77, 0xA9, 0xA1, 0xBE, 0x09, 0xDC, 0x07, 0x7E, 0x94, 0x17, 0xB6, 0x50, 0x84, 0xF3, 0x1C,
    0xAC, 0xC3, 0x1C, 0xC8, 0xF9, 0x00, 0x81, 0x06, 0x10, 0x1B, 0x39, 0xD2, 0x43, 0xE6, 0xC3, 0xAE,
    0x02, 0x5D, 0x23, 0xD7, 0x33, 0x0D, 0x70, 0x04, 0xA8, 0xE7, 0x0A, 0x50, 0x80, 0x7D, 0x3F, 0xE6,
    0x48, 0x7C, 0x1C, 0x04, 0x46, 0xF3, 0xB9, 0x04, 0x1A, 0x09, 0x5C, 0x1E, 0x5A, 0x43, 0x39, 0xB2,
    0x2B, 0x82, 0x84, 0xE0, 0x47, 0x35, 0x37, 0x2C, 0xB4, 0xA1, 0x4B, 0x88, 0xB5, 0x65, 0xE7, 0x2C,
    0x7D, 0x4D, 0x36, 0xBF, 0x08, 0xBC, 0x2C, 0x16, 0xC1, 0xB4, 0x12, 0xB6, 0xBF, 0x54, 0x9C, 0x81,
    0x59, 0x03, 0x36, 0x4C, 0xAF, 0xFC, 0x80, 0x7D, 0x2A, 0x98, 0x6D, 0xE2, 0x7B, 0x02, 0xB7, 0x80,
    0xF5, 0x85, 0xA6, 0xBD, 0x5C, 0x61, 0x03, 0x1C, 0xCE, 0xC4, 0xB4, 0x5F, 0x03, 0x1E, 0x00, 0x3F,
    0xD4, 0xED, 0xE6, 0xBB, 0xD2, 0x43, 0xC2, 0xD1, 0xE6, 0x08, 0x39, 0x36, 0x46, 0x12, 0x98, 0xAF,
    0xFB, 0x9E, 0x95, 0xF4, 0x86, 0x02, 0xF5, 0x9F, 0x83, 0xBD, 0x0E, 0xF6, 0x4B, 0x3C, 0x2B, 0xF9,
    0x67, 0x72, 0x83, 0xCB, 0x90, 0xC9, 0xF6, 0x48, 0xA8, 0xED, 0x73, 0xFA, 0x3D, 0x49, 0xED, 0x7D,
    0x02, 0xB0, 0x77, 0xBA, 0xE1, 0x4D, 0x01, 0x94, 0x60, 0x12, 0x27, 0x09, 0x7D, 0x3A, 0x1F, 0xCB,
    0xB5, 0xBA, 0x0C, 0x9D, 0x09, 0xC0, 0x8D, 0x11, 0xA0, 0xB5, 0x03, 0xFB, 0x2D, 0x03, 0xFB, 0xB6,
    0xF2, 0x40, 0xD3, 0x97, 0x9C, 0x66, 0x4A, 0x32, 0x44, 0xD6, 0xD0, 0xD2, 0xF2, 0xD0, 0xED, 0x0D,
    0x93, 0xF3, 0x48, 0xE0, 0xE4, 0x58, 0x9E, 0xD6, 0xB7, 0xFD, 0x7D, 0x3C, 0x73, 0x87, 0x26, 0xAF,
    0x57, 0x69, 0xCD, 0x86, 0xF3, 0xC8, 0x4C, 0xDF, 0x02, 0xFB, 0x15, 0x70, 0x3B, 0x2F, 0xEC, 0x78,
    0x24, 0xCC, 0x47, 0xC6, 0x9E, 0x11, 0xE4, 0x45, 0xD6, 0xB1, 0xD0, 0x47, 0x1A, 0x0C, 0x57, 0x20,
    0xE7, 0x04, 0xB4, 0x81, 0xAA, 0x11, 0x1E, 0x5F, 0x0D, 0xDB, 0x35, 0xC1, 0xF8, 0x4F, 0xE0, 0x79,
    0xDD, 0x97, 0x95, 0x61, 0x91, 0x7F, 0x1C, 0xE6, 0xD6, 0x05, 0x94, 0x6B, 0x60, 0x11, 0x70, 0x90,
    0xCB, 0x7E, 0xD4, 0x81, 0xA7, 0x05, 0x3A, 0x12, 0x4B, 0xB0, 0x1E, 0x26, 0x5C, 0xEC, 0xFB, 0x68,
    0x5C, 0x78, 0xB2, 0xF5, 0x56, 0x88, 0x9B, 0x81, 0x21, 0x01, 0x2E, 0xDB, 0xD6, 0x70, 0x90, 0x0E,
    0xB2, 0xFB, 0x70, 0xBA, 0x28, 0x16, 0x81, 0x1B, 0xC2, 0x3B, 0x56, 0x41, 0x0D, 0x61, 0x55, 0x8B,
    0x1F, 0xA0, 0x7C, 0xA8, 0x59, 0x62, 0xED, 0x4D, 0x78, 0x43, 0x74, 0x99, 0x88, 0x98, 0xE8, 0x3A,
    0x68, 0x9E, 0xA6, 0xEB, 0x29, 0xF1, 0x53, 0x85, 0x2F, 0x21, 0xBF, 0xAE, 0x62, 0x01, 0xE5, 0x3D,
    0xD8, 0x07, 0x0B, 0x2A, 0x22, 0x4A, 0xF2, 0x4C, 0x23, 0xB7, 0x22, 0x4B, 0xC1, 0x36, 0x9B, 0xB3,
    0x98, 0xA2, 0xFC, 0x8B, 0x56, 0x35, 0x34, 0xB4, 0x62, 0x46, 0xED, 0x9A, 0x2D, 0x96, 0x0B, 0xEA,
    0xCA, 0x76, 0x0B, 0x4F, 0xD3, 0xC0, 0x4E, 0x4A, 0x29, 0xCD, 0xF8, 0x44, 0x50, 0x20, 0xD3, 0xF6,
    0x07, 0x17, 0x75, 0x78, 0x36, 0xF9, 0x9D, 0xAA, 0xEE, 0xD3, 0x8B, 0x53, 0x1E, 0x1A, 0xC0, 0xFE,
    0x08, 0xF6, 0x92, 0xA6, 0x7B, 0x7F, 0xE4, 0x97, 0xEE, 0x10, 0x1E, 0x93, 0xAE, 0xAD, 0xAA, 0x63,
    0x42, 0x5F, 0x4F, 0x5E, 0x49, 0xC6, 0xD5, 0xD4, 0x77, 0x9E, 0x17, 0xCD, 0x3B, 0xC7, 0xE2, 0x2A,
    0x35, 0x29, 0xF4, 0xC9, 0xC0, 0xA0, 0x1F, 0xC3, 0xFB, 0x96, 0x74, 0xD9, 0x14, 0xE8, 0x15, 0xBC,
    0xDB, 0xBD, 0x71, 0xA0, 0xE1, 0x3D, 0x1A, 0x3E, 0x59, 0x3C, 0x02, 0x2A, 0xE0, 0x1B, 0xB7, 0x75,
    0x80, 0xD7, 0x25, 0x9B, 0x28, 0xF5, 0xE4, 0x0B, 0x9D, 0xAF, 0xCE, 0x19, 0xB7, 0x23, 0xEE, 0x08,
    0x10, 0x3F, 0xBB, 0x13, 0xA5, 0xA7, 0x9E, 0xEA, 0x7C, 0x5D, 0x95, 0xC5, 0xEC, 0x71, 0x42, 0xFE,
    0x41, 0x92, 0x73, 0x4E, 0x19, 0x39, 0x7B, 0x4C, 0x99, 0x76, 0x95, 0x26, 0xAE, 0xF4, 0x32, 0xBA,
    0x66, 0x4F, 0x2E, 0x8F, 0x2E, 0xD1, 0x41, 0xD1, 0xD6, 0xEC, 0x6A, 0xC6, 0xA4, 0x0B, 0x3A, 0x1D,
    0x6D, 0xBA, 0x6E, 0x34, 0x3F, 0x3C, 0x35, 0xEC, 0x3D, 0x5D, 0xE8, 0x55, 0x2F, 0x4E, 0x0C, 0x67,
    0xF5, 0x61, 0x2B, 0xD4, 0x85, 0x76, 0x37, 0x5B, 0xAF, 0x79, 0xEA, 0x34, 0xB7, 0xB8, 0xA2, 0xB6,
    0x6B, 0x3F, 0x29, 0xBD, 0xF7, 0x94, 0xEE, 0x4F, 0xDD, 0x98, 0xC0, 0x66, 0xDA, 0x97, 0xA9, 0x72,
    0x54, 0x24, 0x2F, 0xE5, 0x03, 0xA6, 0xEC, 0x29, 0x85, 0x51, 0x71, 0xC4, 0xB6, 0xE9, 0xEB, 0x09,
    0x5F, 0x35, 0x3A, 0xB4, 0x3F, 0x82, 0x5D, 0x2A, 0x0E, 0x39, 0x49, 0x38, 0xE2, 0xC8, 0xF8, 0x8C,
    0x66, 0xD7, 0x07, 0xB7, 0x24, 0xB8, 0x43, 0xD8, 0x15, 0xAA, 0xF4, 0x92, 0xFF, 0x9B, 0x2A, 0x27,
    0x92, 0x22, 0x0B, 0xB8, 0x95, 0x50, 0x9F, 0xBB, 0xB4, 0x06, 0xCD, 0x74, 0x10, 0x05, 0x8B, 0x3E,
    0x5F, 0x75, 0x7A, 0x32, 0xEE, 0xA9, 0xD5, 0xBA, 0xAA, 0xBA, 0xA8, 0xAE, 0xA3, 0xDA, 0x85, 0x3B,
    0x80, 0x1B, 0xA2, 0xEA, 0xC1, 0xE5, 0x32, 0xF3, 0xD4, 0xAE, 0xA1, 0x4A, 0xE3, 0xE7, 0x2F, 0xCD,
    0xED, 0x69, 0xF5, 0xF5, 0x59, 0x67, 0x65, 0xF6, 0xE9, 0x6D, 0xE1, 0x53, 0xA4, 0x61, 0x78, 0x35,
    0x32, 0xBC, 0xCA, 0x14, 0x47, 0x91, 0x6C, 0xF1, 0xC9, 0x8C, 0x27, 0x8B, 0x8B, 0x13, 0x95, 0x1B,
    0x08, 0xD8, 0x32, 0x86, 0x8A, 0xB9, 0x60, 0x55, 0x5A, 0x01, 0xC3, 0x16, 0xCD, 0x0F, 0x94, 0x67,
    0x0B, 0x6E, 0xCD, 0x03, 0x3D, 0x6A, 0xF9, 0xBB, 0x55, 0x91, 0xC7, 0x2A, 0x4B, 0x71, 0x5B, 0x4D,
    0x01, 0x18, 0xB7, 0xA4, 0x4D, 0x65, 0x26, 0xC0, 0xBA, 0x3E, 0xC4, 0x88, 0x86, 0x5E, 0x98, 0x04,
    0x18, 0xF7, 0x5B, 0x4F, 0xD5, 0xF1, 0xE3, 0xB4, 0x95, 0xFA, 0xAF, 0x5E, 0x3C, 0x4A, 0x15, 0x35,
    0x9F, 0x67, 0x1E, 0x81, 0x5B, 0xC2, 0x53, 0x15, 0x82, 0xAA, 0xA0, 0x44, 0xC9, 0x68, 0x29, 0xA4,
    0xBA, 0x41, 0xD5, 0xA3, 0xEA, 0xBC, 0x8E, 0x92, 0xFD, 0x00, 0x25, 0x9C, 0x91, 0x09, 0x37, 0xD1,
    0x93, 0xC1, 0x88, 0xD3, 0xD7, 0x8D, 0x3B, 0x14, 0xF0, 0x12, 0xD1, 0x51, 0xEA, 0xD0, 0xD6, 0x84,
    0xF4, 0xFE, 0x38, 0xF8, 0xBC, 0xE8, 0x26, 0x78, 0xC9, 0x2F, 0xCD, 0x9A, 0x5F, 0xA9, 0x21, 0xDD,
    0xC0, 0x4E, 0x3A, 0x72, 0x57, 0xD3, 0x03, 0xC5, 0x5C, 0xF9, 0x73, 0xCF, 0xED, 0x22, 0xF5, 0xBB,
    0x52, 0xF3, 0x5D, 0xAA, 0x37, 0xA9, 0xAE, 0x92, 0xFB, 0xFC, 0xE4, 0xFE, 0x29, 0xC4, 0x5D, 0x42,
    0x88, 0xAA, 0x97, 0x6B, 0x52, 0x05, 0x3B, 0xF3, 0xE4, 0x84, 0x45, 0xFD, 0x31, 0x8B, 0x36, 0x33,
    0x8B, 0xD8, 0x5F, 0x50, 0xB2, 0x46, 0x16, 0x85, 0x64, 0x51, 0x2D, 0x5B, 0x88, 0x51, 0x00, 0x66,
    0x19, 0xE4, 0x3C, 0xCB, 0x94, 0x39, 0x3E, 0x95, 0x8E, 0xA8, 0x94, 0xDF, 0x76, 0x04, 0x88, 0x82,
    0x57, 0x74, 0x6E, 0xEC, 0x61, 0xCF, 0x47, 0x18, 0xC0, 0xA7, 0x54, 0x37, 0xD4, 0x51, 0x48, 0x9F,
    0x6B, 0x01, 0x36, 0xE8, 0x47, 0x2E, 0xA2, 0x34, 0x37, 0xBE, 0x48, 0x11, 0xDF, 0x41, 0xCD, 0x81,
    0xC9, 0x63, 0x55, 0x2A, 0x3A, 0x8F, 0x75, 0x46, 0xE9, 0x8A, 0x14, 0xF8, 0x97, 0xC0, 0x57, 0xB0,
    0x00, 0x72, 0x01, 0xEC, 0x37, 0xA3, 0x2C, 0x71, 0x3E, 0x38, 0x3D, 0xED, 0x3E, 0x7E, 0xAB, 0xF0,
    0xCA, 0x02, 0xF8, 0x7A, 0xF3, 0x3E, 0x14, 0xEC, 0x3B, 0x58, 0x5A, 0xC9, 0xA1, 0x82, 0xFA, 0xD8,
    0x9F, 0x3C, 0xBC, 0x47, 0x5C, 0x58, 0xF1, 0xA9, 0x06, 0xC4, 0x89, 0xA1, 0xA9, 0xC3, 0x7E, 0x98,
    0xB5, 0xF5, 0x6F, 0xF4, 0x6E, 0x99, 0x8B, 0x7E, 0xD9, 0x1A, 0x0E, 0x1F, 0x65, 0x79, 0x28, 0x21,
    0xFF, 0x2C, 0xAE, 0x39, 0xFD, 0x28, 0x64, 0x6A, 0xAF, 0xCD, 0xFE, 0xBA, 0xDF, 0x66, 0x9F, 0xDC,
    0x26, 0x78, 0xD2, 0xA5, 0xE0, 0x3B, 0x49, 0xC3, 0x39, 0xBB, 0x1E, 0x8F, 0xA6, 0xE1, 0x1B, 0x07,
    0xED, 0xA4, 0x79, 0xBF, 0xF0, 0x28, 0xDE, 0xAD, 0xBE, 0x91, 0x98, 0x13, 0x2D, 0x1F, 0x81, 0xD3,
    0xE1, 0xE3, 0x48, 0x62, 0x5D, 0x9D, 0xF7, 0xC7, 0xDA, 0x9B, 0x22, 0x4B, 0xD9, 0x9A, 0x32, 0x1F,
    0x7B, 0xDF, 0xF5, 0xC6, 0x0F, 0x9F, 0x38, 0x3F, 0xC4, 0x58, 0x4C, 0x4C, 0x83, 0x39, 0xA7, 0x33,
    0x56, 0x82, 0x75, 0x3A, 0x4A, 0x68, 0x73, 0x41, 0xAF, 0xB6, 0xBC, 0xD8, 0x96, 0x33, 0xAC, 0xD3,
    0x29, 0x6D, 0x64, 0x18, 0xBF, 0x03, 0xEF, 0x1D, 0x7D, 0xA1, 0x69, 0x2F, 0xE9, 0x83, 0x87, 0x8E,
    0x33, 0xDE, 0x87, 0x75, 0x64, 0x12, 0x41, 0x47, 0xB4, 0x1C, 0x41, 0x57, 0x9F, 0xFA, 0xDD, 0x6C,
    0x85, 0x92, 0x74, 0xBE, 0x6B, 0xD1, 0x56, 0x7B, 0x0B, 0x9B, 0xC2, 0x49, 0xB0, 0xDF, 0x08, 0x5A,
    0xEB, 0x9B, 0x49, 0x76, 0x97, 0x04, 0xDB, 0x07, 0xDD, 0x26, 0x17, 0xC1, 0xD4, 0x07, 0x67, 0x61,
    0x65, 0x06, 0x66, 0x3E, 0x1C, 0x0A, 0x22, 0x3D, 0x97, 0x16, 0x58, 0x7A, 0xFD, 0x98, 0x82, 0xC5,
    0x84, 0x15, 0x23, 0xF6, 0x52, 0x52, 0xBD, 0x48, 0xF4, 0x17, 0xB0, 0x73, 0xB5, 0xC5, 0xCD, 0x6A,
    0xCE, 0x98, 0xFB, 0xF1, 0xC3, 0xE4, 0x30, 0x6A, 0xC9, 0xA8, 0xA1, 0x2D, 0xB9, 0x2C, 0x09, 0x9C,
    0xC7, 0x26, 0x7F, 0x0D, 0x34, 0x41, 0x58, 0xD9, 0x75, 0xA0, 0x42, 0x2E, 0xD7, 0x8B, 0x6B, 0xB8,
    0x28, 0x3E, 0xBC, 0x78, 0xC2, 0xD6, 0xF1, 0x6D, 0xCF, 0xA5, 0xA3, 0x85, 0x6E, 0x45, 0x4C, 0x83,
    0x9D, 0x66, 0xE6, 0xD2, 0x7F, 0x05, 0xC9, 0x93, 0x10, 0x63, 0x76, 0xF5, 0x94, 0x3F, 0x0E, 0xD0,
    0x81, 0xF5, 0x48, 0x59, 0xCB, 0x3A, 0x51, 0xEA, 0xC9, 0x63, 0x17, 0x5B, 0x2E, 0xAE, 0x5D, 0x16,
    0x0F, 0x2D, 0x0A, 0x74, 0xDB, 0x04, 0xBA, 0x25, 0xB0, 0xFC, 0x19, 0x0A, 0x5F, 0x34, 0x99, 0x05,
    0x9F, 0x48, 0x66, 0x75, 0x3E, 0x4B, 0xDE, 0xEA, 0x28, 0xE7, 0x7F, 0x83, 0x0B, 0xF2, 0xCB, 0x8F,
    0x3C, 0xBA, 0x4C, 0x5F, 0x01, 0x7B, 0x4E, 0x7E, 0xF9, 0x91, 0xC7, 0xAE, 0xD4, 0x57, 0x80, 0x93,
    0xCB, 0xFC, 0x42, 0x68, 0xD9, 0x5C, 0x00, 0x1F, 0xBF, 0x07, 0xFB, 0x36, 0x58, 0x45, 0xDF, 0x29,
    0xAE, 0x56, 0xA1, 0xFF, 0xF7, 0x49, 0x32, 0x7E, 0xCD, 0xAF, 0x82, 0x9E, 0x4F, 0x95, 0xFD, 0x3E,
    0xEC, 0x62, 0x3E, 0x15, 0x84, 0x4B, 0x5E, 0x7F, 0x8D, 0xE8, 0x61, 0x76, 0xF5, 0x88, 0xAB, 0x1C,
    0xD9, 0x85, 0x51, 0xA1, 0x8F, 0xB8, 0x56, 0x9A, 0x39, 0xA2, 0x79, 0x7E, 0xCF, 0x9A, 0xA7, 0x68,
    0xD9, 0x9C, 0x8F, 0xFE, 0xE8, 0x36, 0x9F, 0x3E, 0x5A, 0x3F, 0x1D, 0xEC, 0xD0, 0x37, 0xAB, 0xF4,
    0x39, 0x11, 0xD1, 0x97, 0x63, 0x1F, 0x09, 0x23, 0x9D, 0xA7, 0x0C, 0x9E, 0x75, 0xAF, 0x0C, 0x7E,
    0xE3, 0x39, 0x3A, 0x96, 0x5F, 0xF5, 0x2B, 0x60, 0x7F, 0x72, 0x57, 0x61, 0xFF, 0x99, 0x5F, 0x83,
    0xF5, 0x91, 0x43, 0xFA, 0x1F, 0xE8, 0x48, 0x3E, 0xD5, 0x81, 0xBF, 0x97, 0xDD, 0x43, 0xC1, 0xC9,
    0xBA, 0x2A, 0xB5, 0x1B, 0x8D, 0xD4, 0xE5, 0xD9, 0x8D, 0x41, 0xC0, 0x65, 0x5C, 0x73, 0x95, 0x72,
    0x8B, 0x1F, 0x48, 0xEF, 0xDA, 0x3F, 0x04, 0x6F, 0xFD, 0x0E, 0x6C, 0xF7, 0x6B, 0x60, 0xF1, 0x36,
    0x9D, 0xBF, 0xC1, 0xD8, 0xBF, 0x67, 0x52, 0x7B, 0x60, 0xF3, 0x8D, 0x23, 0x2E, 0xB6, 0x98, 0xDA,
    0xB5, 0x62, 0x85, 0xFF, 0x48, 0xFD, 0xFB, 0xB6, 0x09, 0xDD, 0x54, 0x36, 0x80, 0x74, 0x91, 0x13,
    0xD8, 0x74, 0x48, 0x1A, 0xC3, 0x4F, 0x78, 0x1C, 0x30, 0xE1, 0x93, 0xBD, 0xCB, 0x70, 0x4A, 0xFA,
    0x0F, 0x26, 0xFB, 0x6F, 0x26, 0x07, 0x88, 0x4C, 0xF0, 0x9A, 0x33, 0xFE, 0x56, 0x6A, 0xDF, 0x1B,
    0x02, 0x1F, 0x67, 0x37, 0x8C, 0xBC, 0x8A, 0x02, 0xB3, 0xD6, 0xA6, 0xF9, 0xCC, 0xDB, 0xAA, 0xE5,
    0xC8, 0x86, 0x67, 0xDE, 0xEE, 0x6B, 0x15, 0xC4, 0x16, 0xFA, 0x22, 0x20, 0xB0, 0x86, 0x83, 0x10,
    0x71, 0x6F, 0x18, 0x1B, 0x7A, 0xEF, 0xEB, 0xE3, 0xEF, 0xFA, 0xE3, 0x56, 0x88, 0x3D, 0xF4, 0xF5,
    0xE5, 0xC3, 0xB5, 0x83, 0xE5, 0xDE, 0x63, 0xBD, 0x61, 0x51, 0xB6, 0xD4, 0x79, 0xB0, 0x2C, 0x2A,
    0xBA, 0xEF, 0x14, 0xA4, 0x49, 0x76, 0xCA, 0x67, 0x58, 0x69, 0x95, 0x45, 0xD6, 0xC1, 0x74, 0x38,
    0x76, 0xCF, 0xAD, 0x4D, 0x4D, 0xEB, 0xE3, 0xFF, 0x03, 0xB5, 0x58, 0x4D, 0x6C, 0x1B, 0xC7, 0x15,
    0xFE, 0x76, 0x57, 0xD2, 0x52, 0x1A, 0x71, 0xD7, 0x07, 0x07, 0x70, 0x50, 0xFE, 0x1D, 0x74, 0x50,
    0x5C, 0x4A, 0x24, 0x50, 0xA2, 0x60, 0x5A, 0x26, 0x1A, 0x27, 0x40, 0x8A, 0xA2, 0x68, 0xE0, 0x02,
    0x75, 0x2F, 0x41, 0x13, 0x1F, 0x72, 0xE8, 0x51, 0x07, 0xB5, 0x10, 0x50, 0xCB, 0x9C, 0xB8, 0x87,
    0x5E, 0x8A, 0x42, 0x45, 0xEF, 0x05, 0x0F, 0x3D, 0xA4, 0x76, 0x0C, 0x2F, 0x0A, 0xA1, 0x30, 0x10,
    0xC9, 0xDA, 0xD6, 0x87, 0xA2, 0xE8, 0x65, 0xEB, 0x6B, 0x2F, 0xAC, 0xD1, 0x43, 0x01, 0x07, 0xE9,
    0x02, 0x25, 0x10, 0xC5, 0x90, 0xB5, 0xFD, 0xDE, 0xF0, 0x47, 0x94, 0xEC, 0xC8, 0xA4, 0x83, 0x2C,
    0x67, 0x1E, 0xA9, 0xF5, 0xF2, 0x7B, 0x33, 0x6F, 0xDE, 0xFB, 0xDE, 0x47, 0x03, 0xBC, 0xCE, 0x7B,
    0xB1, 0xFB, 0xE8, 0x41, 0x1C, 0xE2, 0x67, 0xA6, 0x88, 0xD7, 0x50, 0x45, 0x11, 0x2D, 0x94, 0x38,
    0x83, 0xC1, 0x7B, 0x89, 0xF7, 0x56, 0xEC, 0x5D, 0xA5, 0x23, 0x38, 0x99, 0x41, 0xFF, 0xAA, 0x40,
    0x6F, 0xA8, 0xDB, 0xF5, 0x82, 0xBF, 0xDD, 0xF2, 0x4C, 0xD3, 0x8B, 0xFB, 0x83, 0x9F, 0x8B, 0x3E,
    0xFC, 0x27, 0x18, 0x5D, 0x5E, 0xDC, 0x36, 0x7F, 0x8A, 0x03, 0x7C, 0xD3, 0x04, 0xC4, 0x09, 0xB0,
    0xF4, 0xCC, 0x19, 0xA2, 0x6E, 0xF1, 0xDD, 0x11, 0xFE, 0x3C, 0x10, 0x6C, 0xA9, 0xBF, 0xE5, 0xDD,
    0xFF, 0xE4, 0xDD, 0x78, 0x34, 0x02, 0x2F, 0x0E, 0xFD, 0xD8, 0xFF, 0xBC, 0x87, 0xB1, 0xCB, 0x7D,
    0xCB, 0xBE, 0x7D, 0x62, 0xED, 0xFB, 0x83, 0x9B, 0xB5, 0x3B, 0x66, 0xF5, 0x56, 0x12, 0x22, 0x5D,
    0xF2, 0x62, 0x85, 0x66, 0x45, 0x69, 0x65, 0x77, 0xA3, 0xB8, 0x8A, 0x96, 0xB5, 0x3B, 0xD6, 0xA6,
    0xB4, 0x55, 0x37, 0xA1, 0x6D, 0xF9, 0x86, 0x76, 0x33, 0x44, 0x25, 0x74, 0xD2, 0x15, 0x74, 0xDA,
    0x99, 0x5E, 0xCB, 0xBA, 0x23, 0x2F, 0x73, 0x8B, 0x82, 0xE9, 0xF6, 0xB8, 0xD6, 0x14, 0x1D, 0x3E,
    0xD9, 0xE4, 0x4D, 0x7E, 0xAB, 0x96, 0x09, 0xCE, 0x52, 0xD1, 0xA2, 0x35, 0xAD, 0x8D, 0x04, 0xD3,
    0xB1, 0x98, 0x9E, 0xC5, 0x54, 0x2E, 0x88, 0x59, 0xF4, 0x60, 0x31, 0x07, 0x80, 0x65, 0xB3, 0x9E,
    0xC0, 0x33, 0x35, 0x43, 0xB3, 0x00, 0xBC, 0xC9, 0x9D, 0xAB, 0xCF, 0x3E, 0xC8, 0xD2, 0x15, 0x75,
    0xE3, 0x52, 0xC2, 0x2F, 0x4A, 0x40, 0x0D, 0xDD, 0x30, 0xA4, 0x62, 0x5A, 0x02, 0x16, 0x9D, 0x2B,
    0xAA, 0x0F, 0x92, 0xBA, 0xFA, 0xEC, 0x7F, 0x59, 0x7A, 0x1C, 0x80, 0x5A, 0xE2, 0x1C, 0x71, 0x59,
    0xD6, 0xFB, 0xD9, 0xA6, 0x22, 0xA6, 0xDE, 0xE4, 0xC3, 0x51, 0x93, 0x8B, 0x49, 0x65, 0x0F, 0x76,
    0x23, 0xD8, 0x10, 0x13, 0x71, 0xFA, 0xF1, 0x08, 0x37, 0xAA, 0x25, 0x88, 0x42, 0xBB, 0x4D, 0x99,
    0x6E, 0xCA, 0xF7, 0xE8, 0xE4, 0xAC, 0x70, 0xD6, 0xF9, 0x4C, 0x14, 0x11, 0x2D, 0x1A, 0x40, 0xC8,
    0x64, 0xE0, 0x7C, 0x7B, 0x96, 0x7B, 0x5C, 0xBF, 0x67, 0xF2, 0x80, 0x8C, 0xD0, 0xE4, 0xBD, 0xD3,
    0x23, 0xF0, 0xCC, 0xFE, 0x7D, 0x09, 0x82, 0x0C, 0x5F, 0x33, 0x7E, 0xA3, 0x7D, 0xE1, 0xFA, 0xF7,
    0x7A, 0x61, 0xBC, 0xC8, 0x13, 0x4C, 0x68, 0xE6, 0x53, 0x31, 0x2D, 0x31, 0x2B, 0x62, 0x42, 0x31,
    0xFE, 0xAF, 0x68, 0xDC, 0x4F, 0x68, 0x70, 0xE8, 0xC5, 0x79, 0x5C, 0x93, 0x84, 0xAB, 0x7A, 0xB1,
    0x4D, 0xBD, 0xA1, 0x21, 0x2A, 0x98, 0xDD, 0xC3, 0xCB, 0xD7, 0x44, 0xFE, 0x8E, 0x26, 0x32, 0xB7,
    0x95, 0xD0, 0x10, 0xB9, 0xAC, 0x05, 0x59, 0x0B, 0xB2, 0x16, 0x64, 0x2D, 0xC8, 0x5A, 0x90, 0xB5,
    0x20, 0x6B, 0x41, 0xD6, 0x82, 0x2C, 0x50, 0xD6, 0x58, 0x50, 0x89, 0x0C, 0xF3, 0x69, 0x78, 0x6D,
    0x0C, 0x23, 0x89, 0x19, 0x60, 0x6B, 0xFF, 0x52, 0x2F, 0xF4, 0xE2, 0x46, 0xE0, 0x72, 0x3A, 0x4F,
    0xCF, 0xF6, 0x9F, 0x7B, 0x0D, 0x3E, 0xD9, 0x18, 0x7C, 0x27, 0x1A, 0x2C, 0xD6, 0x5E, 0x7F, 0xD1,
    0xB8, 0x0E, 0x2C, 0x63, 0x00, 0xCF, 0xB5, 0xFF, 0x0E, 0xF8, 0x3B, 0x9C, 0x5F, 0x6A, 0xF7, 0xCD,
    0xD8, 0x73, 0x63, 0x3F, 0xEB, 0x2E, 0x22, 0x5D, 0x44, 0xB4, 0x8C, 0xCD, 0xCC, 0x95, 0x94, 0x5A,
    0x28, 0xC0, 0xDB, 0x01, 0x33, 0x13, 0x1A, 0xE1, 0x2E, 0x0A, 0x01, 0x66, 0x02, 0x30, 0xE1, 0xCB,
    0xEF, 0xA2, 0x19, 0xC8, 0x68, 0xD5, 0x50, 0xFE, 0x67, 0xBF, 0xBC, 0xEA, 0xDB, 0x65, 0x49, 0x39,
    0x26, 0x4E, 0xC8, 0x1D, 0x9C, 0x7C, 0x85, 0x68, 0x27, 0x84, 0x89, 0xD7, 0xB4, 0x3C, 0x71, 0x9D,
    0xE5, 0x39, 0xFE, 0x6A, 0xDB, 0x15, 0x3E, 0x30, 0xF8, 0x39, 0x70, 0x81, 0xF4, 0x01, 0xF7, 0x11,
    0x31, 0x36, 0xC8, 0x0F, 0xA4, 0x0E, 0xD6, 0x17, 0x89, 0xC3, 0xDA, 0x12, 0x59, 0x83, 0x37, 0x59,
    0xD3, 0x23, 0xCA, 0x60, 0x01, 0xB1, 0x7A, 0xFA, 0x0B, 0x54, 0xB7, 0x51, 0xF0, 0x71, 0x16, 0x73,
    0xFC, 0xC3, 0xE0, 0xDB, 0xC0, 0xCB, 0xF2, 0xB1, 0x6D, 0xEE, 0x05, 0x68, 0x90, 0x26, 0x9E, 0x1E,
    0xE4, 0x0D, 0xBA, 0x18, 0xB1, 0x86, 0x37, 0x0F, 0xE7, 0xD0, 0xBA, 0x60, 0xF4, 0x55, 0x3C, 0xCE,
    0x1C, 0xA7, 0xC9, 0x23, 0xB3, 0x1B, 0x79, 0x18, 0xE3, 0x37, 0x66, 0x3A, 0x17, 0x47, 0x70, 0x68,
    0xDF, 0x86, 0x3B, 0x3B, 0x81, 0x17, 0x57, 0xC3, 0x07, 0x16, 0x6D, 0xC4, 0x1E, 0x4C, 0xE3, 0x28,
    0x6F, 0x0F, 0xBF, 0x62, 0x1D, 0xCD, 0x4F, 0xE0, 0xC8, 0xD8, 0x13, 0x29, 0x5A, 0x47, 0x0F, 0xA7,
    0x70, 0xE4, 0xCE, 0xD9, 0x88, 0x5D, 0x9D, 0xD8, 0x51, 0xC7, 0x26, 0x2B, 0x8F, 0x9E, 0x5E, 0x1E,
    0xC6, 0x93, 0x3B, 0x62, 0x6D, 0x3B, 0x7C, 0xFC, 0xF2, 0xC4, 0x8E, 0x34, 0xCA, 0x07, 0xA8, 0x14,
    0x6D, 0x89, 0x29, 0x5C, 0xBC, 0x83, 0x57, 0xDF, 0x41, 0x93, 0xBC, 0x9A, 0x87, 0x3A, 0x90, 0x7F,
    0xEF, 0xE7, 0x95, 0x73, 0x5F, 0xE3, 0x86, 0x9E, 0xBC, 0x4A, 0xD4, 0xA1, 0x3C, 0x1B, 0x56, 0x31,
    0x9B, 0x7B, 0x7E, 0xA1, 0x38, 0x99, 0xC6, 0x15, 0xBB, 0xD9, 0x2A, 0xA6, 0x75, 0x01, 0x16, 0x91,
    0x99, 0xA0, 0x16, 0x67, 0x7F, 0xC8, 0xCA, 0xF8, 0x70, 0xD0, 0x11, 0x1E, 0xEF, 0x62, 0xBE, 0x5B,
    0xC0, 0x85, 0x6E, 0x0E, 0x75, 0x12, 0xE8, 0x55, 0xCE, 0x38, 0xEB, 0x3A, 0xA6, 0x0B, 0x8F, 0x9D,
    0x68, 0x8E, 0xA4, 0xBA, 0x88, 0xEE, 0x6C, 0x15, 0xDD, 0x7C, 0xA6, 0xB2, 0x27, 0x78, 0xE9, 0x32,
    0x70, 0x71, 0x9B, 0x4E, 0xCE, 0x21, 0xBC, 0xF7, 0x5F, 0x5D, 0x08, 0xDF, 0x88, 0x67, 0x42, 0xF6,
    0x9D, 0xF2, 0x8F, 0x92, 0xF2, 0x7B, 0x37, 0xB7, 0x9B, 0xD2, 0x12, 0x38, 0x5B, 0x5F, 0x37, 0xA6,
    0xFC, 0xAF, 0xCC, 0x46, 0x09, 0xB3, 0x70, 0x1E, 0xA7, 0x4A, 0x6F, 0x16, 0x51, 0xA9, 0xDA, 0x1D,
    0xC9, 0x70, 0xFE, 0xD0, 0xC2, 0xB5, 0xAA, 0xB3, 0x17, 0x38, 0x7B, 0xCA, 0x34, 0x9D, 0xCC, 0x1E,
    0xC0, 0x1B, 0x3A, 0xBC, 0x17, 0x57, 0x0B, 0x68, 0xE5, 0x65, 0x14, 0xAB, 0x50, 0x1D, 0x09, 0x45,
    0xE9, 0x43, 0x84, 0x19, 0xD6, 0x3D, 0x1D, 0xED, 0x27, 0xEB, 0x3E, 0x6A, 0x07, 0xC3, 0x8A, 0xED,
    0xC4, 0x58, 0xD3, 0x58, 0x38, 0xD3, 0x85, 0xDD, 0xFE, 0xB1, 0x0B, 0xE6, 0xF9, 0x05, 0x78, 0x94,
    0x15, 0xDB, 0xCF, 0x70, 0xB7, 0x70, 0xCA, 0x9D, 0xA7, 0x4F, 0xB8, 0xB3, 0x85, 0x4B, 0x8A, 0xE8,
    0x73, 0x84, 0x70, 0xD9, 0x21, 0xB9, 0xAB, 0x0B, 0xE5, 0xB0, 0xE5, 0xB2, 0xE8, 0x94, 0x90, 0x3B,
    0x3D, 0xAB, 0x4F, 0x39, 0x15, 0x29, 0x87, 0xE4, 0xAA, 0x9C, 0x94, 0xCF, 0xDC, 0x25, 0xC3, 0xD5,
    0x86, 0x8C, 0x74, 0x20, 0x29, 0xBD, 0x67, 0x4B, 0x67, 0xD0, 0xA3, 0xCA, 0x71, 0x3E, 0x40, 0x7E,
    0x19, 0xF9, 0x75, 0x04, 0x3D, 0xA1, 0xB3, 0x7C, 0x88, 0x40, 0x99, 0xFD, 0x1B, 0xE9, 0xA4, 0x74,
    0xC7, 0xCA, 0x5D, 0xB7, 0x7C, 0xBE, 0x86, 0x7E, 0x26, 0x9F, 0x45, 0x77, 0xB1, 0x74, 0x13, 0x0E,
    0xB7, 0x1F, 0x91, 0x2B, 0x1A, 0x37, 0xF5, 0x8B, 0x39, 0x62, 0x2A, 0x49, 0x26, 0x9D, 0xED, 0x2E,
    0xB1, 0xEE, 0x8C, 0xDD, 0xF8, 0x88, 0x33, 0x0F, 0x06, 0x9C, 0x59, 0xCE, 0xCC, 0x05, 0x96, 0x5B,
    0xC1, 0xC2, 0x72, 0x61, 0x9F, 0x33, 0x74, 0x46, 0xBA, 0x12, 0x3B, 0x18, 0x41, 0x7C, 0x53, 0x3E,
    0x1A, 0xCA, 0xB3, 0xD1, 0xB9, 0x31, 0xF2, 0x19, 0x5E, 0xF9, 0x31, 0xCE, 0x2D, 0x09, 0x08, 0x6B,
    0xDC, 0xFB, 0x37, 0xB0, 0x6A, 0xCB, 0x96, 0x1D, 0xD2, 0xD7, 0x15, 0x85, 0x8D, 0x00, 0xB5, 0xC1,
    0x79, 0x37, 0xAE, 0x06, 0xF1, 0x1C, 0x33, 0xB1, 0xAC, 0xBD, 0xA7, 0x5E, 0xBE, 0x95, 0x68, 0xF8,
    0x4A, 0x04, 0x1C, 0xD1, 0xA4, 0xEE, 0x91, 0xDA, 0x9E, 0xFD, 0x25, 0xA4, 0x5B, 0x79, 0x40, 0x66,
    0x03, 0xF3, 0xE2, 0xAA, 0x4D, 0xD2, 0x11, 0xC8, 0x4D, 0x57, 0x2E, 0xB2, 0x72, 0xDB, 0x40, 0xA7,
    0x2F, 0x97, 0x5A, 0xB2, 0x4F, 0x32, 0x12, 0x75, 0xA5, 0x84, 0xCE, 0xC6, 0x4C, 0x76, 0x78, 0xB1,
    0xC3, 0x4F, 0x12, 0xE0, 0xAA, 0x28, 0x00, 0x6B, 0x0A, 0xA2, 0x04, 0x8A, 0x22, 0x06, 0xD4, 0xDE,
    0x00, 0x61, 0x16, 0x5B, 0xED, 0x6E, 0x68, 0xEE, 0x86, 0x68, 0x05, 0xC7, 0x83, 0x4B, 0x8C, 0x02,
    0x27, 0x09, 0x7C, 0x13, 0xAC, 0x20, 0xEC, 0x52, 0x23, 0x0C, 0x46, 0xDB, 0x1C, 0x0B, 0x49, 0xF4,
    0x29, 0x74, 0x66, 0xA4, 0xEB, 0xAC, 0xF8, 0x12, 0xED, 0x45, 0xE9, 0x05, 0x2A, 0x2F, 0x50, 0x78,
    0x81, 0xBA, 0x0B, 0x94, 0x5D, 0xA0, 0xEA, 0xA2, 0xFE, 0x3F, 0x64, 0x35, 0x5E, 0x23, 0x8A, 0xE5,
    0x5E, 0x1E, 0x89, 0xE4, 0xE4, 0x79, 0xC1, 0xD8, 0xDA, 0xD7, 0x94, 0x55, 0x54, 0x55, 0x14, 0x51,
    0xE3, 0x83, 0x7A, 0x4A, 0x7A, 0xB3, 0xB2, 0x8C, 0xCD, 0xD2, 0xB8, 0x6F, 0xC7, 0xD6, 0x18, 0x69,
    0xFF, 0xC2, 0x78, 0x5E, 0xEC, 0xDF, 0x4A, 0x16, 0xAE, 0x8C, 0x31, 0xF6, 0x8C, 0x8D, 0xEA, 0xB6,
    0x0C, 0xEF, 0x27, 0x70, 0xFB, 0x2A, 0xE5, 0xF9, 0x1A, 0xCA, 0xF6, 0x11, 0xD8, 0x62, 0x61, 0x9F,
    0x7E, 0x21, 0xFE, 0x1E, 0x6E, 0x4C, 0xE4, 0xA4, 0xA8, 0x89, 0x69, 0x78, 0xBC, 0x2F, 0x40, 0xF3,
    0x36, 0x24, 0xE7, 0x97, 0xDC, 0x47, 0x69, 0x88, 0x5E, 0xD1, 0xD9, 0xAD, 0x7A, 0xC5, 0xD6, 0x5C,
    0xA9, 0xB5, 0x18, 0xB4, 0x96, 0x4A, 0xAD, 0x7A, 0xA9, 0xBA, 0xBD, 0x52, 0x8A, 0x85, 0x2D, 0xFC,
    0xCC, 0xE4, 0x30, 0x6C, 0x62, 0xEB, 0xB6, 0x35, 0x5D, 0xD2, 0xEA, 0x0E, 0x0A, 0x3C, 0xCC, 0xAF,
    0x99, 0xE6, 0x37, 0xE2, 0xE6, 0x6F, 0xE3, 0xE6, 0xFD, 0x78, 0xCD, 0x33, 0x25, 0x1F, 0xE1, 0x13,
    0x41, 0x95, 0x1A, 0xA9, 0xC2, 0xFB, 0x35, 0x70, 0x63, 0x8A, 0xEE, 0xD7, 0xEC, 0xA2, 0xB0, 0x8E,
    0xD9, 0xF3, 0x13, 0x84, 0x90, 0x47, 0xF4, 0x48, 0x96, 0x31, 0x21, 0x38, 0xC9, 0xC6, 0xBF, 0x8B,
    0x5C, 0x6E, 0xA2, 0xC3, 0x29, 0x6E, 0xC8, 0xE2, 0xDD, 0xEF, 0xDA, 0x74, 0xBB, 0xC5, 0xDF, 0xB7,
    0x89, 0x82, 0x51, 0x7D, 0x31, 0x91, 0x61, 0xF0, 0x41, 0x46, 0x3D, 0xC4, 0x7A, 0xDB, 0x96, 0xE5,
    0xF8, 0xCA, 0xD5, 0xAE, 0x8D, 0x8C, 0xC2, 0x6B, 0xEF, 0xE0, 0xF5, 0x9B, 0x92, 0x1F, 0x5C, 0x60,
    0xC9, 0x1D, 0xEA, 0xD3, 0xDF, 0xC3, 0xBB, 0x0D, 0xD7, 0x99, 0x14, 0xDC, 0xE9, 0xC0, 0xFF, 0x08,
    0x33, 0xB9, 0x09, 0x90, 0xF1, 0xC7, 0x78, 0xB9, 0x93, 0x63, 0x3E, 0xA9, 0x1E, 0x7F, 0x99, 0x9F,
    0x7A, 0x79, 0x71, 0xB9, 0x27, 0xEB, 0xCC, 0x37, 0x5C, 0x62, 0xF9, 0x5D, 0x9C, 0x78, 0xF9, 0x87,
    0x0B, 0xFA, 0x5B, 0xF1, 0xB9, 0xCB, 0x5F, 0x2C, 0xEB, 0x5F, 0xC6, 0xC7, 0x86, 0x42, 0xF1, 0xD9,
    0xA2, 0xDE, 0xFB, 0x3E, 0x9C, 0xBF, 0x02, 0x3F, 0xD0, 0x53, 0x89, 0xFA, 0x6A, 0x84, 0xA0, 0x09,
    0x37, 0x37, 0x81, 0xA8, 0x7F, 0x05, 0xB8, 0xA5, 0x61, 0xA6, 0xC0, 0x67, 0xDC, 0xBC, 0x8F, 0x30,
    0x3B, 0x33, 0xD1, 0x2F, 0x86, 0x56, 0x84, 0x7C, 0xC3, 0xAE, 0x44, 0xD8, 0x5E, 0x87, 0x6E, 0xAC,
    0x9C, 0xAE, 0x1D, 0x89, 0x62, 0x67, 0xD9, 0x83, 0x62, 0x50, 0x7C, 0x43, 0x19, 0x40, 0x3E, 0x6F,
    0x27, 0xD7, 0x80, 0x9F, 0x26, 0x85, 0x75, 0x39, 0xEE, 0xAD, 0xA3, 0xF0, 0xED, 0x70, 0x3C, 0x1C,
    0xC9, 0x89, 0x03, 0x9E, 0x00, 0xCB, 0xDD, 0x0E, 0xA2, 0xDC, 0xB3, 0x91, 0x20, 0x15, 0x34, 0x08,
    0xEC, 0x34, 0xBF, 0x33, 0x98, 0x8A, 0x92, 0xC0, 0xB9, 0x09, 0x94, 0x32, 0x05, 0xD0, 0xC7, 0x5A,
    0x7E, 0x01, 0x4C, 0x8E, 0x3F, 0xB6, 0xBF, 0xE7, 0x80, 0x5F, 0x46, 0x78, 0x5B, 0x3A, 0x42, 0x73,
    0x56, 0x12, 0x55, 0xFA, 0x7A, 0x17, 0xCE, 0x9E, 0xA5, 0x3E, 0x5F, 0xD7, 0x7D, 0x4D, 0x49, 0x5E,
    0xBE, 0x3B, 0x10, 0xBC, 0x6C, 0xFE, 0x8E, 0xEC, 0xB2, 0x14, 0x35, 0x9A, 0x0D, 0xAC, 0x6A, 0x3F,
    0xC5, 0x66, 0xA5, 0x5A, 0x5F, 0x5E, 0x4D, 0xA5, 0x5B, 0x7A, 0x96, 0xE3, 0x70, 0xEF, 0x71, 0xDA,
    0x89, 0xEA, 0x26, 0xAA, 0x48, 0x57, 0x78, 0x7A, 0xA4, 0xF0, 0x8F, 0x86, 0x3D, 0xA3, 0x2F, 0xA1,
    0xC9, 0x99, 0x45, 0x46, 0xB2, 0x80, 0xE3, 0x57, 0x11, 0x61, 0x22, 0xFE, 0x7D, 0x92, 0x37, 0x3D,
    0xBE, 0xBE, 0x0B, 0xD2, 0x5F, 0x27, 0xB4, 0xAB, 0x5A, 0x81, 0x9B, 0xB2, 0xA3, 0xD8, 0xCF, 0xFD,
    0x3A, 0xB4, 0x37, 0x9D, 0x1E, 0x6A, 0x86, 0xBB, 0x61, 0x87, 0x58, 0xDD, 0x69, 0x54, 0x2B, 0x05,
    0x36, 0xA4, 0x1D, 0x7F, 0x87, 0x50, 0x72, 0x50, 0x45, 0x6C, 0xBA, 0xC9, 0xAB, 0x63, 0x4A, 0x56,
    0xA4, 0xAC, 0x68, 0xD9, 0x61, 0xE7, 0x94, 0xC6, 0x29, 0xDD, 0x72, 0x34, 0xB3, 0xC3, 0x93, 0x7F,
    0x73, 0xCA, 0x33, 0xED, 0xA4, 0xFF, 0x6B, 0xE7, 0x2D, 0xFB, 0xFF, 0x51, 0xEF, 0x9F, 0x50, 0x96,
    0x41, 0x86, 0xD0, 0x33, 0xC1, 0xA9, 0x60, 0xBB, 0x31, 0x95, 0xE5, 0xFF, 0x01, 0x3D, 0x52, 0xCF,
    0x6B, 0x13, 0x51, 0x10, 0xFE, 0xB2, 0xCD, 0xDA, 0x4D, 0x4C, 0xDB, 0x55, 0xDF, 0x4A, 0x8A, 0x49,
    0xF7, 0x59, 0x52, 0x58, 0xFA, 0x03, 0xB7, 0x90, 0xE8, 0x12, 0xD7, 0xEE, 0x3B, 0x08, 0x15, 0xBC,
    0xAC, 0xB5, 0xF1, 0xE4, 0x21, 0x42, 0x11, 0x52, 0x10, 0x73, 0xE8, 0x21, 0x07, 0x4B, 0x1F, 0x01,
    0x8B, 0xC7, 0x9C, 0x3C, 0xEF, 0xA1, 0x07, 0x5B, 0x14, 0x41, 0x3C, 0x5A, 0xF2, 0x40, 0xBC, 0x79,
    0xC8, 0x1F, 0xD0, 0x43, 0x0E, 0x9E, 0x3C, 0x09, 0x7A, 0xE8, 0x21, 0x5A, 0xE7, 0x6D, 0xAA, 0x6F,
    0xF6, 0xC7, 0x30, 0xF3, 0x31, 0xF3, 0xCD, 0x37, 0x0F, 0xE1, 0x94, 0x01, 0xCC, 0xA0, 0x04, 0x0E,
    0xFD, 0x5F, 0x54, 0x3C, 0xCE, 0xE2, 0xF6, 0x41, 0x26, 0x71, 0xC4, 0x62, 0x6F, 0xEF, 0x37, 0x60,
    0x8B, 0xBA, 0xCA, 0x23, 0xF9, 0x01, 0x2E, 0xDB, 0x03, 0xE0, 0x78, 0xBD, 0xCC, 0x5D, 0xE1, 0x2B,
    0x5F, 0xB9, 0x02, 0x28, 0x77, 0x82, 0xE1, 0x13, 0x09, 0xF8, 0x3D, 0x57, 0xE6, 0x11, 0xC7, 0x71,
    0xF7, 0x75, 0x17, 0xF8, 0xA0, 0xBC, 0xC4, 0xE2, 0xBA, 0xDC, 0x05, 0xD4, 0x08, 0x97, 0x47, 0x5D,
    0xD9, 0x02, 0x96, 0xDF, 0x7E, 0x51, 0x41, 0xB8, 0x52, 0x28, 0xDA, 0x08, 0x3B, 0x7E, 0x25, 0x7B,
    0xEE, 0xEF, 0x94, 0x4C, 0x94, 0xAB, 0x31, 0x66, 0x57, 0xB2, 0xD8, 0xEA, 0xD8, 0x7D, 0x18, 0xA9,
    0xD1, 0x59, 0x2E, 0x15, 0x63, 0xAB, 0xEA, 0x97, 0x00, 0xD6, 0x6A, 0x60, 0x97, 0x01, 0xDE, 0x2E,
    0x6B, 0xB4, 0x8C, 0x89, 0x89, 0xB5, 0xAC, 0x54, 0xEA, 0x93, 0x1D, 0x84, 0xE7, 0xB4, 0x70, 0xF4,
    0x79, 0x17, 0xCB, 0x55, 0x8E, 0xCA, 0x74, 0xFE, 0x18, 0x95, 0x64, 0xB8, 0x07, 0x24, 0x09, 0xA2,
    0x51, 0xED, 0x31, 0xB7, 0x5E, 0xF2, 0x3D, 0x82, 0x34, 0x7B, 0x37, 0x88, 0x23, 0x8D, 0x28, 0x89,
    0x67, 0x1C, 0x29, 0x13, 0xAE, 0xA8, 0x29, 0xDD, 0xC6, 0xBD, 0xB7, 0x7A, 0x0A, 0x6C, 0xF7, 0x1C,
    0xB1, 0x7D, 0xE8, 0x6C, 0x3A, 0x9B, 0xFA, 0xBB, 0x7D, 0x68, 0x62, 0xE9, 0xC4, 0x26, 0x19, 0xFA,
    0x43, 0xA7, 0xB1, 0x19, 0x9D, 0x8D, 0x60, 0x1B, 0x83, 0x39, 0x24, 0x48, 0x4F, 0x01, 0x45, 0xF8,
    0x68, 0xA3, 0x07, 0x95, 0x91, 0x13, 0x98, 0x44, 0xEE, 0x7F, 0x08, 0xE0, 0xA5, 0x42, 0x15, 0xDC,
    0xAA, 0x96, 0xA2, 0x11, 0x50, 0x7F, 0xCB, 0xAD, 0x68, 0x54, 0x1F, 0xEC, 0x6B, 0x81, 0x5B, 0x61,
    0x0B, 0x45, 0x3F, 0x28, 0x2C, 0xA3, 0xFF, 0x07, 0xE9, 0x0B, 0x84, 0x98, 0x4A, 0xA7, 0x1D, 0x2F,
    0x61, 0xDC, 0xD5, 0x0E, 0x8B, 0xB6, 0x21, 0x1E, 0x6E, 0xFD, 0x0C, 0x32, 0x24, 0xFD, 0xCE, 0x78,
    0x8C, 0x7F, 0xC4, 0x48, 0x63, 0x2F, 0x97, 0x03, 0x4C, 0xB5, 0x74, 0x72, 0x85, 0xF8, 0x64, 0x84,
    0x21, 0xF3, 0xD6, 0xAD, 0x53, 0x3B, 0x36, 0x68, 0x15, 0xBA, 0x80, 0x73, 0xA0, 0x8B, 0x80, 0xC4,
    0x8F, 0xF4, 0x80, 0xA1, 0xE7, 0xA5, 0xA4, 0xEF, 0xB8, 0xEB, 0xCA, 0x07, 0x94, 0xBD, 0x20, 0x05,
    0x24, 0xC7, 0x65, 0x58, 0x62, 0x15, 0x59, 0xB5, 0x4A, 0x31, 0x03, 0x16, 0x74, 0x8C, 0x2F, 0x48,
    0xA9, 0x31, 0x6B, 0xEE, 0x7D, 0x85, 0xE6, 0xDC, 0x0E, 0xDA, 0x6A, 0xC0, 0x4D, 0x44, 0xAA, 0xD9,
    0x9B, 0xA1, 0xDA, 0xE9, 0x04, 0xC8, 0x7D, 0x2C, 0x23, 0x4D, 0x02, 0x41, 0x75, 0xAE, 0xD3, 0xFC,
    0x0A, 0x0C, 0xFC, 0xB6, 0x0C, 0x02, 0x0A, 0xD4, 0x69, 0xE1, 0x8E, 0xD0, 0xF7, 0xE6, 0x7D, 0xF2,
    0xC5, 0xEF, 0x0F, 0x29, 0xD4, 0x7C, 0x66, 0xD9, 0x80, 0xF0, 0x60, 0xC8, 0xC9, 0xA3, 0x77, 0x80,
    0x4E, 0x6B, 0x99, 0xA8, 0xE1, 0xB4, 0xB8, 0x86, 0x4C, 0xFF, 0x1B, 0x48, 0xE2, 0xC5, 0xA3, 0x37,
    0xF4, 0x90, 0x93, 0x3F, 0x40, 0x5C, 0x7B, 0xFE, 0x9D, 0x98, 0x37, 0x52, 0x5C, 0xE6, 0xEC, 0x17,
    0xA6, 0x71, 0x31, 0xC5, 0x8F, 0xD5, 0x27, 0xF8, 0x56, 0x74, 0x76, 0x9A, 0x7A, 0x57, 0xF7, 0x2F,
    0x61, 0xFE, 0x69, 0xCC, 0x6C, 0x34, 0x39, 0x8F, 0xB1, 0xD1, 0xDD, 0xA0, 0x6B, 0x52, 0x91, 0x4C,
    0x32, 0x65, 0x0A, 0xCC, 0xC7, 0x9C, 0x99, 0x24, 0xEF, 0x23, 0x74, 0xC9, 0x1C, 0xAA, 0xC1, 0x30,
    0xAB, 0x93, 0x92, 0x11, 0x89, 0x85, 0x57, 0x9C, 0x8C, 0xDD, 0xC5, 0x4D, 0xCE, 0x19, 0x58, 0x85,
    0xB1, 0x2C, 0xB0, 0x81, 0xEB, 0xF0, 0x40, 0x0E, 0x6A, 0xB4, 0x51, 0x07, 0x0F, 0xF0, 0x17, 0xA5,
    0x5A, 0x5D, 0x8C, 0x1B, 0xD7, 0x75, 0x3E, 0x33, 0x77, 0xB5, 0xB3, 0xDC, 0x21, 0x67, 0x16, 0xA9,
    0x84, 0x6E, 0x5D, 0xFE, 0xEC, 0x83, 0x1E, 0x5C, 0x67, 0x24, 0xAE, 0xD0, 0x0D, 0x4A, 0x27, 0xD4,
    0xF2, 0x5A, 0x6A, 0xE1, 0x1A, 0x4E, 0x63, 0xA5, 0x91, 0xD3, 0x07, 0xC1, 0xB1, 0xD0, 0x18, 0x08,
    0xD0, 0xDA, 0xF1, 0x16, 0x65, 0x5D, 0xA1, 0x95, 0xC5, 0x91, 0xF4, 0xE0, 0x02, 0x0A, 0xEC, 0x75,
    0x8B, 0x3C, 0xA5, 0x75, 0x37, 0x89, 0x1F, 0x6C, 0x29, 0xB2, 0xD8, 0x60, 0x0B, 0xA8, 0xB6, 0xB4,
    0x7B, 0x25, 0x21, 0xF1, 0x83, 0x0A, 0x74, 0x24, 0x35, 0xB5, 0x53, 0x03, 0xF5, 0x38, 0x76, 0x53,
    0xD4, 0x6A, 0xA2, 0x09, 0xC0, 0xB4, 0x94, 0xB4, 0xBB, 0xEC, 0x77, 0xEE, 0xCC, 0x90, 0xF4, 0xFE,
    0x78, 0x29, 0x99, 0xBC, 0x67, 0x38, 0x9C, 0xB9, 0x73, 0x7F, 0xCE, 0x3D, 0xE7, 0x3B, 0x3F, 0x77,
    0x4C, 0x9F, 0x28, 0x20, 0x9A, 0x20, 0x7C, 0xCA, 0x9D, 0xC0, 0x26, 0x94, 0x59, 0x9B, 0x88, 0x4B,
    0x87, 0x92, 0x13, 0x2E, 0x93, 0x2E, 0xCD, 0xD4, 0x3A, 0x91, 0x61, 0x90, 0x38, 0x41, 0x38, 0x0E,
    0x58, 0x9F, 0xEB, 0x2D, 0xE2, 0x67, 0x2E, 0x9A, 0xA4, 0x59, 0x10, 0xF1, 0x15, 0xA6, 0xCE, 0x0A,
    0x7E, 0x6D, 0x49, 0x91, 0xF0, 0x41, 0x2A, 0xFE, 0xB5, 0xC9, 0x5A, 0xD9, 0xCD, 0x8F, 0x50, 0x81,
    0x68, 0x8A, 0x68, 0x5F, 0xDC, 0x8D, 0xB2, 0x29, 0x2E, 0xB4, 0xB6, 0xB8, 0x44, 0xB5, 0x90, 0x68,
    0x88, 0xCC, 0xEB, 0x18, 0x4A, 0x54, 0xA0, 0x59, 0x8F, 0xA8, 0x4A, 0x34, 0xFD, 0x2A, 0xED, 0xDE,
    0xCF, 0x27, 0xF8, 0x5B, 0x44, 0x4D, 0x7F, 0xCE, 0xEC, 0xF8, 0xDC, 0xDC, 0x3E, 0x72, 0x4F, 0x93,
    0x67, 0x53, 0xC5, 0xE0, 0xBB, 0x65, 0xDC, 0x6A, 0x11, 0x2D, 0xE8, 0x86, 0x84, 0x9C, 0x14, 0xB2,
    0x62, 0x53, 0xE9, 0x9C, 0x1E, 0x03, 0x95, 0xD1, 0xE2, 0xEA, 0xAF, 0x4B, 0xB5, 0x60, 0x4C, 0xD6,
    0xC3, 0x31, 0xB9, 0xF1, 0x7D, 0x6E, 0xD3, 0x54, 0xEB, 0x7F, 0x85, 0xB2, 0x64, 0x3C, 0x45, 0xE6,
    0xD8, 0x4D, 0x32, 0xFD, 0x88, 0x0C, 0x90, 0x29, 0x99, 0x7E, 0x29, 0x4D, 0x79, 0xAB, 0x2D, 0x64,
    0xB4, 0x43, 0x50, 0xE4, 0x30, 0x8D, 0x52, 0x54, 0x7C, 0x8A, 0xA2, 0x6A, 0xDB, 0xEA, 0x84, 0x94,
    0x7E, 0xCA, 0x57, 0x16, 0x24, 0xFA, 0xAA, 0xD2, 0x9A, 0x43, 0xA7, 0xD3, 0xE6, 0x33, 0x97, 0x0F,
    0x96, 0xC4, 0x41, 0xF8, 0xFA, 0xCC, 0xE5, 0x6B, 0xB5, 0x2B, 0xB8, 0xBB, 0xF1, 0x8A, 0x2C, 0xE3,
    0x17, 0x5C, 0x88, 0x2C, 0xD9, 0x4F, 0xD6, 0x8A, 0x15, 0x77, 0x8C, 0x05, 0x22, 0x87, 0x98, 0xD5,
    0x09, 0x73, 0x96, 0xD0, 0xC9, 0x1C, 0xD9, 0x86, 0x22, 0xDB, 0x42, 0xD7, 0x59, 0xD0, 0x12, 0x68,
    0x27, 0xC8, 0xC5, 0xF0, 0xB0, 0xA8, 0xB6, 0x11, 0x81, 0x21, 0x67, 0xC1, 0x12, 0xF0, 0xB9, 0x89,
    0x87, 0x2A, 0xA0, 0x4C, 0xFA, 0xFC, 0x22, 0x86, 0x56, 0x40, 0x1B, 0x3B, 0x40, 0xE7, 0x51, 0xF7,
    0xEF, 0xD0, 0x0E, 0xFE, 0xE7, 0x41, 0x93, 0x20, 0x05, 0x92, 0x05, 0x3C, 0x5F, 0xC4, 0xF3, 0x8B,
    0xCA, 0x78, 0x40, 0x8A, 0x4B, 0x8A, 0x30, 0x71, 0x8C, 0x7F, 0x4F, 0x7B, 0x27, 0xCD, 0xB9, 0x10,
    0x3E, 0xA9, 0xC4, 0x45, 0x69, 0x5E, 0x22, 0xFA, 0x29, 0xD1, 0x39, 0xBD, 0xF0, 0x53, 0xB4, 0xA5,
    0x89, 0x87, 0xBB, 0xAC, 0x0A, 0x16, 0xC1, 0x06, 0x8F, 0x36, 0x23, 0x17, 0x54, 0xEB, 0x40, 0x44,
    0x30, 0x52, 0xCA, 0x81, 0xB2, 0x5D, 0x6E, 0x73, 0xAB, 0xCF, 0x12, 0xBD, 0x44, 0x74, 0x99, 0x8C,
    0xE7, 0xA4, 0xD8, 0xAB, 0x84, 0xA9, 0xEC, 0x4E, 0x98, 0xA5, 0x28, 0x4F, 0xCD, 0x7B, 0xE9, 0x50,
    0xC7, 0xEC, 0xAC, 0x23, 0xA7, 0x1D, 0x69, 0x9B, 0x2C, 0x92, 0xBA, 0x84, 0xAE, 0x19, 0xD4, 0x3A,
    0x52, 0x57, 0xD3, 0xD7, 0x8D, 0x90, 0x0B, 0xB7, 0x43, 0x69, 0xB5, 0x26, 0x8E, 0xAE, 0x11, 0xA6,
    0xD5, 0x06, 0x90, 0x7A, 0x2D, 0x43, 0x2B, 0x64, 0xA8, 0x3A, 0x64, 0xA8, 0x47, 0xA6, 0xAC, 0x93,
    0xA0, 0x98, 0x86, 0x41, 0x19, 0x50, 0x16, 0xB4, 0xD8, 0xE9, 0x10, 0x2F, 0x48, 0x80, 0x3B, 0x0A,
    0x94, 0xB2, 0x68, 0x40, 0x3D, 0xA6, 0xD2, 0xC5, 0xE5, 0x92, 0x2F, 0x64, 0x13, 0xEC, 0x51, 0x98,
    0x37, 0xCD, 0x34, 0x67, 0x88, 0xEE, 0x6D, 0x82, 0xD7, 0xA5, 0x0E, 0x0E, 0xD5, 0x7F, 0xC4, 0x90,
    0xE6, 0x9B, 0xF3, 0x64, 0x84, 0xCD, 0x2A, 0x09, 0xD5, 0x2C, 0x62, 0x01, 0x9B, 0xAE, 0x9C, 0x16,
    0x2B, 0x66, 0x08, 0xBD, 0x2B, 0xBD, 0x46, 0x15, 0xCB, 0xDF, 0x0E, 0x39, 0x42, 0x71, 0xC9, 0x84,
    0xB0, 0x94, 0x24, 0xEA, 0xA1, 0x4C, 0x09, 0x55, 0xB5, 0xFC, 0xD2, 0x42, 0xDF, 0xAA, 0xDD, 0x91,
    0x70, 0x90, 0x04, 0x54, 0x84, 0x18, 0xE5, 0xD3, 0xFE, 0xDD, 0x3D, 0x7F, 0x37, 0x02, 0xCD, 0xAC,
    0x5A, 0x36, 0xFD, 0xA6, 0xE1, 0x37, 0x4D, 0x99, 0x14, 0x70, 0x47, 0x10, 0x97, 0x51, 0x6A, 0x3E,
    0x45, 0xCD, 0xB6, 0x58, 0x49, 0x67, 0xA4, 0xCC, 0x65, 0x3B, 0x10, 0xD1, 0x68, 0x68, 0x46, 0x19,
    0xFE, 0xD6, 0xB3, 0x51, 0xA6, 0x32, 0x1E, 0x65, 0xBC, 0xED, 0x51, 0xA6, 0x30, 0x19, 0x65, 0xDC,
    0x83, 0x51, 0xC6, 0x56, 0x51, 0x4E, 0xA8, 0xA8, 0xB6, 0x77, 0xEF, 0x72, 0x6F, 0x16, 0x3C, 0x83,
    0x42, 0x8F, 0xA0, 0xA6, 0xAB, 0xAF, 0xB9, 0xF8, 0x5F, 0x0B, 0x20, 0xBB, 0x5B, 0x19, 0x05, 0x5D,
    0xAA, 0x17, 0xA8, 0x5A, 0xA5, 0x42, 0x95, 0x8A, 0x55, 0x72, 0xF4, 0xB1, 0xE8, 0xD1, 0x0E, 0x5C,
    0xB4, 0x69, 0xDE, 0xBC, 0xAD, 0xBA, 0xCB, 0xDE, 0x19, 0x5C, 0x33, 0x02, 0x0D, 0x9E, 0x5A, 0x76,
    0x15, 0x0B, 0x2E, 0xE9, 0x82, 0xF3, 0x33, 0xD2, 0xDE, 0xB7, 0x09, 0x14, 0x77, 0xCB, 0x6A, 0x28,
    0xD6, 0x40, 0x34, 0xD7, 0x9C, 0x9C, 0x6D, 0x4E, 0x32, 0x3A, 0xAC, 0x57, 0x2C, 0xCD, 0xBF, 0x41,
    0xF5, 0x7D, 0x1B, 0xA4, 0xA0, 0x84, 0xA6, 0x9F, 0x7E, 0x99, 0xEC, 0x6F, 0x3D, 0x2E, 0x0B, 0x58,
    0xB2, 0x2A, 0x46, 0x8B, 0x79, 0x27, 0x64, 0x04, 0x45, 0x5C, 0xB3, 0xDE, 0xF9, 0x3A, 0xEA, 0xCD,
    0xC6, 0xB4, 0x8D, 0xB5, 0x8D, 0x1A, 0xC7, 0x5A, 0x2E, 0x29, 0xEB, 0x98, 0x34, 0xFF, 0x8D, 0x08,
    0x8B, 0x7E, 0x88, 0xE8, 0x30, 0xD1, 0xBB, 0x24, 0x1E, 0x96, 0xA3, 0x42, 0xE5, 0x8D, 0x70, 0xD1,
    0x5A, 0xBA, 0x2B, 0x38, 0x61, 0xF9, 0x86, 0x82, 0xE2, 0xD1, 0x2E, 0x24, 0x35, 0x8E, 0xAE, 0x00,
    0x48, 0x2B, 0x1F, 0x21, 0x17, 0x64, 0x7D, 0x08, 0x74, 0x7E, 0xB5, 0x92, 0xC0, 0x64, 0x42, 0x1A,
    0x5A, 0xB8, 0xE3, 0xAB, 0x4B, 0x6C, 0x6E, 0x22, 0x46, 0xF6, 0xE6, 0x40, 0x07, 0x97, 0x0F, 0x18,
    0x43, 0x27, 0xF8, 0xA4, 0x0D, 0x30, 0xD2, 0x18, 0x1A, 0x6E, 0xE6, 0xF8, 0x70, 0x30, 0x9D, 0xC8,
    0x62, 0x9B, 0xE6, 0x42, 0x9A, 0xC5, 0x1D, 0x94, 0x5F, 0x4A, 0xBA, 0xD5, 0xA2, 0xD0, 0xA3, 0xB0,
    0x40, 0x61, 0x51, 0x1F, 0xAB, 0x89, 0xCD, 0x42, 0xBF, 0x6D, 0x9B, 0x8C, 0xA0, 0x4B, 0xFB, 0x41,
    0xA7, 0x8E, 0x02, 0x04, 0xAF, 0xE0, 0xFF, 0x2F, 0x12, 0x7A, 0x2F, 0x70, 0xCD, 0x8B, 0x41, 0x6D,
    0xC5, 0x6D, 0xEB, 0x47, 0xFA, 0x40, 0x68, 0x3F, 0xD9, 0xA7, 0x7C, 0xDB, 0xE8, 0x07, 0x53, 0x55,
    0x5B, 0xA1, 0x1E, 0xA4, 0x98, 0x0A, 0xAD, 0x62, 0x88, 0x26, 0xFA, 0x33, 0xE2, 0x12, 0x00, 0x52,
    0x2A, 0xB6, 0x2C, 0x9D, 0x8F, 0x87, 0xBA, 0x85, 0x9B, 0x7C, 0x3D, 0x02, 0xD6, 0x2A, 0x2C, 0x90,
    0x25, 0x1D, 0xB2, 0xB5, 0xBD, 0xC6, 0x54, 0x25, 0x00, 0x0F, 0xA6, 0x52, 0x9F, 0xE9, 0x83, 0xBE,
    0x21, 0x7C, 0x87, 0x80, 0xD9, 0x2C, 0xFA, 0x47, 0x7A, 0x86, 0x97, 0x16, 0x6F, 0x42, 0x3F, 0x2D,
    0xA9, 0x8B, 0x1F, 0x99, 0x41, 0x44, 0x8D, 0x88, 0xA2, 0xC8, 0x08, 0xE1, 0xC3, 0xC0, 0x9D, 0x89,
    0xA6, 0xAD, 0x65, 0x92, 0xE4, 0x9E, 0xA3, 0xBC, 0x43, 0x43, 0x0E, 0xCB, 0x7B, 0xE9, 0x25, 0xAA,
    0x38, 0x34, 0x85, 0x45, 0x2E, 0x53, 0xE9, 0x9D, 0x44, 0xEE, 0x69, 0xD8, 0x37, 0x3B, 0xD2, 0x9D,
    0xA5, 0x3C, 0xD1, 0xAE, 0x9B, 0xF4, 0x59, 0x5B, 0x56, 0x31, 0x5C, 0x33, 0x29, 0x38, 0x2F, 0x08,
    0x69, 0xBD, 0x96, 0xD4, 0xAD, 0x2D, 0x90, 0x83, 0x11, 0xC3, 0x88, 0xC3, 0xBD, 0x38, 0x4F, 0x8E,
    0x90, 0x0E, 0x46, 0x67, 0x49, 0x66, 0x01, 0x6E, 0x3A, 0xC3, 0x8E, 0xE9, 0x50, 0xFC, 0x8D, 0xBD,
    0x0F, 0x2A, 0x9D, 0x09, 0x85, 0x90, 0x71, 0x19, 0x16, 0x32, 0x23, 0x64, 0x56, 0xC8, 0xBC, 0x90,
    0x50, 0xB7, 0x88, 0x9A, 0x01, 0x4D, 0x2A, 0x9A, 0xE4, 0x96, 0x01, 0x6A, 0xDF, 0x23, 0x0F, 0xB2,
    0x67, 0xC9, 0xFB, 0x0F, 0xC8, 0xE9, 0x93, 0x2C, 0x70, 0x50, 0xA9, 0x82, 0x20, 0x6B, 0x39, 0x9D,
    0xF1, 0xF9, 0xDA, 0x0B, 0x2A, 0x0B, 0x37, 0x64, 0xD8, 0xC9, 0x92, 0xF9, 0xFC, 0x24, 0x89, 0x4E,
    0x8B, 0xAC, 0x2F, 0x54, 0xC9, 0x75, 0x8A, 0xE4, 0x39, 0xB6, 0x6C, 0xD5, 0x8E, 0x05, 0x06, 0x4D,
    0xCF, 0xCF, 0x78, 0x63, 0x1E, 0xD5, 0x87, 0x43, 0xF2, 0xC6, 0x0A, 0x33, 0xDE, 0xCE, 0x56, 0x3C,
    0xF4, 0xE7, 0xDA, 0xAE, 0x11, 0x38, 0x22, 0x70, 0x9C, 0xC0, 0xF9, 0x4C, 0xE0, 0x5E, 0x08, 0xF0,
    0x17, 0x05, 0xD7, 0x4D, 0x93, 0xC4, 0x71, 0x49, 0xAF, 0x6E, 0x52, 0x8D, 0xEF, 0x9E, 0x08, 0x5C,
    0x8B, 0xD0, 0xBD, 0x33, 0x45, 0x10, 0x0E, 0x67, 0x07, 0x39, 0x10, 0x4E, 0xCB, 0xAF, 0x1D, 0x8D,
    0xF4, 0x5C, 0x03, 0x61, 0xC9, 0x6E, 0x19, 0xB6, 0x64, 0xC6, 0x92, 0x4F, 0x5A, 0xB2, 0x5D, 0x4A,
    0x97, 0xAD, 0x26, 0x5D, 0xE5, 0xAA, 0x32, 0x39, 0xC1, 0xE7, 0x28, 0x1B, 0x7E, 0x8B, 0xB2, 0xCD,
    0xCB, 0x94, 0xBD, 0xFF, 0x04, 0x65, 0x6B, 0x36, 0x65, 0x8B, 0x60, 0xD9, 0xEF, 0x69, 0xA6, 0xD5,
    0x9E, 0x6B, 0xF1, 0x20, 0x74, 0x71, 0x3B, 0xE9, 0x49, 0x3C, 0x08, 0x30, 0xEA, 0x35, 0xF2, 0x2C,
    0x59, 0xE9, 0x5B, 0x25, 0x9C, 0xE7, 0x21, 0x37, 0xA7, 0xD3, 0x5E, 0x4E, 0xB5, 0x1C, 0x53, 0xAD,
    0x2A, 0x2C, 0xA8, 0x27, 0x5A, 0x80, 0xC4, 0x67, 0x17, 0x7D, 0xF7, 0x81, 0xD0, 0x85, 0x43, 0x47,
    0x4D, 0x5D, 0xA0, 0x87, 0x91, 0xBB, 0x27, 0x70, 0x16, 0x21, 0x67, 0x14, 0x97, 0x46, 0x2C, 0x1C,
    0x68, 0xD2, 0x73, 0x2B, 0x43, 0x15, 0xE2, 0x6F, 0x95, 0x76, 0x98, 0x76, 0xBC, 0x16, 0x8D, 0x8E,
    0xFF, 0xED, 0xAB, 0xFE, 0x17, 0xAF, 0x48, 0x16, 0xF5, 0xBE, 0x62, 0x6B, 0x9F, 0x6E, 0xD1, 0x0E,
    0x3C, 0xD3, 0xC7, 0xCA, 0x81, 0x55, 0xD6, 0x43, 0x24, 0xBE, 0x41, 0xE6, 0xDB, 0x44, 0x2D, 0x0D,
    0xA3, 0x73, 0x0C, 0x3E, 0x56, 0xEC, 0xDA, 0x90, 0x86, 0x37, 0x2F, 0x29, 0xD6, 0x4A, 0x58, 0xF0,
    0x2A, 0x55, 0x2F, 0x5F, 0xF1, 0x0A, 0x15, 0xCF, 0xC1, 0xB1, 0xEA, 0x79, 0x45, 0xAF, 0x62, 0x01,
    0x34, 0xD2, 0x3A, 0xB4, 0x28, 0x13, 0xDC, 0x7A, 0xDC, 0x77, 0x47, 0xB9, 0x65, 0x18, 0x41, 0xF8,
    0x11, 0xE6, 0x61, 0xC8, 0x04, 0x65, 0x6D, 0xB9, 0xA8, 0x39, 0xCD, 0xEC, 0x5B, 0x33, 0x7F, 0x94,
    0x1A, 0xFB, 0x9C, 0x90, 0x2B, 0xF8, 0x0B, 0xE3, 0x49, 0x3B, 0x8F, 0x84, 0x05, 0xE1, 0xC7, 0x05,
    0xCB, 0x68, 0x5E, 0xD7, 0x0E, 0x01, 0x4A, 0x49, 0xBB, 0x19, 0xB5, 0x13, 0x3F, 0x59, 0x72, 0xE1,
    0x3D, 0x38, 0x1B, 0x10, 0x10, 0x69, 0x69, 0xC0, 0x7A, 0xCB, 0x71, 0x24, 0xA1, 0x5D, 0xCE, 0x2D,
    0x29, 0xFA, 0xB6, 0xE8, 0xDB, 0x8A, 0xBE, 0x08, 0xC4, 0xF8, 0x11, 0x19, 0x3F, 0x0D, 0x0D, 0xD5,
    0x44, 0x31, 0xA1, 0xBC, 0xB1, 0x4D, 0xAA, 0xF9, 0x65, 0x9F, 0xA1, 0x8F, 0x75, 0xC9, 0xDD, 0x0F,
    0x7A, 0x1C, 0xE7, 0xE2, 0x85, 0x98, 0xAC, 0x47, 0xA8, 0xB6, 0x52, 0x53, 0xBA, 0x1A, 0x9B, 0x3B,
    0x2C, 0x9A, 0xBB, 0x1F, 0x55, 0x88, 0x15, 0x32, 0xD5, 0xC9, 0x44, 0x19, 0x0A, 0xA8, 0x0E, 0x9C,
    0x67, 0x65, 0x98, 0xD6, 0x92, 0x38, 0x06, 0x16, 0xBD, 0x06, 0xB5, 0x41, 0xBD, 0x3C, 0x38, 0xE3,
    0x19, 0xCA, 0x5D, 0x82, 0x8C, 0xE1, 0x97, 0xFF, 0xF3, 0xF5, 0xDA, 0xF1, 0x9F, 0xA7, 0x5A, 0xE7,
    0xDE, 0xF0, 0xAB, 0x0E, 0xA1, 0x78, 0x40, 0xAA, 0x15, 0x28, 0x1C, 0x1E, 0xE4, 0xF3, 0x96, 0xEE,
    0x1D, 0x9E, 0x39, 0x9B, 0x94, 0x7D, 0x9B, 0x6B, 0xF0, 0x96, 0x71, 0x72, 0x3D, 0x1A, 0x44, 0xD7,
    0x8F, 0xC4, 0x32, 0xD8, 0xD2, 0xC2, 0x78, 0x84, 0xDC, 0xE7, 0x58, 0x78, 0x1D, 0xE3, 0x23, 0xA5,
    0x71, 0x41, 0x71, 0xC7, 0x80, 0x5B, 0xED, 0xC1, 0xC5, 0x9F, 0x79, 0x0A, 0x0C, 0xB9, 0x2E, 0x10,
    0x75, 0x25, 0xB9, 0x16, 0xF5, 0x4B, 0x72, 0x71, 0x7E, 0xEA, 0xDE, 0x29, 0x9A, 0x26, 0xC4, 0x15,
    0x87, 0x27, 0xF2, 0xC0, 0x8A, 0x88, 0xF4, 0x13, 0xFC, 0x99, 0x26, 0xA7, 0xEF, 0xEB, 0x52, 0x43,
    0xED, 0x52, 0x7F, 0xA6, 0xD6, 0xBF, 0x03, 0x14, 0xA0, 0x9D, 0x4E, 0xF7, 0x53, 0x98, 0x8F, 0x9D,
    0xD4, 0x33, 0x70, 0x6F, 0x61, 0x35, 0x62, 0xDA, 0x0F, 0x3A, 0x20, 0x87, 0x61, 0xF4, 0x33, 0x80,
    0xFE, 0x27, 0x01, 0xEB, 0xED, 0xDA, 0x4A, 0x17, 0xCD, 0x21, 0xB3, 0x00, 0x79, 0x45, 0x10, 0x53,
    0x72, 0xBF, 0xFC, 0xAF, 0xE4, 0x9E, 0xBA, 0x1E, 0xE0, 0x3C, 0x02, 0x35, 0x71, 0x3D, 0xAA, 0x9D,
    0xE8, 0xF8, 0x03, 0xF0, 0x25, 0x68, 0x5C, 0xD0, 0x70, 0xE7, 0x68, 0x41, 0x1F, 0xA3, 0x4D, 0x31,
    0x0B, 0xDD, 0xB1, 0x52, 0x4E, 0x6C, 0x82, 0x7D, 0x5B, 0xB6, 0xB0, 0x81, 0x32, 0x5F, 0xB9, 0x43,
    0xFD, 0xFE, 0x38, 0x5D, 0x6C, 0xB1, 0x67, 0x33, 0x49, 0x31, 0xFC, 0x23, 0x92, 0x1B, 0x6A, 0x18,
    0xE1, 0xB4, 0x2B, 0x23, 0x0C, 0x6D, 0xDE, 0x02, 0xB8, 0x59, 0x66, 0x50, 0x1D, 0x35, 0xC2, 0x67,
    0x33, 0x14, 0xBD, 0x94, 0xA5, 0xE6, 0xF3, 0xE3, 0xF4, 0x8C, 0x3B, 0x49, 0x9F, 0xB3, 0xE7, 0x68,
    0xB7, 0xA5, 0x10, 0x4D, 0x6A, 0x28, 0x38, 0x97, 0x87, 0xEE, 0x32, 0xBA, 0xC1, 0x55, 0xB6, 0x2D,
    0xD3, 0x17, 0x0F, 0xEE, 0x25, 0xF1, 0x2F, 0x3F, 0x24, 0xF3, 0xC7, 0xFF, 0x0C, 0x60, 0xC0, 0x98,
    0x42, 0x2D, 0xF0, 0x08, 0xAC, 0x31, 0xD1, 0x3F, 0xFE, 0x90, 0xBE, 0x73, 0x89, 0x4F, 0xCC, 0x0F,
    0xA5, 0x79, 0x21, 0x32, 0x55, 0x5D, 0xA3, 0xE7, 0x21, 0x68, 0xA8, 0x9B, 0x72, 0x37, 0x2E, 0x4F,
    0xCF, 0xF5, 0xCE, 0xDD, 0x33, 0x30, 0x72, 0x7A, 0xD4, 0x42, 0x35, 0x78, 0xC1, 0x0C, 0x59, 0x0E,
    0xA6, 0xE1, 0xA3, 0x05, 0x55, 0xAC, 0xE5, 0x56, 0xAC, 0x23, 0x5B, 0x71, 0x8E, 0x77, 0xA5, 0xFE,
    0xC5, 0xEC, 0xB5, 0x7F, 0x0E, 0x02, 0xB0, 0xE6, 0x1B, 0x41, 0x2D, 0x0E, 0x59, 0xB0, 0x1A, 0x8D,
    0x63, 0xD7, 0x61, 0x3C, 0xF7, 0x2A, 0xC7, 0x36, 0x78, 0x11, 0xD0, 0xF4, 0xB2, 0xFE, 0x75, 0x20,
    0x20, 0x50, 0x3A, 0xBF, 0x71, 0xA1, 0x23, 0xFB, 0x22, 0xBD, 0xC3, 0x7D, 0x91, 0x5E, 0xC7, 0x17,
    0xCF, 0xA8, 0xCC, 0x67, 0xC2, 0xEC, 0x54, 0x34, 0x3E, 0x55, 0xAF, 0x4C, 0x55, 0x96, 0xA7, 0xB4,
    0xF0, 0x20, 0x64, 0x9F, 0x27, 0xE1, 0x91, 0x28, 0xB0, 0x72, 0x66, 0xDF, 0xA1, 0xED, 0xD7, 0xFC,
    0xC9, 0x6B, 0xAA, 0xFD, 0x56, 0x94, 0x44, 0x1F, 0x7A, 0x18, 0x60, 0x98, 0x4D, 0x99, 0x10, 0x87,
    0x2C, 0x3C, 0x54, 0x1A, 0xAF, 0xF3, 0x70, 0x39, 0xC6, 0xF8, 0xD3, 0xEF, 0xE1, 0xF0, 0xDD, 0x2F,
    0xE0, 0x70, 0xE9, 0x11, 0x84, 0x14, 0x97, 0x1E, 0x94, 0xAE, 0x38, 0xBE, 0x57, 0x35, 0xDE, 0xBD,
    0xF6, 0x88, 0x66, 0x5C, 0xC3, 0x8F, 0xC8, 0x31, 0xCE, 0x42, 0x2C, 0x9F, 0xC4, 0x08, 0x73, 0x18,
    0x71, 0x07, 0xA2, 0xF4, 0x96, 0x74, 0xC6, 0xAF, 0xF9, 0xCE, 0xD4, 0x55, 0x75, 0xE4, 0xEC, 0x35,
    0xDD, 0x91, 0x0B, 0x80, 0xB3, 0xE0, 0x42, 0x98, 0x0A, 0xCB, 0x19, 0xC2, 0x86, 0x3D, 0xE3, 0x93,
    0xB1, 0x38, 0x47, 0xD6, 0xF3, 0x87, 0xC8, 0xCE, 0xC1, 0x09, 0xCD, 0x15, 0xA8, 0x90, 0x63, 0xDC,
    0x70, 0xA9, 0xDD, 0x38, 0x1E, 0xE8, 0x47, 0x22, 0x8B, 0x66, 0xCD, 0x8B, 0x3E, 0xDD, 0x22, 0x6B,
    0x21, 0x70, 0x2A, 0xCD, 0x42, 0xA5, 0x5E, 0xAD, 0x56, 0x5B, 0x0B, 0xC5, 0x64, 0xE8, 0xF0, 0x17,
    0xE1, 0xF8, 0x61, 0x61, 0xB1, 0xDA, 0x18, 0xA1, 0x93, 0xC3, 0xC1, 0x7A, 0x82, 0x87, 0x7E, 0x0B,
    0x67, 0x87, 0xDE, 0x42, 0x44, 0x12, 0x5D, 0xC5, 0xDD, 0x10, 0xBE, 0x9B, 0x11, 0x04, 0x21, 0x20,
    0x38, 0x8C, 0x1A, 0xEF, 0x3E, 0xD8, 0x3E, 0xAC, 0x87, 0xFE, 0x42, 0x27, 0x02, 0x0C, 0xCE, 0x39,
    0xE6, 0x05, 0x18, 0xB6, 0xFF, 0xE3, 0xA1, 0x07, 0x8E, 0xEB, 0x35, 0x9D, 0x82, 0x37, 0xE5, 0x54,
    0xBD, 0xEA, 0x91, 0xF9, 0x85, 0xD2, 0xD0, 0x10, 0xE5, 0x0E, 0x31, 0x77, 0xA6, 0xCF, 0xB2, 0x3D,
    0x0C, 0x63, 0x20, 0xF5, 0x68, 0x34, 0xD2, 0x71, 0xB6, 0x9B, 0x06, 0x13, 0x45, 0x2A, 0x7F, 0x00,
    0x74, 0xA1, 0xE8, 0x1E, 0x3A, 0x82, 0x25, 0xE2, 0x9C, 0x53, 0xB6, 0x62, 0xA9, 0x9D, 0xF3, 0x53,
    0x1E, 0x6A, 0xD7, 0x47, 0x5B, 0x38, 0x16, 0xC8, 0x1B, 0x6D, 0xD5, 0x69, 0xE6, 0xD7, 0x6A, 0x37,
    0xE2, 0x15, 0x7C, 0xB6, 0x7C, 0x3C, 0x2C, 0xB8, 0x90, 0x4F, 0xBB, 0x4B, 0xD2, 0xB1, 0xD9, 0x77,
    0x72, 0x49, 0xDC, 0x40, 0xC8, 0x80, 0x48, 0x8E, 0xDB, 0xD7, 0x78, 0xC3, 0x76, 0x3F, 0xDB, 0x2B,
    0xCF, 0x66, 0xEB, 0xB9, 0x6C, 0x25, 0x97, 0xCD, 0xE7, 0xB2, 0x59, 0x5D, 0xC6, 0x9D, 0xEC, 0x76,
    0xFB, 0xF3, 0x4D, 0x0E, 0x57, 0xFA, 0xAA, 0xF1, 0xA7, 0x2F, 0xD2, 0xC2, 0x20, 0xAA, 0xFB, 0x8A,
    0xD3, 0x0B, 0x5F, 0xAF, 0x0E, 0xBF, 0xD4, 0x8B, 0xB4, 0x64, 0xD3, 0x88, 0x0D, 0x0A, 0x84, 0xF3,
    0x34, 0xE5, 0x2D, 0xCE, 0xC4, 0xDC, 0xBF, 0x57, 0xED, 0x5E, 0x64, 0xBF, 0x01, 0xE7, 0x05, 0xAB,
    0xE7, 0x63, 0x2D, 0xCA, 0xDA, 0x0E, 0xFA, 0x13, 0x87, 0xD0, 0x20, 0x82, 0x2B, 0x5F, 0x1C, 0x93,
    0xE2, 0x12, 0x19, 0x08, 0x44, 0xFE, 0x5B, 0x1B, 0xEB, 0xC3, 0x3A, 0x17, 0x86, 0x6A, 0x46, 0xE4,
    0x09, 0x2A, 0x0C, 0x93, 0x93, 0xE1, 0xE0, 0x54, 0xFC, 0x2E, 0x89, 0x0F, 0x12, 0x5B, 0xCC, 0x36,
    0xE1, 0x31, 0x32, 0x2F, 0x13, 0x1D, 0xBB, 0x83, 0x06, 0xBD, 0x26, 0x8D, 0xDE, 0x4B, 0xE6, 0xC8,
    0x66, 0x8D, 0x6F, 0xE5, 0x0A, 0x6C, 0xA6, 0x99, 0x6B, 0xA1, 0xB6, 0xA9, 0x75, 0xAD, 0x2C, 0xF7,
    0x2F, 0x97, 0xFC, 0x2A, 0x55, 0xEB, 0x98, 0x1D, 0x55, 0x2B, 0x19, 0x3E, 0x7A, 0x59, 0x3E, 0x3A,
    0xE3, 0x58, 0x9B, 0x8A, 0xBD, 0x1D, 0x35, 0x67, 0xC4, 0x0C, 0xF8, 0x1D, 0x8A, 0x10, 0xA1, 0x8C,
    0xD4, 0x81, 0x50, 0x1C, 0x0E, 0x51, 0x8C, 0x25, 0xB6, 0xE6, 0x40, 0xBB, 0x0B, 0xC9, 0x7C, 0xD1,
    0x3E, 0x0D, 0xB4, 0xCB, 0x5B, 0xC0, 0xBB, 0xAA, 0x78, 0x5E, 0x50, 0x45, 0x5C, 0xE6, 0xC3, 0x9B,
    0x0F, 0xE1, 0x70, 0xE9, 0x1B, 0x60, 0xE4, 0xD1, 0xB7, 0x09, 0xEC, 0x6B, 0x31, 0x03, 0x9B, 0xDD,
    0xA8, 0x44, 0x25, 0x29, 0x2A, 0x18, 0x8A, 0xBE, 0x4F, 0x91, 0x23, 0x28, 0xA8, 0xE0, 0x6F, 0x23,
    0x1E, 0x86, 0x94, 0x71, 0x60, 0x56, 0xD5, 0xA9, 0x32, 0x78, 0xDC, 0x31, 0xE9, 0x6B, 0x0E, 0x2A,
    0xDA, 0x0F, 0x55, 0xC8, 0xE0, 0x60, 0xA9, 0xD8, 0x7B, 0x7C, 0x9E, 0xAC, 0x8E, 0x2C, 0x7C, 0x4A,
    0x55, 0x29, 0xAC, 0x50, 0x14, 0x17, 0x8E, 0x70, 0x3E, 0xA5, 0x2C, 0xC4, 0x65, 0x75, 0x86, 0x25,
    0x08, 0xEF, 0x4D, 0xD4, 0xFC, 0x26, 0x08, 0xD1, 0x24, 0x61, 0x04, 0x63, 0x06, 0x89, 0xF3, 0x3B,
    0x43, 0xC7, 0xA9, 0x54, 0xE0, 0xDE, 0x7B, 0x6C, 0x64, 0x41, 0x4E, 0x1F, 0x15, 0xF9, 0x5A, 0x81,
    0x64, 0xD5, 0xDD, 0x1B, 0x1E, 0x12, 0x2B, 0xE5, 0xD8, 0x53, 0x45, 0xA8, 0x62, 0x9C, 0x08, 0xE3,
    0xEC, 0xD3, 0x08, 0x25, 0x86, 0x64, 0x8C, 0x9C, 0xEF, 0xFF, 0x8C, 0xBC, 0xDF, 0x7A, 0x10, 0xA6,
    0x45, 0x48, 0x90, 0xDF, 0x23, 0x4B, 0xE6, 0x73, 0x08, 0x55, 0x6E, 0x2F, 0xA5, 0x01, 0x3D, 0xF0,
    0xFC, 0x81, 0xBB, 0x43, 0x75, 0x18, 0x06, 0x7A, 0x40, 0x77, 0x38, 0x18, 0xBA, 0x6F, 0x1E, 0xE4,
    0x83, 0x97, 0x7D, 0xBA, 0xAC, 0x3D, 0x6C, 0x38, 0x04, 0xE7, 0xF3, 0x4E, 0xB5, 0xEB, 0xDA, 0x16,
    0xC9, 0x6A, 0x53, 0x25, 0xF9, 0x12, 0x2B, 0xB8, 0x90, 0xE6, 0xBF, 0x6B, 0x10, 0xA8, 0xF9, 0x63,
    0x33, 0xFE, 0xEE, 0x80, 0x51, 0x42, 0x9C, 0xA5, 0xD1, 0x91, 0x6E, 0x3A, 0x6E, 0xDB, 0x93, 0xD3,
    0x2F, 0x73, 0x16, 0xF7, 0xD3, 0xFF, 0xB3, 0x7D, 0x88, 0x42, 0x35, 0x41, 0xCD, 0x49, 0xBF, 0xE4,
    0xEF, 0x3A, 0xD7, 0x5B, 0xB3, 0xB2, 0x96, 0xAB, 0x83, 0xDD, 0x70, 0xDB, 0x04, 0x5A, 0xB7, 0x69,
    0x38, 0x4F, 0xE2, 0x31, 0x5A, 0xFB, 0xB9, 0x07, 0x34, 0x2A, 0xFF, 0x02, 0xB5, 0x3F, 0xAB, 0x58,
    0xF8, 0xC6, 0x3E, 0x7A, 0x5B, 0xB7, 0x25, 0x5A, 0x9C, 0xAC, 0xDA, 0x32, 0x42, 0xE6, 0x96, 0x9E,
    0xEB, 0x10, 0x27, 0x93, 0xF5, 0xD1, 0xD4, 0x57, 0x2C, 0x7D, 0x1C, 0xD5, 0xB2, 0xC8, 0x79, 0x52,
    0x96, 0xCD, 0xB3, 0xEC, 0x11, 0x88, 0x34, 0xC1, 0xDE, 0xFF, 0xD9, 0xAE, 0x41, 0xA4, 0x8C, 0xE7,
    0xCB, 0x3E, 0x0B, 0x11, 0xC9, 0xD5, 0x35, 0x24, 0xF3, 0x92, 0x23, 0xDB, 0x96, 0x41, 0x70, 0xF4,
    0xA5, 0x4D, 0x33, 0xBA, 0xFD, 0xB1, 0x24, 0x41, 0x19, 0x0B, 0x09, 0x49, 0x19, 0xAF, 0xC8, 0xDD,
    0x65, 0xBE, 0x78, 0x59, 0x82, 0x58, 0x7B, 0x4C, 0x9F, 0xC5, 0x79, 0xE0, 0xB0, 0x6C, 0x5C, 0xCF,
    0x01, 0x86, 0x67, 0x22, 0x8E, 0xD2, 0x4B, 0xFB, 0xB9, 0x24, 0x11, 0xFB, 0xAB, 0xE8, 0x53, 0x71,
    0xC4, 0xCE, 0x69, 0xCE, 0xC0, 0xD5, 0x36, 0x7C, 0x00, 0x23, 0x4F, 0xE5, 0x33, 0x30, 0x85, 0x69,
    0x82, 0x69, 0x5B, 0x60, 0x3B, 0xCA, 0x3E, 0x43, 0xF6, 0xEF, 0xCB, 0x6E, 0x82, 0xA9, 0xA1, 0x55,
    0xE5, 0xD9, 0x0E, 0x57, 0x83, 0xE3, 0x95, 0x23, 0x2E, 0x00, 0x3A, 0x67, 0x5B, 0xE0, 0x3E, 0xA2,
    0x72, 0x1D, 0xCA, 0x99, 0x7E, 0x4E, 0xF3, 0xA7, 0xE1, 0x77, 0x39, 0xC9, 0x1E, 0x6B, 0xF9, 0xA4,
    0xEF, 0xAE, 0x97, 0x49, 0x5D, 0xD5, 0x72, 0x96, 0xF2, 0x8D, 0x57, 0x9C, 0x8F, 0xB8, 0x9A, 0x0D,
    0xE6, 0x4F, 0xF9, 0x94, 0x62, 0x2C, 0x25, 0x3F, 0xAE, 0xFF, 0xF4, 0xCB, 0xE4, 0xAE, 0xF3, 0x78,
    0xE3, 0xB4, 0x93, 0x71, 0xB6, 0xF0, 0x23, 0x1B, 0x3F, 0xCA, 0xBC, 0x39, 0x80, 0x29, 0x46, 0x36,
    0xCD, 0xDB, 0x54, 0x81, 0x43, 0xDE, 0x00, 0xB6, 0x50, 0xDD, 0xA4, 0x26, 0xE6, 0x2D, 0x6E, 0x24,
    0xC3, 0x6E, 0x9C, 0x66, 0x24, 0x76, 0xB6, 0x68, 0x3E, 0x2D, 0xB1, 0xB3, 0xA2, 0x63, 0x0C, 0xD5,
    0xB8, 0xCA, 0xF9, 0x52, 0x43, 0xF8, 0x76, 0x9F, 0x01, 0x01, 0x47, 0xEC, 0x56, 0x99, 0xBE, 0x64,
    0xAA, 0xEF, 0x10, 0x5D, 0x50, 0x58, 0xCC, 0x17, 0x2F, 0x42, 0x2C, 0x76, 0x5D, 0xC4, 0x9D, 0xFB,
    0x7E, 0x86, 0xC3, 0xFF, 0xBE, 0xE5, 0x93, 0x79, 0xE1, 0x22, 0xF4, 0xE9, 0xA8, 0x8A, 0xC8, 0xE5,
    0x84, 0x71, 0xD1, 0x04, 0xAA, 0xB5, 0xED, 0x56, 0x49, 0x25, 0x0E, 0x69, 0x92, 0xA1, 0x52, 0x5D,
    0xB1, 0x3F, 0x5F, 0xBA, 0xD2, 0xFE, 0x92, 0xB5, 0x77, 0x2B, 0xBD, 0x09, 0xE5, 0xFB, 0xDA, 0x13,
    0x64, 0xDE, 0x3E, 0x4F, 0xD6, 0x73, 0x36, 0x3C, 0x50, 0xA1, 0x0A, 0xD6, 0x9E, 0xA0, 0x5D, 0x0A,
    0xCE, 0x25, 0xB2, 0x98, 0x4B, 0x82, 0xAC, 0x21, 0xDE, 0x5E, 0x39, 0xC3, 0xB6, 0xAE, 0x22, 0x74,
    0x90, 0x60, 0x93, 0x79, 0x2E, 0x4D, 0xF3, 0x9A, 0x69, 0x9A, 0x77, 0x45, 0x43, 0xF6, 0x94, 0x06,
    0x50, 0xC6, 0xEE, 0xAE, 0x45, 0x8F, 0xC8, 0x9B, 0x28, 0xD4, 0xBD, 0x9D, 0x2D, 0xC8, 0x62, 0x60,
    0x04, 0xA6, 0x1F, 0x4B, 0xF4, 0x39, 0x38, 0xE9, 0x7F, 0x05, 0xDF, 0x0E, 0xCC, 0x43, 0x27, 0x36,
    0xC4, 0xDE, 0x86, 0x5B, 0x60, 0x7F, 0x05, 0x64, 0xA7, 0x79, 0xD9, 0x80, 0xFD, 0x3E, 0x30, 0xBC,
    0x91, 0xD8, 0x14, 0x91, 0x90, 0xDE, 0xA9, 0x6A, 0x1C, 0x8F, 0x9C, 0xDC, 0x04, 0x8C, 0x92, 0x33,
    0x43, 0x2E, 0xFC, 0xAA, 0x22, 0x3B, 0x80, 0x8E, 0xE5, 0x2F, 0x5E, 0x6C, 0xF5, 0xC5, 0xA6, 0x43,
    0x71, 0x6F, 0xF0, 0xF1, 0xE9, 0x07, 0x64, 0x9B, 0x68, 0xF9, 0x37, 0xD1, 0x16, 0x6E, 0xDB, 0x98,
    0x82, 0xDD, 0xE0, 0xFF, 0xE8, 0x69, 0x17, 0x67, 0xA6, 0x38, 0x0B, 0x7C, 0x08, 0xBD, 0x95, 0x93,
    0xDC, 0xA1, 0x63, 0x6D, 0x75, 0xFE, 0x96, 0x9C, 0x79, 0x72, 0xE1, 0x5B, 0xFE, 0x3D, 0x39, 0x7F,
    0xC0, 0x4B, 0xB5, 0xA8, 0xE2, 0x4C, 0xD6, 0x39, 0x8C, 0xFE, 0xE9, 0xBF, 0xE1, 0xB1, 0x63, 0xE8,
    0x18, 0x39, 0x06, 0x8E, 0x71, 0xDB, 0x2C, 0xE7, 0x30, 0xD0, 0x51, 0x23, 0xD8, 0x9D, 0xC4, 0x18,
    0xA1, 0xD6, 0x0B, 0xB1, 0xC1, 0x58, 0x2F, 0x68, 0x33, 0xFF, 0x7A, 0xBB, 0xE4, 0x1F, 0x0D, 0x76,
    0x49, 0x23, 0x00, 0xC2, 0x32, 0x5D, 0xC5, 0x1C, 0xAF, 0x83, 0xFE, 0x8B, 0x73, 0x60, 0x80, 0xBA,
    0x60, 0x1E, 0x54, 0x25, 0x23, 0x84, 0x45, 0x5B, 0xD2, 0x79, 0xD1, 0x37, 0x5A, 0x47, 0x8E, 0xAA,
    0x1F, 0x18, 0xF0, 0x00, 0x7E, 0x4C, 0xC6, 0x0D, 0x69, 0x5C, 0x52, 0x86, 0x0A, 0x51, 0xCF, 0x6D,
    0xED, 0x4C, 0x53, 0x9A, 0xAE, 0x46, 0x8B, 0xBE, 0x14, 0xA6, 0xF6, 0x53, 0x57, 0xA7, 0x34, 0x77,
    0x60, 0xC6, 0x69, 0x4A, 0x93, 0x52, 0x92, 0x9A, 0xBF, 0x6D, 0xF8, 0x71, 0x71, 0x71, 0x4F, 0x86,
    0xE9, 0x79, 0xD4, 0x78, 0x73, 0x49, 0x07, 0xE0, 0x19, 0x5D, 0x12, 0xFE, 0x2E, 0x9C, 0x75, 0xC9,
    0x1B, 0x47, 0x8B, 0x43, 0x83, 0xF5, 0xC6, 0xCD, 0xDF, 0x06, 0xA2, 0x86, 0x4C, 0x12, 0x44, 0xE8,
    0x82, 0xF8, 0x37, 0x26, 0xAC, 0xFA, 0x9B, 0xA9, 0x05, 0x3C, 0xA9, 0x37, 0xF2, 0x78, 0xC9, 0x56,
    0x1F, 0xA6, 0x67, 0x71, 0x00, 0xA3, 0xF1, 0xD7, 0x86, 0x26, 0x42, 0x3C, 0x79, 0x0B, 0x10, 0xFC,
    0xAF, 0x22, 0x7C, 0xBB, 0xD2, 0x31, 0x82, 0x44, 0x0B, 0xB6, 0xF2, 0xE4, 0xAA, 0x08, 0x29, 0x28,
    0x4D, 0x1D, 0xEA, 0x11, 0x9C, 0x42, 0x0C, 0x87, 0x3A, 0x3D, 0xEA, 0xF8, 0xF8, 0x8D, 0x40, 0x75,
    0x50, 0xA5, 0x71, 0xB9, 0x9D, 0xE4, 0x6B, 0x25, 0xC4, 0x3A, 0x6C, 0x76, 0xE1, 0x67, 0x2B, 0x3B,
    0x4E, 0xB1, 0xB3, 0x59, 0x80, 0x21, 0xF2, 0x60, 0xFD, 0xAB, 0x05, 0x76, 0x1A, 0x8B, 0x20, 0x04,
    0xF8, 0x3B, 0x8A, 0xE4, 0xE1, 0x7F, 0xC1, 0x85, 0x27, 0xF2, 0x30, 0x56, 0xAE, 0xF3, 0x1E, 0xAB,
    0x2C, 0x9B, 0x21, 0xEB, 0x15, 0xE6, 0x5C, 0xB5, 0xAC, 0x2A, 0xF5, 0xA0, 0xD2, 0x0C, 0x51, 0xAA,
    0xF5, 0xA0, 0x30, 0x0D, 0xC7, 0x63, 0x96, 0x8C, 0x7D, 0x83, 0x64, 0xD9, 0xD9, 0x01, 0x1D, 0xD7,
    0xBA, 0x59, 0xD0, 0x22, 0xBE, 0xDA, 0xFA, 0x0E, 0x5B, 0x4B, 0x50, 0xBF, 0x49, 0x98, 0x15, 0x76,
    0x5C, 0x16, 0x6E, 0x71, 0x2A, 0xDE, 0x6F, 0x4E, 0xAC, 0x9F, 0x8A, 0x8F, 0x74, 0x2A, 0xDE, 0xD5,
    0x66, 0x4E, 0x24, 0x6A, 0xF5, 0xFA, 0x6D, 0x35, 0x1B, 0x28, 0x09, 0x29, 0x0C, 0xA8, 0x57, 0x42,
    0xBD, 0x6B, 0x92, 0xD7, 0x9E, 0xF2, 0x48, 0xBA, 0xEA, 0x2F, 0x9E, 0xB7, 0x25, 0xB4, 0xFF, 0xA0,
    0x11, 0x28, 0xFA, 0x85, 0x4F, 0x7F, 0x4E, 0xB4, 0xBB, 0x97, 0x85, 0xC2, 0x52, 0x93, 0x5E, 0xE9,
    0x45, 0x3B, 0xF4, 0x4C, 0x89, 0x20, 0xD7, 0x19, 0x66, 0x75, 0x11, 0x9F, 0x27, 0xF1, 0x76, 0xEA,
    0x84, 0x86, 0x49, 0xB1, 0x52, 0x5F, 0x71, 0xFD, 0x36, 0x77, 0x90, 0xB9, 0x30, 0x3B, 0x60, 0x9B,
    0xEE, 0xCA, 0xEA, 0x36, 0x93, 0x6D, 0x80, 0xE3, 0xD2, 0xFC, 0x61, 0xDF, 0x36, 0xC0, 0x7F, 0x90,
    0xB0, 0xBB, 0xDB, 0x00, 0xCB, 0x9A, 0xBD, 0x30, 0xF3, 0xC3, 0x31, 0x17, 0x56, 0x67, 0xC5, 0x0E,
    0xD1, 0x70, 0x2E, 0xCE, 0x8A, 0x45, 0x9A, 0x71, 0x71, 0xB0, 0xAD, 0xDD, 0x8A, 0xC5, 0xDB, 0x27,
    0x3E, 0x98, 0x7B, 0xEF, 0xB8, 0xF2, 0xC3, 0xE3, 0x0A, 0x1E, 0xF1, 0x86, 0x04, 0x33, 0xA0, 0x10,
    0x6F, 0x71, 0x4E, 0x01, 0x03, 0xD0, 0x69, 0xB3, 0x91, 0x74, 0xE3, 0xF5, 0x8D, 0x1B, 0xE5, 0xD9,
    0xBF, 0xBE, 0xE4, 0xD2, 0x9E, 0x8B, 0x2E, 0xE4, 0x75, 0x2D, 0xB9, 0x71, 0xBE, 0x3F, 0x48, 0xDC,
    0xD1, 0x7D, 0xA9, 0x1F, 0xB9, 0xFE, 0xA6, 0x03, 0xC2, 0xB0, 0xEB, 0xF0, 0x51, 0x9E, 0x58, 0x6F,
    0xD3, 0x01, 0xD0, 0xAA, 0x7D, 0x74, 0x00, 0x61, 0x82, 0xA2, 0x0F, 0xB7, 0x0A, 0x40, 0x7E, 0x93,
    0x8B, 0x73, 0x40, 0x59, 0x3F, 0x89, 0x33, 0x41, 0x08, 0x75, 0x5B, 0x1A, 0xCD, 0xB7, 0x6B, 0x71,
    0x1F, 0x5A, 0xD3, 0x1B, 0x24, 0xCE, 0xC9, 0xA2, 0x37, 0x90, 0xF5, 0x73, 0x70, 0xFA, 0x74, 0x85,
    0x03, 0xB9, 0x98, 0x7A, 0x5B, 0x1C, 0xBD, 0xAC, 0xE0, 0x57, 0x7D, 0xF7, 0x6B, 0xBE, 0x79, 0xDB,
    0xA7, 0xAF, 0xFA, 0xF4, 0x2B, 0x69, 0x56, 0xB0, 0x1C, 0xC4, 0x5A, 0x64, 0xA7, 0x74, 0x0F, 0x14,
    0xFA, 0x3F, 0x5B, 0xB1, 0x2F, 0xDF, 0x47, 0xEC, 0xDF, 0x43, 0x9F, 0xE5, 0x79, 0x2D, 0xF5, 0xB1,
    0x2B, 0xE0, 0x74, 0x08, 0x11, 0x21, 0xFC, 0x8C, 0x5C, 0x5F, 0xC1, 0xDF, 0xC5, 0x63, 0x91, 0x76,
    0xE0, 0x77, 0x02, 0xDF, 0x9B, 0x2E, 0x60, 0xD3, 0x92, 0x7F, 0xA8, 0x84, 0xFF, 0x3E, 0xE8, 0x2F,
    0x3F, 0x3C, 0xA5, 0xAC, 0x1F, 0x3D, 0x2A, 0x19, 0x0D, 0x18, 0x16, 0xF4, 0xF6, 0xC7, 0x59, 0xC8,
    0x7E, 0x29, 0xB1, 0xB9, 0x98, 0xE6, 0x6D, 0xDF, 0x54, 0xE1, 0xFB, 0x7E, 0xF4, 0xC6, 0x37, 0xA3,
    0x5F, 0x3F, 0x39, 0x07, 0x56, 0xC1, 0xDE, 0x99, 0xC1, 0x41, 0x8A, 0xB7, 0x13, 0xEF, 0xA6, 0x61,
    0xF6, 0x14, 0x75, 0x70, 0xE4, 0xC7, 0xC0, 0xFA, 0xF1, 0x9D, 0x14, 0xD2, 0x78, 0x74, 0x48, 0xF3,
    0xC7, 0x5D, 0xE7, 0x5D, 0x04, 0x38, 0x20, 0x26, 0x7B, 0xA7, 0xD6, 0xC3, 0x3C, 0xA2, 0x57, 0x12,
    0x29, 0xFF, 0x64, 0xFB, 0xB8, 0xB3, 0xB1, 0xBF, 0x79, 0x9F, 0x1C, 0x78, 0x7B, 0xA0, 0x6B, 0x05,
    0x61, 0xC2, 0x13, 0x2B, 0xF8, 0x4F, 0x70, 0x82, 0x02, 0xED, 0x01, 0x55, 0x6D, 0xCE, 0x4A, 0x7A,
    0x8D, 0x80, 0xA1, 0xC0, 0x94, 0x15, 0xE1, 0x37, 0xCD, 0xDB, 0x41, 0xA2, 0x8E, 0xB0, 0xDB, 0xD9,
    0x09, 0x67, 0xBB, 0xB6, 0x85, 0x70, 0x16, 0x4D, 0xA5, 0xED, 0x4A, 0x73, 0x51, 0x31, 0x28, 0x19,
    0xD0, 0x95, 0xA3, 0xCA, 0xE8, 0xA6, 0xF3, 0x78, 0x6B, 0xD4, 0xF4, 0x9B, 0x64, 0x80, 0x4C, 0xD9,
    0x23, 0xC1, 0x44, 0x31, 0x8D, 0x82, 0x9E, 0x02, 0xC5, 0x1B, 0xB3, 0x22, 0x71, 0xD8, 0xD3, 0x88,
    0xEB, 0xE3, 0x37, 0x13, 0x0E, 0x6A, 0xB5, 0x52, 0x7A, 0x65, 0xEF, 0xC4, 0x6C, 0x7A, 0xA4, 0x27,
    0x87, 0x5F, 0x83, 0xA3, 0x01, 0x1E, 0x61, 0xA7, 0xEB, 0x9C, 0x6E, 0x60, 0x3A, 0xC3, 0x86, 0x8A,
    0x01, 0x2F, 0x10, 0x7B, 0x54, 0xBA, 0x07, 0x78, 0xC7, 0xB6, 0x3A, 0xB1, 0xD1, 0x46, 0xE2, 0xDD,
    0x9B, 0xB4, 0xC9, 0x36, 0x07, 0x43, 0xCD, 0x94, 0xC6, 0xAB, 0x7D, 0x77, 0x85, 0x19, 0x2C, 0xD4,
    0x0C, 0x19, 0x5D, 0xC7, 0x6B, 0x63, 0xCC, 0x28, 0xB5, 0xD8, 0x44, 0x8C, 0xF7, 0x1C, 0x2F, 0xDE,
    0x21, 0x6F, 0xBB, 0x4A, 0x84, 0xA3, 0xC1, 0x70, 0x98, 0x89, 0xB2, 0x61, 0x66, 0x06, 0x54, 0xD9,
    0x1A, 0x66, 0xAA, 0x93, 0x61, 0xA6, 0x00, 0x72, 0x66, 0xC3, 0x8C, 0xAD, 0xC2, 0x9C, 0xE5, 0x47,
    0x8D, 0x78, 0x87, 0x3C, 0x93, 0xBC, 0xA7, 0x91, 0xA7, 0x24, 0x49, 0x31, 0xE0, 0x56, 0x8F, 0xEA,
    0x8F, 0x78, 0x36, 0xD6, 0x1D, 0xFD, 0xCA, 0x89, 0x4F, 0x27, 0xD3, 0xD4, 0xE0, 0xEE, 0x5E, 0x6A,
    0xD0, 0xD4, 0x2F, 0x81, 0x58, 0xFA, 0x25, 0x90, 0x6C, 0xFA, 0x12, 0xC8, 0xC8, 0x08, 0x39, 0x05,
    0x1A, 0x7E, 0x99, 0x56, 0x6F, 0x01, 0x7E, 0x85, 0xB7, 0x00, 0x51, 0xAA, 0xDD, 0x2D, 0xC0, 0x63,
    0x64, 0x5C, 0x92, 0xBD, 0xA4, 0xE3, 0x66, 0x2D, 0xF7, 0xA7, 0xF1, 0x37, 0x69, 0x59, 0x8B, 0xF1,
    0xAD, 0x73, 0x94, 0x09, 0xF3, 0x34, 0x1E, 0x8E, 0xD0, 0x24, 0x4B, 0x2E, 0x48, 0x75, 0x42, 0xC3,
    0x0F, 0xA1, 0x9F, 0x21, 0x2C, 0x57, 0x08, 0xB6, 0x85, 0x5B, 0x3C, 0x0A, 0x73, 0x1D, 0xD6, 0x1A,
    0x39, 0x46, 0xEE, 0xC2, 0x0D, 0x99, 0x77, 0xF7, 0xA8, 0x21, 0x88, 0x02, 0x95, 0xBE, 0x1C, 0x94,
    0x1E, 0x3F, 0x39, 0x8B, 0xE0, 0x84, 0x03, 0x14, 0xAA, 0x7E, 0xDA, 0xF7, 0x4B, 0xEF, 0xC5, 0x59,
    0x52, 0xC0, 0x09, 0xC0, 0x24, 0x86, 0x12, 0x1D, 0xD9, 0x04, 0xBD, 0xC8, 0x66, 0xCD, 0x8B, 0x23,
    0x8D, 0x4E, 0x14, 0xF3, 0xC4, 0xD4, 0x3C, 0x81, 0x1F, 0x9D, 0x77, 0x59, 0xE1, 0x77, 0x1F, 0xA0,
    0xEE, 0x06, 0x44, 0xD1, 0x4C, 0xE3, 0x98, 0x7D, 0xFC, 0xCE, 0xCC, 0x88, 0x19, 0x68, 0x73, 0x8F,
    0xD0, 0xA0, 0x72, 0xDF, 0xC9, 0xB3, 0xBB, 0x1F, 0x3D, 0x54, 0x25, 0x94, 0xBA, 0x47, 0x91, 0x6B,
    0x06, 0x22, 0x1E, 0x84, 0xA4, 0x52, 0x9B, 0x26, 0x0A, 0x49, 0x4F, 0xF7, 0x9D, 0xA1, 0xFB, 0x0F,
    0xC0, 0xAD, 0x23, 0x2F, 0x97, 0x6C, 0x86, 0x19, 0x7B, 0x48, 0x5C, 0xBE, 0xB3, 0x36, 0x33, 0x5B,
    0x75, 0x66, 0x66, 0x80, 0xC6, 0xE3, 0x2C, 0x80, 0x78, 0xA1, 0x3F, 0x56, 0xFF, 0x44, 0x88, 0x7A,
    0x10, 0xEB, 0xF6, 0x0F, 0xDD, 0x74, 0xC5, 0x40, 0x88, 0x6A, 0x02, 0x42, 0x0B, 0xC9, 0x04, 0x07,
    0x7C, 0xAD, 0x66, 0x64, 0x22, 0xCF, 0xF9, 0xAA, 0x8D, 0x76, 0x6A, 0x4B, 0x1D, 0x1F, 0x3E, 0x39,
    0x6B, 0xD2, 0x0C, 0xEB, 0x86, 0xB8, 0xA9, 0x73, 0x38, 0xAB, 0xA2, 0xB6, 0x34, 0xCD, 0xF4, 0x1B,
    0x8F, 0xD1, 0xD8, 0x76, 0x8E, 0xDD, 0x80, 0x2C, 0xE2, 0x03, 0xD8, 0x39, 0xCD, 0x2C, 0x38, 0xCD,
    0x96, 0x9C, 0xB0, 0xA9, 0xEE, 0x50, 0x39, 0x6E, 0xF4, 0x51, 0x70, 0xF6, 0x8F, 0xEE, 0xEE, 0x8D,
    0x1C, 0xE3, 0x51, 0x32, 0x4E, 0x6E, 0x96, 0x84, 0xD0, 0x9C, 0x0B, 0xE8, 0x6E, 0xDF, 0x1A, 0x82,
    0x98, 0x98, 0x6F, 0x76, 0xB7, 0x4C, 0x36, 0xEE, 0xE6, 0xA8, 0xA4, 0x6B, 0xFE, 0x3A, 0x59, 0xDF,
    0xB5, 0xEF, 0xD7, 0xA4, 0x59, 0xDF, 0xE1, 0xEE, 0xFA, 0xF4, 0xA5, 0x7F, 0x79, 0xF3, 0x58, 0xAC,
    0x49, 0xFF, 0xAE, 0x69, 0xB3, 0xD6, 0x59, 0x59, 0xB7, 0xCD, 0x55, 0x4D, 0x4D, 0x9F, 0x5A, 0xD3,
    0x14, 0xC6, 0xF9, 0xBE, 0x7F, 0x47, 0x6D, 0x9A, 0x1B, 0x8C, 0x73, 0x6D, 0xE3, 0xEB, 0x48, 0xDC,
    0x66, 0x6F, 0x5D, 0x8C, 0x4F, 0x78, 0x3D, 0x89, 0x5B, 0xB5, 0x1D, 0xDA, 0x5D, 0xDE, 0x01, 0x5F,
    0xED, 0x41, 0x7D, 0xF3, 0xD5, 0x74, 0x1F, 0x4C, 0xB0, 0x3B, 0xEF, 0x0E, 0x93, 0x95, 0x49, 0xF7,
    0xC1, 0xA2, 0xDE, 0x3E, 0x18, 0x94, 0xE0, 0x08, 0x7D, 0x14, 0x04, 0x06, 0xEE, 0xC5, 0xCC, 0xF0,
    0x4E, 0x6B, 0xF2, 0xC8, 0xC0, 0x1D, 0xF1, 0xE7, 0xFB, 0x8A, 0xAE, 0x49, 0xF3, 0x77, 0xEE, 0xE4,
    0x65, 0x25, 0x7C, 0xDE, 0x57, 0xE6, 0xE5, 0x34, 0xFF, 0x3E, 0x78, 0x77, 0x2F, 0x4A, 0x7E, 0x92,
    0xEE, 0xF6, 0x75, 0x22, 0x4C, 0x52, 0xA4, 0x93, 0xFC, 0xF8, 0xAD, 0xF8, 0xD5, 0x99, 0xAB, 0x75,
    0x73, 0x66, 0x51, 0x7F, 0x88, 0x93, 0x26, 0xC0, 0xFA, 0x72, 0x67, 0x01, 0xE2, 0x90, 0x59, 0x88,
    0xD7, 0xC8, 0x04, 0x3C, 0xA0, 0x7A, 0x9F, 0xAE, 0xDE, 0xE1, 0x3B, 0x41, 0x13, 0x90, 0xD7, 0x99,
    0xA0, 0x2F, 0xFF, 0x3A, 0xD0, 0x3E, 0xFD, 0xE6, 0x79, 0xBB, 0x74, 0xFC, 0x22, 0x4C, 0x72, 0x19,
    0x6B, 0x73, 0x78, 0x07, 0xE9, 0xA0, 0x15, 0x18, 0x03, 0xC6, 0x87, 0x4B, 0xA9, 0x57, 0xBE, 0x94,
    0xB0, 0x64, 0xC3, 0xF8, 0x30, 0xD4, 0x3D, 0x1F, 0x64, 0xAF, 0x5F, 0xBB, 0x94, 0xAB, 0x1A, 0x2F,
    0x75, 0x22, 0x96, 0x9A, 0xD5, 0x8D, 0xF7, 0x1A, 0xFC, 0xD5, 0x9B, 0x72, 0xDB, 0x4D, 0xD9, 0xDF,
    0xE0, 0xFF, 0x03, 0xA5, 0x97, 0x4F, 0x68, 0x23, 0x55, 0x1C, 0xC7, 0x3F, 0xEF, 0x4D, 0xEC, 0x64,
    0x3B, 0xE9, 0x64, 0xD5, 0x1C, 0x5C, 0x69, 0xB2, 0x3D, 0xAC, 0x10, 0x25, 0xA5, 0x3D, 0x14, 0xE9,
    0x21, 0xD5, 0x59, 0x14, 0x3D, 0x09, 0x5D, 0xF6, 0x28, 0x48, 0x8F, 0x15, 0x44, 0x7A, 0x08, 0xBA,
    0x97, 0x36, 0xCF, 0x3F, 0xE0, 0xC5, 0x43, 0x44, 0x58, 0x14, 0xC1, 0x2D, 0xDA, 0x83, 0xB8, 0x2C,
    0xE4, 0x20, 0xB2, 0x07, 0xAB, 0x03, 0x9E, 0xC4, 0x4B, 0xD8, 0x8B, 0x8A, 0x1E, 0x7A, 0x12, 0xA5,
    0x1E, 0x2A, 0x2C, 0xF8, 0x07, 0x76, 0xE3, 0xEF, 0xBD, 0x49, 0x93, 0xAC, 0xBA, 0xCD, 0x9B, 0xEC,
    0xE4, 0xA5, 0x09, 0x93, 0x37, 0xBF, 0xCF, 0x7C, 0x7F, 0xEF, 0xFB, 0xFB, 0xBD, 0x29, 0x40, 0x13,
    0xD6, 0xE0, 0x43, 0xF8, 0x16, 0xF5, 0x56, 0xA2, 0x9F, 0x4A, 0x03, 0x9D, 0x86, 0xFD, 0x83, 0x12,
    0x47, 0x25, 0xBA, 0x75, 0x2E, 0xF5, 0x75, 0x9F, 0x6C, 0x5A, 0xD3, 0x7E, 0x92, 0x50, 0xFE, 0x82,
    0xF9, 0x98, 0x42, 0x0C, 0x35, 0xCE, 0xBE, 0xC0, 0x6A, 0x6C, 0x47, 0x73, 0x89, 0xB3, 0x3F, 0x1A,
    0xF9, 0x5D, 0xF5, 0xEC, 0xB0, 0xC7, 0x8B, 0xF0, 0xAC, 0x9D, 0xC3, 0x39, 0xF0, 0x03, 0x05, 0x47,
    0x28, 0x99, 0xDC, 0x85, 0x74, 0x32, 0x08, 0x16, 0xA8, 0xEC, 0xB2, 0x83, 0x7A, 0x3D, 0xF1, 0x8C,
    0x8F, 0x32, 0xBC, 0x4B, 0xF0, 0x19, 0x85, 0xE2, 0xE4, 0xF8, 0x32, 0x65, 0xB6, 0x02, 0xFB, 0xE0,
    0x1D, 0x7F, 0x43, 0xB4, 0x76, 0x6C, 0xFC, 0xFB, 0x8A, 0x3E, 0xF7, 0x9F, 0xA0, 0x36, 0xA8, 0x74,
    0xF2, 0x49, 0x98, 0x05, 0x9D, 0x70, 0xD9, 0x57, 0x05, 0x7B, 0x46, 0x5F, 0x01, 0x11, 0xB2, 0x9D,
    0x87, 0x02, 0xE1, 0xFB, 0x14, 0x2F, 0x41, 0xC7, 0x1B, 0x94, 0x45, 0xBE, 0x8A, 0x3A, 0x9F, 0x83,
    0x32, 0xF2, 0x95, 0x38, 0xE7, 0x88, 0xA0, 0xE5, 0xC5, 0x1A, 0x79, 0x4C, 0x8E, 0xD8, 0xA9, 0xFB,
    0xCE, 0x0A, 0xF4, 0xE5, 0x9E, 0x86, 0x2D, 0x0A, 0x4F, 0x13, 0x6E, 0xA2, 0x76, 0xFD, 0xA4, 0xED,
    0x5A, 0xBB, 0xE5, 0xA2, 0x28, 0x59, 0x28, 0x93, 0x87, 0x52, 0x87, 0x53, 0xB9, 0xB5, 0xD8, 0xC8,
    0xCB, 0x14, 0xDE, 0xF4, 0xA6, 0xEC, 0x19, 0x75, 0xC5, 0x2D, 0x50, 0xAE, 0x8C, 0x89, 0x1F, 0x7E,
    0xB0, 0x7E, 0x28, 0x14, 0xBC, 0x41, 0xE7, 0xE1, 0x10, 0x36, 0x99, 0xC2, 0x0C, 0xE2, 0x81, 0xF0,
    0x25, 0x2F, 0xCA, 0xB8, 0x13, 0x96, 0xAE, 0xA6, 0x65, 0x7A, 0x11, 0x26, 0x02, 0x3B, 0xFA, 0x0C,
    0xBE, 0xD8, 0xB1, 0x5C, 0x66, 0xAB, 0xDD, 0x3F, 0xB2, 0xF3, 0xBA, 0x6E, 0xB8, 0xFA, 0x8B, 0x24,
    0x78, 0x99, 0x66, 0xC4, 0xDA, 0xF3, 0x3C, 0xF1, 0x29, 0xAB, 0x8E, 0x5F, 0xD3, 0x84, 0xB7, 0xDC,
    0x84, 0x61, 0xF0, 0x4F, 0xE0, 0x39, 0x68, 0xD8, 0x54, 0x8B, 0x79, 0x7C, 0x40, 0x5A, 0x5A, 0x59,
    0x7D, 0xD4, 0xCA, 0x4E, 0x06, 0xA9, 0x84, 0xF0, 0xEF, 0xA4, 0x70, 0xC6, 0x57, 0x85, 0x58, 0x2B,
    0xFE, 0xD5, 0x19, 0x66, 0xA2, 0x04, 0xD6, 0xB9, 0x90, 0xF2, 0x1B, 0xFA, 0x19, 0xEF, 0x14, 0x29,
    0xA3, 0x5C, 0x93, 0x2C, 0x16, 0x27, 0xC7, 0x97, 0x6E, 0x5D, 0x5A, 0x47, 0xE5, 0x89, 0x2F, 0xAB,
    0xFA, 0x48, 0xC7, 0x37, 0x3E, 0x22, 0x55, 0xA5, 0x5C, 0x30, 0xF9, 0x24, 0xB8, 0x26, 0xA9, 0x2E,
    0xFB, 0x52, 0xD4, 0x0D, 0x82, 0x97, 0x6D, 0xAA, 0xF2, 0x51, 0xA4, 0x28, 0xDE, 0xB3, 0x45, 0xA1,
    0xFC, 0xE5, 0xC8, 0x71, 0x1D, 0xF5, 0x13, 0x5A, 0x4F, 0xE5, 0x58, 0xB9, 0xD5, 0x03, 0xDB, 0x24,
    0xBD, 0x58, 0xC7, 0xEE, 0x7D, 0x38, 0xB9, 0x3F, 0xD5, 0x66, 0xC6, 0xF2, 0x7A, 0x65, 0x09, 0x7C,
    0xE7, 0xAB, 0x4C, 0xBB, 0xB7, 0xC4, 0x03, 0x72, 0x0B, 0x25, 0x99, 0xB1, 0x23, 0xED, 0x74, 0xFC,
    0xD5, 0x4E, 0xEF, 0x7E, 0x15, 0xEE, 0x13, 0xE6, 0x6C, 0x0B, 0xBE, 0xCB, 0xB5, 0x71, 0xF6, 0x5B,
    0x05, 0x7D, 0x28, 0x51, 0x5A, 0x55, 0x9A, 0x0D, 0xAA, 0x4D, 0x6A, 0x4D, 0x62, 0xF7, 0xB7, 0xD6,
    0x60, 0x51, 0x4E, 0x46, 0x49, 0x57, 0xF5, 0x5D, 0xD7, 0x98, 0x77, 0x65, 0x96, 0x15, 0xE7, 0x35,
    0xE6, 0x43, 0x9A, 0x81, 0x59, 0x0D, 0xD2, 0x6C, 0xC8, 0xF7, 0x6A, 0x78, 0x2C, 0xEF, 0x00, 0x5C,
    0x72, 0x78, 0x14, 0x2E, 0xBA, 0x9C, 0x3D, 0x94, 0x03, 0xA4, 0x6F, 0xA2, 0x84, 0xD5, 0x02, 0xE3,
    0xC1, 0x12, 0x9F, 0x57, 0xB6, 0x78, 0x12, 0x5E, 0x33, 0x39, 0xB4, 0x88, 0x71, 0x3F, 0x26, 0xB8,
    0x3E, 0x78, 0x1A, 0x38, 0x19, 0x21, 0x9D, 0x3F, 0x94, 0xD6, 0xDF, 0xCE, 0x87, 0xD8, 0x12, 0xD1,
    0xBB, 0xBE, 0x08, 0x3B, 0x43, 0xAE, 0x90, 0x67, 0xA6, 0xBC, 0x42, 0xA4, 0x9C, 0xE4, 0xC9, 0xE9,
    0x23, 0x6F, 0xD0, 0x9E, 0xE1, 0x83, 0xC4, 0xEE, 0x64, 0x79, 0x41, 0xD9, 0x36, 0xB3, 0x69, 0xB7,
    0x5B, 0x6F, 0x51, 0x6E, 0x6B, 0x79, 0x55, 0x40, 0xC9, 0x34, 0x36, 0xC3, 0xBA, 0xC8, 0x97, 0x35,
    0xB4, 0x9C, 0xBB, 0xD3, 0xC4, 0x5A, 0xDF, 0x6D, 0xD8, 0x54, 0x82, 0x54, 0x1F, 0xDE, 0x90, 0x62,
    0x7E, 0xC5, 0x54, 0xE5, 0x76, 0x04, 0x2E, 0xA5, 0x58, 0x93, 0x77, 0x3C, 0xF8, 0xAC, 0xC9, 0xB9,
    0x45, 0x77, 0x56, 0xEE, 0x81, 0xA1, 0x5A, 0x39, 0x16, 0x61, 0x45, 0xD0, 0x0B, 0x24, 0xAD, 0xE8,
    0xDA, 0xF2, 0x7C, 0xD8, 0x39, 0x49, 0xA9, 0xC3, 0xAF, 0x64, 0x0F, 0xA7, 0xF7, 0x00, 0x0D, 0x8D,
    0xF5, 0x26, 0xA7, 0x3D, 0xA0, 0x52, 0x5C, 0xB6, 0xBA, 0x6C, 0x79, 0xD9, 0xFA, 0x9A, 0x16, 0x3A,
    0x56, 0x6E, 0x1E, 0x50, 0x69, 0xC4, 0x7A, 0x3F, 0x45, 0xCD, 0x24, 0x53, 0x03, 0x65, 0x4B, 0x8D,
    0x7F, 0xA6, 0x50, 0xF7, 0xCC, 0xEB, 0xB4, 0xB9, 0x14, 0x4D, 0x23, 0x23, 0x79, 0xB0, 0xC6, 0x1C,
    0xD4, 0x36, 0x5F, 0xC6, 0xAC, 0xC4, 0x9C, 0xFB, 0xEF, 0x28, 0xB3, 0x2C, 0x14, 0x9D, 0x41, 0x1A,
    0xA3, 0x27, 0xE4, 0xED, 0x28, 0x9D, 0xD3, 0x77, 0x8C, 0x38, 0x48, 0xCB, 0x61, 0x1A, 0xFE, 0x75,
    0x93, 0xAC, 0x1B, 0xB4, 0xDC, 0xBC, 0xC7, 0xE0, 0xC1, 0xC4, 0x2E, 0x59, 0x29, 0x0F, 0xE8, 0x4F,
    0xE7, 0xE7, 0xBA, 0x7B, 0xD0, 0x9D, 0xC8, 0xFA, 0x77, 0x05, 0x10, 0xA4, 0x6D, 0xF3, 0x79, 0x1A,
    0xF3, 0xB8, 0x89, 0x25, 0x51, 0x12, 0xFB, 0x7F, 0xDF, 0x02, 0x74, 0x09, 0xD4, 0x63, 0x15, 0x50,
    0xC5, 0x6E, 0x5D, 0xEB, 0xD2, 0x01, 0xE3, 0xED, 0xE8, 0x9B, 0x39, 0xFD, 0xCB, 0x89, 0xD0, 0xF1,
    0x0A, 0x98, 0x1E, 0x1A, 0x18, 0xBB, 0x3F, 0xB2, 0xE0, 0x01, 0x95, 0x64, 0xDA, 0x6C, 0xBA, 0x0A,
    0x28, 0xDD, 0x03, 0x74, 0x94, 0x5E, 0x0F, 0xA8, 0x54, 0x80, 0xBA, 0x35, 0xA8, 0x80, 0x29, 0x81,
    0x52, 0x01, 0x33, 0x7F, 0x50, 0x38, 0xE3, 0x99, 0xD7, 0x69, 0x65, 0x35, 0x18, 0xF9, 0x13, 0x0F,
    0xD6, 0xD0, 0xA4, 0xD9, 0x5A, 0xAE, 0x0E, 0x56, 0x72, 0xE9, 0x9D, 0xFD, 0x28, 0x59, 0x09, 0xD2,
    0x0D, 0xD5, 0x4B, 0xF9, 0xDD, 0xD8, 0x86, 0xBE, 0xE6, 0x82, 0x67, 0x43, 0xBA, 0xA4, 0x03, 0x8A,
    0xE5, 0x6C, 0xE7, 0x5A, 0xB7, 0x97, 0x7C, 0x15, 0xF5, 0x1A, 0x41, 0x52, 0x0D, 0x28, 0xCF, 0x10,
    0x9E, 0x22, 0x78, 0x1B, 0xFD, 0xBD, 0x8B, 0xD9, 0x75, 0xFF, 0xAE, 0xA5, 0x76, 0x91, 0x77, 0x8E,
    0x51, 0x9E, 0xF1, 0xC7, 0x37, 0x86, 0x09, 0xF1, 0xBF, 0x4E, 0x82, 0x37, 0xCC, 0x20, 0xBE, 0x78,
    0xE4, 0xE2, 0xA8, 0xE0, 0x7C, 0x58, 0x6A, 0xD8, 0x10, 0x3B, 0x39, 0xB5, 0x88, 0xF6, 0xDB, 0x1D,
    0x66, 0x8C, 0x2F, 0x28, 0x61, 0xD6, 0xDA, 0x20, 0x1F, 0xE5, 0x1F, 0x7D, 0x55, 0xCF, 0x6B, 0x24,
    0x45, 0x14, 0xFE, 0xAA, 0x3B, 0x63, 0x67, 0x92, 0xE9, 0x64, 0x84, 0x09, 0xCC, 0xA1, 0xB3, 0xCE,
    0x42, 0x23, 0x43, 0x98, 0x24, 0x1D, 0xA8, 0x95, 0x16, 0xBA, 0x33, 0xB5, 0xFA, 0x0F, 0xCC, 0x61,
    0x57, 0x41, 0x10, 0x06, 0x45, 0x44, 0x58, 0xB0, 0xC1, 0x11, 0x06, 0x96, 0x35, 0xC5, 0xE2, 0xC5,
    0x5B, 0xA2, 0xE0, 0xC9, 0xA3, 0x5E, 0x46, 0x56, 0x72, 0x68, 0x70, 0x0F, 0xAB, 0xE9, 0x35, 0xAC,
    0x41, 0x72, 0xD8, 0xC6, 0x3D, 0xE4, 0xA6, 0x83, 0x78, 0x10, 0x13, 0x96, 0x46, 0x82, 0x27, 0x75,
    0x7C, 0x55, 0xDD, 0xBA, 0x3D, 0x43, 0xB4, 0xEA, 0xF5, 0xAB, 0xF7, 0xAB, 0xBF, 0x9E, 0xF7, 0xEA,
    0x55, 0x0D, 0x7A, 0xA5, 0x81, 0xAB, 0xED, 0x60, 0xD4, 0xF8, 0x77, 0x60, 0x0E, 0x16, 0xDE, 0xC4,
    0x35, 0xF4, 0x2E, 0x98, 0x20, 0x2F, 0xC7, 0x73, 0xA2, 0x22, 0xD8, 0x05, 0x13, 0x58, 0xC1, 0x41,
    0xA2, 0x9E, 0xB5, 0x91, 0x5C, 0xB9, 0x4E, 0xD1, 0xE8, 0x4E, 0xC6, 0xC8, 0xD7, 0xC9, 0x24, 0x7B,
    0x22, 0x6D, 0x89, 0x2D, 0xF9, 0xFF, 0x13, 0x58, 0x1B, 0x81, 0x30, 0x72, 0x8E, 0x05, 0x97, 0x87,
    0x4D, 0x04, 0x61, 0xCD, 0xED, 0x21, 0x58, 0xAF, 0xB9, 0x02, 0x61, 0xE0, 0x35, 0x19, 0x39, 0x9A,
    0x6E, 0x8B, 0xEF, 0x87, 0x77, 0x9B, 0x2E, 0x10, 0xC4, 0xE1, 0xB0, 0xE6, 0xBA, 0xFD, 0x9E, 0x50,
    0xF2, 0xBA, 0x96, 0x05, 0xC9, 0xE1, 0x30, 0x88, 0xBD, 0x7E, 0xD3, 0x65, 0x73, 0xA6, 0x34, 0x85,
    0x21, 0x0C, 0xEC, 0xFC, 0x61, 0x0A, 0x92, 0x65, 0xA1, 0x93, 0xC5, 0x00, 0x43, 0xAE, 0xED, 0xDC,
    0x53, 0x3E, 0x43, 0x30, 0x18, 0x2A, 0x86, 0x74, 0x5A, 0x49, 0xAA, 0xA0, 0x9B, 0x74, 0x53, 0x9A,
    0x49, 0x05, 0x75, 0x84, 0x50, 0x72, 0x48, 0x12, 0x32, 0x95, 0x58, 0x16, 0x64, 0x81, 0xCE, 0x0F,
    0xF1, 0xFA, 0x32, 0xE2, 0xCE, 0x72, 0xAE, 0x68, 0xDF, 0x1B, 0xA2, 0xF7, 0x1F, 0xD5, 0x04, 0x5E,
    0xBA, 0xB0, 0x92, 0xAA, 0x96, 0x23, 0x2A, 0x54, 0x69, 0x5B, 0x46, 0x52, 0xFE, 0x5A, 0x56, 0x0D,
    0xE3, 0xF3, 0x92, 0xCA, 0x34, 0xD8, 0x6A, 0xEA, 0x10, 0xF7, 0x23, 0x4E, 0x9C, 0xF3, 0x48, 0xF3,
    0x54, 0xF1, 0x77, 0xEF, 0x8B, 0x39, 0xF8, 0xEF, 0xBC, 0x3A, 0xFE, 0x52, 0x5C, 0x3A, 0xF1, 0xA3,
    0xEF, 0x13, 0xD8, 0xFC, 0xCA, 0xFD, 0x04, 0x8E, 0xE6, 0x5C, 0xF3, 0xA8, 0xAD, 0xEC, 0xE9, 0x52,
    0x7A, 0x33, 0xFF, 0xE9, 0x05, 0x66, 0x01, 0x5A, 0xA0, 0x16, 0xB0, 0x05, 0x6E, 0x01, 0xDC, 0xD3,
    0xC8, 0x2F, 0x7E, 0xA2, 0xA1, 0x8F, 0x96, 0x34, 0xF6, 0xF1, 0xA2, 0x06, 0xA7, 0x85, 0xE7, 0x8B,
    0x82, 0x3F, 0xB2, 0x35, 0xBE, 0x71, 0x56, 0x7C, 0x01, 0xBE, 0xD7, 0xDF, 0x25, 0x9E, 0x79, 0x69,
    0x3F, 0xD9, 0x13, 0xCA, 0xF0, 0x5B, 0xE2, 0x3D, 0x92, 0xFD, 0x43, 0xEC, 0xBD, 0x00, 0x0C, 0x78,
    0x7B, 0x9E, 0x78, 0xCA, 0xC7, 0xED, 0x68, 0xDE, 0x23, 0xEF, 0xE0, 0x91, 0xE4, 0x3F, 0x25, 0xED,
    0x28, 0x99, 0xF7, 0xA4, 0x01, 0x4B, 0xD8, 0xB2, 0x99, 0x78, 0x7D, 0xA0, 0xEA, 0x0C, 0x32, 0xEE,
    0x54, 0x76, 0xBD, 0xCE, 0xA5, 0x4E, 0xA4, 0x60, 0x7A, 0x41, 0x85, 0xFB, 0x8E, 0x8D, 0xC8, 0xBC,
    0x9A, 0xE0, 0x84, 0x36, 0x67, 0x39, 0xBB, 0xB5, 0xC4, 0x0E, 0x85, 0x05, 0x4A, 0x86, 0x47, 0x81,
    0x0D, 0x9F, 0xA2, 0x82, 0xA1, 0xAF, 0x06, 0xF7, 0xB9, 0x1A, 0xAE, 0x57, 0xAF, 0x2B, 0x5B, 0x30,
    0xA4, 0xD4, 0x05, 0x36, 0xEE, 0xC1, 0x5F, 0xC4, 0xE5, 0x23, 0xC1, 0x8E, 0xC1, 0x1E, 0x82, 0x9D,
    0x81, 0x51, 0xCA, 0x09, 0xA0, 0xF0, 0x61, 0xA4, 0x8A, 0x74, 0x3B, 0x93, 0x49, 0x75, 0x81, 0x68,
    0xC3, 0x90, 0xD6, 0xE8, 0x0E, 0x1D, 0x02, 0x91, 0x97, 0x6F, 0x72, 0x8E, 0x25, 0x2C, 0xA2, 0x05,
    0xC8, 0x22, 0xDD, 0x1A, 0x5C, 0x78, 0xD8, 0x45, 0x62, 0x48, 0x33, 0xA9, 0xA6, 0xB5, 0xC8, 0xE5,
    0x9E, 0xB3, 0x6B, 0x6B, 0x58, 0x34, 0x1E, 0x10, 0xDB, 0x78, 0x4C, 0xCC, 0x3A, 0x27, 0x16, 0xFE,
    0xA8, 0xDE, 0x50, 0x0E, 0x29, 0xA5, 0x12, 0x12, 0x04, 0x3F, 0xAC, 0x3F, 0x84, 0xF5, 0xF3, 0x53,
    0xE7, 0xD8, 0xF8, 0xF3, 0x99, 0xC7, 0x70, 0x1F, 0x34, 0xBE, 0xCD, 0x1D, 0x2B, 0x42, 0x35, 0x63,
    0xFE, 0x5D, 0x0B, 0x20, 0x40, 0xDA, 0x32, 0xDA, 0x2E, 0xDA, 0xAA, 0x14, 0x2C, 0x81, 0x29, 0xA6,
    0xCC, 0x3B, 0x62, 0x80, 0x27, 0xF3, 0x3D, 0x4C, 0x69, 0x04, 0xF2, 0xB6, 0xB0, 0x4A, 0x73, 0x73,
    0x46, 0x53, 0x8D, 0xC1, 0xC4, 0x76, 0xBC, 0x71, 0x37, 0x72, 0xF8, 0x6A, 0x6B, 0xB5, 0xB5, 0x84,
    0x55, 0xC2, 0x0E, 0xD0, 0x41, 0x86, 0x98, 0x4E, 0x8E, 0x34, 0xA1, 0x4E, 0x4F, 0xDE, 0x3E, 0x16,
    0x65, 0x4A, 0x8F, 0x2C, 0x1A, 0x6A, 0x3B, 0xEE, 0x44, 0x4E, 0xA7, 0xB5, 0xDA, 0x01, 0x51, 0xE0,
    0x20, 0x73, 0x4C, 0xE9, 0x98, 0x70, 0x18, 0x5D, 0x2C, 0x2A, 0x38, 0xB0, 0x64, 0x27, 0x0F, 0x0D,
    0xB6, 0x63, 0x7F, 0xBF, 0xE3, 0xB7, 0x1C, 0x1F, 0x1D, 0x1F, 0x01, 0x67, 0x19, 0x37, 0x85, 0x6B,
    0xA2, 0x6E, 0x28, 0x7F, 0xB0, 0x28, 0x02, 0x4B, 0xE5, 0x5B, 0xA7, 0x63, 0x39, 0x41, 0xE5, 0x65,
    0x9D, 0xF8, 0x82, 0x4E, 0xB2, 0xA6, 0xA9, 0x09, 0xB4, 0x75, 0xB6, 0x9E, 0xAE, 0x83, 0xDA, 0x29,
    0x69, 0x77, 0xC7, 0xD5, 0x6E, 0xA6, 0x89, 0x84, 0xA4, 0x7A, 0x05, 0x55, 0x6F, 0x96, 0x6C, 0x0F,
    0x61, 0x08, 0x5C, 0x17, 0x9B, 0xA7, 0xB2, 0x7B, 0x88, 0x9D, 0x43, 0x10, 0xEF, 0x1E, 0x61, 0x71,
    0x92, 0xAE, 0x5C, 0xC3, 0xE6, 0x81, 0xAC, 0x76, 0xD3, 0x9C, 0x6C, 0xBA, 0x0F, 0xFE, 0x12, 0x2C,
    0xB9, 0xFC, 0xFE, 0xC6, 0x57, 0xD6, 0xF8, 0xF9, 0x2F, 0x9E, 0x4E, 0x98, 0x44, 0x3C, 0xD0, 0x69,
    0x0F, 0xE3, 0xBE, 0x3B, 0x87, 0x06, 0xCC, 0xD3, 0x94, 0x7A, 0xCD, 0x53, 0x3F, 0x6B, 0x76, 0x70,
    0xD8, 0x36, 0xB8, 0x31, 0x51, 0x6D, 0x34, 0x0D, 0x32, 0x03, 0x09, 0x3F, 0xE1, 0x09, 0x13, 0x26,
    0x4C, 0x54, 0x29, 0xB3, 0x79, 0xDD, 0x44, 0xAF, 0xCB, 0x8F, 0xC8, 0x53, 0x61, 0x62, 0xED, 0x1B,
    0xE1, 0xDD, 0x44, 0x9D, 0xCA, 0xF7, 0x4A, 0x0F, 0xD6, 0x67, 0x77, 0xC8, 0xCB, 0xA4, 0xEA, 0x47,
    0xEA, 0x8B, 0xDA, 0x77, 0x58, 0xF8, 0x05, 0xCF, 0xFE, 0xAE, 0x68, 0xE1, 0x4C, 0xA9, 0x45, 0x2B,
    0x2E, 0x6B, 0x82, 0xEA, 0xCD, 0x58, 0xF3, 0xB2, 0x51, 0x1D, 0xC3, 0x93, 0x1B, 0x5B, 0xC7, 0xED,
    0xD7, 0x3E, 0xE0, 0x1F, 0xCE, 0x6B, 0x67, 0xA6, 0x49, 0x45, 0xEE, 0xC6, 0x6C, 0xDC, 0xCA, 0x51,
    0xFE, 0x31, 0xAA, 0x3B, 0x8F, 0x8D, 0x07, 0x4C, 0xDF, 0xF4, 0x7D, 0x6D, 0xEC, 0x4D, 0x19, 0xEB,
    0x45, 0x51, 0x94, 0x2D, 0xC6, 0xCC, 0xAB, 0x53, 0x6F, 0x63, 0xD6, 0xBB, 0xBF, 0x97, 0x46, 0x7B,
    0x29, 0x1D, 0x19, 0xA2, 0x83, 0x49, 0x21, 0xE4, 0xC6, 0x1C, 0x35, 0x67, 0xB1, 0xFE, 0xC6, 0x20,
    0xAE, 0xD7, 0xE3, 0xBE, 0xD2, 0xE8, 0xFF, 0xEC, 0xEB, 0xF2, 0x65, 0x79, 0xFB, 0xF6, 0x69, 0x59,
    0xBD, 0x15, 0x34, 0x4A, 0x2A, 0xDA, 0x41, 0x39, 0xB8, 0xF1, 0xD6, 0xC7, 0xED, 0x92, 0xFA, 0xE9,
    0x34, 0xD4, 0xDF, 0xCD, 0x50, 0x31, 0x4E, 0xC3, 0x30, 0x14, 0x7D, 0x25, 0x34, 0xA5, 0x89, 0x04,
    0x61, 0xA8, 0xAA, 0x56, 0x15, 0xCD, 0x10, 0xA1, 0x36, 0x48, 0xE0, 0x22, 0x53, 0x02, 0x45, 0xC5,
    0x47, 0x08, 0x37, 0x48, 0x25, 0x86, 0x8C, 0x5E, 0xA8, 0x0A, 0x0B, 0x3E, 0x42, 0x8F, 0xE0, 0x8D,
    0xD5, 0x47, 0xF8, 0x47, 0xF0, 0xCC, 0xE4, 0x23, 0xF4, 0x08, 0x38, 0xAD, 0xC4, 0xC0, 0x09, 0x78,
    0xCF, 0x92, 0xAD, 0xEF, 0xFF, 0x9E, 0xFD, 0x3E, 0x30, 0x26, 0x6E, 0xE4, 0x1E, 0xDC, 0x4C, 0x6C,
    0x28, 0x92, 0x24, 0xE1, 0x59, 0x96, 0x6D, 0x10, 0x50, 0x4C, 0x11, 0xDD, 0xD2, 0x97, 0xED, 0xDB,
    0x80, 0xDA, 0xE5, 0x8D, 0x4D, 0xAB, 0x14, 0x0B, 0x0B, 0x93, 0x98, 0x3B, 0x17, 0x09, 0x20, 0x76,
    0x93, 0x8A, 0x63, 0x69, 0xB9, 0xE4, 0x72, 0xA4, 0x43, 0xF1, 0xBC, 0x4B, 0x25, 0xB6, 0xA0, 0x96,
    0x0A, 0x10, 0xE2, 0x18, 0xC0, 0x85, 0xE5, 0xE6, 0x49, 0x9F, 0xD1, 0x74, 0x27, 0x65, 0x61, 0x42,
    0xAF, 0x19, 0x2B, 0xEE, 0xA4, 0xE1, 0x26, 0xDA, 0x41, 0xCF, 0x68, 0x80, 0x16, 0x8E, 0xD0, 0x2F,
    0xAF, 0xF4, 0x91, 0xDF, 0x7B, 0x65, 0xAE, 0x73, 0xED, 0x65, 0xF8, 0xDC, 0xA1, 0xCB, 0x8D, 0xF3,
    0x30, 0x45, 0x17, 0x60, 0x18, 0xE1, 0x14, 0x31, 0x3A, 0x9E, 0xB1, 0x3F, 0x8D, 0x90, 0xE2, 0x5C,
    0x14, 0x3A, 0x63, 0x0D, 0x0B, 0xDE, 0x48, 0xFE, 0xE6, 0xE8, 0x60, 0xB1, 0xEF, 0xDF, 0x53, 0xF4,
    0x4A, 0xE0, 0x9A, 0x98, 0x83, 0x03, 0x05, 0xE2, 0x24, 0x59, 0x9A, 0xDF, 0x8A, 0x8D, 0x15, 0x5C,
    0x13, 0xA9, 0xFB, 0xDF, 0x23, 0xE7, 0x22, 0xA5, 0x36, 0x49, 0x5A, 0xD1, 0x74, 0x3B, 0x14, 0x8C,
    0x3E, 0x6C, 0x05, 0x26, 0x22, 0x31, 0x54, 0x4C, 0x57, 0x1E, 0x6C, 0x1B, 0x89, 0x8D, 0x1B, 0xA9,
    0x18, 0x91, 0xEF, 0x7C, 0xD5, 0xB9, 0x00, 0xC1, 0xBE, 0x11, 0xA3, 0xA1, 0x7F, 0x40, 0x7A, 0xCF,
    0x47, 0xFF, 0x71, 0xE6, 0xC1, 0x59, 0x9D, 0x1D, 0x2A, 0xCC, 0xCD, 0xD4, 0x3D, 0xE6, 0x8A, 0xDB,
    0x3A, 0xC5, 0xFE, 0x8E, 0xF1, 0x7A, 0xFD, 0xAD, 0x26, 0x92, 0x32, 0x66, 0x0F, 0xAB, 0xCE, 0xAA,
    0xB5, 0x9D, 0xB0, 0xC3, 0xB4, 0xEB, 0x6C, 0x6D, 0x39, 0x6B, 0x58, 0xC8, 0xB9, 0x62, 0xD8, 0x78,
    0xEB, 0x4B, 0xAC, 0xF0, 0xE0, 0xA7, 0xFC, 0x22, 0xA6, 0x40, 0xFA, 0xDE, 0x98, 0x0C, 0x7E, 0x00,
    0x65, 0x54, 0x4F, 0x68, 0x5C, 0x45, 0x18, 0xFF, 0xBD, 0x99, 0x4D, 0x5F, 0xE8, 0xBC, 0xDD, 0x97,
    0x83, 0xC5, 0x58, 0xB3, 0x9B, 0x22, 0x3D, 0x88, 0x79, 0xCD, 0x2E, 0xF8, 0x84, 0x27, 0x7D, 0xC9,
    0x8E, 0xBD, 0x78, 0xA8, 0x87, 0x3D, 0x24, 0x10, 0x10, 0x21, 0x1E, 0x55, 0x30, 0x7B, 0x58, 0x34,
    0x6A, 0x64, 0x47, 0x7B, 0x68, 0xC1, 0x1E, 0xB6, 0xE2, 0x41, 0x11, 0x21, 0x07, 0x0F, 0x36, 0x6B,
    0xB6, 0xAB, 0x16, 0x09, 0x68, 0x36, 0x63, 0x3D, 0xD4, 0x62, 0xC1, 0x47, 0xC1, 0xFB, 0xC3, 0x8A,
    0x14, 0xAB, 0xE6, 0x09, 0x91, 0xD4, 0x25, 0xC9, 0xF3, 0x9B, 0x97, 0x4D, 0x2A, 0x3A, 0xFB, 0xFB,
    0xBE, 0x9D, 0x99, 0xF7, 0xCD, 0x37, 0xDF, 0xDF, 0x41, 0x0D, 0x62, 0x09, 0x9E, 0x03, 0x1F, 0xF0,
    0x67, 0x6B, 0xFE, 0x6B, 0xF5, 0x20, 0x18, 0xF1, 0x02, 0xD8, 0xBD, 0x16, 0x02, 0x64, 0x18, 0x45,
    0x6F, 0x0D, 0xC7, 0x24, 0x26, 0x24, 0xDF, 0x8E, 0x0A, 0x8F, 0x27, 0xDE, 0x23, 0x32, 0x9C, 0x45,
    0xF8, 0x3E, 0xC2, 0x8B, 0x08, 0x6F, 0x62, 0xF2, 0x02, 0xDC, 0xF7, 0xE6, 0x79, 0xAA, 0x59, 0x03,
    0xBC, 0x02, 0xE4, 0xC0, 0xEE, 0x46, 0x02, 0x49, 0x11, 0x2D, 0x0F, 0x08, 0x9F, 0x6F, 0x85, 0xD3,
    0x71, 0x18, 0x22, 0x0C, 0x40, 0x6A, 0x4B, 0x01, 0xC4, 0xDA, 0xB2, 0x95, 0x2A, 0x64, 0xA3, 0xDC,
    0xD6, 0xC2, 0xD2, 0x02, 0x4A, 0x00, 0x06, 0xB3, 0x19, 0x80, 0xEA, 0x16, 0xF6, 0x77, 0xAA, 0x31,
    0x50, 0x83, 0xDD, 0x41, 0xC1, 0x46, 0x9E, 0x21, 0x0F, 0x14, 0x68, 0xF3, 0x1E, 0xB8, 0x1C, 0x70,
    0x0E, 0xB8, 0x3F, 0xAB, 0x27, 0x37, 0x64, 0xA6, 0x2F, 0x47, 0x34, 0x4A, 0x7F, 0x4F, 0x60, 0x2A,
    0x6D, 0x46, 0x2E, 0x8F, 0x92, 0x02, 0xD3, 0xF5, 0x8C, 0x38, 0x91, 0x4D, 0x24, 0x88, 0x0A, 0xBA,
    0xD1, 0xFC, 0x25, 0x79, 0x13, 0x64, 0x2D, 0xE6, 0xF7, 0x0D, 0x61, 0x5B, 0xAE, 0xD4, 0xAE, 0xD6,
    0xF9, 0x48, 0x77, 0xFA, 0x77, 0x9C, 0xC5, 0xA8, 0xD3, 0xBB, 0xE3, 0x94, 0x22, 0xC7, 0xD5, 0x8E,
    0xAD, 0x1D, 0xAE, 0x9B, 0x4F, 0x69, 0x23, 0xD7, 0x5C, 0xA7, 0xFB, 0x6C, 0x09, 0x97, 0xEB, 0x01,
    0x7D, 0x47, 0xEB, 0xE7, 0xA4, 0xBB, 0xFA, 0xB2, 0x72, 0xA5, 0x03, 0x17, 0x07, 0x94, 0x47, 0x33,
    0x16, 0x1A, 0x07, 0xA3, 0xDC, 0x21, 0x26, 0xE8, 0x04, 0x04, 0xD3, 0x23, 0xC4, 0xAE, 0x6D, 0x12,
    0xBB, 0xCE, 0x21, 0x84, 0x4D, 0x7B, 0x5F, 0xF3, 0x18, 0xA2, 0x88, 0x1E, 0x84, 0x0B, 0x21, 0x85,
    0xFD, 0x16, 0x57, 0x2E, 0xFF, 0x9E, 0xCB, 0x66, 0xB4, 0xFD, 0x07, 0xEE, 0x8F, 0x72, 0xE4, 0x1D,
    0xD9, 0xB2, 0x65, 0x08, 0xCD, 0xD5, 0x14, 0x31, 0xBD, 0xC0, 0x14, 0xD3, 0x1F, 0x72, 0x39, 0xD1,
    0xDF, 0x6C, 0x7F, 0x82, 0x3F, 0xBF, 0x3D, 0x0F, 0x7C, 0x76, 0xE6, 0x06, 0xF0, 0x8A, 0x75, 0x13,
    0x38, 0x8D, 0xDF, 0x80, 0x69, 0xDC, 0x03, 0x8A, 0xB8, 0x9A, 0x9D, 0x9F, 0xEE, 0xD8, 0xD2, 0xE7,
    0xE7, 0xA5, 0xCF, 0xAE, 0x4B, 0xFF, 0x5D, 0xA2, 0x9F, 0x06, 0x14, 0x3F, 0x4D, 0x64, 0xC3, 0x8F,
    0x5D, 0xF8, 0x29, 0x1D, 0x18, 0x57, 0xE0, 0x0A, 0x1B, 0x09, 0x71, 0xFB, 0xB6, 0x2A, 0x8D, 0xAB,
    0xD0, 0x56, 0x01, 0x1F, 0x20, 0xE4, 0xEA, 0x94, 0x50, 0x62, 0x3B, 0x21, 0x8D, 0xC7, 0x57, 0x5A,
    0x43, 0xB3, 0x92, 0x02, 0x6F, 0xDD, 0x55, 0xFC, 0x0C, 0x65, 0x53, 0x52, 0x82, 0x4A, 0x33, 0x28,
    0xCF, 0xA0, 0x54, 0xC3, 0x78, 0x8D, 0x22, 0x61, 0xF2, 0xC8, 0xB5, 0x42, 0x2A, 0x0F, 0xBD, 0xD8,
    0xA1, 0x6D, 0x72, 0xD8, 0x52, 0xC8, 0xBC, 0x77, 0x80, 0x8D, 0x34, 0x86, 0xBB, 0x49, 0x73, 0x21,
    0xB3, 0x30, 0x09, 0x2B, 0x21, 0x99, 0x35, 0x34, 0xA3, 0xB2, 0x39, 0xD2, 0xEB, 0x27, 0xCB, 0xDD,
    0x8A, 0xEA, 0x9E, 0x40, 0x97, 0x16, 0xA0, 0x8F, 0xF9, 0x2F, 0x25, 0x79, 0x26, 0x12, 0xE4, 0x68,
    0x27, 0x81, 0xBD, 0x47, 0x52, 0xE6, 0x02, 0x66, 0xA8, 0x63, 0xEA, 0x2B, 0xA0, 0x92, 0x46, 0x63,
    0x8C, 0x58, 0x97, 0xEA, 0x06, 0x31, 0x19, 0x86, 0x88, 0x98, 0xA5, 0x33, 0x96, 0x9F, 0x04, 0xD3,
    0xDE, 0x2D, 0x35, 0x21, 0x83, 0x6F, 0xF4, 0x39, 0xF5, 0xF9, 0x35, 0xF5, 0xC2, 0x4B, 0xE7, 0xFA,
    0x24, 0xC3, 0x8D, 0x1A, 0xDB, 0xDC, 0x2A, 0x0C, 0x1B, 0x22, 0xB2, 0x80, 0x49, 0x8D, 0x4A, 0x0B,
    0xF5, 0x16, 0x7C, 0x6A, 0x0C, 0x8D, 0x29, 0x85, 0xB2, 0x29, 0x46, 0x4E, 0xF9, 0x7A, 0x55, 0x3D,
    0x74, 0x5B, 0x57, 0xDE, 0xA6, 0xDC, 0x46, 0x50, 0x11, 0x22, 0x8D, 0xE6, 0xC0, 0xD5, 0x72, 0x8F,
    0x2A, 0x44, 0x6D, 0xA4, 0x09, 0x25, 0xDD, 0x70, 0xAE, 0x44, 0x07, 0xC6, 0xC3, 0x4C, 0x37, 0x85,
    0xA6, 0x19, 0x67, 0x72, 0x79, 0x58, 0x7B, 0x89, 0x78, 0x66, 0xB1, 0xE8, 0x9C, 0xA0, 0x56, 0x0C,
    0xF7, 0x91, 0xBF, 0x1C, 0x3A, 0x4B, 0x9E, 0x13, 0x14, 0x9C, 0x40, 0x5C, 0x0C, 0xAC, 0x74, 0x8B,
    0xEA, 0x2A, 0xAB, 0x70, 0xEA, 0x2A, 0x60, 0x09, 0xF8, 0x08, 0xF8, 0x01, 0xEC, 0x1D, 0xD9, 0x6E,
    0xFF, 0xCA, 0x39, 0xE9, 0xDF, 0x73, 0x10, 0x3B, 0x48, 0x1E, 0xC5, 0xD5, 0x94, 0xED, 0x52, 0x30,
    0xDC, 0x4F, 0xE1, 0x09, 0xE4, 0x4C, 0x84, 0x29, 0xBE, 0x9A, 0xED, 0xE0, 0x4A, 0x9F, 0xCA, 0xC6,
    0x34, 0xB5, 0xCF, 0xA5, 0x67, 0x43, 0xAC, 0x1F, 0x14, 0xD6, 0x18, 0x58, 0x1A, 0x89, 0xE1, 0xA4,
    0x38, 0xDC, 0xF2, 0x86, 0x11, 0xFE, 0x0B, 0xB4, 0x2C, 0x0D, 0x43, 0x5C, 0xC8, 0x9A, 0x76, 0x74,
    0x20, 0x5E, 0x28, 0x0E, 0xB0, 0xB0, 0xD1, 0x3A, 0x9C, 0xDF, 0x47, 0x1E, 0x05, 0x91, 0x39, 0x46,
    0xE9, 0x5F, 0x47, 0x28, 0xE0, 0x0F, 0x99, 0x4B, 0x27, 0xC9, 0x10, 0xDA, 0x5E, 0xCF, 0x3C, 0xE7,
    0x72, 0xE1, 0x0B, 0xF9, 0xC1, 0x1B, 0x98, 0x5C, 0xC3, 0xD1, 0x3A, 0x72, 0x23, 0x46, 0xFC, 0xC5,
    0x15, 0x93, 0xB7, 0x66, 0xAA, 0xE7, 0x63, 0x5D, 0x8B, 0x35, 0x95, 0xC8, 0x7F, 0x60, 0xEF, 0x18,
    0xB1, 0x76, 0xDF, 0x64, 0x7C, 0xF6, 0x2F, 0xAC, 0x64, 0x93, 0x23, 0x11, 0xFE, 0x06, 0x16, 0xB3,
    0xA8, 0x98, 0x6A, 0x53, 0x60, 0xC9, 0x7E, 0x99, 0x65, 0x71, 0x7E, 0x00, 0x22, 0xC2, 0x42, 0x0E,
    0x67, 0x97, 0xA9, 0xCB, 0x71, 0xD6, 0xA6, 0xE7, 0x26, 0x03, 0x53, 0xD5, 0xDF, 0x4D, 0x38, 0x4F,
    0x03, 0x97, 0x24, 0x5E, 0x4F, 0xF5, 0xF1, 0xA8, 0x0B, 0x75, 0x12, 0x97, 0x4E, 0x22, 0xAD, 0xB3,
    0x1B, 0xFA, 0x28, 0xD9, 0x42, 0x9D, 0xBA, 0x5C, 0x37, 0x8A, 0x68, 0x90, 0x85, 0xF4, 0x5E, 0x34,
    0x20, 0xBE, 0xD2, 0x63, 0x95, 0x24, 0xA8, 0x34, 0xFC, 0x4A, 0xD0, 0xA8, 0x04, 0xF5, 0x4A, 0x78,
    0x08, 0x73, 0xE9, 0x15, 0x53, 0xBE, 0xC2, 0x8A, 0x0C, 0x98, 0x7E, 0xF8, 0x59, 0x59, 0xFE, 0xF8,
    0x7F, 0x2F, 0xDA, 0x1C, 0xB0, 0x0A, 0xBE, 0xA9, 0xF3, 0x73, 0x5D, 0x6F, 0xCE, 0x0F, 0x08, 0x59,
    0x52, 0x42, 0x93, 0x07, 0x23, 0xF3, 0xE0, 0x8F, 0xB5, 0x6A, 0x6A, 0x7C, 0x60, 0x74, 0xF9, 0x3A,
    0x0A, 0x2E, 0xC5, 0x53, 0x16, 0x84, 0x99, 0xB8, 0x3B, 0x30, 0x13, 0xAE, 0x06, 0x10, 0xB2, 0xBA,
    0x0B, 0x56, 0xC9, 0xCC, 0x93, 0x62, 0xD5, 0x73, 0x83, 0x5C, 0x00, 0xF3, 0x0B, 0x71, 0x8A, 0x89,
    0x5D, 0xE0, 0xB1, 0xCB, 0xC7, 0x66, 0xFE, 0x01, 0xDB, 0xFF, 0x6F, 0xD5, 0x4A, 0x00, 0x85, 0x4E,
    0xBB, 0x0E, 0x82, 0x40, 0x10, 0x1C, 0xA0, 0xB8, 0xC2, 0x00, 0x3F, 0x80, 0x8F, 0xD2, 0x02, 0x2F,
    0x16, 0x14, 0x97, 0x68, 0xC1, 0x1F, 0xD1, 0xDA, 0xC1, 0xA7, 0x58, 0x63, 0x43, 0x61, 0x69, 0xC2,
    0x7D, 0x02, 0x56, 0x16, 0x36, 0x58, 0x9B, 0x28, 0x25, 0x21, 0x18, 0xDD, 0x03, 0x24, 0xC6, 0x60,
    0xBC, 0xCC, 0xCD, 0xED, 0xCD, 0xEE, 0xCE, 0x2E, 0x00, 0x68, 0xF5, 0x4A, 0x32, 0xF3, 0x22, 0x2D,
    0x64, 0xB0, 0xB4, 0x1C, 0xC1, 0xAE, 0x42, 0x13, 0x0F, 0x5C, 0x1B, 0x39, 0xC2, 0xF3, 0x83, 0xBA,
    0xA0, 0x5F, 0x25, 0xD3, 0xA5, 0x0D, 0xD2, 0x11, 0xC4, 0x19, 0x65, 0xBF, 0x40, 0xB5, 0xE1, 0xA9,
    0x56, 0x03, 0xEE, 0x19, 0xD3, 0xE8, 0xAB, 0xC4, 0x60, 0x3B, 0x54, 0xA9, 0x75, 0x95, 0x6A, 0x19,
    0x5E, 0x82, 0x99, 0x89, 0x4B, 0xB6, 0x39, 0x5A, 0x0A, 0xE2, 0xEA, 0xA0, 0xA6, 0x3B, 0xBF, 0x89,
    0x66, 0x8D, 0x69, 0xB1, 0x3A, 0x8D, 0xDE, 0x2E, 0x75, 0xEF, 0xE2, 0xB4, 0x44, 0x2E, 0xCE, 0x7F,
    0x97, 0x45, 0xEF, 0xA2, 0xDF, 0x30, 0x32, 0x7C, 0xD3, 0x88, 0x14, 0xEC, 0xB2, 0x0B, 0x3E, 0x60,
    0x19, 0x32, 0x3D, 0x96, 0xE8, 0x0E, 0xA7, 0x45, 0x13, 0x01, 0xE4, 0xA2, 0x79, 0x27, 0xFB, 0xA7,
    0xF4, 0x84, 0x80, 0x07, 0x01, 0xEE, 0x0B, 0xB0, 0x82, 0xF4, 0x8D, 0xC0, 0xCC, 0x15, 0x58, 0xCE,
    0xD7, 0xE0, 0xC5, 0x54, 0xAA, 0xB6, 0x17, 0x63, 0x60, 0x68, 0x60, 0x60, 0x60, 0x60, 0xFE, 0x00,
    0x24, 0xF8, 0xFF, 0x00, 0x09, 0xCB, 0x7C, 0x20, 0xF1, 0xE0, 0xD0, 0x01, 0x06, 0xE6, 0x4F, 0x0F,
    0x3F, 0x30, 0xF0, 0xFF, 0xBF, 0xF8, 0x87, 0xC1, 0xFE, 0xFF, 0xE1, 0xFF, 0x0C, 0xFA, 0xFF, 0xE5,
    0xFF, 0x31, 0x70, 0xFF, 0xB7, 0xFF, 0xC1, 0xC0, 0xF4, 0xFF, 0xFF, 0x03, 0x06, 0x86, 0x7D, 0xF6,
    0x40, 0x7D, 0xBA, 0x7A, 0x40, 0xC5, 0xDC, 0x3B, 0x80, 0x04, 0x13, 0x50, 0x88, 0x81, 0xC1, 0x81,
    0x81, 0x01, 0x00,
};

static const EpdGlyph notoserif_c17_regularGlyphs[] = {
    { 0, 0, 0, 0, 0, 0, 0 }, // U+0000
    { 0, 0, 71, 0, 0, 0, 0 }, // U+000D
    { 0, 0, 71, 0, 0, 0, 0 }, // U+0020
    { 3, 14, 90, 1, 13, 11, 0 }, // !
    { 6, 5, 111, 0, 13, 8, 11 }, // "
    { 10, 13, 152, 0, 13, 33, 19 }, // #
    { 9, 15, 152, 0, 13, 34, 52 }, // $
    { 15, 14, 244, 0, 13, 53, 86 }, // %
    { 13, 14, 202, 0, 13, 46, 139 }, // &
    { 3, 5, 60, 0, 13, 4, 185 }, // '
    { 6, 16, 94, 0, 13, 24, 189 }, // (
    { 5, 16, 94, 0, 13, 20, 213 }, // )
    { 8, 7, 136, 0, 13, 14, 233 }, // *
    { 8, 8, 152, 1, 10, 16, 247 }, // +
    { 4, 6, 68, 0, 3, 6, 263 }, // ,
    { 5, 2, 84, 0, 6, 3, 269 }, // -
    { 3, 4, 68, 1, 3, 3, 272 }, // .
    { 5, 16, 78, 0, 13, 20, 275 }, // /
    { 9, 14, 157, 0, 13, 32, 295 }, // 0
    { 8, 13, 125, 0, 13, 26, 327 }, // 1
    { 8, 13, 135, 0, 13, 26, 353 }, // 2
    { 9, 14, 139, 0, 13, 32, 379 }, // 3
    { 10, 13, 150, 0, 13, 33, 411 }, // 4
    { 9, 14, 139, 0, 13, 32, 444 }, // 5
    { 9, 14, 150, 0, 13, 32, 476 }, // 6
    { 9, 13, 140, 0, 13, 30, 508 }, // 7
    { 9, 14, 152, 0, 13, 32, 538 }, // 8
    { 9, 14, 150, 0, 13, 32, 570 }, // 9
    { 3, 11, 78, 1, 10, 9, 602 }, // :
    { 4, 13, 78, 0, 10, 13, 611 }, // ;
    { 8, 10, 152, 1, 11, 20, 624 }, // <
    { 8, 6, 152, 1, 9, 12, 644 }, // =
    { 8, 10, 152, 1, 11, 20, 656 }, // >
    { 8, 14, 129, 0, 13, 28, 676 }, // ?
    { 14, 16, 251, 1, 13, 56, 704 }, // @
    { 12, 13, 192, 0, 13, 39, 760 }, // A
    { 11, 13, 178, 0, 13, 36, 799 }, // B
    { 10, 14, 167, 0, 13, 35, 835 }, // C
    { 12, 13, 198, 0, 13, 39, 870 }, // D
    { 10, 13, 169, 0, 13, 33, 909 }, // E
    { 10, 13, 160, 0, 13, 33, 942 }, // F
    { 12, 14, 194, 0, 13, 42, 975 }, // G
    { 13, 13, 216, 0, 13, 43, 1017 }, // H
    { 6, 13, 100, 0, 13, 20, 1060 }, // I
    { 7, 18, 97, -1, 13, 32, 1080 }, // J
    { 13, 13, 190, 0, 13, 43, 1112 }, // K
    { 10, 13, 169, 0, 13, 33, 1155 }, // L
    { 16, 13, 255, 0, 13, 52, 1188 }, // M
    { 13, 13, 208, 0, 13, 43, 1240 }, // N
    { 12, 14, 202, 0, 13, 42, 1283 }, // O
    { 10, 13, 164, 0, 13, 33, 1325 }, // P
    { 12, 17, 202, 0, 13, 51, 1358 }, // Q
    { 12, 13, 178, 0, 13, 39, 1409 }, // R
    { 9, 14, 148, 0, 13, 32, 1448 }, // S
    { 11, 13, 167, 0, 13, 36, 1480 }, // T
    { 12, 14, 195, 0, 13, 42, 1516 }, // U
    { 12, 13, 184, 0, 13, 39, 1558 }, // V
    { 18, 13, 285, 0, 13, 59, 1597 }, // W
    { 12, 13, 180, 0, 13, 39, 1656 }, // X
    { 12, 13, 170, -1, 13, 39, 1695 }, // Y
    { 10, 13, 161, 0, 13, 33, 1734 }, // Z
    { 5, 16, 98, 1, 13, 20, 1767 }, // [
    { 5, 16, 78, 0, 13, 20, 1787 }, // <backslash>
    { 5, 16, 98, 0, 13, 20, 1807 }, // ]
    { 9, 9, 152, 0, 13, 21, 1827 }, // ^
    { 9, 2, 125, -1, -1, 5, 1848 }, // _
    { 4, 4, 75, 0, 14, 4, 1853 }, // `
    { 9, 11, 153, 0, 10, 25, 1857 }, // a
    { 10, 14, 167, 0, 13, 35, 1882 }, // b
    { 8, 11, 134, 0, 10, 22, 1917 }, // c
    { 11, 14, 167, 0, 13, 39, 1939 }, // d
    { 9, 11, 146, 0, 10, 25, 1978 }, // e
    { 8, 14, 100, 0, 14, 28, 2003 }, // f
    { 9, 15, 146, 0, 10, 34, 2031 }, // g
    { 11, 13, 173, 0, 13, 36, 2065 }, // h
    { 6, 13, 87, 0, 13, 20, 2101 }, // i
    { 5, 18, 82, -1, 13, 23, 2121 }, // j
    { 10, 13, 159, 0, 13, 33, 2144 }, // k
    { 6, 13, 84, 0, 13, 20, 2177 }, // l
    { 16, 10, 257, 0, 10, 40, 2197 }, // m
    { 11, 10, 175, 0, 10, 28, 2237 }, // n
    { 9, 11, 157, 0, 10, 25, 2265 }, // o
    { 10, 15, 167, 0, 10, 38, 2290 }, // p
    { 11, 15, 167, 0, 10, 42, 2328 }, // q
    { 8, 10, 128, 0, 10, 20, 2370 }, // r
    { 7, 11, 123, 0, 10, 20, 2390 }, // s
    { 6, 13, 96, 0, 12, 20, 2410 }, // t
    { 11, 11, 173, 0, 10, 31, 2430 }, // u
    { 10, 10, 157, 0, 10, 25, 2461 }, // v
    { 15, 10, 234, 0, 10, 38, 2486 }, // w
    { 10, 10, 157, 0, 10, 25, 2524 }, // x
    { 10, 15, 154, 0, 10, 38, 2549 }, // y
    { 8, 10, 139, 0, 10, 20, 2587 }, // z
    { 7, 16, 116, 0, 13, 28, 2607 }, // {
    { 2, 18, 152, 4, 13, 9, 2635 }, // |
    { 7, 16, 116, 0, 13, 28, 2644 }, // }
    { 9, 4, 152, 0, 8, 9, 2672 }, // ~
    { 0, 0, 71, 0, 0, 0, 0 }, // U+00A0
    { 3, 14, 90, 1, 10, 11, 0 }, // U+00A1
    { 8, 13, 152, 1, 13, 26, 11 }, // U+00A2
    { 10, 14, 152, 0, 13, 35, 37 }, // U+00A3
    { 8, 8, 152, 1, 10, 16, 72 }, // U+00A4
    { 10, 13, 152, 0, 13, 33, 88 }, // U+00A5
    { 2, 18, 152, 4, 13, 9, 121 }, // U+00A6
    { 8, 15, 148, 1, 13, 30, 130 }, // U+00A7
    { 6, 3, 157, 2, 13, 5, 160 }, // U+00A8
    { 14, 14, 230, 0, 13, 49, 165 }, // U+00A9
    { 7, 7, 104, 0, 13, 13, 214 }, // U+00AA
    { 7, 7, 140, 1, 8, 13, 227 }, // U+00AB
    { 8, 5, 152, 1, 7, 10, 240 }, // U+00AC
    { 5, 2, 84, 0, 6, 3, 250 }, // U+00AD
    { 14, 14, 230, 0, 13, 49, 253 }, // U+00AE
    { 9, 2, 125, -1, 14, 5, 302 }, // U+00AF
    { 6, 6, 109, 0, 13, 9, 307 }, // U+00B0
    { 8, 10, 152, 1, 10, 20, 316 }, // U+00B1
    { 6, 9, 109, 0, 15, 14, 336 }, // U+00B2
    { 6, 9, 109, 0, 15, 14, 350 }, // U+00B3
    { 4, 4, 75, 0, 14, 4, 364 }, // U+00B4
    { 9, 15, 167, 1, 10, 34, 368 }, // U+00B5
    { 10, 15, 168, 0, 13, 38, 402 }, // U+00B6
    { 3, 4, 68, 1, 8, 3, 440 }, // U+00B7
    { 4, 6, 91, 1, 1, 6, 443 }, // U+00B8
    { 6, 8, 109, 0, 14, 12, 449 }, // U+00B9
    { 7, 7, 108, 0, 13, 13, 461 }, // U+00BA
    { 7, 7, 140, 1, 8, 13, 474 }, // U+00BB
    { 14, 14, 228, 0, 13, 49, 487 }, // U+00BC
    { 14, 14, 228, 0, 13, 49, 536 }, // U+00BD
    { 14, 14, 228, 0, 13, 49, 585 }, // U+00BE
    { 8, 14, 129, 0, 10, 28, 634 }, // U+00BF
    { 12, 17, 192, 0, 17, 51, 662 }, // U+00C0
    { 12, 17, 192, 0, 17, 51, 713 }, // U+00C1
    { 12, 17, 192, 0, 17, 51, 764 }, // U+00C2
    { 12, 16, 192, 0, 16, 48, 815 }, // U+00C3
    { 12, 16, 192, 0, 16, 48, 863 }, // U+00C4
    { 12, 16, 192, 0, 16, 48, 911 }, // U+00C5
    { 16, 13, 259, 0, 13, 52, 959 }, // U+00C6
    { 10, 18, 167, 0, 13, 45, 1011 }, // U+00C7
    { 10, 17, 169, 0, 17, 43, 1056 }, // U+00C8
    { 10, 17, 169, 0, 17, 43, 1099 }, // U+00C9
    { 10, 17, 169, 0, 17, 43, 1142 }, // U+00CA
    { 10, 16, 169, 0, 16, 40, 1185 }, // U+00CB
    { 6, 17, 100, 0, 17, 26, 1225 }, // U+00CC
    { 6, 17, 100, 0, 17, 26, 1251 }, // U+00CD
    { 6, 17, 100, 0, 17, 26, 1277 }, // U+00CE
    { 6, 16, 100, 0, 16, 24, 1303 }, // U+00CF
    { 12, 13, 198, 0, 13, 39, 1327 }, // U+00D0
    { 13, 16, 208, 0, 16, 52, 1366 }, // U+00D1
    { 12, 18, 202, 0, 17, 54, 1418 }, // U+00D2
    { 12, 18, 202, 0, 17, 54, 1472 }, // U+00D3
    { 12, 18, 202, 0, 17, 54, 1526 }, // U+00D4
    { 12, 17, 202, 0, 16, 51, 1580 }, // U+00D5
    { 12, 17, 202, 0, 16, 51, 1631 }, // U+00D6
    { 8, 8, 152, 1, 10, 16, 1682 }, // U+00D7
    { 12, 14, 202, 0, 13, 42, 1698 }, // U+00D8
    { 12, 18, 195, 0, 17, 54, 1740 }, // U+00D9
    { 12, 18, 195, 0, 17, 54, 1794 }, // U+00DA
    { 12, 18, 195, 0, 17, 54, 1848 }, // U+00DB
    { 12, 17, 195, 0, 16, 51, 1902 }, // U+00DC
    { 12, 17, 170, -1, 17, 51, 1953 }, // U+00DD
    { 10, 13, 164, 0, 13, 33, 2004 }, // U+00DE
    { 11, 14, 176, 0, 13, 39, 2037 }, // U+00DF
    { 9, 15, 153, 0, 14, 34, 2076 }, // U+00E0
    { 9, 15, 153, 0, 14, 34, 2110 }, // U+00E1
    { 9, 15, 153, 0, 14, 34, 2144 }, // U+00E2
    { 9, 14, 153, 0, 13, 32, 2178 }, // U+00E3
    { 9, 14, 153, 0, 13, 32, 2210 }, // U+00E4
    { 9, 15, 153, 0, 14, 34, 2242 }, // U+00E5
    { 14, 11, 229, 0, 10, 39, 2276 }, // U+00E6
    { 8, 15, 134, 0, 10, 30, 2315 }, // U+00E7
    { 9, 15, 146, 0, 14, 34, 2345 }, // U+00E8
    { 9, 15, 146, 0, 14, 34, 2379 }, // U+00E9
    { 9, 15, 146, 0, 14, 34, 2413 }, // U+00EA
    { 9, 14, 146, 0, 13, 32, 2447 }, // U+00EB
    { 6, 14, 87, 0, 14, 21, 2479 }, // U+00EC
    { 6, 14, 87, 0, 14, 21, 2500 }, // U+00ED
    { 6, 14, 87, 0, 14, 21, 2521 }, // U+00EE
    { 6, 13, 87, 0, 13, 20, 2542 }, // U+00EF
    { 9, 14, 157, 0, 13, 32, 2562 }, // U+00F0
    { 11, 13, 175, 0, 13, 36, 2594 }, // U+00F1
    { 9, 15, 157, 0, 14, 34, 2630 }, // U+00F2
    { 9, 15, 157, 0, 14, 34, 2664 }, // U+00F3
    { 9, 15, 157, 0, 14, 34, 2698 }, // U+00F4
    { 9, 14, 157, 0, 13, 32, 2732 }, // U+00F5
    { 9, 14, 157, 0, 13, 32, 2764 }, // U+00F6
    { 8, 10, 152, 1, 11, 20, 2796 }, // U+00F7
    { 9, 11, 157, 0, 10, 25, 2816 }, // U+00F8
    { 11, 15, 173, 0, 14, 42, 2841 }, // U+00F9
    { 11, 15, 173, 0, 14, 42, 2883 }, // U+00FA
    { 11, 15, 173, 0, 14, 42, 2925 }, // U+00FB
    { 11, 14, 173, 0, 13, 39, 2967 }, // U+00FC
    { 10, 19, 154, 0, 14, 48, 3006 }, // U+00FD
    { 10, 18, 167, 0, 13, 45, 3054 }, // U+00FE
    { 10, 18, 154, 0, 13, 45, 3099 }, // U+00FF
    { 12, 15, 192, 0, 15, 45, 0 }, // U+0100
    { 9, 13, 153, 0, 12, 30, 45 }, // U+0101
    { 12, 16, 192, 0, 16, 48, 75 }, // U+0102
    { 9, 14, 153, 0, 13, 32, 123 }, // U+0103
    { 12, 18, 192, 0, 13, 54, 155 }, // U+0104
    { 9, 15, 153, 0, 10, 34, 209 }, // U+0105
    { 10, 18, 167, 0, 17, 45, 243 }, // U+0106
    { 8, 15, 134, 0, 14, 30, 288 }, // U+0107
    { 10, 18, 167, 0, 17, 45, 318 }, // U+0108
    { 8, 15, 134, 0, 14, 30, 363 }, // U+0109
    { 10, 17, 167, 0, 16, 43, 393 }, // U+010A
    { 8, 14, 134, 0, 13, 28, 436 }, // U+010B
    { 10, 18, 167, 0, 17, 45, 464 }, // U+010C
    { 8, 15, 134, 0, 14, 30, 509 }, // U+010D
    { 12, 17, 198, 0, 17, 51, 539 }, // U+010E
    { 12, 14, 167, 0, 13, 42, 590 }, // U+010F
    { 12, 13, 198, 0, 13, 39, 632 }, // U+0110
    { 11, 14, 167, 0, 13, 39, 671 }, // U+0111
    { 10, 15, 169, 0, 15, 38, 710 }, // U+0112
    { 9, 13, 146, 0, 12, 30, 748 }, // U+0113
    { 10, 16, 169, 0, 16, 40, 778 }, // U+0114
    { 9, 14, 146, 0, 13, 32, 818 }, // U+0115
    { 10, 16, 169, 0, 16, 40, 850 }, // U+0116
    { 9, 14, 146, 0, 13, 32, 890 }, // U+0117
    { 10, 18, 169, 0, 13, 45, 922 }, // U+0118
    { 9, 14, 146, 0, 10, 32, 967 }, // U+0119
    { 10, 17, 169, 0, 17, 43, 999 }, // U+011A
    { 9, 15, 146, 0, 14, 34, 1042 }, // U+011B
    { 12, 18, 194, 0, 17, 54, 1076 }, // U+011C
    { 9, 19, 146, 0, 14, 43, 1130 }, // U+011D
    { 12, 17, 194, 0, 16, 51, 1173 }, // U+011E
    { 9, 18, 146, 0, 13, 41, 1224 }, // U+011F
    { 12, 17, 194, 0, 16, 51, 1265 }, // U+0120
    { 9, 18, 146, 0, 13, 41, 1316 }, // U+0121
    { 12, 17, 194, 0, 13, 51, 1357 }, // U+0122
    { 9, 19, 146, 0, 14, 43, 1408 }, // U+0123
    { 13, 17, 216, 0, 17, 56, 1451 }, // U+0124
    { 11, 17, 173, 0, 17, 47, 1507 }, // U+0125
    { 13, 13, 216, 0, 13, 43, 1554 }, // U+0126
    { 11, 13, 173, 0, 13, 36, 1597 }, // U+0127
    { 7, 16, 100, 0, 16, 28, 1633 }, // U+0128
    { 7, 13, 87, -1, 13, 23, 1661 }, // U+0129
    { 6, 15, 100, 0, 15, 23, 1684 }, // U+012A
    { 6, 12, 87, 0, 12, 18, 1707 }, // U+012B
    { 6, 16, 100, 0, 16, 24, 1725 }, // U+012C
    { 6, 13, 87, 0, 13, 20, 1749 }, // U+012D
    { 6, 18, 100, 0, 13, 27, 1769 }, // U+012E
    { 6, 18, 87, 0, 13, 27, 1796 }, // U+012F
    { 6, 16, 100, 0, 16, 24, 1823 }, // U+0130
    { 6, 10, 87, 0, 10, 15, 1847 }, // U+0131
    { 12, 18, 189, 0, 13, 54, 1862 }, // U+0132
    { 9, 18, 169, 0, 13, 41, 1916 }, // U+0133
    { 7, 22, 97, -1, 17, 39, 1957 }, // U+0134
    { 6, 19, 82, -1, 14, 29, 1996 }, // U+0135
    { 13, 17, 190, 0, 13, 56, 2025 }, // U+0136
    { 10, 17, 159, 0, 13, 43, 2081 }, // U+0137
    { 10, 10, 159, 0, 10, 25, 2124 }, // U+0138
    { 10, 17, 169, 0, 17, 43, 2149 }, // U+0139
    { 6, 17, 84, 0, 17, 26, 2192 }, // U+013A
    { 10, 17, 169, 0, 13, 43, 2218 }, // U+013B
    { 6, 17, 84, 0, 13, 26, 2261 }, // U+013C
    { 10, 13, 169, 0, 13, 33, 2287 }, // U+013D
    { 7, 13, 84, 0, 13, 23, 2320 }, // U+013E
    { 10, 13, 169, 0, 13, 33, 2343 }, // U+013F
    { 7, 13, 101, 0, 13, 23, 2376 }, // U+0140
    { 10, 13, 169, 0, 13, 33, 2399 }, // U+0141
    { 6, 13, 88, 0, 13, 20, 2432 }, // U+0142
    { 13, 17, 208, 0, 17, 56, 2452 }, // U+0143
    { 11, 14, 175, 0, 14, 39, 2508 }, // U+0144
    { 13, 17, 208, 0, 13, 56, 2547 }, // U+0145
    { 11, 14, 175, 0, 10, 39, 2603 }, // U+0146
    { 13, 17, 208, 0, 17, 56, 2642 }, // U+0147
    { 11, 14, 175, 0, 14, 39, 2698 }, // U+0148
    { 13, 13, 212, 0, 13, 43, 2737 }, // U+0149
    { 13, 18, 208, 0, 13, 59, 2780 }, // U+014A
    { 10, 15, 173, 0, 10, 38, 2839 }, // U+014B
    { 12, 16, 202, 0, 15, 48, 2877 }, // U+014C
    { 9, 13, 157, 0, 12, 30, 2925 }, // U+014D
    { 12, 17, 202, 0, 16, 51, 2955 }, // U+014E
    { 9, 14, 157, 0, 13, 32, 3006 }, // U+014F
    { 12, 18, 202, 0, 17, 54, 3038 }, // U+0150
    { 9, 15, 157, 0, 14, 34, 3092 }, // U+0151
    { 16, 14, 261, 0, 13, 56, 3126 }, // U+0152
    { 15, 11, 246, 0, 10, 42, 3182 }, // U+0153
    { 12, 17, 178, 0, 17, 51, 3224 }, // U+0154
    { 8, 14, 128, 0, 14, 28, 3275 }, // U+0155
    { 12, 17, 178, 0, 13, 51, 3303 }, // U+0156
    { 8, 14, 128, 0, 10, 28, 3354 }, // U+0157
    { 12, 17, 178, 0, 17, 51, 3382 }, // U+0158
    { 8, 14, 128, 0, 14, 28, 3433 }, // U+0159
    { 9, 18, 148, 0, 17, 41, 3461 }, // U+015A
    { 7, 15, 123, 0, 14, 27, 3502 }, // U+015B
    { 9, 18, 148, 0, 17, 41, 3529 }, // U+015C
    { 7, 15, 123, 0, 14, 27, 3570 }, // U+015D
    { 9, 18, 148, 0, 13, 41, 3597 }, // U+015E
    { 7, 15, 123, 0, 10, 27, 3638 }, // U+015F
    { 9, 18, 148, 0, 17, 41, 3665 }, // U+0160
    { 7, 15, 123, 0, 14, 27, 3706 }, // U+0161
    { 11, 18, 167, 0, 13, 50, 3733 }, // U+0162
    { 6, 17, 96, 0, 12, 26, 3783 }, // U+0163
    { 11, 17, 167, 0, 17, 47, 3809 }, // U+0164
    { 7, 14, 96, 0, 13, 25, 3856 }, // U+0165
    { 11, 13, 167, 0, 13, 36, 3881 }, // U+0166
    { 6, 13, 96, 0, 12, 20, 3917 }, // U+0167
    { 12, 17, 195, 0, 16, 51, 3937 }, // U+0168
    { 11, 14, 173, 0, 13, 39, 3988 }, // U+0169
    { 12, 16, 195, 0, 15, 48, 4027 }, // U+016A
    { 11, 13, 173, 0, 12, 36, 4075 }, // U+016B
    { 12, 17, 195, 0, 16, 51, 4111 }, // U+016C
    { 11, 14, 173, 0, 13, 39, 4162 }, // U+016D
    { 12, 18, 195, 0, 17, 54, 4201 }, // U+016E
    { 11, 15, 173, 0, 14, 42, 4255 }, // U+016F
    { 12, 18, 195, 0, 17, 54, 4297 }, // U+0170
    { 11, 15, 173, 0, 14, 42, 4351 }, // U+0171
    { 13, 18, 197, 0, 13, 59, 4393 }, // U+0172
    { 11, 15, 173, 0, 10, 42, 4452 }, // U+0173
    { 18, 17, 285, 0, 17, 77, 4494 }, // U+0174
    { 15, 14, 234, 0, 14, 53, 4571 }, // U+0175
    { 12, 17, 170, -1, 17, 51, 4624 }, // U+0176
    { 10, 19, 154, 0, 14, 48, 4675 }, // U+0177
    { 12, 16, 170, -1, 16, 48, 4723 }, // U+0178
    { 10, 17, 161, 0, 17, 43, 4771 }, // U+0179
    { 8, 14, 139, 0, 14, 28, 4814 }, // U+017A
    { 10, 16, 161, 0, 16, 40, 4842 }, // U+017B
    { 8, 13, 139, 0, 13, 26, 4882 }, // U+017C
    { 10, 17, 161, 0, 17, 43, 4908 }, // U+017D
    { 8, 14, 139, 0, 14, 28, 4951 }, // U+017E
    { 8, 14, 97, 0, 14, 28, 4979 }, // U+017F
    { 14, 15, 212, 0, 14, 53, 0 }, // U+01A0
    { 11, 12, 165, 0, 11, 33, 53 }, // U+01A1
    { 14, 15, 212, 0, 14, 53, 86 }, // U+01AF
    { 12, 12, 184, 0, 11, 36, 139 }, // U+01B0
    { 22, 17, 359, 0, 17, 94, 175 }, // U+01C4
    { 21, 14, 337, 0, 14, 74, 269 }, // U+01C5
    { 19, 15, 306, 0, 14, 72, 343 }, // U+01C6
    { 17, 18, 267, 0, 13, 77, 415 }, // U+01C7
    { 15, 18, 251, 0, 13, 68, 492 }, // U+01C8
    { 9, 18, 166, 0, 13, 41, 560 }, // U+01C9
    { 19, 18, 305, 0, 13, 86, 601 }, // U+01CA
    { 17, 18, 289, 0, 13, 77, 687 }, // U+01CB
    { 15, 18, 257, 0, 13, 68, 764 }, // U+01CC
    { 12, 17, 192, 0, 17, 51, 832 }, // U+01CD
    { 9, 15, 153, 0, 14, 34, 883 }, // U+01CE
    { 6, 17, 100, 0, 17, 26, 917 }, // U+01CF
    { 6, 14, 87, 0, 14, 21, 943 }, // U+01D0
    { 12, 18, 202, 0, 17, 54, 964 }, // U+01D1
    { 9, 15, 157, 0, 14, 34, 1018 }, // U+01D2
    { 12, 18, 195, 0, 17, 54, 1052 }, // U+01D3
    { 11, 15, 173, 0, 14, 42, 1106 }, // U+01D4
    { 12, 18, 195, 0, 17, 54, 1148 }, // U+01D5
    { 11, 16, 173, 0, 15, 44, 1202 }, // U+01D6
    { 12, 19, 195, 0, 18, 57, 1246 }, // U+01D7
    { 11, 16, 173, 0, 15, 44, 1303 }, // U+01D8
    { 12, 19, 195, 0, 18, 57, 1347 }, // U+01D9
    { 11, 16, 173, 0, 15, 44, 1404 }, // U+01DA
    { 12, 19, 195, 0, 18, 57, 1448 }, // U+01DB
    { 11, 16, 173, 0, 15, 44, 1505 }, // U+01DC
    { 9, 11, 146, 0, 10, 25, 1549 }, // U+01DD
    { 12, 17, 192, 0, 17, 51, 1574 }, // U+01DE
    { 9, 16, 153, 0, 15, 36, 1625 }, // U+01DF
    { 12, 17, 192, 0, 17, 51, 1661 }, // U+01E0
    { 9, 16, 153, 0, 15, 36, 1712 }, // U+01E1
    { 16, 15, 259, 0, 15, 60, 1748 }, // U+01E2
    { 14, 13, 229, 0, 12, 46, 1808 }, // U+01E3
    { 12, 14, 194, 0, 13, 42, 1854 }, // U+01E4
    { 10, 15, 146, 0, 10, 38, 1896 }, // U+01E5
    { 12, 18, 194, 0, 17, 54, 1934 }, // U+01E6
    { 9, 19, 146, 0, 14, 43, 1988 }, // U+01E7
    { 13, 17, 190, 0, 17, 56, 2031 }, // U+01E8
    { 10, 17, 159, 0, 17, 43, 2087 }, // U+01E9
    { 12, 18, 202, 0, 13, 54, 2130 }, // U+01EA
    { 9, 15, 157, 0, 10, 34, 2184 }, // U+01EB
    { 12, 20, 202, 0, 15, 60, 2218 }, // U+01EC
    { 9, 17, 157, 0, 12, 39, 2278 }, // U+01ED
    { 10, 18, 164, 0, 17, 45, 2317 }, // U+01EE
    { 9, 19, 149, 0, 14, 43, 2362 }, // U+01EF
    { 6, 19, 82, -1, 14, 29, 2405 }, // U+01F0
    { 22, 13, 359, 0, 13, 72, 2434 }, // U+01F1
    { 21, 13, 337, 0, 13, 69, 2506 }, // U+01F2
    { 19, 14, 306, 0, 13, 67, 2575 }, // U+01F3
    { 12, 18, 194, 0, 17, 54, 2642 }, // U+01F4
    { 9, 19, 146, 0, 14, 43, 2696 }, // U+01F5
    { 18, 14, 289, 0, 13, 63, 2739 }, // U+01F6
    { 12, 18, 189, 0, 13, 54, 2802 }, // U+01F7
    { 13, 17, 208, 0, 17, 56, 2856 }, // U+01F8
    { 11, 14, 175, 0, 14, 39, 2912 }, // U+01F9
    { 12, 17, 192, 0, 17, 51, 2951 }, // U+01FA
    { 9, 18, 153, 0, 17, 41, 3002 }, // U+01FB
    { 16, 17, 259, 0, 17, 68, 3043 }, // U+01FC
    { 14, 15, 229, 0, 14, 53, 3111 }, // U+01FD
    { 12, 18, 202, 0, 17, 54, 3164 }, // U+01FE
    { 9, 15, 157, 0, 14, 34, 3218 }, // U+01FF
    { 12, 17, 192, 0, 17, 51, 3252 }, // U+0200
    { 9, 15, 153, 0, 14, 34, 3303 }, // U+0201
    { 12, 16, 192, 0, 16, 48, 3337 }, // U+0202
    { 9, 14, 153, 0, 13, 32, 3385 }, // U+0203
    { 10, 17, 169, 0, 17, 43, 3417 }, // U+0204
    { 9, 15, 146, 0, 14, 34, 3460 }, // U+0205
    { 10, 16, 169, 0, 16, 40, 3494 }, // U+0206
    { 9, 14, 146, 0, 13, 32, 3534 }, // U+0207
    { 7, 17, 100, -1, 17, 30, 3566 }, // U+0208
    { 8, 14, 87, -2, 14, 28, 3596 }, // U+0209
    { 6, 16, 100, 0, 16, 24, 3624 }, // U+020A
    { 6, 13, 87, 0, 13, 20, 3648 }, // U+020B
    { 12, 18, 202, 0, 17, 54, 3668 }, // U+020C
    { 9, 15, 157, 0, 14, 34, 3722 }, // U+020D
    { 12, 17, 202, 0, 16, 51, 3756 }, // U+020E
    { 9, 14, 157, 0, 13, 32, 3807 }, // U+020F
    { 12, 17, 178, 0, 17, 51, 3839 }, // U+0210
    { 8, 14, 128, 0, 14, 28, 3890 }, // U+0211
    { 12, 16, 178, 0, 16, 48, 3918 }, // U+0212
    { 8, 13, 128, 0, 13, 26, 3966 }, // U+0213
    { 12, 18, 195, 0, 17, 54, 3992 }, // U+0214
    { 11, 15, 173, 0, 14, 42, 4046 }, // U+0215
    { 12, 17, 195, 0, 16, 51, 4088 }, // U+0216
    { 11, 14, 173, 0, 13, 39, 4139 }, // U+0217
    { 9, 17, 148, 0, 13, 39, 4178 }, // U+0218
    { 7, 14, 123, 0, 10, 25, 4217 }, // U+0219
    { 11, 17, 167, 0, 13, 47, 4242 }, // U+021A
    { 6, 16, 96, 0, 12, 24, 4289 }, // U+021B
    { 9, 16, 165, 1, 13, 36, 4313 }, // U+021C
    { 8, 15, 134, 0, 10, 30, 4349 }, // U+021D
    { 13, 17, 216, 0, 17, 56, 4379 }, // U+021E
    { 11, 17, 173, 0, 17, 47, 4435 }, // U+021F
    { 4, 4, 0, -8, 14, 4, 0 }, // U+0300
    { 5, 4, 0, -6, 14, 5, 4 }, // U+0301
    { 6, 4, 0, -8, 14, 6, 9 }, // U+0302
    { 7, 3, 0, -9, 13, 6, 15 }, // U+0303
    { 6, 2, 0, -3, 12, 3, 21 }, // U+0304
    { 8, 2, 0, -4, 14, 4, 24 }, // U+0305
    { 6, 3, 0, -3, 13, 5, 28 }, // U+0306
    { 2, 3, 0, -1, 13, 2, 33 }, // U+0307
    { 6, 3, 0, -3, 13, 5, 35 }, // U+0308
    { 4, 4, 0, -7, 14, 4, 40 }, // U+0309
    { 6, 4, 0, -3, 14, 6, 44 }, // U+030A
    { 7, 4, 0, -3, 14, 7, 50 }, // U+030B
    { 6, 4, 0, -8, 14, 6, 57 }, // U+030C
    { 2, 3, 0, -1, 13, 2, 63 }, // U+030D
    { 4, 3, 0, -2, 13, 3, 65 }, // U+030E
    { 7, 4, 0, -9, 14, 7, 68 }, // U+030F
    { 6, 5, 0, -3, 15, 8, 75 }, // U+0310
    { 6, 3, 0, -3, 13, 5, 83 }, // U+0311
    { 4, 6, 0, -2, 13, 6, 88 }, // U+0312
    { 4, 6, 0, -2, 13, 6, 94 }, // U+0313
    { 4, 6, 0, -2, 13, 6, 100 }, // U+0314
    { 4, 6, 0, -2, 13, 6, 106 }, // U+0315
    { 4, 4, 0, -2, 0, 4, 112 }, // U+0316
    { 4, 4, 0, -2, 0, 4, 116 }, // U+0317
    { 4, 4, 0, -2, 0, 4, 120 }, // U+0318
    { 4, 4, 0, -2, 0, 4, 124 }, // U+0319
    { 5, 5, 94, 0, 13, 7, 128 }, // U+031A
    { 4, 5, 0, -2, 14, 5, 135 }, // U+031B
    { 4, 5, 0, -2, 0, 5, 140 }, // U+031C
    { 4, 4, 0, -2, 0, 4, 145 }, // U+031D
    { 4, 4, 0, -2, 0, 4, 149 }, // U+031E
    { 4, 4, 0, -2, 0, 4, 153 }, // U+031F
    { 4, 2, 0, -2, -1, 2, 157 }, // U+0320
    { 4, 5, 0, -4, 1, 5, 159 }, // U+0321
    { 4, 5, 0, 0, 1, 5, 164 }, // U+0322
    { 3, 3, 0, -7, -1, 3, 169 }, // U+0323
    { 6, 3, 0, -3, -1, 5, 172 }, // U+0324
    { 4, 5, 0, -2, 0, 5, 177 }, // U+0325
    { 4, 3, 0, -2, -1, 3, 182 }, // U+0326
    { 4, 6, 0, -2, 1, 6, 185 }, // U+0327
    { 4, 5, 0, -2, 0, 5, 191 }, // U+0328
    { 2, 4, 0, -1, 0, 2, 196 }, // U+0329
    { 8, 3, 0, -4, -1, 6, 198 }, // U+032A
    { 6, 3, 0, -3, -1, 5, 204 }, // U+032B
    { 6, 3, 0, -3, -1, 5, 209 }, // U+032C
    { 6, 3, 0, -3, -1, 5, 214 }, // U+032D
    { 6, 3, 0, -3, -1, 5, 219 }, // U+032E
    { 6, 3, 0, -3, -1, 5, 224 }, // U+032F
    { 8, 4, 0, -4, 0, 8, 229 }, // U+0330
    { 6, 2, 0, -3, -1, 3, 237 }, // U+0331
    { 8, 2, 0, -4, -1, 4, 240 }, // U+0332
    { 8, 4, 0, -4, 0, 8, 244 }, // U+0333
    { 8, 3, 0, -4, 6, 6, 252 }, // U+0334
    { 6, 2, 0, -3, 6, 3, 258 }, // U+0335
    { 12, 2, 0, -6, 6, 6, 261 }, // U+0336
    { 6, 5, 0, -3, 7, 8, 267 }, // U+0337
    { 8, 16, 0, -4, 14, 32, 275 }, // U+0338
    { 4, 5, 0, -2, 0, 5, 307 }, // U+0339
    { 8, 3, 0, -4, -1, 6, 312 }, // U+033A
    { 8, 4, 0, -4, 0, 8, 318 }, // U+033B
    { 6, 3, 0, -3, -1, 5, 326 }, // U+033C
    { 4, 5, 0, -2, 14, 5, 331 }, // U+033D
    { 4, 6, 0, -2, 15, 6, 336 }, // U+033E
    { 8, 4, 0, -4, 16, 8, 342 }, // U+033F
    { 5, 4, 0, -3, 14, 5, 350 }, // U+0340
    { 5, 4, 0, -2, 14, 5, 355 }, // U+0341
    { 8, 3, 0, -4, 13, 6, 360 }, // U+0342
    { 3, 4, 0, -2, 14, 3, 366 }, // U+0343
    { 7, 4, 0, -3, 13, 7, 369 }, // U+0344
    { 3, 3, 0, 1, -1, 3, 376 }, // U+0345
    { 8, 3, 0, -4, 13, 6, 379 }, // U+0346
    { 8, 4, 0, -4, 0, 8, 385 }, // U+0347
    { 4, 3, 0, -2, -1, 3, 393 }, // U+0348
    { 4, 3, 0, -2, -1, 3, 396 }, // U+0349
    { 8, 5, 0, -4, 14, 10, 399 }, // U+034A
    { 8, 7, 0, -4, 16, 14, 409 }, // U+034B
    { 8, 5, 0, -4, 15, 10, 423 }, // U+034C
    { 6, 4, 0, -3, 0, 6, 433 }, // U+034D
    { 4, 5, 0, -2, 0, 5, 439 }, // U+034E
    { 14, 13, 0, -7, 13, 46, 444 }, // U+034F
    { 4, 5, 0, -2, 14, 5, 490 }, // U+0350
    { 2, 4, 0, -1, 14, 2, 495 }, // U+0351
    { 6, 5, 0, -3, 15, 8, 497 }, // U+0352
    { 4, 5, 0, -2, 0, 5, 505 }, // U+0353
    { 4, 5, 0, -2, 0, 5, 510 }, // U+0354
    { 4, 5, 0, -2, 0, 5, 515 }, // U+0355
    { 8, 5, 0, -4, 0, 10, 520 }, // U+0356
    { 2, 4, 0, -1, 14, 2, 530 }, // U+0357
    { 3, 3, 0, 1, 13, 3, 532 }, // U+0358
    { 6, 5, 0, -3, 0, 8, 535 }, // U+0359
    { 6, 5, 0, -3, 0, 8, 543 }, // U+035A
    { 4, 4, 0, -2, 14, 4, 551 }, // U+035B
    { 14, 4, 0, -7, 0, 14, 555 }, // U+035C
    { 14, 4, 0, -7, 14, 14, 569 }, // U+035D
    { 12, 2, 0, -6, 12, 6, 583 }, // U+035E
    { 12, 2, 0, -6, -1, 6, 589 }, // U+035F
    { 14, 3, 0, -7, 13, 11, 595 }, // U+0360
    { 14, 5, 0, -7, 15, 18, 606 }, // U+0361
    { 12, 4, 0, -6, 0, 12, 624 }, // U+0362
    { 4, 5, 0, -2, 15, 5, 636 }, // U+0363
    { 4, 5, 0, -2, 15, 5, 641 }, // U+0364
    { 3, 6, 0, -1, 16, 5, 646 }, // U+0365
    { 4, 5, 0, -2, 15, 5, 651 }, // U+0366
    { 6, 5, 0, -3, 15, 8, 656 }, // U+0367
    { 4, 5, 0, -2, 15, 5, 664 }, // U+0368
    { 5, 6, 0, -2, 16, 8, 669 }, // U+0369
    { 6, 6, 0, -3, 16, 9, 677 }, // U+036A
    { 8, 5, 0, -4, 15, 10, 686 }, // U+036B
    { 4, 5, 0, -2, 15, 5, 696 }, // U+036C
    { 4, 6, 0, -2, 16, 6, 701 }, // U+036D
    { 5, 5, 0, -2, 15, 7, 707 }, // U+036E
    { 5, 5, 0, -2, 15, 7, 714 }, // U+036F
    { 10, 16, 171, 0, 16, 40, 0 }, // U+0400
    { 10, 16, 171, 0, 16, 40, 40 }, // U+0401
    { 13, 13, 215, 0, 13, 43, 80 }, // U+0402
    { 10, 17, 153, 0, 17, 43, 123 }, // U+0403
    { 10, 14, 167, 0, 13, 35, 166 }, // U+0404
    { 9, 14, 150, 0, 13, 32, 201 }, // U+0405
    { 6, 13, 101, 0, 13, 20, 233 }, // U+0406
    { 6, 16, 101, 0, 16, 24, 253 }, // U+0407
    { 7, 18, 98, -1, 13, 32, 277 }, // U+0408
    { 16, 14, 262, 0, 13, 56, 309 }, // U+0409
    { 17, 13, 277, 0, 13, 56, 365 }, // U+040A
    { 14, 13, 232, 0, 13, 46, 421 }, // U+040B
    { 13, 17, 191, 0, 17, 56, 467 }, // U+040C
    { 14, 16, 220, 0, 16, 56, 523 }, // U+040D
    { 12, 17, 177, 0, 16, 51, 579 }, // U+040E
    { 13, 17, 214, 0, 13, 56, 630 }, // U+040F
    { 12, 13, 192, 0, 13, 39, 686 }, // U+0410
    { 10, 13, 171, 0, 13, 33, 725 }, // U+0411
    { 11, 13, 178, 0, 13, 36, 758 }, // U+0412
    { 10, 13, 153, 0, 13, 33, 794 }, // U+0413
    { 13, 17, 202, 0, 13, 56, 827 }, // U+0414
    { 10, 13, 171, 0, 13, 33, 883 }, // U+0415
    { 18, 13, 267, -1, 13, 59, 916 }, // U+0416
    { 10, 14, 162, 0, 13, 35, 975 }, // U+0417
    { 14, 13, 220, 0, 13, 46, 1010 }, // U+0418
    { 14, 16, 220, 0, 16, 56, 1056 }, // U+0419
    { 13, 13, 191, 0, 13, 43, 1112 }, // U+041A
    { 12, 14, 199, 0, 13, 42, 1155 }, // U+041B
    { 16, 13, 260, 0, 13, 52, 1197 }, // U+041C
    { 13, 13, 217, 0, 13, 43, 1249 }, // U+041D
    { 12, 14, 201, 0, 13, 42, 1292 }, // U+041E
    { 13, 13, 214, 0, 13, 43, 1334 }, // U+041F
    { 10, 13, 166, 0, 13, 33, 1377 }, // U+0420
    { 10, 14, 167, 0, 13, 35, 1410 }, // U+0421
    { 11, 13, 169, 0, 13, 36, 1445 }, // U+0422
    { 12, 14, 177, 0, 13, 42, 1481 }, // U+0423
    { 14, 14, 234, 0, 13, 49, 1523 }, // U+0424
    { 12, 13, 181, 0, 13, 39, 1572 }, // U+0425
    { 13, 17, 214, 0, 13, 56, 1611 }, // U+0426
    { 13, 13, 206, 0, 13, 43, 1667 }, // U+0427
    { 18, 13, 292, 0, 13, 59, 1710 }, // U+0428
    { 18, 17, 292, 0, 13, 77, 1769 }, // U+0429
    { 12, 13, 195, 0, 13, 39, 1846 }, // U+042A
    { 15, 13, 249, 0, 13, 49, 1885 }, // U+042B
    { 10, 13, 169, 0, 13, 33, 1934 }, // U+042C
    { 10, 14, 171, 0, 13, 35, 1967 }, // U+042D
    { 17, 14, 277, 0, 13, 60, 2002 }, // U+042E
    { 12, 13, 179, -1, 13, 39, 2062 }, // U+042F
    { 9, 11, 155, 0, 10, 25, 2101 }, // U+0430
    { 10, 15, 159, 0, 14, 38, 2126 }, // U+0431
    { 9, 10, 150, 0, 10, 23, 2164 }, // U+0432
    { 8, 10, 129, 0, 10, 20, 2187 }, // U+0433
    { 10, 14, 168, 0, 10, 35, 2207 }, // U+0434
    { 9, 11, 146, 0, 10, 25, 2242 }, // U+0435
    { 14, 10, 218, 0, 10, 35, 2267 }, // U+0436
    { 8, 11, 129, 0, 10, 22, 2302 }, // U+0437
    { 11, 10, 184, 0, 10, 28, 2324 }, // U+0438
    { 11, 13, 184, 0, 13, 36, 2352 }, // U+0439
    { 11, 10, 161, 0, 10, 28, 2388 }, // U+043A
    { 10, 11, 167, 0, 10, 28, 2416 }, // U+043B
    { 14, 10, 224, 0, 10, 35, 2444 }, // U+043C
    { 11, 10, 182, 0, 10, 28, 2479 }, // U+043D
    { 10, 11, 157, 0, 10, 28, 2507 }, // U+043E
    { 11, 10, 180, 0, 10, 28, 2535 }, // U+043F
    { 11, 15, 173, 0, 10, 42, 2563 }, // U+0440
    { 8, 11, 134, 0, 10, 22, 2605 }, // U+0441
    { 9, 10, 144, 0, 10, 23, 2627 }, // U+0442
    { 10, 15, 155, 0, 10, 38, 2650 }, // U+0443
    { 12, 18, 197, 0, 13, 54, 2688 }, // U+0444
    { 10, 10, 157, 0, 10, 25, 2742 }, // U+0445
    { 11, 14, 180, 0, 10, 39, 2767 }, // U+0446
    { 11, 10, 172, 0, 10, 28, 2806 }, // U+0447
    { 16, 10, 256, 0, 10, 40, 2834 }, // U+0448
    { 16, 14, 256, 0, 10, 56, 2874 }, // U+0449
    { 11, 10, 169, 0, 10, 28, 2930 }, // U+044A
    { 14, 10, 223, 0, 10, 35, 2958 }, // U+044B
    { 9, 10, 146, 0, 10, 23, 2993 }, // U+044C
    { 8, 11, 135, 0, 10, 22, 3016 }, // U+044D
    { 14, 11, 225, 0, 10, 39, 3038 }, // U+044E
    { 10, 10, 155, 0, 10, 25, 3077 }, // U+044F
    { 9, 15, 146, 0, 14, 34, 3102 }, // U+0450
    { 9, 14, 146, 0, 13, 32, 3136 }, // U+0451
    { 10, 18, 164, 0, 13, 45, 3168 }, // U+0452
    { 8, 14, 129, 0, 14, 28, 3213 }, // U+0453
    { 8, 11, 134, 0, 10, 22, 3241 }, // U+0454
    { 7, 11, 123, 0, 10, 20, 3263 }, // U+0455
    { 6, 13, 94, 0, 13, 20, 3283 }, // U+0456
    { 6, 13, 94, 0, 13, 20, 3303 }, // U+0457
    { 4, 18, 88, 0, 13, 18, 3323 }, // U+0458
    { 13, 11, 214, 0, 10, 36, 3341 }, // U+0459
    { 15, 10, 231, 0, 10, 38, 3377 }, // U+045A
    { 11, 13, 180, 0, 13, 36, 3415 }, // U+045B
    { 11, 14, 161, 0, 14, 39, 3451 }, // U+045C
    { 11, 14, 184, 0, 14, 39, 3490 }, // U+045D
    { 10, 18, 155, 0, 13, 45, 3529 }, // U+045E
    { 11, 14, 180, 0, 10, 39, 3574 }, // U+045F
    { 16, 13, 267, 0, 13, 52, 3613 }, // U+0460
    { 13, 10, 221, 0, 10, 33, 3665 }, // U+0461
    { 11, 13, 181, 0, 13, 36, 3698 }, // U+0462
    { 10, 13, 162, 0, 13, 33, 3734 }, // U+0463
    { 15, 14, 248, 0, 13, 53, 3767 }, // U+0464
    { 13, 11, 216, 0, 10, 36, 3820 }, // U+0465
    { 12, 13, 188, 0, 13, 39, 3856 }, // U+0466
    { 10, 10, 160, 0, 10, 25, 3895 }, // U+0467
    { 18, 13, 285, 0, 13, 59, 3920 }, // U+0468
    { 15, 10, 226, 0, 10, 38, 3979 }, // U+0469
    { 14, 13, 214, 0, 13, 46, 4017 }, // U+046A
    { 12, 10, 191, 0, 10, 30, 4063 }, // U+046B
    { 20, 13, 309, 0, 13, 65, 4093 }, // U+046C
    { 16, 10, 257, 0, 10, 40, 4158 }, // U+046D
    { 9, 19, 164, 1, 15, 43, 4198 }, // U+046E
    { 8, 16, 133, 0, 12, 32, 4241 }, // U+046F
    { 14, 13, 225, 0, 13, 46, 4273 }, // U+0470
    { 11, 18, 189, 0, 13, 50, 4319 }, // U+0471
    { 12, 14, 202, 0, 13, 42, 4369 }, // U+0472
    { 9, 11, 157, 0, 10, 25, 4411 }, // U+0473
    { 12, 13, 189, 0, 13, 39, 4436 }, // U+0474
    { 11, 10, 159, 0, 10, 28, 4475 }, // U+0475
    { 12, 17, 189, 0, 17, 51, 4503 }, // U+0476
    { 11, 14, 159, 0, 14, 39, 4554 }, // U+0477
    { 21, 18, 334, 0, 13, 95, 4593 }, // U+0478
    { 18, 15, 284, 0, 10, 68, 4688 }, // U+0479
    { 13, 16, 213, 0, 14, 52, 4756 }, // U+047A
    { 10, 12, 173, 0, 11, 30, 4808 }, // U+047B
    { 16, 19, 267, 0, 18, 76, 4838 }, // U+047C
    { 13, 16, 215, 0, 15, 52, 4914 }, // U+047D
    { 16, 15, 267, 0, 15, 60, 4966 }, // U+047E
    { 13, 12, 221, 0, 12, 39, 5026 }, // U+047F
    { 10, 18, 167, 0, 13, 45, 5065 }, // U+0480
    { 8, 15, 134, 0, 10, 30, 5110 }, // U+0481
    { 10, 12, 166, 0, 11, 30, 5140 }, // U+0482
    { 8, 4, 0, -4, 13, 8, 5170 }, // U+0483
    { 8, 3, 0, -4, 13, 6, 5178 }, // U+0484
    { 2, 4, 0, -1, 14, 2, 5184 }, // U+0485
    { 2, 4, 0, -1, 14, 2, 5186 }, // U+0486
    { 8, 3, 0, -4, 15, 6, 5188 }, // U+0487
    { 22, 20, 0, -11, 15, 110, 5194 }, // U+0488
    { 22, 21, 0, -11, 15, 116, 5304 }, // U+0489
    { 14, 20, 220, 0, 16, 70, 5420 }, // U+048A
    { 11, 17, 184, 0, 13, 47, 5490 }, // U+048B
    { 10, 13, 164, 0, 13, 33, 5537 }, // U+048C
    { 10, 11, 162, 0, 11, 28, 5570 }, // U+048D
    { 10, 13, 164, 0, 13, 33, 5598 }, // U+048E
    { 10, 15, 167, 0, 10, 38, 5631 }, // U+048F
    { 9, 15, 148, 0, 15, 34, 5669 }, // U+0490
    { 8, 12, 121, 0, 12, 24, 5703 }, // U+0491
    { 10, 13, 153, 0, 13, 33, 5727 }, // U+0492
    { 8, 10, 125, 0, 10, 20, 5760 }, // U+0493
    { 11, 18, 179, 0, 13, 50, 5780 }, // U+0494
    { 9, 15, 149, 0, 10, 34, 5830 }, // U+0495
    { 18, 17, 282, 0, 13, 77, 5864 }, // U+0496
    { 16, 14, 250, 0, 10, 56, 5941 }, // U+0497
    { 10, 17, 164, 0, 13, 43, 5997 }, // U+0498
    { 8, 14, 133, 0, 10, 28, 6040 }, // U+0499
    { 13, 17, 202, 0, 13, 56, 6068 }, // U+049A
    { 11, 14, 175, 0, 10, 39, 6124 }, // U+049B
    { 13, 13, 199, 0, 13, 43, 6163 }, // U+049C
    { 11, 10, 175, 0, 10, 28, 6206 }, // U+049D
    { 12, 13, 190, 0, 13, 39, 6234 }, // U+049E
    { 11, 13, 167, 0, 13, 36, 6273 }, // U+049F
    { 14, 13, 214, 0, 13, 46, 6309 }, // U+04A0
    { 12, 10, 193, 0, 10, 30, 6355 }, // U+04A1
    { 13, 17, 216, 0, 13, 56, 6385 }, // U+04A2
    { 12, 14, 187, 0, 10, 42, 6441 }, // U+04A3
    { 15, 13, 239, 0, 13, 49, 6483 }, // U+04A4
    { 13, 10, 212, 0, 10, 33, 6532 }, // U+04A5
    { 18, 18, 287, 0, 13, 81, 6565 }, // U+04A6
    { 15, 15, 241, 0, 10, 57, 6646 }, // U+04A7
    { 13, 14, 201, 0, 13, 46, 6703 }, // U+04A8
    { 11, 11, 169, 0, 10, 31, 6749 }, // U+04A9
    { 10, 17, 167, 0, 13, 43, 6780 }, // U+04AA
    { 8, 14, 134, 0, 10, 28, 6823 }, // U+04AB
    { 11, 17, 167, 0, 13, 47, 6851 }, // U+04AC
    { 9, 14, 149, 0, 10, 32, 6898 }, // U+04AD
    { 12, 13, 170, -1, 13, 39, 6930 }, // U+04AE
    { 10, 15, 157, 0, 10, 38, 6969 }, // U+04AF
    { 12, 13, 170, -1, 13, 39, 7007 }, // U+04B0
    { 10, 15, 157, 0, 10, 38, 7046 }, // U+04B1
    { 12, 17, 193, 0, 13, 51, 7084 }, // U+04B2
    { 11, 14, 166, 0, 10, 39, 7135 }, // U+04B3
    { 15, 17, 243, 0, 13, 64, 7174 }, // U+04B4
    { 14, 14, 222, 0, 10, 49, 7238 }, // U+04B5
    { 13, 17, 206, 0, 13, 56, 7287 }, // U+04B6
    { 11, 14, 174, 0, 10, 39, 7343 }, // U+04B7
    { 13, 13, 206, 0, 13, 43, 7382 }, // U+04B8
    { 11, 10, 172, 0, 10, 28, 7425 }, // U+04B9
    { 13, 13, 206, 0, 13, 43, 7453 }, // U+04BA
    { 11, 13, 173, 0, 13, 36, 7496 }, // U+04BB
    { 13, 14, 220, 0, 13, 46, 7532 }, // U+04BC
    { 11, 11, 174, 0, 10, 31, 7578 }, // U+04BD
    { 13, 17, 220, 0, 13, 56, 7609 }, // U+04BE
    { 11, 14, 174, 0, 10, 39, 7665 }, // U+04BF
    { 6, 13, 100, 0, 13, 20, 7704 }, // U+04C0
    { 18, 16, 267, -1, 16, 72, 7724 }, // U+04C1
    { 14, 13, 218, 0, 13, 46, 7796 }, // U+04C2
    { 12, 18, 189, 0, 13, 54, 7842 }, // U+04C3
    { 10, 15, 166, 0, 10, 38, 7896 }, // U+04C4
    { 13, 17, 199, 0, 13, 56, 7934 }, // U+04C5
    { 10, 14, 167, 0, 10, 35, 7990 }, // U+04C6
    { 13, 18, 213, 0, 13, 59, 8025 }, // U+04C7
    { 12, 15, 185, 0, 10, 45, 8084 }, // U+04C8
    { 14, 17, 216, 0, 13, 60, 8129 }, // U+04C9
    { 11, 14, 182, 0, 10, 39, 8189 }, // U+04CA
    { 13, 17, 206, 0, 13, 56, 8228 }, // U+04CB
    { 11, 14, 174, 0, 10, 39, 8284 }, // U+04CC
    { 16, 17, 255, 0, 13, 68, 8323 }, // U+04CD
    { 14, 14, 224, 0, 10, 49, 8391 }, // U+04CE
    { 6, 13, 100, 0, 13, 20, 8440 }, // U+04CF
    { 12, 16, 192, 0, 16, 48, 8460 }, // U+04D0
    { 9, 14, 153, 0, 13, 32, 8508 }, // U+04D1
    { 12, 16, 192, 0, 16, 48, 8540 }, // U+04D2
    { 9, 14, 153, 0, 13, 32, 8588 }, // U+04D3
    { 16, 13, 259, 0, 13, 52, 8620 }, // U+04D4
    { 14, 11, 229, 0, 10, 39, 8672 }, // U+04D5
    { 10, 16, 169, 0, 16, 40, 8711 }, // U+04D6
    { 9, 14, 146, 0, 13, 32, 8751 }, // U+04D7
    { 11, 14, 188, 0, 13, 39, 8783 }, // U+04D8
    { 9, 11, 146, 0, 10, 25, 8822 }, // U+04D9
    { 11, 17, 188, 0, 16, 47, 8847 }, // U+04DA
    { 9, 14, 146, 0, 13, 32, 8894 }, // U+04DB
    { 18, 16, 267, -1, 16, 72, 8926 }, // U+04DC
    { 14, 13, 218, 0, 13, 46, 8998 }, // U+04DD
    { 10, 17, 162, 0, 16, 43, 9044 }, // U+04DE
    { 8, 14, 129, 0, 13, 28, 9087 }, // U+04DF
    { 10, 14, 164, 0, 13, 35, 9115 }, // U+04E0
    { 9, 15, 149, 0, 10, 34, 9150 }, // U+04E1
    { 14, 15, 220, 0, 15, 53, 9184 }, // U+04E2
    { 11, 12, 184, 0, 12, 33, 9237 }, // U+04E3
    { 14, 16, 220, 0, 16, 56, 9270 }, // U+04E4
    { 11, 13, 184, 0, 13, 36, 9326 }, // U+04E5
    { 12, 17, 202, 0, 16, 51, 9362 }, // U+04E6
    { 9, 14, 157, 0, 13, 32, 9413 }, // U+04E7
    { 12, 14, 202, 0, 13, 42, 9445 }, // U+04E8
    { 9, 11, 157, 0, 10, 25, 9487 }, // U+04E9
    { 12, 17, 202, 0, 16, 51, 9512 }, // U+04EA
    { 9, 14, 157, 0, 13, 32, 9563 }, // U+04EB
    { 10, 17, 171, 0, 16, 43, 9595 }, // U+04EC
    { 8, 14, 135, 0, 13, 28, 9638 }, // U+04ED
    { 12, 16, 177, 0, 15, 48, 9666 }, // U+04EE
    { 10, 17, 154, 0, 12, 43, 9714 }, // U+04EF
    { 12, 17, 177, 0, 16, 51, 9757 }, // U+04F0
    { 10, 18, 154, 0, 13, 45, 9808 }, // U+04F1
    { 12, 18, 177, 0, 17, 54, 9853 }, // U+04F2
    { 10, 19, 154, 0, 14, 48, 9907 }, // U+04F3
    { 13, 16, 206, 0, 16, 52, 9955 }, // U+04F4
    { 11, 13, 172, 0, 13, 36, 10007 }, // U+04F5
    { 10, 17, 153, 0, 13, 43, 10043 }, // U+04F6
    { 8, 14, 125, 0, 10, 28, 10086 }, // U+04F7
    { 15, 16, 249, 0, 16, 60, 10114 }, // U+04F8
    { 14, 13, 223, 0, 13, 46, 10174 }, // U+04F9
    { 10, 17, 153, 0, 13, 43, 10220 }, // U+04FA
    { 8, 14, 125, 0, 10, 28, 10263 }, // U+04FB
    { 12, 17, 180, 0, 13, 51, 10291 }, // U+04FC
    { 10, 14, 157, 0, 10, 35, 10342 }, // U+04FD
    { 12, 13, 180, 0, 13, 39, 10377 }, // U+04FE
    { 10, 10, 157, 0, 10, 25, 10416 }, // U+04FF
    { 12, 17, 192, 0, 13, 51, 0 }, // U+1EA0
    { 9, 14, 153, 0, 10, 32, 51 }, // U+1EA1
    { 12, 17, 192, 0, 17, 51, 83 }, // U+1EA2
    { 9, 15, 153, 0, 14, 34, 134 }, // U+1EA3
    { 12, 17, 192, 0, 17, 51, 168 }, // U+1EA4
    { 10, 15, 153, 0, 14, 38, 219 }, // U+1EA5
    { 12, 17, 192, 0, 17, 51, 257 }, // U+1EA6
    { 9, 15, 153, 0, 14, 34, 308 }, // U+1EA7
    { 12, 18, 192, 0, 18, 54, 342 }, // U+1EA8
    { 9, 16, 153, 0, 15, 36, 396 }, // U+1EA9
    { 12, 18, 192, 0, 18, 54, 432 }, // U+1EAA
    { 9, 17, 153, 0, 16, 39, 486 }, // U+1EAB
    { 12, 21, 192, 0, 17, 63, 525 }, // U+1EAC
    { 9, 18, 153, 0, 14, 41, 588 }, // U+1EAD
    { 12, 18, 192, 0, 18, 54, 629 }, // U+1EAE
    { 9, 16, 153, 0, 15, 36, 683 }, // U+1EAF
    { 12, 18, 192, 0, 18, 54, 719 }, // U+1EB0
    { 9, 16, 153, 0, 15, 36, 773 }, // U+1EB1
    { 12, 18, 192, 0, 18, 54, 809 }, // U+1EB2
    { 9, 16, 153, 0, 15, 36, 863 }, // U+1EB3
    { 12, 18, 192, 0, 18, 54, 899 }, // U+1EB4
    { 9, 17, 153, 0, 16, 39, 953 }, // U+1EB5
    { 12, 20, 192, 0, 16, 60, 992 }, // U+1EB6
    { 9, 17, 153, 0, 13, 39, 1052 }, // U+1EB7
    { 10, 17, 169, 0, 13, 43, 1091 }, // U+1EB8
    { 9, 14, 146, 0, 10, 32, 1134 }, // U+1EB9
    { 10, 17, 169, 0, 17, 43, 1166 }, // U+1EBA
    { 9, 15, 146, 0, 14, 34, 1209 }, // U+1EBB
    { 10, 16, 169, 0, 16, 40, 1243 }, // U+1EBC
    { 9, 14, 146, 0, 13, 32, 1283 }, // U+1EBD
    { 10, 17, 169, 0, 17, 43, 1315 }, // U+1EBE
    { 10, 15, 146, 0, 14, 38, 1358 }, // U+1EBF
    { 10, 17, 169, 0, 17, 43, 1396 }, // U+1EC0
    { 9, 15, 146, 0, 14, 34, 1439 }, // U+1EC1
    { 10, 18, 169, 0, 18, 45, 1473 }, // U+1EC2
    { 9, 16, 146, 0, 15, 36, 1518 }, // U+1EC3
    { 10, 18, 169, 0, 18, 45, 1554 }, // U+1EC4
    { 9, 17, 146, 0, 16, 39, 1599 }, // U+1EC5
    { 10, 21, 169, 0, 17, 53, 1638 }, // U+1EC6
    { 9, 18, 146, 0, 14, 41, 1691 }, // U+1EC7
    { 6, 17, 100, 0, 17, 26, 1732 }, // U+1EC8
    { 6, 14, 87, 0, 14, 21, 1758 }, // U+1EC9
    { 6, 17, 100, 0, 13, 26, 1779 }, // U+1ECA
    { 6, 17, 87, 0, 13, 26, 1805 }, // U+1ECB
    { 12, 17, 202, 0, 13, 51, 1831 }, // U+1ECC
    { 9, 14, 157, 0, 10, 32, 1882 }, // U+1ECD
    { 12, 18, 202, 0, 17, 54, 1914 }, // U+1ECE
    { 9, 15, 157, 0, 14, 34, 1968 }, // U+1ECF
    { 12, 18, 202, 0, 17, 54, 2002 }, // U+1ED0
    { 10, 15, 157, 0, 14, 38, 2056 }, // U+1ED1
    { 12, 18, 202, 0, 17, 54, 2094 }, // U+1ED2
    { 9, 15, 157, 0, 14, 34, 2148 }, // U+1ED3
    { 12, 19, 202, 0, 18, 57, 2182 }, // U+1ED4
    { 9, 16, 157, 0, 15, 36, 2239 }, // U+1ED5
    { 12, 19, 202, 0, 18, 57, 2275 }, // U+1ED6
    { 9, 17, 157, 0, 16, 39, 2332 }, // U+1ED7
    { 12, 21, 202, 0, 17, 63, 2371 }, // U+1ED8
    { 9, 18, 157, 0, 14, 41, 2434 }, // U+1ED9
    { 14, 18, 212, 0, 17, 63, 2475 }, // U+1EDA
    { 11, 15, 165, 0, 14, 42, 2538 }, // U+1EDB
    { 14, 18, 212, 0, 17, 63, 2580 }, // U+1EDC
    { 11, 15, 165, 0, 14, 42, 2643 }, // U+1EDD
    { 14, 18, 212, 0, 17, 63, 2685 }, // U+1EDE
    { 11, 15, 165, 0, 14, 42, 2748 }, // U+1EDF
    { 14, 17, 212, 0, 16, 60, 2790 }, // U+1EE0
    { 11, 14, 165, 0, 13, 39, 2850 }, // U+1EE1
    { 14, 18, 212, 0, 14, 63, 2889 }, // U+1EE2
    { 11, 15, 165, 0, 11, 42, 2952 }, // U+1EE3
    { 12, 17, 195, 0, 13, 51, 2994 }, // U+1EE4
    { 11, 14, 173, 0, 10, 39, 3045 }, // U+1EE5
    { 12, 18, 195, 0, 17, 54, 3084 }, // U+1EE6
    { 11, 15, 173, 0, 14, 42, 3138 }, // U+1EE7
    { 14, 18, 212, 0, 17, 63, 3180 }, // U+1EE8
    { 12, 15, 184, 0, 14, 45, 3243 }, // U+1EE9
    { 14, 18, 212, 0, 17, 63, 3288 }, // U+1EEA
    { 12, 15, 184, 0, 14, 45, 3351 }, // U+1EEB
    { 14, 18, 212, 0, 17, 63, 3396 }, // U+1EEC
    { 12, 15, 184, 0, 14, 45, 3459 }, // U+1EED
    { 14, 17, 212, 0, 16, 60, 3504 }, // U+1EEE
    { 12, 14, 184, 0, 13, 42, 3564 }, // U+1EEF
    { 14, 18, 212, 0, 14, 63, 3606 }, // U+1EF0
    { 12, 15, 184, 0, 11, 45, 3669 }, // U+1EF1
    { 12, 17, 170, -1, 17, 51, 3714 }, // U+1EF2
    { 10, 19, 154, 0, 14, 48, 3765 }, // U+1EF3
    { 12, 17, 170, -1, 13, 51, 3813 }, // U+1EF4
    { 10, 15, 154, 0, 10, 38, 3864 }, // U+1EF5
    { 12, 17, 170, -1, 17, 51, 3902 }, // U+1EF6
    { 10, 19, 154, 0, 14, 48, 3953 }, // U+1EF7
    { 12, 16, 170, -1, 16, 48, 4001 }, // U+1EF8
    { 10, 18, 154, 0, 13, 45, 4049 }, // U+1EF9
    { 0, 0, 136, 0, 0, 0, 0 }, // U+2000
    { 0, 0, 272, 0, 0, 0, 0 }, // U+2001
    { 0, 0, 136, 0, 0, 0, 0 }, // U+2002
    { 0, 0, 272, 0, 0, 0, 0 }, // U+2003
    { 0, 0, 91, 0, 0, 0, 0 }, // U+2004
    { 0, 0, 68, 0, 0, 0, 0 }, // U+2005
    { 0, 0, 45, 0, 0, 0, 0 }, // U+2006
    { 0, 0, 152, 0, 0, 0, 0 }, // U+2007
    { 0, 0, 68, 0, 0, 0, 0 }, // U+2008
    { 0, 0, 45, 0, 0, 0, 0 }, // U+2009
    { 0, 0, 27, 0, 0, 0, 0 }, // U+200A
    { 0, 0, 0, 0, 0, 0, 0 }, // U+200B
    { 2, 14, 0, -1, 11, 7, 0 }, // U+200C
    { 4, 15, 0, -2, 12, 15, 7 }, // U+200D
    { 5, 15, 0, -1, 12, 19, 22 }, // U+200E
    { 5, 15, 0, -4, 12, 19, 41 }, // U+200F
    { 5, 2, 84, 0, 6, 3, 60 }, // U+2010
    { 5, 2, 84, 0, 6, 3, 63 }, // U+2011
    { 9, 2, 152, 0, 7, 5, 66 }, // U+2012
    { 10, 2, 136, -1, 6, 5, 71 }, // U+2013
    { 19, 2, 272, -1, 6, 10, 76 }, // U+2014
    { 19, 2, 272, -1, 6, 10, 86 }, // U+2015
    { 5, 18, 152, 2, 13, 23, 96 }, // U+2016
    { 9, 4, 112, -1, 0, 9, 119 }, // U+2017
    { 4, 6, 68, 0, 13, 6, 128 }, // U+2018
    { 4, 6, 68, 0, 13, 6, 134 }, // U+2019
    { 4, 6, 68, 0, 3, 6, 140 }, // U+201A
    { 4, 6, 68, 0, 13, 6, 146 }, // U+201B
    { 8, 6, 122, 0, 13, 12, 152 }, // U+201C
    { 7, 6, 122, 0, 13, 11, 164 }, // U+201D
    { 7, 6, 122, 0, 3, 11, 175 }, // U+201E
    { 8, 6, 122, 0, 13, 12, 186 }, // U+201F
    { 8, 15, 122, 0, 13, 30, 198 }, // U+2020
    { 8, 15, 122, 0, 13, 30, 228 }, // U+2021
    { 6, 6, 98, 0, 9, 9, 258 }, // U+2022
    { 7, 6, 136, 1, 9, 11, 267 }, // U+2023
    { 3, 4, 68, 1, 8, 3, 278 }, // U+2024
    { 8, 4, 146, 1, 8, 8, 281 }, // U+2025
    { 13, 4, 233, 1, 3, 13, 289 }, // U+2026
    { 3, 4, 68, 1, 7, 3, 302 }, // U+2027
    { 0, 0, 163, 0, 0, 0, 305 }, // U+2028
    { 0, 0, 163, 0, 0, 0, 305 }, // U+2029
    { 5, 14, 0, -1, 11, 18, 305 }, // U+202A
    { 5, 14, 0, -4, 11, 18, 323 }, // U+202B
    { 4, 15, 0, -2, 12, 15, 341 }, // U+202C
    { 4, 15, 0, -2, 12, 15, 356 }, // U+202D
    { 4, 15, 0, -2, 12, 15, 371 }, // U+202E
    { 0, 0, 45, 0, 0, 0, 386 }, // U+202F
    { 22, 14, 351, 0, 13, 77, 386 }, // U+2030
    { 28, 14, 459, 0, 13, 98, 463 }, // U+2031
    { 3, 5, 51, 0, 13, 4, 561 }, // U+2032
    { 7, 5, 102, 0, 13, 9, 565 }, // U+2033
    { 10, 5, 153, 0, 13, 13, 574 }, // U+2034
    { 3, 5, 51, 0, 13, 4, 587 }, // U+2035
    { 7, 5, 102, 0, 13, 9, 591 }, // U+2036
    { 10, 5, 153, 0, 13, 13, 600 }, // U+2037
    { 6, 6, 109, 0, 1, 9, 613 }, // U+2038
    { 4, 7, 91, 1, 8, 7, 622 }, // U+2039
    { 4, 7, 91, 1, 8, 7, 629 }, // U+203A
    { 12, 13, 223, 1, 13, 39, 636 }, // U+203B
    { 7, 14, 152, 1, 13, 25, 675 }, // U+203C
    { 9, 14, 147, 0, 13, 32, 700 }, // U+203D
    { 9, 2, 125, -1, 14, 5, 732 }, // U+203E
    { 14, 4, 0, -7, 0, 14, 737 }, // U+203F
    { 14, 5, 0, -7, 15, 18, 751 }, // U+2040
    { 8, 13, 122, 0, 13, 26, 769 }, // U+2041
    { 17, 13, 272, 0, 13, 56, 795 }, // U+2042
    { 6, 4, 98, 0, 8, 6, 851 }, // U+2043
    { 9, 13, 17, -4, 13, 30, 857 }, // U+2044
    { 5, 16, 98, 1, 13, 20, 887 }, // U+2045
    { 5, 16, 98, 0, 13, 20, 907 }, // U+2046
    { 16, 14, 260, 0, 13, 56, 927 }, // U+2047
    { 12, 14, 209, 0, 13, 42, 983 }, // U+2048
    { 12, 14, 206, 1, 13, 42, 1025 }, // U+2049
    { 9, 14, 152, 0, 10, 32, 1067 }, // U+204A
    { 10, 15, 168, 0, 13, 38, 1099 }, // U+204B
    { 10, 7, 162, 0, 10, 18, 1137 }, // U+204C
    { 10, 7, 162, 0, 10, 18, 1155 }, // U+204D
    { 8, 7, 136, 0, 9, 14, 1173 }, // U+204E
    { 4, 13, 78, 1, 10, 13, 1187 }, // U+204F
    { 12, 14, 199, 0, 13, 42, 1200 }, // U+2050
    { 8, 14, 136, 0, 13, 28, 1242 }, // U+2051
    { 6, 14, 89, 0, 13, 21, 1270 }, // U+2052
    { 9, 4, 152, 0, 8, 9, 1291 }, // U+2053
    { 14, 4, 0, -7, 0, 14, 1300 }, // U+2054
    { 9, 8, 147, 0, 10, 18, 1314 }, // U+2055
    { 9, 11, 167, 1, 10, 25, 1332 }, // U+2056
    { 12, 5, 188, 0, 13, 15, 1357 }, // U+2057
    { 10, 11, 193, 1, 10, 28, 1372 }, // U+2058
    { 10, 11, 193, 1, 10, 28, 1400 }, // U+2059
    { 3, 14, 78, 1, 13, 11, 1428 }, // U+205A
    { 10, 14, 193, 1, 13, 35, 1439 }, // U+205B
    { 10, 10, 190, 1, 10, 25, 1474 }, // U+205C
    { 3, 14, 78, 1, 13, 11, 1499 }, // U+205D
    { 3, 14, 78, 1, 13, 11, 1510 }, // U+205E
    { 0, 0, 60, 0, 0, 0, 1521 }, // U+205F
    { 0, 0, 163, 0, 0, 0, 1521 }, // U+2060
    { 0, 0, 163, 0, 0, 0, 1521 }, // U+2061
    { 0, 0, 163, 0, 0, 0, 1521 }, // U+2062
    { 0, 0, 163, 0, 0, 0, 1521 }, // U+2063
    { 0, 0, 163, 0, 0, 0, 1521 }, // U+2064
    { 0, 0, 0, 0, 0, 0, 1521 }, // U+2066
    { 0, 0, 0, 0, 0, 0, 1521 }, // U+2067
    { 0, 0, 0, 0, 0, 0, 1521 }, // U+2068
    { 0, 0, 0, 0, 0, 0, 1521 }, // U+2069
    { 4, 15, 0, -2, 12, 15, 1521 }, // U+206A
    { 4, 15, 0, -2, 12, 15, 1536 }, // U+206B
    { 4, 15, 0, -2, 12, 15, 1551 }, // U+206C
    { 4, 15, 0, -2, 12, 15, 1566 }, // U+206D
    { 4, 15, 0, -2, 12, 15, 1581 }, // U+206E
    { 4, 15, 0, -2, 12, 15, 1596 }, // U+206F
    { 7, 9, 109, 0, 15, 16, 0 }, // U+2070
    { 4, 9, 57, 0, 13, 9, 16 }, // U+2071
    { 7, 8, 109, 0, 14, 14, 25 }, // U+2074
    { 7, 8, 109, 0, 14, 14, 39 }, // U+2075
    { 7, 9, 109, 0, 15, 16, 53 }, // U+2076
    { 6, 8, 109, 0, 14, 12, 69 }, // U+2077
    { 7, 9, 109, 0, 15, 16, 81 }, // U+2078
    { 6, 9, 109, 0, 15, 14, 97 }, // U+2079
    { 7, 6, 107, 0, 13, 11, 111 }, // U+207A
    { 7, 2, 107, 0, 11, 4, 122 }, // U+207B
    { 7, 4, 107, 0, 12, 7, 126 }, // U+207C
    { 4, 11, 68, 1, 16, 11, 133 }, // U+207D
    { 5, 11, 68, -1, 16, 14, 144 }, // U+207E
    { 7, 7, 114, 0, 11, 13, 158 }, // U+207F
    { 7, 9, 109, 0, 7, 16, 171 }, // U+2080
    { 6, 8, 109, 0, 6, 12, 187 }, // U+2081
    { 6, 9, 109, 0, 7, 14, 199 }, // U+2082
    { 6, 9, 109, 0, 7, 14, 213 }, // U+2083
    { 7, 8, 109, 0, 6, 14, 227 }, // U+2084
    { 7, 8, 109, 0, 6, 14, 241 }, // U+2085
    { 7, 9, 109, 0, 7, 16, 255 }, // U+2086
    { 6, 8, 109, 0, 6, 12, 271 }, // U+2087
    { 7, 9, 109, 0, 7, 16, 283 }, // U+2088
    { 6, 9, 109, 0, 7, 14, 299 }, // U+2089
    { 7, 6, 107, 0, 5, 11, 313 }, // U+208A
    { 7, 2, 107, 0, 3, 4, 324 }, // U+208B
    { 7, 4, 107, 0, 4, 7, 328 }, // U+208C
    { 4, 11, 68, 1, 8, 11, 335 }, // U+208D
    { 5, 11, 68, -1, 8, 14, 346 }, // U+208E
    { 6, 6, 100, 0, 4, 9, 360 }, // U+2090
    { 6, 6, 95, 0, 4, 9, 369 }, // U+2091
    { 6, 6, 102, 0, 4, 9, 378 }, // U+2092
    { 7, 6, 102, 0, 4, 11, 387 }, // U+2093
    { 6, 6, 95, 0, 4, 9, 398 }, // U+2094
    { 7, 9, 112, 0, 7, 16, 407 }, // U+2095
    { 7, 9, 103, 0, 7, 16, 423 }, // U+2096
    { 4, 9, 55, 0, 7, 9, 439 }, // U+2097
    { 11, 6, 167, 0, 4, 17, 448 }, // U+2098
    { 7, 6, 114, 0, 4, 11, 465 }, // U+2099
    { 7, 9, 109, 0, 4, 16, 476 }, // U+209A
    { 5, 6, 80, 0, 4, 8, 492 }, // U+209B
    { 4, 8, 62, 0, 6, 8, 500 }, // U+209C
    { 11, 13, 180, 0, 13, 36, 0 }, // U+20A0
    { 10, 14, 167, 0, 13, 35, 36 }, // U+20A1
    { 10, 14, 167, 0, 13, 35, 71 }, // U+20A2
    { 9, 13, 152, 0, 13, 30, 106 }, // U+20A3
    { 10, 14, 152, 0, 13, 35, 136 }, // U+20A4
    { 16, 14, 257, 0, 12, 56, 171 }, // U+20A5
    { 12, 13, 180, 0, 13, 39, 227 }, // U+20A6
    { 14, 14, 223, 0, 13, 49, 266 }, // U+20A7
    { 17, 14, 278, 0, 13, 60, 315 }, // U+20A8
    { 19, 13, 285, -1, 13, 62, 375 }, // U+20A9
    { 13, 11, 243, 1, 11, 36, 437 }, // U+20AA
    { 11, 16, 167, 0, 13, 44, 473 }, // U+20AB
    { 10, 14, 152, 0, 13, 35, 517 }, // U+20AC
    { 13, 13, 190, 0, 13, 43, 552 }, // U+20AD
    { 11, 13, 152, 0, 13, 36, 595 }, // U+20AE
    { 17, 18, 272, 0, 14, 77, 631 }, // U+20AF
    { 10, 18, 152, -1, 13, 45, 708 }, // U+20B0
    { 11, 13, 164, 0, 13, 36, 753 }, // U+20B1
    { 12, 16, 194, 0, 14, 48, 789 }, // U+20B2
    { 12, 13, 192, 0, 13, 39, 837 }, // U+20B3
    { 10, 14, 148, 0, 13, 35, 876 }, // U+20B4
    { 10, 16, 167, 0, 14, 40, 911 }, // U+20B5
    { 10, 14, 161, 0, 13, 35, 951 }, // U+20B6
    { 9, 15, 152, 0, 13, 34, 986 }, // U+20B7
    { 9, 13, 152, 0, 13, 30, 1020 }, // U+20B8
    { 9, 13, 152, 1, 13, 30, 1050 }, // U+20B9
    { 10, 13, 152, 0, 13, 33, 1080 }, // U+20BA
    { 11, 14, 178, 0, 13, 39, 1113 }, // U+20BB
    { 11, 12, 214, 1, 12, 33, 1152 }, // U+20BC
    { 10, 13, 160, 0, 13, 33, 1185 }, // U+20BD
    { 11, 13, 183, 0, 13, 36, 1218 }, // U+20BE
    { 9, 16, 152, 0, 14, 36, 1254 }, // U+20BF
    { 8, 13, 134, 0, 10, 26, 1290 }, // U+20C0
    { 8, 2, 157, 1, 7, 4, 0 }, // U+2212
    { 14, 14, 193, 0, 14, 49, 0 }, // U+FB00
    { 12, 14, 180, 0, 14, 42, 49 }, // U+FB01
    { 12, 14, 180, 0, 14, 42, 91 }, // U+FB02
    { 17, 14, 273, 0, 14, 60, 133 }, // U+FB03
    { 17, 14, 272, 0, 14, 60, 193 }, // U+FB04
    { 11, 15, 182, 0, 14, 42, 253 }, // U+FB05
    { 14, 15, 215, 0, 14, 53, 295 }, // U+FB06
    { 17, 16, 272, 0, 13, 68, 0 }, // U+FFFD
};

static const EpdUnicodeInterval notoserif_c17_regularIntervals[] = {
    { 0x0, 0x0, 0x0 },
    { 0xD, 0xD, 0x1 },
    { 0x20, 0x7E, 0x2 },
    { 0xA0, 0x17F, 0x61 },
    { 0x1A0, 0x1A1, 0x141 },
    { 0x1AF, 0x1B0, 0x143 },
    { 0x1C4, 0x21F, 0x145 },
    { 0x300, 0x36F, 0x1A1 },
    { 0x400, 0x4FF, 0x211 },
    { 0x1EA0, 0x1EF9, 0x311 },
    { 0x2000, 0x2064, 0x36B },
    { 0x2066, 0x2071, 0x3D0 },
    { 0x2074, 0x208E, 0x3DC },
    { 0x2090, 0x209C, 0x3F7 },
    { 0x20A0, 0x20C0, 0x404 },
    { 0x2212, 0x2212, 0x425 },
    { 0xFB00, 0xFB06, 0x426 },
    { 0xFFFD, 0xFFFD, 0x42D },
};

static const EpdFontGroup notoserif_c17_regularGroups[] = {
    { 0, 1769, 3115, 97, 0 },
    { 1769, 1501, 3591, 96, 97 },
    { 3270, 1875, 5699, 128, 193 },
    { 5145, 1908, 5004, 96, 321 },
    { 7053, 610, 805, 112, 417 },
    { 7663, 4948, 11726, 256, 529 },
    { 12611, 1048, 4634, 90, 785 },
    { 13659, 1000, 1851, 111, 875 },
    { 14659, 333, 602, 42, 986 },
    { 14992, 1016, 1509, 33, 1028 },
    { 16008, 6, 4, 1, 1061 },
    { 16014, 201, 385, 7, 1062 },
    { 16215, 76, 80, 1, 1069 },
};

static const uint16_t notoserif_c17_regularKernLeftCodepoints[] = {
    0x0022, 0x0026, 0x0027, 0x002A, 0x002C, 0x002E, 0x0040, 0x0041, 0x0042, 0x0044, 0x0045, 0x0046,
    0x0047, 0x004B, 0x004C, 0x004E, 0x004F, 0x0050, 0x0051, 0x0052, 0x0053, 0x0054, 0x0055, 0x0056,
    0x0057, 0x0058, 0x0059, 0x0061, 0x0062, 0x0065, 0x0066, 0x0067, 0x0068, 0x006B, 0x006D, 0x006E,
    0x006F, 0x0070, 0x0072, 0x0073, 0x0076, 0x0077, 0x0079, 0x00A1, 0x00BF, 0x00C0, 0x00C1, 0x00C2,
    0x00C3, 0x00C4, 0x00C5, 0x00C6, 0x00C8, 0x00C9, 0x00CA, 0x00CB, 0x00D0, 0x00D1, 0x00D2, 0x00D3,
    0x00D4, 0x00D5, 0x00D6, 0x00D8, 0x00D9, 0x00DA, 0x00DB, 0x00DC, 0x00DD, 0x00DE, 0x00DF, 0x00E0,
    0x00E1, 0x00E2, 0x00E3, 0x00E4, 0x00E5, 0x00E6, 0x00E8, 0x00E9, 0x00EA, 0x00EB, 0x00F0, 0x00F1,
    0x00F2, 0x00F3, 0x00F4, 0x00F5, 0x00F6, 0x00F8, 0x00FD, 0x00FE, 0x00FF, 0x0100, 0x0102, 0x0104,
    0x010E, 0x010F, 0x0110, 0x0112, 0x0113, 0x0114, 0x0115, 0x0116, 0x0117, 0x0118, 0x0119, 0x011A,
    0x011B, 0x011C, 0x011E, 0x0120, 0x0122, 0x0125, 0x0127, 0x0129, 0x0136, 0x0137, 0x0138, 0x0139,
    0x013B, 0x013E, 0x0141, 0x0143, 0x0144, 0x0145, 0x0146, 0x0147, 0x0148, 0x0149, 0x014B, 0x014C,
    0x014D, 0x014E, 0x014F, 0x0150, 0x0151, 0x0152, 0x0153, 0x0154, 0x0155, 0x0156, 0x0157, 0x0158,
    0x0159, 0x015A, 0x015B, 0x015C, 0x015D, 0x015E, 0x015F, 0x0160, 0x0161, 0x0162, 0x0164, 0x0165,
    0x0166, 0x0168, 0x016A, 0x016C, 0x016E, 0x0170, 0x0172, 0x0174, 0x0175, 0x0176, 0x0177, 0x0178,
    0x01A0, 0x01A1, 0x01AF, 0x01B0, 0x01FA, 0x01FC, 0x01FD, 0x01FE, 0x01FF, 0x0218, 0x0219, 0x021A,
    0x0402, 0x0409, 0x040A, 0x040E, 0x0423, 0x042A, 0x042C, 0x0431, 0x043E, 0x0440, 0x0444, 0x044D,
    0x044E, 0x0457, 0x0460, 0x0462, 0x0465, 0x0466, 0x0468, 0x046A, 0x046C, 0x046E, 0x046F, 0x0472,
    0x0473, 0x0474, 0x0476, 0x0478, 0x0479, 0x047A, 0x047B, 0x047C, 0x047D, 0x047E, 0x0481, 0x048C,
    0x048D, 0x048E, 0x048F, 0x0490, 0x0491, 0x0493, 0x0494, 0x0496, 0x0497, 0x0498, 0x0499, 0x049A,
    0x049B, 0x049C, 0x049D, 0x049E, 0x049F, 0x04A0, 0x04A1, 0x04A3, 0x04A4, 0x04A5, 0x04A6, 0x04A8,
    0x04AB, 0x04AC, 0x04AD, 0x04B2, 0x04B3, 0x04B5, 0x04B7, 0x04BA, 0x04BC, 0x04BD, 0x04BE, 0x04BF,
    0x04C3, 0x04C6, 0x04D0, 0x04D1, 0x04D2, 0x04D3, 0x04D4, 0x04D5, 0x04D6, 0x04D7, 0x04D8, 0x04D9,
    0x04DA, 0x04DB, 0x04E0, 0x04E6, 0x04E7, 0x04E8, 0x04E9, 0x04EA, 0x04EB, 0x04ED, 0x04EE, 0x04EF,
    0x04F0, 0x04F1, 0x04F2, 0x04F3, 0x04F6, 0x04F7, 0x04FB, 0x04FC, 0x04FD, 0x04FE, 0x04FF, 0x1EA0,
    0x1EA1, 0x1EA2, 0x1EA3, 0x1EA4, 0x1EA5, 0x1EA6, 0x1EA7, 0x1EA8, 0x1EA9, 0x1EAA, 0x1EAB, 0x1EAC,
    0x1EAD, 0x1EAE, 0x1EAF, 0x1EB0, 0x1EB1, 0x1EB2, 0x1EB3, 0x1EB4, 0x1EB5, 0x1EB6, 0x1EB7, 0x1EB8,
    0x1EB9, 0x1EBA, 0x1EBB, 0x1EBC, 0x1EBD, 0x1EBE, 0x1EBF, 0x1EC0, 0x1EC1, 0x1EC2, 0x1EC3, 0x1EC4,
    0x1EC5, 0x1EC6, 0x1EC7, 0x1ECC, 0x1ECD, 0x1ECE, 0x1ECF, 0x1ED0, 0x1ED1, 0x1ED2, 0x1ED3, 0x1ED4,
    0x1ED5, 0x1ED6, 0x1ED7, 0x1ED8, 0x1ED9, 0x1EDA, 0x1EDB, 0x1EDC, 0x1EDD, 0x1EDE, 0x1EDF, 0x1EE0,
    0x1EE1, 0x1EE2, 0x1EE3, 0x1EE4, 0x1EE6, 0x1EE8, 0x1EE9, 0x1EEA, 0x1EEB, 0x1EEC, 0x1EED, 0x1EEE,
    0x1EEF, 0x1EF0, 0x1EF1, 0x1EF2, 0x1EF3, 0x1EF4, 0x1EF5, 0x1EF6, 0x1EF7, 0x1EF8, 0x1EF9, 0x2018,
    0x2019, 0x201A, 0x201C, 0x201D, 0x201E, 0x2026, 0x207D, 0x208D, 0xFB00,
};

static const uint8_t notoserif_c17_regularKernLeftClassIds[] = {
      1,   2,   1,   3,   4,   4,   5,   6,   7,   8,   9,  10,  11,  12,  13,  14,
      8,   3,   8,  15,  16,  17,  18,  19,  20,  21,  22,  23,  24,  25,  26,  27,
     23,  28,  23,  23,  24,  24,  29,  30,  31,  32,  33,  34,  35,  36,  36,  36,
     36,  36,  36,   9,   9,   9,   9,   9,   8,  14,   8,   8,   8,   8,   8,   8,
     18,  18,  18,  18,  22,   8,  24,  23,  23,  23,  23,  23,  23,  25,  25,  25,
     25,  25,  24,  23,  24,  24,  24,  24,  24,  24,  33,  24,  33,   6,  36,  36,
      8,  37,   8,   9,  25,   9,  25,   9,  25,   9,  25,   9,  25,  11,  11,  11,
     11,  23,  23,  38,  12,  28,  28,  13,  13,  37,  13,  14,  23,  14,  23,  14,
     23,  23,  23,   8,  24,   8,  24,   8,  24,   9,  25,  15,  29,  15,  29,  15,
     29,  16,  30,  16,  30,  16,  30,  16,  30,  17,  17,  39,  17,  18,  18,  18,
     18,  18,  18,  20,  32,  22,  33,  22,  40,  41,  42,  43,   6,   9,  25,   8,
     24,  16,  30,  17,  44,  45,  45,  46,  46,  45,  45,  47,  48,  48,  49,  49,
     49,  50,  51,  52,  53,  54,  54,  55,  55,  56,  24,  51,  48,  57,  57,  33,
     58,  51,  48,  51,  24,  51,  53,  52,  24,  59,  48,  60,  61,  61,  62,  55,
     63,  56,  48,  55,  63,  55,  63,  55,  63,  55,  63,  64,  60,  61,  62,  51,
     53,  60,  61,  65,  63,  64,  64,  62,  51,  48,  51,  48,  62,  64,  54,  23,
     54,  23,  66,  48,  66,  48,  51,  48,  51,  48,  56,  51,  48,  51,  48,  51,
     48,  48,  46,  58,  46,  58,  46,  58,  60,  61,  61,  65,  63,  65,  63,  36,
     23,  36,  23,  36,  23,  36,  23,  36,  23,  36,  23,  36,  23,  36,  23,  36,
     23,  36,  23,  36,  23,  36,  23,   9,  25,   9,  25,   9,  25,   9,  25,   9,
     25,   9,  25,   9,  25,   9,  25,   8,  24,   8,  24,   8,  24,   8,  24,   8,
     24,   8,  24,   8,  24,  40,  41,  40,  41,  40,  41,  40,  41,  40,  41,  18,
     18,  42,  43,  42,  43,  42,  43,  42,  43,  42,  43,  22,  33,  22,  33,  22,
     33,  22,  33,  67,  68,   4,  67,  68,   4,   4,  69,  70,  26,
};

static const uint16_t notoserif_c17_regularKernRightCodepoints[] = {
    0x0021, 0x0022, 0x0026, 0x0027, 0x0029, 0x002A, 0x002C, 0x002E, 0x003A, 0x003B, 0x003F, 0x0040,
    0x0041, 0x0042, 0x0043, 0x0044, 0x0045, 0x0046, 0x0047, 0x0048, 0x0049, 0x004A, 0x004B, 0x004C,
    0x004D, 0x004E, 0x004F, 0x0050, 0x0051, 0x0052, 0x0053, 0x0054, 0x0055, 0x0056, 0x0057, 0x0058,
    0x0059, 0x005A, 0x005D, 0x0061, 0x0062, 0x0063, 0x0064, 0x0065, 0x0067, 0x0068, 0x0069, 0x006B,
    0x006C, 0x006D, 0x006E, 0x006F, 0x0070, 0x0071, 0x0072, 0x0073, 0x0074, 0x0075, 0x0076, 0x0077,
    0x0078, 0x0079, 0x007A, 0x007D, 0x00AB, 0x00B7, 0x00BB, 0x00C0, 0x00C1, 0x00C2, 0x00C3, 0x00C4,
    0x00C5, 0x00C6, 0x00C7, 0x00C8, 0x00C9, 0x00CA, 0x00CB, 0x00CC, 0x00CD, 0x00CE, 0x00CF, 0x00D0,
    0x00D1, 0x00D2, 0x00D3, 0x00D4, 0x00D5, 0x00D6, 0x00D8, 0x00D9, 0x00DA, 0x00DB, 0x00DC, 0x00DD,
    0x00DE, 0x00E0, 0x00E1, 0x00E2, 0x00E3, 0x00E4, 0x00E5, 0x00E6, 0x00E7, 0x00E8, 0x00E9, 0x00EA,
    0x00EB, 0x00EC, 0x00ED, 0x00EE, 0x00EF, 0x00F0, 0x00F1, 0x00F2, 0x00F3, 0x00F4, 0x00F5, 0x00F6,
    0x00F8, 0x00F9, 0x00FA, 0x00FB, 0x00FC, 0x00FD, 0x00FE, 0x00FF, 0x0100, 0x0101, 0x0102, 0x0103,
    0x0104, 0x0105, 0x0106, 0x0107, 0x0108, 0x0109, 0x010A, 0x010B, 0x010C, 0x010D, 0x010E, 0x010F,
    0x0110, 0x0111, 0x0112, 0x0113, 0x0114, 0x0115, 0x0116, 0x0117, 0x0118, 0x0119, 0x011A, 0x011B,
    0x011C, 0x011D, 0x011E, 0x011F, 0x0120, 0x0121, 0x0122, 0x0123, 0x0124, 0x0125, 0x0126, 0x0127,
    0x0128, 0x0129, 0x012A, 0x012B, 0x012C, 0x012D, 0x012E, 0x012F, 0x0130, 0x0132, 0x0133, 0x0134,
    0x0136, 0x0137, 0x0138, 0x0139, 0x013A, 0x013B, 0x013C, 0x013D, 0x013E, 0x013F, 0x0140, 0x0141,
    0x0142, 0x0143, 0x0144, 0x0145, 0x0146, 0x0147, 0x0148, 0x014A, 0x014B, 0x014C, 0x014D, 0x014E,
    0x014F, 0x0150, 0x0151, 0x0152, 0x0153, 0x0154, 0x0155, 0x0156, 0x0157, 0x0158, 0x015A, 0x015B,
    0x015C, 0x015D, 0x015E, 0x015F, 0x0160, 0x0161, 0x0162, 0x0163, 0x0164, 0x0165, 0x0166, 0x0167,
    0x0168, 0x0169, 0x016A, 0x016B, 0x016C, 0x016D, 0x016E, 0x016F, 0x0170, 0x0171, 0x0172, 0x0173,
    0x0174, 0x0175, 0x0176, 0x0177, 0x0178, 0x0179, 0x017A, 0x017B, 0x017C, 0x017D, 0x017E, 0x01A0,
    0x01A1, 0x01AF, 0x01B0, 0x01FA, 0x01FB, 0x01FC, 0x01FD, 0x01FE, 0x01FF, 0x0218, 0x0219, 0x021A,
    0x021B, 0x0402, 0x040B, 0x040E, 0x0416, 0x0422, 0x0423, 0x0425, 0x0427, 0x042A, 0x042F, 0x0431,
    0x0436, 0x0443, 0x0445, 0x0447, 0x0451, 0x0456, 0x045E, 0x0460, 0x0462, 0x0466, 0x046A, 0x046E,
    0x0472, 0x0473, 0x0478, 0x0479, 0x047A, 0x047B, 0x047C, 0x047D, 0x047E, 0x0480, 0x0481, 0x0496,
    0x0498, 0x0499, 0x04A0, 0x04A1, 0x04A8, 0x04A9, 0x04AA, 0x04AB, 0x04AC, 0x04AD, 0x04B2, 0x04B4,
    0x04B5, 0x04B6, 0x04B7, 0x04B8, 0x04B9, 0x04C1, 0x04C2, 0x04CB, 0x04CC, 0x04D0, 0x04D2, 0x04D4,
    0x04D5, 0x04D7, 0x04D8, 0x04D9, 0x04DA, 0x04DC, 0x04DD, 0x04E0, 0x04E1, 0x04E6, 0x04E7, 0x04E8,
    0x04E9, 0x04EA, 0x04EB, 0x04EE, 0x04EF, 0x04F0, 0x04F1, 0x04F2, 0x04F3, 0x04F4, 0x04F5, 0x04FC,
    0x04FE, 0x1EA0, 0x1EA1, 0x1EA2, 0x1EA3, 0x1EA4, 0x1EA5, 0x1EA6, 0x1EA7, 0x1EA8, 0x1EA9, 0x1EAA,
    0x1EAB, 0x1EAC, 0x1EAD, 0x1EAE, 0x1EAF, 0x1EB0, 0x1EB1, 0x1EB2, 0x1EB3, 0x1EB4, 0x1EB5, 0x1EB6,
    0x1EB7, 0x1EB8, 0x1EB9, 0x1EBA, 0x1EBB, 0x1EBC, 0x1EBD, 0x1EBE, 0x1EBF, 0x1EC0, 0x1EC1, 0x1EC2,
    0x1EC3, 0x1EC4, 0x1EC5, 0x1EC6, 0x1EC7, 0x1EC9, 0x1ECB, 0x1ECC, 0x1ECD, 0x1ECE, 0x1ECF, 0x1ED0,
    0x1ED1, 0x1ED2, 0x1ED3, 0x1ED4, 0x1ED5, 0x1ED6, 0x1ED7, 0x1ED8, 0x1ED9, 0x1EDA, 0x1EDB, 0x1EDC,
    0x1EDD, 0x1EDE, 0x1EDF, 0x1EE0, 0x1EE1, 0x1EE2, 0x1EE3, 0x1EE4, 0x1EE5, 0x1EE6, 0x1EE7, 0x1EE8,
    0x1EE9, 0x1EEA, 0x1EEB, 0x1EEC, 0x1EED, 0x1EEE, 0x1EEF, 0x1EF0, 0x1EF1, 0x1EF2, 0x1EF3, 0x1EF4,
    0x1EF5, 0x1EF6, 0x1EF7, 0x1EF8, 0x1EF9, 0x2018, 0x2019, 0x201A, 0x201C, 0x201D, 0x201E, 0x2026,
    0x2039, 0x203A, 0x207E, 0x208E,
};

static const uint8_t notoserif_c17_regularKernRightClassIds[] = {
      1,   2,   3,   2,   4,   5,   6,   7,   8,   8,   9,  10,  11,  12,  13,  12,
     12,  12,  13,  12,  12,  14,  12,  12,  12,  12,  13,  12,  13,  12,  15,  16,
     17,  18,  19,  20,  21,  22,   4,  23,  24,  25,  25,  25,  26,  24,  27,  24,
     24,  27,  27,  25,  27,  25,  27,  28,  29,  30,  31,  32,  33,  34,  35,   4,
     36,  37,  36,  11,  11,  11,  11,  11,  11,  38,  13,  12,  12,  12,  12,  12,
     12,  12,  12,  12,  12,  13,  13,  13,  13,  13,  13,  17,  17,  17,  17,  21,
     12,  23,  23,  23,  23,  23,  23,  23,  25,  25,  25,  25,  25,  39,  27,  39,
     39,  25,  27,  25,  25,  25,  25,  25,  25,  30,  30,  30,  30,  34,  24,  34,
     11,  23,  11,  23,  11,  23,  13,  25,  13,  25,  13,  25,  13,  25,  12,  25,
     12,  25,  12,  25,  12,  25,  12,  25,  12,  25,  12,  25,  13,  25,  13,  25,
     13,  25,  13,  25,  12,  24,  12,  24,  12,  40,  12,  39,  12,  39,  12,  27,
     12,  12,  27,  14,  12,  24,  27,  12,  24,  12,  24,  12,  24,  12,  24,  12,
     24,  12,  27,  12,  27,  12,  27,  12,  27,  13,  25,  13,  25,  13,  25,  13,
     25,  12,  27,  12,  27,  12,  15,  28,  15,  28,  15,  28,  15,  28,  16,  29,
     16,  29,  16,  29,  17,  30,  17,  30,  17,  30,  17,  30,  17,  30,  17,  30,
     19,  32,  21,  34,  21,  22,  35,  22,  35,  22,  35,  13,  25,  17,  30,  11,
     23,  38,  23,  13,  25,  15,  28,  16,  29,  41,  41,  42,  41,  41,  42,  41,
     43,  41,  44,  45,  46,  47,  46,  48,  49,  50,  47,  51,  16,  52,  53,  54,
     51,  55,  51,  55,  51,  55,  51,  25,  51,  51,  55,  53,  54,  56,  57,  58,
     51,  55,  51,  55,  57,  58,  53,  57,  58,  59,  60,  43,  48,  41,  46,  59,
     60,  52,  52,  38,  61,  55,  51,  61,  51,  41,  46,  54,  35,  51,  55,  51,
     55,  51,  55,  42,  62,  42,  62,  42,  62,  43,  48,  53,  53,  11,  23,  11,
     23,  11,  23,  11,  23,  11,  23,  11,  23,  11,  23,  11,  23,  11,  23,  11,
     23,  11,  23,  11,  23,  12,  25,  12,  25,  12,  25,  12,  25,  12,  25,  12,
     25,  12,  25,  12,  25,  27,  27,  13,  25,  13,  25,  13,  25,  13,  25,  13,
     25,  13,  25,  13,  25,  13,  25,  13,  25,  13,  25,  13,  25,  13,  25,  17,
     30,  17,  30,  17,  30,  17,  30,  17,  30,  17,  30,  17,  30,  21,  34,  21,
     34,  21,  34,  21,  34,  63,   5,   7,  63,   5,   7,   7,  36,  36,  64,  65,
};

static const uint16_t notoserif_c17_regularKernRowOffsets[] = {
        0,     5,    10,    16,    32,    34,    50,    64,    77,    80,    89,    95,   101,   113,   114,   125,
      137,   148,   153,   165,   176,   180,   194,   199,   205,   208,   213,   214,   216,   220,   222,   225,
      228,   231,   234,   239,   255,   271,   272,   276,   295,   304,   320,   326,   335,   336,   338,   343,
      346,   350,   352,   359,   365,   366,   384,   398,   407,   421,   423,   427,   441,   445,   452,   456,
      457,   468,   469,   472,   479,   480,   481,
};

static const uint8_t notoserif_c17_regularKernSparseCols[] = {
     10,  24,  25,  37,  51,   8,  15,  17,  18,  20,   2,   5,   6,  10,  37,  51,
      8,  12,  15,  16,  17,  18,  20,  30,  31,  33,  50,  56,  57,  58,  59,  61,
     10,  20,   1,   4,   8,  12,  15,  16,  17,  18,  20,  24,  25,  29,  30,  31,
     33,  62,   4,   8,  10,  15,  17,  18,  19,  20,  21,  31,  33,  37,  51,  56,
      5,   6,   8,  10,  15,  17,  18,  19,  20,  37,  51,  52,  56,  17,  18,  20,
      2,   5,   6,   9,  10,  22,  24,  25,  37,   8,  15,  17,  18,  20,  37,  12,
     24,  25,  29,  31,  33,   1,   4,   8,  15,  17,  18,  20,  30,  31,  33,  36,
     62,  35,   4,   8,  12,  15,  16,  17,  18,  20,  30,  31,  33,   8,  10,  15,
     17,  18,  19,  20,  31,  33,  37,  51,  56,   2,   5,   6,   9,  10,  12,  22,
     24,  25,  27,  37,   5,   6,   9,  10,  37,   2,   5,   6,   9,  10,  12,  22,
     24,  25,  27,  37,  51,   5,   6,   9,  10,  12,  22,  24,  25,  27,  34,  37,
     12,  14,  31,  33,   2,   5,   6,   9,  10,  12,  14,  22,  24,  25,  27,  34,
     37,  51,   1,  33,  58,  59,  61,  17,  18,  20,  33,  58,  61,  17,  18,  20,
      1,   3,   4,  38,  39,  18,  24,  25,   4,   5,   6,  22,  20,  58,   5,   6,
     10,   5,   6,  10,   5,   6,  10,  17,  18,  20,   8,  15,  17,  18,  20,   1,
      4,   8,  12,  15,  16,  17,  18,  20,  24,  25,  29,  30,  31,  33,  62,   0,
      1,   3,   4,   8,  11,  13,  15,  16,  17,  18,  19,  20,  21,  23,  62,  39,
      1,   3,   8,  23,   5,   6,   7,   8,  10,  15,  17,  18,  20,  22,  24,  25,
     26,  27,  28,  30,  31,  32,  33,   4,   5,   6,  26,  28,  29,  30,  31,  33,
      5,   6,   7,  10,  12,  22,  24,  25,  26,  27,  28,  29,  30,  31,  33,  34,
      4,   5,   6,  26,  28,  30,   1,   8,  15,  42,  45,  46,  47,  56,  62,  56,
     48,  49,  40,  41,  56,  58,  59,  56,  58,  59,  42,  56,  58,  59,  42,  62,
      5,   6,  37,  51,  52,  56,  58,   1,   4,  56,  58,  59,  62,  58,   1,   4,
      8,  12,  15,  17,  20,  24,  25,  29,  31,  33,  50,  56,  57,  58,  59,  62,
     12,  24,  25,  29,  31,  33,  44,  50,  53,  54,  57,  58,  59,  61,   5,   6,
     31,  33,  37,  51,  52,  57,  58,   5,   6,  12,  22,  24,  25,  27,  37,  50,
     51,  53,  54,  55,  60,   5,   6,   5,   6,  37,  51,   5,   6,  12,  22,  24,
     25,  27,  37,  43,  50,  51,  54,  55,  60,   4,   5,   6,  51,   1,   4,   8,
     15,  56,  58,  61,  24,  25,  54,  60,   3,  12,  24,  25,  29,  31,  33,  50,
     53,  57,  58,  61,  57,  10,  37,  51,  10,  12,  22,  24,  25,  27,  39,  63,
     64,
};

static const int8_t notoserif_c17_regularKernSparseValues[] = {
     -22,   -5,  -16,  -33,  -22,   -8,   -8,  -11,  -11,   -8,   -3,  -33,  -33,  -14,  -22,  -14,
     -24,   -5,  -24,   -5,  -30,  -24,  -22,  -19,  -16,  -14,   -5,  -24,  -19,  -22,  -14,  -14,
      -8,   -3,  -22,  -19,  -16,   -5,  -16,   -5,  -22,  -19,  -19,   -5,   -5,   -5,  -16,   -8,
     -14,  -19,   -5,   -5,   -5,   -5,  -11,   -8,   -5,  -11,   -5,   -3,   -5,   -8,   -5,   -5,
      -5,   -5,   -5,   -5,   -5,   -5,   -5,   -5,   -8,  -14,   -5,   -5,   -5,   -5,   -5,   -5,
      -5,  -33,  -33,  -11,  -19,  -11,  -11,  -11,  -30,   -5,   -5,   -5,   -5,   -5,   -5,   -5,
      -5,   -5,   -5,   -8,   -8,  -16,  -22,  -19,  -19,  -14,  -14,  -16,   -5,   -3,   -8,   -5,
     -22,   -3,   -5,   -5,   -5,   -5,   -3,   -8,   -8,   -8,   -3,   -3,   -5,   -5,   -5,   -5,
      -5,   -5,   -5,   -5,   -3,   -5,   -5,   -5,   -5,   -3,  -24,  -24,   -8,  -16,   -5,   -8,
     -14,  -14,   -1,  -22,   -5,   -5,   -3,   -5,  -11,   -8,  -30,  -30,  -14,  -22,   -5,  -16,
     -16,  -16,  -11,  -35,  -22,  -24,  -24,  -14,  -19,   -5,  -19,  -16,  -16,  -14,   -8,  -35,
      -5,   -3,   -8,  -14,   -3,  -22,  -22,  -11,  -19,   -8,   -5,  -16,  -19,  -19,  -16,   -5,
     -24,  -19,  -11,   -5,   -8,   -5,   -5,  -16,  -16,  -19,   -5,   -8,   -5,  -16,  -16,  -16,
      22,   24,   22,   11,   11,   -5,   -5,   -5,    8,  -35,  -35,   -5,  -16,   -5,  -14,  -19,
     -16,  -19,  -19,   -8,  -24,  -24,  -14,   -8,   -5,   -8,   -5,   -5,  -14,  -14,  -14,  -22,
     -19,  -16,   -5,  -16,   -5,  -22,  -19,  -19,   -5,   -5,   -5,  -14,   -8,  -14,  -19,    5,
      14,   22,   11,   30,   14,   16,   14,   19,   22,   19,   19,   27,   11,   24,    3,   16,
       5,   14,    5,   11,   -5,   -5,   -3,    5,  -11,    5,    5,    5,    5,   -5,   -5,   -5,
      -3,   -5,   -3,   -5,   -5,   -5,   -5,    5,   -5,   -5,    5,    8,    5,    8,    8,    8,
      -5,   -5,   -3,  -16,   -5,  -14,  -14,  -14,   -8,  -16,   -3,   -8,   -5,   -5,   -5,   -8,
       5,   -3,   -3,    5,    8,    8,  -11,   -3,   -3,  -11,   -3,  -11,   -8,   -8,  -14,   -8,
     -15,   -8,   -5,   -3,   -8,   -8,   -3,   -8,   -8,   -3,   -8,   -8,   -8,   -3,   -3,   -3,
      -5,   -5,  -14,   -5,   -5,   -5,   -5,   -8,  -14,   -8,   -8,   -5,   -8,   -8,  -22,  -19,
     -16,   -5,  -16,  -22,  -19,   -5,   -5,   -5,   -8,  -14,   -5,  -16,  -11,  -24,  -11,  -19,
      -5,   -5,   -5,   -5,   -8,   -8,   -5,   -5,   -5,   -5,   -8,   -5,   -5,   -5,   -5,   -5,
      -3,   -5,   -8,   -5,   -5,   -5,  -11,  -27,  -27,   -5,  -16,  -16,  -16,  -11,  -35,   -5,
     -27,   -5,  -11,   -8,  -11,  -24,  -24,  -33,  -33,  -22,  -14,  -24,  -24,   -5,   -8,   -8,
      -8,   -3,  -22,   -5,   -5,  -16,   -8,   -8,   -8,    8,  -19,  -19,   -8,  -16,  -19,  -19,
     -19,  -19,  -19,   -8,   -5,   -5,   -5,   -5,    5,   -5,   -5,   -5,   -5,   -8,  -14,   -5,
      -5,  -11,   -5,   -8,   -5,  -19,  -38,  -19,  -27,   -5,   -8,  -11,  -11,  -14,    3,   14,
      14,
};

static const EpdLigaturePair notoserif_c17_regularLigaturePairs[] = {
    { 0x00660066, 0xFB00 }, // f f -> U+FB00
    { 0x00660069, 0xFB01 }, // f i -> U+FB01
    { 0x0066006C, 0xFB02 }, // f l -> U+FB02
    { 0xFB000069, 0xFB03 }, // U+FB00 i -> U+FB03
    { 0xFB00006C, 0xFB04 }, // U+FB00 l -> U+FB04
};

static const EpdFontData notoserif_c17_regular = {
    notoserif_c17_regularBitmaps,
    notoserif_c17_regularGlyphs,
    notoserif_c17_regularIntervals,
    18,
    23,
    19,
    -5,
    true,
    notoserif_c17_regularGroups,
    13,
    nullptr,
    nullptr,  // kernLeftClasses: built-in fonts use the split arrays below
    nullptr,  // kernRightClasses
    notoserif_c17_regularKernLeftCodepoints,
    notoserif_c17_regularKernLeftClassIds,
    notoserif_c17_regularKernRightCodepoints,
    notoserif_c17_regularKernRightClassIds,
    nullptr,  // kernMatrix: built-in fonts use the sparse form below
    notoserif_c17_regularKernRowOffsets,
    notoserif_c17_regularKernSparseCols,
    notoserif_c17_regularKernSparseValues,
    381,
    448,
    70,
    65,
    notoserif_c17_regularLigaturePairs,
    5,
};
