/**
 * generated by fontconvert.py
 * name: ubuntu_c15_bold
 * size: 0
 * mode: 1-bit
 * Command used: fontconvert.py ubuntu_c15_bold 0 ../builtinFonts/source/Ubuntu/Ubuntu-Bold.ttf ../builtinFonts/source/NotoSansHebrew/NotoSansHebrew-Bold.ttf ../builtinFonts/source/NotoSansArabic/NotoSansArabic-Bold.ttf ../builtinFonts/source/Ubuntu/Ubuntu-Vietnamese-Bold.ttf --additional-intervals 0x05D0,0x05EA --additional-intervals 0x060C,0x060C --additional-intervals 0x061B,0x061B --additional-intervals 0x061F,0x061F --additional-intervals 0x0621,0x0621 --additional-intervals 0x0640,0x0640 --additional-intervals 0x0654,0x0654 --additional-intervals 0x0660,0x0669 --additional-intervals 0x06BA,0x06BA --additional-intervals 0x06D4,0x06D4 --additional-intervals 0x06D5,0x06D5 --additional-intervals 0x06F0,0x06F9 --additional-intervals 0xFB56,0xFB59 --additional-intervals 0xFB66,0xFB69 --additional-intervals 0xFB7A,0xFB7D --additional-intervals 0xFB88,0xFB95 --additional-intervals 0xFB9E,0xFB9F --additional-intervals 0xFBA6,0xFBB1 --additional-intervals 0xFBFC,0xFBFF --additional-intervals 0xFE80,0xFEFC --ppem 15 --mono
 */
#pragma once
#include "EpdFontData.h"

static const uint8_t ubuntu_c15_boldBitmaps[12271] = {
    0x00, 0x00, 0x00, 0x00, 0x00, 0x00, 0xFF, 0xF3, 0xF0, 0xDE, 0xF7, 0x90, 0x1B, 0x0D, 0xBF, 0xFF,
    0xF3, 0x61, 0xB3, 0xFF, 0xFF, 0x6C, 0x36, 0x00, 0x30, 0x61, 0xFF, 0xFC, 0x38, 0x3E, 0x1E, 0x06,
    0x0F, 0xFF, 0xE3, 0x06, 0x00, 0x78, 0x66, 0x66, 0x33, 0x61, 0x9B, 0x07, 0xB0, 0x03, 0x78, 0x36,
    0x61, 0xB3, 0x19, 0x99, 0x87, 0x80, 0x3C, 0x1F, 0x86, 0x61, 0xF0, 0x78, 0x3E, 0x6C, 0xF3, 0x1C,
    0xFF, 0x9F, 0x70, 0xFF, 0x13, 0x66, 0xCC, 0xCC, 0xCC, 0xC6, 0x63, 0x10, 0x8C, 0x66, 0x33, 0x33,
    0x33, 0x36, 0x6C, 0x80, 0x11, 0xAF, 0xF9, 0xCE, 0xE8, 0x80, 0x18, 0x18, 0x18, 0xFF, 0xFF, 0x18,
    0x18, 0x18, 0x6D, 0xE0, 0xFF, 0xFF, 0x80, 0x06, 0x1C, 0x30, 0x61, 0xC3, 0x06, 0x1C, 0x30, 0x61,
    0xC3, 0x06, 0x1C, 0x30, 0x00, 0x38, 0xFB, 0xBE, 0x3C, 0x78, 0xF1, 0xF7, 0x7C, 0x70, 0x1B, 0xFE,
    0xB1, 0x8C, 0x63, 0x18, 0xC0, 0x7D, 0xFD, 0x18, 0x30, 0xC3, 0x1C, 0x30, 0xFF, 0xFC, 0x7D, 0xFC,
    0x18, 0x33, 0xC7, 0xC1, 0xC3, 0xFF, 0xF0, 0x06, 0x0E, 0x1E, 0x36, 0x66, 0xC6, 0xFF, 0xFF, 0x06,
    0x06, 0x7E, 0xFD, 0x83, 0x0F, 0x9F, 0xC1, 0x83, 0xFF, 0xF0, 0x1C, 0x79, 0xC7, 0x0F, 0xDF, 0xF1,
    0xE3, 0x7E, 0x78, 0xFF, 0xFC, 0x30, 0xC1, 0x86, 0x0C, 0x38, 0x60, 0xC0, 0x7D, 0xFF, 0x1F, 0x37,
    0xDF, 0xF1, 0xE3, 0xFE, 0xF8, 0x79, 0xFB, 0x1E, 0x3F, 0xEF, 0xC3, 0x8E, 0x7C, 0xE0, 0xFF, 0x81,
    0xFF, 0x77, 0x70, 0x00, 0x66, 0x6C, 0x04, 0x7B, 0xE6, 0x0F, 0x87, 0x81, 0x00, 0xFF, 0xFC, 0x07,
    0xFF, 0xE0, 0x40, 0xF0, 0xF8, 0x33, 0xEF, 0x10, 0x00, 0x7D, 0xFC, 0x18, 0x30, 0xC3, 0x0C, 0x18,
    0x00, 0x70, 0xE1, 0xC0, 0x0F, 0xC1, 0xFF, 0x1C, 0x1C, 0xC0, 0x7C, 0xF9, 0xEF, 0xCF, 0x66, 0x7B,
    0x33, 0xDF, 0xF3, 0x7F, 0x1C, 0x00, 0x7F, 0x80, 0xFC, 0x00, 0x0E, 0x01, 0xC0, 0x6C, 0x0D, 0x83,
    0xB8, 0x63, 0x1F, 0xF3, 0xFE, 0x60, 0xD8, 0x0C, 0xFC, 0xFE, 0xC6, 0xC6, 0xFC, 0xFE, 0xC3, 0xC3,
    0xFF, 0xFC, 0x1E, 0x7F, 0x60, 0xC0, 0xC0, 0xC0, 0xC0, 0xE0, 0x7F, 0x3E, 0xFC, 0x7F, 0xB0, 0xD8,
    0x3C, 0x1E, 0x0F, 0x07, 0x86, 0xFF, 0x7E, 0x00, 0xFF, 0xFF, 0x06, 0x0F, 0xDF, 0xB0, 0x60, 0xFF,
    0xFC, 0xFF, 0xFF, 0xC0, 0xC0, 0xFE, 0xFE, 0xC0, 0xC0, 0xC0, 0xC0, 0x1F, 0x3F, 0xD8, 0x18, 0x0C,
    0x06, 0x0F, 0x06, 0xC3, 0x7F, 0x8F, 0xC0, 0xC1, 0xE0, 0xF0, 0x78, 0x3F, 0xFF, 0xFF, 0x07, 0x83,
    0xC1, 0xE0, 0xC0, 0xFF, 0xFF, 0xF0, 0x06, 0x0C, 0x18, 0x30, 0x60, 0xC1, 0x83, 0xFE, 0xF8, 0xC3,
    0x63, 0x33, 0x1F, 0x0F, 0x06, 0xC3, 0x71, 0x9C, 0xC7, 0x61, 0xC0, 0xC1, 0x83, 0x06, 0x0C, 0x18,
    0x30, 0x60, 0xFF, 0xFC, 0x60, 0xCE, 0x19, 0xC7, 0x38, 0xED, 0xB7, 0xB6, 0xF3, 0x9E, 0x73, 0xCC,
    0x78, 0x0C, 0xC1, 0xF0, 0xFC, 0x7F, 0x3D, 0xDE, 0x7F, 0x1F, 0x87, 0xC3, 0xE0, 0xC0, 0x1E, 0x1F,
    0xE6, 0x1B, 0x03, 0xC0, 0xF0, 0x3C, 0x0D, 0x86, 0x7F, 0x87, 0x80, 0xFC, 0xFE, 0xC3, 0xC3, 0xC3,
    0xFE, 0xFC, 0xC0, 0xC0, 0xC0, 0x1E, 0x1F, 0xE6, 0x1B, 0x03, 0xC0, 0xF0, 0x3C, 0x0F, 0x86, 0x7F,
    0x8F, 0x80, 0xE0, 0x1E, 0x03, 0x80, 0xFC, 0x7F, 0x30, 0xD8, 0x6C, 0x37, 0xF3, 0xE1, 0x98, 0xC7,
    0x61, 0xC0, 0x7F, 0xFF, 0x07, 0x07, 0x87, 0xC1, 0x83, 0xFE, 0xF8, 0xFF, 0xFF, 0x18, 0x18, 0x18,
    0x18, 0x18, 0x18, 0x18, 0x18, 0xC1, 0xE0, 0xF0, 0x78, 0x3C, 0x1E, 0x0F, 0x07, 0xC7, 0x7F, 0x1F,
    0x00, 0xC0, 0x6C, 0x19, 0x83, 0x18, 0xC3, 0x18, 0x36, 0x06, 0xC0, 0xF8, 0x0E, 0x01, 0xC0, 0xC0,
    0x07, 0xC3, 0x1D, 0x8E, 0x33, 0x1C, 0x67, 0x6D, 0xC6, 0xDB, 0x0D, 0xB6, 0x1E, 0x3C, 0x1C, 0x70,
    0x30, 0xE0, 0xE1, 0xD8, 0x63, 0x30, 0x78, 0x1E, 0x07, 0x81, 0xE0, 0xCC, 0x61, 0xB8, 0x70, 0xC0,
    0xD8, 0x63, 0x30, 0xCC, 0x1E, 0x03, 0x00, 0xC0, 0x30, 0x0C, 0x03, 0x00, 0xFF, 0xFC, 0x30, 0xE1,
    0x86, 0x1C, 0x30, 0xFF, 0xFC, 0xFF, 0xF1, 0x8C, 0x63, 0x18, 0xC6, 0x31, 0x8C, 0x7F, 0xE0, 0xC1,
    0xC1, 0x83, 0x07, 0x06, 0x0C, 0x1C, 0x18, 0x30, 0x70, 0x60, 0xC1, 0xC1, 0x80, 0xFF, 0xC6, 0x31,
    0x8C, 0x63, 0x18, 0xC6, 0x31, 0xFF, 0xE0, 0x10, 0x70, 0xA3, 0x6C, 0x68, 0x80, 0xFF, 0xFF, 0x4F,
    0x20, 0x79, 0xF0, 0xDF, 0xFF, 0x3F, 0xDF, 0xC1, 0x83, 0x06, 0x0F, 0x9F, 0xB1, 0xE3, 0xC7, 0x8F,
    0xF7, 0xC0, 0x3D, 0xFE, 0x30, 0xC3, 0x87, 0xCF, 0x06, 0x0C, 0x18, 0x33, 0xEF, 0xF1, 0xE3, 0xC7,
    0x8D, 0xF9, 0xF0, 0x38, 0xFB, 0x1F, 0xFF, 0xF8, 0x1F, 0x9F, 0x7F, 0xF1, 0x8F, 0xFF, 0x18, 0xC6,
    0x31, 0x80, 0x3E, 0xFF, 0x1E, 0x3C, 0x78, 0xDF, 0xBF, 0x06, 0xFB, 0xE0, 0xC1, 0x83, 0x06, 0x0F,
    0xDF, 0xF1, 0xE3, 0xC7, 0x8F, 0x1E, 0x30, 0xFC, 0xFF, 0xFF, 0x33, 0x30, 0x33, 0x33, 0x33, 0x33,
    0x3F, 0xE0, 0xC0, 0xC0, 0xC0, 0xC0, 0xC6, 0xCC, 0xF8, 0xF0, 0xD8, 0xCC, 0xC6, 0xC7, 0xDB, 0x6D,
    0xB6, 0xDB, 0xB0, 0xFF, 0xBF, 0xFC, 0xCF, 0x33, 0xCC, 0xF3, 0x3C, 0xCF, 0x33, 0xFD, 0xFF, 0x1E,
    0x3C, 0x78, 0xF1, 0xE3, 0x38, 0xFB, 0x1E, 0x3C, 0x78, 0xDF, 0x1C, 0xF9, 0xFB, 0x3E, 0x3C, 0x79,
    0xFF, 0x7C, 0xC1, 0x83, 0x00, 0x3E, 0xFF, 0x9E, 0x3C, 0x7C, 0xDF, 0xBF, 0x06, 0x0C, 0x18, 0xFF,
    0xF1, 0x8C, 0x63, 0x18, 0x7F, 0xB1, 0xE7, 0x8F, 0xFE, 0xC6, 0x3F, 0xFC, 0x63, 0x18, 0xFB, 0xC0,
    0xC7, 0x8F, 0x1E, 0x3C, 0x78, 0xFF, 0xBF, 0xC1, 0xB1, 0x98, 0xCC, 0x63, 0x61, 0xB0, 0x70, 0x38,
    0xC4, 0x79, 0xCD, 0xBB, 0x35, 0x66, 0xAC, 0x77, 0x0E, 0xE1, 0x8C, 0xE7, 0x66, 0x3C, 0x18, 0x18,
    0x3C, 0x66, 0xE7, 0xC7, 0x8D, 0xB3, 0x66, 0xCF, 0x0E, 0x1C, 0x31, 0xE3, 0x80, 0xFF, 0xF1, 0x8E,
    0x71, 0x8F, 0xFF, 0x3B, 0xD8, 0xC6, 0x33, 0x9C, 0x63, 0x18, 0xC7, 0x9C, 0xFF, 0xFF, 0xFF, 0xFC,
    0xE7, 0x8C, 0x63, 0x18, 0xE7, 0x31, 0x8C, 0x6F, 0x70, 0x73, 0xFF, 0xCE, 0x00, 0xFC, 0xFF, 0xFC,
    0x18, 0x30, 0xFB, 0xFE, 0x18, 0x30, 0x70, 0x7E, 0x7C, 0x60, 0xC0, 0x1F, 0x7F, 0x60, 0x60, 0xFE,
    0xFE, 0x60, 0x60, 0x7F, 0x7F, 0x42, 0xFF, 0x7E, 0x66, 0x66, 0x7E, 0xFF, 0x42, 0xC3, 0x66, 0x66,
    0x3C, 0x3C, 0x7E, 0x18, 0x7E, 0x18, 0x18, 0xFF, 0xF0, 0x3F, 0xFC, 0x7F, 0xFC, 0x38, 0xFB, 0x7C,
    0xFB, 0x78, 0x70, 0xFF, 0xF8, 0xDE, 0xC0, 0x1E, 0x18, 0x66, 0xDB, 0x73, 0xD8, 0xF6, 0x3D, 0xCD,
    0xB6, 0x61, 0x87, 0x80, 0x70, 0xDF, 0xFD, 0xBC, 0x22, 0x77, 0x66, 0xEE, 0x66, 0x77, 0x22, 0xFF,
    0xFC, 0x18, 0x30, 0x60, 0xC0, 0xFF, 0x1E, 0x18, 0x66, 0x1B, 0x7B, 0xDA, 0xF7, 0x3D, 0xAD, 0x86,
    0x61, 0x87, 0x80, 0xFF, 0xC0, 0x7B, 0x3C, 0xDE, 0x18, 0x18, 0x18, 0xFF, 0xFF, 0x18, 0x18, 0x18,
    0x00, 0xFF, 0xFF, 0xF0, 0xCE, 0xEE, 0x7C, 0xF8, 0xDC, 0x31, 0xF8, 0x2F, 0x40, 0xC7, 0x8F, 0x1E,
    0x3C, 0x78, 0xFF, 0xFF, 0xC1, 0x83, 0x00, 0x08, 0x7F, 0xFB, 0xFB, 0xFB, 0xFB, 0x7B, 0x1B, 0x1B,
    0x1B, 0x1B, 0x1B, 0x1B, 0x1B, 0xFF, 0x80, 0x4F, 0x80, 0x7F, 0x33, 0x33, 0x7B, 0x3C, 0xF3, 0xCD,
    0xE0, 0x44, 0xEE, 0x66, 0x77, 0x66, 0xEE, 0x44, 0x70, 0x07, 0x8C, 0x0C, 0xC0, 0x66, 0x03, 0x67,
    0x1B, 0x78, 0x32, 0xC1, 0xB6, 0x19, 0xF8, 0xC1, 0x8C, 0x00, 0x70, 0x0F, 0x30, 0x33, 0x03, 0x60,
    0x37, 0xE3, 0xD3, 0x0C, 0x71, 0x8E, 0x19, 0x83, 0x1F, 0x30, 0x00, 0xF8, 0x00, 0x63, 0x07, 0x1C,
    0x06, 0x60, 0x1B, 0x3B, 0xCD, 0xE0, 0x65, 0x81, 0xB6, 0x0C, 0xFC, 0x30, 0x61, 0x80, 0x00, 0x38,
    0x70, 0xE0, 0x01, 0x87, 0x1C, 0x60, 0xC1, 0xFD, 0xF0, 0x08, 0x01, 0xC0, 0x18, 0x00, 0x00, 0xE0,
    0x1C, 0x06, 0xC0, 0xD8, 0x3B, 0x86, 0x31, 0xFF, 0x3F, 0xE6, 0x0D, 0x80, 0xC0, 0x06, 0x01, 0xC0,
    0x20, 0x00, 0x00, 0xE0, 0x1C, 0x06, 0xC0, 0xD8, 0x3B, 0x86, 0x31, 0xFF, 0x3F, 0xE6, 0x0D, 0x80,
    0xC0, 0x06, 0x01, 0xE0, 0x24, 0x00, 0x00, 0xE0, 0x1C, 0x06, 0xC0, 0xD8, 0x3B, 0x86, 0x31, 0xFF,
    0x3F, 0xE6, 0x0D, 0x80, 0xC0, 0x0D, 0x03, 0xE0, 0x4C, 0x00, 0x00, 0xE0, 0x1C, 0x06, 0xC0, 0xD8,
    0x3B, 0x86, 0x31, 0xFF, 0x3F, 0xE6, 0x0D, 0x80, 0xC0, 0x1B, 0x03, 0x60, 0x00, 0x07, 0x00, 0xE0,
    0x36, 0x06, 0xC1, 0xDC, 0x31, 0x8F, 0xF9, 0xFF, 0x30, 0x6C, 0x06, 0x0E, 0x01, 0x40, 0x38, 0x07,
    0x00, 0xE0, 0x36, 0x06, 0xC1, 0x8C, 0x31, 0x8F, 0xF9, 0xFF, 0x30, 0x6C, 0x06, 0x03, 0xFC, 0x1F,
    0xF0, 0xF8, 0x03, 0x60, 0x1D, 0xF8, 0x67, 0xE3, 0xF8, 0x1F, 0xE0, 0x61, 0xFF, 0x87, 0xF0, 0x1E,
    0x7F, 0x60, 0xC0, 0xC0, 0xC0, 0xC0, 0xE0, 0x7F, 0x3E, 0x18, 0x0C, 0x1C, 0x30, 0x70, 0x60, 0x0F,
    0xFF, 0xF0, 0x60, 0xFD, 0xFB, 0x06, 0x0F, 0xFF, 0xC0, 0x08, 0x70, 0xC0, 0x0F, 0xFF, 0xF0, 0x60,
    0xFD, 0xFB, 0x06, 0x0F, 0xFF, 0xC0, 0x10, 0xF1, 0x20, 0x0F, 0xFF, 0xF0, 0x60, 0xFD, 0xFB, 0x06,
    0x0F, 0xFF, 0xC0, 0x6C, 0xD8, 0x07, 0xFF, 0xF8, 0x30, 0x7E, 0xFD, 0x83, 0x07, 0xFF, 0xE0, 0x47,
    0x20, 0x66, 0x66, 0x66, 0x66, 0x66, 0x37, 0x40, 0x66, 0x66, 0x66, 0x66, 0x66, 0x33, 0xD2, 0x03,
    0x18, 0xC6, 0x31, 0x8C, 0x63, 0x18, 0x4A, 0x40, 0x63, 0x18, 0xC6, 0x31, 0x8C, 0x63, 0x00, 0x7E,
    0x1F, 0xE6, 0x19, 0x83, 0xF8, 0xFE, 0x36, 0x0D, 0x86, 0x7F, 0x9F, 0x80, 0x19, 0x1F, 0x89, 0x80,
    0x0C, 0x1F, 0x0F, 0xC7, 0xF3, 0xDD, 0xE7, 0xF1, 0xF8, 0x7C, 0x3E, 0x0C, 0x08, 0x07, 0x00, 0x40,
    0x00, 0x1E, 0x1F, 0xE6, 0x1B, 0x03, 0xC0, 0xF0, 0x3C, 0x0D, 0x86, 0x7F, 0x87, 0x80, 0x04, 0x07,
    0x00, 0x80, 0x00, 0x1E, 0x1F, 0xE6, 0x1B, 0x03, 0xC0, 0xF0, 0x3C, 0x0D, 0x86, 0x7F, 0x87, 0x80,
    0x04, 0x03, 0x81, 0xB0, 0x00, 0x1E, 0x1F, 0xE6, 0x1B, 0x03, 0xC0, 0xF0, 0x3C, 0x0D, 0x86, 0x7F,
    0x87, 0x80, 0x19, 0x0F, 0xC2, 0x60, 0x00, 0x1E, 0x1F, 0xE6, 0x1B, 0x03, 0xC0, 0xF0, 0x3C, 0x0D,
    0x86, 0x7F, 0x87, 0x80, 0x1B, 0x06, 0xC0, 0x00, 0x78, 0x7F, 0x98, 0x6C, 0x0F, 0x03, 0xC0, 0xF0,
    0x36, 0x19, 0xFE, 0x1E, 0x00, 0x45, 0xDD, 0xF1, 0xC7, 0xDD, 0xD1, 0x00, 0x1E, 0xDF, 0xE6, 0x3B,
    0x1F, 0xCC, 0xF3, 0x3F, 0x8D, 0xC6, 0x7F, 0xB7, 0x80, 0x10, 0x1C, 0x02, 0x00, 0x0C, 0x1E, 0x0F,
    0x07, 0x83, 0xC1, 0xE0, 0xF0, 0x7C, 0x77, 0xF1, 0xF0, 0x0C, 0x0E, 0x06, 0x00, 0x0C, 0x1E, 0x0F,
    0x07, 0x83, 0xC1, 0xE0, 0xF0, 0x7C, 0x77, 0xF1, 0xF0, 0x08, 0x0F, 0x04, 0x80, 0x0C, 0x1E, 0x0F,
    0x07, 0x83, 0xC1, 0xE0, 0xF0, 0x7C, 0x77, 0xF1, 0xF0, 0x36, 0x1B, 0x00, 0x18, 0x3C, 0x1E, 0x0F,
    0x07, 0x83, 0xC1, 0xE0, 0xF8, 0xEF, 0xE3, 0xE0, 0x04, 0x03, 0x80, 0x80, 0x00, 0xC0, 0xD8, 0x63,
    0x30, 0xCC, 0x1E, 0x03, 0x00, 0xC0, 0x30, 0x0C, 0x03, 0x00, 0xC0, 0xFC, 0xFE, 0xC3, 0xC3, 0xC3,
    0xFE, 0xFC, 0xC0, 0xC0, 0x3C, 0x7E, 0xC6, 0xC6, 0xCC, 0xD8, 0xDC, 0xCE, 0xC3, 0xC3, 0xDF, 0xDE,
    0x21, 0xC1, 0x00, 0x79, 0xF0, 0xDF, 0xFF, 0x3F, 0xDF, 0x10, 0xE2, 0x00, 0x79, 0xF0, 0xDF, 0xFF,
    0x3F, 0xDF, 0x10, 0xE6, 0xC0, 0x79, 0xF0, 0xDF, 0xFF, 0x3F, 0xDF, 0x65, 0xF5, 0x80, 0x79, 0xF0,
    0xDF, 0xFF, 0x3F, 0xDF, 0x6D, 0xB0, 0x1E, 0x7C, 0x37, 0xFF, 0xCF, 0xF7, 0xC0, 0x30, 0xA3, 0x00,
    0x79, 0xF0, 0xDF, 0xFF, 0x3F, 0xDF, 0x7B, 0x8F, 0xF8, 0x31, 0xBF, 0xFF, 0xFF, 0x98, 0x3F, 0xF3,
    0xDF, 0x3E, 0xFF, 0x86, 0x0C, 0x1C, 0x1F, 0x9F, 0x18, 0x18, 0xE0, 0x20, 0x70, 0x40, 0x03, 0x8F,
    0xB1, 0xFF, 0xFF, 0x81, 0xF9, 0xF0, 0x18, 0x70, 0xC0, 0x03, 0x8F, 0xB1, 0xFF, 0xFF, 0x81, 0xF9,
    0xF0, 0x18, 0x78, 0x90, 0x03, 0x8F, 0xB1, 0xFF, 0xFF, 0x81, 0xF9, 0xF0, 0x24, 0x48, 0x01, 0xC7,
    0xD8, 0xFF, 0xFF, 0xC0, 0xFC, 0xF8, 0x47, 0x20, 0x66, 0x66, 0x66, 0x66, 0x27, 0x40, 0x66, 0x66,
    0x66, 0x66, 0x23, 0xD2, 0x03, 0x18, 0xC6, 0x31, 0x8C, 0x60, 0xDE, 0xC0, 0x63, 0x18, 0xC6, 0x31,
    0x8C, 0x10, 0x3C, 0xF0, 0x60, 0x6F, 0xFF, 0xE3, 0xC7, 0x8D, 0xF1, 0xC0, 0x34, 0xF9, 0x30, 0x0F,
    0xDF, 0xF1, 0xE3, 0xC7, 0x8F, 0x1E, 0x30, 0x30, 0x70, 0x60, 0x03, 0x8F, 0xB1, 0xE3, 0xC7, 0x8D,
    0xF1, 0xC0, 0x18, 0x70, 0xC0, 0x03, 0x8F, 0xB1, 0xE3, 0xC7, 0x8D, 0xF1, 0xC0, 0x30, 0xF1, 0x20,
    0x03, 0x8F, 0xB1, 0xE3, 0xC7, 0x8D, 0xF1, 0xC0, 0x34, 0xF9, 0x30, 0x03, 0x8F, 0xB1, 0xE3, 0xC7,
    0x8D, 0xF1, 0xC0, 0x48, 0x90, 0x01, 0xC7, 0xD8, 0xF1, 0xE3, 0xC6, 0xF8, 0xE0, 0x38, 0x70, 0xE0,
    0x0F, 0xFF, 0xC0, 0x1C, 0x38, 0x70, 0x3E, 0xFB, 0x3E, 0xFF, 0x7C, 0xDF, 0x7C, 0x20, 0xE0, 0x40,
    0x0C, 0x78, 0xF1, 0xE3, 0xC7, 0x8F, 0xFB, 0xF0, 0x18, 0x70, 0xC0, 0x0C, 0x78, 0xF1, 0xE3, 0xC7,
    0x8F, 0xFB, 0xF0, 0x18, 0x78, 0x90, 0x0C, 0x78, 0xF1, 0xE3, 0xC7, 0x8F, 0xFB, 0xF0, 0x6C, 0xD8,
    0x06, 0x3C, 0x78, 0xF1, 0xE3, 0xC7, 0xFD, 0xF8, 0x0C, 0x38, 0x60, 0x0C, 0x78, 0xDB, 0x36, 0x6C,
    0xF0, 0xE1, 0xC3, 0x1E, 0x38, 0x00, 0xC1, 0x83, 0x06, 0x0F, 0x9F, 0xB3, 0xE3, 0xC7, 0x8F, 0xF7,
    0xCC, 0x18, 0x30, 0x00, 0x6C, 0xD8, 0x06, 0x3C, 0x6D, 0x9B, 0x36, 0x78, 0x70, 0xE1, 0x8F, 0x1C,
    0x00, 0x1F, 0x03, 0xE0, 0x00, 0x07, 0x00, 0xE0, 0x36, 0x06, 0xC1, 0xDC, 0x31, 0x8F, 0xF9, 0xFF,
    0x30, 0x6C, 0x06, 0xFB, 0xE0, 0x1E, 0x7C, 0x37, 0xFF, 0xCF, 0xF7, 0xC0, 0x3B, 0x03, 0xE0, 0x38,
    0x00, 0x00, 0xE0, 0x1C, 0x06, 0xC0, 0xD8, 0x3B, 0x86, 0x31, 0xFF, 0x3F, 0xE6, 0x0D, 0x80, 0xC0,
    0xCF, 0xF7, 0x80, 0x79, 0xF0, 0xDF, 0xFF, 0x3F, 0xDF, 0x0E, 0x01, 0xE0, 0x6C, 0x0D, 0x83, 0x18,
    0x63, 0x1F, 0xF3, 0xFE, 0x60, 0xD8, 0x0C, 0x01, 0x00, 0x70, 0x0E, 0x79, 0xF0, 0xDF, 0xFF, 0x3F,
    0xDF, 0x08, 0x61, 0xC7, 0x04, 0x1C, 0x08, 0x00, 0x1E, 0x7F, 0x60, 0xC0, 0xC0, 0xC0, 0xC0, 0xE0,
    0x7F, 0x3E, 0x18, 0xE3, 0x00, 0x3D, 0xFE, 0x30, 0xC3, 0x87, 0xCF, 0x08, 0x1C, 0x34, 0x00, 0x1E,
    0x7F, 0x60, 0xC0, 0xC0, 0xC0, 0xC0, 0xE0, 0x7F, 0x3E, 0x18, 0x78, 0x90, 0x03, 0xCF, 0xB8, 0x60,
    0xC1, 0xC1, 0xF1, 0xE0, 0x0C, 0x0C, 0x00, 0x1E, 0x7F, 0x60, 0xC0, 0xC0, 0xC0, 0xC0, 0xE0, 0x7F,
    0x3E, 0x18, 0x60, 0x0F, 0x7F, 0x8C, 0x30, 0xE1, 0xF3, 0xC0, 0x34, 0x1C, 0x08, 0x00, 0x1E, 0x7F,
    0x60, 0xC0, 0xC0, 0xC0, 0xC0, 0xE0, 0x7F, 0x3E, 0x24, 0x78, 0x60, 0x03, 0xCF, 0xB8, 0x60, 0xC1,
    0xC1, 0xF1, 0xE0, 0x24, 0x1E, 0x04, 0x00, 0x0F, 0xC7, 0xFB, 0x0D, 0x83, 0xC1, 0xE0, 0xF0, 0x78,
    0x6F, 0xF7, 0xE0, 0x06, 0xC1, 0xB0, 0x6C, 0x1B, 0x3E, 0x1F, 0x8C, 0x63, 0x18, 0xC6, 0x31, 0x87,
    0xE0, 0xF8, 0x7E, 0x1F, 0xE6, 0x19, 0x83, 0xF8, 0xFE, 0x36, 0x0D, 0x86, 0x7F, 0x9F, 0x80, 0x06,
    0x06, 0x1F, 0x06, 0x3E, 0x7E, 0xC6, 0xC6, 0xC6, 0xE6, 0x7E, 0x3E, 0x7C, 0xF8, 0x07, 0xFF, 0xF8,
    0x30, 0x7E, 0xFD, 0x83, 0x07, 0xFF, 0xE0, 0x7C, 0xF8, 0x01, 0xC7, 0xD8, 0xFF, 0xFF, 0xC0, 0xFC,
    0xF8, 0x66, 0xF8, 0xF0, 0x0F, 0xFF, 0xF0, 0x60, 0xFD, 0xFB, 0x06, 0x0F, 0xFF, 0xC0, 0xCC, 0xF8,
    0xE0, 0x03, 0x8F, 0xB1, 0xFF, 0xFF, 0x81, 0xF9, 0xF0, 0x30, 0x60, 0x07, 0xFF, 0xF8, 0x30, 0x7E,
    0xFD, 0x83, 0x07, 0xFF, 0xE0, 0x10, 0x20, 0x01, 0xC7, 0xD8, 0xFF, 0xFF, 0xC0, 0xFC, 0xF8, 0xFF,
    0xFF, 0x06, 0x0F, 0xDF, 0xB0, 0x60, 0xFF, 0xFC, 0x10, 0x70, 0xE0, 0x38, 0xFB, 0x1F, 0xFF, 0xF8,
    0x1F, 0x9F, 0x04, 0x1C, 0x38, 0x48, 0xF0, 0x40, 0x0F, 0xFF, 0xF0, 0x60, 0xFD, 0xFB, 0x06, 0x0F,
    0xFF, 0xC0, 0x24, 0x78, 0x60, 0x03, 0x8F, 0xB1, 0xFF, 0xFF, 0x81, 0xF9, 0xF0, 0x04, 0x07, 0x06,
    0x80, 0x01, 0xF3, 0xFD, 0x81, 0x80, 0xC0, 0x60, 0xF0, 0x6C, 0x37, 0xF8, 0xFC, 0x21, 0xE2, 0x40,
    0x03, 0xEF, 0xF1, 0xE3, 0xC7, 0x8D, 0xFB, 0xF0, 0x6F, 0xBE, 0x00, 0x33, 0x1F, 0x07, 0x80, 0x01,
    0xF3, 0xFD, 0x81, 0x80, 0xC0, 0x60, 0xF0, 0x6C, 0x37, 0xF8, 0xFC, 0x33, 0x3E, 0x1C, 0x00, 0x3E,
    0x7E, 0xC6, 0xC6, 0xC6, 0xC6, 0x7E, 0x7E, 0x06, 0x7C, 0xF8, 0x0C, 0x06, 0x00, 0x03, 0xE7, 0xFB,
    0x03, 0x01, 0x80, 0xC1, 0xE0, 0xD8, 0x6F, 0xF1, 0xF8, 0x18, 0x30, 0x01, 0xF7, 0xF8, 0xF1, 0xE3,
    0xC6, 0xFD, 0xF8, 0x37, 0xDF, 0x00, 0x1F, 0x3F, 0xD8, 0x18, 0x0C, 0x06, 0x0F, 0x06, 0xC3, 0x7F,
    0x8F, 0xC0, 0x00, 0xC0, 0x60, 0x60, 0x0C, 0x38, 0x60, 0x03, 0xEF, 0xF1, 0xE3, 0xC7, 0x8D, 0xFB,
    0xF0, 0x6F, 0xBE, 0x00, 0x18, 0x1E, 0x09, 0x00, 0x0C, 0x1E, 0x0F, 0x07, 0x83, 0xFF, 0xFF, 0xF0,
    0x78, 0x3C, 0x1E, 0x0C, 0x20, 0x78, 0x48, 0x00, 0x60, 0x60, 0x60, 0x60, 0x7E, 0x7F, 0x63, 0x63,
    0x63, 0x63, 0x63, 0x63, 0x60, 0xDF, 0xFF, 0xFF, 0xB0, 0x67, 0xFC, 0xFF, 0x98, 0x33, 0x06, 0x60,
    0xCC, 0x18, 0x60, 0xF8, 0x60, 0x60, 0x7E, 0x7F, 0x63, 0x63, 0x63, 0x63, 0x63, 0x63, 0x6B, 0xE9,
    0x80, 0x30, 0xC3, 0x0C, 0x30, 0xC3, 0x0C, 0x30, 0xC0, 0x65, 0xF5, 0x80, 0x30, 0xC3, 0x0C, 0x30,
    0xC3, 0x0C, 0xFF, 0xC0, 0xC6, 0x31, 0x8C, 0x63, 0x18, 0xC6, 0x00, 0xFF, 0xC0, 0x63, 0x18, 0xC6,
    0x31, 0x8C, 0xED, 0xF3, 0x80, 0x30, 0xC3, 0x0C, 0x30, 0xC3, 0x0C, 0x30, 0xC0, 0xCF, 0xF7, 0x80,
    0x30, 0xC3, 0x0C, 0x30, 0xC3, 0x0C, 0x6D, 0xB6, 0xDB, 0x6D, 0x7E, 0x6D, 0x86, 0xDB, 0x6D, 0xB5,
    0xF8, 0xA3, 0xFF, 0xFF, 0xC0, 0xFF, 0xFF, 0xC0, 0x78, 0x0F, 0x01, 0xE0, 0x3C, 0x07, 0x80, 0xF0,
    0x1E, 0x47, 0xCF, 0xD9, 0xF0, 0xCD, 0x9F, 0x30, 0x0C, 0xD9, 0xB3, 0x66, 0xCD, 0x9B, 0x36, 0x60,
    0xC7, 0x8E, 0x00, 0x04, 0x1E, 0x12, 0x00, 0x06, 0x06, 0x06, 0x06, 0x06, 0x06, 0x06, 0x06, 0xFE,
    0x7C, 0x23, 0xD6, 0x03, 0x18, 0xC6, 0x31, 0x8C, 0x63, 0x7B, 0x80, 0xC3, 0x63, 0x33, 0x1F, 0x0F,
    0x06, 0xC3, 0x71, 0x9C, 0xC7, 0x61, 0xC0, 0x03, 0x01, 0x81, 0xC0, 0xC0, 0xC0, 0xC0, 0xC0, 0xC6,
    0xCC, 0xF8, 0xF0, 0xD8, 0xCC, 0xC6, 0xC7, 0x00, 0x30, 0x30, 0x70, 0xC6, 0xCE, 0xDC, 0xF8, 0xD8,
    0xCC, 0xC6, 0xC7, 0x21, 0xC3, 0x00, 0x0C, 0x18, 0x30, 0x60, 0xC1, 0x83, 0x06, 0x0F, 0xFF, 0xC0,
    0x17, 0xC0, 0x66, 0x66, 0x66, 0x66, 0x66, 0x73, 0xC1, 0x83, 0x06, 0x0C, 0x18, 0x30, 0x60, 0xFF,
    0xFC, 0x00, 0xC1, 0x86, 0x00, 0x66, 0x66, 0x66, 0x66, 0x66, 0x73, 0x03, 0x6E, 0x19, 0xB3, 0x66,
    0xCC, 0x18, 0x30, 0x60, 0xC1, 0xFF, 0xF8, 0xCF, 0x3C, 0xB2, 0xC3, 0x0C, 0x30, 0xC3, 0x0E, 0x18,
    0xC1, 0x83, 0x36, 0x7C, 0xD8, 0x30, 0x60, 0xFF, 0xFC, 0xC1, 0x83, 0x06, 0x0C, 0xF9, 0xF3, 0xE0,
    0xC1, 0x83, 0x83, 0x00, 0x60, 0x30, 0x18, 0x0F, 0x87, 0x87, 0x03, 0x80, 0xC0, 0x7F, 0xBF, 0xC0,
    0x30, 0xC3, 0x0C, 0x3D, 0xC7, 0x0C, 0x30, 0xC3, 0x86, 0x04, 0x0E, 0x06, 0x00, 0x0C, 0x1F, 0x0F,
    0xC7, 0xF3, 0xDD, 0xE7, 0xF1, 0xF8, 0x7C, 0x3E, 0x0C, 0x18, 0x70, 0x80, 0x0F, 0xDF, 0xF1, 0xE3,
    0xC7, 0x8F, 0x1E, 0x30, 0xC1, 0xF0, 0xFC, 0x7F, 0x3D, 0xDE, 0x7F, 0x1F, 0x87, 0xC3, 0xE0, 0xC0,
    0x01, 0x80, 0xC0, 0xC0, 0xFD, 0xFF, 0x1E, 0x3C, 0x78, 0xF1, 0xE3, 0x00, 0x60, 0xC3, 0x80, 0x24,
    0x1E, 0x06, 0x00, 0x0C, 0x1F, 0x0F, 0xC7, 0xF3, 0xDD, 0xE7, 0xF1, 0xF8, 0x7C, 0x3E, 0x0C, 0x24,
    0x78, 0x40, 0x0F, 0xDF, 0xF1, 0xE3, 0xC7, 0x8F, 0x1E, 0x30, 0x60, 0x60, 0x40, 0xC0, 0x7E, 0x7F,
    0x63, 0x63, 0x63, 0x63, 0x63, 0x63, 0xC1, 0xF0, 0xFC, 0x7F, 0x3D, 0xDE, 0x7F, 0x1F, 0x87, 0xC3,
    0xE0, 0xC0, 0x60, 0xF0, 0x70, 0xFD, 0xFF, 0x1E, 0x3C, 0x78, 0xF1, 0xE3, 0x06, 0x3C, 0x70, 0x3E,
    0x0F, 0x80, 0x00, 0x78, 0x7F, 0x98, 0x6C, 0x0F, 0x03, 0xC0, 0xF0, 0x36, 0x19, 0xFE, 0x1E, 0x00,
    0x7C, 0xF8, 0x01, 0xC7, 0xD8, 0xF1, 0xE3, 0xC6, 0xF8, 0xE0, 0x33, 0x0F, 0xC1, 0xE0, 0x00, 0x1E,
    0x1F, 0xE6, 0x1B, 0x03, 0xC0, 0xF0, 0x3C, 0x0D, 0x86, 0x7F, 0x87, 0x80, 0xEC, 0xF8, 0xE0, 0x03,
    0x8F, 0xB1, 0xE3, 0xC7, 0x8D, 0xF1, 0xC0, 0x09, 0x07, 0xE0, 0x90, 0x00, 0x1E, 0x1F, 0xE6, 0x1B,
    0x03, 0xC0, 0xF0, 0x3C, 0x0D, 0x86, 0x7F, 0x87, 0x80, 0x12, 0x6C, 0x90, 0x03, 0x8F, 0xB1, 0xE3,
    0xC7, 0x8D, 0xF1, 0xC0, 0x1F, 0xFB, 0xFF, 0xD8, 0xC1, 0x86, 0x0C, 0x3F, 0x61, 0xFB, 0x0C, 0x0C,
    0x60, 0x7F, 0xF8, 0xFF, 0xC0, 0x39, 0xC7, 0xFE, 0xC6, 0x3C, 0x7F, 0xC7, 0xFC, 0x60, 0x7F, 0xF3,
    0x9F, 0x08, 0x1C, 0x04, 0x00, 0x0F, 0xC7, 0xF3, 0x0D, 0x86, 0xC3, 0x7F, 0x3E, 0x19, 0x8C, 0x76,
    0x1C, 0x33, 0x98, 0x0F, 0xFF, 0x18, 0xC6, 0x31, 0x80, 0xFC, 0x7F, 0x30, 0xD8, 0x6C, 0x37, 0xF3,
    0xE1, 0x98, 0xC7, 0x61, 0xC0, 0x01, 0x80, 0xC0, 0xC0, 0x7D, 0xF6, 0x18, 0x61, 0x86, 0x18, 0x01,
    0x86, 0x30, 0x24, 0x1E, 0x02, 0x00, 0x0F, 0xC7, 0xF3, 0x0D, 0x86, 0xC3, 0x7F, 0x3E, 0x19, 0x8C,
    0x76, 0x1C, 0x97, 0x88, 0x0F, 0xFF, 0x18, 0xC6, 0x31, 0x80, 0x18, 0x70, 0xC0, 0x07, 0xFF, 0xF0,
    0x70, 0x78, 0x7C, 0x18, 0x3F, 0xEF, 0x80, 0x13, 0x88, 0x07, 0xFB, 0x1E, 0x78, 0xFF, 0xE0, 0x18,
    0x78, 0x90, 0x07, 0xFF, 0xF0, 0x70, 0x78, 0x7C, 0x18, 0x3F, 0xEF, 0x80, 0x23, 0xB4, 0x07, 0xFB,
    0x1E, 0x78, 0xFF, 0xE0, 0x7F, 0xFF, 0x07, 0x07, 0x87, 0x81, 0x83, 0xFE, 0xF8, 0xC0, 0xC7, 0x80,
    0x7F, 0xB1, 0xE7, 0x8F, 0xFE, 0x61, 0x9C, 0x24, 0x78, 0x60, 0x07, 0xFF, 0xF0, 0x70, 0x78, 0x7C,
    0x18, 0x3F, 0xEF, 0x80, 0xD3, 0x88, 0x07, 0xFB, 0x1E, 0x78, 0xFF, 0xE0, 0xFF, 0xFF, 0x18, 0x18,
    0x18, 0x18, 0x18, 0x18, 0x18, 0x18, 0x10, 0x0C, 0x1C, 0xC6, 0x3F, 0xFC, 0x63, 0x18, 0xFB, 0xCC,
    0x33, 0x80, 0x24, 0x3C, 0x18, 0x00, 0xFF, 0xFF, 0x18, 0x18, 0x18, 0x18, 0x18, 0x18, 0x18, 0x18,
    0x18, 0xB5, 0x8F, 0xFF, 0x18, 0xC6, 0x3E, 0xF0, 0xFF, 0xFF, 0x18, 0x18, 0x7E, 0x7E, 0x18, 0x18,
    0x18, 0x18, 0xC6, 0x3F, 0xFC, 0x7F, 0x18, 0xFB, 0xC0, 0x3A, 0x1F, 0x0B, 0x80, 0x0C, 0x1E, 0x0F,
    0x07, 0x83, 0xC1, 0xE0, 0xF0, 0x7C, 0x77, 0xF1, 0xF0, 0x34, 0xF9, 0x30, 0x0C, 0x78, 0xF1, 0xE3,
    0xC7, 0x8F, 0xFB, 0xF0, 0x3E, 0x1F, 0x00, 0x18, 0x3C, 0x1E, 0x0F, 0x07, 0x83, 0xC1, 0xE0, 0xF8,
    0xEF, 0xE3, 0xE0, 0x7C, 0xF8, 0x06, 0x3C, 0x78, 0xF1, 0xE3, 0xC7, 0xFD, 0xF8, 0x66, 0x1F, 0x0F,
    0x00, 0x0C, 0x1E, 0x0F, 0x07, 0x83, 0xC1, 0xE0, 0xF0, 0x7C, 0x77, 0xF1, 0xF0, 0xCC, 0xF8, 0xE0,
    0x0C, 0x78, 0xF1, 0xE3, 0xC7, 0x8F, 0xFB, 0xF0, 0x1C, 0x0A, 0x07, 0x00, 0x0C, 0x1E, 0x0F, 0x07,
    0x83, 0xC1, 0xE0, 0xF0, 0x7C, 0x77, 0xF1, 0xF0, 0x38, 0x50, 0xE0, 0x0C, 0x78, 0xF1, 0xE3, 0xC7,
    0x8F, 0xFB, 0xF0, 0x1B, 0x0D, 0x84, 0x80, 0x0C, 0x1E, 0x0F, 0x07, 0x83, 0xC1, 0xE0, 0xF0, 0x7C,
    0x77, 0xF1, 0xF0, 0x36, 0x6C, 0x90, 0x0C, 0x78, 0xF1, 0xE3, 0xC7, 0x8F, 0xFB, 0xF0, 0xC1, 0xE0,
    0xF0, 0x78, 0x3C, 0x1E, 0x0F, 0x07, 0xC7, 0x7F, 0x1F, 0x01, 0x01, 0xC0, 0xE0, 0xC7, 0x8F, 0x1E,
    0x3C, 0x78, 0xFF, 0xBF, 0x04, 0x1C, 0x38, 0x01, 0x00, 0x07, 0x00, 0x0B, 0x00, 0x00, 0x0C, 0x00,
    0x7C, 0x31, 0xD8, 0xE3, 0x31, 0xC6, 0x76, 0xDC, 0x6D, 0xB0, 0xDB, 0x61, 0xE3, 0xC1, 0xC7, 0x03,
    0x0E, 0x00, 0x04, 0x01, 0xC0, 0x68, 0x00, 0x0C, 0x47, 0x9C, 0xDB, 0xB3, 0x56, 0x6A, 0xC7, 0x70,
    0xEE, 0x18, 0xC0, 0x04, 0x03, 0x81, 0xB0, 0x00, 0xC0, 0xD8, 0x63, 0x30, 0xCC, 0x1E, 0x03, 0x00,
    0xC0, 0x30, 0x0C, 0x03, 0x00, 0x10, 0x70, 0xB0, 0x0C, 0x78, 0xDB, 0x36, 0x6C, 0xF0, 0xE1, 0xC3,
    0x1E, 0x38, 0x00, 0x1B, 0x06, 0xC0, 0x03, 0x03, 0x61, 0x8C, 0xC3, 0x30, 0x78, 0x0C, 0x03, 0x00,
    0xC0, 0x30, 0x0C, 0x00, 0x08, 0x70, 0xC0, 0x0F, 0xFF, 0xC3, 0x0E, 0x18, 0x61, 0xC3, 0x0F, 0xFF,
    0xC0, 0x11, 0xC2, 0x00, 0xFF, 0xF1, 0x8E, 0x71, 0x8F, 0xFF, 0x18, 0x30, 0x07, 0xFF, 0xE1, 0x87,
    0x0C, 0x30, 0xE1, 0x87, 0xFF, 0xE0, 0x30, 0xC0, 0x3F, 0xFC, 0x63, 0x9C, 0x63, 0xFF, 0xC0, 0x48,
    0xF0, 0x40, 0x0F, 0xFF, 0xC3, 0x0E, 0x18, 0x61, 0xC3, 0x0F, 0xFF, 0xC0, 0x68, 0xE1, 0x00, 0xFF,
    0xF1, 0x8E, 0x71, 0x8F, 0xFF, 0x7F, 0xF1, 0x8C, 0x63, 0x18, 0xC6, 0x31, 0x80, 0x00, 0xC0, 0x31,
    0xED, 0xFE, 0x61, 0xB0, 0x3C, 0x0F, 0x03, 0xC0, 0xD8, 0x67, 0xF8, 0x78, 0x03, 0x3B, 0x7E, 0xC6,
    0xC6, 0xC6, 0xC6, 0x7C, 0x38, 0x00, 0x60, 0x0F, 0x07, 0x60, 0xCC, 0x19, 0x83, 0x30, 0x66, 0x0C,
    0xC1, 0x9C, 0x71, 0xFC, 0x1F, 0x00, 0x01, 0x80, 0xF1, 0xD8, 0xCC, 0x66, 0x33, 0x19, 0x8C, 0xFE,
    0x3F, 0x00, 0x00, 0x0D, 0x80, 0x03, 0x80, 0x00, 0x80, 0x00, 0x0F, 0xC3, 0xFF, 0xF9, 0xFF, 0x0C,
    0x0F, 0x83, 0x06, 0xC1, 0x86, 0x60, 0xC7, 0x30, 0x63, 0x18, 0x63, 0x0F, 0xF3, 0xFF, 0xE1, 0xFC,
    0x00, 0x09, 0x00, 0x07, 0xBF, 0x01, 0x9F, 0xE0, 0x0C, 0x31, 0xFE, 0x0C, 0xFF, 0x06, 0x0D, 0x83,
    0x0C, 0xC1, 0x8E, 0x61, 0x8E, 0x3F, 0xC7, 0xFF, 0x83, 0xF0, 0x06, 0x24, 0x0C, 0x78, 0x18, 0x20,
    0x30, 0x03, 0xE7, 0xEF, 0xCF, 0xF1, 0x83, 0x63, 0x0C, 0xC6, 0x39, 0x8C, 0x61, 0xF9, 0xF9, 0xF3,
    0xF0, 0xC0, 0x0F, 0x00, 0x3C, 0x00, 0xF0, 0x03, 0xC0, 0x0F, 0x00, 0x3C, 0x00, 0xF0, 0x23, 0xFE,
    0xFF, 0xFB, 0xE0, 0x00, 0xC0, 0x1F, 0x03, 0x60, 0x0C, 0x0D, 0x81, 0xB0, 0x36, 0x06, 0xC0, 0xD8,
    0x1B, 0xFB, 0x7F, 0x60, 0x0C, 0x03, 0x80, 0xE0, 0xC7, 0x9F, 0x1E, 0x0C, 0x78, 0xF1, 0xE3, 0xC7,
    0x8F, 0x9B, 0x30, 0x63, 0x87, 0x00, 0xC1, 0x81, 0xF0, 0xC0, 0xFC, 0x60, 0x7F, 0x30, 0x3D, 0xD8,
    0x1E, 0x7C, 0x0F, 0x1E, 0x07, 0x87, 0x03, 0xC3, 0x9F, 0xE0, 0xCF, 0x80, 0x00, 0x18, 0x00, 0x7C,
    0x19, 0xB8, 0x60, 0xF1, 0x9B, 0xE6, 0x6D, 0xD9, 0xB3, 0xE6, 0xC7, 0x9B, 0x0E, 0x6C, 0x39, 0xB0,
    0x66, 0x00, 0x18, 0x01, 0xE0, 0x07, 0x00, 0x00, 0x60, 0x0C, 0x01, 0x80, 0x0F, 0xC7, 0xFC, 0xF1,
    0x9E, 0x33, 0xC6, 0x78, 0xCF, 0x19, 0xE3, 0x30, 0x06, 0x03, 0xC0, 0x70, 0x09, 0x01, 0xE0, 0x10,
    0x00, 0x00, 0xE0, 0x1C, 0x06, 0xC0, 0xD8, 0x3B, 0x86, 0x31, 0xFF, 0x3F, 0xE6, 0x0D, 0x80, 0xC0,
    0x24, 0xF1, 0x00, 0x79, 0xF0, 0xDF, 0xFF, 0x3F, 0xDF, 0x4B, 0xC8, 0x03, 0x18, 0xC6, 0x31, 0x8C,
    0x63, 0x18, 0x5B, 0xC8, 0x03, 0x18, 0xC6, 0x31, 0x8C, 0x60, 0x1A, 0x03, 0x80, 0x40, 0x00, 0x1E,
    0x1F, 0xE6, 0x1B, 0x03, 0xC0, 0xF0, 0x3C, 0x0D, 0x86, 0x7F, 0x87, 0x80, 0x48, 0xF0, 0xC0, 0x03,
    0x8F, 0xB1, 0xE3, 0xC7, 0x8D, 0xF1, 0xC0, 0x12, 0x0F, 0x02, 0x00, 0x0C, 0x1E, 0x0F, 0x07, 0x83,
    0xC1, 0xE0, 0xF0, 0x7C, 0x77, 0xF1, 0xF0, 0x24, 0x78, 0x40, 0x0C, 0x78, 0xF1, 0xE3, 0xC7, 0x8F,
    0xFB, 0xF0, 0x3E, 0x00, 0x04, 0x82, 0x40, 0x06, 0x0F, 0x07, 0x83, 0xC1, 0xE0, 0xF0, 0x78, 0x3E,
    0x3B, 0xF8, 0xF8, 0x7C, 0x01, 0x22, 0x40, 0x18, 0xF1, 0xE3, 0xC7, 0x8F, 0x1F, 0xF7, 0xE0, 0x04,
    0x02, 0x02, 0x06, 0x63, 0x30, 0x03, 0x07, 0x83, 0xC1, 0xE0, 0xF0, 0x78, 0x3C, 0x1F, 0x1D, 0xFC,
    0x7C, 0x08, 0x10, 0x43, 0x36, 0x60, 0x31, 0xE3, 0xC7, 0x8F, 0x1E, 0x3F, 0xEF, 0xC0, 0x14, 0x04,
    0x0D, 0x86, 0xC0, 0x06, 0x0F, 0x07, 0x83, 0xC1, 0xE0, 0xF0, 0x78, 0x3E, 0x3B, 0xF8, 0xF8, 0x20,
    0x70, 0x43, 0x36, 0x60, 0x31, 0xE3, 0xC7, 0x8F, 0x1E, 0x3F, 0xEF, 0xC0, 0x10, 0x0C, 0x02, 0x06,
    0x63, 0x30, 0x03, 0x07, 0x83, 0xC1, 0xE0, 0xF0, 0x78, 0x3C, 0x1F, 0x1D, 0xFC, 0x7C, 0x20, 0x60,
    0x63, 0x36, 0x60, 0x31, 0xE3, 0xC7, 0x8F, 0x1E, 0x3F, 0xEF, 0xC0, 0xF8, 0xF8, 0x1F, 0xFF, 0xF8,
    0xDF, 0x1C, 0x1F, 0x00, 0x00, 0x48, 0x09, 0x00, 0x00, 0x1C, 0x03, 0x80, 0xD8, 0x1B, 0x07, 0x70,
    0xC6, 0x3F, 0xE7, 0xFC, 0xC1, 0xB0, 0x18, 0xF8, 0x0D, 0xB6, 0x01, 0xE7, 0xC3, 0x7F, 0xFC, 0xFF,
    0x7C, 0x0F, 0x00, 0x00, 0x10, 0x02, 0x00, 0x00, 0x1C, 0x03, 0x80, 0xD8, 0x1B, 0x07, 0x70, 0xC6,
    0x3F, 0xE7, 0xFC, 0xC1, 0xB0, 0x18, 0x78, 0x03, 0x0C, 0x01, 0xE7, 0xC3, 0x7F, 0xFC, 0xFF, 0x7C,
    0x03, 0xE0, 0x0F, 0x80, 0x00, 0x00, 0xFF, 0x07, 0xFC, 0x3E, 0x00, 0xD8, 0x07, 0x7E, 0x19, 0xF8,
    0xFE, 0x07, 0xF8, 0x18, 0x7F, 0xE1, 0xFC, 0x3E, 0x07, 0xC0, 0x00, 0x3D, 0xC7, 0xFC, 0x18, 0xDF,
    0xFF, 0xFF, 0xCC, 0x1F, 0xF9, 0xEF, 0x80, 0x1F, 0x1F, 0xE6, 0x03, 0x00, 0xC1, 0xB1, 0xFC, 0x7D,
    0x86, 0x7F, 0x87, 0xE0, 0x3E, 0x7E, 0xE6, 0xCF, 0xC6, 0xC6, 0x7E, 0x7E, 0x06, 0x7C, 0xF8, 0x1B,
    0x07, 0x01, 0x00, 0x01, 0xF3, 0xFD, 0x81, 0x80, 0xC0, 0x60, 0xF0, 0x6C, 0x37, 0xF8, 0xFC, 0x24,
    0x78, 0x20, 0x03, 0xEF, 0xF1, 0xE3, 0xC7, 0x8D, 0xFB, 0xF0, 0x6F, 0xBE, 0x00, 0x2C, 0x1E, 0x04,
    0x00, 0x0C, 0x36, 0x33, 0x31, 0xF0, 0xF0, 0x6C, 0x37, 0x19, 0xCC, 0x76, 0x1C, 0x48, 0x78, 0x30,
    0x00, 0xC0, 0xC0, 0xC0, 0xC0, 0xC6, 0xCC, 0xF8, 0xF0, 0xD8, 0xCC, 0xC6, 0xC7, 0x1E, 0x1F, 0xE6,
    0x1B, 0x03, 0xC0, 0xF0, 0x3C, 0x0D, 0x86, 0x7F, 0x87, 0x80, 0x40, 0x38, 0x0E, 0x00, 0x38, 0xFB,
    0x1E, 0x3C, 0x78, 0xDF, 0x1C, 0x10, 0x70, 0xE0, 0x3E, 0x0F, 0x80, 0x00, 0x78, 0x7F, 0x98, 0x6C,
    0x0F, 0x03, 0xC0, 0xF0, 0x36, 0x19, 0xFE, 0x1E, 0x01, 0x00, 0xE0, 0x38, 0x7C, 0xF8, 0x01, 0xC7,
    0xD8, 0xF1, 0xE3, 0xC6, 0xF8, 0xE0, 0x83, 0x87, 0x00, 0x24, 0x3C, 0x18, 0x00, 0x7F, 0x7F, 0x0E,
    0x38, 0x3E, 0x07, 0x03, 0x03, 0xFE, 0x7C, 0x24, 0x78, 0x20, 0x00, 0x1F, 0xFF, 0x86, 0x1C, 0x70,
    0xF0, 0x30, 0x60, 0xFF, 0xFC, 0x4B, 0xC8, 0x03, 0x18, 0xC6, 0x31, 0x8C, 0x63, 0x7B, 0x80, 0xFC,
    0x3F, 0xFF, 0x9F, 0xF0, 0xC0, 0xF8, 0x30, 0x6C, 0x18, 0x66, 0x0C, 0x73, 0x06, 0x31, 0x86, 0x30,
    0xFF, 0x3F, 0xFE, 0x1F, 0xC0, 0xFC, 0x00, 0x7F, 0x80, 0x30, 0xC7, 0xF8, 0x33, 0xFC, 0x18, 0x36,
    0x0C, 0x33, 0x06, 0x39, 0x86, 0x38, 0xFF, 0x1F, 0xFE, 0x0F, 0xC0, 0x06, 0x00, 0x0C, 0x00, 0x18,
    0x00, 0x30, 0x03, 0xE7, 0xEF, 0xCF, 0xF1, 0x83, 0x63, 0x0C, 0xC6, 0x39, 0x8C, 0x61, 0xF9, 0xF9,
    0xF3, 0xF0, 0x04, 0x07, 0x02, 0x00, 0x01, 0xF3, 0xFD, 0x81, 0x80, 0xC0, 0x60, 0xF0, 0x6C, 0x37,
    0xF8, 0xFC, 0x0C, 0x38, 0x40, 0x03, 0xEF, 0xF1, 0xE3, 0xC7, 0x8D, 0xFB, 0xF0, 0x6F, 0xBE, 0x00,
    0xC3, 0x06, 0x18, 0x30, 0xC7, 0x86, 0x3F, 0xF1, 0xFF, 0x8F, 0x0C, 0x78, 0x63, 0xC3, 0xFE, 0x0F,
    0x80, 0x7C, 0xFE, 0xC7, 0xC3, 0xC3, 0xC3, 0xC6, 0xDC, 0xF8, 0xE0, 0xC0, 0xC0, 0xC0, 0x10, 0x1C,
    0x02, 0x00, 0x0C, 0x1F, 0x0F, 0xC7, 0xF3, 0xDD, 0xE7, 0xF1, 0xF8, 0x7C, 0x3E, 0x0C, 0x20, 0xE0,
    0x40, 0x0F, 0xDF, 0xF1, 0xE3, 0xC7, 0x8F, 0x1E, 0x30, 0x06, 0x01, 0x80, 0x00, 0x07, 0x00, 0xA0,
    0x1C, 0x07, 0xC0, 0xD8, 0x1B, 0x06, 0x30, 0xC6, 0x3F, 0xE7, 0xFC, 0xC1, 0xB0, 0x18, 0x0C, 0x60,
    0x0E, 0x28, 0xE0, 0x1E, 0x7C, 0x37, 0xFF, 0xCF, 0xF7, 0xC0, 0x00, 0x60, 0x03, 0x80, 0x08, 0x00,
    0x00, 0x03, 0xFC, 0x1F, 0xF0, 0xF8, 0x03, 0x60, 0x1D, 0xF8, 0x67, 0xE3, 0xF8, 0x1F, 0xE0, 0x61,
    0xFF, 0x87, 0xF0, 0x02, 0x00, 0xE0, 0x10, 0x00, 0x07, 0xB8, 0xFF, 0x83, 0x1B, 0xFF, 0xFF, 0xF9,
    0x83, 0xFF, 0x3D, 0xF0, 0x04, 0x07, 0x00, 0x80, 0x00, 0x1E, 0xDF, 0xE6, 0x3B, 0x1F, 0xCC, 0xF3,
    0x3F, 0x8D, 0xC6, 0x7F, 0xB7, 0x80, 0x18, 0x70, 0xC0, 0x03, 0xEF, 0xB3, 0xEF, 0xF7, 0xCD, 0xF7,
    0xC0, 0x36, 0x06, 0xC0, 0x48, 0x00, 0x00, 0xE0, 0x1C, 0x06, 0xC0, 0xD8, 0x3B, 0x86, 0x31, 0xFF,
    0x3F, 0xE6, 0x0D, 0x80, 0xC0, 0x48, 0xD9, 0xB0, 0x03, 0xC7, 0xC1, 0x9F, 0x7E, 0xCD, 0xF9, 0xF0,
    0x1F, 0x03, 0x60, 0x00, 0x07, 0x00, 0xE0, 0x36, 0x06, 0xC1, 0xDC, 0x31, 0x8F, 0xF9, 0xFF, 0x30,
    0x6C, 0x06, 0x7B, 0x30, 0x1E, 0x7C, 0x37, 0xFF, 0xCF, 0xF7, 0xC0, 0x49, 0xF9, 0x20, 0x0F, 0xFF,
    0xF0, 0x60, 0xFD, 0xFB, 0x06, 0x0F, 0xFF, 0xC0, 0x49, 0xF9, 0x20, 0x03, 0x8F, 0xB1, 0xFF, 0xFF,
    0x81, 0xF9, 0xF0, 0x3C, 0xCC, 0x07, 0xFF, 0xF8, 0x30, 0x7E, 0xFD, 0x83, 0x07, 0xFF, 0xE0, 0x7C,
    0xDC, 0x01, 0xC7, 0xD8, 0xFF, 0xFF, 0xC0, 0xFC, 0xF8, 0xDB, 0x64, 0x80, 0x30, 0xC3, 0x0C, 0x30,
    0xC3, 0x0C, 0x30, 0xC0, 0x49, 0xB2, 0x40, 0x18, 0x61, 0x86, 0x18, 0x61, 0x86, 0x7D, 0xB0, 0x0C,
    0x30, 0xC3, 0x0C, 0x30, 0xC3, 0x0C, 0x30, 0x7B, 0x30, 0x0C, 0x30, 0xC3, 0x0C, 0x30, 0xC3, 0x00,
    0x24, 0x1F, 0x82, 0x40, 0x00, 0x1E, 0x1F, 0xE6, 0x1B, 0x03, 0xC0, 0xF0, 0x3C, 0x0D, 0x86, 0x7F,
    0x87, 0x80, 0x49, 0xF9, 0x20, 0x03, 0x8F, 0xB1, 0xE3, 0xC7, 0x8D, 0xF1, 0xC0, 0x1E, 0x0C, 0xC0,
    0x00, 0x78, 0x7F, 0x98, 0x6C, 0x0F, 0x03, 0xC0, 0xF0, 0x36, 0x19, 0xFE, 0x1E, 0x00, 0x3C, 0xCC,
    0x01, 0xC7, 0xD8, 0xF1, 0xE3, 0xC6, 0xF8, 0xE0, 0x48, 0x7E, 0x12, 0x00, 0x0F, 0xC7, 0xF3, 0x0D,
    0x86, 0xC3, 0x7F, 0x3E, 0x19, 0x8C, 0x76, 0x1C, 0xDB, 0x64, 0x80, 0x7D, 0xF6, 0x18, 0x61, 0x86,
    0x18, 0x3C, 0x33, 0x00, 0x1F, 0x8F, 0xE6, 0x1B, 0x0D, 0x86, 0xFE, 0x7C, 0x33, 0x18, 0xEC, 0x38,
    0x7B, 0x30, 0x3E, 0xFB, 0x0C, 0x30, 0xC3, 0x0C, 0x00, 0x24, 0x1B, 0x04, 0x80, 0x0C, 0x1E, 0x0F,
    0x07, 0x83, 0xC1, 0xE0, 0xF0, 0x7C, 0x77, 0xF1, 0xF0, 0x48, 0x6C, 0x24, 0x00, 0x63, 0x63, 0x63,
    0x63, 0x63, 0x63, 0x7F, 0x3F, 0x3E, 0x33, 0x00, 0x18, 0x3C, 0x1E, 0x0F, 0x07, 0x83, 0xC1, 0xE0,
    0xF8, 0xEF, 0xE3, 0xE0, 0x7C, 0xD8, 0x06, 0x3C, 0x78, 0xF1, 0xE3, 0xC7, 0xFD, 0xF8, 0x7F, 0xFF,
    0x07, 0x07, 0x87, 0xC1, 0x83, 0xFE, 0xF8, 0x01, 0x83, 0x0E, 0x00, 0x7F, 0xB1, 0xE7, 0x8F, 0xFE,
    0x01, 0x99, 0xC0, 0xFF, 0xFF, 0x18, 0x18, 0x18, 0x18, 0x18, 0x18, 0x18, 0x18, 0x00, 0x18, 0x18,
    0x38, 0xC6, 0x3F, 0xFC, 0x63, 0x18, 0xFB, 0xC0, 0x67, 0x30, 0xFC, 0xFE, 0x03, 0x03, 0x07, 0x3E,
    0x3E, 0x07, 0x03, 0x03, 0x07, 0xFE, 0xF8, 0xFB, 0xF0, 0xC3, 0x38, 0xE0, 0xC3, 0x1F, 0xEE, 0x00,
    0x12, 0x0F, 0x03, 0x00, 0x0C, 0x1E, 0x0F, 0x07, 0x83, 0xFF, 0xFF, 0xF0, 0x78, 0x3C, 0x1E, 0x0C,
    0x48, 0x78, 0x30, 0x00, 0x60, 0x60, 0x60, 0x60, 0x7E, 0x7F, 0x63, 0x63, 0x63, 0x63, 0x63, 0x63,
    0xE6, 0x30, 0x36, 0xC0, 0x31, 0xEC, 0xC0, 0xEE, 0xE0, 0xFF, 0xC0, 0xCD, 0xE7, 0x80, 0xF0, 0x4B,
    0x30, 0xE9, 0xE0, 0x6F, 0x60, 0x8D, 0xE7, 0x00, 0x7B, 0x30, 0x7F, 0xF0, 0x63, 0xE0, 0x6F, 0x00,
    0x30, 0x70, 0x60, 0x0F, 0xFF, 0xF0, 0x60, 0xFD, 0xFB, 0x06, 0x0F, 0xFF, 0xC0, 0x6C, 0xD8, 0x00,
    0x0F, 0xFF, 0xF0, 0x60, 0xFD, 0xFB, 0x06, 0x0F, 0xFF, 0xC0, 0xFF, 0x9F, 0xF0, 0x60, 0x0C, 0x01,
    0xF8, 0x3F, 0xC6, 0x18, 0xC3, 0x1B, 0xE3, 0x78, 0x08, 0x70, 0x40, 0x0F, 0xFF, 0xF0, 0x60, 0xC1,
    0x83, 0x06, 0x0C, 0x18, 0x00, 0x3E, 0x7F, 0xE0, 0xC0, 0xFC, 0xFC, 0xC0, 0xE0, 0x7F, 0x3E, 0x7F,
    0xFF, 0x07, 0x07, 0x87, 0xC1, 0x83, 0xFE, 0xF8, 0xFF, 0xFF, 0xF0, 0x4A, 0x40, 0x63, 0x18, 0xC6,
    0x31, 0x8C, 0x63, 0x00, 0x06, 0x0C, 0x18, 0x30, 0x60, 0xC1, 0x83, 0xFE, 0xF8, 0x1F, 0xC0, 0x1F,
    0xC0, 0x18, 0xC0, 0x18, 0xC0, 0x18, 0xFC, 0x18, 0xFF, 0x30, 0xC3, 0x30, 0xC3, 0xF0, 0xFF, 0xC0,
    0xFC, 0xC3, 0x03, 0x0C, 0x0C, 0x30, 0x30, 0xC0, 0xFF, 0xF3, 0xFF, 0xFC, 0x30, 0xF0, 0xC3, 0xC3,
    0xFF, 0x0F, 0xC0, 0xFF, 0x9F, 0xF0, 0x60, 0x0C, 0x01, 0xF8, 0x3F, 0xC6, 0x18, 0xC3, 0x18, 0x63,
    0x0C, 0x04, 0x07, 0x02, 0x00, 0x0C, 0x36, 0x33, 0x31, 0xF0, 0xF0, 0x6C, 0x37, 0x19, 0xCC, 0x76,
    0x1C, 0x18, 0x0E, 0x03, 0x00, 0x0C, 0x1E, 0x1F, 0x1F, 0x9F, 0xDD, 0xEC, 0xFC, 0x7C, 0x3E, 0x1E,
    0x0C, 0x36, 0x1F, 0x07, 0x00, 0x0C, 0x1B, 0x19, 0x8C, 0xEC, 0x36, 0x1E, 0x07, 0x03, 0x0F, 0x87,
    0x80, 0xC3, 0xC3, 0xC3, 0xC3, 0xC3, 0xC3, 0xC3, 0xC3, 0xFF, 0xFF, 0x18, 0x18, 0x18, 0x0E, 0x01,
    0xC0, 0x6C, 0x0D, 0x83, 0xB8, 0x63, 0x1F, 0xF3, 0xFE, 0x60, 0xD8, 0x0C, 0xFE, 0xFE, 0xC0, 0xC0,
    0xFC, 0xFF, 0xC3, 0xC3, 0xFF, 0xFC, 0xFC, 0xFE, 0xC6, 0xC6, 0xFC, 0xFE, 0xC3, 0xC3, 0xFF, 0xFC,
    0xFF, 0xFF, 0x06, 0x0C, 0x18, 0x30, 0x60, 0xC1, 0x80, 0x0F, 0xC0, 0xFC, 0x0C, 0xC0, 0xCC, 0x0C,
    0xC1, 0xCC, 0x18, 0xC3, 0x8C, 0xFF, 0xFF, 0xFF, 0xC0, 0x3C, 0x03, 0xC0, 0x30, 0xFF, 0xFF, 0x06,
    0x0F, 0xDF, 0xB0, 0x60, 0xFF, 0xFC, 0xE3, 0x1D, 0xCC, 0xE3, 0xB7, 0x07, 0xF8, 0x0F, 0xC0, 0x7F,
    0x81, 0xB6, 0x0C, 0xCC, 0x63, 0x1B, 0x8C, 0x70, 0x7C, 0xFF, 0x03, 0x03, 0x3E, 0x3E, 0x03, 0x03,
    0xFF, 0x7C, 0xC1, 0xE1, 0xF1, 0xF9, 0xFD, 0xDE, 0xCF, 0xC7, 0xC3, 0xE1, 0xE0, 0xC0, 0x33, 0x0F,
    0x87, 0x80, 0x0C, 0x1E, 0x1F, 0x1F, 0x9F, 0xDD, 0xEC, 0xFC, 0x7C, 0x3E, 0x1E, 0x0C, 0xC3, 0x63,
    0x33, 0x1F, 0x0F, 0x06, 0xC3, 0x71, 0x9C, 0xC7, 0x61, 0xC0, 0x0F, 0xE1, 0xFC, 0x31, 0x86, 0x30,
    0xC6, 0x38, 0xC6, 0x19, 0xC3, 0xF0, 0x7C, 0x0C, 0x60, 0xCE, 0x19, 0xC7, 0x38, 0xED, 0xB7, 0xB6,
    0xF3, 0x9E, 0x73, 0xCC, 0x78, 0x0C, 0xC1, 0xE0, 0xF0, 0x78, 0x3F, 0xFF, 0xFF, 0x07, 0x83, 0xC1,
    0xE0, 0xC0, 0x1E, 0x1F, 0xE6, 0x1B, 0x03, 0xC0, 0xF0, 0x3C, 0x0D, 0x86, 0x7F, 0x87, 0x80, 0xFF,
    0xFF, 0xF0, 0x78, 0x3C, 0x1E, 0x0F, 0x07, 0x83, 0xC1, 0xE0, 0xC0, 0xFC, 0xFE, 0xC3, 0xC3, 0xC3,
    0xFE, 0xFC, 0xC0, 0xC0, 0xC0, 0x1E, 0x7F, 0x60, 0xC0, 0xC0, 0xC0, 0xC0, 0xE0, 0x7F, 0x3E, 0xFF,
    0xFF, 0x18, 0x18, 0x18, 0x18, 0x18, 0x18, 0x18, 0x18, 0xC1, 0xB1, 0x98, 0xCE, 0xC3, 0x61, 0xE0,
    0x70, 0x30, 0xF8, 0x78, 0x00, 0x06, 0x01, 0xF8, 0x7F, 0xEE, 0x67, 0xC6, 0x3C, 0x63, 0xE6, 0x77,
    0xFE, 0x1F, 0x80, 0x60, 0xE1, 0xD8, 0x63, 0x30, 0x78, 0x1E, 0x07, 0x81, 0xE0, 0xCC, 0x61, 0xB8,
    0x70, 0xC1, 0x98, 0x33, 0x06, 0x60, 0xCC, 0x19, 0x83, 0x30, 0x66, 0x0C, 0xFF, 0xFF, 0xFC, 0x01,
    0x80, 0x30, 0x06, 0xC1, 0xE0, 0xF0, 0x78, 0x3E, 0x1B, 0xFC, 0xFE, 0x03, 0x01, 0x80, 0xC0, 0xC6,
    0x3C, 0x63, 0xC6, 0x3C, 0x63, 0xC6, 0x3C, 0x63, 0xC6, 0x3C, 0x63, 0xFF, 0xFF, 0xFF, 0xC6, 0x33,
    0x18, 0xCC, 0x63, 0x31, 0x8C, 0xC6, 0x33, 0x18, 0xCC, 0x63, 0x31, 0x8C, 0xFF, 0xFF, 0xFF, 0xF0,
    0x00, 0xC0, 0x03, 0x00, 0x0C, 0xF8, 0x1F, 0x00, 0x60, 0x0F, 0xC1, 0xFC, 0x31, 0xC6, 0x18, 0xC7,
    0x1F, 0xC3, 0xF0, 0xC0, 0x3C, 0x03, 0xC0, 0x3F, 0xC3, 0xFE, 0x3C, 0x33, 0xC3, 0x3C, 0x73, 0xFE,
    0x3F, 0xC3, 0xC0, 0xC0, 0xC0, 0xFC, 0xFE, 0xC7, 0xC3, 0xC7, 0xFE, 0xFC, 0x7C, 0xFE, 0x07, 0x03,
    0x3F, 0x3F, 0x03, 0x07, 0xFE, 0x7C, 0xC1, 0xE3, 0x1F, 0xEC, 0x61, 0xB3, 0x03, 0xFC, 0x0F, 0xF0,
    0x3C, 0xC0, 0xF3, 0x86, 0xC7, 0xFB, 0x07, 0x80, 0x1F, 0xBF, 0xD8, 0x6C, 0x33, 0xF8, 0xFC, 0x66,
    0x63, 0x61, 0xF0, 0xC0, 0x79, 0xF0, 0xDF, 0xFF, 0x3F, 0xDF, 0x0C, 0x7D, 0xC6, 0x0F, 0xDF, 0xB1,
    0xE3, 0xC7, 0x8D, 0xF1, 0xC0, 0xFD, 0xFF, 0x1F, 0xEF, 0xF8, 0xFF, 0xFE, 0xFF, 0xFC, 0x30, 0xC3,
    0x0C, 0x30, 0x3F, 0x1F, 0x8C, 0xC6, 0x63, 0x33, 0x1B, 0xFF, 0xFF, 0xC1, 0xE0, 0xC0, 0x38, 0xFB,
    0x1F, 0xFF, 0xF8, 0x1F, 0x9F, 0xE6, 0x77, 0x6E, 0x3F, 0xC1, 0xF8, 0x1F, 0x83, 0x6C, 0x66, 0x6E,
    0x67, 0xF7, 0xC6, 0xE7, 0x8F, 0xFE, 0xC7, 0x9F, 0x7E, 0xFF, 0x7C, 0xF9, 0xE3, 0x66, 0xFC, 0xF0,
    0x0C, 0x79, 0xF7, 0xEF, 0xF7, 0xCF, 0x9E, 0x30, 0xCE, 0xDC, 0xF8, 0xF0, 0xF8, 0xDC, 0xCE, 0xC7,
    0x3F, 0x3F, 0x33, 0x33, 0x33, 0x73, 0xE3, 0xC3, 0x63, 0x71, 0xFD, 0xFE, 0xFD, 0xDE, 0xEF, 0x27,
    0x83, 0xC7, 0x8F, 0x1F, 0xFF, 0xF8, 0xF1, 0xE3, 0x38, 0xFB, 0x1E, 0x3C, 0x78, 0xDF, 0x1C, 0xFF,
    0xFF, 0x1E, 0x3C, 0x78, 0xF1, 0xE3, 0xF9, 0xFB, 0x3E, 0x3C, 0x79, 0xFF, 0x7C, 0xC1, 0x83, 0x00,
    0x3D, 0xFE, 0x30, 0xC3, 0x87, 0xCF, 0xFF, 0xFF, 0x18, 0x18, 0x18, 0x18, 0x18, 0x18, 0xC7, 0x8D,
    0xB3, 0x66, 0xCF, 0x0E, 0x1C, 0x31, 0xE3, 0x80, 0x0C, 0x03, 0x00, 0xC0, 0x30, 0x3F, 0x1F, 0xEE,
    0xDF, 0x33, 0xCC, 0xFB, 0x77, 0xF8, 0xFC, 0x0C, 0x03, 0x00, 0xC0, 0xE7, 0x66, 0x3C, 0x18, 0x18,
    0x3C, 0x66, 0xE7, 0xC6, 0xC6, 0xC6, 0xC6, 0xC6, 0xC6, 0xFF, 0xFF, 0x03, 0x03, 0xC7, 0x8F, 0x1F,
    0xF7, 0xE0, 0xC1, 0x83, 0xCC, 0xF3, 0x3C, 0xCF, 0x33, 0xCC, 0xF3, 0x3F, 0xFF, 0xFF, 0xCC, 0xD9,
    0x9B, 0x33, 0x66, 0x6C, 0xCD, 0x99, 0xBF, 0xFF, 0xFF, 0x00, 0x60, 0x0C, 0xF0, 0x78, 0x0C, 0x07,
    0xE3, 0xF9, 0x8C, 0xFE, 0x7E, 0xC1, 0xE0, 0xF0, 0x7F, 0x3F, 0xDE, 0x6F, 0xF7, 0xF3, 0xC3, 0x0C,
    0x3E, 0xFF, 0x3F, 0xFE, 0xF9, 0xF8, 0x19, 0xF3, 0xE0, 0xFF, 0x7C, 0xC3, 0x98, 0xFB, 0x31, 0xFE,
    0x3F, 0xC7, 0x98, 0xF1, 0xF6, 0x1C, 0x7F, 0xFF, 0x1E, 0x3F, 0xE7, 0xDD, 0xF3, 0x20, 0x70, 0x40,
    0x03, 0x8F, 0xB1, 0xFF, 0xFF, 0x81, 0xF9, 0xF0, 0x24, 0x48, 0x01, 0xC7, 0xD8, 0xFF, 0xFF, 0xC0,
    0xFC, 0xF8, 0x60, 0x60, 0xFC, 0x60, 0x7E, 0x7F, 0x63, 0x63, 0x63, 0x63, 0x63, 0x63, 0x03, 0x0F,
    0x0E, 0x11, 0xC2, 0x00, 0xFF, 0xFC, 0x30, 0xC3, 0x0C, 0x30, 0x3E, 0xFF, 0x07, 0xCF, 0x98, 0x1F,
    0x9F, 0x7F, 0xB1, 0xE7, 0x8F, 0xFE, 0xFC, 0xFF, 0xFF, 0xDE, 0xC0, 0x63, 0x18, 0xC6, 0x31, 0x8C,
    0x33, 0x30, 0x33, 0x33, 0x33, 0x33, 0x3F, 0xE0, 0x3F, 0x01, 0xF8, 0x0C, 0xC0, 0x67, 0xE3, 0x3F,
    0xB9, 0x8F, 0x8F, 0xF8, 0x7E, 0xC6, 0x0C, 0x60, 0xC6, 0x0F, 0xFE, 0xFF, 0xFC, 0x63, 0xC7, 0xFC,
    0x7E, 0x60, 0xF8, 0x60, 0x60, 0x7E, 0x7F, 0x63, 0x63, 0x63, 0x63, 0x63, 0x63, 0x08, 0x38, 0x10,
    0x00, 0xCE, 0xDC, 0xF8, 0xF0, 0xF8, 0xDC, 0xCE, 0xC7, 0x20, 0xE0, 0x40, 0x0C, 0x79, 0xF7, 0xEF,
    0xF7, 0xCF, 0x9E, 0x30, 0xEC, 0xF8, 0xE0, 0x0C, 0x78, 0xDB, 0x36, 0x6C, 0xF0, 0xE1, 0xC3, 0x1E,
    0x38, 0x00, 0xC7, 0x8F, 0x1E, 0x3C, 0x78, 0xFF, 0xFF, 0x30, 0x60, 0x30, 0x3F, 0x8F, 0xE0, 0xC0,
    0x30, 0x0F, 0xC3, 0xF8, 0xC3, 0x30, 0xCC, 0x73, 0xF8, 0xFC, 0x30, 0x30, 0x30, 0x30, 0xFE, 0xFE,
    0x30, 0x3E, 0x3F, 0x33, 0x3F, 0x3E, 0x1E, 0x1F, 0xE6, 0x1B, 0xE3, 0xFF, 0xF1, 0xFC, 0x0D, 0x86,
    0x7F, 0x87, 0x80, 0x38, 0xFB, 0x1F, 0xBD, 0xF8, 0xDF, 0x1C, 0xC0, 0x7B, 0x07, 0xD8, 0x30, 0xE3,
    0x03, 0x18, 0x19, 0x80, 0x6C, 0x03, 0xE0, 0x0E, 0x00, 0x70, 0x00, 0xC3, 0xF3, 0xD9, 0x8C, 0xC7,
    0xC1, 0xE0, 0xF0, 0x38, 0x33, 0x07, 0xC0, 0x70, 0x00, 0x0C, 0x19, 0x87, 0x31, 0xE6, 0x7C, 0xDD,
    0x9B, 0x33, 0xC6, 0x70, 0xCE, 0x1F, 0x83, 0xC0, 0x38, 0x06, 0x00, 0x80, 0xCC, 0xFC, 0x78, 0x00,
    0xC6, 0xCE, 0xDE, 0xDE, 0xF6, 0xE6, 0xE7, 0xC7, 0x06, 0x06, 0x60, 0x7C, 0x3E, 0x0C, 0x07, 0xE3,
    0xFD, 0x86, 0xC3, 0x7F, 0xBF, 0x00, 0x61, 0xF1, 0x83, 0xE7, 0xEC, 0xDF, 0xBE, 0xFC, 0xFE, 0xC3,
    0xD3, 0xDF, 0xFE, 0xFC, 0xC6, 0xC0, 0xC0, 0xF9, 0xFB, 0x3E, 0x3D, 0x7B, 0xFF, 0x7E, 0xCD, 0x8B,
    0x00, 0x03, 0x03, 0xFF, 0xFF, 0xC0, 0xC0, 0xC0, 0xC0, 0xC0, 0xC0, 0xC0, 0xC0, 0x0C, 0x3F, 0xFF,
    0xC3, 0x0C, 0x30, 0xC3, 0x00, 0x7F, 0x7F, 0x60, 0x60, 0xFC, 0xFC, 0x60, 0x60, 0x60, 0x60, 0x7E,
    0xFD, 0x83, 0x0F, 0x8C, 0x18, 0x30, 0xFE, 0xFE, 0xC0, 0xC0, 0xFC, 0xFE, 0xC7, 0xC3, 0xC3, 0xC3,
    0x07, 0x1E, 0x1C, 0xFD, 0xFB, 0x07, 0xCF, 0xD9, 0xF1, 0xE3, 0x06, 0x78, 0xE0, 0xE3, 0x0E, 0xE6,
    0x38, 0xEC, 0xE0, 0xFB, 0x80, 0xFE, 0x03, 0xEC, 0x06, 0xCC, 0x19, 0x8C, 0x63, 0x1F, 0xC6, 0x1C,
    0x00, 0x18, 0x00, 0x30, 0x00, 0x60, 0xE6, 0x77, 0x6E, 0x3F, 0xC1, 0xF8, 0x1F, 0xC3, 0x6E, 0x66,
    0x7E, 0x63, 0x00, 0x30, 0x03, 0x7C, 0xFF, 0x03, 0x03, 0x3E, 0x3E, 0x03, 0x03, 0xFF, 0x7E, 0x18,
    0x0C, 0x1C, 0xF7, 0xC6, 0xE7, 0x8F, 0xFE, 0x61, 0x9C, 0xC3, 0xB1, 0xCC, 0xE3, 0x70, 0xF8, 0x37,
    0x0C, 0x63, 0x0C, 0xC3, 0xF0, 0x70, 0x0C, 0x03, 0x00, 0xC0, 0xCF, 0xDE, 0xFC, 0xF8, 0xFC, 0xDE,
    0xCF, 0xC7, 0x03, 0x03, 0xC0, 0xF8, 0x3B, 0x4E, 0x6B, 0x8F, 0xE1, 0xFC, 0x35, 0xC6, 0x9C, 0xC1,
    0xD8, 0x1C, 0xC3, 0xD6, 0xDE, 0xFC, 0xDE, 0xD6, 0xC6, 0xC3, 0x60, 0x1E, 0x1B, 0xCE, 0x33, 0x86,
    0xE0, 0xF8, 0x1B, 0x83, 0x18, 0x61, 0x8C, 0x39, 0x83, 0x80, 0x60, 0x79, 0xFD, 0xCD, 0xC7, 0xC3,
    0x61, 0x98, 0xC6, 0x63, 0x80, 0xF8, 0x7F, 0x8E, 0x19, 0xC1, 0xB8, 0x1F, 0x01, 0xB8, 0x19, 0x81,
    0x8C, 0x18, 0x61, 0x87, 0xF1, 0xBC, 0xC3, 0xE0, 0xF0, 0x36, 0x0C, 0xC3, 0x18, 0xC7, 0xC1, 0x98,
    0x33, 0x06, 0x60, 0xCF, 0xF9, 0xFF, 0x30, 0x66, 0x0C, 0xC1, 0xF8, 0x3C, 0x01, 0x80, 0x30, 0x06,
    0xC6, 0xC6, 0xC6, 0xFE, 0xFE, 0xC6, 0xC7, 0xC7, 0x03, 0x03, 0xC1, 0xFC, 0x1F, 0xC1, 0x8C, 0x18,
    0xFF, 0x8F, 0xF8, 0xC1, 0x8C, 0x18, 0xC1, 0x8C, 0x18, 0xC7, 0xE3, 0xF1, 0x9F, 0xCF, 0xE6, 0x33,
    0x19, 0x8C, 0xFF, 0x01, 0xFE, 0x03, 0x0C, 0x06, 0x18, 0x0C, 0x3F, 0x98, 0x7F, 0xB0, 0xC3, 0xE1,
    0x83, 0xC3, 0x07, 0x86, 0x0C, 0x00, 0x38, 0x03, 0xE0, 0x07, 0x80, 0xFC, 0x1F, 0x83, 0x30, 0x67,
    0xCC, 0xFD, 0x99, 0xF3, 0x1E, 0x63, 0x00, 0x60, 0x78, 0x0E, 0x00, 0x1E, 0x1F, 0x86, 0x03, 0x1E,
    0xCF, 0xF6, 0x3D, 0x8F, 0xE7, 0x7F, 0x8F, 0x80, 0xE0, 0x1F, 0x01, 0x80, 0x3C, 0x7C, 0xE0, 0xCE,
    0xDF, 0xDB, 0x7F, 0x3E, 0x0F, 0x07, 0x1E, 0x7F, 0x60, 0xC0, 0xC0, 0xC0, 0xC0, 0xE0, 0x7F, 0x3E,
    0x18, 0x0C, 0x1C, 0x3E, 0xFF, 0x86, 0x0C, 0x1C, 0x1F, 0x9F, 0x18, 0x18, 0xE0, 0xFF, 0xFF, 0x18,
    0x18, 0x18, 0x18, 0x18, 0x18, 0x1E, 0x1E, 0x06, 0x06, 0x06, 0xFF, 0xFF, 0x18, 0x18, 0x18, 0x18,
    0x1E, 0x1E, 0x06, 0x06, 0xC0, 0xD8, 0x63, 0x30, 0xCC, 0x1E, 0x03, 0x00, 0xC0, 0x30, 0x0C, 0x03,
    0x00, 0xC3, 0x66, 0x66, 0x66, 0x3C, 0x3C, 0x18, 0x18, 0x18, 0x18, 0x18, 0xE1, 0xD8, 0x63, 0x30,
    0xFC, 0x1E, 0x03, 0x03, 0xF0, 0xFC, 0x0C, 0x03, 0x00, 0xC3, 0x66, 0x66, 0x3C, 0x3C, 0x18, 0x7E,
    0x7E, 0x18, 0x18, 0x18, 0xE1, 0xDC, 0x63, 0x30, 0x78, 0x0E, 0x07, 0x81, 0xF0, 0xCE, 0x61, 0xF8,
    0x30, 0x0C, 0x03, 0x00, 0xC0, 0xE7, 0x76, 0x3C, 0x18, 0x3C, 0x3E, 0x67, 0xE3, 0x03, 0x03, 0xFF,
    0x33, 0xFC, 0xC1, 0x83, 0x06, 0x0C, 0x18, 0x30, 0x60, 0xC1, 0x83, 0x06, 0x0C, 0x1F, 0xFC, 0x7F,
    0xF0, 0x00, 0xC0, 0x03, 0x00, 0x0C, 0xFD, 0xBF, 0x63, 0x18, 0xC6, 0x31, 0x8C, 0x63, 0xFC, 0xFF,
    0x00, 0xC0, 0x30, 0xC3, 0x61, 0xB0, 0xD8, 0x6C, 0x33, 0xF8, 0xFC, 0x06, 0x03, 0x81, 0xC0, 0x60,
    0x30, 0x18, 0xC6, 0xC6, 0xC6, 0xFE, 0x7E, 0x06, 0x07, 0x07, 0x03, 0x03, 0xC3, 0xC3, 0xC3, 0xD3,
    0xD3, 0xFF, 0x7F, 0x13, 0x13, 0x03, 0xC7, 0xAF, 0x5F, 0xF7, 0xE2, 0xC5, 0x83, 0xC0, 0x60, 0x30,
    0x1F, 0xCF, 0xF6, 0x1F, 0x07, 0x83, 0xC1, 0xE0, 0xC0, 0xC1, 0x83, 0x06, 0x0F, 0xDF, 0xF1, 0xE3,
    0xC7, 0x8F, 0x1E, 0x30, 0x07, 0xC0, 0xFE, 0xDC, 0x7D, 0x83, 0xFF, 0xF3, 0xFF, 0x18, 0x01, 0xC0,
    0x0F, 0xE0, 0x7C, 0x07, 0x33, 0xED, 0x8F, 0xFF, 0x3F, 0xC6, 0x00, 0xFC, 0x1F, 0x07, 0xC0, 0xFE,
    0xDC, 0x7D, 0x83, 0xFF, 0xF3, 0xFF, 0x18, 0x01, 0xC0, 0x0F, 0xE0, 0x3E, 0x01, 0x80, 0x18, 0x01,
    0x80, 0x07, 0x33, 0xED, 0x8F, 0xFF, 0x3F, 0xC6, 0x00, 0xFC, 0x1F, 0x03, 0x00, 0xC0, 0xFF, 0xFF,
    0xF0, 0x0D, 0xC0, 0x3E, 0x00, 0x70, 0x00, 0x00, 0xE3, 0x1D, 0xCC, 0xE3, 0xB7, 0x07, 0xF8, 0x0F,
    0xC0, 0x7F, 0x81, 0xB6, 0x0C, 0xCC, 0x63, 0x1B, 0x8C, 0x70, 0x1B, 0x81, 0xF0, 0x0E, 0x00, 0x00,
    0xE6, 0x77, 0x6E, 0x3F, 0xC1, 0xF8, 0x1F, 0x83, 0x6C, 0x66, 0x6E, 0x67, 0xC3, 0xE3, 0xB3, 0x9F,
    0x8F, 0xE7, 0xFB, 0x0F, 0x83, 0xC1, 0xE0, 0xC0, 0xE3, 0xE1, 0xE0, 0xCF, 0xBB, 0xE7, 0xEF, 0xD9,
    0xF1, 0xE3, 0x06, 0x38, 0x70, 0x1F, 0xC1, 0xFC, 0x18, 0xC1, 0x8C, 0x18, 0xC1, 0x8C, 0x30, 0xC3,
    0x0C, 0xF0, 0xFC, 0x0F, 0x00, 0x70, 0x06, 0x00, 0x40, 0x3F, 0x1F, 0x8C, 0xC6, 0x63, 0x33, 0x9B,
    0x8F, 0x87, 0x01, 0x00, 0x80, 0xC1, 0xE0, 0xF0, 0x78, 0x3F, 0xFF, 0xFF, 0x07, 0x83, 0xC1, 0xE0,
    0xC0, 0x60, 0xF0, 0x70, 0xC7, 0x8F, 0x1F, 0xFF, 0xF8, 0xF1, 0xE3, 0x06, 0x3C, 0x70, 0xC1, 0x98,
    0x33, 0x06, 0x60, 0xCF, 0xF9, 0xFF, 0x30, 0x66, 0x0C, 0xC1, 0xF8, 0x3C, 0x03, 0x80, 0x60, 0x08,
    0xC6, 0xC6, 0xC6, 0xFE, 0xFE, 0xC6, 0xC7, 0xC7, 0x02, 0x06, 0xC1, 0xE0, 0xF0, 0x78, 0x3E, 0x1B,
    0xFC, 0xFE, 0x03, 0x07, 0x83, 0xC1, 0x80, 0xC0, 0x60, 0xC7, 0x8F, 0x1F, 0xF7, 0xE0, 0xC7, 0x8F,
    0x18, 0x30, 0x60, 0xC3, 0x86, 0x1C, 0x70, 0xE3, 0xCD, 0xB6, 0x6D, 0xB3, 0x39, 0x99, 0xCC, 0xCC,
    0x7E, 0x03, 0xC0, 0x0E, 0x00, 0x60, 0x02, 0x00, 0x63, 0xB8, 0xEF, 0x7B, 0xDE, 0xDD, 0xB7, 0x6C,
    0x9F, 0x07, 0x00, 0x80, 0x20, 0xFF, 0xFF, 0xF0, 0x1B, 0x83, 0xE0, 0x38, 0x00, 0x00, 0xE0, 0x1C,
    0x06, 0xC0, 0xD8, 0x3B, 0x86, 0x31, 0xFF, 0x3F, 0xE6, 0x0D, 0x80, 0xC0, 0xED, 0xF3, 0x80, 0x79,
    0xF0, 0xDF, 0xFF, 0x3F, 0xDF, 0x1B, 0x03, 0x60, 0x00, 0x07, 0x00, 0xE0, 0x36, 0x06, 0xC1, 0xDC,
    0x31, 0x8F, 0xF9, 0xFF, 0x30, 0x6C, 0x06, 0x6D, 0xB0, 0x1E, 0x7C, 0x37, 0xFF, 0xCF, 0xF7, 0xC0,
    0x03, 0xFC, 0x1F, 0xF0, 0xF8, 0x03, 0x60, 0x1D, 0xF8, 0x67, 0xE3, 0xF8, 0x1F, 0xE0, 0x61, 0xFF,
    0x87, 0xF0, 0x7B, 0x8F, 0xF8, 0x31, 0xBF, 0xFF, 0xFF, 0x98, 0x3F, 0xF3, 0xDF, 0xCC, 0xF9, 0xE0,
    0x0F, 0xFF, 0xF0, 0x60, 0xFD, 0xFB, 0x06, 0x0F, 0xFF, 0xC0, 0x66, 0xF8, 0xE0, 0x03, 0x8F, 0xB1,
    0xFF, 0xFF, 0x81, 0xF9, 0xF0, 0x7C, 0x3F, 0x90, 0xE0, 0x3F, 0xFF, 0xFF, 0x07, 0xC7, 0x7F, 0x1F,
    0x00, 0xF8, 0xF8, 0x1F, 0xFF, 0xF8, 0xDF, 0x1C, 0x36, 0x1B, 0x00, 0x0F, 0x87, 0xF2, 0x1C, 0x07,
    0xFF, 0xFF, 0xE0, 0xF8, 0xEF, 0xE3, 0xE0, 0x6C, 0xD8, 0x07, 0xC7, 0xC0, 0xFF, 0xFF, 0xC6, 0xF8,
    0xE0, 0x0D, 0x80, 0x36, 0x00, 0x00, 0x38, 0xC7, 0x73, 0x38, 0xED, 0xC1, 0xFE, 0x03, 0xF0, 0x1F,
    0xE0, 0x6D, 0x83, 0x33, 0x18, 0xC6, 0xE3, 0x1C, 0x1B, 0x01, 0xB0, 0x00, 0x0E, 0x67, 0x76, 0xE3,
    0xFC, 0x1F, 0x81, 0xF8, 0x36, 0xC6, 0x66, 0xE6, 0x70, 0x6C, 0x6C, 0x00, 0x00, 0x7C, 0xFF, 0x03,
    0x03, 0x3E, 0x3E, 0x03, 0x03, 0xFF, 0x7C, 0x49, 0x20, 0x1E, 0x7C, 0x33, 0x8F, 0x0D, 0xF7, 0x80,
    0x7F, 0x7F, 0x0E, 0x38, 0x3E, 0x07, 0x03, 0x03, 0xFE, 0x7C, 0xFF, 0xFC, 0x30, 0xE3, 0x87, 0x81,
    0x83, 0x07, 0xFF, 0xE0, 0x3E, 0x1F, 0x00, 0x18, 0x3C, 0x3E, 0x3F, 0x3F, 0xBB, 0xD9, 0xF8, 0xF8,
    0x7C, 0x3C, 0x18, 0x7C, 0xF8, 0x06, 0x3C, 0xFB, 0xF7, 0xFB, 0xE7, 0xCF, 0x18, 0x36, 0x1B, 0x00,
    0x18, 0x3C, 0x3E, 0x3F, 0x3F, 0xBB, 0xD9, 0xF8, 0xF8, 0x7C, 0x3C, 0x18, 0x6C, 0xD8, 0x06, 0x3C,
    0xFB, 0xF7, 0xFB, 0xE7, 0xCF, 0x18, 0x1B, 0x06, 0xC0, 0x00, 0x78, 0x7F, 0x98, 0x6C, 0x0F, 0x03,
    0xC0, 0xF0, 0x36, 0x19, 0xFE, 0x1E, 0x00, 0x48, 0x90, 0x01, 0xC7, 0xD8, 0xF1, 0xE3, 0xC6, 0xF8,
    0xE0, 0x1E, 0x1F, 0xE6, 0x1B, 0x03, 0xFF, 0xFF, 0xFC, 0x0D, 0x86, 0x7F, 0x87, 0x80, 0x38, 0xFB,
    0x1F, 0xFC, 0x7D, 0xDF, 0x1C, 0x1B, 0x06, 0xC0, 0x00, 0x78, 0x7F, 0x98, 0x6C, 0x0F, 0xFF, 0xFF,
    0xF0, 0x36, 0x19, 0xFE, 0x1E, 0x00, 0x48, 0x90, 0x01, 0xC7, 0xD8, 0xFF, 0xE3, 0xEE, 0xF8, 0xE0,
    0x6C, 0x6C, 0x00, 0x7C, 0xFE, 0x07, 0x03, 0x3F, 0x3F, 0x03, 0x07, 0xFE, 0x7C, 0x6C, 0xD8, 0x07,
    0xCF, 0xC0, 0xCF, 0x9F, 0x07, 0xFB, 0xE0, 0x3E, 0x1F, 0x00, 0x18, 0x36, 0x33, 0x19, 0xD8, 0x6C,
    0x3C, 0x0E, 0x06, 0x1F, 0x0F, 0x00, 0x7C, 0xF8, 0x06, 0x3C, 0x6D, 0x9B, 0x36, 0x78, 0x70, 0xE1,
    0x8F, 0x1C, 0x00, 0x36, 0x1B, 0x00, 0x18, 0x36, 0x33, 0x19, 0xD8, 0x6C, 0x3C, 0x0E, 0x06, 0x1F,
    0x0F, 0x00, 0x6C, 0xD8, 0x06, 0x3C, 0x6D, 0x9B, 0x36, 0x78, 0x70, 0xE1, 0x8F, 0x1C, 0x00, 0x12,
    0x1F, 0x84, 0x80, 0x0C, 0x1B, 0x19, 0x8C, 0xEC, 0x36, 0x1E, 0x07, 0x03, 0x0F, 0x87, 0x80, 0x24,
    0xFC, 0x90, 0x0C, 0x78, 0xDB, 0x36, 0x6C, 0xF0, 0xE1, 0xC3, 0x1E, 0x38, 0x00, 0x36, 0x1B, 0x00,
    0x18, 0x3C, 0x1E, 0x0F, 0x07, 0xC3, 0x7F, 0x9F, 0xC0, 0x60, 0x30, 0x18, 0x6C, 0xD8, 0x06, 0x3C,
    0x78, 0xFF, 0xBF, 0x06, 0x0C, 0x18, 0xFF, 0xFF, 0x06, 0x0C, 0x18, 0x30, 0x60, 0xF1, 0xE0, 0xC1,
    0x83, 0x00, 0xFF, 0xFC, 0x30, 0xC3, 0x0F, 0x3C, 0x30, 0xC0, 0x0D, 0x80, 0xD8, 0x00, 0x0C, 0x03,
    0xC0, 0x3C, 0x03, 0xFC, 0x3F, 0xE3, 0xC3, 0x3C, 0x33, 0xC7, 0x3F, 0xE3, 0xFC, 0x30, 0x36, 0x1B,
    0x00, 0x18, 0x3C, 0x1E, 0x0F, 0xE7, 0xFB, 0xCD, 0xFE, 0xFE, 0x60, 0x71, 0xCE, 0x71, 0x98, 0xF6,
    0x7F, 0x19, 0x86, 0x31, 0x8E, 0xE1, 0xC0, 0x7C, 0x3F, 0x01, 0x80, 0xC0, 0x60, 0x30, 0x19, 0xFF,
    0xFF, 0x00, 0x71, 0xE1, 0x86, 0x18, 0x63, 0xBF, 0xCC, 0xFF, 0xFC, 0x30, 0xE1, 0xC3, 0x87, 0x0E,
    0x1C, 0xFE, 0xFF, 0x03, 0x03, 0xC3, 0xC3, 0xC3, 0xC3, 0xC3, 0xFD, 0xB6, 0xDB, 0x60, 0xFF, 0x6C,
    0xCC, 0xEE, 0x60, 0x7F, 0x7F, 0xDC, 0x6E, 0x37, 0x1B, 0x8D, 0xC6, 0xE3, 0x71, 0x80, 0xCE, 0xCF,
    0xC3, 0xC3, 0xC3, 0xC3, 0xE7, 0x7E, 0x3C, 0xFD, 0xB6, 0xF9, 0xF8, 0x38, 0x70, 0xE1, 0xC3, 0x87,
    0x0E, 0x1C, 0x38, 0x70, 0x79, 0xFC, 0x18, 0x30, 0x60, 0xC1, 0xFF, 0xF8, 0xE0, 0xE0, 0xFF, 0xFF,
    0x06, 0x06, 0x0E, 0x0C, 0x0C, 0x1C, 0x18, 0xFE, 0x7F, 0x98, 0xFC, 0x7E, 0x3F, 0x1F, 0x8F, 0xFF,
    0xFF, 0x80, 0xCE, 0x6F, 0xBC, 0xEC, 0x36, 0x1F, 0x0F, 0x8F, 0x9E, 0xCE, 0x00, 0xFD, 0xB6, 0xDB,
    0x6D, 0xB0, 0xEF, 0x33, 0x33, 0x3F, 0xF0, 0xFE, 0x7F, 0x98, 0xD8, 0x7C, 0x3E, 0x1B, 0x8C, 0xFE,
    0x3E, 0x00, 0x61, 0xB0, 0xDC, 0xE6, 0x73, 0x39, 0x98, 0xDC, 0x7C, 0xF8, 0x40, 0x00, 0x7C, 0xFE,
    0xC7, 0xC7, 0xE3, 0x63, 0x03, 0x03, 0x03, 0x03, 0x03, 0x03, 0x7C, 0xFE, 0xC7, 0xC7, 0xE3, 0x67,
    0x06, 0xFE, 0xF8, 0xE3, 0x63, 0x73, 0x37, 0x36, 0x3C, 0x18, 0x18, 0x1C, 0x0C, 0x0C, 0x0E, 0xE3,
    0x73, 0x3B, 0x1F, 0x1E, 0x0C, 0x06, 0x7F, 0x7F, 0xFF, 0xFF, 0x03, 0x07, 0xC6, 0xC6, 0xC6, 0xCC,
    0xCC, 0xC0, 0xC0, 0xC0, 0xFB, 0xF0, 0xC3, 0x0C, 0x30, 0xC3, 0x0C, 0xCC, 0xF3, 0x3C, 0xCF, 0x73,
    0xF8, 0xF0, 0x7E, 0x19, 0xFE, 0x3E, 0x00, 0xFF, 0x7F, 0xD8, 0xEC, 0x36, 0x1B, 0x0D, 0x87, 0xC3,
    0xC1, 0x80, 0x5B, 0x70, 0x76, 0x6E, 0x00, 0x04, 0xF6, 0x3C, 0x7F, 0xE6, 0xE0, 0x70, 0x38, 0x18,
    0x00, 0x18, 0x1C, 0x1C, 0x10, 0xF1, 0xE3, 0x06, 0xC7, 0xFE, 0x20, 0xFB, 0xF0, 0x64, 0xF0, 0xDD,
    0x00, 0xDB, 0x6E, 0xDB, 0x6C, 0xC7, 0x9F, 0xF7, 0xC6, 0x0C, 0x18, 0x30, 0x60, 0xC0, 0xCB, 0xEF,
    0x7F, 0x7F, 0x60, 0x60, 0x60, 0x60, 0x70, 0x30, 0x30, 0xE3, 0x86, 0x07, 0x0E, 0x38, 0x60, 0xFC,
    0xFC, 0x38, 0xFB, 0xB6, 0x7C, 0x79, 0xFF, 0x3C, 0xFD, 0xF8, 0x30, 0x60, 0xC1, 0x83, 0x07, 0x06,
    0x0C, 0xE3, 0xB1, 0x99, 0xCC, 0xC3, 0x61, 0xB0, 0xF0, 0x78, 0x1C, 0x0C, 0x00, 0x1C, 0x0E, 0x07,
    0x07, 0x83, 0x61, 0xB1, 0x98, 0xCE, 0xE3, 0x61, 0xC0, 0x79, 0xFB, 0x36, 0x6F, 0xCF, 0x83, 0x06,
    0x06, 0x0C, 0x00, 0x40, 0x74, 0x0D, 0x83, 0xE0, 0xF0, 0x3E, 0x0D, 0xFE, 0x3F, 0x80, 0xF0, 0x30,
    0x70, 0xF3, 0x66, 0x7D, 0xDF, 0x3C, 0xDD, 0x00, 0xDB, 0x6E, 0xDB, 0x6C, 0xC7, 0x9F, 0xF7, 0xC6,
    0x0C, 0x18, 0x30, 0x60, 0xC0, 0xCB, 0xEF, 0x7F, 0x7F, 0x60, 0x60, 0x60, 0x60, 0x70, 0x30, 0xDD,
    0xBB, 0x6F, 0xFF, 0xCC, 0x18, 0x30, 0x60, 0xC0, 0x18, 0x1C, 0x1C, 0x36, 0x77, 0x63, 0x63, 0xEB,
    0x7F, 0x7E, 0x78, 0xF3, 0x83, 0x27, 0xC7, 0xCE, 0x38, 0xE1, 0xC0, 0xE3, 0xB1, 0x99, 0xCC, 0xC3,
    0x61, 0xB0, 0xF0, 0x78, 0x1C, 0x0C, 0x00, 0x1C, 0x0E, 0x07, 0x07, 0x83, 0x61, 0xB1, 0x98, 0xCE,
    0xE3, 0x61, 0xC0, 0x79, 0xFB, 0x36, 0x6F, 0xCF, 0x83, 0x06, 0x06, 0x0C, 0x0E, 0x03, 0xC0, 0x6C,
    0x0D, 0x83, 0x38, 0x63, 0x1F, 0xE3, 0xFE, 0x60, 0xDC, 0x18, 0x00, 0x07, 0x00, 0xC0, 0xFB, 0xF0,
    0xDF, 0xFF, 0x3F, 0xFF, 0x00, 0xC3, 0x00, 0x0E, 0x00, 0xC0, 0x10, 0x00, 0x00, 0xE0, 0x3C, 0x06,
    0xC0, 0xD8, 0x33, 0x86, 0x31, 0xFE, 0x3F, 0xE6, 0x0D, 0xC1, 0x80, 0x70, 0xE3, 0x80, 0xFB, 0xF0,
    0xDF, 0xFF, 0x3F, 0xFF, 0x00, 0xC0, 0x38, 0x16, 0x0F, 0x00, 0x20, 0x00, 0x03, 0x80, 0xF0, 0x1B,
    0x03, 0x60, 0xCE, 0x18, 0xC7, 0xF8, 0xFF, 0x98, 0x37, 0x06, 0x02, 0x07, 0x06, 0x34, 0x58, 0x00,
    0xF8, 0xFC, 0x0C, 0x7C, 0xFC, 0xCC, 0xFC, 0xFC, 0x02, 0x00, 0x60, 0x14, 0x0F, 0x00, 0x20, 0x00,
    0x03, 0x80, 0xF0, 0x1B, 0x03, 0x60, 0xCE, 0x18, 0xC7, 0xF8, 0xFF, 0x98, 0x37, 0x06, 0x08, 0x38,
    0x39, 0x85, 0x80, 0x3E, 0x7E, 0x0C, 0xFB, 0xF6, 0x6F, 0xDF, 0x80, 0x03, 0x00, 0x70, 0x06, 0x02,
    0xC1, 0xE0, 0x04, 0x00, 0x00, 0x70, 0x1E, 0x03, 0x60, 0x6C, 0x19, 0xC3, 0x18, 0xFF, 0x1F, 0xF3,
    0x06, 0xE0, 0xC0, 0x0E, 0x04, 0x19, 0x85, 0x80, 0x3E, 0x7E, 0x0C, 0xFB, 0xF6, 0x6F, 0xDF, 0x80,
    0x09, 0x03, 0xE0, 0x00, 0x02, 0x01, 0xE0, 0x04, 0x00, 0x00, 0x70, 0x1E, 0x03, 0x60, 0x6C, 0x19,
    0xC3, 0x18, 0xFF, 0x1F, 0xF3, 0x06, 0xE0, 0xC0, 0x7F, 0x60, 0x0C, 0x58, 0x0F, 0xBF, 0x0D, 0xFF,
    0xF3, 0xFF, 0xF0, 0x04, 0x03, 0xC0, 0x08, 0x00, 0x00, 0xE0, 0x3C, 0x06, 0xC0, 0xD8, 0x33, 0x86,
    0x31, 0xFE, 0x3F, 0xE6, 0x0D, 0xC1, 0x80, 0x00, 0x70, 0x0C, 0x00, 0x00, 0xC5, 0x80, 0xFB, 0xF0,
    0xDF, 0xFF, 0x3F, 0xFF, 0x00, 0xC3, 0x00, 0x02, 0x00, 0xE0, 0x18, 0x0D, 0x81, 0xF0, 0x1C, 0x00,
    0x00, 0x70, 0x1E, 0x03, 0x60, 0x6C, 0x19, 0xC3, 0x18, 0xFF, 0x1F, 0xF3, 0x06, 0xE0, 0xC0, 0x08,
    0x73, 0x00, 0x78, 0xE0, 0x3E, 0xFC, 0x37, 0xFF, 0xCF, 0xFF, 0xC0, 0x08, 0x03, 0x80, 0x38, 0x0D,
    0x81, 0xF0, 0x1C, 0x00, 0x00, 0x70, 0x1E, 0x03, 0x60, 0x6C, 0x19, 0xC3, 0x18, 0xFF, 0x1F, 0xF3,
    0x06, 0xE0, 0xC0, 0x01, 0x83, 0x04, 0x78, 0xE0, 0x3E, 0xFC, 0x37, 0xFF, 0xCF, 0xFF, 0xC0, 0x00,
    0x01, 0xC0, 0x18, 0x02, 0x01, 0xB0, 0x3E, 0x03, 0x80, 0x00, 0x0E, 0x03, 0xC0, 0x6C, 0x0D, 0x83,
    0x38, 0x63, 0x1F, 0xE3, 0xFE, 0x60, 0xDC, 0x18, 0x30, 0x63, 0x00, 0x78, 0xE0, 0x3E, 0xFC, 0x37,
    0xFF, 0xCF, 0xFF, 0xC0, 0x09, 0x03, 0xE0, 0x08, 0x0D, 0x81, 0xF0, 0x1C, 0x00, 0x00, 0x70, 0x1E,
    0x03, 0x60, 0x6C, 0x19, 0xC3, 0x18, 0xFF, 0x1F, 0xF3, 0x06, 0xE0, 0xC0, 0x7D, 0x60, 0x1E, 0x38,
    0x0F, 0xBF, 0x0D, 0xFF, 0xF3, 0xFF, 0xF0, 0x1B, 0x03, 0xE0, 0x38, 0x00, 0x00, 0xE0, 0x3C, 0x06,
    0xC0, 0xD8, 0x33, 0x86, 0x31, 0xFE, 0x3F, 0xE6, 0x0D, 0xC1, 0x80, 0x00, 0x70, 0x0C, 0x00, 0x78,
    0xE0, 0x3E, 0xFC, 0x37, 0xFF, 0xCF, 0xFF, 0xC0, 0x30, 0xC0, 0xFE, 0xFE, 0xE0, 0xE0, 0xFE, 0xFE,
    0xE0, 0xE0, 0xFF, 0xFF, 0x00, 0x38, 0x38, 0x7D, 0xFF, 0x1F, 0xFF, 0xF8, 0x3F, 0x3F, 0x00, 0x60,
    0xC0, 0x38, 0x08, 0x10, 0x00, 0xFE, 0xFE, 0xE0, 0xE0, 0xFE, 0xFE, 0xE0, 0xE0, 0xFF, 0xFF, 0x30,
    0x70, 0x60, 0x07, 0xDF, 0xF1, 0xFF, 0xFF, 0x83, 0xF3, 0xF0, 0x24, 0x7C, 0x00, 0x00, 0xFE, 0xFE,
    0xE0, 0xE0, 0xFE, 0xFE, 0xE0, 0xE0, 0xFF, 0xFF, 0x7C, 0xB0, 0x03, 0xEF, 0xF8, 0xFF, 0xFF, 0xC1,
    0xF9, 0xF8, 0x01, 0x01, 0x87, 0x87, 0x82, 0x40, 0x03, 0xF9, 0xFC, 0xE0, 0x70, 0x3F, 0x9F, 0xCE,
    0x07, 0x03, 0xFD, 0xFE, 0x00, 0x03, 0x16, 0x3C, 0x6C, 0x00, 0x7C, 0xFE, 0xC6, 0xFE, 0xFE, 0xC0,
    0xFC, 0x7E, 0x0C, 0x0C, 0x1E, 0x3C, 0x24, 0x00, 0xFE, 0xFE, 0xE0, 0xE0, 0xFE, 0xFE, 0xE0, 0xE0,
    0xFF, 0xFF, 0x00, 0x18, 0x59, 0xC6, 0xC0, 0x1F, 0x7F, 0xC7, 0xFF, 0xFE, 0x0F, 0xCF, 0xC0, 0x00,
    0x07, 0x03, 0x1A, 0x3C, 0x24, 0x00, 0xFE, 0xFE, 0xE0, 0xE0, 0xFE, 0xFE, 0xE0, 0xE0, 0xFF, 0xFF,
    0x0E, 0x07, 0x13, 0x3E, 0x6C, 0x00, 0x7C, 0xFE, 0xC6, 0xFE, 0xFE, 0xC0, 0xFC, 0x7E, 0x34, 0x7C,
    0x00, 0x18, 0x3C, 0x24, 0x00, 0xFE, 0xFE, 0xE0, 0xE0, 0xFE, 0xFE, 0xE0, 0xE0, 0xFF, 0xFF, 0x7C,
    0xB0, 0x41, 0xC6, 0xC0, 0x1F, 0x7F, 0xC7, 0xFF, 0xFE, 0x0F, 0xCF, 0xC0, 0x18, 0x3C, 0x24, 0x00,
    0xFE, 0xFE, 0xE0, 0xE0, 0xFE, 0xFE, 0xE0, 0xE0, 0xFF, 0xFF, 0x00, 0x38, 0x38, 0x10, 0x71, 0xB0,
    0x07, 0xDF, 0xF1, 0xFF, 0xFF, 0x83, 0xF3, 0xF0, 0x06, 0x0C, 0x00, 0xED, 0x0F, 0xFF, 0xFF, 0xFF,
    0xC0, 0xE7, 0x70, 0x66, 0x66, 0x66, 0x66, 0xFF, 0xFF, 0xFF, 0xFC, 0x6C, 0xD8, 0x6D, 0xB6, 0xDB,
    0x0D, 0x80, 0x0C, 0x0F, 0xC7, 0xFB, 0x87, 0xC0, 0xF0, 0x3C, 0x0F, 0x07, 0xE1, 0xDF, 0xE3, 0xF0,
    0x00, 0x0C, 0x03, 0x00, 0x7D, 0xFF, 0x1E, 0x3C, 0x78, 0xFF, 0xBE, 0x00, 0x70, 0xE0, 0x1C, 0x01,
    0x80, 0xC0, 0x30, 0x3F, 0x1F, 0xEE, 0x1F, 0x03, 0xC0, 0xF0, 0x3C, 0x1F, 0x87, 0x7F, 0x8F, 0xC0,
    0x30, 0x70, 0x60, 0x07, 0xDF, 0xF1, 0xE3, 0xC7, 0x8F, 0xFB, 0xE0, 0x00, 0x80, 0x60, 0xD0, 0x78,
    0x12, 0x03, 0x03, 0xF1, 0xFE, 0xE1, 0xF0, 0x3C, 0x0F, 0x03, 0xC1, 0xF8, 0x77, 0xF8, 0xFC, 0x00,
    0x03, 0x16, 0x38, 0x6C, 0x00, 0x7C, 0xFE, 0xC6, 0xC6, 0xC6, 0xC6, 0xFE, 0x7C, 0x06, 0x00, 0xC0,
    0xD0, 0x78, 0x12, 0x03, 0x03, 0xF1, 0xFE, 0xE1, 0xF0, 0x3C, 0x0F, 0x03, 0xC1, 0xF8, 0x77, 0xF8,
    0xFC, 0x08, 0x18, 0x59, 0xC6, 0xC0, 0x1F, 0x7F, 0xC7, 0x8F, 0x1E, 0x3F, 0xEF, 0x80, 0x03, 0x00,
    0xE0, 0x18, 0x34, 0x1E, 0x04, 0x80, 0xC0, 0xFC, 0x7F, 0xB8, 0x7C, 0x0F, 0x03, 0xC0, 0xF0, 0x7E,
    0x1D, 0xFE, 0x3F, 0x00, 0x06, 0x03, 0x16, 0x38, 0x6C, 0x00, 0x7C, 0xFE, 0xC6, 0xC6, 0xC6, 0xC6,
    0xFE, 0x7C, 0x1A, 0x0F, 0x80, 0x00, 0x30, 0x1E, 0x04, 0x80, 0xC0, 0xFC, 0x7F, 0xB8, 0x7C, 0x0F,
    0x03, 0xC0, 0xF0, 0x7E, 0x1D, 0xFE, 0x3F, 0x00, 0x7C, 0xB8, 0x41, 0xC6, 0xC0, 0x1F, 0x7F, 0xC7,
    0x8F, 0x1E, 0x3F, 0xEF, 0x80, 0x0C, 0x07, 0x81, 0x20, 0x30, 0x3F, 0x1F, 0xEE, 0x1F, 0x03, 0xC0,
    0xF0, 0x3C, 0x1F, 0x87, 0x7F, 0x8F, 0xC0, 0x00, 0x30, 0x0C, 0x00, 0x10, 0x71, 0xB0, 0x07, 0xDF,
    0xF1, 0xE3, 0xC7, 0x8F, 0xFB, 0xE0, 0x07, 0x0E, 0x00, 0x04, 0x03, 0x00, 0x8C, 0x33, 0x3F, 0xDF,
    0xEE, 0x1F, 0x03, 0xC0, 0xF0, 0x3C, 0x1F, 0x87, 0x7F, 0x8F, 0xC0, 0x08, 0x18, 0x30, 0x03, 0x7F,
    0xFE, 0xC6, 0xC6, 0xC6, 0xC6, 0xFE, 0x7C, 0x18, 0x03, 0x00, 0x4C, 0x33, 0x3F, 0xDF, 0xEE, 0x1F,
    0x03, 0xC0, 0xF0, 0x3C, 0x1F, 0x87, 0x7F, 0x8F, 0xC0, 0x00, 0x30, 0x18, 0x03, 0x7F, 0xFE, 0xC6,
    0xC6, 0xC6, 0xC6, 0xFE, 0x7C, 0x1C, 0x01, 0x80, 0xCC, 0x33, 0x3F, 0xDF, 0xEE, 0x1F, 0x03, 0xC0,
    0xF0, 0x3C, 0x1F, 0x87, 0x7F, 0x8F, 0xC0, 0x30, 0x38, 0x18, 0x03, 0x7F, 0xFE, 0xC6, 0xC6, 0xC6,
    0xC6, 0xFE, 0x7C, 0x1A, 0x0F, 0x80, 0x0C, 0x33, 0x3F, 0xDF, 0xEE, 0x1F, 0x03, 0xC0, 0xF0, 0x3C,
    0x1F, 0x87, 0x7F, 0x8F, 0xC0, 0x7C, 0x5C, 0x03, 0x7F, 0xFE, 0xC6, 0xC6, 0xC6, 0xC6, 0xFE, 0x7C,
    0x00, 0xC3, 0x33, 0xFD, 0xFE, 0xE1, 0xF0, 0x3C, 0x0F, 0x03, 0xC1, 0xF8, 0x77, 0xF8, 0xFC, 0x00,
    0x03, 0x00, 0xC0, 0x03, 0x7F, 0xFE, 0xC6, 0xC6, 0xC6, 0xC6, 0xFE, 0x7C, 0x00, 0x38, 0x38, 0xC3,
    0xE1, 0xF0, 0xF8, 0x7C, 0x3E, 0x1F, 0x0F, 0xC6, 0x7F, 0x1F, 0x00, 0x03, 0x01, 0x80, 0xC7, 0x8F,
    0x1E, 0x3C, 0x78, 0xFF, 0xBF, 0x00, 0x70, 0xC0, 0x1C, 0x06, 0x06, 0x00, 0x0C, 0x3E, 0x1F, 0x0F,
    0x87, 0xC3, 0xE1, 0xF0, 0xFC, 0x67, 0xF1, 0xF0, 0x30, 0x70, 0x60, 0x0C, 0x78, 0xF1, 0xE3, 0xC7,
    0x8F, 0xFB, 0xF0, 0x0C, 0x07, 0x01, 0x0C, 0x07, 0xC3, 0xF0, 0xEC, 0x3B, 0x0E, 0xC3, 0xB0, 0xEC,
    0x3B, 0x8C, 0x7F, 0x0F, 0x80, 0x00, 0x0C, 0x0C, 0x00, 0x3C, 0x76, 0x33, 0x19, 0x8C, 0xC6, 0x63,
    0x3F, 0x8F, 0xC0, 0x10, 0x06, 0x00, 0x8C, 0x07, 0xC3, 0xF0, 0xEC, 0x3B, 0x0E, 0xC3, 0xB0, 0xEC,
    0x3B, 0x8C, 0x7F, 0x0F, 0x80, 0x20, 0x38, 0x06, 0x00, 0x3C, 0x76, 0x33, 0x19, 0x8C, 0xC6, 0x63,
    0x3F, 0x8F, 0xC0, 0x1C, 0x03, 0x01, 0x8C, 0x07, 0xC3, 0xF0, 0xEC, 0x3B, 0x0E, 0xC3, 0xB0, 0xEC,
    0x3B, 0x8C, 0x7F, 0x0F, 0x80, 0x30, 0x1C, 0x06, 0x00, 0x3C, 0x76, 0x33, 0x19, 0x8C, 0xC6, 0x63,
    0x3F, 0x8F, 0xC0, 0x10, 0x0F, 0x80, 0x0C, 0x07, 0xC3, 0xF0, 0xEC, 0x3B, 0x0E, 0xC3, 0xB0, 0xEC,
    0x3B, 0x8C, 0x7F, 0x0F, 0x80, 0x7C, 0x2C, 0x00, 0x78, 0xEC, 0x66, 0x33, 0x19, 0x8C, 0xC6, 0x7F,
    0x1F, 0x80, 0x00, 0xC0, 0x7C, 0x3F, 0x0E, 0xC3, 0xB0, 0xEC, 0x3B, 0x0E, 0xC3, 0xB8, 0xC7, 0xF0,
    0xF8, 0x00, 0x06, 0x01, 0x80, 0x01, 0xE3, 0xB1, 0x98, 0xCC, 0x66, 0x33, 0x19, 0xFC, 0x7E, 0x00,
    0x0E, 0x06, 0x00, 0x18, 0x07, 0x00, 0xC0, 0x00, 0xC0, 0xD8, 0x63, 0x30, 0xCC, 0x1E, 0x03, 0x00,
    0xC0, 0x30, 0x0C, 0x03, 0x00, 0x60, 0xE0, 0xC0, 0x0C, 0x78, 0xDB, 0x36, 0x6C, 0xF0, 0xE1, 0xC3,
    0x1E, 0x38, 0x00, 0x61, 0x9C, 0xE3, 0x30, 0xFC, 0x1E, 0x07, 0x00, 0xC0, 0x30, 0x0C, 0x03, 0x00,
    0x00, 0x30, 0x0C, 0x00, 0xE3, 0x67, 0x66, 0x76, 0x3E, 0x3C, 0x1C, 0x18, 0x18, 0xF3, 0xE3, 0x1C,
    0x01, 0x80, 0xC0, 0x00, 0x61, 0x9C, 0xE3, 0x30, 0xFC, 0x1E, 0x07, 0x00, 0xC0, 0x30, 0x0C, 0x03,
    0x00, 0x38, 0x1C, 0x18, 0x00, 0xE3, 0x67, 0x66, 0x76, 0x3E, 0x3C, 0x1C, 0x18, 0x18, 0xF0, 0xE0,
    0x1A, 0x0F, 0x80, 0x00, 0x00, 0x61, 0x9C, 0xE3, 0x30, 0xFC, 0x1E, 0x07, 0x00, 0xC0, 0x30, 0x0C,
    0x03, 0x00, 0x3E, 0x2C, 0x00, 0xE3, 0x67, 0x66, 0x76, 0x3E, 0x3C, 0x1C, 0x18, 0x18, 0xF0, 0xE0,
    0x00, 0x00, 0xFF, 0xC0, 0xF6, 0xD4, 0x44, 0x44, 0x44, 0x5F, 0x49, 0x24, 0x90, 0x5D, 0x92, 0x49,
    0x24, 0xFF, 0xFF, 0xFF, 0xFF, 0xFF, 0xFF, 0xFF, 0xFC, 0xFF, 0xFF, 0xFF, 0xFC, 0x7B, 0x6C, 0x6D,
    0xBC, 0x6D, 0xBC, 0x6F, 0x6D, 0xB6, 0xD8, 0x6D, 0xB6, 0xDB, 0xD8, 0x6D, 0xB6, 0xDB, 0xD8, 0x30,
    0xC3, 0x3F, 0xFC, 0xC3, 0x0C, 0x30, 0xC3, 0x0C, 0x30, 0xC3, 0x3F, 0xFC, 0xC3, 0x3F, 0xFC, 0xC3,
    0x0C, 0x6F, 0xF6, 0x63, 0x1F, 0x8E, 0x76, 0x31, 0xC0, 0x00, 0x78, 0xC0, 0x19, 0xB0, 0x03, 0x3E,
    0x00, 0x67, 0x80, 0x07, 0xE0, 0x00, 0x0F, 0xC7, 0x83, 0xCD, 0x98, 0xF9, 0xB3, 0x1B, 0x36, 0x66,
    0x3C, 0x78, 0x27, 0x6E, 0x67, 0x20, 0x4E, 0x67, 0x6E, 0x40, 0x06, 0x06, 0x0C, 0x0C, 0x18, 0x18,
    0x30, 0x30, 0x60, 0x60, 0x6F, 0x00, 0x00, 0xE6, 0x67, 0x76, 0xF7, 0xBD, 0xB8, 0x38, 0xE7, 0xB6,
    0xFC, 0x60, 0x7A, 0x1C, 0x71, 0xF8, 0x3B, 0x3D, 0xBD, 0xB8, 0xF9, 0xCC, 0x66, 0x30, 0x76, 0xFF,
    0xFD, 0xB8, 0x76, 0xF6, 0xF3, 0x70, 0x76, 0xF7, 0xBD, 0xB8, 0x7F, 0x33, 0x33, 0xF0, 0xCE, 0xEE,
    0x7C, 0xF8, 0xDC, 0x31, 0xF8, 0x38, 0xE7, 0xB6, 0xFC, 0x60, 0x7A, 0x1C, 0x71, 0xF8, 0x3B, 0x3D,
    0xBD, 0xB8, 0xF9, 0xCC, 0x66, 0x30, 0x76, 0xFF, 0xFD, 0xB8, 0x76, 0xF6, 0xF3, 0x70, 0xFC, 0x7F,
    0xCF, 0x09, 0xE5, 0xBC, 0xB7, 0x96, 0xF2, 0x3E, 0x7E, 0xCF, 0x80, 0x1F, 0x3F, 0x70, 0xFC, 0x60,
    0xFC, 0x60, 0x30, 0x3F, 0x1F, 0xFF, 0xFF, 0x18, 0x1C, 0x3C, 0x38, 0x1E, 0x38, 0x38, 0x18, 0x7E,
    0x3F, 0x80, 0xDF, 0xF1, 0xE1, 0xE3, 0xFE, 0xC0, 0x7F, 0x1F, 0x00, 0xFF, 0xFF, 0x0C, 0xFE, 0x0C,
    0xF8, 0xF0, 0x60, 0x30, 0x18, 0x78, 0xF8, 0x38, 0x33, 0xEF, 0xF1, 0xE3, 0xCD, 0xF9, 0xE0, 0x0E,
    0x01, 0xC0, 0x7C, 0x0D, 0x83, 0xB8, 0x63, 0x1C, 0x73, 0x06, 0x7F, 0xDF, 0xFC, 0xFF, 0xFF, 0xF0,
    0x78, 0x3C, 0x1E, 0x0F, 0x07, 0x83, 0xC1, 0xE0, 0xF0, 0x78, 0x3C, 0x18, 0xFF, 0xFD, 0x81, 0x83,
    0x03, 0x0C, 0x18, 0x60, 0xC3, 0xFF, 0xF0, 0xFF, 0xFC, 0x06, 0x06, 0x0C, 0x0C, 0x18, 0x18, 0x30,
    0x30, 0x60, 0x60, 0xFF, 0x80, 0x00, 0xC0, 0x30, 0x18, 0x06, 0x01, 0x8C, 0xCF, 0xB0, 0x6C, 0x1E,
    0x03, 0x80, 0xE0, 0x77, 0x7F, 0xF2, 0x7F, 0xF7, 0x70, 0x1C, 0xF3, 0x0C, 0x30, 0xC3, 0x0C, 0x30,
    0xC3, 0x0C, 0xF3, 0x80, 0x79, 0xFF, 0xF3, 0xC0, 0x07, 0x9F, 0xFF, 0x3C, 0x04, 0x1B, 0xFF, 0xF1,
    0x1F, 0xFF, 0xB0, 0x40, 0x04, 0x7B, 0xE6, 0x0F, 0x87, 0x81, 0x7F, 0xFE, 0x40, 0x78, 0x3E, 0x06,
    0x3E, 0x78, 0x40, 0x7F, 0x7F, 0x78, 0xFF, 0x9E, 0xC3, 0x8C, 0x30, 0xFB, 0xEF, 0xBE, 0xC3, 0x0C,
    0x30, 0xC3, 0x0C, 0x30, 0xC3, 0x0C, 0x30, 0x7B, 0xFB, 0xC3, 0xC0, 0xFB, 0xFB, 0xC3, 0xC3, 0xC3,
    0xC3, 0xC3, 0xC3, 0x7B, 0x7D, 0xB0, 0xD8, 0x6F, 0xB7, 0xDB, 0x0D, 0x86, 0xC3, 0x61, 0xB0, 0xF8,
    0x30, 0x79, 0xEF, 0xEF, 0xBC, 0x30, 0xF0, 0xC0, 0xFB, 0xEF, 0xEF, 0xBC, 0x30, 0xF0, 0xC3, 0xC3,
    0x0F, 0x0C, 0x3C, 0x30, 0xF0, 0xC3, 0x79, 0xED, 0xF7, 0xDB, 0x0C, 0x36, 0x18, 0x6F, 0xBE, 0xDF,
    0x7D, 0xB0, 0xC3, 0x61, 0x86, 0xC3, 0x0D, 0x86, 0x1B, 0x0C, 0x3E, 0x18, 0x30, 0x00, 0x04, 0x80,
    0x19, 0x80, 0x37, 0x00, 0x36, 0x00, 0xEF, 0xFF, 0x8F, 0xFE, 0x00, 0x00, 0x02, 0x80, 0x0D, 0x00,
    0x04, 0x00, 0x08, 0x00, 0x40, 0x00, 0x18, 0x00, 0xCE, 0x00, 0x61, 0x80, 0x7C, 0x7F, 0xFF, 0xCF,
    0xFC, 0x70, 0x00, 0x00, 0x0A, 0x00, 0x06, 0x80, 0x00, 0x40, 0x00, 0x10, 0x00, 0x33, 0x33, 0x3F,
    0xE0, 0x5D, 0x26, 0x38, 0x60, 0xE7, 0xFE, 0xE0, 0x14, 0x3C, 0x20, 0x60, 0x02, 0x00, 0x07, 0x80,
    0x0B, 0x00, 0x28, 0x24, 0x00, 0xCC, 0x01, 0xB8, 0x01, 0xB0, 0x07, 0x7F, 0xFC, 0x7F, 0xF0, 0x02,
    0x00, 0x00, 0x70, 0x00, 0x2C, 0x00, 0x04, 0x00, 0x40, 0x00, 0x18, 0x00, 0xCE, 0x00, 0x61, 0x80,
    0x7C, 0x7F, 0xFF, 0xCF, 0xFC, 0x70, 0x47, 0xF4, 0x06, 0x73, 0x33, 0xFE, 0x20, 0x78, 0xB2, 0x80,
    0x07, 0x0C, 0x1C, 0xFF, 0xDC, 0xA0, 0x1F, 0x87, 0xFC, 0x0F, 0x1F, 0x0E, 0x07, 0x01, 0x80, 0xC7,
    0x31, 0x8E, 0x01, 0xC3, 0x3F, 0xC7, 0xE0, 0xA0, 0x03, 0xF0, 0x1F, 0xF0, 0x07, 0x81, 0xF8, 0x1C,
    0xC1, 0xC3, 0xEC, 0x0E, 0xC7, 0x06, 0x30, 0x38, 0x00, 0xE1, 0x83, 0xFC, 0x0F, 0xC0, 0x20, 0x3E,
    0x1F, 0xE0, 0x70, 0xF7, 0xE3, 0xC0, 0x00, 0x14, 0x1A, 0x02, 0x01, 0x00, 0x20, 0x0F, 0x81, 0xFE,
    0x01, 0xC0, 0xF1, 0xFF, 0xFC, 0x78, 0x00, 0x14, 0x07, 0x80, 0x20, 0x0C, 0x00, 0x41, 0xED, 0x08,
    0x00, 0x43, 0x86, 0x1C, 0x38, 0xFF, 0xF8, 0x40, 0x3C, 0x34, 0x04, 0x00, 0x00, 0x80, 0xE0, 0x30,
    0x1C, 0x06, 0x23, 0x1F, 0xFF, 0xB8, 0x0C, 0x10, 0xD8, 0xA0, 0x01, 0x07, 0x06, 0x0C, 0x18, 0x30,
    0xEF, 0x8C, 0x00, 0x18, 0x04, 0x0D, 0x02, 0x80, 0x00, 0x40, 0x70, 0x18, 0x0C, 0x07, 0xC3, 0xE3,
    0x8F, 0x83, 0x00, 0x10, 0x3C, 0x59, 0x40, 0x01, 0x07, 0x06, 0x0C, 0x18, 0x30, 0xEF, 0x8C, 0x00,
    0x10, 0x0E, 0x0D, 0x01, 0x00, 0x00, 0x40, 0x70, 0x18, 0x0C, 0x07, 0xC3, 0xE3, 0x8F, 0x83, 0x00,
    0x00, 0x08, 0x00, 0xF0, 0x0F, 0x80, 0x78, 0x01, 0xC1, 0x03, 0x86, 0x07, 0x38, 0x0C, 0x60, 0x39,
    0xFF, 0xE3, 0xFE, 0x00, 0x00, 0x08, 0x00, 0x70, 0x03, 0xF0, 0x0F, 0x00, 0x1C, 0x08, 0x1C, 0x18,
    0x1C, 0x70, 0x18, 0x60, 0x38, 0xFF, 0xFC, 0xFF, 0xB8, 0x04, 0x3C, 0xF7, 0x8E, 0x0E, 0x0E, 0x0E,
    0x0D, 0xFB, 0xE0, 0x04, 0x07, 0x0F, 0x1E, 0x0E, 0x03, 0x80, 0xE0, 0x38, 0x0C, 0x7F, 0xFE, 0xE0,
    0x00, 0x10, 0x01, 0xC0, 0x1C, 0x80, 0x4F, 0x00, 0xF8, 0x07, 0x80, 0x1C, 0x10, 0x38, 0x60, 0x73,
    0x80, 0xC6, 0x03, 0x9F, 0xFE, 0x3F, 0xE0, 0x00, 0x10, 0x00, 0xE0, 0x0F, 0x20, 0x09, 0xC0, 0x0F,
    0xC0, 0x3C, 0x00, 0x70, 0x20, 0x70, 0x60, 0x71, 0xC0, 0x61, 0x80, 0xE3, 0xFF, 0xF3, 0xFE, 0xE0,
    0x08, 0x7B, 0x94, 0xF3, 0xDE, 0x38, 0x38, 0x38, 0x38, 0x37, 0xEF, 0x80, 0x08, 0x1E, 0x39, 0x11,
    0xC3, 0xC7, 0x83, 0x80, 0xE0, 0x38, 0x0E, 0x03, 0x1F, 0xFF, 0xB8, 0x00, 0x40, 0x74, 0x0D, 0x83,
    0xE0, 0xF0, 0x3E, 0x0D, 0xFE, 0x3F, 0x80, 0x00, 0xC2, 0x06, 0x18, 0x31, 0xC1, 0xFC, 0x0F, 0xF0,
    0x61, 0xFF, 0x07, 0xF0, 0x30, 0x70, 0xF3, 0x66, 0x7D, 0xDF, 0x3C, 0x1C, 0x1F, 0x8E, 0x63, 0x1C,
    0xC3, 0xD8, 0xF0, 0x67, 0x33, 0x3F, 0xE2, 0x46, 0x70, 0x71, 0xF9, 0xE7, 0x83, 0xC0, 0xE0, 0x60,
    0x0C, 0x01, 0xE0, 0x7E, 0x0D, 0xE1, 0xBE, 0x3E, 0xFF, 0xFF, 0xFE, 0x07, 0x01, 0xF0, 0x76, 0x0C,
    0xC1, 0xB1, 0xFF, 0xFF, 0xF8, 0xC6, 0x1F, 0xC1, 0xF0, 0x30, 0x1E, 0x1F, 0x8D, 0xE6, 0xFB, 0xEF,
    0xFF, 0xFE, 0x1C, 0x0F, 0x83, 0x61, 0xD8, 0x6E, 0x3F, 0xFF, 0xFD, 0xCC, 0x3F, 0x07, 0x80, 0x0C,
    0x00, 0x78, 0x03, 0xF0, 0x0C, 0xC0, 0x62, 0x03, 0x80, 0x07, 0xFF, 0xCF, 0xFF, 0x1F, 0xDF, 0xFF,
    0x03, 0x00, 0xFF, 0x9F, 0xE0, 0x30, 0x00, 0x80, 0x07, 0x80, 0x03, 0x00, 0x1E, 0x00, 0xFC, 0x03,
    0x30, 0x18, 0x80, 0xE0, 0x01, 0xFF, 0xF3, 0xFF, 0xC0, 0x70, 0x10, 0x07, 0x00, 0x00, 0x1F, 0xDF,
    0xFF, 0x03, 0x00, 0xFF, 0x9F, 0xE0, 0x00, 0xF0, 0x1F, 0x03, 0x04, 0x30, 0x63, 0x8E, 0x1E, 0xE0,
    0x6E, 0x06, 0x7F, 0xE3, 0xF8, 0x40, 0x03, 0x06, 0x38, 0x7F, 0xC0, 0xFE, 0x06, 0x3F, 0xF0, 0xFF,
    0x00, 0x31, 0x8C, 0x63, 0x7B, 0x80, 0x56, 0xC0, 0x38, 0x60, 0xE7, 0xFE, 0xE0, 0x12, 0x3C, 0x10,
    0xF1, 0xE3, 0x06, 0xC7, 0xFE, 0x20, 0x6D, 0xC0, 0x63, 0x18, 0xC6, 0x31, 0x8C, 0x63, 0x00, 0x69,
    0xB0, 0x01, 0x83, 0x06, 0x0C, 0x18, 0x30, 0x60, 0xC1, 0x83, 0xE3, 0xC0, 0xFB, 0x86, 0xDB, 0x6D,
    0xB6, 0xC0, 0xE3, 0x0E, 0x00, 0x61, 0x86, 0x18, 0x61, 0x86, 0x18, 0x61, 0xF3, 0xC0, 0x38, 0x40,
    0xE0, 0x03, 0x8F, 0x9B, 0xB3, 0x7E, 0xFC, 0x37, 0xE7, 0x00, 0x38, 0x10, 0x0E, 0x00, 0x03, 0x83,
    0xE1, 0xB8, 0xCC, 0x7F, 0xBF, 0xC3, 0x1F, 0x87, 0x00, 0xDB, 0x6D, 0xB6, 0xDB, 0x0D, 0x38, 0xC6,
    0x31, 0x8C, 0x63, 0x18, 0xC7, 0xDE, 0x0E, 0x63, 0x80, 0x30, 0xF2, 0x1F, 0x3B, 0x04, 0x30, 0x63,
    0x8E, 0x1E, 0xE0, 0x6E, 0x06, 0x7F, 0xE3, 0xF8, 0x30, 0x01, 0x00, 0x0E, 0x00, 0x80, 0x06, 0x0C,
    0x70, 0xFF, 0x81, 0xFC, 0x0C, 0x7F, 0xE1, 0xFE, 0x00, 0xE4, 0xF0, 0x67, 0x33, 0x3F, 0xE0, 0x70,
    0xC1, 0xC0, 0x00, 0x06, 0x0C, 0x18, 0xFF, 0xBC, 0xFF, 0xFF, 0xFC, 0xC6, 0x31, 0x8C, 0x63, 0x18,
    0xC7, 0xDE, 0x00, 0x04, 0x80, 0x19, 0x80, 0x37, 0x00, 0x36, 0x00, 0xEF, 0xFF, 0x8F, 0xFE, 0x00,
    0x00, 0x01, 0x00, 0x07, 0x00, 0x04, 0x00, 0x40, 0x00, 0x18, 0x00, 0xCE, 0x00, 0x61, 0x80, 0x7C,
    0x7F, 0xFF, 0xCF, 0xFC, 0x70, 0x00, 0x00, 0x04, 0x00, 0x03, 0x00, 0x00, 0x40, 0x00, 0x67, 0x33,
    0x3F, 0xE0, 0x46, 0x40, 0x30, 0x60, 0xC7, 0xFD, 0xE0, 0x08, 0x18, 0x20, 0x6C, 0xD8, 0x01, 0x83,
    0x87, 0x9B, 0x33, 0xEE, 0xF9, 0xE0, 0x36, 0x0D, 0x00, 0x00, 0x18, 0x0E, 0x0F, 0x87, 0x63, 0x98,
    0xE6, 0x1F, 0x83, 0xF8, 0x0F, 0x06, 0xC0, 0x0D, 0x89, 0x00, 0x33, 0x00, 0x6E, 0x00, 0x6C, 0x01,
    0xDF, 0xFF, 0x1F, 0xFC, 0x07, 0xC0, 0x00, 0xB0, 0x04, 0x00, 0x01, 0x80, 0x0C, 0xE0, 0x06, 0x18,
    0x07, 0xC7, 0xFF, 0xFC, 0xFF, 0xC7, 0xFD, 0x06, 0x73, 0x33, 0xFE, 0x6C, 0xD8, 0x01, 0xC3, 0x07,
    0x3F, 0xF7, 0x01, 0x80, 0x02, 0x00, 0x0B, 0x00, 0x14, 0x24, 0x00, 0xCC, 0x01, 0xB8, 0x01, 0xB0,
    0x07, 0x7F, 0xFC, 0x7F, 0xF0, 0x01, 0x80, 0x00, 0x60, 0x00, 0x3C, 0x00, 0x0B, 0x00, 0x40, 0x00,
    0x18, 0x00, 0xCE, 0x00, 0x61, 0x80, 0x7C, 0x7F, 0xFF, 0xCF, 0xFC, 0x70, 0x62, 0xFD, 0x06, 0x73,
    0x33, 0xFE, 0x18, 0x21, 0xB1, 0x40, 0x07, 0x0C, 0x1C, 0xFF, 0xDC, 0xA0, 0x1F, 0x87, 0xF8, 0x1E,
    0x1E, 0x0E, 0x07, 0x01, 0x80, 0xC6, 0x31, 0x8E, 0x01, 0xC2, 0x7F, 0xC7, 0xC0, 0xA0, 0x07, 0xE0,
    0x7F, 0x80, 0x78, 0x1F, 0x03, 0x98, 0x71, 0xF6, 0x0F, 0xC6, 0x0C, 0x60, 0xE0, 0x07, 0x08, 0x7F,
    0xC1, 0xF0, 0x20, 0x3E, 0x1F, 0xE0, 0x70, 0xF7, 0xE3, 0xC0, 0x00, 0x08, 0x0E, 0x02, 0x00, 0x20,
    0x0F, 0x81, 0xFE, 0x01, 0xC0, 0xF1, 0xFF, 0xFC, 0x78, 0x00, 0x08, 0x03, 0x00, 0x20, 0x00, 0xA0,
    0x1F, 0x87, 0xF8, 0x1E, 0x1E, 0x0E, 0x07, 0x01, 0x80, 0xC0, 0x30, 0x0E, 0x01, 0xC2, 0x7F, 0xC7,
    0xC0, 0xA0, 0x07, 0xE0, 0x7F, 0x80, 0x78, 0x1F, 0x03, 0x98, 0x71, 0xF6, 0x0F, 0xC0, 0x0C, 0x00,
    0xE0, 0x07, 0x08, 0x7F, 0xC1, 0xF0, 0x20, 0x3E, 0x1F, 0xE0, 0x70, 0xF7, 0xE3, 0xC0, 0x20, 0x0F,
    0x81, 0xFE, 0x01, 0xC0, 0xF1, 0xFF, 0xFC, 0x78, 0x0C, 0x03, 0x00, 0x02, 0x80, 0x7E, 0x1F, 0xE0,
    0x78, 0x78, 0x38, 0x1C, 0x06, 0x03, 0x00, 0xC0, 0x38, 0x07, 0x09, 0xFF, 0x1F, 0x00, 0x0C, 0x00,
    0xC0, 0x00, 0x0A, 0x00, 0x7E, 0x07, 0xF8, 0x07, 0x81, 0xF0, 0x39, 0x87, 0x1F, 0x60, 0xFC, 0x00,
    0xC0, 0x0E, 0x00, 0x70, 0x87, 0xFC, 0x1F, 0x00, 0x70, 0x10, 0x00, 0x04, 0x07, 0xC3, 0xFC, 0x0E,
    0x1E, 0xFC, 0x78, 0x00, 0x70, 0x04, 0x00, 0x00, 0x10, 0x07, 0xC0, 0xFF, 0x00, 0xE0, 0x78, 0xFF,
    0xFE, 0x3C, 0x10, 0xE1, 0x87, 0x0E, 0x3F, 0xFE, 0x10, 0x1C, 0x06, 0x03, 0x80, 0xC4, 0x63, 0xFF,
    0xF7, 0x60, 0x80, 0x04, 0x38, 0x61, 0xC3, 0x8F, 0xFF, 0x80, 0x60, 0x10, 0x00, 0x02, 0x03, 0x80,
    0xC0, 0x70, 0x18, 0x8C, 0x7F, 0xFE, 0xE0, 0x08, 0x70, 0xC3, 0x0C, 0x31, 0xFE, 0x60, 0x08, 0x0E,
    0x03, 0x01, 0x80, 0xF8, 0x7C, 0x71, 0xF0, 0x60, 0x00, 0x1C, 0x20, 0x02, 0x1C, 0x30, 0xC3, 0x0C,
    0x7F, 0x98, 0x18, 0x0C, 0x00, 0x01, 0x01, 0xC0, 0x60, 0x30, 0x1F, 0x0F, 0x8E, 0x3E, 0x0C, 0x00,
    0x00, 0x00, 0x60, 0x00, 0x06, 0x00, 0xC6, 0x74, 0x0C, 0x63, 0x60, 0xC6, 0x3E, 0x0F, 0xFE, 0xE0,
    0xFF, 0xEE, 0x0C, 0x00, 0x7F, 0xC0, 0x03, 0xF8, 0x00, 0x00, 0x00, 0x70, 0x01, 0x8C, 0x61, 0x03,
    0x18, 0xC3, 0x06, 0x31, 0x8E, 0x0F, 0xFF, 0xFC, 0x1F, 0xF9, 0xF8, 0x30, 0x00, 0x3F, 0xE0, 0x00,
    0x3F, 0x80, 0x00, 0x00, 0x18, 0x00, 0x63, 0x19, 0x8C, 0x67, 0x73, 0x9B, 0xFF, 0xED, 0xEF, 0x00,
    0x00, 0x18, 0x31, 0x98, 0x31, 0x98, 0x73, 0x9C, 0xFF, 0xFF, 0xDE, 0xF7, 0x00, 0x0C, 0x00, 0x00,
    0x40, 0x00, 0x1A, 0x00, 0x01, 0xA0, 0x00, 0x00, 0x60, 0x00, 0x06, 0x00, 0xC6, 0x74, 0x0C, 0x63,
    0x60, 0xC6, 0x3E, 0x0F, 0xFE, 0xE0, 0xFF, 0xEE, 0x0C, 0x00, 0x7F, 0xC0, 0x03, 0xF8, 0x00, 0x00,
    0x0C, 0x00, 0x00, 0x08, 0x00, 0x00, 0x68, 0x00, 0x00, 0xD0, 0x00, 0x00, 0x00, 0x00, 0x00, 0x0E,
    0x00, 0x31, 0x8C, 0x20, 0x63, 0x18, 0x60, 0xC6, 0x31, 0xC1, 0xFF, 0xFF, 0x83, 0xFF, 0x3F, 0x06,
    0x00, 0x07, 0xFC, 0x00, 0x07, 0xF0, 0x00, 0x00, 0x01, 0x80, 0x06, 0x00, 0x3C, 0x00, 0xB0, 0x00,
    0x18, 0x00, 0x63, 0x19, 0x8C, 0x67, 0x73, 0x9B, 0xFF, 0xED, 0xEF, 0x00, 0x01, 0x80, 0x01, 0x00,
    0x02, 0xC0, 0x02, 0xC0, 0x00, 0x00, 0x00, 0x18, 0x31, 0x98, 0x31, 0x98, 0x73, 0x9C, 0xFF, 0xFF,
    0xDE, 0xF7, 0x00, 0x00, 0x40, 0x00, 0x1F, 0x80, 0x31, 0xFE, 0x81, 0x9C, 0x36, 0x0E, 0xC3, 0xF0,
    0x7F, 0xFB, 0x83, 0x7F, 0x9C, 0x18, 0x00, 0x7F, 0xC0, 0x01, 0xFC, 0x00, 0x00, 0x00, 0x00, 0x40,
    0x00, 0x07, 0xE0, 0x03, 0x1F, 0xE2, 0x06, 0x70, 0xC6, 0x0E, 0xC3, 0x9C, 0x1F, 0xFF, 0xF8, 0x37,
    0xFF, 0xF0, 0x60, 0x00, 0x7F, 0xC0, 0x00, 0x7F, 0x00, 0x00, 0x00, 0x20, 0x03, 0xE3, 0x1F, 0xCC,
    0xE3, 0x76, 0x0F, 0xFF, 0xED, 0xFF, 0x00, 0x00, 0x20, 0x00, 0xF8, 0x31, 0xFC, 0x33, 0x8C, 0x76,
    0x0C, 0xFF, 0xFF, 0xDF, 0xFF, 0x00, 0x00, 0xC0, 0x00, 0x06, 0x00, 0x00, 0x00, 0x00, 0x00, 0x80,
    0x00, 0x3F, 0x00, 0x63, 0xFD, 0x03, 0x38, 0x6C, 0x1D, 0x87, 0xE0, 0xFF, 0xF7, 0x06, 0xFF, 0x38,
    0x30, 0x00, 0xFF, 0x80, 0x03, 0xF8, 0x00, 0x00, 0x00, 0x00, 0xC0, 0x00, 0x01, 0x80, 0x00, 0x00,
    0x00, 0x00, 0x02, 0x00, 0x00, 0x3F, 0x00, 0x18, 0xFF, 0x10, 0x33, 0x86, 0x30, 0x76, 0x1C, 0xE0,
    0xFF, 0xFF, 0xC1, 0xBF, 0xFF, 0x83, 0x00, 0x03, 0xFE, 0x00, 0x03, 0xF8, 0x00, 0x00, 0x00, 0x70,
    0x00, 0x80, 0x00, 0x00, 0x08, 0x00, 0xF8, 0xC7, 0xF3, 0x38, 0xDD, 0x83, 0xFF, 0xFB, 0x7F, 0xC0,
    0x00, 0x70, 0x00, 0x20, 0x00, 0x00, 0x00, 0x20, 0x00, 0xF8, 0x31, 0xFC, 0x33, 0x8C, 0x76, 0x0C,
    0xFF, 0xFF, 0xDF, 0xFF, 0x18, 0x01, 0x80, 0x18, 0x01, 0x80, 0x18, 0xC1, 0xBE, 0x1F, 0xF1, 0xE3,
    0x1C, 0x7F, 0xFE, 0xFF, 0xC0, 0x18, 0x00, 0x60, 0x01, 0x80, 0x06, 0x00, 0x18, 0xC0, 0x6F, 0x81,
    0xFF, 0x07, 0x8C, 0x1C, 0x73, 0xFF, 0xFF, 0xFF, 0xC0, 0x60, 0x18, 0x06, 0x01, 0x80, 0x73, 0x9F,
    0xF7, 0xCD, 0xE3, 0x70, 0xFF, 0xFF, 0xF0, 0x60, 0x03, 0x00, 0x18, 0x00, 0xC0, 0x07, 0x38, 0x3F,
    0xE1, 0xF3, 0x0F, 0x18, 0x70, 0xC7, 0xFF, 0xFF, 0xDE, 0x18, 0x01, 0x8C, 0x18, 0xC1, 0x80, 0x18,
    0xC1, 0xBE, 0x1F, 0xF1, 0xE3, 0x1C, 0x7F, 0xFE, 0xFF, 0xC0, 0x18, 0x00, 0x63, 0x01, 0x88, 0x06,
    0x00, 0x18, 0xC0, 0x6F, 0x81, 0xFF, 0x07, 0x8C, 0x1C, 0x73, 0xFF, 0xFF, 0xFF, 0xC0, 0x60, 0x18,
    0xC6, 0x31, 0x80, 0x73, 0x9F, 0xF7, 0xCD, 0xE3, 0x70, 0xFF, 0xFF, 0xF0, 0x60, 0x03, 0x18, 0x18,
    0xC0, 0xC0, 0x07, 0x38, 0x3F, 0xE1, 0xF3, 0x0F, 0x18, 0x70, 0xC7, 0xFF, 0xFF, 0xDE, 0x3C, 0x1F,
    0x06, 0x01, 0x88, 0x7E, 0x0F, 0x87, 0x01, 0x80, 0xC0, 0x30, 0x0E, 0x01, 0xC2, 0x7F, 0xC7, 0xC0,
    0x1E, 0x1F, 0xC7, 0x30, 0xF8, 0x1E, 0x07, 0xF7, 0xFD, 0x80, 0xC0, 0x30, 0x0E, 0x11, 0xFE, 0x3E,
    0x00, 0x3C, 0x7C, 0x60, 0x60, 0x3E, 0xFF, 0xF8, 0x3E, 0x3F, 0x19, 0x8E, 0xC3, 0xE7, 0xFF, 0xDE,
    0x18, 0x06, 0x00, 0x00, 0x00, 0x3C, 0x1F, 0x06, 0x01, 0x88, 0x7E, 0x0F, 0x87, 0x01, 0x80, 0xC0,
    0x30, 0x0E, 0x01, 0xC2, 0x7F, 0xC7, 0xC0, 0x0C, 0x03, 0x00, 0x00, 0x78, 0x7F, 0x1C, 0xC3, 0xE0,
    0x78, 0x1F, 0xDF, 0xF6, 0x03, 0x00, 0xC0, 0x38, 0x47, 0xF8, 0xF8, 0x18, 0x18, 0x00, 0x00, 0x3C,
    0x7C, 0x60, 0x60, 0x3E, 0xFF, 0xF8, 0x1C, 0x04, 0x00, 0x07, 0xC7, 0xE3, 0x31, 0xD8, 0x7C, 0xFF,
    0xFB, 0xC0, 0x00, 0x18, 0x00, 0x30, 0x00, 0x00, 0x00, 0xC0, 0x03, 0xC0, 0x0D, 0x90, 0x19, 0xB0,
    0x3F, 0xE0, 0x7E, 0xC0, 0x1D, 0xFF, 0xF1, 0xFF, 0xC0, 0x00, 0x0C, 0x00, 0x03, 0x00, 0x00, 0x00,
    0x00, 0x78, 0x40, 0x3E, 0x18, 0x0C, 0xCE, 0x03, 0x31, 0x80, 0xF8, 0x7F, 0xFF, 0xCF, 0xFF, 0xF0,
    0x18, 0x30, 0x00, 0xC3, 0xCD, 0xD9, 0xBF, 0x7E, 0x1F, 0xF7, 0xC0, 0x18, 0x0C, 0x00, 0x07, 0x87,
    0xE3, 0x31, 0x98, 0xFC, 0xFF, 0xFF, 0xC0, 0x01, 0xE0, 0x16, 0x00, 0x00, 0x0C, 0x01, 0xE0, 0x37,
    0x63, 0x36, 0x3F, 0xC3, 0xFE, 0x07, 0x70, 0xE7, 0xFC, 0x1F, 0x00, 0x03, 0xE0, 0x05, 0x80, 0x00,
    0x00, 0x30, 0x01, 0xE0, 0x0D, 0xC4, 0x33, 0x18, 0xFF, 0xE1, 0xFF, 0x81, 0xC6, 0x0E, 0x1F, 0xF0,
    0x3F, 0x80, 0x3C, 0x58, 0x00, 0xC3, 0xCD, 0xD9, 0xBF, 0x7E, 0x1F, 0xF7, 0xC0, 0x3C, 0x1A, 0x00,
    0x07, 0x87, 0xE3, 0x31, 0x98, 0xFC, 0xFF, 0xFF, 0xC0, 0x00, 0x18, 0x00, 0xC0, 0x46, 0x07, 0x30,
    0x31, 0xA0, 0xCD, 0x9C, 0x7C, 0x43, 0x60, 0x1B, 0xFF, 0xCF, 0xFC, 0x00, 0x18, 0x00, 0x18, 0x01,
    0x18, 0x03, 0x98, 0x03, 0x18, 0x41, 0x98, 0x67, 0x18, 0xE2, 0x18, 0x60, 0x1C, 0x7F, 0xFF, 0x3F,
    0xF7, 0x04, 0x3C, 0xF7, 0x8E, 0x0E, 0x0E, 0x0E, 0x0D, 0xFB, 0xE0, 0x04, 0x07, 0x0F, 0x1E, 0x0E,
    0x03, 0x80, 0xE0, 0x38, 0x0C, 0x7F, 0xFE, 0xE0, 0x00, 0xC0, 0x30, 0x0C, 0x03, 0x00, 0xC0, 0x30,
    0x0D, 0x03, 0x60, 0xF8, 0x3C, 0x0F, 0x83, 0x7F, 0x8F, 0xC0, 0x00, 0xC0, 0x06, 0x00, 0x30, 0x01,
    0x80, 0x0C, 0x00, 0x60, 0x03, 0x08, 0x18, 0x60, 0xE7, 0x07, 0xF8, 0x3F, 0xC1, 0x87, 0xFC, 0x1F,
    0xC0, 0x66, 0x67, 0x77, 0x33, 0x7E, 0xE0, 0x61, 0x87, 0x1C, 0x71, 0xC3, 0x0C, 0x73, 0xFD, 0xC0,
    0x18, 0x3E, 0x76, 0x27, 0x1F, 0x7F, 0xE2, 0xC0, 0xC0, 0xC0, 0x60, 0x60, 0x60, 0x1E, 0x07, 0xE1,
    0xCC, 0x3C, 0xCF, 0xFF, 0x9F, 0xF0, 0x06, 0x00, 0xE0, 0x0C, 0x01, 0x80, 0x30, 0x00, 0x1E, 0x3F,
    0x33, 0x73, 0xFF, 0xDE, 0x1E, 0x07, 0xC0, 0xCC, 0x39, 0x8F, 0xFF, 0xBF, 0x80, 0x0C, 0x03, 0x00,
    0x04, 0x07, 0x40, 0xD8, 0x3E, 0x0F, 0x03, 0xE0, 0xDF, 0xE3, 0xF8, 0x0C, 0x00, 0x60, 0x00, 0x00,
    0x01, 0x84, 0x0C, 0x30, 0x63, 0x83, 0xF8, 0x1F, 0xE0, 0xC3, 0xFE, 0x0F, 0xE0, 0x66, 0x06, 0x73,
    0x33, 0xFE, 0x30, 0x60, 0x00, 0x03, 0x06, 0x0C, 0x7F, 0xDE, 0x30, 0x70, 0xF3, 0x66, 0x7D, 0xDF,
    0x3C, 0x06, 0x03, 0x83, 0xE1, 0xD8, 0xE6, 0x39, 0x87, 0xE0, 0xFE, 0x03, 0xC0, 0x30, 0x1E, 0x1F,
    0x8D, 0xE6, 0xFB, 0xEF, 0xFF, 0xFE, 0x1C, 0x0F, 0x83, 0x61, 0xD8, 0x6E, 0x3F, 0xFF, 0xFD, 0xCC,
    0x3F, 0x07, 0x80, 0x38, 0xF9, 0xBB, 0x37, 0xEF, 0xC3, 0x7E, 0x70, 0x38, 0x3E, 0x1B, 0x8C, 0xC7,
    0xFB, 0xFC, 0x31, 0xF8, 0x70, 0x00, 0x00, 0xF0, 0x1F, 0x03, 0x04, 0x30, 0x63, 0x8E, 0x1E, 0xE0,
    0x6E, 0x06, 0x7F, 0xE3, 0xF8, 0x40, 0x03, 0x06, 0x38, 0x7F, 0xC0, 0xFE, 0x06, 0x3F, 0xF0, 0xFF,
    0x00, 0x00, 0xF0, 0x1F, 0x03, 0x04, 0x30, 0x63, 0x8E, 0x1E, 0xE0, 0x6E, 0x06, 0x7F, 0xE3, 0xF8,
    0x00, 0x00, 0xA0, 0x1B, 0x00, 0x40, 0x03, 0x06, 0x38, 0x7F, 0xC0, 0xFE, 0x06, 0x3F, 0xF0, 0xFF,
    0x00, 0x00, 0x09, 0x00, 0xD8, 0x00, 0x31, 0x8C, 0x63, 0x7B, 0x80, 0x56, 0xC0, 0x38, 0x60, 0xE7,
    0xFE, 0xE0, 0x12, 0x3C, 0x68, 0x2E, 0x60, 0x18, 0xC6, 0x39, 0x87, 0xE0, 0x70, 0x0E, 0x07, 0x87,
    0x31, 0xFC, 0x7E, 0x64, 0x1B, 0x60, 0x0C, 0x21, 0xC6, 0x38, 0x67, 0x06, 0x60, 0x7C, 0x0F, 0x81,
    0xF1, 0xF7, 0xBC, 0xF0, 0xE0, 0x60, 0x38, 0xC0, 0x66, 0x33, 0x98, 0xFC, 0x1C, 0x07, 0x07, 0x8E,
    0x67, 0xF3, 0xF0, 0x60, 0x30, 0x0F, 0x60, 0x18, 0x87, 0x31, 0xC6, 0x70, 0xCC, 0x1F, 0x07, 0xC1,
    0xF3, 0xEF, 0xF3, 0xC0, 0x06, 0x06, 0xC6, 0xE6, 0x7E, 0x1C, 0x0E, 0x1E, 0x73, 0x7F, 0x7E, 0x00,
    0x60, 0x40, 0x70, 0x06, 0x01, 0x88, 0x73, 0x1C, 0x67, 0x0C, 0xC1, 0xF0, 0x7C, 0x1F, 0x3E, 0xFF,
    0x3C, 0x00, 0x60, 0x10, 0x07, 0x00, 0x06, 0x06, 0xC6, 0xE6, 0x7E, 0x1C, 0x0E, 0x1E, 0x73, 0x7F,
    0x7E, 0x06, 0x01, 0x88, 0x73, 0x1C, 0x67, 0x0C, 0xC1, 0xF0, 0x7C, 0x1F, 0x3E, 0xFF, 0x3C,
};

static const EpdGlyph ubuntu_c15_boldGlyphs[] = {
    { 1, 1, 0, 0, 1, 1, 0 }, // U+0000
    { 1, 1, 0, 0, 1, 1, 1 }, // U+0008
    { 1, 1, 64, 0, 1, 1, 2 }, // U+0009
    { 1, 1, 64, 0, 1, 1, 3 }, // U+000D
    { 1, 1, 0, 0, 1, 1, 4 }, // U+001D
    { 1, 1, 64, 0, 1, 1, 5 }, // U+0020
    { 2, 10, 64, 1, 10, 3, 6 }, // !
    { 5, 4, 112, 1, 11, 3, 9 }, // "
    { 9, 10, 176, 1, 10, 12, 12 }, // #
    { 7, 14, 144, 1, 12, 13, 24 }, // $
    { 13, 10, 240, 1, 10, 17, 37 }, // %
    { 10, 10, 176, 1, 10, 13, 54 }, // &
    { 2, 4, 64, 1, 11, 1, 67 }, // '
    { 4, 15, 80, 1, 12, 8, 68 }, // (
    { 4, 15, 80, 0, 12, 8, 76 }, // )
    { 7, 6, 128, 1, 10, 6, 84 }, // *
    { 8, 8, 160, 1, 9, 8, 90 }, // +
    { 3, 4, 64, 0, 2, 2, 98 }, // ,
    { 4, 2, 96, 1, 5, 1, 100 }, // -
    { 3, 3, 80, 1, 3, 2, 101 }, // .
    { 7, 15, 112, 0, 12, 14, 103 }, // /
    { 7, 10, 144, 1, 10, 9, 117 }, // 0
    { 5, 10, 144, 1, 10, 7, 126 }, // 1
    { 7, 10, 144, 1, 10, 9, 133 }, // 2
    { 7, 10, 144, 1, 10, 9, 142 }, // 3
    { 8, 10, 144, 1, 10, 10, 151 }, // 4
    { 7, 10, 144, 1, 10, 9, 161 }, // 5
    { 7, 10, 144, 1, 10, 9, 170 }, // 6
    { 7, 10, 144, 1, 10, 9, 179 }, // 7
    { 7, 10, 144, 1, 10, 9, 188 }, // 8
    { 7, 10, 144, 1, 10, 9, 197 }, // 9
    { 3, 8, 80, 1, 8, 3, 206 }, // :
    { 4, 10, 80, 0, 8, 5, 209 }, // ;
    { 7, 7, 144, 1, 8, 7, 214 }, // <
    { 7, 5, 144, 1, 7, 5, 221 }, // =
    { 7, 7, 144, 0, 8, 7, 226 }, // >
    { 7, 12, 112, 0, 12, 11, 233 }, // ?
    { 13, 13, 240, 1, 11, 22, 244 }, // @
    { 11, 10, 176, 0, 10, 14, 266 }, // A
    { 8, 10, 160, 1, 10, 10, 280 }, // B
    { 8, 10, 160, 1, 10, 10, 290 }, // C
    { 9, 10, 176, 1, 10, 12, 300 }, // D
    { 7, 10, 144, 1, 10, 9, 312 }, // E
    { 8, 10, 144, 1, 10, 10, 321 }, // F
    { 9, 10, 176, 1, 10, 12, 331 }, // G
    { 9, 10, 176, 1, 10, 12, 343 }, // H
    { 2, 10, 64, 1, 10, 3, 355 }, // I
    { 7, 10, 128, 0, 10, 9, 358 }, // J
    { 9, 10, 160, 1, 10, 12, 367 }, // K
    { 7, 10, 128, 1, 10, 9, 379 }, // L
    { 11, 10, 208, 1, 10, 14, 388 }, // M
    { 9, 10, 176, 1, 10, 12, 402 }, // N
    { 10, 10, 192, 1, 10, 13, 414 }, // O
    { 8, 10, 160, 1, 10, 10, 427 }, // P
    { 10, 13, 192, 1, 10, 17, 437 }, // Q
    { 9, 10, 160, 1, 10, 12, 454 }, // R
    { 7, 10, 144, 1, 10, 9, 466 }, // S
    { 8, 10, 128, 0, 10, 10, 475 }, // T
    { 9, 10, 176, 1, 10, 12, 485 }, // U
    { 11, 10, 176, 0, 10, 14, 497 }, // V
    { 15, 10, 240, 0, 10, 19, 511 }, // W
    { 10, 10, 160, 0, 10, 13, 530 }, // X
    { 10, 10, 160, 0, 10, 13, 543 }, // Y
    { 7, 10, 144, 1, 10, 9, 556 }, // Z
    { 5, 15, 96, 1, 12, 10, 565 }, // [
    { 7, 15, 112, 0, 12, 14, 575 }, // <backslash>
    { 5, 15, 96, 0, 12, 10, 589 }, // ]
    { 7, 6, 112, 0, 10, 6, 599 }, // ^
    { 8, 2, 128, 0, -1, 2, 605 }, // _
    { 4, 3, 64, 1, 12, 2, 607 }, // `
    { 6, 8, 128, 1, 8, 6, 609 }, // a
    { 7, 12, 144, 1, 12, 11, 615 }, // b
    { 6, 8, 128, 1, 8, 6, 626 }, // c
    { 7, 12, 144, 1, 12, 11, 632 }, // d
    { 7, 8, 144, 1, 8, 7, 643 }, // e
    { 5, 12, 96, 1, 12, 8, 650 }, // f
    { 7, 11, 144, 1, 8, 10, 658 }, // g
    { 7, 12, 144, 1, 12, 11, 668 }, // h
    { 2, 12, 64, 1, 12, 3, 679 }, // i
    { 4, 15, 64, -1, 12, 8, 682 }, // j
    { 8, 12, 144, 1, 12, 12, 690 }, // k
    { 3, 12, 64, 1, 12, 5, 702 }, // l
    { 10, 8, 192, 1, 8, 10, 707 }, // m
    { 7, 8, 144, 1, 8, 7, 717 }, // n
    { 7, 8, 144, 1, 8, 7, 724 }, // o
    { 7, 11, 144, 1, 8, 10, 731 }, // p
    { 7, 11, 144, 1, 8, 10, 741 }, // q
    { 5, 8, 96, 1, 8, 5, 751 }, // r
    { 5, 8, 112, 1, 8, 5, 756 }, // s
    { 5, 10, 112, 1, 10, 7, 761 }, // t
    { 7, 8, 144, 1, 8, 7, 768 }, // u
    { 9, 8, 144, 0, 8, 9, 775 }, // v
    { 11, 8, 176, 0, 8, 11, 784 }, // w
    { 8, 8, 128, 0, 8, 8, 795 }, // x
    { 7, 11, 112, 0, 8, 10, 803 }, // y
    { 6, 8, 128, 1, 8, 6, 813 }, // z
    { 5, 14, 80, 0, 11, 9, 819 }, // {
    { 2, 15, 64, 1, 12, 4, 828 }, // |
    { 5, 14, 80, 0, 11, 9, 832 }, // }
    { 8, 3, 144, 1, 6, 3, 841 }, // ~
    { 1, 1, 64, 0, 1, 1, 844 }, // U+00A0
    { 2, 11, 64, 1, 8, 3, 845 }, // U+00A1
    { 7, 12, 144, 1, 10, 11, 848 }, // U+00A2
    { 8, 10, 144, 0, 10, 10, 859 }, // U+00A3
    { 8, 8, 144, 0, 9, 8, 869 }, // U+00A4
    { 8, 10, 128, 0, 10, 10, 877 }, // U+00A5
    { 2, 15, 80, 1, 12, 4, 887 }, // U+00A6
    { 6, 13, 128, 1, 10, 10, 891 }, // U+00A7
    { 5, 2, 128, 2, 11, 2, 901 }, // U+00A8
    { 10, 10, 192, 1, 10, 13, 903 }, // U+00A9
    { 5, 6, 96, 0, 11, 4, 916 }, // U+00AA
    { 8, 7, 144, 0, 8, 7, 920 }, // U+00AB
    { 7, 6, 144, 1, 6, 6, 927 }, // U+00AC
    { 4, 2, 96, 1, 5, 1, 933 }, // U+00AD
    { 10, 10, 192, 1, 10, 13, 934 }, // U+00AE
    { 5, 2, 96, 0, 11, 2, 947 }, // U+00AF
    { 6, 4, 96, 0, 11, 3, 949 }, // U+00B0
    { 8, 11, 160, 1, 11, 11, 952 }, // U+00B1
    { 5, 6, 96, 0, 11, 4, 963 }, // U+00B2
    { 5, 6, 96, 0, 11, 4, 967 }, // U+00B3
    { 4, 3, 64, -1, 12, 2, 971 }, // U+00B4
    { 7, 11, 144, 1, 8, 10, 973 }, // U+00B5
    { 8, 14, 176, 1, 11, 14, 983 }, // U+00B6
    { 3, 3, 80, 1, 6, 2, 997 }, // U+00B7
    { 3, 3, 80, 1, 0, 2, 999 }, // U+00B8
    { 4, 6, 80, 1, 11, 3, 1001 }, // U+00B9
    { 6, 6, 128, 1, 11, 5, 1004 }, // U+00BA
    { 8, 7, 144, 1, 8, 7, 1009 }, // U+00BB
    { 13, 11, 208, 1, 11, 18, 1016 }, // U+00BC
    { 12, 11, 208, 1, 11, 17, 1034 }, // U+00BD
    { 14, 11, 208, 0, 11, 20, 1051 }, // U+00BE
    { 7, 11, 112, 0, 8, 10, 1071 }, // U+00BF
    { 11, 14, 176, 0, 14, 20, 1081 }, // U+00C0
    { 11, 14, 176, 0, 14, 20, 1101 }, // U+00C1
    { 11, 14, 176, 0, 14, 20, 1121 }, // U+00C2
    { 11, 14, 176, 0, 14, 20, 1141 }, // U+00C3
    { 11, 13, 176, 0, 13, 18, 1161 }, // U+00C4
    { 11, 13, 176, 0, 13, 18, 1179 }, // U+00C5
    { 14, 10, 240, 0, 10, 18, 1197 }, // U+00C6
    { 8, 13, 160, 1, 10, 13, 1215 }, // U+00C7
    { 7, 14, 144, 1, 14, 13, 1228 }, // U+00C8
    { 7, 14, 144, 1, 14, 13, 1241 }, // U+00C9
    { 7, 14, 144, 1, 14, 13, 1254 }, // U+00CA
    { 7, 13, 144, 1, 13, 12, 1267 }, // U+00CB
    { 4, 14, 64, 0, 14, 7, 1279 }, // U+00CC
    { 4, 14, 64, 0, 14, 7, 1286 }, // U+00CD
    { 5, 14, 64, -1, 14, 9, 1293 }, // U+00CE
    { 5, 13, 64, -1, 13, 9, 1302 }, // U+00CF
    { 10, 10, 176, 0, 10, 13, 1311 }, // U+00D0
    { 9, 14, 176, 1, 14, 16, 1324 }, // U+00D1
    { 10, 14, 192, 1, 14, 18, 1340 }, // U+00D2
    { 10, 14, 192, 1, 14, 18, 1358 }, // U+00D3
    { 10, 14, 192, 1, 14, 18, 1376 }, // U+00D4
    { 10, 14, 192, 1, 14, 18, 1394 }, // U+00D5
    { 10, 13, 192, 1, 13, 17, 1412 }, // U+00D6
    { 7, 7, 144, 1, 8, 7, 1429 }, // U+00D7
    { 10, 10, 192, 1, 10, 13, 1436 }, // U+00D8
    { 9, 14, 176, 1, 14, 16, 1449 }, // U+00D9
    { 9, 14, 176, 1, 14, 16, 1465 }, // U+00DA
    { 9, 14, 176, 1, 14, 16, 1481 }, // U+00DB
    { 9, 13, 176, 1, 13, 15, 1497 }, // U+00DC
    { 10, 14, 160, 0, 14, 18, 1512 }, // U+00DD
    { 8, 10, 160, 1, 10, 10, 1530 }, // U+00DE
    { 8, 12, 160, 1, 12, 12, 1540 }, // U+00DF
    { 6, 12, 128, 1, 12, 9, 1552 }, // U+00E0
    { 6, 12, 128, 1, 12, 9, 1561 }, // U+00E1
    { 6, 12, 128, 1, 12, 9, 1570 }, // U+00E2
    { 6, 12, 128, 1, 12, 9, 1579 }, // U+00E3
    { 6, 11, 128, 1, 11, 9, 1588 }, // U+00E4
    { 6, 12, 128, 1, 12, 9, 1597 }, // U+00E5
    { 11, 8, 208, 1, 8, 11, 1606 }, // U+00E6
    { 7, 11, 128, 1, 8, 10, 1617 }, // U+00E7
    { 7, 12, 144, 1, 12, 11, 1627 }, // U+00E8
    { 7, 12, 144, 1, 12, 11, 1638 }, // U+00E9
    { 7, 12, 144, 1, 12, 11, 1649 }, // U+00EA
    { 7, 11, 144, 1, 11, 10, 1660 }, // U+00EB
    { 4, 12, 64, 0, 12, 6, 1670 }, // U+00EC
    { 4, 12, 64, 0, 12, 6, 1676 }, // U+00ED
    { 5, 12, 64, -1, 12, 8, 1682 }, // U+00EE
    { 5, 11, 64, -1, 11, 7, 1690 }, // U+00EF
    { 7, 12, 144, 1, 12, 11, 1697 }, // U+00F0
    { 7, 12, 144, 1, 12, 11, 1708 }, // U+00F1
    { 7, 12, 144, 1, 12, 11, 1719 }, // U+00F2
    { 7, 12, 144, 1, 12, 11, 1730 }, // U+00F3
    { 7, 12, 144, 1, 12, 11, 1741 }, // U+00F4
    { 7, 12, 144, 1, 12, 11, 1752 }, // U+00F5
    { 7, 11, 144, 1, 11, 10, 1763 }, // U+00F6
    { 7, 10, 144, 1, 10, 9, 1773 }, // U+00F7
    { 7, 8, 144, 1, 8, 7, 1782 }, // U+00F8
    { 7, 12, 144, 1, 12, 11, 1789 }, // U+00F9
    { 7, 12, 144, 1, 12, 11, 1800 }, // U+00FA
    { 7, 12, 144, 1, 12, 11, 1811 }, // U+00FB
    { 7, 11, 144, 1, 11, 10, 1822 }, // U+00FC
    { 7, 15, 112, 0, 12, 14, 1832 }, // U+00FD
    { 7, 15, 144, 1, 12, 14, 1846 }, // U+00FE
    { 7, 14, 112, 0, 11, 13, 1860 }, // U+00FF
    { 11, 13, 176, 0, 13, 18, 1873 }, // U+0100
    { 6, 11, 128, 1, 11, 9, 1891 }, // U+0101
    { 11, 14, 176, 0, 14, 20, 1900 }, // U+0102
    { 6, 12, 128, 1, 12, 9, 1920 }, // U+0103
    { 11, 13, 176, 0, 10, 18, 1929 }, // U+0104
    { 6, 12, 128, 1, 8, 9, 1947 }, // U+0105
    { 8, 14, 160, 1, 14, 14, 1956 }, // U+0106
    { 6, 12, 128, 1, 12, 9, 1970 }, // U+0107
    { 8, 14, 160, 1, 14, 14, 1979 }, // U+0108
    { 7, 12, 128, 1, 12, 11, 1993 }, // U+0109
    { 8, 13, 160, 1, 13, 13, 2004 }, // U+010A
    { 6, 11, 128, 1, 11, 9, 2017 }, // U+010B
    { 8, 14, 160, 1, 14, 14, 2026 }, // U+010C
    { 7, 12, 128, 1, 12, 11, 2040 }, // U+010D
    { 9, 14, 176, 1, 14, 16, 2051 }, // U+010E
    { 10, 12, 160, 1, 12, 15, 2067 }, // U+010F
    { 10, 10, 176, 0, 10, 13, 2082 }, // U+0110
    { 8, 12, 144, 1, 12, 12, 2095 }, // U+0111
    { 7, 13, 144, 1, 13, 12, 2107 }, // U+0112
    { 7, 11, 144, 1, 11, 10, 2119 }, // U+0113
    { 7, 14, 144, 1, 14, 13, 2129 }, // U+0114
    { 7, 12, 144, 1, 12, 11, 2142 }, // U+0115
    { 7, 13, 144, 1, 13, 12, 2153 }, // U+0116
    { 7, 11, 144, 1, 11, 10, 2165 }, // U+0117
    { 7, 13, 144, 1, 10, 12, 2175 }, // U+0118
    { 7, 11, 144, 1, 8, 10, 2187 }, // U+0119
    { 7, 14, 144, 1, 14, 13, 2197 }, // U+011A
    { 7, 12, 144, 1, 12, 11, 2210 }, // U+011B
    { 9, 14, 176, 1, 14, 16, 2221 }, // U+011C
    { 7, 15, 144, 1, 12, 14, 2237 }, // U+011D
    { 9, 14, 176, 1, 14, 16, 2251 }, // U+011E
    { 8, 15, 144, 1, 12, 15, 2267 }, // U+011F
    { 9, 13, 176, 1, 13, 15, 2282 }, // U+0120
    { 7, 14, 144, 1, 11, 13, 2297 }, // U+0121
    { 9, 14, 176, 1, 10, 16, 2310 }, // U+0122
    { 7, 15, 144, 1, 12, 14, 2326 }, // U+0123
    { 9, 14, 176, 1, 14, 16, 2340 }, // U+0124
    { 8, 16, 144, 0, 16, 16, 2356 }, // U+0125
    { 11, 10, 176, 0, 10, 14, 2372 }, // U+0126
    { 8, 12, 144, 0, 12, 12, 2386 }, // U+0127
    { 6, 14, 64, -1, 14, 11, 2398 }, // U+0128
    { 6, 12, 64, -1, 12, 9, 2409 }, // U+0129
    { 5, 13, 64, 0, 13, 9, 2418 }, // U+012A
    { 5, 11, 64, -1, 11, 7, 2427 }, // U+012B
    { 6, 14, 64, -1, 14, 11, 2434 }, // U+012C
    { 6, 12, 64, -1, 12, 9, 2445 }, // U+012D
    { 3, 13, 64, 0, 10, 5, 2454 }, // U+012E
    { 3, 15, 64, 0, 12, 6, 2459 }, // U+012F
    { 2, 13, 64, 1, 13, 4, 2465 }, // U+0130
    { 2, 8, 64, 1, 8, 2, 2469 }, // U+0131
    { 11, 10, 208, 1, 10, 14, 2471 }, // U+0132
    { 7, 15, 144, 1, 12, 14, 2485 }, // U+0133
    { 8, 14, 128, 0, 14, 14, 2499 }, // U+0134
    { 5, 15, 64, -1, 12, 10, 2513 }, // U+0135
    { 9, 14, 160, 1, 10, 16, 2523 }, // U+0136
    { 8, 16, 144, 1, 12, 16, 2539 }, // U+0137
    { 8, 8, 144, 1, 8, 8, 2555 }, // U+0138
    { 7, 14, 128, 1, 14, 13, 2563 }, // U+0139
    { 4, 16, 64, 0, 16, 8, 2576 }, // U+013A
    { 7, 14, 128, 1, 10, 13, 2584 }, // U+013B
    { 4, 16, 64, 0, 12, 8, 2597 }, // U+013C
    { 7, 11, 128, 1, 11, 10, 2605 }, // U+013D
    { 6, 12, 96, 1, 12, 9, 2615 }, // U+013E
    { 7, 10, 128, 1, 10, 9, 2624 }, // U+013F
    { 7, 12, 128, 1, 12, 11, 2633 }, // U+0140
    { 9, 10, 144, 0, 10, 12, 2644 }, // U+0141
    { 6, 12, 80, -1, 12, 9, 2656 }, // U+0142
    { 9, 14, 176, 1, 14, 16, 2665 }, // U+0143
    { 7, 12, 144, 1, 12, 11, 2681 }, // U+0144
    { 9, 14, 176, 1, 10, 16, 2692 }, // U+0145
    { 7, 12, 144, 1, 8, 11, 2708 }, // U+0146
    { 9, 14, 176, 1, 14, 16, 2719 }, // U+0147
    { 7, 12, 144, 1, 12, 11, 2735 }, // U+0148
    { 8, 12, 144, 0, 12, 12, 2746 }, // U+0149
    { 9, 13, 176, 1, 10, 15, 2758 }, // U+014A
    { 7, 11, 144, 1, 8, 10, 2773 }, // U+014B
    { 10, 13, 192, 1, 13, 17, 2783 }, // U+014C
    { 7, 11, 144, 1, 11, 10, 2800 }, // U+014D
    { 10, 14, 192, 1, 14, 18, 2810 }, // U+014E
    { 7, 12, 144, 1, 12, 11, 2828 }, // U+014F
    { 10, 14, 192, 1, 14, 18, 2839 }, // U+0150
    { 7, 12, 144, 1, 12, 11, 2857 }, // U+0151
    { 13, 10, 240, 1, 10, 17, 2868 }, // U+0152
    { 12, 8, 224, 1, 8, 12, 2885 }, // U+0153
    { 9, 14, 160, 1, 14, 16, 2897 }, // U+0154
    { 5, 12, 96, 1, 12, 8, 2913 }, // U+0155
    { 9, 14, 160, 1, 10, 16, 2921 }, // U+0156
    { 6, 12, 96, 0, 8, 9, 2937 }, // U+0157
    { 9, 14, 160, 1, 14, 16, 2946 }, // U+0158
    { 5, 12, 96, 1, 12, 8, 2962 }, // U+0159
    { 7, 14, 144, 1, 14, 13, 2970 }, // U+015A
    { 5, 12, 112, 1, 12, 8, 2983 }, // U+015B
    { 7, 14, 144, 1, 14, 13, 2991 }, // U+015C
    { 5, 12, 112, 1, 12, 8, 3004 }, // U+015D
    { 7, 13, 144, 1, 10, 12, 3012 }, // U+015E
    { 5, 11, 112, 1, 8, 7, 3024 }, // U+015F
    { 7, 14, 144, 1, 14, 13, 3031 }, // U+0160
    { 5, 12, 112, 1, 12, 8, 3044 }, // U+0161
    { 8, 13, 128, 0, 10, 13, 3052 }, // U+0162
    { 5, 13, 112, 1, 10, 9, 3065 }, // U+0163
    { 8, 14, 128, 0, 14, 14, 3074 }, // U+0164
    { 5, 12, 112, 1, 12, 8, 3088 }, // U+0165
    { 8, 10, 128, 0, 10, 10, 3096 }, // U+0166
    { 5, 10, 112, 1, 10, 7, 3106 }, // U+0167
    { 9, 14, 176, 1, 14, 16, 3113 }, // U+0168
    { 7, 12, 144, 1, 12, 11, 3129 }, // U+0169
    { 9, 13, 176, 1, 13, 15, 3140 }, // U+016A
    { 7, 11, 144, 1, 11, 10, 3155 }, // U+016B
    { 9, 14, 176, 1, 14, 16, 3165 }, // U+016C
    { 7, 12, 144, 1, 12, 11, 3181 }, // U+016D
    { 9, 14, 176, 1, 14, 16, 3192 }, // U+016E
    { 7, 12, 144, 1, 12, 11, 3208 }, // U+016F
    { 9, 14, 176, 1, 14, 16, 3219 }, // U+0170
    { 7, 12, 144, 1, 12, 11, 3235 }, // U+0171
    { 9, 13, 176, 1, 10, 15, 3246 }, // U+0172
    { 7, 11, 144, 1, 8, 10, 3261 }, // U+0173
    { 15, 14, 240, 0, 14, 27, 3271 }, // U+0174
    { 11, 12, 176, 0, 12, 17, 3298 }, // U+0175
    { 10, 14, 160, 0, 14, 18, 3315 }, // U+0176
    { 7, 15, 112, 0, 12, 14, 3333 }, // U+0177
    { 10, 13, 160, 0, 13, 17, 3347 }, // U+0178
    { 7, 14, 144, 1, 14, 13, 3364 }, // U+0179
    { 6, 12, 128, 1, 12, 9, 3377 }, // U+017A
    { 7, 13, 144, 1, 13, 12, 3386 }, // U+017B
    { 6, 11, 128, 1, 11, 9, 3398 }, // U+017C
    { 7, 14, 144, 1, 14, 13, 3407 }, // U+017D
    { 6, 12, 128, 1, 12, 9, 3420 }, // U+017E
    { 5, 12, 80, 1, 12, 8, 3429 }, // U+017F
    { 10, 12, 192, 1, 12, 15, 3437 }, // U+01A0
    { 8, 9, 144, 1, 9, 9, 3452 }, // U+01A1
    { 11, 12, 176, 1, 12, 17, 3461 }, // U+01AF
    { 9, 10, 144, 1, 10, 12, 3478 }, // U+01B0
    { 17, 14, 320, 1, 14, 30, 3490 }, // U+01C4
    { 17, 12, 288, 1, 12, 26, 3520 }, // U+01C5
    { 15, 12, 256, 1, 12, 23, 3546 }, // U+01C6
    { 14, 10, 256, 1, 10, 18, 3569 }, // U+01C7
    { 11, 15, 208, 1, 12, 21, 3587 }, // U+01C8
    { 7, 15, 144, 1, 12, 14, 3608 }, // U+01C9
    { 17, 10, 304, 1, 10, 22, 3622 }, // U+01CA
    { 14, 15, 256, 1, 12, 27, 3644 }, // U+01CB
    { 11, 15, 208, 1, 12, 21, 3671 }, // U+01CC
    { 11, 14, 176, 0, 14, 20, 3692 }, // U+01CD
    { 6, 12, 128, 1, 12, 9, 3712 }, // U+01CE
    { 5, 14, 64, -1, 14, 9, 3721 }, // U+01CF
    { 5, 12, 64, -1, 12, 8, 3730 }, // U+01D0
    { 10, 14, 192, 1, 14, 18, 3738 }, // U+01D1
    { 7, 12, 144, 1, 12, 11, 3756 }, // U+01D2
    { 9, 14, 176, 1, 14, 16, 3767 }, // U+01D3
    { 7, 12, 144, 1, 12, 11, 3783 }, // U+01D4
    { 9, 15, 176, 1, 15, 17, 3794 }, // U+01D5
    { 7, 13, 144, 1, 13, 12, 3811 }, // U+01D6
    { 9, 16, 176, 1, 16, 18, 3823 }, // U+01D7
    { 7, 14, 144, 1, 14, 13, 3841 }, // U+01D8
    { 9, 15, 176, 1, 15, 17, 3854 }, // U+01D9
    { 7, 14, 144, 1, 14, 13, 3871 }, // U+01DA
    { 9, 16, 176, 1, 16, 18, 3884 }, // U+01DB
    { 7, 14, 144, 1, 14, 13, 3902 }, // U+01DC
    { 7, 8, 144, 1, 8, 7, 3915 }, // U+01DD
    { 11, 15, 176, 0, 15, 21, 3922 }, // U+01DE
    { 6, 13, 128, 1, 13, 10, 3943 }, // U+01DF
    { 11, 15, 176, 0, 15, 21, 3953 }, // U+01E0
    { 6, 13, 128, 1, 13, 10, 3974 }, // U+01E1
    { 14, 13, 240, 0, 13, 23, 3984 }, // U+01E2
    { 11, 11, 208, 1, 11, 16, 4007 }, // U+01E3
    { 10, 10, 176, 1, 10, 13, 4023 }, // U+01E4
    { 8, 11, 144, 1, 8, 11, 4036 }, // U+01E5
    { 9, 14, 176, 1, 14, 16, 4047 }, // U+01E6
    { 7, 15, 144, 1, 12, 14, 4063 }, // U+01E7
    { 9, 14, 160, 1, 14, 16, 4077 }, // U+01E8
    { 8, 16, 144, 1, 16, 16, 4093 }, // U+01E9
    { 10, 13, 192, 1, 10, 17, 4109 }, // U+01EA
    { 7, 11, 144, 1, 8, 10, 4126 }, // U+01EB
    { 10, 16, 192, 1, 13, 20, 4136 }, // U+01EC
    { 7, 14, 144, 1, 11, 13, 4156 }, // U+01ED
    { 8, 14, 144, 0, 14, 14, 4169 }, // U+01EE
    { 7, 16, 128, 0, 13, 14, 4183 }, // U+01EF
    { 5, 15, 64, -1, 12, 10, 4197 }, // U+01F0
    { 17, 10, 320, 1, 10, 22, 4207 }, // U+01F1
    { 17, 10, 288, 1, 10, 22, 4229 }, // U+01F2
    { 15, 12, 256, 1, 12, 23, 4251 }, // U+01F3
    { 9, 14, 176, 1, 14, 16, 4274 }, // U+01F4
    { 7, 15, 144, 1, 12, 14, 4290 }, // U+01F5
    { 13, 10, 240, 1, 10, 17, 4304 }, // U+01F6
    { 8, 13, 160, 1, 10, 13, 4321 }, // U+01F7
    { 9, 14, 176, 1, 14, 16, 4334 }, // U+01F8
    { 7, 12, 144, 1, 12, 11, 4350 }, // U+01F9
    { 11, 15, 176, 0, 15, 21, 4361 }, // U+01FA
    { 6, 15, 128, 1, 15, 12, 4382 }, // U+01FB
    { 14, 14, 240, 0, 14, 25, 4394 }, // U+01FC
    { 11, 12, 208, 1, 12, 17, 4419 }, // U+01FD
    { 10, 14, 192, 1, 14, 18, 4436 }, // U+01FE
    { 7, 12, 144, 1, 12, 11, 4454 }, // U+01FF
    { 11, 14, 176, 0, 14, 20, 4465 }, // U+0200
    { 7, 12, 128, 0, 12, 11, 4485 }, // U+0201
    { 11, 13, 176, 0, 13, 18, 4496 }, // U+0202
    { 6, 11, 128, 1, 11, 9, 4514 }, // U+0203
    { 7, 14, 144, 1, 14, 13, 4523 }, // U+0204
    { 7, 12, 144, 1, 12, 11, 4536 }, // U+0205
    { 7, 13, 144, 1, 13, 12, 4547 }, // U+0206
    { 7, 11, 144, 1, 11, 10, 4559 }, // U+0207
    { 6, 14, 64, -1, 14, 11, 4569 }, // U+0208
    { 6, 12, 64, -2, 12, 9, 4580 }, // U+0209
    { 6, 13, 64, -1, 13, 10, 4589 }, // U+020A
    { 6, 11, 64, -1, 11, 9, 4599 }, // U+020B
    { 10, 14, 192, 1, 14, 18, 4608 }, // U+020C
    { 7, 12, 144, 1, 12, 11, 4626 }, // U+020D
    { 10, 13, 192, 1, 13, 17, 4637 }, // U+020E
    { 7, 11, 144, 1, 11, 10, 4654 }, // U+020F
    { 9, 14, 160, 1, 14, 16, 4664 }, // U+0210
    { 6, 12, 96, 0, 12, 9, 4680 }, // U+0211
    { 9, 13, 160, 1, 13, 15, 4689 }, // U+0212
    { 6, 11, 96, 1, 11, 9, 4704 }, // U+0213
    { 9, 14, 176, 1, 14, 16, 4713 }, // U+0214
    { 8, 12, 144, 0, 12, 12, 4729 }, // U+0215
    { 9, 13, 176, 1, 13, 15, 4741 }, // U+0216
    { 7, 11, 144, 1, 11, 10, 4756 }, // U+0217
    { 7, 14, 144, 1, 10, 13, 4766 }, // U+0218
    { 5, 12, 112, 1, 8, 8, 4779 }, // U+0219
    { 8, 14, 128, 0, 10, 14, 4787 }, // U+021A
    { 5, 14, 112, 1, 10, 9, 4801 }, // U+021B
    { 8, 13, 144, 0, 10, 13, 4810 }, // U+021C
    { 6, 11, 112, 0, 8, 9, 4823 }, // U+021D
    { 9, 14, 176, 1, 14, 16, 4832 }, // U+021E
    { 8, 16, 144, 0, 16, 16, 4848 }, // U+021F
    { 4, 3, 0, -8, 12, 2, 4864 }, // U+0300
    { 4, 3, 0, -5, 12, 2, 4866 }, // U+0301
    { 6, 3, 0, -3, 12, 3, 4868 }, // U+0302
    { 6, 2, 0, -8, 11, 2, 4871 }, // U+0303
    { 5, 2, 0, -3, 11, 2, 4873 }, // U+0304
    { 6, 3, 0, -3, 12, 3, 4875 }, // U+0306
    { 2, 2, 0, -1, 11, 1, 4878 }, // U+0307
    { 6, 2, 0, -3, 11, 2, 4879 }, // U+0308
    { 4, 3, 0, -2, 12, 2, 4881 }, // U+030A
    { 6, 2, 0, -2, 11, 2, 4883 }, // U+030B
    { 6, 3, 0, -3, 12, 3, 4885 }, // U+030C
    { 6, 2, 96, 0, 11, 2, 4888 }, // U+0311
    { 2, 4, 0, -1, 11, 1, 4890 }, // U+0312
    { 2, 2, 0, -1, -1, 1, 4891 }, // U+0326
    { 4, 3, 0, -2, 0, 2, 4892 }, // U+0327
    { 2, 4, 0, -1, 1, 1, 4894 }, // U+0328
    { 1, 1, 0, 0, 1, 1, 4895 }, // U+034F
    { 7, 14, 144, 1, 14, 13, 4896 }, // U+0400
    { 7, 14, 144, 1, 14, 13, 4909 }, // U+0401
    { 11, 10, 192, 0, 10, 14, 4922 }, // U+0402
    { 7, 14, 144, 1, 14, 13, 4936 }, // U+0403
    { 8, 10, 160, 1, 10, 10, 4949 }, // U+0404
    { 7, 10, 144, 1, 10, 9, 4959 }, // U+0405
    { 2, 10, 64, 1, 10, 3, 4968 }, // U+0406
    { 5, 13, 64, -1, 13, 9, 4971 }, // U+0407
    { 7, 10, 128, 0, 10, 9, 4980 }, // U+0408
    { 16, 10, 272, 0, 10, 20, 4989 }, // U+0409
    { 14, 10, 256, 1, 10, 18, 5009 }, // U+040A
    { 11, 10, 192, 0, 10, 14, 5027 }, // U+040B
    { 9, 14, 160, 1, 14, 16, 5041 }, // U+040C
    { 9, 14, 176, 1, 14, 16, 5057 }, // U+040D
    { 9, 14, 144, 0, 14, 16, 5073 }, // U+040E
    { 8, 13, 160, 1, 10, 13, 5089 }, // U+040F
    { 11, 10, 176, 0, 10, 14, 5102 }, // U+0410
    { 8, 10, 160, 1, 10, 10, 5116 }, // U+0411
    { 8, 10, 160, 1, 10, 10, 5126 }, // U+0412
    { 7, 10, 144, 1, 10, 9, 5136 }, // U+0413
    { 12, 13, 192, 0, 10, 20, 5145 }, // U+0414
    { 7, 10, 144, 1, 10, 9, 5165 }, // U+0415
    { 14, 10, 224, 0, 10, 18, 5174 }, // U+0416
    { 8, 10, 144, 0, 10, 10, 5192 }, // U+0417
    { 9, 10, 176, 1, 10, 12, 5202 }, // U+0418
    { 9, 14, 176, 1, 14, 16, 5214 }, // U+0419
    { 9, 10, 160, 1, 10, 12, 5230 }, // U+041A
    { 11, 10, 192, 0, 10, 14, 5242 }, // U+041B
    { 11, 10, 208, 1, 10, 14, 5256 }, // U+041C
    { 9, 10, 176, 1, 10, 12, 5270 }, // U+041D
    { 10, 10, 192, 1, 10, 13, 5282 }, // U+041E
    { 9, 10, 176, 1, 10, 12, 5295 }, // U+041F
    { 8, 10, 160, 1, 10, 10, 5307 }, // U+0420
    { 8, 10, 160, 1, 10, 10, 5317 }, // U+0421
    { 8, 10, 128, 0, 10, 10, 5327 }, // U+0422
    { 9, 10, 144, 0, 10, 12, 5337 }, // U+0423
    { 12, 10, 224, 1, 10, 15, 5349 }, // U+0424
    { 10, 10, 160, 0, 10, 13, 5364 }, // U+0425
    { 11, 13, 192, 1, 10, 18, 5377 }, // U+0426
    { 9, 10, 176, 1, 10, 12, 5395 }, // U+0427
    { 12, 10, 224, 1, 10, 15, 5407 }, // U+0428
    { 14, 13, 240, 1, 10, 23, 5422 }, // U+0429
    { 11, 10, 192, 0, 10, 14, 5445 }, // U+042A
    { 12, 10, 224, 1, 10, 15, 5459 }, // U+042B
    { 8, 10, 160, 1, 10, 10, 5474 }, // U+042C
    { 8, 10, 160, 1, 10, 10, 5484 }, // U+042D
    { 14, 10, 256, 1, 10, 18, 5494 }, // U+042E
    { 9, 10, 160, 0, 10, 12, 5512 }, // U+042F
    { 6, 8, 128, 1, 8, 6, 5524 }, // U+0430
    { 7, 12, 144, 1, 12, 11, 5530 }, // U+0431
    { 7, 8, 144, 1, 8, 7, 5541 }, // U+0432
    { 6, 8, 112, 1, 8, 6, 5548 }, // U+0433
    { 9, 10, 144, 0, 8, 12, 5554 }, // U+0434
    { 7, 8, 144, 1, 8, 7, 5566 }, // U+0435
    { 12, 8, 192, 0, 8, 12, 5573 }, // U+0436
    { 5, 8, 112, 1, 8, 5, 5585 }, // U+0437
    { 7, 8, 144, 1, 8, 7, 5590 }, // U+0438
    { 7, 12, 144, 1, 12, 11, 5597 }, // U+0439
    { 8, 8, 144, 1, 8, 8, 5608 }, // U+043A
    { 8, 8, 144, 0, 8, 8, 5616 }, // U+043B
    { 9, 8, 176, 1, 8, 9, 5624 }, // U+043C
    { 7, 8, 144, 1, 8, 7, 5633 }, // U+043D
    { 7, 8, 144, 1, 8, 7, 5640 }, // U+043E
    { 7, 8, 144, 1, 8, 7, 5647 }, // U+043F
    { 7, 11, 144, 1, 8, 10, 5654 }, // U+0440
    { 6, 8, 128, 1, 8, 6, 5664 }, // U+0441
    { 8, 8, 128, 0, 8, 8, 5670 }, // U+0442
    { 7, 11, 112, 0, 8, 10, 5678 }, // U+0443
    { 10, 15, 192, 1, 12, 19, 5688 }, // U+0444
    { 8, 8, 128, 0, 8, 8, 5707 }, // U+0445
    { 8, 10, 144, 1, 8, 10, 5715 }, // U+0446
    { 7, 8, 144, 1, 8, 7, 5725 }, // U+0447
    { 10, 8, 192, 1, 8, 10, 5732 }, // U+0448
    { 11, 10, 192, 1, 8, 14, 5742 }, // U+0449
    { 9, 8, 160, 0, 8, 9, 5756 }, // U+044A
    { 9, 8, 176, 1, 8, 9, 5765 }, // U+044B
    { 6, 8, 128, 1, 8, 6, 5774 }, // U+044C
    { 7, 8, 128, 0, 8, 7, 5780 }, // U+044D
    { 11, 8, 208, 1, 8, 11, 5787 }, // U+044E
    { 7, 8, 144, 1, 8, 7, 5798 }, // U+044F
    { 7, 12, 144, 1, 12, 11, 5805 }, // U+0450
    { 7, 11, 144, 1, 11, 10, 5816 }, // U+0451
    { 8, 15, 144, 0, 12, 15, 5826 }, // U+0452
    { 6, 12, 112, 1, 12, 9, 5841 }, // U+0453
    { 7, 8, 128, 1, 8, 7, 5850 }, // U+0454
    { 5, 8, 112, 1, 8, 5, 5857 }, // U+0455
    { 2, 12, 64, 1, 12, 3, 5862 }, // U+0456
    { 5, 11, 64, -1, 11, 7, 5865 }, // U+0457
    { 4, 15, 64, -1, 12, 8, 5872 }, // U+0458
    { 13, 8, 224, 0, 8, 13, 5880 }, // U+0459
    { 12, 8, 224, 1, 8, 12, 5893 }, // U+045A
    { 8, 12, 144, 0, 12, 12, 5905 }, // U+045B
    { 8, 12, 144, 1, 12, 12, 5917 }, // U+045C
    { 7, 12, 144, 1, 12, 11, 5929 }, // U+045D
    { 7, 15, 112, 0, 12, 14, 5940 }, // U+045E
    { 7, 10, 144, 1, 8, 9, 5954 }, // U+045F
    { 10, 12, 176, 0, 12, 15, 5963 }, // U+0462
    { 8, 12, 144, 0, 12, 12, 5978 }, // U+0463
    { 10, 10, 192, 1, 10, 13, 5990 }, // U+0472
    { 7, 8, 144, 1, 8, 7, 6003 }, // U+0473
    { 13, 10, 192, 0, 10, 17, 6010 }, // U+0474
    { 9, 8, 144, 0, 8, 9, 6027 }, // U+0475
    { 11, 17, 192, 1, 14, 24, 6036 }, // U+048A
    { 8, 14, 144, 1, 12, 14, 6060 }, // U+048B
    { 9, 10, 160, 0, 10, 12, 6074 }, // U+048C
    { 7, 8, 128, 0, 8, 7, 6086 }, // U+048D
    { 8, 10, 160, 1, 10, 10, 6093 }, // U+048E
    { 7, 11, 144, 1, 8, 10, 6103 }, // U+048F
    { 8, 12, 144, 1, 12, 12, 6113 }, // U+0490
    { 6, 10, 112, 1, 10, 8, 6125 }, // U+0491
    { 8, 10, 144, 0, 10, 10, 6133 }, // U+0492
    { 7, 8, 128, 0, 8, 7, 6143 }, // U+0493
    { 8, 13, 160, 1, 10, 13, 6150 }, // U+0494
    { 7, 11, 144, 1, 8, 10, 6163 }, // U+0495
    { 15, 13, 240, 0, 10, 25, 6173 }, // U+0496
    { 12, 10, 192, 0, 8, 15, 6198 }, // U+0497
    { 8, 13, 144, 0, 10, 13, 6213 }, // U+0498
    { 5, 11, 112, 1, 8, 7, 6226 }, // U+0499
    { 10, 13, 176, 1, 10, 17, 6233 }, // U+049A
    { 8, 10, 144, 1, 8, 10, 6250 }, // U+049B
    { 11, 10, 192, 1, 10, 14, 6260 }, // U+049C
    { 8, 8, 144, 1, 8, 8, 6274 }, // U+049D
    { 11, 11, 176, 0, 11, 16, 6282 }, // U+049E
    { 9, 9, 144, 0, 9, 11, 6298 }, // U+049F
    { 12, 10, 192, 0, 10, 15, 6309 }, // U+04A0
    { 10, 8, 160, 0, 8, 10, 6324 }, // U+04A1
    { 11, 13, 192, 1, 10, 18, 6334 }, // U+04A2
    { 8, 10, 160, 1, 8, 10, 6352 }, // U+04A3
    { 12, 10, 208, 1, 10, 15, 6362 }, // U+04A4
    { 9, 8, 160, 1, 8, 9, 6377 }, // U+04A5
    { 15, 13, 272, 1, 10, 25, 6386 }, // U+04A6
    { 11, 11, 208, 1, 8, 16, 6411 }, // U+04A7
    { 10, 13, 192, 1, 10, 17, 6427 }, // U+04A8
    { 8, 10, 160, 1, 8, 10, 6444 }, // U+04A9
    { 8, 13, 160, 1, 10, 13, 6454 }, // U+04AA
    { 7, 11, 128, 1, 8, 10, 6467 }, // U+04AB
    { 8, 13, 128, 0, 10, 13, 6477 }, // U+04AC
    { 8, 10, 128, 0, 8, 10, 6490 }, // U+04AD
    { 10, 10, 160, 0, 10, 13, 6500 }, // U+04AE
    { 8, 11, 128, 0, 8, 11, 6513 }, // U+04AF
    { 10, 10, 160, 0, 10, 13, 6524 }, // U+04B0
    { 8, 11, 128, 0, 8, 11, 6537 }, // U+04B1
    { 10, 13, 176, 0, 10, 17, 6548 }, // U+04B2
    { 8, 10, 128, 0, 8, 10, 6565 }, // U+04B3
    { 14, 13, 240, 0, 10, 23, 6575 }, // U+04B4
    { 10, 10, 160, 0, 8, 13, 6598 }, // U+04B5
    { 9, 13, 160, 1, 10, 15, 6611 }, // U+04B6
    { 8, 10, 144, 1, 8, 10, 6626 }, // U+04B7
    { 8, 10, 160, 1, 10, 10, 6636 }, // U+04B8
    { 7, 8, 144, 1, 8, 7, 6646 }, // U+04B9
    { 9, 10, 176, 1, 10, 12, 6653 }, // U+04BA
    { 7, 12, 144, 1, 12, 11, 6665 }, // U+04BB
    { 12, 10, 208, 0, 10, 15, 6676 }, // U+04BC
    { 10, 8, 176, 0, 8, 10, 6691 }, // U+04BD
    { 12, 13, 208, 0, 10, 20, 6701 }, // U+04BE
    { 10, 10, 176, 0, 8, 13, 6721 }, // U+04BF
    { 2, 10, 64, 1, 10, 3, 6734 }, // U+04C0
    { 14, 14, 224, 0, 14, 25, 6737 }, // U+04C1
    { 12, 12, 192, 0, 12, 18, 6762 }, // U+04C2
    { 9, 13, 176, 1, 10, 15, 6780 }, // U+04C3
    { 7, 11, 144, 1, 8, 10, 6795 }, // U+04C4
    { 12, 13, 192, 0, 10, 20, 6805 }, // U+04C5
    { 9, 10, 144, 0, 8, 12, 6825 }, // U+04C6
    { 9, 13, 176, 1, 10, 15, 6837 }, // U+04C7
    { 7, 11, 144, 1, 8, 10, 6852 }, // U+04C8
    { 11, 13, 192, 1, 10, 18, 6862 }, // U+04C9
    { 8, 10, 144, 1, 8, 10, 6880 }, // U+04CA
    { 9, 13, 176, 1, 10, 15, 6890 }, // U+04CB
    { 7, 10, 144, 1, 8, 9, 6905 }, // U+04CC
    { 13, 13, 224, 1, 10, 22, 6914 }, // U+04CD
    { 10, 10, 192, 1, 8, 13, 6936 }, // U+04CE
    { 2, 10, 64, 1, 10, 3, 6949 }, // U+04CF
    { 11, 14, 176, 0, 14, 20, 6952 }, // U+04D0
    { 6, 12, 128, 1, 12, 9, 6972 }, // U+04D1
    { 11, 13, 176, 0, 13, 18, 6981 }, // U+04D2
    { 6, 11, 128, 1, 11, 9, 6999 }, // U+04D3
    { 14, 10, 240, 0, 10, 18, 7008 }, // U+04D4
    { 11, 8, 208, 1, 8, 11, 7026 }, // U+04D5
    { 7, 14, 144, 1, 14, 13, 7037 }, // U+04D6
    { 7, 12, 144, 1, 12, 11, 7050 }, // U+04D7
    { 9, 10, 176, 1, 10, 12, 7061 }, // U+04D8
    { 7, 8, 144, 1, 8, 7, 7073 }, // U+04D9
    { 9, 13, 176, 1, 13, 15, 7080 }, // U+04DA
    { 7, 11, 144, 1, 11, 10, 7095 }, // U+04DB
    { 14, 13, 224, 0, 13, 23, 7105 }, // U+04DC
    { 12, 11, 192, 0, 11, 17, 7128 }, // U+04DD
    { 8, 14, 144, 0, 14, 14, 7145 }, // U+04DE
    { 6, 11, 112, 0, 11, 9, 7159 }, // U+04DF
    { 8, 10, 144, 0, 10, 10, 7168 }, // U+04E0
    { 7, 11, 128, 0, 8, 10, 7178 }, // U+04E1
    { 9, 13, 176, 1, 13, 15, 7188 }, // U+04E2
    { 7, 11, 144, 1, 11, 10, 7203 }, // U+04E3
    { 9, 13, 176, 1, 13, 15, 7213 }, // U+04E4
    { 7, 11, 144, 1, 11, 10, 7228 }, // U+04E5
    { 10, 13, 192, 1, 13, 17, 7238 }, // U+04E6
    { 7, 11, 144, 1, 11, 10, 7255 }, // U+04E7
    { 10, 10, 192, 1, 10, 13, 7265 }, // U+04E8
    { 7, 8, 144, 1, 8, 7, 7278 }, // U+04E9
    { 10, 13, 192, 1, 13, 17, 7285 }, // U+04EA
    { 7, 11, 144, 1, 11, 10, 7302 }, // U+04EB
    { 8, 13, 160, 1, 13, 13, 7312 }, // U+04EC
    { 7, 11, 128, 0, 11, 10, 7325 }, // U+04ED
    { 9, 13, 144, 0, 13, 15, 7335 }, // U+04EE
    { 7, 14, 112, 0, 11, 13, 7350 }, // U+04EF
    { 9, 13, 144, 0, 13, 15, 7363 }, // U+04F0
    { 7, 14, 112, 0, 11, 13, 7378 }, // U+04F1
    { 9, 14, 144, 0, 14, 16, 7391 }, // U+04F2
    { 7, 15, 112, 0, 12, 14, 7407 }, // U+04F3
    { 9, 13, 176, 1, 13, 15, 7421 }, // U+04F4
    { 7, 11, 144, 1, 11, 10, 7436 }, // U+04F5
    { 7, 13, 144, 1, 10, 12, 7446 }, // U+04F6
    { 6, 10, 112, 1, 8, 8, 7458 }, // U+04F7
    { 12, 13, 224, 1, 13, 20, 7466 }, // U+04F8
    { 9, 11, 176, 1, 11, 13, 7486 }, // U+04F9
    { 10, 9, 160, 0, 9, 12, 7499 }, // U+05D0
    { 9, 9, 144, 0, 9, 11, 7511 }, // U+05D1
    { 6, 9, 96, 0, 9, 7, 7522 }, // U+05D2
    { 7, 9, 144, 1, 9, 8, 7529 }, // U+05D3
    { 8, 9, 160, 1, 9, 9, 7537 }, // U+05D4
    { 3, 9, 80, 1, 9, 4, 7546 }, // U+05D5
    { 4, 9, 96, 1, 9, 5, 7550 }, // U+05D6
    { 9, 9, 160, 0, 9, 11, 7555 }, // U+05D7
    { 8, 9, 160, 1, 9, 9, 7566 }, // U+05D8
    { 3, 5, 80, 1, 9, 2, 7575 }, // U+05D9
    { 7, 12, 144, 1, 9, 11, 7577 }, // U+05DA
    { 7, 9, 128, 0, 9, 8, 7588 }, // U+05DB
    { 8, 11, 128, 0, 11, 11, 7596 }, // U+05DC
    { 9, 9, 176, 1, 9, 11, 7607 }, // U+05DD
    { 9, 9, 176, 1, 9, 11, 7618 }, // U+05DE
    { 3, 12, 80, 1, 9, 5, 7629 }, // U+05DF
    { 4, 9, 96, 1, 9, 5, 7634 }, // U+05E0
    { 9, 9, 160, 1, 9, 11, 7639 }, // U+05E1
    { 9, 10, 144, 0, 9, 12, 7650 }, // U+05E2
    { 8, 12, 160, 1, 9, 12, 7662 }, // U+05E3
    { 8, 9, 144, 1, 9, 9, 7674 }, // U+05E4
    { 8, 12, 144, 0, 9, 12, 7683 }, // U+05E5
    { 8, 9, 144, 0, 9, 9, 7695 }, // U+05E6
    { 8, 12, 160, 1, 9, 12, 7704 }, // U+05E7
    { 6, 9, 128, 1, 9, 7, 7716 }, // U+05E8
    { 10, 9, 192, 1, 9, 12, 7723 }, // U+05E9
    { 9, 9, 176, 1, 9, 11, 7735 }, // U+05EA
    { 3, 4, 80, 1, 4, 2, 7746 }, // U+060C
    { 4, 10, 80, 0, 10, 5, 7748 }, // U+061B
    { 8, 11, 128, 0, 11, 11, 7753 }, // U+061F
    { 7, 8, 112, 0, 7, 7, 7764 }, // U+0621
    { 6, 2, 64, 0, 2, 2, 7771 }, // U+0640
    { 4, 3, 0, 0, 12, 2, 7773 }, // U+0654
    { 3, 3, 144, 3, 6, 2, 7775 }, // U+0660
    { 3, 10, 144, 3, 10, 4, 7777 }, // U+0661
    { 7, 10, 144, 1, 10, 9, 7781 }, // U+0662
    { 8, 10, 144, 0, 10, 10, 7790 }, // U+0663
    { 7, 10, 144, 1, 10, 9, 7800 }, // U+0664
    { 7, 8, 144, 1, 8, 7, 7809 }, // U+0665
    { 7, 10, 144, 1, 10, 9, 7816 }, // U+0666
    { 9, 10, 144, 0, 10, 12, 7825 }, // U+0667
    { 9, 10, 144, 0, 10, 12, 7837 }, // U+0668
    { 7, 10, 144, 1, 10, 9, 7849 }, // U+0669
    { 10, 9, 176, 0, 6, 12, 7858 }, // U+06BA
    { 4, 1, 80, 1, 1, 1, 7870 }, // U+06D4
    { 7, 8, 112, 0, 8, 7, 7871 }, // U+06D5
    { 3, 3, 144, 3, 6, 2, 7878 }, // U+06F0
    { 3, 10, 144, 3, 10, 4, 7880 }, // U+06F1
    { 7, 10, 144, 1, 10, 9, 7884 }, // U+06F2
    { 8, 10, 144, 0, 10, 10, 7893 }, // U+06F3
    { 7, 10, 144, 1, 10, 9, 7903 }, // U+06F4
    { 8, 10, 144, 0, 10, 10, 7912 }, // U+06F5
    { 7, 10, 144, 1, 10, 9, 7922 }, // U+06F6
    { 9, 10, 144, 0, 10, 12, 7931 }, // U+06F7
    { 9, 10, 144, 0, 10, 12, 7943 }, // U+06F8
    { 7, 10, 144, 1, 10, 9, 7955 }, // U+06F9
    { 11, 13, 176, 0, 10, 18, 7964 }, // U+1EA0
    { 6, 11, 128, 1, 8, 9, 7982 }, // U+1EA1
    { 11, 14, 176, 0, 14, 20, 7991 }, // U+1EA2
    { 6, 12, 128, 1, 12, 9, 8011 }, // U+1EA3
    { 11, 16, 176, 0, 16, 22, 8020 }, // U+1EA4
    { 8, 14, 128, 1, 14, 14, 8042 }, // U+1EA5
    { 11, 16, 176, 0, 16, 22, 8056 }, // U+1EA6
    { 7, 14, 128, 1, 14, 13, 8078 }, // U+1EA7
    { 11, 17, 176, 0, 17, 24, 8091 }, // U+1EA8
    { 7, 14, 128, 1, 14, 13, 8115 }, // U+1EA9
    { 11, 17, 176, 0, 17, 24, 8128 }, // U+1EAA
    { 6, 14, 128, 1, 14, 11, 8152 }, // U+1EAB
    { 11, 17, 176, 0, 14, 24, 8163 }, // U+1EAC
    { 6, 15, 128, 1, 12, 12, 8187 }, // U+1EAD
    { 11, 17, 176, 0, 17, 24, 8199 }, // U+1EAE
    { 6, 15, 128, 1, 15, 12, 8223 }, // U+1EAF
    { 11, 17, 176, 0, 17, 24, 8235 }, // U+1EB0
    { 6, 15, 128, 1, 15, 12, 8259 }, // U+1EB1
    { 11, 18, 176, 0, 18, 25, 8271 }, // U+1EB2
    { 6, 15, 128, 1, 15, 12, 8296 }, // U+1EB3
    { 11, 17, 176, 0, 17, 24, 8308 }, // U+1EB4
    { 6, 14, 128, 1, 14, 11, 8332 }, // U+1EB5
    { 11, 17, 176, 0, 14, 24, 8343 }, // U+1EB6
    { 6, 14, 128, 1, 11, 11, 8367 }, // U+1EB7
    { 8, 13, 144, 1, 10, 13, 8378 }, // U+1EB8
    { 7, 11, 144, 1, 8, 10, 8391 }, // U+1EB9
    { 8, 14, 144, 1, 14, 14, 8401 }, // U+1EBA
    { 7, 12, 144, 1, 12, 11, 8415 }, // U+1EBB
    { 8, 14, 144, 1, 14, 14, 8426 }, // U+1EBC
    { 7, 11, 144, 1, 11, 10, 8440 }, // U+1EBD
    { 9, 16, 144, 1, 16, 18, 8450 }, // U+1EBE
    { 8, 14, 144, 1, 14, 14, 8468 }, // U+1EBF
    { 8, 16, 144, 1, 16, 16, 8482 }, // U+1EC0
    { 7, 14, 144, 1, 14, 13, 8498 }, // U+1EC1
    { 8, 17, 144, 1, 17, 17, 8511 }, // U+1EC2
    { 8, 14, 144, 1, 14, 14, 8528 }, // U+1EC3
    { 8, 17, 144, 1, 17, 17, 8542 }, // U+1EC4
    { 7, 14, 144, 1, 14, 13, 8559 }, // U+1EC5
    { 8, 17, 144, 1, 14, 17, 8572 }, // U+1EC6
    { 7, 15, 144, 1, 12, 14, 8589 }, // U+1EC7
    { 3, 14, 80, 1, 14, 6, 8603 }, // U+1EC8
    { 4, 12, 64, 0, 12, 6, 8609 }, // U+1EC9
    { 3, 13, 80, 1, 10, 5, 8615 }, // U+1ECA
    { 3, 14, 64, 1, 11, 6, 8620 }, // U+1ECB
    { 10, 14, 192, 1, 11, 18, 8626 }, // U+1ECC
    { 7, 11, 144, 1, 8, 10, 8644 }, // U+1ECD
    { 10, 14, 192, 1, 14, 18, 8654 }, // U+1ECE
    { 7, 12, 144, 1, 12, 11, 8672 }, // U+1ECF
    { 10, 16, 192, 1, 16, 20, 8683 }, // U+1ED0
    { 8, 14, 144, 1, 14, 14, 8703 }, // U+1ED1
    { 10, 16, 192, 1, 16, 20, 8717 }, // U+1ED2
    { 7, 14, 144, 1, 14, 13, 8737 }, // U+1ED3
    { 10, 17, 192, 1, 17, 22, 8750 }, // U+1ED4
    { 8, 14, 144, 1, 14, 14, 8772 }, // U+1ED5
    { 10, 17, 192, 1, 17, 22, 8786 }, // U+1ED6
    { 7, 14, 144, 1, 14, 13, 8808 }, // U+1ED7
    { 10, 17, 192, 1, 14, 22, 8821 }, // U+1ED8
    { 7, 15, 144, 1, 12, 14, 8843 }, // U+1ED9
    { 10, 14, 192, 1, 14, 18, 8857 }, // U+1EDA
    { 8, 12, 144, 1, 12, 12, 8875 }, // U+1EDB
    { 10, 14, 192, 1, 14, 18, 8887 }, // U+1EDC
    { 8, 12, 144, 1, 12, 12, 8905 }, // U+1EDD
    { 10, 14, 192, 1, 14, 18, 8917 }, // U+1EDE
    { 8, 12, 144, 1, 12, 12, 8935 }, // U+1EDF
    { 10, 14, 192, 1, 14, 18, 8947 }, // U+1EE0
    { 8, 11, 144, 1, 11, 11, 8965 }, // U+1EE1
    { 10, 15, 192, 1, 12, 19, 8976 }, // U+1EE2
    { 8, 12, 144, 1, 9, 12, 8995 }, // U+1EE3
    { 9, 13, 176, 1, 10, 15, 9007 }, // U+1EE4
    { 7, 11, 144, 1, 8, 10, 9022 }, // U+1EE5
    { 9, 14, 176, 1, 14, 16, 9032 }, // U+1EE6
    { 7, 12, 144, 1, 12, 11, 9048 }, // U+1EE7
    { 10, 14, 176, 1, 14, 18, 9059 }, // U+1EE8
    { 9, 12, 144, 1, 12, 14, 9077 }, // U+1EE9
    { 10, 14, 176, 1, 14, 18, 9091 }, // U+1EEA
    { 9, 12, 144, 1, 12, 14, 9109 }, // U+1EEB
    { 10, 14, 176, 1, 14, 18, 9123 }, // U+1EEC
    { 9, 12, 144, 1, 12, 14, 9141 }, // U+1EED
    { 10, 14, 176, 1, 14, 18, 9155 }, // U+1EEE
    { 9, 11, 144, 1, 11, 13, 9173 }, // U+1EEF
    { 10, 15, 176, 1, 12, 19, 9186 }, // U+1EF0
    { 9, 12, 144, 1, 9, 14, 9205 }, // U+1EF1
    { 10, 14, 160, 0, 14, 18, 9219 }, // U+1EF2
    { 7, 15, 112, 0, 12, 14, 9237 }, // U+1EF3
    { 10, 13, 160, 0, 10, 17, 9251 }, // U+1EF4
    { 8, 11, 128, 0, 8, 11, 9268 }, // U+1EF5
    { 10, 14, 160, 0, 14, 18, 9279 }, // U+1EF6
    { 8, 15, 128, 0, 12, 15, 9297 }, // U+1EF7
    { 10, 14, 160, 0, 14, 18, 9312 }, // U+1EF8
    { 8, 14, 128, 0, 11, 14, 9330 }, // U+1EF9
    { 1, 1, 32, 0, 1, 1, 9344 }, // U+2009
    { 1, 1, 0, 0, 1, 1, 9345 }, // U+200B
    { 1, 10, 0, 0, 9, 2, 9346 }, // U+200C
    { 4, 10, 0, -2, 9, 5, 9348 }, // U+200D
    { 3, 10, 0, 0, 10, 4, 9353 }, // U+200E
    { 3, 10, 0, -3, 10, 4, 9357 }, // U+200F
    { 4, 2, 80, 0, 5, 1, 9361 }, // U+2010
    { 4, 2, 80, 0, 5, 1, 9362 }, // U+2011
    { 8, 2, 128, 0, 6, 2, 9363 }, // U+2013
    { 15, 2, 240, 0, 6, 4, 9365 }, // U+2014
    { 15, 2, 240, 0, 6, 4, 9369 }, // U+2015
    { 3, 5, 64, 1, 12, 2, 9373 }, // U+2018
    { 3, 5, 64, 0, 12, 2, 9375 }, // U+2019
    { 3, 5, 64, 0, 3, 2, 9377 }, // U+201A
    { 6, 5, 112, 1, 12, 4, 9379 }, // U+201C
    { 6, 5, 112, 0, 12, 4, 9383 }, // U+201D
    { 6, 5, 112, 0, 3, 4, 9387 }, // U+201E
    { 6, 12, 128, 1, 10, 9, 9391 }, // U+2020
    { 6, 12, 128, 1, 10, 9, 9400 }, // U+2021
    { 4, 4, 96, 1, 7, 2, 9409 }, // U+2022
    { 14, 3, 240, 1, 3, 6, 9411 }, // U+2026
    { 1, 1, 32, 0, 1, 1, 9417 }, // U+202F
    { 19, 10, 336, 1, 10, 24, 9418 }, // U+2030
    { 4, 7, 80, 0, 8, 4, 9442 }, // U+2039
    { 4, 7, 80, 1, 8, 4, 9446 }, // U+203A
    { 8, 10, 32, -3, 10, 10, 9450 }, // U+2044
    { 4, 10, 80, 0, 10, 5, 9460 }, // U+204F
    { 5, 6, 96, 0, 11, 4, 9465 }, // U+2070
    { 6, 6, 96, 0, 11, 5, 9469 }, // U+2074
    { 5, 6, 96, 0, 11, 4, 9474 }, // U+2075
    { 5, 6, 96, 0, 11, 4, 9478 }, // U+2076
    { 5, 6, 96, 0, 11, 4, 9482 }, // U+2077
    { 5, 6, 96, 0, 11, 4, 9486 }, // U+2078
    { 5, 6, 96, 0, 11, 4, 9490 }, // U+2079
    { 5, 6, 96, 0, 7, 4, 9494 }, // U+2080
    { 4, 6, 80, 1, 7, 3, 9498 }, // U+2081
    { 5, 6, 96, 0, 7, 4, 9501 }, // U+2082
    { 5, 6, 96, 0, 7, 4, 9505 }, // U+2083
    { 6, 6, 96, 0, 7, 5, 9509 }, // U+2084
    { 5, 6, 96, 0, 7, 4, 9514 }, // U+2085
    { 5, 6, 96, 0, 7, 4, 9518 }, // U+2086
    { 5, 6, 96, 0, 7, 4, 9522 }, // U+2087
    { 5, 6, 96, 0, 7, 4, 9526 }, // U+2088
    { 5, 6, 96, 0, 7, 4, 9530 }, // U+2089
    { 11, 9, 208, 1, 9, 13, 9534 }, // U+20AA
    { 8, 10, 144, 1, 10, 10, 9547 }, // U+20AC
    { 8, 10, 128, 0, 10, 10, 9557 }, // U+20AE
    { 9, 10, 144, 0, 10, 12, 9567 }, // U+20B4
    { 8, 10, 144, 1, 10, 10, 9579 }, // U+20B9
    { 7, 11, 144, 1, 11, 10, 9589 }, // U+2202
    { 11, 10, 176, 0, 10, 14, 9599 }, // U+2206
    { 9, 13, 176, 1, 11, 15, 9613 }, // U+220F
    { 7, 12, 128, 0, 10, 11, 9628 }, // U+2211
    { 7, 2, 144, 1, 6, 2, 9639 }, // U+2212
    { 8, 10, 32, -3, 10, 10, 9641 }, // U+2215
    { 3, 3, 80, 1, 6, 2, 9651 }, // U+2219
    { 10, 11, 144, 0, 11, 14, 9653 }, // U+221A
    { 9, 5, 160, 0, 7, 6, 9667 }, // U+221E
    { 6, 14, 96, 0, 11, 11, 9673 }, // U+222B
    { 9, 7, 144, 0, 8, 8, 9684 }, // U+2248
    { 7, 9, 144, 1, 9, 8, 9692 }, // U+2260
    { 7, 9, 144, 1, 9, 8, 9700 }, // U+2264
    { 8, 9, 144, 0, 9, 9, 9708 }, // U+2265
    { 12, 12, 208, 1, 12, 18, 9717 }, // U+FB00
    { 8, 12, 160, 1, 12, 12, 9735 }, // U+FB01
    { 9, 12, 160, 1, 12, 14, 9747 }, // U+FB02
    { 14, 12, 256, 1, 12, 21, 9761 }, // U+FB03
    { 15, 12, 256, 1, 12, 23, 9782 }, // U+FB04
    { 15, 12, 240, 0, 7, 23, 9805 }, // U+FB56
    { 18, 11, 272, 0, 6, 25, 9828 }, // U+FB57
    { 4, 12, 80, 0, 7, 6, 9853 }, // U+FB58
    { 7, 10, 96, 0, 5, 9, 9859 }, // U+FB59
    { 15, 10, 240, 0, 10, 19, 9868 }, // U+FB66
    { 18, 10, 272, 0, 10, 23, 9887 }, // U+FB67
    { 4, 12, 80, 0, 12, 6, 9910 }, // U+FB68
    { 7, 10, 96, 0, 10, 9, 9916 }, // U+FB69
    { 10, 14, 160, 0, 8, 18, 9925 }, // U+FB7A
    { 13, 14, 176, 0, 8, 23, 9943 }, // U+FB7B
    { 9, 12, 144, 0, 7, 14, 9966 }, // U+FB7C
    { 11, 12, 160, 0, 7, 17, 9980 }, // U+FB7D
    { 6, 13, 128, 1, 13, 10, 9997 }, // U+FB88
    { 9, 13, 144, 1, 13, 15, 10007 }, // U+FB89
    { 7, 14, 96, -1, 11, 13, 10022 }, // U+FB8A
    { 9, 14, 112, -1, 11, 16, 10035 }, // U+FB8B
    { 7, 14, 96, -1, 11, 13, 10051 }, // U+FB8C
    { 9, 14, 112, -1, 11, 16, 10064 }, // U+FB8D
    { 14, 11, 224, 0, 11, 20, 10080 }, // U+FB8E
    { 15, 11, 224, 0, 11, 21, 10100 }, // U+FB8F
    { 7, 11, 112, 0, 11, 10, 10121 }, // U+FB90
    { 9, 11, 128, 0, 11, 13, 10131 }, // U+FB91
    { 14, 13, 224, 0, 13, 23, 10144 }, // U+FB92
    { 15, 13, 224, 0, 13, 25, 10167 }, // U+FB93
    { 7, 13, 112, 0, 13, 12, 10192 }, // U+FB94
    { 9, 13, 128, 0, 13, 15, 10204 }, // U+FB95
    { 10, 9, 176, 0, 6, 12, 10219 }, // U+FB9E
    { 13, 8, 192, 0, 5, 13, 10231 }, // U+FB9F
    { 7, 8, 112, 0, 8, 7, 10244 }, // U+FBA6
    { 10, 6, 144, 0, 6, 8, 10251 }, // U+FBA7
    { 4, 10, 80, 0, 7, 5, 10259 }, // U+FBA8
    { 9, 7, 128, 0, 3, 8, 10264 }, // U+FBA9
    { 11, 8, 192, 0, 8, 11, 10272 }, // U+FBAA
    { 11, 10, 160, 0, 7, 14, 10283 }, // U+FBAB
    { 9, 8, 160, 0, 8, 9, 10297 }, // U+FBAC
    { 10, 10, 144, 0, 7, 13, 10306 }, // U+FBAD
    { 14, 8, 224, 0, 8, 14, 10319 }, // U+FBAE
    { 10, 6, 128, 0, 2, 8, 10333 }, // U+FBAF
    { 14, 11, 224, 0, 11, 20, 10341 }, // U+FBB0
    { 10, 10, 128, 0, 6, 13, 10361 }, // U+FBB1
    { 12, 10, 192, 0, 7, 15, 10374 }, // U+FBFC
    { 13, 7, 192, 0, 4, 12, 10389 }, // U+FBFD
    { 5, 10, 80, 0, 7, 7, 10401 }, // U+FBFE
    { 7, 8, 96, 0, 5, 7, 10408 }, // U+FBFF
    { 7, 8, 112, 0, 7, 7, 10415 }, // U+FE80
    { 5, 13, 64, -1, 13, 9, 10422 }, // U+FE81
    { 7, 14, 80, -1, 14, 13, 10431 }, // U+FE82
    { 3, 14, 64, 0, 14, 6, 10444 }, // U+FE83
    { 6, 15, 80, 0, 15, 12, 10450 }, // U+FE84
    { 7, 13, 112, 0, 10, 12, 10462 }, // U+FE85
    { 9, 13, 128, 0, 10, 15, 10474 }, // U+FE86
    { 3, 15, 64, 1, 11, 6, 10489 }, // U+FE87
    { 5, 15, 80, 1, 11, 10, 10495 }, // U+FE88
    { 12, 10, 192, 0, 7, 15, 10505 }, // U+FE89
    { 13, 10, 192, 0, 7, 17, 10520 }, // U+FE8A
    { 4, 11, 80, 0, 11, 6, 10537 }, // U+FE8B
    { 7, 10, 96, 0, 10, 9, 10543 }, // U+FE8C
    { 2, 11, 64, 1, 11, 3, 10552 }, // U+FE8D
    { 5, 11, 80, 1, 11, 7, 10555 }, // U+FE8E
    { 15, 11, 240, 0, 7, 21, 10562 }, // U+FE8F
    { 18, 10, 272, 0, 6, 23, 10583 }, // U+FE90
    { 4, 11, 80, 0, 7, 6, 10606 }, // U+FE91
    { 7, 9, 96, 0, 5, 8, 10612 }, // U+FE92
    { 7, 11, 112, 0, 11, 10, 10620 }, // U+FE93
    { 10, 12, 128, 0, 12, 15, 10630 }, // U+FE94
    { 15, 8, 240, 0, 8, 15, 10645 }, // U+FE95
    { 18, 8, 272, 0, 8, 18, 10660 }, // U+FE96
    { 4, 10, 80, 0, 10, 5, 10678 }, // U+FE97
    { 7, 8, 96, 0, 8, 7, 10683 }, // U+FE98
    { 15, 10, 240, 0, 10, 19, 10690 }, // U+FE99
    { 18, 10, 272, 0, 10, 23, 10709 }, // U+FE9A
    { 4, 12, 80, 0, 12, 6, 10732 }, // U+FE9B
    { 7, 10, 96, 0, 10, 9, 10738 }, // U+FE9C
    { 10, 14, 160, 0, 8, 18, 10747 }, // U+FE9D
    { 12, 14, 176, 0, 8, 21, 10765 }, // U+FE9E
    { 9, 11, 144, 0, 7, 13, 10786 }, // U+FE9F
    { 11, 11, 160, 0, 7, 16, 10799 }, // U+FEA0
    { 10, 14, 160, 0, 8, 18, 10815 }, // U+FEA1
    { 12, 14, 176, 0, 8, 21, 10833 }, // U+FEA2
    { 9, 7, 144, 0, 7, 8, 10854 }, // U+FEA3
    { 11, 7, 160, 0, 7, 10, 10862 }, // U+FEA4
    { 10, 17, 160, 0, 11, 22, 10872 }, // U+FEA5
    { 12, 17, 176, 0, 11, 26, 10894 }, // U+FEA6
    { 9, 10, 144, 0, 10, 12, 10920 }, // U+FEA7
    { 11, 10, 160, 0, 10, 14, 10932 }, // U+FEA8
    { 6, 8, 128, 1, 8, 6, 10946 }, // U+FEA9
    { 9, 8, 144, 1, 8, 9, 10952 }, // U+FEAA
    { 6, 11, 128, 1, 11, 9, 10961 }, // U+FEAB
    { 9, 11, 144, 1, 11, 13, 10970 }, // U+FEAC
    { 6, 9, 96, -1, 6, 7, 10983 }, // U+FEAD
    { 9, 9, 112, -1, 6, 11, 10990 }, // U+FEAE
    { 6, 12, 96, -1, 9, 9, 11001 }, // U+FEAF
    { 9, 12, 112, -1, 9, 14, 11010 }, // U+FEB0
    { 20, 10, 336, 0, 7, 25, 11024 }, // U+FEB1
    { 23, 9, 352, 0, 6, 26, 11049 }, // U+FEB2
    { 14, 7, 224, 0, 7, 13, 11075 }, // U+FEB3
    { 16, 6, 240, 0, 6, 12, 11088 }, // U+FEB4
    { 20, 14, 336, 0, 11, 35, 11100 }, // U+FEB5
    { 23, 14, 352, 0, 11, 41, 11135 }, // U+FEB6
    { 14, 11, 224, 0, 11, 20, 11176 }, // U+FEB7
    { 16, 11, 240, 0, 11, 22, 11196 }, // U+FEB8
    { 21, 10, 336, 0, 7, 27, 11218 }, // U+FEB9
    { 23, 10, 352, 0, 7, 29, 11245 }, // U+FEBA
    { 14, 7, 240, 0, 7, 13, 11274 }, // U+FEBB
    { 16, 7, 240, 0, 7, 14, 11287 }, // U+FEBC
    { 21, 13, 336, 0, 10, 35, 11301 }, // U+FEBD
    { 23, 13, 352, 0, 10, 38, 11336 }, // U+FEBE
    { 14, 10, 240, 0, 10, 18, 11374 }, // U+FEBF
    { 16, 10, 240, 0, 10, 20, 11392 }, // U+FEC0
    { 12, 11, 208, 0, 11, 17, 11412 }, // U+FEC1
    { 14, 11, 208, 0, 11, 20, 11429 }, // U+FEC2
    { 10, 11, 176, 0, 11, 14, 11449 }, // U+FEC3
    { 13, 11, 176, 0, 11, 18, 11463 }, // U+FEC4
    { 12, 11, 208, 0, 11, 17, 11481 }, // U+FEC5
    { 14, 11, 208, 0, 11, 20, 11498 }, // U+FEC6
    { 10, 11, 176, 0, 11, 14, 11518 }, // U+FEC7
    { 13, 11, 176, 0, 11, 18, 11532 }, // U+FEC8
    { 10, 14, 144, 0, 8, 18, 11550 }, // U+FEC9
    { 10, 13, 144, 0, 7, 17, 11568 }, // U+FECA
    { 8, 7, 128, 0, 7, 7, 11585 }, // U+FECB
    { 9, 7, 128, 0, 7, 8, 11592 }, // U+FECC
    { 10, 18, 144, 0, 12, 23, 11600 }, // U+FECD
    { 10, 16, 144, 0, 10, 20, 11623 }, // U+FECE
    { 8, 11, 128, 0, 11, 11, 11643 }, // U+FECF
    { 9, 10, 128, 0, 10, 12, 11654 }, // U+FED0
    { 15, 12, 240, 0, 12, 23, 11666 }, // U+FED1
    { 18, 10, 272, 0, 10, 23, 11689 }, // U+FED2
    { 7, 12, 128, 0, 12, 11, 11712 }, // U+FED3
    { 9, 10, 128, 0, 10, 12, 11723 }, // U+FED4
    { 12, 13, 192, 0, 10, 20, 11735 }, // U+FED5
    { 14, 13, 208, 0, 9, 23, 11755 }, // U+FED6
    { 7, 12, 128, 0, 12, 11, 11778 }, // U+FED7
    { 9, 10, 128, 0, 10, 12, 11789 }, // U+FED8
    { 13, 11, 224, 0, 11, 18, 11801 }, // U+FED9
    { 16, 11, 240, 0, 11, 22, 11819 }, // U+FEDA
    { 7, 11, 112, 0, 11, 10, 11841 }, // U+FEDB
    { 9, 11, 128, 0, 11, 13, 11851 }, // U+FEDC
    { 10, 14, 176, 0, 11, 18, 11864 }, // U+FEDD
    { 13, 14, 192, 0, 11, 23, 11882 }, // U+FEDE
    { 4, 11, 64, 0, 11, 6, 11905 }, // U+FEDF
    { 6, 11, 80, 0, 11, 9, 11911 }, // U+FEE0
    { 8, 13, 128, 0, 7, 13, 11920 }, // U+FEE1
    { 11, 12, 160, 0, 6, 17, 11933 }, // U+FEE2
    { 8, 6, 144, 0, 6, 6, 11950 }, // U+FEE3
    { 11, 6, 144, 0, 6, 9, 11956 }, // U+FEE4
    { 10, 11, 176, 0, 8, 14, 11965 }, // U+FEE5
    { 13, 11, 192, 0, 8, 18, 11979 }, // U+FEE6
    { 4, 10, 80, 0, 10, 5, 11997 }, // U+FEE7
    { 7, 9, 96, 0, 9, 8, 12002 }, // U+FEE8
    { 7, 8, 112, 0, 8, 7, 12010 }, // U+FEE9
    { 10, 9, 128, 0, 9, 12, 12017 }, // U+FEEA
    { 9, 8, 160, 0, 8, 9, 12029 }, // U+FEEB
    { 10, 10, 144, 0, 7, 13, 12038 }, // U+FEEC
    { 7, 9, 112, 0, 6, 8, 12051 }, // U+FEED
    { 9, 9, 128, 0, 6, 11, 12059 }, // U+FEEE
    { 12, 10, 192, 0, 7, 15, 12070 }, // U+FEEF
    { 13, 7, 192, 0, 4, 12, 12085 }, // U+FEF0
    { 12, 13, 192, 0, 7, 20, 12097 }, // U+FEF1
    { 13, 10, 192, 0, 4, 17, 12117 }, // U+FEF2
    { 5, 10, 80, 0, 7, 7, 12134 }, // U+FEF3
    { 7, 8, 96, 0, 5, 7, 12141 }, // U+FEF4
    { 10, 12, 144, -1, 12, 15, 12148 }, // U+FEF5
    { 11, 12, 160, 0, 12, 17, 12163 }, // U+FEF6
    { 9, 13, 144, 0, 13, 15, 12180 }, // U+FEF7
    { 10, 13, 160, 1, 13, 17, 12195 }, // U+FEF8
    { 8, 15, 144, 1, 11, 15, 12212 }, // U+FEF9
    { 10, 15, 160, 1, 11, 19, 12227 }, // U+FEFA
    { 8, 11, 144, 1, 11, 11, 12246 }, // U+FEFB
    { 10, 11, 160, 1, 11, 14, 12257 }, // U+FEFC
};

static const EpdUnicodeInterval ubuntu_c15_boldIntervals[] = {
    { 0x0, 0x0, 0x0 },
    { 0x8, 0x9, 0x1 },
    { 0xD, 0xD, 0x3 },
    { 0x1D, 0x1D, 0x4 },
    { 0x20, 0x7E, 0x5 },
    { 0xA0, 0x17F, 0x64 },
    { 0x1A0, 0x1A1, 0x144 },
    { 0x1AF, 0x1B0, 0x146 },
    { 0x1C4, 0x21F, 0x148 },
    { 0x300, 0x304, 0x1A4 },
    { 0x306, 0x308, 0x1A9 },
    { 0x30A, 0x30C, 0x1AC },
    { 0x311, 0x312, 0x1AF },
    { 0x326, 0x328, 0x1B1 },
    { 0x34F, 0x34F, 0x1B4 },
    { 0x400, 0x45F, 0x1B5 },
    { 0x462, 0x463, 0x215 },
    { 0x472, 0x475, 0x217 },
    { 0x48A, 0x4F9, 0x21B },
    { 0x5D0, 0x5EA, 0x28B },
    { 0x60C, 0x60C, 0x2A6 },
    { 0x61B, 0x61B, 0x2A7 },
    { 0x61F, 0x61F, 0x2A8 },
    { 0x621, 0x621, 0x2A9 },
    { 0x640, 0x640, 0x2AA },
    { 0x654, 0x654, 0x2AB },
    { 0x660, 0x669, 0x2AC },
    { 0x6BA, 0x6BA, 0x2B6 },
    { 0x6D4, 0x6D5, 0x2B7 },
    { 0x6F0, 0x6F9, 0x2B9 },
    { 0x1EA0, 0x1EF9, 0x2C3 },
    { 0x2009, 0x2009, 0x31D },
    { 0x200B, 0x2011, 0x31E },
    { 0x2013, 0x2015, 0x325 },
    { 0x2018, 0x201A, 0x328 },
    { 0x201C, 0x201E, 0x32B },
    { 0x2020, 0x2022, 0x32E },
    { 0x2026, 0x2026, 0x331 },
    { 0x202F, 0x2030, 0x332 },
    { 0x2039, 0x203A, 0x334 },
    { 0x2044, 0x2044, 0x336 },
    { 0x204F, 0x204F, 0x337 },
    { 0x2070, 0x2070, 0x338 },
    { 0x2074, 0x2079, 0x339 },
    { 0x2080, 0x2089, 0x33F },
    { 0x20AA, 0x20AA, 0x349 },
    { 0x20AC, 0x20AC, 0x34A },
    { 0x20AE, 0x20AE, 0x34B },
    { 0x20B4, 0x20B4, 0x34C },
    { 0x20B9, 0x20B9, 0x34D },
    { 0x2202, 0x2202, 0x34E },
    { 0x2206, 0x2206, 0x34F },
    { 0x220F, 0x220F, 0x350 },
    { 0x2211, 0x2212, 0x351 },
    { 0x2215, 0x2215, 0x353 },
    { 0x2219, 0x221A, 0x354 },
    { 0x221E, 0x221E, 0x356 },
    { 0x222B, 0x222B, 0x357 },
    { 0x2248, 0x2248, 0x358 },
    { 0x2260, 0x2260, 0x359 },
    { 0x2264, 0x2265, 0x35A },
    { 0xFB00, 0xFB04, 0x35C },
    { 0xFB56, 0xFB59, 0x361 },
    { 0xFB66, 0xFB69, 0x365 },
    { 0xFB7A, 0xFB7D, 0x369 },
    { 0xFB88, 0xFB95, 0x36D },
    { 0xFB9E, 0xFB9F, 0x37B },
    { 0xFBA6, 0xFBB1, 0x37D },
    { 0xFBFC, 0xFBFF, 0x389 },
    { 0xFE80, 0xFEFC, 0x38D },
};

static const uint16_t ubuntu_c15_boldKernLeftCodepoints[] = {
    0x0022, 0x0026, 0x0027, 0x0028, 0x0029, 0x002A, 0x002C, 0x002D, 0x002E, 0x002F, 0x003A, 0x003B,
    0x0040, 0x0041, 0x0042, 0x0043, 0x0044, 0x0045, 0x0046, 0x0047, 0x0048, 0x0049, 0x004A, 0x004B,
    0x004C, 0x004D, 0x004E, 0x004F, 0x0050, 0x0051, 0x0052, 0x0053, 0x0054, 0x0055, 0x0056, 0x0057,
    0x0058, 0x0059, 0x005A, 0x005B, 0x005C, 0x005D, 0x0061, 0x0062, 0x0063, 0x0064, 0x0066, 0x0067,
    0x0068, 0x0069, 0x006A, 0x006B, 0x006C, 0x006D, 0x006E, 0x006F, 0x0070, 0x0071, 0x0072, 0x0073,
    0x0074, 0x0075, 0x0076, 0x0077, 0x0078, 0x0079, 0x007A, 0x007B, 0x007D, 0x00A1, 0x00AB, 0x00BB,
    0x00BF, 0x00C0, 0x00C1, 0x00C2, 0x00C3, 0x00C4, 0x00C5, 0x00C6, 0x00C7, 0x00C8, 0x00C9, 0x00CA,
    0x00CB, 0x00CC, 0x00CD, 0x00CE, 0x00CF, 0x00D0, 0x00D1, 0x00D2, 0x00D3, 0x00D4, 0x00D5, 0x00D6,
    0x00D8, 0x00D9, 0x00DA, 0x00DB, 0x00DC, 0x00DD, 0x00DE, 0x00DF, 0x00E0, 0x00E1, 0x00E2, 0x00E3,
    0x00E4, 0x00E5, 0x00E7, 0x00EC, 0x00ED, 0x00EE, 0x00EF, 0x00F0, 0x00F1, 0x00F2, 0x00F3, 0x00F4,
    0x00F5, 0x00F6, 0x00F8, 0x00F9, 0x00FA, 0x00FB, 0x00FC, 0x00FD, 0x00FE, 0x00FF, 0x0100, 0x0101,
    0x0102, 0x0103, 0x0104, 0x0105, 0x0106, 0x0107, 0x0108, 0x0109, 0x010A, 0x010B, 0x010C, 0x010D,
    0x010E, 0x010F, 0x0110, 0x0111, 0x0112, 0x0114, 0x0116, 0x0118, 0x011A, 0x011C, 0x011D, 0x011E,
    0x011F, 0x0120, 0x0121, 0x0122, 0x0123, 0x0124, 0x0125, 0x0126, 0x0127, 0x0128, 0x0129, 0x012A,
    0x012B, 0x012C, 0x012D, 0x012E, 0x012F, 0x0130, 0x0131, 0x0132, 0x0133, 0x0134, 0x0135, 0x0136,
    0x0137, 0x0138, 0x0139, 0x013A, 0x013B, 0x013C, 0x013D, 0x013E, 0x013F, 0x0140, 0x0141, 0x0142,
    0x0143, 0x0144, 0x0145, 0x0146, 0x0147, 0x0148, 0x0149, 0x014A, 0x014B, 0x014C, 0x014D, 0x014E,
    0x014F, 0x0150, 0x0151, 0x0152, 0x0154, 0x0155, 0x0156, 0x0157, 0x0158, 0x0159, 0x015A, 0x015B,
    0x015C, 0x015D, 0x015E, 0x015F, 0x0160, 0x0161, 0x0162, 0x0163, 0x0164, 0x0165, 0x0166, 0x0167,
    0x0168, 0x0169, 0x016A, 0x016B, 0x016C, 0x016D, 0x016E, 0x016F, 0x0170, 0x0171, 0x0172, 0x0173,
    0x0174, 0x0175, 0x0176, 0x0177, 0x0178, 0x0179, 0x017A, 0x017B, 0x017C, 0x017D, 0x017E, 0x017F,
    0x01A0, 0x01C4, 0x01C5, 0x01C6, 0x01C7, 0x01C8, 0x01C9, 0x01CA, 0x01CB, 0x01CC, 0x01CD, 0x01CE,
    0x01CF, 0x01D0, 0x01D1, 0x01D2, 0x01D3, 0x01D4, 0x01D5, 0x01D6, 0x01D7, 0x01D8, 0x01D9, 0x01DA,
    0x01DB, 0x01DC, 0x01DD, 0x01DE, 0x01DF, 0x01E0, 0x01E1, 0x01E2, 0x01E4, 0x01E5, 0x01E6, 0x01E7,
    0x01E8, 0x01E9, 0x01EA, 0x01EB, 0x01EC, 0x01ED, 0x01EE, 0x01EF, 0x01F0, 0x01F1, 0x01F2, 0x01F3,
    0x01F4, 0x01F5, 0x01F6, 0x01F7, 0x01F8, 0x01F9, 0x01FA, 0x01FB, 0x01FC, 0x01FE, 0x01FF, 0x0200,
    0x0201, 0x0202, 0x0203, 0x0204, 0x0206, 0x0208, 0x0209, 0x020A, 0x020B, 0x020C, 0x020D, 0x020E,
    0x020F, 0x0210, 0x0211, 0x0212, 0x0213, 0x0214, 0x0215, 0x0216, 0x0217, 0x0218, 0x0219, 0x021A,
    0x021B, 0x021C, 0x021E, 0x021F, 0x0400, 0x0401, 0x0402, 0x0403, 0x0404, 0x0405, 0x0406, 0x0407,
    0x0408, 0x0409, 0x040A, 0x040B, 0x040C, 0x040D, 0x040E, 0x040F, 0x0410, 0x0411, 0x0412, 0x0413,
    0x0414, 0x0415, 0x0416, 0x0417, 0x0418, 0x0419, 0x041A, 0x041C, 0x041D, 0x041E, 0x041F, 0x0420,
    0x0421, 0x0422, 0x0423, 0x0424, 0x0425, 0x0426, 0x0428, 0x0429, 0x042A, 0x042B, 0x042C, 0x042D,
    0x042E, 0x0430, 0x0431, 0x0432, 0x0433, 0x0434, 0x0435, 0x0436, 0x0437, 0x043A, 0x043B, 0x043C,
    0x043D, 0x043E, 0x043F, 0x0440, 0x0441, 0x0442, 0x0443, 0x0444, 0x0445, 0x0446, 0x0447, 0x0448,
    0x0449, 0x044A, 0x044B, 0x044C, 0x044D, 0x044E, 0x044F, 0x0450, 0x0451, 0x0452, 0x0453, 0x0454,
    0x0455, 0x0456, 0x0457, 0x0458, 0x0459, 0x045A, 0x045B, 0x045C, 0x045E, 0x045F, 0x0462, 0x0463,
    0x0472, 0x0473, 0x0474, 0x0475, 0x048A, 0x048B, 0x048C, 0x048D, 0x048F, 0x0490, 0x0491, 0x0492,
    0x0493, 0x0494, 0x0495, 0x0496, 0x0497, 0x0498, 0x0499, 0x049A, 0x049B, 0x049C, 0x049D, 0x049E,
    0x049F, 0x04A0, 0x04A1, 0x04A2, 0x04A3, 0x04A4, 0x04A5, 0x04A6, 0x04A7, 0x04A8, 0x04A9, 0x04AA,
    0x04AB, 0x04AC, 0x04AD, 0x04AE, 0x04AF, 0x04B0, 0x04B1, 0x04B2, 0x04B3, 0x04B4, 0x04B5, 0x04B6,
    0x04B7, 0x04BA, 0x04BB, 0x04BC, 0x04BE, 0x04C0, 0x04C1, 0x04C2, 0x04C3, 0x04C4, 0x04C6, 0x04C7,
    0x04C8, 0x04C9, 0x04CA, 0x04CC, 0x04CD, 0x04CE, 0x04CF, 0x04D0, 0x04D1, 0x04D2, 0x04D3, 0x04D4,
    0x04D5, 0x04D6, 0x04D7, 0x04D8, 0x04DA, 0x04DC, 0x04DD, 0x04DE, 0x04DF, 0x04E0, 0x04E1, 0x04E2,
    0x04E4, 0x04E6, 0x04E7, 0x04E8, 0x04E9, 0x04EA, 0x04EB, 0x04EC, 0x04ED, 0x04EE, 0x04EF, 0x04F0,
    0x04F1, 0x04F2, 0x04F3, 0x04F6, 0x04F7, 0x04F8, 0x04F9, 0x05D0, 0x05D1, 0x05D2, 0x05D3, 0x05D5,
    0x05D6, 0x05D8, 0x05D9, 0x05DB, 0x05DC, 0x05DE, 0x05E0, 0x05E1, 0x05E2, 0x05E4, 0x05E6, 0x05E8,
    0x05E9, 0x05EA, 0x1EF2, 0x1EF3, 0x2013, 0x2014, 0x2018, 0x2019, 0x201A, 0x201C, 0x201D, 0x201E,
    0x2026, 0x2039, 0x203A, 0xFB00, 0xFB01, 0xFB02, 0xFB03, 0xFB04, 0xFB8C, 0xFEAD, 0xFEAE, 0xFEAF,
};

static const uint8_t ubuntu_c15_boldKernLeftClassIds[] = {
      1,   2,   1,   3,   4,   5,   6,   7,   6,   8,   9,   9,  10,  11,  12,  13,
     14,  15,  16,  17,  18,  18,  19,  20,  21,  22,  18,  23,  24,  25,  26,  27,
     28,  29,  30,  31,  32,  33,  34,  35,  36,  37,  38,  39,  40,  41,  42,  43,
     44,  45,  46,  47,  48,  49,  49,  50,  39,  51,  52,  53,  54,  55,  56,  57,
     58,  59,  60,  61,  62,  63,  64,  65,  66,  11,  11,  11,  11,  11,  11,  15,
     13,  15,  15,  15,  15,  18,  18,  18,  18,  14,  18,  23,  23,  23,  23,  23,
     23,  29,  29,  29,  29,  33,  67,  68,  38,  38,  38,  38,  38,  38,  40,  45,
     45,  45,  45,  69,  49,  50,  50,  50,  50,  50,  50,  55,  55,  55,  55,  59,
     70,  59,  11,  38,  11,  38,  11,  38,  13,  40,  13,  40,  13,  40,  13,  40,
     14,  71,  14,  41,  15,  15,  15,  15,  15,  17,  43,  17,  43,  17,  43,  17,
     43,  18,  44,  18,  44,  18,  45,  18,  45,  18,  45,  18,  45,  18,  45,  19,
     46,  19,  46,  20,  47,  47,  21,  48,  21,  48,  21,  71,  21,  48,  21,  48,
     18,  49,  18,  49,  18,  49,  49,  72,  73,  23,  50,  23,  50,  23,  50,  15,
     26,  52,  26,  52,  26,  52,  27,  53,  27,  53,  27,  53,  27,  53,  28,  54,
     28,  54,  28,  54,  29,  55,  29,  55,  29,  55,  29,  55,  29,  55,  29,  55,
     31,  57,  33,  59,  33,  34,  60,  34,  60,  34,  60,  42,  74,  34,  60,  60,
     19,  46,  46,  19,  46,  46,  11,  38,  18,  45,  23,  50,  29,  55,  29,  55,
     29,  55,  29,  55,  29,  55,  50,  11,  38,  11,  38,  15,  17,  43,  17,  43,
     20,  47,  23,  50,  23,  50,  75,  76,  46,  34,  60,  60,  17,  43,  55,  77,
     18,  49,  11,  38,  15,  23,  50,  11,  38,  11,  38,  15,  15,  18,  45,  18,
     45,  23,  50,  23,  50,  26,  52,  26,  52,  29,  55,  29,  55,  27,  53,  28,
     54,  78,  18,  44,  79,  79,  80,  81,  82,  83,  18,  18,  84,  85,  85,  86,
     87,  18,  88,  18,  89,  80,  90,  81,  91,  79,  92,  93,  18,  18,  87,  94,
     18,  95,  18,  96,  82,  97,  88,  98,  99,  91,  18,  91,  85,  18,  85,  95,
     95, 100, 101, 102, 103, 104, 105, 106, 107, 108, 109, 110, 111, 112, 111, 113,
    114, 115, 116, 117, 118, 104, 111, 111, 104, 119, 111, 119, 120, 121, 122, 105,
    105, 123, 103, 124, 125, 126, 126, 127, 119, 119, 128, 108, 116, 129,  80, 130,
     95, 112, 131, 132,  91, 104,  85, 119, 113,  81, 103,  81, 103,  80, 133,  92,
    106,  93, 107,  87, 108,  87, 108,  87, 108,  87, 108,  91, 104,  97, 103,  85,
    134, 135, 136,  82, 114,  97, 115, 137, 138, 137, 138,  99, 118,  91, 104,  91,
    104, 139, 140, 141, 141,  18,  92, 106, 142, 143, 104,  84, 144,  91, 104, 111,
     91, 104,  18,  89, 100,  89, 100, 145, 146,  79, 105, 147, 147,  92, 106,  93,
    107, 148, 149,  18,  18,  95, 112,  95, 112,  95, 112,  95, 107,  88, 116,  88,
    116,  88, 116,  81, 103,  18, 111, 150, 151, 152, 153, 154, 155, 156, 157, 158,
    159, 160, 161, 162, 163, 164, 165, 166, 167, 168,  33,  59,   7,   7, 169, 170,
    171, 169, 170, 171,   6,  64,  65,  42,  45,  48,  45,  48, 172, 172, 172, 172,
};

static const uint16_t ubuntu_c15_boldKernRightCodepoints[] = {
    0x0021, 0x0022, 0x0026, 0x0027, 0x0028, 0x0029, 0x002A, 0x002C, 0x002D, 0x002E, 0x002F, 0x003A,
    0x003B, 0x003F, 0x0040, 0x0041, 0x0042, 0x0043, 0x0044, 0x0045, 0x0046, 0x0047, 0x0048, 0x0049,
    0x004A, 0x004B, 0x004C, 0x004D, 0x004E, 0x004F, 0x0050, 0x0051, 0x0052, 0x0053, 0x0054, 0x0055,
    0x0056, 0x0057, 0x0058, 0x0059, 0x005A, 0x005B, 0x005C, 0x005D, 0x0061, 0x0062, 0x0063, 0x0064,
    0x0065, 0x0066, 0x0067, 0x0068, 0x0069, 0x006A, 0x006B, 0x006C, 0x006D, 0x006E, 0x006F, 0x0070,
    0x0071, 0x0072, 0x0073, 0x0074, 0x0075, 0x0076, 0x0077, 0x0078, 0x0079, 0x007A, 0x007B, 0x007D,
    0x00AB, 0x00BB, 0x00C0, 0x00C1, 0x00C2, 0x00C3, 0x00C4, 0x00C5, 0x00C6, 0x00C7, 0x00C8, 0x00C9,
    0x00CA, 0x00CB, 0x00CC, 0x00CD, 0x00CE, 0x00CF, 0x00D0, 0x00D1, 0x00D2, 0x00D3, 0x00D4, 0x00D5,
    0x00D6, 0x00D8, 0x00D9, 0x00DA, 0x00DB, 0x00DC, 0x00DD, 0x00DF, 0x00E0, 0x00E1, 0x00E2, 0x00E3,
    0x00E4, 0x00E5, 0x00E6, 0x00E7, 0x00E8, 0x00E9, 0x00EA, 0x00EB, 0x00EC, 0x00ED, 0x00EE, 0x00EF,
    0x00F0, 0x00F1, 0x00F2, 0x00F3, 0x00F4, 0x00F5, 0x00F6, 0x00F8, 0x00F9, 0x00FA, 0x00FB, 0x00FC,
    0x00FD, 0x00FF, 0x0100, 0x0101, 0x0102, 0x0103, 0x0104, 0x0105, 0x0106, 0x0107, 0x0108, 0x0109,
    0x010A, 0x010B, 0x010C, 0x010D, 0x010E, 0x010F, 0x0111, 0x0112, 0x0113, 0x0114, 0x0115, 0x0116,
    0x0117, 0x0118, 0x0119, 0x011A, 0x011B, 0x011C, 0x011D, 0x011E, 0x011F, 0x0120, 0x0121, 0x0122,
    0x0123, 0x0124, 0x0125, 0x0126, 0x0127, 0x0128, 0x0129, 0x012A, 0x012B, 0x012C, 0x012D, 0x012E,
    0x012F, 0x0130, 0x0131, 0x0132, 0x0133, 0x0134, 0x0135, 0x0136, 0x0137, 0x0139, 0x013A, 0x013B,
    0x013C, 0x013D, 0x013E, 0x013F, 0x0140, 0x0141, 0x0142, 0x0143, 0x0144, 0x0145, 0x0146, 0x0147,
    0x0148, 0x0149, 0x014A, 0x014B, 0x014C, 0x014D, 0x014E, 0x014F, 0x0150, 0x0151, 0x0152, 0x0153,
    0x0154, 0x0155, 0x0156, 0x0157, 0x0158, 0x0159, 0x015A, 0x015B, 0x015C, 0x015D, 0x015E, 0x015F,
    0x0160, 0x0161, 0x0162, 0x0163, 0x0164, 0x0165, 0x0166, 0x0167, 0x0168, 0x0169, 0x016A, 0x016B,
    0x016C, 0x016D, 0x016E, 0x016F, 0x0170, 0x0171, 0x0172, 0x0173, 0x0174, 0x0175, 0x0176, 0x0177,
    0x0178, 0x0179, 0x017A, 0x017B, 0x017C, 0x017D, 0x017E, 0x017F, 0x01A0, 0x01A1, 0x01AF, 0x01B0,
    0x01C4, 0x01C5, 0x01C6, 0x01C7, 0x01C8, 0x01C9, 0x01CA, 0x01CB, 0x01CC, 0x01CD, 0x01CE, 0x01CF,
    0x01D0, 0x01D1, 0x01D2, 0x01D3, 0x01D4, 0x01D5, 0x01D6, 0x01D7, 0x01D8, 0x01D9, 0x01DA, 0x01DB,
    0x01DC, 0x01DD, 0x01DE, 0x01DF, 0x01E0, 0x01E1, 0x01E2, 0x01E3, 0x01E4, 0x01E5, 0x01E6, 0x01E7,
    0x01E8, 0x01E9, 0x01EA, 0x01EB, 0x01EC, 0x01ED, 0x01EE, 0x01F0, 0x01F1, 0x01F2, 0x01F3, 0x01F4,
    0x01F5, 0x01F8, 0x01F9, 0x01FA, 0x01FB, 0x01FC, 0x01FD, 0x01FE, 0x01FF, 0x0200, 0x0201, 0x0202,
    0x0203, 0x0204, 0x0205, 0x0206, 0x0207, 0x0208, 0x0209, 0x020A, 0x020B, 0x020C, 0x020D, 0x020E,
    0x020F, 0x0210, 0x0211, 0x0212, 0x0213, 0x0214, 0x0215, 0x0216, 0x0217, 0x0218, 0x0219, 0x021A,
    0x021B, 0x021C, 0x021D, 0x021E, 0x021F, 0x0402, 0x0404, 0x0405, 0x0408, 0x0409, 0x040B, 0x040E,
    0x0410, 0x0414, 0x0416, 0x0417, 0x041B, 0x041C, 0x041E, 0x0421, 0x0422, 0x0423, 0x0424, 0x0425,
    0x0427, 0x042D, 0x042F, 0x0430, 0x0431, 0x0432, 0x0433, 0x0434, 0x0435, 0x0436, 0x0437, 0x0438,
    0x0439, 0x043A, 0x043B, 0x043C, 0x043D, 0x043E, 0x043F, 0x0440, 0x0441, 0x0442, 0x0443, 0x0444,
    0x0445, 0x0446, 0x0447, 0x0448, 0x0449, 0x044A, 0x044B, 0x044C, 0x044D, 0x044E, 0x044F, 0x0450,
    0x0451, 0x0452, 0x0453, 0x0454, 0x0455, 0x0456, 0x0457, 0x0458, 0x0459, 0x045A, 0x045B, 0x045C,
    0x045D, 0x045E, 0x045F, 0x0462, 0x0463, 0x0472, 0x0473, 0x0475, 0x048B, 0x048D, 0x048F, 0x0491,
    0x0493, 0x0495, 0x0496, 0x0497, 0x0498, 0x0499, 0x049B, 0x049D, 0x049F, 0x04A1, 0x04A3, 0x04A5,
    0x04A7, 0x04A8, 0x04A9, 0x04AA, 0x04AB, 0x04AC, 0x04AD, 0x04AE, 0x04AF, 0x04B0, 0x04B1, 0x04B2,
    0x04B3, 0x04B4, 0x04B5, 0x04B6, 0x04B7, 0x04B8, 0x04B9, 0x04BB, 0x04BC, 0x04BD, 0x04BE, 0x04BF,
    0x04C1, 0x04C2, 0x04C4, 0x04C5, 0x04C6, 0x04C8, 0x04CA, 0x04CB, 0x04CC, 0x04CE, 0x04D0, 0x04D1,
    0x04D2, 0x04D3, 0x04D4, 0x04D5, 0x04D7, 0x04D8, 0x04D9, 0x04DA, 0x04DB, 0x04DC, 0x04DD, 0x04DE,
    0x04DF, 0x04E0, 0x04E1, 0x04E3, 0x04E5, 0x04E6, 0x04E7, 0x04E8, 0x04E9, 0x04EA, 0x04EB, 0x04EC,
    0x04ED, 0x04EE, 0x04EF, 0x04F0, 0x04F1, 0x04F2, 0x04F3, 0x04F4, 0x04F5, 0x04F7, 0x04F9, 0x05D0,
    0x05D1, 0x05D2, 0x05D3, 0x05D4, 0x05D6, 0x05D7, 0x05D8, 0x05D9, 0x05DA, 0x05DB, 0x05DC, 0x05DD,
    0x05DE, 0x05E1, 0x05E2, 0x05E3, 0x05E4, 0x05E5, 0x05E7, 0x05E8, 0x05E9, 0x05EA, 0x06D5, 0x1EF2,
    0x1EF3, 0x2013, 0x2014, 0x2018, 0x2019, 0x201A, 0x201C, 0x201D, 0x201E, 0x2026, 0x2039, 0x203A,
    0xFB00, 0xFB01, 0xFB02, 0xFB03, 0xFB04, 0xFB8E, 0xFBA6, 0xFBAA, 0xFE8D, 0xFEA3, 0xFEA9, 0xFEB1,
    0xFEB3, 0xFEB9, 0xFEBB, 0xFEC1, 0xFEC3, 0xFEC9, 0xFECB, 0xFECD, 0xFEDB, 0xFEDF, 0xFEE1, 0xFEE3,
    0xFEEB,
};

static const uint8_t ubuntu_c15_boldKernRightClassIds[] = {
      1,   2,   3,   2,   4,   5,   6,   7,   8,   7,   9,  10,  10,  11,  12,  13,
     14,  15,  14,  14,  14,  16,  14,  14,  17,  14,  14,  18,  14,  19,  14,  19,
     14,  20,  21,  22,  23,  24,  25,  26,  27,  28,  29,  30,  31,  32,  33,  34,
     33,  35,  33,  36,  37,  38,  36,  36,  39,  39,  34,  39,  33,  39,  40,  41,
     42,  43,  44,  45,  46,  47,  48,  49,  50,  51,  13,  13,  13,  13,  13,  13,
     52,  15,  14,  14,  14,  14,  14,  14,  14,  14,  14,  14,  19,  19,  19,  19,
     19,  19,  22,  22,  22,  22,  26,  53,  31,  31,  31,  31,  54,  31,  31,  33,
     33,  33,  33,  33,  55,  37,  56,  57,  58,  39,  34,  34,  34,  34,  34,  34,
     42,  42,  42,  42,  46,  46,  13,  31,  13,  31,  13,  31,  15,  33,  15,  33,
     15,  33,  15,  33,  14,  34,  34,  14,  33,  14,  33,  14,  33,  14,  33,  14,
     33,  16,  33,  16,  33,  16,  33,  16,  33,  14,  36,  14,  36,  14,  59,  14,
     60,  14,  61,  14,  37,  14,  37,  14,  37,  17,  38,  14,  36,  14,  36,  14,
     36,  14,  36,  14,  36,  14,  36,  14,  39,  14,  39,  14,  39,  39,  62,  63,
     19,  34,  19,  34,  19,  34,  19,  34,  14,  39,  14,  39,  14,  39,  20,  40,
     20,  40,  20,  40,  20,  40,  21,  41,  21,  41,  21,  41,  22,  42,  22,  42,
     22,  42,  22,  42,  22,  42,  22,  42,  24,  44,  26,  46,  26,  27,  47,  27,
     47,  27,  47,  35,  19,  34,  22,  42,  14,  14,  34,  14,  14,  36,  14,  14,
     39,  13,  31,  14,  37,  19,  34,  22,  42,  22,  42,  22,  42,  22,  42,  22,
     42,  64,  13,  31,  13,  31,  52,  31,  16,  33,  16,  33,  14,  36,  19,  34,
     19,  34,  65,  38,  14,  14,  34,  16,  33,  14,  39,  13,  31,  52,  31,  19,
     34,  13,  31,  13,  31,  14,  33,  14,  33,  14,  37,  14,  37,  19,  34,  19,
     34,  14,  39,  14,  39,  22,  42,  22,  42,  20,  40,  21,  41,  66,  67,  14,
     36,  68,  69,  70,  71,  72,  68,  73,  74,  75,  76,  77,  72,  78,  79,  69,
     68,  73,  80,  81,  82,  83,  84,  85,  86,  87,  88,  89,  90,  91,  92,  88,
     88,  88,  93,  94,  88,  95,  88,  96,  97,  98,  99, 100, 101,  88, 102,  88,
    103, 104,  88,  88, 105, 106, 107,  90,  90, 108,  88, 109, 110, 111, 112, 113,
     93,  88, 114,  88,  88,  99, 103,  68, 115,  79,  95,  99,  88, 116,  96,  88,
     88,  88,  76,  91,  77,  92,  88,  88,  88,  88,  88,  88,  88, 117, 118,  69,
     97,  68,  98, 119, 120, 119, 120,  81, 101,  68,  98,  82, 102,  82, 102, 121,
    122, 123, 122, 123,  76,  91,  88,  72,  93,  88,  88,  82, 102,  94,  74,  85,
     74,  85, 124, 125,  90, 126, 127, 126, 127,  76,  91,  77,  92, 128, 129,  88,
     88,  79,  95,  79,  95,  79,  95,  83,  92,  73,  99,  73,  99,  73,  99,  82,
    102,  88,  88, 130, 131, 132, 133, 134, 135, 136, 137, 138, 139, 140, 141, 142,
    143, 144, 145, 146, 147, 148, 149, 150, 151, 152, 153,  26,  46,   8,   8, 154,
    155, 156, 154, 155, 156,   7,  50,  51,  35,  35,  35,  35,  35, 153, 153, 153,
    157, 153, 158, 158, 158, 158, 158, 158, 158, 159, 157, 159, 153, 157, 153, 153,
    153,
};

static const uint16_t ubuntu_c15_boldKernRowOffsets[] = {
        0,    29,    47,   121,   151,   198,   255,   312,   386,   411,   437,   478,   502,   540,   561,   579,
      615,   627,   628,   636,   680,   722,   731,   752,   780,   800,   834,   854,   905,   914,   960,  1001,
     1048,  1099,  1136,  1222,  1248,  1261,  1274,  1292,  1311,  1323,  1354,  1366,  1379,  1390,  1402,  1428,
     1447,  1460,  1478,  1491,  1514,  1523,  1541,  1552,  1572,  1593,  1617,  1637,  1656,  1701,  1726,  1730,
     1750,  1793,  1836,  1859,  1875,  1886,  1898,  1931,  1932,  1937,  1940,  1945,  1946,  1953,  1956,  1966,
     1989,  2046,  2088,  2112,  2118,  2146,  2164,  2218,  2272,  2319,  2338,  2370,  2423,  2441,  2454,  2476,
     2507,  2555,  2583,  2638,  2648,  2655,  2664,  2682,  2703,  2717,  2748,  2756,  2788,  2794,  2801,  2807,
     2822,  2836,  2851,  2869,  2886,  2907,  2937,  2954,  2967,  2982,  2988,  2998,  3006,  3013,  3016,  3022,
     3034,  3040,  3059,  3113,  3136,  3147,  3165,  3182,  3194,  3252,  3268,  3285,  3297,  3308,  3324,  3337,
     3341,  3348,  3358,  3376,  3389,  3398,  3403,  3408,  3415,  3426,  3432,  3433,  3441,  3452,  3458,  3467,
     3472,  3475,  3482,  3484,  3491,  3498,  3508,  3515,  3525,  3579,  3654,  3689,  3693,
};

static const uint8_t ubuntu_c15_boldKernSparseCols[] = {
     12,  16,  22,  23,  51,  67,  70,  71,  73,  74,  79,  81,  84,  88,  89,  92,
     93,  94,  96,  99, 106, 107, 108, 109, 113, 117, 123, 124, 126,  12,  14,  15,
     16,  18,  20,  22,  23,  24,  25,  30,  32,  33,  42,  43,  44,  45,  53,   3,
      4,   5,   7,  11,  14,  15,  18,  20,  22,  23,  24,  25,  26,  30,  32,  33,
     34,  36,  37,  38,  39,  41,  42,  43,  45,  52,  53,  54,  55,  56,  57,  58,
     59,  60,  67,  68,  69,  72,  74,  75,  78,  79,  80,  84,  85,  86,  87,  88,
     89,  93,  94,  96,  98,  99, 101, 102, 105, 107, 108, 109, 110, 111, 112, 113,
    116, 117, 118, 122, 123, 124, 125, 126, 128,   3,   5,   7,  11,  12,  16,  20,
     22,  23,  24,  25,  26,  44,  51,  61,  67,  69,  70,  72,  73,  75,  76,  80,
     82,  83, 100, 107, 118, 127, 128,  11,  12,  16,  17,  24,  25,  30,  32,  33,
     37,  39,  42,  43,  44,  45,  51,  53,  57,  61,  70,  71,  72,  73,  74,  75,
     76,  77,  80,  82,  84,  88,  89,  92,  93,  94,  96,  99, 100, 106, 108, 109,
    112, 117, 123, 124, 125, 127,  12,  14,  15,  16,  18,  19,  20,  21,  22,  23,
     24,  25,  26,  30,  32,  33,  42,  43,  44,  45,  46,  51,  53,  57,  67,  68,
     69,  70,  71,  73,  74,  75,  76,  78,  79,  80,  81,  88,  91,  92,  94,  97,
     98, 100, 101, 103, 104, 114, 116, 118, 119, 121, 122, 123, 125, 127, 128,  14,
     15,  16,  18,  20,  22,  24,  25,  26,  30,  32,  33,  34,  43,  44,  51,  53,
     57,  61,  67,  68,  69,  70,  72,  75,  78,  79,  80,  82,  84,  85,  86,  87,
     89,  90,  94,  95,  96,  99, 100, 101, 102, 105, 106, 108, 110, 111, 112, 115,
    116, 117, 118, 120, 122, 125, 126, 127,  11,  12,  14,  15,  16,  18,  20,  22,
     23,  24,  25,  26,  30,  31,  32,  33,  35,  36,  37,  38,  39,  41,  46,  51,
     53,  54,  55,  56,  57,  58,  59,  60,  67,  68,  70,  71,  72,  73,  74,  75,
     78,  79,  80,  81,  83,  84,  85,  86,  87,  88,  89,  92,  93,  94,  95,  96,
     99, 102, 105, 106, 107, 108, 109, 110, 111, 112, 113, 116, 117, 118, 123, 124,
    126, 128,  12,  16,  20,  22,  24,  25,  26,  42,  43,  44,  45,  46,  51,  67,
     70,  73,  80,  92, 100, 114, 115, 118, 121, 122, 123,  12,  16,  20,  22,  23,
     24,  25,  26,  44,  51,  61,  67,  69,  70,  72,  73,  75,  76,  80,  82,  83,
    100, 107, 118, 123, 127,   1,   3,   5,   6,   8,   9,  10,  12,  14,  15,  16,
     18,  19,  20,  21,  22,  23,  24,  25,  26,  28,  29,  30,  32,  33,  39,  42,
     43,  44,  45,  46,  47,  49,  50,  51,  53,  57,  65, 153, 154, 155,   4,   5,
      7,   8,   9,  10,  12,  20,  22,  23,  24,  25,  28,  29,  42,  44,  45,  46,
     48,  49,  50,  51,  65, 155,   2,   3,   4,   5,   6,   7,   8,   9,  10,  12,
     14,  15,  16,  18,  19,  20,  22,  23,  24,  25,  26,  28,  29,  30,  32,  33,
     39,  41,  44,  46,  49,  50,  51,  53,  57, 153, 154, 155,   4,   6,   7,   8,
     10,  12,  16,  20,  22,  23,  24,  25,  26,  29,  48,  49,  51,  64,  65, 154,
    155,  16,  18,  22,  24,  25,  26,  30,  32,  33,  44,  50,  51,  53,  57,  61,
    153, 154, 155,   2,   3,   4,   6,   7,   8,  10,  11,  12,  14,  15,  16,  17,
     18,  20,  22,  23,  24,  25,  28,  29,  30,  32,  33,  38,  39,  41,  44,  46,
     50,  51,  53,  57, 153, 154, 155,   5,   6,   7,   9,  20,  22,  23,  25,  42,
     45, 153, 155,   8,   8,  12,  16,  28,  50,  51, 153, 154,   2,   3,   4,   5,
      6,   7,   8,   9,  11,  12,  14,  15,  16,  18,  20,  22,  23,  24,  25,  26,
     28,  29,  30,  32,  33,  39,  40,  41,  42,  43,  44,  45,  46,  47,  49,  51,
     53,  56,  57,  58,  59,  60,  63, 155,   0,   1,   2,   5,   6,   7,   8,   9,
     10,  12,  14,  15,  16,  17,  18,  19,  20,  21,  22,  23,  24,  25,  26,  28,
     29,  30,  39,  42,  43,  44,  45,  46,  47,  48,  49,  50,  51,  53,  65, 153,
    154, 155,   5,   8,  10,  20,  22,  25,  28, 153, 154,   4,   6,   7,   8,  10,
     12,  16,  20,  22,  23,  24,  25,  26,  29,  48,  49,  51,  64,  65, 154, 155,
      2,   4,   6,   8,   9,  12,  16,  20,  24,  25,  27,  29,  30,  32,  33,  42,
     43,  44,  45,  48,  49,  50,  51,  53,  57, 153, 154, 155,   4,   6,   7,   8,
     10,  12,  16,  20,  22,  23,  24,  25,  26,  29,  37,  49,  51,  64, 154, 155,
      5,   6,   7,   8,   9,  10,  11,  12,  14,  15,  16,  18,  20,  21,  22,  24,
     25,  26,  28,  29,  30,  32,  33,  40,  41,  44,  46,  49,  51,  53,  57, 153,
    154, 155,   4,   5,   6,   7,   8,  10,  20,  22,  23,  25,  30,  42,  43,  44,
     45,  49,  51,  53, 153, 155,   2,   3,   4,   6,   7,   8,   9,  10,  11,  12,
     14,  15,  16,  17,  18,  20,  22,  23,  24,  25,  26,  28,  29,  30,  32,  33,
     38,  39,  41,  42,  43,  44,  45,  46,  47,  49,  50,  51,  53,  54,  55,  56,
     57,  58,  59,  60,  62,  63, 153, 154, 155,   6,   8,   9,  12,  16,  28,  51,
    153, 154,   1,   2,   3,   4,   6,   7,   8,   9,  10,  11,  12,  14,  15,  16,
     17,  18,  20,  22,  23,  24,  25,  26,  28,  29,  30,  32,  33,  38,  39,  41,
     46,  47,  49,  51,  53,  54,  56,  57,  58,  59,  60,  62,  63, 153, 154, 155,
      1,   2,   3,   4,   6,   8,  10,  11,  12,  14,  15,  16,  18,  20,  22,  23,
     24,  25,  26,  28,  29,  30,  32,  33,  38,  39,  41,  42,  43,  44,  45,  47,
     49,  51,  53,  56,  57,  58, 153, 154, 155,   2,   3,   4,   5,   6,   7,   8,
      9,  10,  11,  12,  14,  15,  16,  18,  19,  20,  22,  23,  24,  25,  26,  28,
     29,  30,  32,  33,  39,  41,  42,  43,  44,  45,  46,  47,  49,  51,  53,  56,
     57,  58,  59,  60,  63, 153, 154, 155,   0,   2,   3,   4,   5,   6,   7,   8,
      9,  10,  11,  12,  14,  15,  16,  17,  18,  19,  20,  22,  23,  24,  25,  26,
     28,  29,  30,  32,  33,  38,  39,  41,  42,  44,  45,  46,  47,  49,  50,  51,
     53,  56,  57,  58,  59,  60,  62,  63, 153, 154, 155,   2,   4,   6,   7,   9,
     10,  11,  12,  14,  15,  16,  18,  19,  20,  22,  23,  24,  25,  26,  28,  29,
     30,  32,  33,  44,  46,  49,  50,  51,  53,  55,  56,  58,  59, 153, 154, 155,
     12,  14,  15,  16,  18,  20,  22,  23,  24,  25,  26,  29,  30,  32,  33,  36,
     37,  38,  39,  41,  42,  43,  44,  45,  46,  51,  53,  54,  55,  56,  57,  58,
     59,  60,  67,  68,  69,  70,  71,  72,  73,  74,  75,  78,  79,  80,  83,  84,
     85,  86,  87,  88,  89,  90,  91,  92,  93,  94,  96,  97,  98,  99, 100, 101,
    102, 103, 104, 105, 106, 107, 108, 109, 110, 111, 112, 113, 114, 115, 116, 117,
    118, 119, 122, 124, 126, 128,  12,  13,  14,  15,  16,  17,  18,  20,  21,  22,
     23,  24,  25,  26,  30,  32,  33,  37,  40,  41,  42,  43,  45,  51,  53,  57,
     37,  68,  69,  78,  79,  82,  83,  99, 112, 116, 117, 125, 128,   1,   4,   5,
     10,  28,  29,  42,  43,  45,  48, 153, 154, 155,   1,   4,   5,   6,   7,   8,
     10,  28,  29,  42,  43,  44,  45,  46,  48,  49, 153, 154,   6,   7,   9,  10,
     11,  29,  30,  32,  33,  42,  43,  44,  45,  49,  53,  57, 153, 154, 155,   4,
      5,   7,  10,  28,  29,  42,  43,  45, 153, 154, 155,   4,   5,   6,   8,   9,
     10,  28,  29,  30,  32,  33,  36,  37,  42,  43,  44,  45,  48,  49,  50,  53,
     54,  55,  56,  57,  58,  59,  60, 153, 154, 155,   4,   5,  10,  28,  29,  37,
     42,  43,  45, 153, 154, 155,   1,   4,   5,  10,  28,  29,  42,  43,  45,  48,
    153, 154, 155,   4,   5,  10,  28,  29,  42,  43,  45, 153, 154, 155,   4,   5,
     10,  28,  29,  37,  42,  43,  45, 153, 154, 155,   2,   3,   5,   6,   7,   8,
      9,  11,  29,  30,  32,  33,  40,  41,  42,  43,  44,  45,  46,  47,  49,  53,
     57, 153, 154, 155,   4,   5,   6,   9,  10,  28,  29,  30,  42,  43,  44,  45,
     46,  49,  50,  53, 153, 154, 155,   1,   4,   5,  10,  28,  29,  42,  43,  45,
     48, 153, 154, 155,   1,   4,   5,   6,   7,   8,  10,  28,  29,  42,  43,  44,
     45,  46,  48,  49, 153, 154,   4,   5,   8,  10,  28,  29,  37,  42,  43,  45,
    153, 154, 155,   2,   5,   6,   8,   9,  10,  28,  29,  30,  32,  33,  42,  43,
     44,  45,  46,  49,  50,  53,  57, 153, 154, 155,   4,   5,   8,  10,  28,  29,
     46,  48, 155,   6,   7,   9,  10,  28,  29,  30,  32,  33,  42,  43,  44,  45,
     49,  53,  57, 153, 155,   4,   5,  10,  28,  29,  42,  43,  45, 153, 154, 155,
      2,   5,   6,   8,   9,  29,  30,  32,  33,  42,  43,  44,  45,  46,  50,  53,
     57, 153, 154, 155,   2,   5,   6,   7,   8,   9,  29,  30,  32,  33,  42,  43,
     44,  45,  46,  50,  53,  57, 153, 154, 155,   2,   3,   5,   6,   7,   8,   9,
     11,  29,  30,  32,  33,  42,  43,  44,  45,  46,  47,  49,  53,  57, 153, 154,
    155,   2,   5,   6,   8,   9,  29,  30,  32,  33,  42,  43,  44,  45,  46,  50,
     53,  57, 153, 154, 155,   6,   8,   9,  10,  29,  30,  32,  33,  42,  43,  44,
     45,  48,  49,  50,  53, 153, 154, 155,  14,  15,  18,  48,  67,  68,  69,  71,
     72,  74,  75,  78,  79,  80,  83,  84,  85,  86,  87,  88,  89,  91,  93,  94,
     96,  97,  98,  99, 101, 102, 103, 104, 105, 106, 107, 108, 109, 112, 113, 116,
    117, 118, 124, 126, 128,  16,  20,  22,  24,  25,  51,  67,  69,  70,  71,  72,
     73,  74,  75,  76,  80,  82,  83,  88,  90,  92, 118, 122, 127, 128,  20,  22,
     23,  25,  12,  16,  20,  22,  25,  26,  42,  43,  45,  46,  67,  70,  73,  92,
    114, 115, 118, 119, 121, 122,  12,  14,  15,  16,  18,  19,  20,  22,  23,  24,
     25,  26,  30,  32,  33,  44,  46,  51,  53,  57,  67,  69,  70,  71,  72,  73,
     74,  75,  76,  78,  80,  82,  83,  88,  90,  92,  94, 100, 104, 118, 123, 127,
    128,  12,  13,  14,  15,  16,  17,  18,  19,  20,  21,  22,  23,  24,  25,  26,
     30,  31,  32,  33,  34,  35,  36,  37,  38,  39,  40,  41,  42,  43,  44,  45,
     46,  51,  52,  53,  54,  55,  56,  57,  58,  59,  60,  61,   4,   6,   7,   8,
      9,  10,  12,  16,  20,  22,  23,  24,  25,  26,  28,  29,  30,  48,  49,  51,
     53,  64,  65,   1,   4,   5,   7,  10,  27,  28,  29,  42,  43,  44,  45,  48,
     66, 153, 154,   4,   6,   7,   8,  10,  28,  29,  48,  49, 153, 154,   1,   4,
      5,   8,  10,  29,  42,  44,  45,  48, 153, 154,   1,   4,   6,   7,  10,  28,
     29,  30,  31,  32,  33,  35,  36,  37,  38,  39,  40,  41,  42,  43,  44,  45,
     46,  48,  53,  54,  55,  56,  58,  59,  60, 153, 154,  37,   1,   5,  10, 153,
    154,  12,  16,  51,  42,  43,  44,  45,  66,  37,  12,  16,  24,  25,  30,  51,
     53,  22,  25,  61,  70,  75,  78,  79,  80,  94, 100, 101, 123, 128,   1,   4,
      5,   7,   8,  10,  27,  67,  69,  72,  80,  81,  82,  83,  90,  97,  98, 100,
    103, 114, 119, 121, 128,   3,   4,   6,   7,   8,   9,  10,  11,  27,  29,  47,
     49,  50,  67,  68,  70,  71,  73,  74,  77,  78,  79,  80,  83,  84,  85,  86,
     87,  88,  89,  91,  92,  93,  94,  95,  96,  99, 100, 101, 102, 104, 105, 106,
    108, 109, 111, 116, 117, 118, 122, 123, 124, 125, 126, 128, 153, 154,   3,   4,
      5,   6,   7,   8,   9,  10,  29,  47,  48,  49,  50,  67,  68,  69,  70,  71,
     73,  74,  75,  76,  78,  79,  80,  84,  88,  90,  92,  94, 100, 107, 109, 113,
    116, 118, 122, 123, 125, 128, 153, 154,   1,   3,   4,   5,   6,   7,   8,  10,
     27,  49,  67,  81,  82,  83,  84,  97,  98, 100, 103, 114, 119, 121, 128, 153,
      8,  50,  70,  73, 153, 154,   1,   4,   5,   7,   8,  10,  27,  29,  48,  67,
     69,  72,  75,  80,  81,  82,  83,  90,  97,  98, 100, 103, 114, 118, 119, 128,
    153, 154,   1,   5,   6,   7,  10,  29,  48,  67,  81,  97, 114, 118, 119, 121,
    123, 128, 153, 154,   3,   4,   5,   6,   7,   8,   9,  11,  29,  47,  48,  49,
     67,  68,  70,  71,  72,  73,  74,  75,  78,  79,  80,  84,  85,  88,  89,  90,
     92,  94,  96,  97,  98,  99, 100, 101, 103, 104, 106, 107, 108, 109, 113, 114,
    116, 117, 118, 119, 121, 122, 123, 125, 126, 128,   1,   3,   4,   6,   7,   8,
      9,  10,  11,  29,  47,  48,  49,  67,  68,  70,  71,  72,  73,  74,  75,  77,
     78,  79,  80,  83,  84,  85,  86,  87,  88,  89,  92,  93,  94,  95,  96,  99,
    102, 105, 106, 107, 108, 109, 111, 113, 116, 117, 118, 123, 124, 126, 153, 154,
      1,   3,   5,   6,   8,   9,  10,  29,  47,  49,  50,  67,  68,  69,  70,  71,
     73,  74,  75,  76,  78,  79,  80,  81,  88,  90,  92,  94,  97,  98, 100, 101,
    103, 104, 106, 109, 114, 116, 118, 119, 121, 122, 123, 125, 128, 153, 154,   4,
      5,   7,   8,   9,  10,  29,  48,  49,  50,  67,  69,  73,  75,  80,  82,  83,
    100, 118,   1,   4,   5,   6,   8,  10,  29,  47,  48,  49,  67,  70,  71,  73,
     74,  75,  76,  79,  80,  81,  88,  90,  92,  98, 100, 101, 112, 118, 121, 123,
    153, 154,   3,   4,   5,   6,   7,   8,   9,  10,  11,  29,  47,  48,  49,  67,
     68,  70,  71,  72,  73,  74,  75,  78,  79,  80,  84,  85,  88,  89,  90,  92,
     94,  96,  97,  98,  99, 100, 101, 103, 107, 108, 109, 113, 114, 116, 117, 118,
    119, 121, 122, 123, 125, 126, 128,   4,   5,   7,   8,   9,  10,  29,  48,  49,
     50,  67,  69,  73,  75,  80,  83, 100, 118,   3,   4,   5,  10,  27,  29,  48,
     67,  99, 101, 118, 153, 154,   4,   6,   7,   8,  10,  27,  29,  48,  49,  67,
     70,  72,  73,  75,  76,  80,  82,  83, 118, 123, 127, 154,   4,   6,   8,   9,
     27,  29,  48,  49,  50,  67,  70,  71,  73,  74,  75,  76,  80,  82,  84,  88,
     92,  93,  94,  98, 100, 115, 119, 121, 123, 153, 154,   1,   3,   4,   6,   7,
      8,   9,  10,  11,  29,  47,  48,  49,  50,  67,  70,  71,  72,  73,  74,  75,
     77,  78,  79,  80,  84,  88,  89,  92,  93,  94,  96,  99, 100, 106, 107, 108,
    109, 111, 113, 117, 118, 121, 123, 124, 126, 153, 154,   1,   4,   6,   7,   8,
     10,  27,  29,  48,  67,  70,  71,  72,  73,  74,  75,  76,  80,  82,  83,  88,
     92,  93, 107, 113, 118, 123, 127,   3,   4,   5,   6,   7,   8,   9,  10,  11,
     29,  47,  48,  49,  67,  68,  69,  70,  71,  72,  73,  74,  75,  76,  78,  79,
     80,  85,  88,  89,  90,  92,  94,  96,  97,  98,  99, 100, 101, 103, 107, 108,
    109, 113, 114, 116, 117, 118, 119, 122, 123, 125, 126, 128, 153, 154,   1,   4,
      5,   7,  10,  29,  48, 128, 153, 154,   5,   7,   8,  27,  90, 100, 128,   1,
      4,   5,  10,  29,  48, 128, 153, 154,   6,   8,   9,  29,  50,  88,  90,  92,
     97,  98, 100, 103, 114, 115, 119, 122, 153, 154,   1,   4,   5,   6,   8,  10,
     29,  48,  49,  88,  90,  92,  97,  98, 100, 101, 103, 104, 112, 153, 154,   1,
      4,   5,   6,   7,   8,  10,  29,  48,  49, 100, 128, 153, 154,   3,   5,   6,
      7,   8,   9,  11,  29,  47,  49,  84,  88,  89,  90,  91,  92,  94,  96,  97,
     98,  99, 100, 103, 104, 106, 114, 115, 117, 119, 153, 154,   1,   4,   6,   7,
     10,  29,  48,  92,   3,   5,   6,   7,   8,   9,  11,  29,  47,  49,  84,  88,
     89,  90,  91,  92,  94,  96,  97,  98,  99, 100, 103, 104, 106, 108, 114, 115,
    117, 119, 153, 154,   4,   7,  10,  29,  48, 128,   1,   4,   5,  10,  29,  48,
    128,   4,   7,  10,  29,  48, 128,   1,   4,   5,   6,   7,   8,  10,  29,  48,
     49,  90, 100, 128, 153, 154,   1,   4,   5,   7,   8,  10,  27,  29,  48,  90,
    107, 128, 153, 154,   6,   7,   9,  10,  11,  29,  48,  49,  90,  94, 100, 114,
    119, 153, 154,   6,   8,  29,  48,  88,  90,  92,  97,  98,  99, 100, 103, 114,
    115, 119, 122, 153, 154,   6,   8,  29,  88,  90,  92,  97,  98,  99, 100, 103,
    114, 115, 119, 122, 153, 154,   1,   4,   5,   7,   8,  10,  27,  29,  48,  90,
     91,  97,  98, 100, 101, 106, 107, 113, 128, 153, 154,   3,   5,   6,   7,   8,
      9,  11,  29,  47,  49,  88,  89,  90,  91,  92,  94,  96,  97,  98,  99, 100,
    103, 104, 106, 114, 115, 117, 119, 153, 154,   1,   4,   5,   7,  10,  27,  29,
     48,  92,  97,  98, 103, 114, 119, 128, 153, 154,   1,   4,   5,   6,   7,   8,
     10,  29,  48,  49, 100, 153, 154,   1,   4,   5,   6,   7,   8,  10,  29,  48,
     49,  90, 100, 128, 153, 154,   4,   7,  10,  29,  48, 128,   1,   3,   5,   7,
     10, 107, 112, 128, 153, 154,   6,  10,  29,  48,  49,  90,  99, 100,   4,   5,
      8,  10,  29,  48, 128,   4,   7, 128,   3,   4,   7,  29, 112, 128,   1,   3,
      4,   5,   7,  10,  29,  48, 112, 128, 153, 154,   4,   7,  10,  29,  48, 128,
      1,   4,   5,  10,  27,  29,  48,  97,  98, 101, 103, 106, 107, 113, 114, 119,
    128, 153, 154,   0,   1,   3,   4,   6,   7,   8,  10,  11,  29,  48,  49,  67,
     68,  70,  71,  72,  73,  74,  75,  76,  78,  79,  80,  81,  82,  84,  86,  87,
     88,  89,  92,  93,  94,  95,  96,  99, 102, 106, 107, 108, 109, 113, 116, 117,
    118, 121, 122, 123, 124, 126, 127, 153, 154,   1,   5,   6,   8,   9,  29,  50,
     88,  90,  91,  92,  97,  98, 100, 101, 103, 104, 114, 115, 119, 122, 153, 154,
      1,   3,   5,   6,  10,  90,  92, 100, 101, 112, 153,   1,   3,   5,   6,  10,
     27,  90,  92,  97, 100, 101, 103, 112, 114, 119, 122, 153, 154,   1,   5,   7,
     10,  27,  67,  69,  72,  75,  80,  82,  83,  90, 112, 118, 153, 154,   1,   5,
      7,   8,  10,  97, 103, 112, 114, 119, 153, 154,   3,   4,   6,   7,   8,   9,
     10,  11,  29,  47,  48,  49,  50,  67,  68,  69,  70,  71,  72,  73,  74,  75,
     77,  78,  79,  80,  81,  83,  84,  85,  86,  87,  88,  89,  91,  92,  93,  94,
     95,  96,  99, 101, 102, 104, 105, 106, 107, 108, 109, 113, 116, 117, 118, 122,
    123, 124, 126, 154,   6,   8,  29,  50,  88,  90,  92,  97,  98, 100, 103, 114,
    115, 119, 122, 154,   1,   3,   4,   5,   6,   7,  10,  27,  29,  48,  67,  81,
    118, 121, 123, 153, 154,   1,   3,   4,   5,   7,  10,  29,  48, 112, 128, 153,
    154,   4,   7,   8,  10,  27,  29,  48,  72,  82,  83, 118,   3,   5,  27,  68,
     78,  79,  97, 101, 103, 112, 114, 116, 119, 121, 122, 125,   3,   6,  49,  90,
     92,  97,  98, 100, 103, 112, 114, 119, 154,   7,  10, 112, 128,   6,  70,  73,
     75,  79,  80, 123,   1,   4,   5,   7,  10,  29,  48, 128, 153, 154,   4,   6,
      7,   8,  10,  29,  48,  70,  72,  73,  75,  76,  80,  82,  83, 118, 123, 127,
      5,   7,   8,  69,  83,  90,  97,  98, 100, 103, 114, 119, 128,   3,   6,  10,
     47,  49,  90,  99, 100, 112, 137, 139, 146, 148, 150, 132, 138, 143, 146, 149,
    130, 136, 137, 139, 140, 142, 146, 130, 133, 136, 138, 139, 141, 142, 143, 145,
    146, 149, 130, 136, 141, 143, 146, 149, 130, 132, 136, 138, 145, 146, 147, 148,
    149, 130, 133, 135, 136, 139, 141, 142, 143, 146, 149, 151, 136, 139, 142, 143,
    145, 146, 130, 131, 136, 138, 139, 143, 145, 146, 150, 139, 141, 142, 143, 146,
    136, 137, 139, 136, 138, 140, 143, 145, 146, 149, 136, 143, 138, 139, 140, 143,
    145, 146, 150, 129, 130, 132, 137, 141, 143, 146, 130, 136, 138, 139, 142, 143,
    145, 146, 149, 151, 130, 136, 139, 141, 143, 146, 149, 132, 134, 137, 139, 140,
    142, 143, 144, 146, 150,  12,  14,  15,  16,  17,  18,  19,  20,  21,  22,  23,
     24,  25,  26,  30,  32,  33,  39,  42,  43,  45,  51,  53,  57,  67,  69,  70,
     71,  73,  74,  75,  77,  78,  79,  80,  81,  84,  88,  89,  92,  93,  94,  96,
     99, 106, 107, 108, 109, 113, 117, 118, 123, 124, 126,  12,  14,  15,  16,  18,
     19,  20,  21,  22,  23,  24,  25,  26,  30,  31,  32,  33,  34,  35,  36,  38,
     39,  41,  42,  43,  45,  46,  51,  52,  53,  54,  55,  56,  57,  58,  59,  60,
     67,  68,  69,  70,  71,  73,  74,  78,  79,  80,  83,  84,  86,  87,  88,  89,
     91,  92,  93,  94,  95,  96,  99, 102, 104, 105, 106, 108, 109, 116, 117, 118,
    122, 123, 124, 125, 126, 128,  12,  14,  15,  16,  18,  19,  20,  21,  22,  23,
     24,  25,  26,  30,  31,  34,  35,  36,  37,  38,  39,  41,  42,  43,  44,  45,
     46,  51,  53,  54,  55,  56,  58,  59,  60, 152, 156, 157, 158,
};

static const int8_t ubuntu_c15_boldKernSparseValues[] = {
     -12,  -21,    4,    5,  -26,    4,  -23,  -15,  -14,  -14,   -4,    3,   -4,  -10,   -7,  -11,
      -4,   -7,   -8,  -12,   -5,    3,   -6,   -4,    3,   -7,  -24,   -4,   -3,    7,   -5,   -5,
       5,   -5,  -19,  -17,  -10,    2,  -24,   -5,   -5,   -5,   -9,   -7,    2,   -9,   -5,   -7,
      19,   -5,   -2,   -7,   -5,   -5,   -5,    6,    7,    6,    6,    8,    2,   -6,   -7,   -7,
      -3,    3,   20,   -5,   -4,   -6,   -2,   -2,    7,   -4,   -6,    3,    3,    3,   -7,    3,
       3,    3,    6,   -5,   -3,    4,    5,    5,   -5,   -7,    6,   -6,   -3,   -3,   -3,    5,
      -6,   -2,   -7,   -6,    7,   -9,   -5,   -3,   -3,    4,   -4,   -4,    3,    3,   20,    4,
      -8,   -7,    6,   -4,    3,   -4,   -3,   -5,    3,   -6,   -5,    5,   -3,   -5,   -3,   -5,
      -8,   -3,   -5,  -10,   -3,   -3,   -5,   -5,   -5,   -4,   -3,   -5,   -5,   -4,   -4,   -5,
      -5,   -5,   -3,   -4,   -8,   -4,   -4,   -5,  -19,  -25,   -2,   -5,   -2,   -4,   -7,   -7,
      -2,   -2,    4,    4,    3,    4,  -33,   -4,  -11,   -3,  -25,  -18,   -3,  -19,  -17,   -4,
      -4,   -2,   -5,   -4,   -4,  -11,   -4,  -11,   -4,   -7,   -4,   -4,    3,   -3,   -2,   -2,
      -2,   -4,  -18,   -3,   -3,   -3,    7,  -10,  -10,   10,  -10,    3,  -19,   -7,  -20,  -10,
       6,  -23,    5,   -7,   -7,   -7,  -14,  -13,    5,  -14,    4,    6,   -7,   -5,  -19,   -4,
       3,   10,    6,    7,    7,    3,    4,  -10,  -10,    6,  -18,    6,    4,    6,   -7,   -9,
      -7,    5,  -11,   -5,    4,   -4,   -4,  -15,   -8,  -20,  -11,    7,   -2,    3,  -10,    5,
       5,   -4,    5,  -13,   -7,   -8,  -16,   -2,    4,    3,    3,    5,    2,   -5,  -11,    4,
       3,    4,  -13,    5,   -2,   -4,   -6,   -7,    5,    5,   -8,   -4,    4,    6,    3,    3,
       6,   -6,    3,    3,    6,    6,   -5,    5,    3,    3,    3,    7,    3,    3,    3,    3,
       5,    6,  -11,    3,    6,    5,    6,   -4,   -8,  -16,   -6,   -6,  -17,   -6,   10,   12,
      10,    8,   12,    4,   -9,    4,  -14,  -14,    4,    4,    4,   -8,   -7,   -5,   -2,  -29,
      -9,    4,    4,    4,  -11,    4,    4,    4,   10,   -4,  -17,  -13,    5,  -16,  -12,    6,
      -6,   -4,    8,    3,   -4,   -9,   -3,   -4,   -4,  -11,   -8,  -11,   -7,  -14,   -4,   -8,
      -8,   -4,   -3,   -6,    6,   -6,   -7,    4,    4,    4,    6,   -4,   -8,    7,  -13,   -5,
      -4,   -2,    4,    6,  -15,   -3,    4,   -9,    3,    3,    3,    3,    3,    2,    4,  -15,
       6,    4,    4,    3,    3,    3,    3,   -5,    3,    3,    5,   -5,   -4,   -9,   -7,   -3,
      -6,  -10,   -3,   -2,  -13,   -4,   -9,   -3,   -4,   -6,   -5,   -8,   -4,   -6,   -6,   -4,
      -2,   -3,   -9,   -4,   -5,  -12,   -4,  -19,    7,    6,    5,   -8,    9,   -6,   -6,    8,
      -6,    5,  -20,   -5,  -16,  -10,    9,  -24,    6,  -19,   -6,   -3,   -3,   -3,    2,   -8,
      -6,    6,   -8,    4,   -2,   -4,    3,    5,   -3,   -3,  -11,  -18,  -16,   10,   -3,   -3,
       3,   -7,    3,   -5,   -2,   -4,   -7,   -2,   -5,   -8,   -5,   -6,   -2,   -2,   -2,   -2,
      -2,    2,    3,   -6,   -3,    3,    2,   -3,    4,   -2,    6,   -3,    3,    5,    4,    7,
      -6,   -6,    7,   -6,    4,    5,    5,    5,    6,    6,    4,    5,    6,    2,   -3,   -3,
       1,   -3,    6,    4,   -6,    3,    6,    2,   -2,    5,    9,    9,   -5,  -10,    5,  -12,
      -5,   -6,   -6,   -6,   -6,   -2,   -9,  -11,   -2,   -5,   -4,    2,  -14,   -3,   -5,    2,
      -3,    6,   -4,    3,    5,    2,    3,   -3,   -3,   -3,    5,    3,    4,   -3,   -2,    2,
       3,    4,   10,   -5,   -3,    5,  -15,    4,  -19,    5,   -2,  -12,   -2,   -2,  -18,   -2,
      -2,    5,    6,    5,    3,    7,    7,    6,   -6,   -2,   -2,   -5,   -3,   -5,   -2,   -5,
      -3,  -28,   -6,   -2,   10,    9,  -15,   -6,    5,    4,    2,   -2,   -5,   -5,   -5,   -3,
      -3,   -2,    6,   -2,   -7,   -5,   -3,    2,    2,  -10,    4,    3,   -5,   -5,    6,  -10,
       7,  -12,    6,    2,   -3,    6,  -13,  -13,    5,  -13,    6,    4,    3,    9,    4,    6,
       5,    7,   -2,  -10,  -10,    2,   -2,   -8,  -11,  -11,    8,  -11,    5,   -3,  -12,    6,
      -2,   10,   -8,    8,    7,    2,   -4,    7,    2,  -23,    2,  -24,   10,   -5,    4,    6,
      -9,    7,   -5,   -5,    7,    2,   -5,    4,  -19,   -2,  -20,  -12,    7,  -24,    4,  -19,
      -8,    3,    2,  -11,   -7,    7,  -11,    4,   -4,   -3,   -5,    5,    7,    3,  -12,  -15,
     -13,   11,   -2,   -2,   -4,   -2,   -2,   -4,   -5,   -5,   -4,   -5,  -10,    5,  -12,   -5,
      -6,   -6,   -6,   -6,   -2,   -9,  -11,   -2,   -5,   -3,    2,  -14,   -3,   -5,    2,   -3,
      -5,   -2,  -25,  -19,    3,  -16,  -21,    3,   -5,   -2,   -3,   -3,   -5,   -4,   -4,    5,
       5,    3,    5,   -2,   -2,    3,  -30,   -5,   -6,    7,    7,  -22,   -5,  -10,    5,  -12,
      -5,   -6,   -6,   -6,   -6,   -2,   -9,  -11,   -2,   -5,    4,    2,  -14,   -3,    2,   -3,
      -2,    6,   -5,    4,    3,   -4,   -2,    7,   -4,   -4,    6,   -4,   -2,   -2,   -4,    5,
      -8,    4,   -2,   -6,   -6,   -6,   -6,   -2,   -2,    4,    2,   -5,    5,   -6,   -7,    3,
       3,    8,   -2,   -8,    2,    7,   -4,   -2,   -5,   -2,   -2,   -2,    3,   -4,   -3,   -3,
      -4,    4,   -5,    3,   -5,    4,   -5,   -4,    6,  -19,  -13,  -24,  -15,    6,   -9,  -20,
      -6,   -6,  -20,   -2,   -6,    6,    7,    6,    6,    8,    2,   10,    7,  -18,  -18,  -18,
     -17,  -17,  -17,  -18,  -18,  -18,  -18,  -17,   -4,  -18,  -16,  -28,  -18,   -2,    6,   11,
     -22,   11,    8,    7,  -13,  -15,    7,    5,  -13,   -7,  -13,    2,   -5,   -5,    2,  -13,
       1,    6,    4,   -7,   -7,    8,  -19,   -7,  -23,   -3,    7,   -7,  -16,   -6,   -6,  -21,
      -2,   -6,    8,    9,    8,    8,    9,    4,   10,    9,  -10,  -13,  -13,   -6,   -9,   -5,
      -3,   -4,  -10,  -36,  -10,    5,   12,  -15,   11,    9,    8,   -4,   -5,    7,    9,  -15,
       5,   -5,   -3,    7,  -11,  -15,    6,   -3,  -10,   -2,   -2,  -11,   -2,    6,    8,    6,
       6,    8,    3,   10,    8,   -7,   -8,   -8,   -4,   -4,   -3,    3,    3,    2,    3,   -2,
      -4,  -13,   -7,   11,   -9,   10,    7,   10,   -6,   -5,   -5,    6,   -6,    6,   -8,    6,
       4,    5,   -3,    9,   -9,   -9,    6,   -9,    4,    6,    7,    6,    9,    8,    6,    7,
       7,   -7,   -7,   -7,    2,   -6,   -6,   -6,    6,   -6,    4,   -3,   -9,    9,   -7,   10,
      -5,   10,    5,    2,   -3,    2,    4,    8,    3,  -12,   -9,    8,   -2,  -23,  -16,  -24,
      -9,    7,  -14,  -24,  -11,  -11,  -20,   -4,  -11,   -2,    8,    9,    8,    8,   10,    4,
      10,    9,  -18,  -21,  -21,   -9,  -17,   -8,   -2,   -5,   -2,   -8,   -4,  -19,   -6,  -35,
     -30,   13,  -22,   11,    9,    4,   -7,   -8,    6,    7,  -16,   -2,    4,    6,   -5,    4,
       4,   -2,    6,   -3,   -3,    6,   -3,    3,    4,    5,    4,    6,    6,    3,    5,    5,
       3,   -2,   -2,    6,    3,   -7,    4,    6,    3,    2,    9,    8,    2,    5,    7,   10,
      -7,   -5,   -5,   -7,   -5,    7,    8,    7,    7,    9,    3,   22,   -8,   -9,   -9,    2,
      23,   -8,   -8,   -8,   -7,   -7,   -7,    7,   -7,   -7,   -8,    2,    2,    2,  -10,    2,
       2,    2,    7,   -7,   -3,   -7,   -6,    5,   -7,    5,    6,   -5,   -9,    7,   -8,   -8,
      -5,   -6,   -5,    5,   -8,   -5,   -6,   -5,   -6,   -9,   -8,   -6,    7,   -9,   -7,   -9,
      -3,   -6,   -6,   -5,   -7,    5,   -6,   -8,    2,    2,   23,    5,   -4,   -4,   -9,   -9,
       6,   -5,   -5,   -6,   -7,    3,    5,   -7,  -10,  -10,    2,   -7,  -10,  -22,  -10,  -26,
     -17,    5,  -26,    2,   -6,   -6,   -6,   34,   -2,   -5,   -7,   -5,   14,    5,   -6,   -5,
       8,   -2,   -2,   -2,   -4,   -3,   -3,   -4,    8,   -4,   -4,   -2,   -3,   -4,   -5,   -7,
      -8,  -10,   -8,   -3,   -2,   -3,   -4,   -5,   -5,    3,   -5,   -6,   -7,   -7,    3,   -7,
      -7,  -12,   -9,   -3,   -3,   -4,   -3,   -2,   -5,    3,   -6,   -6,    4,   -2,    2,   -3,
      -2,   -9,   -6,   -6,   -6,    2,    2,    3,    2,   -4,   -6,   -7,    3,    6,    6,   -5,
      -6,    5,   -9,  -14,   -8,   -4,   -2,   -4,    3,    3,    2,   13,    6,  -14,  -15,    4,
       7,   19,   12,   -2,   -2,   -2,    3,    3,    6,    6,    5,    6,    7,   -2,    4,   -2,
       8,    3,   15,   -5,   14,   12,   13,    9,   13,  -14,   -3,   -6,   -6,   -7,   -8,    6,
      -4,   -2,   -4,   -6,   -4,    2,   -5,   -5,   -6,   -9,  -14,   -8,   -4,   -2,   -4,   -4,
      -6,   -4,    3,    3,   -6,   -9,  -14,   -8,   -4,   -2,   -4,   -6,   -4,    2,    3,   -6,
      -9,  -14,    2,    7,   -4,   -2,   -4,   -6,   -4,    2,   -5,   -3,    3,    3,  -11,    5,
       2,   -5,   -6,   -2,   -9,   -9,   -2,   -2,    5,    5,    5,    5,    4,   -4,   -8,   -2,
      -8,    3,    6,    5,   -5,   -6,    6,    5,   -3,  -14,   -8,    4,   -3,   -3,    5,   -3,
       4,   -3,    5,    4,   -6,   -6,    7,   -4,   -5,   -6,   -9,  -14,   -8,   -4,   -2,   -4,
      -4,   -6,   -4,    3,   -4,   -6,   -7,   -7,    3,   -7,   -7,  -12,   -9,   -3,   -3,   -4,
      -3,   -2,   -6,    3,   -6,   -6,   -5,   -6,    5,   -6,   -7,   -8,   10,   -4,   -2,   -4,
      -6,   -4,    2,   -5,    4,  -14,  -13,    4,    2,    2,   -2,   -2,   -2,   -2,    7,    7,
       5,    7,    2,   -3,    5,   -2,   -3,    7,   12,  -13,   -3,   -2,   -3,   -9,   -7,   -8,
      -2,   -4,    3,    4,   -2,    2,   -4,   -5,   -8,   -5,   -5,   -5,    2,    2,    4,    2,
      -5,   -5,   -2,    4,    6,   -5,   -6,   -6,  -14,   -7,   -4,   -2,   -4,   -6,   -4,    2,
      -2,    4,  -13,  -10,    4,   -7,   -2,   -3,   -3,    5,    5,    6,    5,    3,    4,   -2,
      -5,    5,    9,  -10,   -2,    4,  -13,    2,   -8,    4,   -7,   -2,   -3,   -3,    5,    5,
       5,    5,    3,    5,   -2,   -3,    6,   10,   -6,   -5,   -3,    3,    5,   -5,    5,    3,
      -2,   -7,   -6,   -6,   -6,    6,    5,    8,    6,    5,   -3,   -6,   -6,   -6,    4,    7,
       5,   -2,    4,  -13,  -10,    4,   -7,   -2,   -3,   -3,    5,    5,    6,    5,    3,    4,
      -2,   -5,    5,    8,  -10,    6,    2,    2,   -3,   -7,   -4,   -4,   -4,    5,    5,    5,
       5,   -3,   -4,    2,   -4,    4,    6,    7,   -3,   -4,   -4,   22,    5,   -6,   -3,   -3,
       5,    5,    6,   -6,   -6,    5,   -5,   -4,   -3,   -4,   -4,    5,   -5,   -3,   -4,   -5,
      -5,   -3,    6,   -7,   -6,   -3,   -3,   -4,   -4,   -4,    5,   -4,   -4,   15,    5,   -7,
      -7,    6,   -4,   -4,    3,   -3,   -4,   -4,   -3,   -4,   -3,   -4,   -3,   -3,   -4,   -5,
      -2,   -4,   -3,   -4,   -3,   -5,   -4,   -3,   -3,   -3,   -4,    3,   -5,   -3,  -15,   -8,
      -2,  -12,    3,    4,  -16,   -2,   -6,    3,    4,    4,    4,    2,  -16,    4,    3,    4,
       4,    4,   -5,    3,    4,    3,   -4,    2,    2,   -7,    2,   -5,  -18,  -10,   -5,   -9,
     -19,   -6,    2,    2,    2,   -7,   -4,  -11,    2,    2,  -18,   -5,   -7,   -4,   -8,   -4,
      -4,  -11,   -6,    2,   -9,   -7,   -6,   -4,   -7,   -4,    2,   -7,   -3,  -15,   -6,   -7,
      -6,  -10,   -7,  -10,  -10,  -13,   -5,  -10,   -8,  -25,   -8,  -15,  -10,  -15,  -19,  -12,
      -9,   -8,  -10,  -10,   -8,   -8,   -8,   17,   -8,   -9,   -8,   -9,   -6,   -6,   -7,    4,
      -8,  -17,   -8,   -9,   -8,   -8,   -8,  -10,   -8,   -8,   -8,   -7,   -6,  -13,    4,  -15,
       3,   -6,   -7,  -10,   -5,   -5,   -2,   -8,   -9,   -6,   -5,   -8,   -2,   -5,    4,  -13,
      -2,   -5,   -5,   -9,   -6,  -18,    2,  -11,   -3,  -12,   -5,   -8,   -7,   -2,   -8,   -5,
      -6,  -15,  -14,    4,   -7,    3,   -6,    5,    5,    5,    2,    3,    3,    5,   -6,   -5,
      -4,   -5,   -6,   -7,   -2,   -3,   -2,   -5,   -5,   -4,    6,   14,   -6,   -5,    8,   22,
      17,   -5,    4,   -9,   -9,    6,    4,    4,   -5,   -7,    2,   -3,    8,    8,    7,   10,
       6,   17,   -3,   16,   21,   33,   29,   25,   27,    5,    6,    4,   -6,   -4,   -4,   -5,
      -5,   -5,   -4,   -8,   -5,   -4,   -4,   -5,   -6,    8,   -8,  -11,   -6,   -3,   -4,  -14,
      -4,   -4,   -5,   -3,    6,    3,   -4,   -4,    5,   -3,    5,   -3,    6,   -6,   -4,   -3,
      -6,    5,   -4,   -3,   -2,   -3,   -4,   -2,   -3,   -3,   -3,   -5,   -4,   -4,   -3,   -3,
      -4,   -3,   -3,   -3,   -8,   -4,    6,  -19,  -13,  -24,  -15,    6,   -9,   -3,    7,   -6,
     -18,  -16,    6,   -4,  -20,  -19,  -20,  -18,   -2,   -6,   -6,    6,   -3,  -18,   -2,  -12,
     -12,  -15,  -15,   -2,  -15,  -16,  -18,  -12,  -15,  -17,  -18,  -12,  -12,  -16,  -12,  -12,
     -13,  -17,    9,   -4,  -15,    3,  -20,  -26,  -18,   -3,  -15,  -12,    7,    5,   -3,    4,
      -2,    6,   -3,    3,    5,    4,    6,   -4,    3,   -6,    3,    5,   -4,    4,    7,    3,
       7,    3,    3,    3,   -6,   -6,    6,    2,    3,    3,    4,   -3,    6,    2,    1,    2,
      -4,    3,   -5,    6,   -2,   -4,    5,    9,   -3,   -3,   -2,   -8,    2,    7,   -4,   -2,
      -4,    4,   -5,   -3,   -3,   -5,    3,   -6,   -5,   -3,   -6,   -4,   -6,   -4,  -10,   -5,
      -7,    2,   -3,   -5,    4,    3,  -15,   -8,   -6,    5,   -4,   -8,   -4,   -9,   -6,  -15,
      -4,   -3,   -4,   -4,   -3,   -3,   -6,   -5,   -3,   -3,   -3,   -3,   -4,  -17,   -3,   -7,
     -14,  -12,  -10,   -6,    5,    5,   -4,   -7,   -5,  -11,   -3,   -4,   -4,   -9,   -3,   -3,
       6,   -7,   -8,   -8,   -5,    6,  -10,    7,  -12,    6,    2,   -3,    7,   -3,    4,  -12,
       6,   -9,    5,    3,    3,    6,    5,    6,  -13,  -13,    9,   -2,   -5,    5,   -5,    6,
       4,  -10,   -5,  -10,   -9,   -6,    8,  -12,   -6,    3,    3,    3,   -4,    2,    3,   -4,
     -10,   -5,    5,   -9,   -6,  -13,    9,   -4,   -4,  -14,    3,   -7,    8,  -19,   -7,  -23,
      -3,    7,   -7,    9,   -4,    6,  -10,    8,   -5,  -21,  -16,    5,  -16,  -15,    6,   -2,
      -6,   -5,    8,   -5,  -10,   -4,   -4,   -4,  -13,   -9,  -14,   -7,  -13,   -4,   -9,  -10,
      -4,   -4,   -7,    5,   -8,   -9,   13,    5,   -5,   -9,    6,  -19,   -6,   -5,    7,    9,
     -14,   -4,  -19,    7,    6,    5,   -8,   -6,   -2,   -4,    3,  -20,   -5,    5,    8,    3,
       9,    5,    6,    3,   -6,   -7,    9,  -10,    5,    6,    4,   -3,   -6,   -5,    6,   -6,
      -5,    3,    3,    2,   -4,   -5,  -17,   -6,   -8,   -4,    9,   -4,  -10,  -18,  -16,   -3,
      -3,    3,   -7,    3,   -5,   -6,   -4,    2,    3,   -4,   -2,   -2,   -3,   -5,   -3,   -4,
      -2,   -5,   -4,    5,   -9,    7,    9,   -3,    5,   -3,    5,   -3,   -6,    5,    4,    5,
       4,    5,    3,   -7,    5,   -7,    4,    5,    5,    5,    5,   -5,   14,   -5,   -5,    8,
      -3,   -3,   -5,    6,  -10,    7,  -12,    6,    2,    3,   -3,    7,   -3,    5,  -12,    6,
      -8,    5,    3,    4,    6,    5,    6,  -13,  -11,    9,   -2,   -5,    5,   -4,    6,    4,
     -10,   -4,   -6,   -5,   -6,    8,   -9,   -6,    4,   -4,    2,    4,   -4,   -8,   -4,    6,
      -6,   -3,  -10,    9,   -2,   -3,  -11,   -3,   -3,    3,   -7,    3,   -5,   -6,   -4,    2,
       3,   -4,   -3,   -2,   -2,   -5,   -4,   -2,   -4,   -3,   -4,   -2,   -4,   -2,   -3,   -3,
      -2,   -3,   -3,   -3,   -5,   -4,   -5,  -10,    5,  -12,   -5,   -2,   -5,   -6,    2,   -6,
      -6,   -6,   -6,   -8,   -5,   -9,   -6,   -4,   -7,   -5,   -6,    2,   -2,  -25,  -19,    3,
      -3,   -3,   -2,   -2,    3,    3,  -21,  -14,  -16,  -13,   -4,   -3,   -5,   -2,   -5,  -10,
     -10,   -3,   -4,    3,    3,    3,    3,    3,  -14,    7,    7,    4,   -4,    6,  -19,  -13,
     -24,  -15,    6,   -9,    7,   -4,    5,  -18,  -16,    6,  -20,  -16,    4,  -20,  -15,    5,
      -2,   -6,   -3,    6,  -18,  -11,  -11,  -12,   -5,  -18,  -12,  -13,  -18,   -9,    4,  -10,
     -17,   12,    4,  -12,    5,    4,  -12,   -3,   -3,    7,    5,   -3,   -8,   -9,    4,   -9,
      -6,   -4,   -9,   -6,   -2,   -8,   -8,   -8,   -6,   -7,  -10,   -6,   -9,   -8,   -3,   -6,
      -6,   -2,   -2,   -2,   -8,   -9,   -8,   -5,    6,   -6,    6,   -8,    6,    4,    5,   -3,
       7,   -3,    5,   -9,    6,   -6,    4,    6,    3,    3,    9,    5,    6,    2,   -9,  -10,
       9,   -4,    5,   -4,    6,    4,   -7,   -4,   -5,   -4,   -5,    6,   -8,   -5,    4,   -3,
       2,    4,   -3,   -7,   -4,    5,   -5,   -9,    9,   -3,   -3,   -9,    2,    4,   -6,   -5,
      -7,    4,   -8,   -8,   -4,   -4,   -5,   -5,   -4,    6,   -5,   -3,   -3,   -3,   -4,   -5,
      -4,   -4,   -4,   -7,   -4,   -3,   -4,   -3,  -14,   -9,    4,   -5,    4,   -7,    5,   -8,
       5,    6,    5,    5,    6,    6,    6,    6,    4,    5,   -5,    5,   -5,    6,    8,   -3,
       5,    5,   -2,    4,    5,    5,   -3,    5,    5,   -3,   -2,    2,   14,   -4,   -3,   -6,
      -5,   -7,   -5,    3,   -3,   -6,   -8,   -4,    3,   -4,   -2,   -2,   -4,   -3,    3,    3,
     -11,    5,    2,   -5,   -6,   -3,   -8,   -2,    5,   -3,    6,    3,    4,   -9,   -3,    3,
       5,   -4,    5,    3,    3,    4,    5,    2,   -3,    4,    3,    6,   -3,   -3,    2,    3,
      -3,   -6,   -3,    3,   -3,    3,    3,  -11,    5,    2,   -5,   -6,   -3,   -8,   -2,    5,
      -4,    6,    3,    4,   -9,   -4,    5,    6,   -5,    5,    5,    3,    4,   -3,    6,    3,
      -4,    5,    3,    6,   -3,    3,   -3,   -5,   -3,   -3,   -3,   -3,   -3,   -4,   -6,   -4,
      -5,   -3,    3,   -4,   -6,   -3,   -3,   -7,   -6,   -7,   -7,    3,   -7,   -7,   -9,   -5,
       3,   -3,   -4,   -3,   -6,   -6,   -7,   -7,   -4,    6,   -5,   -5,   -4,   -9,   -7,   -4,
      -3,   -3,   -5,   -6,    4,   -2,    2,   -3,   -2,   -9,   -4,   -4,    4,   -6,    3,    2,
       2,    3,    6,   -9,  -10,   -6,   -3,   -7,    3,   -7,    3,    5,   -2,    4,    3,    5,
       5,    5,    5,    3,    4,   -7,   -8,   -5,   -6,    5,   -5,    5,    6,   -3,    5,    5,
       6,    5,    6,    3,    3,    5,  -11,   -9,   -4,    6,   -5,   -7,   -4,   -9,   -7,   -5,
      -2,   -2,   -3,   -4,   -1,   -2,   -3,   -3,   -4,  -11,   -9,   -3,    3,    5,   -5,    5,
       3,   -2,   -7,   -2,   -6,    5,   -3,    6,    3,    4,   -6,   -3,    4,    5,   -4,    8,
       4,    3,    3,    5,    3,   -3,    4,    4,    7,  -17,   -5,  -13,    3,   -5,   -3,   -8,
      -5,    3,   -9,   -5,   -7,   -6,   -5,  -10,  -15,  -17,   -6,   -6,   -7,   -7,    3,   -7,
      -7,   -9,   -4,    3,   -4,   -6,   -6,   -7,   -6,   -7,   -7,    3,   -7,   -7,   -9,   -5,
       3,   -4,   -4,   -3,   -6,   -6,   -3,    3,   -4,   -6,   -4,   -3,   -9,   -4,   -5,    4,
      -5,   -4,    6,   -3,   -8,   -6,    4,   -2,   -6,   -4,   -3,    3,   -2,    3,   -3,   -2,
      -3,   -9,   -8,   -4,   -2,    3,    3,   -3,   -3,    3,    3,    2,    7,   -3,   -9,   -3,
      -3,   -5,    4,   -5,   -8,   -6,   -2,   -4,   -8,   -6,   -3,    3,   -4,   -3,   -3,   -3,
     -12,   -6,  -11,   -6,   -4,   -9,   -6,   -8,   -6,   -2,   -5,   -2,   -3,   -3,   -8,   -6,
     -11,  -11,   -8,    3,    5,   -3,    6,  -24,  -12,  -15,    8,   -6,    9,    9,  -14,    8,
      -3,  -20,  -12,    7,  -15,  -11,    7,    5,   -3,   -4,    6,    6,    5,   -4,   -3,   -3,
     -12,  -12,  -13,   -6,  -12,   -3,  -13,  -15,   -3,  -10,    9,  -11,   -8,    9,   -3,  -12,
       9,    3,   -3,  -22,   -4,   -4,    3,    7,    7,    4,    4,  -13,  -10,    4,   -3,    5,
      -5,    6,    4,   -6,    7,    8,    7,    4,    7,    4,    8,    8,    8,    6,    5,    8,
      -4,   -3,   -4,    5,   -4,    3,    3,    3,   -4,    9,   -3,  -22,   -3,  -18,    5,   -5,
      -3,    3,    3,  -10,    3,   -5,   -8,    9,   -7,   -9,   -5,  -20,  -22,   -8,   -2,    7,
      -5,   -3,  -11,   -4,   -3,   -6,   -5,   -4,   -4,   -3,    8,  -13,   -8,   -6,  -12,   -8,
       6,    4,   -6,   -5,   -4,   10,   -3,   -3,  -11,  -11,   -8,    6,  -15,  -11,  -18,   -5,
       4,  -11,    6,   -4,    6,  -15,   -5,    5,   -8,   -3,  -18,  -15,    5,  -17,  -14,    6,
      -3,   -8,   -8,    5,    3,   -6,   -8,   -5,   -6,   -6,  -16,  -14,   -4,  -17,  -10,  -14,
      -7,  -14,  -15,   -4,   -6,   -4,   -6,  -12,    5,  -13,  -10,    5,   -8,  -14,    7,   -5,
     -15,   -8,   -8,    3,   -8,   -7,   -5,    2,   -6,    4,   -6,    5,    6,    5,    5,    6,
       5,    6,    3,    5,  -15,   -3,   -3,   -7,    3,    4,   -7,   -4,  -10,   -7,  -15,   -4,
     -17,   -3,    3,  -14,  -12,   -8,   -3,   -3,   -5,    4,   -5,   -8,   -6,   -2,   -4,   -7,
      -5,   -5,    3,   -4,   -4,   -2,   -6,   -5,   -4,   -3,   -3,   -6,   -4,   -9,   -4,   -4,
      -4,   -6,   -9,   -5,   -7,    4,   -6,   -4,   -9,   -8,   -4,   -3,   -3,    4,   -2,    3,
       3,    2,    4,    3,    2,    9,    4,    3,    3,    3,   -3,    6,   -3,    6,    3,    3,
       3,   -4,    3,    6,   -6,   -4,   -3,    6,   -4,   -7,   -4,   -2,   -4,   -4,   -5,   -4,
       5,   -8,   -4,   -6,   -5,   -4,   -5,   -5,   -7,   -4,   -6,   -6,   -4,   -7,   -5,   -5,
      -3,    5,   -4,   -3,   -4,   -3,   -5,   -4,   -3,   -4,   -2,   -4,   -9,   -3,    4,   -4,
      -3,   -4,    3,   -3,    3,    9,   -5,   -3,   -5,   -2,   -5,   -1,   -2,   -6,   -6,   -2,
       2,   -2,   -6,   -1,   -3,   -4,   -2,  -10,   -5,   -2,  -12,   -8,   -2,   -1,   -6,  -12,
      -8,   -8,   -3,   -3,   -2,   -4,   -5,   -5,   -2,   -1,   -5,   -9,   -5,   -4,   -2,   -2,
      -1,  -14,   -5,   -4,   -4,   -4,   -7,   -4,   -4,   -5,   -5,   -5,   -2,   -1,   -3,   -3,
      -5,   -5,  -10,   -2,   -2,   -7,   -5,   -2,  -11,   -3,    2,   -5,   -1,   -5,   -6,   -6,
      -3,   -4,   -2,   -2,   -7,   -2,   -2,   -3,   -1,   -5,   -4,   -2,   -4,   -5,   -4,   -4,
      -8,   -2,   -4,   -1,   -2,   -2,   -5,   -2,   -6,   -5,  -10,   -5,   -7,   -2,   -4,   -5,
      -7,   -5,   -5,   -6,   -6,   -2,   -6,   -4,   -5,   -4,   -4,  -11,  -12,   -4,   -2,   -2,
      -9,  -10,  -10,   -2,   -5,  -20,   -7,   -7,  -23,   -5,   -7,    4,    5,    4,    7,    8,
       3,    6,    5,   -7,   -8,  -10,   -5,    3,    3,    3,  -47,   -7,  -17,    5,    4,  -23,
     -14,  -20,  -13,    3,   -5,   -7,   -3,    3,    4,   -7,  -10,   -8,  -11,   -3,  -10,   -7,
     -13,   -5,    3,   -6,   -5,    3,   -7,    4,  -24,   -4,   -2,  -24,   -9,   -9,  -25,   -9,
      -5,    4,    3,    6,    7,    3,    5,    4,  -15,   -2,  -17,  -17,   -5,   -2,   -2,  -10,
     -18,   -8,   -2,   -2,   -2,   -8,  -31,   -5,  -15,   -2,   -2,   -2,  -18,   -2,   -2,   -2,
       4,   -4,   -5,  -25,  -16,  -24,  -15,   -9,   -6,    3,   -3,  -15,   -5,   -5,  -14,  -12,
      -4,  -15,   -7,  -17,   -6,  -12,  -17,   -5,   -3,   -4,   -9,  -11,  -18,   -4,  -12,    3,
      -3,  -26,   -7,   -3,   -6,   -4,    5,   -8,   -8,    5,   -8,    2,  -18,   -5,  -30,  -18,
       6,  -26,    5,    2,    2,    2,    2,    2,    7,    2,    3,    2,  -10,   -7,    5,  -10,
       6,    6,    2,    2,    2,    2,    2,    2,    2,  -10,   -6,   -7,   12,
};

static const EpdLigaturePair ubuntu_c15_boldLigaturePairs[] = {
    { 0x00660066, 0xFB00 }, // f f -> U+FB00
    { 0x00660069, 0xFB01 }, // f i -> U+FB01
    { 0x0066006C, 0xFB02 }, // f l -> U+FB02
    { 0xFB000069, 0xFB03 }, // U+FB00 i -> U+FB03
    { 0xFB00006C, 0xFB04 }, // U+FB00 l -> U+FB04
};

static const EpdFontData ubuntu_c15_bold = {
    ubuntu_c15_boldBitmaps,
    ubuntu_c15_boldGlyphs,
    ubuntu_c15_boldIntervals,
    70,
    17,
    14,
    -3,
    false,
    nullptr,
    0,
    nullptr,
    nullptr,  // kernLeftClasses: built-in fonts use the split arrays below
    nullptr,  // kernRightClasses
    ubuntu_c15_boldKernLeftCodepoints,
    ubuntu_c15_boldKernLeftClassIds,
    ubuntu_c15_boldKernRightCodepoints,
    ubuntu_c15_boldKernRightClassIds,
    nullptr,  // kernMatrix: built-in fonts use the sparse form below
    ubuntu_c15_boldKernRowOffsets,
    ubuntu_c15_boldKernSparseCols,
    ubuntu_c15_boldKernSparseValues,
    576,
    577,
    172,
    159,
    ubuntu_c15_boldLigaturePairs,
    5,
};
