/**
 * generated by fontconvert.py
 * name: ubuntu_c11_regular
 * size: 0
 * mode: 1-bit
 * Command used: fontconvert.py ubuntu_c11_regular 0 ../builtinFonts/source/Ubuntu/Ubuntu-Regular.ttf ../builtinFonts/source/NotoSansHebrew/NotoSansHebrew-Regular.ttf ../builtinFonts/source/NotoSansArabic/NotoSansArabic-Regular.ttf ../builtinFonts/source/Ubuntu/Ubuntu-Vietnamese-Regular.ttf --additional-intervals 0x05D0,0x05EA --additional-intervals 0x060C,0x060C --additional-intervals 0x061B,0x061B --additional-intervals 0x061F,0x061F --additional-intervals 0x0621,0x0621 --additional-intervals 0x0640,0x0640 --additional-intervals 0x0654,0x0654 --additional-intervals 0x0660,0x0669 --additional-intervals 0x06BA,0x06BA --additional-intervals 0x06D4,0x06D4 --additional-intervals 0x06D5,0x06D5 --additional-intervals 0x06F0,0x06F9 --additional-intervals 0xFB56,0xFB59 --additional-intervals 0xFB66,0xFB69 --additional-intervals 0xFB7A,0xFB7D --additional-intervals 0xFB88,0xFB95 --additional-intervals 0xFB9E,0xFB9F --additional-intervals 0xFBA6,0xFBB1 --additional-intervals 0xFBFC,0xFBFF --additional-intervals 0xFE80,0xFEFC --ppem 11 --mono
 */
#pragma once
#include "EpdFontData.h"

static const uint8_t ubuntu_c11_regularBitmaps[6130] = {
    0x00, 0x00, 0x00, 0x00, 0x00, 0x00, 0xFD, 0xB6, 0x80, 0x28, 0xAF, 0xCA, 0x53, 0xF5, 0x14, 0x27,
    0x88, 0x61, 0x1E, 0x20, 0x62, 0x94, 0x98, 0x68, 0x16, 0x19, 0x29, 0x46, 0x21, 0x45, 0x18, 0xAA,
    0x69, 0x99, 0xE0, 0x29, 0x49, 0x24, 0x48, 0x80, 0x89, 0x12, 0x49, 0x4A, 0x00, 0x27, 0xC8, 0xA0,
    0x21, 0x3E, 0x42, 0x00, 0x58, 0xE0, 0x80, 0x11, 0x22, 0x26, 0x44, 0x48, 0x80, 0x69, 0x99, 0x99,
    0x96, 0x2E, 0x92, 0x49, 0x69, 0x12, 0x24, 0x8F, 0xE1, 0x16, 0x11, 0x1E, 0x11, 0x94, 0xA9, 0x7C,
    0x42, 0x74, 0x46, 0x11, 0x1E, 0x34, 0x8E, 0x99, 0x96, 0xF1, 0x22, 0x24, 0x44, 0x69, 0x96, 0x99,
    0x96, 0x69, 0x99, 0x71, 0x2C, 0x88, 0x40, 0x58, 0x16, 0x86, 0x10, 0xF8, 0x3E, 0x86, 0x16, 0x80,
    0xE1, 0x12, 0x44, 0x04, 0x3C, 0x42, 0x99, 0xA9, 0xA9, 0xA9, 0xB6, 0x40, 0x38, 0x10, 0x50, 0xA1,
    0x44, 0x4F, 0x91, 0x41, 0xF4, 0x63, 0xE8, 0xC6, 0x3E, 0x3D, 0x08, 0x20, 0x82, 0x04, 0x0F, 0xF2,
    0x28, 0x61, 0x86, 0x18, 0xBC, 0xF8, 0x8E, 0x88, 0x8F, 0xFC, 0x21, 0xE8, 0x42, 0x10, 0x3D, 0x08,
    0x20, 0x86, 0x14, 0x4F, 0x86, 0x18, 0x7F, 0x86, 0x18, 0x61, 0xFF, 0x08, 0x42, 0x10, 0x84, 0x3E,
    0x86, 0x29, 0x28, 0xC2, 0xC8, 0xA1, 0x84, 0x21, 0x08, 0x42, 0x1F, 0x83, 0x8F, 0x1D, 0x5A, 0xB5,
    0x64, 0xC1, 0x87, 0x1A, 0x69, 0x96, 0x38, 0x61, 0x38, 0x8A, 0x0C, 0x18, 0x30, 0x51, 0x1C, 0xFA,
    0x18, 0x61, 0xFA, 0x08, 0x20, 0x38, 0x8A, 0x0C, 0x18, 0x30, 0x51, 0x1C, 0x10, 0x18, 0xF2, 0x28,
    0xA2, 0xF2, 0x48, 0xA1, 0x78, 0x86, 0x11, 0x1E, 0xF9, 0x08, 0x42, 0x10, 0x84, 0x86, 0x18, 0x61,
    0x86, 0x18, 0x5E, 0x83, 0x0D, 0x12, 0x22, 0x85, 0x0A, 0x08, 0x80, 0xC4, 0x62, 0x2A, 0xA5, 0x52,
    0xA9, 0x4C, 0x44, 0x82, 0x88, 0xA0, 0x81, 0x05, 0x11, 0x41, 0x82, 0x89, 0x11, 0x41, 0x02, 0x04,
    0x08, 0xF1, 0x22, 0x44, 0x8F, 0xF2, 0x49, 0x24, 0x93, 0x80, 0x88, 0x44, 0x42, 0x22, 0x21, 0x10,
    0xE4, 0x92, 0x49, 0x27, 0x80, 0x22, 0x95, 0x10, 0xF8, 0x90, 0xF0, 0x5F, 0x18, 0xBC, 0x88, 0x8E,
    0x99, 0x99, 0xE0, 0x78, 0x88, 0x87, 0x11, 0x17, 0x99, 0x99, 0x70, 0x69, 0xF8, 0x87, 0x72, 0x79,
    0x24, 0x80, 0x79, 0x99, 0x97, 0x1E, 0x88, 0x8E, 0x99, 0x99, 0x90, 0xBF, 0x20, 0x92, 0x49, 0x38,
    0x84, 0x21, 0x2A, 0x62, 0x92, 0x88, 0xAA, 0xAA, 0x40, 0xED, 0x26, 0x4C, 0x99, 0x32, 0x40, 0xE9,
    0x99, 0x99, 0x69, 0x99, 0x96, 0xE9, 0x99, 0x9E, 0x88, 0x79, 0x99, 0x97, 0x11, 0xF2, 0x49, 0x00,
    0x73, 0x13, 0x80, 0x93, 0xC9, 0x23, 0x99, 0x99, 0x97, 0x8C, 0x54, 0xA5, 0x10, 0x88, 0xC4, 0x55,
    0x4A, 0xA5, 0x51, 0x10, 0x85, 0x23, 0x0C, 0x4A, 0x10, 0x8C, 0x54, 0xA5, 0x10, 0x98, 0xE5, 0x29,
    0xC0, 0x29, 0x25, 0x12, 0x48, 0x80, 0xFF, 0xE0, 0x89, 0x24, 0x52, 0x4A, 0x00, 0x4D, 0x80, 0x00,
    0xBF, 0x22, 0x78, 0x88, 0x87, 0x22, 0x3A, 0x10, 0x8F, 0x21, 0x1F, 0x85, 0xE4, 0x92, 0x7A, 0x10,
    0x8A, 0x94, 0xAF, 0x93, 0xE4, 0xF1, 0xE0, 0x78, 0x4A, 0x96, 0x21, 0xE0, 0xA0, 0x38, 0x8A, 0x6D,
    0x1A, 0x33, 0x51, 0x1C, 0xC7, 0xF0, 0x2A, 0xA8, 0xA2, 0x80, 0xF8, 0x42, 0xE0, 0x38, 0x8A, 0xCD,
    0x5B, 0x35, 0x51, 0x1C, 0xE0, 0x56, 0xA0, 0x21, 0x3E, 0x42, 0x03, 0xE0, 0xC5, 0x70, 0xE8, 0xE0,
    0x60, 0x99, 0x99, 0x9F, 0x88, 0x7F, 0xDF, 0x7D, 0x74, 0x51, 0x45, 0x14, 0x50, 0x80, 0xF0, 0x75,
    0x74, 0x62, 0xE0, 0xB2, 0x8A, 0xAB, 0x00, 0x44, 0x64, 0x12, 0x0A, 0x61, 0x51, 0x3C, 0x84, 0x80,
    0x44, 0xC8, 0x48, 0x56, 0x11, 0x26, 0x27, 0x40, 0xE2, 0x11, 0x02, 0x43, 0x26, 0x0A, 0x84, 0xF1,
    0x08, 0x80, 0x41, 0x29, 0x23, 0x10, 0x20, 0x00, 0x82, 0x85, 0x0A, 0x22, 0x7C, 0x8A, 0x08, 0x10,
    0x20, 0x00, 0x82, 0x85, 0x0A, 0x22, 0x7C, 0x8A, 0x08, 0x10, 0x50, 0x00, 0x82, 0x85, 0x0A, 0x22,
    0x7C, 0x8A, 0x08, 0x34, 0xB0, 0x00, 0x82, 0x85, 0x0A, 0x22, 0x7C, 0x8A, 0x08, 0x28, 0x00, 0x41,
    0x42, 0x85, 0x11, 0x3E, 0x45, 0x04, 0x10, 0x50, 0x41, 0x42, 0x85, 0x11, 0x3E, 0x45, 0x04, 0x07,
    0xC3, 0x01, 0x40, 0x5E, 0x24, 0x0F, 0x04, 0x42, 0x1F, 0x3D, 0x08, 0x20, 0x82, 0x04, 0x0F, 0x20,
    0x42, 0x00, 0x44, 0x0F, 0x88, 0xE8, 0x88, 0xF0, 0x22, 0x0F, 0x88, 0xE8, 0x88, 0xF0, 0x4A, 0x0F,
    0x88, 0xE8, 0x88, 0xF0, 0xA0, 0xF8, 0x8E, 0x88, 0x8F, 0x48, 0x24, 0x92, 0x49, 0x00, 0x51, 0x55,
    0x54, 0x54, 0x24, 0x92, 0x49, 0x00, 0xA1, 0x24, 0x92, 0x48, 0x78, 0x89, 0x0F, 0x14, 0x28, 0x51,
    0x3C, 0x69, 0x40, 0x21, 0xC6, 0x9A, 0x65, 0x8E, 0x18, 0x40, 0x10, 0x20, 0x01, 0xC4, 0x50, 0x60,
    0xC1, 0x82, 0x88, 0xE0, 0x08, 0x20, 0x01, 0xC4, 0x50, 0x60, 0xC1, 0x82, 0x88, 0xE0, 0x10, 0x50,
    0x01, 0xC4, 0x50, 0x60, 0xC1, 0x82, 0x88, 0xE0, 0x28, 0xB0, 0x01, 0xC4, 0x50, 0x60, 0xC1, 0x82,
    0x88, 0xE0, 0x28, 0x00, 0xE2, 0x28, 0x30, 0x60, 0xC1, 0x44, 0x70, 0x02, 0x88, 0xA0, 0x00, 0x3A,
    0x8A, 0x2C, 0xD9, 0x34, 0x51, 0x5C, 0x20, 0x40, 0x21, 0x86, 0x18, 0x61, 0x86, 0x17, 0x80, 0x10,
    0x40, 0x21, 0x86, 0x18, 0x61, 0x86, 0x17, 0x80, 0x10, 0xA0, 0x21, 0x86, 0x18, 0x61, 0x86, 0x17,
    0x80, 0x28, 0x08, 0x61, 0x86, 0x18, 0x61, 0x85, 0xE0, 0x08, 0x20, 0x04, 0x14, 0x48, 0x8A, 0x08,
    0x10, 0x20, 0x40, 0x87, 0xA3, 0x18, 0xFA, 0x10, 0x72, 0x28, 0xA4, 0xA2, 0x68, 0x61, 0xB8, 0x20,
    0x81, 0xE0, 0xBE, 0x31, 0x78, 0x11, 0x01, 0xE0, 0xBE, 0x31, 0x78, 0x22, 0x81, 0xE0, 0xBE, 0x31,
    0x78, 0x6A, 0x81, 0xE0, 0xBE, 0x31, 0x78, 0x50, 0x3C, 0x17, 0xC6, 0x2F, 0x62, 0x99, 0xE0, 0xBE,
    0x31, 0x78, 0x5C, 0x47, 0xFD, 0x0B, 0x1F, 0xC0, 0x78, 0x88, 0x87, 0x42, 0x40, 0x42, 0x06, 0x9F,
    0x88, 0x70, 0x24, 0x06, 0x9F, 0x88, 0x70, 0x25, 0x06, 0x9F, 0x88, 0x70, 0x50, 0x69, 0xF8, 0x87,
    0x51, 0x55, 0x40, 0x52, 0xAA, 0x80, 0x54, 0x24, 0x92, 0x40, 0xA1, 0x24, 0x92, 0x41, 0x88, 0xE9,
    0x4A, 0x52, 0x60, 0x5B, 0x0E, 0x99, 0x99, 0x90, 0xC4, 0x06, 0x99, 0x99, 0x60, 0x24, 0x06, 0x99,
    0x99, 0x60, 0x4A, 0x06, 0x99, 0x99, 0x60, 0x5B, 0x06, 0x99, 0x99, 0x60, 0xA0, 0x69, 0x99, 0x96,
    0x20, 0x3E, 0x02, 0x00, 0x79, 0xBD, 0x9E, 0x42, 0x09, 0x99, 0x99, 0x70, 0x24, 0x09, 0x99, 0x99,
    0x70, 0x4A, 0x09, 0x99, 0x99, 0x70, 0xA0, 0x99, 0x99, 0x97, 0x21, 0x01, 0x18, 0xA9, 0x4A, 0x21,
    0x30, 0x88, 0x8E, 0x99, 0x99, 0xE8, 0x80, 0x50, 0x23, 0x15, 0x29, 0x44, 0x26, 0x00, 0x38, 0x00,
    0x41, 0x42, 0x85, 0x11, 0x3E, 0x45, 0x04, 0x70, 0x3C, 0x17, 0xC6, 0x2F, 0x2C, 0x70, 0x00, 0x82,
    0x85, 0x0A, 0x22, 0x7C, 0x8A, 0x08, 0x4B, 0x81, 0xE0, 0xBE, 0x31, 0x78, 0x10, 0x50, 0xA1, 0x44,
    0x4F, 0x91, 0x41, 0x04, 0x04, 0xF0, 0x5F, 0x18, 0xBC, 0x41, 0x08, 0x40, 0x0F, 0x42, 0x08, 0x20,
    0x81, 0x03, 0xC0, 0x12, 0x07, 0x88, 0x88, 0x70, 0x10, 0xA0, 0x0F, 0x42, 0x08, 0x20, 0x81, 0x03,
    0xC0, 0x25, 0x07, 0x88, 0x88, 0x70, 0x10, 0x03, 0xD0, 0x82, 0x08, 0x20, 0x40, 0xF0, 0x20, 0x78,
    0x88, 0x87, 0x28, 0x40, 0x0F, 0x42, 0x08, 0x20, 0x81, 0x03, 0xC0, 0x52, 0x07, 0x88, 0x88, 0x70,
    0x50, 0x80, 0x3C, 0x8A, 0x18, 0x61, 0x86, 0x2F, 0x00, 0x12, 0x24, 0x43, 0x89, 0x12, 0x24, 0x48,
    0x70, 0x78, 0x89, 0x0F, 0x14, 0x28, 0x51, 0x3C, 0x13, 0xC4, 0xE9, 0x4A, 0x52, 0x70, 0xE0, 0xF8,
    0x8E, 0x88, 0x8F, 0x70, 0x69, 0xF8, 0x87, 0x96, 0x0F, 0x88, 0xE8, 0x88, 0xF0, 0x96, 0x06, 0x9F,
    0x88, 0x70, 0x40, 0xF8, 0x8E, 0x88, 0x8F, 0x20, 0x69, 0xF8, 0x87, 0xF8, 0x8E, 0x88, 0x8F, 0x21,
    0x69, 0xF8, 0x87, 0x21, 0xA4, 0x0F, 0x88, 0xE8, 0x88, 0xF0, 0x52, 0x06, 0x9F, 0x88, 0x70, 0x10,
    0xA0, 0x0F, 0x42, 0x08, 0x21, 0x85, 0x13, 0xC0, 0x25, 0x07, 0x99, 0x99, 0x71, 0xE0, 0x48, 0xC0,
    0x0F, 0x42, 0x08, 0x21, 0x85, 0x13, 0xC0, 0x97, 0x07, 0x99, 0x99, 0x71, 0xE0, 0x10, 0x03, 0xD0,
    0x82, 0x08, 0x61, 0x44, 0xF0, 0x20, 0x79, 0x99, 0x97, 0x1E, 0x3D, 0x08, 0x20, 0x86, 0x14, 0x4F,
    0x00, 0x42, 0x00, 0x24, 0x07, 0x99, 0x99, 0x71, 0xE0, 0x10, 0xA0, 0x21, 0x86, 0x1F, 0xE1, 0x86,
    0x18, 0x40, 0x4A, 0x88, 0x8E, 0x99, 0x99, 0x90, 0x42, 0xFF, 0x42, 0x7E, 0x42, 0x42, 0x42, 0x42,
    0x47, 0x90, 0xE4, 0xA5, 0x29, 0x48, 0x7B, 0x02, 0x22, 0x22, 0x22, 0x20, 0x5B, 0x02, 0x22, 0x22,
    0x20, 0xE1, 0x24, 0x92, 0x48, 0xE1, 0x24, 0x92, 0xD7, 0x02, 0x22, 0x22, 0x22, 0x20, 0x97, 0x02,
    0x22, 0x22, 0x20, 0x55, 0x55, 0x90, 0x45, 0x55, 0x90, 0xBF, 0xC0, 0xFC, 0x83, 0x06, 0x0C, 0x18,
    0x30, 0x60, 0xDE, 0x90, 0x99, 0x99, 0x99, 0x16, 0x08, 0x50, 0x02, 0x08, 0x20, 0x82, 0x08, 0x2F,
    0x00, 0x54, 0x12, 0x49, 0x27, 0x00, 0x86, 0x29, 0x28, 0xC2, 0xC8, 0xA1, 0x00, 0x84, 0x00, 0x84,
    0x21, 0x2A, 0x62, 0x92, 0x88, 0x08, 0x80, 0x95, 0x31, 0x49, 0x44, 0x42, 0x01, 0x08, 0x42, 0x10,
    0x84, 0x3E, 0xAA, 0xAA, 0xA4, 0x84, 0x21, 0x08, 0x42, 0x1F, 0x01, 0x10, 0x49, 0x24, 0x92, 0x21,
    0x40, 0xA5, 0x21, 0x08, 0x42, 0x1F, 0xB6, 0x49, 0x24, 0x40, 0x84, 0x21, 0x28, 0x42, 0x1F, 0x92,
    0x4B, 0x24, 0x40, 0x41, 0x05, 0x18, 0xC1, 0x04, 0x1F, 0x49, 0x3C, 0x92, 0x20, 0x10, 0x80, 0x21,
    0xC6, 0x9A, 0x65, 0x8E, 0x18, 0x40, 0x24, 0x0E, 0x99, 0x99, 0x90, 0x87, 0x1A, 0x69, 0x96, 0x38,
    0x61, 0x00, 0x42, 0x00, 0xE9, 0x99, 0x99, 0x02, 0x40, 0x28, 0x40, 0x21, 0xC6, 0x9A, 0x65, 0x8E,
    0x18, 0x40, 0xA4, 0x0E, 0x99, 0x99, 0x90, 0x42, 0x00, 0x0E, 0x24, 0x92, 0x49, 0x24, 0x87, 0x1A,
    0x69, 0x96, 0x38, 0xE1, 0x04, 0x20, 0xE9, 0x99, 0x99, 0x12, 0x38, 0x00, 0xE2, 0x28, 0x30, 0x60,
    0xC1, 0x44, 0x70, 0xE0, 0x69, 0x99, 0x96, 0x48, 0x70, 0x01, 0xC4, 0x50, 0x60, 0xC1, 0x82, 0x88,
    0xE0, 0x97, 0x06, 0x99, 0x99, 0x60, 0x28, 0x50, 0x01, 0xC4, 0x50, 0x60, 0xC1, 0x82, 0x88, 0xE0,
    0x55, 0x06, 0x99, 0x99, 0x60, 0x3F, 0xD1, 0x08, 0x42, 0x1E, 0x84, 0x21, 0x04, 0x40, 0xFF, 0x76,
    0x89, 0x8F, 0x88, 0x88, 0x77, 0x10, 0x80, 0x3C, 0x8A, 0x28, 0xBC, 0x92, 0x28, 0x40, 0x48, 0x79,
    0x24, 0x80, 0xF2, 0x28, 0xA2, 0xF2, 0x48, 0xA1, 0x00, 0x84, 0x00, 0x74, 0x44, 0x44, 0x04, 0x80,
    0x50, 0x80, 0x3C, 0x8A, 0x28, 0xBC, 0x92, 0x28, 0x40, 0xA8, 0x79, 0x24, 0x80, 0x24, 0x07, 0x88,
    0x61, 0x11, 0xE0, 0x49, 0xCC, 0x4E, 0x25, 0x07, 0x88, 0x61, 0x11, 0xE0, 0x55, 0xCC, 0x4E, 0x78,
    0x86, 0x11, 0x1E, 0x42, 0x40, 0x73, 0x13, 0xA2, 0x80, 0x52, 0x07, 0x88, 0x61, 0x11, 0xE0, 0xA9,
    0xCC, 0x4E, 0xF9, 0x08, 0x42, 0x10, 0x84, 0x21, 0x10, 0x93, 0xC9, 0x23, 0x45, 0x00, 0x51, 0x01,
    0xF2, 0x10, 0x84, 0x21, 0x08, 0x36, 0x79, 0x24, 0x60, 0xF9, 0x08, 0xE2, 0x10, 0x84, 0x93, 0xCF,
    0x23, 0x69, 0x40, 0x21, 0x86, 0x18, 0x61, 0x86, 0x17, 0x80, 0x5B, 0x09, 0x99, 0x99, 0x70, 0x38,
    0x08, 0x61, 0x86, 0x18, 0x61, 0x85, 0xE0, 0xE0, 0x99, 0x99, 0x97, 0x49, 0xC0, 0x21, 0x86, 0x18,
    0x61, 0x86, 0x17, 0x80, 0x96, 0x09, 0x99, 0x99, 0x70, 0x30, 0xA3, 0x21, 0x86, 0x18, 0x61, 0x86,
    0x17, 0x80, 0x4A, 0x49, 0x99, 0x99, 0x70, 0x29, 0x40, 0x21, 0x86, 0x18, 0x61, 0x86, 0x17, 0x80,
    0x55, 0x09, 0x99, 0x99, 0x70, 0x86, 0x18, 0x61, 0x86, 0x18, 0x5E, 0x20, 0x40, 0x99, 0x99, 0x97,
    0x21, 0x08, 0x0A, 0x00, 0x10, 0x18, 0x8C, 0x45, 0x54, 0xAA, 0x55, 0x29, 0x88, 0x80, 0x08, 0x0A,
    0x00, 0x11, 0x18, 0x8A, 0xA9, 0x54, 0xAA, 0x22, 0x00, 0x10, 0x50, 0x04, 0x14, 0x48, 0x8A, 0x08,
    0x10, 0x20, 0x40, 0x22, 0x81, 0x18, 0xA9, 0x4A, 0x21, 0x30, 0x28, 0x02, 0x0A, 0x24, 0x45, 0x04,
    0x08, 0x10, 0x20, 0x24, 0x0F, 0x12, 0x24, 0x48, 0xF0, 0x48, 0x72, 0x94, 0xE0, 0x40, 0xF1, 0x22,
    0x44, 0x8F, 0x83, 0x94, 0xA7, 0xA4, 0x0F, 0x12, 0x24, 0x48, 0xF0, 0xA4, 0x07, 0x12, 0x24, 0x70,
    0x72, 0x49, 0x24, 0x02, 0x75, 0x14, 0x18, 0x30, 0x60, 0xA2, 0x38, 0x17, 0x99, 0x99, 0x60, 0x01,
    0x01, 0x86, 0x84, 0x84, 0x84, 0x84, 0x84, 0x84, 0x78, 0x04, 0x19, 0xA4, 0x92, 0x49, 0x1C, 0x00,
    0x50, 0x02, 0xF0, 0xF8, 0x81, 0x84, 0x28, 0x42, 0x84, 0x48, 0x44, 0x88, 0x8F, 0x0F, 0xF0, 0xB1,
    0x0A, 0x13, 0xC2, 0x18, 0x45, 0x08, 0xA2, 0x27, 0x87, 0x10, 0x04, 0x51, 0x09, 0xC7, 0x90, 0xA4,
    0x29, 0x12, 0x44, 0x71, 0xC0, 0x80, 0x60, 0x18, 0x06, 0x01, 0x80, 0x60, 0x18, 0x0F, 0xFE, 0x83,
    0x02, 0x0C, 0x18, 0x30, 0x60, 0xFD, 0x02, 0x18, 0x89, 0x89, 0x99, 0x99, 0x51, 0x60, 0x84, 0x1C,
    0x41, 0xA4, 0x1A, 0x41, 0x94, 0x18, 0xC1, 0x85, 0x18, 0x5E, 0x84, 0xE2, 0x29, 0x34, 0x99, 0x4C,
    0x66, 0x13, 0x09, 0x00, 0x81, 0x80, 0x03, 0x00, 0xE2, 0x92, 0x92, 0x92, 0x92, 0x92, 0x02, 0x0E,
    0x28, 0x20, 0x00, 0x82, 0x85, 0x0A, 0x22, 0x7C, 0x8A, 0x08, 0x51, 0x01, 0xE0, 0xBE, 0x31, 0x78,
    0xA8, 0x24, 0x92, 0x49, 0x00, 0xA8, 0x24, 0x92, 0x40, 0x28, 0x20, 0x01, 0xC4, 0x50, 0x60, 0xC1,
    0x82, 0x88, 0xE0, 0xA4, 0x06, 0x99, 0x99, 0x60, 0x28, 0x40, 0x21, 0x86, 0x18, 0x61, 0x86, 0x17,
    0x80, 0xA4, 0x09, 0x99, 0x99, 0x70, 0x38, 0x02, 0x80, 0x86, 0x18, 0x61, 0x86, 0x18, 0x5E, 0xE0,
    0xA0, 0x99, 0x99, 0x97, 0x11, 0x50, 0x21, 0x86, 0x18, 0x61, 0x86, 0x17, 0x80, 0x24, 0xA0, 0x99,
    0x99, 0x97, 0x40, 0xE4, 0x40, 0x86, 0x18, 0x61, 0x86, 0x18, 0x5E, 0x0B, 0xA2, 0x04, 0xA5, 0x29,
    0x49, 0xC0, 0x21, 0x90, 0x21, 0x86, 0x18, 0x61, 0x86, 0x17, 0x80, 0xC4, 0xA0, 0x99, 0x99, 0x97,
    0xE1, 0x1F, 0x96, 0x38, 0x00, 0xA0, 0x01, 0x05, 0x0A, 0x14, 0x44, 0xF9, 0x14, 0x10, 0x70, 0x14,
    0x0F, 0x05, 0xF1, 0x8B, 0xC0, 0x38, 0x00, 0x40, 0x01, 0x05, 0x0A, 0x14, 0x44, 0xF9, 0x14, 0x10,
    0x70, 0x08, 0x0F, 0x05, 0xF1, 0x8B, 0xC0, 0x07, 0x00, 0x00, 0x7C, 0x30, 0x14, 0x05, 0xE2, 0x40,
    0xF0, 0x44, 0x21, 0xF0, 0x38, 0x01, 0x71, 0x1F, 0xF4, 0x2C, 0x7F, 0x3C, 0x82, 0x04, 0x08, 0x51,
    0xD1, 0x1E, 0x74, 0xAF, 0x29, 0x38, 0x5C, 0x28, 0x40, 0x0F, 0x42, 0x08, 0x21, 0x85, 0x13, 0xC0,
    0x52, 0x07, 0x99, 0x99, 0x71, 0xE0, 0x50, 0x80, 0x21, 0x8A, 0x4A, 0x30, 0xB2, 0x28, 0x40, 0xA2,
    0x01, 0x08, 0x42, 0x54, 0xC5, 0x25, 0x10, 0x38, 0x8A, 0x0C, 0x18, 0x30, 0x51, 0x1C, 0x10, 0x10,
    0x69, 0x99, 0x96, 0x43, 0x38, 0x00, 0xE2, 0x28, 0x30, 0x60, 0xC1, 0x44, 0x70, 0x40, 0x40, 0xE0,
    0x69, 0x99, 0x96, 0x43, 0x51, 0x01, 0xF1, 0x08, 0xC1, 0x08, 0x7C, 0xA4, 0x0F, 0x12, 0x61, 0x11,
    0xE0, 0xA8, 0x12, 0x49, 0x27, 0x00, 0xF0, 0xF8, 0x81, 0x84, 0x28, 0x42, 0x84, 0x48, 0x44, 0x88,
    0x8F, 0x0F, 0xF0, 0x11, 0x02, 0x13, 0xC2, 0x18, 0x45, 0x08, 0xA2, 0x27, 0x87, 0x10, 0x04, 0x01,
    0x01, 0xC7, 0x90, 0xA4, 0x29, 0x12, 0x44, 0x71, 0xC0, 0x08, 0x40, 0x0F, 0x42, 0x08, 0x21, 0x85,
    0x13, 0xC0, 0x24, 0x07, 0x99, 0x99, 0x71, 0xE0, 0x84, 0x21, 0x08, 0x47, 0xF1, 0x84, 0x61, 0x18,
    0x46, 0x0E, 0xF4, 0x63, 0x18, 0xCA, 0x98, 0x84, 0x00, 0x20, 0x40, 0x21, 0xC6, 0x9A, 0x65, 0x8E,
    0x18, 0x40, 0x42, 0x0E, 0x99, 0x99, 0x90, 0x18, 0x40, 0x41, 0x41, 0x05, 0x0A, 0x14, 0x44, 0xF9,
    0x14, 0x10, 0x32, 0x18, 0xA6, 0x78, 0x2F, 0x8C, 0x5E, 0x02, 0x01, 0x00, 0x00, 0x1F, 0x0C, 0x05,
    0x01, 0x78, 0x90, 0x3C, 0x11, 0x08, 0x7C, 0x10, 0x20, 0x02, 0xE2, 0x3F, 0xE8, 0x58, 0xFE, 0x08,
    0x20, 0x01, 0xD4, 0x51, 0x66, 0xC9, 0xA2, 0x8A, 0xE0, 0x24, 0x07, 0x9B, 0xD9, 0xE0, 0x50, 0x50,
    0x00, 0x82, 0x85, 0x0A, 0x22, 0x7C, 0x8A, 0x08, 0x52, 0x81, 0xE0, 0xBE, 0x31, 0x78, 0x38, 0x50,
    0x00, 0x82, 0x85, 0x0A, 0x22, 0x7C, 0x8A, 0x08, 0x72, 0x41, 0xE0, 0xBE, 0x31, 0x78, 0xA5, 0x0F,
    0x88, 0xE8, 0x88, 0xF0, 0xAA, 0x06, 0x9F, 0x88, 0x70, 0x79, 0x0F, 0x88, 0xE8, 0x88, 0xF0, 0x69,
    0x06, 0x9F, 0x88, 0x70, 0xA5, 0x02, 0x22, 0x22, 0x22, 0x20, 0xA5, 0x02, 0x22, 0x22, 0x20, 0x7D,
    0x02, 0x22, 0x22, 0x22, 0x20, 0x79, 0x02, 0x22, 0x22, 0x20, 0x50, 0xF0, 0x01, 0xC4, 0x50, 0x60,
    0xC1, 0x82, 0x88, 0xE0, 0xAA, 0x06, 0x99, 0x99, 0x60, 0x38, 0x90, 0x01, 0xC4, 0x50, 0x60, 0xC1,
    0x82, 0x88, 0xE0, 0x79, 0x06, 0x99, 0x99, 0x60, 0xA2, 0x80, 0x3C, 0x8A, 0x28, 0xBC, 0x92, 0x28,
    0x40, 0xA5, 0x07, 0x44, 0x44, 0x40, 0x72, 0x40, 0x3C, 0x8A, 0x28, 0xBC, 0x92, 0x28, 0x40, 0x7D,
    0x07, 0x44, 0x44, 0x40, 0xF1, 0x40, 0x21, 0x86, 0x18, 0x61, 0x86, 0x17, 0x80, 0xAA, 0x09, 0x99,
    0x99, 0x70, 0x71, 0x20, 0x21, 0x86, 0x18, 0x61, 0x86, 0x17, 0x80, 0x69, 0x09, 0x99, 0x99, 0x70,
    0x78, 0x86, 0x11, 0x1E, 0x04, 0xC0, 0x73, 0x13, 0x82, 0x80, 0xF9, 0x08, 0x42, 0x10, 0x84, 0x01,
    0x10, 0x93, 0xC9, 0x23, 0x0A, 0x00, 0xF0, 0x42, 0x17, 0x04, 0x21, 0x17, 0x00, 0xF0, 0x42, 0xE0,
    0x84, 0x7C, 0x28, 0x40, 0x21, 0x86, 0x1F, 0xE1, 0x86, 0x18, 0x40, 0xA2, 0x00, 0x84, 0x21, 0xC9,
    0x4A, 0x52, 0x90, 0x90, 0x70, 0x4B, 0x5B, 0xF0, 0x96, 0xC0, 0x90, 0xFC, 0x5A, 0x96, 0x69, 0x68,
    0x60, 0x9C, 0x6C, 0x00, 0x44, 0x0F, 0x88, 0xE8, 0x88, 0xF0, 0xA0, 0xF8, 0x8E, 0x88, 0x8F, 0xFC,
    0x20, 0x20, 0x3E, 0x21, 0x21, 0x21, 0x26, 0x11, 0x01, 0xF8, 0x42, 0x10, 0x84, 0x20, 0x3D, 0x08,
    0x3E, 0x82, 0x04, 0x0F, 0x78, 0x86, 0x11, 0x1E, 0xFF, 0xA1, 0x24, 0x92, 0x48, 0x08, 0x42, 0x10,
    0x84, 0x3E, 0x3E, 0x04, 0x40, 0x88, 0x11, 0xE2, 0x22, 0x44, 0x50, 0x8E, 0x1E, 0x88, 0x22, 0x08,
    0x83, 0xFE, 0x88, 0x62, 0x18, 0x86, 0x3E, 0xFC, 0x40, 0x81, 0xE2, 0x24, 0x48, 0x91, 0x10, 0x40,
    0x21, 0x8A, 0x4A, 0x30, 0xB2, 0x28, 0x40, 0x20, 0x40, 0x21, 0x8E, 0x59, 0x69, 0xA7, 0x18, 0x40,
    0x48, 0xE0, 0x21, 0x49, 0x25, 0x0C, 0x30, 0x8C, 0x00, 0x86, 0x18, 0x61, 0x86, 0x18, 0x7F, 0x20,
    0x80, 0x10, 0x50, 0xA1, 0x44, 0x4F, 0x91, 0x41, 0xF4, 0x21, 0xE8, 0xC6, 0x3E, 0xF4, 0x63, 0xE8,
    0xC6, 0x3E, 0xFC, 0x21, 0x08, 0x42, 0x10, 0x1E, 0x12, 0x12, 0x12, 0x12, 0x22, 0x22, 0xFF, 0x81,
    0x81, 0xF8, 0x8E, 0x88, 0x8F, 0x88, 0xA4, 0x8A, 0x83, 0x82, 0xA2, 0x49, 0x25, 0x11, 0xF0, 0x42,
    0xE0, 0x84, 0x3E, 0x86, 0x39, 0x65, 0xA6, 0x9C, 0x61, 0x48, 0xC0, 0x21, 0x8E, 0x59, 0x69, 0xA7,
    0x18, 0x40, 0x86, 0x29, 0x28, 0xC2, 0xC8, 0xA1, 0x1E, 0x24, 0x48, 0x91, 0x24, 0x48, 0xE1, 0x83,
    0x8F, 0x1D, 0x5A, 0xB5, 0x64, 0xC1, 0x86, 0x18, 0x7F, 0x86, 0x18, 0x61, 0x38, 0x8A, 0x0C, 0x18,
    0x30, 0x51, 0x1C, 0xFE, 0x18, 0x61, 0x86, 0x18, 0x61, 0xFA, 0x18, 0x61, 0xFA, 0x08, 0x20, 0x3D,
    0x08, 0x20, 0x82, 0x04, 0x0F, 0xF9, 0x08, 0x42, 0x10, 0x84, 0x85, 0x24, 0x94, 0x30, 0xC2, 0x30,
    0x10, 0xFA, 0x4C, 0x99, 0x32, 0x5F, 0x08, 0x82, 0x88, 0xA0, 0x81, 0x05, 0x11, 0x41, 0x85, 0x0A,
    0x14, 0x28, 0x50, 0xA1, 0x7F, 0x02, 0x04, 0x8C, 0x63, 0x17, 0x84, 0x21, 0x88, 0xC4, 0x62, 0x31,
    0x18, 0x8C, 0x46, 0x23, 0xFF, 0x88, 0xA2, 0x28, 0x8A, 0x22, 0x88, 0xA2, 0x28, 0x8B, 0xFF, 0x00,
    0x40, 0x10, 0xE0, 0x40, 0x81, 0xE2, 0x24, 0x48, 0x9E, 0x83, 0x06, 0x0F, 0x98, 0xB1, 0x62, 0xF9,
    0x84, 0x21, 0xE8, 0xC6, 0x3E, 0xF0, 0x20, 0x5F, 0x04, 0x10, 0xBC, 0x87, 0x22, 0x29, 0x07, 0xC1,
    0x90, 0x64, 0x18, 0x8A, 0x1C, 0x3D, 0x14, 0x51, 0x3C, 0x94, 0x61, 0xF0, 0x5F, 0x18, 0xBC, 0x3A,
    0x21, 0xE8, 0xC6, 0x31, 0x70, 0xE9, 0xE9, 0x9E, 0xF8, 0x88, 0x88, 0x3C, 0x48, 0x91, 0x24, 0x5F,
    0xE0, 0xC1, 0x69, 0xF8, 0x87, 0x49, 0x15, 0x07, 0x05, 0x44, 0x94, 0x44, 0xE1, 0x61, 0x1E, 0x8C,
    0xEB, 0x5C, 0xC4, 0x93, 0x81, 0x19, 0xD6, 0xB9, 0x88, 0x95, 0x31, 0x49, 0x44, 0x3C, 0x92, 0x49,
    0x46, 0x10, 0xC7, 0x56, 0xAD, 0x59, 0x30, 0x40, 0x99, 0xF9, 0x99, 0x69, 0x99, 0x96, 0xF9, 0x99,
    0x99, 0xE9, 0x99, 0x9E, 0x88, 0x78, 0x88, 0x87, 0xF9, 0x08, 0x42, 0x10, 0x8C, 0x54, 0xA5, 0x10,
    0x98, 0x10, 0x20, 0x43, 0xE9, 0x32, 0x64, 0xC9, 0x7C, 0x20, 0x40, 0x85, 0x23, 0x0C, 0x4A, 0x10,
    0x94, 0xA5, 0x29, 0x7C, 0x21, 0x99, 0x9F, 0x11, 0x93, 0x26, 0x4C, 0x99, 0x3F, 0xC0, 0x92, 0x92,
    0x92, 0x92, 0x92, 0xFF, 0x01, 0x01, 0xE0, 0x83, 0x89, 0x24, 0xE0, 0x86, 0x1E, 0x65, 0x97, 0x90,
    0x88, 0xE9, 0x9E, 0xE1, 0x71, 0x1E, 0x9D, 0x47, 0x8D, 0x1A, 0x33, 0x80, 0x79, 0x97, 0x59, 0x42,
    0x69, 0xF8, 0x87, 0x50, 0x69, 0xF8, 0x87, 0x47, 0x90, 0xE4, 0xA5, 0x29, 0x48, 0x44, 0x24, 0xF8,
    0x88, 0x88, 0x78, 0xE8, 0x87, 0x73, 0x13, 0x80, 0xBF, 0xA1, 0x24, 0x92, 0x20, 0x92, 0x49, 0x38,
    0x3C, 0x12, 0x09, 0xC4, 0x94, 0x4C, 0x38, 0x91, 0x23, 0xF4, 0x99, 0x33, 0x80, 0x47, 0x90, 0xE4,
    0xA5, 0x29, 0x48, 0x22, 0x25, 0x4C, 0x52, 0x51, 0x21, 0x23, 0x3A, 0xD7, 0x31, 0x4B, 0x81, 0x18,
    0xA9, 0x4A, 0x21, 0x30, 0x99, 0x99, 0x9F, 0x22, 0x21, 0xF0, 0x81, 0xE2, 0x24, 0x48, 0x9E, 0x41,
    0x04, 0x3C, 0x41, 0xE4, 0x51, 0x78, 0x38, 0x8A, 0x0F, 0x98, 0xF0, 0x51, 0x1C, 0x69, 0xDB, 0x96,
    0x81, 0xC1, 0x10, 0x88, 0x82, 0x41, 0x40, 0xA0, 0x20, 0x8E, 0x24, 0x94, 0x50, 0x80, 0x48, 0x60,
    0x04, 0x28, 0xD2, 0xA5, 0x52, 0xA5, 0x8A, 0x18, 0x10, 0x40, 0x48, 0xC0, 0x22, 0x9A, 0xAA, 0xB2,
    0x8C, 0x10, 0x80, 0x43, 0x84, 0x1E, 0x45, 0x14, 0x5E, 0x47, 0x90, 0xE4, 0xB8, 0xFA, 0x18, 0x69,
    0xFA, 0x28, 0x20, 0xE9, 0x9B, 0xBF, 0x98, 0x0F, 0xE1, 0x08, 0x42, 0x10, 0x80, 0x1F, 0x88, 0x88,
    0x80, 0x7D, 0x04, 0x3C, 0x41, 0x04, 0x10, 0x7A, 0x11, 0xE4, 0x20, 0xF4, 0x21, 0xE8, 0xC6, 0x31,
    0x0B, 0x80, 0xF8, 0xE9, 0x99, 0x16, 0x88, 0x92, 0x42, 0xA0, 0x70, 0x2A, 0x12, 0x44, 0x8A, 0x21,
    0x00, 0x40, 0x10, 0x49, 0x15, 0x07, 0x05, 0x44, 0x94, 0x44, 0x02, 0x01, 0xF0, 0x42, 0xE0, 0x84,
    0x3E, 0x41, 0x10, 0xE1, 0x61, 0x1E, 0x42, 0x40, 0x8A, 0x4A, 0x30, 0xA2, 0x48, 0xA1, 0x04, 0x10,
    0x95, 0x31, 0x49, 0x4C, 0x21, 0x83, 0x4A, 0xA7, 0x8A, 0x95, 0x21, 0x41, 0x86, 0xAF, 0x2A, 0x8A,
    0x10, 0x43, 0xC9, 0x22, 0x86, 0x0B, 0x11, 0x21, 0x47, 0xA5, 0x18, 0x51, 0x20, 0xE1, 0x22, 0x24,
    0x28, 0x30, 0x2C, 0x22, 0x21, 0xC4, 0x91, 0xC2, 0x84, 0x88, 0xC0, 0x85, 0x0A, 0x17, 0xE8, 0x50,
    0xA1, 0x43, 0x02, 0x04, 0x8A, 0x2F, 0xA2, 0x8A, 0x30, 0x41, 0x87, 0x84, 0x84, 0xFC, 0x84, 0x84,
    0x84, 0x84, 0x8E, 0x2F, 0xA2, 0x8A, 0x20, 0xF8, 0x44, 0x22, 0x11, 0xE8, 0x8C, 0x46, 0x23, 0x11,
    0x00, 0x83, 0x80, 0xF1, 0x22, 0x74, 0x99, 0x32, 0x40, 0x86, 0x3C, 0x82, 0x34, 0x99, 0x32, 0x54,
    0x9E, 0x08, 0x0C, 0x76, 0x25, 0x5A, 0xB8, 0x41, 0x3D, 0x08, 0x20, 0x82, 0x04, 0x0F, 0x20, 0x42,
    0x00, 0x78, 0x88, 0x87, 0x42, 0x40, 0xF9, 0x08, 0x42, 0x10, 0x86, 0x10, 0x80, 0xF9, 0x08, 0x42,
    0x18, 0x42, 0x82, 0x89, 0x11, 0x41, 0x02, 0x04, 0x08, 0x8C, 0x54, 0xA5, 0x10, 0x84, 0x82, 0x89,
    0x11, 0x41, 0x0F, 0x84, 0x08, 0x8C, 0x62, 0xA5, 0x7C, 0x84, 0x82, 0x88, 0xA0, 0x81, 0x05, 0x11,
    0x41, 0x02, 0x04, 0x85, 0x23, 0x0C, 0x4A, 0x10, 0x41, 0xF9, 0x10, 0x88, 0x44, 0x22, 0x11, 0x08,
    0x84, 0x7F, 0x00, 0x80, 0x40, 0xF4, 0x48, 0x91, 0x22, 0x47, 0xC0, 0x81, 0x8A, 0x28, 0xA2, 0x78,
    0x20, 0x83, 0x04, 0x10, 0x94, 0xA5, 0xE1, 0x0C, 0x21, 0x8C, 0x63, 0x57, 0x94, 0x21, 0x8C, 0x6A,
    0xF2, 0x84, 0x84, 0x21, 0xE8, 0xC6, 0x31, 0x88, 0x8E, 0x99, 0x99, 0x90, 0x0C, 0x12, 0xA1, 0x7F,
    0x20, 0x20, 0x10, 0x0E, 0x1A, 0x97, 0xC8, 0x20, 0x70, 0x0C, 0x12, 0xA1, 0x7F, 0x20, 0x20, 0x10,
    0x0E, 0x04, 0x04, 0x1A, 0x97, 0xC8, 0x20, 0x70, 0x82, 0xFF, 0x12, 0x06, 0x00, 0x11, 0x14, 0x91,
    0x50, 0x70, 0x54, 0x49, 0x24, 0xA2, 0x20, 0x24, 0x0C, 0x00, 0x09, 0x22, 0xA0, 0xE0, 0xA8, 0x92,
    0x88, 0x80, 0x8A, 0x49, 0x28, 0xF2, 0x28, 0xA2, 0x08, 0xC0, 0x9A, 0xE9, 0x99, 0x12, 0x1E, 0x12,
    0x12, 0x12, 0x12, 0x22, 0x22, 0xC3, 0x01, 0x02, 0x3C, 0x48, 0x91, 0x24, 0x50, 0xC0, 0x82, 0x86,
    0x18, 0x7F, 0x86, 0x18, 0x61, 0x04, 0x60, 0x99, 0xF9, 0x99, 0x12, 0x85, 0x0A, 0x17, 0xE8, 0x50,
    0xA1, 0x43, 0x02, 0x08, 0x94, 0xBD, 0x29, 0x4C, 0x22, 0x8C, 0x63, 0x17, 0x84, 0x23, 0x10, 0x80,
    0x99, 0x9F, 0x13, 0x22, 0x82, 0xC6, 0xC6, 0xAA, 0xAA, 0xAA, 0x92, 0x83, 0x01, 0x02, 0xC6, 0xAA,
    0xAA, 0xAA, 0x92, 0x83, 0x01, 0x02, 0xFF, 0x28, 0x70, 0x00, 0x82, 0x85, 0x0A, 0x22, 0x7C, 0x8A,
    0x08, 0x4B, 0x81, 0xE0, 0xBE, 0x31, 0x78, 0x14, 0x00, 0x41, 0x42, 0x85, 0x11, 0x3E, 0x45, 0x04,
    0x28, 0x3C, 0x17, 0xC6, 0x2F, 0x07, 0xC3, 0x01, 0x40, 0x5E, 0x24, 0x0F, 0x04, 0x42, 0x1F, 0x5C,
    0x47, 0xFD, 0x0B, 0x1F, 0xC0, 0x96, 0x0F, 0x88, 0xE8, 0x88, 0xF0, 0x96, 0x06, 0x9F, 0x88, 0x70,
    0xF0, 0x20, 0x41, 0xFE, 0x14, 0x8C, 0xE1, 0x1F, 0x96, 0x28, 0x0F, 0x02, 0x04, 0x1F, 0xE1, 0x48,
    0xC0, 0x50, 0xE1, 0x1F, 0x96, 0x0A, 0x00, 0x22, 0x29, 0x22, 0xA0, 0xE0, 0xA8, 0x92, 0x49, 0x44,
    0x40, 0x14, 0x00, 0x12, 0x45, 0x41, 0xC1, 0x51, 0x25, 0x11, 0x28, 0x3C, 0x10, 0xB8, 0x21, 0x0F,
    0x80, 0x50, 0xE1, 0x61, 0x1E, 0xF8, 0x84, 0x60, 0x84, 0x3E, 0xF1, 0x26, 0x11, 0x1E, 0x38, 0x08,
    0x63, 0x96, 0x5A, 0x69, 0xC6, 0x10, 0x70, 0x23, 0x3A, 0xD7, 0x31, 0x28, 0x08, 0x63, 0x96, 0x5A,
    0x69, 0xC6, 0x10, 0x50, 0x23, 0x3A, 0xD7, 0x31, 0x28, 0x00, 0xE2, 0x28, 0x30, 0x60, 0xC1, 0x44,
    0x70, 0x50, 0x69, 0x99, 0x96, 0x38, 0x8A, 0x0F, 0xF8, 0x30, 0x51, 0x1C, 0x69, 0xF9, 0x96, 0x28,
    0x00, 0xE2, 0x28, 0x3F, 0xE0, 0xC1, 0x44, 0x70, 0x50, 0x69, 0xF9, 0x96, 0x28, 0x0F, 0x02, 0x05,
    0xF0, 0x41, 0x0B, 0xC0, 0x50, 0xE1, 0x71, 0x1E, 0x38, 0x08, 0x52, 0x49, 0x43, 0x0C, 0x23, 0x00,
    0x38, 0x23, 0x15, 0x29, 0x44, 0x26, 0x00, 0x28, 0x08, 0x52, 0x49, 0x43, 0x0C, 0x23, 0x00, 0x28,
    0x23, 0x15, 0x29, 0x44, 0x26, 0x00, 0x28, 0xA8, 0x52, 0x49, 0x43, 0x0C, 0x23, 0x00, 0x2A, 0xA3,
    0x15, 0x29, 0x44, 0x26, 0x00, 0x50, 0x23, 0x18, 0xC5, 0xE1, 0x08, 0x40, 0x50, 0x99, 0x9F, 0x11,
    0xFC, 0x21, 0x08, 0x42, 0x18, 0x42, 0x00, 0xF8, 0x88, 0x8C, 0x44, 0x14, 0x02, 0x0C, 0x18, 0x3E,
    0x62, 0xC5, 0x8B, 0xE4, 0x28, 0x08, 0x61, 0xE6, 0x59, 0x79, 0x44, 0x48, 0xD2, 0xC4, 0x88, 0xA1,
    0x80, 0x70, 0x20, 0x82, 0x08, 0x2F, 0xC0, 0x62, 0x22, 0x22, 0xD0, 0xFC, 0x20, 0x82, 0x08, 0x20,
    0x80, 0xF8, 0x43, 0x18, 0xC6, 0x20, 0xD5, 0x54, 0xE9, 0x24, 0x90, 0xFD, 0x14, 0x51, 0x45, 0x14,
    0x40, 0xBC, 0x63, 0x18, 0xC5, 0xC0, 0xD5, 0xF8, 0x42, 0x10, 0x84, 0x21, 0x08, 0xF0, 0x42, 0x10,
    0x87, 0xC0, 0x84, 0x3E, 0x10, 0x88, 0x42, 0x20, 0xFA, 0x18, 0x61, 0x86, 0x1F, 0xC0, 0xBB, 0x38,
    0x61, 0x86, 0x2B, 0x80, 0xED, 0xB6, 0xDB, 0x60, 0xD5, 0x5C, 0xFC, 0x89, 0x12, 0x14, 0x48, 0x8E,
    0x00, 0x45, 0x14, 0x49, 0x28, 0xEC, 0x00, 0xF4, 0x63, 0x14, 0x84, 0x21, 0x08, 0xF4, 0x63, 0x14,
    0x8F, 0xC0, 0xCA, 0x52, 0x62, 0x10, 0x42, 0x10, 0xC5, 0xA2, 0x86, 0x10, 0x2F, 0x80, 0xFC, 0x28,
    0xA2, 0x92, 0x49, 0x20, 0x80, 0xF0, 0x42, 0x10, 0x84, 0x20, 0x96, 0x5A, 0x69, 0xC6, 0x17, 0x80,
    0x7C, 0x44, 0x89, 0x12, 0x24, 0x70, 0x80, 0xC0, 0x68, 0x20, 0x78, 0x84, 0x22, 0x02, 0x64, 0x47,
    0x80, 0xF0, 0xF8, 0xD0, 0x95, 0x54, 0x9F, 0x84, 0x44, 0x40, 0x85, 0x57, 0xD0, 0x41, 0x04, 0x10,
    0x24, 0x88, 0x68, 0x8F, 0x69, 0x99, 0x97, 0x8F, 0x11, 0x11, 0x11, 0x85, 0x14, 0x92, 0x28, 0xC3,
    0x04, 0x10, 0xC3, 0x92, 0x49, 0x18, 0x40, 0xE9, 0xD3, 0x11, 0x10, 0x02, 0x0D, 0x0C, 0x18, 0x2D,
    0x84, 0x00, 0xE0, 0x65, 0x99, 0x70, 0xD0, 0x95, 0x54, 0x9F, 0x84, 0x44, 0x40, 0x85, 0x57, 0xD0,
    0x41, 0x04, 0x10, 0xBF, 0x84, 0x44, 0x40, 0x66, 0x99, 0x9B, 0xF0, 0x74, 0x52, 0x44, 0x80, 0x85,
    0x14, 0x92, 0x28, 0xC3, 0x04, 0x10, 0xC3, 0x92, 0x49, 0x18, 0x40, 0xE9, 0xD3, 0x11, 0x10, 0x10,
    0x30, 0xA1, 0x64, 0x4F, 0x91, 0xC1, 0x00, 0x20, 0x70, 0x42, 0xFC, 0xBC, 0x04, 0x18, 0x20, 0x40,
    0xC2, 0x85, 0x91, 0x3E, 0x47, 0x04, 0x31, 0x1C, 0x10, 0xBF, 0x2F, 0x06, 0x28, 0xA0, 0x81, 0x85,
    0x0B, 0x22, 0x7C, 0x8E, 0x08, 0x04, 0x23, 0x00, 0x70, 0x20, 0x9E, 0xC9, 0xE0, 0x08, 0x28, 0xA0,
    0x81, 0x85, 0x0B, 0x22, 0x7C, 0x8E, 0x08, 0x10, 0x4C, 0x07, 0x04, 0x2F, 0xCB, 0xC0, 0x0C, 0x08,
    0x41, 0x41, 0x03, 0x0A, 0x16, 0x44, 0xF9, 0x1C, 0x10, 0x08, 0x23, 0x00, 0x70, 0x20, 0x9E, 0xC9,
    0xE0, 0x38, 0x00, 0x41, 0x41, 0x03, 0x0A, 0x16, 0x44, 0xF9, 0x1C, 0x10, 0x78, 0x0C, 0x07, 0x04,
    0x2F, 0xCB, 0xC0, 0x10, 0x50, 0x40, 0xC2, 0x85, 0x91, 0x3E, 0x47, 0x04, 0x00, 0x80, 0x30, 0x1C,
    0x10, 0xBF, 0x2F, 0x01, 0x00, 0x08, 0x20, 0xA0, 0x81, 0x03, 0x0A, 0x16, 0x44, 0xF9, 0x1C, 0x10,
    0x11, 0x0C, 0x07, 0x04, 0x2F, 0xCB, 0xC0, 0x20, 0x20, 0xA0, 0x81, 0x03, 0x0A, 0x16, 0x44, 0xF9,
    0x1C, 0x10, 0x61, 0x0C, 0x07, 0x04, 0x2F, 0xCB, 0xC0, 0x18, 0x30, 0xA0, 0x81, 0x03, 0x0A, 0x16,
    0x44, 0xF9, 0x1C, 0x10, 0x31, 0x0C, 0x07, 0x04, 0x2F, 0xCB, 0xC0, 0x00, 0x70, 0xA0, 0x81, 0x03,
    0x0A, 0x16, 0x44, 0xF9, 0x1C, 0x10, 0x68, 0x8C, 0x07, 0x04, 0x2F, 0xCB, 0xC0, 0x28, 0x20, 0x40,
    0xC2, 0x85, 0x91, 0x3E, 0x47, 0x04, 0x00, 0x80, 0x30, 0x1C, 0x10, 0xBF, 0x2F, 0x01, 0x00, 0xFC,
    0x21, 0x0F, 0x42, 0x1F, 0x01, 0x00, 0x74, 0xA5, 0xC8, 0x78, 0x0C, 0x61, 0x3F, 0x08, 0x43, 0xD0,
    0x87, 0xC0, 0x20, 0x1D, 0x29, 0x72, 0x1E, 0x70, 0x3F, 0x08, 0x43, 0xD0, 0x87, 0xC0, 0x70, 0x1D,
    0x29, 0x72, 0x1E, 0x09, 0x95, 0xF8, 0x42, 0x1E, 0x84, 0x3E, 0x08, 0x58, 0x07, 0x4A, 0x5C, 0x87,
    0x80, 0x11, 0x15, 0xF8, 0x42, 0x1E, 0x84, 0x3E, 0x20, 0x98, 0x07, 0x4A, 0x5C, 0x87, 0x80, 0x19,
    0x95, 0xF8, 0x42, 0x1E, 0x84, 0x3E, 0x18, 0xD8, 0x07, 0x4A, 0x5C, 0x87, 0x80, 0x51, 0x08, 0xAF,
    0xC2, 0x10, 0xF4, 0x21, 0xF0, 0x70, 0x18, 0x07, 0x4A, 0x5C, 0x87, 0x80, 0x22, 0xBF, 0x08, 0x43,
    0xD0, 0x87, 0xC0, 0x40, 0x60, 0x1D, 0x29, 0x72, 0x1E, 0x03, 0x00, 0x49, 0x24, 0x92, 0x48, 0x55,
    0x55, 0xFF, 0x40, 0xBF, 0x40, 0x39, 0x8A, 0x1C, 0x18, 0x30, 0x71, 0x3C, 0x00, 0x20, 0x74, 0xE3,
    0x18, 0xF8, 0x04, 0x30, 0x20, 0xE6, 0x28, 0x70, 0x60, 0xC1, 0xC4, 0xF0, 0x61, 0x1D, 0x38, 0xC6,
    0x3E, 0x04, 0x20, 0xA1, 0xCC, 0x50, 0xE0, 0xC1, 0x83, 0x89, 0xE0, 0x08, 0x58, 0x07, 0x4E, 0x31,
    0x8F, 0x80, 0x00, 0x10, 0x41, 0x43, 0x98, 0xA1, 0xC1, 0x83, 0x07, 0x13, 0xC0, 0x20, 0x98, 0x07,
    0x4E, 0x31, 0x8F, 0x80, 0x08, 0x08, 0x61, 0x43, 0x98, 0xA1, 0xC1, 0x83, 0x07, 0x13, 0xC0, 0x18,
    0x58, 0x07, 0x4E, 0x31, 0x8F, 0x80, 0x28, 0x20, 0x41, 0x43, 0x98, 0xA1, 0xC1, 0x83, 0x07, 0x13,
    0xC0, 0x70, 0x18, 0x07, 0x4E, 0x31, 0x8F, 0x80, 0x30, 0x10, 0xE6, 0x28, 0x70, 0x60, 0xC1, 0xC4,
    0xF0, 0x00, 0x80, 0x60, 0x1D, 0x38, 0xC6, 0x3E, 0x01, 0x00, 0x18, 0x04, 0xEE, 0x28, 0x70, 0x60,
    0xC1, 0xC4, 0xF0, 0x01, 0x02, 0xF9, 0xC6, 0x31, 0xF0, 0x20, 0x24, 0xEE, 0x28, 0x70, 0x60, 0xC1,
    0xC4, 0xF0, 0x02, 0x0A, 0xF9, 0xC6, 0x31, 0xF0, 0x30, 0x24, 0xEE, 0x28, 0x70, 0x60, 0xC1, 0xC4,
    0xF0, 0x61, 0x5F, 0x38, 0xC6, 0x3E, 0x28, 0x24, 0xEE, 0x28, 0x70, 0x60, 0xC1, 0xC4, 0xF0, 0x70,
    0x5F, 0x38, 0xC6, 0x3E, 0x02, 0x77, 0x14, 0x38, 0x30, 0x60, 0xE2, 0x78, 0x00, 0x40, 0x0B, 0xE7,
    0x18, 0xC7, 0xC0, 0x20, 0x86, 0x18, 0x61, 0x86, 0x18, 0x9E, 0x00, 0x80, 0x99, 0x99, 0x9F, 0x02,
    0x30, 0x88, 0x61, 0x86, 0x18, 0x61, 0x89, 0xE0, 0x20, 0x99, 0x99, 0x9F, 0x10, 0x46, 0x1C, 0x28,
    0x50, 0xA1, 0x42, 0x88, 0xF0, 0x00, 0x80, 0x66, 0x92, 0x49, 0x24, 0xF0, 0x20, 0x06, 0x1C, 0x28,
    0x50, 0xA1, 0x42, 0x88, 0xF0, 0x41, 0x02, 0x66, 0x92, 0x49, 0x24, 0xF0, 0x30, 0x46, 0x1C, 0x28,
    0x50, 0xA1, 0x42, 0x88, 0xF0, 0x20, 0x19, 0xA4, 0x92, 0x49, 0x3C, 0x28, 0xA6, 0x1C, 0x28, 0x50,
    0xA1, 0x42, 0x88, 0xF0, 0x70, 0x19, 0xA4, 0x92, 0x49, 0x3C, 0x03, 0x0E, 0x14, 0x28, 0x50, 0xA1,
    0x44, 0x78, 0x00, 0x80, 0x06, 0x69, 0x24, 0x92, 0x4F, 0x00, 0x20, 0x10, 0x20, 0x04, 0x14, 0x48,
    0x8A, 0x08, 0x10, 0x20, 0x40, 0x20, 0x81, 0x18, 0xA9, 0x4A, 0x21, 0x30, 0x84, 0x89, 0x21, 0x43,
    0x02, 0x04, 0x08, 0x00, 0x20, 0x8A, 0x52, 0xA3, 0x18, 0x99, 0x30, 0x22, 0x12, 0x24, 0x85, 0x0C,
    0x08, 0x10, 0x20, 0x31, 0x22, 0x94, 0xA8, 0xC6, 0x26, 0x00, 0x38, 0x02, 0x12, 0x24, 0x85, 0x0C,
    0x08, 0x10, 0x20, 0x70, 0x22, 0x94, 0xA8, 0xC6, 0x26, 0x00, 0x00, 0x00, 0xFF, 0xFA, 0xAA, 0x7A,
    0xAA, 0xBD, 0x55, 0xE0, 0xE0, 0xF8, 0xFF, 0xE0, 0xFF, 0xE0, 0x68, 0x58, 0x58, 0x5A, 0xA0, 0x55,
    0xA0, 0x55, 0xA0, 0x21, 0x3E, 0x42, 0x10, 0x84, 0x20, 0x21, 0x3E, 0x42, 0x7C, 0x84, 0x20, 0xFF,
    0x80, 0x88, 0x80, 0x00, 0x62, 0x09, 0x40, 0x98, 0x06, 0x80, 0x16, 0x61, 0x99, 0x29, 0x94, 0x66,
    0x2A, 0x22, 0x88, 0xA8, 0x08, 0x84, 0x42, 0x21, 0x10, 0xA2, 0x90, 0x69, 0x96, 0x6A, 0xF2, 0xF8,
    0xE0, 0x7A, 0xA0, 0xE5, 0x20, 0x5E, 0xA0, 0x55, 0xE0, 0x69, 0x96, 0x75, 0xC5, 0x70, 0xE8, 0xE0,
    0x6A, 0xF2, 0xF8, 0xE0, 0x7A, 0xA0, 0xE5, 0x20, 0x5E, 0xA0, 0x55, 0xE0, 0xF3, 0x16, 0xAD, 0x5A,
    0xB4, 0x6F, 0x00, 0x3D, 0x0F, 0x90, 0xF9, 0x03, 0xC0, 0xF9, 0x0A, 0x6E, 0x9B, 0x84, 0xE1, 0xF2,
    0xF8, 0x87, 0xF8, 0xBE, 0x2E, 0x20, 0x82, 0x61, 0x17, 0x99, 0x96, 0x10, 0x20, 0xA1, 0x44, 0x48,
    0xA0, 0xFF, 0xFE, 0x18, 0x61, 0x86, 0x18, 0x61, 0x84, 0xFD, 0x04, 0x08, 0x10, 0x84, 0x20, 0xFC,
    0xF8, 0x08, 0x84, 0x42, 0x21, 0x10, 0x80, 0x04, 0x10, 0x42, 0x09, 0x2A, 0x8A, 0x10, 0x6A, 0x56,
    0x80, 0x12, 0x22, 0x22, 0x22, 0x22, 0xC0, 0x4D, 0x93, 0x60, 0x17, 0xC9, 0xF4, 0x00, 0x13, 0x20,
    0xC1, 0x03, 0xE0, 0x83, 0x04, 0xC8, 0x03, 0xE0, 0x67, 0x12, 0x27, 0x78, 0x91, 0x22, 0x44, 0x88,
    0x64, 0x61, 0xD8, 0xC6, 0x31, 0x88, 0x6A, 0x28, 0xBA, 0x8A, 0x28, 0xA2, 0x84, 0x66, 0x44, 0x62,
    0x1D, 0xD8, 0x8C, 0x46, 0x23, 0x11, 0x88, 0x80, 0x66, 0xA2, 0x28, 0x8B, 0xBA, 0x88, 0xA2, 0x28,
    0x8A, 0x22, 0x88, 0x40, 0x40, 0x60, 0x18, 0x05, 0xFE, 0x00, 0x02, 0x80, 0x40, 0x40, 0x04, 0x01,
    0x20, 0x18, 0xFF, 0x70, 0x00, 0x06, 0x00, 0x10, 0x00, 0x44, 0xE1, 0xD0, 0x21, 0x3E, 0x06, 0x30,
    0x08, 0x01, 0x80, 0xE0, 0x00, 0x40, 0x60, 0x18, 0x05, 0xFE, 0x08, 0x00, 0x30, 0x03, 0x80, 0x00,
    0x04, 0x00, 0x40, 0x12, 0x01, 0x8F, 0xF7, 0x8F, 0x80, 0x92, 0xC0, 0x43, 0x98, 0x02, 0x13, 0xE0,
    0x61, 0x38, 0x6B, 0x04, 0x13, 0x24, 0x40, 0x7E, 0x60, 0x9C, 0x1E, 0x64, 0x43, 0x98, 0x90, 0x80,
    0x7E, 0x70, 0x31, 0xB8, 0x00, 0xC1, 0x00, 0x70, 0x0C, 0x18, 0xE7, 0x00, 0x30, 0x20, 0x41, 0x9C,
    0x03, 0x08, 0x21, 0xF0, 0x40, 0xC7, 0x00, 0x30, 0x40, 0x82, 0xF4, 0x4D, 0x82, 0x49, 0x3A, 0x00,
    0x42, 0x18, 0x02, 0x10, 0x87, 0x26, 0x20, 0x47, 0x60, 0x22, 0x22, 0x2C, 0x80, 0x43, 0x38, 0x02,
    0x10, 0x87, 0x26, 0x20, 0x00, 0x40, 0x60, 0x60, 0x08, 0x41, 0x20, 0x28, 0x09, 0xFC, 0x00, 0x40,
    0x30, 0x08, 0x03, 0x04, 0x11, 0x01, 0x20, 0x23, 0xFB, 0x09, 0xB0, 0x82, 0x08, 0x5C, 0x08, 0xCC,
    0x10, 0x20, 0x41, 0x3B, 0x00, 0x80, 0xD0, 0x58, 0x18, 0x02, 0x10, 0x48, 0x0A, 0x02, 0x7F, 0x00,
    0x00, 0x80, 0x68, 0x16, 0x01, 0x00, 0x60, 0x82, 0x20, 0x24, 0x04, 0x7F, 0x60, 0x13, 0x6D, 0x84,
    0x10, 0x42, 0xE0, 0x11, 0xAB, 0x30, 0x40, 0x81, 0x04, 0xEC, 0x02, 0x0D, 0x0C, 0x18, 0x2D, 0x84,
    0x00, 0x02, 0x21, 0x20, 0xF0, 0x46, 0x40, 0xC0, 0x65, 0x99, 0x70, 0x23, 0x49, 0x23, 0x57, 0x50,
    0x46, 0x54, 0x42, 0x00, 0x10, 0x58, 0xB1, 0x5F, 0xE0, 0x08, 0x28, 0x91, 0x4F, 0xE4, 0x87, 0x00,
    0x21, 0x65, 0x95, 0xFC, 0x10, 0xC4, 0x94, 0xFD, 0x27, 0x80, 0x30, 0x0A, 0x04, 0x82, 0x00, 0x7F,
    0xC0, 0x3F, 0x82, 0x03, 0xF0, 0x60, 0x18, 0x04, 0x00, 0xC0, 0x28, 0x12, 0x08, 0x01, 0xFF, 0x60,
    0xC1, 0x01, 0xFC, 0x10, 0x1F, 0x80, 0x03, 0x05, 0x08, 0x4C, 0x83, 0x81, 0x66, 0x18, 0x44, 0x41,
    0xE0, 0x4C, 0xC1, 0x80, 0x44, 0xE1, 0xC0, 0x21, 0x3E, 0x06, 0x00, 0x64, 0x47, 0x80, 0xF0, 0x22,
    0x22, 0x22, 0x20, 0xF0, 0x08, 0x42, 0x10, 0x84, 0x21, 0xC0, 0xF9, 0x55, 0x50, 0xCA, 0xC4, 0x44,
    0x44, 0x44, 0x70, 0x25, 0x62, 0x55, 0x71, 0x68, 0x21, 0x46, 0x08, 0x51, 0x47, 0xC4, 0x62, 0x00,
    0xAA, 0xAA, 0x2E, 0x92, 0x49, 0x27, 0x13, 0x40, 0x63, 0x55, 0x68, 0x4C, 0x83, 0x81, 0x66, 0x18,
    0x60, 0x28, 0x18, 0x08, 0x88, 0x3C, 0x09, 0x98, 0x30, 0xF8, 0x57, 0x46, 0x82, 0x4F, 0xFF, 0x92,
    0x49, 0x27, 0x40, 0x60, 0x18, 0x05, 0xFE, 0x00, 0x01, 0x00, 0x40, 0x04, 0x01, 0x20, 0x18, 0xFF,
    0x70, 0x00, 0x02, 0x00, 0x57, 0x10, 0x24, 0xF0, 0x40, 0x50, 0x65, 0x99, 0x70, 0x50, 0x01, 0x0C,
    0x52, 0x47, 0x03, 0x0A, 0x10, 0x18, 0x06, 0x01, 0x7F, 0x80, 0x0A, 0x02, 0x00, 0x20, 0x09, 0x00,
    0xC7, 0xFB, 0x80, 0xA1, 0x25, 0x80, 0x60, 0x08, 0x4F, 0x80, 0x04, 0x01, 0x00, 0xA1, 0x01, 0x80,
    0x60, 0x17, 0xF8, 0x04, 0x00, 0x20, 0x02, 0x80, 0x80, 0x08, 0x02, 0x40, 0x31, 0xFE, 0xE0, 0x4A,
    0x84, 0x96, 0x21, 0x18, 0x02, 0x13, 0xE0, 0x61, 0x38, 0x63, 0x04, 0x12, 0x24, 0x40, 0x7E, 0x60,
    0x9C, 0x18, 0x68, 0x47, 0x90, 0x90, 0x80, 0x7E, 0x70, 0x31, 0xB8, 0x00, 0x40, 0x70, 0x0C, 0x18,
    0xE7, 0x00, 0x20, 0x61, 0x38, 0x63, 0x04, 0x10, 0x20, 0x40, 0x7E, 0x60, 0x9C, 0x18, 0x68, 0x47,
    0x80, 0x80, 0x80, 0x7E, 0x70, 0x31, 0xB8, 0x70, 0x0C, 0x18, 0xE7, 0x10, 0xC2, 0x70, 0xC6, 0x08,
    0x20, 0x40, 0x80, 0xFC, 0x10, 0x60, 0x9C, 0x18, 0x68, 0x47, 0x80, 0x80, 0x80, 0x7E, 0x40, 0x07,
    0x03, 0x1B, 0x80, 0x40, 0x00, 0x70, 0x0C, 0x18, 0xE7, 0x30, 0x82, 0x1F, 0x00, 0x30, 0x40, 0x82,
    0xF4, 0x20, 0x0C, 0x20, 0x87, 0xC0, 0x20, 0x03, 0x04, 0x08, 0x2F, 0x40, 0x24, 0x93, 0xA0, 0x21,
    0x08, 0x72, 0x62, 0x00, 0x40, 0x92, 0x4E, 0x80, 0x40, 0x08, 0x42, 0x1C, 0x98, 0x80, 0x00, 0x10,
    0x12, 0x50, 0x93, 0x07, 0xE8, 0x20, 0x32, 0x00, 0x60, 0x00, 0x00, 0x08, 0x04, 0x91, 0x09, 0x24,
    0x1F, 0xB8, 0x20, 0x0C, 0x80, 0x06, 0x00, 0x00, 0x01, 0x49, 0x49, 0xFF, 0x01, 0x12, 0x44, 0x93,
    0xFF, 0x00, 0x40, 0x02, 0x00, 0x30, 0x00, 0x00, 0x01, 0x01, 0x25, 0x09, 0x30, 0x7E, 0x82, 0x03,
    0x20, 0x06, 0x00, 0x00, 0x40, 0x00, 0x80, 0x03, 0x00, 0x00, 0x00, 0x00, 0x80, 0x49, 0x10, 0x92,
    0x41, 0xFB, 0x82, 0x00, 0xC8, 0x00, 0x60, 0x00, 0x08, 0x08, 0x14, 0x00, 0x01, 0x49, 0x49, 0xFF,
    0x08, 0x02, 0x01, 0x40, 0x00, 0x01, 0x12, 0x44, 0x93, 0xFF, 0x00, 0x38, 0x09, 0x14, 0x28, 0x60,
    0xFE, 0x82, 0x01, 0x90, 0x01, 0x80, 0x00, 0x00, 0x38, 0x04, 0x89, 0x0A, 0x14, 0x1F, 0xF8, 0x20,
    0x0C, 0x80, 0x06, 0x00, 0x00, 0x03, 0xB6, 0x52, 0x3F, 0xF0, 0x03, 0x8D, 0x91, 0x22, 0x7F, 0xF0,
    0x00, 0x10, 0x00, 0x00, 0x03, 0x80, 0x91, 0x42, 0x86, 0x0F, 0xE8, 0x20, 0x19, 0x00, 0x18, 0x00,
    0x00, 0x10, 0x00, 0x00, 0x00, 0xE0, 0x12, 0x24, 0x28, 0x50, 0x7F, 0xE0, 0x80, 0x32, 0x00, 0x18,
    0x00, 0x01, 0x00, 0x00, 0xED, 0x94, 0x8F, 0xFC, 0x01, 0x00, 0x00, 0x0E, 0x36, 0x44, 0x89, 0xFF,
    0xC0, 0x20, 0x20, 0x20, 0x20, 0x2F, 0x31, 0x21, 0xFE, 0x20, 0x08, 0x02, 0x00, 0x80, 0x2F, 0x0C,
    0x42, 0x13, 0xFF, 0x40, 0x81, 0x02, 0x05, 0xCC, 0x50, 0xFE, 0x40, 0x40, 0x40, 0x40, 0x5C, 0x62,
    0x42, 0xFF, 0x20, 0x20, 0x22, 0x20, 0x2F, 0x31, 0x21, 0xFE, 0x20, 0x08, 0x02, 0x40, 0x80, 0x2F,
    0x0C, 0x42, 0x13, 0xFF, 0x40, 0x81, 0x22, 0x05, 0xCC, 0x50, 0xFE, 0x40, 0x40, 0x48, 0x40, 0x5C,
    0x62, 0x42, 0xFF, 0x72, 0x05, 0x88, 0x42, 0x08, 0x20, 0x7C, 0x11, 0xA4, 0x8C, 0x7F, 0x08, 0x20,
    0x7C, 0x32, 0x10, 0xDF, 0x00, 0x31, 0x24, 0x8C, 0xFC, 0x20, 0x85, 0x20, 0x58, 0x84, 0x20, 0x82,
    0x07, 0xC0, 0x10, 0x46, 0x92, 0x31, 0xFC, 0x20, 0x81, 0xF0, 0x20, 0x0C, 0x84, 0x37, 0xC0, 0x30,
    0xC4, 0x92, 0x33, 0xF0, 0x00, 0x80, 0x20, 0x15, 0x05, 0x81, 0xE0, 0x17, 0xFC, 0x00, 0x40, 0x02,
    0x10, 0x29, 0x02, 0x48, 0x0A, 0x3F, 0xFC, 0x22, 0x55, 0x71, 0xE0, 0x20, 0x85, 0x12, 0x53, 0xF0,
    0x06, 0x02, 0x05, 0x49, 0x87, 0x81, 0x42, 0x7C, 0x07, 0x00, 0x00, 0x80, 0xA4, 0x94, 0x3E, 0x04,
    0x84, 0x3C, 0x00, 0x52, 0x55, 0x71, 0xE0, 0x70, 0x85, 0x12, 0x53, 0xF0, 0x00, 0x80, 0x41, 0x21,
    0x14, 0x4C, 0x46, 0x02, 0xFE, 0x00, 0x80, 0x10, 0x12, 0x04, 0x44, 0x49, 0x11, 0x20, 0x23, 0xFB,
    0x09, 0xB0, 0x82, 0x08, 0x5C, 0x08, 0xCC, 0x10, 0x20, 0x41, 0x3B, 0x02, 0x04, 0x08, 0x10, 0x20,
    0x50, 0xC1, 0x82, 0xD8, 0x40, 0x02, 0x01, 0x00, 0x80, 0x40, 0x20, 0x11, 0x09, 0x07, 0x82, 0x26,
    0x0C, 0x00, 0x55, 0x57, 0x44, 0x44, 0x44, 0x4F, 0x72, 0x4F, 0x98, 0x42, 0x08, 0x30, 0x91, 0x25,
    0xF8, 0x10, 0x20, 0x20, 0x31, 0x53, 0x70, 0x30, 0x91, 0x25, 0xF0, 0x10, 0x04, 0x1A, 0x18, 0x30,
    0x5B, 0x08, 0x10, 0x00, 0x00, 0x88, 0x48, 0x3C, 0x11, 0x90, 0x30, 0x45, 0x70, 0x40, 0x24, 0xF0,
    0x65, 0x99, 0x70, 0x10, 0xC5, 0x24, 0x70, 0x30, 0x21, 0x65, 0x95, 0xFC, 0x10, 0xC4, 0x94, 0xFD,
    0x27, 0x80, 0x25, 0x57, 0x16, 0x80, 0x21, 0x45, 0x1F, 0x11, 0x88, 0x00, 0x03, 0x05, 0x08, 0x4C,
    0x83, 0x81, 0x66, 0x18, 0x44, 0x41, 0xE0, 0x4C, 0xC1, 0x80, 0x03, 0x05, 0x08, 0x4C, 0x83, 0x81,
    0x66, 0x18, 0x00, 0x18, 0x44, 0x41, 0xE0, 0x4C, 0xC1, 0x80, 0x00, 0xA0, 0x44, 0xE1, 0xC0, 0x21,
    0x3E, 0x06, 0x00, 0xF4, 0x09, 0x90, 0xA0, 0xC1, 0x84, 0x9E, 0xF4, 0x04, 0x64, 0x14, 0x1C, 0x0C,
    0x04, 0x3B, 0xC3, 0x28, 0x92, 0x28, 0x61, 0x89, 0x78, 0xC1, 0x53, 0x26, 0x42, 0x87, 0x06, 0x04,
    0x76, 0x08, 0x2C, 0x8A, 0x18, 0x62, 0x5E, 0x01, 0x86, 0x10, 0x08, 0x13, 0x21, 0x43, 0x83, 0x02,
    0x3B, 0x00, 0x40, 0xC2, 0x00, 0x08, 0x2C, 0x8A, 0x18, 0x62, 0x5E, 0x08, 0x13, 0x21, 0x43, 0x83,
    0x02, 0x3B,
};

static const EpdGlyph ubuntu_c11_regularGlyphs[] = {
    { 1, 1, 0, 0, 1, 1, 0 }, // U+0000
    { 1, 1, 0, 0, 1, 1, 1 }, // U+0008
    { 1, 1, 48, 0, 1, 1, 2 }, // U+0009
    { 1, 1, 48, 0, 1, 1, 3 }, // U+000D
    { 1, 1, 0, 0, 1, 1, 4 }, // U+001D
    { 1, 1, 48, 0, 1, 1, 5 }, // U+0020
    { 1, 8, 48, 1, 8, 1, 6 }, // !
    { 3, 3, 80, 1, 9, 2, 7 }, // "
    { 6, 8, 112, 1, 8, 6, 9 }, // #
    { 4, 9, 96, 1, 8, 5, 15 }, // $
    { 8, 8, 144, 1, 8, 8, 20 }, // %
    { 6, 8, 112, 1, 8, 6, 28 }, // &
    { 1, 3, 48, 1, 9, 1, 34 }, // '
    { 3, 11, 64, 1, 9, 5, 35 }, // (
    { 3, 11, 64, 0, 9, 5, 40 }, // )
    { 5, 4, 80, 0, 8, 3, 45 }, // *
    { 5, 5, 96, 1, 6, 4, 48 }, // +
    { 2, 3, 48, 0, 1, 1, 52 }, // ,
    { 3, 1, 80, 1, 4, 1, 53 }, // -
    { 1, 1, 48, 1, 1, 1, 54 }, // .
    { 4, 11, 64, 0, 9, 6, 55 }, // /
    { 4, 8, 96, 1, 8, 4, 61 }, // 0
    { 3, 8, 96, 1, 8, 3, 65 }, // 1
    { 4, 8, 96, 1, 8, 4, 68 }, // 2
    { 4, 8, 96, 1, 8, 4, 72 }, // 3
    { 5, 8, 96, 1, 8, 5, 76 }, // 4
    { 4, 8, 96, 1, 8, 4, 81 }, // 5
    { 4, 8, 96, 1, 8, 4, 85 }, // 6
    { 4, 8, 96, 1, 8, 4, 89 }, // 7
    { 4, 8, 96, 1, 8, 4, 93 }, // 8
    { 4, 8, 96, 1, 8, 4, 97 }, // 9
    { 1, 5, 48, 1, 5, 1, 101 }, // :
    { 2, 7, 48, 0, 5, 2, 102 }, // ;
    { 4, 5, 96, 1, 6, 3, 104 }, // <
    { 5, 3, 96, 0, 5, 2, 107 }, // =
    { 4, 5, 96, 1, 6, 3, 109 }, // >
    { 4, 8, 80, 1, 8, 4, 112 }, // ?
    { 8, 9, 160, 1, 8, 9, 116 }, // @
    { 7, 8, 112, 0, 8, 7, 125 }, // A
    { 5, 8, 112, 1, 8, 5, 132 }, // B
    { 6, 8, 112, 1, 8, 6, 137 }, // C
    { 6, 8, 128, 1, 8, 6, 143 }, // D
    { 4, 8, 96, 1, 8, 4, 149 }, // E
    { 5, 8, 96, 1, 8, 5, 153 }, // F
    { 6, 8, 128, 1, 8, 6, 158 }, // G
    { 6, 8, 128, 1, 8, 6, 164 }, // H
    { 1, 8, 48, 1, 8, 1, 170 }, // I
    { 5, 8, 96, 0, 8, 5, 171 }, // J
    { 6, 8, 112, 1, 8, 6, 176 }, // K
    { 5, 8, 96, 1, 8, 5, 182 }, // L
    { 7, 8, 144, 1, 8, 7, 187 }, // M
    { 6, 8, 128, 1, 8, 6, 194 }, // N
    { 7, 8, 144, 1, 8, 7, 200 }, // O
    { 6, 8, 112, 1, 8, 6, 207 }, // P
    { 7, 10, 144, 1, 8, 9, 213 }, // Q
    { 6, 8, 112, 1, 8, 6, 222 }, // R
    { 4, 8, 96, 1, 8, 4, 228 }, // S
    { 5, 8, 80, 0, 8, 5, 232 }, // T
    { 6, 8, 128, 1, 8, 6, 237 }, // U
    { 7, 8, 112, 0, 8, 7, 243 }, // V
    { 9, 8, 144, 0, 8, 9, 250 }, // W
    { 7, 8, 112, 0, 8, 7, 259 }, // X
    { 7, 8, 112, 0, 8, 7, 266 }, // Y
    { 4, 8, 96, 1, 8, 4, 273 }, // Z
    { 3, 11, 64, 1, 9, 5, 277 }, // [
    { 4, 11, 64, 0, 9, 6, 282 }, // <backslash>
    { 3, 11, 64, 0, 9, 5, 288 }, // ]
    { 5, 4, 96, 1, 8, 3, 293 }, // ^
    { 5, 1, 80, 0, -1, 1, 296 }, // _
    { 2, 2, 64, 1, 8, 1, 297 }, // `
    { 5, 6, 96, 0, 6, 4, 298 }, // a
    { 4, 9, 96, 1, 9, 5, 302 }, // b
    { 4, 6, 80, 1, 6, 3, 307 }, // c
    { 4, 9, 96, 1, 9, 5, 310 }, // d
    { 4, 6, 96, 1, 6, 3, 315 }, // e
    { 3, 9, 64, 1, 9, 4, 318 }, // f
    { 4, 8, 96, 1, 6, 4, 322 }, // g
    { 4, 9, 96, 1, 9, 5, 326 }, // h
    { 1, 8, 48, 1, 8, 1, 331 }, // i
    { 3, 10, 48, -1, 8, 4, 332 }, // j
    { 5, 9, 96, 1, 9, 6, 336 }, // k
    { 2, 9, 48, 1, 9, 3, 342 }, // l
    { 7, 6, 144, 1, 6, 6, 345 }, // m
    { 4, 6, 96, 1, 6, 3, 351 }, // n
    { 4, 6, 96, 1, 6, 3, 354 }, // o
    { 4, 8, 96, 1, 6, 4, 357 }, // p
    { 4, 8, 96, 1, 6, 4, 361 }, // q
    { 3, 6, 64, 1, 6, 3, 365 }, // r
    { 3, 6, 80, 1, 6, 3, 368 }, // s
    { 3, 8, 80, 1, 8, 3, 371 }, // t
    { 4, 6, 96, 1, 6, 3, 374 }, // u
    { 5, 6, 80, 0, 6, 4, 377 }, // v
    { 9, 6, 144, 0, 6, 7, 381 }, // w
    { 6, 6, 96, 0, 6, 5, 388 }, // x
    { 5, 8, 80, 0, 6, 5, 393 }, // y
    { 3, 6, 80, 1, 6, 3, 398 }, // z
    { 3, 11, 64, 0, 9, 5, 401 }, // {
    { 1, 11, 48, 1, 9, 2, 406 }, // |
    { 3, 11, 64, 1, 9, 5, 408 }, // }
    { 5, 2, 96, 0, 4, 2, 413 }, // ~
    { 1, 1, 48, 0, 1, 1, 415 }, // U+00A0
    { 1, 8, 48, 1, 6, 1, 416 }, // U+00A1
    { 4, 10, 96, 1, 8, 5, 417 }, // U+00A2
    { 5, 8, 96, 0, 8, 5, 422 }, // U+00A3
    { 6, 6, 96, 0, 7, 5, 427 }, // U+00A4
    { 5, 8, 80, 0, 8, 5, 432 }, // U+00A5
    { 1, 11, 48, 1, 9, 2, 437 }, // U+00A6
    { 4, 9, 80, 1, 8, 5, 439 }, // U+00A7
    { 3, 1, 64, 1, 8, 1, 444 }, // U+00A8
    { 7, 8, 144, 1, 8, 7, 445 }, // U+00A9
    { 3, 4, 64, 0, 8, 2, 452 }, // U+00AA
    { 5, 5, 80, 0, 6, 4, 454 }, // U+00AB
    { 5, 3, 96, 1, 4, 2, 458 }, // U+00AC
    { 3, 1, 80, 1, 4, 1, 460 }, // U+00AD
    { 7, 8, 144, 1, 8, 7, 461 }, // U+00AE
    { 3, 1, 64, 1, 8, 1, 468 }, // U+00AF
    { 3, 4, 64, 1, 9, 2, 469 }, // U+00B0
    { 5, 7, 96, 1, 7, 5, 471 }, // U+00B1
    { 3, 4, 64, 0, 8, 2, 476 }, // U+00B2
    { 3, 4, 64, 0, 8, 2, 478 }, // U+00B3
    { 2, 2, 64, 1, 8, 1, 480 }, // U+00B4
    { 4, 8, 96, 1, 6, 4, 481 }, // U+00B5
    { 6, 10, 112, 0, 8, 8, 485 }, // U+00B6
    { 1, 1, 48, 1, 4, 1, 493 }, // U+00B7
    { 2, 2, 64, 1, 0, 1, 494 }, // U+00B8
    { 2, 4, 64, 1, 8, 1, 495 }, // U+00B9
    { 5, 4, 80, 0, 8, 3, 496 }, // U+00BA
    { 5, 5, 80, -1, 6, 4, 499 }, // U+00BB
    { 9, 8, 160, 1, 8, 9, 503 }, // U+00BC
    { 8, 8, 160, 1, 8, 8, 512 }, // U+00BD
    { 10, 8, 160, 0, 8, 10, 520 }, // U+00BE
    { 3, 8, 64, 1, 6, 3, 530 }, // U+00BF
    { 7, 11, 112, 0, 11, 10, 533 }, // U+00C0
    { 7, 11, 112, 0, 11, 10, 543 }, // U+00C1
    { 7, 11, 112, 0, 11, 10, 553 }, // U+00C2
    { 7, 11, 112, 0, 11, 10, 563 }, // U+00C3
    { 7, 10, 112, 0, 10, 9, 573 }, // U+00C4
    { 7, 10, 112, 0, 10, 9, 582 }, // U+00C5
    { 10, 8, 160, 0, 8, 10, 591 }, // U+00C6
    { 6, 11, 112, 1, 8, 9, 601 }, // U+00C7
    { 4, 11, 96, 1, 11, 6, 610 }, // U+00C8
    { 4, 11, 96, 1, 11, 6, 616 }, // U+00C9
    { 4, 11, 96, 1, 11, 6, 622 }, // U+00CA
    { 4, 10, 96, 1, 10, 5, 628 }, // U+00CB
    { 3, 11, 48, 0, 11, 5, 633 }, // U+00CC
    { 2, 11, 48, 0, 11, 3, 638 }, // U+00CD
    { 3, 11, 48, 0, 11, 5, 641 }, // U+00CE
    { 3, 10, 48, 0, 10, 4, 646 }, // U+00CF
    { 7, 8, 128, 0, 8, 7, 650 }, // U+00D0
    { 6, 11, 128, 1, 11, 9, 657 }, // U+00D1
    { 7, 11, 144, 1, 11, 10, 666 }, // U+00D2
    { 7, 11, 144, 1, 11, 10, 676 }, // U+00D3
    { 7, 11, 144, 1, 11, 10, 686 }, // U+00D4
    { 7, 11, 144, 1, 11, 10, 696 }, // U+00D5
    { 7, 10, 144, 1, 10, 9, 706 }, // U+00D6
    { 5, 5, 96, 1, 6, 4, 715 }, // U+00D7
    { 7, 8, 144, 1, 8, 7, 719 }, // U+00D8
    { 6, 11, 128, 1, 11, 9, 726 }, // U+00D9
    { 6, 11, 128, 1, 11, 9, 735 }, // U+00DA
    { 6, 11, 128, 1, 11, 9, 744 }, // U+00DB
    { 6, 10, 128, 1, 10, 8, 753 }, // U+00DC
    { 7, 11, 112, 0, 11, 10, 761 }, // U+00DD
    { 5, 8, 112, 1, 8, 5, 771 }, // U+00DE
    { 6, 9, 112, 1, 9, 7, 776 }, // U+00DF
    { 5, 9, 96, 0, 9, 6, 783 }, // U+00E0
    { 5, 9, 96, 0, 9, 6, 789 }, // U+00E1
    { 5, 9, 96, 0, 9, 6, 795 }, // U+00E2
    { 5, 9, 96, 0, 9, 6, 801 }, // U+00E3
    { 5, 8, 96, 0, 8, 5, 807 }, // U+00E4
    { 5, 9, 96, 0, 9, 6, 812 }, // U+00E5
    { 7, 6, 128, 1, 6, 6, 818 }, // U+00E6
    { 4, 9, 80, 1, 6, 5, 824 }, // U+00E7
    { 4, 9, 96, 1, 9, 5, 829 }, // U+00E8
    { 4, 9, 96, 1, 9, 5, 834 }, // U+00E9
    { 4, 9, 96, 1, 9, 5, 839 }, // U+00EA
    { 4, 8, 96, 1, 8, 4, 844 }, // U+00EB
    { 2, 9, 48, 0, 9, 3, 848 }, // U+00EC
    { 2, 9, 48, 1, 9, 3, 851 }, // U+00ED
    { 3, 9, 48, 0, 9, 4, 854 }, // U+00EE
    { 3, 8, 48, 0, 8, 3, 858 }, // U+00EF
    { 5, 9, 96, 1, 9, 6, 861 }, // U+00F0
    { 4, 9, 96, 1, 9, 5, 867 }, // U+00F1
    { 4, 9, 96, 1, 9, 5, 872 }, // U+00F2
    { 4, 9, 96, 1, 9, 5, 877 }, // U+00F3
    { 4, 9, 96, 1, 9, 5, 882 }, // U+00F4
    { 4, 9, 96, 1, 9, 5, 887 }, // U+00F5
    { 4, 8, 96, 1, 8, 4, 892 }, // U+00F6
    { 5, 5, 96, 1, 6, 4, 896 }, // U+00F7
    { 4, 6, 96, 1, 6, 3, 900 }, // U+00F8
    { 4, 9, 96, 1, 9, 5, 903 }, // U+00F9
    { 4, 9, 96, 1, 9, 5, 908 }, // U+00FA
    { 4, 9, 96, 1, 9, 5, 913 }, // U+00FB
    { 4, 8, 96, 1, 8, 4, 918 }, // U+00FC
    { 5, 11, 80, 0, 9, 7, 922 }, // U+00FD
    { 4, 11, 96, 1, 9, 6, 929 }, // U+00FE
    { 5, 10, 80, 0, 8, 7, 935 }, // U+00FF
    { 7, 10, 112, 0, 10, 9, 942 }, // U+0100
    { 5, 8, 96, 0, 8, 5, 951 }, // U+0101
    { 7, 11, 112, 0, 11, 10, 956 }, // U+0102
    { 5, 9, 96, 0, 9, 6, 966 }, // U+0103
    { 7, 10, 112, 0, 8, 9, 972 }, // U+0104
    { 5, 8, 96, 0, 6, 5, 981 }, // U+0105
    { 6, 11, 112, 1, 11, 9, 986 }, // U+0106
    { 4, 9, 80, 1, 9, 5, 995 }, // U+0107
    { 6, 11, 112, 1, 11, 9, 1000 }, // U+0108
    { 4, 9, 80, 1, 9, 5, 1009 }, // U+0109
    { 6, 10, 112, 1, 10, 8, 1014 }, // U+010A
    { 4, 8, 80, 1, 8, 4, 1022 }, // U+010B
    { 6, 11, 112, 1, 11, 9, 1026 }, // U+010C
    { 4, 9, 80, 1, 9, 5, 1035 }, // U+010D
    { 6, 11, 128, 1, 11, 9, 1040 }, // U+010E
    { 7, 9, 112, 1, 9, 8, 1049 }, // U+010F
    { 7, 8, 128, 0, 8, 7, 1057 }, // U+0110
    { 5, 9, 96, 1, 9, 6, 1064 }, // U+0111
    { 4, 10, 96, 1, 10, 5, 1070 }, // U+0112
    { 4, 8, 96, 1, 8, 4, 1075 }, // U+0113
    { 4, 11, 96, 1, 11, 6, 1079 }, // U+0114
    { 4, 9, 96, 1, 9, 5, 1085 }, // U+0115
    { 4, 10, 96, 1, 10, 5, 1090 }, // U+0116
    { 4, 8, 96, 1, 8, 4, 1095 }, // U+0117
    { 4, 10, 96, 1, 8, 5, 1099 }, // U+0118
    { 4, 8, 96, 1, 6, 4, 1104 }, // U+0119
    { 4, 11, 96, 1, 11, 6, 1108 }, // U+011A
    { 4, 9, 96, 1, 9, 5, 1114 }, // U+011B
    { 6, 11, 128, 1, 11, 9, 1119 }, // U+011C
    { 4, 11, 96, 1, 9, 6, 1128 }, // U+011D
    { 6, 11, 128, 1, 11, 9, 1134 }, // U+011E
    { 4, 11, 96, 1, 9, 6, 1143 }, // U+011F
    { 6, 10, 128, 1, 10, 8, 1149 }, // U+0120
    { 4, 10, 96, 1, 8, 5, 1157 }, // U+0121
    { 6, 11, 128, 1, 8, 9, 1162 }, // U+0122
    { 4, 11, 96, 1, 9, 6, 1171 }, // U+0123
    { 6, 11, 128, 1, 11, 9, 1177 }, // U+0124
    { 4, 11, 96, 1, 11, 6, 1186 }, // U+0125
    { 8, 8, 128, 0, 8, 8, 1192 }, // U+0126
    { 5, 9, 96, 0, 9, 6, 1200 }, // U+0127
    { 4, 11, 48, -1, 11, 6, 1206 }, // U+0128
    { 4, 9, 48, -1, 9, 5, 1212 }, // U+0129
    { 3, 10, 48, 0, 10, 4, 1217 }, // U+012A
    { 3, 8, 48, 0, 8, 3, 1221 }, // U+012B
    { 4, 11, 48, -1, 11, 6, 1224 }, // U+012C
    { 4, 9, 48, -1, 9, 5, 1230 }, // U+012D
    { 2, 10, 48, 0, 8, 3, 1235 }, // U+012E
    { 2, 10, 48, 0, 8, 3, 1238 }, // U+012F
    { 1, 10, 48, 1, 10, 2, 1241 }, // U+0130
    { 1, 6, 48, 1, 6, 1, 1243 }, // U+0131
    { 7, 8, 128, 1, 8, 7, 1244 }, // U+0132
    { 4, 10, 96, 1, 8, 5, 1251 }, // U+0133
    { 6, 11, 96, 0, 11, 9, 1256 }, // U+0134
    { 3, 11, 48, -1, 9, 5, 1265 }, // U+0135
    { 6, 11, 112, 1, 8, 9, 1270 }, // U+0136
    { 5, 12, 96, 1, 9, 8, 1279 }, // U+0137
    { 5, 6, 96, 1, 6, 4, 1287 }, // U+0138
    { 5, 11, 96, 1, 11, 7, 1291 }, // U+0139
    { 2, 11, 48, 1, 11, 3, 1298 }, // U+013A
    { 5, 11, 96, 1, 8, 7, 1301 }, // U+013B
    { 3, 12, 48, 0, 9, 5, 1308 }, // U+013C
    { 5, 8, 96, 1, 8, 5, 1313 }, // U+013D
    { 3, 9, 48, 1, 9, 4, 1318 }, // U+013E
    { 5, 8, 96, 1, 8, 5, 1322 }, // U+013F
    { 3, 9, 64, 1, 9, 4, 1327 }, // U+0140
    { 6, 8, 96, 0, 8, 6, 1331 }, // U+0141
    { 3, 9, 48, 0, 9, 4, 1337 }, // U+0142
    { 6, 11, 128, 1, 11, 9, 1341 }, // U+0143
    { 4, 9, 96, 1, 9, 5, 1350 }, // U+0144
    { 6, 11, 128, 1, 8, 9, 1355 }, // U+0145
    { 4, 9, 96, 1, 6, 5, 1364 }, // U+0146
    { 6, 11, 128, 1, 11, 9, 1369 }, // U+0147
    { 4, 9, 96, 1, 9, 5, 1378 }, // U+0148
    { 6, 9, 96, -1, 9, 7, 1383 }, // U+0149
    { 6, 10, 128, 1, 8, 8, 1390 }, // U+014A
    { 4, 8, 96, 1, 6, 4, 1398 }, // U+014B
    { 7, 10, 144, 1, 10, 9, 1402 }, // U+014C
    { 4, 8, 96, 1, 8, 4, 1411 }, // U+014D
    { 7, 11, 144, 1, 11, 10, 1415 }, // U+014E
    { 4, 9, 96, 1, 9, 5, 1425 }, // U+014F
    { 7, 11, 144, 1, 11, 10, 1430 }, // U+0150
    { 4, 9, 96, 1, 9, 5, 1440 }, // U+0151
    { 10, 8, 176, 1, 8, 10, 1445 }, // U+0152
    { 8, 6, 160, 1, 6, 6, 1455 }, // U+0153
    { 6, 11, 112, 1, 11, 9, 1461 }, // U+0154
    { 3, 9, 64, 1, 9, 4, 1470 }, // U+0155
    { 6, 11, 112, 1, 8, 9, 1474 }, // U+0156
    { 4, 9, 64, 0, 6, 5, 1483 }, // U+0157
    { 6, 11, 112, 1, 11, 9, 1488 }, // U+0158
    { 3, 9, 64, 1, 9, 4, 1497 }, // U+0159
    { 4, 11, 96, 1, 11, 6, 1501 }, // U+015A
    { 3, 8, 80, 1, 8, 3, 1507 }, // U+015B
    { 4, 11, 96, 1, 11, 6, 1510 }, // U+015C
    { 3, 8, 80, 1, 8, 3, 1516 }, // U+015D
    { 4, 11, 96, 1, 8, 6, 1519 }, // U+015E
    { 3, 9, 80, 1, 6, 4, 1525 }, // U+015F
    { 4, 11, 96, 1, 11, 6, 1529 }, // U+0160
    { 3, 8, 80, 1, 8, 3, 1535 }, // U+0161
    { 5, 11, 80, 0, 8, 7, 1538 }, // U+0162
    { 3, 11, 64, 1, 8, 5, 1545 }, // U+0163
    { 5, 11, 80, 0, 11, 7, 1550 }, // U+0164
    { 3, 9, 80, 1, 9, 4, 1557 }, // U+0165
    { 5, 8, 80, 0, 8, 5, 1561 }, // U+0166
    { 3, 8, 80, 1, 8, 3, 1566 }, // U+0167
    { 6, 11, 128, 1, 11, 9, 1569 }, // U+0168
    { 4, 9, 96, 1, 9, 5, 1578 }, // U+0169
    { 6, 10, 128, 1, 10, 8, 1583 }, // U+016A
    { 4, 8, 96, 1, 8, 4, 1591 }, // U+016B
    { 6, 11, 128, 1, 11, 9, 1595 }, // U+016C
    { 4, 9, 96, 1, 9, 5, 1604 }, // U+016D
    { 6, 11, 128, 1, 11, 9, 1609 }, // U+016E
    { 4, 9, 96, 1, 9, 5, 1618 }, // U+016F
    { 6, 11, 128, 1, 11, 9, 1623 }, // U+0170
    { 4, 9, 96, 1, 9, 5, 1632 }, // U+0171
    { 6, 10, 128, 1, 8, 8, 1637 }, // U+0172
    { 4, 8, 96, 1, 6, 4, 1645 }, // U+0173
    { 9, 11, 144, 0, 11, 13, 1649 }, // U+0174
    { 9, 9, 144, 0, 9, 11, 1662 }, // U+0175
    { 7, 11, 112, 0, 11, 10, 1673 }, // U+0176
    { 5, 11, 80, 0, 9, 7, 1683 }, // U+0177
    { 7, 10, 112, 0, 10, 9, 1690 }, // U+0178
    { 4, 11, 96, 1, 11, 6, 1699 }, // U+0179
    { 3, 9, 80, 1, 9, 4, 1705 }, // U+017A
    { 4, 10, 96, 1, 10, 5, 1709 }, // U+017B
    { 3, 8, 80, 1, 8, 3, 1714 }, // U+017C
    { 4, 11, 96, 1, 11, 6, 1717 }, // U+017D
    { 4, 9, 80, 0, 9, 5, 1723 }, // U+017E
    { 3, 8, 48, 1, 8, 3, 1728 }, // U+017F
    { 7, 9, 144, 1, 9, 8, 1731 }, // U+01A0
    { 4, 7, 96, 1, 7, 4, 1739 }, // U+01A1
    { 8, 10, 128, 1, 10, 10, 1743 }, // U+01AF
    { 6, 8, 96, 1, 8, 6, 1753 }, // U+01B0
    { 12, 10, 224, 1, 10, 15, 1759 }, // U+01C4
    { 11, 8, 208, 1, 8, 11, 1774 }, // U+01C5
    { 10, 9, 192, 1, 9, 12, 1785 }, // U+01C6
    { 10, 8, 176, 1, 8, 10, 1797 }, // U+01C7
    { 7, 10, 144, 1, 8, 9, 1807 }, // U+01C8
    { 4, 11, 96, 1, 9, 6, 1816 }, // U+01C9
    { 12, 8, 224, 1, 8, 12, 1822 }, // U+01CA
    { 9, 10, 176, 1, 8, 12, 1834 }, // U+01CB
    { 8, 10, 144, 1, 8, 10, 1846 }, // U+01CC
    { 7, 11, 112, 0, 11, 10, 1856 }, // U+01CD
    { 5, 9, 96, 0, 9, 6, 1866 }, // U+01CE
    { 3, 11, 48, 0, 11, 5, 1872 }, // U+01CF
    { 3, 9, 48, 0, 9, 4, 1877 }, // U+01D0
    { 7, 11, 144, 1, 11, 10, 1881 }, // U+01D1
    { 4, 9, 96, 1, 9, 5, 1891 }, // U+01D2
    { 6, 11, 128, 1, 11, 9, 1896 }, // U+01D3
    { 4, 9, 96, 1, 9, 5, 1905 }, // U+01D4
    { 6, 12, 128, 1, 12, 9, 1910 }, // U+01D5
    { 4, 10, 96, 1, 10, 5, 1919 }, // U+01D6
    { 6, 11, 128, 1, 11, 9, 1924 }, // U+01D7
    { 4, 10, 96, 1, 10, 5, 1933 }, // U+01D8
    { 6, 12, 128, 1, 12, 9, 1938 }, // U+01D9
    { 5, 10, 96, 0, 10, 7, 1947 }, // U+01DA
    { 6, 11, 128, 1, 11, 9, 1954 }, // U+01DB
    { 4, 10, 96, 1, 10, 5, 1963 }, // U+01DC
    { 4, 6, 96, 1, 6, 3, 1968 }, // U+01DD
    { 7, 12, 112, 0, 12, 11, 1971 }, // U+01DE
    { 5, 10, 96, 0, 10, 7, 1982 }, // U+01DF
    { 7, 12, 112, 0, 12, 11, 1989 }, // U+01E0
    { 5, 10, 96, 0, 10, 7, 2000 }, // U+01E1
    { 10, 10, 160, 0, 10, 13, 2007 }, // U+01E2
    { 7, 8, 128, 1, 8, 7, 2020 }, // U+01E3
    { 7, 8, 128, 1, 8, 7, 2027 }, // U+01E4
    { 5, 8, 96, 1, 6, 5, 2034 }, // U+01E5
    { 6, 11, 128, 1, 11, 9, 2039 }, // U+01E6
    { 4, 11, 96, 1, 9, 6, 2048 }, // U+01E7
    { 6, 11, 112, 1, 11, 9, 2054 }, // U+01E8
    { 5, 12, 96, 1, 12, 8, 2063 }, // U+01E9
    { 7, 10, 144, 1, 8, 9, 2071 }, // U+01EA
    { 4, 8, 96, 1, 6, 4, 2080 }, // U+01EB
    { 7, 12, 144, 1, 10, 11, 2084 }, // U+01EC
    { 4, 10, 96, 1, 8, 5, 2095 }, // U+01ED
    { 5, 11, 96, 0, 11, 7, 2100 }, // U+01EE
    { 4, 11, 80, 0, 9, 6, 2107 }, // U+01EF
    { 3, 11, 48, -1, 9, 5, 2113 }, // U+01F0
    { 12, 8, 224, 1, 8, 12, 2118 }, // U+01F1
    { 11, 8, 208, 1, 8, 11, 2130 }, // U+01F2
    { 10, 9, 192, 1, 9, 12, 2141 }, // U+01F3
    { 6, 11, 128, 1, 11, 9, 2153 }, // U+01F4
    { 4, 11, 96, 1, 9, 6, 2162 }, // U+01F5
    { 10, 8, 192, 1, 8, 10, 2168 }, // U+01F6
    { 5, 10, 112, 1, 8, 7, 2178 }, // U+01F7
    { 6, 11, 128, 1, 11, 9, 2185 }, // U+01F8
    { 4, 9, 96, 1, 9, 5, 2194 }, // U+01F9
    { 7, 12, 112, 0, 12, 11, 2199 }, // U+01FA
    { 5, 11, 96, 0, 11, 7, 2210 }, // U+01FB
    { 10, 11, 160, 0, 11, 14, 2217 }, // U+01FC
    { 7, 9, 128, 1, 9, 8, 2231 }, // U+01FD
    { 7, 11, 144, 1, 11, 10, 2239 }, // U+01FE
    { 4, 9, 96, 1, 9, 5, 2249 }, // U+01FF
    { 7, 11, 112, 0, 11, 10, 2254 }, // U+0200
    { 5, 9, 96, 0, 9, 6, 2264 }, // U+0201
    { 7, 11, 112, 0, 11, 10, 2270 }, // U+0202
    { 5, 9, 96, 0, 9, 6, 2280 }, // U+0203
    { 4, 11, 96, 1, 11, 6, 2286 }, // U+0204
    { 4, 9, 96, 1, 9, 5, 2292 }, // U+0205
    { 4, 11, 96, 1, 11, 6, 2297 }, // U+0206
    { 4, 9, 96, 1, 9, 5, 2303 }, // U+0207
    { 4, 11, 48, -1, 11, 6, 2308 }, // U+0208
    { 4, 9, 48, -1, 9, 5, 2314 }, // U+0209
    { 4, 11, 48, -1, 11, 6, 2319 }, // U+020A
    { 4, 9, 48, -1, 9, 5, 2325 }, // U+020B
    { 7, 11, 144, 1, 11, 10, 2330 }, // U+020C
    { 4, 9, 96, 1, 9, 5, 2340 }, // U+020D
    { 7, 11, 144, 1, 11, 10, 2345 }, // U+020E
    { 4, 9, 96, 1, 9, 5, 2355 }, // U+020F
    { 6, 11, 112, 1, 11, 9, 2360 }, // U+0210
    { 4, 9, 64, 0, 9, 5, 2369 }, // U+0211
    { 6, 11, 112, 1, 11, 9, 2374 }, // U+0212
    { 4, 9, 64, 0, 9, 5, 2383 }, // U+0213
    { 6, 11, 128, 1, 11, 9, 2388 }, // U+0214
    { 4, 9, 96, 1, 9, 5, 2397 }, // U+0215
    { 6, 11, 128, 1, 11, 9, 2402 }, // U+0216
    { 4, 9, 96, 1, 9, 5, 2411 }, // U+0217
    { 4, 11, 96, 1, 8, 6, 2416 }, // U+0218
    { 3, 9, 80, 1, 6, 4, 2422 }, // U+0219
    { 5, 11, 80, 0, 8, 7, 2426 }, // U+021A
    { 3, 11, 80, 1, 8, 5, 2433 }, // U+021B
    { 5, 10, 96, 0, 8, 7, 2438 }, // U+021C
    { 5, 8, 80, 0, 6, 5, 2445 }, // U+021D
    { 6, 11, 128, 1, 11, 9, 2450 }, // U+021E
    { 5, 12, 96, 0, 12, 8, 2459 }, // U+021F
    { 2, 2, 0, -5, 9, 1, 2467 }, // U+0300
    { 3, 2, 0, -3, 9, 1, 2468 }, // U+0301
    { 4, 2, 0, -2, 9, 1, 2469 }, // U+0302
    { 4, 2, 0, -6, 9, 1, 2470 }, // U+0303
    { 4, 1, 0, -2, 8, 1, 2471 }, // U+0304
    { 4, 2, 0, -2, 8, 1, 2472 }, // U+0306
    { 2, 1, 0, -1, 8, 1, 2473 }, // U+0307
    { 4, 1, 0, -2, 8, 1, 2474 }, // U+0308
    { 2, 3, 0, -1, 9, 1, 2475 }, // U+030A
    { 4, 2, 0, -1, 9, 1, 2476 }, // U+030B
    { 4, 2, 0, -2, 9, 1, 2477 }, // U+030C
    { 4, 2, 64, 1, 9, 1, 2478 }, // U+0311
    { 2, 3, 0, -1, 8, 1, 2479 }, // U+0312
    { 2, 2, 0, -1, 0, 1, 2480 }, // U+0326
    { 2, 3, 0, -1, 0, 1, 2481 }, // U+0327
    { 2, 3, 0, -1, 0, 1, 2482 }, // U+0328
    { 1, 1, 0, 0, 1, 1, 2483 }, // U+034F
    { 4, 11, 96, 1, 11, 6, 2484 }, // U+0400
    { 4, 10, 96, 1, 10, 5, 2490 }, // U+0401
    { 8, 8, 128, 0, 8, 8, 2495 }, // U+0402
    { 5, 11, 96, 1, 11, 7, 2503 }, // U+0403
    { 6, 8, 112, 1, 8, 6, 2510 }, // U+0404
    { 4, 8, 96, 1, 8, 4, 2516 }, // U+0405
    { 1, 8, 48, 1, 8, 1, 2520 }, // U+0406
    { 3, 10, 48, 0, 10, 4, 2521 }, // U+0407
    { 5, 8, 96, 0, 8, 5, 2525 }, // U+0408
    { 11, 8, 176, 0, 8, 11, 2530 }, // U+0409
    { 10, 8, 176, 1, 8, 10, 2541 }, // U+040A
    { 7, 8, 128, 0, 8, 7, 2551 }, // U+040B
    { 6, 11, 112, 1, 11, 9, 2558 }, // U+040C
    { 6, 11, 128, 1, 11, 9, 2567 }, // U+040D
    { 6, 11, 96, 0, 11, 9, 2576 }, // U+040E
    { 6, 10, 128, 1, 8, 8, 2585 }, // U+040F
    { 7, 8, 112, 0, 8, 7, 2593 }, // U+0410
    { 5, 8, 112, 1, 8, 5, 2600 }, // U+0411
    { 5, 8, 112, 1, 8, 5, 2605 }, // U+0412
    { 5, 8, 96, 1, 8, 5, 2610 }, // U+0413
    { 8, 10, 128, 0, 8, 10, 2615 }, // U+0414
    { 4, 8, 96, 1, 8, 4, 2625 }, // U+0415
    { 9, 8, 144, 0, 8, 9, 2629 }, // U+0416
    { 5, 8, 96, 0, 8, 5, 2638 }, // U+0417
    { 6, 8, 128, 1, 8, 6, 2643 }, // U+0418
    { 6, 11, 128, 1, 11, 9, 2649 }, // U+0419
    { 6, 8, 112, 1, 8, 6, 2658 }, // U+041A
    { 7, 8, 128, 0, 8, 7, 2664 }, // U+041B
    { 7, 8, 144, 1, 8, 7, 2671 }, // U+041C
    { 6, 8, 128, 1, 8, 6, 2678 }, // U+041D
    { 7, 8, 144, 1, 8, 7, 2684 }, // U+041E
    { 6, 8, 128, 1, 8, 6, 2691 }, // U+041F
    { 6, 8, 112, 1, 8, 6, 2697 }, // U+0420
    { 6, 8, 112, 1, 8, 6, 2703 }, // U+0421
    { 5, 8, 80, 0, 8, 5, 2709 }, // U+0422
    { 6, 8, 96, 0, 8, 6, 2714 }, // U+0423
    { 7, 8, 144, 1, 8, 7, 2720 }, // U+0424
    { 7, 8, 112, 0, 8, 7, 2727 }, // U+0425
    { 7, 10, 128, 1, 8, 9, 2734 }, // U+0426
    { 5, 8, 112, 1, 8, 5, 2743 }, // U+0427
    { 9, 8, 176, 1, 8, 9, 2748 }, // U+0428
    { 10, 10, 176, 1, 8, 13, 2757 }, // U+0429
    { 7, 8, 128, 0, 8, 7, 2770 }, // U+042A
    { 7, 8, 144, 1, 8, 7, 2777 }, // U+042B
    { 5, 8, 112, 1, 8, 5, 2784 }, // U+042C
    { 6, 8, 112, 0, 8, 6, 2789 }, // U+042D
    { 10, 8, 192, 1, 8, 10, 2795 }, // U+042E
    { 6, 8, 112, 0, 8, 6, 2805 }, // U+042F
    { 5, 6, 96, 0, 6, 4, 2811 }, // U+0430
    { 5, 9, 112, 1, 9, 6, 2815 }, // U+0431
    { 4, 6, 96, 1, 6, 3, 2821 }, // U+0432
    { 4, 6, 80, 1, 6, 3, 2824 }, // U+0433
    { 7, 8, 112, 0, 6, 7, 2827 }, // U+0434
    { 4, 6, 96, 1, 6, 3, 2834 }, // U+0435
    { 9, 6, 144, 0, 6, 7, 2837 }, // U+0436
    { 4, 6, 80, 0, 6, 3, 2844 }, // U+0437
    { 5, 6, 112, 1, 6, 4, 2847 }, // U+0438
    { 5, 9, 112, 1, 9, 6, 2851 }, // U+0439
    { 5, 6, 96, 1, 6, 4, 2857 }, // U+043A
    { 6, 6, 112, 0, 6, 5, 2861 }, // U+043B
    { 7, 6, 144, 1, 6, 6, 2866 }, // U+043C
    { 4, 6, 96, 1, 6, 3, 2872 }, // U+043D
    { 4, 6, 96, 1, 6, 3, 2875 }, // U+043E
    { 4, 6, 96, 1, 6, 3, 2878 }, // U+043F
    { 4, 8, 96, 1, 6, 4, 2881 }, // U+0440
    { 4, 6, 80, 1, 6, 3, 2885 }, // U+0441
    { 5, 6, 80, 0, 6, 4, 2888 }, // U+0442
    { 5, 8, 80, 0, 6, 5, 2892 }, // U+0443
    { 7, 11, 144, 1, 9, 10, 2897 }, // U+0444
    { 6, 6, 96, 0, 6, 5, 2907 }, // U+0445
    { 5, 8, 96, 1, 6, 5, 2912 }, // U+0446
    { 4, 6, 96, 1, 6, 3, 2917 }, // U+0447
    { 7, 6, 144, 1, 6, 6, 2920 }, // U+0448
    { 8, 8, 144, 1, 6, 8, 2926 }, // U+0449
    { 6, 6, 112, 0, 6, 5, 2934 }, // U+044A
    { 6, 6, 128, 1, 6, 5, 2939 }, // U+044B
    { 4, 6, 96, 1, 6, 3, 2944 }, // U+044C
    { 4, 6, 80, 0, 6, 3, 2947 }, // U+044D
    { 7, 6, 144, 1, 6, 6, 2950 }, // U+044E
    { 4, 6, 96, 1, 6, 3, 2956 }, // U+044F
    { 4, 8, 96, 1, 8, 4, 2959 }, // U+0450
    { 4, 8, 96, 1, 8, 4, 2963 }, // U+0451
    { 5, 11, 96, 0, 9, 7, 2967 }, // U+0452
    { 4, 8, 80, 1, 8, 4, 2974 }, // U+0453
    { 4, 6, 80, 1, 6, 3, 2978 }, // U+0454
    { 3, 6, 80, 1, 6, 3, 2981 }, // U+0455
    { 1, 8, 48, 1, 8, 1, 2984 }, // U+0456
    { 3, 8, 48, 0, 8, 3, 2985 }, // U+0457
    { 3, 10, 48, -1, 8, 4, 2988 }, // U+0458
    { 9, 6, 160, 0, 6, 7, 2992 }, // U+0459
    { 7, 6, 144, 1, 6, 6, 2999 }, // U+045A
    { 5, 9, 96, 0, 9, 6, 3005 }, // U+045B
    { 5, 8, 96, 1, 8, 5, 3011 }, // U+045C
    { 5, 8, 112, 1, 8, 5, 3016 }, // U+045D
    { 5, 11, 80, 0, 9, 7, 3021 }, // U+045E
    { 4, 8, 96, 1, 6, 4, 3028 }, // U+045F
    { 7, 8, 128, 0, 8, 7, 3032 }, // U+0462
    { 6, 9, 112, 0, 9, 7, 3039 }, // U+0463
    { 7, 8, 144, 1, 8, 7, 3046 }, // U+0472
    { 4, 6, 96, 1, 6, 3, 3053 }, // U+0473
    { 9, 8, 144, 0, 8, 9, 3056 }, // U+0474
    { 6, 6, 96, 0, 6, 5, 3065 }, // U+0475
    { 7, 13, 128, 1, 11, 12, 3070 }, // U+048A
    { 6, 11, 112, 1, 9, 9, 3082 }, // U+048B
    { 6, 8, 112, 0, 8, 6, 3091 }, // U+048C
    { 5, 6, 96, 0, 6, 4, 3097 }, // U+048D
    { 6, 8, 112, 1, 8, 6, 3101 }, // U+048E
    { 4, 8, 96, 1, 6, 4, 3107 }, // U+048F
    { 5, 9, 96, 1, 9, 6, 3111 }, // U+0490
    { 4, 7, 80, 1, 7, 4, 3117 }, // U+0491
    { 6, 8, 96, 0, 8, 6, 3121 }, // U+0492
    { 5, 6, 80, 0, 6, 4, 3127 }, // U+0493
    { 5, 10, 112, 1, 8, 7, 3131 }, // U+0494
    { 4, 8, 96, 1, 6, 4, 3138 }, // U+0495
    { 10, 10, 160, 0, 8, 13, 3142 }, // U+0496
    { 9, 8, 144, 0, 6, 9, 3155 }, // U+0497
    { 5, 11, 96, 0, 8, 7, 3164 }, // U+0498
    { 4, 9, 80, 0, 6, 5, 3171 }, // U+0499
    { 6, 10, 112, 1, 8, 8, 3176 }, // U+049A
    { 5, 8, 96, 1, 6, 5, 3184 }, // U+049B
    { 7, 8, 128, 1, 8, 7, 3189 }, // U+049C
    { 6, 6, 112, 1, 6, 5, 3196 }, // U+049D
    { 7, 8, 112, 0, 8, 7, 3201 }, // U+049E
    { 6, 6, 96, 0, 6, 5, 3208 }, // U+049F
    { 8, 8, 128, 0, 8, 8, 3213 }, // U+04A0
    { 7, 6, 112, 0, 6, 6, 3221 }, // U+04A1
    { 7, 10, 128, 1, 8, 9, 3227 }, // U+04A2
    { 6, 8, 112, 1, 6, 6, 3236 }, // U+04A3
    { 8, 8, 144, 1, 8, 8, 3242 }, // U+04A4
    { 6, 6, 112, 1, 6, 5, 3250 }, // U+04A5
    { 9, 10, 176, 1, 8, 12, 3255 }, // U+04A6
    { 7, 8, 144, 1, 6, 7, 3267 }, // U+04A7
    { 7, 10, 144, 1, 8, 9, 3274 }, // U+04A8
    { 5, 8, 112, 1, 6, 5, 3283 }, // U+04A9
    { 6, 11, 112, 1, 8, 9, 3288 }, // U+04AA
    { 4, 9, 80, 1, 6, 5, 3297 }, // U+04AB
    { 5, 10, 80, 0, 8, 7, 3302 }, // U+04AC
    { 5, 8, 80, 0, 6, 5, 3309 }, // U+04AD
    { 7, 8, 112, 0, 8, 7, 3314 }, // U+04AE
    { 5, 8, 80, 0, 6, 5, 3321 }, // U+04AF
    { 7, 8, 112, 0, 8, 7, 3326 }, // U+04B0
    { 5, 8, 80, 0, 6, 5, 3333 }, // U+04B1
    { 7, 10, 112, 0, 8, 9, 3338 }, // U+04B2
    { 6, 8, 96, 0, 6, 6, 3347 }, // U+04B3
    { 9, 10, 144, 0, 8, 12, 3353 }, // U+04B4
    { 7, 8, 112, 0, 6, 7, 3365 }, // U+04B5
    { 6, 10, 112, 1, 8, 8, 3372 }, // U+04B6
    { 5, 8, 96, 1, 6, 5, 3380 }, // U+04B7
    { 5, 8, 112, 1, 8, 5, 3385 }, // U+04B8
    { 5, 6, 112, 1, 6, 4, 3390 }, // U+04B9
    { 5, 8, 112, 1, 8, 5, 3394 }, // U+04BA
    { 4, 9, 96, 1, 9, 5, 3399 }, // U+04BB
    { 8, 8, 144, 0, 8, 8, 3404 }, // U+04BC
    { 6, 6, 112, 0, 6, 5, 3412 }, // U+04BD
    { 8, 10, 144, 0, 8, 10, 3417 }, // U+04BE
    { 6, 8, 112, 0, 6, 6, 3427 }, // U+04BF
    { 1, 8, 48, 1, 8, 1, 3433 }, // U+04C0
    { 9, 11, 144, 0, 11, 13, 3434 }, // U+04C1
    { 9, 9, 144, 0, 9, 11, 3447 }, // U+04C2
    { 6, 10, 112, 1, 8, 8, 3458 }, // U+04C3
    { 4, 8, 96, 1, 6, 4, 3466 }, // U+04C4
    { 8, 10, 128, 0, 8, 10, 3470 }, // U+04C5
    { 7, 8, 112, 0, 6, 7, 3480 }, // U+04C6
    { 6, 10, 128, 1, 8, 8, 3487 }, // U+04C7
    { 4, 8, 96, 1, 6, 4, 3495 }, // U+04C8
    { 7, 10, 128, 1, 8, 9, 3499 }, // U+04C9
    { 5, 8, 96, 1, 6, 5, 3508 }, // U+04CA
    { 5, 10, 112, 1, 8, 7, 3513 }, // U+04CB
    { 4, 8, 96, 1, 6, 4, 3520 }, // U+04CC
    { 8, 10, 144, 1, 8, 10, 3524 }, // U+04CD
    { 8, 8, 144, 1, 6, 8, 3534 }, // U+04CE
    { 1, 8, 48, 1, 8, 1, 3542 }, // U+04CF
    { 7, 11, 112, 0, 11, 10, 3543 }, // U+04D0
    { 5, 9, 96, 0, 9, 6, 3553 }, // U+04D1
    { 7, 10, 112, 0, 10, 9, 3559 }, // U+04D2
    { 5, 8, 96, 0, 8, 5, 3568 }, // U+04D3
    { 10, 8, 160, 0, 8, 10, 3573 }, // U+04D4
    { 7, 6, 128, 1, 6, 6, 3583 }, // U+04D5
    { 4, 11, 96, 1, 11, 6, 3589 }, // U+04D6
    { 4, 9, 96, 1, 9, 5, 3595 }, // U+04D7
    { 6, 8, 128, 1, 8, 6, 3600 }, // U+04D8
    { 4, 6, 96, 1, 6, 3, 3606 }, // U+04D9
    { 6, 10, 128, 1, 10, 8, 3609 }, // U+04DA
    { 4, 8, 96, 1, 8, 4, 3617 }, // U+04DB
    { 9, 10, 144, 0, 10, 12, 3621 }, // U+04DC
    { 9, 8, 144, 0, 8, 9, 3633 }, // U+04DD
    { 5, 10, 96, 0, 10, 7, 3642 }, // U+04DE
    { 4, 8, 80, 0, 8, 4, 3649 }, // U+04DF
    { 5, 8, 96, 0, 8, 5, 3653 }, // U+04E0
    { 4, 8, 80, 0, 6, 4, 3658 }, // U+04E1
    { 6, 10, 128, 1, 10, 8, 3662 }, // U+04E2
    { 5, 8, 112, 1, 8, 5, 3670 }, // U+04E3
    { 6, 10, 128, 1, 10, 8, 3675 }, // U+04E4
    { 5, 8, 112, 1, 8, 5, 3683 }, // U+04E5
    { 7, 10, 144, 1, 10, 9, 3688 }, // U+04E6
    { 4, 8, 96, 1, 8, 4, 3697 }, // U+04E7
    { 7, 8, 144, 1, 8, 7, 3701 }, // U+04E8
    { 4, 6, 96, 1, 6, 3, 3708 }, // U+04E9
    { 7, 10, 144, 1, 10, 9, 3711 }, // U+04EA
    { 4, 8, 96, 1, 8, 4, 3720 }, // U+04EB
    { 6, 10, 112, 0, 10, 8, 3724 }, // U+04EC
    { 4, 8, 80, 0, 8, 4, 3732 }, // U+04ED
    { 6, 10, 96, 0, 10, 8, 3736 }, // U+04EE
    { 5, 10, 80, 0, 8, 7, 3744 }, // U+04EF
    { 6, 10, 96, 0, 10, 8, 3751 }, // U+04F0
    { 5, 10, 80, 0, 8, 7, 3759 }, // U+04F1
    { 6, 10, 96, 0, 10, 8, 3766 }, // U+04F2
    { 5, 10, 80, 0, 8, 7, 3774 }, // U+04F3
    { 5, 10, 112, 1, 10, 7, 3781 }, // U+04F4
    { 4, 8, 96, 1, 8, 4, 3788 }, // U+04F5
    { 5, 10, 96, 1, 8, 7, 3792 }, // U+04F6
    { 4, 8, 80, 1, 6, 4, 3799 }, // U+04F7
    { 7, 10, 144, 1, 10, 9, 3803 }, // U+04F8
    { 6, 8, 128, 1, 8, 6, 3812 }, // U+04F9
    { 7, 7, 112, 0, 7, 7, 3818 }, // U+05D0
    { 6, 7, 96, 0, 7, 6, 3825 }, // U+05D1
    { 4, 7, 64, 0, 7, 4, 3831 }, // U+05D2
    { 6, 7, 96, 0, 7, 6, 3835 }, // U+05D3
    { 5, 7, 112, 1, 7, 5, 3841 }, // U+05D4
    { 2, 7, 48, 0, 7, 2, 3846 }, // U+05D5
    { 3, 7, 64, 0, 7, 3, 3848 }, // U+05D6
    { 6, 7, 112, 0, 7, 6, 3851 }, // U+05D7
    { 5, 7, 112, 1, 7, 5, 3857 }, // U+05D8
    { 2, 4, 48, 0, 7, 1, 3862 }, // U+05D9
    { 5, 9, 96, 0, 7, 6, 3863 }, // U+05DA
    { 5, 7, 96, 0, 7, 5, 3869 }, // U+05DB
    { 5, 9, 96, 0, 9, 6, 3874 }, // U+05DC
    { 6, 7, 128, 1, 7, 6, 3880 }, // U+05DD
    { 6, 7, 112, 1, 7, 6, 3886 }, // U+05DE
    { 3, 9, 64, 0, 7, 4, 3892 }, // U+05DF
    { 2, 7, 64, 1, 7, 2, 3896 }, // U+05E0
    { 7, 7, 112, 0, 7, 7, 3898 }, // U+05E1
    { 6, 7, 112, 0, 7, 6, 3905 }, // U+05E2
    { 5, 9, 112, 1, 7, 6, 3911 }, // U+05E3
    { 5, 7, 112, 1, 7, 5, 3917 }, // U+05E4
    { 5, 9, 96, 0, 7, 6, 3922 }, // U+05E5
    { 6, 7, 96, 0, 7, 6, 3928 }, // U+05E6
    { 6, 9, 112, 1, 7, 7, 3934 }, // U+05E7
    { 5, 7, 96, 0, 7, 5, 3941 }, // U+05E8
    { 6, 7, 128, 1, 7, 6, 3946 }, // U+05E9
    { 7, 7, 128, 0, 7, 7, 3952 }, // U+05EA
    { 1, 2, 64, 1, 2, 1, 3959 }, // U+060C
    { 2, 6, 64, 1, 6, 2, 3960 }, // U+061B
    { 4, 8, 80, 0, 8, 4, 3962 }, // U+061F
    { 4, 5, 80, 0, 4, 3, 3966 }, // U+0621
    { 4, 1, 48, 0, 1, 1, 3969 }, // U+0640
    { 2, 3, 0, 0, 9, 1, 3970 }, // U+0654
    { 2, 2, 96, 2, 4, 1, 3971 }, // U+0660
    { 2, 7, 96, 2, 7, 2, 3972 }, // U+0661
    { 4, 7, 96, 1, 7, 4, 3974 }, // U+0662
    { 6, 8, 96, 0, 8, 6, 3978 }, // U+0663
    { 4, 8, 96, 1, 8, 4, 3984 }, // U+0664
    { 4, 6, 96, 1, 6, 3, 3988 }, // U+0665
    { 4, 8, 96, 1, 8, 4, 3991 }, // U+0666
    { 6, 8, 96, 0, 8, 6, 3995 }, // U+0667
    { 6, 7, 96, 0, 7, 6, 4001 }, // U+0668
    { 4, 7, 96, 1, 7, 4, 4007 }, // U+0669
    { 7, 7, 128, 0, 4, 7, 4011 }, // U+06BA
    { 3, 1, 48, 0, 1, 1, 4018 }, // U+06D4
    { 4, 5, 64, 0, 5, 3, 4019 }, // U+06D5
    { 2, 2, 96, 2, 4, 1, 4022 }, // U+06F0
    { 2, 7, 96, 2, 7, 2, 4023 }, // U+06F1
    { 4, 7, 96, 1, 7, 4, 4025 }, // U+06F2
    { 6, 8, 96, 0, 8, 6, 4029 }, // U+06F3
    { 4, 7, 96, 1, 7, 4, 4035 }, // U+06F4
    { 4, 7, 96, 1, 7, 4, 4039 }, // U+06F5
    { 4, 7, 96, 1, 7, 4, 4043 }, // U+06F6
    { 6, 8, 96, 0, 8, 6, 4047 }, // U+06F7
    { 6, 7, 96, 0, 7, 6, 4053 }, // U+06F8
    { 4, 7, 96, 1, 7, 4, 4059 }, // U+06F9
    { 7, 10, 112, 0, 8, 9, 4063 }, // U+1EA0
    { 5, 8, 96, 0, 6, 5, 4072 }, // U+1EA1
    { 7, 10, 112, 0, 10, 9, 4077 }, // U+1EA2
    { 5, 8, 96, 0, 8, 5, 4086 }, // U+1EA3
    { 7, 11, 112, 0, 11, 10, 4091 }, // U+1EA4
    { 6, 10, 96, 0, 10, 8, 4101 }, // U+1EA5
    { 7, 11, 112, 0, 11, 10, 4109 }, // U+1EA6
    { 5, 10, 96, 0, 10, 7, 4119 }, // U+1EA7
    { 7, 12, 112, 0, 12, 11, 4126 }, // U+1EA8
    { 6, 10, 96, 0, 10, 8, 4137 }, // U+1EA9
    { 7, 12, 112, 0, 12, 11, 4145 }, // U+1EAA
    { 5, 10, 96, 0, 10, 7, 4156 }, // U+1EAB
    { 7, 12, 112, 0, 10, 11, 4163 }, // U+1EAC
    { 5, 10, 96, 0, 8, 7, 4174 }, // U+1EAD
    { 7, 12, 112, 0, 12, 11, 4181 }, // U+1EAE
    { 5, 10, 96, 0, 10, 7, 4192 }, // U+1EAF
    { 7, 12, 112, 0, 12, 11, 4199 }, // U+1EB0
    { 5, 10, 96, 0, 10, 7, 4210 }, // U+1EB1
    { 7, 12, 112, 0, 12, 11, 4217 }, // U+1EB2
    { 5, 10, 96, 0, 10, 7, 4228 }, // U+1EB3
    { 7, 12, 112, 0, 12, 11, 4235 }, // U+1EB4
    { 5, 10, 96, 0, 10, 7, 4246 }, // U+1EB5
    { 7, 12, 112, 0, 10, 11, 4253 }, // U+1EB6
    { 5, 10, 96, 0, 8, 7, 4264 }, // U+1EB7
    { 5, 10, 96, 1, 8, 7, 4271 }, // U+1EB8
    { 5, 8, 96, 1, 6, 5, 4278 }, // U+1EB9
    { 5, 10, 96, 1, 10, 7, 4283 }, // U+1EBA
    { 5, 8, 96, 1, 8, 5, 4290 }, // U+1EBB
    { 5, 10, 96, 1, 10, 7, 4295 }, // U+1EBC
    { 5, 8, 96, 1, 8, 5, 4302 }, // U+1EBD
    { 5, 11, 96, 1, 11, 7, 4307 }, // U+1EBE
    { 5, 10, 96, 1, 10, 7, 4314 }, // U+1EBF
    { 5, 11, 96, 1, 11, 7, 4321 }, // U+1EC0
    { 5, 10, 96, 1, 10, 7, 4328 }, // U+1EC1
    { 5, 11, 96, 1, 11, 7, 4335 }, // U+1EC2
    { 5, 10, 96, 1, 10, 7, 4342 }, // U+1EC3
    { 5, 12, 96, 1, 12, 8, 4349 }, // U+1EC4
    { 5, 10, 96, 1, 10, 7, 4357 }, // U+1EC5
    { 5, 12, 96, 1, 10, 8, 4364 }, // U+1EC6
    { 5, 10, 96, 1, 8, 7, 4372 }, // U+1EC7
    { 3, 10, 48, 0, 10, 4, 4379 }, // U+1EC8
    { 2, 8, 48, 0, 8, 2, 4383 }, // U+1EC9
    { 1, 10, 48, 1, 8, 2, 4385 }, // U+1ECA
    { 1, 10, 48, 1, 8, 2, 4387 }, // U+1ECB
    { 7, 10, 144, 1, 8, 9, 4389 }, // U+1ECC
    { 5, 8, 96, 1, 6, 5, 4398 }, // U+1ECD
    { 7, 10, 144, 1, 10, 9, 4403 }, // U+1ECE
    { 5, 8, 96, 1, 8, 5, 4412 }, // U+1ECF
    { 7, 11, 144, 1, 11, 10, 4417 }, // U+1ED0
    { 5, 10, 96, 1, 10, 7, 4427 }, // U+1ED1
    { 7, 12, 144, 1, 12, 11, 4434 }, // U+1ED2
    { 5, 10, 96, 1, 10, 7, 4445 }, // U+1ED3
    { 7, 12, 144, 1, 12, 11, 4452 }, // U+1ED4
    { 5, 10, 96, 1, 10, 7, 4463 }, // U+1ED5
    { 7, 12, 144, 1, 12, 11, 4470 }, // U+1ED6
    { 5, 10, 96, 1, 10, 7, 4481 }, // U+1ED7
    { 7, 12, 144, 1, 10, 11, 4488 }, // U+1ED8
    { 5, 10, 96, 1, 8, 7, 4499 }, // U+1ED9
    { 7, 10, 144, 1, 10, 9, 4506 }, // U+1EDA
    { 5, 9, 96, 1, 9, 6, 4515 }, // U+1EDB
    { 7, 10, 144, 1, 10, 9, 4521 }, // U+1EDC
    { 5, 9, 96, 1, 9, 6, 4530 }, // U+1EDD
    { 7, 10, 144, 1, 10, 9, 4536 }, // U+1EDE
    { 5, 8, 96, 1, 8, 5, 4545 }, // U+1EDF
    { 7, 10, 144, 1, 10, 9, 4550 }, // U+1EE0
    { 5, 8, 96, 1, 8, 5, 4559 }, // U+1EE1
    { 7, 11, 144, 1, 9, 10, 4564 }, // U+1EE2
    { 5, 9, 96, 1, 7, 6, 4574 }, // U+1EE3
    { 6, 10, 128, 1, 8, 8, 4580 }, // U+1EE4
    { 4, 8, 96, 1, 6, 4, 4588 }, // U+1EE5
    { 6, 10, 128, 1, 10, 8, 4592 }, // U+1EE6
    { 4, 8, 96, 1, 8, 4, 4600 }, // U+1EE7
    { 7, 10, 128, 1, 10, 9, 4604 }, // U+1EE8
    { 6, 9, 112, 1, 9, 7, 4613 }, // U+1EE9
    { 7, 10, 128, 1, 10, 9, 4620 }, // U+1EEA
    { 6, 9, 112, 1, 9, 7, 4629 }, // U+1EEB
    { 7, 10, 128, 1, 10, 9, 4636 }, // U+1EEC
    { 6, 8, 112, 1, 8, 6, 4645 }, // U+1EED
    { 7, 10, 128, 1, 10, 9, 4651 }, // U+1EEE
    { 6, 8, 112, 1, 8, 6, 4660 }, // U+1EEF
    { 7, 11, 128, 1, 9, 10, 4666 }, // U+1EF0
    { 6, 9, 112, 1, 7, 7, 4676 }, // U+1EF1
    { 7, 11, 112, 0, 11, 10, 4683 }, // U+1EF2
    { 5, 11, 80, 0, 9, 7, 4693 }, // U+1EF3
    { 7, 10, 112, 0, 8, 9, 4700 }, // U+1EF4
    { 5, 8, 80, 0, 6, 5, 4709 }, // U+1EF5
    { 7, 10, 112, 0, 10, 9, 4714 }, // U+1EF6
    { 5, 10, 80, 0, 8, 7, 4723 }, // U+1EF7
    { 7, 10, 112, 0, 10, 9, 4730 }, // U+1EF8
    { 5, 10, 80, 0, 8, 7, 4739 }, // U+1EF9
    { 1, 1, 16, 0, 1, 1, 4746 }, // U+2009
    { 1, 1, 0, 0, 1, 1, 4747 }, // U+200B
    { 1, 8, 0, 0, 8, 1, 4748 }, // U+200C
    { 2, 8, 0, -1, 8, 2, 4749 }, // U+200D
    { 2, 8, 0, 0, 8, 2, 4751 }, // U+200E
    { 2, 8, 0, -2, 8, 2, 4753 }, // U+200F
    { 3, 1, 64, 0, 3, 1, 4755 }, // U+2010
    { 3, 1, 64, 0, 3, 1, 4756 }, // U+2011
    { 5, 1, 80, 0, 4, 1, 4757 }, // U+2013
    { 11, 1, 176, 0, 4, 2, 4758 }, // U+2014
    { 11, 1, 176, 0, 4, 2, 4760 }, // U+2015
    { 2, 3, 48, 1, 9, 1, 4762 }, // U+2018
    { 2, 3, 48, 0, 9, 1, 4763 }, // U+2019
    { 2, 3, 48, 0, 1, 1, 4764 }, // U+201A
    { 4, 3, 80, 1, 9, 2, 4765 }, // U+201C
    { 4, 3, 80, 0, 9, 2, 4767 }, // U+201D
    { 4, 3, 80, 0, 1, 2, 4769 }, // U+201E
    { 5, 9, 80, 0, 7, 6, 4771 }, // U+2020
    { 5, 9, 80, 0, 7, 6, 4777 }, // U+2021
    { 3, 3, 64, 0, 5, 2, 4783 }, // U+2022
    { 9, 1, 176, 1, 1, 2, 4785 }, // U+2026
    { 1, 1, 16, 0, 1, 1, 4787 }, // U+202F
    { 12, 8, 224, 1, 8, 12, 4788 }, // U+2030
    { 3, 5, 48, 0, 6, 2, 4800 }, // U+2039
    { 3, 5, 48, -1, 6, 2, 4802 }, // U+203A
    { 5, 8, 32, -2, 8, 5, 4804 }, // U+2044
    { 2, 6, 64, 1, 6, 2, 4809 }, // U+204F
    { 4, 4, 64, 0, 8, 2, 4811 }, // U+2070
    { 4, 4, 64, 0, 8, 2, 4813 }, // U+2074
    { 3, 4, 64, 0, 8, 2, 4815 }, // U+2075
    { 3, 4, 64, 0, 8, 2, 4817 }, // U+2076
    { 3, 4, 64, 0, 8, 2, 4819 }, // U+2077
    { 3, 4, 64, 0, 8, 2, 4821 }, // U+2078
    { 3, 4, 64, 0, 8, 2, 4823 }, // U+2079
    { 4, 4, 64, 0, 5, 2, 4825 }, // U+2080
    { 2, 4, 64, 1, 5, 1, 4827 }, // U+2081
    { 3, 4, 64, 0, 5, 2, 4828 }, // U+2082
    { 3, 4, 64, 0, 5, 2, 4830 }, // U+2083
    { 4, 4, 64, 0, 5, 2, 4832 }, // U+2084
    { 3, 4, 64, 0, 5, 2, 4834 }, // U+2085
    { 3, 4, 64, 0, 5, 2, 4836 }, // U+2086
    { 3, 4, 64, 0, 5, 2, 4838 }, // U+2087
    { 3, 4, 64, 0, 5, 2, 4840 }, // U+2088
    { 3, 4, 64, 0, 5, 2, 4842 }, // U+2089
    { 7, 7, 144, 1, 7, 7, 4844 }, // U+20AA
    { 6, 7, 96, 0, 7, 6, 4851 }, // U+20AC
    { 5, 8, 80, 0, 8, 5, 4857 }, // U+20AE
    { 4, 8, 96, 1, 8, 4, 4862 }, // U+20B4
    { 5, 8, 96, 1, 8, 5, 4866 }, // U+20B9
    { 4, 8, 96, 1, 8, 4, 4871 }, // U+2202
    { 7, 8, 112, 0, 8, 7, 4875 }, // U+2206
    { 6, 9, 128, 1, 8, 7, 4882 }, // U+220F
    { 6, 9, 96, 0, 8, 7, 4889 }, // U+2211
    { 5, 1, 96, 1, 4, 1, 4896 }, // U+2212
    { 5, 8, 32, -2, 8, 5, 4897 }, // U+2215
    { 1, 1, 48, 1, 4, 1, 4902 }, // U+2219
    { 6, 9, 96, 0, 9, 7, 4903 }, // U+221A
    { 6, 3, 96, 0, 5, 3, 4910 }, // U+221E
    { 4, 11, 64, 0, 9, 6, 4913 }, // U+222B
    { 5, 4, 96, 0, 5, 3, 4919 }, // U+2248
    { 5, 5, 96, 0, 6, 4, 4922 }, // U+2260
    { 5, 7, 96, 1, 7, 5, 4926 }, // U+2264
    { 5, 7, 96, 1, 7, 5, 4931 }, // U+2265
    { 7, 9, 144, 1, 9, 8, 4936 }, // U+FB00
    { 5, 9, 112, 1, 9, 6, 4944 }, // U+FB01
    { 6, 9, 112, 1, 9, 7, 4950 }, // U+FB02
    { 9, 9, 176, 1, 9, 11, 4957 }, // U+FB03
    { 10, 9, 192, 1, 9, 12, 4968 }, // U+FB04
    { 10, 7, 176, 0, 4, 9, 4980 }, // U+FB56
    { 13, 7, 192, 0, 4, 12, 4989 }, // U+FB57
    { 3, 7, 48, 0, 4, 3, 5001 }, // U+FB58
    { 5, 6, 64, 0, 3, 4, 5004 }, // U+FB59
    { 10, 8, 176, 0, 8, 10, 5008 }, // U+FB66
    { 13, 8, 192, 0, 8, 13, 5018 }, // U+FB67
    { 3, 9, 48, 0, 9, 4, 5031 }, // U+FB68
    { 5, 7, 64, 0, 7, 5, 5035 }, // U+FB69
    { 7, 9, 112, 0, 5, 8, 5040 }, // U+FB7A
    { 8, 9, 128, 0, 5, 9, 5048 }, // U+FB7B
    { 6, 7, 96, 0, 4, 6, 5057 }, // U+FB7C
    { 8, 7, 112, 0, 4, 7, 5063 }, // U+FB7D
    { 5, 9, 80, 0, 9, 6, 5070 }, // U+FB88
    { 6, 9, 96, 0, 9, 7, 5076 }, // U+FB89
    { 3, 11, 64, 0, 8, 5, 5083 }, // U+FB8A
    { 5, 11, 64, 0, 8, 7, 5088 }, // U+FB8B
    { 4, 11, 64, 0, 8, 6, 5095 }, // U+FB8C
    { 5, 11, 64, 0, 8, 7, 5101 }, // U+FB8D
    { 10, 8, 160, 0, 8, 10, 5108 }, // U+FB8E
    { 11, 8, 176, 0, 8, 11, 5118 }, // U+FB8F
    { 5, 8, 80, 0, 8, 5, 5129 }, // U+FB90
    { 6, 8, 96, 0, 8, 6, 5134 }, // U+FB91
    { 10, 9, 160, 0, 9, 12, 5140 }, // U+FB92
    { 11, 9, 176, 0, 9, 13, 5152 }, // U+FB93
    { 5, 9, 80, 0, 9, 6, 5165 }, // U+FB94
    { 6, 9, 96, 0, 9, 7, 5171 }, // U+FB95
    { 7, 7, 128, 0, 4, 7, 5178 }, // U+FB9E
    { 9, 6, 128, 0, 3, 7, 5185 }, // U+FB9F
    { 4, 5, 64, 0, 5, 3, 5192 }, // U+FBA6
    { 6, 4, 80, 0, 4, 3, 5195 }, // U+FBA7
    { 2, 6, 48, 0, 4, 2, 5198 }, // U+FBA8
    { 5, 5, 80, 0, 2, 4, 5200 }, // U+FBA9
    { 7, 5, 112, 0, 5, 5, 5204 }, // U+FBAA
    { 7, 7, 112, 0, 5, 7, 5209 }, // U+FBAB
    { 6, 5, 96, 0, 5, 4, 5216 }, // U+FBAC
    { 6, 7, 96, 0, 5, 6, 5220 }, // U+FBAD
    { 10, 5, 160, 0, 5, 7, 5226 }, // U+FBAE
    { 7, 4, 96, 0, 1, 4, 5233 }, // U+FBAF
    { 10, 8, 160, 0, 8, 10, 5237 }, // U+FBB0
    { 7, 7, 96, 0, 4, 7, 5247 }, // U+FBB1
    { 8, 8, 128, 0, 5, 8, 5254 }, // U+FBFC
    { 9, 5, 128, 0, 2, 6, 5262 }, // U+FBFD
    { 3, 6, 48, 0, 4, 3, 5268 }, // U+FBFE
    { 5, 5, 64, 0, 3, 4, 5271 }, // U+FBFF
    { 4, 5, 80, 0, 4, 3, 5275 }, // U+FE80
    { 4, 9, 48, -1, 9, 5, 5278 }, // U+FE81
    { 5, 10, 48, -1, 10, 7, 5283 }, // U+FE82
    { 2, 10, 48, 0, 10, 3, 5290 }, // U+FE83
    { 4, 11, 48, 0, 11, 6, 5293 }, // U+FE84
    { 4, 10, 80, 0, 7, 5, 5299 }, // U+FE85
    { 6, 10, 80, 0, 7, 8, 5304 }, // U+FE86
    { 2, 12, 48, 1, 8, 3, 5312 }, // U+FE87
    { 3, 12, 48, 1, 8, 5, 5315 }, // U+FE88
    { 8, 8, 128, 0, 5, 8, 5320 }, // U+FE89
    { 9, 8, 128, 0, 5, 9, 5328 }, // U+FE8A
    { 2, 8, 48, 0, 8, 2, 5337 }, // U+FE8B
    { 4, 6, 64, 0, 6, 3, 5339 }, // U+FE8C
    { 1, 8, 48, 1, 8, 1, 5342 }, // U+FE8D
    { 3, 8, 48, 1, 8, 3, 5343 }, // U+FE8E
    { 10, 6, 176, 0, 4, 8, 5346 }, // U+FE8F
    { 13, 6, 192, 0, 4, 10, 5354 }, // U+FE90
    { 2, 6, 48, 0, 4, 2, 5364 }, // U+FE91
    { 4, 5, 64, 0, 3, 3, 5366 }, // U+FE92
    { 4, 7, 64, 0, 7, 4, 5369 }, // U+FE93
    { 6, 8, 80, 0, 8, 6, 5373 }, // U+FE94
    { 10, 5, 176, 0, 5, 7, 5379 }, // U+FE95
    { 13, 5, 192, 0, 5, 9, 5386 }, // U+FE96
    { 3, 6, 48, 0, 6, 3, 5395 }, // U+FE97
    { 5, 5, 64, 0, 5, 4, 5398 }, // U+FE98
    { 10, 7, 176, 0, 7, 9, 5402 }, // U+FE99
    { 13, 7, 192, 0, 7, 12, 5411 }, // U+FE9A
    { 3, 8, 48, 0, 8, 3, 5423 }, // U+FE9B
    { 5, 7, 64, 0, 7, 5, 5426 }, // U+FE9C
    { 7, 9, 112, 0, 5, 8, 5431 }, // U+FE9D
    { 8, 9, 112, 0, 5, 9, 5439 }, // U+FE9E
    { 6, 6, 96, 0, 4, 5, 5448 }, // U+FE9F
    { 8, 6, 112, 0, 4, 6, 5453 }, // U+FEA0
    { 7, 9, 112, 0, 5, 8, 5459 }, // U+FEA1
    { 8, 9, 112, 0, 5, 9, 5467 }, // U+FEA2
    { 6, 4, 96, 0, 4, 3, 5476 }, // U+FEA3
    { 8, 4, 112, 0, 4, 4, 5479 }, // U+FEA4
    { 7, 10, 112, 0, 6, 9, 5483 }, // U+FEA5
    { 8, 10, 112, 0, 6, 10, 5492 }, // U+FEA6
    { 6, 6, 96, 0, 6, 5, 5502 }, // U+FEA7
    { 8, 6, 112, 0, 6, 6, 5507 }, // U+FEA8
    { 5, 5, 80, 0, 5, 4, 5513 }, // U+FEA9
    { 6, 5, 96, 0, 5, 4, 5517 }, // U+FEAA
    { 5, 7, 80, 0, 7, 5, 5521 }, // U+FEAB
    { 6, 7, 96, 0, 7, 6, 5526 }, // U+FEAC
    { 3, 7, 64, 0, 4, 3, 5532 }, // U+FEAD
    { 5, 7, 64, 0, 4, 5, 5535 }, // U+FEAE
    { 3, 9, 64, 0, 6, 4, 5540 }, // U+FEAF
    { 5, 9, 64, 0, 6, 6, 5544 }, // U+FEB0
    { 13, 7, 208, 0, 4, 12, 5550 }, // U+FEB1
    { 15, 7, 224, 0, 4, 14, 5562 }, // U+FEB2
    { 8, 4, 144, 0, 4, 4, 5576 }, // U+FEB3
    { 10, 4, 144, 0, 4, 5, 5580 }, // U+FEB4
    { 13, 11, 208, 0, 8, 18, 5585 }, // U+FEB5
    { 15, 11, 224, 0, 8, 21, 5603 }, // U+FEB6
    { 8, 8, 144, 0, 8, 8, 5624 }, // U+FEB7
    { 10, 8, 144, 0, 8, 10, 5632 }, // U+FEB8
    { 14, 7, 224, 0, 4, 13, 5642 }, // U+FEB9
    { 15, 7, 240, 0, 4, 14, 5655 }, // U+FEBA
    { 9, 4, 160, 0, 4, 5, 5669 }, // U+FEBB
    { 11, 4, 160, 0, 4, 6, 5674 }, // U+FEBC
    { 14, 9, 224, 0, 6, 16, 5680 }, // U+FEBD
    { 15, 9, 240, 0, 6, 17, 5696 }, // U+FEBE
    { 9, 6, 160, 0, 6, 7, 5713 }, // U+FEBF
    { 11, 6, 160, 0, 6, 9, 5720 }, // U+FEC0
    { 8, 8, 144, 0, 8, 8, 5729 }, // U+FEC1
    { 10, 8, 144, 0, 8, 10, 5737 }, // U+FEC2
    { 7, 8, 112, 0, 8, 7, 5747 }, // U+FEC3
    { 8, 8, 128, 0, 8, 8, 5754 }, // U+FEC4
    { 8, 8, 144, 0, 8, 8, 5762 }, // U+FEC5
    { 10, 8, 144, 0, 8, 10, 5770 }, // U+FEC6
    { 7, 8, 112, 0, 8, 7, 5780 }, // U+FEC7
    { 8, 8, 128, 0, 8, 8, 5787 }, // U+FEC8
    { 6, 9, 96, 0, 5, 7, 5795 }, // U+FEC9
    { 6, 9, 96, 0, 5, 7, 5802 }, // U+FECA
    { 5, 5, 96, 0, 5, 4, 5809 }, // U+FECB
    { 6, 5, 96, 0, 5, 4, 5813 }, // U+FECC
    { 6, 11, 96, 0, 7, 9, 5817 }, // U+FECD
    { 6, 10, 96, 0, 6, 8, 5826 }, // U+FECE
    { 5, 7, 96, 0, 7, 5, 5834 }, // U+FECF
    { 6, 6, 96, 0, 6, 5, 5839 }, // U+FED0
    { 10, 7, 176, 0, 7, 9, 5844 }, // U+FED1
    { 13, 6, 192, 0, 6, 10, 5853 }, // U+FED2
    { 4, 7, 80, 0, 7, 4, 5863 }, // U+FED3
    { 6, 6, 80, 0, 6, 5, 5867 }, // U+FED4
    { 8, 8, 144, 0, 6, 8, 5872 }, // U+FED5
    { 9, 9, 144, 0, 6, 11, 5880 }, // U+FED6
    { 4, 7, 80, 0, 7, 4, 5891 }, // U+FED7
    { 6, 6, 80, 0, 6, 5, 5895 }, // U+FED8
    { 9, 8, 160, 0, 8, 9, 5900 }, // U+FED9
    { 11, 8, 160, 0, 8, 11, 5909 }, // U+FEDA
    { 5, 8, 80, 0, 8, 5, 5920 }, // U+FEDB
    { 6, 8, 96, 0, 8, 6, 5925 }, // U+FEDC
    { 7, 11, 128, 0, 8, 10, 5931 }, // U+FEDD
    { 9, 11, 128, 0, 8, 13, 5941 }, // U+FEDE
    { 2, 8, 48, 0, 8, 2, 5954 }, // U+FEDF
    { 4, 8, 48, 0, 8, 4, 5956 }, // U+FEE0
    { 5, 8, 80, 0, 4, 5, 5960 }, // U+FEE1
    { 7, 8, 96, 0, 4, 7, 5965 }, // U+FEE2
    { 5, 4, 96, 0, 4, 3, 5972 }, // U+FEE3
    { 7, 4, 96, 0, 4, 4, 5975 }, // U+FEE4
    { 7, 8, 128, 0, 5, 7, 5979 }, // U+FEE5
    { 9, 8, 128, 0, 5, 9, 5986 }, // U+FEE6
    { 2, 6, 48, 0, 6, 2, 5995 }, // U+FEE7
    { 4, 5, 64, 0, 5, 3, 5997 }, // U+FEE8
    { 4, 5, 64, 0, 5, 3, 6000 }, // U+FEE9
    { 6, 6, 80, 0, 6, 5, 6003 }, // U+FEEA
    { 6, 5, 96, 0, 5, 4, 6008 }, // U+FEEB
    { 6, 7, 96, 0, 5, 6, 6012 }, // U+FEEC
    { 4, 7, 80, 0, 4, 4, 6018 }, // U+FEED
    { 6, 7, 80, 0, 4, 6, 6022 }, // U+FEEE
    { 8, 8, 128, 0, 5, 8, 6028 }, // U+FEEF
    { 9, 5, 128, 0, 2, 6, 6036 }, // U+FEF0
    { 8, 10, 128, 0, 5, 10, 6042 }, // U+FEF1
    { 9, 7, 128, 0, 2, 8, 6052 }, // U+FEF2
    { 3, 6, 48, 0, 4, 3, 6060 }, // U+FEF3
    { 5, 5, 64, 0, 3, 4, 6063 }, // U+FEF4
    { 7, 8, 96, -1, 8, 7, 6067 }, // U+FEF5
    { 8, 8, 112, -1, 8, 8, 6074 }, // U+FEF6
    { 6, 9, 96, 0, 9, 7, 6082 }, // U+FEF7
    { 7, 9, 112, 0, 9, 8, 6089 }, // U+FEF8
    { 6, 12, 96, 0, 8, 9, 6097 }, // U+FEF9
    { 7, 12, 112, 0, 8, 11, 6106 }, // U+FEFA
    { 6, 8, 96, 0, 8, 6, 6117 }, // U+FEFB
    { 7, 8, 112, 0, 8, 7, 6123 }, // U+FEFC
};

static const EpdUnicodeInterval ubuntu_c11_regularIntervals[] = {
    { 0x0, 0x0, 0x0 },
    { 0x8, 0x9, 0x1 },
    { 0xD, 0xD, 0x3 },
    { 0x1D, 0x1D, 0x4 },
    { 0x20, 0x7E, 0x5 },
    { 0xA0, 0x17F, 0x64 },
    { 0x1A0, 0x1A1, 0x144 },
    { 0x1AF, 0x1B0, 0x146 },
    { 0x1C4, 0x21F, 0x148 },
    { 0x300, 0x304, 0x1A4 },
    { 0x306, 0x308, 0x1A9 },
    { 0x30A, 0x30C, 0x1AC },
    { 0x311, 0x312, 0x1AF },
    { 0x326, 0x328, 0x1B1 },
    { 0x34F, 0x34F, 0x1B4 },
    { 0x400, 0x45F, 0x1B5 },
    { 0x462, 0x463, 0x215 },
    { 0x472, 0x475, 0x217 },
    { 0x48A, 0x4F9, 0x21B },
    { 0x5D0, 0x5EA, 0x28B },
    { 0x60C, 0x60C, 0x2A6 },
    { 0x61B, 0x61B, 0x2A7 },
    { 0x61F, 0x61F, 0x2A8 },
    { 0x621, 0x621, 0x2A9 },
    { 0x640, 0x640, 0x2AA },
    { 0x654, 0x654, 0x2AB },
    { 0x660, 0x669, 0x2AC },
    { 0x6BA, 0x6BA, 0x2B6 },
    { 0x6D4, 0x6D5, 0x2B7 },
    { 0x6F0, 0x6F9, 0x2B9 },
    { 0x1EA0, 0x1EF9, 0x2C3 },
    { 0x2009, 0x2009, 0x31D },
    { 0x200B, 0x2011, 0x31E },
    { 0x2013, 0x2015, 0x325 },
    { 0x2018, 0x201A, 0x328 },
    { 0x201C, 0x201E, 0x32B },
    { 0x2020, 0x2022, 0x32E },
    { 0x2026, 0x2026, 0x331 },
    { 0x202F, 0x2030, 0x332 },
    { 0x2039, 0x203A, 0x334 },
    { 0x2044, 0x2044, 0x336 },
    { 0x204F, 0x204F, 0x337 },
    { 0x2070, 0x2070, 0x338 },
    { 0x2074, 0x2079, 0x339 },
    { 0x2080, 0x2089, 0x33F },
    { 0x20AA, 0x20AA, 0x349 },
    { 0x20AC, 0x20AC, 0x34A },
    { 0x20AE, 0x20AE, 0x34B },
    { 0x20B4, 0x20B4, 0x34C },
    { 0x20B9, 0x20B9, 0x34D },
    { 0x2202, 0x2202, 0x34E },
    { 0x2206, 0x2206, 0x34F },
    { 0x220F, 0x220F, 0x350 },
    { 0x2211, 0x2212, 0x351 },
    { 0x2215, 0x2215, 0x353 },
    { 0x2219, 0x221A, 0x354 },
    { 0x221E, 0x221E, 0x356 },
    { 0x222B, 0x222B, 0x357 },
    { 0x2248, 0x2248, 0x358 },
    { 0x2260, 0x2260, 0x359 },
    { 0x2264, 0x2265, 0x35A },
    { 0xFB00, 0xFB04, 0x35C },
    { 0xFB56, 0xFB59, 0x361 },
    { 0xFB66, 0xFB69, 0x365 },
    { 0xFB7A, 0xFB7D, 0x369 },
    { 0xFB88, 0xFB95, 0x36D },
    { 0xFB9E, 0xFB9F, 0x37B },
    { 0xFBA6, 0xFBB1, 0x37D },
    { 0xFBFC, 0xFBFF, 0x389 },
    { 0xFE80, 0xFEFC, 0x38D },
};

static const uint16_t ubuntu_c11_regularKernLeftCodepoints[] = {
    0x0022, 0x0027, 0x0028, 0x0029, 0x002A, 0x002C, 0x002D, 0x002E, 0x002F, 0x003A, 0x003B, 0x0040,
    0x0041, 0x0042, 0x0043, 0x0044, 0x0045, 0x0046, 0x0047, 0x004A, 0x004B, 0x004C, 0x004D, 0x004F,
    0x0050, 0x0051, 0x0052, 0x0054, 0x0055, 0x0056, 0x0057, 0x0058, 0x0059, 0x005A, 0x005B, 0x005D,
    0x0061, 0x0062, 0x0063, 0x0066, 0x0068, 0x006A, 0x006B, 0x006D, 0x006E, 0x006F, 0x0070, 0x0071,
    0x0072, 0x0074, 0x0076, 0x0077, 0x0078, 0x007A, 0x007B, 0x007D, 0x00A1, 0x00AB, 0x00BB, 0x00BF,
    0x00C0, 0x00C1, 0x00C2, 0x00C3, 0x00C4, 0x00C5, 0x00C6, 0x00C7, 0x00C8, 0x00C9, 0x00CA, 0x00CB,
    0x00D0, 0x00D2, 0x00D3, 0x00D4, 0x00D5, 0x00D6, 0x00D8, 0x00D9, 0x00DA, 0x00DB, 0x00DC, 0x00DD,
    0x00DE, 0x00DF, 0x00E0, 0x00E1, 0x00E2, 0x00E3, 0x00E4, 0x00E5, 0x00E7, 0x00F0, 0x00F1, 0x00F2,
    0x00F3, 0x00F4, 0x00F5, 0x00F6, 0x00F8, 0x00FE, 0x0100, 0x0101, 0x0102, 0x0103, 0x0104, 0x0105,
    0x0106, 0x0107, 0x0108, 0x0109, 0x010A, 0x010B, 0x010C, 0x010D, 0x010E, 0x010F, 0x0110, 0x0112,
    0x0114, 0x0116, 0x0118, 0x011A, 0x011C, 0x011E, 0x0120, 0x0122, 0x0125, 0x0127, 0x0132, 0x0133,
    0x0134, 0x0135, 0x0136, 0x0137, 0x0138, 0x0139, 0x013B, 0x013D, 0x013E, 0x013F, 0x0141, 0x0144,
    0x0146, 0x0148, 0x0149, 0x014A, 0x014B, 0x014C, 0x014D, 0x014E, 0x014F, 0x0150, 0x0151, 0x0152,
    0x0154, 0x0155, 0x0156, 0x0157, 0x0158, 0x0159, 0x0162, 0x0163, 0x0164, 0x0165, 0x0166, 0x0167,
    0x0168, 0x016A, 0x016C, 0x016E, 0x0170, 0x0172, 0x0174, 0x0175, 0x0176, 0x0178, 0x0179, 0x017A,
    0x017B, 0x017C, 0x017D, 0x017E, 0x017F, 0x01C4, 0x01C5, 0x01C6, 0x01C7, 0x01C8, 0x01C9, 0x01CA,
    0x01CB, 0x01CC, 0x01CD, 0x01CE, 0x01D1, 0x01D2, 0x01D3, 0x01D5, 0x01D7, 0x01D9, 0x01DB, 0x01DD,
    0x01DE, 0x01DF, 0x01E0, 0x01E1, 0x01E2, 0x01E4, 0x01E6, 0x01E8, 0x01E9, 0x01EA, 0x01EB, 0x01EC,
    0x01ED, 0x01EE, 0x01F0, 0x01F1, 0x01F2, 0x01F3, 0x01F4, 0x01F7, 0x01F9, 0x01FA, 0x01FB, 0x01FC,
    0x01FE, 0x01FF, 0x0200, 0x0201, 0x0202, 0x0203, 0x0204, 0x0206, 0x020C, 0x020D, 0x020E, 0x020F,
    0x0210, 0x0211, 0x0212, 0x0213, 0x0214, 0x0216, 0x021A, 0x021B, 0x021C, 0x021F, 0x0400, 0x0401,
    0x0402, 0x0403, 0x0404, 0x0405, 0x040B, 0x040C, 0x040E, 0x0410, 0x0411, 0x0412, 0x0413, 0x0414,
    0x0415, 0x0417, 0x041A, 0x041C, 0x041E, 0x0420, 0x0421, 0x0422, 0x0423, 0x0424, 0x0425, 0x0426,
    0x0429, 0x042D, 0x042E, 0x0430, 0x0431, 0x0432, 0x0433, 0x0434, 0x0435, 0x0436, 0x0437, 0x043A,
    0x043E, 0x0440, 0x0441, 0x0442, 0x0443, 0x0444, 0x0445, 0x0446, 0x0449, 0x044A, 0x044C, 0x044D,
    0x044E, 0x0450, 0x0451, 0x0452, 0x0453, 0x0454, 0x0455, 0x0459, 0x045A, 0x045B, 0x045C, 0x045E,
    0x0462, 0x0463, 0x0472, 0x0473, 0x0474, 0x0475, 0x048A, 0x048B, 0x048D, 0x048F, 0x0490, 0x0491,
    0x0492, 0x0493, 0x0494, 0x0495, 0x0497, 0x0498, 0x0499, 0x049A, 0x049B, 0x049C, 0x049D, 0x049E,
    0x049F, 0x04A0, 0x04A1, 0x04A2, 0x04A3, 0x04A4, 0x04A5, 0x04A7, 0x04A8, 0x04A9, 0x04AA, 0x04AB,
    0x04AC, 0x04AD, 0x04AE, 0x04AF, 0x04B0, 0x04B1, 0x04B2, 0x04B3, 0x04B4, 0x04B5, 0x04B6, 0x04B7,
    0x04BA, 0x04BB, 0x04BC, 0x04BD, 0x04BE, 0x04BF, 0x04C2, 0x04C4, 0x04C6, 0x04C8, 0x04C9, 0x04CA,
    0x04CD, 0x04CE, 0x04D0, 0x04D1, 0x04D2, 0x04D3, 0x04D5, 0x04D6, 0x04D7, 0x04D8, 0x04D9, 0x04DA,
    0x04DB, 0x04DD, 0x04DE, 0x04DF, 0x04E0, 0x04E1, 0x04E6, 0x04E7, 0x04E8, 0x04E9, 0x04EA, 0x04EB,
    0x04EC, 0x04ED, 0x04EE, 0x04EF, 0x04F0, 0x04F1, 0x04F2, 0x04F3, 0x04F6, 0x04F7, 0x05D0, 0x05D1,
    0x05D2, 0x05D3, 0x05D5, 0x05D6, 0x05D8, 0x05D9, 0x05DB, 0x05DC, 0x05DE, 0x05E0, 0x05E1, 0x05E2,
    0x05E4, 0x05E6, 0x05E8, 0x05E9, 0x05EA, 0x1EF2, 0x2013, 0x2014, 0x2018, 0x201A, 0x201C, 0x201E,
    0x2026, 0x2039, 0x203A, 0xFB00, 0xFB8C, 0xFEAD, 0xFEAE, 0xFEAF,
};

static const uint8_t ubuntu_c11_regularKernLeftClassIds[] = {
      1,   1,   2,   3,   4,   5,   6,   5,   7,   8,   8,   9,  10,  11,  12,  13,
     14,  15,  16,  17,  18,  19,  20,  21,  22,  23,  24,  25,  26,  27,  28,  29,
     30,  31,  32,  33,  34,  35,  36,  37,  38,  39,  40,  41,  41,  42,  43,  44,
     45,  46,  47,  48,  49,  50,  51,  52,  53,  54,  55,  56,  10,  10,  10,  10,
     10,  10,  14,  12,  14,  14,  14,  14,  13,  21,  21,  21,  21,  21,  21,  26,
     26,  26,  26,  30,  57,  58,  34,  34,  34,  34,  34,  34,  36,  59,  41,  42,
     42,  42,  42,  42,  42,  60,  10,  34,  10,  34,  10,  34,  12,  36,  12,  36,
     12,  36,  12,  36,  13,  61,  13,  14,  14,  14,  14,  14,  16,  16,  16,  16,
     38,  38,  17,  39,  17,  39,  18,  40,  40,  19,  19,  19,  61,  19,  19,  41,
     41,  41,  41,  62,  63,  21,  42,  21,  42,  21,  42,  14,  24,  45,  24,  45,
     24,  45,  25,  46,  25,  46,  25,  46,  26,  26,  26,  26,  26,  26,  28,  48,
     30,  30,  31,  50,  31,  50,  31,  50,  37,  31,  50,  50,  17,  39,  39,  17,
     39,  39,  10,  34,  21,  42,  26,  26,  26,  26,  26,  42,  10,  34,  10,  34,
     14,  16,  16,  18,  40,  21,  42,  21,  42,  64,  39,  31,  50,  50,  16,  65,
     41,  10,  34,  14,  21,  42,  10,  34,  10,  34,  14,  14,  21,  42,  21,  42,
     24,  45,  24,  45,  26,  26,  25,  46,  66,  38,  67,  67,  68,  69,  70,  71,
     72,  73,  74,  75,  68,  76,  69,  77,  67,  78,  73,  79,  80,  81,  70,  82,
     74,  83,  84,  85,  85,  86,  80,  87,  88,  89,  90,  91,  92,  93,  94,  95,
     96,  97,  98,  99, 100, 101, 102, 103, 103, 104, 104, 105, 106,  92,  92, 107,
     90, 108, 109, 104, 104, 110,  95, 100,  68, 111,  80,  96, 112, 113,  85, 103,
    104,  97,  69,  90,  69,  90,  68, 114,  93,  78,  94,  73,  95,  73,  95,  73,
     95,  73,  95,  85, 103,  82,  90, 115, 116, 117,  70,  98,  82,  99, 118, 119,
    118, 119,  84, 102,  85, 103,  85, 103, 120, 110, 121, 122, 121, 122,  93, 123,
    103, 124,  85, 103,  85, 103,  75,  87,  75,  87, 125,  67,  92, 126, 127, 126,
    127,  93,  78,  94, 128, 129,  80,  96,  80,  96,  80,  96,  86,  94,  74, 100,
     74, 100,  74, 100,  69,  90, 130, 131, 132, 133, 134, 135, 136, 137, 138, 139,
    140, 141, 142, 143, 144, 145, 146, 147, 148,  30,   6,   6, 149, 150, 149, 150,
      5,  54,  55,  37, 151, 151, 151, 151,
};

static const uint16_t ubuntu_c11_regularKernRightCodepoints[] = {
    0x0021, 0x0022, 0x0027, 0x0028, 0x0029, 0x002A, 0x002C, 0x002D, 0x002E, 0x002F, 0x003A, 0x003B,
    0x003F, 0x0040, 0x0041, 0x0043, 0x0047, 0x004A, 0x004D, 0x004F, 0x0051, 0x0053, 0x0054, 0x0055,
    0x0056, 0x0057, 0x0058, 0x0059, 0x005A, 0x005B, 0x005C, 0x005D, 0x0061, 0x0062, 0x0063, 0x0064,
    0x0065, 0x0066, 0x0067, 0x0068, 0x0069, 0x006A, 0x006B, 0x006C, 0x006D, 0x006E, 0x006F, 0x0070,
    0x0071, 0x0072, 0x0073, 0x0074, 0x0075, 0x0076, 0x0077, 0x0078, 0x0079, 0x007A, 0x007B, 0x007D,
    0x00AB, 0x00BB, 0x00C0, 0x00C1, 0x00C2, 0x00C3, 0x00C4, 0x00C5, 0x00C6, 0x00C7, 0x00D2, 0x00D3,
    0x00D4, 0x00D5, 0x00D6, 0x00D8, 0x00D9, 0x00DA, 0x00DB, 0x00DC, 0x00DD, 0x00DF, 0x00E0, 0x00E1,
    0x00E2, 0x00E3, 0x00E4, 0x00E5, 0x00E6, 0x00E7, 0x00E8, 0x00E9, 0x00EA, 0x00EB, 0x00EC, 0x00ED,
    0x00EE, 0x00EF, 0x00F0, 0x00F1, 0x00F2, 0x00F3, 0x00F4, 0x00F5, 0x00F6, 0x00F8, 0x00F9, 0x00FA,
    0x00FB, 0x00FC, 0x00FD, 0x00FE, 0x00FF, 0x0100, 0x0101, 0x0102, 0x0103, 0x0104, 0x0105, 0x0106,
    0x0107, 0x0108, 0x0109, 0x010A, 0x010B, 0x010C, 0x010D, 0x010F, 0x0111, 0x0113, 0x0115, 0x0117,
    0x0119, 0x011B, 0x011C, 0x011D, 0x011E, 0x011F, 0x0120, 0x0121, 0x0122, 0x0123, 0x0125, 0x0127,
    0x0129, 0x012B, 0x012D, 0x012F, 0x0131, 0x0133, 0x0134, 0x0135, 0x0137, 0x013A, 0x013C, 0x013E,
    0x0140, 0x0142, 0x0144, 0x0146, 0x0148, 0x0149, 0x014A, 0x014B, 0x014C, 0x014D, 0x014E, 0x014F,
    0x0150, 0x0151, 0x0152, 0x0153, 0x0155, 0x0157, 0x0159, 0x015A, 0x015B, 0x015C, 0x015D, 0x015E,
    0x015F, 0x0160, 0x0161, 0x0162, 0x0163, 0x0164, 0x0165, 0x0166, 0x0167, 0x0168, 0x0169, 0x016A,
    0x016B, 0x016C, 0x016D, 0x016E, 0x016F, 0x0170, 0x0171, 0x0172, 0x0173, 0x0174, 0x0175, 0x0176,
    0x0177, 0x0178, 0x0179, 0x017A, 0x017B, 0x017C, 0x017D, 0x017E, 0x017F, 0x01A0, 0x01A1, 0x01AF,
    0x01B0, 0x01C6, 0x01C9, 0x01CC, 0x01CD, 0x01CE, 0x01D0, 0x01D1, 0x01D2, 0x01D3, 0x01D4, 0x01D5,
    0x01D6, 0x01D7, 0x01D8, 0x01D9, 0x01DA, 0x01DB, 0x01DC, 0x01DD, 0x01DE, 0x01DF, 0x01E0, 0x01E1,
    0x01E2, 0x01E3, 0x01E4, 0x01E5, 0x01E6, 0x01E7, 0x01E9, 0x01EA, 0x01EB, 0x01EC, 0x01ED, 0x01EE,
    0x01EF, 0x01F0, 0x01F3, 0x01F4, 0x01F5, 0x01F7, 0x01F9, 0x01FA, 0x01FB, 0x01FC, 0x01FD, 0x01FE,
    0x01FF, 0x0200, 0x0201, 0x0202, 0x0203, 0x0205, 0x0207, 0x0209, 0x020B, 0x020C, 0x020D, 0x020E,
    0x020F, 0x0211, 0x0213, 0x0214, 0x0215, 0x0216, 0x0217, 0x0218, 0x0219, 0x021A, 0x021B, 0x021C,
    0x021D, 0x021F, 0x0402, 0x0404, 0x0405, 0x0408, 0x0409, 0x040B, 0x040E, 0x0410, 0x0414, 0x0416,
    0x0417, 0x041B, 0x041C, 0x041E, 0x0421, 0x0422, 0x0423, 0x0424, 0x0425, 0x0427, 0x042A, 0x042D,
    0x042F, 0x0430, 0x0431, 0x0432, 0x0433, 0x0434, 0x0435, 0x0436, 0x0437, 0x0438, 0x0439, 0x043A,
    0x043B, 0x043C, 0x043D, 0x043E, 0x043F, 0x0440, 0x0441, 0x0442, 0x0443, 0x0444, 0x0445, 0x0446,
    0x0447, 0x0448, 0x0449, 0x044A, 0x044B, 0x044C, 0x044D, 0x044E, 0x044F, 0x0450, 0x0451, 0x0452,
    0x0453, 0x0454, 0x0455, 0x0456, 0x0457, 0x0458, 0x0459, 0x045A, 0x045B, 0x045C, 0x045D, 0x045E,
    0x045F, 0x0462, 0x0463, 0x0472, 0x0473, 0x0474, 0x0475, 0x048B, 0x048D, 0x048F, 0x0491, 0x0493,
    0x0495, 0x0496, 0x0497, 0x0498, 0x0499, 0x049B, 0x049D, 0x049F, 0x04A1, 0x04A3, 0x04A5, 0x04A7,
    0x04A8, 0x04A9, 0x04AA, 0x04AB, 0x04AC, 0x04AD, 0x04AE, 0x04AF, 0x04B0, 0x04B1, 0x04B2, 0x04B3,
    0x04B4, 0x04B5, 0x04B6, 0x04B7, 0x04B8, 0x04B9, 0x04BB, 0x04BC, 0x04BD, 0x04BE, 0x04BF, 0x04C1,
    0x04C2, 0x04C4, 0x04C5, 0x04C6, 0x04C8, 0x04CA, 0x04CB, 0x04CC, 0x04CE, 0x04D0, 0x04D1, 0x04D2,
    0x04D3, 0x04D5, 0x04D7, 0x04D8, 0x04D9, 0x04DA, 0x04DB, 0x04DC, 0x04DD, 0x04DE, 0x04DF, 0x04E0,
    0x04E1, 0x04E3, 0x04E5, 0x04E6, 0x04E7, 0x04E8, 0x04E9, 0x04EA, 0x04EB, 0x04EC, 0x04ED, 0x04EE,
    0x04EF, 0x04F0, 0x04F1, 0x04F2, 0x04F3, 0x04F4, 0x04F5, 0x04F7, 0x04F9, 0x05D0, 0x05D1, 0x05D2,
    0x05D3, 0x05D4, 0x05D6, 0x05D7, 0x05D8, 0x05D9, 0x05DA, 0x05DB, 0x05DC, 0x05DD, 0x05DE, 0x05E1,
    0x05E2, 0x05E3, 0x05E4, 0x05E5, 0x05E7, 0x05E8, 0x05E9, 0x05EA, 0x06D5, 0x1EF2, 0x1EF3, 0x2013,
    0x2014, 0x2018, 0x2019, 0x201A, 0x201C, 0x201D, 0x201E, 0x2026, 0x2039, 0x203A, 0xFB00, 0xFB01,
    0xFB02, 0xFB03, 0xFB04, 0xFB8E, 0xFBA6, 0xFBAA, 0xFE8D, 0xFEA3, 0xFEA9, 0xFEB1, 0xFEB3, 0xFEB9,
    0xFEBB, 0xFEC1, 0xFEC3, 0xFECB, 0xFEDB, 0xFEDF, 0xFEE1, 0xFEE3, 0xFEEB,
};

static const uint8_t ubuntu_c11_regularKernRightClassIds[] = {
      1,   2,   2,   3,   4,   5,   6,   7,   6,   8,   9,   9,  10,  11,  12,  13,
     13,  14,  15,  16,  16,  17,  18,  19,  20,  21,  22,  23,  24,  25,  26,  27,
     28,  29,  30,  31,  32,  33,  34,  29,  35,  36,  29,  37,  38,  38,  39,  38,
     40,  38,  41,  42,  43,  44,  45,  46,  47,  48,  49,  50,  51,  52,  12,  12,
     12,  12,  12,  12,  53,  13,  16,  16,  16,  16,  16,  16,  19,  19,  19,  19,
     23,  54,  28,  28,  28,  28,  28,  28,  28,  30,  32,  32,  32,  32,  55,  35,
     56,  57,  58,  38,  39,  39,  39,  39,  39,  39,  43,  43,  43,  43,  47,  54,
     47,  12,  28,  12,  28,  12,  28,  13,  30,  13,  30,  13,  30,  13,  30,  31,
     31,  32,  32,  32,  32,  32,  13,  34,  13,  34,  13,  34,  13,  34,  29,  29,
     59,  60,  61,  35,  35,  35,  14,  36,  29,  37,  37,  37,  37,  37,  38,  38,
     38,  38,  62,  63,  16,  39,  16,  39,  16,  39,  16,  39,  38,  38,  38,  17,
     41,  17,  41,  17,  41,  17,  41,  18,  42,  18,  42,  18,  42,  19,  43,  19,
     43,  19,  43,  19,  43,  19,  43,  19,  43,  21,  45,  23,  47,  23,  24,  48,
     24,  48,  24,  48,  33,  16,  39,  19,  43,  31,  37,  38,  12,  28,  35,  16,
     39,  19,  43,  19,  43,  19,  43,  19,  43,  19,  43,  64,  12,  28,  12,  28,
     53,  28,  13,  34,  13,  34,  29,  16,  39,  16,  39,  65,  66,  36,  31,  13,
     34,  54,  38,  12,  28,  53,  28,  16,  39,  12,  28,  12,  28,  32,  32,  35,
     35,  16,  39,  16,  39,  38,  38,  19,  43,  19,  43,  17,  41,  18,  42,  67,
     68,  29,  69,  70,  71,  72,  73,  69,  74,  75,  76,  77,  78,  73,  79,  80,
     70,  69,  74,  81,  82,  83,  69,  84,  85,  86,  87,  88,  89,  90,  91,  92,
     93,  89,  89,  89,  94,  95,  89,  96,  89,  97,  98,  99, 100, 101, 102,  89,
    103,  89, 104, 105,  89,  89, 106,  88, 107,  91,  91, 108,  89, 109, 110, 111,
    112, 113,  94,  89, 114,  89,  89, 100, 104,  69, 115,  80,  96,  74, 100,  89,
    116,  97,  89,  89,  89,  77,  92,  78,  93,  89,  89,  89,  89,  89,  89,  89,
    117, 118,  70,  98,  69,  99, 119, 120, 119, 120,  82, 102,  69,  99,  83, 103,
     83, 103, 121, 122, 123, 122, 123,  77,  92,  89,  73,  94,  89,  89,  83, 103,
     95,  75,  86,  75,  86, 124,  91, 125, 126, 125, 126,  77,  92,  78, 127, 128,
    129,  89,  89,  80,  96,  80,  96,  80,  96,  84, 130,  74, 100,  74, 100,  74,
    100,  83, 103,  89,  89, 131, 132, 133, 134, 135, 136, 137, 138, 139, 140, 141,
    142, 143, 144, 145, 146, 147, 148, 149, 150, 151, 152, 153, 154,  23,  47,   7,
      7, 155, 156, 157, 155, 156, 157,   6,  51,  52,  33,  33,  33,  33,  33, 154,
    154, 154, 158, 154, 159, 159, 159, 159, 159, 159, 159, 158, 154, 158, 154, 154,
    154,
};

static const uint16_t ubuntu_c11_regularKernRowOffsets[] = {
        0,    18,    36,    65,    80,   105,   128,   153,   166,   197,   238,   255,   288,   315,   345,   378,
      384,   396,   436,   475,   477,   504,   530,   553,   575,   621,   636,   681,   718,   751,   796,   828,
      861,   875,   885,   898,   910,   932,   943,   944,   958,   969,   983,   997,   998,  1013,  1026,  1044,
     1058,  1069,  1083,  1104,  1129,  1135,  1140,  1166,  1179,  1202,  1215,  1219,  1233,  1264,  1266,  1273,
     1280,  1301,  1305,  1337,  1367,  1427,  1468,  1476,  1508,  1561,  1613,  1666,  1688,  1721,  1737,  1750,
     1788,  1815,  1876,  1920,  1959,  1992,  2026,  2035,  2049,  2055,  2074,  2087,  2104,  2124,  2130,  2148,
     2168,  2190,  2206,  2225,  2246,  2270,  2288,  2302,  2313,  2332,  2351,  2359,  2375,  2381,  2392,  2403,
     2463,  2484,  2489,  2498,  2535,  2546,  2598,  2619,  2631,  2653,  2667,  2671,  2676,  2690,  2718,  2738,
     2762,  2771,  2777,  2782,  2789,  2800,  2806,  2807,  2816,  2827,  2833,  2843,  2848,  2851,  2858,  2860,
     2867,  2874,  2884,  2891,  2901,  2914,  2934,  2937,
};

static const uint8_t ubuntu_c11_regularKernSparseCols[] = {
     11,  12,  13,  15,  19,  20,  23,  52,  69,  71,  72,  74,  75,  79,  80, 116,
    124, 127,   3,  12,  15,  16,  17,  18,  19,  22,  68,  69,  70,  75,  79,  80,
    116, 118, 121, 124,  11,  12,  13,  15,  16,  17,  19,  20,  21,  22,  23,  52,
     68,  69,  70,  73,  74,  76,  77,  79,  80,  81,  82,  83,  84, 116, 118, 124,
    127,  11,  12,  13,  21,  52,  69,  71,  72,  74,  75,  76,  77,  81, 124, 127,
     11,  12,  13,  15,  16,  17,  18,  19,  20,  21,  22,  23,  52,  68,  69,  74,
     75,  79,  80,  81,  82, 116, 118, 121, 124,  13,  17,  19,  21,  22,  23,  52,
     68,  69,  70,  71,  72,  73,  75,  76,  77,  79,  81,  83, 116, 118, 124, 127,
     11,  12,  13,  15,  17,  19,  20,  21,  22,  23,  52,  68,  69,  71,  72,  73,
     74,  75,  76,  79,  80,  81,  83, 116, 118,  12,  15,  17,  18,  19,  20,  22,
     68,  69,  79,  80, 118, 124,  11,  12,  13,  15,  16,  17,  18,  19,  20,  21,
     22,  23,  52,  68,  69,  70,  71,  72,  73,  74,  75,  76,  77,  79,  80,  81,
     82,  83,  84, 118, 127,   1,   2,   4,   5,   7,  10,  11,  12,  13,  15,  16,
     17,  18,  19,  20,  21,  22,  23,  26,  29,  30,  31,  33,  38,  39,  40,  42,
     43,  44,  45,  46,  47,  48,  49,  50,  52,  57,  66, 154, 155, 156,   1,   2,
      3,   4,   5,   7,   8,   9,  19,  20,  21,  22,  26,  47,  49,  52,  66,   2,
      5,   6,   9,  10,  11,  12,  13,  15,  16,  17,  19,  21,  22,  23,  24,  29,
     30,  31,  33,  38,  39,  42,  43,  44,  45,  46,  48,  50,  52,  57, 155, 156,
      0,   1,   2,   3,   5,   7,   9,  10,  11,  13,  16,  17,  19,  20,  21,  22,
     23,  24,  26,  27,  49,  52,  64,  66, 154, 155, 156,   1,   2,   4,   5,  10,
     11,  12,  13,  15,  18,  24,  26,  29,  30,  31,  33,  38,  39,  41,  42,  43,
     44,  45,  46,  48,  49,  50,  52,  57, 154,   0,   2,   5,   7,   8,   9,  10,
     11,  12,  13,  15,  17,  19,  22,  24,  26,  27,  29,  30,  31,  33,  37,  38,
     39,  42,  45,  47,  51,  52,  57,  62,  63, 156,   3,   4,  26,  43,  46,  49,
      3,   5,   7,  11,  13,  23,  26,  47,  49,  52,  64, 156,   2,   4,   5,   6,
      7,   9,  10,  11,  12,  13,  15,  17,  19,  20,  21,  22,  23,  26,  29,  30,
     31,  33,  38,  39,  40,  42,  43,  44,  45,  46,  47,  48,  50,  52,  56,  57,
     58,  59,  63, 156,   1,   2,   4,   5,   6,   7,  11,  12,  13,  15,  16,  17,
     18,  19,  20,  21,  22,  23,  26,  29,  30,  31,  33,  38,  39,  43,  44,  45,
     46,  47,  48,  49,  50,  51,  52,  66, 154, 155, 156,  19,  22,   0,   1,   2,
      3,   5,   7,   9,  10,  11,  13,  16,  17,  19,  20,  21,  22,  23,  24,  26,
     27,  49,  52,  64,  66, 154, 155, 156,   0,   2,   3,   5,   7,  11,  13,  21,
     24,  26,  27,  29,  30,  31,  33,  38,  39,  43,  44,  46,  49,  50,  52,  57,
    155, 156,   0,   1,   2,   5,   9,  10,  11,  13,  16,  17,  19,  20,  21,  22,
     23,  24,  27,  35,  52,  64, 154, 155, 156,   2,   5,   7,   9,  10,  11,  12,
     13,  15,  19,  21,  22,  23,  26,  45,  47,  48,  49,  50,  52,  57, 156,   2,
      3,   5,   6,   7,   8,   9,  10,  11,  12,  13,  15,  17,  19,  20,  21,  22,
     26,  27,  29,  30,  31,  33,  37,  38,  39,  40,  42,  43,  44,  45,  46,  47,
     48,  50,  51,  52,  55,  56,  57,  58,  59,  60,  62,  63, 156,   2,   5,   7,
      8,  11,  13,  23,  26,  27,  47,  48,  49,  52,  64, 156,   1,   2,   3,   5,
      6,   7,   8,   9,  10,  11,  12,  13,  14,  15,  17,  19,  20,  21,  22,  26,
     27,  29,  30,  31,  33,  37,  38,  39,  40,  42,  48,  50,  51,  52,  54,  56,
     57,  58,  59,  60,  62,  63, 154, 155, 156,   1,   2,   5,   7,   8,   9,  10,
     11,  12,  13,  15,  17,  19,  20,  21,  22,  26,  27,  29,  30,  31,  33,  37,
     38,  39,  40,  42,  48,  50,  52,  56,  57,  58,  62, 154, 155, 156,   2,   4,
      5,   6,   7,  10,  11,  12,  13,  15,  17,  19,  21,  22,  23,  26,  29,  30,
     31,  33,  38,  39,  42,  43,  44,  45,  46,  48,  50,  52,  57,  63, 156,   2,
      3,   5,   6,   7,   8,   9,  10,  11,  12,  13,  14,  15,  17,  19,  20,  21,
     22,  23,  26,  27,  29,  30,  31,  33,  37,  38,  39,  40,  42,  45,  47,  48,
     50,  51,  52,  56,  57,  58,  59,  62,  63, 154, 155, 156,   2,   5,   6,  10,
     11,  12,  13,  15,  18,  19,  22,  24,  26,  29,  30,  31,  33,  38,  39,  41,
     42,  43,  44,  45,  46,  48,  49,  50,  52,  56,  57,  58,  11,  12,  13,  15,
     16,  17,  18,  19,  20,  21,  22,  23,  26,  52,  68,  69,  70,  71,  72,  73,
     74,  75,  76,  79,  80,  81,  82,  84, 116, 118, 121, 124, 127,  12,  15,  20,
     21,  23,  69,  70,  79,  80,  81,  82,  84, 116, 124,   1,   3,   4,   9,  26,
     43,  44,  46,  49, 155,   1,   3,   7,   9,  26,  43,  44,  45,  46,  47,  49,
    154, 155,   5,   6,  26,  30,  33,  38,  43,  44,  45,  46,  48,  50,   3,   4,
      5,   6,   7,   9,  26,  43,  44,  45,  46,  49,  50,  51,  54,  56,  57,  58,
     59,  60, 155, 156,   1,   3,   4,   9,  26,  43,  44,  46,  49, 154, 155,  35,
      6,   7,  10,  26,  29,  30,  31,  33,  38,  39,  45,  48,  50,  57,   1,   3,
      4,   9,  26,  43,  44,  46,  49, 154, 155,   1,   3,   4,   7,   9,  26,  43,
     44,  45,  46,  47,  49, 154, 155,   1,   3,   4,   7,   9,  26,  43,  44,  45,
     46,  47,  49, 154, 155,  35,   4,   5,   6,   7,   9,  26,  39,  43,  44,  45,
     46,  50,  57, 155, 156,   5,   6,  26,  29,  30,  31,  33,  38,  39,  45,  48,
     50,  57,   4,   5,   7,   9,  26,  29,  30,  31,  33,  38,  39,  43,  44,  45,
     46,  57, 155, 156,   4,   5,   7,   9,  26,  29,  38,  43,  44,  45,  46,  57,
    155, 156,  26,  29,  30,  31,  33,  38,  39,  45,  48,  50,  57,  26,  29,  30,
     31,  32,  33,  38,  39,  41,  42,  48,  49,  50,  57,  11,  12,  13,  15,  16,
     18,  23,  49,  52,  69,  70,  74,  75,  79,  80,  82,  84, 116, 121, 124, 127,
     11,  13,  16,  17,  18,  19,  20,  21,  22,  23,  52,  68,  70,  71,  72,  73,
     74,  75,  76,  77,  81,  83,  84, 118, 127,  17,  18,  19,  20,  22,  23,  17,
     19,  22,  68, 118,  11,  13,  16,  17,  19,  20,  21,  22,  23,  52,  68,  70,
     71,  72,  73,  74,  75,  76,  77,  81,  82,  83,  84, 118, 121, 127,  11,  12,
     13,  15,  16,  17,  18,  19,  20,  21,  22,  23,  52,   0,   1,   3,   5,   7,
      9,  11,  13,  17,  19,  21,  22,  23,  24,  26,  27,  49,  52,  64,  66, 154,
    155, 156,   1,   3,   4,   9,  26,  43,  44,  46,  49,  65,  67, 154, 155,   7,
      9,  26,  49,   1,   3,   4,   7,   9,  26,  43,  44,  45,  46,  47,  49, 154,
    155,   1,   3,   5,   6,   8,   9,  25,  26,  27,  28,  29,  30,  31,  33,  34,
     35,  36,  37,  38,  39,  40,  41,  42,  49,  54,  55,  56,  58,  59,  60, 155,
     35,  47,   1,   4,   9,  43,  44, 154, 155,  35,  43,  44,  45,  46,  65,  67,
     11,  13,  21,  22,  23,  27,  28,  32,  34,  35,  37,  52,  53,  54,  55,  56,
     58,  59,  60,  61,  64,  19,  22,  61,  66,   1,   2,   4,   5,  10,  24,  26,
     48,  49,  50,  69,  71,  74,  79,  80,  86,  90,  95,  97,  98,  99, 100, 101,
    102, 104, 114, 116, 117, 119, 124, 128, 154,   0,   1,   3,   4,   5,   6,   7,
      8,   9,  24,  26,  49,  73,  76,  81,  82,  84,  91,  92,  98,  99, 101, 104,
    114, 115, 119, 121, 126, 128, 129,   2,   3,   5,   6,   7,   8,   9,  10,  26,
     48,  50,  51,  68,  69,  71,  72,  73,  74,  75,  79,  80,  81,  83,  85,  87,
     88,  89,  90,  91,  92,  93,  94,  95,  96,  97,  98,  99, 100, 101, 102, 103,
    104, 105, 106, 107, 108, 109, 111, 113, 115, 116, 117, 119, 122, 123, 125, 126,
    128, 129, 156,   2,   5,   6,   9,  10,  24,  48,  50,  68,  69,  71,  72,  74,
     75,  79,  80,  81,  86,  89,  90,  91,  93,  95,  97,  98,  99, 100, 101, 102,
    104, 107, 113, 116, 117, 118, 119, 122, 124, 128, 155, 156,   1,   4,  98,  99,
    104, 114, 119, 128,   0,   1,   2,   3,   4,   9,  10,  24,  26,  49,  68,  69,
     79,  80,  82,  86,  98,  99, 104, 107, 110, 111, 112, 113, 114, 115, 116, 119,
    120, 121, 124, 128,   2,   4,   5,   6,   7,   9,  10,  26,  48,  50,  68,  69,
     71,  72,  74,  75,  76,  77,  79,  80,  81,  83,  84,  86,  89,  90,  91,  93,
     95,  97,  98,  99, 100, 101, 102, 104, 105, 106, 107, 108, 109, 113, 114, 116,
    117, 119, 121, 122, 124, 125, 127, 128, 156,   1,   2,   3,   5,   6,   7,   8,
      9,  10,  26,  48,  50,  51,  68,  69,  71,  72,  73,  74,  75,  76,  78,  79,
     80,  81,  83,  85,  86,  87,  88,  89,  90,  93,  94,  95,  96,  97, 100, 103,
    106, 107, 108, 109, 111, 113, 116, 117, 123, 125, 154, 155, 156,   1,   2,   4,
      5,   7,  10,  26,  48,  49,  50,  68,  69,  70,  71,  72,  74,  75,  76,  77,
     79,  80,  81,  82,  83,  84,  86,  89,  90,  91,  93,  95,  97,  98,  99, 100,
    101, 102, 104, 105, 106, 109, 114, 116, 118, 119, 121, 122, 124, 127, 128, 154,
    155, 156,   1,   2,   3,   4,   5,   7,   8,   9,  24,  26,  49,  73,  76,  80,
     81,  82,  84,  92, 112, 118, 126, 129,   1,   3,   4,   5,   7,  26,  48,  49,
     50,  69,  71,  72,  74,  75,  76,  77,  79,  80,  81,  82,  83,  89,  91,  93,
     99, 101, 102, 106, 112, 116, 124, 127, 128,   1,   2,   3,   7,   8,   9,  24,
     26,  49,  73,  76,  80,  81,  82,  84, 112,   1,   2,   3,   4,   9,  10,  24,
     26,  49,  73, 100, 102, 118,   0,   1,   2,   3,   5,   6,   7,   9,  10,  24,
     26,  49,  68,  71,  72,  73,  74,  75,  76,  77,  81,  83,  85,  89,  91,  92,
     93, 107, 110, 111, 112, 118, 126, 127, 129, 154, 155, 156,   0,   2,   3,   5,
      7,  24,  26,  49,  50,  71,  72,  74,  75,  76,  77,  81,  85,  89,  93,  94,
     99, 115, 119, 121, 123, 155, 156,   2,   3,   5,   6,   7,   8,   9,  10,  26,
     48,  50,  51,  68,  69,  71,  72,  73,  74,  75,  79,  80,  81,  83,  85,  87,
     88,  89,  90,  91,  92,  93,  94,  95,  96,  97,  98,  99, 100, 101, 102, 103,
    104, 105, 106, 107, 108, 109, 111, 113, 115, 116, 117, 118, 119, 122, 123, 125,
    126, 128, 129, 156,   0,   1,   2,   3,   5,   7,   9,  10,  24,  26,  49,  68,
     71,  72,  73,  74,  75,  76,  77,  81,  83,  85,  87,  88,  89,  91,  92,  93,
     94,  96, 103, 107, 110, 111, 112, 113, 120, 123, 126, 127, 129, 154, 155, 156,
      2,   4,   5,   6,   7,  10,  26,  48,  50,  68,  69,  74,  79,  80,  81,  86,
     89,  90,  91,  93,  95,  97,  98,  99, 100, 101, 102, 104, 107, 108, 113, 114,
    117, 118, 119, 122, 125, 128, 156,   1,   3,   4,   5,   7,  26,  48,  49,  50,
     69,  71,  72,  74,  75,  76,  77,  79,  80,  81,  82,  83,  89,  91,  93,  99,
    101, 102, 106, 112, 116, 124, 127, 128,   0,   1,   2,   3,   5,   6,   7,   9,
     10,  24,  26,  49,  68,  71,  72,  73,  74,  75,  76,  77,  81,  83,  89,  92,
     93, 110, 111, 112, 126, 127, 129, 154, 155, 156,   1,   3,   4,   9,  26,  49,
     99, 119, 155,   0,   1,   2,   4,   5,   6,   7,   8,  24,  91,  92, 101, 126,
    129,   1,   3,   4,   9,  26,  49,   3,   5,   6,   7,   9,  26,  48,  49,  50,
     89,  93,  98,  99, 101, 104, 115, 119, 122, 128,   1,   3,   7,  26,  49,  89,
     91,  93,  99, 100, 101, 102, 128,   1,   3,   4,   5,   6,   7,   8,   9,  24,
     26,  49,  92,  99, 119, 126, 129, 155,   1,   2,   6,   7,  10,  26,  48,  50,
     89,  90,  91,  93,  95,  97, 100, 101, 106, 108, 117, 125,   1,   3,   4,   9,
     26,  49,   2,   6,   7,  10,  26,  48,  50,  89,  90,  91,  93,  95,  97, 100,
    101, 106, 108, 117,   1,   3,   4,   5,   6,   7,   8,   9,  26,  49,  91,  92,
     99, 101, 105, 119, 126, 129, 154, 155,   1,   2,   3,   4,   5,   6,   7,   8,
      9,  24,  26,  49,  91,  92,  99, 101, 107, 119, 126, 129, 154, 155,   5,   6,
     26,  48,  49,  50,  89,  91,  93,  95,  98,  99, 100, 101, 104, 119,   3,   5,
      6,   7,   9,  26,  48,  49,  50,  89,  93,  98,  99, 101, 104, 115, 119, 122,
    128,   3,   5,   7,   9,  26,  49,  89,  90,  93,  95,  97,  98,  99, 100, 101,
    104, 115, 119, 128, 155, 156,   0,   1,   3,   4,   5,   6,   7,   8,   9,  24,
     26,  49,  91,  92,  93,  99, 101, 105, 107, 126, 128, 129, 154, 155,   2,   6,
      9,  10,  26,  48,  49,  50,  89,  90,  91,  93,  95,  97, 100, 101, 108, 117,
      1,   3,   7,  26,  49,  89,  91,  93,  99, 100, 101, 102, 112, 128,   1,   3,
      4,   9,  26,  49,  98,  99, 104, 119, 128,   1,   3,   4,   5,   6,   7,   8,
      9,  26,  49,  91,  92,  99, 101, 105, 126, 129, 154, 155,   1,   3,   4,   5,
      6,   7,   8,   9,  26,  49,  91,  92,  99, 101, 105, 126, 129, 154, 155,   1,
      2,   4,   9,  10,  24,  86, 107,   1,   2,   6,   9,  10,  24,  26,  48,  49,
     50,  90,  95,  97, 100, 108, 117,   1,   3,   9,  26,  48,  49,   1,   2,   3,
      4,   9,  10,  24,  26,  49,  86, 107,   1,   3,   4,   9,  26,  49,  98,  99,
    104, 119, 128,   2,   3,   6,   7,   8,   9,  10,  26,  49,  50,  51,  68,  69,
     72,  73,  74,  75,  76,  77,  79,  80,  81,  82,  83,  85,  87,  88,  89,  90,
     91,  92,  93,  94,  95,  96,  97,  98,  99, 100, 101, 102, 103, 104, 105, 106,
    107, 108, 109, 113, 115, 116, 117, 119, 122, 123, 125, 126, 127, 128, 129,   4,
      5,   6,   7,   9,  26,  50,  51,  89,  91,  93,  98,  99, 101, 102, 104, 105,
    115, 119, 122, 128,   1,   2,   4,   9, 102,   1,   4,   9,  93,  98, 102, 104,
    119, 122,   0,   1,   2,   4,   5,   6,   8,   9,  24,  68,  70,  71,  72,  73,
     74,  76,  77,  81,  82,  83,  84,  91,  92,  93,  96, 101, 103, 105, 107, 110,
    111, 112, 113, 120, 126, 127, 129,   1,   4,   5,   8,   9,  24,  91,  98, 101,
    104, 119,   2,   3,   5,   6,   7,   8,   9,  10,  26,  48,  50,  51,  68,  69,
     74,  78,  79,  81,  85,  86,  87,  88,  89,  90,  91,  92,  93,  94,  95,  96,
     97, 100, 101, 102, 103, 105, 106, 107, 108, 109, 113, 115, 117, 118, 122, 123,
    125, 126, 129, 154, 155, 156,   3,   4,   5,   7,   9,  26,  49,  89,  90,  93,
     95,  97,  98,  99, 101, 104, 115, 119, 128, 155, 156,   0,   1,   2,   3,   4,
      9,  24,  26,  49,  68,  82, 121,   1,   2,   3,   5,   7,   9,  24,  26,  49,
     73,  76,  77,  81,  83,  85,  94, 110, 111, 112, 123, 125, 127,   1,   3,   4,
      5,   6,   7,   8,   9,  24,  26,  49,  92, 126, 129,   2,   9,  48,  50,   1,
      2,   9, 100, 117,   1,   3,   4,   5,   6,   7,   8,   9,  24,  26,  49,  92,
    126, 129,   0,   1,   2,   3,   5,   6,   7,   9,  10,  24,  26,  49,  68,  74,
     81,  85,  89,  92,  93, 110, 111, 112, 118, 126, 129, 154, 155, 156,   1,   3,
      4,   5,   6,   7,   8,   9,  26,  49,  91,  92,  99, 101, 105, 119, 126, 129,
    154, 155,   2,   4,   5,   7,   8,  24,  26,  49,  80,  84,  91,  98,  99, 101,
    104, 106, 110, 111, 112, 114, 115, 119, 121, 128,   1,   2,   9,  10,  48,  50,
     95, 100, 117, 138, 140, 141, 147, 149, 151, 133, 139, 144, 147, 150, 131, 137,
    138, 140, 141, 143, 147, 131, 134, 137, 139, 140, 142, 143, 144, 146, 147, 150,
    131, 137, 142, 144, 147, 150, 131, 133, 137, 139, 140, 146, 147, 148, 149, 150,
    131, 134, 136, 137, 140, 142, 143, 144, 147, 150, 152, 137, 140, 143, 144, 146,
    147, 131, 132, 137, 139, 140, 144, 146, 147, 151, 152, 140, 142, 143, 144, 147,
    137, 138, 140, 137, 139, 141, 144, 146, 147, 150, 137, 144, 139, 140, 141, 144,
    146, 147, 151, 130, 131, 133, 138, 142, 144, 147, 131, 137, 139, 140, 143, 144,
    146, 147, 150, 152, 131, 137, 140, 142, 144, 147, 150, 133, 135, 138, 140, 141,
    143, 144, 145, 147, 151,  11,  12,  13,  15,  19,  20,  22,  52,  69,  74,  79,
     80, 118,  11,  12,  13,  15,  16,  17,  18,  19,  20,  21,  22,  23,  52,  68,
     69,  74,  79,  80,  81, 118, 153, 157, 158,
};

static const int8_t ubuntu_c11_regularKernSparseValues[] = {
     -14,   -4,  -22,   -4,    2,    2,   -2,  -24,   -4,  -20,  -13,  -14,  -12,   -4,   -4,   -5,
      -6,   -2,   14,   -5,   -5,   -3,    2,   -2,    3,    3,    2,   -5,   -2,    5,   -5,   -5,
      -8,    3,   -2,   -4,   -4,   -2,   -2,   -2,   -2,   -5,   -6,   -3,   -5,   -8,   -4,   -4,
      -5,   -2,   -3,   -5,   -4,   -4,   -3,   -2,   -2,   -5,   -3,   -3,   -3,   -2,   -8,   -2,
      -3,  -11,   -2,  -21,   -4,  -17,   -2,  -20,  -13,  -11,  -13,   -5,   -3,   -4,   -3,   -3,
       4,   -5,    5,   -6,    2,  -12,   -4,  -14,   -7,    2,  -14,    3,    3,  -12,   -5,    4,
       3,   -6,   -6,    2,  -21,   -8,  -14,  -18,   -5,   -5,   -9,   -2,   -5,   -9,   -3,   -2,
      -9,    3,   -2,   -4,   -6,   -7,   -4,   -7,   -3,    3,   -5,   -3,    2,   -9,    3,   -4,
      -9,   -5,  -12,   -5,    5,    6,    4,    4,    6,    2,  -14,    5,   -5,  -11,  -10,    5,
      -9,  -10,    3,   -5,   -5,    4,    3,   -4,    6,   -2,   -2,  -15,   -2,   -4,   -2,   -7,
     -15,   -2,   -2,   -2,   -7,   -4,   -5,   -2,   -5,   -2,   -3,   -8,   -2,   -6,   -4,   -7,
     -10,   -6,   -7,   -8,   -2,   -2,   -4,   -4,   -7,   -5,   -4,   -8,   -5,   -2,   -2,   -7,
      -2,   -5,   -3,  -10,   -5,  -14,   -3,  -11,    5,    3,   -3,    6,   -3,    5,   -3,    3,
     -11,   -2,  -11,   -3,    4,  -14,    3,   -5,   -2,   -2,   -2,   -3,   -2,   -2,    2,   -3,
      -4,   -3,    5,   -3,    3,   -4,   -2,   -3,    6,   -2,   -9,  -12,  -12,    4,   -2,   -2,
      -4,   -2,   -2,   -4,   -2,   -4,   -3,   -2,   -4,   -4,   -6,   -2,   -4,   -2,   -2,   -4,
       4,   -5,    3,   -3,    4,   -4,    4,   -4,    2,    3,    3,    2,    3,    2,   -2,   -3,
      -3,   -3,   -3,   -3,   -3,   -4,   -3,   -3,    2,   -3,   -5,   -8,    4,   -3,    2,    3,
      -2,   -5,   -2,   -6,   -6,   -8,   -7,   -2,   -3,   -4,   -2,   -5,   -3,   -3,   -4,   -7,
      -3,   -2,   -7,   -2,   -5,   -7,   -5,   -5,   -4,   -2,   -6,   -3,   -4,   -2,    2,   -3,
       3,   -5,    3,   -5,   -4,   -3,   -8,   -3,   -3,   -3,   -4,   -3,   -3,   -2,   -3,   -4,
      -4,    2,   -4,   -3,   -4,   -4,    3,   -3,   -2,   -2,   -4,  -11,  -11,   -3,    2,   -3,
      -8,   -2,  -14,   -2,    2,    3,    4,   -3,   -7,   -9,   -2,   -2,   -2,   -2,   -5,   -2,
      -2,   -4,   -6,   -5,   -4,  -13,   -3,   -4,   -3,  -18,   -2,   -4,   -2,   -3,   -3,   -2,
      -2,   -2,   -6,   -2,   -3,   -3,   -6,   -3,   -3,   -4,   -3,   -2,   -3,   -6,    3,   -8,
       3,    2,   -3,    6,   -6,    5,   -6,    3,    4,    2,    5,    4,    4,   -5,   -4,   -4,
      -4,   -4,   -4,   -4,    2,   -2,   -2,   -8,    5,   -2,    3,   -3,  -11,    6,    4,   -4,
       2,    2,   -2,    3,  -22,   -2,  -24,    4,  -12,    2,    5,   -8,    5,   -8,    2,  -20,
      -3,  -18,   -8,    4,  -20,    2,   -6,   -2,   -2,   -2,   -2,   -2,   -2,   -7,   -7,    4,
      -4,    2,   -4,   -3,   -7,    2,    5,  -15,  -21,  -21,    2,   -1,   -1,   -2,   -4,   -2,
      -5,   -6,   -7,   -6,   -2,   -3,   -4,   -2,   -5,   -3,   -3,   -4,   -7,   -3,   -2,   -7,
      -2,   -5,   -7,   -5,   -5,   -3,   -2,   -5,   -2,   -2,   -4,  -16,  -11,   -9,  -17,   -3,
      -3,   -7,   -3,   -4,   -4,   -6,   -4,   -4,   -2,    2,    2,    2,   -4,   -3,  -15,   -3,
       2,  -20,   -2,   -4,   -2,   -6,   -6,   -2,   -3,   -4,   -2,   -5,   -3,   -3,   -4,   -7,
      -3,   -2,   -2,    3,   -7,   -5,   -3,   -2,   -4,   -2,    2,    2,   -2,   -3,    5,   -2,
       4,   -2,   -2,    3,   -3,    2,   -6,    4,    2,   -3,   -3,   -4,    5,   -3,    2,   -5,
       2,  -13,   -9,  -15,  -15,    4,   -9,  -11,   -5,  -16,   -5,    4,    5,    3,    3,    5,
      -6,   -8,  -10,  -10,  -10,  -10,   -7,  -10,  -10,   -8,   -6,   -4,  -14,   -3,   -4,   -5,
      -4,  -15,  -13,  -13,    4,    5,  -14,    9,    4,    2,  -13,  -12,  -12,   -2,   -2,   -7,
      -2,   -2,   -3,   -3,   -7,   -3,   -3,   -2,   -4,   -6,   -2,   -4,    2,   -6,    3,  -13,
      -2,  -12,   -4,    4,   -7,  -11,   -3,  -17,   -1,   -3,    5,    5,    4,    3,    6,   -5,
      -4,   -8,   -8,   -8,   -8,   -5,   -8,   -8,   -3,   -4,   -4,   -8,   -2,  -14,    2,    6,
      -9,    7,    5,    2,   -5,   -4,    3,    4,  -13,    2,   -3,   -7,   -8,   -2,    3,   -3,
      -3,   -3,  -11,   -3,    3,    4,    2,    2,    4,   -7,   -5,   -4,   -4,   -4,   -5,   -4,
      -4,   -4,   -3,   -3,   -3,   -4,   -9,    3,   -5,    2,   -2,    3,    4,   -7,   -4,   -5,
       2,   -5,    2,   -5,    5,   -4,    4,   -4,    2,    3,    3,    3,    2,   -6,   -3,   -3,
      -3,   -3,   -3,   -3,   -2,   -2,   -7,    3,   -1,   -5,   -8,    5,   -5,   -3,    2,   -7,
       3,  -11,   -9,  -14,   -7,    4,  -10,  -14,   -7,  -20,   -1,   -7,    5,    6,    4,    4,
       6,    2,   -5,   -7,   -9,   -9,   -9,   -9,   -7,   -9,   -9,   -4,   -6,   -3,   -5,   -4,
     -13,   -6,  -14,    7,  -14,    7,    6,   -8,   -7,    2,    3,  -14,   -4,    2,  -11,   -3,
       3,   -6,    3,   -6,   -2,    2,    2,   -3,   -8,   -3,   -3,   -3,   -4,   -3,   -3,   -2,
      -3,   -4,   -4,    2,   -4,   -6,   -3,   -9,    3,    2,   -3,    2,   -5,   -8,   -5,   -8,
      -5,   -6,   -7,   -5,   -7,   -6,   -5,   -7,   14,   -5,   -6,   -8,   -3,   -4,   -4,   -5,
      -5,    5,   -5,   -8,   -8,   -6,   -8,   -7,   -8,   -5,   -5,   -3,   -5,   -2,   -2,   -2,
      -2,   -3,   -2,   -2,   -2,   -2,   -2,   -4,   -2,   -4,   -3,   -5,   -4,   -4,   -5,   -5,
      -3,   -2,   -3,   -4,   -4,   -7,   -5,   -4,   -5,   -5,   -2,   -2,   -3,   -2,   -4,   -4,
      -6,   -6,    2,   -6,   -5,   -2,   -3,   -2,    2,    2,    3,    2,   -4,   -5,    7,    2,
      -9,   -6,   -7,    4,    7,    3,    3,    3,    3,    7,   -3,    2,    5,    7,   -3,    7,
       5,    7,    4,   -9,   -7,   -4,   -4,   -5,   -5,   -3,   -2,   -3,   -4,   -5,   -5,    2,
      -5,    2,   -4,   -4,   -5,   -5,   -5,   -5,   -5,   -5,    3,   -3,   -6,   -5,   -5,   -4,
      -4,   -5,   -5,   -3,   -2,   -3,   -4,   -4,   -5,   -6,   -5,   -4,   -4,   -5,   -5,   -2,
      -2,   -3,   -2,   -4,   -4,   -4,   -5,   -6,   -5,   -4,   -4,   -5,   -5,   -2,   -2,   -3,
      -2,   -3,   -4,   -4,   -5,    5,    2,  -10,   -6,   -8,   -8,   -4,   -2,    4,    3,    3,
       4,   -4,   -3,    2,   -9,    2,   -7,   -5,   -2,   -2,   -2,   -2,   -2,   -2,    3,   -4,
      -5,   -2,    2,   -6,   -6,   -7,   -5,   -3,   -2,   -2,   -2,   -2,   -2,    3,    3,    2,
       3,   -3,    2,   -6,    2,   -6,   -5,   -6,   -5,   -2,   -2,    3,    3,    2,    3,   -2,
       2,   -5,   -5,   -4,   -4,   -4,   -4,   -4,   -4,    3,   -4,   -5,   -4,   -6,   -3,   -4,
      -3,   -2,   -4,   -4,   -3,   -2,   -2,   -5,   -4,   -6,   -3,   -2,   -5,   -2,   -5,   -4,
      -4,   -3,   14,   -2,   -5,   -3,   -2,    5,   -5,   -5,   -2,   -4,   -6,   -2,   -3,   -2,
      -4,   -4,   -3,   -4,   -2,   -4,   -3,   -5,   -4,   -6,   -4,   -4,   -3,   -3,   -3,   -4,
      -4,   -3,   -4,   -5,   -5,   -4,   -3,   -4,   -4,  -15,   -2,   -5,   -4,   -8,   -2,  -14,
      -2,   -6,  -14,   -6,   -4,   -7,   -4,  -15,   -8,   -4,   -9,  -14,   -8,   -8,  -15,   -4,
      -6,   -6,  -10,   -4,   -6,  -10,   -7,   -9,   -3,   -7,   -4,  -14,   -2,   -7,   -8,   -7,
     -11,   -7,   -5,  -20,   -8,   -8,   -7,  -12,  -12,  -12,  -12,   -2,   -6,   -7,  -11,   -7,
      -6,   -5,  -10,   -8,   -4,   -8,   -7,   -8,   -3,   -7,   -3,   -5,   -9,   -7,   -4,   -4,
      -3,  -10,   -7,   -5,   -6,   -4,   -4,   -5,   -4,   -5,   -4,   -6,   -4,   -5,   -5,   -4,
       3,    2,    2,   -7,   -5,   -4,   -4,   -5,   -5,   -2,   -2,   -3,   -2,   -3,   -4,   -6,
      -6,    3,   11,   -2,   -2,   -2,    8,   16,   12,   -2,    3,   -2,   -2,   -2,   -2,    1,
       1,    3,   -2,   -2,   -2,   -2,    2,   -2,   12,   12,   17,   19,   19,   19,   15,    4,
       3,   -2,   -7,   -4,   -4,   -2,   -2,   -6,   -6,   -2,   -4,   -4,   -2,   -4,   -6,   -4,
      -6,  -11,   -5,   -2,   -3,   -4,   -2,   -2,   -2,   -2,   -2,  -10,   -2,   -2,   -2,   -2,
      -2,   -2,   -2,   -2,   -3,   -3,   -4,   -2,   -3,   -3,   -4,   -2,    2,   -3,   -3,   -8,
      -3,   -4,   -4,   -5,    3,    3,   -5,   -5,   -3,   -3,   -3,   -3,   -3,   -4,   -3,    2,
      -3,   -3,   -3,   -4,   -2,   -4,   -3,   -3,   -2,   -2,   -7,   -3,   -5,   -2,    3,   -3,
      -2,   -2,   -3,   -7,   -5,   -2,   -3,   -3,   -4,   -3,   -3,   -2,   -6,   -3,   -2,   -6,
      -6,   -2,   -3,   -3,   -2,   -5,   -2,   -5,    2,  -13,   -9,  -15,  -15,    4,   -9,   -6,
      -4,  -15,  -13,    4,   -5,  -19,  -11,    4,  -11,  -11,   -5,   -5,    3,    3,  -17,  -16,
     -16,  -20,  -20,  -13,  -14,  -20,  -18,  -20,  -16,  -20,  -11,  -11,  -14,  -12,  -13,  -16,
     -11,  -14,  -19,    5,  -20,  -18,    7,    5,  -13,   -4,  -21,  -11,  -16,  -17,  -17,  -23,
     -11,  -20,  -12,   -4,    4,   -5,    3,   -3,   -2,   -5,   -8,    3,   -4,    4,    3,    4,
       3,   -4,   -4,    2,   -3,    3,   -3,    3,    3,   -3,   -3,   -6,   -3,   -3,    2,   -8,
      -6,    4,    4,   -5,   -2,    3,   -3,   -9,   -2,   -6,    2,    3,   -2,   -3,   -8,   -3,
      -6,   -4,   -3,   -4,   -3,  -13,   -3,   -4,   -6,   -5,   -2,   -3,   -9,   -6,   -9,   -2,
      -2,   -2,   -5,   -2,   -7,   -4,   -6,   -3,   -3,   -3,   -3,   -3,   -7,   -2,   -2,   -4,
      -2,   -4,   -2,   -7,   -3,   -6,    3,   -8,    3,    2,   -3,   -5,   -3,  -11,    3,   -6,
       4,    4,    6,    5,    4,    3,   -6,   -6,    5,    4,    3,   -4,    5,   -3,    5,    4,
      -3,   -3,   -7,   -8,   -5,    5,  -11,   -4,    3,    3,    4,   -3,    3,    4,   -4,   -8,
      -4,   -8,   -7,  -10,   -3,   -2,    3,   -9,    3,    2,   -6,    3,  -13,   -2,  -12,   -4,
       4,   -7,   -5,   -4,   -8,   -2,    5,   -3,  -14,  -11,    4,  -11,  -11,    3,   -1,   -3,
      -3,    3,    3,   -5,   -3,   -3,   -3,  -11,   -7,  -11,   -5,   -7,   -3,   -7,   -7,   -3,
      -5,    6,   -7,   -3,    7,    6,   -4,   -7,   -5,   -4,    3,    4,  -13,  -14,   -3,  -11,
       5,    3,   -3,   -5,   -4,   -2,   -3,  -11,   -3,    2,    5,    4,    6,    5,    4,    3,
      -3,   -3,    4,   -9,    4,    3,   -2,    5,   -2,    5,    4,   -2,   -2,   -7,   -3,   -2,
       5,   -5,   -4,    3,    3,    2,   -4,   -4,  -14,   -4,   -6,   -3,   -3,    3,   -6,  -12,
     -12,    4,   -2,   -2,   -4,   -2,   -2,   -4,   -2,   -4,   -2,   -6,   -4,   -2,   -3,   -2,
      -4,   -3,   -3,   -2,   -2,   -4,   -2,   -2,   -2,    5,   -3,    3,    7,    4,   -3,    4,
      -2,   -3,    4,    4,    4,    4,    3,    3,   -3,   -5,    3,   -5,    3,    4,    4,    4,
       5,    4,   -3,    2,   11,   -4,   -2,    3,    5,   -2,   -2,   -5,   -2,   -2,   -2,   -2,
      -7,   -5,   -2,   -3,   -2,   -2,   -3,   -2,   -2,   -3,   -2,   -4,   -2,   -2,   -2,   -2,
      -6,   -4,   -1,   -2,   -2,   -1,   -2,   -4,   -2,   -5,   -6,    2,   -7,   -6,   -2,   -2,
      -7,   -5,   -5,   -4,   -4,   -6,   -3,   -4,   -8,   -5,   -4,   -5,   -2,   -4,   -2,   -2,
      -5,   -2,   -2,   -2,   -3,   -7,   -2,   -5,   -2,   -3,   -2,   -5,   -2,   -2,   -4,  -16,
     -11,   -3,   -7,   -4,   -3,  -16,  -13,   -9,  -12,   -5,   -2,   -3,   -3,   -8,   -8,   -2,
       2,    2,    2,    2,   -2,    2,  -20,   -5,    2,  -13,   -9,  -15,  -15,    4,   -9,   -6,
      -4,  -15,  -13,    4,   -5,  -11,  -11,    4,  -11,  -11,   -5,   -5,    3,    3,   -8,  -13,
     -13,  -12,  -10,  -12,  -14,  -12,  -13,  -10,   -7,  -10,  -11,   -4,  -10,   -3,  -13,  -13,
     -11,  -14,  -13,    5,  -14,  -14,    7,    5,  -12,   -4,  -14,    5,   -4,  -12,  -14,  -14,
     -24,  -11,  -20,  -12,   -2,   -4,   -2,   -5,   -6,   -7,   -6,   -2,   -2,   -7,   -5,   -5,
     -10,  -10,   -7,   -3,  -10,  -11,   -8,   -4,   -7,   -3,   -2,   -2,   -7,   -2,   -2,   -8,
      -3,   -2,   -2,   -2,   -2,   -2,   -2,   -2,   -2,   -3,   -2,  -10,   -2,   -3,   -2,   -5,
      -4,   -5,    2,   -5,    2,   -5,   -6,   -5,   -8,    2,   -4,    5,   -4,   -4,    3,   -5,
       4,   -3,    4,    3,   -3,   -3,   -5,   -1,   -3,    3,   -8,   -5,    3,   -4,    3,   -5,
      -4,    3,   -2,   -8,   -3,   -6,    2,   -2,    5,   -3,    3,    7,    4,   -3,    4,   -2,
      -3,    4,    4,    4,    4,    3,    3,   -3,   -5,    3,   -5,    3,    4,    4,    4,    5,
       4,   -3,    2,   12,   -4,   -2,    3,    5,   -2,   -4,   -2,   -5,   -6,    3,   -7,   -6,
      -2,   -2,   -7,   -5,   -5,   -4,   -4,   -6,   -3,   -3,   -8,   -5,   -4,   -5,   -4,   -2,
      -5,   -2,   -2,   -2,   -2,   -5,   -2,   -3,   -2,   -5,   -5,   -4,   -4,   -5,   -5,   -4,
      -3,   -3,   -4,   -2,   -4,   -2,   -3,   -3,    3,   -4,   -3,   -3,   -4,   -3,   -2,   -3,
      -3,   -6,   -4,   -2,   -4,   -5,   -3,   -2,  -14,  -10,   -8,   -9,   -5,   -3,   -2,   -4,
      -8,   -7,    4,    4,    3,    4,    4,    4,    4,    4,   -5,    4,    6,    4,    4,    4,
       4,    4,    4,   -2,    4,   -2,    5,   -5,   -5,   -3,   -2,    3,   -2,   -2,   -5,   -2,
      -5,   -4,   -2,   -2,   -2,   -2,   -2,   -4,   -2,   -3,   -5,    2,   -4,   -4,   -3,   -6,
       4,   -5,    4,    4,   -5,   -5,   -5,    3,    3,   -4,   -4,   -2,   -7,   -4,   -3,   -4,
      -6,   -4,   -3,   -5,    2,   -4,   -4,   -3,   -6,    4,   -5,    4,    4,   -5,   -5,   -5,
       3,    3,   -4,   -4,   -6,   -5,   -4,   -4,    3,   -4,   -3,   -5,   -5,   -4,   -4,   -3,
      -2,   -3,   -2,   -2,   -3,   -3,   -4,   -5,   -6,   -2,   -5,   -4,   -3,    3,   -4,   -3,
      -5,   -3,   -5,   -4,   -4,   -3,   -2,   -3,   -2,   -2,   -3,   -3,   -4,   -5,    2,   -6,
      -5,   -4,   -2,   -5,    4,    4,    3,   -2,    3,    2,   -2,    3,    3,    2,   -2,   -9,
      -5,   -8,   -9,   -4,   -3,   -2,   -3,   -6,   -7,    4,    4,    3,    4,    4,    4,    4,
       4,   -2,   -4,   -5,   -6,   -5,   -2,   -4,   -2,   -5,   -2,   -2,    4,    3,   -2,    2,
       4,    3,    3,    3,    2,   -5,   -4,   -6,   -5,   -4,   -4,    3,   -4,   -4,   -5,   -3,
      -5,   -4,   -5,   -4,   -2,   -2,   -3,   -3,   -2,   -4,   -2,   -4,   -4,   -5,   -2,   -3,
      -2,   -2,   -5,   -4,   -2,   -5,    4,   -4,    4,    3,   -4,   -4,   -4,    3,   -3,   -3,
      -5,    4,    6,    4,    4,    4,    4,    4,    4,   -2,    4,   -2,   15,    5,  -14,   -4,
      -9,   -3,   -6,   -3,   -8,   -3,   -6,   -3,   -4,   -6,   -5,   -4,   -3,    3,   -4,   -3,
      -5,   -5,   -4,   -4,   -3,   -2,   -3,   -2,   -3,   -3,   -4,   -5,   -6,   -5,   -4,   -4,
       3,   -4,   -3,   -5,   -5,   -4,   -4,   -3,   -2,   -3,   -2,   -3,   -3,   -4,   -5,  -10,
      -3,   -4,   -5,   -2,   -2,   -2,   -3,   -2,   -3,   -3,   -2,   -2,   -2,   -6,   -4,   -3,
      -5,   -2,   -2,   -2,   -3,   -2,   -2,   -4,   -5,   -3,   -6,   -2,   -4,  -10,   -3,   -4,
      -4,   -5,   -2,   -2,   -8,   -6,   -2,   -2,  -13,   -4,   -9,   -3,   -6,   -3,   -7,   -3,
      -5,   -3,   -4,   -3,    4,  -12,  -12,   -8,    7,   -7,    4,    4,  -16,   -8,    7,   -3,
      -9,    6,  -12,   -9,    4,    3,   -3,   -5,    4,    3,    6,  -10,   -8,   -9,  -18,  -15,
      -6,   -7,  -17,  -11,  -15,   -9,  -16,   -3,   -3,  -14,   -4,   -6,   -9,   -3,   -6,  -13,
       8,  -15,  -11,    8,   -6,   -4,  -16,   -3,   -9,  -10,  -10,   -7,    3,   -4,   -7,    4,
     -14,   -4,   -8,   -6,   -3,   -3,    3,   -5,    4,   -5,    6,    6,    5,    3,    6,    3,
       5,    6,    4,    5,   -7,   -2,   -3,   -2,   -3,  -17,  -12,   -2,    3,   -9,   -3,   -6,
      -5,   -3,   -3,  -10,   -2,   -3,   -6,    3,   -3,   -6,   -4,  -11,   -3,   -3,   -3,   -6,
      -3,   -7,   -4,   -7,   -2,   -4,   -3,   -5,   -4,   -4,   -2,   -3,   -2,   -3,   -2,   -2,
      -2,    5,   -2,   -2,   -4,   -4,   -4,  -12,   -5,   -2,   -2,   -5,   -2,   -3,   -6,   -2,
      -6,   -2,   -7,    3,  -11,   -9,  -14,   -7,    4,  -10,   -5,   -4,  -13,   -6,    5,   -7,
     -14,   -1,   -7,    4,   -7,   -5,   -6,   -7,  -13,   -9,   -3,   -4,  -13,   -8,   -9,   -7,
      -9,  -12,   -3,   -4,   -7,   -4,  -10,    6,  -11,   -7,    6,   -2,  -11,    6,   -5,   -7,
      -7,   -4,   -4,    2,    3,  -14,   -2,    2,   -6,   -6,   -7,   -5,   -2,   -5,   -2,   -6,
      -2,   -3,    4,    3,    2,    4,    3,    3,    4,    2,   -6,   -2,  -15,   -3,   -3,   -5,
      -5,   -3,   -8,   -6,  -14,   -4,   -2,   -3,   -2,   -6,   -3,   -4,   -3,   -3,   -8,   -5,
      -4,   -2,   -2,   -2,   -2,   -3,   -2,   -2,   -2,   -2,   -3,   -3,   -2,   -8,   -5,   -3,
      -2,    3,   -2,   -2,   -6,   -2,   -7,   -5,   -2,   -2,   -2,   -2,   -2,   -3,   -3,   -4,
      -2,   -4,   -2,   -2,   -8,   -5,   -3,   -3,    3,   -2,   -2,   -5,   -2,   -7,   -5,   -2,
      -2,   -2,   -2,   -4,   -2,   -5,   -6,    2,   -7,   -6,   -2,   -2,   -7,   -5,   -5,   -3,
      -4,   -2,   -4,   -2,   -4,   -2,   -2,   -2,   -7,   -2,   -2,   -3,   -2,   -5,   -6,   -5,
      -4,   -3,    3,   -4,   -3,   -5,   -5,   -4,   -4,   -3,   -2,   -3,   -2,   -2,   -3,   -3,
      -4,   -5,   -2,   -3,   -2,   -2,   -2,   -3,   -7,   -2,   -2,   -3,   -2,   -6,   -4,   -2,
      -6,   -2,   -2,   -2,   -2,   -5,   -2,   -4,   -4,   -5,   -4,   -3,   -3,   -2,   -4,   -4,
      -2,   -2,   -2,   -4,   -1,   -1,   -4,   -2,   -4,   -2,   -3,   -6,   -6,   -4,    1,   -3,
      -6,   -2,   -3,   -4,   -4,   -7,   -4,   -3,   -9,   -6,   -4,   -2,   -6,   -9,   -6,   -6,
      -1,   -3,   -2,   -1,   -4,   -2,   -3,   -2,   -4,   -3,   -1,   -2,   -4,   -3,   -3,   -2,
     -11,   -4,   -1,   -1,   -1,   -5,   -1,   -1,   -4,   -4,   -4,   -3,   -2,   -3,   -3,   -5,
      -5,   -7,   -1,   -3,   -5,   -5,   -3,   -7,   -3,    3,   -1,   -4,   -2,   -4,   -4,   -5,
      -3,   -2,   -4,   -1,   -5,   -1,   -1,   -5,   -2,   -2,   -1,   -4,   -1,   -4,   -1,   -1,
      -5,   -1,   -1,   -2,   -4,   -3,   -4,   -4,   -6,   -5,   -7,   -4,   -3,   -3,   -1,   -2,
      -5,   -2,   -4,   -4,   -4,   -1,   -4,   -1,   -2,   -1,   -1,   -8,   -9,   -2,   -3,   -1,
      -6,   -7,   -7,   -4,   -4,  -13,   -4,  -20,   -4,    3,    3,    2,  -23,   -4,  -13,   -4,
      -4,    2,    5,   -4,    5,   -5,    3,  -12,   -3,  -13,   -6,    2,  -14,    4,    4,  -12,
      -4,    5,   -5,   -5,    2,  -14,   -7,   -4,   -5,
};

static const EpdLigaturePair ubuntu_c11_regularLigaturePairs[] = {
    { 0x00660066, 0xFB00 }, // f f -> U+FB00
    { 0x00660069, 0xFB01 }, // f i -> U+FB01
    { 0x0066006C, 0xFB02 }, // f l -> U+FB02
    { 0xFB000069, 0xFB03 }, // U+FB00 i -> U+FB03
    { 0xFB00006C, 0xFB04 }, // U+FB00 l -> U+FB04
};

static const EpdFontData ubuntu_c11_regular = {
    ubuntu_c11_regularBitmaps,
    ubuntu_c11_regularGlyphs,
    ubuntu_c11_regularIntervals,
    70,
    13,
    11,
    -3,
    false,
    nullptr,
    0,
    nullptr,
    nullptr,  // kernLeftClasses: built-in fonts use the split arrays below
    nullptr,  // kernRightClasses
    ubuntu_c11_regularKernLeftCodepoints,
    ubuntu_c11_regularKernLeftClassIds,
    ubuntu_c11_regularKernRightCodepoints,
    ubuntu_c11_regularKernRightClassIds,
    nullptr,  // kernMatrix: built-in fonts use the sparse form below
    ubuntu_c11_regularKernRowOffsets,
    ubuntu_c11_regularKernSparseCols,
    ubuntu_c11_regularKernSparseValues,
    440,
    513,
    151,
    159,
    ubuntu_c11_regularLigaturePairs,
    5,
};
