/**
 * generated by fontconvert.py
 * name: ubuntu_c12_regular
 * size: 0
 * mode: 1-bit
 * Command used: fontconvert.py ubuntu_c12_regular 0 ../builtinFonts/source/Ubuntu/Ubuntu-Regular.ttf ../builtinFonts/source/NotoSansHebrew/NotoSansHebrew-Regular.ttf ../builtinFonts/source/NotoSansArabic/NotoSansArabic-Regular.ttf ../builtinFonts/source/Ubuntu/Ubuntu-Vietnamese-Regular.ttf --additional-intervals 0x05D0,0x05EA --additional-intervals 0x060C,0x060C --additional-intervals 0x061B,0x061B --additional-intervals 0x061F,0x061F --additional-intervals 0x0621,0x0621 --additional-intervals 0x0640,0x0640 --additional-intervals 0x0654,0x0654 --additional-intervals 0x0660,0x0669 --additional-intervals 0x06BA,0x06BA --additional-intervals 0x06D4,0x06D4 --additional-intervals 0x06D5,0x06D5 --additional-intervals 0x06F0,0x06F9 --additional-intervals 0xFB56,0xFB59 --additional-intervals 0xFB66,0xFB69 --additional-intervals 0xFB7A,0xFB7D --additional-intervals 0xFB88,0xFB95 --additional-intervals 0xFB9E,0xFB9F --additional-intervals 0xFBA6,0xFBB1 --additional-intervals 0xFBFC,0xFBFF --additional-intervals 0xFE80,0xFEFC --ppem 12 --mono
 */
#pragma once
#include "EpdFontData.h"

static const uint8_t ubuntu_c12_regularBitmaps[6862] = {
    0x00, 0x00, 0x00, 0x00, 0x00, 0x00, 0xFB, 0xB6, 0x80, 0x28, 0xAF, 0xCA, 0x53, 0xF5, 0x14, 0x21,
    0x1F, 0x08, 0x30, 0x41, 0x0F, 0x88, 0x40, 0x62, 0x94, 0x98, 0x68, 0x16, 0x19, 0x29, 0x46, 0x30,
    0x91, 0x21, 0x85, 0x51, 0xA3, 0x3B, 0xE0, 0x29, 0x49, 0x24, 0x48, 0x80, 0x89, 0x12, 0x49, 0x4A,
    0x00, 0x25, 0x5C, 0xA5, 0x00, 0x21, 0x3E, 0x42, 0x00, 0x56, 0xE0, 0xC0, 0x08, 0x84, 0x22, 0x10,
    0x88, 0x42, 0x20, 0x74, 0x63, 0x18, 0xC6, 0x2E, 0x2E, 0x92, 0x49, 0x74, 0x42, 0x22, 0x22, 0x1F,
    0xF0, 0x42, 0xE1, 0x84, 0x3E, 0x11, 0x94, 0xA9, 0x7C, 0x42, 0x7A, 0x10, 0xE0, 0x84, 0x3E, 0x32,
    0x21, 0xE8, 0xC6, 0x2E, 0xF8, 0x44, 0x42, 0x11, 0x08, 0x74, 0x62, 0xE8, 0xC6, 0x2E, 0x74, 0x63,
    0x17, 0x84, 0x4C, 0xC6, 0x50, 0x15, 0x80, 0x0B, 0xA0, 0xE0, 0x80, 0xF8, 0x3E, 0x83, 0x82, 0xE8,
    0x00, 0xE1, 0x12, 0x40, 0x44, 0x3E, 0x20, 0xA7, 0x34, 0x9A, 0x4D, 0x26, 0x6C, 0x80, 0x3C, 0x00,
    0x10, 0x50, 0xA1, 0x44, 0x4F, 0x91, 0x41, 0xFA, 0x18, 0x7E, 0x86, 0x18, 0x7E, 0x3D, 0x08, 0x20,
    0x82, 0x04, 0x0F, 0xF9, 0x0A, 0x0C, 0x18, 0x30, 0x61, 0x7C, 0xFC, 0x21, 0xE8, 0x42, 0x1F, 0xFC,
    0x21, 0xE8, 0x42, 0x10, 0x3D, 0x08, 0x20, 0x86, 0x14, 0x4F, 0x86, 0x18, 0x7F, 0x86, 0x18, 0x61,
    0xFF, 0x08, 0x42, 0x10, 0x86, 0x2E, 0x86, 0x29, 0x28, 0xC2, 0xC8, 0xA1, 0x84, 0x21, 0x08, 0x42,
    0x1F, 0x80, 0xE0, 0xE8, 0xB4, 0x59, 0x4C, 0xA6, 0x23, 0x01, 0x83, 0x86, 0x8C, 0x98, 0xB1, 0x61,
    0xC1, 0x38, 0x8A, 0x0C, 0x18, 0x30, 0x51, 0x1C, 0xFA, 0x18, 0x61, 0xFA, 0x08, 0x20, 0x38, 0x8A,
    0x0C, 0x18, 0x30, 0x51, 0x1C, 0x10, 0x18, 0xF9, 0x0A, 0x14, 0x2F, 0x91, 0x21, 0x41, 0x78, 0x86,
    0x11, 0x1E, 0xFE, 0x20, 0x40, 0x81, 0x02, 0x04, 0x08, 0x86, 0x18, 0x61, 0x86, 0x18, 0x5E, 0x83,
    0x05, 0x12, 0x22, 0x85, 0x0A, 0x08, 0x80, 0x30, 0x86, 0x10, 0xA5, 0x24, 0xA4, 0xA2, 0x94, 0x51,
    0x04, 0x82, 0x88, 0xA0, 0x81, 0x05, 0x11, 0x41, 0x82, 0x89, 0x11, 0x41, 0x02, 0x04, 0x08, 0xF8,
    0x44, 0x44, 0x22, 0x1F, 0xF2, 0x49, 0x24, 0x93, 0x80, 0x82, 0x10, 0x82, 0x10, 0x82, 0x10, 0x82,
    0xE4, 0x92, 0x49, 0x27, 0x80, 0x22, 0x94, 0xA8, 0x80, 0xFC, 0x90, 0xE1, 0x79, 0x97, 0x84, 0x21,
    0xE8, 0xC6, 0x31, 0xF0, 0x7C, 0x21, 0x08, 0x3C, 0x08, 0x42, 0xF8, 0xC6, 0x31, 0x78, 0x74, 0x7F,
    0x08, 0x3C, 0x78, 0x8F, 0x88, 0x88, 0x80, 0x7C, 0x63, 0x18, 0xBC, 0x3E, 0x84, 0x21, 0xE8, 0xC6,
    0x31, 0x88, 0xDF, 0x80, 0x24, 0x12, 0x49, 0x27, 0x00, 0x84, 0x21, 0x2A, 0x62, 0x92, 0x88, 0xAA,
    0xAA, 0x40, 0xF7, 0x44, 0x62, 0x31, 0x18, 0x8C, 0x44, 0xF4, 0x63, 0x18, 0xC4, 0x74, 0x63, 0x18,
    0xB8, 0xF4, 0x63, 0x18, 0xFA, 0x10, 0x7C, 0x63, 0x18, 0xBC, 0x21, 0xF8, 0x88, 0x88, 0x78, 0xC3,
    0x1E, 0x88, 0xF8, 0x88, 0x87, 0x8C, 0x63, 0x18, 0xBC, 0x8C, 0x54, 0xA5, 0x10, 0x88, 0xC4, 0x55,
    0x4A, 0xA5, 0x51, 0x10, 0x85, 0x23, 0x0C, 0x4A, 0x10, 0x8C, 0x54, 0xA5, 0x10, 0x98, 0xF1, 0x24,
    0x8F, 0x29, 0x25, 0x12, 0x48, 0x80, 0xFF, 0xE0, 0x89, 0x24, 0x52, 0x4A, 0x00, 0x66, 0x60, 0x00,
    0xDF, 0x21, 0x1F, 0x08, 0x42, 0x0F, 0x21, 0x00, 0x3A, 0x10, 0x8F, 0x21, 0x1F, 0x82, 0xF9, 0x12,
    0x24, 0x4F, 0xA0, 0x80, 0x82, 0x88, 0xA1, 0x47, 0xC2, 0x1F, 0x08, 0xF9, 0xE0, 0x78, 0x86, 0x99,
    0x61, 0x1E, 0xA0, 0x3C, 0x42, 0x99, 0xA1, 0xA1, 0x99, 0x42, 0x3C, 0xC5, 0xD6, 0x29, 0x4B, 0x14,
    0x28, 0xF8, 0x42, 0x10, 0xE0, 0x3C, 0x42, 0xB9, 0xA5, 0xB9, 0xA5, 0x42, 0x3C, 0xE0, 0x56, 0xA0,
    0x21, 0x3E, 0x42, 0x03, 0xE0, 0xC5, 0x4E, 0xC5, 0x1C, 0x60, 0x8C, 0x63, 0x18, 0xFE, 0x10, 0x7F,
    0x9E, 0x79, 0x64, 0x92, 0x49, 0x24, 0x90, 0xC0, 0x70, 0x75, 0x40, 0x74, 0x62, 0xE0, 0x91, 0x22,
    0xD2, 0x90, 0x42, 0x62, 0x11, 0x09, 0x04, 0x90, 0x98, 0x94, 0x4F, 0x01, 0x00, 0x42, 0xC4, 0x44,
    0x48, 0x56, 0x11, 0x21, 0x42, 0x07, 0xC1, 0x08, 0x44, 0x20, 0x90, 0xC4, 0x82, 0x61, 0x28, 0x4F,
    0x00, 0x80, 0x22, 0x02, 0x48, 0x8F, 0x20, 0x20, 0x00, 0x82, 0x85, 0x0A, 0x22, 0x7C, 0x8A, 0x08,
    0x10, 0x20, 0x00, 0x82, 0x85, 0x0A, 0x22, 0x7C, 0x8A, 0x08, 0x10, 0x50, 0x00, 0x82, 0x85, 0x0A,
    0x22, 0x7C, 0x8A, 0x08, 0x34, 0x50, 0x00, 0x82, 0x85, 0x0A, 0x22, 0x7C, 0x8A, 0x08, 0x28, 0x00,
    0x41, 0x42, 0x85, 0x11, 0x3E, 0x45, 0x04, 0x10, 0x50, 0x41, 0x42, 0x85, 0x11, 0x3E, 0x45, 0x04,
    0x03, 0xE0, 0xC0, 0x28, 0x09, 0xE1, 0x20, 0x7C, 0x10, 0x84, 0x1F, 0x3D, 0x08, 0x20, 0x82, 0x04,
    0x0F, 0x20, 0x42, 0x00, 0x21, 0x01, 0xF8, 0x43, 0xD0, 0x84, 0x3E, 0x21, 0x01, 0xF8, 0x43, 0xD0,
    0x84, 0x3E, 0x22, 0x81, 0xF8, 0x43, 0xD0, 0x84, 0x3E, 0x50, 0x3F, 0x08, 0x7A, 0x10, 0x87, 0xC0,
    0x51, 0x55, 0x54, 0x52, 0xAA, 0xA8, 0x54, 0x24, 0x92, 0x49, 0x00, 0xA1, 0x24, 0x92, 0x48, 0x7C,
    0x42, 0x41, 0xF1, 0x41, 0x41, 0x42, 0x7C, 0x28, 0xA0, 0x04, 0x1C, 0x34, 0x64, 0xC5, 0x8B, 0x0E,
    0x08, 0x10, 0x20, 0x01, 0xC4, 0x50, 0x60, 0xC1, 0x82, 0x88, 0xE0, 0x10, 0x20, 0x01, 0xC4, 0x50,
    0x60, 0xC1, 0x82, 0x88, 0xE0, 0x10, 0x50, 0x01, 0xC4, 0x50, 0x60, 0xC1, 0x82, 0x88, 0xE0, 0x28,
    0xB0, 0x01, 0xC4, 0x50, 0x60, 0xC1, 0x82, 0x88, 0xE0, 0x28, 0x00, 0xE2, 0x28, 0x30, 0x60, 0xC1,
    0x44, 0x70, 0x02, 0x88, 0xA0, 0x00, 0x3A, 0x8A, 0x2C, 0x99, 0x34, 0x51, 0x5C, 0x20, 0x40, 0x21,
    0x86, 0x18, 0x61, 0x86, 0x17, 0x80, 0x10, 0x80, 0x21, 0x86, 0x18, 0x61, 0x86, 0x17, 0x80, 0x10,
    0xA0, 0x21, 0x86, 0x18, 0x61, 0x86, 0x17, 0x80, 0x28, 0x08, 0x61, 0x86, 0x18, 0x61, 0x85, 0xE0,
    0x08, 0x10, 0x04, 0x14, 0x48, 0x8A, 0x08, 0x10, 0x20, 0x40, 0x87, 0xA3, 0x18, 0xFA, 0x10, 0x72,
    0x28, 0xA4, 0xA2, 0x68, 0x61, 0xB8, 0x42, 0x0E, 0x17, 0x99, 0x70, 0x12, 0x0E, 0x17, 0x99, 0x70,
    0x25, 0x0E, 0x17, 0x99, 0x70, 0x5A, 0x0E, 0x17, 0x99, 0x70, 0x50, 0xE1, 0x79, 0x97, 0x65, 0x60,
    0xE1, 0x79, 0x97, 0x6E, 0x11, 0x7F, 0x90, 0x90, 0x6F, 0x7C, 0x21, 0x08, 0x3C, 0x82, 0x20, 0x21,
    0x00, 0xE8, 0xFE, 0x10, 0x78, 0x11, 0x00, 0xE8, 0xFE, 0x10, 0x78, 0x22, 0x80, 0xE8, 0xFE, 0x10,
    0x78, 0x50, 0x1D, 0x1F, 0xC2, 0x0F, 0x51, 0x55, 0x40, 0x62, 0xAA, 0x80, 0x54, 0x24, 0x92, 0x40,
    0xA1, 0x24, 0x92, 0x2C, 0x40, 0x9E, 0x8A, 0x28, 0xA2, 0x70, 0x55, 0x81, 0xE8, 0xC6, 0x31, 0x88,
    0x21, 0x00, 0xE8, 0xC6, 0x31, 0x70, 0x11, 0x00, 0xE8, 0xC6, 0x31, 0x70, 0x22, 0x80, 0xE8, 0xC6,
    0x31, 0x70, 0x55, 0x80, 0xE8, 0xC6, 0x31, 0x70, 0x50, 0x1D, 0x18, 0xC6, 0x2E, 0x20, 0x3E, 0x02,
    0x00, 0x7C, 0xEB, 0x5C, 0xF8, 0x41, 0x01, 0x18, 0xC6, 0x31, 0x78, 0x11, 0x01, 0x18, 0xC6, 0x31,
    0x78, 0x22, 0x81, 0x18, 0xC6, 0x31, 0x78, 0x50, 0x23, 0x18, 0xC6, 0x2F, 0x11, 0x01, 0x18, 0xA9,
    0x4A, 0x21, 0x30, 0x84, 0x21, 0xE8, 0xC6, 0x31, 0xF4, 0x20, 0x50, 0x23, 0x15, 0x29, 0x44, 0x26,
    0x00, 0x38, 0x00, 0x41, 0x42, 0x85, 0x11, 0x3E, 0x45, 0x04, 0x70, 0xE1, 0x79, 0x97, 0x24, 0x70,
    0x00, 0x82, 0x85, 0x0A, 0x22, 0x7C, 0x8A, 0x08, 0x9E, 0x0E, 0x17, 0x99, 0x70, 0x10, 0x50, 0xA1,
    0x44, 0x4F, 0x91, 0x41, 0x04, 0x04, 0xE1, 0x79, 0x9F, 0x21, 0x08, 0x40, 0x0F, 0x42, 0x08, 0x20,
    0x81, 0x03, 0xC0, 0x11, 0x00, 0xF8, 0x42, 0x10, 0x78, 0x10, 0xA0, 0x0F, 0x42, 0x08, 0x20, 0x81,
    0x03, 0xC0, 0x22, 0x80, 0xF8, 0x42, 0x10, 0x78, 0x10, 0x03, 0xD0, 0x82, 0x08, 0x20, 0x40, 0xF0,
    0x20, 0x1F, 0x08, 0x42, 0x0F, 0x28, 0x40, 0x0F, 0x42, 0x08, 0x20, 0x81, 0x03, 0xC0, 0x51, 0x00,
    0xF8, 0x42, 0x10, 0x78, 0x28, 0x20, 0x07, 0xC8, 0x50, 0x60, 0xC1, 0x83, 0x0B, 0xE0, 0x0A, 0x14,
    0x2B, 0xC8, 0x91, 0x22, 0x44, 0x78, 0x7C, 0x42, 0x41, 0xF1, 0x41, 0x41, 0x42, 0x7C, 0x08, 0xF0,
    0x9E, 0x8A, 0x28, 0xA2, 0x78, 0x70, 0x3F, 0x08, 0x7A, 0x10, 0x87, 0xC0, 0x70, 0x1D, 0x1F, 0xC2,
    0x0F, 0x93, 0x81, 0xF8, 0x43, 0xD0, 0x84, 0x3E, 0x93, 0x80, 0xE8, 0xFE, 0x10, 0x78, 0x20, 0x3F,
    0x08, 0x7A, 0x10, 0x87, 0xC0, 0x20, 0x1D, 0x1F, 0xC2, 0x0F, 0xFC, 0x21, 0xE8, 0x42, 0x1F, 0x10,
    0x40, 0x74, 0x7F, 0x08, 0x3C, 0x41, 0x51, 0x01, 0xF8, 0x43, 0xD0, 0x84, 0x3E, 0x51, 0x00, 0x07,
    0x47, 0xF0, 0x83, 0xC0, 0x10, 0xA0, 0x0F, 0x42, 0x08, 0x21, 0x85, 0x13, 0xC0, 0x22, 0x80, 0xF8,
    0xC6, 0x31, 0x78, 0x7C, 0x48, 0xE0, 0x0F, 0x42, 0x08, 0x21, 0x85, 0x13, 0xC0, 0x93, 0x80, 0xF8,
    0xC6, 0x31, 0x78, 0x7C, 0x10, 0x03, 0xD0, 0x82, 0x08, 0x61, 0x44, 0xF0, 0x20, 0x1F, 0x18, 0xC6,
    0x2F, 0x0F, 0x80, 0x3D, 0x08, 0x20, 0x86, 0x14, 0x4F, 0x00, 0x42, 0x00, 0x11, 0x00, 0xF8, 0xC6,
    0x31, 0x78, 0x7C, 0x10, 0xA0, 0x21, 0x86, 0x1F, 0xE1, 0x86, 0x18, 0x40, 0x45, 0x01, 0x08, 0x43,
    0xD1, 0x8C, 0x63, 0x10, 0x41, 0x7F, 0xD0, 0x4F, 0xE4, 0x12, 0x09, 0x04, 0x82, 0x43, 0xC4, 0x1E,
    0x45, 0x14, 0x51, 0x44, 0x5B, 0x02, 0x22, 0x22, 0x22, 0x20, 0x5B, 0x02, 0x22, 0x22, 0x20, 0xE1,
    0x24, 0x92, 0x48, 0xE1, 0x24, 0x92, 0x97, 0x02, 0x22, 0x22, 0x22, 0x20, 0x97, 0x02, 0x22, 0x22,
    0x20, 0x55, 0x55, 0x90, 0x51, 0x55, 0x64, 0xBF, 0xC0, 0xFC, 0x83, 0x06, 0x0C, 0x18, 0x30, 0x60,
    0xCE, 0x99, 0x09, 0x99, 0x99, 0x91, 0x60, 0x08, 0x50, 0x02, 0x08, 0x20, 0x82, 0x0A, 0x27, 0x00,
    0x25, 0x02, 0x22, 0x22, 0x22, 0xC0, 0x86, 0x29, 0x28, 0xC2, 0xC8, 0xA1, 0x00, 0x86, 0x00, 0x84,
    0x21, 0x2A, 0x62, 0x92, 0x88, 0x08, 0x80, 0x95, 0x31, 0x49, 0x44, 0x42, 0x01, 0x08, 0x42, 0x10,
    0x84, 0x3E, 0x48, 0x49, 0x24, 0x92, 0x20, 0x84, 0x21, 0x08, 0x42, 0x1F, 0x01, 0x10, 0x49, 0x24,
    0x92, 0x21, 0x40, 0xA5, 0x29, 0x08, 0x42, 0x1F, 0xB6, 0xC9, 0x24, 0x40, 0x84, 0x21, 0x09, 0x42,
    0x1F, 0x92, 0x49, 0x64, 0x40, 0x41, 0x05, 0x18, 0xC1, 0x04, 0x1F, 0x44, 0x46, 0xC4, 0x44, 0x30,
    0x08, 0x20, 0x04, 0x1C, 0x34, 0x64, 0xC5, 0x8B, 0x0E, 0x08, 0x11, 0x01, 0xE8, 0xC6, 0x31, 0x88,
    0x83, 0x86, 0x8C, 0x98, 0xB1, 0x61, 0xC1, 0x00, 0x20, 0x80, 0xF4, 0x63, 0x18, 0xC4, 0x04, 0x40,
    0x28, 0x20, 0x04, 0x1C, 0x34, 0x64, 0xC5, 0x8B, 0x0E, 0x08, 0x51, 0x01, 0xE8, 0xC6, 0x31, 0x88,
    0x41, 0x08, 0x00, 0x79, 0x14, 0x51, 0x45, 0x10, 0x83, 0x86, 0x8C, 0x99, 0xB1, 0x61, 0xC1, 0x02,
    0x08, 0xF4, 0x63, 0x18, 0xC4, 0x22, 0x38, 0x00, 0xE2, 0x28, 0x30, 0x60, 0xC1, 0x44, 0x70, 0x70,
    0x1D, 0x18, 0xC6, 0x2E, 0x48, 0x70, 0x01, 0xC4, 0x50, 0x60, 0xC1, 0x82, 0x88, 0xE0, 0x93, 0x80,
    0xE8, 0xC6, 0x31, 0x70, 0x28, 0x50, 0x01, 0xC4, 0x50, 0x60, 0xC1, 0x82, 0x88, 0xE0, 0x52, 0x80,
    0xE8, 0xC6, 0x31, 0x70, 0x3F, 0xE8, 0x42, 0x08, 0x41, 0xE8, 0x21, 0x04, 0x10, 0x81, 0xFF, 0x77,
    0x44, 0x63, 0xF1, 0x08, 0x83, 0xBC, 0x10, 0x40, 0x07, 0xC8, 0x50, 0xA1, 0x7C, 0x89, 0x0A, 0x08,
    0x22, 0x0F, 0x88, 0x88, 0x80, 0xF9, 0x0A, 0x14, 0x2F, 0x91, 0x21, 0x41, 0x00, 0x20, 0xC0, 0x7A,
    0x10, 0x84, 0x20, 0x08, 0x80, 0x50, 0x40, 0x07, 0xC8, 0x50, 0xA1, 0x7C, 0x89, 0x0A, 0x08, 0x24,
    0x0F, 0x88, 0x88, 0x80, 0x24, 0x07, 0x88, 0x61, 0x11, 0xE0, 0x22, 0x07, 0x8C, 0x31, 0xE0, 0x25,
    0x07, 0x88, 0x61, 0x11, 0xE0, 0x4A, 0x07, 0x8C, 0x31, 0xE0, 0x78, 0x86, 0x11, 0x1E, 0x42, 0x40,
    0x73, 0x13, 0xA2, 0x80, 0x52, 0x07, 0x88, 0x61, 0x11, 0xE0, 0xA4, 0x07, 0x8C, 0x31, 0xE0, 0xFE,
    0x20, 0x40, 0x81, 0x02, 0x04, 0x08, 0x10, 0x20, 0x80, 0x88, 0xF8, 0x88, 0x87, 0x42, 0x40, 0x28,
    0x20, 0x07, 0xF1, 0x02, 0x04, 0x08, 0x10, 0x20, 0x40, 0x2A, 0x8F, 0x88, 0x88, 0x70, 0xFE, 0x20,
    0x40, 0x87, 0xC2, 0x04, 0x08, 0x88, 0xF8, 0xF8, 0x87, 0x29, 0x40, 0x21, 0x86, 0x18, 0x61, 0x86,
    0x17, 0x80, 0x55, 0x81, 0x18, 0xC6, 0x31, 0x78, 0x38, 0x08, 0x61, 0x86, 0x18, 0x61, 0x85, 0xE0,
    0x70, 0x23, 0x18, 0xC6, 0x2F, 0x49, 0xC0, 0x21, 0x86, 0x18, 0x61, 0x86, 0x17, 0x80, 0x93, 0x81,
    0x18, 0xC6, 0x31, 0x78, 0x30, 0xA3, 0x00, 0x86, 0x18, 0x61, 0x86, 0x18, 0x5E, 0x32, 0x8C, 0x08,
    0xC6, 0x31, 0x8B, 0xC0, 0x29, 0x40, 0x21, 0x86, 0x18, 0x61, 0x86, 0x17, 0x80, 0x29, 0x41, 0x18,
    0xC6, 0x31, 0x78, 0x86, 0x18, 0x61, 0x86, 0x18, 0xDC, 0x20, 0x40, 0x8C, 0x63, 0x18, 0xBC, 0x41,
    0x04, 0x01, 0x40, 0x00, 0x40, 0x18, 0x43, 0x08, 0x52, 0x92, 0x52, 0x51, 0x4A, 0x28, 0x82, 0x00,
    0x08, 0x0A, 0x00, 0x11, 0x18, 0x8A, 0xA9, 0x54, 0xAA, 0x22, 0x00, 0x10, 0x50, 0x04, 0x14, 0x48,
    0x8A, 0x08, 0x10, 0x20, 0x40, 0x22, 0x81, 0x18, 0xA9, 0x4A, 0x21, 0x30, 0x28, 0x02, 0x0A, 0x24,
    0x45, 0x04, 0x08, 0x10, 0x20, 0x11, 0x01, 0xF0, 0x88, 0x88, 0x44, 0x3E, 0x22, 0x0F, 0x12, 0x48,
    0xF0, 0x20, 0x3E, 0x11, 0x11, 0x08, 0x87, 0xC0, 0x20, 0xF1, 0x24, 0x8F, 0x51, 0x01, 0xF0, 0x88,
    0x88, 0x44, 0x3E, 0x16, 0x0F, 0x12, 0x48, 0xF0, 0x78, 0x88, 0x88, 0x88, 0x80, 0x02, 0x75, 0x14,
    0x18, 0x30, 0x60, 0xA2, 0x38, 0x05, 0xD8, 0xA2, 0x8A, 0x27, 0x00, 0x01, 0x01, 0x86, 0x84, 0x84,
    0x84, 0x84, 0x84, 0x84, 0x78, 0x02, 0x06, 0x34, 0x48, 0x91, 0x22, 0x3C, 0x00, 0x28, 0x00, 0x40,
    0x00, 0x3E, 0x1F, 0x84, 0x0A, 0x08, 0x48, 0x21, 0x20, 0x88, 0x82, 0x42, 0x11, 0x0F, 0x87, 0xC0,
    0x00, 0x57, 0xC1, 0x21, 0x01, 0x04, 0xF8, 0x21, 0x41, 0x12, 0x08, 0x90, 0x88, 0xF8, 0x78, 0x08,
    0xA1, 0x08, 0x20, 0x3C, 0xF8, 0x83, 0x10, 0xA2, 0x24, 0x48, 0x79, 0xE0, 0x80, 0x60, 0x18, 0x06,
    0x01, 0x80, 0x60, 0x18, 0x07, 0xEE, 0x03, 0x06, 0x04, 0x18, 0x30, 0x60, 0xC1, 0xFA, 0x04, 0x38,
    0x99, 0x89, 0x99, 0x99, 0x51, 0x70, 0x82, 0x0E, 0x10, 0x68, 0x83, 0x24, 0x18, 0xA0, 0xC5, 0x06,
    0x18, 0x70, 0x5E, 0x00, 0x60, 0x9C, 0x22, 0x89, 0x92, 0x62, 0x98, 0xA6, 0x19, 0x82, 0x40, 0x10,
    0x18, 0x01, 0x01, 0x00, 0xF1, 0x89, 0x89, 0x89, 0x89, 0x89, 0x01, 0x06, 0x28, 0x20, 0x00, 0x82,
    0x85, 0x0A, 0x22, 0x7C, 0x8A, 0x08, 0x52, 0x0E, 0x17, 0x99, 0x70, 0xA8, 0x24, 0x92, 0x49, 0x00,
    0xA8, 0x24, 0x92, 0x40, 0x28, 0x20, 0x01, 0xC4, 0x50, 0x60, 0xC1, 0x82, 0x88, 0xE0, 0x51, 0x00,
    0xE8, 0xC6, 0x31, 0x70, 0x28, 0x40, 0x21, 0x86, 0x18, 0x61, 0x86, 0x17, 0x80, 0x51, 0x01, 0x18,
    0xC6, 0x31, 0x78, 0x38, 0x02, 0x80, 0x86, 0x18, 0x61, 0x86, 0x18, 0x5E, 0x70, 0x14, 0x08, 0xC6,
    0x31, 0x8B, 0xC0, 0x08, 0x44, 0x40, 0x86, 0x18, 0x61, 0x86, 0x18, 0x5E, 0x11, 0x00, 0xA0, 0x46,
    0x31, 0x8C, 0x5E, 0x40, 0xE0, 0x11, 0x02, 0x18, 0x61, 0x86, 0x18, 0x61, 0x78, 0x0B, 0x81, 0x10,
    0x46, 0x31, 0x8C, 0x5E, 0x20, 0x44, 0x40, 0x86, 0x18, 0x61, 0x86, 0x18, 0x5E, 0x41, 0x00, 0xA0,
    0x46, 0x31, 0x8C, 0x5E, 0xF0, 0x43, 0xF8, 0xB8, 0x38, 0x00, 0xA0, 0x01, 0x05, 0x0A, 0x14, 0x44,
    0xF9, 0x14, 0x10, 0x70, 0x50, 0xE1, 0x79, 0x97, 0x38, 0x00, 0x40, 0x01, 0x05, 0x0A, 0x14, 0x44,
    0xF9, 0x14, 0x10, 0x70, 0x20, 0xE1, 0x79, 0x97, 0x03, 0x80, 0x00, 0x0F, 0x83, 0x00, 0xA0, 0x27,
    0x84, 0x81, 0xF0, 0x42, 0x10, 0x7C, 0x1C, 0x00, 0x6E, 0x11, 0x7F, 0x90, 0x90, 0x6F, 0x3C, 0x82,
    0x04, 0x28, 0xF0, 0x91, 0x1E, 0x7A, 0x29, 0xE2, 0x89, 0xE0, 0xBC, 0x28, 0x40, 0x0F, 0x42, 0x08,
    0x21, 0x85, 0x13, 0xC0, 0x51, 0x00, 0xF8, 0xC6, 0x31, 0x78, 0x7C, 0x50, 0x80, 0x21, 0x8A, 0x4A,
    0x30, 0xB2, 0x28, 0x40, 0xA2, 0x01, 0x08, 0x42, 0x54, 0xC5, 0x25, 0x10, 0x38, 0x8A, 0x0C, 0x18,
    0x30, 0x51, 0x1C, 0x10, 0x10, 0x74, 0x63, 0x18, 0xB8, 0x83, 0x38, 0x00, 0xE2, 0x28, 0x30, 0x60,
    0xC1, 0x44, 0x70, 0x40, 0x40, 0x70, 0x1D, 0x18, 0xC6, 0x2E, 0x20, 0xC0, 0x50, 0x80, 0x3F, 0x08,
    0x43, 0x81, 0x04, 0x1F, 0x80, 0x50, 0x80, 0x3F, 0x08, 0x43, 0x81, 0x04, 0x3F, 0x80, 0x52, 0x02,
    0x22, 0x22, 0x22, 0xC0, 0xF8, 0x7E, 0x10, 0x28, 0x21, 0x20, 0x84, 0x82, 0x22, 0x09, 0x08, 0x44,
    0x3E, 0x1F, 0xF8, 0x04, 0x20, 0x20, 0x9F, 0x04, 0x28, 0x22, 0x41, 0x12, 0x11, 0x1F, 0x0F, 0x08,
    0x01, 0x00, 0x20, 0x3C, 0xF8, 0x83, 0x10, 0xA2, 0x24, 0x48, 0x79, 0xE0, 0x08, 0x60, 0x0F, 0x42,
    0x08, 0x21, 0x85, 0x13, 0xC0, 0x11, 0x00, 0xF8, 0xC6, 0x31, 0x78, 0x7C, 0x84, 0x10, 0x82, 0x10,
    0xFE, 0x18, 0x43, 0x08, 0x61, 0x0C, 0x1E, 0xFA, 0x18, 0x61, 0x86, 0x2B, 0x30, 0x82, 0x00, 0x20,
    0x20, 0x04, 0x1C, 0x34, 0x64, 0xC5, 0x8B, 0x0E, 0x08, 0x21, 0x01, 0xE8, 0xC6, 0x31, 0x88, 0x18,
    0x40, 0x41, 0x41, 0x05, 0x0A, 0x14, 0x44, 0xF9, 0x14, 0x10, 0x34, 0x65, 0x60, 0xE1, 0x79, 0x97,
    0x01, 0x00, 0x20, 0x00, 0x01, 0xF0, 0x60, 0x14, 0x04, 0xF0, 0x90, 0x3E, 0x08, 0x42, 0x0F, 0x80,
    0x0C, 0x08, 0x00, 0x6E, 0x11, 0x7F, 0x90, 0x90, 0x6F, 0x10, 0x20, 0x01, 0xD4, 0x51, 0x64, 0xC9,
    0xA2, 0x8A, 0xE0, 0x11, 0x00, 0xF9, 0xD6, 0xB9, 0xF0, 0x28, 0x50, 0x00, 0x82, 0x85, 0x0A, 0x22,
    0x7C, 0x8A, 0x08, 0x52, 0x80, 0xE0, 0x9D, 0x29, 0x38, 0x38, 0x48, 0x00, 0x82, 0x85, 0x0A, 0x22,
    0x7C, 0x8A, 0x08, 0xE9, 0x0E, 0x17, 0x99, 0x70, 0xA2, 0x81, 0xF8, 0x43, 0xD0, 0x84, 0x3E, 0xA5,
    0x00, 0xE8, 0xFE, 0x10, 0x78, 0x74, 0x81, 0xF8, 0x43, 0xD0, 0x84, 0x3E, 0x74, 0x80, 0xE8, 0xFE,
    0x10, 0x78, 0xA5, 0x02, 0x22, 0x22, 0x22, 0x20, 0xA5, 0x02, 0x22, 0x22, 0x20, 0x79, 0x02, 0x22,
    0x22, 0x22, 0x20, 0x79, 0x02, 0x22, 0x22, 0x20, 0x50, 0x50, 0x01, 0xC4, 0x50, 0x60, 0xC1, 0x82,
    0x88, 0xE0, 0xA2, 0x80, 0xE8, 0xC6, 0x31, 0x70, 0x38, 0xD0, 0x01, 0xC4, 0x50, 0x60, 0xC1, 0x82,
    0x88, 0xE0, 0x74, 0x80, 0xE8, 0xC6, 0x31, 0x70, 0x50, 0x50, 0x07, 0xC8, 0x50, 0xA1, 0x7C, 0x89,
    0x0A, 0x08, 0xA5, 0x0F, 0x88, 0x88, 0x80, 0x38, 0x90, 0x07, 0xC8, 0x50, 0xA1, 0x7C, 0x89, 0x0A,
    0x08, 0x75, 0x0F, 0x88, 0x88, 0x80, 0x51, 0x40, 0x21, 0x86, 0x18, 0x61, 0x86, 0x17, 0x80, 0xA5,
    0x01, 0x18, 0xC6, 0x31, 0x78, 0x71, 0x20, 0x21, 0x86, 0x18, 0x61, 0x86, 0x17, 0x80, 0x74, 0x81,
    0x18, 0xC6, 0x31, 0x78, 0x78, 0x86, 0x11, 0x1E, 0x02, 0x40, 0x78, 0xC3, 0x1E, 0x04, 0x80, 0xFE,
    0x20, 0x40, 0x81, 0x02, 0x04, 0x08, 0x00, 0x20, 0x80, 0x88, 0xF8, 0x88, 0x87, 0x04, 0x80, 0xF0,
    0x42, 0x17, 0x04, 0x21, 0x17, 0x00, 0xE1, 0x16, 0x11, 0x1E, 0x28, 0x40, 0x21, 0x86, 0x1F, 0xE1,
    0x86, 0x18, 0x40, 0xA2, 0x01, 0x08, 0x43, 0xD1, 0x8C, 0x63, 0x10, 0xC4, 0x60, 0x69, 0xDB, 0xF0,
    0x96, 0xC0, 0x90, 0xFC, 0x6E, 0x80, 0x96, 0x69, 0x58, 0x60, 0x9C, 0xEC, 0x00, 0x21, 0x01, 0xF8,
    0x43, 0xD0, 0x84, 0x3E, 0x50, 0x3F, 0x08, 0x7A, 0x10, 0x87, 0xC0, 0xFC, 0x10, 0x10, 0x1E, 0x11,
    0x11, 0x11, 0x16, 0x11, 0x01, 0xF8, 0x42, 0x10, 0x84, 0x20, 0x3D, 0x08, 0x3E, 0x82, 0x04, 0x0F,
    0x78, 0x86, 0x11, 0x1E, 0xFF, 0xA1, 0x24, 0x92, 0x48, 0x08, 0x42, 0x10, 0x86, 0x2E, 0x1F, 0x01,
    0x10, 0x11, 0x01, 0x1E, 0x11, 0x12, 0x11, 0x21, 0x1C, 0x1E, 0x84, 0x21, 0x08, 0x43, 0xFE, 0x84,
    0x61, 0x18, 0x46, 0x1E, 0xFE, 0x10, 0x10, 0x1E, 0x11, 0x11, 0x11, 0x11, 0x20, 0x80, 0x21, 0x8A,
    0x4A, 0x30, 0xB2, 0x28, 0x40, 0x20, 0x20, 0x04, 0x18, 0x71, 0x62, 0xC9, 0xA3, 0x86, 0x08, 0x68,
    0x70, 0x04, 0x14, 0x48, 0x8A, 0x14, 0x10, 0x23, 0x80, 0x86, 0x18, 0x61, 0x86, 0x18, 0x7F, 0x20,
    0x80, 0x10, 0x50, 0xA1, 0x44, 0x4F, 0x91, 0x41, 0xFA, 0x08, 0x3E, 0x86, 0x18, 0x7E, 0xFA, 0x18,
    0x7E, 0x86, 0x18, 0x7E, 0xFC, 0x21, 0x08, 0x42, 0x10, 0x1E, 0x09, 0x04, 0x82, 0x41, 0x21, 0x10,
    0x89, 0xFF, 0x80, 0xC0, 0x40, 0xFC, 0x21, 0xE8, 0x42, 0x1F, 0x44, 0x44, 0x90, 0x54, 0x07, 0x01,
    0x50, 0x49, 0x11, 0x14, 0x21, 0xF8, 0x10, 0x4E, 0x04, 0x10, 0x7E, 0x83, 0x0E, 0x2C, 0x59, 0x34,
    0x70, 0xC1, 0x48, 0x60, 0x04, 0x18, 0x71, 0x62, 0xC9, 0xA3, 0x86, 0x08, 0x86, 0x29, 0x28, 0xC2,
    0xC8, 0xA1, 0x1E, 0x24, 0x48, 0x91, 0x24, 0x48, 0xE1, 0x80, 0xE0, 0xE8, 0xB4, 0x59, 0x4C, 0xA6,
    0x23, 0x01, 0x86, 0x18, 0x7F, 0x86, 0x18, 0x61, 0x38, 0x8A, 0x0C, 0x18, 0x30, 0x51, 0x1C, 0xFE,
    0x18, 0x61, 0x86, 0x18, 0x61, 0xFA, 0x18, 0x61, 0xFA, 0x08, 0x20, 0x3D, 0x08, 0x20, 0x82, 0x04,
    0x0F, 0xFE, 0x20, 0x40, 0x81, 0x02, 0x04, 0x08, 0x82, 0x89, 0x11, 0x42, 0x82, 0x04, 0x70, 0x08,
    0x1F, 0x12, 0x51, 0x18, 0x8C, 0x45, 0x24, 0x7C, 0x08, 0x00, 0x82, 0x88, 0xA0, 0x81, 0x05, 0x11,
    0x41, 0x85, 0x0A, 0x14, 0x28, 0x50, 0xA1, 0x7F, 0x02, 0x04, 0x86, 0x18, 0x61, 0x7C, 0x10, 0x41,
    0x88, 0xC4, 0x62, 0x31, 0x18, 0x8C, 0x46, 0x23, 0xFF, 0x88, 0xA2, 0x28, 0x8A, 0x22, 0x88, 0xA2,
    0x28, 0x8B, 0xFF, 0x00, 0x40, 0x10, 0xE0, 0x20, 0x20, 0x3E, 0x23, 0x21, 0x21, 0x3E, 0x81, 0x81,
    0x81, 0xF1, 0x89, 0x89, 0x89, 0xF1, 0x84, 0x21, 0xE8, 0xC6, 0x3E, 0xF0, 0x20, 0x5F, 0x04, 0x10,
    0xBC, 0x87, 0x22, 0x29, 0x07, 0xC1, 0x90, 0x64, 0x18, 0x8A, 0x1C, 0x3E, 0x85, 0x0A, 0x13, 0xE4,
    0x50, 0xC1, 0xE1, 0x79, 0x97, 0x3A, 0x21, 0xE8, 0xC6, 0x31, 0x70, 0xF4, 0x7D, 0x18, 0xF8, 0xF8,
    0x88, 0x88, 0x3C, 0x48, 0x91, 0x24, 0x5F, 0xE0, 0xC1, 0x74, 0x7F, 0x08, 0x3C, 0x49, 0x15, 0x07,
    0x05, 0x44, 0x94, 0x44, 0xE1, 0x61, 0x1E, 0x8C, 0xEB, 0x5C, 0xC4, 0x49, 0xC1, 0x19, 0xD6, 0xB9,
    0x88, 0x95, 0x31, 0x49, 0x44, 0x3C, 0x92, 0x49, 0x46, 0x10, 0xC7, 0x56, 0xAD, 0x59, 0x30, 0x40,
    0x8C, 0x7F, 0x18, 0xC4, 0x74, 0x63, 0x18, 0xB8, 0xFC, 0x63, 0x18, 0xC4, 0xF4, 0x63, 0x18, 0xFA,
    0x10, 0x7C, 0x21, 0x08, 0x3C, 0xF9, 0x08, 0x42, 0x10, 0x8C, 0x54, 0xA5, 0x10, 0x98, 0x10, 0x20,
    0x43, 0xE9, 0x32, 0x64, 0xC9, 0x7C, 0x20, 0x40, 0x85, 0x23, 0x0C, 0x4A, 0x10, 0x8A, 0x28, 0xA2,
    0x8B, 0xF0, 0x41, 0x99, 0x9F, 0x11, 0x93, 0x26, 0x4C, 0x99, 0x3F, 0xC0, 0x92, 0x92, 0x92, 0x92,
    0x92, 0xFF, 0x01, 0x01, 0xE0, 0x83, 0x89, 0x24, 0xE0, 0x83, 0x07, 0xCC, 0x58, 0xBE, 0x40, 0x88,
    0xE9, 0x9E, 0xF0, 0x5E, 0x10, 0xF8, 0x8E, 0x91, 0xF1, 0x91, 0x91, 0x8E, 0x7C, 0x62, 0xF4, 0xC4,
    0x21, 0x00, 0xE8, 0xFE, 0x10, 0x78, 0x50, 0x1D, 0x1F, 0xC2, 0x0F, 0x43, 0xC4, 0x1E, 0x45, 0x14,
    0x51, 0x44, 0x10, 0x80, 0x12, 0x0F, 0x88, 0x88, 0x80, 0x7C, 0x3D, 0x08, 0x3C, 0x78, 0xC3, 0x1E,
    0xDF, 0x80, 0xA1, 0x24, 0x92, 0x24, 0x12, 0x49, 0x27, 0x00, 0x3C, 0x12, 0x09, 0xC4, 0x94, 0x4C,
    0x38, 0x88, 0x88, 0xFE, 0x89, 0x89, 0x8E, 0x43, 0xC4, 0x1E, 0x45, 0x14, 0x51, 0x44, 0x11, 0x01,
    0x2A, 0x62, 0x92, 0x88, 0x21, 0x01, 0x19, 0xD6, 0xB9, 0x88, 0x24, 0x60, 0x22, 0x89, 0x45, 0x14,
    0x20, 0x8C, 0x00, 0x8C, 0x63, 0x18, 0xFC, 0x84, 0x20, 0xFC, 0x20, 0x20, 0x3E, 0x21, 0x21, 0x21,
    0x3E, 0x41, 0x04, 0x3C, 0x41, 0xE4, 0x51, 0x78, 0x38, 0x8A, 0x0F, 0x98, 0xF0, 0x51, 0x1C, 0x74,
    0x7B, 0x38, 0xB8, 0x81, 0xC1, 0x10, 0x88, 0x82, 0x41, 0x40, 0xA0, 0x20, 0x8E, 0x24, 0x94, 0x50,
    0x80, 0x24, 0x18, 0x00, 0x82, 0x86, 0x8A, 0x8A, 0x92, 0xA2, 0xC2, 0x83, 0x01, 0x02, 0x48, 0xC0,
    0x22, 0x9A, 0xAA, 0xB2, 0x8C, 0x10, 0x80, 0x41, 0xE1, 0x03, 0xE4, 0x28, 0x50, 0xA1, 0x7C, 0x47,
    0x90, 0xE4, 0xB8, 0xFA, 0x18, 0x69, 0xFA, 0x48, 0x20, 0xF4, 0x63, 0x59, 0xFA, 0x30, 0x08, 0x7F,
    0x08, 0x42, 0x10, 0x84, 0x00, 0x11, 0xF8, 0x88, 0x88, 0x7D, 0x04, 0x3C, 0x41, 0x04, 0x10, 0x7A,
    0x11, 0xE4, 0x20, 0xF4, 0x21, 0xE8, 0xC6, 0x31, 0x0B, 0x80, 0xF4, 0x3D, 0x18, 0xC4, 0x26, 0x44,
    0x44, 0x90, 0x54, 0x07, 0x01, 0x50, 0x49, 0x11, 0x14, 0x21, 0x00, 0x20, 0x04, 0x49, 0x15, 0x07,
    0x05, 0x44, 0x94, 0x44, 0x02, 0x01, 0xF8, 0x10, 0x4E, 0x04, 0x10, 0x7E, 0x20, 0x42, 0x00, 0xE1,
    0x61, 0x1E, 0x22, 0x40, 0x89, 0x22, 0x86, 0x0A, 0x12, 0x23, 0x41, 0x02, 0x04, 0x92, 0x8C, 0x28,
    0x92, 0x30, 0x41, 0x83, 0x4A, 0xA7, 0x8A, 0x95, 0x21, 0x41, 0x85, 0x73, 0x85, 0x88, 0x90, 0x80,
    0x43, 0xC9, 0x22, 0x86, 0x0B, 0x11, 0x21, 0x45, 0xD1, 0x43, 0x05, 0x88, 0x80, 0xE1, 0x22, 0x24,
    0x28, 0x30, 0x2C, 0x22, 0x21, 0xE4, 0x50, 0xC1, 0x42, 0x44, 0x40, 0x82, 0x82, 0x82, 0xFE, 0x82,
    0x82, 0x82, 0x83, 0x01, 0x01, 0x8A, 0x2F, 0xA2, 0x8A, 0x30, 0x41, 0x83, 0xC1, 0x20, 0x9F, 0xC8,
    0x24, 0x12, 0x09, 0x04, 0x8F, 0x13, 0xE4, 0x48, 0x91, 0x00, 0xFC, 0x21, 0x08, 0x42, 0x1E, 0x84,
    0x61, 0x18, 0x46, 0x11, 0x00, 0x40, 0xE0, 0xF0, 0x90, 0x9E, 0x91, 0x91, 0x91, 0x01, 0x06, 0x3C,
    0x82, 0x34, 0x99, 0x32, 0x54, 0x9E, 0x08, 0x0C, 0x76, 0x25, 0x5A, 0xB8, 0x41, 0x3D, 0x08, 0x20,
    0x82, 0x04, 0x0F, 0x20, 0x42, 0x00, 0x7C, 0x21, 0x08, 0x3C, 0x82, 0x20, 0xFE, 0x20, 0x40, 0x81,
    0x02, 0x04, 0x0C, 0x08, 0x10, 0xF9, 0x08, 0x42, 0x18, 0x42, 0x82, 0x89, 0x11, 0x41, 0x02, 0x04,
    0x08, 0x8C, 0x54, 0xA5, 0x10, 0x84, 0x82, 0x89, 0x11, 0x41, 0x0F, 0x84, 0x08, 0x8C, 0x62, 0xA5,
    0x7C, 0x84, 0x82, 0x44, 0x28, 0x10, 0x10, 0x28, 0x44, 0x83, 0x01, 0x01, 0x85, 0x23, 0x0C, 0x4A,
    0x10, 0x41, 0xFC, 0x84, 0x21, 0x08, 0x42, 0x10, 0x84, 0x21, 0x08, 0x7F, 0x00, 0x40, 0x10, 0xFA,
    0x22, 0x22, 0x22, 0x22, 0x3F, 0x01, 0x01, 0x85, 0x0A, 0x14, 0x27, 0xC0, 0x81, 0x03, 0x02, 0x04,
    0x94, 0xA5, 0xE1, 0x0C, 0x21, 0x86, 0x1A, 0x69, 0x7C, 0x92, 0x41, 0x8C, 0x6A, 0xF2, 0x84, 0x82,
    0x08, 0x3E, 0x86, 0x18, 0x61, 0x84, 0x21, 0xE8, 0xC6, 0x31, 0x88, 0x0E, 0x08, 0xA8, 0x2F, 0xF2,
    0x01, 0x00, 0x40, 0x1E, 0x1D, 0x45, 0xF9, 0x02, 0x03, 0xC0, 0x0E, 0x08, 0xA8, 0x2F, 0xF2, 0x01,
    0x00, 0x40, 0x1E, 0x04, 0x02, 0x00, 0x1D, 0x45, 0xF9, 0x02, 0x03, 0xC2, 0x04, 0xFF, 0x09, 0x00,
    0xC0, 0x00, 0x22, 0x22, 0x48, 0x2A, 0x03, 0x80, 0xA8, 0x24, 0x88, 0x8A, 0x10, 0x80, 0x12, 0x07,
    0x00, 0x09, 0x22, 0xA0, 0xE0, 0xA8, 0x92, 0x88, 0x80, 0x86, 0x29, 0x28, 0xF2, 0x28, 0x61, 0x08,
    0xC0, 0x95, 0x3D, 0x18, 0xC4, 0x26, 0x1F, 0x08, 0x84, 0x42, 0x21, 0x11, 0x08, 0x85, 0x83, 0x00,
    0x80, 0x80, 0x3C, 0x48, 0x91, 0x24, 0x50, 0xC0, 0x82, 0x86, 0x18, 0x7F, 0x86, 0x18, 0x61, 0x04,
    0x60, 0x8C, 0x7F, 0x18, 0xC4, 0x22, 0x82, 0x82, 0x82, 0xFE, 0x82, 0x82, 0x82, 0x83, 0x01, 0x02,
    0x8A, 0x2F, 0xA2, 0x8A, 0x30, 0x42, 0x86, 0x18, 0x61, 0x7C, 0x10, 0x43, 0x08, 0x20, 0x99, 0x9F,
    0x13, 0x22, 0x80, 0xB0, 0x6A, 0x2A, 0x8A, 0x94, 0xA5, 0x28, 0x8A, 0x03, 0x00, 0x40, 0x20, 0xC6,
    0xAA, 0xAA, 0xAA, 0x92, 0x83, 0x01, 0x02, 0xFF, 0x12, 0x38, 0x00, 0x82, 0x85, 0x0A, 0x22, 0x7C,
    0x8A, 0x08, 0x49, 0x81, 0xC1, 0x3A, 0x52, 0x70, 0x14, 0x00, 0x41, 0x42, 0x85, 0x11, 0x3E, 0x45,
    0x04, 0x50, 0xE1, 0x79, 0x97, 0x03, 0xE0, 0xC0, 0x28, 0x09, 0xE1, 0x20, 0x7C, 0x10, 0x84, 0x1F,
    0x6E, 0x11, 0x7F, 0x90, 0x90, 0x6F, 0x49, 0x81, 0xF8, 0x43, 0xD0, 0x84, 0x3E, 0x49, 0x80, 0xE8,
    0xFE, 0x10, 0x78, 0xF0, 0x20, 0x41, 0xFE, 0x14, 0x8E, 0xF0, 0x43, 0xF8, 0xB8, 0x28, 0x0F, 0x02,
    0x04, 0x1F, 0xE1, 0x48, 0xE0, 0x50, 0x3C, 0x10, 0xFE, 0x2E, 0x0A, 0x00, 0x01, 0x11, 0x12, 0x41,
    0x50, 0x1C, 0x05, 0x41, 0x24, 0x44, 0x50, 0x84, 0x14, 0x00, 0x12, 0x45, 0x41, 0xC1, 0x51, 0x25,
    0x11, 0x28, 0x0F, 0x81, 0x04, 0xE0, 0x41, 0x07, 0xE0, 0x50, 0xE1, 0x61, 0x1E, 0xFC, 0x21, 0x0E,
    0x04, 0x10, 0x7E, 0xFC, 0x21, 0x0E, 0x04, 0x10, 0xFE, 0x38, 0x02, 0x0C, 0x38, 0xB1, 0x64, 0xD1,
    0xC3, 0x04, 0x70, 0x23, 0x3A, 0xD7, 0x31, 0x28, 0x02, 0x0C, 0x38, 0xB1, 0x64, 0xD1, 0xC3, 0x04,
    0x50, 0x23, 0x3A, 0xD7, 0x31, 0x28, 0x00, 0xE2, 0x28, 0x30, 0x60, 0xC1, 0x44, 0x70, 0x50, 0x1D,
    0x18, 0xC6, 0x2E, 0x38, 0x8A, 0x0F, 0xF8, 0x30, 0x51, 0x1C, 0x74, 0x7F, 0x18, 0xB8, 0x28, 0x00,
    0xE2, 0x28, 0x3F, 0xE0, 0xC1, 0x44, 0x70, 0x50, 0x1D, 0x1F, 0xC6, 0x2E, 0x28, 0x0F, 0x02, 0x05,
    0xF0, 0x41, 0x0B, 0xC0, 0x50, 0x3C, 0x17, 0x84, 0x3E, 0x38, 0x02, 0x0A, 0x24, 0x45, 0x0A, 0x08,
    0x11, 0xC0, 0x38, 0x23, 0x15, 0x29, 0x44, 0x26, 0x00, 0x28, 0x02, 0x0A, 0x24, 0x45, 0x0A, 0x08,
    0x11, 0xC0, 0x28, 0x23, 0x15, 0x29, 0x44, 0x26, 0x00, 0x28, 0x50, 0x04, 0x14, 0x48, 0x8A, 0x14,
    0x10, 0x23, 0x80, 0x2A, 0x81, 0x18, 0xA9, 0x4A, 0x21, 0x30, 0x50, 0x08, 0x61, 0x86, 0x17, 0xC1,
    0x04, 0x10, 0x50, 0x99, 0x9F, 0x11, 0xFC, 0x21, 0x08, 0x42, 0x18, 0x42, 0x00, 0xF8, 0x88, 0x8C,
    0x44, 0x14, 0x00, 0x81, 0x81, 0x81, 0xF1, 0x89, 0x89, 0x89, 0xF1, 0x28, 0x02, 0x0C, 0x1F, 0x31,
    0x62, 0xF9, 0x42, 0x44, 0xDA, 0x64, 0x88, 0xB0, 0x80, 0x78, 0x20, 0xC3, 0x0C, 0x3F, 0xC0, 0x61,
    0x11, 0x13, 0xD0, 0xFC, 0x20, 0x82, 0x08, 0x20, 0x80, 0xF8, 0x30, 0x61, 0x86, 0x18, 0x40, 0xE4,
    0x92, 0x48, 0xF4, 0x44, 0x44, 0x60, 0xFA, 0x18, 0x61, 0x86, 0x18, 0x40, 0x9A, 0x18, 0x61, 0x86,
    0x37, 0x80, 0xE4, 0x90, 0xF0, 0xC2, 0x10, 0x84, 0x21, 0x08, 0xE0, 0x86, 0x31, 0x8B, 0x80, 0xC3,
    0x0F, 0xC2, 0x08, 0x21, 0x04, 0x30, 0xFE, 0x18, 0x61, 0x86, 0x1F, 0xC0, 0xBB, 0x1C, 0x71, 0x86,
    0x1B, 0x80, 0xD5, 0x55, 0x40, 0xC4, 0x92, 0x78, 0xFA, 0x18, 0x61, 0x87, 0x37, 0x80, 0x46, 0x89,
    0x11, 0x22, 0x45, 0x1C, 0x40, 0xF2, 0x28, 0xA3, 0x4C, 0x30, 0xC3, 0x0C, 0x72, 0x28, 0xE3, 0x4C,
    0x2F, 0x00, 0xC5, 0x32, 0x8E, 0x20, 0x41, 0x04, 0x18, 0x8A, 0x52, 0x63, 0x0B, 0xE0, 0xFC, 0x10,
    0xA2, 0x8A, 0x69, 0x20, 0x80, 0xF8, 0x42, 0x10, 0x84, 0x20, 0x93, 0x26, 0xCF, 0x18, 0x38, 0x9E,
    0x00, 0x7E, 0x44, 0x89, 0x12, 0x24, 0x70, 0x80, 0xEC, 0x68, 0x20, 0x76, 0x61, 0x86, 0x10, 0x80,
    0x30, 0x72, 0x10, 0xF8, 0x00, 0xF0, 0x53, 0x80, 0xD0, 0xD5, 0x55, 0x8F, 0x90, 0x84, 0x21, 0x08,
    0xD5, 0x57, 0xD0, 0x41, 0x04, 0x10, 0x66, 0x21, 0xC4, 0x42, 0x0F, 0x74, 0xE3, 0x18, 0xB8, 0xF0,
    0x84, 0x21, 0x04, 0x21, 0x86, 0x89, 0x11, 0x42, 0x85, 0x0C, 0x08, 0x10, 0x20, 0xA1, 0x42, 0x88,
    0x91, 0x43, 0x74, 0xA5, 0xE1, 0x08, 0x21, 0x02, 0x02, 0x41, 0x81, 0x82, 0x46, 0x38, 0xE0, 0x21,
    0x15, 0x19, 0x38, 0xD0, 0xD5, 0x55, 0x8F, 0x90, 0x84, 0x21, 0x08, 0xD5, 0x57, 0xD0, 0x41, 0x04,
    0x10, 0xB5, 0x3E, 0x84, 0x21, 0x08, 0x61, 0x95, 0x28, 0xC6, 0xBE, 0x72, 0x10, 0xF2, 0x31, 0x10,
    0x86, 0x89, 0x11, 0x42, 0x85, 0x0C, 0x08, 0x10, 0x20, 0xA1, 0x42, 0x88, 0x91, 0x43, 0x74, 0xA5,
    0xE1, 0x08, 0x21, 0x18, 0x18, 0x24, 0x24, 0x66, 0x7E, 0x42, 0xC3, 0x00, 0x18, 0xF1, 0x79, 0x9F,
    0x06, 0x18, 0x08, 0x00, 0x18, 0x18, 0x24, 0x24, 0x66, 0x7E, 0x42, 0xC3, 0x62, 0x0F, 0x17, 0x99,
    0xF0, 0x02, 0x1C, 0x3C, 0x00, 0x18, 0x18, 0x24, 0x24, 0x66, 0x7E, 0x42, 0xC3, 0x00, 0x26, 0x14,
    0x03, 0xC1, 0x1C, 0x92, 0x4F, 0x00, 0x0C, 0x1C, 0x3C, 0x00, 0x18, 0x18, 0x24, 0x24, 0x66, 0x7E,
    0x42, 0xC3, 0x01, 0x65, 0x0F, 0x17, 0x99, 0xF0, 0x04, 0x02, 0x1C, 0x3C, 0x00, 0x18, 0x18, 0x24,
    0x24, 0x66, 0x7E, 0x42, 0xC3, 0x18, 0x58, 0xA0, 0x78, 0x4E, 0x94, 0xBC, 0x14, 0x28, 0x18, 0x3C,
    0x00, 0x18, 0x18, 0x24, 0x24, 0x66, 0x7E, 0x42, 0xC3, 0x52, 0x65, 0x0F, 0x17, 0x99, 0xF0, 0x18,
    0x3C, 0x00, 0x18, 0x18, 0x24, 0x24, 0x66, 0x7E, 0x42, 0xC3, 0x00, 0x18, 0x65, 0x0F, 0x17, 0x99,
    0xF0, 0x60, 0x04, 0x08, 0x24, 0x18, 0x00, 0x18, 0x18, 0x24, 0x24, 0x66, 0x7E, 0x42, 0xC3, 0x12,
    0x16, 0x0F, 0x17, 0x99, 0xF0, 0x30, 0x10, 0x24, 0x18, 0x00, 0x18, 0x18, 0x24, 0x24, 0x66, 0x7E,
    0x42, 0xC3, 0xC6, 0x16, 0x0F, 0x17, 0x99, 0xF0, 0x18, 0x08, 0x24, 0x18, 0x00, 0x18, 0x18, 0x24,
    0x24, 0x66, 0x7E, 0x42, 0xC3, 0x62, 0x16, 0x0F, 0x17, 0x99, 0xF0, 0x14, 0x28, 0x24, 0x18, 0x00,
    0x18, 0x18, 0x24, 0x24, 0x66, 0x7E, 0x42, 0xC3, 0x5A, 0x16, 0x0F, 0x17, 0x99, 0xF0, 0x24, 0x18,
    0x00, 0x18, 0x18, 0x24, 0x24, 0x66, 0x7E, 0x42, 0xC3, 0x00, 0x18, 0x16, 0x0F, 0x17, 0x99, 0xF0,
    0x60, 0xFC, 0x21, 0xF8, 0x42, 0x1F, 0x01, 0x00, 0xF4, 0x7F, 0x08, 0x3C, 0x04, 0x31, 0x01, 0xF8,
    0x43, 0xF0, 0x84, 0x3E, 0x61, 0x01, 0xE8, 0xFE, 0x10, 0x78, 0x68, 0x81, 0xF8, 0x43, 0xF0, 0x84,
    0x3E, 0x51, 0x01, 0xE8, 0xFE, 0x10, 0x78, 0x0C, 0xA5, 0x00, 0xFA, 0x08, 0x3E, 0x82, 0x08, 0x3E,
    0x00, 0x22, 0x14, 0x03, 0xC8, 0xBE, 0x82, 0x07, 0x80, 0x11, 0x54, 0x0F, 0xC2, 0x1F, 0x84, 0x21,
    0xF0, 0x00, 0x88, 0xA0, 0x7A, 0x3F, 0x84, 0x1E, 0x09, 0x54, 0x0F, 0xC2, 0x1F, 0x84, 0x21, 0xF0,
    0x18, 0x48, 0xA0, 0x7A, 0x3F, 0x84, 0x1E, 0x70, 0x08, 0xA0, 0x7E, 0x10, 0xFC, 0x21, 0x0F, 0x80,
    0x70, 0x08, 0xA0, 0x7A, 0x3F, 0x84, 0x1E, 0x22, 0x81, 0xF8, 0x43, 0xF0, 0x84, 0x3E, 0x02, 0x00,
    0x22, 0x81, 0xE8, 0xFE, 0x10, 0x78, 0x08, 0x68, 0x24, 0x92, 0x49, 0x00, 0x6C, 0x24, 0x92, 0x40,
    0xFF, 0x40, 0xDF, 0xA0, 0x10, 0x7C, 0xC2, 0x82, 0x83, 0x83, 0x82, 0xC6, 0x7C, 0x00, 0x10, 0xFC,
    0x63, 0x18, 0xB8, 0x04, 0x18, 0x18, 0x10, 0x7C, 0xC2, 0x82, 0x83, 0x83, 0x82, 0xC6, 0x7C, 0x71,
    0x01, 0xF8, 0xC6, 0x31, 0x70, 0x00, 0x06, 0x14, 0x28, 0x10, 0x7C, 0xC2, 0x82, 0x83, 0x83, 0x82,
    0xC6, 0x7C, 0x00, 0x22, 0x14, 0x03, 0xE8, 0xA2, 0x8A, 0x27, 0x00, 0x00, 0x08, 0x14, 0x28, 0x10,
    0x7C, 0xC2, 0x82, 0x83, 0x83, 0x82, 0xC6, 0x7C, 0x00, 0x88, 0xA0, 0x7E, 0x31, 0x8C, 0x5C, 0x0C,
    0x04, 0x14, 0x28, 0x10, 0x7C, 0xC2, 0x82, 0x83, 0x83, 0x82, 0xC6, 0x7C, 0x08, 0x4A, 0xA0, 0x7E,
    0x31, 0x8C, 0x5C, 0x00, 0x38, 0x10, 0x28, 0x10, 0x7C, 0xC2, 0x82, 0x83, 0x83, 0x82, 0xC6, 0x7C,
    0x70, 0x08, 0xA0, 0x7E, 0x31, 0x8C, 0x5C, 0x10, 0x28, 0x10, 0x7C, 0xC2, 0x82, 0x83, 0x83, 0x82,
    0xC6, 0x7C, 0x00, 0x10, 0x22, 0x81, 0xF8, 0xC6, 0x31, 0x70, 0x08, 0x08, 0x11, 0x13, 0x7E, 0xC2,
    0x82, 0x83, 0x83, 0x82, 0xC6, 0x7C, 0x10, 0x90, 0x7E, 0x8A, 0x28, 0xA2, 0x70, 0x30, 0x11, 0x13,
    0x7E, 0xC2, 0x82, 0x83, 0x83, 0x82, 0xC6, 0x7C, 0x60, 0x90, 0x7E, 0x8A, 0x28, 0xA2, 0x70, 0x18,
    0x19, 0x13, 0x7E, 0xC2, 0x82, 0x83, 0x83, 0x82, 0xC6, 0x7C, 0x70, 0x90, 0x7E, 0x8A, 0x28, 0xA2,
    0x70, 0x30, 0x09, 0x13, 0x7E, 0xC2, 0x82, 0x83, 0x83, 0x82, 0xC6, 0x7C, 0x68, 0x50, 0x7E, 0x8A,
    0x28, 0xA2, 0x70, 0x01, 0x13, 0x7E, 0xC2, 0x82, 0x83, 0x83, 0x82, 0xC6, 0x7C, 0x00, 0x10, 0x04,
    0x1F, 0xA2, 0x8A, 0x28, 0x9C, 0x00, 0x80, 0x86, 0x18, 0x61, 0x86, 0x1C, 0x5E, 0x00, 0xC0, 0x8C,
    0x63, 0x18, 0xBC, 0x04, 0x30, 0x40, 0x21, 0x86, 0x18, 0x61, 0x87, 0x17, 0x80, 0x61, 0x01, 0x18,
    0xC6, 0x31, 0x78, 0x18, 0x31, 0x03, 0x84, 0x84, 0x84, 0x84, 0x84, 0x84, 0xC4, 0x78, 0x30, 0x90,
    0x62, 0x8A, 0x28, 0xA2, 0x78, 0x20, 0x11, 0x03, 0x84, 0x84, 0x84, 0x84, 0x84, 0x84, 0xC4, 0x78,
    0x40, 0x90, 0x62, 0x8A, 0x28, 0xA2, 0x78, 0x30, 0x11, 0x03, 0x84, 0x84, 0x84, 0x84, 0x84, 0x84,
    0xC4, 0x78, 0x60, 0x90, 0x62, 0x8A, 0x28, 0xA2, 0x78, 0x28, 0x51, 0x03, 0x84, 0x84, 0x84, 0x84,
    0x84, 0x84, 0xC4, 0x78, 0x70, 0x10, 0x62, 0x8A, 0x28, 0xA2, 0x78, 0x01, 0x03, 0x84, 0x84, 0x84,
    0x84, 0x84, 0x84, 0xC4, 0x78, 0x00, 0x30, 0x04, 0x18, 0xA2, 0x8A, 0x28, 0x9E, 0x00, 0x80, 0x10,
    0x20, 0x04, 0x14, 0x48, 0x8A, 0x08, 0x10, 0x20, 0x40, 0x20, 0x80, 0x08, 0xC5, 0x4A, 0x51, 0x09,
    0x80, 0x46, 0x88, 0xA1, 0xC1, 0x02, 0x04, 0x08, 0x00, 0x20, 0xCD, 0x24, 0x9A, 0x30, 0xC2, 0x3B,
    0x18, 0x20, 0x02, 0x34, 0x45, 0x0E, 0x08, 0x10, 0x20, 0x40, 0x30, 0x40, 0x33, 0x49, 0x26, 0x8C,
    0x30, 0x8E, 0x00, 0x34, 0x10, 0x02, 0x34, 0x45, 0x0E, 0x08, 0x10, 0x20, 0x40, 0x29, 0x40, 0x33,
    0x49, 0x26, 0x8C, 0x30, 0x8E, 0x00, 0x00, 0x00, 0xFF, 0x80, 0xFA, 0xAA, 0x80, 0x5F, 0x49, 0x24,
    0x80, 0x5D, 0x92, 0x49, 0x20, 0xE0, 0xE0, 0xFC, 0xFF, 0xF0, 0xFF, 0xF0, 0x6A, 0x56, 0x56, 0x5A,
    0xAA, 0x55, 0x5A, 0x55, 0x5B, 0x10, 0x20, 0x47, 0xF1, 0x02, 0x04, 0x08, 0x10, 0x20, 0x40, 0x10,
    0x20, 0x47, 0xF1, 0x02, 0x3F, 0x88, 0x10, 0x20, 0x40, 0xFF, 0x80, 0x88, 0xA2, 0x20, 0x00, 0x62,
    0x04, 0xA0, 0x26, 0x00, 0xD0, 0x01, 0x63, 0x0C, 0xA4, 0xA5, 0x28, 0xC6, 0x2A, 0x22, 0x88, 0xA8,
    0x04, 0x21, 0x04, 0x20, 0x84, 0x20, 0xA2, 0x90, 0x69, 0x99, 0x60, 0x26, 0xAF, 0x20, 0xFC, 0x3C,
    0x1F, 0x00, 0x78, 0xE9, 0x60, 0xF2, 0x24, 0x40, 0x69, 0x69, 0x60, 0x69, 0x71, 0xE0, 0x69, 0x99,
    0x60, 0x75, 0x40, 0xC5, 0x4E, 0xC5, 0x1C, 0x26, 0xAF, 0x20, 0xFC, 0x3C, 0x1F, 0x00, 0x78, 0xE9,
    0x60, 0xF2, 0x24, 0x40, 0x69, 0x69, 0x60, 0x69, 0x71, 0xE0, 0xFB, 0x8B, 0xAB, 0xAB, 0xAB, 0xAB,
    0xA2, 0xBE, 0x3D, 0x0F, 0x90, 0xF9, 0x04, 0x0F, 0xF9, 0x0A, 0x6E, 0x9B, 0x84, 0xE0, 0xBE, 0x4F,
    0xA1, 0x07, 0xFC, 0x2F, 0xC2, 0xF1, 0x02, 0x04, 0x70, 0x42, 0x74, 0xC6, 0x32, 0x60, 0x10, 0x60,
    0xA1, 0x44, 0x48, 0x91, 0x7F, 0xFE, 0x18, 0x61, 0x86, 0x18, 0x61, 0x86, 0x10, 0xFD, 0x04, 0x08,
    0x10, 0x84, 0x20, 0xFC, 0xFC, 0x04, 0x21, 0x04, 0x20, 0x84, 0x20, 0xC0, 0x02, 0x04, 0x10, 0x20,
    0x49, 0x2A, 0x14, 0x10, 0x6D, 0x25, 0xB0, 0x12, 0x22, 0x22, 0x22, 0x22, 0xC0, 0x66, 0x66, 0x66,
    0x10, 0xBE, 0x42, 0x7D, 0x08, 0x09, 0xC8, 0x1C, 0x08, 0x0F, 0xC0, 0x81, 0xC0, 0x9C, 0x80, 0x0F,
    0xC0, 0x77, 0xC2, 0x21, 0x1E, 0xF8, 0x44, 0x22, 0x11, 0x08, 0x84, 0x00, 0x76, 0x18, 0x3D, 0x86,
    0x18, 0x61, 0x84, 0x74, 0x84, 0x84, 0xF4, 0x84, 0x84, 0x84, 0x84, 0x83, 0x77, 0xB0, 0x86, 0x10,
    0x7B, 0xD8, 0x43, 0x08, 0x61, 0x0C, 0x21, 0x84, 0x20, 0x77, 0xA4, 0x21, 0x21, 0x09, 0xEF, 0x48,
    0x42, 0x42, 0x12, 0x10, 0x90, 0x84, 0x84, 0x38, 0x00, 0x28, 0x06, 0x00, 0xE0, 0x17, 0xFC, 0x00,
    0x03, 0x80, 0x20, 0x04, 0x00, 0x40, 0x02, 0x00, 0x4C, 0x07, 0x1F, 0xE7, 0x00, 0x00, 0x28, 0x00,
    0x40, 0x01, 0x00, 0x44, 0x9C, 0x2A, 0x40, 0x21, 0x3E, 0x07, 0x10, 0x80, 0x04, 0x00, 0xC0, 0x3C,
    0x00, 0x14, 0x03, 0x00, 0x70, 0x0B, 0xFE, 0x04, 0x00, 0x18, 0x00, 0xF0, 0x00, 0x00, 0x40, 0x02,
    0x00, 0x4C, 0x07, 0x1F, 0xE7, 0x8F, 0x80, 0x91, 0x38, 0x41, 0x9C, 0x00, 0x10, 0x9F, 0xF0, 0x1C,
    0x63, 0x04, 0x13, 0xA2, 0x40, 0x62, 0x38, 0xF0, 0x07, 0x06, 0x8C, 0x44, 0x3C, 0xE2, 0x21, 0x00,
    0x62, 0x0E, 0x00, 0x70, 0x1C, 0x67, 0x00, 0x05, 0x04, 0x08, 0x70, 0x0E, 0x1C, 0xE3, 0x00, 0x38,
    0x10, 0x10, 0x21, 0x9C, 0x01, 0x08, 0x21, 0x0F, 0xC0, 0x20, 0x61, 0xC0, 0x01, 0x02, 0x02, 0x04,
    0x0D, 0xFC, 0x27, 0x00, 0x22, 0x11, 0x24, 0x80, 0x63, 0x00, 0x02, 0x10, 0x43, 0x22, 0x20, 0x47,
    0x70, 0x02, 0x21, 0x12, 0x48, 0x43, 0x9C, 0x00, 0x10, 0x82, 0x19, 0x11, 0x00, 0x00, 0xE0, 0x20,
    0x08, 0x00, 0x84, 0x09, 0x00, 0xB0, 0x13, 0xFC, 0x00, 0xE0, 0x10, 0x02, 0x00, 0x10, 0x40, 0x88,
    0x04, 0xC0, 0x47, 0xFB, 0x1B, 0x20, 0xC3, 0x08, 0x5E, 0x18, 0xC2, 0x02, 0x02, 0x02, 0x06, 0x7F,
    0x00, 0x40, 0x30, 0x0B, 0x80, 0x80, 0x20, 0x02, 0x10, 0x24, 0x02, 0xC0, 0x4F, 0xF0, 0x00, 0x40,
    0x18, 0x02, 0xE0, 0x10, 0x02, 0x00, 0x10, 0x40, 0x88, 0x04, 0xC0, 0x47, 0xFB, 0x11, 0x36, 0xC8,
    0x30, 0xC2, 0x17, 0x80, 0x10, 0x43, 0x63, 0x08, 0x08, 0x08, 0x08, 0x19, 0xFC, 0x02, 0x02, 0x41,
    0x81, 0x82, 0x46, 0x38, 0x02, 0x20, 0xA0, 0x70, 0x44, 0x61, 0xE0, 0x21, 0x15, 0x19, 0x38, 0x72,
    0x48, 0x93, 0x48, 0x9C, 0x90, 0x43, 0x35, 0x0C, 0x30, 0x10, 0x18, 0x24, 0x26, 0x19, 0xFE, 0x0C,
    0x14, 0x14, 0x24, 0xFF, 0x22, 0x12, 0x0C, 0x20, 0xC4, 0x95, 0x77, 0xF0, 0x38, 0x51, 0x22, 0x8F,
    0xE9, 0x0A, 0x08, 0x38, 0x05, 0x01, 0x00, 0x40, 0x07, 0xFE, 0x3F, 0x82, 0x03, 0xF0, 0x60, 0x08,
    0x01, 0x80, 0x00, 0x03, 0x80, 0x50, 0x10, 0x04, 0x00, 0x7F, 0xE0, 0x60, 0x81, 0x81, 0xFC, 0x10,
    0x1F, 0x80, 0x03, 0x82, 0x01, 0x08, 0xC8, 0x14, 0x09, 0x0C, 0x78, 0x42, 0x40, 0xE0, 0x48, 0x63,
    0xC0, 0x44, 0x9C, 0x28, 0x21, 0x3E, 0x07, 0x00, 0x72, 0x10, 0xF8, 0x00, 0xF0, 0x22, 0x22, 0x22,
    0x22, 0xF1, 0x08, 0x42, 0x10, 0x84, 0x20, 0xC0, 0x6C, 0x55, 0x55, 0xC8, 0xC4, 0x44, 0x44, 0x44,
    0x43, 0x22, 0x0C, 0x03, 0x2D, 0x2F, 0x15, 0x90, 0x21, 0x03, 0x00, 0x31, 0x64, 0x9F, 0x12, 0xC4,
    0x00, 0xAA, 0xAA, 0x8A, 0xC0, 0x92, 0x49, 0x24, 0x62, 0x4C, 0x20, 0x21, 0xDD, 0x00, 0x84, 0x64,
    0x0A, 0x04, 0x86, 0x3C, 0x00, 0x20, 0x20, 0x1C, 0x00, 0x04, 0x24, 0x0E, 0x04, 0x86, 0x3C, 0x00,
    0x53, 0x84, 0x89, 0xC0, 0x44, 0x18, 0x02, 0x33, 0xE0, 0xFF, 0x80, 0x92, 0x49, 0x24, 0x60, 0x00,
    0x28, 0x06, 0x00, 0xE0, 0x17, 0xFC, 0x00, 0x01, 0x00, 0x40, 0x02, 0x00, 0x4C, 0x07, 0x1F, 0xE7,
    0x00, 0x00, 0x10, 0x00, 0x48, 0x9C, 0x10, 0x23, 0x3E, 0x06, 0x00, 0x50, 0x08, 0x45, 0x46, 0x4E,
    0x30, 0x00, 0x04, 0x71, 0x48, 0x9E, 0x0C, 0x0E, 0x00, 0x05, 0x00, 0xC0, 0x1C, 0x02, 0xFF, 0x80,
    0x0E, 0x00, 0x00, 0x04, 0x00, 0x20, 0x04, 0xC0, 0x71, 0xFE, 0x70, 0xA1, 0x22, 0x70, 0x50, 0x00,
    0x42, 0x7C, 0x04, 0x01, 0xC0, 0x00, 0xA0, 0x18, 0x03, 0x80, 0x5F, 0xF0, 0x04, 0x00, 0x38, 0x00,
    0x00, 0x10, 0x00, 0x80, 0x13, 0x01, 0xC7, 0xF9, 0xC0, 0x54, 0x24, 0x4E, 0x22, 0x80, 0x02, 0x13,
    0xE0, 0xF0, 0x1C, 0xC3, 0x04, 0x11, 0x22, 0x40, 0x62, 0x38, 0xF0, 0x0E, 0x34, 0x64, 0x43, 0x88,
    0x88, 0x80, 0x62, 0x1C, 0x70, 0x1C, 0x67, 0x00, 0x02, 0x00, 0x70, 0x0E, 0x1C, 0xE3, 0x00, 0x10,
    0xF0, 0x1C, 0xC3, 0x04, 0x10, 0x20, 0x40, 0x62, 0x38, 0xF0, 0x0E, 0x34, 0x64, 0x43, 0x80, 0x80,
    0x80, 0x62, 0x1C, 0x70, 0x1C, 0x67, 0x00, 0x70, 0x0E, 0x1C, 0xE3, 0x10, 0x03, 0xC0, 0x73, 0x0C,
    0x10, 0x40, 0x81, 0x01, 0x88, 0xE0, 0x10, 0x00, 0xF0, 0x0E, 0x34, 0x64, 0x43, 0x80, 0x80, 0x80,
    0x62, 0x1C, 0x60, 0x00, 0x03, 0x80, 0xE3, 0x38, 0x00, 0x40, 0x00, 0x00, 0x70, 0x0E, 0x1C, 0xE3,
    0x10, 0x82, 0x10, 0xFC, 0x10, 0x20, 0x20, 0x40, 0xDF, 0xC0, 0x20, 0x04, 0x20, 0x84, 0x3F, 0x20,
    0x00, 0x40, 0x80, 0x81, 0x03, 0x7F, 0x22, 0x11, 0x24, 0x80, 0x21, 0x04, 0x32, 0x22, 0x00, 0x20,
    0x02, 0x21, 0x12, 0x48, 0x60, 0x00, 0x42, 0x08, 0x64, 0x44, 0x00, 0x00, 0x08, 0x00, 0x10, 0x22,
    0x50, 0x49, 0x81, 0xFA, 0x08, 0x04, 0x60, 0x0F, 0x00, 0x00, 0x04, 0x02, 0x24, 0x41, 0x24, 0x81,
    0xFB, 0x82, 0x00, 0x46, 0x00, 0x3C, 0x00, 0x01, 0x00, 0x49, 0x28, 0x9F, 0xF0, 0x00, 0x84, 0x91,
    0x12, 0x7F, 0xB0, 0x00, 0x40, 0x03, 0x80, 0x00, 0x80, 0x01, 0x02, 0x25, 0x04, 0x98, 0x1F, 0xA0,
    0x80, 0x46, 0x00, 0xF0, 0x00, 0x00, 0x40, 0x00, 0xE0, 0x00, 0x00, 0x00, 0x04, 0x02, 0x24, 0x41,
    0x24, 0x81, 0xFB, 0x82, 0x00, 0x46, 0x00, 0x3C, 0x00, 0x04, 0x07, 0x00, 0x40, 0x12, 0x4A, 0x27,
    0xFC, 0x04, 0x01, 0xC0, 0x00, 0x00, 0x42, 0x48, 0x89, 0x3F, 0xD8, 0x00, 0x1E, 0x04, 0xC5, 0x05,
    0x0C, 0x0F, 0xE8, 0x20, 0x08, 0xC0, 0x0F, 0x00, 0x00, 0x00, 0x1E, 0x01, 0x31, 0x10, 0x50, 0x90,
    0x3F, 0xF8, 0x20, 0x02, 0x30, 0x00, 0xF0, 0x00, 0x03, 0xC9, 0x16, 0x87, 0xFE, 0x03, 0xC2, 0x44,
    0x68, 0x4F, 0xFF, 0x00, 0x08, 0x00, 0x00, 0x00, 0x00, 0x00, 0xF0, 0x26, 0x28, 0x28, 0x60, 0x7F,
    0x41, 0x00, 0x46, 0x00, 0x78, 0x00, 0x00, 0x08, 0x00, 0x00, 0x00, 0x00, 0x00, 0x03, 0xC0, 0x26,
    0x22, 0x0A, 0x12, 0x07, 0xFF, 0x04, 0x00, 0x46, 0x00, 0x1E, 0x00, 0x00, 0x01, 0x00, 0x00, 0x00,
    0x0F, 0x24, 0x5A, 0x1F, 0xF8, 0x01, 0x00, 0x00, 0x00, 0x00, 0x3C, 0x24, 0x46, 0x84, 0xFF, 0xF0,
    0x20, 0x10, 0x08, 0x04, 0x02, 0x01, 0x7C, 0x62, 0x61, 0xFF, 0x00, 0x20, 0x04, 0x00, 0x80, 0x10,
    0x02, 0x00, 0x5F, 0x06, 0x21, 0x84, 0xFF, 0xE0, 0x40, 0x40, 0x40, 0x40, 0x40, 0x5E, 0x61, 0x42,
    0xFC, 0x40, 0x20, 0x10, 0x08, 0x04, 0x02, 0xF1, 0x84, 0x84, 0xFF, 0x80, 0x20, 0x10, 0x08, 0x84,
    0x02, 0x01, 0x7C, 0x62, 0x61, 0xFF, 0x00, 0x20, 0x04, 0x00, 0x88, 0x10, 0x02, 0x00, 0x5F, 0x06,
    0x21, 0x84, 0xFF, 0xE0, 0x40, 0x40, 0x48, 0x40, 0x40, 0x5E, 0x61, 0x42, 0xFC, 0x40, 0x20, 0x12,
    0x08, 0x04, 0x02, 0xF1, 0x84, 0x84, 0xFF, 0x80, 0x70, 0x82, 0x03, 0xC6, 0x08, 0x20, 0x40, 0x80,
    0xC4, 0xF0, 0x38, 0x91, 0xA1, 0x86, 0xE8, 0x20, 0x40, 0xC6, 0x70, 0x39, 0x04, 0x0B, 0xF0, 0x38,
    0x91, 0xA1, 0x8F, 0xE0, 0x20, 0x01, 0xC2, 0x08, 0x0F, 0x18, 0x20, 0x81, 0x02, 0x03, 0x13, 0xC0,
    0x10, 0x00, 0xE2, 0x46, 0x86, 0x1B, 0xA0, 0x81, 0x03, 0x19, 0xC0, 0x10, 0x00, 0x0E, 0x41, 0x02,
    0xFC, 0x10, 0x00, 0xE2, 0x46, 0x86, 0x3F, 0x80, 0x00, 0x40, 0x00, 0x03, 0x80, 0x54, 0x13, 0x01,
    0xF0, 0x0B, 0xFF, 0x00, 0x20, 0x00, 0x00, 0x07, 0x10, 0x24, 0x80, 0x93, 0x01, 0x47, 0xFF, 0xC0,
    0x20, 0x0C, 0x94, 0xBC, 0x7E, 0x30, 0x00, 0xC2, 0x44, 0x8F, 0x3F, 0x80, 0x05, 0x00, 0x00, 0xC0,
    0xB4, 0x4E, 0x3E, 0x02, 0x82, 0x7E, 0x00, 0x07, 0x00, 0x00, 0x30, 0x16, 0x44, 0xB1, 0xF8, 0x09,
    0x04, 0x7E, 0x00, 0x50, 0x0C, 0x94, 0xBC, 0x7E, 0x30, 0x00, 0xC2, 0x44, 0x8F, 0x3F, 0x80, 0x00,
    0x40, 0x10, 0x04, 0x19, 0x04, 0x51, 0x18, 0x87, 0x01, 0x7F, 0x80, 0x00, 0x40, 0x04, 0x00, 0x40,
    0x64, 0x04, 0x44, 0x44, 0x88, 0x4C, 0x04, 0x7F, 0xB0, 0x1B, 0x20, 0xC3, 0x08, 0x5E, 0x18, 0xC2,
    0x02, 0x02, 0x02, 0x06, 0x7F, 0x02, 0x02, 0x02, 0x02, 0x02, 0x01, 0x01, 0x41, 0x82, 0x82, 0x46,
    0x38, 0x02, 0x01, 0x00, 0x80, 0x40, 0x20, 0x08, 0x04, 0x82, 0x81, 0xC1, 0x11, 0x87, 0x00, 0x55,
    0x55, 0xC0, 0x44, 0x44, 0x44, 0x46, 0xF0, 0x13, 0x52, 0x74, 0xC2, 0x10, 0x42, 0x00, 0x38, 0x93,
    0x95, 0xF8, 0x10, 0x20, 0x20, 0x40, 0x38, 0x94, 0x6E, 0x38, 0x2C, 0x64, 0xBF, 0x18, 0x00, 0x02,
    0x02, 0x41, 0x81, 0x82, 0x46, 0x38, 0x18, 0x00, 0x00, 0x00, 0x44, 0x14, 0x0E, 0x08, 0x8C, 0x3C,
    0x00, 0x41, 0x22, 0x70, 0x40, 0x00, 0x46, 0x7C, 0x21, 0x15, 0x19, 0x38, 0x11, 0xC5, 0x22, 0x78,
    0x30, 0x20, 0xC4, 0x95, 0x77, 0xF0, 0x38, 0x51, 0x22, 0x8F, 0xE9, 0x0A, 0x08, 0x32, 0xD2, 0xF1,
    0x59, 0x00, 0x31, 0x64, 0x9F, 0x12, 0xC4, 0x00, 0x03, 0x82, 0x01, 0x08, 0xC8, 0x14, 0x09, 0x0C,
    0x78, 0x42, 0x40, 0xE0, 0x48, 0x63, 0xC0, 0x03, 0x82, 0x01, 0x08, 0xC8, 0x14, 0x09, 0x0C, 0x78,
    0x00, 0x0A, 0x00, 0x42, 0x40, 0xE0, 0x48, 0x63, 0xC0, 0x00, 0x60, 0x44, 0x9C, 0x28, 0x21, 0x3E,
    0x07, 0x00, 0x47, 0x65, 0x89, 0x90, 0xC0, 0x82, 0x89, 0x3E, 0x42, 0x59, 0x18, 0x84, 0x41, 0x20,
    0x50, 0x18, 0x0C, 0x3B, 0x80, 0xC2, 0x3C, 0x71, 0x64, 0x60, 0x85, 0x25, 0xF0, 0x40, 0x84, 0xE4,
    0xC4, 0x44, 0x24, 0x14, 0x0C, 0x0C, 0x77, 0x0C, 0x1C, 0x59, 0x18, 0x21, 0x49, 0x7C, 0x06, 0x10,
    0x60, 0x04, 0x04, 0xC4, 0x44, 0x24, 0x14, 0x0C, 0x0C, 0x77, 0x00, 0x30, 0x20, 0x30, 0x0C, 0x1C,
    0x59, 0x18, 0x21, 0x49, 0x7C, 0x04, 0x04, 0xC4, 0x44, 0x24, 0x14, 0x0C, 0x0C, 0x77,
};

static const EpdGlyph ubuntu_c12_regularGlyphs[] = {
    { 1, 1, 0, 0, 1, 1, 0 }, // U+0000
    { 1, 1, 0, 0, 1, 1, 1 }, // U+0008
    { 1, 1, 48, 0, 1, 1, 2 }, // U+0009
    { 1, 1, 48, 0, 1, 1, 3 }, // U+000D
    { 1, 1, 0, 0, 1, 1, 4 }, // U+001D
    { 1, 1, 48, 0, 1, 1, 5 }, // U+0020
    { 1, 8, 48, 1, 8, 1, 6 }, // !
    { 3, 3, 80, 1, 9, 2, 7 }, // "
    { 6, 8, 128, 1, 8, 6, 9 }, // #
    { 5, 12, 112, 1, 10, 8, 15 }, // $
    { 8, 8, 160, 1, 8, 8, 23 }, // %
    { 7, 8, 128, 1, 8, 7, 31 }, // &
    { 1, 3, 48, 1, 9, 1, 38 }, // '
    { 3, 11, 64, 1, 9, 5, 39 }, // (
    { 3, 11, 64, 0, 9, 5, 44 }, // )
    { 5, 5, 96, 1, 8, 4, 49 }, // *
    { 5, 5, 112, 1, 6, 4, 53 }, // +
    { 2, 4, 48, 0, 2, 1, 57 }, // ,
    { 3, 1, 80, 1, 4, 1, 58 }, // -
    { 1, 2, 48, 1, 2, 1, 59 }, // .
    { 5, 11, 80, 0, 9, 7, 60 }, // /
    { 5, 8, 112, 1, 8, 5, 67 }, // 0
    { 3, 8, 112, 1, 8, 3, 72 }, // 1
    { 5, 8, 112, 1, 8, 5, 75 }, // 2
    { 5, 8, 112, 1, 8, 5, 80 }, // 3
    { 5, 8, 112, 1, 8, 5, 85 }, // 4
    { 5, 8, 112, 1, 8, 5, 90 }, // 5
    { 5, 8, 112, 1, 8, 5, 95 }, // 6
    { 5, 8, 112, 1, 8, 5, 100 }, // 7
    { 5, 8, 112, 1, 8, 5, 105 }, // 8
    { 5, 8, 112, 1, 8, 5, 110 }, // 9
    { 1, 7, 48, 1, 7, 1, 115 }, // :
    { 2, 9, 48, 0, 7, 3, 116 }, // ;
    { 5, 5, 112, 1, 6, 4, 119 }, // <
    { 5, 3, 112, 1, 4, 2, 123 }, // =
    { 5, 5, 112, 1, 6, 4, 125 }, // >
    { 4, 8, 80, 1, 8, 4, 129 }, // ?
    { 9, 9, 176, 1, 8, 11, 133 }, // @
    { 7, 8, 112, 0, 8, 7, 144 }, // A
    { 6, 8, 128, 1, 8, 6, 151 }, // B
    { 6, 8, 128, 1, 8, 6, 157 }, // C
    { 7, 8, 144, 1, 8, 7, 163 }, // D
    { 5, 8, 112, 1, 8, 5, 170 }, // E
    { 5, 8, 96, 1, 8, 5, 175 }, // F
    { 6, 8, 128, 1, 8, 6, 180 }, // G
    { 6, 8, 128, 1, 8, 6, 186 }, // H
    { 1, 8, 48, 1, 8, 1, 192 }, // I
    { 5, 8, 96, 0, 8, 5, 193 }, // J
    { 6, 8, 128, 1, 8, 6, 198 }, // K
    { 5, 8, 96, 1, 8, 5, 204 }, // L
    { 9, 8, 176, 1, 8, 9, 209 }, // M
    { 7, 8, 144, 1, 8, 7, 218 }, // N
    { 7, 8, 144, 1, 8, 7, 225 }, // O
    { 6, 8, 112, 1, 8, 6, 232 }, // P
    { 7, 10, 144, 1, 8, 9, 238 }, // Q
    { 7, 8, 128, 1, 8, 7, 247 }, // R
    { 4, 8, 96, 1, 8, 4, 254 }, // S
    { 7, 8, 112, 0, 8, 7, 258 }, // T
    { 6, 8, 128, 1, 8, 6, 265 }, // U
    { 7, 8, 112, 0, 8, 7, 271 }, // V
    { 11, 8, 176, 0, 8, 11, 278 }, // W
    { 7, 8, 112, 0, 8, 7, 289 }, // X
    { 7, 8, 112, 0, 8, 7, 296 }, // Y
    { 5, 8, 112, 1, 8, 5, 303 }, // Z
    { 3, 11, 64, 1, 9, 5, 308 }, // [
    { 5, 11, 80, 0, 9, 7, 313 }, // <backslash>
    { 3, 11, 64, 0, 9, 5, 320 }, // ]
    { 5, 5, 112, 1, 8, 4, 325 }, // ^
    { 6, 1, 96, 0, -1, 1, 329 }, // _
    { 2, 2, 80, 1, 9, 1, 330 }, // `
    { 4, 6, 96, 1, 6, 3, 331 }, // a
    { 5, 9, 112, 1, 9, 6, 334 }, // b
    { 5, 6, 112, 1, 6, 4, 340 }, // c
    { 5, 9, 112, 1, 9, 6, 344 }, // d
    { 5, 6, 112, 1, 6, 4, 350 }, // e
    { 4, 9, 80, 1, 9, 5, 354 }, // f
    { 5, 8, 112, 1, 6, 5, 359 }, // g
    { 5, 9, 112, 1, 9, 6, 364 }, // h
    { 1, 9, 48, 1, 9, 2, 370 }, // i
    { 3, 11, 48, -1, 9, 5, 372 }, // j
    { 5, 9, 96, 1, 9, 6, 377 }, // k
    { 2, 9, 48, 1, 9, 3, 383 }, // l
    { 9, 6, 176, 1, 6, 7, 386 }, // m
    { 5, 6, 112, 1, 6, 4, 393 }, // n
    { 5, 6, 112, 1, 6, 4, 397 }, // o
    { 5, 8, 112, 1, 6, 5, 401 }, // p
    { 5, 8, 112, 1, 6, 5, 406 }, // q
    { 4, 6, 80, 1, 6, 3, 411 }, // r
    { 4, 6, 96, 1, 6, 3, 414 }, // s
    { 4, 8, 96, 1, 8, 4, 417 }, // t
    { 5, 6, 112, 1, 6, 4, 421 }, // u
    { 5, 6, 80, 0, 6, 4, 425 }, // v
    { 9, 6, 144, 0, 6, 7, 429 }, // w
    { 6, 6, 96, 0, 6, 5, 436 }, // x
    { 5, 8, 80, 0, 6, 5, 441 }, // y
    { 4, 6, 96, 1, 6, 3, 446 }, // z
    { 3, 11, 64, 1, 9, 5, 449 }, // {
    { 1, 11, 48, 1, 9, 2, 454 }, // |
    { 3, 11, 64, 0, 9, 5, 456 }, // }
    { 6, 2, 112, 1, 5, 2, 461 }, // ~
    { 1, 1, 48, 0, 1, 1, 463 }, // U+00A0
    { 1, 8, 48, 1, 6, 1, 464 }, // U+00A1
    { 5, 10, 112, 1, 8, 7, 465 }, // U+00A2
    { 5, 8, 112, 1, 8, 5, 472 }, // U+00A3
    { 7, 7, 128, 0, 8, 7, 477 }, // U+00A4
    { 7, 8, 112, 0, 8, 7, 484 }, // U+00A5
    { 1, 11, 48, 1, 9, 2, 491 }, // U+00A6
    { 4, 10, 96, 1, 9, 5, 493 }, // U+00A7
    { 3, 1, 80, 1, 8, 1, 498 }, // U+00A8
    { 8, 8, 160, 1, 8, 8, 499 }, // U+00A9
    { 3, 5, 80, 1, 8, 2, 507 }, // U+00AA
    { 6, 5, 96, 0, 6, 4, 509 }, // U+00AB
    { 5, 4, 112, 1, 5, 3, 513 }, // U+00AC
    { 3, 1, 80, 1, 4, 1, 516 }, // U+00AD
    { 8, 8, 160, 1, 8, 8, 517 }, // U+00AE
    { 3, 1, 80, 1, 8, 1, 525 }, // U+00AF
    { 3, 4, 64, 1, 10, 2, 526 }, // U+00B0
    { 5, 7, 112, 1, 7, 5, 528 }, // U+00B1
    { 3, 5, 64, 0, 8, 2, 533 }, // U+00B2
    { 3, 5, 64, 0, 8, 2, 535 }, // U+00B3
    { 2, 2, 80, 2, 9, 1, 537 }, // U+00B4
    { 5, 8, 112, 1, 6, 5, 538 }, // U+00B5
    { 6, 10, 128, 1, 8, 8, 543 }, // U+00B6
    { 1, 2, 48, 1, 5, 1, 551 }, // U+00B7
    { 2, 2, 80, 1, 0, 1, 552 }, // U+00B8
    { 2, 5, 64, 1, 8, 2, 553 }, // U+00B9
    { 5, 4, 80, 0, 8, 3, 555 }, // U+00BA
    { 6, 5, 96, -1, 6, 4, 558 }, // U+00BB
    { 9, 9, 160, 1, 8, 11, 562 }, // U+00BC
    { 8, 9, 160, 1, 8, 9, 573 }, // U+00BD
    { 10, 9, 160, 0, 8, 12, 582 }, // U+00BE
    { 4, 8, 80, 1, 6, 4, 594 }, // U+00BF
    { 7, 11, 112, 0, 11, 10, 598 }, // U+00C0
    { 7, 11, 112, 0, 11, 10, 608 }, // U+00C1
    { 7, 11, 112, 0, 11, 10, 618 }, // U+00C2
    { 7, 11, 112, 0, 11, 10, 628 }, // U+00C3
    { 7, 10, 112, 0, 10, 9, 638 }, // U+00C4
    { 7, 10, 112, 0, 10, 9, 647 }, // U+00C5
    { 11, 8, 176, 0, 8, 11, 656 }, // U+00C6
    { 6, 11, 128, 1, 8, 9, 667 }, // U+00C7
    { 5, 11, 112, 1, 11, 7, 676 }, // U+00C8
    { 5, 11, 112, 1, 11, 7, 683 }, // U+00C9
    { 5, 11, 112, 1, 11, 7, 690 }, // U+00CA
    { 5, 10, 112, 1, 10, 7, 697 }, // U+00CB
    { 2, 11, 48, 0, 11, 3, 704 }, // U+00CC
    { 2, 11, 48, 1, 11, 3, 707 }, // U+00CD
    { 3, 11, 48, 0, 11, 5, 710 }, // U+00CE
    { 3, 10, 48, 0, 10, 4, 715 }, // U+00CF
    { 8, 8, 144, 0, 8, 8, 719 }, // U+00D0
    { 7, 11, 144, 1, 11, 10, 727 }, // U+00D1
    { 7, 11, 144, 1, 11, 10, 737 }, // U+00D2
    { 7, 11, 144, 1, 11, 10, 747 }, // U+00D3
    { 7, 11, 144, 1, 11, 10, 757 }, // U+00D4
    { 7, 11, 144, 1, 11, 10, 767 }, // U+00D5
    { 7, 10, 144, 1, 10, 9, 777 }, // U+00D6
    { 5, 5, 112, 1, 6, 4, 786 }, // U+00D7
    { 7, 8, 144, 1, 8, 7, 790 }, // U+00D8
    { 6, 11, 128, 1, 11, 9, 797 }, // U+00D9
    { 6, 11, 128, 1, 11, 9, 806 }, // U+00DA
    { 6, 11, 128, 1, 11, 9, 815 }, // U+00DB
    { 6, 10, 128, 1, 10, 8, 824 }, // U+00DC
    { 7, 11, 112, 0, 11, 10, 832 }, // U+00DD
    { 5, 8, 112, 1, 8, 5, 842 }, // U+00DE
    { 6, 9, 112, 1, 9, 7, 847 }, // U+00DF
    { 4, 9, 96, 1, 9, 5, 854 }, // U+00E0
    { 4, 9, 96, 1, 9, 5, 859 }, // U+00E1
    { 4, 9, 96, 1, 9, 5, 864 }, // U+00E2
    { 4, 9, 96, 1, 9, 5, 869 }, // U+00E3
    { 4, 8, 96, 1, 8, 4, 874 }, // U+00E4
    { 4, 10, 96, 1, 10, 5, 878 }, // U+00E5
    { 8, 6, 160, 1, 6, 6, 883 }, // U+00E6
    { 5, 9, 112, 1, 6, 6, 889 }, // U+00E7
    { 5, 9, 112, 1, 9, 6, 895 }, // U+00E8
    { 5, 9, 112, 1, 9, 6, 901 }, // U+00E9
    { 5, 9, 112, 1, 9, 6, 907 }, // U+00EA
    { 5, 8, 112, 1, 8, 5, 913 }, // U+00EB
    { 2, 9, 48, 0, 9, 3, 918 }, // U+00EC
    { 2, 9, 48, 1, 9, 3, 921 }, // U+00ED
    { 3, 9, 48, 0, 9, 4, 924 }, // U+00EE
    { 3, 8, 48, 0, 8, 3, 928 }, // U+00EF
    { 6, 9, 112, 1, 9, 7, 931 }, // U+00F0
    { 5, 9, 112, 1, 9, 6, 938 }, // U+00F1
    { 5, 9, 112, 1, 9, 6, 944 }, // U+00F2
    { 5, 9, 112, 1, 9, 6, 950 }, // U+00F3
    { 5, 9, 112, 1, 9, 6, 956 }, // U+00F4
    { 5, 9, 112, 1, 9, 6, 962 }, // U+00F5
    { 5, 8, 112, 1, 8, 5, 968 }, // U+00F6
    { 5, 5, 112, 1, 6, 4, 973 }, // U+00F7
    { 5, 6, 112, 1, 6, 4, 977 }, // U+00F8
    { 5, 9, 112, 1, 9, 6, 981 }, // U+00F9
    { 5, 9, 112, 1, 9, 6, 987 }, // U+00FA
    { 5, 9, 112, 1, 9, 6, 993 }, // U+00FB
    { 5, 8, 112, 1, 8, 5, 999 }, // U+00FC
    { 5, 11, 80, 0, 9, 7, 1004 }, // U+00FD
    { 5, 11, 112, 1, 9, 7, 1011 }, // U+00FE
    { 5, 10, 80, 0, 8, 7, 1018 }, // U+00FF
    { 7, 10, 112, 0, 10, 9, 1025 }, // U+0100
    { 4, 8, 96, 1, 8, 4, 1034 }, // U+0101
    { 7, 11, 112, 0, 11, 10, 1038 }, // U+0102
    { 4, 9, 96, 1, 9, 5, 1048 }, // U+0103
    { 7, 10, 112, 0, 8, 9, 1053 }, // U+0104
    { 4, 8, 96, 1, 6, 4, 1062 }, // U+0105
    { 6, 11, 128, 1, 11, 9, 1066 }, // U+0106
    { 5, 9, 112, 1, 9, 6, 1075 }, // U+0107
    { 6, 11, 128, 1, 11, 9, 1081 }, // U+0108
    { 5, 9, 112, 1, 9, 6, 1090 }, // U+0109
    { 6, 10, 128, 1, 10, 8, 1096 }, // U+010A
    { 5, 8, 112, 1, 8, 5, 1104 }, // U+010B
    { 6, 11, 128, 1, 11, 9, 1109 }, // U+010C
    { 5, 9, 112, 1, 9, 6, 1118 }, // U+010D
    { 7, 11, 144, 1, 11, 10, 1124 }, // U+010E
    { 7, 9, 112, 1, 9, 8, 1134 }, // U+010F
    { 8, 8, 144, 0, 8, 8, 1142 }, // U+0110
    { 6, 9, 112, 1, 9, 7, 1150 }, // U+0111
    { 5, 10, 112, 1, 10, 7, 1157 }, // U+0112
    { 5, 8, 112, 1, 8, 5, 1164 }, // U+0113
    { 5, 11, 112, 1, 11, 7, 1169 }, // U+0114
    { 5, 9, 112, 1, 9, 6, 1176 }, // U+0115
    { 5, 10, 112, 1, 10, 7, 1182 }, // U+0116
    { 5, 8, 112, 1, 8, 5, 1189 }, // U+0117
    { 5, 10, 112, 1, 8, 7, 1194 }, // U+0118
    { 5, 8, 112, 1, 6, 5, 1201 }, // U+0119
    { 5, 11, 112, 1, 11, 7, 1206 }, // U+011A
    { 5, 10, 112, 1, 10, 7, 1213 }, // U+011B
    { 6, 11, 128, 1, 11, 9, 1220 }, // U+011C
    { 5, 11, 112, 1, 9, 7, 1229 }, // U+011D
    { 6, 11, 128, 1, 11, 9, 1236 }, // U+011E
    { 5, 11, 112, 1, 9, 7, 1245 }, // U+011F
    { 6, 10, 128, 1, 10, 8, 1252 }, // U+0120
    { 5, 10, 112, 1, 8, 7, 1260 }, // U+0121
    { 6, 11, 128, 1, 8, 9, 1267 }, // U+0122
    { 5, 11, 112, 1, 9, 7, 1276 }, // U+0123
    { 6, 11, 128, 1, 11, 9, 1283 }, // U+0124
    { 5, 12, 112, 1, 12, 8, 1292 }, // U+0125
    { 9, 8, 144, 0, 8, 9, 1300 }, // U+0126
    { 6, 9, 112, 0, 9, 7, 1309 }, // U+0127
    { 4, 11, 48, -1, 11, 6, 1316 }, // U+0128
    { 4, 9, 48, -1, 9, 5, 1322 }, // U+0129
    { 3, 10, 48, 0, 10, 4, 1327 }, // U+012A
    { 3, 8, 48, 0, 8, 3, 1331 }, // U+012B
    { 4, 11, 48, -1, 11, 6, 1334 }, // U+012C
    { 4, 9, 48, -1, 9, 5, 1340 }, // U+012D
    { 2, 10, 48, 0, 8, 3, 1345 }, // U+012E
    { 2, 11, 48, 0, 9, 3, 1348 }, // U+012F
    { 1, 10, 48, 1, 10, 2, 1351 }, // U+0130
    { 1, 6, 48, 1, 6, 1, 1353 }, // U+0131
    { 7, 8, 144, 1, 8, 7, 1354 }, // U+0132
    { 4, 11, 96, 1, 9, 6, 1361 }, // U+0133
    { 6, 11, 96, 0, 11, 9, 1367 }, // U+0134
    { 4, 11, 48, -1, 9, 6, 1376 }, // U+0135
    { 6, 11, 128, 1, 8, 9, 1382 }, // U+0136
    { 5, 12, 96, 1, 9, 8, 1391 }, // U+0137
    { 5, 6, 96, 1, 6, 4, 1399 }, // U+0138
    { 5, 11, 96, 1, 11, 7, 1403 }, // U+0139
    { 3, 12, 48, 1, 12, 5, 1410 }, // U+013A
    { 5, 11, 96, 1, 8, 7, 1415 }, // U+013B
    { 3, 12, 48, 0, 9, 5, 1422 }, // U+013C
    { 5, 8, 96, 1, 8, 5, 1427 }, // U+013D
    { 3, 9, 48, 1, 9, 4, 1432 }, // U+013E
    { 5, 8, 96, 1, 8, 5, 1436 }, // U+013F
    { 3, 9, 64, 1, 9, 4, 1441 }, // U+0140
    { 6, 8, 96, 0, 8, 6, 1445 }, // U+0141
    { 4, 9, 64, 0, 9, 5, 1451 }, // U+0142
    { 7, 11, 144, 1, 11, 10, 1456 }, // U+0143
    { 5, 9, 112, 1, 9, 6, 1466 }, // U+0144
    { 7, 11, 144, 1, 8, 10, 1472 }, // U+0145
    { 5, 9, 112, 1, 6, 6, 1482 }, // U+0146
    { 7, 11, 144, 1, 11, 10, 1488 }, // U+0147
    { 5, 9, 112, 1, 9, 6, 1498 }, // U+0148
    { 6, 10, 112, 0, 10, 8, 1504 }, // U+0149
    { 7, 10, 144, 1, 8, 9, 1512 }, // U+014A
    { 5, 8, 112, 1, 6, 5, 1521 }, // U+014B
    { 7, 10, 144, 1, 10, 9, 1526 }, // U+014C
    { 5, 8, 112, 1, 8, 5, 1535 }, // U+014D
    { 7, 11, 144, 1, 11, 10, 1540 }, // U+014E
    { 5, 9, 112, 1, 9, 6, 1550 }, // U+014F
    { 7, 11, 144, 1, 11, 10, 1556 }, // U+0150
    { 5, 9, 112, 1, 9, 6, 1566 }, // U+0151
    { 11, 8, 192, 1, 8, 11, 1572 }, // U+0152
    { 9, 6, 176, 1, 6, 7, 1583 }, // U+0153
    { 7, 11, 128, 1, 11, 10, 1590 }, // U+0154
    { 4, 9, 80, 1, 9, 5, 1600 }, // U+0155
    { 7, 11, 128, 1, 8, 10, 1605 }, // U+0156
    { 5, 9, 80, 0, 6, 6, 1615 }, // U+0157
    { 7, 11, 128, 1, 11, 10, 1621 }, // U+0158
    { 4, 9, 80, 1, 9, 5, 1631 }, // U+0159
    { 4, 11, 96, 1, 11, 6, 1636 }, // U+015A
    { 4, 9, 96, 1, 9, 5, 1642 }, // U+015B
    { 4, 11, 96, 1, 11, 6, 1647 }, // U+015C
    { 4, 9, 96, 1, 9, 5, 1653 }, // U+015D
    { 4, 11, 96, 1, 8, 6, 1658 }, // U+015E
    { 3, 9, 80, 1, 6, 4, 1664 }, // U+015F
    { 4, 11, 96, 1, 11, 6, 1668 }, // U+0160
    { 4, 9, 96, 1, 9, 5, 1674 }, // U+0161
    { 7, 11, 112, 0, 8, 10, 1679 }, // U+0162
    { 4, 11, 80, 1, 8, 6, 1689 }, // U+0163
    { 7, 11, 112, 0, 11, 10, 1695 }, // U+0164
    { 4, 9, 96, 1, 9, 5, 1705 }, // U+0165
    { 7, 8, 112, 0, 8, 7, 1710 }, // U+0166
    { 4, 8, 96, 1, 8, 4, 1717 }, // U+0167
    { 6, 11, 128, 1, 11, 9, 1721 }, // U+0168
    { 5, 9, 112, 1, 9, 6, 1730 }, // U+0169
    { 6, 10, 128, 1, 10, 8, 1736 }, // U+016A
    { 5, 8, 112, 1, 8, 5, 1744 }, // U+016B
    { 6, 11, 128, 1, 11, 9, 1749 }, // U+016C
    { 5, 9, 112, 1, 9, 6, 1758 }, // U+016D
    { 6, 12, 128, 1, 12, 9, 1764 }, // U+016E
    { 5, 10, 112, 1, 10, 7, 1773 }, // U+016F
    { 6, 11, 128, 1, 11, 9, 1780 }, // U+0170
    { 5, 9, 112, 1, 9, 6, 1789 }, // U+0171
    { 6, 10, 128, 1, 8, 8, 1795 }, // U+0172
    { 5, 8, 112, 1, 6, 5, 1803 }, // U+0173
    { 11, 11, 176, 0, 11, 16, 1808 }, // U+0174
    { 9, 9, 144, 0, 9, 11, 1824 }, // U+0175
    { 7, 11, 112, 0, 11, 10, 1835 }, // U+0176
    { 5, 11, 80, 0, 9, 7, 1845 }, // U+0177
    { 7, 10, 112, 0, 10, 9, 1852 }, // U+0178
    { 5, 11, 112, 1, 11, 7, 1861 }, // U+0179
    { 4, 9, 96, 1, 9, 5, 1868 }, // U+017A
    { 5, 10, 112, 1, 10, 7, 1873 }, // U+017B
    { 4, 8, 96, 1, 8, 4, 1880 }, // U+017C
    { 5, 11, 112, 1, 11, 7, 1884 }, // U+017D
    { 4, 9, 96, 1, 9, 5, 1891 }, // U+017E
    { 4, 9, 48, 1, 9, 5, 1896 }, // U+017F
    { 7, 9, 144, 1, 9, 8, 1901 }, // U+01A0
    { 6, 7, 112, 1, 7, 6, 1909 }, // U+01A1
    { 8, 10, 144, 1, 10, 10, 1915 }, // U+01AF
    { 7, 8, 112, 1, 8, 7, 1925 }, // U+01B0
    { 14, 11, 240, 1, 11, 20, 1932 }, // U+01C4
    { 13, 9, 224, 1, 9, 15, 1952 }, // U+01C5
    { 11, 9, 208, 1, 9, 13, 1967 }, // U+01C6
    { 10, 8, 192, 1, 8, 10, 1980 }, // U+01C7
    { 7, 11, 144, 1, 9, 10, 1990 }, // U+01C8
    { 4, 11, 96, 1, 9, 6, 2000 }, // U+01C9
    { 13, 8, 240, 1, 8, 13, 2006 }, // U+01CA
    { 10, 11, 192, 1, 9, 14, 2019 }, // U+01CB
    { 8, 11, 160, 1, 9, 11, 2033 }, // U+01CC
    { 7, 11, 112, 0, 11, 10, 2044 }, // U+01CD
    { 4, 9, 96, 1, 9, 5, 2054 }, // U+01CE
    { 3, 11, 48, 0, 11, 5, 2059 }, // U+01CF
    { 3, 9, 48, 0, 9, 4, 2064 }, // U+01D0
    { 7, 11, 144, 1, 11, 10, 2068 }, // U+01D1
    { 5, 9, 112, 1, 9, 6, 2078 }, // U+01D2
    { 6, 11, 128, 1, 11, 9, 2084 }, // U+01D3
    { 5, 9, 112, 1, 9, 6, 2093 }, // U+01D4
    { 6, 12, 128, 1, 12, 9, 2099 }, // U+01D5
    { 5, 10, 112, 1, 10, 7, 2108 }, // U+01D6
    { 6, 12, 128, 1, 12, 9, 2115 }, // U+01D7
    { 5, 11, 112, 1, 11, 7, 2124 }, // U+01D8
    { 6, 13, 128, 1, 13, 10, 2131 }, // U+01D9
    { 5, 11, 112, 1, 11, 7, 2141 }, // U+01DA
    { 6, 12, 128, 1, 12, 9, 2148 }, // U+01DB
    { 5, 11, 112, 1, 11, 7, 2157 }, // U+01DC
    { 5, 6, 112, 1, 6, 4, 2164 }, // U+01DD
    { 7, 12, 112, 0, 12, 11, 2168 }, // U+01DE
    { 4, 10, 96, 1, 10, 5, 2179 }, // U+01DF
    { 7, 12, 112, 0, 12, 11, 2184 }, // U+01E0
    { 4, 10, 96, 1, 10, 5, 2195 }, // U+01E1
    { 11, 10, 176, 0, 10, 14, 2200 }, // U+01E2
    { 8, 8, 160, 1, 8, 8, 2214 }, // U+01E3
    { 7, 8, 128, 1, 8, 7, 2222 }, // U+01E4
    { 6, 8, 112, 1, 6, 6, 2229 }, // U+01E5
    { 6, 11, 128, 1, 11, 9, 2235 }, // U+01E6
    { 5, 11, 112, 1, 9, 7, 2244 }, // U+01E7
    { 6, 11, 128, 1, 11, 9, 2251 }, // U+01E8
    { 5, 12, 96, 1, 12, 8, 2260 }, // U+01E9
    { 7, 10, 144, 1, 8, 9, 2268 }, // U+01EA
    { 5, 8, 112, 1, 6, 5, 2277 }, // U+01EB
    { 7, 12, 144, 1, 10, 11, 2282 }, // U+01EC
    { 5, 10, 112, 1, 8, 7, 2293 }, // U+01ED
    { 6, 11, 112, 0, 11, 9, 2300 }, // U+01EE
    { 6, 11, 96, 0, 9, 9, 2309 }, // U+01EF
    { 4, 11, 48, -1, 9, 6, 2318 }, // U+01F0
    { 14, 8, 240, 1, 8, 14, 2324 }, // U+01F1
    { 13, 8, 224, 1, 8, 13, 2338 }, // U+01F2
    { 11, 9, 208, 1, 9, 13, 2351 }, // U+01F3
    { 6, 11, 128, 1, 11, 9, 2364 }, // U+01F4
    { 5, 11, 112, 1, 9, 7, 2373 }, // U+01F5
    { 11, 8, 208, 1, 8, 11, 2380 }, // U+01F6
    { 6, 10, 128, 1, 8, 8, 2391 }, // U+01F7
    { 7, 11, 144, 1, 11, 10, 2399 }, // U+01F8
    { 5, 9, 112, 1, 9, 6, 2409 }, // U+01F9
    { 7, 12, 112, 0, 12, 11, 2415 }, // U+01FA
    { 4, 12, 96, 1, 12, 6, 2426 }, // U+01FB
    { 11, 11, 176, 0, 11, 16, 2432 }, // U+01FC
    { 8, 9, 160, 1, 9, 9, 2448 }, // U+01FD
    { 7, 11, 144, 1, 11, 10, 2457 }, // U+01FE
    { 5, 9, 112, 1, 9, 6, 2467 }, // U+01FF
    { 7, 11, 112, 0, 11, 10, 2473 }, // U+0200
    { 5, 9, 96, 0, 9, 6, 2483 }, // U+0201
    { 7, 11, 112, 0, 11, 10, 2489 }, // U+0202
    { 4, 9, 96, 1, 9, 5, 2499 }, // U+0203
    { 5, 11, 112, 1, 11, 7, 2504 }, // U+0204
    { 5, 9, 112, 1, 9, 6, 2511 }, // U+0205
    { 5, 11, 112, 1, 11, 7, 2517 }, // U+0206
    { 5, 9, 112, 1, 9, 6, 2524 }, // U+0207
    { 4, 11, 48, -1, 11, 6, 2530 }, // U+0208
    { 4, 9, 48, -1, 9, 5, 2536 }, // U+0209
    { 4, 11, 48, -1, 11, 6, 2541 }, // U+020A
    { 4, 9, 48, -1, 9, 5, 2547 }, // U+020B
    { 7, 11, 144, 1, 11, 10, 2552 }, // U+020C
    { 5, 9, 112, 1, 9, 6, 2562 }, // U+020D
    { 7, 11, 144, 1, 11, 10, 2568 }, // U+020E
    { 5, 9, 112, 1, 9, 6, 2578 }, // U+020F
    { 7, 11, 128, 1, 11, 10, 2584 }, // U+0210
    { 4, 9, 80, 1, 9, 5, 2594 }, // U+0211
    { 7, 11, 128, 1, 11, 10, 2599 }, // U+0212
    { 4, 9, 80, 1, 9, 5, 2609 }, // U+0213
    { 6, 11, 128, 1, 11, 9, 2614 }, // U+0214
    { 5, 9, 112, 1, 9, 6, 2623 }, // U+0215
    { 6, 11, 128, 1, 11, 9, 2629 }, // U+0216
    { 5, 9, 112, 1, 9, 6, 2638 }, // U+0217
    { 4, 11, 96, 1, 8, 6, 2644 }, // U+0218
    { 4, 9, 96, 1, 6, 5, 2650 }, // U+0219
    { 7, 11, 112, 0, 8, 10, 2655 }, // U+021A
    { 4, 11, 96, 1, 8, 6, 2665 }, // U+021B
    { 5, 10, 96, 0, 8, 7, 2671 }, // U+021C
    { 4, 8, 80, 0, 6, 4, 2678 }, // U+021D
    { 6, 11, 128, 1, 11, 9, 2682 }, // U+021E
    { 5, 12, 112, 1, 12, 8, 2691 }, // U+021F
    { 3, 2, 0, -6, 10, 1, 2699 }, // U+0300
    { 2, 2, 0, -3, 10, 1, 2700 }, // U+0301
    { 4, 2, 0, -2, 10, 1, 2701 }, // U+0302
    { 4, 2, 0, -6, 10, 1, 2702 }, // U+0303
    { 4, 1, 0, -2, 9, 1, 2703 }, // U+0304
    { 4, 2, 0, -2, 10, 1, 2704 }, // U+0306
    { 2, 1, 0, -1, 9, 1, 2705 }, // U+0307
    { 4, 1, 0, -2, 9, 1, 2706 }, // U+0308
    { 2, 3, 0, -1, 11, 1, 2707 }, // U+030A
    { 5, 2, 0, -2, 10, 2, 2708 }, // U+030B
    { 4, 2, 0, -2, 10, 1, 2710 }, // U+030C
    { 4, 2, 80, 1, 9, 1, 2711 }, // U+0311
    { 2, 3, 0, -1, 9, 1, 2712 }, // U+0312
    { 2, 2, 0, -1, -1, 1, 2713 }, // U+0326
    { 2, 3, 0, -1, 0, 1, 2714 }, // U+0327
    { 2, 3, 0, -1, 0, 1, 2715 }, // U+0328
    { 1, 1, 0, 0, 1, 1, 2716 }, // U+034F
    { 5, 11, 112, 1, 11, 7, 2717 }, // U+0400
    { 5, 10, 112, 1, 10, 7, 2724 }, // U+0401
    { 8, 8, 144, 0, 8, 8, 2731 }, // U+0402
    { 5, 11, 96, 1, 11, 7, 2739 }, // U+0403
    { 6, 8, 112, 1, 8, 6, 2746 }, // U+0404
    { 4, 8, 96, 1, 8, 4, 2752 }, // U+0405
    { 1, 8, 48, 1, 8, 1, 2756 }, // U+0406
    { 3, 10, 48, 0, 10, 4, 2757 }, // U+0407
    { 5, 8, 96, 0, 8, 5, 2761 }, // U+0408
    { 12, 8, 208, 0, 8, 12, 2766 }, // U+0409
    { 10, 8, 192, 1, 8, 10, 2778 }, // U+040A
    { 8, 8, 144, 0, 8, 8, 2788 }, // U+040B
    { 6, 11, 128, 1, 11, 9, 2796 }, // U+040C
    { 7, 11, 144, 1, 11, 10, 2805 }, // U+040D
    { 7, 11, 112, 0, 11, 10, 2815 }, // U+040E
    { 6, 10, 128, 1, 8, 8, 2825 }, // U+040F
    { 7, 8, 112, 0, 8, 7, 2833 }, // U+0410
    { 6, 8, 128, 1, 8, 6, 2840 }, // U+0411
    { 6, 8, 128, 1, 8, 6, 2846 }, // U+0412
    { 5, 8, 96, 1, 8, 5, 2852 }, // U+0413
    { 9, 10, 144, 0, 8, 12, 2857 }, // U+0414
    { 5, 8, 112, 1, 8, 5, 2869 }, // U+0415
    { 11, 8, 176, 0, 8, 11, 2874 }, // U+0416
    { 6, 8, 112, 0, 8, 6, 2885 }, // U+0417
    { 7, 8, 144, 1, 8, 7, 2891 }, // U+0418
    { 7, 11, 144, 1, 11, 10, 2898 }, // U+0419
    { 6, 8, 128, 1, 8, 6, 2908 }, // U+041A
    { 7, 8, 128, 0, 8, 7, 2914 }, // U+041B
    { 9, 8, 176, 1, 8, 9, 2921 }, // U+041C
    { 6, 8, 128, 1, 8, 6, 2930 }, // U+041D
    { 7, 8, 144, 1, 8, 7, 2936 }, // U+041E
    { 6, 8, 128, 1, 8, 6, 2943 }, // U+041F
    { 6, 8, 112, 1, 8, 6, 2949 }, // U+0420
    { 6, 8, 128, 1, 8, 6, 2955 }, // U+0421
    { 7, 8, 112, 0, 8, 7, 2961 }, // U+0422
    { 7, 8, 112, 0, 8, 7, 2968 }, // U+0423
    { 9, 9, 176, 1, 9, 11, 2975 }, // U+0424
    { 7, 8, 112, 0, 8, 7, 2986 }, // U+0425
    { 7, 10, 144, 1, 8, 9, 2993 }, // U+0426
    { 6, 8, 128, 1, 8, 6, 3002 }, // U+0427
    { 9, 8, 176, 1, 8, 9, 3008 }, // U+0428
    { 10, 10, 176, 1, 8, 13, 3017 }, // U+0429
    { 8, 8, 144, 0, 8, 8, 3030 }, // U+042A
    { 8, 8, 160, 1, 8, 8, 3038 }, // U+042B
    { 5, 8, 112, 1, 8, 5, 3046 }, // U+042C
    { 6, 8, 112, 0, 8, 6, 3051 }, // U+042D
    { 10, 8, 192, 1, 8, 10, 3057 }, // U+042E
    { 7, 8, 128, 0, 8, 7, 3067 }, // U+042F
    { 4, 6, 96, 1, 6, 3, 3074 }, // U+0430
    { 5, 9, 112, 1, 9, 6, 3077 }, // U+0431
    { 5, 6, 112, 1, 6, 4, 3083 }, // U+0432
    { 4, 6, 80, 1, 6, 3, 3087 }, // U+0433
    { 7, 8, 112, 0, 6, 7, 3090 }, // U+0434
    { 5, 6, 112, 1, 6, 4, 3097 }, // U+0435
    { 9, 6, 144, 0, 6, 7, 3101 }, // U+0436
    { 4, 6, 96, 1, 6, 3, 3108 }, // U+0437
    { 5, 6, 112, 1, 6, 4, 3111 }, // U+0438
    { 5, 9, 112, 1, 9, 6, 3115 }, // U+0439
    { 5, 6, 96, 1, 6, 4, 3121 }, // U+043A
    { 6, 6, 112, 0, 6, 5, 3125 }, // U+043B
    { 7, 6, 144, 1, 6, 6, 3130 }, // U+043C
    { 5, 6, 112, 1, 6, 4, 3136 }, // U+043D
    { 5, 6, 112, 1, 6, 4, 3140 }, // U+043E
    { 5, 6, 112, 1, 6, 4, 3144 }, // U+043F
    { 5, 8, 112, 1, 6, 5, 3148 }, // U+0440
    { 5, 6, 112, 1, 6, 4, 3153 }, // U+0441
    { 5, 6, 80, 0, 6, 4, 3157 }, // U+0442
    { 5, 8, 80, 0, 6, 5, 3161 }, // U+0443
    { 7, 11, 144, 1, 9, 10, 3166 }, // U+0444
    { 6, 6, 96, 0, 6, 5, 3176 }, // U+0445
    { 6, 8, 112, 1, 6, 6, 3181 }, // U+0446
    { 4, 6, 96, 1, 6, 3, 3187 }, // U+0447
    { 7, 6, 144, 1, 6, 6, 3190 }, // U+0448
    { 8, 8, 144, 1, 6, 8, 3196 }, // U+0449
    { 6, 6, 112, 0, 6, 5, 3204 }, // U+044A
    { 7, 6, 144, 1, 6, 6, 3209 }, // U+044B
    { 4, 6, 96, 1, 6, 3, 3215 }, // U+044C
    { 5, 6, 96, 0, 6, 4, 3218 }, // U+044D
    { 8, 6, 160, 1, 6, 6, 3222 }, // U+044E
    { 5, 6, 112, 1, 6, 4, 3228 }, // U+044F
    { 5, 9, 112, 1, 9, 6, 3232 }, // U+0450
    { 5, 8, 112, 1, 8, 5, 3238 }, // U+0451
    { 6, 11, 112, 0, 9, 9, 3243 }, // U+0452
    { 4, 9, 80, 1, 9, 5, 3252 }, // U+0453
    { 5, 6, 96, 1, 6, 4, 3257 }, // U+0454
    { 4, 6, 96, 1, 6, 3, 3261 }, // U+0455
    { 1, 9, 48, 1, 9, 2, 3264 }, // U+0456
    { 3, 8, 48, 0, 8, 3, 3266 }, // U+0457
    { 3, 11, 48, -1, 9, 5, 3269 }, // U+0458
    { 9, 6, 160, 0, 6, 7, 3274 }, // U+0459
    { 8, 6, 160, 1, 6, 6, 3281 }, // U+045A
    { 6, 9, 112, 0, 9, 7, 3287 }, // U+045B
    { 5, 9, 96, 1, 9, 6, 3294 }, // U+045C
    { 5, 9, 112, 1, 9, 6, 3300 }, // U+045D
    { 6, 11, 80, 0, 9, 9, 3306 }, // U+045E
    { 5, 8, 112, 1, 6, 5, 3315 }, // U+045F
    { 8, 9, 144, 0, 9, 9, 3320 }, // U+0462
    { 6, 9, 112, 0, 9, 7, 3329 }, // U+0463
    { 7, 8, 144, 1, 8, 7, 3336 }, // U+0472
    { 5, 6, 112, 1, 6, 4, 3343 }, // U+0473
    { 9, 8, 144, 0, 8, 9, 3347 }, // U+0474
    { 6, 6, 96, 0, 6, 5, 3356 }, // U+0475
    { 8, 13, 144, 1, 11, 13, 3361 }, // U+048A
    { 6, 11, 112, 1, 9, 9, 3374 }, // U+048B
    { 7, 9, 128, 0, 9, 8, 3383 }, // U+048C
    { 5, 6, 96, 0, 6, 4, 3391 }, // U+048D
    { 6, 8, 112, 1, 8, 6, 3395 }, // U+048E
    { 5, 8, 112, 1, 6, 5, 3401 }, // U+048F
    { 5, 10, 96, 1, 10, 7, 3406 }, // U+0490
    { 4, 8, 80, 1, 8, 4, 3413 }, // U+0491
    { 6, 8, 96, 0, 8, 6, 3417 }, // U+0492
    { 5, 6, 80, 0, 6, 4, 3423 }, // U+0493
    { 5, 10, 112, 1, 8, 7, 3427 }, // U+0494
    { 5, 8, 112, 1, 6, 5, 3434 }, // U+0495
    { 11, 10, 176, 0, 8, 14, 3439 }, // U+0496
    { 9, 8, 144, 0, 6, 9, 3453 }, // U+0497
    { 6, 11, 112, 0, 8, 9, 3462 }, // U+0498
    { 4, 9, 96, 1, 6, 5, 3471 }, // U+0499
    { 7, 10, 128, 1, 8, 9, 3476 }, // U+049A
    { 6, 8, 112, 1, 6, 6, 3485 }, // U+049B
    { 7, 8, 128, 1, 8, 7, 3491 }, // U+049C
    { 7, 6, 128, 1, 6, 6, 3498 }, // U+049D
    { 7, 8, 128, 0, 8, 7, 3504 }, // U+049E
    { 7, 6, 112, 0, 6, 6, 3511 }, // U+049F
    { 8, 8, 144, 0, 8, 8, 3517 }, // U+04A0
    { 7, 6, 112, 0, 6, 6, 3525 }, // U+04A1
    { 8, 10, 144, 1, 8, 10, 3531 }, // U+04A2
    { 6, 8, 112, 1, 6, 6, 3541 }, // U+04A3
    { 9, 8, 160, 1, 8, 9, 3547 }, // U+04A4
    { 7, 6, 128, 1, 6, 6, 3556 }, // U+04A5
    { 10, 10, 192, 1, 8, 13, 3562 }, // U+04A6
    { 8, 8, 160, 1, 6, 8, 3575 }, // U+04A7
    { 7, 10, 144, 1, 8, 9, 3583 }, // U+04A8
    { 5, 8, 112, 1, 6, 5, 3592 }, // U+04A9
    { 6, 11, 128, 1, 8, 9, 3597 }, // U+04AA
    { 5, 9, 112, 1, 6, 6, 3606 }, // U+04AB
    { 7, 10, 112, 0, 8, 9, 3612 }, // U+04AC
    { 5, 8, 80, 0, 6, 5, 3621 }, // U+04AD
    { 7, 8, 112, 0, 8, 7, 3626 }, // U+04AE
    { 5, 8, 80, 0, 6, 5, 3633 }, // U+04AF
    { 7, 8, 112, 0, 8, 7, 3638 }, // U+04B0
    { 5, 8, 80, 0, 6, 5, 3645 }, // U+04B1
    { 8, 10, 112, 0, 8, 10, 3650 }, // U+04B2
    { 6, 8, 96, 0, 6, 6, 3660 }, // U+04B3
    { 10, 10, 160, 0, 8, 13, 3666 }, // U+04B4
    { 8, 8, 128, 0, 6, 8, 3679 }, // U+04B5
    { 7, 10, 128, 1, 8, 9, 3687 }, // U+04B6
    { 5, 8, 96, 1, 6, 5, 3696 }, // U+04B7
    { 6, 8, 128, 1, 8, 6, 3701 }, // U+04B8
    { 5, 6, 112, 1, 6, 4, 3707 }, // U+04B9
    { 6, 8, 128, 1, 8, 6, 3711 }, // U+04BA
    { 5, 9, 112, 1, 9, 6, 3717 }, // U+04BB
    { 9, 8, 160, 0, 8, 9, 3723 }, // U+04BC
    { 7, 6, 128, 0, 6, 6, 3732 }, // U+04BD
    { 9, 10, 160, 0, 8, 12, 3738 }, // U+04BE
    { 7, 8, 128, 0, 6, 7, 3750 }, // U+04BF
    { 1, 8, 48, 1, 8, 1, 3757 }, // U+04C0
    { 11, 11, 176, 0, 11, 16, 3758 }, // U+04C1
    { 9, 9, 144, 0, 9, 11, 3774 }, // U+04C2
    { 6, 10, 128, 1, 8, 8, 3785 }, // U+04C3
    { 5, 8, 112, 1, 6, 5, 3793 }, // U+04C4
    { 9, 10, 144, 0, 8, 12, 3798 }, // U+04C5
    { 7, 8, 112, 0, 6, 7, 3810 }, // U+04C6
    { 6, 10, 128, 1, 8, 8, 3817 }, // U+04C7
    { 5, 8, 112, 1, 6, 5, 3825 }, // U+04C8
    { 8, 10, 144, 1, 8, 10, 3830 }, // U+04C9
    { 6, 8, 112, 1, 6, 6, 3840 }, // U+04CA
    { 6, 10, 128, 1, 8, 8, 3846 }, // U+04CB
    { 4, 8, 96, 1, 6, 4, 3854 }, // U+04CC
    { 10, 10, 176, 1, 8, 13, 3858 }, // U+04CD
    { 8, 8, 144, 1, 6, 8, 3871 }, // U+04CE
    { 1, 8, 48, 1, 8, 1, 3879 }, // U+04CF
    { 7, 11, 112, 0, 11, 10, 3880 }, // U+04D0
    { 5, 9, 96, 1, 9, 6, 3890 }, // U+04D1
    { 7, 10, 112, 0, 10, 9, 3896 }, // U+04D2
    { 4, 8, 96, 1, 8, 4, 3905 }, // U+04D3
    { 11, 8, 176, 0, 8, 11, 3909 }, // U+04D4
    { 8, 6, 160, 1, 6, 6, 3920 }, // U+04D5
    { 5, 11, 112, 1, 11, 7, 3926 }, // U+04D6
    { 5, 9, 112, 1, 9, 6, 3933 }, // U+04D7
    { 6, 8, 128, 1, 8, 6, 3939 }, // U+04D8
    { 5, 6, 112, 1, 6, 4, 3945 }, // U+04D9
    { 6, 10, 128, 1, 10, 8, 3949 }, // U+04DA
    { 5, 8, 112, 1, 8, 5, 3957 }, // U+04DB
    { 11, 10, 176, 0, 10, 14, 3962 }, // U+04DC
    { 9, 8, 144, 0, 8, 9, 3976 }, // U+04DD
    { 6, 10, 112, 0, 10, 8, 3985 }, // U+04DE
    { 4, 8, 96, 1, 8, 4, 3993 }, // U+04DF
    { 6, 8, 112, 0, 8, 6, 3997 }, // U+04E0
    { 6, 8, 96, 0, 6, 6, 4003 }, // U+04E1
    { 7, 10, 144, 1, 10, 9, 4009 }, // U+04E2
    { 5, 8, 112, 1, 8, 5, 4018 }, // U+04E3
    { 7, 10, 144, 1, 10, 9, 4023 }, // U+04E4
    { 5, 8, 112, 1, 8, 5, 4032 }, // U+04E5
    { 7, 10, 144, 1, 10, 9, 4037 }, // U+04E6
    { 5, 8, 112, 1, 8, 5, 4046 }, // U+04E7
    { 7, 8, 144, 1, 8, 7, 4051 }, // U+04E8
    { 5, 6, 112, 1, 6, 4, 4058 }, // U+04E9
    { 7, 10, 144, 1, 10, 9, 4062 }, // U+04EA
    { 5, 8, 112, 1, 8, 5, 4071 }, // U+04EB
    { 6, 10, 112, 0, 10, 8, 4076 }, // U+04EC
    { 5, 8, 96, 0, 8, 5, 4084 }, // U+04ED
    { 7, 10, 112, 0, 10, 9, 4089 }, // U+04EE
    { 5, 10, 80, 0, 8, 7, 4098 }, // U+04EF
    { 7, 10, 112, 0, 10, 9, 4105 }, // U+04F0
    { 5, 10, 80, 0, 8, 7, 4114 }, // U+04F1
    { 7, 11, 112, 0, 11, 10, 4121 }, // U+04F2
    { 5, 11, 80, 0, 9, 7, 4131 }, // U+04F3
    { 6, 10, 128, 1, 10, 8, 4138 }, // U+04F4
    { 4, 8, 96, 1, 8, 4, 4146 }, // U+04F5
    { 5, 10, 96, 1, 8, 7, 4150 }, // U+04F6
    { 4, 8, 80, 1, 6, 4, 4157 }, // U+04F7
    { 8, 10, 160, 1, 10, 10, 4161 }, // U+04F8
    { 7, 8, 144, 1, 8, 7, 4171 }, // U+04F9
    { 7, 7, 128, 0, 7, 7, 4178 }, // U+05D0
    { 6, 7, 112, 0, 7, 6, 4185 }, // U+05D1
    { 4, 7, 64, 0, 7, 4, 4191 }, // U+05D2
    { 6, 7, 112, 0, 7, 6, 4195 }, // U+05D3
    { 6, 7, 128, 1, 7, 6, 4201 }, // U+05D4
    { 3, 7, 64, 0, 7, 3, 4207 }, // U+05D5
    { 4, 7, 64, 0, 7, 4, 4210 }, // U+05D6
    { 6, 7, 128, 1, 7, 6, 4214 }, // U+05D7
    { 6, 7, 128, 1, 7, 6, 4220 }, // U+05D8
    { 3, 4, 64, 0, 7, 2, 4226 }, // U+05D9
    { 5, 9, 112, 1, 7, 6, 4228 }, // U+05DA
    { 5, 7, 96, 1, 7, 5, 4234 }, // U+05DB
    { 6, 9, 96, 0, 9, 7, 4239 }, // U+05DC
    { 6, 7, 128, 1, 7, 6, 4246 }, // U+05DD
    { 6, 7, 128, 1, 7, 6, 4252 }, // U+05DE
    { 2, 9, 64, 1, 7, 3, 4258 }, // U+05DF
    { 3, 7, 80, 1, 7, 3, 4261 }, // U+05E0
    { 6, 7, 128, 1, 7, 6, 4264 }, // U+05E1
    { 7, 8, 112, 0, 7, 7, 4270 }, // U+05E2
    { 6, 9, 112, 1, 7, 7, 4277 }, // U+05E3
    { 6, 7, 112, 1, 7, 6, 4284 }, // U+05E4
    { 6, 9, 96, 0, 7, 7, 4290 }, // U+05E5
    { 5, 7, 112, 1, 7, 5, 4297 }, // U+05E6
    { 6, 9, 128, 1, 7, 7, 4302 }, // U+05E7
    { 5, 7, 96, 0, 7, 5, 4309 }, // U+05E8
    { 7, 7, 144, 1, 7, 7, 4314 }, // U+05E9
    { 7, 7, 128, 0, 7, 7, 4321 }, // U+05EA
    { 2, 3, 64, 1, 3, 1, 4328 }, // U+060C
    { 2, 6, 64, 1, 6, 2, 4329 }, // U+061B
    { 5, 9, 80, 0, 9, 6, 4331 }, // U+061F
    { 5, 5, 80, 0, 4, 4, 4337 }, // U+0621
    { 4, 1, 48, 0, 1, 1, 4341 }, // U+0640
    { 3, 3, 0, 0, 10, 2, 4342 }, // U+0654
    { 2, 2, 112, 2, 4, 1, 4344 }, // U+0660
    { 2, 8, 112, 2, 8, 2, 4345 }, // U+0661
    { 5, 8, 112, 1, 8, 5, 4347 }, // U+0662
    { 6, 8, 112, 0, 8, 6, 4352 }, // U+0663
    { 5, 8, 112, 1, 8, 5, 4358 }, // U+0664
    { 5, 6, 112, 1, 6, 4, 4363 }, // U+0665
    { 5, 8, 112, 1, 8, 5, 4367 }, // U+0666
    { 7, 8, 112, 0, 8, 7, 4372 }, // U+0667
    { 7, 8, 112, 0, 8, 7, 4379 }, // U+0668
    { 5, 8, 112, 1, 8, 5, 4386 }, // U+0669
    { 8, 7, 128, 0, 4, 7, 4391 }, // U+06BA
    { 3, 1, 64, 0, 1, 1, 4398 }, // U+06D4
    { 5, 6, 80, 0, 6, 4, 4399 }, // U+06D5
    { 2, 2, 112, 2, 4, 1, 4403 }, // U+06F0
    { 2, 8, 112, 2, 8, 2, 4404 }, // U+06F1
    { 5, 8, 112, 1, 8, 5, 4406 }, // U+06F2
    { 6, 8, 112, 0, 8, 6, 4411 }, // U+06F3
    { 5, 8, 112, 1, 8, 5, 4417 }, // U+06F4
    { 5, 8, 112, 1, 8, 5, 4422 }, // U+06F5
    { 5, 8, 112, 1, 8, 5, 4427 }, // U+06F6
    { 7, 8, 112, 0, 8, 7, 4432 }, // U+06F7
    { 7, 8, 112, 0, 8, 7, 4439 }, // U+06F8
    { 5, 8, 112, 1, 8, 5, 4446 }, // U+06F9
    { 8, 10, 128, 0, 8, 10, 4451 }, // U+1EA0
    { 4, 8, 96, 1, 6, 4, 4461 }, // U+1EA1
    { 8, 11, 128, 0, 11, 11, 4465 }, // U+1EA2
    { 4, 9, 96, 1, 9, 5, 4476 }, // U+1EA3
    { 8, 12, 128, 0, 12, 12, 4481 }, // U+1EA4
    { 6, 11, 96, 1, 11, 9, 4493 }, // U+1EA5
    { 8, 12, 128, 0, 12, 12, 4502 }, // U+1EA6
    { 4, 11, 96, 1, 11, 6, 4514 }, // U+1EA7
    { 8, 13, 128, 0, 13, 13, 4520 }, // U+1EA8
    { 5, 11, 96, 1, 11, 7, 4533 }, // U+1EA9
    { 8, 13, 128, 0, 13, 13, 4540 }, // U+1EAA
    { 4, 11, 96, 1, 11, 6, 4553 }, // U+1EAB
    { 8, 13, 128, 0, 11, 13, 4559 }, // U+1EAC
    { 4, 11, 96, 1, 9, 6, 4572 }, // U+1EAD
    { 8, 13, 128, 0, 13, 13, 4578 }, // U+1EAE
    { 4, 11, 96, 1, 11, 6, 4591 }, // U+1EAF
    { 8, 13, 128, 0, 13, 13, 4597 }, // U+1EB0
    { 4, 11, 96, 1, 11, 6, 4610 }, // U+1EB1
    { 8, 13, 128, 0, 13, 13, 4616 }, // U+1EB2
    { 4, 11, 96, 1, 11, 6, 4629 }, // U+1EB3
    { 8, 13, 128, 0, 13, 13, 4635 }, // U+1EB4
    { 4, 11, 96, 1, 11, 6, 4648 }, // U+1EB5
    { 8, 13, 128, 0, 11, 13, 4654 }, // U+1EB6
    { 4, 11, 96, 1, 9, 6, 4667 }, // U+1EB7
    { 5, 10, 112, 1, 8, 7, 4673 }, // U+1EB8
    { 5, 8, 112, 1, 6, 5, 4680 }, // U+1EB9
    { 5, 11, 112, 1, 11, 7, 4685 }, // U+1EBA
    { 5, 9, 112, 1, 9, 6, 4692 }, // U+1EBB
    { 5, 11, 112, 1, 11, 7, 4698 }, // U+1EBC
    { 5, 9, 112, 1, 9, 6, 4705 }, // U+1EBD
    { 6, 12, 112, 1, 12, 9, 4711 }, // U+1EBE
    { 6, 11, 112, 1, 11, 9, 4720 }, // U+1EBF
    { 5, 12, 112, 1, 12, 8, 4729 }, // U+1EC0
    { 5, 11, 112, 1, 11, 7, 4737 }, // U+1EC1
    { 5, 12, 112, 1, 12, 8, 4744 }, // U+1EC2
    { 5, 11, 112, 1, 11, 7, 4752 }, // U+1EC3
    { 5, 13, 112, 1, 13, 9, 4759 }, // U+1EC4
    { 5, 11, 112, 1, 11, 7, 4768 }, // U+1EC5
    { 5, 13, 112, 1, 11, 9, 4775 }, // U+1EC6
    { 5, 11, 112, 1, 9, 7, 4784 }, // U+1EC7
    { 3, 11, 48, 0, 11, 5, 4791 }, // U+1EC8
    { 3, 9, 48, 0, 9, 4, 4796 }, // U+1EC9
    { 1, 10, 48, 1, 8, 2, 4800 }, // U+1ECA
    { 1, 11, 48, 1, 9, 2, 4802 }, // U+1ECB
    { 8, 11, 144, 1, 9, 11, 4804 }, // U+1ECC
    { 5, 8, 112, 1, 6, 5, 4815 }, // U+1ECD
    { 8, 11, 144, 1, 11, 11, 4820 }, // U+1ECE
    { 5, 9, 112, 1, 9, 6, 4831 }, // U+1ECF
    { 8, 13, 144, 1, 13, 13, 4837 }, // U+1ED0
    { 6, 11, 112, 1, 11, 9, 4850 }, // U+1ED1
    { 8, 13, 144, 1, 13, 13, 4859 }, // U+1ED2
    { 5, 11, 112, 1, 11, 7, 4872 }, // U+1ED3
    { 8, 13, 144, 1, 13, 13, 4879 }, // U+1ED4
    { 5, 11, 112, 1, 11, 7, 4892 }, // U+1ED5
    { 8, 13, 144, 1, 13, 13, 4899 }, // U+1ED6
    { 5, 11, 112, 1, 11, 7, 4912 }, // U+1ED7
    { 8, 13, 144, 1, 11, 13, 4919 }, // U+1ED8
    { 5, 11, 112, 1, 9, 7, 4932 }, // U+1ED9
    { 8, 11, 144, 1, 11, 11, 4939 }, // U+1EDA
    { 6, 9, 112, 1, 9, 7, 4950 }, // U+1EDB
    { 8, 11, 144, 1, 11, 11, 4957 }, // U+1EDC
    { 6, 9, 112, 1, 9, 7, 4968 }, // U+1EDD
    { 8, 11, 144, 1, 11, 11, 4975 }, // U+1EDE
    { 6, 9, 112, 1, 9, 7, 4986 }, // U+1EDF
    { 8, 11, 144, 1, 11, 11, 4993 }, // U+1EE0
    { 6, 9, 112, 1, 9, 7, 5004 }, // U+1EE1
    { 8, 12, 144, 1, 10, 12, 5011 }, // U+1EE2
    { 6, 10, 112, 1, 8, 8, 5023 }, // U+1EE3
    { 6, 10, 128, 1, 8, 8, 5031 }, // U+1EE4
    { 5, 8, 112, 1, 6, 5, 5039 }, // U+1EE5
    { 6, 11, 128, 1, 11, 9, 5044 }, // U+1EE6
    { 5, 9, 112, 1, 9, 6, 5053 }, // U+1EE7
    { 8, 11, 144, 1, 11, 11, 5059 }, // U+1EE8
    { 6, 9, 112, 1, 9, 7, 5070 }, // U+1EE9
    { 8, 11, 144, 1, 11, 11, 5077 }, // U+1EEA
    { 6, 9, 112, 1, 9, 7, 5088 }, // U+1EEB
    { 8, 11, 144, 1, 11, 11, 5095 }, // U+1EEC
    { 6, 9, 112, 1, 9, 7, 5106 }, // U+1EED
    { 8, 11, 144, 1, 11, 11, 5113 }, // U+1EEE
    { 6, 9, 112, 1, 9, 7, 5124 }, // U+1EEF
    { 8, 12, 144, 1, 10, 12, 5131 }, // U+1EF0
    { 6, 10, 112, 1, 8, 8, 5143 }, // U+1EF1
    { 7, 11, 112, 0, 11, 10, 5151 }, // U+1EF2
    { 5, 12, 80, 0, 10, 8, 5161 }, // U+1EF3
    { 7, 10, 112, 0, 8, 9, 5169 }, // U+1EF4
    { 6, 8, 96, 0, 6, 6, 5178 }, // U+1EF5
    { 7, 11, 112, 0, 11, 10, 5184 }, // U+1EF6
    { 6, 11, 96, 0, 9, 9, 5194 }, // U+1EF7
    { 7, 11, 112, 0, 11, 10, 5203 }, // U+1EF8
    { 6, 11, 96, 0, 9, 9, 5213 }, // U+1EF9
    { 1, 1, 32, 0, 1, 1, 5222 }, // U+2009
    { 1, 1, 0, 0, 1, 1, 5223 }, // U+200B
    { 1, 9, 0, 0, 8, 2, 5224 }, // U+200C
    { 2, 9, 0, -1, 8, 3, 5226 }, // U+200D
    { 3, 9, 0, 0, 9, 4, 5229 }, // U+200E
    { 3, 9, 0, -3, 9, 4, 5233 }, // U+200F
    { 3, 1, 64, 0, 4, 1, 5237 }, // U+2010
    { 3, 1, 64, 0, 4, 1, 5238 }, // U+2011
    { 6, 1, 96, 0, 4, 1, 5239 }, // U+2013
    { 12, 1, 192, 0, 4, 2, 5240 }, // U+2014
    { 12, 1, 192, 0, 4, 2, 5242 }, // U+2015
    { 2, 4, 48, 1, 10, 1, 5244 }, // U+2018
    { 2, 4, 48, 0, 10, 1, 5245 }, // U+2019
    { 2, 4, 48, 0, 2, 1, 5246 }, // U+201A
    { 4, 4, 80, 1, 10, 2, 5247 }, // U+201C
    { 4, 4, 80, 0, 10, 2, 5249 }, // U+201D
    { 4, 4, 80, 0, 2, 2, 5251 }, // U+201E
    { 7, 11, 96, 0, 9, 10, 5253 }, // U+2020
    { 7, 11, 96, 0, 9, 10, 5263 }, // U+2021
    { 3, 3, 64, 0, 6, 2, 5273 }, // U+2022
    { 10, 2, 192, 1, 2, 3, 5275 }, // U+2026
    { 1, 1, 32, 0, 1, 1, 5278 }, // U+202F
    { 13, 8, 240, 1, 8, 13, 5279 }, // U+2030
    { 3, 5, 48, 0, 6, 2, 5292 }, // U+2039
    { 3, 5, 48, -1, 6, 2, 5294 }, // U+203A
    { 6, 8, 32, -2, 8, 6, 5296 }, // U+2044
    { 2, 6, 64, 1, 6, 2, 5302 }, // U+204F
    { 4, 5, 64, 0, 8, 3, 5304 }, // U+2070
    { 4, 5, 64, 0, 8, 3, 5307 }, // U+2074
    { 5, 5, 64, -1, 8, 4, 5310 }, // U+2075
    { 4, 5, 64, 0, 8, 3, 5314 }, // U+2076
    { 4, 5, 64, 0, 8, 3, 5317 }, // U+2077
    { 4, 5, 64, 0, 8, 3, 5320 }, // U+2078
    { 4, 5, 64, 0, 8, 3, 5323 }, // U+2079
    { 4, 5, 64, 0, 4, 3, 5326 }, // U+2080
    { 2, 5, 64, 1, 4, 2, 5329 }, // U+2081
    { 3, 5, 64, 0, 4, 2, 5331 }, // U+2082
    { 3, 5, 64, 0, 4, 2, 5333 }, // U+2083
    { 4, 5, 64, 0, 4, 3, 5335 }, // U+2084
    { 5, 5, 64, -1, 4, 4, 5338 }, // U+2085
    { 4, 5, 64, 0, 4, 3, 5342 }, // U+2086
    { 4, 5, 64, 0, 4, 3, 5345 }, // U+2087
    { 4, 5, 64, 0, 4, 3, 5348 }, // U+2088
    { 4, 5, 64, 0, 4, 3, 5351 }, // U+2089
    { 8, 8, 160, 1, 8, 8, 5354 }, // U+20AA
    { 6, 8, 112, 1, 8, 6, 5362 }, // U+20AC
    { 5, 8, 80, 0, 8, 5, 5368 }, // U+20AE
    { 5, 8, 112, 1, 8, 5, 5373 }, // U+20B4
    { 6, 8, 112, 1, 8, 6, 5378 }, // U+20B9
    { 5, 9, 112, 1, 9, 6, 5384 }, // U+2202
    { 7, 8, 128, 0, 8, 7, 5390 }, // U+2206
    { 6, 10, 128, 1, 8, 8, 5397 }, // U+220F
    { 6, 9, 96, 0, 8, 7, 5405 }, // U+2211
    { 6, 1, 112, 1, 4, 1, 5412 }, // U+2212
    { 6, 8, 32, -2, 8, 6, 5413 }, // U+2215
    { 1, 2, 48, 1, 5, 1, 5419 }, // U+2219
    { 7, 9, 112, 0, 9, 8, 5420 }, // U+221A
    { 7, 3, 112, 0, 5, 3, 5428 }, // U+221E
    { 4, 11, 64, 0, 9, 6, 5431 }, // U+222B
    { 6, 4, 112, 1, 6, 3, 5437 }, // U+2248
    { 5, 8, 112, 1, 7, 5, 5440 }, // U+2260
    { 6, 7, 112, 1, 7, 6, 5445 }, // U+2264
    { 6, 7, 112, 1, 7, 6, 5451 }, // U+2265
    { 9, 9, 144, 1, 9, 11, 5457 }, // U+FB00
    { 6, 9, 128, 1, 9, 7, 5468 }, // U+FB01
    { 8, 9, 144, 1, 9, 9, 5475 }, // U+FB02
    { 11, 9, 192, 1, 9, 13, 5484 }, // U+FB03
    { 13, 9, 208, 1, 9, 15, 5497 }, // U+FB04
    { 11, 9, 192, 0, 5, 13, 5512 }, // U+FB56
    { 14, 8, 208, 0, 4, 14, 5525 }, // U+FB57
    { 3, 9, 64, 0, 5, 4, 5539 }, // U+FB58
    { 5, 7, 64, 0, 3, 5, 5543 }, // U+FB59
    { 11, 8, 192, 0, 8, 11, 5548 }, // U+FB66
    { 14, 8, 208, 0, 8, 14, 5559 }, // U+FB67
    { 3, 10, 48, 0, 10, 4, 5573 }, // U+FB68
    { 5, 8, 64, 0, 8, 5, 5577 }, // U+FB69
    { 7, 10, 128, 0, 5, 9, 5582 }, // U+FB7A
    { 9, 10, 144, 0, 5, 12, 5591 }, // U+FB7B
    { 7, 8, 112, 0, 4, 7, 5603 }, // U+FB7C
    { 8, 8, 128, 0, 4, 8, 5610 }, // U+FB7D
    { 5, 10, 96, 0, 10, 7, 5618 }, // U+FB88
    { 7, 10, 96, 0, 10, 9, 5625 }, // U+FB89
    { 4, 11, 64, 0, 8, 6, 5634 }, // U+FB8A
    { 5, 11, 80, 0, 8, 7, 5640 }, // U+FB8B
    { 4, 12, 64, 0, 9, 6, 5647 }, // U+FB8C
    { 5, 12, 80, 0, 9, 8, 5653 }, // U+FB8D
    { 11, 8, 176, 0, 8, 11, 5661 }, // U+FB8E
    { 12, 8, 192, 0, 8, 12, 5672 }, // U+FB8F
    { 5, 8, 80, 0, 8, 5, 5684 }, // U+FB90
    { 7, 8, 96, 0, 8, 7, 5689 }, // U+FB91
    { 11, 10, 176, 0, 10, 14, 5696 }, // U+FB92
    { 12, 10, 192, 0, 10, 15, 5710 }, // U+FB93
    { 5, 10, 80, 0, 10, 7, 5725 }, // U+FB94
    { 7, 10, 96, 0, 10, 9, 5732 }, // U+FB95
    { 8, 7, 128, 0, 4, 7, 5741 }, // U+FB9E
    { 9, 6, 144, 0, 3, 7, 5748 }, // U+FB9F
    { 5, 6, 80, 0, 6, 4, 5755 }, // U+FBA6
    { 6, 4, 96, 0, 4, 3, 5759 }, // U+FBA7
    { 3, 7, 48, 0, 5, 3, 5762 }, // U+FBA8
    { 6, 5, 80, 0, 2, 4, 5765 }, // U+FBA9
    { 8, 6, 128, 0, 6, 6, 5769 }, // U+FBAA
    { 8, 8, 112, 0, 5, 8, 5775 }, // U+FBAB
    { 6, 6, 112, 0, 6, 5, 5783 }, // U+FBAC
    { 7, 8, 96, 0, 5, 7, 5788 }, // U+FBAD
    { 11, 5, 176, 0, 5, 7, 5795 }, // U+FBAE
    { 7, 4, 112, 0, 1, 4, 5802 }, // U+FBAF
    { 11, 9, 176, 0, 9, 13, 5806 }, // U+FBB0
    { 7, 7, 112, 0, 4, 7, 5819 }, // U+FBB1
    { 9, 8, 144, 0, 5, 9, 5826 }, // U+FBFC
    { 9, 5, 144, 0, 2, 6, 5835 }, // U+FBFD
    { 3, 7, 64, 0, 5, 3, 5841 }, // U+FBFE
    { 5, 5, 64, 0, 3, 4, 5844 }, // U+FBFF
    { 5, 5, 80, 0, 4, 4, 5848 }, // U+FE80
    { 4, 10, 48, -1, 10, 5, 5852 }, // U+FE81
    { 5, 10, 48, -1, 10, 7, 5857 }, // U+FE82
    { 2, 12, 48, 0, 12, 3, 5864 }, // U+FE83
    { 4, 12, 48, 0, 12, 6, 5867 }, // U+FE84
    { 5, 11, 80, 0, 8, 7, 5873 }, // U+FE85
    { 6, 11, 96, 0, 8, 9, 5880 }, // U+FE86
    { 2, 13, 48, 1, 9, 4, 5889 }, // U+FE87
    { 3, 13, 48, 1, 9, 5, 5893 }, // U+FE88
    { 9, 9, 144, 0, 6, 11, 5898 }, // U+FE89
    { 9, 9, 144, 0, 6, 11, 5909 }, // U+FE8A
    { 3, 9, 48, 0, 9, 4, 5920 }, // U+FE8B
    { 5, 7, 64, 0, 7, 5, 5924 }, // U+FE8C
    { 1, 9, 48, 1, 9, 2, 5929 }, // U+FE8D
    { 3, 9, 48, 1, 9, 4, 5931 }, // U+FE8E
    { 11, 7, 192, 0, 5, 10, 5935 }, // U+FE8F
    { 14, 6, 208, 0, 4, 11, 5945 }, // U+FE90
    { 3, 7, 48, 0, 5, 3, 5956 }, // U+FE91
    { 5, 5, 64, 0, 3, 4, 5959 }, // U+FE92
    { 5, 8, 80, 0, 8, 5, 5963 }, // U+FE93
    { 6, 9, 96, 0, 9, 7, 5968 }, // U+FE94
    { 11, 6, 192, 0, 6, 9, 5975 }, // U+FE95
    { 14, 6, 208, 0, 6, 11, 5984 }, // U+FE96
    { 3, 7, 48, 0, 7, 3, 5995 }, // U+FE97
    { 5, 6, 64, 0, 6, 4, 5998 }, // U+FE98
    { 11, 7, 192, 0, 7, 10, 6002 }, // U+FE99
    { 14, 7, 208, 0, 7, 13, 6012 }, // U+FE9A
    { 3, 8, 48, 0, 8, 3, 6025 }, // U+FE9B
    { 5, 7, 64, 0, 7, 5, 6028 }, // U+FE9C
    { 7, 10, 128, 0, 5, 9, 6033 }, // U+FE9D
    { 8, 10, 128, 0, 5, 10, 6042 }, // U+FE9E
    { 7, 6, 112, 0, 4, 6, 6052 }, // U+FE9F
    { 8, 6, 128, 0, 4, 6, 6058 }, // U+FEA0
    { 7, 10, 128, 0, 5, 9, 6064 }, // U+FEA1
    { 8, 10, 128, 0, 5, 10, 6073 }, // U+FEA2
    { 7, 4, 112, 0, 4, 4, 6083 }, // U+FEA3
    { 8, 4, 128, 0, 4, 4, 6087 }, // U+FEA4
    { 7, 12, 128, 0, 7, 11, 6091 }, // U+FEA5
    { 8, 12, 128, 0, 7, 12, 6102 }, // U+FEA6
    { 7, 7, 112, 0, 7, 7, 6114 }, // U+FEA7
    { 8, 7, 128, 0, 7, 7, 6121 }, // U+FEA8
    { 5, 6, 96, 0, 6, 4, 6128 }, // U+FEA9
    { 7, 6, 96, 0, 6, 6, 6132 }, // U+FEAA
    { 5, 8, 96, 0, 8, 5, 6138 }, // U+FEAB
    { 7, 8, 96, 0, 8, 7, 6143 }, // U+FEAC
    { 4, 7, 64, 0, 4, 4, 6150 }, // U+FEAD
    { 5, 7, 80, 0, 4, 5, 6154 }, // U+FEAE
    { 4, 10, 64, 0, 7, 5, 6159 }, // U+FEAF
    { 5, 10, 80, 0, 7, 7, 6164 }, // U+FEB0
    { 14, 8, 240, 0, 5, 14, 6171 }, // U+FEB1
    { 16, 7, 240, 0, 4, 14, 6185 }, // U+FEB2
    { 9, 5, 144, 0, 5, 6, 6199 }, // U+FEB3
    { 11, 4, 160, 0, 4, 6, 6205 }, // U+FEB4
    { 14, 10, 240, 0, 7, 18, 6211 }, // U+FEB5
    { 16, 10, 240, 0, 7, 20, 6229 }, // U+FEB6
    { 9, 7, 144, 0, 7, 8, 6249 }, // U+FEB7
    { 11, 7, 160, 0, 7, 10, 6257 }, // U+FEB8
    { 15, 7, 256, 0, 4, 14, 6267 }, // U+FEB9
    { 17, 7, 256, 0, 4, 15, 6281 }, // U+FEBA
    { 10, 4, 176, 0, 4, 5, 6296 }, // U+FEBB
    { 12, 4, 176, 0, 4, 6, 6301 }, // U+FEBC
    { 15, 10, 256, 0, 7, 19, 6307 }, // U+FEBD
    { 17, 10, 256, 0, 7, 22, 6326 }, // U+FEBE
    { 10, 7, 176, 0, 7, 9, 6348 }, // U+FEBF
    { 12, 7, 176, 0, 7, 11, 6357 }, // U+FEC0
    { 9, 9, 144, 0, 9, 11, 6368 }, // U+FEC1
    { 11, 9, 160, 0, 9, 13, 6379 }, // U+FEC2
    { 8, 9, 128, 0, 9, 9, 6392 }, // U+FEC3
    { 9, 9, 144, 0, 9, 11, 6401 }, // U+FEC4
    { 9, 9, 144, 0, 9, 11, 6412 }, // U+FEC5
    { 11, 9, 160, 0, 9, 13, 6423 }, // U+FEC6
    { 8, 9, 128, 0, 9, 9, 6436 }, // U+FEC7
    { 9, 9, 144, 0, 9, 11, 6445 }, // U+FEC8
    { 7, 11, 96, 0, 6, 10, 6456 }, // U+FEC9
    { 7, 10, 96, 0, 5, 9, 6466 }, // U+FECA
    { 6, 5, 96, 0, 5, 4, 6475 }, // U+FECB
    { 7, 5, 96, 0, 5, 5, 6479 }, // U+FECC
    { 7, 13, 96, 0, 8, 12, 6484 }, // U+FECD
    { 7, 12, 96, 0, 7, 11, 6496 }, // U+FECE
    { 6, 8, 96, 0, 8, 6, 6507 }, // U+FECF
    { 7, 7, 96, 0, 7, 7, 6513 }, // U+FED0
    { 11, 8, 192, 0, 8, 11, 6520 }, // U+FED1
    { 14, 7, 208, 0, 7, 13, 6531 }, // U+FED2
    { 5, 8, 80, 0, 8, 5, 6544 }, // U+FED3
    { 7, 7, 96, 0, 7, 7, 6549 }, // U+FED4
    { 9, 9, 144, 0, 7, 11, 6556 }, // U+FED5
    { 10, 9, 160, 0, 6, 12, 6567 }, // U+FED6
    { 5, 8, 80, 0, 8, 5, 6579 }, // U+FED7
    { 7, 7, 96, 0, 7, 7, 6584 }, // U+FED8
    { 10, 9, 176, 0, 9, 12, 6591 }, // U+FED9
    { 12, 9, 176, 0, 9, 14, 6603 }, // U+FEDA
    { 5, 8, 80, 0, 8, 5, 6617 }, // U+FEDB
    { 7, 8, 96, 0, 8, 7, 6622 }, // U+FEDC
    { 8, 12, 128, 0, 9, 12, 6629 }, // U+FEDD
    { 9, 12, 144, 0, 9, 14, 6641 }, // U+FEDE
    { 2, 9, 48, 0, 9, 3, 6655 }, // U+FEDF
    { 4, 9, 64, 0, 9, 5, 6658 }, // U+FEE0
    { 5, 10, 96, 0, 5, 7, 6663 }, // U+FEE1
    { 7, 9, 112, 0, 4, 8, 6670 }, // U+FEE2
    { 6, 4, 96, 0, 4, 3, 6678 }, // U+FEE3
    { 8, 4, 112, 0, 4, 4, 6681 }, // U+FEE4
    { 8, 9, 128, 0, 6, 9, 6685 }, // U+FEE5
    { 9, 9, 144, 0, 6, 11, 6694 }, // U+FEE6
    { 3, 7, 48, 0, 7, 3, 6705 }, // U+FEE7
    { 5, 6, 64, 0, 6, 4, 6708 }, // U+FEE8
    { 5, 6, 80, 0, 6, 4, 6712 }, // U+FEE9
    { 6, 6, 96, 0, 6, 5, 6716 }, // U+FEEA
    { 6, 6, 112, 0, 6, 5, 6721 }, // U+FEEB
    { 7, 8, 96, 0, 5, 7, 6726 }, // U+FEEC
    { 5, 7, 80, 0, 4, 5, 6733 }, // U+FEED
    { 6, 7, 96, 0, 4, 6, 6738 }, // U+FEEE
    { 9, 8, 144, 0, 5, 9, 6744 }, // U+FEEF
    { 9, 5, 144, 0, 2, 6, 6753 }, // U+FEF0
    { 9, 10, 144, 0, 5, 12, 6759 }, // U+FEF1
    { 9, 7, 144, 0, 2, 8, 6771 }, // U+FEF2
    { 3, 7, 64, 0, 5, 3, 6779 }, // U+FEF3
    { 5, 5, 64, 0, 3, 4, 6782 }, // U+FEF4
    { 7, 9, 112, -1, 9, 8, 6786 }, // U+FEF5
    { 9, 9, 112, -1, 9, 11, 6794 }, // U+FEF6
    { 6, 10, 112, 0, 10, 8, 6805 }, // U+FEF7
    { 8, 10, 112, 0, 10, 10, 6813 }, // U+FEF8
    { 6, 13, 112, 0, 9, 10, 6823 }, // U+FEF9
    { 8, 13, 112, 0, 9, 13, 6833 }, // U+FEFA
    { 6, 9, 112, 0, 9, 7, 6846 }, // U+FEFB
    { 8, 9, 112, 0, 9, 9, 6853 }, // U+FEFC
};

static const EpdUnicodeInterval ubuntu_c12_regularIntervals[] = {
    { 0x0, 0x0, 0x0 },
    { 0x8, 0x9, 0x1 },
    { 0xD, 0xD, 0x3 },
    { 0x1D, 0x1D, 0x4 },
    { 0x20, 0x7E, 0x5 },
    { 0xA0, 0x17F, 0x64 },
    { 0x1A0, 0x1A1, 0x144 },
    { 0x1AF, 0x1B0, 0x146 },
    { 0x1C4, 0x21F, 0x148 },
    { 0x300, 0x304, 0x1A4 },
    { 0x306, 0x308, 0x1A9 },
    { 0x30A, 0x30C, 0x1AC },
    { 0x311, 0x312, 0x1AF },
    { 0x326, 0x328, 0x1B1 },
    { 0x34F, 0x34F, 0x1B4 },
    { 0x400, 0x45F, 0x1B5 },
    { 0x462, 0x463, 0x215 },
    { 0x472, 0x475, 0x217 },
    { 0x48A, 0x4F9, 0x21B },
    { 0x5D0, 0x5EA, 0x28B },
    { 0x60C, 0x60C, 0x2A6 },
    { 0x61B, 0x61B, 0x2A7 },
    { 0x61F, 0x61F, 0x2A8 },
    { 0x621, 0x621, 0x2A9 },
    { 0x640, 0x640, 0x2AA },
    { 0x654, 0x654, 0x2AB },
    { 0x660, 0x669, 0x2AC },
    { 0x6BA, 0x6BA, 0x2B6 },
    { 0x6D4, 0x6D5, 0x2B7 },
    { 0x6F0, 0x6F9, 0x2B9 },
    { 0x1EA0, 0x1EF9, 0x2C3 },
    { 0x2009, 0x2009, 0x31D },
    { 0x200B, 0x2011, 0x31E },
    { 0x2013, 0x2015, 0x325 },
    { 0x2018, 0x201A, 0x328 },
    { 0x201C, 0x201E, 0x32B },
    { 0x2020, 0x2022, 0x32E },
    { 0x2026, 0x2026, 0x331 },
    { 0x202F, 0x2030, 0x332 },
    { 0x2039, 0x203A, 0x334 },
    { 0x2044, 0x2044, 0x336 },
    { 0x204F, 0x204F, 0x337 },
    { 0x2070, 0x2070, 0x338 },
    { 0x2074, 0x2079, 0x339 },
    { 0x2080, 0x2089, 0x33F },
    { 0x20AA, 0x20AA, 0x349 },
    { 0x20AC, 0x20AC, 0x34A },
    { 0x20AE, 0x20AE, 0x34B },
    { 0x20B4, 0x20B4, 0x34C },
    { 0x20B9, 0x20B9, 0x34D },
    { 0x2202, 0x2202, 0x34E },
    { 0x2206, 0x2206, 0x34F },
    { 0x220F, 0x220F, 0x350 },
    { 0x2211, 0x2212, 0x351 },
    { 0x2215, 0x2215, 0x353 },
    { 0x2219, 0x221A, 0x354 },
    { 0x221E, 0x221E, 0x356 },
    { 0x222B, 0x222B, 0x357 },
    { 0x2248, 0x2248, 0x358 },
    { 0x2260, 0x2260, 0x359 },
    { 0x2264, 0x2265, 0x35A },
    { 0xFB00, 0xFB04, 0x35C },
    { 0xFB56, 0xFB59, 0x361 },
    { 0xFB66, 0xFB69, 0x365 },
    { 0xFB7A, 0xFB7D, 0x369 },
    { 0xFB88, 0xFB95, 0x36D },
    { 0xFB9E, 0xFB9F, 0x37B },
    { 0xFBA6, 0xFBB1, 0x37D },
    { 0xFBFC, 0xFBFF, 0x389 },
    { 0xFE80, 0xFEFC, 0x38D },
};

static const uint16_t ubuntu_c12_regularKernLeftCodepoints[] = {
    0x0022, 0x0027, 0x0028, 0x0029, 0x002A, 0x002C, 0x002D, 0x002E, 0x002F, 0x003A, 0x003B, 0x0040,
    0x0041, 0x0042, 0x0043, 0x0044, 0x0045, 0x0046, 0x0047, 0x004A, 0x004B, 0x004C, 0x004D, 0x004F,
    0x0050, 0x0051, 0x0052, 0x0054, 0x0055, 0x0056, 0x0057, 0x0058, 0x0059, 0x005A, 0x005B, 0x005D,
    0x0061, 0x0062, 0x0063, 0x0066, 0x0068, 0x006A, 0x006B, 0x006D, 0x006E, 0x006F, 0x0070, 0x0071,
    0x0072, 0x0074, 0x0076, 0x0077, 0x0078, 0x007A, 0x007B, 0x007D, 0x00A1, 0x00AB, 0x00BB, 0x00BF,
    0x00C0, 0x00C1, 0x00C2, 0x00C3, 0x00C4, 0x00C5, 0x00C6, 0x00C7, 0x00C8, 0x00C9, 0x00CA, 0x00CB,
    0x00D0, 0x00D2, 0x00D3, 0x00D4, 0x00D5, 0x00D6, 0x00D8, 0x00D9, 0x00DA, 0x00DB, 0x00DC, 0x00DD,
    0x00DE, 0x00DF, 0x00E0, 0x00E1, 0x00E2, 0x00E3, 0x00E4, 0x00E5, 0x00E7, 0x00F0, 0x00F1, 0x00F2,
    0x00F3, 0x00F4, 0x00F5, 0x00F6, 0x00F8, 0x00FE, 0x0100, 0x0101, 0x0102, 0x0103, 0x0104, 0x0105,
    0x0106, 0x0107, 0x0108, 0x0109, 0x010A, 0x010B, 0x010C, 0x010D, 0x010E, 0x010F, 0x0110, 0x0112,
    0x0114, 0x0116, 0x0118, 0x011A, 0x011C, 0x011E, 0x0120, 0x0122, 0x0125, 0x0127, 0x0132, 0x0133,
    0x0134, 0x0135, 0x0136, 0x0137, 0x0138, 0x0139, 0x013B, 0x013D, 0x013E, 0x013F, 0x0141, 0x0144,
    0x0146, 0x0148, 0x0149, 0x014A, 0x014B, 0x014C, 0x014D, 0x014E, 0x014F, 0x0150, 0x0151, 0x0152,
    0x0154, 0x0155, 0x0156, 0x0157, 0x0158, 0x0159, 0x0162, 0x0163, 0x0164, 0x0165, 0x0166, 0x0167,
    0x0168, 0x016A, 0x016C, 0x016E, 0x0170, 0x0172, 0x0174, 0x0175, 0x0176, 0x0178, 0x0179, 0x017A,
    0x017B, 0x017C, 0x017D, 0x017E, 0x017F, 0x01C4, 0x01C5, 0x01C6, 0x01C7, 0x01C8, 0x01C9, 0x01CA,
    0x01CB, 0x01CC, 0x01CD, 0x01CE, 0x01D1, 0x01D2, 0x01D3, 0x01D5, 0x01D7, 0x01D9, 0x01DB, 0x01DD,
    0x01DE, 0x01DF, 0x01E0, 0x01E1, 0x01E2, 0x01E4, 0x01E6, 0x01E8, 0x01E9, 0x01EA, 0x01EB, 0x01EC,
    0x01ED, 0x01EE, 0x01F0, 0x01F1, 0x01F2, 0x01F3, 0x01F4, 0x01F7, 0x01F9, 0x01FA, 0x01FB, 0x01FC,
    0x01FE, 0x01FF, 0x0200, 0x0201, 0x0202, 0x0203, 0x0204, 0x0206, 0x020C, 0x020D, 0x020E, 0x020F,
    0x0210, 0x0211, 0x0212, 0x0213, 0x0214, 0x0216, 0x021A, 0x021B, 0x021C, 0x021F, 0x0400, 0x0401,
    0x0402, 0x0403, 0x0404, 0x0405, 0x040B, 0x040C, 0x040E, 0x0410, 0x0411, 0x0412, 0x0413, 0x0414,
    0x0415, 0x0417, 0x041A, 0x041C, 0x041E, 0x0420, 0x0421, 0x0422, 0x0423, 0x0424, 0x0425, 0x0426,
    0x0429, 0x042D, 0x042E, 0x0430, 0x0431, 0x0432, 0x0433, 0x0434, 0x0435, 0x0436, 0x0437, 0x043A,
    0x043E, 0x0440, 0x0441, 0x0442, 0x0443, 0x0444, 0x0445, 0x0446, 0x0449, 0x044A, 0x044C, 0x044D,
    0x044E, 0x0450, 0x0451, 0x0452, 0x0453, 0x0454, 0x0455, 0x0459, 0x045A, 0x045B, 0x045C, 0x045E,
    0x0462, 0x0463, 0x0472, 0x0473, 0x0474, 0x0475, 0x048A, 0x048B, 0x048D, 0x048F, 0x0490, 0x0491,
    0x0492, 0x0493, 0x0494, 0x0495, 0x0497, 0x0498, 0x0499, 0x049A, 0x049B, 0x049C, 0x049D, 0x049E,
    0x049F, 0x04A0, 0x04A1, 0x04A2, 0x04A3, 0x04A4, 0x04A5, 0x04A7, 0x04A8, 0x04A9, 0x04AA, 0x04AB,
    0x04AC, 0x04AD, 0x04AE, 0x04AF, 0x04B0, 0x04B1, 0x04B2, 0x04B3, 0x04B4, 0x04B5, 0x04B6, 0x04B7,
    0x04BA, 0x04BB, 0x04BC, 0x04BD, 0x04BE, 0x04BF, 0x04C2, 0x04C4, 0x04C6, 0x04C8, 0x04C9, 0x04CA,
    0x04CD, 0x04CE, 0x04D0, 0x04D1, 0x04D2, 0x04D3, 0x04D5, 0x04D6, 0x04D7, 0x04D8, 0x04D9, 0x04DA,
    0x04DB, 0x04DD, 0x04DE, 0x04DF, 0x04E0, 0x04E1, 0x04E6, 0x04E7, 0x04E8, 0x04E9, 0x04EA, 0x04EB,
    0x04EC, 0x04ED, 0x04EE, 0x04EF, 0x04F0, 0x04F1, 0x04F2, 0x04F3, 0x04F6, 0x04F7, 0x05D0, 0x05D1,
    0x05D2, 0x05D3, 0x05D5, 0x05D6, 0x05D8, 0x05D9, 0x05DB, 0x05DC, 0x05DE, 0x05E0, 0x05E1, 0x05E2,
    0x05E4, 0x05E6, 0x05E8, 0x05E9, 0x05EA, 0x1EF2, 0x2013, 0x2014, 0x2018, 0x201A, 0x201C, 0x201E,
    0x2026, 0x2039, 0x203A, 0xFB00, 0xFB8C, 0xFEAD, 0xFEAE, 0xFEAF,
};

static const uint8_t ubuntu_c12_regularKernLeftClassIds[] = {
      1,   1,   2,   3,   4,   5,   6,   5,   7,   8,   8,   9,  10,  11,  12,  13,
     14,  15,  16,  17,  18,  19,  20,  21,  22,  23,  24,  25,  26,  27,  28,  29,
     30,  31,  32,  33,  34,  35,  36,  37,  38,  39,  40,  41,  41,  42,  43,  44,
     45,  46,  47,  48,  49,  50,  51,  52,  53,  54,  55,  56,  10,  10,  10,  10,
     10,  10,  14,  12,  14,  14,  14,  14,  13,  21,  21,  21,  21,  21,  21,  26,
     26,  26,  26,  30,  57,  58,  34,  34,  34,  34,  34,  34,  36,  59,  41,  42,
     42,  42,  42,  42,  42,  60,  10,  34,  10,  34,  10,  34,  12,  36,  12,  36,
     12,  36,  12,  36,  13,  61,  13,  14,  14,  14,  14,  14,  16,  16,  16,  16,
     38,  38,  17,  39,  17,  39,  18,  40,  40,  19,  19,  19,  61,  19,  19,  41,
     41,  41,  41,  62,  63,  21,  42,  21,  42,  21,  42,  14,  24,  45,  24,  45,
     24,  45,  25,  46,  25,  46,  25,  46,  26,  26,  26,  26,  26,  26,  28,  48,
     30,  30,  31,  50,  31,  50,  31,  50,  37,  31,  50,  50,  17,  39,  39,  17,
     39,  39,  10,  34,  21,  42,  26,  26,  26,  26,  26,  42,  10,  34,  10,  34,
     14,  16,  16,  18,  40,  21,  42,  21,  42,  64,  39,  31,  50,  50,  16,  65,
     41,  10,  34,  14,  21,  42,  10,  34,  10,  34,  14,  14,  21,  42,  21,  42,
     24,  45,  24,  45,  26,  26,  25,  46,  66,  38,  67,  67,  68,  69,  70,  71,
     72,  73,  74,  75,  68,  76,  69,  77,  67,  78,  73,  79,  80,  81,  70,  82,
     74,  83,  84,  85,  85,  86,  80,  87,  88,  89,  90,  91,  92,  93,  94,  95,
     96,  97,  98,  99, 100, 101, 102, 103, 103, 104, 104, 105, 105,  92,  92, 106,
     90, 107, 108, 104, 104, 109,  95, 100,  68, 110,  80,  96, 111, 112,  85, 103,
    104,  97,  69,  90,  69,  90,  68, 113,  93,  78,  94,  73,  95,  73,  95,  73,
     95,  73,  95,  85, 103,  82,  90, 114, 115, 116,  70,  98,  82,  99, 117, 118,
    117, 118,  84, 102,  85, 103,  85, 103, 119, 120, 121, 122, 121, 122,  93, 123,
    103, 124,  85, 103,  85, 103,  75,  87,  75,  87, 125,  67,  92, 126,  96, 126,
     96,  93,  78,  94, 127, 128,  80,  96,  80,  96,  80,  96,  86,  94,  74, 100,
     74, 100,  74, 100,  69,  90, 129, 130, 131, 132, 133, 134, 135, 136, 137, 138,
    139, 140, 141, 142, 143, 144, 145, 146, 147,  30,   6,   6, 148, 149, 148, 149,
      5,  54,  55,  37, 150, 150, 150, 150,
};

static const uint16_t ubuntu_c12_regularKernRightCodepoints[] = {
    0x0021, 0x0022, 0x0027, 0x0028, 0x0029, 0x002A, 0x002C, 0x002D, 0x002E, 0x002F, 0x003A, 0x003B,
    0x003F, 0x0040, 0x0041, 0x0043, 0x0047, 0x004A, 0x004D, 0x004F, 0x0051, 0x0053, 0x0054, 0x0055,
    0x0056, 0x0057, 0x0058, 0x0059, 0x005A, 0x005B, 0x005C, 0x005D, 0x0061, 0x0062, 0x0063, 0x0064,
    0x0065, 0x0066, 0x0067, 0x0068, 0x0069, 0x006A, 0x006B, 0x006C, 0x006D, 0x006E, 0x006F, 0x0070,
    0x0071, 0x0072, 0x0073, 0x0074, 0x0075, 0x0076, 0x0077, 0x0078, 0x0079, 0x007A, 0x007B, 0x007D,
    0x00AB, 0x00BB, 0x00C0, 0x00C1, 0x00C2, 0x00C3, 0x00C4, 0x00C5, 0x00C6, 0x00C7, 0x00D2, 0x00D3,
    0x00D4, 0x00D5, 0x00D6, 0x00D8, 0x00D9, 0x00DA, 0x00DB, 0x00DC, 0x00DD, 0x00DF, 0x00E0, 0x00E1,
    0x00E2, 0x00E3, 0x00E4, 0x00E5, 0x00E6, 0x00E7, 0x00E8, 0x00E9, 0x00EA, 0x00EB, 0x00EC, 0x00ED,
    0x00EE, 0x00EF, 0x00F0, 0x00F1, 0x00F2, 0x00F3, 0x00F4, 0x00F5, 0x00F6, 0x00F8, 0x00F9, 0x00FA,
    0x00FB, 0x00FC, 0x00FD, 0x00FE, 0x00FF, 0x0100, 0x0101, 0x0102, 0x0103, 0x0104, 0x0105, 0x0106,
    0x0107, 0x0108, 0x0109, 0x010A, 0x010B, 0x010C, 0x010D, 0x010F, 0x0111, 0x0113, 0x0115, 0x0117,
    0x0119, 0x011B, 0x011C, 0x011D, 0x011E, 0x011F, 0x0120, 0x0121, 0x0122, 0x0123, 0x0125, 0x0127,
    0x0129, 0x012B, 0x012D, 0x012F, 0x0131, 0x0133, 0x0134, 0x0135, 0x0137, 0x013A, 0x013C, 0x013E,
    0x0140, 0x0142, 0x0144, 0x0146, 0x0148, 0x0149, 0x014A, 0x014B, 0x014C, 0x014D, 0x014E, 0x014F,
    0x0150, 0x0151, 0x0152, 0x0153, 0x0155, 0x0157, 0x0159, 0x015A, 0x015B, 0x015C, 0x015D, 0x015E,
    0x015F, 0x0160, 0x0161, 0x0162, 0x0163, 0x0164, 0x0165, 0x0166, 0x0167, 0x0168, 0x0169, 0x016A,
    0x016B, 0x016C, 0x016D, 0x016E, 0x016F, 0x0170, 0x0171, 0x0172, 0x0173, 0x0174, 0x0175, 0x0176,
    0x0177, 0x0178, 0x0179, 0x017A, 0x017B, 0x017C, 0x017D, 0x017E, 0x017F, 0x01A0, 0x01A1, 0x01AF,
    0x01B0, 0x01C6, 0x01C9, 0x01CC, 0x01CD, 0x01CE, 0x01D0, 0x01D1, 0x01D2, 0x01D3, 0x01D4, 0x01D5,
    0x01D6, 0x01D7, 0x01D8, 0x01D9, 0x01DA, 0x01DB, 0x01DC, 0x01DD, 0x01DE, 0x01DF, 0x01E0, 0x01E1,
    0x01E2, 0x01E3, 0x01E4, 0x01E5, 0x01E6, 0x01E7, 0x01E9, 0x01EA, 0x01EB, 0x01EC, 0x01ED, 0x01EE,
    0x01EF, 0x01F0, 0x01F3, 0x01F4, 0x01F5, 0x01F7, 0x01F9, 0x01FA, 0x01FB, 0x01FC, 0x01FD, 0x01FE,
    0x01FF, 0x0200, 0x0201, 0x0202, 0x0203, 0x0205, 0x0207, 0x0209, 0x020B, 0x020C, 0x020D, 0x020E,
    0x020F, 0x0211, 0x0213, 0x0214, 0x0215, 0x0216, 0x0217, 0x0218, 0x0219, 0x021A, 0x021B, 0x021C,
    0x021D, 0x021F, 0x0402, 0x0404, 0x0405, 0x0408, 0x0409, 0x040B, 0x040E, 0x0410, 0x0414, 0x0416,
    0x0417, 0x041B, 0x041C, 0x041E, 0x0421, 0x0422, 0x0423, 0x0424, 0x0425, 0x0427, 0x042A, 0x042D,
    0x042F, 0x0430, 0x0431, 0x0432, 0x0433, 0x0434, 0x0435, 0x0436, 0x0437, 0x0438, 0x0439, 0x043A,
    0x043B, 0x043C, 0x043D, 0x043E, 0x043F, 0x0440, 0x0441, 0x0442, 0x0443, 0x0444, 0x0445, 0x0446,
    0x0447, 0x0448, 0x0449, 0x044A, 0x044B, 0x044C, 0x044D, 0x044E, 0x044F, 0x0450, 0x0451, 0x0452,
    0x0453, 0x0454, 0x0455, 0x0456, 0x0457, 0x0458, 0x0459, 0x045A, 0x045B, 0x045C, 0x045D, 0x045E,
    0x045F, 0x0462, 0x0463, 0x0472, 0x0473, 0x0474, 0x0475, 0x048B, 0x048D, 0x048F, 0x0491, 0x0493,
    0x0495, 0x0496, 0x0497, 0x0498, 0x0499, 0x049B, 0x049D, 0x049F, 0x04A1, 0x04A3, 0x04A5, 0x04A7,
    0x04A8, 0x04A9, 0x04AA, 0x04AB, 0x04AC, 0x04AD, 0x04AE, 0x04AF, 0x04B0, 0x04B1, 0x04B2, 0x04B3,
    0x04B4, 0x04B5, 0x04B6, 0x04B7, 0x04B8, 0x04B9, 0x04BB, 0x04BC, 0x04BD, 0x04BE, 0x04BF, 0x04C1,
    0x04C2, 0x04C4, 0x04C5, 0x04C6, 0x04C8, 0x04CA, 0x04CB, 0x04CC, 0x04CE, 0x04D0, 0x04D1, 0x04D2,
    0x04D3, 0x04D5, 0x04D7, 0x04D8, 0x04D9, 0x04DA, 0x04DB, 0x04DC, 0x04DD, 0x04DE, 0x04DF, 0x04E0,
    0x04E1, 0x04E3, 0x04E5, 0x04E6, 0x04E7, 0x04E8, 0x04E9, 0x04EA, 0x04EB, 0x04EC, 0x04ED, 0x04EE,
    0x04EF, 0x04F0, 0x04F1, 0x04F2, 0x04F3, 0x04F4, 0x04F5, 0x04F7, 0x04F9, 0x05D0, 0x05D1, 0x05D2,
    0x05D3, 0x05D4, 0x05D6, 0x05D7, 0x05D8, 0x05D9, 0x05DA, 0x05DB, 0x05DC, 0x05DD, 0x05DE, 0x05E1,
    0x05E2, 0x05E3, 0x05E4, 0x05E5, 0x05E7, 0x05E8, 0x05E9, 0x05EA, 0x06D5, 0x1EF2, 0x1EF3, 0x2013,
    0x2014, 0x2018, 0x2019, 0x201A, 0x201C, 0x201D, 0x201E, 0x2026, 0x2039, 0x203A, 0xFB00, 0xFB01,
    0xFB02, 0xFB03, 0xFB04, 0xFB8E, 0xFBA6, 0xFBAA, 0xFE8D, 0xFEA3, 0xFEA9, 0xFEB1, 0xFEB3, 0xFEB9,
    0xFEBB, 0xFEC1, 0xFEC3, 0xFECB, 0xFEDB, 0xFEDF, 0xFEE1, 0xFEE3, 0xFEEB,
};

static const uint8_t ubuntu_c12_regularKernRightClassIds[] = {
      1,   2,   2,   3,   4,   5,   6,   7,   6,   8,   9,   9,  10,  11,  12,  13,
     14,  15,  16,  17,  18,  19,  20,  21,  22,  23,  24,  25,  26,  27,  28,  29,
     30,  31,  32,  33,  34,  35,  36,  31,  37,  38,  31,  39,  40,  40,  41,  40,
     42,  40,  43,  44,  45,  46,  47,  48,  49,  50,  51,  52,  53,  54,  12,  12,
     12,  12,  12,  12,  55,  13,  17,  17,  17,  17,  17,  17,  21,  21,  21,  21,
     25,  56,  30,  30,  30,  30,  30,  30,  30,  32,  34,  34,  34,  34,  57,  37,
     58,  59,  60,  40,  41,  41,  41,  41,  41,  41,  45,  45,  45,  45,  49,  56,
     49,  12,  30,  12,  30,  12,  30,  13,  32,  13,  32,  13,  32,  13,  32,  33,
     33,  34,  34,  34,  34,  34,  14,  36,  14,  36,  14,  36,  14,  36,  31,  31,
     61,  62,  63,  37,  37,  37,  15,  38,  31,  39,  39,  39,  39,  39,  40,  40,
     40,  40,  64,  65,  17,  41,  17,  41,  17,  41,  17,  41,  40,  40,  40,  19,
     43,  19,  43,  19,  43,  19,  43,  20,  44,  20,  44,  20,  44,  21,  45,  21,
     45,  21,  45,  21,  45,  21,  45,  21,  45,  23,  47,  25,  49,  25,  26,  50,
     26,  50,  26,  50,  35,  17,  41,  21,  45,  33,  39,  40,  12,  30,  37,  17,
     41,  21,  45,  21,  45,  21,  45,  21,  45,  21,  45,  66,  12,  30,  12,  30,
     55,  30,  14,  36,  14,  36,  31,  17,  41,  17,  41,  67,  68,  38,  33,  14,
     36,  56,  40,  12,  30,  55,  30,  17,  41,  12,  30,  12,  30,  34,  34,  37,
     37,  17,  41,  17,  41,  40,  40,  21,  45,  21,  45,  19,  43,  20,  44,  69,
     70,  31,  71,  72,  73,  74,  75,  71,  76,  77,  78,  79,  80,  75,  81,  82,
     72,  71,  76,  83,  84,  85,  71,  86,  87,  88,  89,  90,  91,  92,  93,  94,
     95,  91,  91,  91,  96,  97,  91,  98,  91,  99,  93, 100, 101, 102, 103,  91,
    104,  91, 105, 106,  91,  91, 107,  90, 108,  93,  93, 109,  91, 110, 111, 112,
    113, 114,  96,  91, 115,  91,  91, 101, 105,  71, 116,  82,  98,  76, 101,  91,
    117,  99,  91,  91,  91,  79,  94,  80,  95,  91,  91,  91,  91,  91,  91,  91,
    118, 119,  72,  93,  71, 100, 120, 121, 120, 121,  84, 103,  71, 100,  85, 104,
     85, 104, 122, 123, 124, 123, 124,  79,  94,  91,  75,  96,  91,  91,  85, 104,
     97,  77,  88,  77,  88, 125,  93, 126, 127, 126, 127,  79,  94,  80, 128, 129,
    130,  91,  91,  82,  98,  82,  98,  82,  98,  86, 131,  76, 101,  76, 101,  76,
    101,  85, 104,  91,  91, 132, 133, 134, 135, 136, 137, 138, 139, 140, 141, 142,
    143, 144, 145, 146, 147, 148, 149, 150, 151, 152, 153, 154, 155,  25,  49,   7,
      7, 156, 157, 158, 156, 157, 158,   6,  53,  54,  35,  35,  35,  35,  35, 155,
    155, 155, 159, 155, 160, 160, 160, 160, 160, 160, 160, 159, 155, 159, 155, 155,
    155,
};

static const uint16_t ubuntu_c12_regularKernRowOffsets[] = {
        0,    20,    40,    71,    87,   114,   137,   164,   179,   212,   255,   272,   307,   334,   366,   401,
      407,   419,   461,   502,   504,   531,   557,   580,   604,   652,   667,   714,   753,   788,   835,   869,
      904,   920,   930,   943,   955,   977,   988,   989,  1003,  1014,  1028,  1042,  1043,  1058,  1071,  1089,
     1103,  1114,  1128,  1151,  1176,  1182,  1187,  1213,  1228,  1251,  1264,  1268,  1282,  1313,  1315,  1322,
     1329,  1350,  1354,  1385,  1415,  1474,  1514,  1522,  1554,  1606,  1657,  1709,  1731,  1764,  1780,  1793,
     1831,  1858,  1918,  1962,  2000,  2033,  2067,  2076,  2090,  2096,  2115,  2128,  2145,  2164,  2170,  2187,
     2207,  2229,  2245,  2264,  2284,  2308,  2325,  2339,  2350,  2369,  2377,  2392,  2398,  2409,  2420,  2479,
     2500,  2505,  2514,  2551,  2562,  2613,  2633,  2645,  2656,  2678,  2692,  2696,  2701,  2715,  2743,  2767,
     2776,  2782,  2787,  2794,  2805,  2811,  2812,  2821,  2832,  2838,  2848,  2853,  2856,  2863,  2865,  2872,
     2879,  2889,  2896,  2906,  2921,  2943,  2946,
};

static const uint8_t ubuntu_c12_regularKernSparseCols[] = {
     11,  12,  13,  14,  16,  17,  21,  22,  25,  54,  71,  73,  74,  76,  77,  81,
     82, 117, 125, 128,   3,  12,  13,  16,  17,  18,  19,  20,  21,  24,  70,  71,
     72,  77,  81,  82, 117, 119, 122, 125,  11,  12,  13,  14,  16,  17,  18,  19,
     21,  22,  23,  24,  25,  54,  70,  71,  72,  75,  76,  78,  79,  81,  82,  83,
     84,  85,  86, 117, 119, 125, 128,  11,  12,  13,  14,  23,  54,  71,  73,  74,
     76,  77,  78,  79,  83, 125, 128,  11,  12,  13,  14,  16,  17,  18,  19,  20,
     21,  22,  23,  24,  25,  54,  70,  71,  76,  77,  81,  82,  83,  84, 117, 119,
    122, 125,  14,  19,  21,  23,  24,  25,  54,  70,  71,  72,  73,  74,  75,  77,
     78,  79,  81,  83,  85, 117, 119, 125, 128,  11,  12,  13,  14,  16,  17,  19,
     21,  22,  23,  24,  25,  54,  70,  71,  73,  74,  75,  76,  77,  78,  81,  82,
     83,  85, 117, 119,  12,  13,  16,  17,  19,  20,  21,  22,  24,  70,  71,  81,
     82, 119, 125,  11,  12,  13,  14,  16,  17,  18,  19,  20,  21,  22,  23,  24,
     25,  54,  70,  71,  72,  73,  74,  75,  76,  77,  78,  79,  81,  82,  83,  84,
     85,  86, 119, 128,   1,   2,   4,   5,   7,  10,  11,  12,  13,  14,  16,  17,
     18,  19,  20,  21,  22,  23,  24,  25,  28,  31,  32,  33,  35,  40,  41,  42,
     44,  45,  46,  47,  48,  49,  50,  51,  52,  54,  59,  68, 155, 156, 157,   1,
      2,   3,   4,   5,   7,   8,   9,  21,  22,  23,  24,  28,  49,  51,  54,  68,
      2,   5,   6,   9,  10,  11,  12,  13,  14,  16,  17,  18,  19,  21,  23,  24,
     25,  26,  31,  32,  33,  35,  40,  41,  44,  45,  46,  47,  48,  50,  52,  54,
     59, 156, 157,   0,   1,   2,   3,   5,   7,   9,  10,  11,  14,  18,  19,  21,
     22,  23,  24,  25,  26,  28,  29,  51,  54,  66,  68, 155, 156, 157,   1,   2,
      4,   5,  10,  11,  12,  13,  14,  16,  17,  20,  26,  28,  31,  32,  33,  35,
     40,  41,  43,  44,  45,  46,  47,  48,  50,  51,  52,  54,  59, 155,   0,   2,
      5,   7,   8,   9,  10,  11,  12,  13,  14,  16,  17,  19,  21,  24,  26,  28,
     29,  31,  32,  33,  35,  39,  40,  41,  44,  47,  49,  53,  54,  59,  64,  65,
    157,   3,   4,  28,  45,  48,  51,   3,   5,   7,  11,  14,  25,  28,  49,  51,
     54,  66, 157,   2,   4,   5,   6,   7,   9,  10,  11,  12,  13,  14,  16,  17,
     19,  21,  22,  23,  24,  25,  28,  31,  32,  33,  35,  40,  41,  42,  44,  45,
     46,  47,  48,  49,  50,  52,  54,  58,  59,  60,  61,  65, 157,   1,   2,   4,
      5,   6,   7,  11,  12,  13,  14,  16,  17,  18,  19,  20,  21,  22,  23,  24,
     25,  28,  31,  32,  33,  35,  40,  41,  45,  46,  47,  48,  49,  50,  51,  52,
     53,  54,  68, 155, 156, 157,  21,  24,   0,   1,   2,   3,   5,   7,   9,  10,
     11,  14,  18,  19,  21,  22,  23,  24,  25,  26,  28,  29,  51,  54,  66,  68,
    155, 156, 157,   0,   2,   3,   5,   7,  11,  14,  23,  26,  28,  29,  31,  32,
     33,  35,  40,  41,  45,  46,  48,  51,  52,  54,  59, 156, 157,   0,   1,   2,
      5,   9,  10,  11,  14,  18,  19,  21,  22,  23,  24,  25,  26,  29,  37,  54,
     66, 155, 156, 157,   2,   5,   7,   9,  10,  11,  12,  13,  14,  16,  17,  21,
     23,  24,  25,  28,  47,  49,  50,  51,  52,  54,  59, 157,   2,   3,   5,   6,
      7,   8,   9,  10,  11,  12,  13,  14,  16,  17,  19,  21,  22,  23,  24,  28,
     29,  31,  32,  33,  35,  39,  40,  41,  42,  44,  45,  46,  47,  48,  49,  50,
     52,  53,  54,  57,  58,  59,  60,  61,  62,  64,  65, 157,   2,   5,   7,   8,
     11,  14,  25,  28,  29,  49,  50,  51,  54,  66, 157,   1,   2,   3,   5,   6,
      7,   8,   9,  10,  11,  12,  13,  14,  15,  16,  17,  19,  21,  22,  23,  24,
     28,  29,  31,  32,  33,  35,  39,  40,  41,  42,  44,  50,  52,  53,  54,  56,
     58,  59,  60,  61,  62,  64,  65, 155, 156, 157,   1,   2,   5,   7,   8,   9,
     10,  11,  12,  13,  14,  16,  17,  19,  21,  22,  23,  24,  28,  29,  31,  32,
     33,  35,  39,  40,  41,  42,  44,  50,  52,  54,  58,  59,  60,  64, 155, 156,
    157,   2,   4,   5,   6,   7,  10,  11,  12,  13,  14,  16,  17,  19,  21,  23,
     24,  25,  28,  31,  32,  33,  35,  40,  41,  44,  45,  46,  47,  48,  50,  52,
     54,  59,  65, 157,   2,   3,   5,   6,   7,   8,   9,  10,  11,  12,  13,  14,
     15,  16,  17,  19,  21,  22,  23,  24,  25,  28,  29,  31,  32,  33,  35,  39,
     40,  41,  42,  44,  47,  49,  50,  52,  53,  54,  58,  59,  60,  61,  64,  65,
    155, 156, 157,   2,   5,   6,  10,  11,  12,  13,  14,  16,  17,  20,  21,  24,
     26,  28,  31,  32,  33,  35,  40,  41,  43,  44,  45,  46,  47,  48,  50,  51,
     52,  54,  58,  59,  60,  11,  12,  13,  14,  16,  17,  18,  19,  20,  21,  22,
     23,  24,  25,  28,  54,  70,  71,  72,  73,  74,  75,  76,  77,  78,  81,  82,
     83,  84,  86, 117, 119, 122, 125, 128,  12,  13,  16,  17,  22,  23,  25,  71,
     72,  81,  82,  83,  84,  86, 117, 125,   1,   3,   4,   9,  28,  45,  46,  48,
     51, 156,   1,   3,   7,   9,  28,  45,  46,  47,  48,  49,  51, 155, 156,   5,
      6,  28,  32,  35,  40,  45,  46,  47,  48,  50,  52,   3,   4,   5,   6,   7,
      9,  28,  45,  46,  47,  48,  51,  52,  53,  56,  58,  59,  60,  61,  62, 156,
    157,   1,   3,   4,   9,  28,  45,  46,  48,  51, 155, 156,  37,   6,   7,  10,
     28,  31,  32,  33,  35,  40,  41,  47,  50,  52,  59,   1,   3,   4,   9,  28,
     45,  46,  48,  51, 155, 156,   1,   3,   4,   7,   9,  28,  45,  46,  47,  48,
     49,  51, 155, 156,   1,   3,   4,   7,   9,  28,  45,  46,  47,  48,  49,  51,
    155, 156,  37,   4,   5,   6,   7,   9,  28,  41,  45,  46,  47,  48,  52,  59,
    156, 157,   5,   6,  28,  31,  32,  33,  35,  40,  41,  47,  50,  52,  59,   4,
      5,   7,   9,  28,  31,  32,  33,  35,  40,  41,  45,  46,  47,  48,  59, 156,
    157,   4,   5,   7,   9,  28,  31,  40,  45,  46,  47,  48,  59, 156, 157,  28,
     31,  32,  33,  35,  40,  41,  47,  50,  52,  59,  28,  31,  32,  33,  34,  35,
     40,  41,  43,  44,  50,  51,  52,  59,  11,  12,  13,  14,  16,  17,  18,  20,
     25,  51,  54,  71,  72,  76,  77,  81,  82,  84,  86, 117, 122, 125, 128,  11,
     14,  18,  19,  20,  21,  22,  23,  24,  25,  54,  70,  72,  73,  74,  75,  76,
     77,  78,  79,  83,  85,  86, 119, 128,  19,  20,  21,  22,  24,  25,  19,  21,
     24,  70, 119,  11,  14,  18,  19,  21,  22,  23,  24,  25,  54,  70,  72,  73,
     74,  75,  76,  77,  78,  79,  83,  84,  85,  86, 119, 122, 128,  11,  12,  13,
     14,  16,  17,  18,  19,  20,  21,  22,  23,  24,  25,  54,   0,   1,   3,   5,
      7,   9,  11,  14,  19,  21,  23,  24,  25,  26,  28,  29,  51,  54,  66,  68,
    155, 156, 157,   1,   3,   4,   9,  28,  45,  46,  48,  51,  67,  69, 155, 156,
      7,   9,  28,  51,   1,   3,   4,   7,   9,  28,  45,  46,  47,  48,  49,  51,
    155, 156,   1,   3,   5,   6,   8,   9,  27,  28,  29,  30,  31,  32,  33,  35,
     36,  37,  38,  39,  40,  41,  42,  43,  44,  51,  56,  57,  58,  60,  61,  62,
    156,  37,  49,   1,   4,   9,  45,  46, 155, 156,  37,  45,  46,  47,  48,  67,
     69,  11,  14,  23,  24,  25,  29,  30,  34,  36,  37,  39,  54,  55,  56,  57,
     58,  60,  61,  62,  63,  66,  21,  24,  63,  68,   1,   2,   4,   5,  10,  26,
     28,  50,  51,  52,  71,  73,  76,  81,  82,  88,  92,  97,  99, 100, 101, 102,
    103, 105, 115, 117, 118, 120, 125, 129, 155,   0,   1,   3,   4,   5,   6,   7,
      8,   9,  26,  28,  51,  75,  78,  83,  84,  86,  93,  94,  99, 100, 102, 105,
    115, 116, 120, 122, 127, 129, 130,   2,   3,   5,   6,   7,   8,   9,  10,  28,
     50,  52,  53,  70,  71,  73,  74,  75,  76,  77,  81,  82,  83,  85,  87,  89,
     90,  91,  92,  93,  94,  95,  96,  97,  98,  99, 100, 101, 102, 103, 104, 105,
    106, 107, 108, 109, 110, 112, 114, 116, 117, 118, 120, 123, 124, 126, 127, 129,
    130, 157,   2,   5,   6,   9,  10,  26,  50,  52,  70,  71,  73,  74,  76,  77,
     81,  82,  83,  88,  91,  92,  93,  95,  97,  99, 100, 101, 102, 103, 105, 108,
    114, 117, 118, 119, 120, 123, 125, 129, 156, 157,   1,   4,  99, 100, 105, 115,
    120, 129,   0,   1,   2,   3,   4,   9,  10,  26,  28,  51,  70,  71,  81,  82,
     84,  88,  99, 100, 105, 108, 111, 112, 113, 114, 115, 116, 117, 120, 121, 122,
    125, 129,   2,   4,   5,   6,   7,   9,  10,  28,  50,  52,  70,  71,  73,  74,
     76,  77,  78,  79,  81,  82,  83,  85,  86,  88,  91,  92,  93,  95,  97,  99,
    100, 101, 102, 103, 105, 106, 107, 108, 109, 110, 114, 115, 117, 118, 120, 122,
    123, 125, 126, 128, 129, 157,   1,   2,   3,   5,   6,   7,   8,   9,  10,  28,
     50,  52,  53,  70,  71,  73,  74,  75,  76,  77,  78,  80,  81,  82,  83,  85,
     87,  88,  89,  90,  91,  92,  95,  96,  97,  98, 101, 104, 107, 108, 109, 110,
    112, 114, 117, 118, 124, 126, 155, 156, 157,   1,   2,   4,   5,   7,  10,  28,
     50,  51,  52,  70,  71,  72,  73,  74,  76,  77,  78,  79,  81,  82,  83,  84,
     85,  86,  88,  91,  92,  93,  95,  97,  99, 100, 101, 102, 103, 105, 106, 107,
    110, 115, 117, 119, 120, 122, 123, 125, 128, 129, 155, 156, 157,   1,   2,   3,
      4,   5,   7,   8,   9,  26,  28,  51,  75,  78,  82,  83,  84,  86,  94, 113,
    119, 127, 130,   1,   3,   4,   5,   7,  28,  50,  51,  52,  71,  73,  74,  76,
     77,  78,  79,  81,  82,  83,  84,  85,  91,  93,  95, 100, 102, 103, 107, 113,
    117, 125, 128, 129,   1,   2,   3,   7,   8,   9,  26,  28,  51,  75,  78,  82,
     83,  84,  86, 113,   1,   2,   3,   4,   9,  10,  26,  28,  51,  75, 101, 103,
    119,   0,   1,   2,   3,   5,   6,   7,   9,  10,  26,  28,  51,  70,  73,  74,
     75,  76,  77,  78,  79,  83,  85,  87,  91,  93,  94,  95, 108, 111, 112, 113,
    119, 127, 128, 130, 155, 156, 157,   0,   2,   3,   5,   7,  26,  28,  51,  52,
     73,  74,  76,  77,  78,  79,  83,  87,  91,  95,  96, 100, 116, 120, 122, 124,
    156, 157,   2,   3,   5,   6,   7,   8,   9,  10,  28,  50,  52,  53,  70,  71,
     73,  74,  75,  76,  77,  81,  82,  83,  85,  87,  89,  90,  91,  92,  93,  94,
     95,  96,  97,  98,  99, 100, 101, 102, 103, 104, 105, 106, 107, 108, 109, 110,
    112, 114, 116, 117, 118, 119, 120, 123, 124, 126, 127, 129, 130, 157,   0,   1,
      2,   3,   5,   7,   9,  10,  26,  28,  51,  70,  73,  74,  75,  76,  77,  78,
     79,  83,  85,  87,  89,  90,  91,  93,  94,  95,  96,  98, 104, 108, 111, 112,
    113, 114, 121, 124, 127, 128, 130, 155, 156, 157,   2,   4,   5,   6,   7,  10,
     28,  50,  52,  70,  71,  76,  81,  82,  83,  88,  91,  92,  93,  95,  97,  99,
    100, 101, 102, 103, 105, 108, 109, 114, 115, 118, 119, 120, 123, 126, 129, 157,
      1,   3,   4,   5,   7,  28,  50,  51,  52,  71,  73,  74,  76,  77,  78,  79,
     81,  82,  83,  84,  85,  91,  93,  95, 100, 102, 103, 107, 113, 117, 125, 128,
    129,   0,   1,   2,   3,   5,   6,   7,   9,  10,  26,  28,  51,  70,  73,  74,
     75,  76,  77,  78,  79,  83,  85,  91,  94,  95, 111, 112, 113, 127, 128, 130,
    155, 156, 157,   1,   3,   4,   9,  28,  51, 100, 120, 156,   0,   1,   2,   4,
      5,   6,   7,   8,  26,  93,  94, 102, 127, 130,   1,   3,   4,   9,  28,  51,
      3,   5,   6,   7,   9,  28,  50,  51,  52,  91,  95,  99, 100, 102, 105, 116,
    120, 123, 129,   1,   3,   7,  28,  51,  91,  93,  95, 100, 101, 102, 103, 129,
      1,   3,   4,   5,   6,   7,   8,   9,  26,  28,  51,  94, 100, 120, 127, 130,
    156,   1,   2,   6,   7,  10,  28,  50,  52,  91,  92,  93,  95,  97, 101, 102,
    107, 109, 118, 126,   1,   3,   4,   9,  28,  51,   2,   6,   7,  10,  28,  50,
     52,  91,  92,  93,  95,  97, 101, 102, 107, 109, 118,   1,   3,   4,   5,   6,
      7,   8,   9,  28,  51,  93,  94, 100, 102, 106, 120, 127, 130, 155, 156,   1,
      2,   3,   4,   5,   6,   7,   8,   9,  26,  28,  51,  93,  94, 100, 102, 108,
    120, 127, 130, 155, 156,   5,   6,  28,  50,  51,  52,  91,  93,  95,  97,  99,
    100, 101, 102, 105, 120,   3,   5,   6,   7,   9,  28,  50,  51,  52,  91,  95,
     99, 100, 102, 105, 116, 120, 123, 129,   3,   5,   7,   9,  28,  51,  91,  92,
     95,  97,  99, 100, 101, 102, 105, 116, 120, 129, 156, 157,   0,   1,   3,   4,
      5,   6,   7,   8,   9,  26,  28,  51,  93,  94,  95, 100, 102, 106, 108, 127,
    129, 130, 155, 156,   2,   6,   9,  10,  28,  50,  51,  52,  91,  92,  93,  95,
     97, 101, 102, 109, 118,   1,   3,   7,  28,  51,  91,  93,  95, 100, 101, 102,
    103, 113, 129,   1,   3,   4,   9,  28,  51,  99, 100, 105, 120, 129,   1,   3,
      4,   5,   6,   7,   8,   9,  28,  51,  93,  94, 100, 102, 106, 127, 130, 155,
    156,   1,   2,   4,   9,  10,  26,  88, 108,   1,   2,   6,   9,  10,  26,  28,
     50,  51,  52,  92,  97, 101, 109, 118,   1,   3,   9,  28,  50,  51,   1,   2,
      3,   4,   9,  10,  26,  28,  51,  88, 108,   1,   3,   4,   9,  28,  51,  99,
    100, 105, 120, 129,   2,   3,   6,   7,   8,   9,  10,  28,  51,  52,  53,  70,
     71,  74,  75,  76,  77,  78,  79,  81,  82,  83,  84,  85,  87,  89,  90,  91,
     92,  93,  94,  95,  96,  97,  98,  99, 100, 101, 102, 103, 104, 105, 106, 107,
    108, 109, 110, 114, 116, 117, 118, 120, 123, 124, 126, 127, 128, 129, 130,   4,
      5,   6,   7,   9,  28,  52,  53,  91,  93,  95,  99, 100, 102, 103, 105, 106,
    116, 120, 123, 129,   1,   2,   4,   9, 103,   1,   4,   9,  95,  99, 103, 105,
    120, 123,   0,   1,   2,   4,   5,   6,   8,   9,  26,  70,  72,  73,  74,  75,
     76,  78,  79,  83,  84,  85,  86,  93,  94,  95,  98, 102, 104, 106, 108, 111,
    112, 113, 114, 121, 127, 128, 130,   1,   4,   5,   8,   9,  26,  93,  99, 102,
    105, 120,   2,   3,   5,   6,   7,   8,   9,  10,  28,  50,  52,  53,  70,  71,
     76,  80,  81,  83,  87,  88,  89,  90,  91,  92,  93,  94,  95,  96,  97,  98,
    101, 102, 103, 104, 106, 107, 108, 109, 110, 114, 116, 118, 119, 123, 124, 126,
    127, 130, 155, 156, 157,   3,   4,   5,   7,   9,  28,  51,  91,  92,  95,  97,
     99, 100, 102, 105, 116, 120, 129, 156, 157,   0,   1,   2,   3,   4,   9,  26,
     28,  51,  70,  84, 122,   1,   2,   3,   4,   9,  10,  26,  28,  51,  88, 108,
      1,   2,   3,   5,   7,   9,  26,  28,  51,  75,  78,  79,  83,  85,  87,  96,
    111, 112, 113, 124, 126, 128,   1,   3,   4,   5,   6,   7,   8,   9,  26,  28,
     51,  94, 127, 130,   2,   9,  50,  52,   1,   2,   9, 101, 118,   1,   3,   4,
      5,   6,   7,   8,   9,  26,  28,  51,  94, 127, 130,   0,   1,   2,   3,   5,
      6,   7,   9,  10,  26,  28,  51,  70,  76,  83,  87,  91,  94,  95, 111, 112,
    113, 119, 127, 130, 155, 156, 157,   2,   4,   5,   7,   8,  26,  28,  51,  82,
     86,  93,  99, 100, 102, 105, 107, 111, 112, 113, 115, 116, 120, 122, 129,   1,
      2,   9,  10,  50,  52,  97, 101, 118, 139, 141, 142, 148, 150, 152, 134, 140,
    145, 148, 151, 132, 138, 139, 141, 142, 144, 148, 132, 135, 138, 140, 141, 143,
    144, 145, 147, 148, 151, 132, 138, 143, 145, 148, 151, 132, 134, 138, 140, 141,
    147, 148, 149, 150, 151, 132, 135, 137, 138, 141, 143, 144, 145, 148, 151, 153,
    138, 141, 144, 145, 147, 148, 132, 133, 138, 140, 141, 145, 147, 148, 152, 153,
    141, 143, 144, 145, 148, 138, 139, 141, 138, 140, 142, 145, 147, 148, 151, 138,
    145, 140, 141, 142, 145, 147, 148, 152, 131, 132, 134, 139, 143, 145, 148, 132,
    138, 140, 141, 144, 145, 147, 148, 151, 153, 132, 138, 141, 143, 145, 148, 151,
    134, 136, 139, 141, 142, 144, 145, 146, 148, 152,  11,  12,  13,  14,  16,  17,
     21,  22,  24,  54,  71,  76,  81,  82, 119,  11,  12,  13,  14,  16,  17,  18,
     19,  20,  21,  22,  23,  24,  25,  54,  70,  71,  76,  81,  82,  83, 119, 154,
    158, 159,
};

static const int8_t ubuntu_c12_regularKernSparseValues[] = {
     -15,   -5,   -5,  -24,   -5,   -5,    2,    2,   -2,  -26,   -5,  -22,  -14,  -15,  -13,   -5,
      -5,   -5,   -7,   -2,   15,   -6,   -6,   -6,   -6,   -3,    2,   -2,    3,    3,    2,   -6,
      -2,    5,   -6,   -6,   -9,    3,   -2,   -4,   -4,   -2,   -2,   -2,   -2,   -2,   -2,   -5,
      -7,   -3,   -5,   -8,   -4,   -4,   -5,   -2,   -3,   -5,   -4,   -4,   -4,   -2,   -2,   -5,
      -4,   -3,   -3,   -3,   -8,   -2,   -3,  -12,   -2,   -2,  -23,   -5,  -19,   -2,  -22,  -14,
     -12,  -14,   -6,   -3,   -5,   -3,   -3,    5,   -6,   -6,    5,   -6,   -6,    3,  -13,   -4,
     -15,   -8,    2,  -15,    4,    4,  -13,   -6,    5,    3,   -6,   -6,    2,  -22,   -8,  -15,
     -19,   -6,   -5,  -10,   -2,   -6,  -10,   -3,   -3,  -10,    3,   -2,   -4,   -7,   -8,   -4,
      -8,   -3,    3,   -6,   -3,    3,  -10,    3,   -4,  -10,   -5,   -5,  -14,   -5,   -5,    6,
       6,    4,    4,    7,    2,  -15,    6,   -5,  -12,  -11,    5,  -10,  -11,    3,   -5,   -5,
       4,    4,   -4,    7,   -2,   -2,   -2,   -2,  -16,   -2,   -4,   -2,   -8,  -16,   -2,   -2,
      -2,   -8,   -4,   -5,   -2,   -2,   -5,   -2,   -2,   -3,   -8,   -2,   -7,   -4,   -7,  -10,
      -7,   -7,   -8,   -2,   -3,   -4,   -4,   -8,   -5,   -4,   -9,   -6,   -2,   -2,   -7,   -2,
      -5,   -3,  -10,   -5,  -15,   -4,  -12,    5,    3,   -3,    6,   -4,   -4,    6,   -4,   -4,
       3,  -12,   -2,  -12,   -3,    5,  -15,    4,   -5,   -2,   -2,   -2,   -3,   -2,   -2,    2,
      -3,   -4,   -4,    5,   -3,    3,   -4,   -2,   -4,    7,   -2,  -10,  -14,  -13,    5,   -2,
      -2,   -5,   -2,   -2,   -4,   -2,   -4,   -4,   -2,   -4,   -5,   -7,   -2,   -4,   -2,   -3,
      -4,    4,   -6,    3,   -3,    4,   -4,   -4,    4,   -4,   -4,    2,    3,    3,    2,    3,
       2,   -2,   -3,   -3,   -3,   -3,   -3,   -3,   -4,   -3,   -3,    3,   -3,   -5,   -9,    4,
      -3,    2,    3,   -3,   -5,   -2,   -6,   -6,   -8,   -7,   -2,   -4,   -5,   -2,   -5,   -3,
      -3,   -5,   -8,   -3,   -2,   -8,   -3,   -6,   -8,   -6,   -6,   -4,   -2,   -7,   -3,   -4,
      -2,    2,   -3,    3,   -5,   -5,    3,   -5,   -5,   -4,   -3,   -8,   -3,   -3,   -3,   -4,
      -3,   -3,   -3,   -4,   -5,   -5,    2,   -5,   -4,   -4,   -4,    3,   -3,   -2,   -2,   -5,
     -12,  -12,   -3,    2,   -3,   -9,   -2,   -2,  -15,   -2,   -2,    3,    3,    4,   -3,   -8,
     -10,   -3,   -3,   -3,   -3,   -5,   -3,   -3,   -5,   -7,   -5,   -4,  -15,   -3,   -5,   -3,
     -20,   -2,   -5,   -2,   -3,   -3,   -2,   -2,   -2,   -7,   -2,   -3,   -3,   -7,   -3,   -4,
      -5,   -3,   -2,   -3,   -6,    3,   -9,    3,    2,   -4,    7,   -7,   -7,    5,   -7,   -7,
       3,    4,    2,    5,    4,    4,   -5,   -4,   -4,   -4,   -4,   -4,   -4,    3,   -2,   -3,
      -9,    5,   -2,    3,   -4,  -12,    7,    4,   -5,    2,    2,   -2,    3,  -24,   -2,  -27,
       4,  -13,    2,    5,   -9,   -9,    5,   -9,   -9,    3,  -22,   -3,  -19,   -9,    4,  -22,
       3,   -6,   -2,   -2,   -2,   -2,   -2,   -2,   -8,   -7,    4,   -4,    2,   -5,   -3,   -7,
       2,    6,  -16,  -23,  -23,    3,   -1,   -2,   -3,   -4,   -2,   -5,   -6,   -8,   -7,   -2,
      -4,   -5,   -2,   -5,   -3,   -3,   -5,   -8,   -3,   -2,   -8,   -2,   -6,   -8,   -5,   -5,
      -3,   -2,   -6,   -2,   -2,   -5,  -17,  -12,  -10,  -18,   -3,   -3,   -8,   -4,   -4,   -4,
      -6,   -4,   -4,   -2,    2,    2,    2,   -5,   -3,  -16,   -3,    2,  -22,   -3,   -4,   -2,
      -6,   -7,   -2,   -4,   -5,   -2,   -5,   -3,   -3,   -5,   -8,   -3,   -2,   -3,    3,   -8,
      -5,   -3,   -2,   -4,   -2,    3,    2,   -2,   -3,    5,   -2,   -2,    4,   -2,   -2,   -2,
       4,   -4,    3,   -6,    4,    2,   -3,   -3,   -4,    6,   -3,    3,   -5,    2,  -14,   -9,
     -17,  -16,    4,  -10,  -12,   -5,   -5,  -17,   -5,   -5,    5,    5,    3,    3,    6,   -6,
      -9,  -11,  -11,  -11,  -11,   -8,  -11,  -11,   -9,   -7,   -4,  -16,   -3,   -4,   -6,   -5,
     -16,  -15,  -14,    4,    6,  -15,   10,    4,    2,  -14,  -13,  -13,   -2,   -2,   -8,   -2,
      -2,   -3,   -3,   -7,   -3,   -3,   -2,   -4,   -7,   -3,   -4,    3,   -6,    3,  -14,   -2,
     -13,   -4,    5,   -7,  -12,   -3,   -3,  -18,   -1,   -3,   -3,    5,    6,    4,    4,    6,
      -5,   -5,   -9,   -9,   -9,   -9,   -6,   -9,   -9,   -3,   -5,   -5,   -8,   -2,  -16,    2,
       6,  -10,    8,    6,    2,   -5,   -5,    4,    5,  -14,    2,   -3,   -7,   -9,   -2,    3,
      -4,   -3,   -3,   -3,  -12,   -3,   -3,    4,    4,    2,    2,    5,   -7,   -6,   -4,   -4,
      -4,   -5,   -4,   -4,   -4,   -3,   -4,   -3,   -4,   -9,    3,   -5,    2,   -3,    3,    5,
      -7,   -5,   -5,    2,   -5,    2,   -5,    5,   -5,   -5,    4,   -5,   -5,    2,    3,    3,
       4,    2,   -7,   -3,   -3,   -3,   -3,   -3,   -3,   -2,   -2,   -7,    4,   -1,   -5,   -9,
       5,   -6,   -3,    2,   -8,    3,  -12,   -9,  -16,   -7,    5,  -11,  -15,   -8,   -8,  -22,
      -2,   -8,   -8,    6,    6,    4,    4,    7,    2,   -5,   -8,   -9,   -9,   -9,   -9,   -8,
      -9,   -9,   -4,   -7,   -3,   -5,   -4,  -15,   -6,  -15,    8,  -15,    8,    6,   -8,   -7,
       2,    3,  -15,   -4,    2,  -12,   -3,    3,   -7,   -7,    3,   -7,   -7,   -3,    2,    2,
      -3,   -8,   -3,   -3,   -3,   -4,   -3,   -3,   -2,   -4,   -4,   -5,    2,   -4,   -7,   -3,
     -10,    3,    2,   -3,    2,   -5,   -8,   -8,   -5,   -8,   -8,   -5,   -6,   -7,   -6,   -7,
      -7,   -5,   -8,   15,   -5,   -6,   -8,   -4,   -4,   -5,   -6,   -5,    5,   -6,   -8,   -8,
      -7,   -9,   -7,   -9,   -5,   -5,   -3,   -6,   -2,   -2,   -2,   -2,   -2,   -2,   -3,   -2,
      -2,   -2,   -2,   -2,   -4,   -2,   -4,   -4,   -5,   -5,   -4,   -5,   -6,   -3,   -2,   -3,
      -4,   -5,   -7,   -5,   -4,   -5,   -6,   -2,   -2,   -3,   -2,   -4,   -4,   -6,   -6,    2,
      -6,   -5,   -2,   -3,   -2,    2,    2,    3,    2,   -4,   -6,    7,    2,  -10,   -7,   -8,
       5,    7,    4,    3,    3,    4,    7,   -4,    2,    6,    8,   -3,    8,    6,    8,    4,
     -10,   -7,   -5,   -4,   -5,   -6,   -3,   -2,   -3,   -4,   -6,   -6,    2,   -5,    2,   -4,
      -5,   -5,   -5,   -5,   -6,   -6,   -5,    4,   -4,   -7,   -5,   -6,   -5,   -4,   -5,   -6,
      -3,   -3,   -3,   -4,   -4,   -5,   -6,   -5,   -4,   -4,   -6,   -6,   -3,   -2,   -3,   -3,
      -4,   -4,   -4,   -5,   -6,   -5,   -4,   -4,   -5,   -6,   -3,   -2,   -3,   -3,   -3,   -4,
      -4,   -5,    6,    2,  -11,   -6,   -9,   -8,   -5,   -2,    4,    4,    3,    4,   -4,   -4,
       3,  -10,    2,   -7,   -5,   -2,   -3,   -2,   -2,   -3,   -2,    3,   -4,   -5,   -2,    2,
      -7,   -6,   -7,   -5,   -3,   -3,   -3,   -2,   -3,   -3,    3,    3,    3,    3,   -3,    2,
      -7,    2,   -6,   -5,   -7,   -5,   -2,   -2,    3,    3,    3,    3,   -3,    2,   -6,   -5,
      -4,   -4,   -4,   -4,   -4,   -4,    3,   -4,   -6,   -5,   -7,   -4,   -4,   -4,   -2,   -4,
      -4,   -3,   -2,   -2,   -5,   -4,   -6,   -3,   -2,   -5,   -6,   -2,   -6,   -6,   -4,   -4,
      -3,   15,   -2,   -5,   -3,   -2,    5,   -6,   -6,   -2,   -4,   -6,   -2,   -3,   -2,   -4,
      -4,   -3,   -5,   -2,   -5,   -4,   -6,   -5,   -7,   -4,   -5,   -4,   -3,   -3,   -5,   -4,
      -4,   -4,   -5,   -6,   -4,   -3,   -5,   -4,  -16,   -2,   -6,   -4,   -9,   -2,  -15,   -2,
      -6,  -15,   -6,   -4,   -8,   -4,  -17,   -8,   -4,  -10,  -15,   -8,   -8,  -17,   -5,   -7,
      -7,  -10,   -4,   -6,  -11,   -7,  -10,   -3,   -8,   -4,  -15,   -2,   -8,   -9,   -7,   -7,
     -12,   -7,   -7,   -6,  -21,   -8,   -9,   -7,  -13,  -13,  -13,  -14,   -3,   -6,   -7,  -12,
      -8,   -7,   -5,  -11,   -8,   -4,   -8,   -8,   -9,   -3,   -8,   -3,   -5,   -9,   -8,   -4,
      -5,   -3,  -11,   -8,   -5,   -6,   -4,   -4,   -5,   -5,   -5,   -4,   -7,   -4,   -6,   -6,
      -4,    3,    2,    2,   -8,   -5,   -4,   -4,   -5,   -6,   -3,   -2,   -3,   -3,   -3,   -4,
      -7,   -7,    3,   12,   -2,   -2,   -2,    9,   17,   13,   -2,    3,   -2,   -2,   -2,   -2,
       2,    2,    3,   -2,   -2,   -2,   -2,    2,   -2,   13,   13,   18,   21,   21,   21,   17,
       4,    4,   -2,   -8,   -4,   -5,   -3,   -2,   -7,   -7,   -3,   -4,   -4,   -3,   -4,   -6,
      -5,   -7,  -12,   -6,   -3,   -3,   -4,   -2,   -2,   -2,   -2,   -2,  -11,   -2,   -2,   -2,
      -2,   -2,   -2,   -2,   -2,   -3,   -3,   -4,   -2,   -3,   -3,   -4,   -2,    2,   -3,   -3,
      -8,   -4,   -4,   -4,   -5,    3,    3,   -5,   -5,   -3,   -3,   -3,   -3,   -5,   -3,    2,
      -3,   -3,   -3,   -4,   -2,   -5,   -4,   -3,   -2,   -2,   -7,   -3,   -6,   -2,    3,   -3,
      -2,   -2,   -3,   -8,   -5,   -2,   -4,   -3,   -4,   -4,   -3,   -2,   -7,   -3,   -3,   -7,
      -6,   -2,   -3,   -3,   -2,   -6,   -2,   -5,    2,  -14,   -9,  -17,  -16,    4,  -10,   -6,
      -5,  -16,  -15,    5,   -5,  -21,  -12,    4,  -12,  -12,   -5,   -5,    3,    3,  -19,  -17,
     -18,  -22,  -22,  -14,  -16,  -22,  -20,  -22,  -18,  -12,  -12,  -15,  -13,  -15,  -18,  -12,
     -15,  -21,    5,  -22,  -20,    8,    5,  -14,   -4,  -23,  -12,  -18,  -19,  -19,  -25,  -12,
     -22,  -13,   -4,    4,   -6,    3,   -3,   -2,   -5,   -9,    3,   -4,    4,    3,    4,    3,
      -4,   -4,    2,   -3,    3,   -3,    3,    4,   -3,   -6,   -3,   -3,    3,   -9,   -6,    4,
       4,   -6,   -2,    3,   -3,  -10,   -2,   -7,    2,    3,   -2,   -3,   -9,   -3,   -6,   -5,
      -3,   -4,   -3,  -14,   -4,   -4,   -7,   -6,   -2,   -4,  -10,   -7,  -10,   -2,   -2,   -3,
      -6,   -2,   -7,   -4,   -7,   -3,   -4,   -4,   -4,   -3,   -7,   -2,   -2,   -4,   -2,   -4,
      -2,   -7,   -3,   -6,    3,   -9,    3,    2,   -4,   -5,   -4,  -12,    3,   -7,    5,    5,
       7,    5,    4,    3,   -7,   -7,    5,    4,    3,   -5,    5,   -4,    5,    5,   -4,   -8,
      -9,   -5,    5,  -12,   -4,    4,    4,    4,   -4,    3,    4,   -4,   -8,   -4,   -9,   -7,
     -11,   -4,   -3,    3,  -10,    3,    3,   -6,    3,  -14,   -2,  -13,   -4,    5,   -7,   -5,
      -5,   -8,   -2,    5,   -3,  -16,  -12,    5,  -12,  -12,    3,   -1,   -3,   -3,    4,    4,
      -5,   -3,   -3,   -4,  -12,   -7,  -12,   -6,   -7,   -4,   -8,   -4,   -6,    6,   -7,   -4,
       8,    6,   -4,   -7,   -5,   -5,    4,    5,  -14,  -15,   -4,  -12,    5,    3,   -3,   -5,
      -4,   -2,   -4,  -12,   -4,    3,    5,    5,    6,    5,    4,    3,   -4,   -4,    5,  -10,
       4,    3,   -3,    5,   -2,    5,    5,   -2,   -7,   -3,   -2,    5,   -5,   -5,    3,    4,
       3,   -5,   -4,  -15,   -4,   -7,   -3,   -3,    4,   -7,  -14,  -13,    5,   -2,   -2,   -5,
      -2,   -2,   -4,   -2,   -4,   -2,   -7,   -4,   -2,   -4,   -2,   -4,   -3,   -3,   -2,   -2,
      -5,   -2,   -2,   -2,    5,   -3,    3,    8,    5,   -3,    5,   -3,   -3,    5,    4,    5,
       4,    3,    3,   -3,   -5,    3,   -5,    3,    4,    4,    4,    6,    4,   -4,    3,   12,
      -5,   -2,    3,    6,   -2,   -2,   -5,   -3,   -2,   -2,   -2,   -7,   -5,   -2,   -3,   -2,
      -3,   -3,   -3,   -2,   -3,   -3,   -4,   -3,   -2,   -2,   -2,   -7,   -4,   -1,   -2,   -2,
      -2,   -3,   -4,   -2,   -5,   -6,    3,   -8,   -7,   -2,   -2,   -8,   -6,   -5,   -4,   -4,
      -7,   -4,   -4,   -9,   -6,   -5,   -6,   -2,   -5,   -2,   -2,   -5,   -2,   -2,   -2,   -3,
      -8,   -2,   -5,   -2,   -3,   -2,   -6,   -2,   -2,   -5,  -17,  -12,   -3,   -8,   -5,   -3,
     -18,  -14,  -10,  -13,   -5,   -3,   -3,   -4,   -9,   -9,   -2,    2,    3,    2,    3,   -2,
       2,  -22,   -5,    2,  -14,   -9,  -17,  -16,    4,  -10,   -6,   -5,  -16,  -15,    5,   -5,
     -12,  -12,    4,  -12,  -12,   -5,   -5,    3,    3,   -9,  -14,  -14,  -13,  -11,  -13,  -16,
     -13,  -15,  -11,   -8,  -12,   -4,  -11,   -3,  -15,  -14,  -12,  -15,  -14,    5,  -15,  -15,
       8,    5,  -13,   -4,  -15,    6,   -4,  -13,  -15,  -15,  -26,  -12,  -22,  -13,   -3,   -4,
      -2,   -5,   -6,   -8,   -7,   -2,   -2,   -8,   -6,   -5,  -11,  -11,   -7,   -4,  -11,  -12,
      -9,   -5,   -8,   -3,   -3,   -2,   -8,   -2,   -2,   -8,   -3,   -3,   -2,   -3,   -3,   -3,
      -3,   -3,   -3,   -3,   -2,  -11,   -2,   -3,   -2,   -6,   -5,   -5,    2,   -5,    2,   -5,
      -7,   -5,   -9,    2,   -5,    5,   -5,   -5,    3,   -5,    4,   -3,    4,    4,   -3,   -6,
      -1,   -3,    4,   -8,   -6,    3,   -4,    3,   -5,   -4,    4,   -2,   -9,   -3,   -6,    2,
      -2,    5,   -3,    3,    8,    5,   -3,    5,   -3,   -3,    5,    4,    5,    4,    3,    3,
      -3,   -5,    3,   -5,    3,    4,    4,    4,    6,    4,   -4,    3,   13,   -5,   -2,    3,
       6,   -3,   -4,   -2,   -5,   -6,    3,   -8,   -7,   -2,   -2,   -8,   -6,   -5,   -4,   -4,
      -7,   -4,   -4,   -9,   -6,   -5,   -5,   -4,   -2,   -5,   -2,   -2,   -3,   -2,   -5,   -2,
      -3,   -2,   -6,   -5,   -5,   -4,   -5,   -6,   -4,   -3,   -3,   -5,   -2,   -4,   -2,   -4,
      -4,    3,   -4,   -3,   -3,   -4,   -3,   -2,   -3,   -3,   -7,   -4,   -3,   -4,   -5,   -3,
      -3,  -15,  -11,   -9,  -10,   -5,   -3,   -2,   -4,   -8,   -7,    4,    4,    3,    4,    4,
       4,    4,    4,   -6,    5,    7,    4,    4,    4,    4,    4,    5,   -2,    4,   -2,    6,
      -5,   -5,   -3,   -2,    3,   -2,   -2,   -6,   -2,   -6,   -4,   -2,   -2,   -2,   -2,   -2,
      -5,   -2,   -3,   -5,    2,   -4,   -5,   -4,   -7,    4,   -5,    4,    4,   -6,   -6,    4,
       3,   -4,   -4,   -2,   -7,   -5,   -3,   -5,   -6,   -4,   -3,   -5,    2,   -4,   -5,   -4,
      -7,    4,   -5,    4,    4,   -6,   -6,    4,    3,   -4,   -5,   -6,   -5,   -4,   -4,    3,
      -4,   -3,   -6,   -6,   -4,   -4,   -3,   -3,   -3,   -2,   -3,   -3,   -3,   -4,   -5,   -6,
      -2,   -5,   -4,   -4,    3,   -4,   -3,   -5,   -4,   -6,   -4,   -4,   -3,   -3,   -3,   -2,
      -3,   -3,   -3,   -4,   -5,    2,   -6,   -5,   -4,   -2,   -6,    4,    4,    4,   -2,    3,
       2,   -2,    3,    3,    2,   -2,  -10,   -6,   -9,   -9,   -5,   -3,   -2,   -4,   -7,   -7,
       4,    4,    3,    4,    4,    4,    4,    4,   -3,   -4,   -6,   -6,   -5,   -2,   -5,   -2,
      -5,   -2,    4,    3,   -2,    2,    4,    3,    3,    4,    2,   -6,   -4,   -6,   -5,   -4,
      -5,    3,   -4,   -4,   -6,   -3,   -6,   -4,   -5,   -4,   -2,   -3,   -3,   -3,   -2,   -4,
      -2,   -4,   -4,   -5,   -3,   -3,   -2,   -2,   -5,   -4,   -2,   -6,    4,   -4,    4,    4,
      -4,   -4,    3,   -3,   -3,   -6,    5,    7,    4,    4,    4,    4,    4,    5,   -2,    4,
      -2,   16,    6,  -16,   -5,  -10,   -3,   -6,   -3,   -9,   -4,   -7,   -3,   -4,   -6,   -5,
      -4,   -4,    3,   -4,   -3,   -6,   -6,   -4,   -4,   -3,   -3,   -3,   -2,   -3,   -3,   -4,
      -5,  -11,   -4,   -5,   -6,   -2,   -2,   -2,   -3,   -2,   -4,   -3,   -3,   -2,   -2,   -7,
      -4,   -4,   -6,   -2,   -2,   -3,   -2,   -2,   -4,   -5,   -4,   -7,   -2,   -4,  -11,   -3,
      -4,   -5,   -6,   -2,   -2,   -8,   -6,   -2,   -2,  -14,   -5,  -10,   -3,   -6,   -3,   -8,
      -4,   -6,   -3,   -4,   -3,    4,  -13,  -13,   -9,    7,   -7,    4,    4,  -17,   -8,    7,
      -4,  -10,    6,  -13,  -10,    4,    4,   -4,   -6,    5,    3,    6,  -11,   -9,  -10,  -20,
     -17,   -6,   -7,  -18,  -12,  -17,  -10,   -4,   -4,  -15,   -4,   -7,  -10,   -4,   -7,  -14,
       8,  -17,  -12,    8,   -6,   -4,  -17,   -4,  -10,  -11,  -11,   -7,    3,   -4,   -7,    4,
     -15,   -4,   -8,   -7,   -3,   -3,    3,   -5,    4,   -5,    6,    6,    6,    3,    6,    3,
       6,    6,    5,    6,   -8,   -2,   -3,   -3,   -4,  -18,  -13,   -2,    3,  -10,   -3,   -7,
      -5,   -3,   -3,  -11,   -2,   -4,   -7,    3,   -3,   -7,   -4,  -12,   -4,   -3,   -3,   -7,
      -3,   -7,   -4,   -7,   -2,   -4,   -3,   -6,   -4,   -4,   -2,   -4,   -3,   -4,   -3,   -3,
      -3,    5,   -3,   -3,   -4,   -4,   -4,  -13,   -6,   -2,   -2,   -6,   -3,   -3,   -7,   -3,
      -7,   -3,   -8,    3,  -12,   -9,  -16,   -7,    5,  -11,   -5,   -4,  -15,   -6,    6,   -8,
     -15,   -2,   -8,    4,   -8,   -5,   -7,   -7,  -15,   -9,   -3,   -5,  -14,   -9,   -9,   -8,
     -13,   -3,   -4,   -7,   -4,  -11,    6,  -12,   -8,    6,   -2,  -12,    7,   -5,   -8,   -8,
      -5,   -5,    2,    3,  -15,   -2,    2,   -7,   -6,   -7,   -5,   -2,   -5,   -3,   -7,   -3,
       4,    3,    3,    4,    4,    3,    4,    2,   -7,   -2,  -17,   -3,   -3,   -5,   -5,   -3,
      -9,   -6,  -16,   -4,   -2,  -11,   -3,   -4,   -5,   -6,   -2,   -3,   -9,   -7,   -2,   -2,
      -3,   -2,   -6,   -4,   -4,   -4,   -3,   -9,   -6,   -4,   -2,   -2,   -2,   -2,   -4,   -2,
      -3,   -3,   -3,   -4,   -3,   -2,   -8,   -6,   -3,   -2,    3,   -2,   -2,   -6,   -2,   -7,
      -5,   -2,   -2,   -2,   -2,   -2,   -3,   -3,   -5,   -2,   -5,   -2,   -2,   -8,   -6,   -3,
      -3,    3,   -2,   -2,   -6,   -2,   -7,   -5,   -2,   -2,   -2,   -3,   -4,   -2,   -5,   -6,
       3,   -8,   -7,   -2,   -2,   -8,   -6,   -5,   -4,   -5,   -2,   -4,   -2,   -5,   -2,   -2,
      -2,   -8,   -2,   -2,   -3,   -2,   -6,   -2,   -4,   -2,   -3,   -2,   -3,   -8,   -3,   -2,
      -3,   -3,   -6,   -4,   -2,   -6,   -2,   -2,   -2,   -2,   -5,   -2,   -4,   -5,   -6,   -4,
      -4,   -3,   -2,   -4,   -4,   -2,   -2,   -2,   -4,   -1,   -1,   -4,   -2,   -4,   -2,   -4,
      -6,   -6,   -5,    1,   -4,   -6,   -2,   -3,   -4,   -5,   -8,   -4,   -4,  -10,   -7,   -5,
      -2,   -6,  -10,   -7,   -7,   -1,   -3,   -2,   -1,   -4,   -2,   -4,   -2,   -4,   -4,   -1,
      -2,   -4,   -4,   -4,   -2,  -12,   -4,   -1,   -1,   -1,   -6,   -1,   -1,   -4,   -4,   -4,
      -4,   -2,   -3,   -3,   -5,   -5,   -8,   -1,   -4,   -6,   -5,   -4,   -7,   -3,    4,   -1,
      -4,   -2,   -4,   -4,   -5,   -3,   -3,   -5,   -1,   -6,   -1,   -1,   -6,   -2,   -2,   -1,
      -5,   -1,   -4,   -1,   -1,   -5,   -1,   -1,   -2,   -5,   -4,   -4,   -5,   -6,   -5,   -8,
      -4,   -3,   -4,   -1,   -2,   -6,   -2,   -4,   -4,   -5,   -1,   -5,   -1,   -2,   -1,   -1,
      -8,  -10,   -3,   -4,   -1,   -7,   -8,   -8,   -5,   -4,  -14,   -4,   -4,  -22,   -4,   -4,
       4,    3,    2,  -25,   -4,  -14,   -4,   -4,    2,    5,   -5,   -5,    5,   -5,   -6,    3,
     -13,   -4,  -14,   -7,    2,  -15,    4,    4,  -13,   -5,    5,   -5,   -5,    2,  -15,   -8,
      -5,   -6,
};

static const EpdLigaturePair ubuntu_c12_regularLigaturePairs[] = {
    { 0x00660066, 0xFB00 }, // f f -> U+FB00
    { 0x00660069, 0xFB01 }, // f i -> U+FB01
    { 0x0066006C, 0xFB02 }, // f l -> U+FB02
    { 0xFB000069, 0xFB03 }, // U+FB00 i -> U+FB03
    { 0xFB00006C, 0xFB04 }, // U+FB00 l -> U+FB04
};

static const EpdFontData ubuntu_c12_regular = {
    ubuntu_c12_regularBitmaps,
    ubuntu_c12_regularGlyphs,
    ubuntu_c12_regularIntervals,
    70,
    14,
    12,
    -3,
    false,
    nullptr,
    0,
    nullptr,
    nullptr,  // kernLeftClasses: built-in fonts use the split arrays below
    nullptr,  // kernRightClasses
    ubuntu_c12_regularKernLeftCodepoints,
    ubuntu_c12_regularKernLeftClassIds,
    ubuntu_c12_regularKernRightCodepoints,
    ubuntu_c12_regularKernRightClassIds,
    nullptr,  // kernMatrix: built-in fonts use the sparse form below
    ubuntu_c12_regularKernRowOffsets,
    ubuntu_c12_regularKernSparseCols,
    ubuntu_c12_regularKernSparseValues,
    440,
    513,
    150,
    160,
    ubuntu_c12_regularLigaturePairs,
    5,
};
