/**
 * generated by fontconvert.py
 * name: ubuntu_c15_regular
 * size: 0
 * mode: 1-bit
 * Command used: fontconvert.py ubuntu_c15_regular 0 ../builtinFonts/source/Ubuntu/Ubuntu-Regular.ttf ../builtinFonts/source/NotoSansHebrew/NotoSansHebrew-Regular.ttf ../builtinFonts/source/NotoSansArabic/NotoSansArabic-Regular.ttf ../builtinFonts/source/Ubuntu/Ubuntu-Vietnamese-Regular.ttf --additional-intervals 0x05D0,0x05EA --additional-intervals 0x060C,0x060C --additional-intervals 0x061B,0x061B --additional-intervals 0x061F,0x061F --additional-intervals 0x0621,0x0621 --additional-intervals 0x0640,0x0640 --additional-intervals 0x0654,0x0654 --additional-intervals 0x0660,0x0669 --additional-intervals 0x06BA,0x06BA --additional-intervals 0x06D4,0x06D4 --additional-intervals 0x06D5,0x06D5 --additional-intervals 0x06F0,0x06F9 --additional-intervals 0xFB56,0xFB59 --additional-intervals 0xFB66,0xFB69 --additional-intervals 0xFB7A,0xFB7D --additional-intervals 0xFB88,0xFB95 --additional-intervals 0xFB9E,0xFB9F --additional-intervals 0xFBA6,0xFBB1 --additional-intervals 0xFBFC,0xFBFF --additional-intervals 0xFE80,0xFEFC --ppem 15 --mono
 */
#pragma once
#include "EpdFontData.h"

static const uint8_t ubuntu_c15_regularBitmaps[11279] = {
    0x00, 0x00, 0x00, 0x00, 0x00, 0x00, 0xFE, 0xC0, 0x99, 0x99, 0x12, 0x12, 0x12, 0xFF, 0x24, 0x24,
    0x24, 0xFF, 0x48, 0x48, 0x48, 0x20, 0x87, 0xA0, 0x82, 0x06, 0x06, 0x04, 0x10, 0x7E, 0x20, 0x80,
    0x60, 0x92, 0x22, 0x44, 0x49, 0x06, 0x20, 0x08, 0x02, 0x30, 0x49, 0x11, 0x22, 0x24, 0x83, 0x00,
    0x38, 0x22, 0x11, 0x08, 0x82, 0x81, 0x81, 0x45, 0x12, 0x86, 0x43, 0x1E, 0x40, 0xF0, 0x12, 0x44,
    0x88, 0x88, 0x88, 0x84, 0x42, 0x10, 0x84, 0x22, 0x11, 0x11, 0x11, 0x12, 0x24, 0x80, 0x11, 0x25,
    0xF1, 0x42, 0x88, 0x80, 0x10, 0x20, 0x47, 0xF1, 0x02, 0x04, 0x00, 0x56, 0xF0, 0xC0, 0x04, 0x30,
    0x82, 0x18, 0x41, 0x0C, 0x20, 0x86, 0x10, 0x43, 0x08, 0x00, 0x7A, 0x18, 0x61, 0x86, 0x18, 0x61,
    0x85, 0xE0, 0x13, 0x59, 0x11, 0x11, 0x11, 0x7A, 0x10, 0x41, 0x08, 0x42, 0x10, 0x83, 0xF0, 0x7A,
    0x10, 0x41, 0x38, 0x10, 0x41, 0x85, 0xE0, 0x08, 0x62, 0x8A, 0x4A, 0x2F, 0xC2, 0x08, 0x20, 0x7D,
    0x04, 0x10, 0x78, 0x10, 0x41, 0x85, 0xE0, 0x18, 0x84, 0x20, 0xFA, 0x18, 0x61, 0x85, 0xE0, 0xFC,
    0x10, 0x84, 0x10, 0x82, 0x10, 0x41, 0x00, 0x7A, 0x18, 0x61, 0x7A, 0x18, 0x61, 0x85, 0xE0, 0x7A,
    0x18, 0x61, 0x85, 0xF0, 0x42, 0x11, 0x80, 0xC3, 0x50, 0x05, 0x60, 0x02, 0x18, 0xC6, 0x03, 0x01,
    0x80, 0x80, 0xFE, 0x00, 0x07, 0xF0, 0x80, 0xC0, 0x60, 0x31, 0x8C, 0x20, 0x00, 0x74, 0x42, 0x13,
    0x21, 0x00, 0x42, 0x00, 0x0F, 0x83, 0x04, 0x40, 0x24, 0x79, 0x88, 0x99, 0x09, 0x90, 0x99, 0x09,
    0x88, 0x94, 0x76, 0x40, 0x03, 0x00, 0x0F, 0x80, 0x08, 0x0A, 0x05, 0x02, 0x82, 0x21, 0x10, 0x88,
    0xFE, 0x41, 0x20, 0xA0, 0x20, 0xF8, 0x84, 0x82, 0x82, 0x84, 0xFC, 0x82, 0x81, 0x81, 0x82, 0xFC,
    0x1E, 0x21, 0x40, 0x80, 0x80, 0x80, 0x80, 0x80, 0x40, 0x21, 0x1E, 0xFC, 0x41, 0x20, 0x50, 0x18,
    0x0C, 0x06, 0x03, 0x01, 0x81, 0x41, 0x3F, 0x00, 0xFF, 0x02, 0x04, 0x08, 0x1F, 0xA0, 0x40, 0x81,
    0x03, 0xF8, 0xFE, 0x08, 0x20, 0x83, 0xE8, 0x20, 0x82, 0x08, 0x00, 0x1E, 0x21, 0x40, 0x80, 0x80,
    0x80, 0x81, 0x81, 0x41, 0x21, 0x1F, 0x80, 0xC0, 0x60, 0x30, 0x18, 0x0F, 0xFE, 0x03, 0x01, 0x80,
    0xC0, 0x60, 0x20, 0xFF, 0xE0, 0x02, 0x04, 0x08, 0x10, 0x20, 0x40, 0x81, 0x03, 0x09, 0xE0, 0x83,
    0x0A, 0x24, 0x8A, 0x18, 0x28, 0x48, 0x89, 0x0A, 0x08, 0x81, 0x02, 0x04, 0x08, 0x10, 0x20, 0x40,
    0x81, 0x03, 0xF8, 0x40, 0x4C, 0x19, 0x83, 0x28, 0xA9, 0x13, 0x14, 0x62, 0x8C, 0x51, 0x84, 0x30,
    0x06, 0x00, 0x80, 0x80, 0xE0, 0x68, 0x32, 0x18, 0x8C, 0x46, 0x13, 0x05, 0x82, 0xC0, 0xE0, 0x20,
    0x1E, 0x08, 0x44, 0x0A, 0x01, 0x80, 0x60, 0x18, 0x06, 0x01, 0x40, 0x88, 0x41, 0xE0, 0xF9, 0x0A,
    0x0C, 0x18, 0x30, 0xBE, 0x40, 0x81, 0x02, 0x00, 0x1E, 0x08, 0x44, 0x0A, 0x01, 0x80, 0x60, 0x18,
    0x06, 0x01, 0x40, 0x88, 0x41, 0xE0, 0x10, 0x02, 0x00, 0x60, 0xF1, 0x12, 0x14, 0x28, 0x51, 0x3C,
    0x48, 0x89, 0x0A, 0x08, 0x7A, 0x18, 0x20, 0x60, 0x60, 0x41, 0x06, 0x17, 0x80, 0xFF, 0x84, 0x02,
    0x01, 0x00, 0x80, 0x40, 0x20, 0x10, 0x08, 0x04, 0x02, 0x00, 0x81, 0x81, 0x81, 0x81, 0x81, 0x81,
    0x81, 0x81, 0x81, 0x42, 0x3C, 0x80, 0xC0, 0x50, 0x48, 0x22, 0x11, 0x10, 0x88, 0x28, 0x14, 0x0A,
    0x02, 0x00, 0x80, 0x0C, 0x10, 0x60, 0x82, 0x84, 0x24, 0x51, 0x22, 0x89, 0x14, 0x45, 0x14, 0x28,
    0xA1, 0x45, 0x04, 0x10, 0x80, 0xA0, 0x88, 0x82, 0x81, 0x40, 0x40, 0x50, 0x44, 0x22, 0x20, 0xA0,
    0x20, 0x80, 0xA0, 0x90, 0x44, 0x42, 0x20, 0xA0, 0x20, 0x10, 0x08, 0x04, 0x02, 0x00, 0xFE, 0x04,
    0x10, 0x41, 0x02, 0x08, 0x20, 0x41, 0x03, 0xF8, 0xF8, 0x88, 0x88, 0x88, 0x88, 0x88, 0x88, 0xF0,
    0x82, 0x04, 0x10, 0x40, 0x82, 0x08, 0x10, 0x41, 0x02, 0x08, 0x20, 0x40, 0xF1, 0x11, 0x11, 0x11,
    0x11, 0x11, 0x11, 0xF0, 0x10, 0x50, 0xA2, 0x24, 0x50, 0x40, 0xFE, 0x88, 0x80, 0x78, 0x10, 0x5F,
    0x86, 0x18, 0x5F, 0x81, 0x02, 0x04, 0x0F, 0x90, 0xA0, 0xC1, 0x83, 0x06, 0x17, 0xC0, 0x3D, 0x08,
    0x20, 0x82, 0x04, 0x0F, 0x02, 0x04, 0x08, 0x13, 0xE8, 0x60, 0xC1, 0x83, 0x05, 0x09, 0xF0, 0x38,
    0x8A, 0x0F, 0xF8, 0x10, 0x10, 0x1F, 0x7C, 0x21, 0x0F, 0xC2, 0x10, 0x84, 0x21, 0x00, 0x3E, 0x86,
    0x0C, 0x18, 0x30, 0x50, 0x9F, 0x02, 0x07, 0xF0, 0x81, 0x02, 0x04, 0x0F, 0x90, 0xA0, 0xC1, 0x83,
    0x06, 0x0C, 0x10, 0xDF, 0xE0, 0x24, 0x12, 0x49, 0x24, 0x93, 0x80, 0x82, 0x08, 0x20, 0x8A, 0x4A,
    0x30, 0xA2, 0x48, 0xA1, 0x92, 0x49, 0x24, 0x92, 0x30, 0xF3, 0x91, 0x8A, 0x10, 0xC2, 0x18, 0x43,
    0x08, 0x61, 0x0C, 0x21, 0xF9, 0x0A, 0x0C, 0x18, 0x30, 0x60, 0xC1, 0x38, 0x8A, 0x0C, 0x18, 0x30,
    0x51, 0x1C, 0xF9, 0x0A, 0x0C, 0x18, 0x30, 0x61, 0x7C, 0x81, 0x02, 0x00, 0x3E, 0x86, 0x0C, 0x18,
    0x30, 0x50, 0x9F, 0x02, 0x04, 0x08, 0xFC, 0x21, 0x08, 0x42, 0x10, 0x7C, 0x20, 0xC1, 0x04, 0x3E,
    0x88, 0xF8, 0x88, 0x88, 0x87, 0x83, 0x06, 0x0C, 0x18, 0x30, 0x50, 0x9E, 0x83, 0x05, 0x12, 0x24,
    0x45, 0x0A, 0x08, 0x82, 0x0C, 0x10, 0x51, 0x44, 0x8A, 0x22, 0x52, 0x14, 0x50, 0xA2, 0x82, 0x08,
    0x81, 0x42, 0x24, 0x18, 0x18, 0x24, 0x42, 0x81, 0x82, 0x89, 0x12, 0x22, 0x85, 0x04, 0x08, 0x10,
    0x43, 0x00, 0xF8, 0x44, 0x44, 0x22, 0x1F, 0x19, 0x08, 0x42, 0x10, 0x98, 0x21, 0x08, 0x42, 0x10,
    0x60, 0xFF, 0xFE, 0xC1, 0x08, 0x42, 0x10, 0x83, 0x21, 0x08, 0x42, 0x13, 0x00, 0x73, 0x18, 0x00,
    0xDF, 0xE0, 0x08, 0x23, 0xD0, 0x82, 0x08, 0x20, 0x40, 0xF0, 0x82, 0x3D, 0x04, 0x10, 0x43, 0xE4,
    0x10, 0x41, 0x0F, 0xC0, 0x81, 0x5A, 0x24, 0x42, 0x42, 0x24, 0x5A, 0x81, 0x82, 0x89, 0x11, 0x42,
    0x8F, 0x84, 0x08, 0x7C, 0x20, 0x40, 0xFC, 0x7E, 0x3A, 0x10, 0xE8, 0xC6, 0x2E, 0x10, 0x43, 0xE0,
    0xB4, 0x1E, 0x08, 0x44, 0x0A, 0x79, 0xA0, 0x68, 0x1A, 0x06, 0x79, 0x40, 0x88, 0x41, 0xE0, 0xE1,
    0x79, 0x97, 0x25, 0x24, 0xA4, 0x49, 0x22, 0x40, 0xFC, 0x10, 0x41, 0x04, 0xF0, 0x1E, 0x08, 0x44,
    0x0A, 0x71, 0x92, 0x67, 0x19, 0x46, 0x49, 0x40, 0x88, 0x41, 0xE0, 0xF0, 0x69, 0x96, 0x20, 0x82,
    0x3F, 0x20, 0x82, 0x00, 0xFC, 0x69, 0x16, 0x8F, 0xF0, 0x5C, 0x30, 0xF8, 0x2A, 0x00, 0x86, 0x18,
    0x61, 0x86, 0x1C, 0x6F, 0x82, 0x08, 0x00, 0x3E, 0xE7, 0xCF, 0x9F, 0x3E, 0x4C, 0x89, 0x12, 0x24,
    0x48, 0x91, 0x22, 0x40, 0xC0, 0x67, 0x00, 0x75, 0x50, 0x74, 0x63, 0x17, 0x00, 0x91, 0x24, 0xC9,
    0x4D, 0x29, 0x00, 0x40, 0x8C, 0x10, 0x41, 0x04, 0x20, 0x42, 0x04, 0x46, 0x08, 0xA0, 0x8A, 0x11,
    0x22, 0x1F, 0x20, 0x20, 0x40, 0x98, 0x21, 0x04, 0x21, 0x04, 0x40, 0x8B, 0x82, 0x08, 0x82, 0x10,
    0x84, 0x21, 0x07, 0x80, 0xF0, 0x20, 0x20, 0x87, 0x04, 0x06, 0x20, 0x08, 0x83, 0xC4, 0x60, 0x12,
    0x80, 0x8A, 0x04, 0x48, 0x11, 0xF0, 0x80, 0x80, 0x10, 0x80, 0x21, 0x11, 0x10, 0x84, 0x1E, 0x20,
    0x0C, 0x02, 0x00, 0x00, 0x80, 0xA0, 0x50, 0x28, 0x22, 0x11, 0x08, 0x8F, 0xE4, 0x12, 0x0A, 0x02,
    0x04, 0x06, 0x04, 0x00, 0x00, 0x80, 0xA0, 0x50, 0x28, 0x22, 0x11, 0x08, 0x8F, 0xE4, 0x12, 0x0A,
    0x02, 0x08, 0x0A, 0x08, 0x80, 0x00, 0x80, 0xA0, 0x50, 0x28, 0x22, 0x11, 0x08, 0x8F, 0xE4, 0x12,
    0x0A, 0x02, 0x1A, 0x13, 0x00, 0x01, 0x01, 0x40, 0xA0, 0x50, 0x44, 0x22, 0x11, 0x1F, 0xC8, 0x24,
    0x14, 0x04, 0x14, 0x0A, 0x00, 0x01, 0x01, 0x40, 0xA0, 0x50, 0x44, 0x22, 0x11, 0x1F, 0xC8, 0x24,
    0x14, 0x04, 0x08, 0x0A, 0x05, 0x01, 0x01, 0x40, 0xA0, 0x50, 0x44, 0x22, 0x11, 0x1F, 0xC8, 0x24,
    0x14, 0x04, 0x01, 0xF8, 0x18, 0x01, 0x40, 0x0A, 0x00, 0x90, 0x08, 0xF8, 0x44, 0x07, 0xE0, 0x21,
    0x02, 0x08, 0x20, 0x7E, 0x1E, 0x21, 0x40, 0x80, 0x80, 0x80, 0x80, 0x80, 0x40, 0x61, 0x3E, 0x10,
    0x08, 0x30, 0x20, 0x20, 0x20, 0x0F, 0xF0, 0x20, 0x40, 0x81, 0xFA, 0x04, 0x08, 0x10, 0x3F, 0x80,
    0x04, 0x10, 0x40, 0x0F, 0xF0, 0x20, 0x40, 0x81, 0xFA, 0x04, 0x08, 0x10, 0x3F, 0x80, 0x10, 0x51,
    0x20, 0x0F, 0xF0, 0x20, 0x40, 0x81, 0xFA, 0x04, 0x08, 0x10, 0x3F, 0x80, 0x28, 0x50, 0x07, 0xF8,
    0x10, 0x20, 0x40, 0xFD, 0x02, 0x04, 0x08, 0x1F, 0xC0, 0x8C, 0x82, 0x49, 0x24, 0x92, 0x48, 0x2A,
    0x04, 0x92, 0x49, 0x24, 0x90, 0x22, 0xA2, 0x02, 0x10, 0x84, 0x21, 0x08, 0x42, 0x10, 0x80, 0xB4,
    0x24, 0x92, 0x49, 0x24, 0x80, 0x7E, 0x10, 0x44, 0x09, 0x01, 0x40, 0x7C, 0x14, 0x05, 0x01, 0x40,
    0x90, 0x47, 0xE0, 0x32, 0x16, 0x00, 0x10, 0x1C, 0x0D, 0x06, 0x43, 0x11, 0x88, 0xC2, 0x60, 0xB0,
    0x58, 0x1C, 0x04, 0x10, 0x03, 0x00, 0x40, 0x00, 0x1E, 0x08, 0x44, 0x0A, 0x01, 0x80, 0x60, 0x18,
    0x06, 0x01, 0x40, 0x88, 0x41, 0xE0, 0x02, 0x01, 0x00, 0x80, 0x00, 0x1E, 0x08, 0x44, 0x0A, 0x01,
    0x80, 0x60, 0x18, 0x06, 0x01, 0x40, 0x88, 0x41, 0xE0, 0x08, 0x05, 0x02, 0x20, 0x00, 0x1E, 0x08,
    0x44, 0x0A, 0x01, 0x80, 0x60, 0x18, 0x06, 0x01, 0x40, 0x88, 0x41, 0xE0, 0x1A, 0x09, 0x00, 0x00,
    0x78, 0x21, 0x10, 0x28, 0x06, 0x01, 0x80, 0x60, 0x18, 0x05, 0x02, 0x21, 0x07, 0x80, 0x14, 0x05,
    0x00, 0x00, 0x78, 0x21, 0x10, 0x28, 0x06, 0x01, 0x80, 0x60, 0x18, 0x05, 0x02, 0x21, 0x07, 0x80,
    0x00, 0x88, 0xA0, 0x82, 0x88, 0x80, 0x00, 0x1E, 0x48, 0x64, 0x1A, 0x09, 0x84, 0x62, 0x18, 0x86,
    0x41, 0x60, 0x98, 0x49, 0xE0, 0x10, 0x18, 0x08, 0x00, 0x81, 0x81, 0x81, 0x81, 0x81, 0x81, 0x81,
    0x81, 0x81, 0x42, 0x3C, 0x04, 0x0C, 0x10, 0x00, 0x81, 0x81, 0x81, 0x81, 0x81, 0x81, 0x81, 0x81,
    0x81, 0x42, 0x3C, 0x10, 0x28, 0x24, 0x00, 0x81, 0x81, 0x81, 0x81, 0x81, 0x81, 0x81, 0x81, 0x81,
    0x42, 0x3C, 0x28, 0x28, 0x00, 0x81, 0x81, 0x81, 0x81, 0x81, 0x81, 0x81, 0x81, 0x81, 0x42, 0x3C,
    0x04, 0x06, 0x02, 0x00, 0x08, 0x0A, 0x09, 0x04, 0x44, 0x22, 0x0A, 0x02, 0x01, 0x00, 0x80, 0x40,
    0x20, 0x81, 0x03, 0xE4, 0x28, 0x30, 0x60, 0xC2, 0xF9, 0x02, 0x00, 0x79, 0x0A, 0x14, 0x28, 0x92,
    0x24, 0x46, 0x87, 0x06, 0x0D, 0xE0, 0x40, 0xC1, 0x00, 0x78, 0x10, 0x5F, 0x86, 0x18, 0x5F, 0x08,
    0x42, 0x00, 0x78, 0x10, 0x5F, 0x86, 0x18, 0x5F, 0x10, 0xA4, 0x40, 0x78, 0x10, 0x5F, 0x86, 0x18,
    0x5F, 0x35, 0x30, 0x1E, 0x04, 0x17, 0xE1, 0x86, 0x17, 0xC0, 0x28, 0xA0, 0x1E, 0x04, 0x17, 0xE1,
    0x86, 0x17, 0xC0, 0x31, 0x24, 0x8C, 0x01, 0xE0, 0x41, 0x7E, 0x18, 0x61, 0x7C, 0x79, 0x80, 0xC8,
    0x10, 0xBF, 0xF8, 0x41, 0x08, 0x21, 0x83, 0xCE, 0x3D, 0x08, 0x20, 0x82, 0x04, 0x0F, 0x20, 0x46,
    0x00, 0x20, 0x60, 0x40, 0x03, 0x88, 0xA0, 0xFF, 0x81, 0x01, 0x01, 0xF0, 0x08, 0x30, 0x40, 0x03,
    0x88, 0xA0, 0xFF, 0x81, 0x01, 0x01, 0xF0, 0x18, 0x78, 0x90, 0x03, 0x88, 0xA0, 0xFF, 0x81, 0x01,
    0x01, 0xF0, 0x28, 0x50, 0x01, 0xC4, 0x50, 0x7F, 0xC0, 0x80, 0x80, 0xF8, 0x8C, 0x82, 0x49, 0x24,
    0x90, 0x2A, 0x04, 0x92, 0x49, 0x20, 0x22, 0xA2, 0x02, 0x10, 0x84, 0x21, 0x08, 0x40, 0xB4, 0x24,
    0x92, 0x49, 0x00, 0x10, 0x09, 0x0E, 0x14, 0x02, 0x3E, 0x42, 0x82, 0x82, 0x82, 0x44, 0x38, 0x64,
    0xB0, 0x07, 0xC8, 0x50, 0x60, 0xC1, 0x83, 0x06, 0x08, 0x20, 0x60, 0x20, 0x03, 0x88, 0xA0, 0xC1,
    0x83, 0x05, 0x11, 0xC0, 0x08, 0x30, 0x40, 0x03, 0x88, 0xA0, 0xC1, 0x83, 0x05, 0x11, 0xC0, 0x10,
    0xD1, 0x20, 0x03, 0x88, 0xA0, 0xC1, 0x83, 0x05, 0x11, 0xC0, 0x64, 0xB0, 0x01, 0xC4, 0x50, 0x60,
    0xC1, 0x82, 0x88, 0xE0, 0x28, 0x50, 0x01, 0xC4, 0x50, 0x60, 0xC1, 0x82, 0x88, 0xE0, 0x08, 0x10,
    0x07, 0xF0, 0x01, 0x02, 0x00, 0x3A, 0x8A, 0x2C, 0x99, 0x34, 0x51, 0x5C, 0x20, 0x60, 0x40, 0x08,
    0x30, 0x60, 0xC1, 0x83, 0x05, 0x09, 0xE0, 0x08, 0x30, 0x40, 0x08, 0x30, 0x60, 0xC1, 0x83, 0x05,
    0x09, 0xE0, 0x10, 0x58, 0x90, 0x08, 0x30, 0x60, 0xC1, 0x83, 0x05, 0x09, 0xE0, 0x28, 0x50, 0x04,
    0x18, 0x30, 0x60, 0xC1, 0x82, 0x84, 0xF0, 0x04, 0x10, 0x40, 0x08, 0x28, 0x91, 0x22, 0x28, 0x50,
    0x40, 0x81, 0x04, 0x30, 0x00, 0x81, 0x02, 0x04, 0x0F, 0x90, 0xA0, 0xC1, 0x83, 0x06, 0x17, 0xC8,
    0x10, 0x20, 0x00, 0x28, 0x50, 0x04, 0x14, 0x48, 0x91, 0x14, 0x28, 0x20, 0x40, 0x82, 0x18, 0x00,
    0x3C, 0x00, 0x02, 0x02, 0x81, 0x40, 0xA0, 0x88, 0x44, 0x22, 0x3F, 0x90, 0x48, 0x28, 0x08, 0x78,
    0x00, 0x1E, 0x04, 0x17, 0xE1, 0x86, 0x17, 0xC0, 0x24, 0x0E, 0x00, 0x01, 0x01, 0x40, 0xA0, 0x50,
    0x44, 0x22, 0x11, 0x1F, 0xC8, 0x24, 0x14, 0x04, 0x48, 0xC0, 0x1E, 0x04, 0x17, 0xE1, 0x86, 0x17,
    0xC0, 0x08, 0x0A, 0x05, 0x02, 0x82, 0x21, 0x10, 0x88, 0xFE, 0x41, 0x20, 0xA0, 0x20, 0x10, 0x10,
    0x04, 0x78, 0x10, 0x5F, 0x86, 0x18, 0x5F, 0x08, 0x20, 0x40, 0x04, 0x0C, 0x08, 0x00, 0x1E, 0x21,
    0x40, 0x80, 0x80, 0x80, 0x80, 0x80, 0x40, 0x21, 0x1E, 0x08, 0x61, 0x00, 0x3D, 0x08, 0x20, 0x82,
    0x04, 0x0F, 0x08, 0x14, 0x24, 0x00, 0x1E, 0x21, 0x40, 0x80, 0x80, 0x80, 0x80, 0x80, 0x40, 0x21,
    0x1E, 0x18, 0xF2, 0x40, 0x3D, 0x08, 0x20, 0x82, 0x04, 0x0F, 0x08, 0x08, 0x00, 0x1E, 0x21, 0x40,
    0x80, 0x80, 0x80, 0x80, 0x80, 0x40, 0x21, 0x1E, 0x10, 0x40, 0x0F, 0x42, 0x08, 0x20, 0x81, 0x03,
    0xC0, 0x24, 0x14, 0x08, 0x00, 0x1E, 0x21, 0x40, 0x80, 0x80, 0x80, 0x80, 0x80, 0x40, 0x21, 0x1E,
    0x24, 0xF1, 0x80, 0x3D, 0x08, 0x20, 0x82, 0x04, 0x0F, 0x44, 0x14, 0x04, 0x00, 0x0F, 0xC4, 0x12,
    0x05, 0x01, 0x80, 0xC0, 0x60, 0x30, 0x18, 0x14, 0x13, 0xF0, 0x02, 0x81, 0x40, 0xA0, 0x43, 0xE2,
    0x12, 0x09, 0x04, 0x82, 0x41, 0x10, 0x87, 0xC0, 0x7E, 0x10, 0x44, 0x09, 0x01, 0x40, 0x7C, 0x14,
    0x05, 0x01, 0x40, 0x90, 0x47, 0xE0, 0x02, 0x02, 0x1F, 0x02, 0x3E, 0x42, 0x82, 0x82, 0x82, 0x82,
    0x42, 0x3E, 0x3C, 0x03, 0xFC, 0x08, 0x10, 0x20, 0x7E, 0x81, 0x02, 0x04, 0x0F, 0xE0, 0x78, 0x00,
    0x01, 0xC4, 0x50, 0x7F, 0xC0, 0x80, 0x80, 0xF8, 0x68, 0x70, 0x07, 0xF8, 0x10, 0x20, 0x40, 0xFD,
    0x02, 0x04, 0x08, 0x1F, 0xC0, 0x48, 0x70, 0x01, 0xC4, 0x50, 0x7F, 0xC0, 0x80, 0x80, 0xF8, 0x10,
    0x20, 0x07, 0xF8, 0x10, 0x20, 0x40, 0xFD, 0x02, 0x04, 0x08, 0x1F, 0xC0, 0x10, 0x20, 0x01, 0xC4,
    0x50, 0x7F, 0xC0, 0x80, 0x80, 0xF8, 0xFF, 0x02, 0x04, 0x08, 0x1F, 0xA0, 0x40, 0x81, 0x03, 0xF8,
    0x10, 0x40, 0x40, 0x31, 0x28, 0x7F, 0x82, 0x04, 0x0F, 0x08, 0x20, 0x40, 0x48, 0xF0, 0xC0, 0x0F,
    0xF0, 0x20, 0x40, 0x81, 0xFA, 0x04, 0x08, 0x10, 0x3F, 0x80, 0x24, 0x78, 0x60, 0x00, 0x07, 0x11,
    0x41, 0xFF, 0x02, 0x02, 0x03, 0xE0, 0x08, 0x14, 0x22, 0x00, 0x1E, 0x21, 0x40, 0x80, 0x80, 0x80,
    0x81, 0x81, 0x41, 0x21, 0x1F, 0x08, 0x28, 0x88, 0x03, 0xE8, 0x60, 0xC1, 0x83, 0x05, 0x09, 0xF0,
    0x20, 0x7F, 0x00, 0x12, 0x1C, 0x00, 0x1E, 0x21, 0x40, 0x80, 0x80, 0x80, 0x81, 0x81, 0x41, 0x21,
    0x1F, 0x24, 0x70, 0x01, 0xF4, 0x30, 0x60, 0xC1, 0x82, 0x84, 0xF8, 0x10, 0x3F, 0x80, 0x08, 0x08,
    0x00, 0x1E, 0x21, 0x40, 0x80, 0x80, 0x80, 0x81, 0x81, 0x41, 0x21, 0x1F, 0x08, 0x10, 0x01, 0xF4,
    0x30, 0x60, 0xC1, 0x82, 0x84, 0xF8, 0x10, 0x3F, 0x80, 0x1E, 0x21, 0x40, 0x80, 0x80, 0x80, 0x81,
    0x81, 0x41, 0x21, 0x1F, 0x00, 0x04, 0x08, 0x08, 0x20, 0x40, 0x03, 0xE8, 0x60, 0xC1, 0x83, 0x05,
    0x09, 0xF0, 0x20, 0x7F, 0x00, 0x08, 0x0F, 0x04, 0x80, 0x08, 0x0C, 0x06, 0x03, 0x01, 0x80, 0xFF,
    0xE0, 0x30, 0x18, 0x0C, 0x06, 0x02, 0x20, 0xA2, 0x04, 0x08, 0x10, 0x3E, 0x42, 0x83, 0x06, 0x0C,
    0x18, 0x30, 0x40, 0x40, 0x48, 0x0B, 0xFF, 0xA0, 0x24, 0x04, 0xFF, 0x90, 0x12, 0x02, 0x40, 0x48,
    0x09, 0x01, 0x00, 0x40, 0x40, 0xF8, 0x40, 0x7C, 0x42, 0x41, 0x41, 0x41, 0x41, 0x41, 0x41, 0x6C,
    0xC0, 0x42, 0x10, 0x84, 0x21, 0x08, 0x42, 0x10, 0x6C, 0x80, 0x42, 0x10, 0x84, 0x21, 0x08, 0xE1,
    0x24, 0x92, 0x49, 0x24, 0xE0, 0x24, 0x92, 0x49, 0x00, 0x97, 0x02, 0x22, 0x22, 0x22, 0x22, 0x22,
    0x96, 0x02, 0x22, 0x22, 0x22, 0x20, 0x55, 0x55, 0x55, 0x90, 0x51, 0x55, 0x55, 0x90, 0xDF, 0xFC,
    0xFF, 0x80, 0x60, 0x18, 0x06, 0x01, 0x80, 0x60, 0x18, 0x06, 0x01, 0x80, 0x64, 0x28, 0xF0, 0x8C,
    0x41, 0x18, 0xC6, 0x31, 0x8C, 0x62, 0x10, 0x98, 0x02, 0x02, 0x82, 0x20, 0x00, 0x20, 0x10, 0x08,
    0x04, 0x02, 0x01, 0x00, 0x80, 0x40, 0x24, 0x21, 0xE0, 0x22, 0xA2, 0x02, 0x10, 0x84, 0x21, 0x08,
    0x42, 0x13, 0x00, 0x83, 0x0A, 0x24, 0x8A, 0x18, 0x28, 0x48, 0x89, 0x0A, 0x08, 0x01, 0x04, 0x00,
    0x82, 0x08, 0x20, 0x8A, 0x4A, 0x30, 0xA2, 0x48, 0xA1, 0x00, 0x84, 0x00, 0x85, 0x32, 0x86, 0x0A,
    0x12, 0x22, 0x42, 0x20, 0xC1, 0x00, 0x08, 0x10, 0x20, 0x40, 0x81, 0x02, 0x04, 0x08, 0x10, 0x3F,
    0x80, 0x2A, 0x49, 0x24, 0x92, 0x48, 0xC0, 0x81, 0x02, 0x04, 0x08, 0x10, 0x20, 0x40, 0x81, 0x03,
    0xF8, 0x01, 0x02, 0x00, 0x92, 0x49, 0x24, 0x92, 0x30, 0xA0, 0x89, 0x12, 0x24, 0x08, 0x10, 0x20,
    0x40, 0x81, 0x03, 0xF8, 0xB6, 0xC9, 0x24, 0x92, 0x30, 0x81, 0x02, 0x04, 0x08, 0x11, 0x22, 0x40,
    0x81, 0x03, 0xF8, 0x84, 0x21, 0x08, 0x42, 0x31, 0x84, 0x20, 0xC0, 0x20, 0x10, 0x08, 0x05, 0x03,
    0x03, 0x02, 0x80, 0x40, 0x20, 0x10, 0x0F, 0xE0, 0x44, 0x44, 0x56, 0xC4, 0x44, 0x43, 0x04, 0x06,
    0x02, 0x00, 0x08, 0x0E, 0x06, 0x83, 0x21, 0x88, 0xC4, 0x61, 0x30, 0x58, 0x2C, 0x0E, 0x02, 0x08,
    0x30, 0x40, 0x0F, 0x90, 0xA0, 0xC1, 0x83, 0x06, 0x0C, 0x10, 0x80, 0xE0, 0x68, 0x32, 0x18, 0x8C,
    0x46, 0x13, 0x05, 0x82, 0xC0, 0xE0, 0x20, 0x00, 0x40, 0x40, 0xF9, 0x0A, 0x0C, 0x18, 0x30, 0x60,
    0xC1, 0x00, 0x20, 0xC0, 0x24, 0x0A, 0x02, 0x00, 0x08, 0x0E, 0x06, 0x83, 0x21, 0x88, 0xC4, 0x61,
    0x30, 0x58, 0x2C, 0x0E, 0x02, 0x48, 0xF0, 0xC0, 0x0F, 0x90, 0xA0, 0xC1, 0x83, 0x06, 0x0C, 0x10,
    0x40, 0x20, 0x10, 0x00, 0x03, 0xE1, 0x08, 0x82, 0x41, 0x20, 0x90, 0x48, 0x24, 0x10, 0x80, 0xE0,
    0x68, 0x32, 0x18, 0x8C, 0x46, 0x13, 0x05, 0x81, 0xC0, 0xE0, 0x20, 0x10, 0x08, 0x18, 0xF9, 0x0A,
    0x0C, 0x18, 0x30, 0x60, 0xC1, 0x02, 0x04, 0x30, 0x1E, 0x00, 0x01, 0xE0, 0x84, 0x40, 0xA0, 0x18,
    0x06, 0x01, 0x80, 0x60, 0x14, 0x08, 0x84, 0x1E, 0x00, 0x3C, 0x00, 0x01, 0xC4, 0x50, 0x60, 0xC1,
    0x82, 0x88, 0xE0, 0x12, 0x03, 0x00, 0x00, 0x78, 0x21, 0x10, 0x28, 0x06, 0x01, 0x80, 0x60, 0x18,
    0x05, 0x02, 0x21, 0x07, 0x80, 0x2C, 0x70, 0x01, 0xC4, 0x50, 0x60, 0xC1, 0x82, 0x88, 0xE0, 0x09,
    0x06, 0xC1, 0x20, 0x00, 0x1E, 0x08, 0x44, 0x0A, 0x01, 0x80, 0x60, 0x18, 0x06, 0x01, 0x40, 0x88,
    0x41, 0xE0, 0x12, 0x49, 0x20, 0x03, 0x88, 0xA0, 0xC1, 0x83, 0x05, 0x11, 0xC0, 0x1F, 0xF9, 0x08,
    0x10, 0x41, 0x02, 0x08, 0x10, 0x40, 0xFA, 0x04, 0x10, 0x20, 0x41, 0x01, 0x08, 0x07, 0xFE, 0x38,
    0xC4, 0x52, 0x82, 0x18, 0x3F, 0x82, 0x08, 0x20, 0x45, 0x03, 0x8F, 0x10, 0x60, 0x80, 0x0F, 0x11,
    0x21, 0x42, 0x85, 0x13, 0xC4, 0x88, 0x90, 0xA0, 0x80, 0x11, 0x88, 0x0F, 0xC2, 0x10, 0x84, 0x21,
    0x00, 0xF1, 0x12, 0x14, 0x28, 0x51, 0x3C, 0x48, 0x89, 0x0A, 0x08, 0x01, 0x04, 0x00, 0xFC, 0x21,
    0x08, 0x42, 0x10, 0x02, 0x20, 0x48, 0xD0, 0x40, 0x0F, 0x11, 0x21, 0x42, 0x85, 0x13, 0xC4, 0x88,
    0x90, 0xA0, 0x80, 0x96, 0x88, 0x0F, 0xC2, 0x10, 0x84, 0x21, 0x00, 0x08, 0x62, 0x00, 0x7A, 0x18,
    0x20, 0x60, 0x60, 0x41, 0x06, 0x17, 0x80, 0x11, 0x88, 0x07, 0xC2, 0x0C, 0x10, 0x43, 0xE0, 0x21,
    0x48, 0x80, 0x7A, 0x18, 0x20, 0x60, 0x60, 0x41, 0x06, 0x17, 0x80, 0x26, 0xA4, 0x07, 0xC2, 0x0C,
    0x10, 0x43, 0xE0, 0x7D, 0x86, 0x04, 0x07, 0x01, 0x81, 0x81, 0x03, 0x0D, 0xE1, 0x81, 0x0C, 0x00,
    0x7C, 0x20, 0xC1, 0x04, 0x3E, 0x41, 0x10, 0x89, 0x42, 0x00, 0x7A, 0x18, 0x20, 0x60, 0x60, 0x41,
    0x06, 0x17, 0x80, 0x97, 0x98, 0x07, 0xC2, 0x0C, 0x10, 0x43, 0xE0, 0xFF, 0x84, 0x02, 0x01, 0x00,
    0x80, 0x40, 0x20, 0x10, 0x08, 0x04, 0x02, 0x01, 0x00, 0x80, 0x80, 0x88, 0xF8, 0x88, 0x88, 0x87,
    0x42, 0x40, 0x12, 0x0B, 0x02, 0x00, 0x0F, 0xF8, 0x40, 0x20, 0x10, 0x08, 0x04, 0x02, 0x01, 0x00,
    0x80, 0x40, 0x20, 0x22, 0xA8, 0xF8, 0x88, 0x88, 0x87, 0xFF, 0x84, 0x02, 0x01, 0x03, 0xE0, 0x40,
    0x20, 0x10, 0x08, 0x04, 0x02, 0x00, 0x88, 0xF8, 0x8F, 0x88, 0x87, 0x34, 0x4C, 0x00, 0x81, 0x81,
    0x81, 0x81, 0x81, 0x81, 0x81, 0x81, 0x81, 0x42, 0x3C, 0x34, 0x98, 0x04, 0x18, 0x30, 0x60, 0xC1,
    0x82, 0x84, 0xF0, 0x3C, 0x00, 0x81, 0x81, 0x81, 0x81, 0x81, 0x81, 0x81, 0x81, 0x81, 0x42, 0x3C,
    0x78, 0x00, 0x04, 0x18, 0x30, 0x60, 0xC1, 0x82, 0x84, 0xF0, 0x24, 0x1C, 0x00, 0x81, 0x81, 0x81,
    0x81, 0x81, 0x81, 0x81, 0x81, 0x81, 0x42, 0x3C, 0x68, 0x70, 0x04, 0x18, 0x30, 0x60, 0xC1, 0x82,
    0x84, 0xF0, 0x1C, 0x24, 0x24, 0x1C, 0x81, 0x81, 0x81, 0x81, 0x81, 0x81, 0x81, 0x81, 0x81, 0x42,
    0x3C, 0x38, 0xD1, 0xA1, 0xC0, 0x10, 0x60, 0xC1, 0x83, 0x06, 0x0A, 0x13, 0xC0, 0x09, 0x36, 0x24,
    0x00, 0x81, 0x81, 0x81, 0x81, 0x81, 0x81, 0x81, 0x81, 0x81, 0x42, 0x3C, 0x12, 0xD9, 0x20, 0x08,
    0x30, 0x60, 0xC1, 0x83, 0x05, 0x09, 0xE0, 0x81, 0x81, 0x81, 0x81, 0x81, 0x81, 0x81, 0x81, 0x81,
    0x42, 0x3C, 0x04, 0x08, 0x04, 0x83, 0x06, 0x0C, 0x18, 0x30, 0x50, 0x9F, 0x04, 0x08, 0x08, 0x02,
    0x00, 0x28, 0x02, 0x20, 0x00, 0x08, 0x00, 0xC1, 0x06, 0x08, 0x28, 0x42, 0x45, 0x12, 0x28, 0x91,
    0x44, 0x51, 0x42, 0x8A, 0x14, 0x50, 0x41, 0x00, 0x02, 0x00, 0x28, 0x02, 0x20, 0x00, 0x08, 0x20,
    0xC1, 0x05, 0x14, 0x48, 0xA2, 0x25, 0x21, 0x45, 0x0A, 0x28, 0x20, 0x80, 0x08, 0x0A, 0x09, 0x00,
    0x08, 0x0A, 0x09, 0x04, 0x44, 0x22, 0x0A, 0x02, 0x01, 0x00, 0x80, 0x40, 0x20, 0x10, 0x51, 0x10,
    0x08, 0x28, 0x91, 0x22, 0x28, 0x50, 0x40, 0x81, 0x04, 0x30, 0x00, 0x14, 0x0A, 0x00, 0x10, 0x14,
    0x12, 0x08, 0x88, 0x44, 0x14, 0x04, 0x02, 0x01, 0x00, 0x80, 0x40, 0x08, 0x30, 0x40, 0x0F, 0xE0,
    0x41, 0x04, 0x10, 0x20, 0x82, 0x04, 0x10, 0x3F, 0x80, 0x11, 0x88, 0x0F, 0x84, 0x44, 0x42, 0x21,
    0xF0, 0x08, 0x10, 0x07, 0xF0, 0x20, 0x82, 0x08, 0x10, 0x41, 0x02, 0x08, 0x1F, 0xC0, 0x21, 0x01,
    0xF0, 0x88, 0x88, 0x44, 0x3E, 0x24, 0x68, 0x20, 0x0F, 0xE0, 0x41, 0x04, 0x10, 0x20, 0x82, 0x04,
    0x10, 0x3F, 0x80, 0x92, 0x88, 0x0F, 0x84, 0x44, 0x42, 0x21, 0xF0, 0x78, 0x88, 0x88, 0x88, 0x88,
    0x80, 0x00, 0x47, 0x92, 0x19, 0x02, 0x80, 0x60, 0x18, 0x06, 0x01, 0x80, 0x50, 0x22, 0x10, 0x78,
    0x01, 0x39, 0x46, 0x82, 0x82, 0x82, 0x82, 0x44, 0x38, 0x00, 0x40, 0x18, 0x1A, 0x04, 0x81, 0x20,
    0x48, 0x12, 0x04, 0x81, 0x20, 0x48, 0x11, 0x08, 0x3C, 0x00, 0x00, 0x80, 0x60, 0xD0, 0x48, 0x24,
    0x12, 0x09, 0x04, 0x42, 0x1E, 0x00, 0x00, 0x11, 0x00, 0x02, 0x80, 0x00, 0x43, 0xF0, 0x7F, 0x82,
    0x00, 0xA0, 0x40, 0x28, 0x08, 0x12, 0x02, 0x08, 0x80, 0x82, 0x20, 0x21, 0x08, 0x08, 0x82, 0x04,
    0x20, 0x82, 0x10, 0x3F, 0x07, 0xF0, 0x00, 0x12, 0xFC, 0x16, 0x82, 0x08, 0x81, 0x00, 0x80, 0x9F,
    0x80, 0x82, 0x80, 0x82, 0x80, 0x84, 0x80, 0x88, 0x81, 0x08, 0x82, 0x10, 0xFC, 0x1F, 0x02, 0x48,
    0x09, 0xE0, 0x21, 0x00, 0x80, 0x3E, 0x7D, 0x08, 0x28, 0x20, 0xA0, 0x84, 0x82, 0x22, 0x08, 0x84,
    0x24, 0x0F, 0x9F, 0x80, 0x06, 0x00, 0x18, 0x00, 0x60, 0x01, 0x80, 0x06, 0x00, 0x18, 0x00, 0x60,
    0x01, 0x80, 0x06, 0x04, 0x2F, 0xEF, 0x00, 0x80, 0xC0, 0x60, 0x10, 0x18, 0x0C, 0x06, 0x03, 0x01,
    0x80, 0xC0, 0x7F, 0xA0, 0x10, 0x08, 0x18, 0x84, 0x63, 0x08, 0xC6, 0x31, 0x8C, 0x62, 0xD0, 0x84,
    0xC0, 0x80, 0x80, 0xE0, 0x40, 0x68, 0x20, 0x32, 0x10, 0x18, 0x88, 0x0C, 0x44, 0x06, 0x12, 0x03,
    0x05, 0x01, 0x82, 0x80, 0xC0, 0xD0, 0xA0, 0x27, 0x80, 0x80, 0x9C, 0x09, 0xA0, 0x89, 0x09, 0x88,
    0x98, 0x89, 0x84, 0x98, 0x29, 0x82, 0x98, 0x19, 0x80, 0x90, 0x01, 0x00, 0x10, 0x06, 0x00, 0x40,
    0x10, 0x03, 0xE1, 0x84, 0x60, 0x98, 0x26, 0x09, 0x82, 0x60, 0x98, 0x24, 0x01, 0x00, 0x80, 0x60,
    0x22, 0x0A, 0x02, 0x00, 0x00, 0x80, 0xA0, 0x50, 0x28, 0x22, 0x11, 0x08, 0x8F, 0xE4, 0x12, 0x0A,
    0x02, 0x44, 0xA1, 0x00, 0x78, 0x10, 0x5F, 0x86, 0x18, 0x5F, 0x8A, 0x88, 0x02, 0x10, 0x84, 0x21,
    0x08, 0x42, 0x10, 0x80, 0x8A, 0x88, 0x02, 0x10, 0x84, 0x21, 0x08, 0x40, 0x22, 0x05, 0x00, 0x80,
    0x00, 0x1E, 0x08, 0x44, 0x0A, 0x01, 0x80, 0x60, 0x18, 0x06, 0x01, 0x40, 0x88, 0x41, 0xE0, 0x48,
    0xD0, 0x40, 0x03, 0x88, 0xA0, 0xC1, 0x83, 0x05, 0x11, 0xC0, 0x24, 0x28, 0x10, 0x00, 0x81, 0x81,
    0x81, 0x81, 0x81, 0x81, 0x81, 0x81, 0x81, 0x42, 0x3C, 0x24, 0x58, 0x40, 0x08, 0x30, 0x60, 0xC1,
    0x83, 0x05, 0x09, 0xE0, 0x38, 0x00, 0x28, 0x28, 0x00, 0x81, 0x81, 0x81, 0x81, 0x81, 0x81, 0x81,
    0x81, 0x81, 0x42, 0x3C, 0x38, 0x00, 0xA1, 0x40, 0x10, 0x60, 0xC1, 0x83, 0x06, 0x0A, 0x13, 0xC0,
    0x08, 0x4C, 0x54, 0x00, 0x81, 0x81, 0x81, 0x81, 0x81, 0x81, 0x81, 0x81, 0x81, 0x42, 0x3C, 0x10,
    0x20, 0x40, 0x04, 0x89, 0x00, 0x41, 0x83, 0x06, 0x0C, 0x18, 0x28, 0x4F, 0x00, 0x24, 0x18, 0x44,
    0x44, 0x00, 0x81, 0x81, 0x81, 0x81, 0x81, 0x81, 0x81, 0x81, 0x81, 0x42, 0x3C, 0x24, 0x30, 0x02,
    0x24, 0x40, 0x20, 0xC1, 0x83, 0x06, 0x0C, 0x14, 0x27, 0x80, 0x20, 0x54, 0x54, 0x00, 0x81, 0x81,
    0x81, 0x81, 0x81, 0x81, 0x81, 0x81, 0x81, 0x42, 0x3C, 0x30, 0x20, 0x20, 0x04, 0x89, 0x00, 0x41,
    0x83, 0x06, 0x0C, 0x18, 0x28, 0x4F, 0x00, 0xF0, 0x20, 0x41, 0xFE, 0x14, 0x8C, 0x1C, 0x00, 0x05,
    0x02, 0x80, 0x00, 0x40, 0x50, 0x28, 0x14, 0x11, 0x08, 0x84, 0x47, 0xF2, 0x09, 0x05, 0x01, 0x38,
    0x02, 0x8A, 0x01, 0xE0, 0x41, 0x7E, 0x18, 0x61, 0x7C, 0x1C, 0x00, 0x02, 0x01, 0x00, 0x00, 0x40,
    0x50, 0x28, 0x14, 0x11, 0x08, 0x84, 0x47, 0xF2, 0x09, 0x05, 0x01, 0x38, 0x01, 0x04, 0x01, 0xE0,
    0x41, 0x7E, 0x18, 0x61, 0x7C, 0x01, 0xE0, 0x00, 0x00, 0x7E, 0x06, 0x00, 0x50, 0x02, 0x80, 0x24,
    0x02, 0x3E, 0x11, 0x01, 0xF8, 0x08, 0x40, 0x82, 0x08, 0x1F, 0x80, 0x0F, 0x00, 0x00, 0x00, 0x3C,
    0xC0, 0x64, 0x08, 0x5F, 0xFC, 0x20, 0x84, 0x10, 0xC1, 0xE7, 0x00, 0x1E, 0x10, 0x90, 0x10, 0x08,
    0x04, 0x0A, 0x05, 0x0F, 0x41, 0x10, 0x87, 0xC0, 0x3E, 0x42, 0x82, 0x82, 0x8F, 0x82, 0x42, 0x3E,
    0x02, 0x06, 0xFC, 0x22, 0x14, 0x08, 0x00, 0x1E, 0x21, 0x40, 0x80, 0x80, 0x80, 0x81, 0x81, 0x41,
    0x21, 0x1F, 0x24, 0x78, 0x60, 0x03, 0xE8, 0x60, 0xC1, 0x83, 0x05, 0x09, 0xF0, 0x20, 0x7F, 0x00,
    0x88, 0xA0, 0x80, 0x08, 0x30, 0xA2, 0x48, 0xA1, 0x82, 0x84, 0x88, 0x90, 0xA0, 0x80, 0xA1, 0x00,
    0x20, 0x82, 0x08, 0x22, 0x92, 0x8C, 0x28, 0x92, 0x28, 0x40, 0x1E, 0x08, 0x44, 0x0A, 0x01, 0x80,
    0x60, 0x18, 0x06, 0x01, 0x40, 0x88, 0x41, 0xE0, 0x10, 0x04, 0x00, 0xC0, 0x38, 0x8A, 0x0C, 0x18,
    0x30, 0x51, 0x1C, 0x10, 0x20, 0x30, 0x1E, 0x00, 0x01, 0xE0, 0x84, 0x40, 0xA0, 0x18, 0x06, 0x01,
    0x80, 0x60, 0x14, 0x08, 0x84, 0x1E, 0x01, 0x00, 0x40, 0x0C, 0x3C, 0x00, 0x01, 0xC4, 0x50, 0x60,
    0xC1, 0x82, 0x88, 0xE0, 0x81, 0x01, 0x80, 0x24, 0x28, 0x10, 0x00, 0xFF, 0x02, 0x04, 0x04, 0x08,
    0x1C, 0x02, 0x01, 0x01, 0x82, 0x7C, 0x89, 0x42, 0x00, 0xFC, 0x10, 0x84, 0x10, 0xC0, 0x81, 0x04,
    0x2F, 0x00, 0x8A, 0x88, 0x02, 0x10, 0x84, 0x21, 0x08, 0x42, 0x13, 0x00, 0xFC, 0x1F, 0xE0, 0x80,
    0x28, 0x10, 0x0A, 0x02, 0x04, 0x80, 0x82, 0x20, 0x20, 0x88, 0x08, 0x42, 0x02, 0x20, 0x81, 0x08,
    0x20, 0x84, 0x0F, 0xC1, 0xFC, 0xFC, 0x00, 0x82, 0x00, 0x81, 0x00, 0x80, 0x9F, 0x80, 0x82, 0x80,
    0x82, 0x80, 0x84, 0x80, 0x88, 0x81, 0x08, 0x82, 0x10, 0xFC, 0x1F, 0x02, 0x00, 0x08, 0x00, 0x20,
    0x00, 0x80, 0x3E, 0x7D, 0x08, 0x28, 0x20, 0xA0, 0x84, 0x82, 0x22, 0x08, 0x84, 0x24, 0x0F, 0x9F,
    0x02, 0x0C, 0x08, 0x00, 0x1E, 0x21, 0x40, 0x80, 0x80, 0x80, 0x81, 0x81, 0x41, 0x21, 0x1F, 0x08,
    0x30, 0x40, 0x03, 0xE8, 0x60, 0xC1, 0x83, 0x05, 0x09, 0xF0, 0x20, 0x7F, 0x00, 0x81, 0x04, 0x08,
    0x20, 0x41, 0x02, 0x18, 0x10, 0xFF, 0x86, 0x04, 0x30, 0x21, 0x81, 0x0C, 0x08, 0x60, 0x3C, 0x7C,
    0x82, 0x81, 0x81, 0x81, 0x81, 0x82, 0x82, 0x8C, 0xB0, 0xC0, 0x80, 0x80, 0x80, 0x10, 0x0C, 0x01,
    0x00, 0x08, 0x0E, 0x06, 0x83, 0x21, 0x88, 0xC4, 0x61, 0x30, 0x58, 0x2C, 0x0E, 0x02, 0x20, 0x60,
    0x40, 0x0F, 0x90, 0xA0, 0xC1, 0x83, 0x06, 0x0C, 0x10, 0x0C, 0x08, 0x02, 0x02, 0x80, 0x80, 0xA0,
    0x50, 0x28, 0x22, 0x11, 0x08, 0x8F, 0xE4, 0x12, 0x0A, 0x02, 0x08, 0xC1, 0x8A, 0x18, 0x07, 0x81,
    0x05, 0xF8, 0x61, 0x85, 0xF0, 0x00, 0x40, 0x06, 0x00, 0x20, 0x00, 0x00, 0x1F, 0x81, 0x80, 0x14,
    0x00, 0xA0, 0x09, 0x00, 0x8F, 0x84, 0x40, 0x7E, 0x02, 0x10, 0x20, 0x82, 0x07, 0xE0, 0x02, 0x00,
    0xC0, 0x10, 0x00, 0x07, 0x98, 0x0C, 0x81, 0x0B, 0xFF, 0x84, 0x10, 0x82, 0x18, 0x3C, 0xE0, 0x02,
    0x01, 0x00, 0x80, 0x79, 0x21, 0x90, 0x68, 0x26, 0x11, 0x88, 0x62, 0x19, 0x05, 0x82, 0x61, 0x27,
    0x80, 0x08, 0x30, 0x40, 0x03, 0xA8, 0xA2, 0xC9, 0x93, 0x45, 0x15, 0xC0, 0x48, 0x36, 0x09, 0x00,
    0x00, 0x80, 0xA0, 0x50, 0x28, 0x22, 0x11, 0x08, 0x8F, 0xE4, 0x12, 0x0A, 0x02, 0x48, 0xD8, 0x90,
    0x03, 0xC0, 0x40, 0x9F, 0x42, 0x85, 0x09, 0xF0, 0x18, 0x12, 0x00, 0x01, 0x01, 0x40, 0xA0, 0x50,
    0x44, 0x22, 0x11, 0x1F, 0xC8, 0x24, 0x14, 0x04, 0x39, 0x20, 0x1E, 0x04, 0x17, 0xE1, 0x86, 0x17,
    0xC0, 0x48, 0xD8, 0x90, 0x0F, 0xF0, 0x20, 0x40, 0x81, 0xFA, 0x04, 0x08, 0x10, 0x3F, 0x80, 0x91,
    0xB0, 0x90, 0x03, 0x88, 0xA0, 0xFF, 0x81, 0x01, 0x01, 0xF0, 0x38, 0x48, 0x07, 0xF8, 0x10, 0x20,
    0x40, 0xFD, 0x02, 0x04, 0x08, 0x1F, 0xC0, 0x38, 0x50, 0x01, 0xC4, 0x50, 0x7F, 0xC0, 0x80, 0x80,
    0xF8, 0x93, 0x64, 0x80, 0x10, 0x41, 0x04, 0x10, 0x41, 0x04, 0x10, 0x41, 0x00, 0x49, 0xB2, 0x40,
    0x08, 0x20, 0x82, 0x08, 0x20, 0x82, 0x79, 0x02, 0x22, 0x22, 0x22, 0x22, 0x22, 0x79, 0x02, 0x22,
    0x22, 0x22, 0x20, 0x24, 0x0D, 0x81, 0x20, 0x00, 0x1E, 0x08, 0x44, 0x0A, 0x01, 0x80, 0x60, 0x18,
    0x06, 0x01, 0x40, 0x88, 0x41, 0xE0, 0x90, 0x90, 0x90, 0x03, 0x88, 0xA0, 0xC1, 0x83, 0x05, 0x11,
    0xC0, 0x0C, 0x04, 0x80, 0x00, 0x78, 0x21, 0x10, 0x28, 0x06, 0x01, 0x80, 0x60, 0x18, 0x05, 0x02,
    0x21, 0x07, 0x80, 0x38, 0x58, 0x01, 0xC4, 0x50, 0x60, 0xC1, 0x82, 0x88, 0xE0, 0x90, 0x48, 0x24,
    0x00, 0x78, 0x44, 0x42, 0x42, 0x42, 0x44, 0x78, 0x48, 0x44, 0x42, 0x41, 0x91, 0x22, 0x40, 0x7D,
    0x04, 0x10, 0x41, 0x04, 0x10, 0x70, 0xB0, 0x07, 0x88, 0x90, 0xA1, 0x42, 0x89, 0xE2, 0x44, 0x48,
    0x50, 0x40, 0x72, 0xC1, 0xF8, 0x42, 0x10, 0x84, 0x20, 0x48, 0x6C, 0x12, 0x00, 0x81, 0x81, 0x81,
    0x81, 0x81, 0x81, 0x81, 0x81, 0x81, 0x42, 0x3C, 0x91, 0xB0, 0x90, 0x08, 0x30, 0x60, 0xC1, 0x83,
    0x05, 0x09, 0xE0, 0x1C, 0x24, 0x00, 0x81, 0x81, 0x81, 0x81, 0x81, 0x81, 0x81, 0x81, 0x81, 0x42,
    0x3C, 0x38, 0xD0, 0x04, 0x18, 0x30, 0x60, 0xC1, 0x82, 0x84, 0xF0, 0x7A, 0x18, 0x20, 0x60, 0x60,
    0x41, 0x06, 0x17, 0x80, 0x21, 0x00, 0x7C, 0x20, 0xC1, 0x04, 0x3E, 0x01, 0x10, 0xFF, 0x84, 0x02,
    0x01, 0x00, 0x80, 0x40, 0x20, 0x10, 0x08, 0x04, 0x02, 0x00, 0x00, 0x80, 0x80, 0x88, 0xF8, 0x88,
    0x88, 0x87, 0x02, 0x40, 0xFC, 0x04, 0x08, 0x10, 0x20, 0x9E, 0x02, 0x02, 0x04, 0x08, 0x10, 0xDE,
    0x00, 0xF0, 0x20, 0x41, 0x08, 0xC0, 0x81, 0x04, 0x2F, 0x00, 0x12, 0x0F, 0x02, 0x00, 0x08, 0x0C,
    0x06, 0x03, 0x01, 0x80, 0xFF, 0xE0, 0x30, 0x18, 0x0C, 0x06, 0x02, 0xA0, 0x80, 0x04, 0x08, 0x10,
    0x20, 0x7C, 0x85, 0x06, 0x0C, 0x18, 0x30, 0x60, 0x80, 0xC4, 0x2A, 0x00, 0x31, 0xB2, 0x66, 0x60,
    0xF0, 0x9F, 0xC0, 0x90, 0x69, 0x60, 0x6E, 0x40, 0x99, 0x60, 0x69, 0x5E, 0x60, 0x47, 0x80, 0x6B,
    0x00, 0x20, 0x20, 0x20, 0x0F, 0xF0, 0x20, 0x40, 0x81, 0xFA, 0x04, 0x08, 0x10, 0x3F, 0x80, 0x28,
    0x50, 0x07, 0xF8, 0x10, 0x20, 0x40, 0xFD, 0x02, 0x04, 0x08, 0x1F, 0xC0, 0xFF, 0x04, 0x01, 0x00,
    0x40, 0x1F, 0x04, 0x21, 0x04, 0x41, 0x10, 0x44, 0x21, 0x30, 0x08, 0x30, 0x40, 0x0F, 0xF0, 0x20,
    0x40, 0x81, 0x02, 0x04, 0x08, 0x10, 0x20, 0x00, 0x1E, 0x21, 0x40, 0x80, 0x80, 0xFC, 0x80, 0x80,
    0x40, 0x21, 0x1E, 0x7A, 0x18, 0x20, 0x60, 0x60, 0x41, 0x06, 0x17, 0x80, 0xFF, 0xE0, 0xB4, 0x24,
    0x92, 0x49, 0x24, 0x80, 0x02, 0x04, 0x08, 0x10, 0x20, 0x40, 0x81, 0x03, 0x09, 0xE0, 0x0F, 0x80,
    0x11, 0x00, 0x22, 0x00, 0x44, 0x00, 0x8F, 0x81, 0x10, 0x82, 0x20, 0x88, 0x41, 0x10, 0x82, 0x41,
    0x0B, 0x03, 0xE0, 0x82, 0x04, 0x10, 0x20, 0x81, 0x04, 0x0F, 0xFE, 0x41, 0x0A, 0x08, 0x30, 0x41,
    0x82, 0x0C, 0x10, 0xA0, 0xF8, 0xFF, 0x04, 0x01, 0x00, 0x40, 0x1F, 0x04, 0x21, 0x04, 0x41, 0x10,
    0x44, 0x11, 0x04, 0x08, 0x20, 0x80, 0x08, 0x30, 0xA2, 0x48, 0xA1, 0x82, 0x84, 0x88, 0x90, 0xA0,
    0x80, 0x10, 0x0C, 0x01, 0x00, 0x08, 0x0C, 0x0E, 0x0B, 0x05, 0x84, 0xC4, 0x64, 0x32, 0x1A, 0x0E,
    0x06, 0x02, 0x12, 0x0E, 0x00, 0x10, 0x14, 0x12, 0x08, 0x88, 0x44, 0x14, 0x0A, 0x02, 0x01, 0x01,
    0x07, 0x00, 0x81, 0x81, 0x81, 0x81, 0x81, 0x81, 0x81, 0x81, 0x81, 0x81, 0xFF, 0x10, 0x10, 0x10,
    0x08, 0x0A, 0x05, 0x02, 0x82, 0x21, 0x10, 0x88, 0xFE, 0x41, 0x20, 0xA0, 0x20, 0xFD, 0x02, 0x04,
    0x0F, 0x90, 0xA0, 0xC1, 0x83, 0x0B, 0xE0, 0xF8, 0x84, 0x82, 0x82, 0x84, 0xFC, 0x82, 0x81, 0x81,
    0x82, 0xFC, 0xFF, 0x02, 0x04, 0x08, 0x10, 0x20, 0x40, 0x81, 0x02, 0x00, 0x1F, 0x84, 0x21, 0x08,
    0x42, 0x10, 0x84, 0x22, 0x08, 0x82, 0x20, 0x90, 0x2F, 0xFE, 0x01, 0x80, 0x60, 0x10, 0xFF, 0x02,
    0x04, 0x08, 0x1F, 0xA0, 0x40, 0x81, 0x03, 0xF8, 0x82, 0x0A, 0x10, 0x88, 0x88, 0x24, 0x80, 0xA8,
    0x03, 0x80, 0x2A, 0x02, 0x48, 0x22, 0x22, 0x10, 0xA0, 0x82, 0x7C, 0x82, 0x01, 0x01, 0x02, 0x3C,
    0x02, 0x01, 0x01, 0x82, 0x7C, 0x80, 0xC0, 0xE0, 0xB0, 0x58, 0x4C, 0x46, 0x43, 0x21, 0xA0, 0xE0,
    0x60, 0x20, 0x14, 0x0E, 0x00, 0x10, 0x18, 0x1C, 0x16, 0x0B, 0x09, 0x88, 0xC8, 0x64, 0x34, 0x1C,
    0x0C, 0x04, 0x83, 0x0A, 0x24, 0x8A, 0x18, 0x28, 0x48, 0x89, 0x0A, 0x08, 0x0F, 0xC2, 0x10, 0x84,
    0x21, 0x08, 0x42, 0x10, 0x84, 0x41, 0x10, 0x48, 0x1C, 0x04, 0x40, 0x4C, 0x19, 0x83, 0x28, 0xA9,
    0x13, 0x14, 0x62, 0x8C, 0x51, 0x84, 0x30, 0x06, 0x00, 0x80, 0x80, 0xC0, 0x60, 0x30, 0x18, 0x0F,
    0xFE, 0x03, 0x01, 0x80, 0xC0, 0x60, 0x20, 0x1E, 0x08, 0x44, 0x0A, 0x01, 0x80, 0x60, 0x18, 0x06,
    0x01, 0x40, 0x88, 0x41, 0xE0, 0xFF, 0x81, 0x81, 0x81, 0x81, 0x81, 0x81, 0x81, 0x81, 0x81, 0x81,
    0xF9, 0x0A, 0x0C, 0x18, 0x30, 0xBE, 0x40, 0x81, 0x02, 0x00, 0x1E, 0x21, 0x40, 0x80, 0x80, 0x80,
    0x80, 0x80, 0x40, 0x21, 0x1E, 0xFF, 0x84, 0x02, 0x01, 0x00, 0x80, 0x40, 0x20, 0x10, 0x08, 0x04,
    0x02, 0x00, 0x80, 0xA0, 0x90, 0x44, 0x42, 0x20, 0xA0, 0x50, 0x10, 0x08, 0x08, 0x38, 0x00, 0x04,
    0x07, 0xF1, 0x11, 0x42, 0x18, 0x43, 0x08, 0x61, 0x0C, 0x21, 0x44, 0x47, 0xF0, 0x10, 0x00, 0x80,
    0xA0, 0x88, 0x82, 0x81, 0x40, 0x40, 0x50, 0x44, 0x22, 0x20, 0xA0, 0x20, 0x81, 0x40, 0xA0, 0x50,
    0x28, 0x14, 0x0A, 0x05, 0x02, 0x81, 0x40, 0xBF, 0xE0, 0x10, 0x08, 0x04, 0x86, 0x18, 0x61, 0x87,
    0x13, 0xC1, 0x04, 0x10, 0x40, 0x84, 0x30, 0x86, 0x10, 0xC2, 0x18, 0x43, 0x08, 0x61, 0x0C, 0x21,
    0x84, 0x30, 0x87, 0xFF, 0x80, 0x84, 0x28, 0x42, 0x84, 0x28, 0x42, 0x84, 0x28, 0x42, 0x84, 0x28,
    0x42, 0x84, 0x28, 0x42, 0xFF, 0xF0, 0x01, 0x00, 0x10, 0x01, 0xF0, 0x04, 0x01, 0x00, 0x40, 0x1F,
    0x04, 0x21, 0x04, 0x41, 0x10, 0x44, 0x21, 0xF0, 0x80, 0x60, 0x18, 0x06, 0x01, 0xF8, 0x61, 0x18,
    0x26, 0x09, 0x82, 0x61, 0x1F, 0x84, 0x81, 0x02, 0x04, 0x0F, 0x90, 0xA0, 0xC1, 0x83, 0x0B, 0xE0,
    0x78, 0x84, 0x02, 0x01, 0x01, 0x3F, 0x01, 0x01, 0x02, 0x84, 0x78, 0x83, 0x88, 0x46, 0x88, 0x29,
    0x01, 0x90, 0x1F, 0x01, 0x90, 0x19, 0x01, 0x88, 0x28, 0xC6, 0x83, 0x80, 0x1F, 0x90, 0x50, 0x28,
    0x14, 0x09, 0x04, 0x7E, 0x21, 0x20, 0xA0, 0x60, 0x20, 0x78, 0x10, 0x5F, 0x86, 0x18, 0x5F, 0x0E,
    0x61, 0x04, 0x0B, 0x98, 0xA0, 0xC1, 0x83, 0x05, 0x11, 0xC0, 0xFA, 0x18, 0x7E, 0x86, 0x18, 0x7E,
    0xFC, 0x21, 0x08, 0x42, 0x10, 0x1E, 0x12, 0x12, 0x12, 0x12, 0x22, 0x22, 0xFF, 0x81, 0x81, 0x38,
    0x8A, 0x0F, 0xF8, 0x10, 0x10, 0x1F, 0x84, 0x28, 0x98, 0xD4, 0x07, 0x01, 0x50, 0x49, 0x11, 0x14,
    0x21, 0xF0, 0x42, 0xE0, 0x84, 0x3E, 0x83, 0x0E, 0x2C, 0x99, 0x34, 0x70, 0xC1, 0x2C, 0x70, 0x04,
    0x18, 0x71, 0x64, 0xC9, 0xA3, 0x86, 0x08, 0x85, 0x32, 0x86, 0x0A, 0x12, 0x22, 0x42, 0x1F, 0x11,
    0x11, 0x11, 0x11, 0x21, 0x21, 0xC1, 0xC1, 0xD1, 0x68, 0xB4, 0x59, 0x4C, 0xA6, 0x23, 0x01, 0x83,
    0x06, 0x0F, 0xF8, 0x30, 0x60, 0xC1, 0x38, 0x8A, 0x0C, 0x18, 0x30, 0x51, 0x1C, 0xFF, 0x06, 0x0C,
    0x18, 0x30, 0x60, 0xC1, 0xF9, 0x0A, 0x0C, 0x18, 0x30, 0x61, 0x7C, 0x81, 0x02, 0x00, 0x3D, 0x08,
    0x20, 0x82, 0x04, 0x0F, 0xFE, 0x20, 0x40, 0x81, 0x02, 0x04, 0x08, 0x82, 0x89, 0x12, 0x22, 0x85,
    0x04, 0x08, 0x10, 0x43, 0x00, 0x08, 0x04, 0x02, 0x01, 0x03, 0xE2, 0x4A, 0x23, 0x11, 0x88, 0xC4,
    0x52, 0x47, 0xC0, 0x80, 0x40, 0x20, 0x81, 0x42, 0x24, 0x18, 0x18, 0x24, 0x42, 0x81, 0x85, 0x0A,
    0x14, 0x28, 0x50, 0xA1, 0x7F, 0x02, 0x04, 0x86, 0x18, 0x61, 0x7C, 0x10, 0x41, 0x88, 0xC4, 0x62,
    0x31, 0x18, 0x8C, 0x46, 0x23, 0xFF, 0x88, 0xA2, 0x28, 0x8A, 0x22, 0x88, 0xA2, 0x28, 0x8B, 0xFF,
    0x00, 0x40, 0x10, 0xE0, 0x20, 0x20, 0x3E, 0x21, 0x21, 0x21, 0x3E, 0x80, 0xC0, 0x60, 0x3F, 0x18,
    0x4C, 0x26, 0x13, 0xF1, 0x82, 0x08, 0x3E, 0x86, 0x18, 0x7E, 0xF0, 0x82, 0xF0, 0x84, 0x5E, 0x87,
    0x22, 0x29, 0x07, 0xC1, 0x90, 0x64, 0x18, 0x8A, 0x1C, 0x7E, 0x18, 0x61, 0x7D, 0x14, 0x61, 0x20,
    0x60, 0x40, 0x03, 0x88, 0xA0, 0xFF, 0x81, 0x01, 0x01, 0xF0, 0x50, 0xA0, 0x01, 0xC4, 0x50, 0x7F,
    0xC0, 0x80, 0x80, 0xF8, 0x40, 0x40, 0xF8, 0x40, 0x7C, 0x42, 0x41, 0x41, 0x41, 0x41, 0x41, 0x41,
    0x01, 0x01, 0x06, 0x08, 0x88, 0x0F, 0xC2, 0x10, 0x84, 0x21, 0x00, 0x7A, 0x21, 0xE8, 0x41, 0x0F,
    0x7C, 0x20, 0xC1, 0x04, 0x3E, 0xDF, 0xE0, 0xB4, 0x24, 0x92, 0x49, 0x00, 0x24, 0x12, 0x49, 0x24,
    0x93, 0x80, 0x3E, 0x02, 0x20, 0x22, 0x02, 0x3E, 0x22, 0x12, 0x21, 0x42, 0x18, 0x3E, 0x84, 0x10,
    0x82, 0x10, 0x7F, 0xE8, 0x43, 0x08, 0x61, 0x0C, 0x3E, 0x40, 0x40, 0xF8, 0x40, 0x7C, 0x42, 0x41,
    0x41, 0x41, 0x41, 0x41, 0x41, 0x08, 0x30, 0x40, 0x08, 0x53, 0x28, 0x60, 0xA1, 0x22, 0x24, 0x20,
    0x20, 0x60, 0x20, 0x08, 0x30, 0xE2, 0xC9, 0x93, 0x47, 0x0C, 0x10, 0x24, 0x30, 0x04, 0x14, 0x48,
    0x91, 0x14, 0x28, 0x20, 0x40, 0x82, 0x18, 0x00, 0x83, 0x06, 0x0C, 0x18, 0x30, 0x60, 0xFF, 0x10,
    0x20, 0x10, 0x3F, 0x81, 0x00, 0x40, 0x10, 0x07, 0xC1, 0x08, 0x41, 0x10, 0x44, 0x21, 0xF0, 0x20,
    0x20, 0x20, 0x20, 0xFC, 0x20, 0x20, 0x3E, 0x21, 0x21, 0x21, 0x3E, 0x1E, 0x08, 0x44, 0x0A, 0x01,
    0x80, 0x6E, 0x1C, 0x7E, 0x01, 0x40, 0x88, 0x41, 0xE0, 0x38, 0x8A, 0x0F, 0x98, 0xF0, 0x51, 0x1C,
    0x80, 0x70, 0x11, 0x02, 0x20, 0x84, 0x10, 0x44, 0x08, 0x80, 0xA0, 0x14, 0x02, 0x80, 0x20, 0x00,
    0x81, 0xC1, 0x10, 0x88, 0x82, 0x41, 0x40, 0xA0, 0x20, 0x24, 0x06, 0x00, 0x02, 0x02, 0x81, 0xA0,
    0xA8, 0x2A, 0x12, 0x88, 0xA4, 0x29, 0x0A, 0x82, 0xC0, 0xA0, 0x30, 0x04, 0x01, 0x00, 0x80, 0x48,
    0x30, 0x00, 0x82, 0x86, 0x8A, 0x92, 0x92, 0xA2, 0xC2, 0x83, 0x01, 0x01, 0x02, 0x40, 0xF0, 0x40,
    0x40, 0x7C, 0x42, 0x41, 0x41, 0x41, 0x42, 0x7C, 0x41, 0xE1, 0x03, 0xE4, 0x28, 0x50, 0xBE, 0xF9,
    0x0A, 0x0C, 0x19, 0x32, 0xBE, 0x44, 0x81, 0x02, 0x00, 0xF9, 0x0A, 0x0C, 0x18, 0x32, 0x63, 0x7C,
    0x85, 0x02, 0x00, 0x02, 0x07, 0xFC, 0x08, 0x10, 0x20, 0x40, 0x81, 0x02, 0x04, 0x08, 0x00, 0x08,
    0x7F, 0x08, 0x42, 0x10, 0x84, 0x00, 0x7F, 0x40, 0x40, 0x40, 0x40, 0xF0, 0x40, 0x40, 0x40, 0x40,
    0x40, 0x7D, 0x04, 0x10, 0xF1, 0x04, 0x10, 0xFD, 0x02, 0x04, 0x0F, 0x90, 0xA0, 0xC1, 0x83, 0x06,
    0x08, 0x10, 0x47, 0x00, 0xFA, 0x08, 0x3C, 0x8A, 0x18, 0x61, 0x04, 0x23, 0x00, 0x82, 0x0A, 0x10,
    0x88, 0x88, 0x24, 0x80, 0xA8, 0x03, 0x80, 0x2A, 0x02, 0x48, 0x22, 0x22, 0x10, 0xA0, 0x82, 0x00,
    0x10, 0x00, 0x80, 0x04, 0x84, 0x28, 0x98, 0xD4, 0x07, 0x01, 0x50, 0x49, 0x11, 0x14, 0x21, 0x00,
    0x20, 0x04, 0x7C, 0x82, 0x01, 0x01, 0x02, 0x3C, 0x02, 0x01, 0x01, 0x82, 0x7C, 0x10, 0x08, 0x30,
    0xF0, 0x42, 0xE0, 0x84, 0x3E, 0x41, 0x30, 0x82, 0x42, 0x22, 0x12, 0x0A, 0x06, 0x02, 0x81, 0x20,
    0x8C, 0x41, 0x20, 0x60, 0x10, 0x08, 0x04, 0x89, 0x22, 0x86, 0x0A, 0x12, 0x22, 0x43, 0x02, 0x04,
    0x80, 0xC0, 0xA0, 0x94, 0x8A, 0x87, 0x82, 0xA1, 0x48, 0x82, 0x40, 0xA0, 0x20, 0x82, 0xA4, 0xA8,
    0xF0, 0xA8, 0xA4, 0x82, 0x81, 0x41, 0x71, 0x11, 0x09, 0x05, 0x03, 0x01, 0x60, 0x88, 0x42, 0x20,
    0x90, 0x20, 0x42, 0xE4, 0x48, 0x50, 0x60, 0x50, 0x4C, 0x42, 0xF0, 0x84, 0x41, 0x10, 0x48, 0x14,
    0x06, 0x01, 0x40, 0x48, 0x11, 0x04, 0x21, 0x04, 0xE1, 0x13, 0x0A, 0x06, 0x02, 0x81, 0x20, 0x88,
    0x42, 0x80, 0xA0, 0x28, 0x0A, 0x02, 0x80, 0xBF, 0xE8, 0x0A, 0x02, 0x80, 0xA0, 0x28, 0x0C, 0x01,
    0x00, 0x40, 0x10, 0x82, 0x82, 0x82, 0xFE, 0x82, 0x82, 0x82, 0x83, 0x01, 0x01, 0x81, 0xF0, 0x22,
    0x04, 0x40, 0x88, 0x11, 0xFE, 0x20, 0x44, 0x08, 0x81, 0x10, 0x22, 0x04, 0x00, 0x83, 0xC1, 0x20,
    0x9F, 0xC8, 0x24, 0x12, 0x09, 0x04, 0xFE, 0x04, 0x10, 0x20, 0x81, 0x04, 0x08, 0x3E, 0x41, 0x0A,
    0x08, 0x30, 0x41, 0x82, 0x0C, 0x10, 0x60, 0x82, 0x00, 0x10, 0x01, 0x00, 0x70, 0xFC, 0x10, 0x82,
    0x10, 0x43, 0xC8, 0x45, 0x08, 0x61, 0x0C, 0x21, 0x00, 0x20, 0x08, 0x06, 0x00, 0x1F, 0x08, 0x04,
    0x02, 0x0C, 0x84, 0xA2, 0x18, 0x86, 0x21, 0x48, 0x4A, 0x21, 0xF0, 0x10, 0x03, 0x00, 0x30, 0x38,
    0x82, 0x34, 0x99, 0x32, 0x54, 0x9E, 0x08, 0x0C, 0x1E, 0x21, 0x40, 0x80, 0x80, 0x80, 0x80, 0x80,
    0x40, 0x61, 0x3E, 0x10, 0x08, 0x30, 0x3D, 0x08, 0x20, 0x82, 0x04, 0x0F, 0x20, 0x46, 0x00, 0xFF,
    0x84, 0x02, 0x01, 0x00, 0x80, 0x40, 0x20, 0x10, 0x08, 0x04, 0x03, 0x00, 0x80, 0x40, 0x20, 0xFE,
    0x20, 0x40, 0x81, 0x02, 0x04, 0x0C, 0x08, 0x10, 0x80, 0xA0, 0x90, 0x44, 0x42, 0x20, 0xA0, 0x20,
    0x10, 0x08, 0x04, 0x02, 0x00, 0x83, 0x05, 0x12, 0x22, 0x85, 0x0A, 0x08, 0x10, 0x20, 0x40, 0x80,
    0xA0, 0x88, 0x84, 0x41, 0x40, 0x40, 0xF8, 0x10, 0x08, 0x04, 0x02, 0x00, 0x83, 0x05, 0x12, 0x22,
    0x85, 0x04, 0x3E, 0x10, 0x20, 0x40, 0x80, 0x90, 0x42, 0x20, 0x50, 0x14, 0x02, 0x01, 0x40, 0x88,
    0x22, 0x10, 0x48, 0x0C, 0x01, 0x00, 0x40, 0x10, 0x81, 0x42, 0x24, 0x18, 0x18, 0x24, 0x42, 0x81,
    0x01, 0x01, 0xFF, 0x21, 0x02, 0x10, 0x21, 0x02, 0x10, 0x21, 0x02, 0x10, 0x21, 0x02, 0x10, 0x21,
    0x02, 0x1F, 0xF0, 0x01, 0x00, 0x10, 0x01, 0xFD, 0x10, 0x88, 0x44, 0x22, 0x11, 0x08, 0x84, 0x7F,
    0x00, 0x80, 0x40, 0x82, 0x82, 0x82, 0x82, 0x82, 0x42, 0x3E, 0x02, 0x02, 0x02, 0x03, 0x01, 0x01,
    0x01, 0x85, 0x0A, 0x14, 0x27, 0xC0, 0x81, 0x03, 0x02, 0x04, 0x83, 0x06, 0x0C, 0x19, 0x2A, 0x4F,
    0x89, 0x12, 0x04, 0x08, 0x86, 0x18, 0x69, 0x7C, 0x90, 0x41, 0x80, 0x80, 0x80, 0x80, 0xFC, 0x82,
    0x81, 0x81, 0x81, 0x81, 0x81, 0x81, 0x02, 0x04, 0x0F, 0x90, 0xA0, 0xC1, 0x83, 0x06, 0x0C, 0x10,
    0x07, 0x80, 0x84, 0x10, 0x2A, 0x01, 0xA0, 0x17, 0xFF, 0x20, 0x02, 0x00, 0x10, 0x00, 0x82, 0x07,
    0xC0, 0x0C, 0x92, 0xA1, 0x7F, 0x20, 0x20, 0x10, 0x0F, 0x07, 0x80, 0x84, 0x10, 0x2A, 0x01, 0xA0,
    0x17, 0xFF, 0x20, 0x02, 0x00, 0x10, 0x00, 0x82, 0x07, 0xC0, 0x10, 0x01, 0x00, 0x10, 0x0C, 0x92,
    0xA1, 0x7F, 0x20, 0x20, 0x10, 0x0F, 0x04, 0x04, 0xFF, 0xE0, 0x04, 0x80, 0x18, 0x20, 0x82, 0x84,
    0x22, 0x22, 0x09, 0x20, 0x2A, 0x00, 0xE0, 0x0A, 0x80, 0x92, 0x08, 0x88, 0x84, 0x28, 0x20, 0x80,
    0x09, 0x00, 0xC0, 0x00, 0x42, 0x14, 0x4C, 0x6A, 0x03, 0x80, 0xA8, 0x24, 0x88, 0x8A, 0x10, 0x80,
    0x83, 0x0A, 0x24, 0x8A, 0x1F, 0x21, 0x41, 0x83, 0x06, 0x08, 0x10, 0x47, 0x00, 0x8A, 0x4A, 0x3C,
    0x8A, 0x18, 0x61, 0x04, 0x23, 0x00, 0x0F, 0xC1, 0x08, 0x21, 0x04, 0x20, 0x84, 0x10, 0x82, 0x10,
    0x82, 0x10, 0x44, 0x0B, 0x01, 0x80, 0x10, 0x02, 0x00, 0x80, 0x1F, 0x08, 0x84, 0x42, 0x21, 0x11,
    0x08, 0x85, 0x83, 0x00, 0x80, 0x40, 0x40, 0x80, 0xC0, 0x60, 0x30, 0x18, 0x0F, 0xFE, 0x03, 0x01,
    0x80, 0xC0, 0x60, 0x20, 0x10, 0x08, 0x18, 0x83, 0x06, 0x0F, 0xF8, 0x30, 0x60, 0xC1, 0x02, 0x04,
    0x30, 0x80, 0xA0, 0x28, 0x0A, 0x02, 0x80, 0xBF, 0xE8, 0x0A, 0x02, 0x80, 0xA0, 0x28, 0x0C, 0x01,
    0x00, 0x40, 0x20, 0x82, 0x82, 0x82, 0xFE, 0x82, 0x82, 0x82, 0x83, 0x01, 0x01, 0x02, 0x83, 0x06,
    0x0C, 0x18, 0x28, 0x4F, 0x81, 0x02, 0x04, 0x18, 0x20, 0x40, 0x80, 0x86, 0x18, 0x61, 0x7C, 0x10,
    0x43, 0x08, 0x20, 0x40, 0x46, 0x0C, 0x60, 0xC5, 0x14, 0x91, 0x28, 0xA2, 0x8A, 0x28, 0xA2, 0x84,
    0x28, 0x02, 0x80, 0x30, 0x01, 0x00, 0x30, 0x02, 0xC1, 0xA8, 0xAA, 0x2A, 0x8A, 0x94, 0xA5, 0x28,
    0x8A, 0x03, 0x00, 0x40, 0x10, 0x08, 0xFF, 0xE0, 0x12, 0x06, 0x02, 0x02, 0x81, 0x40, 0xA0, 0x88,
    0x44, 0x22, 0x3F, 0x90, 0x48, 0x28, 0x08, 0x48, 0xC0, 0x1E, 0x04, 0x17, 0xE1, 0x86, 0x17, 0xC0,
    0x14, 0x0A, 0x02, 0x02, 0x81, 0x40, 0xA0, 0x88, 0x44, 0x22, 0x3F, 0x90, 0x48, 0x28, 0x08, 0x51,
    0x40, 0x1E, 0x04, 0x17, 0xE1, 0x86, 0x17, 0xC0, 0x01, 0xF8, 0x18, 0x01, 0x40, 0x0A, 0x00, 0x90,
    0x08, 0xF8, 0x44, 0x07, 0xE0, 0x21, 0x02, 0x08, 0x20, 0x7E, 0x79, 0x80, 0xC8, 0x10, 0xBF, 0xF8,
    0x41, 0x08, 0x21, 0x83, 0xCE, 0x28, 0x73, 0xFC, 0x08, 0x10, 0x20, 0x7E, 0x81, 0x02, 0x04, 0x0F,
    0xE0, 0x68, 0x70, 0x01, 0xC4, 0x50, 0x7F, 0xC0, 0x80, 0x80, 0xF8, 0x3C, 0x21, 0x00, 0x40, 0x10,
    0x0F, 0xFE, 0x03, 0x01, 0x41, 0x11, 0x07, 0x00, 0x70, 0x20, 0x41, 0xFE, 0x14, 0x8C, 0x28, 0x14,
    0x0F, 0x08, 0x40, 0x10, 0x04, 0x03, 0xFF, 0x80, 0xC0, 0x50, 0x44, 0x41, 0xC0, 0x51, 0x40, 0x1C,
    0x08, 0x10, 0x7F, 0x85, 0x23, 0x00, 0x05, 0x00, 0x28, 0x20, 0x82, 0x84, 0x22, 0x22, 0x09, 0x20,
    0x2A, 0x00, 0xE0, 0x0A, 0x80, 0x92, 0x08, 0x88, 0x84, 0x28, 0x20, 0x80, 0x0A, 0x01, 0x40, 0x00,
    0x42, 0x14, 0x4C, 0x6A, 0x03, 0x80, 0xA8, 0x24, 0x88, 0x8A, 0x10, 0x80, 0x28, 0x28, 0x7C, 0x82,
    0x01, 0x01, 0x02, 0x3C, 0x02, 0x01, 0x01, 0x82, 0x7C, 0x52, 0x81, 0xE0, 0x85, 0xC1, 0x08, 0x7C,
    0xFF, 0x02, 0x04, 0x04, 0x08, 0x1C, 0x02, 0x01, 0x01, 0x82, 0x7C, 0xFC, 0x10, 0x84, 0x10, 0xC0,
    0x81, 0x04, 0x2F, 0x00, 0x1E, 0x00, 0x20, 0x30, 0x38, 0x2C, 0x16, 0x13, 0x11, 0x90, 0xC8, 0x68,
    0x38, 0x18, 0x08, 0x3C, 0x00, 0x04, 0x18, 0x71, 0x64, 0xC9, 0xA3, 0x86, 0x08, 0x14, 0x0A, 0x20,
    0x30, 0x38, 0x2C, 0x16, 0x13, 0x11, 0x90, 0xC8, 0x68, 0x38, 0x18, 0x08, 0x28, 0x50, 0x04, 0x18,
    0x71, 0x64, 0xC9, 0xA3, 0x86, 0x08, 0x14, 0x05, 0x01, 0xE0, 0x84, 0x40, 0xA0, 0x18, 0x06, 0x01,
    0x80, 0x60, 0x14, 0x08, 0x84, 0x1E, 0x00, 0x28, 0x50, 0x01, 0xC4, 0x50, 0x60, 0xC1, 0x82, 0x88,
    0xE0, 0x1E, 0x08, 0x44, 0x0A, 0x01, 0x80, 0x7F, 0xF8, 0x06, 0x01, 0x40, 0x88, 0x41, 0xE0, 0x38,
    0x8A, 0x0F, 0xF8, 0x30, 0x51, 0x1C, 0x14, 0x05, 0x01, 0xE0, 0x84, 0x40, 0xA0, 0x18, 0x07, 0xFF,
    0x80, 0x60, 0x14, 0x08, 0x84, 0x1E, 0x00, 0x28, 0x50, 0x01, 0xC4, 0x50, 0x7F, 0xC1, 0x82, 0x88,
    0xE0, 0x28, 0x28, 0x78, 0x84, 0x02, 0x01, 0x01, 0x3F, 0x01, 0x01, 0x02, 0x84, 0x78, 0xA5, 0x01,
    0xE1, 0x05, 0xE1, 0x08, 0xBC, 0x1E, 0x00, 0x20, 0x28, 0x24, 0x11, 0x10, 0x88, 0x28, 0x14, 0x04,
    0x02, 0x02, 0x0E, 0x00, 0x3C, 0x00, 0x04, 0x14, 0x48, 0x91, 0x14, 0x28, 0x20, 0x40, 0x82, 0x18,
    0x00, 0x14, 0x0A, 0x20, 0x28, 0x24, 0x11, 0x10, 0x88, 0x28, 0x14, 0x04, 0x02, 0x02, 0x0E, 0x00,
    0x28, 0x50, 0x04, 0x14, 0x48, 0x91, 0x14, 0x28, 0x20, 0x40, 0x82, 0x18, 0x00, 0x04, 0x86, 0xC4,
    0x90, 0x14, 0x12, 0x08, 0x88, 0x44, 0x14, 0x0A, 0x02, 0x01, 0x01, 0x07, 0x00, 0x09, 0x1B, 0x12,
    0x00, 0x82, 0x44, 0x44, 0x44, 0x28, 0x28, 0x10, 0x10, 0x10, 0x20, 0xC0, 0x28, 0xA8, 0x61, 0x86,
    0x18, 0x71, 0x3C, 0x10, 0x41, 0x04, 0x51, 0x40, 0x21, 0x86, 0x18, 0x5F, 0x04, 0x10, 0x40, 0xFF,
    0x02, 0x04, 0x08, 0x10, 0x20, 0x40, 0x81, 0x03, 0x02, 0x04, 0x08, 0x00, 0xFC, 0x21, 0x08, 0x42,
    0x18, 0x42, 0x00, 0x0A, 0x02, 0x88, 0x06, 0x01, 0x80, 0x60, 0x1F, 0x86, 0x11, 0x82, 0x60, 0x98,
    0x26, 0x11, 0xF8, 0x40, 0x14, 0x0A, 0x00, 0x10, 0x18, 0x0C, 0x07, 0xE3, 0x09, 0x84, 0xC2, 0x7E,
    0x20, 0xC3, 0x63, 0x23, 0x72, 0xDC, 0x8C, 0x84, 0x86, 0x83, 0xF8, 0x18, 0x10, 0x20, 0x40, 0x81,
    0x02, 0xFE, 0x70, 0xC6, 0x31, 0x8C, 0x65, 0xC8, 0xFE, 0x10, 0x20, 0x40, 0x81, 0x02, 0x04, 0x08,
    0xFC, 0x0C, 0x08, 0x18, 0x30, 0x60, 0xC1, 0x82, 0xD5, 0x55, 0x40, 0xED, 0x6D, 0xB2, 0x40, 0xFE,
    0x43, 0xC3, 0xC3, 0xC3, 0xC3, 0xC3, 0xC3, 0xC3, 0x9E, 0x82, 0x83, 0x83, 0x83, 0x83, 0xC2, 0x46,
    0x3C, 0xD5, 0x40, 0xF8, 0x30, 0x41, 0x04, 0x10, 0x41, 0x04, 0x10, 0x41, 0xF0, 0x60, 0xC1, 0x04,
    0x10, 0xC6, 0xF0, 0x82, 0x08, 0x3F, 0x04, 0x30, 0x82, 0x18, 0x41, 0x0C, 0xFE, 0x43, 0x41, 0x41,
    0x41, 0x41, 0x41, 0x41, 0x7F, 0x9E, 0xE3, 0x61, 0x41, 0x41, 0x41, 0xC1, 0xC3, 0x9C, 0xD5, 0x55,
    0x55, 0xE3, 0x33, 0x33, 0x33, 0xF0, 0xFC, 0x42, 0xC3, 0xC1, 0xC1, 0xC3, 0xC3, 0x66, 0x3C, 0x83,
    0x85, 0x0A, 0x14, 0x6C, 0xC9, 0x1C, 0xF0, 0x79, 0x8A, 0x1C, 0x1C, 0x2C, 0x40, 0x81, 0x02, 0x04,
    0x08, 0x10, 0x79, 0x8A, 0x0C, 0x1C, 0x2C, 0x41, 0x86, 0xF8, 0xC2, 0xC4, 0x89, 0x33, 0x43, 0x04,
    0x0C, 0x08, 0x10, 0x30, 0x60, 0xC6, 0x89, 0x91, 0x23, 0x83, 0x02, 0x06, 0xFC, 0xFF, 0x03, 0x02,
    0xC2, 0xC6, 0xC4, 0xC4, 0xCC, 0xC8, 0xC0, 0xC0, 0xC0, 0xF8, 0x20, 0xC3, 0x0C, 0x30, 0xC3, 0x0C,
    0x88, 0xC4, 0x62, 0x33, 0x1F, 0x0E, 0x0F, 0x06, 0xC6, 0x3E, 0x00, 0xFE, 0x63, 0x61, 0x61, 0x61,
    0x61, 0x61, 0x61, 0xC1, 0x7C, 0x29, 0x60, 0x36, 0x7B, 0x18, 0x30, 0x40, 0x81, 0x04, 0x00, 0x41,
    0x80, 0x79, 0x04, 0x1A, 0x7F, 0x00, 0xF8, 0x73, 0x80, 0x5D, 0x00, 0x99, 0x24, 0x92, 0x4C, 0xC5,
    0x17, 0x90, 0x41, 0x06, 0x18, 0x60, 0x80, 0x93, 0x27, 0xFF, 0x4C, 0x18, 0x10, 0x20, 0x40, 0x80,
    0x31, 0x8C, 0x20, 0x71, 0x84, 0x20, 0xC5, 0xF0, 0x31, 0xE4, 0x71, 0x87, 0x14, 0xDE, 0xF8, 0x20,
    0xC3, 0x0C, 0x10, 0x41, 0x04, 0x10, 0xC1, 0x43, 0x62, 0x22, 0x26, 0x34, 0x14, 0x18, 0x18, 0x18,
    0x08, 0x18, 0x1C, 0x14, 0x34, 0x26, 0x22, 0x62, 0x43, 0xC1, 0x79, 0x28, 0xB2, 0x7C, 0x30, 0x41,
    0x04, 0x10, 0x01, 0x80, 0x24, 0x09, 0x03, 0xC0, 0xF0, 0x24, 0x18, 0xFC, 0xE0, 0x20, 0xC6, 0x93,
    0xC5, 0x27, 0x80, 0x5D, 0x00, 0x99, 0x24, 0x92, 0x4C, 0xC5, 0x17, 0x90, 0x41, 0x06, 0x18, 0x60,
    0x80, 0x93, 0x27, 0xFF, 0x4C, 0x18, 0x10, 0x20, 0x40, 0x80, 0xDD, 0x45, 0xDE, 0x41, 0x06, 0x18,
    0x60, 0x80, 0x30, 0x42, 0x9B, 0x47, 0x18, 0x61, 0x95, 0xF0, 0x76, 0x21, 0x97, 0x99, 0x88, 0x84,
    0x00, 0xC1, 0x43, 0x62, 0x22, 0x26, 0x34, 0x14, 0x18, 0x18, 0x18, 0x08, 0x18, 0x1C, 0x14, 0x34,
    0x26, 0x22, 0x62, 0x43, 0xC1, 0x79, 0x28, 0xB2, 0x7C, 0x30, 0x41, 0x04, 0x10, 0x0C, 0x07, 0x81,
    0x60, 0x48, 0x33, 0x08, 0x47, 0xF9, 0x86, 0x40, 0xB0, 0x30, 0x00, 0x30, 0x0C, 0x00, 0xF8, 0x20,
    0xDF, 0xCE, 0x38, 0xFF, 0x00, 0xC3, 0x00, 0x0C, 0x01, 0x00, 0x80, 0x00, 0x0C, 0x07, 0x81, 0x60,
    0x48, 0x33, 0x08, 0x47, 0xF9, 0x86, 0x40, 0xB0, 0x30, 0x30, 0xC2, 0x3E, 0x08, 0x37, 0xF3, 0x8E,
    0x3F, 0xC0, 0x00, 0x00, 0x20, 0x10, 0x30, 0x12, 0x00, 0x00, 0xC0, 0x78, 0x16, 0x04, 0x83, 0x30,
    0x84, 0x7F, 0x98, 0x64, 0x0B, 0x03, 0x02, 0x08, 0xC2, 0x40, 0x1F, 0x02, 0x06, 0x7D, 0x9A, 0x34,
    0x6F, 0xC0, 0x06, 0x00, 0xC0, 0xC0, 0x48, 0x00, 0x03, 0x01, 0xE0, 0x58, 0x12, 0x0C, 0xC2, 0x11,
    0xFE, 0x61, 0x90, 0x2C, 0x0C, 0x18, 0x23, 0x12, 0x03, 0xE0, 0x83, 0x7F, 0x38, 0xE3, 0xFC, 0x03,
    0x00, 0x40, 0x10, 0x30, 0x12, 0x00, 0x00, 0xC0, 0x78, 0x16, 0x04, 0x83, 0x30, 0x84, 0x7F, 0x98,
    0x64, 0x0B, 0x03, 0x0E, 0x08, 0xC2, 0x40, 0x1F, 0x02, 0x06, 0x7D, 0x9A, 0x34, 0x6F, 0xC0, 0x1E,
    0x01, 0x00, 0x00, 0x30, 0x12, 0x00, 0x00, 0xC0, 0x78, 0x16, 0x04, 0x83, 0x30, 0x84, 0x7F, 0x98,
    0x64, 0x0B, 0x03, 0x01, 0xE0, 0x0C, 0x48, 0x0F, 0x82, 0x0D, 0xFC, 0xE3, 0x8F, 0xF0, 0x00, 0x03,
    0x01, 0x20, 0x00, 0x0C, 0x07, 0x81, 0x60, 0x48, 0x33, 0x08, 0x47, 0xF9, 0x86, 0x40, 0xB0, 0x30,
    0x00, 0x30, 0x0C, 0x00, 0x00, 0xC4, 0x80, 0xF8, 0x20, 0xDF, 0xCE, 0x38, 0xFF, 0x00, 0xC3, 0x00,
    0x02, 0x01, 0x01, 0x20, 0x78, 0x00, 0x00, 0x00, 0xC0, 0x78, 0x16, 0x04, 0x83, 0x30, 0x84, 0x7F,
    0x98, 0x64, 0x0B, 0x03, 0x08, 0x42, 0x12, 0x30, 0x0F, 0x82, 0x0D, 0xFC, 0xE3, 0x8F, 0xF0, 0x10,
    0x02, 0x01, 0x20, 0x78, 0x00, 0x00, 0x00, 0xC0, 0x78, 0x16, 0x04, 0x83, 0x30, 0x84, 0x7F, 0x98,
    0x64, 0x0B, 0x03, 0x41, 0x82, 0x12, 0x30, 0x0F, 0x82, 0x0D, 0xFC, 0xE3, 0x8F, 0xF0, 0x0C, 0x01,
    0x01, 0xA0, 0x78, 0x00, 0x00, 0x00, 0xC0, 0x78, 0x16, 0x04, 0x83, 0x30, 0x84, 0x7F, 0x98, 0x64,
    0x0B, 0x03, 0x30, 0x42, 0x12, 0x30, 0x0F, 0x82, 0x0D, 0xFC, 0xE3, 0x8F, 0xF0, 0x18, 0x05, 0x81,
    0x20, 0x78, 0x00, 0x00, 0x00, 0xC0, 0x78, 0x16, 0x04, 0x83, 0x30, 0x84, 0x7F, 0x98, 0x64, 0x0B,
    0x03, 0x01, 0xE0, 0x12, 0x30, 0x0F, 0x82, 0x0D, 0xFC, 0xE3, 0x8F, 0xF0, 0x12, 0x07, 0x80, 0x00,
    0x00, 0x0C, 0x07, 0x81, 0x60, 0x48, 0x33, 0x08, 0x47, 0xF9, 0x86, 0x40, 0xB0, 0x30, 0x00, 0x30,
    0x0C, 0x00, 0x48, 0xC0, 0x3E, 0x08, 0x37, 0xF3, 0x8E, 0x3F, 0xC0, 0x30, 0xC0, 0xFF, 0x83, 0x06,
    0x0F, 0xD8, 0x30, 0x60, 0xC1, 0xFC, 0x01, 0x81, 0x00, 0x39, 0x9A, 0x17, 0xF8, 0x10, 0x30, 0x3E,
    0x00, 0x60, 0x40, 0x38, 0x10, 0x40, 0x0F, 0xF8, 0x30, 0x60, 0xFD, 0x83, 0x06, 0x0C, 0x1F, 0xC0,
    0x38, 0x20, 0x41, 0xCC, 0xD0, 0xBF, 0xC0, 0x81, 0x81, 0xF0, 0x24, 0xF8, 0x00, 0x0F, 0xF8, 0x30,
    0x60, 0xFD, 0x83, 0x06, 0x0C, 0x1F, 0xC0, 0x7C, 0xB0, 0x01, 0xCC, 0xD0, 0xBF, 0xC0, 0x81, 0x81,
    0xF0, 0x03, 0x16, 0x38, 0x08, 0x00, 0xFE, 0xC0, 0xC0, 0xC0, 0xFC, 0xC0, 0xC0, 0xC0, 0xC0, 0xFE,
    0x03, 0x06, 0x34, 0x68, 0x00, 0x38, 0xCC, 0x84, 0xFE, 0x80, 0x80, 0xC0, 0x7C, 0x00, 0x10, 0x51,
    0xC0, 0x80, 0x3F, 0xE0, 0xC1, 0x83, 0xF6, 0x0C, 0x18, 0x30, 0x7F, 0x18, 0x18, 0xC3, 0x40, 0x07,
    0x33, 0x42, 0xFF, 0x02, 0x06, 0x07, 0xC0, 0x0C, 0x04, 0x51, 0xC0, 0x80, 0x3F, 0xE0, 0xC1, 0x83,
    0xF6, 0x0C, 0x18, 0x30, 0x7F, 0x0E, 0x0C, 0xC3, 0x40, 0x07, 0x33, 0x42, 0xFF, 0x02, 0x06, 0x07,
    0xC0, 0x7C, 0x90, 0x41, 0xC0, 0x80, 0x3F, 0xE0, 0xC1, 0x83, 0xF6, 0x0C, 0x18, 0x30, 0x7F, 0x24,
    0xB0, 0x01, 0x86, 0x80, 0x0E, 0x66, 0x85, 0xFE, 0x04, 0x0C, 0x0F, 0x80, 0x10, 0x70, 0x20, 0x0F,
    0xF8, 0x30, 0x60, 0xFD, 0x83, 0x06, 0x0C, 0x1F, 0xC0, 0x18, 0x10, 0x00, 0x61, 0xA0, 0x03, 0x99,
    0xA1, 0x7F, 0x81, 0x03, 0x03, 0xE0, 0x06, 0x04, 0x00, 0xD8, 0xFF, 0xFF, 0xF0, 0xDB, 0xFF, 0xFC,
    0xFF, 0xFF, 0xF3, 0xC0, 0xF3, 0xFF, 0xFC, 0xF0, 0x0C, 0x0F, 0xC6, 0x1B, 0x02, 0xC0, 0xE0, 0x38,
    0x0F, 0x03, 0xC0, 0x98, 0xE3, 0xE0, 0x00, 0x0C, 0x03, 0x00, 0x39, 0x9B, 0x1C, 0x18, 0x30, 0xF1,
    0x3E, 0x00, 0x20, 0x40, 0x1C, 0x01, 0x00, 0x80, 0x30, 0x3F, 0x18, 0x6C, 0x0B, 0x03, 0x80, 0xE0,
    0x3C, 0x0F, 0x02, 0x63, 0x8F, 0x80, 0x38, 0x30, 0x41, 0xCC, 0xD8, 0xE0, 0xC1, 0x87, 0x89, 0xF0,
    0x00, 0x00, 0x60, 0xB0, 0x30, 0x12, 0x03, 0x03, 0xF1, 0x86, 0xC0, 0xB0, 0x38, 0x0E, 0x03, 0xC0,
    0xF0, 0x26, 0x38, 0xF8, 0x02, 0x06, 0x34, 0x68, 0x00, 0x38, 0xCC, 0xC6, 0x82, 0x82, 0x86, 0xC4,
    0x7C, 0x04, 0x01, 0x80, 0xB0, 0x30, 0x12, 0x03, 0x03, 0xF1, 0x86, 0xC0, 0xB0, 0x38, 0x0E, 0x03,
    0xC0, 0xF0, 0x26, 0x38, 0xF8, 0x00, 0x30, 0x11, 0x86, 0x80, 0x0E, 0x66, 0xC7, 0x06, 0x0C, 0x3C,
    0x4F, 0x80, 0x03, 0x00, 0x40, 0xA0, 0x30, 0x12, 0x03, 0x03, 0xF1, 0x86, 0xC0, 0xB0, 0x38, 0x0E,
    0x03, 0xC0, 0xF0, 0x26, 0x38, 0xF8, 0x0E, 0x0C, 0xD3, 0x40, 0x07, 0x33, 0x63, 0x83, 0x06, 0x1E,
    0x27, 0xC0, 0x1A, 0x09, 0x80, 0x80, 0x30, 0x12, 0x03, 0x03, 0xF1, 0x86, 0xC0, 0xB0, 0x38, 0x0E,
    0x03, 0xC0, 0xF0, 0x26, 0x38, 0xF8, 0x20, 0xF0, 0x01, 0x86, 0x80, 0x0E, 0x66, 0xC7, 0x06, 0x0C,
    0x3C, 0x4F, 0x80, 0x08, 0x07, 0x01, 0x00, 0x30, 0x3F, 0x18, 0x6C, 0x0B, 0x03, 0x80, 0xE0, 0x3C,
    0x0F, 0x02, 0x63, 0x8F, 0x80, 0x00, 0x30, 0x0C, 0x00, 0x00, 0x61, 0xA0, 0x03, 0x99, 0xB1, 0xC1,
    0x83, 0x0F, 0x13, 0xE0, 0x02, 0x04, 0x00, 0x04, 0x01, 0x00, 0x8C, 0x33, 0x3F, 0x98, 0x6C, 0x0B,
    0x03, 0x80, 0xE0, 0x3C, 0x0F, 0x02, 0x63, 0x8F, 0x80, 0x00, 0x18, 0x10, 0x03, 0x3A, 0xCE, 0xC6,
    0x82, 0x82, 0x86, 0xC4, 0x7C, 0x10, 0x02, 0x00, 0x4C, 0x33, 0x3F, 0x98, 0x6C, 0x0B, 0x03, 0x80,
    0xE0, 0x3C, 0x0F, 0x02, 0x63, 0x8F, 0x80, 0x20, 0x20, 0x10, 0x03, 0x3A, 0xCE, 0xC6, 0x82, 0x82,
    0x86, 0xC4, 0x7C, 0x1C, 0x01, 0x00, 0x8C, 0x33, 0x3F, 0x98, 0x6C, 0x0B, 0x03, 0x80, 0xE0, 0x3C,
    0x0F, 0x02, 0x63, 0x8F, 0x80, 0x38, 0x18, 0x13, 0x3A, 0xCE, 0xC6, 0x82, 0x82, 0x86, 0xC4, 0x7C,
    0x1E, 0x00, 0x30, 0xCC, 0xFE, 0x61, 0xB0, 0x2C, 0x0E, 0x03, 0x80, 0xF0, 0x3C, 0x09, 0x8E, 0x3E,
    0x00, 0x34, 0x48, 0x03, 0x3A, 0xCE, 0xC6, 0x82, 0x82, 0x86, 0xC4, 0x7C, 0x00, 0xC3, 0x33, 0xF9,
    0x86, 0xC0, 0xB0, 0x38, 0x0E, 0x03, 0xC0, 0xF0, 0x26, 0x38, 0xF8, 0x00, 0x03, 0x00, 0xC0, 0x03,
    0x3A, 0xCE, 0xC6, 0x82, 0x82, 0x86, 0xC4, 0x7C, 0x00, 0x10, 0x10, 0xC1, 0xC1, 0xC1, 0xC1, 0xC1,
    0xC1, 0xC1, 0xC3, 0x63, 0x3E, 0x00, 0x18, 0x18, 0xC7, 0x1C, 0x71, 0xC7, 0x1C, 0x5F, 0x00, 0xC1,
    0x00, 0x18, 0x0C, 0x08, 0x00, 0xC1, 0xC1, 0xC1, 0xC1, 0xC1, 0xC1, 0xC1, 0xC3, 0x63, 0x3E, 0x38,
    0x61, 0x31, 0xC7, 0x1C, 0x71, 0xC7, 0x17, 0xC0, 0x04, 0x02, 0x01, 0x04, 0x03, 0xC1, 0x30, 0x4C,
    0x13, 0x04, 0xC1, 0x30, 0x4C, 0x13, 0x0C, 0x63, 0x0F, 0x80, 0x00, 0x18, 0x30, 0x01, 0xC7, 0xC4,
    0xC4, 0xC4, 0xC4, 0xC4, 0xC4, 0x7C, 0x10, 0x06, 0x00, 0x84, 0x03, 0xC1, 0x30, 0x4C, 0x13, 0x04,
    0xC1, 0x30, 0x4C, 0x13, 0x0C, 0x63, 0x0F, 0x80, 0x00, 0x20, 0x10, 0x01, 0xC7, 0xC4, 0xC4, 0xC4,
    0xC4, 0xC4, 0xC4, 0x7C, 0x18, 0x03, 0x00, 0x84, 0x03, 0xC1, 0x30, 0x4C, 0x13, 0x04, 0xC1, 0x30,
    0x4C, 0x13, 0x0C, 0x63, 0x0F, 0x80, 0x38, 0x18, 0x11, 0xC7, 0xC4, 0xC4, 0xC4, 0xC4, 0xC4, 0xC4,
    0x7C, 0x3C, 0x00, 0x10, 0x0F, 0x04, 0xC1, 0x30, 0x4C, 0x13, 0x04, 0xC1, 0x30, 0x4C, 0x31, 0x8C,
    0x3E, 0x00, 0x74, 0x58, 0x01, 0xC7, 0xC4, 0xC4, 0xC4, 0xC4, 0xC4, 0xC4, 0x7C, 0x00, 0x40, 0x3C,
    0x13, 0x04, 0xC1, 0x30, 0x4C, 0x13, 0x04, 0xC1, 0x30, 0xC6, 0x30, 0xF8, 0x00, 0x06, 0x01, 0x80,
    0x01, 0xC7, 0xC4, 0xC4, 0xC4, 0xC4, 0xC4, 0xC4, 0x7C, 0x00, 0x30, 0x10, 0x10, 0x0C, 0x01, 0x00,
    0x08, 0x0A, 0x09, 0x04, 0x44, 0x22, 0x0A, 0x02, 0x01, 0x00, 0x80, 0x40, 0x20, 0x20, 0x30, 0x20,
    0x00, 0x10, 0x51, 0x22, 0x44, 0x50, 0xA0, 0x81, 0x02, 0x08, 0x60, 0x41, 0x31, 0x88, 0x86, 0xC1,
    0xC0, 0x40, 0x20, 0x10, 0x08, 0x04, 0x00, 0x01, 0x00, 0x80, 0xC2, 0x8D, 0x1B, 0x22, 0x47, 0x86,
    0x0C, 0x10, 0x6F, 0x88, 0x18, 0x02, 0x02, 0x00, 0x04, 0x13, 0x18, 0x88, 0x6C, 0x1C, 0x04, 0x02,
    0x01, 0x00, 0x80, 0x40, 0x38, 0x30, 0x46, 0x14, 0x68, 0xD9, 0x12, 0x3C, 0x30, 0x60, 0x83, 0x1C,
    0x00, 0x10, 0x1F, 0x00, 0x00, 0x04, 0x13, 0x18, 0x88, 0x6C, 0x1C, 0x04, 0x02, 0x01, 0x00, 0x80,
    0x40, 0x34, 0x90, 0x06, 0x14, 0x68, 0xD9, 0x12, 0x3C, 0x30, 0x60, 0x83, 0x1C, 0x00, 0x00, 0x00,
    0xFF, 0xE0, 0x96, 0x6D, 0x44, 0x44, 0x44, 0x40, 0x5F, 0x49, 0x24, 0x92, 0x00, 0x5F, 0x92, 0x49,
    0x24, 0x80, 0xF0, 0xFC, 0xFE, 0xFF, 0xFE, 0xFF, 0xFE, 0x6A, 0x56, 0x56, 0x4C, 0xA5, 0x20, 0x4A,
    0x55, 0x20, 0x4A, 0x55, 0x20, 0x21, 0x09, 0xF2, 0x10, 0x84, 0x21, 0x08, 0x40, 0x21, 0x09, 0xF2,
    0x10, 0x9F, 0x21, 0x08, 0x40, 0x6F, 0xF6, 0x84, 0x30, 0x84, 0x00, 0x60, 0x80, 0x91, 0x00, 0x91,
    0x00, 0x92, 0x00, 0x62, 0x00, 0x04, 0x00, 0x08, 0xC6, 0x09, 0x29, 0x11, 0x29, 0x11, 0x29, 0x20,
    0xC6, 0x29, 0x44, 0x88, 0x89, 0x14, 0xA0, 0x01, 0x02, 0x04, 0x04, 0x08, 0x10, 0x10, 0x20, 0x20,
    0x40, 0x80, 0x98, 0x0C, 0x93, 0x74, 0x63, 0x18, 0xB8, 0x11, 0x95, 0x2F, 0x88, 0xF3, 0x13, 0x80,
    0x34, 0xE9, 0x96, 0xF1, 0x22, 0x44, 0x74, 0x5D, 0x18, 0xB8, 0x74, 0x62, 0xF1, 0x70, 0x74, 0x63,
    0x18, 0xB8, 0x75, 0x50, 0x69, 0x16, 0x8F, 0xF0, 0x5C, 0x30, 0xF8, 0x11, 0x95, 0x2F, 0x88, 0xF3,
    0x13, 0x80, 0x34, 0xE9, 0x96, 0xF1, 0x22, 0x44, 0x74, 0x5D, 0x18, 0xB8, 0x74, 0x62, 0xF1, 0x70,
    0xFC, 0xF1, 0xBC, 0x2F, 0x4B, 0xD2, 0xF4, 0xBD, 0x0F, 0x42, 0xDF, 0x80, 0x1E, 0x41, 0x07, 0xE4,
    0x08, 0x3E, 0x20, 0x20, 0x3C, 0xFF, 0x84, 0x02, 0x01, 0x40, 0xC1, 0xC0, 0x28, 0x18, 0x38, 0x04,
    0x02, 0x00, 0x70, 0x20, 0xBF, 0x10, 0x8F, 0xD0, 0x41, 0x03, 0xC0, 0xFE, 0x20, 0x27, 0xE0, 0x82,
    0x38, 0x20, 0x20, 0x20, 0x20, 0x78, 0x08, 0x08, 0x13, 0xE8, 0x60, 0xC1, 0x83, 0x09, 0xE0, 0x08,
    0x0A, 0x05, 0x02, 0x82, 0x21, 0x11, 0x04, 0x82, 0x41, 0x40, 0x7F, 0xE0, 0xFF, 0x06, 0x0C, 0x18,
    0x30, 0x60, 0xC1, 0x83, 0x06, 0x0C, 0x10, 0xFF, 0x40, 0x40, 0x20, 0x10, 0x08, 0x04, 0x08, 0x10,
    0x20, 0x40, 0x80, 0xFF, 0xFE, 0x01, 0x02, 0x04, 0x04, 0x08, 0x10, 0x10, 0x20, 0x20, 0x40, 0x80,
    0xC0, 0x01, 0x01, 0x02, 0x02, 0x02, 0x02, 0x44, 0xA4, 0x14, 0x14, 0x08, 0x08, 0x6D, 0x26, 0x4C,
    0x96, 0xC0, 0x1C, 0x82, 0x08, 0x20, 0x82, 0x08, 0x20, 0x82, 0x08, 0x20, 0x8C, 0x00, 0x73, 0x18,
    0x00, 0x07, 0x31, 0x80, 0x04, 0x13, 0xF8, 0x81, 0x1F, 0xC8, 0x20, 0x02, 0x0C, 0x30, 0xC0, 0x30,
    0x0C, 0x02, 0x00, 0x7F, 0x80, 0xC0, 0x60, 0x31, 0x8C, 0x20, 0x00, 0xFE, 0x79, 0xF0, 0x42, 0x08,
    0x41, 0x0F, 0xBF, 0x04, 0x20, 0x84, 0x10, 0x82, 0x10, 0x42, 0x08, 0x41, 0x00, 0x79, 0x06, 0x0C,
    0x0F, 0xB0, 0x60, 0xC1, 0x83, 0x06, 0x0C, 0x10, 0x7A, 0x41, 0x20, 0x90, 0x4F, 0xA4, 0x12, 0x09,
    0x04, 0x82, 0x41, 0x20, 0x90, 0x30, 0x79, 0xE4, 0x10, 0x60, 0x83, 0x04, 0x0F, 0xBE, 0xC1, 0x06,
    0x08, 0x30, 0x41, 0x82, 0x0C, 0x10, 0x60, 0x83, 0x04, 0x10, 0x79, 0xE9, 0x04, 0x12, 0x08, 0x24,
    0x10, 0x4F, 0xBE, 0x90, 0x41, 0x20, 0x82, 0x41, 0x04, 0x82, 0x09, 0x04, 0x12, 0x08, 0x24, 0x10,
    0x30, 0x00, 0x0D, 0x00, 0x14, 0x00, 0x70, 0x01, 0x40, 0x0C, 0xFF, 0xE0, 0x00, 0x00, 0xA0, 0x02,
    0x80, 0x04, 0x00, 0x40, 0x00, 0x20, 0x02, 0x30, 0x01, 0x88, 0x07, 0xC3, 0xFE, 0x38, 0x00, 0x00,
    0x14, 0x00, 0x0F, 0x00, 0x03, 0x00, 0x00, 0x22, 0x33, 0x2E, 0x0A, 0xA4, 0x30, 0xC3, 0x3F, 0x01,
    0x45, 0x08, 0x02, 0x00, 0x0E, 0x00, 0x28, 0x01, 0xC0, 0x00, 0x0D, 0x00, 0x14, 0x00, 0x70, 0x01,
    0x40, 0x0C, 0xFF, 0xE0, 0x02, 0x00, 0x01, 0xC0, 0x00, 0xB0, 0x00, 0xE0, 0x00, 0x00, 0x02, 0x00,
    0x01, 0x00, 0x11, 0x80, 0x0C, 0x40, 0x3E, 0x1F, 0xF1, 0xC0, 0x47, 0x5E, 0x00, 0x62, 0x22, 0x2C,
    0x20, 0xE2, 0x9C, 0x00, 0x03, 0x0C, 0x33, 0xF0, 0xFC, 0x03, 0xC3, 0x86, 0x06, 0x02, 0x53, 0x69,
    0x08, 0x84, 0x20, 0x1C, 0x63, 0xE0, 0xFC, 0x00, 0x78, 0x0F, 0x03, 0x10, 0x61, 0x84, 0xAF, 0xDA,
    0x08, 0x40, 0x84, 0x04, 0x00, 0x71, 0x81, 0xF0, 0x78, 0x06, 0x07, 0x1C, 0xE0, 0x00, 0x14, 0x3C,
    0x18, 0x78, 0x01, 0x80, 0x70, 0x7C, 0xE1, 0xC0, 0x02, 0x80, 0xF0, 0x18, 0x00, 0x43, 0x95, 0xC0,
    0x18, 0x41, 0x08, 0x63, 0xF0, 0x40, 0x70, 0x58, 0xE0, 0x00, 0x30, 0x10, 0x18, 0x08, 0x0C, 0x8C,
    0xFF, 0x21, 0x14, 0xA0, 0x18, 0x42, 0x18, 0x84, 0xCC, 0x00, 0x20, 0x41, 0x42, 0x80, 0x06, 0x04,
    0x0C, 0x18, 0x3C, 0x43, 0x0C, 0x00, 0x41, 0xD2, 0xE0, 0x00, 0xC2, 0x10, 0xC4, 0x26, 0x60, 0x40,
    0xE1, 0x23, 0x80, 0x00, 0x0C, 0x08, 0x18, 0x30, 0x78, 0x86, 0x18, 0x00, 0x00, 0x08, 0x00, 0xC0,
    0x18, 0x01, 0x00, 0x18, 0x00, 0x21, 0x00, 0x88, 0x02, 0xC0, 0x12, 0x00, 0x8F, 0xF8, 0x00, 0x08,
    0x00, 0x30, 0x01, 0x80, 0x04, 0x00, 0x18, 0x00, 0x18, 0x10, 0x18, 0x20, 0x18, 0xC0, 0x18, 0x80,
    0x30, 0xFF, 0x98, 0x04, 0x33, 0x10, 0xC0, 0x81, 0x02, 0x08, 0x2F, 0x00, 0x04, 0x0C, 0x30, 0x40,
    0xC0, 0x60, 0x30, 0x18, 0x08, 0x0C, 0xF3, 0x00, 0x30, 0x03, 0x40, 0x66, 0x00, 0xC0, 0x08, 0x00,
    0xC0, 0x01, 0x08, 0x04, 0x40, 0x16, 0x00, 0x90, 0x04, 0x7F, 0xC0, 0x00, 0x30, 0x00, 0xD0, 0x06,
    0x60, 0x03, 0x00, 0x08, 0x00, 0x30, 0x00, 0x30, 0x20, 0x30, 0x40, 0x31, 0x80, 0x31, 0x00, 0x61,
    0xFF, 0x30, 0x08, 0xDC, 0xCC, 0x43, 0x02, 0x04, 0x08, 0x20, 0xBC, 0x08, 0x34, 0xCC, 0x30, 0x40,
    0xC0, 0x60, 0x30, 0x18, 0x08, 0x0C, 0xF3, 0x01, 0x80, 0x24, 0x09, 0x03, 0xC0, 0xF0, 0x24, 0x18,
    0xFC, 0x00, 0x84, 0x08, 0x40, 0xCC, 0x0F, 0xC0, 0x84, 0x18, 0x3F, 0x00, 0x20, 0xC6, 0x93, 0xC5,
    0x27, 0x80, 0x38, 0x48, 0xC8, 0xC4, 0x47, 0x64, 0x93, 0x92, 0x40, 0x61, 0xCC, 0xA1, 0x43, 0x82,
    0x00, 0x0C, 0x0F, 0x04, 0xC2, 0x71, 0x28, 0xE7, 0xFE, 0x0E, 0x02, 0xC1, 0x90, 0x4C, 0x16, 0x3F,
    0xF1, 0x10, 0x64, 0x0F, 0x00, 0x30, 0x38, 0x6C, 0x4E, 0x69, 0x39, 0xFE, 0x1C, 0x34, 0x24, 0x64,
    0x58, 0xFF, 0x62, 0x22, 0x3C, 0x08, 0x00, 0x70, 0x03, 0x60, 0x19, 0x00, 0xC0, 0x01, 0x00, 0x13,
    0xFF, 0x80, 0x1F, 0xB0, 0x20, 0x18, 0x03, 0xF8, 0x30, 0x01, 0x00, 0x07, 0x00, 0x02, 0x00, 0x1C,
    0x00, 0xD8, 0x06, 0x40, 0x30, 0x00, 0x40, 0x04, 0xFF, 0xE0, 0x30, 0x20, 0x1C, 0x00, 0x01, 0xFB,
    0x02, 0x01, 0x80, 0x3F, 0x80, 0x01, 0xE0, 0x60, 0x08, 0x21, 0x04, 0x19, 0x80, 0xF0, 0x12, 0x06,
    0x3F, 0x80, 0x40, 0x04, 0x18, 0xC0, 0x7C, 0x06, 0x40, 0x43, 0xF8, 0x22, 0x33, 0x2E, 0x0A, 0xB0,
    0x30, 0xC3, 0x3F, 0x01, 0x45, 0x80, 0x79, 0x04, 0x1A, 0x7F, 0x00, 0x45, 0xC0, 0x42, 0x10, 0x84,
    0x21, 0x08, 0x63, 0x00, 0x42, 0xE0, 0x08, 0x20, 0x82, 0x08, 0x30, 0xC3, 0x0C, 0x30, 0x70, 0xD3,
    0x84, 0x92, 0x49, 0x26, 0xC0, 0xC4, 0x38, 0x04, 0x21, 0x08, 0x43, 0x18, 0xC6, 0x30, 0xE0, 0x62,
    0x1C, 0x07, 0x6A, 0x31, 0xF8, 0xCD, 0xC0, 0x60, 0x81, 0xC0, 0x07, 0x1B, 0x22, 0x44, 0x7E, 0x30,
    0xC7, 0x00, 0x92, 0x49, 0x24, 0xDB, 0x0D, 0x38, 0x88, 0x88, 0x8C, 0xCC, 0xCC, 0x70, 0xC8, 0xE0,
    0x31, 0xE4, 0x60, 0xE8, 0x21, 0x04, 0x19, 0x80, 0xF0, 0x12, 0x06, 0x3F, 0x80, 0x30, 0x02, 0x00,
    0x38, 0x04, 0x00, 0x41, 0x8C, 0x07, 0xC0, 0x64, 0x04, 0x3F, 0x80, 0x73, 0x86, 0x49, 0x38, 0x61,
    0x07, 0x00, 0x30, 0x82, 0x37, 0xAA, 0xAA, 0xFC, 0x88, 0x88, 0x8C, 0xCC, 0xCC, 0x70, 0x00, 0x0D,
    0x00, 0x14, 0x00, 0x70, 0x01, 0x40, 0x0C, 0xFF, 0xE0, 0x00, 0x00, 0x40, 0x01, 0x00, 0x40, 0x00,
    0x20, 0x02, 0x30, 0x01, 0x88, 0x07, 0xC3, 0xFE, 0x38, 0x00, 0x00, 0x08, 0x00, 0x06, 0x00, 0x64,
    0x93, 0x82, 0x40, 0x30, 0x82, 0x37, 0x00, 0x82, 0x00, 0x78, 0xA0, 0x08, 0x31, 0xA4, 0xF1, 0x49,
    0xE0, 0x28, 0x28, 0x00, 0x08, 0x08, 0x3C, 0x4C, 0xCC, 0x7C, 0x3C, 0x07, 0x02, 0x80, 0x0A, 0x00,
    0x00, 0xD0, 0x01, 0x40, 0x07, 0x00, 0x14, 0x00, 0xCF, 0xFE, 0x02, 0x80, 0x01, 0x40, 0x00, 0x00,
    0x08, 0x00, 0x04, 0x00, 0x46, 0x00, 0x31, 0x00, 0xF8, 0x7F, 0xC7, 0xFA, 0x06, 0x22, 0x22, 0xC0,
    0x79, 0x40, 0x0C, 0x30, 0xCF, 0xC0, 0x01, 0x00, 0x04, 0x00, 0x28, 0x00, 0xA0, 0x00, 0x0D, 0x00,
    0x14, 0x00, 0x70, 0x01, 0x40, 0x0C, 0xFF, 0xE0, 0x01, 0x00, 0x00, 0x80, 0x00, 0xA0, 0x00, 0x50,
    0x00, 0x00, 0x02, 0x00, 0x01, 0x00, 0x11, 0x80, 0x0C, 0x40, 0x3E, 0x1F, 0xF1, 0xC0, 0x46, 0xFA,
    0x06, 0x22, 0x22, 0xC0, 0x20, 0xC7, 0x94, 0x00, 0xC3, 0x0C, 0xFC, 0xF8, 0x03, 0xC3, 0x86, 0x06,
    0x02, 0x03, 0x11, 0x08, 0x80, 0x60, 0x1C, 0x63, 0xE0, 0xF8, 0x01, 0xE0, 0xE0, 0xC8, 0x63, 0x10,
    0x7C, 0x42, 0x10, 0x80, 0x30, 0x07, 0x18, 0x7C, 0x78, 0x06, 0x07, 0x1C, 0xE0, 0x00, 0x08, 0x18,
    0x78, 0x01, 0x80, 0x70, 0x7C, 0xE1, 0xC0, 0x01, 0x00, 0x60, 0xF8, 0x03, 0xC3, 0x86, 0x06, 0x02,
    0x03, 0x01, 0x00, 0x80, 0x60, 0x1C, 0x63, 0xE0, 0xF8, 0x01, 0xE0, 0xE0, 0xC8, 0x63, 0x10, 0x7C,
    0x02, 0x00, 0x80, 0x30, 0x07, 0x18, 0x7C, 0x78, 0x06, 0x07, 0x1C, 0xE0, 0x78, 0x01, 0x80, 0x70,
    0x7C, 0xE1, 0xC0, 0x08, 0x04, 0x00, 0x1F, 0x00, 0x78, 0x70, 0xC0, 0xC0, 0x40, 0x60, 0x20, 0x10,
    0x0C, 0x03, 0x8C, 0x7C, 0x08, 0x02, 0x00, 0x03, 0xE0, 0x07, 0x83, 0x83, 0x21, 0x8C, 0x41, 0xF0,
    0x08, 0x02, 0x00, 0xC0, 0x1C, 0x61, 0xF0, 0x20, 0x20, 0x00, 0x78, 0x06, 0x07, 0x1C, 0xE0, 0x20,
    0x08, 0x00, 0x01, 0xE0, 0x06, 0x01, 0xC1, 0xF3, 0x87, 0x30, 0x82, 0x10, 0xC7, 0xE0, 0x30, 0x10,
    0x18, 0x08, 0x0C, 0x8C, 0xFF, 0x61, 0x00, 0x61, 0x04, 0x21, 0x8F, 0xC0, 0x20, 0x20, 0x00, 0x30,
    0x10, 0x18, 0x08, 0x0C, 0x8C, 0xFF, 0x30, 0x84, 0x31, 0x09, 0x98, 0x30, 0x20, 0x60, 0xC1, 0xE2,
    0x18, 0x60, 0x21, 0x00, 0x61, 0x08, 0x62, 0x13, 0x30, 0x20, 0x40, 0x01, 0x81, 0x03, 0x06, 0x0F,
    0x10, 0xC3, 0x00, 0x00, 0x01, 0x80, 0x00, 0x40, 0x23, 0x28, 0x11, 0x14, 0x0C, 0x8E, 0x07, 0xBF,
    0x02, 0x00, 0x83, 0x00, 0x3F, 0x00, 0x00, 0x00, 0x00, 0x80, 0x08, 0xC8, 0x40, 0x88, 0x84, 0x0C,
    0x8C, 0xC0, 0xF7, 0x7C, 0x08, 0x00, 0x41, 0x80, 0x03, 0xF0, 0x00, 0x00, 0x40, 0x0C, 0x88, 0x91,
    0x16, 0x63, 0xBB, 0x80, 0x00, 0x20, 0x88, 0x82, 0x22, 0x19, 0x8C, 0xDD, 0xDC, 0x00, 0x08, 0x00,
    0x04, 0x00, 0x05, 0x00, 0x02, 0x80, 0x00, 0x18, 0x00, 0x04, 0x02, 0x32, 0x81, 0x11, 0x40, 0xC8,
    0xE0, 0x7B, 0xF0, 0x20, 0x08, 0x30, 0x03, 0xF0, 0x00, 0x00, 0x08, 0x00, 0x00, 0x80, 0x00, 0x14,
    0x00, 0x01, 0x40, 0x00, 0x00, 0x00, 0x00, 0x08, 0x00, 0x8C, 0x84, 0x08, 0x88, 0x40, 0xC8, 0xCC,
    0x0F, 0x77, 0xC0, 0x80, 0x04, 0x18, 0x00, 0x3F, 0x00, 0x00, 0x02, 0x00, 0x40, 0x14, 0x02, 0x80,
    0x04, 0x00, 0xC8, 0x89, 0x11, 0x66, 0x3B, 0xB8, 0x02, 0x00, 0x08, 0x00, 0x50, 0x01, 0x40, 0x00,
    0x00, 0x00, 0x82, 0x22, 0x08, 0x88, 0x66, 0x33, 0x77, 0x70, 0x00, 0x01, 0x80, 0x00, 0xFC, 0x02,
    0x30, 0xA0, 0x4C, 0x14, 0x0D, 0x05, 0x81, 0xFF, 0x30, 0x20, 0x02, 0x0C, 0x00, 0x3F, 0x00, 0x00,
    0x00, 0x01, 0x80, 0x00, 0x3F, 0x00, 0x23, 0x08, 0x81, 0x30, 0x44, 0x0D, 0x04, 0x60, 0x7F, 0xDF,
    0x02, 0x00, 0x08, 0x30, 0x00, 0x3F, 0x00, 0x00, 0x00, 0x20, 0x0F, 0x88, 0xC2, 0x4C, 0x16, 0x41,
    0x6F, 0xF0, 0x00, 0x20, 0x03, 0xE0, 0x8C, 0x21, 0x30, 0x46, 0x41, 0x1B, 0xFD, 0xC0, 0x00, 0x01,
    0x80, 0x00, 0x20, 0x00, 0x00, 0x00, 0x00, 0xC0, 0x00, 0x7E, 0x01, 0x18, 0x50, 0x26, 0x0A, 0x06,
    0x82, 0xC0, 0xFF, 0x98, 0x10, 0x01, 0x06, 0x00, 0x1F, 0x80, 0x00, 0x00, 0x01, 0x80, 0x00, 0x08,
    0x00, 0x00, 0x00, 0x00, 0x03, 0x00, 0x00, 0x7E, 0x00, 0x46, 0x11, 0x02, 0x60, 0x88, 0x1A, 0x08,
    0xC0, 0xFF, 0xBE, 0x04, 0x00, 0x10, 0x60, 0x00, 0x7E, 0x00, 0x00, 0x00, 0x60, 0x02, 0x00, 0x00,
    0x00, 0x40, 0x1F, 0x11, 0x84, 0x98, 0x2C, 0x82, 0xDF, 0xE0, 0x00, 0x60, 0x00, 0x80, 0x00, 0x00,
    0x01, 0x00, 0x1F, 0x04, 0x61, 0x09, 0x82, 0x32, 0x08, 0xDF, 0xEE, 0x10, 0x02, 0x00, 0x40, 0x08,
    0x01, 0x00, 0x21, 0x04, 0xF8, 0xE1, 0x18, 0x22, 0x0F, 0xFE, 0x00, 0x10, 0x00, 0x80, 0x04, 0x00,
    0x20, 0x01, 0x00, 0x08, 0x40, 0x4F, 0x83, 0x84, 0x18, 0x20, 0x83, 0x3F, 0xEE, 0x40, 0x20, 0x10,
    0x08, 0x04, 0x03, 0x11, 0xBE, 0xF1, 0x60, 0xB0, 0xFF, 0x80, 0x40, 0x08, 0x01, 0x00, 0x20, 0x04,
    0x00, 0xC4, 0x1B, 0xE3, 0xC4, 0x60, 0x8C, 0x33, 0xFB, 0x80, 0x10, 0x02, 0x00, 0x42, 0x08, 0x41,
    0x00, 0x21, 0x04, 0xF8, 0xE1, 0x18, 0x22, 0x0F, 0xFE, 0x00, 0x10, 0x00, 0x80, 0x04, 0x40, 0x22,
    0x01, 0x00, 0x08, 0x40, 0x4F, 0x83, 0x84, 0x18, 0x20, 0x83, 0x3F, 0xEE, 0x40, 0x20, 0x11, 0x88,
    0x44, 0x03, 0x11, 0xBE, 0xF1, 0x60, 0xB0, 0xFF, 0x80, 0x40, 0x08, 0x01, 0x18, 0x21, 0x04, 0x00,
    0xC4, 0x1B, 0xE3, 0xC4, 0x60, 0x8C, 0x33, 0xFB, 0x80, 0x78, 0x20, 0x10, 0x0C, 0x83, 0xC1, 0x01,
    0x01, 0x80, 0x80, 0x40, 0x30, 0x0E, 0x31, 0xF0, 0x3C, 0x23, 0x19, 0x07, 0x81, 0xC1, 0x3D, 0x01,
    0x80, 0x80, 0x60, 0x18, 0xC7, 0xC0, 0x18, 0x79, 0x82, 0x06, 0x07, 0xFE, 0x00, 0x3C, 0x23, 0x19,
    0x06, 0x81, 0x87, 0x3C, 0x10, 0x08, 0x00, 0x00, 0x07, 0x82, 0x01, 0x00, 0xC8, 0x3C, 0x10, 0x10,
    0x18, 0x08, 0x04, 0x03, 0x00, 0xE3, 0x1F, 0x00, 0x08, 0x04, 0x00, 0x07, 0x84, 0x63, 0x20, 0xF0,
    0x38, 0x27, 0xA0, 0x30, 0x10, 0x0C, 0x03, 0x18, 0xF8, 0x18, 0x20, 0x00, 0xC3, 0xCC, 0x10, 0x30,
    0x3F, 0xF0, 0x18, 0x04, 0x00, 0x07, 0x84, 0x63, 0x20, 0xD0, 0x30, 0xE7, 0x80, 0x00, 0x10, 0x00,
    0x40, 0x00, 0x00, 0x04, 0x00, 0x38, 0x01, 0x94, 0x04, 0x50, 0x1F, 0xC0, 0x3D, 0x00, 0x33, 0xFF,
    0x80, 0x00, 0x08, 0x00, 0x04, 0x00, 0x00, 0x00, 0x03, 0xC4, 0x03, 0x22, 0x01, 0x13, 0x00, 0xC8,
    0x80, 0x3C, 0x3F, 0xFF, 0x80, 0x10, 0x40, 0x04, 0x39, 0x94, 0x5F, 0x3C, 0x2F, 0x00, 0x10, 0x10,
    0x00, 0x3C, 0x64, 0x44, 0x64, 0x38, 0xFF, 0x03, 0x40, 0x28, 0x00, 0x00, 0xE0, 0x36, 0x84, 0x50,
    0xCA, 0x0F, 0xC0, 0x68, 0x09, 0xCE, 0x0F, 0x00, 0x01, 0x40, 0x0A, 0x00, 0x00, 0x03, 0x80, 0x36,
    0x01, 0x11, 0x08, 0x88, 0x3F, 0xC0, 0x22, 0x02, 0x18, 0x70, 0x7E, 0x00, 0x28, 0xA0, 0x04, 0x39,
    0x94, 0x5F, 0x3C, 0x2F, 0x00, 0x2C, 0x28, 0x00, 0x3C, 0x64, 0x44, 0x64, 0x38, 0xFF, 0x00, 0x10,
    0x01, 0x00, 0x10, 0x11, 0x02, 0x10, 0x31, 0x41, 0x14, 0x61, 0xC0, 0x14, 0x03, 0x3F, 0xE0, 0x00,
    0x10, 0x00, 0x20, 0x00, 0x40, 0x08, 0x80, 0x21, 0x00, 0x62, 0x10, 0x44, 0x23, 0x08, 0xC0, 0x10,
    0x80, 0x70, 0xFF, 0xB8, 0x04, 0x33, 0x10, 0xC0, 0x81, 0x02, 0x08, 0x2F, 0x00, 0x04, 0x0C, 0x30,
    0x40, 0xC0, 0x60, 0x30, 0x18, 0x08, 0x0C, 0xF3, 0x00, 0x80, 0x40, 0x20, 0x10, 0x08, 0x04, 0x02,
    0x01, 0x40, 0xA0, 0x70, 0x38, 0x14, 0x19, 0xF8, 0x00, 0x80, 0x08, 0x00, 0x80, 0x08, 0x00, 0x80,
    0x08, 0x00, 0x80, 0x08, 0x40, 0xC4, 0x0C, 0xC0, 0xBC, 0x08, 0x41, 0x83, 0xF0, 0x64, 0x92, 0x49,
    0x27, 0x00, 0x61, 0x08, 0x42, 0x10, 0x84, 0x21, 0xB6, 0x18, 0x79, 0x18, 0x17, 0xE8, 0x70, 0x60,
    0xC0, 0x81, 0x02, 0x00, 0x1C, 0x13, 0x18, 0x9E, 0x69, 0xFC, 0x02, 0x01, 0x80, 0x40, 0x20, 0x10,
    0x00, 0x1C, 0x4C, 0x8B, 0x1D, 0xC0, 0x1C, 0x13, 0x08, 0x8E, 0x6D, 0xF8, 0x0C, 0x02, 0x00, 0x18,
    0x02, 0x40, 0x90, 0x3C, 0x0F, 0x02, 0x41, 0x8F, 0xC0, 0x0C, 0x00, 0x80, 0x00, 0x00, 0x08, 0x40,
    0x84, 0x0C, 0xC0, 0xFC, 0x08, 0x41, 0x83, 0xF0, 0x68, 0x32, 0x49, 0xC0, 0x20, 0x80, 0x0C, 0x20,
    0x8D, 0xC0, 0x20, 0xC6, 0x93, 0xC5, 0x27, 0x80, 0x08, 0x08, 0x3C, 0x4C, 0xCC, 0x7C, 0x3C, 0x07,
    0x30, 0x38, 0x6C, 0x4E, 0x69, 0x39, 0xFE, 0x1C, 0x34, 0x24, 0x64, 0x58, 0xFF, 0x62, 0x22, 0x3C,
    0x76, 0xA3, 0x1F, 0x8C, 0xDC, 0x71, 0xB2, 0x24, 0x47, 0xE3, 0x0C, 0x70, 0x01, 0xE0, 0x60, 0x08,
    0x21, 0x04, 0x19, 0x80, 0xF0, 0x12, 0x06, 0x3F, 0x80, 0x40, 0x04, 0x18, 0xC0, 0x7C, 0x06, 0x40,
    0x43, 0xF8, 0x01, 0xE0, 0x60, 0x08, 0x21, 0x04, 0x19, 0x80, 0xF0, 0x12, 0x06, 0x3F, 0x80, 0x00,
    0x28, 0x05, 0x00, 0x40, 0x04, 0x18, 0xC0, 0x7C, 0x06, 0x40, 0x43, 0xF8, 0x00, 0x01, 0x40, 0x1E,
    0x00, 0x22, 0x33, 0x2E, 0x0A, 0xB0, 0x30, 0xC3, 0x3F, 0x01, 0x45, 0x80, 0x40, 0x5C, 0x80, 0x44,
    0x23, 0x10, 0xC8, 0x1C, 0x04, 0x07, 0x06, 0x46, 0x63, 0xE0, 0x40, 0x17, 0x20, 0x04, 0x00, 0x82,
    0x10, 0x22, 0x02, 0x40, 0x28, 0x07, 0x00, 0x60, 0x1E, 0x1E, 0x70, 0xC0, 0x80, 0xE2, 0x02, 0x42,
    0x62, 0x32, 0x0E, 0x04, 0x0E, 0x19, 0x33, 0x3E, 0xC0, 0x20, 0x0E, 0x20, 0x08, 0x02, 0x10, 0x82,
    0x20, 0x48, 0x0A, 0x03, 0x80, 0x60, 0x3C, 0x79, 0xC0, 0x04, 0x0A, 0x16, 0x26, 0x43, 0x82, 0x0E,
    0x32, 0xCD, 0xF0, 0x0C, 0x10, 0x38, 0x00, 0x04, 0x02, 0x01, 0x10, 0x84, 0x41, 0x20, 0x50, 0x38,
    0x0C, 0x0F, 0x3C, 0xE0, 0x06, 0x02, 0x01, 0xC0, 0x04, 0x0A, 0x16, 0x26, 0x43, 0x82, 0x0E, 0x32,
    0xCD, 0xF0, 0x04, 0x02, 0x01, 0x10, 0x84, 0x41, 0x20, 0x50, 0x38, 0x0C, 0x0F, 0x3C, 0xE0,
};

static const EpdGlyph ubuntu_c15_regularGlyphs[] = {
    { 1, 1, 0, 0, 1, 1, 0 }, // U+0000
    { 1, 1, 0, 0, 1, 1, 1 }, // U+0008
    { 1, 1, 48, 0, 1, 1, 2 }, // U+0009
    { 1, 1, 48, 0, 1, 1, 3 }, // U+000D
    { 1, 1, 0, 0, 1, 1, 4 }, // U+001D
    { 1, 1, 48, 0, 1, 1, 5 }, // U+0020
    { 1, 10, 64, 1, 10, 2, 6 }, // !
    { 4, 4, 96, 1, 12, 2, 8 }, // "
    { 8, 11, 160, 1, 11, 11, 10 }, // #
    { 6, 14, 128, 1, 12, 11, 21 }, // $
    { 11, 11, 208, 1, 11, 16, 32 }, // %
    { 9, 11, 160, 1, 11, 13, 48 }, // &
    { 1, 4, 64, 1, 12, 1, 61 }, // '
    { 4, 15, 80, 1, 12, 8, 62 }, // (
    { 4, 15, 80, 0, 12, 8, 70 }, // )
    { 7, 6, 112, 0, 10, 6, 78 }, // *
    { 7, 7, 128, 0, 8, 7, 84 }, // +
    { 2, 4, 64, 0, 2, 1, 91 }, // ,
    { 4, 1, 96, 1, 5, 1, 92 }, // -
    { 1, 2, 64, 1, 2, 1, 93 }, // .
    { 6, 15, 96, 0, 12, 12, 94 }, // /
    { 6, 10, 128, 1, 10, 8, 106 }, // 0
    { 4, 10, 128, 1, 10, 5, 114 }, // 1
    { 6, 10, 128, 1, 10, 8, 119 }, // 2
    { 6, 10, 128, 1, 10, 8, 127 }, // 3
    { 6, 10, 128, 1, 10, 8, 135 }, // 4
    { 6, 10, 128, 1, 10, 8, 143 }, // 5
    { 6, 10, 128, 1, 10, 8, 151 }, // 6
    { 6, 10, 128, 1, 10, 8, 159 }, // 7
    { 6, 10, 128, 1, 10, 8, 167 }, // 8
    { 6, 10, 128, 1, 10, 8, 175 }, // 9
    { 1, 8, 64, 1, 8, 1, 183 }, // :
    { 2, 10, 64, 0, 8, 3, 184 }, // ;
    { 7, 7, 128, 0, 8, 7, 187 }, // <
    { 7, 4, 128, 0, 6, 4, 194 }, // =
    { 7, 7, 128, 1, 8, 7, 198 }, // >
    { 5, 10, 96, 1, 10, 7, 205 }, // ?
    { 12, 13, 224, 1, 11, 20, 212 }, // @
    { 9, 11, 144, 0, 11, 13, 232 }, // A
    { 8, 11, 160, 1, 11, 11, 245 }, // B
    { 8, 11, 160, 1, 11, 11, 256 }, // C
    { 9, 11, 176, 1, 11, 13, 267 }, // D
    { 7, 11, 144, 1, 11, 10, 280 }, // E
    { 6, 11, 128, 1, 11, 9, 290 }, // F
    { 8, 11, 160, 1, 11, 11, 299 }, // G
    { 9, 11, 176, 1, 11, 13, 310 }, // H
    { 1, 11, 48, 1, 11, 2, 323 }, // I
    { 7, 11, 128, 0, 11, 10, 325 }, // J
    { 7, 11, 144, 1, 11, 10, 335 }, // K
    { 7, 11, 128, 1, 11, 10, 345 }, // L
    { 11, 11, 208, 1, 11, 16, 355 }, // M
    { 9, 11, 176, 1, 11, 13, 371 }, // N
    { 10, 11, 192, 1, 11, 14, 384 }, // O
    { 7, 11, 144, 1, 11, 10, 398 }, // P
    { 10, 14, 192, 1, 11, 18, 408 }, // Q
    { 7, 11, 128, 1, 11, 10, 426 }, // R
    { 6, 11, 128, 1, 11, 9, 436 }, // S
    { 9, 11, 144, 0, 11, 13, 445 }, // T
    { 8, 11, 160, 1, 11, 11, 458 }, // U
    { 9, 11, 144, 0, 11, 13, 469 }, // V
    { 13, 11, 208, 0, 11, 18, 482 }, // W
    { 9, 11, 128, 0, 11, 13, 500 }, // X
    { 9, 11, 144, 0, 11, 13, 513 }, // Y
    { 7, 11, 144, 1, 11, 10, 526 }, // Z
    { 4, 15, 80, 1, 12, 8, 536 }, // [
    { 6, 15, 96, 0, 12, 12, 544 }, // <backslash>
    { 4, 15, 80, 0, 12, 8, 556 }, // ]
    { 7, 6, 128, 1, 10, 6, 564 }, // ^
    { 7, 1, 112, 0, -2, 1, 570 }, // _
    { 3, 3, 96, 1, 12, 2, 571 }, // `
    { 6, 8, 128, 1, 8, 6, 573 }, // a
    { 7, 12, 144, 1, 12, 11, 579 }, // b
    { 6, 8, 128, 1, 8, 6, 590 }, // c
    { 7, 12, 144, 1, 12, 11, 596 }, // d
    { 7, 8, 144, 1, 8, 7, 607 }, // e
    { 5, 12, 96, 1, 12, 8, 614 }, // f
    { 7, 11, 144, 1, 8, 10, 622 }, // g
    { 7, 12, 144, 1, 12, 11, 632 }, // h
    { 1, 11, 48, 1, 11, 2, 643 }, // i
    { 3, 14, 48, -1, 11, 6, 645 }, // j
    { 6, 12, 128, 1, 12, 9, 651 }, // k
    { 3, 12, 64, 1, 12, 5, 660 }, // l
    { 11, 8, 208, 1, 8, 11, 665 }, // m
    { 7, 8, 144, 1, 8, 7, 676 }, // n
    { 7, 8, 144, 1, 8, 7, 683 }, // o
    { 7, 11, 144, 1, 8, 10, 690 }, // p
    { 7, 11, 144, 1, 8, 10, 700 }, // q
    { 5, 8, 96, 1, 8, 5, 710 }, // r
    { 5, 8, 112, 1, 8, 5, 715 }, // s
    { 4, 10, 96, 1, 10, 5, 720 }, // t
    { 7, 8, 144, 1, 8, 7, 725 }, // u
    { 7, 8, 112, 0, 8, 7, 732 }, // v
    { 13, 8, 208, 0, 8, 13, 739 }, // w
    { 8, 8, 128, 0, 8, 8, 752 }, // x
    { 7, 11, 112, 0, 8, 10, 760 }, // y
    { 5, 8, 112, 1, 8, 5, 770 }, // z
    { 5, 15, 80, 0, 12, 10, 775 }, // {
    { 1, 15, 64, 1, 12, 2, 785 }, // |
    { 5, 15, 80, 0, 12, 10, 787 }, // }
    { 7, 2, 128, 1, 6, 2, 797 }, // ~
    { 1, 1, 48, 0, 1, 1, 799 }, // U+00A0
    { 1, 11, 64, 1, 8, 2, 800 }, // U+00A1
    { 6, 12, 128, 1, 10, 9, 802 }, // U+00A2
    { 6, 11, 128, 1, 11, 9, 811 }, // U+00A3
    { 8, 8, 128, 0, 9, 8, 820 }, // U+00A4
    { 7, 11, 112, 0, 11, 10, 828 }, // U+00A5
    { 1, 15, 64, 1, 12, 2, 838 }, // U+00A6
    { 5, 12, 112, 1, 11, 8, 840 }, // U+00A7
    { 3, 2, 96, 1, 11, 1, 848 }, // U+00A8
    { 10, 11, 192, 1, 11, 14, 849 }, // U+00A9
    { 4, 6, 96, 1, 10, 3, 863 }, // U+00AA
    { 6, 7, 112, 0, 8, 6, 866 }, // U+00AB
    { 6, 5, 128, 1, 6, 4, 872 }, // U+00AC
    { 4, 1, 96, 1, 5, 1, 876 }, // U+00AD
    { 10, 11, 192, 1, 11, 14, 877 }, // U+00AE
    { 4, 1, 96, 1, 11, 1, 891 }, // U+00AF
    { 4, 4, 80, 1, 11, 2, 892 }, // U+00B0
    { 6, 9, 128, 1, 9, 7, 894 }, // U+00B1
    { 4, 6, 80, 0, 11, 3, 901 }, // U+00B2
    { 5, 6, 80, -1, 11, 4, 904 }, // U+00B3
    { 3, 3, 96, 2, 12, 2, 908 }, // U+00B4
    { 6, 11, 144, 1, 8, 9, 910 }, // U+00B5
    { 7, 14, 160, 1, 11, 13, 919 }, // U+00B6
    { 1, 2, 64, 1, 6, 1, 932 }, // U+00B7
    { 3, 3, 96, 1, 0, 2, 933 }, // U+00B8
    { 2, 6, 80, 1, 11, 2, 935 }, // U+00B9
    { 5, 5, 112, 1, 10, 4, 937 }, // U+00BA
    { 6, 7, 112, 0, 8, 6, 941 }, // U+00BB
    { 12, 11, 208, 1, 11, 17, 947 }, // U+00BC
    { 11, 11, 208, 1, 11, 16, 964 }, // U+00BD
    { 14, 11, 208, -1, 11, 20, 980 }, // U+00BE
    { 5, 11, 96, 1, 8, 7, 1000 }, // U+00BF
    { 9, 15, 144, 0, 15, 17, 1007 }, // U+00C0
    { 9, 15, 144, 0, 15, 17, 1024 }, // U+00C1
    { 9, 15, 144, 0, 15, 17, 1041 }, // U+00C2
    { 9, 14, 144, 0, 14, 16, 1058 }, // U+00C3
    { 9, 14, 144, 0, 14, 16, 1074 }, // U+00C4
    { 9, 14, 144, 0, 14, 16, 1090 }, // U+00C5
    { 13, 11, 224, 0, 11, 18, 1106 }, // U+00C6
    { 8, 14, 160, 1, 11, 14, 1124 }, // U+00C7
    { 7, 15, 144, 1, 15, 14, 1138 }, // U+00C8
    { 7, 15, 144, 1, 15, 14, 1152 }, // U+00C9
    { 7, 15, 144, 1, 15, 14, 1166 }, // U+00CA
    { 7, 14, 144, 1, 14, 13, 1180 }, // U+00CB
    { 3, 15, 48, -1, 15, 6, 1193 }, // U+00CC
    { 3, 15, 48, 0, 15, 6, 1199 }, // U+00CD
    { 5, 15, 48, -1, 15, 10, 1205 }, // U+00CE
    { 3, 14, 48, 0, 14, 6, 1215 }, // U+00CF
    { 10, 11, 176, 0, 11, 14, 1221 }, // U+00D0
    { 9, 14, 176, 1, 14, 16, 1235 }, // U+00D1
    { 10, 15, 192, 1, 15, 19, 1251 }, // U+00D2
    { 10, 15, 192, 1, 15, 19, 1270 }, // U+00D3
    { 10, 15, 192, 1, 15, 19, 1289 }, // U+00D4
    { 10, 14, 192, 1, 14, 18, 1308 }, // U+00D5
    { 10, 14, 192, 1, 14, 18, 1326 }, // U+00D6
    { 7, 7, 128, 1, 8, 7, 1344 }, // U+00D7
    { 10, 11, 192, 1, 11, 14, 1351 }, // U+00D8
    { 8, 15, 160, 1, 15, 15, 1365 }, // U+00D9
    { 8, 15, 160, 1, 15, 15, 1380 }, // U+00DA
    { 8, 15, 160, 1, 15, 15, 1395 }, // U+00DB
    { 8, 14, 160, 1, 14, 14, 1410 }, // U+00DC
    { 9, 15, 144, 0, 15, 17, 1424 }, // U+00DD
    { 7, 11, 144, 1, 11, 10, 1441 }, // U+00DE
    { 7, 12, 144, 1, 12, 11, 1451 }, // U+00DF
    { 6, 12, 128, 1, 12, 9, 1462 }, // U+00E0
    { 6, 12, 128, 1, 12, 9, 1471 }, // U+00E1
    { 6, 12, 128, 1, 12, 9, 1480 }, // U+00E2
    { 6, 11, 128, 1, 11, 9, 1489 }, // U+00E3
    { 6, 11, 128, 1, 11, 9, 1498 }, // U+00E4
    { 6, 13, 128, 1, 13, 10, 1507 }, // U+00E5
    { 11, 8, 208, 1, 8, 11, 1517 }, // U+00E6
    { 6, 11, 128, 1, 8, 9, 1528 }, // U+00E7
    { 7, 12, 144, 1, 12, 11, 1537 }, // U+00E8
    { 7, 12, 144, 1, 12, 11, 1548 }, // U+00E9
    { 7, 12, 144, 1, 12, 11, 1559 }, // U+00EA
    { 7, 11, 144, 1, 11, 10, 1570 }, // U+00EB
    { 3, 12, 48, -1, 12, 5, 1580 }, // U+00EC
    { 3, 12, 48, 0, 12, 5, 1585 }, // U+00ED
    { 5, 12, 48, -1, 12, 8, 1590 }, // U+00EE
    { 3, 11, 48, 0, 11, 5, 1598 }, // U+00EF
    { 8, 12, 144, 1, 12, 12, 1603 }, // U+00F0
    { 7, 11, 144, 1, 11, 10, 1615 }, // U+00F1
    { 7, 12, 144, 1, 12, 11, 1625 }, // U+00F2
    { 7, 12, 144, 1, 12, 11, 1636 }, // U+00F3
    { 7, 12, 144, 1, 12, 11, 1647 }, // U+00F4
    { 7, 11, 144, 1, 11, 10, 1658 }, // U+00F5
    { 7, 11, 144, 1, 11, 10, 1668 }, // U+00F6
    { 7, 7, 128, 0, 8, 7, 1678 }, // U+00F7
    { 7, 8, 144, 1, 8, 7, 1685 }, // U+00F8
    { 7, 12, 144, 1, 12, 11, 1692 }, // U+00F9
    { 7, 12, 144, 1, 12, 11, 1703 }, // U+00FA
    { 7, 12, 144, 1, 12, 11, 1714 }, // U+00FB
    { 7, 11, 144, 1, 11, 10, 1725 }, // U+00FC
    { 7, 15, 112, 0, 12, 14, 1735 }, // U+00FD
    { 7, 15, 144, 1, 12, 14, 1749 }, // U+00FE
    { 7, 14, 112, 0, 11, 13, 1763 }, // U+00FF
    { 9, 13, 144, 0, 13, 15, 1776 }, // U+0100
    { 6, 11, 128, 1, 11, 9, 1791 }, // U+0101
    { 9, 14, 144, 0, 14, 16, 1800 }, // U+0102
    { 6, 11, 128, 1, 11, 9, 1816 }, // U+0103
    { 9, 14, 144, 0, 11, 16, 1825 }, // U+0104
    { 6, 11, 128, 1, 8, 9, 1841 }, // U+0105
    { 8, 15, 160, 1, 15, 15, 1850 }, // U+0106
    { 6, 12, 128, 1, 12, 9, 1865 }, // U+0107
    { 8, 15, 160, 1, 15, 15, 1874 }, // U+0108
    { 6, 12, 128, 1, 12, 9, 1889 }, // U+0109
    { 8, 14, 160, 1, 14, 14, 1898 }, // U+010A
    { 6, 11, 128, 1, 11, 9, 1912 }, // U+010B
    { 8, 15, 160, 1, 15, 15, 1921 }, // U+010C
    { 6, 12, 128, 1, 12, 9, 1936 }, // U+010D
    { 9, 15, 176, 1, 15, 17, 1945 }, // U+010E
    { 9, 12, 144, 1, 12, 14, 1962 }, // U+010F
    { 10, 11, 176, 0, 11, 14, 1976 }, // U+0110
    { 8, 12, 144, 1, 12, 12, 1990 }, // U+0111
    { 7, 13, 144, 1, 13, 12, 2002 }, // U+0112
    { 7, 11, 144, 1, 11, 10, 2014 }, // U+0113
    { 7, 14, 144, 1, 14, 13, 2024 }, // U+0114
    { 7, 11, 144, 1, 11, 10, 2037 }, // U+0115
    { 7, 14, 144, 1, 14, 13, 2047 }, // U+0116
    { 7, 11, 144, 1, 11, 10, 2060 }, // U+0117
    { 7, 14, 144, 1, 11, 13, 2070 }, // U+0118
    { 6, 11, 128, 1, 8, 9, 2083 }, // U+0119
    { 7, 15, 144, 1, 15, 14, 2092 }, // U+011A
    { 7, 13, 144, 1, 13, 12, 2106 }, // U+011B
    { 8, 15, 160, 1, 15, 15, 2118 }, // U+011C
    { 7, 15, 144, 1, 12, 14, 2133 }, // U+011D
    { 8, 14, 160, 1, 14, 14, 2147 }, // U+011E
    { 7, 14, 144, 1, 11, 13, 2161 }, // U+011F
    { 8, 14, 160, 1, 14, 14, 2174 }, // U+0120
    { 7, 14, 144, 1, 11, 13, 2188 }, // U+0121
    { 8, 14, 160, 1, 11, 14, 2201 }, // U+0122
    { 7, 15, 144, 1, 12, 14, 2215 }, // U+0123
    { 9, 15, 176, 1, 15, 17, 2229 }, // U+0124
    { 7, 14, 144, 1, 14, 13, 2246 }, // U+0125
    { 11, 11, 176, 0, 11, 16, 2259 }, // U+0126
    { 8, 12, 144, 0, 12, 12, 2275 }, // U+0127
    { 5, 14, 48, -1, 14, 9, 2287 }, // U+0128
    { 5, 11, 48, -1, 11, 7, 2296 }, // U+0129
    { 3, 13, 48, 0, 13, 5, 2303 }, // U+012A
    { 3, 11, 48, 0, 11, 5, 2308 }, // U+012B
    { 4, 14, 48, -1, 14, 7, 2313 }, // U+012C
    { 4, 11, 48, -1, 11, 6, 2320 }, // U+012D
    { 2, 14, 48, 0, 11, 4, 2326 }, // U+012E
    { 2, 14, 48, 0, 11, 4, 2330 }, // U+012F
    { 1, 14, 48, 1, 14, 2, 2334 }, // U+0130
    { 1, 8, 48, 1, 8, 1, 2336 }, // U+0131
    { 10, 11, 192, 1, 11, 14, 2337 }, // U+0132
    { 5, 14, 128, 1, 11, 9, 2351 }, // U+0133
    { 9, 15, 128, 0, 15, 17, 2360 }, // U+0134
    { 5, 15, 64, -1, 12, 10, 2377 }, // U+0135
    { 7, 14, 144, 1, 11, 13, 2387 }, // U+0136
    { 6, 15, 128, 1, 12, 12, 2400 }, // U+0137
    { 7, 8, 128, 1, 8, 7, 2412 }, // U+0138
    { 7, 15, 128, 1, 15, 14, 2419 }, // U+0139
    { 3, 14, 64, 1, 14, 6, 2433 }, // U+013A
    { 7, 14, 128, 1, 11, 13, 2439 }, // U+013B
    { 3, 15, 64, 1, 12, 6, 2452 }, // U+013C
    { 7, 11, 128, 1, 11, 10, 2458 }, // U+013D
    { 3, 12, 64, 1, 12, 5, 2468 }, // U+013E
    { 7, 11, 128, 1, 11, 10, 2473 }, // U+013F
    { 5, 12, 96, 1, 12, 8, 2483 }, // U+0140
    { 9, 11, 128, -1, 11, 13, 2491 }, // U+0141
    { 4, 12, 64, 0, 12, 6, 2504 }, // U+0142
    { 9, 15, 176, 1, 15, 17, 2510 }, // U+0143
    { 7, 12, 144, 1, 12, 11, 2527 }, // U+0144
    { 9, 14, 176, 1, 11, 16, 2538 }, // U+0145
    { 7, 11, 144, 1, 8, 10, 2554 }, // U+0146
    { 9, 15, 176, 1, 15, 17, 2564 }, // U+0147
    { 7, 12, 144, 1, 12, 11, 2581 }, // U+0148
    { 9, 12, 144, -1, 12, 14, 2592 }, // U+0149
    { 9, 14, 176, 1, 11, 16, 2606 }, // U+014A
    { 7, 11, 144, 1, 8, 10, 2622 }, // U+014B
    { 10, 13, 192, 1, 13, 17, 2632 }, // U+014C
    { 7, 11, 144, 1, 11, 10, 2649 }, // U+014D
    { 10, 14, 192, 1, 14, 18, 2659 }, // U+014E
    { 7, 11, 144, 1, 11, 10, 2677 }, // U+014F
    { 10, 15, 192, 1, 15, 19, 2687 }, // U+0150
    { 7, 12, 144, 1, 12, 11, 2706 }, // U+0151
    { 13, 11, 240, 1, 11, 18, 2717 }, // U+0152
    { 12, 8, 224, 1, 8, 12, 2735 }, // U+0153
    { 7, 15, 128, 1, 15, 14, 2747 }, // U+0154
    { 5, 12, 96, 1, 12, 8, 2761 }, // U+0155
    { 7, 14, 128, 1, 11, 13, 2769 }, // U+0156
    { 5, 11, 96, 1, 8, 7, 2782 }, // U+0157
    { 7, 15, 128, 1, 15, 14, 2789 }, // U+0158
    { 5, 12, 96, 1, 12, 8, 2803 }, // U+0159
    { 6, 15, 128, 1, 15, 12, 2811 }, // U+015A
    { 5, 12, 112, 1, 12, 8, 2823 }, // U+015B
    { 6, 15, 128, 1, 15, 12, 2831 }, // U+015C
    { 5, 12, 112, 1, 12, 8, 2843 }, // U+015D
    { 7, 14, 128, 1, 11, 13, 2851 }, // U+015E
    { 5, 11, 112, 1, 8, 7, 2864 }, // U+015F
    { 6, 15, 128, 1, 15, 12, 2871 }, // U+0160
    { 5, 12, 112, 1, 12, 8, 2883 }, // U+0161
    { 9, 14, 144, 0, 11, 16, 2891 }, // U+0162
    { 4, 13, 96, 1, 10, 7, 2907 }, // U+0163
    { 9, 15, 144, 0, 15, 17, 2914 }, // U+0164
    { 4, 12, 96, 1, 12, 6, 2931 }, // U+0165
    { 9, 11, 144, 0, 11, 13, 2937 }, // U+0166
    { 4, 10, 96, 1, 10, 5, 2950 }, // U+0167
    { 8, 14, 160, 1, 14, 14, 2955 }, // U+0168
    { 7, 11, 144, 1, 11, 10, 2969 }, // U+0169
    { 8, 13, 160, 1, 13, 13, 2979 }, // U+016A
    { 7, 11, 144, 1, 11, 10, 2992 }, // U+016B
    { 8, 14, 160, 1, 14, 14, 3002 }, // U+016C
    { 7, 11, 144, 1, 11, 10, 3016 }, // U+016D
    { 8, 15, 160, 1, 15, 15, 3026 }, // U+016E
    { 7, 13, 144, 1, 13, 12, 3041 }, // U+016F
    { 8, 15, 160, 1, 15, 15, 3053 }, // U+0170
    { 7, 12, 144, 1, 12, 11, 3068 }, // U+0171
    { 8, 14, 160, 1, 11, 14, 3079 }, // U+0172
    { 7, 11, 144, 1, 8, 10, 3093 }, // U+0173
    { 13, 15, 208, 0, 15, 25, 3103 }, // U+0174
    { 13, 12, 208, 0, 12, 20, 3128 }, // U+0175
    { 9, 15, 144, 0, 15, 17, 3148 }, // U+0176
    { 7, 15, 112, 0, 12, 14, 3165 }, // U+0177
    { 9, 14, 144, 0, 14, 16, 3179 }, // U+0178
    { 7, 15, 144, 1, 15, 14, 3195 }, // U+0179
    { 5, 12, 112, 1, 12, 8, 3209 }, // U+017A
    { 7, 14, 144, 1, 14, 13, 3217 }, // U+017B
    { 5, 11, 112, 1, 11, 7, 3230 }, // U+017C
    { 7, 15, 144, 1, 15, 14, 3237 }, // U+017D
    { 5, 12, 112, 1, 12, 8, 3251 }, // U+017E
    { 4, 11, 64, 1, 11, 6, 3259 }, // U+017F
    { 10, 12, 192, 1, 12, 15, 3265 }, // U+01A0
    { 8, 9, 144, 1, 9, 9, 3280 }, // U+01A1
    { 10, 13, 176, 1, 13, 17, 3289 }, // U+01AF
    { 9, 10, 144, 1, 10, 12, 3306 }, // U+01B0
    { 18, 14, 304, 1, 14, 32, 3318 }, // U+01C4
    { 16, 12, 288, 1, 12, 24, 3350 }, // U+01C5
    { 14, 12, 256, 1, 12, 21, 3374 }, // U+01C6
    { 14, 11, 240, 1, 11, 20, 3395 }, // U+01C7
    { 9, 14, 192, 1, 11, 16, 3415 }, // U+01C8
    { 5, 15, 128, 1, 12, 10, 3431 }, // U+01C9
    { 17, 11, 288, 1, 11, 24, 3441 }, // U+01CA
    { 12, 14, 240, 1, 11, 21, 3465 }, // U+01CB
    { 10, 14, 192, 1, 11, 18, 3486 }, // U+01CC
    { 9, 15, 144, 0, 15, 17, 3504 }, // U+01CD
    { 6, 12, 128, 1, 12, 9, 3521 }, // U+01CE
    { 5, 15, 48, -1, 15, 10, 3530 }, // U+01CF
    { 5, 12, 48, -1, 12, 8, 3540 }, // U+01D0
    { 10, 15, 192, 1, 15, 19, 3548 }, // U+01D1
    { 7, 12, 144, 1, 12, 11, 3567 }, // U+01D2
    { 8, 15, 160, 1, 15, 15, 3578 }, // U+01D3
    { 7, 12, 144, 1, 12, 11, 3593 }, // U+01D4
    { 8, 16, 160, 1, 16, 16, 3604 }, // U+01D5
    { 7, 13, 144, 1, 13, 12, 3620 }, // U+01D6
    { 8, 15, 160, 1, 15, 15, 3632 }, // U+01D7
    { 7, 15, 144, 1, 15, 14, 3647 }, // U+01D8
    { 8, 16, 160, 1, 16, 16, 3661 }, // U+01D9
    { 7, 14, 144, 1, 14, 13, 3677 }, // U+01DA
    { 8, 15, 160, 1, 15, 15, 3690 }, // U+01DB
    { 7, 15, 144, 1, 15, 14, 3705 }, // U+01DC
    { 6, 8, 128, 1, 8, 6, 3719 }, // U+01DD
    { 9, 16, 144, 0, 16, 18, 3725 }, // U+01DE
    { 6, 13, 128, 1, 13, 10, 3743 }, // U+01DF
    { 9, 16, 144, 0, 16, 18, 3753 }, // U+01E0
    { 6, 13, 128, 1, 13, 10, 3771 }, // U+01E1
    { 13, 13, 224, 0, 13, 22, 3781 }, // U+01E2
    { 11, 11, 208, 1, 11, 16, 3803 }, // U+01E3
    { 9, 11, 160, 1, 11, 13, 3819 }, // U+01E4
    { 8, 11, 144, 1, 8, 11, 3832 }, // U+01E5
    { 8, 15, 160, 1, 15, 15, 3843 }, // U+01E6
    { 7, 15, 144, 1, 12, 14, 3858 }, // U+01E7
    { 7, 15, 144, 1, 15, 14, 3872 }, // U+01E8
    { 6, 15, 128, 1, 15, 12, 3886 }, // U+01E9
    { 10, 14, 192, 1, 11, 18, 3898 }, // U+01EA
    { 7, 11, 144, 1, 8, 10, 3916 }, // U+01EB
    { 10, 16, 192, 1, 13, 20, 3926 }, // U+01EC
    { 7, 14, 144, 1, 11, 13, 3946 }, // U+01ED
    { 8, 15, 144, 0, 15, 15, 3959 }, // U+01EE
    { 6, 15, 112, 0, 12, 12, 3974 }, // U+01EF
    { 5, 15, 64, -1, 12, 10, 3986 }, // U+01F0
    { 18, 11, 304, 1, 11, 25, 3996 }, // U+01F1
    { 16, 11, 288, 1, 11, 22, 4021 }, // U+01F2
    { 14, 12, 256, 1, 12, 21, 4043 }, // U+01F3
    { 8, 15, 160, 1, 15, 15, 4064 }, // U+01F4
    { 7, 15, 144, 1, 12, 14, 4079 }, // U+01F5
    { 13, 11, 256, 1, 11, 18, 4093 }, // U+01F6
    { 8, 14, 160, 1, 11, 14, 4111 }, // U+01F7
    { 9, 15, 176, 1, 15, 17, 4125 }, // U+01F8
    { 7, 12, 144, 1, 12, 11, 4142 }, // U+01F9
    { 9, 15, 144, 0, 15, 17, 4153 }, // U+01FA
    { 6, 14, 128, 1, 14, 11, 4170 }, // U+01FB
    { 13, 15, 224, 0, 15, 25, 4181 }, // U+01FC
    { 11, 12, 208, 1, 12, 17, 4206 }, // U+01FD
    { 10, 14, 192, 1, 14, 18, 4223 }, // U+01FE
    { 7, 12, 144, 1, 12, 11, 4241 }, // U+01FF
    { 9, 15, 144, 0, 15, 17, 4252 }, // U+0200
    { 7, 12, 128, 0, 12, 11, 4269 }, // U+0201
    { 9, 14, 144, 0, 14, 16, 4280 }, // U+0202
    { 6, 11, 128, 1, 11, 9, 4296 }, // U+0203
    { 7, 15, 144, 1, 15, 14, 4305 }, // U+0204
    { 7, 12, 144, 1, 12, 11, 4319 }, // U+0205
    { 7, 14, 144, 1, 14, 13, 4330 }, // U+0206
    { 7, 11, 144, 1, 11, 10, 4343 }, // U+0207
    { 6, 15, 48, -2, 15, 12, 4353 }, // U+0208
    { 6, 12, 48, -3, 12, 9, 4365 }, // U+0209
    { 4, 14, 48, -1, 14, 7, 4374 }, // U+020A
    { 4, 11, 48, -1, 11, 6, 4381 }, // U+020B
    { 10, 15, 192, 1, 15, 19, 4387 }, // U+020C
    { 7, 12, 144, 1, 12, 11, 4406 }, // U+020D
    { 10, 14, 192, 1, 14, 18, 4417 }, // U+020E
    { 7, 11, 144, 1, 11, 10, 4435 }, // U+020F
    { 8, 15, 128, 0, 15, 15, 4445 }, // U+0210
    { 6, 12, 96, 0, 12, 9, 4460 }, // U+0211
    { 7, 14, 128, 1, 14, 13, 4469 }, // U+0212
    { 5, 11, 96, 1, 11, 7, 4482 }, // U+0213
    { 8, 15, 160, 1, 15, 15, 4489 }, // U+0214
    { 7, 12, 144, 1, 12, 11, 4504 }, // U+0215
    { 8, 14, 160, 1, 14, 14, 4515 }, // U+0216
    { 7, 11, 144, 1, 11, 10, 4529 }, // U+0217
    { 6, 14, 128, 1, 11, 11, 4539 }, // U+0218
    { 5, 11, 112, 1, 8, 7, 4550 }, // U+0219
    { 9, 14, 144, 0, 11, 16, 4557 }, // U+021A
    { 4, 13, 96, 1, 10, 7, 4573 }, // U+021B
    { 7, 14, 128, 0, 11, 13, 4580 }, // U+021C
    { 6, 11, 112, 0, 8, 9, 4593 }, // U+021D
    { 9, 15, 176, 1, 15, 17, 4602 }, // U+021E
    { 7, 15, 144, 1, 15, 14, 4619 }, // U+021F
    { 3, 2, 0, -7, 11, 1, 4633 }, // U+0300
    { 3, 3, 0, -4, 12, 2, 4634 }, // U+0301
    { 5, 3, 0, -3, 12, 2, 4636 }, // U+0302
    { 6, 2, 0, -8, 11, 2, 4638 }, // U+0303
    { 4, 1, 0, -2, 10, 1, 4640 }, // U+0304
    { 4, 2, 0, -2, 11, 1, 4641 }, // U+0306
    { 2, 1, 0, -1, 11, 1, 4642 }, // U+0307
    { 4, 1, 0, -2, 11, 1, 4643 }, // U+0308
    { 4, 3, 0, -2, 12, 2, 4644 }, // U+030A
    { 6, 2, 0, -2, 11, 2, 4646 }, // U+030B
    { 4, 3, 0, -2, 12, 2, 4648 }, // U+030C
    { 4, 2, 96, 1, 11, 1, 4650 }, // U+0311
    { 2, 4, 0, -1, 11, 1, 4651 }, // U+0312
    { 2, 2, 0, -1, -1, 1, 4652 }, // U+0326
    { 3, 3, 0, -2, -1, 2, 4653 }, // U+0327
    { 2, 4, 0, -1, 1, 1, 4655 }, // U+0328
    { 1, 1, 0, 0, 1, 1, 4656 }, // U+034F
    { 7, 15, 144, 1, 15, 14, 4657 }, // U+0400
    { 7, 14, 144, 1, 14, 13, 4671 }, // U+0401
    { 10, 11, 176, 0, 11, 14, 4684 }, // U+0402
    { 7, 15, 128, 1, 15, 14, 4698 }, // U+0403
    { 8, 11, 144, 1, 11, 11, 4712 }, // U+0404
    { 6, 11, 128, 1, 11, 9, 4723 }, // U+0405
    { 1, 11, 48, 1, 11, 2, 4732 }, // U+0406
    { 3, 14, 48, 0, 14, 6, 4734 }, // U+0407
    { 7, 11, 128, 0, 11, 10, 4740 }, // U+0408
    { 15, 11, 256, 0, 11, 21, 4750 }, // U+0409
    { 13, 11, 240, 1, 11, 18, 4771 }, // U+040A
    { 10, 11, 176, 0, 11, 14, 4789 }, // U+040B
    { 7, 15, 144, 1, 15, 14, 4803 }, // U+040C
    { 9, 15, 176, 1, 15, 17, 4817 }, // U+040D
    { 9, 14, 144, 0, 14, 16, 4834 }, // U+040E
    { 8, 14, 160, 1, 11, 14, 4850 }, // U+040F
    { 9, 11, 144, 0, 11, 13, 4864 }, // U+0410
    { 7, 11, 144, 1, 11, 10, 4877 }, // U+0411
    { 8, 11, 160, 1, 11, 11, 4887 }, // U+0412
    { 7, 11, 128, 1, 11, 10, 4898 }, // U+0413
    { 10, 14, 176, 0, 11, 18, 4908 }, // U+0414
    { 7, 11, 144, 1, 11, 10, 4926 }, // U+0415
    { 13, 11, 208, 0, 11, 18, 4936 }, // U+0416
    { 8, 11, 144, 0, 11, 11, 4954 }, // U+0417
    { 9, 11, 176, 1, 11, 13, 4965 }, // U+0418
    { 9, 14, 176, 1, 14, 16, 4978 }, // U+0419
    { 7, 11, 144, 1, 11, 10, 4994 }, // U+041A
    { 10, 11, 176, 0, 11, 14, 5004 }, // U+041B
    { 11, 11, 208, 1, 11, 16, 5018 }, // U+041C
    { 9, 11, 176, 1, 11, 13, 5034 }, // U+041D
    { 10, 11, 192, 1, 11, 14, 5047 }, // U+041E
    { 8, 11, 160, 1, 11, 11, 5061 }, // U+041F
    { 7, 11, 144, 1, 11, 10, 5072 }, // U+0420
    { 8, 11, 160, 1, 11, 11, 5082 }, // U+0421
    { 9, 11, 144, 0, 11, 13, 5093 }, // U+0422
    { 9, 11, 144, 0, 11, 13, 5106 }, // U+0423
    { 11, 11, 208, 1, 11, 16, 5119 }, // U+0424
    { 9, 11, 128, 0, 11, 13, 5135 }, // U+0425
    { 9, 14, 176, 1, 11, 16, 5148 }, // U+0426
    { 6, 11, 144, 1, 11, 9, 5164 }, // U+0427
    { 11, 11, 224, 1, 11, 16, 5173 }, // U+0428
    { 12, 14, 224, 1, 11, 21, 5189 }, // U+0429
    { 10, 11, 176, 0, 11, 14, 5210 }, // U+042A
    { 10, 11, 208, 1, 11, 14, 5224 }, // U+042B
    { 7, 11, 144, 1, 11, 10, 5238 }, // U+042C
    { 8, 11, 144, 0, 11, 11, 5248 }, // U+042D
    { 12, 11, 224, 1, 11, 17, 5259 }, // U+042E
    { 9, 11, 160, 0, 11, 13, 5276 }, // U+042F
    { 6, 8, 128, 1, 8, 6, 5289 }, // U+0430
    { 7, 12, 144, 1, 12, 11, 5295 }, // U+0431
    { 6, 8, 128, 1, 8, 6, 5306 }, // U+0432
    { 5, 8, 96, 1, 8, 5, 5312 }, // U+0433
    { 8, 10, 144, 0, 8, 10, 5317 }, // U+0434
    { 7, 8, 144, 1, 8, 7, 5327 }, // U+0435
    { 11, 8, 176, 0, 8, 11, 5334 }, // U+0436
    { 5, 8, 112, 1, 8, 5, 5345 }, // U+0437
    { 7, 8, 144, 1, 8, 7, 5350 }, // U+0438
    { 7, 11, 144, 1, 11, 10, 5357 }, // U+0439
    { 7, 8, 128, 1, 8, 7, 5367 }, // U+043A
    { 8, 8, 144, 0, 8, 8, 5374 }, // U+043B
    { 9, 8, 176, 1, 8, 9, 5382 }, // U+043C
    { 7, 8, 144, 1, 8, 7, 5391 }, // U+043D
    { 7, 8, 144, 1, 8, 7, 5398 }, // U+043E
    { 7, 8, 144, 1, 8, 7, 5405 }, // U+043F
    { 7, 11, 144, 1, 8, 10, 5412 }, // U+0440
    { 6, 8, 128, 1, 8, 6, 5422 }, // U+0441
    { 7, 8, 112, 0, 8, 7, 5428 }, // U+0442
    { 7, 11, 112, 0, 8, 10, 5435 }, // U+0443
    { 9, 15, 176, 1, 12, 17, 5445 }, // U+0444
    { 8, 8, 128, 0, 8, 8, 5462 }, // U+0445
    { 7, 10, 144, 1, 8, 9, 5470 }, // U+0446
    { 6, 8, 128, 1, 8, 6, 5479 }, // U+0447
    { 9, 8, 176, 1, 8, 9, 5485 }, // U+0448
    { 10, 10, 192, 1, 8, 13, 5494 }, // U+0449
    { 8, 8, 144, 0, 8, 8, 5507 }, // U+044A
    { 9, 8, 176, 1, 8, 9, 5515 }, // U+044B
    { 6, 8, 128, 1, 8, 6, 5524 }, // U+044C
    { 5, 8, 112, 1, 8, 5, 5530 }, // U+044D
    { 10, 8, 192, 1, 8, 10, 5535 }, // U+044E
    { 6, 8, 128, 1, 8, 6, 5545 }, // U+044F
    { 7, 12, 144, 1, 12, 11, 5551 }, // U+0450
    { 7, 11, 144, 1, 11, 10, 5562 }, // U+0451
    { 8, 15, 144, 0, 12, 15, 5572 }, // U+0452
    { 5, 12, 96, 1, 12, 8, 5587 }, // U+0453
    { 5, 8, 112, 1, 8, 5, 5595 }, // U+0454
    { 5, 8, 112, 1, 8, 5, 5600 }, // U+0455
    { 1, 11, 48, 1, 11, 2, 5605 }, // U+0456
    { 3, 11, 48, 0, 11, 5, 5607 }, // U+0457
    { 3, 14, 48, -1, 11, 6, 5612 }, // U+0458
    { 12, 8, 208, 0, 8, 12, 5618 }, // U+0459
    { 11, 8, 208, 1, 8, 11, 5630 }, // U+045A
    { 8, 12, 144, 0, 12, 12, 5641 }, // U+045B
    { 7, 12, 128, 1, 12, 11, 5653 }, // U+045C
    { 7, 12, 144, 1, 12, 11, 5664 }, // U+045D
    { 7, 14, 112, 0, 11, 13, 5675 }, // U+045E
    { 7, 10, 144, 1, 8, 9, 5688 }, // U+045F
    { 10, 11, 176, 0, 11, 14, 5697 }, // U+0462
    { 8, 12, 144, 0, 12, 12, 5711 }, // U+0463
    { 10, 11, 192, 1, 11, 14, 5723 }, // U+0472
    { 7, 8, 144, 1, 8, 7, 5737 }, // U+0473
    { 11, 11, 176, 0, 11, 16, 5744 }, // U+0474
    { 9, 8, 144, 0, 8, 9, 5760 }, // U+0475
    { 10, 17, 176, 1, 14, 22, 5769 }, // U+048A
    { 8, 14, 144, 1, 11, 14, 5791 }, // U+048B
    { 8, 11, 144, 0, 11, 11, 5805 }, // U+048C
    { 7, 8, 128, 0, 8, 7, 5816 }, // U+048D
    { 7, 11, 144, 1, 11, 10, 5823 }, // U+048E
    { 7, 11, 144, 1, 8, 10, 5833 }, // U+048F
    { 7, 13, 128, 1, 13, 12, 5843 }, // U+0490
    { 5, 10, 96, 1, 10, 7, 5855 }, // U+0491
    { 8, 11, 128, 0, 11, 11, 5862 }, // U+0492
    { 6, 8, 96, 0, 8, 6, 5873 }, // U+0493
    { 7, 14, 144, 1, 11, 13, 5879 }, // U+0494
    { 6, 11, 128, 1, 8, 9, 5892 }, // U+0495
    { 13, 14, 208, 0, 11, 23, 5901 }, // U+0496
    { 11, 10, 176, 0, 8, 14, 5924 }, // U+0497
    { 8, 14, 144, 0, 11, 14, 5938 }, // U+0498
    { 5, 11, 112, 1, 8, 7, 5952 }, // U+0499
    { 9, 14, 160, 1, 11, 16, 5959 }, // U+049A
    { 7, 10, 128, 1, 8, 9, 5975 }, // U+049B
    { 9, 11, 160, 1, 11, 13, 5984 }, // U+049C
    { 8, 8, 144, 1, 8, 8, 5997 }, // U+049D
    { 9, 11, 160, 0, 11, 13, 6005 }, // U+049E
    { 8, 8, 128, 0, 8, 8, 6018 }, // U+049F
    { 10, 11, 176, 0, 11, 14, 6026 }, // U+04A0
    { 9, 8, 144, 0, 8, 9, 6040 }, // U+04A1
    { 10, 14, 176, 1, 11, 18, 6049 }, // U+04A2
    { 8, 10, 144, 1, 8, 10, 6067 }, // U+04A3
    { 11, 11, 192, 1, 11, 16, 6077 }, // U+04A4
    { 9, 8, 160, 1, 8, 9, 6093 }, // U+04A5
    { 13, 14, 240, 1, 11, 23, 6102 }, // U+04A6
    { 11, 11, 208, 1, 8, 16, 6125 }, // U+04A7
    { 10, 14, 192, 1, 11, 18, 6141 }, // U+04A8
    { 7, 10, 144, 1, 8, 9, 6159 }, // U+04A9
    { 8, 14, 160, 1, 11, 14, 6168 }, // U+04AA
    { 6, 11, 128, 1, 8, 9, 6182 }, // U+04AB
    { 9, 14, 144, 0, 11, 16, 6191 }, // U+04AC
    { 7, 10, 112, 0, 8, 9, 6207 }, // U+04AD
    { 9, 11, 144, 0, 11, 13, 6216 }, // U+04AE
    { 7, 11, 112, 0, 8, 10, 6229 }, // U+04AF
    { 9, 11, 144, 0, 11, 13, 6239 }, // U+04B0
    { 7, 11, 112, 0, 8, 10, 6252 }, // U+04B1
    { 10, 14, 160, 0, 11, 18, 6262 }, // U+04B2
    { 8, 10, 128, 0, 8, 10, 6280 }, // U+04B3
    { 12, 14, 208, 0, 11, 21, 6290 }, // U+04B4
    { 9, 10, 160, 0, 8, 12, 6311 }, // U+04B5
    { 8, 14, 160, 1, 11, 14, 6323 }, // U+04B6
    { 7, 10, 128, 1, 8, 9, 6337 }, // U+04B7
    { 7, 11, 160, 1, 11, 10, 6346 }, // U+04B8
    { 6, 8, 128, 1, 8, 6, 6356 }, // U+04B9
    { 8, 11, 160, 1, 11, 11, 6362 }, // U+04BA
    { 7, 12, 144, 1, 12, 11, 6373 }, // U+04BB
    { 12, 11, 208, 0, 11, 17, 6384 }, // U+04BC
    { 8, 8, 144, 0, 8, 8, 6401 }, // U+04BD
    { 12, 14, 208, 0, 11, 21, 6409 }, // U+04BE
    { 8, 10, 144, 0, 8, 10, 6430 }, // U+04BF
    { 1, 11, 48, 1, 11, 2, 6440 }, // U+04C0
    { 13, 13, 208, 0, 13, 22, 6442 }, // U+04C1
    { 11, 11, 176, 0, 11, 16, 6464 }, // U+04C2
    { 7, 14, 144, 1, 11, 13, 6480 }, // U+04C3
    { 6, 11, 128, 1, 8, 9, 6493 }, // U+04C4
    { 11, 14, 176, 0, 11, 20, 6502 }, // U+04C5
    { 9, 11, 144, 0, 8, 13, 6522 }, // U+04C6
    { 9, 14, 176, 1, 11, 16, 6535 }, // U+04C7
    { 7, 11, 144, 1, 8, 10, 6551 }, // U+04C8
    { 10, 14, 176, 1, 11, 18, 6561 }, // U+04C9
    { 8, 11, 144, 1, 8, 11, 6579 }, // U+04CA
    { 7, 14, 160, 1, 11, 13, 6590 }, // U+04CB
    { 6, 10, 128, 1, 8, 8, 6603 }, // U+04CC
    { 12, 14, 224, 1, 11, 21, 6611 }, // U+04CD
    { 10, 11, 160, 1, 8, 14, 6632 }, // U+04CE
    { 1, 11, 48, 1, 11, 2, 6646 }, // U+04CF
    { 9, 13, 144, 0, 13, 15, 6648 }, // U+04D0
    { 6, 11, 128, 1, 11, 9, 6663 }, // U+04D1
    { 9, 13, 144, 0, 13, 15, 6672 }, // U+04D2
    { 6, 11, 128, 1, 11, 9, 6687 }, // U+04D3
    { 13, 11, 224, 0, 11, 18, 6696 }, // U+04D4
    { 11, 8, 208, 1, 8, 11, 6714 }, // U+04D5
    { 7, 13, 144, 1, 13, 12, 6725 }, // U+04D6
    { 7, 11, 144, 1, 11, 10, 6737 }, // U+04D7
    { 9, 11, 176, 1, 11, 13, 6747 }, // U+04D8
    { 6, 8, 128, 1, 8, 6, 6760 }, // U+04D9
    { 9, 13, 176, 1, 13, 15, 6766 }, // U+04DA
    { 6, 11, 128, 1, 11, 9, 6781 }, // U+04DB
    { 13, 13, 208, 0, 13, 22, 6790 }, // U+04DC
    { 11, 11, 176, 0, 11, 16, 6812 }, // U+04DD
    { 8, 13, 144, 0, 13, 13, 6828 }, // U+04DE
    { 5, 11, 112, 1, 11, 7, 6841 }, // U+04DF
    { 8, 11, 144, 0, 11, 11, 6848 }, // U+04E0
    { 6, 11, 112, 0, 8, 9, 6859 }, // U+04E1
    { 9, 13, 176, 1, 13, 15, 6868 }, // U+04E2
    { 7, 11, 144, 1, 11, 10, 6883 }, // U+04E3
    { 9, 13, 176, 1, 13, 15, 6893 }, // U+04E4
    { 7, 11, 144, 1, 11, 10, 6908 }, // U+04E5
    { 10, 13, 192, 1, 13, 17, 6918 }, // U+04E6
    { 7, 11, 144, 1, 11, 10, 6935 }, // U+04E7
    { 10, 11, 192, 1, 11, 14, 6945 }, // U+04E8
    { 7, 8, 144, 1, 8, 7, 6959 }, // U+04E9
    { 10, 13, 192, 1, 13, 17, 6966 }, // U+04EA
    { 7, 11, 144, 1, 11, 10, 6983 }, // U+04EB
    { 8, 13, 144, 0, 13, 13, 6993 }, // U+04EC
    { 5, 11, 112, 1, 11, 7, 7006 }, // U+04ED
    { 9, 13, 144, 0, 13, 15, 7013 }, // U+04EE
    { 7, 14, 112, 0, 11, 13, 7028 }, // U+04EF
    { 9, 13, 144, 0, 13, 15, 7041 }, // U+04F0
    { 7, 14, 112, 0, 11, 13, 7056 }, // U+04F1
    { 9, 14, 144, 0, 14, 16, 7069 }, // U+04F2
    { 8, 15, 112, 0, 12, 15, 7085 }, // U+04F3
    { 6, 13, 144, 1, 13, 10, 7100 }, // U+04F4
    { 6, 11, 128, 1, 11, 9, 7110 }, // U+04F5
    { 7, 14, 128, 1, 11, 13, 7119 }, // U+04F6
    { 5, 10, 96, 1, 8, 7, 7132 }, // U+04F7
    { 10, 13, 208, 1, 13, 17, 7139 }, // U+04F8
    { 9, 11, 176, 1, 11, 13, 7156 }, // U+04F9
    { 8, 9, 144, 1, 9, 9, 7169 }, // U+05D0
    { 7, 9, 144, 1, 9, 8, 7178 }, // U+05D1
    { 5, 9, 96, 0, 9, 6, 7186 }, // U+05D2
    { 7, 9, 128, 1, 9, 8, 7192 }, // U+05D3
    { 7, 9, 144, 1, 9, 8, 7200 }, // U+05D4
    { 2, 9, 80, 1, 9, 3, 7208 }, // U+05D5
    { 3, 9, 80, 1, 9, 4, 7211 }, // U+05D6
    { 8, 9, 160, 1, 9, 9, 7215 }, // U+05D7
    { 8, 9, 160, 1, 9, 9, 7224 }, // U+05D8
    { 2, 5, 64, 1, 9, 2, 7233 }, // U+05D9
    { 6, 12, 128, 1, 9, 9, 7235 }, // U+05DA
    { 6, 9, 128, 1, 9, 7, 7244 }, // U+05DB
    { 6, 12, 128, 1, 12, 9, 7251 }, // U+05DC
    { 8, 9, 160, 1, 9, 9, 7260 }, // U+05DD
    { 8, 9, 160, 1, 9, 9, 7269 }, // U+05DE
    { 2, 12, 80, 1, 9, 3, 7278 }, // U+05DF
    { 4, 9, 96, 1, 9, 5, 7281 }, // U+05E0
    { 8, 9, 160, 1, 9, 9, 7286 }, // U+05E1
    { 7, 9, 144, 1, 9, 8, 7295 }, // U+05E2
    { 7, 12, 144, 1, 9, 11, 7303 }, // U+05E3
    { 7, 9, 144, 1, 9, 8, 7314 }, // U+05E4
    { 7, 12, 128, 0, 9, 11, 7322 }, // U+05E5
    { 7, 9, 128, 1, 9, 8, 7333 }, // U+05E6
    { 8, 12, 144, 1, 9, 12, 7341 }, // U+05E7
    { 6, 9, 128, 1, 9, 7, 7353 }, // U+05E8
    { 9, 9, 176, 1, 9, 11, 7360 }, // U+05E9
    { 8, 9, 160, 1, 9, 9, 7371 }, // U+05EA
    { 2, 3, 80, 1, 3, 1, 7380 }, // U+060C
    { 3, 8, 80, 1, 8, 3, 7381 }, // U+061B
    { 6, 11, 112, 0, 11, 9, 7384 }, // U+061F
    { 6, 6, 96, 0, 5, 5, 7393 }, // U+0621
    { 5, 1, 64, 0, 1, 1, 7398 }, // U+0640
    { 3, 3, 0, 0, 12, 2, 7399 }, // U+0654
    { 3, 3, 144, 3, 6, 2, 7401 }, // U+0660
    { 3, 10, 144, 3, 10, 4, 7403 }, // U+0661
    { 6, 10, 144, 1, 10, 8, 7407 }, // U+0662
    { 7, 10, 144, 1, 10, 9, 7415 }, // U+0663
    { 6, 10, 144, 1, 10, 8, 7424 }, // U+0664
    { 6, 8, 144, 1, 8, 6, 7432 }, // U+0665
    { 6, 10, 144, 1, 10, 8, 7438 }, // U+0666
    { 8, 10, 144, 0, 10, 10, 7446 }, // U+0667
    { 8, 10, 144, 0, 10, 10, 7456 }, // U+0668
    { 6, 10, 144, 1, 10, 8, 7466 }, // U+0669
    { 10, 8, 160, 0, 5, 10, 7474 }, // U+06BA
    { 3, 1, 64, 1, 1, 1, 7484 }, // U+06D4
    { 6, 7, 96, 0, 7, 6, 7485 }, // U+06D5
    { 3, 3, 144, 3, 6, 2, 7491 }, // U+06F0
    { 3, 10, 144, 3, 10, 4, 7493 }, // U+06F1
    { 6, 10, 144, 1, 10, 8, 7497 }, // U+06F2
    { 7, 10, 144, 1, 10, 9, 7505 }, // U+06F3
    { 6, 10, 144, 1, 10, 8, 7514 }, // U+06F4
    { 6, 10, 144, 1, 10, 8, 7522 }, // U+06F5
    { 5, 10, 144, 2, 10, 7, 7530 }, // U+06F6
    { 8, 10, 144, 0, 10, 10, 7537 }, // U+06F7
    { 8, 10, 144, 0, 10, 10, 7547 }, // U+06F8
    { 6, 10, 144, 1, 10, 8, 7557 }, // U+06F9
    { 10, 13, 160, 0, 10, 17, 7565 }, // U+1EA0
    { 6, 11, 128, 1, 8, 9, 7582 }, // U+1EA1
    { 10, 14, 160, 0, 14, 18, 7591 }, // U+1EA2
    { 6, 11, 128, 1, 11, 9, 7609 }, // U+1EA3
    { 10, 16, 160, 0, 16, 20, 7618 }, // U+1EA4
    { 7, 13, 128, 1, 13, 12, 7638 }, // U+1EA5
    { 10, 15, 160, 0, 15, 19, 7650 }, // U+1EA6
    { 6, 13, 128, 1, 13, 10, 7669 }, // U+1EA7
    { 10, 16, 160, 0, 16, 20, 7679 }, // U+1EA8
    { 7, 13, 128, 1, 13, 12, 7699 }, // U+1EA9
    { 10, 16, 160, 0, 16, 20, 7711 }, // U+1EAA
    { 6, 14, 128, 1, 14, 11, 7731 }, // U+1EAB
    { 10, 17, 160, 0, 14, 22, 7742 }, // U+1EAC
    { 6, 15, 128, 1, 12, 12, 7764 }, // U+1EAD
    { 10, 16, 160, 0, 16, 20, 7776 }, // U+1EAE
    { 6, 14, 128, 1, 14, 11, 7796 }, // U+1EAF
    { 10, 16, 160, 0, 16, 20, 7807 }, // U+1EB0
    { 6, 14, 128, 1, 14, 11, 7827 }, // U+1EB1
    { 10, 16, 160, 0, 16, 20, 7838 }, // U+1EB2
    { 6, 14, 128, 1, 14, 11, 7858 }, // U+1EB3
    { 10, 16, 160, 0, 16, 20, 7869 }, // U+1EB4
    { 6, 14, 128, 1, 14, 11, 7889 }, // U+1EB5
    { 10, 17, 160, 0, 14, 22, 7900 }, // U+1EB6
    { 6, 14, 128, 1, 11, 11, 7922 }, // U+1EB7
    { 7, 13, 144, 1, 10, 12, 7933 }, // U+1EB8
    { 7, 11, 128, 1, 8, 10, 7945 }, // U+1EB9
    { 7, 14, 144, 1, 14, 13, 7955 }, // U+1EBA
    { 7, 11, 128, 1, 11, 10, 7968 }, // U+1EBB
    { 7, 14, 144, 1, 14, 13, 7978 }, // U+1EBC
    { 7, 11, 128, 1, 11, 10, 7991 }, // U+1EBD
    { 8, 15, 144, 1, 15, 15, 8001 }, // U+1EBE
    { 8, 13, 128, 1, 13, 13, 8016 }, // U+1EBF
    { 7, 16, 144, 1, 16, 14, 8029 }, // U+1EC0
    { 7, 13, 128, 1, 13, 12, 8043 }, // U+1EC1
    { 7, 16, 144, 1, 16, 14, 8055 }, // U+1EC2
    { 7, 13, 128, 1, 13, 12, 8069 }, // U+1EC3
    { 7, 16, 144, 1, 16, 14, 8081 }, // U+1EC4
    { 7, 14, 128, 1, 14, 13, 8095 }, // U+1EC5
    { 7, 17, 144, 1, 14, 15, 8108 }, // U+1EC6
    { 7, 15, 128, 1, 12, 14, 8123 }, // U+1EC7
    { 2, 14, 64, 1, 14, 4, 8137 }, // U+1EC8
    { 2, 11, 64, 1, 11, 3, 8141 }, // U+1EC9
    { 2, 13, 64, 1, 10, 4, 8144 }, // U+1ECA
    { 2, 14, 64, 1, 11, 4, 8148 }, // U+1ECB
    { 10, 14, 192, 1, 11, 18, 8152 }, // U+1ECC
    { 7, 11, 144, 1, 8, 10, 8170 }, // U+1ECD
    { 10, 14, 192, 1, 14, 18, 8180 }, // U+1ECE
    { 7, 11, 144, 1, 11, 10, 8198 }, // U+1ECF
    { 10, 16, 192, 1, 16, 20, 8208 }, // U+1ED0
    { 8, 13, 144, 1, 13, 13, 8228 }, // U+1ED1
    { 10, 16, 192, 1, 16, 20, 8241 }, // U+1ED2
    { 7, 14, 144, 1, 14, 13, 8261 }, // U+1ED3
    { 10, 16, 192, 1, 16, 20, 8274 }, // U+1ED4
    { 7, 13, 144, 1, 13, 12, 8294 }, // U+1ED5
    { 10, 16, 192, 1, 16, 20, 8306 }, // U+1ED6
    { 7, 14, 144, 1, 14, 13, 8326 }, // U+1ED7
    { 10, 17, 192, 1, 14, 22, 8339 }, // U+1ED8
    { 7, 15, 144, 1, 12, 14, 8361 }, // U+1ED9
    { 10, 14, 192, 1, 14, 18, 8375 }, // U+1EDA
    { 8, 12, 144, 1, 12, 12, 8393 }, // U+1EDB
    { 10, 14, 192, 1, 14, 18, 8405 }, // U+1EDC
    { 8, 12, 144, 1, 12, 12, 8423 }, // U+1EDD
    { 10, 14, 192, 1, 14, 18, 8435 }, // U+1EDE
    { 8, 11, 144, 1, 11, 11, 8453 }, // U+1EDF
    { 10, 13, 192, 1, 13, 17, 8464 }, // U+1EE0
    { 8, 11, 144, 1, 11, 11, 8481 }, // U+1EE1
    { 10, 15, 192, 1, 12, 19, 8492 }, // U+1EE2
    { 8, 12, 144, 1, 9, 12, 8511 }, // U+1EE3
    { 8, 13, 160, 1, 10, 13, 8523 }, // U+1EE4
    { 6, 11, 144, 1, 8, 9, 8536 }, // U+1EE5
    { 8, 14, 160, 1, 14, 14, 8545 }, // U+1EE6
    { 6, 11, 144, 1, 11, 9, 8559 }, // U+1EE7
    { 10, 14, 176, 1, 14, 18, 8568 }, // U+1EE8
    { 8, 12, 144, 1, 12, 12, 8586 }, // U+1EE9
    { 10, 14, 176, 1, 14, 18, 8598 }, // U+1EEA
    { 8, 12, 144, 1, 12, 12, 8616 }, // U+1EEB
    { 10, 14, 176, 1, 14, 18, 8628 }, // U+1EEC
    { 8, 11, 144, 1, 11, 11, 8646 }, // U+1EED
    { 10, 13, 176, 1, 13, 17, 8657 }, // U+1EEE
    { 8, 11, 144, 1, 11, 11, 8674 }, // U+1EEF
    { 10, 15, 176, 1, 12, 19, 8685 }, // U+1EF0
    { 8, 12, 144, 1, 9, 12, 8704 }, // U+1EF1
    { 9, 15, 144, 0, 15, 17, 8716 }, // U+1EF2
    { 7, 16, 112, 0, 13, 14, 8733 }, // U+1EF3
    { 9, 13, 144, 0, 10, 15, 8747 }, // U+1EF4
    { 7, 11, 112, 0, 8, 10, 8762 }, // U+1EF5
    { 9, 14, 144, 0, 14, 16, 8772 }, // U+1EF6
    { 7, 14, 112, 0, 11, 13, 8788 }, // U+1EF7
    { 9, 14, 144, 0, 14, 16, 8801 }, // U+1EF8
    { 7, 14, 112, 0, 11, 13, 8817 }, // U+1EF9
    { 1, 1, 32, 0, 1, 1, 8830 }, // U+2009
    { 1, 1, 0, 0, 1, 1, 8831 }, // U+200B
    { 1, 11, 0, 0, 10, 2, 8832 }, // U+200C
    { 4, 11, 0, -2, 10, 6, 8834 }, // U+200D
    { 3, 11, 0, 0, 10, 5, 8840 }, // U+200E
    { 3, 11, 0, -3, 10, 5, 8845 }, // U+200F
    { 4, 1, 80, 0, 4, 1, 8850 }, // U+2010
    { 3, 2, 80, 1, 5, 1, 8851 }, // U+2011
    { 7, 1, 112, 0, 5, 1, 8852 }, // U+2013
    { 15, 1, 240, 0, 5, 2, 8853 }, // U+2014
    { 15, 1, 240, 0, 5, 2, 8855 }, // U+2015
    { 2, 4, 64, 2, 12, 1, 8857 }, // U+2018
    { 2, 4, 64, 0, 12, 1, 8858 }, // U+2019
    { 2, 4, 64, 0, 2, 1, 8859 }, // U+201A
    { 5, 4, 96, 2, 12, 3, 8860 }, // U+201C
    { 5, 4, 96, 0, 12, 3, 8863 }, // U+201D
    { 5, 4, 96, 0, 2, 3, 8866 }, // U+201E
    { 5, 12, 112, 1, 10, 8, 8869 }, // U+2020
    { 5, 12, 112, 1, 10, 8, 8877 }, // U+2021
    { 4, 4, 80, 0, 7, 2, 8885 }, // U+2022
    { 11, 2, 240, 2, 2, 3, 8887 }, // U+2026
    { 1, 1, 32, 0, 1, 1, 8890 }, // U+202F
    { 16, 11, 288, 1, 11, 22, 8891 }, // U+2030
    { 3, 7, 64, 0, 8, 3, 8913 }, // U+2039
    { 3, 7, 64, 0, 8, 3, 8916 }, // U+203A
    { 8, 11, 32, -3, 11, 11, 8919 }, // U+2044
    { 3, 8, 80, 1, 8, 3, 8930 }, // U+204F
    { 5, 6, 80, 0, 11, 4, 8933 }, // U+2070
    { 5, 6, 80, 0, 11, 4, 8937 }, // U+2074
    { 3, 6, 80, 1, 11, 3, 8941 }, // U+2075
    { 4, 6, 80, 1, 11, 3, 8944 }, // U+2076
    { 4, 6, 80, 1, 11, 3, 8947 }, // U+2077
    { 5, 6, 80, 0, 11, 4, 8950 }, // U+2078
    { 5, 6, 80, 0, 11, 4, 8954 }, // U+2079
    { 5, 6, 80, 0, 6, 4, 8958 }, // U+2080
    { 2, 6, 80, 1, 6, 2, 8962 }, // U+2081
    { 4, 6, 80, 0, 6, 3, 8964 }, // U+2082
    { 5, 6, 80, -1, 6, 4, 8967 }, // U+2083
    { 5, 6, 80, 0, 6, 4, 8971 }, // U+2084
    { 3, 6, 80, 1, 6, 3, 8975 }, // U+2085
    { 4, 6, 80, 1, 6, 3, 8978 }, // U+2086
    { 4, 6, 80, 1, 6, 3, 8981 }, // U+2087
    { 5, 6, 80, 0, 6, 4, 8984 }, // U+2088
    { 5, 6, 80, 0, 6, 4, 8988 }, // U+2089
    { 10, 9, 192, 1, 9, 12, 8992 }, // U+20AA
    { 7, 10, 128, 1, 10, 9, 9004 }, // U+20AC
    { 9, 11, 176, 1, 11, 13, 9013 }, // U+20AE
    { 6, 11, 128, 1, 11, 9, 9026 }, // U+20B4
    { 7, 11, 128, 1, 11, 10, 9035 }, // U+20B9
    { 7, 11, 144, 1, 11, 10, 9045 }, // U+2202
    { 9, 11, 160, 0, 11, 13, 9055 }, // U+2206
    { 7, 12, 160, 1, 10, 11, 9068 }, // U+220F
    { 8, 13, 128, 0, 11, 13, 9079 }, // U+2211
    { 7, 1, 128, 1, 5, 1, 9092 }, // U+2212
    { 8, 11, 32, -3, 11, 11, 9093 }, // U+2215
    { 1, 2, 64, 1, 6, 1, 9104 }, // U+2219
    { 8, 12, 128, 0, 12, 12, 9105 }, // U+221A
    { 7, 5, 144, 1, 7, 5, 9117 }, // U+221E
    { 6, 15, 96, 0, 12, 12, 9122 }, // U+222B
    { 7, 6, 128, 1, 8, 6, 9134 }, // U+2248
    { 7, 8, 128, 0, 8, 7, 9140 }, // U+2260
    { 8, 9, 128, 0, 9, 9, 9147 }, // U+2264
    { 7, 9, 128, 1, 9, 8, 9156 }, // U+2265
    { 11, 12, 192, 1, 12, 17, 9164 }, // U+FB00
    { 7, 12, 144, 1, 12, 11, 9181 }, // U+FB01
    { 9, 12, 160, 1, 12, 14, 9192 }, // U+FB02
    { 13, 12, 256, 1, 12, 20, 9206 }, // U+FB03
    { 15, 12, 256, 1, 12, 23, 9226 }, // U+FB04
    { 14, 10, 240, 0, 6, 18, 9249 }, // U+FB56
    { 17, 9, 256, 0, 5, 20, 9267 }, // U+FB57
    { 4, 10, 64, 0, 6, 5, 9287 }, // U+FB58
    { 6, 8, 96, 0, 4, 6, 9292 }, // U+FB59
    { 14, 10, 240, 0, 10, 18, 9298 }, // U+FB66
    { 17, 10, 256, 0, 10, 22, 9316 }, // U+FB67
    { 4, 12, 64, 0, 12, 6, 9338 }, // U+FB68
    { 6, 10, 96, 0, 10, 8, 9344 }, // U+FB69
    { 9, 12, 160, 0, 6, 14, 9352 }, // U+FB7A
    { 12, 12, 176, 0, 6, 18, 9366 }, // U+FB7B
    { 8, 9, 144, 0, 5, 9, 9384 }, // U+FB7C
    { 10, 9, 160, 0, 5, 12, 9393 }, // U+FB7D
    { 5, 12, 112, 1, 12, 8, 9405 }, // U+FB88
    { 8, 12, 128, 1, 12, 12, 9413 }, // U+FB89
    { 5, 13, 96, 0, 10, 9, 9425 }, // U+FB8A
    { 7, 13, 96, 0, 10, 12, 9434 }, // U+FB8B
    { 5, 14, 96, 0, 11, 9, 9446 }, // U+FB8C
    { 7, 14, 96, 0, 11, 13, 9455 }, // U+FB8D
    { 13, 11, 208, 0, 11, 18, 9468 }, // U+FB8E
    { 15, 11, 240, 0, 11, 21, 9486 }, // U+FB8F
    { 6, 11, 96, 0, 11, 9, 9507 }, // U+FB90
    { 8, 11, 128, 0, 11, 11, 9516 }, // U+FB91
    { 13, 12, 208, 0, 12, 20, 9527 }, // U+FB92
    { 15, 12, 240, 0, 12, 23, 9547 }, // U+FB93
    { 6, 12, 96, 0, 12, 9, 9570 }, // U+FB94
    { 8, 12, 128, 0, 12, 12, 9579 }, // U+FB95
    { 10, 8, 160, 0, 5, 10, 9591 }, // U+FB9E
    { 12, 7, 176, 0, 4, 11, 9601 }, // U+FB9F
    { 6, 7, 96, 0, 7, 6, 9612 }, // U+FBA6
    { 8, 5, 112, 0, 5, 5, 9618 }, // U+FBA7
    { 3, 9, 64, 0, 6, 4, 9623 }, // U+FBA8
    { 7, 6, 112, 0, 2, 6, 9627 }, // U+FBA9
    { 9, 7, 160, 0, 7, 8, 9633 }, // U+FBAA
    { 10, 9, 144, 0, 6, 12, 9641 }, // U+FBAB
    { 8, 7, 144, 0, 7, 7, 9653 }, // U+FBAC
    { 8, 9, 128, 0, 6, 9, 9660 }, // U+FBAD
    { 14, 7, 224, 0, 7, 13, 9669 }, // U+FBAE
    { 9, 5, 128, 0, 1, 6, 9682 }, // U+FBAF
    { 14, 10, 224, 0, 10, 18, 9688 }, // U+FBB0
    { 9, 9, 128, 0, 5, 11, 9706 }, // U+FBB1
    { 11, 9, 176, 0, 6, 13, 9717 }, // U+FBFC
    { 12, 6, 176, 0, 3, 9, 9730 }, // U+FBFD
    { 4, 9, 64, 0, 6, 5, 9739 }, // U+FBFE
    { 6, 7, 96, 0, 4, 6, 9744 }, // U+FBFF
    { 6, 6, 96, 0, 5, 5, 9750 }, // U+FE80
    { 5, 13, 64, -1, 13, 9, 9755 }, // U+FE81
    { 6, 14, 64, -1, 14, 11, 9764 }, // U+FE82
    { 3, 14, 64, 0, 14, 6, 9775 }, // U+FE83
    { 5, 15, 64, 0, 15, 10, 9781 }, // U+FE84
    { 5, 12, 112, 1, 9, 8, 9791 }, // U+FE85
    { 7, 12, 112, 1, 9, 11, 9799 }, // U+FE86
    { 3, 15, 64, 1, 11, 6, 9810 }, // U+FE87
    { 4, 15, 64, 1, 11, 8, 9816 }, // U+FE88
    { 11, 9, 176, 0, 6, 13, 9824 }, // U+FE89
    { 12, 9, 176, 0, 6, 14, 9837 }, // U+FE8A
    { 3, 10, 64, 0, 10, 4, 9851 }, // U+FE8B
    { 6, 8, 80, 0, 8, 6, 9855 }, // U+FE8C
    { 2, 11, 64, 1, 11, 3, 9861 }, // U+FE8D
    { 4, 11, 64, 1, 11, 6, 9864 }, // U+FE8E
    { 14, 9, 240, 0, 6, 16, 9870 }, // U+FE8F
    { 17, 8, 256, 0, 5, 17, 9886 }, // U+FE90
    { 3, 9, 64, 0, 6, 4, 9903 }, // U+FE91
    { 6, 7, 80, 0, 4, 6, 9907 }, // U+FE92
    { 6, 10, 96, 0, 10, 8, 9913 }, // U+FE93
    { 8, 11, 112, 0, 11, 11, 9921 }, // U+FE94
    { 14, 8, 240, 0, 8, 14, 9932 }, // U+FE95
    { 17, 8, 256, 0, 8, 17, 9946 }, // U+FE96
    { 4, 9, 64, 0, 9, 5, 9963 }, // U+FE97
    { 6, 7, 96, 0, 7, 6, 9968 }, // U+FE98
    { 14, 10, 240, 0, 10, 18, 9974 }, // U+FE99
    { 17, 10, 256, 0, 10, 22, 9992 }, // U+FE9A
    { 4, 11, 64, 0, 11, 6, 10014 }, // U+FE9B
    { 6, 9, 96, 0, 9, 7, 10020 }, // U+FE9C
    { 9, 12, 160, 0, 6, 14, 10027 }, // U+FE9D
    { 10, 12, 160, 0, 6, 15, 10041 }, // U+FE9E
    { 8, 8, 144, 0, 5, 8, 10056 }, // U+FE9F
    { 10, 8, 160, 0, 5, 10, 10064 }, // U+FEA0
    { 9, 12, 160, 0, 6, 14, 10074 }, // U+FEA1
    { 10, 12, 160, 0, 6, 15, 10088 }, // U+FEA2
    { 8, 5, 144, 0, 5, 5, 10103 }, // U+FEA3
    { 10, 5, 160, 0, 5, 7, 10108 }, // U+FEA4
    { 9, 15, 160, 0, 9, 17, 10115 }, // U+FEA5
    { 10, 15, 160, 0, 9, 19, 10132 }, // U+FEA6
    { 8, 8, 144, 0, 8, 8, 10151 }, // U+FEA7
    { 10, 8, 160, 0, 8, 10, 10159 }, // U+FEA8
    { 5, 7, 112, 1, 7, 5, 10169 }, // U+FEA9
    { 8, 7, 128, 1, 7, 7, 10174 }, // U+FEAA
    { 5, 10, 112, 1, 10, 7, 10181 }, // U+FEAB
    { 8, 10, 128, 1, 10, 10, 10188 }, // U+FEAC
    { 5, 8, 96, 0, 5, 5, 10198 }, // U+FEAD
    { 7, 8, 96, 0, 5, 7, 10203 }, // U+FEAE
    { 5, 11, 96, 0, 8, 7, 10210 }, // U+FEAF
    { 7, 11, 96, 0, 8, 10, 10217 }, // U+FEB0
    { 17, 9, 288, 0, 6, 20, 10227 }, // U+FEB1
    { 20, 8, 304, 0, 5, 20, 10247 }, // U+FEB2
    { 11, 6, 192, 0, 6, 9, 10267 }, // U+FEB3
    { 14, 5, 208, 0, 5, 9, 10276 }, // U+FEB4
    { 17, 13, 288, 0, 10, 28, 10285 }, // U+FEB5
    { 20, 13, 304, 0, 10, 33, 10313 }, // U+FEB6
    { 11, 10, 192, 0, 10, 14, 10346 }, // U+FEB7
    { 14, 10, 208, 0, 10, 18, 10360 }, // U+FEB8
    { 19, 9, 320, 0, 6, 22, 10378 }, // U+FEB9
    { 21, 9, 320, 0, 6, 24, 10400 }, // U+FEBA
    { 13, 6, 224, 0, 6, 10, 10424 }, // U+FEBB
    { 15, 6, 224, 0, 6, 12, 10434 }, // U+FEBC
    { 19, 12, 320, 0, 9, 29, 10446 }, // U+FEBD
    { 21, 12, 320, 0, 9, 32, 10475 }, // U+FEBE
    { 13, 9, 224, 0, 9, 15, 10507 }, // U+FEBF
    { 15, 9, 224, 0, 9, 17, 10522 }, // U+FEC0
    { 11, 11, 192, 0, 11, 16, 10539 }, // U+FEC1
    { 13, 11, 192, 0, 11, 18, 10555 }, // U+FEC2
    { 9, 11, 160, 0, 11, 13, 10573 }, // U+FEC3
    { 11, 11, 176, 0, 11, 16, 10586 }, // U+FEC4
    { 11, 11, 192, 0, 11, 16, 10602 }, // U+FEC5
    { 13, 11, 192, 0, 11, 18, 10618 }, // U+FEC6
    { 9, 11, 160, 0, 11, 13, 10636 }, // U+FEC7
    { 11, 11, 176, 0, 11, 16, 10649 }, // U+FEC8
    { 9, 13, 128, 0, 7, 15, 10665 }, // U+FEC9
    { 9, 12, 128, 0, 6, 14, 10680 }, // U+FECA
    { 7, 7, 128, 0, 7, 7, 10694 }, // U+FECB
    { 9, 6, 128, 0, 6, 7, 10701 }, // U+FECC
    { 9, 17, 128, 0, 11, 20, 10708 }, // U+FECD
    { 9, 15, 128, 0, 9, 17, 10728 }, // U+FECE
    { 7, 10, 128, 0, 10, 9, 10745 }, // U+FECF
    { 9, 9, 128, 0, 9, 11, 10754 }, // U+FED0
    { 14, 11, 240, 0, 11, 20, 10765 }, // U+FED1
    { 17, 9, 256, 0, 9, 20, 10785 }, // U+FED2
    { 6, 11, 112, 0, 11, 9, 10805 }, // U+FED3
    { 8, 9, 112, 0, 9, 9, 10814 }, // U+FED4
    { 11, 12, 192, 0, 9, 17, 10823 }, // U+FED5
    { 13, 12, 192, 0, 8, 20, 10840 }, // U+FED6
    { 6, 11, 112, 0, 11, 9, 10860 }, // U+FED7
    { 8, 9, 112, 0, 9, 9, 10869 }, // U+FED8
    { 12, 11, 208, 0, 11, 17, 10878 }, // U+FED9
    { 15, 11, 224, 0, 11, 21, 10895 }, // U+FEDA
    { 6, 11, 96, 0, 11, 9, 10916 }, // U+FEDB
    { 8, 11, 128, 0, 11, 11, 10925 }, // U+FEDC
    { 9, 14, 160, 0, 11, 16, 10936 }, // U+FEDD
    { 12, 14, 176, 0, 11, 21, 10952 }, // U+FEDE
    { 3, 11, 64, 0, 11, 5, 10973 }, // U+FEDF
    { 5, 11, 80, 0, 11, 7, 10978 }, // U+FEE0
    { 7, 12, 112, 0, 6, 11, 10985 }, // U+FEE1
    { 9, 11, 128, 0, 5, 13, 10996 }, // U+FEE2
    { 7, 5, 128, 0, 5, 5, 11009 }, // U+FEE3
    { 9, 5, 144, 0, 5, 6, 11014 }, // U+FEE4
    { 10, 10, 160, 0, 7, 13, 11020 }, // U+FEE5
    { 12, 10, 176, 0, 7, 15, 11033 }, // U+FEE6
    { 3, 9, 64, 0, 9, 4, 11048 }, // U+FEE7
    { 6, 7, 80, 0, 7, 6, 11052 }, // U+FEE8
    { 6, 7, 96, 0, 7, 6, 11058 }, // U+FEE9
    { 8, 8, 112, 0, 8, 8, 11064 }, // U+FEEA
    { 8, 7, 144, 0, 7, 7, 11072 }, // U+FEEB
    { 8, 9, 128, 0, 6, 9, 11079 }, // U+FEEC
    { 5, 8, 112, 1, 5, 5, 11088 }, // U+FEED
    { 7, 8, 112, 1, 5, 7, 11093 }, // U+FEEE
    { 11, 9, 176, 0, 6, 13, 11100 }, // U+FEEF
    { 12, 6, 176, 0, 3, 9, 11113 }, // U+FEF0
    { 11, 12, 176, 0, 6, 17, 11122 }, // U+FEF1
    { 12, 9, 176, 0, 3, 14, 11139 }, // U+FEF2
    { 4, 9, 64, 0, 6, 5, 11153 }, // U+FEF3
    { 6, 7, 96, 0, 4, 6, 11158 }, // U+FEF4
    { 9, 12, 144, -1, 12, 14, 11164 }, // U+FEF5
    { 11, 12, 144, -1, 12, 17, 11178 }, // U+FEF6
    { 8, 13, 144, 0, 13, 13, 11195 }, // U+FEF7
    { 10, 13, 144, 0, 13, 17, 11208 }, // U+FEF8
    { 7, 15, 144, 1, 11, 14, 11225 }, // U+FEF9
    { 9, 15, 144, 1, 11, 17, 11239 }, // U+FEFA
    { 7, 11, 144, 1, 11, 10, 11256 }, // U+FEFB
    { 9, 11, 144, 1, 11, 13, 11266 }, // U+FEFC
};

static const EpdUnicodeInterval ubuntu_c15_regularIntervals[] = {
    { 0x0, 0x0, 0x0 },
    { 0x8, 0x9, 0x1 },
    { 0xD, 0xD, 0x3 },
    { 0x1D, 0x1D, 0x4 },
    { 0x20, 0x7E, 0x5 },
    { 0xA0, 0x17F, 0x64 },
    { 0x1A0, 0x1A1, 0x144 },
    { 0x1AF, 0x1B0, 0x146 },
    { 0x1C4, 0x21F, 0x148 },
    { 0x300, 0x304, 0x1A4 },
    { 0x306, 0x308, 0x1A9 },
    { 0x30A, 0x30C, 0x1AC },
    { 0x311, 0x312, 0x1AF },
    { 0x326, 0x328, 0x1B1 },
    { 0x34F, 0x34F, 0x1B4 },
    { 0x400, 0x45F, 0x1B5 },
    { 0x462, 0x463, 0x215 },
    { 0x472, 0x475, 0x217 },
    { 0x48A, 0x4F9, 0x21B },
    { 0x5D0, 0x5EA, 0x28B },
    { 0x60C, 0x60C, 0x2A6 },
    { 0x61B, 0x61B, 0x2A7 },
    { 0x61F, 0x61F, 0x2A8 },
    { 0x621, 0x621, 0x2A9 },
    { 0x640, 0x640, 0x2AA },
    { 0x654, 0x654, 0x2AB },
    { 0x660, 0x669, 0x2AC },
    { 0x6BA, 0x6BA, 0x2B6 },
    { 0x6D4, 0x6D5, 0x2B7 },
    { 0x6F0, 0x6F9, 0x2B9 },
    { 0x1EA0, 0x1EF9, 0x2C3 },
    { 0x2009, 0x2009, 0x31D },
    { 0x200B, 0x2011, 0x31E },
    { 0x2013, 0x2015, 0x325 },
    { 0x2018, 0x201A, 0x328 },
    { 0x201C, 0x201E, 0x32B },
    { 0x2020, 0x2022, 0x32E },
    { 0x2026, 0x2026, 0x331 },
    { 0x202F, 0x2030, 0x332 },
    { 0x2039, 0x203A, 0x334 },
    { 0x2044, 0x2044, 0x336 },
    { 0x204F, 0x204F, 0x337 },
    { 0x2070, 0x2070, 0x338 },
    { 0x2074, 0x2079, 0x339 },
    { 0x2080, 0x2089, 0x33F },
    { 0x20AA, 0x20AA, 0x349 },
    { 0x20AC, 0x20AC, 0x34A },
    { 0x20AE, 0x20AE, 0x34B },
    { 0x20B4, 0x20B4, 0x34C },
    { 0x20B9, 0x20B9, 0x34D },
    { 0x2202, 0x2202, 0x34E },
    { 0x2206, 0x2206, 0x34F },
    { 0x220F, 0x220F, 0x350 },
    { 0x2211, 0x2212, 0x351 },
    { 0x2215, 0x2215, 0x353 },
    { 0x2219, 0x221A, 0x354 },
    { 0x221E, 0x221E, 0x356 },
    { 0x222B, 0x222B, 0x357 },
    { 0x2248, 0x2248, 0x358 },
    { 0x2260, 0x2260, 0x359 },
    { 0x2264, 0x2265, 0x35A },
    { 0xFB00, 0xFB04, 0x35C },
    { 0xFB56, 0xFB59, 0x361 },
    { 0xFB66, 0xFB69, 0x365 },
    { 0xFB7A, 0xFB7D, 0x369 },
    { 0xFB88, 0xFB95, 0x36D },
    { 0xFB9E, 0xFB9F, 0x37B },
    { 0xFBA6, 0xFBB1, 0x37D },
    { 0xFBFC, 0xFBFF, 0x389 },
    { 0xFE80, 0xFEFC, 0x38D },
};

static const uint16_t ubuntu_c15_regularKernLeftCodepoints[] = {
    0x0022, 0x0027, 0x0028, 0x0029, 0x002A, 0x002C, 0x002D, 0x002E, 0x002F, 0x003A, 0x003B, 0x0040,
    0x0041, 0x0042, 0x0043, 0x0044, 0x0045, 0x0046, 0x0047, 0x004A, 0x004B, 0x004C, 0x004D, 0x004F,
    0x0050, 0x0051, 0x0052, 0x0054, 0x0055, 0x0056, 0x0057, 0x0058, 0x0059, 0x005A, 0x005B, 0x005D,
    0x0061, 0x0062, 0x0063, 0x0066, 0x0068, 0x006A, 0x006B, 0x006D, 0x006E, 0x006F, 0x0070, 0x0071,
    0x0072, 0x0074, 0x0076, 0x0077, 0x0078, 0x007A, 0x007B, 0x007D, 0x00A1, 0x00AB, 0x00BB, 0x00BF,
    0x00C0, 0x00C1, 0x00C2, 0x00C3, 0x00C4, 0x00C5, 0x00C6, 0x00C7, 0x00C8, 0x00C9, 0x00CA, 0x00CB,
    0x00D0, 0x00D2, 0x00D3, 0x00D4, 0x00D5, 0x00D6, 0x00D8, 0x00D9, 0x00DA, 0x00DB, 0x00DC, 0x00DD,
    0x00DE, 0x00DF, 0x00E0, 0x00E1, 0x00E2, 0x00E3, 0x00E4, 0x00E5, 0x00E7, 0x00F0, 0x00F1, 0x00F2,
    0x00F3, 0x00F4, 0x00F5, 0x00F6, 0x00F8, 0x00FE, 0x0100, 0x0101, 0x0102, 0x0103, 0x0104, 0x0105,
    0x0106, 0x0107, 0x0108, 0x0109, 0x010A, 0x010B, 0x010C, 0x010D, 0x010E, 0x010F, 0x0110, 0x0112,
    0x0114, 0x0116, 0x0118, 0x011A, 0x011C, 0x011E, 0x0120, 0x0122, 0x0125, 0x0127, 0x0132, 0x0133,
    0x0134, 0x0135, 0x0136, 0x0137, 0x0138, 0x0139, 0x013B, 0x013D, 0x013E, 0x013F, 0x0141, 0x0144,
    0x0146, 0x0148, 0x0149, 0x014A, 0x014B, 0x014C, 0x014D, 0x014E, 0x014F, 0x0150, 0x0151, 0x0152,
    0x0154, 0x0155, 0x0156, 0x0157, 0x0158, 0x0159, 0x0162, 0x0163, 0x0164, 0x0165, 0x0166, 0x0167,
    0x0168, 0x016A, 0x016C, 0x016E, 0x0170, 0x0172, 0x0174, 0x0175, 0x0176, 0x0178, 0x0179, 0x017A,
    0x017B, 0x017C, 0x017D, 0x017E, 0x017F, 0x01C4, 0x01C5, 0x01C6, 0x01C7, 0x01C8, 0x01C9, 0x01CA,
    0x01CB, 0x01CC, 0x01CD, 0x01CE, 0x01D1, 0x01D2, 0x01D3, 0x01D5, 0x01D7, 0x01D9, 0x01DB, 0x01DD,
    0x01DE, 0x01DF, 0x01E0, 0x01E1, 0x01E2, 0x01E4, 0x01E6, 0x01E8, 0x01E9, 0x01EA, 0x01EB, 0x01EC,
    0x01ED, 0x01EE, 0x01F0, 0x01F1, 0x01F2, 0x01F3, 0x01F4, 0x01F7, 0x01F9, 0x01FA, 0x01FB, 0x01FC,
    0x01FE, 0x01FF, 0x0200, 0x0201, 0x0202, 0x0203, 0x0204, 0x0206, 0x020C, 0x020D, 0x020E, 0x020F,
    0x0210, 0x0211, 0x0212, 0x0213, 0x0214, 0x0216, 0x021A, 0x021B, 0x021C, 0x021F, 0x0400, 0x0401,
    0x0402, 0x0403, 0x0404, 0x0405, 0x040B, 0x040C, 0x040E, 0x0410, 0x0411, 0x0412, 0x0413, 0x0414,
    0x0415, 0x0417, 0x041A, 0x041C, 0x041E, 0x0420, 0x0421, 0x0422, 0x0423, 0x0424, 0x0425, 0x0426,
    0x0429, 0x042D, 0x042E, 0x0430, 0x0431, 0x0432, 0x0433, 0x0434, 0x0435, 0x0436, 0x0437, 0x043A,
    0x043E, 0x0440, 0x0441, 0x0442, 0x0443, 0x0444, 0x0445, 0x0446, 0x0449, 0x044A, 0x044C, 0x044D,
    0x044E, 0x0450, 0x0451, 0x0452, 0x0453, 0x0454, 0x0455, 0x0459, 0x045A, 0x045B, 0x045C, 0x045E,
    0x0462, 0x0463, 0x0472, 0x0473, 0x0474, 0x0475, 0x048A, 0x048B, 0x048D, 0x048F, 0x0490, 0x0491,
    0x0492, 0x0493, 0x0494, 0x0495, 0x0497, 0x0498, 0x0499, 0x049A, 0x049B, 0x049C, 0x049D, 0x049E,
    0x049F, 0x04A0, 0x04A1, 0x04A2, 0x04A3, 0x04A4, 0x04A5, 0x04A7, 0x04A8, 0x04A9, 0x04AA, 0x04AB,
    0x04AC, 0x04AD, 0x04AE, 0x04AF, 0x04B0, 0x04B1, 0x04B2, 0x04B3, 0x04B4, 0x04B5, 0x04B6, 0x04B7,
    0x04BA, 0x04BB, 0x04BC, 0x04BD, 0x04BE, 0x04BF, 0x04C2, 0x04C4, 0x04C6, 0x04C8, 0x04C9, 0x04CA,
    0x04CD, 0x04CE, 0x04D0, 0x04D1, 0x04D2, 0x04D3, 0x04D5, 0x04D6, 0x04D7, 0x04D8, 0x04D9, 0x04DA,
    0x04DB, 0x04DD, 0x04DE, 0x04DF, 0x04E0, 0x04E1, 0x04E6, 0x04E7, 0x04E8, 0x04E9, 0x04EA, 0x04EB,
    0x04EC, 0x04ED, 0x04EE, 0x04EF, 0x04F0, 0x04F1, 0x04F2, 0x04F3, 0x04F6, 0x04F7, 0x05D0, 0x05D1,
    0x05D2, 0x05D3, 0x05D5, 0x05D6, 0x05D8, 0x05D9, 0x05DB, 0x05DC, 0x05DE, 0x05E0, 0x05E1, 0x05E2,
    0x05E4, 0x05E6, 0x05E8, 0x05E9, 0x05EA, 0x1EF2, 0x2013, 0x2014, 0x2018, 0x201A, 0x201C, 0x201E,
    0x2026, 0x2039, 0x203A, 0xFB00, 0xFB8C, 0xFEAD, 0xFEAE, 0xFEAF,
};

static const uint8_t ubuntu_c15_regularKernLeftClassIds[] = {
      1,   1,   2,   3,   4,   5,   6,   5,   7,   8,   8,   9,  10,  11,  12,  13,
     14,  15,  16,  17,  18,  19,  20,  21,  22,  23,  24,  25,  26,  27,  28,  29,
     30,  31,  32,  33,  34,  35,  36,  37,  38,  39,  40,  41,  41,  42,  43,  44,
     45,  46,  47,  48,  49,  50,  51,  52,  53,  54,  55,  56,  10,  10,  10,  10,
     10,  10,  14,  12,  14,  14,  14,  14,  13,  21,  21,  21,  21,  21,  21,  26,
     26,  26,  26,  30,  57,  58,  34,  34,  34,  34,  34,  34,  36,  59,  41,  42,
     42,  42,  42,  42,  42,  60,  10,  34,  10,  34,  10,  34,  12,  36,  12,  36,
     12,  36,  12,  36,  13,  61,  13,  14,  14,  14,  14,  14,  16,  16,  16,  16,
     38,  38,  17,  39,  17,  39,  18,  40,  40,  19,  19,  19,  61,  19,  19,  41,
     41,  41,  41,  62,  63,  21,  42,  21,  42,  21,  42,  14,  24,  45,  24,  45,
     24,  45,  25,  46,  25,  46,  25,  46,  26,  26,  26,  26,  26,  26,  28,  48,
     30,  30,  31,  50,  31,  50,  31,  50,  37,  31,  50,  50,  17,  39,  39,  17,
     39,  39,  10,  34,  21,  42,  26,  26,  26,  26,  26,  42,  10,  34,  10,  34,
     14,  16,  16,  18,  40,  21,  42,  21,  42,  64,  39,  31,  50,  50,  16,  65,
     41,  10,  34,  14,  21,  42,  10,  34,  10,  34,  14,  14,  21,  42,  21,  42,
     24,  45,  24,  45,  26,  26,  25,  46,  66,  38,  67,  67,  68,  69,  70,  71,
     72,  73,  74,  75,  68,  76,  69,  77,  67,  78,  73,  79,  80,  81,  70,  82,
     74,  83,  84,  85,  85,  86,  80,  87,  88,  89,  90,  91,  92,  93,  94,  95,
     96,  97,  98,  99, 100, 101, 102, 103, 103, 104, 104, 105, 106,  92,  92, 107,
     90, 108, 109, 104, 104, 110,  95, 100,  68, 111,  80,  96, 112, 113,  85, 103,
    104,  97,  69,  90,  69,  90,  68, 114,  93,  78,  94,  73,  95,  73,  95,  73,
     95,  73,  95,  85, 103,  82,  90, 115, 116, 117,  70,  98,  82,  99, 118, 119,
    118, 119,  84, 102,  85, 103,  85, 103, 120, 121, 122, 123, 122, 123,  93, 124,
    103, 125,  85, 103,  85, 103,  75,  87,  75,  87, 126,  67,  92, 127, 128, 127,
    128,  93,  78,  94, 129, 130,  80,  96,  80,  96,  80,  96,  86,  94,  74, 100,
     74, 100,  74, 100,  69,  90, 131, 132, 133, 134, 135, 136, 137, 138, 139, 140,
    141, 142, 143, 144, 145, 146, 147, 148, 149,  30,   6,   6, 150, 151, 150, 151,
      5,  54,  55,  37, 152, 152, 152, 152,
};

static const uint16_t ubuntu_c15_regularKernRightCodepoints[] = {
    0x0021, 0x0022, 0x0027, 0x0028, 0x0029, 0x002A, 0x002C, 0x002D, 0x002E, 0x002F, 0x003A, 0x003B,
    0x003F, 0x0040, 0x0041, 0x0043, 0x0047, 0x004A, 0x004D, 0x004F, 0x0051, 0x0053, 0x0054, 0x0055,
    0x0056, 0x0057, 0x0058, 0x0059, 0x005A, 0x005B, 0x005C, 0x005D, 0x0061, 0x0062, 0x0063, 0x0064,
    0x0065, 0x0066, 0x0067, 0x0068, 0x0069, 0x006A, 0x006B, 0x006C, 0x006D, 0x006E, 0x006F, 0x0070,
    0x0071, 0x0072, 0x0073, 0x0074, 0x0075, 0x0076, 0x0077, 0x0078, 0x0079, 0x007A, 0x007B, 0x007D,
    0x00AB, 0x00BB, 0x00C0, 0x00C1, 0x00C2, 0x00C3, 0x00C4, 0x00C5, 0x00C6, 0x00C7, 0x00D2, 0x00D3,
    0x00D4, 0x00D5, 0x00D6, 0x00D8, 0x00D9, 0x00DA, 0x00DB, 0x00DC, 0x00DD, 0x00DF, 0x00E0, 0x00E1,
    0x00E2, 0x00E3, 0x00E4, 0x00E5, 0x00E6, 0x00E7, 0x00E8, 0x00E9, 0x00EA, 0x00EB, 0x00EC, 0x00ED,
    0x00EE, 0x00EF, 0x00F0, 0x00F1, 0x00F2, 0x00F3, 0x00F4, 0x00F5, 0x00F6, 0x00F8, 0x00F9, 0x00FA,
    0x00FB, 0x00FC, 0x00FD, 0x00FE, 0x00FF, 0x0100, 0x0101, 0x0102, 0x0103, 0x0104, 0x0105, 0x0106,
    0x0107, 0x0108, 0x0109, 0x010A, 0x010B, 0x010C, 0x010D, 0x010F, 0x0111, 0x0113, 0x0115, 0x0117,
    0x0119, 0x011B, 0x011C, 0x011D, 0x011E, 0x011F, 0x0120, 0x0121, 0x0122, 0x0123, 0x0125, 0x0127,
    0x0129, 0x012B, 0x012D, 0x012F, 0x0131, 0x0133, 0x0134, 0x0135, 0x0137, 0x013A, 0x013C, 0x013E,
    0x0140, 0x0142, 0x0144, 0x0146, 0x0148, 0x0149, 0x014A, 0x014B, 0x014C, 0x014D, 0x014E, 0x014F,
    0x0150, 0x0151, 0x0152, 0x0153, 0x0155, 0x0157, 0x0159, 0x015A, 0x015B, 0x015C, 0x015D, 0x015E,
    0x015F, 0x0160, 0x0161, 0x0162, 0x0163, 0x0164, 0x0165, 0x0166, 0x0167, 0x0168, 0x0169, 0x016A,
    0x016B, 0x016C, 0x016D, 0x016E, 0x016F, 0x0170, 0x0171, 0x0172, 0x0173, 0x0174, 0x0175, 0x0176,
    0x0177, 0x0178, 0x0179, 0x017A, 0x017B, 0x017C, 0x017D, 0x017E, 0x017F, 0x01A0, 0x01A1, 0x01AF,
    0x01B0, 0x01C6, 0x01C9, 0x01CC, 0x01CD, 0x01CE, 0x01D0, 0x01D1, 0x01D2, 0x01D3, 0x01D4, 0x01D5,
    0x01D6, 0x01D7, 0x01D8, 0x01D9, 0x01DA, 0x01DB, 0x01DC, 0x01DD, 0x01DE, 0x01DF, 0x01E0, 0x01E1,
    0x01E2, 0x01E3, 0x01E4, 0x01E5, 0x01E6, 0x01E7, 0x01E9, 0x01EA, 0x01EB, 0x01EC, 0x01ED, 0x01EE,
    0x01EF, 0x01F0, 0x01F3, 0x01F4, 0x01F5, 0x01F7, 0x01F9, 0x01FA, 0x01FB, 0x01FC, 0x01FD, 0x01FE,
    0x01FF, 0x0200, 0x0201, 0x0202, 0x0203, 0x0205, 0x0207, 0x0209, 0x020B, 0x020C, 0x020D, 0x020E,
    0x020F, 0x0211, 0x0213, 0x0214, 0x0215, 0x0216, 0x0217, 0x0218, 0x0219, 0x021A, 0x021B, 0x021C,
    0x021D, 0x021F, 0x0402, 0x0404, 0x0405, 0x0408, 0x0409, 0x040B, 0x040E, 0x0410, 0x0414, 0x0416,
    0x0417, 0x041B, 0x041C, 0x041E, 0x0421, 0x0422, 0x0423, 0x0424, 0x0425, 0x0427, 0x042A, 0x042D,
    0x042F, 0x0430, 0x0431, 0x0432, 0x0433, 0x0434, 0x0435, 0x0436, 0x0437, 0x0438, 0x0439, 0x043A,
    0x043B, 0x043C, 0x043D, 0x043E, 0x043F, 0x0440, 0x0441, 0x0442, 0x0443, 0x0444, 0x0445, 0x0446,
    0x0447, 0x0448, 0x0449, 0x044A, 0x044B, 0x044C, 0x044D, 0x044E, 0x044F, 0x0450, 0x0451, 0x0452,
    0x0453, 0x0454, 0x0455, 0x0456, 0x0457, 0x0458, 0x0459, 0x045A, 0x045B, 0x045C, 0x045D, 0x045E,
    0x045F, 0x0462, 0x0463, 0x0472, 0x0473, 0x0474, 0x0475, 0x048B, 0x048D, 0x048F, 0x0491, 0x0493,
    0x0495, 0x0496, 0x0497, 0x0498, 0x0499, 0x049B, 0x049D, 0x049F, 0x04A1, 0x04A3, 0x04A5, 0x04A7,
    0x04A8, 0x04A9, 0x04AA, 0x04AB, 0x04AC, 0x04AD, 0x04AE, 0x04AF, 0x04B0, 0x04B1, 0x04B2, 0x04B3,
    0x04B4, 0x04B5, 0x04B6, 0x04B7, 0x04B8, 0x04B9, 0x04BB, 0x04BC, 0x04BD, 0x04BE, 0x04BF, 0x04C1,
    0x04C2, 0x04C4, 0x04C5, 0x04C6, 0x04C8, 0x04CA, 0x04CB, 0x04CC, 0x04CE, 0x04D0, 0x04D1, 0x04D2,
    0x04D3, 0x04D5, 0x04D7, 0x04D8, 0x04D9, 0x04DA, 0x04DB, 0x04DC, 0x04DD, 0x04DE, 0x04DF, 0x04E0,
    0x04E1, 0x04E3, 0x04E5, 0x04E6, 0x04E7, 0x04E8, 0x04E9, 0x04EA, 0x04EB, 0x04EC, 0x04ED, 0x04EE,
    0x04EF, 0x04F0, 0x04F1, 0x04F2, 0x04F3, 0x04F4, 0x04F5, 0x04F7, 0x04F9, 0x05D0, 0x05D1, 0x05D2,
    0x05D3, 0x05D4, 0x05D6, 0x05D7, 0x05D8, 0x05D9, 0x05DA, 0x05DB, 0x05DC, 0x05DD, 0x05DE, 0x05E1,
    0x05E2, 0x05E3, 0x05E4, 0x05E5, 0x05E7, 0x05E8, 0x05E9, 0x05EA, 0x06D5, 0x1EF2, 0x1EF3, 0x2013,
    0x2014, 0x2018, 0x2019, 0x201A, 0x201C, 0x201D, 0x201E, 0x2026, 0x2039, 0x203A, 0xFB00, 0xFB01,
    0xFB02, 0xFB03, 0xFB04, 0xFB8E, 0xFBA6, 0xFBAA, 0xFE8D, 0xFEA3, 0xFEA9, 0xFEB1, 0xFEB3, 0xFEB9,
    0xFEBB, 0xFEC1, 0xFEC3, 0xFECB, 0xFEDB, 0xFEDF, 0xFEE1, 0xFEE3, 0xFEEB,
};

static const uint8_t ubuntu_c15_regularKernRightClassIds[] = {
      1,   2,   2,   3,   4,   5,   6,   7,   6,   8,   9,   9,  10,  11,  12,  13,
     14,  15,  16,  17,  17,  18,  19,  20,  21,  22,  23,  24,  25,  26,  27,  28,
     29,  30,  31,  32,  33,  34,  35,  30,  36,  37,  30,  38,  39,  39,  40,  39,
     41,  39,  42,  43,  44,  45,  46,  47,  48,  49,  50,  51,  52,  53,  12,  12,
     12,  12,  12,  12,  54,  13,  17,  17,  17,  17,  17,  17,  20,  20,  20,  20,
     24,  55,  29,  29,  29,  29,  29,  29,  29,  31,  33,  33,  33,  33,  56,  36,
     57,  58,  59,  39,  40,  40,  40,  40,  40,  40,  44,  44,  44,  44,  48,  55,
     48,  12,  29,  12,  29,  12,  29,  13,  31,  13,  31,  13,  31,  13,  31,  32,
     32,  33,  33,  33,  33,  33,  14,  35,  14,  35,  14,  35,  14,  35,  30,  30,
     60,  61,  62,  36,  36,  36,  15,  37,  30,  38,  38,  38,  38,  38,  39,  39,
     39,  39,  63,  64,  17,  40,  17,  40,  17,  40,  17,  40,  39,  39,  39,  18,
     42,  18,  42,  18,  42,  18,  42,  19,  43,  19,  43,  19,  43,  20,  44,  20,
     44,  20,  44,  20,  44,  20,  44,  20,  44,  22,  46,  24,  48,  24,  25,  49,
     25,  49,  25,  49,  34,  17,  40,  20,  44,  32,  38,  39,  12,  29,  36,  17,
     40,  20,  44,  20,  44,  20,  44,  20,  44,  20,  44,  65,  12,  29,  12,  29,
     54,  29,  14,  35,  14,  35,  30,  17,  40,  17,  40,  66,  67,  37,  32,  14,
     35,  55,  39,  12,  29,  54,  29,  17,  40,  12,  29,  12,  29,  33,  33,  36,
     36,  17,  40,  17,  40,  39,  39,  20,  44,  20,  44,  18,  42,  19,  43,  68,
     69,  30,  70,  71,  72,  73,  74,  70,  75,  76,  77,  78,  79,  74,  80,  81,
     71,  70,  75,  82,  83,  84,  70,  85,  86,  87,  88,  89,  90,  91,  92,  93,
     94,  90,  90,  90,  95,  96,  90,  97,  90,  98,  99, 100, 101, 102, 103,  90,
    104,  90, 105, 106,  90,  90, 107,  89, 108,  92,  92, 109,  90, 110, 111, 112,
    113, 114,  95,  90, 115,  90,  90, 101, 105,  70, 116,  81,  97,  75, 101,  90,
    117,  98,  90,  90,  90,  78,  93,  79,  94,  90,  90,  90,  90,  90,  90,  90,
    118, 119,  71,  99,  70, 100, 120, 121, 120, 121,  83, 103,  70, 100,  84, 104,
     84, 104, 122, 123, 124, 123, 124,  78,  93,  90,  74,  95,  90,  90,  84, 104,
     96,  76,  87,  76,  87, 125,  92, 126, 127, 126, 127,  78,  93,  79, 128, 129,
    130,  90,  90,  81,  97,  81,  97,  81,  97,  85, 131,  75, 101,  75, 101,  75,
    101,  84, 104,  90,  90, 132, 133, 134, 135, 136, 137, 138, 139, 140, 141, 142,
    143, 144, 145, 146, 147, 148, 149, 150, 151, 152, 153, 154, 155,  24,  48,   7,
      7, 156, 157, 158, 156, 157, 158,   6,  52,  53,  34,  34,  34,  34,  34, 155,
    155, 155, 159, 155, 160, 160, 160, 160, 160, 160, 160, 159, 155, 159, 155, 155,
    155,
};

static const uint16_t ubuntu_c15_regularKernRowOffsets[] = {
        0,    19,    38,    68,    84,   110,   133,   159,   173,   205,   247,   264,   298,   325,   356,   390,
      396,   408,   449,   489,   491,   518,   544,   567,   590,   637,   652,   698,   736,   770,   816,   849,
      883,   898,   908,   921,   933,   955,   966,   967,   981,   992,  1006,  1020,  1021,  1036,  1049,  1067,
     1081,  1092,  1106,  1128,  1153,  1159,  1164,  1190,  1204,  1227,  1240,  1244,  1258,  1289,  1291,  1298,
     1305,  1326,  1330,  1362,  1392,  1452,  1493,  1501,  1533,  1586,  1638,  1691,  1713,  1746,  1762,  1775,
     1813,  1840,  1901,  1945,  1984,  2017,  2051,  2060,  2074,  2080,  2099,  2112,  2129,  2149,  2155,  2173,
     2193,  2215,  2231,  2250,  2271,  2295,  2313,  2327,  2338,  2357,  2376,  2384,  2400,  2406,  2417,  2428,
     2488,  2509,  2514,  2523,  2560,  2571,  2623,  2644,  2656,  2667,  2689,  2703,  2707,  2712,  2726,  2754,
     2774,  2798,  2807,  2813,  2818,  2825,  2836,  2842,  2843,  2852,  2863,  2869,  2879,  2884,  2887,  2894,
     2896,  2903,  2910,  2920,  2927,  2937,  2951,  2972,  2975,
};

static const uint8_t ubuntu_c15_regularKernSparseCols[] = {
     11,  12,  13,  14,  16,  20,  21,  24,  53,  70,  72,  73,  75,  76,  80,  81,
    117, 125, 128,   3,  12,  13,  16,  17,  18,  19,  20,  23,  69,  70,  71,  76,
     80,  81, 117, 119, 122, 125,  11,  12,  13,  14,  16,  17,  18,  20,  21,  22,
     23,  24,  53,  69,  70,  71,  74,  75,  77,  78,  80,  81,  82,  83,  84,  85,
    117, 119, 125, 128,  11,  12,  13,  14,  22,  53,  70,  72,  73,  75,  76,  77,
     78,  82, 125, 128,  11,  12,  13,  14,  16,  17,  18,  19,  20,  21,  22,  23,
     24,  53,  69,  70,  75,  76,  80,  81,  82,  83, 117, 119, 122, 125,  14,  18,
     20,  22,  23,  24,  53,  69,  70,  71,  72,  73,  74,  76,  77,  78,  80,  82,
     84, 117, 119, 125, 128,  11,  12,  13,  14,  16,  18,  20,  21,  22,  23,  24,
     53,  69,  70,  72,  73,  74,  75,  76,  77,  80,  81,  82,  84, 117, 119,  12,
     13,  16,  18,  19,  20,  21,  23,  69,  70,  80,  81, 119, 125,  11,  12,  13,
     14,  16,  17,  18,  19,  20,  21,  22,  23,  24,  53,  69,  70,  71,  72,  73,
     74,  75,  76,  77,  78,  80,  81,  82,  83,  84,  85, 119, 128,   1,   2,   4,
      5,   7,  10,  11,  12,  13,  14,  16,  17,  18,  19,  20,  21,  22,  23,  24,
     27,  30,  31,  32,  34,  39,  40,  41,  43,  44,  45,  46,  47,  48,  49,  50,
     51,  53,  58,  67, 155, 156, 157,   1,   2,   3,   4,   5,   7,   8,   9,  20,
     21,  22,  23,  27,  48,  50,  53,  67,   2,   5,   6,   9,  10,  11,  12,  13,
     14,  16,  17,  18,  20,  22,  23,  24,  25,  30,  31,  32,  34,  39,  40,  43,
     44,  45,  46,  47,  49,  51,  53,  58, 156, 157,   0,   1,   2,   3,   5,   7,
      9,  10,  11,  14,  17,  18,  20,  21,  22,  23,  24,  25,  27,  28,  50,  53,
     65,  67, 155, 156, 157,   1,   2,   4,   5,  10,  11,  12,  13,  14,  16,  19,
     25,  27,  30,  31,  32,  34,  39,  40,  42,  43,  44,  45,  46,  47,  49,  50,
     51,  53,  58, 155,   0,   2,   5,   7,   8,   9,  10,  11,  12,  13,  14,  16,
     18,  20,  23,  25,  27,  28,  30,  31,  32,  34,  38,  39,  40,  43,  46,  48,
     52,  53,  58,  63,  64, 157,   3,   4,  27,  44,  47,  50,   3,   5,   7,  11,
     14,  24,  27,  48,  50,  53,  65, 157,   2,   4,   5,   6,   7,   9,  10,  11,
     12,  13,  14,  16,  18,  20,  21,  22,  23,  24,  27,  30,  31,  32,  34,  39,
     40,  41,  43,  44,  45,  46,  47,  48,  49,  51,  53,  57,  58,  59,  60,  64,
    157,   1,   2,   4,   5,   6,   7,  11,  12,  13,  14,  16,  17,  18,  19,  20,
     21,  22,  23,  24,  27,  30,  31,  32,  34,  39,  40,  44,  45,  46,  47,  48,
     49,  50,  51,  52,  53,  67, 155, 156, 157,  20,  23,   0,   1,   2,   3,   5,
      7,   9,  10,  11,  14,  17,  18,  20,  21,  22,  23,  24,  25,  27,  28,  50,
     53,  65,  67, 155, 156, 157,   0,   2,   3,   5,   7,  11,  14,  22,  25,  27,
     28,  30,  31,  32,  34,  39,  40,  44,  45,  47,  50,  51,  53,  58, 156, 157,
      0,   1,   2,   5,   9,  10,  11,  14,  17,  18,  20,  21,  22,  23,  24,  25,
     28,  36,  53,  65, 155, 156, 157,   2,   5,   7,   9,  10,  11,  12,  13,  14,
     16,  20,  22,  23,  24,  27,  46,  48,  49,  50,  51,  53,  58, 157,   2,   3,
      5,   6,   7,   8,   9,  10,  11,  12,  13,  14,  16,  18,  20,  21,  22,  23,
     27,  28,  30,  31,  32,  34,  38,  39,  40,  41,  43,  44,  45,  46,  47,  48,
     49,  51,  52,  53,  56,  57,  58,  59,  60,  61,  63,  64, 157,   2,   5,   7,
      8,  11,  14,  24,  27,  28,  48,  49,  50,  53,  65, 157,   1,   2,   3,   5,
      6,   7,   8,   9,  10,  11,  12,  13,  14,  15,  16,  18,  20,  21,  22,  23,
     27,  28,  30,  31,  32,  34,  38,  39,  40,  41,  43,  49,  51,  52,  53,  55,
     57,  58,  59,  60,  61,  63,  64, 155, 156, 157,   1,   2,   5,   7,   8,   9,
     10,  11,  12,  13,  14,  16,  18,  20,  21,  22,  23,  27,  28,  30,  31,  32,
     34,  38,  39,  40,  41,  43,  49,  51,  53,  57,  58,  59,  63, 155, 156, 157,
      2,   4,   5,   6,   7,  10,  11,  12,  13,  14,  16,  18,  20,  22,  23,  24,
     27,  30,  31,  32,  34,  39,  40,  43,  44,  45,  46,  47,  49,  51,  53,  58,
     64, 157,   2,   3,   5,   6,   7,   8,   9,  10,  11,  12,  13,  14,  15,  16,
     18,  20,  21,  22,  23,  24,  27,  28,  30,  31,  32,  34,  38,  39,  40,  41,
     43,  46,  48,  49,  51,  52,  53,  57,  58,  59,  60,  63,  64, 155, 156, 157,
      2,   5,   6,  10,  11,  12,  13,  14,  16,  19,  20,  23,  25,  27,  30,  31,
     32,  34,  39,  40,  42,  43,  44,  45,  46,  47,  49,  50,  51,  53,  57,  58,
     59,  11,  12,  13,  14,  16,  17,  18,  19,  20,  21,  22,  23,  24,  27,  53,
     69,  70,  71,  72,  73,  74,  75,  76,  77,  80,  81,  82,  83,  85, 117, 119,
    122, 125, 128,  12,  13,  16,  21,  22,  24,  70,  71,  80,  81,  82,  83,  85,
    117, 125,   1,   3,   4,   9,  27,  44,  45,  47,  50, 156,   1,   3,   7,   9,
     27,  44,  45,  46,  47,  48,  50, 155, 156,   5,   6,  27,  31,  34,  39,  44,
     45,  46,  47,  49,  51,   3,   4,   5,   6,   7,   9,  27,  44,  45,  46,  47,
     50,  51,  52,  55,  57,  58,  59,  60,  61, 156, 157,   1,   3,   4,   9,  27,
     44,  45,  47,  50, 155, 156,  36,   6,   7,  10,  27,  30,  31,  32,  34,  39,
     40,  46,  49,  51,  58,   1,   3,   4,   9,  27,  44,  45,  47,  50, 155, 156,
      1,   3,   4,   7,   9,  27,  44,  45,  46,  47,  48,  50, 155, 156,   1,   3,
      4,   7,   9,  27,  44,  45,  46,  47,  48,  50, 155, 156,  36,   4,   5,   6,
      7,   9,  27,  40,  44,  45,  46,  47,  51,  58, 156, 157,   5,   6,  27,  30,
     31,  32,  34,  39,  40,  46,  49,  51,  58,   4,   5,   7,   9,  27,  30,  31,
     32,  34,  39,  40,  44,  45,  46,  47,  58, 156, 157,   4,   5,   7,   9,  27,
     30,  39,  44,  45,  46,  47,  58, 156, 157,  27,  30,  31,  32,  34,  39,  40,
     46,  49,  51,  58,  27,  30,  31,  32,  33,  34,  39,  40,  42,  43,  49,  50,
     51,  58,  11,  12,  13,  14,  16,  17,  19,  24,  50,  53,  70,  71,  75,  76,
     80,  81,  83,  85, 117, 122, 125, 128,  11,  14,  17,  18,  19,  20,  21,  22,
     23,  24,  53,  69,  71,  72,  73,  74,  75,  76,  77,  78,  82,  84,  85, 119,
    128,  18,  19,  20,  21,  23,  24,  18,  20,  23,  69, 119,  11,  14,  17,  18,
     20,  21,  22,  23,  24,  53,  69,  71,  72,  73,  74,  75,  76,  77,  78,  82,
     83,  84,  85, 119, 122, 128,  11,  12,  13,  14,  16,  17,  18,  19,  20,  21,
     22,  23,  24,  53,   0,   1,   3,   5,   7,   9,  11,  14,  18,  20,  22,  23,
     24,  25,  27,  28,  50,  53,  65,  67, 155, 156, 157,   1,   3,   4,   9,  27,
     44,  45,  47,  50,  66,  68, 155, 156,   7,   9,  27,  50,   1,   3,   4,   7,
      9,  27,  44,  45,  46,  47,  48,  50, 155, 156,   1,   3,   5,   6,   8,   9,
     26,  27,  28,  29,  30,  31,  32,  34,  35,  36,  37,  38,  39,  40,  41,  42,
     43,  50,  55,  56,  57,  59,  60,  61, 156,  36,  48,   1,   4,   9,  44,  45,
    155, 156,  36,  44,  45,  46,  47,  66,  68,  11,  14,  22,  23,  24,  28,  29,
     33,  35,  36,  38,  53,  54,  55,  56,  57,  59,  60,  61,  62,  65,  20,  23,
     62,  67,   1,   2,   4,   5,  10,  25,  27,  49,  50,  51,  70,  72,  75,  80,
     81,  87,  91,  96,  98,  99, 100, 101, 102, 103, 105, 115, 117, 118, 120, 125,
    129, 155,   0,   1,   3,   4,   5,   6,   7,   8,   9,  25,  27,  50,  74,  77,
     82,  83,  85,  92,  93,  99, 100, 102, 105, 115, 116, 120, 122, 127, 129, 130,
      2,   3,   5,   6,   7,   8,   9,  10,  27,  49,  51,  52,  69,  70,  72,  73,
     74,  75,  76,  80,  81,  82,  84,  86,  88,  89,  90,  91,  92,  93,  94,  95,
     96,  97,  98,  99, 100, 101, 102, 103, 104, 105, 106, 107, 108, 109, 110, 112,
    114, 116, 117, 118, 120, 123, 124, 126, 127, 129, 130, 157,   2,   5,   6,   9,
     10,  25,  49,  51,  69,  70,  72,  73,  75,  76,  80,  81,  82,  87,  90,  91,
     92,  94,  96,  98,  99, 100, 101, 102, 103, 105, 108, 114, 117, 118, 119, 120,
    123, 125, 129, 156, 157,   1,   4,  99, 100, 105, 115, 120, 129,   0,   1,   2,
      3,   4,   9,  10,  25,  27,  50,  69,  70,  80,  81,  83,  87,  99, 100, 105,
    108, 111, 112, 113, 114, 115, 116, 117, 120, 121, 122, 125, 129,   2,   4,   5,
      6,   7,   9,  10,  27,  49,  51,  69,  70,  72,  73,  75,  76,  77,  78,  80,
     81,  82,  84,  85,  87,  90,  91,  92,  94,  96,  98,  99, 100, 101, 102, 103,
    105, 106, 107, 108, 109, 110, 114, 115, 117, 118, 120, 122, 123, 125, 126, 128,
    129, 157,   1,   2,   3,   5,   6,   7,   8,   9,  10,  27,  49,  51,  52,  69,
     70,  72,  73,  74,  75,  76,  77,  79,  80,  81,  82,  84,  86,  87,  88,  89,
     90,  91,  94,  95,  96,  97,  98, 101, 104, 107, 108, 109, 110, 112, 114, 117,
    118, 124, 126, 155, 156, 157,   1,   2,   4,   5,   7,  10,  27,  49,  50,  51,
     69,  70,  71,  72,  73,  75,  76,  77,  78,  80,  81,  82,  83,  84,  85,  87,
     90,  91,  92,  94,  96,  98,  99, 100, 101, 102, 103, 105, 106, 107, 110, 115,
    117, 119, 120, 122, 123, 125, 128, 129, 155, 156, 157,   1,   2,   3,   4,   5,
      7,   8,   9,  25,  27,  50,  74,  77,  81,  82,  83,  85,  93, 113, 119, 127,
    130,   1,   3,   4,   5,   7,  27,  49,  50,  51,  70,  72,  73,  75,  76,  77,
     78,  80,  81,  82,  83,  84,  90,  92,  94, 100, 102, 103, 107, 113, 117, 125,
    128, 129,   1,   2,   3,   7,   8,   9,  25,  27,  50,  74,  77,  81,  82,  83,
     85, 113,   1,   2,   3,   4,   9,  10,  25,  27,  50,  74, 101, 103, 119,   0,
      1,   2,   3,   5,   6,   7,   9,  10,  25,  27,  50,  69,  72,  73,  74,  75,
     76,  77,  78,  82,  84,  86,  90,  92,  93,  94, 108, 111, 112, 113, 119, 127,
    128, 130, 155, 156, 157,   0,   2,   3,   5,   7,  25,  27,  50,  51,  72,  73,
     75,  76,  77,  78,  82,  86,  90,  94,  95, 100, 116, 120, 122, 124, 156, 157,
      2,   3,   5,   6,   7,   8,   9,  10,  27,  49,  51,  52,  69,  70,  72,  73,
     74,  75,  76,  80,  81,  82,  84,  86,  88,  89,  90,  91,  92,  93,  94,  95,
     96,  97,  98,  99, 100, 101, 102, 103, 104, 105, 106, 107, 108, 109, 110, 112,
    114, 116, 117, 118, 119, 120, 123, 124, 126, 127, 129, 130, 157,   0,   1,   2,
      3,   5,   7,   9,  10,  25,  27,  50,  69,  72,  73,  74,  75,  76,  77,  78,
     82,  84,  86,  88,  89,  90,  92,  93,  94,  95,  97, 104, 108, 111, 112, 113,
    114, 121, 124, 127, 128, 130, 155, 156, 157,   2,   4,   5,   6,   7,  10,  27,
     49,  51,  69,  70,  75,  80,  81,  82,  87,  90,  91,  92,  94,  96,  98,  99,
    100, 101, 102, 103, 105, 108, 109, 114, 115, 118, 119, 120, 123, 126, 129, 157,
      1,   3,   4,   5,   7,  27,  49,  50,  51,  70,  72,  73,  75,  76,  77,  78,
     80,  81,  82,  83,  84,  90,  92,  94, 100, 102, 103, 107, 113, 117, 125, 128,
    129,   0,   1,   2,   3,   5,   6,   7,   9,  10,  25,  27,  50,  69,  72,  73,
     74,  75,  76,  77,  78,  82,  84,  90,  93,  94, 111, 112, 113, 127, 128, 130,
    155, 156, 157,   1,   3,   4,   9,  27,  50, 100, 120, 156,   0,   1,   2,   4,
      5,   6,   7,   8,  25,  92,  93, 102, 127, 130,   1,   3,   4,   9,  27,  50,
      3,   5,   6,   7,   9,  27,  49,  50,  51,  90,  94,  99, 100, 102, 105, 116,
    120, 123, 129,   1,   3,   7,  27,  50,  90,  92,  94, 100, 101, 102, 103, 129,
      1,   3,   4,   5,   6,   7,   8,   9,  25,  27,  50,  93, 100, 120, 127, 130,
    156,   1,   2,   6,   7,  10,  27,  49,  51,  90,  91,  92,  94,  96,  98, 101,
    102, 107, 109, 118, 126,   1,   3,   4,   9,  27,  50,   2,   6,   7,  10,  27,
     49,  51,  90,  91,  92,  94,  96,  98, 101, 102, 107, 109, 118,   1,   3,   4,
      5,   6,   7,   8,   9,  27,  50,  92,  93, 100, 102, 106, 120, 127, 130, 155,
    156,   1,   2,   3,   4,   5,   6,   7,   8,   9,  25,  27,  50,  92,  93, 100,
    102, 108, 120, 127, 130, 155, 156,   5,   6,  27,  49,  50,  51,  90,  92,  94,
     96,  99, 100, 101, 102, 105, 120,   3,   5,   6,   7,   9,  27,  49,  50,  51,
     90,  94,  99, 100, 102, 105, 116, 120, 123, 129,   3,   5,   7,   9,  27,  50,
     90,  91,  94,  96,  98,  99, 100, 101, 102, 105, 116, 120, 129, 156, 157,   0,
      1,   3,   4,   5,   6,   7,   8,   9,  25,  27,  50,  92,  93,  94, 100, 102,
    106, 108, 127, 129, 130, 155, 156,   2,   6,   9,  10,  27,  49,  50,  51,  90,
     91,  92,  94,  96,  98, 101, 102, 109, 118,   1,   3,   7,  27,  50,  90,  92,
     94, 100, 101, 102, 103, 113, 129,   1,   3,   4,   9,  27,  50,  99, 100, 105,
    120, 129,   1,   3,   4,   5,   6,   7,   8,   9,  27,  50,  92,  93, 100, 102,
    106, 127, 130, 155, 156,   1,   3,   4,   5,   6,   7,   8,   9,  27,  50,  92,
     93, 100, 102, 106, 127, 130, 155, 156,   1,   2,   4,   9,  10,  25,  87, 108,
      1,   2,   6,   9,  10,  25,  27,  49,  50,  51,  91,  96,  98, 101, 109, 118,
      1,   3,   9,  27,  49,  50,   1,   2,   3,   4,   9,  10,  25,  27,  50,  87,
    108,   1,   3,   4,   9,  27,  50,  99, 100, 105, 120, 129,   2,   3,   6,   7,
      8,   9,  10,  27,  50,  51,  52,  69,  70,  73,  74,  75,  76,  77,  78,  80,
     81,  82,  83,  84,  86,  88,  89,  90,  91,  92,  93,  94,  95,  96,  97,  98,
     99, 100, 101, 102, 103, 104, 105, 106, 107, 108, 109, 110, 114, 116, 117, 118,
    120, 123, 124, 126, 127, 128, 129, 130,   4,   5,   6,   7,   9,  27,  51,  52,
     90,  92,  94,  99, 100, 102, 103, 105, 106, 116, 120, 123, 129,   1,   2,   4,
      9, 103,   1,   4,   9,  94,  99, 103, 105, 120, 123,   0,   1,   2,   4,   5,
      6,   8,   9,  25,  69,  71,  72,  73,  74,  75,  77,  78,  82,  83,  84,  85,
     92,  93,  94,  97, 102, 104, 106, 108, 111, 112, 113, 114, 121, 127, 128, 130,
      1,   4,   5,   8,   9,  25,  92,  99, 102, 105, 120,   2,   3,   5,   6,   7,
      8,   9,  10,  27,  49,  51,  52,  69,  70,  75,  79,  80,  82,  86,  87,  88,
     89,  90,  91,  92,  93,  94,  95,  96,  97,  98, 101, 102, 103, 104, 106, 107,
    108, 109, 110, 114, 116, 118, 119, 123, 124, 126, 127, 130, 155, 156, 157,   3,
      4,   5,   7,   9,  27,  50,  90,  91,  94,  96,  98,  99, 100, 102, 105, 116,
    120, 129, 156, 157,   0,   1,   2,   3,   4,   9,  25,  27,  50,  69,  83, 122,
      1,   2,   3,   4,   9,  10,  25,  27,  50,  87, 108,   1,   2,   3,   5,   7,
      9,  25,  27,  50,  74,  77,  78,  82,  84,  86,  95, 111, 112, 113, 124, 126,
    128,   1,   3,   4,   5,   6,   7,   8,   9,  25,  27,  50,  93, 127, 130,   2,
      9,  49,  51,   1,   2,   9, 101, 118,   1,   3,   4,   5,   6,   7,   8,   9,
     25,  27,  50,  93, 127, 130,   0,   1,   2,   3,   5,   6,   7,   9,  10,  25,
     27,  50,  69,  75,  82,  86,  90,  93,  94, 111, 112, 113, 119, 127, 130, 155,
    156, 157,   1,   3,   4,   5,   6,   7,   8,   9,  27,  50,  92,  93, 100, 102,
    106, 120, 127, 130, 155, 156,   2,   4,   5,   7,   8,  25,  27,  50,  81,  85,
     92,  99, 100, 102, 105, 107, 111, 112, 113, 115, 116, 120, 122, 129,   1,   2,
      9,  10,  49,  51,  96, 101, 118, 139, 141, 142, 148, 150, 152, 134, 140, 145,
    148, 151, 132, 138, 139, 141, 142, 144, 148, 132, 135, 138, 140, 141, 143, 144,
    145, 147, 148, 151, 132, 138, 143, 145, 148, 151, 132, 134, 138, 140, 141, 147,
    148, 149, 150, 151, 132, 135, 137, 138, 141, 143, 144, 145, 148, 151, 153, 138,
    141, 144, 145, 147, 148, 132, 133, 138, 140, 141, 145, 147, 148, 152, 153, 141,
    143, 144, 145, 148, 138, 139, 141, 138, 140, 142, 145, 147, 148, 151, 138, 145,
    140, 141, 142, 145, 147, 148, 152, 131, 132, 134, 139, 143, 145, 148, 132, 138,
    140, 141, 144, 145, 147, 148, 151, 153, 132, 138, 141, 143, 145, 148, 151, 134,
    136, 139, 141, 142, 144, 145, 146, 148, 152,  11,  12,  13,  14,  16,  20,  21,
     23,  53,  70,  75,  80,  81, 119,  11,  12,  13,  14,  16,  17,  18,  19,  20,
     21,  22,  23,  24,  53,  69,  70,  75,  80,  81,  82, 119, 154, 158, 159,
};

static const int8_t ubuntu_c15_regularKernSparseValues[] = {
     -19,   -6,   -6,  -30,   -6,    3,    2,   -3,  -32,   -6,  -28,  -18,  -19,  -17,   -6,   -6,
      -7,   -8,   -3,   19,   -7,   -7,   -7,   -4,    3,   -2,    4,    4,    3,   -7,   -3,    6,
      -7,   -7,  -11,    4,   -3,   -5,   -5,   -3,   -3,   -3,   -3,   -3,   -7,   -8,   -4,   -7,
     -10,   -5,   -5,   -7,   -3,   -4,   -6,   -5,   -5,   -5,   -3,   -3,   -7,   -5,   -4,   -4,
      -3,  -10,   -3,   -4,  -15,   -2,   -2,  -29,   -6,  -23,   -2,  -27,  -18,  -15,  -18,   -7,
      -4,   -6,   -4,   -4,    6,   -7,   -7,    7,   -8,    3,  -17,   -6,  -18,  -10,    2,  -19,
       5,    5,  -17,   -7,    6,    4,   -8,   -8,    2,  -28,  -10,  -19,  -24,   -7,   -7,  -12,
      -3,   -7,  -12,   -4,   -3,  -12,    4,   -3,   -5,   -8,  -10,   -5,  -10,   -4,    4,   -7,
      -4,    3,  -12,    4,   -6,  -12,   -6,   -6,  -17,   -6,    7,    8,    5,    5,    8,    2,
     -18,    7,   -6,  -15,  -14,    6,  -12,  -14,    4,   -6,   -6,    5,    5,   -5,    8,   -3,
      -3,   -3,  -20,   -3,   -5,   -3,  -10,  -20,   -3,   -3,   -3,  -10,   -5,   -6,   -2,   -2,
      -6,   -2,   -4,  -11,   -3,   -9,   -6,   -9,  -13,   -8,   -9,  -11,   -2,   -3,   -5,   -6,
     -10,   -6,   -5,  -11,   -7,   -2,   -2,   -9,   -3,   -7,   -4,  -13,   -6,  -19,   -5,  -15,
       6,    4,   -4,    8,   -5,   -5,    7,   -5,    4,  -15,   -2,  -15,   -4,    6,  -19,    5,
      -6,   -3,   -3,   -3,   -4,   -3,   -3,    3,   -4,   -5,   -5,    6,   -4,    4,   -5,   -2,
      -5,    8,   -3,  -12,  -17,  -16,    6,   -3,   -3,   -6,   -3,   -2,   -5,   -3,   -5,   -5,
      -3,   -5,   -6,   -8,   -3,   -5,   -3,   -3,   -6,    5,   -7,    4,   -4,    5,   -5,   -5,
       6,   -5,    2,    4,    4,    3,    4,    2,   -2,   -4,   -4,   -4,   -4,   -4,   -4,   -5,
      -4,   -4,    3,   -4,   -7,  -11,    5,   -4,    3,    4,   -3,   -6,   -3,   -8,   -8,  -10,
      -9,   -3,   -5,   -6,   -3,   -6,   -4,   -4,   -6,  -10,   -4,   -3,  -10,   -3,   -7,  -10,
      -7,   -7,   -5,   -3,   -8,   -4,   -5,   -3,    3,   -4,    4,   -7,   -7,    4,   -7,   -5,
      -4,  -10,   -4,   -4,   -4,   -6,   -4,   -4,   -3,   -5,   -6,   -6,    2,   -6,   -5,   -5,
      -6,    4,   -4,   -3,   -2,   -6,  -16,  -14,   -4,    3,   -4,  -11,   -3,   -3,  -19,   -3,
       3,    4,    5,   -4,  -10,  -12,   -3,   -3,   -3,   -3,   -7,   -3,   -3,   -6,   -9,   -6,
      -5,  -18,   -4,   -6,   -4,  -25,   -2,   -6,   -2,   -4,   -4,   -2,   -2,   -2,   -9,   -2,
      -4,   -4,   -8,   -4,   -5,   -6,   -4,   -3,   -4,   -8,    4,  -11,    4,    3,   -5,    8,
      -8,   -8,    6,   -8,    4,    5,    2,    6,    5,    5,   -6,   -5,   -5,   -5,   -5,   -5,
      -5,    3,   -3,   -3,  -12,    6,   -2,    4,   -5,  -15,    8,    5,   -6,    3,    3,   -3,
       4,  -30,   -2,  -33,    6,  -17,    3,    7,  -11,  -11,    7,  -11,    3,  -28,   -4,  -24,
     -11,    5,  -28,    3,   -8,   -3,   -3,   -3,   -3,   -3,   -3,  -10,   -9,    5,   -5,    2,
      -6,   -4,   -9,    3,    7,  -20,  -29,  -28,    3,   -1,   -2,   -3,   -6,   -3,   -7,   -8,
     -10,   -8,   -3,   -5,   -6,   -2,   -6,   -4,   -4,   -6,  -10,   -4,   -2,  -10,   -3,   -7,
     -10,   -6,   -6,   -4,   -2,   -7,   -3,   -3,   -6,  -22,  -15,  -12,  -23,   -4,   -4,  -10,
      -5,   -5,   -5,   -8,   -5,   -5,   -3,    2,    2,    2,   -6,   -4,  -20,   -4,    2,  -28,
      -3,   -6,   -3,   -8,   -8,   -3,   -5,   -6,   -2,   -6,   -4,   -4,   -6,  -10,   -4,   -2,
      -3,    4,  -10,   -6,   -4,   -2,   -5,   -3,    3,    3,   -3,   -4,    7,   -3,   -3,    5,
      -3,   -2,    5,   -5,    3,   -8,    5,    2,   -4,   -4,   -5,    7,   -4,    3,   -6,    3,
     -18,  -12,  -21,  -20,    5,  -12,  -15,   -6,   -6,  -22,   -6,    6,    6,    4,    4,    7,
      -8,  -11,  -13,  -13,  -13,  -13,  -10,  -13,  -13,  -11,   -8,   -5,  -19,   -4,   -5,   -7,
      -6,  -20,  -18,  -17,    5,    7,  -19,   12,    5,    3,  -17,  -16,  -16,   -2,   -2,  -10,
      -2,   -2,   -4,   -4,   -9,   -4,   -4,   -2,   -5,   -8,   -3,   -5,    3,   -8,    4,  -18,
      -2,  -16,   -5,    6,   -9,  -15,   -4,   -4,  -23,   -1,   -4,    7,    7,    5,    5,    8,
      -7,   -6,  -11,  -11,  -11,  -11,   -7,  -11,  -11,   -4,   -6,   -6,  -10,   -3,  -20,    3,
       8,  -12,   10,    7,    3,   -6,   -6,    5,    6,  -18,    3,   -4,   -9,  -11,   -3,    4,
      -5,   -4,   -4,   -4,  -14,   -4,    5,    5,    3,    2,    6,   -9,   -7,   -5,   -5,   -5,
      -6,   -5,   -5,   -5,   -4,   -5,   -4,   -5,  -12,    4,   -6,    3,   -3,    4,    6,   -9,
      -6,   -6,    3,   -7,    2,   -6,    6,   -6,   -6,    5,   -6,    3,    4,    4,    5,    3,
      -8,   -4,   -4,   -4,   -4,   -4,   -4,   -2,   -3,   -9,    5,   -2,   -6,  -11,    7,   -7,
      -4,    2,  -10,    4,  -16,  -12,  -20,   -9,    6,  -14,  -19,  -10,  -10,  -28,   -2,  -10,
       7,    8,    6,    5,    8,    3,   -6,  -10,  -12,  -12,  -12,  -12,  -10,  -12,  -12,   -5,
      -8,   -4,   -7,   -5,  -18,   -8,  -19,   10,  -19,   10,    8,  -10,   -9,    3,    4,  -19,
      -5,    3,  -14,   -4,    4,   -9,   -9,    4,   -9,   -3,    2,    3,   -4,  -10,   -4,   -4,
      -4,   -6,   -4,   -4,   -3,   -5,   -6,   -6,    2,   -6,   -8,   -4,  -12,    4,    2,   -4,
       3,   -7,  -10,  -10,   -7,  -10,   -6,   -8,   -9,   -7,   -9,   -9,   -6,  -10,   19,   -6,
      -8,  -10,   -5,   -5,   -6,   -7,   -7,    6,   -7,  -10,  -10,   -9,  -11,   -9,  -11,   -6,
      -6,   -4,   -7,   -2,   -2,   -2,   -2,   -2,   -4,   -2,   -2,   -2,   -2,   -2,   -5,   -3,
      -5,   -5,   -6,   -6,   -5,   -7,   -7,   -4,   -3,   -4,   -5,   -6,   -9,   -6,   -5,   -7,
      -7,   -3,   -3,   -4,   -3,   -5,   -5,   -8,   -8,    2,   -8,   -6,   -3,   -4,   -3,    3,
       2,    4,    3,   -5,   -7,    9,    3,  -12,   -8,  -10,    6,    9,    5,    4,    4,    5,
       9,   -5,    2,    7,   10,   -4,   10,    7,   10,    5,  -13,   -9,   -6,   -5,   -6,   -7,
      -4,   -3,   -4,   -5,   -7,   -7,    2,   -6,    3,   -5,   -6,   -6,   -6,   -6,   -7,   -7,
      -6,    5,   -5,   -8,   -6,   -7,   -6,   -5,   -7,   -7,   -4,   -3,   -4,   -5,   -5,   -6,
      -8,   -6,   -5,   -6,   -7,   -7,   -3,   -3,   -4,   -3,   -5,   -5,   -5,   -6,   -8,   -6,
      -5,   -5,   -7,   -7,   -3,   -3,   -4,   -3,   -4,   -5,   -5,   -6,    7,    3,  -13,   -8,
     -11,  -10,   -6,   -3,    5,    5,    4,    5,   -5,   -5,    3,  -12,    3,   -9,   -6,   -3,
      -3,   -2,   -2,   -3,   -3,    4,   -5,   -7,   -3,    2,   -8,   -8,   -9,   -6,   -4,   -3,
      -3,   -3,   -3,   -3,    4,    4,    3,    4,   -4,    3,   -9,    2,   -8,   -7,   -8,   -6,
      -3,   -3,    4,    4,    3,    4,   -3,    3,   -7,   -6,   -5,   -5,   -5,   -5,   -5,   -5,
       4,   -5,   -7,   -6,   -8,   -5,   -5,   -5,   -3,   -5,   -5,   -4,   -3,   -3,   -7,   -5,
      -8,   -4,   -3,   -6,   -7,   -3,   -7,   -5,   -6,   -4,   19,   -3,   -6,   -4,   -3,    6,
      -7,   -7,   -3,   -5,   -8,   -2,   -4,   -2,   -5,   -5,   -4,   -6,   -3,   -6,   -5,   -7,
      -6,   -8,   -5,   -6,   -5,   -4,   -4,   -6,   -5,   -5,   -6,   -6,   -7,   -6,   -4,   -6,
      -6,  -20,   -3,   -7,   -5,  -11,   -3,  -18,   -3,   -8,  -18,   -8,   -5,  -10,   -5,  -21,
     -11,   -5,  -12,  -19,  -10,  -11,  -21,   -6,   -9,   -8,  -13,   -5,   -8,  -14,   -9,  -12,
      -4,  -10,   -6,  -19,   -2,  -10,  -11,   -9,   -9,  -15,   -9,   -7,  -27,  -11,  -11,   -9,
     -17,  -16,  -16,  -17,   -3,   -8,   -9,  -14,  -10,   -8,   -6,  -13,  -11,   -5,  -10,  -10,
     -11,   -4,  -10,   -4,   -6,  -12,  -10,   -6,   -6,   -4,  -14,  -10,   -6,   -8,   -5,   -5,
      -7,   -6,   -7,   -5,   -8,   -5,   -7,   -7,   -5,    4,    3,    3,  -10,   -6,   -5,   -5,
      -7,   -7,   -3,   -3,   -4,   -3,   -4,   -5,   -9,   -9,    4,   14,   -3,   -3,   -3,   11,
      22,   17,   -3,    4,   -3,   -3,   -3,   -3,    2,    2,    4,   -3,   -3,   -3,   -3,    2,
      -3,   17,   17,   23,   26,   26,   26,   21,    5,    5,   -3,  -10,   -5,   -6,   -3,   -3,
      -8,   -8,   -3,   -6,   -5,   -3,   -6,   -8,   -6,   -8,  -15,   -7,   -3,   -4,   -5,   -3,
      -3,   -3,   -3,   -3,  -14,   -3,   -3,   -3,   -3,   -3,   -3,   -3,   -3,   -4,   -4,   -5,
      -3,   -4,   -4,   -5,   -3,    3,   -4,   -4,  -10,   -5,   -5,   -6,   -7,    4,    4,   -7,
      -7,   -4,   -4,   -4,   -4,   -4,   -6,   -4,    2,   -4,   -4,   -4,   -6,   -3,   -6,   -5,
      -4,   -3,   -3,   -9,   -4,   -7,   -3,    4,   -4,   -3,   -3,   -4,  -10,   -6,   -3,   -5,
      -4,   -5,   -5,   -4,   -2,   -8,   -4,   -3,   -8,   -8,   -2,   -4,   -4,   -2,   -7,   -2,
      -6,    3,  -18,  -12,  -21,  -20,    5,  -12,   -8,   -6,  -20,  -18,    6,   -6,  -26,  -16,
       5,  -15,  -15,   -6,   -6,    4,    4,  -23,  -21,  -22,  -27,  -27,  -18,  -19,  -27,  -25,
     -27,  -22,  -27,  -15,  -15,  -19,  -16,  -18,  -22,  -15,  -18,  -26,    7,  -27,  -25,   10,
       7,  -18,   -5,  -29,  -15,  -22,  -23,  -23,  -32,  -15,  -27,  -16,   -6,    5,   -7,    4,
      -4,   -2,   -7,  -11,    4,   -5,    5,    4,    5,    4,   -5,   -5,    3,   -4,    4,   -4,
       4,    5,   -4,   -4,   -8,   -4,   -4,    3,  -11,   -8,    5,    5,   -7,   -2,    4,   -4,
     -12,   -3,   -8,    3,    4,   -3,   -4,  -11,   -4,   -8,   -6,   -4,   -5,   -4,  -18,   -5,
      -5,   -9,   -7,   -3,   -5,  -12,   -9,  -12,   -3,   -3,   -3,   -7,   -3,   -9,   -6,   -8,
      -4,   -5,   -5,   -5,   -4,   -9,   -3,   -3,   -5,   -3,   -5,   -2,   -9,   -4,   -8,    4,
     -11,    4,    3,   -5,   -6,   -5,  -15,    4,   -8,    6,    6,    8,    7,    6,    4,   -8,
      -8,    6,    5,    4,   -6,    7,   -5,    7,    6,   -5,   -5,  -10,  -12,   -6,    7,  -15,
      -6,    5,    5,    5,   -5,    4,    5,   -6,  -10,   -5,  -11,   -9,  -14,   -5,   -3,    4,
     -12,    4,    3,   -8,    4,  -18,   -2,  -16,   -5,    6,   -9,   -7,   -6,  -10,   -3,    7,
      -4,  -19,  -15,    6,  -15,  -15,    4,   -1,   -4,   -4,    5,    5,   -6,   -4,   -4,   -5,
     -15,   -9,  -15,   -7,   -9,   -5,   -9,  -10,   -5,   -7,    8,   -9,   -5,   10,    8,   -5,
      -9,   -6,   -6,    5,    6,  -18,  -19,   -5,  -15,    6,    4,   -4,   -6,   -5,   -2,   -5,
     -15,   -5,    3,    6,    6,    8,    6,    5,    4,   -5,   -5,    6,  -12,    5,    4,   -3,
       6,   -3,    6,    6,   -3,   -3,   -9,   -4,   -3,    6,   -7,   -6,    4,    5,    3,   -6,
      -6,  -19,   -5,   -9,   -4,   -4,    5,   -8,  -17,  -16,    6,   -3,   -3,   -6,   -3,   -2,
      -5,   -3,   -5,   -3,   -8,   -5,   -3,   -5,   -2,   -5,   -4,   -4,   -3,   -2,   -6,   -3,
      -3,   -3,    6,   -4,    4,   10,    6,   -4,    6,   -3,   -4,    6,    5,    6,    5,    4,
       4,   -4,   -6,    4,   -6,    4,    5,    5,    5,    7,    5,   -5,    3,   16,   -6,   -2,
       4,    7,   -3,   -3,   -6,   -3,   -3,   -3,   -3,   -9,   -6,   -2,   -4,   -3,   -3,   -4,
      -3,   -2,   -4,   -3,   -5,   -3,   -3,   -3,   -3,   -8,   -6,   -1,   -2,   -3,   -2,   -3,
      -6,   -3,   -7,   -8,    3,  -10,   -8,   -3,   -2,  -10,   -7,   -6,   -6,   -6,   -8,   -5,
      -5,  -11,   -7,   -6,   -7,   -3,   -6,   -2,   -3,   -7,   -3,   -3,   -3,   -4,  -10,   -3,
      -7,   -3,   -4,   -2,   -7,   -3,   -3,   -6,  -22,  -15,   -4,  -10,   -6,   -4,  -22,  -17,
     -12,  -17,   -7,   -3,   -4,   -5,  -11,  -12,   -3,    2,    3,    2,    3,   -3,    2,  -28,
      -6,    3,  -18,  -12,  -21,  -20,    5,  -12,   -8,   -6,  -20,  -18,    6,   -6,  -16,  -16,
       5,  -15,  -15,   -6,   -6,    4,    4,  -11,  -18,  -18,  -17,  -13,  -17,  -20,  -16,  -18,
     -13,  -10,  -13,  -15,   -5,  -13,   -4,  -18,  -18,  -15,  -19,  -18,    7,  -19,  -19,   10,
       7,  -16,   -5,  -19,    7,   -5,  -16,  -19,  -19,  -32,  -15,  -27,  -16,   -3,   -6,   -3,
      -7,   -8,  -10,   -8,   -3,   -2,  -10,   -7,   -6,  -13,  -14,   -9,   -5,  -13,  -15,  -11,
      -6,  -10,   -4,   -3,   -3,  -10,   -3,   -2,  -10,   -4,   -3,   -3,   -3,   -3,   -3,   -3,
      -3,   -3,   -4,   -2,  -14,   -2,   -4,   -2,   -7,   -6,   -6,    3,   -7,    2,   -6,   -8,
      -6,  -11,    3,   -6,    6,   -6,   -6,    4,   -7,    5,   -4,    5,    5,   -4,   -4,   -7,
      -2,   -4,    5,  -11,   -7,    4,   -5,    4,   -6,   -6,    5,   -3,  -11,   -4,   -8,    2,
      -3,    6,   -4,    4,   10,    6,   -4,    6,   -3,   -4,    6,    5,    6,    5,    4,    4,
      -4,   -6,    4,   -6,    4,    5,    5,    5,    7,    5,   -5,    3,   17,   -6,   -2,    4,
       7,   -3,   -6,   -3,   -7,   -8,    4,  -10,   -8,   -3,   -2,  -10,   -7,   -6,   -5,   -5,
      -8,   -5,   -5,  -11,   -7,   -6,   -7,   -6,   -3,   -6,   -3,   -3,   -3,   -3,   -6,   -3,
      -4,   -2,   -7,   -6,   -6,   -5,   -7,   -7,   -5,   -4,   -4,   -6,   -3,   -6,   -3,   -5,
      -5,    4,   -5,   -4,   -4,   -5,   -4,   -3,   -4,   -4,   -9,   -6,   -3,   -5,   -7,   -4,
      -3,  -19,  -13,  -11,  -12,   -6,   -4,   -3,   -5,  -11,   -9,    5,    5,    4,    5,    6,
       5,    5,    5,   -7,    6,    8,    6,    6,    5,    5,    5,    6,   -3,    5,   -3,    7,
      -6,   -7,   -4,   -3,    4,   -3,   -3,   -7,   -3,   -7,   -5,   -3,   -3,   -3,   -3,   -3,
      -6,   -3,   -4,   -6,    3,   -5,   -6,   -5,   -8,    6,   -6,    6,    5,   -7,   -6,   -7,
       5,    4,   -5,   -6,   -3,   -9,   -6,   -4,   -6,   -8,   -5,   -4,   -6,    3,   -5,   -6,
      -5,   -8,    6,   -6,    6,    5,   -7,   -6,   -7,    5,    4,   -6,   -6,   -8,   -6,   -5,
      -5,    4,   -6,   -4,   -7,   -7,   -5,   -6,   -4,   -3,   -4,   -3,   -3,   -4,   -4,   -5,
      -6,   -8,   -3,   -6,   -5,   -5,    4,   -5,   -4,   -7,   -5,   -7,   -5,   -5,   -4,   -3,
      -4,   -3,   -3,   -4,   -4,   -5,   -6,    2,   -8,   -6,   -5,   -3,   -7,    5,    5,    5,
      -3,    4,    3,   -3,    4,    4,    3,   -3,  -12,   -7,  -11,  -12,   -6,   -4,   -3,   -5,
      -8,   -9,    5,    5,    4,    5,    6,    5,    5,    5,   -3,   -5,   -7,   -8,   -6,   -3,
      -6,   -3,   -7,   -3,   -3,    5,    4,   -3,    3,    5,    4,    4,    5,    3,   -7,   -5,
      -8,   -6,   -5,   -6,    4,   -6,   -5,   -7,   -4,   -7,   -5,   -7,   -5,   -3,   -3,   -4,
      -4,   -3,   -5,   -3,   -5,   -5,   -6,   -3,   -4,   -3,   -3,   -6,   -5,   -3,   -7,    5,
      -5,    5,    5,   -5,   -5,   -5,    4,   -4,   -4,   -7,    6,    8,    6,    6,    5,    5,
       5,    6,   -3,    5,   -3,   20,    7,  -19,   -6,  -12,   -4,   -8,   -4,  -11,   -5,   -8,
      -4,   -5,   -8,   -6,   -5,   -5,    4,   -6,   -4,   -7,   -7,   -5,   -5,   -4,   -3,   -4,
      -3,   -4,   -4,   -5,   -6,   -8,   -6,   -5,   -5,    4,   -6,   -4,   -7,   -7,   -5,   -6,
      -4,   -3,   -4,   -3,   -4,   -4,   -5,   -6,  -14,   -5,   -6,   -7,   -3,   -3,   -3,   -4,
      -3,   -5,   -4,   -3,   -3,   -3,   -8,   -6,   -5,   -7,   -3,   -3,   -3,   -4,   -3,   -3,
      -6,   -6,   -5,   -9,   -3,   -5,  -14,   -4,   -6,   -6,   -7,   -3,   -3,  -10,   -8,   -3,
      -3,  -18,   -6,  -12,   -4,   -8,   -4,  -10,   -5,   -7,   -4,   -5,   -4,    5,  -16,  -17,
     -12,    9,   -9,    6,    6,  -21,  -11,    9,   -5,  -12,    8,  -16,  -12,    5,    5,   -5,
      -7,    6,    4,    8,  -13,  -11,  -12,  -25,  -21,   -8,   -9,  -23,  -15,  -21,  -12,  -21,
      -5,   -5,  -18,   -6,   -8,  -12,   -5,   -9,  -18,   11,  -21,  -15,   11,   -8,   -5,  -21,
      -5,  -12,  -13,  -13,   -9,    4,   -5,   -9,    5,  -19,   -5,  -11,   -8,   -4,   -4,    4,
      -6,    5,   -6,    8,    8,    7,    4,    8,    4,    7,    8,    6,    7,  -10,   -3,   -4,
      -3,   -5,  -23,  -16,   -3,    4,  -12,   -4,   -8,   -7,   -4,   -4,  -14,   -3,   -5,   -8,
       4,   -4,   -8,   -5,  -15,   -5,   -4,   -4,   -8,   -4,   -9,   -5,   -9,   -3,   -5,   -4,
      -7,   -5,   -5,   -2,   -5,   -3,   -5,   -3,   -3,   -3,    6,   -3,   -3,   -5,   -5,   -5,
     -16,   -7,   -3,   -3,   -7,   -3,   -4,   -8,   -3,   -8,   -3,  -10,    4,  -16,  -12,  -20,
      -9,    6,  -14,   -6,   -5,  -18,   -8,    7,  -10,  -19,   -2,  -10,    5,  -10,   -6,   -8,
      -9,  -18,  -12,   -4,   -6,  -18,  -12,  -12,  -10,  -12,  -17,   -4,   -5,   -9,   -5,  -13,
       8,  -16,  -10,    8,   -3,  -16,    8,   -6,  -10,  -10,   -6,   -6,    3,    4,  -19,   -3,
       2,   -8,   -8,   -9,   -6,   -3,   -7,   -3,   -8,   -3,   -4,    5,    4,    3,    5,    5,
       4,    5,    3,   -9,   -3,  -21,   -4,   -4,   -7,   -6,   -4,  -11,   -8,  -20,   -5,   -3,
     -14,   -4,   -6,   -6,   -7,   -3,   -3,  -11,   -8,   -3,   -3,   -4,   -3,   -8,   -5,   -5,
      -5,   -4,  -11,   -7,   -5,   -3,   -3,   -3,   -2,   -5,   -3,   -3,   -3,   -3,   -5,   -4,
      -2,  -11,   -7,   -4,   -3,    4,   -3,   -3,   -8,   -3,   -9,   -6,   -3,   -3,   -3,   -3,
      -3,   -4,   -4,   -6,   -3,   -6,   -3,   -3,  -10,   -7,   -4,   -4,    4,   -3,   -3,   -7,
      -3,   -9,   -6,   -3,   -3,   -3,   -3,   -6,   -3,   -7,   -8,    3,  -10,   -8,   -3,   -2,
     -10,   -7,   -6,   -5,   -6,   -3,   -5,   -3,   -6,   -3,   -3,   -3,  -10,   -3,   -3,   -4,
      -2,   -7,   -8,   -6,   -5,   -5,    4,   -6,   -4,   -7,   -7,   -5,   -5,   -4,   -3,   -4,
      -3,   -3,   -4,   -4,   -5,   -6,   -3,   -5,   -3,   -3,   -3,   -4,  -10,   -3,   -3,   -4,
      -3,   -8,   -5,   -3,   -8,   -3,   -3,   -3,   -3,   -6,   -3,   -5,   -6,   -7,   -5,   -5,
      -4,   -3,   -5,   -6,   -3,   -3,   -3,   -5,   -1,   -1,   -5,   -2,   -5,   -3,   -5,   -8,
      -8,   -6,    1,   -5,   -8,   -3,   -4,   -5,   -6,  -10,   -5,   -5,  -12,   -9,   -6,   -3,
      -8,  -12,   -9,   -9,   -1,   -4,   -2,   -2,   -5,   -3,   -5,   -3,   -5,   -5,   -1,   -3,
      -5,   -5,   -5,   -3,  -15,   -5,   -2,   -2,   -2,   -7,   -2,   -2,   -6,   -5,   -5,   -5,
      -3,   -4,   -4,   -6,   -6,  -10,   -1,   -5,   -7,   -6,   -5,   -9,   -4,    5,   -1,   -5,
      -3,   -5,   -5,   -7,   -4,   -3,   -6,   -1,   -7,   -1,   -1,   -7,   -3,   -3,   -2,   -6,
      -2,   -5,   -2,   -2,   -6,   -1,   -2,   -3,   -6,   -5,   -5,   -6,   -8,   -6,  -10,   -5,
      -4,   -5,   -2,   -3,   -7,   -3,   -5,   -5,   -6,   -1,   -6,   -2,   -3,   -2,   -2,  -11,
     -12,   -3,   -5,   -1,   -8,  -10,  -10,   -6,   -5,  -18,   -5,   -5,  -28,   -5,    5,    4,
       3,  -32,   -5,  -18,   -5,   -5,    3,    6,   -6,   -6,    7,   -7,    4,  -16,   -5,  -18,
      -8,    3,  -18,    5,    5,  -16,   -6,    6,   -7,   -7,    3,  -18,  -10,   -6,   -7,
};

static const EpdLigaturePair ubuntu_c15_regularLigaturePairs[] = {
    { 0x00660066, 0xFB00 }, // f f -> U+FB00
    { 0x00660069, 0xFB01 }, // f i -> U+FB01
    { 0x0066006C, 0xFB02 }, // f l -> U+FB02
    { 0xFB000069, 0xFB03 }, // U+FB00 i -> U+FB03
    { 0xFB00006C, 0xFB04 }, // U+FB00 l -> U+FB04
};

static const EpdFontData ubuntu_c15_regular = {
    ubuntu_c15_regularBitmaps,
    ubuntu_c15_regularGlyphs,
    ubuntu_c15_regularIntervals,
    70,
    17,
    14,
    -3,
    false,
    nullptr,
    0,
    nullptr,
    nullptr,  // kernLeftClasses: built-in fonts use the split arrays below
    nullptr,  // kernRightClasses
    ubuntu_c15_regularKernLeftCodepoints,
    ubuntu_c15_regularKernLeftClassIds,
    ubuntu_c15_regularKernRightCodepoints,
    ubuntu_c15_regularKernRightClassIds,
    nullptr,  // kernMatrix: built-in fonts use the sparse form below
    ubuntu_c15_regularKernRowOffsets,
    ubuntu_c15_regularKernSparseCols,
    ubuntu_c15_regularKernSparseValues,
    440,
    513,
    152,
    160,
    ubuntu_c15_regularLigaturePairs,
    5,
};
